{
  "type": "FeatureCollection",
  "features": [
    {
      "type": "Feature",
      "properties": {
        "route_id": "M101-S-Morning",
        "layer": "T1 Original"
      },
      "geometry": {
        "type": "LineString",
        "coordinates": [
          [
            -73.92788,
            40.85701
          ],
          [
            -73.92793,
            40.85699
          ],
          [
            -73.92813,
            40.85687
          ],
          [
            -73.92827,
            40.8568
          ],
          [
            -73.92827,
            40.8568
          ],
          [
            -73.92831,
            40.85675
          ],
          [
            -73.92833,
            40.85672
          ],
          [
            -73.92837,
            40.85667
          ],
          [
            -73.92841,
            40.85661
          ],
          [
            -73.92851,
            40.85648
          ],
          [
            -73.92853,
            40.85644
          ],
          [
            -73.92862,
            40.85631
          ],
          [
            -73.92867,
            40.85624
          ],
          [
            -73.92872,
            40.85618
          ],
          [
            -73.92876,
            40.85613
          ],
          [
            -73.92913,
            40.85561
          ],
          [
            -73.92918,
            40.85555
          ],
          [
            -73.92921,
            40.85551
          ],
          [
            -73.92936,
            40.8553
          ],
          [
            -73.92959,
            40.85499
          ],
          [
            -73.92964,
            40.85491
          ],
          [
            -73.92964,
            40.85491
          ],
          [
            -73.92952,
            40.85486
          ],
          [
            -73.92836,
            40.85437
          ],
          [
            -73.92829,
            40.85434
          ],
          [
            -73.92825,
            40.85432
          ],
          [
            -73.92816,
            40.85428
          ],
          [
            -73.92694,
            40.85377
          ],
          [
            -73.92684,
            40.85373
          ],
          [
            -73.92681,
            40.85372
          ],
          [
            -73.92681,
            40.85372
          ],
          [
            -73.92686,
            40.85364
          ],
          [
            -73.92702,
            40.85342
          ],
          [
            -73.92702,
            40.85342
          ],
          [
            -73.92702,
            40.85342
          ],
          [
            -73.9272,
            40.85317
          ],
          [
            -73.92724,
            40.85312
          ],
          [
            -73.92728,
            40.85306
          ],
          [
            -73.92739,
            40.85292
          ],
          [
            -73.92749,
            40.85278
          ],
          [
            -73.92766,
            40.85255
          ],
          [
            -73.9277,
            40.8525
          ],
          [
            -73.92774,
            40.85243
          ],
          [
            -73.9279,
            40.85222
          ],
          [
            -73.9279,
            40.85222
          ],
          [
            -73.9279,
            40.85222
          ],
          [
            -73.92811,
            40.85193
          ],
          [
            -73.92816,
            40.85187
          ],
          [
            -73.92821,
            40.8518
          ],
          [
            -73.92825,
            40.85174
          ],
          [
            -73.92841,
            40.85152
          ],
          [
            -73.92862,
            40.85124
          ],
          [
            -73.92865,
            40.85119
          ],
          [
            -73.92871,
            40.85113
          ],
          [
            -73.9289,
            40.85093
          ],
          [
            -73.92914,
            40.8506
          ],
          [
            -73.92914,
            40.8506
          ],
          [
            -73.92914,
            40.8506
          ],
          [
            -73.92916,
            40.85057
          ],
          [
            -73.9292,
            40.85053
          ],
          [
            -73.92925,
            40.85045
          ],
          [
            -73.9296,
            40.84998
          ],
          [
            -73.92962,
            40.84995
          ],
          [
            -73.92964,
            40.84992
          ],
          [
            -73.92971,
            40.84975
          ],
          [
            -73.92974,
            40.84971
          ],
          [
            -73.92976,
            40.84966
          ],
          [
            -73.92985,
            40.84954
          ],
          [
            -73.92985,
            40.84954
          ],
          [
            -73.92985,
            40.84954
          ],
          [
            -73.92996,
            40.84939
          ],
          [
            -73.93002,
            40.84932
          ],
          [
            -73.93004,
            40.84929
          ],
          [
            -73.93008,
            40.84923
          ],
          [
            -73.93031,
            40.84892
          ],
          [
            -73.9304,
            40.8488
          ],
          [
            -73.93043,
            40.84876
          ],
          [
            -73.93047,
            40.8487
          ],
          [
            -73.93051,
            40.84864
          ],
          [
            -73.93062,
            40.8485
          ],
          [
            -73.9307,
            40.84839
          ],
          [
            -73.93079,
            40.84825
          ],
          [
            -73.93082,
            40.84822
          ],
          [
            -73.93082,
            40.84822
          ],
          [
            -73.93082,
            40.84822
          ],
          [
            -73.93088,
            40.84814
          ],
          [
            -73.93096,
            40.84803
          ],
          [
            -73.93111,
            40.84782
          ],
          [
            -73.93117,
            40.84775
          ],
          [
            -73.93117,
            40.84774
          ],
          [
            -73.93135,
            40.84749
          ],
          [
            -73.9314,
            40.84743
          ],
          [
            -73.93144,
            40.84738
          ],
          [
            -73.93162,
            40.84713
          ],
          [
            -73.93181,
            40.84687
          ],
          [
            -73.93185,
            40.84681
          ],
          [
            -73.93189,
            40.84675
          ],
          [
            -73.93208,
            40.8465
          ],
          [
            -73.93228,
            40.84623
          ],
          [
            -73.93233,
            40.84616
          ],
          [
            -73.93238,
            40.84609
          ],
          [
            -73.93255,
            40.84586
          ],
          [
            -73.93255,
            40.84586
          ],
          [
            -73.93255,
            40.84586
          ],
          [
            -73.93275,
            40.84559
          ],
          [
            -73.93278,
            40.84554
          ],
          [
            -73.93283,
            40.84548
          ],
          [
            -73.93284,
            40.84546
          ],
          [
            -73.9332,
            40.84496
          ],
          [
            -73.93324,
            40.84491
          ],
          [
            -73.93328,
            40.84486
          ],
          [
            -73.93365,
            40.84435
          ],
          [
            -73.93372,
            40.84425
          ],
          [
            -73.9338,
            40.84414
          ],
          [
            -73.93398,
            40.84389
          ],
          [
            -73.93405,
            40.8438
          ],
          [
            -73.93405,
            40.8438
          ],
          [
            -73.93405,
            40.8438
          ],
          [
            -73.93416,
            40.84365
          ],
          [
            -73.93421,
            40.84358
          ],
          [
            -73.93425,
            40.84352
          ],
          [
            -73.93442,
            40.8433
          ],
          [
            -73.93462,
            40.84302
          ],
          [
            -73.93468,
            40.84294
          ],
          [
            -73.93473,
            40.84288
          ],
          [
            -73.93488,
            40.84265
          ],
          [
            -73.93503,
            40.84244
          ],
          [
            -73.93509,
            40.84235
          ],
          [
            -73.93512,
            40.8423
          ],
          [
            -73.93516,
            40.84225
          ],
          [
            -73.93533,
            40.84202
          ],
          [
            -73.93533,
            40.84202
          ],
          [
            -73.93533,
            40.84202
          ],
          [
            -73.93538,
            40.84195
          ],
          [
            -73.93553,
            40.84175
          ],
          [
            -73.93557,
            40.8417
          ],
          [
            -73.9356,
            40.84165
          ],
          [
            -73.93565,
            40.84158
          ],
          [
            -73.9358,
            40.84138
          ],
          [
            -73.93598,
            40.84114
          ],
          [
            -73.93601,
            40.84109
          ],
          [
            -73.93604,
            40.84106
          ],
          [
            -73.93608,
            40.84099
          ],
          [
            -73.93631,
            40.84068
          ],
          [
            -73.93634,
            40.84064
          ],
          [
            -73.93634,
            40.84064
          ],
          [
            -73.93634,
            40.84064
          ],
          [
            -73.93642,
            40.84053
          ],
          [
            -73.93646,
            40.84048
          ],
          [
            -73.9365,
            40.84042
          ],
          [
            -73.93667,
            40.84019
          ],
          [
            -73.93678,
            40.84003
          ],
          [
            -73.93685,
            40.83994
          ],
          [
            -73.93691,
            40.83986
          ],
          [
            -73.93696,
            40.8398
          ],
          [
            -73.93716,
            40.83952
          ],
          [
            -73.93716,
            40.83952
          ],
          [
            -73.93716,
            40.83952
          ],
          [
            -73.93717,
            40.83951
          ],
          [
            -73.93721,
            40.83946
          ],
          [
            -73.93734,
            40.8393
          ],
          [
            -73.93735,
            40.83928
          ],
          [
            -73.93736,
            40.83927
          ],
          [
            -73.93739,
            40.83922
          ],
          [
            -73.93753,
            40.83902
          ],
          [
            -73.93756,
            40.83899
          ],
          [
            -73.93773,
            40.83874
          ],
          [
            -73.93775,
            40.83871
          ],
          [
            -73.93777,
            40.83868
          ],
          [
            -73.93783,
            40.83861
          ],
          [
            -73.93791,
            40.83849
          ],
          [
            -73.93805,
            40.8383
          ],
          [
            -73.93818,
            40.83812
          ],
          [
            -73.93827,
            40.838
          ],
          [
            -73.93835,
            40.83788
          ],
          [
            -73.9384,
            40.83782
          ],
          [
            -73.9386,
            40.83758
          ],
          [
            -73.9386,
            40.83758
          ],
          [
            -73.9386,
            40.83758
          ],
          [
            -73.93862,
            40.83755
          ],
          [
            -73.93881,
            40.8373
          ],
          [
            -73.93886,
            40.83724
          ],
          [
            -73.93889,
            40.83719
          ],
          [
            -73.93929,
            40.83664
          ],
          [
            -73.93934,
            40.83658
          ],
          [
            -73.93939,
            40.83651
          ],
          [
            -73.93956,
            40.83628
          ],
          [
            -73.93971,
            40.83607
          ],
          [
            -73.93981,
            40.83593
          ],
          [
            -73.93984,
            40.83589
          ],
          [
            -73.93988,
            40.83582
          ],
          [
            -73.93993,
            40.83576
          ],
          [
            -73.94006,
            40.83556
          ],
          [
            -73.9401,
            40.8355
          ],
          [
            -73.9401,
            40.8355
          ],
          [
            -73.9401,
            40.8355
          ],
          [
            -73.94016,
            40.83542
          ],
          [
            -73.9402,
            40.83536
          ],
          [
            -73.94024,
            40.8353
          ],
          [
            -73.94061,
            40.83479
          ],
          [
            -73.94065,
            40.83473
          ],
          [
            -73.94069,
            40.83467
          ],
          [
            -73.94106,
            40.83417
          ],
          [
            -73.94111,
            40.83411
          ],
          [
            -73.94115,
            40.83406
          ],
          [
            -73.94152,
            40.83355
          ],
          [
            -73.94157,
            40.83348
          ],
          [
            -73.94161,
            40.83343
          ],
          [
            -73.94169,
            40.83332
          ],
          [
            -73.94169,
            40.83332
          ],
          [
            -73.94169,
            40.83332
          ],
          [
            -73.94198,
            40.83292
          ],
          [
            -73.94201,
            40.83288
          ],
          [
            -73.94206,
            40.83281
          ],
          [
            -73.94244,
            40.83229
          ],
          [
            -73.94248,
            40.83223
          ],
          [
            -73.94252,
            40.83218
          ],
          [
            -73.94273,
            40.8319
          ],
          [
            -73.94273,
            40.8319
          ],
          [
            -73.94273,
            40.8319
          ],
          [
            -73.9429,
            40.83166
          ],
          [
            -73.94297,
            40.83157
          ],
          [
            -73.94305,
            40.83146
          ],
          [
            -73.94342,
            40.83095
          ],
          [
            -73.94346,
            40.83089
          ],
          [
            -73.9435,
            40.83084
          ],
          [
            -73.94388,
            40.83032
          ],
          [
            -73.94391,
            40.83027
          ],
          [
            -73.94396,
            40.83021
          ],
          [
            -73.94409,
            40.83003
          ],
          [
            -73.94432,
            40.82972
          ],
          [
            -73.94432,
            40.82972
          ],
          [
            -73.94432,
            40.82972
          ],
          [
            -73.94409,
            40.83003
          ],
          [
            -73.94396,
            40.83021
          ],
          [
            -73.94391,
            40.83027
          ],
          [
            -73.94388,
            40.83032
          ],
          [
            -73.9435,
            40.83084
          ],
          [
            -73.94346,
            40.83089
          ],
          [
            -73.94342,
            40.83095
          ],
          [
            -73.94305,
            40.83146
          ],
          [
            -73.94297,
            40.83157
          ],
          [
            -73.94297,
            40.83157
          ],
          [
            -73.94285,
            40.83152
          ],
          [
            -73.94246,
            40.83135
          ],
          [
            -73.94232,
            40.83129
          ],
          [
            -73.94151,
            40.83095
          ],
          [
            -73.94137,
            40.83089
          ],
          [
            -73.94124,
            40.83084
          ],
          [
            -73.94112,
            40.83078
          ],
          [
            -73.94084,
            40.83066
          ],
          [
            -73.94045,
            40.8305
          ],
          [
            -73.9404,
            40.83048
          ],
          [
            -73.94035,
            40.83046
          ],
          [
            -73.94018,
            40.83039
          ],
          [
            -73.94014,
            40.83037
          ],
          [
            -73.94007,
            40.83034
          ],
          [
            -73.94001,
            40.83032
          ],
          [
            -73.93961,
            40.83016
          ],
          [
            -73.93946,
            40.83009
          ],
          [
            -73.93743,
            40.82924
          ],
          [
            -73.93714,
            40.82911
          ],
          [
            -73.93514,
            40.82826
          ],
          [
            -73.93512,
            40.82825
          ],
          [
            -73.93509,
            40.82824
          ],
          [
            -73.93498,
            40.82819
          ],
          [
            -73.93498,
            40.82819
          ],
          [
            -73.93497,
            40.82814
          ],
          [
            -73.93497,
            40.82812
          ],
          [
            -73.93497,
            40.82809
          ],
          [
            -73.93498,
            40.82806
          ],
          [
            -73.935,
            40.82802
          ],
          [
            -73.93502,
            40.82798
          ],
          [
            -73.93502,
            40.82798
          ],
          [
            -73.93507,
            40.82796
          ],
          [
            -73.93524,
            40.8279
          ],
          [
            -73.93558,
            40.82774
          ],
          [
            -73.93583,
            40.82764
          ],
          [
            -73.93583,
            40.82764
          ],
          [
            -73.93586,
            40.82767
          ],
          [
            -73.93589,
            40.82769
          ],
          [
            -73.93592,
            40.8277
          ],
          [
            -73.93669,
            40.82803
          ],
          [
            -73.93766,
            40.82845
          ],
          [
            -73.93778,
            40.8285
          ],
          [
            -73.93778,
            40.8285
          ],
          [
            -73.93774,
            40.82856
          ],
          [
            -73.93743,
            40.82898
          ],
          [
            -73.93735,
            40.8291
          ],
          [
            -73.93728,
            40.82918
          ],
          [
            -73.93723,
            40.82926
          ],
          [
            -73.93704,
            40.82952
          ],
          [
            -73.93669,
            40.82998
          ],
          [
            -73.93666,
            40.83003
          ],
          [
            -73.93665,
            40.83004
          ],
          [
            -73.93662,
            40.83008
          ],
          [
            -73.93654,
            40.83019
          ],
          [
            -73.93637,
            40.83041
          ],
          [
            -73.93621,
            40.83053
          ],
          [
            -73.93621,
            40.83053
          ],
          [
            -73.93604,
            40.83057
          ],
          [
            -73.93599,
            40.83058
          ],
          [
            -73.93594,
            40.83059
          ],
          [
            -73.93589,
            40.83059
          ],
          [
            -73.93584,
            40.83058
          ],
          [
            -73.93578,
            40.83057
          ],
          [
            -73.93573,
            40.83056
          ],
          [
            -73.93558,
            40.83052
          ],
          [
            -73.93553,
            40.83048
          ],
          [
            -73.93548,
            40.83044
          ],
          [
            -73.93544,
            40.8304
          ],
          [
            -73.93541,
            40.83037
          ],
          [
            -73.93538,
            40.83033
          ],
          [
            -73.93536,
            40.83029
          ],
          [
            -73.93534,
            40.83024
          ],
          [
            -73.93533,
            40.8302
          ],
          [
            -73.9353,
            40.83002
          ],
          [
            -73.93524,
            40.82959
          ],
          [
            -73.93524,
            40.82959
          ],
          [
            -73.93514,
            40.82928
          ],
          [
            -73.93502,
            40.82868
          ],
          [
            -73.93487,
            40.82829
          ],
          [
            -73.93487,
            40.82829
          ],
          [
            -73.93473,
            40.82723
          ],
          [
            -73.9346,
            40.82591
          ],
          [
            -73.93458,
            40.82571
          ],
          [
            -73.93456,
            40.82551
          ],
          [
            -73.93455,
            40.8253
          ],
          [
            -73.93454,
            40.82511
          ],
          [
            -73.93453,
            40.8249
          ],
          [
            -73.93454,
            40.82421
          ],
          [
            -73.93454,
            40.824
          ],
          [
            -73.93454,
            40.8238
          ],
          [
            -73.93453,
            40.82361
          ],
          [
            -73.93446,
            40.8227
          ],
          [
            -73.93445,
            40.82249
          ],
          [
            -73.93444,
            40.8223
          ],
          [
            -73.93445,
            40.82209
          ],
          [
            -73.93447,
            40.82188
          ],
          [
            -73.93449,
            40.82159
          ],
          [
            -73.93451,
            40.82139
          ],
          [
            -73.93452,
            40.82119
          ],
          [
            -73.93452,
            40.82098
          ],
          [
            -73.93451,
            40.82077
          ],
          [
            -73.93448,
            40.82016
          ],
          [
            -73.93447,
            40.81986
          ],
          [
            -73.93446,
            40.81954
          ],
          [
            -73.93444,
            40.81931
          ],
          [
            -73.93441,
            40.81909
          ],
          [
            -73.93436,
            40.81888
          ],
          [
            -73.93424,
            40.81836
          ],
          [
            -73.93419,
            40.81814
          ],
          [
            -73.93415,
            40.81791
          ],
          [
            -73.93413,
            40.81771
          ],
          [
            -73.93412,
            40.81747
          ],
          [
            -73.93412,
            40.81727
          ],
          [
            -73.93414,
            40.81705
          ],
          [
            -73.93439,
            40.81476
          ],
          [
            -73.93443,
            40.81434
          ],
          [
            -73.93449,
            40.81382
          ],
          [
            -73.93451,
            40.81359
          ],
          [
            -73.93453,
            40.81322
          ],
          [
            -73.93461,
            40.81241
          ],
          [
            -73.93463,
            40.81226
          ],
          [
            -73.93465,
            40.81213
          ],
          [
            -73.93467,
            40.81199
          ],
          [
            -73.93471,
            40.81183
          ],
          [
            -73.93474,
            40.81167
          ],
          [
            -73.93499,
            40.81067
          ],
          [
            -73.93502,
            40.81054
          ],
          [
            -73.93504,
            40.81043
          ],
          [
            -73.93506,
            40.81033
          ],
          [
            -73.93507,
            40.81018
          ],
          [
            -73.93508,
            40.81003
          ],
          [
            -73.93507,
            40.80991
          ],
          [
            -73.93506,
            40.80978
          ],
          [
            -73.93504,
            40.80961
          ],
          [
            -73.93501,
            40.80947
          ],
          [
            -73.935,
            40.80941
          ],
          [
            -73.93499,
            40.80935
          ],
          [
            -73.93493,
            40.80913
          ],
          [
            -73.93486,
            40.80892
          ],
          [
            -73.93478,
            40.80872
          ],
          [
            -73.9347,
            40.80851
          ],
          [
            -73.93459,
            40.80829
          ],
          [
            -73.93449,
            40.8081
          ],
          [
            -73.93437,
            40.8079
          ],
          [
            -73.93431,
            40.80779
          ],
          [
            -73.93419,
            40.8076
          ],
          [
            -73.93405,
            40.8074
          ],
          [
            -73.93385,
            40.80713
          ],
          [
            -73.93366,
            40.80691
          ],
          [
            -73.93338,
            40.80657
          ],
          [
            -73.93269,
            40.80586
          ],
          [
            -73.93215,
            40.80531
          ],
          [
            -73.93202,
            40.80518
          ],
          [
            -73.93193,
            40.80508
          ],
          [
            -73.93181,
            40.80496
          ],
          [
            -73.9317,
            40.80485
          ],
          [
            -73.9316,
            40.80473
          ],
          [
            -73.9315,
            40.80461
          ],
          [
            -73.93139,
            40.80448
          ],
          [
            -73.93128,
            40.80434
          ],
          [
            -73.93118,
            40.8042
          ],
          [
            -73.93109,
            40.80408
          ],
          [
            -73.93101,
            40.80395
          ],
          [
            -73.93092,
            40.80382
          ],
          [
            -73.93086,
            40.8037
          ],
          [
            -73.93079,
            40.80359
          ],
          [
            -73.93071,
            40.80343
          ],
          [
            -73.93066,
            40.80333
          ],
          [
            -73.93056,
            40.80311
          ],
          [
            -73.9305,
            40.80297
          ],
          [
            -73.93044,
            40.80282
          ],
          [
            -73.93037,
            40.80256
          ],
          [
            -73.93031,
            40.80237
          ],
          [
            -73.93021,
            40.80187
          ],
          [
            -73.93018,
            40.80168
          ],
          [
            -73.93008,
            40.80138
          ],
          [
            -73.92996,
            40.80097
          ],
          [
            -73.92993,
            40.8008
          ],
          [
            -73.9299,
            40.80065
          ],
          [
            -73.92989,
            40.80049
          ],
          [
            -73.92989,
            40.80031
          ],
          [
            -73.92989,
            40.80016
          ],
          [
            -73.92989,
            40.79961
          ],
          [
            -73.92988,
            40.7995
          ],
          [
            -73.92988,
            40.7994
          ],
          [
            -73.92986,
            40.79929
          ],
          [
            -73.92983,
            40.79919
          ],
          [
            -73.92979,
            40.79907
          ],
          [
            -73.92975,
            40.79896
          ],
          [
            -73.92969,
            40.79879
          ],
          [
            -73.92965,
            40.79867
          ],
          [
            -73.92961,
            40.79854
          ],
          [
            -73.92956,
            40.79837
          ],
          [
            -73.92946,
            40.79795
          ],
          [
            -73.92942,
            40.7978
          ],
          [
            -73.92939,
            40.79766
          ],
          [
            -73.92937,
            40.7975
          ],
          [
            -73.92933,
            40.79717
          ],
          [
            -73.92933,
            40.79717
          ],
          [
            -73.92933,
            40.79709
          ],
          [
            -73.92935,
            40.79693
          ],
          [
            -73.92938,
            40.79672
          ],
          [
            -73.92943,
            40.79651
          ],
          [
            -73.92948,
            40.79629
          ],
          [
            -73.92955,
            40.79609
          ],
          [
            -73.92963,
            40.79589
          ],
          [
            -73.92968,
            40.79578
          ],
          [
            -73.92979,
            40.79559
          ],
          [
            -73.92991,
            40.79541
          ],
          [
            -73.93006,
            40.79521
          ],
          [
            -73.93013,
            40.79511
          ],
          [
            -73.9302,
            40.79503
          ],
          [
            -73.93028,
            40.79494
          ],
          [
            -73.93037,
            40.79486
          ],
          [
            -73.93046,
            40.79478
          ],
          [
            -73.93056,
            40.79471
          ],
          [
            -73.93067,
            40.79463
          ],
          [
            -73.93078,
            40.79457
          ],
          [
            -73.93228,
            40.79376
          ],
          [
            -73.93287,
            40.79344
          ],
          [
            -73.93309,
            40.79331
          ],
          [
            -73.93332,
            40.79318
          ],
          [
            -73.93355,
            40.79305
          ],
          [
            -73.93377,
            40.79291
          ],
          [
            -73.93399,
            40.79277
          ],
          [
            -73.93421,
            40.79263
          ],
          [
            -73.93442,
            40.79248
          ],
          [
            -73.93526,
            40.7919
          ],
          [
            -73.93546,
            40.79175
          ],
          [
            -73.93555,
            40.79168
          ],
          [
            -73.93565,
            40.7916
          ],
          [
            -73.93576,
            40.79151
          ],
          [
            -73.93586,
            40.79142
          ],
          [
            -73.93595,
            40.79133
          ],
          [
            -73.93603,
            40.79125
          ],
          [
            -73.93611,
            40.79116
          ],
          [
            -73.93619,
            40.79108
          ],
          [
            -73.93626,
            40.79099
          ],
          [
            -73.93633,
            40.7909
          ],
          [
            -73.93673,
            40.79041
          ],
          [
            -73.93719,
            40.78978
          ],
          [
            -73.93727,
            40.78967
          ],
          [
            -73.93733,
            40.78957
          ],
          [
            -73.93738,
            40.78947
          ],
          [
            -73.93743,
            40.78937
          ],
          [
            -73.93748,
            40.78927
          ],
          [
            -73.93811,
            40.78784
          ],
          [
            -73.93817,
            40.78773
          ],
          [
            -73.93822,
            40.78763
          ],
          [
            -73.93828,
            40.78754
          ],
          [
            -73.93834,
            40.78744
          ],
          [
            -73.93841,
            40.78735
          ],
          [
            -73.93848,
            40.78726
          ],
          [
            -73.93856,
            40.78716
          ],
          [
            -73.9389,
            40.78678
          ],
          [
            -73.93957,
            40.786
          ],
          [
            -73.93966,
            40.78591
          ],
          [
            -73.93974,
            40.78582
          ],
          [
            -73.93982,
            40.78574
          ],
          [
            -73.93991,
            40.78565
          ],
          [
            -73.94,
            40.78556
          ],
          [
            -73.94009,
            40.78549
          ],
          [
            -73.94019,
            40.78541
          ],
          [
            -73.9403,
            40.78533
          ],
          [
            -73.94041,
            40.78526
          ],
          [
            -73.94052,
            40.7852
          ],
          [
            -73.94075,
            40.78508
          ],
          [
            -73.94182,
            40.78455
          ],
          [
            -73.94229,
            40.78431
          ],
          [
            -73.94253,
            40.78419
          ],
          [
            -73.94265,
            40.78412
          ],
          [
            -73.94276,
            40.78406
          ],
          [
            -73.94288,
            40.784
          ],
          [
            -73.94298,
            40.78393
          ],
          [
            -73.94309,
            40.78385
          ],
          [
            -73.9432,
            40.78378
          ],
          [
            -73.9433,
            40.7837
          ],
          [
            -73.94339,
            40.78362
          ],
          [
            -73.94348,
            40.78353
          ],
          [
            -73.94357,
            40.78345
          ],
          [
            -73.94364,
            40.78336
          ],
          [
            -73.94372,
            40.78327
          ],
          [
            -73.9438,
            40.78317
          ],
          [
            -73.94386,
            40.78307
          ],
          [
            -73.94393,
            40.78298
          ],
          [
            -73.94398,
            40.78289
          ],
          [
            -73.94403,
            40.78279
          ],
          [
            -73.94408,
            40.78268
          ],
          [
            -73.94413,
            40.78258
          ],
          [
            -73.94416,
            40.78248
          ],
          [
            -73.9442,
            40.78236
          ],
          [
            -73.94422,
            40.78226
          ],
          [
            -73.94425,
            40.78216
          ],
          [
            -73.94426,
            40.78205
          ],
          [
            -73.94427,
            40.78196
          ],
          [
            -73.94428,
            40.78186
          ],
          [
            -73.94428,
            40.78175
          ],
          [
            -73.94428,
            40.78163
          ],
          [
            -73.94427,
            40.78152
          ],
          [
            -73.94425,
            40.78142
          ],
          [
            -73.94423,
            40.78131
          ],
          [
            -73.94403,
            40.78046
          ],
          [
            -73.94396,
            40.78024
          ],
          [
            -73.9439,
            40.78004
          ],
          [
            -73.94382,
            40.77983
          ],
          [
            -73.94373,
            40.77963
          ],
          [
            -73.94354,
            40.77922
          ],
          [
            -73.94316,
            40.77838
          ],
          [
            -73.94307,
            40.77818
          ],
          [
            -73.94299,
            40.77798
          ],
          [
            -73.94292,
            40.77777
          ],
          [
            -73.94269,
            40.77703
          ],
          [
            -73.94266,
            40.77692
          ],
          [
            -73.94262,
            40.77678
          ],
          [
            -73.9426,
            40.77666
          ],
          [
            -73.94258,
            40.77656
          ],
          [
            -73.94256,
            40.77638
          ],
          [
            -73.94255,
            40.77618
          ],
          [
            -73.94254,
            40.77596
          ],
          [
            -73.94256,
            40.77582
          ],
          [
            -73.94258,
            40.77569
          ],
          [
            -73.94262,
            40.77558
          ],
          [
            -73.94266,
            40.77544
          ],
          [
            -73.94272,
            40.77531
          ],
          [
            -73.94277,
            40.7752
          ],
          [
            -73.94285,
            40.77506
          ],
          [
            -73.94292,
            40.77494
          ],
          [
            -73.94301,
            40.77481
          ],
          [
            -73.94313,
            40.77466
          ],
          [
            -73.94333,
            40.77442
          ],
          [
            -73.94425,
            40.77339
          ],
          [
            -73.94439,
            40.77323
          ],
          [
            -73.94453,
            40.77308
          ],
          [
            -73.94465,
            40.77296
          ],
          [
            -73.94477,
            40.77281
          ],
          [
            -73.9449,
            40.77268
          ],
          [
            -73.94512,
            40.77248
          ],
          [
            -73.94542,
            40.77226
          ],
          [
            -73.9457,
            40.77205
          ],
          [
            -73.9459,
            40.77191
          ],
          [
            -73.94608,
            40.77179
          ],
          [
            -73.9463,
            40.77166
          ],
          [
            -73.94649,
            40.77149
          ],
          [
            -73.94659,
            40.77141
          ],
          [
            -73.94669,
            40.77132
          ],
          [
            -73.94677,
            40.77123
          ],
          [
            -73.94736,
            40.7706
          ],
          [
            -73.94752,
            40.77042
          ],
          [
            -73.94769,
            40.77024
          ],
          [
            -73.94787,
            40.77007
          ],
          [
            -73.94805,
            40.76989
          ],
          [
            -73.94839,
            40.76953
          ],
          [
            -73.94856,
            40.76934
          ],
          [
            -73.94872,
            40.76915
          ],
          [
            -73.94889,
            40.76897
          ],
          [
            -73.94913,
            40.7687
          ],
          [
            -73.94928,
            40.76852
          ],
          [
            -73.94958,
            40.76813
          ],
          [
            -73.94972,
            40.76794
          ],
          [
            -73.94988,
            40.76775
          ],
          [
            -73.95015,
            40.76745
          ],
          [
            -73.95017,
            40.76743
          ],
          [
            -73.95027,
            40.76732
          ],
          [
            -73.95044,
            40.76713
          ],
          [
            -73.95052,
            40.76704
          ],
          [
            -73.95059,
            40.76696
          ],
          [
            -73.9507,
            40.7668
          ],
          [
            -73.95076,
            40.76672
          ],
          [
            -73.95085,
            40.76658
          ],
          [
            -73.95097,
            40.76643
          ],
          [
            -73.95148,
            40.76585
          ],
          [
            -73.95173,
            40.76558
          ],
          [
            -73.95201,
            40.76527
          ],
          [
            -73.95211,
            40.76516
          ],
          [
            -73.95318,
            40.76394
          ],
          [
            -73.95364,
            40.76347
          ],
          [
            -73.95375,
            40.76335
          ],
          [
            -73.95424,
            40.7628
          ],
          [
            -73.95442,
            40.76261
          ],
          [
            -73.95458,
            40.76245
          ],
          [
            -73.95479,
            40.76227
          ],
          [
            -73.95569,
            40.76145
          ],
          [
            -73.95595,
            40.76123
          ],
          [
            -73.95611,
            40.7611
          ],
          [
            -73.95611,
            40.7611
          ],
          [
            -73.95642,
            40.76098
          ],
          [
            -73.95676,
            40.76085
          ],
          [
            -73.95678,
            40.76084
          ],
          [
            -73.95681,
            40.76083
          ],
          [
            -73.95684,
            40.76083
          ],
          [
            -73.95687,
            40.76083
          ],
          [
            -73.95689,
            40.76084
          ],
          [
            -73.95692,
            40.76085
          ],
          [
            -73.95695,
            40.76086
          ],
          [
            -73.95726,
            40.76098
          ],
          [
            -73.95772,
            40.76117
          ],
          [
            -73.9579,
            40.76118
          ],
          [
            -73.9579,
            40.76118
          ],
          [
            -73.95803,
            40.76123
          ],
          [
            -73.96001,
            40.76207
          ],
          [
            -73.96013,
            40.76212
          ],
          [
            -73.96028,
            40.76218
          ],
          [
            -73.96066,
            40.76234
          ],
          [
            -73.96147,
            40.76268
          ],
          [
            -73.96156,
            40.76272
          ],
          [
            -73.9624,
            40.76306
          ],
          [
            -73.96252,
            40.76311
          ],
          [
            -73.96265,
            40.76317
          ],
          [
            -73.96463,
            40.764
          ],
          [
            -73.96476,
            40.76406
          ],
          [
            -73.9649,
            40.76412
          ],
          [
            -73.96626,
            40.7647
          ],
          [
            -73.96636,
            40.76474
          ],
          [
            -73.96636,
            40.76474
          ],
          [
            -73.9664,
            40.76468
          ],
          [
            -73.96678,
            40.76417
          ],
          [
            -73.96682,
            40.76411
          ],
          [
            -73.96686,
            40.76405
          ],
          [
            -73.96705,
            40.7638
          ],
          [
            -73.96705,
            40.7638
          ],
          [
            -73.96705,
            40.7638
          ],
          [
            -73.96723,
            40.76354
          ],
          [
            -73.96727,
            40.76349
          ],
          [
            -73.96732,
            40.76342
          ],
          [
            -73.96745,
            40.76324
          ],
          [
            -73.96768,
            40.76292
          ],
          [
            -73.96772,
            40.76287
          ],
          [
            -73.96777,
            40.7628
          ],
          [
            -73.96796,
            40.76256
          ],
          [
            -73.96815,
            40.76229
          ],
          [
            -73.96819,
            40.76223
          ],
          [
            -73.96823,
            40.76217
          ],
          [
            -73.96844,
            40.76188
          ],
          [
            -73.9686,
            40.76167
          ],
          [
            -73.96864,
            40.76161
          ],
          [
            -73.96869,
            40.76154
          ],
          [
            -73.96906,
            40.76103
          ],
          [
            -73.96913,
            40.76093
          ],
          [
            -73.96913,
            40.76093
          ],
          [
            -73.96924,
            40.76098
          ],
          [
            -73.96951,
            40.76109
          ],
          [
            -73.96989,
            40.76125
          ],
          [
            -73.9705,
            40.7615
          ],
          [
            -73.97055,
            40.76153
          ],
          [
            -73.97067,
            40.76158
          ],
          [
            -73.97085,
            40.76165
          ],
          [
            -73.97096,
            40.7617
          ],
          [
            -73.97102,
            40.76172
          ],
          [
            -73.97106,
            40.76174
          ],
          [
            -73.97225,
            40.76225
          ],
          [
            -73.97237,
            40.7623
          ],
          [
            -73.97247,
            40.76234
          ],
          [
            -73.97314,
            40.76262
          ],
          [
            -73.97385,
            40.76292
          ],
          [
            -73.97397,
            40.76297
          ],
          [
            -73.9741,
            40.76303
          ],
          [
            -73.97565,
            40.76367
          ],
          [
            -73.97613,
            40.76388
          ],
          [
            -73.97615,
            40.76388
          ],
          [
            -73.97706,
            40.76427
          ],
          [
            -73.9772,
            40.76432
          ],
          [
            -73.97734,
            40.76438
          ],
          [
            -73.97763,
            40.76451
          ],
          [
            -73.97891,
            40.76505
          ],
          [
            -73.9799,
            40.76546
          ],
          [
            -73.98004,
            40.76552
          ],
          [
            -73.98015,
            40.76557
          ],
          [
            -73.98032,
            40.76564
          ],
          [
            -73.98048,
            40.76571
          ],
          [
            -73.98088,
            40.76588
          ],
          [
            -73.98173,
            40.76624
          ],
          [
            -73.98189,
            40.7663
          ],
          [
            -73.98199,
            40.76634
          ],
          [
            -73.98274,
            40.76666
          ],
          [
            -73.98287,
            40.76672
          ],
          [
            -73.98302,
            40.76678
          ],
          [
            -73.98372,
            40.76707
          ],
          [
            -73.98378,
            40.7671
          ],
          [
            -73.98416,
            40.76726
          ],
          [
            -73.98422,
            40.76728
          ],
          [
            -73.98441,
            40.76736
          ],
          [
            -73.98559,
            40.76786
          ],
          [
            -73.98564,
            40.76788
          ],
          [
            -73.98572,
            40.76792
          ],
          [
            -73.98586,
            40.76797
          ],
          [
            -73.98803,
            40.76889
          ],
          [
            -73.98844,
            40.76907
          ],
          [
            -73.98856,
            40.76912
          ],
          [
            -73.98869,
            40.76917
          ],
          [
            -73.98897,
            40.76929
          ],
          [
            -73.9891,
            40.76935
          ],
          [
            -73.99034,
            40.76987
          ],
          [
            -73.99078,
            40.77006
          ],
          [
            -73.99126,
            40.77026
          ],
          [
            -73.99139,
            40.77032
          ],
          [
            -73.99154,
            40.77038
          ],
          [
            -73.99208,
            40.7706
          ],
          [
            -73.99243,
            40.77075
          ],
          [
            -73.99325,
            40.77109
          ],
          [
            -73.99357,
            40.77123
          ],
          [
            -73.9938,
            40.77138
          ],
          [
            -73.994,
            40.77146
          ],
          [
            -73.99405,
            40.77148
          ],
          [
            -73.99421,
            40.77153
          ],
          [
            -73.99421,
            40.77153
          ],
          [
            -73.99418,
            40.7716
          ],
          [
            -73.99417,
            40.77162
          ],
          [
            -73.99414,
            40.77167
          ],
          [
            -73.99412,
            40.77171
          ],
          [
            -73.9941,
            40.77175
          ],
          [
            -73.99408,
            40.77179
          ],
          [
            -73.99406,
            40.77182
          ],
          [
            -73.99405,
            40.77183
          ],
          [
            -73.99403,
            40.77186
          ],
          [
            -73.99402,
            40.77189
          ],
          [
            -73.994,
            40.77192
          ],
          [
            -73.99385,
            40.77212
          ],
          [
            -73.99334,
            40.77281
          ],
          [
            -73.9932,
            40.773
          ],
          [
            -73.99216,
            40.77456
          ],
          [
            -73.99198,
            40.77483
          ],
          [
            -73.99181,
            40.77507
          ],
          [
            -73.98837,
            40.77979
          ],
          [
            -73.98822,
            40.77999
          ],
          [
            -73.98808,
            40.78017
          ],
          [
            -73.98793,
            40.78036
          ],
          [
            -73.98777,
            40.78055
          ],
          [
            -73.9876,
            40.78073
          ],
          [
            -73.98743,
            40.78092
          ],
          [
            -73.9872,
            40.78116
          ],
          [
            -73.98708,
            40.78128
          ],
          [
            -73.98699,
            40.78136
          ],
          [
            -73.98691,
            40.78144
          ],
          [
            -73.98685,
            40.78151
          ],
          [
            -73.98673,
            40.78163
          ],
          [
            -73.98673,
            40.78163
          ],
          [
            -73.98665,
            40.78172
          ],
          [
            -73.98658,
            40.78182
          ],
          [
            -73.98533,
            40.78353
          ],
          [
            -73.9842,
            40.78512
          ],
          [
            -73.984,
            40.78544
          ],
          [
            -73.98388,
            40.7856
          ],
          [
            -73.98369,
            40.78588
          ],
          [
            -73.9836,
            40.78603
          ],
          [
            -73.98352,
            40.78619
          ],
          [
            -73.98343,
            40.78635
          ],
          [
            -73.98335,
            40.7865
          ],
          [
            -73.98327,
            40.78668
          ],
          [
            -73.98319,
            40.78686
          ],
          [
            -73.98311,
            40.78705
          ],
          [
            -73.98302,
            40.78729
          ],
          [
            -73.98295,
            40.78749
          ],
          [
            -73.98276,
            40.788
          ],
          [
            -73.98266,
            40.78826
          ],
          [
            -73.98259,
            40.78841
          ],
          [
            -73.98251,
            40.7886
          ],
          [
            -73.98243,
            40.78879
          ],
          [
            -73.98237,
            40.78893
          ],
          [
            -73.98228,
            40.78912
          ],
          [
            -73.98219,
            40.7893
          ],
          [
            -73.98211,
            40.78946
          ],
          [
            -73.98202,
            40.78963
          ],
          [
            -73.98193,
            40.78981
          ],
          [
            -73.98183,
            40.78998
          ],
          [
            -73.98174,
            40.79015
          ],
          [
            -73.98164,
            40.79032
          ],
          [
            -73.98155,
            40.79047
          ],
          [
            -73.98145,
            40.79065
          ],
          [
            -73.98129,
            40.7909
          ],
          [
            -73.98112,
            40.79115
          ],
          [
            -73.98096,
            40.79139
          ],
          [
            -73.98078,
            40.79164
          ],
          [
            -73.98061,
            40.79187
          ],
          [
            -73.98044,
            40.7921
          ],
          [
            -73.98031,
            40.79228
          ],
          [
            -73.98019,
            40.79244
          ],
          [
            -73.98008,
            40.79258
          ],
          [
            -73.97995,
            40.79274
          ],
          [
            -73.97981,
            40.7929
          ],
          [
            -73.97969,
            40.79304
          ],
          [
            -73.97956,
            40.79319
          ],
          [
            -73.97943,
            40.79333
          ],
          [
            -73.97926,
            40.79351
          ],
          [
            -73.97912,
            40.79366
          ],
          [
            -73.97897,
            40.79381
          ],
          [
            -73.97882,
            40.79395
          ],
          [
            -73.97867,
            40.79409
          ],
          [
            -73.97847,
            40.79427
          ],
          [
            -73.97836,
            40.79436
          ],
          [
            -73.97818,
            40.79451
          ],
          [
            -73.97802,
            40.79465
          ],
          [
            -73.97784,
            40.79479
          ],
          [
            -73.97737,
            40.79517
          ],
          [
            -73.9772,
            40.79531
          ],
          [
            -73.977,
            40.79545
          ],
          [
            -73.97673,
            40.79569
          ],
          [
            -73.97655,
            40.79585
          ],
          [
            -73.9764,
            40.796
          ],
          [
            -73.97622,
            40.79619
          ],
          [
            -73.97608,
            40.79636
          ],
          [
            -73.97601,
            40.79646
          ],
          [
            -73.97595,
            40.79656
          ],
          [
            -73.97589,
            40.79665
          ],
          [
            -73.97583,
            40.79677
          ],
          [
            -73.97578,
            40.79686
          ],
          [
            -73.97573,
            40.79697
          ],
          [
            -73.97561,
            40.79722
          ],
          [
            -73.97553,
            40.79739
          ],
          [
            -73.97504,
            40.79886
          ],
          [
            -73.97489,
            40.79929
          ],
          [
            -73.97483,
            40.79946
          ],
          [
            -73.97475,
            40.79966
          ],
          [
            -73.97466,
            40.79986
          ],
          [
            -73.97456,
            40.80006
          ],
          [
            -73.97447,
            40.80025
          ],
          [
            -73.97436,
            40.80045
          ],
          [
            -73.97425,
            40.80064
          ],
          [
            -73.97414,
            40.80083
          ],
          [
            -73.97402,
            40.80102
          ],
          [
            -73.97364,
            40.80161
          ],
          [
            -73.97358,
            40.8017
          ],
          [
            -73.97347,
            40.80186
          ],
          [
            -73.97337,
            40.80201
          ],
          [
            -73.97325,
            40.80218
          ],
          [
            -73.97313,
            40.80234
          ],
          [
            -73.97303,
            40.8025
          ],
          [
            -73.97292,
            40.80265
          ],
          [
            -73.97281,
            40.80281
          ],
          [
            -73.97269,
            40.80297
          ],
          [
            -73.97258,
            40.80313
          ],
          [
            -73.97245,
            40.8033
          ],
          [
            -73.97234,
            40.80347
          ],
          [
            -73.97222,
            40.80362
          ],
          [
            -73.97212,
            40.80377
          ],
          [
            -73.97199,
            40.80394
          ],
          [
            -73.97187,
            40.80411
          ],
          [
            -73.97174,
            40.80427
          ],
          [
            -73.97161,
            40.80444
          ],
          [
            -73.97149,
            40.8046
          ],
          [
            -73.97138,
            40.80475
          ],
          [
            -73.97126,
            40.80491
          ],
          [
            -73.97113,
            40.80507
          ],
          [
            -73.97102,
            40.80521
          ],
          [
            -73.97089,
            40.80538
          ],
          [
            -73.97077,
            40.80553
          ],
          [
            -73.97063,
            40.8057
          ],
          [
            -73.97052,
            40.80585
          ],
          [
            -73.9704,
            40.806
          ],
          [
            -73.97027,
            40.80616
          ],
          [
            -73.97013,
            40.80635
          ],
          [
            -73.97002,
            40.80649
          ],
          [
            -73.9699,
            40.80665
          ],
          [
            -73.96977,
            40.8068
          ],
          [
            -73.96965,
            40.80696
          ],
          [
            -73.96953,
            40.80712
          ],
          [
            -73.96941,
            40.80728
          ],
          [
            -73.96929,
            40.80745
          ],
          [
            -73.96917,
            40.8076
          ],
          [
            -73.96906,
            40.80776
          ],
          [
            -73.96888,
            40.80801
          ],
          [
            -73.96877,
            40.80817
          ],
          [
            -73.96866,
            40.80833
          ],
          [
            -73.96855,
            40.8085
          ],
          [
            -73.96843,
            40.80866
          ],
          [
            -73.96833,
            40.80883
          ],
          [
            -73.96822,
            40.80899
          ],
          [
            -73.96811,
            40.80916
          ],
          [
            -73.96744,
            40.81022
          ],
          [
            -73.96733,
            40.8104
          ],
          [
            -73.96722,
            40.81056
          ],
          [
            -73.96722,
            40.81056
          ],
          [
            -73.96686,
            40.811
          ],
          [
            -73.96648,
            40.81143
          ],
          [
            -73.96548,
            40.81261
          ],
          [
            -73.96486,
            40.81332
          ],
          [
            -73.96439,
            40.8139
          ],
          [
            -73.96389,
            40.81459
          ],
          [
            -73.96333,
            40.81543
          ],
          [
            -73.96319,
            40.81564
          ],
          [
            -73.96304,
            40.81583
          ],
          [
            -73.96292,
            40.816
          ],
          [
            -73.9628,
            40.81615
          ],
          [
            -73.96267,
            40.8163
          ],
          [
            -73.96254,
            40.81644
          ],
          [
            -73.96203,
            40.81693
          ],
          [
            -73.96171,
            40.81722
          ],
          [
            -73.96163,
            40.81728
          ],
          [
            -73.96155,
            40.81735
          ],
          [
            -73.96146,
            40.81742
          ],
          [
            -73.9614,
            40.81746
          ],
          [
            -73.96132,
            40.81751
          ],
          [
            -73.96123,
            40.81756
          ],
          [
            -73.9611,
            40.81762
          ],
          [
            -73.96102,
            40.81766
          ],
          [
            -73.96102,
            40.81766
          ],
          [
            -73.96072,
            40.81754
          ],
          [
            -73.96056,
            40.81747
          ],
          [
            -73.95976,
            40.81714
          ],
          [
            -73.95953,
            40.81705
          ],
          [
            -73.95953,
            40.81705
          ],
          [
            -73.95952,
            40.81703
          ],
          [
            -73.95949,
            40.81701
          ],
          [
            -73.95868,
            40.81613
          ],
          [
            -73.95855,
            40.81598
          ],
          [
            -73.95844,
            40.81587
          ],
          [
            -73.95839,
            40.81581
          ],
          [
            -73.95828,
            40.81569
          ],
          [
            -73.95827,
            40.81568
          ],
          [
            -73.95821,
            40.81561
          ],
          [
            -73.95821,
            40.81561
          ],
          [
            -73.95813,
            40.81573
          ],
          [
            -73.95793,
            40.81601
          ],
          [
            -73.95777,
            40.81623
          ],
          [
            -73.95773,
            40.81628
          ],
          [
            -73.95768,
            40.81636
          ],
          [
            -73.95728,
            40.8169
          ],
          [
            -73.9569,
            40.81743
          ],
          [
            -73.95684,
            40.81751
          ],
          [
            -73.9568,
            40.81757
          ],
          [
            -73.9564,
            40.81811
          ],
          [
            -73.95636,
            40.81816
          ],
          [
            -73.95633,
            40.81821
          ],
          [
            -73.95595,
            40.8187
          ],
          [
            -73.95591,
            40.81876
          ],
          [
            -73.95587,
            40.81882
          ],
          [
            -73.95546,
            40.81939
          ],
          [
            -73.95505,
            40.81996
          ],
          [
            -73.95497,
            40.82007
          ],
          [
            -73.95497,
            40.82007
          ],
          [
            -73.95486,
            40.82002
          ],
          [
            -73.95239,
            40.81897
          ],
          [
            -73.95237,
            40.81897
          ],
          [
            -73.95234,
            40.81896
          ],
          [
            -73.95227,
            40.81894
          ],
          [
            -73.95221,
            40.81893
          ],
          [
            -73.95221,
            40.81893
          ],
          [
            -73.95217,
            40.81899
          ],
          [
            -73.95216,
            40.81901
          ],
          [
            -73.95178,
            40.81951
          ],
          [
            -73.95173,
            40.81957
          ],
          [
            -73.95168,
            40.81964
          ],
          [
            -73.9513,
            40.82016
          ],
          [
            -73.95087,
            40.82075
          ],
          [
            -73.95081,
            40.82082
          ],
          [
            -73.95078,
            40.82087
          ],
          [
            -73.9504,
            40.82139
          ],
          [
            -73.95036,
            40.82144
          ],
          [
            -73.95032,
            40.82151
          ],
          [
            -73.94995,
            40.82201
          ],
          [
            -73.94991,
            40.82206
          ],
          [
            -73.94986,
            40.82213
          ],
          [
            -73.9495,
            40.82263
          ],
          [
            -73.94946,
            40.82268
          ],
          [
            -73.94941,
            40.82275
          ],
          [
            -73.94904,
            40.82326
          ],
          [
            -73.94899,
            40.82332
          ],
          [
            -73.94895,
            40.82337
          ],
          [
            -73.94858,
            40.82389
          ],
          [
            -73.94854,
            40.82394
          ],
          [
            -73.9485,
            40.82399
          ],
          [
            -73.94812,
            40.82451
          ],
          [
            -73.94809,
            40.82455
          ],
          [
            -73.94804,
            40.82462
          ],
          [
            -73.94767,
            40.82514
          ],
          [
            -73.9476,
            40.82524
          ],
          [
            -73.94752,
            40.82534
          ],
          [
            -73.94714,
            40.82585
          ],
          [
            -73.94711,
            40.8259
          ],
          [
            -73.94706,
            40.82596
          ],
          [
            -73.94669,
            40.82648
          ],
          [
            -73.94665,
            40.82653
          ],
          [
            -73.94661,
            40.82659
          ],
          [
            -73.94623,
            40.8271
          ],
          [
            -73.94619,
            40.82715
          ],
          [
            -73.94615,
            40.82721
          ],
          [
            -73.94577,
            40.82773
          ],
          [
            -73.94573,
            40.82778
          ],
          [
            -73.94569,
            40.82784
          ],
          [
            -73.94555,
            40.82803
          ],
          [
            -73.94555,
            40.82803
          ],
          [
            -73.94555,
            40.82803
          ],
          [
            -73.94569,
            40.82784
          ],
          [
            -73.94573,
            40.82778
          ],
          [
            -73.94577,
            40.82773
          ],
          [
            -73.94615,
            40.82721
          ],
          [
            -73.94619,
            40.82715
          ],
          [
            -73.94623,
            40.8271
          ],
          [
            -73.94639,
            40.82688
          ],
          [
            -73.94639,
            40.82688
          ],
          [
            -73.94639,
            40.82688
          ],
          [
            -73.94661,
            40.82659
          ],
          [
            -73.94665,
            40.82653
          ],
          [
            -73.94669,
            40.82648
          ],
          [
            -73.94706,
            40.82596
          ],
          [
            -73.94711,
            40.8259
          ],
          [
            -73.94714,
            40.82585
          ],
          [
            -73.94752,
            40.82534
          ],
          [
            -73.9476,
            40.82524
          ],
          [
            -73.94767,
            40.82514
          ],
          [
            -73.94804,
            40.82462
          ],
          [
            -73.94809,
            40.82455
          ],
          [
            -73.94812,
            40.82451
          ],
          [
            -73.9485,
            40.82399
          ],
          [
            -73.94854,
            40.82394
          ],
          [
            -73.94858,
            40.82389
          ],
          [
            -73.94895,
            40.82337
          ],
          [
            -73.94899,
            40.82332
          ],
          [
            -73.94904,
            40.82326
          ],
          [
            -73.94941,
            40.82275
          ],
          [
            -73.94946,
            40.82268
          ],
          [
            -73.9495,
            40.82263
          ],
          [
            -73.94986,
            40.82213
          ],
          [
            -73.94991,
            40.82206
          ],
          [
            -73.94995,
            40.82201
          ],
          [
            -73.95032,
            40.82151
          ],
          [
            -73.95036,
            40.82144
          ],
          [
            -73.9504,
            40.82139
          ],
          [
            -73.95078,
            40.82087
          ],
          [
            -73.95081,
            40.82082
          ],
          [
            -73.95087,
            40.82075
          ],
          [
            -73.9513,
            40.82016
          ],
          [
            -73.95168,
            40.81964
          ],
          [
            -73.95173,
            40.81957
          ],
          [
            -73.95178,
            40.81951
          ],
          [
            -73.95216,
            40.81901
          ],
          [
            -73.95217,
            40.81899
          ],
          [
            -73.95221,
            40.81893
          ],
          [
            -73.95221,
            40.81893
          ],
          [
            -73.95227,
            40.81894
          ],
          [
            -73.95234,
            40.81896
          ],
          [
            -73.95237,
            40.81897
          ],
          [
            -73.95239,
            40.81897
          ],
          [
            -73.95486,
            40.82002
          ],
          [
            -73.95497,
            40.82007
          ],
          [
            -73.95497,
            40.82007
          ],
          [
            -73.95519,
            40.82016
          ],
          [
            -73.95527,
            40.82005
          ],
          [
            -73.95608,
            40.81892
          ],
          [
            -73.95612,
            40.81885
          ],
          [
            -73.95612,
            40.81885
          ],
          [
            -73.95621,
            40.81889
          ],
          [
            -73.95669,
            40.81909
          ],
          [
            -73.95678,
            40.81913
          ],
          [
            -73.95744,
            40.81941
          ],
          [
            -73.95824,
            40.81974
          ],
          [
            -73.95872,
            40.81995
          ],
          [
            -73.9589,
            40.82002
          ],
          [
            -73.959,
            40.82006
          ],
          [
            -73.95949,
            40.82026
          ],
          [
            -73.95965,
            40.82033
          ],
          [
            -73.95965,
            40.82033
          ],
          [
            -73.95969,
            40.82028
          ],
          [
            -73.96008,
            40.81979
          ],
          [
            -73.96013,
            40.81973
          ],
          [
            -73.96018,
            40.81967
          ],
          [
            -73.96053,
            40.81927
          ],
          [
            -73.96065,
            40.81914
          ],
          [
            -73.961,
            40.81874
          ],
          [
            -73.96106,
            40.81868
          ],
          [
            -73.96113,
            40.81862
          ],
          [
            -73.96129,
            40.81848
          ],
          [
            -73.96171,
            40.8181
          ],
          [
            -73.96181,
            40.818
          ],
          [
            -73.96181,
            40.818
          ],
          [
            -73.96191,
            40.81796
          ],
          [
            -73.96254,
            40.81734
          ],
          [
            -73.96277,
            40.81711
          ],
          [
            -73.96299,
            40.81688
          ],
          [
            -73.96318,
            40.81669
          ],
          [
            -73.96333,
            40.81651
          ],
          [
            -73.96344,
            40.81639
          ],
          [
            -73.9636,
            40.8162
          ],
          [
            -73.96376,
            40.816
          ],
          [
            -73.96385,
            40.81588
          ],
          [
            -73.96393,
            40.81577
          ],
          [
            -73.964,
            40.81564
          ],
          [
            -73.96416,
            40.81538
          ],
          [
            -73.96416,
            40.81538
          ],
          [
            -73.96429,
            40.81519
          ],
          [
            -73.96442,
            40.815
          ],
          [
            -73.96459,
            40.8147
          ],
          [
            -73.96471,
            40.8145
          ],
          [
            -73.96482,
            40.8143
          ],
          [
            -73.96493,
            40.8141
          ],
          [
            -73.96506,
            40.81391
          ],
          [
            -73.96518,
            40.81371
          ],
          [
            -73.96531,
            40.81352
          ],
          [
            -73.96545,
            40.81333
          ],
          [
            -73.96559,
            40.81314
          ],
          [
            -73.96574,
            40.81296
          ],
          [
            -73.96589,
            40.81277
          ],
          [
            -73.96603,
            40.81258
          ],
          [
            -73.96618,
            40.8124
          ],
          [
            -73.96632,
            40.81221
          ],
          [
            -73.96646,
            40.81202
          ],
          [
            -73.96659,
            40.81183
          ],
          [
            -73.96672,
            40.81164
          ],
          [
            -73.96686,
            40.81144
          ],
          [
            -73.96698,
            40.81125
          ],
          [
            -73.96828,
            40.8092
          ],
          [
            -73.96841,
            40.809
          ],
          [
            -73.96853,
            40.80881
          ],
          [
            -73.96866,
            40.80862
          ],
          [
            -73.96879,
            40.80842
          ],
          [
            -73.96893,
            40.80823
          ],
          [
            -73.96906,
            40.80804
          ],
          [
            -73.9692,
            40.80785
          ],
          [
            -73.96933,
            40.80766
          ],
          [
            -73.96947,
            40.80747
          ],
          [
            -73.96961,
            40.80728
          ],
          [
            -73.96975,
            40.8071
          ],
          [
            -73.9699,
            40.80691
          ],
          [
            -73.97004,
            40.80672
          ],
          [
            -73.97019,
            40.80653
          ],
          [
            -73.97128,
            40.80513
          ],
          [
            -73.97143,
            40.80495
          ],
          [
            -73.97157,
            40.80476
          ],
          [
            -73.97171,
            40.80457
          ],
          [
            -73.97186,
            40.80438
          ],
          [
            -73.972,
            40.8042
          ],
          [
            -73.97214,
            40.804
          ],
          [
            -73.97228,
            40.80382
          ],
          [
            -73.97242,
            40.80363
          ],
          [
            -73.97256,
            40.80344
          ],
          [
            -73.97269,
            40.80325
          ],
          [
            -73.97283,
            40.80306
          ],
          [
            -73.97297,
            40.80287
          ],
          [
            -73.97363,
            40.80191
          ],
          [
            -73.97387,
            40.80156
          ],
          [
            -73.97399,
            40.80137
          ],
          [
            -73.97412,
            40.80117
          ],
          [
            -73.97425,
            40.80097
          ],
          [
            -73.97436,
            40.80077
          ],
          [
            -73.97448,
            40.80058
          ],
          [
            -73.97459,
            40.80038
          ],
          [
            -73.9747,
            40.80017
          ],
          [
            -73.9748,
            40.79996
          ],
          [
            -73.97489,
            40.79976
          ],
          [
            -73.97497,
            40.79956
          ],
          [
            -73.97506,
            40.79933
          ],
          [
            -73.97522,
            40.79891
          ],
          [
            -73.97563,
            40.79787
          ],
          [
            -73.97594,
            40.79717
          ],
          [
            -73.97599,
            40.79706
          ],
          [
            -73.97606,
            40.79692
          ],
          [
            -73.97614,
            40.79677
          ],
          [
            -73.9762,
            40.79668
          ],
          [
            -73.97627,
            40.79657
          ],
          [
            -73.97633,
            40.79648
          ],
          [
            -73.9764,
            40.79638
          ],
          [
            -73.97648,
            40.79629
          ],
          [
            -73.97655,
            40.79621
          ],
          [
            -73.97689,
            40.79588
          ],
          [
            -73.97701,
            40.79575
          ],
          [
            -73.97719,
            40.79558
          ],
          [
            -73.97737,
            40.79542
          ],
          [
            -73.97756,
            40.79526
          ],
          [
            -73.97832,
            40.7946
          ],
          [
            -73.9786,
            40.79436
          ],
          [
            -73.97878,
            40.79419
          ],
          [
            -73.97897,
            40.79402
          ],
          [
            -73.97914,
            40.79386
          ],
          [
            -73.97932,
            40.79368
          ],
          [
            -73.97949,
            40.79351
          ],
          [
            -73.97965,
            40.79333
          ],
          [
            -73.97981,
            40.79315
          ],
          [
            -73.97997,
            40.79296
          ],
          [
            -73.98012,
            40.79278
          ],
          [
            -73.98027,
            40.7926
          ],
          [
            -73.98041,
            40.79241
          ],
          [
            -73.98056,
            40.79222
          ],
          [
            -73.9807,
            40.79204
          ],
          [
            -73.98084,
            40.79185
          ],
          [
            -73.98098,
            40.79166
          ],
          [
            -73.98111,
            40.79147
          ],
          [
            -73.98124,
            40.79127
          ],
          [
            -73.98137,
            40.79108
          ],
          [
            -73.9815,
            40.79088
          ],
          [
            -73.98162,
            40.79069
          ],
          [
            -73.98174,
            40.79049
          ],
          [
            -73.98186,
            40.7903
          ],
          [
            -73.98197,
            40.79009
          ],
          [
            -73.98208,
            40.78989
          ],
          [
            -73.98218,
            40.7897
          ],
          [
            -73.98229,
            40.78949
          ],
          [
            -73.98239,
            40.78929
          ],
          [
            -73.98248,
            40.78909
          ],
          [
            -73.98258,
            40.78888
          ],
          [
            -73.98267,
            40.78868
          ],
          [
            -73.98275,
            40.78847
          ],
          [
            -73.98284,
            40.78827
          ],
          [
            -73.98292,
            40.78805
          ],
          [
            -73.98318,
            40.78734
          ],
          [
            -73.98325,
            40.78713
          ],
          [
            -73.98333,
            40.78693
          ],
          [
            -73.98342,
            40.78672
          ],
          [
            -73.98349,
            40.78656
          ],
          [
            -73.98356,
            40.78641
          ],
          [
            -73.98364,
            40.78625
          ],
          [
            -73.98372,
            40.7861
          ],
          [
            -73.98381,
            40.78596
          ],
          [
            -73.9839,
            40.78582
          ],
          [
            -73.98401,
            40.78566
          ],
          [
            -73.98412,
            40.78549
          ],
          [
            -73.98429,
            40.78523
          ],
          [
            -73.98442,
            40.78503
          ],
          [
            -73.98456,
            40.78484
          ],
          [
            -73.98469,
            40.78465
          ],
          [
            -73.98482,
            40.78446
          ],
          [
            -73.98496,
            40.78427
          ],
          [
            -73.98509,
            40.78408
          ],
          [
            -73.98523,
            40.78389
          ],
          [
            -73.98537,
            40.78369
          ],
          [
            -73.98545,
            40.78359
          ],
          [
            -73.98669,
            40.78189
          ],
          [
            -73.98676,
            40.7818
          ],
          [
            -73.98682,
            40.78172
          ],
          [
            -73.9869,
            40.78164
          ],
          [
            -73.98697,
            40.78156
          ],
          [
            -73.98697,
            40.78156
          ],
          [
            -73.98705,
            40.78148
          ],
          [
            -73.98763,
            40.7809
          ],
          [
            -73.98772,
            40.7808
          ],
          [
            -73.98782,
            40.7807
          ],
          [
            -73.98789,
            40.78061
          ],
          [
            -73.98797,
            40.78052
          ],
          [
            -73.98812,
            40.78032
          ],
          [
            -73.98827,
            40.78013
          ],
          [
            -73.98841,
            40.77994
          ],
          [
            -73.99202,
            40.775
          ],
          [
            -73.99245,
            40.7744
          ],
          [
            -73.99316,
            40.77339
          ],
          [
            -73.99317,
            40.77337
          ],
          [
            -73.99404,
            40.7722
          ],
          [
            -73.99418,
            40.772
          ],
          [
            -73.99425,
            40.77191
          ],
          [
            -73.99427,
            40.77188
          ],
          [
            -73.9943,
            40.77184
          ],
          [
            -73.99431,
            40.77182
          ],
          [
            -73.99432,
            40.77181
          ],
          [
            -73.99433,
            40.77179
          ],
          [
            -73.99434,
            40.77177
          ],
          [
            -73.99435,
            40.77176
          ],
          [
            -73.99437,
            40.77173
          ],
          [
            -73.99438,
            40.77171
          ],
          [
            -73.99439,
            40.77169
          ],
          [
            -73.99441,
            40.77167
          ],
          [
            -73.99443,
            40.77162
          ],
          [
            -73.99444,
            40.7716
          ],
          [
            -73.99446,
            40.77156
          ],
          [
            -73.99447,
            40.77154
          ],
          [
            -73.99449,
            40.7715
          ],
          [
            -73.9945,
            40.77147
          ],
          [
            -73.99452,
            40.77143
          ],
          [
            -73.99453,
            40.7714
          ],
          [
            -73.99455,
            40.77137
          ],
          [
            -73.99456,
            40.77134
          ],
          [
            -73.99457,
            40.77131
          ],
          [
            -73.99457,
            40.77129
          ],
          [
            -73.99458,
            40.77128
          ],
          [
            -73.99458,
            40.77126
          ],
          [
            -73.99459,
            40.77124
          ],
          [
            -73.9946,
            40.7712
          ],
          [
            -73.9946,
            40.77119
          ],
          [
            -73.99461,
            40.77118
          ],
          [
            -73.99461,
            40.77115
          ],
          [
            -73.99462,
            40.77114
          ],
          [
            -73.99462,
            40.77112
          ],
          [
            -73.99463,
            40.77109
          ],
          [
            -73.99463,
            40.77107
          ],
          [
            -73.99464,
            40.77104
          ],
          [
            -73.99464,
            40.77103
          ],
          [
            -73.99465,
            40.771
          ],
          [
            -73.99465,
            40.77097
          ],
          [
            -73.99466,
            40.77094
          ],
          [
            -73.99466,
            40.77091
          ],
          [
            -73.99467,
            40.77086
          ],
          [
            -73.99467,
            40.77083
          ],
          [
            -73.99468,
            40.77081
          ],
          [
            -73.99468,
            40.77081
          ],
          [
            -73.99477,
            40.77016
          ],
          [
            -73.99477,
            40.77012
          ],
          [
            -73.99479,
            40.77003
          ],
          [
            -73.9948,
            40.76996
          ],
          [
            -73.99482,
            40.76989
          ],
          [
            -73.99485,
            40.7698
          ],
          [
            -73.99488,
            40.76972
          ],
          [
            -73.99492,
            40.76962
          ],
          [
            -73.99497,
            40.76952
          ],
          [
            -73.99502,
            40.76942
          ],
          [
            -73.99502,
            40.76942
          ],
          [
            -73.99494,
            40.76931
          ],
          [
            -73.99491,
            40.76929
          ],
          [
            -73.99488,
            40.76927
          ],
          [
            -73.99485,
            40.76926
          ],
          [
            -73.99472,
            40.7692
          ],
          [
            -73.99299,
            40.76847
          ],
          [
            -73.99295,
            40.76845
          ],
          [
            -73.99279,
            40.76837
          ],
          [
            -73.99268,
            40.76833
          ],
          [
            -73.9915,
            40.76783
          ],
          [
            -73.9901,
            40.76724
          ],
          [
            -73.98996,
            40.76718
          ],
          [
            -73.98985,
            40.76713
          ],
          [
            -73.98727,
            40.76605
          ],
          [
            -73.98713,
            40.76599
          ],
          [
            -73.98702,
            40.76595
          ],
          [
            -73.98699,
            40.76594
          ],
          [
            -73.98696,
            40.76592
          ],
          [
            -73.9855,
            40.76532
          ],
          [
            -73.98513,
            40.76516
          ],
          [
            -73.9847,
            40.76498
          ],
          [
            -73.98441,
            40.76486
          ],
          [
            -73.98438,
            40.76485
          ],
          [
            -73.98427,
            40.7648
          ],
          [
            -73.98427,
            40.7648
          ],
          [
            -73.98423,
            40.76486
          ],
          [
            -73.98393,
            40.76528
          ],
          [
            -73.98387,
            40.76537
          ],
          [
            -73.98386,
            40.76539
          ],
          [
            -73.98382,
            40.76544
          ],
          [
            -73.98379,
            40.76549
          ],
          [
            -73.98341,
            40.76599
          ],
          [
            -73.98338,
            40.76603
          ],
          [
            -73.98332,
            40.76611
          ],
          [
            -73.98296,
            40.76659
          ],
          [
            -73.98294,
            40.76663
          ],
          [
            -73.98287,
            40.76672
          ],
          [
            -73.98287,
            40.76672
          ],
          [
            -73.98274,
            40.76666
          ],
          [
            -73.98199,
            40.76634
          ],
          [
            -73.98189,
            40.7663
          ],
          [
            -73.98173,
            40.76624
          ],
          [
            -73.98088,
            40.76588
          ],
          [
            -73.98048,
            40.76571
          ],
          [
            -73.98032,
            40.76564
          ],
          [
            -73.98015,
            40.76557
          ],
          [
            -73.98004,
            40.76552
          ],
          [
            -73.9799,
            40.76546
          ],
          [
            -73.97891,
            40.76505
          ],
          [
            -73.97763,
            40.76451
          ],
          [
            -73.97734,
            40.76438
          ],
          [
            -73.9772,
            40.76432
          ],
          [
            -73.97706,
            40.76427
          ],
          [
            -73.97615,
            40.76388
          ],
          [
            -73.97613,
            40.76388
          ],
          [
            -73.97565,
            40.76367
          ],
          [
            -73.9741,
            40.76303
          ],
          [
            -73.97397,
            40.76297
          ],
          [
            -73.97385,
            40.76292
          ],
          [
            -73.97314,
            40.76262
          ],
          [
            -73.97247,
            40.76234
          ],
          [
            -73.97237,
            40.7623
          ],
          [
            -73.97225,
            40.76225
          ],
          [
            -73.97106,
            40.76174
          ],
          [
            -73.97102,
            40.76172
          ],
          [
            -73.97096,
            40.7617
          ],
          [
            -73.97085,
            40.76165
          ],
          [
            -73.97067,
            40.76158
          ],
          [
            -73.97055,
            40.76153
          ],
          [
            -73.9705,
            40.7615
          ],
          [
            -73.96989,
            40.76125
          ],
          [
            -73.96951,
            40.76109
          ],
          [
            -73.96924,
            40.76098
          ],
          [
            -73.96913,
            40.76093
          ],
          [
            -73.96913,
            40.76093
          ],
          [
            -73.9692,
            40.76084
          ],
          [
            -73.96958,
            40.76031
          ],
          [
            -73.96962,
            40.76025
          ],
          [
            -73.96966,
            40.7602
          ],
          [
            -73.96968,
            40.76017
          ],
          [
            -73.96968,
            40.76017
          ],
          [
            -73.96968,
            40.76017
          ],
          [
            -73.97003,
            40.75969
          ],
          [
            -73.97007,
            40.75964
          ],
          [
            -73.97007,
            40.75964
          ],
          [
            -73.97019,
            40.75969
          ],
          [
            -73.97045,
            40.7598
          ],
          [
            -73.97144,
            40.76022
          ],
          [
            -73.97149,
            40.76024
          ],
          [
            -73.97161,
            40.76029
          ],
          [
            -73.97161,
            40.76029
          ],
          [
            -73.97158,
            40.76034
          ],
          [
            -73.97123,
            40.76081
          ],
          [
            -73.9712,
            40.76085
          ],
          [
            -73.97116,
            40.76091
          ],
          [
            -73.97112,
            40.76096
          ],
          [
            -73.97077,
            40.76145
          ],
          [
            -73.97074,
            40.76148
          ],
          [
            -73.97067,
            40.76158
          ],
          [
            -73.97067,
            40.76158
          ],
          [
            -73.97085,
            40.76165
          ],
          [
            -73.97096,
            40.7617
          ],
          [
            -73.97102,
            40.76172
          ],
          [
            -73.97106,
            40.76174
          ],
          [
            -73.97225,
            40.76225
          ],
          [
            -73.97237,
            40.7623
          ],
          [
            -73.97247,
            40.76234
          ],
          [
            -73.97314,
            40.76262
          ],
          [
            -73.97385,
            40.76292
          ],
          [
            -73.97397,
            40.76297
          ],
          [
            -73.9741,
            40.76303
          ],
          [
            -73.97565,
            40.76367
          ],
          [
            -73.97613,
            40.76388
          ],
          [
            -73.97615,
            40.76388
          ],
          [
            -73.97706,
            40.76427
          ],
          [
            -73.9772,
            40.76432
          ],
          [
            -73.97734,
            40.76438
          ],
          [
            -73.97763,
            40.76451
          ],
          [
            -73.97891,
            40.76505
          ],
          [
            -73.9799,
            40.76546
          ],
          [
            -73.98004,
            40.76552
          ],
          [
            -73.98015,
            40.76557
          ],
          [
            -73.98032,
            40.76564
          ],
          [
            -73.98048,
            40.76571
          ],
          [
            -73.98088,
            40.76588
          ],
          [
            -73.98173,
            40.76624
          ],
          [
            -73.98189,
            40.7663
          ],
          [
            -73.98199,
            40.76634
          ],
          [
            -73.98274,
            40.76666
          ],
          [
            -73.98287,
            40.76672
          ],
          [
            -73.98302,
            40.76678
          ],
          [
            -73.98372,
            40.76707
          ],
          [
            -73.98378,
            40.7671
          ],
          [
            -73.98416,
            40.76726
          ],
          [
            -73.98422,
            40.76728
          ],
          [
            -73.98441,
            40.76736
          ],
          [
            -73.98559,
            40.76786
          ],
          [
            -73.98564,
            40.76788
          ],
          [
            -73.98572,
            40.76792
          ],
          [
            -73.98586,
            40.76797
          ],
          [
            -73.98803,
            40.76889
          ],
          [
            -73.98844,
            40.76907
          ],
          [
            -73.98856,
            40.76912
          ],
          [
            -73.98869,
            40.76917
          ],
          [
            -73.98897,
            40.76929
          ],
          [
            -73.9891,
            40.76935
          ],
          [
            -73.99034,
            40.76987
          ],
          [
            -73.99078,
            40.77006
          ],
          [
            -73.99126,
            40.77026
          ],
          [
            -73.99139,
            40.77032
          ],
          [
            -73.99154,
            40.77038
          ],
          [
            -73.99208,
            40.7706
          ],
          [
            -73.99243,
            40.77075
          ],
          [
            -73.99325,
            40.77109
          ],
          [
            -73.99357,
            40.77123
          ],
          [
            -73.9938,
            40.77138
          ],
          [
            -73.994,
            40.77146
          ],
          [
            -73.99405,
            40.77148
          ],
          [
            -73.99421,
            40.77153
          ],
          [
            -73.99421,
            40.77153
          ],
          [
            -73.99418,
            40.7716
          ],
          [
            -73.99417,
            40.77162
          ],
          [
            -73.99414,
            40.77167
          ],
          [
            -73.99412,
            40.77171
          ],
          [
            -73.9941,
            40.77175
          ],
          [
            -73.99408,
            40.77179
          ],
          [
            -73.99406,
            40.77182
          ],
          [
            -73.99405,
            40.77183
          ],
          [
            -73.99403,
            40.77186
          ],
          [
            -73.99402,
            40.77189
          ],
          [
            -73.994,
            40.77192
          ],
          [
            -73.99385,
            40.77212
          ],
          [
            -73.99334,
            40.77281
          ],
          [
            -73.9932,
            40.773
          ],
          [
            -73.99216,
            40.77456
          ],
          [
            -73.99198,
            40.77483
          ],
          [
            -73.99181,
            40.77507
          ],
          [
            -73.98837,
            40.77979
          ],
          [
            -73.98822,
            40.77999
          ],
          [
            -73.98808,
            40.78017
          ],
          [
            -73.98793,
            40.78036
          ],
          [
            -73.98777,
            40.78055
          ],
          [
            -73.9876,
            40.78073
          ],
          [
            -73.98743,
            40.78092
          ],
          [
            -73.9872,
            40.78116
          ],
          [
            -73.98708,
            40.78128
          ],
          [
            -73.98699,
            40.78136
          ],
          [
            -73.98691,
            40.78144
          ],
          [
            -73.98685,
            40.78151
          ],
          [
            -73.98673,
            40.78163
          ],
          [
            -73.98673,
            40.78163
          ],
          [
            -73.98665,
            40.78172
          ],
          [
            -73.98658,
            40.78182
          ],
          [
            -73.98533,
            40.78353
          ],
          [
            -73.9842,
            40.78512
          ],
          [
            -73.984,
            40.78544
          ],
          [
            -73.98388,
            40.7856
          ],
          [
            -73.98369,
            40.78588
          ],
          [
            -73.9836,
            40.78603
          ],
          [
            -73.98352,
            40.78619
          ],
          [
            -73.98343,
            40.78635
          ],
          [
            -73.98335,
            40.7865
          ],
          [
            -73.98327,
            40.78668
          ],
          [
            -73.98319,
            40.78686
          ],
          [
            -73.98311,
            40.78705
          ],
          [
            -73.98302,
            40.78729
          ],
          [
            -73.98295,
            40.78749
          ],
          [
            -73.98276,
            40.788
          ],
          [
            -73.98266,
            40.78826
          ],
          [
            -73.98259,
            40.78841
          ],
          [
            -73.98251,
            40.7886
          ],
          [
            -73.98243,
            40.78879
          ],
          [
            -73.98237,
            40.78893
          ],
          [
            -73.98228,
            40.78912
          ],
          [
            -73.98219,
            40.7893
          ],
          [
            -73.98211,
            40.78946
          ],
          [
            -73.98202,
            40.78963
          ],
          [
            -73.98193,
            40.78981
          ],
          [
            -73.98183,
            40.78998
          ],
          [
            -73.98174,
            40.79015
          ],
          [
            -73.98164,
            40.79032
          ],
          [
            -73.98155,
            40.79047
          ],
          [
            -73.98145,
            40.79065
          ],
          [
            -73.98129,
            40.7909
          ],
          [
            -73.98112,
            40.79115
          ],
          [
            -73.98096,
            40.79139
          ],
          [
            -73.98078,
            40.79164
          ],
          [
            -73.98061,
            40.79187
          ],
          [
            -73.98044,
            40.7921
          ],
          [
            -73.98031,
            40.79228
          ],
          [
            -73.98019,
            40.79244
          ],
          [
            -73.98008,
            40.79258
          ],
          [
            -73.97995,
            40.79274
          ],
          [
            -73.97981,
            40.7929
          ],
          [
            -73.97969,
            40.79304
          ],
          [
            -73.97956,
            40.79319
          ],
          [
            -73.97943,
            40.79333
          ],
          [
            -73.97926,
            40.79351
          ],
          [
            -73.97912,
            40.79366
          ],
          [
            -73.97897,
            40.79381
          ],
          [
            -73.97882,
            40.79395
          ],
          [
            -73.97867,
            40.79409
          ],
          [
            -73.97847,
            40.79427
          ],
          [
            -73.97836,
            40.79436
          ],
          [
            -73.97818,
            40.79451
          ],
          [
            -73.97802,
            40.79465
          ],
          [
            -73.97784,
            40.79479
          ],
          [
            -73.97737,
            40.79517
          ],
          [
            -73.9772,
            40.79531
          ],
          [
            -73.977,
            40.79545
          ],
          [
            -73.97673,
            40.79569
          ],
          [
            -73.97655,
            40.79585
          ],
          [
            -73.9764,
            40.796
          ],
          [
            -73.97622,
            40.79619
          ],
          [
            -73.97608,
            40.79636
          ],
          [
            -73.97601,
            40.79646
          ],
          [
            -73.97595,
            40.79656
          ],
          [
            -73.97589,
            40.79665
          ],
          [
            -73.97583,
            40.79677
          ],
          [
            -73.97578,
            40.79686
          ],
          [
            -73.97573,
            40.79697
          ],
          [
            -73.97561,
            40.79722
          ],
          [
            -73.97553,
            40.79739
          ],
          [
            -73.97504,
            40.79886
          ],
          [
            -73.97489,
            40.79929
          ],
          [
            -73.97483,
            40.79946
          ],
          [
            -73.97475,
            40.79966
          ],
          [
            -73.97466,
            40.79986
          ],
          [
            -73.97456,
            40.80006
          ],
          [
            -73.97447,
            40.80025
          ],
          [
            -73.97436,
            40.80045
          ],
          [
            -73.97425,
            40.80064
          ],
          [
            -73.97414,
            40.80083
          ],
          [
            -73.97402,
            40.80102
          ],
          [
            -73.97364,
            40.80161
          ],
          [
            -73.97358,
            40.8017
          ],
          [
            -73.97347,
            40.80186
          ],
          [
            -73.97337,
            40.80201
          ],
          [
            -73.97325,
            40.80218
          ],
          [
            -73.97313,
            40.80234
          ],
          [
            -73.97303,
            40.8025
          ],
          [
            -73.97292,
            40.80265
          ],
          [
            -73.97281,
            40.80281
          ],
          [
            -73.97269,
            40.80297
          ],
          [
            -73.97258,
            40.80313
          ],
          [
            -73.97245,
            40.8033
          ],
          [
            -73.97234,
            40.80347
          ],
          [
            -73.97222,
            40.80362
          ],
          [
            -73.97212,
            40.80377
          ],
          [
            -73.97199,
            40.80394
          ],
          [
            -73.97187,
            40.80411
          ],
          [
            -73.97174,
            40.80427
          ],
          [
            -73.97161,
            40.80444
          ],
          [
            -73.97149,
            40.8046
          ],
          [
            -73.97138,
            40.80475
          ],
          [
            -73.97126,
            40.80491
          ],
          [
            -73.97113,
            40.80507
          ],
          [
            -73.97102,
            40.80521
          ],
          [
            -73.97089,
            40.80538
          ],
          [
            -73.97077,
            40.80553
          ],
          [
            -73.97063,
            40.8057
          ],
          [
            -73.97052,
            40.80585
          ],
          [
            -73.9704,
            40.806
          ],
          [
            -73.97027,
            40.80616
          ],
          [
            -73.97013,
            40.80635
          ],
          [
            -73.97002,
            40.80649
          ],
          [
            -73.9699,
            40.80665
          ],
          [
            -73.96977,
            40.8068
          ],
          [
            -73.96965,
            40.80696
          ],
          [
            -73.96953,
            40.80712
          ],
          [
            -73.96941,
            40.80728
          ],
          [
            -73.96929,
            40.80745
          ],
          [
            -73.96917,
            40.8076
          ],
          [
            -73.96906,
            40.80776
          ],
          [
            -73.96888,
            40.80801
          ],
          [
            -73.96877,
            40.80817
          ],
          [
            -73.96866,
            40.80833
          ],
          [
            -73.96855,
            40.8085
          ],
          [
            -73.96843,
            40.80866
          ],
          [
            -73.96833,
            40.80883
          ],
          [
            -73.96822,
            40.80899
          ],
          [
            -73.96811,
            40.80916
          ],
          [
            -73.96744,
            40.81022
          ],
          [
            -73.96733,
            40.8104
          ],
          [
            -73.96722,
            40.81056
          ],
          [
            -73.96722,
            40.81056
          ],
          [
            -73.96686,
            40.811
          ],
          [
            -73.96648,
            40.81143
          ],
          [
            -73.96548,
            40.81261
          ],
          [
            -73.96486,
            40.81332
          ],
          [
            -73.96439,
            40.8139
          ],
          [
            -73.96389,
            40.81459
          ],
          [
            -73.96333,
            40.81543
          ],
          [
            -73.96319,
            40.81564
          ],
          [
            -73.96304,
            40.81583
          ],
          [
            -73.96292,
            40.816
          ],
          [
            -73.9628,
            40.81615
          ],
          [
            -73.96267,
            40.8163
          ],
          [
            -73.96254,
            40.81644
          ],
          [
            -73.96203,
            40.81693
          ],
          [
            -73.96171,
            40.81722
          ],
          [
            -73.96163,
            40.81728
          ],
          [
            -73.96155,
            40.81735
          ],
          [
            -73.96146,
            40.81742
          ],
          [
            -73.9614,
            40.81746
          ],
          [
            -73.96132,
            40.81751
          ],
          [
            -73.96123,
            40.81756
          ],
          [
            -73.9611,
            40.81762
          ],
          [
            -73.96102,
            40.81766
          ],
          [
            -73.96102,
            40.81766
          ],
          [
            -73.96072,
            40.81754
          ],
          [
            -73.96056,
            40.81747
          ],
          [
            -73.95976,
            40.81714
          ],
          [
            -73.95953,
            40.81705
          ],
          [
            -73.95953,
            40.81705
          ],
          [
            -73.95952,
            40.81703
          ],
          [
            -73.95949,
            40.81701
          ],
          [
            -73.95868,
            40.81613
          ],
          [
            -73.95855,
            40.81598
          ],
          [
            -73.95844,
            40.81587
          ],
          [
            -73.95839,
            40.81581
          ],
          [
            -73.95828,
            40.81569
          ],
          [
            -73.95827,
            40.81568
          ],
          [
            -73.95821,
            40.81561
          ],
          [
            -73.95821,
            40.81561
          ],
          [
            -73.95813,
            40.81573
          ],
          [
            -73.95793,
            40.81601
          ],
          [
            -73.95777,
            40.81623
          ],
          [
            -73.95773,
            40.81628
          ],
          [
            -73.95768,
            40.81636
          ],
          [
            -73.95728,
            40.8169
          ],
          [
            -73.9569,
            40.81743
          ],
          [
            -73.95684,
            40.81751
          ],
          [
            -73.9568,
            40.81757
          ],
          [
            -73.9564,
            40.81811
          ],
          [
            -73.95636,
            40.81816
          ],
          [
            -73.95633,
            40.81821
          ],
          [
            -73.95595,
            40.8187
          ],
          [
            -73.95591,
            40.81876
          ],
          [
            -73.95587,
            40.81882
          ],
          [
            -73.95546,
            40.81939
          ],
          [
            -73.95505,
            40.81996
          ],
          [
            -73.95497,
            40.82007
          ],
          [
            -73.95497,
            40.82007
          ],
          [
            -73.95486,
            40.82002
          ],
          [
            -73.95239,
            40.81897
          ],
          [
            -73.95237,
            40.81897
          ],
          [
            -73.95234,
            40.81896
          ],
          [
            -73.95227,
            40.81894
          ],
          [
            -73.95221,
            40.81893
          ],
          [
            -73.95221,
            40.81893
          ],
          [
            -73.95217,
            40.81899
          ],
          [
            -73.95216,
            40.81901
          ],
          [
            -73.95178,
            40.81951
          ],
          [
            -73.95173,
            40.81957
          ],
          [
            -73.95168,
            40.81964
          ],
          [
            -73.9513,
            40.82016
          ],
          [
            -73.95087,
            40.82075
          ],
          [
            -73.95081,
            40.82082
          ],
          [
            -73.95078,
            40.82087
          ],
          [
            -73.9504,
            40.82139
          ],
          [
            -73.95036,
            40.82144
          ],
          [
            -73.95032,
            40.82151
          ],
          [
            -73.94995,
            40.82201
          ],
          [
            -73.94991,
            40.82206
          ],
          [
            -73.94986,
            40.82213
          ],
          [
            -73.9495,
            40.82263
          ],
          [
            -73.94946,
            40.82268
          ],
          [
            -73.94941,
            40.82275
          ],
          [
            -73.94904,
            40.82326
          ],
          [
            -73.94899,
            40.82332
          ],
          [
            -73.94895,
            40.82337
          ],
          [
            -73.94858,
            40.82389
          ],
          [
            -73.94854,
            40.82394
          ],
          [
            -73.9485,
            40.82399
          ],
          [
            -73.94812,
            40.82451
          ],
          [
            -73.94809,
            40.82455
          ],
          [
            -73.94804,
            40.82462
          ],
          [
            -73.94782,
            40.82492
          ],
          [
            -73.94782,
            40.82492
          ],
          [
            -73.94782,
            40.82492
          ],
          [
            -73.94804,
            40.82462
          ],
          [
            -73.94809,
            40.82455
          ],
          [
            -73.94812,
            40.82451
          ],
          [
            -73.9485,
            40.82399
          ],
          [
            -73.94854,
            40.82394
          ],
          [
            -73.94858,
            40.82389
          ],
          [
            -73.94895,
            40.82337
          ],
          [
            -73.94899,
            40.82332
          ],
          [
            -73.94904,
            40.82326
          ],
          [
            -73.94941,
            40.82275
          ],
          [
            -73.94946,
            40.82268
          ],
          [
            -73.9495,
            40.82263
          ],
          [
            -73.94986,
            40.82213
          ],
          [
            -73.94991,
            40.82206
          ],
          [
            -73.94995,
            40.82201
          ],
          [
            -73.95032,
            40.82151
          ],
          [
            -73.95036,
            40.82144
          ],
          [
            -73.9504,
            40.82139
          ],
          [
            -73.95078,
            40.82087
          ],
          [
            -73.95081,
            40.82082
          ],
          [
            -73.95087,
            40.82075
          ],
          [
            -73.9513,
            40.82016
          ],
          [
            -73.95168,
            40.81964
          ],
          [
            -73.95173,
            40.81957
          ],
          [
            -73.95178,
            40.81951
          ],
          [
            -73.95216,
            40.81901
          ],
          [
            -73.95217,
            40.81899
          ],
          [
            -73.95221,
            40.81893
          ],
          [
            -73.95221,
            40.81893
          ],
          [
            -73.95227,
            40.81894
          ],
          [
            -73.95234,
            40.81896
          ],
          [
            -73.95237,
            40.81897
          ],
          [
            -73.95239,
            40.81897
          ],
          [
            -73.95486,
            40.82002
          ],
          [
            -73.95497,
            40.82007
          ],
          [
            -73.95497,
            40.82007
          ],
          [
            -73.95519,
            40.82016
          ],
          [
            -73.95527,
            40.82005
          ],
          [
            -73.95608,
            40.81892
          ],
          [
            -73.95612,
            40.81885
          ],
          [
            -73.95612,
            40.81885
          ],
          [
            -73.95621,
            40.81889
          ],
          [
            -73.95669,
            40.81909
          ],
          [
            -73.95678,
            40.81913
          ],
          [
            -73.95744,
            40.81941
          ],
          [
            -73.95824,
            40.81974
          ],
          [
            -73.95872,
            40.81995
          ],
          [
            -73.9589,
            40.82002
          ],
          [
            -73.959,
            40.82006
          ],
          [
            -73.95949,
            40.82026
          ],
          [
            -73.95965,
            40.82033
          ],
          [
            -73.95965,
            40.82033
          ],
          [
            -73.95969,
            40.82028
          ],
          [
            -73.96008,
            40.81979
          ],
          [
            -73.96013,
            40.81973
          ],
          [
            -73.96018,
            40.81967
          ],
          [
            -73.96053,
            40.81927
          ],
          [
            -73.96065,
            40.81914
          ],
          [
            -73.961,
            40.81874
          ],
          [
            -73.96106,
            40.81868
          ],
          [
            -73.96113,
            40.81862
          ],
          [
            -73.96129,
            40.81848
          ],
          [
            -73.96171,
            40.8181
          ],
          [
            -73.96181,
            40.818
          ],
          [
            -73.96181,
            40.818
          ],
          [
            -73.96191,
            40.81796
          ],
          [
            -73.96254,
            40.81734
          ],
          [
            -73.96277,
            40.81711
          ],
          [
            -73.96299,
            40.81688
          ],
          [
            -73.96318,
            40.81669
          ],
          [
            -73.96333,
            40.81651
          ],
          [
            -73.96344,
            40.81639
          ],
          [
            -73.9636,
            40.8162
          ],
          [
            -73.96376,
            40.816
          ],
          [
            -73.96385,
            40.81588
          ],
          [
            -73.96393,
            40.81577
          ],
          [
            -73.964,
            40.81564
          ],
          [
            -73.96416,
            40.81538
          ],
          [
            -73.96416,
            40.81538
          ],
          [
            -73.96429,
            40.81519
          ],
          [
            -73.96442,
            40.815
          ],
          [
            -73.96459,
            40.8147
          ],
          [
            -73.96471,
            40.8145
          ],
          [
            -73.96482,
            40.8143
          ],
          [
            -73.96493,
            40.8141
          ],
          [
            -73.96506,
            40.81391
          ],
          [
            -73.96518,
            40.81371
          ],
          [
            -73.96531,
            40.81352
          ],
          [
            -73.96545,
            40.81333
          ],
          [
            -73.96559,
            40.81314
          ],
          [
            -73.96574,
            40.81296
          ],
          [
            -73.96589,
            40.81277
          ],
          [
            -73.96603,
            40.81258
          ],
          [
            -73.96618,
            40.8124
          ],
          [
            -73.96632,
            40.81221
          ],
          [
            -73.96646,
            40.81202
          ],
          [
            -73.96659,
            40.81183
          ],
          [
            -73.96672,
            40.81164
          ],
          [
            -73.96686,
            40.81144
          ],
          [
            -73.96698,
            40.81125
          ],
          [
            -73.96828,
            40.8092
          ],
          [
            -73.96841,
            40.809
          ],
          [
            -73.96853,
            40.80881
          ],
          [
            -73.96866,
            40.80862
          ],
          [
            -73.96879,
            40.80842
          ],
          [
            -73.96893,
            40.80823
          ],
          [
            -73.96906,
            40.80804
          ],
          [
            -73.9692,
            40.80785
          ],
          [
            -73.96933,
            40.80766
          ],
          [
            -73.96947,
            40.80747
          ],
          [
            -73.96961,
            40.80728
          ],
          [
            -73.96975,
            40.8071
          ],
          [
            -73.9699,
            40.80691
          ],
          [
            -73.97004,
            40.80672
          ],
          [
            -73.97019,
            40.80653
          ],
          [
            -73.97128,
            40.80513
          ],
          [
            -73.97143,
            40.80495
          ],
          [
            -73.97157,
            40.80476
          ],
          [
            -73.97171,
            40.80457
          ],
          [
            -73.97186,
            40.80438
          ],
          [
            -73.972,
            40.8042
          ],
          [
            -73.97214,
            40.804
          ],
          [
            -73.97228,
            40.80382
          ],
          [
            -73.97242,
            40.80363
          ],
          [
            -73.97256,
            40.80344
          ],
          [
            -73.97269,
            40.80325
          ],
          [
            -73.97283,
            40.80306
          ],
          [
            -73.97297,
            40.80287
          ],
          [
            -73.97363,
            40.80191
          ],
          [
            -73.97387,
            40.80156
          ],
          [
            -73.97399,
            40.80137
          ],
          [
            -73.97412,
            40.80117
          ],
          [
            -73.97425,
            40.80097
          ],
          [
            -73.97436,
            40.80077
          ],
          [
            -73.97448,
            40.80058
          ],
          [
            -73.97459,
            40.80038
          ],
          [
            -73.9747,
            40.80017
          ],
          [
            -73.9748,
            40.79996
          ],
          [
            -73.97489,
            40.79976
          ],
          [
            -73.97497,
            40.79956
          ],
          [
            -73.97506,
            40.79933
          ],
          [
            -73.97522,
            40.79891
          ],
          [
            -73.97563,
            40.79787
          ],
          [
            -73.97594,
            40.79717
          ],
          [
            -73.97599,
            40.79706
          ],
          [
            -73.97606,
            40.79692
          ],
          [
            -73.97614,
            40.79677
          ],
          [
            -73.9762,
            40.79668
          ],
          [
            -73.97627,
            40.79657
          ],
          [
            -73.97633,
            40.79648
          ],
          [
            -73.9764,
            40.79638
          ],
          [
            -73.97648,
            40.79629
          ],
          [
            -73.97655,
            40.79621
          ],
          [
            -73.97689,
            40.79588
          ],
          [
            -73.97701,
            40.79575
          ],
          [
            -73.97719,
            40.79558
          ],
          [
            -73.97737,
            40.79542
          ],
          [
            -73.97756,
            40.79526
          ],
          [
            -73.97832,
            40.7946
          ],
          [
            -73.9786,
            40.79436
          ],
          [
            -73.97878,
            40.79419
          ],
          [
            -73.97897,
            40.79402
          ],
          [
            -73.97914,
            40.79386
          ],
          [
            -73.97932,
            40.79368
          ],
          [
            -73.97949,
            40.79351
          ],
          [
            -73.97965,
            40.79333
          ],
          [
            -73.97981,
            40.79315
          ],
          [
            -73.97997,
            40.79296
          ],
          [
            -73.98012,
            40.79278
          ],
          [
            -73.98027,
            40.7926
          ],
          [
            -73.98041,
            40.79241
          ],
          [
            -73.98056,
            40.79222
          ],
          [
            -73.9807,
            40.79204
          ],
          [
            -73.98084,
            40.79185
          ],
          [
            -73.98098,
            40.79166
          ],
          [
            -73.98111,
            40.79147
          ],
          [
            -73.98124,
            40.79127
          ],
          [
            -73.98137,
            40.79108
          ],
          [
            -73.9815,
            40.79088
          ],
          [
            -73.98162,
            40.79069
          ],
          [
            -73.98174,
            40.79049
          ],
          [
            -73.98186,
            40.7903
          ],
          [
            -73.98197,
            40.79009
          ],
          [
            -73.98208,
            40.78989
          ],
          [
            -73.98218,
            40.7897
          ],
          [
            -73.98229,
            40.78949
          ],
          [
            -73.98239,
            40.78929
          ],
          [
            -73.98248,
            40.78909
          ],
          [
            -73.98258,
            40.78888
          ],
          [
            -73.98267,
            40.78868
          ],
          [
            -73.98275,
            40.78847
          ],
          [
            -73.98284,
            40.78827
          ],
          [
            -73.98292,
            40.78805
          ],
          [
            -73.98318,
            40.78734
          ],
          [
            -73.98325,
            40.78713
          ],
          [
            -73.98333,
            40.78693
          ],
          [
            -73.98342,
            40.78672
          ],
          [
            -73.98349,
            40.78656
          ],
          [
            -73.98356,
            40.78641
          ],
          [
            -73.98364,
            40.78625
          ],
          [
            -73.98372,
            40.7861
          ],
          [
            -73.98381,
            40.78596
          ],
          [
            -73.9839,
            40.78582
          ],
          [
            -73.98401,
            40.78566
          ],
          [
            -73.98412,
            40.78549
          ],
          [
            -73.98429,
            40.78523
          ],
          [
            -73.98442,
            40.78503
          ],
          [
            -73.98456,
            40.78484
          ],
          [
            -73.98469,
            40.78465
          ],
          [
            -73.98482,
            40.78446
          ],
          [
            -73.98496,
            40.78427
          ],
          [
            -73.98509,
            40.78408
          ],
          [
            -73.98523,
            40.78389
          ],
          [
            -73.98537,
            40.78369
          ],
          [
            -73.98545,
            40.78359
          ],
          [
            -73.98669,
            40.78189
          ],
          [
            -73.98676,
            40.7818
          ],
          [
            -73.98682,
            40.78172
          ],
          [
            -73.9869,
            40.78164
          ],
          [
            -73.98697,
            40.78156
          ],
          [
            -73.98697,
            40.78156
          ],
          [
            -73.98705,
            40.78148
          ],
          [
            -73.98763,
            40.7809
          ],
          [
            -73.98772,
            40.7808
          ],
          [
            -73.98782,
            40.7807
          ],
          [
            -73.98789,
            40.78061
          ],
          [
            -73.98797,
            40.78052
          ],
          [
            -73.98812,
            40.78032
          ],
          [
            -73.98827,
            40.78013
          ],
          [
            -73.98841,
            40.77994
          ],
          [
            -73.99202,
            40.775
          ],
          [
            -73.99245,
            40.7744
          ],
          [
            -73.99316,
            40.77339
          ],
          [
            -73.99317,
            40.77337
          ],
          [
            -73.99404,
            40.7722
          ],
          [
            -73.99418,
            40.772
          ],
          [
            -73.99425,
            40.77191
          ],
          [
            -73.99427,
            40.77188
          ],
          [
            -73.9943,
            40.77184
          ],
          [
            -73.99431,
            40.77182
          ],
          [
            -73.99432,
            40.77181
          ],
          [
            -73.99433,
            40.77179
          ],
          [
            -73.99434,
            40.77177
          ],
          [
            -73.99435,
            40.77176
          ],
          [
            -73.99437,
            40.77173
          ],
          [
            -73.99438,
            40.77171
          ],
          [
            -73.99439,
            40.77169
          ],
          [
            -73.99441,
            40.77167
          ],
          [
            -73.99443,
            40.77162
          ],
          [
            -73.99444,
            40.7716
          ],
          [
            -73.99446,
            40.77156
          ],
          [
            -73.99447,
            40.77154
          ],
          [
            -73.99449,
            40.7715
          ],
          [
            -73.9945,
            40.77147
          ],
          [
            -73.99452,
            40.77143
          ],
          [
            -73.99453,
            40.7714
          ],
          [
            -73.99455,
            40.77137
          ],
          [
            -73.99456,
            40.77134
          ],
          [
            -73.99457,
            40.77131
          ],
          [
            -73.99457,
            40.77129
          ],
          [
            -73.99458,
            40.77128
          ],
          [
            -73.99458,
            40.77126
          ],
          [
            -73.99459,
            40.77124
          ],
          [
            -73.9946,
            40.7712
          ],
          [
            -73.9946,
            40.77119
          ],
          [
            -73.99461,
            40.77118
          ],
          [
            -73.99461,
            40.77115
          ],
          [
            -73.99462,
            40.77114
          ],
          [
            -73.99462,
            40.77112
          ],
          [
            -73.99463,
            40.77109
          ],
          [
            -73.99463,
            40.77107
          ],
          [
            -73.99464,
            40.77104
          ],
          [
            -73.99464,
            40.77103
          ],
          [
            -73.99465,
            40.771
          ],
          [
            -73.99465,
            40.77097
          ],
          [
            -73.99466,
            40.77094
          ],
          [
            -73.99466,
            40.77091
          ],
          [
            -73.99467,
            40.77086
          ],
          [
            -73.99467,
            40.77083
          ],
          [
            -73.99468,
            40.77081
          ],
          [
            -73.99468,
            40.77081
          ],
          [
            -73.99477,
            40.77016
          ],
          [
            -73.99477,
            40.77012
          ],
          [
            -73.99479,
            40.77003
          ],
          [
            -73.9948,
            40.76996
          ],
          [
            -73.99482,
            40.76989
          ],
          [
            -73.99485,
            40.7698
          ],
          [
            -73.99488,
            40.76972
          ],
          [
            -73.99492,
            40.76962
          ],
          [
            -73.99497,
            40.76952
          ],
          [
            -73.99502,
            40.76942
          ],
          [
            -73.99502,
            40.76942
          ],
          [
            -73.99494,
            40.76931
          ],
          [
            -73.99491,
            40.76929
          ],
          [
            -73.99488,
            40.76927
          ],
          [
            -73.99485,
            40.76926
          ],
          [
            -73.99472,
            40.7692
          ],
          [
            -73.99299,
            40.76847
          ],
          [
            -73.99295,
            40.76845
          ],
          [
            -73.99279,
            40.76837
          ],
          [
            -73.99268,
            40.76833
          ],
          [
            -73.9915,
            40.76783
          ],
          [
            -73.9901,
            40.76724
          ],
          [
            -73.98996,
            40.76718
          ],
          [
            -73.98985,
            40.76713
          ],
          [
            -73.98727,
            40.76605
          ],
          [
            -73.98713,
            40.76599
          ],
          [
            -73.98702,
            40.76595
          ],
          [
            -73.98699,
            40.76594
          ],
          [
            -73.98696,
            40.76592
          ],
          [
            -73.9855,
            40.76532
          ],
          [
            -73.98513,
            40.76516
          ],
          [
            -73.9847,
            40.76498
          ],
          [
            -73.98441,
            40.76486
          ],
          [
            -73.98438,
            40.76485
          ],
          [
            -73.98427,
            40.7648
          ],
          [
            -73.98415,
            40.76474
          ],
          [
            -73.98413,
            40.76474
          ],
          [
            -73.98376,
            40.76458
          ],
          [
            -73.9826,
            40.76409
          ],
          [
            -73.98252,
            40.76406
          ],
          [
            -73.98242,
            40.76401
          ],
          [
            -73.98236,
            40.76399
          ],
          [
            -73.98201,
            40.76384
          ],
          [
            -73.98185,
            40.76377
          ],
          [
            -73.98157,
            40.76365
          ],
          [
            -73.98143,
            40.7636
          ],
          [
            -73.98131,
            40.76355
          ],
          [
            -73.98084,
            40.76334
          ],
          [
            -73.9804,
            40.76316
          ],
          [
            -73.98033,
            40.76314
          ],
          [
            -73.98025,
            40.7631
          ],
          [
            -73.97998,
            40.76298
          ],
          [
            -73.97985,
            40.76293
          ],
          [
            -73.97978,
            40.7629
          ],
          [
            -73.9797,
            40.76286
          ],
          [
            -73.97873,
            40.76245
          ],
          [
            -73.97861,
            40.7624
          ],
          [
            -73.97848,
            40.76235
          ],
          [
            -73.9782,
            40.76223
          ],
          [
            -73.9755,
            40.7611
          ],
          [
            -73.97538,
            40.76105
          ],
          [
            -73.97527,
            40.761
          ],
          [
            -73.97388,
            40.76042
          ],
          [
            -73.97377,
            40.76037
          ],
          [
            -73.97365,
            40.76032
          ],
          [
            -73.97243,
            40.75981
          ],
          [
            -73.97236,
            40.75978
          ],
          [
            -73.97225,
            40.75973
          ],
          [
            -73.97207,
            40.75965
          ],
          [
            -73.97195,
            40.7596
          ],
          [
            -73.97065,
            40.75905
          ],
          [
            -73.97053,
            40.759
          ],
          [
            -73.97053,
            40.759
          ],
          [
            -73.97058,
            40.75894
          ],
          [
            -73.97094,
            40.75845
          ],
          [
            -73.97099,
            40.75838
          ],
          [
            -73.97103,
            40.75832
          ],
          [
            -73.97125,
            40.75803
          ],
          [
            -73.97125,
            40.75803
          ],
          [
            -73.97125,
            40.75803
          ],
          [
            -73.9714,
            40.75781
          ],
          [
            -73.97144,
            40.75776
          ],
          [
            -73.97149,
            40.75769
          ],
          [
            -73.97187,
            40.75718
          ],
          [
            -73.9719,
            40.75713
          ],
          [
            -73.9719,
            40.75713
          ],
          [
            -73.97201,
            40.75717
          ],
          [
            -73.97288,
            40.75754
          ],
          [
            -73.97327,
            40.75771
          ],
          [
            -73.97331,
            40.75772
          ],
          [
            -73.97344,
            40.75778
          ],
          [
            -73.97344,
            40.75778
          ],
          [
            -73.9734,
            40.75783
          ],
          [
            -73.97306,
            40.7583
          ],
          [
            -73.97302,
            40.75835
          ],
          [
            -73.97298,
            40.75841
          ],
          [
            -73.97294,
            40.75846
          ],
          [
            -73.9726,
            40.75893
          ],
          [
            -73.97257,
            40.75897
          ],
          [
            -73.97253,
            40.75903
          ],
          [
            -73.97253,
            40.75903
          ],
          [
            -73.9727,
            40.7591
          ],
          [
            -73.97282,
            40.75915
          ],
          [
            -73.97412,
            40.75969
          ],
          [
            -73.97423,
            40.75973
          ],
          [
            -73.97434,
            40.75978
          ],
          [
            -73.97573,
            40.76036
          ],
          [
            -73.97584,
            40.76041
          ],
          [
            -73.97595,
            40.76045
          ],
          [
            -73.97686,
            40.76084
          ],
          [
            -73.97726,
            40.76101
          ],
          [
            -73.97765,
            40.76118
          ],
          [
            -73.97771,
            40.7612
          ],
          [
            -73.97808,
            40.76136
          ],
          [
            -73.97823,
            40.76142
          ],
          [
            -73.97863,
            40.7616
          ],
          [
            -73.97867,
            40.76162
          ],
          [
            -73.97893,
            40.76172
          ],
          [
            -73.97906,
            40.76177
          ],
          [
            -73.9792,
            40.76183
          ],
          [
            -73.97953,
            40.76197
          ],
          [
            -73.98008,
            40.7622
          ],
          [
            -73.98031,
            40.7623
          ],
          [
            -73.98035,
            40.76231
          ],
          [
            -73.98044,
            40.76235
          ],
          [
            -73.98064,
            40.76243
          ],
          [
            -73.98075,
            40.76248
          ],
          [
            -73.98085,
            40.76253
          ],
          [
            -73.98099,
            40.76258
          ],
          [
            -73.98123,
            40.76268
          ],
          [
            -73.98154,
            40.76281
          ],
          [
            -73.9816,
            40.76284
          ],
          [
            -73.98178,
            40.76291
          ],
          [
            -73.9819,
            40.76297
          ],
          [
            -73.98203,
            40.76302
          ],
          [
            -73.98274,
            40.76332
          ],
          [
            -73.98277,
            40.76333
          ],
          [
            -73.9829,
            40.76338
          ],
          [
            -73.98298,
            40.76341
          ],
          [
            -73.98423,
            40.76394
          ],
          [
            -73.9843,
            40.76397
          ],
          [
            -73.98462,
            40.76411
          ],
          [
            -73.98474,
            40.76416
          ],
          [
            -73.98488,
            40.76422
          ],
          [
            -73.98745,
            40.76531
          ],
          [
            -73.98758,
            40.76537
          ],
          [
            -73.98772,
            40.76543
          ],
          [
            -73.9903,
            40.76652
          ],
          [
            -73.99041,
            40.76656
          ],
          [
            -73.99041,
            40.76656
          ],
          [
            -73.99037,
            40.76662
          ],
          [
            -73.99,
            40.76713
          ],
          [
            -73.98996,
            40.76718
          ],
          [
            -73.98992,
            40.76725
          ],
          [
            -73.98963,
            40.76765
          ],
          [
            -73.98954,
            40.76776
          ],
          [
            -73.9895,
            40.76783
          ],
          [
            -73.98946,
            40.76788
          ],
          [
            -73.98909,
            40.76839
          ],
          [
            -73.98905,
            40.76845
          ],
          [
            -73.98901,
            40.7685
          ],
          [
            -73.98886,
            40.76871
          ],
          [
            -73.98872,
            40.7689
          ],
          [
            -73.98867,
            40.76897
          ],
          [
            -73.98863,
            40.76902
          ],
          [
            -73.98856,
            40.76912
          ],
          [
            -73.98856,
            40.76912
          ],
          [
            -73.98869,
            40.76917
          ],
          [
            -73.98897,
            40.76929
          ],
          [
            -73.9891,
            40.76935
          ],
          [
            -73.99034,
            40.76987
          ],
          [
            -73.99078,
            40.77006
          ],
          [
            -73.99126,
            40.77026
          ],
          [
            -73.99139,
            40.77032
          ],
          [
            -73.99154,
            40.77038
          ],
          [
            -73.99208,
            40.7706
          ],
          [
            -73.99243,
            40.77075
          ],
          [
            -73.99325,
            40.77109
          ],
          [
            -73.99357,
            40.77123
          ],
          [
            -73.9938,
            40.77138
          ],
          [
            -73.994,
            40.77146
          ],
          [
            -73.99405,
            40.77148
          ],
          [
            -73.99421,
            40.77153
          ],
          [
            -73.99421,
            40.77153
          ],
          [
            -73.99418,
            40.7716
          ],
          [
            -73.99417,
            40.77162
          ],
          [
            -73.99414,
            40.77167
          ],
          [
            -73.99412,
            40.77171
          ],
          [
            -73.9941,
            40.77175
          ],
          [
            -73.99408,
            40.77179
          ],
          [
            -73.99406,
            40.77182
          ],
          [
            -73.99405,
            40.77183
          ],
          [
            -73.99403,
            40.77186
          ],
          [
            -73.99402,
            40.77189
          ],
          [
            -73.994,
            40.77192
          ],
          [
            -73.99385,
            40.77212
          ],
          [
            -73.99334,
            40.77281
          ],
          [
            -73.9932,
            40.773
          ],
          [
            -73.99216,
            40.77456
          ],
          [
            -73.99198,
            40.77483
          ],
          [
            -73.99181,
            40.77507
          ],
          [
            -73.98837,
            40.77979
          ],
          [
            -73.98822,
            40.77999
          ],
          [
            -73.98808,
            40.78017
          ],
          [
            -73.98793,
            40.78036
          ],
          [
            -73.98777,
            40.78055
          ],
          [
            -73.9876,
            40.78073
          ],
          [
            -73.98743,
            40.78092
          ],
          [
            -73.9872,
            40.78116
          ],
          [
            -73.98708,
            40.78128
          ],
          [
            -73.98699,
            40.78136
          ],
          [
            -73.98691,
            40.78144
          ],
          [
            -73.98685,
            40.78151
          ],
          [
            -73.98673,
            40.78163
          ],
          [
            -73.98673,
            40.78163
          ],
          [
            -73.98665,
            40.78172
          ],
          [
            -73.98658,
            40.78182
          ],
          [
            -73.98533,
            40.78353
          ],
          [
            -73.9842,
            40.78512
          ],
          [
            -73.984,
            40.78544
          ],
          [
            -73.98388,
            40.7856
          ],
          [
            -73.98369,
            40.78588
          ],
          [
            -73.9836,
            40.78603
          ],
          [
            -73.98352,
            40.78619
          ],
          [
            -73.98343,
            40.78635
          ],
          [
            -73.98335,
            40.7865
          ],
          [
            -73.98327,
            40.78668
          ],
          [
            -73.98319,
            40.78686
          ],
          [
            -73.98311,
            40.78705
          ],
          [
            -73.98302,
            40.78729
          ],
          [
            -73.98295,
            40.78749
          ],
          [
            -73.98276,
            40.788
          ],
          [
            -73.98266,
            40.78826
          ],
          [
            -73.98259,
            40.78841
          ],
          [
            -73.98251,
            40.7886
          ],
          [
            -73.98243,
            40.78879
          ],
          [
            -73.98237,
            40.78893
          ],
          [
            -73.98228,
            40.78912
          ],
          [
            -73.98219,
            40.7893
          ],
          [
            -73.98211,
            40.78946
          ],
          [
            -73.98202,
            40.78963
          ],
          [
            -73.98193,
            40.78981
          ],
          [
            -73.98183,
            40.78998
          ],
          [
            -73.98174,
            40.79015
          ],
          [
            -73.98164,
            40.79032
          ],
          [
            -73.98155,
            40.79047
          ],
          [
            -73.98145,
            40.79065
          ],
          [
            -73.98129,
            40.7909
          ],
          [
            -73.98112,
            40.79115
          ],
          [
            -73.98096,
            40.79139
          ],
          [
            -73.98078,
            40.79164
          ],
          [
            -73.98061,
            40.79187
          ],
          [
            -73.98044,
            40.7921
          ],
          [
            -73.98031,
            40.79228
          ],
          [
            -73.98019,
            40.79244
          ],
          [
            -73.98008,
            40.79258
          ],
          [
            -73.97995,
            40.79274
          ],
          [
            -73.97981,
            40.7929
          ],
          [
            -73.97969,
            40.79304
          ],
          [
            -73.97956,
            40.79319
          ],
          [
            -73.97943,
            40.79333
          ],
          [
            -73.97926,
            40.79351
          ],
          [
            -73.97912,
            40.79366
          ],
          [
            -73.97897,
            40.79381
          ],
          [
            -73.97882,
            40.79395
          ],
          [
            -73.97867,
            40.79409
          ],
          [
            -73.97847,
            40.79427
          ],
          [
            -73.97836,
            40.79436
          ],
          [
            -73.97818,
            40.79451
          ],
          [
            -73.97802,
            40.79465
          ],
          [
            -73.97784,
            40.79479
          ],
          [
            -73.97737,
            40.79517
          ],
          [
            -73.9772,
            40.79531
          ],
          [
            -73.977,
            40.79545
          ],
          [
            -73.97673,
            40.79569
          ],
          [
            -73.97655,
            40.79585
          ],
          [
            -73.9764,
            40.796
          ],
          [
            -73.97622,
            40.79619
          ],
          [
            -73.97608,
            40.79636
          ],
          [
            -73.97601,
            40.79646
          ],
          [
            -73.97595,
            40.79656
          ],
          [
            -73.97589,
            40.79665
          ],
          [
            -73.97583,
            40.79677
          ],
          [
            -73.97578,
            40.79686
          ],
          [
            -73.97573,
            40.79697
          ],
          [
            -73.97561,
            40.79722
          ],
          [
            -73.97553,
            40.79739
          ],
          [
            -73.97504,
            40.79886
          ],
          [
            -73.97489,
            40.79929
          ],
          [
            -73.97483,
            40.79946
          ],
          [
            -73.97475,
            40.79966
          ],
          [
            -73.97466,
            40.79986
          ],
          [
            -73.97456,
            40.80006
          ],
          [
            -73.97447,
            40.80025
          ],
          [
            -73.97436,
            40.80045
          ],
          [
            -73.97425,
            40.80064
          ],
          [
            -73.97414,
            40.80083
          ],
          [
            -73.97402,
            40.80102
          ],
          [
            -73.97364,
            40.80161
          ],
          [
            -73.97358,
            40.8017
          ],
          [
            -73.97347,
            40.80186
          ],
          [
            -73.97337,
            40.80201
          ],
          [
            -73.97325,
            40.80218
          ],
          [
            -73.97313,
            40.80234
          ],
          [
            -73.97303,
            40.8025
          ],
          [
            -73.97292,
            40.80265
          ],
          [
            -73.97281,
            40.80281
          ],
          [
            -73.97269,
            40.80297
          ],
          [
            -73.97258,
            40.80313
          ],
          [
            -73.97245,
            40.8033
          ],
          [
            -73.97234,
            40.80347
          ],
          [
            -73.97222,
            40.80362
          ],
          [
            -73.97212,
            40.80377
          ],
          [
            -73.97199,
            40.80394
          ],
          [
            -73.97187,
            40.80411
          ],
          [
            -73.97174,
            40.80427
          ],
          [
            -73.97161,
            40.80444
          ],
          [
            -73.97149,
            40.8046
          ],
          [
            -73.97138,
            40.80475
          ],
          [
            -73.97126,
            40.80491
          ],
          [
            -73.97113,
            40.80507
          ],
          [
            -73.97102,
            40.80521
          ],
          [
            -73.97089,
            40.80538
          ],
          [
            -73.97077,
            40.80553
          ],
          [
            -73.97063,
            40.8057
          ],
          [
            -73.97052,
            40.80585
          ],
          [
            -73.9704,
            40.806
          ],
          [
            -73.97027,
            40.80616
          ],
          [
            -73.97013,
            40.80635
          ],
          [
            -73.97002,
            40.80649
          ],
          [
            -73.9699,
            40.80665
          ],
          [
            -73.96977,
            40.8068
          ],
          [
            -73.96965,
            40.80696
          ],
          [
            -73.96953,
            40.80712
          ],
          [
            -73.96941,
            40.80728
          ],
          [
            -73.96929,
            40.80745
          ],
          [
            -73.96917,
            40.8076
          ],
          [
            -73.96906,
            40.80776
          ],
          [
            -73.96888,
            40.80801
          ],
          [
            -73.96877,
            40.80817
          ],
          [
            -73.96866,
            40.80833
          ],
          [
            -73.96855,
            40.8085
          ],
          [
            -73.96843,
            40.80866
          ],
          [
            -73.96833,
            40.80883
          ],
          [
            -73.96822,
            40.80899
          ],
          [
            -73.96811,
            40.80916
          ],
          [
            -73.96744,
            40.81022
          ],
          [
            -73.96733,
            40.8104
          ],
          [
            -73.96722,
            40.81056
          ],
          [
            -73.96722,
            40.81056
          ],
          [
            -73.96686,
            40.811
          ],
          [
            -73.96648,
            40.81143
          ],
          [
            -73.96548,
            40.81261
          ],
          [
            -73.96486,
            40.81332
          ],
          [
            -73.96439,
            40.8139
          ],
          [
            -73.96389,
            40.81459
          ],
          [
            -73.96333,
            40.81543
          ],
          [
            -73.96319,
            40.81564
          ],
          [
            -73.96304,
            40.81583
          ],
          [
            -73.96292,
            40.816
          ],
          [
            -73.9628,
            40.81615
          ],
          [
            -73.96267,
            40.8163
          ],
          [
            -73.96254,
            40.81644
          ],
          [
            -73.96203,
            40.81693
          ],
          [
            -73.96171,
            40.81722
          ],
          [
            -73.96163,
            40.81728
          ],
          [
            -73.96155,
            40.81735
          ],
          [
            -73.96146,
            40.81742
          ],
          [
            -73.9614,
            40.81746
          ],
          [
            -73.96132,
            40.81751
          ],
          [
            -73.96123,
            40.81756
          ],
          [
            -73.9611,
            40.81762
          ],
          [
            -73.96102,
            40.81766
          ],
          [
            -73.96102,
            40.81766
          ],
          [
            -73.96072,
            40.81754
          ],
          [
            -73.96056,
            40.81747
          ],
          [
            -73.95976,
            40.81714
          ],
          [
            -73.95953,
            40.81705
          ],
          [
            -73.95953,
            40.81705
          ],
          [
            -73.95952,
            40.81703
          ],
          [
            -73.95949,
            40.81701
          ],
          [
            -73.95868,
            40.81613
          ],
          [
            -73.95855,
            40.81598
          ],
          [
            -73.95844,
            40.81587
          ],
          [
            -73.95839,
            40.81581
          ],
          [
            -73.95828,
            40.81569
          ],
          [
            -73.95827,
            40.81568
          ],
          [
            -73.95821,
            40.81561
          ],
          [
            -73.95821,
            40.81561
          ],
          [
            -73.95813,
            40.81573
          ],
          [
            -73.95793,
            40.81601
          ],
          [
            -73.95777,
            40.81623
          ],
          [
            -73.95773,
            40.81628
          ],
          [
            -73.95768,
            40.81636
          ],
          [
            -73.95728,
            40.8169
          ],
          [
            -73.9569,
            40.81743
          ],
          [
            -73.95684,
            40.81751
          ],
          [
            -73.9568,
            40.81757
          ],
          [
            -73.9564,
            40.81811
          ],
          [
            -73.95636,
            40.81816
          ],
          [
            -73.95633,
            40.81821
          ],
          [
            -73.95595,
            40.8187
          ],
          [
            -73.95591,
            40.81876
          ],
          [
            -73.95587,
            40.81882
          ],
          [
            -73.95546,
            40.81939
          ],
          [
            -73.95505,
            40.81996
          ],
          [
            -73.95497,
            40.82007
          ],
          [
            -73.95497,
            40.82007
          ],
          [
            -73.95486,
            40.82002
          ],
          [
            -73.95239,
            40.81897
          ],
          [
            -73.95237,
            40.81897
          ],
          [
            -73.95234,
            40.81896
          ],
          [
            -73.95227,
            40.81894
          ],
          [
            -73.95221,
            40.81893
          ],
          [
            -73.95221,
            40.81893
          ],
          [
            -73.95217,
            40.81899
          ],
          [
            -73.95216,
            40.81901
          ],
          [
            -73.95178,
            40.81951
          ],
          [
            -73.95173,
            40.81957
          ],
          [
            -73.95168,
            40.81964
          ],
          [
            -73.9513,
            40.82016
          ],
          [
            -73.95087,
            40.82075
          ],
          [
            -73.95081,
            40.82082
          ],
          [
            -73.95078,
            40.82087
          ],
          [
            -73.9504,
            40.82139
          ],
          [
            -73.95036,
            40.82144
          ],
          [
            -73.95032,
            40.82151
          ],
          [
            -73.94995,
            40.82201
          ],
          [
            -73.94991,
            40.82206
          ],
          [
            -73.94986,
            40.82213
          ],
          [
            -73.9495,
            40.82263
          ],
          [
            -73.94946,
            40.82268
          ],
          [
            -73.94941,
            40.82275
          ],
          [
            -73.94904,
            40.82326
          ],
          [
            -73.94899,
            40.82332
          ],
          [
            -73.94895,
            40.82337
          ],
          [
            -73.94879,
            40.8236
          ],
          [
            -73.94879,
            40.8236
          ],
          [
            -73.94879,
            40.8236
          ],
          [
            -73.94895,
            40.82337
          ],
          [
            -73.94899,
            40.82332
          ],
          [
            -73.94904,
            40.82326
          ],
          [
            -73.94941,
            40.82275
          ],
          [
            -73.94946,
            40.82268
          ],
          [
            -73.9495,
            40.82263
          ],
          [
            -73.94986,
            40.82213
          ],
          [
            -73.94991,
            40.82206
          ],
          [
            -73.94995,
            40.82201
          ],
          [
            -73.95018,
            40.82169
          ],
          [
            -73.95018,
            40.82169
          ],
          [
            -73.95018,
            40.82169
          ],
          [
            -73.95032,
            40.82151
          ],
          [
            -73.95036,
            40.82144
          ],
          [
            -73.9504,
            40.82139
          ],
          [
            -73.95078,
            40.82087
          ],
          [
            -73.95081,
            40.82082
          ],
          [
            -73.95087,
            40.82075
          ],
          [
            -73.9513,
            40.82016
          ],
          [
            -73.95168,
            40.81964
          ],
          [
            -73.95173,
            40.81957
          ],
          [
            -73.95178,
            40.81951
          ],
          [
            -73.95216,
            40.81901
          ],
          [
            -73.95217,
            40.81899
          ],
          [
            -73.95221,
            40.81893
          ],
          [
            -73.95221,
            40.81893
          ],
          [
            -73.95227,
            40.81894
          ],
          [
            -73.95234,
            40.81896
          ],
          [
            -73.95237,
            40.81897
          ],
          [
            -73.95239,
            40.81897
          ],
          [
            -73.95486,
            40.82002
          ],
          [
            -73.95497,
            40.82007
          ],
          [
            -73.95497,
            40.82007
          ],
          [
            -73.95519,
            40.82016
          ],
          [
            -73.95527,
            40.82005
          ],
          [
            -73.95608,
            40.81892
          ],
          [
            -73.95612,
            40.81885
          ],
          [
            -73.95612,
            40.81885
          ],
          [
            -73.95621,
            40.81889
          ],
          [
            -73.95669,
            40.81909
          ],
          [
            -73.95678,
            40.81913
          ],
          [
            -73.95744,
            40.81941
          ],
          [
            -73.95824,
            40.81974
          ],
          [
            -73.95872,
            40.81995
          ],
          [
            -73.9589,
            40.82002
          ],
          [
            -73.959,
            40.82006
          ],
          [
            -73.95949,
            40.82026
          ],
          [
            -73.95965,
            40.82033
          ],
          [
            -73.95965,
            40.82033
          ],
          [
            -73.95969,
            40.82028
          ],
          [
            -73.96008,
            40.81979
          ],
          [
            -73.96013,
            40.81973
          ],
          [
            -73.96018,
            40.81967
          ],
          [
            -73.96053,
            40.81927
          ],
          [
            -73.96065,
            40.81914
          ],
          [
            -73.961,
            40.81874
          ],
          [
            -73.96106,
            40.81868
          ],
          [
            -73.96113,
            40.81862
          ],
          [
            -73.96129,
            40.81848
          ],
          [
            -73.96171,
            40.8181
          ],
          [
            -73.96181,
            40.818
          ],
          [
            -73.96181,
            40.818
          ],
          [
            -73.96191,
            40.81796
          ],
          [
            -73.96254,
            40.81734
          ],
          [
            -73.96277,
            40.81711
          ],
          [
            -73.96299,
            40.81688
          ],
          [
            -73.96318,
            40.81669
          ],
          [
            -73.96333,
            40.81651
          ],
          [
            -73.96344,
            40.81639
          ],
          [
            -73.9636,
            40.8162
          ],
          [
            -73.96376,
            40.816
          ],
          [
            -73.96385,
            40.81588
          ],
          [
            -73.96393,
            40.81577
          ],
          [
            -73.964,
            40.81564
          ],
          [
            -73.96416,
            40.81538
          ],
          [
            -73.96416,
            40.81538
          ],
          [
            -73.96429,
            40.81519
          ],
          [
            -73.96442,
            40.815
          ],
          [
            -73.96459,
            40.8147
          ],
          [
            -73.96471,
            40.8145
          ],
          [
            -73.96482,
            40.8143
          ],
          [
            -73.96493,
            40.8141
          ],
          [
            -73.96506,
            40.81391
          ],
          [
            -73.96518,
            40.81371
          ],
          [
            -73.96531,
            40.81352
          ],
          [
            -73.96545,
            40.81333
          ],
          [
            -73.96559,
            40.81314
          ],
          [
            -73.96574,
            40.81296
          ],
          [
            -73.96589,
            40.81277
          ],
          [
            -73.96603,
            40.81258
          ],
          [
            -73.96618,
            40.8124
          ],
          [
            -73.96632,
            40.81221
          ],
          [
            -73.96646,
            40.81202
          ],
          [
            -73.96659,
            40.81183
          ],
          [
            -73.96672,
            40.81164
          ],
          [
            -73.96686,
            40.81144
          ],
          [
            -73.96698,
            40.81125
          ],
          [
            -73.96828,
            40.8092
          ],
          [
            -73.96841,
            40.809
          ],
          [
            -73.96853,
            40.80881
          ],
          [
            -73.96866,
            40.80862
          ],
          [
            -73.96879,
            40.80842
          ],
          [
            -73.96893,
            40.80823
          ],
          [
            -73.96906,
            40.80804
          ],
          [
            -73.9692,
            40.80785
          ],
          [
            -73.96933,
            40.80766
          ],
          [
            -73.96947,
            40.80747
          ],
          [
            -73.96961,
            40.80728
          ],
          [
            -73.96975,
            40.8071
          ],
          [
            -73.9699,
            40.80691
          ],
          [
            -73.97004,
            40.80672
          ],
          [
            -73.97019,
            40.80653
          ],
          [
            -73.97128,
            40.80513
          ],
          [
            -73.97143,
            40.80495
          ],
          [
            -73.97157,
            40.80476
          ],
          [
            -73.97171,
            40.80457
          ],
          [
            -73.97186,
            40.80438
          ],
          [
            -73.972,
            40.8042
          ],
          [
            -73.97214,
            40.804
          ],
          [
            -73.97228,
            40.80382
          ],
          [
            -73.97242,
            40.80363
          ],
          [
            -73.97256,
            40.80344
          ],
          [
            -73.97269,
            40.80325
          ],
          [
            -73.97283,
            40.80306
          ],
          [
            -73.97297,
            40.80287
          ],
          [
            -73.97363,
            40.80191
          ],
          [
            -73.97387,
            40.80156
          ],
          [
            -73.97399,
            40.80137
          ],
          [
            -73.97412,
            40.80117
          ],
          [
            -73.97425,
            40.80097
          ],
          [
            -73.97436,
            40.80077
          ],
          [
            -73.97448,
            40.80058
          ],
          [
            -73.97459,
            40.80038
          ],
          [
            -73.9747,
            40.80017
          ],
          [
            -73.9748,
            40.79996
          ],
          [
            -73.97489,
            40.79976
          ],
          [
            -73.97497,
            40.79956
          ],
          [
            -73.97506,
            40.79933
          ],
          [
            -73.97522,
            40.79891
          ],
          [
            -73.97563,
            40.79787
          ],
          [
            -73.97594,
            40.79717
          ],
          [
            -73.97599,
            40.79706
          ],
          [
            -73.97606,
            40.79692
          ],
          [
            -73.97614,
            40.79677
          ],
          [
            -73.9762,
            40.79668
          ],
          [
            -73.97627,
            40.79657
          ],
          [
            -73.97633,
            40.79648
          ],
          [
            -73.9764,
            40.79638
          ],
          [
            -73.97648,
            40.79629
          ],
          [
            -73.97655,
            40.79621
          ],
          [
            -73.97689,
            40.79588
          ],
          [
            -73.97701,
            40.79575
          ],
          [
            -73.97719,
            40.79558
          ],
          [
            -73.97737,
            40.79542
          ],
          [
            -73.97756,
            40.79526
          ],
          [
            -73.97832,
            40.7946
          ],
          [
            -73.9786,
            40.79436
          ],
          [
            -73.97878,
            40.79419
          ],
          [
            -73.97897,
            40.79402
          ],
          [
            -73.97914,
            40.79386
          ],
          [
            -73.97932,
            40.79368
          ],
          [
            -73.97949,
            40.79351
          ],
          [
            -73.97965,
            40.79333
          ],
          [
            -73.97981,
            40.79315
          ],
          [
            -73.97997,
            40.79296
          ],
          [
            -73.98012,
            40.79278
          ],
          [
            -73.98027,
            40.7926
          ],
          [
            -73.98041,
            40.79241
          ],
          [
            -73.98056,
            40.79222
          ],
          [
            -73.9807,
            40.79204
          ],
          [
            -73.98084,
            40.79185
          ],
          [
            -73.98098,
            40.79166
          ],
          [
            -73.98111,
            40.79147
          ],
          [
            -73.98124,
            40.79127
          ],
          [
            -73.98137,
            40.79108
          ],
          [
            -73.9815,
            40.79088
          ],
          [
            -73.98162,
            40.79069
          ],
          [
            -73.98174,
            40.79049
          ],
          [
            -73.98186,
            40.7903
          ],
          [
            -73.98197,
            40.79009
          ],
          [
            -73.98208,
            40.78989
          ],
          [
            -73.98218,
            40.7897
          ],
          [
            -73.98229,
            40.78949
          ],
          [
            -73.98239,
            40.78929
          ],
          [
            -73.98248,
            40.78909
          ],
          [
            -73.98258,
            40.78888
          ],
          [
            -73.98267,
            40.78868
          ],
          [
            -73.98275,
            40.78847
          ],
          [
            -73.98284,
            40.78827
          ],
          [
            -73.98292,
            40.78805
          ],
          [
            -73.98318,
            40.78734
          ],
          [
            -73.98325,
            40.78713
          ],
          [
            -73.98333,
            40.78693
          ],
          [
            -73.98342,
            40.78672
          ],
          [
            -73.98349,
            40.78656
          ],
          [
            -73.98356,
            40.78641
          ],
          [
            -73.98364,
            40.78625
          ],
          [
            -73.98372,
            40.7861
          ],
          [
            -73.98381,
            40.78596
          ],
          [
            -73.9839,
            40.78582
          ],
          [
            -73.98401,
            40.78566
          ],
          [
            -73.98412,
            40.78549
          ],
          [
            -73.98429,
            40.78523
          ],
          [
            -73.98442,
            40.78503
          ],
          [
            -73.98456,
            40.78484
          ],
          [
            -73.98469,
            40.78465
          ],
          [
            -73.98482,
            40.78446
          ],
          [
            -73.98496,
            40.78427
          ],
          [
            -73.98509,
            40.78408
          ],
          [
            -73.98523,
            40.78389
          ],
          [
            -73.98537,
            40.78369
          ],
          [
            -73.98545,
            40.78359
          ],
          [
            -73.98669,
            40.78189
          ],
          [
            -73.98676,
            40.7818
          ],
          [
            -73.98682,
            40.78172
          ],
          [
            -73.9869,
            40.78164
          ],
          [
            -73.98697,
            40.78156
          ],
          [
            -73.98697,
            40.78156
          ],
          [
            -73.98705,
            40.78148
          ],
          [
            -73.98763,
            40.7809
          ],
          [
            -73.98772,
            40.7808
          ],
          [
            -73.98782,
            40.7807
          ],
          [
            -73.98789,
            40.78061
          ],
          [
            -73.98797,
            40.78052
          ],
          [
            -73.98812,
            40.78032
          ],
          [
            -73.98827,
            40.78013
          ],
          [
            -73.98841,
            40.77994
          ],
          [
            -73.99202,
            40.775
          ],
          [
            -73.99245,
            40.7744
          ],
          [
            -73.99316,
            40.77339
          ],
          [
            -73.99317,
            40.77337
          ],
          [
            -73.99404,
            40.7722
          ],
          [
            -73.99418,
            40.772
          ],
          [
            -73.99425,
            40.77191
          ],
          [
            -73.99427,
            40.77188
          ],
          [
            -73.9943,
            40.77184
          ],
          [
            -73.99431,
            40.77182
          ],
          [
            -73.99432,
            40.77181
          ],
          [
            -73.99433,
            40.77179
          ],
          [
            -73.99434,
            40.77177
          ],
          [
            -73.99435,
            40.77176
          ],
          [
            -73.99437,
            40.77173
          ],
          [
            -73.99438,
            40.77171
          ],
          [
            -73.99439,
            40.77169
          ],
          [
            -73.99441,
            40.77167
          ],
          [
            -73.99443,
            40.77162
          ],
          [
            -73.99444,
            40.7716
          ],
          [
            -73.99446,
            40.77156
          ],
          [
            -73.99447,
            40.77154
          ],
          [
            -73.99449,
            40.7715
          ],
          [
            -73.9945,
            40.77147
          ],
          [
            -73.99452,
            40.77143
          ],
          [
            -73.99453,
            40.7714
          ],
          [
            -73.99455,
            40.77137
          ],
          [
            -73.99456,
            40.77134
          ],
          [
            -73.99457,
            40.77131
          ],
          [
            -73.99457,
            40.77129
          ],
          [
            -73.99458,
            40.77128
          ],
          [
            -73.99458,
            40.77126
          ],
          [
            -73.99459,
            40.77124
          ],
          [
            -73.9946,
            40.7712
          ],
          [
            -73.9946,
            40.77119
          ],
          [
            -73.99461,
            40.77118
          ],
          [
            -73.99461,
            40.77115
          ],
          [
            -73.99462,
            40.77114
          ],
          [
            -73.99462,
            40.77112
          ],
          [
            -73.99463,
            40.77109
          ],
          [
            -73.99463,
            40.77107
          ],
          [
            -73.99464,
            40.77104
          ],
          [
            -73.99464,
            40.77103
          ],
          [
            -73.99465,
            40.771
          ],
          [
            -73.99465,
            40.77097
          ],
          [
            -73.99466,
            40.77094
          ],
          [
            -73.99466,
            40.77091
          ],
          [
            -73.99467,
            40.77086
          ],
          [
            -73.99467,
            40.77083
          ],
          [
            -73.99468,
            40.77081
          ],
          [
            -73.99468,
            40.77081
          ],
          [
            -73.99477,
            40.77016
          ],
          [
            -73.99477,
            40.77012
          ],
          [
            -73.99479,
            40.77003
          ],
          [
            -73.9948,
            40.76996
          ],
          [
            -73.99482,
            40.76989
          ],
          [
            -73.99485,
            40.7698
          ],
          [
            -73.99488,
            40.76972
          ],
          [
            -73.99492,
            40.76962
          ],
          [
            -73.99497,
            40.76952
          ],
          [
            -73.99502,
            40.76942
          ],
          [
            -73.99502,
            40.76942
          ],
          [
            -73.99494,
            40.76931
          ],
          [
            -73.99491,
            40.76929
          ],
          [
            -73.99488,
            40.76927
          ],
          [
            -73.99485,
            40.76926
          ],
          [
            -73.99472,
            40.7692
          ],
          [
            -73.99299,
            40.76847
          ],
          [
            -73.99295,
            40.76845
          ],
          [
            -73.99279,
            40.76837
          ],
          [
            -73.99268,
            40.76833
          ],
          [
            -73.9915,
            40.76783
          ],
          [
            -73.9901,
            40.76724
          ],
          [
            -73.98996,
            40.76718
          ],
          [
            -73.98985,
            40.76713
          ],
          [
            -73.98727,
            40.76605
          ],
          [
            -73.98713,
            40.76599
          ],
          [
            -73.98702,
            40.76595
          ],
          [
            -73.98699,
            40.76594
          ],
          [
            -73.98696,
            40.76592
          ],
          [
            -73.9855,
            40.76532
          ],
          [
            -73.98513,
            40.76516
          ],
          [
            -73.9847,
            40.76498
          ],
          [
            -73.98441,
            40.76486
          ],
          [
            -73.98438,
            40.76485
          ],
          [
            -73.98427,
            40.7648
          ],
          [
            -73.98415,
            40.76474
          ],
          [
            -73.98413,
            40.76474
          ],
          [
            -73.98376,
            40.76458
          ],
          [
            -73.9826,
            40.76409
          ],
          [
            -73.98252,
            40.76406
          ],
          [
            -73.98242,
            40.76401
          ],
          [
            -73.98236,
            40.76399
          ],
          [
            -73.98201,
            40.76384
          ],
          [
            -73.98185,
            40.76377
          ],
          [
            -73.98157,
            40.76365
          ],
          [
            -73.98143,
            40.7636
          ],
          [
            -73.98131,
            40.76355
          ],
          [
            -73.98084,
            40.76334
          ],
          [
            -73.9804,
            40.76316
          ],
          [
            -73.98033,
            40.76314
          ],
          [
            -73.98025,
            40.7631
          ],
          [
            -73.97998,
            40.76298
          ],
          [
            -73.97985,
            40.76293
          ],
          [
            -73.97978,
            40.7629
          ],
          [
            -73.9797,
            40.76286
          ],
          [
            -73.97873,
            40.76245
          ],
          [
            -73.97861,
            40.7624
          ],
          [
            -73.97848,
            40.76235
          ],
          [
            -73.9782,
            40.76223
          ],
          [
            -73.9755,
            40.7611
          ],
          [
            -73.97538,
            40.76105
          ],
          [
            -73.97527,
            40.761
          ],
          [
            -73.97388,
            40.76042
          ],
          [
            -73.97377,
            40.76037
          ],
          [
            -73.97365,
            40.76032
          ],
          [
            -73.97243,
            40.75981
          ],
          [
            -73.97236,
            40.75978
          ],
          [
            -73.97225,
            40.75973
          ],
          [
            -73.97207,
            40.75965
          ],
          [
            -73.97195,
            40.7596
          ],
          [
            -73.97065,
            40.75905
          ],
          [
            -73.97053,
            40.759
          ],
          [
            -73.97053,
            40.759
          ],
          [
            -73.97058,
            40.75894
          ],
          [
            -73.97094,
            40.75845
          ],
          [
            -73.97099,
            40.75838
          ],
          [
            -73.97103,
            40.75832
          ],
          [
            -73.9714,
            40.75781
          ],
          [
            -73.97144,
            40.75776
          ],
          [
            -73.97149,
            40.75769
          ],
          [
            -73.97187,
            40.75718
          ],
          [
            -73.9719,
            40.75713
          ],
          [
            -73.97194,
            40.75707
          ],
          [
            -73.97232,
            40.75656
          ],
          [
            -73.97236,
            40.7565
          ],
          [
            -73.9724,
            40.75644
          ],
          [
            -73.97278,
            40.75593
          ],
          [
            -73.97282,
            40.75587
          ],
          [
            -73.97286,
            40.75582
          ],
          [
            -73.97323,
            40.75531
          ],
          [
            -73.97327,
            40.75525
          ],
          [
            -73.97331,
            40.75519
          ],
          [
            -73.97369,
            40.75468
          ],
          [
            -73.97373,
            40.75461
          ],
          [
            -73.97377,
            40.75457
          ],
          [
            -73.97409,
            40.75413
          ],
          [
            -73.97409,
            40.75413
          ],
          [
            -73.97409,
            40.75413
          ],
          [
            -73.97415,
            40.75405
          ],
          [
            -73.97419,
            40.75399
          ],
          [
            -73.97422,
            40.75395
          ],
          [
            -73.9746,
            40.75343
          ],
          [
            -73.97465,
            40.75337
          ],
          [
            -73.97465,
            40.75337
          ],
          [
            -73.97474,
            40.75341
          ],
          [
            -73.97567,
            40.7538
          ],
          [
            -73.97572,
            40.75382
          ],
          [
            -73.97575,
            40.75383
          ],
          [
            -73.97589,
            40.75389
          ],
          [
            -73.976,
            40.75394
          ],
          [
            -73.97626,
            40.75405
          ],
          [
            -73.9769,
            40.75432
          ],
          [
            -73.97698,
            40.75435
          ],
          [
            -73.97706,
            40.75439
          ],
          [
            -73.97777,
            40.75469
          ],
          [
            -73.97787,
            40.75474
          ],
          [
            -73.97799,
            40.75479
          ],
          [
            -73.97937,
            40.75536
          ],
          [
            -73.97949,
            40.75541
          ],
          [
            -73.97961,
            40.75547
          ],
          [
            -73.98002,
            40.75564
          ],
          [
            -73.98172,
            40.75636
          ],
          [
            -73.98231,
            40.75661
          ],
          [
            -73.98258,
            40.75672
          ],
          [
            -73.98271,
            40.75677
          ],
          [
            -73.98284,
            40.75682
          ],
          [
            -73.98348,
            40.7571
          ],
          [
            -73.98483,
            40.75767
          ],
          [
            -73.98537,
            40.7579
          ],
          [
            -73.98542,
            40.75791
          ],
          [
            -73.98544,
            40.75792
          ],
          [
            -73.98553,
            40.75796
          ],
          [
            -73.98565,
            40.75801
          ],
          [
            -73.98568,
            40.75803
          ],
          [
            -73.98573,
            40.75805
          ],
          [
            -73.98623,
            40.75825
          ],
          [
            -73.98673,
            40.75846
          ],
          [
            -73.98826,
            40.75911
          ],
          [
            -73.98839,
            40.75916
          ],
          [
            -73.98853,
            40.75922
          ],
          [
            -73.99089,
            40.76022
          ],
          [
            -73.99109,
            40.7603
          ],
          [
            -73.99123,
            40.76036
          ],
          [
            -73.99136,
            40.76041
          ],
          [
            -73.99395,
            40.7615
          ],
          [
            -73.99407,
            40.76155
          ],
          [
            -73.99421,
            40.76161
          ],
          [
            -73.99465,
            40.7618
          ],
          [
            -73.99493,
            40.76192
          ],
          [
            -73.99678,
            40.76269
          ],
          [
            -73.99689,
            40.76274
          ],
          [
            -73.99702,
            40.76279
          ],
          [
            -73.99705,
            40.76281
          ],
          [
            -73.99765,
            40.76306
          ],
          [
            -73.99816,
            40.76328
          ],
          [
            -73.99881,
            40.76356
          ],
          [
            -73.99886,
            40.76358
          ],
          [
            -73.99897,
            40.76363
          ],
          [
            -73.99897,
            40.76363
          ],
          [
            -73.99893,
            40.76368
          ],
          [
            -73.99888,
            40.76374
          ],
          [
            -73.99883,
            40.7638
          ],
          [
            -73.99872,
            40.76395
          ],
          [
            -73.9986,
            40.76411
          ],
          [
            -73.99857,
            40.76415
          ],
          [
            -73.9985,
            40.76424
          ],
          [
            -73.99839,
            40.7644
          ],
          [
            -73.99805,
            40.76487
          ],
          [
            -73.99778,
            40.76524
          ],
          [
            -73.99771,
            40.76534
          ],
          [
            -73.99766,
            40.76541
          ],
          [
            -73.99759,
            40.7655
          ],
          [
            -73.99747,
            40.76567
          ],
          [
            -73.99714,
            40.76612
          ],
          [
            -73.99676,
            40.76664
          ],
          [
            -73.99674,
            40.76667
          ],
          [
            -73.99668,
            40.76675
          ],
          [
            -73.99636,
            40.76719
          ],
          [
            -73.99622,
            40.76737
          ],
          [
            -73.99593,
            40.76778
          ],
          [
            -73.99586,
            40.76788
          ],
          [
            -73.99582,
            40.76792
          ],
          [
            -73.99576,
            40.76801
          ],
          [
            -73.99502,
            40.76903
          ],
          [
            -73.99494,
            40.76913
          ],
          [
            -73.99491,
            40.76917
          ],
          [
            -73.99488,
            40.76922
          ],
          [
            -73.99485,
            40.76926
          ],
          [
            -73.99477,
            40.76939
          ],
          [
            -73.99471,
            40.76949
          ],
          [
            -73.99467,
            40.76957
          ],
          [
            -73.99463,
            40.76966
          ],
          [
            -73.99462,
            40.76969
          ],
          [
            -73.9946,
            40.76975
          ],
          [
            -73.99457,
            40.76984
          ],
          [
            -73.99454,
            40.76994
          ],
          [
            -73.99451,
            40.77003
          ],
          [
            -73.9945,
            40.77012
          ],
          [
            -73.99448,
            40.77022
          ],
          [
            -73.99447,
            40.77031
          ],
          [
            -73.99445,
            40.7705
          ],
          [
            -73.99443,
            40.77064
          ],
          [
            -73.99442,
            40.7707
          ],
          [
            -73.99439,
            40.77094
          ],
          [
            -73.99438,
            40.77101
          ],
          [
            -73.99437,
            40.77106
          ],
          [
            -73.99436,
            40.77109
          ],
          [
            -73.99436,
            40.77113
          ],
          [
            -73.99435,
            40.77115
          ],
          [
            -73.99435,
            40.77118
          ],
          [
            -73.99434,
            40.7712
          ],
          [
            -73.99433,
            40.77123
          ],
          [
            -73.99432,
            40.77125
          ],
          [
            -73.99431,
            40.77128
          ],
          [
            -73.9943,
            40.77131
          ],
          [
            -73.99429,
            40.77134
          ],
          [
            -73.99428,
            40.77138
          ],
          [
            -73.99427,
            40.77141
          ],
          [
            -73.99425,
            40.77145
          ],
          [
            -73.99423,
            40.77149
          ],
          [
            -73.99421,
            40.77153
          ],
          [
            -73.99421,
            40.77153
          ],
          [
            -73.99418,
            40.7716
          ],
          [
            -73.99417,
            40.77162
          ],
          [
            -73.99414,
            40.77167
          ],
          [
            -73.99412,
            40.77171
          ],
          [
            -73.9941,
            40.77175
          ],
          [
            -73.99408,
            40.77179
          ],
          [
            -73.99406,
            40.77182
          ],
          [
            -73.99405,
            40.77183
          ],
          [
            -73.99403,
            40.77186
          ],
          [
            -73.99402,
            40.77189
          ],
          [
            -73.994,
            40.77192
          ],
          [
            -73.99385,
            40.77212
          ],
          [
            -73.99334,
            40.77281
          ],
          [
            -73.9932,
            40.773
          ],
          [
            -73.99216,
            40.77456
          ],
          [
            -73.99198,
            40.77483
          ],
          [
            -73.99181,
            40.77507
          ],
          [
            -73.98837,
            40.77979
          ],
          [
            -73.98822,
            40.77999
          ],
          [
            -73.98808,
            40.78017
          ],
          [
            -73.98793,
            40.78036
          ],
          [
            -73.98777,
            40.78055
          ],
          [
            -73.9876,
            40.78073
          ],
          [
            -73.98743,
            40.78092
          ],
          [
            -73.9872,
            40.78116
          ],
          [
            -73.98708,
            40.78128
          ],
          [
            -73.98699,
            40.78136
          ],
          [
            -73.98691,
            40.78144
          ],
          [
            -73.98685,
            40.78151
          ],
          [
            -73.98673,
            40.78163
          ],
          [
            -73.98673,
            40.78163
          ],
          [
            -73.98665,
            40.78172
          ],
          [
            -73.98658,
            40.78182
          ],
          [
            -73.98533,
            40.78353
          ],
          [
            -73.9842,
            40.78512
          ],
          [
            -73.984,
            40.78544
          ],
          [
            -73.98388,
            40.7856
          ],
          [
            -73.98369,
            40.78588
          ],
          [
            -73.9836,
            40.78603
          ],
          [
            -73.98352,
            40.78619
          ],
          [
            -73.98343,
            40.78635
          ],
          [
            -73.98335,
            40.7865
          ],
          [
            -73.98327,
            40.78668
          ],
          [
            -73.98319,
            40.78686
          ],
          [
            -73.98311,
            40.78705
          ],
          [
            -73.98302,
            40.78729
          ],
          [
            -73.98295,
            40.78749
          ],
          [
            -73.98276,
            40.788
          ],
          [
            -73.98266,
            40.78826
          ],
          [
            -73.98259,
            40.78841
          ],
          [
            -73.98251,
            40.7886
          ],
          [
            -73.98243,
            40.78879
          ],
          [
            -73.98237,
            40.78893
          ],
          [
            -73.98228,
            40.78912
          ],
          [
            -73.98219,
            40.7893
          ],
          [
            -73.98211,
            40.78946
          ],
          [
            -73.98202,
            40.78963
          ],
          [
            -73.98193,
            40.78981
          ],
          [
            -73.98183,
            40.78998
          ],
          [
            -73.98174,
            40.79015
          ],
          [
            -73.98164,
            40.79032
          ],
          [
            -73.98155,
            40.79047
          ],
          [
            -73.98145,
            40.79065
          ],
          [
            -73.98129,
            40.7909
          ],
          [
            -73.98112,
            40.79115
          ],
          [
            -73.98096,
            40.79139
          ],
          [
            -73.98078,
            40.79164
          ],
          [
            -73.98061,
            40.79187
          ],
          [
            -73.98044,
            40.7921
          ],
          [
            -73.98031,
            40.79228
          ],
          [
            -73.98019,
            40.79244
          ],
          [
            -73.98008,
            40.79258
          ],
          [
            -73.97995,
            40.79274
          ],
          [
            -73.97981,
            40.7929
          ],
          [
            -73.97969,
            40.79304
          ],
          [
            -73.97956,
            40.79319
          ],
          [
            -73.97943,
            40.79333
          ],
          [
            -73.97926,
            40.79351
          ],
          [
            -73.97912,
            40.79366
          ],
          [
            -73.97897,
            40.79381
          ],
          [
            -73.97882,
            40.79395
          ],
          [
            -73.97867,
            40.79409
          ],
          [
            -73.97847,
            40.79427
          ],
          [
            -73.97836,
            40.79436
          ],
          [
            -73.97818,
            40.79451
          ],
          [
            -73.97802,
            40.79465
          ],
          [
            -73.97784,
            40.79479
          ],
          [
            -73.97737,
            40.79517
          ],
          [
            -73.9772,
            40.79531
          ],
          [
            -73.977,
            40.79545
          ],
          [
            -73.97673,
            40.79569
          ],
          [
            -73.97655,
            40.79585
          ],
          [
            -73.9764,
            40.796
          ],
          [
            -73.97622,
            40.79619
          ],
          [
            -73.97608,
            40.79636
          ],
          [
            -73.97601,
            40.79646
          ],
          [
            -73.97595,
            40.79656
          ],
          [
            -73.97589,
            40.79665
          ],
          [
            -73.97583,
            40.79677
          ],
          [
            -73.97578,
            40.79686
          ],
          [
            -73.97573,
            40.79697
          ],
          [
            -73.97561,
            40.79722
          ],
          [
            -73.97553,
            40.79739
          ],
          [
            -73.97504,
            40.79886
          ],
          [
            -73.97489,
            40.79929
          ],
          [
            -73.97483,
            40.79946
          ],
          [
            -73.97475,
            40.79966
          ],
          [
            -73.97466,
            40.79986
          ],
          [
            -73.97456,
            40.80006
          ],
          [
            -73.97447,
            40.80025
          ],
          [
            -73.97436,
            40.80045
          ],
          [
            -73.97425,
            40.80064
          ],
          [
            -73.97414,
            40.80083
          ],
          [
            -73.97402,
            40.80102
          ],
          [
            -73.97364,
            40.80161
          ],
          [
            -73.97358,
            40.8017
          ],
          [
            -73.97347,
            40.80186
          ],
          [
            -73.97337,
            40.80201
          ],
          [
            -73.97325,
            40.80218
          ],
          [
            -73.97313,
            40.80234
          ],
          [
            -73.97303,
            40.8025
          ],
          [
            -73.97292,
            40.80265
          ],
          [
            -73.97281,
            40.80281
          ],
          [
            -73.97269,
            40.80297
          ],
          [
            -73.97258,
            40.80313
          ],
          [
            -73.97245,
            40.8033
          ],
          [
            -73.97234,
            40.80347
          ],
          [
            -73.97222,
            40.80362
          ],
          [
            -73.97212,
            40.80377
          ],
          [
            -73.97199,
            40.80394
          ],
          [
            -73.97187,
            40.80411
          ],
          [
            -73.97174,
            40.80427
          ],
          [
            -73.97161,
            40.80444
          ],
          [
            -73.97149,
            40.8046
          ],
          [
            -73.97138,
            40.80475
          ],
          [
            -73.97126,
            40.80491
          ],
          [
            -73.97113,
            40.80507
          ],
          [
            -73.97102,
            40.80521
          ],
          [
            -73.97089,
            40.80538
          ],
          [
            -73.97077,
            40.80553
          ],
          [
            -73.97063,
            40.8057
          ],
          [
            -73.97052,
            40.80585
          ],
          [
            -73.9704,
            40.806
          ],
          [
            -73.97027,
            40.80616
          ],
          [
            -73.97013,
            40.80635
          ],
          [
            -73.97002,
            40.80649
          ],
          [
            -73.9699,
            40.80665
          ],
          [
            -73.96977,
            40.8068
          ],
          [
            -73.96965,
            40.80696
          ],
          [
            -73.96953,
            40.80712
          ],
          [
            -73.96941,
            40.80728
          ],
          [
            -73.96929,
            40.80745
          ],
          [
            -73.96917,
            40.8076
          ],
          [
            -73.96906,
            40.80776
          ],
          [
            -73.96888,
            40.80801
          ],
          [
            -73.96877,
            40.80817
          ],
          [
            -73.96866,
            40.80833
          ],
          [
            -73.96855,
            40.8085
          ],
          [
            -73.96843,
            40.80866
          ],
          [
            -73.96833,
            40.80883
          ],
          [
            -73.96822,
            40.80899
          ],
          [
            -73.96811,
            40.80916
          ],
          [
            -73.96744,
            40.81022
          ],
          [
            -73.96733,
            40.8104
          ],
          [
            -73.96722,
            40.81056
          ],
          [
            -73.96722,
            40.81056
          ],
          [
            -73.96686,
            40.811
          ],
          [
            -73.96648,
            40.81143
          ],
          [
            -73.96548,
            40.81261
          ],
          [
            -73.96486,
            40.81332
          ],
          [
            -73.96439,
            40.8139
          ],
          [
            -73.96389,
            40.81459
          ],
          [
            -73.96333,
            40.81543
          ],
          [
            -73.96319,
            40.81564
          ],
          [
            -73.96304,
            40.81583
          ],
          [
            -73.96292,
            40.816
          ],
          [
            -73.9628,
            40.81615
          ],
          [
            -73.96267,
            40.8163
          ],
          [
            -73.96254,
            40.81644
          ],
          [
            -73.96203,
            40.81693
          ],
          [
            -73.96171,
            40.81722
          ],
          [
            -73.96163,
            40.81728
          ],
          [
            -73.96155,
            40.81735
          ],
          [
            -73.96146,
            40.81742
          ],
          [
            -73.9614,
            40.81746
          ],
          [
            -73.96132,
            40.81751
          ],
          [
            -73.96123,
            40.81756
          ],
          [
            -73.9611,
            40.81762
          ],
          [
            -73.96102,
            40.81766
          ],
          [
            -73.96102,
            40.81766
          ],
          [
            -73.96072,
            40.81754
          ],
          [
            -73.96056,
            40.81747
          ],
          [
            -73.95976,
            40.81714
          ],
          [
            -73.95953,
            40.81705
          ],
          [
            -73.95953,
            40.81705
          ],
          [
            -73.95952,
            40.81703
          ],
          [
            -73.95949,
            40.81701
          ],
          [
            -73.95868,
            40.81613
          ],
          [
            -73.95855,
            40.81598
          ],
          [
            -73.95844,
            40.81587
          ],
          [
            -73.95839,
            40.81581
          ],
          [
            -73.95828,
            40.81569
          ],
          [
            -73.95827,
            40.81568
          ],
          [
            -73.95821,
            40.81561
          ],
          [
            -73.95821,
            40.81561
          ],
          [
            -73.95813,
            40.81573
          ],
          [
            -73.95793,
            40.81601
          ],
          [
            -73.95777,
            40.81623
          ],
          [
            -73.95773,
            40.81628
          ],
          [
            -73.95768,
            40.81636
          ],
          [
            -73.95728,
            40.8169
          ],
          [
            -73.9569,
            40.81743
          ],
          [
            -73.95684,
            40.81751
          ],
          [
            -73.9568,
            40.81757
          ],
          [
            -73.9564,
            40.81811
          ],
          [
            -73.95636,
            40.81816
          ],
          [
            -73.95633,
            40.81821
          ],
          [
            -73.95595,
            40.8187
          ],
          [
            -73.95591,
            40.81876
          ],
          [
            -73.95587,
            40.81882
          ],
          [
            -73.95546,
            40.81939
          ],
          [
            -73.95505,
            40.81996
          ],
          [
            -73.95497,
            40.82007
          ],
          [
            -73.95497,
            40.82007
          ],
          [
            -73.95486,
            40.82002
          ],
          [
            -73.95239,
            40.81897
          ],
          [
            -73.95237,
            40.81897
          ],
          [
            -73.95234,
            40.81896
          ],
          [
            -73.95227,
            40.81894
          ],
          [
            -73.95221,
            40.81893
          ],
          [
            -73.95221,
            40.81893
          ],
          [
            -73.95217,
            40.81899
          ],
          [
            -73.95216,
            40.81901
          ],
          [
            -73.95178,
            40.81951
          ],
          [
            -73.95173,
            40.81957
          ],
          [
            -73.95168,
            40.81964
          ],
          [
            -73.9513,
            40.82016
          ],
          [
            -73.95108,
            40.82046
          ],
          [
            -73.95108,
            40.82046
          ],
          [
            -73.95108,
            40.82046
          ],
          [
            -73.9513,
            40.82016
          ],
          [
            -73.95168,
            40.81964
          ],
          [
            -73.95173,
            40.81957
          ],
          [
            -73.95178,
            40.81951
          ],
          [
            -73.95216,
            40.81901
          ],
          [
            -73.95217,
            40.81899
          ],
          [
            -73.95221,
            40.81893
          ],
          [
            -73.95226,
            40.81887
          ],
          [
            -73.95227,
            40.81886
          ],
          [
            -73.95244,
            40.81861
          ],
          [
            -73.95247,
            40.81858
          ],
          [
            -73.95247,
            40.81858
          ],
          [
            -73.95247,
            40.81858
          ],
          [
            -73.95269,
            40.81827
          ],
          [
            -73.95272,
            40.81823
          ],
          [
            -73.95277,
            40.81817
          ],
          [
            -73.95295,
            40.81792
          ],
          [
            -73.95312,
            40.81767
          ],
          [
            -73.95318,
            40.81759
          ],
          [
            -73.95322,
            40.81753
          ],
          [
            -73.95379,
            40.81676
          ],
          [
            -73.95402,
            40.81643
          ],
          [
            -73.95408,
            40.81636
          ],
          [
            -73.95411,
            40.81631
          ],
          [
            -73.95436,
            40.81598
          ],
          [
            -73.95436,
            40.81598
          ],
          [
            -73.95436,
            40.81598
          ],
          [
            -73.9545,
            40.81579
          ],
          [
            -73.95454,
            40.81574
          ],
          [
            -73.95458,
            40.81569
          ],
          [
            -73.95466,
            40.81558
          ],
          [
            -73.95495,
            40.81517
          ],
          [
            -73.955,
            40.81511
          ],
          [
            -73.95504,
            40.81506
          ],
          [
            -73.95519,
            40.81484
          ],
          [
            -73.95519,
            40.81484
          ],
          [
            -73.95519,
            40.81484
          ],
          [
            -73.95524,
            40.81477
          ],
          [
            -73.9554,
            40.81454
          ],
          [
            -73.95544,
            40.81448
          ],
          [
            -73.95549,
            40.81442
          ],
          [
            -73.95565,
            40.81421
          ],
          [
            -73.9557,
            40.81414
          ],
          [
            -73.95576,
            40.81406
          ],
          [
            -73.95579,
            40.81402
          ],
          [
            -73.9561,
            40.81362
          ],
          [
            -73.95618,
            40.8135
          ],
          [
            -73.95627,
            40.81338
          ],
          [
            -73.95627,
            40.81338
          ],
          [
            -73.95618,
            40.81328
          ],
          [
            -73.95574,
            40.81276
          ],
          [
            -73.95563,
            40.81264
          ],
          [
            -73.95563,
            40.81264
          ],
          [
            -73.95563,
            40.81264
          ],
          [
            -73.95528,
            40.81223
          ],
          [
            -73.95522,
            40.81216
          ],
          [
            -73.95509,
            40.81201
          ],
          [
            -73.955,
            40.81192
          ],
          [
            -73.955,
            40.81191
          ],
          [
            -73.95497,
            40.81188
          ],
          [
            -73.95489,
            40.8118
          ],
          [
            -73.95483,
            40.81173
          ],
          [
            -73.9548,
            40.81171
          ],
          [
            -73.95475,
            40.81168
          ],
          [
            -73.95469,
            40.81166
          ],
          [
            -73.95416,
            40.81143
          ],
          [
            -73.95416,
            40.81143
          ],
          [
            -73.95416,
            40.81143
          ],
          [
            -73.95414,
            40.81142
          ],
          [
            -73.95401,
            40.81137
          ],
          [
            -73.95389,
            40.81132
          ],
          [
            -73.95358,
            40.81118
          ],
          [
            -73.95317,
            40.81101
          ],
          [
            -73.95273,
            40.81083
          ],
          [
            -73.95259,
            40.81077
          ],
          [
            -73.95246,
            40.81071
          ],
          [
            -73.95219,
            40.8106
          ],
          [
            -73.95188,
            40.81047
          ],
          [
            -73.95177,
            40.81042
          ],
          [
            -73.95177,
            40.81042
          ],
          [
            -73.95177,
            40.81042
          ],
          [
            -73.95176,
            40.81042
          ],
          [
            -73.95131,
            40.81023
          ],
          [
            -73.95118,
            40.81018
          ],
          [
            -73.95105,
            40.81012
          ],
          [
            -73.95067,
            40.80996
          ],
          [
            -73.95067,
            40.80996
          ],
          [
            -73.95067,
            40.80996
          ],
          [
            -73.94987,
            40.80962
          ],
          [
            -73.94979,
            40.80959
          ],
          [
            -73.94973,
            40.80957
          ],
          [
            -73.94853,
            40.80906
          ],
          [
            -73.9484,
            40.80901
          ],
          [
            -73.94825,
            40.80894
          ],
          [
            -73.94813,
            40.80889
          ],
          [
            -73.94801,
            40.80884
          ],
          [
            -73.9478,
            40.80875
          ],
          [
            -73.9478,
            40.80875
          ],
          [
            -73.9478,
            40.80875
          ],
          [
            -73.94769,
            40.80871
          ],
          [
            -73.94696,
            40.8084
          ],
          [
            -73.94691,
            40.80838
          ],
          [
            -73.94686,
            40.80836
          ],
          [
            -73.94567,
            40.80785
          ],
          [
            -73.94557,
            40.80781
          ],
          [
            -73.94541,
            40.80775
          ],
          [
            -73.94533,
            40.80771
          ],
          [
            -73.94499,
            40.80757
          ],
          [
            -73.94499,
            40.80757
          ],
          [
            -73.94499,
            40.80757
          ],
          [
            -73.94481,
            40.80749
          ],
          [
            -73.94425,
            40.80726
          ],
          [
            -73.94389,
            40.8071
          ],
          [
            -73.94383,
            40.80708
          ],
          [
            -73.94378,
            40.80706
          ],
          [
            -73.94269,
            40.8066
          ],
          [
            -73.9426,
            40.80656
          ],
          [
            -73.94237,
            40.80646
          ],
          [
            -73.94227,
            40.80642
          ],
          [
            -73.94217,
            40.80638
          ],
          [
            -73.94191,
            40.80627
          ],
          [
            -73.94183,
            40.80624
          ],
          [
            -73.94183,
            40.80624
          ],
          [
            -73.94183,
            40.80623
          ],
          [
            -73.941,
            40.80589
          ],
          [
            -73.94076,
            40.80579
          ],
          [
            -73.94064,
            40.80574
          ],
          [
            -73.94055,
            40.8057
          ],
          [
            -73.94027,
            40.80558
          ],
          [
            -73.94027,
            40.80558
          ],
          [
            -73.94027,
            40.80558
          ],
          [
            -73.94013,
            40.80552
          ],
          [
            -73.9397,
            40.80534
          ],
          [
            -73.93924,
            40.80515
          ],
          [
            -73.93918,
            40.80512
          ],
          [
            -73.93904,
            40.80506
          ],
          [
            -73.93889,
            40.805
          ],
          [
            -73.93885,
            40.80498
          ],
          [
            -73.93858,
            40.80487
          ],
          [
            -73.93855,
            40.80485
          ],
          [
            -73.93855,
            40.80485
          ],
          [
            -73.93855,
            40.80485
          ],
          [
            -73.93788,
            40.80457
          ],
          [
            -73.93753,
            40.80442
          ],
          [
            -73.93743,
            40.80438
          ],
          [
            -73.93743,
            40.80438
          ],
          [
            -73.93749,
            40.8043
          ],
          [
            -73.9378,
            40.80387
          ],
          [
            -73.9378,
            40.80387
          ],
          [
            -73.9378,
            40.80387
          ],
          [
            -73.93785,
            40.8038
          ],
          [
            -73.93788,
            40.80377
          ],
          [
            -73.93792,
            40.80371
          ],
          [
            -73.93796,
            40.80365
          ],
          [
            -73.93834,
            40.80314
          ],
          [
            -73.93838,
            40.80308
          ],
          [
            -73.93842,
            40.80302
          ],
          [
            -73.9388,
            40.80251
          ],
          [
            -73.93884,
            40.80245
          ],
          [
            -73.93888,
            40.8024
          ],
          [
            -73.93908,
            40.80212
          ],
          [
            -73.93926,
            40.80187
          ],
          [
            -73.9393,
            40.80182
          ],
          [
            -73.93933,
            40.80177
          ],
          [
            -73.93971,
            40.80125
          ],
          [
            -73.93976,
            40.80119
          ],
          [
            -73.9398,
            40.80113
          ],
          [
            -73.94017,
            40.80062
          ],
          [
            -73.94021,
            40.80057
          ],
          [
            -73.94026,
            40.80051
          ],
          [
            -73.94049,
            40.80019
          ],
          [
            -73.94063,
            40.8
          ],
          [
            -73.94067,
            40.79994
          ],
          [
            -73.94071,
            40.79988
          ],
          [
            -73.9411,
            40.79936
          ],
          [
            -73.94113,
            40.79931
          ],
          [
            -73.94117,
            40.79926
          ],
          [
            -73.94155,
            40.79873
          ],
          [
            -73.94162,
            40.79863
          ],
          [
            -73.94169,
            40.79854
          ],
          [
            -73.94197,
            40.79816
          ],
          [
            -73.94199,
            40.79814
          ],
          [
            -73.94199,
            40.79814
          ],
          [
            -73.94199,
            40.79814
          ],
          [
            -73.94208,
            40.79801
          ],
          [
            -73.94212,
            40.79795
          ],
          [
            -73.94217,
            40.79789
          ],
          [
            -73.94254,
            40.79738
          ],
          [
            -73.943,
            40.79675
          ],
          [
            -73.94306,
            40.79667
          ],
          [
            -73.94344,
            40.79615
          ],
          [
            -73.94349,
            40.79608
          ],
          [
            -73.94354,
            40.79602
          ],
          [
            -73.94391,
            40.7955
          ],
          [
            -73.94395,
            40.79545
          ],
          [
            -73.944,
            40.79538
          ],
          [
            -73.94437,
            40.79487
          ],
          [
            -73.94442,
            40.79481
          ],
          [
            -73.94445,
            40.79476
          ],
          [
            -73.94471,
            40.7944
          ],
          [
            -73.94483,
            40.79424
          ],
          [
            -73.94487,
            40.79418
          ],
          [
            -73.94491,
            40.79413
          ],
          [
            -73.94529,
            40.79362
          ],
          [
            -73.94533,
            40.79356
          ],
          [
            -73.94537,
            40.7935
          ],
          [
            -73.94575,
            40.79299
          ],
          [
            -73.94579,
            40.79293
          ],
          [
            -73.94583,
            40.79288
          ],
          [
            -73.94622,
            40.79235
          ],
          [
            -73.94629,
            40.79225
          ],
          [
            -73.94636,
            40.79216
          ],
          [
            -73.9465,
            40.79195
          ],
          [
            -73.94655,
            40.79188
          ],
          [
            -73.94655,
            40.79188
          ],
          [
            -73.94655,
            40.79188
          ],
          [
            -73.94674,
            40.79163
          ],
          [
            -73.94678,
            40.79158
          ],
          [
            -73.94682,
            40.79152
          ],
          [
            -73.94719,
            40.791
          ],
          [
            -73.94723,
            40.79095
          ],
          [
            -73.94727,
            40.79089
          ],
          [
            -73.94751,
            40.79057
          ],
          [
            -73.94765,
            40.79038
          ],
          [
            -73.94769,
            40.79032
          ],
          [
            -73.94773,
            40.79027
          ],
          [
            -73.94811,
            40.78975
          ],
          [
            -73.94816,
            40.78969
          ],
          [
            -73.94819,
            40.78964
          ],
          [
            -73.94824,
            40.78957
          ],
          [
            -73.94835,
            40.78942
          ],
          [
            -73.9484,
            40.78935
          ],
          [
            -73.94857,
            40.78912
          ],
          [
            -73.94861,
            40.78906
          ],
          [
            -73.94865,
            40.78901
          ],
          [
            -73.94896,
            40.78857
          ],
          [
            -73.94903,
            40.78849
          ],
          [
            -73.94907,
            40.78843
          ],
          [
            -73.9491,
            40.78838
          ],
          [
            -73.94919,
            40.78826
          ],
          [
            -73.94919,
            40.78826
          ],
          [
            -73.94919,
            40.78826
          ],
          [
            -73.94922,
            40.78821
          ],
          [
            -73.94929,
            40.78812
          ],
          [
            -73.94942,
            40.78797
          ],
          [
            -73.94949,
            40.78787
          ],
          [
            -73.94953,
            40.78781
          ],
          [
            -73.94956,
            40.78775
          ],
          [
            -73.94963,
            40.78766
          ],
          [
            -73.94987,
            40.78733
          ],
          [
            -73.94994,
            40.78723
          ],
          [
            -73.94998,
            40.78718
          ],
          [
            -73.95002,
            40.78712
          ],
          [
            -73.9504,
            40.7866
          ],
          [
            -73.95044,
            40.78655
          ],
          [
            -73.95047,
            40.7865
          ],
          [
            -73.95086,
            40.78597
          ],
          [
            -73.95093,
            40.78588
          ],
          [
            -73.95101,
            40.78577
          ],
          [
            -73.95125,
            40.78545
          ],
          [
            -73.95125,
            40.78545
          ],
          [
            -73.95125,
            40.78545
          ],
          [
            -73.95139,
            40.78526
          ],
          [
            -73.95143,
            40.7852
          ],
          [
            -73.95147,
            40.78515
          ],
          [
            -73.95185,
            40.78463
          ],
          [
            -73.95189,
            40.78457
          ],
          [
            -73.95193,
            40.78451
          ],
          [
            -73.95231,
            40.784
          ],
          [
            -73.95235,
            40.78394
          ],
          [
            -73.95238,
            40.78389
          ],
          [
            -73.95276,
            40.78337
          ],
          [
            -73.95281,
            40.78331
          ],
          [
            -73.95284,
            40.78326
          ],
          [
            -73.95322,
            40.78275
          ],
          [
            -73.95326,
            40.78269
          ],
          [
            -73.9533,
            40.78263
          ],
          [
            -73.95368,
            40.78212
          ],
          [
            -73.95372,
            40.78206
          ],
          [
            -73.95376,
            40.782
          ],
          [
            -73.95414,
            40.78149
          ],
          [
            -73.95418,
            40.78143
          ],
          [
            -73.95422,
            40.78138
          ],
          [
            -73.95433,
            40.78123
          ],
          [
            -73.95459,
            40.78086
          ],
          [
            -73.95463,
            40.78081
          ],
          [
            -73.95468,
            40.78075
          ],
          [
            -73.95484,
            40.78052
          ],
          [
            -73.95505,
            40.78024
          ],
          [
            -73.95509,
            40.78018
          ],
          [
            -73.95514,
            40.78012
          ],
          [
            -73.95531,
            40.77988
          ],
          [
            -73.95552,
            40.7796
          ],
          [
            -73.95558,
            40.77951
          ],
          [
            -73.95566,
            40.77941
          ],
          [
            -73.95566,
            40.77939
          ],
          [
            -73.95566,
            40.77939
          ],
          [
            -73.95566,
            40.77939
          ],
          [
            -73.95602,
            40.77892
          ],
          [
            -73.95604,
            40.77888
          ],
          [
            -73.95608,
            40.77882
          ],
          [
            -73.95613,
            40.77876
          ],
          [
            -73.95651,
            40.77824
          ],
          [
            -73.95655,
            40.77819
          ],
          [
            -73.95659,
            40.77813
          ],
          [
            -73.95697,
            40.77761
          ],
          [
            -73.95701,
            40.77755
          ],
          [
            -73.95706,
            40.77749
          ],
          [
            -73.95722,
            40.77726
          ],
          [
            -73.95743,
            40.77697
          ],
          [
            -73.95747,
            40.77692
          ],
          [
            -73.95751,
            40.77686
          ],
          [
            -73.95789,
            40.77634
          ],
          [
            -73.95794,
            40.77628
          ],
          [
            -73.95798,
            40.77622
          ],
          [
            -73.95836,
            40.77571
          ],
          [
            -73.9584,
            40.77565
          ],
          [
            -73.95844,
            40.7756
          ],
          [
            -73.9586,
            40.77537
          ],
          [
            -73.95883,
            40.77506
          ],
          [
            -73.9589,
            40.77497
          ],
          [
            -73.95896,
            40.77488
          ],
          [
            -73.95896,
            40.77488
          ],
          [
            -73.95896,
            40.77488
          ],
          [
            -73.95896,
            40.77488
          ],
          [
            -73.95919,
            40.77457
          ],
          [
            -73.95935,
            40.77434
          ],
          [
            -73.9594,
            40.77428
          ],
          [
            -73.95943,
            40.77424
          ],
          [
            -73.95982,
            40.77371
          ],
          [
            -73.95985,
            40.77366
          ],
          [
            -73.9599,
            40.77359
          ],
          [
            -73.9601,
            40.77331
          ],
          [
            -73.96028,
            40.77307
          ],
          [
            -73.96032,
            40.77302
          ],
          [
            -73.96037,
            40.77295
          ],
          [
            -73.96074,
            40.77243
          ],
          [
            -73.96078,
            40.77238
          ],
          [
            -73.96082,
            40.77233
          ],
          [
            -73.96121,
            40.7718
          ],
          [
            -73.96125,
            40.77174
          ],
          [
            -73.96129,
            40.77169
          ],
          [
            -73.96167,
            40.77117
          ],
          [
            -73.96171,
            40.77111
          ],
          [
            -73.96175,
            40.77106
          ],
          [
            -73.96192,
            40.77083
          ],
          [
            -73.96214,
            40.77052
          ],
          [
            -73.96221,
            40.77043
          ],
          [
            -73.96228,
            40.77033
          ],
          [
            -73.96231,
            40.7703
          ],
          [
            -73.96231,
            40.7703
          ],
          [
            -73.96231,
            40.7703
          ],
          [
            -73.96267,
            40.7698
          ],
          [
            -73.9627,
            40.76975
          ],
          [
            -73.96275,
            40.76969
          ],
          [
            -73.96313,
            40.76917
          ],
          [
            -73.96317,
            40.76911
          ],
          [
            -73.96321,
            40.76906
          ],
          [
            -73.96358,
            40.76855
          ],
          [
            -73.96362,
            40.76849
          ],
          [
            -73.96366,
            40.76844
          ],
          [
            -73.96383,
            40.76821
          ],
          [
            -73.96404,
            40.76792
          ],
          [
            -73.96408,
            40.76787
          ],
          [
            -73.96412,
            40.76781
          ],
          [
            -73.9642,
            40.76769
          ],
          [
            -73.9642,
            40.76769
          ],
          [
            -73.9642,
            40.76769
          ],
          [
            -73.96449,
            40.76729
          ],
          [
            -73.96453,
            40.76724
          ],
          [
            -73.96457,
            40.76719
          ],
          [
            -73.96495,
            40.76666
          ],
          [
            -73.96499,
            40.76662
          ],
          [
            -73.96503,
            40.76656
          ],
          [
            -73.96541,
            40.76605
          ],
          [
            -73.96545,
            40.76599
          ],
          [
            -73.96549,
            40.76593
          ],
          [
            -73.96586,
            40.76542
          ],
          [
            -73.9659,
            40.76536
          ],
          [
            -73.96595,
            40.7653
          ],
          [
            -73.96632,
            40.7648
          ],
          [
            -73.96636,
            40.76474
          ],
          [
            -73.9664,
            40.76468
          ],
          [
            -73.96678,
            40.76417
          ],
          [
            -73.96682,
            40.76411
          ],
          [
            -73.96686,
            40.76405
          ],
          [
            -73.96723,
            40.76354
          ],
          [
            -73.96727,
            40.76349
          ],
          [
            -73.96732,
            40.76342
          ],
          [
            -73.96745,
            40.76324
          ],
          [
            -73.96768,
            40.76292
          ],
          [
            -73.96772,
            40.76287
          ],
          [
            -73.96777,
            40.7628
          ],
          [
            -73.96796,
            40.76256
          ],
          [
            -73.96815,
            40.76229
          ],
          [
            -73.96819,
            40.76223
          ],
          [
            -73.96823,
            40.76217
          ],
          [
            -73.96829,
            40.76209
          ],
          [
            -73.96829,
            40.76209
          ],
          [
            -73.96829,
            40.76209
          ],
          [
            -73.96844,
            40.76188
          ],
          [
            -73.9686,
            40.76167
          ],
          [
            -73.96864,
            40.76161
          ],
          [
            -73.96869,
            40.76154
          ],
          [
            -73.96906,
            40.76103
          ],
          [
            -73.96913,
            40.76093
          ],
          [
            -73.9692,
            40.76084
          ],
          [
            -73.96958,
            40.76031
          ],
          [
            -73.96962,
            40.76025
          ],
          [
            -73.96966,
            40.7602
          ],
          [
            -73.97003,
            40.75969
          ],
          [
            -73.97007,
            40.75964
          ],
          [
            -73.97011,
            40.75958
          ],
          [
            -73.97049,
            40.75906
          ],
          [
            -73.97053,
            40.759
          ],
          [
            -73.97058,
            40.75894
          ],
          [
            -73.97094,
            40.75845
          ],
          [
            -73.97099,
            40.75838
          ],
          [
            -73.97103,
            40.75832
          ],
          [
            -73.9714,
            40.75781
          ],
          [
            -73.97144,
            40.75776
          ],
          [
            -73.97149,
            40.75769
          ],
          [
            -73.97187,
            40.75718
          ],
          [
            -73.9719,
            40.75713
          ],
          [
            -73.97194,
            40.75707
          ],
          [
            -73.97228,
            40.75662
          ],
          [
            -73.97228,
            40.75662
          ],
          [
            -73.97228,
            40.75662
          ],
          [
            -73.97232,
            40.75656
          ],
          [
            -73.97236,
            40.7565
          ],
          [
            -73.9724,
            40.75644
          ],
          [
            -73.97278,
            40.75593
          ],
          [
            -73.97282,
            40.75587
          ],
          [
            -73.97286,
            40.75582
          ],
          [
            -73.97323,
            40.75531
          ],
          [
            -73.97327,
            40.75525
          ],
          [
            -73.97331,
            40.75519
          ],
          [
            -73.97369,
            40.75468
          ],
          [
            -73.97373,
            40.75461
          ],
          [
            -73.97377,
            40.75457
          ],
          [
            -73.97415,
            40.75405
          ],
          [
            -73.97419,
            40.75399
          ],
          [
            -73.97422,
            40.75395
          ],
          [
            -73.9746,
            40.75343
          ],
          [
            -73.97465,
            40.75337
          ],
          [
            -73.97469,
            40.75332
          ],
          [
            -73.97507,
            40.75279
          ],
          [
            -73.9751,
            40.75274
          ],
          [
            -73.97514,
            40.75269
          ],
          [
            -73.97552,
            40.75217
          ],
          [
            -73.97555,
            40.75212
          ],
          [
            -73.97559,
            40.75207
          ],
          [
            -73.97596,
            40.75157
          ],
          [
            -73.97599,
            40.75153
          ],
          [
            -73.97606,
            40.75144
          ],
          [
            -73.97606,
            40.75144
          ],
          [
            -73.97615,
            40.75148
          ],
          [
            -73.97621,
            40.7515
          ],
          [
            -73.97621,
            40.7515
          ],
          [
            -73.97621,
            40.7515
          ],
          [
            -73.97615,
            40.75148
          ],
          [
            -73.97606,
            40.75144
          ],
          [
            -73.97606,
            40.75144
          ],
          [
            -73.97612,
            40.75135
          ],
          [
            -73.97647,
            40.75088
          ],
          [
            -73.9765,
            40.75084
          ],
          [
            -73.97654,
            40.75079
          ],
          [
            -73.97658,
            40.75073
          ],
          [
            -73.9766,
            40.75071
          ],
          [
            -73.97692,
            40.75027
          ],
          [
            -73.97695,
            40.75022
          ],
          [
            -73.97699,
            40.75017
          ],
          [
            -73.97704,
            40.75011
          ],
          [
            -73.97737,
            40.74965
          ],
          [
            -73.9774,
            40.74961
          ],
          [
            -73.97744,
            40.74955
          ],
          [
            -73.97748,
            40.74949
          ],
          [
            -73.97782,
            40.74903
          ],
          [
            -73.97785,
            40.74899
          ],
          [
            -73.9779,
            40.74892
          ],
          [
            -73.97793,
            40.74888
          ],
          [
            -73.97827,
            40.74841
          ],
          [
            -73.9783,
            40.74837
          ],
          [
            -73.97834,
            40.74831
          ],
          [
            -73.97839,
            40.74826
          ],
          [
            -73.97867,
            40.74788
          ],
          [
            -73.97873,
            40.7478
          ],
          [
            -73.97876,
            40.74775
          ],
          [
            -73.9788,
            40.7477
          ],
          [
            -73.97884,
            40.74764
          ],
          [
            -73.97918,
            40.74718
          ],
          [
            -73.97921,
            40.74714
          ],
          [
            -73.97926,
            40.74708
          ],
          [
            -73.9793,
            40.74703
          ],
          [
            -73.97946,
            40.74679
          ],
          [
            -73.97963,
            40.74656
          ],
          [
            -73.97967,
            40.7465
          ],
          [
            -73.97974,
            40.74641
          ],
          [
            -73.97981,
            40.74632
          ],
          [
            -73.97985,
            40.74626
          ],
          [
            -73.97985,
            40.74626
          ],
          [
            -73.97985,
            40.74626
          ],
          [
            -73.98003,
            40.74602
          ],
          [
            -73.98015,
            40.74585
          ],
          [
            -73.98018,
            40.7458
          ],
          [
            -73.98022,
            40.74575
          ],
          [
            -73.98026,
            40.74569
          ],
          [
            -73.9806,
            40.74523
          ],
          [
            -73.98063,
            40.74519
          ],
          [
            -73.98067,
            40.74513
          ],
          [
            -73.98071,
            40.74507
          ],
          [
            -73.98105,
            40.7446
          ],
          [
            -73.98108,
            40.74456
          ],
          [
            -73.98112,
            40.74451
          ],
          [
            -73.98116,
            40.74445
          ],
          [
            -73.98149,
            40.74399
          ],
          [
            -73.98153,
            40.74394
          ],
          [
            -73.98157,
            40.74389
          ],
          [
            -73.98161,
            40.74383
          ],
          [
            -73.98195,
            40.74337
          ],
          [
            -73.98198,
            40.74333
          ],
          [
            -73.98201,
            40.74328
          ],
          [
            -73.98205,
            40.74322
          ],
          [
            -73.98239,
            40.74276
          ],
          [
            -73.98243,
            40.74271
          ],
          [
            -73.98247,
            40.74265
          ],
          [
            -73.98251,
            40.74259
          ],
          [
            -73.98284,
            40.74214
          ],
          [
            -73.98287,
            40.74209
          ],
          [
            -73.98291,
            40.74204
          ],
          [
            -73.98296,
            40.74198
          ],
          [
            -73.98329,
            40.74152
          ],
          [
            -73.98332,
            40.74148
          ],
          [
            -73.98337,
            40.74142
          ],
          [
            -73.98341,
            40.74136
          ],
          [
            -73.98374,
            40.7409
          ],
          [
            -73.98378,
            40.74086
          ],
          [
            -73.98382,
            40.7408
          ],
          [
            -73.98386,
            40.74074
          ],
          [
            -73.98387,
            40.74073
          ],
          [
            -73.98419,
            40.74028
          ],
          [
            -73.98423,
            40.74024
          ],
          [
            -73.98427,
            40.74018
          ],
          [
            -73.98427,
            40.74018
          ],
          [
            -73.98416,
            40.74013
          ],
          [
            -73.98297,
            40.73963
          ],
          [
            -73.9828,
            40.73956
          ],
          [
            -73.98267,
            40.7395
          ],
          [
            -73.98267,
            40.7395
          ],
          [
            -73.98271,
            40.73945
          ],
          [
            -73.98274,
            40.7394
          ],
          [
            -73.98304,
            40.73899
          ],
          [
            -73.98306,
            40.73895
          ],
          [
            -73.98306,
            40.73895
          ],
          [
            -73.98306,
            40.73895
          ],
          [
            -73.98308,
            40.73894
          ],
          [
            -73.98315,
            40.73884
          ],
          [
            -73.98323,
            40.73874
          ],
          [
            -73.98326,
            40.73869
          ],
          [
            -73.98357,
            40.73827
          ],
          [
            -73.9836,
            40.73822
          ],
          [
            -73.98364,
            40.73817
          ],
          [
            -73.98368,
            40.73811
          ],
          [
            -73.98371,
            40.73808
          ],
          [
            -73.98401,
            40.73766
          ],
          [
            -73.98405,
            40.73761
          ],
          [
            -73.98408,
            40.73756
          ],
          [
            -73.98413,
            40.7375
          ],
          [
            -73.98416,
            40.73745
          ],
          [
            -73.98444,
            40.73707
          ],
          [
            -73.98447,
            40.73703
          ],
          [
            -73.98451,
            40.73697
          ],
          [
            -73.98455,
            40.73691
          ],
          [
            -73.98459,
            40.73687
          ],
          [
            -73.98487,
            40.73648
          ],
          [
            -73.9849,
            40.73644
          ],
          [
            -73.98494,
            40.73638
          ],
          [
            -73.98499,
            40.73632
          ],
          [
            -73.98502,
            40.73628
          ],
          [
            -73.98529,
            40.7359
          ],
          [
            -73.98533,
            40.73586
          ],
          [
            -73.98537,
            40.7358
          ],
          [
            -73.98541,
            40.73574
          ],
          [
            -73.98544,
            40.7357
          ],
          [
            -73.98573,
            40.73531
          ],
          [
            -73.98575,
            40.73527
          ],
          [
            -73.98579,
            40.73521
          ],
          [
            -73.98584,
            40.73516
          ],
          [
            -73.98586,
            40.73512
          ],
          [
            -73.98615,
            40.73472
          ],
          [
            -73.98618,
            40.73468
          ],
          [
            -73.98622,
            40.73462
          ],
          [
            -73.98626,
            40.73457
          ],
          [
            -73.98629,
            40.73453
          ],
          [
            -73.98662,
            40.73409
          ],
          [
            -73.98664,
            40.73404
          ],
          [
            -73.98669,
            40.73398
          ],
          [
            -73.98673,
            40.73393
          ],
          [
            -73.98676,
            40.73388
          ],
          [
            -73.98686,
            40.73375
          ],
          [
            -73.98697,
            40.7336
          ],
          [
            -73.98708,
            40.73344
          ],
          [
            -73.98712,
            40.73339
          ],
          [
            -73.98719,
            40.7333
          ],
          [
            -73.98725,
            40.7332
          ],
          [
            -73.98729,
            40.73315
          ],
          [
            -73.98745,
            40.73294
          ],
          [
            -73.98745,
            40.73294
          ],
          [
            -73.98745,
            40.73293
          ],
          [
            -73.98761,
            40.73271
          ],
          [
            -73.98765,
            40.73267
          ],
          [
            -73.98768,
            40.73262
          ],
          [
            -73.98773,
            40.73255
          ],
          [
            -73.98776,
            40.73251
          ],
          [
            -73.98808,
            40.73207
          ],
          [
            -73.98812,
            40.73202
          ],
          [
            -73.98816,
            40.73197
          ],
          [
            -73.9882,
            40.73191
          ],
          [
            -73.98823,
            40.73187
          ],
          [
            -73.98854,
            40.73143
          ],
          [
            -73.98858,
            40.73139
          ],
          [
            -73.98862,
            40.73133
          ],
          [
            -73.98866,
            40.73127
          ],
          [
            -73.9887,
            40.73123
          ],
          [
            -73.98899,
            40.73083
          ],
          [
            -73.98902,
            40.73078
          ],
          [
            -73.98906,
            40.73073
          ],
          [
            -73.9891,
            40.73067
          ],
          [
            -73.98913,
            40.73063
          ],
          [
            -73.98916,
            40.73059
          ],
          [
            -73.98941,
            40.73025
          ],
          [
            -73.98945,
            40.7302
          ],
          [
            -73.98948,
            40.73015
          ],
          [
            -73.98953,
            40.73009
          ],
          [
            -73.98956,
            40.73004
          ],
          [
            -73.98969,
            40.72986
          ],
          [
            -73.98982,
            40.72968
          ],
          [
            -73.98985,
            40.72964
          ],
          [
            -73.98991,
            40.72957
          ],
          [
            -73.98991,
            40.72957
          ],
          [
            -73.98996,
            40.7295
          ],
          [
            -73.98999,
            40.72945
          ],
          [
            -73.99022,
            40.72913
          ],
          [
            -73.99024,
            40.72911
          ],
          [
            -73.99024,
            40.72911
          ]
        ]
      }
    },
    {
      "type": "Feature",
      "properties": {
        "route_id": "M101-S-Morning",
        "layer": "T1 Optimal"
      },
      "geometry": {
        "type": "LineString",
        "coordinates": [
          [
            -73.92702,
            40.85342
          ],
          [
            -73.9272,
            40.85317
          ],
          [
            -73.92724,
            40.85312
          ],
          [
            -73.92728,
            40.85306
          ],
          [
            -73.92739,
            40.85292
          ],
          [
            -73.92749,
            40.85278
          ],
          [
            -73.92766,
            40.85255
          ],
          [
            -73.9277,
            40.8525
          ],
          [
            -73.92774,
            40.85243
          ],
          [
            -73.9279,
            40.85222
          ],
          [
            -73.9279,
            40.85222
          ],
          [
            -73.9279,
            40.85222
          ],
          [
            -73.92811,
            40.85193
          ],
          [
            -73.92816,
            40.85187
          ],
          [
            -73.92821,
            40.8518
          ],
          [
            -73.92825,
            40.85174
          ],
          [
            -73.92841,
            40.85152
          ],
          [
            -73.92862,
            40.85124
          ],
          [
            -73.92865,
            40.85119
          ],
          [
            -73.92871,
            40.85113
          ],
          [
            -73.9289,
            40.85093
          ],
          [
            -73.92914,
            40.8506
          ],
          [
            -73.92914,
            40.8506
          ],
          [
            -73.92914,
            40.8506
          ],
          [
            -73.92916,
            40.85057
          ],
          [
            -73.9292,
            40.85053
          ],
          [
            -73.92925,
            40.85045
          ],
          [
            -73.9296,
            40.84998
          ],
          [
            -73.92962,
            40.84995
          ],
          [
            -73.92964,
            40.84992
          ],
          [
            -73.92971,
            40.84975
          ],
          [
            -73.92974,
            40.84971
          ],
          [
            -73.92976,
            40.84966
          ],
          [
            -73.92985,
            40.84954
          ],
          [
            -73.92985,
            40.84954
          ],
          [
            -73.92985,
            40.84954
          ],
          [
            -73.92996,
            40.84939
          ],
          [
            -73.93002,
            40.84932
          ],
          [
            -73.93004,
            40.84929
          ],
          [
            -73.93008,
            40.84923
          ],
          [
            -73.93031,
            40.84892
          ],
          [
            -73.9304,
            40.8488
          ],
          [
            -73.93043,
            40.84876
          ],
          [
            -73.93047,
            40.8487
          ],
          [
            -73.93051,
            40.84864
          ],
          [
            -73.93062,
            40.8485
          ],
          [
            -73.9307,
            40.84839
          ],
          [
            -73.93079,
            40.84825
          ],
          [
            -73.93082,
            40.84822
          ],
          [
            -73.93082,
            40.84822
          ],
          [
            -73.93082,
            40.84822
          ],
          [
            -73.93088,
            40.84814
          ],
          [
            -73.93096,
            40.84803
          ],
          [
            -73.93111,
            40.84782
          ],
          [
            -73.93117,
            40.84775
          ],
          [
            -73.93117,
            40.84774
          ],
          [
            -73.93135,
            40.84749
          ],
          [
            -73.9314,
            40.84743
          ],
          [
            -73.93144,
            40.84738
          ],
          [
            -73.93162,
            40.84713
          ],
          [
            -73.93181,
            40.84687
          ],
          [
            -73.93185,
            40.84681
          ],
          [
            -73.93189,
            40.84675
          ],
          [
            -73.93208,
            40.8465
          ],
          [
            -73.93228,
            40.84623
          ],
          [
            -73.93233,
            40.84616
          ],
          [
            -73.93238,
            40.84609
          ],
          [
            -73.93255,
            40.84586
          ],
          [
            -73.93255,
            40.84586
          ],
          [
            -73.93255,
            40.84586
          ],
          [
            -73.93275,
            40.84559
          ],
          [
            -73.93278,
            40.84554
          ],
          [
            -73.93283,
            40.84548
          ],
          [
            -73.93284,
            40.84546
          ],
          [
            -73.9332,
            40.84496
          ],
          [
            -73.93324,
            40.84491
          ],
          [
            -73.93328,
            40.84486
          ],
          [
            -73.93365,
            40.84435
          ],
          [
            -73.93372,
            40.84425
          ],
          [
            -73.9338,
            40.84414
          ],
          [
            -73.93398,
            40.84389
          ],
          [
            -73.93405,
            40.8438
          ],
          [
            -73.93405,
            40.8438
          ],
          [
            -73.93405,
            40.8438
          ],
          [
            -73.93416,
            40.84365
          ],
          [
            -73.93421,
            40.84358
          ],
          [
            -73.93425,
            40.84352
          ],
          [
            -73.93442,
            40.8433
          ],
          [
            -73.93462,
            40.84302
          ],
          [
            -73.93468,
            40.84294
          ],
          [
            -73.93473,
            40.84288
          ],
          [
            -73.93488,
            40.84265
          ],
          [
            -73.93503,
            40.84244
          ],
          [
            -73.93509,
            40.84235
          ],
          [
            -73.93512,
            40.8423
          ],
          [
            -73.93516,
            40.84225
          ],
          [
            -73.93533,
            40.84202
          ],
          [
            -73.93533,
            40.84202
          ],
          [
            -73.93533,
            40.84202
          ],
          [
            -73.93538,
            40.84195
          ],
          [
            -73.93553,
            40.84175
          ],
          [
            -73.93557,
            40.8417
          ],
          [
            -73.9356,
            40.84165
          ],
          [
            -73.93565,
            40.84158
          ],
          [
            -73.9358,
            40.84138
          ],
          [
            -73.93598,
            40.84114
          ],
          [
            -73.93601,
            40.84109
          ],
          [
            -73.93604,
            40.84106
          ],
          [
            -73.93608,
            40.84099
          ],
          [
            -73.93631,
            40.84068
          ],
          [
            -73.93634,
            40.84064
          ],
          [
            -73.93634,
            40.84064
          ],
          [
            -73.93634,
            40.84064
          ],
          [
            -73.93642,
            40.84053
          ],
          [
            -73.93646,
            40.84048
          ],
          [
            -73.9365,
            40.84042
          ],
          [
            -73.93667,
            40.84019
          ],
          [
            -73.93678,
            40.84003
          ],
          [
            -73.93685,
            40.83994
          ],
          [
            -73.93691,
            40.83986
          ],
          [
            -73.93696,
            40.8398
          ],
          [
            -73.93716,
            40.83952
          ],
          [
            -73.93716,
            40.83952
          ],
          [
            -73.93716,
            40.83952
          ],
          [
            -73.93717,
            40.83951
          ],
          [
            -73.93721,
            40.83946
          ],
          [
            -73.93734,
            40.8393
          ],
          [
            -73.93735,
            40.83928
          ],
          [
            -73.93736,
            40.83927
          ],
          [
            -73.93739,
            40.83922
          ],
          [
            -73.93753,
            40.83902
          ],
          [
            -73.93756,
            40.83899
          ],
          [
            -73.93773,
            40.83874
          ],
          [
            -73.93775,
            40.83871
          ],
          [
            -73.93777,
            40.83868
          ],
          [
            -73.93783,
            40.83861
          ],
          [
            -73.93791,
            40.83849
          ],
          [
            -73.93805,
            40.8383
          ],
          [
            -73.93818,
            40.83812
          ],
          [
            -73.93827,
            40.838
          ],
          [
            -73.93835,
            40.83788
          ],
          [
            -73.9384,
            40.83782
          ],
          [
            -73.9386,
            40.83758
          ],
          [
            -73.9386,
            40.83758
          ],
          [
            -73.9386,
            40.83758
          ],
          [
            -73.93862,
            40.83755
          ],
          [
            -73.93881,
            40.8373
          ],
          [
            -73.93886,
            40.83724
          ],
          [
            -73.93889,
            40.83719
          ],
          [
            -73.93929,
            40.83664
          ],
          [
            -73.93934,
            40.83658
          ],
          [
            -73.93939,
            40.83651
          ],
          [
            -73.93956,
            40.83628
          ],
          [
            -73.93971,
            40.83607
          ],
          [
            -73.93981,
            40.83593
          ],
          [
            -73.93984,
            40.83589
          ],
          [
            -73.93988,
            40.83582
          ],
          [
            -73.93993,
            40.83576
          ],
          [
            -73.94006,
            40.83556
          ],
          [
            -73.9401,
            40.8355
          ],
          [
            -73.9401,
            40.8355
          ],
          [
            -73.9401,
            40.8355
          ],
          [
            -73.94016,
            40.83542
          ],
          [
            -73.9402,
            40.83536
          ],
          [
            -73.94024,
            40.8353
          ],
          [
            -73.94061,
            40.83479
          ],
          [
            -73.94065,
            40.83473
          ],
          [
            -73.94069,
            40.83467
          ],
          [
            -73.94106,
            40.83417
          ],
          [
            -73.94111,
            40.83411
          ],
          [
            -73.94115,
            40.83406
          ],
          [
            -73.94152,
            40.83355
          ],
          [
            -73.94157,
            40.83348
          ],
          [
            -73.94161,
            40.83343
          ],
          [
            -73.94169,
            40.83332
          ],
          [
            -73.94169,
            40.83332
          ],
          [
            -73.94169,
            40.83332
          ],
          [
            -73.94198,
            40.83292
          ],
          [
            -73.94201,
            40.83288
          ],
          [
            -73.94206,
            40.83281
          ],
          [
            -73.94244,
            40.83229
          ],
          [
            -73.94248,
            40.83223
          ],
          [
            -73.94252,
            40.83218
          ],
          [
            -73.94273,
            40.8319
          ],
          [
            -73.94273,
            40.8319
          ],
          [
            -73.94273,
            40.8319
          ],
          [
            -73.9429,
            40.83166
          ],
          [
            -73.94297,
            40.83157
          ],
          [
            -73.94305,
            40.83146
          ],
          [
            -73.94342,
            40.83095
          ],
          [
            -73.94346,
            40.83089
          ],
          [
            -73.9435,
            40.83084
          ],
          [
            -73.94388,
            40.83032
          ],
          [
            -73.94391,
            40.83027
          ],
          [
            -73.94396,
            40.83021
          ],
          [
            -73.94409,
            40.83003
          ],
          [
            -73.94432,
            40.82972
          ],
          [
            -73.94432,
            40.82972
          ],
          [
            -73.94432,
            40.82972
          ],
          [
            -73.94409,
            40.83003
          ],
          [
            -73.94396,
            40.83021
          ],
          [
            -73.94391,
            40.83027
          ],
          [
            -73.94388,
            40.83032
          ],
          [
            -73.9435,
            40.83084
          ],
          [
            -73.94346,
            40.83089
          ],
          [
            -73.94342,
            40.83095
          ],
          [
            -73.94305,
            40.83146
          ],
          [
            -73.94297,
            40.83157
          ],
          [
            -73.94297,
            40.83157
          ],
          [
            -73.94285,
            40.83152
          ],
          [
            -73.94246,
            40.83135
          ],
          [
            -73.94232,
            40.83129
          ],
          [
            -73.94151,
            40.83095
          ],
          [
            -73.94137,
            40.83089
          ],
          [
            -73.94124,
            40.83084
          ],
          [
            -73.94112,
            40.83078
          ],
          [
            -73.94084,
            40.83066
          ],
          [
            -73.94045,
            40.8305
          ],
          [
            -73.9404,
            40.83048
          ],
          [
            -73.94035,
            40.83046
          ],
          [
            -73.94018,
            40.83039
          ],
          [
            -73.94014,
            40.83037
          ],
          [
            -73.94007,
            40.83034
          ],
          [
            -73.94001,
            40.83032
          ],
          [
            -73.93961,
            40.83016
          ],
          [
            -73.93946,
            40.83009
          ],
          [
            -73.93743,
            40.82924
          ],
          [
            -73.93714,
            40.82911
          ],
          [
            -73.93514,
            40.82826
          ],
          [
            -73.93512,
            40.82825
          ],
          [
            -73.93509,
            40.82824
          ],
          [
            -73.93498,
            40.82819
          ],
          [
            -73.93498,
            40.82819
          ],
          [
            -73.93497,
            40.82814
          ],
          [
            -73.93497,
            40.82812
          ],
          [
            -73.93497,
            40.82809
          ],
          [
            -73.93498,
            40.82806
          ],
          [
            -73.935,
            40.82802
          ],
          [
            -73.93502,
            40.82798
          ],
          [
            -73.93502,
            40.82798
          ],
          [
            -73.93507,
            40.82796
          ],
          [
            -73.93524,
            40.8279
          ],
          [
            -73.93558,
            40.82774
          ],
          [
            -73.93583,
            40.82764
          ],
          [
            -73.93583,
            40.82764
          ],
          [
            -73.93586,
            40.82767
          ],
          [
            -73.93589,
            40.82769
          ],
          [
            -73.93592,
            40.8277
          ],
          [
            -73.93669,
            40.82803
          ],
          [
            -73.93766,
            40.82845
          ],
          [
            -73.93778,
            40.8285
          ],
          [
            -73.93778,
            40.8285
          ],
          [
            -73.93774,
            40.82856
          ],
          [
            -73.93743,
            40.82898
          ],
          [
            -73.93735,
            40.8291
          ],
          [
            -73.93728,
            40.82918
          ],
          [
            -73.93723,
            40.82926
          ],
          [
            -73.93704,
            40.82952
          ],
          [
            -73.93669,
            40.82998
          ],
          [
            -73.93666,
            40.83003
          ],
          [
            -73.93665,
            40.83004
          ],
          [
            -73.93662,
            40.83008
          ],
          [
            -73.93654,
            40.83019
          ],
          [
            -73.93637,
            40.83041
          ],
          [
            -73.93621,
            40.83053
          ],
          [
            -73.93621,
            40.83053
          ],
          [
            -73.93604,
            40.83057
          ],
          [
            -73.93599,
            40.83058
          ],
          [
            -73.93594,
            40.83059
          ],
          [
            -73.93589,
            40.83059
          ],
          [
            -73.93584,
            40.83058
          ],
          [
            -73.93578,
            40.83057
          ],
          [
            -73.93573,
            40.83056
          ],
          [
            -73.93558,
            40.83052
          ],
          [
            -73.93553,
            40.83048
          ],
          [
            -73.93548,
            40.83044
          ],
          [
            -73.93544,
            40.8304
          ],
          [
            -73.93541,
            40.83037
          ],
          [
            -73.93538,
            40.83033
          ],
          [
            -73.93536,
            40.83029
          ],
          [
            -73.93534,
            40.83024
          ],
          [
            -73.93533,
            40.8302
          ],
          [
            -73.9353,
            40.83002
          ],
          [
            -73.93524,
            40.82959
          ],
          [
            -73.93524,
            40.82959
          ],
          [
            -73.93514,
            40.82928
          ],
          [
            -73.93502,
            40.82868
          ],
          [
            -73.93487,
            40.82829
          ],
          [
            -73.93487,
            40.82829
          ],
          [
            -73.93473,
            40.82723
          ],
          [
            -73.9346,
            40.82591
          ],
          [
            -73.93458,
            40.82571
          ],
          [
            -73.93456,
            40.82551
          ],
          [
            -73.93455,
            40.8253
          ],
          [
            -73.93454,
            40.82511
          ],
          [
            -73.93453,
            40.8249
          ],
          [
            -73.93454,
            40.82421
          ],
          [
            -73.93454,
            40.824
          ],
          [
            -73.93454,
            40.8238
          ],
          [
            -73.93453,
            40.82361
          ],
          [
            -73.93446,
            40.8227
          ],
          [
            -73.93445,
            40.82249
          ],
          [
            -73.93444,
            40.8223
          ],
          [
            -73.93445,
            40.82209
          ],
          [
            -73.93447,
            40.82188
          ],
          [
            -73.93449,
            40.82159
          ],
          [
            -73.93451,
            40.82139
          ],
          [
            -73.93452,
            40.82119
          ],
          [
            -73.93452,
            40.82098
          ],
          [
            -73.93451,
            40.82077
          ],
          [
            -73.93448,
            40.82016
          ],
          [
            -73.93447,
            40.81986
          ],
          [
            -73.93446,
            40.81954
          ],
          [
            -73.93444,
            40.81931
          ],
          [
            -73.93441,
            40.81909
          ],
          [
            -73.93436,
            40.81888
          ],
          [
            -73.93424,
            40.81836
          ],
          [
            -73.93419,
            40.81814
          ],
          [
            -73.93415,
            40.81791
          ],
          [
            -73.93413,
            40.81771
          ],
          [
            -73.93412,
            40.81747
          ],
          [
            -73.93412,
            40.81727
          ],
          [
            -73.93414,
            40.81705
          ],
          [
            -73.93439,
            40.81476
          ],
          [
            -73.93443,
            40.81434
          ],
          [
            -73.93449,
            40.81382
          ],
          [
            -73.93451,
            40.81359
          ],
          [
            -73.93453,
            40.81322
          ],
          [
            -73.93461,
            40.81241
          ],
          [
            -73.93463,
            40.81226
          ],
          [
            -73.93465,
            40.81213
          ],
          [
            -73.93467,
            40.81199
          ],
          [
            -73.93471,
            40.81183
          ],
          [
            -73.93474,
            40.81167
          ],
          [
            -73.93499,
            40.81067
          ],
          [
            -73.93502,
            40.81054
          ],
          [
            -73.93504,
            40.81043
          ],
          [
            -73.93506,
            40.81033
          ],
          [
            -73.93507,
            40.81018
          ],
          [
            -73.93508,
            40.81003
          ],
          [
            -73.93507,
            40.80991
          ],
          [
            -73.93506,
            40.80978
          ],
          [
            -73.93504,
            40.80961
          ],
          [
            -73.93501,
            40.80947
          ],
          [
            -73.935,
            40.80941
          ],
          [
            -73.93499,
            40.80935
          ],
          [
            -73.93493,
            40.80913
          ],
          [
            -73.93486,
            40.80892
          ],
          [
            -73.93478,
            40.80872
          ],
          [
            -73.9347,
            40.80851
          ],
          [
            -73.93459,
            40.80829
          ],
          [
            -73.93449,
            40.8081
          ],
          [
            -73.93437,
            40.8079
          ],
          [
            -73.93431,
            40.80779
          ],
          [
            -73.93419,
            40.8076
          ],
          [
            -73.93405,
            40.8074
          ],
          [
            -73.93385,
            40.80713
          ],
          [
            -73.93366,
            40.80691
          ],
          [
            -73.93338,
            40.80657
          ],
          [
            -73.93269,
            40.80586
          ],
          [
            -73.93215,
            40.80531
          ],
          [
            -73.93202,
            40.80518
          ],
          [
            -73.93193,
            40.80508
          ],
          [
            -73.93181,
            40.80496
          ],
          [
            -73.9317,
            40.80485
          ],
          [
            -73.9316,
            40.80473
          ],
          [
            -73.9315,
            40.80461
          ],
          [
            -73.93139,
            40.80448
          ],
          [
            -73.93128,
            40.80434
          ],
          [
            -73.93118,
            40.8042
          ],
          [
            -73.93109,
            40.80408
          ],
          [
            -73.93101,
            40.80395
          ],
          [
            -73.93092,
            40.80382
          ],
          [
            -73.93086,
            40.8037
          ],
          [
            -73.93079,
            40.80359
          ],
          [
            -73.93071,
            40.80343
          ],
          [
            -73.93066,
            40.80333
          ],
          [
            -73.93056,
            40.80311
          ],
          [
            -73.9305,
            40.80297
          ],
          [
            -73.93044,
            40.80282
          ],
          [
            -73.93037,
            40.80256
          ],
          [
            -73.93031,
            40.80237
          ],
          [
            -73.93021,
            40.80187
          ],
          [
            -73.93018,
            40.80168
          ],
          [
            -73.93008,
            40.80138
          ],
          [
            -73.92996,
            40.80097
          ],
          [
            -73.92993,
            40.8008
          ],
          [
            -73.9299,
            40.80065
          ],
          [
            -73.92989,
            40.80049
          ],
          [
            -73.92989,
            40.80031
          ],
          [
            -73.92989,
            40.80016
          ],
          [
            -73.92989,
            40.79961
          ],
          [
            -73.92988,
            40.7995
          ],
          [
            -73.92988,
            40.7994
          ],
          [
            -73.92986,
            40.79929
          ],
          [
            -73.92983,
            40.79919
          ],
          [
            -73.92979,
            40.79907
          ],
          [
            -73.92975,
            40.79896
          ],
          [
            -73.92969,
            40.79879
          ],
          [
            -73.92965,
            40.79867
          ],
          [
            -73.92961,
            40.79854
          ],
          [
            -73.92956,
            40.79837
          ],
          [
            -73.92946,
            40.79795
          ],
          [
            -73.92942,
            40.7978
          ],
          [
            -73.92939,
            40.79766
          ],
          [
            -73.92937,
            40.7975
          ],
          [
            -73.92933,
            40.79717
          ],
          [
            -73.92933,
            40.79717
          ],
          [
            -73.92933,
            40.79709
          ],
          [
            -73.92935,
            40.79693
          ],
          [
            -73.92938,
            40.79672
          ],
          [
            -73.92943,
            40.79651
          ],
          [
            -73.92948,
            40.79629
          ],
          [
            -73.92955,
            40.79609
          ],
          [
            -73.92963,
            40.79589
          ],
          [
            -73.92968,
            40.79578
          ],
          [
            -73.92979,
            40.79559
          ],
          [
            -73.92991,
            40.79541
          ],
          [
            -73.93006,
            40.79521
          ],
          [
            -73.93013,
            40.79511
          ],
          [
            -73.9302,
            40.79503
          ],
          [
            -73.93028,
            40.79494
          ],
          [
            -73.93037,
            40.79486
          ],
          [
            -73.93046,
            40.79478
          ],
          [
            -73.93056,
            40.79471
          ],
          [
            -73.93067,
            40.79463
          ],
          [
            -73.93078,
            40.79457
          ],
          [
            -73.93228,
            40.79376
          ],
          [
            -73.93287,
            40.79344
          ],
          [
            -73.93309,
            40.79331
          ],
          [
            -73.93332,
            40.79318
          ],
          [
            -73.93355,
            40.79305
          ],
          [
            -73.93377,
            40.79291
          ],
          [
            -73.93399,
            40.79277
          ],
          [
            -73.93421,
            40.79263
          ],
          [
            -73.93442,
            40.79248
          ],
          [
            -73.93526,
            40.7919
          ],
          [
            -73.93546,
            40.79175
          ],
          [
            -73.93555,
            40.79168
          ],
          [
            -73.93565,
            40.7916
          ],
          [
            -73.93576,
            40.79151
          ],
          [
            -73.93586,
            40.79142
          ],
          [
            -73.93595,
            40.79133
          ],
          [
            -73.93603,
            40.79125
          ],
          [
            -73.93611,
            40.79116
          ],
          [
            -73.93619,
            40.79108
          ],
          [
            -73.93626,
            40.79099
          ],
          [
            -73.93633,
            40.7909
          ],
          [
            -73.93673,
            40.79041
          ],
          [
            -73.93719,
            40.78978
          ],
          [
            -73.93727,
            40.78967
          ],
          [
            -73.93733,
            40.78957
          ],
          [
            -73.93738,
            40.78947
          ],
          [
            -73.93743,
            40.78937
          ],
          [
            -73.93748,
            40.78927
          ],
          [
            -73.93811,
            40.78784
          ],
          [
            -73.93817,
            40.78773
          ],
          [
            -73.93822,
            40.78763
          ],
          [
            -73.93828,
            40.78754
          ],
          [
            -73.93834,
            40.78744
          ],
          [
            -73.93841,
            40.78735
          ],
          [
            -73.93848,
            40.78726
          ],
          [
            -73.93856,
            40.78716
          ],
          [
            -73.9389,
            40.78678
          ],
          [
            -73.93957,
            40.786
          ],
          [
            -73.93966,
            40.78591
          ],
          [
            -73.93974,
            40.78582
          ],
          [
            -73.93982,
            40.78574
          ],
          [
            -73.93991,
            40.78565
          ],
          [
            -73.94,
            40.78556
          ],
          [
            -73.94009,
            40.78549
          ],
          [
            -73.94019,
            40.78541
          ],
          [
            -73.9403,
            40.78533
          ],
          [
            -73.94041,
            40.78526
          ],
          [
            -73.94052,
            40.7852
          ],
          [
            -73.94075,
            40.78508
          ],
          [
            -73.94182,
            40.78455
          ],
          [
            -73.94229,
            40.78431
          ],
          [
            -73.94253,
            40.78419
          ],
          [
            -73.94265,
            40.78412
          ],
          [
            -73.94276,
            40.78406
          ],
          [
            -73.94288,
            40.784
          ],
          [
            -73.94298,
            40.78393
          ],
          [
            -73.94309,
            40.78385
          ],
          [
            -73.9432,
            40.78378
          ],
          [
            -73.9433,
            40.7837
          ],
          [
            -73.94339,
            40.78362
          ],
          [
            -73.94348,
            40.78353
          ],
          [
            -73.94357,
            40.78345
          ],
          [
            -73.94364,
            40.78336
          ],
          [
            -73.94372,
            40.78327
          ],
          [
            -73.9438,
            40.78317
          ],
          [
            -73.94386,
            40.78307
          ],
          [
            -73.94393,
            40.78298
          ],
          [
            -73.94398,
            40.78289
          ],
          [
            -73.94403,
            40.78279
          ],
          [
            -73.94408,
            40.78268
          ],
          [
            -73.94413,
            40.78258
          ],
          [
            -73.94416,
            40.78248
          ],
          [
            -73.9442,
            40.78236
          ],
          [
            -73.94422,
            40.78226
          ],
          [
            -73.94425,
            40.78216
          ],
          [
            -73.94426,
            40.78205
          ],
          [
            -73.94427,
            40.78196
          ],
          [
            -73.94428,
            40.78186
          ],
          [
            -73.94428,
            40.78175
          ],
          [
            -73.94428,
            40.78163
          ],
          [
            -73.94427,
            40.78152
          ],
          [
            -73.94425,
            40.78142
          ],
          [
            -73.94423,
            40.78131
          ],
          [
            -73.94403,
            40.78046
          ],
          [
            -73.94396,
            40.78024
          ],
          [
            -73.9439,
            40.78004
          ],
          [
            -73.94382,
            40.77983
          ],
          [
            -73.94373,
            40.77963
          ],
          [
            -73.94354,
            40.77922
          ],
          [
            -73.94316,
            40.77838
          ],
          [
            -73.94307,
            40.77818
          ],
          [
            -73.94299,
            40.77798
          ],
          [
            -73.94292,
            40.77777
          ],
          [
            -73.94269,
            40.77703
          ],
          [
            -73.94266,
            40.77692
          ],
          [
            -73.94262,
            40.77678
          ],
          [
            -73.9426,
            40.77666
          ],
          [
            -73.94258,
            40.77656
          ],
          [
            -73.94256,
            40.77638
          ],
          [
            -73.94255,
            40.77618
          ],
          [
            -73.94254,
            40.77596
          ],
          [
            -73.94256,
            40.77582
          ],
          [
            -73.94258,
            40.77569
          ],
          [
            -73.94262,
            40.77558
          ],
          [
            -73.94266,
            40.77544
          ],
          [
            -73.94272,
            40.77531
          ],
          [
            -73.94277,
            40.7752
          ],
          [
            -73.94285,
            40.77506
          ],
          [
            -73.94292,
            40.77494
          ],
          [
            -73.94301,
            40.77481
          ],
          [
            -73.94313,
            40.77466
          ],
          [
            -73.94333,
            40.77442
          ],
          [
            -73.94425,
            40.77339
          ],
          [
            -73.94439,
            40.77323
          ],
          [
            -73.94453,
            40.77308
          ],
          [
            -73.94465,
            40.77296
          ],
          [
            -73.94477,
            40.77281
          ],
          [
            -73.9449,
            40.77268
          ],
          [
            -73.94512,
            40.77248
          ],
          [
            -73.94542,
            40.77226
          ],
          [
            -73.9457,
            40.77205
          ],
          [
            -73.9459,
            40.77191
          ],
          [
            -73.94608,
            40.77179
          ],
          [
            -73.9463,
            40.77166
          ],
          [
            -73.94649,
            40.77149
          ],
          [
            -73.94659,
            40.77141
          ],
          [
            -73.94669,
            40.77132
          ],
          [
            -73.94677,
            40.77123
          ],
          [
            -73.94736,
            40.7706
          ],
          [
            -73.94752,
            40.77042
          ],
          [
            -73.94769,
            40.77024
          ],
          [
            -73.94787,
            40.77007
          ],
          [
            -73.94805,
            40.76989
          ],
          [
            -73.94839,
            40.76953
          ],
          [
            -73.94856,
            40.76934
          ],
          [
            -73.94872,
            40.76915
          ],
          [
            -73.94889,
            40.76897
          ],
          [
            -73.94913,
            40.7687
          ],
          [
            -73.94928,
            40.76852
          ],
          [
            -73.94958,
            40.76813
          ],
          [
            -73.94972,
            40.76794
          ],
          [
            -73.94988,
            40.76775
          ],
          [
            -73.95015,
            40.76745
          ],
          [
            -73.95017,
            40.76743
          ],
          [
            -73.95027,
            40.76732
          ],
          [
            -73.95044,
            40.76713
          ],
          [
            -73.95052,
            40.76704
          ],
          [
            -73.95059,
            40.76696
          ],
          [
            -73.9507,
            40.7668
          ],
          [
            -73.95076,
            40.76672
          ],
          [
            -73.95085,
            40.76658
          ],
          [
            -73.95097,
            40.76643
          ],
          [
            -73.95148,
            40.76585
          ],
          [
            -73.95173,
            40.76558
          ],
          [
            -73.95201,
            40.76527
          ],
          [
            -73.95211,
            40.76516
          ],
          [
            -73.95318,
            40.76394
          ],
          [
            -73.95364,
            40.76347
          ],
          [
            -73.95375,
            40.76335
          ],
          [
            -73.95424,
            40.7628
          ],
          [
            -73.95442,
            40.76261
          ],
          [
            -73.95458,
            40.76245
          ],
          [
            -73.95479,
            40.76227
          ],
          [
            -73.95569,
            40.76145
          ],
          [
            -73.95595,
            40.76123
          ],
          [
            -73.95611,
            40.7611
          ],
          [
            -73.95611,
            40.7611
          ],
          [
            -73.95642,
            40.76098
          ],
          [
            -73.95676,
            40.76085
          ],
          [
            -73.95678,
            40.76084
          ],
          [
            -73.95681,
            40.76083
          ],
          [
            -73.95684,
            40.76083
          ],
          [
            -73.95687,
            40.76083
          ],
          [
            -73.95689,
            40.76084
          ],
          [
            -73.95692,
            40.76085
          ],
          [
            -73.95695,
            40.76086
          ],
          [
            -73.95726,
            40.76098
          ],
          [
            -73.95772,
            40.76117
          ],
          [
            -73.9579,
            40.76118
          ],
          [
            -73.9579,
            40.76118
          ],
          [
            -73.95803,
            40.76123
          ],
          [
            -73.96001,
            40.76207
          ],
          [
            -73.96013,
            40.76212
          ],
          [
            -73.96028,
            40.76218
          ],
          [
            -73.96066,
            40.76234
          ],
          [
            -73.96147,
            40.76268
          ],
          [
            -73.96156,
            40.76272
          ],
          [
            -73.9624,
            40.76306
          ],
          [
            -73.96252,
            40.76311
          ],
          [
            -73.96265,
            40.76317
          ],
          [
            -73.96463,
            40.764
          ],
          [
            -73.96476,
            40.76406
          ],
          [
            -73.9649,
            40.76412
          ],
          [
            -73.96626,
            40.7647
          ],
          [
            -73.96636,
            40.76474
          ],
          [
            -73.96636,
            40.76474
          ],
          [
            -73.9664,
            40.76468
          ],
          [
            -73.96678,
            40.76417
          ],
          [
            -73.96682,
            40.76411
          ],
          [
            -73.96686,
            40.76405
          ],
          [
            -73.96705,
            40.7638
          ],
          [
            -73.96705,
            40.7638
          ],
          [
            -73.96705,
            40.7638
          ],
          [
            -73.96723,
            40.76354
          ],
          [
            -73.96727,
            40.76349
          ],
          [
            -73.96732,
            40.76342
          ],
          [
            -73.96745,
            40.76324
          ],
          [
            -73.96768,
            40.76292
          ],
          [
            -73.96772,
            40.76287
          ],
          [
            -73.96777,
            40.7628
          ],
          [
            -73.96796,
            40.76256
          ],
          [
            -73.96815,
            40.76229
          ],
          [
            -73.96819,
            40.76223
          ],
          [
            -73.96823,
            40.76217
          ],
          [
            -73.96844,
            40.76188
          ],
          [
            -73.9686,
            40.76167
          ],
          [
            -73.96864,
            40.76161
          ],
          [
            -73.96869,
            40.76154
          ],
          [
            -73.96906,
            40.76103
          ],
          [
            -73.96913,
            40.76093
          ],
          [
            -73.96913,
            40.76093
          ],
          [
            -73.96924,
            40.76098
          ],
          [
            -73.96951,
            40.76109
          ],
          [
            -73.96989,
            40.76125
          ],
          [
            -73.9705,
            40.7615
          ],
          [
            -73.97055,
            40.76153
          ],
          [
            -73.97067,
            40.76158
          ],
          [
            -73.97085,
            40.76165
          ],
          [
            -73.97096,
            40.7617
          ],
          [
            -73.97102,
            40.76172
          ],
          [
            -73.97106,
            40.76174
          ],
          [
            -73.97225,
            40.76225
          ],
          [
            -73.97237,
            40.7623
          ],
          [
            -73.97247,
            40.76234
          ],
          [
            -73.97314,
            40.76262
          ],
          [
            -73.97385,
            40.76292
          ],
          [
            -73.97397,
            40.76297
          ],
          [
            -73.9741,
            40.76303
          ],
          [
            -73.97565,
            40.76367
          ],
          [
            -73.97613,
            40.76388
          ],
          [
            -73.97615,
            40.76388
          ],
          [
            -73.97706,
            40.76427
          ],
          [
            -73.9772,
            40.76432
          ],
          [
            -73.97734,
            40.76438
          ],
          [
            -73.97763,
            40.76451
          ],
          [
            -73.97891,
            40.76505
          ],
          [
            -73.9799,
            40.76546
          ],
          [
            -73.98004,
            40.76552
          ],
          [
            -73.98015,
            40.76557
          ],
          [
            -73.98032,
            40.76564
          ],
          [
            -73.98048,
            40.76571
          ],
          [
            -73.98088,
            40.76588
          ],
          [
            -73.98173,
            40.76624
          ],
          [
            -73.98189,
            40.7663
          ],
          [
            -73.98199,
            40.76634
          ],
          [
            -73.98274,
            40.76666
          ],
          [
            -73.98287,
            40.76672
          ],
          [
            -73.98302,
            40.76678
          ],
          [
            -73.98372,
            40.76707
          ],
          [
            -73.98378,
            40.7671
          ],
          [
            -73.98416,
            40.76726
          ],
          [
            -73.98422,
            40.76728
          ],
          [
            -73.98441,
            40.76736
          ],
          [
            -73.98559,
            40.76786
          ],
          [
            -73.98564,
            40.76788
          ],
          [
            -73.98572,
            40.76792
          ],
          [
            -73.98586,
            40.76797
          ],
          [
            -73.98803,
            40.76889
          ],
          [
            -73.98844,
            40.76907
          ],
          [
            -73.98856,
            40.76912
          ],
          [
            -73.98869,
            40.76917
          ],
          [
            -73.98897,
            40.76929
          ],
          [
            -73.9891,
            40.76935
          ],
          [
            -73.99034,
            40.76987
          ],
          [
            -73.99078,
            40.77006
          ],
          [
            -73.99126,
            40.77026
          ],
          [
            -73.99139,
            40.77032
          ],
          [
            -73.99154,
            40.77038
          ],
          [
            -73.99208,
            40.7706
          ],
          [
            -73.99243,
            40.77075
          ],
          [
            -73.99325,
            40.77109
          ],
          [
            -73.99357,
            40.77123
          ],
          [
            -73.9938,
            40.77138
          ],
          [
            -73.994,
            40.77146
          ],
          [
            -73.99405,
            40.77148
          ],
          [
            -73.99421,
            40.77153
          ],
          [
            -73.99421,
            40.77153
          ],
          [
            -73.99418,
            40.7716
          ],
          [
            -73.99417,
            40.77162
          ],
          [
            -73.99414,
            40.77167
          ],
          [
            -73.99412,
            40.77171
          ],
          [
            -73.9941,
            40.77175
          ],
          [
            -73.99408,
            40.77179
          ],
          [
            -73.99406,
            40.77182
          ],
          [
            -73.99405,
            40.77183
          ],
          [
            -73.99403,
            40.77186
          ],
          [
            -73.99402,
            40.77189
          ],
          [
            -73.994,
            40.77192
          ],
          [
            -73.99385,
            40.77212
          ],
          [
            -73.99334,
            40.77281
          ],
          [
            -73.9932,
            40.773
          ],
          [
            -73.99216,
            40.77456
          ],
          [
            -73.99198,
            40.77483
          ],
          [
            -73.99181,
            40.77507
          ],
          [
            -73.98837,
            40.77979
          ],
          [
            -73.98822,
            40.77999
          ],
          [
            -73.98808,
            40.78017
          ],
          [
            -73.98793,
            40.78036
          ],
          [
            -73.98777,
            40.78055
          ],
          [
            -73.9876,
            40.78073
          ],
          [
            -73.98743,
            40.78092
          ],
          [
            -73.9872,
            40.78116
          ],
          [
            -73.98708,
            40.78128
          ],
          [
            -73.98699,
            40.78136
          ],
          [
            -73.98691,
            40.78144
          ],
          [
            -73.98685,
            40.78151
          ],
          [
            -73.98673,
            40.78163
          ],
          [
            -73.98673,
            40.78163
          ],
          [
            -73.98665,
            40.78172
          ],
          [
            -73.98658,
            40.78182
          ],
          [
            -73.98533,
            40.78353
          ],
          [
            -73.9842,
            40.78512
          ],
          [
            -73.984,
            40.78544
          ],
          [
            -73.98388,
            40.7856
          ],
          [
            -73.98369,
            40.78588
          ],
          [
            -73.9836,
            40.78603
          ],
          [
            -73.98352,
            40.78619
          ],
          [
            -73.98343,
            40.78635
          ],
          [
            -73.98335,
            40.7865
          ],
          [
            -73.98327,
            40.78668
          ],
          [
            -73.98319,
            40.78686
          ],
          [
            -73.98311,
            40.78705
          ],
          [
            -73.98302,
            40.78729
          ],
          [
            -73.98295,
            40.78749
          ],
          [
            -73.98276,
            40.788
          ],
          [
            -73.98266,
            40.78826
          ],
          [
            -73.98259,
            40.78841
          ],
          [
            -73.98251,
            40.7886
          ],
          [
            -73.98243,
            40.78879
          ],
          [
            -73.98237,
            40.78893
          ],
          [
            -73.98228,
            40.78912
          ],
          [
            -73.98219,
            40.7893
          ],
          [
            -73.98211,
            40.78946
          ],
          [
            -73.98202,
            40.78963
          ],
          [
            -73.98193,
            40.78981
          ],
          [
            -73.98183,
            40.78998
          ],
          [
            -73.98174,
            40.79015
          ],
          [
            -73.98164,
            40.79032
          ],
          [
            -73.98155,
            40.79047
          ],
          [
            -73.98145,
            40.79065
          ],
          [
            -73.98129,
            40.7909
          ],
          [
            -73.98112,
            40.79115
          ],
          [
            -73.98096,
            40.79139
          ],
          [
            -73.98078,
            40.79164
          ],
          [
            -73.98061,
            40.79187
          ],
          [
            -73.98044,
            40.7921
          ],
          [
            -73.98031,
            40.79228
          ],
          [
            -73.98019,
            40.79244
          ],
          [
            -73.98008,
            40.79258
          ],
          [
            -73.97995,
            40.79274
          ],
          [
            -73.97981,
            40.7929
          ],
          [
            -73.97969,
            40.79304
          ],
          [
            -73.97956,
            40.79319
          ],
          [
            -73.97943,
            40.79333
          ],
          [
            -73.97926,
            40.79351
          ],
          [
            -73.97912,
            40.79366
          ],
          [
            -73.97897,
            40.79381
          ],
          [
            -73.97882,
            40.79395
          ],
          [
            -73.97867,
            40.79409
          ],
          [
            -73.97847,
            40.79427
          ],
          [
            -73.97836,
            40.79436
          ],
          [
            -73.97818,
            40.79451
          ],
          [
            -73.97802,
            40.79465
          ],
          [
            -73.97784,
            40.79479
          ],
          [
            -73.97737,
            40.79517
          ],
          [
            -73.9772,
            40.79531
          ],
          [
            -73.977,
            40.79545
          ],
          [
            -73.97673,
            40.79569
          ],
          [
            -73.97655,
            40.79585
          ],
          [
            -73.9764,
            40.796
          ],
          [
            -73.97622,
            40.79619
          ],
          [
            -73.97608,
            40.79636
          ],
          [
            -73.97601,
            40.79646
          ],
          [
            -73.97595,
            40.79656
          ],
          [
            -73.97589,
            40.79665
          ],
          [
            -73.97583,
            40.79677
          ],
          [
            -73.97578,
            40.79686
          ],
          [
            -73.97573,
            40.79697
          ],
          [
            -73.97561,
            40.79722
          ],
          [
            -73.97553,
            40.79739
          ],
          [
            -73.97504,
            40.79886
          ],
          [
            -73.97489,
            40.79929
          ],
          [
            -73.97483,
            40.79946
          ],
          [
            -73.97475,
            40.79966
          ],
          [
            -73.97466,
            40.79986
          ],
          [
            -73.97456,
            40.80006
          ],
          [
            -73.97447,
            40.80025
          ],
          [
            -73.97436,
            40.80045
          ],
          [
            -73.97425,
            40.80064
          ],
          [
            -73.97414,
            40.80083
          ],
          [
            -73.97402,
            40.80102
          ],
          [
            -73.97364,
            40.80161
          ],
          [
            -73.97358,
            40.8017
          ],
          [
            -73.97347,
            40.80186
          ],
          [
            -73.97337,
            40.80201
          ],
          [
            -73.97325,
            40.80218
          ],
          [
            -73.97313,
            40.80234
          ],
          [
            -73.97303,
            40.8025
          ],
          [
            -73.97292,
            40.80265
          ],
          [
            -73.97281,
            40.80281
          ],
          [
            -73.97269,
            40.80297
          ],
          [
            -73.97258,
            40.80313
          ],
          [
            -73.97245,
            40.8033
          ],
          [
            -73.97234,
            40.80347
          ],
          [
            -73.97222,
            40.80362
          ],
          [
            -73.97212,
            40.80377
          ],
          [
            -73.97199,
            40.80394
          ],
          [
            -73.97187,
            40.80411
          ],
          [
            -73.97174,
            40.80427
          ],
          [
            -73.97161,
            40.80444
          ],
          [
            -73.97149,
            40.8046
          ],
          [
            -73.97138,
            40.80475
          ],
          [
            -73.97126,
            40.80491
          ],
          [
            -73.97113,
            40.80507
          ],
          [
            -73.97102,
            40.80521
          ],
          [
            -73.97089,
            40.80538
          ],
          [
            -73.97077,
            40.80553
          ],
          [
            -73.97063,
            40.8057
          ],
          [
            -73.97052,
            40.80585
          ],
          [
            -73.9704,
            40.806
          ],
          [
            -73.97027,
            40.80616
          ],
          [
            -73.97013,
            40.80635
          ],
          [
            -73.97002,
            40.80649
          ],
          [
            -73.9699,
            40.80665
          ],
          [
            -73.96977,
            40.8068
          ],
          [
            -73.96965,
            40.80696
          ],
          [
            -73.96953,
            40.80712
          ],
          [
            -73.96941,
            40.80728
          ],
          [
            -73.96929,
            40.80745
          ],
          [
            -73.96917,
            40.8076
          ],
          [
            -73.96906,
            40.80776
          ],
          [
            -73.96888,
            40.80801
          ],
          [
            -73.96877,
            40.80817
          ],
          [
            -73.96866,
            40.80833
          ],
          [
            -73.96855,
            40.8085
          ],
          [
            -73.96843,
            40.80866
          ],
          [
            -73.96833,
            40.80883
          ],
          [
            -73.96822,
            40.80899
          ],
          [
            -73.96811,
            40.80916
          ],
          [
            -73.96744,
            40.81022
          ],
          [
            -73.96733,
            40.8104
          ],
          [
            -73.96722,
            40.81056
          ],
          [
            -73.96722,
            40.81056
          ],
          [
            -73.96686,
            40.811
          ],
          [
            -73.96648,
            40.81143
          ],
          [
            -73.96548,
            40.81261
          ],
          [
            -73.96486,
            40.81332
          ],
          [
            -73.96439,
            40.8139
          ],
          [
            -73.96389,
            40.81459
          ],
          [
            -73.96333,
            40.81543
          ],
          [
            -73.96319,
            40.81564
          ],
          [
            -73.96304,
            40.81583
          ],
          [
            -73.96292,
            40.816
          ],
          [
            -73.9628,
            40.81615
          ],
          [
            -73.96267,
            40.8163
          ],
          [
            -73.96254,
            40.81644
          ],
          [
            -73.96203,
            40.81693
          ],
          [
            -73.96171,
            40.81722
          ],
          [
            -73.96163,
            40.81728
          ],
          [
            -73.96155,
            40.81735
          ],
          [
            -73.96146,
            40.81742
          ],
          [
            -73.9614,
            40.81746
          ],
          [
            -73.96132,
            40.81751
          ],
          [
            -73.96123,
            40.81756
          ],
          [
            -73.9611,
            40.81762
          ],
          [
            -73.96102,
            40.81766
          ],
          [
            -73.96102,
            40.81766
          ],
          [
            -73.96072,
            40.81754
          ],
          [
            -73.96056,
            40.81747
          ],
          [
            -73.95976,
            40.81714
          ],
          [
            -73.95953,
            40.81705
          ],
          [
            -73.95953,
            40.81705
          ],
          [
            -73.95952,
            40.81703
          ],
          [
            -73.95949,
            40.81701
          ],
          [
            -73.95868,
            40.81613
          ],
          [
            -73.95855,
            40.81598
          ],
          [
            -73.95844,
            40.81587
          ],
          [
            -73.95839,
            40.81581
          ],
          [
            -73.95828,
            40.81569
          ],
          [
            -73.95827,
            40.81568
          ],
          [
            -73.95821,
            40.81561
          ],
          [
            -73.95821,
            40.81561
          ],
          [
            -73.95813,
            40.81573
          ],
          [
            -73.95793,
            40.81601
          ],
          [
            -73.95777,
            40.81623
          ],
          [
            -73.95773,
            40.81628
          ],
          [
            -73.95768,
            40.81636
          ],
          [
            -73.95728,
            40.8169
          ],
          [
            -73.9569,
            40.81743
          ],
          [
            -73.95684,
            40.81751
          ],
          [
            -73.9568,
            40.81757
          ],
          [
            -73.9564,
            40.81811
          ],
          [
            -73.95636,
            40.81816
          ],
          [
            -73.95633,
            40.81821
          ],
          [
            -73.95595,
            40.8187
          ],
          [
            -73.95591,
            40.81876
          ],
          [
            -73.95587,
            40.81882
          ],
          [
            -73.95546,
            40.81939
          ],
          [
            -73.95505,
            40.81996
          ],
          [
            -73.95497,
            40.82007
          ],
          [
            -73.95497,
            40.82007
          ],
          [
            -73.95486,
            40.82002
          ],
          [
            -73.95239,
            40.81897
          ],
          [
            -73.95237,
            40.81897
          ],
          [
            -73.95234,
            40.81896
          ],
          [
            -73.95227,
            40.81894
          ],
          [
            -73.95221,
            40.81893
          ],
          [
            -73.95221,
            40.81893
          ],
          [
            -73.95217,
            40.81899
          ],
          [
            -73.95216,
            40.81901
          ],
          [
            -73.95178,
            40.81951
          ],
          [
            -73.95173,
            40.81957
          ],
          [
            -73.95168,
            40.81964
          ],
          [
            -73.9513,
            40.82016
          ],
          [
            -73.95087,
            40.82075
          ],
          [
            -73.95081,
            40.82082
          ],
          [
            -73.95078,
            40.82087
          ],
          [
            -73.9504,
            40.82139
          ],
          [
            -73.95036,
            40.82144
          ],
          [
            -73.95032,
            40.82151
          ],
          [
            -73.94995,
            40.82201
          ],
          [
            -73.94991,
            40.82206
          ],
          [
            -73.94986,
            40.82213
          ],
          [
            -73.9495,
            40.82263
          ],
          [
            -73.94946,
            40.82268
          ],
          [
            -73.94941,
            40.82275
          ],
          [
            -73.94904,
            40.82326
          ],
          [
            -73.94899,
            40.82332
          ],
          [
            -73.94895,
            40.82337
          ],
          [
            -73.94858,
            40.82389
          ],
          [
            -73.94854,
            40.82394
          ],
          [
            -73.9485,
            40.82399
          ],
          [
            -73.94812,
            40.82451
          ],
          [
            -73.94809,
            40.82455
          ],
          [
            -73.94804,
            40.82462
          ],
          [
            -73.94767,
            40.82514
          ],
          [
            -73.9476,
            40.82524
          ],
          [
            -73.94752,
            40.82534
          ],
          [
            -73.94714,
            40.82585
          ],
          [
            -73.94711,
            40.8259
          ],
          [
            -73.94706,
            40.82596
          ],
          [
            -73.94669,
            40.82648
          ],
          [
            -73.94665,
            40.82653
          ],
          [
            -73.94661,
            40.82659
          ],
          [
            -73.94623,
            40.8271
          ],
          [
            -73.94619,
            40.82715
          ],
          [
            -73.94615,
            40.82721
          ],
          [
            -73.94577,
            40.82773
          ],
          [
            -73.94573,
            40.82778
          ],
          [
            -73.94569,
            40.82784
          ],
          [
            -73.94555,
            40.82803
          ],
          [
            -73.94555,
            40.82803
          ],
          [
            -73.94555,
            40.82803
          ],
          [
            -73.94569,
            40.82784
          ],
          [
            -73.94573,
            40.82778
          ],
          [
            -73.94577,
            40.82773
          ],
          [
            -73.94615,
            40.82721
          ],
          [
            -73.94619,
            40.82715
          ],
          [
            -73.94623,
            40.8271
          ],
          [
            -73.94639,
            40.82688
          ],
          [
            -73.94639,
            40.82688
          ],
          [
            -73.94639,
            40.82688
          ],
          [
            -73.94661,
            40.82659
          ],
          [
            -73.94665,
            40.82653
          ],
          [
            -73.94669,
            40.82648
          ],
          [
            -73.94706,
            40.82596
          ],
          [
            -73.94711,
            40.8259
          ],
          [
            -73.94714,
            40.82585
          ],
          [
            -73.94752,
            40.82534
          ],
          [
            -73.9476,
            40.82524
          ],
          [
            -73.94767,
            40.82514
          ],
          [
            -73.94804,
            40.82462
          ],
          [
            -73.94809,
            40.82455
          ],
          [
            -73.94812,
            40.82451
          ],
          [
            -73.9485,
            40.82399
          ],
          [
            -73.94854,
            40.82394
          ],
          [
            -73.94858,
            40.82389
          ],
          [
            -73.94895,
            40.82337
          ],
          [
            -73.94899,
            40.82332
          ],
          [
            -73.94904,
            40.82326
          ],
          [
            -73.94941,
            40.82275
          ],
          [
            -73.94946,
            40.82268
          ],
          [
            -73.9495,
            40.82263
          ],
          [
            -73.94986,
            40.82213
          ],
          [
            -73.94991,
            40.82206
          ],
          [
            -73.94995,
            40.82201
          ],
          [
            -73.95032,
            40.82151
          ],
          [
            -73.95036,
            40.82144
          ],
          [
            -73.9504,
            40.82139
          ],
          [
            -73.95078,
            40.82087
          ],
          [
            -73.95081,
            40.82082
          ],
          [
            -73.95087,
            40.82075
          ],
          [
            -73.9513,
            40.82016
          ],
          [
            -73.95168,
            40.81964
          ],
          [
            -73.95173,
            40.81957
          ],
          [
            -73.95178,
            40.81951
          ],
          [
            -73.95216,
            40.81901
          ],
          [
            -73.95217,
            40.81899
          ],
          [
            -73.95221,
            40.81893
          ],
          [
            -73.95221,
            40.81893
          ],
          [
            -73.95227,
            40.81894
          ],
          [
            -73.95234,
            40.81896
          ],
          [
            -73.95237,
            40.81897
          ],
          [
            -73.95239,
            40.81897
          ],
          [
            -73.95486,
            40.82002
          ],
          [
            -73.95497,
            40.82007
          ],
          [
            -73.95497,
            40.82007
          ],
          [
            -73.95519,
            40.82016
          ],
          [
            -73.95527,
            40.82005
          ],
          [
            -73.95608,
            40.81892
          ],
          [
            -73.95612,
            40.81885
          ],
          [
            -73.95612,
            40.81885
          ],
          [
            -73.95621,
            40.81889
          ],
          [
            -73.95669,
            40.81909
          ],
          [
            -73.95678,
            40.81913
          ],
          [
            -73.95744,
            40.81941
          ],
          [
            -73.95824,
            40.81974
          ],
          [
            -73.95872,
            40.81995
          ],
          [
            -73.9589,
            40.82002
          ],
          [
            -73.959,
            40.82006
          ],
          [
            -73.95949,
            40.82026
          ],
          [
            -73.95965,
            40.82033
          ],
          [
            -73.95965,
            40.82033
          ],
          [
            -73.95969,
            40.82028
          ],
          [
            -73.96008,
            40.81979
          ],
          [
            -73.96013,
            40.81973
          ],
          [
            -73.96018,
            40.81967
          ],
          [
            -73.96053,
            40.81927
          ],
          [
            -73.96065,
            40.81914
          ],
          [
            -73.961,
            40.81874
          ],
          [
            -73.96106,
            40.81868
          ],
          [
            -73.96113,
            40.81862
          ],
          [
            -73.96129,
            40.81848
          ],
          [
            -73.96171,
            40.8181
          ],
          [
            -73.96181,
            40.818
          ],
          [
            -73.96181,
            40.818
          ],
          [
            -73.96191,
            40.81796
          ],
          [
            -73.96254,
            40.81734
          ],
          [
            -73.96277,
            40.81711
          ],
          [
            -73.96299,
            40.81688
          ],
          [
            -73.96318,
            40.81669
          ],
          [
            -73.96333,
            40.81651
          ],
          [
            -73.96344,
            40.81639
          ],
          [
            -73.9636,
            40.8162
          ],
          [
            -73.96376,
            40.816
          ],
          [
            -73.96385,
            40.81588
          ],
          [
            -73.96393,
            40.81577
          ],
          [
            -73.964,
            40.81564
          ],
          [
            -73.96416,
            40.81538
          ],
          [
            -73.96416,
            40.81538
          ],
          [
            -73.96429,
            40.81519
          ],
          [
            -73.96442,
            40.815
          ],
          [
            -73.96459,
            40.8147
          ],
          [
            -73.96471,
            40.8145
          ],
          [
            -73.96482,
            40.8143
          ],
          [
            -73.96493,
            40.8141
          ],
          [
            -73.96506,
            40.81391
          ],
          [
            -73.96518,
            40.81371
          ],
          [
            -73.96531,
            40.81352
          ],
          [
            -73.96545,
            40.81333
          ],
          [
            -73.96559,
            40.81314
          ],
          [
            -73.96574,
            40.81296
          ],
          [
            -73.96589,
            40.81277
          ],
          [
            -73.96603,
            40.81258
          ],
          [
            -73.96618,
            40.8124
          ],
          [
            -73.96632,
            40.81221
          ],
          [
            -73.96646,
            40.81202
          ],
          [
            -73.96659,
            40.81183
          ],
          [
            -73.96672,
            40.81164
          ],
          [
            -73.96686,
            40.81144
          ],
          [
            -73.96698,
            40.81125
          ],
          [
            -73.96828,
            40.8092
          ],
          [
            -73.96841,
            40.809
          ],
          [
            -73.96853,
            40.80881
          ],
          [
            -73.96866,
            40.80862
          ],
          [
            -73.96879,
            40.80842
          ],
          [
            -73.96893,
            40.80823
          ],
          [
            -73.96906,
            40.80804
          ],
          [
            -73.9692,
            40.80785
          ],
          [
            -73.96933,
            40.80766
          ],
          [
            -73.96947,
            40.80747
          ],
          [
            -73.96961,
            40.80728
          ],
          [
            -73.96975,
            40.8071
          ],
          [
            -73.9699,
            40.80691
          ],
          [
            -73.97004,
            40.80672
          ],
          [
            -73.97019,
            40.80653
          ],
          [
            -73.97128,
            40.80513
          ],
          [
            -73.97143,
            40.80495
          ],
          [
            -73.97157,
            40.80476
          ],
          [
            -73.97171,
            40.80457
          ],
          [
            -73.97186,
            40.80438
          ],
          [
            -73.972,
            40.8042
          ],
          [
            -73.97214,
            40.804
          ],
          [
            -73.97228,
            40.80382
          ],
          [
            -73.97242,
            40.80363
          ],
          [
            -73.97256,
            40.80344
          ],
          [
            -73.97269,
            40.80325
          ],
          [
            -73.97283,
            40.80306
          ],
          [
            -73.97297,
            40.80287
          ],
          [
            -73.97363,
            40.80191
          ],
          [
            -73.97387,
            40.80156
          ],
          [
            -73.97399,
            40.80137
          ],
          [
            -73.97412,
            40.80117
          ],
          [
            -73.97425,
            40.80097
          ],
          [
            -73.97436,
            40.80077
          ],
          [
            -73.97448,
            40.80058
          ],
          [
            -73.97459,
            40.80038
          ],
          [
            -73.9747,
            40.80017
          ],
          [
            -73.9748,
            40.79996
          ],
          [
            -73.97489,
            40.79976
          ],
          [
            -73.97497,
            40.79956
          ],
          [
            -73.97506,
            40.79933
          ],
          [
            -73.97522,
            40.79891
          ],
          [
            -73.97563,
            40.79787
          ],
          [
            -73.97594,
            40.79717
          ],
          [
            -73.97599,
            40.79706
          ],
          [
            -73.97606,
            40.79692
          ],
          [
            -73.97614,
            40.79677
          ],
          [
            -73.9762,
            40.79668
          ],
          [
            -73.97627,
            40.79657
          ],
          [
            -73.97633,
            40.79648
          ],
          [
            -73.9764,
            40.79638
          ],
          [
            -73.97648,
            40.79629
          ],
          [
            -73.97655,
            40.79621
          ],
          [
            -73.97689,
            40.79588
          ],
          [
            -73.97701,
            40.79575
          ],
          [
            -73.97719,
            40.79558
          ],
          [
            -73.97737,
            40.79542
          ],
          [
            -73.97756,
            40.79526
          ],
          [
            -73.97832,
            40.7946
          ],
          [
            -73.9786,
            40.79436
          ],
          [
            -73.97878,
            40.79419
          ],
          [
            -73.97897,
            40.79402
          ],
          [
            -73.97914,
            40.79386
          ],
          [
            -73.97932,
            40.79368
          ],
          [
            -73.97949,
            40.79351
          ],
          [
            -73.97965,
            40.79333
          ],
          [
            -73.97981,
            40.79315
          ],
          [
            -73.97997,
            40.79296
          ],
          [
            -73.98012,
            40.79278
          ],
          [
            -73.98027,
            40.7926
          ],
          [
            -73.98041,
            40.79241
          ],
          [
            -73.98056,
            40.79222
          ],
          [
            -73.9807,
            40.79204
          ],
          [
            -73.98084,
            40.79185
          ],
          [
            -73.98098,
            40.79166
          ],
          [
            -73.98111,
            40.79147
          ],
          [
            -73.98124,
            40.79127
          ],
          [
            -73.98137,
            40.79108
          ],
          [
            -73.9815,
            40.79088
          ],
          [
            -73.98162,
            40.79069
          ],
          [
            -73.98174,
            40.79049
          ],
          [
            -73.98186,
            40.7903
          ],
          [
            -73.98197,
            40.79009
          ],
          [
            -73.98208,
            40.78989
          ],
          [
            -73.98218,
            40.7897
          ],
          [
            -73.98229,
            40.78949
          ],
          [
            -73.98239,
            40.78929
          ],
          [
            -73.98248,
            40.78909
          ],
          [
            -73.98258,
            40.78888
          ],
          [
            -73.98267,
            40.78868
          ],
          [
            -73.98275,
            40.78847
          ],
          [
            -73.98284,
            40.78827
          ],
          [
            -73.98292,
            40.78805
          ],
          [
            -73.98318,
            40.78734
          ],
          [
            -73.98325,
            40.78713
          ],
          [
            -73.98333,
            40.78693
          ],
          [
            -73.98342,
            40.78672
          ],
          [
            -73.98349,
            40.78656
          ],
          [
            -73.98356,
            40.78641
          ],
          [
            -73.98364,
            40.78625
          ],
          [
            -73.98372,
            40.7861
          ],
          [
            -73.98381,
            40.78596
          ],
          [
            -73.9839,
            40.78582
          ],
          [
            -73.98401,
            40.78566
          ],
          [
            -73.98412,
            40.78549
          ],
          [
            -73.98429,
            40.78523
          ],
          [
            -73.98442,
            40.78503
          ],
          [
            -73.98456,
            40.78484
          ],
          [
            -73.98469,
            40.78465
          ],
          [
            -73.98482,
            40.78446
          ],
          [
            -73.98496,
            40.78427
          ],
          [
            -73.98509,
            40.78408
          ],
          [
            -73.98523,
            40.78389
          ],
          [
            -73.98537,
            40.78369
          ],
          [
            -73.98545,
            40.78359
          ],
          [
            -73.98669,
            40.78189
          ],
          [
            -73.98676,
            40.7818
          ],
          [
            -73.98682,
            40.78172
          ],
          [
            -73.9869,
            40.78164
          ],
          [
            -73.98697,
            40.78156
          ],
          [
            -73.98697,
            40.78156
          ],
          [
            -73.98705,
            40.78148
          ],
          [
            -73.98763,
            40.7809
          ],
          [
            -73.98772,
            40.7808
          ],
          [
            -73.98782,
            40.7807
          ],
          [
            -73.98789,
            40.78061
          ],
          [
            -73.98797,
            40.78052
          ],
          [
            -73.98812,
            40.78032
          ],
          [
            -73.98827,
            40.78013
          ],
          [
            -73.98841,
            40.77994
          ],
          [
            -73.99202,
            40.775
          ],
          [
            -73.99245,
            40.7744
          ],
          [
            -73.99316,
            40.77339
          ],
          [
            -73.99317,
            40.77337
          ],
          [
            -73.99404,
            40.7722
          ],
          [
            -73.99418,
            40.772
          ],
          [
            -73.99425,
            40.77191
          ],
          [
            -73.99427,
            40.77188
          ],
          [
            -73.9943,
            40.77184
          ],
          [
            -73.99431,
            40.77182
          ],
          [
            -73.99432,
            40.77181
          ],
          [
            -73.99433,
            40.77179
          ],
          [
            -73.99434,
            40.77177
          ],
          [
            -73.99435,
            40.77176
          ],
          [
            -73.99437,
            40.77173
          ],
          [
            -73.99438,
            40.77171
          ],
          [
            -73.99439,
            40.77169
          ],
          [
            -73.99441,
            40.77167
          ],
          [
            -73.99443,
            40.77162
          ],
          [
            -73.99444,
            40.7716
          ],
          [
            -73.99446,
            40.77156
          ],
          [
            -73.99447,
            40.77154
          ],
          [
            -73.99449,
            40.7715
          ],
          [
            -73.9945,
            40.77147
          ],
          [
            -73.99452,
            40.77143
          ],
          [
            -73.99453,
            40.7714
          ],
          [
            -73.99455,
            40.77137
          ],
          [
            -73.99456,
            40.77134
          ],
          [
            -73.99457,
            40.77131
          ],
          [
            -73.99457,
            40.77129
          ],
          [
            -73.99458,
            40.77128
          ],
          [
            -73.99458,
            40.77126
          ],
          [
            -73.99459,
            40.77124
          ],
          [
            -73.9946,
            40.7712
          ],
          [
            -73.9946,
            40.77119
          ],
          [
            -73.99461,
            40.77118
          ],
          [
            -73.99461,
            40.77115
          ],
          [
            -73.99462,
            40.77114
          ],
          [
            -73.99462,
            40.77112
          ],
          [
            -73.99463,
            40.77109
          ],
          [
            -73.99463,
            40.77107
          ],
          [
            -73.99464,
            40.77104
          ],
          [
            -73.99464,
            40.77103
          ],
          [
            -73.99465,
            40.771
          ],
          [
            -73.99465,
            40.77097
          ],
          [
            -73.99466,
            40.77094
          ],
          [
            -73.99466,
            40.77091
          ],
          [
            -73.99467,
            40.77086
          ],
          [
            -73.99467,
            40.77083
          ],
          [
            -73.99468,
            40.77081
          ],
          [
            -73.99468,
            40.77081
          ],
          [
            -73.99477,
            40.77016
          ],
          [
            -73.99477,
            40.77012
          ],
          [
            -73.99479,
            40.77003
          ],
          [
            -73.9948,
            40.76996
          ],
          [
            -73.99482,
            40.76989
          ],
          [
            -73.99485,
            40.7698
          ],
          [
            -73.99488,
            40.76972
          ],
          [
            -73.99492,
            40.76962
          ],
          [
            -73.99497,
            40.76952
          ],
          [
            -73.99502,
            40.76942
          ],
          [
            -73.99502,
            40.76942
          ],
          [
            -73.99494,
            40.76931
          ],
          [
            -73.99491,
            40.76929
          ],
          [
            -73.99488,
            40.76927
          ],
          [
            -73.99485,
            40.76926
          ],
          [
            -73.99472,
            40.7692
          ],
          [
            -73.99299,
            40.76847
          ],
          [
            -73.99295,
            40.76845
          ],
          [
            -73.99279,
            40.76837
          ],
          [
            -73.99268,
            40.76833
          ],
          [
            -73.9915,
            40.76783
          ],
          [
            -73.9901,
            40.76724
          ],
          [
            -73.98996,
            40.76718
          ],
          [
            -73.98985,
            40.76713
          ],
          [
            -73.98727,
            40.76605
          ],
          [
            -73.98713,
            40.76599
          ],
          [
            -73.98702,
            40.76595
          ],
          [
            -73.98699,
            40.76594
          ],
          [
            -73.98696,
            40.76592
          ],
          [
            -73.9855,
            40.76532
          ],
          [
            -73.98513,
            40.76516
          ],
          [
            -73.9847,
            40.76498
          ],
          [
            -73.98441,
            40.76486
          ],
          [
            -73.98438,
            40.76485
          ],
          [
            -73.98427,
            40.7648
          ],
          [
            -73.98427,
            40.7648
          ],
          [
            -73.98423,
            40.76486
          ],
          [
            -73.98393,
            40.76528
          ],
          [
            -73.98387,
            40.76537
          ],
          [
            -73.98386,
            40.76539
          ],
          [
            -73.98382,
            40.76544
          ],
          [
            -73.98379,
            40.76549
          ],
          [
            -73.98341,
            40.76599
          ],
          [
            -73.98338,
            40.76603
          ],
          [
            -73.98332,
            40.76611
          ],
          [
            -73.98296,
            40.76659
          ],
          [
            -73.98294,
            40.76663
          ],
          [
            -73.98287,
            40.76672
          ],
          [
            -73.98287,
            40.76672
          ],
          [
            -73.98274,
            40.76666
          ],
          [
            -73.98199,
            40.76634
          ],
          [
            -73.98189,
            40.7663
          ],
          [
            -73.98173,
            40.76624
          ],
          [
            -73.98088,
            40.76588
          ],
          [
            -73.98048,
            40.76571
          ],
          [
            -73.98032,
            40.76564
          ],
          [
            -73.98015,
            40.76557
          ],
          [
            -73.98004,
            40.76552
          ],
          [
            -73.9799,
            40.76546
          ],
          [
            -73.97891,
            40.76505
          ],
          [
            -73.97763,
            40.76451
          ],
          [
            -73.97734,
            40.76438
          ],
          [
            -73.9772,
            40.76432
          ],
          [
            -73.97706,
            40.76427
          ],
          [
            -73.97615,
            40.76388
          ],
          [
            -73.97613,
            40.76388
          ],
          [
            -73.97565,
            40.76367
          ],
          [
            -73.9741,
            40.76303
          ],
          [
            -73.97397,
            40.76297
          ],
          [
            -73.97385,
            40.76292
          ],
          [
            -73.97314,
            40.76262
          ],
          [
            -73.97247,
            40.76234
          ],
          [
            -73.97237,
            40.7623
          ],
          [
            -73.97225,
            40.76225
          ],
          [
            -73.97106,
            40.76174
          ],
          [
            -73.97102,
            40.76172
          ],
          [
            -73.97096,
            40.7617
          ],
          [
            -73.97085,
            40.76165
          ],
          [
            -73.97067,
            40.76158
          ],
          [
            -73.97055,
            40.76153
          ],
          [
            -73.9705,
            40.7615
          ],
          [
            -73.96989,
            40.76125
          ],
          [
            -73.96951,
            40.76109
          ],
          [
            -73.96924,
            40.76098
          ],
          [
            -73.96913,
            40.76093
          ],
          [
            -73.96913,
            40.76093
          ],
          [
            -73.9692,
            40.76084
          ],
          [
            -73.96958,
            40.76031
          ],
          [
            -73.96962,
            40.76025
          ],
          [
            -73.96966,
            40.7602
          ],
          [
            -73.96968,
            40.76017
          ],
          [
            -73.96968,
            40.76017
          ],
          [
            -73.96968,
            40.76017
          ],
          [
            -73.97003,
            40.75969
          ],
          [
            -73.97007,
            40.75964
          ],
          [
            -73.97007,
            40.75964
          ],
          [
            -73.97019,
            40.75969
          ],
          [
            -73.97045,
            40.7598
          ],
          [
            -73.97144,
            40.76022
          ],
          [
            -73.97149,
            40.76024
          ],
          [
            -73.97161,
            40.76029
          ],
          [
            -73.97161,
            40.76029
          ],
          [
            -73.97158,
            40.76034
          ],
          [
            -73.97123,
            40.76081
          ],
          [
            -73.9712,
            40.76085
          ],
          [
            -73.97116,
            40.76091
          ],
          [
            -73.97112,
            40.76096
          ],
          [
            -73.97077,
            40.76145
          ],
          [
            -73.97074,
            40.76148
          ],
          [
            -73.97067,
            40.76158
          ],
          [
            -73.97067,
            40.76158
          ],
          [
            -73.97085,
            40.76165
          ],
          [
            -73.97096,
            40.7617
          ],
          [
            -73.97102,
            40.76172
          ],
          [
            -73.97106,
            40.76174
          ],
          [
            -73.97225,
            40.76225
          ],
          [
            -73.97237,
            40.7623
          ],
          [
            -73.97247,
            40.76234
          ],
          [
            -73.97314,
            40.76262
          ],
          [
            -73.97385,
            40.76292
          ],
          [
            -73.97397,
            40.76297
          ],
          [
            -73.9741,
            40.76303
          ],
          [
            -73.97565,
            40.76367
          ],
          [
            -73.97613,
            40.76388
          ],
          [
            -73.97615,
            40.76388
          ],
          [
            -73.97706,
            40.76427
          ],
          [
            -73.9772,
            40.76432
          ],
          [
            -73.97734,
            40.76438
          ],
          [
            -73.97763,
            40.76451
          ],
          [
            -73.97891,
            40.76505
          ],
          [
            -73.9799,
            40.76546
          ],
          [
            -73.98004,
            40.76552
          ],
          [
            -73.98015,
            40.76557
          ],
          [
            -73.98032,
            40.76564
          ],
          [
            -73.98048,
            40.76571
          ],
          [
            -73.98088,
            40.76588
          ],
          [
            -73.98173,
            40.76624
          ],
          [
            -73.98189,
            40.7663
          ],
          [
            -73.98199,
            40.76634
          ],
          [
            -73.98274,
            40.76666
          ],
          [
            -73.98287,
            40.76672
          ],
          [
            -73.98302,
            40.76678
          ],
          [
            -73.98372,
            40.76707
          ],
          [
            -73.98378,
            40.7671
          ],
          [
            -73.98416,
            40.76726
          ],
          [
            -73.98422,
            40.76728
          ],
          [
            -73.98441,
            40.76736
          ],
          [
            -73.98559,
            40.76786
          ],
          [
            -73.98564,
            40.76788
          ],
          [
            -73.98572,
            40.76792
          ],
          [
            -73.98586,
            40.76797
          ],
          [
            -73.98803,
            40.76889
          ],
          [
            -73.98844,
            40.76907
          ],
          [
            -73.98856,
            40.76912
          ],
          [
            -73.98869,
            40.76917
          ],
          [
            -73.98897,
            40.76929
          ],
          [
            -73.9891,
            40.76935
          ],
          [
            -73.99034,
            40.76987
          ],
          [
            -73.99078,
            40.77006
          ],
          [
            -73.99126,
            40.77026
          ],
          [
            -73.99139,
            40.77032
          ],
          [
            -73.99154,
            40.77038
          ],
          [
            -73.99208,
            40.7706
          ],
          [
            -73.99243,
            40.77075
          ],
          [
            -73.99325,
            40.77109
          ],
          [
            -73.99357,
            40.77123
          ],
          [
            -73.9938,
            40.77138
          ],
          [
            -73.994,
            40.77146
          ],
          [
            -73.99405,
            40.77148
          ],
          [
            -73.99421,
            40.77153
          ],
          [
            -73.99421,
            40.77153
          ],
          [
            -73.99418,
            40.7716
          ],
          [
            -73.99417,
            40.77162
          ],
          [
            -73.99414,
            40.77167
          ],
          [
            -73.99412,
            40.77171
          ],
          [
            -73.9941,
            40.77175
          ],
          [
            -73.99408,
            40.77179
          ],
          [
            -73.99406,
            40.77182
          ],
          [
            -73.99405,
            40.77183
          ],
          [
            -73.99403,
            40.77186
          ],
          [
            -73.99402,
            40.77189
          ],
          [
            -73.994,
            40.77192
          ],
          [
            -73.99385,
            40.77212
          ],
          [
            -73.99334,
            40.77281
          ],
          [
            -73.9932,
            40.773
          ],
          [
            -73.99216,
            40.77456
          ],
          [
            -73.99198,
            40.77483
          ],
          [
            -73.99181,
            40.77507
          ],
          [
            -73.98837,
            40.77979
          ],
          [
            -73.98822,
            40.77999
          ],
          [
            -73.98808,
            40.78017
          ],
          [
            -73.98793,
            40.78036
          ],
          [
            -73.98777,
            40.78055
          ],
          [
            -73.9876,
            40.78073
          ],
          [
            -73.98743,
            40.78092
          ],
          [
            -73.9872,
            40.78116
          ],
          [
            -73.98708,
            40.78128
          ],
          [
            -73.98699,
            40.78136
          ],
          [
            -73.98691,
            40.78144
          ],
          [
            -73.98685,
            40.78151
          ],
          [
            -73.98673,
            40.78163
          ],
          [
            -73.98673,
            40.78163
          ],
          [
            -73.98665,
            40.78172
          ],
          [
            -73.98658,
            40.78182
          ],
          [
            -73.98533,
            40.78353
          ],
          [
            -73.9842,
            40.78512
          ],
          [
            -73.984,
            40.78544
          ],
          [
            -73.98388,
            40.7856
          ],
          [
            -73.98369,
            40.78588
          ],
          [
            -73.9836,
            40.78603
          ],
          [
            -73.98352,
            40.78619
          ],
          [
            -73.98343,
            40.78635
          ],
          [
            -73.98335,
            40.7865
          ],
          [
            -73.98327,
            40.78668
          ],
          [
            -73.98319,
            40.78686
          ],
          [
            -73.98311,
            40.78705
          ],
          [
            -73.98302,
            40.78729
          ],
          [
            -73.98295,
            40.78749
          ],
          [
            -73.98276,
            40.788
          ],
          [
            -73.98266,
            40.78826
          ],
          [
            -73.98259,
            40.78841
          ],
          [
            -73.98251,
            40.7886
          ],
          [
            -73.98243,
            40.78879
          ],
          [
            -73.98237,
            40.78893
          ],
          [
            -73.98228,
            40.78912
          ],
          [
            -73.98219,
            40.7893
          ],
          [
            -73.98211,
            40.78946
          ],
          [
            -73.98202,
            40.78963
          ],
          [
            -73.98193,
            40.78981
          ],
          [
            -73.98183,
            40.78998
          ],
          [
            -73.98174,
            40.79015
          ],
          [
            -73.98164,
            40.79032
          ],
          [
            -73.98155,
            40.79047
          ],
          [
            -73.98145,
            40.79065
          ],
          [
            -73.98129,
            40.7909
          ],
          [
            -73.98112,
            40.79115
          ],
          [
            -73.98096,
            40.79139
          ],
          [
            -73.98078,
            40.79164
          ],
          [
            -73.98061,
            40.79187
          ],
          [
            -73.98044,
            40.7921
          ],
          [
            -73.98031,
            40.79228
          ],
          [
            -73.98019,
            40.79244
          ],
          [
            -73.98008,
            40.79258
          ],
          [
            -73.97995,
            40.79274
          ],
          [
            -73.97981,
            40.7929
          ],
          [
            -73.97969,
            40.79304
          ],
          [
            -73.97956,
            40.79319
          ],
          [
            -73.97943,
            40.79333
          ],
          [
            -73.97926,
            40.79351
          ],
          [
            -73.97912,
            40.79366
          ],
          [
            -73.97897,
            40.79381
          ],
          [
            -73.97882,
            40.79395
          ],
          [
            -73.97867,
            40.79409
          ],
          [
            -73.97847,
            40.79427
          ],
          [
            -73.97836,
            40.79436
          ],
          [
            -73.97818,
            40.79451
          ],
          [
            -73.97802,
            40.79465
          ],
          [
            -73.97784,
            40.79479
          ],
          [
            -73.97737,
            40.79517
          ],
          [
            -73.9772,
            40.79531
          ],
          [
            -73.977,
            40.79545
          ],
          [
            -73.97673,
            40.79569
          ],
          [
            -73.97655,
            40.79585
          ],
          [
            -73.9764,
            40.796
          ],
          [
            -73.97622,
            40.79619
          ],
          [
            -73.97608,
            40.79636
          ],
          [
            -73.97601,
            40.79646
          ],
          [
            -73.97595,
            40.79656
          ],
          [
            -73.97589,
            40.79665
          ],
          [
            -73.97583,
            40.79677
          ],
          [
            -73.97578,
            40.79686
          ],
          [
            -73.97573,
            40.79697
          ],
          [
            -73.97561,
            40.79722
          ],
          [
            -73.97553,
            40.79739
          ],
          [
            -73.97504,
            40.79886
          ],
          [
            -73.97489,
            40.79929
          ],
          [
            -73.97483,
            40.79946
          ],
          [
            -73.97475,
            40.79966
          ],
          [
            -73.97466,
            40.79986
          ],
          [
            -73.97456,
            40.80006
          ],
          [
            -73.97447,
            40.80025
          ],
          [
            -73.97436,
            40.80045
          ],
          [
            -73.97425,
            40.80064
          ],
          [
            -73.97414,
            40.80083
          ],
          [
            -73.97402,
            40.80102
          ],
          [
            -73.97364,
            40.80161
          ],
          [
            -73.97358,
            40.8017
          ],
          [
            -73.97347,
            40.80186
          ],
          [
            -73.97337,
            40.80201
          ],
          [
            -73.97325,
            40.80218
          ],
          [
            -73.97313,
            40.80234
          ],
          [
            -73.97303,
            40.8025
          ],
          [
            -73.97292,
            40.80265
          ],
          [
            -73.97281,
            40.80281
          ],
          [
            -73.97269,
            40.80297
          ],
          [
            -73.97258,
            40.80313
          ],
          [
            -73.97245,
            40.8033
          ],
          [
            -73.97234,
            40.80347
          ],
          [
            -73.97222,
            40.80362
          ],
          [
            -73.97212,
            40.80377
          ],
          [
            -73.97199,
            40.80394
          ],
          [
            -73.97187,
            40.80411
          ],
          [
            -73.97174,
            40.80427
          ],
          [
            -73.97161,
            40.80444
          ],
          [
            -73.97149,
            40.8046
          ],
          [
            -73.97138,
            40.80475
          ],
          [
            -73.97126,
            40.80491
          ],
          [
            -73.97113,
            40.80507
          ],
          [
            -73.97102,
            40.80521
          ],
          [
            -73.97089,
            40.80538
          ],
          [
            -73.97077,
            40.80553
          ],
          [
            -73.97063,
            40.8057
          ],
          [
            -73.97052,
            40.80585
          ],
          [
            -73.9704,
            40.806
          ],
          [
            -73.97027,
            40.80616
          ],
          [
            -73.97013,
            40.80635
          ],
          [
            -73.97002,
            40.80649
          ],
          [
            -73.9699,
            40.80665
          ],
          [
            -73.96977,
            40.8068
          ],
          [
            -73.96965,
            40.80696
          ],
          [
            -73.96953,
            40.80712
          ],
          [
            -73.96941,
            40.80728
          ],
          [
            -73.96929,
            40.80745
          ],
          [
            -73.96917,
            40.8076
          ],
          [
            -73.96906,
            40.80776
          ],
          [
            -73.96888,
            40.80801
          ],
          [
            -73.96877,
            40.80817
          ],
          [
            -73.96866,
            40.80833
          ],
          [
            -73.96855,
            40.8085
          ],
          [
            -73.96843,
            40.80866
          ],
          [
            -73.96833,
            40.80883
          ],
          [
            -73.96822,
            40.80899
          ],
          [
            -73.96811,
            40.80916
          ],
          [
            -73.96744,
            40.81022
          ],
          [
            -73.96733,
            40.8104
          ],
          [
            -73.96722,
            40.81056
          ],
          [
            -73.96722,
            40.81056
          ],
          [
            -73.96686,
            40.811
          ],
          [
            -73.96648,
            40.81143
          ],
          [
            -73.96548,
            40.81261
          ],
          [
            -73.96486,
            40.81332
          ],
          [
            -73.96439,
            40.8139
          ],
          [
            -73.96389,
            40.81459
          ],
          [
            -73.96333,
            40.81543
          ],
          [
            -73.96319,
            40.81564
          ],
          [
            -73.96304,
            40.81583
          ],
          [
            -73.96292,
            40.816
          ],
          [
            -73.9628,
            40.81615
          ],
          [
            -73.96267,
            40.8163
          ],
          [
            -73.96254,
            40.81644
          ],
          [
            -73.96203,
            40.81693
          ],
          [
            -73.96171,
            40.81722
          ],
          [
            -73.96163,
            40.81728
          ],
          [
            -73.96155,
            40.81735
          ],
          [
            -73.96146,
            40.81742
          ],
          [
            -73.9614,
            40.81746
          ],
          [
            -73.96132,
            40.81751
          ],
          [
            -73.96123,
            40.81756
          ],
          [
            -73.9611,
            40.81762
          ],
          [
            -73.96102,
            40.81766
          ],
          [
            -73.96102,
            40.81766
          ],
          [
            -73.96072,
            40.81754
          ],
          [
            -73.96056,
            40.81747
          ],
          [
            -73.95976,
            40.81714
          ],
          [
            -73.95953,
            40.81705
          ],
          [
            -73.95953,
            40.81705
          ],
          [
            -73.95952,
            40.81703
          ],
          [
            -73.95949,
            40.81701
          ],
          [
            -73.95868,
            40.81613
          ],
          [
            -73.95855,
            40.81598
          ],
          [
            -73.95844,
            40.81587
          ],
          [
            -73.95839,
            40.81581
          ],
          [
            -73.95828,
            40.81569
          ],
          [
            -73.95827,
            40.81568
          ],
          [
            -73.95821,
            40.81561
          ],
          [
            -73.95821,
            40.81561
          ],
          [
            -73.95813,
            40.81573
          ],
          [
            -73.95793,
            40.81601
          ],
          [
            -73.95777,
            40.81623
          ],
          [
            -73.95773,
            40.81628
          ],
          [
            -73.95768,
            40.81636
          ],
          [
            -73.95728,
            40.8169
          ],
          [
            -73.9569,
            40.81743
          ],
          [
            -73.95684,
            40.81751
          ],
          [
            -73.9568,
            40.81757
          ],
          [
            -73.9564,
            40.81811
          ],
          [
            -73.95636,
            40.81816
          ],
          [
            -73.95633,
            40.81821
          ],
          [
            -73.95595,
            40.8187
          ],
          [
            -73.95591,
            40.81876
          ],
          [
            -73.95587,
            40.81882
          ],
          [
            -73.95546,
            40.81939
          ],
          [
            -73.95505,
            40.81996
          ],
          [
            -73.95497,
            40.82007
          ],
          [
            -73.95497,
            40.82007
          ],
          [
            -73.95486,
            40.82002
          ],
          [
            -73.95239,
            40.81897
          ],
          [
            -73.95237,
            40.81897
          ],
          [
            -73.95234,
            40.81896
          ],
          [
            -73.95227,
            40.81894
          ],
          [
            -73.95221,
            40.81893
          ],
          [
            -73.95221,
            40.81893
          ],
          [
            -73.95217,
            40.81899
          ],
          [
            -73.95216,
            40.81901
          ],
          [
            -73.95178,
            40.81951
          ],
          [
            -73.95173,
            40.81957
          ],
          [
            -73.95168,
            40.81964
          ],
          [
            -73.9513,
            40.82016
          ],
          [
            -73.95087,
            40.82075
          ],
          [
            -73.95081,
            40.82082
          ],
          [
            -73.95078,
            40.82087
          ],
          [
            -73.9504,
            40.82139
          ],
          [
            -73.95036,
            40.82144
          ],
          [
            -73.95032,
            40.82151
          ],
          [
            -73.94995,
            40.82201
          ],
          [
            -73.94991,
            40.82206
          ],
          [
            -73.94986,
            40.82213
          ],
          [
            -73.9495,
            40.82263
          ],
          [
            -73.94946,
            40.82268
          ],
          [
            -73.94941,
            40.82275
          ],
          [
            -73.94904,
            40.82326
          ],
          [
            -73.94899,
            40.82332
          ],
          [
            -73.94895,
            40.82337
          ],
          [
            -73.94858,
            40.82389
          ],
          [
            -73.94854,
            40.82394
          ],
          [
            -73.9485,
            40.82399
          ],
          [
            -73.94812,
            40.82451
          ],
          [
            -73.94809,
            40.82455
          ],
          [
            -73.94804,
            40.82462
          ],
          [
            -73.94782,
            40.82492
          ],
          [
            -73.94782,
            40.82492
          ],
          [
            -73.94782,
            40.82492
          ],
          [
            -73.94804,
            40.82462
          ],
          [
            -73.94809,
            40.82455
          ],
          [
            -73.94812,
            40.82451
          ],
          [
            -73.9485,
            40.82399
          ],
          [
            -73.94854,
            40.82394
          ],
          [
            -73.94858,
            40.82389
          ],
          [
            -73.94895,
            40.82337
          ],
          [
            -73.94899,
            40.82332
          ],
          [
            -73.94904,
            40.82326
          ],
          [
            -73.94941,
            40.82275
          ],
          [
            -73.94946,
            40.82268
          ],
          [
            -73.9495,
            40.82263
          ],
          [
            -73.94986,
            40.82213
          ],
          [
            -73.94991,
            40.82206
          ],
          [
            -73.94995,
            40.82201
          ],
          [
            -73.95032,
            40.82151
          ],
          [
            -73.95036,
            40.82144
          ],
          [
            -73.9504,
            40.82139
          ],
          [
            -73.95078,
            40.82087
          ],
          [
            -73.95081,
            40.82082
          ],
          [
            -73.95087,
            40.82075
          ],
          [
            -73.9513,
            40.82016
          ],
          [
            -73.95168,
            40.81964
          ],
          [
            -73.95173,
            40.81957
          ],
          [
            -73.95178,
            40.81951
          ],
          [
            -73.95216,
            40.81901
          ],
          [
            -73.95217,
            40.81899
          ],
          [
            -73.95221,
            40.81893
          ],
          [
            -73.95221,
            40.81893
          ],
          [
            -73.95227,
            40.81894
          ],
          [
            -73.95234,
            40.81896
          ],
          [
            -73.95237,
            40.81897
          ],
          [
            -73.95239,
            40.81897
          ],
          [
            -73.95486,
            40.82002
          ],
          [
            -73.95497,
            40.82007
          ],
          [
            -73.95497,
            40.82007
          ],
          [
            -73.95519,
            40.82016
          ],
          [
            -73.95527,
            40.82005
          ],
          [
            -73.95608,
            40.81892
          ],
          [
            -73.95612,
            40.81885
          ],
          [
            -73.95612,
            40.81885
          ],
          [
            -73.95621,
            40.81889
          ],
          [
            -73.95669,
            40.81909
          ],
          [
            -73.95678,
            40.81913
          ],
          [
            -73.95744,
            40.81941
          ],
          [
            -73.95824,
            40.81974
          ],
          [
            -73.95872,
            40.81995
          ],
          [
            -73.9589,
            40.82002
          ],
          [
            -73.959,
            40.82006
          ],
          [
            -73.95949,
            40.82026
          ],
          [
            -73.95965,
            40.82033
          ],
          [
            -73.95965,
            40.82033
          ],
          [
            -73.95969,
            40.82028
          ],
          [
            -73.96008,
            40.81979
          ],
          [
            -73.96013,
            40.81973
          ],
          [
            -73.96018,
            40.81967
          ],
          [
            -73.96053,
            40.81927
          ],
          [
            -73.96065,
            40.81914
          ],
          [
            -73.961,
            40.81874
          ],
          [
            -73.96106,
            40.81868
          ],
          [
            -73.96113,
            40.81862
          ],
          [
            -73.96129,
            40.81848
          ],
          [
            -73.96171,
            40.8181
          ],
          [
            -73.96181,
            40.818
          ],
          [
            -73.96181,
            40.818
          ],
          [
            -73.96191,
            40.81796
          ],
          [
            -73.96254,
            40.81734
          ],
          [
            -73.96277,
            40.81711
          ],
          [
            -73.96299,
            40.81688
          ],
          [
            -73.96318,
            40.81669
          ],
          [
            -73.96333,
            40.81651
          ],
          [
            -73.96344,
            40.81639
          ],
          [
            -73.9636,
            40.8162
          ],
          [
            -73.96376,
            40.816
          ],
          [
            -73.96385,
            40.81588
          ],
          [
            -73.96393,
            40.81577
          ],
          [
            -73.964,
            40.81564
          ],
          [
            -73.96416,
            40.81538
          ],
          [
            -73.96416,
            40.81538
          ],
          [
            -73.96429,
            40.81519
          ],
          [
            -73.96442,
            40.815
          ],
          [
            -73.96459,
            40.8147
          ],
          [
            -73.96471,
            40.8145
          ],
          [
            -73.96482,
            40.8143
          ],
          [
            -73.96493,
            40.8141
          ],
          [
            -73.96506,
            40.81391
          ],
          [
            -73.96518,
            40.81371
          ],
          [
            -73.96531,
            40.81352
          ],
          [
            -73.96545,
            40.81333
          ],
          [
            -73.96559,
            40.81314
          ],
          [
            -73.96574,
            40.81296
          ],
          [
            -73.96589,
            40.81277
          ],
          [
            -73.96603,
            40.81258
          ],
          [
            -73.96618,
            40.8124
          ],
          [
            -73.96632,
            40.81221
          ],
          [
            -73.96646,
            40.81202
          ],
          [
            -73.96659,
            40.81183
          ],
          [
            -73.96672,
            40.81164
          ],
          [
            -73.96686,
            40.81144
          ],
          [
            -73.96698,
            40.81125
          ],
          [
            -73.96828,
            40.8092
          ],
          [
            -73.96841,
            40.809
          ],
          [
            -73.96853,
            40.80881
          ],
          [
            -73.96866,
            40.80862
          ],
          [
            -73.96879,
            40.80842
          ],
          [
            -73.96893,
            40.80823
          ],
          [
            -73.96906,
            40.80804
          ],
          [
            -73.9692,
            40.80785
          ],
          [
            -73.96933,
            40.80766
          ],
          [
            -73.96947,
            40.80747
          ],
          [
            -73.96961,
            40.80728
          ],
          [
            -73.96975,
            40.8071
          ],
          [
            -73.9699,
            40.80691
          ],
          [
            -73.97004,
            40.80672
          ],
          [
            -73.97019,
            40.80653
          ],
          [
            -73.97128,
            40.80513
          ],
          [
            -73.97143,
            40.80495
          ],
          [
            -73.97157,
            40.80476
          ],
          [
            -73.97171,
            40.80457
          ],
          [
            -73.97186,
            40.80438
          ],
          [
            -73.972,
            40.8042
          ],
          [
            -73.97214,
            40.804
          ],
          [
            -73.97228,
            40.80382
          ],
          [
            -73.97242,
            40.80363
          ],
          [
            -73.97256,
            40.80344
          ],
          [
            -73.97269,
            40.80325
          ],
          [
            -73.97283,
            40.80306
          ],
          [
            -73.97297,
            40.80287
          ],
          [
            -73.97363,
            40.80191
          ],
          [
            -73.97387,
            40.80156
          ],
          [
            -73.97399,
            40.80137
          ],
          [
            -73.97412,
            40.80117
          ],
          [
            -73.97425,
            40.80097
          ],
          [
            -73.97436,
            40.80077
          ],
          [
            -73.97448,
            40.80058
          ],
          [
            -73.97459,
            40.80038
          ],
          [
            -73.9747,
            40.80017
          ],
          [
            -73.9748,
            40.79996
          ],
          [
            -73.97489,
            40.79976
          ],
          [
            -73.97497,
            40.79956
          ],
          [
            -73.97506,
            40.79933
          ],
          [
            -73.97522,
            40.79891
          ],
          [
            -73.97563,
            40.79787
          ],
          [
            -73.97594,
            40.79717
          ],
          [
            -73.97599,
            40.79706
          ],
          [
            -73.97606,
            40.79692
          ],
          [
            -73.97614,
            40.79677
          ],
          [
            -73.9762,
            40.79668
          ],
          [
            -73.97627,
            40.79657
          ],
          [
            -73.97633,
            40.79648
          ],
          [
            -73.9764,
            40.79638
          ],
          [
            -73.97648,
            40.79629
          ],
          [
            -73.97655,
            40.79621
          ],
          [
            -73.97689,
            40.79588
          ],
          [
            -73.97701,
            40.79575
          ],
          [
            -73.97719,
            40.79558
          ],
          [
            -73.97737,
            40.79542
          ],
          [
            -73.97756,
            40.79526
          ],
          [
            -73.97832,
            40.7946
          ],
          [
            -73.9786,
            40.79436
          ],
          [
            -73.97878,
            40.79419
          ],
          [
            -73.97897,
            40.79402
          ],
          [
            -73.97914,
            40.79386
          ],
          [
            -73.97932,
            40.79368
          ],
          [
            -73.97949,
            40.79351
          ],
          [
            -73.97965,
            40.79333
          ],
          [
            -73.97981,
            40.79315
          ],
          [
            -73.97997,
            40.79296
          ],
          [
            -73.98012,
            40.79278
          ],
          [
            -73.98027,
            40.7926
          ],
          [
            -73.98041,
            40.79241
          ],
          [
            -73.98056,
            40.79222
          ],
          [
            -73.9807,
            40.79204
          ],
          [
            -73.98084,
            40.79185
          ],
          [
            -73.98098,
            40.79166
          ],
          [
            -73.98111,
            40.79147
          ],
          [
            -73.98124,
            40.79127
          ],
          [
            -73.98137,
            40.79108
          ],
          [
            -73.9815,
            40.79088
          ],
          [
            -73.98162,
            40.79069
          ],
          [
            -73.98174,
            40.79049
          ],
          [
            -73.98186,
            40.7903
          ],
          [
            -73.98197,
            40.79009
          ],
          [
            -73.98208,
            40.78989
          ],
          [
            -73.98218,
            40.7897
          ],
          [
            -73.98229,
            40.78949
          ],
          [
            -73.98239,
            40.78929
          ],
          [
            -73.98248,
            40.78909
          ],
          [
            -73.98258,
            40.78888
          ],
          [
            -73.98267,
            40.78868
          ],
          [
            -73.98275,
            40.78847
          ],
          [
            -73.98284,
            40.78827
          ],
          [
            -73.98292,
            40.78805
          ],
          [
            -73.98318,
            40.78734
          ],
          [
            -73.98325,
            40.78713
          ],
          [
            -73.98333,
            40.78693
          ],
          [
            -73.98342,
            40.78672
          ],
          [
            -73.98349,
            40.78656
          ],
          [
            -73.98356,
            40.78641
          ],
          [
            -73.98364,
            40.78625
          ],
          [
            -73.98372,
            40.7861
          ],
          [
            -73.98381,
            40.78596
          ],
          [
            -73.9839,
            40.78582
          ],
          [
            -73.98401,
            40.78566
          ],
          [
            -73.98412,
            40.78549
          ],
          [
            -73.98429,
            40.78523
          ],
          [
            -73.98442,
            40.78503
          ],
          [
            -73.98456,
            40.78484
          ],
          [
            -73.98469,
            40.78465
          ],
          [
            -73.98482,
            40.78446
          ],
          [
            -73.98496,
            40.78427
          ],
          [
            -73.98509,
            40.78408
          ],
          [
            -73.98523,
            40.78389
          ],
          [
            -73.98537,
            40.78369
          ],
          [
            -73.98545,
            40.78359
          ],
          [
            -73.98669,
            40.78189
          ],
          [
            -73.98676,
            40.7818
          ],
          [
            -73.98682,
            40.78172
          ],
          [
            -73.9869,
            40.78164
          ],
          [
            -73.98697,
            40.78156
          ],
          [
            -73.98697,
            40.78156
          ],
          [
            -73.98705,
            40.78148
          ],
          [
            -73.98763,
            40.7809
          ],
          [
            -73.98772,
            40.7808
          ],
          [
            -73.98782,
            40.7807
          ],
          [
            -73.98789,
            40.78061
          ],
          [
            -73.98797,
            40.78052
          ],
          [
            -73.98812,
            40.78032
          ],
          [
            -73.98827,
            40.78013
          ],
          [
            -73.98841,
            40.77994
          ],
          [
            -73.99202,
            40.775
          ],
          [
            -73.99245,
            40.7744
          ],
          [
            -73.99316,
            40.77339
          ],
          [
            -73.99317,
            40.77337
          ],
          [
            -73.99404,
            40.7722
          ],
          [
            -73.99418,
            40.772
          ],
          [
            -73.99425,
            40.77191
          ],
          [
            -73.99427,
            40.77188
          ],
          [
            -73.9943,
            40.77184
          ],
          [
            -73.99431,
            40.77182
          ],
          [
            -73.99432,
            40.77181
          ],
          [
            -73.99433,
            40.77179
          ],
          [
            -73.99434,
            40.77177
          ],
          [
            -73.99435,
            40.77176
          ],
          [
            -73.99437,
            40.77173
          ],
          [
            -73.99438,
            40.77171
          ],
          [
            -73.99439,
            40.77169
          ],
          [
            -73.99441,
            40.77167
          ],
          [
            -73.99443,
            40.77162
          ],
          [
            -73.99444,
            40.7716
          ],
          [
            -73.99446,
            40.77156
          ],
          [
            -73.99447,
            40.77154
          ],
          [
            -73.99449,
            40.7715
          ],
          [
            -73.9945,
            40.77147
          ],
          [
            -73.99452,
            40.77143
          ],
          [
            -73.99453,
            40.7714
          ],
          [
            -73.99455,
            40.77137
          ],
          [
            -73.99456,
            40.77134
          ],
          [
            -73.99457,
            40.77131
          ],
          [
            -73.99457,
            40.77129
          ],
          [
            -73.99458,
            40.77128
          ],
          [
            -73.99458,
            40.77126
          ],
          [
            -73.99459,
            40.77124
          ],
          [
            -73.9946,
            40.7712
          ],
          [
            -73.9946,
            40.77119
          ],
          [
            -73.99461,
            40.77118
          ],
          [
            -73.99461,
            40.77115
          ],
          [
            -73.99462,
            40.77114
          ],
          [
            -73.99462,
            40.77112
          ],
          [
            -73.99463,
            40.77109
          ],
          [
            -73.99463,
            40.77107
          ],
          [
            -73.99464,
            40.77104
          ],
          [
            -73.99464,
            40.77103
          ],
          [
            -73.99465,
            40.771
          ],
          [
            -73.99465,
            40.77097
          ],
          [
            -73.99466,
            40.77094
          ],
          [
            -73.99466,
            40.77091
          ],
          [
            -73.99467,
            40.77086
          ],
          [
            -73.99467,
            40.77083
          ],
          [
            -73.99468,
            40.77081
          ],
          [
            -73.99468,
            40.77081
          ],
          [
            -73.99477,
            40.77016
          ],
          [
            -73.99477,
            40.77012
          ],
          [
            -73.99479,
            40.77003
          ],
          [
            -73.9948,
            40.76996
          ],
          [
            -73.99482,
            40.76989
          ],
          [
            -73.99485,
            40.7698
          ],
          [
            -73.99488,
            40.76972
          ],
          [
            -73.99492,
            40.76962
          ],
          [
            -73.99497,
            40.76952
          ],
          [
            -73.99502,
            40.76942
          ],
          [
            -73.99502,
            40.76942
          ],
          [
            -73.99494,
            40.76931
          ],
          [
            -73.99491,
            40.76929
          ],
          [
            -73.99488,
            40.76927
          ],
          [
            -73.99485,
            40.76926
          ],
          [
            -73.99472,
            40.7692
          ],
          [
            -73.99299,
            40.76847
          ],
          [
            -73.99295,
            40.76845
          ],
          [
            -73.99279,
            40.76837
          ],
          [
            -73.99268,
            40.76833
          ],
          [
            -73.9915,
            40.76783
          ],
          [
            -73.9901,
            40.76724
          ],
          [
            -73.98996,
            40.76718
          ],
          [
            -73.98985,
            40.76713
          ],
          [
            -73.98727,
            40.76605
          ],
          [
            -73.98713,
            40.76599
          ],
          [
            -73.98702,
            40.76595
          ],
          [
            -73.98699,
            40.76594
          ],
          [
            -73.98696,
            40.76592
          ],
          [
            -73.9855,
            40.76532
          ],
          [
            -73.98513,
            40.76516
          ],
          [
            -73.9847,
            40.76498
          ],
          [
            -73.98441,
            40.76486
          ],
          [
            -73.98438,
            40.76485
          ],
          [
            -73.98427,
            40.7648
          ],
          [
            -73.98415,
            40.76474
          ],
          [
            -73.98413,
            40.76474
          ],
          [
            -73.98376,
            40.76458
          ],
          [
            -73.9826,
            40.76409
          ],
          [
            -73.98252,
            40.76406
          ],
          [
            -73.98242,
            40.76401
          ],
          [
            -73.98236,
            40.76399
          ],
          [
            -73.98201,
            40.76384
          ],
          [
            -73.98185,
            40.76377
          ],
          [
            -73.98157,
            40.76365
          ],
          [
            -73.98143,
            40.7636
          ],
          [
            -73.98131,
            40.76355
          ],
          [
            -73.98084,
            40.76334
          ],
          [
            -73.9804,
            40.76316
          ],
          [
            -73.98033,
            40.76314
          ],
          [
            -73.98025,
            40.7631
          ],
          [
            -73.97998,
            40.76298
          ],
          [
            -73.97985,
            40.76293
          ],
          [
            -73.97978,
            40.7629
          ],
          [
            -73.9797,
            40.76286
          ],
          [
            -73.97873,
            40.76245
          ],
          [
            -73.97861,
            40.7624
          ],
          [
            -73.97848,
            40.76235
          ],
          [
            -73.9782,
            40.76223
          ],
          [
            -73.9755,
            40.7611
          ],
          [
            -73.97538,
            40.76105
          ],
          [
            -73.97527,
            40.761
          ],
          [
            -73.97388,
            40.76042
          ],
          [
            -73.97377,
            40.76037
          ],
          [
            -73.97365,
            40.76032
          ],
          [
            -73.97243,
            40.75981
          ],
          [
            -73.97236,
            40.75978
          ],
          [
            -73.97225,
            40.75973
          ],
          [
            -73.97207,
            40.75965
          ],
          [
            -73.97195,
            40.7596
          ],
          [
            -73.97065,
            40.75905
          ],
          [
            -73.97053,
            40.759
          ],
          [
            -73.97053,
            40.759
          ],
          [
            -73.97058,
            40.75894
          ],
          [
            -73.97094,
            40.75845
          ],
          [
            -73.97099,
            40.75838
          ],
          [
            -73.97103,
            40.75832
          ],
          [
            -73.97125,
            40.75803
          ],
          [
            -73.97125,
            40.75803
          ],
          [
            -73.97125,
            40.75803
          ],
          [
            -73.9714,
            40.75781
          ],
          [
            -73.97144,
            40.75776
          ],
          [
            -73.97149,
            40.75769
          ],
          [
            -73.97187,
            40.75718
          ],
          [
            -73.9719,
            40.75713
          ],
          [
            -73.9719,
            40.75713
          ],
          [
            -73.97201,
            40.75717
          ],
          [
            -73.97288,
            40.75754
          ],
          [
            -73.97327,
            40.75771
          ],
          [
            -73.97331,
            40.75772
          ],
          [
            -73.97344,
            40.75778
          ],
          [
            -73.97344,
            40.75778
          ],
          [
            -73.9734,
            40.75783
          ],
          [
            -73.97306,
            40.7583
          ],
          [
            -73.97302,
            40.75835
          ],
          [
            -73.97298,
            40.75841
          ],
          [
            -73.97294,
            40.75846
          ],
          [
            -73.9726,
            40.75893
          ],
          [
            -73.97257,
            40.75897
          ],
          [
            -73.97253,
            40.75903
          ],
          [
            -73.97253,
            40.75903
          ],
          [
            -73.9727,
            40.7591
          ],
          [
            -73.97282,
            40.75915
          ],
          [
            -73.97412,
            40.75969
          ],
          [
            -73.97423,
            40.75973
          ],
          [
            -73.97434,
            40.75978
          ],
          [
            -73.97573,
            40.76036
          ],
          [
            -73.97584,
            40.76041
          ],
          [
            -73.97595,
            40.76045
          ],
          [
            -73.97686,
            40.76084
          ],
          [
            -73.97726,
            40.76101
          ],
          [
            -73.97765,
            40.76118
          ],
          [
            -73.97771,
            40.7612
          ],
          [
            -73.97808,
            40.76136
          ],
          [
            -73.97823,
            40.76142
          ],
          [
            -73.97863,
            40.7616
          ],
          [
            -73.97867,
            40.76162
          ],
          [
            -73.97893,
            40.76172
          ],
          [
            -73.97906,
            40.76177
          ],
          [
            -73.9792,
            40.76183
          ],
          [
            -73.97953,
            40.76197
          ],
          [
            -73.98008,
            40.7622
          ],
          [
            -73.98031,
            40.7623
          ],
          [
            -73.98035,
            40.76231
          ],
          [
            -73.98044,
            40.76235
          ],
          [
            -73.98064,
            40.76243
          ],
          [
            -73.98075,
            40.76248
          ],
          [
            -73.98085,
            40.76253
          ],
          [
            -73.98099,
            40.76258
          ],
          [
            -73.98123,
            40.76268
          ],
          [
            -73.98154,
            40.76281
          ],
          [
            -73.9816,
            40.76284
          ],
          [
            -73.98178,
            40.76291
          ],
          [
            -73.9819,
            40.76297
          ],
          [
            -73.98203,
            40.76302
          ],
          [
            -73.98274,
            40.76332
          ],
          [
            -73.98277,
            40.76333
          ],
          [
            -73.9829,
            40.76338
          ],
          [
            -73.98298,
            40.76341
          ],
          [
            -73.98423,
            40.76394
          ],
          [
            -73.9843,
            40.76397
          ],
          [
            -73.98462,
            40.76411
          ],
          [
            -73.98474,
            40.76416
          ],
          [
            -73.98488,
            40.76422
          ],
          [
            -73.98745,
            40.76531
          ],
          [
            -73.98758,
            40.76537
          ],
          [
            -73.98772,
            40.76543
          ],
          [
            -73.9903,
            40.76652
          ],
          [
            -73.99041,
            40.76656
          ],
          [
            -73.99041,
            40.76656
          ],
          [
            -73.99037,
            40.76662
          ],
          [
            -73.99,
            40.76713
          ],
          [
            -73.98996,
            40.76718
          ],
          [
            -73.98992,
            40.76725
          ],
          [
            -73.98963,
            40.76765
          ],
          [
            -73.98954,
            40.76776
          ],
          [
            -73.9895,
            40.76783
          ],
          [
            -73.98946,
            40.76788
          ],
          [
            -73.98909,
            40.76839
          ],
          [
            -73.98905,
            40.76845
          ],
          [
            -73.98901,
            40.7685
          ],
          [
            -73.98886,
            40.76871
          ],
          [
            -73.98872,
            40.7689
          ],
          [
            -73.98867,
            40.76897
          ],
          [
            -73.98863,
            40.76902
          ],
          [
            -73.98856,
            40.76912
          ],
          [
            -73.98856,
            40.76912
          ],
          [
            -73.98869,
            40.76917
          ],
          [
            -73.98897,
            40.76929
          ],
          [
            -73.9891,
            40.76935
          ],
          [
            -73.99034,
            40.76987
          ],
          [
            -73.99078,
            40.77006
          ],
          [
            -73.99126,
            40.77026
          ],
          [
            -73.99139,
            40.77032
          ],
          [
            -73.99154,
            40.77038
          ],
          [
            -73.99208,
            40.7706
          ],
          [
            -73.99243,
            40.77075
          ],
          [
            -73.99325,
            40.77109
          ],
          [
            -73.99357,
            40.77123
          ],
          [
            -73.9938,
            40.77138
          ],
          [
            -73.994,
            40.77146
          ],
          [
            -73.99405,
            40.77148
          ],
          [
            -73.99421,
            40.77153
          ],
          [
            -73.99421,
            40.77153
          ],
          [
            -73.99418,
            40.7716
          ],
          [
            -73.99417,
            40.77162
          ],
          [
            -73.99414,
            40.77167
          ],
          [
            -73.99412,
            40.77171
          ],
          [
            -73.9941,
            40.77175
          ],
          [
            -73.99408,
            40.77179
          ],
          [
            -73.99406,
            40.77182
          ],
          [
            -73.99405,
            40.77183
          ],
          [
            -73.99403,
            40.77186
          ],
          [
            -73.99402,
            40.77189
          ],
          [
            -73.994,
            40.77192
          ],
          [
            -73.99385,
            40.77212
          ],
          [
            -73.99334,
            40.77281
          ],
          [
            -73.9932,
            40.773
          ],
          [
            -73.99216,
            40.77456
          ],
          [
            -73.99198,
            40.77483
          ],
          [
            -73.99181,
            40.77507
          ],
          [
            -73.98837,
            40.77979
          ],
          [
            -73.98822,
            40.77999
          ],
          [
            -73.98808,
            40.78017
          ],
          [
            -73.98793,
            40.78036
          ],
          [
            -73.98777,
            40.78055
          ],
          [
            -73.9876,
            40.78073
          ],
          [
            -73.98743,
            40.78092
          ],
          [
            -73.9872,
            40.78116
          ],
          [
            -73.98708,
            40.78128
          ],
          [
            -73.98699,
            40.78136
          ],
          [
            -73.98691,
            40.78144
          ],
          [
            -73.98685,
            40.78151
          ],
          [
            -73.98673,
            40.78163
          ],
          [
            -73.98673,
            40.78163
          ],
          [
            -73.98665,
            40.78172
          ],
          [
            -73.98658,
            40.78182
          ],
          [
            -73.98533,
            40.78353
          ],
          [
            -73.9842,
            40.78512
          ],
          [
            -73.984,
            40.78544
          ],
          [
            -73.98388,
            40.7856
          ],
          [
            -73.98369,
            40.78588
          ],
          [
            -73.9836,
            40.78603
          ],
          [
            -73.98352,
            40.78619
          ],
          [
            -73.98343,
            40.78635
          ],
          [
            -73.98335,
            40.7865
          ],
          [
            -73.98327,
            40.78668
          ],
          [
            -73.98319,
            40.78686
          ],
          [
            -73.98311,
            40.78705
          ],
          [
            -73.98302,
            40.78729
          ],
          [
            -73.98295,
            40.78749
          ],
          [
            -73.98276,
            40.788
          ],
          [
            -73.98266,
            40.78826
          ],
          [
            -73.98259,
            40.78841
          ],
          [
            -73.98251,
            40.7886
          ],
          [
            -73.98243,
            40.78879
          ],
          [
            -73.98237,
            40.78893
          ],
          [
            -73.98228,
            40.78912
          ],
          [
            -73.98219,
            40.7893
          ],
          [
            -73.98211,
            40.78946
          ],
          [
            -73.98202,
            40.78963
          ],
          [
            -73.98193,
            40.78981
          ],
          [
            -73.98183,
            40.78998
          ],
          [
            -73.98174,
            40.79015
          ],
          [
            -73.98164,
            40.79032
          ],
          [
            -73.98155,
            40.79047
          ],
          [
            -73.98145,
            40.79065
          ],
          [
            -73.98129,
            40.7909
          ],
          [
            -73.98112,
            40.79115
          ],
          [
            -73.98096,
            40.79139
          ],
          [
            -73.98078,
            40.79164
          ],
          [
            -73.98061,
            40.79187
          ],
          [
            -73.98044,
            40.7921
          ],
          [
            -73.98031,
            40.79228
          ],
          [
            -73.98019,
            40.79244
          ],
          [
            -73.98008,
            40.79258
          ],
          [
            -73.97995,
            40.79274
          ],
          [
            -73.97981,
            40.7929
          ],
          [
            -73.97969,
            40.79304
          ],
          [
            -73.97956,
            40.79319
          ],
          [
            -73.97943,
            40.79333
          ],
          [
            -73.97926,
            40.79351
          ],
          [
            -73.97912,
            40.79366
          ],
          [
            -73.97897,
            40.79381
          ],
          [
            -73.97882,
            40.79395
          ],
          [
            -73.97867,
            40.79409
          ],
          [
            -73.97847,
            40.79427
          ],
          [
            -73.97836,
            40.79436
          ],
          [
            -73.97818,
            40.79451
          ],
          [
            -73.97802,
            40.79465
          ],
          [
            -73.97784,
            40.79479
          ],
          [
            -73.97737,
            40.79517
          ],
          [
            -73.9772,
            40.79531
          ],
          [
            -73.977,
            40.79545
          ],
          [
            -73.97673,
            40.79569
          ],
          [
            -73.97655,
            40.79585
          ],
          [
            -73.9764,
            40.796
          ],
          [
            -73.97622,
            40.79619
          ],
          [
            -73.97608,
            40.79636
          ],
          [
            -73.97601,
            40.79646
          ],
          [
            -73.97595,
            40.79656
          ],
          [
            -73.97589,
            40.79665
          ],
          [
            -73.97583,
            40.79677
          ],
          [
            -73.97578,
            40.79686
          ],
          [
            -73.97573,
            40.79697
          ],
          [
            -73.97561,
            40.79722
          ],
          [
            -73.97553,
            40.79739
          ],
          [
            -73.97504,
            40.79886
          ],
          [
            -73.97489,
            40.79929
          ],
          [
            -73.97483,
            40.79946
          ],
          [
            -73.97475,
            40.79966
          ],
          [
            -73.97466,
            40.79986
          ],
          [
            -73.97456,
            40.80006
          ],
          [
            -73.97447,
            40.80025
          ],
          [
            -73.97436,
            40.80045
          ],
          [
            -73.97425,
            40.80064
          ],
          [
            -73.97414,
            40.80083
          ],
          [
            -73.97402,
            40.80102
          ],
          [
            -73.97364,
            40.80161
          ],
          [
            -73.97358,
            40.8017
          ],
          [
            -73.97347,
            40.80186
          ],
          [
            -73.97337,
            40.80201
          ],
          [
            -73.97325,
            40.80218
          ],
          [
            -73.97313,
            40.80234
          ],
          [
            -73.97303,
            40.8025
          ],
          [
            -73.97292,
            40.80265
          ],
          [
            -73.97281,
            40.80281
          ],
          [
            -73.97269,
            40.80297
          ],
          [
            -73.97258,
            40.80313
          ],
          [
            -73.97245,
            40.8033
          ],
          [
            -73.97234,
            40.80347
          ],
          [
            -73.97222,
            40.80362
          ],
          [
            -73.97212,
            40.80377
          ],
          [
            -73.97199,
            40.80394
          ],
          [
            -73.97187,
            40.80411
          ],
          [
            -73.97174,
            40.80427
          ],
          [
            -73.97161,
            40.80444
          ],
          [
            -73.97149,
            40.8046
          ],
          [
            -73.97138,
            40.80475
          ],
          [
            -73.97126,
            40.80491
          ],
          [
            -73.97113,
            40.80507
          ],
          [
            -73.97102,
            40.80521
          ],
          [
            -73.97089,
            40.80538
          ],
          [
            -73.97077,
            40.80553
          ],
          [
            -73.97063,
            40.8057
          ],
          [
            -73.97052,
            40.80585
          ],
          [
            -73.9704,
            40.806
          ],
          [
            -73.97027,
            40.80616
          ],
          [
            -73.97013,
            40.80635
          ],
          [
            -73.97002,
            40.80649
          ],
          [
            -73.9699,
            40.80665
          ],
          [
            -73.96977,
            40.8068
          ],
          [
            -73.96965,
            40.80696
          ],
          [
            -73.96953,
            40.80712
          ],
          [
            -73.96941,
            40.80728
          ],
          [
            -73.96929,
            40.80745
          ],
          [
            -73.96917,
            40.8076
          ],
          [
            -73.96906,
            40.80776
          ],
          [
            -73.96888,
            40.80801
          ],
          [
            -73.96877,
            40.80817
          ],
          [
            -73.96866,
            40.80833
          ],
          [
            -73.96855,
            40.8085
          ],
          [
            -73.96843,
            40.80866
          ],
          [
            -73.96833,
            40.80883
          ],
          [
            -73.96822,
            40.80899
          ],
          [
            -73.96811,
            40.80916
          ],
          [
            -73.96744,
            40.81022
          ],
          [
            -73.96733,
            40.8104
          ],
          [
            -73.96722,
            40.81056
          ],
          [
            -73.96722,
            40.81056
          ],
          [
            -73.96686,
            40.811
          ],
          [
            -73.96648,
            40.81143
          ],
          [
            -73.96548,
            40.81261
          ],
          [
            -73.96486,
            40.81332
          ],
          [
            -73.96439,
            40.8139
          ],
          [
            -73.96389,
            40.81459
          ],
          [
            -73.96333,
            40.81543
          ],
          [
            -73.96319,
            40.81564
          ],
          [
            -73.96304,
            40.81583
          ],
          [
            -73.96292,
            40.816
          ],
          [
            -73.9628,
            40.81615
          ],
          [
            -73.96267,
            40.8163
          ],
          [
            -73.96254,
            40.81644
          ],
          [
            -73.96203,
            40.81693
          ],
          [
            -73.96171,
            40.81722
          ],
          [
            -73.96163,
            40.81728
          ],
          [
            -73.96155,
            40.81735
          ],
          [
            -73.96146,
            40.81742
          ],
          [
            -73.9614,
            40.81746
          ],
          [
            -73.96132,
            40.81751
          ],
          [
            -73.96123,
            40.81756
          ],
          [
            -73.9611,
            40.81762
          ],
          [
            -73.96102,
            40.81766
          ],
          [
            -73.96102,
            40.81766
          ],
          [
            -73.96072,
            40.81754
          ],
          [
            -73.96056,
            40.81747
          ],
          [
            -73.95976,
            40.81714
          ],
          [
            -73.95953,
            40.81705
          ],
          [
            -73.95953,
            40.81705
          ],
          [
            -73.95952,
            40.81703
          ],
          [
            -73.95949,
            40.81701
          ],
          [
            -73.95868,
            40.81613
          ],
          [
            -73.95855,
            40.81598
          ],
          [
            -73.95844,
            40.81587
          ],
          [
            -73.95839,
            40.81581
          ],
          [
            -73.95828,
            40.81569
          ],
          [
            -73.95827,
            40.81568
          ],
          [
            -73.95821,
            40.81561
          ],
          [
            -73.95821,
            40.81561
          ],
          [
            -73.95813,
            40.81573
          ],
          [
            -73.95793,
            40.81601
          ],
          [
            -73.95777,
            40.81623
          ],
          [
            -73.95773,
            40.81628
          ],
          [
            -73.95768,
            40.81636
          ],
          [
            -73.95728,
            40.8169
          ],
          [
            -73.9569,
            40.81743
          ],
          [
            -73.95684,
            40.81751
          ],
          [
            -73.9568,
            40.81757
          ],
          [
            -73.9564,
            40.81811
          ],
          [
            -73.95636,
            40.81816
          ],
          [
            -73.95633,
            40.81821
          ],
          [
            -73.95595,
            40.8187
          ],
          [
            -73.95591,
            40.81876
          ],
          [
            -73.95587,
            40.81882
          ],
          [
            -73.95546,
            40.81939
          ],
          [
            -73.95505,
            40.81996
          ],
          [
            -73.95497,
            40.82007
          ],
          [
            -73.95497,
            40.82007
          ],
          [
            -73.95486,
            40.82002
          ],
          [
            -73.95239,
            40.81897
          ],
          [
            -73.95237,
            40.81897
          ],
          [
            -73.95234,
            40.81896
          ],
          [
            -73.95227,
            40.81894
          ],
          [
            -73.95221,
            40.81893
          ],
          [
            -73.95221,
            40.81893
          ],
          [
            -73.95217,
            40.81899
          ],
          [
            -73.95216,
            40.81901
          ],
          [
            -73.95178,
            40.81951
          ],
          [
            -73.95173,
            40.81957
          ],
          [
            -73.95168,
            40.81964
          ],
          [
            -73.9513,
            40.82016
          ],
          [
            -73.95087,
            40.82075
          ],
          [
            -73.95081,
            40.82082
          ],
          [
            -73.95078,
            40.82087
          ],
          [
            -73.9504,
            40.82139
          ],
          [
            -73.95036,
            40.82144
          ],
          [
            -73.95032,
            40.82151
          ],
          [
            -73.94995,
            40.82201
          ],
          [
            -73.94991,
            40.82206
          ],
          [
            -73.94986,
            40.82213
          ],
          [
            -73.9495,
            40.82263
          ],
          [
            -73.94946,
            40.82268
          ],
          [
            -73.94941,
            40.82275
          ],
          [
            -73.94904,
            40.82326
          ],
          [
            -73.94899,
            40.82332
          ],
          [
            -73.94895,
            40.82337
          ],
          [
            -73.94879,
            40.8236
          ],
          [
            -73.94879,
            40.8236
          ],
          [
            -73.94879,
            40.8236
          ],
          [
            -73.94895,
            40.82337
          ],
          [
            -73.94899,
            40.82332
          ],
          [
            -73.94904,
            40.82326
          ],
          [
            -73.94941,
            40.82275
          ],
          [
            -73.94946,
            40.82268
          ],
          [
            -73.9495,
            40.82263
          ],
          [
            -73.94986,
            40.82213
          ],
          [
            -73.94991,
            40.82206
          ],
          [
            -73.94995,
            40.82201
          ],
          [
            -73.95018,
            40.82169
          ],
          [
            -73.95018,
            40.82169
          ],
          [
            -73.95018,
            40.82169
          ],
          [
            -73.95032,
            40.82151
          ],
          [
            -73.95036,
            40.82144
          ],
          [
            -73.9504,
            40.82139
          ],
          [
            -73.95078,
            40.82087
          ],
          [
            -73.95081,
            40.82082
          ],
          [
            -73.95087,
            40.82075
          ],
          [
            -73.9513,
            40.82016
          ],
          [
            -73.95168,
            40.81964
          ],
          [
            -73.95173,
            40.81957
          ],
          [
            -73.95178,
            40.81951
          ],
          [
            -73.95216,
            40.81901
          ],
          [
            -73.95217,
            40.81899
          ],
          [
            -73.95221,
            40.81893
          ],
          [
            -73.95221,
            40.81893
          ],
          [
            -73.95227,
            40.81894
          ],
          [
            -73.95234,
            40.81896
          ],
          [
            -73.95237,
            40.81897
          ],
          [
            -73.95239,
            40.81897
          ],
          [
            -73.95486,
            40.82002
          ],
          [
            -73.95497,
            40.82007
          ],
          [
            -73.95497,
            40.82007
          ],
          [
            -73.95519,
            40.82016
          ],
          [
            -73.95527,
            40.82005
          ],
          [
            -73.95608,
            40.81892
          ],
          [
            -73.95612,
            40.81885
          ],
          [
            -73.95612,
            40.81885
          ],
          [
            -73.95621,
            40.81889
          ],
          [
            -73.95669,
            40.81909
          ],
          [
            -73.95678,
            40.81913
          ],
          [
            -73.95744,
            40.81941
          ],
          [
            -73.95824,
            40.81974
          ],
          [
            -73.95872,
            40.81995
          ],
          [
            -73.9589,
            40.82002
          ],
          [
            -73.959,
            40.82006
          ],
          [
            -73.95949,
            40.82026
          ],
          [
            -73.95965,
            40.82033
          ],
          [
            -73.95965,
            40.82033
          ],
          [
            -73.95969,
            40.82028
          ],
          [
            -73.96008,
            40.81979
          ],
          [
            -73.96013,
            40.81973
          ],
          [
            -73.96018,
            40.81967
          ],
          [
            -73.96053,
            40.81927
          ],
          [
            -73.96065,
            40.81914
          ],
          [
            -73.961,
            40.81874
          ],
          [
            -73.96106,
            40.81868
          ],
          [
            -73.96113,
            40.81862
          ],
          [
            -73.96129,
            40.81848
          ],
          [
            -73.96171,
            40.8181
          ],
          [
            -73.96181,
            40.818
          ],
          [
            -73.96181,
            40.818
          ],
          [
            -73.96191,
            40.81796
          ],
          [
            -73.96254,
            40.81734
          ],
          [
            -73.96277,
            40.81711
          ],
          [
            -73.96299,
            40.81688
          ],
          [
            -73.96318,
            40.81669
          ],
          [
            -73.96333,
            40.81651
          ],
          [
            -73.96344,
            40.81639
          ],
          [
            -73.9636,
            40.8162
          ],
          [
            -73.96376,
            40.816
          ],
          [
            -73.96385,
            40.81588
          ],
          [
            -73.96393,
            40.81577
          ],
          [
            -73.964,
            40.81564
          ],
          [
            -73.96416,
            40.81538
          ],
          [
            -73.96416,
            40.81538
          ],
          [
            -73.96429,
            40.81519
          ],
          [
            -73.96442,
            40.815
          ],
          [
            -73.96459,
            40.8147
          ],
          [
            -73.96471,
            40.8145
          ],
          [
            -73.96482,
            40.8143
          ],
          [
            -73.96493,
            40.8141
          ],
          [
            -73.96506,
            40.81391
          ],
          [
            -73.96518,
            40.81371
          ],
          [
            -73.96531,
            40.81352
          ],
          [
            -73.96545,
            40.81333
          ],
          [
            -73.96559,
            40.81314
          ],
          [
            -73.96574,
            40.81296
          ],
          [
            -73.96589,
            40.81277
          ],
          [
            -73.96603,
            40.81258
          ],
          [
            -73.96618,
            40.8124
          ],
          [
            -73.96632,
            40.81221
          ],
          [
            -73.96646,
            40.81202
          ],
          [
            -73.96659,
            40.81183
          ],
          [
            -73.96672,
            40.81164
          ],
          [
            -73.96686,
            40.81144
          ],
          [
            -73.96698,
            40.81125
          ],
          [
            -73.96828,
            40.8092
          ],
          [
            -73.96841,
            40.809
          ],
          [
            -73.96853,
            40.80881
          ],
          [
            -73.96866,
            40.80862
          ],
          [
            -73.96879,
            40.80842
          ],
          [
            -73.96893,
            40.80823
          ],
          [
            -73.96906,
            40.80804
          ],
          [
            -73.9692,
            40.80785
          ],
          [
            -73.96933,
            40.80766
          ],
          [
            -73.96947,
            40.80747
          ],
          [
            -73.96961,
            40.80728
          ],
          [
            -73.96975,
            40.8071
          ],
          [
            -73.9699,
            40.80691
          ],
          [
            -73.97004,
            40.80672
          ],
          [
            -73.97019,
            40.80653
          ],
          [
            -73.97128,
            40.80513
          ],
          [
            -73.97143,
            40.80495
          ],
          [
            -73.97157,
            40.80476
          ],
          [
            -73.97171,
            40.80457
          ],
          [
            -73.97186,
            40.80438
          ],
          [
            -73.972,
            40.8042
          ],
          [
            -73.97214,
            40.804
          ],
          [
            -73.97228,
            40.80382
          ],
          [
            -73.97242,
            40.80363
          ],
          [
            -73.97256,
            40.80344
          ],
          [
            -73.97269,
            40.80325
          ],
          [
            -73.97283,
            40.80306
          ],
          [
            -73.97297,
            40.80287
          ],
          [
            -73.97363,
            40.80191
          ],
          [
            -73.97387,
            40.80156
          ],
          [
            -73.97399,
            40.80137
          ],
          [
            -73.97412,
            40.80117
          ],
          [
            -73.97425,
            40.80097
          ],
          [
            -73.97436,
            40.80077
          ],
          [
            -73.97448,
            40.80058
          ],
          [
            -73.97459,
            40.80038
          ],
          [
            -73.9747,
            40.80017
          ],
          [
            -73.9748,
            40.79996
          ],
          [
            -73.97489,
            40.79976
          ],
          [
            -73.97497,
            40.79956
          ],
          [
            -73.97506,
            40.79933
          ],
          [
            -73.97522,
            40.79891
          ],
          [
            -73.97563,
            40.79787
          ],
          [
            -73.97594,
            40.79717
          ],
          [
            -73.97599,
            40.79706
          ],
          [
            -73.97606,
            40.79692
          ],
          [
            -73.97614,
            40.79677
          ],
          [
            -73.9762,
            40.79668
          ],
          [
            -73.97627,
            40.79657
          ],
          [
            -73.97633,
            40.79648
          ],
          [
            -73.9764,
            40.79638
          ],
          [
            -73.97648,
            40.79629
          ],
          [
            -73.97655,
            40.79621
          ],
          [
            -73.97689,
            40.79588
          ],
          [
            -73.97701,
            40.79575
          ],
          [
            -73.97719,
            40.79558
          ],
          [
            -73.97737,
            40.79542
          ],
          [
            -73.97756,
            40.79526
          ],
          [
            -73.97832,
            40.7946
          ],
          [
            -73.9786,
            40.79436
          ],
          [
            -73.97878,
            40.79419
          ],
          [
            -73.97897,
            40.79402
          ],
          [
            -73.97914,
            40.79386
          ],
          [
            -73.97932,
            40.79368
          ],
          [
            -73.97949,
            40.79351
          ],
          [
            -73.97965,
            40.79333
          ],
          [
            -73.97981,
            40.79315
          ],
          [
            -73.97997,
            40.79296
          ],
          [
            -73.98012,
            40.79278
          ],
          [
            -73.98027,
            40.7926
          ],
          [
            -73.98041,
            40.79241
          ],
          [
            -73.98056,
            40.79222
          ],
          [
            -73.9807,
            40.79204
          ],
          [
            -73.98084,
            40.79185
          ],
          [
            -73.98098,
            40.79166
          ],
          [
            -73.98111,
            40.79147
          ],
          [
            -73.98124,
            40.79127
          ],
          [
            -73.98137,
            40.79108
          ],
          [
            -73.9815,
            40.79088
          ],
          [
            -73.98162,
            40.79069
          ],
          [
            -73.98174,
            40.79049
          ],
          [
            -73.98186,
            40.7903
          ],
          [
            -73.98197,
            40.79009
          ],
          [
            -73.98208,
            40.78989
          ],
          [
            -73.98218,
            40.7897
          ],
          [
            -73.98229,
            40.78949
          ],
          [
            -73.98239,
            40.78929
          ],
          [
            -73.98248,
            40.78909
          ],
          [
            -73.98258,
            40.78888
          ],
          [
            -73.98267,
            40.78868
          ],
          [
            -73.98275,
            40.78847
          ],
          [
            -73.98284,
            40.78827
          ],
          [
            -73.98292,
            40.78805
          ],
          [
            -73.98318,
            40.78734
          ],
          [
            -73.98325,
            40.78713
          ],
          [
            -73.98333,
            40.78693
          ],
          [
            -73.98342,
            40.78672
          ],
          [
            -73.98349,
            40.78656
          ],
          [
            -73.98356,
            40.78641
          ],
          [
            -73.98364,
            40.78625
          ],
          [
            -73.98372,
            40.7861
          ],
          [
            -73.98381,
            40.78596
          ],
          [
            -73.9839,
            40.78582
          ],
          [
            -73.98401,
            40.78566
          ],
          [
            -73.98412,
            40.78549
          ],
          [
            -73.98429,
            40.78523
          ],
          [
            -73.98442,
            40.78503
          ],
          [
            -73.98456,
            40.78484
          ],
          [
            -73.98469,
            40.78465
          ],
          [
            -73.98482,
            40.78446
          ],
          [
            -73.98496,
            40.78427
          ],
          [
            -73.98509,
            40.78408
          ],
          [
            -73.98523,
            40.78389
          ],
          [
            -73.98537,
            40.78369
          ],
          [
            -73.98545,
            40.78359
          ],
          [
            -73.98669,
            40.78189
          ],
          [
            -73.98676,
            40.7818
          ],
          [
            -73.98682,
            40.78172
          ],
          [
            -73.9869,
            40.78164
          ],
          [
            -73.98697,
            40.78156
          ],
          [
            -73.98697,
            40.78156
          ],
          [
            -73.98705,
            40.78148
          ],
          [
            -73.98763,
            40.7809
          ],
          [
            -73.98772,
            40.7808
          ],
          [
            -73.98782,
            40.7807
          ],
          [
            -73.98789,
            40.78061
          ],
          [
            -73.98797,
            40.78052
          ],
          [
            -73.98812,
            40.78032
          ],
          [
            -73.98827,
            40.78013
          ],
          [
            -73.98841,
            40.77994
          ],
          [
            -73.99202,
            40.775
          ],
          [
            -73.99245,
            40.7744
          ],
          [
            -73.99316,
            40.77339
          ],
          [
            -73.99317,
            40.77337
          ],
          [
            -73.99404,
            40.7722
          ],
          [
            -73.99418,
            40.772
          ],
          [
            -73.99425,
            40.77191
          ],
          [
            -73.99427,
            40.77188
          ],
          [
            -73.9943,
            40.77184
          ],
          [
            -73.99431,
            40.77182
          ],
          [
            -73.99432,
            40.77181
          ],
          [
            -73.99433,
            40.77179
          ],
          [
            -73.99434,
            40.77177
          ],
          [
            -73.99435,
            40.77176
          ],
          [
            -73.99437,
            40.77173
          ],
          [
            -73.99438,
            40.77171
          ],
          [
            -73.99439,
            40.77169
          ],
          [
            -73.99441,
            40.77167
          ],
          [
            -73.99443,
            40.77162
          ],
          [
            -73.99444,
            40.7716
          ],
          [
            -73.99446,
            40.77156
          ],
          [
            -73.99447,
            40.77154
          ],
          [
            -73.99449,
            40.7715
          ],
          [
            -73.9945,
            40.77147
          ],
          [
            -73.99452,
            40.77143
          ],
          [
            -73.99453,
            40.7714
          ],
          [
            -73.99455,
            40.77137
          ],
          [
            -73.99456,
            40.77134
          ],
          [
            -73.99457,
            40.77131
          ],
          [
            -73.99457,
            40.77129
          ],
          [
            -73.99458,
            40.77128
          ],
          [
            -73.99458,
            40.77126
          ],
          [
            -73.99459,
            40.77124
          ],
          [
            -73.9946,
            40.7712
          ],
          [
            -73.9946,
            40.77119
          ],
          [
            -73.99461,
            40.77118
          ],
          [
            -73.99461,
            40.77115
          ],
          [
            -73.99462,
            40.77114
          ],
          [
            -73.99462,
            40.77112
          ],
          [
            -73.99463,
            40.77109
          ],
          [
            -73.99463,
            40.77107
          ],
          [
            -73.99464,
            40.77104
          ],
          [
            -73.99464,
            40.77103
          ],
          [
            -73.99465,
            40.771
          ],
          [
            -73.99465,
            40.77097
          ],
          [
            -73.99466,
            40.77094
          ],
          [
            -73.99466,
            40.77091
          ],
          [
            -73.99467,
            40.77086
          ],
          [
            -73.99467,
            40.77083
          ],
          [
            -73.99468,
            40.77081
          ],
          [
            -73.99468,
            40.77081
          ],
          [
            -73.99477,
            40.77016
          ],
          [
            -73.99477,
            40.77012
          ],
          [
            -73.99479,
            40.77003
          ],
          [
            -73.9948,
            40.76996
          ],
          [
            -73.99482,
            40.76989
          ],
          [
            -73.99485,
            40.7698
          ],
          [
            -73.99488,
            40.76972
          ],
          [
            -73.99492,
            40.76962
          ],
          [
            -73.99497,
            40.76952
          ],
          [
            -73.99502,
            40.76942
          ],
          [
            -73.99502,
            40.76942
          ],
          [
            -73.99494,
            40.76931
          ],
          [
            -73.99491,
            40.76929
          ],
          [
            -73.99488,
            40.76927
          ],
          [
            -73.99485,
            40.76926
          ],
          [
            -73.99472,
            40.7692
          ],
          [
            -73.99299,
            40.76847
          ],
          [
            -73.99295,
            40.76845
          ],
          [
            -73.99279,
            40.76837
          ],
          [
            -73.99268,
            40.76833
          ],
          [
            -73.9915,
            40.76783
          ],
          [
            -73.9901,
            40.76724
          ],
          [
            -73.98996,
            40.76718
          ],
          [
            -73.98985,
            40.76713
          ],
          [
            -73.98727,
            40.76605
          ],
          [
            -73.98713,
            40.76599
          ],
          [
            -73.98702,
            40.76595
          ],
          [
            -73.98699,
            40.76594
          ],
          [
            -73.98696,
            40.76592
          ],
          [
            -73.9855,
            40.76532
          ],
          [
            -73.98513,
            40.76516
          ],
          [
            -73.9847,
            40.76498
          ],
          [
            -73.98441,
            40.76486
          ],
          [
            -73.98438,
            40.76485
          ],
          [
            -73.98427,
            40.7648
          ],
          [
            -73.98415,
            40.76474
          ],
          [
            -73.98413,
            40.76474
          ],
          [
            -73.98376,
            40.76458
          ],
          [
            -73.9826,
            40.76409
          ],
          [
            -73.98252,
            40.76406
          ],
          [
            -73.98242,
            40.76401
          ],
          [
            -73.98236,
            40.76399
          ],
          [
            -73.98201,
            40.76384
          ],
          [
            -73.98185,
            40.76377
          ],
          [
            -73.98157,
            40.76365
          ],
          [
            -73.98143,
            40.7636
          ],
          [
            -73.98131,
            40.76355
          ],
          [
            -73.98084,
            40.76334
          ],
          [
            -73.9804,
            40.76316
          ],
          [
            -73.98033,
            40.76314
          ],
          [
            -73.98025,
            40.7631
          ],
          [
            -73.97998,
            40.76298
          ],
          [
            -73.97985,
            40.76293
          ],
          [
            -73.97978,
            40.7629
          ],
          [
            -73.9797,
            40.76286
          ],
          [
            -73.97873,
            40.76245
          ],
          [
            -73.97861,
            40.7624
          ],
          [
            -73.97848,
            40.76235
          ],
          [
            -73.9782,
            40.76223
          ],
          [
            -73.9755,
            40.7611
          ],
          [
            -73.97538,
            40.76105
          ],
          [
            -73.97527,
            40.761
          ],
          [
            -73.97388,
            40.76042
          ],
          [
            -73.97377,
            40.76037
          ],
          [
            -73.97365,
            40.76032
          ],
          [
            -73.97243,
            40.75981
          ],
          [
            -73.97236,
            40.75978
          ],
          [
            -73.97225,
            40.75973
          ],
          [
            -73.97207,
            40.75965
          ],
          [
            -73.97195,
            40.7596
          ],
          [
            -73.97065,
            40.75905
          ],
          [
            -73.97053,
            40.759
          ],
          [
            -73.97053,
            40.759
          ],
          [
            -73.97058,
            40.75894
          ],
          [
            -73.97094,
            40.75845
          ],
          [
            -73.97099,
            40.75838
          ],
          [
            -73.97103,
            40.75832
          ],
          [
            -73.9714,
            40.75781
          ],
          [
            -73.97144,
            40.75776
          ],
          [
            -73.97149,
            40.75769
          ],
          [
            -73.97187,
            40.75718
          ],
          [
            -73.9719,
            40.75713
          ],
          [
            -73.97194,
            40.75707
          ],
          [
            -73.97232,
            40.75656
          ],
          [
            -73.97236,
            40.7565
          ],
          [
            -73.9724,
            40.75644
          ],
          [
            -73.97278,
            40.75593
          ],
          [
            -73.97282,
            40.75587
          ],
          [
            -73.97286,
            40.75582
          ],
          [
            -73.97323,
            40.75531
          ],
          [
            -73.97327,
            40.75525
          ],
          [
            -73.97331,
            40.75519
          ],
          [
            -73.97369,
            40.75468
          ],
          [
            -73.97373,
            40.75461
          ],
          [
            -73.97377,
            40.75457
          ],
          [
            -73.97409,
            40.75413
          ],
          [
            -73.97409,
            40.75413
          ],
          [
            -73.97409,
            40.75413
          ],
          [
            -73.97415,
            40.75405
          ],
          [
            -73.97419,
            40.75399
          ],
          [
            -73.97422,
            40.75395
          ],
          [
            -73.9746,
            40.75343
          ],
          [
            -73.97465,
            40.75337
          ],
          [
            -73.97465,
            40.75337
          ],
          [
            -73.97474,
            40.75341
          ],
          [
            -73.97567,
            40.7538
          ],
          [
            -73.97572,
            40.75382
          ],
          [
            -73.97575,
            40.75383
          ],
          [
            -73.97589,
            40.75389
          ],
          [
            -73.976,
            40.75394
          ],
          [
            -73.97626,
            40.75405
          ],
          [
            -73.9769,
            40.75432
          ],
          [
            -73.97698,
            40.75435
          ],
          [
            -73.97706,
            40.75439
          ],
          [
            -73.97777,
            40.75469
          ],
          [
            -73.97787,
            40.75474
          ],
          [
            -73.97799,
            40.75479
          ],
          [
            -73.97937,
            40.75536
          ],
          [
            -73.97949,
            40.75541
          ],
          [
            -73.97961,
            40.75547
          ],
          [
            -73.98002,
            40.75564
          ],
          [
            -73.98172,
            40.75636
          ],
          [
            -73.98231,
            40.75661
          ],
          [
            -73.98258,
            40.75672
          ],
          [
            -73.98271,
            40.75677
          ],
          [
            -73.98284,
            40.75682
          ],
          [
            -73.98348,
            40.7571
          ],
          [
            -73.98483,
            40.75767
          ],
          [
            -73.98537,
            40.7579
          ],
          [
            -73.98542,
            40.75791
          ],
          [
            -73.98544,
            40.75792
          ],
          [
            -73.98553,
            40.75796
          ],
          [
            -73.98565,
            40.75801
          ],
          [
            -73.98568,
            40.75803
          ],
          [
            -73.98573,
            40.75805
          ],
          [
            -73.98623,
            40.75825
          ],
          [
            -73.98673,
            40.75846
          ],
          [
            -73.98826,
            40.75911
          ],
          [
            -73.98839,
            40.75916
          ],
          [
            -73.98853,
            40.75922
          ],
          [
            -73.99089,
            40.76022
          ],
          [
            -73.99109,
            40.7603
          ],
          [
            -73.99123,
            40.76036
          ],
          [
            -73.99136,
            40.76041
          ],
          [
            -73.99395,
            40.7615
          ],
          [
            -73.99407,
            40.76155
          ],
          [
            -73.99421,
            40.76161
          ],
          [
            -73.99465,
            40.7618
          ],
          [
            -73.99493,
            40.76192
          ],
          [
            -73.99678,
            40.76269
          ],
          [
            -73.99689,
            40.76274
          ],
          [
            -73.99702,
            40.76279
          ],
          [
            -73.99705,
            40.76281
          ],
          [
            -73.99765,
            40.76306
          ],
          [
            -73.99816,
            40.76328
          ],
          [
            -73.99881,
            40.76356
          ],
          [
            -73.99886,
            40.76358
          ],
          [
            -73.99897,
            40.76363
          ],
          [
            -73.99897,
            40.76363
          ],
          [
            -73.99893,
            40.76368
          ],
          [
            -73.99888,
            40.76374
          ],
          [
            -73.99883,
            40.7638
          ],
          [
            -73.99872,
            40.76395
          ],
          [
            -73.9986,
            40.76411
          ],
          [
            -73.99857,
            40.76415
          ],
          [
            -73.9985,
            40.76424
          ],
          [
            -73.99839,
            40.7644
          ],
          [
            -73.99805,
            40.76487
          ],
          [
            -73.99778,
            40.76524
          ],
          [
            -73.99771,
            40.76534
          ],
          [
            -73.99766,
            40.76541
          ],
          [
            -73.99759,
            40.7655
          ],
          [
            -73.99747,
            40.76567
          ],
          [
            -73.99714,
            40.76612
          ],
          [
            -73.99676,
            40.76664
          ],
          [
            -73.99674,
            40.76667
          ],
          [
            -73.99668,
            40.76675
          ],
          [
            -73.99636,
            40.76719
          ],
          [
            -73.99622,
            40.76737
          ],
          [
            -73.99593,
            40.76778
          ],
          [
            -73.99586,
            40.76788
          ],
          [
            -73.99582,
            40.76792
          ],
          [
            -73.99576,
            40.76801
          ],
          [
            -73.99502,
            40.76903
          ],
          [
            -73.99494,
            40.76913
          ],
          [
            -73.99491,
            40.76917
          ],
          [
            -73.99488,
            40.76922
          ],
          [
            -73.99485,
            40.76926
          ],
          [
            -73.99477,
            40.76939
          ],
          [
            -73.99471,
            40.76949
          ],
          [
            -73.99467,
            40.76957
          ],
          [
            -73.99463,
            40.76966
          ],
          [
            -73.99462,
            40.76969
          ],
          [
            -73.9946,
            40.76975
          ],
          [
            -73.99457,
            40.76984
          ],
          [
            -73.99454,
            40.76994
          ],
          [
            -73.99451,
            40.77003
          ],
          [
            -73.9945,
            40.77012
          ],
          [
            -73.99448,
            40.77022
          ],
          [
            -73.99447,
            40.77031
          ],
          [
            -73.99445,
            40.7705
          ],
          [
            -73.99443,
            40.77064
          ],
          [
            -73.99442,
            40.7707
          ],
          [
            -73.99439,
            40.77094
          ],
          [
            -73.99438,
            40.77101
          ],
          [
            -73.99437,
            40.77106
          ],
          [
            -73.99436,
            40.77109
          ],
          [
            -73.99436,
            40.77113
          ],
          [
            -73.99435,
            40.77115
          ],
          [
            -73.99435,
            40.77118
          ],
          [
            -73.99434,
            40.7712
          ],
          [
            -73.99433,
            40.77123
          ],
          [
            -73.99432,
            40.77125
          ],
          [
            -73.99431,
            40.77128
          ],
          [
            -73.9943,
            40.77131
          ],
          [
            -73.99429,
            40.77134
          ],
          [
            -73.99428,
            40.77138
          ],
          [
            -73.99427,
            40.77141
          ],
          [
            -73.99425,
            40.77145
          ],
          [
            -73.99423,
            40.77149
          ],
          [
            -73.99421,
            40.77153
          ],
          [
            -73.99421,
            40.77153
          ],
          [
            -73.99418,
            40.7716
          ],
          [
            -73.99417,
            40.77162
          ],
          [
            -73.99414,
            40.77167
          ],
          [
            -73.99412,
            40.77171
          ],
          [
            -73.9941,
            40.77175
          ],
          [
            -73.99408,
            40.77179
          ],
          [
            -73.99406,
            40.77182
          ],
          [
            -73.99405,
            40.77183
          ],
          [
            -73.99403,
            40.77186
          ],
          [
            -73.99402,
            40.77189
          ],
          [
            -73.994,
            40.77192
          ],
          [
            -73.99385,
            40.77212
          ],
          [
            -73.99334,
            40.77281
          ],
          [
            -73.9932,
            40.773
          ],
          [
            -73.99216,
            40.77456
          ],
          [
            -73.99198,
            40.77483
          ],
          [
            -73.99181,
            40.77507
          ],
          [
            -73.98837,
            40.77979
          ],
          [
            -73.98822,
            40.77999
          ],
          [
            -73.98808,
            40.78017
          ],
          [
            -73.98793,
            40.78036
          ],
          [
            -73.98777,
            40.78055
          ],
          [
            -73.9876,
            40.78073
          ],
          [
            -73.98743,
            40.78092
          ],
          [
            -73.9872,
            40.78116
          ],
          [
            -73.98708,
            40.78128
          ],
          [
            -73.98699,
            40.78136
          ],
          [
            -73.98691,
            40.78144
          ],
          [
            -73.98685,
            40.78151
          ],
          [
            -73.98673,
            40.78163
          ],
          [
            -73.98673,
            40.78163
          ],
          [
            -73.98665,
            40.78172
          ],
          [
            -73.98658,
            40.78182
          ],
          [
            -73.98533,
            40.78353
          ],
          [
            -73.9842,
            40.78512
          ],
          [
            -73.984,
            40.78544
          ],
          [
            -73.98388,
            40.7856
          ],
          [
            -73.98369,
            40.78588
          ],
          [
            -73.9836,
            40.78603
          ],
          [
            -73.98352,
            40.78619
          ],
          [
            -73.98343,
            40.78635
          ],
          [
            -73.98335,
            40.7865
          ],
          [
            -73.98327,
            40.78668
          ],
          [
            -73.98319,
            40.78686
          ],
          [
            -73.98311,
            40.78705
          ],
          [
            -73.98302,
            40.78729
          ],
          [
            -73.98295,
            40.78749
          ],
          [
            -73.98276,
            40.788
          ],
          [
            -73.98266,
            40.78826
          ],
          [
            -73.98259,
            40.78841
          ],
          [
            -73.98251,
            40.7886
          ],
          [
            -73.98243,
            40.78879
          ],
          [
            -73.98237,
            40.78893
          ],
          [
            -73.98228,
            40.78912
          ],
          [
            -73.98219,
            40.7893
          ],
          [
            -73.98211,
            40.78946
          ],
          [
            -73.98202,
            40.78963
          ],
          [
            -73.98193,
            40.78981
          ],
          [
            -73.98183,
            40.78998
          ],
          [
            -73.98174,
            40.79015
          ],
          [
            -73.98164,
            40.79032
          ],
          [
            -73.98155,
            40.79047
          ],
          [
            -73.98145,
            40.79065
          ],
          [
            -73.98129,
            40.7909
          ],
          [
            -73.98112,
            40.79115
          ],
          [
            -73.98096,
            40.79139
          ],
          [
            -73.98078,
            40.79164
          ],
          [
            -73.98061,
            40.79187
          ],
          [
            -73.98044,
            40.7921
          ],
          [
            -73.98031,
            40.79228
          ],
          [
            -73.98019,
            40.79244
          ],
          [
            -73.98008,
            40.79258
          ],
          [
            -73.97995,
            40.79274
          ],
          [
            -73.97981,
            40.7929
          ],
          [
            -73.97969,
            40.79304
          ],
          [
            -73.97956,
            40.79319
          ],
          [
            -73.97943,
            40.79333
          ],
          [
            -73.97926,
            40.79351
          ],
          [
            -73.97912,
            40.79366
          ],
          [
            -73.97897,
            40.79381
          ],
          [
            -73.97882,
            40.79395
          ],
          [
            -73.97867,
            40.79409
          ],
          [
            -73.97847,
            40.79427
          ],
          [
            -73.97836,
            40.79436
          ],
          [
            -73.97818,
            40.79451
          ],
          [
            -73.97802,
            40.79465
          ],
          [
            -73.97784,
            40.79479
          ],
          [
            -73.97737,
            40.79517
          ],
          [
            -73.9772,
            40.79531
          ],
          [
            -73.977,
            40.79545
          ],
          [
            -73.97673,
            40.79569
          ],
          [
            -73.97655,
            40.79585
          ],
          [
            -73.9764,
            40.796
          ],
          [
            -73.97622,
            40.79619
          ],
          [
            -73.97608,
            40.79636
          ],
          [
            -73.97601,
            40.79646
          ],
          [
            -73.97595,
            40.79656
          ],
          [
            -73.97589,
            40.79665
          ],
          [
            -73.97583,
            40.79677
          ],
          [
            -73.97578,
            40.79686
          ],
          [
            -73.97573,
            40.79697
          ],
          [
            -73.97561,
            40.79722
          ],
          [
            -73.97553,
            40.79739
          ],
          [
            -73.97504,
            40.79886
          ],
          [
            -73.97489,
            40.79929
          ],
          [
            -73.97483,
            40.79946
          ],
          [
            -73.97475,
            40.79966
          ],
          [
            -73.97466,
            40.79986
          ],
          [
            -73.97456,
            40.80006
          ],
          [
            -73.97447,
            40.80025
          ],
          [
            -73.97436,
            40.80045
          ],
          [
            -73.97425,
            40.80064
          ],
          [
            -73.97414,
            40.80083
          ],
          [
            -73.97402,
            40.80102
          ],
          [
            -73.97364,
            40.80161
          ],
          [
            -73.97358,
            40.8017
          ],
          [
            -73.97347,
            40.80186
          ],
          [
            -73.97337,
            40.80201
          ],
          [
            -73.97325,
            40.80218
          ],
          [
            -73.97313,
            40.80234
          ],
          [
            -73.97303,
            40.8025
          ],
          [
            -73.97292,
            40.80265
          ],
          [
            -73.97281,
            40.80281
          ],
          [
            -73.97269,
            40.80297
          ],
          [
            -73.97258,
            40.80313
          ],
          [
            -73.97245,
            40.8033
          ],
          [
            -73.97234,
            40.80347
          ],
          [
            -73.97222,
            40.80362
          ],
          [
            -73.97212,
            40.80377
          ],
          [
            -73.97199,
            40.80394
          ],
          [
            -73.97187,
            40.80411
          ],
          [
            -73.97174,
            40.80427
          ],
          [
            -73.97161,
            40.80444
          ],
          [
            -73.97149,
            40.8046
          ],
          [
            -73.97138,
            40.80475
          ],
          [
            -73.97126,
            40.80491
          ],
          [
            -73.97113,
            40.80507
          ],
          [
            -73.97102,
            40.80521
          ],
          [
            -73.97089,
            40.80538
          ],
          [
            -73.97077,
            40.80553
          ],
          [
            -73.97063,
            40.8057
          ],
          [
            -73.97052,
            40.80585
          ],
          [
            -73.9704,
            40.806
          ],
          [
            -73.97027,
            40.80616
          ],
          [
            -73.97013,
            40.80635
          ],
          [
            -73.97002,
            40.80649
          ],
          [
            -73.9699,
            40.80665
          ],
          [
            -73.96977,
            40.8068
          ],
          [
            -73.96965,
            40.80696
          ],
          [
            -73.96953,
            40.80712
          ],
          [
            -73.96941,
            40.80728
          ],
          [
            -73.96929,
            40.80745
          ],
          [
            -73.96917,
            40.8076
          ],
          [
            -73.96906,
            40.80776
          ],
          [
            -73.96888,
            40.80801
          ],
          [
            -73.96877,
            40.80817
          ],
          [
            -73.96866,
            40.80833
          ],
          [
            -73.96855,
            40.8085
          ],
          [
            -73.96843,
            40.80866
          ],
          [
            -73.96833,
            40.80883
          ],
          [
            -73.96822,
            40.80899
          ],
          [
            -73.96811,
            40.80916
          ],
          [
            -73.96744,
            40.81022
          ],
          [
            -73.96733,
            40.8104
          ],
          [
            -73.96722,
            40.81056
          ],
          [
            -73.96722,
            40.81056
          ],
          [
            -73.96686,
            40.811
          ],
          [
            -73.96648,
            40.81143
          ],
          [
            -73.96548,
            40.81261
          ],
          [
            -73.96486,
            40.81332
          ],
          [
            -73.96439,
            40.8139
          ],
          [
            -73.96389,
            40.81459
          ],
          [
            -73.96333,
            40.81543
          ],
          [
            -73.96319,
            40.81564
          ],
          [
            -73.96304,
            40.81583
          ],
          [
            -73.96292,
            40.816
          ],
          [
            -73.9628,
            40.81615
          ],
          [
            -73.96267,
            40.8163
          ],
          [
            -73.96254,
            40.81644
          ],
          [
            -73.96203,
            40.81693
          ],
          [
            -73.96171,
            40.81722
          ],
          [
            -73.96163,
            40.81728
          ],
          [
            -73.96155,
            40.81735
          ],
          [
            -73.96146,
            40.81742
          ],
          [
            -73.9614,
            40.81746
          ],
          [
            -73.96132,
            40.81751
          ],
          [
            -73.96123,
            40.81756
          ],
          [
            -73.9611,
            40.81762
          ],
          [
            -73.96102,
            40.81766
          ],
          [
            -73.96102,
            40.81766
          ],
          [
            -73.96072,
            40.81754
          ],
          [
            -73.96056,
            40.81747
          ],
          [
            -73.95976,
            40.81714
          ],
          [
            -73.95953,
            40.81705
          ],
          [
            -73.95953,
            40.81705
          ],
          [
            -73.95952,
            40.81703
          ],
          [
            -73.95949,
            40.81701
          ],
          [
            -73.95868,
            40.81613
          ],
          [
            -73.95855,
            40.81598
          ],
          [
            -73.95844,
            40.81587
          ],
          [
            -73.95839,
            40.81581
          ],
          [
            -73.95828,
            40.81569
          ],
          [
            -73.95827,
            40.81568
          ],
          [
            -73.95821,
            40.81561
          ],
          [
            -73.95821,
            40.81561
          ],
          [
            -73.95813,
            40.81573
          ],
          [
            -73.95793,
            40.81601
          ],
          [
            -73.95777,
            40.81623
          ],
          [
            -73.95773,
            40.81628
          ],
          [
            -73.95768,
            40.81636
          ],
          [
            -73.95728,
            40.8169
          ],
          [
            -73.9569,
            40.81743
          ],
          [
            -73.95684,
            40.81751
          ],
          [
            -73.9568,
            40.81757
          ],
          [
            -73.9564,
            40.81811
          ],
          [
            -73.95636,
            40.81816
          ],
          [
            -73.95633,
            40.81821
          ],
          [
            -73.95595,
            40.8187
          ],
          [
            -73.95591,
            40.81876
          ],
          [
            -73.95587,
            40.81882
          ],
          [
            -73.95546,
            40.81939
          ],
          [
            -73.95505,
            40.81996
          ],
          [
            -73.95497,
            40.82007
          ],
          [
            -73.95497,
            40.82007
          ],
          [
            -73.95486,
            40.82002
          ],
          [
            -73.95239,
            40.81897
          ],
          [
            -73.95237,
            40.81897
          ],
          [
            -73.95234,
            40.81896
          ],
          [
            -73.95227,
            40.81894
          ],
          [
            -73.95221,
            40.81893
          ],
          [
            -73.95221,
            40.81893
          ],
          [
            -73.95217,
            40.81899
          ],
          [
            -73.95216,
            40.81901
          ],
          [
            -73.95178,
            40.81951
          ],
          [
            -73.95173,
            40.81957
          ],
          [
            -73.95168,
            40.81964
          ],
          [
            -73.9513,
            40.82016
          ],
          [
            -73.95108,
            40.82046
          ],
          [
            -73.95108,
            40.82046
          ],
          [
            -73.95108,
            40.82046
          ],
          [
            -73.9513,
            40.82016
          ],
          [
            -73.95168,
            40.81964
          ],
          [
            -73.95173,
            40.81957
          ],
          [
            -73.95178,
            40.81951
          ],
          [
            -73.95216,
            40.81901
          ],
          [
            -73.95217,
            40.81899
          ],
          [
            -73.95221,
            40.81893
          ],
          [
            -73.95226,
            40.81887
          ],
          [
            -73.95227,
            40.81886
          ],
          [
            -73.95244,
            40.81861
          ],
          [
            -73.95247,
            40.81858
          ],
          [
            -73.95247,
            40.81858
          ],
          [
            -73.95247,
            40.81858
          ],
          [
            -73.95269,
            40.81827
          ],
          [
            -73.95272,
            40.81823
          ],
          [
            -73.95277,
            40.81817
          ],
          [
            -73.95295,
            40.81792
          ],
          [
            -73.95312,
            40.81767
          ],
          [
            -73.95318,
            40.81759
          ],
          [
            -73.95322,
            40.81753
          ],
          [
            -73.95379,
            40.81676
          ],
          [
            -73.95402,
            40.81643
          ],
          [
            -73.95408,
            40.81636
          ],
          [
            -73.95411,
            40.81631
          ],
          [
            -73.95436,
            40.81598
          ],
          [
            -73.95436,
            40.81598
          ],
          [
            -73.95436,
            40.81598
          ],
          [
            -73.9545,
            40.81579
          ],
          [
            -73.95454,
            40.81574
          ],
          [
            -73.95458,
            40.81569
          ],
          [
            -73.95466,
            40.81558
          ],
          [
            -73.95495,
            40.81517
          ],
          [
            -73.955,
            40.81511
          ],
          [
            -73.95504,
            40.81506
          ],
          [
            -73.95519,
            40.81484
          ],
          [
            -73.95519,
            40.81484
          ],
          [
            -73.95519,
            40.81484
          ],
          [
            -73.95524,
            40.81477
          ],
          [
            -73.9554,
            40.81454
          ],
          [
            -73.95544,
            40.81448
          ],
          [
            -73.95549,
            40.81442
          ],
          [
            -73.95565,
            40.81421
          ],
          [
            -73.9557,
            40.81414
          ],
          [
            -73.95576,
            40.81406
          ],
          [
            -73.95579,
            40.81402
          ],
          [
            -73.9561,
            40.81362
          ],
          [
            -73.95618,
            40.8135
          ],
          [
            -73.95627,
            40.81338
          ],
          [
            -73.95627,
            40.81338
          ],
          [
            -73.95618,
            40.81328
          ],
          [
            -73.95574,
            40.81276
          ],
          [
            -73.95563,
            40.81264
          ],
          [
            -73.95563,
            40.81264
          ],
          [
            -73.95563,
            40.81264
          ],
          [
            -73.95528,
            40.81223
          ],
          [
            -73.95522,
            40.81216
          ],
          [
            -73.95509,
            40.81201
          ],
          [
            -73.955,
            40.81192
          ],
          [
            -73.955,
            40.81191
          ],
          [
            -73.95497,
            40.81188
          ],
          [
            -73.95489,
            40.8118
          ],
          [
            -73.95483,
            40.81173
          ],
          [
            -73.9548,
            40.81171
          ],
          [
            -73.95475,
            40.81168
          ],
          [
            -73.95469,
            40.81166
          ],
          [
            -73.95416,
            40.81143
          ],
          [
            -73.95416,
            40.81143
          ],
          [
            -73.95416,
            40.81143
          ],
          [
            -73.95414,
            40.81142
          ],
          [
            -73.95401,
            40.81137
          ],
          [
            -73.95389,
            40.81132
          ],
          [
            -73.95358,
            40.81118
          ],
          [
            -73.95317,
            40.81101
          ],
          [
            -73.95273,
            40.81083
          ],
          [
            -73.95259,
            40.81077
          ],
          [
            -73.95246,
            40.81071
          ],
          [
            -73.95219,
            40.8106
          ],
          [
            -73.95188,
            40.81047
          ],
          [
            -73.95177,
            40.81042
          ],
          [
            -73.95177,
            40.81042
          ],
          [
            -73.95177,
            40.81042
          ],
          [
            -73.95176,
            40.81042
          ],
          [
            -73.95131,
            40.81023
          ],
          [
            -73.95118,
            40.81018
          ],
          [
            -73.95105,
            40.81012
          ],
          [
            -73.95067,
            40.80996
          ],
          [
            -73.95067,
            40.80996
          ],
          [
            -73.95067,
            40.80996
          ],
          [
            -73.94987,
            40.80962
          ],
          [
            -73.94979,
            40.80959
          ],
          [
            -73.94973,
            40.80957
          ],
          [
            -73.94853,
            40.80906
          ],
          [
            -73.9484,
            40.80901
          ],
          [
            -73.94825,
            40.80894
          ],
          [
            -73.94813,
            40.80889
          ],
          [
            -73.94801,
            40.80884
          ],
          [
            -73.9478,
            40.80875
          ],
          [
            -73.9478,
            40.80875
          ],
          [
            -73.9478,
            40.80875
          ],
          [
            -73.94769,
            40.80871
          ],
          [
            -73.94696,
            40.8084
          ],
          [
            -73.94691,
            40.80838
          ],
          [
            -73.94686,
            40.80836
          ],
          [
            -73.94567,
            40.80785
          ],
          [
            -73.94557,
            40.80781
          ],
          [
            -73.94541,
            40.80775
          ],
          [
            -73.94533,
            40.80771
          ],
          [
            -73.94499,
            40.80757
          ],
          [
            -73.94499,
            40.80757
          ],
          [
            -73.94499,
            40.80757
          ],
          [
            -73.94481,
            40.80749
          ],
          [
            -73.94425,
            40.80726
          ],
          [
            -73.94389,
            40.8071
          ],
          [
            -73.94383,
            40.80708
          ],
          [
            -73.94378,
            40.80706
          ],
          [
            -73.94269,
            40.8066
          ],
          [
            -73.9426,
            40.80656
          ],
          [
            -73.94237,
            40.80646
          ],
          [
            -73.94227,
            40.80642
          ],
          [
            -73.94217,
            40.80638
          ],
          [
            -73.94191,
            40.80627
          ],
          [
            -73.94183,
            40.80624
          ],
          [
            -73.94183,
            40.80624
          ],
          [
            -73.94183,
            40.80623
          ],
          [
            -73.941,
            40.80589
          ],
          [
            -73.94076,
            40.80579
          ],
          [
            -73.94064,
            40.80574
          ],
          [
            -73.94055,
            40.8057
          ],
          [
            -73.94027,
            40.80558
          ],
          [
            -73.94027,
            40.80558
          ],
          [
            -73.94027,
            40.80558
          ],
          [
            -73.94013,
            40.80552
          ],
          [
            -73.9397,
            40.80534
          ],
          [
            -73.93924,
            40.80515
          ],
          [
            -73.93918,
            40.80512
          ],
          [
            -73.93904,
            40.80506
          ],
          [
            -73.93889,
            40.805
          ],
          [
            -73.93885,
            40.80498
          ],
          [
            -73.93858,
            40.80487
          ],
          [
            -73.93855,
            40.80485
          ],
          [
            -73.93855,
            40.80485
          ],
          [
            -73.93855,
            40.80485
          ],
          [
            -73.93788,
            40.80457
          ],
          [
            -73.93753,
            40.80442
          ],
          [
            -73.93743,
            40.80438
          ],
          [
            -73.93743,
            40.80438
          ],
          [
            -73.93749,
            40.8043
          ],
          [
            -73.9378,
            40.80387
          ],
          [
            -73.9378,
            40.80387
          ],
          [
            -73.9378,
            40.80387
          ],
          [
            -73.93785,
            40.8038
          ],
          [
            -73.93788,
            40.80377
          ],
          [
            -73.93792,
            40.80371
          ],
          [
            -73.93796,
            40.80365
          ],
          [
            -73.93834,
            40.80314
          ],
          [
            -73.93838,
            40.80308
          ],
          [
            -73.93842,
            40.80302
          ],
          [
            -73.9388,
            40.80251
          ],
          [
            -73.93884,
            40.80245
          ],
          [
            -73.93888,
            40.8024
          ],
          [
            -73.93908,
            40.80212
          ],
          [
            -73.93926,
            40.80187
          ],
          [
            -73.9393,
            40.80182
          ],
          [
            -73.93933,
            40.80177
          ],
          [
            -73.93971,
            40.80125
          ],
          [
            -73.93976,
            40.80119
          ],
          [
            -73.9398,
            40.80113
          ],
          [
            -73.94017,
            40.80062
          ],
          [
            -73.94021,
            40.80057
          ],
          [
            -73.94026,
            40.80051
          ],
          [
            -73.94049,
            40.80019
          ],
          [
            -73.94063,
            40.8
          ],
          [
            -73.94067,
            40.79994
          ],
          [
            -73.94071,
            40.79988
          ],
          [
            -73.9411,
            40.79936
          ],
          [
            -73.94113,
            40.79931
          ],
          [
            -73.94117,
            40.79926
          ],
          [
            -73.94155,
            40.79873
          ],
          [
            -73.94162,
            40.79863
          ],
          [
            -73.94169,
            40.79854
          ],
          [
            -73.94197,
            40.79816
          ],
          [
            -73.94199,
            40.79814
          ],
          [
            -73.94199,
            40.79814
          ],
          [
            -73.94199,
            40.79814
          ],
          [
            -73.94208,
            40.79801
          ],
          [
            -73.94212,
            40.79795
          ],
          [
            -73.94217,
            40.79789
          ],
          [
            -73.94254,
            40.79738
          ],
          [
            -73.943,
            40.79675
          ],
          [
            -73.94306,
            40.79667
          ],
          [
            -73.94344,
            40.79615
          ],
          [
            -73.94349,
            40.79608
          ],
          [
            -73.94354,
            40.79602
          ],
          [
            -73.94391,
            40.7955
          ],
          [
            -73.94395,
            40.79545
          ],
          [
            -73.944,
            40.79538
          ],
          [
            -73.94437,
            40.79487
          ],
          [
            -73.94442,
            40.79481
          ],
          [
            -73.94445,
            40.79476
          ],
          [
            -73.94471,
            40.7944
          ],
          [
            -73.94483,
            40.79424
          ],
          [
            -73.94487,
            40.79418
          ],
          [
            -73.94491,
            40.79413
          ],
          [
            -73.94529,
            40.79362
          ],
          [
            -73.94533,
            40.79356
          ],
          [
            -73.94537,
            40.7935
          ],
          [
            -73.94575,
            40.79299
          ],
          [
            -73.94579,
            40.79293
          ],
          [
            -73.94583,
            40.79288
          ],
          [
            -73.94622,
            40.79235
          ],
          [
            -73.94629,
            40.79225
          ],
          [
            -73.94636,
            40.79216
          ],
          [
            -73.9465,
            40.79195
          ],
          [
            -73.94655,
            40.79188
          ],
          [
            -73.94655,
            40.79188
          ],
          [
            -73.94655,
            40.79188
          ],
          [
            -73.94674,
            40.79163
          ],
          [
            -73.94678,
            40.79158
          ],
          [
            -73.94682,
            40.79152
          ],
          [
            -73.94719,
            40.791
          ],
          [
            -73.94723,
            40.79095
          ],
          [
            -73.94727,
            40.79089
          ],
          [
            -73.94751,
            40.79057
          ],
          [
            -73.94765,
            40.79038
          ],
          [
            -73.94769,
            40.79032
          ],
          [
            -73.94773,
            40.79027
          ],
          [
            -73.94811,
            40.78975
          ],
          [
            -73.94816,
            40.78969
          ],
          [
            -73.94819,
            40.78964
          ],
          [
            -73.94824,
            40.78957
          ],
          [
            -73.94835,
            40.78942
          ],
          [
            -73.9484,
            40.78935
          ],
          [
            -73.94857,
            40.78912
          ],
          [
            -73.94861,
            40.78906
          ],
          [
            -73.94865,
            40.78901
          ],
          [
            -73.94896,
            40.78857
          ],
          [
            -73.94903,
            40.78849
          ],
          [
            -73.94907,
            40.78843
          ],
          [
            -73.9491,
            40.78838
          ],
          [
            -73.94919,
            40.78826
          ],
          [
            -73.94919,
            40.78826
          ],
          [
            -73.94919,
            40.78826
          ],
          [
            -73.94922,
            40.78821
          ],
          [
            -73.94929,
            40.78812
          ],
          [
            -73.94942,
            40.78797
          ],
          [
            -73.94949,
            40.78787
          ],
          [
            -73.94953,
            40.78781
          ],
          [
            -73.94956,
            40.78775
          ],
          [
            -73.94963,
            40.78766
          ],
          [
            -73.94987,
            40.78733
          ],
          [
            -73.94994,
            40.78723
          ],
          [
            -73.94998,
            40.78718
          ],
          [
            -73.95002,
            40.78712
          ],
          [
            -73.9504,
            40.7866
          ],
          [
            -73.95044,
            40.78655
          ],
          [
            -73.95047,
            40.7865
          ],
          [
            -73.95086,
            40.78597
          ],
          [
            -73.95093,
            40.78588
          ],
          [
            -73.95101,
            40.78577
          ],
          [
            -73.95125,
            40.78545
          ],
          [
            -73.95125,
            40.78545
          ],
          [
            -73.95125,
            40.78545
          ],
          [
            -73.95139,
            40.78526
          ],
          [
            -73.95143,
            40.7852
          ],
          [
            -73.95147,
            40.78515
          ],
          [
            -73.95185,
            40.78463
          ],
          [
            -73.95189,
            40.78457
          ],
          [
            -73.95193,
            40.78451
          ],
          [
            -73.95231,
            40.784
          ],
          [
            -73.95235,
            40.78394
          ],
          [
            -73.95238,
            40.78389
          ],
          [
            -73.95276,
            40.78337
          ],
          [
            -73.95281,
            40.78331
          ],
          [
            -73.95284,
            40.78326
          ],
          [
            -73.95322,
            40.78275
          ],
          [
            -73.95326,
            40.78269
          ],
          [
            -73.9533,
            40.78263
          ],
          [
            -73.95368,
            40.78212
          ],
          [
            -73.95372,
            40.78206
          ],
          [
            -73.95376,
            40.782
          ],
          [
            -73.95414,
            40.78149
          ],
          [
            -73.95418,
            40.78143
          ],
          [
            -73.95422,
            40.78138
          ],
          [
            -73.95433,
            40.78123
          ],
          [
            -73.95459,
            40.78086
          ],
          [
            -73.95463,
            40.78081
          ],
          [
            -73.95468,
            40.78075
          ],
          [
            -73.95484,
            40.78052
          ],
          [
            -73.95505,
            40.78024
          ],
          [
            -73.95509,
            40.78018
          ],
          [
            -73.95514,
            40.78012
          ],
          [
            -73.95531,
            40.77988
          ],
          [
            -73.95552,
            40.7796
          ],
          [
            -73.95558,
            40.77951
          ],
          [
            -73.95566,
            40.77941
          ],
          [
            -73.95566,
            40.77939
          ],
          [
            -73.95566,
            40.77939
          ],
          [
            -73.95566,
            40.77939
          ],
          [
            -73.95602,
            40.77892
          ],
          [
            -73.95604,
            40.77888
          ],
          [
            -73.95608,
            40.77882
          ],
          [
            -73.95613,
            40.77876
          ],
          [
            -73.95651,
            40.77824
          ],
          [
            -73.95655,
            40.77819
          ],
          [
            -73.95659,
            40.77813
          ],
          [
            -73.95697,
            40.77761
          ],
          [
            -73.95701,
            40.77755
          ],
          [
            -73.95706,
            40.77749
          ],
          [
            -73.95722,
            40.77726
          ],
          [
            -73.95743,
            40.77697
          ],
          [
            -73.95747,
            40.77692
          ],
          [
            -73.95751,
            40.77686
          ],
          [
            -73.95789,
            40.77634
          ],
          [
            -73.95794,
            40.77628
          ],
          [
            -73.95798,
            40.77622
          ],
          [
            -73.95836,
            40.77571
          ],
          [
            -73.9584,
            40.77565
          ],
          [
            -73.95844,
            40.7756
          ],
          [
            -73.9586,
            40.77537
          ],
          [
            -73.95883,
            40.77506
          ],
          [
            -73.9589,
            40.77497
          ],
          [
            -73.95896,
            40.77488
          ],
          [
            -73.95896,
            40.77488
          ],
          [
            -73.95896,
            40.77488
          ],
          [
            -73.95896,
            40.77488
          ],
          [
            -73.95919,
            40.77457
          ],
          [
            -73.95935,
            40.77434
          ],
          [
            -73.9594,
            40.77428
          ],
          [
            -73.95943,
            40.77424
          ],
          [
            -73.95982,
            40.77371
          ],
          [
            -73.95985,
            40.77366
          ],
          [
            -73.9599,
            40.77359
          ],
          [
            -73.9601,
            40.77331
          ],
          [
            -73.96028,
            40.77307
          ],
          [
            -73.96032,
            40.77302
          ],
          [
            -73.96037,
            40.77295
          ],
          [
            -73.96074,
            40.77243
          ],
          [
            -73.96078,
            40.77238
          ],
          [
            -73.96082,
            40.77233
          ],
          [
            -73.96121,
            40.7718
          ],
          [
            -73.96125,
            40.77174
          ],
          [
            -73.96129,
            40.77169
          ],
          [
            -73.96167,
            40.77117
          ],
          [
            -73.96171,
            40.77111
          ],
          [
            -73.96175,
            40.77106
          ],
          [
            -73.96192,
            40.77083
          ],
          [
            -73.96214,
            40.77052
          ],
          [
            -73.96221,
            40.77043
          ],
          [
            -73.96228,
            40.77033
          ],
          [
            -73.96231,
            40.7703
          ],
          [
            -73.96231,
            40.7703
          ],
          [
            -73.96231,
            40.7703
          ],
          [
            -73.96267,
            40.7698
          ],
          [
            -73.9627,
            40.76975
          ],
          [
            -73.96275,
            40.76969
          ],
          [
            -73.96313,
            40.76917
          ],
          [
            -73.96317,
            40.76911
          ],
          [
            -73.96321,
            40.76906
          ],
          [
            -73.96358,
            40.76855
          ],
          [
            -73.96362,
            40.76849
          ],
          [
            -73.96366,
            40.76844
          ],
          [
            -73.96383,
            40.76821
          ],
          [
            -73.96404,
            40.76792
          ],
          [
            -73.96408,
            40.76787
          ],
          [
            -73.96412,
            40.76781
          ],
          [
            -73.9642,
            40.76769
          ],
          [
            -73.9642,
            40.76769
          ],
          [
            -73.9642,
            40.76769
          ],
          [
            -73.96449,
            40.76729
          ],
          [
            -73.96453,
            40.76724
          ],
          [
            -73.96457,
            40.76719
          ],
          [
            -73.96495,
            40.76666
          ],
          [
            -73.96499,
            40.76662
          ],
          [
            -73.96503,
            40.76656
          ],
          [
            -73.96541,
            40.76605
          ],
          [
            -73.96545,
            40.76599
          ],
          [
            -73.96549,
            40.76593
          ],
          [
            -73.96586,
            40.76542
          ],
          [
            -73.9659,
            40.76536
          ],
          [
            -73.96595,
            40.7653
          ],
          [
            -73.96632,
            40.7648
          ],
          [
            -73.96636,
            40.76474
          ],
          [
            -73.9664,
            40.76468
          ],
          [
            -73.96678,
            40.76417
          ],
          [
            -73.96682,
            40.76411
          ],
          [
            -73.96686,
            40.76405
          ],
          [
            -73.96723,
            40.76354
          ],
          [
            -73.96727,
            40.76349
          ],
          [
            -73.96732,
            40.76342
          ],
          [
            -73.96745,
            40.76324
          ],
          [
            -73.96768,
            40.76292
          ],
          [
            -73.96772,
            40.76287
          ],
          [
            -73.96777,
            40.7628
          ],
          [
            -73.96796,
            40.76256
          ],
          [
            -73.96815,
            40.76229
          ],
          [
            -73.96819,
            40.76223
          ],
          [
            -73.96823,
            40.76217
          ],
          [
            -73.96829,
            40.76209
          ],
          [
            -73.96829,
            40.76209
          ],
          [
            -73.96829,
            40.76209
          ],
          [
            -73.96844,
            40.76188
          ],
          [
            -73.9686,
            40.76167
          ],
          [
            -73.96864,
            40.76161
          ],
          [
            -73.96869,
            40.76154
          ],
          [
            -73.96906,
            40.76103
          ],
          [
            -73.96913,
            40.76093
          ],
          [
            -73.9692,
            40.76084
          ],
          [
            -73.96958,
            40.76031
          ],
          [
            -73.96962,
            40.76025
          ],
          [
            -73.96966,
            40.7602
          ],
          [
            -73.97003,
            40.75969
          ],
          [
            -73.97007,
            40.75964
          ],
          [
            -73.97011,
            40.75958
          ],
          [
            -73.97049,
            40.75906
          ],
          [
            -73.97053,
            40.759
          ],
          [
            -73.97058,
            40.75894
          ],
          [
            -73.97094,
            40.75845
          ],
          [
            -73.97099,
            40.75838
          ],
          [
            -73.97103,
            40.75832
          ],
          [
            -73.9714,
            40.75781
          ],
          [
            -73.97144,
            40.75776
          ],
          [
            -73.97149,
            40.75769
          ],
          [
            -73.97187,
            40.75718
          ],
          [
            -73.9719,
            40.75713
          ],
          [
            -73.97194,
            40.75707
          ],
          [
            -73.97228,
            40.75662
          ],
          [
            -73.97228,
            40.75662
          ],
          [
            -73.97228,
            40.75662
          ],
          [
            -73.97232,
            40.75656
          ],
          [
            -73.97236,
            40.7565
          ],
          [
            -73.9724,
            40.75644
          ],
          [
            -73.97278,
            40.75593
          ],
          [
            -73.97282,
            40.75587
          ],
          [
            -73.97286,
            40.75582
          ],
          [
            -73.97323,
            40.75531
          ],
          [
            -73.97327,
            40.75525
          ],
          [
            -73.97331,
            40.75519
          ],
          [
            -73.97369,
            40.75468
          ],
          [
            -73.97373,
            40.75461
          ],
          [
            -73.97377,
            40.75457
          ],
          [
            -73.97415,
            40.75405
          ],
          [
            -73.97419,
            40.75399
          ],
          [
            -73.97422,
            40.75395
          ],
          [
            -73.9746,
            40.75343
          ],
          [
            -73.97465,
            40.75337
          ],
          [
            -73.97469,
            40.75332
          ],
          [
            -73.97507,
            40.75279
          ],
          [
            -73.9751,
            40.75274
          ],
          [
            -73.97514,
            40.75269
          ],
          [
            -73.97552,
            40.75217
          ],
          [
            -73.97555,
            40.75212
          ],
          [
            -73.97559,
            40.75207
          ],
          [
            -73.97596,
            40.75157
          ],
          [
            -73.97599,
            40.75153
          ],
          [
            -73.97606,
            40.75144
          ],
          [
            -73.97606,
            40.75144
          ],
          [
            -73.97615,
            40.75148
          ],
          [
            -73.97621,
            40.7515
          ],
          [
            -73.97621,
            40.7515
          ],
          [
            -73.97621,
            40.7515
          ],
          [
            -73.97615,
            40.75148
          ],
          [
            -73.97606,
            40.75144
          ],
          [
            -73.97606,
            40.75144
          ],
          [
            -73.97612,
            40.75135
          ],
          [
            -73.97647,
            40.75088
          ],
          [
            -73.9765,
            40.75084
          ],
          [
            -73.97654,
            40.75079
          ],
          [
            -73.97658,
            40.75073
          ],
          [
            -73.9766,
            40.75071
          ],
          [
            -73.97692,
            40.75027
          ],
          [
            -73.97695,
            40.75022
          ],
          [
            -73.97699,
            40.75017
          ],
          [
            -73.97704,
            40.75011
          ],
          [
            -73.97737,
            40.74965
          ],
          [
            -73.9774,
            40.74961
          ],
          [
            -73.97744,
            40.74955
          ],
          [
            -73.97748,
            40.74949
          ],
          [
            -73.97782,
            40.74903
          ],
          [
            -73.97785,
            40.74899
          ],
          [
            -73.9779,
            40.74892
          ],
          [
            -73.97793,
            40.74888
          ],
          [
            -73.97827,
            40.74841
          ],
          [
            -73.9783,
            40.74837
          ],
          [
            -73.97834,
            40.74831
          ],
          [
            -73.97839,
            40.74826
          ],
          [
            -73.97867,
            40.74788
          ],
          [
            -73.97873,
            40.7478
          ],
          [
            -73.97876,
            40.74775
          ],
          [
            -73.9788,
            40.7477
          ],
          [
            -73.97884,
            40.74764
          ],
          [
            -73.97918,
            40.74718
          ],
          [
            -73.97921,
            40.74714
          ],
          [
            -73.97926,
            40.74708
          ],
          [
            -73.9793,
            40.74703
          ],
          [
            -73.97946,
            40.74679
          ],
          [
            -73.97963,
            40.74656
          ],
          [
            -73.97967,
            40.7465
          ],
          [
            -73.97974,
            40.74641
          ],
          [
            -73.97981,
            40.74632
          ],
          [
            -73.97985,
            40.74626
          ],
          [
            -73.97985,
            40.74626
          ],
          [
            -73.97985,
            40.74626
          ],
          [
            -73.98003,
            40.74602
          ],
          [
            -73.98015,
            40.74585
          ],
          [
            -73.98018,
            40.7458
          ],
          [
            -73.98022,
            40.74575
          ],
          [
            -73.98026,
            40.74569
          ],
          [
            -73.9806,
            40.74523
          ],
          [
            -73.98063,
            40.74519
          ],
          [
            -73.98067,
            40.74513
          ],
          [
            -73.98071,
            40.74507
          ],
          [
            -73.98105,
            40.7446
          ],
          [
            -73.98108,
            40.74456
          ],
          [
            -73.98112,
            40.74451
          ],
          [
            -73.98116,
            40.74445
          ],
          [
            -73.98149,
            40.74399
          ],
          [
            -73.98153,
            40.74394
          ],
          [
            -73.98157,
            40.74389
          ],
          [
            -73.98161,
            40.74383
          ],
          [
            -73.98195,
            40.74337
          ],
          [
            -73.98198,
            40.74333
          ],
          [
            -73.98201,
            40.74328
          ],
          [
            -73.98205,
            40.74322
          ],
          [
            -73.98239,
            40.74276
          ],
          [
            -73.98243,
            40.74271
          ],
          [
            -73.98247,
            40.74265
          ],
          [
            -73.98251,
            40.74259
          ],
          [
            -73.98284,
            40.74214
          ],
          [
            -73.98287,
            40.74209
          ],
          [
            -73.98291,
            40.74204
          ],
          [
            -73.98296,
            40.74198
          ],
          [
            -73.98329,
            40.74152
          ],
          [
            -73.98332,
            40.74148
          ],
          [
            -73.98337,
            40.74142
          ],
          [
            -73.98341,
            40.74136
          ],
          [
            -73.98374,
            40.7409
          ],
          [
            -73.98378,
            40.74086
          ],
          [
            -73.98382,
            40.7408
          ],
          [
            -73.98386,
            40.74074
          ],
          [
            -73.98387,
            40.74073
          ],
          [
            -73.98419,
            40.74028
          ],
          [
            -73.98423,
            40.74024
          ],
          [
            -73.98427,
            40.74018
          ],
          [
            -73.98427,
            40.74018
          ],
          [
            -73.98416,
            40.74013
          ],
          [
            -73.98297,
            40.73963
          ],
          [
            -73.9828,
            40.73956
          ],
          [
            -73.98267,
            40.7395
          ],
          [
            -73.98267,
            40.7395
          ],
          [
            -73.98271,
            40.73945
          ],
          [
            -73.98274,
            40.7394
          ],
          [
            -73.98304,
            40.73899
          ],
          [
            -73.98306,
            40.73895
          ],
          [
            -73.98306,
            40.73895
          ],
          [
            -73.98306,
            40.73895
          ],
          [
            -73.98308,
            40.73894
          ],
          [
            -73.98315,
            40.73884
          ],
          [
            -73.98323,
            40.73874
          ],
          [
            -73.98326,
            40.73869
          ],
          [
            -73.98357,
            40.73827
          ],
          [
            -73.9836,
            40.73822
          ],
          [
            -73.98364,
            40.73817
          ],
          [
            -73.98368,
            40.73811
          ],
          [
            -73.98371,
            40.73808
          ],
          [
            -73.98401,
            40.73766
          ],
          [
            -73.98405,
            40.73761
          ],
          [
            -73.98408,
            40.73756
          ],
          [
            -73.98413,
            40.7375
          ],
          [
            -73.98416,
            40.73745
          ],
          [
            -73.98444,
            40.73707
          ],
          [
            -73.98447,
            40.73703
          ],
          [
            -73.98451,
            40.73697
          ],
          [
            -73.98455,
            40.73691
          ],
          [
            -73.98459,
            40.73687
          ],
          [
            -73.98487,
            40.73648
          ],
          [
            -73.9849,
            40.73644
          ],
          [
            -73.98494,
            40.73638
          ],
          [
            -73.98499,
            40.73632
          ],
          [
            -73.98502,
            40.73628
          ],
          [
            -73.98529,
            40.7359
          ],
          [
            -73.98533,
            40.73586
          ],
          [
            -73.98537,
            40.7358
          ],
          [
            -73.98541,
            40.73574
          ],
          [
            -73.98544,
            40.7357
          ],
          [
            -73.98573,
            40.73531
          ],
          [
            -73.98575,
            40.73527
          ],
          [
            -73.98579,
            40.73521
          ],
          [
            -73.98584,
            40.73516
          ],
          [
            -73.98586,
            40.73512
          ],
          [
            -73.98615,
            40.73472
          ],
          [
            -73.98618,
            40.73468
          ],
          [
            -73.98622,
            40.73462
          ],
          [
            -73.98626,
            40.73457
          ],
          [
            -73.98629,
            40.73453
          ],
          [
            -73.98662,
            40.73409
          ],
          [
            -73.98664,
            40.73404
          ],
          [
            -73.98669,
            40.73398
          ],
          [
            -73.98673,
            40.73393
          ],
          [
            -73.98676,
            40.73388
          ],
          [
            -73.98686,
            40.73375
          ],
          [
            -73.98697,
            40.7336
          ],
          [
            -73.98708,
            40.73344
          ],
          [
            -73.98712,
            40.73339
          ],
          [
            -73.98719,
            40.7333
          ],
          [
            -73.98725,
            40.7332
          ],
          [
            -73.98729,
            40.73315
          ],
          [
            -73.98745,
            40.73294
          ],
          [
            -73.98745,
            40.73294
          ]
        ]
      }
    },
    {
      "type": "Feature",
      "properties": {
        "route_id": "M101-S-Morning",
        "layer": "T2 Original"
      },
      "geometry": {
        "type": "LineString",
        "coordinates": [
          [
            -73.92788,
            40.85701
          ],
          [
            -73.92793,
            40.85699
          ],
          [
            -73.92813,
            40.85687
          ],
          [
            -73.92827,
            40.8568
          ],
          [
            -73.92827,
            40.8568
          ],
          [
            -73.92831,
            40.85675
          ],
          [
            -73.92833,
            40.85672
          ],
          [
            -73.92837,
            40.85667
          ],
          [
            -73.92841,
            40.85661
          ],
          [
            -73.92851,
            40.85648
          ],
          [
            -73.92853,
            40.85644
          ],
          [
            -73.92862,
            40.85631
          ],
          [
            -73.92867,
            40.85624
          ],
          [
            -73.92872,
            40.85618
          ],
          [
            -73.92876,
            40.85613
          ],
          [
            -73.92913,
            40.85561
          ],
          [
            -73.92918,
            40.85555
          ],
          [
            -73.92921,
            40.85551
          ],
          [
            -73.92936,
            40.8553
          ],
          [
            -73.92959,
            40.85499
          ],
          [
            -73.92964,
            40.85491
          ],
          [
            -73.92964,
            40.85491
          ],
          [
            -73.92952,
            40.85486
          ],
          [
            -73.92836,
            40.85437
          ],
          [
            -73.92829,
            40.85434
          ],
          [
            -73.92825,
            40.85432
          ],
          [
            -73.92816,
            40.85428
          ],
          [
            -73.92694,
            40.85377
          ],
          [
            -73.92684,
            40.85373
          ],
          [
            -73.92681,
            40.85372
          ],
          [
            -73.92681,
            40.85372
          ],
          [
            -73.92686,
            40.85364
          ],
          [
            -73.92702,
            40.85342
          ],
          [
            -73.92702,
            40.85342
          ],
          [
            -73.92702,
            40.85342
          ],
          [
            -73.9272,
            40.85317
          ],
          [
            -73.92724,
            40.85312
          ],
          [
            -73.92728,
            40.85306
          ],
          [
            -73.92739,
            40.85292
          ],
          [
            -73.92749,
            40.85278
          ],
          [
            -73.92766,
            40.85255
          ],
          [
            -73.9277,
            40.8525
          ],
          [
            -73.92774,
            40.85243
          ],
          [
            -73.9279,
            40.85222
          ],
          [
            -73.9279,
            40.85222
          ],
          [
            -73.9279,
            40.85222
          ],
          [
            -73.92811,
            40.85193
          ],
          [
            -73.92816,
            40.85187
          ],
          [
            -73.92821,
            40.8518
          ],
          [
            -73.92825,
            40.85174
          ],
          [
            -73.92841,
            40.85152
          ],
          [
            -73.92862,
            40.85124
          ],
          [
            -73.92865,
            40.85119
          ],
          [
            -73.92871,
            40.85113
          ],
          [
            -73.9289,
            40.85093
          ],
          [
            -73.92914,
            40.8506
          ],
          [
            -73.92914,
            40.8506
          ],
          [
            -73.92914,
            40.8506
          ],
          [
            -73.92916,
            40.85057
          ],
          [
            -73.9292,
            40.85053
          ],
          [
            -73.92925,
            40.85045
          ],
          [
            -73.9296,
            40.84998
          ],
          [
            -73.92962,
            40.84995
          ],
          [
            -73.92964,
            40.84992
          ],
          [
            -73.92971,
            40.84975
          ],
          [
            -73.92974,
            40.84971
          ],
          [
            -73.92976,
            40.84966
          ],
          [
            -73.92985,
            40.84954
          ],
          [
            -73.92985,
            40.84954
          ],
          [
            -73.92985,
            40.84954
          ],
          [
            -73.92996,
            40.84939
          ],
          [
            -73.93002,
            40.84932
          ],
          [
            -73.93004,
            40.84929
          ],
          [
            -73.93008,
            40.84923
          ],
          [
            -73.93031,
            40.84892
          ],
          [
            -73.9304,
            40.8488
          ],
          [
            -73.93043,
            40.84876
          ],
          [
            -73.93047,
            40.8487
          ],
          [
            -73.93051,
            40.84864
          ],
          [
            -73.93062,
            40.8485
          ],
          [
            -73.9307,
            40.84839
          ],
          [
            -73.93079,
            40.84825
          ],
          [
            -73.93082,
            40.84822
          ],
          [
            -73.93082,
            40.84822
          ],
          [
            -73.93082,
            40.84822
          ],
          [
            -73.93088,
            40.84814
          ],
          [
            -73.93096,
            40.84803
          ],
          [
            -73.93111,
            40.84782
          ],
          [
            -73.93117,
            40.84775
          ],
          [
            -73.93117,
            40.84774
          ],
          [
            -73.93135,
            40.84749
          ],
          [
            -73.9314,
            40.84743
          ],
          [
            -73.93144,
            40.84738
          ],
          [
            -73.93162,
            40.84713
          ],
          [
            -73.93181,
            40.84687
          ],
          [
            -73.93185,
            40.84681
          ],
          [
            -73.93189,
            40.84675
          ],
          [
            -73.93208,
            40.8465
          ],
          [
            -73.93228,
            40.84623
          ],
          [
            -73.93233,
            40.84616
          ],
          [
            -73.93238,
            40.84609
          ],
          [
            -73.93255,
            40.84586
          ],
          [
            -73.93255,
            40.84586
          ],
          [
            -73.93255,
            40.84586
          ],
          [
            -73.93275,
            40.84559
          ],
          [
            -73.93278,
            40.84554
          ],
          [
            -73.93283,
            40.84548
          ],
          [
            -73.93284,
            40.84546
          ],
          [
            -73.9332,
            40.84496
          ],
          [
            -73.93324,
            40.84491
          ],
          [
            -73.93328,
            40.84486
          ],
          [
            -73.93365,
            40.84435
          ],
          [
            -73.93372,
            40.84425
          ],
          [
            -73.9338,
            40.84414
          ],
          [
            -73.93398,
            40.84389
          ],
          [
            -73.93405,
            40.8438
          ],
          [
            -73.93405,
            40.8438
          ],
          [
            -73.93405,
            40.8438
          ],
          [
            -73.93416,
            40.84365
          ],
          [
            -73.93421,
            40.84358
          ],
          [
            -73.93425,
            40.84352
          ],
          [
            -73.93442,
            40.8433
          ],
          [
            -73.93462,
            40.84302
          ],
          [
            -73.93468,
            40.84294
          ],
          [
            -73.93473,
            40.84288
          ],
          [
            -73.93488,
            40.84265
          ],
          [
            -73.93503,
            40.84244
          ],
          [
            -73.93509,
            40.84235
          ],
          [
            -73.93512,
            40.8423
          ],
          [
            -73.93516,
            40.84225
          ],
          [
            -73.93533,
            40.84202
          ],
          [
            -73.93533,
            40.84202
          ],
          [
            -73.93533,
            40.84202
          ],
          [
            -73.93538,
            40.84195
          ],
          [
            -73.93553,
            40.84175
          ],
          [
            -73.93557,
            40.8417
          ],
          [
            -73.9356,
            40.84165
          ],
          [
            -73.93565,
            40.84158
          ],
          [
            -73.9358,
            40.84138
          ],
          [
            -73.93598,
            40.84114
          ],
          [
            -73.93601,
            40.84109
          ],
          [
            -73.93604,
            40.84106
          ],
          [
            -73.93608,
            40.84099
          ],
          [
            -73.93631,
            40.84068
          ],
          [
            -73.93634,
            40.84064
          ],
          [
            -73.93634,
            40.84064
          ],
          [
            -73.93634,
            40.84064
          ],
          [
            -73.93642,
            40.84053
          ],
          [
            -73.93646,
            40.84048
          ],
          [
            -73.9365,
            40.84042
          ],
          [
            -73.93667,
            40.84019
          ],
          [
            -73.93678,
            40.84003
          ],
          [
            -73.93685,
            40.83994
          ],
          [
            -73.93691,
            40.83986
          ],
          [
            -73.93696,
            40.8398
          ],
          [
            -73.93716,
            40.83952
          ],
          [
            -73.93716,
            40.83952
          ],
          [
            -73.93716,
            40.83952
          ],
          [
            -73.93717,
            40.83951
          ],
          [
            -73.93721,
            40.83946
          ],
          [
            -73.93734,
            40.8393
          ],
          [
            -73.93735,
            40.83928
          ],
          [
            -73.93736,
            40.83927
          ],
          [
            -73.93739,
            40.83922
          ],
          [
            -73.93753,
            40.83902
          ],
          [
            -73.93756,
            40.83899
          ],
          [
            -73.93773,
            40.83874
          ],
          [
            -73.93775,
            40.83871
          ],
          [
            -73.93777,
            40.83868
          ],
          [
            -73.93783,
            40.83861
          ],
          [
            -73.93791,
            40.83849
          ],
          [
            -73.93805,
            40.8383
          ],
          [
            -73.93818,
            40.83812
          ],
          [
            -73.93827,
            40.838
          ],
          [
            -73.93835,
            40.83788
          ],
          [
            -73.9384,
            40.83782
          ],
          [
            -73.9386,
            40.83758
          ],
          [
            -73.9386,
            40.83758
          ],
          [
            -73.9386,
            40.83758
          ],
          [
            -73.93862,
            40.83755
          ],
          [
            -73.93881,
            40.8373
          ],
          [
            -73.93886,
            40.83724
          ],
          [
            -73.93889,
            40.83719
          ],
          [
            -73.93929,
            40.83664
          ],
          [
            -73.93934,
            40.83658
          ],
          [
            -73.93939,
            40.83651
          ],
          [
            -73.93956,
            40.83628
          ],
          [
            -73.93971,
            40.83607
          ],
          [
            -73.93981,
            40.83593
          ],
          [
            -73.93984,
            40.83589
          ],
          [
            -73.93988,
            40.83582
          ],
          [
            -73.93993,
            40.83576
          ],
          [
            -73.94006,
            40.83556
          ],
          [
            -73.9401,
            40.8355
          ],
          [
            -73.9401,
            40.8355
          ],
          [
            -73.9401,
            40.8355
          ],
          [
            -73.94016,
            40.83542
          ],
          [
            -73.9402,
            40.83536
          ],
          [
            -73.94024,
            40.8353
          ],
          [
            -73.94061,
            40.83479
          ],
          [
            -73.94065,
            40.83473
          ],
          [
            -73.94069,
            40.83467
          ],
          [
            -73.94106,
            40.83417
          ],
          [
            -73.94111,
            40.83411
          ],
          [
            -73.94115,
            40.83406
          ],
          [
            -73.94152,
            40.83355
          ],
          [
            -73.94157,
            40.83348
          ],
          [
            -73.94161,
            40.83343
          ],
          [
            -73.94169,
            40.83332
          ],
          [
            -73.94169,
            40.83332
          ],
          [
            -73.94169,
            40.83332
          ],
          [
            -73.94198,
            40.83292
          ],
          [
            -73.94201,
            40.83288
          ],
          [
            -73.94206,
            40.83281
          ],
          [
            -73.94244,
            40.83229
          ],
          [
            -73.94248,
            40.83223
          ],
          [
            -73.94252,
            40.83218
          ],
          [
            -73.94273,
            40.8319
          ],
          [
            -73.94273,
            40.8319
          ],
          [
            -73.94273,
            40.8319
          ],
          [
            -73.9429,
            40.83166
          ],
          [
            -73.94297,
            40.83157
          ],
          [
            -73.94305,
            40.83146
          ],
          [
            -73.94342,
            40.83095
          ],
          [
            -73.94346,
            40.83089
          ],
          [
            -73.9435,
            40.83084
          ],
          [
            -73.94388,
            40.83032
          ],
          [
            -73.94391,
            40.83027
          ],
          [
            -73.94396,
            40.83021
          ],
          [
            -73.94409,
            40.83003
          ],
          [
            -73.94432,
            40.82972
          ],
          [
            -73.94432,
            40.82972
          ],
          [
            -73.94432,
            40.82972
          ],
          [
            -73.94433,
            40.8297
          ],
          [
            -73.94437,
            40.82964
          ],
          [
            -73.94441,
            40.82959
          ],
          [
            -73.9448,
            40.82906
          ],
          [
            -73.94483,
            40.82902
          ],
          [
            -73.94487,
            40.82897
          ],
          [
            -73.945,
            40.82878
          ],
          [
            -73.94509,
            40.82866
          ],
          [
            -73.94511,
            40.82863
          ],
          [
            -73.94524,
            40.82846
          ],
          [
            -73.94528,
            40.8284
          ],
          [
            -73.94532,
            40.82835
          ],
          [
            -73.94555,
            40.82803
          ],
          [
            -73.94555,
            40.82803
          ],
          [
            -73.94555,
            40.82803
          ],
          [
            -73.94569,
            40.82784
          ],
          [
            -73.94573,
            40.82778
          ],
          [
            -73.94577,
            40.82773
          ],
          [
            -73.94615,
            40.82721
          ],
          [
            -73.94619,
            40.82715
          ],
          [
            -73.94623,
            40.8271
          ],
          [
            -73.94639,
            40.82688
          ],
          [
            -73.94639,
            40.82688
          ],
          [
            -73.94639,
            40.82688
          ],
          [
            -73.94661,
            40.82659
          ],
          [
            -73.94665,
            40.82653
          ],
          [
            -73.94669,
            40.82648
          ],
          [
            -73.94706,
            40.82596
          ],
          [
            -73.94711,
            40.8259
          ],
          [
            -73.94714,
            40.82585
          ],
          [
            -73.94752,
            40.82534
          ],
          [
            -73.9476,
            40.82524
          ],
          [
            -73.94767,
            40.82514
          ],
          [
            -73.94782,
            40.82492
          ],
          [
            -73.94782,
            40.82492
          ],
          [
            -73.94782,
            40.82492
          ],
          [
            -73.94804,
            40.82462
          ],
          [
            -73.94809,
            40.82455
          ],
          [
            -73.94812,
            40.82451
          ],
          [
            -73.9485,
            40.82399
          ],
          [
            -73.94854,
            40.82394
          ],
          [
            -73.94858,
            40.82389
          ],
          [
            -73.94879,
            40.8236
          ],
          [
            -73.94879,
            40.8236
          ],
          [
            -73.94879,
            40.8236
          ],
          [
            -73.94895,
            40.82337
          ],
          [
            -73.94899,
            40.82332
          ],
          [
            -73.94904,
            40.82326
          ],
          [
            -73.94941,
            40.82275
          ],
          [
            -73.94946,
            40.82268
          ],
          [
            -73.9495,
            40.82263
          ],
          [
            -73.94986,
            40.82213
          ],
          [
            -73.94991,
            40.82206
          ],
          [
            -73.94995,
            40.82201
          ],
          [
            -73.95018,
            40.82169
          ],
          [
            -73.95018,
            40.82169
          ],
          [
            -73.95018,
            40.82169
          ],
          [
            -73.95032,
            40.82151
          ],
          [
            -73.95036,
            40.82144
          ],
          [
            -73.9504,
            40.82139
          ],
          [
            -73.95078,
            40.82087
          ],
          [
            -73.95081,
            40.82082
          ],
          [
            -73.95087,
            40.82075
          ],
          [
            -73.95108,
            40.82046
          ],
          [
            -73.95108,
            40.82046
          ],
          [
            -73.95108,
            40.82046
          ],
          [
            -73.9513,
            40.82016
          ],
          [
            -73.95168,
            40.81964
          ],
          [
            -73.95173,
            40.81957
          ],
          [
            -73.95178,
            40.81951
          ],
          [
            -73.95216,
            40.81901
          ],
          [
            -73.95217,
            40.81899
          ],
          [
            -73.95221,
            40.81893
          ],
          [
            -73.95226,
            40.81887
          ],
          [
            -73.95227,
            40.81886
          ],
          [
            -73.95244,
            40.81861
          ],
          [
            -73.95247,
            40.81858
          ],
          [
            -73.95247,
            40.81858
          ],
          [
            -73.95247,
            40.81858
          ],
          [
            -73.95269,
            40.81827
          ],
          [
            -73.95272,
            40.81823
          ],
          [
            -73.95277,
            40.81817
          ],
          [
            -73.95295,
            40.81792
          ],
          [
            -73.95312,
            40.81767
          ],
          [
            -73.95318,
            40.81759
          ],
          [
            -73.95322,
            40.81753
          ],
          [
            -73.95379,
            40.81676
          ],
          [
            -73.95402,
            40.81643
          ],
          [
            -73.95408,
            40.81636
          ],
          [
            -73.95411,
            40.81631
          ],
          [
            -73.95436,
            40.81598
          ],
          [
            -73.95436,
            40.81598
          ],
          [
            -73.95436,
            40.81598
          ],
          [
            -73.9545,
            40.81579
          ],
          [
            -73.95454,
            40.81574
          ],
          [
            -73.95458,
            40.81569
          ],
          [
            -73.95466,
            40.81558
          ],
          [
            -73.95495,
            40.81517
          ],
          [
            -73.955,
            40.81511
          ],
          [
            -73.95504,
            40.81506
          ],
          [
            -73.95519,
            40.81484
          ],
          [
            -73.95519,
            40.81484
          ],
          [
            -73.95519,
            40.81484
          ],
          [
            -73.95524,
            40.81477
          ],
          [
            -73.9554,
            40.81454
          ],
          [
            -73.95544,
            40.81448
          ],
          [
            -73.95549,
            40.81442
          ],
          [
            -73.95565,
            40.81421
          ],
          [
            -73.9557,
            40.81414
          ],
          [
            -73.95576,
            40.81406
          ],
          [
            -73.95579,
            40.81402
          ],
          [
            -73.9561,
            40.81362
          ],
          [
            -73.95618,
            40.8135
          ],
          [
            -73.95627,
            40.81338
          ],
          [
            -73.95627,
            40.81338
          ],
          [
            -73.95618,
            40.81328
          ],
          [
            -73.95574,
            40.81276
          ],
          [
            -73.95563,
            40.81264
          ],
          [
            -73.95563,
            40.81264
          ],
          [
            -73.95563,
            40.81264
          ],
          [
            -73.95528,
            40.81223
          ],
          [
            -73.95522,
            40.81216
          ],
          [
            -73.95509,
            40.81201
          ],
          [
            -73.955,
            40.81192
          ],
          [
            -73.955,
            40.81191
          ],
          [
            -73.95497,
            40.81188
          ],
          [
            -73.95489,
            40.8118
          ],
          [
            -73.95483,
            40.81173
          ],
          [
            -73.9548,
            40.81171
          ],
          [
            -73.95475,
            40.81168
          ],
          [
            -73.95469,
            40.81166
          ],
          [
            -73.95416,
            40.81143
          ],
          [
            -73.95416,
            40.81143
          ],
          [
            -73.95416,
            40.81143
          ],
          [
            -73.95414,
            40.81142
          ],
          [
            -73.95401,
            40.81137
          ],
          [
            -73.95389,
            40.81132
          ],
          [
            -73.95358,
            40.81118
          ],
          [
            -73.95317,
            40.81101
          ],
          [
            -73.95273,
            40.81083
          ],
          [
            -73.95259,
            40.81077
          ],
          [
            -73.95246,
            40.81071
          ],
          [
            -73.95219,
            40.8106
          ],
          [
            -73.95188,
            40.81047
          ],
          [
            -73.95177,
            40.81042
          ],
          [
            -73.95177,
            40.81042
          ],
          [
            -73.95177,
            40.81042
          ],
          [
            -73.95176,
            40.81042
          ],
          [
            -73.95131,
            40.81023
          ],
          [
            -73.95118,
            40.81018
          ],
          [
            -73.95105,
            40.81012
          ],
          [
            -73.95067,
            40.80996
          ],
          [
            -73.95067,
            40.80996
          ],
          [
            -73.95067,
            40.80996
          ],
          [
            -73.94987,
            40.80962
          ],
          [
            -73.94979,
            40.80959
          ],
          [
            -73.94973,
            40.80957
          ],
          [
            -73.94853,
            40.80906
          ],
          [
            -73.9484,
            40.80901
          ],
          [
            -73.94825,
            40.80894
          ],
          [
            -73.94813,
            40.80889
          ],
          [
            -73.94801,
            40.80884
          ],
          [
            -73.9478,
            40.80875
          ],
          [
            -73.9478,
            40.80875
          ],
          [
            -73.9478,
            40.80875
          ],
          [
            -73.94769,
            40.80871
          ],
          [
            -73.94696,
            40.8084
          ],
          [
            -73.94691,
            40.80838
          ],
          [
            -73.94686,
            40.80836
          ],
          [
            -73.94567,
            40.80785
          ],
          [
            -73.94557,
            40.80781
          ],
          [
            -73.94541,
            40.80775
          ],
          [
            -73.94533,
            40.80771
          ],
          [
            -73.94499,
            40.80757
          ],
          [
            -73.94499,
            40.80757
          ],
          [
            -73.94499,
            40.80757
          ],
          [
            -73.94481,
            40.80749
          ],
          [
            -73.94425,
            40.80726
          ],
          [
            -73.94389,
            40.8071
          ],
          [
            -73.94383,
            40.80708
          ],
          [
            -73.94378,
            40.80706
          ],
          [
            -73.94269,
            40.8066
          ],
          [
            -73.9426,
            40.80656
          ],
          [
            -73.94237,
            40.80646
          ],
          [
            -73.94227,
            40.80642
          ],
          [
            -73.94217,
            40.80638
          ],
          [
            -73.94191,
            40.80627
          ],
          [
            -73.94183,
            40.80624
          ],
          [
            -73.94183,
            40.80624
          ],
          [
            -73.94183,
            40.80623
          ],
          [
            -73.941,
            40.80589
          ],
          [
            -73.94076,
            40.80579
          ],
          [
            -73.94064,
            40.80574
          ],
          [
            -73.94055,
            40.8057
          ],
          [
            -73.94027,
            40.80558
          ],
          [
            -73.94027,
            40.80558
          ],
          [
            -73.94027,
            40.80558
          ],
          [
            -73.94013,
            40.80552
          ],
          [
            -73.9397,
            40.80534
          ],
          [
            -73.93924,
            40.80515
          ],
          [
            -73.93918,
            40.80512
          ],
          [
            -73.93904,
            40.80506
          ],
          [
            -73.93889,
            40.805
          ],
          [
            -73.93885,
            40.80498
          ],
          [
            -73.93858,
            40.80487
          ],
          [
            -73.93855,
            40.80485
          ],
          [
            -73.93855,
            40.80485
          ],
          [
            -73.93855,
            40.80485
          ],
          [
            -73.93788,
            40.80457
          ],
          [
            -73.93753,
            40.80442
          ],
          [
            -73.93743,
            40.80438
          ],
          [
            -73.93743,
            40.80438
          ],
          [
            -73.93749,
            40.8043
          ],
          [
            -73.9378,
            40.80387
          ],
          [
            -73.9378,
            40.80387
          ],
          [
            -73.9378,
            40.80387
          ],
          [
            -73.93785,
            40.8038
          ],
          [
            -73.93788,
            40.80377
          ],
          [
            -73.93792,
            40.80371
          ],
          [
            -73.93796,
            40.80365
          ],
          [
            -73.93834,
            40.80314
          ],
          [
            -73.93838,
            40.80308
          ],
          [
            -73.93842,
            40.80302
          ],
          [
            -73.9388,
            40.80251
          ],
          [
            -73.93884,
            40.80245
          ],
          [
            -73.93888,
            40.8024
          ],
          [
            -73.93908,
            40.80212
          ],
          [
            -73.93926,
            40.80187
          ],
          [
            -73.9393,
            40.80182
          ],
          [
            -73.93933,
            40.80177
          ],
          [
            -73.93971,
            40.80125
          ],
          [
            -73.93976,
            40.80119
          ],
          [
            -73.9398,
            40.80113
          ],
          [
            -73.94017,
            40.80062
          ],
          [
            -73.94021,
            40.80057
          ],
          [
            -73.94026,
            40.80051
          ],
          [
            -73.94049,
            40.80019
          ],
          [
            -73.94063,
            40.8
          ],
          [
            -73.94067,
            40.79994
          ],
          [
            -73.94071,
            40.79988
          ],
          [
            -73.9411,
            40.79936
          ],
          [
            -73.94113,
            40.79931
          ],
          [
            -73.94117,
            40.79926
          ],
          [
            -73.94155,
            40.79873
          ],
          [
            -73.94162,
            40.79863
          ],
          [
            -73.94169,
            40.79854
          ],
          [
            -73.94197,
            40.79816
          ],
          [
            -73.94199,
            40.79814
          ],
          [
            -73.94199,
            40.79814
          ],
          [
            -73.94199,
            40.79814
          ],
          [
            -73.94208,
            40.79801
          ],
          [
            -73.94212,
            40.79795
          ],
          [
            -73.94217,
            40.79789
          ],
          [
            -73.94254,
            40.79738
          ],
          [
            -73.943,
            40.79675
          ],
          [
            -73.94306,
            40.79667
          ],
          [
            -73.94344,
            40.79615
          ],
          [
            -73.94349,
            40.79608
          ],
          [
            -73.94354,
            40.79602
          ],
          [
            -73.94391,
            40.7955
          ],
          [
            -73.94395,
            40.79545
          ],
          [
            -73.944,
            40.79538
          ],
          [
            -73.94437,
            40.79487
          ],
          [
            -73.94442,
            40.79481
          ],
          [
            -73.94445,
            40.79476
          ],
          [
            -73.94471,
            40.7944
          ],
          [
            -73.94483,
            40.79424
          ],
          [
            -73.94487,
            40.79418
          ],
          [
            -73.94491,
            40.79413
          ],
          [
            -73.94529,
            40.79362
          ],
          [
            -73.94533,
            40.79356
          ],
          [
            -73.94537,
            40.7935
          ],
          [
            -73.94575,
            40.79299
          ],
          [
            -73.94579,
            40.79293
          ],
          [
            -73.94583,
            40.79288
          ],
          [
            -73.94622,
            40.79235
          ],
          [
            -73.94629,
            40.79225
          ],
          [
            -73.94636,
            40.79216
          ],
          [
            -73.9465,
            40.79195
          ],
          [
            -73.94655,
            40.79188
          ],
          [
            -73.94655,
            40.79188
          ],
          [
            -73.94655,
            40.79188
          ],
          [
            -73.94674,
            40.79163
          ],
          [
            -73.94678,
            40.79158
          ],
          [
            -73.94682,
            40.79152
          ],
          [
            -73.94719,
            40.791
          ],
          [
            -73.94723,
            40.79095
          ],
          [
            -73.94727,
            40.79089
          ],
          [
            -73.94751,
            40.79057
          ],
          [
            -73.94765,
            40.79038
          ],
          [
            -73.94769,
            40.79032
          ],
          [
            -73.94773,
            40.79027
          ],
          [
            -73.94811,
            40.78975
          ],
          [
            -73.94816,
            40.78969
          ],
          [
            -73.94819,
            40.78964
          ],
          [
            -73.94824,
            40.78957
          ],
          [
            -73.94835,
            40.78942
          ],
          [
            -73.9484,
            40.78935
          ],
          [
            -73.94857,
            40.78912
          ],
          [
            -73.94861,
            40.78906
          ],
          [
            -73.94865,
            40.78901
          ],
          [
            -73.94896,
            40.78857
          ],
          [
            -73.94903,
            40.78849
          ],
          [
            -73.94907,
            40.78843
          ],
          [
            -73.9491,
            40.78838
          ],
          [
            -73.94919,
            40.78826
          ],
          [
            -73.94919,
            40.78826
          ],
          [
            -73.94919,
            40.78826
          ],
          [
            -73.94922,
            40.78821
          ],
          [
            -73.94929,
            40.78812
          ],
          [
            -73.94942,
            40.78797
          ],
          [
            -73.94949,
            40.78787
          ],
          [
            -73.94953,
            40.78781
          ],
          [
            -73.94956,
            40.78775
          ],
          [
            -73.94963,
            40.78766
          ],
          [
            -73.94987,
            40.78733
          ],
          [
            -73.94994,
            40.78723
          ],
          [
            -73.94998,
            40.78718
          ],
          [
            -73.95002,
            40.78712
          ],
          [
            -73.9504,
            40.7866
          ],
          [
            -73.95044,
            40.78655
          ],
          [
            -73.95047,
            40.7865
          ],
          [
            -73.95086,
            40.78597
          ],
          [
            -73.95093,
            40.78588
          ],
          [
            -73.95101,
            40.78577
          ],
          [
            -73.95125,
            40.78545
          ],
          [
            -73.95125,
            40.78545
          ],
          [
            -73.95125,
            40.78545
          ],
          [
            -73.95139,
            40.78526
          ],
          [
            -73.95143,
            40.7852
          ],
          [
            -73.95147,
            40.78515
          ],
          [
            -73.95185,
            40.78463
          ],
          [
            -73.95189,
            40.78457
          ],
          [
            -73.95193,
            40.78451
          ],
          [
            -73.95231,
            40.784
          ],
          [
            -73.95235,
            40.78394
          ],
          [
            -73.95238,
            40.78389
          ],
          [
            -73.95276,
            40.78337
          ],
          [
            -73.95281,
            40.78331
          ],
          [
            -73.95284,
            40.78326
          ],
          [
            -73.95322,
            40.78275
          ],
          [
            -73.95326,
            40.78269
          ],
          [
            -73.9533,
            40.78263
          ],
          [
            -73.95368,
            40.78212
          ],
          [
            -73.95372,
            40.78206
          ],
          [
            -73.95376,
            40.782
          ],
          [
            -73.95414,
            40.78149
          ],
          [
            -73.95418,
            40.78143
          ],
          [
            -73.95422,
            40.78138
          ],
          [
            -73.95433,
            40.78123
          ],
          [
            -73.95459,
            40.78086
          ],
          [
            -73.95463,
            40.78081
          ],
          [
            -73.95468,
            40.78075
          ],
          [
            -73.95484,
            40.78052
          ],
          [
            -73.95505,
            40.78024
          ],
          [
            -73.95509,
            40.78018
          ],
          [
            -73.95514,
            40.78012
          ],
          [
            -73.95531,
            40.77988
          ],
          [
            -73.95552,
            40.7796
          ],
          [
            -73.95558,
            40.77951
          ],
          [
            -73.95566,
            40.77941
          ],
          [
            -73.95566,
            40.77939
          ],
          [
            -73.95566,
            40.77939
          ],
          [
            -73.95566,
            40.77939
          ],
          [
            -73.95602,
            40.77892
          ],
          [
            -73.95604,
            40.77888
          ],
          [
            -73.95608,
            40.77882
          ],
          [
            -73.95613,
            40.77876
          ],
          [
            -73.95651,
            40.77824
          ],
          [
            -73.95655,
            40.77819
          ],
          [
            -73.95659,
            40.77813
          ],
          [
            -73.95697,
            40.77761
          ],
          [
            -73.95701,
            40.77755
          ],
          [
            -73.95706,
            40.77749
          ],
          [
            -73.95722,
            40.77726
          ],
          [
            -73.95743,
            40.77697
          ],
          [
            -73.95747,
            40.77692
          ],
          [
            -73.95751,
            40.77686
          ],
          [
            -73.95789,
            40.77634
          ],
          [
            -73.95794,
            40.77628
          ],
          [
            -73.95798,
            40.77622
          ],
          [
            -73.95836,
            40.77571
          ],
          [
            -73.9584,
            40.77565
          ],
          [
            -73.95844,
            40.7756
          ],
          [
            -73.9586,
            40.77537
          ],
          [
            -73.95883,
            40.77506
          ],
          [
            -73.9589,
            40.77497
          ],
          [
            -73.95896,
            40.77488
          ],
          [
            -73.95896,
            40.77488
          ],
          [
            -73.95896,
            40.77488
          ],
          [
            -73.95896,
            40.77488
          ],
          [
            -73.95919,
            40.77457
          ],
          [
            -73.95935,
            40.77434
          ],
          [
            -73.9594,
            40.77428
          ],
          [
            -73.95943,
            40.77424
          ],
          [
            -73.95982,
            40.77371
          ],
          [
            -73.95985,
            40.77366
          ],
          [
            -73.9599,
            40.77359
          ],
          [
            -73.9601,
            40.77331
          ],
          [
            -73.96028,
            40.77307
          ],
          [
            -73.96032,
            40.77302
          ],
          [
            -73.96037,
            40.77295
          ],
          [
            -73.96074,
            40.77243
          ],
          [
            -73.96078,
            40.77238
          ],
          [
            -73.96082,
            40.77233
          ],
          [
            -73.96121,
            40.7718
          ],
          [
            -73.96125,
            40.77174
          ],
          [
            -73.96129,
            40.77169
          ],
          [
            -73.96167,
            40.77117
          ],
          [
            -73.96171,
            40.77111
          ],
          [
            -73.96175,
            40.77106
          ],
          [
            -73.96192,
            40.77083
          ],
          [
            -73.96214,
            40.77052
          ],
          [
            -73.96221,
            40.77043
          ],
          [
            -73.96228,
            40.77033
          ],
          [
            -73.96231,
            40.7703
          ],
          [
            -73.96231,
            40.7703
          ],
          [
            -73.96231,
            40.7703
          ],
          [
            -73.96267,
            40.7698
          ],
          [
            -73.9627,
            40.76975
          ],
          [
            -73.96275,
            40.76969
          ],
          [
            -73.96313,
            40.76917
          ],
          [
            -73.96317,
            40.76911
          ],
          [
            -73.96321,
            40.76906
          ],
          [
            -73.96358,
            40.76855
          ],
          [
            -73.96362,
            40.76849
          ],
          [
            -73.96366,
            40.76844
          ],
          [
            -73.96383,
            40.76821
          ],
          [
            -73.96404,
            40.76792
          ],
          [
            -73.96408,
            40.76787
          ],
          [
            -73.96412,
            40.76781
          ],
          [
            -73.9642,
            40.76769
          ],
          [
            -73.9642,
            40.76769
          ],
          [
            -73.9642,
            40.76769
          ],
          [
            -73.96449,
            40.76729
          ],
          [
            -73.96453,
            40.76724
          ],
          [
            -73.96457,
            40.76719
          ],
          [
            -73.96495,
            40.76666
          ],
          [
            -73.96499,
            40.76662
          ],
          [
            -73.96503,
            40.76656
          ],
          [
            -73.96541,
            40.76605
          ],
          [
            -73.96545,
            40.76599
          ],
          [
            -73.96549,
            40.76593
          ],
          [
            -73.96586,
            40.76542
          ],
          [
            -73.9659,
            40.76536
          ],
          [
            -73.96595,
            40.7653
          ],
          [
            -73.96632,
            40.7648
          ],
          [
            -73.96636,
            40.76474
          ],
          [
            -73.9664,
            40.76468
          ],
          [
            -73.96678,
            40.76417
          ],
          [
            -73.96682,
            40.76411
          ],
          [
            -73.96686,
            40.76405
          ],
          [
            -73.96705,
            40.7638
          ],
          [
            -73.96705,
            40.7638
          ],
          [
            -73.96705,
            40.7638
          ],
          [
            -73.96723,
            40.76354
          ],
          [
            -73.96727,
            40.76349
          ],
          [
            -73.96732,
            40.76342
          ],
          [
            -73.96745,
            40.76324
          ],
          [
            -73.96768,
            40.76292
          ],
          [
            -73.96772,
            40.76287
          ],
          [
            -73.96777,
            40.7628
          ],
          [
            -73.96796,
            40.76256
          ],
          [
            -73.96815,
            40.76229
          ],
          [
            -73.96819,
            40.76223
          ],
          [
            -73.96823,
            40.76217
          ],
          [
            -73.96829,
            40.76209
          ],
          [
            -73.96829,
            40.76209
          ],
          [
            -73.96829,
            40.76209
          ],
          [
            -73.96844,
            40.76188
          ],
          [
            -73.9686,
            40.76167
          ],
          [
            -73.96864,
            40.76161
          ],
          [
            -73.96869,
            40.76154
          ],
          [
            -73.96906,
            40.76103
          ],
          [
            -73.96913,
            40.76093
          ],
          [
            -73.9692,
            40.76084
          ],
          [
            -73.96958,
            40.76031
          ],
          [
            -73.96962,
            40.76025
          ],
          [
            -73.96966,
            40.7602
          ],
          [
            -73.96968,
            40.76017
          ],
          [
            -73.96968,
            40.76017
          ],
          [
            -73.96968,
            40.76017
          ],
          [
            -73.97003,
            40.75969
          ],
          [
            -73.97007,
            40.75964
          ],
          [
            -73.97011,
            40.75958
          ],
          [
            -73.97049,
            40.75906
          ],
          [
            -73.97053,
            40.759
          ],
          [
            -73.97058,
            40.75894
          ],
          [
            -73.97094,
            40.75845
          ],
          [
            -73.97099,
            40.75838
          ],
          [
            -73.97103,
            40.75832
          ],
          [
            -73.97125,
            40.75803
          ],
          [
            -73.97125,
            40.75803
          ],
          [
            -73.97125,
            40.75803
          ],
          [
            -73.9714,
            40.75781
          ],
          [
            -73.97144,
            40.75776
          ],
          [
            -73.97149,
            40.75769
          ],
          [
            -73.97187,
            40.75718
          ],
          [
            -73.9719,
            40.75713
          ],
          [
            -73.97194,
            40.75707
          ],
          [
            -73.97228,
            40.75662
          ],
          [
            -73.97228,
            40.75662
          ],
          [
            -73.97228,
            40.75662
          ],
          [
            -73.97232,
            40.75656
          ],
          [
            -73.97236,
            40.7565
          ],
          [
            -73.9724,
            40.75644
          ],
          [
            -73.97278,
            40.75593
          ],
          [
            -73.97282,
            40.75587
          ],
          [
            -73.97286,
            40.75582
          ],
          [
            -73.97323,
            40.75531
          ],
          [
            -73.97327,
            40.75525
          ],
          [
            -73.97331,
            40.75519
          ],
          [
            -73.97369,
            40.75468
          ],
          [
            -73.97373,
            40.75461
          ],
          [
            -73.97377,
            40.75457
          ],
          [
            -73.97409,
            40.75413
          ],
          [
            -73.97409,
            40.75413
          ],
          [
            -73.97409,
            40.75413
          ],
          [
            -73.97415,
            40.75405
          ],
          [
            -73.97419,
            40.75399
          ],
          [
            -73.97422,
            40.75395
          ],
          [
            -73.9746,
            40.75343
          ],
          [
            -73.97465,
            40.75337
          ],
          [
            -73.97469,
            40.75332
          ],
          [
            -73.97507,
            40.75279
          ],
          [
            -73.9751,
            40.75274
          ],
          [
            -73.97514,
            40.75269
          ],
          [
            -73.97552,
            40.75217
          ],
          [
            -73.97555,
            40.75212
          ],
          [
            -73.97559,
            40.75207
          ],
          [
            -73.97596,
            40.75157
          ],
          [
            -73.97599,
            40.75153
          ],
          [
            -73.97606,
            40.75144
          ],
          [
            -73.97606,
            40.75144
          ],
          [
            -73.97615,
            40.75148
          ],
          [
            -73.97621,
            40.7515
          ],
          [
            -73.97621,
            40.7515
          ],
          [
            -73.97621,
            40.7515
          ],
          [
            -73.97615,
            40.75148
          ],
          [
            -73.97606,
            40.75144
          ],
          [
            -73.97606,
            40.75144
          ],
          [
            -73.97612,
            40.75135
          ],
          [
            -73.97647,
            40.75088
          ],
          [
            -73.9765,
            40.75084
          ],
          [
            -73.97654,
            40.75079
          ],
          [
            -73.97658,
            40.75073
          ],
          [
            -73.9766,
            40.75071
          ],
          [
            -73.97692,
            40.75027
          ],
          [
            -73.97695,
            40.75022
          ],
          [
            -73.97699,
            40.75017
          ],
          [
            -73.97704,
            40.75011
          ],
          [
            -73.97737,
            40.74965
          ],
          [
            -73.9774,
            40.74961
          ],
          [
            -73.97744,
            40.74955
          ],
          [
            -73.97748,
            40.74949
          ],
          [
            -73.97782,
            40.74903
          ],
          [
            -73.97785,
            40.74899
          ],
          [
            -73.9779,
            40.74892
          ],
          [
            -73.97793,
            40.74888
          ],
          [
            -73.97827,
            40.74841
          ],
          [
            -73.9783,
            40.74837
          ],
          [
            -73.97834,
            40.74831
          ],
          [
            -73.97839,
            40.74826
          ],
          [
            -73.97867,
            40.74788
          ],
          [
            -73.97873,
            40.7478
          ],
          [
            -73.97876,
            40.74775
          ],
          [
            -73.9788,
            40.7477
          ],
          [
            -73.97884,
            40.74764
          ],
          [
            -73.97918,
            40.74718
          ],
          [
            -73.97921,
            40.74714
          ],
          [
            -73.97926,
            40.74708
          ],
          [
            -73.9793,
            40.74703
          ],
          [
            -73.97946,
            40.74679
          ],
          [
            -73.97963,
            40.74656
          ],
          [
            -73.97967,
            40.7465
          ],
          [
            -73.97974,
            40.74641
          ],
          [
            -73.97981,
            40.74632
          ],
          [
            -73.97985,
            40.74626
          ],
          [
            -73.97985,
            40.74626
          ],
          [
            -73.97985,
            40.74626
          ],
          [
            -73.98003,
            40.74602
          ],
          [
            -73.98015,
            40.74585
          ],
          [
            -73.98018,
            40.7458
          ],
          [
            -73.98022,
            40.74575
          ],
          [
            -73.98026,
            40.74569
          ],
          [
            -73.9806,
            40.74523
          ],
          [
            -73.98063,
            40.74519
          ],
          [
            -73.98067,
            40.74513
          ],
          [
            -73.98071,
            40.74507
          ],
          [
            -73.98105,
            40.7446
          ],
          [
            -73.98108,
            40.74456
          ],
          [
            -73.98112,
            40.74451
          ],
          [
            -73.98116,
            40.74445
          ],
          [
            -73.98149,
            40.74399
          ],
          [
            -73.98153,
            40.74394
          ],
          [
            -73.98157,
            40.74389
          ],
          [
            -73.98161,
            40.74383
          ],
          [
            -73.98195,
            40.74337
          ],
          [
            -73.98198,
            40.74333
          ],
          [
            -73.98201,
            40.74328
          ],
          [
            -73.98205,
            40.74322
          ],
          [
            -73.98239,
            40.74276
          ],
          [
            -73.98243,
            40.74271
          ],
          [
            -73.98247,
            40.74265
          ],
          [
            -73.98251,
            40.74259
          ],
          [
            -73.98284,
            40.74214
          ],
          [
            -73.98287,
            40.74209
          ],
          [
            -73.98291,
            40.74204
          ],
          [
            -73.98296,
            40.74198
          ],
          [
            -73.98329,
            40.74152
          ],
          [
            -73.98332,
            40.74148
          ],
          [
            -73.98337,
            40.74142
          ],
          [
            -73.98341,
            40.74136
          ],
          [
            -73.98374,
            40.7409
          ],
          [
            -73.98378,
            40.74086
          ],
          [
            -73.98382,
            40.7408
          ],
          [
            -73.98386,
            40.74074
          ],
          [
            -73.98387,
            40.74073
          ],
          [
            -73.98419,
            40.74028
          ],
          [
            -73.98423,
            40.74024
          ],
          [
            -73.98427,
            40.74018
          ],
          [
            -73.98427,
            40.74018
          ],
          [
            -73.98416,
            40.74013
          ],
          [
            -73.98297,
            40.73963
          ],
          [
            -73.9828,
            40.73956
          ],
          [
            -73.98267,
            40.7395
          ],
          [
            -73.98267,
            40.7395
          ],
          [
            -73.98271,
            40.73945
          ],
          [
            -73.98274,
            40.7394
          ],
          [
            -73.98304,
            40.73899
          ],
          [
            -73.98306,
            40.73895
          ],
          [
            -73.98306,
            40.73895
          ],
          [
            -73.98306,
            40.73895
          ],
          [
            -73.98308,
            40.73894
          ],
          [
            -73.98315,
            40.73884
          ],
          [
            -73.98323,
            40.73874
          ],
          [
            -73.98326,
            40.73869
          ],
          [
            -73.98357,
            40.73827
          ],
          [
            -73.9836,
            40.73822
          ],
          [
            -73.98364,
            40.73817
          ],
          [
            -73.98368,
            40.73811
          ],
          [
            -73.98371,
            40.73808
          ],
          [
            -73.98401,
            40.73766
          ],
          [
            -73.98405,
            40.73761
          ],
          [
            -73.98408,
            40.73756
          ],
          [
            -73.98413,
            40.7375
          ],
          [
            -73.98416,
            40.73745
          ],
          [
            -73.98444,
            40.73707
          ],
          [
            -73.98447,
            40.73703
          ],
          [
            -73.98451,
            40.73697
          ],
          [
            -73.98455,
            40.73691
          ],
          [
            -73.98459,
            40.73687
          ],
          [
            -73.98487,
            40.73648
          ],
          [
            -73.9849,
            40.73644
          ],
          [
            -73.98494,
            40.73638
          ],
          [
            -73.98499,
            40.73632
          ],
          [
            -73.98502,
            40.73628
          ],
          [
            -73.98529,
            40.7359
          ],
          [
            -73.98533,
            40.73586
          ],
          [
            -73.98537,
            40.7358
          ],
          [
            -73.98541,
            40.73574
          ],
          [
            -73.98544,
            40.7357
          ],
          [
            -73.98573,
            40.73531
          ],
          [
            -73.98575,
            40.73527
          ],
          [
            -73.98579,
            40.73521
          ],
          [
            -73.98584,
            40.73516
          ],
          [
            -73.98586,
            40.73512
          ],
          [
            -73.98615,
            40.73472
          ],
          [
            -73.98618,
            40.73468
          ],
          [
            -73.98622,
            40.73462
          ],
          [
            -73.98626,
            40.73457
          ],
          [
            -73.98629,
            40.73453
          ],
          [
            -73.98662,
            40.73409
          ],
          [
            -73.98664,
            40.73404
          ],
          [
            -73.98669,
            40.73398
          ],
          [
            -73.98673,
            40.73393
          ],
          [
            -73.98676,
            40.73388
          ],
          [
            -73.98686,
            40.73375
          ],
          [
            -73.98697,
            40.7336
          ],
          [
            -73.98708,
            40.73344
          ],
          [
            -73.98712,
            40.73339
          ],
          [
            -73.98719,
            40.7333
          ],
          [
            -73.98725,
            40.7332
          ],
          [
            -73.98729,
            40.73315
          ],
          [
            -73.98745,
            40.73294
          ],
          [
            -73.98745,
            40.73294
          ],
          [
            -73.98745,
            40.73293
          ],
          [
            -73.98761,
            40.73271
          ],
          [
            -73.98765,
            40.73267
          ],
          [
            -73.98768,
            40.73262
          ],
          [
            -73.98773,
            40.73255
          ],
          [
            -73.98776,
            40.73251
          ],
          [
            -73.98808,
            40.73207
          ],
          [
            -73.98812,
            40.73202
          ],
          [
            -73.98816,
            40.73197
          ],
          [
            -73.9882,
            40.73191
          ],
          [
            -73.98823,
            40.73187
          ],
          [
            -73.98854,
            40.73143
          ],
          [
            -73.98858,
            40.73139
          ],
          [
            -73.98862,
            40.73133
          ],
          [
            -73.98866,
            40.73127
          ],
          [
            -73.9887,
            40.73123
          ],
          [
            -73.98899,
            40.73083
          ],
          [
            -73.98902,
            40.73078
          ],
          [
            -73.98906,
            40.73073
          ],
          [
            -73.9891,
            40.73067
          ],
          [
            -73.98913,
            40.73063
          ],
          [
            -73.98916,
            40.73059
          ],
          [
            -73.98941,
            40.73025
          ],
          [
            -73.98945,
            40.7302
          ],
          [
            -73.98948,
            40.73015
          ],
          [
            -73.98953,
            40.73009
          ],
          [
            -73.98956,
            40.73004
          ],
          [
            -73.98969,
            40.72986
          ],
          [
            -73.98982,
            40.72968
          ],
          [
            -73.98985,
            40.72964
          ],
          [
            -73.98991,
            40.72957
          ],
          [
            -73.98991,
            40.72957
          ],
          [
            -73.98996,
            40.7295
          ],
          [
            -73.98999,
            40.72945
          ],
          [
            -73.99022,
            40.72913
          ],
          [
            -73.99024,
            40.72911
          ],
          [
            -73.99024,
            40.72911
          ]
        ]
      }
    },
    {
      "type": "Feature",
      "properties": {
        "route_id": "M101-S-Morning",
        "layer": "T2 Optimal"
      },
      "geometry": {
        "type": "LineString",
        "coordinates": [
          [
            -73.92702,
            40.85342
          ],
          [
            -73.9272,
            40.85317
          ],
          [
            -73.92724,
            40.85312
          ],
          [
            -73.92728,
            40.85306
          ],
          [
            -73.92739,
            40.85292
          ],
          [
            -73.92749,
            40.85278
          ],
          [
            -73.92766,
            40.85255
          ],
          [
            -73.9277,
            40.8525
          ],
          [
            -73.92774,
            40.85243
          ],
          [
            -73.9279,
            40.85222
          ],
          [
            -73.9279,
            40.85222
          ],
          [
            -73.9279,
            40.85222
          ],
          [
            -73.92811,
            40.85193
          ],
          [
            -73.92816,
            40.85187
          ],
          [
            -73.92821,
            40.8518
          ],
          [
            -73.92825,
            40.85174
          ],
          [
            -73.92841,
            40.85152
          ],
          [
            -73.92862,
            40.85124
          ],
          [
            -73.92865,
            40.85119
          ],
          [
            -73.92871,
            40.85113
          ],
          [
            -73.9289,
            40.85093
          ],
          [
            -73.92914,
            40.8506
          ],
          [
            -73.92914,
            40.8506
          ],
          [
            -73.92914,
            40.8506
          ],
          [
            -73.92916,
            40.85057
          ],
          [
            -73.9292,
            40.85053
          ],
          [
            -73.92925,
            40.85045
          ],
          [
            -73.9296,
            40.84998
          ],
          [
            -73.92962,
            40.84995
          ],
          [
            -73.92964,
            40.84992
          ],
          [
            -73.92971,
            40.84975
          ],
          [
            -73.92974,
            40.84971
          ],
          [
            -73.92976,
            40.84966
          ],
          [
            -73.92985,
            40.84954
          ],
          [
            -73.92985,
            40.84954
          ],
          [
            -73.92985,
            40.84954
          ],
          [
            -73.92996,
            40.84939
          ],
          [
            -73.93002,
            40.84932
          ],
          [
            -73.93004,
            40.84929
          ],
          [
            -73.93008,
            40.84923
          ],
          [
            -73.93031,
            40.84892
          ],
          [
            -73.9304,
            40.8488
          ],
          [
            -73.93043,
            40.84876
          ],
          [
            -73.93047,
            40.8487
          ],
          [
            -73.93051,
            40.84864
          ],
          [
            -73.93062,
            40.8485
          ],
          [
            -73.9307,
            40.84839
          ],
          [
            -73.93079,
            40.84825
          ],
          [
            -73.93082,
            40.84822
          ],
          [
            -73.93082,
            40.84822
          ],
          [
            -73.93082,
            40.84822
          ],
          [
            -73.93088,
            40.84814
          ],
          [
            -73.93096,
            40.84803
          ],
          [
            -73.93111,
            40.84782
          ],
          [
            -73.93117,
            40.84775
          ],
          [
            -73.93117,
            40.84774
          ],
          [
            -73.93135,
            40.84749
          ],
          [
            -73.9314,
            40.84743
          ],
          [
            -73.93144,
            40.84738
          ],
          [
            -73.93162,
            40.84713
          ],
          [
            -73.93181,
            40.84687
          ],
          [
            -73.93185,
            40.84681
          ],
          [
            -73.93189,
            40.84675
          ],
          [
            -73.93208,
            40.8465
          ],
          [
            -73.93228,
            40.84623
          ],
          [
            -73.93233,
            40.84616
          ],
          [
            -73.93238,
            40.84609
          ],
          [
            -73.93255,
            40.84586
          ],
          [
            -73.93255,
            40.84586
          ],
          [
            -73.93255,
            40.84586
          ],
          [
            -73.93275,
            40.84559
          ],
          [
            -73.93278,
            40.84554
          ],
          [
            -73.93283,
            40.84548
          ],
          [
            -73.93284,
            40.84546
          ],
          [
            -73.9332,
            40.84496
          ],
          [
            -73.93324,
            40.84491
          ],
          [
            -73.93328,
            40.84486
          ],
          [
            -73.93365,
            40.84435
          ],
          [
            -73.93372,
            40.84425
          ],
          [
            -73.9338,
            40.84414
          ],
          [
            -73.93398,
            40.84389
          ],
          [
            -73.93405,
            40.8438
          ],
          [
            -73.93405,
            40.8438
          ],
          [
            -73.93405,
            40.8438
          ],
          [
            -73.93416,
            40.84365
          ],
          [
            -73.93421,
            40.84358
          ],
          [
            -73.93425,
            40.84352
          ],
          [
            -73.93442,
            40.8433
          ],
          [
            -73.93462,
            40.84302
          ],
          [
            -73.93468,
            40.84294
          ],
          [
            -73.93473,
            40.84288
          ],
          [
            -73.93488,
            40.84265
          ],
          [
            -73.93503,
            40.84244
          ],
          [
            -73.93509,
            40.84235
          ],
          [
            -73.93512,
            40.8423
          ],
          [
            -73.93516,
            40.84225
          ],
          [
            -73.93533,
            40.84202
          ],
          [
            -73.93533,
            40.84202
          ],
          [
            -73.93533,
            40.84202
          ],
          [
            -73.93538,
            40.84195
          ],
          [
            -73.93553,
            40.84175
          ],
          [
            -73.93557,
            40.8417
          ],
          [
            -73.9356,
            40.84165
          ],
          [
            -73.93565,
            40.84158
          ],
          [
            -73.9358,
            40.84138
          ],
          [
            -73.93598,
            40.84114
          ],
          [
            -73.93601,
            40.84109
          ],
          [
            -73.93604,
            40.84106
          ],
          [
            -73.93608,
            40.84099
          ],
          [
            -73.93631,
            40.84068
          ],
          [
            -73.93634,
            40.84064
          ],
          [
            -73.93634,
            40.84064
          ],
          [
            -73.93634,
            40.84064
          ],
          [
            -73.93642,
            40.84053
          ],
          [
            -73.93646,
            40.84048
          ],
          [
            -73.9365,
            40.84042
          ],
          [
            -73.93667,
            40.84019
          ],
          [
            -73.93678,
            40.84003
          ],
          [
            -73.93685,
            40.83994
          ],
          [
            -73.93691,
            40.83986
          ],
          [
            -73.93696,
            40.8398
          ],
          [
            -73.93716,
            40.83952
          ],
          [
            -73.93716,
            40.83952
          ],
          [
            -73.93716,
            40.83952
          ],
          [
            -73.93717,
            40.83951
          ],
          [
            -73.93721,
            40.83946
          ],
          [
            -73.93734,
            40.8393
          ],
          [
            -73.93735,
            40.83928
          ],
          [
            -73.93736,
            40.83927
          ],
          [
            -73.93739,
            40.83922
          ],
          [
            -73.93753,
            40.83902
          ],
          [
            -73.93756,
            40.83899
          ],
          [
            -73.93773,
            40.83874
          ],
          [
            -73.93775,
            40.83871
          ],
          [
            -73.93777,
            40.83868
          ],
          [
            -73.93783,
            40.83861
          ],
          [
            -73.93791,
            40.83849
          ],
          [
            -73.93805,
            40.8383
          ],
          [
            -73.93818,
            40.83812
          ],
          [
            -73.93827,
            40.838
          ],
          [
            -73.93835,
            40.83788
          ],
          [
            -73.9384,
            40.83782
          ],
          [
            -73.9386,
            40.83758
          ],
          [
            -73.9386,
            40.83758
          ],
          [
            -73.9386,
            40.83758
          ],
          [
            -73.93862,
            40.83755
          ],
          [
            -73.93881,
            40.8373
          ],
          [
            -73.93886,
            40.83724
          ],
          [
            -73.93889,
            40.83719
          ],
          [
            -73.93929,
            40.83664
          ],
          [
            -73.93934,
            40.83658
          ],
          [
            -73.93939,
            40.83651
          ],
          [
            -73.93956,
            40.83628
          ],
          [
            -73.93971,
            40.83607
          ],
          [
            -73.93981,
            40.83593
          ],
          [
            -73.93984,
            40.83589
          ],
          [
            -73.93988,
            40.83582
          ],
          [
            -73.93993,
            40.83576
          ],
          [
            -73.94006,
            40.83556
          ],
          [
            -73.9401,
            40.8355
          ],
          [
            -73.9401,
            40.8355
          ],
          [
            -73.9401,
            40.8355
          ],
          [
            -73.94016,
            40.83542
          ],
          [
            -73.9402,
            40.83536
          ],
          [
            -73.94024,
            40.8353
          ],
          [
            -73.94061,
            40.83479
          ],
          [
            -73.94065,
            40.83473
          ],
          [
            -73.94069,
            40.83467
          ],
          [
            -73.94106,
            40.83417
          ],
          [
            -73.94111,
            40.83411
          ],
          [
            -73.94115,
            40.83406
          ],
          [
            -73.94152,
            40.83355
          ],
          [
            -73.94157,
            40.83348
          ],
          [
            -73.94161,
            40.83343
          ],
          [
            -73.94169,
            40.83332
          ],
          [
            -73.94169,
            40.83332
          ],
          [
            -73.94169,
            40.83332
          ],
          [
            -73.94198,
            40.83292
          ],
          [
            -73.94201,
            40.83288
          ],
          [
            -73.94206,
            40.83281
          ],
          [
            -73.94244,
            40.83229
          ],
          [
            -73.94248,
            40.83223
          ],
          [
            -73.94252,
            40.83218
          ],
          [
            -73.94273,
            40.8319
          ],
          [
            -73.94273,
            40.8319
          ],
          [
            -73.94273,
            40.8319
          ],
          [
            -73.9429,
            40.83166
          ],
          [
            -73.94297,
            40.83157
          ],
          [
            -73.94305,
            40.83146
          ],
          [
            -73.94342,
            40.83095
          ],
          [
            -73.94346,
            40.83089
          ],
          [
            -73.9435,
            40.83084
          ],
          [
            -73.94388,
            40.83032
          ],
          [
            -73.94391,
            40.83027
          ],
          [
            -73.94396,
            40.83021
          ],
          [
            -73.94409,
            40.83003
          ],
          [
            -73.94432,
            40.82972
          ],
          [
            -73.94432,
            40.82972
          ],
          [
            -73.94432,
            40.82972
          ],
          [
            -73.94433,
            40.8297
          ],
          [
            -73.94437,
            40.82964
          ],
          [
            -73.94441,
            40.82959
          ],
          [
            -73.9448,
            40.82906
          ],
          [
            -73.94483,
            40.82902
          ],
          [
            -73.94487,
            40.82897
          ],
          [
            -73.945,
            40.82878
          ],
          [
            -73.94509,
            40.82866
          ],
          [
            -73.94511,
            40.82863
          ],
          [
            -73.94524,
            40.82846
          ],
          [
            -73.94528,
            40.8284
          ],
          [
            -73.94532,
            40.82835
          ],
          [
            -73.94555,
            40.82803
          ],
          [
            -73.94555,
            40.82803
          ],
          [
            -73.94555,
            40.82803
          ],
          [
            -73.94569,
            40.82784
          ],
          [
            -73.94573,
            40.82778
          ],
          [
            -73.94577,
            40.82773
          ],
          [
            -73.94615,
            40.82721
          ],
          [
            -73.94619,
            40.82715
          ],
          [
            -73.94623,
            40.8271
          ],
          [
            -73.94639,
            40.82688
          ],
          [
            -73.94639,
            40.82688
          ],
          [
            -73.94639,
            40.82688
          ],
          [
            -73.94661,
            40.82659
          ],
          [
            -73.94665,
            40.82653
          ],
          [
            -73.94669,
            40.82648
          ],
          [
            -73.94706,
            40.82596
          ],
          [
            -73.94711,
            40.8259
          ],
          [
            -73.94714,
            40.82585
          ],
          [
            -73.94752,
            40.82534
          ],
          [
            -73.9476,
            40.82524
          ],
          [
            -73.94767,
            40.82514
          ],
          [
            -73.94782,
            40.82492
          ],
          [
            -73.94782,
            40.82492
          ],
          [
            -73.94782,
            40.82492
          ],
          [
            -73.94804,
            40.82462
          ],
          [
            -73.94809,
            40.82455
          ],
          [
            -73.94812,
            40.82451
          ],
          [
            -73.9485,
            40.82399
          ],
          [
            -73.94854,
            40.82394
          ],
          [
            -73.94858,
            40.82389
          ],
          [
            -73.94879,
            40.8236
          ],
          [
            -73.94879,
            40.8236
          ],
          [
            -73.94879,
            40.8236
          ],
          [
            -73.94895,
            40.82337
          ],
          [
            -73.94899,
            40.82332
          ],
          [
            -73.94904,
            40.82326
          ],
          [
            -73.94941,
            40.82275
          ],
          [
            -73.94946,
            40.82268
          ],
          [
            -73.9495,
            40.82263
          ],
          [
            -73.94986,
            40.82213
          ],
          [
            -73.94991,
            40.82206
          ],
          [
            -73.94995,
            40.82201
          ],
          [
            -73.95018,
            40.82169
          ],
          [
            -73.95018,
            40.82169
          ],
          [
            -73.95018,
            40.82169
          ],
          [
            -73.95032,
            40.82151
          ],
          [
            -73.95036,
            40.82144
          ],
          [
            -73.9504,
            40.82139
          ],
          [
            -73.95078,
            40.82087
          ],
          [
            -73.95081,
            40.82082
          ],
          [
            -73.95087,
            40.82075
          ],
          [
            -73.95108,
            40.82046
          ],
          [
            -73.95108,
            40.82046
          ],
          [
            -73.95108,
            40.82046
          ],
          [
            -73.9513,
            40.82016
          ],
          [
            -73.95168,
            40.81964
          ],
          [
            -73.95173,
            40.81957
          ],
          [
            -73.95178,
            40.81951
          ],
          [
            -73.95216,
            40.81901
          ],
          [
            -73.95217,
            40.81899
          ],
          [
            -73.95221,
            40.81893
          ],
          [
            -73.95226,
            40.81887
          ],
          [
            -73.95227,
            40.81886
          ],
          [
            -73.95244,
            40.81861
          ],
          [
            -73.95247,
            40.81858
          ],
          [
            -73.95247,
            40.81858
          ],
          [
            -73.95247,
            40.81858
          ],
          [
            -73.95269,
            40.81827
          ],
          [
            -73.95272,
            40.81823
          ],
          [
            -73.95277,
            40.81817
          ],
          [
            -73.95295,
            40.81792
          ],
          [
            -73.95312,
            40.81767
          ],
          [
            -73.95318,
            40.81759
          ],
          [
            -73.95322,
            40.81753
          ],
          [
            -73.95379,
            40.81676
          ],
          [
            -73.95402,
            40.81643
          ],
          [
            -73.95408,
            40.81636
          ],
          [
            -73.95411,
            40.81631
          ],
          [
            -73.95436,
            40.81598
          ],
          [
            -73.95436,
            40.81598
          ],
          [
            -73.95436,
            40.81598
          ],
          [
            -73.9545,
            40.81579
          ],
          [
            -73.95454,
            40.81574
          ],
          [
            -73.95458,
            40.81569
          ],
          [
            -73.95466,
            40.81558
          ],
          [
            -73.95495,
            40.81517
          ],
          [
            -73.955,
            40.81511
          ],
          [
            -73.95504,
            40.81506
          ],
          [
            -73.95519,
            40.81484
          ],
          [
            -73.95519,
            40.81484
          ],
          [
            -73.95519,
            40.81484
          ],
          [
            -73.95524,
            40.81477
          ],
          [
            -73.9554,
            40.81454
          ],
          [
            -73.95544,
            40.81448
          ],
          [
            -73.95549,
            40.81442
          ],
          [
            -73.95565,
            40.81421
          ],
          [
            -73.9557,
            40.81414
          ],
          [
            -73.95576,
            40.81406
          ],
          [
            -73.95579,
            40.81402
          ],
          [
            -73.9561,
            40.81362
          ],
          [
            -73.95618,
            40.8135
          ],
          [
            -73.95627,
            40.81338
          ],
          [
            -73.95627,
            40.81338
          ],
          [
            -73.95618,
            40.81328
          ],
          [
            -73.95574,
            40.81276
          ],
          [
            -73.95563,
            40.81264
          ],
          [
            -73.95563,
            40.81264
          ],
          [
            -73.95563,
            40.81264
          ],
          [
            -73.95528,
            40.81223
          ],
          [
            -73.95522,
            40.81216
          ],
          [
            -73.95509,
            40.81201
          ],
          [
            -73.955,
            40.81192
          ],
          [
            -73.955,
            40.81191
          ],
          [
            -73.95497,
            40.81188
          ],
          [
            -73.95489,
            40.8118
          ],
          [
            -73.95483,
            40.81173
          ],
          [
            -73.9548,
            40.81171
          ],
          [
            -73.95475,
            40.81168
          ],
          [
            -73.95469,
            40.81166
          ],
          [
            -73.95416,
            40.81143
          ],
          [
            -73.95416,
            40.81143
          ],
          [
            -73.95416,
            40.81143
          ],
          [
            -73.95414,
            40.81142
          ],
          [
            -73.95401,
            40.81137
          ],
          [
            -73.95389,
            40.81132
          ],
          [
            -73.95358,
            40.81118
          ],
          [
            -73.95317,
            40.81101
          ],
          [
            -73.95273,
            40.81083
          ],
          [
            -73.95259,
            40.81077
          ],
          [
            -73.95246,
            40.81071
          ],
          [
            -73.95219,
            40.8106
          ],
          [
            -73.95188,
            40.81047
          ],
          [
            -73.95177,
            40.81042
          ],
          [
            -73.95177,
            40.81042
          ],
          [
            -73.95177,
            40.81042
          ],
          [
            -73.95176,
            40.81042
          ],
          [
            -73.95131,
            40.81023
          ],
          [
            -73.95118,
            40.81018
          ],
          [
            -73.95105,
            40.81012
          ],
          [
            -73.95067,
            40.80996
          ],
          [
            -73.95067,
            40.80996
          ],
          [
            -73.95067,
            40.80996
          ],
          [
            -73.94987,
            40.80962
          ],
          [
            -73.94979,
            40.80959
          ],
          [
            -73.94973,
            40.80957
          ],
          [
            -73.94853,
            40.80906
          ],
          [
            -73.9484,
            40.80901
          ],
          [
            -73.94825,
            40.80894
          ],
          [
            -73.94813,
            40.80889
          ],
          [
            -73.94801,
            40.80884
          ],
          [
            -73.9478,
            40.80875
          ],
          [
            -73.9478,
            40.80875
          ],
          [
            -73.9478,
            40.80875
          ],
          [
            -73.94769,
            40.80871
          ],
          [
            -73.94696,
            40.8084
          ],
          [
            -73.94691,
            40.80838
          ],
          [
            -73.94686,
            40.80836
          ],
          [
            -73.94567,
            40.80785
          ],
          [
            -73.94557,
            40.80781
          ],
          [
            -73.94541,
            40.80775
          ],
          [
            -73.94533,
            40.80771
          ],
          [
            -73.94499,
            40.80757
          ],
          [
            -73.94499,
            40.80757
          ],
          [
            -73.94499,
            40.80757
          ],
          [
            -73.94481,
            40.80749
          ],
          [
            -73.94425,
            40.80726
          ],
          [
            -73.94389,
            40.8071
          ],
          [
            -73.94383,
            40.80708
          ],
          [
            -73.94378,
            40.80706
          ],
          [
            -73.94269,
            40.8066
          ],
          [
            -73.9426,
            40.80656
          ],
          [
            -73.94237,
            40.80646
          ],
          [
            -73.94227,
            40.80642
          ],
          [
            -73.94217,
            40.80638
          ],
          [
            -73.94191,
            40.80627
          ],
          [
            -73.94183,
            40.80624
          ],
          [
            -73.94183,
            40.80624
          ],
          [
            -73.94183,
            40.80623
          ],
          [
            -73.941,
            40.80589
          ],
          [
            -73.94076,
            40.80579
          ],
          [
            -73.94064,
            40.80574
          ],
          [
            -73.94055,
            40.8057
          ],
          [
            -73.94027,
            40.80558
          ],
          [
            -73.94027,
            40.80558
          ],
          [
            -73.94027,
            40.80558
          ],
          [
            -73.94013,
            40.80552
          ],
          [
            -73.9397,
            40.80534
          ],
          [
            -73.93924,
            40.80515
          ],
          [
            -73.93918,
            40.80512
          ],
          [
            -73.93904,
            40.80506
          ],
          [
            -73.93889,
            40.805
          ],
          [
            -73.93885,
            40.80498
          ],
          [
            -73.93858,
            40.80487
          ],
          [
            -73.93855,
            40.80485
          ],
          [
            -73.93855,
            40.80485
          ],
          [
            -73.93855,
            40.80485
          ],
          [
            -73.93788,
            40.80457
          ],
          [
            -73.93753,
            40.80442
          ],
          [
            -73.93743,
            40.80438
          ],
          [
            -73.93743,
            40.80438
          ],
          [
            -73.93749,
            40.8043
          ],
          [
            -73.9378,
            40.80387
          ],
          [
            -73.9378,
            40.80387
          ],
          [
            -73.9378,
            40.80387
          ],
          [
            -73.93785,
            40.8038
          ],
          [
            -73.93788,
            40.80377
          ],
          [
            -73.93792,
            40.80371
          ],
          [
            -73.93796,
            40.80365
          ],
          [
            -73.93834,
            40.80314
          ],
          [
            -73.93838,
            40.80308
          ],
          [
            -73.93842,
            40.80302
          ],
          [
            -73.9388,
            40.80251
          ],
          [
            -73.93884,
            40.80245
          ],
          [
            -73.93888,
            40.8024
          ],
          [
            -73.93908,
            40.80212
          ],
          [
            -73.93926,
            40.80187
          ],
          [
            -73.9393,
            40.80182
          ],
          [
            -73.93933,
            40.80177
          ],
          [
            -73.93971,
            40.80125
          ],
          [
            -73.93976,
            40.80119
          ],
          [
            -73.9398,
            40.80113
          ],
          [
            -73.94017,
            40.80062
          ],
          [
            -73.94021,
            40.80057
          ],
          [
            -73.94026,
            40.80051
          ],
          [
            -73.94049,
            40.80019
          ],
          [
            -73.94063,
            40.8
          ],
          [
            -73.94067,
            40.79994
          ],
          [
            -73.94071,
            40.79988
          ],
          [
            -73.9411,
            40.79936
          ],
          [
            -73.94113,
            40.79931
          ],
          [
            -73.94117,
            40.79926
          ],
          [
            -73.94155,
            40.79873
          ],
          [
            -73.94162,
            40.79863
          ],
          [
            -73.94169,
            40.79854
          ],
          [
            -73.94197,
            40.79816
          ],
          [
            -73.94199,
            40.79814
          ],
          [
            -73.94199,
            40.79814
          ],
          [
            -73.94199,
            40.79814
          ],
          [
            -73.94208,
            40.79801
          ],
          [
            -73.94212,
            40.79795
          ],
          [
            -73.94217,
            40.79789
          ],
          [
            -73.94254,
            40.79738
          ],
          [
            -73.943,
            40.79675
          ],
          [
            -73.94306,
            40.79667
          ],
          [
            -73.94344,
            40.79615
          ],
          [
            -73.94349,
            40.79608
          ],
          [
            -73.94354,
            40.79602
          ],
          [
            -73.94391,
            40.7955
          ],
          [
            -73.94395,
            40.79545
          ],
          [
            -73.944,
            40.79538
          ],
          [
            -73.94437,
            40.79487
          ],
          [
            -73.94442,
            40.79481
          ],
          [
            -73.94445,
            40.79476
          ],
          [
            -73.94471,
            40.7944
          ],
          [
            -73.94483,
            40.79424
          ],
          [
            -73.94487,
            40.79418
          ],
          [
            -73.94491,
            40.79413
          ],
          [
            -73.94529,
            40.79362
          ],
          [
            -73.94533,
            40.79356
          ],
          [
            -73.94537,
            40.7935
          ],
          [
            -73.94575,
            40.79299
          ],
          [
            -73.94579,
            40.79293
          ],
          [
            -73.94583,
            40.79288
          ],
          [
            -73.94622,
            40.79235
          ],
          [
            -73.94629,
            40.79225
          ],
          [
            -73.94636,
            40.79216
          ],
          [
            -73.9465,
            40.79195
          ],
          [
            -73.94655,
            40.79188
          ],
          [
            -73.94655,
            40.79188
          ],
          [
            -73.94655,
            40.79188
          ],
          [
            -73.94674,
            40.79163
          ],
          [
            -73.94678,
            40.79158
          ],
          [
            -73.94682,
            40.79152
          ],
          [
            -73.94719,
            40.791
          ],
          [
            -73.94723,
            40.79095
          ],
          [
            -73.94727,
            40.79089
          ],
          [
            -73.94751,
            40.79057
          ],
          [
            -73.94765,
            40.79038
          ],
          [
            -73.94769,
            40.79032
          ],
          [
            -73.94773,
            40.79027
          ],
          [
            -73.94811,
            40.78975
          ],
          [
            -73.94816,
            40.78969
          ],
          [
            -73.94819,
            40.78964
          ],
          [
            -73.94824,
            40.78957
          ],
          [
            -73.94835,
            40.78942
          ],
          [
            -73.9484,
            40.78935
          ],
          [
            -73.94857,
            40.78912
          ],
          [
            -73.94861,
            40.78906
          ],
          [
            -73.94865,
            40.78901
          ],
          [
            -73.94896,
            40.78857
          ],
          [
            -73.94903,
            40.78849
          ],
          [
            -73.94907,
            40.78843
          ],
          [
            -73.9491,
            40.78838
          ],
          [
            -73.94919,
            40.78826
          ],
          [
            -73.94919,
            40.78826
          ],
          [
            -73.94919,
            40.78826
          ],
          [
            -73.94922,
            40.78821
          ],
          [
            -73.94929,
            40.78812
          ],
          [
            -73.94942,
            40.78797
          ],
          [
            -73.94949,
            40.78787
          ],
          [
            -73.94953,
            40.78781
          ],
          [
            -73.94956,
            40.78775
          ],
          [
            -73.94963,
            40.78766
          ],
          [
            -73.94987,
            40.78733
          ],
          [
            -73.94994,
            40.78723
          ],
          [
            -73.94998,
            40.78718
          ],
          [
            -73.95002,
            40.78712
          ],
          [
            -73.9504,
            40.7866
          ],
          [
            -73.95044,
            40.78655
          ],
          [
            -73.95047,
            40.7865
          ],
          [
            -73.95086,
            40.78597
          ],
          [
            -73.95093,
            40.78588
          ],
          [
            -73.95101,
            40.78577
          ],
          [
            -73.95125,
            40.78545
          ],
          [
            -73.95125,
            40.78545
          ],
          [
            -73.95125,
            40.78545
          ],
          [
            -73.95139,
            40.78526
          ],
          [
            -73.95143,
            40.7852
          ],
          [
            -73.95147,
            40.78515
          ],
          [
            -73.95185,
            40.78463
          ],
          [
            -73.95189,
            40.78457
          ],
          [
            -73.95193,
            40.78451
          ],
          [
            -73.95231,
            40.784
          ],
          [
            -73.95235,
            40.78394
          ],
          [
            -73.95238,
            40.78389
          ],
          [
            -73.95276,
            40.78337
          ],
          [
            -73.95281,
            40.78331
          ],
          [
            -73.95284,
            40.78326
          ],
          [
            -73.95322,
            40.78275
          ],
          [
            -73.95326,
            40.78269
          ],
          [
            -73.9533,
            40.78263
          ],
          [
            -73.95368,
            40.78212
          ],
          [
            -73.95372,
            40.78206
          ],
          [
            -73.95376,
            40.782
          ],
          [
            -73.95414,
            40.78149
          ],
          [
            -73.95418,
            40.78143
          ],
          [
            -73.95422,
            40.78138
          ],
          [
            -73.95433,
            40.78123
          ],
          [
            -73.95459,
            40.78086
          ],
          [
            -73.95463,
            40.78081
          ],
          [
            -73.95468,
            40.78075
          ],
          [
            -73.95484,
            40.78052
          ],
          [
            -73.95505,
            40.78024
          ],
          [
            -73.95509,
            40.78018
          ],
          [
            -73.95514,
            40.78012
          ],
          [
            -73.95531,
            40.77988
          ],
          [
            -73.95552,
            40.7796
          ],
          [
            -73.95558,
            40.77951
          ],
          [
            -73.95566,
            40.77941
          ],
          [
            -73.95566,
            40.77939
          ],
          [
            -73.95566,
            40.77939
          ],
          [
            -73.95566,
            40.77939
          ],
          [
            -73.95602,
            40.77892
          ],
          [
            -73.95604,
            40.77888
          ],
          [
            -73.95608,
            40.77882
          ],
          [
            -73.95613,
            40.77876
          ],
          [
            -73.95651,
            40.77824
          ],
          [
            -73.95655,
            40.77819
          ],
          [
            -73.95659,
            40.77813
          ],
          [
            -73.95697,
            40.77761
          ],
          [
            -73.95701,
            40.77755
          ],
          [
            -73.95706,
            40.77749
          ],
          [
            -73.95722,
            40.77726
          ],
          [
            -73.95743,
            40.77697
          ],
          [
            -73.95747,
            40.77692
          ],
          [
            -73.95751,
            40.77686
          ],
          [
            -73.95789,
            40.77634
          ],
          [
            -73.95794,
            40.77628
          ],
          [
            -73.95798,
            40.77622
          ],
          [
            -73.95836,
            40.77571
          ],
          [
            -73.9584,
            40.77565
          ],
          [
            -73.95844,
            40.7756
          ],
          [
            -73.9586,
            40.77537
          ],
          [
            -73.95883,
            40.77506
          ],
          [
            -73.9589,
            40.77497
          ],
          [
            -73.95896,
            40.77488
          ],
          [
            -73.95896,
            40.77488
          ],
          [
            -73.95896,
            40.77488
          ],
          [
            -73.95896,
            40.77488
          ],
          [
            -73.95919,
            40.77457
          ],
          [
            -73.95935,
            40.77434
          ],
          [
            -73.9594,
            40.77428
          ],
          [
            -73.95943,
            40.77424
          ],
          [
            -73.95982,
            40.77371
          ],
          [
            -73.95985,
            40.77366
          ],
          [
            -73.9599,
            40.77359
          ],
          [
            -73.9601,
            40.77331
          ],
          [
            -73.96028,
            40.77307
          ],
          [
            -73.96032,
            40.77302
          ],
          [
            -73.96037,
            40.77295
          ],
          [
            -73.96074,
            40.77243
          ],
          [
            -73.96078,
            40.77238
          ],
          [
            -73.96082,
            40.77233
          ],
          [
            -73.96121,
            40.7718
          ],
          [
            -73.96125,
            40.77174
          ],
          [
            -73.96129,
            40.77169
          ],
          [
            -73.96167,
            40.77117
          ],
          [
            -73.96171,
            40.77111
          ],
          [
            -73.96175,
            40.77106
          ],
          [
            -73.96192,
            40.77083
          ],
          [
            -73.96214,
            40.77052
          ],
          [
            -73.96221,
            40.77043
          ],
          [
            -73.96228,
            40.77033
          ],
          [
            -73.96231,
            40.7703
          ],
          [
            -73.96231,
            40.7703
          ],
          [
            -73.96231,
            40.7703
          ],
          [
            -73.96267,
            40.7698
          ],
          [
            -73.9627,
            40.76975
          ],
          [
            -73.96275,
            40.76969
          ],
          [
            -73.96313,
            40.76917
          ],
          [
            -73.96317,
            40.76911
          ],
          [
            -73.96321,
            40.76906
          ],
          [
            -73.96358,
            40.76855
          ],
          [
            -73.96362,
            40.76849
          ],
          [
            -73.96366,
            40.76844
          ],
          [
            -73.96383,
            40.76821
          ],
          [
            -73.96404,
            40.76792
          ],
          [
            -73.96408,
            40.76787
          ],
          [
            -73.96412,
            40.76781
          ],
          [
            -73.9642,
            40.76769
          ],
          [
            -73.9642,
            40.76769
          ],
          [
            -73.9642,
            40.76769
          ],
          [
            -73.96449,
            40.76729
          ],
          [
            -73.96453,
            40.76724
          ],
          [
            -73.96457,
            40.76719
          ],
          [
            -73.96495,
            40.76666
          ],
          [
            -73.96499,
            40.76662
          ],
          [
            -73.96503,
            40.76656
          ],
          [
            -73.96541,
            40.76605
          ],
          [
            -73.96545,
            40.76599
          ],
          [
            -73.96549,
            40.76593
          ],
          [
            -73.96586,
            40.76542
          ],
          [
            -73.9659,
            40.76536
          ],
          [
            -73.96595,
            40.7653
          ],
          [
            -73.96632,
            40.7648
          ],
          [
            -73.96636,
            40.76474
          ],
          [
            -73.9664,
            40.76468
          ],
          [
            -73.96678,
            40.76417
          ],
          [
            -73.96682,
            40.76411
          ],
          [
            -73.96686,
            40.76405
          ],
          [
            -73.96705,
            40.7638
          ],
          [
            -73.96705,
            40.7638
          ],
          [
            -73.96705,
            40.7638
          ],
          [
            -73.96723,
            40.76354
          ],
          [
            -73.96727,
            40.76349
          ],
          [
            -73.96732,
            40.76342
          ],
          [
            -73.96745,
            40.76324
          ],
          [
            -73.96768,
            40.76292
          ],
          [
            -73.96772,
            40.76287
          ],
          [
            -73.96777,
            40.7628
          ],
          [
            -73.96796,
            40.76256
          ],
          [
            -73.96815,
            40.76229
          ],
          [
            -73.96819,
            40.76223
          ],
          [
            -73.96823,
            40.76217
          ],
          [
            -73.96829,
            40.76209
          ],
          [
            -73.96829,
            40.76209
          ],
          [
            -73.96829,
            40.76209
          ],
          [
            -73.96844,
            40.76188
          ],
          [
            -73.9686,
            40.76167
          ],
          [
            -73.96864,
            40.76161
          ],
          [
            -73.96869,
            40.76154
          ],
          [
            -73.96906,
            40.76103
          ],
          [
            -73.96913,
            40.76093
          ],
          [
            -73.9692,
            40.76084
          ],
          [
            -73.96958,
            40.76031
          ],
          [
            -73.96962,
            40.76025
          ],
          [
            -73.96966,
            40.7602
          ],
          [
            -73.96968,
            40.76017
          ],
          [
            -73.96968,
            40.76017
          ],
          [
            -73.96968,
            40.76017
          ],
          [
            -73.97003,
            40.75969
          ],
          [
            -73.97007,
            40.75964
          ],
          [
            -73.97011,
            40.75958
          ],
          [
            -73.97049,
            40.75906
          ],
          [
            -73.97053,
            40.759
          ],
          [
            -73.97058,
            40.75894
          ],
          [
            -73.97094,
            40.75845
          ],
          [
            -73.97099,
            40.75838
          ],
          [
            -73.97103,
            40.75832
          ],
          [
            -73.97125,
            40.75803
          ],
          [
            -73.97125,
            40.75803
          ],
          [
            -73.97125,
            40.75803
          ],
          [
            -73.9714,
            40.75781
          ],
          [
            -73.97144,
            40.75776
          ],
          [
            -73.97149,
            40.75769
          ],
          [
            -73.97187,
            40.75718
          ],
          [
            -73.9719,
            40.75713
          ],
          [
            -73.97194,
            40.75707
          ],
          [
            -73.97228,
            40.75662
          ],
          [
            -73.97228,
            40.75662
          ],
          [
            -73.97228,
            40.75662
          ],
          [
            -73.97232,
            40.75656
          ],
          [
            -73.97236,
            40.7565
          ],
          [
            -73.9724,
            40.75644
          ],
          [
            -73.97278,
            40.75593
          ],
          [
            -73.97282,
            40.75587
          ],
          [
            -73.97286,
            40.75582
          ],
          [
            -73.97323,
            40.75531
          ],
          [
            -73.97327,
            40.75525
          ],
          [
            -73.97331,
            40.75519
          ],
          [
            -73.97369,
            40.75468
          ],
          [
            -73.97373,
            40.75461
          ],
          [
            -73.97377,
            40.75457
          ],
          [
            -73.97409,
            40.75413
          ],
          [
            -73.97409,
            40.75413
          ],
          [
            -73.97409,
            40.75413
          ],
          [
            -73.97415,
            40.75405
          ],
          [
            -73.97419,
            40.75399
          ],
          [
            -73.97422,
            40.75395
          ],
          [
            -73.9746,
            40.75343
          ],
          [
            -73.97465,
            40.75337
          ],
          [
            -73.97469,
            40.75332
          ],
          [
            -73.97507,
            40.75279
          ],
          [
            -73.9751,
            40.75274
          ],
          [
            -73.97514,
            40.75269
          ],
          [
            -73.97552,
            40.75217
          ],
          [
            -73.97555,
            40.75212
          ],
          [
            -73.97559,
            40.75207
          ],
          [
            -73.97596,
            40.75157
          ],
          [
            -73.97599,
            40.75153
          ],
          [
            -73.97606,
            40.75144
          ],
          [
            -73.97606,
            40.75144
          ],
          [
            -73.97615,
            40.75148
          ],
          [
            -73.97621,
            40.7515
          ],
          [
            -73.97621,
            40.7515
          ],
          [
            -73.97621,
            40.7515
          ],
          [
            -73.97615,
            40.75148
          ],
          [
            -73.97606,
            40.75144
          ],
          [
            -73.97606,
            40.75144
          ],
          [
            -73.97612,
            40.75135
          ],
          [
            -73.97647,
            40.75088
          ],
          [
            -73.9765,
            40.75084
          ],
          [
            -73.97654,
            40.75079
          ],
          [
            -73.97658,
            40.75073
          ],
          [
            -73.9766,
            40.75071
          ],
          [
            -73.97692,
            40.75027
          ],
          [
            -73.97695,
            40.75022
          ],
          [
            -73.97699,
            40.75017
          ],
          [
            -73.97704,
            40.75011
          ],
          [
            -73.97737,
            40.74965
          ],
          [
            -73.9774,
            40.74961
          ],
          [
            -73.97744,
            40.74955
          ],
          [
            -73.97748,
            40.74949
          ],
          [
            -73.97782,
            40.74903
          ],
          [
            -73.97785,
            40.74899
          ],
          [
            -73.9779,
            40.74892
          ],
          [
            -73.97793,
            40.74888
          ],
          [
            -73.97827,
            40.74841
          ],
          [
            -73.9783,
            40.74837
          ],
          [
            -73.97834,
            40.74831
          ],
          [
            -73.97839,
            40.74826
          ],
          [
            -73.97867,
            40.74788
          ],
          [
            -73.97873,
            40.7478
          ],
          [
            -73.97876,
            40.74775
          ],
          [
            -73.9788,
            40.7477
          ],
          [
            -73.97884,
            40.74764
          ],
          [
            -73.97918,
            40.74718
          ],
          [
            -73.97921,
            40.74714
          ],
          [
            -73.97926,
            40.74708
          ],
          [
            -73.9793,
            40.74703
          ],
          [
            -73.97946,
            40.74679
          ],
          [
            -73.97963,
            40.74656
          ],
          [
            -73.97967,
            40.7465
          ],
          [
            -73.97974,
            40.74641
          ],
          [
            -73.97981,
            40.74632
          ],
          [
            -73.97985,
            40.74626
          ],
          [
            -73.97985,
            40.74626
          ]
        ]
      }
    }
  ]
}