Rute ID,APR Profil,Week Profil,Transportform (profile > profile),problem_type,Type,Antal enheder (len(R_original)),Number,Significant Outliers,Length Org,Length Opt,Contribution Margin (Org),Contribution Margin (Opt),Revenue (Org),Revenue (Opt),Cost (Org),Cost (Opt),Set of Significant Outliers
37000001,O18 Omdeler,Gns. Oms,foot,TSP,Type 1,152,"39, 40, 41, 57",4,6073.600000000001,5340.699999999997,728.2347599999997,735.1716199999998,900.4800000000007,886.6100000000006,172.51999999999998,151.70999999999995,"[39, 40, 41, 57]"
37000001,O18 Omdeler,Gns. Oms,foot,TSP,Type 2,152,"39, 41",2,4935.599999999998,4450.299999999999,760.5539599999998,766.7089799999999,900.4800000000006,892.8600000000006,140.18,126.40000000000002,"[39, 41]"
37000001,O18 Omdeler,U36,foot,TSP,Type 1,152,"41, 57, 61, 62",4,6073.600000000001,5315.699999999998,749.2597599999999,755.6541199999999,921.7499999999991,906.6199999999991,172.51999999999998,151.00999999999996,"[41, 57, 61, 62]"
37000001,O18 Omdeler,U36,foot,TSP,Type 2,152,"39, 41",2,4935.599999999998,4450.299999999999,781.57896,786.8214799999998,921.7499999999991,913.2099999999991,140.18,126.40000000000002,"[39, 41]"
37000001,O18 Omdeler,U37,foot,TSP,Type 1,152,"41, 57, 61, 62",4,6073.600000000001,5315.699999999998,567.0297599999999,577.1941200000001,739.52,728.1599999999999,172.51999999999998,151.00999999999996,"[41, 57, 61, 62]"
37000001,O18 Omdeler,U37,foot,TSP,Type 2,152,"41, 61, 62",3,4935.599999999998,4251.499999999998,599.34896,607.4174,739.5199999999996,728.1599999999996,140.18,120.77000000000002,"[41, 61, 62]"
37000001,O18 Omdeler,U38,foot,TSP,Type 1,152,"39, 40, 41, 56, 57, 58, 59",7,6073.600000000001,5060.699999999997,673.9297599999999,683.8861199999999,846.4200000000002,827.6100000000001,172.51999999999998,143.75999999999996,"[39, 40, 41, 56, 57, 58, 59]"
37000001,O18 Omdeler,U38,foot,TSP,Type 2,152,"56, 57, 58, 59",4,4935.599999999998,4408.599999999997,706.24896,714.14576,846.42,839.3500000000003,140.18,125.25000000000003,"[56, 57, 58, 59]"
37000001,O18 Omdeler,U39,foot,TSP,Type 1,152,"39, 40, 41, 84",4,6073.600000000001,5368.299999999998,922.71976,928.5202800000001,1095.21,1080.9800000000002,172.51999999999998,152.48999999999995,"[39, 40, 41, 84]"
37000001,O18 Omdeler,U39,foot,TSP,Type 2,152,"39, 41",2,4935.599999999998,4450.299999999999,955.0389600000001,960.7614799999999,1095.21,1087.15,140.18,126.40000000000002,"[39, 41]"
37000001,SE Omdeler,Gns. Oms,foot,TSP,Type 1,152,"39, 40, 41, 56, 57, 58, 61, 62",8,6073.600000000001,4889.899999999997,569.1064399999998,600.3714600000002,900.4800000000007,867.1300000000006,331.57,266.93999999999994,"[39, 40, 41, 56, 57, 58, 61, 62]"
37000001,SE Omdeler,Gns. Oms,foot,TSP,Type 2,152,"41, 61, 62",3,4935.599999999998,4251.499999999998,631.2412399999998,654.7731,900.4800000000006,886.6700000000006,269.45,232.08000000000004,"[41, 61, 62]"
37000001,SE Omdeler,U36,foot,TSP,Type 1,152,"39, 40, 41, 56, 57, 58, 61, 62",8,6073.600000000001,4889.899999999997,590.1314399999999,623.3214600000001,921.7499999999991,890.3099999999991,331.57,266.93999999999994,"[39, 40, 41, 56, 57, 58, 61, 62]"
37000001,SE Omdeler,U36,foot,TSP,Type 2,152,"41, 61, 62",3,4935.599999999998,4251.499999999998,652.2662400000002,674.4881,921.7499999999991,906.6199999999991,269.45,232.08000000000004,"[41, 61, 62]"
37000001,SE Omdeler,U37,foot,TSP,Type 1,152,"39, 40, 41, 60, 61, 62",6,6073.600000000001,5021.599999999998,407.9014399999999,441.90064000000007,739.52,716.0799999999998,331.57,274.12999999999994,"[39, 40, 41, 60, 61, 62]"
37000001,SE Omdeler,U37,foot,TSP,Type 2,152,"41, 61, 62",3,4935.599999999998,4251.499999999998,470.0362400000001,496.02810000000005,739.5199999999996,728.1599999999996,269.45,232.08000000000004,"[41, 61, 62]"
37000001,SE Omdeler,U38,foot,TSP,Type 1,152,"39, 40, 41, 56, 57, 58, 61, 62",8,6073.600000000001,4889.899999999997,514.80144,554.2114600000002,846.4200000000002,821.2000000000002,331.57,266.93999999999994,"[39, 40, 41, 56, 57, 58, 61, 62]"
37000001,SE Omdeler,U38,foot,TSP,Type 2,152,"39, 40, 41",3,4935.599999999998,4276.599999999999,576.93624,601.1776399999998,846.42,834.68,269.45,233.46000000000006,"[39, 40, 41]"
37000001,SE Omdeler,U39,foot,TSP,Type 1,152,"39, 40, 41, 61, 62",5,6073.600000000001,5138.399999999998,763.5914399999999,792.11336,1095.21,1072.67,331.57,280.5099999999999,"[39, 40, 41, 61, 62]"
37000001,SE Omdeler,U39,foot,TSP,Type 2,152,"39, 40, 41",3,4935.599999999998,4276.599999999999,825.7262400000002,847.9676399999998,1095.21,1081.47,269.45,233.46000000000006,"[39, 40, 41]"
37000001,U18 Omdeler,Gns. Oms,foot,TSP,Type 1,152,41,1,6073.600000000001,5665.799999999999,778.7063759999998,780.7140779999999,900.4800000000007,894.3000000000006,121.94000000000004,113.74000000000004,[41]
37000001,U18 Omdeler,Gns. Oms,foot,TSP,Type 2,152,"39, 41",2,4935.599999999998,4450.299999999999,801.5687959999998,803.6909729999999,900.4800000000006,892.8600000000006,99.01999999999997,89.26999999999997,"[39, 41]"
37000001,U18 Omdeler,U36,foot,TSP,Type 1,152,57,1,6073.600000000001,5999.700000000002,799.731376,801.2160269999997,921.7499999999991,921.7499999999991,121.94000000000004,120.46000000000004,[57]
37000001,U18 Omdeler,U36,foot,TSP,Type 2,152,57,1,4935.599999999998,4861.699999999997,822.593796,824.0784469999998,921.7499999999991,921.7499999999991,99.01999999999997,97.53999999999996,[57]
37000001,U18 Omdeler,U37,foot,TSP,Type 1,152,"41, 57, 61, 62",4,6073.600000000001,5315.699999999998,617.5013759999999,621.3675870000001,739.52,728.1599999999999,121.94000000000004,106.71000000000005,"[41, 57, 61, 62]"
37000001,U18 Omdeler,U37,foot,TSP,Type 2,152,41,1,4935.599999999998,4527.699999999999,640.363796,643.3585069999999,739.5199999999996,734.3199999999996,99.01999999999997,90.83999999999997,[41]
37000001,U18 Omdeler,U38,foot,TSP,Type 1,152,"41, 56, 57",3,6073.600000000001,5576.699999999999,724.4013759999999,728.1240969999999,846.4200000000002,840.1600000000002,121.94000000000004,111.95000000000005,"[41, 56, 57]"
37000001,U18 Omdeler,U38,foot,TSP,Type 2,152,"56, 57, 58, 59",4,4935.599999999998,4408.599999999997,747.263796,750.781226,846.42,839.3500000000003,99.01999999999997,88.46000000000004,"[56, 57, 58, 59]"
37000001,U18 Omdeler,U39,foot,TSP,Type 1,152,41,1,6073.600000000001,5665.799999999999,973.191376,974.8740779999998,1095.21,1088.7000000000003,121.94000000000004,113.74000000000004,[41]
37000001,U18 Omdeler,U39,foot,TSP,Type 2,152,"39, 41",2,4935.599999999998,4450.299999999999,996.053796,997.7434729999999,1095.21,1087.15,99.01999999999997,89.26999999999997,"[39, 41]"
37000002,O18 Omdeler,Gns. Oms,foot,TSP,Type 1,177,"113, 114, 115",3,7153.300000000003,5474.1,800.3562799999999,827.5780599999999,1003.400000000001,982.940000000001,203.1499999999999,155.44999999999996,"[113, 114, 115]"
37000002,O18 Omdeler,Gns. Oms,foot,TSP,Type 2,177,"113, 114, 115",3,5152.4000000000015,4251.099999999998,857.18184,862.3112600000001,1003.4000000000011,982.9400000000011,146.38999999999993,120.79000000000003,"[113, 114, 115]"
37000002,O18 Omdeler,U36,foot,TSP,Type 1,177,"113, 114, 115",3,7153.300000000003,5474.1,838.97628,867.8955599999998,1042.1299999999994,1023.3599999999994,203.1499999999999,155.44999999999996,"[113, 114, 115]"
37000002,O18 Omdeler,U36,foot,TSP,Type 2,177,"113, 114, 115",3,5152.4000000000015,4251.099999999998,895.8018400000001,902.6287599999999,1042.1299999999994,1023.3599999999996,146.38999999999993,120.79000000000003,"[113, 114, 115]"
37000002,O18 Omdeler,U37,foot,TSP,Type 1,177,"113, 114, 115",3,7153.300000000003,5474.1,582.10628,615.73556,785.259999999999,771.199999999999,203.1499999999999,155.44999999999996,"[113, 114, 115]"
37000002,O18 Omdeler,U37,foot,TSP,Type 2,177,"113, 114, 115",3,5152.4000000000015,4251.099999999998,638.9318400000001,650.4687600000001,785.2599999999995,771.1999999999986,146.38999999999993,120.79000000000003,"[113, 114, 115]"
37000002,O18 Omdeler,U38,foot,TSP,Type 1,177,"113, 114, 115",3,7153.300000000003,5474.1,759.2762799999999,787.5355599999999,962.4300000000005,943.0000000000005,203.1499999999999,155.44999999999996,"[113, 114, 115]"
37000002,O18 Omdeler,U38,foot,TSP,Type 2,177,"113, 114, 115",3,5152.4000000000015,4251.099999999998,816.10184,822.26876,962.4300000000009,943.0000000000007,146.38999999999993,120.79000000000003,"[113, 114, 115]"
37000002,O18 Omdeler,U39,foot,TSP,Type 1,177,"113, 114, 115",3,7153.300000000003,5474.1,1021.0662799999997,1039.1455599999997,1224.2200000000007,1194.6100000000008,203.1499999999999,155.44999999999996,"[113, 114, 115]"
37000002,O18 Omdeler,U39,foot,TSP,Type 2,177,,0,5152.4000000000015,5152.4000000000015,1077.8918399999998,1077.8918399999998,1224.2200000000003,1224.2200000000003,146.38999999999993,146.38999999999993,[]
37000002,SE Omdeler,Gns. Oms,foot,TSP,Type 1,177,"113, 114, 115",3,7153.300000000003,5474.1,612.9398199999998,684.15664,1003.400000000001,982.940000000001,390.65000000000003,298.96000000000015,"[113, 114, 115]"
37000002,SE Omdeler,Gns. Oms,foot,TSP,Type 2,177,"113, 114, 115",3,5152.4000000000015,4251.099999999998,722.18896,750.9324400000002,1003.4000000000011,982.9400000000011,281.27000000000004,232.07000000000022,"[113, 114, 115]"
37000002,SE Omdeler,U36,foot,TSP,Type 1,177,"113, 114, 115",3,7153.300000000003,5474.1,651.55982,724.4741399999999,1042.1299999999994,1023.3599999999994,390.65000000000003,298.96000000000015,"[113, 114, 115]"
37000002,SE Omdeler,U36,foot,TSP,Type 2,177,"113, 114, 115",3,5152.4000000000015,4251.099999999998,760.8089600000001,791.24994,1042.1299999999994,1023.3599999999996,281.27000000000004,232.07000000000022,"[113, 114, 115]"
37000002,SE Omdeler,U37,foot,TSP,Type 1,177,"113, 114, 115",3,7153.300000000003,5474.1,394.68981999999994,472.31414,785.259999999999,771.199999999999,390.65000000000003,298.96000000000015,"[113, 114, 115]"
37000002,SE Omdeler,U37,foot,TSP,Type 2,177,"113, 114, 115",3,5152.4000000000015,4251.099999999998,503.93896,539.0899400000002,785.2599999999995,771.1999999999986,281.27000000000004,232.07000000000022,"[113, 114, 115]"
37000002,SE Omdeler,U38,foot,TSP,Type 1,177,"113, 114, 115",3,7153.300000000003,5474.1,571.8598199999999,644.11414,962.4300000000005,943.0000000000005,390.65000000000003,298.96000000000015,"[113, 114, 115]"
37000002,SE Omdeler,U38,foot,TSP,Type 2,177,"113, 114, 115",3,5152.4000000000015,4251.099999999998,681.10896,710.8899400000001,962.4300000000009,943.0000000000007,281.27000000000004,232.07000000000022,"[113, 114, 115]"
37000002,SE Omdeler,U39,foot,TSP,Type 1,177,"113, 114, 115",3,7153.300000000003,5474.1,833.6498199999996,895.7241399999997,1224.2200000000007,1194.6100000000008,390.65000000000003,298.96000000000015,"[113, 114, 115]"
37000002,SE Omdeler,U39,foot,TSP,Type 2,177,"113, 114, 115",3,5152.4000000000015,4251.099999999998,942.8989599999998,962.4999399999998,1224.2200000000003,1194.6100000000008,281.27000000000004,232.07000000000022,"[113, 114, 115]"
37000002,U18 Omdeler,Gns. Oms,foot,TSP,Type 1,177,"113, 114, 115",3,7153.300000000003,5474.1,859.8002029999999,873.067831,1003.400000000001,982.940000000001,143.64,109.91,"[113, 114, 115]"
37000002,U18 Omdeler,Gns. Oms,foot,TSP,Type 2,177,,0,5152.4000000000015,5152.4000000000015,899.998284,899.998284,1003.4000000000011,1003.4000000000011,103.39000000000004,103.39000000000004,[]
37000002,U18 Omdeler,U36,foot,TSP,Type 1,177,"113, 114, 115",3,7153.300000000003,5474.1,898.420203,913.3853309999998,1042.1299999999994,1023.3599999999994,143.64,109.91,"[113, 114, 115]"
37000002,U18 Omdeler,U36,foot,TSP,Type 2,177,,0,5152.4000000000015,5152.4000000000015,938.6182840000001,938.6182840000001,1042.1299999999994,1042.1299999999994,103.39000000000004,103.39000000000004,[]
37000002,U18 Omdeler,U37,foot,TSP,Type 1,177,"113, 114, 115",3,7153.300000000003,5474.1,641.550203,661.225331,785.259999999999,771.199999999999,143.64,109.91,"[113, 114, 115]"
37000002,U18 Omdeler,U37,foot,TSP,Type 2,177,"113, 114, 115",3,5152.4000000000015,4251.099999999998,681.748284,685.7954010000001,785.2599999999995,771.1999999999986,103.39000000000004,85.27000000000002,"[113, 114, 115]"
37000002,U18 Omdeler,U38,foot,TSP,Type 1,177,"113, 114, 115",3,7153.300000000003,5474.1,818.720203,833.0253309999999,962.4300000000005,943.0000000000005,143.64,109.91,"[113, 114, 115]"
37000002,U18 Omdeler,U38,foot,TSP,Type 2,177,,0,5152.4000000000015,5152.4000000000015,858.9182840000001,858.9182840000001,962.4300000000009,962.4300000000009,103.39000000000004,103.39000000000004,[]
37000002,U18 Omdeler,U39,foot,TSP,Type 1,177,"113, 114, 115",3,7153.300000000003,5474.1,1080.5102029999998,1084.6353309999997,1224.2200000000007,1194.6100000000008,143.64,109.91,"[113, 114, 115]"
37000002,U18 Omdeler,U39,foot,TSP,Type 2,177,,0,5152.4000000000015,5152.4000000000015,1120.7082839999998,1120.7082839999998,1224.2200000000003,1224.2200000000003,103.39000000000004,103.39000000000004,[]
37000003,O18 Omdeler,Gns. Oms,foot,TSP,Type 1,110,"41, 42, 43",3,4947.999999999999,4271.5,465.9018000000001,471.54690000000005,606.4000000000003,592.8300000000003,140.51000000000005,121.30000000000001,"[41, 42, 43]"
37000003,O18 Omdeler,Gns. Oms,foot,TSP,Type 2,110,41,1,4360.399999999999,4254.0999999999985,482.5896400000001,484.4910600000001,606.4000000000004,605.2800000000004,123.82000000000004,120.80000000000003,[41]
37000003,O18 Omdeler,U36,foot,TSP,Type 1,110,"40, 41, 42, 43",4,4947.999999999999,4270.8,491.93680000000006,496.52928,632.4600000000002,617.8200000000002,140.51000000000005,121.28000000000002,"[40, 41, 42, 43]"
37000003,O18 Omdeler,U36,foot,TSP,Type 2,110,24,1,4360.399999999999,4261.599999999999,508.62464000000006,510.18056,632.4599999999998,631.2099999999998,123.82000000000004,121.01000000000003,[24]
37000003,O18 Omdeler,U37,foot,TSP,Type 1,110,"40, 41, 42, 43",4,4947.999999999999,4270.8,356.58680000000004,364.48928,497.11000000000007,485.7800000000001,140.51000000000005,121.28000000000002,"[40, 41, 42, 43]"
37000003,O18 Omdeler,U37,foot,TSP,Type 2,110,41,1,4360.399999999999,4254.0999999999985,373.27464000000003,375.45356,497.1099999999999,496.2699999999999,123.82000000000004,120.80000000000003,[41]
37000003,O18 Omdeler,U38,foot,TSP,Type 1,110,"40, 41, 42, 43",4,4947.999999999999,4270.8,425.17680000000007,431.79928,565.7000000000004,553.0900000000004,140.51000000000005,121.28000000000002,"[40, 41, 42, 43]"
37000003,O18 Omdeler,U38,foot,TSP,Type 2,110,41,1,4360.399999999999,4254.0999999999985,441.86464000000007,444.02356000000003,565.7000000000005,564.8400000000005,123.82000000000004,120.80000000000003,[41]
37000003,O18 Omdeler,U39,foot,TSP,Type 1,110,"41, 42, 43",3,4947.999999999999,4271.5,589.9068000000001,593.4294,730.4300000000007,714.7400000000008,140.51000000000005,121.30000000000001,"[41, 42, 43]"
37000003,O18 Omdeler,U39,foot,TSP,Type 2,110,41,1,4360.399999999999,4254.0999999999985,606.5946400000001,608.7035600000002,730.4300000000009,729.5200000000009,123.82000000000004,120.80000000000003,[41]
37000003,SE Omdeler,Gns. Oms,foot,TSP,Type 1,110,"41, 42, 43, 92, 93",5,4947.999999999999,4013.399999999999,336.26420000000013,361.76086,606.4000000000003,580.8600000000004,270.18,219.16000000000003,"[41, 42, 43, 92, 93]"
37000003,SE Omdeler,Gns. Oms,foot,TSP,Type 2,110,41,1,4360.399999999999,4254.0999999999985,368.34716000000014,373.0336400000002,606.4000000000004,605.2800000000004,238.06999999999994,232.26999999999995,[41]
37000003,SE Omdeler,U36,foot,TSP,Type 1,110,"40, 41, 42, 43, 92, 93",6,4947.999999999999,4012.699999999999,362.2992000000001,386.7265800000001,632.4600000000002,605.8200000000002,270.18,219.12,"[40, 41, 42, 43, 92, 93]"
37000003,SE Omdeler,U36,foot,TSP,Type 2,110,24,1,4360.399999999999,4261.599999999999,394.3821600000001,398.5266400000001,632.4599999999998,631.2099999999998,238.06999999999994,232.66999999999996,[24]
37000003,SE Omdeler,U37,foot,TSP,Type 1,110,"40, 41, 42, 43, 92, 93",6,4947.999999999999,4012.699999999999,226.94920000000008,255.72658000000007,497.11000000000007,474.8200000000001,270.18,219.12,"[40, 41, 42, 43, 92, 93]"
37000003,SE Omdeler,U37,foot,TSP,Type 2,110,41,1,4360.399999999999,4254.0999999999985,259.0321600000001,263.9961400000001,497.1099999999999,496.2699999999999,238.06999999999994,232.26999999999995,[41]
37000003,SE Omdeler,U38,foot,TSP,Type 1,110,"40, 41, 42, 43, 92, 93",6,4947.999999999999,4012.699999999999,295.5392000000001,323.0365800000002,565.7000000000004,542.1300000000003,270.18,219.12,"[40, 41, 42, 43, 92, 93]"
37000003,SE Omdeler,U38,foot,TSP,Type 2,110,41,1,4360.399999999999,4254.0999999999985,327.6221600000001,332.56614000000013,565.7000000000005,564.8400000000005,238.06999999999994,232.26999999999995,[41]
37000003,SE Omdeler,U39,foot,TSP,Type 1,110,"41, 42, 43, 92, 93",5,4947.999999999999,4013.399999999999,460.2692000000001,481.66836,730.4300000000007,700.8000000000008,270.18,219.16000000000003,"[41, 42, 43, 92, 93]"
37000003,SE Omdeler,U39,foot,TSP,Type 2,110,41,1,4360.399999999999,4254.0999999999985,492.35216000000014,497.2461400000002,730.4300000000009,729.5200000000009,238.06999999999994,232.26999999999995,[41]
37000003,U18 Omdeler,Gns. Oms,foot,TSP,Type 1,110,"24, 40, 41",3,4947.999999999999,4742.199999999999,507.0196800000001,508.2842020000001,606.4000000000003,603.5300000000003,99.39999999999999,95.27,"[24, 40, 41]"
37000003,U18 Omdeler,Gns. Oms,foot,TSP,Type 2,110,41,1,4360.399999999999,4254.0999999999985,518.8245640000001,519.8426310000002,606.4000000000004,605.2800000000004,87.59000000000003,85.46000000000002,[41]
37000003,U18 Omdeler,U36,foot,TSP,Type 1,110,"24, 40, 41",3,4947.999999999999,4742.199999999999,533.0546800000001,534.0792020000001,632.4600000000002,629.3500000000001,99.39999999999999,95.27,"[24, 40, 41]"
37000003,U18 Omdeler,U36,foot,TSP,Type 2,110,24,1,4360.399999999999,4261.599999999999,544.8595640000001,545.594456,632.4599999999998,631.2099999999998,87.59000000000003,85.60000000000004,[24]
37000003,U18 Omdeler,U37,foot,TSP,Type 1,110,"40, 41, 42, 43",4,4947.999999999999,4270.8,397.70468000000005,399.97962800000005,497.11000000000007,485.7800000000001,99.39999999999999,85.80000000000003,"[40, 41, 42, 43]"
37000003,U18 Omdeler,U37,foot,TSP,Type 2,110,41,1,4360.399999999999,4254.0999999999985,409.50956400000007,410.805131,497.1099999999999,496.2699999999999,87.59000000000003,85.46000000000002,[41]
37000003,U18 Omdeler,U38,foot,TSP,Type 1,110,"24, 40, 41",3,4947.999999999999,4742.199999999999,466.2946800000001,468.33920200000017,565.7000000000004,563.6100000000004,99.39999999999999,95.27,"[24, 40, 41]"
37000003,U18 Omdeler,U38,foot,TSP,Type 2,110,41,1,4360.399999999999,4254.0999999999985,478.0995640000001,479.37513100000007,565.7000000000005,564.8400000000005,87.59000000000003,85.46000000000002,[41]
37000003,U18 Omdeler,U39,foot,TSP,Type 1,110,41,1,4947.999999999999,4841.699999999999,631.0246800000001,632.2502470000002,730.4300000000007,729.5200000000008,99.39999999999999,97.26999999999998,[41]
37000003,U18 Omdeler,U39,foot,TSP,Type 2,110,41,1,4360.399999999999,4254.0999999999985,642.8295640000001,644.0551310000002,730.4300000000009,729.5200000000009,87.59000000000003,85.46000000000002,[41]
37000004,O18 Omdeler,Gns. Oms,foot,TSP,Type 1,52,51,1,1212.6,1140.1999999999998,248.2071600000001,248.37832000000012,282.63000000000005,280.74000000000007,34.45,32.39,[51]
37000004,O18 Omdeler,Gns. Oms,foot,TSP,Type 2,52,51,1,1143.7999999999997,1071.1,250.1610800000001,250.3407600000001,282.63,280.74000000000007,32.49000000000001,30.430000000000007,[51]
37000004,O18 Omdeler,U36,foot,TSP,Type 1,52,51,1,1212.6,1140.1999999999998,269.93216,270.21832,304.37,302.6,34.45,32.39,[51]
37000004,O18 Omdeler,U36,foot,TSP,Type 2,52,51,1,1143.7999999999997,1071.1,271.88608,272.18076,304.36999999999995,302.59999999999997,32.49000000000001,30.430000000000007,[51]
37000004,O18 Omdeler,U37,foot,TSP,Type 1,52,,0,1212.6,1212.6,188.67216000000002,188.67216000000002,223.11,223.11,34.45,34.45,[]
37000004,O18 Omdeler,U37,foot,TSP,Type 2,52,,0,1143.7999999999997,1143.7999999999997,190.62608000000003,190.62608000000003,223.11000000000007,223.11000000000007,32.49000000000001,32.49000000000001,[]
37000004,O18 Omdeler,U38,foot,TSP,Type 1,52,51,1,1212.6,1140.1999999999998,231.47216000000003,233.52832000000004,265.9099999999999,265.9099999999999,34.45,32.39,[51]
37000004,O18 Omdeler,U38,foot,TSP,Type 2,52,51,1,1143.7999999999997,1071.1,233.42608000000004,235.49076000000002,265.90999999999985,265.9099999999999,32.49000000000001,30.430000000000007,[51]
37000004,O18 Omdeler,U39,foot,TSP,Type 1,52,,0,1212.6,1212.6,302.75216,302.75216,337.1900000000002,337.1900000000002,34.45,34.45,[]
37000004,O18 Omdeler,U39,foot,TSP,Type 2,52,,0,1143.7999999999997,1143.7999999999997,304.70608,304.70608,337.1900000000003,337.1900000000003,32.49000000000001,32.49000000000001,[]
37000004,SE Omdeler,Gns. Oms,foot,TSP,Type 1,52,51,1,1212.6,1140.1999999999998,216.43704000000008,218.5050800000001,282.63000000000005,280.74000000000007,66.21999999999997,62.26999999999997,[51]
37000004,SE Omdeler,Gns. Oms,foot,TSP,Type 2,52,51,1,1143.7999999999997,1071.1,220.1935200000001,222.2779400000001,282.63,280.74000000000007,62.44999999999998,58.47999999999999,[51]
37000004,SE Omdeler,U36,foot,TSP,Type 1,52,51,1,1212.6,1140.1999999999998,238.16204,240.34508000000002,304.37,302.6,66.21999999999997,62.26999999999997,[51]
37000004,SE Omdeler,U36,foot,TSP,Type 2,52,51,1,1143.7999999999997,1071.1,241.91852,244.11794,304.36999999999995,302.59999999999997,62.44999999999998,58.47999999999999,[51]
37000004,SE Omdeler,U37,foot,TSP,Type 1,52,51,1,1212.6,1140.1999999999998,156.90204,158.40508000000003,223.11,220.66000000000003,66.21999999999997,62.26999999999997,[51]
37000004,SE Omdeler,U37,foot,TSP,Type 2,52,51,1,1143.7999999999997,1071.1,160.65852,162.17794,223.11000000000007,220.6600000000001,62.44999999999998,58.47999999999999,[51]
37000004,SE Omdeler,U38,foot,TSP,Type 1,52,51,1,1212.6,1140.1999999999998,199.70204,203.65508000000003,265.9099999999999,265.9099999999999,66.21999999999997,62.26999999999997,[51]
37000004,SE Omdeler,U38,foot,TSP,Type 2,52,51,1,1143.7999999999997,1071.1,203.45852000000002,207.42794,265.90999999999985,265.9099999999999,62.44999999999998,58.47999999999999,[51]
37000004,SE Omdeler,U39,foot,TSP,Type 1,52,51,1,1212.6,1140.1999999999998,270.98204,271.61508,337.1900000000002,333.87000000000023,66.21999999999997,62.26999999999997,[51]
37000004,SE Omdeler,U39,foot,TSP,Type 2,52,51,1,1143.7999999999997,1071.1,274.73852,275.38794,337.1900000000003,333.8700000000003,62.44999999999998,58.47999999999999,[51]
37000004,U18 Omdeler,Gns. Oms,foot,TSP,Type 1,52,,0,1212.6,1212.6,258.2838660000001,258.2838660000001,282.63000000000005,282.63000000000005,24.379999999999995,24.379999999999995,[]
37000004,U18 Omdeler,Gns. Oms,foot,TSP,Type 2,52,,0,1143.7999999999997,1143.7999999999997,259.6660580000001,259.6660580000001,282.63,282.63,22.95999999999999,22.95999999999999,[]
37000004,U18 Omdeler,U36,foot,TSP,Type 1,52,,0,1212.6,1212.6,280.008866,280.008866,304.37,304.37,24.379999999999995,24.379999999999995,[]
37000004,U18 Omdeler,U36,foot,TSP,Type 2,52,,0,1143.7999999999997,1143.7999999999997,281.391058,281.391058,304.36999999999995,304.36999999999995,22.95999999999999,22.95999999999999,[]
37000004,U18 Omdeler,U37,foot,TSP,Type 1,52,,0,1212.6,1212.6,198.74886600000002,198.74886600000002,223.11,223.11,24.379999999999995,24.379999999999995,[]
37000004,U18 Omdeler,U37,foot,TSP,Type 2,52,,0,1143.7999999999997,1143.7999999999997,200.13105800000002,200.13105800000002,223.11000000000007,223.11000000000007,22.95999999999999,22.95999999999999,[]
37000004,U18 Omdeler,U38,foot,TSP,Type 1,52,51,1,1212.6,1140.1999999999998,241.54886600000003,243.00338200000004,265.9099999999999,265.9099999999999,24.379999999999995,22.919999999999995,[51]
37000004,U18 Omdeler,U38,foot,TSP,Type 2,52,51,1,1143.7999999999997,1071.1,242.93105800000004,244.39160100000004,265.90999999999985,265.9099999999999,22.95999999999999,21.49999999999999,[51]
37000004,U18 Omdeler,U39,foot,TSP,Type 1,52,,0,1212.6,1212.6,312.828866,312.828866,337.1900000000002,337.1900000000002,24.379999999999995,24.379999999999995,[]
37000004,U18 Omdeler,U39,foot,TSP,Type 2,52,,0,1143.7999999999997,1143.7999999999997,314.211058,314.211058,337.1900000000003,337.1900000000003,22.95999999999999,22.95999999999999,[]
37000005,O18 Omdeler,Gns. Oms,foot,TSP,Type 1,45,,0,1375.6999999999998,1375.6999999999998,227.98262,227.98262,267.02000000000004,267.02000000000004,39.080000000000005,39.080000000000005,[]
37000005,O18 Omdeler,Gns. Oms,foot,TSP,Type 2,45,,0,1344.3999999999996,1344.3999999999996,228.87154,228.87154,267.02000000000004,267.02000000000004,38.18000000000001,38.18000000000001,[]
37000005,O18 Omdeler,U36,foot,TSP,Type 1,45,38,1,1375.6999999999998,1369.6999999999998,232.37012,232.54052,271.44,271.44,39.080000000000005,38.900000000000006,[38]
37000005,O18 Omdeler,U36,foot,TSP,Type 2,45,38,1,1344.3999999999996,1344.2999999999997,233.25904,233.26188,271.44,271.44,38.18000000000001,38.17000000000001,[38]
37000005,O18 Omdeler,U37,foot,TSP,Type 1,45,,0,1375.6999999999998,1375.6999999999998,176.57012000000003,176.57012000000003,215.64000000000007,215.64000000000007,39.080000000000005,39.080000000000005,[]
37000005,O18 Omdeler,U37,foot,TSP,Type 2,45,,0,1344.3999999999996,1344.3999999999996,177.45904000000002,177.45904000000002,215.64000000000007,215.64000000000007,38.18000000000001,38.18000000000001,[]
37000005,O18 Omdeler,U38,foot,TSP,Type 1,45,38,1,1375.6999999999998,1369.6999999999998,221.32011999999992,221.49051999999998,260.38999999999993,260.38999999999993,39.080000000000005,38.900000000000006,[38]
37000005,O18 Omdeler,U38,foot,TSP,Type 2,45,38,1,1344.3999999999996,1344.2999999999997,222.20903999999993,222.21187999999998,260.38999999999993,260.38999999999993,38.18000000000001,38.17000000000001,[38]
37000005,O18 Omdeler,U39,foot,TSP,Type 1,45,,0,1375.6999999999998,1375.6999999999998,281.6701200000001,281.6701200000001,320.7400000000002,320.7400000000002,39.080000000000005,39.080000000000005,[]
37000005,O18 Omdeler,U39,foot,TSP,Type 2,45,,0,1344.3999999999996,1344.3999999999996,282.55904000000015,282.55904000000015,320.7400000000002,320.7400000000002,38.18000000000001,38.18000000000001,[]
37000005,SE Omdeler,Gns. Oms,foot,TSP,Type 1,45,,0,1375.6999999999998,1375.6999999999998,191.93928,191.93928,267.02000000000004,267.02000000000004,75.09999999999998,75.09999999999998,[]
37000005,SE Omdeler,Gns. Oms,foot,TSP,Type 2,45,,0,1344.3999999999996,1344.3999999999996,193.64826000000002,193.64826000000002,267.02000000000004,267.02000000000004,73.39999999999998,73.39999999999998,[]
37000005,SE Omdeler,U36,foot,TSP,Type 1,45,38,1,1375.6999999999998,1369.6999999999998,196.32677999999999,196.65437999999997,271.44,271.44,75.09999999999998,74.77999999999999,[38]
37000005,SE Omdeler,U36,foot,TSP,Type 2,45,38,1,1344.3999999999996,1344.2999999999997,198.03576,198.04122,271.44,271.44,73.39999999999998,73.39999999999999,[38]
37000005,SE Omdeler,U37,foot,TSP,Type 1,45,,0,1375.6999999999998,1375.6999999999998,140.52678000000003,140.52678000000003,215.64000000000007,215.64000000000007,75.09999999999998,75.09999999999998,[]
37000005,SE Omdeler,U37,foot,TSP,Type 2,45,,0,1344.3999999999996,1344.3999999999996,142.23576000000003,142.23576000000003,215.64000000000007,215.64000000000007,73.39999999999998,73.39999999999998,[]
37000005,SE Omdeler,U38,foot,TSP,Type 1,45,38,1,1375.6999999999998,1369.6999999999998,185.27677999999992,185.60437999999996,260.38999999999993,260.38999999999993,75.09999999999998,74.77999999999999,[38]
37000005,SE Omdeler,U38,foot,TSP,Type 2,45,38,1,1344.3999999999996,1344.2999999999997,186.98575999999994,186.99122,260.38999999999993,260.38999999999993,73.39999999999998,73.39999999999999,[38]
37000005,SE Omdeler,U39,foot,TSP,Type 1,45,,0,1375.6999999999998,1375.6999999999998,245.6267800000001,245.6267800000001,320.7400000000002,320.7400000000002,75.09999999999998,75.09999999999998,[]
37000005,SE Omdeler,U39,foot,TSP,Type 2,45,,0,1344.3999999999996,1344.3999999999996,247.33576000000014,247.33576000000014,320.7400000000002,320.7400000000002,73.39999999999998,73.39999999999998,[]
37000005,U18 Omdeler,Gns. Oms,foot,TSP,Type 1,45,,0,1375.6999999999998,1375.6999999999998,239.41468700000001,239.41468700000001,267.02000000000004,267.02000000000004,27.64,27.64,[]
37000005,U18 Omdeler,Gns. Oms,foot,TSP,Type 2,45,,0,1344.3999999999996,1344.3999999999996,240.043504,240.043504,267.02000000000004,267.02000000000004,27.009999999999998,27.009999999999998,[]
37000005,U18 Omdeler,U36,foot,TSP,Type 1,45,38,1,1375.6999999999998,1369.6999999999998,243.802187,243.922727,271.44,271.44,27.64,27.520000000000003,[38]
37000005,U18 Omdeler,U36,foot,TSP,Type 2,45,38,1,1344.3999999999996,1344.2999999999997,244.431004,244.433013,271.44,271.44,27.009999999999998,27.009999999999998,[38]
37000005,U18 Omdeler,U37,foot,TSP,Type 1,45,,0,1375.6999999999998,1375.6999999999998,188.00218700000002,188.00218700000002,215.64000000000007,215.64000000000007,27.64,27.64,[]
37000005,U18 Omdeler,U37,foot,TSP,Type 2,45,,0,1344.3999999999996,1344.3999999999996,188.63100400000002,188.63100400000002,215.64000000000007,215.64000000000007,27.009999999999998,27.009999999999998,[]
37000005,U18 Omdeler,U38,foot,TSP,Type 1,45,38,1,1375.6999999999998,1369.6999999999998,232.75218699999994,232.872727,260.38999999999993,260.38999999999993,27.64,27.520000000000003,[38]
37000005,U18 Omdeler,U38,foot,TSP,Type 2,45,38,1,1344.3999999999996,1344.2999999999997,233.38100399999993,233.38301299999998,260.38999999999993,260.38999999999993,27.009999999999998,27.009999999999998,[38]
37000005,U18 Omdeler,U39,foot,TSP,Type 1,45,,0,1375.6999999999998,1375.6999999999998,293.10218700000013,293.10218700000013,320.7400000000002,320.7400000000002,27.64,27.64,[]
37000005,U18 Omdeler,U39,foot,TSP,Type 2,45,,0,1344.3999999999996,1344.3999999999996,293.73100400000015,293.73100400000015,320.7400000000002,320.7400000000002,27.009999999999998,27.009999999999998,[]
37000007,O18 Omdeler,Gns. Oms,foot,TSP,Type 1,108,"69, 70",2,2348.199999999999,2189.2,524.9961200000001,527.13672,591.7400000000004,589.3600000000004,66.67000000000002,62.15000000000002,"[69, 70]"
37000007,O18 Omdeler,Gns. Oms,foot,TSP,Type 2,108,"69, 70",2,1424.4999999999995,1305.2999999999995,551.2292000000001,552.23948,591.7399999999997,589.3599999999997,40.46999999999999,37.08999999999999,"[69, 70]"
37000007,O18 Omdeler,U36,foot,TSP,Type 1,108,"69, 70",2,2348.199999999999,2189.2,572.39112,575.39672,639.0799999999998,637.5699999999998,66.67000000000002,62.15000000000002,"[69, 70]"
37000007,O18 Omdeler,U36,foot,TSP,Type 2,108,"69, 70",2,1424.4999999999995,1305.2999999999995,598.6242,600.49948,639.0799999999999,637.5699999999999,40.46999999999999,37.08999999999999,"[69, 70]"
37000007,O18 Omdeler,U37,foot,TSP,Type 1,108,"69, 70",2,2348.199999999999,2189.2,407.88112000000007,410.92672,474.5700000000001,473.10000000000014,66.67000000000002,62.15000000000002,"[69, 70]"
37000007,O18 Omdeler,U37,foot,TSP,Type 2,108,"69, 70, 74",3,1424.4999999999995,1113.8,434.11420000000004,437.03808,474.5700000000003,468.67000000000036,40.46999999999999,31.66000000000001,"[69, 70, 74]"
37000007,O18 Omdeler,U38,foot,TSP,Type 1,108,"69, 70",2,2348.199999999999,2189.2,517.9311200000002,518.7167200000001,584.6200000000003,580.8900000000003,66.67000000000002,62.15000000000002,"[69, 70]"
37000007,O18 Omdeler,U38,foot,TSP,Type 2,108,70,1,1424.4999999999995,1398.8999999999996,544.1642000000002,544.2312400000001,584.6200000000007,583.9600000000006,40.46999999999999,39.739999999999995,[70]
37000007,O18 Omdeler,U39,foot,TSP,Type 1,108,"69, 70",2,2348.199999999999,2189.2,601.7811199999999,603.5067199999999,668.4700000000005,665.6800000000004,66.67000000000002,62.15000000000002,"[69, 70]"
37000007,O18 Omdeler,U39,foot,TSP,Type 2,108,"69, 70",2,1424.4999999999995,1305.2999999999995,628.0141999999998,628.6094799999998,668.4699999999993,665.6799999999993,40.46999999999999,37.08999999999999,"[69, 70]"
37000007,SE Omdeler,Gns. Oms,foot,TSP,Type 1,108,"50, 69, 70",3,2348.199999999999,2067.8999999999996,463.4732800000001,470.68265999999994,591.7400000000004,583.6400000000003,128.19000000000003,112.89000000000003,"[50, 69, 70]"
37000007,SE Omdeler,Gns. Oms,foot,TSP,Type 2,108,"69, 70, 74",3,1424.4999999999995,1113.8,513.9073000000001,521.73902,591.7399999999997,582.5999999999998,77.72000000000004,60.74999999999997,"[69, 70, 74]"
37000007,SE Omdeler,U36,foot,TSP,Type 1,108,"50, 69, 70, 74",4,2348.199999999999,1952.2999999999995,510.86827999999997,518.9744199999999,639.0799999999998,625.5699999999998,128.19000000000003,106.57000000000004,"[50, 69, 70, 74]"
37000007,SE Omdeler,U36,foot,TSP,Type 2,108,"69, 70, 74",3,1424.4999999999995,1113.8,561.3023,570.7565199999999,639.0799999999999,631.57,77.72000000000004,60.74999999999997,"[69, 70, 74]"
37000007,SE Omdeler,U37,foot,TSP,Type 1,108,"50, 69, 70, 74",4,2348.199999999999,1952.2999999999995,346.3582800000001,357.64442,474.5700000000001,464.2400000000001,128.19000000000003,106.57000000000004,"[50, 69, 70, 74]"
37000007,SE Omdeler,U37,foot,TSP,Type 2,108,"69, 70, 74",3,1424.4999999999995,1113.8,396.79230000000007,407.85652,474.5700000000003,468.67000000000036,77.72000000000004,60.74999999999997,"[69, 70, 74]"
37000007,SE Omdeler,U38,foot,TSP,Type 1,108,"50, 69, 70",3,2348.199999999999,2067.8999999999996,456.40828000000016,462.5026600000001,584.6200000000003,575.4100000000003,128.19000000000003,112.89000000000003,"[50, 69, 70]"
37000007,SE Omdeler,U38,foot,TSP,Type 2,108,"69, 70, 74",3,1424.4999999999995,1113.8,506.84230000000014,510.4465200000001,584.6200000000007,571.2600000000008,77.72000000000004,60.74999999999997,"[69, 70, 74]"
37000007,SE Omdeler,U39,foot,TSP,Type 1,108,"69, 70",2,2348.199999999999,2189.2,540.2582799999998,546.1496799999998,668.4700000000005,665.6800000000004,128.19000000000003,119.51000000000002,"[69, 70]"
37000007,SE Omdeler,U39,foot,TSP,Type 2,108,"69, 70, 74",3,1424.4999999999995,1113.8,590.6922999999998,597.8965199999999,668.4699999999993,658.7099999999996,77.72000000000004,60.74999999999997,"[69, 70, 74]"
37000007,U18 Omdeler,Gns. Oms,foot,TSP,Type 1,108,"69, 70",2,2348.199999999999,2189.2,544.509662,545.3289719999999,591.7400000000004,589.3600000000004,47.13000000000001,43.93,"[69, 70]"
37000007,U18 Omdeler,Gns. Oms,foot,TSP,Type 2,108,"69, 70",2,1424.4999999999995,1305.2999999999995,563.0667950000001,563.0865229999999,591.7399999999997,589.3599999999997,28.610000000000007,26.21,"[69, 70]"
37000007,U18 Omdeler,U36,foot,TSP,Type 1,108,"69, 70",2,2348.199999999999,2189.2,591.9046619999999,593.5889719999999,639.0799999999998,637.5699999999998,47.13000000000001,43.93,"[69, 70]"
37000007,U18 Omdeler,U36,foot,TSP,Type 2,108,"69, 70",2,1424.4999999999995,1305.2999999999995,610.4617949999999,611.3465229999999,639.0799999999999,637.5699999999999,28.610000000000007,26.21,"[69, 70]"
37000007,U18 Omdeler,U37,foot,TSP,Type 1,108,"69, 70",2,2348.199999999999,2189.2,427.3946620000001,429.11897200000004,474.5700000000001,473.10000000000014,47.13000000000001,43.93,"[69, 70]"
37000007,U18 Omdeler,U37,foot,TSP,Type 2,108,"69, 70",2,1424.4999999999995,1305.2999999999995,445.95179500000006,446.876523,474.5700000000003,473.1000000000003,28.610000000000007,26.21,"[69, 70]"
37000007,U18 Omdeler,U38,foot,TSP,Type 1,108,,0,2348.199999999999,2348.199999999999,537.4446620000001,537.4446620000001,584.6200000000003,584.6200000000003,47.13000000000001,47.13000000000001,[]
37000007,U18 Omdeler,U38,foot,TSP,Type 2,108,,0,1424.4999999999995,1424.4999999999995,556.0017950000001,556.0017950000001,584.6200000000007,584.6200000000007,28.610000000000007,28.610000000000007,[]
37000007,U18 Omdeler,U39,foot,TSP,Type 1,108,"69, 70",2,2348.199999999999,2189.2,621.2946619999998,621.6989719999998,668.4700000000005,665.6800000000004,47.13000000000001,43.93,"[69, 70]"
37000007,U18 Omdeler,U39,foot,TSP,Type 2,108,,0,1424.4999999999995,1424.4999999999995,639.8517949999998,639.8517949999998,668.4699999999993,668.4699999999993,28.610000000000007,28.610000000000007,[]
37000008,O18 Omdeler,Gns. Oms,foot,TSP,Type 1,83,,0,2557.8,2557.8,397.1234799999999,397.1234799999999,469.7800000000002,469.7800000000002,72.63999999999997,72.63999999999997,[]
37000008,O18 Omdeler,Gns. Oms,foot,TSP,Type 2,83,,0,2126.2999999999997,2126.2999999999997,409.37807999999995,409.37807999999995,469.78000000000054,469.78000000000054,60.39,60.39,[]
37000008,O18 Omdeler,U36,foot,TSP,Type 1,83,18,1,2557.8,2557.8000000000006,424.14847999999995,424.14848,496.78999999999985,496.78999999999985,72.63999999999997,72.63999999999997,[18]
37000008,O18 Omdeler,U36,foot,TSP,Type 2,83,18,1,2126.2999999999997,2126.2999999999997,436.40308,436.40308000000005,496.78999999999985,496.78999999999985,60.39,60.39,[18]
37000008,O18 Omdeler,U37,foot,TSP,Type 1,83,,0,2557.8,2557.8,315.86848,315.86848,388.5100000000002,388.5100000000002,72.63999999999997,72.63999999999997,[]
37000008,O18 Omdeler,U37,foot,TSP,Type 2,83,,0,2126.2999999999997,2126.2999999999997,328.12308,328.12308,388.51000000000033,388.51000000000033,60.39,60.39,[]
37000008,O18 Omdeler,U38,foot,TSP,Type 1,83,,0,2557.8,2557.8,380.82848000000007,380.82848000000007,453.47000000000025,453.47000000000025,72.63999999999997,72.63999999999997,[]
37000008,O18 Omdeler,U38,foot,TSP,Type 2,83,,0,2126.2999999999997,2126.2999999999997,393.0830800000001,393.0830800000001,453.4700000000003,453.4700000000003,60.39,60.39,[]
37000008,O18 Omdeler,U39,foot,TSP,Type 1,83,,0,2557.8,2557.8,467.64848000000006,467.64848000000006,540.2900000000008,540.2900000000008,72.63999999999997,72.63999999999997,[]
37000008,O18 Omdeler,U39,foot,TSP,Type 2,83,,0,2126.2999999999997,2126.2999999999997,479.9030800000001,479.9030800000001,540.2900000000004,540.2900000000004,60.39,60.39,[]
37000008,SE Omdeler,Gns. Oms,foot,TSP,Type 1,83,69,1,2557.8,2442.8,330.1091199999999,330.66811999999993,469.7800000000002,464.0600000000002,139.66999999999996,133.39,[69]
37000008,SE Omdeler,Gns. Oms,foot,TSP,Type 2,83,70,1,2126.2999999999997,1956.3,353.66901999999993,356.44602,469.78000000000054,463.2800000000004,116.11999999999999,106.83999999999997,[70]
37000008,SE Omdeler,U36,foot,TSP,Type 1,83,69,1,2557.8,2442.8,357.13411999999994,357.41311999999994,496.78999999999985,490.78999999999985,139.66999999999996,133.39,[69]
37000008,SE Omdeler,U36,foot,TSP,Type 2,83,70,1,2126.2999999999997,1956.3,380.69401999999997,383.20601999999997,496.78999999999985,490.01999999999987,116.11999999999999,106.83999999999997,[70]
37000008,SE Omdeler,U37,foot,TSP,Type 1,83,"45, 68, 69",3,2557.8,2271.0000000000005,248.85411999999997,251.22339999999994,388.5100000000002,375.2200000000002,139.66999999999996,124.00999999999999,"[45, 68, 69]"
37000008,SE Omdeler,U37,foot,TSP,Type 2,83,"67, 68, 70",3,2126.2999999999997,1792.8999999999996,272.41402,276.55766,388.51000000000033,374.4500000000003,116.11999999999999,97.91999999999997,"[67, 68, 70]"
37000008,SE Omdeler,U38,foot,TSP,Type 1,83,69,1,2557.8,2442.8,313.81412000000006,314.61312000000004,453.47000000000025,447.99000000000024,139.66999999999996,133.39,[69]
37000008,SE Omdeler,U38,foot,TSP,Type 2,83,70,1,2126.2999999999997,1956.3,337.3740200000001,340.3960200000001,453.4700000000003,447.2100000000003,116.11999999999999,106.83999999999997,[70]
37000008,SE Omdeler,U39,foot,TSP,Type 1,83,,0,2557.8,2557.8,400.63412000000005,400.63412000000005,540.2900000000008,540.2900000000008,139.66999999999996,139.66999999999996,[]
37000008,SE Omdeler,U39,foot,TSP,Type 2,83,70,1,2126.2999999999997,1956.3,424.1940200000001,425.68602,540.2900000000004,532.5000000000007,116.11999999999999,106.83999999999997,[70]
37000008,U18 Omdeler,Gns. Oms,foot,TSP,Type 1,83,,0,2557.8,2557.8,418.3787979999999,418.3787979999999,469.7800000000002,469.7800000000002,51.42000000000001,51.42000000000001,[]
37000008,U18 Omdeler,Gns. Oms,foot,TSP,Type 2,83,,0,2126.2999999999997,2126.2999999999997,427.0476329999999,427.0476329999999,469.78000000000054,469.78000000000054,42.74,42.74,[]
37000008,U18 Omdeler,U36,foot,TSP,Type 1,83,18,1,2557.8,2557.8000000000006,445.40379799999994,445.403798,496.78999999999985,496.78999999999985,51.42000000000001,51.41000000000001,[18]
37000008,U18 Omdeler,U36,foot,TSP,Type 2,83,18,1,2126.2999999999997,2126.2999999999997,454.072633,454.07263300000005,496.78999999999985,496.78999999999985,42.74,42.73,[18]
37000008,U18 Omdeler,U37,foot,TSP,Type 1,83,,0,2557.8,2557.8,337.12379799999997,337.12379799999997,388.5100000000002,388.5100000000002,51.42000000000001,51.42000000000001,[]
37000008,U18 Omdeler,U37,foot,TSP,Type 2,83,,0,2126.2999999999997,2126.2999999999997,345.792633,345.792633,388.51000000000033,388.51000000000033,42.74,42.74,[]
37000008,U18 Omdeler,U38,foot,TSP,Type 1,83,,0,2557.8,2557.8,402.08379800000006,402.08379800000006,453.47000000000025,453.47000000000025,51.42000000000001,51.42000000000001,[]
37000008,U18 Omdeler,U38,foot,TSP,Type 2,83,,0,2126.2999999999997,2126.2999999999997,410.75263300000006,410.75263300000006,453.4700000000003,453.4700000000003,42.74,42.74,[]
37000008,U18 Omdeler,U39,foot,TSP,Type 1,83,,0,2557.8,2557.8,488.90379800000005,488.90379800000005,540.2900000000008,540.2900000000008,51.42000000000001,51.42000000000001,[]
37000008,U18 Omdeler,U39,foot,TSP,Type 2,83,,0,2126.2999999999997,2126.2999999999997,497.5726330000001,497.5726330000001,540.2900000000004,540.2900000000004,42.74,42.74,[]
37000009,O18 Omdeler,Gns. Oms,foot,TSP,Type 1,141,"65, 66, 70",3,4133.3,3997.0,625.5317799999999,626.7977,742.7900000000009,740.1900000000009,117.34000000000002,113.47000000000003,"[65, 66, 70]"
37000009,O18 Omdeler,Gns. Oms,foot,TSP,Type 2,141,"65, 66",2,3168.9999999999995,2940.5999999999995,652.9178999999999,657.2519599999999,742.7900000000008,740.6400000000007,89.98000000000006,83.51000000000006,"[65, 66]"
37000009,O18 Omdeler,U36,foot,TSP,Type 1,141,"65, 66, 70",3,4133.3,3997.0,641.9542799999999,645.3851999999999,759.3399999999997,758.8999999999997,117.34000000000002,113.47000000000003,"[65, 66, 70]"
37000009,O18 Omdeler,U36,foot,TSP,Type 2,141,"65, 66",2,3168.9999999999995,2940.5999999999995,669.3403999999999,675.82696,759.3399999999999,759.3399999999999,89.98000000000006,83.51000000000006,"[65, 66]"
37000009,O18 Omdeler,U37,foot,TSP,Type 1,141,"65, 66, 70",3,4133.3,3997.0,470.17427999999995,471.9052,587.5599999999996,585.4199999999996,117.34000000000002,113.47000000000003,"[65, 66, 70]"
37000009,O18 Omdeler,U37,foot,TSP,Type 2,141,"65, 66",2,3168.9999999999995,2940.5999999999995,497.56039999999996,502.34696,587.5599999999998,585.8599999999999,89.98000000000006,83.51000000000006,"[65, 66]"
37000009,O18 Omdeler,U38,foot,TSP,Type 1,141,"65, 66, 71",3,4133.3,3990.8,598.5542800000001,602.6012800000001,715.9400000000005,715.9400000000005,117.34000000000002,113.29000000000002,"[65, 66, 71]"
37000009,O18 Omdeler,U38,foot,TSP,Type 2,141,"65, 66",2,3168.9999999999995,2940.5999999999995,625.9404000000001,632.4269600000001,715.9400000000007,715.9400000000007,89.98000000000006,83.51000000000006,"[65, 66]"
37000009,O18 Omdeler,U39,foot,TSP,Type 1,141,70,1,4133.3,4103.7,791.4442799999999,791.7949199999999,908.830000000001,908.3400000000009,117.34000000000002,116.50000000000001,[70]
37000009,O18 Omdeler,U39,foot,TSP,Type 2,141,65,1,3168.9999999999995,3000.9,818.8303999999999,821.4144399999999,908.8300000000008,906.6400000000009,89.98000000000006,85.22000000000007,[65]
37000009,SE Omdeler,Gns. Oms,foot,TSP,Type 1,141,"65, 66, 70",3,4133.3,3997.0,517.2393199999999,522.0763000000001,742.7900000000009,740.1900000000009,225.64999999999986,218.20999999999984,"[65, 66, 70]"
37000009,SE Omdeler,Gns. Oms,foot,TSP,Type 2,141,"65, 66",2,3168.9999999999995,2940.5999999999995,569.8901,580.2082399999999,742.7900000000008,740.6400000000007,172.95000000000002,160.4900000000001,"[65, 66]"
37000009,SE Omdeler,U36,foot,TSP,Type 1,141,"65, 66, 70",3,4133.3,3997.0,533.6618199999999,540.6638,759.3399999999997,758.8999999999997,225.64999999999986,218.20999999999984,"[65, 66, 70]"
37000009,SE Omdeler,U36,foot,TSP,Type 2,141,"65, 66",2,3168.9999999999995,2940.5999999999995,586.3126,598.78324,759.3399999999999,759.3399999999999,172.95000000000002,160.4900000000001,"[65, 66]"
37000009,SE Omdeler,U37,foot,TSP,Type 1,141,"65, 66, 70",3,4133.3,3997.0,361.88181999999995,367.18379999999996,587.5599999999996,585.4199999999996,225.64999999999986,218.20999999999984,"[65, 66, 70]"
37000009,SE Omdeler,U37,foot,TSP,Type 2,141,"65, 66",2,3168.9999999999995,2940.5999999999995,414.5326,425.3032400000001,587.5599999999998,585.8599999999999,172.95000000000002,160.4900000000001,"[65, 66]"
37000009,SE Omdeler,U38,foot,TSP,Type 1,141,"65, 66, 71",3,4133.3,3990.8,490.26182000000006,498.0423200000001,715.9400000000005,715.9400000000005,225.64999999999986,217.8699999999998,"[65, 66, 71]"
37000009,SE Omdeler,U38,foot,TSP,Type 2,141,"65, 66",2,3168.9999999999995,2940.5999999999995,542.9126000000001,555.3832400000001,715.9400000000007,715.9400000000007,172.95000000000002,160.4900000000001,"[65, 66]"
37000009,SE Omdeler,U39,foot,TSP,Type 1,141,65,1,4133.3,4063.8,683.1518199999999,684.7565199999999,908.830000000001,906.640000000001,225.64999999999986,221.85999999999987,[65]
37000009,SE Omdeler,U39,foot,TSP,Type 2,141,65,1,3168.9999999999995,3000.9,735.8026,742.79086,908.8300000000008,906.6400000000009,172.95000000000002,163.8,[65]
37000009,U18 Omdeler,Gns. Oms,foot,TSP,Type 1,141,65,1,4133.3,4063.8,659.8795029999999,660.3032579999999,742.7900000000009,741.8200000000008,83.07,81.67999999999999,[65]
37000009,U18 Omdeler,Gns. Oms,foot,TSP,Type 2,141,"65, 66",2,3168.9999999999995,2940.5999999999995,679.2522899999999,681.6883459999999,742.7900000000008,740.6400000000007,63.65000000000003,59.080000000000034,"[65, 66]"
37000009,U18 Omdeler,U36,foot,TSP,Type 1,141,"65, 66, 70",3,4133.3,3997.0,676.3020029999999,678.6002699999999,759.3399999999997,758.8999999999997,83.07,80.33,"[65, 66, 70]"
37000009,U18 Omdeler,U36,foot,TSP,Type 2,141,"65, 66",2,3168.9999999999995,2940.5999999999995,695.6747899999999,700.263346,759.3399999999999,759.3399999999999,63.65000000000003,59.080000000000034,"[65, 66]"
37000009,U18 Omdeler,U37,foot,TSP,Type 1,141,"65, 66, 70",3,4133.3,3997.0,504.5220029999999,505.12026999999995,587.5599999999996,585.4199999999996,83.07,80.33,"[65, 66, 70]"
37000009,U18 Omdeler,U37,foot,TSP,Type 2,141,"65, 66",2,3168.9999999999995,2940.5999999999995,523.89479,526.783346,587.5599999999998,585.8599999999999,63.65000000000003,59.080000000000034,"[65, 66]"
37000009,U18 Omdeler,U38,foot,TSP,Type 1,141,"65, 66, 71",3,4133.3,3990.8,632.902003,635.7648280000001,715.9400000000005,715.9400000000005,83.07,80.21,"[65, 66, 71]"
37000009,U18 Omdeler,U38,foot,TSP,Type 2,141,"65, 66",2,3168.9999999999995,2940.5999999999995,652.27479,656.8633460000001,715.9400000000007,715.9400000000007,63.65000000000003,59.080000000000034,"[65, 66]"
37000009,U18 Omdeler,U39,foot,TSP,Type 1,141,70,1,4133.3,4103.7,825.7920029999999,825.8966669999999,908.830000000001,908.3400000000009,83.07,82.47,[70]
37000009,U18 Omdeler,U39,foot,TSP,Type 2,141,65,1,3168.9999999999995,3000.9,845.1647899999999,846.3519189999998,908.8300000000008,906.6400000000009,63.65000000000003,60.24000000000002,[65]
37000010,O18 Omdeler,Gns. Oms,foot,TSP,Type 1,150,147,1,4693.4,4626.6,728.8524399999999,729.9070599999999,862.0600000000013,861.2200000000013,133.32,131.42999999999998,[147]
37000010,O18 Omdeler,Gns. Oms,foot,TSP,Type 2,150,148,1,2989.2999999999993,2915.3999999999987,777.2488799999999,778.6926399999999,862.0600000000011,861.4000000000011,84.86999999999996,82.76999999999998,[148]
37000010,O18 Omdeler,U36,foot,TSP,Type 1,150,"147, 148",2,4693.4,4625.4,746.24744,748.17864,879.5399999999997,879.5399999999997,133.32,131.4,"[147, 148]"
37000010,O18 Omdeler,U36,foot,TSP,Type 2,150,148,1,2989.2999999999993,2915.3999999999987,794.64388,796.7426399999999,879.5399999999996,879.5399999999996,84.86999999999996,82.76999999999998,[148]
37000010,O18 Omdeler,U37,foot,TSP,Type 1,150,147,1,4693.4,4626.6,560.26744,560.56456,693.5599999999993,691.9599999999992,133.32,131.42999999999998,[147]
37000010,O18 Omdeler,U37,foot,TSP,Type 2,150,148,1,2989.2999999999993,2915.3999999999987,608.66388,609.91264,693.5599999999994,692.7099999999995,84.86999999999996,82.76999999999998,[148]
37000010,O18 Omdeler,U38,foot,TSP,Type 1,150,"97, 147, 148, 149",4,4693.4,4621.200000000001,694.9774400000002,697.0279200000001,828.2700000000007,828.2700000000007,133.32,131.26999999999998,"[97, 147, 148, 149]"
37000010,O18 Omdeler,U38,foot,TSP,Type 2,150,148,1,2989.2999999999993,2915.3999999999987,743.3738800000002,745.4726400000002,828.2700000000009,828.2700000000009,84.86999999999996,82.76999999999998,[148]
37000010,O18 Omdeler,U39,foot,TSP,Type 1,150,147,1,4693.4,4626.6,913.91744,914.04456,1047.210000000001,1045.440000000001,133.32,131.42999999999998,[147]
37000010,O18 Omdeler,U39,foot,TSP,Type 2,150,148,1,2989.2999999999993,2915.3999999999987,962.31388,962.64264,1047.2100000000012,1045.4400000000012,84.86999999999996,82.76999999999998,[148]
37000010,SE Omdeler,Gns. Oms,foot,TSP,Type 1,150,147,1,4693.4,4626.6,605.8853599999999,608.6901399999998,862.0600000000013,861.2200000000013,256.2100000000001,252.5600000000001,[147]
37000010,SE Omdeler,Gns. Oms,foot,TSP,Type 2,150,148,1,2989.2999999999993,2915.3999999999987,698.9292199999999,702.3091599999999,862.0600000000011,861.4000000000011,163.19000000000005,159.16000000000005,[148]
37000010,SE Omdeler,U36,foot,TSP,Type 1,150,"147, 148",2,4693.4,4625.4,623.28036,626.99316,879.5399999999997,879.5399999999997,256.2100000000001,252.5000000000001,"[147, 148]"
37000010,SE Omdeler,U36,foot,TSP,Type 2,150,148,1,2989.2999999999993,2915.3999999999987,716.32422,720.35916,879.5399999999996,879.5399999999996,163.19000000000005,159.16000000000005,[148]
37000010,SE Omdeler,U37,foot,TSP,Type 1,150,147,1,4693.4,4626.6,437.30035999999996,439.34764,693.5599999999993,691.9599999999992,256.2100000000001,252.5600000000001,[147]
37000010,SE Omdeler,U37,foot,TSP,Type 2,150,148,1,2989.2999999999993,2915.3999999999987,530.34422,533.52916,693.5599999999994,692.7099999999995,163.19000000000005,159.16000000000005,[148]
37000010,SE Omdeler,U38,foot,TSP,Type 1,150,"97, 147, 148, 149",4,4693.4,4621.200000000001,572.0103600000002,575.95248,828.2700000000007,828.2700000000007,256.2100000000001,252.2700000000001,"[97, 147, 148, 149]"
37000010,SE Omdeler,U38,foot,TSP,Type 2,150,148,1,2989.2999999999993,2915.3999999999987,665.0542200000002,669.0891600000002,828.2700000000009,828.2700000000009,163.19000000000005,159.16000000000005,[148]
37000010,SE Omdeler,U39,foot,TSP,Type 1,150,147,1,4693.4,4626.6,790.95036,792.82764,1047.210000000001,1045.440000000001,256.2100000000001,252.5600000000001,[147]
37000010,SE Omdeler,U39,foot,TSP,Type 2,150,148,1,2989.2999999999993,2915.3999999999987,883.99422,886.2591600000001,1047.2100000000012,1045.4400000000012,163.19000000000005,159.16000000000005,[148]
37000010,U18 Omdeler,Gns. Oms,foot,TSP,Type 1,150,147,1,4693.4,4626.6,767.8545939999999,768.3541059999999,862.0600000000013,861.2200000000013,94.32,92.97999999999998,[147]
37000010,U18 Omdeler,Gns. Oms,foot,TSP,Type 2,150,148,1,2989.2999999999993,2915.3999999999987,802.0899629999999,802.9196139999999,862.0600000000011,861.4000000000011,60.04999999999999,58.559999999999995,[148]
37000010,U18 Omdeler,U36,foot,TSP,Type 1,150,"147, 148",2,4693.4,4625.4,785.249594,786.615714,879.5399999999997,879.5399999999997,94.32,92.94999999999999,"[147, 148]"
37000010,U18 Omdeler,U36,foot,TSP,Type 2,150,148,1,2989.2999999999993,2915.3999999999987,819.484963,820.969614,879.5399999999996,879.5399999999996,60.04999999999999,58.559999999999995,[148]
37000010,U18 Omdeler,U37,foot,TSP,Type 1,150,53,1,4693.4,4693.400000000001,599.269594,599.2695940000001,693.5599999999993,693.5599999999993,94.32,94.32,[53]
37000010,U18 Omdeler,U37,foot,TSP,Type 2,150,148,1,2989.2999999999993,2915.3999999999987,633.504963,634.139614,693.5599999999994,692.7099999999995,60.04999999999999,58.559999999999995,[148]
37000010,U18 Omdeler,U38,foot,TSP,Type 1,150,"97, 147, 148, 149",4,4693.4,4621.200000000001,733.9795940000002,735.4300920000001,828.2700000000007,828.2700000000007,94.32,92.88,"[97, 147, 148, 149]"
37000010,U18 Omdeler,U38,foot,TSP,Type 2,150,148,1,2989.2999999999993,2915.3999999999987,768.2149630000002,769.6996140000002,828.2700000000009,828.2700000000009,60.04999999999999,58.559999999999995,[148]
37000010,U18 Omdeler,U39,foot,TSP,Type 1,150,,0,4693.4,4693.4,952.9195940000001,952.9195940000001,1047.210000000001,1047.210000000001,94.32,94.32,[]
37000010,U18 Omdeler,U39,foot,TSP,Type 2,150,,0,2989.2999999999993,2989.2999999999993,987.1549630000001,987.1549630000001,1047.2100000000012,1047.2100000000012,60.04999999999999,60.04999999999999,[]
37000011,O18 Omdeler,Gns. Oms,foot,TSP,Type 1,147,32,1,4134.200000000001,3705.400000000001,610.4612199999999,621.72664,727.7700000000002,726.8600000000001,117.42999999999998,105.24,[32]
37000011,O18 Omdeler,Gns. Oms,foot,TSP,Type 2,147,32,1,2758.3000000000015,2421.300000000001,649.5367799999999,658.19508,727.7700000000003,726.8600000000002,78.32,68.74999999999997,[32]
37000011,O18 Omdeler,U36,foot,TSP,Type 1,147,32,1,4134.200000000001,3705.400000000001,638.91872,651.0966399999999,756.3299999999997,756.3299999999997,117.42999999999998,105.24,[32]
37000011,O18 Omdeler,U36,foot,TSP,Type 2,147,32,1,2758.3000000000015,2421.300000000001,677.99428,687.5650799999999,756.3299999999995,756.3299999999995,78.32,68.74999999999997,[32]
37000011,O18 Omdeler,U37,foot,TSP,Type 1,147,32,1,4134.200000000001,3705.400000000001,476.01872000000003,486.59663999999987,593.4299999999994,591.8299999999994,117.42999999999998,105.24,[32]
37000011,O18 Omdeler,U37,foot,TSP,Type 2,147,32,1,2758.3000000000015,2421.300000000001,515.09428,523.0650799999999,593.4299999999996,591.8299999999996,78.32,68.74999999999997,[32]
37000011,O18 Omdeler,U38,foot,TSP,Type 1,147,"32, 61, 62",3,4134.200000000001,3121.600000000002,557.2287200000001,585.9865599999999,674.6400000000007,674.6400000000007,117.42999999999998,88.65,"[32, 61, 62]"
37000011,O18 Omdeler,U38,foot,TSP,Type 2,147,32,1,2758.3000000000015,2421.300000000001,596.3042800000001,605.87508,674.6400000000006,674.6400000000006,78.32,68.74999999999997,[32]
37000011,O18 Omdeler,U39,foot,TSP,Type 1,147,32,1,4134.200000000001,3705.400000000001,769.6787199999999,779.8066399999999,887.0900000000008,885.0400000000009,117.42999999999998,105.24,[32]
37000011,O18 Omdeler,U39,foot,TSP,Type 2,147,32,1,2758.3000000000015,2421.300000000001,808.7542799999999,816.2750799999999,887.0900000000008,885.0400000000009,78.32,68.74999999999997,[32]
37000011,SE Omdeler,Gns. Oms,foot,TSP,Type 1,147,"32, 122, 123",3,4134.200000000001,3657.8000000000006,502.14517999999987,524.9416199999998,727.7700000000002,724.5600000000002,225.71999999999989,199.7099999999999,"[32, 122, 123]"
37000011,SE Omdeler,Gns. Oms,foot,TSP,Type 2,147,32,1,2758.3000000000015,2421.300000000001,577.2693199999999,594.75702,727.7700000000003,726.8600000000002,150.60999999999999,132.20999999999998,[32]
37000011,SE Omdeler,U36,foot,TSP,Type 1,147,"32, 122, 123",3,4134.200000000001,3657.8000000000006,530.60268,554.8441199999999,756.3299999999997,754.5599999999997,225.71999999999989,199.7099999999999,"[32, 122, 123]"
37000011,SE Omdeler,U36,foot,TSP,Type 2,147,32,1,2758.3000000000015,2421.300000000001,605.72682,624.1270199999999,756.3299999999995,756.3299999999995,150.60999999999999,132.20999999999998,[32]
37000011,SE Omdeler,U37,foot,TSP,Type 1,147,"32, 122, 123",3,4134.200000000001,3657.8000000000006,367.70268,390.36411999999984,593.4299999999994,590.0799999999995,225.71999999999989,199.7099999999999,"[32, 122, 123]"
37000011,SE Omdeler,U37,foot,TSP,Type 2,147,32,1,2758.3000000000015,2421.300000000001,442.82682,459.6270199999999,593.4299999999996,591.8299999999996,150.60999999999999,132.20999999999998,[32]
37000011,SE Omdeler,U38,foot,TSP,Type 1,147,"32, 61, 62",3,4134.200000000001,3121.600000000002,448.91268,504.20063999999985,674.6400000000007,674.6400000000007,225.71999999999989,170.43,"[32, 61, 62]"
37000011,SE Omdeler,U38,foot,TSP,Type 2,147,32,1,2758.3000000000015,2421.300000000001,524.03682,542.4370200000001,674.6400000000006,674.6400000000006,150.60999999999999,132.20999999999998,[32]
37000011,SE Omdeler,U39,foot,TSP,Type 1,147,32,1,4134.200000000001,3705.400000000001,661.3626799999998,682.7251599999998,887.0900000000008,885.0400000000009,225.71999999999989,202.30999999999992,[32]
37000011,SE Omdeler,U39,foot,TSP,Type 2,147,32,1,2758.3000000000015,2421.300000000001,736.4868199999999,752.8370199999999,887.0900000000008,885.0400000000009,150.60999999999999,132.20999999999998,[32]
37000011,U18 Omdeler,Gns. Oms,foot,TSP,Type 1,147,32,1,4134.200000000001,3705.400000000001,644.8164219999999,652.518514,727.7700000000002,726.8600000000001,82.95000000000002,74.34000000000003,[32]
37000011,U18 Omdeler,Gns. Oms,foot,TSP,Type 2,147,32,1,2758.3000000000015,2421.300000000001,672.4582529999999,678.316083,727.7700000000003,726.8600000000002,55.390000000000015,48.63000000000001,[32]
37000011,U18 Omdeler,U36,foot,TSP,Type 1,147,32,1,4134.200000000001,3705.400000000001,673.2739220000001,681.888514,756.3299999999997,756.3299999999997,82.95000000000002,74.34000000000003,[32]
37000011,U18 Omdeler,U36,foot,TSP,Type 2,147,32,1,2758.3000000000015,2421.300000000001,700.915753,707.6860829999999,756.3299999999995,756.3299999999995,55.390000000000015,48.63000000000001,[32]
37000011,U18 Omdeler,U37,foot,TSP,Type 1,147,32,1,4134.200000000001,3705.400000000001,510.37392200000005,517.3885139999999,593.4299999999994,591.8299999999994,82.95000000000002,74.34000000000003,[32]
37000011,U18 Omdeler,U37,foot,TSP,Type 2,147,32,1,2758.3000000000015,2421.300000000001,538.015753,543.1860829999999,593.4299999999996,591.8299999999996,55.390000000000015,48.63000000000001,[32]
37000011,U18 Omdeler,U38,foot,TSP,Type 1,147,"32, 61, 62",3,4134.200000000001,3121.600000000002,591.583922,611.9270559999999,674.6400000000007,674.6400000000007,82.95000000000002,62.62000000000002,"[32, 61, 62]"
37000011,U18 Omdeler,U38,foot,TSP,Type 2,147,32,1,2758.3000000000015,2421.300000000001,619.225753,625.9960830000001,674.6400000000006,674.6400000000006,55.390000000000015,48.63000000000001,[32]
37000011,U18 Omdeler,U39,foot,TSP,Type 1,147,32,1,4134.200000000001,3705.400000000001,804.0339219999998,810.5985139999999,887.0900000000008,885.0400000000009,82.95000000000002,74.34000000000003,[32]
37000011,U18 Omdeler,U39,foot,TSP,Type 2,147,32,1,2758.3000000000015,2421.300000000001,831.6757529999999,836.396083,887.0900000000008,885.0400000000009,55.390000000000015,48.63000000000001,[32]
37000012,O18 Omdeler,Gns. Oms,foot,TSP,Type 1,99,,0,2864.5,2864.5,441.91819999999996,441.91819999999996,523.2400000000004,523.2400000000004,81.30000000000004,81.30000000000004,[]
37000012,O18 Omdeler,Gns. Oms,foot,TSP,Type 2,99,59,1,2231.6,2180.0000000000005,459.89256,460.8055,523.2400000000005,522.6900000000006,63.31999999999998,61.86000000000003,[59]
37000012,O18 Omdeler,U36,foot,TSP,Type 1,99,23,1,2864.5,2847.5,449.69819999999993,450.1809999999999,531.0499999999997,531.0499999999997,81.30000000000004,80.81000000000003,[23]
37000012,O18 Omdeler,U36,foot,TSP,Type 2,99,59,1,2231.6,2180.0000000000005,467.67256,469.138,531.0499999999998,531.0499999999998,63.31999999999998,61.86000000000003,[59]
37000012,O18 Omdeler,U37,foot,TSP,Type 1,99,59,1,2864.5,2863.0,341.6882,341.73079999999993,423.04000000000025,423.04000000000025,81.30000000000004,81.26000000000003,[59]
37000012,O18 Omdeler,U37,foot,TSP,Type 2,99,59,1,2231.6,2180.0000000000005,359.66256000000004,361.128,423.04000000000025,423.0400000000002,63.31999999999998,61.86000000000003,[59]
37000012,O18 Omdeler,U38,foot,TSP,Type 1,99,"52, 53",2,2864.5,2492.2000000000003,433.70820000000003,444.28152,515.0600000000002,515.0600000000002,81.30000000000004,70.72999999999999,"[52, 53]"
37000012,O18 Omdeler,U38,foot,TSP,Type 2,99,58,1,2231.6,2170.900000000001,451.6825600000001,452.58644,515.0600000000003,514.2400000000004,63.31999999999998,61.62000000000002,[58]
37000012,O18 Omdeler,U39,foot,TSP,Type 1,99,59,1,2864.5,2863.0,542.5781999999999,542.6207999999999,623.9300000000006,623.9300000000006,81.30000000000004,81.26000000000003,[59]
37000012,O18 Omdeler,U39,foot,TSP,Type 2,99,59,1,2231.6,2180.0000000000005,560.55256,562.0179999999999,623.9300000000006,623.9300000000006,63.31999999999998,61.86000000000003,[59]
37000012,SE Omdeler,Gns. Oms,foot,TSP,Type 1,99,58,1,2864.5,2846.7,366.8683,367.00768,523.2400000000004,522.4100000000003,156.42000000000007,155.44000000000008,[58]
37000012,SE Omdeler,Gns. Oms,foot,TSP,Type 2,99,58,1,2231.6,2170.900000000001,401.42463999999995,403.9063599999999,523.2400000000005,522.4100000000007,121.85999999999996,118.50999999999999,[58]
37000012,SE Omdeler,U36,foot,TSP,Type 1,99,"23, 58, 59",3,2864.5,2829.7,374.64829999999995,375.72838,531.0499999999997,530.2299999999998,156.42000000000007,154.53000000000006,"[23, 58, 59]"
37000012,SE Omdeler,U36,foot,TSP,Type 2,99,59,1,2231.6,2180.0000000000005,409.2046399999999,412.0219999999999,531.0499999999998,531.0499999999998,121.85999999999996,119.02999999999999,[59]
37000012,SE Omdeler,U37,foot,TSP,Type 1,99,58,1,2864.5,2846.7,266.6383,266.79018,423.04000000000025,422.22000000000025,156.42000000000007,155.44000000000008,[58]
37000012,SE Omdeler,U37,foot,TSP,Type 2,99,59,1,2231.6,2180.0000000000005,301.19464000000005,304.01199999999994,423.04000000000025,423.0400000000002,121.85999999999996,119.02999999999999,[59]
37000012,SE Omdeler,U38,foot,TSP,Type 1,99,"52, 53, 58",3,2864.5,2474.4,358.65830000000005,379.1377600000001,515.0600000000002,514.2400000000001,156.42000000000007,135.11,"[52, 53, 58]"
37000012,SE Omdeler,U38,foot,TSP,Type 2,99,58,1,2231.6,2170.900000000001,393.21464000000003,395.7088599999999,515.0600000000003,514.2400000000004,121.85999999999996,118.50999999999999,[58]
37000012,SE Omdeler,U39,foot,TSP,Type 1,99,"58, 59",2,2864.5,2846.7,467.52829999999994,467.6301799999998,623.9300000000006,623.0600000000006,156.42000000000007,155.45000000000007,"[58, 59]"
37000012,SE Omdeler,U39,foot,TSP,Type 2,99,59,1,2231.6,2180.0000000000005,502.0846399999999,504.9019999999999,623.9300000000006,623.9300000000006,121.85999999999996,119.02999999999999,[59]
37000012,U18 Omdeler,Gns. Oms,foot,TSP,Type 1,99,,0,2864.5,2864.5,465.722195,465.722195,523.2400000000004,523.2400000000004,57.539999999999985,57.539999999999985,[]
37000012,U18 Omdeler,Gns. Oms,foot,TSP,Type 2,99,59,1,2231.6,2180.0000000000005,478.43715599999996,478.9212999999999,523.2400000000005,522.6900000000006,44.83,43.82,[59]
37000012,U18 Omdeler,U36,foot,TSP,Type 1,99,23,1,2864.5,2847.5,473.502195,473.84372499999995,531.0499999999997,531.0499999999997,57.539999999999985,57.19999999999999,[23]
37000012,U18 Omdeler,U36,foot,TSP,Type 2,99,59,1,2231.6,2180.0000000000005,486.21715599999993,487.2537999999999,531.0499999999998,531.0499999999998,44.83,43.82,[59]
37000012,U18 Omdeler,U37,foot,TSP,Type 1,99,59,1,2864.5,2863.0,365.49219500000004,365.52232999999995,423.04000000000025,423.04000000000025,57.539999999999985,57.509999999999984,[59]
37000012,U18 Omdeler,U37,foot,TSP,Type 2,99,59,1,2231.6,2180.0000000000005,378.207156,379.2437999999999,423.04000000000025,423.0400000000002,44.83,43.82,[59]
37000012,U18 Omdeler,U38,foot,TSP,Type 1,99,"52, 53",2,2864.5,2492.2000000000003,457.5121950000001,464.9917020000001,515.0600000000002,515.0600000000002,57.539999999999985,50.04999999999999,"[52, 53]"
37000012,U18 Omdeler,U38,foot,TSP,Type 2,99,58,1,2231.6,2170.900000000001,470.22715600000004,470.62661899999995,515.0600000000003,514.2400000000004,44.83,43.620000000000026,[58]
37000012,U18 Omdeler,U39,foot,TSP,Type 1,99,59,1,2864.5,2863.0,566.3821949999999,566.4123299999999,623.9300000000006,623.9300000000006,57.539999999999985,57.509999999999984,[59]
37000012,U18 Omdeler,U39,foot,TSP,Type 2,99,59,1,2231.6,2180.0000000000005,579.0971559999999,580.1338,623.9300000000006,623.9300000000006,44.83,43.82,[59]
37000013,O18 Omdeler,Gns. Oms,foot,TSP,Type 1,182,,0,3636.099999999998,3636.099999999998,933.1872599999999,933.1872599999999,1036.3300000000008,1036.3300000000008,103.25000000000016,103.25000000000016,[]
37000013,O18 Omdeler,Gns. Oms,foot,TSP,Type 2,182,34,1,2509.9000000000005,2423.2999999999997,965.1713399999999,965.9657799999999,1036.3300000000008,1034.6600000000014,71.30000000000004,68.83000000000004,[34]
37000013,O18 Omdeler,U36,foot,TSP,Type 1,182,14,1,3636.099999999998,3609.599999999998,971.6547600000001,972.4073599999999,1074.9199999999994,1074.9199999999994,103.25000000000016,102.50000000000016,[14]
37000013,O18 Omdeler,U36,foot,TSP,Type 2,182,34,1,2509.9000000000005,2423.2999999999997,1003.6388400000001,1004.4382799999997,1074.9199999999994,1073.2599999999995,71.30000000000004,68.83000000000004,[34]
37000013,O18 Omdeler,U37,foot,TSP,Type 1,182,64,1,3636.099999999998,3635.999999999998,732.3347600000001,732.3376000000002,835.5999999999989,835.5999999999989,103.25000000000016,103.26000000000016,[64]
37000013,O18 Omdeler,U37,foot,TSP,Type 2,182,34,1,2509.9000000000005,2423.2999999999997,764.31884,765.15828,835.5999999999991,833.9799999999989,71.30000000000004,68.83000000000004,[34]
37000013,O18 Omdeler,U38,foot,TSP,Type 1,182,14,1,3636.099999999998,3609.599999999998,890.3947600000001,891.1473600000002,993.6600000000011,993.6600000000011,103.25000000000016,102.50000000000016,[14]
37000013,O18 Omdeler,U38,foot,TSP,Type 2,182,34,1,2509.9000000000005,2423.2999999999997,922.3788400000001,923.1982800000002,993.6600000000011,992.0200000000011,71.30000000000004,68.83000000000004,[34]
37000013,O18 Omdeler,U39,foot,TSP,Type 1,182,,0,3636.099999999998,3636.099999999998,1138.36476,1138.36476,1241.630000000001,1241.630000000001,103.25000000000016,103.25000000000016,[]
37000013,O18 Omdeler,U39,foot,TSP,Type 2,182,34,1,2509.9000000000005,2423.2999999999997,1170.3488399999999,1171.06828,1241.630000000001,1239.8900000000006,71.30000000000004,68.83000000000004,[34]
37000013,SE Omdeler,Gns. Oms,foot,TSP,Type 1,182,14,1,3636.099999999998,3609.599999999998,837.92144,838.3133400000002,1036.3300000000008,1035.270000000001,198.55000000000007,197.10000000000008,[14]
37000013,SE Omdeler,Gns. Oms,foot,TSP,Type 2,182,34,1,2509.9000000000005,2423.2999999999997,899.4119599999998,902.4753199999999,1036.3300000000008,1034.6600000000014,137.01,132.26999999999987,[34]
37000013,SE Omdeler,U36,foot,TSP,Type 1,182,14,1,3636.099999999998,3609.599999999998,876.3889400000002,877.83584,1074.9199999999994,1074.9199999999994,198.55000000000007,197.10000000000008,[14]
37000013,SE Omdeler,U36,foot,TSP,Type 2,182,34,1,2509.9000000000005,2423.2999999999997,937.87946,940.9478199999998,1074.9199999999994,1073.2599999999995,137.01,132.26999999999987,[34]
37000013,SE Omdeler,U37,foot,TSP,Type 1,182,"64, 111, 112",3,3636.099999999998,3438.7999999999984,637.0689400000001,638.2115200000001,835.5999999999989,825.9699999999989,198.55000000000007,187.7800000000001,"[64, 111, 112]"
37000013,SE Omdeler,U37,foot,TSP,Type 2,182,55,1,2509.9000000000005,2357.0999999999995,698.55946,702.47234,835.5999999999991,831.1699999999992,137.01,128.66999999999985,[55]
37000013,SE Omdeler,U38,foot,TSP,Type 1,182,14,1,3636.099999999998,3609.599999999998,795.1289400000002,796.5758400000002,993.6600000000011,993.6600000000011,198.55000000000007,197.10000000000008,[14]
37000013,SE Omdeler,U38,foot,TSP,Type 2,182,34,1,2509.9000000000005,2423.2999999999997,856.61946,859.7078200000002,993.6600000000011,992.0200000000011,137.01,132.26999999999987,[34]
37000013,SE Omdeler,U39,foot,TSP,Type 1,182,,0,3636.099999999998,3636.099999999998,1043.0989399999999,1043.0989399999999,1241.630000000001,1241.630000000001,198.55000000000007,198.55000000000007,[]
37000013,SE Omdeler,U39,foot,TSP,Type 2,182,34,1,2509.9000000000005,2423.2999999999997,1104.58946,1107.57782,1241.630000000001,1239.8900000000006,137.01,132.26999999999987,[34]
37000013,U18 Omdeler,Gns. Oms,foot,TSP,Type 1,182,,0,3636.099999999998,3636.099999999998,963.403251,963.403251,1036.3300000000008,1036.3300000000008,72.97000000000003,72.97000000000003,[]
37000013,U18 Omdeler,Gns. Oms,foot,TSP,Type 2,182,34,1,2509.9000000000005,2423.2999999999997,986.0286089999998,986.1034029999998,1036.3300000000008,1034.6600000000014,50.33000000000001,48.620000000000005,[34]
37000013,U18 Omdeler,U36,foot,TSP,Type 1,182,14,1,3636.099999999998,3609.599999999998,1001.8707510000002,1002.4031359999999,1074.9199999999994,1074.9199999999994,72.97000000000003,72.44000000000003,[14]
37000013,U18 Omdeler,U36,foot,TSP,Type 2,182,14,1,2509.9000000000005,2497.4000000000005,1024.4961090000002,1024.747234,1074.9199999999994,1074.9199999999994,50.33000000000001,50.07000000000001,[14]
37000013,U18 Omdeler,U37,foot,TSP,Type 1,182,64,1,3636.099999999998,3635.999999999998,762.5507510000001,762.5527600000003,835.5999999999989,835.5999999999989,72.97000000000003,72.97000000000003,[64]
37000013,U18 Omdeler,U37,foot,TSP,Type 2,182,34,1,2509.9000000000005,2423.2999999999997,785.176109,785.295903,835.5999999999991,833.9799999999989,50.33000000000001,48.620000000000005,[34]
37000013,U18 Omdeler,U38,foot,TSP,Type 1,182,14,1,3636.099999999998,3609.599999999998,920.6107510000002,921.1431360000001,993.6600000000011,993.6600000000011,72.97000000000003,72.44000000000003,[14]
37000013,U18 Omdeler,U38,foot,TSP,Type 2,182,14,1,2509.9000000000005,2497.4000000000005,943.236109,943.4872340000001,993.6600000000011,993.6600000000011,50.33000000000001,50.07000000000001,[14]
37000013,U18 Omdeler,U39,foot,TSP,Type 1,182,,0,3636.099999999998,3636.099999999998,1168.580751,1168.580751,1241.630000000001,1241.630000000001,72.97000000000003,72.97000000000003,[]
37000013,U18 Omdeler,U39,foot,TSP,Type 2,182,,0,2509.9000000000005,2509.9000000000005,1191.206109,1191.206109,1241.630000000001,1241.630000000001,50.33000000000001,50.33000000000001,[]
37000014,O18 Omdeler,Gns. Oms,foot,TSP,Type 1,181,,0,3626.4000000000005,3626.4000000000005,927.80274,927.80274,1030.6200000000015,1030.6200000000015,103.03000000000002,103.03000000000002,[]
37000014,O18 Omdeler,Gns. Oms,foot,TSP,Type 2,181,,0,2687.2000000000003,2687.2000000000003,954.4760200000001,954.4760200000001,1030.6200000000015,1030.6200000000015,76.34999999999998,76.34999999999998,[]
37000014,O18 Omdeler,U36,foot,TSP,Type 1,181,,0,3626.4000000000005,3626.4000000000005,959.5802400000001,959.5802400000001,1062.569999999999,1062.569999999999,103.03000000000002,103.03000000000002,[]
37000014,O18 Omdeler,U36,foot,TSP,Type 2,181,,0,2687.2000000000003,2687.2000000000003,986.2535200000002,986.2535200000002,1062.5699999999995,1062.5699999999995,76.34999999999998,76.34999999999998,[]
37000014,O18 Omdeler,U37,foot,TSP,Type 1,181,,0,3626.4000000000005,3626.4000000000005,725.0902399999999,725.0902399999999,828.0799999999989,828.0799999999989,103.03000000000002,103.03000000000002,[]
37000014,O18 Omdeler,U37,foot,TSP,Type 2,181,,0,2687.2000000000003,2687.2000000000003,751.76352,751.76352,828.0799999999989,828.0799999999989,76.34999999999998,76.34999999999998,[]
37000014,O18 Omdeler,U38,foot,TSP,Type 1,181,,0,3626.4000000000005,3626.4000000000005,873.31024,873.31024,976.3000000000005,976.3000000000005,103.03000000000002,103.03000000000002,[]
37000014,O18 Omdeler,U38,foot,TSP,Type 2,181,,0,2687.2000000000003,2687.2000000000003,899.98352,899.98352,976.3000000000008,976.3000000000008,76.34999999999998,76.34999999999998,[]
37000014,O18 Omdeler,U39,foot,TSP,Type 1,181,,0,3626.4000000000005,3626.4000000000005,1153.23024,1153.23024,1256.2200000000003,1256.2200000000003,103.03000000000002,103.03000000000002,[]
37000014,O18 Omdeler,U39,foot,TSP,Type 2,181,,0,2687.2000000000003,2687.2000000000003,1179.90352,1179.90352,1256.2200000000007,1256.2200000000007,76.34999999999998,76.34999999999998,[]
37000014,SE Omdeler,Gns. Oms,foot,TSP,Type 1,181,,0,3626.4000000000005,3626.4000000000005,832.79106,832.79106,1030.6200000000015,1030.6200000000015,198.04000000000008,198.04000000000008,[]
37000014,SE Omdeler,Gns. Oms,foot,TSP,Type 2,181,,0,2687.2000000000003,2687.2000000000003,884.07138,884.07138,1030.6200000000015,1030.6200000000015,146.79000000000002,146.79000000000002,[]
37000014,SE Omdeler,U36,foot,TSP,Type 1,181,,0,3626.4000000000005,3626.4000000000005,864.5685600000002,864.5685600000002,1062.569999999999,1062.569999999999,198.04000000000008,198.04000000000008,[]
37000014,SE Omdeler,U36,foot,TSP,Type 2,181,,0,2687.2000000000003,2687.2000000000003,915.8488800000001,915.8488800000001,1062.5699999999995,1062.5699999999995,146.79000000000002,146.79000000000002,[]
37000014,SE Omdeler,U37,foot,TSP,Type 1,181,,0,3626.4000000000005,3626.4000000000005,630.0785599999999,630.0785599999999,828.0799999999989,828.0799999999989,198.04000000000008,198.04000000000008,[]
37000014,SE Omdeler,U37,foot,TSP,Type 2,181,,0,2687.2000000000003,2687.2000000000003,681.3588799999999,681.3588799999999,828.0799999999989,828.0799999999989,146.79000000000002,146.79000000000002,[]
37000014,SE Omdeler,U38,foot,TSP,Type 1,181,,0,3626.4000000000005,3626.4000000000005,778.2985600000001,778.2985600000001,976.3000000000005,976.3000000000005,198.04000000000008,198.04000000000008,[]
37000014,SE Omdeler,U38,foot,TSP,Type 2,181,,0,2687.2000000000003,2687.2000000000003,829.57888,829.57888,976.3000000000008,976.3000000000008,146.79000000000002,146.79000000000002,[]
37000014,SE Omdeler,U39,foot,TSP,Type 1,181,,0,3626.4000000000005,3626.4000000000005,1058.21856,1058.21856,1256.2200000000003,1256.2200000000003,198.04000000000008,198.04000000000008,[]
37000014,SE Omdeler,U39,foot,TSP,Type 2,181,,0,2687.2000000000003,2687.2000000000003,1109.49888,1109.49888,1256.2200000000007,1256.2200000000007,146.79000000000002,146.79000000000002,[]
37000014,U18 Omdeler,Gns. Oms,foot,TSP,Type 1,181,,0,3626.4000000000005,3626.4000000000005,957.938124,957.938124,1030.6200000000015,1030.6200000000015,72.83999999999997,72.83999999999997,[]
37000014,U18 Omdeler,Gns. Oms,foot,TSP,Type 2,181,,0,2687.2000000000003,2687.2000000000003,976.806652,976.806652,1030.6200000000015,1030.6200000000015,53.96000000000003,53.96000000000003,[]
37000014,U18 Omdeler,U36,foot,TSP,Type 1,181,,0,3626.4000000000005,3626.4000000000005,989.7156240000002,989.7156240000002,1062.569999999999,1062.569999999999,72.83999999999997,72.83999999999997,[]
37000014,U18 Omdeler,U36,foot,TSP,Type 2,181,,0,2687.2000000000003,2687.2000000000003,1008.5841520000001,1008.5841520000001,1062.5699999999995,1062.5699999999995,53.96000000000003,53.96000000000003,[]
37000014,U18 Omdeler,U37,foot,TSP,Type 1,181,,0,3626.4000000000005,3626.4000000000005,755.2256239999999,755.2256239999999,828.0799999999989,828.0799999999989,72.83999999999997,72.83999999999997,[]
37000014,U18 Omdeler,U37,foot,TSP,Type 2,181,,0,2687.2000000000003,2687.2000000000003,774.0941519999999,774.0941519999999,828.0799999999989,828.0799999999989,53.96000000000003,53.96000000000003,[]
37000014,U18 Omdeler,U38,foot,TSP,Type 1,181,,0,3626.4000000000005,3626.4000000000005,903.4456240000001,903.4456240000001,976.3000000000005,976.3000000000005,72.83999999999997,72.83999999999997,[]
37000014,U18 Omdeler,U38,foot,TSP,Type 2,181,,0,2687.2000000000003,2687.2000000000003,922.314152,922.314152,976.3000000000008,976.3000000000008,53.96000000000003,53.96000000000003,[]
37000014,U18 Omdeler,U39,foot,TSP,Type 1,181,,0,3626.4000000000005,3626.4000000000005,1183.365624,1183.365624,1256.2200000000003,1256.2200000000003,72.83999999999997,72.83999999999997,[]
37000014,U18 Omdeler,U39,foot,TSP,Type 2,181,,0,2687.2000000000003,2687.2000000000003,1202.234152,1202.234152,1256.2200000000007,1256.2200000000007,53.96000000000003,53.96000000000003,[]
37000016,O18 Omdeler,Gns. Oms,foot,TSP,Type 1,158,,0,4715.000000000001,4715.000000000001,823.0564999999998,823.0564999999998,956.7100000000007,956.7100000000007,133.82,133.82,[]
37000016,O18 Omdeler,Gns. Oms,foot,TSP,Type 2,158,,0,4144.3,4144.3,839.2643799999998,839.2643799999998,956.7100000000011,956.7100000000011,117.63999999999999,117.63999999999999,[]
37000016,O18 Omdeler,U36,foot,TSP,Type 1,158,108,1,4715.000000000001,4714.9000000000015,864.6239999999997,864.6268399999998,998.5299999999991,998.5299999999991,133.82,133.82,[108]
37000016,O18 Omdeler,U36,foot,TSP,Type 2,158,108,1,4144.3,4144.2,880.8318799999997,880.8347199999998,998.529999999999,998.529999999999,117.63999999999999,117.63999999999999,[108]
37000016,O18 Omdeler,U37,foot,TSP,Type 1,158,108,1,4715.000000000001,4714.9000000000015,631.3339999999998,631.3368399999999,765.2400000000002,765.2400000000002,133.82,133.82,[108]
37000016,O18 Omdeler,U37,foot,TSP,Type 2,158,14,1,4144.3,3952.2000000000007,647.5418799999999,648.56752,765.2400000000004,760.8100000000007,117.63999999999999,112.17000000000002,[14]
37000016,O18 Omdeler,U38,foot,TSP,Type 1,158,108,1,4715.000000000001,4714.9000000000015,780.6139999999999,780.6168399999999,914.5200000000001,914.5200000000001,133.82,133.82,[108]
37000016,O18 Omdeler,U38,foot,TSP,Type 2,158,108,1,4144.3,4144.2,796.82188,796.82472,914.5200000000002,914.5200000000002,117.63999999999999,117.63999999999999,[108]
37000016,O18 Omdeler,U39,foot,TSP,Type 1,158,,0,4715.000000000001,4715.000000000001,1015.6539999999999,1015.6539999999999,1149.56,1149.56,133.82,133.82,[]
37000016,O18 Omdeler,U39,foot,TSP,Type 2,158,,0,4144.3,4144.3,1031.86188,1031.86188,1149.56,1149.56,117.63999999999999,117.63999999999999,[]
37000016,SE Omdeler,Gns. Oms,foot,TSP,Type 1,158,,0,4715.000000000001,4715.000000000001,699.5234999999998,699.5234999999998,956.7100000000007,956.7100000000007,257.46,257.46,[]
37000016,SE Omdeler,Gns. Oms,foot,TSP,Type 2,158,14,1,4144.3,3952.2000000000007,730.6837199999999,734.8998799999998,956.7100000000011,950.4400000000009,226.28999999999996,215.79,[14]
37000016,SE Omdeler,U36,foot,TSP,Type 1,158,108,1,4715.000000000001,4714.9000000000015,741.0909999999997,741.0964599999998,998.5299999999991,998.5299999999991,257.46,257.45,[108]
37000016,SE Omdeler,U36,foot,TSP,Type 2,158,14,1,4144.3,3952.2000000000007,772.2512199999998,776.73988,998.529999999999,992.529999999999,226.28999999999996,215.79,[14]
37000016,SE Omdeler,U37,foot,TSP,Type 1,158,"14, 15, 16, 17, 108",5,4715.000000000001,4404.200000000001,507.8009999999998,507.93068000000005,765.2400000000002,748.4000000000005,257.46,240.48000000000002,"[14, 15, 16, 17, 108]"
37000016,SE Omdeler,U37,foot,TSP,Type 2,158,14,1,4144.3,3952.2000000000007,538.9612199999999,545.01988,765.2400000000004,760.8100000000007,226.28999999999996,215.79,[14]
37000016,SE Omdeler,U38,foot,TSP,Type 1,158,108,1,4715.000000000001,4714.9000000000015,657.0809999999999,657.0864599999999,914.5200000000001,914.5200000000001,257.46,257.45,[108]
37000016,SE Omdeler,U38,foot,TSP,Type 2,158,17,1,4144.3,3952.3000000000006,688.24122,692.46442,914.5200000000002,908.26,226.28999999999996,215.80999999999992,[17]
37000016,SE Omdeler,U39,foot,TSP,Type 1,158,,0,4715.000000000001,4715.000000000001,892.1209999999999,892.1209999999999,1149.56,1149.56,257.46,257.46,[]
37000016,SE Omdeler,U39,foot,TSP,Type 2,158,14,1,4144.3,3952.2000000000007,923.28122,926.7998800000001,1149.56,1142.5899999999995,226.28999999999996,215.79,[14]
37000016,U18 Omdeler,Gns. Oms,foot,TSP,Type 1,158,,0,4715.000000000001,4715.000000000001,862.2381499999999,862.2381499999999,956.7100000000007,956.7100000000007,94.77999999999999,94.77999999999999,[]
37000016,U18 Omdeler,Gns. Oms,foot,TSP,Type 2,158,,0,4144.3,4144.3,873.7035129999998,873.7035129999998,956.7100000000011,956.7100000000011,83.28999999999995,83.28999999999995,[]
37000016,U18 Omdeler,U36,foot,TSP,Type 1,158,108,1,4715.000000000001,4714.9000000000015,903.8056499999998,903.807659,998.5299999999991,998.5299999999991,94.77999999999999,94.77999999999999,[108]
37000016,U18 Omdeler,U36,foot,TSP,Type 2,158,108,1,4144.3,4144.2,915.2710129999997,915.2730219999999,998.529999999999,998.529999999999,83.28999999999995,83.28999999999995,[108]
37000016,U18 Omdeler,U37,foot,TSP,Type 1,158,108,1,4715.000000000001,4714.9000000000015,670.5156499999998,670.517659,765.2400000000002,765.2400000000002,94.77999999999999,94.77999999999999,[108]
37000016,U18 Omdeler,U37,foot,TSP,Type 2,158,108,1,4144.3,4144.2,681.9810129999998,681.983022,765.2400000000004,765.2400000000004,83.28999999999995,83.28999999999995,[108]
37000016,U18 Omdeler,U38,foot,TSP,Type 1,158,108,1,4715.000000000001,4714.9000000000015,819.79565,819.7976590000001,914.5200000000001,914.5200000000001,94.77999999999999,94.77999999999999,[108]
37000016,U18 Omdeler,U38,foot,TSP,Type 2,158,108,1,4144.3,4144.2,831.2610129999999,831.263022,914.5200000000002,914.5200000000002,83.28999999999995,83.28999999999995,[108]
37000016,U18 Omdeler,U39,foot,TSP,Type 1,158,,0,4715.000000000001,4715.000000000001,1054.83565,1054.83565,1149.56,1149.56,94.77999999999999,94.77999999999999,[]
37000016,U18 Omdeler,U39,foot,TSP,Type 2,158,,0,4144.3,4144.3,1066.301013,1066.301013,1149.56,1149.56,83.28999999999995,83.28999999999995,[]
37000017,O18 Omdeler,Gns. Oms,foot,TSP,Type 1,197,120,1,3289.799999999999,2890.1999999999994,1022.6746800000001,1027.51832,1116.2,1109.6999999999998,93.39000000000009,82.05000000000011,[120]
37000017,O18 Omdeler,Gns. Oms,foot,TSP,Type 2,197,,0,2409.399999999999,2409.399999999999,1047.67804,1047.67804,1116.2000000000005,1116.2000000000005,68.4700000000001,68.4700000000001,[]
37000017,O18 Omdeler,U36,foot,TSP,Type 1,197,120,1,3289.799999999999,2890.1999999999994,1085.0296799999999,1089.6083199999998,1178.4599999999996,1171.6899999999996,93.39000000000009,82.05000000000011,[120]
37000017,O18 Omdeler,U36,foot,TSP,Type 2,197,45,1,2409.399999999999,2409.3999999999987,1110.0330399999998,1110.03304,1178.4599999999996,1178.4599999999996,68.4700000000001,68.4700000000001,[45]
37000017,O18 Omdeler,U37,foot,TSP,Type 1,197,120,1,3289.799999999999,2890.1999999999994,810.0496800000001,816.19832,903.4799999999981,898.279999999998,93.39000000000009,82.05000000000011,[120]
37000017,O18 Omdeler,U37,foot,TSP,Type 2,197,45,1,2409.399999999999,2409.3999999999987,835.05304,835.05304,903.4799999999977,903.4799999999977,68.4700000000001,68.4700000000001,[45]
37000017,O18 Omdeler,U38,foot,TSP,Type 1,197,120,1,3289.799999999999,2890.1999999999994,986.6596800000002,991.7483200000004,1080.0900000000022,1073.830000000002,93.39000000000009,82.05000000000011,[120]
37000017,O18 Omdeler,U38,foot,TSP,Type 2,197,164,1,2409.399999999999,2405.399999999999,1011.6630400000001,1011.7766400000002,1080.090000000002,1080.090000000002,68.4700000000001,68.3500000000001,[164]
37000017,O18 Omdeler,U39,foot,TSP,Type 1,197,120,1,3289.799999999999,2890.1999999999994,1208.9596800000004,1212.5183200000001,1302.3900000000003,1294.6000000000004,93.39000000000009,82.05000000000011,[120]
37000017,O18 Omdeler,U39,foot,TSP,Type 2,197,,0,2409.399999999999,2409.399999999999,1233.9630400000003,1233.9630400000003,1302.3900000000003,1302.3900000000003,68.4700000000001,68.4700000000001,[]
37000017,SE Omdeler,Gns. Oms,foot,TSP,Type 1,197,"120, 145, 146",3,3289.799999999999,2675.5999999999995,936.4819200000001,952.0722399999999,1116.2,1098.2599999999998,179.69000000000003,146.15,"[120, 145, 146]"
37000017,SE Omdeler,Gns. Oms,foot,TSP,Type 2,197,120,1,2409.399999999999,2278.2,984.5517600000001,985.2102799999999,1116.2000000000005,1109.7000000000005,131.57000000000008,124.38999999999999,[120]
37000017,SE Omdeler,U36,foot,TSP,Type 1,197,120,1,3289.799999999999,2890.1999999999994,998.8369199999999,1013.8850799999998,1178.4599999999996,1171.6899999999996,179.69000000000003,157.87000000000003,[120]
37000017,SE Omdeler,U36,foot,TSP,Type 2,197,120,1,2409.399999999999,2278.2,1046.9067599999998,1047.30028,1178.4599999999996,1171.6899999999996,131.57000000000008,124.38999999999999,[120]
37000017,SE Omdeler,U37,foot,TSP,Type 1,197,"120, 145, 146",3,3289.799999999999,2675.5999999999995,723.8569200000001,743.33224,903.4799999999981,889.4199999999981,179.69000000000003,146.15,"[120, 145, 146]"
37000017,SE Omdeler,U37,foot,TSP,Type 2,197,120,1,2409.399999999999,2278.2,771.9267600000001,773.89028,903.4799999999977,898.2799999999979,131.57000000000008,124.38999999999999,[120]
37000017,SE Omdeler,U38,foot,TSP,Type 1,197,"120, 145, 146, 164",4,3289.799999999999,2671.4999999999995,900.4669200000002,917.0061000000004,1080.0900000000022,1062.870000000002,179.69000000000003,145.92000000000002,"[120, 145, 146, 164]"
37000017,SE Omdeler,U38,foot,TSP,Type 2,197,120,1,2409.399999999999,2278.2,948.5367600000002,949.4402800000004,1080.090000000002,1073.830000000002,131.57000000000008,124.38999999999999,[120]
37000017,SE Omdeler,U39,foot,TSP,Type 1,197,120,1,3289.799999999999,2890.1999999999994,1122.7669200000005,1136.7950800000003,1302.3900000000003,1294.6000000000004,179.69000000000003,157.87000000000003,[120]
37000017,SE Omdeler,U39,foot,TSP,Type 2,197,,0,2409.399999999999,2409.399999999999,1170.8367600000004,1170.8367600000004,1302.3900000000003,1302.3900000000003,131.57000000000008,131.57000000000008,[]
37000017,U18 Omdeler,Gns. Oms,foot,TSP,Type 1,197,120,1,3289.799999999999,2890.1999999999994,1050.0129180000001,1051.535882,1116.2,1109.6999999999998,66.06000000000004,58.03000000000002,[120]
37000017,U18 Omdeler,Gns. Oms,foot,TSP,Type 2,197,,0,2409.399999999999,2409.399999999999,1067.700154,1067.700154,1116.2000000000005,1116.2000000000005,48.440000000000026,48.440000000000026,[]
37000017,U18 Omdeler,U36,foot,TSP,Type 1,197,120,1,3289.799999999999,2890.1999999999994,1112.367918,1113.6258819999998,1178.4599999999996,1171.6899999999996,66.06000000000004,58.03000000000002,[120]
37000017,U18 Omdeler,U36,foot,TSP,Type 2,197,45,1,2409.399999999999,2409.3999999999987,1130.055154,1130.0551540000001,1178.4599999999996,1178.4599999999996,48.440000000000026,48.440000000000026,[45]
37000017,U18 Omdeler,U37,foot,TSP,Type 1,197,120,1,3289.799999999999,2890.1999999999994,837.387918,840.215882,903.4799999999981,898.279999999998,66.06000000000004,58.03000000000002,[120]
37000017,U18 Omdeler,U37,foot,TSP,Type 2,197,45,1,2409.399999999999,2409.3999999999987,855.075154,855.075154,903.4799999999977,903.4799999999977,48.440000000000026,48.440000000000026,[45]
37000017,U18 Omdeler,U38,foot,TSP,Type 1,197,120,1,3289.799999999999,2890.1999999999994,1013.9979180000001,1015.7658820000004,1080.0900000000022,1073.830000000002,66.06000000000004,58.03000000000002,[120]
37000017,U18 Omdeler,U38,foot,TSP,Type 2,197,164,1,2409.399999999999,2405.399999999999,1031.6851540000002,1031.7655140000002,1080.090000000002,1080.090000000002,48.440000000000026,48.36000000000003,[164]
37000017,U18 Omdeler,U39,foot,TSP,Type 1,197,120,1,3289.799999999999,2890.1999999999994,1236.2979180000004,1236.5358820000001,1302.3900000000003,1294.6000000000004,66.06000000000004,58.03000000000002,[120]
37000017,U18 Omdeler,U39,foot,TSP,Type 2,197,,0,2409.399999999999,2409.399999999999,1253.9851540000004,1253.9851540000004,1302.3900000000003,1302.3900000000003,48.440000000000026,48.440000000000026,[]
37000018,O18 Omdeler,Gns. Oms,foot,TSP,Type 1,102,"0, 1, 2, 3, 4, 5, 6, 7, 8",9,3062.299999999999,1944.7000000000003,399.59318,408.37052,486.5400000000006,463.58000000000055,86.94,55.20999999999999,"[0, 1, 2, 3, 4, 5, 6, 7, 8]"
37000018,O18 Omdeler,Gns. Oms,foot,TSP,Type 2,102,0,1,2332.0000000000005,2185.999999999999,420.33369999999996,423.8501,486.54000000000025,485.91000000000037,66.20999999999998,62.04999999999997,[0]
37000018,O18 Omdeler,U36,foot,TSP,Type 1,102,"0, 1, 2, 3, 4, 5, 6, 7, 8",9,3062.299999999999,1944.7000000000003,394.31068,411.51052,481.2799999999999,466.73999999999995,86.94,55.20999999999999,"[0, 1, 2, 3, 4, 5, 6, 7, 8]"
37000018,O18 Omdeler,U36,foot,TSP,Type 2,102,"0, 1",2,2332.0000000000005,2185.999999999999,415.05119999999994,419.1976,481.28,481.28,66.20999999999998,62.04999999999997,"[0, 1]"
37000018,O18 Omdeler,U37,foot,TSP,Type 1,102,0,1,3062.299999999999,2848.0999999999995,334.27068,338.75396000000006,421.24000000000024,419.6400000000002,86.94,80.85,[0]
37000018,O18 Omdeler,U37,foot,TSP,Type 2,102,0,1,2332.0000000000005,2185.999999999999,355.0112,357.55760000000004,421.24000000000035,419.64000000000027,66.20999999999998,62.04999999999997,[0]
37000018,O18 Omdeler,U38,foot,TSP,Type 1,102,"0, 1, 2, 3, 4, 5, 6, 7, 8",9,3062.299999999999,1944.7000000000003,363.78068000000013,379.0605200000001,450.75000000000034,434.29000000000036,86.94,55.20999999999999,"[0, 1, 2, 3, 4, 5, 6, 7, 8]"
37000018,O18 Omdeler,U38,foot,TSP,Type 2,102,"0, 9, 10, 11",4,2332.0000000000005,2016.6999999999998,384.5212000000001,393.4757200000001,450.7500000000003,450.75000000000034,66.20999999999998,57.25999999999996,"[0, 9, 10, 11]"
37000018,O18 Omdeler,U39,foot,TSP,Type 1,102,0,1,3062.299999999999,2848.0999999999995,506.01068000000004,511.17395999999997,592.9800000000009,592.060000000001,86.94,80.85,[0]
37000018,O18 Omdeler,U39,foot,TSP,Type 2,102,0,1,2332.0000000000005,2185.999999999999,526.7512,529.9776,592.9800000000007,592.0600000000006,66.20999999999998,62.04999999999997,[0]
37000018,SE Omdeler,Gns. Oms,foot,TSP,Type 1,102,"0, 1, 2, 3, 4, 5, 6, 7, 8",9,3062.299999999999,1944.7000000000003,319.3609200000001,357.41938000000005,486.5400000000006,463.58000000000055,167.16999999999996,106.15999999999995,"[0, 1, 2, 3, 4, 5, 6, 7, 8]"
37000018,SE Omdeler,Gns. Oms,foot,TSP,Type 2,102,"1, 2, 3, 4, 5, 6, 7, 8",8,2332.0000000000005,1685.2999999999988,359.23529999999994,372.2126200000001,486.54000000000025,464.21000000000043,127.31000000000006,91.98999999999995,"[1, 2, 3, 4, 5, 6, 7, 8]"
37000018,SE Omdeler,U36,foot,TSP,Type 1,102,"0, 1, 2, 3, 4, 5, 6, 7, 8",9,3062.299999999999,1944.7000000000003,314.07842000000005,360.55938000000003,481.2799999999999,466.73999999999995,167.16999999999996,106.15999999999995,"[0, 1, 2, 3, 4, 5, 6, 7, 8]"
37000018,SE Omdeler,U36,foot,TSP,Type 2,102,"1, 2, 3, 4, 5, 6, 7, 8",8,2332.0000000000005,1685.2999999999988,353.9527999999999,374.72262000000006,481.28,466.73999999999995,127.31000000000006,91.98999999999995,"[1, 2, 3, 4, 5, 6, 7, 8]"
37000018,SE Omdeler,U37,foot,TSP,Type 1,102,"0, 1, 2, 3, 4, 5, 6, 7, 8",9,3062.299999999999,1944.7000000000003,254.03842000000006,283.50937999999996,421.24000000000024,389.6900000000002,167.16999999999996,106.15999999999995,"[0, 1, 2, 3, 4, 5, 6, 7, 8]"
37000018,SE Omdeler,U37,foot,TSP,Type 2,102,"0, 5, 6, 7, 8",5,2332.0000000000005,1828.8999999999992,293.91279999999995,305.50206000000003,421.24000000000035,405.36000000000024,127.31000000000006,99.81000000000002,"[0, 5, 6, 7, 8]"
37000018,SE Omdeler,U38,foot,TSP,Type 1,102,"0, 1, 2, 3, 4, 5, 6, 7, 8",9,3062.299999999999,1944.7000000000003,283.5484200000002,328.10938000000016,450.75000000000034,434.29000000000036,167.16999999999996,106.15999999999995,"[0, 1, 2, 3, 4, 5, 6, 7, 8]"
37000018,SE Omdeler,U38,foot,TSP,Type 2,102,"1, 2, 3, 4, 5, 6, 7, 8",8,2332.0000000000005,1685.2999999999988,323.42280000000005,342.2726200000002,450.7500000000003,434.2900000000003,127.31000000000006,91.98999999999995,"[1, 2, 3, 4, 5, 6, 7, 8]"
37000018,SE Omdeler,U39,foot,TSP,Type 1,102,"0, 1, 2, 3, 4, 5, 6, 7, 8",9,3062.299999999999,1944.7000000000003,425.7784200000001,457.49938,592.9800000000009,563.6800000000009,167.16999999999996,106.15999999999995,"[0, 1, 2, 3, 4, 5, 6, 7, 8]"
37000018,SE Omdeler,U39,foot,TSP,Type 2,102,"0, 5, 6, 7, 8",5,2332.0000000000005,1828.8999999999992,465.65279999999996,474.35206000000005,592.9800000000007,574.2100000000007,127.31000000000006,99.81000000000002,"[0, 5, 6, 7, 8]"
37000018,U18 Omdeler,Gns. Oms,foot,TSP,Type 1,102,0,1,3062.299999999999,2848.0999999999995,425.04089300000004,428.714171,486.5400000000006,485.91000000000054,61.49000000000001,57.18,[0]
37000018,U18 Omdeler,Gns. Oms,foot,TSP,Type 2,102,0,1,2332.0000000000005,2185.999999999999,439.71262,442.01576000000006,486.54000000000025,485.91000000000037,46.85,43.93000000000001,[0]
37000018,U18 Omdeler,U36,foot,TSP,Type 1,102,"0, 1, 2, 3, 4, 5, 6, 7, 8",9,3062.299999999999,1944.7000000000003,419.758393,427.670977,481.2799999999999,466.73999999999995,61.49000000000001,39.04,"[0, 1, 2, 3, 4, 5, 6, 7, 8]"
37000018,U18 Omdeler,U36,foot,TSP,Type 2,102,"0, 1",2,2332.0000000000005,2185.999999999999,434.43012,437.3632600000001,481.28,481.28,46.85,43.93000000000001,"[0, 1]"
37000018,U18 Omdeler,U37,foot,TSP,Type 1,102,0,1,3062.299999999999,2848.0999999999995,359.71839300000005,362.42167100000006,421.24000000000024,419.6400000000002,61.49000000000001,57.18,[0]
37000018,U18 Omdeler,U37,foot,TSP,Type 2,102,0,1,2332.0000000000005,2185.999999999999,374.39012,375.7232600000001,421.24000000000035,419.64000000000027,46.85,43.93000000000001,[0]
37000018,U18 Omdeler,U38,foot,TSP,Type 1,102,"0, 1, 2, 8, 9, 10, 11, 12",8,3062.299999999999,2533.7000000000003,389.22839300000015,399.84796700000015,450.75000000000034,450.75000000000034,61.49000000000001,50.86000000000002,"[0, 1, 2, 8, 9, 10, 11, 12]"
37000018,U18 Omdeler,U38,foot,TSP,Type 2,102,"0, 9, 10, 11",4,2332.0000000000005,2016.6999999999998,403.90012000000013,410.23449700000015,450.7500000000003,450.75000000000034,46.85,40.530000000000015,"[0, 9, 10, 11]"
37000018,U18 Omdeler,U39,foot,TSP,Type 1,102,0,1,3062.299999999999,2848.0999999999995,531.458393,534.8416709999999,592.9800000000009,592.060000000001,61.49000000000001,57.18,[0]
37000018,U18 Omdeler,U39,foot,TSP,Type 2,102,0,1,2332.0000000000005,2185.999999999999,546.13012,548.1432599999999,592.9800000000007,592.0600000000006,46.85,43.93000000000001,[0]
37000020,O18 Omdeler,Gns. Oms,foot,TSP,Type 1,156,145,1,4641.500000000001,4609.500000000001,745.4988999999999,745.5751999999999,877.2099999999998,876.3799999999998,131.79000000000002,130.89000000000001,[145]
37000020,O18 Omdeler,Gns. Oms,foot,TSP,Type 2,156,47,1,3749.400000000001,3650.2000000000003,770.83454,772.02432,877.2099999999999,875.5799999999998,106.51000000000013,103.69000000000011,[47]
37000020,O18 Omdeler,U36,foot,TSP,Type 1,156,25,1,4641.500000000001,4636.6,767.3413999999999,767.48056,899.1599999999995,899.1599999999995,131.79000000000002,131.65000000000003,[25]
37000020,O18 Omdeler,U36,foot,TSP,Type 2,156,47,1,3749.400000000001,3650.2000000000003,792.6770399999999,795.4943199999999,899.1599999999995,899.1599999999995,106.51000000000013,103.69000000000011,[47]
37000020,O18 Omdeler,U37,foot,TSP,Type 1,156,25,1,4641.500000000001,4636.6,584.3313999999999,584.47056,716.1499999999994,716.1499999999994,131.79000000000002,131.65000000000003,[25]
37000020,O18 Omdeler,U37,foot,TSP,Type 2,156,47,1,3749.400000000001,3650.2000000000003,609.6670399999999,609.9343199999998,716.1499999999995,713.5999999999996,106.51000000000013,103.69000000000011,[47]
37000020,O18 Omdeler,U38,foot,TSP,Type 1,156,"25, 26, 145",3,4641.500000000001,4604.6,714.0414,714.2693599999999,845.8600000000006,845.0400000000005,131.79000000000002,130.75000000000003,"[25, 26, 145]"
37000020,O18 Omdeler,U38,foot,TSP,Type 2,156,47,1,3749.400000000001,3650.2000000000003,739.37704,742.19432,845.8600000000005,845.8600000000005,106.51000000000013,103.69000000000011,[47]
37000020,O18 Omdeler,U39,foot,TSP,Type 1,156,145,1,4641.500000000001,4609.500000000001,916.2813999999998,916.3202,1048.0999999999995,1047.2299999999993,131.79000000000002,130.89000000000001,[145]
37000020,O18 Omdeler,U39,foot,TSP,Type 2,156,,0,3749.400000000001,3749.400000000001,941.6170399999999,941.6170399999999,1048.0999999999992,1048.0999999999992,106.51000000000013,106.51000000000013,[]
37000020,SE Omdeler,Gns. Oms,foot,TSP,Type 1,156,145,1,4641.500000000001,4609.500000000001,623.8915999999999,624.8062999999999,877.2099999999998,876.3799999999998,253.40000000000015,251.66000000000014,[145]
37000020,SE Omdeler,Gns. Oms,foot,TSP,Type 2,156,47,1,3749.400000000001,3650.2000000000003,672.6002599999999,676.38908,877.2099999999999,875.5799999999998,204.70000000000022,199.29000000000022,[47]
37000020,SE Omdeler,U36,foot,TSP,Type 1,156,145,1,4641.500000000001,4609.500000000001,645.7340999999999,646.6612999999999,899.1599999999995,898.3399999999995,253.40000000000015,251.66000000000014,[145]
37000020,SE Omdeler,U36,foot,TSP,Type 2,156,47,1,3749.400000000001,3650.2000000000003,694.4427599999999,699.85908,899.1599999999995,899.1599999999995,204.70000000000022,199.29000000000022,[47]
37000020,SE Omdeler,U37,foot,TSP,Type 1,156,"25, 35, 36, 145",4,4641.500000000001,4416.9,462.7240999999999,464.53725999999995,716.1499999999994,705.6999999999994,253.40000000000015,241.13000000000017,"[25, 35, 36, 145]"
37000020,SE Omdeler,U37,foot,TSP,Type 2,156,"35, 36, 47",3,3749.400000000001,3462.500000000001,511.4327599999999,514.9175,716.1499999999995,703.9699999999997,204.70000000000022,189.0400000000002,"[35, 36, 47]"
37000020,SE Omdeler,U38,foot,TSP,Type 1,156,"25, 26, 145",3,4641.500000000001,4604.6,592.4341,593.62884,845.8600000000006,845.0400000000005,253.40000000000015,251.40000000000015,"[25, 26, 145]"
37000020,SE Omdeler,U38,foot,TSP,Type 2,156,47,1,3749.400000000001,3650.2000000000003,641.14276,646.55908,845.8600000000005,845.8600000000005,204.70000000000022,199.29000000000022,[47]
37000020,SE Omdeler,U39,foot,TSP,Type 1,156,145,1,4641.500000000001,4609.500000000001,794.6740999999998,795.5513,1048.0999999999995,1047.2299999999993,253.40000000000015,251.66000000000014,[145]
37000020,SE Omdeler,U39,foot,TSP,Type 2,156,47,1,3749.400000000001,3650.2000000000003,843.3827599999998,844.8390799999999,1048.0999999999992,1044.1399999999992,204.70000000000022,199.29000000000022,[47]
37000020,U18 Omdeler,Gns. Oms,foot,TSP,Type 1,156,,0,4641.500000000001,4641.500000000001,784.069765,784.069765,877.2099999999998,877.2099999999998,93.24000000000002,93.24000000000002,[]
37000020,U18 Omdeler,Gns. Oms,foot,TSP,Type 2,156,47,1,3749.400000000001,3650.2000000000003,801.9920539999999,802.357482,877.2099999999999,875.5799999999998,75.29000000000003,73.29000000000005,[47]
37000020,U18 Omdeler,U36,foot,TSP,Type 1,156,25,1,4641.500000000001,4636.6,805.9122649999999,806.0107059999999,899.1599999999995,899.1599999999995,93.24000000000002,93.14000000000001,[25]
37000020,U18 Omdeler,U36,foot,TSP,Type 2,156,47,1,3749.400000000001,3650.2000000000003,823.8345539999999,825.8274819999999,899.1599999999995,899.1599999999995,75.29000000000003,73.29000000000005,[47]
37000020,U18 Omdeler,U37,foot,TSP,Type 1,156,25,1,4641.500000000001,4636.6,622.9022649999999,623.0007059999999,716.1499999999994,716.1499999999994,93.24000000000002,93.14000000000001,[25]
37000020,U18 Omdeler,U37,foot,TSP,Type 2,156,89,1,3749.400000000001,3749.4000000000005,640.8245539999999,640.8245539999999,716.1499999999995,716.1499999999995,75.29000000000003,75.29000000000003,[89]
37000020,U18 Omdeler,U38,foot,TSP,Type 1,156,25,1,4641.500000000001,4636.6,752.612265,752.7107060000001,845.8600000000006,845.8600000000006,93.24000000000002,93.14000000000001,[25]
37000020,U18 Omdeler,U38,foot,TSP,Type 2,156,47,1,3749.400000000001,3650.2000000000003,770.534554,772.527482,845.8600000000005,845.8600000000005,75.29000000000003,73.29000000000005,[47]
37000020,U18 Omdeler,U39,foot,TSP,Type 1,156,,0,4641.500000000001,4641.500000000001,954.8522649999999,954.8522649999999,1048.0999999999995,1048.0999999999995,93.24000000000002,93.24000000000002,[]
37000020,U18 Omdeler,U39,foot,TSP,Type 2,156,,0,3749.400000000001,3749.400000000001,972.7745539999999,972.7745539999999,1048.0999999999992,1048.0999999999992,75.29000000000003,75.29000000000003,[]
37000021,O18 Omdeler,Gns. Oms,foot,TSP,Type 1,172,145,1,4193.400000000001,4154.0,878.3274399999998,878.6138999999998,997.230000000001,996.400000000001,119.02000000000004,117.90000000000003,[145]
37000021,O18 Omdeler,Gns. Oms,foot,TSP,Type 2,172,32,1,3929.1999999999994,3580.899999999999,885.8307199999998,890.0024399999999,997.2300000000009,991.5100000000009,111.52000000000008,101.64000000000006,[32]
37000021,O18 Omdeler,U36,foot,TSP,Type 1,172,90,1,4193.400000000001,4165.1,894.1074399999998,894.9111599999998,1013.1999999999991,1013.1999999999991,119.02000000000004,118.22000000000004,[90]
37000021,O18 Omdeler,U36,foot,TSP,Type 2,172,23,1,3929.1999999999994,3670.999999999999,901.6107199999998,905.6535999999999,1013.1999999999992,1009.909999999999,111.52000000000008,104.21000000000011,[23]
37000021,O18 Omdeler,U37,foot,TSP,Type 1,172,90,1,4193.400000000001,4165.1,683.2674400000001,684.0711600000001,802.3599999999989,802.3599999999989,119.02000000000004,118.22000000000004,[90]
37000021,O18 Omdeler,U37,foot,TSP,Type 2,172,32,1,3929.1999999999994,3580.899999999999,690.7707200000001,696.23244,802.36,797.9299999999989,111.52000000000008,101.64000000000006,[32]
37000021,O18 Omdeler,U38,foot,TSP,Type 1,172,111,1,4193.400000000001,4178.1,844.24744,844.68196,963.3400000000005,963.3400000000005,119.02000000000004,118.59000000000003,[111]
37000021,O18 Omdeler,U38,foot,TSP,Type 2,172,32,1,3929.1999999999994,3580.899999999999,851.75072,856.1624399999998,963.3400000000005,957.8600000000005,111.52000000000008,101.64000000000006,[32]
37000021,O18 Omdeler,U39,foot,TSP,Type 1,172,145,1,4193.400000000001,4154.0,1091.6874400000002,1091.9364,1210.7800000000004,1209.9100000000005,119.02000000000004,117.90000000000003,[145]
37000021,O18 Omdeler,U39,foot,TSP,Type 2,172,23,1,3929.1999999999994,3670.999999999999,1099.1907200000003,1103.0536000000002,1210.78,1207.3100000000006,111.52000000000008,104.21000000000011,[23]
37000021,SE Omdeler,Gns. Oms,foot,TSP,Type 1,172,"19, 20, 145",3,4193.400000000001,3882.9999999999995,768.4603599999998,771.2481999999998,997.230000000001,983.080000000001,229.02,212.07000000000002,"[19, 20, 145]"
37000021,SE Omdeler,Gns. Oms,foot,TSP,Type 2,172,"19, 20",2,3929.1999999999994,3427.8999999999987,782.8856799999999,796.9291599999999,997.2300000000009,983.910000000001,214.51000000000002,187.1399999999999,"[19, 20]"
37000021,SE Omdeler,U36,foot,TSP,Type 1,172,90,1,4193.400000000001,4165.1,784.2403599999998,785.7855399999997,1013.1999999999991,1013.1999999999991,229.02,227.47000000000003,[90]
37000021,SE Omdeler,U36,foot,TSP,Type 2,172,32,1,3929.1999999999994,3580.899999999999,798.6656799999998,811.6828599999999,1013.1999999999992,1007.199999999999,214.51000000000002,195.51999999999992,[32]
37000021,SE Omdeler,U37,foot,TSP,Type 1,172,"19, 20, 90",3,4193.400000000001,3894.0999999999995,573.4003600000001,577.2421400000002,802.3599999999989,789.859999999999,229.02,212.67000000000002,"[19, 20, 90]"
37000021,SE Omdeler,U37,foot,TSP,Type 2,172,"19, 20",2,3929.1999999999994,3427.8999999999987,587.8256800000001,602.6966600000002,802.36,789.859999999999,214.51000000000002,187.1399999999999,"[19, 20]"
37000021,SE Omdeler,U38,foot,TSP,Type 1,172,"19, 20, 145",3,4193.400000000001,3882.9999999999995,734.38036,737.9882,963.3400000000005,950.0000000000005,229.02,212.07000000000002,"[19, 20, 145]"
37000021,SE Omdeler,U38,foot,TSP,Type 2,172,"19, 20",2,3929.1999999999994,3427.8999999999987,748.80568,763.6566600000001,963.3400000000005,950.8200000000006,214.51000000000002,187.1399999999999,"[19, 20]"
37000021,SE Omdeler,U39,foot,TSP,Type 1,172,"19, 20, 145",3,4193.400000000001,3882.9999999999995,981.8203600000002,984.8781999999999,1210.7800000000004,1196.8900000000008,229.02,212.07000000000002,"[19, 20, 145]"
37000021,SE Omdeler,U39,foot,TSP,Type 2,172,"19, 20",2,3929.1999999999994,3427.8999999999987,996.2456800000002,1010.5966600000003,1210.78,1197.7600000000004,214.51000000000002,187.1399999999999,"[19, 20]"
37000021,U18 Omdeler,Gns. Oms,foot,TSP,Type 1,172,,0,4193.400000000001,4193.400000000001,913.1745939999998,913.1745939999998,997.230000000001,997.230000000001,84.23999999999997,84.23999999999997,[]
37000021,U18 Omdeler,Gns. Oms,foot,TSP,Type 2,172,23,1,3929.1999999999994,3670.999999999999,918.4823719999998,920.3496099999999,997.2300000000009,993.910000000001,78.88,73.75,[23]
37000021,U18 Omdeler,U36,foot,TSP,Type 1,172,90,1,4193.400000000001,4165.1,928.9545939999998,929.5231409999998,1013.1999999999991,1013.1999999999991,84.23999999999997,83.65999999999997,[90]
37000021,U18 Omdeler,U36,foot,TSP,Type 2,172,23,1,3929.1999999999994,3670.999999999999,934.2623719999998,936.1596099999998,1013.1999999999992,1009.909999999999,78.88,73.75,[23]
37000021,U18 Omdeler,U37,foot,TSP,Type 1,172,90,1,4193.400000000001,4165.1,718.1145940000001,718.6831410000001,802.3599999999989,802.3599999999989,84.23999999999997,83.65999999999997,[90]
37000021,U18 Omdeler,U37,foot,TSP,Type 2,172,32,1,3929.1999999999994,3580.899999999999,723.4223720000001,725.989719,802.36,797.9299999999989,78.88,71.94000000000003,[32]
37000021,U18 Omdeler,U38,foot,TSP,Type 1,172,111,1,4193.400000000001,4178.1,879.094594,879.401971,963.3400000000005,963.3400000000005,84.23999999999997,83.93999999999997,[111]
37000021,U18 Omdeler,U38,foot,TSP,Type 2,172,23,1,3929.1999999999994,3670.999999999999,884.402372,886.3196099999999,963.3400000000005,960.0700000000006,78.88,73.75,[23]
37000021,U18 Omdeler,U39,foot,TSP,Type 1,172,,0,4193.400000000001,4193.400000000001,1126.5345940000002,1126.5345940000002,1210.7800000000004,1210.7800000000004,84.23999999999997,84.23999999999997,[]
37000021,U18 Omdeler,U39,foot,TSP,Type 2,172,23,1,3929.1999999999994,3670.999999999999,1131.8423720000003,1133.5596100000002,1210.78,1207.3100000000006,78.88,73.75,[23]
37000022,O18 Omdeler,Gns. Oms,foot,TSP,Type 1,64,"37, 55, 56, 57, 58, 59, 60, 61, 62, 63",10,5028.7,1975.8999999999999,148.05992,213.66693999999993,290.86000000000007,269.76000000000005,142.81,56.10000000000001,"[37, 55, 56, 57, 58, 59, 60, 61, 62, 63]"
37000022,O18 Omdeler,Gns. Oms,foot,TSP,Type 2,64,"58, 59, 60, 61, 62, 63",6,4327.299999999999,1746.8000000000004,167.97968000000003,226.10337999999993,290.86000000000007,275.68,122.86,49.59000000000001,"[58, 59, 60, 61, 62, 63]"
37000022,O18 Omdeler,U36,foot,TSP,Type 1,64,"37, 55, 56, 57, 58, 59, 60, 61, 62, 63",10,5028.7,1975.8999999999999,140.71491999999998,220.33444,283.53,276.45,142.81,56.10000000000001,"[37, 55, 56, 57, 58, 59, 60, 61, 62, 63]"
37000022,O18 Omdeler,U36,foot,TSP,Type 2,64,"49, 57, 58, 59, 60, 61, 62, 63",8,4327.299999999999,1632.5999999999995,160.63468,230.08416,283.53,276.45,122.86,46.34,"[49, 57, 58, 59, 60, 61, 62, 63]"
37000022,O18 Omdeler,U37,foot,TSP,Type 1,64,"58, 59, 61, 62, 63",5,5028.7,2949.2,136.52492000000004,183.96272,279.3400000000001,267.7200000000001,142.81,83.75,"[58, 59, 61, 62, 63]"
37000022,O18 Omdeler,U37,foot,TSP,Type 2,64,"61, 62, 63",3,4327.299999999999,2652.100000000001,156.44468000000006,199.87035999999992,279.3400000000002,275.1900000000001,122.86,75.31,"[61, 62, 63]"
37000022,O18 Omdeler,U38,foot,TSP,Type 1,64,"54, 55, 56, 57, 58, 59, 60, 61, 62, 63",10,5028.7,1941.6,99.34492,187.01855999999998,242.15999999999985,242.15999999999985,142.81,55.129999999999995,"[54, 55, 56, 57, 58, 59, 60, 61, 62, 63]"
37000022,O18 Omdeler,U38,foot,TSP,Type 2,64,"49, 57, 58, 59, 60, 61, 62, 63",8,4327.299999999999,1632.5999999999995,119.26468000000001,195.79416,242.15999999999988,242.15999999999985,122.86,46.34,"[49, 57, 58, 59, 60, 61, 62, 63]"
37000022,O18 Omdeler,U39,foot,TSP,Type 1,64,"37, 55, 56, 57, 58, 59, 60, 61, 62, 63",10,5028.7,1975.8999999999999,215.65491999999998,271.4444400000001,358.47000000000014,327.56000000000023,142.81,56.10000000000001,"[37, 55, 56, 57, 58, 59, 60, 61, 62, 63]"
37000022,O18 Omdeler,U39,foot,TSP,Type 2,64,"58, 59, 60, 61, 62, 63",6,4327.299999999999,1746.8000000000004,235.57468,288.28088,358.4700000000001,337.89000000000016,122.86,49.59000000000001,"[58, 59, 60, 61, 62, 63]"
37000022,SE Omdeler,Gns. Oms,foot,TSP,Type 1,64,"37, 55, 56, 57, 58, 59, 60, 61, 62, 63",10,5028.7,1975.8999999999999,16.307979999999986,161.8983599999999,290.86000000000007,269.76000000000005,274.52,107.85000000000001,"[37, 55, 56, 57, 58, 59, 60, 61, 62, 63]"
37000022,SE Omdeler,Gns. Oms,foot,TSP,Type 2,64,"48, 49, 57, 58, 59, 60, 61, 62, 63",9,4327.299999999999,1465.8,54.60442000000003,185.17981999999998,290.86000000000007,265.18000000000006,236.24000000000004,80.02000000000005,"[48, 49, 57, 58, 59, 60, 61, 62, 63]"
37000022,SE Omdeler,U36,foot,TSP,Type 1,64,"54, 56, 57, 58, 59, 60, 61, 62, 63",9,5028.7,1941.6,8.962979999999959,168.66863999999995,283.53,274.68,274.52,105.98,"[54, 56, 57, 58, 59, 60, 61, 62, 63]"
37000022,SE Omdeler,U36,foot,TSP,Type 2,64,"48, 49, 57, 58, 59, 60, 61, 62, 63",9,4327.299999999999,1465.8,47.259420000000006,190.77731999999995,283.53,270.81,236.24000000000004,80.02000000000005,"[48, 49, 57, 58, 59, 60, 61, 62, 63]"
37000022,SE Omdeler,U37,foot,TSP,Type 1,64,"37, 55, 56, 57, 58, 59, 60, 61, 62, 63",10,5028.7,1975.8999999999999,4.772980000000018,125.07586,279.3400000000001,232.9600000000001,274.52,107.85000000000001,"[37, 55, 56, 57, 58, 59, 60, 61, 62, 63]"
37000022,SE Omdeler,U37,foot,TSP,Type 2,64,"48, 49, 57, 58, 59, 60, 61, 62, 63",9,4327.299999999999,1465.8,43.069420000000065,150.38732000000002,279.3400000000002,230.42000000000007,236.24000000000004,80.02000000000005,"[48, 49, 57, 58, 59, 60, 61, 62, 63]"
37000022,SE Omdeler,U38,foot,TSP,Type 1,64,,0,5028.7,5028.7,-32.40702000000002,-32.40702000000002,242.15999999999985,242.15999999999985,274.52,274.52,[]
37000022,SE Omdeler,U38,foot,TSP,Type 2,64,"48, 49, 57, 58, 59, 60, 61, 62, 63",9,4327.299999999999,1465.8,5.88942000000003,157.09731999999997,242.15999999999988,237.12999999999988,236.24000000000004,80.02000000000005,"[48, 49, 57, 58, 59, 60, 61, 62, 63]"
37000022,SE Omdeler,U39,foot,TSP,Type 1,64,"54, 55, 57, 58, 59, 60, 61, 62, 63",9,5028.7,1941.6,83.90297999999996,219.78864000000007,358.47000000000014,325.8000000000002,274.52,105.98,"[54, 55, 57, 58, 59, 60, 61, 62, 63]"
37000022,SE Omdeler,U39,foot,TSP,Type 2,64,"58, 59, 60, 61, 62, 63",6,4327.299999999999,1746.8000000000004,122.19942,242.51471999999998,358.4700000000001,337.89000000000016,236.24000000000004,95.36000000000004,"[58, 59, 60, 61, 62, 63]"
37000022,U18 Omdeler,Gns. Oms,foot,TSP,Type 1,64,"37, 55, 56, 57, 58, 59, 60, 61, 62, 63",10,5028.7,1975.8999999999999,189.84841699999998,230.08666899999992,290.86000000000007,269.76000000000005,100.99000000000001,39.669999999999995,"[37, 55, 56, 57, 58, 59, 60, 61, 62, 63]"
37000022,U18 Omdeler,Gns. Oms,foot,TSP,Type 2,64,"58, 59, 60, 61, 62, 63",6,4327.299999999999,1746.8000000000004,203.93954300000001,240.61928799999993,290.86000000000007,275.68,86.91000000000001,35.050000000000004,"[58, 59, 60, 61, 62, 63]"
37000022,U18 Omdeler,U36,foot,TSP,Type 1,64,"37, 55, 56, 57, 58, 59, 60, 61, 62, 63",10,5028.7,1975.8999999999999,182.50341699999996,236.754169,283.53,276.45,100.99000000000001,39.669999999999995,"[37, 55, 56, 57, 58, 59, 60, 61, 62, 63]"
37000022,U18 Omdeler,U36,foot,TSP,Type 2,64,"49, 57, 58, 59, 60, 61, 62, 63",8,4327.299999999999,1632.5999999999995,196.594543,243.65106600000001,283.53,276.45,86.91000000000001,32.77,"[49, 57, 58, 59, 60, 61, 62, 63]"
37000022,U18 Omdeler,U37,foot,TSP,Type 1,64,"37, 61, 62, 63",4,5028.7,3340.2999999999997,178.31341700000002,207.23337299999997,279.3400000000001,274.3400000000001,100.99000000000001,67.07,"[37, 61, 62, 63]"
37000022,U18 Omdeler,U37,foot,TSP,Type 2,64,"61, 62, 63",3,4327.299999999999,2652.100000000001,192.40454300000005,221.90931099999992,279.3400000000002,275.1900000000001,86.91000000000001,53.23000000000001,"[61, 62, 63]"
37000022,U18 Omdeler,U38,foot,TSP,Type 1,64,"54, 55, 56, 57, 58, 59, 60, 61, 62, 63",10,5028.7,1941.6,141.133417,203.15325599999997,242.15999999999985,242.15999999999985,100.99000000000001,38.98,"[54, 55, 56, 57, 58, 59, 60, 61, 62, 63]"
37000022,U18 Omdeler,U38,foot,TSP,Type 2,64,"49, 57, 58, 59, 60, 61, 62, 63",8,4327.299999999999,1632.5999999999995,155.224543,209.361066,242.15999999999988,242.15999999999985,86.91000000000001,32.77,"[49, 57, 58, 59, 60, 61, 62, 63]"
37000022,U18 Omdeler,U39,foot,TSP,Type 1,64,"58, 59, 61, 62, 63",5,5028.7,2949.2,257.44341699999995,288.82057199999997,358.47000000000014,348.0700000000002,100.99000000000001,59.209999999999994,"[58, 59, 61, 62, 63]"
37000022,U18 Omdeler,U39,foot,TSP,Type 2,64,"58, 59, 60, 61, 62, 63",6,4327.299999999999,1746.8000000000004,271.534543,302.796788,358.4700000000001,337.89000000000016,86.91000000000001,35.050000000000004,"[58, 59, 60, 61, 62, 63]"
37000023,O18 Omdeler,Gns. Oms,foot,TSP,Type 1,88,"9, 18, 19",3,2682.600000000001,2254.5,311.59665999999993,318.90969999999993,387.79000000000013,382.9400000000001,76.16,64.02999999999999,"[9, 18, 19]"
37000023,O18 Omdeler,Gns. Oms,foot,TSP,Type 2,88,"13, 14, 18",3,2403.5999999999995,1805.4999999999998,319.52026,328.26379999999995,387.79000000000025,379.55,68.23,51.22,"[13, 14, 18]"
37000023,O18 Omdeler,U36,foot,TSP,Type 1,88,"9, 13, 14, 18",4,2682.600000000001,2149.9,306.4341599999999,319.7928399999999,382.62,380.85,76.16,61.05,"[9, 13, 14, 18]"
37000023,O18 Omdeler,U36,foot,TSP,Type 2,88,"13, 14, 18",3,2403.5999999999995,1805.4999999999998,314.35776,329.5738,382.62,380.85,68.23,51.22,"[13, 14, 18]"
37000023,O18 Omdeler,U37,foot,TSP,Type 1,88,"9, 18, 19",3,2682.600000000001,2254.5,270.42416,278.4322,346.61000000000035,342.4600000000003,76.16,64.02999999999999,"[9, 18, 19]"
37000023,O18 Omdeler,U37,foot,TSP,Type 2,88,18,1,2403.5999999999995,1993.9,278.34776,285.83324000000005,346.61000000000035,342.46000000000043,68.23,56.580000000000005,[18]
37000023,O18 Omdeler,U38,foot,TSP,Type 1,88,"9, 11, 12, 13, 14, 15, 16, 17, 18, 19",10,2682.600000000001,2134.6,262.25415999999996,277.81736000000006,338.44,338.44,76.16,60.60999999999999,"[9, 11, 12, 13, 14, 15, 16, 17, 18, 19]"
37000023,O18 Omdeler,U38,foot,TSP,Type 2,88,"13, 14, 18",3,2403.5999999999995,1805.4999999999998,270.17776000000003,287.1638000000001,338.44000000000005,338.44000000000005,68.23,51.22,"[13, 14, 18]"
37000023,O18 Omdeler,U39,foot,TSP,Type 1,88,18,1,2682.600000000001,2313.5,407.27416,409.07659999999987,483.46000000000055,474.7800000000005,76.16,65.68999999999998,[18]
37000023,O18 Omdeler,U39,foot,TSP,Type 2,88,18,1,2403.5999999999995,1993.9,415.19776,418.15323999999987,483.46000000000043,474.7800000000004,68.23,56.580000000000005,[18]
37000023,SE Omdeler,Gns. Oms,foot,TSP,Type 1,88,"9, 13, 14, 18",4,2682.600000000001,2149.9,241.31253999999993,261.60795999999993,387.79000000000013,379.0000000000001,146.48999999999992,117.39,"[9, 13, 14, 18]"
37000023,SE Omdeler,Gns. Oms,foot,TSP,Type 2,88,"13, 14, 18",3,2403.5999999999995,1805.4999999999998,256.54594,280.9596999999999,387.79000000000025,379.55,131.30000000000007,98.62999999999998,"[13, 14, 18]"
37000023,SE Omdeler,U36,foot,TSP,Type 1,88,"9, 13, 14, 18",4,2682.600000000001,2149.9,236.1500399999999,263.4654599999999,382.62,380.85,146.48999999999992,117.39,"[9, 13, 14, 18]"
37000023,SE Omdeler,U36,foot,TSP,Type 2,88,"13, 14, 18",3,2403.5999999999995,1805.4999999999998,251.38343999999998,282.2697,382.62,380.85,131.30000000000007,98.62999999999998,"[13, 14, 18]"
37000023,SE Omdeler,U37,foot,TSP,Type 1,88,"9, 18, 19",3,2682.600000000001,2254.5,200.14003999999997,219.36430000000004,346.61000000000035,342.4600000000003,146.48999999999992,123.10999999999999,"[9, 18, 19]"
37000023,SE Omdeler,U37,foot,TSP,Type 2,88,"13, 14, 18",3,2403.5999999999995,1805.4999999999998,215.37344000000004,233.95970000000003,346.61000000000035,332.5400000000004,131.30000000000007,98.62999999999998,"[13, 14, 18]"
37000023,SE Omdeler,U38,foot,TSP,Type 1,88,"9, 11, 12, 13, 14, 15, 16, 17, 18, 19",10,2682.600000000001,2134.6,191.97003999999995,221.89084000000005,338.44,338.44,146.48999999999992,116.55999999999999,"[9, 11, 12, 13, 14, 15, 16, 17, 18, 19]"
37000023,SE Omdeler,U38,foot,TSP,Type 2,88,"13, 14, 18",3,2403.5999999999995,1805.4999999999998,207.20344000000003,239.85970000000006,338.44000000000005,338.44000000000005,131.30000000000007,98.62999999999998,"[13, 14, 18]"
37000023,SE Omdeler,U39,foot,TSP,Type 1,88,18,1,2682.600000000001,2313.5,336.99004,348.46289999999993,483.46000000000055,474.7800000000005,146.48999999999992,126.33999999999999,[18]
37000023,SE Omdeler,U39,foot,TSP,Type 2,88,"13, 14, 18",3,2403.5999999999995,1805.4999999999998,352.2234400000001,367.74969999999996,483.46000000000043,466.33000000000044,131.30000000000007,98.62999999999998,"[13, 14, 18]"
37000023,U18 Omdeler,Gns. Oms,foot,TSP,Type 1,88,18,1,2682.600000000001,2313.5,333.88906599999996,338.0967849999999,387.79000000000013,384.58000000000015,53.91000000000001,46.50000000000002,[18]
37000023,U18 Omdeler,Gns. Oms,foot,TSP,Type 2,88,18,1,2403.5999999999995,1993.9,339.494176,344.51754899999986,387.79000000000025,384.58000000000004,48.25999999999999,40.040000000000006,[18]
37000023,U18 Omdeler,U36,foot,TSP,Type 1,88,"9, 13, 14, 18",4,2682.600000000001,2149.9,328.72656599999993,337.6585089999999,382.62,380.85,53.91000000000001,43.230000000000025,"[9, 13, 14, 18]"
37000023,U18 Omdeler,U36,foot,TSP,Type 2,88,"13, 14, 18",3,2403.5999999999995,1805.4999999999998,334.33167599999996,344.577505,382.62,380.85,48.25999999999999,36.260000000000005,"[13, 14, 18]"
37000023,U18 Omdeler,U37,foot,TSP,Type 1,88,"9, 18, 19",3,2682.600000000001,2254.5,292.716566,297.167095,346.61000000000035,342.4600000000003,53.91000000000001,45.32000000000002,"[9, 18, 19]"
37000023,U18 Omdeler,U37,foot,TSP,Type 2,88,18,1,2403.5999999999995,1993.9,298.321676,302.4025490000001,346.61000000000035,342.46000000000043,48.25999999999999,40.040000000000006,[18]
37000023,U18 Omdeler,U38,foot,TSP,Type 1,88,"9, 11, 12, 13, 14, 15, 16, 17, 18, 19",10,2682.600000000001,2134.6,284.546566,295.55588600000004,338.44,338.44,53.91000000000001,42.92000000000002,"[9, 11, 12, 13, 14, 15, 16, 17, 18, 19]"
37000023,U18 Omdeler,U38,foot,TSP,Type 2,88,"13, 14, 18",3,2403.5999999999995,1805.4999999999998,290.151676,302.16750500000006,338.44000000000005,338.44000000000005,48.25999999999999,36.260000000000005,"[13, 14, 18]"
37000023,U18 Omdeler,U39,foot,TSP,Type 1,88,,0,2682.600000000001,2682.600000000001,429.566566,429.566566,483.46000000000055,483.46000000000055,53.91000000000001,53.91000000000001,[]
37000023,U18 Omdeler,U39,foot,TSP,Type 2,88,63,1,2403.5999999999995,2357.1,435.17167600000005,435.735861,483.46000000000043,483.09000000000043,48.25999999999999,47.32,[63]
37000024,O18 Omdeler,Gns. Oms,foot,TSP,Type 1,103,"27, 86, 94",3,2626.9999999999995,2277.7999999999997,421.30819999999994,427.48298,495.8800000000004,492.1400000000004,74.65000000000005,64.73000000000002,"[27, 86, 94]"
37000024,O18 Omdeler,Gns. Oms,foot,TSP,Type 2,103,85,1,1832.7000000000003,1780.8000000000002,443.86632,444.70277999999996,495.8800000000003,495.24000000000024,52.110000000000035,50.64000000000003,[85]
37000024,O18 Omdeler,U36,foot,TSP,Type 1,103,"27, 86, 94",3,2626.9999999999995,2277.7999999999997,427.70320000000004,437.62048,502.31,502.31,74.65000000000005,64.73000000000002,"[27, 86, 94]"
37000024,O18 Omdeler,U36,foot,TSP,Type 2,103,"86, 94, 98",3,1832.7000000000003,1725.4,450.26132,453.3086400000001,502.3099999999998,502.30999999999983,52.110000000000035,49.020000000000024,"[86, 94, 98]"
37000024,O18 Omdeler,U37,foot,TSP,Type 1,103,"27, 86, 94",3,2626.9999999999995,2277.7999999999997,329.43320000000006,334.35048,404.04,399.04,74.65000000000005,64.73000000000002,"[27, 86, 94]"
37000024,O18 Omdeler,U37,foot,TSP,Type 2,103,63,1,1832.7000000000003,1811.6000000000001,351.9913200000001,352.5905600000001,404.04,404.0400000000001,52.110000000000035,51.52000000000002,[63]
37000024,O18 Omdeler,U38,foot,TSP,Type 1,103,"27, 86, 94",3,2626.9999999999995,2277.7999999999997,397.92320000000007,407.84048000000007,472.5300000000003,472.5300000000003,74.65000000000005,64.73000000000002,"[27, 86, 94]"
37000024,O18 Omdeler,U38,foot,TSP,Type 2,103,"86, 94, 98",3,1832.7000000000003,1725.4,420.4813200000001,423.5286400000001,472.53000000000014,472.53000000000014,52.110000000000035,49.020000000000024,"[86, 94, 98]"
37000024,O18 Omdeler,U39,foot,TSP,Type 1,103,94,1,2626.9999999999995,2417.4999999999995,530.1732000000001,531.883,604.7800000000007,600.5400000000006,74.65000000000005,68.70000000000005,[94]
37000024,O18 Omdeler,U39,foot,TSP,Type 2,103,85,1,1832.7000000000003,1780.8000000000002,552.7313200000001,553.3552800000002,604.7800000000005,603.9300000000005,52.110000000000035,50.64000000000003,[85]
37000024,SE Omdeler,Gns. Oms,foot,TSP,Type 1,103,"27, 86, 94",3,2626.9999999999995,2277.7999999999997,352.4808,367.80462,495.8800000000004,492.1400000000004,143.40999999999994,124.33,"[27, 86, 94]"
37000024,SE Omdeler,Gns. Oms,foot,TSP,Type 2,103,85,1,1832.7000000000003,1780.8000000000002,395.84957999999995,398.04581999999994,495.8800000000003,495.24000000000024,100.02,97.19,[85]
37000024,SE Omdeler,U36,foot,TSP,Type 1,103,"27, 86, 94",3,2626.9999999999995,2277.7999999999997,358.8758,377.94211999999993,502.31,502.31,143.40999999999994,124.33,"[27, 86, 94]"
37000024,SE Omdeler,U36,foot,TSP,Type 2,103,"86, 94, 98",3,1832.7000000000003,1725.4,402.24458,408.10316000000006,502.3099999999998,502.30999999999983,100.02,94.17000000000002,"[86, 94, 98]"
37000024,SE Omdeler,U37,foot,TSP,Type 1,103,"27, 86, 94",3,2626.9999999999995,2277.7999999999997,260.6058000000001,274.67212000000006,404.04,399.04,143.40999999999994,124.33,"[27, 86, 94]"
37000024,SE Omdeler,U37,foot,TSP,Type 2,103,63,1,1832.7000000000003,1811.6000000000001,303.97458000000006,305.12664000000007,404.04,404.0400000000001,100.02,98.88,[63]
37000024,SE Omdeler,U38,foot,TSP,Type 1,103,"27, 86, 94",3,2626.9999999999995,2277.7999999999997,329.0958000000001,348.1621200000001,472.5300000000003,472.5300000000003,143.40999999999994,124.33,"[27, 86, 94]"
37000024,SE Omdeler,U38,foot,TSP,Type 2,103,"85, 86, 87, 88, 89, 91, 94, 98",8,1832.7000000000003,1513.6000000000004,372.46458000000007,384.40744000000007,472.53000000000014,467.05000000000007,100.02,82.60000000000001,"[85, 86, 87, 88, 89, 91, 94, 98]"
37000024,SE Omdeler,U39,foot,TSP,Type 1,103,"27, 86, 94",3,2626.9999999999995,2277.7999999999997,461.3458000000001,470.44212000000005,604.7800000000007,594.8100000000006,143.40999999999994,124.33,"[27, 86, 94]"
37000024,SE Omdeler,U39,foot,TSP,Type 2,103,85,1,1832.7000000000003,1780.8000000000002,504.71458000000007,506.69832000000014,604.7800000000005,603.9300000000005,100.02,97.19,[85]
37000024,U18 Omdeler,Gns. Oms,foot,TSP,Type 1,103,"27, 86, 94",3,2626.9999999999995,2277.7999999999997,443.13856999999996,446.411498,495.8800000000004,492.1400000000004,52.74000000000001,45.71000000000001,"[27, 86, 94]"
37000024,U18 Omdeler,Gns. Oms,foot,TSP,Type 2,103,85,1,1832.7000000000003,1780.8000000000002,459.096057,459.50122799999997,495.8800000000003,495.24000000000024,36.800000000000004,35.760000000000005,[85]
37000024,U18 Omdeler,U36,foot,TSP,Type 1,103,"27, 86, 94",3,2626.9999999999995,2277.7999999999997,449.53357,456.5489979999999,502.31,502.31,52.74000000000001,45.71000000000001,"[27, 86, 94]"
37000024,U18 Omdeler,U36,foot,TSP,Type 2,103,"86, 94, 98",3,1832.7000000000003,1725.4,465.491057,467.6467140000001,502.3099999999998,502.30999999999983,36.800000000000004,34.63999999999999,"[86, 94, 98]"
37000024,U18 Omdeler,U37,foot,TSP,Type 1,103,"27, 86, 94",3,2626.9999999999995,2277.7999999999997,351.2635700000001,353.278998,404.04,399.04,52.74000000000001,45.71000000000001,"[27, 86, 94]"
37000024,U18 Omdeler,U37,foot,TSP,Type 2,103,63,1,1832.7000000000003,1811.6000000000001,367.2210570000001,367.6449560000001,404.04,404.0400000000001,36.800000000000004,36.36000000000001,[63]
37000024,U18 Omdeler,U38,foot,TSP,Type 1,103,"27, 86, 94",3,2626.9999999999995,2277.7999999999997,419.7535700000001,426.76899800000007,472.5300000000003,472.5300000000003,52.74000000000001,45.71000000000001,"[27, 86, 94]"
37000024,U18 Omdeler,U38,foot,TSP,Type 2,103,"86, 94, 98",3,1832.7000000000003,1725.4,435.7110570000001,437.8667140000001,472.53000000000014,472.53000000000014,36.800000000000004,34.63999999999999,"[86, 94, 98]"
37000024,U18 Omdeler,U39,foot,TSP,Type 1,103,,0,2626.9999999999995,2626.9999999999995,552.0035700000001,552.0035700000001,604.7800000000007,604.7800000000007,52.74000000000001,52.74000000000001,[]
37000024,U18 Omdeler,U39,foot,TSP,Type 2,103,85,1,1832.7000000000003,1780.8000000000002,567.9610570000001,568.1537280000002,604.7800000000005,603.9300000000005,36.800000000000004,35.760000000000005,[85]
37000025,O18 Omdeler,Gns. Oms,foot,TSP,Type 1,159,103,1,3547.100000000001,3144.5000000000005,746.57486,752.2887,847.2500000000011,841.5300000000011,100.6900000000001,89.25000000000009,[103]
37000025,O18 Omdeler,Gns. Oms,foot,TSP,Type 2,159,,0,2677.8999999999996,2677.8999999999996,771.26014,771.26014,847.2500000000008,847.2500000000008,76.05000000000003,76.05000000000003,[]
37000025,O18 Omdeler,U36,foot,TSP,Type 1,159,"38, 102, 103",3,3547.100000000001,3128.3000000000006,769.70236,775.59628,870.4399999999996,864.4399999999996,100.6900000000001,88.79000000000008,"[38, 102, 103]"
37000025,O18 Omdeler,U36,foot,TSP,Type 2,159,38,1,2677.8999999999996,2661.7,794.38764,794.84772,870.4399999999998,870.4399999999998,76.05000000000003,75.59000000000005,[38]
37000025,O18 Omdeler,U37,foot,TSP,Type 1,159,"102, 103, 139",3,3547.100000000001,3142.500000000001,601.69236,608.7529999999999,702.4299999999994,697.9999999999994,100.6900000000001,89.19000000000008,"[102, 103, 139]"
37000025,O18 Omdeler,U37,foot,TSP,Type 2,159,,0,2677.8999999999996,2677.8999999999996,626.37764,626.37764,702.4299999999989,702.4299999999989,76.05000000000003,76.05000000000003,[]
37000025,O18 Omdeler,U38,foot,TSP,Type 1,159,"68, 102, 103, 104",4,3547.100000000001,3116.5000000000005,697.5923600000001,703.9714,798.3300000000007,792.4800000000007,100.6900000000001,88.46000000000008,"[68, 102, 103, 104]"
37000025,O18 Omdeler,U38,foot,TSP,Type 2,159,"102, 104",2,2677.8999999999996,2665.0,722.2776400000001,722.6440000000001,798.3300000000011,798.3300000000011,76.05000000000003,75.69000000000003,"[102, 104]"
37000025,O18 Omdeler,U39,foot,TSP,Type 1,159,103,1,3547.100000000001,3144.5000000000005,917.31236,921.7762,1018.0500000000012,1011.0800000000012,100.6900000000001,89.25000000000009,[103]
37000025,O18 Omdeler,U39,foot,TSP,Type 2,159,,0,2677.8999999999996,2677.8999999999996,941.99764,941.99764,1018.0500000000009,1018.0500000000009,76.05000000000003,76.05000000000003,[]
37000025,SE Omdeler,Gns. Oms,foot,TSP,Type 1,159,103,1,3547.100000000001,3144.5000000000005,653.6408399999999,669.9028,847.2500000000011,841.5300000000011,193.69000000000017,171.71000000000012,[103]
37000025,SE Omdeler,Gns. Oms,foot,TSP,Type 2,159,143,1,2677.8999999999996,2559.1,701.09916,701.86564,847.2500000000008,841.530000000001,146.15999999999988,139.68,[143]
37000025,SE Omdeler,U36,foot,TSP,Type 1,159,"38, 102, 103",3,3547.100000000001,3128.3000000000006,676.76834,693.63482,870.4399999999996,864.4399999999996,193.69000000000017,170.83000000000013,"[38, 102, 103]"
37000025,SE Omdeler,U36,foot,TSP,Type 2,159,38,1,2677.8999999999996,2661.7,724.22666,725.11118,870.4399999999998,870.4399999999998,146.15999999999988,145.2799999999999,[38]
37000025,SE Omdeler,U37,foot,TSP,Type 1,159,"68, 102, 103",3,3547.100000000001,3130.5000000000005,508.75834,526.7046999999998,702.4299999999994,697.6299999999994,193.69000000000017,170.95000000000013,"[68, 102, 103]"
37000025,SE Omdeler,U37,foot,TSP,Type 2,159,143,1,2677.8999999999996,2559.1,556.21666,558.27314,702.4299999999989,697.999999999999,146.15999999999988,139.68,[143]
37000025,SE Omdeler,U38,foot,TSP,Type 1,159,"68, 102, 103, 104",4,3547.100000000001,3116.5000000000005,604.6583400000001,622.3190999999999,798.3300000000007,792.4800000000007,193.69000000000017,170.18000000000012,"[68, 102, 103, 104]"
37000025,SE Omdeler,U38,foot,TSP,Type 2,159,130,1,2677.8999999999996,2559.1,652.1166600000001,653.1231400000001,798.3300000000011,792.8500000000008,146.15999999999988,139.67,[130]
37000025,SE Omdeler,U39,foot,TSP,Type 1,159,103,1,3547.100000000001,3144.5000000000005,824.37834,839.3903,1018.0500000000012,1011.0800000000012,193.69000000000017,171.71000000000012,[103]
37000025,SE Omdeler,U39,foot,TSP,Type 2,159,,0,2677.8999999999996,2677.8999999999996,871.83666,871.83666,1018.0500000000009,1018.0500000000009,146.15999999999988,146.15999999999988,[]
37000025,U18 Omdeler,Gns. Oms,foot,TSP,Type 1,159,103,1,3547.100000000001,3144.5000000000005,776.051261,778.419495,847.2500000000011,841.5300000000011,71.17999999999996,63.09,[103]
37000025,U18 Omdeler,Gns. Oms,foot,TSP,Type 2,159,,0,2677.8999999999996,2677.8999999999996,793.513489,793.513489,847.2500000000008,847.2500000000008,53.74999999999998,53.74999999999998,[]
37000025,U18 Omdeler,U36,foot,TSP,Type 1,159,"38, 102, 103",3,3547.100000000001,3128.3000000000006,799.178761,801.592453,870.4399999999996,864.4399999999996,71.17999999999996,62.78,"[38, 102, 103]"
37000025,U18 Omdeler,U36,foot,TSP,Type 2,159,38,1,2677.8999999999996,2661.7,816.6409890000001,816.9664470000001,870.4399999999998,870.4399999999998,53.74999999999998,53.429999999999986,[38]
37000025,U18 Omdeler,U37,foot,TSP,Type 1,159,"102, 103, 139",3,3547.100000000001,3142.500000000001,631.168761,634.867175,702.4299999999994,697.9999999999994,71.17999999999996,63.06,"[102, 103, 139]"
37000025,U18 Omdeler,U37,foot,TSP,Type 2,159,,0,2677.8999999999996,2677.8999999999996,648.6309890000001,648.6309890000001,702.4299999999989,702.4299999999989,53.74999999999998,53.74999999999998,[]
37000025,U18 Omdeler,U38,foot,TSP,Type 1,159,"103, 104, 137",3,3547.100000000001,3130.4000000000005,727.0687610000001,729.960264,798.3300000000007,792.8500000000007,71.17999999999996,62.81,"[103, 104, 137]"
37000025,U18 Omdeler,U38,foot,TSP,Type 2,159,"102, 104",2,2677.8999999999996,2665.0,744.5309890000002,744.7901500000002,798.3300000000011,798.3300000000011,53.74999999999998,53.49999999999998,"[102, 104]"
37000025,U18 Omdeler,U39,foot,TSP,Type 1,159,103,1,3547.100000000001,3144.5000000000005,946.788761,947.906995,1018.0500000000012,1011.0800000000012,71.17999999999996,63.09,[103]
37000025,U18 Omdeler,U39,foot,TSP,Type 2,159,,0,2677.8999999999996,2677.8999999999996,964.2509890000001,964.2509890000001,1018.0500000000009,1018.0500000000009,53.74999999999998,53.74999999999998,[]
37000027,O18 Omdeler,Gns. Oms,foot,TSP,Type 1,101,"45, 71",2,3203.7999999999997,2654.9,409.4295799999999,420.1408399999999,500.47,495.59000000000003,90.95000000000002,75.36000000000004,"[45, 71]"
37000027,O18 Omdeler,Gns. Oms,foot,TSP,Type 2,101,"45, 71",2,2484.6000000000004,1963.5,429.8548599999999,439.7766,500.4700000000003,495.5900000000002,70.54000000000003,55.73000000000001,"[45, 71]"
37000027,O18 Omdeler,U36,foot,TSP,Type 1,101,"45, 54, 71",3,3203.7999999999997,2654.8,438.90207999999996,452.72367999999994,529.8899999999999,528.1199999999999,90.95000000000002,75.36000000000004,"[45, 54, 71]"
37000027,O18 Omdeler,U36,foot,TSP,Type 2,101,"45, 71",2,2484.6000000000004,1963.5,459.32736,472.3566,529.89,528.1199999999999,70.54000000000003,55.73000000000001,"[45, 71]"
37000027,O18 Omdeler,U37,foot,TSP,Type 1,101,"45, 71",2,3203.7999999999997,2654.9,321.02207999999996,330.0108399999999,412.01000000000016,405.41000000000014,90.95000000000002,75.36000000000004,"[45, 71]"
37000027,O18 Omdeler,U37,foot,TSP,Type 2,101,"45, 71",2,2484.6000000000004,1963.5,341.44736,349.6466,412.01000000000033,405.4100000000002,70.54000000000003,55.73000000000001,"[45, 71]"
37000027,O18 Omdeler,U38,foot,TSP,Type 1,101,"45, 54, 71",3,3203.7999999999997,2654.8,373.53208000000006,386.61368000000004,464.5200000000002,462.0100000000002,90.95000000000002,75.36000000000004,"[45, 54, 71]"
37000027,O18 Omdeler,U38,foot,TSP,Type 2,101,"45, 71",2,2484.6000000000004,1963.5,393.9573600000001,406.2466000000001,464.52000000000027,462.0100000000003,70.54000000000003,55.73000000000001,"[45, 71]"
37000027,O18 Omdeler,U39,foot,TSP,Type 1,101,"45, 71",2,3203.7999999999997,2654.9,504.26207999999986,511.22083999999995,595.2500000000003,586.6200000000003,90.95000000000002,75.36000000000004,"[45, 71]"
37000027,O18 Omdeler,U39,foot,TSP,Type 2,101,"45, 71",2,2484.6000000000004,1963.5,524.6873599999999,530.8566000000001,595.2500000000006,586.6200000000006,70.54000000000003,55.73000000000001,"[45, 71]"
37000027,SE Omdeler,Gns. Oms,foot,TSP,Type 1,101,"26, 45, 71",3,3203.7999999999997,2530.7000000000003,325.4900199999999,351.41377999999986,500.47,489.64,174.95999999999995,138.20999999999998,"[26, 45, 71]"
37000027,SE Omdeler,Gns. Oms,foot,TSP,Type 2,101,"45, 71",2,2484.6000000000004,1963.5,364.75833999999986,388.33289999999994,500.4700000000003,495.5900000000002,135.68000000000004,107.23000000000003,"[45, 71]"
37000027,SE Omdeler,U36,foot,TSP,Type 1,101,"26, 45, 71",3,3203.7999999999997,2530.7000000000003,354.96252,383.94377999999995,529.8899999999999,522.1199999999999,174.95999999999995,138.20999999999998,"[26, 45, 71]"
37000027,SE Omdeler,U36,foot,TSP,Type 2,101,"45, 71",2,2484.6000000000004,1963.5,394.23083999999994,420.9129,529.89,528.1199999999999,135.68000000000004,107.23000000000003,"[45, 71]"
37000027,SE Omdeler,U37,foot,TSP,Type 1,101,"26, 45, 71",3,3203.7999999999997,2530.7000000000003,237.08252,262.80377999999996,412.01000000000016,400.98000000000013,174.95999999999995,138.20999999999998,"[26, 45, 71]"
37000027,SE Omdeler,U37,foot,TSP,Type 2,101,"45, 71",2,2484.6000000000004,1963.5,276.35083999999995,298.20289999999994,412.01000000000033,405.4100000000002,135.68000000000004,107.23000000000003,"[45, 71]"
37000027,SE Omdeler,U38,foot,TSP,Type 1,101,"15, 45, 71",3,3203.7999999999997,2626.3,289.5925200000001,317.7540200000001,464.5200000000002,461.1500000000002,174.95999999999995,143.42999999999998,"[15, 45, 71]"
37000027,SE Omdeler,U38,foot,TSP,Type 2,101,"45, 71",2,2484.6000000000004,1963.5,328.86084000000005,354.8029000000001,464.52000000000027,462.0100000000003,135.68000000000004,107.23000000000003,"[45, 71]"
37000027,SE Omdeler,U39,foot,TSP,Type 1,101,"26, 45, 71",3,3203.7999999999997,2530.7000000000003,420.3225199999999,442.7637799999999,595.2500000000003,580.9400000000004,174.95999999999995,138.20999999999998,"[26, 45, 71]"
37000027,SE Omdeler,U39,foot,TSP,Type 2,101,"45, 71",2,2484.6000000000004,1963.5,459.59083999999984,479.4129,595.2500000000006,586.6200000000006,135.68000000000004,107.23000000000003,"[45, 71]"
37000027,U18 Omdeler,Gns. Oms,foot,TSP,Type 1,101,"45, 71",2,3203.7999999999997,2654.9,436.05315799999994,442.203059,500.47,495.59000000000003,64.39,53.36000000000001,"[45, 71]"
37000027,U18 Omdeler,Gns. Oms,foot,TSP,Type 2,101,"45, 71",2,2484.6000000000004,1963.5,450.5018859999999,456.093285,500.4700000000003,495.5900000000002,49.91000000000001,39.440000000000005,"[45, 71]"
37000027,U18 Omdeler,U36,foot,TSP,Type 1,101,"45, 54, 71",3,3203.7999999999997,2654.8,465.525658,474.785068,529.8899999999999,528.1199999999999,64.39,53.36000000000001,"[45, 54, 71]"
37000027,U18 Omdeler,U36,foot,TSP,Type 2,101,"45, 71",2,2484.6000000000004,1963.5,479.974386,488.673285,529.89,528.1199999999999,49.91000000000001,39.440000000000005,"[45, 71]"
37000027,U18 Omdeler,U37,foot,TSP,Type 1,101,"45, 71",2,3203.7999999999997,2654.9,347.645658,352.073059,412.01000000000016,405.41000000000014,64.39,53.36000000000001,"[45, 71]"
37000027,U18 Omdeler,U37,foot,TSP,Type 2,101,"45, 71",2,2484.6000000000004,1963.5,362.094386,365.963285,412.01000000000033,405.4100000000002,49.91000000000001,39.440000000000005,"[45, 71]"
37000027,U18 Omdeler,U38,foot,TSP,Type 1,101,"45, 54, 71",3,3203.7999999999997,2654.8,400.15565800000013,408.6750680000001,464.5200000000002,462.0100000000002,64.39,53.36000000000001,"[45, 54, 71]"
37000027,U18 Omdeler,U38,foot,TSP,Type 2,101,"45, 71",2,2484.6000000000004,1963.5,414.6043860000001,422.5632850000001,464.52000000000027,462.0100000000003,49.91000000000001,39.440000000000005,"[45, 71]"
37000027,U18 Omdeler,U39,foot,TSP,Type 1,101,45,1,3203.7999999999997,2840.0999999999995,530.8856579999999,534.652391,595.2500000000003,591.7100000000004,64.39,57.080000000000005,[45]
37000027,U18 Omdeler,U39,foot,TSP,Type 2,101,"45, 71",2,2484.6000000000004,1963.5,545.3343859999999,547.173285,595.2500000000006,586.6200000000006,49.91000000000001,39.440000000000005,"[45, 71]"
37000028,O18 Omdeler,Gns. Oms,foot,TSP,Type 1,168,,0,2962.5000000000014,2962.5000000000014,833.6700000000001,833.6700000000001,917.6800000000011,917.6800000000011,84.10999999999997,84.10999999999997,[]
37000028,O18 Omdeler,Gns. Oms,foot,TSP,Type 2,168,13,1,2311.4000000000005,2208.6000000000004,852.16124,854.20576,917.6800000000014,916.8000000000011,65.7,62.73,[13]
37000028,O18 Omdeler,U36,foot,TSP,Type 1,168,106,1,2962.5000000000014,2962.4000000000015,864.615,864.6178399999999,948.7499999999997,948.7499999999997,84.10999999999997,84.10999999999996,[106]
37000028,O18 Omdeler,U36,foot,TSP,Type 2,168,13,1,2311.4000000000005,2208.6000000000004,883.10624,886.02576,948.7499999999997,948.7499999999994,65.7,62.73,[13]
37000028,O18 Omdeler,U37,foot,TSP,Type 1,168,106,1,2962.5000000000014,2962.4000000000015,645.375,645.37784,729.5099999999987,729.5099999999987,84.10999999999997,84.10999999999996,[106]
37000028,O18 Omdeler,U37,foot,TSP,Type 2,168,13,1,2311.4000000000005,2208.6000000000004,663.86624,666.78576,729.5099999999987,729.5099999999991,65.7,62.73,[13]
37000028,O18 Omdeler,U38,foot,TSP,Type 1,168,52,1,2962.5000000000014,2923.9000000000015,797.5050000000001,798.6012400000001,881.640000000001,881.640000000001,84.10999999999997,83.00999999999998,[52]
37000028,O18 Omdeler,U38,foot,TSP,Type 2,168,52,1,2311.4000000000005,2208.2999999999997,815.9962400000001,818.9242800000001,881.640000000001,881.6400000000008,65.7,62.71999999999998,[52]
37000028,O18 Omdeler,U39,foot,TSP,Type 1,168,,0,2962.5000000000014,2962.5000000000014,1027.185,1027.185,1111.3200000000006,1111.3200000000006,84.10999999999997,84.10999999999997,[]
37000028,O18 Omdeler,U39,foot,TSP,Type 2,168,52,1,2311.4000000000005,2208.2999999999997,1045.67624,1046.41428,1111.3200000000013,1109.130000000001,65.7,62.71999999999998,[52]
37000028,SE Omdeler,Gns. Oms,foot,TSP,Type 1,168,52,1,2962.5000000000014,2923.9000000000015,756.0525,756.55756,917.6800000000011,916.0800000000011,161.73999999999995,159.63,[52]
37000028,SE Omdeler,Gns. Oms,foot,TSP,Type 2,168,13,1,2311.4000000000005,2208.6000000000004,791.60256,796.3404400000001,917.6800000000014,916.8000000000011,126.23,120.60999999999991,[13]
37000028,SE Omdeler,U36,foot,TSP,Type 1,168,52,1,2962.5000000000014,2923.9000000000015,786.9975,787.33506,948.7499999999997,946.9799999999997,161.73999999999995,159.63,[52]
37000028,SE Omdeler,U36,foot,TSP,Type 2,168,13,1,2311.4000000000005,2208.6000000000004,822.54756,828.16044,948.7499999999997,948.7499999999994,126.23,120.60999999999991,[13]
37000028,SE Omdeler,U37,foot,TSP,Type 1,168,106,1,2962.5000000000014,2962.4000000000015,567.7574999999999,567.7629599999999,729.5099999999987,729.5099999999987,161.73999999999995,161.73999999999995,[106]
37000028,SE Omdeler,U37,foot,TSP,Type 2,168,13,1,2311.4000000000005,2208.6000000000004,603.30756,608.92044,729.5099999999987,729.5099999999991,126.23,120.60999999999991,[13]
37000028,SE Omdeler,U38,foot,TSP,Type 1,168,52,1,2962.5000000000014,2923.9000000000015,719.8875,721.9950600000001,881.640000000001,881.640000000001,161.73999999999995,159.63,[52]
37000028,SE Omdeler,U38,foot,TSP,Type 2,168,52,1,2311.4000000000005,2208.2999999999997,755.4375600000001,761.0668200000001,881.640000000001,881.6400000000008,126.23,120.56999999999992,[52]
37000028,SE Omdeler,U39,foot,TSP,Type 1,168,,0,2962.5000000000014,2962.5000000000014,949.5674999999999,949.5674999999999,1111.3200000000006,1111.3200000000006,161.73999999999995,161.73999999999995,[]
37000028,SE Omdeler,U39,foot,TSP,Type 2,168,52,1,2311.4000000000005,2208.2999999999997,985.1175599999999,988.5568199999999,1111.3200000000013,1109.130000000001,126.23,120.56999999999992,[52]
37000028,U18 Omdeler,Gns. Oms,foot,TSP,Type 1,168,,0,2962.5000000000014,2962.5000000000014,858.2883750000001,858.2883750000001,917.6800000000011,917.6800000000011,59.53,59.53,[]
37000028,U18 Omdeler,Gns. Oms,foot,TSP,Type 2,168,13,1,2311.4000000000005,2208.6000000000004,871.3689740000001,872.5592260000001,917.6800000000014,916.8000000000011,46.40999999999998,44.33999999999998,[13]
37000028,U18 Omdeler,U36,foot,TSP,Type 1,168,106,1,2962.5000000000014,2962.4000000000015,889.233375,889.235384,948.7499999999997,948.7499999999997,59.53,59.53,[106]
37000028,U18 Omdeler,U36,foot,TSP,Type 2,168,13,1,2311.4000000000005,2208.6000000000004,902.313974,904.379226,948.7499999999997,948.7499999999994,46.40999999999998,44.33999999999998,[13]
37000028,U18 Omdeler,U37,foot,TSP,Type 1,168,106,1,2962.5000000000014,2962.4000000000015,669.993375,669.9953840000001,729.5099999999987,729.5099999999987,59.53,59.53,[106]
37000028,U18 Omdeler,U37,foot,TSP,Type 2,168,13,1,2311.4000000000005,2208.6000000000004,683.073974,685.139226,729.5099999999987,729.5099999999991,46.40999999999998,44.33999999999998,[13]
37000028,U18 Omdeler,U38,foot,TSP,Type 1,168,52,1,2962.5000000000014,2923.9000000000015,822.1233750000001,822.8988490000002,881.640000000001,881.640000000001,59.53,58.760000000000005,[52]
37000028,U18 Omdeler,U38,foot,TSP,Type 2,168,52,1,2311.4000000000005,2208.2999999999997,835.2039740000001,837.2752530000001,881.640000000001,881.6400000000008,46.40999999999998,44.35,[52]
37000028,U18 Omdeler,U39,foot,TSP,Type 1,168,,0,2962.5000000000014,2962.5000000000014,1051.803375,1051.803375,1111.3200000000006,1111.3200000000006,59.53,59.53,[]
37000028,U18 Omdeler,U39,foot,TSP,Type 2,168,,0,2311.4000000000005,2311.4000000000005,1064.8839739999999,1064.8839739999999,1111.3200000000013,1111.3200000000013,46.40999999999998,46.40999999999998,[]
37000029,O18 Omdeler,Gns. Oms,foot,TSP,Type 1,198,19,1,3244.899999999999,3219.999999999999,972.15734,972.4120000000001,1064.2200000000016,1063.7700000000016,92.2000000000001,91.4900000000001,[19]
37000029,O18 Omdeler,Gns. Oms,foot,TSP,Type 2,198,,0,2412.2000000000003,2412.2000000000003,995.80602,995.80602,1064.2200000000018,1064.2200000000018,68.51000000000005,68.51000000000005,[]
37000029,O18 Omdeler,U36,foot,TSP,Type 1,198,"18, 19, 130",3,3244.899999999999,3219.899999999999,1016.0048399999998,1016.27484,1108.1599999999994,1107.7199999999993,92.2000000000001,91.5000000000001,"[18, 19, 130]"
37000029,O18 Omdeler,U36,foot,TSP,Type 2,198,18,1,2412.2000000000003,2412.1000000000004,1039.6535199999998,1039.65636,1108.1599999999994,1108.1599999999994,68.51000000000005,68.51000000000005,[18]
37000029,O18 Omdeler,U37,foot,TSP,Type 1,198,19,1,3244.899999999999,3219.999999999999,762.1648399999999,762.432,854.3199999999983,853.8799999999983,92.2000000000001,91.4900000000001,[19]
37000029,O18 Omdeler,U37,foot,TSP,Type 2,198,,0,2412.2000000000003,2412.2000000000003,785.8135199999999,785.8135199999999,854.3199999999988,854.3199999999988,68.51000000000005,68.51000000000005,[]
37000029,O18 Omdeler,U38,foot,TSP,Type 1,198,"18, 19, 130",3,3244.899999999999,3219.899999999999,935.01484,935.2848400000003,1027.170000000001,1026.730000000001,92.2000000000001,91.5000000000001,"[18, 19, 130]"
37000029,O18 Omdeler,U38,foot,TSP,Type 2,198,18,1,2412.2000000000003,2412.1000000000004,958.6635200000001,958.66636,1027.1700000000014,1027.1700000000014,68.51000000000005,68.51000000000005,[18]
37000029,O18 Omdeler,U39,foot,TSP,Type 1,198,19,1,3244.899999999999,3219.999999999999,1175.4448399999999,1175.6619999999998,1267.6000000000013,1267.1100000000013,92.2000000000001,91.4900000000001,[19]
37000029,O18 Omdeler,U39,foot,TSP,Type 2,198,,0,2412.2000000000003,2412.2000000000003,1199.09352,1199.09352,1267.6000000000017,1267.6000000000017,68.51000000000005,68.51000000000005,[]
37000029,SE Omdeler,Gns. Oms,foot,TSP,Type 1,198,19,1,3244.899999999999,3219.999999999999,887.1409600000001,888.0480000000002,1064.2200000000016,1063.7700000000016,177.14000000000024,175.78000000000023,[19]
37000029,SE Omdeler,Gns. Oms,foot,TSP,Type 2,198,,0,2412.2000000000003,2412.2000000000003,932.60638,932.60638,1064.2200000000018,1064.2200000000018,131.60999999999993,131.60999999999993,[]
37000029,SE Omdeler,U36,foot,TSP,Type 1,198,"18, 19, 130",3,3244.899999999999,3219.899999999999,930.9884599999999,931.9134600000001,1108.1599999999994,1107.7199999999993,177.14000000000024,175.77000000000024,"[18, 19, 130]"
37000029,SE Omdeler,U36,foot,TSP,Type 2,198,18,1,2412.2000000000003,2412.1000000000004,976.4538799999998,976.4593399999998,1108.1599999999994,1108.1599999999994,131.60999999999993,131.60999999999993,[18]
37000029,SE Omdeler,U37,foot,TSP,Type 1,198,19,1,3244.899999999999,3219.999999999999,677.14846,678.0680000000001,854.3199999999983,853.8799999999983,177.14000000000024,175.78000000000023,[19]
37000029,SE Omdeler,U37,foot,TSP,Type 2,198,,0,2412.2000000000003,2412.2000000000003,722.6138799999999,722.6138799999999,854.3199999999988,854.3199999999988,131.60999999999993,131.60999999999993,[]
37000029,SE Omdeler,U38,foot,TSP,Type 1,198,"18, 19, 85",3,3244.899999999999,3193.999999999999,849.9984600000001,851.5276000000001,1027.170000000001,1025.920000000001,177.14000000000024,174.36000000000024,"[18, 19, 85]"
37000029,SE Omdeler,U38,foot,TSP,Type 2,198,18,1,2412.2000000000003,2412.1000000000004,895.46388,895.46934,1027.1700000000014,1027.1700000000014,131.60999999999993,131.60999999999993,[18]
37000029,SE Omdeler,U39,foot,TSP,Type 1,198,19,1,3244.899999999999,3219.999999999999,1090.4284599999999,1091.2979999999998,1267.6000000000013,1267.1100000000013,177.14000000000024,175.78000000000023,[19]
37000029,SE Omdeler,U39,foot,TSP,Type 2,198,,0,2412.2000000000003,2412.2000000000003,1135.8938799999999,1135.8938799999999,1267.6000000000017,1267.6000000000017,131.60999999999993,131.60999999999993,[]
37000029,U18 Omdeler,Gns. Oms,foot,TSP,Type 1,198,19,1,3244.899999999999,3219.999999999999,999.122459,999.1702000000001,1064.2200000000016,1063.7700000000016,65.10999999999999,64.60999999999999,[19]
37000029,U18 Omdeler,Gns. Oms,foot,TSP,Type 2,198,,0,2412.2000000000003,2412.2000000000003,1015.851402,1015.851402,1064.2200000000018,1064.2200000000018,48.39000000000002,48.39000000000002,[]
37000029,U18 Omdeler,U36,foot,TSP,Type 1,198,"18, 19, 130",3,3244.899999999999,3219.899999999999,1042.9699589999998,1043.032209,1108.1599999999994,1107.7199999999993,65.10999999999999,64.60999999999997,"[18, 19, 130]"
37000029,U18 Omdeler,U36,foot,TSP,Type 2,198,18,1,2412.2000000000003,2412.1000000000004,1059.6989019999999,1059.700911,1108.1599999999994,1108.1599999999994,48.39000000000002,48.39000000000002,[18]
37000029,U18 Omdeler,U37,foot,TSP,Type 1,198,19,1,3244.899999999999,3219.999999999999,789.129959,789.1902,854.3199999999983,853.8799999999983,65.10999999999999,64.60999999999999,[19]
37000029,U18 Omdeler,U37,foot,TSP,Type 2,198,,0,2412.2000000000003,2412.2000000000003,805.858902,805.858902,854.3199999999988,854.3199999999988,48.39000000000002,48.39000000000002,[]
37000029,U18 Omdeler,U38,foot,TSP,Type 1,198,"18, 19, 130",3,3244.899999999999,3219.899999999999,961.9799590000001,962.0422090000003,1027.170000000001,1026.730000000001,65.10999999999999,64.60999999999997,"[18, 19, 130]"
37000029,U18 Omdeler,U38,foot,TSP,Type 2,198,18,1,2412.2000000000003,2412.1000000000004,978.7089020000001,978.7109110000001,1027.1700000000014,1027.1700000000014,48.39000000000002,48.39000000000002,[18]
37000029,U18 Omdeler,U39,foot,TSP,Type 1,198,19,1,3244.899999999999,3219.999999999999,1202.4099589999998,1202.4201999999998,1267.6000000000013,1267.1100000000013,65.10999999999999,64.60999999999999,[19]
37000029,U18 Omdeler,U39,foot,TSP,Type 2,198,,0,2412.2000000000003,2412.2000000000003,1219.138902,1219.138902,1267.6000000000017,1267.6000000000017,48.39000000000002,48.39000000000002,[]
37000030,O18 Omdeler,Gns. Oms,foot,TSP,Type 1,138,,0,4288.900000000001,4288.900000000001,662.4902399999999,662.4902399999999,784.1400000000006,784.1400000000006,121.80000000000003,121.80000000000003,[]
37000030,O18 Omdeler,Gns. Oms,foot,TSP,Type 2,138,,0,4008.1000000000004,4008.1000000000004,670.4649599999998,670.4649599999998,784.1400000000004,784.1400000000004,113.85,113.85,[]
37000030,O18 Omdeler,U36,foot,TSP,Type 1,138,"80, 116, 117",3,4288.900000000001,4237.300000000001,678.76524,680.2306799999999,800.5699999999996,800.5699999999996,121.80000000000003,120.32000000000004,"[80, 116, 117]"
37000030,O18 Omdeler,U36,foot,TSP,Type 2,138,"105, 116",2,4008.1000000000004,3973.8000000000006,686.7399599999999,687.7140799999999,800.5699999999994,800.5699999999994,113.85,112.88,"[105, 116]"
37000030,O18 Omdeler,U37,foot,TSP,Type 1,138,117,1,4288.900000000001,4282.9000000000015,521.8452400000001,522.0156400000001,643.6499999999997,643.6499999999997,121.80000000000003,121.63000000000004,[117]
37000030,O18 Omdeler,U37,foot,TSP,Type 2,138,10,1,4008.1000000000004,3801.4000000000005,529.81996,530.49024,643.6499999999999,638.4499999999998,113.85,107.96000000000005,[10]
37000030,O18 Omdeler,U38,foot,TSP,Type 1,138,"26, 104, 105",3,4288.900000000001,4239.000000000002,634.0052400000001,635.4223999999999,755.8100000000003,755.8100000000003,121.80000000000003,120.39000000000003,"[26, 104, 105]"
37000030,O18 Omdeler,U38,foot,TSP,Type 2,138,116,1,4008.1000000000004,3973.8000000000006,641.97996,642.9540799999999,755.8100000000001,755.8100000000001,113.85,112.88,[116]
37000030,O18 Omdeler,U39,foot,TSP,Type 1,138,,0,4288.900000000001,4288.900000000001,815.34524,815.34524,937.1500000000005,937.1500000000005,121.80000000000003,121.80000000000003,[]
37000030,O18 Omdeler,U39,foot,TSP,Type 2,138,,0,4008.1000000000004,4008.1000000000004,823.3199599999999,823.3199599999999,937.15,937.15,113.85,113.85,[]
37000030,SE Omdeler,Gns. Oms,foot,TSP,Type 1,138,20,1,4288.900000000001,4171.100000000001,550.1210599999998,550.8329399999999,784.1400000000006,778.4200000000005,234.10000000000005,227.66000000000005,[20]
37000030,SE Omdeler,Gns. Oms,foot,TSP,Type 2,138,9,1,4008.1000000000004,3788.500000000001,565.4527399999998,570.2903999999999,784.1400000000004,776.9900000000008,218.76999999999992,206.7799999999999,[9]
37000030,SE Omdeler,U36,foot,TSP,Type 1,138,"80, 116, 117",3,4288.900000000001,4237.300000000001,566.3960599999999,569.2134199999999,800.5699999999996,800.5699999999996,234.10000000000005,231.28000000000006,"[80, 116, 117]"
37000030,SE Omdeler,U36,foot,TSP,Type 2,138,9,1,4008.1000000000004,3788.500000000001,581.7277399999999,587.7178999999999,800.5699999999994,794.5699999999994,218.76999999999992,206.7799999999999,[9]
37000030,SE Omdeler,U37,foot,TSP,Type 1,138,20,1,4288.900000000001,4171.100000000001,409.4760600000001,411.47794,643.6499999999997,639.2199999999997,234.10000000000005,227.66000000000005,[20]
37000030,SE Omdeler,U37,foot,TSP,Type 2,138,10,1,4008.1000000000004,3801.4000000000005,424.8077400000001,430.89356000000004,643.6499999999999,638.4499999999998,218.76999999999992,207.4799999999999,[10]
37000030,SE Omdeler,U38,foot,TSP,Type 1,138,"26, 104, 105",3,4288.900000000001,4239.000000000002,521.63606,524.3605999999999,755.8100000000003,755.8100000000003,234.10000000000005,231.38000000000005,"[26, 104, 105]"
37000030,SE Omdeler,U38,foot,TSP,Type 2,138,10,1,4008.1000000000004,3801.4000000000005,536.96774,541.9935599999999,755.8100000000001,749.5500000000001,218.76999999999992,207.4799999999999,[10]
37000030,SE Omdeler,U39,foot,TSP,Type 1,138,,0,4288.900000000001,4288.900000000001,702.97606,702.97606,937.1500000000005,937.1500000000005,234.10000000000005,234.10000000000005,[]
37000030,SE Omdeler,U39,foot,TSP,Type 2,138,9,1,4008.1000000000004,3788.500000000001,718.30774,723.3278999999998,937.15,930.1800000000001,218.76999999999992,206.7799999999999,[9]
37000030,U18 Omdeler,Gns. Oms,foot,TSP,Type 1,138,,0,4288.900000000001,4288.900000000001,698.1309989999999,698.1309989999999,784.1400000000006,784.1400000000006,86.13999999999997,86.13999999999997,[]
37000030,U18 Omdeler,Gns. Oms,foot,TSP,Type 2,138,,0,4008.1000000000004,4008.1000000000004,703.7722709999998,703.7722709999998,784.1400000000004,784.1400000000004,80.52000000000002,80.52000000000002,[]
37000030,U18 Omdeler,U36,foot,TSP,Type 1,138,"80, 116, 117",3,4288.900000000001,4237.300000000001,714.405999,715.442643,800.5699999999996,800.5699999999996,86.13999999999997,85.09999999999998,"[80, 116, 117]"
37000030,U18 Omdeler,U36,foot,TSP,Type 2,138,"105, 116",2,4008.1000000000004,3973.8000000000006,720.0472709999999,720.7363579999999,800.5699999999994,800.5699999999994,80.52000000000002,79.83000000000003,"[105, 116]"
37000030,U18 Omdeler,U37,foot,TSP,Type 1,138,117,1,4288.900000000001,4282.9000000000015,557.4859990000001,557.6065390000001,643.6499999999997,643.6499999999997,86.13999999999997,86.01999999999998,[117]
37000030,U18 Omdeler,U37,foot,TSP,Type 2,138,117,1,4008.1000000000004,4002.1000000000004,563.1272710000001,563.2478110000001,643.6499999999999,643.6499999999999,80.52000000000002,80.40000000000002,[117]
37000030,U18 Omdeler,U38,foot,TSP,Type 1,138,"26, 104, 105",3,4288.900000000001,4239.000000000002,669.6459990000001,670.6484899999999,755.8100000000003,755.8100000000003,86.13999999999997,85.14999999999998,"[26, 104, 105]"
37000030,U18 Omdeler,U38,foot,TSP,Type 2,138,116,1,4008.1000000000004,3973.8000000000006,675.287271,675.9763579999999,755.8100000000001,755.8100000000001,80.52000000000002,79.82000000000002,[116]
37000030,U18 Omdeler,U39,foot,TSP,Type 1,138,,0,4288.900000000001,4288.900000000001,850.985999,850.985999,937.1500000000005,937.1500000000005,86.13999999999997,86.13999999999997,[]
37000030,U18 Omdeler,U39,foot,TSP,Type 2,138,,0,4008.1000000000004,4008.1000000000004,856.627271,856.627271,937.15,937.15,80.52000000000002,80.52000000000002,[]
37000031,O18 Omdeler,Gns. Oms,foot,TSP,Type 1,113,"4, 7, 8, 112",4,5694.799999999998,4869.499999999997,475.28517999999997,494.6111999999998,636.7800000000001,632.66,161.78000000000003,138.34000000000003,"[4, 7, 8, 112]"
37000031,O18 Omdeler,Gns. Oms,foot,TSP,Type 2,113,"8, 112",2,4850.9,4260.4,499.25193999999993,514.0871399999997,636.7800000000002,634.8399999999999,137.81,121.04999999999995,"[8, 112]"
37000031,O18 Omdeler,U36,foot,TSP,Type 1,113,"3, 4, 5, 7, 8, 112",6,5694.799999999998,4837.399999999997,481.0176799999999,505.36783999999983,642.7499999999992,642.7499999999992,161.78000000000003,137.43000000000004,"[3, 4, 5, 7, 8, 112]"
37000031,O18 Omdeler,U36,foot,TSP,Type 2,113,"8, 112",2,4850.9,4260.4,504.9844399999999,521.7546399999998,642.7499999999994,642.7499999999991,137.81,121.04999999999995,"[8, 112]"
37000031,O18 Omdeler,U37,foot,TSP,Type 1,113,"4, 7, 8, 112",4,5694.799999999998,4869.499999999997,384.8476800000001,404.13620000000014,546.5799999999997,542.4299999999997,161.78000000000003,138.34000000000003,"[4, 7, 8, 112]"
37000031,O18 Omdeler,U37,foot,TSP,Type 2,113,"8, 112",2,4850.9,4260.4,408.81444000000005,423.98464000000024,546.5799999999998,544.9799999999997,137.81,121.04999999999995,"[8, 112]"
37000031,O18 Omdeler,U38,foot,TSP,Type 1,113,"0, 3, 4, 5, 6, 7, 110, 111, 112",9,5694.799999999998,4801.599999999998,412.37768000000005,437.7445600000001,574.1099999999996,574.1099999999996,161.78000000000003,136.42000000000002,"[0, 3, 4, 5, 6, 7, 110, 111, 112]"
37000031,O18 Omdeler,U38,foot,TSP,Type 2,113,"8, 110, 111, 112",4,4850.9,4232.299999999999,436.34444,453.9126799999999,574.1099999999997,574.1099999999994,137.81,120.25999999999996,"[8, 110, 111, 112]"
37000031,O18 Omdeler,U39,foot,TSP,Type 1,113,"7, 8, 67, 112",4,5694.799999999998,4884.299999999997,622.8976800000002,635.3258800000004,784.6299999999998,774.0399999999997,161.78000000000003,138.76000000000005,"[7, 8, 67, 112]"
37000031,O18 Omdeler,U39,foot,TSP,Type 2,113,"8, 112",2,4850.9,4260.4,646.8644400000001,657.4946400000003,784.6300000000006,778.4899999999999,137.81,121.04999999999995,"[8, 112]"
37000031,SE Omdeler,Gns. Oms,foot,TSP,Type 1,113,"0, 1, 2, 3, 4, 5, 6, 7, 8, 112",10,5694.799999999998,4332.999999999999,326.08142,371.8356999999998,636.7800000000001,608.1599999999999,310.91999999999996,236.57,"[0, 1, 2, 3, 4, 5, 6, 7, 8, 112]"
37000031,SE Omdeler,Gns. Oms,foot,TSP,Type 2,113,"8, 112",2,4850.9,4260.4,372.15835999999996,402.4646599999998,636.7800000000002,634.8399999999999,264.80000000000007,232.58999999999992,"[8, 112]"
37000031,SE Omdeler,U36,foot,TSP,Type 1,113,"0, 1, 2, 3, 4, 5, 6, 7, 110, 111",10,5694.799999999998,4251.4,331.81391999999994,390.77355999999986,642.7499999999992,622.8999999999993,310.91999999999996,232.12000000000003,"[0, 1, 2, 3, 4, 5, 6, 7, 110, 111]"
37000031,SE Omdeler,U36,foot,TSP,Type 2,113,"8, 112",2,4850.9,4260.4,377.8908599999999,410.1321599999998,642.7499999999994,642.7499999999991,264.80000000000007,232.58999999999992,"[8, 112]"
37000031,SE Omdeler,U37,foot,TSP,Type 1,113,"4, 7, 8, 112",4,5694.799999999998,4869.499999999997,235.6439200000001,276.55530000000016,546.5799999999997,542.4299999999997,310.91999999999996,265.86,"[4, 7, 8, 112]"
37000031,SE Omdeler,U37,foot,TSP,Type 2,113,"8, 112",2,4850.9,4260.4,281.7208600000001,312.3621600000003,546.5799999999998,544.9799999999997,264.80000000000007,232.58999999999992,"[8, 112]"
37000031,SE Omdeler,U38,foot,TSP,Type 1,113,"0, 1, 2, 3, 4, 5, 6, 7, 110, 111",10,5694.799999999998,4251.4,263.17392000000007,328.03355999999997,574.1099999999996,560.1599999999996,310.91999999999996,232.12000000000003,"[0, 1, 2, 3, 4, 5, 6, 7, 110, 111]"
37000031,SE Omdeler,U38,foot,TSP,Type 2,113,"8, 110, 111, 112",4,4850.9,4232.299999999999,309.25086000000005,343.02642,574.1099999999997,574.1099999999994,264.80000000000007,231.05999999999992,"[8, 110, 111, 112]"
37000031,SE Omdeler,U39,foot,TSP,Type 1,113,"7, 8, 67, 112",4,5694.799999999998,4884.299999999997,473.69392000000016,507.35722000000055,784.6299999999998,774.0399999999997,310.91999999999996,266.65999999999997,"[7, 8, 67, 112]"
37000031,SE Omdeler,U39,foot,TSP,Type 2,113,"8, 112",2,4850.9,4260.4,519.7708600000001,545.8721600000003,784.6300000000006,778.4899999999999,264.80000000000007,232.58999999999992,"[8, 112]"
37000031,U18 Omdeler,Gns. Oms,foot,TSP,Type 1,113,"4, 7, 8, 112",4,5694.799999999998,4869.499999999997,522.608968,535.0767449999998,636.7800000000001,632.66,114.38,97.79999999999998,"[4, 7, 8, 112]"
37000031,U18 Omdeler,Gns. Oms,foot,TSP,Type 2,113,"8, 112",2,4850.9,4260.4,539.562919,549.4910639999998,636.7800000000002,634.8399999999999,97.38000000000002,85.53,"[8, 112]"
37000031,U18 Omdeler,U36,foot,TSP,Type 1,113,"3, 4, 5, 7, 8, 112",6,5694.799999999998,4837.399999999997,528.341468,545.5666339999999,642.7499999999992,642.7499999999992,114.38,97.16,"[3, 4, 5, 7, 8, 112]"
37000031,U18 Omdeler,U36,foot,TSP,Type 2,113,"8, 112",2,4850.9,4260.4,545.2954189999999,557.1585639999998,642.7499999999994,642.7499999999991,97.38000000000002,85.53,"[8, 112]"
37000031,U18 Omdeler,U37,foot,TSP,Type 1,113,"4, 7, 8, 112",4,5694.799999999998,4869.499999999997,432.17146800000006,444.6017450000001,546.5799999999997,542.4299999999997,114.38,97.79999999999998,"[4, 7, 8, 112]"
37000031,U18 Omdeler,U37,foot,TSP,Type 2,113,"8, 112",2,4850.9,4260.4,449.1254190000001,459.38856400000026,546.5799999999998,544.9799999999997,97.38000000000002,85.53,"[8, 112]"
37000031,U18 Omdeler,U38,foot,TSP,Type 1,113,"0, 3, 4, 5, 6, 7, 110, 111, 112",9,5694.799999999998,4801.599999999998,459.70146800000003,477.64585600000004,574.1099999999996,574.1099999999996,114.38,96.45,"[0, 3, 4, 5, 6, 7, 110, 111, 112]"
37000031,U18 Omdeler,U38,foot,TSP,Type 2,113,"8, 110, 111, 112",4,4850.9,4232.299999999999,476.65541900000005,489.08309299999996,574.1099999999997,574.1099999999994,97.38000000000002,84.97,"[8, 110, 111, 112]"
37000031,U18 Omdeler,U39,foot,TSP,Type 1,113,112,1,5694.799999999998,5076.799999999997,670.2214680000002,677.4170880000001,784.6299999999998,779.4099999999997,114.38,101.96000000000001,[112]
37000031,U18 Omdeler,U39,foot,TSP,Type 2,113,"8, 112",2,4850.9,4260.4,687.1754190000001,692.8985640000004,784.6300000000006,778.4899999999999,97.38000000000002,85.53,"[8, 112]"
37000033,O18 Omdeler,Gns. Oms,foot,TSP,Type 1,147,,0,3712.7999999999984,3712.7999999999984,788.7639799999998,788.7639799999998,893.8700000000001,893.8700000000001,105.49999999999989,105.49999999999989,[]
37000033,O18 Omdeler,Gns. Oms,foot,TSP,Type 2,147,,0,2906.3999999999996,2906.3999999999996,811.6657399999998,811.6657399999998,893.8700000000003,893.8700000000003,82.56,82.56,[]
37000033,O18 Omdeler,U36,foot,TSP,Type 1,147,27,1,3712.7999999999984,3712.1999999999985,809.19648,809.2135199999999,914.6399999999988,914.6399999999988,105.49999999999989,105.47999999999989,[27]
37000033,O18 Omdeler,U36,foot,TSP,Type 2,147,27,1,2906.3999999999996,2905.7999999999997,832.0982399999999,832.1152799999999,914.6399999999988,914.6399999999988,82.56,82.55000000000001,[27]
37000033,O18 Omdeler,U37,foot,TSP,Type 1,147,27,1,3712.7999999999984,3712.1999999999985,629.4264800000001,629.4435200000001,734.8699999999995,734.8699999999995,105.49999999999989,105.47999999999989,[27]
37000033,O18 Omdeler,U37,foot,TSP,Type 2,147,27,1,2906.3999999999996,2905.7999999999997,652.32824,652.3452800000001,734.8699999999993,734.8699999999993,82.56,82.55000000000001,[27]
37000033,O18 Omdeler,U38,foot,TSP,Type 1,147,27,1,3712.7999999999984,3712.1999999999985,754.7464799999999,754.7635199999999,860.1899999999996,860.1899999999996,105.49999999999989,105.47999999999989,[27]
37000033,O18 Omdeler,U38,foot,TSP,Type 2,147,27,1,2906.3999999999996,2905.7999999999997,777.6482399999999,777.6652799999998,860.1899999999997,860.1899999999997,82.56,82.55000000000001,[27]
37000033,O18 Omdeler,U39,foot,TSP,Type 1,147,,0,3712.7999999999984,3712.7999999999984,961.6864800000002,961.6864800000002,1067.1299999999992,1067.1299999999992,105.49999999999989,105.49999999999989,[]
37000033,O18 Omdeler,U39,foot,TSP,Type 2,147,,0,2906.3999999999996,2906.3999999999996,984.5882400000002,984.5882400000002,1067.1299999999997,1067.1299999999997,82.56,82.56,[]
37000033,SE Omdeler,Gns. Oms,foot,TSP,Type 1,147,,0,3712.7999999999984,3712.7999999999984,691.4886199999999,691.4886199999999,893.8700000000001,893.8700000000001,202.76000000000008,202.76000000000008,[]
37000033,SE Omdeler,Gns. Oms,foot,TSP,Type 2,147,,0,2906.3999999999996,2906.3999999999996,735.5180599999998,735.5180599999998,893.8700000000003,893.8700000000003,158.69,158.69,[]
37000033,SE Omdeler,U36,foot,TSP,Type 1,147,27,1,3712.7999999999984,3712.1999999999985,711.92112,711.9538799999999,914.6399999999988,914.6399999999988,202.76000000000008,202.72000000000008,[27]
37000033,SE Omdeler,U36,foot,TSP,Type 2,147,27,1,2906.3999999999996,2905.7999999999997,755.9505599999999,755.9833199999998,914.6399999999988,914.6399999999988,158.69,158.67,[27]
37000033,SE Omdeler,U37,foot,TSP,Type 1,147,27,1,3712.7999999999984,3712.1999999999985,532.1511200000001,532.1838800000002,734.8699999999995,734.8699999999995,202.76000000000008,202.72000000000008,[27]
37000033,SE Omdeler,U37,foot,TSP,Type 2,147,27,1,2906.3999999999996,2905.7999999999997,576.18056,576.2133200000001,734.8699999999993,734.8699999999993,158.69,158.67,[27]
37000033,SE Omdeler,U38,foot,TSP,Type 1,147,27,1,3712.7999999999984,3712.1999999999985,657.4711199999999,657.5038799999999,860.1899999999996,860.1899999999996,202.76000000000008,202.72000000000008,[27]
37000033,SE Omdeler,U38,foot,TSP,Type 2,147,27,1,2906.3999999999996,2905.7999999999997,701.5005599999998,701.5333199999998,860.1899999999997,860.1899999999997,158.69,158.67,[27]
37000033,SE Omdeler,U39,foot,TSP,Type 1,147,,0,3712.7999999999984,3712.7999999999984,864.4111200000002,864.4111200000002,1067.1299999999992,1067.1299999999992,202.76000000000008,202.76000000000008,[]
37000033,SE Omdeler,U39,foot,TSP,Type 2,147,,0,2906.3999999999996,2906.3999999999996,908.4405600000001,908.4405600000001,1067.1299999999997,1067.1299999999997,158.69,158.69,[]
37000033,U18 Omdeler,Gns. Oms,foot,TSP,Type 1,147,,0,3712.7999999999984,3712.7999999999984,819.6173479999998,819.6173479999998,893.8700000000001,893.8700000000001,74.61999999999998,74.61999999999998,[]
37000033,U18 Omdeler,Gns. Oms,foot,TSP,Type 2,147,,0,2906.3999999999996,2906.3999999999996,835.8179239999997,835.8179239999997,893.8700000000003,893.8700000000003,58.420000000000016,58.420000000000016,[]
37000033,U18 Omdeler,U36,foot,TSP,Type 1,147,27,1,3712.7999999999984,3712.1999999999985,840.0498479999999,840.0619019999999,914.6399999999988,914.6399999999988,74.61999999999998,74.60999999999999,[27]
37000033,U18 Omdeler,U36,foot,TSP,Type 2,147,27,1,2906.3999999999996,2905.7999999999997,856.2504239999998,856.2624779999999,914.6399999999988,914.6399999999988,58.420000000000016,58.41000000000001,[27]
37000033,U18 Omdeler,U37,foot,TSP,Type 1,147,27,1,3712.7999999999984,3712.1999999999985,660.279848,660.2919020000002,734.8699999999995,734.8699999999995,74.61999999999998,74.60999999999999,[27]
37000033,U18 Omdeler,U37,foot,TSP,Type 2,147,27,1,2906.3999999999996,2905.7999999999997,676.480424,676.4924780000001,734.8699999999993,734.8699999999993,58.420000000000016,58.41000000000001,[27]
37000033,U18 Omdeler,U38,foot,TSP,Type 1,147,27,1,3712.7999999999984,3712.1999999999985,785.5998479999998,785.6119019999999,860.1899999999996,860.1899999999996,74.61999999999998,74.60999999999999,[27]
37000033,U18 Omdeler,U38,foot,TSP,Type 2,147,27,1,2906.3999999999996,2905.7999999999997,801.8004239999998,801.8124779999998,860.1899999999997,860.1899999999997,58.420000000000016,58.41000000000001,[27]
37000033,U18 Omdeler,U39,foot,TSP,Type 1,147,,0,3712.7999999999984,3712.7999999999984,992.5398480000001,992.5398480000001,1067.1299999999992,1067.1299999999992,74.61999999999998,74.61999999999998,[]
37000033,U18 Omdeler,U39,foot,TSP,Type 2,147,,0,2906.3999999999996,2906.3999999999996,1008.7404240000001,1008.7404240000001,1067.1299999999997,1067.1299999999997,58.420000000000016,58.420000000000016,[]
37000034,O18 Omdeler,Gns. Oms,foot,TSP,Type 1,64,"1, 4, 5, 62",4,2915.2999999999997,2500.7000000000007,230.76547999999997,233.69761999999997,313.4900000000001,304.6500000000001,82.75999999999996,70.99,"[1, 4, 5, 62]"
37000034,O18 Omdeler,Gns. Oms,foot,TSP,Type 2,64,"1, 62",2,2600.3000000000006,2448.500000000001,239.71147999999994,241.32510000000005,313.4900000000001,310.79000000000013,73.82999999999998,69.51999999999997,"[1, 62]"
37000034,O18 Omdeler,U36,foot,TSP,Type 1,64,"0, 1, 2, 4, 5, 60, 61, 62, 63",9,2915.2999999999997,1047.3,219.10548,262.6166799999999,301.8999999999999,292.36,82.75999999999996,29.710000000000004,"[0, 1, 2, 4, 5, 60, 61, 62, 63]"
37000034,O18 Omdeler,U36,foot,TSP,Type 2,64,"0, 1, 2, 60, 61, 62, 63",7,2600.3000000000006,995.0999999999998,228.05147999999997,270.09916,301.9,298.36,73.82999999999998,28.25,"[0, 1, 2, 60, 61, 62, 63]"
37000034,O18 Omdeler,U37,foot,TSP,Type 1,64,"0, 1, 4, 5",4,2915.2999999999997,2612.7999999999997,192.11548,195.42648000000003,274.91,269.63000000000005,82.75999999999996,74.17,"[0, 1, 4, 5]"
37000034,O18 Omdeler,U37,foot,TSP,Type 2,64,"1, 4, 5",3,2600.3000000000006,2367.5,201.06147999999996,202.393,274.91000000000014,269.63,73.82999999999998,67.19999999999999,"[1, 4, 5]"
37000034,O18 Omdeler,U38,foot,TSP,Type 1,64,"0, 1, 2, 4, 5, 60, 61, 62, 63",9,2915.2999999999997,1047.3,213.66548000000006,261.23668,296.45999999999987,290.97999999999985,82.75999999999996,29.710000000000004,"[0, 1, 2, 4, 5, 60, 61, 62, 63]"
37000034,O18 Omdeler,U38,foot,TSP,Type 2,64,"0, 1, 2, 60, 61, 62, 63",7,2600.3000000000006,995.0999999999998,222.61148000000003,268.19916000000006,296.46,296.46,73.82999999999998,28.25,"[0, 1, 2, 60, 61, 62, 63]"
37000034,O18 Omdeler,U39,foot,TSP,Type 1,64,1,1,2915.2999999999997,2876.7999999999997,298.17548000000005,298.34888000000007,380.9700000000002,380.05000000000024,82.75999999999996,81.66999999999997,[1]
37000034,O18 Omdeler,U39,foot,TSP,Type 2,64,1,1,2600.3000000000006,2561.8000000000006,307.12148,307.29488000000003,380.97000000000037,380.05000000000024,73.82999999999998,72.72999999999996,[1]
37000034,SE Omdeler,Gns. Oms,foot,TSP,Type 1,64,"0, 1, 2, 4, 5, 60, 61, 62, 63",9,2915.2999999999997,1047.3,154.38461999999996,234.56242000000006,313.4900000000001,291.68000000000006,159.17999999999998,57.18,"[0, 1, 2, 4, 5, 60, 61, 62, 63]"
37000034,SE Omdeler,Gns. Oms,foot,TSP,Type 2,64,"0, 1, 2, 61, 62, 63",6,2600.3000000000006,1602.2,171.5836199999999,215.07237999999995,313.4900000000001,302.4800000000001,141.97999999999996,87.47,"[0, 1, 2, 61, 62, 63]"
37000034,SE Omdeler,U36,foot,TSP,Type 1,64,"0, 1, 2, 4, 5, 60, 61, 62, 63",9,2915.2999999999997,1047.3,142.72462,235.1774199999999,301.8999999999999,292.36,159.17999999999998,57.18,"[0, 1, 2, 4, 5, 60, 61, 62, 63]"
37000034,SE Omdeler,U36,foot,TSP,Type 2,64,"0, 1, 2, 60, 61, 62, 63",7,2600.3000000000006,995.0999999999998,159.92361999999994,244.02754,301.9,298.36,141.97999999999996,54.33,"[0, 1, 2, 60, 61, 62, 63]"
37000034,SE Omdeler,U37,foot,TSP,Type 1,64,"0, 1, 4, 5",4,2915.2999999999997,2612.7999999999997,115.73461999999998,126.97112000000001,274.91,269.63000000000005,159.17999999999998,142.67000000000002,"[0, 1, 4, 5]"
37000034,SE Omdeler,U37,foot,TSP,Type 2,64,"1, 4, 5",3,2600.3000000000006,2367.5,132.93361999999993,140.3645,274.91000000000014,269.63,141.97999999999996,129.24999999999994,"[1, 4, 5]"
37000034,SE Omdeler,U38,foot,TSP,Type 1,64,"0, 1, 2, 4, 5, 60, 61, 62, 63",9,2915.2999999999997,1047.3,137.28462000000005,233.79741999999996,296.45999999999987,290.97999999999985,159.17999999999998,57.18,"[0, 1, 2, 4, 5, 60, 61, 62, 63]"
37000034,SE Omdeler,U38,foot,TSP,Type 2,64,"0, 1, 2, 60, 61, 62, 63",7,2600.3000000000006,995.0999999999998,154.48362,242.12754000000007,296.46,296.46,141.97999999999996,54.33,"[0, 1, 2, 60, 61, 62, 63]"
37000034,SE Omdeler,U39,foot,TSP,Type 1,64,"0, 1, 2, 4, 5, 62, 63",7,2915.2999999999997,1952.6999999999998,221.79462000000004,256.56258,380.9700000000002,363.1800000000002,159.17999999999998,106.62,"[0, 1, 2, 4, 5, 62, 63]"
37000034,SE Omdeler,U39,foot,TSP,Type 2,64,"0, 1, 2, 62, 63",5,2600.3000000000006,1900.5000000000002,238.99362,267.23269999999997,380.97000000000037,371.00000000000017,141.97999999999996,103.76,"[0, 1, 2, 62, 63]"
37000034,U18 Omdeler,Gns. Oms,foot,TSP,Type 1,64,1,1,2915.2999999999997,2876.7999999999997,254.99162299999995,255.53508800000003,313.4900000000001,313.26000000000016,58.58999999999999,57.80999999999999,[1]
37000034,U18 Omdeler,Gns. Oms,foot,TSP,Type 2,64,1,1,2600.3000000000006,2561.8000000000006,261.31997299999995,261.86343800000003,313.4900000000001,313.2600000000001,52.25999999999999,51.47999999999999,[1]
37000034,U18 Omdeler,U36,foot,TSP,Type 1,64,"0, 1, 2, 60, 61, 62, 63",7,2915.2999999999997,1310.1,243.33162299999998,272.04009099999996,301.8999999999999,298.35999999999996,58.58999999999999,26.32999999999999,"[0, 1, 2, 60, 61, 62, 63]"
37000034,U18 Omdeler,U36,foot,TSP,Type 2,64,"0, 1, 2, 60, 61, 62, 63",7,2600.3000000000006,995.0999999999998,249.65997299999998,278.36844099999996,301.9,298.36,52.25999999999999,20.000000000000004,"[0, 1, 2, 60, 61, 62, 63]"
37000034,U18 Omdeler,U37,foot,TSP,Type 1,64,"0, 1",2,2915.2999999999997,2875.6,216.34162299999997,217.13919600000003,274.91,274.91,58.58999999999999,57.77999999999999,"[0, 1]"
37000034,U18 Omdeler,U37,foot,TSP,Type 2,64,"0, 1",2,2600.3000000000006,2560.6,222.66997299999997,223.46754600000006,274.91000000000014,274.9100000000001,52.25999999999999,51.45,"[0, 1]"
37000034,U18 Omdeler,U38,foot,TSP,Type 1,64,"0, 1, 2, 60, 61, 62, 63",7,2915.2999999999997,1310.1,237.89162300000004,270.14009100000004,296.45999999999987,296.45999999999987,58.58999999999999,26.32999999999999,"[0, 1, 2, 60, 61, 62, 63]"
37000034,U18 Omdeler,U38,foot,TSP,Type 2,64,"0, 1, 2, 60, 61, 62, 63",7,2600.3000000000006,995.0999999999998,244.21997300000004,276.46844100000004,296.46,296.46,52.25999999999999,20.000000000000004,"[0, 1, 2, 60, 61, 62, 63]"
37000034,U18 Omdeler,U39,foot,TSP,Type 1,64,,0,2915.2999999999997,2915.2999999999997,322.40162300000003,322.40162300000003,380.9700000000002,380.9700000000002,58.58999999999999,58.58999999999999,[]
37000034,U18 Omdeler,U39,foot,TSP,Type 2,64,,0,2600.3000000000006,2600.3000000000006,328.72997300000003,328.72997300000003,380.97000000000037,380.97000000000037,52.25999999999999,52.25999999999999,[]
37000035,O18 Omdeler,Gns. Oms,foot,TSP,Type 1,196,,0,3428.9000000000005,3428.9000000000005,982.9917399999999,982.9917399999999,1080.170000000001,1080.170000000001,97.32999999999996,97.32999999999996,[]
37000035,O18 Omdeler,Gns. Oms,foot,TSP,Type 2,196,21,1,3009.099999999999,2925.6000000000013,994.91406,996.7004599999998,1080.1700000000021,1079.5900000000015,85.48000000000008,83.10000000000012,[21]
37000035,O18 Omdeler,U36,foot,TSP,Type 1,196,71,1,3428.9000000000005,3418.8000000000006,1021.4292399999999,1021.7160799999999,1118.809999999999,1118.809999999999,97.32999999999996,97.04999999999997,[71]
37000035,O18 Omdeler,U36,foot,TSP,Type 2,196,21,1,3009.099999999999,2925.6000000000013,1033.35156,1035.35296,1118.8099999999995,1118.4399999999991,85.48000000000008,83.10000000000012,[21]
37000035,O18 Omdeler,U37,foot,TSP,Type 1,196,,0,3428.9000000000005,3428.9000000000005,781.37924,781.37924,878.7599999999999,878.7599999999999,97.32999999999996,97.32999999999996,[]
37000035,O18 Omdeler,U37,foot,TSP,Type 2,196,21,1,3009.099999999999,2925.6000000000013,793.30156,795.30296,878.7599999999985,878.3899999999984,85.48000000000008,83.10000000000012,[21]
37000035,O18 Omdeler,U38,foot,TSP,Type 1,196,71,1,3428.9000000000005,3418.8000000000006,927.4892399999999,927.7760800000001,1024.8700000000003,1024.8700000000003,97.32999999999996,97.04999999999997,[71]
37000035,O18 Omdeler,U38,foot,TSP,Type 2,196,21,1,3009.099999999999,2925.6000000000013,939.4115599999999,941.4129599999999,1024.870000000001,1024.5000000000005,85.48000000000008,83.10000000000012,[21]
37000035,O18 Omdeler,U39,foot,TSP,Type 1,196,,0,3428.9000000000005,3428.9000000000005,1201.66924,1201.66924,1299.0500000000002,1299.0500000000002,97.32999999999996,97.32999999999996,[]
37000035,O18 Omdeler,U39,foot,TSP,Type 2,196,21,1,3009.099999999999,2925.6000000000013,1213.59156,1214.73296,1299.050000000001,1297.8200000000002,85.48000000000008,83.10000000000012,[21]
37000035,SE Omdeler,Gns. Oms,foot,TSP,Type 1,196,,0,3428.9000000000005,3428.9000000000005,893.15456,893.15456,1080.170000000001,1080.170000000001,187.21,187.21,[]
37000035,SE Omdeler,Gns. Oms,foot,TSP,Type 2,196,104,1,3009.099999999999,2795.7999999999993,916.07564,921.7893200000001,1080.1700000000021,1074.2400000000016,164.26999999999998,152.60999999999996,[104]
37000035,SE Omdeler,U36,foot,TSP,Type 1,196,71,1,3428.9000000000005,3418.8000000000006,931.59206,932.14352,1118.809999999999,1118.809999999999,187.21,186.65,[71]
37000035,SE Omdeler,U36,foot,TSP,Type 2,196,104,1,3009.099999999999,2795.7999999999993,954.51314,960.15932,1118.8099999999995,1112.8099999999993,164.26999999999998,152.60999999999996,[104]
37000035,SE Omdeler,U37,foot,TSP,Type 1,196,,0,3428.9000000000005,3428.9000000000005,691.54206,691.54206,878.7599999999999,878.7599999999999,187.21,187.21,[]
37000035,SE Omdeler,U37,foot,TSP,Type 2,196,66,1,3009.099999999999,2800.6000000000013,714.4631400000001,721.4172399999999,878.7599999999985,874.3299999999982,164.26999999999998,152.87999999999994,[66]
37000035,SE Omdeler,U38,foot,TSP,Type 1,196,71,1,3428.9000000000005,3418.8000000000006,837.6520599999999,838.2035200000001,1024.8700000000003,1024.8700000000003,187.21,186.65,[71]
37000035,SE Omdeler,U38,foot,TSP,Type 2,196,104,1,3009.099999999999,2795.7999999999993,860.57314,866.7393200000001,1024.870000000001,1019.390000000001,164.26999999999998,152.60999999999996,[104]
37000035,SE Omdeler,U39,foot,TSP,Type 1,196,,0,3428.9000000000005,3428.9000000000005,1111.83206,1111.83206,1299.0500000000002,1299.0500000000002,187.21,187.21,[]
37000035,SE Omdeler,U39,foot,TSP,Type 2,196,104,1,3009.099999999999,2795.7999999999993,1134.75314,1139.42932,1299.050000000001,1292.080000000001,164.26999999999998,152.60999999999996,[104]
37000035,U18 Omdeler,Gns. Oms,foot,TSP,Type 1,196,,0,3428.9000000000005,3428.9000000000005,1011.4858989999999,1011.4858989999999,1080.170000000001,1080.170000000001,68.91000000000001,68.91000000000001,[]
37000035,U18 Omdeler,Gns. Oms,foot,TSP,Type 2,196,21,1,3009.099999999999,2925.6000000000013,1019.919681,1021.0121959999999,1080.1700000000021,1079.5900000000015,60.45000000000001,58.77999999999999,[21]
37000035,U18 Omdeler,U36,foot,TSP,Type 1,196,71,1,3428.9000000000005,3418.8000000000006,1049.923399,1050.126308,1118.809999999999,1118.809999999999,68.91000000000001,68.71000000000001,[71]
37000035,U18 Omdeler,U36,foot,TSP,Type 2,196,21,1,3009.099999999999,2925.6000000000013,1058.3571809999999,1059.6646959999996,1118.8099999999995,1118.4399999999991,60.45000000000001,58.77999999999999,[21]
37000035,U18 Omdeler,U37,foot,TSP,Type 1,196,,0,3428.9000000000005,3428.9000000000005,809.873399,809.873399,878.7599999999999,878.7599999999999,68.91000000000001,68.91000000000001,[]
37000035,U18 Omdeler,U37,foot,TSP,Type 2,196,21,1,3009.099999999999,2925.6000000000013,818.307181,819.6146960000001,878.7599999999985,878.3899999999984,60.45000000000001,58.77999999999999,[21]
37000035,U18 Omdeler,U38,foot,TSP,Type 1,196,71,1,3428.9000000000005,3418.8000000000006,955.9833989999998,956.186308,1024.8700000000003,1024.8700000000003,68.91000000000001,68.71000000000001,[71]
37000035,U18 Omdeler,U38,foot,TSP,Type 2,196,21,1,3009.099999999999,2925.6000000000013,964.4171809999999,965.724696,1024.870000000001,1024.5000000000005,60.45000000000001,58.77999999999999,[21]
37000035,U18 Omdeler,U39,foot,TSP,Type 1,196,,0,3428.9000000000005,3428.9000000000005,1230.163399,1230.163399,1299.0500000000002,1299.0500000000002,68.91000000000001,68.91000000000001,[]
37000035,U18 Omdeler,U39,foot,TSP,Type 2,196,21,1,3009.099999999999,2925.6000000000013,1238.5971809999999,1239.0446959999997,1299.050000000001,1297.8200000000002,60.45000000000001,58.77999999999999,[21]
37000036,O18 Omdeler,Gns. Oms,foot,TSP,Type 1,87,"0, 17, 86",3,4094.9,3245.7000000000003,365.26983999999993,377.1621199999999,481.39,469.17,116.34000000000005,92.21,"[0, 17, 86]"
37000036,O18 Omdeler,Gns. Oms,foot,TSP,Type 2,87,0,1,3512.999999999999,2979.8999999999983,381.7958,387.28833999999995,481.39000000000004,471.7399999999999,99.82000000000002,84.66000000000001,[0]
37000036,O18 Omdeler,U36,foot,TSP,Type 1,87,"0, 17, 86",3,4094.9,3245.7000000000003,359.4548399999998,376.4321199999999,475.7499999999995,468.6099999999995,116.34000000000005,92.21,"[0, 17, 86]"
37000036,O18 Omdeler,U36,foot,TSP,Type 2,87,"0, 17",2,3512.999999999999,2872.299999999998,375.9807999999998,387.03667999999993,475.7499999999996,468.6099999999996,99.82000000000002,81.60000000000002,"[0, 17]"
37000036,O18 Omdeler,U37,foot,TSP,Type 1,87,"0, 17, 86",3,4094.9,3245.7000000000003,294.43484,302.81212000000005,410.7299999999996,394.98999999999967,116.34000000000005,92.21,"[0, 17, 86]"
37000036,O18 Omdeler,U37,foot,TSP,Type 2,87,86,1,3512.999999999999,3315.2999999999984,310.96080000000006,314.1254800000001,410.7299999999995,408.27999999999963,99.82000000000002,94.21,[86]
37000036,O18 Omdeler,U38,foot,TSP,Type 1,87,"0, 17, 86",3,4094.9,3245.7000000000003,328.8548399999998,341.83211999999986,445.1499999999998,434.0099999999998,116.34000000000005,92.21,"[0, 17, 86]"
37000036,O18 Omdeler,U38,foot,TSP,Type 2,87,"0, 54",2,3512.999999999999,2979.8999999999983,345.3807999999998,351.95083999999986,445.1499999999998,436.5799999999997,99.82000000000002,84.66000000000001,"[0, 54]"
37000036,O18 Omdeler,U39,foot,TSP,Type 1,87,"0, 17, 86",3,4094.9,3245.7000000000003,478.3348399999999,487.57211999999987,594.6300000000001,579.7500000000001,116.34000000000005,92.21,"[0, 17, 86]"
37000036,O18 Omdeler,U39,foot,TSP,Type 2,87,0,1,3512.999999999999,2979.8999999999983,494.8607999999999,499.67084,594.6300000000002,584.3000000000004,99.82000000000002,84.66000000000001,[0]
37000036,SE Omdeler,Gns. Oms,foot,TSP,Type 1,87,"0, 54, 55, 56, 57, 58, 86",7,4094.9,2712.1,257.9834599999999,294.72683999999987,481.39,442.64,223.6200000000001,148.12999999999997,"[0, 54, 55, 56, 57, 58, 86]"
37000036,SE Omdeler,Gns. Oms,foot,TSP,Type 2,87,"0, 17",2,3512.999999999999,2872.299999999998,289.75519999999995,314.50491999999997,481.39000000000004,471.1599999999999,191.85999999999999,156.87999999999997,"[0, 17]"
37000036,SE Omdeler,U36,foot,TSP,Type 1,87,"0, 54, 55, 56, 57, 58, 86",7,4094.9,2712.1,252.1684599999998,297.04933999999986,475.7499999999995,445.1299999999996,223.6200000000001,148.12999999999997,"[0, 54, 55, 56, 57, 58, 86]"
37000036,SE Omdeler,U36,foot,TSP,Type 2,87,"0, 17",2,3512.999999999999,2872.299999999998,283.9401999999999,311.78242,475.7499999999996,468.6099999999996,191.85999999999999,156.87999999999997,"[0, 17]"
37000036,SE Omdeler,U37,foot,TSP,Type 1,87,"0, 17, 86",3,4094.9,3245.7000000000003,187.14846,217.77478000000005,410.7299999999996,394.98999999999967,223.6200000000001,177.25,"[0, 17, 86]"
37000036,SE Omdeler,U37,foot,TSP,Type 2,87,"0, 17",2,3512.999999999999,2872.299999999998,218.92020000000005,240.61242000000016,410.7299999999995,397.43999999999977,191.85999999999999,156.87999999999997,"[0, 17]"
37000036,SE Omdeler,U38,foot,TSP,Type 1,87,"0, 54, 55, 56, 57, 58, 86",7,4094.9,2712.1,221.5684599999998,267.51933999999994,445.1499999999998,415.59999999999985,223.6200000000001,148.12999999999997,"[0, 54, 55, 56, 57, 58, 86]"
37000036,SE Omdeler,U38,foot,TSP,Type 2,87,"0, 17",2,3512.999999999999,2872.299999999998,253.34019999999984,279.38241999999997,445.1499999999998,436.2099999999997,191.85999999999999,156.87999999999997,"[0, 17]"
37000036,SE Omdeler,U39,foot,TSP,Type 1,87,"0, 17, 86",3,4094.9,3245.7000000000003,371.04845999999986,402.53477999999984,594.6300000000001,579.7500000000001,223.6200000000001,177.25,"[0, 17, 86]"
37000036,SE Omdeler,U39,foot,TSP,Type 2,87,"0, 17",2,3512.999999999999,2872.299999999998,402.8201999999999,426.24242000000004,594.6300000000002,583.0700000000004,191.85999999999999,156.87999999999997,"[0, 17]"
37000036,U18 Omdeler,Gns. Oms,foot,TSP,Type 1,87,"0, 17, 86",3,4094.9,3245.7000000000003,399.2984589999999,404.1338869999999,481.39,469.17,82.31,65.26,"[0, 17, 86]"
37000036,U18 Omdeler,Gns. Oms,foot,TSP,Type 2,87,86,1,3512.999999999999,3315.2999999999984,410.98882999999995,412.96812299999993,481.39000000000004,479.4,70.61999999999998,66.65,[86]
37000036,U18 Omdeler,U36,foot,TSP,Type 1,87,"0, 17, 86",3,4094.9,3245.7000000000003,393.4834589999998,403.4038869999999,475.7499999999995,468.6099999999995,82.31,65.26,"[0, 17, 86]"
37000036,U18 Omdeler,U36,foot,TSP,Type 2,87,86,1,3512.999999999999,3315.2999999999984,405.17382999999984,409.14562299999983,475.7499999999996,475.74999999999955,70.61999999999998,66.65,[86]
37000036,U18 Omdeler,U37,foot,TSP,Type 1,87,17,1,4094.9,3987.3,328.463459,330.255143,410.7299999999996,410.3599999999996,82.31,80.15,[17]
37000036,U18 Omdeler,U37,foot,TSP,Type 2,87,86,1,3512.999999999999,3315.2999999999984,340.15383,341.67562300000003,410.7299999999995,408.27999999999963,70.61999999999998,66.65,[86]
37000036,U18 Omdeler,U38,foot,TSP,Type 1,87,"0, 17, 86",3,4094.9,3245.7000000000003,362.8834589999998,368.80388699999986,445.1499999999998,434.0099999999998,82.31,65.26,"[0, 17, 86]"
37000036,U18 Omdeler,U38,foot,TSP,Type 2,87,"0, 54",2,3512.999999999999,2979.8999999999983,374.5738299999998,376.7138089999999,445.1499999999998,436.5799999999997,70.61999999999998,59.91,"[0, 54]"
37000036,U18 Omdeler,U39,foot,TSP,Type 1,87,"0, 17, 86",3,4094.9,3245.7000000000003,512.3634589999999,514.5438869999999,594.6300000000001,579.7500000000001,82.31,65.26,"[0, 17, 86]"
37000036,U18 Omdeler,U39,foot,TSP,Type 2,87,86,1,3512.999999999999,3315.2999999999984,524.05383,524.705623,594.6300000000002,591.3100000000002,70.61999999999998,66.65,[86]
37000037,O18 Omdeler,Gns. Oms,foot,TSP,Type 1,92,,0,4017.8999999999996,4017.8999999999996,368.26663999999994,368.26663999999994,482.1700000000001,482.1700000000001,114.10999999999999,114.10999999999999,[]
37000037,O18 Omdeler,Gns. Oms,foot,TSP,Type 2,92,,0,3417.9000000000005,3417.9000000000005,385.3066399999999,385.3066399999999,482.1700000000001,482.1700000000001,97.04,97.04,[]
37000037,O18 Omdeler,U36,foot,TSP,Type 1,92,"18, 68, 69",3,4017.8999999999996,4002.7999999999993,359.1216399999999,359.55047999999994,473.22999999999956,473.22999999999956,114.10999999999999,113.68,"[18, 68, 69]"
37000037,O18 Omdeler,U36,foot,TSP,Type 2,92,69,1,3417.9000000000005,3404.6000000000004,376.16163999999986,376.5393599999999,473.2299999999995,473.2299999999995,97.04,96.66000000000001,[69]
37000037,O18 Omdeler,U37,foot,TSP,Type 1,92,60,1,4017.8999999999996,3818.3999999999996,331.74164,332.20744,445.8499999999998,440.6499999999998,114.10999999999999,108.43999999999998,[60]
37000037,O18 Omdeler,U37,foot,TSP,Type 2,92,89,1,3417.9000000000005,3417.800000000001,348.78164,348.78448,445.8499999999999,445.8499999999997,97.04,97.04,[89]
37000037,O18 Omdeler,U38,foot,TSP,Type 1,92,"66, 67, 68, 69, 81, 82, 83, 84, 85, 86",10,4017.8999999999996,3703.399999999999,329.66164,338.59344,443.76999999999975,443.76999999999975,114.10999999999999,105.17999999999998,"[66, 67, 68, 69, 81, 82, 83, 84, 85, 86]"
37000037,O18 Omdeler,U38,foot,TSP,Type 2,92,"65, 66, 67, 68, 69, 70, 71, 72, 73, 74",10,3417.9000000000005,2824.3999999999996,346.70163999999994,363.55704,443.76999999999975,443.7699999999998,97.04,80.23000000000002,"[65, 66, 67, 68, 69, 70, 71, 72, 73, 74]"
37000037,O18 Omdeler,U39,foot,TSP,Type 1,92,,0,4017.8999999999996,4017.8999999999996,452.54164,452.54164,566.6500000000003,566.6500000000003,114.10999999999999,114.10999999999999,[]
37000037,O18 Omdeler,U39,foot,TSP,Type 2,92,,0,3417.9000000000005,3417.9000000000005,469.58163999999994,469.58163999999994,566.6500000000001,566.6500000000001,97.04,97.04,[]
37000037,SE Omdeler,Gns. Oms,foot,TSP,Type 1,92,60,1,4017.8999999999996,3818.3999999999996,262.99765999999994,267.7053599999999,482.1700000000001,475.99000000000007,219.35999999999999,208.47000000000003,[60]
37000037,SE Omdeler,Gns. Oms,foot,TSP,Type 2,92,,0,3417.9000000000005,3417.9000000000005,295.7576599999999,295.7576599999999,482.1700000000001,482.1700000000001,186.62999999999997,186.62999999999997,[]
37000037,SE Omdeler,U36,foot,TSP,Type 1,92,"38, 60, 69",3,4017.8999999999996,3805.0999999999995,253.8526599999999,258.7015399999999,473.22999999999956,466.4599999999996,219.35999999999999,207.75000000000003,"[38, 60, 69]"
37000037,SE Omdeler,U36,foot,TSP,Type 2,92,69,1,3417.9000000000005,3404.6000000000004,286.6126599999999,287.3388399999999,473.2299999999995,473.2299999999995,186.62999999999997,185.90999999999997,[69]
37000037,SE Omdeler,U37,foot,TSP,Type 1,92,60,1,4017.8999999999996,3818.3999999999996,226.47266000000002,232.16536000000002,445.8499999999998,440.6499999999998,219.35999999999999,208.47000000000003,[60]
37000037,SE Omdeler,U37,foot,TSP,Type 2,92,89,1,3417.9000000000005,3417.800000000001,259.23266,259.23812,445.8499999999999,445.8499999999997,186.62999999999997,186.62,[89]
37000037,SE Omdeler,U38,foot,TSP,Type 1,92,"60, 69, 70, 81, 82, 83, 84, 85, 86",9,4017.8999999999996,3514.2,224.39265999999998,245.63467999999997,443.76999999999975,437.50999999999976,219.35999999999999,191.86,"[60, 69, 70, 81, 82, 83, 84, 85, 86]"
37000037,SE Omdeler,U38,foot,TSP,Type 2,92,"65, 66, 67, 68, 69, 70, 71, 72, 73, 74",10,3417.9000000000005,2824.3999999999996,257.15265999999997,289.55776000000003,443.76999999999975,443.7699999999998,186.62999999999997,154.20000000000002,"[65, 66, 67, 68, 69, 70, 71, 72, 73, 74]"
37000037,SE Omdeler,U39,foot,TSP,Type 1,92,60,1,4017.8999999999996,3818.3999999999996,347.27266,351.65535999999986,566.6500000000003,560.1400000000003,219.35999999999999,208.47000000000003,[60]
37000037,SE Omdeler,U39,foot,TSP,Type 2,92,,0,3417.9000000000005,3417.9000000000005,380.03265999999996,380.03265999999996,566.6500000000001,566.6500000000001,186.62999999999997,186.62999999999997,[]
37000037,U18 Omdeler,Gns. Oms,foot,TSP,Type 1,92,,0,4017.8999999999996,4017.8999999999996,401.65538899999996,401.65538899999996,482.1700000000001,482.1700000000001,80.74,80.74,[]
37000037,U18 Omdeler,Gns. Oms,foot,TSP,Type 2,92,,0,3417.9000000000005,3417.9000000000005,413.70938899999993,413.70938899999993,482.1700000000001,482.1700000000001,68.66999999999999,68.66999999999999,[]
37000037,U18 Omdeler,U36,foot,TSP,Type 1,92,"18, 68, 69",3,4017.8999999999996,4002.7999999999993,392.5103889999999,392.8137479999999,473.22999999999956,473.22999999999956,80.74,80.44,"[18, 68, 69]"
37000037,U18 Omdeler,U36,foot,TSP,Type 2,92,69,1,3417.9000000000005,3404.6000000000004,404.5643889999999,404.8315859999999,473.2299999999995,473.2299999999995,68.66999999999999,68.41,[69]
37000037,U18 Omdeler,U37,foot,TSP,Type 1,92,,0,4017.8999999999996,4017.8999999999996,365.13038900000004,365.13038900000004,445.8499999999998,445.8499999999998,80.74,80.74,[]
37000037,U18 Omdeler,U37,foot,TSP,Type 2,92,89,1,3417.9000000000005,3417.800000000001,377.184389,377.186398,445.8499999999999,445.8499999999997,68.66999999999999,68.66000000000005,[89]
37000037,U18 Omdeler,U38,foot,TSP,Type 1,92,"66, 67, 68, 69, 81, 82, 83, 84, 85, 86",10,4017.8999999999996,3703.399999999999,363.050389,369.368694,443.76999999999975,443.76999999999975,80.74,74.43999999999998,"[66, 67, 68, 69, 81, 82, 83, 84, 85, 86]"
37000037,U18 Omdeler,U38,foot,TSP,Type 2,92,"65, 66, 67, 68, 69, 70, 71, 72, 73, 74",10,3417.9000000000005,2824.3999999999996,375.10438899999997,387.027804,443.76999999999975,443.7699999999998,68.66999999999999,56.759999999999984,"[65, 66, 67, 68, 69, 70, 71, 72, 73, 74]"
37000037,U18 Omdeler,U39,foot,TSP,Type 1,92,,0,4017.8999999999996,4017.8999999999996,485.930389,485.930389,566.6500000000003,566.6500000000003,80.74,80.74,[]
37000037,U18 Omdeler,U39,foot,TSP,Type 2,92,,0,3417.9000000000005,3417.9000000000005,497.98438899999996,497.98438899999996,566.6500000000001,566.6500000000001,68.66999999999999,68.66999999999999,[]
37000039,O18 Omdeler,Gns. Oms,foot,TSP,Type 1,144,,0,5946.900000000002,5946.900000000002,698.5955399999998,698.5955399999998,867.1099999999998,867.1099999999998,168.8500000000001,168.8500000000001,[]
37000039,O18 Omdeler,Gns. Oms,foot,TSP,Type 2,144,45,1,5255.099999999998,5036.799999999998,718.2426599999999,723.9298799999999,867.1099999999997,866.5999999999998,149.20000000000007,142.99000000000007,[45]
37000039,O18 Omdeler,U36,foot,TSP,Type 1,144,"44, 45, 80",3,5946.900000000002,5928.200000000003,730.9180399999998,731.4491199999998,899.8099999999986,899.8099999999986,168.8500000000001,168.32000000000014,"[44, 45, 80]"
37000039,O18 Omdeler,U36,foot,TSP,Type 2,144,45,1,5255.099999999998,5036.799999999998,750.5651599999999,756.7648799999998,899.8099999999988,899.8099999999988,149.20000000000007,142.99000000000007,[45]
37000039,O18 Omdeler,U37,foot,TSP,Type 1,144,"2, 44, 45",3,5946.900000000002,5704.600000000003,534.9180399999999,536.5993599999998,703.8100000000005,698.6100000000005,168.8500000000001,161.9700000000001,"[2, 44, 45]"
37000039,O18 Omdeler,U37,foot,TSP,Type 2,144,21,1,5255.099999999998,4849.499999999997,554.56516,560.8842,703.8100000000002,698.6100000000001,149.20000000000007,137.67000000000007,[21]
37000039,O18 Omdeler,U38,foot,TSP,Type 1,144,"2, 44, 45",3,5946.900000000002,5704.600000000003,663.5580399999999,664.1793599999997,832.4499999999991,826.1899999999991,168.8500000000001,161.9700000000001,"[2, 44, 45]"
37000039,O18 Omdeler,U38,foot,TSP,Type 2,144,45,1,5255.099999999998,5036.799999999998,683.20516,689.4048799999998,832.4499999999995,832.4499999999994,149.20000000000007,142.99000000000007,[45]
37000039,O18 Omdeler,U39,foot,TSP,Type 1,144,,0,5946.900000000002,5946.900000000002,864.9880399999998,864.9880399999998,1033.879999999999,1033.879999999999,168.8500000000001,168.8500000000001,[]
37000039,O18 Omdeler,U39,foot,TSP,Type 2,144,45,1,5255.099999999998,5036.799999999998,884.6351599999999,888.7848799999999,1033.879999999999,1031.829999999999,149.20000000000007,142.99000000000007,[45]
37000039,SE Omdeler,Gns. Oms,foot,TSP,Type 1,144,2,1,5946.900000000002,5720.700000000003,542.7867599999997,548.1197799999997,867.1099999999998,860.0899999999997,324.7299999999999,312.36999999999995,[2]
37000039,SE Omdeler,Gns. Oms,foot,TSP,Type 2,144,21,1,5255.099999999998,4849.499999999997,580.55904,596.1998,867.1099999999997,860.6099999999997,286.94,264.79999999999995,[21]
37000039,SE Omdeler,U36,foot,TSP,Type 1,144,"2, 44, 45",3,5946.900000000002,5704.600000000003,575.1092599999997,581.5688399999996,899.8099999999986,893.0399999999986,324.7299999999999,311.48999999999995,"[2, 44, 45]"
37000039,SE Omdeler,U36,foot,TSP,Type 2,144,21,1,5255.099999999998,4849.499999999997,612.88154,628.2573,899.8099999999988,893.0399999999988,286.94,264.79999999999995,[21]
37000039,SE Omdeler,U37,foot,TSP,Type 1,144,"2, 44, 45",3,5946.900000000002,5704.600000000003,379.1092599999998,387.1388399999997,703.8100000000005,698.6100000000005,324.7299999999999,311.48999999999995,"[2, 44, 45]"
37000039,SE Omdeler,U37,foot,TSP,Type 2,144,21,1,5255.099999999998,4849.499999999997,416.8815400000001,433.82730000000004,703.8100000000002,698.6100000000001,286.94,264.79999999999995,[21]
37000039,SE Omdeler,U38,foot,TSP,Type 1,144,"2, 44, 45",3,5946.900000000002,5704.600000000003,507.74925999999977,514.7188399999997,832.4499999999991,826.1899999999991,324.7299999999999,311.48999999999995,"[2, 44, 45]"
37000039,SE Omdeler,U38,foot,TSP,Type 2,144,21,1,5255.099999999998,4849.499999999997,545.5215400000001,561.4073,832.4499999999995,826.1899999999995,286.94,264.79999999999995,[21]
37000039,SE Omdeler,U39,foot,TSP,Type 1,144,2,1,5946.900000000002,5720.700000000003,709.1792599999997,711.6897799999995,1033.879999999999,1024.039999999999,324.7299999999999,312.36999999999995,[2]
37000039,SE Omdeler,U39,foot,TSP,Type 2,144,21,1,5255.099999999998,4849.499999999997,746.95154,761.3072999999998,1033.879999999999,1026.089999999999,286.94,264.79999999999995,[21]
37000039,U18 Omdeler,Gns. Oms,foot,TSP,Type 1,144,,0,5946.900000000002,5946.900000000002,748.0142789999998,748.0142789999998,867.1099999999998,867.1099999999998,119.43999999999996,119.43999999999996,[]
37000039,U18 Omdeler,Gns. Oms,foot,TSP,Type 2,144,45,1,5255.099999999998,5036.799999999998,761.9125409999999,765.7856879999999,867.1099999999997,866.5999999999998,105.54000000000003,101.11999999999996,[45]
37000039,U18 Omdeler,U36,foot,TSP,Type 1,144,"44, 45, 80",3,5946.900000000002,5928.200000000003,780.3367789999998,780.7124619999997,899.8099999999986,899.8099999999986,119.43999999999996,119.05999999999996,"[44, 45, 80]"
37000039,U18 Omdeler,U36,foot,TSP,Type 2,144,45,1,5255.099999999998,5036.799999999998,794.2350409999999,798.6206879999999,899.8099999999988,899.8099999999988,105.54000000000003,101.11999999999996,[45]
37000039,U18 Omdeler,U37,foot,TSP,Type 1,144,"44, 45, 80",3,5946.900000000002,5928.200000000003,584.3367789999999,584.712462,703.8100000000005,703.8100000000005,119.43999999999996,119.05999999999996,"[44, 45, 80]"
37000039,U18 Omdeler,U37,foot,TSP,Type 2,144,45,1,5255.099999999998,5036.799999999998,598.235041,602.620688,703.8100000000002,703.8100000000005,105.54000000000003,101.11999999999996,[45]
37000039,U18 Omdeler,U38,foot,TSP,Type 1,144,"44, 45, 80",3,5946.900000000002,5928.200000000003,712.9767789999999,713.3524619999997,832.4499999999991,832.4499999999991,119.43999999999996,119.05999999999996,"[44, 45, 80]"
37000039,U18 Omdeler,U38,foot,TSP,Type 2,144,45,1,5255.099999999998,5036.799999999998,726.875041,731.2606879999998,832.4499999999995,832.4499999999994,105.54000000000003,101.11999999999996,[45]
37000039,U18 Omdeler,U39,foot,TSP,Type 1,144,,0,5946.900000000002,5946.900000000002,914.4067789999998,914.4067789999998,1033.879999999999,1033.879999999999,119.43999999999996,119.43999999999996,[]
37000039,U18 Omdeler,U39,foot,TSP,Type 2,144,45,1,5255.099999999998,5036.799999999998,928.305041,930.640688,1033.879999999999,1031.829999999999,105.54000000000003,101.11999999999996,[45]
37000040,O18 Omdeler,Gns. Oms,foot,TSP,Type 1,146,,0,4838.300000000001,4838.300000000001,771.9622799999996,771.9622799999996,908.8700000000001,908.8700000000001,137.37999999999997,137.37999999999997,[]
37000040,O18 Omdeler,Gns. Oms,foot,TSP,Type 2,146,,0,3808.5000000000014,3808.5000000000014,801.2085999999996,801.2085999999996,908.87,908.87,108.15999999999998,108.15999999999998,[]
37000040,O18 Omdeler,U36,foot,TSP,Type 1,146,,0,4838.300000000001,4838.300000000001,802.4822799999997,802.4822799999997,939.8899999999986,939.8899999999986,137.37999999999997,137.37999999999997,[]
37000040,O18 Omdeler,U36,foot,TSP,Type 2,146,,0,3808.5000000000014,3808.5000000000014,831.7285999999997,831.7285999999997,939.8899999999985,939.8899999999985,108.15999999999998,108.15999999999998,[]
37000040,O18 Omdeler,U37,foot,TSP,Type 1,146,,0,4838.300000000001,4838.300000000001,615.67228,615.67228,753.0800000000008,753.0800000000008,137.37999999999997,137.37999999999997,[]
37000040,O18 Omdeler,U37,foot,TSP,Type 2,146,,0,3808.5000000000014,3808.5000000000014,644.9186,644.9186,753.080000000001,753.080000000001,108.15999999999998,108.15999999999998,[]
37000040,O18 Omdeler,U38,foot,TSP,Type 1,146,128,1,4838.300000000001,4838.300000000001,737.9222799999998,737.9222799999999,875.3299999999995,875.3299999999995,137.37999999999997,137.36999999999998,[128]
37000040,O18 Omdeler,U38,foot,TSP,Type 2,146,,0,3808.5000000000014,3808.5000000000014,767.1685999999997,767.1685999999997,875.3299999999992,875.3299999999992,108.15999999999998,108.15999999999998,[]
37000040,O18 Omdeler,U39,foot,TSP,Type 1,146,,0,4838.300000000001,4838.300000000001,931.77228,931.77228,1069.1799999999985,1069.1799999999985,137.37999999999997,137.37999999999997,[]
37000040,O18 Omdeler,U39,foot,TSP,Type 2,146,,0,3808.5000000000014,3808.5000000000014,961.0186,961.0186,1069.1799999999985,1069.1799999999985,108.15999999999998,108.15999999999998,[]
37000040,SE Omdeler,Gns. Oms,foot,TSP,Type 1,146,,0,4838.300000000001,4838.300000000001,645.1988199999996,645.1988199999996,908.8700000000001,908.8700000000001,264.1599999999999,264.1599999999999,[]
37000040,SE Omdeler,Gns. Oms,foot,TSP,Type 2,146,,0,3808.5000000000014,3808.5000000000014,701.4258999999996,701.4258999999996,908.87,908.87,207.93,207.93,[]
37000040,SE Omdeler,U36,foot,TSP,Type 1,146,,0,4838.300000000001,4838.300000000001,675.7188199999997,675.7188199999997,939.8899999999986,939.8899999999986,264.1599999999999,264.1599999999999,[]
37000040,SE Omdeler,U36,foot,TSP,Type 2,146,,0,3808.5000000000014,3808.5000000000014,731.9458999999997,731.9458999999997,939.8899999999985,939.8899999999985,207.93,207.93,[]
37000040,SE Omdeler,U37,foot,TSP,Type 1,146,,0,4838.300000000001,4838.300000000001,488.90882,488.90882,753.0800000000008,753.0800000000008,264.1599999999999,264.1599999999999,[]
37000040,SE Omdeler,U37,foot,TSP,Type 2,146,,0,3808.5000000000014,3808.5000000000014,545.1359,545.1359,753.080000000001,753.080000000001,207.93,207.93,[]
37000040,SE Omdeler,U38,foot,TSP,Type 1,146,128,1,4838.300000000001,4838.300000000001,611.1588199999998,611.1588199999999,875.3299999999995,875.3299999999995,264.1599999999999,264.1499999999999,[128]
37000040,SE Omdeler,U38,foot,TSP,Type 2,146,,0,3808.5000000000014,3808.5000000000014,667.3858999999998,667.3858999999998,875.3299999999992,875.3299999999992,207.93,207.93,[]
37000040,SE Omdeler,U39,foot,TSP,Type 1,146,,0,4838.300000000001,4838.300000000001,805.00882,805.00882,1069.1799999999985,1069.1799999999985,264.1599999999999,264.1599999999999,[]
37000040,SE Omdeler,U39,foot,TSP,Type 2,146,,0,3808.5000000000014,3808.5000000000014,861.2359,861.2359,1069.1799999999985,1069.1799999999985,207.93,207.93,[]
37000040,U18 Omdeler,Gns. Oms,foot,TSP,Type 1,146,,0,4838.300000000001,4838.300000000001,812.1685529999996,812.1685529999996,908.8700000000001,908.8700000000001,97.18,97.18,[]
37000040,U18 Omdeler,Gns. Oms,foot,TSP,Type 2,146,,0,3808.5000000000014,3808.5000000000014,832.8572349999996,832.8572349999996,908.87,908.87,76.52999999999997,76.52999999999997,[]
37000040,U18 Omdeler,U36,foot,TSP,Type 1,146,,0,4838.300000000001,4838.300000000001,842.6885529999997,842.6885529999997,939.8899999999986,939.8899999999986,97.18,97.18,[]
37000040,U18 Omdeler,U36,foot,TSP,Type 2,146,,0,3808.5000000000014,3808.5000000000014,863.3772349999997,863.3772349999997,939.8899999999985,939.8899999999985,76.52999999999997,76.52999999999997,[]
37000040,U18 Omdeler,U37,foot,TSP,Type 1,146,,0,4838.300000000001,4838.300000000001,655.878553,655.878553,753.0800000000008,753.0800000000008,97.18,97.18,[]
37000040,U18 Omdeler,U37,foot,TSP,Type 2,146,,0,3808.5000000000014,3808.5000000000014,676.567235,676.567235,753.080000000001,753.080000000001,76.52999999999997,76.52999999999997,[]
37000040,U18 Omdeler,U38,foot,TSP,Type 1,146,128,1,4838.300000000001,4838.300000000001,778.1285529999998,778.1285529999999,875.3299999999995,875.3299999999995,97.18,97.18,[128]
37000040,U18 Omdeler,U38,foot,TSP,Type 2,146,,0,3808.5000000000014,3808.5000000000014,798.8172349999998,798.8172349999998,875.3299999999992,875.3299999999992,76.52999999999997,76.52999999999997,[]
37000040,U18 Omdeler,U39,foot,TSP,Type 1,146,,0,4838.300000000001,4838.300000000001,971.978553,971.978553,1069.1799999999985,1069.1799999999985,97.18,97.18,[]
37000040,U18 Omdeler,U39,foot,TSP,Type 2,146,,0,3808.5000000000014,3808.5000000000014,992.667235,992.667235,1069.1799999999985,1069.1799999999985,76.52999999999997,76.52999999999997,[]
37000041,O18 Omdeler,Gns. Oms,foot,TSP,Type 1,151,88,1,4721.400000000004,4688.400000000004,769.7947399999997,770.4294399999997,903.43,903.13,134.09,133.16,[88]
37000041,O18 Omdeler,Gns. Oms,foot,TSP,Type 2,151,88,1,4373.600000000004,4340.600000000003,779.6722599999997,780.3069599999998,903.4300000000001,903.1300000000001,124.23999999999997,123.30999999999997,[88]
37000041,O18 Omdeler,U36,foot,TSP,Type 1,151,88,1,4721.400000000004,4688.400000000004,794.5422399999998,795.4794399999997,928.6299999999987,928.6299999999987,134.09,133.16,[88]
37000041,O18 Omdeler,U36,foot,TSP,Type 2,151,88,1,4373.600000000004,4340.600000000003,804.4197599999998,805.3569599999998,928.6299999999987,928.6299999999987,124.23999999999997,123.30999999999997,[88]
37000041,O18 Omdeler,U37,foot,TSP,Type 1,151,88,1,4721.400000000004,4688.400000000004,616.2422399999999,617.1794399999999,750.3300000000013,750.3300000000013,134.09,133.16,[88]
37000041,O18 Omdeler,U37,foot,TSP,Type 2,151,88,1,4373.600000000004,4340.600000000003,626.1197599999999,627.05696,750.3300000000008,750.3300000000008,124.23999999999997,123.30999999999997,[88]
37000041,O18 Omdeler,U38,foot,TSP,Type 1,151,88,1,4721.400000000004,4688.400000000004,726.9022399999998,727.8394399999997,860.9899999999993,860.9899999999993,134.09,133.16,[88]
37000041,O18 Omdeler,U38,foot,TSP,Type 2,151,88,1,4373.600000000004,4340.600000000003,736.7797599999998,737.7169599999999,860.9899999999991,860.9899999999991,124.23999999999997,123.30999999999997,[88]
37000041,O18 Omdeler,U39,foot,TSP,Type 1,151,,0,4721.400000000004,4721.400000000004,941.4922399999998,941.4922399999998,1075.579999999998,1075.579999999998,134.09,134.09,[]
37000041,O18 Omdeler,U39,foot,TSP,Type 2,151,,0,4373.600000000004,4373.600000000004,951.3697599999998,951.3697599999998,1075.5799999999986,1075.5799999999986,124.23999999999997,124.23999999999997,[]
37000041,SE Omdeler,Gns. Oms,foot,TSP,Type 1,151,88,1,4721.400000000004,4688.400000000004,646.0940599999996,647.5933599999995,903.43,903.13,257.78000000000003,255.98000000000002,[88]
37000041,SE Omdeler,Gns. Oms,foot,TSP,Type 2,151,88,1,4373.600000000004,4340.600000000003,665.0839399999995,666.5832399999996,903.4300000000001,903.1300000000001,238.83,237.03,[88]
37000041,SE Omdeler,U36,foot,TSP,Type 1,151,88,1,4721.400000000004,4688.400000000004,670.8415599999996,672.6433599999996,928.6299999999987,928.6299999999987,257.78000000000003,255.98000000000002,[88]
37000041,SE Omdeler,U36,foot,TSP,Type 2,151,88,1,4373.600000000004,4340.600000000003,689.8314399999997,691.6332399999998,928.6299999999987,928.6299999999987,238.83,237.03,[88]
37000041,SE Omdeler,U37,foot,TSP,Type 1,151,88,1,4721.400000000004,4688.400000000004,492.5415599999998,494.3433599999998,750.3300000000013,750.3300000000013,257.78000000000003,255.98000000000002,[88]
37000041,SE Omdeler,U37,foot,TSP,Type 2,151,88,1,4373.600000000004,4340.600000000003,511.5314399999998,513.3332399999998,750.3300000000008,750.3300000000008,238.83,237.03,[88]
37000041,SE Omdeler,U38,foot,TSP,Type 1,151,88,1,4721.400000000004,4688.400000000004,603.2015599999996,605.0033599999996,860.9899999999993,860.9899999999993,257.78000000000003,255.98000000000002,[88]
37000041,SE Omdeler,U38,foot,TSP,Type 2,151,88,1,4373.600000000004,4340.600000000003,622.1914399999996,623.9932399999997,860.9899999999991,860.9899999999991,238.83,237.03,[88]
37000041,SE Omdeler,U39,foot,TSP,Type 1,151,88,1,4721.400000000004,4688.400000000004,817.7915599999997,818.3833599999996,1075.579999999998,1074.369999999998,257.78000000000003,255.98000000000002,[88]
37000041,SE Omdeler,U39,foot,TSP,Type 2,151,88,1,4373.600000000004,4340.600000000003,836.7814399999997,837.3732399999998,1075.5799999999986,1074.3699999999985,238.83,237.03,[88]
37000041,U18 Omdeler,Gns. Oms,foot,TSP,Type 1,151,88,1,4721.400000000004,4688.400000000004,809.0295739999997,809.3900439999996,903.43,903.13,94.85000000000005,94.18000000000005,[88]
37000041,U18 Omdeler,Gns. Oms,foot,TSP,Type 2,151,88,1,4373.600000000004,4340.600000000003,816.0168759999997,816.3773459999996,903.4300000000001,903.1300000000001,87.85000000000001,87.18,[88]
37000041,U18 Omdeler,U36,foot,TSP,Type 1,151,88,1,4721.400000000004,4688.400000000004,833.7770739999999,834.4400439999998,928.6299999999987,928.6299999999987,94.85000000000005,94.18000000000005,[88]
37000041,U18 Omdeler,U36,foot,TSP,Type 2,151,88,1,4373.600000000004,4340.600000000003,840.7643759999999,841.4273459999998,928.6299999999987,928.6299999999987,87.85000000000001,87.18,[88]
37000041,U18 Omdeler,U37,foot,TSP,Type 1,151,88,1,4721.400000000004,4688.400000000004,655.4770739999999,656.1400439999999,750.3300000000013,750.3300000000013,94.85000000000005,94.18000000000005,[88]
37000041,U18 Omdeler,U37,foot,TSP,Type 2,151,88,1,4373.600000000004,4340.600000000003,662.4643759999999,663.1273459999999,750.3300000000008,750.3300000000008,87.85000000000001,87.18,[88]
37000041,U18 Omdeler,U38,foot,TSP,Type 1,151,88,1,4721.400000000004,4688.400000000004,766.1370739999998,766.8000439999997,860.9899999999993,860.9899999999993,94.85000000000005,94.18000000000005,[88]
37000041,U18 Omdeler,U38,foot,TSP,Type 2,151,88,1,4373.600000000004,4340.600000000003,773.1243759999998,773.7873459999997,860.9899999999991,860.9899999999991,87.85000000000001,87.18,[88]
37000041,U18 Omdeler,U39,foot,TSP,Type 1,151,,0,4721.400000000004,4721.400000000004,980.7270739999999,980.7270739999999,1075.579999999998,1075.579999999998,94.85000000000005,94.85000000000005,[]
37000041,U18 Omdeler,U39,foot,TSP,Type 2,151,,0,4373.600000000004,4373.600000000004,987.7143759999999,987.7143759999999,1075.5799999999986,1075.5799999999986,87.85000000000001,87.85000000000001,[]
37000042,O18 Omdeler,Gns. Oms,foot,TSP,Type 1,140,"33, 47, 49",3,7675.199999999996,7018.899999999997,638.73432,643.28324,856.3200000000003,842.2300000000002,217.96000000000004,199.31000000000006,"[33, 47, 49]"
37000042,O18 Omdeler,Gns. Oms,foot,TSP,Type 2,140,49,1,6629.899999999997,6245.699999999998,668.42084,672.5946199999998,856.3200000000002,849.5800000000002,188.26000000000008,177.3500000000001,[49]
37000042,O18 Omdeler,U36,foot,TSP,Type 1,140,"33, 47, 49",3,7675.199999999996,7018.899999999997,658.5043199999999,663.6032399999999,876.4799999999989,862.9399999999989,217.96000000000004,199.31000000000006,"[33, 47, 49]"
37000042,O18 Omdeler,U36,foot,TSP,Type 2,140,49,1,6629.899999999997,6245.699999999998,688.1908399999999,692.3321199999998,876.4799999999989,869.7099999999989,188.26000000000008,177.3500000000001,[49]
37000042,O18 Omdeler,U37,foot,TSP,Type 1,140,"33, 47, 49",3,7675.199999999996,7018.899999999997,488.24432000000013,495.6332400000001,706.2200000000006,694.9700000000006,217.96000000000004,199.31000000000006,"[33, 47, 49]"
37000042,O18 Omdeler,U37,foot,TSP,Type 2,140,49,1,6629.899999999997,6245.699999999998,517.9308400000001,523.64212,706.2200000000006,701.0200000000006,188.26000000000008,177.3500000000001,[49]
37000042,O18 Omdeler,U38,foot,TSP,Type 1,140,"33, 34, 49",3,7675.199999999996,7096.799999999996,605.66432,609.9008799999999,823.6399999999995,811.4499999999995,217.96000000000004,201.53000000000003,"[33, 34, 49]"
37000042,O18 Omdeler,U38,foot,TSP,Type 2,140,33,1,6629.899999999997,6495.5999999999985,635.35084,639.16496,823.6399999999993,823.6399999999993,188.26000000000008,184.4500000000001,[33]
37000042,O18 Omdeler,U39,foot,TSP,Type 1,140,49,1,7675.199999999996,7290.899999999996,802.52432,806.9284400000001,1020.4999999999985,1013.9899999999985,217.96000000000004,207.05000000000007,[49]
37000042,O18 Omdeler,U39,foot,TSP,Type 2,140,49,1,6629.899999999997,6245.699999999998,832.21084,836.61212,1020.4999999999987,1013.9899999999989,188.26000000000008,177.3500000000001,[49]
37000042,SE Omdeler,Gns. Oms,foot,TSP,Type 1,140,"33, 47, 49",3,7675.199999999996,7018.899999999997,437.6440800000001,459.38806,856.3200000000003,842.2300000000002,419.0499999999997,383.1999999999999,"[33, 47, 49]"
37000042,SE Omdeler,Gns. Oms,foot,TSP,Type 2,140,"33, 34, 35, 36, 49",5,6629.899999999997,5835.999999999997,494.7174600000001,510.77439999999996,856.3200000000002,829.0300000000002,361.9799999999998,318.62,"[33, 34, 35, 36, 49]"
37000042,SE Omdeler,U36,foot,TSP,Type 1,140,"33, 47, 48, 49, 50, 51",6,7675.199999999996,6674.299999999996,457.41407999999996,484.07322,876.4799999999989,848.489999999999,419.0499999999997,364.3899999999999,"[33, 47, 48, 49, 50, 51]"
37000042,SE Omdeler,U36,foot,TSP,Type 2,140,"47, 48, 49, 50, 51",5,6629.899999999997,5763.499999999999,514.4874599999999,533.8028999999998,876.4799999999989,848.4899999999989,361.9799999999998,314.6699999999999,"[47, 48, 49, 50, 51]"
37000042,SE Omdeler,U37,foot,TSP,Type 1,140,"33, 47, 48, 49, 50, 51",6,7675.199999999996,6674.299999999996,287.1540800000002,319.2432200000002,706.2200000000006,683.6600000000005,419.0499999999997,364.3899999999999,"[33, 47, 48, 49, 50, 51]"
37000042,SE Omdeler,U37,foot,TSP,Type 2,140,"47, 48, 49, 50, 51",5,6629.899999999997,5763.499999999999,344.2274600000002,368.97289999999987,706.2200000000006,683.6600000000004,361.9799999999998,314.6699999999999,"[47, 48, 49, 50, 51]"
37000042,SE Omdeler,U38,foot,TSP,Type 1,140,"33, 47, 49",3,7675.199999999996,7018.899999999997,404.57408000000004,425.67805999999996,823.6399999999995,808.9099999999995,419.0499999999997,383.1999999999999,"[33, 47, 49]"
37000042,SE Omdeler,U38,foot,TSP,Type 2,140,"33, 34, 35, 36, 49",5,6629.899999999997,5835.999999999997,461.64746,480.28439999999995,823.6399999999993,798.9299999999993,361.9799999999998,318.62,"[33, 34, 35, 36, 49]"
37000042,SE Omdeler,U39,foot,TSP,Type 1,140,"33, 47, 49",3,7675.199999999996,7018.899999999997,601.43408,620.42806,1020.4999999999985,1003.6599999999987,419.0499999999997,383.1999999999999,"[33, 47, 49]"
37000042,SE Omdeler,U39,foot,TSP,Type 2,140,49,1,6629.899999999997,6245.699999999998,658.50746,672.9747800000001,1020.4999999999987,1013.9899999999989,361.9799999999998,340.9999999999999,[49]
37000042,U18 Omdeler,Gns. Oms,foot,TSP,Type 1,140,33,1,7675.199999999996,7540.899999999996,702.515232,704.7008189999999,856.3200000000003,855.8100000000003,154.15999999999997,151.45999999999998,[33]
37000042,U18 Omdeler,Gns. Oms,foot,TSP,Type 2,140,33,1,6629.899999999997,6495.5999999999985,723.515309,725.700896,856.3200000000002,855.8100000000002,133.13999999999996,130.45,[33]
37000042,U18 Omdeler,U36,foot,TSP,Type 1,140,33,1,7675.199999999996,7540.899999999996,722.2852319999998,724.9833189999998,876.4799999999989,876.4799999999989,154.15999999999997,151.45999999999998,[33]
37000042,U18 Omdeler,U36,foot,TSP,Type 2,140,33,1,6629.899999999997,6495.5999999999985,743.2853089999999,745.9833959999999,876.4799999999989,876.4799999999989,133.13999999999996,130.45,[33]
37000042,U18 Omdeler,U37,foot,TSP,Type 1,140,33,1,7675.199999999996,7540.899999999996,552.0252320000001,554.7233190000001,706.2200000000006,706.2200000000006,154.15999999999997,151.45999999999998,[33]
37000042,U18 Omdeler,U37,foot,TSP,Type 2,140,33,1,6629.899999999997,6495.5999999999985,573.0253090000001,575.7233960000001,706.2200000000006,706.2200000000006,133.13999999999996,130.45,[33]
37000042,U18 Omdeler,U38,foot,TSP,Type 1,140,33,1,7675.199999999996,7540.899999999996,669.4452319999999,672.1433189999999,823.6399999999995,823.6399999999995,154.15999999999997,151.45999999999998,[33]
37000042,U18 Omdeler,U38,foot,TSP,Type 2,140,33,1,6629.899999999997,6495.5999999999985,690.445309,693.1433959999999,823.6399999999993,823.6399999999993,133.13999999999996,130.45,[33]
37000042,U18 Omdeler,U39,foot,TSP,Type 1,140,49,1,7675.199999999996,7290.899999999996,866.3052319999999,867.5158190000001,1020.4999999999985,1013.9899999999985,154.15999999999997,146.42999999999995,[49]
37000042,U18 Omdeler,U39,foot,TSP,Type 2,140,49,1,6629.899999999997,6245.699999999998,887.305309,888.5138870000001,1020.4999999999987,1013.9899999999989,133.13999999999996,125.41999999999996,[49]
37000045,O18 Omdeler,Gns. Oms,foot,TSP,Type 1,166,28,1,5270.5,5243.199999999999,773.4728,773.8781200000001,923.09,922.72,149.62000000000006,148.84000000000006,[28]
37000045,O18 Omdeler,Gns. Oms,foot,TSP,Type 2,166,10,1,4874.600000000002,4598.300000000002,784.7163599999999,786.8432799999998,923.0900000000003,917.3700000000001,138.41000000000003,130.52999999999997,[10]
37000045,O18 Omdeler,U36,foot,TSP,Type 1,166,"28, 117, 118",3,5270.5,4946.999999999998,805.1677999999999,810.4452,954.8499999999996,950.9399999999996,149.62000000000006,140.43000000000004,"[28, 117, 118]"
37000045,O18 Omdeler,U36,foot,TSP,Type 2,166,"117, 118",2,4874.600000000002,4635.699999999999,816.4113599999998,819.65612,954.8499999999996,951.3099999999995,138.41000000000003,131.63000000000002,"[117, 118]"
37000045,O18 Omdeler,U37,foot,TSP,Type 1,166,28,1,5270.5,5243.199999999999,605.0078000000001,605.41312,754.6899999999995,754.3199999999995,149.62000000000006,148.84000000000006,[28]
37000045,O18 Omdeler,U37,foot,TSP,Type 2,166,10,1,4874.600000000002,4598.300000000002,616.25136,619.6682799999999,754.6899999999994,750.2599999999994,138.41000000000003,130.52999999999997,[10]
37000045,O18 Omdeler,U38,foot,TSP,Type 1,166,"28, 117, 118",3,5270.5,4946.999999999998,741.1078000000001,747.7152000000001,890.7900000000011,888.2100000000011,149.62000000000006,140.43000000000004,"[28, 117, 118]"
37000045,O18 Omdeler,U38,foot,TSP,Type 2,166,"117, 118",2,4874.600000000002,4635.699999999999,752.35136,756.9261200000001,890.7900000000011,888.5800000000011,138.41000000000003,131.63000000000002,"[117, 118]"
37000045,O18 Omdeler,U39,foot,TSP,Type 1,166,28,1,5270.5,5243.199999999999,942.6078,943.0131200000002,1092.289999999999,1091.9199999999992,149.62000000000006,148.84000000000006,[28]
37000045,O18 Omdeler,U39,foot,TSP,Type 2,166,10,1,4874.600000000002,4598.300000000002,953.8513599999999,954.7282799999998,1092.2899999999988,1085.3199999999995,138.41000000000003,130.52999999999997,[10]
37000045,SE Omdeler,Gns. Oms,foot,TSP,Type 1,166,"28, 117, 118",3,5270.5,4946.999999999998,635.3857,644.1763000000002,923.09,914.22,287.78999999999996,270.13,"[28, 117, 118]"
37000045,SE Omdeler,Gns. Oms,foot,TSP,Type 2,166,"117, 118, 124, 125",4,4874.600000000002,4284.8,657.0018399999999,668.74992,923.0900000000003,902.64,266.22,234.01999999999995,"[117, 118, 124, 125]"
37000045,SE Omdeler,U36,foot,TSP,Type 1,166,"28, 117, 118",3,5270.5,4946.999999999998,667.0807,680.8338000000001,954.8499999999996,950.9399999999996,287.78999999999996,270.13,"[28, 117, 118]"
37000045,SE Omdeler,U36,foot,TSP,Type 2,166,"117, 118, 124, 125",4,4874.600000000002,4284.8,688.6968399999998,705.35992,954.8499999999996,939.3099999999994,266.22,234.01999999999995,"[117, 118, 124, 125]"
37000045,SE Omdeler,U37,foot,TSP,Type 1,166,"28, 117, 118",3,5270.5,4946.999999999998,466.92070000000007,469.6438000000001,754.6899999999995,739.7499999999994,287.78999999999996,270.13,"[28, 117, 118]"
37000045,SE Omdeler,U37,foot,TSP,Type 2,166,10,1,4874.600000000002,4598.300000000002,488.5368399999999,499.19281999999987,754.6899999999994,750.2599999999994,266.22,251.10999999999993,[10]
37000045,SE Omdeler,U38,foot,TSP,Type 1,166,"28, 117, 118",3,5270.5,4946.999999999998,603.0207,618.1038000000001,890.7900000000011,888.2100000000011,287.78999999999996,270.13,"[28, 117, 118]"
37000045,SE Omdeler,U38,foot,TSP,Type 2,166,"117, 118, 124, 125",4,4874.600000000002,4284.8,624.6368399999999,643.6699199999999,890.7900000000011,877.6200000000009,266.22,234.01999999999995,"[117, 118, 124, 125]"
37000045,SE Omdeler,U39,foot,TSP,Type 1,166,"28, 117, 118",3,5270.5,4946.999999999998,804.5207,808.1238000000002,1092.289999999999,1078.2299999999993,287.78999999999996,270.13,"[28, 117, 118]"
37000045,SE Omdeler,U39,foot,TSP,Type 2,166,10,1,4874.600000000002,4598.300000000002,826.1368399999999,834.2528199999999,1092.2899999999988,1085.3199999999995,266.22,251.10999999999993,[10]
37000045,U18 Omdeler,Gns. Oms,foot,TSP,Type 1,166,28,1,5270.5,5243.199999999999,817.270655,817.449112,923.09,922.72,105.88000000000002,105.33000000000003,[28]
37000045,U18 Omdeler,Gns. Oms,foot,TSP,Type 2,166,28,1,4874.600000000002,4847.300000000002,825.2242859999999,825.4027429999999,923.0900000000003,922.7200000000003,97.93000000000006,97.38000000000005,[28]
37000045,U18 Omdeler,U36,foot,TSP,Type 1,166,"28, 117, 118",3,5270.5,4946.999999999998,848.965655,851.5547700000001,954.8499999999996,950.9399999999996,105.88000000000002,99.38000000000001,"[28, 117, 118]"
37000045,U18 Omdeler,U36,foot,TSP,Type 2,166,118,1,4874.600000000002,4779.9,856.9192859999998,858.8218089999999,954.8499999999996,954.8499999999993,97.93000000000006,96.01999999999997,[118]
37000045,U18 Omdeler,U37,foot,TSP,Type 1,166,28,1,5270.5,5243.199999999999,648.8056550000001,648.984112,754.6899999999995,754.3199999999995,105.88000000000002,105.33000000000003,[28]
37000045,U18 Omdeler,U37,foot,TSP,Type 2,166,10,1,4874.600000000002,4598.300000000002,656.759286,657.880153,754.6899999999994,750.2599999999994,97.93000000000006,92.3400000000001,[10]
37000045,U18 Omdeler,U38,foot,TSP,Type 1,166,"28, 117, 118",3,5270.5,4946.999999999998,784.905655,788.8247700000001,890.7900000000011,888.2100000000011,105.88000000000002,99.38000000000001,"[28, 117, 118]"
37000045,U18 Omdeler,U38,foot,TSP,Type 2,166,"117, 118",2,4874.600000000002,4635.699999999999,792.859286,795.448787,890.7900000000011,888.5800000000011,97.93000000000006,93.08999999999999,"[117, 118]"
37000045,U18 Omdeler,U39,foot,TSP,Type 1,166,28,1,5270.5,5243.199999999999,986.405655,986.5841120000001,1092.289999999999,1091.9199999999992,105.88000000000002,105.33000000000003,[28]
37000045,U18 Omdeler,U39,foot,TSP,Type 2,166,28,1,4874.600000000002,4847.300000000002,994.3592859999999,994.537743,1092.2899999999988,1091.9199999999987,97.93000000000006,97.38000000000005,[28]
37000046,O18 Omdeler,Gns. Oms,foot,TSP,Type 1,119,91,1,2841.9,2800.9,529.8575400000001,530.71944,610.5200000000006,610.2200000000006,80.75000000000004,79.59000000000003,[91]
37000046,O18 Omdeler,Gns. Oms,foot,TSP,Type 2,119,"57, 58, 59",3,2192.8999999999996,1985.0000000000002,548.2891400000001,549.3785,610.5200000000007,605.7100000000006,62.280000000000015,56.37000000000002,"[57, 58, 59]"
37000046,O18 Omdeler,U36,foot,TSP,Type 1,119,"57, 58, 59, 91",4,2841.9,2720.2,560.1000399999998,561.7863199999998,640.8099999999996,639.0399999999996,80.75000000000004,77.29000000000002,"[57, 58, 59, 91]"
37000046,O18 Omdeler,U36,foot,TSP,Type 2,119,"57, 58, 59",3,2192.8999999999996,1985.0000000000002,578.5316399999998,582.6659999999998,640.8099999999997,639.0399999999997,62.280000000000015,56.37000000000002,"[57, 58, 59]"
37000046,O18 Omdeler,U37,foot,TSP,Type 1,119,91,1,2841.9,2800.9,422.39004000000006,423.55443999999994,503.1000000000002,503.1000000000002,80.75000000000004,79.59000000000003,[91]
37000046,O18 Omdeler,U37,foot,TSP,Type 2,119,"57, 58, 59",3,2192.8999999999996,1985.0000000000002,440.8216400000001,441.72600000000006,503.10000000000014,498.10000000000014,62.280000000000015,56.37000000000002,"[57, 58, 59]"
37000046,O18 Omdeler,U38,foot,TSP,Type 1,119,"57, 90, 91",3,2841.9,2800.7999999999997,494.58004000000017,495.74728000000016,575.2900000000004,575.2900000000004,80.75000000000004,79.59000000000003,"[57, 90, 91]"
37000046,O18 Omdeler,U38,foot,TSP,Type 2,119,"57, 58, 95",3,2192.8999999999996,2126.2,513.0116400000002,514.9059200000002,575.2900000000005,575.2900000000005,62.280000000000015,60.38000000000001,"[57, 58, 95]"
37000046,O18 Omdeler,U39,foot,TSP,Type 1,119,,0,2841.9,2841.9,642.3600400000001,642.3600400000001,723.0700000000007,723.0700000000007,80.75000000000004,80.75000000000004,[]
37000046,O18 Omdeler,U39,foot,TSP,Type 2,119,,0,2192.8999999999996,2192.8999999999996,660.7916400000001,660.7916400000001,723.070000000001,723.070000000001,62.280000000000015,62.280000000000015,[]
37000046,SE Omdeler,Gns. Oms,foot,TSP,Type 1,119,91,1,2841.9,2800.9,455.39976000000013,457.33586,610.5200000000006,610.2200000000006,155.16,152.92,[91]
37000046,SE Omdeler,Gns. Oms,foot,TSP,Type 2,119,"57, 58, 59",3,2192.8999999999996,1985.0000000000002,490.83516000000014,497.3715000000001,610.5200000000007,605.7100000000006,119.64000000000009,108.29000000000005,"[57, 58, 59]"
37000046,SE Omdeler,U36,foot,TSP,Type 1,119,"57, 58, 59, 91",4,2841.9,2720.2,485.64225999999985,490.5170799999999,640.8099999999996,639.0399999999996,155.16,148.52,"[57, 58, 59, 91]"
37000046,SE Omdeler,U36,foot,TSP,Type 2,119,"57, 58, 59",3,2192.8999999999996,1985.0000000000002,521.0776599999998,530.6589999999998,640.8099999999997,639.0399999999997,119.64000000000009,108.29000000000005,"[57, 58, 59]"
37000046,SE Omdeler,U37,foot,TSP,Type 1,119,91,1,2841.9,2800.9,347.93226000000004,350.17085999999995,503.1000000000002,503.1000000000002,155.16,152.92,[91]
37000046,SE Omdeler,U37,foot,TSP,Type 2,119,"57, 58, 59",3,2192.8999999999996,1985.0000000000002,383.3676600000001,389.71900000000005,503.10000000000014,498.10000000000014,119.64000000000009,108.29000000000005,"[57, 58, 59]"
37000046,SE Omdeler,U38,foot,TSP,Type 1,119,"57, 58, 59, 90, 91",5,2841.9,2720.2,420.1222600000002,422.61708000000027,575.2900000000004,571.1400000000004,155.16,148.53000000000003,"[57, 58, 59, 90, 91]"
37000046,SE Omdeler,U38,foot,TSP,Type 2,119,"57, 58, 59",3,2192.8999999999996,1985.0000000000002,455.5576600000002,462.75900000000024,575.2900000000005,571.1400000000006,119.64000000000009,108.29000000000005,"[57, 58, 59]"
37000046,SE Omdeler,U39,foot,TSP,Type 1,119,91,1,2841.9,2800.9,567.9022600000002,568.9308600000002,723.0700000000007,721.8600000000007,155.16,152.92,[91]
37000046,SE Omdeler,U39,foot,TSP,Type 2,119,"57, 58, 59",3,2192.8999999999996,1985.0000000000002,603.3376600000001,606.3489999999999,723.070000000001,714.7300000000009,119.64000000000009,108.29000000000005,"[57, 58, 59]"
37000046,U18 Omdeler,Gns. Oms,foot,TSP,Type 1,119,91,1,2841.9,2800.9,553.473729,553.994919,610.5200000000006,610.2200000000006,57.07999999999996,56.249999999999964,[91]
37000046,U18 Omdeler,Gns. Oms,foot,TSP,Type 2,119,,0,2192.8999999999996,2192.8999999999996,566.5121390000002,566.5121390000002,610.5200000000007,610.5200000000007,43.980000000000004,43.980000000000004,[]
37000046,U18 Omdeler,U36,foot,TSP,Type 1,119,"58, 90, 91",3,2841.9,2800.7999999999997,583.7162289999999,584.541928,640.8099999999996,640.8099999999996,57.07999999999996,56.25999999999998,"[58, 90, 91]"
37000046,U18 Omdeler,U36,foot,TSP,Type 2,119,"57, 58, 59",3,2192.8999999999996,1985.0000000000002,596.7546389999999,599.1613499999999,640.8099999999997,639.0399999999997,43.980000000000004,39.8,"[57, 58, 59]"
37000046,U18 Omdeler,U37,foot,TSP,Type 1,119,91,1,2841.9,2800.9,446.0062290000001,446.82991899999996,503.1000000000002,503.1000000000002,57.07999999999996,56.249999999999964,[91]
37000046,U18 Omdeler,U37,foot,TSP,Type 2,119,91,1,2192.8999999999996,2180.0,459.0446390000001,459.30379999999997,503.10000000000014,503.10000000000014,43.980000000000004,43.74000000000001,[91]
37000046,U18 Omdeler,U38,foot,TSP,Type 1,119,"57, 90, 91",3,2841.9,2800.7999999999997,518.1962290000001,519.0219280000001,575.2900000000004,575.2900000000004,57.07999999999996,56.25999999999998,"[57, 90, 91]"
37000046,U18 Omdeler,U38,foot,TSP,Type 2,119,"57, 58, 95",3,2192.8999999999996,2126.2,531.2346390000002,532.5746420000003,575.2900000000005,575.2900000000005,43.980000000000004,42.63999999999999,"[57, 58, 95]"
37000046,U18 Omdeler,U39,foot,TSP,Type 1,119,,0,2841.9,2841.9,665.9762290000001,665.9762290000001,723.0700000000007,723.0700000000007,57.07999999999996,57.07999999999996,[]
37000046,U18 Omdeler,U39,foot,TSP,Type 2,119,,0,2192.8999999999996,2192.8999999999996,679.0146390000002,679.0146390000002,723.070000000001,723.070000000001,43.980000000000004,43.980000000000004,[]
37000047,O18 Omdeler,Gns. Oms,foot,TSP,Type 1,97,"0, 3, 4, 5, 6",5,5963.9000000000015,4831.6,247.00273999999996,269.38505999999995,416.37000000000035,406.5900000000003,169.35000000000005,137.19000000000003,"[0, 3, 4, 5, 6]"
37000047,O18 Omdeler,Gns. Oms,foot,TSP,Type 2,97,"3, 4, 7",3,5126.299999999999,4195.2,270.79058,292.78382000000005,416.37000000000035,411.9100000000003,145.59000000000003,119.14000000000004,"[3, 4, 7]"
37000047,O18 Omdeler,U36,foot,TSP,Type 1,97,"0, 1, 2, 3, 4, 5, 6, 7",8,5963.9000000000015,4312.0,229.40523999999994,263.86920000000003,398.7799999999996,386.32999999999964,169.35000000000005,122.44,"[0, 1, 2, 3, 4, 5, 6, 7]"
37000047,O18 Omdeler,U36,foot,TSP,Type 2,97,"0, 1, 2, 3, 4, 5, 6, 7, 93, 94",10,5126.299999999999,3467.3999999999996,253.19307999999998,286.08584,398.7799999999997,384.5599999999997,145.59000000000003,98.47000000000003,"[0, 1, 2, 3, 4, 5, 6, 7, 93, 94]"
37000047,O18 Omdeler,U37,foot,TSP,Type 1,97,"3, 4, 5, 6, 31",5,5963.9000000000015,4798.7,248.68523999999996,271.20692,418.06000000000034,407.49000000000035,169.35000000000005,136.25000000000003,"[3, 4, 5, 6, 31]"
37000047,O18 Omdeler,U37,foot,TSP,Type 2,97,"3, 4, 5, 6",4,5126.299999999999,4229.2,272.47308,289.83072,418.0600000000004,409.9400000000003,145.59000000000003,120.10000000000002,"[3, 4, 5, 6]"
37000047,O18 Omdeler,U38,foot,TSP,Type 1,97,"3, 4, 68, 69, 70, 71, 93, 94, 95, 96",10,5963.9000000000015,4546.500000000001,152.17523999999992,192.4294,321.55,321.55,169.35000000000005,129.10000000000005,"[3, 4, 68, 69, 70, 71, 93, 94, 95, 96]"
37000047,O18 Omdeler,U38,foot,TSP,Type 2,97,"0, 1, 2, 3, 4, 5, 6, 7, 93, 94",10,5126.299999999999,3467.3999999999996,175.96307999999996,214.23584000000005,321.55,312.71,145.59000000000003,98.47000000000003,"[0, 1, 2, 3, 4, 5, 6, 7, 93, 94]"
37000047,O18 Omdeler,U39,foot,TSP,Type 1,97,"0, 3, 4, 5, 6",5,5963.9000000000015,4831.6,357.74523999999997,377.3525599999999,527.1200000000003,514.5700000000003,169.35000000000005,137.19000000000003,"[0, 3, 4, 5, 6]"
37000047,O18 Omdeler,U39,foot,TSP,Type 2,97,"3, 4, 7",3,5126.299999999999,4195.2,381.53308000000004,401.11632000000003,527.1200000000005,520.2600000000003,145.59000000000003,119.14000000000004,"[3, 4, 7]"
37000047,SE Omdeler,Gns. Oms,foot,TSP,Type 1,97,"0, 1, 2, 3, 4, 5, 6, 7",8,5963.9000000000015,4312.0,90.74855999999988,162.1898,416.37000000000035,397.6100000000003,325.57000000000005,235.38999999999996,"[0, 1, 2, 3, 4, 5, 6, 7]"
37000047,SE Omdeler,Gns. Oms,foot,TSP,Type 2,97,"0, 1, 2, 3, 4, 5, 6, 7, 93, 94",10,5126.299999999999,3467.3999999999996,136.48152000000005,204.72246000000013,416.37000000000035,394.0200000000004,279.84999999999997,189.26999999999998,"[0, 1, 2, 3, 4, 5, 6, 7, 93, 94]"
37000047,SE Omdeler,U36,foot,TSP,Type 1,97,"0, 1, 2, 3, 4, 5, 6, 7",8,5963.9000000000015,4312.0,73.15105999999986,150.89480000000003,398.7799999999996,386.32999999999964,325.57000000000005,235.38999999999996,"[0, 1, 2, 3, 4, 5, 6, 7]"
37000047,SE Omdeler,U36,foot,TSP,Type 2,97,"0, 1, 2, 3, 4, 5, 6, 7, 93, 94",10,5126.299999999999,3467.3999999999996,118.88402000000002,195.23996000000005,398.7799999999997,384.5599999999997,279.84999999999997,189.26999999999998,"[0, 1, 2, 3, 4, 5, 6, 7, 93, 94]"
37000047,SE Omdeler,U37,foot,TSP,Type 1,97,"3, 4, 5, 6, 31",5,5963.9000000000015,4798.7,92.43105999999989,145.48098,418.06000000000034,407.49000000000035,325.57000000000005,261.96,"[3, 4, 5, 6, 31]"
37000047,SE Omdeler,U37,foot,TSP,Type 2,97,"3, 4, 7",3,5126.299999999999,4195.2,138.16402000000005,179.83208000000008,418.0600000000004,408.8900000000004,279.84999999999997,229.01,"[3, 4, 7]"
37000047,SE Omdeler,U38,foot,TSP,Type 1,97,31,1,5963.9000000000015,5816.9000000000015,-4.078940000000159,3.9472599999998987,321.55,321.55,325.57000000000005,317.54,[31]
37000047,SE Omdeler,U38,foot,TSP,Type 2,97,"0, 1, 2, 3, 4, 5, 6, 7, 93, 94",10,5126.299999999999,3467.3999999999996,41.65402,123.38996000000007,321.55,312.71,279.84999999999997,189.26999999999998,"[0, 1, 2, 3, 4, 5, 6, 7, 93, 94]"
37000047,SE Omdeler,U39,foot,TSP,Type 1,97,"0, 1, 3, 4, 5, 6, 68, 69, 70, 71",10,5963.9000000000015,4461.5,201.4910599999999,256.63209999999987,527.1200000000003,500.23000000000025,325.57000000000005,243.53999999999996,"[0, 1, 3, 4, 5, 6, 68, 69, 70, 71]"
37000047,SE Omdeler,U39,foot,TSP,Type 2,97,"0, 1, 2, 3, 4, 5, 6, 7, 93, 94",10,5126.299999999999,3467.3999999999996,247.22402000000005,310.1999599999999,527.1200000000005,499.5200000000002,279.84999999999997,189.26999999999998,"[0, 1, 2, 3, 4, 5, 6, 7, 93, 94]"
37000047,U18 Omdeler,Gns. Oms,foot,TSP,Type 1,97,"0, 3, 4, 5, 6",5,5963.9000000000015,4831.6,296.56274899999994,309.5356559999999,416.37000000000035,406.5900000000003,119.82000000000004,97.07000000000002,"[0, 3, 4, 5, 6]"
37000047,U18 Omdeler,Gns. Oms,foot,TSP,Type 2,97,"3, 4, 7",3,5126.299999999999,4195.2,313.390133,327.6459320000001,416.37000000000035,411.9100000000003,102.96000000000004,84.26000000000005,"[3, 4, 7]"
37000047,U18 Omdeler,U36,foot,TSP,Type 1,97,"3, 4, 80, 81, 82, 93, 94, 95",8,5963.9000000000015,4678.000000000001,278.965249,299.48898,398.7799999999996,393.46999999999963,119.82000000000004,93.99000000000001,"[3, 4, 80, 81, 82, 93, 94, 95]"
37000047,U18 Omdeler,U36,foot,TSP,Type 2,97,"3, 4, 7",3,5126.299999999999,4195.2,295.79263299999997,312.728432,398.7799999999997,397.0099999999997,102.96000000000004,84.26000000000005,"[3, 4, 7]"
37000047,U18 Omdeler,U37,foot,TSP,Type 1,97,"3, 4, 5, 6, 31",5,5963.9000000000015,4798.7,298.24524899999994,311.084117,418.06000000000034,407.49000000000035,119.82000000000004,96.40000000000003,"[3, 4, 5, 6, 31]"
37000047,U18 Omdeler,U37,foot,TSP,Type 2,97,"3, 4, 5, 6",4,5126.299999999999,4229.2,315.072633,324.975372,418.0600000000004,409.9400000000003,102.96000000000004,84.93000000000004,"[3, 4, 5, 6]"
37000047,U18 Omdeler,U38,foot,TSP,Type 1,97,"3, 4, 68, 69, 70, 71, 93, 94, 95, 96",10,5963.9000000000015,4546.500000000001,201.73524899999992,230.210815,321.55,321.55,119.82000000000004,91.34,"[3, 4, 68, 69, 70, 71, 93, 94, 95, 96]"
37000047,U18 Omdeler,U38,foot,TSP,Type 2,97,"0, 1, 2, 3, 4, 92, 93, 94, 95, 96",10,5126.299999999999,3857.8000000000006,218.56263299999995,244.04679799999997,321.55,321.55,102.96000000000004,77.5,"[0, 1, 2, 3, 4, 92, 93, 94, 95, 96]"
37000047,U18 Omdeler,U39,foot,TSP,Type 1,97,"0, 3, 4, 5, 6",5,5963.9000000000015,4831.6,407.305249,417.50315599999993,527.1200000000003,514.5700000000003,119.82000000000004,97.07000000000002,"[0, 3, 4, 5, 6]"
37000047,U18 Omdeler,U39,foot,TSP,Type 2,97,"3, 4, 7",3,5126.299999999999,4195.2,424.132633,435.978432,527.1200000000005,520.2600000000003,102.96000000000004,84.26000000000005,"[3, 4, 7]"
37000300,O18 Omdeler,Gns. Oms,foot,TSP,Type 1,116,89,1,4982.799999999999,4302.7,564.76098,576.99332,706.2900000000003,699.2100000000003,141.50999999999993,122.18999999999997,[89]
37000300,O18 Omdeler,Gns. Oms,foot,TSP,Type 2,116,89,1,4006.2000000000003,3326.1000000000004,592.4964200000001,604.7287600000001,706.2900000000002,699.2100000000003,113.74000000000007,94.41999999999999,[89]
37000300,O18 Omdeler,U36,foot,TSP,Type 1,116,89,1,4982.799999999999,4302.7,576.0084800000002,587.7033200000002,717.5200000000006,709.9000000000005,141.50999999999993,122.18999999999997,[89]
37000300,O18 Omdeler,U36,foot,TSP,Type 2,116,89,1,4006.2000000000003,3326.1000000000004,603.7439200000002,615.4387600000002,717.5200000000006,709.9000000000005,113.74000000000007,94.41999999999999,[89]
37000300,O18 Omdeler,U37,foot,TSP,Type 1,116,89,1,4982.799999999999,4302.7,444.2384800000001,457.38332,585.7499999999998,579.5799999999998,141.50999999999993,122.18999999999997,[89]
37000300,O18 Omdeler,U37,foot,TSP,Type 2,116,89,1,4006.2000000000003,3326.1000000000004,471.97392000000013,485.11876000000007,585.7499999999997,579.5799999999997,113.74000000000007,94.41999999999999,[89]
37000300,O18 Omdeler,U38,foot,TSP,Type 1,116,89,1,4982.799999999999,4302.7,546.05848,558.26332,687.5700000000003,680.4600000000003,141.50999999999993,122.18999999999997,[89]
37000300,O18 Omdeler,U38,foot,TSP,Type 2,116,89,1,4006.2000000000003,3326.1000000000004,573.7939200000001,585.9987600000001,687.5700000000002,680.4600000000003,113.74000000000007,94.41999999999999,[89]
37000300,O18 Omdeler,U39,foot,TSP,Type 1,116,89,1,4982.799999999999,4302.7,692.7384799999999,704.6233199999998,834.2499999999997,826.8199999999997,141.50999999999993,122.18999999999997,[89]
37000300,O18 Omdeler,U39,foot,TSP,Type 2,116,89,1,4006.2000000000003,3326.1000000000004,720.4739199999999,732.3587599999998,834.2499999999997,826.8199999999997,113.74000000000007,94.41999999999999,[89]
37000300,SE Omdeler,Gns. Oms,foot,TSP,Type 1,116,89,1,4982.799999999999,4302.7,434.21162000000004,464.26258,706.2900000000003,699.2100000000003,272.09000000000003,234.95000000000002,[89]
37000300,SE Omdeler,Gns. Oms,foot,TSP,Type 2,116,89,1,4006.2000000000003,3326.1000000000004,487.53398000000004,517.5849400000001,706.2900000000002,699.2100000000003,218.76000000000005,181.62000000000006,[89]
37000300,SE Omdeler,U36,foot,TSP,Type 1,116,89,1,4982.799999999999,4302.7,445.4591200000002,474.97258000000016,717.5200000000006,709.9000000000005,272.09000000000003,234.95000000000002,[89]
37000300,SE Omdeler,U36,foot,TSP,Type 2,116,89,1,4006.2000000000003,3326.1000000000004,498.7814800000002,528.2949400000002,717.5200000000006,709.9000000000005,218.76000000000005,181.62000000000006,[89]
37000300,SE Omdeler,U37,foot,TSP,Type 1,116,89,1,4982.799999999999,4302.7,313.6891200000001,344.65258,585.7499999999998,579.5799999999998,272.09000000000003,234.95000000000002,[89]
37000300,SE Omdeler,U37,foot,TSP,Type 2,116,89,1,4006.2000000000003,3326.1000000000004,367.0114800000001,397.97494000000006,585.7499999999997,579.5799999999997,218.76000000000005,181.62000000000006,[89]
37000300,SE Omdeler,U38,foot,TSP,Type 1,116,89,1,4982.799999999999,4302.7,415.50912000000005,445.53258,687.5700000000003,680.4600000000003,272.09000000000003,234.95000000000002,[89]
37000300,SE Omdeler,U38,foot,TSP,Type 2,116,89,1,4006.2000000000003,3326.1000000000004,468.83148000000006,498.85494000000006,687.5700000000002,680.4600000000003,218.76000000000005,181.62000000000006,[89]
37000300,SE Omdeler,U39,foot,TSP,Type 1,116,89,1,4982.799999999999,4302.7,562.1891199999999,591.8925799999998,834.2499999999997,826.8199999999997,272.09000000000003,234.95000000000002,[89]
37000300,SE Omdeler,U39,foot,TSP,Type 2,116,89,1,4006.2000000000003,3326.1000000000004,615.5114799999999,645.2149399999998,834.2499999999997,826.8199999999997,218.76000000000005,181.62000000000006,[89]
37000300,U18 Omdeler,Gns. Oms,foot,TSP,Type 1,116,89,1,4982.799999999999,4302.7,606.168048,612.748757,706.2900000000003,699.2100000000003,100.08,86.42,[89]
37000300,U18 Omdeler,Gns. Oms,foot,TSP,Type 2,116,89,1,4006.2000000000003,3326.1000000000004,625.787942,632.3686510000001,706.2900000000002,699.2100000000003,80.54000000000002,66.89000000000001,[89]
37000300,U18 Omdeler,U36,foot,TSP,Type 1,116,89,1,4982.799999999999,4302.7,617.4155480000002,623.4587570000001,717.5200000000006,709.9000000000005,100.08,86.42,[89]
37000300,U18 Omdeler,U36,foot,TSP,Type 2,116,89,1,4006.2000000000003,3326.1000000000004,637.0354420000002,643.0786510000003,717.5200000000006,709.9000000000005,80.54000000000002,66.89000000000001,[89]
37000300,U18 Omdeler,U37,foot,TSP,Type 1,116,89,1,4982.799999999999,4302.7,485.64554800000013,493.13875700000006,585.7499999999998,579.5799999999998,100.08,86.42,[89]
37000300,U18 Omdeler,U37,foot,TSP,Type 2,116,89,1,4006.2000000000003,3326.1000000000004,505.2654420000001,512.7586510000001,585.7499999999997,579.5799999999997,80.54000000000002,66.89000000000001,[89]
37000300,U18 Omdeler,U38,foot,TSP,Type 1,116,89,1,4982.799999999999,4302.7,587.4655480000001,594.018757,687.5700000000003,680.4600000000003,100.08,86.42,[89]
37000300,U18 Omdeler,U38,foot,TSP,Type 2,116,89,1,4006.2000000000003,3326.1000000000004,607.0854420000001,613.6386510000001,687.5700000000002,680.4600000000003,80.54000000000002,66.89000000000001,[89]
37000300,U18 Omdeler,U39,foot,TSP,Type 1,116,89,1,4982.799999999999,4302.7,734.145548,740.3787569999998,834.2499999999997,826.8199999999997,100.08,86.42,[89]
37000300,U18 Omdeler,U39,foot,TSP,Type 2,116,89,1,4006.2000000000003,3326.1000000000004,753.7654419999999,759.9986509999999,834.2499999999997,826.8199999999997,80.54000000000002,66.89000000000001,[89]
37000301,O18 Omdeler,Gns. Oms,foot,TSP,Type 1,88,"8, 19, 32, 73",4,7609.899999999999,4872.999999999998,309.49134,363.95180000000005,525.6500000000002,502.3800000000002,216.17,138.45999999999998,"[8, 19, 32, 73]"
37000301,O18 Omdeler,Gns. Oms,foot,TSP,Type 2,88,"19, 73",2,7093.8,4942.700000000001,324.1485799999999,371.30232,525.6500000000001,511.7100000000001,201.52,140.43999999999997,"[19, 73]"
37000301,O18 Omdeler,U36,foot,TSP,Type 1,88,"8, 19, 32, 73",4,7609.899999999999,4872.999999999998,322.61884000000003,376.95680000000016,538.7400000000004,515.3500000000004,216.17,138.45999999999998,"[8, 19, 32, 73]"
37000301,O18 Omdeler,U36,foot,TSP,Type 2,88,"19, 73",2,7093.8,4942.700000000001,337.27608,384.13732000000005,538.7400000000002,524.5100000000001,201.52,140.43999999999997,"[19, 73]"
37000301,O18 Omdeler,U37,foot,TSP,Type 1,88,"8, 19, 32, 73",4,7609.899999999999,4872.999999999998,218.94884000000008,276.3768,435.07,414.77000000000004,216.17,138.45999999999998,"[8, 19, 32, 73]"
37000301,O18 Omdeler,U37,foot,TSP,Type 2,88,"19, 73",2,7093.8,4942.700000000001,233.60608000000002,283.56731999999994,435.07,423.94000000000005,201.52,140.43999999999997,"[19, 73]"
37000301,O18 Omdeler,U38,foot,TSP,Type 1,88,"8, 19, 32, 73",4,7609.899999999999,4872.999999999998,293.94884,349.7768000000001,510.07000000000005,488.1700000000001,216.17,138.45999999999998,"[8, 19, 32, 73]"
37000301,O18 Omdeler,U38,foot,TSP,Type 2,88,"19, 73",2,7093.8,4942.700000000001,308.60607999999996,356.44732,510.0700000000001,496.82,201.52,140.43999999999997,"[19, 73]"
37000301,O18 Omdeler,U39,foot,TSP,Type 1,88,"19, 32, 73, 74",4,7609.899999999999,5106.399999999998,402.44883999999996,453.43823999999995,618.5699999999999,598.46,216.17,145.07999999999993,"[19, 32, 73, 74]"
37000301,O18 Omdeler,U39,foot,TSP,Type 2,88,"19, 73",2,7093.8,4942.700000000001,417.1060799999999,461.0573199999998,618.57,601.4300000000001,201.52,140.43999999999997,"[19, 73]"
37000301,SE Omdeler,Gns. Oms,foot,TSP,Type 1,88,"19, 28, 29, 30, 31, 32, 73",7,7609.899999999999,4586.499999999998,110.11196000000001,238.11960000000005,525.6500000000002,488.5900000000002,415.48999999999995,250.41,"[19, 28, 29, 30, 31, 32, 73]"
37000301,SE Omdeler,Gns. Oms,foot,TSP,Type 2,88,"8, 9, 10, 11, 19, 31, 32",7,7093.8,4220.3,138.29101999999995,257.20161999999993,525.6500000000001,487.6700000000001,387.3,230.40999999999997,"[8, 9, 10, 11, 19, 31, 32]"
37000301,SE Omdeler,U36,foot,TSP,Type 1,88,"8, 19, 32, 73",4,7609.899999999999,4872.999999999998,123.23946000000007,249.28420000000023,538.7400000000004,515.3500000000004,415.48999999999995,266.06000000000006,"[8, 19, 32, 73]"
37000301,SE Omdeler,U36,foot,TSP,Type 2,88,"8, 9, 10, 11, 19, 32",6,7093.8,4503.4,151.41852,260.6843600000001,538.7400000000002,506.57000000000005,387.3,245.86999999999995,"[8, 9, 10, 11, 19, 32]"
37000301,SE Omdeler,U37,foot,TSP,Type 1,88,"8, 9, 10, 11, 19, 73",6,7609.899999999999,4583.999999999999,19.569460000000106,155.20360000000005,435.07,405.49,415.48999999999995,250.28000000000003,"[8, 9, 10, 11, 19, 73]"
37000301,SE Omdeler,U37,foot,TSP,Type 2,88,"8, 9, 10, 11, 19, 31, 32",7,7093.8,4220.3,47.74852000000004,171.84161999999998,435.07,402.27000000000004,387.3,230.40999999999997,"[8, 9, 10, 11, 19, 31, 32]"
37000301,SE Omdeler,U38,foot,TSP,Type 1,88,"19, 28, 29, 30, 31, 32, 73",7,7609.899999999999,4586.499999999998,94.56946000000005,224.1171000000001,510.07000000000005,474.5400000000001,415.48999999999995,250.41,"[19, 28, 29, 30, 31, 32, 73]"
37000301,SE Omdeler,U38,foot,TSP,Type 2,88,"8, 9, 10, 11, 19, 31, 32",7,7093.8,4220.3,122.74851999999998,243.10162000000003,510.0700000000001,473.53000000000003,387.3,230.40999999999997,"[8, 9, 10, 11, 19, 31, 32]"
37000301,SE Omdeler,U39,foot,TSP,Type 1,88,"8, 19, 32, 73",4,7609.899999999999,4872.999999999998,203.06946,325.0242,618.5699999999999,591.0900000000001,415.48999999999995,266.06000000000006,"[8, 19, 32, 73]"
37000301,SE Omdeler,U39,foot,TSP,Type 2,88,"8, 9, 10, 11, 19, 32",6,7093.8,4503.4,231.24851999999993,337.07436000000007,618.57,582.96,387.3,245.86999999999995,"[8, 9, 10, 11, 19, 32]"
37000301,U18 Omdeler,Gns. Oms,foot,TSP,Type 1,88,"19, 32, 73, 74",4,7609.899999999999,5106.399999999998,372.729609,405.08992400000005,525.6500000000002,507.7200000000002,152.8599999999999,102.55999999999997,"[19, 32, 73, 74]"
37000301,U18 Omdeler,Gns. Oms,foot,TSP,Type 2,88,"19, 73",2,7093.8,4942.700000000001,383.0980579999999,412.37615700000003,525.6500000000001,511.7100000000001,142.47999999999993,99.26999999999997,"[19, 73]"
37000301,U18 Omdeler,U36,foot,TSP,Type 1,88,"19, 32, 73, 74",4,7609.899999999999,5106.399999999998,385.85710900000004,418.91242400000016,538.7400000000004,521.5000000000003,152.8599999999999,102.55999999999997,"[19, 32, 73, 74]"
37000301,U18 Omdeler,U36,foot,TSP,Type 2,88,"19, 73",2,7093.8,4942.700000000001,396.225558,425.21115700000007,538.7400000000002,524.5100000000001,142.47999999999993,99.26999999999997,"[19, 73]"
37000301,U18 Omdeler,U37,foot,TSP,Type 1,88,"19, 32, 73, 74",4,7609.899999999999,5106.399999999998,282.1871090000001,317.76242400000007,435.07,420.35,152.8599999999999,102.55999999999997,"[19, 32, 73, 74]"
37000301,U18 Omdeler,U37,foot,TSP,Type 2,88,"19, 73",2,7093.8,4942.700000000001,292.555558,324.64115699999996,435.07,423.94000000000005,142.47999999999993,99.26999999999997,"[19, 73]"
37000301,U18 Omdeler,U38,foot,TSP,Type 1,88,"19, 32, 73",3,7609.899999999999,5206.999999999998,357.187109,390.5713700000001,510.07000000000005,495.18,152.8599999999999,104.57999999999998,"[19, 32, 73]"
37000301,U18 Omdeler,U38,foot,TSP,Type 2,88,"19, 73",2,7093.8,4942.700000000001,367.555558,397.5211570000001,510.0700000000001,496.82,142.47999999999993,99.26999999999997,"[19, 73]"
37000301,U18 Omdeler,U39,foot,TSP,Type 1,88,"19, 32, 73, 74",4,7609.899999999999,5106.399999999998,465.68710899999996,495.87242399999997,618.5699999999999,598.46,152.8599999999999,102.55999999999997,"[19, 32, 73, 74]"
37000301,U18 Omdeler,U39,foot,TSP,Type 2,88,"19, 73",2,7093.8,4942.700000000001,476.0555579999999,502.1311569999998,618.57,601.4300000000001,142.47999999999993,99.26999999999997,"[19, 73]"
37000302,O18 Omdeler,Gns. Oms,foot,TSP,Type 1,163,90,1,5710.799999999995,5282.499999999997,770.7957799999999,777.2394999999998,932.9200000000009,927.2000000000008,162.18999999999997,150.01999999999998,[90]
37000302,O18 Omdeler,Gns. Oms,foot,TSP,Type 2,163,137,1,4569.200000000002,4433.300000000001,803.2172199999998,806.5642799999998,932.9200000000009,932.4100000000011,129.73,125.88000000000005,[137]
37000302,O18 Omdeler,U36,foot,TSP,Type 1,163,90,1,5710.799999999995,5282.499999999997,794.5632800000001,800.7269999999999,956.7499999999994,950.7499999999994,162.18999999999997,150.01999999999998,[90]
37000302,O18 Omdeler,U36,foot,TSP,Type 2,163,137,1,4569.200000000002,4433.300000000001,826.9847199999999,830.8442799999998,956.7499999999994,956.7499999999993,129.73,125.88000000000005,[137]
37000302,O18 Omdeler,U37,foot,TSP,Type 1,163,90,1,5710.799999999995,5282.499999999997,603.37328,611.107,765.5599999999993,761.1299999999992,162.18999999999997,150.01999999999998,[90]
37000302,O18 Omdeler,U37,foot,TSP,Type 2,163,137,1,4569.200000000002,4433.300000000001,635.7947199999999,639.6542799999999,765.5599999999994,765.5599999999993,129.73,125.88000000000005,[137]
37000302,O18 Omdeler,U38,foot,TSP,Type 1,163,90,1,5710.799999999995,5282.499999999997,723.6532800000002,730.3370000000001,885.8400000000008,880.3600000000008,162.18999999999997,150.01999999999998,[90]
37000302,O18 Omdeler,U38,foot,TSP,Type 2,163,137,1,4569.200000000002,4433.300000000001,756.0747200000001,759.9342800000001,885.8400000000008,885.8400000000009,129.73,125.88000000000005,[137]
37000302,O18 Omdeler,U39,foot,TSP,Type 1,163,90,1,5710.799999999995,5282.499999999997,961.59328,966.7869999999999,1123.7800000000007,1116.8100000000006,162.18999999999997,150.01999999999998,[90]
37000302,O18 Omdeler,U39,foot,TSP,Type 2,163,137,1,4569.200000000002,4433.300000000001,994.0147199999999,995.8242799999999,1123.7800000000007,1121.730000000001,129.73,125.88000000000005,[137]
37000302,SE Omdeler,Gns. Oms,foot,TSP,Type 1,163,"82, 83, 84, 85, 89, 90, 91, 92",8,5710.799999999995,4602.9,621.1728200000001,643.0016599999999,932.9200000000009,894.260000000001,311.7699999999999,251.26999999999995,"[82, 83, 84, 85, 89, 90, 91, 92]"
37000302,SE Omdeler,Gns. Oms,foot,TSP,Type 2,163,137,1,4569.200000000002,4433.300000000001,683.5041799999997,690.4118199999998,932.9200000000009,932.4100000000011,249.48999999999992,242.05000000000004,[137]
37000302,SE Omdeler,U36,foot,TSP,Type 1,163,"89, 90, 91, 92, 137",5,5710.799999999995,4920.599999999998,644.9403200000003,668.49524,956.7499999999994,937.1599999999994,311.7699999999999,268.6199999999999,"[89, 90, 91, 92, 137]"
37000302,SE Omdeler,U36,foot,TSP,Type 2,163,137,1,4569.200000000002,4433.300000000001,707.2716799999998,714.6918199999998,956.7499999999994,956.7499999999993,249.48999999999992,242.05000000000004,[137]
37000302,SE Omdeler,U37,foot,TSP,Type 1,163,"82, 83, 84, 85, 89, 90, 91, 92",8,5710.799999999995,4602.9,453.7503200000002,483.44166,765.5599999999993,734.7599999999994,311.7699999999999,251.26999999999995,"[82, 83, 84, 85, 89, 90, 91, 92]"
37000302,SE Omdeler,U37,foot,TSP,Type 2,163,137,1,4569.200000000002,4433.300000000001,516.0816799999998,523.5018199999998,765.5599999999994,765.5599999999993,249.48999999999992,242.05000000000004,[137]
37000302,SE Omdeler,U38,foot,TSP,Type 1,163,"82, 83, 84, 85, 89, 90, 91, 92",8,5710.799999999995,4602.9,574.0303200000004,595.63166,885.8400000000008,846.9500000000007,311.7699999999999,251.26999999999995,"[82, 83, 84, 85, 89, 90, 91, 92]"
37000302,SE Omdeler,U38,foot,TSP,Type 2,163,137,1,4569.200000000002,4433.300000000001,636.36168,643.78182,885.8400000000008,885.8400000000009,249.48999999999992,242.05000000000004,[137]
37000302,SE Omdeler,U39,foot,TSP,Type 1,163,"89, 90, 91, 92",4,5710.799999999995,4926.499999999997,811.9703200000002,828.6931,1123.7800000000007,1097.6800000000007,311.7699999999999,268.9399999999999,"[89, 90, 91, 92]"
37000302,SE Omdeler,U39,foot,TSP,Type 2,163,137,1,4569.200000000002,4433.300000000001,874.3016799999998,879.6718199999999,1123.7800000000007,1121.730000000001,249.48999999999992,242.05000000000004,[137]
37000302,U18 Omdeler,Gns. Oms,foot,TSP,Type 1,163,90,1,5710.799999999995,5282.499999999997,818.252528,821.1370749999999,932.9200000000009,927.2000000000008,114.74000000000002,106.14000000000001,[90]
37000302,U18 Omdeler,Gns. Oms,foot,TSP,Type 2,163,137,1,4569.200000000002,4433.300000000001,841.1872719999998,843.4050029999999,932.9200000000009,932.4100000000011,91.75999999999998,89.03999999999999,[137]
37000302,U18 Omdeler,U36,foot,TSP,Type 1,163,90,1,5710.799999999995,5282.499999999997,842.0200280000001,844.6245749999999,956.7499999999994,950.7499999999994,114.74000000000002,106.14000000000001,[90]
37000302,U18 Omdeler,U36,foot,TSP,Type 2,163,137,1,4569.200000000002,4433.300000000001,864.9547719999999,867.6850029999998,956.7499999999994,956.7499999999993,91.75999999999998,89.03999999999999,[137]
37000302,U18 Omdeler,U37,foot,TSP,Type 1,163,90,1,5710.799999999995,5282.499999999997,650.8300280000001,655.004575,765.5599999999993,761.1299999999992,114.74000000000002,106.14000000000001,[90]
37000302,U18 Omdeler,U37,foot,TSP,Type 2,163,137,1,4569.200000000002,4433.300000000001,673.7647719999999,676.4950029999999,765.5599999999994,765.5599999999993,91.75999999999998,89.03999999999999,[137]
37000302,U18 Omdeler,U38,foot,TSP,Type 1,163,90,1,5710.799999999995,5282.499999999997,771.1100280000003,774.2345750000002,885.8400000000008,880.3600000000008,114.74000000000002,106.14000000000001,[90]
37000302,U18 Omdeler,U38,foot,TSP,Type 2,163,137,1,4569.200000000002,4433.300000000001,794.0447720000001,796.7750030000001,885.8400000000008,885.8400000000009,91.75999999999998,89.03999999999999,[137]
37000302,U18 Omdeler,U39,foot,TSP,Type 1,163,90,1,5710.799999999995,5282.499999999997,1009.0500280000001,1010.684575,1123.7800000000007,1116.8100000000006,114.74000000000002,106.14000000000001,[90]
37000302,U18 Omdeler,U39,foot,TSP,Type 2,163,137,1,4569.200000000002,4433.300000000001,1031.984772,1032.665003,1123.7800000000007,1121.730000000001,91.75999999999998,89.03999999999999,[137]
37000303,O18 Omdeler,Gns. Oms,foot,TSP,Type 1,133,"5, 6, 7, 127",4,6102.499999999998,5217.299999999998,524.8690000000001,540.6786800000001,698.1300000000009,688.8000000000009,173.33000000000013,148.20000000000013,"[5, 6, 7, 127]"
37000303,O18 Omdeler,Gns. Oms,foot,TSP,Type 2,133,"7, 127",2,5441.700000000001,4689.200000000002,543.63572,556.7567199999999,698.130000000001,689.8800000000011,154.58,133.21,"[7, 127]"
37000303,O18 Omdeler,U36,foot,TSP,Type 1,133,"5, 6, 7, 127",4,6102.499999999998,5217.299999999998,543.6690000000001,562.8086800000001,716.9799999999998,710.9799999999998,173.33000000000013,148.20000000000013,"[5, 6, 7, 127]"
37000303,O18 Omdeler,U36,foot,TSP,Type 2,133,"6, 7",2,5441.700000000001,4899.500000000001,562.43572,577.8341999999998,716.9799999999998,716.9799999999998,154.58,139.18000000000004,"[6, 7]"
37000303,O18 Omdeler,U37,foot,TSP,Type 1,133,"5, 6, 7, 127",4,6102.499999999998,5217.299999999998,390.2890000000001,404.59868000000006,563.5999999999997,552.7699999999998,173.33000000000013,148.20000000000013,"[5, 6, 7, 127]"
37000303,O18 Omdeler,U37,foot,TSP,Type 2,133,"7, 127",2,5441.700000000001,4689.200000000002,409.05571999999995,421.2967199999998,563.5999999999999,554.4699999999998,154.58,133.21,"[7, 127]"
37000303,O18 Omdeler,U38,foot,TSP,Type 1,133,"5, 6, 7, 127",4,6102.499999999998,5217.299999999998,500.9190000000002,520.5786800000001,674.2300000000007,668.7500000000007,173.33000000000013,148.20000000000013,"[5, 6, 7, 127]"
37000303,O18 Omdeler,U38,foot,TSP,Type 2,133,"7, 127",2,5441.700000000001,4689.200000000002,519.6857200000001,535.5767199999999,674.2300000000006,668.7500000000006,154.58,133.21,"[7, 127]"
37000303,O18 Omdeler,U39,foot,TSP,Type 1,133,"5, 6, 7, 127",4,6102.499999999998,5217.299999999998,664.5990000000002,674.7286800000002,837.9100000000011,822.900000000001,173.33000000000013,148.20000000000013,"[5, 6, 7, 127]"
37000303,O18 Omdeler,U39,foot,TSP,Type 2,133,"6, 7",2,5441.700000000001,4899.500000000001,683.36572,692.4942,837.9100000000011,831.6400000000011,154.58,139.18000000000004,"[6, 7]"
37000303,SE Omdeler,Gns. Oms,foot,TSP,Type 1,133,"0, 1, 5, 6, 7, 127",6,6102.499999999998,4950.199999999999,364.98350000000016,408.2315800000001,698.1300000000009,678.4600000000008,333.2399999999998,270.30999999999995,"[0, 1, 5, 6, 7, 127]"
37000303,SE Omdeler,Gns. Oms,foot,TSP,Type 2,133,"7, 127",2,5441.700000000001,4689.200000000002,401.06318,433.8996799999998,698.130000000001,689.8800000000011,297.1500000000001,256.06000000000006,"[7, 127]"
37000303,SE Omdeler,U36,foot,TSP,Type 1,133,"0, 1, 5, 6, 7, 127",6,6102.499999999998,4950.199999999999,383.7835000000001,431.38908000000004,716.9799999999998,701.6699999999997,333.2399999999998,270.30999999999995,"[0, 1, 5, 6, 7, 127]"
37000303,SE Omdeler,U36,foot,TSP,Type 2,133,"7, 127",2,5441.700000000001,4689.200000000002,419.86317999999994,454.9496799999999,716.9799999999998,710.9799999999998,297.1500000000001,256.06000000000006,"[7, 127]"
37000303,SE Omdeler,U37,foot,TSP,Type 1,133,"0, 1, 5, 6, 7, 127",6,6102.499999999998,4950.199999999999,230.40350000000012,269.72907999999995,563.5999999999997,540.01,333.2399999999998,270.30999999999995,"[0, 1, 5, 6, 7, 127]"
37000303,SE Omdeler,U37,foot,TSP,Type 2,133,"7, 127",2,5441.700000000001,4689.200000000002,266.48317999999995,298.4396799999998,563.5999999999999,554.4699999999998,297.1500000000001,256.06000000000006,"[7, 127]"
37000303,SE Omdeler,U38,foot,TSP,Type 1,133,"0, 1, 5, 6, 7, 127",6,6102.499999999998,4950.199999999999,341.03350000000023,389.7090800000003,674.2300000000007,659.9900000000007,333.2399999999998,270.30999999999995,"[0, 1, 5, 6, 7, 127]"
37000303,SE Omdeler,U38,foot,TSP,Type 2,133,"7, 127",2,5441.700000000001,4689.200000000002,377.11318000000006,412.71967999999987,674.2300000000006,668.7500000000006,297.1500000000001,256.06000000000006,"[7, 127]"
37000303,SE Omdeler,U39,foot,TSP,Type 1,133,"0, 1, 5, 6, 7, 127",6,6102.499999999998,4950.199999999999,504.7135000000002,542.0990800000001,837.9100000000011,812.380000000001,333.2399999999998,270.30999999999995,"[0, 1, 5, 6, 7, 127]"
37000303,SE Omdeler,U39,foot,TSP,Type 2,133,"7, 127",2,5441.700000000001,4689.200000000002,540.79318,569.4896799999999,837.9100000000011,825.5200000000011,297.1500000000001,256.06000000000006,"[7, 127]"
37000303,U18 Omdeler,Gns. Oms,foot,TSP,Type 1,133,"5, 6, 7",3,6102.499999999998,5470.299999999998,575.5807750000001,584.6716730000002,698.1300000000009,694.5200000000009,122.51999999999998,109.82999999999998,"[5, 6, 7]"
37000303,U18 Omdeler,Gns. Oms,foot,TSP,Type 2,133,"6, 7",2,5441.700000000001,4899.500000000001,588.856247,596.7940449999999,698.130000000001,695.1800000000011,109.27000000000005,98.38000000000005,"[6, 7]"
37000303,U18 Omdeler,U36,foot,TSP,Type 1,133,"5, 6, 7, 56",4,6102.499999999998,5466.299999999998,594.3807750000001,607.1620330000001,716.9799999999998,716.9799999999998,122.51999999999998,109.74999999999999,"[5, 6, 7, 56]"
37000303,U18 Omdeler,U36,foot,TSP,Type 2,133,"6, 7",2,5441.700000000001,4899.500000000001,607.656247,618.5490449999999,716.9799999999998,716.9799999999998,109.27000000000005,98.38000000000005,"[6, 7]"
37000303,U18 Omdeler,U37,foot,TSP,Type 1,133,"5, 7, 127",3,6102.499999999998,5251.499999999999,441.0007750000001,448.11736500000006,563.5999999999997,553.6199999999998,122.51999999999998,105.43999999999997,"[5, 7, 127]"
37000303,U18 Omdeler,U37,foot,TSP,Type 2,133,"7, 127",2,5441.700000000001,4689.200000000002,454.276247,460.2639719999999,563.5999999999999,554.4699999999998,109.27000000000005,94.16000000000004,"[7, 127]"
37000303,U18 Omdeler,U38,foot,TSP,Type 1,133,"5, 6, 7, 56",4,6102.499999999998,5466.299999999998,551.6307750000002,564.4120330000001,674.2300000000007,674.2300000000007,122.51999999999998,109.74999999999999,"[5, 6, 7, 56]"
37000303,U18 Omdeler,U38,foot,TSP,Type 2,133,"6, 7",2,5441.700000000001,4899.500000000001,564.9062470000001,575.799045,674.2300000000006,674.2300000000006,109.27000000000005,98.38000000000005,"[6, 7]"
37000303,U18 Omdeler,U39,foot,TSP,Type 1,133,7,1,6102.499999999998,5594.499999999998,715.3107750000001,720.0964950000001,837.9100000000011,832.490000000001,122.51999999999998,112.31999999999998,[7]
37000303,U18 Omdeler,U39,foot,TSP,Type 2,133,7,1,5441.700000000001,4933.700000000001,728.5862470000001,733.371967,837.9100000000011,832.4900000000011,109.27000000000005,99.07000000000005,[7]
37000304,O18 Omdeler,Gns. Oms,foot,TSP,Type 1,95,"1, 2, 3, 6",4,8669.099999999999,6613.7,299.6225600000001,331.35342,545.7000000000002,519.0700000000002,246.2300000000001,187.85000000000014,"[1, 2, 3, 6]"
37000304,O18 Omdeler,Gns. Oms,foot,TSP,Type 2,95,"3, 6",2,8497.499999999998,7401.2,304.4960000000001,322.49842,545.7000000000002,532.5700000000002,241.35000000000014,210.19999999999993,"[3, 6]"
37000304,O18 Omdeler,U36,foot,TSP,Type 1,95,"1, 2, 3, 6",4,8669.099999999999,6613.7,299.4575599999999,330.99091999999996,545.6599999999999,518.8199999999998,246.2300000000001,187.85000000000014,"[1, 2, 3, 6]"
37000304,O18 Omdeler,U36,foot,TSP,Type 2,95,"3, 6",2,8497.499999999998,7401.2,304.3309999999999,322.28592000000003,545.6599999999997,532.4799999999997,241.35000000000014,210.19999999999993,"[3, 6]"
37000304,O18 Omdeler,U37,foot,TSP,Type 1,95,"1, 2, 3, 4, 6",5,8669.099999999999,6380.0,222.01756,261.24800000000005,468.21999999999997,442.43999999999994,246.2300000000001,181.22000000000014,"[1, 2, 3, 4, 6]"
37000304,O18 Omdeler,U37,foot,TSP,Type 2,95,"3, 6",2,8497.499999999998,7401.2,226.89100000000002,249.13592,468.22,459.32999999999987,241.35000000000014,210.19999999999993,"[3, 6]"
37000304,O18 Omdeler,U38,foot,TSP,Type 1,95,"1, 2, 3, 6",4,8669.099999999999,6613.7,277.7175600000001,308.52092,523.9200000000003,496.3500000000003,246.2300000000001,187.85000000000014,"[1, 2, 3, 6]"
37000304,O18 Omdeler,U38,foot,TSP,Type 2,95,"1, 2, 3",3,8497.499999999998,7163.700000000001,282.5910000000001,299.29092,523.9200000000003,502.7399999999998,241.35000000000014,203.46999999999997,"[1, 2, 3]"
37000304,O18 Omdeler,U39,foot,TSP,Type 1,95,"1, 2, 3, 6",4,8669.099999999999,6613.7,399.29756000000003,425.87091999999996,645.5000000000002,613.7000000000003,246.2300000000001,187.85000000000014,"[1, 2, 3, 6]"
37000304,O18 Omdeler,U39,foot,TSP,Type 2,95,6,1,8497.499999999998,7776.2,404.17100000000005,420.95591999999994,645.5000000000002,641.8000000000001,241.35000000000014,220.85999999999996,[6]
37000304,SE Omdeler,Gns. Oms,foot,TSP,Type 1,95,"0, 1, 2, 3, 4, 5, 6, 21, 22",9,8669.099999999999,5849.099999999999,72.49214000000012,176.92414000000005,545.7000000000002,496.17000000000024,473.30999999999995,319.3499999999999,"[0, 1, 2, 3, 4, 5, 6, 21, 22]"
37000304,SE Omdeler,Gns. Oms,foot,TSP,Type 2,95,"0, 1, 2, 3, 4, 5, 6",7,8497.499999999998,5864.999999999998,81.86150000000015,177.9085000000001,545.7000000000002,498.03000000000026,463.93000000000006,320.2099999999999,"[0, 1, 2, 3, 4, 5, 6]"
37000304,SE Omdeler,U36,foot,TSP,Type 1,95,"0, 1, 2, 3, 4, 5, 6, 21, 22",9,8669.099999999999,5849.099999999999,72.32713999999993,179.67914,545.6599999999999,499.0399999999998,473.30999999999995,319.3499999999999,"[0, 1, 2, 3, 4, 5, 6, 21, 22]"
37000304,SE Omdeler,U36,foot,TSP,Type 2,95,"0, 1, 2, 3, 4, 5, 6",7,8497.499999999998,5864.999999999998,81.69649999999996,178.81100000000006,545.6599999999997,499.03999999999985,463.93000000000006,320.2099999999999,"[0, 1, 2, 3, 4, 5, 6]"
37000304,SE Omdeler,U37,foot,TSP,Type 1,95,6,1,8669.099999999999,7947.6,-5.112859999999955,31.66104,468.21999999999997,465.59999999999997,473.30999999999995,433.91999999999996,[6]
37000304,SE Omdeler,U37,foot,TSP,Type 2,95,"0, 1, 2, 3, 4, 5, 6",7,8497.499999999998,5864.999999999998,4.256500000000074,104.24100000000013,468.22,424.4699999999999,463.93000000000006,320.2099999999999,"[0, 1, 2, 3, 4, 5, 6]"
37000304,SE Omdeler,U38,foot,TSP,Type 1,95,"0, 1, 2, 3, 4, 5, 6, 21, 22",9,8669.099999999999,5849.099999999999,50.58714000000015,158.78914000000006,523.9200000000003,478.15000000000026,473.30999999999995,319.3499999999999,"[0, 1, 2, 3, 4, 5, 6, 21, 22]"
37000304,SE Omdeler,U38,foot,TSP,Type 2,95,"0, 1, 2, 3, 4, 5, 6",7,8497.499999999998,5864.999999999998,59.956500000000176,157.92100000000013,523.9200000000003,478.1500000000003,463.93000000000006,320.2099999999999,"[0, 1, 2, 3, 4, 5, 6]"
37000304,SE Omdeler,U39,foot,TSP,Type 1,95,"0, 1, 2, 3, 4, 5, 6, 21, 22",9,8669.099999999999,5849.099999999999,172.16714000000007,268.66913999999997,645.5000000000002,588.0300000000004,473.30999999999995,319.3499999999999,"[0, 1, 2, 3, 4, 5, 6, 21, 22]"
37000304,SE Omdeler,U39,foot,TSP,Type 2,95,"0, 1, 2, 3, 4, 5, 6",7,8497.499999999998,5864.999999999998,181.5365000000001,270.66100000000006,645.5000000000002,590.8900000000004,463.93000000000006,320.2099999999999,"[0, 1, 2, 3, 4, 5, 6]"
37000304,U18 Omdeler,Gns. Oms,foot,TSP,Type 1,95,"1, 2, 3, 6",4,8669.099999999999,6613.7,371.6627810000001,386.31326700000005,545.7000000000002,519.0700000000002,174.14,132.84,"[1, 2, 3, 6]"
37000304,U18 Omdeler,Gns. Oms,foot,TSP,Type 2,95,6,1,8497.499999999998,7776.2,375.11022500000007,385.60114200000004,545.7000000000002,541.7000000000002,170.67,156.22000000000003,[6]
37000304,U18 Omdeler,U36,foot,TSP,Type 1,95,"6, 21, 22",3,8669.099999999999,7760.400000000001,371.4977809999999,386.4635639999999,545.6599999999999,542.3699999999999,174.14,155.89000000000001,"[6, 21, 22]"
37000304,U18 Omdeler,U36,foot,TSP,Type 2,95,6,1,8497.499999999998,7776.2,374.9452249999999,386.1461419999999,545.6599999999997,542.3699999999997,170.67,156.22000000000003,[6]
37000304,U18 Omdeler,U37,foot,TSP,Type 1,95,"1, 2, 3, 6",4,8669.099999999999,6613.7,294.057781,314.99076700000006,468.21999999999997,447.85999999999996,174.14,132.84,"[1, 2, 3, 6]"
37000304,U18 Omdeler,U37,foot,TSP,Type 2,95,"3, 6",2,8497.499999999998,7401.2,297.505225,310.639892,468.22,459.32999999999987,170.67,148.68,"[3, 6]"
37000304,U18 Omdeler,U38,foot,TSP,Type 1,95,"1, 2, 3, 6",4,8669.099999999999,6613.7,349.75778100000014,363.480767,523.9200000000003,496.3500000000003,174.14,132.84,"[1, 2, 3, 6]"
37000304,U18 Omdeler,U38,foot,TSP,Type 2,95,6,1,8497.499999999998,7776.2,353.2052250000001,361.3061420000001,523.9200000000003,517.5299999999997,170.67,156.22000000000003,[6]
37000304,U18 Omdeler,U39,foot,TSP,Type 1,95,"6, 21, 22",3,8669.099999999999,7760.400000000001,471.33778100000006,483.03356399999984,645.5000000000002,638.9400000000002,174.14,155.89000000000001,"[6, 21, 22]"
37000304,U18 Omdeler,U39,foot,TSP,Type 2,95,6,1,8497.499999999998,7776.2,474.785225,485.57614199999995,645.5000000000002,641.8000000000001,170.67,156.22000000000003,[6]
37000305,O18 Omdeler,Gns. Oms,foot,TSP,Type 1,99,40,1,6088.599999999999,5842.0,430.5162599999999,434.8572,603.4600000000004,600.8000000000003,172.85000000000005,165.85000000000005,[40]
37000305,O18 Omdeler,Gns. Oms,foot,TSP,Type 2,99,86,1,5121.500000000002,5110.200000000002,457.9818999999998,458.0728199999999,603.46,603.23,145.43,145.1,[86]
37000305,O18 Omdeler,U36,foot,TSP,Type 1,99,"40, 53, 75",3,6088.599999999999,5332.599999999999,442.3337600000001,447.4341600000001,615.2500000000003,598.8800000000002,172.85000000000005,151.38000000000005,"[40, 53, 75]"
37000305,O18 Omdeler,U36,foot,TSP,Type 2,99,"85, 86",2,5121.500000000002,5110.200000000002,469.79940000000005,470.12032000000005,615.2500000000003,615.2500000000003,145.43,145.10999999999999,"[85, 86]"
37000305,O18 Omdeler,U37,foot,TSP,Type 1,99,"40, 85, 86",3,6088.599999999999,5830.7,333.14376000000004,338.2381200000001,506.0599999999999,503.82999999999987,172.85000000000005,165.53000000000006,"[40, 85, 86]"
37000305,O18 Omdeler,U37,foot,TSP,Type 2,99,86,1,5121.500000000002,5110.200000000002,360.60939999999994,360.93032,506.0599999999999,506.0599999999999,145.43,145.1,[86]
37000305,O18 Omdeler,U38,foot,TSP,Type 1,99,"40, 53, 75",3,6088.599999999999,5332.599999999999,406.84376,413.58415999999994,579.7600000000001,565.0300000000001,172.85000000000005,151.38000000000005,"[40, 53, 75]"
37000305,O18 Omdeler,U38,foot,TSP,Type 2,99,75,1,5121.500000000002,4877.900000000001,434.3093999999999,434.98763999999994,579.7600000000001,573.5200000000002,145.43,138.51000000000002,[75]
37000305,O18 Omdeler,U39,foot,TSP,Type 1,99,40,1,6088.599999999999,5842.0,539.7437599999998,543.4871999999998,712.6599999999996,709.3999999999996,172.85000000000005,165.85000000000005,[40]
37000305,O18 Omdeler,U39,foot,TSP,Type 2,99,,0,5121.500000000002,5121.500000000002,567.2093999999997,567.2093999999997,712.66,712.66,145.43,145.43,[]
37000305,SE Omdeler,Gns. Oms,foot,TSP,Type 1,99,"37, 38, 39, 53, 75",5,6088.599999999999,4929.900000000001,270.99493999999993,301.19746,603.4600000000004,570.4000000000003,332.45,269.19,"[37, 38, 39, 53, 75]"
37000305,SE Omdeler,Gns. Oms,foot,TSP,Type 2,99,"37, 38, 39, 53",4,5121.500000000002,4539.200000000002,323.7985999999998,331.15218,603.46,579.0199999999999,279.6499999999999,247.8499999999999,"[37, 38, 39, 53]"
37000305,SE Omdeler,U36,foot,TSP,Type 1,99,"37, 38, 39, 53, 75",5,6088.599999999999,4929.900000000001,282.81244000000015,315.2274600000002,615.2500000000003,584.4000000000003,332.45,269.19,"[37, 38, 39, 53, 75]"
37000305,SE Omdeler,U36,foot,TSP,Type 2,99,"37, 38, 39, 53",4,5121.500000000002,4539.200000000002,335.6161,343.28968000000003,615.2500000000003,591.1300000000002,279.6499999999999,247.8499999999999,"[37, 38, 39, 53]"
37000305,SE Omdeler,U37,foot,TSP,Type 1,99,"37, 38, 39, 53, 75",5,6088.599999999999,4929.900000000001,173.62244000000004,203.85746,506.0599999999999,473.0299999999999,332.45,269.19,"[37, 38, 39, 53, 75]"
37000305,SE Omdeler,U37,foot,TSP,Type 2,99,"37, 38, 39, 53",4,5121.500000000002,4539.200000000002,226.4260999999999,234.21967999999998,506.0599999999999,482.05999999999983,279.6499999999999,247.8499999999999,"[37, 38, 39, 53]"
37000305,SE Omdeler,U38,foot,TSP,Type 1,99,"37, 38, 39, 53, 75, 76",6,6088.599999999999,4811.5,247.32244000000003,282.5921000000001,579.7600000000001,545.3000000000001,332.45,262.73,"[37, 38, 39, 53, 75, 76]"
37000305,SE Omdeler,U38,foot,TSP,Type 2,99,"37, 38, 39, 53",4,5121.500000000002,4539.200000000002,300.1260999999999,309.93968,579.7600000000001,557.7800000000001,279.6499999999999,247.8499999999999,"[37, 38, 39, 53]"
37000305,SE Omdeler,U39,foot,TSP,Type 1,99,"37, 38, 39, 53, 75",5,6088.599999999999,4929.900000000001,380.2224399999999,403.33745999999974,712.6599999999996,672.5099999999996,332.45,269.19,"[37, 38, 39, 53, 75]"
37000305,SE Omdeler,U39,foot,TSP,Type 2,99,"37, 38, 39, 53",4,5121.500000000002,4539.200000000002,433.02609999999976,437.1596799999997,712.66,685.0000000000001,279.6499999999999,247.8499999999999,"[37, 38, 39, 53]"
37000305,U18 Omdeler,Gns. Oms,foot,TSP,Type 1,99,40,1,6088.599999999999,5842.0,481.1125259999999,483.40421999999995,603.4600000000004,600.8000000000003,122.35,117.38999999999999,[40]
37000305,U18 Omdeler,Gns. Oms,foot,TSP,Type 2,99,,0,5121.500000000002,5121.500000000002,500.5415649999999,500.5415649999999,603.46,603.46,102.92000000000002,102.92000000000002,[]
37000305,U18 Omdeler,U36,foot,TSP,Type 1,99,"40, 85, 86",3,6088.599999999999,5830.7,492.9300260000001,495.20123700000005,615.2500000000003,612.3400000000003,122.35,117.16999999999997,"[40, 85, 86]"
37000305,U18 Omdeler,U36,foot,TSP,Type 2,99,"85, 86",2,5121.500000000002,5110.200000000002,512.3590650000001,512.5860820000001,615.2500000000003,615.2500000000003,102.92000000000002,102.69999999999999,"[85, 86]"
37000305,U18 Omdeler,U37,foot,TSP,Type 1,99,"40, 85, 86",3,6088.599999999999,5830.7,383.740026,386.69123700000006,506.0599999999999,503.82999999999987,122.35,117.16999999999997,"[40, 85, 86]"
37000305,U18 Omdeler,U37,foot,TSP,Type 2,99,86,1,5121.500000000002,5110.200000000002,403.16906499999993,403.396082,506.0599999999999,506.0599999999999,102.92000000000002,102.69,[86]
37000305,U18 Omdeler,U38,foot,TSP,Type 1,99,"40, 85, 86",3,6088.599999999999,5830.7,457.440026,460.371237,579.7600000000001,577.5100000000001,122.35,117.16999999999997,"[40, 85, 86]"
37000305,U18 Omdeler,U38,foot,TSP,Type 2,99,"85, 86",2,5121.500000000002,5110.200000000002,476.869065,477.09608199999997,579.7600000000001,579.7600000000001,102.92000000000002,102.69999999999999,"[85, 86]"
37000305,U18 Omdeler,U39,foot,TSP,Type 1,99,40,1,6088.599999999999,5842.0,590.3400259999999,592.0342199999999,712.6599999999996,709.3999999999996,122.35,117.38999999999999,[40]
37000305,U18 Omdeler,U39,foot,TSP,Type 2,99,,0,5121.500000000002,5121.500000000002,609.7690649999998,609.7690649999998,712.66,712.66,102.92000000000002,102.92000000000002,[]
37000500,O18 Omdeler,Gns. Oms,car,HPP,Type 1,115,"10, 25, 88, 89",4,5842.199999999999,4939.899999999998,535.1286320000002,561.0753440000001,765.59,755.96,230.37000000000003,194.78000000000003,"[10, 25, 88, 89]"
37000500,O18 Omdeler,Gns. Oms,car,HPP,Type 2,115,"25, 54",2,5848.900000000001,4781.9000000000015,534.864384,569.0568639999999,765.59,757.7000000000003,230.64,188.5600000000001,"[25, 54]"
37000500,O18 Omdeler,U36,car,HPP,Type 1,115,"10, 25, 88, 89",4,5842.199999999999,4939.899999999998,560.223632,585.6303439999998,790.6399999999987,780.4599999999988,230.37000000000003,194.78000000000003,"[10, 25, 88, 89]"
37000500,O18 Omdeler,U36,car,HPP,Type 2,115,"25, 54",2,5848.900000000001,4781.9000000000015,559.959384,593.501864,790.6399999999988,782.0999999999989,230.64,188.5600000000001,"[25, 54]"
37000500,O18 Omdeler,U37,car,HPP,Type 1,115,"25, 54, 88, 89",4,5842.199999999999,5007.399999999998,439.3936320000001,465.3681440000002,669.8100000000002,662.8600000000002,230.37000000000003,197.45000000000002,"[25, 54, 88, 89]"
37000500,O18 Omdeler,U37,car,HPP,Type 2,115,"25, 54",2,5848.900000000001,4781.9000000000015,439.129384,475.1718639999999,669.8100000000002,663.7700000000004,230.64,188.5600000000001,"[25, 54]"
37000500,O18 Omdeler,U38,car,HPP,Type 1,115,"10, 25, 88, 89",4,5842.199999999999,4939.899999999998,499.6936319999999,527.180344,730.1099999999986,722.0099999999986,230.37000000000003,194.78000000000003,"[10, 25, 88, 89]"
37000500,O18 Omdeler,U38,car,HPP,Type 2,115,"25, 54",2,5848.900000000001,4781.9000000000015,499.42938399999986,534.3218639999999,730.1099999999992,722.9199999999989,230.64,188.5600000000001,"[25, 54]"
37000500,O18 Omdeler,U39,car,HPP,Type 1,115,"10, 25, 88, 89",4,5842.199999999999,4939.899999999998,641.2036320000002,666.510344,871.6199999999994,861.3399999999995,230.37000000000003,194.78000000000003,"[10, 25, 88, 89]"
37000500,O18 Omdeler,U39,car,HPP,Type 2,115,"25, 54",2,5848.900000000001,4781.9000000000015,640.939384,673.2318639999999,871.6200000000001,861.8299999999996,230.64,188.5600000000001,"[25, 54]"
37000500,SE Omdeler,Gns. Oms,car,HPP,Type 1,115,"10, 25, 88, 89",4,5842.199999999999,4939.899999999998,322.5309740000002,381.3123830000002,765.59,755.96,442.98999999999995,374.5700000000001,"[10, 25, 88, 89]"
37000500,SE Omdeler,Gns. Oms,car,HPP,Type 2,115,"25, 54",2,5848.900000000001,4781.9000000000015,322.0229130000001,395.043523,765.59,757.7000000000003,443.5399999999998,362.60999999999996,"[25, 54]"
37000500,SE Omdeler,U36,car,HPP,Type 1,115,"10, 25, 88, 89",4,5842.199999999999,4939.899999999998,347.6259740000001,405.867383,790.6399999999987,780.4599999999988,442.98999999999995,374.5700000000001,"[10, 25, 88, 89]"
37000500,SE Omdeler,U36,car,HPP,Type 2,115,"25, 54",2,5848.900000000001,4781.9000000000015,347.117913,419.48852299999993,790.6399999999988,782.0999999999989,443.5399999999998,362.60999999999996,"[25, 54]"
37000500,SE Omdeler,U37,car,HPP,Type 1,115,"10, 25, 88, 89",4,5842.199999999999,4939.899999999998,226.79597400000017,285.2173830000004,669.8100000000002,659.8100000000003,442.98999999999995,374.5700000000001,"[10, 25, 88, 89]"
37000500,SE Omdeler,U37,car,HPP,Type 2,115,"25, 54",2,5848.900000000001,4781.9000000000015,226.28791300000006,301.1585229999999,669.8100000000002,663.7700000000004,443.5399999999998,362.60999999999996,"[25, 54]"
37000500,SE Omdeler,U38,car,HPP,Type 1,115,"10, 25, 88, 89",4,5842.199999999999,4939.899999999998,287.095974,347.4173830000001,730.1099999999986,722.0099999999986,442.98999999999995,374.5700000000001,"[10, 25, 88, 89]"
37000500,SE Omdeler,U38,car,HPP,Type 2,115,"25, 54",2,5848.900000000001,4781.9000000000015,286.5879129999999,360.30852299999987,730.1099999999992,722.9199999999989,443.5399999999998,362.60999999999996,"[25, 54]"
37000500,SE Omdeler,U39,car,HPP,Type 1,115,"10, 25, 88, 89",4,5842.199999999999,4939.899999999998,428.60597400000023,486.7473830000001,871.6199999999994,861.3399999999995,442.98999999999995,374.5700000000001,"[10, 25, 88, 89]"
37000500,SE Omdeler,U39,car,HPP,Type 2,115,"25, 54",2,5848.900000000001,4781.9000000000015,428.0979130000001,499.21852299999995,871.6200000000001,861.8299999999996,443.5399999999998,362.60999999999996,"[25, 54]"
37000501,O18 Omdeler,Gns. Oms,car,HPP,Type 1,99,"28, 29, 30, 46, 83",5,5761.599999999998,4429.8,541.659996,562.336188,769.0499999999998,737.1999999999998,227.21000000000004,174.7,"[28, 29, 30, 46, 83]"
37000501,O18 Omdeler,Gns. Oms,car,HPP,Type 2,99,"29, 98",2,5217.699999999999,4655.100000000001,563.111412,576.550356,769.0499999999996,760.2999999999997,205.72000000000003,183.57,"[29, 98]"
37000501,O18 Omdeler,U36,car,HPP,Type 1,99,"28, 29, 30, 46, 83",5,5761.599999999998,4429.8,564.5024960000002,586.6686880000001,791.7400000000014,761.3800000000012,227.21000000000004,174.7,"[28, 29, 30, 46, 83]"
37000501,O18 Omdeler,U36,car,HPP,Type 2,99,"29, 98",2,5217.699999999999,4655.100000000001,585.9539120000002,598.772856,791.7400000000011,782.3700000000011,205.72000000000003,183.57,"[29, 98]"
37000501,O18 Omdeler,U37,car,HPP,Type 1,99,"28, 29, 30, 46, 83",5,5761.599999999998,4429.8,418.9424960000001,444.93868800000007,646.1800000000009,619.6500000000008,227.21000000000004,174.7,"[28, 29, 30, 46, 83]"
37000501,O18 Omdeler,U37,car,HPP,Type 2,99,"29, 98",2,5217.699999999999,4655.100000000001,440.3939120000001,455.692856,646.1800000000007,639.2900000000003,205.72000000000003,183.57,"[29, 98]"
37000501,O18 Omdeler,U38,car,HPP,Type 1,99,"28, 29, 30, 46, 83",5,5761.599999999998,4429.8,512.572496,535.0886879999999,739.8099999999997,709.7999999999997,227.21000000000004,174.7,"[28, 29, 30, 46, 83]"
37000501,O18 Omdeler,U38,car,HPP,Type 2,99,"29, 98",2,5217.699999999999,4655.100000000001,534.023912,548.1628559999999,739.8099999999996,731.7599999999998,205.72000000000003,183.57,"[29, 98]"
37000501,O18 Omdeler,U39,car,HPP,Type 1,99,"28, 46, 83, 98",4,5761.599999999998,4551.099999999998,670.622496,684.9846160000001,897.8600000000001,864.48,227.21000000000004,179.47000000000003,"[28, 46, 83, 98]"
37000501,O18 Omdeler,U39,car,HPP,Type 2,99,"29, 98",2,5217.699999999999,4655.100000000001,692.073912,703.5728559999999,897.8600000000001,887.1700000000002,205.72000000000003,183.57,"[29, 98]"
37000501,SE Omdeler,Gns. Oms,car,HPP,Type 1,99,"28, 29, 30, 83, 98",5,5761.599999999998,4384.0999999999985,331.99537200000015,401.196197,769.0499999999998,733.7899999999998,436.8999999999999,332.44,"[28, 29, 30, 83, 98]"
37000501,SE Omdeler,Gns. Oms,car,HPP,Type 2,99,"18, 19, 28, 83",4,5217.699999999999,4188.2,373.23930900000005,418.28879399999994,769.0499999999996,736.0199999999996,395.71000000000004,317.61999999999995,"[18, 19, 28, 83]"
37000501,SE Omdeler,U36,car,HPP,Type 1,99,"28, 29, 30, 46, 83",5,5761.599999999998,4429.8,354.83787200000035,425.46826600000014,791.7400000000014,761.3800000000012,436.8999999999999,335.90999999999997,"[28, 29, 30, 46, 83]"
37000501,SE Omdeler,U36,car,HPP,Type 2,99,"18, 19, 28, 83",4,5217.699999999999,4188.2,396.08180900000025,439.1087940000001,791.7400000000011,756.7000000000011,395.71000000000004,317.61999999999995,"[18, 19, 28, 83]"
37000501,SE Omdeler,U37,car,HPP,Type 1,99,"28, 29, 30, 83, 98",5,5761.599999999998,4384.0999999999985,209.2778720000003,284.83369700000037,646.1800000000009,617.2800000000008,436.8999999999999,332.44,"[28, 29, 30, 83, 98]"
37000501,SE Omdeler,U37,car,HPP,Type 2,99,"18, 19, 28, 83",4,5217.699999999999,4188.2,250.5218090000002,300.0087940000002,646.1800000000007,617.6000000000007,395.71000000000004,317.61999999999995,"[18, 19, 28, 83]"
37000501,SE Omdeler,U38,car,HPP,Type 1,99,"28, 29, 30, 46, 83",5,5761.599999999998,4429.8,302.90787200000017,373.888266,739.8099999999997,709.7999999999997,436.8999999999999,335.90999999999997,"[28, 29, 30, 46, 83]"
37000501,SE Omdeler,U38,car,HPP,Type 2,99,"18, 19, 28, 83",4,5217.699999999999,4188.2,344.15180900000007,390.02879400000006,739.8099999999996,707.6199999999997,395.71000000000004,317.61999999999995,"[18, 19, 28, 83]"
37000501,SE Omdeler,U39,car,HPP,Type 1,99,"28, 29, 30, 46, 83",5,5761.599999999998,4429.8,460.9578720000001,521.448266,897.8600000000001,857.3599999999999,436.8999999999999,335.90999999999997,"[28, 29, 30, 46, 83]"
37000501,SE Omdeler,U39,car,HPP,Type 2,99,"18, 19, 28, 83",4,5217.699999999999,4188.2,502.201809,544.0087940000001,897.8600000000001,861.6000000000001,395.71000000000004,317.61999999999995,"[18, 19, 28, 83]"
37000502,O18 Omdeler,Gns. Oms,car,HPP,Type 1,103,80,1,3717.8000000000006,3426.5000000000005,635.182468,638.1588399999999,781.9199999999996,773.4099999999996,146.64000000000001,135.15000000000003,[80]
37000502,O18 Omdeler,Gns. Oms,car,HPP,Type 2,103,0,1,3338.000000000001,2895.5000000000005,650.1617799999999,660.2089799999999,781.9199999999997,774.5099999999996,131.68000000000006,114.22,[0]
37000502,O18 Omdeler,U36,car,HPP,Type 1,103,"32, 79, 80",3,3717.8000000000006,3166.8,638.7099680000002,642.2414080000002,785.3400000000012,767.1400000000011,146.64000000000001,124.89999999999998,"[32, 79, 80]"
37000502,O18 Omdeler,U36,car,HPP,Type 2,103,0,1,3338.000000000001,2895.5000000000005,653.6892800000003,663.4114800000002,785.3400000000012,777.6100000000012,131.68000000000006,114.22,[0]
37000502,O18 Omdeler,U37,car,HPP,Type 1,103,80,1,3717.8000000000006,3426.5000000000005,527.6999680000002,531.4788400000002,674.3300000000006,666.6200000000006,146.64000000000001,135.15000000000003,[80]
37000502,O18 Omdeler,U37,car,HPP,Type 2,103,0,1,3338.000000000001,2895.5000000000005,542.6792800000003,554.1514800000002,674.3300000000006,668.3500000000004,131.68000000000006,114.22,[0]
37000502,O18 Omdeler,U38,car,HPP,Type 1,103,80,1,3717.8000000000006,3426.5000000000005,622.2399679999999,625.7088399999999,768.8699999999997,760.8499999999997,146.64000000000001,135.15000000000003,[80]
37000502,O18 Omdeler,U38,car,HPP,Type 2,103,0,1,3338.000000000001,2895.5000000000005,637.2192799999998,647.5314799999999,768.8699999999995,761.7299999999997,131.68000000000006,114.22,[0]
37000502,O18 Omdeler,U39,car,HPP,Type 1,103,32,1,3717.8000000000006,3605.0000000000005,752.0799679999999,754.5888,898.71,896.77,146.64000000000001,142.19000000000003,[32]
37000502,O18 Omdeler,U39,car,HPP,Type 2,103,0,1,3338.000000000001,2895.5000000000005,767.05928,775.74148,898.7099999999999,889.94,131.68000000000006,114.22,[0]
37000502,SE Omdeler,Gns. Oms,car,HPP,Type 1,103,"38, 39, 79, 80",4,3717.8000000000006,2972.6000000000004,499.89172599999995,521.597742,781.9199999999996,747.1199999999995,281.96000000000004,225.44000000000003,"[38, 39, 79, 80]"
37000502,SE Omdeler,Gns. Oms,car,HPP,Type 2,103,0,1,3338.000000000001,2895.5000000000005,528.6919599999999,554.8417349999999,781.9199999999997,774.5099999999996,253.13,219.59000000000003,[0]
37000502,SE Omdeler,U36,car,HPP,Type 1,103,"32, 79, 80",3,3717.8000000000006,3166.8,503.4192260000002,527.0015560000002,785.3400000000012,767.1400000000011,281.96000000000004,240.17000000000004,"[32, 79, 80]"
37000502,SE Omdeler,U36,car,HPP,Type 2,103,0,1,3338.000000000001,2895.5000000000005,532.2194600000003,558.0442350000002,785.3400000000012,777.6100000000012,253.13,219.59000000000003,[0]
37000502,SE Omdeler,U37,car,HPP,Type 1,103,"38, 39, 77, 78, 79, 80",6,3717.8000000000006,2764.000000000001,392.4092260000002,418.12588000000005,674.3300000000006,627.7200000000005,281.96000000000004,209.63000000000005,"[38, 39, 77, 78, 79, 80]"
37000502,SE Omdeler,U37,car,HPP,Type 2,103,0,1,3338.000000000001,2895.5000000000005,421.2094600000002,448.7842350000001,674.3300000000006,668.3500000000004,253.13,219.59000000000003,[0]
37000502,SE Omdeler,U38,car,HPP,Type 1,103,"38, 39, 79, 80",4,3717.8000000000006,2972.6000000000004,486.94922599999984,510.05774199999985,768.8699999999997,735.4699999999997,281.96000000000004,225.44000000000003,"[38, 39, 79, 80]"
37000502,SE Omdeler,U38,car,HPP,Type 2,103,0,1,3338.000000000001,2895.5000000000005,515.7494599999998,542.1642349999998,768.8699999999995,761.7299999999997,253.13,219.59000000000003,[0]
37000502,SE Omdeler,U39,car,HPP,Type 1,103,"32, 79, 80",3,3717.8000000000006,3166.8,616.7892259999999,636.2515559999998,898.71,876.39,281.96000000000004,240.17000000000004,"[32, 79, 80]"
37000502,SE Omdeler,U39,car,HPP,Type 2,103,0,1,3338.000000000001,2895.5000000000005,645.5894599999999,670.374235,898.7099999999999,889.94,253.13,219.59000000000003,[0]
37000503,O18 Omdeler,Gns. Oms,car,HPP,Type 1,113,"15, 27, 51, 77",4,5256.0,4447.9000000000015,528.0933599999998,544.759824,735.3999999999999,720.1799999999998,207.30999999999992,175.43999999999997,"[15, 27, 51, 77]"
37000503,O18 Omdeler,Gns. Oms,car,HPP,Type 2,113,"51, 77",2,4566.0,4015.4000000000005,555.3069599999999,574.9076239999999,735.4000000000002,733.2800000000001,180.08999999999997,158.37999999999994,"[51, 77]"
37000503,O18 Omdeler,U36,car,HPP,Type 1,113,"15, 27, 51, 77",4,5256.0,4447.9000000000015,546.1533599999999,562.4548239999997,753.449999999999,737.8799999999991,207.30999999999992,175.43999999999997,"[15, 27, 51, 77]"
37000503,O18 Omdeler,U36,car,HPP,Type 2,113,"51, 77",2,4566.0,4015.4000000000005,573.36696,593.3126239999998,753.4499999999991,751.6799999999988,180.08999999999997,158.37999999999994,"[51, 77]"
37000503,O18 Omdeler,U37,car,HPP,Type 1,113,"15, 27, 51, 77",4,5256.0,4447.9000000000015,438.01336000000003,457.17482399999994,645.31,632.6,207.30999999999992,175.43999999999997,"[15, 27, 51, 77]"
37000503,O18 Omdeler,U37,car,HPP,Type 2,113,"29, 51",2,4566.0,3897.0000000000005,465.2269600000001,485.6123200000003,645.31,639.3100000000001,180.08999999999997,153.68999999999997,"[29, 51]"
37000503,O18 Omdeler,U38,car,HPP,Type 1,113,"15, 27, 51, 77",4,5256.0,4447.9000000000015,497.97335999999984,517.2848239999997,705.2699999999995,692.7099999999996,207.30999999999992,175.43999999999997,"[15, 27, 51, 77]"
37000503,O18 Omdeler,U38,car,HPP,Type 2,113,"51, 77",2,4566.0,4015.4000000000005,525.1869599999999,546.9026239999997,705.2699999999998,705.2699999999996,180.08999999999997,158.37999999999994,"[51, 77]"
37000503,O18 Omdeler,U39,car,HPP,Type 1,113,"15, 27, 51, 77",4,5256.0,4447.9000000000015,630.23336,642.1248239999998,837.5299999999996,817.5499999999996,207.30999999999992,175.43999999999997,"[15, 27, 51, 77]"
37000503,O18 Omdeler,U39,car,HPP,Type 2,113,"51, 77",2,4566.0,4015.4000000000005,657.44696,674.9226239999998,837.5299999999997,833.2899999999996,180.08999999999997,158.37999999999994,"[51, 77]"
37000503,SE Omdeler,Gns. Oms,car,HPP,Type 1,113,"15, 27, 29, 77",4,5256.0,4320.200000000002,336.8275199999999,385.38423399999976,735.3999999999999,712.9799999999999,398.62000000000006,327.66999999999996,"[15, 27, 29, 77]"
37000503,SE Omdeler,Gns. Oms,car,HPP,Type 2,113,"29, 51",2,4566.0,3897.0000000000005,389.1502199999999,432.22048999999987,735.4000000000002,727.74,346.29999999999995,295.53999999999996,"[29, 51]"
37000503,SE Omdeler,U36,car,HPP,Type 1,113,"15, 27, 29, 77",4,5256.0,4320.200000000002,354.88751999999994,402.50923399999965,753.449999999999,730.1099999999991,398.62000000000006,327.66999999999996,"[15, 27, 29, 77]"
37000503,SE Omdeler,U36,car,HPP,Type 2,113,"29, 51",2,4566.0,3897.0000000000005,407.21021999999994,450.1704899999998,753.4499999999991,745.6799999999988,346.29999999999995,295.53999999999996,"[29, 51]"
37000503,SE Omdeler,U37,car,HPP,Type 1,113,"15, 27, 29, 77",4,5256.0,4320.200000000002,246.74752000000007,298.999234,645.31,626.6000000000001,398.62000000000006,327.66999999999996,"[15, 27, 29, 77]"
37000503,SE Omdeler,U37,car,HPP,Type 2,113,"29, 51",2,4566.0,3897.0000000000005,299.07022000000006,343.80049000000025,645.31,639.3100000000001,346.29999999999995,295.53999999999996,"[29, 51]"
37000503,SE Omdeler,U38,car,HPP,Type 1,113,"15, 27, 29, 77",4,5256.0,4320.200000000002,306.7075199999999,357.9492339999997,705.2699999999995,685.5499999999996,398.62000000000006,327.66999999999996,"[15, 27, 29, 77]"
37000503,SE Omdeler,U38,car,HPP,Type 2,113,"29, 51",2,4566.0,3897.0000000000005,359.0302199999999,402.60048999999975,705.2699999999998,698.1099999999997,346.29999999999995,295.53999999999996,"[29, 51]"
37000503,SE Omdeler,U39,car,HPP,Type 1,113,"15, 27, 29, 77",4,5256.0,4320.200000000002,438.96752,482.0792339999998,837.5299999999996,809.6799999999996,398.62000000000006,327.66999999999996,"[15, 27, 29, 77]"
37000503,SE Omdeler,U39,car,HPP,Type 2,113,"29, 51",2,4566.0,3897.0000000000005,491.29022,532.3104899999998,837.5299999999997,827.8199999999997,346.29999999999995,295.53999999999996,"[29, 51]"
37000504,O18 Omdeler,Gns. Oms,car,HPP,Type 1,104,"56, 58, 97",3,4879.2,4347.499999999999,513.9668520000001,525.2245999999999,706.4599999999997,696.7499999999995,192.47000000000006,171.49000000000007,"[56, 58, 97]"
37000504,O18 Omdeler,Gns. Oms,car,HPP,Type 2,104,"56, 58",2,4478.100000000001,4069.6,529.7862360000001,543.7574759999999,706.4600000000003,704.3200000000003,176.62,160.51,"[56, 58]"
37000504,O18 Omdeler,U36,car,HPP,Type 1,104,"56, 58, 97",3,4879.2,4347.499999999999,519.844352,531.9445999999999,712.2799999999992,703.4099999999992,192.47000000000006,171.49000000000007,"[56, 58, 97]"
37000504,O18 Omdeler,U36,car,HPP,Type 2,104,"56, 58",2,4478.100000000001,4069.6,535.663736,550.7949759999999,712.2799999999992,711.2999999999992,176.62,160.51,"[56, 58]"
37000504,O18 Omdeler,U37,car,HPP,Type 1,104,"29, 58, 97",3,4879.2,4201.0,413.7043520000001,427.29256,606.1400000000001,592.9800000000001,192.47000000000006,165.71000000000004,"[29, 58, 97]"
37000504,O18 Omdeler,U37,car,HPP,Type 2,104,"56, 58",2,4478.100000000001,4069.6,429.52373600000004,443.84497600000003,606.1400000000004,604.3500000000005,176.62,160.51,"[56, 58]"
37000504,O18 Omdeler,U38,car,HPP,Type 1,104,"56, 58, 97",3,4879.2,4347.499999999999,468.97435200000007,481.72459999999984,661.4099999999996,653.1899999999997,192.47000000000006,171.49000000000007,"[56, 58, 97]"
37000504,O18 Omdeler,U38,car,HPP,Type 2,104,"56, 58",2,4478.100000000001,4069.6,484.793736,499.94497599999994,661.41,660.4499999999999,176.62,160.51,"[56, 58]"
37000504,O18 Omdeler,U39,car,HPP,Type 1,104,"29, 58, 97",3,4879.2,4201.0,653.344352,661.37256,845.7799999999997,827.0599999999997,192.47000000000006,165.71000000000004,"[29, 58, 97]"
37000504,O18 Omdeler,U39,car,HPP,Type 2,104,"56, 58",2,4478.100000000001,4069.6,669.163736,680.4449759999999,845.78,840.9499999999999,176.62,160.51,"[56, 58]"
37000504,SE Omdeler,Gns. Oms,car,HPP,Type 1,104,"29, 30, 31, 97, 98, 99",6,4879.2,3872.4999999999995,336.4127640000002,373.7408250000001,706.4599999999997,667.4499999999997,369.9899999999999,293.62999999999994,"[29, 30, 31, 97, 98, 99]"
37000504,SE Omdeler,Gns. Oms,car,HPP,Type 2,104,"29, 30, 31",3,4478.100000000001,3801.7000000000003,366.8281770000001,395.997089,706.4600000000003,684.3400000000003,339.55999999999995,288.2700000000001,"[29, 30, 31]"
37000504,SE Omdeler,U36,car,HPP,Type 1,104,"29, 56, 97, 98, 99",5,4879.2,4049.2,342.29026400000004,380.029164,712.2799999999992,687.0799999999992,369.9899999999999,307.0299999999999,"[29, 56, 97, 98, 99]"
37000504,SE Omdeler,U36,car,HPP,Type 2,104,"56, 58",2,4478.100000000001,4069.6,372.7056769999999,402.70223199999987,712.2799999999992,711.2999999999992,339.55999999999995,308.59000000000003,"[56, 58]"
37000504,SE Omdeler,U37,car,HPP,Type 1,104,"29, 30, 31, 97, 98, 99",6,4879.2,3872.4999999999995,236.15026400000016,280.6883250000001,606.1400000000001,574.3400000000001,369.9899999999999,293.62999999999994,"[29, 30, 31, 97, 98, 99]"
37000504,SE Omdeler,U37,car,HPP,Type 2,104,"29, 30, 31",3,4478.100000000001,3801.7000000000003,266.56567700000005,300.72708900000015,606.1400000000004,589.0100000000003,339.55999999999995,288.2700000000001,"[29, 30, 31]"
37000504,SE Omdeler,U38,car,HPP,Type 1,104,"29, 56, 98, 99, 100, 101, 102, 103",8,4879.2,3837.7000000000003,291.42026400000015,331.31720899999993,661.4099999999996,622.3299999999998,369.9899999999999,290.9899999999999,"[29, 56, 98, 99, 100, 101, 102, 103]"
37000504,SE Omdeler,U38,car,HPP,Type 2,104,"56, 58",2,4478.100000000001,4069.6,321.83567700000003,351.85223199999996,661.41,660.4499999999999,339.55999999999995,308.59000000000003,"[56, 58]"
37000504,SE Omdeler,U39,car,HPP,Type 1,104,"29, 58, 97",3,4879.2,4201.0,475.79026400000004,508.49817000000013,845.7799999999997,827.0599999999997,369.9899999999999,318.54999999999984,"[29, 58, 97]"
37000504,SE Omdeler,U39,car,HPP,Type 2,104,"56, 58",2,4478.100000000001,4069.6,506.2056769999999,532.3522319999998,845.78,840.9499999999999,339.55999999999995,308.59000000000003,"[56, 58]"
37000505,O18 Omdeler,Gns. Oms,car,HPP,Type 1,127,"67, 90, 97",3,5407.499999999998,4614.499999999998,659.1007000000001,675.5891200000001,872.51,857.72,213.23999999999992,181.95999999999995,"[67, 90, 97]"
37000505,O18 Omdeler,Gns. Oms,car,HPP,Type 2,127,"67, 90",2,5318.9,4430.3,662.595084,684.358968,872.5099999999999,859.2300000000005,209.76999999999995,174.73,"[67, 90]"
37000505,O18 Omdeler,U36,car,HPP,Type 1,127,"67, 90, 97",3,5407.499999999998,4614.499999999998,685.7682,699.5841200000001,899.0399999999985,881.5799999999986,213.23999999999992,181.95999999999995,"[67, 90, 97]"
37000505,O18 Omdeler,U36,car,HPP,Type 2,127,"67, 90",2,5318.9,4430.3,689.262584,709.638968,899.0399999999986,884.3699999999986,209.76999999999995,174.73,"[67, 90]"
37000505,O18 Omdeler,U37,car,HPP,Type 1,127,"67, 90, 97, 98",4,5407.499999999998,4614.499999999998,524.8382000000001,543.9241200000001,738.1100000000002,725.9200000000003,213.23999999999992,181.95999999999995,"[67, 90, 97, 98]"
37000505,O18 Omdeler,U37,car,HPP,Type 2,127,"67, 90",2,5318.9,4430.3,528.3325840000001,552.2489680000001,738.1100000000004,726.9800000000006,209.76999999999995,174.73,"[67, 90]"
37000505,O18 Omdeler,U38,car,HPP,Type 1,127,"67, 90, 97",3,5407.499999999998,4614.499999999998,616.6482,633.4241200000001,829.919999999999,815.419999999999,213.23999999999992,181.95999999999995,"[67, 90, 97]"
37000505,O18 Omdeler,U38,car,HPP,Type 2,127,"67, 90",2,5318.9,4430.3,620.1425839999999,641.7489679999999,829.9199999999987,816.4799999999988,209.76999999999995,174.73,"[67, 90]"
37000505,O18 Omdeler,U39,car,HPP,Type 1,127,"67, 90, 97",3,5407.499999999998,4614.499999999998,809.1482000000002,825.4241200000002,1022.4199999999998,1007.4199999999998,213.23999999999992,181.95999999999995,"[67, 90, 97]"
37000505,O18 Omdeler,U39,car,HPP,Type 2,127,"67, 90",2,5318.9,4430.3,812.6425840000002,833.7989680000002,1022.4199999999998,1008.5299999999996,209.76999999999995,174.73,"[67, 90]"
37000505,SE Omdeler,Gns. Oms,car,HPP,Type 1,127,"67, 90, 97",3,5407.499999999998,4614.499999999998,462.32177500000023,507.6674650000002,872.51,857.72,410.0599999999999,349.9299999999999,"[67, 90, 97]"
37000505,SE Omdeler,Gns. Oms,car,HPP,Type 2,127,"67, 90",2,5318.9,4430.3,469.04031300000014,523.140351,872.5099999999999,859.2300000000005,403.34,335.9699999999998,"[67, 90]"
37000505,SE Omdeler,U36,car,HPP,Type 1,127,"67, 90, 97, 98",4,5407.499999999998,4614.499999999998,488.98927500000013,531.6624650000002,899.0399999999985,881.5799999999986,410.0599999999999,349.92999999999995,"[67, 90, 97, 98]"
37000505,SE Omdeler,U36,car,HPP,Type 2,127,"67, 90",2,5318.9,4430.3,495.70781300000004,548.420351,899.0399999999986,884.3699999999986,403.34,335.9699999999998,"[67, 90]"
37000505,SE Omdeler,U37,car,HPP,Type 1,127,"67, 68, 69, 90, 97",5,5407.499999999998,4435.099999999998,328.0592750000003,376.5563670000002,738.1100000000002,712.8700000000003,410.0599999999999,336.3299999999999,"[67, 68, 69, 90, 97]"
37000505,SE Omdeler,U37,car,HPP,Type 2,127,"67, 90",2,5318.9,4430.3,334.7778130000002,391.03035100000017,738.1100000000004,726.9800000000006,403.34,335.9699999999998,"[67, 90]"
37000505,SE Omdeler,U38,car,HPP,Type 1,127,"67, 90, 97",3,5407.499999999998,4614.499999999998,419.86927500000013,465.50246500000026,829.919999999999,815.419999999999,410.0599999999999,349.9299999999999,"[67, 90, 97]"
37000505,SE Omdeler,U38,car,HPP,Type 2,127,"67, 90",2,5318.9,4430.3,426.58781300000004,480.53035099999994,829.9199999999987,816.4799999999988,403.34,335.9699999999998,"[67, 90]"
37000505,SE Omdeler,U39,car,HPP,Type 1,127,"67, 90, 97",3,5407.499999999998,4614.499999999998,612.3692750000004,657.5024650000004,1022.4199999999998,1007.4199999999998,410.0599999999999,349.9299999999999,"[67, 90, 97]"
37000505,SE Omdeler,U39,car,HPP,Type 2,127,"67, 90",2,5318.9,4430.3,619.0878130000003,672.5803510000003,1022.4199999999998,1008.5299999999996,403.34,335.9699999999998,"[67, 90]"
37000540,O18 Omdeler,Gns. Oms,foot,TSP,Type 1,42,"6, 14, 23",3,4387.500000000001,3791.2000000000003,158.21000000000004,163.44242000000008,282.9000000000001,271.19000000000005,124.63,107.69,"[6, 14, 23]"
37000540,O18 Omdeler,Gns. Oms,foot,TSP,Type 2,42,6,1,4300.5999999999985,3945.0999999999995,160.6779600000001,163.36916000000005,282.9000000000001,275.49000000000007,122.13999999999999,112.03999999999999,[6]
37000540,O18 Omdeler,U36,foot,TSP,Type 1,42,"6, 23, 24",3,4387.500000000001,3791.2000000000003,155.195,164.39992,279.79999999999995,272.06999999999994,124.63,107.69999999999999,"[6, 23, 24]"
37000540,O18 Omdeler,U36,foot,TSP,Type 2,42,23,1,4300.5999999999985,4146.2,157.66296000000006,162.0479200000001,279.79999999999995,279.79999999999995,122.13999999999999,117.75999999999999,[23]
37000540,O18 Omdeler,U37,foot,TSP,Type 1,42,"6, 14, 23",3,4387.500000000001,3791.2000000000003,113.79499999999997,124.37991999999994,238.39999999999986,232.04999999999987,124.63,107.69,"[6, 14, 23]"
37000540,O18 Omdeler,U37,foot,TSP,Type 2,42,23,1,4300.5999999999985,4146.2,116.26296000000004,120.64792,238.39999999999992,238.39999999999992,122.13999999999999,117.75999999999999,[23]
37000540,O18 Omdeler,U38,foot,TSP,Type 1,42,6,1,4387.500000000001,4032.0000000000005,150.9149999999999,153.8712,275.51999999999987,268.3799999999999,124.63,114.53,[6]
37000540,O18 Omdeler,U38,foot,TSP,Type 2,42,6,1,4300.5999999999985,3945.0999999999995,153.38295999999997,156.33916000000002,275.51999999999987,268.3799999999999,122.13999999999999,112.03999999999999,[6]
37000540,O18 Omdeler,U39,foot,TSP,Type 1,42,6,1,4387.500000000001,4032.0000000000005,212.935,214.26119999999997,337.5399999999999,328.7699999999999,124.63,114.53,[6]
37000540,O18 Omdeler,U39,foot,TSP,Type 2,42,6,1,4300.5999999999985,3945.0999999999995,215.40296000000006,216.72916,337.54,328.77000000000004,122.13999999999999,112.03999999999999,[6]
37000540,SE Omdeler,Gns. Oms,foot,TSP,Type 1,42,"14, 15, 16, 17, 18, 19, 20, 21, 22, 23, 24",11,4387.500000000001,2780.5000000000005,43.25749999999999,69.01969999999997,282.9000000000001,220.89999999999998,239.5699999999999,151.82999999999993,"[14, 15, 16, 17, 18, 19, 20, 21, 22, 23, 24]"
37000540,SE Omdeler,Gns. Oms,foot,TSP,Type 2,42,"14, 15, 16, 17, 18, 19, 20, 21, 22, 23, 24",11,4300.5999999999985,2780.1,48.002240000000114,69.04154,282.9000000000001,220.89999999999995,234.81999999999994,151.8,"[14, 15, 16, 17, 18, 19, 20, 21, 22, 23, 24]"
37000540,SE Omdeler,U36,foot,TSP,Type 1,42,"14, 15, 16, 17, 18, 19, 20, 21, 22, 23, 24",11,4387.500000000001,2780.5000000000005,40.24249999999995,68.69469999999995,279.79999999999995,220.50999999999996,239.5699999999999,151.82999999999993,"[14, 15, 16, 17, 18, 19, 20, 21, 22, 23, 24]"
37000540,SE Omdeler,U36,foot,TSP,Type 2,42,"14, 15, 16, 17, 18, 19, 20, 21, 22, 23, 24",11,4300.5999999999985,2780.1,44.98724000000007,68.71653999999998,279.79999999999995,220.50999999999993,234.81999999999994,151.8,"[14, 15, 16, 17, 18, 19, 20, 21, 22, 23, 24]"
37000540,SE Omdeler,U37,foot,TSP,Type 1,42,"21, 22, 23",3,4387.500000000001,3908.8,-1.1575000000000557,13.019519999999922,238.39999999999986,226.43999999999988,239.5699999999999,213.4399999999999,"[21, 22, 23]"
37000540,SE Omdeler,U37,foot,TSP,Type 2,42,"14, 15, 16, 17, 18, 19, 20, 21, 22, 23, 24",11,4300.5999999999985,2780.1,3.5872400000000653,39.44653999999994,238.39999999999992,191.24,234.81999999999994,151.8,"[14, 15, 16, 17, 18, 19, 20, 21, 22, 23, 24]"
37000540,SE Omdeler,U38,foot,TSP,Type 1,42,"14, 15, 16, 17, 18, 19, 20, 21, 22, 23, 24",11,4387.500000000001,2780.5000000000005,35.962499999999864,62.114699999999914,275.51999999999987,213.9299999999999,239.5699999999999,151.82999999999993,"[14, 15, 16, 17, 18, 19, 20, 21, 22, 23, 24]"
37000540,SE Omdeler,U38,foot,TSP,Type 2,42,"14, 15, 16, 17, 18, 19, 20, 21, 22, 23, 24",11,4300.5999999999985,2780.1,40.707239999999985,62.13653999999994,275.51999999999987,213.9299999999999,234.81999999999994,151.8,"[14, 15, 16, 17, 18, 19, 20, 21, 22, 23, 24]"
37000540,SE Omdeler,U39,foot,TSP,Type 1,42,"6, 14, 23",3,4387.500000000001,3791.2000000000003,97.98249999999996,112.83047999999991,337.5399999999999,319.83,239.5699999999999,207.01999999999995,"[6, 14, 23]"
37000540,SE Omdeler,U39,foot,TSP,Type 2,42,6,1,4300.5999999999985,3945.0999999999995,102.72724000000008,113.36753999999999,337.54,328.77000000000004,234.81999999999994,215.40999999999994,[6]
37000540,U18 Omdeler,Gns. Oms,foot,TSP,Type 1,42,23,1,4387.500000000001,4146.7,194.67012500000004,195.87529700000007,282.9000000000001,279.2700000000001,88.16999999999999,83.32999999999998,[23]
37000540,U18 Omdeler,Gns. Oms,foot,TSP,Type 2,42,,0,4300.5999999999985,4300.5999999999985,196.41594600000008,196.41594600000008,282.9000000000001,282.9000000000001,86.42999999999998,86.42999999999998,[]
37000540,U18 Omdeler,U36,foot,TSP,Type 1,42,23,1,4387.500000000001,4146.7,191.655125,196.49279700000008,279.79999999999995,279.79999999999995,88.16999999999999,83.32999999999998,[23]
37000540,U18 Omdeler,U36,foot,TSP,Type 2,42,23,1,4300.5999999999985,4146.2,193.40094600000003,196.50284200000007,279.79999999999995,279.79999999999995,86.42999999999998,83.32999999999998,[23]
37000540,U18 Omdeler,U37,foot,TSP,Type 1,42,"6, 14, 23",3,4387.500000000001,3791.2000000000003,150.255125,155.88479199999995,238.39999999999986,232.04999999999987,88.16999999999999,76.19,"[6, 14, 23]"
37000540,U18 Omdeler,U37,foot,TSP,Type 2,42,23,1,4300.5999999999985,4146.2,152.00094600000003,155.102842,238.39999999999992,238.39999999999992,86.42999999999998,83.32999999999998,[23]
37000540,U18 Omdeler,U38,foot,TSP,Type 1,42,6,1,4387.500000000001,4032.0000000000005,187.3751249999999,187.37712,275.51999999999987,268.3799999999999,88.16999999999999,81.03,[6]
37000540,U18 Omdeler,U38,foot,TSP,Type 2,42,6,1,4300.5999999999985,3945.0999999999995,189.12094599999995,189.122941,275.51999999999987,268.3799999999999,86.42999999999998,79.27999999999999,[6]
37000540,U18 Omdeler,U39,foot,TSP,Type 1,42,,0,4387.500000000001,4387.500000000001,249.395125,249.395125,337.5399999999999,337.5399999999999,88.16999999999999,88.16999999999999,[]
37000540,U18 Omdeler,U39,foot,TSP,Type 2,42,,0,4300.5999999999985,4300.5999999999985,251.14094600000004,251.14094600000004,337.54,337.54,86.42999999999998,86.42999999999998,[]
37000541,O18 Omdeler,Gns. Oms,foot,TSP,Type 1,59,,0,2485.3,2485.3,305.25248,305.25248,375.9200000000002,375.9200000000002,70.58,70.58,[]
37000541,O18 Omdeler,Gns. Oms,foot,TSP,Type 2,59,,0,2188.3,2188.3,313.68728,313.68728,375.92000000000024,375.92000000000024,62.149999999999984,62.149999999999984,[]
37000541,O18 Omdeler,U36,foot,TSP,Type 1,59,,0,2485.3,2485.3,337.31748,337.31748,407.89999999999975,407.89999999999975,70.58,70.58,[]
37000541,O18 Omdeler,U36,foot,TSP,Type 2,59,,0,2188.3,2188.3,345.75228,345.75228,407.8999999999998,407.8999999999998,62.149999999999984,62.149999999999984,[]
37000541,O18 Omdeler,U37,foot,TSP,Type 1,59,15,1,2485.3,2483.1000000000004,228.06748000000005,228.12996000000004,298.6499999999999,298.6499999999999,70.58,70.51,[15]
37000541,O18 Omdeler,U37,foot,TSP,Type 2,59,,0,2188.3,2188.3,236.50228000000004,236.50228000000004,298.6499999999999,298.6499999999999,62.149999999999984,62.149999999999984,[]
37000541,O18 Omdeler,U38,foot,TSP,Type 1,59,15,1,2485.3,2483.1000000000004,287.8474800000001,287.90996000000007,358.4300000000001,358.4300000000001,70.58,70.51,[15]
37000541,O18 Omdeler,U38,foot,TSP,Type 2,59,,0,2188.3,2188.3,296.28228000000007,296.28228000000007,358.4299999999998,358.4299999999998,62.149999999999984,62.149999999999984,[]
37000541,O18 Omdeler,U39,foot,TSP,Type 1,59,,0,2485.3,2485.3,367.7774800000001,367.7774800000001,438.36000000000035,438.36000000000035,70.58,70.58,[]
37000541,O18 Omdeler,U39,foot,TSP,Type 2,59,,0,2188.3,2188.3,376.2122800000001,376.2122800000001,438.3600000000001,438.3600000000001,62.149999999999984,62.149999999999984,[]
37000541,SE Omdeler,Gns. Oms,foot,TSP,Type 1,59,"0, 1",2,2485.3,2178.0,240.13761999999997,242.9412,375.9200000000002,361.94000000000017,135.7,118.92,"[0, 1]"
37000541,SE Omdeler,Gns. Oms,foot,TSP,Type 2,59,"0, 1",2,2188.3,1863.4999999999995,256.35382,260.1129000000001,375.92000000000024,361.9400000000001,119.46,101.74999999999999,"[0, 1]"
37000541,SE Omdeler,U36,foot,TSP,Type 1,59,"0, 1, 32",3,2485.3,2049.2999999999997,272.20261999999997,274.43822,407.89999999999975,386.32999999999976,135.7,111.90000000000002,"[0, 1, 32]"
37000541,SE Omdeler,U36,foot,TSP,Type 2,59,"0, 1",2,2188.3,1863.4999999999995,288.41882,291.4829000000001,407.8999999999998,393.2299999999998,119.46,101.74999999999999,"[0, 1]"
37000541,SE Omdeler,U37,foot,TSP,Type 1,59,"0, 1, 11, 32",4,2485.3,1897.4999999999993,162.95262000000002,171.69650000000004,298.6499999999999,275.29999999999995,135.7,103.61,"[0, 1, 11, 32]"
37000541,SE Omdeler,U37,foot,TSP,Type 2,59,"0, 1",2,2188.3,1863.4999999999995,179.16882000000004,185.77290000000002,298.6499999999999,287.5199999999999,119.46,101.74999999999999,"[0, 1]"
37000541,SE Omdeler,U38,foot,TSP,Type 1,59,"0, 1, 11",3,2485.3,2026.1999999999994,222.73262000000005,226.22948,358.4300000000001,336.86000000000007,135.7,110.63000000000002,"[0, 1, 11]"
37000541,SE Omdeler,U38,foot,TSP,Type 2,59,"0, 1",2,2188.3,1863.4999999999995,238.94882000000007,243.2429000000001,358.4299999999998,344.99,119.46,101.74999999999999,"[0, 1]"
37000541,SE Omdeler,U39,foot,TSP,Type 1,59,"0, 1",2,2485.3,2178.0,302.66262000000006,302.7812,438.36000000000035,421.7000000000004,135.7,118.92,"[0, 1]"
37000541,SE Omdeler,U39,foot,TSP,Type 2,59,"0, 1",2,2188.3,1863.4999999999995,318.8788200000001,319.9529,438.3600000000001,421.70000000000033,119.46,101.74999999999999,"[0, 1]"
37000541,U18 Omdeler,Gns. Oms,foot,TSP,Type 1,59,,0,2485.3,2485.3,325.90532299999995,325.90532299999995,375.9200000000002,375.9200000000002,49.92000000000003,49.92000000000003,[]
37000541,U18 Omdeler,Gns. Oms,foot,TSP,Type 2,59,,0,2188.3,2188.3,331.872053,331.872053,375.92000000000024,375.92000000000024,43.95000000000001,43.95000000000001,[]
37000541,U18 Omdeler,U36,foot,TSP,Type 1,59,,0,2485.3,2485.3,357.97032299999995,357.97032299999995,407.89999999999975,407.89999999999975,49.92000000000003,49.92000000000003,[]
37000541,U18 Omdeler,U36,foot,TSP,Type 2,59,,0,2188.3,2188.3,363.937053,363.937053,407.8999999999998,407.8999999999998,43.95000000000001,43.95000000000001,[]
37000541,U18 Omdeler,U37,foot,TSP,Type 1,59,15,1,2485.3,2483.1000000000004,248.72032300000004,248.76452100000003,298.6499999999999,298.6499999999999,49.92000000000003,49.88000000000003,[15]
37000541,U18 Omdeler,U37,foot,TSP,Type 2,59,,0,2188.3,2188.3,254.68705300000002,254.68705300000002,298.6499999999999,298.6499999999999,43.95000000000001,43.95000000000001,[]
37000541,U18 Omdeler,U38,foot,TSP,Type 1,59,15,1,2485.3,2483.1000000000004,308.50032300000004,308.54452100000003,358.4300000000001,358.4300000000001,49.92000000000003,49.88000000000003,[15]
37000541,U18 Omdeler,U38,foot,TSP,Type 2,59,,0,2188.3,2188.3,314.4670530000001,314.4670530000001,358.4299999999998,358.4299999999998,43.95000000000001,43.95000000000001,[]
37000541,U18 Omdeler,U39,foot,TSP,Type 1,59,,0,2485.3,2485.3,388.43032300000004,388.43032300000004,438.36000000000035,438.36000000000035,49.92000000000003,49.92000000000003,[]
37000541,U18 Omdeler,U39,foot,TSP,Type 2,59,,0,2188.3,2188.3,394.3970530000001,394.3970530000001,438.3600000000001,438.3600000000001,43.95000000000001,43.95000000000001,[]
37200001,O18 Omdeler,Gns. Oms,foot,TSP,Type 1,148,"0, 88, 89",3,4223.900000000001,3746.8000000000006,736.9037400000001,747.83588,856.8399999999988,854.2199999999988,120.02000000000005,106.46000000000005,"[0, 88, 89]"
37200001,O18 Omdeler,Gns. Oms,foot,TSP,Type 2,148,"0, 126",2,3414.199999999998,3266.2999999999984,759.8992200000001,762.1370800000002,856.8399999999991,854.8799999999984,97.02,92.80000000000001,"[0, 126]"
37200001,O18 Omdeler,U36,foot,TSP,Type 1,148,"0, 88, 89",3,4223.900000000001,3746.8000000000006,786.4312399999999,799.98088,906.389999999998,906.389999999998,120.02000000000005,106.46000000000005,"[0, 88, 89]"
37200001,O18 Omdeler,U36,foot,TSP,Type 2,148,"0, 126",2,3414.199999999998,3266.2999999999984,809.4267199999999,813.6270800000001,906.389999999999,906.3899999999984,97.02,92.80000000000001,"[0, 126]"
37200001,O18 Omdeler,U37,foot,TSP,Type 1,148,88,1,4223.900000000001,3830.2000000000003,612.92124,623.25232,732.88,732.0299999999999,120.02000000000005,108.84000000000006,[88]
37200001,O18 Omdeler,U37,foot,TSP,Type 2,148,126,1,3414.199999999998,3324.699999999999,635.91672,637.60852,732.8799999999998,732.0299999999997,97.02,94.48,[126]
37200001,O18 Omdeler,U38,foot,TSP,Type 1,148,"0, 88, 89",3,4223.900000000001,3746.8000000000006,734.08124,747.6308799999999,854.0400000000027,854.0400000000027,120.02000000000005,106.46000000000005,"[0, 88, 89]"
37200001,O18 Omdeler,U38,foot,TSP,Type 2,148,"0, 126",2,3414.199999999998,3266.2999999999984,757.07672,761.2770800000001,854.0400000000018,854.0400000000024,97.02,92.80000000000001,"[0, 126]"
37200001,O18 Omdeler,U39,foot,TSP,Type 1,148,88,1,4223.900000000001,3830.2000000000003,814.1812399999999,823.59232,934.1400000000025,932.3700000000025,120.02000000000005,108.84000000000006,[88]
37200001,O18 Omdeler,U39,foot,TSP,Type 2,148,126,1,3414.199999999998,3324.699999999999,837.1767199999999,837.5285199999998,934.1400000000016,931.9500000000016,97.02,94.48,[126]
37200001,SE Omdeler,Gns. Oms,foot,TSP,Type 1,148,"0, 88, 89",3,4223.900000000001,3746.8000000000006,626.23756,649.66972,856.8399999999988,854.2199999999988,230.59999999999994,204.53999999999994,"[0, 88, 89]"
37200001,SE Omdeler,Gns. Oms,foot,TSP,Type 2,148,"0, 126",2,3414.199999999998,3266.2999999999984,670.4471800000001,676.5600200000001,856.8399999999991,854.8799999999984,186.35000000000002,178.27,"[0, 126]"
37200001,SE Omdeler,U36,foot,TSP,Type 1,148,"0, 88, 89",3,4223.900000000001,3746.8000000000006,675.7650599999998,701.81472,906.389999999998,906.389999999998,230.59999999999994,204.53999999999994,"[0, 88, 89]"
37200001,SE Omdeler,U36,foot,TSP,Type 2,148,"0, 126",2,3414.199999999998,3266.2999999999984,719.97468,728.0500200000001,906.389999999999,906.3899999999984,186.35000000000002,178.27,"[0, 126]"
37200001,SE Omdeler,U37,foot,TSP,Type 1,148,"0, 88, 89",3,4223.900000000001,3746.8000000000006,502.25505999999996,524.90472,732.88,729.4799999999999,230.59999999999994,204.53999999999994,"[0, 88, 89]"
37200001,SE Omdeler,U37,foot,TSP,Type 2,148,"0, 126",2,3414.199999999998,3266.2999999999984,546.46468,551.99002,732.8799999999998,730.3299999999999,186.35000000000002,178.27,"[0, 126]"
37200001,SE Omdeler,U38,foot,TSP,Type 1,148,"0, 88, 89",3,4223.900000000001,3746.8000000000006,623.4150599999999,649.4647199999999,854.0400000000027,854.0400000000027,230.59999999999994,204.53999999999994,"[0, 88, 89]"
37200001,SE Omdeler,U38,foot,TSP,Type 2,148,"0, 126",2,3414.199999999998,3266.2999999999984,667.6246800000001,675.7000200000001,854.0400000000018,854.0400000000024,186.35000000000002,178.27,"[0, 126]"
37200001,SE Omdeler,U39,foot,TSP,Type 1,148,88,1,4223.900000000001,3830.2000000000003,703.5150599999998,723.2410799999999,934.1400000000025,932.3700000000025,230.59999999999994,209.09999999999994,[88]
37200001,SE Omdeler,U39,foot,TSP,Type 2,148,"0, 126",2,3414.199999999998,3266.2999999999984,747.72468,750.5000200000001,934.1400000000016,928.8400000000022,186.35000000000002,178.27,"[0, 126]"
37200001,U18 Omdeler,Gns. Oms,foot,TSP,Type 1,148,88,1,4223.900000000001,3830.2000000000003,772.004349,779.2587820000001,856.8399999999988,856.1799999999988,84.85000000000001,76.93000000000002,[88]
37200001,U18 Omdeler,Gns. Oms,foot,TSP,Type 2,148,126,1,3414.199999999998,3324.699999999999,788.2712220000001,789.3092770000001,856.8399999999991,856.0799999999991,68.56000000000002,66.76999999999998,[126]
37200001,U18 Omdeler,U36,foot,TSP,Type 1,148,"0, 88, 89",3,4223.900000000001,3746.8000000000006,821.5318489999999,831.1167879999999,906.389999999998,906.389999999998,84.85000000000001,75.26,"[0, 88, 89]"
37200001,U18 Omdeler,U36,foot,TSP,Type 2,148,"0, 126",2,3414.199999999998,3266.2999999999984,837.7987219999999,840.770033,906.389999999999,906.3899999999984,68.56000000000002,65.60000000000001,"[0, 126]"
37200001,U18 Omdeler,U37,foot,TSP,Type 1,148,88,1,4223.900000000001,3830.2000000000003,648.021849,655.081282,732.88,732.0299999999999,84.85000000000001,76.93000000000002,[88]
37200001,U18 Omdeler,U37,foot,TSP,Type 2,148,126,1,3414.199999999998,3324.699999999999,664.288722,665.236777,732.8799999999998,732.0299999999997,68.56000000000002,66.76999999999998,[126]
37200001,U18 Omdeler,U38,foot,TSP,Type 1,148,"0, 88, 89",3,4223.900000000001,3746.8000000000006,769.1818489999999,778.7667879999999,854.0400000000027,854.0400000000027,84.85000000000001,75.26,"[0, 88, 89]"
37200001,U18 Omdeler,U38,foot,TSP,Type 2,148,"0, 126",2,3414.199999999998,3266.2999999999984,785.448722,788.420033,854.0400000000018,854.0400000000024,68.56000000000002,65.60000000000001,"[0, 126]"
37200001,U18 Omdeler,U39,foot,TSP,Type 1,148,88,1,4223.900000000001,3830.2000000000003,849.2818489999999,855.4212819999999,934.1400000000025,932.3700000000025,84.85000000000001,76.93000000000002,[88]
37200001,U18 Omdeler,U39,foot,TSP,Type 2,148,,0,3414.199999999998,3414.199999999998,865.5487219999999,865.5487219999999,934.1400000000016,934.1400000000016,68.56000000000002,68.56000000000002,[]
37200002,O18 Omdeler,Gns. Oms,foot,TSP,Type 1,135,133,1,3497.3,3434.4,698.6366800000001,698.8205400000002,797.949999999999,796.349999999999,99.34,97.55,[133]
37200002,O18 Omdeler,Gns. Oms,foot,TSP,Type 2,135,134,1,3264.7000000000007,2929.9999999999995,705.24252,714.0930000000001,797.9499999999994,797.2899999999989,92.74000000000001,83.23000000000006,[134]
37200002,O18 Omdeler,U36,foot,TSP,Type 1,135,"133, 134",2,3497.3,3434.4,741.2866799999999,741.30304,840.6099999999989,838.8399999999989,99.34,97.55,"[133, 134]"
37200002,O18 Omdeler,U36,foot,TSP,Type 2,135,134,1,3264.7000000000007,2929.9999999999995,747.8925199999999,757.3979999999999,840.609999999999,840.6099999999985,92.74000000000001,83.23000000000006,[134]
37200002,O18 Omdeler,U37,foot,TSP,Type 1,135,,0,3497.3,3497.3,573.2866799999999,573.2866799999999,672.6100000000002,672.6100000000002,99.34,99.34,[]
37200002,O18 Omdeler,U37,foot,TSP,Type 2,135,134,1,3264.7000000000007,2929.9999999999995,579.8925199999999,588.5479999999999,672.6100000000002,671.7600000000002,92.74000000000001,83.23000000000006,[134]
37200002,O18 Omdeler,U38,foot,TSP,Type 1,135,"59, 133, 134",3,3497.3,3434.4,719.00668,720.7930400000001,818.3300000000021,818.3300000000021,99.34,97.55,"[59, 133, 134]"
37200002,O18 Omdeler,U38,foot,TSP,Type 2,135,134,1,3264.7000000000007,2929.9999999999995,725.6125199999999,735.1179999999999,818.330000000002,818.330000000002,92.74000000000001,83.23000000000006,[134]
37200002,O18 Omdeler,U39,foot,TSP,Type 1,135,,0,3497.3,3497.3,760.96668,760.96668,860.2900000000018,860.2900000000018,99.34,99.34,[]
37200002,O18 Omdeler,U39,foot,TSP,Type 2,135,134,1,3264.7000000000007,2929.9999999999995,767.5725199999999,775.308,860.2900000000017,858.520000000002,92.74000000000001,83.23000000000006,[134]
37200002,SE Omdeler,Gns. Oms,foot,TSP,Type 1,135,133,1,3497.3,3434.4,607.00742,608.8392600000001,797.949999999999,796.349999999999,190.95,187.51,[133]
37200002,SE Omdeler,Gns. Oms,foot,TSP,Type 2,135,134,1,3264.7000000000007,2929.9999999999995,619.7073800000001,637.3270000000001,797.9499999999994,797.2899999999989,178.19999999999993,159.93999999999988,[134]
37200002,SE Omdeler,U36,foot,TSP,Type 1,135,"47, 133, 134",3,3497.3,3401.8,649.6574199999999,651.51172,840.6099999999989,837.2499999999989,190.95,185.73000000000002,"[47, 133, 134]"
37200002,SE Omdeler,U36,foot,TSP,Type 2,135,134,1,3264.7000000000007,2929.9999999999995,662.3573799999999,680.632,840.609999999999,840.6099999999985,178.19999999999993,159.93999999999988,[134]
37200002,SE Omdeler,U37,foot,TSP,Type 1,135,"1, 133",2,3497.3,3311.3,481.6574199999999,483.42302,672.6100000000002,664.2200000000003,190.95,180.79000000000002,"[1, 133]"
37200002,SE Omdeler,U37,foot,TSP,Type 2,135,"1, 134",2,3264.7000000000007,2806.8999999999996,494.35737999999986,512.56326,672.6100000000002,665.8200000000003,178.19999999999993,153.21999999999989,"[1, 134]"
37200002,SE Omdeler,U38,foot,TSP,Type 1,135,"47, 133, 134",3,3497.3,3401.8,627.3774199999999,631.00172,818.3300000000021,816.740000000002,190.95,185.73000000000002,"[47, 133, 134]"
37200002,SE Omdeler,U38,foot,TSP,Type 2,135,134,1,3264.7000000000007,2929.9999999999995,640.07738,658.352,818.330000000002,818.330000000002,178.19999999999993,159.93999999999988,[134]
37200002,SE Omdeler,U39,foot,TSP,Type 1,135,133,1,3497.3,3434.4,669.33742,670.5817599999999,860.2900000000018,858.1000000000017,190.95,187.51,[133]
37200002,SE Omdeler,U39,foot,TSP,Type 2,135,134,1,3264.7000000000007,2929.9999999999995,682.03738,698.542,860.2900000000017,858.520000000002,178.19999999999993,159.93999999999988,[134]
37200002,U18 Omdeler,Gns. Oms,foot,TSP,Type 1,135,,0,3497.3,3497.3,727.699243,727.699243,797.949999999999,797.949999999999,70.21,70.21,[]
37200002,U18 Omdeler,Gns. Oms,foot,TSP,Type 2,135,134,1,3264.7000000000007,2929.9999999999995,732.372177,738.4413000000001,797.9499999999994,797.2899999999989,65.59,58.84999999999998,[134]
37200002,U18 Omdeler,U36,foot,TSP,Type 1,135,,0,3497.3,3497.3,770.3492429999999,770.3492429999999,840.6099999999989,840.6099999999989,70.21,70.21,[]
37200002,U18 Omdeler,U36,foot,TSP,Type 2,135,134,1,3264.7000000000007,2929.9999999999995,775.0221769999998,781.7462999999999,840.609999999999,840.6099999999985,65.59,58.84999999999998,[134]
37200002,U18 Omdeler,U37,foot,TSP,Type 1,135,,0,3497.3,3497.3,602.3492429999999,602.3492429999999,672.6100000000002,672.6100000000002,70.21,70.21,[]
37200002,U18 Omdeler,U37,foot,TSP,Type 2,135,134,1,3264.7000000000007,2929.9999999999995,607.0221769999998,612.8962999999999,672.6100000000002,671.7600000000002,65.59,58.84999999999998,[134]
37200002,U18 Omdeler,U38,foot,TSP,Type 1,135,"59, 133, 134",3,3497.3,3434.4,748.0692429999999,749.332904,818.3300000000021,818.3300000000021,70.21,68.94999999999999,"[59, 133, 134]"
37200002,U18 Omdeler,U38,foot,TSP,Type 2,135,134,1,3264.7000000000007,2929.9999999999995,752.7421769999999,759.4662999999999,818.330000000002,818.330000000002,65.59,58.84999999999998,[134]
37200002,U18 Omdeler,U39,foot,TSP,Type 1,135,,0,3497.3,3497.3,790.029243,790.029243,860.2900000000018,860.2900000000018,70.21,70.21,[]
37200002,U18 Omdeler,U39,foot,TSP,Type 2,135,134,1,3264.7000000000007,2929.9999999999995,794.7021769999999,799.6563,860.2900000000017,858.520000000002,65.59,58.84999999999998,[134]
37200003,O18 Omdeler,Gns. Oms,foot,TSP,Type 1,129,"2, 3, 120",3,4748.300000000001,3885.9000000000005,636.05078,649.5504400000001,770.8999999999996,759.8999999999997,134.87999999999988,110.38999999999999,"[2, 3, 120]"
37200003,O18 Omdeler,Gns. Oms,foot,TSP,Type 2,129,"2, 3",2,3947.7000000000016,3453.200000000001,658.78782,668.01912,770.8999999999997,766.0799999999997,112.14,98.07,"[2, 3]"
37200003,O18 Omdeler,U36,foot,TSP,Type 1,129,"2, 3, 120",3,4748.300000000001,3885.9000000000005,660.38828,674.66044,795.2399999999996,785.0199999999995,134.87999999999988,110.38999999999999,"[2, 3, 120]"
37200003,O18 Omdeler,U36,foot,TSP,Type 2,129,"2, 3",2,3947.7000000000016,3453.200000000001,683.12532,693.62912,795.2399999999996,791.6999999999995,112.14,98.07,"[2, 3]"
37200003,O18 Omdeler,U37,foot,TSP,Type 1,129,"2, 3, 120",3,4748.300000000001,3885.9000000000005,551.04828,561.3104399999999,685.9000000000001,671.6700000000002,134.87999999999988,110.38999999999999,"[2, 3, 120]"
37200003,O18 Omdeler,U37,foot,TSP,Type 2,129,"2, 3",2,3947.7000000000016,3453.200000000001,573.78532,578.7591199999998,685.9000000000002,676.8300000000002,112.14,98.07,"[2, 3]"
37200003,O18 Omdeler,U38,foot,TSP,Type 1,129,"1, 2, 3, 120",4,4748.300000000001,3885.9000000000005,626.0882799999999,644.3904400000001,760.9400000000015,754.7500000000015,134.87999999999988,110.38999999999999,"[1, 2, 3, 120]"
37200003,O18 Omdeler,U38,foot,TSP,Type 2,129,"2, 3",2,3947.7000000000016,3453.200000000001,648.8253199999999,662.8691200000002,760.9400000000016,760.9400000000018,112.14,98.07,"[2, 3]"
37200003,O18 Omdeler,U39,foot,TSP,Type 1,129,"2, 3, 120",3,4748.300000000001,3885.9000000000005,706.67828,717.8404400000001,841.5300000000009,828.2000000000008,134.87999999999988,110.38999999999999,"[2, 3, 120]"
37200003,O18 Omdeler,U39,foot,TSP,Type 2,129,"2, 3",2,3947.7000000000016,3453.200000000001,729.41532,736.81912,841.5300000000008,834.890000000001,112.14,98.07,"[2, 3]"
37200003,SE Omdeler,Gns. Oms,foot,TSP,Type 1,129,"2, 3, 120, 121",4,4748.300000000001,3752.7000000000007,511.64531999999997,548.8325800000001,770.8999999999996,753.7199999999998,259.28,204.91999999999996,"[2, 3, 120, 121]"
37200003,SE Omdeler,Gns. Oms,foot,TSP,Type 2,129,"2, 3",2,3947.7000000000016,3453.200000000001,555.35808,577.54528,770.8999999999997,766.0799999999997,215.60999999999999,188.60999999999993,"[2, 3]"
37200003,SE Omdeler,U36,foot,TSP,Type 1,129,"2, 3, 120, 121",4,4748.300000000001,3752.7000000000007,535.98282,573.44258,795.2399999999996,778.3399999999996,259.28,204.91999999999996,"[2, 3, 120, 121]"
37200003,SE Omdeler,U36,foot,TSP,Type 2,129,"2, 3",2,3947.7000000000016,3453.200000000001,579.69558,603.15528,795.2399999999996,791.6999999999995,215.60999999999999,188.60999999999993,"[2, 3]"
37200003,SE Omdeler,U37,foot,TSP,Type 1,129,"2, 3, 120, 121",4,4748.300000000001,3752.7000000000007,426.6428199999999,461.61257999999987,685.9000000000001,666.5100000000002,259.28,204.91999999999996,"[2, 3, 120, 121]"
37200003,SE Omdeler,U37,foot,TSP,Type 2,129,"2, 3",2,3947.7000000000016,3453.200000000001,470.3555799999999,488.2852799999998,685.9000000000002,676.8300000000002,215.60999999999999,188.60999999999993,"[2, 3]"
37200003,SE Omdeler,U38,foot,TSP,Type 1,129,"1, 2, 3, 120, 121",5,4748.300000000001,3752.7000000000007,501.6828199999999,543.66258,760.9400000000015,748.5600000000014,259.28,204.91999999999996,"[1, 2, 3, 120, 121]"
37200003,SE Omdeler,U38,foot,TSP,Type 2,129,"2, 3",2,3947.7000000000016,3453.200000000001,545.3955799999999,572.3952800000002,760.9400000000016,760.9400000000018,215.60999999999999,188.60999999999993,"[2, 3]"
37200003,SE Omdeler,U39,foot,TSP,Type 1,129,"2, 3, 120, 121",4,4748.300000000001,3752.7000000000007,582.2728199999999,616.61258,841.5300000000009,821.5100000000008,259.28,204.91999999999996,"[2, 3, 120, 121]"
37200003,SE Omdeler,U39,foot,TSP,Type 2,129,"2, 3",2,3947.7000000000016,3453.200000000001,625.9855799999999,646.34528,841.5300000000008,834.890000000001,215.60999999999999,188.60999999999993,"[2, 3]"
37200003,U18 Omdeler,Gns. Oms,foot,TSP,Type 1,129,"2, 3, 120",3,4748.300000000001,3885.9000000000005,675.509153,681.842269,770.8999999999996,759.8999999999997,95.41000000000005,78.09000000000003,"[2, 3, 120]"
37200003,U18 Omdeler,Gns. Oms,foot,TSP,Type 2,129,"2, 3",2,3947.7000000000016,3453.200000000001,691.593207,696.7152120000001,770.8999999999997,766.0799999999997,79.33000000000003,69.39000000000001,"[2, 3]"
37200003,U18 Omdeler,U36,foot,TSP,Type 1,129,"2, 3, 51",3,4748.300000000001,4193.6,699.846653,707.4505759999998,795.2399999999996,791.6999999999995,95.41000000000005,84.27000000000004,"[2, 3, 51]"
37200003,U18 Omdeler,U36,foot,TSP,Type 2,129,"2, 3",2,3947.7000000000016,3453.200000000001,715.930707,722.325212,795.2399999999996,791.6999999999995,79.33000000000003,69.39000000000001,"[2, 3]"
37200003,U18 Omdeler,U37,foot,TSP,Type 1,129,"2, 3, 120",3,4748.300000000001,3885.9000000000005,590.5066529999999,593.6022689999998,685.9000000000001,671.6700000000002,95.41000000000005,78.09000000000003,"[2, 3, 120]"
37200003,U18 Omdeler,U37,foot,TSP,Type 2,129,"2, 3",2,3947.7000000000016,3453.200000000001,606.590707,607.4552119999998,685.9000000000002,676.8300000000002,79.33000000000003,69.39000000000001,"[2, 3]"
37200003,U18 Omdeler,U38,foot,TSP,Type 1,129,"1, 2, 3, 120",4,4748.300000000001,3885.9000000000005,665.5466529999999,676.682269,760.9400000000015,754.7500000000015,95.41000000000005,78.10000000000004,"[1, 2, 3, 120]"
37200003,U18 Omdeler,U38,foot,TSP,Type 2,129,"2, 3",2,3947.7000000000016,3453.200000000001,681.6307069999999,691.5652120000002,760.9400000000016,760.9400000000018,79.33000000000003,69.39000000000001,"[2, 3]"
37200003,U18 Omdeler,U39,foot,TSP,Type 1,129,"2, 3",2,4748.300000000001,4198.8,746.1366529999999,750.5361079999999,841.5300000000009,834.8900000000009,95.41000000000005,84.37000000000003,"[2, 3]"
37200003,U18 Omdeler,U39,foot,TSP,Type 2,129,"2, 3",2,3947.7000000000016,3453.200000000001,762.220707,765.515212,841.5300000000008,834.890000000001,79.33000000000003,69.39000000000001,"[2, 3]"
37200005,O18 Omdeler,Gns. Oms,foot,TSP,Type 1,156,,0,4410.099999999999,4410.099999999999,780.8131599999999,780.8131599999999,906.0299999999994,906.0299999999994,125.21000000000004,125.21000000000004,[]
37200005,O18 Omdeler,Gns. Oms,foot,TSP,Type 2,156,57,1,3460.5999999999995,3423.3999999999996,807.77896,808.07544,906.029999999999,905.269999999999,98.22000000000007,97.16000000000007,[57]
37200005,O18 Omdeler,U36,foot,TSP,Type 1,156,"58, 81, 82",3,4410.099999999999,4227.199999999999,816.1631599999998,819.5875199999998,941.4099999999992,939.6399999999992,125.21000000000004,120.02000000000001,"[58, 81, 82]"
37200005,O18 Omdeler,U36,foot,TSP,Type 2,156,57,1,3460.5999999999995,3423.3999999999996,843.1289599999999,844.1854399999999,941.4099999999986,941.4099999999986,98.22000000000007,97.16000000000007,[57]
37200005,O18 Omdeler,U37,foot,TSP,Type 1,156,73,1,4410.099999999999,4409.999999999999,661.18316,661.186,786.4299999999993,786.4299999999993,125.21000000000004,125.21000000000004,[73]
37200005,O18 Omdeler,U37,foot,TSP,Type 2,156,57,1,3460.5999999999995,3423.3999999999996,688.1489600000001,688.3554399999999,786.4299999999997,785.5799999999997,98.22000000000007,97.16000000000007,[57]
37200005,O18 Omdeler,U38,foot,TSP,Type 1,156,"58, 81, 82",3,4410.099999999999,4227.199999999999,766.0231599999998,771.2175199999999,891.2700000000021,891.2700000000021,125.21000000000004,120.02000000000001,"[58, 81, 82]"
37200005,O18 Omdeler,U38,foot,TSP,Type 2,156,57,1,3460.5999999999995,3423.3999999999996,792.9889599999999,794.0454399999999,891.2700000000027,891.2700000000027,98.22000000000007,97.16000000000007,[57]
37200005,O18 Omdeler,U39,foot,TSP,Type 1,156,,0,4410.099999999999,4410.099999999999,879.8831600000001,879.8831600000001,1005.1300000000017,1005.1300000000017,125.21000000000004,125.21000000000004,[]
37200005,O18 Omdeler,U39,foot,TSP,Type 2,156,,0,3460.5999999999995,3460.5999999999995,906.8489600000001,906.8489600000001,1005.130000000002,1005.130000000002,98.22000000000007,98.22000000000007,[]
37200005,SE Omdeler,Gns. Oms,foot,TSP,Type 1,156,129,1,4410.099999999999,4257.9,665.26854,667.39866,906.0299999999994,899.8499999999995,240.84,232.52,[129]
37200005,SE Omdeler,Gns. Oms,foot,TSP,Type 2,156,57,1,3460.5999999999995,3423.3999999999996,717.11124,718.38236,906.029999999999,905.269999999999,188.95,186.92,[57]
37200005,SE Omdeler,U36,foot,TSP,Type 1,156,"58, 81, 82",3,4410.099999999999,4227.199999999999,700.6185399999999,708.83488,941.4099999999992,939.6399999999992,240.84,230.85999999999999,"[58, 81, 82]"
37200005,SE Omdeler,U36,foot,TSP,Type 2,156,57,1,3460.5999999999995,3423.3999999999996,752.4612399999999,754.4923599999998,941.4099999999986,941.4099999999986,188.95,186.92,[57]
37200005,SE Omdeler,U37,foot,TSP,Type 1,156,129,1,4410.099999999999,4257.9,545.6385400000001,548.78866,786.4299999999993,781.2699999999993,240.84,232.52,[129]
37200005,SE Omdeler,U37,foot,TSP,Type 2,156,57,1,3460.5999999999995,3423.3999999999996,597.4812400000001,598.6623599999999,786.4299999999997,785.5799999999997,188.95,186.92,[57]
37200005,SE Omdeler,U38,foot,TSP,Type 1,156,"81, 82, 129",3,4410.099999999999,4109.0,650.4785399999998,660.7285999999999,891.2700000000021,885.0800000000021,240.84,224.39000000000001,"[81, 82, 129]"
37200005,SE Omdeler,U38,foot,TSP,Type 2,156,57,1,3460.5999999999995,3423.3999999999996,702.3212399999999,704.3523599999999,891.2700000000027,891.2700000000027,188.95,186.92,[57]
37200005,SE Omdeler,U39,foot,TSP,Type 1,156,129,1,4410.099999999999,4257.9,764.3385400000002,765.9586600000001,1005.1300000000017,998.4400000000016,240.84,232.52,[129]
37200005,SE Omdeler,U39,foot,TSP,Type 2,156,,0,3460.5999999999995,3460.5999999999995,816.1812400000001,816.1812400000001,1005.130000000002,1005.130000000002,188.95,188.95,[]
37200005,U18 Omdeler,Gns. Oms,foot,TSP,Type 1,156,,0,4410.099999999999,4410.099999999999,817.4610909999999,817.4610909999999,906.0299999999994,906.0299999999994,88.55999999999999,88.55999999999999,[]
37200005,U18 Omdeler,Gns. Oms,foot,TSP,Type 2,156,,0,3460.5999999999995,3460.5999999999995,836.5365459999999,836.5365459999999,906.029999999999,906.029999999999,69.51,69.51,[]
37200005,U18 Omdeler,U36,foot,TSP,Type 1,156,"58, 81, 82",3,4410.099999999999,4227.199999999999,852.8110909999998,854.7155519999999,941.4099999999992,939.6399999999992,88.55999999999999,84.89000000000001,"[58, 81, 82]"
37200005,U18 Omdeler,U36,foot,TSP,Type 2,156,57,1,3460.5999999999995,3423.3999999999996,871.8865459999998,872.6338939999998,941.4099999999986,941.4099999999986,69.51,68.76000000000002,[57]
37200005,U18 Omdeler,U37,foot,TSP,Type 1,156,73,1,4410.099999999999,4409.999999999999,697.831091,697.8331000000001,786.4299999999993,786.4299999999993,88.55999999999999,88.55999999999999,[73]
37200005,U18 Omdeler,U37,foot,TSP,Type 2,156,73,1,3460.5999999999995,3460.599999999999,716.906546,716.906546,786.4299999999997,786.4299999999997,69.51,69.5,[73]
37200005,U18 Omdeler,U38,foot,TSP,Type 1,156,"58, 81, 82",3,4410.099999999999,4227.199999999999,802.6710909999999,806.3455520000001,891.2700000000021,891.2700000000021,88.55999999999999,84.89000000000001,"[58, 81, 82]"
37200005,U18 Omdeler,U38,foot,TSP,Type 2,156,57,1,3460.5999999999995,3423.3999999999996,821.7465459999999,822.4938939999998,891.2700000000027,891.2700000000027,69.51,68.76000000000002,[57]
37200005,U18 Omdeler,U39,foot,TSP,Type 1,156,,0,4410.099999999999,4410.099999999999,916.5310910000001,916.5310910000001,1005.1300000000017,1005.1300000000017,88.55999999999999,88.55999999999999,[]
37200005,U18 Omdeler,U39,foot,TSP,Type 2,156,,0,3460.5999999999995,3460.5999999999995,935.6065460000001,935.6065460000001,1005.130000000002,1005.130000000002,69.51,69.51,[]
37200006,O18 Omdeler,Gns. Oms,foot,TSP,Type 1,126,11,1,5334.4,4988.599999999999,630.39554,638.8162599999999,781.8699999999995,780.4699999999996,151.54000000000008,141.72000000000003,[11]
37200006,O18 Omdeler,Gns. Oms,foot,TSP,Type 2,126,,0,4499.899999999999,4499.899999999999,654.0953400000001,654.0953400000001,781.8699999999995,781.8699999999995,127.79999999999997,127.79999999999997,[]
37200006,O18 Omdeler,U36,foot,TSP,Type 1,126,11,1,5334.4,4988.599999999999,678.4730399999999,686.4237599999998,829.9699999999993,828.0999999999993,151.54000000000008,141.72000000000003,[11]
37200006,O18 Omdeler,U36,foot,TSP,Type 2,126,,0,4499.899999999999,4499.899999999999,702.17284,702.17284,829.9699999999992,829.9699999999992,127.79999999999997,127.79999999999997,[]
37200006,O18 Omdeler,U37,foot,TSP,Type 1,126,11,1,5334.4,4988.599999999999,520.1830399999997,528.7837599999997,671.68,670.4599999999999,151.54000000000008,141.72000000000003,[11]
37200006,O18 Omdeler,U37,foot,TSP,Type 2,126,,0,4499.899999999999,4499.899999999999,543.8828399999998,543.8828399999998,671.6800000000003,671.6800000000003,127.79999999999997,127.79999999999997,[]
37200006,O18 Omdeler,U38,foot,TSP,Type 1,126,11,1,5334.4,4988.599999999999,633.0630400000002,641.6637600000003,784.5600000000015,783.3400000000016,151.54000000000008,141.72000000000003,[11]
37200006,O18 Omdeler,U38,foot,TSP,Type 2,126,,0,4499.899999999999,4499.899999999999,656.7628400000002,656.7628400000002,784.5600000000017,784.5600000000017,127.79999999999997,127.79999999999997,[]
37200006,O18 Omdeler,U39,foot,TSP,Type 1,126,11,1,5334.4,4988.599999999999,689.8630400000002,698.39376,841.3600000000008,840.0700000000007,151.54000000000008,141.72000000000003,[11]
37200006,O18 Omdeler,U39,foot,TSP,Type 2,126,,0,4499.899999999999,4499.899999999999,713.5628400000002,713.5628400000002,841.3600000000013,841.3600000000013,127.79999999999997,127.79999999999997,[]
37200006,SE Omdeler,Gns. Oms,foot,TSP,Type 1,126,11,1,5334.4,4988.599999999999,490.63426000000004,508.11493999999993,781.8699999999995,780.4699999999996,291.27,272.38999999999993,[11]
37200006,SE Omdeler,Gns. Oms,foot,TSP,Type 2,126,46,1,4499.899999999999,4361.399999999999,536.1979600000001,537.14756,781.8699999999995,775.2599999999995,245.75000000000003,238.19000000000003,[46]
37200006,SE Omdeler,U36,foot,TSP,Type 1,126,11,1,5334.4,4988.599999999999,538.7117599999999,555.7224399999998,829.9699999999993,828.0999999999993,291.27,272.38999999999993,[11]
37200006,SE Omdeler,U36,foot,TSP,Type 2,126,,0,4499.899999999999,4499.899999999999,584.27546,584.27546,829.9699999999992,829.9699999999992,245.75000000000003,245.75000000000003,[]
37200006,SE Omdeler,U37,foot,TSP,Type 1,126,11,1,5334.4,4988.599999999999,380.4217599999997,398.0824399999997,671.68,670.4599999999999,291.27,272.38999999999993,[11]
37200006,SE Omdeler,U37,foot,TSP,Type 2,126,46,1,4499.899999999999,4361.399999999999,425.98545999999976,428.3875599999998,671.6800000000003,666.5200000000003,245.75000000000003,238.19000000000003,[46]
37200006,SE Omdeler,U38,foot,TSP,Type 1,126,11,1,5334.4,4988.599999999999,493.3017600000002,510.96244000000013,784.5600000000015,783.3400000000016,291.27,272.38999999999993,[11]
37200006,SE Omdeler,U38,foot,TSP,Type 2,126,46,1,4499.899999999999,4361.399999999999,538.8654600000002,540.2375600000001,784.5600000000017,778.3700000000016,245.75000000000003,238.19000000000003,[46]
37200006,SE Omdeler,U39,foot,TSP,Type 1,126,11,1,5334.4,4988.599999999999,550.1017600000001,567.6924399999999,841.3600000000008,840.0700000000007,291.27,272.38999999999993,[11]
37200006,SE Omdeler,U39,foot,TSP,Type 2,126,46,1,4499.899999999999,4361.399999999999,595.6654600000002,596.5375600000001,841.3600000000013,834.6700000000012,245.75000000000003,238.19000000000003,[46]
37200006,U18 Omdeler,Gns. Oms,foot,TSP,Type 1,126,11,1,5334.4,4988.599999999999,674.724404,680.271526,781.8699999999995,780.4699999999996,107.13999999999999,100.20000000000002,[11]
37200006,U18 Omdeler,Gns. Oms,foot,TSP,Type 2,126,,0,4499.899999999999,4499.899999999999,691.4895090000001,691.4895090000001,781.8699999999995,781.8699999999995,90.43999999999997,90.43999999999997,[]
37200006,U18 Omdeler,U36,foot,TSP,Type 1,126,11,1,5334.4,4988.599999999999,722.8019039999999,727.8790259999998,829.9699999999993,828.0999999999993,107.13999999999999,100.20000000000002,[11]
37200006,U18 Omdeler,U36,foot,TSP,Type 2,126,,0,4499.899999999999,4499.899999999999,739.567009,739.567009,829.9699999999992,829.9699999999992,90.43999999999997,90.43999999999997,[]
37200006,U18 Omdeler,U37,foot,TSP,Type 1,126,11,1,5334.4,4988.599999999999,564.5119039999997,570.2390259999997,671.68,670.4599999999999,107.13999999999999,100.20000000000002,[11]
37200006,U18 Omdeler,U37,foot,TSP,Type 2,126,,0,4499.899999999999,4499.899999999999,581.2770089999998,581.2770089999998,671.6800000000003,671.6800000000003,90.43999999999997,90.43999999999997,[]
37200006,U18 Omdeler,U38,foot,TSP,Type 1,126,11,1,5334.4,4988.599999999999,677.3919040000002,683.1190260000002,784.5600000000015,783.3400000000016,107.13999999999999,100.20000000000002,[11]
37200006,U18 Omdeler,U38,foot,TSP,Type 2,126,,0,4499.899999999999,4499.899999999999,694.1570090000002,694.1570090000002,784.5600000000017,784.5600000000017,90.43999999999997,90.43999999999997,[]
37200006,U18 Omdeler,U39,foot,TSP,Type 1,126,11,1,5334.4,4988.599999999999,734.1919040000001,739.849026,841.3600000000008,840.0700000000007,107.13999999999999,100.20000000000002,[11]
37200006,U18 Omdeler,U39,foot,TSP,Type 2,126,,0,4499.899999999999,4499.899999999999,750.9570090000002,750.9570090000002,841.3600000000013,841.3600000000013,90.43999999999997,90.43999999999997,[]
37200007,O18 Omdeler,Gns. Oms,foot,TSP,Type 1,148,,0,5190.7000000000035,5190.7000000000035,748.21662,748.21662,895.6299999999992,895.6299999999992,147.43999999999994,147.43999999999994,[]
37200007,O18 Omdeler,Gns. Oms,foot,TSP,Type 2,148,,0,4446.9,4446.9,769.3405400000001,769.3405400000001,895.6299999999994,895.6299999999994,126.30999999999999,126.30999999999999,[]
37200007,O18 Omdeler,U36,foot,TSP,Type 1,148,,0,5190.7000000000035,5190.7000000000035,799.6941199999999,799.6941199999999,947.1099999999984,947.1099999999984,147.43999999999994,147.43999999999994,[]
37200007,O18 Omdeler,U36,foot,TSP,Type 2,148,,0,4446.9,4446.9,820.81804,820.81804,947.1099999999989,947.1099999999989,126.30999999999999,126.30999999999999,[]
37200007,O18 Omdeler,U37,foot,TSP,Type 1,148,,0,5190.7000000000035,5190.7000000000035,611.99412,611.99412,759.4099999999995,759.4099999999995,147.43999999999994,147.43999999999994,[]
37200007,O18 Omdeler,U37,foot,TSP,Type 2,148,,0,4446.9,4446.9,633.1180400000001,633.1180400000001,759.41,759.41,126.30999999999999,126.30999999999999,[]
37200007,O18 Omdeler,U38,foot,TSP,Type 1,148,,0,5190.7000000000035,5190.7000000000035,753.4041199999998,753.4041199999998,900.8200000000023,900.8200000000023,147.43999999999994,147.43999999999994,[]
37200007,O18 Omdeler,U38,foot,TSP,Type 2,148,,0,4446.9,4446.9,774.5280399999999,774.5280399999999,900.8200000000021,900.8200000000021,126.30999999999999,126.30999999999999,[]
37200007,O18 Omdeler,U39,foot,TSP,Type 1,148,,0,5190.7000000000035,5190.7000000000035,827.7741199999997,827.7741199999997,975.1900000000019,975.1900000000019,147.43999999999994,147.43999999999994,[]
37200007,O18 Omdeler,U39,foot,TSP,Type 2,148,,0,4446.9,4446.9,848.8980399999998,848.8980399999998,975.1900000000016,975.1900000000016,126.30999999999999,126.30999999999999,[]
37200007,SE Omdeler,Gns. Oms,foot,TSP,Type 1,148,,0,5190.7000000000035,5190.7000000000035,612.22028,612.22028,895.6299999999992,895.6299999999992,283.39000000000004,283.39000000000004,[]
37200007,SE Omdeler,Gns. Oms,foot,TSP,Type 2,148,60,1,4446.9,4290.900000000001,652.8317600000001,655.16936,895.6299999999994,889.449999999999,242.78,234.29,[60]
37200007,SE Omdeler,U36,foot,TSP,Type 1,148,,0,5190.7000000000035,5190.7000000000035,663.6977799999997,663.6977799999997,947.1099999999984,947.1099999999984,283.39000000000004,283.39000000000004,[]
37200007,SE Omdeler,U36,foot,TSP,Type 2,148,60,1,4446.9,4290.900000000001,704.30926,706.14686,947.1099999999989,940.4299999999984,242.78,234.29,[60]
37200007,SE Omdeler,U37,foot,TSP,Type 1,148,,0,5190.7000000000035,5190.7000000000035,475.99777999999986,475.99777999999986,759.4099999999995,759.4099999999995,283.39000000000004,283.39000000000004,[]
37200007,SE Omdeler,U37,foot,TSP,Type 2,148,60,1,4446.9,4290.900000000001,516.6092600000001,519.9668599999999,759.41,754.2499999999999,242.78,234.29,[60]
37200007,SE Omdeler,U38,foot,TSP,Type 1,148,,0,5190.7000000000035,5190.7000000000035,617.4077799999998,617.4077799999998,900.8200000000023,900.8200000000023,283.39000000000004,283.39000000000004,[]
37200007,SE Omdeler,U38,foot,TSP,Type 2,148,60,1,4446.9,4290.900000000001,658.0192599999999,660.34686,900.8200000000021,894.6300000000024,242.78,234.29,[60]
37200007,SE Omdeler,U39,foot,TSP,Type 1,148,,0,5190.7000000000035,5190.7000000000035,691.7777799999997,691.7777799999997,975.1900000000019,975.1900000000019,283.39000000000004,283.39000000000004,[]
37200007,SE Omdeler,U39,foot,TSP,Type 2,148,60,1,4446.9,4290.900000000001,732.3892599999998,734.2168599999999,975.1900000000016,968.500000000002,242.78,234.29,[60]
37200007,U18 Omdeler,Gns. Oms,foot,TSP,Type 1,148,,0,5190.7000000000035,5190.7000000000035,791.3513370000001,791.3513370000001,895.6299999999992,895.6299999999992,104.31000000000004,104.31000000000004,[]
37200007,U18 Omdeler,Gns. Oms,foot,TSP,Type 2,148,,0,4446.9,4446.9,806.2942790000002,806.2942790000002,895.6299999999994,895.6299999999994,89.34999999999998,89.34999999999998,[]
37200007,U18 Omdeler,U36,foot,TSP,Type 1,148,,0,5190.7000000000035,5190.7000000000035,842.8288369999999,842.8288369999999,947.1099999999984,947.1099999999984,104.31000000000004,104.31000000000004,[]
37200007,U18 Omdeler,U36,foot,TSP,Type 2,148,,0,4446.9,4446.9,857.771779,857.771779,947.1099999999989,947.1099999999989,89.34999999999998,89.34999999999998,[]
37200007,U18 Omdeler,U37,foot,TSP,Type 1,148,,0,5190.7000000000035,5190.7000000000035,655.128837,655.128837,759.4099999999995,759.4099999999995,104.31000000000004,104.31000000000004,[]
37200007,U18 Omdeler,U37,foot,TSP,Type 2,148,,0,4446.9,4446.9,670.0717790000001,670.0717790000001,759.41,759.41,89.34999999999998,89.34999999999998,[]
37200007,U18 Omdeler,U38,foot,TSP,Type 1,148,,0,5190.7000000000035,5190.7000000000035,796.5388369999998,796.5388369999998,900.8200000000023,900.8200000000023,104.31000000000004,104.31000000000004,[]
37200007,U18 Omdeler,U38,foot,TSP,Type 2,148,,0,4446.9,4446.9,811.481779,811.481779,900.8200000000021,900.8200000000021,89.34999999999998,89.34999999999998,[]
37200007,U18 Omdeler,U39,foot,TSP,Type 1,148,,0,5190.7000000000035,5190.7000000000035,870.9088369999997,870.9088369999997,975.1900000000019,975.1900000000019,104.31000000000004,104.31000000000004,[]
37200007,U18 Omdeler,U39,foot,TSP,Type 2,148,,0,4446.9,4446.9,885.8517789999999,885.8517789999999,975.1900000000016,975.1900000000016,89.34999999999998,89.34999999999998,[]
37200300,O18 Omdeler,Gns. Oms,foot,TSP,Type 1,84,,0,3110.399999999999,3110.399999999999,425.58464,425.58464,513.9000000000003,513.9000000000003,88.30999999999996,88.30999999999996,[]
37200300,O18 Omdeler,Gns. Oms,foot,TSP,Type 2,84,,0,2987.199999999999,2987.199999999999,429.08351999999996,429.08351999999996,513.9000000000001,513.9000000000001,84.81,84.81,[]
37200300,O18 Omdeler,U36,foot,TSP,Type 1,84,47,1,3110.399999999999,3086.2999999999993,460.2546399999998,460.9390799999998,548.5899999999999,548.5899999999999,88.30999999999996,87.62999999999997,[47]
37200300,O18 Omdeler,U36,foot,TSP,Type 2,84,,0,2987.199999999999,2987.199999999999,463.7535199999998,463.7535199999998,548.5899999999999,548.5899999999999,84.81,84.81,[]
37200300,O18 Omdeler,U37,foot,TSP,Type 1,84,,0,3110.399999999999,3110.399999999999,357.5546400000001,357.5546400000001,445.8900000000005,445.8900000000005,88.30999999999996,88.30999999999996,[]
37200300,O18 Omdeler,U37,foot,TSP,Type 2,84,,0,2987.199999999999,2987.199999999999,361.0535200000001,361.0535200000001,445.8900000000004,445.8900000000004,84.81,84.81,[]
37200300,O18 Omdeler,U38,foot,TSP,Type 1,84,47,1,3110.399999999999,3086.2999999999993,428.78464,429.46908,517.12,517.12,88.30999999999996,87.62999999999997,[47]
37200300,O18 Omdeler,U38,foot,TSP,Type 2,84,,0,2987.199999999999,2987.199999999999,432.28352,432.28352,517.1200000000001,517.1200000000001,84.81,84.81,[]
37200300,O18 Omdeler,U39,foot,TSP,Type 1,84,,0,3110.399999999999,3110.399999999999,455.7446400000002,455.7446400000002,544.0799999999999,544.0799999999999,88.30999999999996,88.30999999999996,[]
37200300,O18 Omdeler,U39,foot,TSP,Type 2,84,,0,2987.199999999999,2987.199999999999,459.24352000000016,459.24352000000016,544.0799999999999,544.0799999999999,84.81,84.81,[]
37200300,SE Omdeler,Gns. Oms,foot,TSP,Type 1,84,47,1,3110.399999999999,3086.2999999999993,344.09216000000004,344.64802000000003,513.9000000000003,513.1400000000003,169.7999999999999,168.4799999999999,[47]
37200300,SE Omdeler,Gns. Oms,foot,TSP,Type 2,84,34,1,2987.199999999999,2826.4999999999995,350.81888000000004,352.04560000000004,513.9000000000001,506.35000000000025,163.08999999999997,154.3199999999999,[34]
37200300,SE Omdeler,U36,foot,TSP,Type 1,84,47,1,3110.399999999999,3086.2999999999993,378.7621599999999,380.07801999999987,548.5899999999999,548.5899999999999,169.7999999999999,168.4799999999999,[47]
37200300,SE Omdeler,U36,foot,TSP,Type 2,84,,0,2987.199999999999,2987.199999999999,385.4888799999999,385.4888799999999,548.5899999999999,548.5899999999999,163.08999999999997,163.08999999999997,[]
37200300,SE Omdeler,U37,foot,TSP,Type 1,84,"4, 5, 47, 50",4,3110.399999999999,2781.6999999999994,276.0621600000002,276.90918000000005,445.8900000000005,428.7900000000005,169.7999999999999,151.8599999999999,"[4, 5, 47, 50]"
37200300,SE Omdeler,U37,foot,TSP,Type 2,84,"34, 50",2,2987.199999999999,2727.3,282.7888800000002,285.8894200000001,445.8900000000004,434.80000000000047,163.08999999999997,148.90999999999988,"[34, 50]"
37200300,SE Omdeler,U38,foot,TSP,Type 1,84,47,1,3110.399999999999,3086.2999999999993,347.2921600000001,348.60802000000007,517.12,517.12,169.7999999999999,168.4799999999999,[47]
37200300,SE Omdeler,U38,foot,TSP,Type 2,84,34,1,2987.199999999999,2826.4999999999995,354.0188800000001,355.8231,517.1200000000001,510.15,163.08999999999997,154.3199999999999,[34]
37200300,SE Omdeler,U39,foot,TSP,Type 1,84,,0,3110.399999999999,3110.399999999999,374.25216000000023,374.25216000000023,544.0799999999999,544.0799999999999,169.7999999999999,169.7999999999999,[]
37200300,SE Omdeler,U39,foot,TSP,Type 2,84,34,1,2987.199999999999,2826.4999999999995,380.97888000000023,382.2331000000001,544.0799999999999,536.56,163.08999999999997,154.3199999999999,[34]
37200300,U18 Omdeler,Gns. Oms,foot,TSP,Type 1,84,,0,3110.399999999999,3110.399999999999,451.43206399999997,451.43206399999997,513.9000000000003,513.9000000000003,62.47000000000001,62.47000000000001,[]
37200300,U18 Omdeler,Gns. Oms,foot,TSP,Type 2,84,,0,2987.199999999999,2987.199999999999,453.907152,453.907152,513.9000000000001,513.9000000000001,60.00999999999999,60.00999999999999,[]
37200300,U18 Omdeler,U36,foot,TSP,Type 1,84,47,1,3110.399999999999,3086.2999999999993,486.1020639999998,486.5862329999998,548.5899999999999,548.5899999999999,62.47000000000001,61.990000000000016,[47]
37200300,U18 Omdeler,U36,foot,TSP,Type 2,84,,0,2987.199999999999,2987.199999999999,488.57715199999984,488.57715199999984,548.5899999999999,548.5899999999999,60.00999999999999,60.00999999999999,[]
37200300,U18 Omdeler,U37,foot,TSP,Type 1,84,,0,3110.399999999999,3110.399999999999,383.4020640000001,383.4020640000001,445.8900000000005,445.8900000000005,62.47000000000001,62.47000000000001,[]
37200300,U18 Omdeler,U37,foot,TSP,Type 2,84,,0,2987.199999999999,2987.199999999999,385.87715200000014,385.87715200000014,445.8900000000004,445.8900000000004,60.00999999999999,60.00999999999999,[]
37200300,U18 Omdeler,U38,foot,TSP,Type 1,84,47,1,3110.399999999999,3086.2999999999993,454.632064,455.116233,517.12,517.12,62.47000000000001,61.990000000000016,[47]
37200300,U18 Omdeler,U38,foot,TSP,Type 2,84,,0,2987.199999999999,2987.199999999999,457.10715200000004,457.10715200000004,517.1200000000001,517.1200000000001,60.00999999999999,60.00999999999999,[]
37200300,U18 Omdeler,U39,foot,TSP,Type 1,84,,0,3110.399999999999,3110.399999999999,481.59206400000016,481.59206400000016,544.0799999999999,544.0799999999999,62.47000000000001,62.47000000000001,[]
37200300,U18 Omdeler,U39,foot,TSP,Type 2,84,,0,2987.199999999999,2987.199999999999,484.0671520000002,484.0671520000002,544.0799999999999,544.0799999999999,60.00999999999999,60.00999999999999,[]
37200301,O18 Omdeler,Gns. Oms,foot,TSP,Type 1,106,,0,4343.999999999999,4343.999999999999,524.7629000000001,524.7629000000001,648.14,648.14,123.35999999999996,123.35999999999996,[]
37200301,O18 Omdeler,Gns. Oms,foot,TSP,Type 2,106,,0,4168.5,4168.5,529.7471,529.7471,648.14,648.14,118.35000000000005,118.35000000000005,[]
37200301,O18 Omdeler,U36,foot,TSP,Type 1,106,47,1,4343.999999999999,4343.9,552.7203999999999,552.72324,676.0899999999995,676.0899999999995,123.35999999999996,123.34999999999997,[47]
37200301,O18 Omdeler,U36,foot,TSP,Type 2,106,47,1,4168.5,4168.5,557.7045999999999,557.7046,676.0899999999997,676.0899999999997,118.35000000000005,118.34000000000006,[47]
37200301,O18 Omdeler,U37,foot,TSP,Type 1,106,,0,4343.999999999999,4343.999999999999,434.8804,434.8804,558.2500000000006,558.2500000000006,123.35999999999996,123.35999999999996,[]
37200301,O18 Omdeler,U37,foot,TSP,Type 2,106,,0,4168.5,4168.5,439.8646,439.8646,558.2500000000006,558.2500000000006,118.35000000000005,118.35000000000005,[]
37200301,O18 Omdeler,U38,foot,TSP,Type 1,106,,0,4343.999999999999,4343.999999999999,536.1103999999999,536.1103999999999,659.4800000000009,659.4800000000009,123.35999999999996,123.35999999999996,[]
37200301,O18 Omdeler,U38,foot,TSP,Type 2,106,,0,4168.5,4168.5,541.0945999999999,541.0945999999999,659.480000000001,659.480000000001,118.35000000000005,118.35000000000005,[]
37200301,O18 Omdeler,U39,foot,TSP,Type 1,106,,0,4343.999999999999,4343.999999999999,575.3404,575.3404,698.7100000000007,698.7100000000007,123.35999999999996,123.35999999999996,[]
37200301,O18 Omdeler,U39,foot,TSP,Type 2,106,,0,4168.5,4168.5,580.3246,580.3246,698.7100000000005,698.7100000000005,118.35000000000005,118.35000000000005,[]
37200301,SE Omdeler,Gns. Oms,foot,TSP,Type 1,106,31,1,4343.999999999999,4226.8,410.9501000000001,411.16921999999994,648.14,641.96,237.13000000000008,230.7300000000001,[31]
37200301,SE Omdeler,Gns. Oms,foot,TSP,Type 2,106,31,1,4168.5,4051.3,420.53240000000005,420.75151999999997,648.14,641.96,227.58999999999997,221.18999999999997,[31]
37200301,SE Omdeler,U36,foot,TSP,Type 1,106,79,1,4343.999999999999,4196.3,438.90759999999995,440.2920199999999,676.0899999999995,669.4099999999995,237.13000000000008,229.0600000000001,[79]
37200301,SE Omdeler,U36,foot,TSP,Type 2,106,79,1,4168.5,4020.9,448.4898999999999,449.86886,676.0899999999997,669.4099999999996,227.58999999999997,219.52999999999994,[79]
37200301,SE Omdeler,U37,foot,TSP,Type 1,106,"30, 31, 79",3,4343.999999999999,4003.4999999999995,321.0676,324.1789,558.2500000000006,542.7700000000006,237.13000000000008,218.5300000000001,"[30, 31, 79]"
37200301,SE Omdeler,U37,foot,TSP,Type 2,106,79,1,4168.5,4020.9,330.6499,333.54885999999993,558.2500000000006,553.0900000000006,227.58999999999997,219.52999999999994,[79]
37200301,SE Omdeler,U38,foot,TSP,Type 1,106,40,1,4343.999999999999,4310.7,422.29759999999993,422.72577999999993,659.4800000000009,658.0900000000009,237.13000000000008,235.3100000000001,[40]
37200301,SE Omdeler,U38,foot,TSP,Type 2,106,40,1,4168.5,4135.200000000001,431.8798999999999,432.3080799999999,659.480000000001,658.0900000000009,227.58999999999997,225.75999999999996,[40]
37200301,SE Omdeler,U39,foot,TSP,Type 1,106,,0,4343.999999999999,4343.999999999999,461.52760000000006,461.52760000000006,698.7100000000007,698.7100000000007,237.13000000000008,237.13000000000008,[]
37200301,SE Omdeler,U39,foot,TSP,Type 2,106,,0,4168.5,4168.5,471.10990000000004,471.10990000000004,698.7100000000005,698.7100000000005,227.58999999999997,227.58999999999997,[]
37200301,U18 Omdeler,Gns. Oms,foot,TSP,Type 1,106,,0,4343.999999999999,4343.999999999999,560.8615400000001,560.8615400000001,648.14,648.14,87.25000000000001,87.25000000000001,[]
37200301,U18 Omdeler,Gns. Oms,foot,TSP,Type 2,106,,0,4168.5,4168.5,564.387335,564.387335,648.14,648.14,83.72999999999998,83.72999999999998,[]
37200301,U18 Omdeler,U36,foot,TSP,Type 1,106,47,1,4343.999999999999,4343.9,588.81904,588.8210490000001,676.0899999999995,676.0899999999995,87.25000000000001,87.25000000000001,[47]
37200301,U18 Omdeler,U36,foot,TSP,Type 2,106,47,1,4168.5,4168.5,592.3448349999999,592.344835,676.0899999999997,676.0899999999997,83.72999999999998,83.71999999999997,[47]
37200301,U18 Omdeler,U37,foot,TSP,Type 1,106,,0,4343.999999999999,4343.999999999999,470.97904,470.97904,558.2500000000006,558.2500000000006,87.25000000000001,87.25000000000001,[]
37200301,U18 Omdeler,U37,foot,TSP,Type 2,106,,0,4168.5,4168.5,474.504835,474.504835,558.2500000000006,558.2500000000006,83.72999999999998,83.72999999999998,[]
37200301,U18 Omdeler,U38,foot,TSP,Type 1,106,,0,4343.999999999999,4343.999999999999,572.20904,572.20904,659.4800000000009,659.4800000000009,87.25000000000001,87.25000000000001,[]
37200301,U18 Omdeler,U38,foot,TSP,Type 2,106,,0,4168.5,4168.5,575.7348349999999,575.7348349999999,659.480000000001,659.480000000001,83.72999999999998,83.72999999999998,[]
37200301,U18 Omdeler,U39,foot,TSP,Type 1,106,,0,4343.999999999999,4343.999999999999,611.4390400000001,611.4390400000001,698.7100000000007,698.7100000000007,87.25000000000001,87.25000000000001,[]
37200301,U18 Omdeler,U39,foot,TSP,Type 2,106,,0,4168.5,4168.5,614.964835,614.964835,698.7100000000005,698.7100000000005,83.72999999999998,83.72999999999998,[]
37200302,O18 Omdeler,Gns. Oms,foot,TSP,Type 1,71,"0, 1, 2, 68, 70",5,3965.000000000001,2804.2000000000003,307.7165,323.75572,420.34000000000026,403.40000000000026,112.60000000000001,79.63,"[0, 1, 2, 68, 70]"
37200302,O18 Omdeler,Gns. Oms,foot,TSP,Type 2,71,"68, 70",2,3730.0000000000005,3434.1000000000004,314.39050000000003,320.01656,420.34000000000043,417.5600000000004,105.95999999999997,97.54999999999997,"[68, 70]"
37200302,O18 Omdeler,U36,foot,TSP,Type 1,71,"0, 1, 2, 3, 4, 66, 67, 68, 69, 70",10,3965.000000000001,2132.5,316.6439999999999,355.9169999999999,429.2500000000002,416.4800000000002,112.60000000000001,60.56000000000002,"[0, 1, 2, 3, 4, 66, 67, 68, 69, 70]"
37200302,O18 Omdeler,U36,foot,TSP,Type 2,71,"68, 70",2,3730.0000000000005,3434.1000000000004,323.3179999999999,331.72155999999995,429.2500000000001,429.2500000000001,105.95999999999997,97.54999999999997,"[68, 70]"
37200302,O18 Omdeler,U37,foot,TSP,Type 1,71,"67, 68, 69, 70",4,3965.000000000001,3562.700000000001,278.464,282.38932,391.07000000000033,383.57000000000033,112.60000000000001,101.17,"[67, 68, 69, 70]"
37200302,O18 Omdeler,U37,foot,TSP,Type 2,71,68,1,3730.0000000000005,3569.3000000000006,285.13800000000003,288.00188,391.07000000000016,389.3700000000002,105.95999999999997,101.38999999999997,[68]
37200302,O18 Omdeler,U38,foot,TSP,Type 1,71,"0, 1, 2, 3, 4, 66, 67, 68, 69, 70",10,3965.000000000001,2132.5,285.6039999999999,330.67699999999996,398.21,391.23999999999995,112.60000000000001,60.56000000000002,"[0, 1, 2, 3, 4, 66, 67, 68, 69, 70]"
37200302,O18 Omdeler,U38,foot,TSP,Type 2,71,"0, 1, 2, 3, 4, 66, 67, 68, 69, 70",10,3730.0000000000005,2045.1999999999996,292.27799999999996,333.15632000000005,398.21000000000015,391.24,105.95999999999997,58.120000000000005,"[0, 1, 2, 3, 4, 66, 67, 68, 69, 70]"
37200302,O18 Omdeler,U39,foot,TSP,Type 1,71,"4, 68, 70",3,3965.000000000001,3552.500000000001,350.1539999999998,355.2189999999999,462.7599999999998,456.10999999999984,112.60000000000001,100.89,"[4, 68, 70]"
37200302,O18 Omdeler,U39,foot,TSP,Type 2,71,"68, 70",2,3730.0000000000005,3434.1000000000004,356.82799999999986,360.7715599999999,462.75999999999965,458.29999999999967,105.95999999999997,97.54999999999997,"[68, 70]"
37200302,SE Omdeler,Gns. Oms,foot,TSP,Type 1,71,"0, 1, 2, 3, 4, 66, 67, 68, 69, 70",10,3965.000000000001,2132.5,203.8335,279.538,420.34000000000026,395.9700000000002,216.49000000000007,116.42000000000002,"[0, 1, 2, 3, 4, 66, 67, 68, 69, 70]"
37200302,SE Omdeler,Gns. Oms,foot,TSP,Type 2,71,"0, 1, 2, 3, 4, 67, 68, 69, 70",9,3730.0000000000005,2325.3999999999996,216.6645,270.91066,420.34000000000043,397.8800000000002,203.67000000000002,126.98,"[0, 1, 2, 3, 4, 67, 68, 69, 70]"
37200302,SE Omdeler,U36,foot,TSP,Type 1,71,"0, 1, 2, 3, 4, 66, 67, 68, 69, 70",10,3965.000000000001,2132.5,212.76099999999988,300.04549999999995,429.2500000000002,416.4800000000002,216.49000000000007,116.42000000000002,"[0, 1, 2, 3, 4, 66, 67, 68, 69, 70]"
37200302,SE Omdeler,U36,foot,TSP,Type 2,71,"0, 1, 2, 3, 4, 66, 67, 68, 69, 70",10,3730.0000000000005,2045.1999999999996,225.5919999999999,304.81208,429.2500000000001,416.4800000000002,203.67000000000002,111.68,"[0, 1, 2, 3, 4, 66, 67, 68, 69, 70]"
37200302,SE Omdeler,U37,foot,TSP,Type 1,71,"0, 1, 2, 68, 70",5,3965.000000000001,2804.2000000000003,174.581,208.61068,391.07000000000033,361.7200000000002,216.49000000000007,153.10999999999999,"[0, 1, 2, 68, 70]"
37200302,SE Omdeler,U37,foot,TSP,Type 2,71,"68, 70",2,3730.0000000000005,3434.1000000000004,187.412,196.91814000000002,391.07000000000016,384.4200000000002,203.67000000000002,187.51999999999998,"[68, 70]"
37200302,SE Omdeler,U38,foot,TSP,Type 1,71,"0, 1, 2, 3, 4, 66, 67, 68, 69, 70",10,3965.000000000001,2132.5,181.72099999999992,274.8055,398.21,391.23999999999995,216.49000000000007,116.42000000000002,"[0, 1, 2, 3, 4, 66, 67, 68, 69, 70]"
37200302,SE Omdeler,U38,foot,TSP,Type 2,71,"0, 1, 2, 3, 4, 66, 67, 68, 69, 70",10,3730.0000000000005,2045.1999999999996,194.55199999999994,279.57208,398.21000000000015,391.24,203.67000000000002,111.68,"[0, 1, 2, 3, 4, 66, 67, 68, 69, 70]"
37200302,SE Omdeler,U39,foot,TSP,Type 1,71,"0, 1, 2, 68, 70",5,3965.000000000001,2804.2000000000003,246.27099999999982,289.2606799999999,462.7599999999998,442.36999999999983,216.49000000000007,153.10999999999999,"[0, 1, 2, 68, 70]"
37200302,SE Omdeler,U39,foot,TSP,Type 2,71,"68, 70",2,3730.0000000000005,3434.1000000000004,259.10199999999986,270.7981399999999,462.75999999999965,458.29999999999967,203.67000000000002,187.51999999999998,"[68, 70]"
37200302,U18 Omdeler,Gns. Oms,foot,TSP,Type 1,71,"67, 68, 69, 70",4,3965.000000000001,3562.700000000001,340.66565,344.36535699999996,420.34000000000026,415.9600000000002,79.66000000000001,71.59,"[67, 68, 69, 70]"
37200302,U18 Omdeler,Gns. Oms,foot,TSP,Type 2,71,"68, 70",2,3730.0000000000005,3434.1000000000004,345.38680000000005,348.55393100000003,420.34000000000043,417.5600000000004,74.94,69.0,"[68, 70]"
37200302,U18 Omdeler,U36,foot,TSP,Type 1,71,"0, 1, 2, 68, 70",5,3965.000000000001,2804.2000000000003,349.5931499999999,361.913622,429.2500000000002,418.2500000000002,79.66000000000001,56.36000000000002,"[0, 1, 2, 68, 70]"
37200302,U18 Omdeler,U36,foot,TSP,Type 2,71,"68, 70",2,3730.0000000000005,3434.1000000000004,354.31429999999995,360.25893099999996,429.2500000000001,429.2500000000001,74.94,69.0,"[68, 70]"
37200302,U18 Omdeler,U37,foot,TSP,Type 1,71,68,1,3965.000000000001,3804.300000000001,311.41315000000003,312.941613,391.07000000000033,389.37000000000035,79.66000000000001,76.44000000000001,[68]
37200302,U18 Omdeler,U37,foot,TSP,Type 2,71,68,1,3730.0000000000005,3569.3000000000006,316.13430000000005,317.66276300000004,391.07000000000016,389.3700000000002,74.94,71.72,[68]
37200302,U18 Omdeler,U38,foot,TSP,Type 1,71,"0, 1, 2, 3, 4, 66, 67, 68, 69, 70",10,3965.000000000001,2132.5,318.55314999999996,348.398075,398.21,391.23999999999995,79.66000000000001,42.86000000000001,"[0, 1, 2, 3, 4, 66, 67, 68, 69, 70]"
37200302,U18 Omdeler,U38,foot,TSP,Type 2,71,"0, 1, 2, 3, 4, 66, 67, 68, 69, 70",10,3730.0000000000005,2045.1999999999996,323.2743,350.15193200000004,398.21000000000015,391.24,74.94,41.10999999999999,"[0, 1, 2, 3, 4, 66, 67, 68, 69, 70]"
37200302,U18 Omdeler,U39,foot,TSP,Type 1,71,"4, 68, 70",3,3965.000000000001,3552.500000000001,383.10314999999986,384.74027499999994,462.7599999999998,456.10999999999984,79.66000000000001,71.38000000000001,"[4, 68, 70]"
37200302,U18 Omdeler,U39,foot,TSP,Type 2,71,"68, 70",2,3730.0000000000005,3434.1000000000004,387.8242999999999,389.3089309999999,462.75999999999965,458.29999999999967,74.94,69.0,"[68, 70]"
37200500,O18 Omdeler,Gns. Oms,car,HPP,Type 1,110,"58, 100, 101, 103",4,4611.100000000001,3683.900000000001,585.168216,594.434484,766.9900000000005,739.6900000000005,181.89000000000007,145.31,"[58, 100, 101, 103]"
37200500,O18 Omdeler,Gns. Oms,car,HPP,Type 2,110,"103, 109",2,4203.599999999999,3404.3999999999987,601.2400160000001,617.170464,766.9900000000006,751.4000000000004,165.79000000000002,134.25999999999993,"[103, 109]"
37200500,O18 Omdeler,U36,car,HPP,Type 1,110,"58, 100, 101, 103",4,4611.100000000001,3683.900000000001,617.3082159999998,625.7769839999999,799.169999999999,771.0699999999991,181.89000000000007,145.31,"[58, 100, 101, 103]"
37200500,O18 Omdeler,U36,car,HPP,Type 2,110,"103, 109",2,4203.599999999999,3404.3999999999987,633.3800159999998,648.5404639999999,799.1699999999986,782.8099999999989,165.79000000000002,134.25999999999993,"[103, 109]"
37200500,O18 Omdeler,U37,car,HPP,Type 1,110,"58, 100, 101, 103, 109",5,4611.100000000001,3511.500000000001,487.75821600000006,499.46644,669.6200000000001,637.96,181.89000000000007,138.51,"[58, 100, 101, 103, 109]"
37200500,O18 Omdeler,U37,car,HPP,Type 2,110,"103, 109",2,4203.599999999999,3404.3999999999987,503.8300160000001,520.740464,669.6200000000001,655.01,165.79000000000002,134.25999999999993,"[103, 109]"
37200500,O18 Omdeler,U38,car,HPP,Type 1,110,"58, 100, 101, 103",4,4611.100000000001,3683.900000000001,586.9982160000002,597.3969840000001,768.8600000000007,742.6900000000005,181.89000000000007,145.31,"[58, 100, 101, 103]"
37200500,O18 Omdeler,U38,car,HPP,Type 2,110,"103, 109",2,4203.599999999999,3404.3999999999987,603.0700160000002,619.4304640000001,768.8600000000008,753.7000000000003,165.79000000000002,134.25999999999993,"[103, 109]"
37200500,O18 Omdeler,U39,car,HPP,Type 1,110,"58, 100, 101, 103",4,4611.100000000001,3683.900000000001,648.6082160000001,655.936984,830.4699999999999,801.2299999999999,181.89000000000007,145.31,"[58, 100, 101, 103]"
37200500,O18 Omdeler,U39,car,HPP,Type 2,110,"103, 109",2,4203.599999999999,3404.3999999999987,664.6800160000001,679.970464,830.47,814.24,165.79000000000002,134.25999999999993,"[103, 109]"
37200500,SE Omdeler,Gns. Oms,car,HPP,Type 1,110,"58, 100, 101, 103, 109",5,4611.100000000001,3511.500000000001,417.370287,466.370455,766.9900000000005,732.6100000000005,349.6499999999999,266.25999999999993,"[58, 100, 101, 103, 109]"
37200500,SE Omdeler,Gns. Oms,car,HPP,Type 2,110,"103, 109",2,4203.599999999999,3404.3999999999987,448.27101200000016,493.2843480000002,766.9900000000006,751.4000000000004,318.6899999999998,258.1000000000001,"[103, 109]"
37200500,SE Omdeler,U36,car,HPP,Type 1,110,"58, 100, 101, 103, 109",5,4611.100000000001,3511.500000000001,449.5102869999998,497.11295499999994,799.169999999999,763.3899999999992,349.6499999999999,266.25999999999993,"[58, 100, 101, 103, 109]"
37200500,SE Omdeler,U36,car,HPP,Type 2,110,"103, 109",2,4203.599999999999,3404.3999999999987,480.4110119999999,524.654348,799.1699999999986,782.8099999999989,318.6899999999998,258.1000000000001,"[103, 109]"
37200500,SE Omdeler,U37,car,HPP,Type 1,110,"58, 100, 101, 103, 109",5,4611.100000000001,3511.500000000001,319.96028700000005,371.682955,669.6200000000001,637.96,349.6499999999999,266.25999999999993,"[58, 100, 101, 103, 109]"
37200500,SE Omdeler,U37,car,HPP,Type 2,110,"103, 109",2,4203.599999999999,3404.3999999999987,350.8610120000002,396.85434800000013,669.6200000000001,655.01,318.6899999999998,258.1000000000001,"[103, 109]"
37200500,SE Omdeler,U38,car,HPP,Type 1,110,"58, 100, 101, 103, 109",5,4611.100000000001,3511.500000000001,419.2002870000002,469.3229550000001,768.8600000000007,735.6000000000005,349.6499999999999,266.25999999999993,"[58, 100, 101, 103, 109]"
37200500,SE Omdeler,U38,car,HPP,Type 2,110,"103, 109",2,4203.599999999999,3404.3999999999987,450.1010120000003,495.5443480000003,768.8600000000008,753.7000000000003,318.6899999999998,258.1000000000001,"[103, 109]"
37200500,SE Omdeler,U39,car,HPP,Type 1,110,"58, 100, 101, 103, 109",5,4611.100000000001,3511.500000000001,480.8102870000001,527.362955,830.4699999999999,793.6399999999999,349.6499999999999,266.25999999999993,"[58, 100, 101, 103, 109]"
37200500,SE Omdeler,U39,car,HPP,Type 2,110,"103, 109",2,4203.599999999999,3404.3999999999987,511.7110120000002,556.0843480000001,830.47,814.24,318.6899999999998,258.1000000000001,"[103, 109]"
37200501,O18 Omdeler,Gns. Oms,car,HPP,Type 1,124,"68, 69, 121, 122, 123",5,4933.599999999999,3740.699999999999,683.4213159999999,703.884292,877.9600000000006,851.3800000000005,194.64,147.59999999999997,"[68, 69, 121, 122, 123]"
37200501,O18 Omdeler,Gns. Oms,car,HPP,Type 2,124,"68, 69, 121, 122, 123",5,4485.4000000000015,3530.6000000000017,701.0983239999998,712.1706359999998,877.9600000000006,851.3800000000008,176.98000000000008,139.3,"[68, 69, 121, 122, 123]"
37200501,O18 Omdeler,U36,car,HPP,Type 1,124,"56, 68, 69, 123",4,4933.599999999999,4136.699999999999,707.308816,727.5085520000001,901.8899999999982,890.6599999999983,194.64,163.21,"[56, 68, 69, 123]"
37200501,O18 Omdeler,U36,car,HPP,Type 2,124,"68, 69, 123",3,4485.4000000000015,3921.399999999999,724.9858239999999,735.999984,901.8899999999979,890.6599999999981,176.98000000000008,154.70000000000007,"[68, 69, 123]"
37200501,O18 Omdeler,U37,car,HPP,Type 1,124,"68, 69, 121, 122, 123",5,4933.599999999999,3740.699999999999,586.5088160000001,608.736792,781.0900000000001,756.27,194.64,147.59999999999997,"[68, 69, 121, 122, 123]"
37200501,O18 Omdeler,U37,car,HPP,Type 2,124,"68, 69, 121, 122, 123",5,4485.4000000000015,3530.6000000000017,604.1858240000001,617.023136,781.0900000000003,756.2700000000003,176.98000000000008,139.3,"[68, 69, 121, 122, 123]"
37200501,O18 Omdeler,U38,car,HPP,Type 1,124,"68, 69, 121, 122, 123",5,4933.599999999999,3740.699999999999,679.1588160000001,700.5467920000004,873.7400000000011,848.080000000001,194.64,147.59999999999997,"[68, 69, 121, 122, 123]"
37200501,O18 Omdeler,U38,car,HPP,Type 2,124,"68, 69, 121, 122, 123",5,4485.4000000000015,3530.6000000000017,696.835824,708.8331360000002,873.7400000000009,848.0800000000007,176.98000000000008,139.3,"[68, 69, 121, 122, 123]"
37200501,O18 Omdeler,U39,car,HPP,Type 1,124,"68, 69, 121, 122, 123",5,4933.599999999999,3740.699999999999,760.708816,779.3667920000001,955.2899999999998,926.9,194.64,147.59999999999997,"[68, 69, 121, 122, 123]"
37200501,O18 Omdeler,U39,car,HPP,Type 2,124,"68, 69, 123",3,4485.4000000000015,3921.399999999999,778.385824,788.3499840000002,955.2899999999998,943.0100000000002,176.98000000000008,154.70000000000007,"[68, 69, 123]"
37200501,SE Omdeler,Gns. Oms,car,HPP,Type 1,124,"40, 41, 68, 69, 121, 122, 123",7,4933.599999999999,3461.4999999999986,503.887612,574.771955,877.9600000000006,837.2200000000006,374.14000000000016,262.49,"[40, 41, 68, 69, 121, 122, 123]"
37200501,SE Omdeler,Gns. Oms,car,HPP,Type 2,124,"68, 69, 121, 122, 123",5,4485.4000000000015,3530.6000000000017,537.8746179999998,583.6921019999997,877.9600000000006,851.3800000000008,340.10999999999973,267.7200000000001,"[68, 69, 121, 122, 123]"
37200501,SE Omdeler,U36,car,HPP,Type 1,124,"40, 41, 68, 69, 121, 122, 123",7,4933.599999999999,3461.4999999999986,527.775112,596.5744550000001,901.8899999999982,859.0599999999985,374.14000000000016,262.49,"[40, 41, 68, 69, 121, 122, 123]"
37200501,SE Omdeler,U36,car,HPP,Type 2,124,"68, 69, 121, 122, 123",5,4485.4000000000015,3530.6000000000017,561.7621179999999,606.6946019999996,901.8899999999979,874.4199999999988,340.10999999999973,267.7200000000001,"[68, 69, 121, 122, 123]"
37200501,SE Omdeler,U37,car,HPP,Type 1,124,"40, 41, 68, 69, 121, 122, 123",7,4933.599999999999,3461.4999999999986,406.9751120000002,481.864455,781.0900000000001,744.35,374.14000000000016,262.49,"[40, 41, 68, 69, 121, 122, 123]"
37200501,SE Omdeler,U37,car,HPP,Type 2,124,"68, 69, 121, 122, 123",5,4485.4000000000015,3530.6000000000017,440.96211800000003,488.5446019999998,781.0900000000003,756.2700000000003,340.10999999999973,267.7200000000001,"[68, 69, 121, 122, 123]"
37200501,SE Omdeler,U38,car,HPP,Type 1,124,"40, 41, 68, 69, 121, 122, 123",7,4933.599999999999,3461.4999999999986,499.6251120000002,571.4144550000004,873.7400000000011,833.900000000001,374.14000000000016,262.49,"[40, 41, 68, 69, 121, 122, 123]"
37200501,SE Omdeler,U38,car,HPP,Type 2,124,"68, 69, 121, 122, 123",5,4485.4000000000015,3530.6000000000017,533.612118,580.3546020000002,873.7400000000009,848.0800000000007,340.10999999999973,267.7200000000001,"[68, 69, 121, 122, 123]"
37200501,SE Omdeler,U39,car,HPP,Type 1,124,"40, 41, 68, 69, 121, 122, 123",7,4933.599999999999,3461.4999999999986,581.175112,649.2344550000001,955.2899999999998,911.7199999999999,374.14000000000016,262.49,"[40, 41, 68, 69, 121, 122, 123]"
37200501,SE Omdeler,U39,car,HPP,Type 2,124,"68, 69, 121, 122, 123",5,4485.4000000000015,3530.6000000000017,615.1621179999999,659.1746019999999,955.2899999999998,926.8999999999999,340.10999999999973,267.7200000000001,"[68, 69, 121, 122, 123]"
37200502,O18 Omdeler,Gns. Oms,car,HPP,Type 1,97,"21, 31, 32",3,6476.300000000002,5826.9000000000015,445.87222799999995,461.65956400000005,701.2600000000006,691.4300000000005,255.39999999999992,229.7899999999999,"[21, 31, 32]"
37200502,O18 Omdeler,Gns. Oms,car,HPP,Type 2,97,6,1,6440.900000000001,5829.8,447.268404,463.40018799999996,701.2600000000004,693.2900000000005,254.05,229.89999999999998,[6]
37200502,O18 Omdeler,U36,car,HPP,Type 1,97,"21, 22, 31, 32",4,6476.300000000002,5826.9000000000015,471.7147279999999,488.7370639999999,727.1399999999992,718.5499999999993,255.39999999999992,229.7899999999999,"[21, 22, 31, 32]"
37200502,O18 Omdeler,U36,car,HPP,Type 2,97,"31, 32",2,6440.900000000001,5817.800000000001,473.11090399999995,490.00596799999977,727.139999999999,719.4599999999992,254.05,229.41999999999996,"[31, 32]"
37200502,O18 Omdeler,U37,car,HPP,Type 1,97,"21, 22, 31, 32",4,6476.300000000002,5826.9000000000015,380.93472799999984,397.97706400000004,636.3600000000002,627.7900000000002,255.39999999999992,229.7899999999999,"[21, 22, 31, 32]"
37200502,O18 Omdeler,U37,car,HPP,Type 2,97,"37, 83",2,6440.900000000001,5702.799999999998,382.33090399999986,402.6715680000002,636.3600000000001,627.5899999999998,254.05,224.89,"[37, 83]"
37200502,O18 Omdeler,U38,car,HPP,Type 1,97,"21, 31, 32",3,6476.300000000002,5826.9000000000015,437.84472800000003,455.4570640000002,693.2700000000008,685.2700000000007,255.39999999999992,229.7899999999999,"[21, 31, 32]"
37200502,O18 Omdeler,U38,car,HPP,Type 2,97,"31, 32",2,6440.900000000001,5817.800000000001,439.24090400000006,456.72596800000025,693.2700000000008,686.1800000000005,254.05,229.41999999999996,"[31, 32]"
37200502,O18 Omdeler,U39,car,HPP,Type 1,97,"21, 22, 31",3,6476.300000000002,6026.800000000002,492.9947279999999,506.093008,748.4200000000001,743.7900000000001,255.39999999999992,237.6699999999999,"[21, 22, 31]"
37200502,O18 Omdeler,U39,car,HPP,Type 2,97,6,1,6440.900000000001,5829.8,494.3909039999999,509.97268800000006,748.42,739.8999999999999,254.05,229.89999999999998,[6]
37200502,SE Omdeler,Gns. Oms,car,HPP,Type 1,97,"6, 31, 32, 59, 60",5,6476.300000000002,5479.8,210.1996709999999,254.07676600000005,701.2600000000006,669.5700000000005,491.05000000000007,415.49000000000007,"[6, 31, 32, 59, 60]"
37200502,SE Omdeler,Gns. Oms,car,HPP,Type 2,97,"5, 6, 37, 83",4,6440.900000000001,5436.299999999999,212.884053,261.0178710000001,701.2600000000004,673.2100000000004,488.3599999999997,412.21999999999986,"[5, 6, 37, 83]"
37200502,SE Omdeler,U36,car,HPP,Type 1,97,"6, 31, 32, 59, 60",5,6476.300000000002,5479.8,236.04217099999988,280.00676599999997,727.1399999999992,695.5399999999994,491.05000000000007,415.49000000000007,"[6, 31, 32, 59, 60]"
37200502,SE Omdeler,U36,car,HPP,Type 2,97,"5, 6, 37, 83",4,6440.900000000001,5436.299999999999,238.72655299999997,288.115371,727.139999999999,700.3499999999993,488.3599999999997,412.21999999999986,"[5, 6, 37, 83]"
37200502,SE Omdeler,U37,car,HPP,Type 1,97,"6, 31, 32, 59, 60",5,6476.300000000002,5479.8,145.2621709999998,193.56676600000006,636.3600000000002,609.1000000000001,491.05000000000007,415.49000000000007,"[6, 31, 32, 59, 60]"
37200502,SE Omdeler,U37,car,HPP,Type 2,97,"31, 32, 59, 60",4,6440.900000000001,5370.500000000002,147.94655299999988,208.68498500000004,636.3600000000001,615.9299999999997,488.3599999999997,407.20000000000016,"[31, 32, 59, 60]"
37200502,SE Omdeler,U38,car,HPP,Type 1,97,"6, 31, 32, 59, 60",5,6476.300000000002,5479.8,202.172171,248.49676600000024,693.2700000000008,664.0300000000007,491.05000000000007,415.49000000000007,"[6, 31, 32, 59, 60]"
37200502,SE Omdeler,U38,car,HPP,Type 2,97,"31, 32, 59, 60",4,6440.900000000001,5370.500000000002,204.85655300000008,264.754985,693.2700000000008,672.0000000000005,488.3599999999997,407.20000000000016,"[31, 32, 59, 60]"
37200502,SE Omdeler,U39,car,HPP,Type 1,97,"6, 19, 20, 21, 59, 60",6,6476.300000000002,5433.400000000001,257.32217099999986,296.28527800000006,748.4200000000001,708.3,491.05000000000007,411.97,"[6, 19, 20, 21, 59, 60]"
37200502,SE Omdeler,U39,car,HPP,Type 2,97,"5, 6, 37, 83",4,6440.900000000001,5436.299999999999,260.00655299999994,306.5053710000001,748.42,718.7399999999997,488.3599999999997,412.21999999999986,"[5, 6, 37, 83]"
37200503,O18 Omdeler,Gns. Oms,car,HPP,Type 1,103,"23, 96, 102",3,7799.899999999999,6702.999999999999,427.2819440000001,449.30368,734.9200000000008,713.6800000000006,307.61999999999995,264.35999999999996,"[23, 96, 102]"
37200503,O18 Omdeler,Gns. Oms,car,HPP,Type 2,103,102,1,7450.099999999998,6941.099999999998,441.0780560000002,454.0730160000001,734.9200000000005,727.8400000000006,293.81,273.74000000000007,[102]
37200503,O18 Omdeler,U36,car,HPP,Type 1,103,"23, 96, 102",3,7799.899999999999,6702.999999999999,457.3719439999998,477.59367999999995,764.9999999999989,741.959999999999,307.61999999999995,264.35999999999996,"[23, 96, 102]"
37200503,O18 Omdeler,U36,car,HPP,Type 2,103,102,1,7450.099999999998,6941.099999999998,471.16805599999986,483.5630159999999,764.9999999999989,757.3199999999989,293.81,273.74000000000007,[102]
37200503,O18 Omdeler,U37,car,HPP,Type 1,103,"23, 96, 102",3,7799.899999999999,6702.999999999999,353.89194400000025,379.2736800000001,661.5200000000002,643.6400000000001,307.61999999999995,264.35999999999996,"[23, 96, 102]"
37200503,O18 Omdeler,U37,car,HPP,Type 2,103,102,1,7450.099999999998,6941.099999999998,367.6880560000003,381.80301600000024,661.52,655.5600000000001,293.81,273.74000000000007,[102]
37200503,O18 Omdeler,U38,car,HPP,Type 1,103,"74, 96, 102",3,7799.899999999999,6662.0999999999985,411.3519440000002,434.0767760000001,718.9800000000004,696.8300000000003,307.61999999999995,262.74999999999994,"[74, 96, 102]"
37200503,O18 Omdeler,U38,car,HPP,Type 2,103,102,1,7450.099999999998,6941.099999999998,425.1480560000002,438.13301600000017,718.9800000000006,711.8900000000006,293.81,273.74000000000007,[102]
37200503,O18 Omdeler,U39,car,HPP,Type 1,103,"74, 96, 102",3,7799.899999999999,6662.0999999999985,486.51194400000026,507.68677600000024,794.14,770.4399999999999,307.61999999999995,262.74999999999994,"[74, 96, 102]"
37200503,O18 Omdeler,U39,car,HPP,Type 2,103,102,1,7450.099999999998,6941.099999999998,500.3080560000003,512.7930160000003,794.14,786.55,293.81,273.74000000000007,[102]
37200503,SE Omdeler,Gns. Oms,car,HPP,Type 1,103,"82, 83, 84, 96, 102",5,7799.899999999999,6471.699999999998,143.44358300000022,207.8709890000003,734.9200000000008,698.6300000000006,591.48,490.7700000000001,"[82, 83, 84, 96, 102]"
37200503,SE Omdeler,Gns. Oms,car,HPP,Type 2,103,"79, 80, 81, 82, 83, 84, 94, 95, 96",9,7450.099999999998,6018.8,169.96891700000026,216.73439600000006,734.9200000000005,673.1500000000005,564.9200000000002,456.40999999999997,"[79, 80, 81, 82, 83, 84, 94, 95, 96]"
37200503,SE Omdeler,U36,car,HPP,Type 1,103,"82, 83, 84, 96, 102",5,7799.899999999999,6471.699999999998,173.5335829999999,234.9709890000002,764.9999999999989,725.7199999999991,591.48,490.7700000000001,"[82, 83, 84, 96, 102]"
37200503,SE Omdeler,U36,car,HPP,Type 2,103,"79, 80, 81, 82, 83, 84, 94, 95, 96",9,7450.099999999998,6018.8,200.05891699999995,243.05439599999988,764.9999999999989,699.4599999999994,564.9200000000002,456.40999999999997,"[79, 80, 81, 82, 83, 84, 94, 95, 96]"
37200503,SE Omdeler,U37,car,HPP,Type 1,103,"69, 70, 71, 72, 73, 74, 96, 102",8,7799.899999999999,6252.299999999998,70.05358300000034,141.62809100000015,661.5200000000002,615.7399999999999,591.48,474.12,"[69, 70, 71, 72, 73, 74, 96, 102]"
37200503,SE Omdeler,U37,car,HPP,Type 2,103,"79, 80, 81, 82, 83, 84, 94, 95, 96",9,7450.099999999998,6018.8,96.57891700000039,151.6843960000001,661.52,608.09,564.9200000000002,456.40999999999997,"[79, 80, 81, 82, 83, 84, 94, 95, 96]"
37200503,SE Omdeler,U38,car,HPP,Type 1,103,"69, 70, 71, 72, 73, 74, 96, 102",8,7799.899999999999,6252.299999999998,127.51358300000027,193.37809100000027,718.9800000000004,667.4900000000002,591.48,474.12,"[69, 70, 71, 72, 73, 74, 96, 102]"
37200503,SE Omdeler,U38,car,HPP,Type 2,103,"79, 80, 81, 82, 83, 84, 94, 95, 96",9,7450.099999999998,6018.8,154.0389170000003,199.48439600000006,718.9800000000006,655.8900000000002,564.9200000000002,456.40999999999997,"[79, 80, 81, 82, 83, 84, 94, 95, 96]"
37200503,SE Omdeler,U39,car,HPP,Type 1,103,"74, 96, 102",3,7799.899999999999,6662.0999999999985,202.67358300000035,265.2529570000003,794.14,770.4399999999999,591.48,505.20000000000005,"[74, 96, 102]"
37200503,SE Omdeler,U39,car,HPP,Type 2,103,"79, 80, 81, 82, 83, 84, 94, 95, 96",9,7450.099999999998,6018.8,229.1989170000004,272.7143960000002,794.14,729.1199999999998,564.9200000000002,456.40999999999997,"[79, 80, 81, 82, 83, 84, 94, 95, 96]"
37200504,O18 Omdeler,Gns. Oms,car,HPP,Type 1,121,"41, 42, 101",3,7000.7,6405.799999999999,597.689892,607.9027479999999,873.7900000000009,860.5300000000008,276.11,252.64999999999995,"[41, 42, 101]"
37200504,O18 Omdeler,Gns. Oms,car,HPP,Type 2,121,"81, 82, 83, 84, 86",5,6669.8,5796.899999999998,610.740588,616.0352640000002,873.790000000001,844.6600000000008,263.0499999999998,228.62999999999988,"[81, 82, 83, 84, 86]"
37200504,O18 Omdeler,U36,car,HPP,Type 1,121,"41, 42, 101",3,7000.7,6405.799999999999,635.9623919999999,646.2252479999996,912.0699999999985,898.8699999999985,276.11,252.64999999999995,"[41, 42, 101]"
37200504,O18 Omdeler,U36,car,HPP,Type 2,121,"81, 82, 83, 84, 86",5,6669.8,5796.899999999998,649.0130879999999,653.630264,912.0699999999983,882.2599999999986,263.0499999999998,228.62999999999988,"[81, 82, 83, 84, 86]"
37200504,O18 Omdeler,U37,car,HPP,Type 1,121,"42, 81, 82, 83, 84, 85, 86",7,7000.7,5701.5,477.51239199999986,495.6128399999999,753.6200000000003,720.4800000000001,276.11,224.88,"[42, 81, 82, 83, 84, 85, 86]"
37200504,O18 Omdeler,U37,car,HPP,Type 2,121,"81, 82, 83, 84, 85, 86",6,6669.8,5627.199999999998,490.5630879999999,502.683232,753.6200000000006,724.6200000000006,263.0499999999998,221.9399999999999,"[81, 82, 83, 84, 85, 86]"
37200504,O18 Omdeler,U38,car,HPP,Type 1,121,"42, 84, 85, 86",4,7000.7,6208.499999999999,600.122392,613.6567600000001,876.2300000000008,858.5200000000008,276.11,244.85999999999999,"[42, 84, 85, 86]"
37200504,O18 Omdeler,U38,car,HPP,Type 2,121,"42, 101",2,6669.8,6304.599999999999,613.173088,617.9465760000002,876.2300000000009,866.6000000000012,263.0499999999998,248.61999999999995,"[42, 101]"
37200504,O18 Omdeler,U39,car,HPP,Type 1,121,"42, 81, 82, 83, 84",5,7000.7,5980.499999999999,677.1623920000001,686.1190800000002,953.2699999999998,921.9899999999999,276.11,235.87999999999997,"[42, 81, 82, 83, 84]"
37200504,O18 Omdeler,U39,car,HPP,Type 2,121,"81, 82, 83, 84, 86",5,6669.8,5796.899999999998,690.2130880000001,694.5702640000003,953.2699999999998,923.1999999999999,263.0499999999998,228.62999999999988,"[81, 82, 83, 84, 86]"
37200504,SE Omdeler,Gns. Oms,car,HPP,Type 1,121,"81, 82, 83, 84, 85, 86, 98, 99, 100, 101",10,7000.7,5292.299999999999,342.93441900000005,404.3873910000001,873.7900000000009,805.7000000000007,530.8299999999999,401.2900000000001,"[81, 82, 83, 84, 85, 86, 98, 99, 100, 101]"
37200504,SE Omdeler,Gns. Oms,car,HPP,Type 2,121,"81, 82, 83, 84, 85, 86, 87, 89",8,6669.8,5385.499999999998,368.02656600000006,414.8425350000002,873.790000000001,823.2200000000007,505.8,408.42000000000013,"[81, 82, 83, 84, 85, 86, 87, 89]"
37200504,SE Omdeler,U36,car,HPP,Type 1,121,"81, 82, 83, 84, 85, 86, 98, 99, 100, 101",10,7000.7,5292.299999999999,381.20691899999997,440.10489099999984,912.0699999999985,841.4199999999988,530.8299999999999,401.2900000000001,"[81, 82, 83, 84, 85, 86, 98, 99, 100, 101]"
37200504,SE Omdeler,U36,car,HPP,Type 2,121,"81, 82, 83, 84, 85, 86, 87, 89",8,6669.8,5385.499999999998,406.299066,451.2675350000002,912.0699999999983,859.6499999999987,505.8,408.42000000000013,"[81, 82, 83, 84, 85, 86, 87, 89]"
37200504,SE Omdeler,U37,car,HPP,Type 1,121,"81, 82, 83, 84, 85, 86, 98, 99, 100, 101",10,7000.7,5292.299999999999,222.75691899999993,296.414891,753.6200000000003,697.7300000000001,530.8299999999999,401.2900000000001,"[81, 82, 83, 84, 85, 86, 98, 99, 100, 101]"
37200504,SE Omdeler,U37,car,HPP,Type 2,121,"81, 82, 83, 84, 85, 86, 87, 89",8,6669.8,5385.499999999998,247.84906599999994,304.31753500000013,753.6200000000006,712.7000000000005,505.8,408.42000000000013,"[81, 82, 83, 84, 85, 86, 87, 89]"
37200504,SE Omdeler,U38,car,HPP,Type 1,121,"42, 81, 82, 83, 84, 85, 86",7,7000.7,5701.5,345.36691900000005,403.8152550000001,876.2300000000008,836.1600000000007,530.8299999999999,432.3200000000001,"[42, 81, 82, 83, 84, 85, 86]"
37200504,SE Omdeler,U38,car,HPP,Type 2,121,"81, 82, 83, 84, 85, 86, 87, 89",8,6669.8,5385.499999999998,370.45906600000006,416.1375350000003,876.2300000000009,824.5200000000004,505.8,408.42000000000013,"[81, 82, 83, 84, 85, 86, 87, 89]"
37200504,SE Omdeler,U39,car,HPP,Type 1,121,"81, 82, 83, 84, 85, 86, 98, 99, 100, 101",10,7000.7,5292.299999999999,422.40691900000013,478.5648910000002,953.2699999999998,879.8799999999999,530.8299999999999,401.2900000000001,"[81, 82, 83, 84, 85, 86, 98, 99, 100, 101]"
37200504,SE Omdeler,U39,car,HPP,Type 2,121,"81, 82, 83, 84, 85, 86, 87, 89",8,6669.8,5385.499999999998,447.49906600000014,487.6475350000003,953.2699999999998,896.0299999999999,505.8,408.42000000000013,"[81, 82, 83, 84, 85, 86, 87, 89]"
37200505,O18 Omdeler,Gns. Oms,car,HPP,Type 1,114,"14, 25, 63",3,6196.800000000002,5437.400000000001,603.4907079999998,622.4789439999998,847.8600000000006,836.9000000000004,244.4499999999999,214.49999999999991,"[14, 25, 63]"
37200505,O18 Omdeler,Gns. Oms,car,HPP,Type 2,114,"14, 105",2,5619.5999999999985,4897.700000000001,626.2554759999999,636.5522119999999,847.8600000000007,829.6900000000009,221.67000000000002,193.25000000000003,"[14, 105]"
37200505,O18 Omdeler,U36,car,HPP,Type 1,114,"14, 25, 63",3,6196.800000000002,5437.400000000001,639.9482079999999,655.7489439999997,884.3499999999987,870.1999999999987,244.4499999999999,214.49999999999991,"[14, 25, 63]"
37200505,O18 Omdeler,U36,car,HPP,Type 2,114,"14, 105",2,5619.5999999999985,4897.700000000001,662.712976,673.8247120000001,884.3499999999987,866.9899999999985,221.67000000000002,193.25000000000003,"[14, 105]"
37200505,O18 Omdeler,U37,car,HPP,Type 1,114,"14, 25, 63",3,6196.800000000002,5437.400000000001,498.62820799999986,520.2489440000002,743.0299999999996,734.6999999999996,244.4499999999999,214.49999999999991,"[14, 25, 63]"
37200505,O18 Omdeler,U37,car,HPP,Type 2,114,"13, 14, 105",3,5619.5999999999985,4884.6,521.392976,535.4313760000001,743.0300000000003,728.0799999999999,221.67000000000002,192.74000000000004,"[13, 14, 105]"
37200505,O18 Omdeler,U38,car,HPP,Type 1,114,"14, 25, 63",3,6196.800000000002,5437.400000000001,567.638208,588.2389440000002,812.0400000000006,802.6900000000005,244.4499999999999,214.49999999999991,"[14, 25, 63]"
37200505,O18 Omdeler,U38,car,HPP,Type 2,114,"13, 14, 105",3,5619.5999999999985,4884.6,590.4029760000001,603.2513760000003,812.0400000000004,795.9000000000007,221.67000000000002,192.74000000000004,"[13, 14, 105]"
37200505,O18 Omdeler,U39,car,HPP,Type 1,114,"14, 25, 63",3,6196.800000000002,5437.400000000001,707.748208,725.678944,952.1499999999994,940.1299999999993,244.4499999999999,214.49999999999991,"[14, 25, 63]"
37200505,O18 Omdeler,U39,car,HPP,Type 2,114,63,1,5619.5999999999985,5433.999999999999,730.5129760000001,736.8730400000001,952.1499999999995,951.1899999999999,221.67000000000002,214.32000000000002,[63]
37200505,SE Omdeler,Gns. Oms,car,HPP,Type 1,114,"14, 63, 105",3,6196.800000000002,5273.4000000000015,377.9891559999998,428.29807799999986,847.8600000000006,828.1500000000005,469.90999999999997,399.87999999999994,"[14, 63, 105]"
37200505,SE Omdeler,Gns. Oms,car,HPP,Type 2,114,"14, 105",2,5619.5999999999985,4897.700000000001,421.7582320000001,458.32490899999993,847.8600000000007,829.6900000000009,426.19,371.45000000000016,"[14, 105]"
37200505,SE Omdeler,U36,car,HPP,Type 1,114,"14, 63, 105",3,6196.800000000002,5273.4000000000015,414.4466559999999,463.7380779999998,884.3499999999987,863.6199999999988,469.90999999999997,399.87999999999994,"[14, 63, 105]"
37200505,SE Omdeler,U36,car,HPP,Type 2,114,"14, 105",2,5619.5999999999985,4897.700000000001,458.2157320000002,495.5974090000001,884.3499999999987,866.9899999999985,426.19,371.45000000000016,"[14, 105]"
37200505,SE Omdeler,U37,car,HPP,Type 1,114,"13, 14, 15, 16, 17, 18, 19, 63, 105",9,6196.800000000002,4907.700000000001,273.12665599999985,330.1391090000001,743.0299999999996,702.2899999999995,469.90999999999997,372.15000000000003,"[13, 14, 15, 16, 17, 18, 19, 63, 105]"
37200505,SE Omdeler,U37,car,HPP,Type 2,114,"13, 14, 105",3,5619.5999999999985,4884.6,316.8957320000001,357.68078200000014,743.0300000000003,728.0799999999999,426.19,370.45000000000016,"[13, 14, 105]"
37200505,SE Omdeler,U38,car,HPP,Type 1,114,"13, 14, 63, 105",4,6196.800000000002,5260.300000000001,342.13665599999996,396.1014510000003,812.0400000000006,794.9900000000005,469.90999999999997,398.88999999999993,"[13, 14, 63, 105]"
37200505,SE Omdeler,U38,car,HPP,Type 2,114,"13, 14, 105",3,5619.5999999999985,4884.6,385.9057320000002,425.5007820000003,812.0400000000004,795.9000000000007,426.19,370.45000000000016,"[13, 14, 105]"
37200505,SE Omdeler,U39,car,HPP,Type 1,114,"14, 25, 63",3,6196.800000000002,5437.400000000001,482.246656,527.8119580000001,952.1499999999994,940.1299999999993,469.90999999999997,412.31999999999994,"[14, 25, 63]"
37200505,SE Omdeler,U39,car,HPP,Type 2,114,"14, 105",2,5619.5999999999985,4897.700000000001,526.0157320000003,556.5074090000002,952.1499999999995,927.8999999999999,426.19,371.45000000000016,"[14, 105]"
37200506,O18 Omdeler,Gns. Oms,car,HPP,Type 1,104,"9, 51, 82, 83, 84",5,7918.599999999999,6167.399999999999,416.42041600000005,457.84024400000004,728.6800000000006,701.0300000000004,312.2799999999999,243.22000000000006,"[9, 51, 82, 83, 84]"
37200506,O18 Omdeler,Gns. Oms,car,HPP,Type 2,104,92,1,6380.5,5745.600000000001,477.08308,495.043536,728.6800000000006,721.6000000000008,251.62000000000006,226.58999999999995,[92]
37200506,O18 Omdeler,U36,car,HPP,Type 1,104,"9, 51, 84, 85",4,7918.599999999999,6419.999999999999,452.55041600000004,496.6752,764.8599999999991,749.8799999999991,312.2799999999999,253.18000000000004,"[9, 51, 84, 85]"
37200506,O18 Omdeler,U36,car,HPP,Type 2,104,92,1,6380.5,5745.600000000001,513.21308,530.5735359999996,764.859999999999,757.179999999999,251.62000000000006,226.58999999999995,[92]
37200506,O18 Omdeler,U37,car,HPP,Type 1,104,"36, 37, 38, 39, 40, 51, 82, 83, 84",9,7918.599999999999,5682.999999999999,320.700416,366.19248000000033,633.0100000000002,590.33,312.2799999999999,224.11999999999998,"[36, 37, 38, 39, 40, 51, 82, 83, 84]"
37200506,O18 Omdeler,U37,car,HPP,Type 2,104,92,1,6380.5,5745.600000000001,381.36307999999997,400.4435360000001,633.0100000000002,627.0500000000001,251.62000000000006,226.58999999999995,[92]
37200506,O18 Omdeler,U38,car,HPP,Type 1,104,"9, 51, 84, 85",4,7918.599999999999,6419.999999999999,416.03041599999995,460.76520000000016,728.3400000000004,713.9700000000003,312.2799999999999,253.18000000000004,"[9, 51, 84, 85]"
37200506,O18 Omdeler,U38,car,HPP,Type 2,104,92,1,6380.5,5745.600000000001,476.6930799999999,494.64353600000004,728.3400000000004,721.2500000000008,251.62000000000006,226.58999999999995,[92]
37200506,O18 Omdeler,U39,car,HPP,Type 1,104,"51, 82, 83, 84",4,7918.599999999999,6467.599999999999,476.40041600000006,515.167856,788.7099999999996,770.2499999999995,312.2799999999999,255.06000000000003,"[51, 82, 83, 84]"
37200506,O18 Omdeler,U39,car,HPP,Type 2,104,92,1,6380.5,5745.600000000001,537.06308,554.5135359999999,788.7099999999998,781.1199999999994,251.62000000000006,226.58999999999995,[92]
37200506,SE Omdeler,Gns. Oms,car,HPP,Type 1,104,"36, 37, 38, 39, 40, 51, 82, 83, 84",9,7918.599999999999,5682.999999999999,128.26256200000012,247.55811000000023,728.6800000000006,678.4500000000004,600.4600000000002,430.94,"[36, 37, 38, 39, 40, 51, 82, 83, 84]"
37200506,SE Omdeler,Gns. Oms,car,HPP,Type 2,104,92,1,6380.5,5745.600000000001,244.89668500000005,285.961152,728.6800000000006,721.6000000000008,483.77999999999986,435.6700000000001,[92]
37200506,SE Omdeler,U36,car,HPP,Type 1,104,"36, 37, 38, 39, 40, 51, 82, 83, 84, 85",10,7918.599999999999,5673.799999999998,164.3925620000001,282.055746,764.8599999999991,712.2999999999993,600.4600000000002,430.24,"[36, 37, 38, 39, 40, 51, 82, 83, 84, 85]"
37200506,SE Omdeler,U36,car,HPP,Type 2,104,92,1,6380.5,5745.600000000001,281.02668500000004,321.49115199999966,764.859999999999,757.179999999999,483.77999999999986,435.6700000000001,[92]
37200506,SE Omdeler,U37,car,HPP,Type 1,104,"36, 37, 38, 39, 40, 51, 82, 83, 84",9,7918.599999999999,5682.999999999999,32.54256200000009,159.38811000000038,633.0100000000002,590.33,600.4600000000002,430.94,"[36, 37, 38, 39, 40, 51, 82, 83, 84]"
37200506,SE Omdeler,U37,car,HPP,Type 2,104,92,1,6380.5,5745.600000000001,149.17668500000002,191.36115200000012,633.0100000000002,627.0500000000001,483.77999999999986,435.6700000000001,[92]
37200506,SE Omdeler,U38,car,HPP,Type 1,104,"36, 37, 38, 39, 40, 51, 82, 83, 84, 85",10,7918.599999999999,5673.799999999998,127.87256200000002,245.12574600000028,728.3400000000004,675.3700000000002,600.4600000000002,430.24,"[36, 37, 38, 39, 40, 51, 82, 83, 84, 85]"
37200506,SE Omdeler,U38,car,HPP,Type 2,104,92,1,6380.5,5745.600000000001,244.50668499999995,285.56115200000005,728.3400000000004,721.2500000000008,483.77999999999986,435.6700000000001,[92]
37200506,SE Omdeler,U39,car,HPP,Type 1,104,"36, 37, 38, 39, 40, 51, 82, 83, 84",9,7918.599999999999,5682.999999999999,188.24256200000013,305.0581100000001,788.7099999999996,735.9999999999994,600.4600000000002,430.94,"[36, 37, 38, 39, 40, 51, 82, 83, 84]"
37200506,SE Omdeler,U39,car,HPP,Type 2,104,92,1,6380.5,5745.600000000001,304.87668500000007,345.43115199999994,788.7099999999998,781.1199999999994,483.77999999999986,435.6700000000001,[92]
37200507,O18 Omdeler,Gns. Oms,car,HPP,Type 1,93,"53, 79, 84, 87",4,6750.999999999999,5569.399999999999,398.13306000000017,419.24536400000005,664.3600000000005,638.8700000000005,266.30000000000007,219.70000000000005,"[53, 79, 84, 87]"
37200507,O18 Omdeler,Gns. Oms,car,HPP,Type 2,93,"53, 79",2,5969.599999999999,5271.899999999997,428.9514760000002,447.5987640000002,664.3600000000002,655.4900000000006,235.4499999999999,207.93000000000006,"[53, 79]"
37200507,O18 Omdeler,U36,car,HPP,Type 1,93,"53, 79, 84, 87",4,6750.999999999999,5569.399999999999,436.3905599999999,456.95286400000003,702.6499999999992,676.6099999999993,266.30000000000007,219.70000000000005,"[53, 79, 84, 87]"
37200507,O18 Omdeler,U36,car,HPP,Type 2,93,"53, 79",2,5969.599999999999,5271.899999999997,467.2089759999999,486.04626400000006,702.6499999999995,693.9699999999995,235.4499999999999,207.93000000000006,"[53, 79]"
37200507,O18 Omdeler,U37,car,HPP,Type 1,93,"53, 79, 84, 87",4,6750.999999999999,5569.399999999999,305.9005600000001,328.9028640000001,572.1600000000001,548.56,266.30000000000007,219.70000000000005,"[53, 79, 84, 87]"
37200507,O18 Omdeler,U37,car,HPP,Type 2,93,"53, 79",2,5969.599999999999,5271.899999999997,336.7189760000001,356.33626400000014,572.1599999999996,564.2600000000002,235.4499999999999,207.93000000000006,"[53, 79]"
37200507,O18 Omdeler,U38,car,HPP,Type 1,93,"53, 79, 84, 87",4,6750.999999999999,5569.399999999999,398.49056000000013,420.8828640000001,664.7500000000005,640.5400000000003,266.30000000000007,219.70000000000005,"[53, 79, 84, 87]"
37200507,O18 Omdeler,U38,car,HPP,Type 2,93,"53, 79",2,5969.599999999999,5271.899999999997,429.30897600000014,448.7562640000002,664.75,656.6800000000004,235.4499999999999,207.93000000000006,"[53, 79]"
37200507,O18 Omdeler,U39,car,HPP,Type 1,93,"53, 79, 84, 87",4,6750.999999999999,5569.399999999999,451.7505600000001,470.2428640000001,718.0099999999998,689.8999999999997,266.30000000000007,219.70000000000005,"[53, 79, 84, 87]"
37200507,O18 Omdeler,U39,car,HPP,Type 2,93,"53, 79",2,5969.599999999999,5271.899999999997,482.56897600000013,499.2562640000002,718.0099999999998,707.1799999999998,235.4499999999999,207.93000000000006,"[53, 79]"
37200507,SE Omdeler,Gns. Oms,car,HPP,Type 1,93,"53, 54, 55, 56, 57, 58, 59, 79, 87",9,6750.999999999999,4968.599999999999,152.46417000000025,228.7685620000001,664.3600000000005,605.5100000000004,511.91,376.76,"[53, 54, 55, 56, 57, 58, 59, 79, 87]"
37200507,SE Omdeler,Gns. Oms,car,HPP,Type 2,93,"71, 75, 76, 77, 83, 84, 85, 86, 87",9,5969.599999999999,4521.899999999999,211.71773200000024,257.1793230000002,664.3600000000002,600.0500000000003,452.6900000000001,342.8999999999999,"[71, 75, 76, 77, 83, 84, 85, 86, 87]"
37200507,SE Omdeler,U36,car,HPP,Type 1,93,"53, 54, 55, 56, 57, 58, 59, 79, 87",9,6750.999999999999,4968.599999999999,190.72166999999996,261.4310619999999,702.6499999999992,638.1999999999995,511.91,376.76,"[53, 54, 55, 56, 57, 58, 59, 79, 87]"
37200507,SE Omdeler,U36,car,HPP,Type 2,93,"53, 79",2,5969.599999999999,5271.899999999997,249.97523199999995,294.2018230000002,702.6499999999995,693.9699999999995,452.6900000000001,399.78000000000026,"[53, 79]"
37200507,SE Omdeler,U37,car,HPP,Type 1,93,"53, 54, 55, 56, 57, 58, 59, 79, 87",9,6750.999999999999,4968.599999999999,60.23167000000018,143.25106200000005,572.1600000000001,520.0199999999999,511.91,376.76,"[53, 54, 55, 56, 57, 58, 59, 79, 87]"
37200507,SE Omdeler,U37,car,HPP,Type 2,93,"71, 75, 76, 77, 83, 84, 85, 86, 87",9,5969.599999999999,4521.899999999999,119.48523200000017,171.8843230000001,572.1599999999996,514.7799999999997,452.6900000000001,342.8999999999999,"[71, 75, 76, 77, 83, 84, 85, 86, 87]"
37200507,SE Omdeler,U38,car,HPP,Type 1,93,"53, 54, 55, 56, 57, 58, 59, 79, 87",9,6750.999999999999,4968.599999999999,152.8216700000002,232.18106200000022,664.7500000000005,608.95,511.91,376.76,"[53, 54, 55, 56, 57, 58, 59, 79, 87]"
37200507,SE Omdeler,U38,car,HPP,Type 2,93,"71, 75, 76, 77, 83, 84, 85, 86, 87",9,5969.599999999999,4521.899999999999,212.0752320000002,260.2743230000003,664.75,603.1700000000001,452.6900000000001,342.8999999999999,"[71, 75, 76, 77, 83, 84, 85, 86, 87]"
37200507,SE Omdeler,U39,car,HPP,Type 1,93,"53, 54, 55, 56, 57, 58, 59, 79, 87",9,6750.999999999999,4968.599999999999,206.0816700000002,278.2110620000001,718.0099999999998,654.9799999999998,511.91,376.76,"[53, 54, 55, 56, 57, 58, 59, 79, 87]"
37200507,SE Omdeler,U39,car,HPP,Type 2,93,"79, 87",2,5969.599999999999,5173.6,265.3352320000002,308.41591200000005,718.0099999999998,700.7299999999998,452.6900000000001,392.31000000000006,"[79, 87]"
37200540,O18 Omdeler,Gns. Oms,foot,TSP,Type 1,105,"53, 55, 57",3,7807.000000000003,6148.800000000003,482.62869999999987,513.74908,704.3400000000006,688.3700000000006,221.70000000000007,174.62000000000006,"[53, 55, 57]"
37200540,O18 Omdeler,Gns. Oms,foot,TSP,Type 2,105,"55, 57",2,6880.199999999998,5544.7999999999965,508.94982000000005,531.8251800000003,704.3400000000006,689.2900000000005,195.42000000000007,157.5,"[55, 57]"
37200540,O18 Omdeler,U36,foot,TSP,Type 1,105,"53, 55, 57",3,7807.000000000003,6148.800000000003,525.2812,555.2240799999998,746.9999999999991,729.8499999999992,221.70000000000007,174.62000000000006,"[53, 55, 57]"
37200540,O18 Omdeler,U36,foot,TSP,Type 2,105,"55, 57",2,6880.199999999998,5544.7999999999965,551.6023200000002,573.28768,746.999999999999,730.7599999999991,195.42000000000007,157.5,"[55, 57]"
37200540,O18 Omdeler,U37,foot,TSP,Type 1,105,"53, 55, 56, 57, 58",5,7807.000000000003,5871.4000000000015,382.69119999999987,416.18224,604.4099999999999,582.9299999999997,221.70000000000007,166.74000000000007,"[53, 55, 56, 57, 58]"
37200540,O18 Omdeler,U37,foot,TSP,Type 2,105,"53, 54, 55, 56, 57, 64, 65",7,6880.199999999998,4573.5999999999985,409.01232000000005,435.1697600000001,604.4099999999997,565.0599999999997,195.42000000000007,129.90000000000006,"[53, 54, 55, 56, 57, 64, 65]"
37200540,O18 Omdeler,U38,foot,TSP,Type 1,105,"53, 55, 57",3,7807.000000000003,6148.800000000003,483.90120000000013,515.0240800000001,705.6200000000005,689.6500000000002,221.70000000000007,174.62000000000006,"[53, 55, 57]"
37200540,O18 Omdeler,U38,foot,TSP,Type 2,105,"55, 57",2,6880.199999999998,5544.7999999999965,510.2223200000003,533.0876800000004,705.6200000000001,690.5600000000002,195.42000000000007,157.5,"[55, 57]"
37200540,O18 Omdeler,U39,foot,TSP,Type 1,105,"53, 55, 57",3,7807.000000000003,6148.800000000003,538.6411999999999,568.6640800000001,760.3600000000001,743.2900000000001,221.70000000000007,174.62000000000006,"[53, 55, 57]"
37200540,O18 Omdeler,U39,foot,TSP,Type 2,105,"55, 57",2,6880.199999999998,5544.7999999999965,564.9623200000001,586.7776800000003,760.3599999999996,744.2499999999997,195.42000000000007,157.5,"[55, 57]"
37200540,SE Omdeler,Gns. Oms,foot,TSP,Type 1,105,"53, 55, 56, 57, 58, 59, 60, 61, 62, 63",10,7807.000000000003,5218.300000000004,278.0852999999998,358.85332000000005,704.3400000000006,643.7700000000004,426.2099999999999,284.87999999999994,"[53, 55, 56, 57, 58, 59, 60, 61, 62, 63]"
37200540,SE Omdeler,Gns. Oms,foot,TSP,Type 2,105,"53, 54, 55, 56, 57, 64, 65",7,6880.199999999998,4573.5999999999985,328.68858000000006,408.03894,704.3400000000006,657.7600000000007,375.6499999999999,249.71999999999997,"[53, 54, 55, 56, 57, 64, 65]"
37200540,SE Omdeler,U36,foot,TSP,Type 1,105,"53, 55, 56, 57, 58",5,7807.000000000003,5871.4000000000015,320.73779999999994,398.0115599999999,746.9999999999991,718.5899999999992,426.2099999999999,320.5399999999999,"[53, 55, 56, 57, 58]"
37200540,SE Omdeler,U36,foot,TSP,Type 2,105,"53, 54, 55, 56, 57, 64, 65",7,6880.199999999998,4573.5999999999985,371.3410800000002,446.7714400000001,746.999999999999,696.4899999999997,375.6499999999999,249.71999999999997,"[53, 54, 55, 56, 57, 64, 65]"
37200540,SE Omdeler,U37,foot,TSP,Type 1,105,"53, 55, 56, 57, 58, 59, 60, 61, 62, 63",10,7807.000000000003,5218.300000000004,178.1477999999998,268.20082,604.4099999999999,553.1199999999997,426.2099999999999,284.87999999999994,"[53, 55, 56, 57, 58, 59, 60, 61, 62, 63]"
37200540,SE Omdeler,U37,foot,TSP,Type 2,105,"53, 54, 55, 56, 57, 64, 65",7,6880.199999999998,4573.5999999999985,228.75108000000006,315.34144000000015,604.4099999999997,565.0599999999997,375.6499999999999,249.71999999999997,"[53, 54, 55, 56, 57, 64, 65]"
37200540,SE Omdeler,U38,foot,TSP,Type 1,105,"53, 55, 56, 57, 58, 59, 60, 61, 62, 63",10,7807.000000000003,5218.300000000004,279.35780000000005,361.44082000000003,705.6200000000005,646.36,426.2099999999999,284.87999999999994,"[53, 55, 56, 57, 58, 59, 60, 61, 62, 63]"
37200540,SE Omdeler,U38,foot,TSP,Type 2,105,"53, 54, 55, 56, 57, 64, 65",7,6880.199999999998,4573.5999999999985,329.9610800000003,411.71144000000027,705.6200000000001,661.43,375.6499999999999,249.71999999999997,"[53, 54, 55, 56, 57, 64, 65]"
37200540,SE Omdeler,U39,foot,TSP,Type 1,105,"53, 55, 56, 57, 58",5,7807.000000000003,5871.4000000000015,334.09779999999984,409.9315599999999,760.3600000000001,730.5100000000001,426.2099999999999,320.5399999999999,"[53, 55, 56, 57, 58]"
37200540,SE Omdeler,U39,foot,TSP,Type 2,105,"53, 54, 55, 56, 57, 64, 65",7,6880.199999999998,4573.5999999999985,384.7010800000001,458.33144000000016,760.3599999999996,708.05,375.6499999999999,249.71999999999997,"[53, 54, 55, 56, 57, 64, 65]"
37200540,U18 Omdeler,Gns. Oms,foot,TSP,Type 1,105,"53, 55, 57",3,7807.000000000003,6148.800000000003,547.50487,564.8456080000001,704.3400000000006,688.3700000000006,156.81000000000006,123.48,"[53, 55, 57]"
37200540,U18 Omdeler,Gns. Oms,foot,TSP,Type 2,105,"53, 57",2,6880.199999999998,5844.099999999997,566.124282,578.0470310000002,704.3400000000006,695.4500000000006,138.17999999999998,117.36000000000001,"[53, 57]"
37200540,U18 Omdeler,U36,foot,TSP,Type 1,105,"53, 55, 57",3,7807.000000000003,6148.800000000003,590.1573700000001,606.3206079999999,746.9999999999991,729.8499999999992,156.81000000000006,123.48,"[53, 55, 57]"
37200540,U18 Omdeler,U36,foot,TSP,Type 2,105,"53, 57",2,6880.199999999998,5844.099999999997,608.7767820000001,620.1220309999999,746.999999999999,737.5299999999991,138.17999999999998,117.36000000000001,"[53, 57]"
37200540,U18 Omdeler,U37,foot,TSP,Type 1,105,"53, 55, 57",3,7807.000000000003,6148.800000000003,447.5673699999999,467.18060800000023,604.4099999999999,590.7099999999998,156.81000000000006,123.48,"[53, 55, 57]"
37200540,U18 Omdeler,U37,foot,TSP,Type 2,105,"55, 57",2,6880.199999999998,5544.7999999999965,466.186782,480.2249680000003,604.4099999999997,591.6199999999998,138.17999999999998,111.35999999999996,"[55, 57]"
37200540,U18 Omdeler,U38,foot,TSP,Type 1,105,"53, 55, 57",3,7807.000000000003,6148.800000000003,548.7773700000002,566.1206080000002,705.6200000000005,689.6500000000002,156.81000000000006,123.48,"[53, 55, 57]"
37200540,U18 Omdeler,U38,foot,TSP,Type 2,105,"53, 57",2,6880.199999999998,5844.099999999997,567.3967820000003,579.3320310000003,705.6200000000001,696.7400000000004,138.17999999999998,117.36000000000001,"[53, 57]"
37200540,U18 Omdeler,U39,foot,TSP,Type 1,105,"53, 55, 57",3,7807.000000000003,6148.800000000003,603.51737,619.7606080000002,760.3600000000001,743.2900000000001,156.81000000000006,123.48,"[53, 55, 57]"
37200540,U18 Omdeler,U39,foot,TSP,Type 2,105,"53, 57",2,6880.199999999998,5844.099999999997,622.136782,633.4720310000002,760.3599999999996,750.8799999999998,138.17999999999998,117.36000000000001,"[53, 57]"
37300001,O18 Omdeler,Gns. Oms,foot,TSP,Type 1,151,14,1,6211.7000000000035,4818.300000000004,681.3277200000001,713.20278,858.270000000001,850.5700000000011,176.41999999999993,136.85000000000014,[14]
37300001,O18 Omdeler,Gns. Oms,foot,TSP,Type 2,151,14,1,4512.1,3580.3000000000006,729.5963600000002,748.3619800000001,858.2700000000009,850.5700000000008,128.20000000000013,101.73000000000015,[14]
37300001,O18 Omdeler,U36,foot,TSP,Type 1,151,14,1,6211.7000000000035,4818.300000000004,613.4777200000001,641.70028,789.8900000000011,778.5400000000012,176.41999999999993,136.85000000000014,[14]
37300001,O18 Omdeler,U36,foot,TSP,Type 2,151,14,1,4512.1,3580.3000000000006,661.7463600000002,676.8594800000002,789.8900000000012,778.5400000000012,128.20000000000013,101.73000000000015,[14]
37300001,O18 Omdeler,U37,foot,TSP,Type 1,151,"11, 12, 13, 14, 15, 150",6,6211.7000000000035,4111.9,531.3877199999998,567.27204,707.8000000000014,684.0500000000012,176.41999999999993,116.79000000000009,"[11, 12, 13, 14, 15, 150]"
37300001,O18 Omdeler,U37,foot,TSP,Type 2,151,"11, 12, 13, 14, 15",5,4512.1,2954.199999999999,579.65636,601.17072,707.8000000000012,685.0700000000011,128.20000000000013,83.93000000000009,"[11, 12, 13, 14, 15]"
37300001,O18 Omdeler,U38,foot,TSP,Type 1,151,"14, 15, 71",3,6211.7000000000035,4794.300000000003,726.0877199999996,759.5118799999998,902.5000000000015,895.6700000000014,176.41999999999993,136.17000000000013,"[14, 15, 71]"
37300001,O18 Omdeler,U38,foot,TSP,Type 2,151,14,1,4512.1,3580.3000000000006,774.3563599999998,793.9894799999998,902.5000000000016,895.6700000000016,128.20000000000013,101.73000000000015,[14]
37300001,O18 Omdeler,U39,foot,TSP,Type 1,151,14,1,6211.7000000000035,4818.300000000004,854.3577199999999,886.3902799999998,1030.7699999999984,1023.2299999999985,176.41999999999993,136.85000000000014,[14]
37300001,O18 Omdeler,U39,foot,TSP,Type 2,151,14,1,4512.1,3580.3000000000006,902.62636,921.54948,1030.7699999999984,1023.2299999999984,128.20000000000013,101.73000000000015,[14]
37300001,SE Omdeler,Gns. Oms,foot,TSP,Type 1,151,"11, 12, 13, 14, 15, 150",6,6211.7000000000035,4111.9,518.58118,603.5552600000002,858.270000000001,828.5700000000011,339.20000000000005,224.54999999999993,"[11, 12, 13, 14, 15, 150]"
37300001,SE Omdeler,Gns. Oms,foot,TSP,Type 2,151,"11, 12, 13, 14, 15",5,4512.1,2954.199999999999,611.3793400000002,667.7931800000002,858.2700000000009,829.6000000000008,246.37999999999988,161.33999999999997,"[11, 12, 13, 14, 15]"
37300001,SE Omdeler,U36,foot,TSP,Type 1,151,"11, 12, 13, 14, 15, 150",6,6211.7000000000035,4111.9,450.73118,533.3202600000002,789.8900000000011,757.8300000000011,339.20000000000005,224.54999999999993,"[11, 12, 13, 14, 15, 150]"
37300001,SE Omdeler,U36,foot,TSP,Type 2,151,"11, 12, 13, 14, 15",5,4512.1,2954.199999999999,543.5293400000002,597.5306800000002,789.8900000000012,758.8300000000012,246.37999999999988,161.33999999999997,"[11, 12, 13, 14, 15]"
37300001,SE Omdeler,U37,foot,TSP,Type 1,151,"11, 12, 13, 14, 15, 150",6,6211.7000000000035,4111.9,368.64117999999974,459.54025999999993,707.8000000000014,684.0500000000012,339.20000000000005,224.54999999999993,"[11, 12, 13, 14, 15, 150]"
37300001,SE Omdeler,U37,foot,TSP,Type 2,151,"11, 12, 13, 14, 15",5,4512.1,2954.199999999999,461.4393399999999,523.77068,707.8000000000012,685.0700000000011,246.37999999999988,161.33999999999997,"[11, 12, 13, 14, 15]"
37300001,SE Omdeler,U38,foot,TSP,Type 1,151,"11, 12, 13, 14, 15, 150",6,6211.7000000000035,4111.9,563.3411799999996,649.6502599999999,902.5000000000015,874.1600000000014,339.20000000000005,224.54999999999993,"[11, 12, 13, 14, 15, 150]"
37300001,SE Omdeler,U38,foot,TSP,Type 2,151,"11, 12, 13, 14, 15",5,4512.1,2954.199999999999,656.1393399999997,713.8806799999999,902.5000000000016,875.1800000000015,246.37999999999988,161.33999999999997,"[11, 12, 13, 14, 15]"
37300001,SE Omdeler,U39,foot,TSP,Type 1,151,"11, 12, 13, 14, 15, 150",6,6211.7000000000035,4111.9,691.6111799999998,771.7102600000001,1030.7699999999984,996.2199999999985,339.20000000000005,224.54999999999993,"[11, 12, 13, 14, 15, 150]"
37300001,SE Omdeler,U39,foot,TSP,Type 2,151,"11, 12, 13, 14, 15",5,4512.1,2954.199999999999,784.4093399999999,835.9906800000001,1030.7699999999984,997.2899999999986,246.37999999999988,161.33999999999997,"[11, 12, 13, 14, 15]"
37300001,U18 Omdeler,Gns. Oms,foot,TSP,Type 1,151,14,1,6211.7000000000035,4818.300000000004,732.9469470000001,753.242853,858.270000000001,850.5700000000011,124.75,96.75000000000001,[14]
37300001,U18 Omdeler,Gns. Oms,foot,TSP,Type 2,151,14,1,4512.1,3580.3000000000006,767.0919110000002,778.1142730000001,858.2700000000009,850.5700000000008,90.62000000000003,71.9,[14]
37300001,U18 Omdeler,U36,foot,TSP,Type 1,151,14,1,6211.7000000000035,4818.300000000004,665.0969470000001,681.7403530000001,789.8900000000011,778.5400000000012,124.75,96.75000000000001,[14]
37300001,U18 Omdeler,U36,foot,TSP,Type 2,151,14,1,4512.1,3580.3000000000006,699.2419110000002,706.6117730000002,789.8900000000012,778.5400000000012,90.62000000000003,71.9,[14]
37300001,U18 Omdeler,U37,foot,TSP,Type 1,151,14,1,6211.7000000000035,4818.300000000004,583.0069469999999,605.930353,707.8000000000014,702.7300000000014,124.75,96.75000000000001,[14]
37300001,U18 Omdeler,U37,foot,TSP,Type 2,151,14,1,4512.1,3580.3000000000006,617.1519109999999,630.801773,707.8000000000012,702.7300000000012,90.62000000000003,71.9,[14]
37300001,U18 Omdeler,U38,foot,TSP,Type 1,151,"14, 15, 71",3,6211.7000000000035,4794.300000000003,777.7069469999997,799.3525129999997,902.5000000000015,895.6700000000014,124.75,96.28000000000002,"[14, 15, 71]"
37300001,U18 Omdeler,U38,foot,TSP,Type 2,151,14,1,4512.1,3580.3000000000006,811.8519109999997,823.7417729999999,902.5000000000016,895.6700000000016,90.62000000000003,71.9,[14]
37300001,U18 Omdeler,U39,foot,TSP,Type 1,151,14,1,6211.7000000000035,4818.300000000004,905.9769469999999,926.430353,1030.7699999999984,1023.2299999999985,124.75,96.75000000000001,[14]
37300001,U18 Omdeler,U39,foot,TSP,Type 2,151,14,1,4512.1,3580.3000000000006,940.121911,951.301773,1030.7699999999984,1023.2299999999984,90.62000000000003,71.9,[14]
37300002,O18 Omdeler,Gns. Oms,foot,TSP,Type 1,105,,0,3621.2999999999993,3621.2999999999993,527.0750800000002,527.0750800000002,630.2600000000006,630.2600000000006,102.82999999999994,102.82999999999994,[]
37300002,O18 Omdeler,Gns. Oms,foot,TSP,Type 2,105,29,1,3215.000000000001,2793.7,538.6140000000001,544.22392,630.2600000000004,623.9000000000004,91.32999999999997,79.35999999999999,[29]
37300002,O18 Omdeler,U36,foot,TSP,Type 1,105,,0,3621.2999999999993,3621.2999999999993,483.2950800000001,483.2950800000001,586.1400000000007,586.1400000000007,102.82999999999994,102.82999999999994,[]
37300002,O18 Omdeler,U36,foot,TSP,Type 2,105,29,1,3215.000000000001,2793.7,494.83400000000006,500.81892000000005,586.1400000000007,580.1600000000009,91.32999999999997,79.35999999999999,[29]
37300002,O18 Omdeler,U37,foot,TSP,Type 1,105,,0,3621.2999999999993,3621.2999999999993,417.75508,417.75508,520.5999999999997,520.5999999999997,102.82999999999994,102.82999999999994,[]
37300002,O18 Omdeler,U37,foot,TSP,Type 2,105,29,1,3215.000000000001,2793.7,429.294,436.18891999999994,520.5999999999998,515.5299999999997,91.32999999999997,79.35999999999999,[29]
37300002,O18 Omdeler,U38,foot,TSP,Type 1,105,32,1,3621.2999999999993,3621.2999999999993,577.6250799999999,577.62508,680.4700000000006,680.4700000000006,102.82999999999994,102.82999999999994,[32]
37300002,O18 Omdeler,U38,foot,TSP,Type 2,105,29,1,3215.000000000001,2793.7,589.1639999999999,594.29892,680.4700000000006,673.6400000000006,91.32999999999997,79.35999999999999,[29]
37300002,O18 Omdeler,U39,foot,TSP,Type 1,105,,0,3621.2999999999993,3621.2999999999993,629.6250800000001,629.6250800000001,732.4699999999995,732.4699999999995,102.82999999999994,102.82999999999994,[]
37300002,O18 Omdeler,U39,foot,TSP,Type 2,105,29,1,3215.000000000001,2793.7,641.1640000000001,645.5889200000001,732.4699999999996,724.9299999999996,91.32999999999997,79.35999999999999,[29]
37300002,SE Omdeler,Gns. Oms,foot,TSP,Type 1,105,34,1,3621.2999999999993,3490.0999999999995,432.1970200000002,433.00554000000005,630.2600000000006,623.9000000000005,197.70000000000005,190.54000000000002,[34]
37300002,SE Omdeler,Gns. Oms,foot,TSP,Type 2,105,29,1,3215.000000000001,2793.7,454.3810000000001,471.02898,630.2600000000004,623.9000000000004,175.54999999999995,152.54999999999998,[29]
37300002,SE Omdeler,U36,foot,TSP,Type 1,105,"32, 33, 100",3,3621.2999999999993,3373.7,388.4170200000001,389.9759800000003,586.1400000000007,574.1800000000007,197.70000000000005,184.17,"[32, 33, 100]"
37300002,SE Omdeler,U36,foot,TSP,Type 2,105,29,1,3215.000000000001,2793.7,410.601,427.62398,586.1400000000007,580.1600000000009,175.54999999999995,152.54999999999998,[29]
37300002,SE Omdeler,U37,foot,TSP,Type 1,105,"32, 33, 100",3,3621.2999999999993,3373.7,322.87702,326.25598,520.5999999999997,510.45999999999964,197.70000000000005,184.17,"[32, 33, 100]"
37300002,SE Omdeler,U37,foot,TSP,Type 2,105,29,1,3215.000000000001,2793.7,345.0609999999999,362.9939799999999,520.5999999999998,515.5299999999997,175.54999999999995,152.54999999999998,[29]
37300002,SE Omdeler,U38,foot,TSP,Type 1,105,34,1,3621.2999999999993,3490.0999999999995,482.7470199999999,483.08053999999987,680.4700000000006,673.6400000000006,197.70000000000005,190.54000000000002,[34]
37300002,SE Omdeler,U38,foot,TSP,Type 2,105,29,1,3215.000000000001,2793.7,504.9309999999998,521.10398,680.4700000000006,673.6400000000006,175.54999999999995,152.54999999999998,[29]
37300002,SE Omdeler,U39,foot,TSP,Type 1,105,28,1,3621.2999999999993,3612.5999999999995,534.7470200000001,534.8520400000001,732.4699999999995,732.0999999999995,197.70000000000005,197.23000000000005,[28]
37300002,SE Omdeler,U39,foot,TSP,Type 2,105,29,1,3215.000000000001,2793.7,556.931,572.3939800000002,732.4699999999996,724.9299999999996,175.54999999999995,152.54999999999998,[29]
37300002,U18 Omdeler,Gns. Oms,foot,TSP,Type 1,105,,0,3621.2999999999993,3621.2999999999993,557.1680830000003,557.1680830000003,630.2600000000006,630.2600000000006,72.76999999999998,72.76999999999998,[]
37300002,U18 Omdeler,Gns. Oms,foot,TSP,Type 2,105,29,1,3215.000000000001,2793.7,565.3306500000001,567.439567,630.2600000000004,623.9000000000004,64.55000000000001,56.11000000000001,[29]
37300002,U18 Omdeler,U36,foot,TSP,Type 1,105,,0,3621.2999999999993,3621.2999999999993,513.388083,513.388083,586.1400000000007,586.1400000000007,72.76999999999998,72.76999999999998,[]
37300002,U18 Omdeler,U36,foot,TSP,Type 2,105,29,1,3215.000000000001,2793.7,521.5506500000001,524.0345670000002,586.1400000000007,580.1600000000009,64.55000000000001,56.11000000000001,[29]
37300002,U18 Omdeler,U37,foot,TSP,Type 1,105,,0,3621.2999999999993,3621.2999999999993,447.84808300000003,447.84808300000003,520.5999999999997,520.5999999999997,72.76999999999998,72.76999999999998,[]
37300002,U18 Omdeler,U37,foot,TSP,Type 2,105,29,1,3215.000000000001,2793.7,456.01065,459.404567,520.5999999999998,515.5299999999997,64.55000000000001,56.11000000000001,[29]
37300002,U18 Omdeler,U38,foot,TSP,Type 1,105,32,1,3621.2999999999993,3621.2999999999993,607.718083,607.7180830000001,680.4700000000006,680.4700000000006,72.76999999999998,72.76999999999998,[32]
37300002,U18 Omdeler,U38,foot,TSP,Type 2,105,29,1,3215.000000000001,2793.7,615.8806499999998,617.5145669999999,680.4700000000006,673.6400000000006,64.55000000000001,56.11000000000001,[29]
37300002,U18 Omdeler,U39,foot,TSP,Type 1,105,,0,3621.2999999999993,3621.2999999999993,659.7180830000002,659.7180830000002,732.4699999999995,732.4699999999995,72.76999999999998,72.76999999999998,[]
37300002,U18 Omdeler,U39,foot,TSP,Type 2,105,29,1,3215.000000000001,2793.7,667.8806500000001,668.8045670000001,732.4699999999996,724.9299999999996,64.55000000000001,56.11000000000001,[29]
37300003,O18 Omdeler,Gns. Oms,foot,TSP,Type 1,94,"32, 33, 34, 76, 77",5,3908.999999999999,3383.5,425.21440000000007,432.4261000000001,536.5300000000007,528.8000000000005,111.00999999999999,96.07999999999998,"[32, 33, 34, 76, 77]"
37300003,O18 Omdeler,Gns. Oms,foot,TSP,Type 2,94,"76, 77",2,3141.700000000001,2806.7000000000003,447.00572,453.97972000000004,536.5300000000007,533.9800000000006,89.23999999999998,79.73000000000005,"[76, 77]"
37300003,O18 Omdeler,U36,foot,TSP,Type 1,94,"32, 33, 34, 76, 77",5,3908.999999999999,3383.5,386.4544000000002,397.83860000000004,497.4700000000005,493.93000000000046,111.00999999999999,96.07999999999998,"[32, 33, 34, 76, 77]"
37300003,O18 Omdeler,U36,foot,TSP,Type 2,94,"34, 76, 77",3,3141.700000000001,2688.0000000000005,408.2457200000002,417.5908000000001,497.4700000000004,493.93000000000046,89.23999999999998,76.35000000000004,"[34, 76, 77]"
37300003,O18 Omdeler,U37,foot,TSP,Type 1,94,"32, 76, 77",3,3908.999999999999,3581.0,338.7744,344.78959999999995,449.78999999999974,446.4899999999997,111.00999999999999,101.68999999999998,"[32, 76, 77]"
37300003,O18 Omdeler,U37,foot,TSP,Type 2,94,"76, 77",2,3141.700000000001,2806.7000000000003,360.56572,366.77972,449.7899999999998,446.4899999999997,89.23999999999998,79.73000000000005,"[76, 77]"
37300003,O18 Omdeler,U38,foot,TSP,Type 1,94,"32, 33, 34, 76, 77",5,3908.999999999999,3383.5,457.4444000000001,466.00860000000006,568.4599999999999,562.0999999999999,111.00999999999999,96.07999999999998,"[32, 33, 34, 76, 77]"
37300003,O18 Omdeler,U38,foot,TSP,Type 2,94,"34, 76, 77",3,3141.700000000001,2688.0000000000005,479.23572,489.9107999999999,568.4599999999999,566.25,89.23999999999998,76.35000000000004,"[34, 76, 77]"
37300003,O18 Omdeler,U39,foot,TSP,Type 1,94,"32, 33, 34, 76, 77",5,3908.999999999999,3383.5,518.1844,522.9286000000001,629.2000000000002,619.0200000000001,111.00999999999999,96.07999999999998,"[32, 33, 34, 76, 77]"
37300003,O18 Omdeler,U39,foot,TSP,Type 2,94,"34, 76, 77",3,3141.700000000001,2688.0000000000005,539.9757199999999,544.4508,629.1999999999999,620.7900000000001,89.23999999999998,76.35000000000004,"[34, 76, 77]"
37300003,SE Omdeler,Gns. Oms,foot,TSP,Type 1,94,"32, 33, 34, 35, 36, 76, 77",7,3908.999999999999,3019.6000000000004,322.7986000000001,350.9373400000001,536.5300000000007,516.0800000000005,213.44000000000003,164.88,"[32, 33, 34, 35, 36, 76, 77]"
37300003,SE Omdeler,Gns. Oms,foot,TSP,Type 2,94,"34, 76, 77",3,3141.700000000001,2688.0000000000005,364.69318,383.44520000000017,536.5300000000007,530.5000000000007,171.57999999999998,146.79999999999995,"[34, 76, 77]"
37300003,SE Omdeler,U36,foot,TSP,Type 1,94,"32, 33, 34, 35, 36, 76, 77",7,3908.999999999999,3019.6000000000004,284.0386000000002,317.09984000000014,497.4700000000005,481.9700000000004,213.44000000000003,164.88,"[32, 33, 34, 35, 36, 76, 77]"
37300003,SE Omdeler,U36,foot,TSP,Type 2,94,"34, 76, 77",3,3141.700000000001,2688.0000000000005,325.9331800000001,347.1652000000001,497.4700000000004,493.93000000000046,171.57999999999998,146.79999999999995,"[34, 76, 77]"
37300003,SE Omdeler,U37,foot,TSP,Type 1,94,"32, 33, 34, 35, 36, 76, 77",7,3908.999999999999,3019.6000000000004,236.35860000000005,264.00983999999994,449.78999999999974,428.87999999999977,213.44000000000003,164.88,"[32, 33, 34, 35, 36, 76, 77]"
37300003,SE Omdeler,U37,foot,TSP,Type 2,94,"35, 76, 77",3,3141.700000000001,2638.9000000000005,278.25317999999993,297.33606,449.7899999999998,441.41999999999973,171.57999999999998,144.11999999999998,"[35, 76, 77]"
37300003,SE Omdeler,U38,foot,TSP,Type 1,94,"32, 33, 34, 35, 36, 76, 77",7,3908.999999999999,3019.6000000000004,355.0286000000001,383.56984000000017,568.4599999999999,548.4399999999998,213.44000000000003,164.88,"[32, 33, 34, 35, 36, 76, 77]"
37300003,SE Omdeler,U38,foot,TSP,Type 2,94,"34, 76, 77",3,3141.700000000001,2688.0000000000005,396.92318,419.4851999999999,568.4599999999999,566.25,171.57999999999998,146.79999999999995,"[34, 76, 77]"
37300003,SE Omdeler,U39,foot,TSP,Type 1,94,"32, 33, 34, 35, 36, 76, 77",7,3908.999999999999,3019.6000000000004,415.7686,439.06983999999994,629.2000000000002,603.9400000000003,213.44000000000003,164.88,"[32, 33, 34, 35, 36, 76, 77]"
37300003,SE Omdeler,U39,foot,TSP,Type 2,94,"34, 76, 77",3,3141.700000000001,2688.0000000000005,457.6631799999999,474.0252,629.1999999999999,620.7900000000001,171.57999999999998,146.79999999999995,"[34, 76, 77]"
37300003,U18 Omdeler,Gns. Oms,foot,TSP,Type 1,94,"32, 76, 77",3,3908.999999999999,3581.0,457.69819000000007,460.7102100000002,536.5300000000007,532.9400000000006,78.51,71.91999999999999,"[32, 76, 77]"
37300003,U18 Omdeler,Gns. Oms,foot,TSP,Type 2,94,"76, 77",2,3141.700000000001,2806.7000000000003,473.113247,477.3033970000001,536.5300000000007,533.9800000000006,63.129999999999995,56.39000000000001,"[76, 77]"
37300003,U18 Omdeler,U36,foot,TSP,Type 1,94,"32, 33, 34, 76, 77",5,3908.999999999999,3383.5,418.9381900000002,425.95548500000007,497.4700000000005,493.93000000000046,78.51,67.95999999999998,"[32, 33, 34, 76, 77]"
37300003,U18 Omdeler,U36,foot,TSP,Type 2,94,"34, 76, 77",3,3141.700000000001,2688.0000000000005,434.3532470000002,439.92808000000014,497.4700000000004,493.93000000000046,63.129999999999995,54.000000000000014,"[34, 76, 77]"
37300003,U18 Omdeler,U37,foot,TSP,Type 1,94,"32, 76, 77",3,3908.999999999999,3581.0,371.25819,374.54771,449.78999999999974,446.4899999999997,78.51,71.91999999999999,"[32, 76, 77]"
37300003,U18 Omdeler,U37,foot,TSP,Type 2,94,"76, 77",2,3141.700000000001,2806.7000000000003,386.673247,390.10339700000003,449.7899999999998,446.4899999999997,63.129999999999995,56.39000000000001,"[76, 77]"
37300003,U18 Omdeler,U38,foot,TSP,Type 1,94,"0, 76, 77",3,3908.999999999999,3692.5999999999995,489.9281900000001,494.27566599999994,568.4599999999999,568.4599999999999,78.51,74.16,"[0, 76, 77]"
37300003,U18 Omdeler,U38,foot,TSP,Type 2,94,"34, 76, 77",3,3141.700000000001,2688.0000000000005,505.343247,512.2480799999998,568.4599999999999,566.25,63.129999999999995,54.000000000000014,"[34, 76, 77]"
37300003,U18 Omdeler,U39,foot,TSP,Type 1,94,32,1,3908.999999999999,3763.7999999999993,550.66819,553.585258,629.2000000000002,629.2000000000002,78.51,75.59,[32]
37300003,U18 Omdeler,U39,foot,TSP,Type 2,94,22,1,3141.700000000001,2989.600000000001,566.0832469999999,568.768936,629.1999999999999,628.83,63.129999999999995,60.05,[22]
37300004,O18 Omdeler,Gns. Oms,foot,TSP,Type 1,118,46,1,2888.900000000001,2847.900000000001,611.9577400000003,612.8496400000002,694.4100000000009,694.1400000000008,82.04,80.88000000000002,[46]
37300004,O18 Omdeler,Gns. Oms,foot,TSP,Type 2,118,,0,2100.3,2100.3,634.3539800000003,634.3539800000003,694.4100000000009,694.4100000000009,59.63,59.63,[]
37300004,O18 Omdeler,U36,foot,TSP,Type 1,118,"41, 45, 46",3,2888.900000000001,2846.800000000001,561.7952400000003,562.9908800000002,643.8400000000009,643.8400000000009,82.04,80.84000000000003,"[41, 45, 46]"
37300004,O18 Omdeler,U36,foot,TSP,Type 2,118,18,1,2100.3,2100.2000000000003,584.1914800000003,584.1943200000002,643.8400000000009,643.8400000000009,59.63,59.63,[18]
37300004,O18 Omdeler,U37,foot,TSP,Type 1,118,46,1,2888.900000000001,2847.900000000001,466.5452400000002,467.7096400000002,548.5899999999999,548.5899999999999,82.04,80.88000000000002,[46]
37300004,O18 Omdeler,U37,foot,TSP,Type 2,118,18,1,2100.3,2100.2000000000003,488.94148000000024,488.94432000000023,548.5899999999998,548.5899999999998,59.63,59.63,[18]
37300004,O18 Omdeler,U38,foot,TSP,Type 1,118,46,1,2888.900000000001,2847.900000000001,659.60524,660.76964,741.6500000000009,741.6500000000009,82.04,80.88000000000002,[46]
37300004,O18 Omdeler,U38,foot,TSP,Type 2,118,18,1,2100.3,2100.2000000000003,682.00148,682.00432,741.6500000000008,741.6500000000008,59.63,59.63,[18]
37300004,O18 Omdeler,U39,foot,TSP,Type 1,118,46,1,2888.900000000001,2847.900000000001,759.88524,759.95964,841.929999999999,840.839999999999,82.04,80.88000000000002,[46]
37300004,O18 Omdeler,U39,foot,TSP,Type 2,118,,0,2100.3,2100.3,782.28148,782.28148,841.9299999999993,841.9299999999993,59.63,59.63,[]
37300004,SE Omdeler,Gns. Oms,foot,TSP,Type 1,118,46,1,2888.900000000001,2847.900000000001,536.2685600000002,538.2346600000002,694.4100000000009,694.1400000000008,157.75999999999996,155.51999999999995,[46]
37300004,SE Omdeler,Gns. Oms,foot,TSP,Type 2,118,,0,2100.3,2100.3,579.3261200000003,579.3261200000003,694.4100000000009,694.4100000000009,114.70000000000007,114.70000000000007,[]
37300004,SE Omdeler,U36,foot,TSP,Type 1,118,"41, 45, 46",3,2888.900000000001,2846.800000000001,486.1060600000002,488.40472000000005,643.8400000000009,643.8400000000009,157.75999999999996,155.44999999999996,"[41, 45, 46]"
37300004,SE Omdeler,U36,foot,TSP,Type 2,118,18,1,2100.3,2100.2000000000003,529.1636200000003,529.1690800000001,643.8400000000009,643.8400000000009,114.70000000000007,114.70000000000007,[18]
37300004,SE Omdeler,U37,foot,TSP,Type 1,118,46,1,2888.900000000001,2847.900000000001,390.8560600000002,393.0946600000002,548.5899999999999,548.5899999999999,157.75999999999996,155.51999999999995,[46]
37300004,SE Omdeler,U37,foot,TSP,Type 2,118,18,1,2100.3,2100.2000000000003,433.91362000000026,433.91908000000024,548.5899999999998,548.5899999999998,114.70000000000007,114.70000000000007,[18]
37300004,SE Omdeler,U38,foot,TSP,Type 1,118,46,1,2888.900000000001,2847.900000000001,583.9160599999999,586.1546599999999,741.6500000000009,741.6500000000009,157.75999999999996,155.51999999999995,[46]
37300004,SE Omdeler,U38,foot,TSP,Type 2,118,18,1,2100.3,2100.2000000000003,626.97362,626.97908,741.6500000000008,741.6500000000008,114.70000000000007,114.70000000000007,[18]
37300004,SE Omdeler,U39,foot,TSP,Type 1,118,46,1,2888.900000000001,2847.900000000001,684.1960599999999,685.34466,841.929999999999,840.839999999999,157.75999999999996,155.51999999999995,[46]
37300004,SE Omdeler,U39,foot,TSP,Type 2,118,,0,2100.3,2100.3,727.25362,727.25362,841.9299999999993,841.9299999999993,114.70000000000007,114.70000000000007,[]
37300004,U18 Omdeler,Gns. Oms,foot,TSP,Type 1,118,46,1,2888.900000000001,2847.900000000001,635.9644990000003,636.5156890000003,694.4100000000009,694.1400000000008,58.05,57.23,[46]
37300004,U18 Omdeler,Gns. Oms,foot,TSP,Type 2,118,,0,2100.3,2100.3,651.8074730000003,651.8074730000003,694.4100000000009,694.4100000000009,42.21999999999999,42.21999999999999,[]
37300004,U18 Omdeler,U36,foot,TSP,Type 1,118,"41, 45, 46",3,2888.900000000001,2846.800000000001,585.8019990000003,586.6477880000001,643.8400000000009,643.8400000000009,58.05,57.209999999999994,"[41, 45, 46]"
37300004,U18 Omdeler,U36,foot,TSP,Type 2,118,18,1,2100.3,2100.2000000000003,601.6449730000003,601.6469820000002,643.8400000000009,643.8400000000009,42.21999999999999,42.21999999999999,[18]
37300004,U18 Omdeler,U37,foot,TSP,Type 1,118,46,1,2888.900000000001,2847.900000000001,490.55199900000025,491.37568900000025,548.5899999999999,548.5899999999999,58.05,57.23,[46]
37300004,U18 Omdeler,U37,foot,TSP,Type 2,118,18,1,2100.3,2100.2000000000003,506.3949730000003,506.39698200000026,548.5899999999998,548.5899999999998,42.21999999999999,42.21999999999999,[18]
37300004,U18 Omdeler,U38,foot,TSP,Type 1,118,46,1,2888.900000000001,2847.900000000001,683.611999,684.435689,741.6500000000009,741.6500000000009,58.05,57.23,[46]
37300004,U18 Omdeler,U38,foot,TSP,Type 2,118,18,1,2100.3,2100.2000000000003,699.454973,699.456982,741.6500000000008,741.6500000000008,42.21999999999999,42.21999999999999,[18]
37300004,U18 Omdeler,U39,foot,TSP,Type 1,118,,0,2888.900000000001,2888.900000000001,783.8919989999999,783.8919989999999,841.929999999999,841.929999999999,58.05,58.05,[]
37300004,U18 Omdeler,U39,foot,TSP,Type 2,118,,0,2100.3,2100.3,799.734973,799.734973,841.9299999999993,841.9299999999993,42.21999999999999,42.21999999999999,[]
37300005,O18 Omdeler,Gns. Oms,foot,TSP,Type 1,120,"8, 9, 19",3,3154.6999999999994,2833.7999999999997,547.8590200000001,554.5050800000001,637.8200000000007,635.3500000000007,89.57,80.45,"[8, 9, 19]"
37300005,O18 Omdeler,Gns. Oms,foot,TSP,Type 2,120,"7, 8, 9",3,2415.899999999999,2074.2,568.8409400000002,575.4652200000003,637.8200000000008,634.7400000000008,68.55999999999999,58.849999999999994,"[7, 8, 9]"
37300005,O18 Omdeler,U36,foot,TSP,Type 1,120,"5, 6, 7, 8, 9, 10, 11, 12, 18, 19",10,3154.6999999999994,2701.8,472.0165200000001,484.8788800000002,561.6100000000007,561.6100000000007,89.57,76.7,"[5, 6, 7, 8, 9, 10, 11, 12, 18, 19]"
37300005,O18 Omdeler,U36,foot,TSP,Type 2,120,"5, 6, 7, 8, 9, 10, 11, 12",8,2415.899999999999,1963.0,492.99844000000013,505.8608000000001,561.6100000000007,561.6100000000007,68.55999999999999,55.699999999999996,"[5, 6, 7, 8, 9, 10, 11, 12]"
37300005,O18 Omdeler,U37,foot,TSP,Type 1,120,"8, 9, 19",3,3154.6999999999994,2833.7999999999997,454.5665200000001,459.53008,544.1599999999997,540.0099999999996,89.57,80.45,"[8, 9, 19]"
37300005,O18 Omdeler,U37,foot,TSP,Type 2,120,"8, 9",2,2415.899999999999,2147.7000000000003,475.5484400000001,479.86532,544.1599999999996,540.8599999999996,68.55999999999999,60.94,"[8, 9]"
37300005,O18 Omdeler,U38,foot,TSP,Type 1,120,"3, 4, 5, 6, 7, 8, 9, 10, 11, 116",10,3154.6999999999994,2705.2000000000003,572.94652,585.71232,662.5400000000004,662.5400000000004,89.57,76.79999999999998,"[3, 4, 5, 6, 7, 8, 9, 10, 11, 116]"
37300005,O18 Omdeler,U38,foot,TSP,Type 2,120,"2, 3, 4, 5, 6, 7, 8, 9, 10, 11",10,2415.899999999999,1957.8,593.92844,606.93848,662.5400000000004,662.5400000000004,68.55999999999999,55.55,"[2, 3, 4, 5, 6, 7, 8, 9, 10, 11]"
37300005,O18 Omdeler,U39,foot,TSP,Type 1,120,"8, 9",2,3154.6999999999994,2877.3999999999996,691.9065200000002,695.4018400000001,781.4999999999997,777.1199999999997,89.57,81.68999999999998,"[8, 9]"
37300005,O18 Omdeler,U39,foot,TSP,Type 2,120,"8, 9",2,2415.899999999999,2147.7000000000003,712.8884400000003,716.1253200000001,781.4999999999994,777.1199999999994,68.55999999999999,60.94,"[8, 9]"
37300005,SE Omdeler,Gns. Oms,foot,TSP,Type 1,120,"6, 7, 8, 9, 10, 11, 19",7,3154.6999999999994,2725.7000000000003,465.2058800000001,481.1817800000002,637.8200000000007,630.3700000000008,172.25,148.83000000000004,"[6, 7, 8, 9, 10, 11, 19]"
37300005,SE Omdeler,Gns. Oms,foot,TSP,Type 2,120,"6, 7, 8, 9, 10, 11",6,2415.899999999999,1986.8999999999999,505.5443600000001,522.0677600000002,637.8200000000008,630.9200000000009,131.87999999999997,108.47,"[6, 7, 8, 9, 10, 11]"
37300005,SE Omdeler,U36,foot,TSP,Type 1,120,"5, 6, 7, 8, 9, 10, 11, 12, 18, 19",10,3154.6999999999994,2701.8,389.3633800000001,414.0917200000002,561.6100000000007,561.6100000000007,172.25,147.53000000000006,"[5, 6, 7, 8, 9, 10, 11, 12, 18, 19]"
37300005,SE Omdeler,U36,foot,TSP,Type 2,120,"5, 6, 7, 8, 9, 10, 11, 12",8,2415.899999999999,1963.0,429.7018600000001,454.43020000000007,561.6100000000007,561.6100000000007,131.87999999999997,107.15,"[5, 6, 7, 8, 9, 10, 11, 12]"
37300005,SE Omdeler,U37,foot,TSP,Type 1,120,"8, 9, 10, 11, 12, 19",6,3154.6999999999994,2772.5,371.9133800000001,386.0815,544.1599999999997,537.4599999999997,172.25,151.39000000000007,"[8, 9, 10, 11, 12, 19]"
37300005,SE Omdeler,U37,foot,TSP,Type 2,120,"7, 8, 9, 10, 11, 12",6,2415.899999999999,2012.7999999999997,412.2518600000001,425.9611200000001,544.1599999999996,535.8599999999996,131.87999999999997,109.88,"[7, 8, 9, 10, 11, 12]"
37300005,SE Omdeler,U38,foot,TSP,Type 1,120,"3, 4, 5, 6, 7, 8, 9, 10, 11, 116",10,3154.6999999999994,2705.2000000000003,490.29337999999996,514.8360799999999,662.5400000000004,662.5400000000004,172.25,147.71000000000006,"[3, 4, 5, 6, 7, 8, 9, 10, 11, 116]"
37300005,SE Omdeler,U38,foot,TSP,Type 2,120,"2, 3, 4, 5, 6, 7, 8, 9, 10, 11",10,2415.899999999999,1957.8,530.63186,555.6441199999999,662.5400000000004,662.5400000000004,131.87999999999997,106.87,"[2, 3, 4, 5, 6, 7, 8, 9, 10, 11]"
37300005,SE Omdeler,U39,foot,TSP,Type 1,120,"8, 9, 19",3,3154.6999999999994,2833.7999999999997,609.2533800000002,621.0545200000001,781.4999999999997,775.7799999999997,172.25,154.73000000000005,"[8, 9, 19]"
37300005,SE Omdeler,U39,foot,TSP,Type 2,120,"7, 8, 9",3,2415.899999999999,2074.2,649.5918600000002,661.6786800000002,781.4999999999994,774.9299999999994,131.87999999999997,113.22999999999999,"[7, 8, 9]"
37300005,U18 Omdeler,Gns. Oms,foot,TSP,Type 1,120,"8, 9, 19",3,3154.6999999999994,2833.7999999999997,574.0745770000001,578.0539580000001,637.8200000000007,635.3500000000007,63.29000000000001,56.85000000000001,"[8, 9, 19]"
37300005,U18 Omdeler,Gns. Oms,foot,TSP,Type 2,120,"7, 8, 9",3,2415.899999999999,2074.2,588.9170690000001,592.7018220000001,637.8200000000008,634.7400000000008,48.48999999999999,41.629999999999995,"[7, 8, 9]"
37300005,U18 Omdeler,U36,foot,TSP,Type 1,120,"5, 6, 7, 8, 9, 10, 11, 12, 18, 19",10,3154.6999999999994,2701.8,498.2320770000001,507.3308380000002,561.6100000000007,561.6100000000007,63.29000000000001,54.2,"[5, 6, 7, 8, 9, 10, 11, 12, 18, 19]"
37300005,U18 Omdeler,U36,foot,TSP,Type 2,120,"5, 6, 7, 8, 9, 10, 11, 12",8,2415.899999999999,1963.0,513.0745690000001,522.1733300000001,561.6100000000007,561.6100000000007,48.48999999999999,39.39999999999999,"[5, 6, 7, 8, 9, 10, 11, 12]"
37300005,U18 Omdeler,U37,foot,TSP,Type 1,120,"8, 9, 19",3,3154.6999999999994,2833.7999999999997,480.7820770000001,483.078958,544.1599999999997,540.0099999999996,63.29000000000001,56.85000000000001,"[8, 9, 19]"
37300005,U18 Omdeler,U37,foot,TSP,Type 2,120,"8, 9",2,2415.899999999999,2147.7000000000003,495.6245690000001,497.712707,544.1599999999996,540.8599999999996,48.48999999999999,43.11,"[8, 9]"
37300005,U18 Omdeler,U38,foot,TSP,Type 1,120,"3, 4, 5, 6, 7, 8, 9, 10, 11, 116",10,3154.6999999999994,2705.2000000000003,599.162077,608.1925319999999,662.5400000000004,662.5400000000004,63.29000000000001,54.26000000000001,"[3, 4, 5, 6, 7, 8, 9, 10, 11, 116]"
37300005,U18 Omdeler,U38,foot,TSP,Type 2,120,"2, 3, 4, 5, 6, 7, 8, 9, 10, 11",10,2415.899999999999,1957.8,614.004569,623.2077979999999,662.5400000000004,662.5400000000004,48.48999999999999,39.28999999999999,"[2, 3, 4, 5, 6, 7, 8, 9, 10, 11]"
37300005,U18 Omdeler,U39,foot,TSP,Type 1,120,"8, 9",2,3154.6999999999994,2877.3999999999996,718.1220770000002,719.3130340000001,781.4999999999997,777.1199999999997,63.29000000000001,57.720000000000006,"[8, 9]"
37300005,U18 Omdeler,U39,foot,TSP,Type 2,120,"8, 9",2,2415.899999999999,2147.7000000000003,732.9645690000002,733.9727070000001,781.4999999999994,777.1199999999994,48.48999999999999,43.11,"[8, 9]"
37300006,O18 Omdeler,Gns. Oms,foot,TSP,Type 1,163,22,1,4863.8,4813.7,826.7505800000001,827.6984200000003,965.450000000001,964.9800000000009,138.15000000000006,136.73000000000008,[22]
37300006,O18 Omdeler,Gns. Oms,foot,TSP,Type 2,163,22,1,4419.5999999999985,4369.499999999999,839.3658600000002,840.3137000000003,965.4500000000011,964.980000000001,125.55000000000004,124.12000000000005,[22]
37300006,O18 Omdeler,U36,foot,TSP,Type 1,163,22,1,4863.8,4813.7,757.7780800000002,759.2009200000002,895.9100000000018,895.9100000000018,138.15000000000006,136.73000000000008,[22]
37300006,O18 Omdeler,U36,foot,TSP,Type 2,163,22,1,4419.5999999999985,4369.499999999999,770.3933600000003,771.8162000000002,895.9100000000018,895.9100000000018,125.55000000000004,124.12000000000005,[22]
37300006,O18 Omdeler,U37,foot,TSP,Type 1,163,22,1,4863.8,4813.7,654.79808,656.2209200000001,792.9300000000013,792.9300000000013,138.15000000000006,136.73000000000008,[22]
37300006,O18 Omdeler,U37,foot,TSP,Type 2,163,22,1,4419.5999999999985,4369.499999999999,667.4133600000001,668.8362000000001,792.9300000000015,792.9300000000015,125.55000000000004,124.12000000000005,[22]
37300006,O18 Omdeler,U38,foot,TSP,Type 1,163,22,1,4863.8,4813.7,892.6480799999997,894.07092,1030.7800000000022,1030.7800000000022,138.15000000000006,136.73000000000008,[22]
37300006,O18 Omdeler,U38,foot,TSP,Type 2,163,22,1,4419.5999999999985,4369.499999999999,905.2633599999998,906.6862,1030.7800000000022,1030.7800000000022,125.55000000000004,124.12000000000005,[22]
37300006,O18 Omdeler,U39,foot,TSP,Type 1,163,,0,4863.8,4863.8,1001.7780799999998,1001.7780799999998,1139.9099999999978,1139.9099999999978,138.15000000000006,138.15000000000006,[]
37300006,O18 Omdeler,U39,foot,TSP,Type 2,163,,0,4419.5999999999985,4419.5999999999985,1014.3933599999999,1014.3933599999999,1139.9099999999978,1139.9099999999978,125.55000000000004,125.55000000000004,[]
37300006,SE Omdeler,Gns. Oms,foot,TSP,Type 1,163,22,1,4863.8,4813.7,699.3190200000001,701.5794800000002,965.450000000001,964.9800000000009,265.6500000000002,262.91000000000014,[22]
37300006,SE Omdeler,Gns. Oms,foot,TSP,Type 2,163,22,1,4419.5999999999985,4369.499999999999,723.5723400000002,725.8328000000002,965.4500000000011,964.980000000001,241.43000000000006,238.69000000000008,[22]
37300006,SE Omdeler,U36,foot,TSP,Type 1,163,22,1,4863.8,4813.7,630.3465200000002,633.0819800000002,895.9100000000018,895.9100000000018,265.6500000000002,262.91000000000014,[22]
37300006,SE Omdeler,U36,foot,TSP,Type 2,163,22,1,4419.5999999999985,4369.499999999999,654.5998400000003,657.3353000000003,895.9100000000018,895.9100000000018,241.43000000000006,238.69000000000008,[22]
37300006,SE Omdeler,U37,foot,TSP,Type 1,163,22,1,4863.8,4813.7,527.36652,530.10198,792.9300000000013,792.9300000000013,265.6500000000002,262.91000000000014,[22]
37300006,SE Omdeler,U37,foot,TSP,Type 2,163,22,1,4419.5999999999985,4369.499999999999,551.6198400000001,554.3553,792.9300000000015,792.9300000000015,241.43000000000006,238.69000000000008,[22]
37300006,SE Omdeler,U38,foot,TSP,Type 1,163,22,1,4863.8,4813.7,765.2165199999997,767.9519799999999,1030.7800000000022,1030.7800000000022,265.6500000000002,262.91000000000014,[22]
37300006,SE Omdeler,U38,foot,TSP,Type 2,163,22,1,4419.5999999999985,4369.499999999999,789.4698399999997,792.2053,1030.7800000000022,1030.7800000000022,241.43000000000006,238.69000000000008,[22]
37300006,SE Omdeler,U39,foot,TSP,Type 1,163,22,1,4863.8,4813.7,874.3465199999998,875.1819800000002,1139.9099999999978,1138.0099999999977,265.6500000000002,262.91000000000014,[22]
37300006,SE Omdeler,U39,foot,TSP,Type 2,163,22,1,4419.5999999999985,4369.499999999999,898.5998399999999,899.4353000000002,1139.9099999999978,1138.0099999999977,241.43000000000006,238.69000000000008,[22]
37300006,U18 Omdeler,Gns. Oms,foot,TSP,Type 1,163,22,1,4863.8,4813.7,867.1687580000001,867.7002670000003,965.450000000001,964.9800000000009,97.64999999999999,96.64999999999998,[22]
37300006,U18 Omdeler,Gns. Oms,foot,TSP,Type 2,163,22,1,4419.5999999999985,4369.499999999999,876.0927360000002,876.6242450000002,965.4500000000011,964.980000000001,88.74999999999997,87.74999999999996,[22]
37300006,U18 Omdeler,U36,foot,TSP,Type 1,163,22,1,4863.8,4813.7,798.1962580000002,799.2027670000002,895.9100000000018,895.9100000000018,97.64999999999999,96.64999999999998,[22]
37300006,U18 Omdeler,U36,foot,TSP,Type 2,163,22,1,4419.5999999999985,4369.499999999999,807.1202360000002,808.1267450000001,895.9100000000018,895.9100000000018,88.74999999999997,87.74999999999996,[22]
37300006,U18 Omdeler,U37,foot,TSP,Type 1,163,22,1,4863.8,4813.7,695.216258,696.2227670000001,792.9300000000013,792.9300000000013,97.64999999999999,96.64999999999998,[22]
37300006,U18 Omdeler,U37,foot,TSP,Type 2,163,22,1,4419.5999999999985,4369.499999999999,704.1402360000001,705.146745,792.9300000000015,792.9300000000015,88.74999999999997,87.74999999999996,[22]
37300006,U18 Omdeler,U38,foot,TSP,Type 1,163,22,1,4863.8,4813.7,933.0662579999997,934.072767,1030.7800000000022,1030.7800000000022,97.64999999999999,96.64999999999998,[22]
37300006,U18 Omdeler,U38,foot,TSP,Type 2,163,22,1,4419.5999999999985,4369.499999999999,941.9902359999998,942.9967449999999,1030.7800000000022,1030.7800000000022,88.74999999999997,87.74999999999996,[22]
37300006,U18 Omdeler,U39,foot,TSP,Type 1,163,,0,4863.8,4863.8,1042.196258,1042.196258,1139.9099999999978,1139.9099999999978,97.64999999999999,97.64999999999999,[]
37300006,U18 Omdeler,U39,foot,TSP,Type 2,163,,0,4419.5999999999985,4419.5999999999985,1051.120236,1051.120236,1139.9099999999978,1139.9099999999978,88.74999999999997,88.74999999999997,[]
37300007,O18 Omdeler,Gns. Oms,foot,TSP,Type 1,126,,0,3044.2999999999993,3044.2999999999993,641.2468800000001,641.2468800000001,728.1500000000011,728.1500000000011,86.41999999999996,86.41999999999996,[]
37300007,O18 Omdeler,Gns. Oms,foot,TSP,Type 2,126,87,1,2434.0,2277.1000000000004,658.5794000000002,662.2753600000002,728.150000000001,727.390000000001,69.09999999999998,64.63999999999999,[87]
37300007,O18 Omdeler,U36,foot,TSP,Type 1,126,"13, 89, 90, 91",4,3044.2999999999993,3008.199999999999,586.8518800000003,587.8771200000003,673.3100000000009,673.3100000000009,86.41999999999996,85.39999999999995,"[13, 89, 90, 91]"
37300007,O18 Omdeler,U36,foot,TSP,Type 2,126,87,1,2434.0,2277.1000000000004,604.1844000000003,608.6403600000003,673.310000000001,673.3100000000011,69.09999999999998,64.63999999999999,[87]
37300007,O18 Omdeler,U37,foot,TSP,Type 1,126,"11, 89, 90",3,3044.2999999999993,3032.499999999999,506.7718800000001,507.10700000000014,593.2300000000002,593.2300000000002,86.41999999999996,86.07999999999996,"[11, 89, 90]"
37300007,O18 Omdeler,U37,foot,TSP,Type 2,126,87,1,2434.0,2277.1000000000004,524.1044000000002,527.7103600000002,593.2300000000004,592.3800000000005,69.09999999999998,64.63999999999999,[87]
37300007,O18 Omdeler,U38,foot,TSP,Type 1,126,"13, 89, 90, 91",4,3044.2999999999993,3008.199999999999,692.13188,693.1571200000001,778.5900000000012,778.5900000000012,86.41999999999996,85.39999999999995,"[13, 89, 90, 91]"
37300007,O18 Omdeler,U38,foot,TSP,Type 2,126,87,1,2434.0,2277.1000000000004,709.4644000000001,713.9203600000002,778.590000000001,778.5900000000012,69.09999999999998,64.63999999999999,[87]
37300007,O18 Omdeler,U39,foot,TSP,Type 1,126,,0,3044.2999999999993,3044.2999999999993,779.23188,779.23188,865.689999999999,865.689999999999,86.41999999999996,86.41999999999996,[]
37300007,O18 Omdeler,U39,foot,TSP,Type 2,126,87,1,2434.0,2277.1000000000004,796.5644000000001,798.8303600000002,865.689999999999,863.4999999999991,69.09999999999998,64.63999999999999,[87]
37300007,SE Omdeler,Gns. Oms,foot,TSP,Type 1,126,,0,3044.2999999999993,3044.2999999999993,561.4862200000002,561.4862200000002,728.1500000000011,728.1500000000011,166.24999999999994,166.24999999999994,[]
37300007,SE Omdeler,Gns. Oms,foot,TSP,Type 2,126,87,1,2434.0,2277.1000000000004,594.8086000000002,602.6153400000002,728.150000000001,727.390000000001,132.86,124.31,[87]
37300007,SE Omdeler,U36,foot,TSP,Type 1,126,"13, 89, 90, 91",4,3044.2999999999993,3008.199999999999,507.0912200000003,509.0622800000003,673.3100000000009,673.3100000000009,166.24999999999994,164.27999999999994,"[13, 89, 90, 91]"
37300007,SE Omdeler,U36,foot,TSP,Type 2,126,87,1,2434.0,2277.1000000000004,540.4136000000003,548.9803400000003,673.310000000001,673.3100000000011,132.86,124.31,[87]
37300007,SE Omdeler,U37,foot,TSP,Type 1,126,"11, 89, 90",3,3044.2999999999993,3032.499999999999,427.01122000000015,427.6555000000002,593.2300000000002,593.2300000000002,166.24999999999994,165.60999999999996,"[11, 89, 90]"
37300007,SE Omdeler,U37,foot,TSP,Type 2,126,93,1,2434.0,2170.3999999999996,460.33360000000016,469.6561600000002,593.2300000000004,588.1600000000002,132.86,118.49000000000001,[93]
37300007,SE Omdeler,U38,foot,TSP,Type 1,126,"13, 89, 90, 91",4,3044.2999999999993,3008.199999999999,612.37122,614.34228,778.5900000000012,778.5900000000012,166.24999999999994,164.27999999999994,"[13, 89, 90, 91]"
37300007,SE Omdeler,U38,foot,TSP,Type 2,126,87,1,2434.0,2277.1000000000004,645.6936000000001,654.2603400000002,778.590000000001,778.5900000000012,132.86,124.31,[87]
37300007,SE Omdeler,U39,foot,TSP,Type 1,126,,0,3044.2999999999993,3044.2999999999993,699.4712200000001,699.4712200000001,865.689999999999,865.689999999999,166.24999999999994,166.24999999999994,[]
37300007,SE Omdeler,U39,foot,TSP,Type 2,126,93,1,2434.0,2170.3999999999996,732.7936000000001,739.6461600000001,865.689999999999,858.149999999999,132.86,118.49000000000001,[93]
37300007,U18 Omdeler,Gns. Oms,foot,TSP,Type 1,126,,0,3044.2999999999993,3044.2999999999993,666.5450130000002,666.5450130000002,728.1500000000011,728.1500000000011,61.14999999999999,61.14999999999999,[]
37300007,U18 Omdeler,Gns. Oms,foot,TSP,Type 2,126,87,1,2434.0,2277.1000000000004,678.8059400000002,681.1980610000002,728.150000000001,727.390000000001,48.9,45.73999999999999,[87]
37300007,U18 Omdeler,U36,foot,TSP,Type 1,126,"13, 89, 90, 91",4,3044.2999999999993,3008.199999999999,612.1500130000003,612.8752620000002,673.3100000000009,673.3100000000009,61.14999999999999,60.429999999999986,"[13, 89, 90, 91]"
37300007,U18 Omdeler,U36,foot,TSP,Type 2,126,87,1,2434.0,2277.1000000000004,624.4109400000003,627.5630610000003,673.310000000001,673.3100000000011,48.9,45.73999999999999,[87]
37300007,U18 Omdeler,U37,foot,TSP,Type 1,126,"11, 89, 90",3,3044.2999999999993,3032.499999999999,532.0700130000001,532.3070750000002,593.2300000000002,593.2300000000002,61.14999999999999,60.89999999999999,"[11, 89, 90]"
37300007,U18 Omdeler,U37,foot,TSP,Type 2,126,87,1,2434.0,2277.1000000000004,544.3309400000002,546.6330610000001,593.2300000000004,592.3800000000005,48.9,45.73999999999999,[87]
37300007,U18 Omdeler,U38,foot,TSP,Type 1,126,"13, 89, 90, 91",4,3044.2999999999993,3008.199999999999,717.430013,718.155262,778.5900000000012,778.5900000000012,61.14999999999999,60.429999999999986,"[13, 89, 90, 91]"
37300007,U18 Omdeler,U38,foot,TSP,Type 2,126,87,1,2434.0,2277.1000000000004,729.6909400000001,732.8430610000001,778.590000000001,778.5900000000012,48.9,45.73999999999999,[87]
37300007,U18 Omdeler,U39,foot,TSP,Type 1,126,,0,3044.2999999999993,3044.2999999999993,804.530013,804.530013,865.689999999999,865.689999999999,61.14999999999999,61.14999999999999,[]
37300007,U18 Omdeler,U39,foot,TSP,Type 2,126,87,1,2434.0,2277.1000000000004,816.7909400000001,817.7530610000001,865.689999999999,863.4999999999991,48.9,45.73999999999999,[87]
37300008,O18 Omdeler,Gns. Oms,foot,TSP,Type 1,138,42,1,4806.899999999999,4542.000000000002,690.7640400000003,691.9322000000002,827.7100000000004,821.3500000000005,136.51000000000008,128.98000000000002,[42]
37300008,O18 Omdeler,Gns. Oms,foot,TSP,Type 2,138,,0,4412.3,4412.3,701.9706800000001,701.9706800000001,827.7100000000006,827.7100000000006,125.32999999999991,125.32999999999991,[]
37300008,O18 Omdeler,U36,foot,TSP,Type 1,138,42,1,4806.899999999999,4542.000000000002,623.1040400000002,624.6472000000001,759.620000000001,753.640000000001,136.51000000000008,128.98000000000002,[42]
37300008,O18 Omdeler,U36,foot,TSP,Type 2,138,,0,4412.3,4412.3,634.31068,634.31068,759.620000000001,759.620000000001,125.32999999999991,125.32999999999991,[]
37300008,O18 Omdeler,U37,foot,TSP,Type 1,138,42,1,4806.899999999999,4542.000000000002,545.5940400000001,548.0472,682.1100000000009,677.0400000000009,136.51000000000008,128.98000000000002,[42]
37300008,O18 Omdeler,U37,foot,TSP,Type 2,138,42,1,4412.3,4210.299999999999,556.80068,557.46748,682.1100000000008,677.0400000000006,125.32999999999991,119.57999999999993,[42]
37300008,O18 Omdeler,U38,foot,TSP,Type 1,138,42,1,4806.899999999999,4542.000000000002,754.77404,755.4671999999999,891.2900000000013,884.4600000000013,136.51000000000008,128.98000000000002,[42]
37300008,O18 Omdeler,U38,foot,TSP,Type 2,138,,0,4412.3,4412.3,765.9806799999999,765.9806799999999,891.2900000000016,891.2900000000016,125.32999999999991,125.32999999999991,[]
37300008,O18 Omdeler,U39,foot,TSP,Type 1,138,,0,4806.899999999999,4806.899999999999,839.58404,839.58404,976.0999999999989,976.0999999999989,136.51000000000008,136.51000000000008,[]
37300008,O18 Omdeler,U39,foot,TSP,Type 2,138,,0,4412.3,4412.3,850.7906799999998,850.7906799999998,976.0999999999987,976.0999999999987,125.32999999999991,125.32999999999991,[]
37300008,SE Omdeler,Gns. Oms,foot,TSP,Type 1,138,42,1,4806.899999999999,4542.000000000002,564.8232600000002,572.9318000000001,827.7100000000004,821.3500000000005,262.4799999999999,248.01,[42]
37300008,SE Omdeler,Gns. Oms,foot,TSP,Type 2,138,"42, 45",2,4412.3,4158.4,586.3684200000002,591.9413600000001,827.7100000000006,819.4100000000007,240.94000000000003,227.08000000000004,"[42, 45]"
37300008,SE Omdeler,U36,foot,TSP,Type 1,138,"42, 43, 45",3,4806.899999999999,4490.000000000001,497.16326000000015,506.456,759.620000000001,751.610000000001,262.4799999999999,245.17,"[42, 43, 45]"
37300008,SE Omdeler,U36,foot,TSP,Type 2,138,"42, 45",2,4412.3,4158.4,518.7084200000002,524.9313600000002,759.620000000001,751.980000000001,240.94000000000003,227.08000000000004,"[42, 45]"
37300008,SE Omdeler,U37,foot,TSP,Type 1,138,42,1,4806.899999999999,4542.000000000002,419.65326000000005,429.04679999999985,682.1100000000009,677.0400000000009,262.4799999999999,248.01,[42]
37300008,SE Omdeler,U37,foot,TSP,Type 2,138,"42, 45, 58",3,4412.3,4055.900000000001,441.19842,448.89786,682.1100000000008,670.3500000000009,240.94000000000003,221.47000000000003,"[42, 45, 58]"
37300008,SE Omdeler,U38,foot,TSP,Type 1,138,42,1,4806.899999999999,4542.000000000002,628.83326,636.4667999999998,891.2900000000013,884.4600000000013,262.4799999999999,248.01,[42]
37300008,SE Omdeler,U38,foot,TSP,Type 2,138,"42, 45",2,4412.3,4158.4,650.37842,654.6913599999999,891.2900000000016,881.7400000000015,240.94000000000003,227.08000000000004,"[42, 45]"
37300008,SE Omdeler,U39,foot,TSP,Type 1,138,42,1,4806.899999999999,4542.000000000002,713.6432599999999,720.5667999999997,976.0999999999989,968.5599999999989,262.4799999999999,248.01,[42]
37300008,SE Omdeler,U39,foot,TSP,Type 2,138,"42, 45",2,4412.3,4158.4,735.18842,739.77136,976.0999999999987,966.8199999999987,240.94000000000003,227.08000000000004,"[42, 45]"
37300008,U18 Omdeler,Gns. Oms,foot,TSP,Type 1,138,,0,4806.899999999999,4806.899999999999,730.7093790000002,730.7093790000002,827.7100000000004,827.7100000000004,96.59,96.59,[]
37300008,U18 Omdeler,Gns. Oms,foot,TSP,Type 2,138,,0,4412.3,4412.3,738.6368930000002,738.6368930000002,827.7100000000006,827.7100000000006,88.63999999999997,88.63999999999997,[]
37300008,U18 Omdeler,U36,foot,TSP,Type 1,138,77,1,4806.899999999999,4806.799999999998,663.0493790000002,663.0513880000002,759.620000000001,759.620000000001,96.59,96.59,[77]
37300008,U18 Omdeler,U36,foot,TSP,Type 2,138,,0,4412.3,4412.3,670.9768930000001,670.9768930000001,759.620000000001,759.620000000001,88.63999999999997,88.63999999999997,[]
37300008,U18 Omdeler,U37,foot,TSP,Type 1,138,42,1,4806.899999999999,4542.000000000002,585.539379,585.79122,682.1100000000009,677.0400000000009,96.59,91.27000000000001,[42]
37300008,U18 Omdeler,U37,foot,TSP,Type 2,138,,0,4412.3,4412.3,593.466893,593.466893,682.1100000000008,682.1100000000008,88.63999999999997,88.63999999999997,[]
37300008,U18 Omdeler,U38,foot,TSP,Type 1,138,77,1,4806.899999999999,4806.799999999998,794.719379,794.721388,891.2900000000013,891.2900000000013,96.59,96.59,[77]
37300008,U18 Omdeler,U38,foot,TSP,Type 2,138,,0,4412.3,4412.3,802.646893,802.646893,891.2900000000016,891.2900000000016,88.63999999999997,88.63999999999997,[]
37300008,U18 Omdeler,U39,foot,TSP,Type 1,138,,0,4806.899999999999,4806.899999999999,879.529379,879.529379,976.0999999999989,976.0999999999989,96.59,96.59,[]
37300008,U18 Omdeler,U39,foot,TSP,Type 2,138,,0,4412.3,4412.3,887.4568929999999,887.4568929999999,976.0999999999987,976.0999999999987,88.63999999999997,88.63999999999997,[]
37300009,O18 Omdeler,Gns. Oms,foot,TSP,Type 1,150,"114, 115, 116, 117, 118, 119",6,3757.3000000000006,3183.3,705.9101800000002,715.0392800000001,813.07,805.8900000000002,106.71000000000006,90.41000000000005,"[114, 115, 116, 117, 118, 119]"
37300009,O18 Omdeler,Gns. Oms,foot,TSP,Type 2,150,"114, 115, 116, 118",4,2975.1999999999994,2819.7999999999993,728.1218200000002,728.8001800000002,813.0700000000005,809.3300000000006,84.4900000000001,80.07000000000006,"[114, 115, 116, 118]"
37300009,O18 Omdeler,U36,foot,TSP,Type 1,150,"114, 115, 116, 117, 118, 119, 121",7,3757.3000000000006,3183.2999999999997,641.7726800000003,656.3042800000002,748.4800000000008,746.7100000000008,106.71000000000006,90.41000000000007,"[114, 115, 116, 117, 118, 119, 121]"
37300009,O18 Omdeler,U36,foot,TSP,Type 2,150,"114, 115, 116, 117, 118, 119",6,2975.1999999999994,2584.4999999999995,663.9843200000003,673.3102000000001,748.480000000001,746.7100000000011,84.4900000000001,73.40000000000003,"[114, 115, 116, 117, 118, 119]"
37300009,O18 Omdeler,U37,foot,TSP,Type 1,150,"114, 115, 116, 117, 118, 119",6,3757.3000000000006,3183.3,564.4626800000001,571.71428,671.1700000000011,662.1200000000009,106.71000000000006,90.41000000000005,"[114, 115, 116, 117, 118, 119]"
37300009,O18 Omdeler,U37,foot,TSP,Type 2,150,115,1,2975.1999999999994,2939.399999999999,586.6743200000001,586.8410399999999,671.1700000000008,670.3200000000007,84.4900000000001,83.4700000000001,[115]
37300009,O18 Omdeler,U38,foot,TSP,Type 1,150,"114, 115, 116, 117, 118, 119, 125, 126, 127",9,3757.3000000000006,3183.2000000000007,756.4526799999999,772.7571199999999,863.160000000001,863.160000000001,106.71000000000006,90.41000000000005,"[114, 115, 116, 117, 118, 119, 125, 126, 127]"
37300009,O18 Omdeler,U38,foot,TSP,Type 2,150,"114, 115, 116, 117, 118, 119",6,2975.1999999999994,2584.4999999999995,778.6643199999999,789.7601999999999,863.1600000000013,863.1600000000013,84.4900000000001,73.40000000000003,"[114, 115, 116, 117, 118, 119]"
37300009,O18 Omdeler,U39,foot,TSP,Type 1,150,118,1,3757.3000000000006,3519.3000000000006,860.95268,865.09188,967.6599999999993,965.0399999999993,106.71000000000006,99.95000000000007,[118]
37300009,O18 Omdeler,U39,foot,TSP,Type 2,150,76,1,2975.1999999999994,2914.5,883.16432,883.1682,967.6599999999991,965.9399999999988,84.4900000000001,82.79000000000008,[76]
37300009,SE Omdeler,Gns. Oms,foot,TSP,Type 1,150,"102, 114, 115, 116, 117, 118, 119",7,3757.3000000000006,3090.5,607.4689200000001,633.3187000000001,813.07,802.5100000000002,205.1299999999999,168.7199999999999,"[102, 114, 115, 116, 117, 118, 119]"
37300009,SE Omdeler,Gns. Oms,foot,TSP,Type 2,150,"114, 115, 116, 118",4,2975.1999999999994,2819.7999999999993,650.1715800000002,654.9214200000001,813.0700000000005,809.3300000000006,162.37999999999997,153.89999999999995,"[114, 115, 116, 118]"
37300009,SE Omdeler,U36,foot,TSP,Type 1,150,"102, 114, 115, 116, 117, 118, 119",7,3757.3000000000006,3090.5,543.3314200000002,574.8087000000002,748.4800000000008,743.5500000000009,205.1299999999999,168.7199999999999,"[102, 114, 115, 116, 117, 118, 119]"
37300009,SE Omdeler,U36,foot,TSP,Type 2,150,"114, 115, 116, 117, 118, 119",6,2975.1999999999994,2584.4999999999995,586.0340800000002,605.5963000000002,748.480000000001,746.7100000000011,162.37999999999997,141.04999999999993,"[114, 115, 116, 117, 118, 119]"
37300009,SE Omdeler,U37,foot,TSP,Type 1,150,"102, 114, 115, 116, 117, 118, 119",7,3757.3000000000006,3090.5,466.02142000000003,490.26869999999997,671.1700000000011,659.0100000000009,205.1299999999999,168.7199999999999,"[102, 114, 115, 116, 117, 118, 119]"
37300009,SE Omdeler,U37,foot,TSP,Type 2,150,"117, 118, 119",3,2975.1999999999994,2825.3999999999996,508.7240800000001,512.00316,671.1700000000008,666.2700000000007,162.37999999999997,154.19999999999996,"[117, 118, 119]"
37300009,SE Omdeler,U38,foot,TSP,Type 1,150,"102, 114, 115, 116, 117, 118, 119",7,3757.3000000000006,3090.5,658.0114199999998,690.5586999999999,863.160000000001,859.300000000001,205.1299999999999,168.7199999999999,"[102, 114, 115, 116, 117, 118, 119]"
37300009,SE Omdeler,U38,foot,TSP,Type 2,150,"114, 115, 116, 117, 118, 119",6,2975.1999999999994,2584.4999999999995,700.7140799999999,722.0463,863.1600000000013,863.1600000000013,162.37999999999997,141.04999999999993,"[114, 115, 116, 117, 118, 119]"
37300009,SE Omdeler,U39,foot,TSP,Type 1,150,"114, 115, 116, 117, 118, 119",6,3757.3000000000006,3183.3,762.5114199999999,775.98182,967.6599999999993,949.789999999999,205.1299999999999,173.77999999999992,"[114, 115, 116, 117, 118, 119]"
37300009,SE Omdeler,U39,foot,TSP,Type 2,150,76,1,2975.1999999999994,2914.5,805.21408,806.8082999999999,967.6599999999991,965.9399999999988,162.37999999999997,159.05999999999995,[76]
37300009,U18 Omdeler,Gns. Oms,foot,TSP,Type 1,150,"114, 115, 116, 117, 118, 119",6,3757.3000000000006,3183.3,737.1333430000002,741.492503,813.07,805.8900000000002,75.41,63.88,"[114, 115, 116, 117, 118, 119]"
37300009,U18 Omdeler,Gns. Oms,foot,TSP,Type 2,150,118,1,2975.1999999999994,2920.499999999999,752.8457320000002,752.8896550000002,813.0700000000005,812.0100000000006,59.68,58.580000000000005,[118]
37300009,U18 Omdeler,U36,foot,TSP,Type 1,150,"114, 115, 116, 117, 118, 119, 121",7,3757.3000000000006,3183.2999999999997,672.9958430000003,682.7575030000002,748.4800000000008,746.7100000000008,75.41,63.88,"[114, 115, 116, 117, 118, 119, 121]"
37300009,U18 Omdeler,U36,foot,TSP,Type 2,150,"114, 115, 116, 117, 118, 119",6,2975.1999999999994,2584.4999999999995,688.7082320000003,694.7873950000002,748.480000000001,746.7100000000011,59.68,51.84000000000001,"[114, 115, 116, 117, 118, 119]"
37300009,U18 Omdeler,U37,foot,TSP,Type 1,150,118,1,3757.3000000000006,3519.3000000000006,595.6858430000001,598.867263,671.1700000000011,669.5700000000011,75.41,70.62999999999998,[118]
37300009,U18 Omdeler,U37,foot,TSP,Type 2,150,,0,2975.1999999999994,2975.1999999999994,611.3982320000001,611.3982320000001,671.1700000000008,671.1700000000008,59.68,59.68,[]
37300009,U18 Omdeler,U38,foot,TSP,Type 1,150,"114, 115, 116, 117, 118, 119, 125, 126, 127",9,3757.3000000000006,3183.2000000000007,787.6758429999999,799.2095119999999,863.160000000001,863.160000000001,75.41,63.88,"[114, 115, 116, 117, 118, 119, 125, 126, 127]"
37300009,U18 Omdeler,U38,foot,TSP,Type 2,150,"114, 115, 116, 117, 118, 119",6,2975.1999999999994,2584.4999999999995,803.3882319999999,811.237395,863.1600000000013,863.1600000000013,59.68,51.84000000000001,"[114, 115, 116, 117, 118, 119]"
37300009,U18 Omdeler,U39,foot,TSP,Type 1,150,118,1,3757.3000000000006,3519.3000000000006,892.175843,894.337263,967.6599999999993,965.0399999999993,75.41,70.62999999999998,[118]
37300009,U18 Omdeler,U39,foot,TSP,Type 2,150,,0,2975.1999999999994,2975.1999999999994,907.888232,907.888232,967.6599999999991,967.6599999999991,59.68,59.68,[]
37300010,O18 Omdeler,Gns. Oms,foot,TSP,Type 1,128,"19, 20, 21, 22, 23, 24, 25, 26, 27, 35",10,5263.5999999999985,3708.399999999999,537.3787600000002,561.9939400000003,687.2600000000008,667.6900000000007,149.46999999999994,105.29999999999998,"[19, 20, 21, 22, 23, 24, 25, 26, 27, 35]"
37300010,O18 Omdeler,Gns. Oms,foot,TSP,Type 2,128,"19, 20, 21, 22, 23, 24, 25, 26, 27",9,4672.0999999999985,3372.5999999999985,554.1773600000001,577.8856600000003,687.2600000000006,674.0500000000008,132.66,95.77,"[19, 20, 21, 22, 23, 24, 25, 26, 27]"
37300010,O18 Omdeler,U36,foot,TSP,Type 1,128,"19, 20, 21, 22, 23, 24, 25, 26, 27, 35",10,5263.5999999999985,3708.399999999999,471.7237600000002,504.6014400000002,621.2100000000008,609.9200000000008,149.46999999999994,105.29999999999998,"[19, 20, 21, 22, 23, 24, 25, 26, 27, 35]"
37300010,O18 Omdeler,U36,foot,TSP,Type 2,128,"19, 20, 21, 22, 23, 24, 25, 26, 27, 28",10,4672.0999999999985,3344.1999999999985,488.52236000000016,520.9247200000002,621.2100000000008,615.9000000000009,132.66,94.97,"[19, 20, 21, 22, 23, 24, 25, 26, 27, 28]"
37300010,O18 Omdeler,U37,foot,TSP,Type 1,128,"19, 20, 21, 22, 23, 24, 35",7,5263.5999999999985,4087.4999999999995,432.42376000000013,449.13500000000005,581.9100000000003,565.2200000000003,149.46999999999994,116.06999999999998,"[19, 20, 21, 22, 23, 24, 35]"
37300010,O18 Omdeler,U37,foot,TSP,Type 2,128,"19, 20, 21, 22, 23, 24",6,4672.0999999999985,3779.499999999998,449.2223600000001,462.95220000000023,581.9100000000002,570.2900000000001,132.66,107.29999999999997,"[19, 20, 21, 22, 23, 24]"
37300010,O18 Omdeler,U38,foot,TSP,Type 1,128,"19, 20, 21, 22, 23, 24, 25, 26, 27, 35",10,5263.5999999999985,3708.399999999999,580.6337599999999,617.9714400000001,730.1200000000009,723.2900000000009,149.46999999999994,105.29999999999998,"[19, 20, 21, 22, 23, 24, 25, 26, 27, 35]"
37300010,O18 Omdeler,U38,foot,TSP,Type 2,128,"19, 20, 21, 22, 23, 24, 25, 26, 27, 28",10,4672.0999999999985,3344.1999999999985,597.4323599999999,635.14472,730.1200000000006,730.1200000000006,132.66,94.97,"[19, 20, 21, 22, 23, 24, 25, 26, 27, 28]"
37300010,O18 Omdeler,U39,foot,TSP,Type 1,128,"19, 20, 21, 22, 23, 24, 25, 35",8,5263.5999999999985,4017.9999999999995,664.7337600000002,678.1388000000003,814.2199999999995,792.2499999999995,149.46999999999994,114.09999999999998,"[19, 20, 21, 22, 23, 24, 25, 35]"
37300010,O18 Omdeler,U39,foot,TSP,Type 2,128,"19, 20, 21, 22, 23, 24, 25",7,4672.0999999999985,3709.999999999998,681.5323600000002,694.4260000000002,814.2199999999992,799.7899999999992,132.66,105.32999999999997,"[19, 20, 21, 22, 23, 24, 25]"
37300010,SE Omdeler,Gns. Oms,foot,TSP,Type 1,128,"19, 20, 21, 22, 23, 24, 25, 26, 27, 35",10,5263.5999999999985,3708.399999999999,399.4724400000002,464.83386000000024,687.2600000000008,667.6900000000007,287.35999999999996,202.43999999999997,"[19, 20, 21, 22, 23, 24, 25, 26, 27, 35]"
37300010,SE Omdeler,Gns. Oms,foot,TSP,Type 2,128,"19, 20, 21, 22, 23, 24, 25, 26, 27, 28",10,4672.0999999999985,3344.1999999999985,431.7683400000002,490.24918000000025,687.2600000000006,673.2200000000007,255.10000000000008,182.59000000000006,"[19, 20, 21, 22, 23, 24, 25, 26, 27, 28]"
37300010,SE Omdeler,U36,foot,TSP,Type 1,128,"19, 20, 21, 22, 23, 24, 25, 26, 27, 35",10,5263.5999999999985,3708.399999999999,333.8174400000002,407.4413600000002,621.2100000000008,609.9200000000008,287.35999999999996,202.43999999999997,"[19, 20, 21, 22, 23, 24, 25, 26, 27, 35]"
37300010,SE Omdeler,U36,foot,TSP,Type 2,128,"19, 20, 21, 22, 23, 24, 25, 26, 27, 28",10,4672.0999999999985,3344.1999999999985,366.1133400000002,433.30668000000026,621.2100000000008,615.9000000000009,255.10000000000008,182.59000000000006,"[19, 20, 21, 22, 23, 24, 25, 26, 27, 28]"
37300010,SE Omdeler,U37,foot,TSP,Type 1,128,"19, 20, 21, 22, 23, 24, 25, 26, 27, 35",10,5263.5999999999985,3708.399999999999,294.51744000000014,351.12136000000027,581.9100000000003,553.6000000000001,287.35999999999996,202.43999999999997,"[19, 20, 21, 22, 23, 24, 25, 26, 27, 35]"
37300010,SE Omdeler,U37,foot,TSP,Type 2,128,"19, 20, 21, 22, 23, 24, 25, 26, 27",9,4672.0999999999985,3372.5999999999985,326.81334000000015,374.52604000000036,581.9100000000002,558.6700000000001,255.10000000000008,184.14000000000007,"[19, 20, 21, 22, 23, 24, 25, 26, 27]"
37300010,SE Omdeler,U38,foot,TSP,Type 1,128,"19, 20, 21, 22, 23, 24, 25, 26, 27, 35",10,5263.5999999999985,3708.399999999999,442.72743999999994,520.8113600000001,730.1200000000009,723.2900000000009,287.35999999999996,202.43999999999997,"[19, 20, 21, 22, 23, 24, 25, 26, 27, 35]"
37300010,SE Omdeler,U38,foot,TSP,Type 2,128,"19, 20, 21, 22, 23, 24, 25, 26, 27, 28",10,4672.0999999999985,3344.1999999999985,475.02333999999996,547.52668,730.1200000000006,730.1200000000006,255.10000000000008,182.59000000000006,"[19, 20, 21, 22, 23, 24, 25, 26, 27, 28]"
37300010,SE Omdeler,U39,foot,TSP,Type 1,128,"19, 20, 21, 22, 23, 24, 25, 26, 27, 35",10,5263.5999999999985,3708.399999999999,526.8274400000003,579.9613600000001,814.2199999999995,782.4399999999996,287.35999999999996,202.43999999999997,"[19, 20, 21, 22, 23, 24, 25, 26, 27, 35]"
37300010,SE Omdeler,U39,foot,TSP,Type 2,128,"19, 20, 21, 22, 23, 24, 25, 26, 27, 28",10,4672.0999999999985,3344.1999999999985,559.1233400000002,606.5366800000002,814.2199999999992,789.1299999999992,255.10000000000008,182.59000000000006,"[19, 20, 21, 22, 23, 24, 25, 26, 27, 28]"
37300010,U18 Omdeler,Gns. Oms,foot,TSP,Type 1,128,"19, 20, 21, 22, 23, 24, 25, 26, 27",9,5263.5999999999985,3978.899999999999,581.1192760000001,593.7313990000002,687.2600000000008,674.0500000000008,105.74,79.91999999999994,"[19, 20, 21, 22, 23, 24, 25, 26, 27]"
37300010,U18 Omdeler,Gns. Oms,foot,TSP,Type 2,128,"19, 20, 21, 22, 23, 24, 25",7,4672.0999999999985,3709.999999999998,593.0025110000001,604.3211000000002,687.2600000000006,679.2400000000006,93.78,74.46000000000001,"[19, 20, 21, 22, 23, 24, 25]"
37300010,U18 Omdeler,U36,foot,TSP,Type 1,128,"19, 20, 21, 22, 23, 24, 25, 26, 27, 28",10,5263.5999999999985,3950.4999999999995,515.4642760000002,536.5344550000002,621.2100000000008,615.9000000000008,105.74,79.34999999999995,"[19, 20, 21, 22, 23, 24, 25, 26, 27, 28]"
37300010,U18 Omdeler,U36,foot,TSP,Type 2,128,"19, 20, 21, 22, 23, 24, 25, 26, 27, 28",10,4672.0999999999985,3344.1999999999985,527.3475110000002,548.7150220000002,621.2100000000008,615.9000000000009,93.78,67.11000000000004,"[19, 20, 21, 22, 23, 24, 25, 26, 27, 28]"
37300010,U18 Omdeler,U37,foot,TSP,Type 1,128,"21, 24, 35",3,5263.5999999999985,4471.899999999999,476.1642760000001,483.6995290000001,581.9100000000003,573.5400000000003,105.74,89.81999999999995,"[21, 24, 35]"
37300010,U18 Omdeler,U37,foot,TSP,Type 2,128,"21, 24",2,4672.0999999999985,4150.9,488.0475110000001,495.2184190000001,581.9100000000002,578.6100000000002,93.78,83.31000000000003,"[21, 24]"
37300010,U18 Omdeler,U38,foot,TSP,Type 1,128,"19, 20, 21, 22, 23, 24, 25, 26, 27, 28",10,5263.5999999999985,3950.4999999999995,624.3742759999999,650.754455,730.1200000000009,730.1200000000009,105.74,79.34999999999995,"[19, 20, 21, 22, 23, 24, 25, 26, 27, 28]"
37300010,U18 Omdeler,U38,foot,TSP,Type 2,128,"19, 20, 21, 22, 23, 24, 25, 26, 27, 28",10,4672.0999999999985,3344.1999999999985,636.2575109999999,662.935022,730.1200000000006,730.1200000000006,93.78,67.11000000000004,"[19, 20, 21, 22, 23, 24, 25, 26, 27, 28]"
37300010,U18 Omdeler,U39,foot,TSP,Type 1,128,"21, 24",2,5263.5999999999985,4742.399999999999,708.4742760000001,714.985184,814.2199999999995,810.2599999999994,105.74,95.25999999999998,"[21, 24]"
37300010,U18 Omdeler,U39,foot,TSP,Type 2,128,"21, 24",2,4672.0999999999985,4150.9,720.3575110000002,726.868419,814.2199999999992,810.2599999999992,93.78,83.31000000000003,"[21, 24]"
37300011,O18 Omdeler,Gns. Oms,foot,TSP,Type 1,124,"8, 9, 10, 11, 12, 13, 14, 15, 16, 17",10,6666.500000000001,4487.599999999997,480.1639000000001,524.3146600000001,669.910000000001,652.1700000000009,189.3400000000001,127.46999999999994,"[8, 9, 10, 11, 12, 13, 14, 15, 16, 17]"
37300011,O18 Omdeler,Gns. Oms,foot,TSP,Type 2,124,"11, 12, 13, 14, 15, 16",6,5982.899999999998,4175.999999999998,499.5781400000002,540.6841000000002,669.9100000000008,659.7000000000007,169.94000000000008,118.60999999999997,"[11, 12, 13, 14, 15, 16]"
37300011,O18 Omdeler,U36,foot,TSP,Type 1,124,"8, 9, 10, 11, 12, 13, 14, 15, 16, 17",10,6666.500000000001,4487.599999999997,424.0114000000001,477.0421600000003,613.3400000000007,604.4900000000007,189.3400000000001,127.46999999999994,"[8, 9, 10, 11, 12, 13, 14, 15, 16, 17]"
37300011,O18 Omdeler,U36,foot,TSP,Type 2,124,"8, 9, 10, 11, 12, 13, 14, 15, 16, 17",10,5982.899999999998,3965.5999999999967,443.42564000000016,491.8669600000003,613.3400000000008,604.4900000000007,169.94000000000008,112.63999999999993,"[8, 9, 10, 11, 12, 13, 14, 15, 16, 17]"
37300011,O18 Omdeler,U37,foot,TSP,Type 1,124,"8, 9, 10, 11, 12, 13, 14, 15, 16, 17",10,6666.500000000001,4487.599999999997,373.56140000000005,412.22216000000003,562.8900000000001,539.6699999999997,189.3400000000001,127.46999999999994,"[8, 9, 10, 11, 12, 13, 14, 15, 16, 17]"
37300011,O18 Omdeler,U37,foot,TSP,Type 2,124,"13, 14",2,5982.899999999998,4560.999999999997,392.9756400000001,431.6576000000001,562.8899999999999,561.19,169.94000000000008,129.54,"[13, 14]"
37300011,O18 Omdeler,U38,foot,TSP,Type 1,124,"8, 9, 10, 11, 12, 13, 14, 15, 16, 17",10,6666.500000000001,4487.599999999997,495.7714000000001,557.6521600000001,685.1000000000007,685.1000000000007,189.3400000000001,127.46999999999994,"[8, 9, 10, 11, 12, 13, 14, 15, 16, 17]"
37300011,O18 Omdeler,U38,foot,TSP,Type 2,124,"8, 9, 10, 11, 12, 13, 14, 15, 16, 17",10,5982.899999999998,3965.5999999999967,515.1856400000001,572.4769600000001,685.1000000000005,685.1000000000005,169.94000000000008,112.63999999999993,"[8, 9, 10, 11, 12, 13, 14, 15, 16, 17]"
37300011,O18 Omdeler,U39,foot,TSP,Type 1,124,"13, 14, 17",3,6666.500000000001,5238.199999999999,627.3113999999999,662.9951200000002,816.6399999999992,811.7599999999992,189.3400000000001,148.77999999999997,"[13, 14, 17]"
37300011,O18 Omdeler,U39,foot,TSP,Type 2,124,"13, 14",2,5982.899999999998,4560.999999999997,646.72564,683.9976000000003,816.6399999999991,813.5299999999993,169.94000000000008,129.54,"[13, 14]"
37300011,SE Omdeler,Gns. Oms,foot,TSP,Type 1,124,"8, 9, 10, 11, 12, 13, 14, 15, 16, 17",10,6666.500000000001,4487.599999999997,305.5016000000001,406.7395400000002,669.910000000001,652.1700000000009,364.0,245.03,"[8, 9, 10, 11, 12, 13, 14, 15, 16, 17]"
37300011,SE Omdeler,Gns. Oms,foot,TSP,Type 2,124,"8, 9, 10, 11, 12, 13, 14, 15, 16, 17",10,5982.899999999998,3965.5999999999967,342.8261600000003,435.24074000000024,669.9100000000008,652.1700000000009,326.6799999999998,216.52,"[8, 9, 10, 11, 12, 13, 14, 15, 16, 17]"
37300011,SE Omdeler,U36,foot,TSP,Type 1,124,"8, 9, 10, 11, 12, 13, 14, 15, 16, 17",10,6666.500000000001,4487.599999999997,249.34910000000008,359.4670400000004,613.3400000000007,604.4900000000007,364.0,245.03,"[8, 9, 10, 11, 12, 13, 14, 15, 16, 17]"
37300011,SE Omdeler,U36,foot,TSP,Type 2,124,"8, 9, 10, 11, 12, 13, 14, 15, 16, 17",10,5982.899999999998,3965.5999999999967,286.67366000000027,387.96824000000043,613.3400000000008,604.4900000000007,326.6799999999998,216.52,"[8, 9, 10, 11, 12, 13, 14, 15, 16, 17]"
37300011,SE Omdeler,U37,foot,TSP,Type 1,124,"8, 9, 10, 11, 12, 13, 14, 15, 16, 17",10,6666.500000000001,4487.599999999997,198.89910000000003,294.6470400000001,562.8900000000001,539.6699999999997,364.0,245.03,"[8, 9, 10, 11, 12, 13, 14, 15, 16, 17]"
37300011,SE Omdeler,U37,foot,TSP,Type 2,124,"8, 9, 10, 11, 12, 13, 14, 15, 16, 17",10,5982.899999999998,3965.5999999999967,236.22366000000022,323.14824000000016,562.8899999999999,539.6699999999997,326.6799999999998,216.52,"[8, 9, 10, 11, 12, 13, 14, 15, 16, 17]"
37300011,SE Omdeler,U38,foot,TSP,Type 1,124,"8, 9, 10, 11, 12, 13, 14, 15, 16, 17",10,6666.500000000001,4487.599999999997,321.10910000000007,440.0770400000002,685.1000000000007,685.1000000000007,364.0,245.03,"[8, 9, 10, 11, 12, 13, 14, 15, 16, 17]"
37300011,SE Omdeler,U38,foot,TSP,Type 2,124,"8, 9, 10, 11, 12, 13, 14, 15, 16, 17",10,5982.899999999998,3965.5999999999967,358.43366000000026,468.5782400000002,685.1000000000005,685.1000000000005,326.6799999999998,216.52,"[8, 9, 10, 11, 12, 13, 14, 15, 16, 17]"
37300011,SE Omdeler,U39,foot,TSP,Type 1,124,"8, 9, 10, 11, 12, 13, 14, 15, 16, 17",10,6666.500000000001,4487.599999999997,452.6490999999999,532.7670400000002,816.6399999999992,777.7899999999994,364.0,245.03,"[8, 9, 10, 11, 12, 13, 14, 15, 16, 17]"
37300011,SE Omdeler,U39,foot,TSP,Type 2,124,"11, 12, 13, 14, 15, 16",6,5982.899999999998,4175.999999999998,489.9736600000001,571.3904,816.6399999999991,799.3999999999994,326.6799999999998,227.99000000000007,"[11, 12, 13, 14, 15, 16]"
37300011,U18 Omdeler,Gns. Oms,foot,TSP,Type 1,124,"13, 14, 17",3,6666.500000000001,5238.199999999999,535.5625150000002,562.3995620000003,669.910000000001,668.050000000001,133.88,105.19999999999993,"[13, 14, 17]"
37300011,U18 Omdeler,Gns. Oms,foot,TSP,Type 2,124,"13, 14",2,5982.899999999998,4560.999999999997,549.2960390000002,576.6595100000001,669.9100000000008,668.7100000000007,120.16000000000003,91.58,"[13, 14]"
37300011,U18 Omdeler,U36,foot,TSP,Type 1,124,"8, 9, 10, 11, 12, 13, 14, 15, 16, 17",10,6666.500000000001,4487.599999999997,479.41001500000016,514.3341160000003,613.3400000000007,604.4900000000007,133.88,90.12999999999994,"[8, 9, 10, 11, 12, 13, 14, 15, 16, 17]"
37300011,U18 Omdeler,U36,foot,TSP,Type 2,124,"8, 9, 10, 11, 12, 13, 14, 15, 16, 17",10,5982.899999999998,3965.5999999999967,493.1435390000002,524.8210960000004,613.3400000000008,604.4900000000007,120.16000000000003,79.64,"[8, 9, 10, 11, 12, 13, 14, 15, 16, 17]"
37300011,U18 Omdeler,U37,foot,TSP,Type 1,124,"13, 14, 17",3,6666.500000000001,5238.199999999999,428.9600150000001,455.1045620000001,562.8900000000001,560.34,133.88,105.19999999999993,"[13, 14, 17]"
37300011,U18 Omdeler,U37,foot,TSP,Type 2,124,"13, 14",2,5982.899999999998,4560.999999999997,442.69353900000016,469.5595100000001,562.8899999999999,561.19,120.16000000000003,91.58,"[13, 14]"
37300011,U18 Omdeler,U38,foot,TSP,Type 1,124,"8, 9, 10, 11, 12, 13, 14, 15, 16, 17",10,6666.500000000001,4487.599999999997,551.1700150000001,594.9441160000001,685.1000000000007,685.1000000000007,133.88,90.12999999999994,"[8, 9, 10, 11, 12, 13, 14, 15, 16, 17]"
37300011,U18 Omdeler,U38,foot,TSP,Type 2,124,"8, 9, 10, 11, 12, 13, 14, 15, 16, 17",10,5982.899999999998,3965.5999999999967,564.9035390000001,605.431096,685.1000000000005,685.1000000000005,120.16000000000003,79.64,"[8, 9, 10, 11, 12, 13, 14, 15, 16, 17]"
37300011,U18 Omdeler,U39,foot,TSP,Type 1,124,"13, 14",2,6666.500000000001,5303.399999999999,682.710015,706.9846940000002,816.6399999999992,813.5299999999992,133.88,106.49999999999994,"[13, 14]"
37300011,U18 Omdeler,U39,foot,TSP,Type 2,124,"13, 14",2,5982.899999999998,4560.999999999997,696.443539,721.8995100000002,816.6399999999991,813.5299999999993,120.16000000000003,91.58,"[13, 14]"
37300013,O18 Omdeler,Gns. Oms,foot,TSP,Type 1,69,"60, 63, 64",3,5320.000000000001,4602.8,235.63700000000006,245.9429800000001,386.8700000000003,376.8000000000003,151.07999999999996,130.71999999999997,"[60, 63, 64]"
37300013,O18 Omdeler,Gns. Oms,foot,TSP,Type 2,69,"39, 40",2,4652.299999999999,3971.8999999999996,254.5996800000001,268.1655400000001,386.8700000000003,381.11000000000035,132.1,112.80000000000001,"[39, 40]"
37300013,O18 Omdeler,U36,foot,TSP,Type 1,69,"58, 59, 63",3,5320.000000000001,4630.5,206.7120000000001,218.1238000000001,357.8000000000001,349.6300000000001,151.07999999999996,131.5,"[58, 59, 63]"
37300013,O18 Omdeler,U36,foot,TSP,Type 2,69,"39, 40",2,4652.299999999999,3971.8999999999996,225.67468000000014,239.0780400000001,357.8000000000001,351.8800000000001,132.1,112.80000000000001,"[39, 40]"
37300013,O18 Omdeler,U37,foot,TSP,Type 1,69,"60, 63, 64",3,5320.000000000001,4602.8,162.82199999999995,174.39048000000003,313.9099999999998,305.1099999999998,151.07999999999996,130.71999999999997,"[60, 63, 64]"
37300013,O18 Omdeler,U37,foot,TSP,Type 2,69,40,1,4652.299999999999,4084.7999999999997,181.78467999999998,194.65168000000003,313.9099999999998,310.6599999999998,132.1,116.00999999999996,[40]
37300013,O18 Omdeler,U38,foot,TSP,Type 1,69,"60, 63, 64",3,5320.000000000001,4602.8,280.7319999999999,292.12048,431.82,422.84000000000003,151.07999999999996,130.71999999999997,"[60, 63, 64]"
37300013,O18 Omdeler,U38,foot,TSP,Type 2,69,"39, 40",2,4652.299999999999,3971.8999999999996,299.69467999999995,315.74804,431.8199999999999,428.55,132.1,112.80000000000001,"[39, 40]"
37300013,O18 Omdeler,U39,foot,TSP,Type 1,69,"60, 63, 64",3,5320.000000000001,4602.8,292.2820000000001,300.64048,443.3700000000004,431.36000000000035,151.07999999999996,130.71999999999997,"[60, 63, 64]"
37300013,O18 Omdeler,U39,foot,TSP,Type 2,69,"39, 40",2,4652.299999999999,3971.8999999999996,311.24468000000013,325.04804000000007,443.37000000000035,437.85000000000036,132.1,112.80000000000001,"[39, 40]"
37300013,SE Omdeler,Gns. Oms,foot,TSP,Type 1,69,"58, 59, 61, 62, 63, 64",6,5320.000000000001,4185.400000000001,96.25300000000004,131.66216000000009,386.8700000000003,360.3200000000002,290.4500000000001,228.50000000000006,"[58, 59, 61, 62, 63, 64]"
37300013,SE Omdeler,Gns. Oms,foot,TSP,Type 2,69,"39, 40",2,4652.299999999999,3971.8999999999996,132.7094200000001,164.1017600000001,386.8700000000003,381.11000000000035,253.98000000000008,216.84000000000003,"[39, 40]"
37300013,SE Omdeler,U36,foot,TSP,Type 1,69,"58, 59, 61, 62, 63, 64",6,5320.000000000001,4185.400000000001,67.32800000000009,104.66716000000015,357.8000000000001,333.19000000000005,290.4500000000001,228.50000000000006,"[58, 59, 61, 62, 63, 64]"
37300013,SE Omdeler,U36,foot,TSP,Type 2,69,"39, 40",2,4652.299999999999,3971.8999999999996,103.78442000000015,135.01426000000012,357.8000000000001,351.8800000000001,253.98000000000008,216.84000000000003,"[39, 40]"
37300013,SE Omdeler,U37,foot,TSP,Type 1,69,"58, 59, 61, 62, 63, 64",6,5320.000000000001,4185.400000000001,23.43799999999993,64.29715999999998,313.9099999999998,292.8199999999998,290.4500000000001,228.50000000000006,"[58, 59, 61, 62, 63, 64]"
37300013,SE Omdeler,U37,foot,TSP,Type 2,69,"39, 40",2,4652.299999999999,3971.8999999999996,59.89442,88.72426000000004,313.9099999999998,305.5899999999998,253.98000000000008,216.84000000000003,"[39, 40]"
37300013,SE Omdeler,U38,foot,TSP,Type 1,69,"58, 59, 61, 62, 63, 64",6,5320.000000000001,4185.400000000001,141.3479999999999,173.33715999999993,431.82,401.86,290.4500000000001,228.50000000000006,"[58, 59, 61, 62, 63, 64]"
37300013,SE Omdeler,U38,foot,TSP,Type 2,69,"39, 40",2,4652.299999999999,3971.8999999999996,177.80441999999996,211.68426000000002,431.8199999999999,428.55,253.98000000000008,216.84000000000003,"[39, 40]"
37300013,SE Omdeler,U39,foot,TSP,Type 1,69,"58, 59, 61, 62, 63, 64",6,5320.000000000001,4185.400000000001,152.89800000000008,184.3471600000001,443.3700000000004,412.8700000000003,290.4500000000001,228.50000000000006,"[58, 59, 61, 62, 63, 64]"
37300013,SE Omdeler,U39,foot,TSP,Type 2,69,"39, 40",2,4652.299999999999,3971.8999999999996,189.35442000000015,220.9842600000001,443.37000000000035,437.85000000000036,253.98000000000008,216.84000000000003,"[39, 40]"
37300013,U18 Omdeler,Gns. Oms,foot,TSP,Type 1,69,63,1,5320.000000000001,5042.400000000001,279.84620000000007,284.49818400000004,386.8700000000003,385.9400000000003,106.85999999999999,101.27999999999997,[63]
37300013,U18 Omdeler,Gns. Oms,foot,TSP,Type 2,69,"39, 40",2,4652.299999999999,3971.8999999999996,293.2602930000001,301.1720290000001,386.8700000000003,381.11000000000035,93.45999999999995,79.76999999999998,"[39, 40]"
37300013,U18 Omdeler,U36,foot,TSP,Type 1,69,63,1,5320.000000000001,5042.400000000001,250.9212000000001,256.49818400000004,357.8000000000001,357.8000000000001,106.85999999999999,101.27999999999997,[63]
37300013,U18 Omdeler,U36,foot,TSP,Type 2,69,"39, 40",2,4652.299999999999,3971.8999999999996,264.33529300000015,272.08452900000015,357.8000000000001,351.8800000000001,93.45999999999995,79.76999999999998,"[39, 40]"
37300013,U18 Omdeler,U37,foot,TSP,Type 1,69,"60, 63, 64",3,5320.000000000001,4602.8,207.03119999999996,212.63974800000003,313.9099999999998,305.1099999999998,106.85999999999999,92.43999999999998,"[60, 63, 64]"
37300013,U18 Omdeler,U37,foot,TSP,Type 2,69,40,1,4652.299999999999,4084.7999999999997,220.445293,228.59636800000004,313.9099999999998,310.6599999999998,93.45999999999995,82.01999999999998,[40]
37300013,U18 Omdeler,U38,foot,TSP,Type 1,69,63,1,5320.000000000001,5042.400000000001,324.9411999999999,330.5181839999999,431.82,431.82,106.85999999999999,101.27999999999997,[63]
37300013,U18 Omdeler,U38,foot,TSP,Type 2,69,"39, 40",2,4652.299999999999,3971.8999999999996,338.35529299999996,348.75452900000005,431.8199999999999,428.55,93.45999999999995,79.76999999999998,"[39, 40]"
37300013,U18 Omdeler,U39,foot,TSP,Type 1,69,63,1,5320.000000000001,5042.400000000001,336.4912000000001,339.96818400000006,443.3700000000004,441.2700000000004,106.85999999999999,101.27999999999997,[63]
37300013,U18 Omdeler,U39,foot,TSP,Type 2,69,"39, 40",2,4652.299999999999,3971.8999999999996,349.90529300000014,358.0545290000001,443.37000000000035,437.85000000000036,93.45999999999995,79.76999999999998,"[39, 40]"
37300014,O18 Omdeler,Gns. Oms,foot,TSP,Type 1,117,95,1,4802.900000000002,4764.100000000002,486.32014000000015,486.66206000000005,623.0600000000004,622.3000000000004,136.48000000000002,135.38000000000002,[95]
37300014,O18 Omdeler,Gns. Oms,foot,TSP,Type 2,117,"0, 1",2,3504.1,3403.3999999999996,523.2060600000002,524.23094,623.0600000000006,621.2300000000009,99.57000000000001,96.71000000000001,"[0, 1]"
37300014,O18 Omdeler,U36,foot,TSP,Type 1,117,"95, 101, 102, 103",4,4802.900000000002,4759.4000000000015,422.38764000000003,423.6230400000002,558.7900000000005,558.7900000000005,136.48000000000002,135.24,"[95, 101, 102, 103]"
37300014,O18 Omdeler,U36,foot,TSP,Type 2,117,"0, 1",2,3504.1,3403.3999999999996,459.2735600000001,460.5034400000001,558.7900000000006,557.1600000000005,99.57000000000001,96.71000000000001,"[0, 1]"
37300014,O18 Omdeler,U37,foot,TSP,Type 1,117,95,1,4802.900000000002,4764.100000000002,384.75764000000015,385.00956000000014,521.1599999999997,520.3099999999997,136.48000000000002,135.38000000000002,[95]
37300014,O18 Omdeler,U37,foot,TSP,Type 2,117,"0, 1",2,3504.1,3403.3999999999996,421.6435600000002,422.87344000000013,521.1599999999997,519.5299999999997,99.57000000000001,96.71000000000001,"[0, 1]"
37300014,O18 Omdeler,U38,foot,TSP,Type 1,117,"94, 95, 101, 102, 103, 104, 105",7,4802.900000000002,4714.4000000000015,534.06764,536.5810400000001,670.4700000000004,670.4700000000004,136.48000000000002,133.95000000000002,"[94, 95, 101, 102, 103, 104, 105]"
37300014,O18 Omdeler,U38,foot,TSP,Type 2,117,"0, 1",2,3504.1,3403.3999999999996,570.95356,571.4634399999999,670.4700000000006,668.1200000000005,99.57000000000001,96.71000000000001,"[0, 1]"
37300014,O18 Omdeler,U39,foot,TSP,Type 1,117,,0,4802.900000000002,4802.900000000002,604.0676399999998,604.0676399999998,740.4700000000003,740.4700000000003,136.48000000000002,136.48000000000002,[]
37300014,O18 Omdeler,U39,foot,TSP,Type 2,117,"0, 1",2,3504.1,3403.3999999999996,640.9535599999998,642.08344,740.4699999999995,738.7399999999999,99.57000000000001,96.71000000000001,"[0, 1]"
37300014,SE Omdeler,Gns. Oms,foot,TSP,Type 1,117,"1, 2, 95",3,4802.900000000002,4625.600000000001,360.48416000000003,362.21724,623.0600000000004,615.1100000000004,262.13000000000005,252.45000000000002,"[1, 2, 95]"
37300014,SE Omdeler,Gns. Oms,foot,TSP,Type 2,117,116,1,3504.1,3286.2000000000003,431.3986400000002,436.9409800000002,623.0600000000006,616.7000000000004,191.2799999999999,179.39,[116]
37300014,SE Omdeler,U36,foot,TSP,Type 1,117,"1, 2, 94, 95",4,4802.900000000002,4580.600000000001,296.5516599999999,300.11924000000005,558.7900000000005,550.2200000000005,262.13000000000005,249.99000000000004,"[1, 2, 94, 95]"
37300014,SE Omdeler,U36,foot,TSP,Type 2,117,116,1,3504.1,3286.2000000000003,367.4661400000001,373.3834800000001,558.7900000000006,552.8100000000005,191.2799999999999,179.39,[116]
37300014,SE Omdeler,U37,foot,TSP,Type 1,117,"1, 2, 95",3,4802.900000000002,4625.600000000001,258.92166000000003,261.86224,521.1599999999997,514.4199999999997,262.13000000000005,252.45000000000002,"[1, 2, 95]"
37300014,SE Omdeler,U37,foot,TSP,Type 2,117,116,1,3504.1,3286.2000000000003,329.8361400000002,336.66348000000016,521.1599999999997,516.0899999999997,191.2799999999999,179.39,[116]
37300014,SE Omdeler,U38,foot,TSP,Type 1,117,"94, 95, 101, 102, 103, 104, 105",7,4802.900000000002,4714.4000000000015,408.23165999999986,413.06376,670.4700000000004,670.4700000000004,262.13000000000005,257.31000000000006,"[94, 95, 101, 102, 103, 104, 105]"
37300014,SE Omdeler,U38,foot,TSP,Type 2,117,116,1,3504.1,3286.2000000000003,479.14614000000006,484.21348,670.4700000000006,663.6400000000006,191.2799999999999,179.39,[116]
37300014,SE Omdeler,U39,foot,TSP,Type 1,117,25,1,4802.900000000002,4736.700000000003,478.23165999999964,478.3761799999998,740.4700000000003,737.0000000000002,262.13000000000005,258.52000000000004,[25]
37300014,SE Omdeler,U39,foot,TSP,Type 2,117,116,1,3504.1,3286.2000000000003,549.1461399999998,553.5034799999999,740.4699999999995,732.9300000000001,191.2799999999999,179.39,[116]
37300014,U18 Omdeler,Gns. Oms,foot,TSP,Type 1,117,95,1,4802.900000000002,4764.100000000002,526.2322390000002,526.2517310000001,623.0600000000004,622.3000000000004,96.44999999999997,95.66999999999997,[95]
37300014,U18 Omdeler,Gns. Oms,foot,TSP,Type 2,117,"0, 1",2,3504.1,3403.3999999999996,552.3251310000002,552.513194,623.0600000000006,621.2300000000009,70.35999999999999,68.32000000000001,"[0, 1]"
37300014,U18 Omdeler,U36,foot,TSP,Type 1,117,"95, 101, 102, 103",4,4802.900000000002,4759.4000000000015,462.29973900000005,463.17365400000017,558.7900000000005,558.7900000000005,96.44999999999997,95.57999999999998,"[95, 101, 102, 103]"
37300014,U18 Omdeler,U36,foot,TSP,Type 2,117,"0, 1",2,3504.1,3403.3999999999996,488.39263100000005,488.78569400000003,558.7900000000006,557.1600000000005,70.35999999999999,68.32000000000001,"[0, 1]"
37300014,U18 Omdeler,U37,foot,TSP,Type 1,117,,0,4802.900000000002,4802.900000000002,424.66973900000016,424.66973900000016,521.1599999999997,521.1599999999997,96.44999999999997,96.44999999999997,[]
37300014,U18 Omdeler,U37,foot,TSP,Type 2,117,"0, 1",2,3504.1,3403.3999999999996,450.76263100000017,451.15569400000004,521.1599999999997,519.5299999999997,70.35999999999999,68.32000000000001,"[0, 1]"
37300014,U18 Omdeler,U38,foot,TSP,Type 1,117,"94, 95, 101, 102, 103, 104, 105",7,4802.900000000002,4714.4000000000015,573.979739,575.7577040000001,670.4700000000004,670.4700000000004,96.44999999999997,94.67999999999998,"[94, 95, 101, 102, 103, 104, 105]"
37300014,U18 Omdeler,U38,foot,TSP,Type 2,117,"105, 106",2,3504.1,3501.7,600.072631,600.120847,670.4700000000006,670.4700000000006,70.35999999999999,70.29999999999998,"[105, 106]"
37300014,U18 Omdeler,U39,foot,TSP,Type 1,117,,0,4802.900000000002,4802.900000000002,643.9797389999998,643.9797389999998,740.4700000000003,740.4700000000003,96.44999999999997,96.44999999999997,[]
37300014,U18 Omdeler,U39,foot,TSP,Type 2,117,"0, 1",2,3504.1,3403.3999999999996,670.0726309999998,670.365694,740.4699999999995,738.7399999999999,70.35999999999999,68.32000000000001,"[0, 1]"
37300015,O18 Omdeler,Gns. Oms,foot,TSP,Type 1,98,46,1,4974.8,4889.499999999999,407.5531800000001,408.3007000000002,549.1400000000007,547.4700000000006,141.30999999999995,138.88999999999996,[46]
37300015,O18 Omdeler,Gns. Oms,foot,TSP,Type 2,98,46,1,4267.8,4182.6,427.6319800000001,428.37666000000013,549.1400000000007,547.4700000000007,121.19999999999997,118.77999999999999,[46]
37300015,O18 Omdeler,U36,foot,TSP,Type 1,98,46,1,4974.8,4889.499999999999,373.48568000000023,375.0982000000001,514.7700000000003,513.9600000000004,141.30999999999995,138.88999999999996,[46]
37300015,O18 Omdeler,U36,foot,TSP,Type 2,98,46,1,4267.8,4182.6,393.56448000000023,395.17416000000003,514.7700000000006,513.9600000000005,121.19999999999997,118.77999999999999,[46]
37300015,O18 Omdeler,U37,foot,TSP,Type 1,98,"46, 52, 53",3,4974.8,4471.3,305.72568,308.08507999999995,447.00999999999965,435.06999999999965,141.30999999999995,127.01999999999997,"[46, 52, 53]"
37300015,O18 Omdeler,U37,foot,TSP,Type 2,98,46,1,4267.8,4182.6,325.80448,327.41416,447.00999999999965,446.19999999999965,121.19999999999997,118.77999999999999,[46]
37300015,O18 Omdeler,U38,foot,TSP,Type 1,98,46,1,4974.8,4889.499999999999,441.54568000000006,443.1582,582.8300000000002,582.0200000000002,141.30999999999995,138.88999999999996,[46]
37300015,O18 Omdeler,U38,foot,TSP,Type 2,98,46,1,4267.8,4182.6,461.62448000000006,463.23416,582.8299999999999,582.0199999999999,121.19999999999997,118.77999999999999,[46]
37300015,O18 Omdeler,U39,foot,TSP,Type 1,98,56,1,4974.8,4921.8,509.45568000000003,509.8808800000001,650.7399999999998,649.6599999999999,141.30999999999995,139.80999999999995,[56]
37300015,O18 Omdeler,U39,foot,TSP,Type 2,98,,0,4267.8,4267.8,529.53448,529.53448,650.7399999999999,650.7399999999999,121.19999999999997,121.19999999999997,[]
37300015,SE Omdeler,Gns. Oms,foot,TSP,Type 1,98,"46, 52, 53",3,4974.8,4471.3,277.21342000000004,289.39202000000006,549.1400000000007,533.8300000000006,271.6000000000001,244.10999999999999,"[46, 52, 53]"
37300015,SE Omdeler,Gns. Oms,foot,TSP,Type 2,98,"52, 53",2,4267.8,3863.7999999999993,315.8156200000001,324.2365200000001,549.1400000000007,535.5000000000007,233.0999999999999,211.02999999999997,"[52, 53]"
37300015,SE Omdeler,U36,foot,TSP,Type 1,98,"46, 52, 53, 71, 72",5,4974.8,4219.800000000001,243.14592000000016,257.00892000000005,514.7700000000003,487.41000000000037,271.6000000000001,230.37999999999997,"[46, 52, 53, 71, 72]"
37300015,SE Omdeler,U36,foot,TSP,Type 2,98,"52, 53",2,4267.8,3863.7999999999993,281.7481200000002,290.94652000000013,514.7700000000006,501.9100000000005,233.0999999999999,211.02999999999997,"[52, 53]"
37300015,SE Omdeler,U37,foot,TSP,Type 1,98,"45, 46, 52, 53, 71, 72",6,4974.8,4124.200000000001,175.38591999999994,193.8286799999999,447.00999999999965,419.00999999999965,271.6000000000001,225.16,"[45, 46, 52, 53, 71, 72]"
37300015,SE Omdeler,U37,foot,TSP,Type 2,98,"52, 53",2,4267.8,3863.7999999999993,213.98811999999998,224.91652000000005,447.00999999999965,435.8799999999996,233.0999999999999,211.02999999999997,"[52, 53]"
37300015,SE Omdeler,U38,foot,TSP,Type 1,98,"46, 52, 53",3,4974.8,4471.3,311.20592,323.3570200000001,582.8300000000002,567.4900000000001,271.6000000000001,244.10999999999999,"[46, 52, 53]"
37300015,SE Omdeler,U38,foot,TSP,Type 2,98,"52, 53",2,4267.8,3863.7999999999993,349.80812000000003,357.33652,582.8299999999999,568.2999999999998,233.0999999999999,211.02999999999997,"[52, 53]"
37300015,SE Omdeler,U39,foot,TSP,Type 1,98,"52, 53, 56",3,4974.8,4503.6,379.11591999999996,387.7334399999998,650.7399999999998,633.63,271.6000000000001,245.86,"[52, 53, 56]"
37300015,SE Omdeler,U39,foot,TSP,Type 2,98,"52, 53",2,4267.8,3863.7999999999993,417.71812,423.7465200000001,650.7399999999999,634.71,233.0999999999999,211.02999999999997,"[52, 53]"
37300015,U18 Omdeler,Gns. Oms,foot,TSP,Type 1,98,46,1,4974.8,4889.499999999999,448.8937680000001,448.93244500000014,549.1400000000007,547.4700000000006,99.93000000000004,98.22000000000001,[46]
37300015,U18 Omdeler,Gns. Oms,foot,TSP,Type 2,98,46,1,4267.8,4182.6,463.0973980000001,463.13406600000013,549.1400000000007,547.4700000000007,85.74000000000002,84.03000000000002,[46]
37300015,U18 Omdeler,U36,foot,TSP,Type 1,98,46,1,4974.8,4889.499999999999,414.8262680000002,415.72994500000004,514.7700000000003,513.9600000000004,99.93000000000004,98.22000000000001,[46]
37300015,U18 Omdeler,U36,foot,TSP,Type 2,98,46,1,4267.8,4182.6,429.02989800000023,429.93156600000003,514.7700000000006,513.9600000000005,85.74000000000002,84.03000000000002,[46]
37300015,U18 Omdeler,U37,foot,TSP,Type 1,98,46,1,4974.8,4889.499999999999,347.066268,347.969945,447.00999999999965,446.19999999999965,99.93000000000004,98.22000000000001,[46]
37300015,U18 Omdeler,U37,foot,TSP,Type 2,98,46,1,4267.8,4182.6,361.269898,362.171566,447.00999999999965,446.19999999999965,85.74000000000002,84.03000000000002,[46]
37300015,U18 Omdeler,U38,foot,TSP,Type 1,98,46,1,4974.8,4889.499999999999,482.88626800000003,483.789945,582.8300000000002,582.0200000000002,99.93000000000004,98.22000000000001,[46]
37300015,U18 Omdeler,U38,foot,TSP,Type 2,98,46,1,4267.8,4182.6,497.08989800000006,497.991566,582.8299999999999,582.0199999999999,85.74000000000002,84.03000000000002,[46]
37300015,U18 Omdeler,U39,foot,TSP,Type 1,98,,0,4974.8,4974.8,550.796268,550.796268,650.7399999999998,650.7399999999998,99.93000000000004,99.93000000000004,[]
37300015,U18 Omdeler,U39,foot,TSP,Type 2,98,,0,4267.8,4267.8,564.999898,564.999898,650.7399999999999,650.7399999999999,85.74000000000002,85.74000000000002,[]
37300017,O18 Omdeler,Gns. Oms,foot,TSP,Type 1,107,,0,5158.399999999998,5158.399999999998,468.3864400000003,468.3864400000003,615.1600000000007,615.1600000000007,146.49,146.49,[]
37300017,O18 Omdeler,Gns. Oms,foot,TSP,Type 2,107,,0,4217.799999999999,4217.799999999999,495.0994800000002,495.0994800000002,615.1600000000005,615.1600000000005,119.79000000000002,119.79000000000002,[]
37300017,O18 Omdeler,U36,foot,TSP,Type 1,107,100,1,5158.399999999998,5146.099999999998,420.90144000000015,421.2507600000001,567.4000000000007,567.4000000000007,146.49,146.14000000000001,[100]
37300017,O18 Omdeler,U36,foot,TSP,Type 2,107,,0,4217.799999999999,4217.799999999999,447.61448000000007,447.61448000000007,567.4000000000005,567.4000000000005,119.79000000000002,119.79000000000002,[]
37300017,O18 Omdeler,U37,foot,TSP,Type 1,107,"62, 100, 105",3,5158.399999999998,4780.900000000001,363.0214400000001,363.60244000000006,509.51999999999964,499.37999999999965,146.49,135.77,"[62, 100, 105]"
37300017,O18 Omdeler,U37,foot,TSP,Type 2,107,,0,4217.799999999999,4217.799999999999,389.7344800000001,389.7344800000001,509.5199999999997,509.5199999999997,119.79000000000002,119.79000000000002,[]
37300017,O18 Omdeler,U38,foot,TSP,Type 1,107,100,1,5158.399999999998,5146.099999999998,537.5514400000002,537.9007600000001,684.0500000000005,684.0500000000005,146.49,146.14000000000001,[100]
37300017,O18 Omdeler,U38,foot,TSP,Type 2,107,,0,4217.799999999999,4217.799999999999,564.26448,564.26448,684.0500000000003,684.0500000000003,119.79000000000002,119.79000000000002,[]
37300017,O18 Omdeler,U39,foot,TSP,Type 1,107,,0,5158.399999999998,5158.399999999998,552.0714399999999,552.0714399999999,698.5699999999997,698.5699999999997,146.49,146.49,[]
37300017,O18 Omdeler,U39,foot,TSP,Type 2,107,,0,4217.799999999999,4217.799999999999,578.7844799999999,578.7844799999999,698.5699999999998,698.5699999999998,119.79000000000002,119.79000000000002,[]
37300017,SE Omdeler,Gns. Oms,foot,TSP,Type 1,107,"39, 62, 105",3,5158.399999999998,4637.7,333.23636000000033,341.01158000000015,615.1600000000007,594.4900000000006,281.68000000000006,253.24,"[39, 62, 105]"
37300017,SE Omdeler,Gns. Oms,foot,TSP,Type 2,107,"39, 62",2,4217.799999999999,3883.9999999999986,384.5931200000002,388.5186000000002,615.1600000000005,600.8500000000005,230.30000000000007,212.08000000000007,"[39, 62]"
37300017,SE Omdeler,U36,foot,TSP,Type 1,107,"36, 37, 38, 39, 62, 105",6,5158.399999999998,4384.8,285.7513600000002,298.08992000000023,567.4000000000007,537.5000000000006,281.68000000000006,239.43,"[36, 37, 38, 39, 62, 105]"
37300017,SE Omdeler,U36,foot,TSP,Type 2,107,"39, 62",2,4217.799999999999,3883.9999999999986,337.1081200000001,343.37360000000024,567.4000000000005,555.4400000000005,230.30000000000007,212.08000000000007,"[39, 62]"
37300017,SE Omdeler,U37,foot,TSP,Type 1,107,"36, 37, 38, 39, 62, 105",6,5158.399999999998,4384.8,227.87136000000015,241.70991999999993,509.51999999999964,481.11999999999966,281.68000000000006,239.43,"[36, 37, 38, 39, 62, 105]"
37300017,SE Omdeler,U37,foot,TSP,Type 2,107,"39, 62",2,4217.799999999999,3883.9999999999986,279.2281200000001,287.3136000000001,509.5199999999997,499.3799999999997,230.30000000000007,212.08000000000007,"[39, 62]"
37300017,SE Omdeler,U38,foot,TSP,Type 1,107,"62, 100, 105",3,5158.399999999998,4780.900000000001,402.4013600000002,409.35285999999985,684.0500000000005,670.3900000000006,281.68000000000006,261.06000000000006,"[62, 100, 105]"
37300017,SE Omdeler,U38,foot,TSP,Type 2,107,62,1,4217.799999999999,4039.499999999999,453.7581200000001,456.66330000000005,684.0500000000003,677.2200000000003,230.30000000000007,220.57000000000008,[62]
37300017,SE Omdeler,U39,foot,TSP,Type 1,107,"39, 62, 105",3,5158.399999999998,4637.7,416.92136000000005,422.7315800000002,698.5699999999997,675.9499999999997,281.68000000000006,253.24,"[39, 62, 105]"
37300017,SE Omdeler,U39,foot,TSP,Type 2,107,"39, 62",2,4217.799999999999,3883.9999999999986,468.27811999999994,471.4236000000002,698.5699999999998,683.4899999999999,230.30000000000007,212.08000000000007,"[39, 62]"
37300017,U18 Omdeler,Gns. Oms,foot,TSP,Type 1,107,,0,5158.399999999998,5158.399999999998,511.25274400000023,511.25274400000023,615.1600000000007,615.1600000000007,103.57000000000001,103.57000000000001,[]
37300017,U18 Omdeler,Gns. Oms,foot,TSP,Type 2,107,,0,4217.799999999999,4217.799999999999,530.1493980000002,530.1493980000002,615.1600000000005,615.1600000000005,84.7,84.7,[]
37300017,U18 Omdeler,U36,foot,TSP,Type 1,107,100,1,5158.399999999998,5146.099999999998,463.7677440000001,464.01485100000014,567.4000000000007,567.4000000000007,103.57000000000001,103.33000000000001,[100]
37300017,U18 Omdeler,U36,foot,TSP,Type 2,107,,0,4217.799999999999,4217.799999999999,482.6643980000001,482.6643980000001,567.4000000000005,567.4000000000005,84.7,84.7,[]
37300017,U18 Omdeler,U37,foot,TSP,Type 1,107,100,1,5158.399999999998,5146.099999999998,405.8877440000001,406.13485100000014,509.51999999999964,509.51999999999964,103.57000000000001,103.33000000000001,[100]
37300017,U18 Omdeler,U37,foot,TSP,Type 2,107,,0,4217.799999999999,4217.799999999999,424.78439800000007,424.78439800000007,509.5199999999997,509.5199999999997,84.7,84.7,[]
37300017,U18 Omdeler,U38,foot,TSP,Type 1,107,100,1,5158.399999999998,5146.099999999998,580.4177440000001,580.664851,684.0500000000005,684.0500000000005,103.57000000000001,103.33000000000001,[100]
37300017,U18 Omdeler,U38,foot,TSP,Type 2,107,,0,4217.799999999999,4217.799999999999,599.3143980000001,599.3143980000001,684.0500000000003,684.0500000000003,84.7,84.7,[]
37300017,U18 Omdeler,U39,foot,TSP,Type 1,107,,0,5158.399999999998,5158.399999999998,594.937744,594.937744,698.5699999999997,698.5699999999997,103.57000000000001,103.57000000000001,[]
37300017,U18 Omdeler,U39,foot,TSP,Type 2,107,,0,4217.799999999999,4217.799999999999,613.834398,613.834398,698.5699999999998,698.5699999999998,84.7,84.7,[]
37300018,O18 Omdeler,Gns. Oms,foot,TSP,Type 1,130,66,1,4054.7999999999993,4013.9999999999995,645.0436800000001,645.8324000000001,760.6400000000009,760.2700000000009,115.14,113.98,[66]
37300018,O18 Omdeler,Gns. Oms,foot,TSP,Type 2,130,,0,3182.0000000000014,3182.0000000000014,669.8312,669.8312,760.6400000000012,760.6400000000012,90.37000000000003,90.37000000000003,[]
37300018,O18 Omdeler,U36,foot,TSP,Type 1,130,66,1,4054.7999999999993,4013.9999999999995,604.7036800000002,605.4924000000002,719.860000000001,719.490000000001,115.14,113.98,[66]
37300018,O18 Omdeler,U36,foot,TSP,Type 2,130,,0,3182.0000000000014,3182.0000000000014,629.4912,629.4912,719.860000000001,719.860000000001,90.37000000000003,90.37000000000003,[]
37300018,O18 Omdeler,U37,foot,TSP,Type 1,130,66,1,4054.7999999999993,4013.9999999999995,496.20368,496.99240000000003,611.3600000000002,610.9900000000002,115.14,113.98,[66]
37300018,O18 Omdeler,U37,foot,TSP,Type 2,130,,0,3182.0000000000014,3182.0000000000014,520.9911999999999,520.9911999999999,611.3600000000004,611.3600000000004,90.37000000000003,90.37000000000003,[]
37300018,O18 Omdeler,U38,foot,TSP,Type 1,130,66,1,4054.7999999999993,4013.9999999999995,705.0436799999999,705.8324,820.2000000000012,819.8300000000012,115.14,113.98,[66]
37300018,O18 Omdeler,U38,foot,TSP,Type 2,130,,0,3182.0000000000014,3182.0000000000014,729.8311999999997,729.8311999999997,820.2000000000014,820.2000000000014,90.37000000000003,90.37000000000003,[]
37300018,O18 Omdeler,U39,foot,TSP,Type 1,130,66,1,4054.7999999999993,4013.9999999999995,774.2236800000001,775.0124000000001,889.3799999999993,889.0099999999993,115.14,113.98,[66]
37300018,O18 Omdeler,U39,foot,TSP,Type 2,130,,0,3182.0000000000014,3182.0000000000014,799.0111999999999,799.0111999999999,889.3799999999991,889.3799999999991,90.37000000000003,90.37000000000003,[]
37300018,SE Omdeler,Gns. Oms,foot,TSP,Type 1,130,66,1,4054.7999999999993,4013.9999999999995,538.8079200000001,540.6656,760.6400000000009,760.2700000000009,221.4400000000001,219.2100000000001,[66]
37300018,SE Omdeler,Gns. Oms,foot,TSP,Type 2,130,0,1,3182.0000000000014,3050.6,586.4628,586.6272400000001,760.6400000000012,753.630000000001,173.6999999999999,166.54,[0]
37300018,SE Omdeler,U36,foot,TSP,Type 1,130,66,1,4054.7999999999993,4013.9999999999995,498.46792000000016,500.3256000000001,719.860000000001,719.490000000001,221.4400000000001,219.2100000000001,[66]
37300018,SE Omdeler,U36,foot,TSP,Type 2,130,0,1,3182.0000000000014,3050.6,546.1228000000001,547.3172400000002,719.860000000001,713.8800000000011,173.6999999999999,166.54,[0]
37300018,SE Omdeler,U37,foot,TSP,Type 1,130,"0, 66, 109",3,4054.7999999999993,3882.499999999999,389.96792000000005,392.27550000000036,611.3600000000002,604.2600000000003,221.4400000000001,212.0300000000001,"[0, 66, 109]"
37300018,SE Omdeler,U37,foot,TSP,Type 2,130,0,1,3182.0000000000014,3050.6,437.6227999999999,438.87724000000003,611.3600000000004,605.4400000000006,173.6999999999999,166.54,[0]
37300018,SE Omdeler,U38,foot,TSP,Type 1,130,66,1,4054.7999999999993,4013.9999999999995,598.8079199999999,600.6655999999999,820.2000000000012,819.8300000000012,221.4400000000001,219.2100000000001,[66]
37300018,SE Omdeler,U38,foot,TSP,Type 2,130,0,1,3182.0000000000014,3050.6,646.4627999999998,646.80724,820.2000000000014,813.3700000000015,173.6999999999999,166.54,[0]
37300018,SE Omdeler,U39,foot,TSP,Type 1,130,66,1,4054.7999999999993,4013.9999999999995,667.98792,669.8456,889.3799999999993,889.0099999999993,221.4400000000001,219.2100000000001,[66]
37300018,SE Omdeler,U39,foot,TSP,Type 2,130,,0,3182.0000000000014,3182.0000000000014,715.6427999999999,715.6427999999999,889.3799999999991,889.3799999999991,173.6999999999999,173.6999999999999,[]
37300018,U18 Omdeler,Gns. Oms,foot,TSP,Type 1,130,66,1,4054.7999999999993,4013.9999999999995,678.7390680000001,679.18874,760.6400000000009,760.2700000000009,81.45,80.64,[66]
37300018,U18 Omdeler,Gns. Oms,foot,TSP,Type 2,130,,0,3182.0000000000014,3182.0000000000014,696.27362,696.27362,760.6400000000012,760.6400000000012,63.96,63.96,[]
37300018,U18 Omdeler,U36,foot,TSP,Type 1,130,66,1,4054.7999999999993,4013.9999999999995,638.3990680000002,638.8487400000001,719.860000000001,719.490000000001,81.45,80.64,[66]
37300018,U18 Omdeler,U36,foot,TSP,Type 2,130,,0,3182.0000000000014,3182.0000000000014,655.9336200000001,655.9336200000001,719.860000000001,719.860000000001,63.96,63.96,[]
37300018,U18 Omdeler,U37,foot,TSP,Type 1,130,66,1,4054.7999999999993,4013.9999999999995,529.899068,530.34874,611.3600000000002,610.9900000000002,81.45,80.64,[66]
37300018,U18 Omdeler,U37,foot,TSP,Type 2,130,,0,3182.0000000000014,3182.0000000000014,547.43362,547.43362,611.3600000000004,611.3600000000004,63.96,63.96,[]
37300018,U18 Omdeler,U38,foot,TSP,Type 1,130,66,1,4054.7999999999993,4013.9999999999995,738.7390679999999,739.1887399999999,820.2000000000012,819.8300000000012,81.45,80.64,[66]
37300018,U18 Omdeler,U38,foot,TSP,Type 2,130,,0,3182.0000000000014,3182.0000000000014,756.2736199999998,756.2736199999998,820.2000000000014,820.2000000000014,63.96,63.96,[]
37300018,U18 Omdeler,U39,foot,TSP,Type 1,130,66,1,4054.7999999999993,4013.9999999999995,807.919068,808.36874,889.3799999999993,889.0099999999993,81.45,80.64,[66]
37300018,U18 Omdeler,U39,foot,TSP,Type 2,130,,0,3182.0000000000014,3182.0000000000014,825.45362,825.45362,889.3799999999991,889.3799999999991,63.96,63.96,[]
37300500,O18 Omdeler,Gns. Oms,car,HPP,Type 1,82,"38, 80, 81",3,5196.400000000001,4582.3,333.721484,347.9640879999999,538.7099999999996,528.7299999999997,204.95000000000005,180.73000000000002,"[38, 80, 81]"
37300500,O18 Omdeler,Gns. Oms,car,HPP,Type 2,82,"41, 80",2,4957.300000000001,4248.900000000001,343.15158799999995,355.503384,538.7099999999996,523.1199999999997,195.50000000000009,167.57999999999996,"[41, 80]"
37300500,O18 Omdeler,U36,car,HPP,Type 1,82,"38, 80, 81",3,5196.400000000001,4582.3,286.833984,301.914088,491.78,482.63999999999993,204.95000000000005,180.73000000000002,"[38, 80, 81]"
37300500,O18 Omdeler,U36,car,HPP,Type 2,82,"41, 80",2,4957.300000000001,4248.900000000001,296.26408799999996,309.4433839999999,491.78,477.0199999999999,195.50000000000009,167.57999999999996,"[41, 80]"
37300500,O18 Omdeler,U37,car,HPP,Type 1,82,"38, 80, 81",3,5196.400000000001,4582.3,250.67398399999996,266.81408799999997,455.62000000000023,447.5400000000002,204.95000000000005,180.73000000000002,"[38, 80, 81]"
37300500,O18 Omdeler,U37,car,HPP,Type 2,82,"41, 80",2,4957.300000000001,4248.900000000001,260.10408799999993,275.2133839999999,455.62000000000023,442.79000000000025,195.50000000000009,167.57999999999996,"[41, 80]"
37300500,O18 Omdeler,U38,car,HPP,Type 1,82,"38, 80, 81",3,5196.400000000001,4582.3,386.16398399999997,399.4940880000002,591.1100000000002,580.2200000000003,204.95000000000005,180.73000000000002,"[38, 80, 81]"
37300500,O18 Omdeler,U38,car,HPP,Type 2,82,38,1,4957.300000000001,4612.700000000003,395.59408799999994,407.85511199999985,591.1100000000002,589.7800000000004,195.50000000000009,181.90000000000006,[38]
37300500,O18 Omdeler,U39,car,HPP,Type 1,82,"38, 80, 81",3,5196.400000000001,4582.3,411.2139839999998,423.63408799999985,616.1599999999999,604.3599999999999,204.95000000000005,180.73000000000002,"[38, 80, 81]"
37300500,O18 Omdeler,U39,car,HPP,Type 2,82,38,1,4957.300000000001,4612.700000000003,420.6440879999998,431.9351119999998,616.16,613.8599999999999,195.50000000000009,181.90000000000006,[38]
37300500,SE Omdeler,Gns. Oms,car,HPP,Type 1,82,"41, 42, 43, 57, 58, 59, 60, 61",8,5196.400000000001,3852.0000000000005,144.62448799999999,195.44033999999994,538.7099999999996,487.59999999999957,394.10000000000014,292.14000000000004,"[41, 42, 43, 57, 58, 59, 60, 61]"
37300500,SE Omdeler,Gns. Oms,car,HPP,Type 2,82,"57, 59, 60, 61, 64",5,4957.300000000001,4039.1999999999994,162.75544099999996,204.75996400000002,538.7099999999996,511.1099999999996,375.91,306.32,"[57, 59, 60, 61, 64]"
37300500,SE Omdeler,U36,car,HPP,Type 1,82,"41, 42, 43, 57, 58, 59, 60, 61",8,5196.400000000001,3852.0000000000005,97.736988,153.85284000000001,491.78,445.95,394.10000000000014,292.14000000000004,"[41, 42, 43, 57, 58, 59, 60, 61]"
37300500,SE Omdeler,U36,car,HPP,Type 2,82,"57, 59, 60, 61, 64",5,4957.300000000001,4039.1999999999994,115.86794099999997,162.1274640000001,491.78,468.4199999999999,375.91,306.32,"[57, 59, 60, 61, 64]"
37300500,SE Omdeler,U37,car,HPP,Type 1,82,"37, 38, 39, 40, 41, 42, 43, 80, 81",9,5196.400000000001,3866.6999999999994,61.57698799999997,121.23813900000003,455.62000000000023,414.4500000000003,394.10000000000014,293.27000000000004,"[37, 38, 39, 40, 41, 42, 43, 80, 81]"
37300500,SE Omdeler,U37,car,HPP,Type 2,82,"37, 38, 39, 40, 42, 43",6,4957.300000000001,4043.0000000000005,79.70794099999995,121.60930999999998,455.62000000000023,428.19000000000005,375.91,306.61,"[37, 38, 39, 40, 42, 43]"
37300500,SE Omdeler,U38,car,HPP,Type 1,82,"41, 42, 43, 57, 58, 59, 60, 61",8,5196.400000000001,3852.0000000000005,197.06698799999998,244.86284000000012,591.1100000000002,536.9600000000002,394.10000000000014,292.14000000000004,"[41, 42, 43, 57, 58, 59, 60, 61]"
37300500,SE Omdeler,U38,car,HPP,Type 2,82,"57, 59, 60, 61, 64",5,4957.300000000001,4039.1999999999994,215.19794099999996,256.77746400000024,591.1100000000002,563.0700000000003,375.91,306.32,"[57, 59, 60, 61, 64]"
37300500,SE Omdeler,U39,car,HPP,Type 1,82,"41, 42, 43, 57, 58, 59, 60, 61",8,5196.400000000001,3852.0000000000005,222.11698799999982,265.66283999999996,616.1599999999999,557.7599999999999,394.10000000000014,292.14000000000004,"[41, 42, 43, 57, 58, 59, 60, 61]"
37300500,SE Omdeler,U39,car,HPP,Type 2,82,"57, 59, 60, 61, 64",5,4957.300000000001,4039.1999999999994,240.2479409999998,279.0174639999999,616.16,585.3099999999998,375.91,306.32,"[57, 59, 60, 61, 64]"
37300501,O18 Omdeler,Gns. Oms,car,HPP,Type 1,155,"7, 43, 53",3,5239.500000000003,4737.7,800.7416199999998,818.9951120000001,1007.3799999999977,1005.8499999999977,206.59000000000003,186.81000000000003,"[7, 43, 53]"
37300501,O18 Omdeler,Gns. Oms,car,HPP,Type 2,155,"7, 15",2,4757.499999999996,4548.599999999998,819.7517,827.0357160000002,1007.3799999999982,1006.4299999999984,187.63,179.39000000000007,"[7, 15]"
37300501,O18 Omdeler,U36,car,HPP,Type 1,155,"7, 43, 44, 53",4,5239.500000000003,4720.700000000001,731.7641199999999,752.225592,938.4099999999997,938.4099999999997,206.59000000000003,186.14000000000001,"[7, 43, 44, 53]"
37300501,O18 Omdeler,U36,car,HPP,Type 2,155,"7, 15",2,4757.499999999996,4548.599999999998,750.7742000000002,759.0132160000002,938.4099999999996,938.4099999999997,187.63,179.39000000000007,"[7, 15]"
37300501,O18 Omdeler,U37,car,HPP,Type 1,155,"7, 53, 119, 125",4,5239.500000000003,4579.0,625.0741199999998,644.88424,831.7200000000004,825.4800000000004,206.59000000000003,180.54000000000002,"[7, 53, 119, 125]"
37300501,O18 Omdeler,U37,car,HPP,Type 2,155,"7, 15",2,4757.499999999996,4548.599999999998,644.0842,651.473216,831.7200000000006,830.8700000000003,187.63,179.39000000000007,"[7, 15]"
37300501,O18 Omdeler,U38,car,HPP,Type 1,155,"7, 43, 44, 53",4,5239.500000000003,4720.700000000001,866.92412,887.3855920000001,1073.5700000000006,1073.5700000000006,206.59000000000003,186.14000000000001,"[7, 43, 44, 53]"
37300501,O18 Omdeler,U38,car,HPP,Type 2,155,"7, 15",2,4757.499999999996,4548.599999999998,885.9342000000003,894.173216,1073.5700000000006,1073.5700000000008,187.63,179.39000000000007,"[7, 15]"
37300501,O18 Omdeler,U39,car,HPP,Type 1,155,"7, 53, 112",3,5239.500000000003,4744.9,979.2041199999998,993.6511439999997,1185.8499999999979,1180.789999999998,206.59000000000003,187.09,"[7, 53, 112]"
37300501,O18 Omdeler,U39,car,HPP,Type 2,155,"7, 15",2,4757.499999999996,4548.599999999998,998.2142,1003.483216,1185.849999999998,1182.8799999999983,187.63,179.39000000000007,"[7, 15]"
37300501,SE Omdeler,Gns. Oms,car,HPP,Type 1,155,"7, 53, 107, 125",4,5239.500000000003,4455.400000000001,610.0762149999998,652.369518,1007.3799999999977,990.2199999999978,397.31999999999994,337.86999999999983,"[7, 53, 107, 125]"
37300501,SE Omdeler,Gns. Oms,car,HPP,Type 2,155,"7, 15, 125",3,4757.499999999996,4364.699999999997,646.6262750000003,668.1772990000005,1007.3799999999982,999.1499999999984,360.7899999999998,330.9899999999999,"[7, 15, 125]"
37300501,SE Omdeler,U36,car,HPP,Type 1,155,"7, 53, 107, 125",4,5239.500000000003,4455.400000000001,541.0987149999999,586.797018,938.4099999999997,924.6499999999997,397.31999999999994,337.86999999999983,"[7, 53, 107, 125]"
37300501,SE Omdeler,U36,car,HPP,Type 2,155,"7, 15, 125",3,4757.499999999996,4364.699999999997,577.6487750000003,600.5547990000003,938.4099999999996,931.5299999999997,360.7899999999998,330.9899999999999,"[7, 15, 125]"
37300501,SE Omdeler,U37,car,HPP,Type 1,155,"7, 50, 51, 53, 125",5,5239.500000000003,4470.900000000001,434.40871499999975,479.17165299999994,831.7200000000004,818.2000000000003,397.31999999999994,339.0499999999999,"[7, 50, 51, 53, 125]"
37300501,SE Omdeler,U37,car,HPP,Type 2,155,"7, 15, 125",3,4757.499999999996,4364.699999999997,470.95877500000023,494.02479900000026,831.7200000000006,825.0000000000003,360.7899999999998,330.9899999999999,"[7, 15, 125]"
37300501,SE Omdeler,U38,car,HPP,Type 1,155,"7, 53, 107, 125",4,5239.500000000003,4455.400000000001,676.2587149999999,720.057018,1073.5700000000006,1057.9100000000008,397.31999999999994,337.86999999999983,"[7, 53, 107, 125]"
37300501,SE Omdeler,U38,car,HPP,Type 2,155,"7, 15, 125",3,4757.499999999996,4364.699999999997,712.8087750000004,734.7647990000003,1073.5700000000006,1065.740000000001,360.7899999999998,330.9899999999999,"[7, 15, 125]"
37300501,SE Omdeler,U39,car,HPP,Type 1,155,"7, 53, 107, 125",4,5239.500000000003,4455.400000000001,788.5387149999997,825.0470179999995,1185.8499999999979,1162.899999999998,397.31999999999994,337.86999999999983,"[7, 53, 107, 125]"
37300501,SE Omdeler,U39,car,HPP,Type 2,155,"7, 15",2,4757.499999999996,4548.599999999998,825.0887750000002,837.9596620000001,1185.849999999998,1182.8799999999983,360.7899999999998,344.9499999999998,"[7, 15]"
37300502,O18 Omdeler,Gns. Oms,car,HPP,Type 1,111,"22, 58, 106, 107, 108, 109, 110",7,5923.900000000001,4769.500000000003,521.7338839999999,545.2284199999998,755.389999999999,733.3499999999991,233.62999999999997,188.1,"[22, 58, 106, 107, 108, 109, 110]"
37300502,O18 Omdeler,Gns. Oms,car,HPP,Type 2,111,"22, 106",2,5279.000000000003,4875.8,547.1687399999998,555.1359479999999,755.3899999999991,747.4499999999992,208.2200000000001,192.29999999999995,"[22, 106]"
37300502,O18 Omdeler,U36,car,HPP,Type 1,111,"22, 58, 106, 107, 108, 109, 110",7,5923.900000000001,4769.500000000003,475.2813839999999,503.4209199999998,708.9199999999997,691.5299999999997,233.62999999999997,188.1,"[22, 58, 106, 107, 108, 109, 110]"
37300502,O18 Omdeler,U36,car,HPP,Type 2,111,"22, 106",2,5279.000000000003,4875.8,500.71623999999986,509.73844799999995,708.9199999999998,702.0399999999996,208.2200000000001,192.29999999999995,"[22, 106]"
37300502,O18 Omdeler,U37,car,HPP,Type 1,111,"22, 58, 75, 106",4,5923.900000000001,4935.000000000002,397.061384,419.55359999999985,630.7000000000004,614.1900000000004,233.62999999999997,194.63000000000002,"[22, 58, 75, 106]"
37300502,O18 Omdeler,U37,car,HPP,Type 2,111,"22, 106",2,5279.000000000003,4875.8,422.49623999999994,431.678448,630.7000000000005,623.9800000000002,208.2200000000001,192.29999999999995,"[22, 106]"
37300502,O18 Omdeler,U38,car,HPP,Type 1,111,"22, 58, 106, 107, 108, 109, 110",7,5923.900000000001,4769.500000000003,560.5213839999998,588.5509199999997,794.1600000000008,776.6600000000007,233.62999999999997,188.1,"[22, 58, 106, 107, 108, 109, 110]"
37300502,O18 Omdeler,U38,car,HPP,Type 2,111,"22, 106",2,5279.000000000003,4875.8,585.9562399999998,594.0284479999999,794.1600000000004,786.3300000000004,208.2200000000001,192.29999999999995,"[22, 106]"
37300502,O18 Omdeler,U39,car,HPP,Type 1,111,"22, 58, 106",3,5923.900000000001,5104.200000000003,654.0713839999999,672.1003519999997,887.7099999999995,873.4099999999995,233.62999999999997,201.29999999999998,"[22, 58, 106]"
37300502,O18 Omdeler,U39,car,HPP,Type 2,111,"22, 106",2,5279.000000000003,4875.8,679.5062399999998,685.098448,887.7099999999997,877.3999999999999,208.2200000000001,192.29999999999995,"[22, 106]"
37300502,SE Omdeler,Gns. Oms,car,HPP,Type 1,111,"22, 58, 104, 105, 106, 107, 108, 109, 110",9,5923.900000000001,4506.000000000003,306.16316299999994,374.3775199999997,755.389999999999,716.0799999999991,449.19,341.65999999999997,"[22, 58, 104, 105, 106, 107, 108, 109, 110]"
37300502,SE Omdeler,Gns. Oms,car,HPP,Type 2,111,"74, 75, 76, 105, 106",5,5279.000000000003,4440.299999999998,355.06592999999975,386.83455100000015,755.3899999999991,723.549999999999,400.27,336.68000000000006,"[74, 75, 76, 105, 106]"
37300502,SE Omdeler,U36,car,HPP,Type 1,111,"22, 58, 104, 105, 106, 107, 108, 109, 110",9,5923.900000000001,4506.000000000003,259.71066299999995,334.0800199999998,708.9199999999997,675.7699999999998,449.19,341.65999999999997,"[22, 58, 104, 105, 106, 107, 108, 109, 110]"
37300502,SE Omdeler,U36,car,HPP,Type 2,111,"74, 75, 76, 105, 106",5,5279.000000000003,4440.299999999998,308.61342999999977,342.6920510000001,708.9199999999998,679.3999999999999,400.27,336.68000000000006,"[74, 75, 76, 105, 106]"
37300502,SE Omdeler,U37,car,HPP,Type 1,111,"22, 58, 104, 105, 106, 107, 108, 109, 110",9,5923.900000000001,4506.000000000003,181.49066300000004,250.26001999999988,630.7000000000004,591.9500000000004,449.19,341.65999999999997,"[22, 58, 104, 105, 106, 107, 108, 109, 110]"
37300502,SE Omdeler,U37,car,HPP,Type 2,111,"73, 74, 75, 76, 105, 106",6,5279.000000000003,4358.699999999998,230.39342999999985,267.7997790000001,630.7000000000005,598.3200000000004,400.27,330.50000000000006,"[73, 74, 75, 76, 105, 106]"
37300502,SE Omdeler,U38,car,HPP,Type 1,111,"22, 58, 104, 105, 106, 107, 108, 109, 110",9,5923.900000000001,4506.000000000003,344.95066299999985,417.3700199999999,794.1600000000008,759.0600000000007,449.19,341.65999999999997,"[22, 58, 104, 105, 106, 107, 108, 109, 110]"
37300502,SE Omdeler,U38,car,HPP,Type 2,111,"74, 75, 76, 105, 106",5,5279.000000000003,4440.299999999998,393.85342999999966,424.1920510000001,794.1600000000004,760.9000000000004,400.27,336.68000000000006,"[74, 75, 76, 105, 106]"
37300502,SE Omdeler,U39,car,HPP,Type 1,111,"22, 58, 106, 107, 108, 109, 110",7,5923.900000000001,4769.500000000003,438.5006629999999,496.7688149999997,887.7099999999995,858.4399999999995,449.19,361.64,"[22, 58, 106, 107, 108, 109, 110]"
37300502,SE Omdeler,U39,car,HPP,Type 2,111,"74, 75, 76, 105, 106",5,5279.000000000003,4440.299999999998,487.40342999999973,512.9720509999999,887.7099999999997,849.6799999999994,400.27,336.68000000000006,"[74, 75, 76, 105, 106]"
37300503,O18 Omdeler,Gns. Oms,car,HPP,Type 1,131,110,1,5951.5999999999985,5833.199999999999,689.3013960000001,692.873592,924.0799999999981,922.9799999999981,234.79000000000008,230.11000000000007,[110]
37300503,O18 Omdeler,Gns. Oms,car,HPP,Type 2,131,110,1,5776.8,5620.1,696.195508,701.278256,924.0799999999983,922.9799999999983,227.87000000000003,221.6899999999999,[110]
37300503,O18 Omdeler,U36,car,HPP,Type 1,131,62,1,5951.5999999999985,5813.999999999998,620.268896,623.0458400000001,854.9999999999997,852.3499999999997,234.79000000000008,229.36000000000004,[62]
37300503,O18 Omdeler,U36,car,HPP,Type 2,131,112,1,5776.8,5620.7,627.163008,632.4095920000001,854.9999999999995,854.0899999999997,227.87000000000003,221.7299999999999,[112]
37300503,O18 Omdeler,U37,car,HPP,Type 1,131,62,1,5951.5999999999985,5813.999999999998,534.258896,538.76584,768.9900000000007,768.0700000000006,234.79000000000008,229.36000000000004,[62]
37300503,O18 Omdeler,U37,car,HPP,Type 2,131,"108, 109, 110",3,5776.8,5423.600000000003,541.153008,548.8432159999999,768.9900000000007,762.7500000000003,227.87000000000003,213.91999999999996,"[108, 109, 110]"
37300503,O18 Omdeler,U38,car,HPP,Type 1,131,110,1,5951.5999999999985,5833.199999999999,752.268896,756.5685919999999,987.0000000000007,986.6300000000007,234.79000000000008,230.11000000000007,[110]
37300503,O18 Omdeler,U38,car,HPP,Type 2,131,110,1,5776.8,5620.1,759.163008,764.9732559999999,987.0000000000007,986.6300000000007,227.87000000000003,221.6899999999999,[110]
37300503,O18 Omdeler,U39,car,HPP,Type 1,131,62,1,5951.5999999999985,5813.999999999998,850.4088959999999,854.8658400000002,1085.139999999999,1084.169999999999,234.79000000000008,229.36000000000004,[62]
37300503,O18 Omdeler,U39,car,HPP,Type 2,131,112,1,5776.8,5620.7,857.3030079999999,862.4995919999999,1085.1399999999992,1084.1799999999994,227.87000000000003,221.7299999999999,[112]
37300503,SE Omdeler,Gns. Oms,car,HPP,Type 1,131,"3, 4, 62",3,5951.5999999999985,5515.799999999999,472.72267200000016,489.0818860000001,924.0799999999981,907.3799999999982,451.33000000000004,418.2800000000001,"[3, 4, 62]"
37300503,SE Omdeler,Gns. Oms,car,HPP,Type 2,131,"108, 109, 110",3,5776.8,5423.600000000003,485.97775600000006,503.87091199999986,924.0799999999983,915.1899999999983,438.04,411.2199999999999,"[108, 109, 110]"
37300503,SE Omdeler,U36,car,HPP,Type 1,131,"3, 4, 34, 62",4,5951.5999999999985,5396.199999999999,403.69017200000013,422.326154,854.9999999999997,831.5199999999996,451.33000000000004,409.2200000000001,"[3, 4, 34, 62]"
37300503,SE Omdeler,U36,car,HPP,Type 2,131,"108, 109, 110",3,5776.8,5423.600000000003,416.94525600000003,434.7484119999997,854.9999999999995,846.0199999999996,438.04,411.2199999999999,"[108, 109, 110]"
37300503,SE Omdeler,U37,car,HPP,Type 1,131,"62, 106, 107, 108, 109, 110, 111, 112, 113, 114",10,5951.5999999999985,5076.2,317.68017200000014,338.881754,768.9900000000007,723.8100000000005,451.33000000000004,384.92,"[62, 106, 107, 108, 109, 110, 111, 112, 113, 114]"
37300503,SE Omdeler,U37,car,HPP,Type 2,131,"3, 4, 110",3,5776.8,5318.500000000001,330.93525600000004,353.298145,768.9900000000007,756.6000000000007,438.04,403.28000000000003,"[3, 4, 110]"
37300503,SE Omdeler,U38,car,HPP,Type 1,131,"3, 4, 34, 110",4,5951.5999999999985,5415.400000000001,535.6901720000001,552.4802179999998,987.0000000000007,963.1300000000006,451.33000000000004,410.6800000000001,"[3, 4, 34, 110]"
37300503,SE Omdeler,U38,car,HPP,Type 2,131,"108, 109, 110",3,5776.8,5423.600000000003,548.945256,567.5284119999997,987.0000000000007,978.8000000000009,438.04,411.2199999999999,"[108, 109, 110]"
37300503,SE Omdeler,U39,car,HPP,Type 1,131,"3, 4, 62",3,5951.5999999999985,5515.799999999999,633.830172,648.6468859999999,1085.139999999999,1066.9099999999992,451.33000000000004,418.2800000000001,"[3, 4, 62]"
37300503,SE Omdeler,U39,car,HPP,Type 2,131,"108, 109, 110",3,5776.8,5423.600000000003,647.0852559999998,661.7284119999995,1085.1399999999992,1072.9999999999989,438.04,411.2199999999999,"[108, 109, 110]"
37400001,O18 Omdeler,Gns. Oms,foot,TSP,Type 1,71,"5, 69, 70",3,4480.3,3913.3000000000006,199.80697999999995,203.13727999999998,327.0999999999999,314.3299999999999,127.20999999999997,111.10999999999994,"[5, 69, 70]"
37400001,O18 Omdeler,Gns. Oms,foot,TSP,Type 2,71,"5, 69",2,3827.8000000000006,3399.1000000000004,218.33797999999993,220.49305999999996,327.09999999999997,317.0799999999999,108.69999999999996,96.52999999999997,"[5, 69]"
37400001,O18 Omdeler,U36,foot,TSP,Type 1,71,"5, 10, 11, 69",4,4480.3,3997.8000000000006,176.97948000000008,181.32247999999998,304.2200000000001,294.86000000000007,127.20999999999997,113.51999999999995,"[5, 10, 11, 69]"
37400001,O18 Omdeler,U36,foot,TSP,Type 2,71,"5, 69",2,3827.8000000000006,3399.1000000000004,195.51048000000006,198.32556,304.2200000000001,294.8600000000001,108.69999999999996,96.52999999999997,"[5, 69]"
37400001,O18 Omdeler,U37,foot,TSP,Type 1,71,"5, 69, 70",3,4480.3,3913.3000000000006,137.15948000000003,143.29228,264.4000000000001,254.43000000000006,127.20999999999997,111.10999999999994,"[5, 69, 70]"
37400001,O18 Omdeler,U37,foot,TSP,Type 2,71,"5, 69",2,3827.8000000000006,3399.1000000000004,155.69048,160.38556,264.4000000000001,256.9200000000001,108.69999999999996,96.52999999999997,"[5, 69]"
37400001,O18 Omdeler,U38,foot,TSP,Type 1,71,"5, 10, 11, 69",4,4480.3,3997.8000000000006,232.75948,235.46247999999997,359.99999999999983,348.99999999999983,127.20999999999997,113.51999999999995,"[5, 10, 11, 69]"
37400001,O18 Omdeler,U38,foot,TSP,Type 2,71,10,1,3827.8000000000006,3753.700000000001,251.29047999999997,253.39491999999996,359.99999999999994,359.99999999999983,108.69999999999996,106.57999999999998,[10]
37400001,O18 Omdeler,U39,foot,TSP,Type 1,71,70,1,4480.3,4342.0,252.32948,253.51719999999997,379.5700000000001,376.8300000000001,127.20999999999997,123.27999999999996,[70]
37400001,O18 Omdeler,U39,foot,TSP,Type 2,71,61,1,3827.8000000000006,3733.5000000000014,270.86047999999994,272.67859999999996,379.5700000000001,378.71000000000015,108.69999999999996,106.03,[61]
37400001,SE Omdeler,Gns. Oms,foot,TSP,Type 1,71,"5, 69, 70",3,4480.3,3913.3000000000006,82.42311999999993,100.60881999999992,327.0999999999999,314.3299999999999,244.60999999999993,213.65999999999994,"[5, 69, 70]"
37400001,SE Omdeler,Gns. Oms,foot,TSP,Type 2,71,"5, 69",2,3827.8000000000006,3399.1000000000004,118.04961999999992,131.43663999999995,327.09999999999997,317.0799999999999,208.96999999999994,185.55999999999992,"[5, 69]"
37400001,SE Omdeler,U36,foot,TSP,Type 1,71,"5, 69, 70",3,4480.3,3913.3000000000006,59.59562000000005,78.65381999999994,304.2200000000001,292.32000000000005,244.60999999999993,213.65999999999994,"[5, 69, 70]"
37400001,SE Omdeler,U36,foot,TSP,Type 2,71,"5, 69",2,3827.8000000000006,3399.1000000000004,95.22212000000005,109.26914,304.2200000000001,294.8600000000001,208.96999999999994,185.55999999999992,"[5, 69]"
37400001,SE Omdeler,U37,foot,TSP,Type 1,71,"5, 69, 70",3,4480.3,3913.3000000000006,19.775620000000004,40.76381999999995,264.4000000000001,254.43000000000006,244.60999999999993,213.65999999999994,"[5, 69, 70]"
37400001,SE Omdeler,U37,foot,TSP,Type 2,71,"5, 69",2,3827.8000000000006,3399.1000000000004,55.40212,71.32914,264.4000000000001,256.9200000000001,208.96999999999994,185.55999999999992,"[5, 69]"
37400001,SE Omdeler,U38,foot,TSP,Type 1,71,"5, 69, 70",3,4480.3,3913.3000000000006,115.37561999999997,132.09381999999994,359.99999999999983,345.7599999999998,244.60999999999993,213.65999999999994,"[5, 69, 70]"
37400001,SE Omdeler,U38,foot,TSP,Type 2,71,"5, 69",2,3827.8000000000006,3399.1000000000004,151.00211999999996,163.40913999999998,359.99999999999994,348.99999999999994,208.96999999999994,185.55999999999992,"[5, 69]"
37400001,SE Omdeler,U39,foot,TSP,Type 1,71,"5, 69, 70",3,4480.3,3913.3000000000006,134.94561999999996,150.92381999999998,379.5700000000001,364.59000000000003,244.60999999999993,213.65999999999994,"[5, 69, 70]"
37400001,SE Omdeler,U39,foot,TSP,Type 2,71,"5, 69",2,3827.8000000000006,3399.1000000000004,170.57211999999996,181.73914000000002,379.5700000000001,367.3300000000001,208.96999999999994,185.55999999999992,"[5, 69]"
37400001,U18 Omdeler,Gns. Oms,foot,TSP,Type 1,71,11,1,4480.3,4426.500000000001,237.03827299999995,237.35911499999995,327.0999999999999,326.33999999999986,90.03000000000002,88.95,[11]
37400001,U18 Omdeler,Gns. Oms,foot,TSP,Type 2,71,61,1,3827.8000000000006,3733.5000000000014,250.14699799999994,251.038985,327.09999999999997,326.09999999999997,76.88,74.97999999999999,[61]
37400001,U18 Omdeler,U36,foot,TSP,Type 1,71,"10, 11, 20",3,4480.3,4409.200000000001,214.21077300000007,215.639172,304.2200000000001,304.2200000000001,90.03000000000002,88.59000000000002,"[10, 11, 20]"
37400001,U18 Omdeler,U36,foot,TSP,Type 2,71,10,1,3827.8000000000006,3753.700000000001,227.31949800000007,228.808167,304.2200000000001,304.2200000000001,76.88,75.39000000000001,[10]
37400001,U18 Omdeler,U37,foot,TSP,Type 1,71,"5, 69, 70",3,4480.3,3913.3000000000006,174.39077300000002,175.811803,264.4000000000001,254.43000000000006,90.03000000000002,78.63000000000002,"[5, 69, 70]"
37400001,U18 Omdeler,U37,foot,TSP,Type 2,71,"5, 69",2,3827.8000000000006,3399.1000000000004,187.49949800000002,188.632081,264.4000000000001,256.9200000000001,76.88,68.25999999999998,"[5, 69]"
37400001,U18 Omdeler,U38,foot,TSP,Type 1,71,"10, 11, 20",3,4480.3,4409.200000000001,269.990773,271.419172,359.99999999999983,359.99999999999983,90.03000000000002,88.59000000000002,"[10, 11, 20]"
37400001,U18 Omdeler,U38,foot,TSP,Type 2,71,10,1,3827.8000000000006,3753.700000000001,283.099498,284.588167,359.99999999999994,359.99999999999983,76.88,75.39000000000001,[10]
37400001,U18 Omdeler,U39,foot,TSP,Type 1,71,70,1,4480.3,4342.0,289.560773,289.59922,379.5700000000001,376.8300000000001,90.03000000000002,87.25000000000003,[70]
37400001,U18 Omdeler,U39,foot,TSP,Type 2,71,61,1,3827.8000000000006,3733.5000000000014,302.669498,303.703985,379.5700000000001,378.71000000000015,76.88,74.97999999999999,[61]
37400002,O18 Omdeler,Gns. Oms,foot,TSP,Type 1,92,12,1,4706.299999999999,4483.000000000001,316.95108000000005,317.8403,450.73,445.2800000000001,133.64000000000001,127.29999999999998,[12]
37400002,O18 Omdeler,Gns. Oms,foot,TSP,Type 2,92,7,1,3798.3,3701.900000000001,342.73828000000003,344.92354000000006,450.7299999999999,450.17999999999995,107.84000000000002,105.08999999999999,[7]
37400002,O18 Omdeler,U36,foot,TSP,Type 1,92,12,1,4706.299999999999,4483.000000000001,291.50108,293.16279999999995,425.15999999999997,420.48,133.64000000000001,127.29999999999998,[12]
37400002,O18 Omdeler,U36,foot,TSP,Type 2,92,7,1,3798.3,3701.900000000001,317.28828,320.02603999999997,425.15999999999985,425.1600000000001,107.84000000000002,105.08999999999999,[7]
37400002,O18 Omdeler,U37,foot,TSP,Type 1,92,12,1,4706.299999999999,4483.000000000001,221.92108000000005,223.67279999999997,355.58000000000004,350.99000000000007,133.64000000000001,127.29999999999998,[12]
37400002,O18 Omdeler,U37,foot,TSP,Type 2,92,7,1,3798.3,3701.900000000001,247.70828000000003,250.44603999999995,355.5799999999999,355.5800000000001,107.84000000000002,105.08999999999999,[7]
37400002,O18 Omdeler,U38,foot,TSP,Type 1,92,12,1,4706.299999999999,4483.000000000001,368.09108000000003,368.93280000000004,501.7499999999997,496.2499999999997,133.64000000000001,127.29999999999998,[12]
37400002,O18 Omdeler,U38,foot,TSP,Type 2,92,67,1,3798.3,3666.100000000001,393.87828,396.47276000000005,501.7499999999999,500.5899999999997,107.84000000000002,104.07999999999997,[67]
37400002,O18 Omdeler,U39,foot,TSP,Type 1,92,,0,4706.299999999999,4706.299999999999,386.2910800000001,386.2910800000001,519.9500000000002,519.9500000000002,133.64000000000001,133.64000000000001,[]
37400002,O18 Omdeler,U39,foot,TSP,Type 2,92,67,1,3798.3,3666.100000000001,412.07828000000006,415.34276000000006,519.9499999999999,519.4599999999999,107.84000000000002,104.07999999999997,[67]
37400002,SE Omdeler,Gns. Oms,foot,TSP,Type 1,92,12,1,4706.299999999999,4483.000000000001,193.64602000000002,200.38569999999996,450.73,445.2800000000001,256.99999999999994,244.79999999999995,[12]
37400002,SE Omdeler,Gns. Oms,foot,TSP,Type 2,92,"1, 2, 3, 4, 12",5,3798.3,3119.100000000001,243.22281999999998,252.00464,450.7299999999999,422.41999999999996,207.37000000000003,170.31,"[1, 2, 3, 4, 12]"
37400002,SE Omdeler,U36,foot,TSP,Type 1,92,12,1,4706.299999999999,4483.000000000001,168.19601999999998,175.7081999999999,425.15999999999997,420.48,256.99999999999994,244.79999999999995,[12]
37400002,SE Omdeler,U36,foot,TSP,Type 2,92,"1, 2, 3, 4, 12",5,3798.3,3119.100000000001,217.77281999999994,229.13713999999993,425.15999999999985,399.44000000000005,207.37000000000003,170.31,"[1, 2, 3, 4, 12]"
37400002,SE Omdeler,U37,foot,TSP,Type 1,92,"1, 2, 3, 4, 12, 43",6,4706.299999999999,4000.000000000001,98.61602000000005,110.76999999999988,355.58000000000004,329.17,256.99999999999994,218.42999999999995,"[1, 2, 3, 4, 12, 43]"
37400002,SE Omdeler,U37,foot,TSP,Type 2,92,"1, 2, 3, 4, 12",5,3798.3,3119.100000000001,148.19282,163.39713999999998,355.5799999999999,333.70000000000005,207.37000000000003,170.31,"[1, 2, 3, 4, 12]"
37400002,SE Omdeler,U38,foot,TSP,Type 1,92,12,1,4706.299999999999,4483.000000000001,244.78602,251.4782,501.7499999999997,496.2499999999997,256.99999999999994,244.79999999999995,[12]
37400002,SE Omdeler,U38,foot,TSP,Type 2,92,"1, 2, 3, 4, 12",5,3798.3,3119.100000000001,294.36281999999994,301.59713999999997,501.7499999999999,471.89999999999975,207.37000000000003,170.31,"[1, 2, 3, 4, 12]"
37400002,SE Omdeler,U39,foot,TSP,Type 1,92,12,1,4706.299999999999,4483.000000000001,262.98602000000005,268.13819999999987,519.9500000000002,512.9100000000002,256.99999999999994,244.79999999999995,[12]
37400002,SE Omdeler,U39,foot,TSP,Type 2,92,67,1,3798.3,3666.100000000001,312.56282,319.2909399999999,519.9499999999999,519.4599999999999,207.37000000000003,200.16000000000008,[67]
37400002,U18 Omdeler,Gns. Oms,foot,TSP,Type 1,92,,0,4706.299999999999,4706.299999999999,356.06043300000005,356.06043300000005,450.73,450.73,94.57,94.57,[]
37400002,U18 Omdeler,Gns. Oms,foot,TSP,Type 2,92,7,1,3798.3,3701.900000000001,374.302153,375.686329,450.7299999999999,450.17999999999995,76.34,74.39999999999998,[7]
37400002,U18 Omdeler,U36,foot,TSP,Type 1,92,,0,4706.299999999999,4706.299999999999,330.610433,330.610433,425.15999999999997,425.15999999999997,94.57,94.57,[]
37400002,U18 Omdeler,U36,foot,TSP,Type 2,92,7,1,3798.3,3701.900000000001,348.85215299999993,350.7888289999999,425.15999999999985,425.1600000000001,76.34,74.39999999999998,[7]
37400002,U18 Omdeler,U37,foot,TSP,Type 1,92,,0,4706.299999999999,4706.299999999999,261.0304330000001,261.0304330000001,355.58000000000004,355.58000000000004,94.57,94.57,[]
37400002,U18 Omdeler,U37,foot,TSP,Type 2,92,7,1,3798.3,3701.900000000001,279.272153,281.2088289999999,355.5799999999999,355.5800000000001,76.34,74.39999999999998,[7]
37400002,U18 Omdeler,U38,foot,TSP,Type 1,92,,0,4706.299999999999,4706.299999999999,407.20043300000003,407.20043300000003,501.7499999999997,501.7499999999997,94.57,94.57,[]
37400002,U18 Omdeler,U38,foot,TSP,Type 2,92,67,1,3798.3,3666.100000000001,425.44215299999996,426.938051,501.7499999999999,500.5899999999997,76.34,73.67999999999998,[67]
37400002,U18 Omdeler,U39,foot,TSP,Type 1,92,,0,4706.299999999999,4706.299999999999,425.4004330000001,425.4004330000001,519.9500000000002,519.9500000000002,94.57,94.57,[]
37400002,U18 Omdeler,U39,foot,TSP,Type 2,92,67,1,3798.3,3666.100000000001,443.642153,445.808051,519.9499999999999,519.4599999999999,76.34,73.67999999999998,[67]
37400003,O18 Omdeler,Gns. Oms,foot,TSP,Type 1,88,"48, 50, 51, 52, 53",5,3849.0000000000005,3256.4,250.3759,257.16574,359.7499999999999,349.7,109.34999999999998,92.52,"[48, 50, 51, 52, 53]"
37400003,O18 Omdeler,Gns. Oms,foot,TSP,Type 2,88,"48, 50, 51, 52, 53",5,3108.2,2616.5999999999995,271.41462,275.3360600000001,359.74999999999994,349.6999999999999,88.28000000000004,74.31000000000004,"[48, 50, 51, 52, 53]"
37400003,O18 Omdeler,U36,foot,TSP,Type 1,88,"18, 19, 20, 21, 22, 23, 50, 51, 52, 53",10,3849.0000000000005,3139.2999999999997,213.4384,225.42388000000005,322.75,314.58000000000004,109.34999999999998,89.18999999999998,"[18, 19, 20, 21, 22, 23, 50, 51, 52, 53]"
37400003,O18 Omdeler,U36,foot,TSP,Type 2,88,"48, 50, 51, 52, 53",5,3108.2,2616.5999999999995,234.47712,238.98856000000004,322.75,313.30000000000007,88.28000000000004,74.31000000000004,"[48, 50, 51, 52, 53]"
37400003,O18 Omdeler,U37,foot,TSP,Type 1,88,"48, 50, 51, 52, 53",5,3849.0000000000005,3256.4,177.8284,185.39824000000002,287.14000000000016,277.88000000000017,109.34999999999998,92.52,"[48, 50, 51, 52, 53]"
37400003,O18 Omdeler,U37,foot,TSP,Type 2,88,"48, 50, 51, 52, 53",5,3108.2,2616.5999999999995,198.86712,203.56856000000002,287.1400000000001,277.8800000000001,88.28000000000004,74.31000000000004,"[48, 50, 51, 52, 53]"
37400003,O18 Omdeler,U38,foot,TSP,Type 1,88,"18, 19, 20, 21, 22, 23, 50, 51, 52, 53",10,3849.0000000000005,3139.2999999999997,281.97839999999997,294.94388000000004,391.2899999999999,384.0999999999999,109.34999999999998,89.18999999999998,"[18, 19, 20, 21, 22, 23, 50, 51, 52, 53]"
37400003,O18 Omdeler,U38,foot,TSP,Type 2,88,"48, 50, 51, 52",4,3108.2,2840.5,303.01712,310.2498000000001,391.28999999999996,390.91999999999996,88.28000000000004,80.67000000000003,"[48, 50, 51, 52]"
37400003,O18 Omdeler,U39,foot,TSP,Type 1,88,48,1,3849.0000000000005,3739.8,328.25839999999994,330.9896800000001,437.5700000000001,437.2000000000001,109.34999999999998,106.24999999999999,[48]
37400003,O18 Omdeler,U39,foot,TSP,Type 2,88,48,1,3108.2,2999.0000000000005,349.29711999999995,352.02840000000003,437.57000000000016,437.20000000000016,88.28000000000004,85.18000000000005,[48]
37400003,SE Omdeler,Gns. Oms,foot,TSP,Type 1,88,"48, 49, 50, 51, 52, 53, 62, 63",8,3849.0000000000005,2950.3,149.53209999999996,174.45861999999994,359.7499999999999,335.59,210.1900000000001,161.11000000000004,"[48, 49, 50, 51, 52, 53, 62, 63]"
37400003,SE Omdeler,Gns. Oms,foot,TSP,Type 2,88,"48, 50, 51, 52, 53",5,3108.2,2616.5999999999995,189.97978,206.78114000000005,359.74999999999994,349.6999999999999,169.78,142.93,"[48, 50, 51, 52, 53]"
37400003,SE Omdeler,U36,foot,TSP,Type 1,88,"18, 19, 20, 21, 22, 23, 50, 51, 52, 53",10,3849.0000000000005,3139.2999999999997,112.59459999999996,143.17422000000005,322.75,314.58000000000004,210.1900000000001,171.43000000000006,"[18, 19, 20, 21, 22, 23, 50, 51, 52, 53]"
37400003,SE Omdeler,U36,foot,TSP,Type 2,88,"48, 50, 51, 52, 53",5,3108.2,2616.5999999999995,153.04228,170.43364000000003,322.75,313.30000000000007,169.78,142.93,"[48, 50, 51, 52, 53]"
37400003,SE Omdeler,U37,foot,TSP,Type 1,88,"48, 49, 50, 51, 52, 53, 62, 63",8,3849.0000000000005,2950.3,76.98459999999994,106.92362000000003,287.14000000000016,268.01000000000016,210.1900000000001,161.11000000000004,"[48, 49, 50, 51, 52, 53, 62, 63]"
37400003,SE Omdeler,U37,foot,TSP,Type 2,88,"48, 49, 50, 51, 52, 53",6,3108.2,2544.9999999999995,117.43227999999999,135.183,287.1400000000001,274.1400000000001,169.78,139.02000000000007,"[48, 49, 50, 51, 52, 53]"
37400003,SE Omdeler,U38,foot,TSP,Type 1,88,"18, 19, 20, 21, 22, 23, 50, 51, 52, 53",10,3849.0000000000005,3139.2999999999997,181.13459999999992,212.69422000000003,391.2899999999999,384.0999999999999,210.1900000000001,171.43000000000006,"[18, 19, 20, 21, 22, 23, 50, 51, 52, 53]"
37400003,SE Omdeler,U38,foot,TSP,Type 2,88,"48, 50, 51, 52, 53",5,3108.2,2616.5999999999995,221.58227999999997,241.68364000000008,391.28999999999996,384.5499999999999,169.78,142.93,"[48, 50, 51, 52, 53]"
37400003,SE Omdeler,U39,foot,TSP,Type 1,88,"48, 50, 51, 52, 53",5,3849.0000000000005,3256.4,227.4145999999999,245.06055999999995,437.5700000000001,422.86000000000007,210.1900000000001,177.83000000000007,"[48, 50, 51, 52, 53]"
37400003,SE Omdeler,U39,foot,TSP,Type 2,88,"48, 50, 51, 52, 53",5,3108.2,2616.5999999999995,267.86227999999994,279.99363999999997,437.57000000000016,422.8600000000001,169.78,142.93,"[48, 50, 51, 52, 53]"
37400003,U18 Omdeler,Gns. Oms,foot,TSP,Type 1,88,"48, 50, 51, 52, 53",5,3849.0000000000005,3256.4,282.36109,284.226424,359.7499999999999,349.7,77.3,65.39,"[48, 50, 51, 52, 53]"
37400003,U18 Omdeler,Gns. Oms,foot,TSP,Type 2,88,48,1,3108.2,2999.0000000000005,297.243762,298.63509000000005,359.74999999999994,358.94999999999993,62.41000000000001,60.22000000000001,[48]
37400003,U18 Omdeler,U36,foot,TSP,Type 1,88,"18, 19, 20, 21, 22, 23, 50, 51, 52, 53",10,3849.0000000000005,3139.2999999999997,245.42359,251.51146300000005,322.75,314.58000000000004,77.3,63.05,"[18, 19, 20, 21, 22, 23, 50, 51, 52, 53]"
37400003,U18 Omdeler,U36,foot,TSP,Type 2,88,"48, 50, 51, 52",4,3108.2,2840.5,260.306262,261.81435500000003,322.75,318.88000000000005,62.41000000000001,57.04000000000001,"[48, 50, 51, 52]"
37400003,U18 Omdeler,U37,foot,TSP,Type 1,88,"48, 50, 51, 52, 53",5,3849.0000000000005,3256.4,209.81358999999998,212.458924,287.14000000000016,277.88000000000017,77.3,65.39,"[48, 50, 51, 52, 53]"
37400003,U18 Omdeler,U37,foot,TSP,Type 2,88,48,1,3108.2,2999.0000000000005,224.696262,226.5200900000001,287.1400000000001,286.7700000000001,62.41000000000001,60.22000000000001,[48]
37400003,U18 Omdeler,U38,foot,TSP,Type 1,88,"18, 19, 20, 21, 22, 23, 48, 50, 51, 52",10,3849.0000000000005,3355.0,313.96358999999995,322.69805,391.2899999999999,390.0999999999999,77.3,67.38000000000001,"[18, 19, 20, 21, 22, 23, 48, 50, 51, 52]"
37400003,U18 Omdeler,U38,foot,TSP,Type 2,88,"48, 50, 51, 52",4,3108.2,2840.5,328.84626199999997,333.85435500000006,391.28999999999996,390.91999999999996,62.41000000000001,57.04000000000001,"[48, 50, 51, 52]"
37400003,U18 Omdeler,U39,foot,TSP,Type 1,88,48,1,3849.0000000000005,3739.8,360.2435899999999,362.06741800000003,437.5700000000001,437.2000000000001,77.3,75.10000000000001,[48]
37400003,U18 Omdeler,U39,foot,TSP,Type 2,88,48,1,3108.2,2999.0000000000005,375.12626199999994,376.95009000000005,437.57000000000016,437.20000000000016,62.41000000000001,60.22000000000001,[48]
37400004,O18 Omdeler,Gns. Oms,foot,TSP,Type 1,115,"27, 103, 104",3,4287.400000000001,4041.5999999999995,360.57534,364.62106,482.44000000000005,479.50000000000006,121.76000000000003,114.78000000000003,"[27, 103, 104]"
37400004,O18 Omdeler,Gns. Oms,foot,TSP,Type 2,115,27,1,3283.7000000000007,3090.700000000001,389.08041999999995,393.1466199999999,482.43999999999994,481.0199999999999,93.26999999999997,87.77999999999999,[27]
37400004,O18 Omdeler,U36,foot,TSP,Type 1,115,"27, 103, 104",3,4287.400000000001,4041.5999999999995,312.2178399999999,319.19856,433.97999999999996,433.97999999999996,121.76000000000003,114.78000000000003,"[27, 103, 104]"
37400004,O18 Omdeler,U36,foot,TSP,Type 2,115,27,1,3283.7000000000007,3090.700000000001,340.72291999999993,346.20412,433.98,433.98,93.26999999999997,87.77999999999999,[27]
37400004,O18 Omdeler,U37,foot,TSP,Type 1,115,27,1,4287.400000000001,4199.2,272.23784,273.0427200000001,393.99999999999994,392.29999999999995,121.76000000000003,119.26000000000003,[27]
37400004,O18 Omdeler,U37,foot,TSP,Type 2,115,27,1,3283.7000000000007,3090.700000000001,300.74291999999997,304.52412000000004,394.0,392.30000000000007,93.26999999999997,87.77999999999999,[27]
37400004,O18 Omdeler,U38,foot,TSP,Type 1,115,"27, 103, 104, 105",4,4287.400000000001,4015.3999999999996,386.72784,394.4526400000001,508.48999999999955,508.48999999999955,121.76000000000003,114.04000000000002,"[27, 103, 104, 105]"
37400004,O18 Omdeler,U38,foot,TSP,Type 2,115,"4, 27",2,3283.7000000000007,3077.6000000000004,415.23292,421.08616,508.4899999999997,508.48999999999967,93.26999999999997,87.40999999999998,"[4, 27]"
37400004,O18 Omdeler,U39,foot,TSP,Type 1,115,,0,4287.400000000001,4287.400000000001,471.1178400000001,471.1178400000001,592.8800000000003,592.8800000000003,121.76000000000003,121.76000000000003,[]
37400004,O18 Omdeler,U39,foot,TSP,Type 2,115,27,1,3283.7000000000007,3090.700000000001,499.6229200000001,501.14412000000004,592.8800000000005,588.9200000000004,93.26999999999997,87.77999999999999,[27]
37400004,SE Omdeler,Gns. Oms,foot,TSP,Type 1,115,"27, 103, 104",3,4287.400000000001,4041.5999999999995,248.24545999999992,258.73114,482.44000000000005,479.50000000000006,234.10999999999999,220.69999999999996,"[27, 103, 104]"
37400004,SE Omdeler,Gns. Oms,foot,TSP,Type 2,115,27,1,3283.7000000000007,3090.700000000001,303.04747999999995,312.17027999999993,482.43999999999994,481.0199999999999,179.27000000000007,168.73000000000008,[27]
37400004,SE Omdeler,U36,foot,TSP,Type 1,115,"27, 103, 104, 105, 106, 107",6,4287.400000000001,3770.4999999999995,199.8879599999999,215.4407,433.97999999999996,421.31,234.10999999999999,205.9,"[27, 103, 104, 105, 106, 107]"
37400004,SE Omdeler,U36,foot,TSP,Type 2,115,27,1,3283.7000000000007,3090.700000000001,254.6899799999999,265.22777999999994,433.98,433.98,179.27000000000007,168.73000000000008,[27]
37400004,SE Omdeler,U37,foot,TSP,Type 1,115,"103, 104, 106, 107",4,4287.400000000001,3858.7,159.90795999999995,171.74497999999994,393.99999999999994,382.4299999999999,234.10999999999999,210.71,"[103, 104, 106, 107]"
37400004,SE Omdeler,U37,foot,TSP,Type 2,115,27,1,3283.7000000000007,3090.700000000001,214.70997999999994,223.54778,394.0,392.30000000000007,179.27000000000007,168.73000000000008,[27]
37400004,SE Omdeler,U38,foot,TSP,Type 1,115,"27, 103, 104, 105, 106, 107",6,4287.400000000001,3770.4999999999995,274.39795999999996,290.0607,508.48999999999955,495.9299999999996,234.10999999999999,205.9,"[27, 103, 104, 105, 106, 107]"
37400004,SE Omdeler,U38,foot,TSP,Type 2,115,"4, 27",2,3283.7000000000007,3077.6000000000004,329.19998,340.45304,508.4899999999997,508.48999999999967,179.27000000000007,168.02000000000007,"[4, 27]"
37400004,SE Omdeler,U39,foot,TSP,Type 1,115,"106, 107, 114",3,4287.400000000001,3871.4,358.78796000000006,360.68155999999993,592.8800000000003,572.0600000000002,234.10999999999999,211.40000000000003,"[106, 107, 114]"
37400004,SE Omdeler,U39,foot,TSP,Type 2,115,27,1,3283.7000000000007,3090.700000000001,413.5899800000001,420.16778,592.8800000000005,588.9200000000004,179.27000000000007,168.73000000000008,[27]
37400004,U18 Omdeler,Gns. Oms,foot,TSP,Type 1,115,27,1,4287.400000000001,4199.2,396.20363399999997,396.560572,482.44000000000005,481.02000000000004,86.15000000000002,84.38000000000001,[27]
37400004,U18 Omdeler,Gns. Oms,foot,TSP,Type 2,115,27,1,3283.7000000000007,3090.700000000001,416.36796699999996,418.83033699999993,482.43999999999994,481.0199999999999,65.98000000000002,62.099999999999994,[27]
37400004,U18 Omdeler,U36,foot,TSP,Type 1,115,"27, 103, 104",3,4287.400000000001,4041.5999999999995,347.84613399999995,352.784256,433.97999999999996,433.97999999999996,86.15000000000002,81.21000000000001,"[27, 103, 104]"
37400004,U18 Omdeler,U36,foot,TSP,Type 2,115,27,1,3283.7000000000007,3090.700000000001,368.01046699999995,371.887837,433.98,433.98,65.98000000000002,62.099999999999994,[27]
37400004,U18 Omdeler,U37,foot,TSP,Type 1,115,91,1,4287.400000000001,4272.099999999999,307.866134,308.1735110000001,393.99999999999994,393.99999999999994,86.15000000000002,85.84000000000002,[91]
37400004,U18 Omdeler,U37,foot,TSP,Type 2,115,27,1,3283.7000000000007,3090.700000000001,328.030467,330.20783700000004,394.0,392.30000000000007,65.98000000000002,62.099999999999994,[27]
37400004,U18 Omdeler,U38,foot,TSP,Type 1,115,"27, 103, 104, 105",4,4287.400000000001,4015.3999999999996,422.356134,427.8206140000001,508.48999999999955,508.48999999999955,86.15000000000002,80.69,"[27, 103, 104, 105]"
37400004,U18 Omdeler,U38,foot,TSP,Type 2,115,"4, 27",2,3283.7000000000007,3077.6000000000004,442.520467,446.661016,508.4899999999997,508.48999999999967,65.98000000000002,61.849999999999994,"[4, 27]"
37400004,U18 Omdeler,U39,foot,TSP,Type 1,115,,0,4287.400000000001,4287.400000000001,506.7461340000001,506.7461340000001,592.8800000000003,592.8800000000003,86.15000000000002,86.15000000000002,[]
37400004,U18 Omdeler,U39,foot,TSP,Type 2,115,96,1,3283.7000000000007,3235.700000000001,526.9104670000002,527.5047870000002,592.8800000000005,592.5100000000004,65.98000000000002,65.02000000000001,[96]
37400005,O18 Omdeler,Gns. Oms,foot,TSP,Type 1,118,"73, 74, 110",3,5647.599999999998,4844.399999999997,357.7406600000001,372.9440400000001,518.21,510.59999999999997,160.40000000000006,137.59,"[73, 74, 110]"
37400005,O18 Omdeler,Gns. Oms,foot,TSP,Type 2,118,"25, 110",2,4549.199999999999,3960.199999999999,388.9352200000001,398.60282,518.2100000000002,511.15,129.20999999999998,112.47000000000001,"[25, 110]"
37400005,O18 Omdeler,U36,foot,TSP,Type 1,118,"73, 74, 110",3,5647.599999999998,4844.399999999997,321.77816,335.1790400000001,482.17,472.76,160.40000000000006,137.59,"[73, 74, 110]"
37400005,O18 Omdeler,U36,foot,TSP,Type 2,118,"25, 73",2,4549.199999999999,4088.5999999999985,352.97272,361.37376,482.17,477.4900000000001,129.20999999999998,116.11999999999999,"[25, 73]"
37400005,O18 Omdeler,U37,foot,TSP,Type 1,118,"73, 74, 110, 111",4,5647.599999999998,4694.399999999997,258.1981600000001,276.0890400000001,418.5900000000002,409.41000000000014,160.40000000000006,133.33,"[73, 74, 110, 111]"
37400005,O18 Omdeler,U37,foot,TSP,Type 2,118,"25, 110",2,4549.199999999999,3960.199999999999,289.39272000000005,301.5303200000001,418.5900000000001,414.0000000000001,129.20999999999998,112.47000000000001,"[25, 110]"
37400005,O18 Omdeler,U38,foot,TSP,Type 1,118,"73, 74, 110",3,5647.599999999998,4844.399999999997,388.48816000000005,405.79903999999993,548.8799999999997,543.3799999999997,160.40000000000006,137.59,"[73, 74, 110]"
37400005,O18 Omdeler,U38,foot,TSP,Type 2,118,"25, 110",2,4549.199999999999,3960.199999999999,419.68272,430.91032,548.8799999999995,543.3799999999998,129.20999999999998,112.47000000000001,"[25, 110]"
37400005,O18 Omdeler,U39,foot,TSP,Type 1,118,"73, 74, 110",3,5647.599999999998,4844.399999999997,462.49816000000004,475.2290400000001,622.8900000000003,612.8100000000003,160.40000000000006,137.59,"[73, 74, 110]"
37400005,O18 Omdeler,U39,foot,TSP,Type 2,118,"25, 110",2,4549.199999999999,3960.199999999999,493.69272,501.68032,622.8900000000004,614.1500000000002,129.20999999999998,112.47000000000001,"[25, 110]"
37400005,SE Omdeler,Gns. Oms,foot,TSP,Type 1,118,"73, 74, 110, 111",4,5647.599999999998,4694.399999999997,209.77354000000014,249.20076000000012,518.21,505.59,308.35,256.3,"[73, 74, 110, 111]"
37400005,SE Omdeler,Gns. Oms,foot,TSP,Type 2,118,"25, 110",2,4549.199999999999,3960.199999999999,269.7461800000001,294.84558000000004,518.2100000000002,511.15,248.38000000000002,216.2199999999999,"[25, 110]"
37400005,SE Omdeler,U36,foot,TSP,Type 1,118,"73, 74, 110, 111",4,5647.599999999998,4694.399999999997,173.81104000000005,211.76576000000017,482.17,468.08,308.35,256.3,"[73, 74, 110, 111]"
37400005,SE Omdeler,U36,foot,TSP,Type 2,118,"25, 110",2,4549.199999999999,3960.199999999999,233.78368,256.53308,482.17,472.7600000000001,248.38000000000002,216.2199999999999,"[25, 110]"
37400005,SE Omdeler,U37,foot,TSP,Type 1,118,"73, 74, 110, 111, 112, 113",6,5647.599999999998,4528.599999999998,110.23104000000012,154.6684400000001,418.5900000000002,401.9300000000001,308.35,247.23999999999998,"[73, 74, 110, 111, 112, 113]"
37400005,SE Omdeler,U37,foot,TSP,Type 2,118,"25, 110",2,4549.199999999999,3960.199999999999,170.20368000000008,197.7730800000001,418.5900000000001,414.0000000000001,248.38000000000002,216.2199999999999,"[25, 110]"
37400005,SE Omdeler,U38,foot,TSP,Type 1,118,"73, 74, 106, 107, 108, 109, 110",7,5647.599999999998,4443.399999999997,240.52104000000008,283.4903600000001,548.8799999999997,526.0999999999997,308.35,242.60000000000002,"[73, 74, 106, 107, 108, 109, 110]"
37400005,SE Omdeler,U38,foot,TSP,Type 2,118,"25, 110",2,4549.199999999999,3960.199999999999,300.49368000000004,327.15308000000005,548.8799999999995,543.3799999999998,248.38000000000002,216.2199999999999,"[25, 110]"
37400005,SE Omdeler,U39,foot,TSP,Type 1,118,"73, 74, 110, 111",4,5647.599999999998,4694.399999999997,314.5310400000001,350.3757600000002,622.8900000000003,606.6900000000003,308.35,256.3,"[73, 74, 110, 111]"
37400005,SE Omdeler,U39,foot,TSP,Type 2,118,"25, 110",2,4549.199999999999,3960.199999999999,374.50368000000003,397.92308,622.8900000000004,614.1500000000002,248.38000000000002,216.2199999999999,"[25, 110]"
37400005,U18 Omdeler,Gns. Oms,foot,TSP,Type 1,118,"73, 74, 110",3,5647.599999999998,4844.399999999997,404.6722160000001,413.2010040000001,518.21,510.59999999999997,113.49000000000001,97.36,"[73, 74, 110]"
37400005,U18 Omdeler,Gns. Oms,foot,TSP,Type 2,118,"25, 110",2,4549.199999999999,3960.199999999999,426.7390720000001,431.512082,518.2100000000002,511.15,91.43999999999998,79.57000000000002,"[25, 110]"
37400005,U18 Omdeler,U36,foot,TSP,Type 1,118,"65, 73, 74",3,5647.599999999998,5029.999999999997,368.709716,376.43730000000005,482.17,477.49,113.49000000000001,101.07999999999998,"[65, 73, 74]"
37400005,U18 Omdeler,U36,foot,TSP,Type 2,118,"25, 73",2,4549.199999999999,4088.5999999999985,390.776572,395.350026,482.17,477.4900000000001,91.43999999999998,82.14000000000003,"[25, 73]"
37400005,U18 Omdeler,U37,foot,TSP,Type 1,118,"73, 74, 110",3,5647.599999999998,4844.399999999997,305.1297160000001,315.8260040000001,418.5900000000002,413.15000000000015,113.49000000000001,97.36,"[73, 74, 110]"
37400005,U18 Omdeler,U37,foot,TSP,Type 2,118,"25, 110",2,4549.199999999999,3960.199999999999,327.19657200000006,334.4395820000001,418.5900000000001,414.0000000000001,91.43999999999998,79.57000000000002,"[25, 110]"
37400005,U18 Omdeler,U38,foot,TSP,Type 1,118,"73, 106, 110",3,5647.599999999998,5090.899999999996,435.41971600000005,446.6038190000001,548.8799999999997,548.8799999999997,113.49000000000001,102.32000000000002,"[73, 106, 110]"
37400005,U18 Omdeler,U38,foot,TSP,Type 2,118,"73, 110",2,4549.199999999999,4186.699999999999,457.486572,464.769197,548.8799999999995,548.8799999999998,91.43999999999998,84.16000000000003,"[73, 110]"
37400005,U18 Omdeler,U39,foot,TSP,Type 1,118,"73, 74, 110",3,5647.599999999998,4844.399999999997,509.42971600000004,515.4860040000001,622.8900000000003,612.8100000000003,113.49000000000001,97.36,"[73, 74, 110]"
37400005,U18 Omdeler,U39,foot,TSP,Type 2,118,"73, 110",2,4549.199999999999,4186.699999999999,531.496572,534.8191970000001,622.8900000000004,618.9300000000004,91.43999999999998,84.16000000000003,"[73, 110]"
37400006,O18 Omdeler,Gns. Oms,foot,TSP,Type 1,82,,0,3485.4000000000005,3485.4000000000005,328.71964,328.71964,427.8800000000002,427.8800000000002,98.99,98.99,[]
37400006,O18 Omdeler,Gns. Oms,foot,TSP,Type 2,82,,0,2701.0000000000005,2701.0000000000005,350.99660000000006,350.99660000000006,427.88,427.88,76.7,76.7,[]
37400006,O18 Omdeler,U36,foot,TSP,Type 1,82,18,1,3485.4000000000005,3316.000000000001,295.51464,295.6456,394.4999999999999,389.8199999999998,98.99,94.17999999999999,[18]
37400006,O18 Omdeler,U36,foot,TSP,Type 2,82,,0,2701.0000000000005,2701.0000000000005,317.7916,317.7916,394.49999999999994,394.49999999999994,76.7,76.7,[]
37400006,O18 Omdeler,U37,foot,TSP,Type 1,82,18,1,3485.4000000000005,3316.000000000001,253.15463999999997,254.22559999999996,352.1399999999999,348.3999999999999,98.99,94.17999999999999,[18]
37400006,O18 Omdeler,U37,foot,TSP,Type 2,82,,0,2701.0000000000005,2701.0000000000005,275.4316,275.4316,352.14000000000004,352.14000000000004,76.7,76.7,[]
37400006,O18 Omdeler,U38,foot,TSP,Type 1,82,,0,3485.4000000000005,3485.4000000000005,366.62464,366.62464,465.6099999999996,465.6099999999996,98.99,98.99,[]
37400006,O18 Omdeler,U38,foot,TSP,Type 2,82,,0,2701.0000000000005,2701.0000000000005,388.90160000000003,388.90160000000003,465.60999999999956,465.60999999999956,76.7,76.7,[]
37400006,O18 Omdeler,U39,foot,TSP,Type 1,82,47,1,3485.4000000000005,3485.4000000000005,399.5846399999999,399.58464,498.57,498.57,98.99,98.99,[47]
37400006,O18 Omdeler,U39,foot,TSP,Type 2,82,47,1,2701.0000000000005,2701.0000000000005,421.86159999999995,421.8616,498.57,498.57,76.7,76.7,[47]
37400006,SE Omdeler,Gns. Oms,foot,TSP,Type 1,82,18,1,3485.4000000000005,3316.000000000001,237.40216,241.64139999999995,427.8800000000002,422.8700000000002,190.28,181.04,[18]
37400006,SE Omdeler,Gns. Oms,foot,TSP,Type 2,82,,0,2701.0000000000005,2701.0000000000005,280.23040000000003,280.23040000000003,427.88,427.88,147.46000000000004,147.46000000000004,[]
37400006,SE Omdeler,U36,foot,TSP,Type 1,82,18,1,3485.4000000000005,3316.000000000001,204.19715999999997,208.7664,394.4999999999999,389.8199999999998,190.28,181.04,[18]
37400006,SE Omdeler,U36,foot,TSP,Type 2,82,,0,2701.0000000000005,2701.0000000000005,247.02539999999996,247.02539999999996,394.49999999999994,394.49999999999994,147.46000000000004,147.46000000000004,[]
37400006,SE Omdeler,U37,foot,TSP,Type 1,82,18,1,3485.4000000000005,3316.000000000001,161.83715999999995,167.34639999999993,352.1399999999999,348.3999999999999,190.28,181.04,[18]
37400006,SE Omdeler,U37,foot,TSP,Type 2,82,,0,2701.0000000000005,2701.0000000000005,204.66539999999995,204.66539999999995,352.14000000000004,352.14000000000004,147.46000000000004,147.46000000000004,[]
37400006,SE Omdeler,U38,foot,TSP,Type 1,82,18,1,3485.4000000000005,3316.000000000001,275.30715999999995,279.05639999999994,465.6099999999996,460.1099999999996,190.28,181.04,[18]
37400006,SE Omdeler,U38,foot,TSP,Type 2,82,37,1,2701.0000000000005,2644.4000000000005,318.1354,319.58576,465.60999999999956,463.9699999999996,147.46000000000004,144.37000000000003,[37]
37400006,SE Omdeler,U39,foot,TSP,Type 1,82,18,1,3485.4000000000005,3316.000000000001,308.2671599999999,311.3963999999999,498.57,492.45,190.28,181.04,[18]
37400006,SE Omdeler,U39,foot,TSP,Type 2,82,37,1,2701.0000000000005,2644.4000000000005,351.0953999999999,352.4457599999999,498.57,496.83,147.46000000000004,144.37000000000003,[37]
37400006,U18 Omdeler,Gns. Oms,foot,TSP,Type 1,82,,0,3485.4000000000005,3485.4000000000005,357.683314,357.683314,427.8800000000002,427.8800000000002,69.97999999999996,69.97999999999996,[]
37400006,U18 Omdeler,Gns. Oms,foot,TSP,Type 2,82,,0,2701.0000000000005,2701.0000000000005,373.44191,373.44191,427.88,427.88,54.24999999999998,54.24999999999998,[]
37400006,U18 Omdeler,U36,foot,TSP,Type 1,82,,0,3485.4000000000005,3485.4000000000005,324.47831399999995,324.47831399999995,394.4999999999999,394.4999999999999,69.97999999999996,69.97999999999996,[]
37400006,U18 Omdeler,U36,foot,TSP,Type 2,82,,0,2701.0000000000005,2701.0000000000005,340.23690999999997,340.23690999999997,394.49999999999994,394.49999999999994,54.24999999999998,54.24999999999998,[]
37400006,U18 Omdeler,U37,foot,TSP,Type 1,82,,0,3485.4000000000005,3485.4000000000005,282.11831399999994,282.11831399999994,352.1399999999999,352.1399999999999,69.97999999999996,69.97999999999996,[]
37400006,U18 Omdeler,U37,foot,TSP,Type 2,82,,0,2701.0000000000005,2701.0000000000005,297.87690999999995,297.87690999999995,352.14000000000004,352.14000000000004,54.24999999999998,54.24999999999998,[]
37400006,U18 Omdeler,U38,foot,TSP,Type 1,82,,0,3485.4000000000005,3485.4000000000005,395.58831399999997,395.58831399999997,465.6099999999996,465.6099999999996,69.97999999999996,69.97999999999996,[]
37400006,U18 Omdeler,U38,foot,TSP,Type 2,82,,0,2701.0000000000005,2701.0000000000005,411.34691,411.34691,465.60999999999956,465.60999999999956,54.24999999999998,54.24999999999998,[]
37400006,U18 Omdeler,U39,foot,TSP,Type 1,82,47,1,3485.4000000000005,3485.4000000000005,428.5483139999999,428.54831399999995,498.57,498.57,69.97999999999996,69.97999999999998,[47]
37400006,U18 Omdeler,U39,foot,TSP,Type 2,82,47,1,2701.0000000000005,2701.0000000000005,444.3069099999999,444.30690999999996,498.57,498.57,54.24999999999998,54.24999999999998,[47]
37400007,O18 Omdeler,Gns. Oms,foot,TSP,Type 1,60,12,1,3169.6999999999994,3067.7999999999997,198.50802000000004,201.03198000000003,288.5999999999999,288.22999999999996,90.01000000000003,87.12000000000002,[12]
37400007,O18 Omdeler,Gns. Oms,foot,TSP,Type 2,60,12,1,2736.199999999999,2634.3000000000006,210.81942000000006,213.34338000000002,288.5999999999999,288.23,77.69,74.78999999999999,[12]
37400007,O18 Omdeler,U36,foot,TSP,Type 1,60,"12, 14, 15, 16, 17",5,3169.6999999999994,2425.7,181.27052000000003,184.26012,271.29,253.15000000000006,90.01000000000003,68.88000000000001,"[12, 14, 15, 16, 17]"
37400007,O18 Omdeler,U36,foot,TSP,Type 2,60,12,1,2736.199999999999,2634.3000000000006,193.58192000000005,196.10587999999996,271.2900000000001,270.92,77.69,74.78999999999999,[12]
37400007,O18 Omdeler,U37,foot,TSP,Type 1,60,"12, 14, 15, 16, 17",5,3169.6999999999994,2425.7,132.22052000000002,138.07012,222.2400000000001,206.9600000000001,90.01000000000003,68.88000000000001,"[12, 14, 15, 16, 17]"
37400007,O18 Omdeler,U37,foot,TSP,Type 2,60,"14, 15, 16, 17",4,2736.199999999999,2094.2000000000003,144.53192000000004,147.85472000000001,222.24000000000007,207.33000000000004,77.69,59.440000000000005,"[14, 15, 16, 17]"
37400007,O18 Omdeler,U38,foot,TSP,Type 1,60,12,1,3169.6999999999994,3067.7999999999997,219.12052,221.64448,309.13999999999993,308.7699999999999,90.01000000000003,87.12000000000002,[12]
37400007,O18 Omdeler,U38,foot,TSP,Type 2,60,12,1,2736.199999999999,2634.3000000000006,231.43192000000002,233.95587999999998,309.14,308.76999999999987,77.69,74.78999999999999,[12]
37400007,O18 Omdeler,U39,foot,TSP,Type 1,60,12,1,3169.6999999999994,3067.7999999999997,261.42052,263.94448,351.4400000000001,351.0700000000001,90.01000000000003,87.12000000000002,[12]
37400007,O18 Omdeler,U39,foot,TSP,Type 2,60,12,1,2736.199999999999,2634.3000000000006,273.73192000000006,276.25588,351.4400000000001,351.07000000000005,77.69,74.78999999999999,[12]
37400007,SE Omdeler,Gns. Oms,foot,TSP,Type 1,60,"12, 14, 15, 16, 17",5,3169.6999999999994,2425.7,115.46188000000006,136.90677999999997,288.5999999999999,269.40999999999985,173.03999999999996,132.41999999999996,"[12, 14, 15, 16, 17]"
37400007,SE Omdeler,Gns. Oms,foot,TSP,Type 2,60,"14, 15, 16, 17",4,2736.199999999999,2094.2000000000003,139.13098000000008,155.37668,288.5999999999999,269.7799999999999,149.40999999999997,114.34999999999998,"[14, 15, 16, 17]"
37400007,SE Omdeler,U36,foot,TSP,Type 1,60,"12, 14, 15, 16, 17",5,3169.6999999999994,2425.7,98.22438000000005,120.70678000000001,271.29,253.15000000000006,173.03999999999996,132.41999999999996,"[12, 14, 15, 16, 17]"
37400007,SE Omdeler,U36,foot,TSP,Type 2,60,"13, 14, 15, 16, 17, 18, 19",7,2736.199999999999,1850.5,121.89348000000007,139.19269999999997,271.2900000000001,240.23000000000008,149.40999999999997,101.04999999999998,"[13, 14, 15, 16, 17, 18, 19]"
37400007,SE Omdeler,U37,foot,TSP,Type 1,60,"12, 14, 15, 16, 17",5,3169.6999999999994,2425.7,49.17438000000004,74.51678000000001,222.2400000000001,206.9600000000001,173.03999999999996,132.41999999999996,"[12, 14, 15, 16, 17]"
37400007,SE Omdeler,U37,foot,TSP,Type 2,60,"13, 14, 15, 16, 17, 18, 19",7,2736.199999999999,1850.5,72.84348000000006,94.93270000000001,222.24000000000007,195.97000000000006,149.40999999999997,101.04999999999998,"[13, 14, 15, 16, 17, 18, 19]"
37400007,SE Omdeler,U38,foot,TSP,Type 1,60,"12, 14, 15, 16, 17",5,3169.6999999999994,2425.7,136.07438000000002,156.09677999999997,309.13999999999993,288.53999999999996,173.03999999999996,132.41999999999996,"[12, 14, 15, 16, 17]"
37400007,SE Omdeler,U38,foot,TSP,Type 2,60,"14, 15, 16, 17",4,2736.199999999999,2094.2000000000003,159.74348000000003,174.56668,309.14,288.90999999999997,149.40999999999997,114.34999999999998,"[14, 15, 16, 17]"
37400007,SE Omdeler,U39,foot,TSP,Type 1,60,"12, 14, 15, 16, 17",5,3169.6999999999994,2425.7,178.37438000000003,196.30678,351.4400000000001,328.75000000000006,173.03999999999996,132.41999999999996,"[12, 14, 15, 16, 17]"
37400007,SE Omdeler,U39,foot,TSP,Type 2,60,"14, 15, 16, 17",4,2736.199999999999,2094.2000000000003,202.04348000000005,214.77667999999997,351.4400000000001,329.1200000000001,149.40999999999997,114.34999999999998,"[14, 15, 16, 17]"
37400007,U18 Omdeler,Gns. Oms,foot,TSP,Type 1,60,12,1,3169.6999999999994,3067.7999999999997,224.84822700000004,226.52539800000002,288.5999999999999,288.22999999999996,63.669999999999995,61.629999999999995,[12]
37400007,U18 Omdeler,Gns. Oms,foot,TSP,Type 2,60,12,1,2736.199999999999,2634.3000000000006,233.55724200000006,235.23441300000002,288.5999999999999,288.23,54.93999999999998,52.89000000000001,[12]
37400007,U18 Omdeler,U36,foot,TSP,Type 1,60,51,1,3169.6999999999994,3080.899999999999,207.61072700000003,209.39471899999998,271.29,271.29,63.669999999999995,61.88999999999999,[51]
37400007,U18 Omdeler,U36,foot,TSP,Type 2,60,12,1,2736.199999999999,2634.3000000000006,216.31974200000005,217.99691299999995,271.2900000000001,270.92,54.93999999999998,52.89000000000001,[12]
37400007,U18 Omdeler,U37,foot,TSP,Type 1,60,12,1,3169.6999999999994,3067.7999999999997,158.560727,160.237898,222.2400000000001,221.8700000000001,63.669999999999995,61.629999999999995,[12]
37400007,U18 Omdeler,U37,foot,TSP,Type 2,60,12,1,2736.199999999999,2634.3000000000006,167.26974200000004,168.946913,222.24000000000007,221.87000000000006,54.93999999999998,52.89000000000001,[12]
37400007,U18 Omdeler,U38,foot,TSP,Type 1,60,51,1,3169.6999999999994,3080.899999999999,245.460727,247.244719,309.13999999999993,309.13999999999993,63.669999999999995,61.88999999999999,[51]
37400007,U18 Omdeler,U38,foot,TSP,Type 2,60,12,1,2736.199999999999,2634.3000000000006,254.169742,255.84691299999997,309.14,308.76999999999987,54.93999999999998,52.89000000000001,[12]
37400007,U18 Omdeler,U39,foot,TSP,Type 1,60,12,1,3169.6999999999994,3067.7999999999997,287.76072700000003,289.437898,351.4400000000001,351.0700000000001,63.669999999999995,61.629999999999995,[12]
37400007,U18 Omdeler,U39,foot,TSP,Type 2,60,12,1,2736.199999999999,2634.3000000000006,296.469742,298.146913,351.4400000000001,351.07000000000005,54.93999999999998,52.89000000000001,[12]
37400500,O18 Omdeler,Gns. Oms,car,HPP,Type 1,75,"1, 2, 4, 54, 55",5,2724.7,2002.9,302.660332,315.835624,409.97,394.69,107.48,79.0,"[1, 2, 4, 54, 55]"
37400500,O18 Omdeler,Gns. Oms,car,HPP,Type 2,75,4,1,2675.600000000001,2523.4000000000005,304.59683599999994,308.364604,409.9700000000001,407.74000000000007,105.49000000000001,99.48000000000002,[4]
37400500,O18 Omdeler,U36,car,HPP,Type 1,75,"1, 2, 4, 54, 55",5,2724.7,2002.9,268.857832,283.4156239999999,376.3199999999998,362.4099999999998,107.48,79.0,"[1, 2, 4, 54, 55]"
37400500,O18 Omdeler,U36,car,HPP,Type 2,75,"63, 64, 65",3,2675.600000000001,2427.4000000000005,270.79433599999993,277.483344,376.3199999999998,373.2199999999998,105.49000000000001,95.71000000000002,"[63, 64, 65]"
37400500,O18 Omdeler,U37,car,HPP,Type 1,75,"1, 2, 4, 54, 55",5,2724.7,2002.9,222.02783199999993,237.8556239999999,329.4899999999999,316.8499999999999,107.48,79.0,"[1, 2, 4, 54, 55]"
37400500,O18 Omdeler,U37,car,HPP,Type 2,75,"63, 64, 65",3,2675.600000000001,2427.4000000000005,223.96433599999992,230.65334399999998,329.48999999999984,326.3899999999999,105.49000000000001,95.71000000000002,"[63, 64, 65]"
37400500,O18 Omdeler,U38,car,HPP,Type 1,75,"1, 2, 4, 54, 55",5,2724.7,2002.9,337.14783199999994,349.88562399999995,444.61000000000007,428.88000000000005,107.48,79.0,"[1, 2, 4, 54, 55]"
37400500,O18 Omdeler,U38,car,HPP,Type 2,75,4,1,2675.600000000001,2523.4000000000005,339.0843359999999,342.8771039999999,444.6100000000002,442.4000000000002,105.49000000000001,99.48000000000002,[4]
37400500,O18 Omdeler,U39,car,HPP,Type 1,75,"1, 2, 4, 54, 55",5,2724.7,2002.9,382.607832,392.18562399999996,490.06999999999977,471.1799999999997,107.48,79.0,"[1, 2, 4, 54, 55]"
37400500,O18 Omdeler,U39,car,HPP,Type 2,75,"63, 64, 65",3,2675.600000000001,2427.4000000000005,384.54433599999993,391.083344,490.06999999999994,486.81999999999977,105.49000000000001,95.71000000000002,"[63, 64, 65]"
37400500,SE Omdeler,Gns. Oms,car,HPP,Type 1,75,"1, 2, 4, 54, 55",5,2724.7,2002.9,203.50849900000003,242.95009300000004,409.97,394.69,206.59000000000003,151.88000000000002,"[1, 2, 4, 54, 55]"
37400500,SE Omdeler,Gns. Oms,car,HPP,Type 2,75,"1, 2, 6, 54, 55, 56",6,2675.600000000001,2111.5,207.23175199999994,228.86745500000006,409.9700000000001,388.8400000000001,202.90999999999997,160.15,"[1, 2, 6, 54, 55, 56]"
37400500,SE Omdeler,U36,car,HPP,Type 1,75,"1, 2, 4, 54, 55",5,2724.7,2002.9,169.70599900000002,210.53009299999997,376.3199999999998,362.4099999999998,206.59000000000003,151.88000000000002,"[1, 2, 4, 54, 55]"
37400500,SE Omdeler,U36,car,HPP,Type 2,75,"1, 2, 6, 7, 8, 9, 10, 54, 55, 56",10,2675.600000000001,1772.5000000000002,173.42925199999993,209.36132499999997,376.3199999999998,343.76999999999987,202.90999999999997,134.44000000000005,"[1, 2, 6, 7, 8, 9, 10, 54, 55, 56]"
37400500,SE Omdeler,U37,car,HPP,Type 1,75,"1, 2, 4, 53, 54, 55",6,2724.7,1932.0,122.87599899999998,166.00643999999994,329.4899999999999,312.50999999999993,206.59000000000003,146.5,"[1, 2, 4, 53, 54, 55]"
37400500,SE Omdeler,U37,car,HPP,Type 2,75,"1, 2, 6, 7, 8, 9, 10, 54, 55, 56",10,2675.600000000001,1772.5000000000002,126.5992519999999,163.97132499999998,329.48999999999984,298.37999999999994,202.90999999999997,134.44000000000005,"[1, 2, 6, 7, 8, 9, 10, 54, 55, 56]"
37400500,SE Omdeler,U38,car,HPP,Type 1,75,"1, 2, 4, 54, 55",5,2724.7,2002.9,237.99599899999998,277.000093,444.61000000000007,428.88000000000005,206.59000000000003,151.88000000000002,"[1, 2, 4, 54, 55]"
37400500,SE Omdeler,U38,car,HPP,Type 2,75,"1, 2, 6, 54, 55, 56",6,2675.600000000001,2111.5,241.7192519999999,262.25495499999994,444.6100000000002,422.3700000000002,202.90999999999997,160.15,"[1, 2, 6, 54, 55, 56]"
37400500,SE Omdeler,U39,car,HPP,Type 1,75,"1, 2, 4, 54, 55",5,2724.7,2002.9,283.455999,319.300093,490.06999999999977,471.1799999999997,206.59000000000003,151.88000000000002,"[1, 2, 4, 54, 55]"
37400500,SE Omdeler,U39,car,HPP,Type 2,75,"1, 2, 6, 54, 55, 56",6,2675.600000000001,2111.5,287.1792519999999,304.76495500000004,490.06999999999994,464.88,202.90999999999997,160.15,"[1, 2, 6, 54, 55, 56]"
37400501,O18 Omdeler,Gns. Oms,car,HPP,Type 1,94,"33, 58, 69",3,4514.5,3833.2999999999993,377.1931199999999,388.6621479999999,555.09,539.69,178.04,151.17999999999998,"[33, 58, 69]"
37400501,O18 Omdeler,Gns. Oms,car,HPP,Type 2,94,33,1,4369.300000000001,3988.999999999999,382.9198079999999,396.7913399999999,555.0900000000001,553.9600000000002,172.36000000000004,157.36000000000013,[33]
37400501,O18 Omdeler,U36,car,HPP,Type 1,94,"33, 58, 69",3,4514.5,3833.2999999999993,332.27811999999994,344.734648,510.32999999999987,495.9199999999999,178.04,151.17999999999998,"[33, 58, 69]"
37400501,O18 Omdeler,U36,car,HPP,Type 2,94,"23, 33",2,4369.300000000001,3752.9999999999986,338.0048079999999,354.15168000000006,510.3299999999999,502.1699999999999,172.36000000000004,148.04000000000008,"[23, 33]"
37400501,O18 Omdeler,U37,car,HPP,Type 1,94,"33, 58, 69",3,4514.5,3833.2999999999993,273.3181199999999,287.7546479999999,451.3699999999995,438.9399999999995,178.04,151.17999999999998,"[33, 58, 69]"
37400501,O18 Omdeler,U37,car,HPP,Type 2,94,33,1,4369.300000000001,3988.999999999999,279.0448079999999,293.1338399999999,451.3699999999997,450.45999999999964,172.36000000000004,157.36000000000013,[33]
37400501,O18 Omdeler,U38,car,HPP,Type 1,94,"33, 58, 69",3,4514.5,3833.2999999999993,418.66811999999993,428.474648,596.7199999999998,579.66,178.04,151.17999999999998,"[33, 58, 69]"
37400501,O18 Omdeler,U38,car,HPP,Type 2,94,"23, 33",2,4369.300000000001,3752.9999999999986,424.3948079999999,438.82168,596.7199999999997,586.8399999999999,172.36000000000004,148.04000000000008,"[23, 33]"
37400501,O18 Omdeler,U39,car,HPP,Type 1,94,"33, 58, 69",3,4514.5,3833.2999999999993,484.50811999999996,493.68464800000004,662.5599999999994,644.8699999999993,178.04,151.17999999999998,"[33, 58, 69]"
37400501,O18 Omdeler,U39,car,HPP,Type 2,94,33,1,4369.300000000001,3988.999999999999,490.23480799999993,504.27383999999995,662.5599999999998,661.5999999999999,172.36000000000004,157.36000000000013,[33]
37400501,SE Omdeler,Gns. Oms,car,HPP,Type 1,94,"23, 43, 44, 58, 69",5,4514.5,3404.999999999999,212.91046499999993,259.3438500000001,555.09,517.4000000000001,342.33000000000004,258.2000000000001,"[23, 43, 44, 58, 69]"
37400501,SE Omdeler,Gns. Oms,car,HPP,Type 2,94,"21, 22, 23, 33",4,4369.300000000001,3526.800000000001,223.9209809999998,263.5527559999998,555.0900000000001,530.8399999999998,331.29999999999995,267.43000000000006,"[21, 22, 23, 33]"
37400501,SE Omdeler,U36,car,HPP,Type 1,94,"23, 43, 44, 58, 69",5,4514.5,3404.999999999999,167.99546500000002,218.7488500000001,510.32999999999987,476.9499999999999,342.33000000000004,258.2000000000001,"[23, 43, 44, 58, 69]"
37400501,SE Omdeler,U36,car,HPP,Type 2,94,"20, 21, 22, 23, 33",5,4369.300000000001,3439.800000000001,179.0059809999999,222.18996599999994,510.3299999999999,483.0299999999999,331.29999999999995,260.83000000000004,"[20, 21, 22, 23, 33]"
37400501,SE Omdeler,U37,car,HPP,Type 1,94,"21, 22, 43, 44, 58, 69",6,4514.5,3392.499999999999,109.03546499999999,160.2167250000001,451.3699999999995,417.4699999999995,342.33000000000004,257.2600000000001,"[21, 22, 43, 44, 58, 69]"
37400501,SE Omdeler,U37,car,HPP,Type 2,94,"20, 21, 22, 23, 33",5,4369.300000000001,3439.800000000001,120.04598099999987,160.94996599999988,451.3699999999997,421.7899999999999,331.29999999999995,260.83000000000004,"[20, 21, 22, 23, 33]"
37400501,SE Omdeler,U38,car,HPP,Type 1,94,"23, 43, 44, 58, 69",5,4514.5,3404.999999999999,254.38546499999995,300.5888500000001,596.7199999999998,558.7900000000001,342.33000000000004,258.2000000000001,"[23, 43, 44, 58, 69]"
37400501,SE Omdeler,U38,car,HPP,Type 2,94,"21, 22, 23, 33",4,4369.300000000001,3526.800000000001,265.39598099999984,304.8627559999999,596.7199999999997,572.3000000000001,331.29999999999995,267.43000000000006,"[21, 22, 23, 33]"
37400501,SE Omdeler,U39,car,HPP,Type 1,94,"23, 43, 44, 58, 69",5,4514.5,3404.999999999999,320.225465,360.2388500000003,662.5599999999994,618.4399999999994,342.33000000000004,258.2000000000001,"[23, 43, 44, 58, 69]"
37400501,SE Omdeler,U39,car,HPP,Type 2,94,"22, 23, 33",3,4369.300000000001,3629.400000000001,331.23598099999987,367.7625979999999,662.5599999999998,642.9799999999997,331.29999999999995,275.21000000000004,"[22, 23, 33]"
37510001,O18 Omdeler,Gns. Oms,foot,TSP,Type 1,104,,0,5676.4,5676.4,406.69774000000007,406.69774000000007,567.9299999999997,567.9299999999997,161.20999999999995,161.20999999999995,[]
37510001,O18 Omdeler,Gns. Oms,foot,TSP,Type 2,104,,0,5057.299999999998,5057.299999999998,424.2801800000001,424.2801800000001,567.9299999999996,567.9299999999996,143.64,143.64,[]
37510001,O18 Omdeler,U36,foot,TSP,Type 1,104,99,1,5676.4,5676.4,368.2402400000001,368.2402400000003,529.4500000000002,529.4500000000002,161.20999999999995,161.20999999999995,[99]
37510001,O18 Omdeler,U36,foot,TSP,Type 2,104,99,1,5057.299999999998,5057.299999999998,385.8226800000001,385.82268000000033,529.4500000000004,529.4500000000004,143.64,143.64,[99]
37510001,O18 Omdeler,U37,foot,TSP,Type 1,104,,0,5676.4,5676.4,285.04024000000004,285.04024000000004,446.24999999999943,446.24999999999943,161.20999999999995,161.20999999999995,[]
37510001,O18 Omdeler,U37,foot,TSP,Type 2,104,,0,5057.299999999998,5057.299999999998,302.62268000000006,302.62268000000006,446.2499999999994,446.2499999999994,143.64,143.64,[]
37510001,O18 Omdeler,U38,foot,TSP,Type 1,104,,0,5676.4,5676.4,454.27024000000006,454.27024000000006,615.4800000000006,615.4800000000006,161.20999999999995,161.20999999999995,[]
37510001,O18 Omdeler,U38,foot,TSP,Type 2,104,,0,5057.299999999998,5057.299999999998,471.8526800000001,471.8526800000001,615.4800000000005,615.4800000000005,143.64,143.64,[]
37510001,O18 Omdeler,U39,foot,TSP,Type 1,104,,0,5676.4,5676.4,519.2402400000001,519.2402400000001,680.4500000000008,680.4500000000008,161.20999999999995,161.20999999999995,[]
37510001,O18 Omdeler,U39,foot,TSP,Type 2,104,,0,5057.299999999998,5057.299999999998,536.8226800000001,536.8226800000001,680.4500000000004,680.4500000000004,143.64,143.64,[]
37510001,SE Omdeler,Gns. Oms,foot,TSP,Type 1,104,"60, 61, 62, 63, 91, 92, 93, 94",8,5676.4,4718.6,257.97606,264.82694000000004,567.9299999999997,522.4799999999994,309.9000000000001,257.61,"[60, 61, 62, 63, 91, 92, 93, 94]"
37510001,SE Omdeler,Gns. Oms,foot,TSP,Type 2,104,"60, 61, 62, 63, 91, 92, 93, 94",8,5057.299999999998,4099.4,291.7789200000001,298.6352600000001,567.9299999999996,522.4799999999996,276.13000000000017,223.80999999999997,"[60, 61, 62, 63, 91, 92, 93, 94]"
37510001,SE Omdeler,U36,foot,TSP,Type 1,104,"15, 60, 61, 62, 63, 91, 92, 93, 94",9,5676.4,4683.700000000001,219.51856000000004,230.11997999999994,529.4500000000002,485.85,309.9000000000001,255.70000000000005,"[15, 60, 61, 62, 63, 91, 92, 93, 94]"
37510001,SE Omdeler,U36,foot,TSP,Type 2,104,"60, 61, 62, 63, 91, 92, 93, 94",8,5057.299999999998,4099.4,253.3214200000001,263.6827600000001,529.4500000000004,487.50999999999993,276.13000000000017,223.80999999999997,"[60, 61, 62, 63, 91, 92, 93, 94]"
37510001,SE Omdeler,U37,foot,TSP,Type 1,104,"58, 60, 61, 62, 63, 91, 92, 93, 94",9,5676.4,4642.200000000001,136.31856,152.56587999999985,446.24999999999943,406.0299999999996,309.9000000000001,253.43000000000004,"[58, 60, 61, 62, 63, 91, 92, 93, 94]"
37510001,SE Omdeler,U37,foot,TSP,Type 2,104,"60, 61, 62, 63, 91, 92, 93, 94",8,5057.299999999998,4099.4,170.12142000000006,186.04275999999993,446.2499999999994,409.8699999999996,276.13000000000017,223.80999999999997,"[60, 61, 62, 63, 91, 92, 93, 94]"
37510001,SE Omdeler,U38,foot,TSP,Type 1,104,"91, 92, 93, 94, 95",5,5676.4,5185.7,305.54856,310.4007799999998,615.4800000000006,593.5400000000005,309.9000000000001,283.11000000000007,"[91, 92, 93, 94, 95]"
37510001,SE Omdeler,U38,foot,TSP,Type 2,104,"91, 92, 93, 94",4,5057.299999999998,4566.599999999999,339.3514200000001,344.20363999999984,615.4800000000005,593.5400000000005,276.13000000000017,249.3400000000001,"[91, 92, 93, 94]"
37510001,SE Omdeler,U39,foot,TSP,Type 1,104,"15, 91, 92, 93, 94",5,5676.4,5150.8,370.51856000000004,373.12631999999985,680.4500000000008,654.3600000000007,309.9000000000001,281.20000000000005,"[15, 91, 92, 93, 94]"
37510001,SE Omdeler,U39,foot,TSP,Type 2,104,"91, 92, 93, 94",4,5057.299999999998,4566.599999999999,404.3214200000001,406.76364,680.4500000000004,656.1000000000003,276.13000000000017,249.3400000000001,"[91, 92, 93, 94]"
37510001,U18 Omdeler,Gns. Oms,foot,TSP,Type 1,104,,0,5676.4,5676.4,453.86862400000007,453.86862400000007,567.9299999999997,567.9299999999997,114.02,114.02,[]
37510001,U18 Omdeler,Gns. Oms,foot,TSP,Type 2,104,,0,5057.299999999998,5057.299999999998,466.3063430000001,466.3063430000001,567.9299999999996,567.9299999999996,101.57999999999993,101.57999999999993,[]
37510001,U18 Omdeler,U36,foot,TSP,Type 1,104,99,1,5676.4,5676.4,415.4111240000001,415.4111240000003,529.4500000000002,529.4500000000002,114.02,114.02,[99]
37510001,U18 Omdeler,U36,foot,TSP,Type 2,104,99,1,5057.299999999998,5057.299999999998,427.8488430000001,427.84884300000033,529.4500000000004,529.4500000000004,101.57999999999993,101.57999999999993,[99]
37510001,U18 Omdeler,U37,foot,TSP,Type 1,104,,0,5676.4,5676.4,332.21112400000004,332.21112400000004,446.24999999999943,446.24999999999943,114.02,114.02,[]
37510001,U18 Omdeler,U37,foot,TSP,Type 2,104,,0,5057.299999999998,5057.299999999998,344.64884300000006,344.64884300000006,446.2499999999994,446.2499999999994,101.57999999999993,101.57999999999993,[]
37510001,U18 Omdeler,U38,foot,TSP,Type 1,104,,0,5676.4,5676.4,501.44112400000006,501.44112400000006,615.4800000000006,615.4800000000006,114.02,114.02,[]
37510001,U18 Omdeler,U38,foot,TSP,Type 2,104,,0,5057.299999999998,5057.299999999998,513.8788430000001,513.8788430000001,615.4800000000005,615.4800000000005,101.57999999999993,101.57999999999993,[]
37510001,U18 Omdeler,U39,foot,TSP,Type 1,104,,0,5676.4,5676.4,566.4111240000001,566.4111240000001,680.4500000000008,680.4500000000008,114.02,114.02,[]
37510001,U18 Omdeler,U39,foot,TSP,Type 2,104,,0,5057.299999999998,5057.299999999998,578.8488430000001,578.8488430000001,680.4500000000004,680.4500000000004,101.57999999999993,101.57999999999993,[]
37510002,O18 Omdeler,Gns. Oms,foot,TSP,Type 1,108,,0,5083.399999999998,5083.399999999998,458.99144000000007,458.99144000000007,603.4199999999997,603.4199999999997,144.37999999999994,144.37999999999994,[]
37510002,O18 Omdeler,Gns. Oms,foot,TSP,Type 2,108,,0,4433.399999999998,4433.399999999998,477.45144000000005,477.45144000000005,603.4199999999997,603.4199999999997,125.92999999999999,125.92999999999999,[]
37510002,O18 Omdeler,U36,foot,TSP,Type 1,108,,0,5083.399999999998,5083.399999999998,420.9914400000003,420.9914400000003,565.3600000000001,565.3600000000001,144.37999999999994,144.37999999999994,[]
37510002,O18 Omdeler,U36,foot,TSP,Type 2,108,"4, 5, 6",3,4433.399999999998,3997.6999999999985,439.4514400000003,439.80532000000017,565.3600000000001,553.3400000000001,125.92999999999999,113.55999999999999,"[4, 5, 6]"
37510002,O18 Omdeler,U37,foot,TSP,Type 1,108,"3, 4, 5, 6, 7, 8, 9, 33",8,5083.399999999998,3893.1999999999985,337.21144,339.73311999999993,481.57999999999936,450.2999999999994,144.37999999999994,110.57000000000002,"[3, 4, 5, 6, 7, 8, 9, 33]"
37510002,O18 Omdeler,U37,foot,TSP,Type 2,108,"4, 5, 6",3,4433.399999999998,3997.6999999999985,355.67143999999996,356.90532,481.5799999999993,470.4399999999993,125.92999999999999,113.55999999999999,"[4, 5, 6]"
37510002,O18 Omdeler,U38,foot,TSP,Type 1,108,"63, 64",2,5083.399999999998,4816.899999999999,507.39144000000016,507.68004,651.7600000000007,644.4800000000007,144.37999999999994,136.81999999999994,"[63, 64]"
37510002,O18 Omdeler,U38,foot,TSP,Type 2,108,27,1,4433.399999999998,4422.299999999997,525.8514400000001,526.16668,651.7600000000007,651.7600000000007,125.92999999999999,125.61,[27]
37510002,O18 Omdeler,U39,foot,TSP,Type 1,108,33,1,5083.399999999998,5042.599999999999,570.3714400000001,570.67016,714.7400000000005,713.8800000000005,144.37999999999994,143.2199999999999,[33]
37510002,O18 Omdeler,U39,foot,TSP,Type 2,108,,0,4433.399999999998,4433.399999999998,588.8314400000002,588.8314400000002,714.7400000000005,714.7400000000005,125.92999999999999,125.92999999999999,[]
37510002,SE Omdeler,Gns. Oms,foot,TSP,Type 1,108,"3, 4, 5, 6, 7, 8, 9, 63, 64",9,5083.399999999998,3667.4999999999986,325.8063600000001,354.1945000000001,603.4199999999997,554.4899999999997,277.54000000000013,200.23000000000016,"[3, 4, 5, 6, 7, 8, 9, 63, 64]"
37510002,SE Omdeler,Gns. Oms,foot,TSP,Type 2,108,"4, 5, 6",3,4433.399999999998,3997.6999999999985,361.29636000000016,371.24808000000024,603.4199999999997,589.5699999999997,242.02000000000007,218.22,"[4, 5, 6]"
37510002,SE Omdeler,U36,foot,TSP,Type 1,108,"3, 4, 5, 6, 7, 8, 9, 63, 64",9,5083.399999999998,3667.4999999999986,287.8063600000003,322.7245000000002,565.3600000000001,522.9700000000001,277.54000000000013,200.23000000000016,"[3, 4, 5, 6, 7, 8, 9, 63, 64]"
37510002,SE Omdeler,U36,foot,TSP,Type 2,108,"4, 5, 6",3,4433.399999999998,3997.6999999999985,323.2963600000004,335.06558000000024,565.3600000000001,553.3400000000001,242.02000000000007,218.22,"[4, 5, 6]"
37510002,SE Omdeler,U37,foot,TSP,Type 1,108,"3, 4, 5, 6, 7, 8, 9, 63, 64",9,5083.399999999998,3667.4999999999986,204.02636,241.9445,481.57999999999936,442.1899999999994,277.54000000000013,200.23000000000016,"[3, 4, 5, 6, 7, 8, 9, 63, 64]"
37510002,SE Omdeler,U37,foot,TSP,Type 2,108,"4, 5, 6",3,4433.399999999998,3997.6999999999985,239.51636000000005,252.1655800000001,481.5799999999993,470.4399999999993,242.02000000000007,218.22,"[4, 5, 6]"
37510002,SE Omdeler,U38,foot,TSP,Type 1,108,"3, 4, 5, 6, 7, 8, 9, 63, 64",9,5083.399999999998,3667.4999999999986,374.2063600000002,402.76450000000006,651.7600000000007,603.0100000000007,277.54000000000013,200.23000000000016,"[3, 4, 5, 6, 7, 8, 9, 63, 64]"
37510002,SE Omdeler,U38,foot,TSP,Type 2,108,"4, 5, 6",3,4433.399999999998,3997.6999999999985,409.69636000000025,419.77558000000016,651.7600000000007,638.0500000000008,242.02000000000007,218.22,"[4, 5, 6]"
37510002,SE Omdeler,U39,foot,TSP,Type 1,108,"3, 4, 5, 6, 7, 8, 9, 63, 64",9,5083.399999999998,3667.4999999999986,437.1863600000002,449.3445000000002,714.7400000000005,649.5900000000005,277.54000000000013,200.23000000000016,"[3, 4, 5, 6, 7, 8, 9, 63, 64]"
37510002,SE Omdeler,U39,foot,TSP,Type 2,108,"4, 5, 6",3,4433.399999999998,3997.6999999999985,472.6763600000003,477.9855800000001,714.7400000000005,696.2600000000004,242.02000000000007,218.22,"[4, 5, 6]"
37510002,U18 Omdeler,Gns. Oms,foot,TSP,Type 1,108,,0,5083.399999999998,5083.399999999998,501.23449400000004,501.23449400000004,603.4199999999997,603.4199999999997,102.16999999999996,102.16999999999996,[]
37510002,U18 Omdeler,Gns. Oms,foot,TSP,Type 2,108,,0,4433.399999999998,4433.399999999998,514.292994,514.292994,603.4199999999997,603.4199999999997,89.1,89.1,[]
37510002,U18 Omdeler,U36,foot,TSP,Type 1,108,,0,5083.399999999998,5083.399999999998,463.23449400000027,463.23449400000027,565.3600000000001,565.3600000000001,102.16999999999996,102.16999999999996,[]
37510002,U18 Omdeler,U36,foot,TSP,Type 2,108,27,1,4433.399999999998,4422.299999999997,476.29299400000025,476.51599300000026,565.3600000000001,565.3600000000001,89.1,88.88,[27]
37510002,U18 Omdeler,U37,foot,TSP,Type 1,108,33,1,5083.399999999998,5042.599999999999,379.45449399999995,379.464166,481.57999999999936,480.76999999999936,102.16999999999996,101.34999999999995,[33]
37510002,U18 Omdeler,U37,foot,TSP,Type 2,108,,0,4433.399999999998,4433.399999999998,392.51299399999994,392.51299399999994,481.5799999999993,481.5799999999993,89.1,89.1,[]
37510002,U18 Omdeler,U38,foot,TSP,Type 1,108,64,1,5083.399999999998,5083.299999999997,549.6344940000001,549.6365030000002,651.7600000000007,651.7600000000007,102.16999999999996,102.16999999999996,[64]
37510002,U18 Omdeler,U38,foot,TSP,Type 2,108,27,1,4433.399999999998,4422.299999999997,562.6929940000001,562.915993,651.7600000000007,651.7600000000007,89.1,88.88,[27]
37510002,U18 Omdeler,U39,foot,TSP,Type 1,108,,0,5083.399999999998,5083.399999999998,612.6144940000001,612.6144940000001,714.7400000000005,714.7400000000005,102.16999999999996,102.16999999999996,[]
37510002,U18 Omdeler,U39,foot,TSP,Type 2,108,,0,4433.399999999998,4433.399999999998,625.6729940000001,625.6729940000001,714.7400000000005,714.7400000000005,89.1,89.1,[]
37510500,O18 Omdeler,Gns. Oms,car,HPP,Type 1,99,"3, 8, 40, 42",4,5496.400000000002,4178.9000000000015,483.71448399999997,505.4316839999999,700.5799999999998,670.3299999999998,216.74000000000004,164.77000000000004,"[3, 8, 40, 42]"
37510500,O18 Omdeler,Gns. Oms,car,HPP,Type 2,99,"3, 40",2,4984.100000000003,4286.300000000002,503.91959599999996,517.335828,700.5799999999999,686.4699999999999,196.53000000000003,168.97000000000003,"[3, 40]"
37510500,O18 Omdeler,U36,car,HPP,Type 1,99,"3, 8, 40, 42",4,5496.400000000002,4178.9000000000015,436.7219839999999,460.71418399999993,653.5000000000002,625.5300000000002,216.74000000000004,164.77000000000004,"[3, 8, 40, 42]"
37510500,O18 Omdeler,U36,car,HPP,Type 2,99,"3, 40",2,4984.100000000003,4286.300000000002,456.9270959999999,471.82832800000006,653.5000000000002,640.8800000000003,196.53000000000003,168.97000000000003,"[3, 40]"
37510500,O18 Omdeler,U37,car,HPP,Type 1,99,"3, 8, 40, 42",4,5496.400000000002,4178.9000000000015,369.43198399999994,397.4941839999999,586.2099999999997,562.3099999999996,216.74000000000004,164.77000000000004,"[3, 8, 40, 42]"
37510500,O18 Omdeler,U37,car,HPP,Type 2,99,"3, 40",2,4984.100000000003,4286.300000000002,389.63709599999993,406.5383280000001,586.21,575.59,196.53000000000003,168.97000000000003,"[3, 40]"
37510500,O18 Omdeler,U38,car,HPP,Type 1,99,"3, 8, 40, 42",4,5496.400000000002,4178.9000000000015,524.4819839999998,541.8541839999997,741.2599999999996,706.6699999999997,216.74000000000004,164.77000000000004,"[3, 8, 40, 42]"
37510500,O18 Omdeler,U38,car,HPP,Type 2,99,"8, 55",2,4984.100000000003,4293.300000000002,544.6870959999998,555.5522479999998,741.2599999999995,724.8799999999998,196.53000000000003,169.29,"[8, 55]"
37510500,O18 Omdeler,U39,car,HPP,Type 1,99,"3, 8, 40, 42",4,5496.400000000002,4178.9000000000015,604.2219839999998,621.664184,820.9999999999997,786.4799999999997,216.74000000000004,164.77000000000004,"[3, 8, 40, 42]"
37510500,O18 Omdeler,U39,car,HPP,Type 2,99,"3, 40",2,4984.100000000003,4286.300000000002,624.4270959999998,636.1083279999999,820.9999999999998,805.1599999999997,196.53000000000003,168.97000000000003,"[3, 40]"
37510500,SE Omdeler,Gns. Oms,car,HPP,Type 1,99,"3, 8, 40, 42",4,5496.400000000002,4178.9000000000015,283.7004879999999,353.36151299999983,700.5799999999998,670.3299999999998,416.76000000000005,316.87,"[3, 8, 40, 42]"
37510500,SE Omdeler,Gns. Oms,car,HPP,Type 2,99,"3, 40",2,4984.100000000003,4286.300000000002,322.54819699999985,361.3573709999999,700.5799999999999,686.4699999999999,377.93,325.0099999999999,"[3, 40]"
37510500,SE Omdeler,U36,car,HPP,Type 1,99,"3, 8, 40, 42",4,5496.400000000002,4178.9000000000015,236.70798799999983,308.64401299999986,653.5000000000002,625.5300000000002,416.76000000000005,316.87,"[3, 8, 40, 42]"
37510500,SE Omdeler,U36,car,HPP,Type 2,99,"3, 40",2,4984.100000000003,4286.300000000002,275.5556969999998,315.84987099999995,653.5000000000002,640.8800000000003,377.93,325.0099999999999,"[3, 40]"
37510500,SE Omdeler,U37,car,HPP,Type 1,99,"3, 8, 40, 42",4,5496.400000000002,4178.9000000000015,169.41798799999987,245.42401299999983,586.2099999999997,562.3099999999996,416.76000000000005,316.87,"[3, 8, 40, 42]"
37510500,SE Omdeler,U37,car,HPP,Type 2,99,"3, 40",2,4984.100000000003,4286.300000000002,208.26569699999982,250.55987100000002,586.21,575.59,377.93,325.0099999999999,"[3, 40]"
37510500,SE Omdeler,U38,car,HPP,Type 1,99,"3, 8, 40, 42",4,5496.400000000002,4178.9000000000015,324.4679879999997,389.7840129999996,741.2599999999996,706.6699999999997,416.76000000000005,316.87,"[3, 8, 40, 42]"
37510500,SE Omdeler,U38,car,HPP,Type 2,99,"8, 55",2,4984.100000000003,4293.300000000002,363.31569699999966,399.31906099999975,741.2599999999995,724.8799999999998,377.93,325.5500000000001,"[8, 55]"
37510500,SE Omdeler,U39,car,HPP,Type 1,99,"3, 8, 40, 42",4,5496.400000000002,4178.9000000000015,404.2079879999997,469.5940129999999,820.9999999999997,786.4799999999997,416.76000000000005,316.87,"[3, 8, 40, 42]"
37510500,SE Omdeler,U39,car,HPP,Type 2,99,"3, 40",2,4984.100000000003,4286.300000000002,443.05569699999967,480.1298709999998,820.9999999999998,805.1599999999997,377.93,325.0099999999999,"[3, 40]"
37510501,O18 Omdeler,Gns. Oms,car,HPP,Type 1,169,"56, 69, 163",3,4975.699999999998,4354.299999999997,891.338392,899.586408,1087.8200000000006,1071.5600000000009,196.25000000000006,171.7400000000001,"[56, 69, 163]"
37510501,O18 Omdeler,Gns. Oms,car,HPP,Type 2,169,149,1,4711.700000000002,4477.5999999999985,901.7505519999999,908.5784560000002,1087.8200000000004,1085.4100000000005,185.83,176.56000000000006,[149]
37510501,O18 Omdeler,U36,car,HPP,Type 1,169,"56, 69, 163",3,4975.699999999998,4354.299999999997,812.6583920000002,822.1464080000002,1008.8999999999994,993.8799999999994,196.25000000000006,171.7400000000001,"[56, 69, 163]"
37510501,O18 Omdeler,U36,car,HPP,Type 2,169,149,1,4711.700000000002,4477.5999999999985,823.070552,831.0134559999999,1008.8999999999992,1007.6099999999996,185.83,176.56000000000006,[149]
37510501,O18 Omdeler,U37,car,HPP,Type 1,169,"56, 69, 163",3,4975.699999999998,4354.299999999997,688.318392,698.9264079999999,884.5600000000013,870.6600000000013,196.25000000000006,171.7400000000001,"[56, 69, 163]"
37510501,O18 Omdeler,U37,car,HPP,Type 2,169,149,1,4711.700000000002,4477.5999999999985,698.7305519999999,706.673456,884.5600000000011,883.2700000000015,185.83,176.56000000000006,[149]
37510501,O18 Omdeler,U38,car,HPP,Type 1,169,"56, 69, 163",3,4975.699999999998,4354.299999999997,987.7683919999998,995.3764080000002,1184.0099999999984,1167.1099999999983,196.25000000000006,171.7400000000001,"[56, 69, 163]"
37510501,O18 Omdeler,U38,car,HPP,Type 2,169,163,1,4711.700000000002,4554.700000000003,998.1805519999997,1004.0026319999997,1184.0099999999984,1183.6399999999987,185.83,179.6400000000001,[163]
37510501,O18 Omdeler,U39,car,HPP,Type 1,169,"56, 69, 163",3,4975.699999999998,4354.299999999997,1076.608392,1081.8964080000003,1272.8499999999997,1253.6299999999999,196.25000000000006,171.7400000000001,"[56, 69, 163]"
37510501,O18 Omdeler,U39,car,HPP,Type 2,169,149,1,4711.700000000002,4477.5999999999985,1087.020552,1094.9134560000002,1272.8500000000006,1271.51,185.83,176.56000000000006,[149]
37510501,SE Omdeler,Gns. Oms,car,HPP,Type 1,169,"56, 69, 109, 110",4,4975.699999999998,4174.199999999997,710.2726690000002,743.5304140000003,1087.8200000000006,1060.2900000000006,377.26,316.48,"[56, 69, 109, 110]"
37510501,SE Omdeler,Gns. Oms,car,HPP,Type 2,169,"56, 87",2,4711.700000000002,4142.400000000001,730.2917889999999,755.6618080000001,1087.8200000000004,1070.0200000000007,357.3099999999999,314.1199999999999,"[56, 87]"
37510501,SE Omdeler,U36,car,HPP,Type 1,169,"56, 69, 109, 110",4,4975.699999999998,4174.199999999997,631.5926690000003,666.8604140000004,1008.8999999999994,983.3899999999995,377.26,316.48,"[56, 69, 109, 110]"
37510501,SE Omdeler,U36,car,HPP,Type 2,169,"56, 87",2,4711.700000000002,4142.400000000001,651.611789,678.2618080000002,1008.8999999999992,992.3799999999992,357.3099999999999,314.1199999999999,"[56, 87]"
37510501,SE Omdeler,U37,car,HPP,Type 1,169,"56, 69, 107, 108, 109, 110",6,4975.699999999998,4069.999999999997,507.25266900000014,547.2919000000003,884.5600000000013,855.9200000000012,377.26,308.59,"[56, 69, 107, 108, 109, 110]"
37510501,SE Omdeler,U37,car,HPP,Type 2,169,"56, 87",2,4711.700000000002,4142.400000000001,527.2717889999999,554.951808,884.5600000000011,869.0700000000008,357.3099999999999,314.1199999999999,"[56, 87]"
37510501,SE Omdeler,U38,car,HPP,Type 1,169,"56, 69, 109",3,4975.699999999998,4254.199999999998,806.702669,838.4840140000001,1184.0099999999984,1161.079999999998,377.26,322.55,"[56, 69, 109]"
37510501,SE Omdeler,U38,car,HPP,Type 2,169,"56, 87",2,4711.700000000002,4142.400000000001,826.7217889999997,851.5218080000002,1184.0099999999984,1165.6399999999985,357.3099999999999,314.1199999999999,"[56, 87]"
37510501,SE Omdeler,U39,car,HPP,Type 1,169,"56, 69, 108, 109",4,4975.699999999998,4228.699999999998,895.5426690000002,925.3376790000002,1272.8499999999997,1245.9999999999998,377.26,320.62,"[56, 69, 108, 109]"
37510501,SE Omdeler,U39,car,HPP,Type 2,169,"56, 87",2,4711.700000000002,4142.400000000001,915.5617889999999,937.9118080000001,1272.8500000000006,1252.03,357.3099999999999,314.1199999999999,"[56, 87]"
37510502,O18 Omdeler,Gns. Oms,car,HPP,Type 1,92,"17, 58, 59, 66",4,5756.399999999998,4640.499999999999,363.3175840000001,377.50868000000014,590.4599999999997,560.6399999999999,226.96999999999997,182.95999999999998,"[17, 58, 59, 66]"
37510502,O18 Omdeler,Gns. Oms,car,HPP,Type 2,92,17,1,5356.1,4646.0,379.105416,400.37425999999994,590.4599999999999,583.7199999999999,211.22,183.2,[17]
37510502,O18 Omdeler,U36,car,HPP,Type 1,92,"17, 58, 59, 66",4,5756.399999999998,4640.499999999999,321.077584,334.63868,548.1100000000006,517.6600000000005,226.96999999999997,182.95999999999998,"[17, 58, 59, 66]"
37510502,O18 Omdeler,U36,car,HPP,Type 2,92,17,1,5356.1,4646.0,336.86541599999987,358.51176,548.1100000000005,541.7500000000006,211.22,183.2,[17]
37510502,O18 Omdeler,U37,car,HPP,Type 1,92,"17, 58, 59, 66",4,5756.399999999998,4640.499999999999,275.50758400000007,295.83868,502.53999999999996,478.86,226.96999999999997,182.95999999999998,"[17, 58, 59, 66]"
37510502,O18 Omdeler,U37,car,HPP,Type 2,92,17,1,5356.1,4646.0,291.295416,313.97176,502.5399999999999,497.2100000000001,211.22,183.2,[17]
37510502,O18 Omdeler,U38,car,HPP,Type 1,92,"17, 58, 59, 66",4,5756.399999999998,4640.499999999999,398.5375839999999,411.34868000000006,625.5699999999993,594.3699999999993,226.96999999999997,182.95999999999998,"[17, 58, 59, 66]"
37510502,O18 Omdeler,U38,car,HPP,Type 2,92,17,1,5356.1,4646.0,414.3254159999998,435.02175999999986,625.5699999999996,618.2599999999993,211.22,183.2,[17]
37510502,O18 Omdeler,U39,car,HPP,Type 1,92,"17, 58, 59, 66",4,5756.399999999998,4640.499999999999,458.14758400000005,468.2086800000001,685.1800000000003,651.2300000000001,226.96999999999997,182.95999999999998,"[17, 58, 59, 66]"
37510502,O18 Omdeler,U39,car,HPP,Type 2,92,17,1,5356.1,4646.0,473.9354159999999,493.99176,685.1799999999997,677.2300000000001,211.22,183.2,[17]
37510502,SE Omdeler,Gns. Oms,car,HPP,Type 1,92,"17, 58, 59, 66",4,5756.399999999998,4640.499999999999,153.8421880000002,208.64088500000014,590.4599999999997,560.6399999999999,436.51,351.89,"[17, 58, 59, 66]"
37510502,SE Omdeler,Gns. Oms,car,HPP,Type 2,92,17,1,5356.1,4646.0,184.19693700000005,231.30632,590.4599999999999,583.7199999999999,406.11000000000007,352.2899999999999,[17]
37510502,SE Omdeler,U36,car,HPP,Type 1,92,"17, 58, 59, 66",4,5756.399999999998,4640.499999999999,111.60218800000007,165.77088500000002,548.1100000000006,517.6600000000005,436.51,351.89,"[17, 58, 59, 66]"
37510502,SE Omdeler,U36,car,HPP,Type 2,92,"1, 2, 13, 14, 15, 16, 17, 43, 44, 45",10,5356.1,3967.8000000000015,141.95693699999993,192.57172599999996,548.1100000000005,493.45000000000056,406.11000000000007,300.86,"[1, 2, 13, 14, 15, 16, 17, 43, 44, 45]"
37510502,SE Omdeler,U37,car,HPP,Type 1,92,"17, 58, 59, 66",4,5756.399999999998,4640.499999999999,66.03218800000019,126.97088500000008,502.53999999999996,478.86,436.51,351.89,"[17, 58, 59, 66]"
37510502,SE Omdeler,U37,car,HPP,Type 2,92,17,1,5356.1,4646.0,96.38693700000005,144.90382000000008,502.5399999999999,497.2100000000001,406.11000000000007,352.2899999999999,[17]
37510502,SE Omdeler,U38,car,HPP,Type 1,92,"17, 58, 59, 66",4,5756.399999999998,4640.499999999999,189.062188,242.48088500000006,625.5699999999993,594.3699999999993,436.51,351.89,"[17, 58, 59, 66]"
37510502,SE Omdeler,U38,car,HPP,Type 2,92,17,1,5356.1,4646.0,219.41693699999985,265.95381999999995,625.5699999999996,618.2599999999993,406.11000000000007,352.2899999999999,[17]
37510502,SE Omdeler,U39,car,HPP,Type 1,92,"17, 58, 59, 66",4,5756.399999999998,4640.499999999999,248.67218800000012,299.34088500000007,685.1800000000003,651.2300000000001,436.51,351.89,"[17, 58, 59, 66]"
37510502,SE Omdeler,U39,car,HPP,Type 2,92,17,1,5356.1,4646.0,279.026937,324.9238200000001,685.1799999999997,677.2300000000001,406.11000000000007,352.2899999999999,[17]
37600001,O18 Omdeler,Gns. Oms,foot,TSP,Type 1,113,"46, 47, 90",3,3802.2000000000003,3693.7999999999997,418.61752,419.79358000000013,526.4399999999999,524.54,107.99000000000001,104.91,"[46, 47, 90]"
37600001,O18 Omdeler,Gns. Oms,foot,TSP,Type 2,113,90,1,3155.4999999999995,3121.6999999999994,436.98380000000003,437.4312200000001,526.4399999999999,525.93,89.59,88.63,[90]
37600001,O18 Omdeler,U36,foot,TSP,Type 1,113,"45, 46, 47, 90, 91",5,3802.2000000000003,3656.7,425.10752,429.23972000000003,533.0900000000005,533.0900000000005,107.99000000000001,103.86000000000001,"[45, 46, 47, 90, 91]"
37600001,O18 Omdeler,U36,foot,TSP,Type 2,113,"46, 47, 51",3,3155.4999999999995,3088.599999999999,443.47380000000004,445.37376000000006,533.0900000000006,533.0900000000006,89.59,87.69,"[46, 47, 51]"
37600001,O18 Omdeler,U37,foot,TSP,Type 1,113,"56, 90, 91",3,3802.2000000000003,3727.1,325.54751999999996,326.83036,433.5300000000004,432.6800000000004,107.99000000000001,105.86000000000001,"[56, 90, 91]"
37600001,O18 Omdeler,U37,foot,TSP,Type 2,113,90,1,3155.4999999999995,3121.6999999999994,343.9138,344.87372,433.53000000000054,433.53000000000054,89.59,88.63,[90]
37600001,O18 Omdeler,U38,foot,TSP,Type 1,113,"45, 46, 47, 90, 91",5,3802.2000000000003,3656.7,389.38752,393.5197200000001,497.37000000000023,497.37000000000023,107.99000000000001,103.86000000000001,"[45, 46, 47, 90, 91]"
37600001,O18 Omdeler,U38,foot,TSP,Type 2,113,"46, 47, 51",3,3155.4999999999995,3088.599999999999,407.7538,409.6537600000001,497.37000000000023,497.37000000000023,89.59,87.69,"[46, 47, 51]"
37600001,O18 Omdeler,U39,foot,TSP,Type 1,113,,0,3802.2000000000003,3802.2000000000003,534.42752,534.42752,642.4100000000002,642.4100000000002,107.99000000000001,107.99000000000001,[]
37600001,O18 Omdeler,U39,foot,TSP,Type 2,113,,0,3155.4999999999995,3155.4999999999995,552.7937999999999,552.7937999999999,642.4100000000003,642.4100000000003,89.59,89.59,[]
37600001,SE Omdeler,Gns. Oms,foot,TSP,Type 1,113,"46, 47, 90, 91",4,3802.2000000000003,3665.9999999999995,318.99987999999996,323.7739000000001,526.4399999999999,523.78,207.60000000000008,200.16000000000005,"[46, 47, 90, 91]"
37600001,SE Omdeler,Gns. Oms,foot,TSP,Type 2,113,"90, 91",2,3155.4999999999995,3093.9999999999995,354.3097,356.3951000000002,526.4399999999999,525.17,172.31000000000006,168.95000000000005,"[90, 91]"
37600001,SE Omdeler,U36,foot,TSP,Type 1,113,"45, 46, 47, 90, 91",5,3802.2000000000003,3656.7,325.48987999999997,333.43417999999997,533.0900000000005,533.0900000000005,207.60000000000008,199.65000000000006,"[45, 46, 47, 90, 91]"
37600001,SE Omdeler,U36,foot,TSP,Type 2,113,"46, 47, 51",3,3155.4999999999995,3088.599999999999,360.79970000000003,364.4524400000001,533.0900000000006,533.0900000000006,172.31000000000006,168.67000000000002,"[46, 47, 51]"
37600001,SE Omdeler,U37,foot,TSP,Type 1,113,"46, 47, 90, 91",4,3802.2000000000003,3665.9999999999995,225.92987999999994,230.06639999999996,433.5300000000004,430.23000000000036,207.60000000000008,200.16000000000005,"[46, 47, 90, 91]"
37600001,SE Omdeler,U37,foot,TSP,Type 2,113,"90, 91",2,3155.4999999999995,3093.9999999999995,261.23969999999997,263.7476,433.53000000000054,432.6800000000005,172.31000000000006,168.95000000000005,"[90, 91]"
37600001,SE Omdeler,U38,foot,TSP,Type 1,113,"45, 46, 47, 90, 91",5,3802.2000000000003,3656.7,289.76987999999994,297.71418000000006,497.37000000000023,497.37000000000023,207.60000000000008,199.65000000000006,"[45, 46, 47, 90, 91]"
37600001,SE Omdeler,U38,foot,TSP,Type 2,113,"46, 47, 51",3,3155.4999999999995,3088.599999999999,325.0797,328.7324400000001,497.37000000000023,497.37000000000023,172.31000000000006,168.67000000000002,"[46, 47, 51]"
37600001,SE Omdeler,U39,foot,TSP,Type 1,113,46,1,3802.2000000000003,3747.2,434.8098799999999,435.62288,642.4100000000002,640.2200000000001,207.60000000000008,204.5900000000001,[46]
37600001,SE Omdeler,U39,foot,TSP,Type 2,113,25,1,3155.4999999999995,3126.2999999999993,470.11969999999997,470.84402,642.4100000000003,641.5400000000003,172.31000000000006,170.72000000000003,[25]
37600001,U18 Omdeler,Gns. Oms,foot,TSP,Type 1,113,90,1,3802.2000000000003,3768.4,450.213802,450.38034400000004,526.4399999999999,525.93,76.36,75.67999999999999,[90]
37600001,U18 Omdeler,Gns. Oms,foot,TSP,Type 2,113,90,1,3155.4999999999995,3121.6999999999994,463.206005,463.37254700000005,526.4399999999999,525.93,63.359999999999985,62.679999999999986,[90]
37600001,U18 Omdeler,U36,foot,TSP,Type 1,113,"45, 46, 47, 90, 91",5,3802.2000000000003,3656.7,456.703802,459.626897,533.0900000000005,533.0900000000005,76.36,73.42999999999999,"[45, 46, 47, 90, 91]"
37600001,U18 Omdeler,U36,foot,TSP,Type 2,113,"46, 47, 51",3,3155.4999999999995,3088.599999999999,469.696005,471.040026,533.0900000000006,533.0900000000006,63.359999999999985,62.01999999999998,"[46, 47, 51]"
37600001,U18 Omdeler,U37,foot,TSP,Type 1,113,90,1,3802.2000000000003,3768.4,357.14380199999994,357.8228439999999,433.5300000000004,433.5300000000004,76.36,75.67999999999999,[90]
37600001,U18 Omdeler,U37,foot,TSP,Type 2,113,90,1,3155.4999999999995,3121.6999999999994,370.13600499999995,370.81504699999994,433.53000000000054,433.53000000000054,63.359999999999985,62.679999999999986,[90]
37600001,U18 Omdeler,U38,foot,TSP,Type 1,113,"45, 46, 47, 90, 91",5,3802.2000000000003,3656.7,420.98380199999997,423.9068970000001,497.37000000000023,497.37000000000023,76.36,73.42999999999999,"[45, 46, 47, 90, 91]"
37600001,U18 Omdeler,U38,foot,TSP,Type 2,113,"46, 47, 51",3,3155.4999999999995,3088.599999999999,433.976005,435.32002600000004,497.37000000000023,497.37000000000023,63.359999999999985,62.01999999999998,"[46, 47, 51]"
37600001,U18 Omdeler,U39,foot,TSP,Type 1,113,,0,3802.2000000000003,3802.2000000000003,566.0238019999999,566.0238019999999,642.4100000000002,642.4100000000002,76.36,76.36,[]
37600001,U18 Omdeler,U39,foot,TSP,Type 2,113,,0,3155.4999999999995,3155.4999999999995,579.016005,579.016005,642.4100000000003,642.4100000000003,63.359999999999985,63.359999999999985,[]
37600002,O18 Omdeler,Gns. Oms,foot,TSP,Type 1,70,20,1,3128.5,2972.0000000000005,272.70560000000006,276.75019999999995,361.4800000000001,361.08000000000004,88.84000000000003,84.39000000000003,[20]
37600002,O18 Omdeler,Gns. Oms,foot,TSP,Type 2,70,20,1,2747.0000000000005,2590.5,283.5402,287.5848,361.4800000000001,361.0800000000001,78.01000000000002,73.56000000000002,[20]
37600002,O18 Omdeler,U36,foot,TSP,Type 1,70,20,1,3128.5,2972.0000000000005,274.94060000000013,279.3852000000001,363.79000000000025,363.79000000000025,88.84000000000003,84.39000000000003,[20]
37600002,O18 Omdeler,U36,foot,TSP,Type 2,70,20,1,2747.0000000000005,2590.5,285.7752000000001,290.21980000000013,363.7900000000002,363.7900000000002,78.01000000000002,73.56000000000002,[20]
37600002,O18 Omdeler,U37,foot,TSP,Type 1,70,20,1,3128.5,2972.0000000000005,213.3506000000001,216.19520000000006,302.20000000000005,300.6000000000001,88.84000000000003,84.39000000000003,[20]
37600002,O18 Omdeler,U37,foot,TSP,Type 2,70,20,1,2747.0000000000005,2590.5,224.18520000000007,227.02980000000005,302.20000000000005,300.6,78.01000000000002,73.56000000000002,[20]
37600002,O18 Omdeler,U38,foot,TSP,Type 1,70,"20, 21, 42",3,3128.5,2959.3,246.98060000000004,251.78588000000002,335.8300000000001,335.8300000000001,88.84000000000003,84.03000000000003,"[20, 21, 42]"
37600002,O18 Omdeler,U38,foot,TSP,Type 2,70,20,1,2747.0000000000005,2590.5,257.8152,262.2598000000001,335.83,335.83,78.01000000000002,73.56000000000002,[20]
37600002,O18 Omdeler,U39,foot,TSP,Type 1,70,20,1,3128.5,2972.0000000000005,355.5505999999999,359.99519999999995,444.39999999999986,444.39999999999986,88.84000000000003,84.39000000000003,[20]
37600002,O18 Omdeler,U39,foot,TSP,Type 2,70,20,1,2747.0000000000005,2590.5,366.3851999999999,370.8298,444.3999999999999,444.3999999999999,78.01000000000002,73.56000000000002,[20]
37600002,SE Omdeler,Gns. Oms,foot,TSP,Type 1,70,20,1,3128.5,2972.0000000000005,190.73890000000006,198.88379999999995,361.4800000000001,361.08000000000004,170.79,162.25,[20]
37600002,SE Omdeler,Gns. Oms,foot,TSP,Type 2,70,20,1,2747.0000000000005,2590.5,211.56880000000004,219.71369999999996,361.4800000000001,361.0800000000001,149.95,141.41000000000003,[20]
37600002,SE Omdeler,U36,foot,TSP,Type 1,70,20,1,3128.5,2972.0000000000005,192.97390000000013,201.5188000000001,363.79000000000025,363.79000000000025,170.79,162.25,[20]
37600002,SE Omdeler,U36,foot,TSP,Type 2,70,20,1,2747.0000000000005,2590.5,213.8038000000001,222.34870000000012,363.7900000000002,363.7900000000002,149.95,141.41000000000003,[20]
37600002,SE Omdeler,U37,foot,TSP,Type 1,70,20,1,3128.5,2972.0000000000005,131.3839000000001,138.32880000000006,302.20000000000005,300.6000000000001,170.79,162.25,[20]
37600002,SE Omdeler,U37,foot,TSP,Type 2,70,20,1,2747.0000000000005,2590.5,152.21380000000008,159.15870000000007,302.20000000000005,300.6,149.95,141.41000000000003,[20]
37600002,SE Omdeler,U38,foot,TSP,Type 1,70,"20, 21, 37",3,3128.5,2841.7000000000003,165.01390000000004,174.94318,335.8300000000001,330.1000000000001,170.79,155.12999999999997,"[20, 21, 37]"
37600002,SE Omdeler,U38,foot,TSP,Type 2,70,20,1,2747.0000000000005,2590.5,185.84380000000002,194.38870000000009,335.83,335.83,149.95,141.41000000000003,[20]
37600002,SE Omdeler,U39,foot,TSP,Type 1,70,20,1,3128.5,2972.0000000000005,273.5838999999999,282.12879999999996,444.39999999999986,444.39999999999986,170.79,162.25,[20]
37600002,SE Omdeler,U39,foot,TSP,Type 2,70,20,1,2747.0000000000005,2590.5,294.4137999999999,302.9587,444.3999999999999,444.3999999999999,149.95,141.41000000000003,[20]
37600002,U18 Omdeler,Gns. Oms,foot,TSP,Type 1,70,20,1,3128.5,2972.0000000000005,298.70343500000007,301.44752,361.4800000000001,361.08000000000004,62.87999999999998,59.739999999999995,[20]
37600002,U18 Omdeler,Gns. Oms,foot,TSP,Type 2,70,20,1,2747.0000000000005,2590.5,306.36777000000006,309.111855,361.4800000000001,361.0800000000001,55.20000000000003,52.06000000000003,[20]
37600002,U18 Omdeler,U36,foot,TSP,Type 1,70,20,1,3128.5,2972.0000000000005,300.93843500000014,304.08252000000016,363.79000000000025,363.79000000000025,62.87999999999998,59.739999999999995,[20]
37600002,U18 Omdeler,U36,foot,TSP,Type 2,70,20,1,2747.0000000000005,2590.5,308.60277000000013,311.74685500000015,363.7900000000002,363.7900000000002,55.20000000000003,52.06000000000003,[20]
37600002,U18 Omdeler,U37,foot,TSP,Type 1,70,20,1,3128.5,2972.0000000000005,239.3484350000001,240.89252000000008,302.20000000000005,300.6000000000001,62.87999999999998,59.739999999999995,[20]
37600002,U18 Omdeler,U37,foot,TSP,Type 2,70,20,1,2747.0000000000005,2590.5,247.0127700000001,248.5568550000001,302.20000000000005,300.6,55.20000000000003,52.06000000000003,[20]
37600002,U18 Omdeler,U38,foot,TSP,Type 1,70,"20, 21, 42",3,3128.5,2959.3,272.97843500000005,276.37766300000004,335.8300000000001,335.8300000000001,62.87999999999998,59.48999999999999,"[20, 21, 42]"
37600002,U18 Omdeler,U38,foot,TSP,Type 2,70,20,1,2747.0000000000005,2590.5,280.64277000000004,283.7868550000001,335.83,335.83,55.20000000000003,52.06000000000003,[20]
37600002,U18 Omdeler,U39,foot,TSP,Type 1,70,20,1,3128.5,2972.0000000000005,381.5484349999999,384.69252,444.39999999999986,444.39999999999986,62.87999999999998,59.739999999999995,[20]
37600002,U18 Omdeler,U39,foot,TSP,Type 2,70,20,1,2747.0000000000005,2590.5,389.2127699999999,392.356855,444.3999999999999,444.3999999999999,55.20000000000003,52.06000000000003,[20]
37600003,O18 Omdeler,Gns. Oms,foot,TSP,Type 1,59,"9, 10, 11, 41",4,3541.4999999999995,2548.3999999999996,207.68140000000005,224.43044,308.19000000000005,296.72999999999996,100.55999999999999,72.36,"[9, 10, 11, 41]"
37600003,O18 Omdeler,Gns. Oms,foot,TSP,Type 2,59,"9, 41",2,2978.2,2439.9,223.67912000000007,229.90934,308.1899999999999,299.12999999999994,84.56000000000002,69.30000000000001,"[9, 41]"
37600003,O18 Omdeler,U36,foot,TSP,Type 1,59,"9, 10, 11, 41",4,3541.4999999999995,2548.3999999999996,215.38140000000004,235.03544000000002,315.9600000000001,307.41,100.55999999999999,72.36,"[9, 10, 11, 41]"
37600003,O18 Omdeler,U36,foot,TSP,Type 2,59,"9, 41",2,2978.2,2439.9,231.37912000000006,239.88684000000006,315.96000000000015,309.1800000000001,84.56000000000002,69.30000000000001,"[9, 41]"
37600003,O18 Omdeler,U37,foot,TSP,Type 1,59,"9, 10, 11, 46",4,3541.4999999999995,2596.2999999999993,159.33140000000003,175.66508,259.9099999999999,249.39999999999992,100.55999999999999,73.72000000000001,"[9, 10, 11, 46]"
37600003,O18 Omdeler,U37,foot,TSP,Type 2,59,"9, 46",2,2978.2,2469.8000000000006,175.32912000000005,181.70767999999998,259.90999999999997,251.84999999999994,84.56000000000002,70.13000000000001,"[9, 46]"
37600003,O18 Omdeler,U38,foot,TSP,Type 1,59,"9, 10, 11, 41, 46",5,3541.4999999999995,2377.4,182.12140000000005,207.08184,282.6999999999999,274.5999999999999,100.55999999999999,67.5,"[9, 10, 11, 41, 46]"
37600003,O18 Omdeler,U38,foot,TSP,Type 2,59,"9, 41",2,2978.2,2439.9,198.11912000000007,209.02684,282.6999999999999,278.3199999999999,84.56000000000002,69.30000000000001,"[9, 41]"
37600003,O18 Omdeler,U39,foot,TSP,Type 1,59,9,1,3541.4999999999995,2871.0999999999995,273.8914,286.16076,374.46999999999986,367.6999999999999,100.55999999999999,81.52999999999999,[9]
37600003,O18 Omdeler,U39,foot,TSP,Type 2,59,9,1,2978.2,2640.8,289.88912,292.70128,374.4699999999999,367.69999999999993,84.56000000000002,74.99000000000002,[9]
37600003,SE Omdeler,Gns. Oms,foot,TSP,Type 1,59,"9, 10, 11, 41, 46",5,3541.4999999999995,2377.4,114.89410000000007,160.81896,308.19000000000005,290.54999999999995,193.39999999999998,129.83999999999997,"[9, 10, 11, 41, 46]"
37600003,SE Omdeler,Gns. Oms,foot,TSP,Type 2,59,"9, 41",2,2978.2,2439.9,145.65028000000004,165.98395999999997,308.1899999999999,299.12999999999994,162.61999999999995,133.22999999999996,"[9, 41]"
37600003,SE Omdeler,U36,foot,TSP,Type 1,59,"9, 10, 11, 41, 46",5,3541.4999999999995,2377.4,122.59410000000005,172.15396000000004,315.9600000000001,301.96000000000004,193.39999999999998,129.83999999999997,"[9, 10, 11, 41, 46]"
37600003,SE Omdeler,U36,foot,TSP,Type 2,59,"9, 41",2,2978.2,2439.9,153.35028000000003,175.96146000000005,315.96000000000015,309.1800000000001,162.61999999999995,133.22999999999996,"[9, 41]"
37600003,SE Omdeler,U37,foot,TSP,Type 1,59,"9, 10, 11, 41, 46",5,3541.4999999999995,2377.4,66.54410000000004,112.97395999999999,259.9099999999999,242.77999999999992,193.39999999999998,129.83999999999997,"[9, 10, 11, 41, 46]"
37600003,SE Omdeler,U37,foot,TSP,Type 2,59,"9, 46",2,2978.2,2469.8000000000006,97.30028000000001,116.99891999999994,259.90999999999997,251.84999999999994,162.61999999999995,134.86,"[9, 46]"
37600003,SE Omdeler,U38,foot,TSP,Type 1,59,"9, 10, 11, 41, 46",5,3541.4999999999995,2377.4,89.33410000000006,144.79396000000003,282.6999999999999,274.5999999999999,193.39999999999998,129.83999999999997,"[9, 10, 11, 41, 46]"
37600003,SE Omdeler,U38,foot,TSP,Type 2,59,"9, 41",2,2978.2,2439.9,120.09028000000004,145.10145999999997,282.6999999999999,278.3199999999999,162.61999999999995,133.22999999999996,"[9, 41]"
37600003,SE Omdeler,U39,foot,TSP,Type 1,59,"9, 10, 11, 41",4,3541.4999999999995,2548.3999999999996,181.1041,215.86735999999996,374.46999999999986,355.0099999999999,193.39999999999998,139.17999999999998,"[9, 10, 11, 41]"
37600003,SE Omdeler,U39,foot,TSP,Type 2,59,"9, 41",2,2978.2,2439.9,211.86027999999996,227.16145999999998,374.4699999999999,360.37999999999994,162.61999999999995,133.22999999999996,"[9, 41]"
37600003,U18 Omdeler,Gns. Oms,foot,TSP,Type 1,59,"9, 41",2,3541.4999999999995,2652.2,237.11126500000006,245.919802,308.19000000000005,299.13,71.15,53.27999999999998,"[9, 41]"
37600003,U18 Omdeler,Gns. Oms,foot,TSP,Type 2,59,"9, 41",2,2978.2,2439.9,248.42796200000004,250.18490899999998,308.1899999999999,299.12999999999994,59.81,49.010000000000005,"[9, 41]"
37600003,U18 Omdeler,U36,foot,TSP,Type 1,59,"9, 10, 11, 41",4,3541.4999999999995,2548.3999999999996,244.81126500000005,256.212644,315.9600000000001,307.41,71.15,51.19999999999998,"[9, 10, 11, 41]"
37600003,U18 Omdeler,U36,foot,TSP,Type 2,59,"9, 41",2,2978.2,2439.9,256.127962,260.162409,315.96000000000015,309.1800000000001,59.81,49.010000000000005,"[9, 41]"
37600003,U18 Omdeler,U37,foot,TSP,Type 1,59,9,1,3541.4999999999995,2871.0999999999995,188.76126500000004,197.86960100000002,259.9099999999999,255.54999999999993,71.15,57.679999999999986,[9]
37600003,U18 Omdeler,U37,foot,TSP,Type 2,59,9,1,2978.2,2640.8,200.077962,202.496328,259.90999999999997,255.54999999999993,59.81,53.050000000000004,[9]
37600003,U18 Omdeler,U38,foot,TSP,Type 1,59,"9, 10, 11, 40, 41",5,3541.4999999999995,2548.3999999999996,211.55126500000006,227.122644,282.6999999999999,278.3199999999999,71.15,51.19999999999998,"[9, 10, 11, 40, 41]"
37600003,U18 Omdeler,U38,foot,TSP,Type 2,59,"9, 41",2,2978.2,2439.9,222.86796200000003,229.30240899999998,282.6999999999999,278.3199999999999,59.81,49.010000000000005,"[9, 41]"
37600003,U18 Omdeler,U39,foot,TSP,Type 1,59,9,1,3541.4999999999995,2871.0999999999995,303.321265,310.019601,374.46999999999986,367.6999999999999,71.15,57.679999999999986,[9]
37600003,U18 Omdeler,U39,foot,TSP,Type 2,59,9,1,2978.2,2640.8,314.63796199999996,314.646328,374.4699999999999,367.69999999999993,59.81,53.050000000000004,[9]
37600300,O18 Omdeler,Gns. Oms,foot,TSP,Type 1,68,"2, 3, 53",3,4990.4000000000015,3666.7999999999997,204.90764,215.62037999999998,346.78000000000003,319.90000000000003,141.72999999999996,104.14000000000001,"[2, 3, 53]"
37600300,O18 Omdeler,Gns. Oms,foot,TSP,Type 2,68,"2, 3",2,4395.899999999999,3414.199999999999,221.79144000000008,227.15922000000003,346.7800000000001,324.2700000000001,124.84,96.96000000000001,"[2, 3]"
37600300,O18 Omdeler,U36,foot,TSP,Type 1,68,"2, 3, 53",3,4990.4000000000015,3666.7999999999997,223.60263999999992,232.73288,365.3300000000001,336.87000000000006,141.72999999999996,104.14000000000001,"[2, 3, 53]"
37600300,O18 Omdeler,U36,foot,TSP,Type 2,68,"1, 3",2,4395.899999999999,4014.5999999999995,240.48644000000002,244.96535999999998,365.33000000000004,358.98000000000013,124.84,114.01,"[1, 3]"
37600300,O18 Omdeler,U37,foot,TSP,Type 1,68,"2, 3, 53",3,4990.4000000000015,3666.7999999999997,127.0026399999999,143.93287999999998,268.7300000000001,248.07000000000005,141.72999999999996,104.14000000000001,"[2, 3, 53]"
37600300,O18 Omdeler,U37,foot,TSP,Type 2,68,"2, 3",2,4395.899999999999,3414.199999999999,143.88644,154.25672,268.7300000000002,251.22000000000017,124.84,96.96000000000001,"[2, 3]"
37600300,O18 Omdeler,U38,foot,TSP,Type 1,68,"2, 3, 4, 53",4,4990.4000000000015,3632.5999999999995,182.23263999999998,194.6041600000001,323.96,297.7699999999999,141.72999999999996,103.16000000000001,"[2, 3, 4, 53]"
37600300,O18 Omdeler,U38,foot,TSP,Type 2,68,"2, 3",2,4395.899999999999,3414.199999999999,199.11644000000007,205.3467200000001,323.96,302.31,124.84,96.96000000000001,"[2, 3]"
37600300,O18 Omdeler,U39,foot,TSP,Type 1,68,"1, 3, 53",3,4990.4000000000015,4295.5,286.7926399999999,293.0178,428.51999999999964,415.0099999999997,141.72999999999996,122.0,"[1, 3, 53]"
37600300,O18 Omdeler,U39,foot,TSP,Type 2,68,3,1,4395.899999999999,4042.8999999999996,303.67643999999996,306.50163999999995,428.5199999999998,421.3199999999999,124.84,114.83000000000003,[3]
37600300,SE Omdeler,Gns. Oms,foot,TSP,Type 1,68,"2, 3, 4, 50, 51, 52, 53",7,4990.4000000000015,3117.399999999999,74.15915999999993,130.34246000000007,346.78000000000003,300.69,272.44000000000005,170.17999999999998,"[2, 3, 4, 50, 51, 52, 53]"
37600300,SE Omdeler,Gns. Oms,foot,TSP,Type 2,68,"2, 3",2,4395.899999999999,3414.199999999999,106.6188600000001,137.70718000000005,346.7800000000001,324.2700000000001,239.9800000000001,186.3900000000001,"[2, 3]"
37600300,SE Omdeler,U36,foot,TSP,Type 1,68,"2, 3, 4, 50, 51, 52, 53",7,4990.4000000000015,3117.399999999999,92.85415999999987,145.92996000000005,365.3300000000001,316.14,272.44000000000005,170.17999999999998,"[2, 3, 4, 50, 51, 52, 53]"
37600300,SE Omdeler,U36,foot,TSP,Type 2,68,"2, 3",2,4395.899999999999,3414.199999999999,125.31386000000003,155.13468,365.33000000000004,341.55,239.9800000000001,186.3900000000001,"[2, 3]"
37600300,SE Omdeler,U37,foot,TSP,Type 1,68,"1, 2, 54",3,4990.4000000000015,4248.8,-3.7458400000001575,17.595519999999937,268.7300000000001,249.58000000000007,272.44000000000005,231.95000000000002,"[1, 2, 54]"
37600300,SE Omdeler,U37,foot,TSP,Type 2,68,"2, 3",2,4395.899999999999,3414.199999999999,28.71386000000001,64.80468000000002,268.7300000000002,251.22000000000017,239.9800000000001,186.3900000000001,"[2, 3]"
37600300,SE Omdeler,U38,foot,TSP,Type 1,68,"2, 3, 4, 50, 51, 52, 53",7,4990.4000000000015,3117.399999999999,51.48415999999992,111.69996000000009,323.96,281.90999999999985,272.44000000000005,170.17999999999998,"[2, 3, 4, 50, 51, 52, 53]"
37600300,SE Omdeler,U38,foot,TSP,Type 2,68,"2, 3",2,4395.899999999999,3414.199999999999,83.94386000000009,115.89468000000011,323.96,302.31,239.9800000000001,186.3900000000001,"[2, 3]"
37600300,SE Omdeler,U39,foot,TSP,Type 1,68,"2, 3, 4, 50, 51, 52, 53",7,4990.4000000000015,3117.399999999999,156.0441599999998,205.43995999999999,428.51999999999964,375.64999999999986,272.44000000000005,170.17999999999998,"[2, 3, 4, 50, 51, 52, 53]"
37600300,SE Omdeler,U39,foot,TSP,Type 2,68,"2, 3",2,4395.899999999999,3414.199999999999,188.50385999999997,214.99468000000002,428.5199999999998,401.4099999999998,239.9800000000001,186.3900000000001,"[2, 3]"
37600300,U18 Omdeler,Gns. Oms,foot,TSP,Type 1,68,"1, 3, 53",3,4990.4000000000015,4295.5,246.37786400000002,249.515905,346.78000000000003,335.96000000000004,100.24,86.27,"[1, 3, 53]"
37600300,U18 Omdeler,Gns. Oms,foot,TSP,Type 2,68,"1, 3",2,4395.899999999999,4014.5999999999995,258.32136900000006,259.524186,346.7800000000001,340.3300000000001,88.33999999999999,80.68,"[1, 3]"
37600300,U18 Omdeler,U36,foot,TSP,Type 1,68,"1, 3, 53",3,4990.4000000000015,4295.5,265.072864,268.003405,365.3300000000001,354.30000000000007,100.24,86.27,"[1, 3, 53]"
37600300,U18 Omdeler,U36,foot,TSP,Type 2,68,"1, 3",2,4395.899999999999,4014.5999999999995,277.016369,278.32668599999994,365.33000000000004,358.98000000000013,88.33999999999999,80.68,"[1, 3]"
37600300,U18 Omdeler,U37,foot,TSP,Type 1,68,"2, 3, 53",3,4990.4000000000015,3666.7999999999997,168.47286399999993,174.403988,268.7300000000001,248.07000000000005,100.24,73.64,"[2, 3, 53]"
37600300,U18 Omdeler,U37,foot,TSP,Type 2,68,3,1,4395.899999999999,4042.8999999999996,180.41636899999997,182.73813899999996,268.7300000000002,263.96000000000015,88.33999999999999,81.25,[3]
37600300,U18 Omdeler,U38,foot,TSP,Type 1,68,"1, 3, 53",3,4990.4000000000015,4295.5,223.702864,227.68340500000002,323.96,313.98,100.24,86.27,"[1, 3, 53]"
37600300,U18 Omdeler,U38,foot,TSP,Type 2,68,"1, 3",2,4395.899999999999,4014.5999999999995,235.64636900000005,237.4966860000001,323.96,318.14999999999986,88.33999999999999,80.68,"[1, 3]"
37600300,U18 Omdeler,U39,foot,TSP,Type 1,68,"1, 3, 4",3,4990.4000000000015,4515.700000000001,328.2628639999999,329.379587,428.51999999999964,420.0999999999997,100.24,90.71,"[1, 3, 4]"
37600300,U18 Omdeler,U39,foot,TSP,Type 2,68,,0,4395.899999999999,4395.899999999999,340.20636899999994,340.20636899999994,428.5199999999998,428.5199999999998,88.33999999999999,88.33999999999999,[]
37600500,O18 Omdeler,Gns. Oms,car,HPP,Type 1,100,"26, 72, 74, 80, 89",5,4669.399999999999,3343.899999999999,405.19136400000014,426.4665840000002,589.2700000000001,558.27,184.16,131.89000000000004,"[26, 72, 74, 80, 89]"
37600500,O18 Omdeler,Gns. Oms,car,HPP,Type 2,100,"72, 80",2,4232.6,3620.800000000001,422.41875600000003,437.63314799999995,589.2700000000001,580.3600000000001,166.91,142.79000000000002,"[72, 80]"
37600500,O18 Omdeler,U36,car,HPP,Type 1,100,"26, 72, 74, 80, 89",5,4669.399999999999,3343.899999999999,428.32886399999995,448.82658399999997,612.4899999999996,580.7099999999997,184.16,131.89000000000004,"[26, 72, 74, 80, 89]"
37600500,O18 Omdeler,U36,car,HPP,Type 2,100,"72, 80",2,4232.6,3620.800000000001,445.55625599999985,459.83564799999994,612.4899999999996,602.6399999999996,166.91,142.79000000000002,"[72, 80]"
37600500,O18 Omdeler,U37,car,HPP,Type 1,100,"26, 72, 74, 80, 89",5,4669.399999999999,3343.899999999999,301.81886399999996,324.806584,485.97999999999996,456.69000000000005,184.16,131.89000000000004,"[26, 72, 74, 80, 89]"
37600500,O18 Omdeler,U37,car,HPP,Type 2,100,"72, 80",2,4232.6,3620.800000000001,319.04625599999997,335.875648,485.97999999999996,478.67999999999995,166.91,142.79000000000002,"[72, 80]"
37600500,O18 Omdeler,U38,car,HPP,Type 1,100,"26, 72, 74, 80, 89",5,4669.399999999999,3343.899999999999,361.55886399999986,385.426584,545.7199999999998,517.3100000000001,184.16,131.89000000000004,"[26, 72, 74, 80, 89]"
37600500,O18 Omdeler,U38,car,HPP,Type 2,100,"72, 80",2,4232.6,3620.800000000001,378.78625599999975,394.4556479999998,545.7199999999999,537.2599999999999,166.91,142.79000000000002,"[72, 80]"
37600500,O18 Omdeler,U39,car,HPP,Type 1,100,"26, 72, 74, 80, 89",5,4669.399999999999,3343.899999999999,529.0588640000001,546.8065840000002,713.22,678.69,184.16,131.89000000000004,"[26, 72, 74, 80, 89]"
37600500,O18 Omdeler,U39,car,HPP,Type 2,100,"72, 80",2,4232.6,3620.800000000001,546.286256,560.3656479999999,713.2199999999999,703.1700000000001,166.91,142.79000000000002,"[72, 80]"
37600500,SE Omdeler,Gns. Oms,car,HPP,Type 1,100,"26, 72, 74, 80, 89",5,4669.399999999999,3343.899999999999,235.2718980000002,304.7820630000002,589.2700000000001,558.27,354.1000000000001,253.57000000000008,"[26, 72, 74, 80, 89]"
37600500,SE Omdeler,Gns. Oms,car,HPP,Type 2,100,"72, 76, 77",3,4232.6,3526.1,268.3944420000001,307.17833700000006,589.2700000000001,574.4800000000002,320.94,267.3400000000001,"[72, 76, 77]"
37600500,SE Omdeler,U36,car,HPP,Type 1,100,"26, 72, 74, 80, 89",5,4669.399999999999,3343.899999999999,258.409398,327.142063,612.4899999999996,580.7099999999997,354.1000000000001,253.57000000000008,"[26, 72, 74, 80, 89]"
37600500,SE Omdeler,U36,car,HPP,Type 2,100,"72, 76, 77",3,4232.6,3526.1,291.5319419999999,328.99583699999994,612.4899999999996,596.3799999999997,320.94,267.3400000000001,"[72, 76, 77]"
37600500,SE Omdeler,U37,car,HPP,Type 1,100,"26, 72, 74, 80, 89",5,4669.399999999999,3343.899999999999,131.89939800000008,203.12206300000008,485.97999999999996,456.69000000000005,354.1000000000001,253.57000000000008,"[26, 72, 74, 80, 89]"
37600500,SE Omdeler,U37,car,HPP,Type 2,100,"72, 76, 77",3,4232.6,3526.1,165.02194199999997,206.77583700000005,485.97999999999996,474.1599999999999,320.94,267.3400000000001,"[72, 76, 77]"
37600500,SE Omdeler,U38,car,HPP,Type 1,100,"26, 72, 74, 80, 89",5,4669.399999999999,3343.899999999999,191.63939799999991,263.74206300000003,545.7199999999998,517.3100000000001,354.1000000000001,253.57000000000008,"[26, 72, 74, 80, 89]"
37600500,SE Omdeler,U38,car,HPP,Type 2,100,"72, 76, 77",3,4232.6,3526.1,224.7619419999998,264.23583699999995,545.7199999999999,531.62,320.94,267.3400000000001,"[72, 76, 77]"
37600500,SE Omdeler,U39,car,HPP,Type 1,100,"26, 72, 74, 80, 89",5,4669.399999999999,3343.899999999999,359.13939800000014,425.12206300000014,713.22,678.69,354.1000000000001,253.57000000000008,"[26, 72, 74, 80, 89]"
37600500,SE Omdeler,U39,car,HPP,Type 2,100,"72, 76, 77",3,4232.6,3526.1,392.26194200000003,428.7058370000001,713.2199999999999,696.0899999999999,320.94,267.3400000000001,"[72, 76, 77]"
37600501,O18 Omdeler,Gns. Oms,car,HPP,Type 1,73,"9, 64, 65",3,4946.999999999999,4118.7,288.47782,307.493472,483.56000000000006,469.91,195.07999999999998,162.41999999999996,"[9, 64, 65]"
37600501,O18 Omdeler,Gns. Oms,car,HPP,Type 2,73,"44, 64, 65",3,4609.499999999998,3959.8,301.78882000000004,312.31298799999996,483.5599999999999,468.4599999999999,181.77999999999997,156.15999999999997,"[44, 64, 65]"
37600501,O18 Omdeler,U36,car,HPP,Type 1,73,"9, 64, 65",3,4946.999999999999,4118.7,298.72032,317.228472,493.8299999999999,479.66999999999996,195.07999999999998,162.41999999999996,"[9, 64, 65]"
37600501,O18 Omdeler,U36,car,HPP,Type 2,73,"44, 64, 65",3,4609.499999999998,3959.8,312.03132000000005,322.565488,493.8299999999998,478.7399999999999,181.77999999999997,156.15999999999997,"[44, 64, 65]"
37600501,O18 Omdeler,U37,car,HPP,Type 1,73,"9, 64, 65",3,4946.999999999999,4118.7,204.37032000000005,227.06847199999999,399.47999999999996,389.51,195.07999999999998,162.41999999999996,"[9, 64, 65]"
37600501,O18 Omdeler,U37,car,HPP,Type 2,73,"44, 64, 65",3,4609.499999999998,3959.8,217.68132000000008,230.34548799999996,399.4800000000001,386.5199999999999,181.77999999999997,156.15999999999997,"[44, 64, 65]"
37600501,O18 Omdeler,U38,car,HPP,Type 1,73,"9, 64, 65",3,4946.999999999999,4118.7,270.85032000000007,288.158472,465.96,450.5999999999999,195.07999999999998,162.41999999999996,"[9, 64, 65]"
37600501,O18 Omdeler,U38,car,HPP,Type 2,73,"44, 64, 65",3,4609.499999999998,3959.8,284.1613200000001,293.515488,465.9599999999999,449.6899999999998,181.77999999999997,156.15999999999997,"[44, 64, 65]"
37600501,O18 Omdeler,U39,car,HPP,Type 1,73,"9, 64, 65",3,4946.999999999999,4118.7,379.9703200000001,397.51847200000014,575.0800000000003,559.9600000000003,195.07999999999998,162.41999999999996,"[9, 64, 65]"
37600501,O18 Omdeler,U39,car,HPP,Type 2,73,"44, 64, 65",3,4609.499999999998,3959.8,393.2813200000001,402.8254880000001,575.08,559.0000000000002,181.77999999999997,156.15999999999997,"[44, 64, 65]"
37600501,SE Omdeler,Gns. Oms,car,HPP,Type 1,73,"9, 10, 11, 12, 64, 65",6,4946.999999999999,3879.7999999999997,108.45649000000009,160.60226600000004,483.56000000000006,454.79,375.11999999999995,294.2,"[9, 10, 11, 12, 64, 65]"
37600501,SE Omdeler,Gns. Oms,car,HPP,Type 2,73,"44, 64, 65, 66",4,4609.499999999998,3824.2000000000003,134.04911500000014,172.61841399999997,483.5599999999999,462.58000000000004,349.48,289.93999999999994,"[44, 64, 65, 66]"
37600501,SE Omdeler,U36,car,HPP,Type 1,73,"9, 10, 11, 12, 64, 65",6,4946.999999999999,3879.7999999999997,118.6989900000001,168.644766,493.8299999999999,462.8499999999999,375.11999999999995,294.2,"[9, 10, 11, 12, 64, 65]"
37600501,SE Omdeler,U36,car,HPP,Type 2,73,"44, 64, 65, 66",4,4609.499999999998,3824.2000000000003,144.29161500000015,182.49091400000003,493.8299999999998,472.4799999999999,349.48,289.93999999999994,"[44, 64, 65, 66]"
37600501,SE Omdeler,U37,car,HPP,Type 1,73,"9, 10, 11, 12, 64, 65",6,4946.999999999999,3879.7999999999997,24.34899000000013,84.44476600000003,399.47999999999996,378.6499999999999,375.11999999999995,294.2,"[9, 10, 11, 12, 64, 65]"
37600501,SE Omdeler,U37,car,HPP,Type 2,73,"44, 64, 65, 66",4,4609.499999999998,3824.2000000000003,49.94161500000018,92.00091399999995,399.4800000000001,381.99000000000007,349.48,289.93999999999994,"[44, 64, 65, 66]"
37600501,SE Omdeler,U38,car,HPP,Type 1,73,"26, 27, 28, 64, 65",5,4946.999999999999,4007.3,90.82899000000015,139.716441,465.96,443.59,375.11999999999995,303.86999999999995,"[26, 27, 28, 64, 65]"
37600501,SE Omdeler,U38,car,HPP,Type 2,73,"44, 64, 65, 66",4,4609.499999999998,3824.2000000000003,116.4216150000002,154.05091400000003,465.9599999999999,444.04,349.48,289.93999999999994,"[44, 64, 65, 66]"
37600501,SE Omdeler,U39,car,HPP,Type 1,73,"9, 10, 11, 12, 64, 65",6,4946.999999999999,3879.7999999999997,199.94899000000015,249.67476600000003,575.0800000000003,543.8800000000001,375.11999999999995,294.2,"[9, 10, 11, 12, 64, 65]"
37600501,SE Omdeler,U39,car,HPP,Type 2,73,"44, 64, 65, 66",4,4609.499999999998,3824.2000000000003,225.5416150000002,261.9309140000001,575.08,551.9200000000003,349.48,289.93999999999994,"[44, 64, 65, 66]"
37600502,O18 Omdeler,Gns. Oms,car,HPP,Type 1,111,"44, 61, 109, 110",4,5732.299999999999,4488.9000000000015,486.07808799999987,516.3752839999999,712.1700000000001,693.4200000000001,226.07999999999996,177.04000000000002,"[44, 61, 109, 110]"
37600502,O18 Omdeler,Gns. Oms,car,HPP,Type 2,111,"61, 109, 110",3,5091.3,4025.1000000000004,511.3591279999998,541.5775559999998,712.1700000000002,700.33,200.79999999999998,158.70000000000002,"[61, 109, 110]"
37600502,O18 Omdeler,U36,car,HPP,Type 1,111,"44, 61, 109, 110",4,5732.299999999999,4488.9000000000015,514.178088,545.0677840000001,740.2599999999999,722.1099999999999,226.07999999999996,177.04000000000002,"[44, 61, 109, 110]"
37600502,O18 Omdeler,U36,car,HPP,Type 2,111,"61, 109, 110",3,5091.3,4025.1000000000004,539.459128,570.6200560000002,740.2599999999998,729.3700000000002,200.79999999999998,158.70000000000002,"[61, 109, 110]"
37600502,O18 Omdeler,U37,car,HPP,Type 1,111,"44, 61, 109, 110",4,5732.299999999999,4488.9000000000015,374.01808800000003,402.21778399999994,600.0999999999997,579.2599999999998,226.07999999999996,177.04000000000002,"[44, 61, 109, 110]"
37600502,O18 Omdeler,U37,car,HPP,Type 2,111,"61, 109, 110",3,5091.3,4025.1000000000004,399.299128,426.14005599999996,600.0999999999997,584.8899999999998,200.79999999999998,158.70000000000002,"[61, 109, 110]"
37600502,O18 Omdeler,U38,car,HPP,Type 1,111,"44, 61, 109, 110",4,5732.299999999999,4488.9000000000015,460.60808799999984,495.2277839999998,686.6899999999991,672.2699999999992,226.07999999999996,177.04000000000002,"[44, 61, 109, 110]"
37600502,O18 Omdeler,U38,car,HPP,Type 2,111,"61, 109, 110",3,5091.3,4025.1000000000004,485.8891279999998,520.1400559999998,686.6899999999996,678.8899999999995,200.79999999999998,158.70000000000002,"[61, 109, 110]"
37600502,O18 Omdeler,U39,car,HPP,Type 1,111,"44, 61, 109, 110",4,5732.299999999999,4488.9000000000015,595.508088,622.987784,821.5900000000003,800.0300000000003,226.07999999999996,177.04000000000002,"[44, 61, 109, 110]"
37600502,O18 Omdeler,U39,car,HPP,Type 2,111,"61, 109, 110",3,5091.3,4025.1000000000004,620.789128,649.4100559999999,821.5900000000004,808.1600000000002,200.79999999999998,158.70000000000002,"[61, 109, 110]"
37600502,SE Omdeler,Gns. Oms,car,HPP,Type 1,111,"43, 44, 45, 46, 47, 61, 109, 110",8,5732.299999999999,4025.100000000001,277.47969099999995,362.8666669999999,712.1700000000001,668.0900000000003,434.6899999999999,305.2499999999998,"[43, 44, 45, 46, 47, 61, 109, 110]"
37600502,SE Omdeler,Gns. Oms,car,HPP,Type 2,111,"61, 109, 110",3,5091.3,4025.1000000000004,326.08672099999984,395.10416699999985,712.1700000000002,700.33,386.09999999999985,305.26000000000016,"[61, 109, 110]"
37600502,SE Omdeler,U36,car,HPP,Type 1,111,"43, 44, 45, 46, 47, 61, 109, 110",8,5732.299999999999,4025.100000000001,305.5796910000001,390.04666700000007,740.2599999999999,695.2699999999999,434.6899999999999,305.2499999999998,"[43, 44, 45, 46, 47, 61, 109, 110]"
37600502,SE Omdeler,U36,car,HPP,Type 2,111,"61, 109, 110",3,5091.3,4025.1000000000004,354.186721,424.1466670000002,740.2599999999998,729.3700000000002,386.09999999999985,305.26000000000016,"[61, 109, 110]"
37600502,SE Omdeler,U37,car,HPP,Type 1,111,"43, 44, 45, 46, 47, 61, 109, 110",8,5732.299999999999,4025.100000000001,165.4196910000001,254.15666699999997,600.0999999999997,559.3799999999995,434.6899999999999,305.2499999999998,"[43, 44, 45, 46, 47, 61, 109, 110]"
37600502,SE Omdeler,U37,car,HPP,Type 2,111,"61, 109, 110",3,5091.3,4025.1000000000004,214.026721,279.66666699999996,600.0999999999997,584.8899999999998,386.09999999999985,305.26000000000016,"[61, 109, 110]"
37600502,SE Omdeler,U38,car,HPP,Type 1,111,"43, 44, 45, 46, 47, 61, 109, 110",8,5732.299999999999,4025.100000000001,252.00969099999992,342.66666699999985,686.6899999999991,647.8899999999994,434.6899999999999,305.2499999999998,"[43, 44, 45, 46, 47, 61, 109, 110]"
37600502,SE Omdeler,U38,car,HPP,Type 2,111,"61, 109, 110",3,5091.3,4025.1000000000004,300.6167209999998,373.66666699999985,686.6899999999996,678.8899999999995,386.09999999999985,305.26000000000016,"[61, 109, 110]"
37600502,SE Omdeler,U39,car,HPP,Type 1,111,"43, 44, 45, 46, 47, 61, 109, 110",8,5732.299999999999,4025.100000000001,386.9096910000001,464.596667,821.5900000000003,769.8200000000004,434.6899999999999,305.2499999999998,"[43, 44, 45, 46, 47, 61, 109, 110]"
37600502,SE Omdeler,U39,car,HPP,Type 2,111,"61, 109, 110",3,5091.3,4025.1000000000004,435.516721,502.93666699999994,821.5900000000004,808.1600000000002,386.09999999999985,305.26000000000016,"[61, 109, 110]"
37600503,O18 Omdeler,Gns. Oms,car,HPP,Type 1,74,"21, 22, 46, 73",4,4412.6,3431.3000000000006,301.80955599999993,324.3145279999999,475.80999999999995,459.60999999999996,174.06000000000006,135.35000000000002,"[21, 22, 46, 73]"
37600503,O18 Omdeler,Gns. Oms,car,HPP,Type 2,74,"46, 73",2,4081.7999999999993,3472.6000000000004,314.8563079999999,331.31815599999993,475.81,468.23999999999995,161.01,136.94000000000003,"[46, 73]"
37600503,O18 Omdeler,U36,car,HPP,Type 1,74,"21, 22, 46, 73",4,4412.6,3431.3000000000006,324.96705599999996,344.6195279999999,498.9999999999997,479.9499999999997,174.06000000000006,135.35000000000002,"[21, 22, 46, 73]"
37600503,O18 Omdeler,U36,car,HPP,Type 2,74,"46, 73",2,4081.7999999999993,3472.6000000000004,338.01380800000004,352.780656,498.9999999999999,489.73999999999984,161.01,136.94000000000003,"[46, 73]"
37600503,O18 Omdeler,U37,car,HPP,Type 1,74,"21, 22, 46, 49, 73",5,4412.6,3278.4000000000005,227.507056,252.78990399999995,401.53999999999985,382.08999999999986,174.06000000000006,129.32000000000002,"[21, 22, 46, 49, 73]"
37600503,O18 Omdeler,U37,car,HPP,Type 2,74,"21, 22, 46",3,4081.7999999999993,3346.4000000000005,240.55380800000003,258.73798399999987,401.5399999999999,390.7199999999998,161.01,131.96000000000004,"[21, 22, 46]"
37600503,O18 Omdeler,U38,car,HPP,Type 1,74,"21, 22, 46, 73",4,4412.6,3431.3000000000006,275.937056,301.189528,449.9699999999998,436.5199999999998,174.06000000000006,135.35000000000002,"[21, 22, 46, 73]"
37600503,O18 Omdeler,U38,car,HPP,Type 2,74,"46, 73",2,4081.7999999999993,3472.6000000000004,288.98380799999995,306.99065599999994,449.96999999999986,443.94999999999993,161.01,136.94000000000003,"[46, 73]"
37600503,O18 Omdeler,U39,car,HPP,Type 1,74,"27, 46, 73",3,4412.6,3656.4,378.82705599999986,400.241584,552.8599999999999,544.4499999999999,174.06000000000006,144.23000000000002,"[27, 46, 73]"
37600503,O18 Omdeler,U39,car,HPP,Type 2,74,"46, 73",2,4081.7999999999993,3472.6000000000004,391.87380799999994,408.4506560000001,552.86,545.4100000000001,161.01,136.94000000000003,"[46, 73]"
37600503,SE Omdeler,Gns. Oms,car,HPP,Type 1,74,"21, 22, 46, 49, 73",5,4412.6,3278.4000000000005,141.2350419999999,204.13392799999986,475.80999999999995,452.69999999999993,334.6399999999998,248.61999999999995,"[21, 22, 46, 49, 73]"
37600503,SE Omdeler,Gns. Oms,car,HPP,Type 2,74,"21, 22, 46",3,4081.7999999999993,3346.4000000000005,166.31960599999996,207.57248799999982,475.81,461.29999999999995,309.56,253.75000000000003,"[21, 22, 46]"
37600503,SE Omdeler,U36,car,HPP,Type 1,74,"21, 22, 46, 49, 73",5,4412.6,3278.4000000000005,164.392542,224.08892799999995,498.9999999999997,472.6899999999997,334.6399999999998,248.61999999999995,"[21, 22, 46, 49, 73]"
37600503,SE Omdeler,U36,car,HPP,Type 2,74,"21, 22, 46",3,4081.7999999999993,3346.4000000000005,189.47710600000005,229.19248799999988,498.9999999999999,482.9499999999998,309.56,253.75000000000003,"[21, 22, 46]"
37600503,SE Omdeler,U37,car,HPP,Type 1,74,"21, 22, 46, 49, 73",5,4412.6,3278.4000000000005,66.93254200000001,133.48892799999993,401.53999999999985,382.08999999999986,334.6399999999998,248.61999999999995,"[21, 22, 46, 49, 73]"
37600503,SE Omdeler,U37,car,HPP,Type 2,74,"21, 22, 46",3,4081.7999999999993,3346.4000000000005,92.01710600000007,136.96248799999987,401.5399999999999,390.7199999999998,309.56,253.75000000000003,"[21, 22, 46]"
37600503,SE Omdeler,U38,car,HPP,Type 1,74,"21, 22, 46, 49, 73",5,4412.6,3278.4000000000005,115.36254199999996,181.29892799999993,449.9699999999998,429.8999999999998,334.6399999999998,248.61999999999995,"[21, 22, 46, 49, 73]"
37600503,SE Omdeler,U38,car,HPP,Type 2,74,"21, 22, 46",3,4081.7999999999993,3346.4000000000005,140.44710600000002,183.13248799999994,449.96999999999986,436.88999999999993,309.56,253.75000000000003,"[21, 22, 46]"
37600503,SE Omdeler,U39,car,HPP,Type 1,74,"21, 22, 46, 49, 73",5,4412.6,3278.4000000000005,218.2525419999999,277.65892799999995,552.8599999999999,526.2599999999999,334.6399999999998,248.61999999999995,"[21, 22, 46, 49, 73]"
37600503,SE Omdeler,U39,car,HPP,Type 2,74,"46, 73",2,4081.7999999999993,3472.6000000000004,243.33710599999995,282.08274200000005,552.86,545.4100000000001,309.56,263.33000000000004,"[46, 73]"
37600540,O18 Omdeler,Gns. Oms,car,HPP,Type 1,86,"6, 62, 63, 73",4,1807.500000000001,1189.5000000000005,401.69469999999995,405.48112,472.9500000000004,452.3600000000003,71.31999999999998,46.950000000000024,"[6, 62, 63, 73]"
37600540,O18 Omdeler,Gns. Oms,car,HPP,Type 2,86,6,1,1344.1000000000006,1134.3,419.97119599999996,420.138208,472.95000000000044,464.84000000000043,53.01999999999999,44.76,[6]
37600540,O18 Omdeler,U36,car,HPP,Type 1,86,"6, 12, 73",3,1807.500000000001,1339.5000000000002,430.75219999999996,435.46011999999996,502.0400000000001,488.29,71.31999999999998,52.86000000000001,"[6, 12, 73]"
37600540,O18 Omdeler,U36,car,HPP,Type 2,86,6,1,1344.1000000000006,1134.3,449.02869599999997,449.993208,502.04,494.73,53.01999999999999,44.76,[6]
37600540,O18 Omdeler,U37,car,HPP,Type 1,86,"6, 12, 62, 63",4,1807.500000000001,1059.1000000000001,300.9221999999999,309.18909599999995,372.21000000000015,350.9600000000001,71.31999999999998,41.79,"[6, 12, 62, 63]"
37600540,O18 Omdeler,U37,car,HPP,Type 2,86,6,1,1344.1000000000006,1134.3,319.1986959999999,320.98320799999993,372.21000000000015,365.72000000000014,53.01999999999999,44.76,[6]
37600540,O18 Omdeler,U38,car,HPP,Type 1,86,"6, 62, 63, 73",4,1807.500000000001,1189.5000000000005,378.0021999999999,384.3661199999999,449.29000000000025,431.2800000000002,71.31999999999998,46.950000000000024,"[6, 62, 63, 73]"
37600540,O18 Omdeler,U38,car,HPP,Type 2,86,6,1,1344.1000000000006,1134.3,396.27869599999997,397.90320799999995,449.29000000000013,442.64,53.01999999999999,44.76,[6]
37600540,O18 Omdeler,U39,car,HPP,Type 1,86,,0,1807.500000000001,1807.500000000001,497.1021999999999,497.1021999999999,568.3900000000004,568.3900000000004,71.31999999999998,71.31999999999998,[]
37600540,O18 Omdeler,U39,car,HPP,Type 2,86,,0,1344.1000000000006,1344.1000000000006,515.378696,515.378696,568.3900000000003,568.3900000000003,53.01999999999999,53.01999999999999,[]
37600540,SE Omdeler,Gns. Oms,car,HPP,Type 1,86,"6, 12, 62, 63",4,1807.500000000001,1059.1000000000001,335.91977499999996,366.193447,472.9500000000004,446.48000000000036,137.05999999999995,80.31000000000003,"[6, 12, 62, 63]"
37600540,SE Omdeler,Gns. Oms,car,HPP,Type 2,86,"6, 62, 63, 64, 65, 66",6,1344.1000000000006,854.8,371.059397,385.353016,472.95000000000044,450.14000000000027,101.9,64.78000000000002,"[6, 62, 63, 64, 65, 66]"
37600540,SE Omdeler,U36,car,HPP,Type 1,86,"6, 12, 62, 63",4,1807.500000000001,1059.1000000000001,364.97727499999996,395.35844699999996,502.0400000000001,475.67,137.05999999999995,80.31000000000003,"[6, 12, 62, 63]"
37600540,SE Omdeler,U36,car,HPP,Type 2,86,"6, 62, 63, 64, 65, 66",6,1344.1000000000006,854.8,400.116897,415.65051600000004,502.04,480.46999999999997,101.9,64.78000000000002,"[6, 62, 63, 64, 65, 66]"
37600540,SE Omdeler,U37,car,HPP,Type 1,86,"6, 12, 62, 63",4,1807.500000000001,1059.1000000000001,235.14727499999992,270.648447,372.21000000000015,350.9600000000001,137.05999999999995,80.31000000000003,"[6, 12, 62, 63]"
37600540,SE Omdeler,U37,car,HPP,Type 2,86,"6, 62, 63, 64, 65, 66",6,1344.1000000000006,854.8,270.28689699999995,289.37051599999995,372.21000000000015,354.19,101.9,64.78000000000002,"[6, 62, 63, 64, 65, 66]"
37600540,SE Omdeler,U38,car,HPP,Type 1,86,"6, 12, 62, 63",4,1807.500000000001,1059.1000000000001,312.2272749999999,345.2684469999999,449.29000000000025,425.58000000000015,137.05999999999995,80.31000000000003,"[6, 12, 62, 63]"
37600540,SE Omdeler,U38,car,HPP,Type 2,86,"6, 62, 63, 64, 65",5,1344.1000000000006,884.0,347.36689699999994,363.53628000000003,449.29000000000013,430.57,101.9,67.01,"[6, 62, 63, 64, 65]"
37600540,SE Omdeler,U39,car,HPP,Type 1,86,"6, 12, 62, 63",4,1807.500000000001,1059.1000000000001,431.32727499999993,453.49844700000006,568.3900000000004,533.8100000000004,137.05999999999995,80.31000000000003,"[6, 12, 62, 63]"
37600540,SE Omdeler,U39,car,HPP,Type 2,86,"6, 62, 63",3,1344.1000000000006,919.4000000000001,466.46689699999996,472.45189799999997,568.3900000000003,542.1700000000003,101.9,69.7,"[6, 62, 63]"
37600541,O18 Omdeler,Gns. Oms,foot,TSP,Type 1,121,105,1,6265.599999999999,6160.2,569.0969599999997,571.1953199999998,746.9999999999997,746.0999999999997,177.89000000000001,174.9,[105]
37600541,O18 Omdeler,Gns. Oms,foot,TSP,Type 2,121,105,1,5807.499999999996,5701.999999999997,582.1069999999999,584.2081999999999,747.0,746.1000000000001,164.93000000000006,161.93000000000006,[105]
37600541,O18 Omdeler,U36,foot,TSP,Type 1,121,105,1,6265.599999999999,6160.2,592.57696,595.20032,770.5200000000002,770.1500000000002,177.89000000000001,174.9,[105]
37600541,O18 Omdeler,U36,foot,TSP,Type 2,121,105,1,5807.499999999996,5701.999999999997,605.5870000000001,608.2132000000001,770.5199999999998,770.1499999999997,164.93000000000006,161.93000000000006,[105]
37600541,O18 Omdeler,U37,foot,TSP,Type 1,121,"7, 8, 105",3,6265.599999999999,5760.500000000002,423.6069600000001,424.6617999999999,601.5499999999996,588.2599999999995,177.89000000000001,163.56000000000003,"[7, 8, 105]"
37600541,O18 Omdeler,U37,foot,TSP,Type 2,121,"7, 8",2,5807.499999999996,5407.7999999999965,436.6170000000002,437.14848,601.5499999999995,590.7299999999996,164.93000000000006,153.5900000000001,"[7, 8]"
37600541,O18 Omdeler,U38,foot,TSP,Type 1,121,"55, 104, 105",3,6265.599999999999,6101.2,553.6169600000001,557.9159199999999,731.5599999999991,731.1899999999991,177.89000000000001,173.22,"[55, 104, 105]"
37600541,O18 Omdeler,U38,foot,TSP,Type 2,121,105,1,5807.499999999996,5701.999999999997,566.6270000000002,569.2532000000001,731.5599999999991,731.1899999999991,164.93000000000006,161.93000000000006,[105]
37600541,O18 Omdeler,U39,foot,TSP,Type 1,121,105,1,6265.599999999999,6160.2,706.5869599999999,709.2103199999998,884.5300000000003,884.1600000000003,177.89000000000001,174.9,[105]
37600541,O18 Omdeler,U39,foot,TSP,Type 2,121,105,1,5807.499999999996,5701.999999999997,719.597,722.2231999999999,884.5300000000007,884.1600000000007,164.93000000000006,161.93000000000006,[105]
37600541,SE Omdeler,Gns. Oms,foot,TSP,Type 1,121,"7, 8, 105",3,6265.599999999999,5760.500000000002,404.9382399999997,418.05419999999975,746.9999999999997,732.5299999999997,342.1,314.50999999999993,"[7, 8, 105]"
37600541,SE Omdeler,Gns. Oms,foot,TSP,Type 2,121,"7, 8",2,5807.499999999996,5407.7999999999965,429.9504999999999,438.20662000000004,747.0,733.43,317.07999999999987,295.2599999999999,"[7, 8]"
37600541,SE Omdeler,U36,foot,TSP,Type 1,121,"7, 8, 105",3,6265.599999999999,5760.500000000002,428.41823999999997,441.3066999999998,770.5200000000002,755.8300000000002,342.1,314.50999999999993,"[7, 8, 105]"
37600541,SE Omdeler,U36,foot,TSP,Type 2,121,"7, 8",2,5807.499999999996,5407.7999999999965,453.43050000000017,460.9341200000001,770.5199999999998,756.1999999999998,317.07999999999987,295.2599999999999,"[7, 8]"
37600541,SE Omdeler,U37,foot,TSP,Type 1,121,"7, 8, 9, 105",4,6265.599999999999,5626.1,259.44824000000006,275.65493999999984,601.5499999999996,582.8399999999996,342.1,307.1699999999999,"[7, 8, 9, 105]"
37600541,SE Omdeler,U37,foot,TSP,Type 2,121,"7, 8, 9",3,5807.499999999996,5273.399999999997,284.46050000000025,297.3823600000001,601.5499999999995,585.3099999999996,317.07999999999987,287.91999999999985,"[7, 8, 9]"
37600541,SE Omdeler,U38,foot,TSP,Type 1,121,"7, 8, 103, 104, 105",5,6265.599999999999,5760.500000000002,389.45824000000005,403.5866999999999,731.5599999999991,718.1099999999992,342.1,314.50999999999993,"[7, 8, 103, 104, 105]"
37600541,SE Omdeler,U38,foot,TSP,Type 2,121,"7, 8",2,5807.499999999996,5407.7999999999965,414.47050000000024,423.2141200000002,731.5599999999991,718.4799999999992,317.07999999999987,295.2599999999999,"[7, 8]"
37600541,SE Omdeler,U39,foot,TSP,Type 1,121,"7, 8, 105",3,6265.599999999999,5760.500000000002,542.4282399999998,553.5866999999996,884.5300000000003,868.1100000000004,342.1,314.50999999999993,"[7, 8, 105]"
37600541,SE Omdeler,U39,foot,TSP,Type 2,121,"7, 8",2,5807.499999999996,5407.7999999999965,567.4405,573.21412,884.5300000000007,868.4800000000006,317.07999999999987,295.2599999999999,"[7, 8]"
37600541,U18 Omdeler,Gns. Oms,foot,TSP,Type 1,121,105,1,6265.599999999999,6160.2,621.1640959999997,622.3865819999999,746.9999999999997,746.0999999999997,125.92999999999998,123.80999999999997,[105]
37600541,U18 Omdeler,Gns. Oms,foot,TSP,Type 2,121,105,1,5807.499999999996,5701.999999999997,630.3673249999998,631.59182,747.0,746.1000000000001,116.71999999999998,114.6,[105]
37600541,U18 Omdeler,U36,foot,TSP,Type 1,121,105,1,6265.599999999999,6160.2,644.644096,646.3915820000001,770.5200000000002,770.1500000000002,125.92999999999998,123.80999999999997,[105]
37600541,U18 Omdeler,U36,foot,TSP,Type 2,121,105,1,5807.499999999996,5701.999999999997,653.8473250000001,655.5968200000002,770.5199999999998,770.1499999999997,116.71999999999998,114.6,[105]
37600541,U18 Omdeler,U37,foot,TSP,Type 1,121,37,1,6265.599999999999,6265.5,475.6740960000001,475.67610500000006,601.5499999999996,601.5499999999996,125.92999999999998,125.92999999999998,[37]
37600541,U18 Omdeler,U37,foot,TSP,Type 2,121,,0,5807.499999999996,5807.499999999996,484.87732500000016,484.87732500000016,601.5499999999995,601.5499999999995,116.71999999999998,116.71999999999998,[]
37600541,U18 Omdeler,U38,foot,TSP,Type 1,121,"55, 104, 105",3,6265.599999999999,6101.2,605.6840960000001,608.6168919999999,731.5599999999991,731.1899999999991,125.92999999999998,122.63,"[55, 104, 105]"
37600541,U18 Omdeler,U38,foot,TSP,Type 2,121,105,1,5807.499999999996,5701.999999999997,614.8873250000001,616.6368200000002,731.5599999999991,731.1899999999991,116.71999999999998,114.6,[105]
37600541,U18 Omdeler,U39,foot,TSP,Type 1,121,105,1,6265.599999999999,6160.2,758.6540959999999,760.4015819999998,884.5300000000003,884.1600000000003,125.92999999999998,123.80999999999997,[105]
37600541,U18 Omdeler,U39,foot,TSP,Type 2,121,105,1,5807.499999999996,5701.999999999997,767.857325,769.60682,884.5300000000007,884.1600000000007,116.71999999999998,114.6,[105]
37700001,O18 Omdeler,Gns. Oms,foot,TSP,Type 1,108,"11, 12, 13, 16, 17, 18",6,6657.700000000003,4350.1,319.24881999999997,362.7296599999999,508.2099999999997,486.14999999999975,189.0699999999999,123.51999999999995,"[11, 12, 13, 16, 17, 18]"
37700001,O18 Omdeler,Gns. Oms,foot,TSP,Type 2,108,"17, 18",2,5486.599999999999,4495.899999999999,352.50806000000006,367.23394000000013,508.2099999999996,494.7999999999998,155.82999999999993,127.69999999999999,"[17, 18]"
37700001,O18 Omdeler,U36,foot,TSP,Type 1,108,"11, 12, 13, 16, 17, 18",6,6657.700000000003,4350.1,307.2913199999999,350.82715999999994,496.37000000000046,474.37000000000046,189.0699999999999,123.51999999999995,"[11, 12, 13, 16, 17, 18]"
37700001,O18 Omdeler,U36,foot,TSP,Type 2,108,"17, 18",2,5486.599999999999,4495.899999999999,340.55056,353.50644,496.3700000000004,481.1900000000004,155.82999999999993,127.69999999999999,"[17, 18]"
37700001,O18 Omdeler,U37,foot,TSP,Type 1,108,"11, 12, 13, 16, 17, 18",6,6657.700000000003,4350.1,259.49132,306.30716000000007,448.5700000000006,429.85000000000053,189.0699999999999,123.51999999999995,"[11, 12, 13, 16, 17, 18]"
37700001,O18 Omdeler,U37,foot,TSP,Type 2,108,"17, 18",2,5486.599999999999,4495.899999999999,292.75056000000006,309.7964400000001,448.57000000000056,437.4800000000007,155.82999999999993,127.69999999999999,"[17, 18]"
37700001,O18 Omdeler,U38,foot,TSP,Type 1,108,"11, 12, 13, 16, 17, 18",6,6657.700000000003,4350.1,309.3613199999999,354.76716,498.44000000000005,478.31000000000006,189.0699999999999,123.51999999999995,"[11, 12, 13, 16, 17, 18]"
37700001,O18 Omdeler,U38,foot,TSP,Type 2,108,"17, 18",2,5486.599999999999,4495.899999999999,342.62056,357.59644,498.43999999999994,485.28000000000003,155.82999999999993,127.69999999999999,"[17, 18]"
37700001,O18 Omdeler,U39,foot,TSP,Type 1,108,"11, 12, 13, 16, 17, 18",6,6657.700000000003,4350.1,400.8513199999999,439.01716000000005,589.9300000000002,562.5600000000001,189.0699999999999,123.51999999999995,"[11, 12, 13, 16, 17, 18]"
37700001,O18 Omdeler,U39,foot,TSP,Type 2,108,"17, 18",2,5486.599999999999,4495.899999999999,434.11055999999996,448.03643999999997,589.9300000000005,575.72,155.82999999999993,127.69999999999999,"[17, 18]"
37700001,SE Omdeler,Gns. Oms,foot,TSP,Type 1,108,"11, 12, 13, 16, 17, 18",6,6657.700000000003,4350.1,144.81707999999986,248.75703999999985,508.2099999999997,486.14999999999975,363.49999999999994,237.52,"[11, 12, 13, 16, 17, 18]"
37700001,SE Omdeler,Gns. Oms,foot,TSP,Type 2,108,"17, 18",2,5486.599999999999,4495.899999999999,208.75914000000006,249.44136000000015,508.2099999999996,494.7999999999998,299.55999999999995,245.46999999999997,"[17, 18]"
37700001,SE Omdeler,U36,foot,TSP,Type 1,108,"11, 12, 13, 16, 17, 18",6,6657.700000000003,4350.1,132.85957999999982,236.85453999999987,496.37000000000046,474.37000000000046,363.49999999999994,237.52,"[11, 12, 13, 16, 17, 18]"
37700001,SE Omdeler,U36,foot,TSP,Type 2,108,"17, 18",2,5486.599999999999,4495.899999999999,196.80164000000002,235.71386,496.3700000000004,481.1900000000004,299.55999999999995,245.46999999999997,"[17, 18]"
37700001,SE Omdeler,U37,foot,TSP,Type 1,108,"11, 12, 13, 16, 17, 18",6,6657.700000000003,4350.1,85.05957999999987,192.33454,448.5700000000006,429.85000000000053,363.49999999999994,237.52,"[11, 12, 13, 16, 17, 18]"
37700001,SE Omdeler,U37,foot,TSP,Type 2,108,"15, 16, 17, 18, 19, 20",6,5486.599999999999,4083.599999999999,149.00164000000007,192.33544000000018,448.57000000000056,415.3000000000007,299.55999999999995,222.94999999999996,"[15, 16, 17, 18, 19, 20]"
37700001,SE Omdeler,U38,foot,TSP,Type 1,108,"11, 12, 13, 16, 17, 18",6,6657.700000000003,4350.1,134.92957999999982,240.79453999999993,498.44000000000005,478.31000000000006,363.49999999999994,237.52,"[11, 12, 13, 16, 17, 18]"
37700001,SE Omdeler,U38,foot,TSP,Type 2,108,"17, 18",2,5486.599999999999,4495.899999999999,198.87164,239.80386,498.43999999999994,485.28000000000003,299.55999999999995,245.46999999999997,"[17, 18]"
37700001,SE Omdeler,U39,foot,TSP,Type 1,108,"11, 12, 13, 16, 17, 18",6,6657.700000000003,4350.1,226.41957999999977,325.04454,589.9300000000002,562.5600000000001,363.49999999999994,237.52,"[11, 12, 13, 16, 17, 18]"
37700001,SE Omdeler,U39,foot,TSP,Type 2,108,"17, 18",2,5486.599999999999,4495.899999999999,290.36163999999997,330.24386,589.9300000000005,575.72,299.55999999999995,245.46999999999997,"[17, 18]"
37700001,U18 Omdeler,Gns. Oms,foot,TSP,Type 1,108,"11, 12, 13, 17, 18",5,6657.700000000003,4680.0999999999985,374.574307,399.05929100000003,508.2099999999997,492.9599999999997,133.74999999999997,94.02999999999997,"[11, 12, 13, 17, 18]"
37700001,U18 Omdeler,Gns. Oms,foot,TSP,Type 2,108,"17, 18",2,5486.599999999999,4495.899999999999,398.10170600000004,404.5948690000001,508.2099999999996,494.7999999999998,110.21000000000004,90.31000000000002,"[17, 18]"
37700001,U18 Omdeler,U36,foot,TSP,Type 1,108,"11, 12, 13, 17, 18",5,6657.700000000003,4680.0999999999985,362.616807,387.16679100000005,496.37000000000046,481.19000000000045,133.74999999999997,94.02999999999997,"[11, 12, 13, 17, 18]"
37700001,U18 Omdeler,U36,foot,TSP,Type 2,108,"11, 12, 13, 22, 24",5,5486.599999999999,5185.099999999998,386.144206,391.83134099999995,496.3700000000004,496.0000000000004,110.21000000000004,104.18,"[11, 12, 13, 22, 24]"
37700001,U18 Omdeler,U37,foot,TSP,Type 1,108,"11, 12, 13, 16, 17, 18",6,6657.700000000003,4350.1,314.81680700000004,342.45649100000014,448.5700000000006,429.85000000000053,133.74999999999997,87.39999999999998,"[11, 12, 13, 16, 17, 18]"
37700001,U18 Omdeler,U37,foot,TSP,Type 2,108,"17, 18",2,5486.599999999999,4495.899999999999,338.34420600000004,347.157369,448.57000000000056,437.4800000000007,110.21000000000004,90.31000000000002,"[17, 18]"
37700001,U18 Omdeler,U38,foot,TSP,Type 1,108,"11, 12, 13, 17, 18",5,6657.700000000003,4680.0999999999985,364.68680699999993,391.256791,498.44000000000005,485.28000000000003,133.74999999999997,94.02999999999997,"[11, 12, 13, 17, 18]"
37700001,U18 Omdeler,U38,foot,TSP,Type 2,108,"17, 18",2,5486.599999999999,4495.899999999999,388.214206,394.9573689999999,498.43999999999994,485.28000000000003,110.21000000000004,90.31000000000002,"[17, 18]"
37700001,U18 Omdeler,U39,foot,TSP,Type 1,108,"12, 13, 17, 18",4,6657.700000000003,4823.699999999999,456.17680699999994,474.941867,589.9300000000002,571.85,133.74999999999997,96.90999999999995,"[12, 13, 17, 18]"
37700001,U18 Omdeler,U39,foot,TSP,Type 2,108,"17, 18",2,5486.599999999999,4495.899999999999,479.70420599999994,485.3973689999999,589.9300000000005,575.72,110.21000000000004,90.31000000000002,"[17, 18]"
37700002,O18 Omdeler,Gns. Oms,foot,TSP,Type 1,99,"14, 22, 29",3,4984.800000000002,4512.000000000002,373.87667999999996,377.26419999999996,515.3699999999997,505.3299999999997,141.53999999999994,128.10999999999999,"[14, 22, 29]"
37700002,O18 Omdeler,Gns. Oms,foot,TSP,Type 2,99,22,1,4509.800000000001,4339.800000000001,387.36668,390.1246799999999,515.3699999999995,513.2999999999996,128.03999999999996,123.21999999999998,[22]
37700002,O18 Omdeler,U36,foot,TSP,Type 1,99,"14, 22, 29",3,4984.800000000002,4512.000000000002,358.9516799999999,363.7891999999999,500.5200000000005,491.9300000000005,141.53999999999994,128.10999999999999,"[14, 22, 29]"
37700002,O18 Omdeler,U36,foot,TSP,Type 2,99,22,1,4509.800000000001,4339.800000000001,372.4416799999999,375.4996799999999,500.5200000000003,498.75000000000034,128.03999999999996,123.21999999999998,[22]
37700002,O18 Omdeler,U37,foot,TSP,Type 1,99,29,1,4984.800000000002,4682.000000000003,320.20168,322.87119999999993,461.77000000000066,455.8400000000006,141.53999999999994,132.94,[29]
37700002,O18 Omdeler,U37,foot,TSP,Type 2,99,22,1,4509.800000000001,4339.800000000001,333.69168,334.19967999999994,461.7700000000007,457.4500000000007,128.03999999999996,123.21999999999998,[22]
37700002,O18 Omdeler,U38,foot,TSP,Type 1,99,"14, 22, 29",3,4984.800000000002,4512.000000000002,377.6716799999999,384.1291999999999,519.24,512.27,141.53999999999994,128.10999999999999,"[14, 22, 29]"
37700002,O18 Omdeler,U38,foot,TSP,Type 2,99,22,1,4509.800000000001,4339.800000000001,391.16167999999993,395.98968,519.2400000000002,519.2400000000002,128.03999999999996,123.21999999999998,[22]
37700002,O18 Omdeler,U39,foot,TSP,Type 1,99,22,1,4984.800000000002,4814.800000000002,438.68168000000003,441.31967999999995,580.2500000000003,578.0600000000003,141.53999999999994,136.71999999999997,[22]
37700002,O18 Omdeler,U39,foot,TSP,Type 2,99,22,1,4509.800000000001,4339.800000000001,452.17168000000004,454.80967999999996,580.2500000000002,578.0600000000002,128.03999999999996,123.21999999999998,[22]
37700002,SE Omdeler,Gns. Oms,foot,TSP,Type 1,99,"14, 22, 29",3,4984.800000000002,4512.000000000002,243.27491999999995,259.04979999999995,515.3699999999997,505.3299999999997,272.13000000000017,246.31000000000012,"[14, 22, 29]"
37700002,SE Omdeler,Gns. Oms,foot,TSP,Type 2,99,22,1,4509.800000000001,4339.800000000001,269.20992,276.42191999999994,515.3699999999995,513.2999999999996,246.1999999999999,236.9199999999999,[22]
37700002,SE Omdeler,U36,foot,TSP,Type 1,99,"14, 22, 29",3,4984.800000000002,4512.000000000002,228.34991999999988,245.57479999999987,500.5200000000005,491.9300000000005,272.13000000000017,246.31000000000012,"[14, 22, 29]"
37700002,SE Omdeler,U36,foot,TSP,Type 2,99,22,1,4509.800000000001,4339.800000000001,254.28491999999991,261.79691999999994,500.5200000000003,498.75000000000034,246.1999999999999,236.9199999999999,[22]
37700002,SE Omdeler,U37,foot,TSP,Type 1,99,"22, 29, 30",3,4984.800000000002,4429.300000000003,189.59992,204.52021999999982,461.77000000000066,446.3600000000006,272.13000000000017,241.79000000000013,"[22, 29, 30]"
37700002,SE Omdeler,U37,foot,TSP,Type 2,99,22,1,4509.800000000001,4339.800000000001,215.53492000000003,220.49692,461.7700000000007,457.4500000000007,246.1999999999999,236.9199999999999,[22]
37700002,SE Omdeler,U38,foot,TSP,Type 1,99,"14, 22, 29",3,4984.800000000002,4512.000000000002,247.0699199999999,265.9147999999999,519.24,512.27,272.13000000000017,246.31000000000012,"[14, 22, 29]"
37700002,SE Omdeler,U38,foot,TSP,Type 2,99,22,1,4509.800000000001,4339.800000000001,273.00491999999997,282.28692000000007,519.2400000000002,519.2400000000002,246.1999999999999,236.9199999999999,[22]
37700002,SE Omdeler,U39,foot,TSP,Type 1,99,"22, 29, 30",3,4984.800000000002,4429.300000000003,308.07992,322.0102199999998,580.2500000000003,563.8500000000001,272.13000000000017,241.79000000000013,"[22, 29, 30]"
37700002,SE Omdeler,U39,foot,TSP,Type 2,99,22,1,4509.800000000001,4339.800000000001,334.0149200000001,341.10692,580.2500000000002,578.0600000000002,246.1999999999999,236.9199999999999,[22]
37700002,U18 Omdeler,Gns. Oms,foot,TSP,Type 1,99,22,1,4984.800000000002,4814.800000000002,415.300368,416.64566799999994,515.3699999999997,513.2999999999997,100.16000000000005,96.74000000000005,[22]
37700002,U18 Omdeler,Gns. Oms,foot,TSP,Type 2,99,22,1,4509.800000000001,4339.800000000001,424.843118,426.18841799999996,515.3699999999995,513.2999999999996,90.64999999999999,87.23999999999998,[22]
37700002,U18 Omdeler,U36,foot,TSP,Type 1,99,"13, 14, 22",3,4984.800000000002,4758.300000000003,400.3753679999999,403.1557529999999,500.5200000000005,498.7500000000005,100.16000000000005,95.60000000000005,"[13, 14, 22]"
37700002,U18 Omdeler,U36,foot,TSP,Type 2,99,22,1,4509.800000000001,4339.800000000001,409.91811799999994,411.56341799999996,500.5200000000003,498.75000000000034,90.64999999999999,87.23999999999998,[22]
37700002,U18 Omdeler,U37,foot,TSP,Type 1,99,94,1,4984.800000000002,4964.200000000002,361.62536800000004,362.039222,461.77000000000066,461.77000000000066,100.16000000000005,99.75000000000006,[94]
37700002,U18 Omdeler,U37,foot,TSP,Type 2,99,,0,4509.800000000001,4509.800000000001,371.16811800000005,371.16811800000005,461.7700000000007,461.7700000000007,90.64999999999999,90.64999999999999,[]
37700002,U18 Omdeler,U38,foot,TSP,Type 1,99,"13, 14, 22",3,4984.800000000002,4758.300000000003,419.09536799999995,423.64575299999996,519.24,519.24,100.16000000000005,95.60000000000005,"[13, 14, 22]"
37700002,U18 Omdeler,U38,foot,TSP,Type 2,99,22,1,4509.800000000001,4339.800000000001,428.63811799999996,432.0534180000001,519.2400000000002,519.2400000000002,90.64999999999999,87.23999999999998,[22]
37700002,U18 Omdeler,U39,foot,TSP,Type 1,99,22,1,4984.800000000002,4814.800000000002,480.10536800000006,481.330668,580.2500000000003,578.0600000000003,100.16000000000005,96.74000000000005,[22]
37700002,U18 Omdeler,U39,foot,TSP,Type 2,99,22,1,4509.800000000001,4339.800000000001,489.64811800000007,490.873418,580.2500000000002,578.0600000000002,90.64999999999999,87.23999999999998,[22]
37700004,O18 Omdeler,Gns. Oms,foot,TSP,Type 1,74,"9, 42, 43",3,3343.100000000001,2869.2000000000007,279.13345999999996,281.4472199999999,373.9699999999998,362.8299999999998,94.93,81.48000000000002,"[9, 42, 43]"
37700004,O18 Omdeler,Gns. Oms,foot,TSP,Type 2,74,"42, 43",2,2813.099999999999,2413.499999999998,294.18546000000003,295.9091000000001,373.9699999999999,364.3499999999999,79.86000000000001,68.52,"[42, 43]"
37700004,O18 Omdeler,U36,foot,TSP,Type 1,74,"9, 42, 43",3,3343.100000000001,2869.2000000000007,260.90596,264.78472,355.8500000000003,346.27000000000027,94.93,81.48000000000002,"[9, 42, 43]"
37700004,O18 Omdeler,U36,foot,TSP,Type 2,74,"42, 43",2,2813.099999999999,2413.499999999998,275.95796000000007,277.7266000000001,355.8500000000003,346.2700000000003,79.86000000000001,68.52,"[42, 43]"
37700004,O18 Omdeler,U37,foot,TSP,Type 1,74,"9, 42, 43",3,3343.100000000001,2869.2000000000007,234.81596000000002,237.88472000000016,329.7600000000002,319.3700000000002,94.93,81.48000000000002,"[9, 42, 43]"
37700004,O18 Omdeler,U37,foot,TSP,Type 2,74,"42, 43",2,2813.099999999999,2413.499999999998,249.86796000000007,252.52659999999997,329.76000000000016,321.07000000000016,79.86000000000001,68.52,"[42, 43]"
37700004,O18 Omdeler,U38,foot,TSP,Type 1,74,"9, 42, 43",3,3343.100000000001,2869.2000000000007,283.32595999999995,287.0447199999999,378.27,368.53,94.93,81.48000000000002,"[9, 42, 43]"
37700004,O18 Omdeler,U38,foot,TSP,Type 2,74,"42, 43",2,2813.099999999999,2413.499999999998,298.37796000000003,299.98660000000007,378.27,368.53,79.86000000000001,68.52,"[42, 43]"
37700004,O18 Omdeler,U39,foot,TSP,Type 1,74,"42, 43",2,3343.100000000001,2954.600000000001,337.4859599999999,338.02936,432.42999999999995,421.9399999999999,94.93,83.90000000000002,"[42, 43]"
37700004,O18 Omdeler,U39,foot,TSP,Type 2,74,"42, 43",2,2813.099999999999,2413.499999999998,352.53796,353.3966000000001,432.43000000000006,421.94000000000005,79.86000000000001,68.52,"[42, 43]"
37700004,SE Omdeler,Gns. Oms,foot,TSP,Type 1,74,"9, 42, 43",3,3343.100000000001,2869.2000000000007,191.54423999999995,206.27417999999992,373.9699999999998,362.8299999999998,182.47,156.60000000000002,"[9, 42, 43]"
37700004,SE Omdeler,Gns. Oms,foot,TSP,Type 2,74,"42, 43",2,2813.099999999999,2413.499999999998,220.48224000000005,232.67540000000008,373.9699999999999,364.3499999999999,153.56999999999996,131.74999999999997,"[42, 43]"
37700004,SE Omdeler,U36,foot,TSP,Type 1,74,"9, 42, 43",3,3343.100000000001,2869.2000000000007,173.31673999999998,189.61168,355.8500000000003,346.27000000000027,182.47,156.60000000000002,"[9, 42, 43]"
37700004,SE Omdeler,U36,foot,TSP,Type 2,74,"42, 43",2,2813.099999999999,2413.499999999998,202.25474000000008,214.49290000000008,355.8500000000003,346.2700000000003,153.56999999999996,131.74999999999997,"[42, 43]"
37700004,SE Omdeler,U37,foot,TSP,Type 1,74,"9, 42, 43",3,3343.100000000001,2869.2000000000007,147.22674,162.71168000000014,329.7600000000002,319.3700000000002,182.47,156.60000000000002,"[9, 42, 43]"
37700004,SE Omdeler,U37,foot,TSP,Type 2,74,"42, 43",2,2813.099999999999,2413.499999999998,176.1647400000001,189.29290000000003,329.76000000000016,321.07000000000016,153.56999999999996,131.74999999999997,"[42, 43]"
37700004,SE Omdeler,U38,foot,TSP,Type 1,74,"9, 42, 43",3,3343.100000000001,2869.2000000000007,195.73673999999994,211.87167999999994,378.27,368.53,182.47,156.60000000000002,"[9, 42, 43]"
37700004,SE Omdeler,U38,foot,TSP,Type 2,74,"42, 43",2,2813.099999999999,2413.499999999998,224.67474000000004,236.75290000000007,378.27,368.53,153.56999999999996,131.74999999999997,"[42, 43]"
37700004,SE Omdeler,U39,foot,TSP,Type 1,74,"9, 42, 43",3,3343.100000000001,2869.2000000000007,249.8967399999999,260.90167999999994,432.42999999999995,417.55999999999995,182.47,156.60000000000002,"[9, 42, 43]"
37700004,SE Omdeler,U39,foot,TSP,Type 2,74,"42, 43",2,2813.099999999999,2413.499999999998,278.83474,290.1629000000001,432.43000000000006,421.94000000000005,153.56999999999996,131.74999999999997,"[42, 43]"
37700004,U18 Omdeler,Gns. Oms,foot,TSP,Type 1,74,9,1,3343.100000000001,3257.7000000000003,306.91462099999995,307.110307,373.9699999999998,372.44999999999976,67.17999999999999,65.46,[9]
37700004,U18 Omdeler,Gns. Oms,foot,TSP,Type 2,74,,0,2813.099999999999,2813.099999999999,317.562321,317.562321,373.9699999999999,373.9699999999999,56.47,56.47,[]
37700004,U18 Omdeler,U36,foot,TSP,Type 1,74,9,1,3343.100000000001,3257.7000000000003,288.687121,290.40280699999994,355.8500000000003,355.8500000000003,67.17999999999999,65.46,[9]
37700004,U18 Omdeler,U36,foot,TSP,Type 2,74,47,1,2813.099999999999,2796.099999999999,299.33482100000003,299.676351,355.8500000000003,355.8500000000003,56.47,56.12,[47]
37700004,U18 Omdeler,U37,foot,TSP,Type 1,74,47,1,3343.100000000001,3326.100000000001,262.597121,262.938651,329.7600000000002,329.7600000000002,67.17999999999999,66.84,[47]
37700004,U18 Omdeler,U37,foot,TSP,Type 2,74,47,1,2813.099999999999,2796.099999999999,273.24482100000006,273.58635100000004,329.76000000000016,329.76000000000016,56.47,56.12,[47]
37700004,U18 Omdeler,U38,foot,TSP,Type 1,74,9,1,3343.100000000001,3257.7000000000003,311.10712099999995,312.82280699999995,378.27,378.27,67.17999999999999,65.46,[9]
37700004,U18 Omdeler,U38,foot,TSP,Type 2,74,47,1,2813.099999999999,2796.099999999999,321.754821,322.096351,378.27,378.27,56.47,56.12,[47]
37700004,U18 Omdeler,U39,foot,TSP,Type 1,74,,0,3343.100000000001,3343.100000000001,365.2671209999999,365.2671209999999,432.42999999999995,432.42999999999995,67.17999999999999,67.17999999999999,[]
37700004,U18 Omdeler,U39,foot,TSP,Type 2,74,,0,2813.099999999999,2813.099999999999,375.91482099999996,375.91482099999996,432.43000000000006,432.43000000000006,56.47,56.47,[]
37700005,O18 Omdeler,Gns. Oms,foot,TSP,Type 1,131,61,1,6083.199999999999,6002.399999999999,539.37462,540.83684,711.9899999999993,711.1599999999994,172.76000000000002,170.47000000000003,[61]
37700005,O18 Omdeler,Gns. Oms,foot,TSP,Type 2,131,31,1,5041.599999999999,5019.299999999999,568.9560600000001,569.0418800000001,711.9899999999993,711.4399999999994,143.14999999999995,142.50999999999996,[31]
37700005,O18 Omdeler,U36,foot,TSP,Type 1,131,"28, 29, 61",3,6083.199999999999,5884.699999999999,507.67712000000006,509.4845199999999,680.4399999999998,676.6099999999998,172.76000000000002,167.12000000000006,"[28, 29, 61]"
37700005,O18 Omdeler,U36,foot,TSP,Type 2,131,28,1,5041.599999999999,4992.099999999999,537.2585600000001,537.4243600000001,680.4399999999996,679.1999999999996,143.14999999999995,141.73999999999998,[28]
37700005,O18 Omdeler,U37,foot,TSP,Type 1,131,61,1,6083.199999999999,6002.399999999999,482.20712000000003,483.6818400000001,654.9700000000004,654.1500000000003,172.76000000000002,170.47000000000003,[61]
37700005,O18 Omdeler,U37,foot,TSP,Type 2,131,31,1,5041.599999999999,5019.299999999999,511.7885600000001,511.8918800000001,654.97,654.44,143.14999999999995,142.50999999999996,[31]
37700005,O18 Omdeler,U38,foot,TSP,Type 1,131,"28, 29, 61",3,6083.199999999999,5884.699999999999,534.01712,537.6145199999999,706.7800000000011,704.7400000000011,172.76000000000002,167.12000000000006,"[28, 29, 61]"
37700005,O18 Omdeler,U38,foot,TSP,Type 2,131,28,1,5041.599999999999,4992.099999999999,563.59856,563.78436,706.7800000000013,705.5600000000013,143.14999999999995,141.73999999999998,[28]
37700005,O18 Omdeler,U39,foot,TSP,Type 1,131,61,1,6083.199999999999,6002.399999999999,633.5971199999999,635.02184,806.3600000000012,805.4900000000011,172.76000000000002,170.47000000000003,[61]
37700005,O18 Omdeler,U39,foot,TSP,Type 2,131,28,1,5041.599999999999,4992.099999999999,663.17856,663.29436,806.3600000000012,805.0700000000012,143.14999999999995,141.73999999999998,[28]
37700005,SE Omdeler,Gns. Oms,foot,TSP,Type 1,131,"20, 29, 61, 81, 82",5,6083.199999999999,5458.299999999999,379.9947800000001,392.0368200000003,711.9899999999993,689.9199999999994,332.21000000000004,298.0800000000001,"[20, 29, 61, 81, 82]"
37700005,SE Omdeler,Gns. Oms,foot,TSP,Type 2,131,"22, 27, 28",3,5041.599999999999,4658.799999999999,436.8661400000001,442.42452000000014,711.9899999999993,696.6499999999993,275.32,254.42000000000007,"[22, 27, 28]"
37700005,SE Omdeler,U36,foot,TSP,Type 1,131,"20, 29, 61, 81, 82",5,6083.199999999999,5458.299999999999,348.2972800000001,360.1368199999998,680.4399999999998,658.1599999999999,332.21000000000004,298.0800000000001,"[20, 29, 61, 81, 82]"
37700005,SE Omdeler,U36,foot,TSP,Type 2,131,"22, 27, 28",3,5041.599999999999,4658.799999999999,405.1686400000001,411.95952,680.4399999999996,666.3299999999997,275.32,254.42000000000007,"[22, 27, 28]"
37700005,SE Omdeler,U37,foot,TSP,Type 1,131,"20, 29, 61, 81, 82",5,6083.199999999999,5458.299999999999,322.8272800000001,336.65681999999987,654.9700000000004,634.6800000000004,332.21000000000004,298.0800000000001,"[20, 29, 61, 81, 82]"
37700005,SE Omdeler,U37,foot,TSP,Type 2,131,"22, 30",2,5041.599999999999,4766.8,379.69864000000007,384.38272,654.97,644.6500000000002,275.32,260.32000000000005,"[22, 30]"
37700005,SE Omdeler,U38,foot,TSP,Type 1,131,"20, 29, 61, 81, 82",5,6083.199999999999,5458.299999999999,374.63728000000003,387.8068200000002,706.7800000000011,685.8300000000012,332.21000000000004,298.0800000000001,"[20, 29, 61, 81, 82]"
37700005,SE Omdeler,U38,foot,TSP,Type 2,131,"22, 27, 28",3,5041.599999999999,4658.799999999999,431.50864,438.02951999999993,706.7800000000013,692.4000000000011,275.32,254.42000000000007,"[22, 27, 28]"
37700005,SE Omdeler,U39,foot,TSP,Type 1,131,"20, 22, 29, 61",4,6083.199999999999,5588.399999999999,474.21727999999996,483.9633600000001,806.3600000000012,789.090000000001,332.21000000000004,305.1900000000001,"[20, 22, 29, 61]"
37700005,SE Omdeler,U39,foot,TSP,Type 2,131,"22, 27, 28",3,5041.599999999999,4658.799999999999,531.0886399999999,536.48952,806.3600000000012,790.860000000001,275.32,254.42000000000007,"[22, 27, 28]"
37700005,U18 Omdeler,Gns. Oms,foot,TSP,Type 1,131,61,1,6083.199999999999,6002.399999999999,589.9260120000001,590.7167840000002,711.9899999999993,711.1599999999994,122.16999999999996,120.54999999999995,[61]
37700005,U18 Omdeler,Gns. Oms,foot,TSP,Type 2,131,,0,5041.599999999999,5041.599999999999,610.851756,610.851756,711.9899999999993,711.9899999999993,101.28000000000002,101.28000000000002,[]
37700005,U18 Omdeler,U36,foot,TSP,Type 1,131,61,1,6083.199999999999,6002.399999999999,558.2285120000001,559.0317840000001,680.4399999999998,679.6199999999998,122.16999999999996,120.54999999999995,[61]
37700005,U18 Omdeler,U36,foot,TSP,Type 2,131,73,1,5041.599999999999,5037.4,579.154256,579.238634,680.4399999999996,680.4399999999996,101.28000000000002,101.20000000000002,[73]
37700005,U18 Omdeler,U37,foot,TSP,Type 1,131,61,1,6083.199999999999,6002.399999999999,532.7585120000001,533.5617840000002,654.9700000000004,654.1500000000003,122.16999999999996,120.54999999999995,[61]
37700005,U18 Omdeler,U37,foot,TSP,Type 2,131,,0,5041.599999999999,5041.599999999999,553.684256,553.684256,654.97,654.97,101.28000000000002,101.28000000000002,[]
37700005,U18 Omdeler,U38,foot,TSP,Type 1,131,"28, 29, 61",3,6083.199999999999,5884.699999999999,584.568512,586.516377,706.7800000000011,704.7400000000011,122.16999999999996,118.17999999999995,"[28, 29, 61]"
37700005,U18 Omdeler,U38,foot,TSP,Type 2,131,73,1,5041.599999999999,5037.4,605.494256,605.578634,706.7800000000013,706.7800000000013,101.28000000000002,101.20000000000002,[73]
37700005,U18 Omdeler,U39,foot,TSP,Type 1,131,61,1,6083.199999999999,6002.399999999999,684.148512,684.9017840000001,806.3600000000012,805.4900000000011,122.16999999999996,120.54999999999995,[61]
37700005,U18 Omdeler,U39,foot,TSP,Type 2,131,,0,5041.599999999999,5041.599999999999,705.0742559999999,705.0742559999999,806.3600000000012,806.3600000000012,101.28000000000002,101.28000000000002,[]
37700006,O18 Omdeler,Gns. Oms,foot,TSP,Type 1,131,"48, 106, 129",3,5453.699999999999,4891.5999999999985,532.13492,544.4410600000002,686.8699999999992,683.2099999999992,154.87999999999994,138.90999999999997,"[48, 106, 129]"
37700006,O18 Omdeler,Gns. Oms,foot,TSP,Type 2,131,"48, 129",2,4270.5999999999985,4006.3999999999983,565.73496,572.1832400000001,686.8699999999991,685.8099999999991,121.29999999999995,113.79999999999995,"[48, 129]"
37700006,O18 Omdeler,U36,foot,TSP,Type 1,131,"48, 106, 129",3,5453.699999999999,4891.5999999999985,524.25492,539.4085599999999,679.1399999999996,678.3299999999997,154.87999999999994,138.90999999999997,"[48, 106, 129]"
37700006,O18 Omdeler,U36,foot,TSP,Type 2,131,"48, 129",2,4270.5999999999985,4006.3999999999983,557.85496,565.3582399999999,679.1400000000001,679.1400000000001,121.29999999999995,113.79999999999995,"[48, 129]"
37700006,O18 Omdeler,U37,foot,TSP,Type 1,131,"1, 2, 3, 106, 129",5,5453.699999999999,4411.199999999998,466.06492000000003,476.27191999999985,620.9500000000003,601.5500000000003,154.87999999999994,125.25999999999998,"[1, 2, 3, 106, 129]"
37700006,O18 Omdeler,U37,foot,TSP,Type 2,131,"48, 129",2,4270.5999999999985,4006.3999999999983,499.66496000000006,504.71824000000004,620.9500000000004,618.5000000000003,121.29999999999995,113.79999999999995,"[48, 129]"
37700006,O18 Omdeler,U38,foot,TSP,Type 1,131,"48, 106, 129",3,5453.699999999999,4891.5999999999985,529.99492,545.14856,684.8800000000011,684.0700000000012,154.87999999999994,138.90999999999997,"[48, 106, 129]"
37700006,O18 Omdeler,U38,foot,TSP,Type 2,131,"48, 129",2,4270.5999999999985,4006.3999999999983,563.59496,571.09824,684.880000000001,684.880000000001,121.29999999999995,113.79999999999995,"[48, 129]"
37700006,O18 Omdeler,U39,foot,TSP,Type 1,131,"48, 106, 129",3,5453.699999999999,4891.5999999999985,608.2249199999999,619.5085599999999,763.110000000001,758.4300000000011,154.87999999999994,138.90999999999997,"[48, 106, 129]"
37700006,O18 Omdeler,U39,foot,TSP,Type 2,131,"48, 129",2,4270.5999999999985,4006.3999999999983,641.8249599999999,647.55824,763.1100000000007,761.3400000000007,121.29999999999995,113.79999999999995,"[48, 129]"
37700006,SE Omdeler,Gns. Oms,foot,TSP,Type 1,131,"1, 2, 3, 106, 129",5,5453.699999999999,4411.199999999998,389.24798000000004,428.46848000000006,686.8699999999992,669.1699999999994,297.74999999999994,240.83,"[1, 2, 3, 106, 129]"
37700006,SE Omdeler,Gns. Oms,foot,TSP,Type 2,131,"48, 129",2,4270.5999999999985,4006.3999999999983,453.84524000000005,467.2155600000001,686.8699999999991,685.8099999999991,233.20999999999995,218.78999999999994,"[48, 129]"
37700006,SE Omdeler,U36,foot,TSP,Type 1,131,"1, 2, 3, 106, 129",5,5453.699999999999,4411.199999999998,381.36798000000005,423.02848,679.1399999999996,663.8799999999998,297.74999999999994,240.83,"[1, 2, 3, 106, 129]"
37700006,SE Omdeler,U36,foot,TSP,Type 2,131,"48, 129",2,4270.5999999999985,4006.3999999999983,445.96524000000005,460.39055999999994,679.1400000000001,679.1400000000001,233.20999999999995,218.78999999999994,"[48, 129]"
37700006,SE Omdeler,U37,foot,TSP,Type 1,131,"1, 2, 3, 106, 129",5,5453.699999999999,4411.199999999998,323.1779800000001,360.69847999999996,620.9500000000003,601.5500000000003,297.74999999999994,240.83,"[1, 2, 3, 106, 129]"
37700006,SE Omdeler,U37,foot,TSP,Type 2,131,"48, 129",2,4270.5999999999985,4006.3999999999983,387.7752400000001,399.75056000000006,620.9500000000004,618.5000000000003,233.20999999999995,218.78999999999994,"[48, 129]"
37700006,SE Omdeler,U38,foot,TSP,Type 1,131,"1, 2, 3, 106, 129",5,5453.699999999999,4411.199999999998,387.10798000000005,428.4684800000003,684.8800000000011,669.3200000000011,297.74999999999994,240.83,"[1, 2, 3, 106, 129]"
37700006,SE Omdeler,U38,foot,TSP,Type 2,131,"48, 129",2,4270.5999999999985,4006.3999999999983,451.70524000000006,466.13056000000006,684.880000000001,684.880000000001,233.20999999999995,218.78999999999994,"[48, 129]"
37700006,SE Omdeler,U39,foot,TSP,Type 1,131,"1, 2, 3, 106, 129",5,5453.699999999999,4411.199999999998,465.33797999999996,501.6784800000001,763.110000000001,742.5300000000011,297.74999999999994,240.83,"[1, 2, 3, 106, 129]"
37700006,SE Omdeler,U39,foot,TSP,Type 2,131,"48, 129",2,4270.5999999999985,4006.3999999999983,529.93524,542.5905600000001,763.1100000000007,761.3400000000007,233.20999999999995,218.78999999999994,"[48, 129]"
37700006,U18 Omdeler,Gns. Oms,foot,TSP,Type 1,131,"48, 106, 129",3,5453.699999999999,4891.5999999999985,577.455167,585.0902560000002,686.8699999999992,683.2099999999992,109.54999999999995,98.24999999999996,"[48, 106, 129]"
37700006,U18 Omdeler,Gns. Oms,foot,TSP,Type 2,131,"48, 129",2,4270.5999999999985,4006.3999999999983,601.223646,605.4764240000001,686.8699999999991,685.8099999999991,85.78999999999996,80.46999999999996,"[48, 129]"
37700006,U18 Omdeler,U36,foot,TSP,Type 1,131,"48, 106, 129",3,5453.699999999999,4891.5999999999985,569.575167,580.0577559999998,679.1399999999996,678.3299999999997,109.54999999999995,98.24999999999996,"[48, 106, 129]"
37700006,U18 Omdeler,U36,foot,TSP,Type 2,131,"48, 129",2,4270.5999999999985,4006.3999999999983,593.343646,598.6514239999999,679.1400000000001,679.1400000000001,85.78999999999996,80.46999999999996,"[48, 129]"
37700006,U18 Omdeler,U37,foot,TSP,Type 1,131,"40, 106, 129",3,5453.699999999999,4949.999999999998,511.3851670000001,514.7745,620.9500000000003,614.2200000000003,109.54999999999995,99.41999999999996,"[40, 106, 129]"
37700006,U18 Omdeler,U37,foot,TSP,Type 2,131,"48, 129",2,4270.5999999999985,4006.3999999999983,535.1536460000001,538.011424,620.9500000000004,618.5000000000003,85.78999999999996,80.46999999999996,"[48, 129]"
37700006,U18 Omdeler,U38,foot,TSP,Type 1,131,"48, 106, 129",3,5453.699999999999,4891.5999999999985,575.315167,585.7977559999999,684.8800000000011,684.0700000000012,109.54999999999995,98.24999999999996,"[48, 106, 129]"
37700006,U18 Omdeler,U38,foot,TSP,Type 2,131,"48, 129",2,4270.5999999999985,4006.3999999999983,599.083646,604.391424,684.880000000001,684.880000000001,85.78999999999996,80.46999999999996,"[48, 129]"
37700006,U18 Omdeler,U39,foot,TSP,Type 1,131,"48, 106, 129",3,5453.699999999999,4891.5999999999985,653.5451669999999,660.1577559999998,763.110000000001,758.4300000000011,109.54999999999995,98.24999999999996,"[48, 106, 129]"
37700006,U18 Omdeler,U39,foot,TSP,Type 2,131,"48, 129",2,4270.5999999999985,4006.3999999999983,677.313646,680.851424,763.1100000000007,761.3400000000007,85.78999999999996,80.46999999999996,"[48, 129]"
37700007,O18 Omdeler,Gns. Oms,foot,TSP,Type 1,115,"24, 25, 26, 27, 83, 84, 85, 86",8,5859.800000000002,4736.700000000002,404.94917999999996,414.92022000000003,571.2699999999998,549.3499999999998,166.4300000000001,134.54000000000002,"[24, 25, 26, 27, 83, 84, 85, 86]"
37700007,O18 Omdeler,Gns. Oms,foot,TSP,Type 2,115,"24, 25, 26, 27",4,5316.300000000001,4633.0,420.38458,426.49780000000015,571.2699999999996,557.9799999999997,150.9900000000001,131.59000000000006,"[24, 25, 26, 27]"
37700007,O18 Omdeler,U36,foot,TSP,Type 1,115,"24, 25, 26, 27, 83, 84, 85, 86",8,5859.800000000002,4736.700000000002,389.37167999999974,402.3477199999997,555.7900000000001,536.8700000000001,166.4300000000001,134.54000000000002,"[24, 25, 26, 27, 83, 84, 85, 86]"
37700007,O18 Omdeler,U36,foot,TSP,Type 2,115,"24, 25, 26, 27",4,5316.300000000001,4633.0,404.8070799999998,411.3427999999997,555.7900000000002,542.9200000000003,150.9900000000001,131.59000000000006,"[24, 25, 26, 27]"
37700007,O18 Omdeler,U37,foot,TSP,Type 1,115,"24, 25, 26, 27, 83, 84, 85, 86",8,5859.800000000002,4736.700000000002,323.5716799999999,334.21771999999993,489.9900000000006,468.7400000000006,166.4300000000001,134.54000000000002,"[24, 25, 26, 27, 83, 84, 85, 86]"
37700007,O18 Omdeler,U37,foot,TSP,Type 2,115,"24, 25, 26, 27",4,5316.300000000001,4633.0,339.00708,347.3228000000001,489.9900000000006,478.90000000000055,150.9900000000001,131.59000000000006,"[24, 25, 26, 27]"
37700007,O18 Omdeler,U38,foot,TSP,Type 1,115,"24, 25, 26, 27, 83, 84, 85, 86",8,5859.800000000002,4736.700000000002,443.27167999999983,455.81771999999995,609.6900000000005,590.3400000000003,166.4300000000001,134.54000000000002,"[24, 25, 26, 27, 83, 84, 85, 86]"
37700007,O18 Omdeler,U38,foot,TSP,Type 2,115,"24, 25, 26, 27",4,5316.300000000001,4633.0,458.7070799999999,464.9528000000001,609.6900000000004,596.5300000000004,150.9900000000001,131.59000000000006,"[24, 25, 26, 27]"
37700007,O18 Omdeler,U39,foot,TSP,Type 1,115,"24, 25, 26, 27, 36",5,5859.800000000002,5077.800000000003,463.5816799999998,468.82048,630.0000000000002,613.0300000000001,166.4300000000001,144.21999999999997,"[24, 25, 26, 27, 36]"
37700007,O18 Omdeler,U39,foot,TSP,Type 2,115,"24, 25, 26, 27",4,5316.300000000001,4633.0,479.01707999999985,482.37280000000004,630.0000000000002,613.95,150.9900000000001,131.59000000000006,"[24, 25, 26, 27]"
37700007,SE Omdeler,Gns. Oms,foot,TSP,Type 1,115,"24, 25, 26, 27, 28, 29, 83, 84, 85, 86",10,5859.800000000002,4686.000000000001,251.42241999999993,291.97439999999995,571.2699999999998,547.7399999999999,319.94000000000005,255.85000000000002,"[24, 25, 26, 27, 28, 29, 83, 84, 85, 86]"
37700007,SE Omdeler,Gns. Oms,foot,TSP,Type 2,115,"24, 25, 26, 27, 28, 29",6,5316.300000000001,4492.199999999998,281.09752,311.18838000000017,571.2699999999996,556.3699999999998,290.24000000000007,245.24999999999994,"[24, 25, 26, 27, 28, 29]"
37700007,SE Omdeler,U36,foot,TSP,Type 1,115,"24, 25, 26, 27, 28, 29, 83, 84, 85, 86",10,5859.800000000002,4686.000000000001,235.84491999999972,279.4043999999999,555.7900000000001,535.2600000000002,319.94000000000005,255.85000000000002,"[24, 25, 26, 27, 28, 29, 83, 84, 85, 86]"
37700007,SE Omdeler,U36,foot,TSP,Type 2,115,"24, 25, 26, 27, 28, 29",6,5316.300000000001,4492.199999999998,265.52001999999976,296.0358799999998,555.7900000000002,541.3100000000002,290.24000000000007,245.24999999999994,"[24, 25, 26, 27, 28, 29]"
37700007,SE Omdeler,U37,foot,TSP,Type 1,115,"24, 25, 26, 27, 28, 29, 83, 84, 85, 86",10,5859.800000000002,4686.000000000001,170.04491999999988,211.29439999999997,489.9900000000006,467.15000000000055,319.94000000000005,255.85000000000002,"[24, 25, 26, 27, 28, 29, 83, 84, 85, 86]"
37700007,SE Omdeler,U37,foot,TSP,Type 2,115,"24, 25, 26, 27, 28, 29",6,5316.300000000001,4492.199999999998,199.72001999999992,232.03588000000013,489.9900000000006,477.3100000000006,290.24000000000007,245.24999999999994,"[24, 25, 26, 27, 28, 29]"
37700007,SE Omdeler,U38,foot,TSP,Type 1,115,"24, 25, 26, 27, 28, 29, 83, 84, 85, 86",10,5859.800000000002,4686.000000000001,289.7449199999998,332.8943999999999,609.6900000000005,588.7500000000003,319.94000000000005,255.85000000000002,"[24, 25, 26, 27, 28, 29, 83, 84, 85, 86]"
37700007,SE Omdeler,U38,foot,TSP,Type 2,115,"24, 25, 26, 27, 28, 29",6,5316.300000000001,4492.199999999998,319.42001999999985,349.66588000000024,609.6900000000004,594.9400000000004,290.24000000000007,245.24999999999994,"[24, 25, 26, 27, 28, 29]"
37700007,SE Omdeler,U39,foot,TSP,Type 1,115,"24, 25, 26, 27, 28, 29, 83, 84, 85, 86",10,5859.800000000002,4686.000000000001,310.05491999999975,344.3043999999999,630.0000000000002,600.1600000000001,319.94000000000005,255.85000000000002,"[24, 25, 26, 27, 28, 29, 83, 84, 85, 86]"
37700007,SE Omdeler,U39,foot,TSP,Type 2,115,"24, 25, 26, 27",4,5316.300000000001,4633.0,339.7300199999998,360.9882,630.0000000000002,613.95,290.24000000000007,252.93000000000012,"[24, 25, 26, 27]"
37700007,U18 Omdeler,Gns. Oms,foot,TSP,Type 1,115,"24, 25, 26, 27, 36",5,5859.800000000002,5077.800000000003,453.64411800000005,455.1894980000002,571.2699999999998,557.1099999999999,117.72000000000003,102.02000000000004,"[24, 25, 26, 27, 36]"
37700007,U18 Omdeler,Gns. Oms,foot,TSP,Type 2,115,36,1,5316.300000000001,5226.200000000001,464.563033,465.5006420000001,571.2699999999996,570.3999999999995,106.80000000000001,104.98999999999994,[36]
37700007,U18 Omdeler,U36,foot,TSP,Type 1,115,"24, 25, 26, 27, 83, 84, 85, 86",8,5859.800000000002,4736.700000000002,438.06661799999983,441.7096969999998,555.7900000000001,536.8700000000001,117.72000000000003,95.17000000000003,"[24, 25, 26, 27, 83, 84, 85, 86]"
37700007,U18 Omdeler,U36,foot,TSP,Type 2,115,"83, 84, 85, 86",4,5316.300000000001,4913.700000000001,448.9855329999998,451.0237669999996,555.7900000000002,549.7400000000002,106.80000000000001,98.71,"[83, 84, 85, 86]"
37700007,U18 Omdeler,U37,foot,TSP,Type 1,115,"24, 25, 26, 27, 36",5,5859.800000000002,5077.800000000003,372.266618,376.0369980000001,489.9900000000006,478.0500000000006,117.72000000000003,102.02000000000004,"[24, 25, 26, 27, 36]"
37700007,U18 Omdeler,U37,foot,TSP,Type 2,115,"24, 25, 26, 27",4,5316.300000000001,4633.0,383.18553299999996,385.8230300000001,489.9900000000006,478.90000000000055,106.80000000000001,93.08999999999997,"[24, 25, 26, 27]"
37700007,U18 Omdeler,U38,foot,TSP,Type 1,115,"24, 25, 26, 27, 83, 84, 85, 86",8,5859.800000000002,4736.700000000002,491.9666179999999,495.17969700000003,609.6900000000005,590.3400000000003,117.72000000000003,95.17000000000003,"[24, 25, 26, 27, 83, 84, 85, 86]"
37700007,U18 Omdeler,U38,foot,TSP,Type 2,115,"83, 84, 85, 86",4,5316.300000000001,4913.700000000001,502.8855329999999,504.78376700000007,609.6900000000004,603.5000000000005,106.80000000000001,98.71,"[83, 84, 85, 86]"
37700007,U18 Omdeler,U39,foot,TSP,Type 1,115,36,1,5859.800000000002,5798.200000000002,512.2766179999999,512.5941619999999,630.0000000000002,629.0800000000002,117.72000000000003,116.48000000000003,[36]
37700007,U18 Omdeler,U39,foot,TSP,Type 2,115,36,1,5316.300000000001,5226.200000000001,523.1955329999998,524.0856419999999,630.0000000000002,629.0800000000003,106.80000000000001,104.98999999999994,[36]
37700008,O18 Omdeler,Gns. Oms,foot,TSP,Type 1,119,58,1,5678.200000000002,5628.800000000001,481.2966200000003,481.8670800000003,642.4399999999997,641.6099999999997,161.24,159.84,[58]
37700008,O18 Omdeler,Gns. Oms,foot,TSP,Type 2,119,28,1,4440.399999999998,4405.499999999998,516.4501400000004,516.6813000000004,642.4399999999993,641.6799999999993,126.13,125.13,[28]
37700008,O18 Omdeler,U36,foot,TSP,Type 1,119,"43, 44, 45, 46, 58",5,5678.200000000002,5628.700000000001,459.06911999999954,459.6549199999997,620.3299999999999,619.51,161.24,159.84,"[43, 44, 45, 46, 58]"
37700008,O18 Omdeler,U36,foot,TSP,Type 2,119,17,1,4440.399999999998,4141.9,494.2226399999996,496.6500399999996,620.33,614.2800000000001,126.13,117.61999999999998,[17]
37700008,O18 Omdeler,U37,foot,TSP,Type 1,119,58,1,5678.200000000002,5628.800000000001,398.4091199999997,398.99207999999965,559.6700000000004,558.8500000000005,161.24,159.84,[58]
37700008,O18 Omdeler,U37,foot,TSP,Type 2,119,17,1,4440.399999999998,4141.9,433.56263999999976,436.0300399999997,559.6700000000005,553.6600000000005,126.13,117.61999999999998,[17]
37700008,O18 Omdeler,U38,foot,TSP,Type 1,119,"42, 43, 44, 45, 46, 58",6,5678.200000000002,5573.100000000001,502.30912000000035,504.47396,663.5700000000008,662.7500000000009,161.24,158.26,"[42, 43, 44, 45, 46, 58]"
37700008,O18 Omdeler,U38,foot,TSP,Type 2,119,28,1,4440.399999999998,4405.499999999998,537.4626400000004,538.4538000000003,663.5700000000007,663.5700000000007,126.13,125.13,[28]
37700008,O18 Omdeler,U39,foot,TSP,Type 1,119,58,1,5678.200000000002,5628.800000000001,565.3991200000003,565.9320800000003,726.6600000000003,725.7900000000003,161.24,159.84,[58]
37700008,O18 Omdeler,U39,foot,TSP,Type 2,119,,0,4440.399999999998,4440.399999999998,600.5526400000003,600.5526400000003,726.6600000000007,726.6600000000007,126.13,126.13,[]
37700008,SE Omdeler,Gns. Oms,foot,TSP,Type 1,119,58,1,5678.200000000002,5628.800000000001,332.52778000000023,334.3925200000003,642.4399999999997,641.6099999999997,310.01000000000005,307.31000000000006,[58]
37700008,SE Omdeler,Gns. Oms,foot,TSP,Type 2,119,17,1,4440.399999999998,4141.9,400.1116600000005,407.27726000000035,642.4399999999993,633.3099999999993,242.45000000000007,226.14000000000007,[17]
37700008,SE Omdeler,U36,foot,TSP,Type 1,119,"43, 44, 45, 46, 58",5,5678.200000000002,5628.700000000001,310.3002799999995,312.1829799999997,620.3299999999999,619.51,310.01000000000005,307.3,"[43, 44, 45, 46, 58]"
37700008,SE Omdeler,U36,foot,TSP,Type 2,119,17,1,4440.399999999998,4141.9,377.8841599999997,388.1322599999997,620.33,614.2800000000001,242.45000000000007,226.14000000000007,[17]
37700008,SE Omdeler,U37,foot,TSP,Type 1,119,58,1,5678.200000000002,5628.800000000001,249.64027999999962,251.5175199999996,559.6700000000004,558.8500000000005,310.01000000000005,307.31000000000006,[58]
37700008,SE Omdeler,U37,foot,TSP,Type 2,119,17,1,4440.399999999998,4141.9,317.22415999999987,327.5122599999998,559.6700000000005,553.6600000000005,242.45000000000007,226.14000000000007,[17]
37700008,SE Omdeler,U38,foot,TSP,Type 1,119,"42, 43, 44, 45, 46, 58",6,5678.200000000002,5573.100000000001,353.5402800000003,358.4587399999999,663.5700000000008,662.7500000000009,310.01000000000005,304.26000000000005,"[42, 43, 44, 45, 46, 58]"
37700008,SE Omdeler,U38,foot,TSP,Type 2,119,17,1,4440.399999999998,4141.9,421.12416000000053,423.14226000000036,663.5700000000007,649.2900000000006,242.45000000000007,226.14000000000007,[17]
37700008,SE Omdeler,U39,foot,TSP,Type 1,119,58,1,5678.200000000002,5628.800000000001,416.6302800000002,418.4575200000002,726.6600000000003,725.7900000000003,310.01000000000005,307.31000000000006,[58]
37700008,SE Omdeler,U39,foot,TSP,Type 2,119,17,1,4440.399999999998,4141.9,484.21416000000045,490.3222600000003,726.6600000000007,716.4700000000005,242.45000000000007,226.14000000000007,[17]
37700008,U18 Omdeler,Gns. Oms,foot,TSP,Type 1,119,58,1,5678.200000000002,5628.800000000001,528.4824620000003,528.6424080000003,642.4399999999997,641.6099999999997,114.08999999999999,113.1,[58]
37700008,U18 Omdeler,Gns. Oms,foot,TSP,Type 2,119,,0,4440.399999999998,4440.399999999998,553.3498640000004,553.3498640000004,642.4399999999993,642.4399999999993,89.19,89.19,[]
37700008,U18 Omdeler,U36,foot,TSP,Type 1,119,"43, 44, 45, 46, 58",5,5678.200000000002,5628.700000000001,506.2549619999995,506.4294169999997,620.3299999999999,619.51,114.08999999999999,113.1,"[43, 44, 45, 46, 58]"
37700008,U18 Omdeler,U36,foot,TSP,Type 2,119,28,1,4440.399999999998,4405.499999999998,531.1223639999996,531.8235049999997,620.33,620.33,89.19,88.49999999999999,[28]
37700008,U18 Omdeler,U37,foot,TSP,Type 1,119,58,1,5678.200000000002,5628.800000000001,445.59496199999967,445.76740799999965,559.6700000000004,558.8500000000005,114.08999999999999,113.1,[58]
37700008,U18 Omdeler,U37,foot,TSP,Type 2,119,0,1,4440.399999999998,4440.4,470.46236399999975,470.4623639999998,559.6700000000005,559.6700000000005,89.19,89.19,[0]
37700008,U18 Omdeler,U38,foot,TSP,Type 1,119,"42, 43, 44, 45, 46, 58",6,5678.200000000002,5573.100000000001,549.4949620000003,550.7864209999999,663.5700000000008,662.7500000000009,114.08999999999999,111.97999999999998,"[42, 43, 44, 45, 46, 58]"
37700008,U18 Omdeler,U38,foot,TSP,Type 2,119,28,1,4440.399999999998,4405.499999999998,574.3623640000004,575.0635050000003,663.5700000000007,663.5700000000007,89.19,88.49999999999999,[28]
37700008,U18 Omdeler,U39,foot,TSP,Type 1,119,58,1,5678.200000000002,5628.800000000001,612.5849620000002,612.7074080000002,726.6600000000003,725.7900000000003,114.08999999999999,113.1,[58]
37700008,U18 Omdeler,U39,foot,TSP,Type 2,119,,0,4440.399999999998,4440.399999999998,637.4523640000003,637.4523640000003,726.6600000000007,726.6600000000007,89.19,89.19,[]
37700009,O18 Omdeler,Gns. Oms,foot,TSP,Type 1,138,,0,5014.999999999999,5014.999999999999,603.7864999999999,603.7864999999999,746.059999999999,746.059999999999,142.44,142.44,[]
37700009,O18 Omdeler,Gns. Oms,foot,TSP,Type 2,138,,0,3990.4999999999995,3990.4999999999995,632.8823,632.8823,746.0599999999995,746.0599999999995,113.35999999999997,113.35999999999997,[]
37700009,O18 Omdeler,U36,foot,TSP,Type 1,138,"20, 69, 70",3,5014.999999999999,4953.999999999999,589.374,591.1064,731.7999999999994,731.7999999999994,142.44,140.7,"[20, 69, 70]"
37700009,O18 Omdeler,U36,foot,TSP,Type 2,138,70,1,3990.4999999999995,3982.2,618.4698,618.70552,731.7999999999998,731.7999999999998,113.35999999999997,113.10999999999997,[70]
37700009,O18 Omdeler,U37,foot,TSP,Type 1,138,"19, 20, 70",3,5014.999999999999,4956.199999999999,507.38400000000007,508.68392000000017,649.8100000000004,649.4400000000004,142.44,140.76,"[19, 20, 70]"
37700009,O18 Omdeler,U37,foot,TSP,Type 2,138,70,1,3990.4999999999995,3982.2,536.4798000000001,536.71552,649.8100000000004,649.8100000000004,113.35999999999997,113.10999999999997,[70]
37700009,O18 Omdeler,U38,foot,TSP,Type 1,138,20,1,5014.999999999999,5000.999999999999,630.854,631.2516,773.2800000000018,773.2800000000018,142.44,142.04,[20]
37700009,O18 Omdeler,U38,foot,TSP,Type 2,138,69,1,3990.4999999999995,3990.399999999999,659.9498,659.95264,773.2800000000015,773.2800000000015,113.35999999999997,113.35999999999997,[69]
37700009,O18 Omdeler,U39,foot,TSP,Type 1,138,19,1,5014.999999999999,5000.999999999999,687.5339999999999,687.5615999999999,829.9600000000015,829.5900000000015,142.44,142.04,[19]
37700009,O18 Omdeler,U39,foot,TSP,Type 2,138,,0,3990.4999999999995,3990.4999999999995,716.6297999999999,716.6297999999999,829.9600000000012,829.9600000000012,113.35999999999997,113.35999999999997,[]
37700009,SE Omdeler,Gns. Oms,foot,TSP,Type 1,138,"20, 66, 71",3,5014.999999999999,4713.4,472.3935,476.30336,746.059999999999,733.5099999999991,273.8,257.34000000000003,"[20, 66, 71]"
37700009,SE Omdeler,Gns. Oms,foot,TSP,Type 2,138,71,1,3990.4999999999995,3879.2999999999997,528.3312,528.38022,746.0599999999995,740.0399999999995,217.8599999999999,211.78999999999988,[71]
37700009,SE Omdeler,U36,foot,TSP,Type 1,138,"66, 69, 70",3,5014.999999999999,4816.299999999999,457.981,462.78002000000004,731.7999999999994,725.7499999999994,273.8,262.95000000000005,"[66, 69, 70]"
37700009,SE Omdeler,U36,foot,TSP,Type 2,138,70,1,3990.4999999999995,3982.2,513.9187,514.3718799999999,731.7999999999998,731.7999999999998,217.8599999999999,217.40999999999988,[70]
37700009,SE Omdeler,U37,foot,TSP,Type 1,138,"20, 66, 67, 68, 69, 70, 71",7,5014.999999999999,4461.5,375.9910000000001,383.9521,649.8100000000004,627.5500000000004,273.8,243.59,"[20, 66, 67, 68, 69, 70, 71]"
37700009,SE Omdeler,U37,foot,TSP,Type 2,138,71,1,3990.4999999999995,3879.2999999999997,431.92870000000005,432.84021999999993,649.8100000000004,644.6500000000005,217.8599999999999,211.78999999999988,[71]
37700009,SE Omdeler,U38,foot,TSP,Type 1,138,"20, 66, 71",3,5014.999999999999,4713.4,499.461,503.54836,773.2800000000018,760.9000000000017,273.8,257.34000000000003,"[20, 66, 71]"
37700009,SE Omdeler,U38,foot,TSP,Type 2,138,69,1,3990.4999999999995,3990.399999999999,555.3987,555.4041599999999,773.2800000000015,773.2800000000015,217.8599999999999,217.8499999999999,[69]
37700009,SE Omdeler,U39,foot,TSP,Type 1,138,"19, 66, 71",3,5014.999999999999,4713.4,556.141,558.85836,829.9600000000015,816.2100000000014,273.8,257.33000000000004,"[19, 66, 71]"
37700009,SE Omdeler,U39,foot,TSP,Type 2,138,,0,3990.4999999999995,3990.4999999999995,612.0786999999999,612.0786999999999,829.9600000000012,829.9600000000012,217.8599999999999,217.8599999999999,[]
37700009,U18 Omdeler,Gns. Oms,foot,TSP,Type 1,138,,0,5014.999999999999,5014.999999999999,645.46115,645.46115,746.059999999999,746.059999999999,100.73000000000002,100.73000000000002,[]
37700009,U18 Omdeler,Gns. Oms,foot,TSP,Type 2,138,,0,3990.4999999999995,3990.4999999999995,666.043355,666.043355,746.0599999999995,746.0599999999995,80.19,80.19,[]
37700009,U18 Omdeler,U36,foot,TSP,Type 1,138,"20, 69, 70",3,5014.999999999999,4953.999999999999,631.04865,632.27414,731.7999999999994,731.7999999999994,100.73000000000002,99.50000000000001,"[20, 69, 70]"
37700009,U18 Omdeler,U36,foot,TSP,Type 2,138,70,1,3990.4999999999995,3982.2,651.630855,651.797602,731.7999999999998,731.7999999999998,80.19,80.02000000000001,[70]
37700009,U18 Omdeler,U37,foot,TSP,Type 1,138,70,1,5014.999999999999,4970.199999999998,549.0586500000001,549.958682,649.8100000000004,649.8100000000004,100.73000000000002,99.83000000000001,[70]
37700009,U18 Omdeler,U37,foot,TSP,Type 2,138,70,1,3990.4999999999995,3982.2,569.6408550000001,569.807602,649.8100000000004,649.8100000000004,80.19,80.02000000000001,[70]
37700009,U18 Omdeler,U38,foot,TSP,Type 1,138,20,1,5014.999999999999,5000.999999999999,672.52865,672.80991,773.2800000000018,773.2800000000018,100.73000000000002,100.45000000000003,[20]
37700009,U18 Omdeler,U38,foot,TSP,Type 2,138,69,1,3990.4999999999995,3990.399999999999,693.110855,693.1128640000001,773.2800000000015,773.2800000000015,80.19,80.17999999999999,[69]
37700009,U18 Omdeler,U39,foot,TSP,Type 1,138,,0,5014.999999999999,5014.999999999999,729.2086499999999,729.2086499999999,829.9600000000015,829.9600000000015,100.73000000000002,100.73000000000002,[]
37700009,U18 Omdeler,U39,foot,TSP,Type 2,138,,0,3990.4999999999995,3990.4999999999995,749.790855,749.790855,829.9600000000012,829.9600000000012,80.19,80.19,[]
37700010,O18 Omdeler,Gns. Oms,foot,TSP,Type 1,86,34,1,3086.9,3061.9000000000005,351.68453999999997,352.02454,439.24999999999983,438.8799999999998,87.67000000000002,86.95000000000002,[34]
37700010,O18 Omdeler,Gns. Oms,foot,TSP,Type 2,86,34,1,2252.4,2227.3,375.38433999999995,375.72718,439.2499999999999,438.8799999999999,63.99000000000002,63.260000000000026,[34]
37700010,O18 Omdeler,U36,foot,TSP,Type 1,86,"34, 67, 81",3,3086.9,3050.4,341.35204,342.01864,429.02000000000044,428.65000000000043,87.67000000000002,86.62000000000002,"[34, 67, 81]"
37700010,O18 Omdeler,U36,foot,TSP,Type 2,86,"67, 68, 81",3,2252.4,2177.9,365.05183999999997,365.39763999999997,429.0200000000004,427.2500000000004,63.99000000000002,61.86000000000002,"[67, 68, 81]"
37700010,O18 Omdeler,U37,foot,TSP,Type 1,86,34,1,3086.9,3061.9000000000005,305.1720400000001,305.51204,392.8400000000003,392.4700000000003,87.67000000000002,86.95000000000002,[34]
37700010,O18 Omdeler,U37,foot,TSP,Type 2,86,34,1,2252.4,2227.3,328.8718400000001,329.21468,392.84000000000026,392.47000000000025,63.99000000000002,63.260000000000026,[34]
37700010,O18 Omdeler,U38,foot,TSP,Type 1,86,"34, 67, 68, 81",4,3086.9,3047.0,352.53203999999994,353.2951999999999,440.19999999999993,439.8299999999999,87.67000000000002,86.52000000000002,"[34, 67, 68, 81]"
37700010,O18 Omdeler,U38,foot,TSP,Type 2,86,"68, 81",2,2252.4,2177.9,376.2318399999999,378.3476399999999,440.2,440.2,63.99000000000002,61.86000000000002,"[68, 81]"
37700010,O18 Omdeler,U39,foot,TSP,Type 1,86,34,1,3086.9,3061.9000000000005,407.68204,408.02204,495.34999999999985,494.97999999999985,87.67000000000002,86.95000000000002,[34]
37700010,O18 Omdeler,U39,foot,TSP,Type 2,86,34,1,2252.4,2227.3,431.38183999999995,431.72468,495.3499999999998,494.9799999999998,63.99000000000002,63.260000000000026,[34]
37700010,SE Omdeler,Gns. Oms,foot,TSP,Type 1,86,"29, 30, 34",3,3086.9,3027.5000000000005,270.8077599999999,271.9009999999999,439.24999999999983,437.09999999999985,168.56,165.31,"[29, 30, 34]"
37700010,SE Omdeler,Gns. Oms,foot,TSP,Type 2,86,68,1,2252.4,2189.4,316.37145999999996,318.20876,439.2499999999999,437.6499999999999,122.95000000000005,119.51000000000002,[68]
37700010,SE Omdeler,U36,foot,TSP,Type 1,86,"34, 67, 81",3,3086.9,3050.4,260.47525999999993,262.09815999999995,429.02000000000044,428.65000000000043,168.56,166.57,"[34, 67, 81]"
37700010,SE Omdeler,U36,foot,TSP,Type 2,86,"67, 68, 81",3,2252.4,2177.9,306.03896,308.33666,429.0200000000004,427.2500000000004,122.95000000000005,118.88000000000002,"[67, 68, 81]"
37700010,SE Omdeler,U37,foot,TSP,Type 1,86,"29, 33, 34",3,3086.9,2944.8,224.29526000000007,225.59392000000003,392.8400000000003,386.3800000000003,168.56,160.8,"[29, 33, 34]"
37700010,SE Omdeler,U37,foot,TSP,Type 2,86,34,1,2252.4,2227.3,269.8589600000001,270.85942,392.84000000000026,392.47000000000025,122.95000000000005,121.58000000000004,[34]
37700010,SE Omdeler,U38,foot,TSP,Type 1,86,"34, 67, 68, 81",4,3086.9,3047.0,271.6552599999999,273.4637999999999,440.19999999999993,439.8299999999999,168.56,166.39000000000001,"[34, 67, 68, 81]"
37700010,SE Omdeler,U38,foot,TSP,Type 2,86,"68, 81",2,2252.4,2177.9,317.2189599999999,321.2866599999999,440.2,440.2,122.95000000000005,118.88000000000002,"[68, 81]"
37700010,SE Omdeler,U39,foot,TSP,Type 1,86,"29, 30, 34",3,3086.9,3027.5000000000005,326.80526,327.8085,495.34999999999985,493.10999999999984,168.56,165.31,"[29, 30, 34]"
37700010,SE Omdeler,U39,foot,TSP,Type 2,86,68,1,2252.4,2189.4,372.36895999999996,373.61875999999995,495.3499999999998,493.1599999999998,122.95000000000005,119.51000000000002,[68]
37700010,U18 Omdeler,Gns. Oms,foot,TSP,Type 1,86,34,1,3086.9,3061.9000000000005,377.33667899999995,377.468929,439.24999999999983,438.8799999999998,62.00000000000001,61.50000000000001,[34]
37700010,U18 Omdeler,Gns. Oms,foot,TSP,Type 2,86,34,1,2252.4,2227.3,394.10178399999995,394.236043,439.2499999999999,438.8799999999999,45.24000000000002,44.74000000000002,[34]
37700010,U18 Omdeler,U36,foot,TSP,Type 1,86,"34, 67, 81",3,3086.9,3050.4,367.00417899999997,367.367464,429.02000000000044,428.65000000000043,62.00000000000001,61.27,"[34, 67, 81]"
37700010,U18 Omdeler,U36,foot,TSP,Type 2,86,34,1,2252.4,2227.3,383.76928399999997,383.90354299999996,429.0200000000004,428.6500000000004,45.24000000000002,44.74000000000002,[34]
37700010,U18 Omdeler,U37,foot,TSP,Type 1,86,34,1,3086.9,3061.9000000000005,330.8241790000001,330.956429,392.8400000000003,392.4700000000003,62.00000000000001,61.50000000000001,[34]
37700010,U18 Omdeler,U37,foot,TSP,Type 2,86,34,1,2252.4,2227.3,347.5892840000001,347.723543,392.84000000000026,392.47000000000025,45.24000000000002,44.74000000000002,[34]
37700010,U18 Omdeler,U38,foot,TSP,Type 1,86,"34, 67, 68, 81",4,3086.9,3047.0,378.1841789999999,378.6157699999999,440.19999999999993,439.8299999999999,62.00000000000001,61.2,"[34, 67, 68, 81]"
37700010,U18 Omdeler,U38,foot,TSP,Type 2,86,"68, 81",2,2252.4,2177.9,394.9492839999999,396.44598899999994,440.2,440.2,45.24000000000002,43.74000000000002,"[68, 81]"
37700010,U18 Omdeler,U39,foot,TSP,Type 1,86,34,1,3086.9,3061.9000000000005,433.33417899999995,433.466429,495.34999999999985,494.97999999999985,62.00000000000001,61.50000000000001,[34]
37700010,U18 Omdeler,U39,foot,TSP,Type 2,86,34,1,2252.4,2227.3,450.09928399999995,450.233543,495.3499999999998,494.9799999999998,45.24000000000002,44.74000000000002,[34]
37700500,O18 Omdeler,Gns. Oms,car,HPP,Type 1,106,"1, 49, 50",3,7447.999999999999,6669.099999999999,363.96837999999997,383.47069599999986,657.8899999999994,646.6699999999995,293.7800000000001,263.06,"[1, 49, 50]"
37700500,O18 Omdeler,Gns. Oms,car,HPP,Type 2,106,68,1,6808.799999999999,6287.1,389.178428,402.8567759999999,657.8899999999995,650.9899999999997,268.55,247.95999999999998,[68]
37700500,O18 Omdeler,U36,car,HPP,Type 1,106,"1, 49, 50",3,7447.999999999999,6669.099999999999,337.19088000000016,357.2106960000003,630.9400000000005,620.2400000000005,293.7800000000001,263.06,"[1, 49, 50]"
37700500,O18 Omdeler,U36,car,HPP,Type 2,106,68,1,6808.799999999999,6287.1,362.4009280000002,376.0267760000001,630.9400000000003,623.9900000000004,268.55,247.95999999999998,[68]
37700500,O18 Omdeler,U37,car,HPP,Type 1,106,"1, 49, 50",3,7447.999999999999,6669.099999999999,302.30087999999995,323.24069600000007,596.0500000000001,586.2700000000001,293.7800000000001,263.06,"[1, 49, 50]"
37700500,O18 Omdeler,U37,car,HPP,Type 2,106,68,1,6808.799999999999,6287.1,327.510928,342.126776,596.0499999999997,590.0899999999998,268.55,247.95999999999998,[68]
37700500,O18 Omdeler,U38,car,HPP,Type 1,106,"1, 49, 50",3,7447.999999999999,6669.099999999999,359.2908800000001,379.2106960000002,653.0400000000003,642.2400000000002,293.7800000000001,263.06,"[1, 49, 50]"
37700500,O18 Omdeler,U38,car,HPP,Type 2,106,68,1,6808.799999999999,6287.1,384.5009280000001,397.98677600000013,653.0400000000003,645.95,268.55,247.95999999999998,[68]
37700500,O18 Omdeler,U39,car,HPP,Type 1,106,"1, 49, 50",3,7447.999999999999,6669.099999999999,457.09088,474.220696,750.8399999999997,737.2499999999997,293.7800000000001,263.06,"[1, 49, 50]"
37700500,O18 Omdeler,U39,car,HPP,Type 2,106,68,1,6808.799999999999,6287.1,482.30092800000006,495.286776,750.8399999999998,743.2499999999999,268.55,247.95999999999998,[68]
37700500,SE Omdeler,Gns. Oms,car,HPP,Type 1,106,"49, 50, 51, 52, 53, 85, 86, 87",8,7447.999999999999,6116.0999999999985,92.9356600000001,148.15113700000012,657.8899999999994,612.0999999999996,564.7600000000001,463.78,"[49, 50, 51, 52, 53, 85, 86, 87]"
37700500,SE Omdeler,Gns. Oms,car,HPP,Type 2,106,"0, 85, 86, 87",4,6808.799999999999,5863.6,141.40619600000002,190.41571199999998,657.8899999999995,635.2199999999996,516.3799999999999,444.6799999999999,"[0, 85, 86, 87]"
37700500,SE Omdeler,U36,car,HPP,Type 1,106,"49, 50, 51, 52, 53, 85, 86, 87",8,7447.999999999999,6116.0999999999985,66.1581600000003,120.86613700000025,630.9400000000005,584.6500000000002,564.7600000000001,463.78,"[49, 50, 51, 52, 53, 85, 86, 87]"
37700500,SE Omdeler,U36,car,HPP,Type 2,106,"0, 85, 86, 87",4,6808.799999999999,5863.6,114.62869600000022,162.73321200000032,630.9400000000003,607.3700000000002,516.3799999999999,444.6799999999999,"[0, 85, 86, 87]"
37700500,SE Omdeler,U37,car,HPP,Type 1,106,"49, 50, 51, 52, 53, 85, 86, 87",8,7447.999999999999,6116.0999999999985,31.26816000000008,93.45613700000017,596.0500000000001,557.24,564.7600000000001,463.78,"[49, 50, 51, 52, 53, 85, 86, 87]"
37700500,SE Omdeler,U37,car,HPP,Type 2,106,"0, 2, 8, 85, 86, 87",6,6808.799999999999,5851.4000000000015,79.738696,132.99833799999993,596.0499999999997,576.7099999999996,516.3799999999999,443.77,"[0, 2, 8, 85, 86, 87]"
37700500,SE Omdeler,U38,car,HPP,Type 1,106,"49, 50, 51, 52, 53, 85, 86, 87",8,7447.999999999999,6116.0999999999985,88.2581600000002,143.88613700000036,653.0400000000003,607.6700000000001,564.7600000000001,463.78,"[49, 50, 51, 52, 53, 85, 86, 87]"
37700500,SE Omdeler,U38,car,HPP,Type 2,106,"0, 2, 8, 85, 86, 87",6,6808.799999999999,5851.4000000000015,136.72869600000013,186.70833800000008,653.0400000000003,630.42,516.3799999999999,443.77,"[0, 2, 8, 85, 86, 87]"
37700500,SE Omdeler,U39,car,HPP,Type 1,106,"1, 49, 50, 51, 52, 53",6,7447.999999999999,6298.299999999999,186.05816000000016,236.87991100000022,750.8399999999997,714.4799999999997,564.7600000000001,477.59,"[1, 49, 50, 51, 52, 53]"
37700500,SE Omdeler,U39,car,HPP,Type 2,106,"0, 2, 85, 86, 87",5,6808.799999999999,5853.800000000001,234.52869600000008,280.70634599999994,750.8399999999998,724.5999999999998,516.3799999999999,443.93999999999994,"[0, 2, 85, 86, 87]"
37700501,O18 Omdeler,Gns. Oms,car,HPP,Type 1,124,"14, 25, 26, 95, 96, 97",6,8453.599999999997,6459.199999999998,471.7575160000001,524.2291520000002,805.3699999999994,779.1699999999995,333.3999999999999,254.72,"[14, 25, 26, 95, 96, 97]"
37700501,O18 Omdeler,Gns. Oms,car,HPP,Type 2,124,"14, 95, 96, 97",4,7612.999999999997,6189.899999999996,504.9107800000001,544.0853440000001,805.3699999999991,788.4099999999993,300.29,244.11999999999998,"[14, 95, 96, 97]"
37700501,O18 Omdeler,U36,car,HPP,Type 1,124,"14, 25, 26, 95, 96, 97",6,8453.599999999997,6459.199999999998,441.2500160000003,495.4291520000005,774.6600000000011,750.180000000001,333.3999999999999,254.72,"[14, 25, 26, 95, 96, 97]"
37700501,O18 Omdeler,U36,car,HPP,Type 2,124,"14, 95, 96, 97",4,7612.999999999997,6189.899999999996,474.4032800000003,513.9903440000003,774.660000000001,758.120000000001,300.29,244.11999999999998,"[14, 95, 96, 97]"
37700501,O18 Omdeler,U37,car,HPP,Type 1,124,"14, 25, 26, 95, 96, 97",6,8453.599999999997,6459.199999999998,385.070016,442.1491520000001,718.4799999999999,696.9,333.3999999999999,254.72,"[14, 25, 26, 95, 96, 97]"
37700501,O18 Omdeler,U37,car,HPP,Type 2,124,"14, 95, 96, 97",4,7612.999999999997,6189.899999999996,418.22328,461.520344,718.4800000000002,705.65,300.29,244.11999999999998,"[14, 95, 96, 97]"
37700501,O18 Omdeler,U38,car,HPP,Type 1,124,"14, 25, 26, 95, 96, 97",6,8453.599999999997,6459.199999999998,512.7300160000002,568.2291520000003,846.1400000000009,822.9800000000008,333.3999999999999,254.72,"[14, 25, 26, 95, 96, 97]"
37700501,O18 Omdeler,U38,car,HPP,Type 2,124,"14, 95, 96, 97",4,7612.999999999997,6189.899999999996,545.8832800000002,586.9203440000002,846.1400000000006,831.0500000000011,300.29,244.11999999999998,"[14, 95, 96, 97]"
37700501,O18 Omdeler,U39,car,HPP,Type 1,124,"0, 14, 26",3,8453.599999999997,6805.199999999998,547.9800160000002,596.0429120000001,881.3899999999999,864.4399999999999,333.3999999999999,268.36999999999995,"[0, 14, 26]"
37700501,O18 Omdeler,U39,car,HPP,Type 2,124,"14, 95, 96, 97",4,7612.999999999997,6189.899999999996,581.1332800000002,613.9103440000004,881.3899999999999,858.0399999999998,300.29,244.11999999999998,"[14, 95, 96, 97]"
37700501,SE Omdeler,Gns. Oms,car,HPP,Type 1,124,"14, 24, 25, 26, 95, 96, 97",7,8453.599999999997,6337.5999999999985,164.13101200000028,290.4747920000003,805.3699999999994,771.2399999999996,641.0500000000001,480.5899999999999,"[14, 24, 25, 26, 95, 96, 97]"
37700501,SE Omdeler,Gns. Oms,car,HPP,Type 2,124,"14, 95, 96, 97",4,7612.999999999997,6189.899999999996,227.8737100000003,318.8348830000003,805.3699999999991,788.4099999999993,577.2899999999997,469.41999999999985,"[14, 95, 96, 97]"
37700501,SE Omdeler,U36,car,HPP,Type 1,124,"14, 24, 25, 26, 95, 96, 97",7,8453.599999999997,6337.5999999999985,133.62351200000046,261.6597920000005,774.6600000000011,742.2400000000009,641.0500000000001,480.5899999999999,"[14, 24, 25, 26, 95, 96, 97]"
37700501,SE Omdeler,U36,car,HPP,Type 2,124,"14, 95, 96, 97",4,7612.999999999997,6189.899999999996,197.36621000000048,288.7398830000005,774.660000000001,758.120000000001,577.2899999999997,469.41999999999985,"[14, 95, 96, 97]"
37700501,SE Omdeler,U37,car,HPP,Type 1,124,"14, 24, 25, 26, 95, 96, 97",7,8453.599999999997,6337.5999999999985,77.44351200000017,209.26979200000002,718.4799999999999,689.85,641.0500000000001,480.5899999999999,"[14, 24, 25, 26, 95, 96, 97]"
37700501,SE Omdeler,U37,car,HPP,Type 2,124,"14, 95, 96, 97",4,7612.999999999997,6189.899999999996,141.1862100000002,236.26988300000022,718.4800000000002,705.65,577.2899999999997,469.41999999999985,"[14, 95, 96, 97]"
37700501,SE Omdeler,U38,car,HPP,Type 1,124,"14, 24, 25, 26, 95, 96, 97",7,8453.599999999997,6337.5999999999985,205.10351200000036,334.32979200000034,846.1400000000009,814.9100000000009,641.0500000000001,480.5899999999999,"[14, 24, 25, 26, 95, 96, 97]"
37700501,SE Omdeler,U38,car,HPP,Type 2,124,"14, 95, 96, 97",4,7612.999999999997,6189.899999999996,268.8462100000004,361.6698830000004,846.1400000000006,831.0500000000011,577.2899999999997,469.41999999999985,"[14, 95, 96, 97]"
37700501,SE Omdeler,U39,car,HPP,Type 1,124,"14, 24, 25, 26, 95, 96, 97",7,8453.599999999997,6337.5999999999985,240.35351200000036,356.6397920000003,881.3899999999999,837.22,641.0500000000001,480.5899999999999,"[14, 24, 25, 26, 95, 96, 97]"
37700501,SE Omdeler,U39,car,HPP,Type 2,124,"14, 95, 96, 97",4,7612.999999999997,6189.899999999996,304.0962100000004,388.65988300000055,881.3899999999999,858.0399999999998,577.2899999999997,469.41999999999985,"[14, 95, 96, 97]"
37820001,O18 Omdeler,Gns. Oms,foot,TSP,Type 1,78,"56, 61, 62, 63",4,5086.1,4553.8,292.16226,302.66958,436.61000000000035,431.99000000000035,144.47,129.35000000000002,"[56, 61, 62, 63]"
37820001,O18 Omdeler,Gns. Oms,foot,TSP,Type 2,78,"56, 58, 59, 63",4,3920.299999999999,3185.499999999999,325.27098,331.2668,436.61000000000035,421.7400000000003,111.34000000000002,90.46000000000001,"[56, 58, 59, 63]"
37820001,O18 Omdeler,U36,foot,TSP,Type 1,78,"56, 61, 62, 63",4,5086.1,4553.8,315.45476,328.80208,459.90000000000026,458.1300000000003,144.47,129.35000000000002,"[56, 61, 62, 63]"
37820001,O18 Omdeler,U36,foot,TSP,Type 2,78,"56, 58, 59, 63",4,3920.299999999999,3185.499999999999,348.56348,356.0718,459.9000000000002,446.5400000000002,111.34000000000002,90.46000000000001,"[56, 58, 59, 63]"
37820001,O18 Omdeler,U37,foot,TSP,Type 1,78,"56, 61, 62, 63",4,5086.1,4553.8,222.99475999999999,232.26207999999997,367.4400000000002,361.5900000000002,144.47,129.35000000000002,"[56, 61, 62, 63]"
37820001,O18 Omdeler,U37,foot,TSP,Type 2,78,"56, 58, 59, 63",4,3920.299999999999,3185.499999999999,256.10348,263.25179999999995,367.4400000000002,353.7200000000002,111.34000000000002,90.46000000000001,"[56, 58, 59, 63]"
37820001,O18 Omdeler,U38,foot,TSP,Type 1,78,"55, 56, 61, 62, 63",5,5086.1,4553.8,284.85475999999994,299.97207999999995,429.2999999999999,429.2999999999999,144.47,129.35000000000002,"[55, 56, 61, 62, 63]"
37820001,O18 Omdeler,U38,foot,TSP,Type 2,78,"56, 58, 59, 61, 62, 63",6,3920.299999999999,3123.2999999999993,317.96348,328.21828,429.30000000000007,416.9200000000001,111.34000000000002,88.71000000000002,"[56, 58, 59, 61, 62, 63]"
37820001,O18 Omdeler,U39,foot,TSP,Type 1,78,56,1,5086.1,4785.599999999999,345.3447599999999,351.68895999999995,489.7899999999999,487.5999999999999,144.47,135.93,[56]
37820001,O18 Omdeler,U39,foot,TSP,Type 2,78,"56, 59",2,3920.299999999999,3505.6999999999994,378.4534799999999,380.4281199999999,489.78999999999974,479.9899999999997,111.34000000000002,99.57000000000001,"[56, 59]"
37820001,SE Omdeler,Gns. Oms,foot,TSP,Type 1,78,"16, 55, 56, 57, 58, 59, 60, 61, 62, 63",10,5086.1,3581.3,158.90643999999998,207.1535199999999,436.61000000000035,402.6900000000003,277.73999999999995,195.57,"[16, 55, 56, 57, 58, 59, 60, 61, 62, 63]"
37820001,SE Omdeler,Gns. Oms,foot,TSP,Type 2,78,"56, 58, 59, 61, 62, 63",6,3920.299999999999,3123.2999999999993,222.55912000000006,248.66282000000007,436.61000000000035,419.19000000000034,214.07999999999998,170.57000000000002,"[56, 58, 59, 61, 62, 63]"
37820001,SE Omdeler,U36,foot,TSP,Type 1,78,"16, 55, 56, 57, 58, 59, 60, 61, 62, 63",10,5086.1,3581.3,182.19894,233.32101999999998,459.90000000000026,428.8600000000003,277.73999999999995,195.57,"[16, 55, 56, 57, 58, 59, 60, 61, 62, 63]"
37820001,SE Omdeler,U36,foot,TSP,Type 2,78,"56, 58, 59, 61, 62, 63",6,3920.299999999999,3123.2999999999993,245.85162000000008,274.23782,459.9000000000002,444.7700000000002,214.07999999999998,170.57000000000002,"[56, 58, 59, 61, 62, 63]"
37820001,SE Omdeler,U37,foot,TSP,Type 1,78,"16, 55, 56, 57, 58, 59, 60, 61, 62, 63",10,5086.1,3581.3,89.73893999999996,136.32101999999992,367.4400000000002,331.8600000000002,277.73999999999995,195.57,"[16, 55, 56, 57, 58, 59, 60, 61, 62, 63]"
37820001,SE Omdeler,U37,foot,TSP,Type 2,78,"56, 57, 58, 59, 60, 61, 62, 63",8,3920.299999999999,2845.9,153.39162000000005,183.94385999999997,367.4400000000002,339.33000000000015,214.07999999999998,155.40999999999997,"[56, 57, 58, 59, 60, 61, 62, 63]"
37820001,SE Omdeler,U38,foot,TSP,Type 1,78,"16, 55, 56, 57, 58, 59, 60, 61, 62, 63",10,5086.1,3581.3,151.5989399999999,208.2210199999999,429.2999999999999,403.7599999999999,277.73999999999995,195.57,"[16, 55, 56, 57, 58, 59, 60, 61, 62, 63]"
37820001,SE Omdeler,U38,foot,TSP,Type 2,78,"55, 56, 57, 58, 59, 60, 61, 62, 63",9,3920.299999999999,2610.0,215.25162,261.25399999999996,429.30000000000007,403.7600000000001,214.07999999999998,142.53999999999996,"[55, 56, 57, 58, 59, 60, 61, 62, 63]"
37820001,SE Omdeler,U39,foot,TSP,Type 1,78,"55, 56, 57, 58, 59, 60, 61, 62, 63",9,5086.1,3691.5,212.08893999999987,245.58409999999998,489.7899999999999,447.13999999999993,277.73999999999995,201.58999999999997,"[55, 56, 57, 58, 59, 60, 61, 62, 63]"
37820001,SE Omdeler,U39,foot,TSP,Type 2,78,"56, 58, 59, 63",4,3920.299999999999,3185.499999999999,275.74161999999995,295.8317,489.78999999999974,469.75999999999976,214.07999999999998,173.96000000000004,"[56, 58, 59, 63]"
37820001,U18 Omdeler,Gns. Oms,foot,TSP,Type 1,78,"56, 61, 62, 63",4,5086.1,4553.8,334.427751,340.511658,436.61000000000035,431.99000000000035,102.21000000000001,91.52000000000001,"[56, 61, 62, 63]"
37820001,U18 Omdeler,Gns. Oms,foot,TSP,Type 2,78,"61, 63",2,3920.299999999999,3750.699999999999,357.848673,359.29093699999993,436.61000000000035,434.6400000000003,78.79000000000002,75.38000000000005,"[61, 63]"
37820001,U18 Omdeler,U36,foot,TSP,Type 1,78,"56, 61, 62, 63",4,5086.1,4553.8,357.720251,366.644158,459.90000000000026,458.1300000000003,102.21000000000001,91.52000000000001,"[56, 61, 62, 63]"
37820001,U18 Omdeler,U36,foot,TSP,Type 2,78,"61, 63",2,3920.299999999999,3750.699999999999,381.14117300000004,384.548437,459.9000000000002,459.9000000000002,78.79000000000002,75.38000000000005,"[61, 63]"
37820001,U18 Omdeler,U37,foot,TSP,Type 1,78,"56, 63, 64",3,5086.1,4616.099999999999,265.260251,270.522551,367.4400000000002,363.2600000000002,102.21000000000001,92.78000000000002,"[56, 63, 64]"
37820001,U18 Omdeler,U37,foot,TSP,Type 2,78,"56, 59",2,3920.299999999999,3505.6999999999994,288.681173,290.150487,367.4400000000002,360.5800000000002,78.79000000000002,70.46000000000004,"[56, 59]"
37820001,U18 Omdeler,U38,foot,TSP,Type 1,78,"56, 61, 62, 63",4,5086.1,4553.8,327.12025099999994,337.81415799999996,429.2999999999999,429.2999999999999,102.21000000000001,91.52000000000001,"[56, 61, 62, 63]"
37820001,U18 Omdeler,U38,foot,TSP,Type 2,78,"61, 62, 63",3,3920.299999999999,3742.8999999999987,350.54117299999996,354.105139,429.30000000000007,429.30000000000007,78.79000000000002,75.22000000000006,"[61, 62, 63]"
37820001,U18 Omdeler,U39,foot,TSP,Type 1,78,56,1,5086.1,4785.599999999999,387.6102509999999,391.457296,489.7899999999999,487.5999999999999,102.21000000000001,96.18,[56]
37820001,U18 Omdeler,U39,foot,TSP,Type 2,78,,0,3920.299999999999,3920.299999999999,411.0311729999999,411.0311729999999,489.78999999999974,489.78999999999974,78.79000000000002,78.79000000000002,[]
37820002,O18 Omdeler,Gns. Oms,foot,TSP,Type 1,110,"7, 99, 100",3,6143.999999999997,5694.399999999998,464.53040000000004,475.39154,638.9899999999999,637.08,174.48999999999998,161.70999999999998,"[7, 99, 100]"
37820002,O18 Omdeler,Gns. Oms,foot,TSP,Type 2,110,"99, 100",2,5664.899999999999,5261.4,478.13684,488.5562399999999,638.9900000000001,637.9500000000002,160.87,149.4,"[99, 100]"
37820002,O18 Omdeler,U36,foot,TSP,Type 1,110,"7, 99, 100",3,6143.999999999997,5694.399999999998,492.79040000000003,504.55904000000004,667.2799999999995,666.2799999999995,174.48999999999998,161.70999999999998,"[7, 99, 100]"
37820002,O18 Omdeler,U36,foot,TSP,Type 2,110,"99, 100",2,5664.899999999999,5261.4,506.39684,516.8562399999998,667.2799999999995,666.2799999999995,160.87,149.4,"[99, 100]"
37820002,O18 Omdeler,U37,foot,TSP,Type 1,110,"67, 99, 100",3,6143.999999999997,5513.699999999997,386.36039999999986,397.96091999999993,560.8500000000005,554.5500000000005,174.48999999999998,156.59,"[67, 99, 100]"
37820002,O18 Omdeler,U37,foot,TSP,Type 2,110,"99, 100",2,5664.899999999999,5261.4,399.9668399999998,411.0562399999998,560.8500000000005,560.4800000000006,160.87,149.4,"[99, 100]"
37820002,O18 Omdeler,U38,foot,TSP,Type 1,110,"9, 99, 100",3,6143.999999999997,5679.199999999997,460.32040000000023,473.15072000000004,634.8100000000011,634.4400000000011,174.48999999999998,161.28999999999996,"[9, 99, 100]"
37820002,O18 Omdeler,U38,foot,TSP,Type 2,110,"99, 100",2,5664.899999999999,5261.4,473.9268400000002,485.01624000000004,634.810000000001,634.440000000001,160.87,149.4,"[99, 100]"
37820002,O18 Omdeler,U39,foot,TSP,Type 1,110,"99, 100",2,6143.999999999997,5740.499999999997,518.6504000000002,527.6898000000001,693.1400000000008,690.7200000000008,174.48999999999998,163.03,"[99, 100]"
37820002,O18 Omdeler,U39,foot,TSP,Type 2,110,"99, 100",2,5664.899999999999,5261.4,532.2568400000001,541.29624,693.1400000000004,690.7200000000005,160.87,149.4,"[99, 100]"
37820002,SE Omdeler,Gns. Oms,foot,TSP,Type 1,110,"67, 99, 100",3,6143.999999999997,5513.699999999997,303.5576000000001,329.9619800000001,638.9899999999999,630.9799999999999,335.3999999999998,300.98999999999984,"[67, 99, 100]"
37820002,SE Omdeler,Gns. Oms,foot,TSP,Type 2,110,"99, 100",2,5664.899999999999,5261.4,329.71646000000004,350.70755999999994,638.9900000000001,637.9500000000002,309.28,287.24999999999994,"[99, 100]"
37820002,SE Omdeler,U36,foot,TSP,Type 1,110,"67, 99, 100",3,6143.999999999997,5513.699999999997,331.8176000000001,357.77198000000004,667.2799999999995,658.8199999999996,335.3999999999998,300.98999999999984,"[67, 99, 100]"
37820002,SE Omdeler,U36,foot,TSP,Type 2,110,"99, 100",2,5664.899999999999,5261.4,357.97646000000003,379.0075599999999,667.2799999999995,666.2799999999995,309.28,287.24999999999994,"[99, 100]"
37820002,SE Omdeler,U37,foot,TSP,Type 1,110,"67, 99, 100",3,6143.999999999997,5513.699999999997,225.3875999999999,253.50197999999995,560.8500000000005,554.5500000000005,335.3999999999998,300.98999999999984,"[67, 99, 100]"
37820002,SE Omdeler,U37,foot,TSP,Type 2,110,"99, 100",2,5664.899999999999,5261.4,251.54645999999985,273.20755999999983,560.8500000000005,560.4800000000006,309.28,287.24999999999994,"[99, 100]"
37820002,SE Omdeler,U38,foot,TSP,Type 1,110,"67, 99, 100",3,6143.999999999997,5513.699999999997,299.3476000000003,326.42198000000013,634.8100000000011,627.470000000001,335.3999999999998,300.98999999999984,"[67, 99, 100]"
37820002,SE Omdeler,U38,foot,TSP,Type 2,110,"99, 100",2,5664.899999999999,5261.4,325.50646000000023,347.1675600000001,634.810000000001,634.440000000001,309.28,287.24999999999994,"[99, 100]"
37820002,SE Omdeler,U39,foot,TSP,Type 1,110,"67, 99, 100",3,6143.999999999997,5513.699999999997,357.6776000000002,382.15198000000015,693.1400000000008,683.2000000000007,335.3999999999998,300.98999999999984,"[67, 99, 100]"
37820002,SE Omdeler,U39,foot,TSP,Type 2,110,"99, 100",2,5664.899999999999,5261.4,383.83646000000016,403.44756000000007,693.1400000000004,690.7200000000005,309.28,287.24999999999994,"[99, 100]"
37820002,U18 Omdeler,Gns. Oms,foot,TSP,Type 1,110,"7, 99, 100",3,6143.999999999997,5694.399999999998,515.58704,522.712004,638.9899999999999,637.08,123.41000000000004,114.38000000000004,"[7, 99, 100]"
37820002,U18 Omdeler,Gns. Oms,foot,TSP,Type 2,110,"99, 100",2,5664.899999999999,5261.4,525.212159,532.278474,638.9900000000001,637.9500000000002,113.77,105.67000000000002,"[99, 100]"
37820002,U18 Omdeler,U36,foot,TSP,Type 1,110,"7, 99, 100",3,6143.999999999997,5694.399999999998,543.84704,551.879504,667.2799999999995,666.2799999999995,123.41000000000004,114.38000000000004,"[7, 99, 100]"
37820002,U18 Omdeler,U36,foot,TSP,Type 2,110,"99, 100",2,5664.899999999999,5261.4,553.472159,560.5784739999999,667.2799999999995,666.2799999999995,113.77,105.67000000000002,"[99, 100]"
37820002,U18 Omdeler,U37,foot,TSP,Type 1,110,"14, 99, 100",3,6143.999999999997,5740.399999999997,437.4170399999998,445.1553639999999,560.8500000000005,560.4800000000005,123.41000000000004,115.30000000000004,"[14, 99, 100]"
37820002,U18 Omdeler,U37,foot,TSP,Type 2,110,"99, 100",2,5664.899999999999,5261.4,447.0421589999998,454.7784739999998,560.8500000000005,560.4800000000006,113.77,105.67000000000002,"[99, 100]"
37820002,U18 Omdeler,U38,foot,TSP,Type 1,110,"9, 99, 100",3,6143.999999999997,5679.199999999997,511.3770400000002,520.344872,634.8100000000011,634.4400000000011,123.41000000000004,114.09000000000005,"[9, 99, 100]"
37820002,U18 Omdeler,U38,foot,TSP,Type 2,110,"99, 100",2,5664.899999999999,5261.4,521.0021590000002,528.7384740000001,634.810000000001,634.440000000001,113.77,105.67000000000002,"[99, 100]"
37820002,U18 Omdeler,U39,foot,TSP,Type 1,110,"99, 100",2,6143.999999999997,5740.499999999997,569.7070400000001,575.393355,693.1400000000008,690.7200000000008,123.41000000000004,115.31000000000003,"[99, 100]"
37820002,U18 Omdeler,U39,foot,TSP,Type 2,110,"99, 100",2,5664.899999999999,5261.4,579.3321590000002,585.0184740000001,693.1400000000004,690.7200000000005,113.77,105.67000000000002,"[99, 100]"
37820003,O18 Omdeler,Gns. Oms,foot,TSP,Type 1,108,87,1,3626.299999999999,3569.099999999999,510.19557999999995,510.94756,613.1400000000001,612.2700000000001,102.98999999999997,101.36999999999996,[87]
37820003,O18 Omdeler,Gns. Oms,foot,TSP,Type 2,108,,0,2420.6999999999994,2420.6999999999994,544.4346199999999,544.4346199999999,613.1400000000001,613.1400000000001,68.75999999999996,68.75999999999996,[]
37820003,O18 Omdeler,U36,foot,TSP,Type 1,108,87,1,3626.299999999999,3569.099999999999,551.82308,552.5775600000001,654.8099999999995,653.9399999999995,102.98999999999997,101.36999999999996,[87]
37820003,O18 Omdeler,U36,foot,TSP,Type 2,108,,0,2420.6999999999994,2420.6999999999994,586.0621199999999,586.0621199999999,654.8099999999996,654.8099999999996,68.75999999999996,68.75999999999996,[]
37820003,O18 Omdeler,U37,foot,TSP,Type 1,108,"87, 96, 97",3,3626.299999999999,3562.099999999999,412.5630800000001,413.53636,515.5500000000008,514.7000000000007,102.98999999999997,101.16999999999997,"[87, 96, 97]"
37820003,O18 Omdeler,U37,foot,TSP,Type 2,108,,0,2420.6999999999994,2420.6999999999994,446.80212000000006,446.80212000000006,515.5500000000009,515.5500000000009,68.75999999999996,68.75999999999996,[]
37820003,O18 Omdeler,U38,foot,TSP,Type 1,108,"87, 96, 97",3,3626.299999999999,3562.099999999999,522.6630800000001,523.63636,625.6500000000008,624.8000000000008,102.98999999999997,101.16999999999997,"[87, 96, 97]"
37820003,O18 Omdeler,U38,foot,TSP,Type 2,108,,0,2420.6999999999994,2420.6999999999994,556.9021200000001,556.9021200000001,625.6500000000009,625.6500000000009,68.75999999999996,68.75999999999996,[]
37820003,O18 Omdeler,U39,foot,TSP,Type 1,108,87,1,3626.299999999999,3569.099999999999,553.7330800000001,554.43756,656.7200000000005,655.8000000000005,102.98999999999997,101.36999999999996,[87]
37820003,O18 Omdeler,U39,foot,TSP,Type 2,108,,0,2420.6999999999994,2420.6999999999994,587.97212,587.97212,656.7200000000001,656.7200000000001,68.75999999999996,68.75999999999996,[]
37820003,SE Omdeler,Gns. Oms,foot,TSP,Type 1,108,87,1,3626.299999999999,3569.099999999999,415.18652,417.43714,613.1400000000001,612.2700000000001,197.96999999999994,194.84999999999994,[87]
37820003,SE Omdeler,Gns. Oms,foot,TSP,Type 2,108,87,1,2420.6999999999994,2402.899999999999,481.0122799999999,481.11166,613.1400000000001,612.2700000000001,132.17000000000004,131.20000000000005,[87]
37820003,SE Omdeler,U36,foot,TSP,Type 1,108,87,1,3626.299999999999,3569.099999999999,456.81402,459.0671400000001,654.8099999999995,653.9399999999995,197.96999999999994,194.84999999999994,[87]
37820003,SE Omdeler,U36,foot,TSP,Type 2,108,87,1,2420.6999999999994,2402.899999999999,522.63978,522.7416600000001,654.8099999999996,653.9399999999996,132.17000000000004,131.20000000000005,[87]
37820003,SE Omdeler,U37,foot,TSP,Type 1,108,"9, 96, 97",3,3626.299999999999,3467.0999999999995,317.55402000000015,321.08634,515.5500000000008,510.3900000000007,197.96999999999994,189.28,"[9, 96, 97]"
37820003,SE Omdeler,U37,foot,TSP,Type 2,108,87,1,2420.6999999999994,2402.899999999999,383.3797800000001,383.50165999999996,515.5500000000009,514.7000000000008,132.17000000000004,131.20000000000005,[87]
37820003,SE Omdeler,U38,foot,TSP,Type 1,108,"87, 96, 97",3,3626.299999999999,3562.099999999999,427.6540200000002,430.30934,625.6500000000008,624.8000000000008,197.96999999999994,194.46999999999994,"[87, 96, 97]"
37820003,SE Omdeler,U38,foot,TSP,Type 2,108,87,1,2420.6999999999994,2402.899999999999,493.4797800000001,493.6016600000001,625.6500000000009,624.8000000000009,132.17000000000004,131.20000000000005,[87]
37820003,SE Omdeler,U39,foot,TSP,Type 1,108,87,1,3626.299999999999,3569.099999999999,458.7240200000001,460.92714,656.7200000000005,655.8000000000005,197.96999999999994,194.84999999999994,[87]
37820003,SE Omdeler,U39,foot,TSP,Type 2,108,87,1,2420.6999999999994,2402.899999999999,524.54978,524.60166,656.7200000000001,655.8000000000002,132.17000000000004,131.20000000000005,[87]
37820003,U18 Omdeler,Gns. Oms,foot,TSP,Type 1,108,87,1,3626.299999999999,3569.099999999999,540.3301329999999,540.606781,613.1400000000001,612.2700000000001,72.83,71.69000000000001,[87]
37820003,U18 Omdeler,Gns. Oms,foot,TSP,Type 2,108,,0,2420.6999999999994,2420.6999999999994,564.5506369999999,564.5506369999999,613.1400000000001,613.1400000000001,48.63,48.63,[]
37820003,U18 Omdeler,U36,foot,TSP,Type 1,108,87,1,3626.299999999999,3569.099999999999,581.957633,582.2367810000001,654.8099999999995,653.9399999999995,72.83,71.69000000000001,[87]
37820003,U18 Omdeler,U36,foot,TSP,Type 2,108,,0,2420.6999999999994,2420.6999999999994,606.178137,606.178137,654.8099999999996,654.8099999999996,48.63,48.63,[]
37820003,U18 Omdeler,U37,foot,TSP,Type 1,108,"87, 96, 97",3,3626.299999999999,3562.099999999999,442.6976330000001,443.137411,515.5500000000008,514.7000000000007,72.83,71.55000000000001,"[87, 96, 97]"
37820003,U18 Omdeler,U37,foot,TSP,Type 2,108,,0,2420.6999999999994,2420.6999999999994,466.91813700000006,466.91813700000006,515.5500000000009,515.5500000000009,48.63,48.63,[]
37820003,U18 Omdeler,U38,foot,TSP,Type 1,108,"87, 96, 97",3,3626.299999999999,3562.099999999999,552.7976330000001,553.237411,625.6500000000008,624.8000000000008,72.83,71.55000000000001,"[87, 96, 97]"
37820003,U18 Omdeler,U38,foot,TSP,Type 2,108,,0,2420.6999999999994,2420.6999999999994,577.0181370000001,577.0181370000001,625.6500000000009,625.6500000000009,48.63,48.63,[]
37820003,U18 Omdeler,U39,foot,TSP,Type 1,108,87,1,3626.299999999999,3569.099999999999,583.8676330000001,584.096781,656.7200000000005,655.8000000000005,72.83,71.69000000000001,[87]
37820003,U18 Omdeler,U39,foot,TSP,Type 2,108,,0,2420.6999999999994,2420.6999999999994,608.0881370000001,608.0881370000001,656.7200000000001,656.7200000000001,48.63,48.63,[]
37820500,O18 Omdeler,Gns. Oms,car,HPP,Type 1,86,"0, 1, 2",3,5573.7,4668.3,374.9532720000002,394.03974800000003,594.7700000000002,578.1500000000001,219.82000000000005,184.10999999999999,"[0, 1, 2]"
37820500,O18 Omdeler,Gns. Oms,car,HPP,Type 2,86,73,1,5005.7,4547.0,397.3551920000002,414.20632000000006,594.7700000000002,593.5300000000003,197.40000000000006,179.32999999999996,[73]
37820500,O18 Omdeler,U36,car,HPP,Type 1,86,"0, 1, 2",3,5573.7,4668.3,410.84327199999973,428.46224800000005,630.6699999999996,612.5799999999997,219.82000000000005,184.10999999999999,"[0, 1, 2]"
37820500,O18 Omdeler,U36,car,HPP,Type 2,86,73,1,5005.7,4547.0,433.24519199999975,449.54631999999987,630.6699999999996,628.8799999999995,197.40000000000006,179.32999999999996,[73]
37820500,O18 Omdeler,U37,car,HPP,Type 1,86,"0, 1, 2",3,5573.7,4668.3,293.553272,316.25224799999995,513.3799999999995,500.36999999999955,219.82000000000005,184.10999999999999,"[0, 1, 2]"
37820500,O18 Omdeler,U37,car,HPP,Type 2,86,73,1,5005.7,4547.0,315.955192,333.01632,513.3799999999997,512.3499999999998,197.40000000000006,179.32999999999996,[73]
37820500,O18 Omdeler,U38,car,HPP,Type 1,86,"0, 1, 2",3,5573.7,4668.3,389.1932720000003,409.74224800000013,609.0200000000001,593.86,219.82000000000005,184.10999999999999,"[0, 1, 2]"
37820500,O18 Omdeler,U38,car,HPP,Type 2,86,73,1,5005.7,4547.0,411.59519200000034,428.6563200000002,609.0200000000001,607.9900000000004,197.40000000000006,179.32999999999996,[73]
37820500,O18 Omdeler,U39,car,HPP,Type 1,86,"1, 2, 73",3,5573.7,4855.5,406.22327200000007,421.84908,626.05,613.3499999999998,219.82000000000005,191.49,"[1, 2, 73]"
37820500,O18 Omdeler,U39,car,HPP,Type 2,86,73,1,5005.7,4547.0,428.6251920000001,445.60632000000015,626.0499999999997,624.9399999999996,197.40000000000006,179.32999999999996,[73]
37820500,SE Omdeler,Gns. Oms,car,HPP,Type 1,86,"0, 1, 2, 3, 4, 5, 73, 74",8,5573.7,4105.999999999999,172.12632900000023,238.62702000000007,594.7700000000002,549.9799999999999,422.60999999999996,311.31000000000006,"[0, 1, 2, 3, 4, 5, 73, 74]"
37820500,SE Omdeler,Gns. Oms,car,HPP,Type 2,86,"5, 73, 74",3,5005.7,4349.9,215.19776900000022,251.80458300000006,594.7700000000002,581.6500000000003,379.58000000000004,329.8199999999999,"[5, 73, 74]"
37820500,SE Omdeler,U36,car,HPP,Type 1,86,"0, 1, 2, 5",4,5573.7,4355.300000000001,208.01632899999976,274.6376009999998,630.6699999999996,604.8999999999997,422.60999999999996,330.21000000000004,"[0, 1, 2, 5]"
37820500,SE Omdeler,U36,car,HPP,Type 2,86,"5, 73, 74",3,5005.7,4349.9,251.08776899999975,289.4870829999999,630.6699999999996,619.3399999999996,379.58000000000004,329.8199999999999,"[5, 73, 74]"
37820500,SE Omdeler,U37,car,HPP,Type 1,86,"0, 1, 2, 51, 52, 53, 54",7,5573.7,4130.9,90.72632900000002,161.32385299999993,513.3799999999995,474.5699999999996,422.60999999999996,313.2,"[0, 1, 2, 51, 52, 53, 54]"
37820500,SE Omdeler,U37,car,HPP,Type 2,86,43,1,5005.7,4471.699999999999,133.79776900000002,168.33098900000005,513.3799999999997,507.41999999999985,379.58000000000004,339.0599999999999,[43]
37820500,SE Omdeler,U38,car,HPP,Type 1,86,"0, 1, 2, 3, 4, 5, 73, 74",8,5573.7,4105.999999999999,186.36632900000035,257.4920200000003,609.0200000000001,568.85,422.60999999999996,311.31000000000006,"[0, 1, 2, 3, 4, 5, 73, 74]"
37820500,SE Omdeler,U38,car,HPP,Type 2,86,"5, 73, 74",3,5005.7,4349.9,229.43776900000034,269.2170830000002,609.0200000000001,599.0700000000003,379.58000000000004,329.8199999999999,"[5, 73, 74]"
37820500,SE Omdeler,U39,car,HPP,Type 1,86,"0, 1, 2",3,5573.7,4668.3,203.3963290000001,251.82281100000006,626.05,605.8199999999997,422.60999999999996,353.95,"[0, 1, 2]"
37820500,SE Omdeler,U39,car,HPP,Type 2,86,"5, 73, 74",3,5005.7,4349.9,246.4677690000001,283.7670830000001,626.0499999999997,613.6199999999997,379.58000000000004,329.8199999999999,"[5, 73, 74]"
37820501,O18 Omdeler,Gns. Oms,car,HPP,Type 1,93,"7, 56, 62, 73",4,5415.599999999999,4100.799999999999,427.58873600000015,449.20444800000007,641.1600000000005,610.9200000000004,213.54999999999995,161.69,"[7, 56, 62, 73]"
37820501,O18 Omdeler,Gns. Oms,car,HPP,Type 2,93,"73, 91, 92",3,5238.100000000003,4298.799999999999,434.589336,450.39532800000006,641.1600000000004,619.9200000000001,206.54000000000002,169.49999999999991,"[73, 91, 92]"
37820501,O18 Omdeler,U36,car,HPP,Type 1,93,"7, 56, 62, 73",4,5415.599999999999,4100.799999999999,453.9587359999997,473.21444800000006,667.5499999999994,634.9499999999996,213.54999999999995,161.69,"[7, 56, 62, 73]"
37820501,O18 Omdeler,U36,car,HPP,Type 2,93,"56, 62",2,5238.100000000003,4456.600000000001,460.95933599999955,475.4216959999997,667.5499999999994,651.1899999999994,206.54000000000002,175.75999999999996,"[56, 62]"
37820501,O18 Omdeler,U37,car,HPP,Type 1,93,"7, 56, 62, 73",4,5415.599999999999,4100.799999999999,343.8987360000001,369.95444800000007,557.4899999999998,531.6899999999998,213.54999999999995,161.69,"[7, 56, 62, 73]"
37820501,O18 Omdeler,U37,car,HPP,Type 2,93,"73, 91, 92",3,5238.100000000003,4298.799999999999,350.89933599999995,370.06532800000014,557.4899999999999,539.6099999999998,206.54000000000002,169.49999999999991,"[73, 91, 92]"
37820501,O18 Omdeler,U38,car,HPP,Type 1,93,"7, 56, 62, 73",4,5415.599999999999,4100.799999999999,430.95873600000016,452.59444800000006,644.5500000000002,614.3299999999999,213.54999999999995,161.69,"[7, 56, 62, 73]"
37820501,O18 Omdeler,U38,car,HPP,Type 2,93,"73, 91, 92",3,5238.100000000003,4298.799999999999,437.959336,453.7353280000001,644.5500000000002,623.28,206.54000000000002,169.49999999999991,"[73, 91, 92]"
37820501,O18 Omdeler,U39,car,HPP,Type 1,93,"7, 56, 62, 73",4,5415.599999999999,4100.799999999999,481.5387360000001,501.0544480000001,695.1299999999998,662.7899999999998,213.54999999999995,161.69,"[7, 56, 62, 73]"
37820501,O18 Omdeler,U39,car,HPP,Type 2,93,"56, 62",2,5238.100000000003,4456.600000000001,488.53933599999993,503.1316960000001,695.1299999999998,678.8999999999996,206.54000000000002,175.75999999999996,"[56, 62]"
37820501,SE Omdeler,Gns. Oms,car,HPP,Type 1,93,"7, 56, 62, 73",4,5415.599999999999,4100.799999999999,230.51505200000025,299.9763360000001,641.1600000000005,610.9200000000004,410.66,310.96,"[7, 56, 62, 73]"
37820501,SE Omdeler,Gns. Oms,car,HPP,Type 2,93,"56, 57, 58, 59, 60, 61, 62",7,5238.100000000003,3919.099999999999,243.974877,301.1246470000003,641.1600000000004,598.2900000000005,397.20000000000005,297.18,"[56, 57, 58, 59, 60, 61, 62]"
37820501,SE Omdeler,U36,car,HPP,Type 1,93,"7, 56, 62, 73",4,5415.599999999999,4100.799999999999,256.8850519999998,323.9863360000001,667.5499999999994,634.9499999999996,410.66,310.96,"[7, 56, 62, 73]"
37820501,SE Omdeler,U36,car,HPP,Type 2,93,"56, 57, 58, 59, 60, 61, 62",7,5238.100000000003,3919.099999999999,270.34487699999954,329.16464699999995,667.5499999999994,626.3499999999998,397.20000000000005,297.18,"[56, 57, 58, 59, 60, 61, 62]"
37820501,SE Omdeler,U37,car,HPP,Type 1,93,"7, 62, 66, 67, 68, 69, 70, 71, 72, 73",10,5415.599999999999,3551.1000000000004,146.8250520000002,225.44008699999998,557.4899999999998,494.7199999999997,410.66,269.28,"[7, 62, 66, 67, 68, 69, 70, 71, 72, 73]"
37820501,SE Omdeler,U37,car,HPP,Type 2,93,"67, 68, 69, 71, 72, 73, 74, 75, 91, 92",10,5238.100000000003,3594.099999999999,160.28487699999994,227.76939700000005,557.4899999999999,500.3099999999997,397.20000000000005,272.52,"[67, 68, 69, 71, 72, 73, 74, 75, 91, 92]"
37820501,SE Omdeler,U38,car,HPP,Type 1,93,"7, 62, 66, 67, 68, 69, 70, 71, 72, 73",10,5415.599999999999,3551.1000000000004,233.88505200000026,308.72008700000015,644.5500000000002,577.9999999999999,410.66,269.28,"[7, 62, 66, 67, 68, 69, 70, 71, 72, 73]"
37820501,SE Omdeler,U38,car,HPP,Type 2,93,"44, 56, 57, 58, 59, 60, 61, 62",8,5238.100000000003,3887.8999999999987,247.344877,299.4405430000004,644.5500000000002,594.2600000000003,397.20000000000005,294.81,"[44, 56, 57, 58, 59, 60, 61, 62]"
37820501,SE Omdeler,U39,car,HPP,Type 1,93,"7, 56, 62, 73",4,5415.599999999999,4100.799999999999,284.4650520000002,351.82633600000014,695.1299999999998,662.7899999999998,410.66,310.96,"[7, 56, 62, 73]"
37820501,SE Omdeler,U39,car,HPP,Type 2,93,"56, 57, 58, 59, 60, 61, 62",7,5238.100000000003,3919.099999999999,297.9248769999999,348.3746470000002,695.1299999999998,645.56,397.20000000000005,297.18,"[56, 57, 58, 59, 60, 61, 62]"
37900001,O18 Omdeler,Gns. Oms,foot,TSP,Type 1,133,45,1,5249.400000000001,4998.300000000001,608.88204,610.4207799999998,757.94,752.35,149.03,141.9,[45]
37900001,O18 Omdeler,Gns. Oms,foot,TSP,Type 2,133,26,1,4017.7000000000003,3903.600000000001,643.86232,646.5002599999999,757.94,757.3400000000001,114.08000000000001,110.83000000000001,[26]
37900001,O18 Omdeler,U36,foot,TSP,Type 1,133,"16, 17, 45",3,5249.400000000001,4967.100000000001,665.50704,667.4343599999999,814.5900000000003,808.5000000000002,149.03,141.01000000000002,"[16, 17, 45]"
37900001,O18 Omdeler,U36,foot,TSP,Type 2,133,26,1,4017.7000000000003,3903.600000000001,700.48732,703.13776,814.5900000000001,814.0000000000001,114.08000000000001,110.83000000000001,[26]
37900001,O18 Omdeler,U37,foot,TSP,Type 1,133,"16, 17, 45",3,5249.400000000001,4967.100000000001,488.78704,491.36436000000003,637.8699999999995,632.4299999999996,149.03,141.01000000000002,"[16, 17, 45]"
37900001,O18 Omdeler,U37,foot,TSP,Type 2,133,26,1,4017.7000000000003,3903.600000000001,523.7673199999999,526.4177599999999,637.8699999999993,637.2799999999993,114.08000000000001,110.83000000000001,[26]
37900001,O18 Omdeler,U38,foot,TSP,Type 1,133,"16, 17, 45",3,5249.400000000001,4967.100000000001,601.21704,603.60436,750.3000000000008,744.6700000000008,149.03,141.01000000000002,"[16, 17, 45]"
37900001,O18 Omdeler,U38,foot,TSP,Type 2,133,26,1,4017.7000000000003,3903.600000000001,636.19732,638.8477600000001,750.3000000000006,749.7100000000005,114.08000000000001,110.83000000000001,[26]
37900001,O18 Omdeler,U39,foot,TSP,Type 1,133,45,1,5249.400000000001,4998.300000000001,680.0170400000002,681.08828,829.0999999999988,823.0399999999988,149.03,141.9,[45]
37900001,O18 Omdeler,U39,foot,TSP,Type 2,133,26,1,4017.7000000000003,3903.600000000001,714.9973200000002,717.5977600000001,829.0999999999991,828.4599999999991,114.08000000000001,110.83000000000001,[26]
37900001,SE Omdeler,Gns. Oms,foot,TSP,Type 1,133,"44, 45, 53",3,5249.400000000001,4593.3,471.34776,487.96081999999996,757.94,738.73,286.6199999999998,250.78999999999982,"[44, 45, 53]"
37900001,SE Omdeler,Gns. Oms,foot,TSP,Type 2,133,"44, 45",2,4017.7000000000003,3570.4,538.59858,550.2286600000001,757.94,745.1500000000002,219.37999999999982,194.94999999999985,"[44, 45]"
37900001,SE Omdeler,U36,foot,TSP,Type 1,133,"44, 45, 53",3,5249.400000000001,4593.3,527.97276,543.0758200000001,814.5900000000003,793.8700000000002,286.6199999999998,250.78999999999982,"[44, 45, 53]"
37900001,SE Omdeler,U36,foot,TSP,Type 2,133,"44, 45",2,4017.7000000000003,3570.4,595.22358,605.8561599999999,814.5900000000001,800.8000000000001,219.37999999999982,194.94999999999985,"[44, 45]"
37900001,SE Omdeler,U37,foot,TSP,Type 1,133,"44, 45, 53",3,5249.400000000001,4593.3,351.25275999999997,370.95581999999996,637.8699999999995,621.7499999999997,286.6199999999998,250.78999999999982,"[44, 45, 53]"
37900001,SE Omdeler,U37,foot,TSP,Type 2,133,"44, 45",2,4017.7000000000003,3570.4,418.50357999999994,432.18616,637.8699999999993,627.1299999999993,219.37999999999982,194.94999999999985,"[44, 45]"
37900001,SE Omdeler,U38,foot,TSP,Type 1,133,"44, 45, 53",3,5249.400000000001,4593.3,463.6827599999999,480.22581999999994,750.3000000000008,731.0200000000007,286.6199999999998,250.78999999999982,"[44, 45, 53]"
37900001,SE Omdeler,U38,foot,TSP,Type 2,133,"44, 45",2,4017.7000000000003,3570.4,530.9335799999999,542.51616,750.3000000000006,737.4600000000006,219.37999999999982,194.94999999999985,"[44, 45]"
37900001,SE Omdeler,U39,foot,TSP,Type 1,133,"44, 45, 53",3,5249.400000000001,4593.3,542.4827600000001,557.5858200000001,829.0999999999988,808.379999999999,286.6199999999998,250.78999999999982,"[44, 45, 53]"
37900001,SE Omdeler,U39,foot,TSP,Type 2,133,"44, 45",2,4017.7000000000003,3570.4,609.7335800000001,620.35616,829.0999999999991,815.2999999999992,219.37999999999982,194.94999999999985,"[44, 45]"
37900001,U18 Omdeler,Gns. Oms,foot,TSP,Type 1,133,17,1,5249.400000000001,5218.200000000001,652.504554,652.7063619999999,757.94,757.5200000000001,105.39000000000001,104.77000000000001,[17]
37900001,U18 Omdeler,Gns. Oms,foot,TSP,Type 2,133,26,1,4017.7000000000003,3903.600000000001,677.249407,678.939176,757.94,757.3400000000001,80.64999999999996,78.36000000000001,[26]
37900001,U18 Omdeler,U36,foot,TSP,Type 1,133,"10, 16, 17",3,5249.400000000001,5192.200000000001,709.129554,710.278702,814.5900000000003,814.5900000000003,105.39000000000001,104.25,"[10, 16, 17]"
37900001,U18 Omdeler,U36,foot,TSP,Type 2,133,26,1,4017.7000000000003,3903.600000000001,733.874407,735.576676,814.5900000000001,814.0000000000001,80.64999999999996,78.36000000000001,[26]
37900001,U18 Omdeler,U37,foot,TSP,Type 1,133,45,1,5249.400000000001,4998.300000000001,532.409554,532.8641529999999,637.8699999999995,633.2799999999996,105.39000000000001,100.35,[45]
37900001,U18 Omdeler,U37,foot,TSP,Type 2,133,26,1,4017.7000000000003,3903.600000000001,557.154407,558.856676,637.8699999999993,637.2799999999993,80.64999999999996,78.36000000000001,[26]
37900001,U18 Omdeler,U38,foot,TSP,Type 1,133,"10, 16, 17",3,5249.400000000001,5192.200000000001,644.8395539999999,645.9887019999999,750.3000000000008,750.3000000000008,105.39000000000001,104.25,"[10, 16, 17]"
37900001,U18 Omdeler,U38,foot,TSP,Type 2,133,26,1,4017.7000000000003,3903.600000000001,669.5844069999999,671.286676,750.3000000000006,749.7100000000005,80.64999999999996,78.36000000000001,[26]
37900001,U18 Omdeler,U39,foot,TSP,Type 1,133,,0,5249.400000000001,5249.400000000001,723.6395540000001,723.6395540000001,829.0999999999988,829.0999999999988,105.39000000000001,105.39000000000001,[]
37900001,U18 Omdeler,U39,foot,TSP,Type 2,133,26,1,4017.7000000000003,3903.600000000001,748.3844070000001,750.036676,829.0999999999991,828.4599999999991,80.64999999999996,78.36000000000001,[26]
37900002,O18 Omdeler,Gns. Oms,foot,TSP,Type 1,142,"41, 84, 85",3,4858.699999999999,3686.899999999999,679.27792,705.8670400000001,817.2899999999994,810.5999999999995,137.94000000000005,104.66000000000007,"[41, 84, 85]"
37900002,O18 Omdeler,Gns. Oms,foot,TSP,Type 2,142,"84, 85, 86",3,4474.0,3327.499999999999,690.2034,715.3889999999999,817.2899999999994,809.9099999999994,127.03000000000003,94.47,"[84, 85, 86]"
37900002,O18 Omdeler,U36,foot,TSP,Type 1,142,"41, 84, 85, 86, 87",5,4858.699999999999,3627.199999999999,723.89292,752.1875200000001,861.8799999999995,855.1999999999995,137.94000000000005,102.97000000000008,"[41, 84, 85, 86, 87]"
37900002,O18 Omdeler,U36,foot,TSP,Type 2,142,"84, 85, 86, 87",4,4474.0,3287.0999999999995,734.8184,761.84636,861.8799999999995,855.1999999999996,127.03000000000003,93.33,"[84, 85, 86, 87]"
37900002,O18 Omdeler,U37,foot,TSP,Type 1,142,"41, 84, 85",3,4858.699999999999,3686.899999999999,573.51292,601.35204,711.4999999999998,706.0599999999998,137.94000000000005,104.66000000000007,"[41, 84, 85]"
37900002,O18 Omdeler,U37,foot,TSP,Type 2,142,"84, 85, 86",3,4474.0,3327.499999999999,584.4384,608.8689999999999,711.4999999999997,703.3699999999998,127.03000000000003,94.47,"[84, 85, 86]"
37900002,O18 Omdeler,U38,foot,TSP,Type 1,142,"41, 84, 85, 86, 87",5,4858.699999999999,3627.199999999999,667.24292,695.99752,805.2300000000006,799.0100000000006,137.94000000000005,102.97000000000008,"[41, 84, 85, 86, 87]"
37900002,O18 Omdeler,U38,foot,TSP,Type 2,142,"84, 85, 86, 87",4,4474.0,3287.0999999999995,678.1684,705.65636,805.2300000000006,799.0100000000004,127.03000000000003,93.33,"[84, 85, 86, 87]"
37900002,O18 Omdeler,U39,foot,TSP,Type 1,142,"41, 84, 85",3,4858.699999999999,3686.899999999999,752.46292,776.1420400000002,890.4499999999989,880.849999999999,137.94000000000005,104.66000000000007,"[41, 84, 85]"
37900002,O18 Omdeler,U39,foot,TSP,Type 2,142,"84, 85, 86",3,4474.0,3327.499999999999,763.3884,787.479,890.4499999999989,881.979999999999,127.03000000000003,94.47,"[84, 85, 86]"
37900002,SE Omdeler,Gns. Oms,foot,TSP,Type 1,142,"41, 84, 85, 86, 87",5,4858.699999999999,3627.199999999999,551.9799800000001,609.9598800000002,817.2899999999994,808.0299999999994,265.2800000000001,198.04000000000002,"[41, 84, 85, 86, 87]"
37900002,SE Omdeler,Gns. Oms,foot,TSP,Type 2,142,"84, 85, 86, 87",4,4474.0,3287.0999999999995,572.9846,628.97184,817.2899999999994,808.4699999999993,244.29,179.52999999999997,"[84, 85, 86, 87]"
37900002,SE Omdeler,U36,foot,TSP,Type 1,142,"41, 84, 85, 86, 87",5,4858.699999999999,3627.199999999999,596.5949800000001,657.1548800000002,861.8799999999995,855.1999999999995,265.2800000000001,198.04000000000002,"[41, 84, 85, 86, 87]"
37900002,SE Omdeler,U36,foot,TSP,Type 2,142,"84, 85, 86, 87",4,4474.0,3287.0999999999995,617.5996,675.7243400000001,861.8799999999995,855.1999999999996,244.29,179.52999999999997,"[84, 85, 86, 87]"
37900002,SE Omdeler,U37,foot,TSP,Type 1,142,"41, 84, 85",3,4858.699999999999,3686.899999999999,446.21498,504.75525999999996,711.4999999999998,706.0599999999998,265.2800000000001,201.29999999999998,"[41, 84, 85]"
37900002,SE Omdeler,U37,foot,TSP,Type 2,142,"84, 85, 86",3,4474.0,3327.499999999999,467.2196,521.6885,711.4999999999997,703.3699999999998,244.29,181.72999999999996,"[84, 85, 86]"
37900002,SE Omdeler,U38,foot,TSP,Type 1,142,"41, 84, 85, 86, 87",5,4858.699999999999,3627.199999999999,539.94498,600.96488,805.2300000000006,799.0100000000006,265.2800000000001,198.04000000000002,"[41, 84, 85, 86, 87]"
37900002,SE Omdeler,U38,foot,TSP,Type 2,142,"84, 85, 86, 87",4,4474.0,3287.0999999999995,560.9496,619.53434,805.2300000000006,799.0100000000004,244.29,179.52999999999997,"[84, 85, 86, 87]"
37900002,SE Omdeler,U39,foot,TSP,Type 1,142,"41, 84, 85, 86",4,4858.699999999999,3667.599999999999,625.16498,679.95904,890.4499999999989,880.209999999999,265.2800000000001,200.24,"[41, 84, 85, 86]"
37900002,SE Omdeler,U39,foot,TSP,Type 2,142,"84, 85, 86",3,4474.0,3327.499999999999,646.1696000000001,700.2985000000001,890.4499999999989,881.979999999999,244.29,181.72999999999996,"[84, 85, 86]"
37900002,U18 Omdeler,Gns. Oms,foot,TSP,Type 1,142,"41, 84, 85",3,4858.699999999999,3686.899999999999,719.653717,736.5051790000001,817.2899999999994,810.5999999999995,97.57000000000006,74.03000000000002,"[41, 84, 85]"
37900002,U18 Omdeler,Gns. Oms,foot,TSP,Type 2,142,"84, 85, 86",3,4474.0,3327.499999999999,727.38234,743.0405249999999,817.2899999999994,809.9099999999994,89.87000000000003,66.82000000000001,"[84, 85, 86]"
37900002,U18 Omdeler,U36,foot,TSP,Type 1,142,"41, 84, 85, 86, 87",5,4858.699999999999,3627.199999999999,764.268717,782.329552,861.8799999999995,855.1999999999995,97.57000000000006,72.82000000000002,"[41, 84, 85, 86, 87]"
37900002,U18 Omdeler,U36,foot,TSP,Type 2,142,"84, 85, 86, 87",4,4474.0,3287.0999999999995,771.99734,789.1621610000001,861.8799999999995,855.1999999999996,89.87000000000003,66.01,"[84, 85, 86, 87]"
37900002,U18 Omdeler,U37,foot,TSP,Type 1,142,"41, 84, 85",3,4858.699999999999,3686.899999999999,613.888717,631.990179,711.4999999999998,706.0599999999998,97.57000000000006,74.03000000000002,"[41, 84, 85]"
37900002,U18 Omdeler,U37,foot,TSP,Type 2,142,"84, 85",2,4474.0,3441.0999999999995,621.61734,636.9283009999999,711.4999999999997,706.0599999999998,89.87000000000003,69.11000000000001,"[84, 85]"
37900002,U18 Omdeler,U38,foot,TSP,Type 1,142,"41, 84, 85, 86, 87",5,4858.699999999999,3627.199999999999,707.6187170000001,726.139552,805.2300000000006,799.0100000000006,97.57000000000006,72.82000000000002,"[41, 84, 85, 86, 87]"
37900002,U18 Omdeler,U38,foot,TSP,Type 2,142,"84, 85, 86, 87",4,4474.0,3287.0999999999995,715.34734,732.972161,805.2300000000006,799.0100000000004,89.87000000000003,66.01,"[84, 85, 86, 87]"
37900002,U18 Omdeler,U39,foot,TSP,Type 1,142,"41, 84, 85",3,4858.699999999999,3686.899999999999,792.8387170000001,806.7801790000002,890.4499999999989,880.849999999999,97.57000000000006,74.03000000000002,"[41, 84, 85]"
37900002,U18 Omdeler,U39,foot,TSP,Type 2,142,"84, 85, 86",3,4474.0,3327.499999999999,800.5673400000001,815.130525,890.4499999999989,881.979999999999,89.87000000000003,66.82000000000001,"[84, 85, 86]"
37900004,O18 Omdeler,Gns. Oms,foot,TSP,Type 1,156,"0, 154, 155",3,5389.400000000001,4354.299999999998,740.4160400000001,752.38538,893.4799999999998,876.0499999999997,153.02,123.61999999999998,"[0, 154, 155]"
37900004,O18 Omdeler,Gns. Oms,foot,TSP,Type 2,156,"0, 154, 155",3,4264.399999999999,3257.8,772.3660400000001,783.52598,893.4799999999998,876.0499999999995,121.09999999999998,92.49999999999999,"[0, 154, 155]"
37900004,O18 Omdeler,U36,foot,TSP,Type 1,156,"0, 1, 154, 155",4,5389.400000000001,4319.799999999998,790.09104,807.4476800000001,943.15,930.1299999999999,153.02,122.63999999999999,"[0, 1, 154, 155]"
37900004,O18 Omdeler,U36,foot,TSP,Type 2,156,"0, 154, 155",3,4264.399999999999,3257.8,822.0410400000001,838.4884800000001,943.1499999999997,931.0099999999995,121.09999999999998,92.49999999999999,"[0, 154, 155]"
37900004,O18 Omdeler,U37,foot,TSP,Type 1,156,"104, 155",2,5389.400000000001,4618.7,632.2210399999999,640.72892,785.2799999999997,771.8999999999996,153.02,131.14000000000001,"[104, 155]"
37900004,O18 Omdeler,U37,foot,TSP,Type 2,156,155,1,4264.399999999999,3975.0999999999985,664.17104,664.38716,785.2799999999999,777.2799999999999,121.09999999999998,112.87999999999998,[155]
37900004,O18 Omdeler,U38,foot,TSP,Type 1,156,"0, 1, 154, 155",4,5389.400000000001,4319.799999999998,724.9610399999999,746.3976799999999,878.0200000000015,869.0800000000014,153.02,122.63999999999999,"[0, 1, 154, 155]"
37900004,O18 Omdeler,U38,foot,TSP,Type 2,156,"0, 154, 155",3,4264.399999999999,3257.8,756.91104,777.41848,878.0200000000013,869.9400000000013,121.09999999999998,92.49999999999999,"[0, 154, 155]"
37900004,O18 Omdeler,U39,foot,TSP,Type 1,156,"0, 155",2,5389.400000000001,4572.399999999999,814.39104,823.81384,967.4499999999986,953.6699999999986,153.02,129.81,"[0, 155]"
37900004,O18 Omdeler,U39,foot,TSP,Type 2,156,0,1,4264.399999999999,3876.899999999999,846.34104,853.1760400000001,967.4499999999986,963.2799999999979,121.09999999999998,110.08999999999999,[0]
37900004,SE Omdeler,Gns. Oms,foot,TSP,Type 1,156,"0, 104, 154, 155",4,5389.400000000001,4132.999999999998,599.2137600000001,643.9682,893.4799999999998,869.6299999999998,294.2499999999999,225.63999999999987,"[0, 104, 154, 155]"
37900004,SE Omdeler,Gns. Oms,foot,TSP,Type 2,156,"0, 104, 154, 155",4,4264.399999999999,3036.5000000000005,660.6387600000002,703.8371,893.4799999999998,869.6299999999994,232.83999999999997,165.80999999999997,"[0, 104, 154, 155]"
37900004,SE Omdeler,U36,foot,TSP,Type 1,156,"0, 1, 104, 154, 155",5,5389.400000000001,4098.499999999998,648.8887599999999,699.4218999999999,943.15,923.1999999999999,294.2499999999999,223.7499999999999,"[0, 1, 104, 154, 155]"
37900004,SE Omdeler,U36,foot,TSP,Type 2,156,"0, 104, 154, 155",4,4264.399999999999,3036.5000000000005,710.31376,758.2870999999999,943.1499999999997,924.0799999999996,232.83999999999997,165.80999999999997,"[0, 104, 154, 155]"
37900004,SE Omdeler,U37,foot,TSP,Type 1,156,"0, 104, 154, 155",4,5389.400000000001,4132.999999999998,491.01875999999993,528.0482000000002,785.2799999999997,753.7099999999997,294.2499999999999,225.63999999999987,"[0, 104, 154, 155]"
37900004,SE Omdeler,U37,foot,TSP,Type 2,156,"0, 104, 154, 155",4,4264.399999999999,3036.5000000000005,552.44376,587.9171,785.2799999999999,753.71,232.83999999999997,165.80999999999997,"[0, 104, 154, 155]"
37900004,SE Omdeler,U38,foot,TSP,Type 1,156,"0, 1, 104, 154, 155",5,5389.400000000001,4098.499999999998,583.7587599999999,638.8619,878.0200000000015,862.6400000000014,294.2499999999999,223.7499999999999,"[0, 1, 104, 154, 155]"
37900004,SE Omdeler,U38,foot,TSP,Type 2,156,"0, 104, 154, 155",4,4264.399999999999,3036.5000000000005,645.18376,697.7071,878.0200000000013,863.5000000000014,232.83999999999997,165.80999999999997,"[0, 104, 154, 155]"
37900004,SE Omdeler,U39,foot,TSP,Type 1,156,"0, 1, 104, 154, 155",5,5389.400000000001,4098.499999999998,673.18876,712.5419000000003,967.4499999999986,936.3199999999987,294.2499999999999,223.7499999999999,"[0, 1, 104, 154, 155]"
37900004,SE Omdeler,U39,foot,TSP,Type 2,156,"0, 104, 154, 155",4,4264.399999999999,3036.5000000000005,734.6137600000001,771.4371000000001,967.4499999999986,937.229999999998,232.83999999999997,165.80999999999997,"[0, 104, 154, 155]"
37900004,U18 Omdeler,Gns. Oms,foot,TSP,Type 1,156,"0, 155",2,5389.400000000001,4572.399999999999,785.2019540000001,788.6654840000001,893.4799999999998,880.5299999999997,108.25,91.84,"[0, 155]"
37900004,U18 Omdeler,Gns. Oms,foot,TSP,Type 2,156,0,1,4264.399999999999,3876.899999999999,807.8032040000002,811.210579,893.4799999999998,889.0999999999996,85.64,77.88000000000005,[0]
37900004,U18 Omdeler,U36,foot,TSP,Type 1,156,"0, 97, 154, 155",4,5389.400000000001,4354.299999999998,834.876954,843.532113,943.15,931.0099999999999,108.25,87.46000000000001,"[0, 97, 154, 155]"
37900004,U18 Omdeler,U36,foot,TSP,Type 2,156,"0, 154, 155",3,4264.399999999999,3257.8,857.478204,865.560798,943.1499999999997,931.0099999999995,85.64,65.44,"[0, 154, 155]"
37900004,U18 Omdeler,U37,foot,TSP,Type 1,156,155,1,5389.400000000001,4840.0,677.006954,680.0444,785.2799999999997,777.2799999999997,108.25,97.21000000000001,[155]
37900004,U18 Omdeler,U37,foot,TSP,Type 2,156,,0,4264.399999999999,4264.399999999999,699.608204,699.608204,785.2799999999999,785.2799999999999,85.64,85.64,[]
37900004,U18 Omdeler,U38,foot,TSP,Type 1,156,"0, 154, 155",3,5389.400000000001,4354.299999999998,769.746954,782.462113,878.0200000000015,869.9400000000014,108.25,87.46000000000001,"[0, 154, 155]"
37900004,U18 Omdeler,U38,foot,TSP,Type 2,156,"0, 154, 155",3,4264.399999999999,3257.8,792.348204,804.490798,878.0200000000013,869.9400000000013,85.64,65.44,"[0, 154, 155]"
37900004,U18 Omdeler,U39,foot,TSP,Type 1,156,"0, 155",2,5389.400000000001,4572.399999999999,859.176954,861.8104840000001,967.4499999999986,953.6699999999986,108.25,91.84,"[0, 155]"
37900004,U18 Omdeler,U39,foot,TSP,Type 2,156,0,1,4264.399999999999,3876.899999999999,881.7782040000001,885.3930790000001,967.4499999999986,963.2799999999979,85.64,77.88000000000005,[0]
37900005,O18 Omdeler,Gns. Oms,foot,TSP,Type 1,126,"2, 3, 4, 123, 124",5,6637.400000000003,5307.500000000001,573.0078400000001,582.187,761.5300000000005,732.9400000000005,188.53999999999994,150.75999999999996,"[2, 3, 4, 123, 124]"
37900005,O18 Omdeler,Gns. Oms,foot,TSP,Type 2,126,"4, 124",2,5896.0,5035.7,594.0636000000002,603.90612,761.5300000000004,746.9400000000005,167.50000000000003,143.04,"[4, 124]"
37900005,O18 Omdeler,U36,foot,TSP,Type 1,126,"2, 3, 4, 123, 124",5,6637.400000000003,5307.500000000001,613.9278400000001,623.2769999999999,802.4300000000004,774.0100000000004,188.53999999999994,150.75999999999996,"[2, 3, 4, 123, 124]"
37900005,O18 Omdeler,U36,foot,TSP,Type 2,126,"4, 124",2,5896.0,5035.7,634.9836000000001,644.7861200000001,802.4300000000005,787.8000000000009,167.50000000000003,143.04,"[4, 124]"
37900005,O18 Omdeler,U37,foot,TSP,Type 1,126,"2, 3, 4, 123, 124",5,6637.400000000003,5307.500000000001,457.8978400000001,472.547,646.3999999999993,623.2799999999994,188.53999999999994,150.75999999999996,"[2, 3, 4, 123, 124]"
37900005,O18 Omdeler,U37,foot,TSP,Type 2,126,"4, 124",2,5896.0,5035.7,478.95360000000016,491.8561200000001,646.3999999999996,634.8699999999992,167.50000000000003,143.04,"[4, 124]"
37900005,O18 Omdeler,U38,foot,TSP,Type 1,126,"0, 1, 2, 3, 4, 125",6,6637.400000000003,5205.1,567.5578399999998,575.3051599999999,756.0600000000007,723.1300000000006,188.53999999999994,147.84999999999997,"[0, 1, 2, 3, 4, 125]"
37900005,O18 Omdeler,U38,foot,TSP,Type 2,126,"2, 3, 4",3,5896.0,5104.7,588.6135999999999,599.01652,756.0600000000009,743.9900000000004,167.50000000000003,145.01999999999998,"[2, 3, 4]"
37900005,O18 Omdeler,U39,foot,TSP,Type 1,126,"0, 1, 4, 124, 125",5,6637.400000000003,5055.900000000001,652.64784,660.5024399999999,841.1499999999997,804.0899999999999,188.53999999999994,143.61999999999998,"[0, 1, 4, 124, 125]"
37900005,O18 Omdeler,U39,foot,TSP,Type 2,126,"4, 124",2,5896.0,5035.7,673.7036,683.4761199999999,841.1499999999995,826.49,167.50000000000003,143.04,"[4, 124]"
37900005,SE Omdeler,Gns. Oms,foot,TSP,Type 1,126,"0, 1, 2, 3, 4, 123, 124, 125",8,6637.400000000003,4279.3,399.10796000000005,477.1852200000001,761.5300000000005,710.8500000000005,362.42999999999995,233.6699999999999,"[0, 1, 2, 3, 4, 123, 124, 125]"
37900005,SE Omdeler,Gns. Oms,foot,TSP,Type 2,126,"0, 1, 4, 123, 124, 125",6,5896.0,3914.4,439.5884000000002,503.3562600000002,761.5300000000004,717.1,321.92999999999995,213.76000000000016,"[0, 1, 4, 123, 124, 125]"
37900005,SE Omdeler,U36,foot,TSP,Type 1,126,"0, 1, 2, 3, 4, 121, 123, 124, 125",9,6637.400000000003,4279.3,440.02796,518.0302200000002,802.4300000000004,751.6800000000005,362.42999999999995,233.6699999999999,"[0, 1, 2, 3, 4, 121, 123, 124, 125]"
37900005,SE Omdeler,U36,foot,TSP,Type 2,126,"0, 1, 4, 123, 124, 125",6,5896.0,3914.4,480.50840000000017,544.04376,802.4300000000005,757.77,321.92999999999995,213.76000000000016,"[0, 1, 4, 123, 124, 125]"
37900005,SE Omdeler,U37,foot,TSP,Type 1,126,"0, 1, 2, 3, 4, 123, 124, 125",8,6637.400000000003,4279.3,283.99796000000003,366.8802200000001,646.3999999999993,600.5299999999995,362.42999999999995,233.6699999999999,"[0, 1, 2, 3, 4, 123, 124, 125]"
37900005,SE Omdeler,U37,foot,TSP,Type 2,126,"0, 1, 4, 123, 124, 125",6,5896.0,3914.4,324.4784000000002,392.24376,646.3999999999996,605.9699999999996,321.92999999999995,213.76000000000016,"[0, 1, 4, 123, 124, 125]"
37900005,SE Omdeler,U38,foot,TSP,Type 1,126,"0, 1, 2, 3, 4, 121, 122, 123, 124, 125",10,6637.400000000003,4270.900000000001,393.6579599999998,469.41886,756.0600000000007,702.6100000000006,362.42999999999995,233.21999999999989,"[0, 1, 2, 3, 4, 121, 122, 123, 124, 125]"
37900005,SE Omdeler,U38,foot,TSP,Type 2,126,"0, 1, 4, 124, 125",5,5896.0,4291.0999999999985,434.13839999999993,483.36594,756.0600000000009,717.6600000000003,321.92999999999995,234.31000000000006,"[0, 1, 4, 124, 125]"
37900005,SE Omdeler,U39,foot,TSP,Type 1,126,"0, 1, 2, 3, 4, 123, 124, 125",8,6637.400000000003,4279.3,478.7479599999999,554.8702200000001,841.1499999999997,788.52,362.42999999999995,233.6699999999999,"[0, 1, 2, 3, 4, 123, 124, 125]"
37900005,SE Omdeler,U39,foot,TSP,Type 2,126,"0, 1, 4, 123, 124, 125",6,5896.0,3914.4,519.2284000000001,582.62376,841.1499999999995,796.3499999999995,321.92999999999995,213.76000000000016,"[0, 1, 4, 123, 124, 125]"
37900005,U18 Omdeler,Gns. Oms,foot,TSP,Type 1,126,124,1,6637.400000000003,6166.300000000003,628.1646340000002,629.4565330000001,761.5300000000005,753.3600000000006,133.36,123.89,[124]
37900005,U18 Omdeler,Gns. Oms,foot,TSP,Type 2,126,121,1,5896.0,5627.699999999999,643.0593600000002,647.2695070000003,761.5300000000004,760.3500000000003,118.43999999999997,113.04999999999998,[121]
37900005,U18 Omdeler,U36,foot,TSP,Type 1,126,"2, 121, 124",3,6637.400000000003,6166.200000000003,669.084634,670.851042,802.4300000000004,794.7300000000004,133.36,123.89,"[2, 121, 124]"
37900005,U18 Omdeler,U36,foot,TSP,Type 2,126,121,1,5896.0,5627.699999999999,683.9793600000002,689.3695070000002,802.4300000000005,802.4300000000002,118.43999999999997,113.04999999999998,[121]
37900005,U18 Omdeler,U37,foot,TSP,Type 1,126,"2, 3, 4, 124",4,6637.400000000003,5584.800000000001,513.0546340000001,517.231368,646.3999999999993,629.4299999999994,133.36,112.2,"[2, 3, 4, 124]"
37900005,U18 Omdeler,U37,foot,TSP,Type 2,126,"4, 124",2,5896.0,5035.7,527.9493600000002,533.7027870000001,646.3999999999996,634.8699999999992,118.43999999999997,101.13999999999999,"[4, 124]"
37900005,U18 Omdeler,U38,foot,TSP,Type 1,126,2,1,6637.400000000003,6637.300000000003,622.7146339999999,622.716643,756.0600000000007,756.0600000000007,133.36,133.36,[2]
37900005,U18 Omdeler,U38,foot,TSP,Type 2,126,121,1,5896.0,5627.699999999999,637.6093599999999,642.999507,756.0600000000009,756.0600000000005,118.43999999999997,113.04999999999998,[121]
37900005,U18 Omdeler,U39,foot,TSP,Type 1,126,124,1,6637.400000000003,6166.300000000003,707.8046340000001,709.529033,841.1499999999997,833.4099999999997,133.36,123.89,[124]
37900005,U18 Omdeler,U39,foot,TSP,Type 2,126,124,1,5896.0,5312.1,722.6993600000001,726.689911,841.1499999999995,833.41,118.43999999999997,106.69999999999999,[124]
37900006,O18 Omdeler,Gns. Oms,foot,TSP,Type 1,116,0,1,4715.999999999998,4545.599999999999,573.3755999999998,575.02996,707.2900000000002,704.1000000000003,133.91000000000003,129.07000000000002,[0]
37900006,O18 Omdeler,Gns. Oms,foot,TSP,Type 2,116,,0,4078.0,4078.0,591.4947999999998,591.4947999999998,707.2900000000004,707.2900000000004,115.82999999999998,115.82999999999998,[]
37900006,O18 Omdeler,U36,foot,TSP,Type 1,116,"26, 112, 113, 114",4,4715.999999999998,4433.999999999999,621.8256000000001,625.9244000000001,755.7600000000006,751.8500000000006,133.91000000000003,125.9,"[26, 112, 113, 114]"
37900006,O18 Omdeler,U36,foot,TSP,Type 2,116,"113, 114",2,4078.0,3951.5,639.9448000000001,643.5374,755.7600000000004,755.7600000000004,115.82999999999998,112.22999999999996,"[113, 114]"
37900006,O18 Omdeler,U37,foot,TSP,Type 1,116,"0, 25, 26",3,4715.999999999998,4339.7,478.8556000000001,483.4325200000001,612.7899999999997,606.6799999999998,133.91000000000003,123.22,"[0, 25, 26]"
37900006,O18 Omdeler,U37,foot,TSP,Type 2,116,0,1,4078.0,3988.2000000000003,496.9748000000001,498.68512000000004,612.7899999999998,611.9499999999995,115.82999999999998,113.25999999999996,[0]
37900006,O18 Omdeler,U38,foot,TSP,Type 1,116,26,1,4715.999999999998,4540.299999999997,578.7656,580.47548,712.6999999999999,709.4200000000001,133.91000000000003,128.92000000000002,[26]
37900006,O18 Omdeler,U38,foot,TSP,Type 2,116,,0,4078.0,4078.0,596.8847999999999,596.8847999999999,712.7,712.7,115.82999999999998,115.82999999999998,[]
37900006,O18 Omdeler,U39,foot,TSP,Type 1,116,0,1,4715.999999999998,4545.599999999999,614.0555999999999,617.9849599999999,747.9899999999994,747.0799999999995,133.91000000000003,129.07000000000002,[0]
37900006,O18 Omdeler,U39,foot,TSP,Type 2,116,0,1,4078.0,3988.2000000000003,632.1747999999999,633.8151199999999,747.9899999999996,747.0799999999997,115.82999999999998,113.25999999999996,[0]
37900006,SE Omdeler,Gns. Oms,foot,TSP,Type 1,116,"0, 26, 113, 114",4,4715.999999999998,4272.499999999999,449.81639999999993,462.3440000000002,707.2900000000002,695.6000000000001,257.53,233.30999999999995,"[0, 26, 113, 114]"
37900006,SE Omdeler,Gns. Oms,foot,TSP,Type 2,116,0,1,4078.0,3988.2000000000003,484.6511999999998,486.36927999999995,707.2900000000004,704.0999999999999,222.66999999999987,217.76999999999987,[0]
37900006,SE Omdeler,U36,foot,TSP,Type 1,116,"0, 26, 113, 114",4,4715.999999999998,4272.499999999999,498.2664000000002,512.9615000000001,755.7600000000006,746.2400000000007,257.53,233.30999999999995,"[0, 26, 113, 114]"
37900006,SE Omdeler,U36,foot,TSP,Type 2,116,"113, 114",2,4078.0,3951.5,533.1012000000001,540.0081,755.7600000000004,755.7600000000004,222.66999999999987,215.76999999999987,"[113, 114]"
37900006,SE Omdeler,U37,foot,TSP,Type 1,116,"0, 1, 26",3,4715.999999999998,4278.2,355.2964000000002,370.51028,612.7899999999997,604.0999999999998,257.53,233.60999999999996,"[0, 1, 26]"
37900006,SE Omdeler,U37,foot,TSP,Type 2,116,0,1,4078.0,3988.2000000000003,390.13120000000004,394.19428,612.7899999999998,611.9499999999995,222.66999999999987,217.76999999999987,[0]
37900006,SE Omdeler,U38,foot,TSP,Type 1,116,"0, 25, 26",3,4715.999999999998,4339.7,455.20640000000003,465.08238,712.6999999999999,702.03,257.53,236.98999999999995,"[0, 25, 26]"
37900006,SE Omdeler,U38,foot,TSP,Type 2,116,,0,4078.0,4078.0,490.0411999999999,490.0411999999999,712.7,712.7,222.66999999999987,222.66999999999987,[]
37900006,SE Omdeler,U39,foot,TSP,Type 1,116,"0, 26, 113, 114",4,4715.999999999998,4272.499999999999,490.4964,504.11150000000004,747.9899999999994,737.3899999999994,257.53,233.30999999999995,"[0, 26, 113, 114]"
37900006,SE Omdeler,U39,foot,TSP,Type 2,116,0,1,4078.0,3988.2000000000003,525.3311999999999,529.3242799999998,747.9899999999996,747.0799999999997,222.66999999999987,217.76999999999987,[0]
37900006,U18 Omdeler,Gns. Oms,foot,TSP,Type 1,116,0,1,4715.999999999998,4545.599999999999,612.5655599999999,612.803896,707.2900000000002,704.1000000000003,94.71000000000005,91.29000000000002,[0]
37900006,U18 Omdeler,Gns. Oms,foot,TSP,Type 2,116,,0,4078.0,4078.0,625.3829799999999,625.3829799999999,707.2900000000004,707.2900000000004,81.88999999999999,81.88999999999999,[]
37900006,U18 Omdeler,U36,foot,TSP,Type 1,116,"112, 113, 114",3,4715.999999999998,4609.7,661.0155600000002,663.1511270000001,755.7600000000006,755.7600000000006,94.71000000000005,92.58000000000006,"[112, 113, 114]"
37900006,U18 Omdeler,U36,foot,TSP,Type 2,116,"113, 114",2,4078.0,3951.5,673.8329800000001,676.3743650000001,755.7600000000004,755.7600000000004,81.88999999999999,79.35,"[113, 114]"
37900006,U18 Omdeler,U37,foot,TSP,Type 1,116,0,1,4715.999999999998,4545.599999999999,518.0455600000001,520.628896,612.7899999999997,611.9499999999998,94.71000000000005,91.29000000000002,[0]
37900006,U18 Omdeler,U37,foot,TSP,Type 2,116,0,1,4078.0,3988.2000000000003,530.8629800000001,531.8270620000001,612.7899999999998,611.9499999999995,81.88999999999999,80.08000000000001,[0]
37900006,U18 Omdeler,U38,foot,TSP,Type 1,116,26,1,4715.999999999998,4540.299999999997,617.95556,618.205373,712.6999999999999,709.4200000000001,94.71000000000005,91.18000000000005,[26]
37900006,U18 Omdeler,U38,foot,TSP,Type 2,116,,0,4078.0,4078.0,630.77298,630.77298,712.7,712.7,81.88999999999999,81.88999999999999,[]
37900006,U18 Omdeler,U39,foot,TSP,Type 1,116,0,1,4715.999999999998,4545.599999999999,653.24556,655.7588959999999,747.9899999999994,747.0799999999995,94.71000000000005,91.29000000000002,[0]
37900006,U18 Omdeler,U39,foot,TSP,Type 2,116,0,1,4078.0,3988.2000000000003,666.0629799999999,666.957062,747.9899999999996,747.0799999999997,81.88999999999999,80.08000000000001,[0]
37900300,O18 Omdeler,Gns. Oms,foot,TSP,Type 1,42,"3, 6, 7, 15",4,5834.0999999999985,2721.1000000000004,83.40406000000004,150.91575999999998,249.04000000000002,228.15,165.70999999999995,77.3,"[3, 6, 7, 15]"
37900300,O18 Omdeler,Gns. Oms,foot,TSP,Type 2,42,"6, 15",2,5830.599999999999,3760.5000000000005,83.50346000000002,131.2268,249.04,237.98000000000002,165.59999999999997,106.81,"[6, 15]"
37900300,O18 Omdeler,U36,foot,TSP,Type 1,42,"3, 6, 7, 15",4,5834.0999999999985,2721.1000000000004,97.54156,161.09076,263.23,238.37000000000006,165.70999999999995,77.3,"[3, 6, 7, 15]"
37900300,O18 Omdeler,U36,foot,TSP,Type 2,42,"6, 15",2,5830.599999999999,3760.5000000000005,97.64095999999998,143.66179999999997,263.23,250.46000000000006,165.59999999999997,106.81,"[6, 15]"
37900300,O18 Omdeler,U37,foot,TSP,Type 1,42,"3, 6, 7, 15",4,5834.0999999999985,2721.1000000000004,45.71156000000002,117.13075999999997,211.4,194.41000000000003,165.70999999999995,77.3,"[3, 6, 7, 15]"
37900300,O18 Omdeler,U37,foot,TSP,Type 2,42,"6, 15",2,5830.599999999999,3760.5000000000005,45.810959999999994,95.74179999999998,211.4,202.54000000000002,165.59999999999997,106.81,"[6, 15]"
37900300,O18 Omdeler,U38,foot,TSP,Type 1,42,"3, 6, 7, 15",4,5834.0999999999985,2721.1000000000004,87.19156000000004,156.45076,252.87999999999997,233.72999999999996,165.70999999999995,77.3,"[3, 6, 7, 15]"
37900300,O18 Omdeler,U38,foot,TSP,Type 2,42,"6, 15",2,5830.599999999999,3760.5000000000005,87.29096000000001,136.1418,252.87999999999997,242.93999999999994,165.59999999999997,106.81,"[6, 15]"
37900300,O18 Omdeler,U39,foot,TSP,Type 1,42,"3, 6, 7, 15",4,5834.0999999999985,2721.1000000000004,103.17156000000006,168.99075999999997,268.86,246.26999999999998,165.70999999999995,77.3,"[3, 6, 7, 15]"
37900300,O18 Omdeler,U39,foot,TSP,Type 2,42,"6, 15",2,5830.599999999999,3760.5000000000005,103.27096000000003,149.36180000000002,268.86000000000007,256.15999999999997,165.59999999999997,106.81,"[6, 15]"
37900300,SE Omdeler,Gns. Oms,foot,TSP,Type 1,42,15,1,5834.0999999999985,4521.3,-69.44935999999993,-3.3629800000000216,249.04000000000002,243.45000000000002,318.53000000000014,246.85,[15]
37900300,SE Omdeler,Gns. Oms,foot,TSP,Type 2,42,15,1,5830.599999999999,4517.8,-69.25825999999998,-3.171880000000016,249.04,243.45000000000002,318.35,246.67,[15]
37900300,SE Omdeler,U36,foot,TSP,Type 1,42,15,1,5834.0999999999985,4521.3,-55.31185999999997,10.277019999999908,263.23,257.14000000000004,318.53000000000014,246.85,[15]
37900300,SE Omdeler,U36,foot,TSP,Type 2,42,15,1,5830.599999999999,4517.8,-55.12076000000002,10.468119999999914,263.23,257.14000000000004,318.35,246.67,[15]
37900300,SE Omdeler,U37,foot,TSP,Type 1,42,6,1,5834.0999999999985,5076.8,-107.14185999999995,-70.06328000000002,211.4,207.13,318.53000000000014,277.19,[6]
37900300,SE Omdeler,U37,foot,TSP,Type 2,42,6,1,5830.599999999999,5073.300000000001,-106.95076,-69.87218000000007,211.4,207.13000000000002,318.35,277.01,[6]
37900300,SE Omdeler,U38,foot,TSP,Type 1,42,15,1,5834.0999999999985,4521.3,-65.66185999999993,0.3870199999999784,252.87999999999997,247.24999999999997,318.53000000000014,246.85,[15]
37900300,SE Omdeler,U38,foot,TSP,Type 2,42,6,1,5830.599999999999,5073.300000000001,-65.47075999999998,-28.432180000000074,252.87999999999997,248.56999999999996,318.35,277.01,[6]
37900300,SE Omdeler,U39,foot,TSP,Type 1,42,15,1,5834.0999999999985,4521.3,-49.681859999999915,15.93701999999999,268.86,262.8,318.53000000000014,246.85,[15]
37900300,SE Omdeler,U39,foot,TSP,Type 2,42,15,1,5830.599999999999,4517.8,-49.490759999999966,16.128119999999996,268.86000000000007,262.79999999999995,318.35,246.67,[15]
37900300,U18 Omdeler,Gns. Oms,foot,TSP,Type 1,42,"3, 6, 7, 15",4,5834.0999999999985,2721.1000000000004,131.88543100000004,173.528101,249.04000000000002,228.15,117.21,54.660000000000004,"[3, 6, 7, 15]"
37900300,U18 Omdeler,Gns. Oms,foot,TSP,Type 2,42,"6, 15",2,5830.599999999999,3760.5000000000005,131.955746,162.476555,249.04,237.98000000000002,117.13999999999997,75.56,"[6, 15]"
37900300,U18 Omdeler,U36,foot,TSP,Type 1,42,"3, 6, 7, 15",4,5834.0999999999985,2721.1000000000004,146.02293099999997,183.70310099999998,263.23,238.37000000000006,117.21,54.660000000000004,"[3, 6, 7, 15]"
37900300,U18 Omdeler,U36,foot,TSP,Type 2,42,"3, 15",2,5830.599999999999,3950.3000000000006,146.09324599999997,175.11847299999994,263.23,254.48000000000008,117.13999999999997,79.37,"[3, 15]"
37900300,U18 Omdeler,U37,foot,TSP,Type 1,42,"3, 6, 7, 15",4,5834.0999999999985,2721.1000000000004,94.192931,139.74310099999997,211.4,194.41000000000003,117.21,54.660000000000004,"[3, 6, 7, 15]"
37900300,U18 Omdeler,U37,foot,TSP,Type 2,42,"6, 15",2,5830.599999999999,3760.5000000000005,94.26324599999998,126.99155499999998,211.4,202.54000000000002,117.13999999999997,75.56,"[6, 15]"
37900300,U18 Omdeler,U38,foot,TSP,Type 1,42,"3, 6, 7, 15",4,5834.0999999999985,2721.1000000000004,135.672931,179.06310099999996,252.87999999999997,233.72999999999996,117.21,54.660000000000004,"[3, 6, 7, 15]"
37900300,U18 Omdeler,U38,foot,TSP,Type 2,42,"6, 15",2,5830.599999999999,3760.5000000000005,135.743246,167.39155499999998,252.87999999999997,242.93999999999994,117.13999999999997,75.56,"[6, 15]"
37900300,U18 Omdeler,U39,foot,TSP,Type 1,42,"3, 6, 7, 15",4,5834.0999999999985,2721.1000000000004,151.65293100000002,191.60310099999995,268.86,246.26999999999998,117.21,54.660000000000004,"[3, 6, 7, 15]"
37900300,U18 Omdeler,U39,foot,TSP,Type 2,42,"3, 15",2,5830.599999999999,3950.3000000000006,151.72324600000002,181.28847299999995,268.86000000000007,260.65,117.13999999999997,79.37,"[3, 15]"
37900501,O18 Omdeler,Gns. Oms,car,HPP,Type 1,82,"64, 65, 81",3,5740.300000000002,4982.200000000003,339.232568,352.40703199999996,565.5899999999999,548.8699999999998,226.39999999999998,196.49999999999997,"[64, 65, 81]"
37900501,O18 Omdeler,Gns. Oms,car,HPP,Type 2,82,"35, 79, 81",3,5376.9,4677.9,353.5650640000001,358.791124,565.5899999999999,543.2499999999999,212.07000000000002,184.49,"[35, 79, 81]"
37900501,O18 Omdeler,U36,car,HPP,Type 1,82,"64, 65, 81",3,5740.300000000002,4982.200000000003,381.2125679999997,392.6820319999998,607.6100000000002,589.1800000000004,226.39999999999998,196.49999999999997,"[64, 65, 81]"
37900501,O18 Omdeler,U36,car,HPP,Type 2,82,"79, 81",2,5376.9,4893.1,395.5450639999998,398.8361359999999,607.6100000000001,591.8200000000002,212.07000000000002,192.98000000000005,"[79, 81]"
37900501,O18 Omdeler,U37,car,HPP,Type 1,82,"64, 65, 77, 78, 79, 80, 81",7,5740.300000000002,4347.700000000003,251.6225679999999,267.9567119999999,478.0200000000001,439.43000000000006,226.39999999999998,171.48,"[64, 65, 77, 78, 79, 80, 81]"
37900501,O18 Omdeler,U37,car,HPP,Type 2,82,"35, 79, 81",3,5376.9,4677.9,265.955064,275.0036239999999,478.02000000000004,459.50000000000006,212.07000000000002,184.49,"[35, 79, 81]"
37900501,O18 Omdeler,U38,car,HPP,Type 1,82,"64, 65, 81",3,5740.300000000002,4982.200000000003,356.2525679999999,369.63203199999964,582.6499999999996,566.1299999999997,226.39999999999998,196.49999999999997,"[64, 65, 81]"
37900501,O18 Omdeler,U38,car,HPP,Type 2,82,"35, 79, 81",3,5376.9,4677.9,370.585064,376.17362399999985,582.6499999999997,560.6699999999997,212.07000000000002,184.49,"[35, 79, 81]"
37900501,O18 Omdeler,U39,car,HPP,Type 1,82,"64, 65, 81",3,5740.300000000002,4982.200000000003,367.842568,380.14203199999986,594.2400000000002,576.6400000000002,226.39999999999998,196.49999999999997,"[64, 65, 81]"
37900501,O18 Omdeler,U39,car,HPP,Type 2,82,"35, 79, 81",3,5376.9,4677.9,382.17506400000013,386.32362399999994,594.2400000000002,570.8200000000003,212.07000000000002,184.49,"[35, 79, 81]"
37900501,SE Omdeler,Gns. Oms,car,HPP,Type 1,82,"34, 35, 36, 37, 38, 77, 78, 79, 80, 81",10,5740.300000000002,3914.400000000001,130.343051,199.34604800000002,565.5899999999999,496.1499999999998,435.28999999999996,296.82,"[34, 35, 36, 37, 38, 77, 78, 79, 80, 81]"
37900501,SE Omdeler,Gns. Oms,car,HPP,Type 2,82,"34, 35, 79, 81",4,5376.9,4485.0,157.89967300000018,193.94995000000006,565.5899999999999,534.0099999999999,407.76,340.11000000000007,"[34, 35, 79, 81]"
37900501,SE Omdeler,U36,car,HPP,Type 1,82,"64, 65, 77, 78, 79, 80, 81",7,5740.300000000002,4347.700000000003,172.32305099999968,228.60390899999982,607.6100000000002,558.2900000000004,435.28999999999996,329.68,"[64, 65, 77, 78, 79, 80, 81]"
37900501,SE Omdeler,U36,car,HPP,Type 2,82,"34, 35, 79, 81",4,5376.9,4485.0,199.87967299999985,232.25245000000007,607.6100000000001,572.3500000000003,407.76,340.11000000000007,"[34, 35, 79, 81]"
37900501,SE Omdeler,U37,car,HPP,Type 1,82,"34, 35, 36, 37, 38, 77, 78, 79, 80, 81",10,5740.300000000002,3914.400000000001,42.733050999999875,123.24104799999989,478.0200000000001,420.07000000000005,435.28999999999996,296.82,"[34, 35, 36, 37, 38, 77, 78, 79, 80, 81]"
37900501,SE Omdeler,U37,car,HPP,Type 2,82,"34, 35, 36, 37, 38, 79, 81",7,5376.9,4295.600000000001,70.28967300000005,113.28465199999987,478.02000000000004,439.02000000000015,407.76,325.7399999999999,"[34, 35, 36, 37, 38, 79, 81]"
37900501,SE Omdeler,U38,car,HPP,Type 1,82,"34, 35, 36, 37, 38, 77, 78, 79, 80, 81",10,5740.300000000002,3914.400000000001,147.36305099999987,218.7410479999999,582.6499999999996,515.5699999999998,435.28999999999996,296.82,"[34, 35, 36, 37, 38, 77, 78, 79, 80, 81]"
37900501,SE Omdeler,U38,car,HPP,Type 2,82,"34, 35, 36, 37, 38, 79, 81",7,5376.9,4295.600000000001,174.91967300000005,211.97465199999976,582.6499999999997,537.7099999999999,407.76,325.7399999999999,"[34, 35, 36, 37, 38, 79, 81]"
37900501,SE Omdeler,U39,car,HPP,Type 1,82,"34, 35, 77, 78, 79, 80, 81",7,5740.300000000002,4220.200000000002,158.95305100000002,217.38223399999987,594.2400000000002,537.4000000000002,435.28999999999996,320.01,"[34, 35, 77, 78, 79, 80, 81]"
37900501,SE Omdeler,U39,car,HPP,Type 2,82,"34, 35, 79, 81",4,5376.9,4485.0,186.5096730000002,220.92245000000003,594.2400000000002,561.0200000000002,407.76,340.11000000000007,"[34, 35, 79, 81]"
37900502,O18 Omdeler,Gns. Oms,car,HPP,Type 1,78,18,1,5238.000000000001,5158.2,328.97328000000005,330.8455920000001,535.56,534.29,206.53000000000003,203.39000000000001,[18]
37900502,O18 Omdeler,Gns. Oms,car,HPP,Type 2,78,59,1,4884.0999999999985,4682.099999999999,342.93109600000014,345.63047600000004,535.5599999999997,530.2899999999998,192.57999999999996,184.57999999999998,[59]
37900502,O18 Omdeler,U36,car,HPP,Type 1,78,26,1,5238.000000000001,5194.200000000001,357.2732799999999,359.0007519999999,563.8600000000001,563.8600000000001,206.53000000000003,204.8,[26]
37900502,O18 Omdeler,U36,car,HPP,Type 2,78,59,1,4884.0999999999985,4682.099999999999,371.231096,374.67797599999994,563.8600000000002,559.3400000000003,192.57999999999996,184.57999999999998,[59]
37900502,O18 Omdeler,U37,car,HPP,Type 1,78,18,1,5238.000000000001,5158.2,258.68327999999997,260.770592,465.27000000000004,464.21000000000004,206.53000000000003,203.39000000000001,[18]
37900502,O18 Omdeler,U37,car,HPP,Type 2,78,59,1,4884.0999999999985,4682.099999999999,272.64109600000006,276.837976,465.2700000000001,461.5000000000001,192.57999999999996,184.57999999999998,[59]
37900502,O18 Omdeler,U38,car,HPP,Type 1,78,18,1,5238.000000000001,5158.2,328.83328000000006,330.9005920000001,535.42,534.3399999999999,206.53000000000003,203.39000000000001,[18]
37900502,O18 Omdeler,U38,car,HPP,Type 2,78,18,1,4884.0999999999985,4808.199999999999,342.79109600000015,344.7045920000001,535.4199999999996,534.3399999999996,192.57999999999996,189.57999999999996,[18]
37900502,O18 Omdeler,U39,car,HPP,Type 1,78,18,1,5238.000000000001,5158.2,371.10328000000004,373.1205920000001,577.6900000000004,576.5600000000004,206.53000000000003,203.39000000000001,[18]
37900502,O18 Omdeler,U39,car,HPP,Type 2,78,59,1,4884.0999999999985,4682.099999999999,385.06109600000013,387.79797600000006,577.6900000000002,572.46,192.57999999999996,184.57999999999998,[59]
37900502,SE Omdeler,Gns. Oms,car,HPP,Type 1,78,"45, 46, 47, 48, 49, 50, 58, 59",8,5238.000000000001,4148.400000000001,138.36246,160.69682799999993,535.56,475.2699999999999,397.19,314.55,"[45, 46, 47, 48, 49, 50, 58, 59]"
37900502,SE Omdeler,Gns. Oms,car,HPP,Type 2,78,"18, 58, 59",3,4884.0999999999985,4369.0999999999985,165.1986970000002,189.36864700000004,535.5599999999997,520.6799999999996,370.3299999999999,331.29,"[18, 58, 59]"
37900502,SE Omdeler,U36,car,HPP,Type 1,78,"45, 46, 47, 48, 49, 50, 58, 59",8,5238.000000000001,4148.400000000001,166.66245999999984,185.31682800000004,563.8600000000001,499.8900000000003,397.19,314.55,"[45, 46, 47, 48, 49, 50, 58, 59]"
37900502,SE Omdeler,U36,car,HPP,Type 2,78,"18, 58, 59",3,4884.0999999999985,4369.0999999999985,193.49869700000005,217.28114700000006,563.8600000000002,548.5900000000003,370.3299999999999,331.29,"[18, 58, 59]"
37900502,SE Omdeler,U37,car,HPP,Type 1,78,"45, 46, 47, 48, 49, 50, 56, 57, 58",9,5238.000000000001,4043.000000000001,68.07245999999992,105.3393099999999,465.27000000000004,411.9200000000001,397.19,306.56,"[45, 46, 47, 48, 49, 50, 56, 57, 58]"
37900502,SE Omdeler,U37,car,HPP,Type 2,78,"18, 58, 59",3,4884.0999999999985,4369.0999999999985,94.90869700000013,121.86114700000005,465.2700000000001,453.17000000000024,370.3299999999999,331.29,"[18, 58, 59]"
37900502,SE Omdeler,U38,car,HPP,Type 1,78,"45, 46, 47, 48, 49, 50, 58",7,5238.000000000001,4270.500000000002,138.22246,158.15798499999977,535.42,481.98999999999984,397.19,323.81,"[45, 46, 47, 48, 49, 50, 58]"
37900502,SE Omdeler,U38,car,HPP,Type 2,78,"18, 58, 59",3,4884.0999999999985,4369.0999999999985,165.05869700000022,187.17114700000016,535.4199999999996,518.4799999999997,370.3299999999999,331.29,"[18, 58, 59]"
37900502,SE Omdeler,U39,car,HPP,Type 1,78,"47, 48, 58, 59",4,5238.000000000001,4605.800000000001,180.49246,197.69218599999985,577.6900000000004,546.9500000000003,397.19,349.23999999999995,"[47, 48, 58, 59]"
37900502,SE Omdeler,U39,car,HPP,Type 2,78,"18, 58, 59",3,4884.0999999999985,4369.0999999999985,207.3286970000002,231.16114700000017,577.6900000000002,562.47,370.3299999999999,331.29,"[18, 58, 59]"
37900503,O18 Omdeler,Gns. Oms,car,HPP,Type 1,96,"10, 74, 93",3,6708.899999999998,5986.999999999998,356.84848400000004,373.23772000000025,621.43,609.3599999999999,264.62,236.14999999999998,"[10, 74, 93]"
37900503,O18 Omdeler,Gns. Oms,car,HPP,Type 2,96,38,1,6737.4000000000015,6082.900000000001,355.7244439999999,373.3379240000001,621.43,613.2299999999999,265.73999999999995,239.90000000000003,[38]
37900503,O18 Omdeler,U36,car,HPP,Type 1,96,"10, 18, 74",3,6708.899999999998,5988.099999999998,386.0009840000001,401.9893359999998,650.6,638.1600000000001,264.62,236.20000000000002,"[10, 18, 74]"
37900503,O18 Omdeler,U36,car,HPP,Type 2,96,38,1,6737.4000000000015,6082.900000000001,384.8769439999999,401.89042399999977,650.6,641.8,265.73999999999995,239.90000000000003,[38]
37900503,O18 Omdeler,U37,car,HPP,Type 1,96,"10, 38, 74, 86",4,6708.899999999998,5670.499999999998,268.690984,287.71548,533.2900000000003,511.36000000000035,264.62,223.68999999999997,"[10, 38, 74, 86]"
37900503,O18 Omdeler,U37,car,HPP,Type 2,96,38,1,6737.4000000000015,6082.900000000001,267.56694399999986,286.3304239999998,533.2900000000003,526.2400000000004,265.73999999999995,239.90000000000003,[38]
37900503,O18 Omdeler,U38,car,HPP,Type 1,96,"10, 74, 93",3,6708.899999999998,5986.999999999998,365.52098400000006,382.33271999999994,630.1199999999993,618.4599999999995,264.62,236.14999999999998,"[10, 74, 93]"
37900503,O18 Omdeler,U38,car,HPP,Type 2,96,38,1,6737.4000000000015,6082.900000000001,364.3969439999999,382.0004239999998,630.1199999999994,621.9099999999994,265.73999999999995,239.90000000000003,[38]
37900503,O18 Omdeler,U39,car,HPP,Type 1,96,"10, 18, 74",3,6708.899999999998,5988.099999999998,407.180984,423.73933600000026,671.7800000000003,659.9100000000004,264.62,236.20000000000002,"[10, 18, 74]"
37900503,O18 Omdeler,U39,car,HPP,Type 2,96,38,1,6737.4000000000015,6082.900000000001,406.0569439999999,423.1304240000001,671.7800000000004,663.0400000000003,265.73999999999995,239.90000000000003,[38]
37900503,SE Omdeler,Gns. Oms,car,HPP,Type 1,96,"0, 1, 10, 38, 91, 92, 93, 94, 95",9,6708.899999999998,5120.699999999996,112.71161300000017,172.09981900000042,621.43,560.3899999999999,508.7500000000002,388.32000000000005,"[0, 1, 10, 38, 91, 92, 93, 94, 95]"
37900503,SE Omdeler,Gns. Oms,car,HPP,Type 2,96,"66, 87, 88, 89, 90, 91, 92, 93, 94, 95",10,6737.4000000000015,5390.0,110.55045799999994,155.26630000000006,621.43,563.9799999999997,510.90999999999997,408.73000000000013,"[66, 87, 88, 89, 90, 91, 92, 93, 94, 95]"
37900503,SE Omdeler,U36,car,HPP,Type 1,96,"0, 1, 10, 38, 91, 92, 93, 94, 95",9,6708.899999999998,5120.699999999996,141.8641130000002,201.44731900000028,650.6,589.7500000000002,508.7500000000002,388.32000000000005,"[0, 1, 10, 38, 91, 92, 93, 94, 95]"
37900503,SE Omdeler,U36,car,HPP,Type 2,96,38,1,6737.4000000000015,6082.900000000001,139.70295799999997,180.53369299999986,650.6,641.8,510.90999999999997,461.24,[38]
37900503,SE Omdeler,U37,car,HPP,Type 1,96,"0, 1, 10, 38, 91, 92, 93, 94, 95",9,6708.899999999998,5120.699999999996,24.554113000000143,89.87731900000036,533.2900000000003,478.1800000000004,508.7500000000002,388.32000000000005,"[0, 1, 10, 38, 91, 92, 93, 94, 95]"
37900503,SE Omdeler,U37,car,HPP,Type 2,96,"66, 87, 88, 89, 90, 91, 92, 93, 94, 95",10,6737.4000000000015,5390.0,22.392957999999908,75.91630000000015,533.2900000000003,484.6400000000005,510.90999999999997,408.73000000000013,"[66, 87, 88, 89, 90, 91, 92, 93, 94, 95]"
37900503,SE Omdeler,U38,car,HPP,Type 1,96,"0, 1, 10, 38, 91, 92, 93, 94, 95",9,6708.899999999998,5120.699999999996,121.38411300000018,183.62731900000023,630.1199999999993,571.9299999999997,508.7500000000002,388.32000000000005,"[0, 1, 10, 38, 91, 92, 93, 94, 95]"
37900503,SE Omdeler,U38,car,HPP,Type 2,96,"66, 87, 88, 89, 90, 91, 92, 93, 94, 95",10,6737.4000000000015,5390.0,119.22295799999995,163.64630000000005,630.1199999999994,572.3699999999997,510.90999999999997,408.73000000000013,"[66, 87, 88, 89, 90, 91, 92, 93, 94, 95]"
37900503,SE Omdeler,U39,car,HPP,Type 1,96,"10, 38, 91, 92, 93, 94, 95",7,6708.899999999998,5431.299999999998,163.04411300000015,216.97452100000015,671.7800000000003,628.8300000000004,508.7500000000002,411.87000000000023,"[10, 38, 91, 92, 93, 94, 95]"
37900503,SE Omdeler,U39,car,HPP,Type 2,96,38,1,6737.4000000000015,6082.900000000001,160.88295799999992,201.7736930000002,671.7800000000004,663.0400000000003,510.90999999999997,461.24,[38]
