{
  "type": "FeatureCollection",
  "features": [
    {
      "type": "Feature",
      "properties": {
        "route_id": "M101-S-Night",
        "layer": "T1 Original"
      },
      "geometry": {
        "type": "LineString",
        "coordinates": [
          [
            -73.92788,
            40.85701
          ],
          [
            -73.92793,
            40.85699
          ],
          [
            -73.92813,
            40.85687
          ],
          [
            -73.92827,
            40.8568
          ],
          [
            -73.92827,
            40.8568
          ],
          [
            -73.92831,
            40.85675
          ],
          [
            -73.92833,
            40.85672
          ],
          [
            -73.92837,
            40.85667
          ],
          [
            -73.92841,
            40.85661
          ],
          [
            -73.92851,
            40.85648
          ],
          [
            -73.92853,
            40.85644
          ],
          [
            -73.92862,
            40.85631
          ],
          [
            -73.92867,
            40.85624
          ],
          [
            -73.92872,
            40.85618
          ],
          [
            -73.92876,
            40.85613
          ],
          [
            -73.92913,
            40.85561
          ],
          [
            -73.92918,
            40.85555
          ],
          [
            -73.92921,
            40.85551
          ],
          [
            -73.92936,
            40.8553
          ],
          [
            -73.92959,
            40.85499
          ],
          [
            -73.92964,
            40.85491
          ],
          [
            -73.92964,
            40.85491
          ],
          [
            -73.92952,
            40.85486
          ],
          [
            -73.92836,
            40.85437
          ],
          [
            -73.92829,
            40.85434
          ],
          [
            -73.92825,
            40.85432
          ],
          [
            -73.92816,
            40.85428
          ],
          [
            -73.92694,
            40.85377
          ],
          [
            -73.92684,
            40.85373
          ],
          [
            -73.92681,
            40.85372
          ],
          [
            -73.92681,
            40.85372
          ],
          [
            -73.92686,
            40.85364
          ],
          [
            -73.92702,
            40.85342
          ],
          [
            -73.92702,
            40.85342
          ],
          [
            -73.92702,
            40.85342
          ],
          [
            -73.9272,
            40.85317
          ],
          [
            -73.92724,
            40.85312
          ],
          [
            -73.92728,
            40.85306
          ],
          [
            -73.92739,
            40.85292
          ],
          [
            -73.92749,
            40.85278
          ],
          [
            -73.92766,
            40.85255
          ],
          [
            -73.9277,
            40.8525
          ],
          [
            -73.92774,
            40.85243
          ],
          [
            -73.9279,
            40.85222
          ],
          [
            -73.9279,
            40.85222
          ],
          [
            -73.9279,
            40.85222
          ],
          [
            -73.92811,
            40.85193
          ],
          [
            -73.92816,
            40.85187
          ],
          [
            -73.92821,
            40.8518
          ],
          [
            -73.92825,
            40.85174
          ],
          [
            -73.92841,
            40.85152
          ],
          [
            -73.92862,
            40.85124
          ],
          [
            -73.92865,
            40.85119
          ],
          [
            -73.92871,
            40.85113
          ],
          [
            -73.9289,
            40.85093
          ],
          [
            -73.92916,
            40.85057
          ],
          [
            -73.9292,
            40.85053
          ],
          [
            -73.92925,
            40.85045
          ],
          [
            -73.9296,
            40.84998
          ],
          [
            -73.92962,
            40.84995
          ],
          [
            -73.92964,
            40.84992
          ],
          [
            -73.92971,
            40.84975
          ],
          [
            -73.92974,
            40.84971
          ],
          [
            -73.92976,
            40.84966
          ],
          [
            -73.92996,
            40.84939
          ],
          [
            -73.93002,
            40.84932
          ],
          [
            -73.93004,
            40.84929
          ],
          [
            -73.93008,
            40.84923
          ],
          [
            -73.93031,
            40.84892
          ],
          [
            -73.9304,
            40.8488
          ],
          [
            -73.93043,
            40.84876
          ],
          [
            -73.93047,
            40.8487
          ],
          [
            -73.93051,
            40.84864
          ],
          [
            -73.93062,
            40.8485
          ],
          [
            -73.9307,
            40.84839
          ],
          [
            -73.93079,
            40.84825
          ],
          [
            -73.93082,
            40.84822
          ],
          [
            -73.93082,
            40.84822
          ],
          [
            -73.93082,
            40.84822
          ],
          [
            -73.93088,
            40.84814
          ],
          [
            -73.93096,
            40.84803
          ],
          [
            -73.93111,
            40.84782
          ],
          [
            -73.93117,
            40.84775
          ],
          [
            -73.93117,
            40.84774
          ],
          [
            -73.93135,
            40.84749
          ],
          [
            -73.9314,
            40.84743
          ],
          [
            -73.93144,
            40.84738
          ],
          [
            -73.93162,
            40.84713
          ],
          [
            -73.93181,
            40.84687
          ],
          [
            -73.93185,
            40.84681
          ],
          [
            -73.93189,
            40.84675
          ],
          [
            -73.93208,
            40.8465
          ],
          [
            -73.93228,
            40.84623
          ],
          [
            -73.93233,
            40.84616
          ],
          [
            -73.93238,
            40.84609
          ],
          [
            -73.93275,
            40.84559
          ],
          [
            -73.93278,
            40.84554
          ],
          [
            -73.93283,
            40.84548
          ],
          [
            -73.93284,
            40.84546
          ],
          [
            -73.9332,
            40.84496
          ],
          [
            -73.93324,
            40.84491
          ],
          [
            -73.93328,
            40.84486
          ],
          [
            -73.93365,
            40.84435
          ],
          [
            -73.93372,
            40.84425
          ],
          [
            -73.9338,
            40.84414
          ],
          [
            -73.93398,
            40.84389
          ],
          [
            -73.93405,
            40.8438
          ],
          [
            -73.93405,
            40.8438
          ],
          [
            -73.93405,
            40.8438
          ],
          [
            -73.93416,
            40.84365
          ],
          [
            -73.93421,
            40.84358
          ],
          [
            -73.93425,
            40.84352
          ],
          [
            -73.93442,
            40.8433
          ],
          [
            -73.93462,
            40.84302
          ],
          [
            -73.93468,
            40.84294
          ],
          [
            -73.93473,
            40.84288
          ],
          [
            -73.93488,
            40.84265
          ],
          [
            -73.93503,
            40.84244
          ],
          [
            -73.93509,
            40.84235
          ],
          [
            -73.93512,
            40.8423
          ],
          [
            -73.93516,
            40.84225
          ],
          [
            -73.93533,
            40.84202
          ],
          [
            -73.93533,
            40.84202
          ],
          [
            -73.93533,
            40.84202
          ],
          [
            -73.93538,
            40.84195
          ],
          [
            -73.93553,
            40.84175
          ],
          [
            -73.93557,
            40.8417
          ],
          [
            -73.9356,
            40.84165
          ],
          [
            -73.93565,
            40.84158
          ],
          [
            -73.9358,
            40.84138
          ],
          [
            -73.93598,
            40.84114
          ],
          [
            -73.93601,
            40.84109
          ],
          [
            -73.93604,
            40.84106
          ],
          [
            -73.93608,
            40.84099
          ],
          [
            -73.93631,
            40.84068
          ],
          [
            -73.93634,
            40.84064
          ],
          [
            -73.93634,
            40.84064
          ],
          [
            -73.93634,
            40.84064
          ],
          [
            -73.93642,
            40.84053
          ],
          [
            -73.93646,
            40.84048
          ],
          [
            -73.9365,
            40.84042
          ],
          [
            -73.93667,
            40.84019
          ],
          [
            -73.93678,
            40.84003
          ],
          [
            -73.93685,
            40.83994
          ],
          [
            -73.93691,
            40.83986
          ],
          [
            -73.93696,
            40.8398
          ],
          [
            -73.93716,
            40.83952
          ],
          [
            -73.93716,
            40.83952
          ],
          [
            -73.93716,
            40.83952
          ],
          [
            -73.93717,
            40.83951
          ],
          [
            -73.93721,
            40.83946
          ],
          [
            -73.93734,
            40.8393
          ],
          [
            -73.93735,
            40.83928
          ],
          [
            -73.93736,
            40.83927
          ],
          [
            -73.93739,
            40.83922
          ],
          [
            -73.93753,
            40.83902
          ],
          [
            -73.93756,
            40.83899
          ],
          [
            -73.93773,
            40.83874
          ],
          [
            -73.93775,
            40.83871
          ],
          [
            -73.93777,
            40.83868
          ],
          [
            -73.93783,
            40.83861
          ],
          [
            -73.93791,
            40.83849
          ],
          [
            -73.93805,
            40.8383
          ],
          [
            -73.93818,
            40.83812
          ],
          [
            -73.93827,
            40.838
          ],
          [
            -73.93835,
            40.83788
          ],
          [
            -73.9384,
            40.83782
          ],
          [
            -73.9386,
            40.83758
          ],
          [
            -73.9386,
            40.83758
          ],
          [
            -73.9386,
            40.83758
          ],
          [
            -73.93862,
            40.83755
          ],
          [
            -73.93881,
            40.8373
          ],
          [
            -73.93886,
            40.83724
          ],
          [
            -73.93889,
            40.83719
          ],
          [
            -73.93929,
            40.83664
          ],
          [
            -73.93934,
            40.83658
          ],
          [
            -73.93939,
            40.83651
          ],
          [
            -73.93956,
            40.83628
          ],
          [
            -73.93971,
            40.83607
          ],
          [
            -73.93981,
            40.83593
          ],
          [
            -73.93984,
            40.83589
          ],
          [
            -73.93988,
            40.83582
          ],
          [
            -73.93993,
            40.83576
          ],
          [
            -73.94006,
            40.83556
          ],
          [
            -73.9401,
            40.8355
          ],
          [
            -73.9401,
            40.8355
          ],
          [
            -73.9401,
            40.8355
          ],
          [
            -73.94016,
            40.83542
          ],
          [
            -73.9402,
            40.83536
          ],
          [
            -73.94024,
            40.8353
          ],
          [
            -73.94061,
            40.83479
          ],
          [
            -73.94065,
            40.83473
          ],
          [
            -73.94069,
            40.83467
          ],
          [
            -73.94106,
            40.83417
          ],
          [
            -73.94111,
            40.83411
          ],
          [
            -73.94115,
            40.83406
          ],
          [
            -73.94152,
            40.83355
          ],
          [
            -73.94157,
            40.83348
          ],
          [
            -73.94161,
            40.83343
          ],
          [
            -73.94169,
            40.83332
          ],
          [
            -73.94169,
            40.83332
          ],
          [
            -73.94169,
            40.83332
          ],
          [
            -73.94198,
            40.83292
          ],
          [
            -73.94201,
            40.83288
          ],
          [
            -73.94206,
            40.83281
          ],
          [
            -73.94244,
            40.83229
          ],
          [
            -73.94248,
            40.83223
          ],
          [
            -73.94252,
            40.83218
          ],
          [
            -73.94273,
            40.8319
          ],
          [
            -73.94273,
            40.8319
          ],
          [
            -73.94273,
            40.8319
          ],
          [
            -73.9429,
            40.83166
          ],
          [
            -73.94297,
            40.83157
          ],
          [
            -73.94305,
            40.83146
          ],
          [
            -73.94342,
            40.83095
          ],
          [
            -73.94346,
            40.83089
          ],
          [
            -73.9435,
            40.83084
          ],
          [
            -73.94388,
            40.83032
          ],
          [
            -73.94391,
            40.83027
          ],
          [
            -73.94396,
            40.83021
          ],
          [
            -73.94409,
            40.83003
          ],
          [
            -73.94433,
            40.8297
          ],
          [
            -73.94437,
            40.82964
          ],
          [
            -73.94441,
            40.82959
          ],
          [
            -73.9448,
            40.82906
          ],
          [
            -73.94483,
            40.82902
          ],
          [
            -73.94487,
            40.82897
          ],
          [
            -73.945,
            40.82878
          ],
          [
            -73.94509,
            40.82866
          ],
          [
            -73.94511,
            40.82863
          ],
          [
            -73.94524,
            40.82846
          ],
          [
            -73.94528,
            40.8284
          ],
          [
            -73.94532,
            40.82835
          ],
          [
            -73.94569,
            40.82784
          ],
          [
            -73.94573,
            40.82778
          ],
          [
            -73.94577,
            40.82773
          ],
          [
            -73.94615,
            40.82721
          ],
          [
            -73.94619,
            40.82715
          ],
          [
            -73.94623,
            40.8271
          ],
          [
            -73.94639,
            40.82688
          ],
          [
            -73.94639,
            40.82688
          ],
          [
            -73.94639,
            40.82688
          ],
          [
            -73.94661,
            40.82659
          ],
          [
            -73.94665,
            40.82653
          ],
          [
            -73.94669,
            40.82648
          ],
          [
            -73.94706,
            40.82596
          ],
          [
            -73.94711,
            40.8259
          ],
          [
            -73.94714,
            40.82585
          ],
          [
            -73.94752,
            40.82534
          ],
          [
            -73.9476,
            40.82524
          ],
          [
            -73.94767,
            40.82514
          ],
          [
            -73.94782,
            40.82492
          ],
          [
            -73.94782,
            40.82492
          ],
          [
            -73.94782,
            40.82492
          ],
          [
            -73.94804,
            40.82462
          ],
          [
            -73.94809,
            40.82455
          ],
          [
            -73.94812,
            40.82451
          ],
          [
            -73.9485,
            40.82399
          ],
          [
            -73.94854,
            40.82394
          ],
          [
            -73.94858,
            40.82389
          ],
          [
            -73.94879,
            40.8236
          ],
          [
            -73.94879,
            40.8236
          ],
          [
            -73.94879,
            40.8236
          ],
          [
            -73.94895,
            40.82337
          ],
          [
            -73.94899,
            40.82332
          ],
          [
            -73.94904,
            40.82326
          ],
          [
            -73.94941,
            40.82275
          ],
          [
            -73.94946,
            40.82268
          ],
          [
            -73.9495,
            40.82263
          ],
          [
            -73.94986,
            40.82213
          ],
          [
            -73.94991,
            40.82206
          ],
          [
            -73.94995,
            40.82201
          ],
          [
            -73.95018,
            40.82169
          ],
          [
            -73.95018,
            40.82169
          ],
          [
            -73.95018,
            40.82169
          ],
          [
            -73.95032,
            40.82151
          ],
          [
            -73.95036,
            40.82144
          ],
          [
            -73.9504,
            40.82139
          ],
          [
            -73.95078,
            40.82087
          ],
          [
            -73.95081,
            40.82082
          ],
          [
            -73.95087,
            40.82075
          ],
          [
            -73.9513,
            40.82016
          ],
          [
            -73.95168,
            40.81964
          ],
          [
            -73.95173,
            40.81957
          ],
          [
            -73.95178,
            40.81951
          ],
          [
            -73.95216,
            40.81901
          ],
          [
            -73.95217,
            40.81899
          ],
          [
            -73.95221,
            40.81893
          ],
          [
            -73.95226,
            40.81887
          ],
          [
            -73.95227,
            40.81886
          ],
          [
            -73.95244,
            40.81861
          ],
          [
            -73.95247,
            40.81858
          ],
          [
            -73.95247,
            40.81858
          ],
          [
            -73.95247,
            40.81858
          ],
          [
            -73.95269,
            40.81827
          ],
          [
            -73.95272,
            40.81823
          ],
          [
            -73.95277,
            40.81817
          ],
          [
            -73.95295,
            40.81792
          ],
          [
            -73.95312,
            40.81767
          ],
          [
            -73.95318,
            40.81759
          ],
          [
            -73.95322,
            40.81753
          ],
          [
            -73.95379,
            40.81676
          ],
          [
            -73.95402,
            40.81643
          ],
          [
            -73.95408,
            40.81636
          ],
          [
            -73.95411,
            40.81631
          ],
          [
            -73.95436,
            40.81598
          ],
          [
            -73.95436,
            40.81598
          ],
          [
            -73.95436,
            40.81598
          ],
          [
            -73.9545,
            40.81579
          ],
          [
            -73.95454,
            40.81574
          ],
          [
            -73.95458,
            40.81569
          ],
          [
            -73.95466,
            40.81558
          ],
          [
            -73.95495,
            40.81517
          ],
          [
            -73.955,
            40.81511
          ],
          [
            -73.95504,
            40.81506
          ],
          [
            -73.95519,
            40.81484
          ],
          [
            -73.95519,
            40.81484
          ],
          [
            -73.95519,
            40.81484
          ],
          [
            -73.95524,
            40.81477
          ],
          [
            -73.9554,
            40.81454
          ],
          [
            -73.95544,
            40.81448
          ],
          [
            -73.95549,
            40.81442
          ],
          [
            -73.95565,
            40.81421
          ],
          [
            -73.9557,
            40.81414
          ],
          [
            -73.95576,
            40.81406
          ],
          [
            -73.95579,
            40.81402
          ],
          [
            -73.9561,
            40.81362
          ],
          [
            -73.95618,
            40.8135
          ],
          [
            -73.95627,
            40.81338
          ],
          [
            -73.95627,
            40.81338
          ],
          [
            -73.95618,
            40.81328
          ],
          [
            -73.95574,
            40.81276
          ],
          [
            -73.95563,
            40.81264
          ],
          [
            -73.95563,
            40.81264
          ],
          [
            -73.95563,
            40.81264
          ],
          [
            -73.95528,
            40.81223
          ],
          [
            -73.95522,
            40.81216
          ],
          [
            -73.95509,
            40.81201
          ],
          [
            -73.955,
            40.81192
          ],
          [
            -73.955,
            40.81191
          ],
          [
            -73.95497,
            40.81188
          ],
          [
            -73.95489,
            40.8118
          ],
          [
            -73.95483,
            40.81173
          ],
          [
            -73.9548,
            40.81171
          ],
          [
            -73.95475,
            40.81168
          ],
          [
            -73.95469,
            40.81166
          ],
          [
            -73.95416,
            40.81143
          ],
          [
            -73.95416,
            40.81143
          ],
          [
            -73.95416,
            40.81143
          ],
          [
            -73.95414,
            40.81142
          ],
          [
            -73.95401,
            40.81137
          ],
          [
            -73.95389,
            40.81132
          ],
          [
            -73.95358,
            40.81118
          ],
          [
            -73.95317,
            40.81101
          ],
          [
            -73.95273,
            40.81083
          ],
          [
            -73.95259,
            40.81077
          ],
          [
            -73.95246,
            40.81071
          ],
          [
            -73.95219,
            40.8106
          ],
          [
            -73.95188,
            40.81047
          ],
          [
            -73.95177,
            40.81042
          ],
          [
            -73.95177,
            40.81042
          ],
          [
            -73.95177,
            40.81042
          ],
          [
            -73.95176,
            40.81042
          ],
          [
            -73.95131,
            40.81023
          ],
          [
            -73.95118,
            40.81018
          ],
          [
            -73.95105,
            40.81012
          ],
          [
            -73.95067,
            40.80996
          ],
          [
            -73.95067,
            40.80996
          ],
          [
            -73.95067,
            40.80996
          ],
          [
            -73.94987,
            40.80962
          ],
          [
            -73.94979,
            40.80959
          ],
          [
            -73.94973,
            40.80957
          ],
          [
            -73.94853,
            40.80906
          ],
          [
            -73.9484,
            40.80901
          ],
          [
            -73.94825,
            40.80894
          ],
          [
            -73.94813,
            40.80889
          ],
          [
            -73.94801,
            40.80884
          ],
          [
            -73.94769,
            40.80871
          ],
          [
            -73.94696,
            40.8084
          ],
          [
            -73.94691,
            40.80838
          ],
          [
            -73.94686,
            40.80836
          ],
          [
            -73.94567,
            40.80785
          ],
          [
            -73.94557,
            40.80781
          ],
          [
            -73.94541,
            40.80775
          ],
          [
            -73.94533,
            40.80771
          ],
          [
            -73.94499,
            40.80757
          ],
          [
            -73.94499,
            40.80757
          ],
          [
            -73.94499,
            40.80757
          ],
          [
            -73.94481,
            40.80749
          ],
          [
            -73.94425,
            40.80726
          ],
          [
            -73.94389,
            40.8071
          ],
          [
            -73.94383,
            40.80708
          ],
          [
            -73.94378,
            40.80706
          ],
          [
            -73.94269,
            40.8066
          ],
          [
            -73.9426,
            40.80656
          ],
          [
            -73.94237,
            40.80646
          ],
          [
            -73.94227,
            40.80642
          ],
          [
            -73.94217,
            40.80638
          ],
          [
            -73.94191,
            40.80627
          ],
          [
            -73.94183,
            40.80624
          ],
          [
            -73.941,
            40.80589
          ],
          [
            -73.94076,
            40.80579
          ],
          [
            -73.94064,
            40.80574
          ],
          [
            -73.94055,
            40.8057
          ],
          [
            -73.94027,
            40.80558
          ],
          [
            -73.94027,
            40.80558
          ],
          [
            -73.94027,
            40.80558
          ],
          [
            -73.94013,
            40.80552
          ],
          [
            -73.9397,
            40.80534
          ],
          [
            -73.93924,
            40.80515
          ],
          [
            -73.93918,
            40.80512
          ],
          [
            -73.93904,
            40.80506
          ],
          [
            -73.93889,
            40.805
          ],
          [
            -73.93885,
            40.80498
          ],
          [
            -73.93858,
            40.80487
          ],
          [
            -73.93855,
            40.80485
          ],
          [
            -73.93855,
            40.80485
          ],
          [
            -73.93855,
            40.80485
          ],
          [
            -73.93788,
            40.80457
          ],
          [
            -73.93753,
            40.80442
          ],
          [
            -73.93743,
            40.80438
          ],
          [
            -73.93743,
            40.80438
          ],
          [
            -73.93749,
            40.8043
          ],
          [
            -73.9378,
            40.80387
          ],
          [
            -73.9378,
            40.80387
          ],
          [
            -73.9378,
            40.80387
          ],
          [
            -73.93785,
            40.8038
          ],
          [
            -73.93788,
            40.80377
          ],
          [
            -73.93792,
            40.80371
          ],
          [
            -73.93796,
            40.80365
          ],
          [
            -73.93834,
            40.80314
          ],
          [
            -73.93838,
            40.80308
          ],
          [
            -73.93842,
            40.80302
          ],
          [
            -73.9388,
            40.80251
          ],
          [
            -73.93884,
            40.80245
          ],
          [
            -73.93888,
            40.8024
          ],
          [
            -73.93908,
            40.80212
          ],
          [
            -73.93911,
            40.80208
          ],
          [
            -73.93911,
            40.80208
          ],
          [
            -73.93911,
            40.80208
          ],
          [
            -73.93926,
            40.80187
          ],
          [
            -73.9393,
            40.80182
          ],
          [
            -73.93933,
            40.80177
          ],
          [
            -73.93971,
            40.80125
          ],
          [
            -73.93976,
            40.80119
          ],
          [
            -73.9398,
            40.80113
          ],
          [
            -73.94017,
            40.80062
          ],
          [
            -73.94021,
            40.80057
          ],
          [
            -73.94026,
            40.80051
          ],
          [
            -73.94049,
            40.80019
          ],
          [
            -73.94063,
            40.8
          ],
          [
            -73.94067,
            40.79994
          ],
          [
            -73.94071,
            40.79988
          ],
          [
            -73.9411,
            40.79936
          ],
          [
            -73.94113,
            40.79931
          ],
          [
            -73.94117,
            40.79926
          ],
          [
            -73.94155,
            40.79873
          ],
          [
            -73.94162,
            40.79863
          ],
          [
            -73.94169,
            40.79854
          ],
          [
            -73.94197,
            40.79816
          ],
          [
            -73.94199,
            40.79814
          ],
          [
            -73.94199,
            40.79814
          ],
          [
            -73.94199,
            40.79814
          ],
          [
            -73.94208,
            40.79801
          ],
          [
            -73.94212,
            40.79795
          ],
          [
            -73.94217,
            40.79789
          ],
          [
            -73.94254,
            40.79738
          ],
          [
            -73.943,
            40.79675
          ],
          [
            -73.94306,
            40.79667
          ],
          [
            -73.94344,
            40.79615
          ],
          [
            -73.94349,
            40.79608
          ],
          [
            -73.94354,
            40.79602
          ],
          [
            -73.94391,
            40.7955
          ],
          [
            -73.94395,
            40.79545
          ],
          [
            -73.944,
            40.79538
          ],
          [
            -73.94437,
            40.79487
          ],
          [
            -73.94442,
            40.79481
          ],
          [
            -73.94445,
            40.79476
          ],
          [
            -73.94462,
            40.79453
          ],
          [
            -73.94462,
            40.79453
          ],
          [
            -73.94462,
            40.79453
          ],
          [
            -73.94471,
            40.7944
          ],
          [
            -73.94483,
            40.79424
          ],
          [
            -73.94487,
            40.79418
          ],
          [
            -73.94491,
            40.79413
          ],
          [
            -73.94529,
            40.79362
          ],
          [
            -73.94533,
            40.79356
          ],
          [
            -73.94537,
            40.7935
          ],
          [
            -73.94575,
            40.79299
          ],
          [
            -73.94579,
            40.79293
          ],
          [
            -73.94583,
            40.79288
          ],
          [
            -73.94622,
            40.79235
          ],
          [
            -73.94629,
            40.79225
          ],
          [
            -73.94636,
            40.79216
          ],
          [
            -73.9465,
            40.79195
          ],
          [
            -73.94655,
            40.79188
          ],
          [
            -73.94655,
            40.79188
          ],
          [
            -73.94655,
            40.79188
          ],
          [
            -73.94674,
            40.79163
          ],
          [
            -73.94678,
            40.79158
          ],
          [
            -73.94682,
            40.79152
          ],
          [
            -73.94719,
            40.791
          ],
          [
            -73.94723,
            40.79095
          ],
          [
            -73.94727,
            40.79089
          ],
          [
            -73.94751,
            40.79057
          ],
          [
            -73.94752,
            40.79056
          ],
          [
            -73.94752,
            40.79056
          ],
          [
            -73.94752,
            40.79056
          ],
          [
            -73.94765,
            40.79038
          ],
          [
            -73.94769,
            40.79032
          ],
          [
            -73.94773,
            40.79027
          ],
          [
            -73.94811,
            40.78975
          ],
          [
            -73.94816,
            40.78969
          ],
          [
            -73.94819,
            40.78964
          ],
          [
            -73.94824,
            40.78957
          ],
          [
            -73.94835,
            40.78942
          ],
          [
            -73.9484,
            40.78935
          ],
          [
            -73.94857,
            40.78912
          ],
          [
            -73.94861,
            40.78906
          ],
          [
            -73.94865,
            40.78901
          ],
          [
            -73.94896,
            40.78857
          ],
          [
            -73.94903,
            40.78849
          ],
          [
            -73.94907,
            40.78843
          ],
          [
            -73.9491,
            40.78838
          ],
          [
            -73.94922,
            40.78821
          ],
          [
            -73.94929,
            40.78812
          ],
          [
            -73.94942,
            40.78797
          ],
          [
            -73.94949,
            40.78787
          ],
          [
            -73.94953,
            40.78781
          ],
          [
            -73.94956,
            40.78775
          ],
          [
            -73.94963,
            40.78766
          ],
          [
            -73.94987,
            40.78733
          ],
          [
            -73.94993,
            40.78725
          ],
          [
            -73.94993,
            40.78725
          ],
          [
            -73.94993,
            40.78725
          ],
          [
            -73.94994,
            40.78723
          ],
          [
            -73.94998,
            40.78718
          ],
          [
            -73.95002,
            40.78712
          ],
          [
            -73.9504,
            40.7866
          ],
          [
            -73.95044,
            40.78655
          ],
          [
            -73.95047,
            40.7865
          ],
          [
            -73.95086,
            40.78597
          ],
          [
            -73.95093,
            40.78588
          ],
          [
            -73.95101,
            40.78577
          ],
          [
            -73.95125,
            40.78545
          ],
          [
            -73.95125,
            40.78545
          ],
          [
            -73.95125,
            40.78545
          ],
          [
            -73.95139,
            40.78526
          ],
          [
            -73.95143,
            40.7852
          ],
          [
            -73.95147,
            40.78515
          ],
          [
            -73.95185,
            40.78463
          ],
          [
            -73.95189,
            40.78457
          ],
          [
            -73.95193,
            40.78451
          ],
          [
            -73.95231,
            40.784
          ],
          [
            -73.95235,
            40.78394
          ],
          [
            -73.95238,
            40.78389
          ],
          [
            -73.95276,
            40.78337
          ],
          [
            -73.95281,
            40.78331
          ],
          [
            -73.95284,
            40.78326
          ],
          [
            -73.95322,
            40.78275
          ],
          [
            -73.95326,
            40.78269
          ],
          [
            -73.9533,
            40.78263
          ],
          [
            -73.95368,
            40.78212
          ],
          [
            -73.95372,
            40.78206
          ],
          [
            -73.95376,
            40.782
          ],
          [
            -73.95414,
            40.78149
          ],
          [
            -73.95418,
            40.78143
          ],
          [
            -73.95422,
            40.78138
          ],
          [
            -73.95433,
            40.78123
          ],
          [
            -73.95459,
            40.78086
          ],
          [
            -73.95463,
            40.78081
          ],
          [
            -73.95468,
            40.78075
          ],
          [
            -73.95484,
            40.78052
          ],
          [
            -73.95505,
            40.78024
          ],
          [
            -73.95509,
            40.78018
          ],
          [
            -73.95514,
            40.78012
          ],
          [
            -73.95531,
            40.77988
          ],
          [
            -73.95552,
            40.7796
          ],
          [
            -73.95558,
            40.77951
          ],
          [
            -73.95566,
            40.77941
          ],
          [
            -73.95566,
            40.77939
          ],
          [
            -73.95566,
            40.77939
          ],
          [
            -73.95566,
            40.77939
          ],
          [
            -73.95602,
            40.77892
          ],
          [
            -73.95604,
            40.77888
          ],
          [
            -73.95608,
            40.77882
          ],
          [
            -73.95613,
            40.77876
          ],
          [
            -73.95651,
            40.77824
          ],
          [
            -73.95655,
            40.77819
          ],
          [
            -73.95659,
            40.77813
          ],
          [
            -73.95697,
            40.77761
          ],
          [
            -73.95701,
            40.77755
          ],
          [
            -73.95706,
            40.77749
          ],
          [
            -73.95722,
            40.77726
          ],
          [
            -73.95743,
            40.77697
          ],
          [
            -73.95747,
            40.77692
          ],
          [
            -73.95751,
            40.77686
          ],
          [
            -73.95789,
            40.77634
          ],
          [
            -73.95794,
            40.77628
          ],
          [
            -73.95798,
            40.77622
          ],
          [
            -73.95836,
            40.77571
          ],
          [
            -73.9584,
            40.77565
          ],
          [
            -73.95844,
            40.7756
          ],
          [
            -73.9586,
            40.77537
          ],
          [
            -73.95883,
            40.77506
          ],
          [
            -73.9589,
            40.77497
          ],
          [
            -73.95896,
            40.77488
          ],
          [
            -73.95896,
            40.77488
          ],
          [
            -73.95896,
            40.77488
          ],
          [
            -73.95896,
            40.77488
          ],
          [
            -73.95919,
            40.77457
          ],
          [
            -73.95935,
            40.77434
          ],
          [
            -73.9594,
            40.77428
          ],
          [
            -73.95943,
            40.77424
          ],
          [
            -73.95982,
            40.77371
          ],
          [
            -73.95985,
            40.77366
          ],
          [
            -73.9599,
            40.77359
          ],
          [
            -73.9601,
            40.77331
          ],
          [
            -73.96028,
            40.77307
          ],
          [
            -73.96032,
            40.77302
          ],
          [
            -73.96037,
            40.77295
          ],
          [
            -73.96074,
            40.77243
          ],
          [
            -73.96078,
            40.77238
          ],
          [
            -73.96082,
            40.77233
          ],
          [
            -73.96121,
            40.7718
          ],
          [
            -73.96125,
            40.77174
          ],
          [
            -73.96129,
            40.77169
          ],
          [
            -73.96167,
            40.77117
          ],
          [
            -73.96171,
            40.77111
          ],
          [
            -73.96175,
            40.77106
          ],
          [
            -73.96192,
            40.77083
          ],
          [
            -73.96214,
            40.77052
          ],
          [
            -73.96221,
            40.77043
          ],
          [
            -73.96228,
            40.77033
          ],
          [
            -73.96231,
            40.7703
          ],
          [
            -73.96231,
            40.7703
          ],
          [
            -73.96231,
            40.7703
          ],
          [
            -73.96267,
            40.7698
          ],
          [
            -73.9627,
            40.76975
          ],
          [
            -73.96275,
            40.76969
          ],
          [
            -73.96313,
            40.76917
          ],
          [
            -73.96317,
            40.76911
          ],
          [
            -73.96321,
            40.76906
          ],
          [
            -73.96323,
            40.76903
          ],
          [
            -73.96323,
            40.76903
          ],
          [
            -73.96323,
            40.76903
          ],
          [
            -73.96358,
            40.76855
          ],
          [
            -73.96362,
            40.76849
          ],
          [
            -73.96366,
            40.76844
          ],
          [
            -73.96383,
            40.76821
          ],
          [
            -73.96404,
            40.76792
          ],
          [
            -73.96408,
            40.76787
          ],
          [
            -73.96412,
            40.76781
          ],
          [
            -73.96449,
            40.76729
          ],
          [
            -73.96453,
            40.76724
          ],
          [
            -73.96457,
            40.76719
          ],
          [
            -73.96495,
            40.76666
          ],
          [
            -73.96499,
            40.76662
          ],
          [
            -73.96503,
            40.76656
          ],
          [
            -73.96541,
            40.76605
          ],
          [
            -73.96545,
            40.76599
          ],
          [
            -73.96549,
            40.76593
          ],
          [
            -73.96586,
            40.76542
          ],
          [
            -73.9659,
            40.76536
          ],
          [
            -73.96595,
            40.7653
          ],
          [
            -73.966,
            40.76523
          ],
          [
            -73.966,
            40.76523
          ],
          [
            -73.966,
            40.76523
          ],
          [
            -73.96632,
            40.7648
          ],
          [
            -73.96636,
            40.76474
          ],
          [
            -73.9664,
            40.76468
          ],
          [
            -73.96678,
            40.76417
          ],
          [
            -73.96682,
            40.76411
          ],
          [
            -73.96686,
            40.76405
          ],
          [
            -73.96723,
            40.76354
          ],
          [
            -73.96727,
            40.76349
          ],
          [
            -73.96732,
            40.76342
          ],
          [
            -73.96745,
            40.76324
          ],
          [
            -73.96768,
            40.76292
          ],
          [
            -73.96772,
            40.76287
          ],
          [
            -73.96777,
            40.7628
          ],
          [
            -73.96796,
            40.76256
          ],
          [
            -73.96815,
            40.76229
          ],
          [
            -73.96819,
            40.76223
          ],
          [
            -73.96823,
            40.76217
          ],
          [
            -73.96829,
            40.76209
          ],
          [
            -73.96829,
            40.76209
          ],
          [
            -73.96829,
            40.76209
          ],
          [
            -73.96844,
            40.76188
          ],
          [
            -73.9686,
            40.76167
          ],
          [
            -73.96864,
            40.76161
          ],
          [
            -73.96869,
            40.76154
          ],
          [
            -73.96906,
            40.76103
          ],
          [
            -73.96913,
            40.76093
          ],
          [
            -73.9692,
            40.76084
          ],
          [
            -73.96958,
            40.76031
          ],
          [
            -73.96962,
            40.76025
          ],
          [
            -73.96966,
            40.7602
          ],
          [
            -73.97003,
            40.75969
          ],
          [
            -73.97007,
            40.75964
          ],
          [
            -73.97011,
            40.75958
          ],
          [
            -73.97049,
            40.75906
          ],
          [
            -73.97053,
            40.759
          ],
          [
            -73.97058,
            40.75894
          ],
          [
            -73.97094,
            40.75845
          ],
          [
            -73.97099,
            40.75838
          ],
          [
            -73.97103,
            40.75832
          ],
          [
            -73.97125,
            40.75803
          ],
          [
            -73.97125,
            40.75803
          ],
          [
            -73.97125,
            40.75803
          ],
          [
            -73.9714,
            40.75781
          ],
          [
            -73.97144,
            40.75776
          ],
          [
            -73.97149,
            40.75769
          ],
          [
            -73.97187,
            40.75718
          ],
          [
            -73.9719,
            40.75713
          ],
          [
            -73.97194,
            40.75707
          ],
          [
            -73.97232,
            40.75656
          ],
          [
            -73.97236,
            40.7565
          ],
          [
            -73.9724,
            40.75644
          ],
          [
            -73.97278,
            40.75593
          ],
          [
            -73.97282,
            40.75587
          ],
          [
            -73.97286,
            40.75582
          ],
          [
            -73.97323,
            40.75531
          ],
          [
            -73.97327,
            40.75525
          ],
          [
            -73.97331,
            40.75519
          ],
          [
            -73.97369,
            40.75468
          ],
          [
            -73.97373,
            40.75461
          ],
          [
            -73.97377,
            40.75457
          ],
          [
            -73.97415,
            40.75405
          ],
          [
            -73.97419,
            40.75399
          ],
          [
            -73.97422,
            40.75395
          ],
          [
            -73.9746,
            40.75343
          ],
          [
            -73.97465,
            40.75337
          ],
          [
            -73.97469,
            40.75332
          ],
          [
            -73.97507,
            40.75279
          ],
          [
            -73.9751,
            40.75274
          ],
          [
            -73.97514,
            40.75269
          ],
          [
            -73.97552,
            40.75217
          ],
          [
            -73.97555,
            40.75212
          ],
          [
            -73.97559,
            40.75207
          ],
          [
            -73.97596,
            40.75157
          ],
          [
            -73.97599,
            40.75153
          ],
          [
            -73.97606,
            40.75144
          ],
          [
            -73.97606,
            40.75144
          ],
          [
            -73.97615,
            40.75148
          ],
          [
            -73.97621,
            40.7515
          ],
          [
            -73.97621,
            40.7515
          ],
          [
            -73.97621,
            40.7515
          ],
          [
            -73.97615,
            40.75148
          ],
          [
            -73.97606,
            40.75144
          ],
          [
            -73.97606,
            40.75144
          ],
          [
            -73.97612,
            40.75135
          ],
          [
            -73.97647,
            40.75088
          ],
          [
            -73.9765,
            40.75084
          ],
          [
            -73.97654,
            40.75079
          ],
          [
            -73.97658,
            40.75073
          ],
          [
            -73.9766,
            40.75071
          ],
          [
            -73.97692,
            40.75027
          ],
          [
            -73.97695,
            40.75022
          ],
          [
            -73.97699,
            40.75017
          ],
          [
            -73.97704,
            40.75011
          ],
          [
            -73.97737,
            40.74965
          ],
          [
            -73.9774,
            40.74961
          ],
          [
            -73.97744,
            40.74955
          ],
          [
            -73.97748,
            40.74949
          ],
          [
            -73.97782,
            40.74903
          ],
          [
            -73.97785,
            40.74899
          ],
          [
            -73.9779,
            40.74892
          ],
          [
            -73.97793,
            40.74888
          ],
          [
            -73.97827,
            40.74841
          ],
          [
            -73.9783,
            40.74837
          ],
          [
            -73.97834,
            40.74831
          ],
          [
            -73.97839,
            40.74826
          ],
          [
            -73.9785,
            40.74811
          ],
          [
            -73.9785,
            40.74811
          ],
          [
            -73.9785,
            40.74811
          ],
          [
            -73.97867,
            40.74788
          ],
          [
            -73.97873,
            40.7478
          ],
          [
            -73.97876,
            40.74775
          ],
          [
            -73.9788,
            40.7477
          ],
          [
            -73.97884,
            40.74764
          ],
          [
            -73.97918,
            40.74718
          ],
          [
            -73.97921,
            40.74714
          ],
          [
            -73.97926,
            40.74708
          ],
          [
            -73.9793,
            40.74703
          ],
          [
            -73.97946,
            40.74679
          ],
          [
            -73.97963,
            40.74656
          ],
          [
            -73.97967,
            40.7465
          ],
          [
            -73.97974,
            40.74641
          ],
          [
            -73.97981,
            40.74632
          ],
          [
            -73.98003,
            40.74602
          ],
          [
            -73.98015,
            40.74585
          ],
          [
            -73.98018,
            40.7458
          ],
          [
            -73.98022,
            40.74575
          ],
          [
            -73.98026,
            40.74569
          ],
          [
            -73.9806,
            40.74523
          ],
          [
            -73.98063,
            40.74519
          ],
          [
            -73.98067,
            40.74513
          ],
          [
            -73.98071,
            40.74507
          ],
          [
            -73.98105,
            40.7446
          ],
          [
            -73.98108,
            40.74456
          ],
          [
            -73.98112,
            40.74451
          ],
          [
            -73.98116,
            40.74445
          ],
          [
            -73.98149,
            40.74399
          ],
          [
            -73.98153,
            40.74394
          ],
          [
            -73.98157,
            40.74389
          ],
          [
            -73.98161,
            40.74383
          ],
          [
            -73.98195,
            40.74337
          ],
          [
            -73.98198,
            40.74333
          ],
          [
            -73.98201,
            40.74328
          ],
          [
            -73.98205,
            40.74322
          ],
          [
            -73.98239,
            40.74276
          ],
          [
            -73.98243,
            40.74271
          ],
          [
            -73.98247,
            40.74265
          ],
          [
            -73.98251,
            40.74259
          ],
          [
            -73.98268,
            40.74236
          ],
          [
            -73.98268,
            40.74236
          ]
        ]
      }
    },
    {
      "type": "Feature",
      "properties": {
        "route_id": "M101-S-Night",
        "layer": "T1 Optimal"
      },
      "geometry": {
        "type": "LineString",
        "coordinates": [
          [
            -73.92702,
            40.85342
          ],
          [
            -73.9272,
            40.85317
          ],
          [
            -73.92724,
            40.85312
          ],
          [
            -73.92728,
            40.85306
          ],
          [
            -73.92739,
            40.85292
          ],
          [
            -73.92749,
            40.85278
          ],
          [
            -73.92766,
            40.85255
          ],
          [
            -73.9277,
            40.8525
          ],
          [
            -73.92774,
            40.85243
          ],
          [
            -73.9279,
            40.85222
          ],
          [
            -73.9279,
            40.85222
          ],
          [
            -73.9279,
            40.85222
          ],
          [
            -73.92811,
            40.85193
          ],
          [
            -73.92816,
            40.85187
          ],
          [
            -73.92821,
            40.8518
          ],
          [
            -73.92825,
            40.85174
          ],
          [
            -73.92841,
            40.85152
          ],
          [
            -73.92862,
            40.85124
          ],
          [
            -73.92865,
            40.85119
          ],
          [
            -73.92871,
            40.85113
          ],
          [
            -73.9289,
            40.85093
          ],
          [
            -73.92916,
            40.85057
          ],
          [
            -73.9292,
            40.85053
          ],
          [
            -73.92925,
            40.85045
          ],
          [
            -73.9296,
            40.84998
          ],
          [
            -73.92962,
            40.84995
          ],
          [
            -73.92964,
            40.84992
          ],
          [
            -73.92971,
            40.84975
          ],
          [
            -73.92974,
            40.84971
          ],
          [
            -73.92976,
            40.84966
          ],
          [
            -73.92996,
            40.84939
          ],
          [
            -73.93002,
            40.84932
          ],
          [
            -73.93004,
            40.84929
          ],
          [
            -73.93008,
            40.84923
          ],
          [
            -73.93031,
            40.84892
          ],
          [
            -73.9304,
            40.8488
          ],
          [
            -73.93043,
            40.84876
          ],
          [
            -73.93047,
            40.8487
          ],
          [
            -73.93051,
            40.84864
          ],
          [
            -73.93062,
            40.8485
          ],
          [
            -73.9307,
            40.84839
          ],
          [
            -73.93079,
            40.84825
          ],
          [
            -73.93082,
            40.84822
          ],
          [
            -73.93082,
            40.84822
          ],
          [
            -73.93082,
            40.84822
          ],
          [
            -73.93088,
            40.84814
          ],
          [
            -73.93096,
            40.84803
          ],
          [
            -73.93111,
            40.84782
          ],
          [
            -73.93117,
            40.84775
          ],
          [
            -73.93117,
            40.84774
          ],
          [
            -73.93135,
            40.84749
          ],
          [
            -73.9314,
            40.84743
          ],
          [
            -73.93144,
            40.84738
          ],
          [
            -73.93162,
            40.84713
          ],
          [
            -73.93181,
            40.84687
          ],
          [
            -73.93185,
            40.84681
          ],
          [
            -73.93189,
            40.84675
          ],
          [
            -73.93208,
            40.8465
          ],
          [
            -73.93228,
            40.84623
          ],
          [
            -73.93233,
            40.84616
          ],
          [
            -73.93238,
            40.84609
          ],
          [
            -73.93275,
            40.84559
          ],
          [
            -73.93278,
            40.84554
          ],
          [
            -73.93283,
            40.84548
          ],
          [
            -73.93284,
            40.84546
          ],
          [
            -73.9332,
            40.84496
          ],
          [
            -73.93324,
            40.84491
          ],
          [
            -73.93328,
            40.84486
          ],
          [
            -73.93365,
            40.84435
          ],
          [
            -73.93372,
            40.84425
          ],
          [
            -73.9338,
            40.84414
          ],
          [
            -73.93398,
            40.84389
          ],
          [
            -73.93405,
            40.8438
          ],
          [
            -73.93405,
            40.8438
          ],
          [
            -73.93405,
            40.8438
          ],
          [
            -73.93416,
            40.84365
          ],
          [
            -73.93421,
            40.84358
          ],
          [
            -73.93425,
            40.84352
          ],
          [
            -73.93442,
            40.8433
          ],
          [
            -73.93462,
            40.84302
          ],
          [
            -73.93468,
            40.84294
          ],
          [
            -73.93473,
            40.84288
          ],
          [
            -73.93488,
            40.84265
          ],
          [
            -73.93503,
            40.84244
          ],
          [
            -73.93509,
            40.84235
          ],
          [
            -73.93512,
            40.8423
          ],
          [
            -73.93516,
            40.84225
          ],
          [
            -73.93533,
            40.84202
          ],
          [
            -73.93533,
            40.84202
          ],
          [
            -73.93533,
            40.84202
          ],
          [
            -73.93538,
            40.84195
          ],
          [
            -73.93553,
            40.84175
          ],
          [
            -73.93557,
            40.8417
          ],
          [
            -73.9356,
            40.84165
          ],
          [
            -73.93565,
            40.84158
          ],
          [
            -73.9358,
            40.84138
          ],
          [
            -73.93598,
            40.84114
          ],
          [
            -73.93601,
            40.84109
          ],
          [
            -73.93604,
            40.84106
          ],
          [
            -73.93608,
            40.84099
          ],
          [
            -73.93631,
            40.84068
          ],
          [
            -73.93634,
            40.84064
          ],
          [
            -73.93634,
            40.84064
          ],
          [
            -73.93634,
            40.84064
          ],
          [
            -73.93642,
            40.84053
          ],
          [
            -73.93646,
            40.84048
          ],
          [
            -73.9365,
            40.84042
          ],
          [
            -73.93667,
            40.84019
          ],
          [
            -73.93678,
            40.84003
          ],
          [
            -73.93685,
            40.83994
          ],
          [
            -73.93691,
            40.83986
          ],
          [
            -73.93696,
            40.8398
          ],
          [
            -73.93716,
            40.83952
          ],
          [
            -73.93716,
            40.83952
          ],
          [
            -73.93716,
            40.83952
          ],
          [
            -73.93717,
            40.83951
          ],
          [
            -73.93721,
            40.83946
          ],
          [
            -73.93734,
            40.8393
          ],
          [
            -73.93735,
            40.83928
          ],
          [
            -73.93736,
            40.83927
          ],
          [
            -73.93739,
            40.83922
          ],
          [
            -73.93753,
            40.83902
          ],
          [
            -73.93756,
            40.83899
          ],
          [
            -73.93773,
            40.83874
          ],
          [
            -73.93775,
            40.83871
          ],
          [
            -73.93777,
            40.83868
          ],
          [
            -73.93783,
            40.83861
          ],
          [
            -73.93791,
            40.83849
          ],
          [
            -73.93805,
            40.8383
          ],
          [
            -73.93818,
            40.83812
          ],
          [
            -73.93827,
            40.838
          ],
          [
            -73.93835,
            40.83788
          ],
          [
            -73.9384,
            40.83782
          ],
          [
            -73.9386,
            40.83758
          ],
          [
            -73.9386,
            40.83758
          ],
          [
            -73.9386,
            40.83758
          ],
          [
            -73.93862,
            40.83755
          ],
          [
            -73.93881,
            40.8373
          ],
          [
            -73.93886,
            40.83724
          ],
          [
            -73.93889,
            40.83719
          ],
          [
            -73.93929,
            40.83664
          ],
          [
            -73.93934,
            40.83658
          ],
          [
            -73.93939,
            40.83651
          ],
          [
            -73.93956,
            40.83628
          ],
          [
            -73.93971,
            40.83607
          ],
          [
            -73.93981,
            40.83593
          ],
          [
            -73.93984,
            40.83589
          ],
          [
            -73.93988,
            40.83582
          ],
          [
            -73.93993,
            40.83576
          ],
          [
            -73.94006,
            40.83556
          ],
          [
            -73.9401,
            40.8355
          ],
          [
            -73.9401,
            40.8355
          ],
          [
            -73.9401,
            40.8355
          ],
          [
            -73.94016,
            40.83542
          ],
          [
            -73.9402,
            40.83536
          ],
          [
            -73.94024,
            40.8353
          ],
          [
            -73.94061,
            40.83479
          ],
          [
            -73.94065,
            40.83473
          ],
          [
            -73.94069,
            40.83467
          ],
          [
            -73.94106,
            40.83417
          ],
          [
            -73.94111,
            40.83411
          ],
          [
            -73.94115,
            40.83406
          ],
          [
            -73.94152,
            40.83355
          ],
          [
            -73.94157,
            40.83348
          ],
          [
            -73.94161,
            40.83343
          ],
          [
            -73.94169,
            40.83332
          ],
          [
            -73.94169,
            40.83332
          ],
          [
            -73.94169,
            40.83332
          ],
          [
            -73.94198,
            40.83292
          ],
          [
            -73.94201,
            40.83288
          ],
          [
            -73.94206,
            40.83281
          ],
          [
            -73.94244,
            40.83229
          ],
          [
            -73.94248,
            40.83223
          ],
          [
            -73.94252,
            40.83218
          ],
          [
            -73.94273,
            40.8319
          ],
          [
            -73.94273,
            40.8319
          ],
          [
            -73.94273,
            40.8319
          ],
          [
            -73.9429,
            40.83166
          ],
          [
            -73.94297,
            40.83157
          ],
          [
            -73.94305,
            40.83146
          ],
          [
            -73.94342,
            40.83095
          ],
          [
            -73.94346,
            40.83089
          ],
          [
            -73.9435,
            40.83084
          ],
          [
            -73.94388,
            40.83032
          ],
          [
            -73.94391,
            40.83027
          ],
          [
            -73.94396,
            40.83021
          ],
          [
            -73.94409,
            40.83003
          ],
          [
            -73.94433,
            40.8297
          ],
          [
            -73.94437,
            40.82964
          ],
          [
            -73.94441,
            40.82959
          ],
          [
            -73.9448,
            40.82906
          ],
          [
            -73.94483,
            40.82902
          ],
          [
            -73.94487,
            40.82897
          ],
          [
            -73.945,
            40.82878
          ],
          [
            -73.94509,
            40.82866
          ],
          [
            -73.94511,
            40.82863
          ],
          [
            -73.94524,
            40.82846
          ],
          [
            -73.94528,
            40.8284
          ],
          [
            -73.94532,
            40.82835
          ],
          [
            -73.94569,
            40.82784
          ],
          [
            -73.94573,
            40.82778
          ],
          [
            -73.94577,
            40.82773
          ],
          [
            -73.94615,
            40.82721
          ],
          [
            -73.94619,
            40.82715
          ],
          [
            -73.94623,
            40.8271
          ],
          [
            -73.94639,
            40.82688
          ],
          [
            -73.94639,
            40.82688
          ],
          [
            -73.94639,
            40.82688
          ],
          [
            -73.94661,
            40.82659
          ],
          [
            -73.94665,
            40.82653
          ],
          [
            -73.94669,
            40.82648
          ],
          [
            -73.94706,
            40.82596
          ],
          [
            -73.94711,
            40.8259
          ],
          [
            -73.94714,
            40.82585
          ],
          [
            -73.94752,
            40.82534
          ],
          [
            -73.9476,
            40.82524
          ],
          [
            -73.94767,
            40.82514
          ],
          [
            -73.94782,
            40.82492
          ],
          [
            -73.94782,
            40.82492
          ],
          [
            -73.94782,
            40.82492
          ],
          [
            -73.94804,
            40.82462
          ],
          [
            -73.94809,
            40.82455
          ],
          [
            -73.94812,
            40.82451
          ],
          [
            -73.9485,
            40.82399
          ],
          [
            -73.94854,
            40.82394
          ],
          [
            -73.94858,
            40.82389
          ],
          [
            -73.94879,
            40.8236
          ],
          [
            -73.94879,
            40.8236
          ],
          [
            -73.94879,
            40.8236
          ],
          [
            -73.94895,
            40.82337
          ],
          [
            -73.94899,
            40.82332
          ],
          [
            -73.94904,
            40.82326
          ],
          [
            -73.94941,
            40.82275
          ],
          [
            -73.94946,
            40.82268
          ],
          [
            -73.9495,
            40.82263
          ],
          [
            -73.94986,
            40.82213
          ],
          [
            -73.94991,
            40.82206
          ],
          [
            -73.94995,
            40.82201
          ],
          [
            -73.95018,
            40.82169
          ],
          [
            -73.95018,
            40.82169
          ],
          [
            -73.95018,
            40.82169
          ],
          [
            -73.95032,
            40.82151
          ],
          [
            -73.95036,
            40.82144
          ],
          [
            -73.9504,
            40.82139
          ],
          [
            -73.95078,
            40.82087
          ],
          [
            -73.95081,
            40.82082
          ],
          [
            -73.95087,
            40.82075
          ],
          [
            -73.9513,
            40.82016
          ],
          [
            -73.95168,
            40.81964
          ],
          [
            -73.95173,
            40.81957
          ],
          [
            -73.95178,
            40.81951
          ],
          [
            -73.95216,
            40.81901
          ],
          [
            -73.95217,
            40.81899
          ],
          [
            -73.95221,
            40.81893
          ],
          [
            -73.95226,
            40.81887
          ],
          [
            -73.95227,
            40.81886
          ],
          [
            -73.95244,
            40.81861
          ],
          [
            -73.95247,
            40.81858
          ],
          [
            -73.95247,
            40.81858
          ],
          [
            -73.95247,
            40.81858
          ],
          [
            -73.95269,
            40.81827
          ],
          [
            -73.95272,
            40.81823
          ],
          [
            -73.95277,
            40.81817
          ],
          [
            -73.95295,
            40.81792
          ],
          [
            -73.95312,
            40.81767
          ],
          [
            -73.95318,
            40.81759
          ],
          [
            -73.95322,
            40.81753
          ],
          [
            -73.95379,
            40.81676
          ],
          [
            -73.95402,
            40.81643
          ],
          [
            -73.95408,
            40.81636
          ],
          [
            -73.95411,
            40.81631
          ],
          [
            -73.95436,
            40.81598
          ],
          [
            -73.95436,
            40.81598
          ],
          [
            -73.95436,
            40.81598
          ],
          [
            -73.9545,
            40.81579
          ],
          [
            -73.95454,
            40.81574
          ],
          [
            -73.95458,
            40.81569
          ],
          [
            -73.95466,
            40.81558
          ],
          [
            -73.95495,
            40.81517
          ],
          [
            -73.955,
            40.81511
          ],
          [
            -73.95504,
            40.81506
          ],
          [
            -73.95519,
            40.81484
          ],
          [
            -73.95519,
            40.81484
          ],
          [
            -73.95519,
            40.81484
          ],
          [
            -73.95524,
            40.81477
          ],
          [
            -73.9554,
            40.81454
          ],
          [
            -73.95544,
            40.81448
          ],
          [
            -73.95549,
            40.81442
          ],
          [
            -73.95565,
            40.81421
          ],
          [
            -73.9557,
            40.81414
          ],
          [
            -73.95576,
            40.81406
          ],
          [
            -73.95579,
            40.81402
          ],
          [
            -73.9561,
            40.81362
          ],
          [
            -73.95618,
            40.8135
          ],
          [
            -73.95627,
            40.81338
          ],
          [
            -73.95627,
            40.81338
          ],
          [
            -73.95618,
            40.81328
          ],
          [
            -73.95574,
            40.81276
          ],
          [
            -73.95563,
            40.81264
          ],
          [
            -73.95563,
            40.81264
          ],
          [
            -73.95563,
            40.81264
          ],
          [
            -73.95528,
            40.81223
          ],
          [
            -73.95522,
            40.81216
          ],
          [
            -73.95509,
            40.81201
          ],
          [
            -73.955,
            40.81192
          ],
          [
            -73.955,
            40.81191
          ],
          [
            -73.95497,
            40.81188
          ],
          [
            -73.95489,
            40.8118
          ],
          [
            -73.95483,
            40.81173
          ],
          [
            -73.9548,
            40.81171
          ],
          [
            -73.95475,
            40.81168
          ],
          [
            -73.95469,
            40.81166
          ],
          [
            -73.95416,
            40.81143
          ],
          [
            -73.95416,
            40.81143
          ],
          [
            -73.95416,
            40.81143
          ],
          [
            -73.95414,
            40.81142
          ],
          [
            -73.95401,
            40.81137
          ],
          [
            -73.95389,
            40.81132
          ],
          [
            -73.95358,
            40.81118
          ],
          [
            -73.95317,
            40.81101
          ],
          [
            -73.95273,
            40.81083
          ],
          [
            -73.95259,
            40.81077
          ],
          [
            -73.95246,
            40.81071
          ],
          [
            -73.95219,
            40.8106
          ],
          [
            -73.95188,
            40.81047
          ],
          [
            -73.95177,
            40.81042
          ],
          [
            -73.95177,
            40.81042
          ],
          [
            -73.95177,
            40.81042
          ],
          [
            -73.95176,
            40.81042
          ],
          [
            -73.95131,
            40.81023
          ],
          [
            -73.95118,
            40.81018
          ],
          [
            -73.95105,
            40.81012
          ],
          [
            -73.95067,
            40.80996
          ],
          [
            -73.95067,
            40.80996
          ],
          [
            -73.95067,
            40.80996
          ],
          [
            -73.94987,
            40.80962
          ],
          [
            -73.94979,
            40.80959
          ],
          [
            -73.94973,
            40.80957
          ],
          [
            -73.94853,
            40.80906
          ],
          [
            -73.9484,
            40.80901
          ],
          [
            -73.94825,
            40.80894
          ],
          [
            -73.94813,
            40.80889
          ],
          [
            -73.94801,
            40.80884
          ],
          [
            -73.94769,
            40.80871
          ],
          [
            -73.94696,
            40.8084
          ],
          [
            -73.94691,
            40.80838
          ],
          [
            -73.94686,
            40.80836
          ],
          [
            -73.94567,
            40.80785
          ],
          [
            -73.94557,
            40.80781
          ],
          [
            -73.94541,
            40.80775
          ],
          [
            -73.94533,
            40.80771
          ],
          [
            -73.94499,
            40.80757
          ],
          [
            -73.94499,
            40.80757
          ],
          [
            -73.94499,
            40.80757
          ],
          [
            -73.94481,
            40.80749
          ],
          [
            -73.94425,
            40.80726
          ],
          [
            -73.94389,
            40.8071
          ],
          [
            -73.94383,
            40.80708
          ],
          [
            -73.94378,
            40.80706
          ],
          [
            -73.94269,
            40.8066
          ],
          [
            -73.9426,
            40.80656
          ],
          [
            -73.94237,
            40.80646
          ],
          [
            -73.94227,
            40.80642
          ],
          [
            -73.94217,
            40.80638
          ],
          [
            -73.94191,
            40.80627
          ],
          [
            -73.94183,
            40.80624
          ],
          [
            -73.941,
            40.80589
          ],
          [
            -73.94076,
            40.80579
          ],
          [
            -73.94064,
            40.80574
          ],
          [
            -73.94055,
            40.8057
          ],
          [
            -73.94027,
            40.80558
          ],
          [
            -73.94027,
            40.80558
          ],
          [
            -73.94027,
            40.80558
          ],
          [
            -73.94013,
            40.80552
          ],
          [
            -73.9397,
            40.80534
          ],
          [
            -73.93924,
            40.80515
          ],
          [
            -73.93918,
            40.80512
          ],
          [
            -73.93904,
            40.80506
          ],
          [
            -73.93889,
            40.805
          ],
          [
            -73.93885,
            40.80498
          ],
          [
            -73.93858,
            40.80487
          ],
          [
            -73.93855,
            40.80485
          ],
          [
            -73.93855,
            40.80485
          ],
          [
            -73.93855,
            40.80485
          ],
          [
            -73.93788,
            40.80457
          ],
          [
            -73.93753,
            40.80442
          ],
          [
            -73.93743,
            40.80438
          ],
          [
            -73.93743,
            40.80438
          ],
          [
            -73.93749,
            40.8043
          ],
          [
            -73.9378,
            40.80387
          ],
          [
            -73.9378,
            40.80387
          ],
          [
            -73.9378,
            40.80387
          ],
          [
            -73.93785,
            40.8038
          ],
          [
            -73.93788,
            40.80377
          ],
          [
            -73.93792,
            40.80371
          ],
          [
            -73.93796,
            40.80365
          ],
          [
            -73.93834,
            40.80314
          ],
          [
            -73.93838,
            40.80308
          ],
          [
            -73.93842,
            40.80302
          ],
          [
            -73.9388,
            40.80251
          ],
          [
            -73.93884,
            40.80245
          ],
          [
            -73.93888,
            40.8024
          ],
          [
            -73.93908,
            40.80212
          ],
          [
            -73.93911,
            40.80208
          ],
          [
            -73.93911,
            40.80208
          ],
          [
            -73.93911,
            40.80208
          ],
          [
            -73.93926,
            40.80187
          ],
          [
            -73.9393,
            40.80182
          ],
          [
            -73.93933,
            40.80177
          ],
          [
            -73.93971,
            40.80125
          ],
          [
            -73.93976,
            40.80119
          ],
          [
            -73.9398,
            40.80113
          ],
          [
            -73.94017,
            40.80062
          ],
          [
            -73.94021,
            40.80057
          ],
          [
            -73.94026,
            40.80051
          ],
          [
            -73.94049,
            40.80019
          ],
          [
            -73.94063,
            40.8
          ],
          [
            -73.94067,
            40.79994
          ],
          [
            -73.94071,
            40.79988
          ],
          [
            -73.9411,
            40.79936
          ],
          [
            -73.94113,
            40.79931
          ],
          [
            -73.94117,
            40.79926
          ],
          [
            -73.94155,
            40.79873
          ],
          [
            -73.94162,
            40.79863
          ],
          [
            -73.94169,
            40.79854
          ],
          [
            -73.94197,
            40.79816
          ],
          [
            -73.94199,
            40.79814
          ],
          [
            -73.94199,
            40.79814
          ],
          [
            -73.94199,
            40.79814
          ],
          [
            -73.94208,
            40.79801
          ],
          [
            -73.94212,
            40.79795
          ],
          [
            -73.94217,
            40.79789
          ],
          [
            -73.94254,
            40.79738
          ],
          [
            -73.943,
            40.79675
          ],
          [
            -73.94306,
            40.79667
          ],
          [
            -73.94344,
            40.79615
          ],
          [
            -73.94349,
            40.79608
          ],
          [
            -73.94354,
            40.79602
          ],
          [
            -73.94391,
            40.7955
          ],
          [
            -73.94395,
            40.79545
          ],
          [
            -73.944,
            40.79538
          ],
          [
            -73.94437,
            40.79487
          ],
          [
            -73.94442,
            40.79481
          ],
          [
            -73.94445,
            40.79476
          ],
          [
            -73.94462,
            40.79453
          ],
          [
            -73.94462,
            40.79453
          ],
          [
            -73.94462,
            40.79453
          ],
          [
            -73.94471,
            40.7944
          ],
          [
            -73.94483,
            40.79424
          ],
          [
            -73.94487,
            40.79418
          ],
          [
            -73.94491,
            40.79413
          ],
          [
            -73.94529,
            40.79362
          ],
          [
            -73.94533,
            40.79356
          ],
          [
            -73.94537,
            40.7935
          ],
          [
            -73.94575,
            40.79299
          ],
          [
            -73.94579,
            40.79293
          ],
          [
            -73.94583,
            40.79288
          ],
          [
            -73.94622,
            40.79235
          ],
          [
            -73.94629,
            40.79225
          ],
          [
            -73.94636,
            40.79216
          ],
          [
            -73.9465,
            40.79195
          ],
          [
            -73.94655,
            40.79188
          ],
          [
            -73.94655,
            40.79188
          ],
          [
            -73.94655,
            40.79188
          ],
          [
            -73.94674,
            40.79163
          ],
          [
            -73.94678,
            40.79158
          ],
          [
            -73.94682,
            40.79152
          ],
          [
            -73.94719,
            40.791
          ],
          [
            -73.94723,
            40.79095
          ],
          [
            -73.94727,
            40.79089
          ],
          [
            -73.94751,
            40.79057
          ],
          [
            -73.94752,
            40.79056
          ],
          [
            -73.94752,
            40.79056
          ],
          [
            -73.94752,
            40.79056
          ],
          [
            -73.94765,
            40.79038
          ],
          [
            -73.94769,
            40.79032
          ],
          [
            -73.94773,
            40.79027
          ],
          [
            -73.94811,
            40.78975
          ],
          [
            -73.94816,
            40.78969
          ],
          [
            -73.94819,
            40.78964
          ],
          [
            -73.94824,
            40.78957
          ],
          [
            -73.94835,
            40.78942
          ],
          [
            -73.9484,
            40.78935
          ],
          [
            -73.94857,
            40.78912
          ],
          [
            -73.94861,
            40.78906
          ],
          [
            -73.94865,
            40.78901
          ],
          [
            -73.94896,
            40.78857
          ],
          [
            -73.94903,
            40.78849
          ],
          [
            -73.94907,
            40.78843
          ],
          [
            -73.9491,
            40.78838
          ],
          [
            -73.94922,
            40.78821
          ],
          [
            -73.94929,
            40.78812
          ],
          [
            -73.94942,
            40.78797
          ],
          [
            -73.94949,
            40.78787
          ],
          [
            -73.94953,
            40.78781
          ],
          [
            -73.94956,
            40.78775
          ],
          [
            -73.94963,
            40.78766
          ],
          [
            -73.94987,
            40.78733
          ],
          [
            -73.94993,
            40.78725
          ],
          [
            -73.94993,
            40.78725
          ],
          [
            -73.94993,
            40.78725
          ],
          [
            -73.94994,
            40.78723
          ],
          [
            -73.94998,
            40.78718
          ],
          [
            -73.95002,
            40.78712
          ],
          [
            -73.9504,
            40.7866
          ],
          [
            -73.95044,
            40.78655
          ],
          [
            -73.95047,
            40.7865
          ],
          [
            -73.95086,
            40.78597
          ],
          [
            -73.95093,
            40.78588
          ],
          [
            -73.95101,
            40.78577
          ],
          [
            -73.95125,
            40.78545
          ],
          [
            -73.95125,
            40.78545
          ],
          [
            -73.95125,
            40.78545
          ],
          [
            -73.95139,
            40.78526
          ],
          [
            -73.95143,
            40.7852
          ],
          [
            -73.95147,
            40.78515
          ],
          [
            -73.95185,
            40.78463
          ],
          [
            -73.95189,
            40.78457
          ],
          [
            -73.95193,
            40.78451
          ],
          [
            -73.95231,
            40.784
          ],
          [
            -73.95235,
            40.78394
          ],
          [
            -73.95238,
            40.78389
          ],
          [
            -73.95276,
            40.78337
          ],
          [
            -73.95281,
            40.78331
          ],
          [
            -73.95284,
            40.78326
          ],
          [
            -73.95322,
            40.78275
          ],
          [
            -73.95326,
            40.78269
          ],
          [
            -73.9533,
            40.78263
          ],
          [
            -73.95368,
            40.78212
          ],
          [
            -73.95372,
            40.78206
          ],
          [
            -73.95376,
            40.782
          ],
          [
            -73.95414,
            40.78149
          ],
          [
            -73.95418,
            40.78143
          ],
          [
            -73.95422,
            40.78138
          ],
          [
            -73.95433,
            40.78123
          ],
          [
            -73.95459,
            40.78086
          ],
          [
            -73.95463,
            40.78081
          ],
          [
            -73.95468,
            40.78075
          ],
          [
            -73.95484,
            40.78052
          ],
          [
            -73.95505,
            40.78024
          ],
          [
            -73.95509,
            40.78018
          ],
          [
            -73.95514,
            40.78012
          ],
          [
            -73.95531,
            40.77988
          ],
          [
            -73.95552,
            40.7796
          ],
          [
            -73.95558,
            40.77951
          ],
          [
            -73.95566,
            40.77941
          ],
          [
            -73.95566,
            40.77939
          ],
          [
            -73.95566,
            40.77939
          ],
          [
            -73.95566,
            40.77939
          ],
          [
            -73.95602,
            40.77892
          ],
          [
            -73.95604,
            40.77888
          ],
          [
            -73.95608,
            40.77882
          ],
          [
            -73.95613,
            40.77876
          ],
          [
            -73.95651,
            40.77824
          ],
          [
            -73.95655,
            40.77819
          ],
          [
            -73.95659,
            40.77813
          ],
          [
            -73.95697,
            40.77761
          ],
          [
            -73.95701,
            40.77755
          ],
          [
            -73.95706,
            40.77749
          ],
          [
            -73.95722,
            40.77726
          ],
          [
            -73.95743,
            40.77697
          ],
          [
            -73.95747,
            40.77692
          ],
          [
            -73.95751,
            40.77686
          ],
          [
            -73.95789,
            40.77634
          ],
          [
            -73.95794,
            40.77628
          ],
          [
            -73.95798,
            40.77622
          ],
          [
            -73.95836,
            40.77571
          ],
          [
            -73.9584,
            40.77565
          ],
          [
            -73.95844,
            40.7756
          ],
          [
            -73.9586,
            40.77537
          ],
          [
            -73.95883,
            40.77506
          ],
          [
            -73.9589,
            40.77497
          ],
          [
            -73.95896,
            40.77488
          ],
          [
            -73.95896,
            40.77488
          ]
        ]
      }
    },
    {
      "type": "Feature",
      "properties": {
        "route_id": "M101-S-Night",
        "layer": "T2 Original"
      },
      "geometry": {
        "type": "LineString",
        "coordinates": [
          [
            -73.92788,
            40.85701
          ],
          [
            -73.92793,
            40.85699
          ],
          [
            -73.92813,
            40.85687
          ],
          [
            -73.92827,
            40.8568
          ],
          [
            -73.92827,
            40.8568
          ],
          [
            -73.92831,
            40.85675
          ],
          [
            -73.92833,
            40.85672
          ],
          [
            -73.92837,
            40.85667
          ],
          [
            -73.92841,
            40.85661
          ],
          [
            -73.92851,
            40.85648
          ],
          [
            -73.92853,
            40.85644
          ],
          [
            -73.92862,
            40.85631
          ],
          [
            -73.92867,
            40.85624
          ],
          [
            -73.92872,
            40.85618
          ],
          [
            -73.92876,
            40.85613
          ],
          [
            -73.92913,
            40.85561
          ],
          [
            -73.92918,
            40.85555
          ],
          [
            -73.92921,
            40.85551
          ],
          [
            -73.92936,
            40.8553
          ],
          [
            -73.92959,
            40.85499
          ],
          [
            -73.92964,
            40.85491
          ],
          [
            -73.92964,
            40.85491
          ],
          [
            -73.92952,
            40.85486
          ],
          [
            -73.92836,
            40.85437
          ],
          [
            -73.92829,
            40.85434
          ],
          [
            -73.92825,
            40.85432
          ],
          [
            -73.92816,
            40.85428
          ],
          [
            -73.92694,
            40.85377
          ],
          [
            -73.92684,
            40.85373
          ],
          [
            -73.92681,
            40.85372
          ],
          [
            -73.92681,
            40.85372
          ],
          [
            -73.92686,
            40.85364
          ],
          [
            -73.92702,
            40.85342
          ],
          [
            -73.92702,
            40.85342
          ],
          [
            -73.92702,
            40.85342
          ],
          [
            -73.9272,
            40.85317
          ],
          [
            -73.92724,
            40.85312
          ],
          [
            -73.92728,
            40.85306
          ],
          [
            -73.92739,
            40.85292
          ],
          [
            -73.92749,
            40.85278
          ],
          [
            -73.92766,
            40.85255
          ],
          [
            -73.9277,
            40.8525
          ],
          [
            -73.92774,
            40.85243
          ],
          [
            -73.9279,
            40.85222
          ],
          [
            -73.9279,
            40.85222
          ],
          [
            -73.9279,
            40.85222
          ],
          [
            -73.92811,
            40.85193
          ],
          [
            -73.92816,
            40.85187
          ],
          [
            -73.92821,
            40.8518
          ],
          [
            -73.92825,
            40.85174
          ],
          [
            -73.92841,
            40.85152
          ],
          [
            -73.92862,
            40.85124
          ],
          [
            -73.92865,
            40.85119
          ],
          [
            -73.92871,
            40.85113
          ],
          [
            -73.9289,
            40.85093
          ],
          [
            -73.92916,
            40.85057
          ],
          [
            -73.9292,
            40.85053
          ],
          [
            -73.92925,
            40.85045
          ],
          [
            -73.9296,
            40.84998
          ],
          [
            -73.92962,
            40.84995
          ],
          [
            -73.92964,
            40.84992
          ],
          [
            -73.92971,
            40.84975
          ],
          [
            -73.92974,
            40.84971
          ],
          [
            -73.92976,
            40.84966
          ],
          [
            -73.92996,
            40.84939
          ],
          [
            -73.93002,
            40.84932
          ],
          [
            -73.93004,
            40.84929
          ],
          [
            -73.93008,
            40.84923
          ],
          [
            -73.93031,
            40.84892
          ],
          [
            -73.9304,
            40.8488
          ],
          [
            -73.93043,
            40.84876
          ],
          [
            -73.93047,
            40.8487
          ],
          [
            -73.93051,
            40.84864
          ],
          [
            -73.93062,
            40.8485
          ],
          [
            -73.9307,
            40.84839
          ],
          [
            -73.93079,
            40.84825
          ],
          [
            -73.93082,
            40.84822
          ],
          [
            -73.93082,
            40.84822
          ],
          [
            -73.93082,
            40.84822
          ],
          [
            -73.93088,
            40.84814
          ],
          [
            -73.93096,
            40.84803
          ],
          [
            -73.93111,
            40.84782
          ],
          [
            -73.93117,
            40.84775
          ],
          [
            -73.93117,
            40.84774
          ],
          [
            -73.93135,
            40.84749
          ],
          [
            -73.9314,
            40.84743
          ],
          [
            -73.93144,
            40.84738
          ],
          [
            -73.93162,
            40.84713
          ],
          [
            -73.93181,
            40.84687
          ],
          [
            -73.93185,
            40.84681
          ],
          [
            -73.93189,
            40.84675
          ],
          [
            -73.93208,
            40.8465
          ],
          [
            -73.93228,
            40.84623
          ],
          [
            -73.93233,
            40.84616
          ],
          [
            -73.93238,
            40.84609
          ],
          [
            -73.93275,
            40.84559
          ],
          [
            -73.93278,
            40.84554
          ],
          [
            -73.93283,
            40.84548
          ],
          [
            -73.93284,
            40.84546
          ],
          [
            -73.9332,
            40.84496
          ],
          [
            -73.93324,
            40.84491
          ],
          [
            -73.93328,
            40.84486
          ],
          [
            -73.93365,
            40.84435
          ],
          [
            -73.93372,
            40.84425
          ],
          [
            -73.9338,
            40.84414
          ],
          [
            -73.93398,
            40.84389
          ],
          [
            -73.93405,
            40.8438
          ],
          [
            -73.93405,
            40.8438
          ],
          [
            -73.93405,
            40.8438
          ],
          [
            -73.93416,
            40.84365
          ],
          [
            -73.93421,
            40.84358
          ],
          [
            -73.93425,
            40.84352
          ],
          [
            -73.93442,
            40.8433
          ],
          [
            -73.93462,
            40.84302
          ],
          [
            -73.93468,
            40.84294
          ],
          [
            -73.93473,
            40.84288
          ],
          [
            -73.93488,
            40.84265
          ],
          [
            -73.93503,
            40.84244
          ],
          [
            -73.93509,
            40.84235
          ],
          [
            -73.93512,
            40.8423
          ],
          [
            -73.93516,
            40.84225
          ],
          [
            -73.93533,
            40.84202
          ],
          [
            -73.93533,
            40.84202
          ],
          [
            -73.93533,
            40.84202
          ],
          [
            -73.93538,
            40.84195
          ],
          [
            -73.93553,
            40.84175
          ],
          [
            -73.93557,
            40.8417
          ],
          [
            -73.9356,
            40.84165
          ],
          [
            -73.93565,
            40.84158
          ],
          [
            -73.9358,
            40.84138
          ],
          [
            -73.93598,
            40.84114
          ],
          [
            -73.93601,
            40.84109
          ],
          [
            -73.93604,
            40.84106
          ],
          [
            -73.93608,
            40.84099
          ],
          [
            -73.93631,
            40.84068
          ],
          [
            -73.93634,
            40.84064
          ],
          [
            -73.93634,
            40.84064
          ],
          [
            -73.93634,
            40.84064
          ],
          [
            -73.93642,
            40.84053
          ],
          [
            -73.93646,
            40.84048
          ],
          [
            -73.9365,
            40.84042
          ],
          [
            -73.93667,
            40.84019
          ],
          [
            -73.93678,
            40.84003
          ],
          [
            -73.93685,
            40.83994
          ],
          [
            -73.93691,
            40.83986
          ],
          [
            -73.93696,
            40.8398
          ],
          [
            -73.93716,
            40.83952
          ],
          [
            -73.93716,
            40.83952
          ],
          [
            -73.93716,
            40.83952
          ],
          [
            -73.93717,
            40.83951
          ],
          [
            -73.93721,
            40.83946
          ],
          [
            -73.93734,
            40.8393
          ],
          [
            -73.93735,
            40.83928
          ],
          [
            -73.93736,
            40.83927
          ],
          [
            -73.93739,
            40.83922
          ],
          [
            -73.93753,
            40.83902
          ],
          [
            -73.93756,
            40.83899
          ],
          [
            -73.93773,
            40.83874
          ],
          [
            -73.93775,
            40.83871
          ],
          [
            -73.93777,
            40.83868
          ],
          [
            -73.93783,
            40.83861
          ],
          [
            -73.93791,
            40.83849
          ],
          [
            -73.93805,
            40.8383
          ],
          [
            -73.93818,
            40.83812
          ],
          [
            -73.93827,
            40.838
          ],
          [
            -73.93835,
            40.83788
          ],
          [
            -73.9384,
            40.83782
          ],
          [
            -73.9386,
            40.83758
          ],
          [
            -73.9386,
            40.83758
          ],
          [
            -73.9386,
            40.83758
          ],
          [
            -73.93862,
            40.83755
          ],
          [
            -73.93881,
            40.8373
          ],
          [
            -73.93886,
            40.83724
          ],
          [
            -73.93889,
            40.83719
          ],
          [
            -73.93929,
            40.83664
          ],
          [
            -73.93934,
            40.83658
          ],
          [
            -73.93939,
            40.83651
          ],
          [
            -73.93956,
            40.83628
          ],
          [
            -73.93971,
            40.83607
          ],
          [
            -73.93981,
            40.83593
          ],
          [
            -73.93984,
            40.83589
          ],
          [
            -73.93988,
            40.83582
          ],
          [
            -73.93993,
            40.83576
          ],
          [
            -73.94006,
            40.83556
          ],
          [
            -73.9401,
            40.8355
          ],
          [
            -73.9401,
            40.8355
          ],
          [
            -73.9401,
            40.8355
          ],
          [
            -73.94016,
            40.83542
          ],
          [
            -73.9402,
            40.83536
          ],
          [
            -73.94024,
            40.8353
          ],
          [
            -73.94061,
            40.83479
          ],
          [
            -73.94065,
            40.83473
          ],
          [
            -73.94069,
            40.83467
          ],
          [
            -73.94106,
            40.83417
          ],
          [
            -73.94111,
            40.83411
          ],
          [
            -73.94115,
            40.83406
          ],
          [
            -73.94152,
            40.83355
          ],
          [
            -73.94157,
            40.83348
          ],
          [
            -73.94161,
            40.83343
          ],
          [
            -73.94169,
            40.83332
          ],
          [
            -73.94169,
            40.83332
          ],
          [
            -73.94169,
            40.83332
          ],
          [
            -73.94198,
            40.83292
          ],
          [
            -73.94201,
            40.83288
          ],
          [
            -73.94206,
            40.83281
          ],
          [
            -73.94244,
            40.83229
          ],
          [
            -73.94248,
            40.83223
          ],
          [
            -73.94252,
            40.83218
          ],
          [
            -73.94273,
            40.8319
          ],
          [
            -73.94273,
            40.8319
          ],
          [
            -73.94273,
            40.8319
          ],
          [
            -73.9429,
            40.83166
          ],
          [
            -73.94297,
            40.83157
          ],
          [
            -73.94305,
            40.83146
          ],
          [
            -73.94342,
            40.83095
          ],
          [
            -73.94346,
            40.83089
          ],
          [
            -73.9435,
            40.83084
          ],
          [
            -73.94388,
            40.83032
          ],
          [
            -73.94391,
            40.83027
          ],
          [
            -73.94396,
            40.83021
          ],
          [
            -73.94409,
            40.83003
          ],
          [
            -73.94433,
            40.8297
          ],
          [
            -73.94437,
            40.82964
          ],
          [
            -73.94441,
            40.82959
          ],
          [
            -73.9448,
            40.82906
          ],
          [
            -73.94483,
            40.82902
          ],
          [
            -73.94487,
            40.82897
          ],
          [
            -73.945,
            40.82878
          ],
          [
            -73.94509,
            40.82866
          ],
          [
            -73.94511,
            40.82863
          ],
          [
            -73.94524,
            40.82846
          ],
          [
            -73.94528,
            40.8284
          ],
          [
            -73.94532,
            40.82835
          ],
          [
            -73.94569,
            40.82784
          ],
          [
            -73.94573,
            40.82778
          ],
          [
            -73.94577,
            40.82773
          ],
          [
            -73.94615,
            40.82721
          ],
          [
            -73.94619,
            40.82715
          ],
          [
            -73.94623,
            40.8271
          ],
          [
            -73.94639,
            40.82688
          ],
          [
            -73.94639,
            40.82688
          ],
          [
            -73.94639,
            40.82688
          ],
          [
            -73.94661,
            40.82659
          ],
          [
            -73.94665,
            40.82653
          ],
          [
            -73.94669,
            40.82648
          ],
          [
            -73.94706,
            40.82596
          ],
          [
            -73.94711,
            40.8259
          ],
          [
            -73.94714,
            40.82585
          ],
          [
            -73.94752,
            40.82534
          ],
          [
            -73.9476,
            40.82524
          ],
          [
            -73.94767,
            40.82514
          ],
          [
            -73.94782,
            40.82492
          ],
          [
            -73.94782,
            40.82492
          ],
          [
            -73.94782,
            40.82492
          ],
          [
            -73.94804,
            40.82462
          ],
          [
            -73.94809,
            40.82455
          ],
          [
            -73.94812,
            40.82451
          ],
          [
            -73.9485,
            40.82399
          ],
          [
            -73.94854,
            40.82394
          ],
          [
            -73.94858,
            40.82389
          ],
          [
            -73.94879,
            40.8236
          ],
          [
            -73.94879,
            40.8236
          ],
          [
            -73.94879,
            40.8236
          ],
          [
            -73.94895,
            40.82337
          ],
          [
            -73.94899,
            40.82332
          ],
          [
            -73.94904,
            40.82326
          ],
          [
            -73.94941,
            40.82275
          ],
          [
            -73.94946,
            40.82268
          ],
          [
            -73.9495,
            40.82263
          ],
          [
            -73.94986,
            40.82213
          ],
          [
            -73.94991,
            40.82206
          ],
          [
            -73.94995,
            40.82201
          ],
          [
            -73.95018,
            40.82169
          ],
          [
            -73.95018,
            40.82169
          ],
          [
            -73.95018,
            40.82169
          ],
          [
            -73.95032,
            40.82151
          ],
          [
            -73.95036,
            40.82144
          ],
          [
            -73.9504,
            40.82139
          ],
          [
            -73.95078,
            40.82087
          ],
          [
            -73.95081,
            40.82082
          ],
          [
            -73.95087,
            40.82075
          ],
          [
            -73.9513,
            40.82016
          ],
          [
            -73.95168,
            40.81964
          ],
          [
            -73.95173,
            40.81957
          ],
          [
            -73.95178,
            40.81951
          ],
          [
            -73.95216,
            40.81901
          ],
          [
            -73.95217,
            40.81899
          ],
          [
            -73.95221,
            40.81893
          ],
          [
            -73.95226,
            40.81887
          ],
          [
            -73.95227,
            40.81886
          ],
          [
            -73.95244,
            40.81861
          ],
          [
            -73.95247,
            40.81858
          ],
          [
            -73.95247,
            40.81858
          ],
          [
            -73.95247,
            40.81858
          ],
          [
            -73.95269,
            40.81827
          ],
          [
            -73.95272,
            40.81823
          ],
          [
            -73.95277,
            40.81817
          ],
          [
            -73.95295,
            40.81792
          ],
          [
            -73.95312,
            40.81767
          ],
          [
            -73.95318,
            40.81759
          ],
          [
            -73.95322,
            40.81753
          ],
          [
            -73.95379,
            40.81676
          ],
          [
            -73.95402,
            40.81643
          ],
          [
            -73.95408,
            40.81636
          ],
          [
            -73.95411,
            40.81631
          ],
          [
            -73.95436,
            40.81598
          ],
          [
            -73.95436,
            40.81598
          ],
          [
            -73.95436,
            40.81598
          ],
          [
            -73.9545,
            40.81579
          ],
          [
            -73.95454,
            40.81574
          ],
          [
            -73.95458,
            40.81569
          ],
          [
            -73.95466,
            40.81558
          ],
          [
            -73.95495,
            40.81517
          ],
          [
            -73.955,
            40.81511
          ],
          [
            -73.95504,
            40.81506
          ],
          [
            -73.95519,
            40.81484
          ],
          [
            -73.95519,
            40.81484
          ],
          [
            -73.95519,
            40.81484
          ],
          [
            -73.95524,
            40.81477
          ],
          [
            -73.9554,
            40.81454
          ],
          [
            -73.95544,
            40.81448
          ],
          [
            -73.95549,
            40.81442
          ],
          [
            -73.95565,
            40.81421
          ],
          [
            -73.9557,
            40.81414
          ],
          [
            -73.95576,
            40.81406
          ],
          [
            -73.95579,
            40.81402
          ],
          [
            -73.9561,
            40.81362
          ],
          [
            -73.95618,
            40.8135
          ],
          [
            -73.95627,
            40.81338
          ],
          [
            -73.95627,
            40.81338
          ],
          [
            -73.95618,
            40.81328
          ],
          [
            -73.95574,
            40.81276
          ],
          [
            -73.95563,
            40.81264
          ],
          [
            -73.95563,
            40.81264
          ],
          [
            -73.95563,
            40.81264
          ],
          [
            -73.95528,
            40.81223
          ],
          [
            -73.95522,
            40.81216
          ],
          [
            -73.95509,
            40.81201
          ],
          [
            -73.955,
            40.81192
          ],
          [
            -73.955,
            40.81191
          ],
          [
            -73.95497,
            40.81188
          ],
          [
            -73.95489,
            40.8118
          ],
          [
            -73.95483,
            40.81173
          ],
          [
            -73.9548,
            40.81171
          ],
          [
            -73.95475,
            40.81168
          ],
          [
            -73.95469,
            40.81166
          ],
          [
            -73.95416,
            40.81143
          ],
          [
            -73.95416,
            40.81143
          ],
          [
            -73.95416,
            40.81143
          ],
          [
            -73.95414,
            40.81142
          ],
          [
            -73.95401,
            40.81137
          ],
          [
            -73.95389,
            40.81132
          ],
          [
            -73.95358,
            40.81118
          ],
          [
            -73.95317,
            40.81101
          ],
          [
            -73.95273,
            40.81083
          ],
          [
            -73.95259,
            40.81077
          ],
          [
            -73.95246,
            40.81071
          ],
          [
            -73.95219,
            40.8106
          ],
          [
            -73.95188,
            40.81047
          ],
          [
            -73.95177,
            40.81042
          ],
          [
            -73.95177,
            40.81042
          ],
          [
            -73.95177,
            40.81042
          ],
          [
            -73.95176,
            40.81042
          ],
          [
            -73.95131,
            40.81023
          ],
          [
            -73.95118,
            40.81018
          ],
          [
            -73.95105,
            40.81012
          ],
          [
            -73.95067,
            40.80996
          ],
          [
            -73.95067,
            40.80996
          ],
          [
            -73.95067,
            40.80996
          ],
          [
            -73.94987,
            40.80962
          ],
          [
            -73.94979,
            40.80959
          ],
          [
            -73.94973,
            40.80957
          ],
          [
            -73.94853,
            40.80906
          ],
          [
            -73.9484,
            40.80901
          ],
          [
            -73.94825,
            40.80894
          ],
          [
            -73.94813,
            40.80889
          ],
          [
            -73.94801,
            40.80884
          ],
          [
            -73.94769,
            40.80871
          ],
          [
            -73.94696,
            40.8084
          ],
          [
            -73.94691,
            40.80838
          ],
          [
            -73.94686,
            40.80836
          ],
          [
            -73.94567,
            40.80785
          ],
          [
            -73.94557,
            40.80781
          ],
          [
            -73.94541,
            40.80775
          ],
          [
            -73.94533,
            40.80771
          ],
          [
            -73.94499,
            40.80757
          ],
          [
            -73.94499,
            40.80757
          ],
          [
            -73.94499,
            40.80757
          ],
          [
            -73.94481,
            40.80749
          ],
          [
            -73.94425,
            40.80726
          ],
          [
            -73.94389,
            40.8071
          ],
          [
            -73.94383,
            40.80708
          ],
          [
            -73.94378,
            40.80706
          ],
          [
            -73.94269,
            40.8066
          ],
          [
            -73.9426,
            40.80656
          ],
          [
            -73.94237,
            40.80646
          ],
          [
            -73.94227,
            40.80642
          ],
          [
            -73.94217,
            40.80638
          ],
          [
            -73.94191,
            40.80627
          ],
          [
            -73.94183,
            40.80624
          ],
          [
            -73.941,
            40.80589
          ],
          [
            -73.94076,
            40.80579
          ],
          [
            -73.94064,
            40.80574
          ],
          [
            -73.94055,
            40.8057
          ],
          [
            -73.94027,
            40.80558
          ],
          [
            -73.94027,
            40.80558
          ],
          [
            -73.94027,
            40.80558
          ],
          [
            -73.94013,
            40.80552
          ],
          [
            -73.9397,
            40.80534
          ],
          [
            -73.93924,
            40.80515
          ],
          [
            -73.93918,
            40.80512
          ],
          [
            -73.93904,
            40.80506
          ],
          [
            -73.93889,
            40.805
          ],
          [
            -73.93885,
            40.80498
          ],
          [
            -73.93858,
            40.80487
          ],
          [
            -73.93855,
            40.80485
          ],
          [
            -73.93855,
            40.80485
          ],
          [
            -73.93855,
            40.80485
          ],
          [
            -73.93788,
            40.80457
          ],
          [
            -73.93753,
            40.80442
          ],
          [
            -73.93743,
            40.80438
          ],
          [
            -73.93743,
            40.80438
          ],
          [
            -73.93749,
            40.8043
          ],
          [
            -73.9378,
            40.80387
          ],
          [
            -73.9378,
            40.80387
          ],
          [
            -73.9378,
            40.80387
          ],
          [
            -73.93785,
            40.8038
          ],
          [
            -73.93788,
            40.80377
          ],
          [
            -73.93792,
            40.80371
          ],
          [
            -73.93796,
            40.80365
          ],
          [
            -73.93834,
            40.80314
          ],
          [
            -73.93838,
            40.80308
          ],
          [
            -73.93842,
            40.80302
          ],
          [
            -73.9388,
            40.80251
          ],
          [
            -73.93884,
            40.80245
          ],
          [
            -73.93888,
            40.8024
          ],
          [
            -73.93908,
            40.80212
          ],
          [
            -73.93911,
            40.80208
          ],
          [
            -73.93911,
            40.80208
          ],
          [
            -73.93911,
            40.80208
          ],
          [
            -73.93926,
            40.80187
          ],
          [
            -73.9393,
            40.80182
          ],
          [
            -73.93933,
            40.80177
          ],
          [
            -73.93971,
            40.80125
          ],
          [
            -73.93976,
            40.80119
          ],
          [
            -73.9398,
            40.80113
          ],
          [
            -73.94017,
            40.80062
          ],
          [
            -73.94021,
            40.80057
          ],
          [
            -73.94026,
            40.80051
          ],
          [
            -73.94049,
            40.80019
          ],
          [
            -73.94063,
            40.8
          ],
          [
            -73.94067,
            40.79994
          ],
          [
            -73.94071,
            40.79988
          ],
          [
            -73.9411,
            40.79936
          ],
          [
            -73.94113,
            40.79931
          ],
          [
            -73.94117,
            40.79926
          ],
          [
            -73.94155,
            40.79873
          ],
          [
            -73.94162,
            40.79863
          ],
          [
            -73.94169,
            40.79854
          ],
          [
            -73.94197,
            40.79816
          ],
          [
            -73.94199,
            40.79814
          ],
          [
            -73.94199,
            40.79814
          ],
          [
            -73.94199,
            40.79814
          ],
          [
            -73.94208,
            40.79801
          ],
          [
            -73.94212,
            40.79795
          ],
          [
            -73.94217,
            40.79789
          ],
          [
            -73.94254,
            40.79738
          ],
          [
            -73.943,
            40.79675
          ],
          [
            -73.94306,
            40.79667
          ],
          [
            -73.94344,
            40.79615
          ],
          [
            -73.94349,
            40.79608
          ],
          [
            -73.94354,
            40.79602
          ],
          [
            -73.94391,
            40.7955
          ],
          [
            -73.94395,
            40.79545
          ],
          [
            -73.944,
            40.79538
          ],
          [
            -73.94437,
            40.79487
          ],
          [
            -73.94442,
            40.79481
          ],
          [
            -73.94445,
            40.79476
          ],
          [
            -73.94462,
            40.79453
          ],
          [
            -73.94462,
            40.79453
          ],
          [
            -73.94462,
            40.79453
          ],
          [
            -73.94471,
            40.7944
          ],
          [
            -73.94483,
            40.79424
          ],
          [
            -73.94487,
            40.79418
          ],
          [
            -73.94491,
            40.79413
          ],
          [
            -73.94529,
            40.79362
          ],
          [
            -73.94533,
            40.79356
          ],
          [
            -73.94537,
            40.7935
          ],
          [
            -73.94575,
            40.79299
          ],
          [
            -73.94579,
            40.79293
          ],
          [
            -73.94583,
            40.79288
          ],
          [
            -73.94622,
            40.79235
          ],
          [
            -73.94629,
            40.79225
          ],
          [
            -73.94636,
            40.79216
          ],
          [
            -73.9465,
            40.79195
          ],
          [
            -73.94655,
            40.79188
          ],
          [
            -73.94655,
            40.79188
          ],
          [
            -73.94655,
            40.79188
          ],
          [
            -73.94674,
            40.79163
          ],
          [
            -73.94678,
            40.79158
          ],
          [
            -73.94682,
            40.79152
          ],
          [
            -73.94719,
            40.791
          ],
          [
            -73.94723,
            40.79095
          ],
          [
            -73.94727,
            40.79089
          ],
          [
            -73.94751,
            40.79057
          ],
          [
            -73.94752,
            40.79056
          ],
          [
            -73.94752,
            40.79056
          ],
          [
            -73.94752,
            40.79056
          ],
          [
            -73.94765,
            40.79038
          ],
          [
            -73.94769,
            40.79032
          ],
          [
            -73.94773,
            40.79027
          ],
          [
            -73.94811,
            40.78975
          ],
          [
            -73.94816,
            40.78969
          ],
          [
            -73.94819,
            40.78964
          ],
          [
            -73.94824,
            40.78957
          ],
          [
            -73.94835,
            40.78942
          ],
          [
            -73.9484,
            40.78935
          ],
          [
            -73.94857,
            40.78912
          ],
          [
            -73.94861,
            40.78906
          ],
          [
            -73.94865,
            40.78901
          ],
          [
            -73.94896,
            40.78857
          ],
          [
            -73.94903,
            40.78849
          ],
          [
            -73.94907,
            40.78843
          ],
          [
            -73.9491,
            40.78838
          ],
          [
            -73.94922,
            40.78821
          ],
          [
            -73.94929,
            40.78812
          ],
          [
            -73.94942,
            40.78797
          ],
          [
            -73.94949,
            40.78787
          ],
          [
            -73.94953,
            40.78781
          ],
          [
            -73.94956,
            40.78775
          ],
          [
            -73.94963,
            40.78766
          ],
          [
            -73.94987,
            40.78733
          ],
          [
            -73.94993,
            40.78725
          ],
          [
            -73.94993,
            40.78725
          ],
          [
            -73.94993,
            40.78725
          ],
          [
            -73.94994,
            40.78723
          ],
          [
            -73.94998,
            40.78718
          ],
          [
            -73.95002,
            40.78712
          ],
          [
            -73.9504,
            40.7866
          ],
          [
            -73.95044,
            40.78655
          ],
          [
            -73.95047,
            40.7865
          ],
          [
            -73.95086,
            40.78597
          ],
          [
            -73.95093,
            40.78588
          ],
          [
            -73.95101,
            40.78577
          ],
          [
            -73.95125,
            40.78545
          ],
          [
            -73.95125,
            40.78545
          ],
          [
            -73.95125,
            40.78545
          ],
          [
            -73.95139,
            40.78526
          ],
          [
            -73.95143,
            40.7852
          ],
          [
            -73.95147,
            40.78515
          ],
          [
            -73.95185,
            40.78463
          ],
          [
            -73.95189,
            40.78457
          ],
          [
            -73.95193,
            40.78451
          ],
          [
            -73.95231,
            40.784
          ],
          [
            -73.95235,
            40.78394
          ],
          [
            -73.95238,
            40.78389
          ],
          [
            -73.95276,
            40.78337
          ],
          [
            -73.95281,
            40.78331
          ],
          [
            -73.95284,
            40.78326
          ],
          [
            -73.95322,
            40.78275
          ],
          [
            -73.95326,
            40.78269
          ],
          [
            -73.9533,
            40.78263
          ],
          [
            -73.95368,
            40.78212
          ],
          [
            -73.95372,
            40.78206
          ],
          [
            -73.95376,
            40.782
          ],
          [
            -73.95414,
            40.78149
          ],
          [
            -73.95418,
            40.78143
          ],
          [
            -73.95422,
            40.78138
          ],
          [
            -73.95433,
            40.78123
          ],
          [
            -73.95459,
            40.78086
          ],
          [
            -73.95463,
            40.78081
          ],
          [
            -73.95468,
            40.78075
          ],
          [
            -73.95484,
            40.78052
          ],
          [
            -73.95505,
            40.78024
          ],
          [
            -73.95509,
            40.78018
          ],
          [
            -73.95514,
            40.78012
          ],
          [
            -73.95531,
            40.77988
          ],
          [
            -73.95552,
            40.7796
          ],
          [
            -73.95558,
            40.77951
          ],
          [
            -73.95566,
            40.77941
          ],
          [
            -73.95566,
            40.77939
          ],
          [
            -73.95566,
            40.77939
          ],
          [
            -73.95566,
            40.77939
          ],
          [
            -73.95602,
            40.77892
          ],
          [
            -73.95604,
            40.77888
          ],
          [
            -73.95608,
            40.77882
          ],
          [
            -73.95613,
            40.77876
          ],
          [
            -73.95651,
            40.77824
          ],
          [
            -73.95655,
            40.77819
          ],
          [
            -73.95659,
            40.77813
          ],
          [
            -73.95697,
            40.77761
          ],
          [
            -73.95701,
            40.77755
          ],
          [
            -73.95706,
            40.77749
          ],
          [
            -73.95722,
            40.77726
          ],
          [
            -73.95743,
            40.77697
          ],
          [
            -73.95747,
            40.77692
          ],
          [
            -73.95751,
            40.77686
          ],
          [
            -73.95789,
            40.77634
          ],
          [
            -73.95794,
            40.77628
          ],
          [
            -73.95798,
            40.77622
          ],
          [
            -73.95836,
            40.77571
          ],
          [
            -73.9584,
            40.77565
          ],
          [
            -73.95844,
            40.7756
          ],
          [
            -73.9586,
            40.77537
          ],
          [
            -73.95883,
            40.77506
          ],
          [
            -73.9589,
            40.77497
          ],
          [
            -73.95896,
            40.77488
          ],
          [
            -73.95896,
            40.77488
          ],
          [
            -73.95896,
            40.77488
          ],
          [
            -73.95896,
            40.77488
          ],
          [
            -73.95919,
            40.77457
          ],
          [
            -73.95935,
            40.77434
          ],
          [
            -73.9594,
            40.77428
          ],
          [
            -73.95943,
            40.77424
          ],
          [
            -73.95982,
            40.77371
          ],
          [
            -73.95985,
            40.77366
          ],
          [
            -73.9599,
            40.77359
          ],
          [
            -73.9601,
            40.77331
          ],
          [
            -73.96028,
            40.77307
          ],
          [
            -73.96032,
            40.77302
          ],
          [
            -73.96037,
            40.77295
          ],
          [
            -73.96074,
            40.77243
          ],
          [
            -73.96078,
            40.77238
          ],
          [
            -73.96082,
            40.77233
          ],
          [
            -73.96121,
            40.7718
          ],
          [
            -73.96125,
            40.77174
          ],
          [
            -73.96129,
            40.77169
          ],
          [
            -73.96167,
            40.77117
          ],
          [
            -73.96171,
            40.77111
          ],
          [
            -73.96175,
            40.77106
          ],
          [
            -73.96192,
            40.77083
          ],
          [
            -73.96214,
            40.77052
          ],
          [
            -73.96221,
            40.77043
          ],
          [
            -73.96228,
            40.77033
          ],
          [
            -73.96231,
            40.7703
          ],
          [
            -73.96231,
            40.7703
          ],
          [
            -73.96231,
            40.7703
          ],
          [
            -73.96267,
            40.7698
          ],
          [
            -73.9627,
            40.76975
          ],
          [
            -73.96275,
            40.76969
          ],
          [
            -73.96313,
            40.76917
          ],
          [
            -73.96317,
            40.76911
          ],
          [
            -73.96321,
            40.76906
          ],
          [
            -73.96323,
            40.76903
          ],
          [
            -73.96323,
            40.76903
          ],
          [
            -73.96323,
            40.76903
          ],
          [
            -73.96358,
            40.76855
          ],
          [
            -73.96362,
            40.76849
          ],
          [
            -73.96366,
            40.76844
          ],
          [
            -73.96383,
            40.76821
          ],
          [
            -73.96404,
            40.76792
          ],
          [
            -73.96408,
            40.76787
          ],
          [
            -73.96412,
            40.76781
          ],
          [
            -73.96449,
            40.76729
          ],
          [
            -73.96453,
            40.76724
          ],
          [
            -73.96457,
            40.76719
          ],
          [
            -73.96495,
            40.76666
          ],
          [
            -73.96499,
            40.76662
          ],
          [
            -73.96503,
            40.76656
          ],
          [
            -73.96541,
            40.76605
          ],
          [
            -73.96545,
            40.76599
          ],
          [
            -73.96549,
            40.76593
          ],
          [
            -73.96586,
            40.76542
          ],
          [
            -73.9659,
            40.76536
          ],
          [
            -73.96595,
            40.7653
          ],
          [
            -73.966,
            40.76523
          ],
          [
            -73.966,
            40.76523
          ],
          [
            -73.966,
            40.76523
          ],
          [
            -73.96632,
            40.7648
          ],
          [
            -73.96636,
            40.76474
          ],
          [
            -73.9664,
            40.76468
          ],
          [
            -73.96678,
            40.76417
          ],
          [
            -73.96682,
            40.76411
          ],
          [
            -73.96686,
            40.76405
          ],
          [
            -73.96723,
            40.76354
          ],
          [
            -73.96727,
            40.76349
          ],
          [
            -73.96732,
            40.76342
          ],
          [
            -73.96745,
            40.76324
          ],
          [
            -73.96768,
            40.76292
          ],
          [
            -73.96772,
            40.76287
          ],
          [
            -73.96777,
            40.7628
          ],
          [
            -73.96796,
            40.76256
          ],
          [
            -73.96815,
            40.76229
          ],
          [
            -73.96819,
            40.76223
          ],
          [
            -73.96823,
            40.76217
          ],
          [
            -73.96829,
            40.76209
          ],
          [
            -73.96829,
            40.76209
          ],
          [
            -73.96829,
            40.76209
          ],
          [
            -73.96844,
            40.76188
          ],
          [
            -73.9686,
            40.76167
          ],
          [
            -73.96864,
            40.76161
          ],
          [
            -73.96869,
            40.76154
          ],
          [
            -73.96906,
            40.76103
          ],
          [
            -73.96913,
            40.76093
          ],
          [
            -73.9692,
            40.76084
          ],
          [
            -73.96958,
            40.76031
          ],
          [
            -73.96962,
            40.76025
          ],
          [
            -73.96966,
            40.7602
          ],
          [
            -73.97003,
            40.75969
          ],
          [
            -73.97007,
            40.75964
          ],
          [
            -73.97011,
            40.75958
          ],
          [
            -73.97049,
            40.75906
          ],
          [
            -73.97053,
            40.759
          ],
          [
            -73.97058,
            40.75894
          ],
          [
            -73.97094,
            40.75845
          ],
          [
            -73.97099,
            40.75838
          ],
          [
            -73.97103,
            40.75832
          ],
          [
            -73.97125,
            40.75803
          ],
          [
            -73.97125,
            40.75803
          ],
          [
            -73.97125,
            40.75803
          ],
          [
            -73.9714,
            40.75781
          ],
          [
            -73.97144,
            40.75776
          ],
          [
            -73.97149,
            40.75769
          ],
          [
            -73.97187,
            40.75718
          ],
          [
            -73.9719,
            40.75713
          ],
          [
            -73.97194,
            40.75707
          ],
          [
            -73.97232,
            40.75656
          ],
          [
            -73.97236,
            40.7565
          ],
          [
            -73.9724,
            40.75644
          ],
          [
            -73.97278,
            40.75593
          ],
          [
            -73.97282,
            40.75587
          ],
          [
            -73.97286,
            40.75582
          ],
          [
            -73.97323,
            40.75531
          ],
          [
            -73.97327,
            40.75525
          ],
          [
            -73.97331,
            40.75519
          ],
          [
            -73.97369,
            40.75468
          ],
          [
            -73.97373,
            40.75461
          ],
          [
            -73.97377,
            40.75457
          ],
          [
            -73.97415,
            40.75405
          ],
          [
            -73.97419,
            40.75399
          ],
          [
            -73.97422,
            40.75395
          ],
          [
            -73.9746,
            40.75343
          ],
          [
            -73.97465,
            40.75337
          ],
          [
            -73.97469,
            40.75332
          ],
          [
            -73.97507,
            40.75279
          ],
          [
            -73.9751,
            40.75274
          ],
          [
            -73.97514,
            40.75269
          ],
          [
            -73.97552,
            40.75217
          ],
          [
            -73.97555,
            40.75212
          ],
          [
            -73.97559,
            40.75207
          ],
          [
            -73.97596,
            40.75157
          ],
          [
            -73.97599,
            40.75153
          ],
          [
            -73.97606,
            40.75144
          ],
          [
            -73.97606,
            40.75144
          ],
          [
            -73.97615,
            40.75148
          ],
          [
            -73.97621,
            40.7515
          ],
          [
            -73.97621,
            40.7515
          ],
          [
            -73.97621,
            40.7515
          ],
          [
            -73.97615,
            40.75148
          ],
          [
            -73.97606,
            40.75144
          ],
          [
            -73.97606,
            40.75144
          ],
          [
            -73.97612,
            40.75135
          ],
          [
            -73.97647,
            40.75088
          ],
          [
            -73.9765,
            40.75084
          ],
          [
            -73.97654,
            40.75079
          ],
          [
            -73.97658,
            40.75073
          ],
          [
            -73.9766,
            40.75071
          ],
          [
            -73.97692,
            40.75027
          ],
          [
            -73.97695,
            40.75022
          ],
          [
            -73.97699,
            40.75017
          ],
          [
            -73.97704,
            40.75011
          ],
          [
            -73.97737,
            40.74965
          ],
          [
            -73.9774,
            40.74961
          ],
          [
            -73.97744,
            40.74955
          ],
          [
            -73.97748,
            40.74949
          ],
          [
            -73.97782,
            40.74903
          ],
          [
            -73.97785,
            40.74899
          ],
          [
            -73.9779,
            40.74892
          ],
          [
            -73.97793,
            40.74888
          ],
          [
            -73.97827,
            40.74841
          ],
          [
            -73.9783,
            40.74837
          ],
          [
            -73.97834,
            40.74831
          ],
          [
            -73.97839,
            40.74826
          ],
          [
            -73.9785,
            40.74811
          ],
          [
            -73.9785,
            40.74811
          ],
          [
            -73.9785,
            40.74811
          ],
          [
            -73.97867,
            40.74788
          ],
          [
            -73.97873,
            40.7478
          ],
          [
            -73.97876,
            40.74775
          ],
          [
            -73.9788,
            40.7477
          ],
          [
            -73.97884,
            40.74764
          ],
          [
            -73.97918,
            40.74718
          ],
          [
            -73.97921,
            40.74714
          ],
          [
            -73.97926,
            40.74708
          ],
          [
            -73.9793,
            40.74703
          ],
          [
            -73.97946,
            40.74679
          ],
          [
            -73.97963,
            40.74656
          ],
          [
            -73.97967,
            40.7465
          ],
          [
            -73.97974,
            40.74641
          ],
          [
            -73.97981,
            40.74632
          ],
          [
            -73.98003,
            40.74602
          ],
          [
            -73.98015,
            40.74585
          ],
          [
            -73.98018,
            40.7458
          ],
          [
            -73.98022,
            40.74575
          ],
          [
            -73.98026,
            40.74569
          ],
          [
            -73.9806,
            40.74523
          ],
          [
            -73.98063,
            40.74519
          ],
          [
            -73.98067,
            40.74513
          ],
          [
            -73.98071,
            40.74507
          ],
          [
            -73.98105,
            40.7446
          ],
          [
            -73.98108,
            40.74456
          ],
          [
            -73.98112,
            40.74451
          ],
          [
            -73.98116,
            40.74445
          ],
          [
            -73.98149,
            40.74399
          ],
          [
            -73.98153,
            40.74394
          ],
          [
            -73.98157,
            40.74389
          ],
          [
            -73.98161,
            40.74383
          ],
          [
            -73.98195,
            40.74337
          ],
          [
            -73.98198,
            40.74333
          ],
          [
            -73.98201,
            40.74328
          ],
          [
            -73.98205,
            40.74322
          ],
          [
            -73.98239,
            40.74276
          ],
          [
            -73.98243,
            40.74271
          ],
          [
            -73.98247,
            40.74265
          ],
          [
            -73.98251,
            40.74259
          ],
          [
            -73.98268,
            40.74236
          ],
          [
            -73.98268,
            40.74236
          ]
        ]
      }
    },
    {
      "type": "Feature",
      "properties": {
        "route_id": "M101-S-Night",
        "layer": "T2 Optimal"
      },
      "geometry": {
        "type": "LineString",
        "coordinates": [
          [
            -73.92788,
            40.85701
          ],
          [
            -73.92793,
            40.85699
          ],
          [
            -73.92813,
            40.85687
          ],
          [
            -73.92827,
            40.8568
          ],
          [
            -73.92827,
            40.8568
          ],
          [
            -73.92831,
            40.85675
          ],
          [
            -73.92833,
            40.85672
          ],
          [
            -73.92837,
            40.85667
          ],
          [
            -73.92841,
            40.85661
          ],
          [
            -73.92851,
            40.85648
          ],
          [
            -73.92853,
            40.85644
          ],
          [
            -73.92862,
            40.85631
          ],
          [
            -73.92867,
            40.85624
          ],
          [
            -73.92872,
            40.85618
          ],
          [
            -73.92876,
            40.85613
          ],
          [
            -73.92913,
            40.85561
          ],
          [
            -73.92918,
            40.85555
          ],
          [
            -73.92921,
            40.85551
          ],
          [
            -73.92936,
            40.8553
          ],
          [
            -73.92959,
            40.85499
          ],
          [
            -73.92964,
            40.85491
          ],
          [
            -73.92964,
            40.85491
          ],
          [
            -73.92952,
            40.85486
          ],
          [
            -73.92836,
            40.85437
          ],
          [
            -73.92829,
            40.85434
          ],
          [
            -73.92825,
            40.85432
          ],
          [
            -73.92816,
            40.85428
          ],
          [
            -73.92694,
            40.85377
          ],
          [
            -73.92684,
            40.85373
          ],
          [
            -73.92681,
            40.85372
          ],
          [
            -73.92681,
            40.85372
          ],
          [
            -73.92686,
            40.85364
          ],
          [
            -73.92702,
            40.85342
          ],
          [
            -73.92702,
            40.85342
          ],
          [
            -73.92702,
            40.85342
          ],
          [
            -73.9272,
            40.85317
          ],
          [
            -73.92724,
            40.85312
          ],
          [
            -73.92728,
            40.85306
          ],
          [
            -73.92739,
            40.85292
          ],
          [
            -73.92749,
            40.85278
          ],
          [
            -73.92766,
            40.85255
          ],
          [
            -73.9277,
            40.8525
          ],
          [
            -73.92774,
            40.85243
          ],
          [
            -73.9279,
            40.85222
          ],
          [
            -73.9279,
            40.85222
          ],
          [
            -73.9279,
            40.85222
          ],
          [
            -73.92811,
            40.85193
          ],
          [
            -73.92816,
            40.85187
          ],
          [
            -73.92821,
            40.8518
          ],
          [
            -73.92825,
            40.85174
          ],
          [
            -73.92841,
            40.85152
          ],
          [
            -73.92862,
            40.85124
          ],
          [
            -73.92865,
            40.85119
          ],
          [
            -73.92871,
            40.85113
          ],
          [
            -73.9289,
            40.85093
          ],
          [
            -73.92916,
            40.85057
          ],
          [
            -73.9292,
            40.85053
          ],
          [
            -73.92925,
            40.85045
          ],
          [
            -73.9296,
            40.84998
          ],
          [
            -73.92962,
            40.84995
          ],
          [
            -73.92964,
            40.84992
          ],
          [
            -73.92971,
            40.84975
          ],
          [
            -73.92974,
            40.84971
          ],
          [
            -73.92976,
            40.84966
          ],
          [
            -73.92996,
            40.84939
          ],
          [
            -73.93002,
            40.84932
          ],
          [
            -73.93004,
            40.84929
          ],
          [
            -73.93008,
            40.84923
          ],
          [
            -73.93031,
            40.84892
          ],
          [
            -73.9304,
            40.8488
          ],
          [
            -73.93043,
            40.84876
          ],
          [
            -73.93047,
            40.8487
          ],
          [
            -73.93051,
            40.84864
          ],
          [
            -73.93062,
            40.8485
          ],
          [
            -73.9307,
            40.84839
          ],
          [
            -73.93079,
            40.84825
          ],
          [
            -73.93082,
            40.84822
          ],
          [
            -73.93082,
            40.84822
          ],
          [
            -73.93082,
            40.84822
          ],
          [
            -73.93088,
            40.84814
          ],
          [
            -73.93096,
            40.84803
          ],
          [
            -73.93111,
            40.84782
          ],
          [
            -73.93117,
            40.84775
          ],
          [
            -73.93117,
            40.84774
          ],
          [
            -73.93135,
            40.84749
          ],
          [
            -73.9314,
            40.84743
          ],
          [
            -73.93144,
            40.84738
          ],
          [
            -73.93162,
            40.84713
          ],
          [
            -73.93181,
            40.84687
          ],
          [
            -73.93185,
            40.84681
          ],
          [
            -73.93189,
            40.84675
          ],
          [
            -73.93208,
            40.8465
          ],
          [
            -73.93228,
            40.84623
          ],
          [
            -73.93233,
            40.84616
          ],
          [
            -73.93238,
            40.84609
          ],
          [
            -73.93275,
            40.84559
          ],
          [
            -73.93278,
            40.84554
          ],
          [
            -73.93283,
            40.84548
          ],
          [
            -73.93284,
            40.84546
          ],
          [
            -73.9332,
            40.84496
          ],
          [
            -73.93324,
            40.84491
          ],
          [
            -73.93328,
            40.84486
          ],
          [
            -73.93365,
            40.84435
          ],
          [
            -73.93372,
            40.84425
          ],
          [
            -73.9338,
            40.84414
          ],
          [
            -73.93398,
            40.84389
          ],
          [
            -73.93405,
            40.8438
          ],
          [
            -73.93405,
            40.8438
          ],
          [
            -73.93405,
            40.8438
          ],
          [
            -73.93416,
            40.84365
          ],
          [
            -73.93421,
            40.84358
          ],
          [
            -73.93425,
            40.84352
          ],
          [
            -73.93442,
            40.8433
          ],
          [
            -73.93462,
            40.84302
          ],
          [
            -73.93468,
            40.84294
          ],
          [
            -73.93473,
            40.84288
          ],
          [
            -73.93488,
            40.84265
          ],
          [
            -73.93503,
            40.84244
          ],
          [
            -73.93509,
            40.84235
          ],
          [
            -73.93512,
            40.8423
          ],
          [
            -73.93516,
            40.84225
          ],
          [
            -73.93533,
            40.84202
          ],
          [
            -73.93533,
            40.84202
          ],
          [
            -73.93533,
            40.84202
          ],
          [
            -73.93538,
            40.84195
          ],
          [
            -73.93553,
            40.84175
          ],
          [
            -73.93557,
            40.8417
          ],
          [
            -73.9356,
            40.84165
          ],
          [
            -73.93565,
            40.84158
          ],
          [
            -73.9358,
            40.84138
          ],
          [
            -73.93598,
            40.84114
          ],
          [
            -73.93601,
            40.84109
          ],
          [
            -73.93604,
            40.84106
          ],
          [
            -73.93608,
            40.84099
          ],
          [
            -73.93631,
            40.84068
          ],
          [
            -73.93634,
            40.84064
          ],
          [
            -73.93634,
            40.84064
          ],
          [
            -73.93634,
            40.84064
          ],
          [
            -73.93642,
            40.84053
          ],
          [
            -73.93646,
            40.84048
          ],
          [
            -73.9365,
            40.84042
          ],
          [
            -73.93667,
            40.84019
          ],
          [
            -73.93678,
            40.84003
          ],
          [
            -73.93685,
            40.83994
          ],
          [
            -73.93691,
            40.83986
          ],
          [
            -73.93696,
            40.8398
          ],
          [
            -73.93716,
            40.83952
          ],
          [
            -73.93716,
            40.83952
          ],
          [
            -73.93716,
            40.83952
          ],
          [
            -73.93717,
            40.83951
          ],
          [
            -73.93721,
            40.83946
          ],
          [
            -73.93734,
            40.8393
          ],
          [
            -73.93735,
            40.83928
          ],
          [
            -73.93736,
            40.83927
          ],
          [
            -73.93739,
            40.83922
          ],
          [
            -73.93753,
            40.83902
          ],
          [
            -73.93756,
            40.83899
          ],
          [
            -73.93773,
            40.83874
          ],
          [
            -73.93775,
            40.83871
          ],
          [
            -73.93777,
            40.83868
          ],
          [
            -73.93783,
            40.83861
          ],
          [
            -73.93791,
            40.83849
          ],
          [
            -73.93805,
            40.8383
          ],
          [
            -73.93818,
            40.83812
          ],
          [
            -73.93827,
            40.838
          ],
          [
            -73.93835,
            40.83788
          ],
          [
            -73.9384,
            40.83782
          ],
          [
            -73.9386,
            40.83758
          ],
          [
            -73.9386,
            40.83758
          ],
          [
            -73.9386,
            40.83758
          ],
          [
            -73.93862,
            40.83755
          ],
          [
            -73.93881,
            40.8373
          ],
          [
            -73.93886,
            40.83724
          ],
          [
            -73.93889,
            40.83719
          ],
          [
            -73.93929,
            40.83664
          ],
          [
            -73.93934,
            40.83658
          ],
          [
            -73.93939,
            40.83651
          ],
          [
            -73.93956,
            40.83628
          ],
          [
            -73.93971,
            40.83607
          ],
          [
            -73.93981,
            40.83593
          ],
          [
            -73.93984,
            40.83589
          ],
          [
            -73.93988,
            40.83582
          ],
          [
            -73.93993,
            40.83576
          ],
          [
            -73.94006,
            40.83556
          ],
          [
            -73.9401,
            40.8355
          ],
          [
            -73.9401,
            40.8355
          ],
          [
            -73.9401,
            40.8355
          ],
          [
            -73.94016,
            40.83542
          ],
          [
            -73.9402,
            40.83536
          ],
          [
            -73.94024,
            40.8353
          ],
          [
            -73.94061,
            40.83479
          ],
          [
            -73.94065,
            40.83473
          ],
          [
            -73.94069,
            40.83467
          ],
          [
            -73.94106,
            40.83417
          ],
          [
            -73.94111,
            40.83411
          ],
          [
            -73.94115,
            40.83406
          ],
          [
            -73.94152,
            40.83355
          ],
          [
            -73.94157,
            40.83348
          ],
          [
            -73.94161,
            40.83343
          ],
          [
            -73.94169,
            40.83332
          ],
          [
            -73.94169,
            40.83332
          ],
          [
            -73.94169,
            40.83332
          ],
          [
            -73.94198,
            40.83292
          ],
          [
            -73.94201,
            40.83288
          ],
          [
            -73.94206,
            40.83281
          ],
          [
            -73.94244,
            40.83229
          ],
          [
            -73.94248,
            40.83223
          ],
          [
            -73.94252,
            40.83218
          ],
          [
            -73.94273,
            40.8319
          ],
          [
            -73.94273,
            40.8319
          ],
          [
            -73.94273,
            40.8319
          ],
          [
            -73.9429,
            40.83166
          ],
          [
            -73.94297,
            40.83157
          ],
          [
            -73.94305,
            40.83146
          ],
          [
            -73.94342,
            40.83095
          ],
          [
            -73.94346,
            40.83089
          ],
          [
            -73.9435,
            40.83084
          ],
          [
            -73.94388,
            40.83032
          ],
          [
            -73.94391,
            40.83027
          ],
          [
            -73.94396,
            40.83021
          ],
          [
            -73.94409,
            40.83003
          ],
          [
            -73.94433,
            40.8297
          ],
          [
            -73.94437,
            40.82964
          ],
          [
            -73.94441,
            40.82959
          ],
          [
            -73.9448,
            40.82906
          ],
          [
            -73.94483,
            40.82902
          ],
          [
            -73.94487,
            40.82897
          ],
          [
            -73.945,
            40.82878
          ],
          [
            -73.94509,
            40.82866
          ],
          [
            -73.94511,
            40.82863
          ],
          [
            -73.94524,
            40.82846
          ],
          [
            -73.94528,
            40.8284
          ],
          [
            -73.94532,
            40.82835
          ],
          [
            -73.94569,
            40.82784
          ],
          [
            -73.94573,
            40.82778
          ],
          [
            -73.94577,
            40.82773
          ],
          [
            -73.94615,
            40.82721
          ],
          [
            -73.94619,
            40.82715
          ],
          [
            -73.94623,
            40.8271
          ],
          [
            -73.94639,
            40.82688
          ],
          [
            -73.94639,
            40.82688
          ],
          [
            -73.94639,
            40.82688
          ],
          [
            -73.94661,
            40.82659
          ],
          [
            -73.94665,
            40.82653
          ],
          [
            -73.94669,
            40.82648
          ],
          [
            -73.94706,
            40.82596
          ],
          [
            -73.94711,
            40.8259
          ],
          [
            -73.94714,
            40.82585
          ],
          [
            -73.94752,
            40.82534
          ],
          [
            -73.9476,
            40.82524
          ],
          [
            -73.94767,
            40.82514
          ],
          [
            -73.94782,
            40.82492
          ],
          [
            -73.94782,
            40.82492
          ],
          [
            -73.94782,
            40.82492
          ],
          [
            -73.94804,
            40.82462
          ],
          [
            -73.94809,
            40.82455
          ],
          [
            -73.94812,
            40.82451
          ],
          [
            -73.9485,
            40.82399
          ],
          [
            -73.94854,
            40.82394
          ],
          [
            -73.94858,
            40.82389
          ],
          [
            -73.94879,
            40.8236
          ],
          [
            -73.94879,
            40.8236
          ],
          [
            -73.94879,
            40.8236
          ],
          [
            -73.94895,
            40.82337
          ],
          [
            -73.94899,
            40.82332
          ],
          [
            -73.94904,
            40.82326
          ],
          [
            -73.94941,
            40.82275
          ],
          [
            -73.94946,
            40.82268
          ],
          [
            -73.9495,
            40.82263
          ],
          [
            -73.94986,
            40.82213
          ],
          [
            -73.94991,
            40.82206
          ],
          [
            -73.94995,
            40.82201
          ],
          [
            -73.95018,
            40.82169
          ],
          [
            -73.95018,
            40.82169
          ],
          [
            -73.95018,
            40.82169
          ],
          [
            -73.95032,
            40.82151
          ],
          [
            -73.95036,
            40.82144
          ],
          [
            -73.9504,
            40.82139
          ],
          [
            -73.95078,
            40.82087
          ],
          [
            -73.95081,
            40.82082
          ],
          [
            -73.95087,
            40.82075
          ],
          [
            -73.9513,
            40.82016
          ],
          [
            -73.95168,
            40.81964
          ],
          [
            -73.95173,
            40.81957
          ],
          [
            -73.95178,
            40.81951
          ],
          [
            -73.95216,
            40.81901
          ],
          [
            -73.95217,
            40.81899
          ],
          [
            -73.95221,
            40.81893
          ],
          [
            -73.95226,
            40.81887
          ],
          [
            -73.95227,
            40.81886
          ],
          [
            -73.95244,
            40.81861
          ],
          [
            -73.95247,
            40.81858
          ],
          [
            -73.95247,
            40.81858
          ],
          [
            -73.95247,
            40.81858
          ],
          [
            -73.95269,
            40.81827
          ],
          [
            -73.95272,
            40.81823
          ],
          [
            -73.95277,
            40.81817
          ],
          [
            -73.95295,
            40.81792
          ],
          [
            -73.95312,
            40.81767
          ],
          [
            -73.95318,
            40.81759
          ],
          [
            -73.95322,
            40.81753
          ],
          [
            -73.95379,
            40.81676
          ],
          [
            -73.95402,
            40.81643
          ],
          [
            -73.95408,
            40.81636
          ],
          [
            -73.95411,
            40.81631
          ],
          [
            -73.95436,
            40.81598
          ],
          [
            -73.95436,
            40.81598
          ],
          [
            -73.95436,
            40.81598
          ],
          [
            -73.9545,
            40.81579
          ],
          [
            -73.95454,
            40.81574
          ],
          [
            -73.95458,
            40.81569
          ],
          [
            -73.95466,
            40.81558
          ],
          [
            -73.95495,
            40.81517
          ],
          [
            -73.955,
            40.81511
          ],
          [
            -73.95504,
            40.81506
          ],
          [
            -73.95519,
            40.81484
          ],
          [
            -73.95519,
            40.81484
          ],
          [
            -73.95519,
            40.81484
          ],
          [
            -73.95524,
            40.81477
          ],
          [
            -73.9554,
            40.81454
          ],
          [
            -73.95544,
            40.81448
          ],
          [
            -73.95549,
            40.81442
          ],
          [
            -73.95565,
            40.81421
          ],
          [
            -73.9557,
            40.81414
          ],
          [
            -73.95576,
            40.81406
          ],
          [
            -73.95579,
            40.81402
          ],
          [
            -73.9561,
            40.81362
          ],
          [
            -73.95618,
            40.8135
          ],
          [
            -73.95627,
            40.81338
          ],
          [
            -73.95627,
            40.81338
          ],
          [
            -73.95618,
            40.81328
          ],
          [
            -73.95574,
            40.81276
          ],
          [
            -73.95563,
            40.81264
          ],
          [
            -73.95563,
            40.81264
          ],
          [
            -73.95563,
            40.81264
          ],
          [
            -73.95528,
            40.81223
          ],
          [
            -73.95522,
            40.81216
          ],
          [
            -73.95509,
            40.81201
          ],
          [
            -73.955,
            40.81192
          ],
          [
            -73.955,
            40.81191
          ],
          [
            -73.95497,
            40.81188
          ],
          [
            -73.95489,
            40.8118
          ],
          [
            -73.95483,
            40.81173
          ],
          [
            -73.9548,
            40.81171
          ],
          [
            -73.95475,
            40.81168
          ],
          [
            -73.95469,
            40.81166
          ],
          [
            -73.95416,
            40.81143
          ],
          [
            -73.95416,
            40.81143
          ],
          [
            -73.95416,
            40.81143
          ],
          [
            -73.95414,
            40.81142
          ],
          [
            -73.95401,
            40.81137
          ],
          [
            -73.95389,
            40.81132
          ],
          [
            -73.95358,
            40.81118
          ],
          [
            -73.95317,
            40.81101
          ],
          [
            -73.95273,
            40.81083
          ],
          [
            -73.95259,
            40.81077
          ],
          [
            -73.95246,
            40.81071
          ],
          [
            -73.95219,
            40.8106
          ],
          [
            -73.95188,
            40.81047
          ],
          [
            -73.95177,
            40.81042
          ],
          [
            -73.95177,
            40.81042
          ],
          [
            -73.95177,
            40.81042
          ],
          [
            -73.95176,
            40.81042
          ],
          [
            -73.95131,
            40.81023
          ],
          [
            -73.95118,
            40.81018
          ],
          [
            -73.95105,
            40.81012
          ],
          [
            -73.95067,
            40.80996
          ],
          [
            -73.95067,
            40.80996
          ],
          [
            -73.95067,
            40.80996
          ],
          [
            -73.94987,
            40.80962
          ],
          [
            -73.94979,
            40.80959
          ],
          [
            -73.94973,
            40.80957
          ],
          [
            -73.94853,
            40.80906
          ],
          [
            -73.9484,
            40.80901
          ],
          [
            -73.94825,
            40.80894
          ],
          [
            -73.94813,
            40.80889
          ],
          [
            -73.94801,
            40.80884
          ],
          [
            -73.94769,
            40.80871
          ],
          [
            -73.94696,
            40.8084
          ],
          [
            -73.94691,
            40.80838
          ],
          [
            -73.94686,
            40.80836
          ],
          [
            -73.94567,
            40.80785
          ],
          [
            -73.94557,
            40.80781
          ],
          [
            -73.94541,
            40.80775
          ],
          [
            -73.94533,
            40.80771
          ],
          [
            -73.94499,
            40.80757
          ],
          [
            -73.94499,
            40.80757
          ],
          [
            -73.94499,
            40.80757
          ],
          [
            -73.94481,
            40.80749
          ],
          [
            -73.94425,
            40.80726
          ],
          [
            -73.94389,
            40.8071
          ],
          [
            -73.94383,
            40.80708
          ],
          [
            -73.94378,
            40.80706
          ],
          [
            -73.94269,
            40.8066
          ],
          [
            -73.9426,
            40.80656
          ],
          [
            -73.94237,
            40.80646
          ],
          [
            -73.94227,
            40.80642
          ],
          [
            -73.94217,
            40.80638
          ],
          [
            -73.94191,
            40.80627
          ],
          [
            -73.94183,
            40.80624
          ],
          [
            -73.941,
            40.80589
          ],
          [
            -73.94076,
            40.80579
          ],
          [
            -73.94064,
            40.80574
          ],
          [
            -73.94055,
            40.8057
          ],
          [
            -73.94027,
            40.80558
          ],
          [
            -73.94027,
            40.80558
          ],
          [
            -73.94027,
            40.80558
          ],
          [
            -73.94013,
            40.80552
          ],
          [
            -73.9397,
            40.80534
          ],
          [
            -73.93924,
            40.80515
          ],
          [
            -73.93918,
            40.80512
          ],
          [
            -73.93904,
            40.80506
          ],
          [
            -73.93889,
            40.805
          ],
          [
            -73.93885,
            40.80498
          ],
          [
            -73.93858,
            40.80487
          ],
          [
            -73.93855,
            40.80485
          ],
          [
            -73.93855,
            40.80485
          ],
          [
            -73.93855,
            40.80485
          ],
          [
            -73.93788,
            40.80457
          ],
          [
            -73.93753,
            40.80442
          ],
          [
            -73.93743,
            40.80438
          ],
          [
            -73.93743,
            40.80438
          ],
          [
            -73.93749,
            40.8043
          ],
          [
            -73.9378,
            40.80387
          ],
          [
            -73.9378,
            40.80387
          ],
          [
            -73.9378,
            40.80387
          ],
          [
            -73.93785,
            40.8038
          ],
          [
            -73.93788,
            40.80377
          ],
          [
            -73.93792,
            40.80371
          ],
          [
            -73.93796,
            40.80365
          ],
          [
            -73.93834,
            40.80314
          ],
          [
            -73.93838,
            40.80308
          ],
          [
            -73.93842,
            40.80302
          ],
          [
            -73.9388,
            40.80251
          ],
          [
            -73.93884,
            40.80245
          ],
          [
            -73.93888,
            40.8024
          ],
          [
            -73.93908,
            40.80212
          ],
          [
            -73.93911,
            40.80208
          ],
          [
            -73.93911,
            40.80208
          ],
          [
            -73.93911,
            40.80208
          ],
          [
            -73.93926,
            40.80187
          ],
          [
            -73.9393,
            40.80182
          ],
          [
            -73.93933,
            40.80177
          ],
          [
            -73.93971,
            40.80125
          ],
          [
            -73.93976,
            40.80119
          ],
          [
            -73.9398,
            40.80113
          ],
          [
            -73.94017,
            40.80062
          ],
          [
            -73.94021,
            40.80057
          ],
          [
            -73.94026,
            40.80051
          ],
          [
            -73.94049,
            40.80019
          ],
          [
            -73.94063,
            40.8
          ],
          [
            -73.94067,
            40.79994
          ],
          [
            -73.94071,
            40.79988
          ],
          [
            -73.9411,
            40.79936
          ],
          [
            -73.94113,
            40.79931
          ],
          [
            -73.94117,
            40.79926
          ],
          [
            -73.94155,
            40.79873
          ],
          [
            -73.94162,
            40.79863
          ],
          [
            -73.94169,
            40.79854
          ],
          [
            -73.94197,
            40.79816
          ],
          [
            -73.94199,
            40.79814
          ],
          [
            -73.94199,
            40.79814
          ],
          [
            -73.94199,
            40.79814
          ],
          [
            -73.94208,
            40.79801
          ],
          [
            -73.94212,
            40.79795
          ],
          [
            -73.94217,
            40.79789
          ],
          [
            -73.94254,
            40.79738
          ],
          [
            -73.943,
            40.79675
          ],
          [
            -73.94306,
            40.79667
          ],
          [
            -73.94344,
            40.79615
          ],
          [
            -73.94349,
            40.79608
          ],
          [
            -73.94354,
            40.79602
          ],
          [
            -73.94391,
            40.7955
          ],
          [
            -73.94395,
            40.79545
          ],
          [
            -73.944,
            40.79538
          ],
          [
            -73.94437,
            40.79487
          ],
          [
            -73.94442,
            40.79481
          ],
          [
            -73.94445,
            40.79476
          ],
          [
            -73.94462,
            40.79453
          ],
          [
            -73.94462,
            40.79453
          ],
          [
            -73.94462,
            40.79453
          ],
          [
            -73.94471,
            40.7944
          ],
          [
            -73.94483,
            40.79424
          ],
          [
            -73.94487,
            40.79418
          ],
          [
            -73.94491,
            40.79413
          ],
          [
            -73.94529,
            40.79362
          ],
          [
            -73.94533,
            40.79356
          ],
          [
            -73.94537,
            40.7935
          ],
          [
            -73.94575,
            40.79299
          ],
          [
            -73.94579,
            40.79293
          ],
          [
            -73.94583,
            40.79288
          ],
          [
            -73.94622,
            40.79235
          ],
          [
            -73.94629,
            40.79225
          ],
          [
            -73.94636,
            40.79216
          ],
          [
            -73.9465,
            40.79195
          ],
          [
            -73.94655,
            40.79188
          ],
          [
            -73.94655,
            40.79188
          ],
          [
            -73.94655,
            40.79188
          ],
          [
            -73.94674,
            40.79163
          ],
          [
            -73.94678,
            40.79158
          ],
          [
            -73.94682,
            40.79152
          ],
          [
            -73.94719,
            40.791
          ],
          [
            -73.94723,
            40.79095
          ],
          [
            -73.94727,
            40.79089
          ],
          [
            -73.94751,
            40.79057
          ],
          [
            -73.94752,
            40.79056
          ],
          [
            -73.94752,
            40.79056
          ],
          [
            -73.94752,
            40.79056
          ],
          [
            -73.94765,
            40.79038
          ],
          [
            -73.94769,
            40.79032
          ],
          [
            -73.94773,
            40.79027
          ],
          [
            -73.94811,
            40.78975
          ],
          [
            -73.94816,
            40.78969
          ],
          [
            -73.94819,
            40.78964
          ],
          [
            -73.94824,
            40.78957
          ],
          [
            -73.94835,
            40.78942
          ],
          [
            -73.9484,
            40.78935
          ],
          [
            -73.94857,
            40.78912
          ],
          [
            -73.94861,
            40.78906
          ],
          [
            -73.94865,
            40.78901
          ],
          [
            -73.94896,
            40.78857
          ],
          [
            -73.94903,
            40.78849
          ],
          [
            -73.94907,
            40.78843
          ],
          [
            -73.9491,
            40.78838
          ],
          [
            -73.94922,
            40.78821
          ],
          [
            -73.94929,
            40.78812
          ],
          [
            -73.94942,
            40.78797
          ],
          [
            -73.94949,
            40.78787
          ],
          [
            -73.94953,
            40.78781
          ],
          [
            -73.94956,
            40.78775
          ],
          [
            -73.94963,
            40.78766
          ],
          [
            -73.94987,
            40.78733
          ],
          [
            -73.94993,
            40.78725
          ],
          [
            -73.94993,
            40.78725
          ],
          [
            -73.94993,
            40.78725
          ],
          [
            -73.94994,
            40.78723
          ],
          [
            -73.94998,
            40.78718
          ],
          [
            -73.95002,
            40.78712
          ],
          [
            -73.9504,
            40.7866
          ],
          [
            -73.95044,
            40.78655
          ],
          [
            -73.95047,
            40.7865
          ],
          [
            -73.95086,
            40.78597
          ],
          [
            -73.95093,
            40.78588
          ],
          [
            -73.95101,
            40.78577
          ],
          [
            -73.95125,
            40.78545
          ],
          [
            -73.95125,
            40.78545
          ],
          [
            -73.95125,
            40.78545
          ],
          [
            -73.95139,
            40.78526
          ],
          [
            -73.95143,
            40.7852
          ],
          [
            -73.95147,
            40.78515
          ],
          [
            -73.95185,
            40.78463
          ],
          [
            -73.95189,
            40.78457
          ],
          [
            -73.95193,
            40.78451
          ],
          [
            -73.95231,
            40.784
          ],
          [
            -73.95235,
            40.78394
          ],
          [
            -73.95238,
            40.78389
          ],
          [
            -73.95276,
            40.78337
          ],
          [
            -73.95281,
            40.78331
          ],
          [
            -73.95284,
            40.78326
          ],
          [
            -73.95322,
            40.78275
          ],
          [
            -73.95326,
            40.78269
          ],
          [
            -73.9533,
            40.78263
          ],
          [
            -73.95368,
            40.78212
          ],
          [
            -73.95372,
            40.78206
          ],
          [
            -73.95376,
            40.782
          ],
          [
            -73.95414,
            40.78149
          ],
          [
            -73.95418,
            40.78143
          ],
          [
            -73.95422,
            40.78138
          ],
          [
            -73.95433,
            40.78123
          ],
          [
            -73.95459,
            40.78086
          ],
          [
            -73.95463,
            40.78081
          ],
          [
            -73.95468,
            40.78075
          ],
          [
            -73.95484,
            40.78052
          ],
          [
            -73.95505,
            40.78024
          ],
          [
            -73.95509,
            40.78018
          ],
          [
            -73.95514,
            40.78012
          ],
          [
            -73.95531,
            40.77988
          ],
          [
            -73.95552,
            40.7796
          ],
          [
            -73.95558,
            40.77951
          ],
          [
            -73.95566,
            40.77941
          ],
          [
            -73.95566,
            40.77939
          ],
          [
            -73.95566,
            40.77939
          ],
          [
            -73.95566,
            40.77939
          ],
          [
            -73.95602,
            40.77892
          ],
          [
            -73.95604,
            40.77888
          ],
          [
            -73.95608,
            40.77882
          ],
          [
            -73.95613,
            40.77876
          ],
          [
            -73.95651,
            40.77824
          ],
          [
            -73.95655,
            40.77819
          ],
          [
            -73.95659,
            40.77813
          ],
          [
            -73.95697,
            40.77761
          ],
          [
            -73.95701,
            40.77755
          ],
          [
            -73.95706,
            40.77749
          ],
          [
            -73.95722,
            40.77726
          ],
          [
            -73.95743,
            40.77697
          ],
          [
            -73.95747,
            40.77692
          ],
          [
            -73.95751,
            40.77686
          ],
          [
            -73.95789,
            40.77634
          ],
          [
            -73.95794,
            40.77628
          ],
          [
            -73.95798,
            40.77622
          ],
          [
            -73.95836,
            40.77571
          ],
          [
            -73.9584,
            40.77565
          ],
          [
            -73.95844,
            40.7756
          ],
          [
            -73.9586,
            40.77537
          ],
          [
            -73.95883,
            40.77506
          ],
          [
            -73.9589,
            40.77497
          ],
          [
            -73.95896,
            40.77488
          ],
          [
            -73.95896,
            40.77488
          ]
        ]
      }
    }
  ]
}