{
  "type": "FeatureCollection",
  "features": [
    {
      "type": "Feature",
      "properties": {
        "route_id": "Q58-W-Morning",
        "layer": "T1 Original"
      },
      "geometry": {
        "type": "LineString",
        "coordinates": [
          [
            -73.82933,
            40.75743
          ],
          [
            -73.82927,
            40.75746
          ],
          [
            -73.82913,
            40.75752
          ],
          [
            -73.82913,
            40.75752
          ],
          [
            -73.8291,
            40.75744
          ],
          [
            -73.8289,
            40.75696
          ],
          [
            -73.82881,
            40.75674
          ],
          [
            -73.82879,
            40.75667
          ],
          [
            -73.82879,
            40.75667
          ],
          [
            -73.82892,
            40.75661
          ],
          [
            -73.82932,
            40.75642
          ],
          [
            -73.82972,
            40.75624
          ],
          [
            -73.83068,
            40.75579
          ],
          [
            -73.83076,
            40.75575
          ],
          [
            -73.83083,
            40.75572
          ],
          [
            -73.83144,
            40.75543
          ],
          [
            -73.83157,
            40.75538
          ],
          [
            -73.83278,
            40.75479
          ],
          [
            -73.83293,
            40.75473
          ],
          [
            -73.83296,
            40.75471
          ],
          [
            -73.83306,
            40.75469
          ],
          [
            -73.83306,
            40.75469
          ],
          [
            -73.83318,
            40.75467
          ],
          [
            -73.83316,
            40.7546
          ],
          [
            -73.83308,
            40.75434
          ],
          [
            -73.83308,
            40.75434
          ],
          [
            -73.83308,
            40.75434
          ],
          [
            -73.83304,
            40.75421
          ],
          [
            -73.83292,
            40.75382
          ],
          [
            -73.8329,
            40.75378
          ],
          [
            -73.83288,
            40.75371
          ],
          [
            -73.83287,
            40.75367
          ],
          [
            -73.83279,
            40.75342
          ],
          [
            -73.83276,
            40.75328
          ],
          [
            -73.83271,
            40.75315
          ],
          [
            -73.83268,
            40.75302
          ],
          [
            -73.83266,
            40.75297
          ],
          [
            -73.83251,
            40.75247
          ],
          [
            -73.83249,
            40.75239
          ],
          [
            -73.83247,
            40.75232
          ],
          [
            -73.83245,
            40.75227
          ],
          [
            -73.83238,
            40.752
          ],
          [
            -73.83235,
            40.75193
          ],
          [
            -73.83232,
            40.75173
          ],
          [
            -73.83233,
            40.75158
          ],
          [
            -73.83235,
            40.75148
          ],
          [
            -73.83243,
            40.75113
          ],
          [
            -73.83272,
            40.74993
          ],
          [
            -73.83307,
            40.74842
          ],
          [
            -73.83309,
            40.74835
          ],
          [
            -73.83311,
            40.74828
          ],
          [
            -73.83314,
            40.74822
          ],
          [
            -73.83317,
            40.74817
          ],
          [
            -73.83319,
            40.74813
          ],
          [
            -73.83324,
            40.74807
          ],
          [
            -73.8333,
            40.74802
          ],
          [
            -73.83338,
            40.74796
          ],
          [
            -73.83346,
            40.74791
          ],
          [
            -73.83406,
            40.74754
          ],
          [
            -73.8342,
            40.74746
          ],
          [
            -73.83424,
            40.74743
          ],
          [
            -73.83432,
            40.74738
          ],
          [
            -73.83439,
            40.74733
          ],
          [
            -73.83446,
            40.74727
          ],
          [
            -73.83452,
            40.74721
          ],
          [
            -73.83458,
            40.74715
          ],
          [
            -73.83464,
            40.74709
          ],
          [
            -73.83469,
            40.74702
          ],
          [
            -73.83472,
            40.74698
          ],
          [
            -73.83476,
            40.74691
          ],
          [
            -73.83479,
            40.74686
          ],
          [
            -73.83481,
            40.74682
          ],
          [
            -73.83526,
            40.74599
          ],
          [
            -73.83526,
            40.74599
          ],
          [
            -73.83526,
            40.74599
          ],
          [
            -73.83546,
            40.74563
          ],
          [
            -73.8355,
            40.74556
          ],
          [
            -73.8355,
            40.74556
          ],
          [
            -73.83537,
            40.74552
          ],
          [
            -73.835,
            40.7462
          ],
          [
            -73.83467,
            40.7468
          ],
          [
            -73.83465,
            40.74684
          ],
          [
            -73.83462,
            40.74688
          ],
          [
            -73.83458,
            40.74695
          ],
          [
            -73.83456,
            40.74697
          ],
          [
            -73.8345,
            40.74706
          ],
          [
            -73.83444,
            40.74712
          ],
          [
            -73.83437,
            40.74718
          ],
          [
            -73.83429,
            40.74725
          ],
          [
            -73.8342,
            40.74731
          ],
          [
            -73.8341,
            40.74738
          ],
          [
            -73.83398,
            40.74745
          ],
          [
            -73.83358,
            40.74769
          ],
          [
            -73.83337,
            40.74783
          ],
          [
            -73.83326,
            40.7479
          ],
          [
            -73.83322,
            40.74793
          ],
          [
            -73.83317,
            40.74797
          ],
          [
            -73.83312,
            40.74801
          ],
          [
            -73.83309,
            40.74804
          ],
          [
            -73.83306,
            40.74808
          ],
          [
            -73.83303,
            40.74813
          ],
          [
            -73.833,
            40.74819
          ],
          [
            -73.83298,
            40.74824
          ],
          [
            -73.83296,
            40.74831
          ],
          [
            -73.83294,
            40.74841
          ],
          [
            -73.83273,
            40.74925
          ],
          [
            -73.8327,
            40.74938
          ],
          [
            -73.83258,
            40.74991
          ],
          [
            -73.8322,
            40.75145
          ],
          [
            -73.83218,
            40.75155
          ],
          [
            -73.83217,
            40.75163
          ],
          [
            -73.83217,
            40.75172
          ],
          [
            -73.8322,
            40.75187
          ],
          [
            -73.83221,
            40.75195
          ],
          [
            -73.83224,
            40.75203
          ],
          [
            -73.83226,
            40.75211
          ],
          [
            -73.83229,
            40.75222
          ],
          [
            -73.83232,
            40.75232
          ],
          [
            -73.83234,
            40.75238
          ],
          [
            -73.83234,
            40.75238
          ],
          [
            -73.83249,
            40.75239
          ],
          [
            -73.83247,
            40.75232
          ],
          [
            -73.83245,
            40.75227
          ],
          [
            -73.83238,
            40.752
          ],
          [
            -73.83238,
            40.752
          ],
          [
            -73.83238,
            40.752
          ],
          [
            -73.83235,
            40.75193
          ],
          [
            -73.83232,
            40.75173
          ],
          [
            -73.83233,
            40.75158
          ],
          [
            -73.83235,
            40.75148
          ],
          [
            -73.83243,
            40.75113
          ],
          [
            -73.83272,
            40.74993
          ],
          [
            -73.83307,
            40.74842
          ],
          [
            -73.83309,
            40.74835
          ],
          [
            -73.83311,
            40.74828
          ],
          [
            -73.83314,
            40.74822
          ],
          [
            -73.83317,
            40.74817
          ],
          [
            -73.83319,
            40.74813
          ],
          [
            -73.83324,
            40.74807
          ],
          [
            -73.8333,
            40.74802
          ],
          [
            -73.83338,
            40.74796
          ],
          [
            -73.83346,
            40.74791
          ],
          [
            -73.83406,
            40.74754
          ],
          [
            -73.8342,
            40.74746
          ],
          [
            -73.83424,
            40.74743
          ],
          [
            -73.83432,
            40.74738
          ],
          [
            -73.83439,
            40.74733
          ],
          [
            -73.83446,
            40.74727
          ],
          [
            -73.83452,
            40.74721
          ],
          [
            -73.83458,
            40.74715
          ],
          [
            -73.83464,
            40.74709
          ],
          [
            -73.83469,
            40.74702
          ],
          [
            -73.83472,
            40.74698
          ],
          [
            -73.83476,
            40.74691
          ],
          [
            -73.83479,
            40.74686
          ],
          [
            -73.83481,
            40.74682
          ],
          [
            -73.83491,
            40.74664
          ],
          [
            -73.83491,
            40.74664
          ],
          [
            -73.83491,
            40.74664
          ],
          [
            -73.83546,
            40.74563
          ],
          [
            -73.8355,
            40.74556
          ],
          [
            -73.83559,
            40.7454
          ],
          [
            -73.83564,
            40.74531
          ],
          [
            -73.83569,
            40.74523
          ],
          [
            -73.83574,
            40.74516
          ],
          [
            -73.83579,
            40.74509
          ],
          [
            -73.83584,
            40.74503
          ],
          [
            -73.83591,
            40.74496
          ],
          [
            -73.83592,
            40.74495
          ],
          [
            -73.83598,
            40.74489
          ],
          [
            -73.83602,
            40.74486
          ],
          [
            -73.83604,
            40.74483
          ],
          [
            -73.83607,
            40.74482
          ],
          [
            -73.83616,
            40.74475
          ],
          [
            -73.83626,
            40.74469
          ],
          [
            -73.83636,
            40.74463
          ],
          [
            -73.83664,
            40.74447
          ],
          [
            -73.83675,
            40.7444
          ],
          [
            -73.83685,
            40.74433
          ],
          [
            -73.83694,
            40.74427
          ],
          [
            -73.83705,
            40.74418
          ],
          [
            -73.83709,
            40.74415
          ],
          [
            -73.83715,
            40.74409
          ],
          [
            -73.8372,
            40.74402
          ],
          [
            -73.8372,
            40.74402
          ],
          [
            -73.83729,
            40.74403
          ],
          [
            -73.83745,
            40.74404
          ],
          [
            -73.83761,
            40.74404
          ],
          [
            -73.83849,
            40.74407
          ],
          [
            -73.83858,
            40.74407
          ],
          [
            -73.83867,
            40.74407
          ],
          [
            -73.83875,
            40.74406
          ],
          [
            -73.83882,
            40.74405
          ],
          [
            -73.8389,
            40.74403
          ],
          [
            -73.83901,
            40.744
          ],
          [
            -73.83909,
            40.74397
          ],
          [
            -73.83916,
            40.74393
          ],
          [
            -73.83924,
            40.74389
          ],
          [
            -73.8393,
            40.74385
          ],
          [
            -73.84117,
            40.74249
          ],
          [
            -73.84139,
            40.74233
          ],
          [
            -73.84159,
            40.7422
          ],
          [
            -73.84183,
            40.74206
          ],
          [
            -73.84206,
            40.74193
          ],
          [
            -73.84231,
            40.7418
          ],
          [
            -73.84255,
            40.74166
          ],
          [
            -73.84276,
            40.74156
          ],
          [
            -73.84296,
            40.74146
          ],
          [
            -73.84386,
            40.74103
          ],
          [
            -73.84422,
            40.74085
          ],
          [
            -73.84458,
            40.74066
          ],
          [
            -73.84494,
            40.74048
          ],
          [
            -73.84502,
            40.74045
          ],
          [
            -73.84532,
            40.74032
          ],
          [
            -73.84582,
            40.74009
          ],
          [
            -73.8461,
            40.73993
          ],
          [
            -73.84668,
            40.73968
          ],
          [
            -73.84668,
            40.73968
          ],
          [
            -73.84715,
            40.7395
          ],
          [
            -73.84722,
            40.73947
          ],
          [
            -73.84731,
            40.73944
          ],
          [
            -73.8474,
            40.73941
          ],
          [
            -73.84781,
            40.73928
          ],
          [
            -73.84793,
            40.73924
          ],
          [
            -73.84804,
            40.73919
          ],
          [
            -73.84813,
            40.73915
          ],
          [
            -73.84821,
            40.7391
          ],
          [
            -73.8483,
            40.73905
          ],
          [
            -73.84869,
            40.73877
          ],
          [
            -73.84892,
            40.73865
          ],
          [
            -73.84902,
            40.73861
          ],
          [
            -73.84917,
            40.73855
          ],
          [
            -73.84931,
            40.73851
          ],
          [
            -73.84991,
            40.73833
          ],
          [
            -73.85085,
            40.73805
          ],
          [
            -73.85096,
            40.73802
          ],
          [
            -73.85115,
            40.73796
          ],
          [
            -73.85183,
            40.73774
          ],
          [
            -73.85183,
            40.73774
          ],
          [
            -73.85183,
            40.73774
          ],
          [
            -73.85186,
            40.73773
          ],
          [
            -73.85193,
            40.73771
          ],
          [
            -73.85204,
            40.73769
          ],
          [
            -73.85204,
            40.73769
          ],
          [
            -73.85208,
            40.73776
          ],
          [
            -73.85209,
            40.73778
          ],
          [
            -73.85212,
            40.73784
          ],
          [
            -73.85218,
            40.73795
          ],
          [
            -73.8522,
            40.73799
          ],
          [
            -73.85224,
            40.73808
          ],
          [
            -73.85225,
            40.7381
          ],
          [
            -73.85242,
            40.73841
          ],
          [
            -73.85276,
            40.73908
          ],
          [
            -73.85282,
            40.73921
          ],
          [
            -73.85287,
            40.73929
          ],
          [
            -73.85291,
            40.73938
          ],
          [
            -73.85297,
            40.73951
          ],
          [
            -73.85306,
            40.73969
          ],
          [
            -73.85329,
            40.7401
          ],
          [
            -73.85334,
            40.74019
          ],
          [
            -73.85339,
            40.74027
          ],
          [
            -73.85369,
            40.74089
          ],
          [
            -73.85371,
            40.74093
          ],
          [
            -73.85379,
            40.74109
          ],
          [
            -73.85386,
            40.74122
          ],
          [
            -73.85387,
            40.74125
          ],
          [
            -73.85429,
            40.74204
          ],
          [
            -73.85433,
            40.7421
          ],
          [
            -73.85436,
            40.74216
          ],
          [
            -73.85437,
            40.7422
          ],
          [
            -73.85446,
            40.74236
          ],
          [
            -73.85447,
            40.74239
          ],
          [
            -73.8545,
            40.74244
          ],
          [
            -73.85457,
            40.74258
          ],
          [
            -73.85458,
            40.74261
          ],
          [
            -73.85463,
            40.74268
          ],
          [
            -73.85467,
            40.74275
          ],
          [
            -73.85468,
            40.74278
          ],
          [
            -73.85471,
            40.74283
          ],
          [
            -73.85491,
            40.74321
          ],
          [
            -73.85492,
            40.74325
          ],
          [
            -73.85496,
            40.74331
          ],
          [
            -73.85496,
            40.74331
          ],
          [
            -73.85522,
            40.74338
          ],
          [
            -73.85575,
            40.74356
          ],
          [
            -73.85587,
            40.7436
          ],
          [
            -73.85589,
            40.74361
          ],
          [
            -73.85589,
            40.74361
          ],
          [
            -73.85589,
            40.74361
          ],
          [
            -73.85587,
            40.7436
          ],
          [
            -73.85575,
            40.74356
          ],
          [
            -73.85522,
            40.74338
          ],
          [
            -73.85496,
            40.74331
          ],
          [
            -73.85496,
            40.74331
          ],
          [
            -73.85492,
            40.74325
          ],
          [
            -73.85491,
            40.74321
          ],
          [
            -73.85471,
            40.74283
          ],
          [
            -73.85468,
            40.74278
          ],
          [
            -73.85467,
            40.74275
          ],
          [
            -73.85463,
            40.74268
          ],
          [
            -73.85458,
            40.74261
          ],
          [
            -73.85457,
            40.74258
          ],
          [
            -73.8545,
            40.74244
          ],
          [
            -73.85447,
            40.74239
          ],
          [
            -73.85446,
            40.74236
          ],
          [
            -73.85437,
            40.7422
          ],
          [
            -73.85436,
            40.74216
          ],
          [
            -73.85433,
            40.7421
          ],
          [
            -73.85429,
            40.74204
          ],
          [
            -73.85387,
            40.74125
          ],
          [
            -73.85386,
            40.74122
          ],
          [
            -73.85379,
            40.74109
          ],
          [
            -73.85371,
            40.74093
          ],
          [
            -73.85369,
            40.74089
          ],
          [
            -73.85339,
            40.74027
          ],
          [
            -73.85334,
            40.74019
          ],
          [
            -73.85329,
            40.7401
          ],
          [
            -73.85306,
            40.73969
          ],
          [
            -73.85297,
            40.73951
          ],
          [
            -73.85291,
            40.73938
          ],
          [
            -73.85287,
            40.73929
          ],
          [
            -73.85282,
            40.73921
          ],
          [
            -73.85276,
            40.73908
          ],
          [
            -73.85242,
            40.73841
          ],
          [
            -73.85225,
            40.7381
          ],
          [
            -73.85224,
            40.73808
          ],
          [
            -73.8522,
            40.73799
          ],
          [
            -73.85218,
            40.73795
          ],
          [
            -73.85212,
            40.73784
          ],
          [
            -73.85209,
            40.73778
          ],
          [
            -73.85208,
            40.73776
          ],
          [
            -73.85204,
            40.73769
          ],
          [
            -73.85198,
            40.73759
          ],
          [
            -73.85184,
            40.73731
          ],
          [
            -73.85179,
            40.7371
          ],
          [
            -73.85174,
            40.73698
          ],
          [
            -73.85174,
            40.73698
          ],
          [
            -73.85163,
            40.73702
          ],
          [
            -73.85157,
            40.73704
          ],
          [
            -73.85129,
            40.73713
          ],
          [
            -73.85093,
            40.73734
          ],
          [
            -73.84908,
            40.73801
          ],
          [
            -73.84877,
            40.73814
          ],
          [
            -73.84842,
            40.73831
          ],
          [
            -73.84816,
            40.73842
          ],
          [
            -73.84776,
            40.73861
          ],
          [
            -73.8476,
            40.73869
          ],
          [
            -73.84631,
            40.73932
          ],
          [
            -73.84598,
            40.73946
          ],
          [
            -73.84514,
            40.73987
          ],
          [
            -73.8449,
            40.74
          ],
          [
            -73.84389,
            40.74048
          ],
          [
            -73.84326,
            40.74077
          ],
          [
            -73.84288,
            40.74094
          ],
          [
            -73.84279,
            40.74098
          ],
          [
            -73.84184,
            40.74143
          ],
          [
            -73.8414,
            40.74163
          ],
          [
            -73.8414,
            40.74163
          ],
          [
            -73.84109,
            40.7418
          ],
          [
            -73.83976,
            40.74241
          ],
          [
            -73.83967,
            40.74245
          ],
          [
            -73.83957,
            40.74248
          ],
          [
            -73.83948,
            40.74252
          ],
          [
            -73.83937,
            40.74254
          ],
          [
            -73.83928,
            40.74255
          ],
          [
            -73.83917,
            40.74257
          ],
          [
            -73.83906,
            40.74257
          ],
          [
            -73.83894,
            40.74257
          ],
          [
            -73.83882,
            40.74256
          ],
          [
            -73.83872,
            40.74255
          ],
          [
            -73.83859,
            40.74252
          ],
          [
            -73.83821,
            40.74243
          ],
          [
            -73.83811,
            40.74241
          ],
          [
            -73.83801,
            40.74239
          ],
          [
            -73.83791,
            40.74238
          ],
          [
            -73.83782,
            40.74237
          ],
          [
            -73.8377,
            40.74237
          ],
          [
            -73.83759,
            40.74238
          ],
          [
            -73.83747,
            40.74239
          ],
          [
            -73.83737,
            40.74241
          ],
          [
            -73.83724,
            40.74244
          ],
          [
            -73.83706,
            40.74251
          ],
          [
            -73.83706,
            40.74251
          ],
          [
            -73.837,
            40.74254
          ],
          [
            -73.83693,
            40.74258
          ],
          [
            -73.83694,
            40.74262
          ],
          [
            -73.83696,
            40.74266
          ],
          [
            -73.83697,
            40.7427
          ],
          [
            -73.83704,
            40.74286
          ],
          [
            -73.83707,
            40.74294
          ],
          [
            -73.83708,
            40.74302
          ],
          [
            -73.8371,
            40.7431
          ],
          [
            -73.83715,
            40.74351
          ],
          [
            -73.83715,
            40.74359
          ],
          [
            -73.83715,
            40.74365
          ],
          [
            -73.83714,
            40.74371
          ],
          [
            -73.83713,
            40.74377
          ],
          [
            -73.83711,
            40.74382
          ],
          [
            -73.83707,
            40.74391
          ],
          [
            -73.83701,
            40.74399
          ],
          [
            -73.83694,
            40.74406
          ],
          [
            -73.83688,
            40.74412
          ],
          [
            -73.83681,
            40.74417
          ],
          [
            -73.83674,
            40.74423
          ],
          [
            -73.83666,
            40.74429
          ],
          [
            -73.83655,
            40.74436
          ],
          [
            -73.83625,
            40.74453
          ],
          [
            -73.83623,
            40.74454
          ],
          [
            -73.83615,
            40.74459
          ],
          [
            -73.83607,
            40.74464
          ],
          [
            -73.836,
            40.7447
          ],
          [
            -73.83598,
            40.74471
          ],
          [
            -73.83594,
            40.74475
          ],
          [
            -73.83594,
            40.74475
          ],
          [
            -73.83598,
            40.74489
          ],
          [
            -73.83602,
            40.74486
          ],
          [
            -73.83604,
            40.74483
          ],
          [
            -73.83607,
            40.74482
          ],
          [
            -73.83616,
            40.74475
          ],
          [
            -73.83621,
            40.74472
          ],
          [
            -73.83621,
            40.74472
          ],
          [
            -73.83621,
            40.74472
          ],
          [
            -73.83626,
            40.74469
          ],
          [
            -73.83636,
            40.74463
          ],
          [
            -73.83664,
            40.74447
          ],
          [
            -73.83675,
            40.7444
          ],
          [
            -73.83685,
            40.74433
          ],
          [
            -73.83694,
            40.74427
          ],
          [
            -73.83705,
            40.74418
          ],
          [
            -73.83709,
            40.74415
          ],
          [
            -73.83715,
            40.74409
          ],
          [
            -73.8372,
            40.74402
          ],
          [
            -73.8372,
            40.74402
          ],
          [
            -73.83729,
            40.74403
          ],
          [
            -73.83745,
            40.74404
          ],
          [
            -73.83761,
            40.74404
          ],
          [
            -73.83849,
            40.74407
          ],
          [
            -73.83858,
            40.74407
          ],
          [
            -73.83867,
            40.74407
          ],
          [
            -73.83875,
            40.74406
          ],
          [
            -73.83882,
            40.74405
          ],
          [
            -73.8389,
            40.74403
          ],
          [
            -73.83901,
            40.744
          ],
          [
            -73.83909,
            40.74397
          ],
          [
            -73.83916,
            40.74393
          ],
          [
            -73.83924,
            40.74389
          ],
          [
            -73.8393,
            40.74385
          ],
          [
            -73.84117,
            40.74249
          ],
          [
            -73.84139,
            40.74233
          ],
          [
            -73.84159,
            40.7422
          ],
          [
            -73.84183,
            40.74206
          ],
          [
            -73.84206,
            40.74193
          ],
          [
            -73.84231,
            40.7418
          ],
          [
            -73.84255,
            40.74166
          ],
          [
            -73.84276,
            40.74156
          ],
          [
            -73.84296,
            40.74146
          ],
          [
            -73.84386,
            40.74103
          ],
          [
            -73.84422,
            40.74085
          ],
          [
            -73.84458,
            40.74066
          ],
          [
            -73.84494,
            40.74048
          ],
          [
            -73.84502,
            40.74045
          ],
          [
            -73.84532,
            40.74032
          ],
          [
            -73.84582,
            40.74009
          ],
          [
            -73.8461,
            40.73993
          ],
          [
            -73.84668,
            40.73968
          ],
          [
            -73.84668,
            40.73968
          ],
          [
            -73.84715,
            40.7395
          ],
          [
            -73.84722,
            40.73947
          ],
          [
            -73.84731,
            40.73944
          ],
          [
            -73.8474,
            40.73941
          ],
          [
            -73.84781,
            40.73928
          ],
          [
            -73.84793,
            40.73924
          ],
          [
            -73.84804,
            40.73919
          ],
          [
            -73.84813,
            40.73915
          ],
          [
            -73.84821,
            40.7391
          ],
          [
            -73.8483,
            40.73905
          ],
          [
            -73.84869,
            40.73877
          ],
          [
            -73.84892,
            40.73865
          ],
          [
            -73.84902,
            40.73861
          ],
          [
            -73.84917,
            40.73855
          ],
          [
            -73.84931,
            40.73851
          ],
          [
            -73.84991,
            40.73833
          ],
          [
            -73.85085,
            40.73805
          ],
          [
            -73.85096,
            40.73802
          ],
          [
            -73.85115,
            40.73796
          ],
          [
            -73.85115,
            40.73796
          ],
          [
            -73.85126,
            40.73803
          ],
          [
            -73.8513,
            40.73806
          ],
          [
            -73.85142,
            40.7381
          ],
          [
            -73.85224,
            40.73836
          ],
          [
            -73.85228,
            40.73837
          ],
          [
            -73.85242,
            40.73841
          ],
          [
            -73.85242,
            40.73841
          ],
          [
            -73.85276,
            40.73908
          ],
          [
            -73.85282,
            40.73921
          ],
          [
            -73.85287,
            40.73929
          ],
          [
            -73.85291,
            40.73938
          ],
          [
            -73.85297,
            40.73951
          ],
          [
            -73.85306,
            40.73969
          ],
          [
            -73.85329,
            40.7401
          ],
          [
            -73.85334,
            40.74019
          ],
          [
            -73.85339,
            40.74027
          ],
          [
            -73.85369,
            40.74089
          ],
          [
            -73.85371,
            40.74093
          ],
          [
            -73.85379,
            40.74109
          ],
          [
            -73.85386,
            40.74122
          ],
          [
            -73.85387,
            40.74125
          ],
          [
            -73.85429,
            40.74204
          ],
          [
            -73.85433,
            40.7421
          ],
          [
            -73.85436,
            40.74216
          ],
          [
            -73.85437,
            40.7422
          ],
          [
            -73.85446,
            40.74236
          ],
          [
            -73.85447,
            40.74239
          ],
          [
            -73.8545,
            40.74244
          ],
          [
            -73.85457,
            40.74258
          ],
          [
            -73.85458,
            40.74261
          ],
          [
            -73.85463,
            40.74268
          ],
          [
            -73.85467,
            40.74275
          ],
          [
            -73.85468,
            40.74278
          ],
          [
            -73.85471,
            40.74283
          ],
          [
            -73.85491,
            40.74321
          ],
          [
            -73.85492,
            40.74325
          ],
          [
            -73.85496,
            40.74331
          ],
          [
            -73.85496,
            40.74331
          ],
          [
            -73.85522,
            40.74338
          ],
          [
            -73.85575,
            40.74356
          ],
          [
            -73.85587,
            40.7436
          ],
          [
            -73.85599,
            40.74364
          ],
          [
            -73.85607,
            40.74367
          ],
          [
            -73.85607,
            40.74367
          ],
          [
            -73.85614,
            40.7436
          ],
          [
            -73.85692,
            40.74318
          ],
          [
            -73.85692,
            40.74318
          ],
          [
            -73.85706,
            40.74319
          ],
          [
            -73.85871,
            40.74333
          ],
          [
            -73.85878,
            40.74333
          ],
          [
            -73.85969,
            40.74341
          ],
          [
            -73.85979,
            40.74341
          ],
          [
            -73.85987,
            40.74342
          ],
          [
            -73.85996,
            40.74343
          ],
          [
            -73.86144,
            40.74355
          ],
          [
            -73.86152,
            40.74356
          ],
          [
            -73.86163,
            40.74357
          ],
          [
            -73.86178,
            40.74358
          ],
          [
            -73.86189,
            40.74359
          ],
          [
            -73.86266,
            40.74365
          ],
          [
            -73.86276,
            40.7436
          ],
          [
            -73.86287,
            40.74355
          ],
          [
            -73.86317,
            40.74348
          ],
          [
            -73.86321,
            40.74347
          ],
          [
            -73.86368,
            40.74336
          ],
          [
            -73.86411,
            40.74326
          ],
          [
            -73.86445,
            40.74318
          ],
          [
            -73.86453,
            40.74316
          ],
          [
            -73.8646,
            40.74315
          ],
          [
            -73.8653,
            40.74299
          ],
          [
            -73.8654,
            40.74299
          ],
          [
            -73.86559,
            40.74302
          ],
          [
            -73.86598,
            40.74308
          ],
          [
            -73.86608,
            40.7431
          ],
          [
            -73.86608,
            40.7431
          ],
          [
            -73.8661,
            40.74305
          ],
          [
            -73.86611,
            40.74304
          ],
          [
            -73.86613,
            40.743
          ],
          [
            -73.86621,
            40.74293
          ],
          [
            -73.86635,
            40.74282
          ],
          [
            -73.86699,
            40.74233
          ],
          [
            -73.86717,
            40.74219
          ],
          [
            -73.86724,
            40.74215
          ],
          [
            -73.86724,
            40.74215
          ],
          [
            -73.86724,
            40.74215
          ],
          [
            -73.86717,
            40.74219
          ],
          [
            -73.86699,
            40.74233
          ],
          [
            -73.86635,
            40.74282
          ],
          [
            -73.86621,
            40.74293
          ],
          [
            -73.86613,
            40.743
          ],
          [
            -73.86611,
            40.74304
          ],
          [
            -73.8661,
            40.74305
          ],
          [
            -73.86608,
            40.7431
          ],
          [
            -73.86607,
            40.74315
          ],
          [
            -73.86592,
            40.74381
          ],
          [
            -73.86586,
            40.74404
          ],
          [
            -73.86585,
            40.74408
          ],
          [
            -73.86582,
            40.74413
          ],
          [
            -73.86577,
            40.74417
          ],
          [
            -73.8656,
            40.74428
          ],
          [
            -73.86521,
            40.74454
          ],
          [
            -73.86512,
            40.74461
          ],
          [
            -73.86488,
            40.74476
          ],
          [
            -73.86482,
            40.7448
          ],
          [
            -73.86474,
            40.74485
          ],
          [
            -73.86467,
            40.74489
          ],
          [
            -73.86449,
            40.74501
          ],
          [
            -73.86446,
            40.74503
          ],
          [
            -73.86438,
            40.74509
          ],
          [
            -73.86429,
            40.74514
          ],
          [
            -73.86423,
            40.74514
          ],
          [
            -73.86417,
            40.74514
          ],
          [
            -73.8641,
            40.74512
          ],
          [
            -73.8634,
            40.74478
          ],
          [
            -73.86309,
            40.74463
          ],
          [
            -73.86301,
            40.74459
          ],
          [
            -73.86291,
            40.74455
          ],
          [
            -73.86255,
            40.74438
          ],
          [
            -73.86239,
            40.74434
          ],
          [
            -73.86238,
            40.74433
          ],
          [
            -73.86214,
            40.74432
          ],
          [
            -73.86186,
            40.74429
          ],
          [
            -73.86178,
            40.74429
          ],
          [
            -73.8617,
            40.74428
          ],
          [
            -73.86142,
            40.74426
          ],
          [
            -73.85986,
            40.74414
          ],
          [
            -73.85911,
            40.74407
          ],
          [
            -73.8588,
            40.74405
          ],
          [
            -73.85871,
            40.74404
          ],
          [
            -73.85863,
            40.74404
          ],
          [
            -73.85833,
            40.74401
          ],
          [
            -73.85763,
            40.74396
          ],
          [
            -73.85757,
            40.74395
          ],
          [
            -73.85747,
            40.74394
          ],
          [
            -73.85735,
            40.74393
          ],
          [
            -73.85723,
            40.74392
          ],
          [
            -73.85717,
            40.74391
          ],
          [
            -73.85691,
            40.74389
          ],
          [
            -73.85674,
            40.74386
          ],
          [
            -73.85653,
            40.74381
          ],
          [
            -73.8563,
            40.74375
          ],
          [
            -73.85614,
            40.74369
          ],
          [
            -73.85607,
            40.74367
          ],
          [
            -73.85599,
            40.74364
          ],
          [
            -73.85587,
            40.7436
          ],
          [
            -73.85575,
            40.74356
          ],
          [
            -73.85522,
            40.74338
          ],
          [
            -73.85496,
            40.74331
          ],
          [
            -73.85496,
            40.74331
          ],
          [
            -73.85492,
            40.74325
          ],
          [
            -73.85491,
            40.74321
          ],
          [
            -73.85471,
            40.74283
          ],
          [
            -73.85468,
            40.74278
          ],
          [
            -73.85467,
            40.74275
          ],
          [
            -73.85463,
            40.74268
          ],
          [
            -73.85458,
            40.74261
          ],
          [
            -73.85457,
            40.74258
          ],
          [
            -73.8545,
            40.74244
          ],
          [
            -73.85447,
            40.74239
          ],
          [
            -73.85446,
            40.74236
          ],
          [
            -73.85437,
            40.7422
          ],
          [
            -73.85436,
            40.74216
          ],
          [
            -73.85433,
            40.7421
          ],
          [
            -73.85429,
            40.74204
          ],
          [
            -73.85387,
            40.74125
          ],
          [
            -73.85386,
            40.74122
          ],
          [
            -73.85379,
            40.74109
          ],
          [
            -73.85371,
            40.74093
          ],
          [
            -73.85369,
            40.74089
          ],
          [
            -73.85339,
            40.74027
          ],
          [
            -73.85334,
            40.74019
          ],
          [
            -73.85334,
            40.74019
          ],
          [
            -73.85319,
            40.74014
          ],
          [
            -73.853,
            40.74009
          ],
          [
            -73.85294,
            40.74007
          ],
          [
            -73.85287,
            40.74005
          ],
          [
            -73.85074,
            40.73937
          ],
          [
            -73.85067,
            40.73935
          ],
          [
            -73.85058,
            40.73932
          ],
          [
            -73.85045,
            40.73928
          ],
          [
            -73.85038,
            40.73926
          ],
          [
            -73.8497,
            40.73903
          ],
          [
            -73.84903,
            40.73881
          ],
          [
            -73.84894,
            40.73878
          ],
          [
            -73.84889,
            40.73876
          ],
          [
            -73.84881,
            40.73874
          ],
          [
            -73.84881,
            40.73874
          ],
          [
            -73.84892,
            40.73865
          ],
          [
            -73.84902,
            40.73861
          ],
          [
            -73.84917,
            40.73855
          ],
          [
            -73.84931,
            40.73851
          ],
          [
            -73.84991,
            40.73833
          ],
          [
            -73.85041,
            40.73818
          ],
          [
            -73.85041,
            40.73818
          ],
          [
            -73.85041,
            40.73818
          ],
          [
            -73.85085,
            40.73805
          ],
          [
            -73.85096,
            40.73802
          ],
          [
            -73.85115,
            40.73796
          ],
          [
            -73.85186,
            40.73773
          ],
          [
            -73.85193,
            40.73771
          ],
          [
            -73.85204,
            40.73769
          ],
          [
            -73.85218,
            40.73765
          ],
          [
            -73.85222,
            40.73764
          ],
          [
            -73.85247,
            40.73757
          ],
          [
            -73.85257,
            40.73754
          ],
          [
            -73.85275,
            40.7375
          ],
          [
            -73.85308,
            40.73743
          ],
          [
            -73.85336,
            40.73737
          ],
          [
            -73.85367,
            40.73732
          ],
          [
            -73.8542,
            40.73723
          ],
          [
            -73.85435,
            40.73721
          ],
          [
            -73.85463,
            40.73715
          ],
          [
            -73.8549,
            40.73709
          ],
          [
            -73.85517,
            40.73703
          ],
          [
            -73.85517,
            40.73703
          ],
          [
            -73.85531,
            40.73707
          ],
          [
            -73.85537,
            40.7371
          ],
          [
            -73.85587,
            40.73726
          ],
          [
            -73.85594,
            40.73729
          ],
          [
            -73.85611,
            40.73734
          ],
          [
            -73.85662,
            40.73751
          ],
          [
            -73.85669,
            40.73753
          ],
          [
            -73.85713,
            40.73767
          ],
          [
            -73.8572,
            40.73769
          ],
          [
            -73.85727,
            40.73772
          ],
          [
            -73.8582,
            40.73802
          ],
          [
            -73.85829,
            40.73805
          ],
          [
            -73.85838,
            40.73812
          ],
          [
            -73.85838,
            40.73812
          ],
          [
            -73.85893,
            40.73865
          ],
          [
            -73.85898,
            40.7387
          ],
          [
            -73.85904,
            40.73876
          ],
          [
            -73.85994,
            40.73963
          ],
          [
            -73.86018,
            40.73986
          ],
          [
            -73.8602,
            40.73988
          ],
          [
            -73.86025,
            40.73992
          ],
          [
            -73.86025,
            40.73992
          ],
          [
            -73.86064,
            40.7397
          ],
          [
            -73.86073,
            40.73962
          ],
          [
            -73.86073,
            40.73962
          ],
          [
            -73.86082,
            40.73955
          ],
          [
            -73.8614,
            40.73941
          ],
          [
            -73.86154,
            40.73938
          ],
          [
            -73.86247,
            40.73916
          ],
          [
            -73.86277,
            40.73909
          ],
          [
            -73.86287,
            40.73906
          ],
          [
            -73.86294,
            40.73904
          ],
          [
            -73.86328,
            40.73896
          ],
          [
            -73.86368,
            40.73887
          ],
          [
            -73.86375,
            40.73885
          ],
          [
            -73.86383,
            40.73883
          ],
          [
            -73.86458,
            40.73865
          ],
          [
            -73.86465,
            40.73864
          ],
          [
            -73.86472,
            40.73862
          ],
          [
            -73.86547,
            40.73845
          ],
          [
            -73.86555,
            40.73843
          ],
          [
            -73.86562,
            40.73841
          ],
          [
            -73.86637,
            40.73824
          ],
          [
            -73.86648,
            40.73821
          ],
          [
            -73.86659,
            40.73819
          ],
          [
            -73.86813,
            40.73784
          ],
          [
            -73.86819,
            40.73783
          ],
          [
            -73.86819,
            40.73783
          ],
          [
            -73.86822,
            40.7379
          ],
          [
            -73.86823,
            40.73794
          ],
          [
            -73.86844,
            40.73847
          ],
          [
            -73.86846,
            40.73851
          ],
          [
            -73.86848,
            40.73858
          ],
          [
            -73.8687,
            40.73915
          ],
          [
            -73.86872,
            40.7392
          ],
          [
            -73.86875,
            40.73927
          ],
          [
            -73.86897,
            40.73983
          ],
          [
            -73.86899,
            40.73988
          ],
          [
            -73.86901,
            40.73995
          ],
          [
            -73.86923,
            40.74052
          ],
          [
            -73.86925,
            40.74057
          ],
          [
            -73.86927,
            40.74064
          ],
          [
            -73.86949,
            40.7412
          ],
          [
            -73.86951,
            40.74125
          ],
          [
            -73.86953,
            40.74131
          ],
          [
            -73.86975,
            40.74185
          ],
          [
            -73.86989,
            40.74224
          ],
          [
            -73.86991,
            40.74228
          ],
          [
            -73.86994,
            40.74236
          ],
          [
            -73.86994,
            40.74236
          ],
          [
            -73.87007,
            40.74237
          ],
          [
            -73.87014,
            40.74237
          ],
          [
            -73.8702,
            40.74237
          ],
          [
            -73.87026,
            40.74237
          ],
          [
            -73.87033,
            40.74238
          ],
          [
            -73.87044,
            40.74238
          ],
          [
            -73.87057,
            40.74239
          ],
          [
            -73.87076,
            40.74239
          ],
          [
            -73.87142,
            40.74242
          ],
          [
            -73.87211,
            40.74245
          ],
          [
            -73.87225,
            40.74246
          ],
          [
            -73.87235,
            40.74246
          ],
          [
            -73.87244,
            40.74247
          ],
          [
            -73.87337,
            40.74251
          ],
          [
            -73.87345,
            40.74252
          ],
          [
            -73.87355,
            40.74251
          ],
          [
            -73.87364,
            40.74249
          ],
          [
            -73.87368,
            40.74247
          ],
          [
            -73.87386,
            40.74234
          ],
          [
            -73.87386,
            40.74234
          ],
          [
            -73.87386,
            40.74234
          ],
          [
            -73.87485,
            40.74162
          ],
          [
            -73.87495,
            40.74155
          ],
          [
            -73.87502,
            40.7415
          ],
          [
            -73.87509,
            40.74146
          ],
          [
            -73.87511,
            40.74144
          ],
          [
            -73.87553,
            40.74115
          ],
          [
            -73.87566,
            40.74106
          ],
          [
            -73.87589,
            40.74088
          ],
          [
            -73.87625,
            40.74062
          ],
          [
            -73.87628,
            40.7406
          ],
          [
            -73.87636,
            40.74054
          ],
          [
            -73.87641,
            40.7405
          ],
          [
            -73.87646,
            40.74047
          ],
          [
            -73.87712,
            40.73999
          ],
          [
            -73.87753,
            40.73969
          ],
          [
            -73.87783,
            40.73947
          ],
          [
            -73.87792,
            40.73941
          ],
          [
            -73.87792,
            40.73941
          ],
          [
            -73.87786,
            40.73934
          ],
          [
            -73.87782,
            40.73928
          ],
          [
            -73.87772,
            40.73911
          ],
          [
            -73.87747,
            40.73867
          ],
          [
            -73.87743,
            40.73861
          ],
          [
            -73.87741,
            40.73855
          ],
          [
            -73.87724,
            40.73819
          ],
          [
            -73.8772,
            40.73807
          ],
          [
            -73.87719,
            40.73802
          ],
          [
            -73.87718,
            40.73796
          ],
          [
            -73.87718,
            40.73786
          ],
          [
            -73.87718,
            40.73781
          ],
          [
            -73.87719,
            40.73774
          ],
          [
            -73.87721,
            40.73769
          ],
          [
            -73.87724,
            40.7376
          ],
          [
            -73.87725,
            40.73755
          ],
          [
            -73.87732,
            40.73739
          ],
          [
            -73.87736,
            40.73729
          ],
          [
            -73.87743,
            40.7371
          ],
          [
            -73.87743,
            40.7371
          ],
          [
            -73.87743,
            40.7371
          ],
          [
            -73.87744,
            40.73707
          ],
          [
            -73.87746,
            40.73704
          ],
          [
            -73.87747,
            40.73701
          ],
          [
            -73.87754,
            40.73692
          ],
          [
            -73.87758,
            40.73687
          ],
          [
            -73.87764,
            40.73681
          ],
          [
            -73.87773,
            40.7367
          ],
          [
            -73.87778,
            40.73664
          ],
          [
            -73.87783,
            40.73659
          ],
          [
            -73.87786,
            40.73655
          ],
          [
            -73.8779,
            40.73651
          ],
          [
            -73.87792,
            40.73649
          ],
          [
            -73.87796,
            40.73646
          ],
          [
            -73.87801,
            40.73643
          ],
          [
            -73.87807,
            40.7364
          ],
          [
            -73.87814,
            40.73638
          ],
          [
            -73.87825,
            40.73635
          ],
          [
            -73.87831,
            40.73633
          ],
          [
            -73.87831,
            40.73633
          ],
          [
            -73.87831,
            40.73633
          ],
          [
            -73.87825,
            40.73635
          ],
          [
            -73.87814,
            40.73638
          ],
          [
            -73.87807,
            40.7364
          ],
          [
            -73.87801,
            40.73643
          ],
          [
            -73.87796,
            40.73646
          ],
          [
            -73.87792,
            40.73649
          ],
          [
            -73.8779,
            40.73651
          ],
          [
            -73.87786,
            40.73655
          ],
          [
            -73.87783,
            40.73659
          ],
          [
            -73.87783,
            40.73659
          ],
          [
            -73.87772,
            40.73654
          ],
          [
            -73.87756,
            40.73646
          ],
          [
            -73.87744,
            40.73638
          ],
          [
            -73.87694,
            40.73603
          ],
          [
            -73.87628,
            40.73555
          ],
          [
            -73.87621,
            40.7355
          ],
          [
            -73.87611,
            40.73543
          ],
          [
            -73.8759,
            40.73529
          ],
          [
            -73.87575,
            40.73518
          ],
          [
            -73.87563,
            40.73511
          ],
          [
            -73.87554,
            40.73504
          ],
          [
            -73.87515,
            40.73482
          ],
          [
            -73.87486,
            40.73467
          ],
          [
            -73.87478,
            40.73463
          ],
          [
            -73.87469,
            40.7346
          ],
          [
            -73.87424,
            40.73442
          ],
          [
            -73.87414,
            40.73438
          ],
          [
            -73.87397,
            40.73431
          ],
          [
            -73.87385,
            40.73427
          ],
          [
            -73.8737,
            40.73422
          ],
          [
            -73.87351,
            40.73417
          ],
          [
            -73.87209,
            40.73377
          ],
          [
            -73.87144,
            40.73357
          ],
          [
            -73.87101,
            40.73345
          ],
          [
            -73.87088,
            40.73341
          ],
          [
            -73.87073,
            40.73338
          ],
          [
            -73.87057,
            40.73332
          ],
          [
            -73.87037,
            40.73326
          ],
          [
            -73.87024,
            40.73322
          ],
          [
            -73.87004,
            40.73316
          ],
          [
            -73.87004,
            40.73316
          ],
          [
            -73.8698,
            40.73306
          ],
          [
            -73.86971,
            40.73301
          ],
          [
            -73.86963,
            40.73297
          ],
          [
            -73.86956,
            40.73293
          ],
          [
            -73.86952,
            40.7329
          ],
          [
            -73.86947,
            40.73287
          ],
          [
            -73.86916,
            40.73265
          ],
          [
            -73.8691,
            40.7326
          ],
          [
            -73.86904,
            40.73253
          ],
          [
            -73.869,
            40.73248
          ],
          [
            -73.86897,
            40.73243
          ],
          [
            -73.86895,
            40.73238
          ],
          [
            -73.86893,
            40.73232
          ],
          [
            -73.86892,
            40.73226
          ],
          [
            -73.86892,
            40.73221
          ],
          [
            -73.86893,
            40.73216
          ],
          [
            -73.86894,
            40.7321
          ],
          [
            -73.86897,
            40.73204
          ],
          [
            -73.86901,
            40.73199
          ],
          [
            -73.86905,
            40.73193
          ],
          [
            -73.86931,
            40.73161
          ],
          [
            -73.86936,
            40.73156
          ],
          [
            -73.8694,
            40.73153
          ],
          [
            -73.86946,
            40.7315
          ],
          [
            -73.86953,
            40.73148
          ],
          [
            -73.86959,
            40.73147
          ],
          [
            -73.86965,
            40.73146
          ],
          [
            -73.86972,
            40.73147
          ],
          [
            -73.86978,
            40.73148
          ],
          [
            -73.86985,
            40.7315
          ],
          [
            -73.86991,
            40.73154
          ],
          [
            -73.86997,
            40.73158
          ],
          [
            -73.87,
            40.73163
          ],
          [
            -73.87003,
            40.73168
          ],
          [
            -73.87004,
            40.73173
          ],
          [
            -73.87004,
            40.73178
          ],
          [
            -73.87004,
            40.73183
          ],
          [
            -73.87001,
            40.73188
          ],
          [
            -73.86998,
            40.73193
          ],
          [
            -73.86993,
            40.73197
          ],
          [
            -73.86989,
            40.732
          ],
          [
            -73.86984,
            40.73202
          ],
          [
            -73.86978,
            40.73204
          ],
          [
            -73.86949,
            40.73216
          ],
          [
            -73.86911,
            40.73228
          ],
          [
            -73.86735,
            40.73287
          ],
          [
            -73.8671,
            40.73295
          ],
          [
            -73.86678,
            40.73306
          ],
          [
            -73.8664,
            40.73319
          ],
          [
            -73.86576,
            40.73343
          ],
          [
            -73.86562,
            40.73348
          ],
          [
            -73.86525,
            40.73363
          ],
          [
            -73.86504,
            40.73376
          ],
          [
            -73.86504,
            40.73376
          ],
          [
            -73.86472,
            40.73385
          ],
          [
            -73.86409,
            40.73404
          ],
          [
            -73.86122,
            40.73487
          ],
          [
            -73.86068,
            40.73502
          ],
          [
            -73.85855,
            40.73565
          ],
          [
            -73.85855,
            40.73565
          ],
          [
            -73.85783,
            40.73579
          ],
          [
            -73.85643,
            40.73621
          ],
          [
            -73.85618,
            40.73628
          ],
          [
            -73.85597,
            40.73633
          ],
          [
            -73.85579,
            40.73637
          ],
          [
            -73.8556,
            40.73641
          ],
          [
            -73.85541,
            40.73644
          ],
          [
            -73.85461,
            40.73655
          ],
          [
            -73.85425,
            40.73656
          ],
          [
            -73.85425,
            40.73656
          ],
          [
            -73.85404,
            40.73657
          ],
          [
            -73.85385,
            40.73659
          ],
          [
            -73.85369,
            40.7366
          ],
          [
            -73.85356,
            40.73661
          ],
          [
            -73.85343,
            40.73663
          ],
          [
            -73.85327,
            40.73665
          ],
          [
            -73.85287,
            40.73671
          ],
          [
            -73.85247,
            40.73677
          ],
          [
            -73.85204,
            40.73689
          ],
          [
            -73.85182,
            40.73696
          ],
          [
            -73.85174,
            40.73698
          ],
          [
            -73.85174,
            40.73698
          ],
          [
            -73.85163,
            40.73702
          ],
          [
            -73.85169,
            40.73712
          ],
          [
            -73.85184,
            40.73731
          ],
          [
            -73.85198,
            40.73759
          ],
          [
            -73.85204,
            40.73769
          ],
          [
            -73.85208,
            40.73776
          ],
          [
            -73.85209,
            40.73778
          ],
          [
            -73.85212,
            40.73784
          ],
          [
            -73.85218,
            40.73795
          ],
          [
            -73.8522,
            40.73799
          ],
          [
            -73.85224,
            40.73808
          ],
          [
            -73.85225,
            40.7381
          ],
          [
            -73.85242,
            40.73841
          ],
          [
            -73.85276,
            40.73908
          ],
          [
            -73.85282,
            40.73921
          ],
          [
            -73.85287,
            40.73929
          ],
          [
            -73.85291,
            40.73938
          ],
          [
            -73.85297,
            40.73951
          ],
          [
            -73.853,
            40.73956
          ],
          [
            -73.853,
            40.73956
          ],
          [
            -73.853,
            40.73956
          ],
          [
            -73.85297,
            40.73951
          ],
          [
            -73.85291,
            40.73938
          ],
          [
            -73.85287,
            40.73929
          ],
          [
            -73.85282,
            40.73921
          ],
          [
            -73.85276,
            40.73908
          ],
          [
            -73.85242,
            40.73841
          ],
          [
            -73.85225,
            40.7381
          ],
          [
            -73.85224,
            40.73808
          ],
          [
            -73.8522,
            40.73799
          ],
          [
            -73.85218,
            40.73795
          ],
          [
            -73.85212,
            40.73784
          ],
          [
            -73.85209,
            40.73778
          ],
          [
            -73.85208,
            40.73776
          ],
          [
            -73.85204,
            40.73769
          ],
          [
            -73.85204,
            40.73769
          ],
          [
            -73.85218,
            40.73765
          ],
          [
            -73.85222,
            40.73764
          ],
          [
            -73.85247,
            40.73757
          ],
          [
            -73.85257,
            40.73754
          ],
          [
            -73.85275,
            40.7375
          ],
          [
            -73.85308,
            40.73743
          ],
          [
            -73.85336,
            40.73737
          ],
          [
            -73.85367,
            40.73732
          ],
          [
            -73.8542,
            40.73723
          ],
          [
            -73.85435,
            40.73721
          ],
          [
            -73.85463,
            40.73715
          ],
          [
            -73.8549,
            40.73709
          ],
          [
            -73.85517,
            40.73703
          ],
          [
            -73.85545,
            40.73696
          ],
          [
            -73.85571,
            40.7369
          ],
          [
            -73.85624,
            40.73674
          ],
          [
            -73.85672,
            40.7366
          ],
          [
            -73.85701,
            40.73649
          ],
          [
            -73.85714,
            40.73645
          ],
          [
            -73.85739,
            40.73638
          ],
          [
            -73.85834,
            40.7361
          ],
          [
            -73.85883,
            40.73595
          ],
          [
            -73.85883,
            40.73595
          ],
          [
            -73.85905,
            40.73584
          ],
          [
            -73.86034,
            40.73545
          ],
          [
            -73.86084,
            40.73531
          ],
          [
            -73.86135,
            40.73515
          ],
          [
            -73.86193,
            40.73498
          ],
          [
            -73.86229,
            40.73485
          ],
          [
            -73.8643,
            40.73426
          ],
          [
            -73.86484,
            40.7341
          ],
          [
            -73.86512,
            40.73401
          ],
          [
            -73.86512,
            40.73401
          ],
          [
            -73.86553,
            40.73391
          ],
          [
            -73.86608,
            40.73374
          ],
          [
            -73.86614,
            40.73373
          ],
          [
            -73.86622,
            40.73372
          ],
          [
            -73.86628,
            40.73371
          ],
          [
            -73.86635,
            40.73371
          ],
          [
            -73.86641,
            40.73372
          ],
          [
            -73.86649,
            40.73373
          ],
          [
            -73.86656,
            40.73375
          ],
          [
            -73.86663,
            40.73377
          ],
          [
            -73.86669,
            40.7338
          ],
          [
            -73.86704,
            40.73396
          ],
          [
            -73.86712,
            40.734
          ],
          [
            -73.86721,
            40.73402
          ],
          [
            -73.86729,
            40.73404
          ],
          [
            -73.86736,
            40.73404
          ],
          [
            -73.86743,
            40.73404
          ],
          [
            -73.8675,
            40.73403
          ],
          [
            -73.86757,
            40.73401
          ],
          [
            -73.86763,
            40.73398
          ],
          [
            -73.86881,
            40.73349
          ],
          [
            -73.8689,
            40.73345
          ],
          [
            -73.86926,
            40.73334
          ],
          [
            -73.86926,
            40.73334
          ],
          [
            -73.86947,
            40.73341
          ],
          [
            -73.87004,
            40.73361
          ],
          [
            -73.87014,
            40.73364
          ],
          [
            -73.87037,
            40.73371
          ],
          [
            -73.87051,
            40.73375
          ],
          [
            -73.87084,
            40.73385
          ],
          [
            -73.87092,
            40.73388
          ],
          [
            -73.87132,
            40.734
          ],
          [
            -73.87138,
            40.73402
          ],
          [
            -73.87153,
            40.73406
          ],
          [
            -73.87187,
            40.73411
          ],
          [
            -73.87223,
            40.7342
          ],
          [
            -73.87264,
            40.73423
          ],
          [
            -73.8728,
            40.73427
          ],
          [
            -73.87314,
            40.73438
          ],
          [
            -73.87331,
            40.73443
          ],
          [
            -73.87351,
            40.73449
          ],
          [
            -73.87396,
            40.73462
          ],
          [
            -73.87414,
            40.73468
          ],
          [
            -73.87443,
            40.73478
          ],
          [
            -73.87457,
            40.73484
          ],
          [
            -73.87468,
            40.73489
          ],
          [
            -73.87506,
            40.73509
          ],
          [
            -73.87529,
            40.73522
          ],
          [
            -73.87559,
            40.73541
          ],
          [
            -73.87565,
            40.73545
          ],
          [
            -73.87585,
            40.73559
          ],
          [
            -73.87597,
            40.73568
          ],
          [
            -73.87609,
            40.73576
          ],
          [
            -73.87703,
            40.73645
          ],
          [
            -73.87712,
            40.73652
          ],
          [
            -73.87721,
            40.73658
          ],
          [
            -73.87733,
            40.73665
          ],
          [
            -73.87743,
            40.7367
          ],
          [
            -73.87753,
            40.73675
          ],
          [
            -73.87764,
            40.73681
          ],
          [
            -73.87764,
            40.73681
          ],
          [
            -73.87773,
            40.7367
          ],
          [
            -73.87778,
            40.73664
          ],
          [
            -73.87783,
            40.73659
          ],
          [
            -73.87786,
            40.73655
          ],
          [
            -73.8779,
            40.73651
          ],
          [
            -73.87792,
            40.73649
          ],
          [
            -73.87796,
            40.73646
          ],
          [
            -73.87801,
            40.73643
          ],
          [
            -73.87807,
            40.7364
          ],
          [
            -73.87814,
            40.73638
          ],
          [
            -73.87825,
            40.73635
          ],
          [
            -73.87851,
            40.73628
          ],
          [
            -73.87863,
            40.73625
          ],
          [
            -73.87867,
            40.73623
          ],
          [
            -73.87876,
            40.73621
          ],
          [
            -73.87905,
            40.73614
          ],
          [
            -73.87917,
            40.73611
          ],
          [
            -73.87954,
            40.73601
          ],
          [
            -73.88026,
            40.73582
          ],
          [
            -73.88044,
            40.73577
          ],
          [
            -73.88052,
            40.73575
          ],
          [
            -73.88063,
            40.73572
          ],
          [
            -73.88082,
            40.73567
          ],
          [
            -73.88099,
            40.73562
          ],
          [
            -73.88103,
            40.73561
          ],
          [
            -73.88108,
            40.73559
          ],
          [
            -73.88111,
            40.73557
          ],
          [
            -73.88117,
            40.73553
          ],
          [
            -73.88139,
            40.73538
          ],
          [
            -73.8817,
            40.73516
          ],
          [
            -73.88181,
            40.73509
          ],
          [
            -73.88183,
            40.73508
          ],
          [
            -73.88201,
            40.73495
          ],
          [
            -73.88204,
            40.73493
          ],
          [
            -73.88211,
            40.73488
          ],
          [
            -73.88217,
            40.73483
          ],
          [
            -73.88297,
            40.73428
          ],
          [
            -73.88348,
            40.73392
          ],
          [
            -73.88373,
            40.73365
          ],
          [
            -73.88376,
            40.73362
          ],
          [
            -73.88377,
            40.73361
          ],
          [
            -73.88381,
            40.73356
          ],
          [
            -73.88384,
            40.73351
          ],
          [
            -73.88395,
            40.73334
          ],
          [
            -73.88395,
            40.73334
          ],
          [
            -73.88395,
            40.73334
          ],
          [
            -73.88384,
            40.73351
          ],
          [
            -73.88381,
            40.73356
          ],
          [
            -73.88377,
            40.73361
          ],
          [
            -73.88376,
            40.73362
          ],
          [
            -73.88373,
            40.73365
          ],
          [
            -73.88348,
            40.73392
          ],
          [
            -73.88297,
            40.73428
          ],
          [
            -73.88217,
            40.73483
          ],
          [
            -73.88211,
            40.73488
          ],
          [
            -73.88204,
            40.73493
          ],
          [
            -73.88201,
            40.73495
          ],
          [
            -73.88183,
            40.73508
          ],
          [
            -73.88181,
            40.73509
          ],
          [
            -73.8817,
            40.73516
          ],
          [
            -73.88139,
            40.73538
          ],
          [
            -73.88117,
            40.73553
          ],
          [
            -73.88111,
            40.73557
          ],
          [
            -73.88108,
            40.73559
          ],
          [
            -73.88103,
            40.73561
          ],
          [
            -73.88099,
            40.73562
          ],
          [
            -73.88082,
            40.73567
          ],
          [
            -73.88063,
            40.73572
          ],
          [
            -73.88052,
            40.73575
          ],
          [
            -73.88044,
            40.73577
          ],
          [
            -73.88026,
            40.73582
          ],
          [
            -73.87954,
            40.73601
          ],
          [
            -73.87917,
            40.73611
          ],
          [
            -73.87905,
            40.73614
          ],
          [
            -73.87876,
            40.73621
          ],
          [
            -73.87867,
            40.73623
          ],
          [
            -73.87863,
            40.73625
          ],
          [
            -73.87851,
            40.73628
          ],
          [
            -73.87825,
            40.73635
          ],
          [
            -73.87814,
            40.73638
          ],
          [
            -73.87807,
            40.7364
          ],
          [
            -73.87801,
            40.73643
          ],
          [
            -73.87796,
            40.73646
          ],
          [
            -73.87792,
            40.73649
          ],
          [
            -73.8779,
            40.73651
          ],
          [
            -73.87786,
            40.73655
          ],
          [
            -73.87783,
            40.73659
          ],
          [
            -73.87783,
            40.73659
          ],
          [
            -73.87772,
            40.73654
          ],
          [
            -73.87756,
            40.73646
          ],
          [
            -73.87744,
            40.73638
          ],
          [
            -73.87694,
            40.73603
          ],
          [
            -73.87628,
            40.73555
          ],
          [
            -73.87621,
            40.7355
          ],
          [
            -73.87611,
            40.73543
          ],
          [
            -73.8759,
            40.73529
          ],
          [
            -73.87575,
            40.73518
          ],
          [
            -73.87563,
            40.73511
          ],
          [
            -73.87554,
            40.73504
          ],
          [
            -73.87515,
            40.73482
          ],
          [
            -73.87486,
            40.73467
          ],
          [
            -73.87478,
            40.73463
          ],
          [
            -73.87469,
            40.7346
          ],
          [
            -73.87424,
            40.73442
          ],
          [
            -73.87414,
            40.73438
          ],
          [
            -73.87397,
            40.73431
          ],
          [
            -73.87385,
            40.73427
          ],
          [
            -73.8737,
            40.73422
          ],
          [
            -73.87351,
            40.73417
          ],
          [
            -73.87209,
            40.73377
          ],
          [
            -73.87144,
            40.73357
          ],
          [
            -73.87101,
            40.73345
          ],
          [
            -73.87088,
            40.73341
          ],
          [
            -73.87073,
            40.73338
          ],
          [
            -73.87057,
            40.73332
          ],
          [
            -73.87037,
            40.73326
          ],
          [
            -73.87024,
            40.73322
          ],
          [
            -73.87004,
            40.73316
          ],
          [
            -73.87004,
            40.73316
          ],
          [
            -73.8698,
            40.73306
          ],
          [
            -73.86971,
            40.73301
          ],
          [
            -73.86963,
            40.73297
          ],
          [
            -73.86956,
            40.73293
          ],
          [
            -73.86952,
            40.7329
          ],
          [
            -73.86947,
            40.73287
          ],
          [
            -73.86916,
            40.73265
          ],
          [
            -73.8691,
            40.7326
          ],
          [
            -73.86904,
            40.73253
          ],
          [
            -73.869,
            40.73248
          ],
          [
            -73.86897,
            40.73243
          ],
          [
            -73.86895,
            40.73238
          ],
          [
            -73.86893,
            40.73232
          ],
          [
            -73.86892,
            40.73226
          ],
          [
            -73.86892,
            40.73221
          ],
          [
            -73.86893,
            40.73216
          ],
          [
            -73.86894,
            40.7321
          ],
          [
            -73.86897,
            40.73204
          ],
          [
            -73.86901,
            40.73199
          ],
          [
            -73.86905,
            40.73193
          ],
          [
            -73.86931,
            40.73161
          ],
          [
            -73.86936,
            40.73156
          ],
          [
            -73.8694,
            40.73153
          ],
          [
            -73.86946,
            40.7315
          ],
          [
            -73.86953,
            40.73148
          ],
          [
            -73.86959,
            40.73147
          ],
          [
            -73.86965,
            40.73146
          ],
          [
            -73.86972,
            40.73147
          ],
          [
            -73.86978,
            40.73148
          ],
          [
            -73.86985,
            40.7315
          ],
          [
            -73.86991,
            40.73154
          ],
          [
            -73.86997,
            40.73158
          ],
          [
            -73.87,
            40.73163
          ],
          [
            -73.87003,
            40.73168
          ],
          [
            -73.87004,
            40.73173
          ],
          [
            -73.87004,
            40.73178
          ],
          [
            -73.87004,
            40.73183
          ],
          [
            -73.87001,
            40.73188
          ],
          [
            -73.86998,
            40.73193
          ],
          [
            -73.86993,
            40.73197
          ],
          [
            -73.86989,
            40.732
          ],
          [
            -73.86984,
            40.73202
          ],
          [
            -73.86978,
            40.73204
          ],
          [
            -73.86949,
            40.73216
          ],
          [
            -73.86911,
            40.73228
          ],
          [
            -73.86735,
            40.73287
          ],
          [
            -73.8671,
            40.73295
          ],
          [
            -73.86678,
            40.73306
          ],
          [
            -73.8664,
            40.73319
          ],
          [
            -73.86576,
            40.73343
          ],
          [
            -73.86562,
            40.73348
          ],
          [
            -73.86525,
            40.73363
          ],
          [
            -73.86504,
            40.73376
          ],
          [
            -73.86504,
            40.73376
          ],
          [
            -73.86472,
            40.73385
          ],
          [
            -73.86409,
            40.73404
          ],
          [
            -73.86122,
            40.73487
          ],
          [
            -73.86068,
            40.73502
          ],
          [
            -73.85855,
            40.73565
          ],
          [
            -73.85855,
            40.73565
          ],
          [
            -73.85783,
            40.73579
          ],
          [
            -73.85643,
            40.73621
          ],
          [
            -73.85618,
            40.73628
          ],
          [
            -73.85597,
            40.73633
          ],
          [
            -73.85579,
            40.73637
          ],
          [
            -73.8556,
            40.73641
          ],
          [
            -73.85541,
            40.73644
          ],
          [
            -73.85461,
            40.73655
          ],
          [
            -73.85425,
            40.73656
          ],
          [
            -73.85425,
            40.73656
          ],
          [
            -73.85404,
            40.73657
          ],
          [
            -73.85385,
            40.73659
          ],
          [
            -73.85369,
            40.7366
          ],
          [
            -73.85356,
            40.73661
          ],
          [
            -73.85343,
            40.73663
          ],
          [
            -73.85327,
            40.73665
          ],
          [
            -73.85287,
            40.73671
          ],
          [
            -73.85247,
            40.73677
          ],
          [
            -73.85204,
            40.73689
          ],
          [
            -73.85182,
            40.73696
          ],
          [
            -73.85174,
            40.73698
          ],
          [
            -73.85174,
            40.73698
          ],
          [
            -73.85163,
            40.73702
          ],
          [
            -73.85169,
            40.73712
          ],
          [
            -73.85184,
            40.73731
          ],
          [
            -73.85198,
            40.73759
          ],
          [
            -73.85204,
            40.73769
          ],
          [
            -73.85208,
            40.73776
          ],
          [
            -73.85209,
            40.73778
          ],
          [
            -73.85212,
            40.73784
          ],
          [
            -73.85218,
            40.73795
          ],
          [
            -73.8522,
            40.73799
          ],
          [
            -73.85224,
            40.73808
          ],
          [
            -73.85225,
            40.7381
          ],
          [
            -73.85242,
            40.73841
          ],
          [
            -73.85276,
            40.73908
          ],
          [
            -73.85282,
            40.73921
          ],
          [
            -73.85287,
            40.73929
          ],
          [
            -73.85291,
            40.73938
          ],
          [
            -73.85297,
            40.73951
          ],
          [
            -73.85306,
            40.73969
          ],
          [
            -73.85329,
            40.7401
          ],
          [
            -73.85334,
            40.74019
          ],
          [
            -73.85339,
            40.74027
          ],
          [
            -73.85369,
            40.74089
          ],
          [
            -73.85371,
            40.74093
          ],
          [
            -73.85379,
            40.74109
          ],
          [
            -73.85379,
            40.74109
          ],
          [
            -73.85365,
            40.74104
          ],
          [
            -73.8536,
            40.74102
          ],
          [
            -73.85357,
            40.74101
          ],
          [
            -73.85357,
            40.74101
          ],
          [
            -73.85357,
            40.74101
          ],
          [
            -73.85264,
            40.74071
          ],
          [
            -73.85047,
            40.74002
          ],
          [
            -73.85041,
            40.74
          ],
          [
            -73.85033,
            40.73997
          ],
          [
            -73.85033,
            40.73997
          ],
          [
            -73.85035,
            40.73991
          ],
          [
            -73.85056,
            40.73936
          ],
          [
            -73.85058,
            40.73932
          ],
          [
            -73.8506,
            40.73925
          ],
          [
            -73.8508,
            40.73876
          ],
          [
            -73.85083,
            40.7387
          ],
          [
            -73.85085,
            40.73864
          ],
          [
            -73.85087,
            40.73859
          ],
          [
            -73.85102,
            40.73823
          ],
          [
            -73.85107,
            40.73812
          ],
          [
            -73.85109,
            40.73807
          ],
          [
            -73.85115,
            40.73796
          ],
          [
            -73.85115,
            40.73796
          ],
          [
            -73.85186,
            40.73773
          ],
          [
            -73.85193,
            40.73771
          ],
          [
            -73.85204,
            40.73769
          ],
          [
            -73.85218,
            40.73765
          ],
          [
            -73.85222,
            40.73764
          ],
          [
            -73.85247,
            40.73757
          ],
          [
            -73.85257,
            40.73754
          ],
          [
            -73.85275,
            40.7375
          ],
          [
            -73.85308,
            40.73743
          ],
          [
            -73.85336,
            40.73737
          ],
          [
            -73.85367,
            40.73732
          ],
          [
            -73.8542,
            40.73723
          ],
          [
            -73.85435,
            40.73721
          ],
          [
            -73.85463,
            40.73715
          ],
          [
            -73.8549,
            40.73709
          ],
          [
            -73.85517,
            40.73703
          ],
          [
            -73.85545,
            40.73696
          ],
          [
            -73.85571,
            40.7369
          ],
          [
            -73.85624,
            40.73674
          ],
          [
            -73.85672,
            40.7366
          ],
          [
            -73.85701,
            40.73649
          ],
          [
            -73.85714,
            40.73645
          ],
          [
            -73.85739,
            40.73638
          ],
          [
            -73.85834,
            40.7361
          ],
          [
            -73.85883,
            40.73595
          ],
          [
            -73.85883,
            40.73595
          ],
          [
            -73.85905,
            40.73584
          ],
          [
            -73.86034,
            40.73545
          ],
          [
            -73.86084,
            40.73531
          ],
          [
            -73.86135,
            40.73515
          ],
          [
            -73.86193,
            40.73498
          ],
          [
            -73.86229,
            40.73485
          ],
          [
            -73.8643,
            40.73426
          ],
          [
            -73.86484,
            40.7341
          ],
          [
            -73.86512,
            40.73401
          ],
          [
            -73.86512,
            40.73401
          ],
          [
            -73.86552,
            40.73388
          ],
          [
            -73.86608,
            40.73371
          ],
          [
            -73.86664,
            40.73354
          ],
          [
            -73.86743,
            40.73331
          ],
          [
            -73.86765,
            40.73326
          ],
          [
            -73.8678,
            40.73321
          ],
          [
            -73.86852,
            40.73299
          ],
          [
            -73.86921,
            40.73277
          ],
          [
            -73.87033,
            40.73239
          ],
          [
            -73.8705,
            40.73234
          ],
          [
            -73.8705,
            40.73234
          ],
          [
            -73.87078,
            40.73222
          ],
          [
            -73.8715,
            40.73198
          ],
          [
            -73.87307,
            40.73145
          ],
          [
            -73.87339,
            40.73135
          ],
          [
            -73.87387,
            40.7312
          ],
          [
            -73.8742,
            40.73112
          ],
          [
            -73.87443,
            40.73106
          ],
          [
            -73.87466,
            40.731
          ],
          [
            -73.8749,
            40.73094
          ],
          [
            -73.87514,
            40.73088
          ],
          [
            -73.87576,
            40.73073
          ],
          [
            -73.8759,
            40.73069
          ],
          [
            -73.87607,
            40.73065
          ],
          [
            -73.87626,
            40.73059
          ],
          [
            -73.87644,
            40.73053
          ],
          [
            -73.87662,
            40.73046
          ],
          [
            -73.8768,
            40.73039
          ],
          [
            -73.87699,
            40.73031
          ],
          [
            -73.87916,
            40.72942
          ],
          [
            -73.87934,
            40.72935
          ],
          [
            -73.87951,
            40.72929
          ],
          [
            -73.87968,
            40.72923
          ],
          [
            -73.87986,
            40.72918
          ],
          [
            -73.88003,
            40.72913
          ],
          [
            -73.88021,
            40.72908
          ],
          [
            -73.88038,
            40.72904
          ],
          [
            -73.88055,
            40.729
          ],
          [
            -73.88072,
            40.72897
          ],
          [
            -73.88087,
            40.72894
          ],
          [
            -73.88103,
            40.72891
          ],
          [
            -73.88118,
            40.72889
          ],
          [
            -73.88134,
            40.72887
          ],
          [
            -73.88149,
            40.72885
          ],
          [
            -73.88166,
            40.72884
          ],
          [
            -73.88195,
            40.72882
          ],
          [
            -73.88247,
            40.72878
          ],
          [
            -73.88467,
            40.72861
          ],
          [
            -73.88494,
            40.72858
          ],
          [
            -73.88515,
            40.72856
          ],
          [
            -73.88527,
            40.72854
          ],
          [
            -73.88527,
            40.72854
          ],
          [
            -73.88573,
            40.72849
          ],
          [
            -73.88608,
            40.72843
          ],
          [
            -73.88631,
            40.72838
          ],
          [
            -73.88647,
            40.72834
          ],
          [
            -73.88663,
            40.7283
          ],
          [
            -73.88682,
            40.72824
          ],
          [
            -73.88699,
            40.72818
          ],
          [
            -73.88722,
            40.72808
          ],
          [
            -73.88743,
            40.728
          ],
          [
            -73.88756,
            40.72794
          ],
          [
            -73.88775,
            40.72784
          ],
          [
            -73.88793,
            40.72774
          ],
          [
            -73.8881,
            40.72765
          ],
          [
            -73.88829,
            40.72753
          ],
          [
            -73.88938,
            40.72685
          ],
          [
            -73.8896,
            40.72672
          ],
          [
            -73.88979,
            40.72661
          ],
          [
            -73.89001,
            40.72649
          ],
          [
            -73.89026,
            40.72637
          ],
          [
            -73.89053,
            40.72625
          ],
          [
            -73.89096,
            40.72613
          ],
          [
            -73.89096,
            40.72613
          ],
          [
            -73.89121,
            40.72603
          ],
          [
            -73.89145,
            40.72595
          ],
          [
            -73.89176,
            40.72587
          ],
          [
            -73.89205,
            40.72579
          ],
          [
            -73.89233,
            40.72573
          ],
          [
            -73.89261,
            40.72567
          ],
          [
            -73.89292,
            40.72562
          ],
          [
            -73.89319,
            40.72558
          ],
          [
            -73.89348,
            40.72555
          ],
          [
            -73.89377,
            40.72553
          ],
          [
            -73.89397,
            40.72552
          ],
          [
            -73.89397,
            40.72552
          ],
          [
            -73.89405,
            40.72563
          ],
          [
            -73.89456,
            40.72628
          ],
          [
            -73.89461,
            40.72634
          ],
          [
            -73.89461,
            40.72634
          ],
          [
            -73.8944,
            40.72647
          ],
          [
            -73.8944,
            40.72647
          ],
          [
            -73.8944,
            40.72648
          ],
          [
            -73.8944,
            40.72648
          ],
          [
            -73.8944,
            40.7265
          ],
          [
            -73.89436,
            40.72652
          ],
          [
            -73.89432,
            40.72655
          ],
          [
            -73.89386,
            40.72682
          ],
          [
            -73.89333,
            40.72716
          ],
          [
            -73.89327,
            40.72719
          ],
          [
            -73.8932,
            40.72725
          ],
          [
            -73.89312,
            40.7273
          ],
          [
            -73.89295,
            40.72743
          ],
          [
            -73.89235,
            40.72773
          ],
          [
            -73.89229,
            40.72776
          ],
          [
            -73.89221,
            40.7278
          ],
          [
            -73.89161,
            40.72813
          ],
          [
            -73.89153,
            40.72817
          ],
          [
            -73.89142,
            40.72823
          ],
          [
            -73.8913,
            40.72829
          ],
          [
            -73.89118,
            40.72835
          ],
          [
            -73.89105,
            40.72842
          ],
          [
            -73.89095,
            40.72851
          ],
          [
            -73.89091,
            40.72856
          ],
          [
            -73.89086,
            40.72861
          ],
          [
            -73.8908,
            40.72868
          ],
          [
            -73.89021,
            40.72926
          ],
          [
            -73.89007,
            40.7294
          ],
          [
            -73.89002,
            40.72946
          ],
          [
            -73.88996,
            40.72952
          ],
          [
            -73.88987,
            40.7296
          ],
          [
            -73.88981,
            40.72965
          ],
          [
            -73.88975,
            40.72969
          ],
          [
            -73.88937,
            40.72979
          ],
          [
            -73.88924,
            40.72983
          ],
          [
            -73.88857,
            40.72999
          ],
          [
            -73.88849,
            40.73
          ],
          [
            -73.88836,
            40.73003
          ],
          [
            -73.88836,
            40.73003
          ],
          [
            -73.88836,
            40.73003
          ],
          [
            -73.88812,
            40.73008
          ],
          [
            -73.88805,
            40.7301
          ],
          [
            -73.88763,
            40.73019
          ],
          [
            -73.88752,
            40.73021
          ],
          [
            -73.88741,
            40.73024
          ],
          [
            -73.88706,
            40.73032
          ],
          [
            -73.88695,
            40.73034
          ],
          [
            -73.88685,
            40.73037
          ],
          [
            -73.8867,
            40.73042
          ],
          [
            -73.88659,
            40.73047
          ],
          [
            -73.88637,
            40.73057
          ],
          [
            -73.88617,
            40.73067
          ],
          [
            -73.88564,
            40.73092
          ],
          [
            -73.88558,
            40.73095
          ],
          [
            -73.88552,
            40.73098
          ],
          [
            -73.88545,
            40.73102
          ],
          [
            -73.88538,
            40.73108
          ],
          [
            -73.88532,
            40.73115
          ],
          [
            -73.8852,
            40.73131
          ],
          [
            -73.88484,
            40.73187
          ],
          [
            -73.88478,
            40.73197
          ],
          [
            -73.88472,
            40.73207
          ],
          [
            -73.8847,
            40.7321
          ],
          [
            -73.88468,
            40.73214
          ],
          [
            -73.88456,
            40.73234
          ],
          [
            -73.88453,
            40.73239
          ],
          [
            -73.8845,
            40.73245
          ],
          [
            -73.88411,
            40.7331
          ],
          [
            -73.88384,
            40.73351
          ],
          [
            -73.88381,
            40.73356
          ],
          [
            -73.88377,
            40.73361
          ],
          [
            -73.88376,
            40.73362
          ],
          [
            -73.88373,
            40.73365
          ],
          [
            -73.88348,
            40.73392
          ],
          [
            -73.88297,
            40.73428
          ],
          [
            -73.88217,
            40.73483
          ],
          [
            -73.88211,
            40.73488
          ],
          [
            -73.88204,
            40.73493
          ],
          [
            -73.88201,
            40.73495
          ],
          [
            -73.88183,
            40.73508
          ],
          [
            -73.88181,
            40.73509
          ],
          [
            -73.8817,
            40.73516
          ],
          [
            -73.88139,
            40.73538
          ],
          [
            -73.88117,
            40.73553
          ],
          [
            -73.88111,
            40.73557
          ],
          [
            -73.88108,
            40.73559
          ],
          [
            -73.88103,
            40.73561
          ],
          [
            -73.88099,
            40.73562
          ],
          [
            -73.88082,
            40.73567
          ],
          [
            -73.88063,
            40.73572
          ],
          [
            -73.88052,
            40.73575
          ],
          [
            -73.88044,
            40.73577
          ],
          [
            -73.88026,
            40.73582
          ],
          [
            -73.87954,
            40.73601
          ],
          [
            -73.87917,
            40.73611
          ],
          [
            -73.87905,
            40.73614
          ],
          [
            -73.87876,
            40.73621
          ],
          [
            -73.87867,
            40.73623
          ],
          [
            -73.87863,
            40.73625
          ],
          [
            -73.87851,
            40.73628
          ],
          [
            -73.87825,
            40.73635
          ],
          [
            -73.87814,
            40.73638
          ],
          [
            -73.87807,
            40.7364
          ],
          [
            -73.87801,
            40.73643
          ],
          [
            -73.87796,
            40.73646
          ],
          [
            -73.87792,
            40.73649
          ],
          [
            -73.8779,
            40.73651
          ],
          [
            -73.87786,
            40.73655
          ],
          [
            -73.87783,
            40.73659
          ],
          [
            -73.87778,
            40.73664
          ],
          [
            -73.87773,
            40.7367
          ],
          [
            -73.87773,
            40.7367
          ],
          [
            -73.87764,
            40.73681
          ],
          [
            -73.87758,
            40.73687
          ],
          [
            -73.87754,
            40.73692
          ],
          [
            -73.87747,
            40.73701
          ],
          [
            -73.87746,
            40.73704
          ],
          [
            -73.87744,
            40.73707
          ],
          [
            -73.87736,
            40.73729
          ],
          [
            -73.87732,
            40.73739
          ],
          [
            -73.87725,
            40.73755
          ],
          [
            -73.87724,
            40.7376
          ],
          [
            -73.87721,
            40.73769
          ],
          [
            -73.87721,
            40.73769
          ],
          [
            -73.87708,
            40.73768
          ],
          [
            -73.87689,
            40.73767
          ],
          [
            -73.87679,
            40.73767
          ],
          [
            -73.87666,
            40.73767
          ],
          [
            -73.87656,
            40.73763
          ],
          [
            -73.87656,
            40.73763
          ],
          [
            -73.87648,
            40.73767
          ],
          [
            -73.87555,
            40.73826
          ],
          [
            -73.87517,
            40.73851
          ],
          [
            -73.87391,
            40.73879
          ],
          [
            -73.87384,
            40.7388
          ],
          [
            -73.87375,
            40.73882
          ],
          [
            -73.87134,
            40.73936
          ],
          [
            -73.87128,
            40.73937
          ],
          [
            -73.8712,
            40.73939
          ],
          [
            -73.87112,
            40.73941
          ],
          [
            -73.86909,
            40.73986
          ],
          [
            -73.86905,
            40.73987
          ],
          [
            -73.86899,
            40.73988
          ],
          [
            -73.86891,
            40.7399
          ],
          [
            -73.86747,
            40.74023
          ],
          [
            -73.86741,
            40.74024
          ],
          [
            -73.86732,
            40.74026
          ],
          [
            -73.86732,
            40.74026
          ],
          [
            -73.86715,
            40.73984
          ],
          [
            -73.86715,
            40.73984
          ],
          [
            -73.86704,
            40.73986
          ],
          [
            -73.86665,
            40.73995
          ],
          [
            -73.86628,
            40.74003
          ],
          [
            -73.86621,
            40.74005
          ],
          [
            -73.86613,
            40.74007
          ],
          [
            -73.86539,
            40.74024
          ],
          [
            -73.86531,
            40.74026
          ],
          [
            -73.86524,
            40.74028
          ],
          [
            -73.86487,
            40.74036
          ],
          [
            -73.86457,
            40.74045
          ],
          [
            -73.86451,
            40.74046
          ],
          [
            -73.86442,
            40.74048
          ],
          [
            -73.86432,
            40.7405
          ],
          [
            -73.86368,
            40.74066
          ],
          [
            -73.86361,
            40.74067
          ],
          [
            -73.86353,
            40.74069
          ],
          [
            -73.86342,
            40.74072
          ],
          [
            -73.86337,
            40.74075
          ],
          [
            -73.86243,
            40.74127
          ],
          [
            -73.86196,
            40.74153
          ],
          [
            -73.86185,
            40.74159
          ],
          [
            -73.86174,
            40.74166
          ],
          [
            -73.86167,
            40.7417
          ],
          [
            -73.86145,
            40.74183
          ],
          [
            -73.86127,
            40.74194
          ],
          [
            -73.86125,
            40.74195
          ],
          [
            -73.86119,
            40.74199
          ],
          [
            -73.86112,
            40.74202
          ],
          [
            -73.86109,
            40.74204
          ],
          [
            -73.86052,
            40.74239
          ],
          [
            -73.86045,
            40.74243
          ],
          [
            -73.86038,
            40.74247
          ],
          [
            -73.85953,
            40.74299
          ],
          [
            -73.85951,
            40.743
          ],
          [
            -73.85945,
            40.74303
          ],
          [
            -73.85945,
            40.74303
          ],
          [
            -73.85982,
            40.74338
          ],
          [
            -73.85987,
            40.74342
          ],
          [
            -73.85995,
            40.74349
          ],
          [
            -73.85988,
            40.744
          ],
          [
            -73.85987,
            40.74405
          ],
          [
            -73.85986,
            40.74414
          ],
          [
            -73.85986,
            40.74414
          ],
          [
            -73.85917,
            40.74408
          ],
          [
            -73.85917,
            40.74408
          ],
          [
            -73.85917,
            40.74408
          ],
          [
            -73.85911,
            40.74407
          ],
          [
            -73.8588,
            40.74405
          ],
          [
            -73.85871,
            40.74404
          ],
          [
            -73.85863,
            40.74404
          ],
          [
            -73.85833,
            40.74401
          ],
          [
            -73.85763,
            40.74396
          ],
          [
            -73.85757,
            40.74395
          ],
          [
            -73.85747,
            40.74394
          ],
          [
            -73.85735,
            40.74393
          ],
          [
            -73.85723,
            40.74392
          ],
          [
            -73.85717,
            40.74391
          ],
          [
            -73.85691,
            40.74389
          ],
          [
            -73.85674,
            40.74386
          ],
          [
            -73.85653,
            40.74381
          ],
          [
            -73.8563,
            40.74375
          ],
          [
            -73.85614,
            40.74369
          ],
          [
            -73.85607,
            40.74367
          ],
          [
            -73.85599,
            40.74364
          ],
          [
            -73.85587,
            40.7436
          ],
          [
            -73.85575,
            40.74356
          ],
          [
            -73.85522,
            40.74338
          ],
          [
            -73.85496,
            40.74331
          ],
          [
            -73.85496,
            40.74331
          ],
          [
            -73.85492,
            40.74325
          ],
          [
            -73.85491,
            40.74321
          ],
          [
            -73.85471,
            40.74283
          ],
          [
            -73.85468,
            40.74278
          ],
          [
            -73.85467,
            40.74275
          ],
          [
            -73.85463,
            40.74268
          ],
          [
            -73.85458,
            40.74261
          ],
          [
            -73.85457,
            40.74258
          ],
          [
            -73.8545,
            40.74244
          ],
          [
            -73.85447,
            40.74239
          ],
          [
            -73.85446,
            40.74236
          ],
          [
            -73.85437,
            40.7422
          ],
          [
            -73.85436,
            40.74216
          ],
          [
            -73.85433,
            40.7421
          ],
          [
            -73.85429,
            40.74204
          ],
          [
            -73.85387,
            40.74125
          ],
          [
            -73.85386,
            40.74122
          ],
          [
            -73.85379,
            40.74109
          ],
          [
            -73.85379,
            40.74109
          ],
          [
            -73.85387,
            40.74098
          ],
          [
            -73.85414,
            40.74052
          ],
          [
            -73.85418,
            40.74046
          ],
          [
            -73.8542,
            40.74041
          ],
          [
            -73.85449,
            40.73988
          ],
          [
            -73.85453,
            40.73983
          ],
          [
            -73.85455,
            40.73978
          ],
          [
            -73.85485,
            40.73925
          ],
          [
            -73.85488,
            40.73919
          ],
          [
            -73.85491,
            40.73915
          ],
          [
            -73.8552,
            40.73862
          ],
          [
            -73.85523,
            40.73856
          ],
          [
            -73.85526,
            40.73852
          ],
          [
            -73.85555,
            40.73799
          ],
          [
            -73.85558,
            40.73793
          ],
          [
            -73.85561,
            40.73788
          ],
          [
            -73.8559,
            40.73735
          ],
          [
            -73.85594,
            40.73729
          ],
          [
            -73.85598,
            40.7372
          ],
          [
            -73.8561,
            40.737
          ],
          [
            -73.85616,
            40.73689
          ],
          [
            -73.85618,
            40.73684
          ],
          [
            -73.85624,
            40.73674
          ],
          [
            -73.85624,
            40.73674
          ],
          [
            -73.85672,
            40.7366
          ],
          [
            -73.85701,
            40.73649
          ],
          [
            -73.85714,
            40.73645
          ],
          [
            -73.85739,
            40.73638
          ],
          [
            -73.85834,
            40.7361
          ],
          [
            -73.85883,
            40.73595
          ],
          [
            -73.85883,
            40.73595
          ],
          [
            -73.85905,
            40.73584
          ],
          [
            -73.86034,
            40.73545
          ],
          [
            -73.86084,
            40.73531
          ],
          [
            -73.86135,
            40.73515
          ],
          [
            -73.86193,
            40.73498
          ],
          [
            -73.86229,
            40.73485
          ],
          [
            -73.8643,
            40.73426
          ],
          [
            -73.86484,
            40.7341
          ],
          [
            -73.86512,
            40.73401
          ],
          [
            -73.86512,
            40.73401
          ],
          [
            -73.86552,
            40.73388
          ],
          [
            -73.86608,
            40.73371
          ],
          [
            -73.86664,
            40.73354
          ],
          [
            -73.86743,
            40.73331
          ],
          [
            -73.86765,
            40.73326
          ],
          [
            -73.8678,
            40.73321
          ],
          [
            -73.86852,
            40.73299
          ],
          [
            -73.86921,
            40.73277
          ],
          [
            -73.87033,
            40.73239
          ],
          [
            -73.8705,
            40.73234
          ],
          [
            -73.8705,
            40.73234
          ],
          [
            -73.87078,
            40.73222
          ],
          [
            -73.8715,
            40.73198
          ],
          [
            -73.87307,
            40.73145
          ],
          [
            -73.87339,
            40.73135
          ],
          [
            -73.87387,
            40.7312
          ],
          [
            -73.8742,
            40.73112
          ],
          [
            -73.87443,
            40.73106
          ],
          [
            -73.87466,
            40.731
          ],
          [
            -73.8749,
            40.73094
          ],
          [
            -73.87514,
            40.73088
          ],
          [
            -73.87576,
            40.73073
          ],
          [
            -73.8759,
            40.73069
          ],
          [
            -73.87607,
            40.73065
          ],
          [
            -73.87626,
            40.73059
          ],
          [
            -73.87644,
            40.73053
          ],
          [
            -73.87662,
            40.73046
          ],
          [
            -73.8768,
            40.73039
          ],
          [
            -73.87699,
            40.73031
          ],
          [
            -73.87916,
            40.72942
          ],
          [
            -73.87934,
            40.72935
          ],
          [
            -73.87951,
            40.72929
          ],
          [
            -73.87968,
            40.72923
          ],
          [
            -73.87986,
            40.72918
          ],
          [
            -73.88003,
            40.72913
          ],
          [
            -73.88021,
            40.72908
          ],
          [
            -73.88038,
            40.72904
          ],
          [
            -73.88055,
            40.729
          ],
          [
            -73.88072,
            40.72897
          ],
          [
            -73.88087,
            40.72894
          ],
          [
            -73.88103,
            40.72891
          ],
          [
            -73.88118,
            40.72889
          ],
          [
            -73.88134,
            40.72887
          ],
          [
            -73.88149,
            40.72885
          ],
          [
            -73.88166,
            40.72884
          ],
          [
            -73.88195,
            40.72882
          ],
          [
            -73.88247,
            40.72878
          ],
          [
            -73.88467,
            40.72861
          ],
          [
            -73.88494,
            40.72858
          ],
          [
            -73.88515,
            40.72856
          ],
          [
            -73.88527,
            40.72854
          ],
          [
            -73.88527,
            40.72854
          ],
          [
            -73.88573,
            40.72849
          ],
          [
            -73.88608,
            40.72843
          ],
          [
            -73.88631,
            40.72838
          ],
          [
            -73.88647,
            40.72834
          ],
          [
            -73.88663,
            40.7283
          ],
          [
            -73.88682,
            40.72824
          ],
          [
            -73.88699,
            40.72818
          ],
          [
            -73.88722,
            40.72808
          ],
          [
            -73.88743,
            40.728
          ],
          [
            -73.88756,
            40.72794
          ],
          [
            -73.88775,
            40.72784
          ],
          [
            -73.88793,
            40.72774
          ],
          [
            -73.8881,
            40.72765
          ],
          [
            -73.88829,
            40.72753
          ],
          [
            -73.88938,
            40.72685
          ],
          [
            -73.8896,
            40.72672
          ],
          [
            -73.88979,
            40.72661
          ],
          [
            -73.89001,
            40.72649
          ],
          [
            -73.89026,
            40.72637
          ],
          [
            -73.89053,
            40.72625
          ],
          [
            -73.89096,
            40.72613
          ],
          [
            -73.89096,
            40.72613
          ],
          [
            -73.89121,
            40.72603
          ],
          [
            -73.89145,
            40.72595
          ],
          [
            -73.89176,
            40.72587
          ],
          [
            -73.89205,
            40.72579
          ],
          [
            -73.89233,
            40.72573
          ],
          [
            -73.89261,
            40.72567
          ],
          [
            -73.89292,
            40.72562
          ],
          [
            -73.89319,
            40.72558
          ],
          [
            -73.89348,
            40.72555
          ],
          [
            -73.89377,
            40.72553
          ],
          [
            -73.89397,
            40.72552
          ],
          [
            -73.89397,
            40.72552
          ],
          [
            -73.89405,
            40.72563
          ],
          [
            -73.89456,
            40.72628
          ],
          [
            -73.89461,
            40.72634
          ],
          [
            -73.89461,
            40.72634
          ],
          [
            -73.8944,
            40.72647
          ],
          [
            -73.8944,
            40.72647
          ],
          [
            -73.8944,
            40.72648
          ],
          [
            -73.8944,
            40.72648
          ],
          [
            -73.8944,
            40.7265
          ],
          [
            -73.8944,
            40.7265
          ],
          [
            -73.89444,
            40.72649
          ],
          [
            -73.89465,
            40.72637
          ],
          [
            -73.89468,
            40.72635
          ],
          [
            -73.89468,
            40.72635
          ],
          [
            -73.89468,
            40.72635
          ],
          [
            -73.89471,
            40.72633
          ],
          [
            -73.89482,
            40.72626
          ],
          [
            -73.89482,
            40.72623
          ],
          [
            -73.89517,
            40.72601
          ],
          [
            -73.89522,
            40.72599
          ],
          [
            -73.89532,
            40.72592
          ],
          [
            -73.89532,
            40.72592
          ],
          [
            -73.89529,
            40.72583
          ],
          [
            -73.89508,
            40.72554
          ],
          [
            -73.89505,
            40.72549
          ],
          [
            -73.89477,
            40.72512
          ],
          [
            -73.89469,
            40.725
          ],
          [
            -73.89469,
            40.725
          ],
          [
            -73.89456,
            40.72499
          ],
          [
            -73.89451,
            40.72499
          ],
          [
            -73.89425,
            40.72498
          ],
          [
            -73.89397,
            40.72497
          ],
          [
            -73.89383,
            40.72498
          ],
          [
            -73.89352,
            40.72499
          ],
          [
            -73.89327,
            40.725
          ],
          [
            -73.89301,
            40.72502
          ],
          [
            -73.89274,
            40.72504
          ],
          [
            -73.89248,
            40.72508
          ],
          [
            -73.89222,
            40.72511
          ],
          [
            -73.89193,
            40.72516
          ],
          [
            -73.89164,
            40.72522
          ],
          [
            -73.89146,
            40.72527
          ],
          [
            -73.89127,
            40.72532
          ],
          [
            -73.89108,
            40.72538
          ],
          [
            -73.89089,
            40.72545
          ],
          [
            -73.89069,
            40.72554
          ],
          [
            -73.89043,
            40.72566
          ],
          [
            -73.8903,
            40.72572
          ],
          [
            -73.89028,
            40.72573
          ],
          [
            -73.89028,
            40.72573
          ],
          [
            -73.89011,
            40.72589
          ],
          [
            -73.88981,
            40.72605
          ],
          [
            -73.88953,
            40.72622
          ],
          [
            -73.88923,
            40.7264
          ],
          [
            -73.88901,
            40.72653
          ],
          [
            -73.88799,
            40.72714
          ],
          [
            -73.88782,
            40.72724
          ],
          [
            -73.88761,
            40.72735
          ],
          [
            -73.88741,
            40.72744
          ],
          [
            -73.88723,
            40.72753
          ],
          [
            -73.887,
            40.72762
          ],
          [
            -73.88681,
            40.7277
          ],
          [
            -73.88662,
            40.72777
          ],
          [
            -73.88641,
            40.72784
          ],
          [
            -73.88618,
            40.72791
          ],
          [
            -73.88598,
            40.72796
          ],
          [
            -73.88578,
            40.72801
          ],
          [
            -73.88559,
            40.72804
          ],
          [
            -73.88539,
            40.72808
          ],
          [
            -73.88517,
            40.72811
          ],
          [
            -73.88477,
            40.72816
          ],
          [
            -73.88447,
            40.7282
          ],
          [
            -73.88416,
            40.72823
          ],
          [
            -73.88367,
            40.72829
          ],
          [
            -73.88218,
            40.72841
          ],
          [
            -73.88167,
            40.72844
          ],
          [
            -73.88129,
            40.72847
          ],
          [
            -73.88099,
            40.7285
          ],
          [
            -73.88093,
            40.7285
          ],
          [
            -73.88093,
            40.7285
          ],
          [
            -73.88057,
            40.72854
          ],
          [
            -73.88042,
            40.72856
          ],
          [
            -73.88028,
            40.72859
          ],
          [
            -73.88015,
            40.72861
          ],
          [
            -73.88,
            40.72865
          ],
          [
            -73.87986,
            40.72868
          ],
          [
            -73.87974,
            40.72872
          ],
          [
            -73.87959,
            40.72876
          ],
          [
            -73.87946,
            40.7288
          ],
          [
            -73.87932,
            40.72885
          ],
          [
            -73.87919,
            40.7289
          ],
          [
            -73.87906,
            40.72895
          ],
          [
            -73.87895,
            40.729
          ],
          [
            -73.87821,
            40.72934
          ],
          [
            -73.87796,
            40.72945
          ],
          [
            -73.87772,
            40.72955
          ],
          [
            -73.87748,
            40.72964
          ],
          [
            -73.8772,
            40.72975
          ],
          [
            -73.87689,
            40.72986
          ],
          [
            -73.87663,
            40.72995
          ],
          [
            -73.87636,
            40.73005
          ],
          [
            -73.87605,
            40.73015
          ],
          [
            -73.87507,
            40.73045
          ],
          [
            -73.87452,
            40.73063
          ],
          [
            -73.87368,
            40.73088
          ],
          [
            -73.87368,
            40.73088
          ],
          [
            -73.87257,
            40.73122
          ],
          [
            -73.87224,
            40.73131
          ],
          [
            -73.87224,
            40.73131
          ],
          [
            -73.87181,
            40.73142
          ],
          [
            -73.87107,
            40.73163
          ],
          [
            -73.871,
            40.73165
          ],
          [
            -73.87092,
            40.73166
          ],
          [
            -73.87085,
            40.73167
          ],
          [
            -73.87077,
            40.73168
          ],
          [
            -73.87069,
            40.73167
          ],
          [
            -73.87061,
            40.73167
          ],
          [
            -73.87055,
            40.73166
          ],
          [
            -73.87046,
            40.73164
          ],
          [
            -73.87038,
            40.73162
          ],
          [
            -73.87029,
            40.73159
          ],
          [
            -73.86986,
            40.73143
          ],
          [
            -73.86979,
            40.73141
          ],
          [
            -73.86972,
            40.7314
          ],
          [
            -73.86965,
            40.73139
          ],
          [
            -73.86959,
            40.7314
          ],
          [
            -73.86952,
            40.73141
          ],
          [
            -73.86944,
            40.73143
          ],
          [
            -73.86937,
            40.73146
          ],
          [
            -73.86931,
            40.7315
          ],
          [
            -73.86927,
            40.73154
          ],
          [
            -73.86923,
            40.73158
          ],
          [
            -73.86919,
            40.73163
          ],
          [
            -73.8688,
            40.7321
          ],
          [
            -73.86864,
            40.73225
          ],
          [
            -73.86864,
            40.73225
          ],
          [
            -73.86856,
            40.7323
          ],
          [
            -73.86839,
            40.73242
          ],
          [
            -73.86834,
            40.73245
          ],
          [
            -73.86826,
            40.73251
          ],
          [
            -73.86819,
            40.73254
          ],
          [
            -73.86809,
            40.73259
          ],
          [
            -73.86788,
            40.73267
          ],
          [
            -73.86779,
            40.73269
          ],
          [
            -73.86771,
            40.7327
          ],
          [
            -73.86762,
            40.73272
          ],
          [
            -73.86752,
            40.73272
          ],
          [
            -73.86736,
            40.73274
          ],
          [
            -73.86736,
            40.73274
          ],
          [
            -73.86727,
            40.73277
          ],
          [
            -73.86712,
            40.73281
          ],
          [
            -73.86663,
            40.73296
          ],
          [
            -73.86617,
            40.73309
          ],
          [
            -73.86592,
            40.73317
          ],
          [
            -73.86567,
            40.73326
          ],
          [
            -73.86542,
            40.73335
          ],
          [
            -73.8652,
            40.73344
          ],
          [
            -73.86494,
            40.73354
          ],
          [
            -73.86468,
            40.73363
          ],
          [
            -73.86446,
            40.73371
          ],
          [
            -73.86435,
            40.73374
          ],
          [
            -73.86435,
            40.73374
          ],
          [
            -73.86462,
            40.73428
          ],
          [
            -73.86465,
            40.73435
          ],
          [
            -73.86478,
            40.7346
          ],
          [
            -73.86482,
            40.73466
          ],
          [
            -73.86498,
            40.73499
          ],
          [
            -73.86513,
            40.73527
          ],
          [
            -73.86516,
            40.73533
          ],
          [
            -73.86519,
            40.73539
          ],
          [
            -73.86524,
            40.73548
          ],
          [
            -73.8655,
            40.73599
          ],
          [
            -73.86552,
            40.73603
          ],
          [
            -73.8657,
            40.7364
          ],
          [
            -73.86579,
            40.73657
          ],
          [
            -73.86583,
            40.73664
          ],
          [
            -73.86583,
            40.73664
          ],
          [
            -73.86572,
            40.73668
          ],
          [
            -73.8654,
            40.73677
          ],
          [
            -73.86493,
            40.73691
          ],
          [
            -73.86493,
            40.73691
          ],
          [
            -73.86497,
            40.73699
          ],
          [
            -73.86508,
            40.73728
          ],
          [
            -73.86511,
            40.73735
          ],
          [
            -73.86544,
            40.73815
          ],
          [
            -73.86544,
            40.73815
          ],
          [
            -73.86548,
            40.73826
          ],
          [
            -73.86548,
            40.73826
          ],
          [
            -73.86553,
            40.73838
          ],
          [
            -73.86555,
            40.73843
          ],
          [
            -73.86558,
            40.73849
          ],
          [
            -73.86619,
            40.74
          ],
          [
            -73.86621,
            40.74005
          ],
          [
            -73.86624,
            40.74012
          ],
          [
            -73.86657,
            40.74093
          ],
          [
            -73.86689,
            40.74173
          ],
          [
            -73.86691,
            40.74177
          ],
          [
            -73.86693,
            40.74183
          ],
          [
            -73.86693,
            40.74183
          ],
          [
            -73.8661,
            40.74202
          ],
          [
            -73.86603,
            40.74204
          ],
          [
            -73.86595,
            40.74206
          ],
          [
            -73.86514,
            40.74225
          ],
          [
            -73.8647,
            40.74235
          ],
          [
            -73.86456,
            40.74238
          ],
          [
            -73.86433,
            40.74244
          ],
          [
            -73.86424,
            40.74246
          ],
          [
            -73.86415,
            40.74248
          ],
          [
            -73.86363,
            40.7426
          ],
          [
            -73.86352,
            40.74263
          ],
          [
            -73.86289,
            40.74278
          ],
          [
            -73.86251,
            40.74287
          ],
          [
            -73.86241,
            40.74289
          ],
          [
            -73.86241,
            40.74289
          ],
          [
            -73.86244,
            40.74296
          ],
          [
            -73.86259,
            40.74326
          ],
          [
            -73.86272,
            40.74353
          ],
          [
            -73.86276,
            40.7436
          ],
          [
            -73.86279,
            40.74367
          ],
          [
            -73.86314,
            40.74433
          ],
          [
            -73.86315,
            40.7444
          ],
          [
            -73.86312,
            40.74445
          ],
          [
            -73.86308,
            40.74451
          ],
          [
            -73.86306,
            40.74453
          ],
          [
            -73.86301,
            40.74459
          ],
          [
            -73.86301,
            40.74459
          ],
          [
            -73.86291,
            40.74455
          ],
          [
            -73.86255,
            40.74438
          ],
          [
            -73.86239,
            40.74434
          ],
          [
            -73.86238,
            40.74433
          ],
          [
            -73.86218,
            40.74432
          ],
          [
            -73.86218,
            40.74432
          ],
          [
            -73.86218,
            40.74432
          ],
          [
            -73.86238,
            40.74433
          ],
          [
            -73.86239,
            40.74434
          ],
          [
            -73.86255,
            40.74438
          ],
          [
            -73.86291,
            40.74455
          ],
          [
            -73.86301,
            40.74459
          ],
          [
            -73.86301,
            40.74459
          ],
          [
            -73.86306,
            40.74453
          ],
          [
            -73.86308,
            40.74451
          ],
          [
            -73.86312,
            40.74445
          ],
          [
            -73.86315,
            40.7444
          ],
          [
            -73.86314,
            40.74433
          ],
          [
            -73.86279,
            40.74367
          ],
          [
            -73.86276,
            40.7436
          ],
          [
            -73.86272,
            40.74353
          ],
          [
            -73.86259,
            40.74326
          ],
          [
            -73.86244,
            40.74296
          ],
          [
            -73.86241,
            40.74289
          ],
          [
            -73.86238,
            40.74283
          ],
          [
            -73.86215,
            40.74228
          ],
          [
            -73.86189,
            40.74167
          ],
          [
            -73.86185,
            40.74159
          ],
          [
            -73.86182,
            40.74153
          ],
          [
            -73.86151,
            40.74099
          ],
          [
            -73.8615,
            40.74097
          ],
          [
            -73.86144,
            40.74087
          ],
          [
            -73.86143,
            40.74085
          ],
          [
            -73.86117,
            40.7404
          ],
          [
            -73.86111,
            40.74028
          ],
          [
            -73.8611,
            40.74027
          ],
          [
            -73.86077,
            40.7397
          ],
          [
            -73.86073,
            40.73962
          ],
          [
            -73.86069,
            40.73956
          ],
          [
            -73.86067,
            40.73952
          ],
          [
            -73.86055,
            40.7393
          ],
          [
            -73.86013,
            40.73849
          ],
          [
            -73.86011,
            40.73845
          ],
          [
            -73.86007,
            40.73837
          ],
          [
            -73.86004,
            40.73831
          ],
          [
            -73.8599,
            40.73804
          ],
          [
            -73.85984,
            40.73792
          ],
          [
            -73.85973,
            40.73771
          ],
          [
            -73.85942,
            40.73711
          ],
          [
            -73.85939,
            40.73704
          ],
          [
            -73.85936,
            40.73699
          ],
          [
            -73.85905,
            40.73638
          ],
          [
            -73.8589,
            40.73609
          ],
          [
            -73.85887,
            40.73603
          ],
          [
            -73.85883,
            40.73595
          ],
          [
            -73.85883,
            40.73595
          ],
          [
            -73.85905,
            40.73584
          ],
          [
            -73.86034,
            40.73545
          ],
          [
            -73.86084,
            40.73531
          ],
          [
            -73.86135,
            40.73515
          ],
          [
            -73.86193,
            40.73498
          ],
          [
            -73.86229,
            40.73485
          ],
          [
            -73.8643,
            40.73426
          ],
          [
            -73.86484,
            40.7341
          ],
          [
            -73.86512,
            40.73401
          ],
          [
            -73.86512,
            40.73401
          ],
          [
            -73.86552,
            40.73388
          ],
          [
            -73.86608,
            40.73371
          ],
          [
            -73.86664,
            40.73354
          ],
          [
            -73.86743,
            40.73331
          ],
          [
            -73.86765,
            40.73326
          ],
          [
            -73.8678,
            40.73321
          ],
          [
            -73.86852,
            40.73299
          ],
          [
            -73.86921,
            40.73277
          ],
          [
            -73.87033,
            40.73239
          ],
          [
            -73.8705,
            40.73234
          ],
          [
            -73.8705,
            40.73234
          ],
          [
            -73.87078,
            40.73222
          ],
          [
            -73.8715,
            40.73198
          ],
          [
            -73.87307,
            40.73145
          ],
          [
            -73.87339,
            40.73135
          ],
          [
            -73.87387,
            40.7312
          ],
          [
            -73.8742,
            40.73112
          ],
          [
            -73.87443,
            40.73106
          ],
          [
            -73.87466,
            40.731
          ],
          [
            -73.8749,
            40.73094
          ],
          [
            -73.87514,
            40.73088
          ],
          [
            -73.87576,
            40.73073
          ],
          [
            -73.8759,
            40.73069
          ],
          [
            -73.87607,
            40.73065
          ],
          [
            -73.87626,
            40.73059
          ],
          [
            -73.87644,
            40.73053
          ],
          [
            -73.87662,
            40.73046
          ],
          [
            -73.8768,
            40.73039
          ],
          [
            -73.87699,
            40.73031
          ],
          [
            -73.87916,
            40.72942
          ],
          [
            -73.87934,
            40.72935
          ],
          [
            -73.87951,
            40.72929
          ],
          [
            -73.87968,
            40.72923
          ],
          [
            -73.87986,
            40.72918
          ],
          [
            -73.88003,
            40.72913
          ],
          [
            -73.88021,
            40.72908
          ],
          [
            -73.88038,
            40.72904
          ],
          [
            -73.88055,
            40.729
          ],
          [
            -73.88072,
            40.72897
          ],
          [
            -73.88087,
            40.72894
          ],
          [
            -73.88103,
            40.72891
          ],
          [
            -73.88118,
            40.72889
          ],
          [
            -73.88134,
            40.72887
          ],
          [
            -73.88149,
            40.72885
          ],
          [
            -73.88166,
            40.72884
          ],
          [
            -73.88195,
            40.72882
          ],
          [
            -73.88247,
            40.72878
          ],
          [
            -73.88467,
            40.72861
          ],
          [
            -73.88494,
            40.72858
          ],
          [
            -73.88515,
            40.72856
          ],
          [
            -73.88527,
            40.72854
          ],
          [
            -73.88527,
            40.72854
          ],
          [
            -73.88573,
            40.72849
          ],
          [
            -73.88608,
            40.72843
          ],
          [
            -73.88631,
            40.72838
          ],
          [
            -73.88647,
            40.72834
          ],
          [
            -73.88663,
            40.7283
          ],
          [
            -73.88682,
            40.72824
          ],
          [
            -73.88699,
            40.72818
          ],
          [
            -73.88722,
            40.72808
          ],
          [
            -73.88743,
            40.728
          ],
          [
            -73.88756,
            40.72794
          ],
          [
            -73.88775,
            40.72784
          ],
          [
            -73.88793,
            40.72774
          ],
          [
            -73.8881,
            40.72765
          ],
          [
            -73.88829,
            40.72753
          ],
          [
            -73.88938,
            40.72685
          ],
          [
            -73.8896,
            40.72672
          ],
          [
            -73.88979,
            40.72661
          ],
          [
            -73.89001,
            40.72649
          ],
          [
            -73.89026,
            40.72637
          ],
          [
            -73.89053,
            40.72625
          ],
          [
            -73.89096,
            40.72613
          ],
          [
            -73.89096,
            40.72613
          ],
          [
            -73.89121,
            40.72603
          ],
          [
            -73.89145,
            40.72595
          ],
          [
            -73.89176,
            40.72587
          ],
          [
            -73.89205,
            40.72579
          ],
          [
            -73.89233,
            40.72573
          ],
          [
            -73.89261,
            40.72567
          ],
          [
            -73.89292,
            40.72562
          ],
          [
            -73.89319,
            40.72558
          ],
          [
            -73.89348,
            40.72555
          ],
          [
            -73.89377,
            40.72553
          ],
          [
            -73.89397,
            40.72552
          ],
          [
            -73.8942,
            40.72551
          ],
          [
            -73.89435,
            40.72551
          ],
          [
            -73.89451,
            40.72552
          ],
          [
            -73.89466,
            40.72552
          ],
          [
            -73.89487,
            40.72553
          ],
          [
            -73.89494,
            40.72553
          ],
          [
            -73.89508,
            40.72554
          ],
          [
            -73.89521,
            40.72555
          ],
          [
            -73.89572,
            40.72561
          ],
          [
            -73.89585,
            40.72562
          ],
          [
            -73.89585,
            40.72562
          ],
          [
            -73.89599,
            40.72556
          ],
          [
            -73.89651,
            40.72527
          ],
          [
            -73.89671,
            40.72517
          ],
          [
            -73.89682,
            40.72512
          ],
          [
            -73.89696,
            40.72505
          ],
          [
            -73.8972,
            40.72492
          ],
          [
            -73.89806,
            40.72449
          ],
          [
            -73.89836,
            40.72433
          ],
          [
            -73.89844,
            40.72429
          ],
          [
            -73.89852,
            40.72426
          ],
          [
            -73.89867,
            40.72417
          ],
          [
            -73.89869,
            40.72416
          ],
          [
            -73.89883,
            40.72409
          ],
          [
            -73.89954,
            40.72372
          ],
          [
            -73.89961,
            40.72368
          ],
          [
            -73.89968,
            40.72365
          ],
          [
            -73.89992,
            40.72353
          ],
          [
            -73.90062,
            40.72317
          ],
          [
            -73.90062,
            40.72317
          ],
          [
            -73.90125,
            40.72278
          ],
          [
            -73.90143,
            40.72266
          ],
          [
            -73.9015,
            40.72262
          ],
          [
            -73.90158,
            40.72257
          ],
          [
            -73.90182,
            40.72242
          ],
          [
            -73.90227,
            40.72215
          ],
          [
            -73.90312,
            40.72163
          ],
          [
            -73.90312,
            40.72163
          ],
          [
            -73.90309,
            40.72154
          ],
          [
            -73.90309,
            40.72152
          ],
          [
            -73.90301,
            40.72125
          ],
          [
            -73.90301,
            40.72125
          ],
          [
            -73.90301,
            40.72125
          ],
          [
            -73.90309,
            40.72152
          ],
          [
            -73.90309,
            40.72154
          ],
          [
            -73.90312,
            40.72163
          ],
          [
            -73.90312,
            40.72163
          ],
          [
            -73.90227,
            40.72215
          ],
          [
            -73.90182,
            40.72242
          ],
          [
            -73.90158,
            40.72257
          ],
          [
            -73.9015,
            40.72262
          ],
          [
            -73.90143,
            40.72266
          ],
          [
            -73.90125,
            40.72278
          ],
          [
            -73.90062,
            40.72317
          ],
          [
            -73.90062,
            40.72317
          ],
          [
            -73.89992,
            40.72353
          ],
          [
            -73.89968,
            40.72365
          ],
          [
            -73.89961,
            40.72368
          ],
          [
            -73.89954,
            40.72372
          ],
          [
            -73.89883,
            40.72409
          ],
          [
            -73.89869,
            40.72416
          ],
          [
            -73.89867,
            40.72417
          ],
          [
            -73.89852,
            40.72426
          ],
          [
            -73.89844,
            40.72429
          ],
          [
            -73.89836,
            40.72433
          ],
          [
            -73.89806,
            40.72449
          ],
          [
            -73.8972,
            40.72492
          ],
          [
            -73.89696,
            40.72505
          ],
          [
            -73.89682,
            40.72512
          ],
          [
            -73.89671,
            40.72517
          ],
          [
            -73.89671,
            40.72517
          ],
          [
            -73.89654,
            40.72516
          ],
          [
            -73.89604,
            40.72511
          ],
          [
            -73.89481,
            40.72501
          ],
          [
            -73.89469,
            40.725
          ],
          [
            -73.89456,
            40.72499
          ],
          [
            -73.89451,
            40.72499
          ],
          [
            -73.89425,
            40.72498
          ],
          [
            -73.89397,
            40.72497
          ],
          [
            -73.89383,
            40.72498
          ],
          [
            -73.89352,
            40.72499
          ],
          [
            -73.89327,
            40.725
          ],
          [
            -73.89301,
            40.72502
          ],
          [
            -73.89274,
            40.72504
          ],
          [
            -73.89248,
            40.72508
          ],
          [
            -73.89222,
            40.72511
          ],
          [
            -73.89193,
            40.72516
          ],
          [
            -73.89164,
            40.72522
          ],
          [
            -73.89146,
            40.72527
          ],
          [
            -73.89127,
            40.72532
          ],
          [
            -73.89108,
            40.72538
          ],
          [
            -73.89089,
            40.72545
          ],
          [
            -73.89069,
            40.72554
          ],
          [
            -73.89043,
            40.72566
          ],
          [
            -73.8903,
            40.72572
          ],
          [
            -73.89028,
            40.72573
          ],
          [
            -73.89028,
            40.72573
          ],
          [
            -73.89011,
            40.72589
          ],
          [
            -73.88981,
            40.72605
          ],
          [
            -73.88953,
            40.72622
          ],
          [
            -73.88923,
            40.7264
          ],
          [
            -73.88901,
            40.72653
          ],
          [
            -73.88799,
            40.72714
          ],
          [
            -73.88782,
            40.72724
          ],
          [
            -73.88761,
            40.72735
          ],
          [
            -73.88741,
            40.72744
          ],
          [
            -73.88723,
            40.72753
          ],
          [
            -73.887,
            40.72762
          ],
          [
            -73.88681,
            40.7277
          ],
          [
            -73.88662,
            40.72777
          ],
          [
            -73.88641,
            40.72784
          ],
          [
            -73.88618,
            40.72791
          ],
          [
            -73.88598,
            40.72796
          ],
          [
            -73.88578,
            40.72801
          ],
          [
            -73.88559,
            40.72804
          ],
          [
            -73.88539,
            40.72808
          ],
          [
            -73.88517,
            40.72811
          ],
          [
            -73.88477,
            40.72816
          ],
          [
            -73.88447,
            40.7282
          ],
          [
            -73.88416,
            40.72823
          ],
          [
            -73.88367,
            40.72829
          ],
          [
            -73.88218,
            40.72841
          ],
          [
            -73.88167,
            40.72844
          ],
          [
            -73.88129,
            40.72847
          ],
          [
            -73.88099,
            40.7285
          ],
          [
            -73.88093,
            40.7285
          ],
          [
            -73.88093,
            40.7285
          ],
          [
            -73.88057,
            40.72854
          ],
          [
            -73.88042,
            40.72856
          ],
          [
            -73.88028,
            40.72859
          ],
          [
            -73.88015,
            40.72861
          ],
          [
            -73.88,
            40.72865
          ],
          [
            -73.87986,
            40.72868
          ],
          [
            -73.87974,
            40.72872
          ],
          [
            -73.87959,
            40.72876
          ],
          [
            -73.87946,
            40.7288
          ],
          [
            -73.87932,
            40.72885
          ],
          [
            -73.87919,
            40.7289
          ],
          [
            -73.87906,
            40.72895
          ],
          [
            -73.87895,
            40.729
          ],
          [
            -73.87821,
            40.72934
          ],
          [
            -73.87796,
            40.72945
          ],
          [
            -73.87772,
            40.72955
          ],
          [
            -73.87748,
            40.72964
          ],
          [
            -73.8772,
            40.72975
          ],
          [
            -73.87689,
            40.72986
          ],
          [
            -73.87663,
            40.72995
          ],
          [
            -73.87636,
            40.73005
          ],
          [
            -73.87605,
            40.73015
          ],
          [
            -73.87507,
            40.73045
          ],
          [
            -73.87452,
            40.73063
          ],
          [
            -73.87368,
            40.73088
          ],
          [
            -73.87368,
            40.73088
          ],
          [
            -73.87257,
            40.73122
          ],
          [
            -73.87224,
            40.73131
          ],
          [
            -73.87224,
            40.73131
          ],
          [
            -73.87181,
            40.73142
          ],
          [
            -73.87107,
            40.73163
          ],
          [
            -73.871,
            40.73165
          ],
          [
            -73.87092,
            40.73166
          ],
          [
            -73.87085,
            40.73167
          ],
          [
            -73.87077,
            40.73168
          ],
          [
            -73.87069,
            40.73167
          ],
          [
            -73.87061,
            40.73167
          ],
          [
            -73.87055,
            40.73166
          ],
          [
            -73.87046,
            40.73164
          ],
          [
            -73.87038,
            40.73162
          ],
          [
            -73.87029,
            40.73159
          ],
          [
            -73.86986,
            40.73143
          ],
          [
            -73.86979,
            40.73141
          ],
          [
            -73.86972,
            40.7314
          ],
          [
            -73.86965,
            40.73139
          ],
          [
            -73.86959,
            40.7314
          ],
          [
            -73.86952,
            40.73141
          ],
          [
            -73.86944,
            40.73143
          ],
          [
            -73.86937,
            40.73146
          ],
          [
            -73.86931,
            40.7315
          ],
          [
            -73.86927,
            40.73154
          ],
          [
            -73.86923,
            40.73158
          ],
          [
            -73.86919,
            40.73163
          ],
          [
            -73.8688,
            40.7321
          ],
          [
            -73.86864,
            40.73225
          ],
          [
            -73.86864,
            40.73225
          ],
          [
            -73.86856,
            40.7323
          ],
          [
            -73.86839,
            40.73242
          ],
          [
            -73.86834,
            40.73245
          ],
          [
            -73.86826,
            40.73251
          ],
          [
            -73.86819,
            40.73254
          ],
          [
            -73.86809,
            40.73259
          ],
          [
            -73.86788,
            40.73267
          ],
          [
            -73.86779,
            40.73269
          ],
          [
            -73.86771,
            40.7327
          ],
          [
            -73.86762,
            40.73272
          ],
          [
            -73.86752,
            40.73272
          ],
          [
            -73.86736,
            40.73274
          ],
          [
            -73.86736,
            40.73274
          ],
          [
            -73.86727,
            40.73277
          ],
          [
            -73.86712,
            40.73281
          ],
          [
            -73.86663,
            40.73296
          ],
          [
            -73.86617,
            40.73309
          ],
          [
            -73.86592,
            40.73317
          ],
          [
            -73.86567,
            40.73326
          ],
          [
            -73.86542,
            40.73335
          ],
          [
            -73.8652,
            40.73344
          ],
          [
            -73.86494,
            40.73354
          ],
          [
            -73.86468,
            40.73363
          ],
          [
            -73.86446,
            40.73371
          ],
          [
            -73.86435,
            40.73374
          ],
          [
            -73.86435,
            40.73374
          ],
          [
            -73.86462,
            40.73428
          ],
          [
            -73.86465,
            40.73435
          ],
          [
            -73.86478,
            40.7346
          ],
          [
            -73.86482,
            40.73466
          ],
          [
            -73.86498,
            40.73499
          ],
          [
            -73.86513,
            40.73527
          ],
          [
            -73.86516,
            40.73533
          ],
          [
            -73.86519,
            40.73539
          ],
          [
            -73.86524,
            40.73548
          ],
          [
            -73.8655,
            40.73599
          ],
          [
            -73.86552,
            40.73603
          ],
          [
            -73.8657,
            40.7364
          ],
          [
            -73.86579,
            40.73657
          ],
          [
            -73.86583,
            40.73664
          ],
          [
            -73.86587,
            40.73673
          ],
          [
            -73.86588,
            40.73676
          ],
          [
            -73.86595,
            40.73691
          ],
          [
            -73.86607,
            40.73719
          ],
          [
            -73.8661,
            40.73725
          ],
          [
            -73.86613,
            40.73733
          ],
          [
            -73.86615,
            40.73739
          ],
          [
            -73.86628,
            40.73771
          ],
          [
            -73.86637,
            40.73794
          ],
          [
            -73.86646,
            40.73816
          ],
          [
            -73.86648,
            40.73821
          ],
          [
            -73.86651,
            40.73828
          ],
          [
            -73.86676,
            40.73889
          ],
          [
            -73.86688,
            40.73917
          ],
          [
            -73.86704,
            40.73957
          ],
          [
            -73.86715,
            40.73984
          ],
          [
            -73.86732,
            40.74026
          ],
          [
            -73.86756,
            40.74094
          ],
          [
            -73.86756,
            40.74101
          ],
          [
            -73.86757,
            40.74162
          ],
          [
            -73.86757,
            40.74168
          ],
          [
            -73.86755,
            40.74175
          ],
          [
            -73.86749,
            40.74201
          ],
          [
            -73.86748,
            40.7421
          ],
          [
            -73.86748,
            40.7421
          ],
          [
            -73.86736,
            40.7421
          ],
          [
            -73.86726,
            40.74214
          ],
          [
            -73.86717,
            40.74219
          ],
          [
            -73.86699,
            40.74233
          ],
          [
            -73.86635,
            40.74282
          ],
          [
            -73.86621,
            40.74293
          ],
          [
            -73.86613,
            40.743
          ],
          [
            -73.86611,
            40.74304
          ],
          [
            -73.8661,
            40.74305
          ],
          [
            -73.86608,
            40.7431
          ],
          [
            -73.86607,
            40.74315
          ],
          [
            -73.86592,
            40.74381
          ],
          [
            -73.86586,
            40.74404
          ],
          [
            -73.86585,
            40.74408
          ],
          [
            -73.86582,
            40.74413
          ],
          [
            -73.86577,
            40.74417
          ],
          [
            -73.8656,
            40.74428
          ],
          [
            -73.86521,
            40.74454
          ],
          [
            -73.86512,
            40.74461
          ],
          [
            -73.86488,
            40.74476
          ],
          [
            -73.86482,
            40.7448
          ],
          [
            -73.86478,
            40.74482
          ],
          [
            -73.86478,
            40.74482
          ],
          [
            -73.86478,
            40.74482
          ],
          [
            -73.86482,
            40.7448
          ],
          [
            -73.86488,
            40.74476
          ],
          [
            -73.86512,
            40.74461
          ],
          [
            -73.86521,
            40.74454
          ],
          [
            -73.8656,
            40.74428
          ],
          [
            -73.86577,
            40.74417
          ],
          [
            -73.86582,
            40.74413
          ],
          [
            -73.86585,
            40.74408
          ],
          [
            -73.86586,
            40.74404
          ],
          [
            -73.86592,
            40.74381
          ],
          [
            -73.86599,
            40.74348
          ],
          [
            -73.86599,
            40.74348
          ],
          [
            -73.86599,
            40.74348
          ],
          [
            -73.86607,
            40.74315
          ],
          [
            -73.86608,
            40.7431
          ],
          [
            -73.8661,
            40.74305
          ],
          [
            -73.86611,
            40.74304
          ],
          [
            -73.86613,
            40.743
          ],
          [
            -73.86621,
            40.74293
          ],
          [
            -73.86635,
            40.74282
          ],
          [
            -73.86699,
            40.74233
          ],
          [
            -73.86717,
            40.74219
          ],
          [
            -73.86726,
            40.74214
          ],
          [
            -73.86736,
            40.7421
          ],
          [
            -73.86748,
            40.7421
          ],
          [
            -73.86748,
            40.7421
          ],
          [
            -73.86749,
            40.74201
          ],
          [
            -73.86755,
            40.74175
          ],
          [
            -73.86757,
            40.74168
          ],
          [
            -73.86757,
            40.74162
          ],
          [
            -73.86756,
            40.74101
          ],
          [
            -73.86756,
            40.74094
          ],
          [
            -73.86732,
            40.74026
          ],
          [
            -73.86715,
            40.73984
          ],
          [
            -73.86704,
            40.73957
          ],
          [
            -73.86704,
            40.73957
          ],
          [
            -73.86714,
            40.73955
          ],
          [
            -73.86859,
            40.73923
          ],
          [
            -73.86865,
            40.73922
          ],
          [
            -73.86872,
            40.7392
          ],
          [
            -73.86879,
            40.73918
          ],
          [
            -73.8708,
            40.73875
          ],
          [
            -73.87087,
            40.73873
          ],
          [
            -73.87095,
            40.73871
          ],
          [
            -73.87095,
            40.73871
          ],
          [
            -73.87092,
            40.73866
          ],
          [
            -73.8707,
            40.73809
          ],
          [
            -73.87067,
            40.73803
          ],
          [
            -73.87065,
            40.73797
          ],
          [
            -73.87044,
            40.7374
          ],
          [
            -73.87042,
            40.73735
          ],
          [
            -73.87039,
            40.73729
          ],
          [
            -73.87013,
            40.73661
          ],
          [
            -73.8701,
            40.73652
          ],
          [
            -73.87007,
            40.73646
          ],
          [
            -73.86976,
            40.73558
          ],
          [
            -73.86973,
            40.7355
          ],
          [
            -73.8697,
            40.73541
          ],
          [
            -73.86967,
            40.73534
          ],
          [
            -73.86964,
            40.73527
          ],
          [
            -73.86961,
            40.73519
          ],
          [
            -73.8696,
            40.73517
          ],
          [
            -73.86958,
            40.73512
          ],
          [
            -73.86956,
            40.73508
          ],
          [
            -73.86953,
            40.73499
          ],
          [
            -73.86945,
            40.7348
          ],
          [
            -73.86942,
            40.73474
          ],
          [
            -73.86927,
            40.73436
          ],
          [
            -73.86923,
            40.73425
          ],
          [
            -73.86921,
            40.73422
          ],
          [
            -73.86918,
            40.73414
          ],
          [
            -73.86915,
            40.73407
          ],
          [
            -73.869,
            40.7337
          ],
          [
            -73.86892,
            40.73351
          ],
          [
            -73.8689,
            40.73345
          ],
          [
            -73.8689,
            40.73345
          ],
          [
            -73.86926,
            40.73334
          ],
          [
            -73.86926,
            40.73334
          ],
          [
            -73.86947,
            40.73341
          ],
          [
            -73.87004,
            40.73361
          ],
          [
            -73.87014,
            40.73364
          ],
          [
            -73.87014,
            40.73364
          ],
          [
            -73.87037,
            40.73371
          ],
          [
            -73.87038,
            40.73364
          ],
          [
            -73.8705,
            40.73342
          ],
          [
            -73.87057,
            40.73332
          ],
          [
            -73.87062,
            40.73325
          ],
          [
            -73.87074,
            40.73303
          ],
          [
            -73.871,
            40.73256
          ],
          [
            -73.871,
            40.73256
          ],
          [
            -73.87118,
            40.73247
          ],
          [
            -73.8712,
            40.73246
          ],
          [
            -73.87125,
            40.73244
          ],
          [
            -73.87131,
            40.73243
          ],
          [
            -73.87138,
            40.73242
          ],
          [
            -73.87146,
            40.73242
          ],
          [
            -73.87155,
            40.73243
          ],
          [
            -73.87203,
            40.73248
          ],
          [
            -73.87213,
            40.73249
          ],
          [
            -73.8722,
            40.73249
          ],
          [
            -73.87227,
            40.73248
          ],
          [
            -73.87234,
            40.73247
          ],
          [
            -73.87239,
            40.73244
          ],
          [
            -73.87245,
            40.73241
          ],
          [
            -73.8725,
            40.73239
          ],
          [
            -73.87255,
            40.73234
          ],
          [
            -73.8731,
            40.73176
          ],
          [
            -73.87319,
            40.73167
          ],
          [
            -73.87328,
            40.73158
          ],
          [
            -73.87337,
            40.7315
          ],
          [
            -73.87347,
            40.73144
          ],
          [
            -73.87357,
            40.73137
          ],
          [
            -73.87368,
            40.73132
          ],
          [
            -73.87378,
            40.73128
          ],
          [
            -73.87389,
            40.73123
          ],
          [
            -73.8742,
            40.73112
          ],
          [
            -73.87443,
            40.73106
          ],
          [
            -73.87466,
            40.731
          ],
          [
            -73.8749,
            40.73094
          ],
          [
            -73.87514,
            40.73088
          ],
          [
            -73.87576,
            40.73073
          ],
          [
            -73.8759,
            40.73069
          ],
          [
            -73.87607,
            40.73065
          ],
          [
            -73.87626,
            40.73059
          ],
          [
            -73.87644,
            40.73053
          ],
          [
            -73.87662,
            40.73046
          ],
          [
            -73.8768,
            40.73039
          ],
          [
            -73.87699,
            40.73031
          ],
          [
            -73.87916,
            40.72942
          ],
          [
            -73.87934,
            40.72935
          ],
          [
            -73.87951,
            40.72929
          ],
          [
            -73.87968,
            40.72923
          ],
          [
            -73.87986,
            40.72918
          ],
          [
            -73.88003,
            40.72913
          ],
          [
            -73.88021,
            40.72908
          ],
          [
            -73.88038,
            40.72904
          ],
          [
            -73.88055,
            40.729
          ],
          [
            -73.88072,
            40.72897
          ],
          [
            -73.88087,
            40.72894
          ],
          [
            -73.88103,
            40.72891
          ],
          [
            -73.88118,
            40.72889
          ],
          [
            -73.88134,
            40.72887
          ],
          [
            -73.88149,
            40.72885
          ],
          [
            -73.88166,
            40.72884
          ],
          [
            -73.88195,
            40.72882
          ],
          [
            -73.88247,
            40.72878
          ],
          [
            -73.88467,
            40.72861
          ],
          [
            -73.88494,
            40.72858
          ],
          [
            -73.88515,
            40.72856
          ],
          [
            -73.88527,
            40.72854
          ],
          [
            -73.88527,
            40.72854
          ],
          [
            -73.88573,
            40.72849
          ],
          [
            -73.88608,
            40.72843
          ],
          [
            -73.88631,
            40.72838
          ],
          [
            -73.88647,
            40.72834
          ],
          [
            -73.88663,
            40.7283
          ],
          [
            -73.88682,
            40.72824
          ],
          [
            -73.88699,
            40.72818
          ],
          [
            -73.88722,
            40.72808
          ],
          [
            -73.88743,
            40.728
          ],
          [
            -73.88756,
            40.72794
          ],
          [
            -73.88775,
            40.72784
          ],
          [
            -73.88793,
            40.72774
          ],
          [
            -73.8881,
            40.72765
          ],
          [
            -73.88829,
            40.72753
          ],
          [
            -73.88938,
            40.72685
          ],
          [
            -73.8896,
            40.72672
          ],
          [
            -73.88979,
            40.72661
          ],
          [
            -73.89001,
            40.72649
          ],
          [
            -73.89026,
            40.72637
          ],
          [
            -73.89053,
            40.72625
          ],
          [
            -73.89096,
            40.72613
          ],
          [
            -73.89096,
            40.72613
          ],
          [
            -73.89121,
            40.72603
          ],
          [
            -73.89145,
            40.72595
          ],
          [
            -73.89176,
            40.72587
          ],
          [
            -73.89205,
            40.72579
          ],
          [
            -73.89233,
            40.72573
          ],
          [
            -73.89261,
            40.72567
          ],
          [
            -73.89292,
            40.72562
          ],
          [
            -73.89319,
            40.72558
          ],
          [
            -73.89348,
            40.72555
          ],
          [
            -73.89377,
            40.72553
          ],
          [
            -73.89397,
            40.72552
          ],
          [
            -73.8942,
            40.72551
          ],
          [
            -73.89435,
            40.72551
          ],
          [
            -73.89451,
            40.72552
          ],
          [
            -73.89466,
            40.72552
          ],
          [
            -73.89487,
            40.72553
          ],
          [
            -73.89494,
            40.72553
          ],
          [
            -73.89508,
            40.72554
          ],
          [
            -73.89521,
            40.72555
          ],
          [
            -73.89572,
            40.72561
          ],
          [
            -73.89585,
            40.72562
          ],
          [
            -73.89585,
            40.72562
          ],
          [
            -73.89599,
            40.72556
          ],
          [
            -73.89651,
            40.72527
          ],
          [
            -73.89671,
            40.72517
          ],
          [
            -73.89682,
            40.72512
          ],
          [
            -73.89696,
            40.72505
          ],
          [
            -73.8972,
            40.72492
          ],
          [
            -73.89806,
            40.72449
          ],
          [
            -73.89836,
            40.72433
          ],
          [
            -73.89844,
            40.72429
          ],
          [
            -73.89852,
            40.72426
          ],
          [
            -73.89867,
            40.72417
          ],
          [
            -73.89869,
            40.72416
          ],
          [
            -73.89883,
            40.72409
          ],
          [
            -73.89954,
            40.72372
          ],
          [
            -73.89961,
            40.72368
          ],
          [
            -73.89968,
            40.72365
          ],
          [
            -73.89992,
            40.72353
          ],
          [
            -73.90062,
            40.72317
          ],
          [
            -73.90062,
            40.72317
          ],
          [
            -73.90125,
            40.72278
          ],
          [
            -73.90143,
            40.72266
          ],
          [
            -73.9015,
            40.72262
          ],
          [
            -73.90158,
            40.72257
          ],
          [
            -73.90182,
            40.72242
          ],
          [
            -73.90227,
            40.72215
          ],
          [
            -73.90312,
            40.72163
          ],
          [
            -73.90312,
            40.72163
          ],
          [
            -73.90309,
            40.72154
          ],
          [
            -73.90309,
            40.72152
          ],
          [
            -73.90301,
            40.72125
          ],
          [
            -73.90257,
            40.71965
          ],
          [
            -73.90252,
            40.71947
          ],
          [
            -73.9025,
            40.71941
          ],
          [
            -73.90249,
            40.71937
          ],
          [
            -73.90243,
            40.71916
          ],
          [
            -73.9024,
            40.71904
          ],
          [
            -73.90233,
            40.71882
          ],
          [
            -73.90229,
            40.71868
          ],
          [
            -73.90218,
            40.71828
          ],
          [
            -73.90214,
            40.71811
          ],
          [
            -73.90213,
            40.71808
          ],
          [
            -73.9021,
            40.718
          ],
          [
            -73.90209,
            40.71795
          ],
          [
            -73.90184,
            40.71703
          ],
          [
            -73.90182,
            40.71697
          ],
          [
            -73.9018,
            40.71689
          ],
          [
            -73.90175,
            40.71673
          ],
          [
            -73.90167,
            40.71646
          ],
          [
            -73.90163,
            40.71632
          ],
          [
            -73.90162,
            40.71626
          ],
          [
            -73.90159,
            40.71617
          ],
          [
            -73.90155,
            40.71603
          ],
          [
            -73.90146,
            40.71572
          ],
          [
            -73.90144,
            40.71565
          ],
          [
            -73.90143,
            40.71559
          ],
          [
            -73.90138,
            40.71541
          ],
          [
            -73.90126,
            40.71498
          ],
          [
            -73.9012,
            40.71477
          ],
          [
            -73.90119,
            40.71473
          ],
          [
            -73.90116,
            40.71462
          ],
          [
            -73.90114,
            40.71454
          ],
          [
            -73.90105,
            40.71425
          ],
          [
            -73.90103,
            40.71417
          ],
          [
            -73.90095,
            40.71388
          ],
          [
            -73.90094,
            40.71384
          ],
          [
            -73.90089,
            40.71368
          ],
          [
            -73.90075,
            40.71317
          ],
          [
            -73.90075,
            40.71316
          ],
          [
            -73.90063,
            40.71278
          ],
          [
            -73.90059,
            40.7127
          ],
          [
            -73.90056,
            40.71263
          ],
          [
            -73.90051,
            40.71254
          ],
          [
            -73.90051,
            40.71253
          ],
          [
            -73.90049,
            40.7125
          ],
          [
            -73.90046,
            40.71244
          ],
          [
            -73.90039,
            40.7123
          ],
          [
            -73.90034,
            40.71221
          ],
          [
            -73.90031,
            40.71214
          ],
          [
            -73.90022,
            40.71198
          ],
          [
            -73.90019,
            40.7119
          ],
          [
            -73.90017,
            40.71187
          ],
          [
            -73.90009,
            40.71171
          ],
          [
            -73.89986,
            40.71127
          ],
          [
            -73.89983,
            40.71122
          ],
          [
            -73.89975,
            40.71106
          ],
          [
            -73.89971,
            40.71098
          ],
          [
            -73.89968,
            40.71093
          ],
          [
            -73.89948,
            40.71056
          ],
          [
            -73.89944,
            40.71048
          ],
          [
            -73.89939,
            40.71039
          ],
          [
            -73.89936,
            40.71032
          ],
          [
            -73.89932,
            40.71027
          ],
          [
            -73.89895,
            40.70974
          ],
          [
            -73.89891,
            40.70968
          ],
          [
            -73.89887,
            40.70963
          ],
          [
            -73.89876,
            40.70948
          ],
          [
            -73.8985,
            40.7091
          ],
          [
            -73.89845,
            40.70904
          ],
          [
            -73.89842,
            40.70899
          ],
          [
            -73.89805,
            40.70847
          ],
          [
            -73.898,
            40.7084
          ],
          [
            -73.89797,
            40.70835
          ],
          [
            -73.89784,
            40.70816
          ],
          [
            -73.89774,
            40.70802
          ],
          [
            -73.8976,
            40.70782
          ],
          [
            -73.89756,
            40.70776
          ],
          [
            -73.89754,
            40.70771
          ],
          [
            -73.89726,
            40.70715
          ],
          [
            -73.89723,
            40.7071
          ],
          [
            -73.89721,
            40.70704
          ],
          [
            -73.89697,
            40.70657
          ],
          [
            -73.89694,
            40.7065
          ],
          [
            -73.89694,
            40.7065
          ],
          [
            -73.89705,
            40.70647
          ],
          [
            -73.89737,
            40.7064
          ],
          [
            -73.898,
            40.70624
          ],
          [
            -73.89895,
            40.70602
          ],
          [
            -73.8999,
            40.70578
          ],
          [
            -73.89996,
            40.70577
          ],
          [
            -73.90005,
            40.70574
          ],
          [
            -73.90084,
            40.70552
          ],
          [
            -73.90196,
            40.7052
          ],
          [
            -73.90196,
            40.7052
          ],
          [
            -73.90196,
            40.7052
          ],
          [
            -73.90197,
            40.70519
          ],
          [
            -73.90204,
            40.70517
          ],
          [
            -73.90212,
            40.70515
          ],
          [
            -73.90212,
            40.70515
          ],
          [
            -73.90215,
            40.70522
          ],
          [
            -73.90233,
            40.70561
          ],
          [
            -73.90237,
            40.70568
          ],
          [
            -73.90241,
            40.70576
          ],
          [
            -73.90245,
            40.70584
          ],
          [
            -73.90245,
            40.70584
          ],
          [
            -73.90237,
            40.70586
          ],
          [
            -73.90038,
            40.70633
          ],
          [
            -73.90035,
            40.70634
          ],
          [
            -73.90027,
            40.70636
          ],
          [
            -73.90019,
            40.70638
          ],
          [
            -73.89733,
            40.70706
          ],
          [
            -73.89723,
            40.7071
          ],
          [
            -73.89723,
            40.7071
          ],
          [
            -73.89726,
            40.70715
          ],
          [
            -73.89754,
            40.70771
          ],
          [
            -73.89756,
            40.70776
          ],
          [
            -73.8976,
            40.70782
          ],
          [
            -73.89774,
            40.70802
          ],
          [
            -73.89784,
            40.70816
          ],
          [
            -73.89797,
            40.70835
          ],
          [
            -73.898,
            40.7084
          ],
          [
            -73.89805,
            40.70847
          ],
          [
            -73.89842,
            40.70899
          ],
          [
            -73.89845,
            40.70904
          ],
          [
            -73.8985,
            40.7091
          ],
          [
            -73.89876,
            40.70948
          ],
          [
            -73.89887,
            40.70963
          ],
          [
            -73.89891,
            40.70968
          ],
          [
            -73.89895,
            40.70974
          ],
          [
            -73.89932,
            40.71027
          ],
          [
            -73.89936,
            40.71032
          ],
          [
            -73.89939,
            40.71039
          ],
          [
            -73.89944,
            40.71048
          ],
          [
            -73.89948,
            40.71056
          ],
          [
            -73.89968,
            40.71093
          ],
          [
            -73.89971,
            40.71098
          ],
          [
            -73.89975,
            40.71106
          ],
          [
            -73.89983,
            40.71122
          ],
          [
            -73.89986,
            40.71127
          ],
          [
            -73.90009,
            40.71171
          ],
          [
            -73.90017,
            40.71187
          ],
          [
            -73.90019,
            40.7119
          ],
          [
            -73.90022,
            40.71198
          ],
          [
            -73.90031,
            40.71214
          ],
          [
            -73.90034,
            40.71221
          ],
          [
            -73.90039,
            40.7123
          ],
          [
            -73.90046,
            40.71244
          ],
          [
            -73.90049,
            40.7125
          ],
          [
            -73.90051,
            40.71253
          ],
          [
            -73.90051,
            40.71254
          ],
          [
            -73.90056,
            40.71263
          ],
          [
            -73.90059,
            40.7127
          ],
          [
            -73.90063,
            40.71278
          ],
          [
            -73.90075,
            40.71316
          ],
          [
            -73.90075,
            40.71317
          ],
          [
            -73.90089,
            40.71368
          ],
          [
            -73.90094,
            40.71384
          ],
          [
            -73.90095,
            40.71388
          ],
          [
            -73.90103,
            40.71417
          ],
          [
            -73.90105,
            40.71425
          ],
          [
            -73.90114,
            40.71454
          ],
          [
            -73.90116,
            40.71462
          ],
          [
            -73.90119,
            40.71473
          ],
          [
            -73.9012,
            40.71477
          ],
          [
            -73.90126,
            40.71498
          ],
          [
            -73.90138,
            40.71541
          ],
          [
            -73.90143,
            40.71559
          ],
          [
            -73.90144,
            40.71565
          ],
          [
            -73.90146,
            40.71572
          ],
          [
            -73.90155,
            40.71603
          ],
          [
            -73.90159,
            40.71617
          ],
          [
            -73.90162,
            40.71626
          ],
          [
            -73.90163,
            40.71632
          ],
          [
            -73.90167,
            40.71646
          ],
          [
            -73.90175,
            40.71673
          ],
          [
            -73.9018,
            40.71689
          ],
          [
            -73.90182,
            40.71697
          ],
          [
            -73.90184,
            40.71703
          ],
          [
            -73.90209,
            40.71795
          ],
          [
            -73.9021,
            40.718
          ],
          [
            -73.90213,
            40.71808
          ],
          [
            -73.90214,
            40.71811
          ],
          [
            -73.90218,
            40.71828
          ],
          [
            -73.90229,
            40.71868
          ],
          [
            -73.90233,
            40.71882
          ],
          [
            -73.9024,
            40.71904
          ],
          [
            -73.90243,
            40.71916
          ],
          [
            -73.90249,
            40.71937
          ],
          [
            -73.9025,
            40.71941
          ],
          [
            -73.90252,
            40.71947
          ],
          [
            -73.90257,
            40.71965
          ],
          [
            -73.90301,
            40.72125
          ],
          [
            -73.90309,
            40.72152
          ],
          [
            -73.90309,
            40.72154
          ],
          [
            -73.90312,
            40.72163
          ],
          [
            -73.90312,
            40.72163
          ],
          [
            -73.90227,
            40.72215
          ],
          [
            -73.90182,
            40.72242
          ],
          [
            -73.90158,
            40.72257
          ],
          [
            -73.9015,
            40.72262
          ],
          [
            -73.90143,
            40.72266
          ],
          [
            -73.90125,
            40.72278
          ],
          [
            -73.90062,
            40.72317
          ],
          [
            -73.90062,
            40.72317
          ],
          [
            -73.89992,
            40.72353
          ],
          [
            -73.89968,
            40.72365
          ],
          [
            -73.89961,
            40.72368
          ],
          [
            -73.89954,
            40.72372
          ],
          [
            -73.89883,
            40.72409
          ],
          [
            -73.89869,
            40.72416
          ],
          [
            -73.89867,
            40.72417
          ],
          [
            -73.89852,
            40.72426
          ],
          [
            -73.89844,
            40.72429
          ],
          [
            -73.89836,
            40.72433
          ],
          [
            -73.89806,
            40.72449
          ],
          [
            -73.8972,
            40.72492
          ],
          [
            -73.89696,
            40.72505
          ],
          [
            -73.89682,
            40.72512
          ],
          [
            -73.89671,
            40.72517
          ],
          [
            -73.89651,
            40.72527
          ],
          [
            -73.89599,
            40.72556
          ],
          [
            -73.89585,
            40.72562
          ],
          [
            -73.89548,
            40.72583
          ],
          [
            -73.89546,
            40.72584
          ],
          [
            -73.89532,
            40.72592
          ],
          [
            -73.89532,
            40.72592
          ],
          [
            -73.89534,
            40.72597
          ],
          [
            -73.89535,
            40.72603
          ],
          [
            -73.89535,
            40.72606
          ],
          [
            -73.89536,
            40.7261
          ],
          [
            -73.89537,
            40.72631
          ],
          [
            -73.89541,
            40.72679
          ],
          [
            -73.8955,
            40.72779
          ],
          [
            -73.89559,
            40.72891
          ],
          [
            -73.8956,
            40.72896
          ],
          [
            -73.8956,
            40.72903
          ],
          [
            -73.89562,
            40.72926
          ],
          [
            -73.89564,
            40.72954
          ],
          [
            -73.89565,
            40.7297
          ],
          [
            -73.89566,
            40.72978
          ],
          [
            -73.8957,
            40.73038
          ],
          [
            -73.89574,
            40.73083
          ],
          [
            -73.89577,
            40.73114
          ],
          [
            -73.89579,
            40.73145
          ],
          [
            -73.8958,
            40.73151
          ],
          [
            -73.8958,
            40.73157
          ],
          [
            -73.89581,
            40.73161
          ],
          [
            -73.89585,
            40.7321
          ],
          [
            -73.89585,
            40.73213
          ],
          [
            -73.89585,
            40.73218
          ],
          [
            -73.89586,
            40.73224
          ],
          [
            -73.89591,
            40.73288
          ],
          [
            -73.89595,
            40.73343
          ],
          [
            -73.89596,
            40.73351
          ],
          [
            -73.89596,
            40.73357
          ],
          [
            -73.89597,
            40.73361
          ],
          [
            -73.89597,
            40.73367
          ],
          [
            -73.89601,
            40.73426
          ],
          [
            -73.89605,
            40.7347
          ],
          [
            -73.89604,
            40.73479
          ],
          [
            -73.89603,
            40.73493
          ],
          [
            -73.89603,
            40.73498
          ],
          [
            -73.89602,
            40.73503
          ],
          [
            -73.89602,
            40.73524
          ],
          [
            -73.89602,
            40.73524
          ],
          [
            -73.89592,
            40.73525
          ],
          [
            -73.89518,
            40.73539
          ],
          [
            -73.89509,
            40.7354
          ],
          [
            -73.895,
            40.73542
          ],
          [
            -73.89432,
            40.73554
          ],
          [
            -73.89422,
            40.73556
          ],
          [
            -73.89411,
            40.73558
          ],
          [
            -73.89334,
            40.73572
          ],
          [
            -73.89323,
            40.73574
          ],
          [
            -73.89313,
            40.73576
          ],
          [
            -73.89242,
            40.73589
          ],
          [
            -73.89231,
            40.73591
          ],
          [
            -73.89223,
            40.73592
          ],
          [
            -73.89208,
            40.73595
          ],
          [
            -73.89138,
            40.73608
          ],
          [
            -73.89101,
            40.73614
          ],
          [
            -73.89008,
            40.73631
          ],
          [
            -73.88939,
            40.73643
          ],
          [
            -73.88864,
            40.73658
          ],
          [
            -73.88762,
            40.73676
          ],
          [
            -73.88753,
            40.73678
          ],
          [
            -73.88746,
            40.73679
          ],
          [
            -73.88705,
            40.73686
          ],
          [
            -73.88665,
            40.73693
          ],
          [
            -73.88657,
            40.73695
          ],
          [
            -73.8865,
            40.73696
          ],
          [
            -73.88633,
            40.73699
          ],
          [
            -73.88612,
            40.73703
          ],
          [
            -73.88569,
            40.73711
          ],
          [
            -73.88561,
            40.73712
          ],
          [
            -73.88554,
            40.73714
          ],
          [
            -73.88494,
            40.73725
          ],
          [
            -73.88465,
            40.7373
          ],
          [
            -73.88453,
            40.73732
          ],
          [
            -73.88387,
            40.73744
          ],
          [
            -73.88322,
            40.73756
          ],
          [
            -73.88291,
            40.73761
          ],
          [
            -73.88287,
            40.73762
          ],
          [
            -73.88273,
            40.73764
          ],
          [
            -73.88267,
            40.73765
          ],
          [
            -73.88251,
            40.73768
          ],
          [
            -73.88214,
            40.73774
          ],
          [
            -73.88193,
            40.73778
          ],
          [
            -73.8818,
            40.7378
          ],
          [
            -73.8816,
            40.73784
          ],
          [
            -73.8813,
            40.73789
          ],
          [
            -73.88112,
            40.73793
          ],
          [
            -73.88094,
            40.73796
          ],
          [
            -73.88027,
            40.73808
          ],
          [
            -73.87964,
            40.73818
          ],
          [
            -73.87964,
            40.73818
          ],
          [
            -73.87941,
            40.73833
          ],
          [
            -73.87934,
            40.73838
          ],
          [
            -73.87928,
            40.73843
          ],
          [
            -73.87838,
            40.73908
          ],
          [
            -73.87802,
            40.73934
          ],
          [
            -73.87792,
            40.73941
          ],
          [
            -73.87783,
            40.73947
          ],
          [
            -73.87753,
            40.73969
          ],
          [
            -73.87712,
            40.73999
          ],
          [
            -73.87646,
            40.74047
          ],
          [
            -73.87641,
            40.7405
          ],
          [
            -73.87636,
            40.74054
          ],
          [
            -73.87628,
            40.7406
          ],
          [
            -73.87625,
            40.74062
          ],
          [
            -73.87589,
            40.74088
          ],
          [
            -73.87566,
            40.74106
          ],
          [
            -73.87553,
            40.74115
          ],
          [
            -73.87511,
            40.74144
          ],
          [
            -73.87509,
            40.74146
          ],
          [
            -73.87502,
            40.7415
          ],
          [
            -73.87495,
            40.74155
          ],
          [
            -73.87485,
            40.74162
          ],
          [
            -73.87368,
            40.74247
          ],
          [
            -73.87364,
            40.74249
          ],
          [
            -73.87355,
            40.74251
          ],
          [
            -73.87345,
            40.74252
          ],
          [
            -73.87337,
            40.74251
          ],
          [
            -73.87244,
            40.74247
          ],
          [
            -73.87235,
            40.74246
          ],
          [
            -73.87225,
            40.74246
          ],
          [
            -73.87211,
            40.74245
          ],
          [
            -73.87142,
            40.74242
          ],
          [
            -73.87076,
            40.74239
          ],
          [
            -73.87057,
            40.74239
          ],
          [
            -73.87044,
            40.74238
          ],
          [
            -73.87033,
            40.74238
          ],
          [
            -73.87026,
            40.74237
          ],
          [
            -73.8702,
            40.74237
          ],
          [
            -73.87014,
            40.74237
          ],
          [
            -73.87007,
            40.74237
          ],
          [
            -73.87001,
            40.74236
          ],
          [
            -73.87001,
            40.74236
          ],
          [
            -73.87001,
            40.74236
          ],
          [
            -73.86994,
            40.74236
          ],
          [
            -73.86994,
            40.74236
          ],
          [
            -73.86991,
            40.74228
          ],
          [
            -73.86989,
            40.74224
          ],
          [
            -73.86975,
            40.74185
          ],
          [
            -73.86953,
            40.74131
          ],
          [
            -73.86951,
            40.74125
          ],
          [
            -73.86949,
            40.7412
          ],
          [
            -73.86927,
            40.74064
          ],
          [
            -73.86925,
            40.74057
          ],
          [
            -73.86923,
            40.74052
          ],
          [
            -73.86901,
            40.73995
          ],
          [
            -73.86899,
            40.73988
          ],
          [
            -73.86897,
            40.73983
          ],
          [
            -73.86875,
            40.73927
          ],
          [
            -73.86872,
            40.7392
          ],
          [
            -73.8687,
            40.73915
          ],
          [
            -73.86848,
            40.73858
          ],
          [
            -73.86846,
            40.73851
          ],
          [
            -73.86844,
            40.73847
          ],
          [
            -73.86823,
            40.73794
          ],
          [
            -73.86822,
            40.7379
          ],
          [
            -73.86819,
            40.73783
          ],
          [
            -73.86819,
            40.73783
          ],
          [
            -73.86857,
            40.73775
          ],
          [
            -73.87033,
            40.73737
          ],
          [
            -73.87042,
            40.73735
          ],
          [
            -73.87042,
            40.73735
          ],
          [
            -73.87039,
            40.73729
          ],
          [
            -73.87013,
            40.73661
          ],
          [
            -73.8701,
            40.73652
          ],
          [
            -73.87007,
            40.73646
          ],
          [
            -73.86976,
            40.73558
          ],
          [
            -73.86973,
            40.7355
          ],
          [
            -73.8697,
            40.73541
          ],
          [
            -73.86967,
            40.73534
          ],
          [
            -73.86964,
            40.73527
          ],
          [
            -73.86961,
            40.73519
          ],
          [
            -73.8696,
            40.73517
          ],
          [
            -73.86958,
            40.73512
          ],
          [
            -73.86956,
            40.73508
          ],
          [
            -73.86953,
            40.73499
          ],
          [
            -73.86945,
            40.7348
          ],
          [
            -73.86942,
            40.73474
          ],
          [
            -73.86927,
            40.73436
          ],
          [
            -73.86923,
            40.73425
          ],
          [
            -73.86921,
            40.73422
          ],
          [
            -73.86918,
            40.73414
          ],
          [
            -73.86915,
            40.73407
          ],
          [
            -73.869,
            40.7337
          ],
          [
            -73.86892,
            40.73351
          ],
          [
            -73.8689,
            40.73345
          ],
          [
            -73.8689,
            40.73345
          ],
          [
            -73.86926,
            40.73334
          ],
          [
            -73.86926,
            40.73334
          ],
          [
            -73.86947,
            40.73341
          ],
          [
            -73.87004,
            40.73361
          ],
          [
            -73.87014,
            40.73364
          ],
          [
            -73.87014,
            40.73364
          ],
          [
            -73.87037,
            40.73371
          ],
          [
            -73.87038,
            40.73364
          ],
          [
            -73.8705,
            40.73342
          ],
          [
            -73.87057,
            40.73332
          ],
          [
            -73.87062,
            40.73325
          ],
          [
            -73.87074,
            40.73303
          ],
          [
            -73.871,
            40.73256
          ],
          [
            -73.871,
            40.73256
          ],
          [
            -73.87118,
            40.73247
          ],
          [
            -73.8712,
            40.73246
          ],
          [
            -73.87125,
            40.73244
          ],
          [
            -73.87131,
            40.73243
          ],
          [
            -73.87138,
            40.73242
          ],
          [
            -73.87146,
            40.73242
          ],
          [
            -73.87155,
            40.73243
          ],
          [
            -73.87203,
            40.73248
          ],
          [
            -73.87213,
            40.73249
          ],
          [
            -73.8722,
            40.73249
          ],
          [
            -73.87227,
            40.73248
          ],
          [
            -73.87234,
            40.73247
          ],
          [
            -73.87239,
            40.73244
          ],
          [
            -73.87245,
            40.73241
          ],
          [
            -73.8725,
            40.73239
          ],
          [
            -73.87255,
            40.73234
          ],
          [
            -73.8731,
            40.73176
          ],
          [
            -73.87319,
            40.73167
          ],
          [
            -73.87328,
            40.73158
          ],
          [
            -73.87337,
            40.7315
          ],
          [
            -73.87347,
            40.73144
          ],
          [
            -73.87357,
            40.73137
          ],
          [
            -73.87368,
            40.73132
          ],
          [
            -73.87378,
            40.73128
          ],
          [
            -73.87389,
            40.73123
          ],
          [
            -73.8742,
            40.73112
          ],
          [
            -73.87443,
            40.73106
          ],
          [
            -73.87466,
            40.731
          ],
          [
            -73.8749,
            40.73094
          ],
          [
            -73.87514,
            40.73088
          ],
          [
            -73.87576,
            40.73073
          ],
          [
            -73.8759,
            40.73069
          ],
          [
            -73.87607,
            40.73065
          ],
          [
            -73.87626,
            40.73059
          ],
          [
            -73.87644,
            40.73053
          ],
          [
            -73.87662,
            40.73046
          ],
          [
            -73.8768,
            40.73039
          ],
          [
            -73.87699,
            40.73031
          ],
          [
            -73.87916,
            40.72942
          ],
          [
            -73.87934,
            40.72935
          ],
          [
            -73.87951,
            40.72929
          ],
          [
            -73.87968,
            40.72923
          ],
          [
            -73.87986,
            40.72918
          ],
          [
            -73.88003,
            40.72913
          ],
          [
            -73.88021,
            40.72908
          ],
          [
            -73.88038,
            40.72904
          ],
          [
            -73.88055,
            40.729
          ],
          [
            -73.88072,
            40.72897
          ],
          [
            -73.88087,
            40.72894
          ],
          [
            -73.88103,
            40.72891
          ],
          [
            -73.88118,
            40.72889
          ],
          [
            -73.88134,
            40.72887
          ],
          [
            -73.88149,
            40.72885
          ],
          [
            -73.88166,
            40.72884
          ],
          [
            -73.88195,
            40.72882
          ],
          [
            -73.88247,
            40.72878
          ],
          [
            -73.88467,
            40.72861
          ],
          [
            -73.88494,
            40.72858
          ],
          [
            -73.88515,
            40.72856
          ],
          [
            -73.88527,
            40.72854
          ],
          [
            -73.88527,
            40.72854
          ],
          [
            -73.88573,
            40.72849
          ],
          [
            -73.88608,
            40.72843
          ],
          [
            -73.88631,
            40.72838
          ],
          [
            -73.88647,
            40.72834
          ],
          [
            -73.88663,
            40.7283
          ],
          [
            -73.88682,
            40.72824
          ],
          [
            -73.88699,
            40.72818
          ],
          [
            -73.88722,
            40.72808
          ],
          [
            -73.88743,
            40.728
          ],
          [
            -73.88756,
            40.72794
          ],
          [
            -73.88775,
            40.72784
          ],
          [
            -73.88793,
            40.72774
          ],
          [
            -73.8881,
            40.72765
          ],
          [
            -73.88829,
            40.72753
          ],
          [
            -73.88938,
            40.72685
          ],
          [
            -73.8896,
            40.72672
          ],
          [
            -73.88979,
            40.72661
          ],
          [
            -73.89001,
            40.72649
          ],
          [
            -73.89026,
            40.72637
          ],
          [
            -73.89053,
            40.72625
          ],
          [
            -73.89096,
            40.72613
          ],
          [
            -73.89096,
            40.72613
          ],
          [
            -73.89121,
            40.72603
          ],
          [
            -73.89145,
            40.72595
          ],
          [
            -73.89176,
            40.72587
          ],
          [
            -73.89205,
            40.72579
          ],
          [
            -73.89233,
            40.72573
          ],
          [
            -73.89261,
            40.72567
          ],
          [
            -73.89292,
            40.72562
          ],
          [
            -73.89319,
            40.72558
          ],
          [
            -73.89348,
            40.72555
          ],
          [
            -73.89377,
            40.72553
          ],
          [
            -73.89397,
            40.72552
          ],
          [
            -73.8942,
            40.72551
          ],
          [
            -73.89435,
            40.72551
          ],
          [
            -73.89451,
            40.72552
          ],
          [
            -73.89466,
            40.72552
          ],
          [
            -73.89487,
            40.72553
          ],
          [
            -73.89494,
            40.72553
          ],
          [
            -73.89508,
            40.72554
          ],
          [
            -73.89521,
            40.72555
          ],
          [
            -73.89572,
            40.72561
          ],
          [
            -73.89585,
            40.72562
          ],
          [
            -73.89585,
            40.72562
          ],
          [
            -73.89599,
            40.72556
          ],
          [
            -73.89651,
            40.72527
          ],
          [
            -73.89671,
            40.72517
          ],
          [
            -73.89682,
            40.72512
          ],
          [
            -73.89696,
            40.72505
          ],
          [
            -73.8972,
            40.72492
          ],
          [
            -73.89806,
            40.72449
          ],
          [
            -73.89836,
            40.72433
          ],
          [
            -73.89844,
            40.72429
          ],
          [
            -73.89852,
            40.72426
          ],
          [
            -73.89867,
            40.72417
          ],
          [
            -73.89869,
            40.72416
          ],
          [
            -73.89883,
            40.72409
          ],
          [
            -73.89954,
            40.72372
          ],
          [
            -73.89961,
            40.72368
          ],
          [
            -73.89968,
            40.72365
          ],
          [
            -73.89992,
            40.72353
          ],
          [
            -73.90062,
            40.72317
          ],
          [
            -73.90062,
            40.72317
          ],
          [
            -73.90125,
            40.72278
          ],
          [
            -73.90143,
            40.72266
          ],
          [
            -73.9015,
            40.72262
          ],
          [
            -73.90158,
            40.72257
          ],
          [
            -73.90182,
            40.72242
          ],
          [
            -73.90227,
            40.72215
          ],
          [
            -73.90312,
            40.72163
          ],
          [
            -73.90312,
            40.72163
          ],
          [
            -73.90309,
            40.72154
          ],
          [
            -73.90309,
            40.72152
          ],
          [
            -73.90301,
            40.72125
          ],
          [
            -73.90257,
            40.71965
          ],
          [
            -73.90252,
            40.71947
          ],
          [
            -73.9025,
            40.71941
          ],
          [
            -73.90249,
            40.71937
          ],
          [
            -73.90243,
            40.71916
          ],
          [
            -73.9024,
            40.71904
          ],
          [
            -73.90233,
            40.71882
          ],
          [
            -73.90229,
            40.71868
          ],
          [
            -73.90218,
            40.71828
          ],
          [
            -73.90214,
            40.71811
          ],
          [
            -73.90213,
            40.71808
          ],
          [
            -73.9021,
            40.718
          ],
          [
            -73.90209,
            40.71795
          ],
          [
            -73.90184,
            40.71703
          ],
          [
            -73.90182,
            40.71697
          ],
          [
            -73.9018,
            40.71689
          ],
          [
            -73.90175,
            40.71673
          ],
          [
            -73.90167,
            40.71646
          ],
          [
            -73.90163,
            40.71632
          ],
          [
            -73.90162,
            40.71626
          ],
          [
            -73.90159,
            40.71617
          ],
          [
            -73.90155,
            40.71603
          ],
          [
            -73.90146,
            40.71572
          ],
          [
            -73.90144,
            40.71565
          ],
          [
            -73.90143,
            40.71559
          ],
          [
            -73.90138,
            40.71541
          ],
          [
            -73.90126,
            40.71498
          ],
          [
            -73.9012,
            40.71477
          ],
          [
            -73.90119,
            40.71473
          ],
          [
            -73.90116,
            40.71462
          ],
          [
            -73.90114,
            40.71454
          ],
          [
            -73.90105,
            40.71425
          ],
          [
            -73.90103,
            40.71417
          ],
          [
            -73.90095,
            40.71388
          ],
          [
            -73.90094,
            40.71384
          ],
          [
            -73.90089,
            40.71368
          ],
          [
            -73.90075,
            40.71317
          ],
          [
            -73.90075,
            40.71316
          ],
          [
            -73.90063,
            40.71278
          ],
          [
            -73.90059,
            40.7127
          ],
          [
            -73.90056,
            40.71263
          ],
          [
            -73.90051,
            40.71254
          ],
          [
            -73.90051,
            40.71253
          ],
          [
            -73.90049,
            40.7125
          ],
          [
            -73.90046,
            40.71244
          ],
          [
            -73.90039,
            40.7123
          ],
          [
            -73.90034,
            40.71221
          ],
          [
            -73.90031,
            40.71214
          ],
          [
            -73.90022,
            40.71198
          ],
          [
            -73.90019,
            40.7119
          ],
          [
            -73.90017,
            40.71187
          ],
          [
            -73.90009,
            40.71171
          ],
          [
            -73.89986,
            40.71127
          ],
          [
            -73.89983,
            40.71122
          ],
          [
            -73.89975,
            40.71106
          ],
          [
            -73.89971,
            40.71098
          ],
          [
            -73.89968,
            40.71093
          ],
          [
            -73.89948,
            40.71056
          ],
          [
            -73.89944,
            40.71048
          ],
          [
            -73.89939,
            40.71039
          ],
          [
            -73.89936,
            40.71032
          ],
          [
            -73.89932,
            40.71027
          ],
          [
            -73.89895,
            40.70974
          ],
          [
            -73.89891,
            40.70968
          ],
          [
            -73.89887,
            40.70963
          ],
          [
            -73.89876,
            40.70948
          ],
          [
            -73.8985,
            40.7091
          ],
          [
            -73.89845,
            40.70904
          ],
          [
            -73.89842,
            40.70899
          ],
          [
            -73.89805,
            40.70847
          ],
          [
            -73.898,
            40.7084
          ],
          [
            -73.89797,
            40.70835
          ],
          [
            -73.89784,
            40.70816
          ],
          [
            -73.89774,
            40.70802
          ],
          [
            -73.8976,
            40.70782
          ],
          [
            -73.89756,
            40.70776
          ],
          [
            -73.89754,
            40.70771
          ],
          [
            -73.89726,
            40.70715
          ],
          [
            -73.89723,
            40.7071
          ],
          [
            -73.89721,
            40.70704
          ],
          [
            -73.89697,
            40.70657
          ],
          [
            -73.89694,
            40.7065
          ],
          [
            -73.89692,
            40.70646
          ],
          [
            -73.89689,
            40.70639
          ],
          [
            -73.8967,
            40.70601
          ],
          [
            -73.8966,
            40.70582
          ],
          [
            -73.89657,
            40.70577
          ],
          [
            -73.89656,
            40.70573
          ],
          [
            -73.89648,
            40.70557
          ],
          [
            -73.89634,
            40.70529
          ],
          [
            -73.89631,
            40.70522
          ],
          [
            -73.89628,
            40.70516
          ],
          [
            -73.89602,
            40.70464
          ],
          [
            -73.89599,
            40.70458
          ],
          [
            -73.89597,
            40.70453
          ],
          [
            -73.89581,
            40.7042
          ],
          [
            -73.89573,
            40.70403
          ],
          [
            -73.8957,
            40.70396
          ],
          [
            -73.8957,
            40.70396
          ],
          [
            -73.8958,
            40.70393
          ],
          [
            -73.89752,
            40.70345
          ],
          [
            -73.89757,
            40.70344
          ],
          [
            -73.89765,
            40.70342
          ],
          [
            -73.89773,
            40.70339
          ],
          [
            -73.89939,
            40.70291
          ],
          [
            -73.89946,
            40.70289
          ],
          [
            -73.89952,
            40.70287
          ],
          [
            -73.89958,
            40.70286
          ],
          [
            -73.9009,
            40.70248
          ],
          [
            -73.90099,
            40.70245
          ],
          [
            -73.90108,
            40.70243
          ],
          [
            -73.90137,
            40.70235
          ],
          [
            -73.90145,
            40.70232
          ],
          [
            -73.90147,
            40.70231
          ],
          [
            -73.9018,
            40.70212
          ],
          [
            -73.90214,
            40.70192
          ],
          [
            -73.90287,
            40.7015
          ],
          [
            -73.90295,
            40.70146
          ],
          [
            -73.90302,
            40.70142
          ],
          [
            -73.9041,
            40.70079
          ],
          [
            -73.90419,
            40.70074
          ],
          [
            -73.90419,
            40.70074
          ],
          [
            -73.90427,
            40.70078
          ],
          [
            -73.90463,
            40.701
          ],
          [
            -73.90467,
            40.70102
          ],
          [
            -73.90473,
            40.70106
          ],
          [
            -73.9048,
            40.7011
          ],
          [
            -73.9048,
            40.7011
          ],
          [
            -73.9048,
            40.7011
          ],
          [
            -73.90473,
            40.70106
          ],
          [
            -73.90473,
            40.70106
          ],
          [
            -73.90466,
            40.70112
          ],
          [
            -73.90386,
            40.70192
          ],
          [
            -73.90381,
            40.70197
          ],
          [
            -73.90376,
            40.70202
          ],
          [
            -73.90334,
            40.70243
          ],
          [
            -73.90269,
            40.70305
          ],
          [
            -73.90264,
            40.7031
          ],
          [
            -73.90259,
            40.70315
          ],
          [
            -73.90177,
            40.70395
          ],
          [
            -73.90174,
            40.70399
          ],
          [
            -73.90167,
            40.70405
          ],
          [
            -73.90167,
            40.70405
          ],
          [
            -73.90179,
            40.70433
          ],
          [
            -73.90182,
            40.70439
          ],
          [
            -73.90186,
            40.70449
          ],
          [
            -73.90201,
            40.70486
          ],
          [
            -73.90206,
            40.70499
          ],
          [
            -73.9021,
            40.7051
          ],
          [
            -73.90212,
            40.70515
          ],
          [
            -73.90215,
            40.70522
          ],
          [
            -73.90233,
            40.70561
          ],
          [
            -73.90237,
            40.70568
          ],
          [
            -73.90241,
            40.70576
          ],
          [
            -73.90245,
            40.70584
          ],
          [
            -73.90245,
            40.70584
          ],
          [
            -73.90237,
            40.70586
          ],
          [
            -73.90038,
            40.70633
          ],
          [
            -73.90035,
            40.70634
          ],
          [
            -73.90027,
            40.70636
          ],
          [
            -73.90019,
            40.70638
          ],
          [
            -73.89733,
            40.70706
          ],
          [
            -73.89723,
            40.7071
          ],
          [
            -73.89723,
            40.7071
          ],
          [
            -73.89726,
            40.70715
          ],
          [
            -73.89754,
            40.70771
          ],
          [
            -73.89756,
            40.70776
          ],
          [
            -73.8976,
            40.70782
          ],
          [
            -73.89774,
            40.70802
          ],
          [
            -73.89784,
            40.70816
          ],
          [
            -73.89797,
            40.70835
          ],
          [
            -73.898,
            40.7084
          ],
          [
            -73.89805,
            40.70847
          ],
          [
            -73.89842,
            40.70899
          ],
          [
            -73.89845,
            40.70904
          ],
          [
            -73.8985,
            40.7091
          ],
          [
            -73.89876,
            40.70948
          ],
          [
            -73.89887,
            40.70963
          ],
          [
            -73.89891,
            40.70968
          ],
          [
            -73.89895,
            40.70974
          ],
          [
            -73.89932,
            40.71027
          ],
          [
            -73.89936,
            40.71032
          ],
          [
            -73.89939,
            40.71039
          ],
          [
            -73.89944,
            40.71048
          ],
          [
            -73.89948,
            40.71056
          ],
          [
            -73.89968,
            40.71093
          ],
          [
            -73.89971,
            40.71098
          ],
          [
            -73.89975,
            40.71106
          ],
          [
            -73.89983,
            40.71122
          ],
          [
            -73.89986,
            40.71127
          ],
          [
            -73.90009,
            40.71171
          ],
          [
            -73.90017,
            40.71187
          ],
          [
            -73.90019,
            40.7119
          ],
          [
            -73.90022,
            40.71198
          ],
          [
            -73.90031,
            40.71214
          ],
          [
            -73.90034,
            40.71221
          ],
          [
            -73.90039,
            40.7123
          ],
          [
            -73.90046,
            40.71244
          ],
          [
            -73.90049,
            40.7125
          ],
          [
            -73.90051,
            40.71253
          ],
          [
            -73.90051,
            40.71254
          ],
          [
            -73.90056,
            40.71263
          ],
          [
            -73.90059,
            40.7127
          ],
          [
            -73.90063,
            40.71278
          ],
          [
            -73.90075,
            40.71316
          ],
          [
            -73.90075,
            40.71317
          ],
          [
            -73.90089,
            40.71368
          ],
          [
            -73.90094,
            40.71384
          ],
          [
            -73.90095,
            40.71388
          ],
          [
            -73.90103,
            40.71417
          ],
          [
            -73.90105,
            40.71425
          ],
          [
            -73.90114,
            40.71454
          ],
          [
            -73.90116,
            40.71462
          ],
          [
            -73.90119,
            40.71473
          ],
          [
            -73.9012,
            40.71477
          ],
          [
            -73.90126,
            40.71498
          ],
          [
            -73.90138,
            40.71541
          ],
          [
            -73.90143,
            40.71559
          ],
          [
            -73.90144,
            40.71565
          ],
          [
            -73.90146,
            40.71572
          ],
          [
            -73.90155,
            40.71603
          ],
          [
            -73.90159,
            40.71617
          ],
          [
            -73.90162,
            40.71626
          ],
          [
            -73.90163,
            40.71632
          ],
          [
            -73.90167,
            40.71646
          ],
          [
            -73.90175,
            40.71673
          ],
          [
            -73.9018,
            40.71689
          ],
          [
            -73.90182,
            40.71697
          ],
          [
            -73.90184,
            40.71703
          ],
          [
            -73.90209,
            40.71795
          ],
          [
            -73.9021,
            40.718
          ],
          [
            -73.90213,
            40.71808
          ],
          [
            -73.90214,
            40.71811
          ],
          [
            -73.90218,
            40.71828
          ],
          [
            -73.90229,
            40.71868
          ],
          [
            -73.90233,
            40.71882
          ],
          [
            -73.9024,
            40.71904
          ],
          [
            -73.90243,
            40.71916
          ],
          [
            -73.90249,
            40.71937
          ],
          [
            -73.9025,
            40.71941
          ],
          [
            -73.90252,
            40.71947
          ],
          [
            -73.90257,
            40.71965
          ],
          [
            -73.90301,
            40.72125
          ],
          [
            -73.90309,
            40.72152
          ],
          [
            -73.90309,
            40.72154
          ],
          [
            -73.90312,
            40.72163
          ],
          [
            -73.90312,
            40.72163
          ],
          [
            -73.90227,
            40.72215
          ],
          [
            -73.90182,
            40.72242
          ],
          [
            -73.90158,
            40.72257
          ],
          [
            -73.9015,
            40.72262
          ],
          [
            -73.90143,
            40.72266
          ],
          [
            -73.90125,
            40.72278
          ],
          [
            -73.90062,
            40.72317
          ],
          [
            -73.90062,
            40.72317
          ],
          [
            -73.89992,
            40.72353
          ],
          [
            -73.89968,
            40.72365
          ],
          [
            -73.89961,
            40.72368
          ],
          [
            -73.89954,
            40.72372
          ],
          [
            -73.89883,
            40.72409
          ],
          [
            -73.89869,
            40.72416
          ],
          [
            -73.89867,
            40.72417
          ],
          [
            -73.89852,
            40.72426
          ],
          [
            -73.89844,
            40.72429
          ],
          [
            -73.89836,
            40.72433
          ],
          [
            -73.89806,
            40.72449
          ],
          [
            -73.8972,
            40.72492
          ],
          [
            -73.89696,
            40.72505
          ],
          [
            -73.89682,
            40.72512
          ],
          [
            -73.89671,
            40.72517
          ],
          [
            -73.89651,
            40.72527
          ],
          [
            -73.89599,
            40.72556
          ],
          [
            -73.89585,
            40.72562
          ],
          [
            -73.89548,
            40.72583
          ],
          [
            -73.89546,
            40.72584
          ],
          [
            -73.89532,
            40.72592
          ],
          [
            -73.89532,
            40.72592
          ],
          [
            -73.89534,
            40.72597
          ],
          [
            -73.89535,
            40.72603
          ],
          [
            -73.89535,
            40.72606
          ],
          [
            -73.89536,
            40.7261
          ],
          [
            -73.89537,
            40.72631
          ],
          [
            -73.89541,
            40.72679
          ],
          [
            -73.8955,
            40.72779
          ],
          [
            -73.89559,
            40.72891
          ],
          [
            -73.8956,
            40.72896
          ],
          [
            -73.8956,
            40.72903
          ],
          [
            -73.89562,
            40.72926
          ],
          [
            -73.89564,
            40.72954
          ],
          [
            -73.89565,
            40.7297
          ],
          [
            -73.89566,
            40.72978
          ],
          [
            -73.8957,
            40.73038
          ],
          [
            -73.89574,
            40.73083
          ],
          [
            -73.89577,
            40.73114
          ],
          [
            -73.89579,
            40.73145
          ],
          [
            -73.8958,
            40.73151
          ],
          [
            -73.8958,
            40.73157
          ],
          [
            -73.89581,
            40.73161
          ],
          [
            -73.89585,
            40.7321
          ],
          [
            -73.89585,
            40.73213
          ],
          [
            -73.89585,
            40.73218
          ],
          [
            -73.89586,
            40.73224
          ],
          [
            -73.89591,
            40.73288
          ],
          [
            -73.89595,
            40.73343
          ],
          [
            -73.89596,
            40.73351
          ],
          [
            -73.89596,
            40.73357
          ],
          [
            -73.89597,
            40.73361
          ],
          [
            -73.89597,
            40.73367
          ],
          [
            -73.89601,
            40.73426
          ],
          [
            -73.89605,
            40.7347
          ],
          [
            -73.89604,
            40.73479
          ],
          [
            -73.89603,
            40.73493
          ],
          [
            -73.89603,
            40.73498
          ],
          [
            -73.89602,
            40.73503
          ],
          [
            -73.89602,
            40.73524
          ],
          [
            -73.89602,
            40.73524
          ],
          [
            -73.89592,
            40.73525
          ],
          [
            -73.89518,
            40.73539
          ],
          [
            -73.89509,
            40.7354
          ],
          [
            -73.895,
            40.73542
          ],
          [
            -73.89432,
            40.73554
          ],
          [
            -73.89422,
            40.73556
          ],
          [
            -73.89411,
            40.73558
          ],
          [
            -73.89334,
            40.73572
          ],
          [
            -73.89323,
            40.73574
          ],
          [
            -73.89313,
            40.73576
          ],
          [
            -73.89242,
            40.73589
          ],
          [
            -73.89231,
            40.73591
          ],
          [
            -73.89223,
            40.73592
          ],
          [
            -73.89208,
            40.73595
          ],
          [
            -73.89138,
            40.73608
          ],
          [
            -73.89101,
            40.73614
          ],
          [
            -73.89008,
            40.73631
          ],
          [
            -73.88939,
            40.73643
          ],
          [
            -73.88864,
            40.73658
          ],
          [
            -73.88762,
            40.73676
          ],
          [
            -73.88753,
            40.73678
          ],
          [
            -73.88746,
            40.73679
          ],
          [
            -73.88705,
            40.73686
          ],
          [
            -73.88665,
            40.73693
          ],
          [
            -73.88657,
            40.73695
          ],
          [
            -73.8865,
            40.73696
          ],
          [
            -73.88633,
            40.73699
          ],
          [
            -73.88612,
            40.73703
          ],
          [
            -73.88569,
            40.73711
          ],
          [
            -73.88561,
            40.73712
          ],
          [
            -73.88554,
            40.73714
          ],
          [
            -73.88494,
            40.73725
          ],
          [
            -73.88465,
            40.7373
          ],
          [
            -73.88453,
            40.73732
          ],
          [
            -73.88387,
            40.73744
          ],
          [
            -73.88322,
            40.73756
          ],
          [
            -73.88291,
            40.73761
          ],
          [
            -73.88287,
            40.73762
          ],
          [
            -73.88273,
            40.73764
          ],
          [
            -73.88267,
            40.73765
          ],
          [
            -73.88251,
            40.73768
          ],
          [
            -73.88214,
            40.73774
          ],
          [
            -73.88193,
            40.73778
          ],
          [
            -73.8818,
            40.7378
          ],
          [
            -73.8816,
            40.73784
          ],
          [
            -73.8813,
            40.73789
          ],
          [
            -73.88112,
            40.73793
          ],
          [
            -73.88094,
            40.73796
          ],
          [
            -73.88027,
            40.73808
          ],
          [
            -73.87964,
            40.73818
          ],
          [
            -73.87964,
            40.73818
          ],
          [
            -73.87941,
            40.73833
          ],
          [
            -73.87934,
            40.73838
          ],
          [
            -73.87928,
            40.73843
          ],
          [
            -73.87838,
            40.73908
          ],
          [
            -73.87802,
            40.73934
          ],
          [
            -73.87792,
            40.73941
          ],
          [
            -73.87783,
            40.73947
          ],
          [
            -73.87753,
            40.73969
          ],
          [
            -73.87712,
            40.73999
          ],
          [
            -73.87646,
            40.74047
          ],
          [
            -73.87641,
            40.7405
          ],
          [
            -73.87636,
            40.74054
          ],
          [
            -73.87628,
            40.7406
          ],
          [
            -73.87625,
            40.74062
          ],
          [
            -73.87589,
            40.74088
          ],
          [
            -73.87566,
            40.74106
          ],
          [
            -73.87553,
            40.74115
          ],
          [
            -73.87511,
            40.74144
          ],
          [
            -73.87509,
            40.74146
          ],
          [
            -73.87502,
            40.7415
          ],
          [
            -73.87495,
            40.74155
          ],
          [
            -73.87493,
            40.74157
          ],
          [
            -73.87493,
            40.74157
          ],
          [
            -73.87493,
            40.74157
          ],
          [
            -73.87495,
            40.74155
          ],
          [
            -73.87502,
            40.7415
          ],
          [
            -73.87509,
            40.74146
          ],
          [
            -73.87511,
            40.74144
          ],
          [
            -73.87553,
            40.74115
          ],
          [
            -73.87566,
            40.74106
          ],
          [
            -73.87589,
            40.74088
          ],
          [
            -73.87625,
            40.74062
          ],
          [
            -73.87628,
            40.7406
          ],
          [
            -73.87636,
            40.74054
          ],
          [
            -73.87641,
            40.7405
          ],
          [
            -73.87646,
            40.74047
          ],
          [
            -73.87712,
            40.73999
          ],
          [
            -73.87753,
            40.73969
          ],
          [
            -73.87783,
            40.73947
          ],
          [
            -73.87792,
            40.73941
          ],
          [
            -73.87802,
            40.73934
          ],
          [
            -73.87838,
            40.73908
          ],
          [
            -73.87928,
            40.73843
          ],
          [
            -73.87934,
            40.73838
          ],
          [
            -73.87934,
            40.73838
          ],
          [
            -73.87928,
            40.73825
          ],
          [
            -73.87928,
            40.73819
          ],
          [
            -73.87937,
            40.73742
          ],
          [
            -73.87938,
            40.73735
          ],
          [
            -73.87938,
            40.7373
          ],
          [
            -73.87939,
            40.73723
          ],
          [
            -73.87941,
            40.73709
          ],
          [
            -73.87942,
            40.73703
          ],
          [
            -73.87943,
            40.73697
          ],
          [
            -73.87944,
            40.73692
          ],
          [
            -73.87952,
            40.73615
          ],
          [
            -73.87952,
            40.73612
          ],
          [
            -73.87954,
            40.73601
          ],
          [
            -73.87954,
            40.73601
          ],
          [
            -73.88026,
            40.73582
          ],
          [
            -73.88044,
            40.73577
          ],
          [
            -73.88052,
            40.73575
          ],
          [
            -73.88063,
            40.73572
          ],
          [
            -73.88082,
            40.73567
          ],
          [
            -73.88099,
            40.73562
          ],
          [
            -73.88103,
            40.73561
          ],
          [
            -73.88108,
            40.73559
          ],
          [
            -73.88111,
            40.73557
          ],
          [
            -73.88117,
            40.73553
          ],
          [
            -73.88139,
            40.73538
          ],
          [
            -73.8817,
            40.73516
          ],
          [
            -73.88181,
            40.73509
          ],
          [
            -73.88183,
            40.73508
          ],
          [
            -73.88201,
            40.73495
          ],
          [
            -73.88204,
            40.73493
          ],
          [
            -73.88211,
            40.73488
          ],
          [
            -73.88217,
            40.73483
          ],
          [
            -73.88297,
            40.73428
          ],
          [
            -73.88348,
            40.73392
          ],
          [
            -73.88373,
            40.73365
          ],
          [
            -73.88376,
            40.73362
          ],
          [
            -73.88377,
            40.73361
          ],
          [
            -73.88381,
            40.73356
          ],
          [
            -73.88384,
            40.73351
          ],
          [
            -73.88411,
            40.7331
          ],
          [
            -73.8845,
            40.73245
          ],
          [
            -73.88453,
            40.73239
          ],
          [
            -73.88456,
            40.73234
          ],
          [
            -73.88468,
            40.73214
          ],
          [
            -73.8847,
            40.7321
          ],
          [
            -73.88472,
            40.73207
          ],
          [
            -73.88478,
            40.73197
          ],
          [
            -73.88484,
            40.73187
          ],
          [
            -73.8852,
            40.73131
          ],
          [
            -73.88532,
            40.73115
          ],
          [
            -73.88538,
            40.73108
          ],
          [
            -73.88545,
            40.73102
          ],
          [
            -73.88552,
            40.73098
          ],
          [
            -73.88558,
            40.73095
          ],
          [
            -73.88564,
            40.73092
          ],
          [
            -73.88617,
            40.73067
          ],
          [
            -73.88637,
            40.73057
          ],
          [
            -73.88659,
            40.73047
          ],
          [
            -73.8867,
            40.73042
          ],
          [
            -73.88685,
            40.73037
          ],
          [
            -73.88695,
            40.73034
          ],
          [
            -73.88706,
            40.73032
          ],
          [
            -73.88741,
            40.73024
          ],
          [
            -73.88752,
            40.73021
          ],
          [
            -73.88752,
            40.73021
          ],
          [
            -73.88753,
            40.73012
          ],
          [
            -73.88733,
            40.72944
          ],
          [
            -73.88727,
            40.72915
          ],
          [
            -73.88723,
            40.72894
          ],
          [
            -73.88721,
            40.7287
          ],
          [
            -73.8872,
            40.72862
          ],
          [
            -73.8872,
            40.72855
          ],
          [
            -73.88719,
            40.72822
          ],
          [
            -73.88719,
            40.72822
          ],
          [
            -73.88732,
            40.72817
          ],
          [
            -73.88763,
            40.72804
          ],
          [
            -73.88782,
            40.72795
          ],
          [
            -73.888,
            40.72786
          ],
          [
            -73.8882,
            40.72776
          ],
          [
            -73.8884,
            40.72764
          ],
          [
            -73.88881,
            40.72738
          ],
          [
            -73.88921,
            40.72712
          ],
          [
            -73.88957,
            40.72687
          ],
          [
            -73.88979,
            40.72673
          ],
          [
            -73.89002,
            40.72659
          ],
          [
            -73.89024,
            40.72647
          ],
          [
            -73.8904,
            40.72639
          ],
          [
            -73.89059,
            40.7263
          ],
          [
            -73.89096,
            40.72613
          ],
          [
            -73.89121,
            40.72603
          ],
          [
            -73.89145,
            40.72595
          ],
          [
            -73.89176,
            40.72587
          ],
          [
            -73.89205,
            40.72579
          ],
          [
            -73.89233,
            40.72573
          ],
          [
            -73.89261,
            40.72567
          ],
          [
            -73.89292,
            40.72562
          ],
          [
            -73.89319,
            40.72558
          ],
          [
            -73.89348,
            40.72555
          ],
          [
            -73.89377,
            40.72553
          ],
          [
            -73.89397,
            40.72552
          ],
          [
            -73.8942,
            40.72551
          ],
          [
            -73.89435,
            40.72551
          ],
          [
            -73.89451,
            40.72552
          ],
          [
            -73.89466,
            40.72552
          ],
          [
            -73.89487,
            40.72553
          ],
          [
            -73.89494,
            40.72553
          ],
          [
            -73.89508,
            40.72554
          ],
          [
            -73.89521,
            40.72555
          ],
          [
            -73.89572,
            40.72561
          ],
          [
            -73.89585,
            40.72562
          ],
          [
            -73.89585,
            40.72562
          ],
          [
            -73.89599,
            40.72556
          ],
          [
            -73.89651,
            40.72527
          ],
          [
            -73.89671,
            40.72517
          ],
          [
            -73.89682,
            40.72512
          ],
          [
            -73.89696,
            40.72505
          ],
          [
            -73.8972,
            40.72492
          ],
          [
            -73.89806,
            40.72449
          ],
          [
            -73.89836,
            40.72433
          ],
          [
            -73.89844,
            40.72429
          ],
          [
            -73.89852,
            40.72426
          ],
          [
            -73.89867,
            40.72417
          ],
          [
            -73.89869,
            40.72416
          ],
          [
            -73.89883,
            40.72409
          ],
          [
            -73.89954,
            40.72372
          ],
          [
            -73.89961,
            40.72368
          ],
          [
            -73.89968,
            40.72365
          ],
          [
            -73.89992,
            40.72353
          ],
          [
            -73.90062,
            40.72317
          ],
          [
            -73.90062,
            40.72317
          ],
          [
            -73.90125,
            40.72278
          ],
          [
            -73.90143,
            40.72266
          ],
          [
            -73.9015,
            40.72262
          ],
          [
            -73.90158,
            40.72257
          ],
          [
            -73.90182,
            40.72242
          ],
          [
            -73.90227,
            40.72215
          ],
          [
            -73.90312,
            40.72163
          ],
          [
            -73.90324,
            40.72155
          ],
          [
            -73.90356,
            40.72136
          ],
          [
            -73.90366,
            40.7213
          ],
          [
            -73.90398,
            40.72111
          ],
          [
            -73.90402,
            40.72108
          ],
          [
            -73.9041,
            40.72103
          ],
          [
            -73.90417,
            40.72099
          ],
          [
            -73.90427,
            40.72092
          ],
          [
            -73.90458,
            40.72073
          ],
          [
            -73.90478,
            40.72061
          ],
          [
            -73.90492,
            40.72052
          ],
          [
            -73.90534,
            40.72026
          ],
          [
            -73.90559,
            40.72011
          ],
          [
            -73.9059,
            40.71991
          ],
          [
            -73.90613,
            40.71978
          ],
          [
            -73.90684,
            40.71933
          ],
          [
            -73.90709,
            40.71918
          ],
          [
            -73.90737,
            40.71906
          ],
          [
            -73.90768,
            40.71893
          ],
          [
            -73.90787,
            40.71883
          ],
          [
            -73.90807,
            40.71873
          ],
          [
            -73.90829,
            40.71859
          ],
          [
            -73.90833,
            40.71857
          ],
          [
            -73.90841,
            40.71852
          ],
          [
            -73.9086,
            40.71841
          ],
          [
            -73.90901,
            40.71817
          ],
          [
            -73.9101,
            40.71759
          ],
          [
            -73.91037,
            40.71744
          ],
          [
            -73.9105,
            40.71736
          ],
          [
            -73.91064,
            40.71725
          ],
          [
            -73.91104,
            40.7169
          ],
          [
            -73.91126,
            40.71672
          ],
          [
            -73.91146,
            40.71654
          ],
          [
            -73.91151,
            40.71649
          ],
          [
            -73.91161,
            40.71637
          ],
          [
            -73.91163,
            40.71634
          ],
          [
            -73.91193,
            40.71602
          ],
          [
            -73.91215,
            40.71581
          ],
          [
            -73.91236,
            40.71563
          ],
          [
            -73.91254,
            40.71553
          ],
          [
            -73.91278,
            40.71542
          ],
          [
            -73.91298,
            40.71533
          ],
          [
            -73.91317,
            40.71514
          ],
          [
            -73.91326,
            40.71507
          ],
          [
            -73.91348,
            40.71491
          ],
          [
            -73.91351,
            40.71488
          ],
          [
            -73.91356,
            40.71485
          ],
          [
            -73.9141,
            40.71451
          ],
          [
            -73.91424,
            40.71442
          ],
          [
            -73.91431,
            40.71437
          ],
          [
            -73.91492,
            40.71403
          ],
          [
            -73.91507,
            40.71393
          ],
          [
            -73.91511,
            40.7139
          ],
          [
            -73.9152,
            40.71378
          ],
          [
            -73.91552,
            40.71358
          ],
          [
            -73.91568,
            40.7135
          ],
          [
            -73.91586,
            40.71342
          ],
          [
            -73.91607,
            40.71335
          ],
          [
            -73.91614,
            40.71332
          ],
          [
            -73.91621,
            40.7133
          ],
          [
            -73.91629,
            40.71328
          ],
          [
            -73.91643,
            40.71323
          ],
          [
            -73.91783,
            40.71281
          ],
          [
            -73.91799,
            40.71276
          ],
          [
            -73.91812,
            40.71269
          ],
          [
            -73.91841,
            40.71253
          ],
          [
            -73.91846,
            40.7125
          ],
          [
            -73.91854,
            40.71245
          ],
          [
            -73.9186,
            40.71241
          ],
          [
            -73.91864,
            40.71239
          ],
          [
            -73.91927,
            40.71201
          ],
          [
            -73.91951,
            40.71184
          ],
          [
            -73.91962,
            40.71174
          ],
          [
            -73.91981,
            40.71153
          ],
          [
            -73.91986,
            40.71146
          ],
          [
            -73.91991,
            40.71141
          ],
          [
            -73.92042,
            40.71087
          ],
          [
            -73.92074,
            40.71054
          ],
          [
            -73.92161,
            40.70969
          ],
          [
            -73.92183,
            40.70947
          ],
          [
            -73.9219,
            40.7094
          ],
          [
            -73.9219,
            40.7094
          ],
          [
            -73.92181,
            40.70935
          ],
          [
            -73.92144,
            40.70913
          ],
          [
            -73.92085,
            40.70878
          ],
          [
            -73.92078,
            40.70874
          ],
          [
            -73.9207,
            40.70869
          ],
          [
            -73.92065,
            40.70866
          ],
          [
            -73.92004,
            40.7083
          ],
          [
            -73.91995,
            40.70825
          ],
          [
            -73.9199,
            40.70822
          ],
          [
            -73.91958,
            40.70803
          ],
          [
            -73.91957,
            40.70802
          ],
          [
            -73.91929,
            40.70786
          ],
          [
            -73.91922,
            40.70782
          ],
          [
            -73.91916,
            40.70778
          ],
          [
            -73.91884,
            40.70759
          ],
          [
            -73.9186,
            40.70745
          ],
          [
            -73.91855,
            40.70742
          ],
          [
            -73.91848,
            40.70738
          ],
          [
            -73.91842,
            40.70734
          ],
          [
            -73.91838,
            40.70732
          ],
          [
            -73.91811,
            40.70716
          ],
          [
            -73.91808,
            40.70715
          ],
          [
            -73.91781,
            40.70698
          ],
          [
            -73.91774,
            40.70694
          ],
          [
            -73.91768,
            40.7069
          ],
          [
            -73.91737,
            40.70672
          ],
          [
            -73.91707,
            40.70654
          ],
          [
            -73.917,
            40.7065
          ],
          [
            -73.91694,
            40.70646
          ],
          [
            -73.91665,
            40.70629
          ],
          [
            -73.91661,
            40.70627
          ],
          [
            -73.91633,
            40.70611
          ],
          [
            -73.91625,
            40.70606
          ],
          [
            -73.9162,
            40.70603
          ],
          [
            -73.91591,
            40.70586
          ],
          [
            -73.91558,
            40.70567
          ],
          [
            -73.91551,
            40.70563
          ],
          [
            -73.91546,
            40.7056
          ],
          [
            -73.91484,
            40.70523
          ],
          [
            -73.91477,
            40.70519
          ],
          [
            -73.91471,
            40.70516
          ],
          [
            -73.91411,
            40.70479
          ],
          [
            -73.91404,
            40.70476
          ],
          [
            -73.91398,
            40.70472
          ],
          [
            -73.91337,
            40.70436
          ],
          [
            -73.9133,
            40.70432
          ],
          [
            -73.91323,
            40.70428
          ],
          [
            -73.91262,
            40.70392
          ],
          [
            -73.91256,
            40.70388
          ],
          [
            -73.91249,
            40.70384
          ],
          [
            -73.91188,
            40.70348
          ],
          [
            -73.91181,
            40.70344
          ],
          [
            -73.91175,
            40.7034
          ],
          [
            -73.91114,
            40.70304
          ],
          [
            -73.91107,
            40.703
          ],
          [
            -73.91101,
            40.70296
          ],
          [
            -73.9104,
            40.7026
          ],
          [
            -73.91033,
            40.70256
          ],
          [
            -73.91027,
            40.70252
          ],
          [
            -73.90966,
            40.70216
          ],
          [
            -73.90959,
            40.70212
          ],
          [
            -73.90959,
            40.70212
          ],
          [
            -73.90964,
            40.70207
          ],
          [
            -73.91039,
            40.70134
          ],
          [
            -73.9106,
            40.70113
          ],
          [
            -73.91062,
            40.70111
          ],
          [
            -73.91068,
            40.70105
          ],
          [
            -73.91074,
            40.701
          ],
          [
            -73.91109,
            40.70064
          ],
          [
            -73.91131,
            40.70042
          ],
          [
            -73.91138,
            40.70036
          ],
          [
            -73.91145,
            40.70029
          ],
          [
            -73.91149,
            40.70025
          ],
          [
            -73.9116,
            40.70014
          ],
          [
            -73.91162,
            40.70012
          ],
          [
            -73.91175,
            40.7
          ],
          [
            -73.91181,
            40.69993
          ],
          [
            -73.91186,
            40.69988
          ],
          [
            -73.91221,
            40.69953
          ],
          [
            -73.91229,
            40.69944
          ],
          [
            -73.91237,
            40.69936
          ],
          [
            -73.91325,
            40.69847
          ],
          [
            -73.91331,
            40.69841
          ],
          [
            -73.91331,
            40.69841
          ],
          [
            -73.91325,
            40.69838
          ],
          [
            -73.91263,
            40.69802
          ],
          [
            -73.91256,
            40.69798
          ],
          [
            -73.91256,
            40.69798
          ],
          [
            -73.9125,
            40.69804
          ],
          [
            -73.91182,
            40.69873
          ],
          [
            -73.91178,
            40.69878
          ],
          [
            -73.91173,
            40.69883
          ],
          [
            -73.9115,
            40.69905
          ],
          [
            -73.91122,
            40.69934
          ],
          [
            -73.91122,
            40.69934
          ],
          [
            -73.91122,
            40.69934
          ],
          [
            -73.91118,
            40.69939
          ],
          [
            -73.91112,
            40.69945
          ],
          [
            -73.91107,
            40.69951
          ],
          [
            -73.91107,
            40.69951
          ],
          [
            -73.91097,
            40.69946
          ],
          [
            -73.91058,
            40.69925
          ],
          [
            -73.90997,
            40.69891
          ],
          [
            -73.90989,
            40.69887
          ],
          [
            -73.9097,
            40.69876
          ],
          [
            -73.90961,
            40.69871
          ],
          [
            -73.90953,
            40.69868
          ],
          [
            -73.90953,
            40.69868
          ],
          [
            -73.90947,
            40.69873
          ],
          [
            -73.90929,
            40.69892
          ],
          [
            -73.90838,
            40.6998
          ],
          [
            -73.9083,
            40.69988
          ],
          [
            -73.90819,
            40.69999
          ],
          [
            -73.90742,
            40.70075
          ],
          [
            -73.90736,
            40.7008
          ],
          [
            -73.90736,
            40.7008
          ],
          [
            -73.90743,
            40.70085
          ],
          [
            -73.90805,
            40.70121
          ],
          [
            -73.9081,
            40.70124
          ],
          [
            -73.90818,
            40.70128
          ],
          [
            -73.90877,
            40.70163
          ],
          [
            -73.90884,
            40.70168
          ],
          [
            -73.90894,
            40.70173
          ],
          [
            -73.90953,
            40.70209
          ],
          [
            -73.90959,
            40.70212
          ],
          [
            -73.90966,
            40.70216
          ],
          [
            -73.91027,
            40.70252
          ],
          [
            -73.91033,
            40.70256
          ],
          [
            -73.9104,
            40.7026
          ],
          [
            -73.91101,
            40.70296
          ],
          [
            -73.91107,
            40.703
          ],
          [
            -73.91114,
            40.70304
          ],
          [
            -73.91175,
            40.7034
          ],
          [
            -73.91181,
            40.70344
          ],
          [
            -73.91188,
            40.70348
          ],
          [
            -73.91249,
            40.70384
          ],
          [
            -73.91256,
            40.70388
          ],
          [
            -73.91262,
            40.70392
          ],
          [
            -73.91323,
            40.70428
          ],
          [
            -73.9133,
            40.70432
          ],
          [
            -73.91337,
            40.70436
          ],
          [
            -73.91398,
            40.70472
          ],
          [
            -73.91404,
            40.70476
          ],
          [
            -73.91411,
            40.70479
          ],
          [
            -73.91471,
            40.70516
          ],
          [
            -73.91477,
            40.70519
          ],
          [
            -73.91484,
            40.70523
          ],
          [
            -73.91546,
            40.7056
          ],
          [
            -73.91551,
            40.70563
          ],
          [
            -73.91558,
            40.70567
          ],
          [
            -73.91591,
            40.70586
          ],
          [
            -73.9162,
            40.70603
          ],
          [
            -73.91625,
            40.70606
          ],
          [
            -73.91633,
            40.70611
          ],
          [
            -73.91661,
            40.70627
          ],
          [
            -73.91665,
            40.70629
          ],
          [
            -73.91694,
            40.70646
          ],
          [
            -73.917,
            40.7065
          ],
          [
            -73.91707,
            40.70654
          ],
          [
            -73.91737,
            40.70672
          ],
          [
            -73.91768,
            40.7069
          ],
          [
            -73.91774,
            40.70694
          ],
          [
            -73.91781,
            40.70698
          ],
          [
            -73.91808,
            40.70715
          ],
          [
            -73.91811,
            40.70716
          ],
          [
            -73.91838,
            40.70732
          ],
          [
            -73.91842,
            40.70734
          ],
          [
            -73.91848,
            40.70738
          ],
          [
            -73.91855,
            40.70742
          ],
          [
            -73.9186,
            40.70745
          ],
          [
            -73.91884,
            40.70759
          ],
          [
            -73.91916,
            40.70778
          ],
          [
            -73.91922,
            40.70782
          ],
          [
            -73.91929,
            40.70786
          ],
          [
            -73.91957,
            40.70802
          ],
          [
            -73.91958,
            40.70803
          ],
          [
            -73.9199,
            40.70822
          ],
          [
            -73.91995,
            40.70825
          ],
          [
            -73.92004,
            40.7083
          ],
          [
            -73.92065,
            40.70866
          ],
          [
            -73.9207,
            40.70869
          ],
          [
            -73.92078,
            40.70874
          ],
          [
            -73.92085,
            40.70878
          ],
          [
            -73.92144,
            40.70913
          ],
          [
            -73.92181,
            40.70935
          ],
          [
            -73.9219,
            40.7094
          ],
          [
            -73.9219,
            40.7094
          ],
          [
            -73.92183,
            40.70947
          ],
          [
            -73.92161,
            40.70969
          ],
          [
            -73.92074,
            40.71054
          ],
          [
            -73.92042,
            40.71087
          ],
          [
            -73.91991,
            40.71141
          ],
          [
            -73.91986,
            40.71146
          ],
          [
            -73.91981,
            40.71153
          ],
          [
            -73.91962,
            40.71174
          ],
          [
            -73.91951,
            40.71184
          ],
          [
            -73.91927,
            40.71201
          ],
          [
            -73.91864,
            40.71239
          ],
          [
            -73.9186,
            40.71241
          ],
          [
            -73.91854,
            40.71245
          ],
          [
            -73.91846,
            40.7125
          ],
          [
            -73.91841,
            40.71253
          ],
          [
            -73.91812,
            40.71269
          ],
          [
            -73.91799,
            40.71276
          ],
          [
            -73.91783,
            40.71281
          ],
          [
            -73.91643,
            40.71323
          ],
          [
            -73.91629,
            40.71328
          ],
          [
            -73.91621,
            40.7133
          ],
          [
            -73.91614,
            40.71332
          ],
          [
            -73.91607,
            40.71335
          ],
          [
            -73.91586,
            40.71342
          ],
          [
            -73.91568,
            40.7135
          ],
          [
            -73.91552,
            40.71358
          ],
          [
            -73.9152,
            40.71378
          ],
          [
            -73.91511,
            40.7139
          ],
          [
            -73.91507,
            40.71393
          ],
          [
            -73.91492,
            40.71403
          ],
          [
            -73.91431,
            40.71437
          ],
          [
            -73.91424,
            40.71442
          ],
          [
            -73.9141,
            40.71451
          ],
          [
            -73.91356,
            40.71485
          ],
          [
            -73.91351,
            40.71488
          ],
          [
            -73.91348,
            40.71491
          ],
          [
            -73.91326,
            40.71507
          ],
          [
            -73.91317,
            40.71514
          ],
          [
            -73.91279,
            40.71533
          ],
          [
            -73.91235,
            40.71554
          ],
          [
            -73.91218,
            40.71568
          ],
          [
            -73.91189,
            40.71595
          ],
          [
            -73.91151,
            40.71635
          ],
          [
            -73.91149,
            40.71638
          ],
          [
            -73.91141,
            40.71646
          ],
          [
            -73.91132,
            40.71655
          ],
          [
            -73.91114,
            40.71672
          ],
          [
            -73.91092,
            40.71691
          ],
          [
            -73.91058,
            40.7172
          ],
          [
            -73.91046,
            40.71729
          ],
          [
            -73.91034,
            40.71737
          ],
          [
            -73.91005,
            40.71753
          ],
          [
            -73.90947,
            40.71783
          ],
          [
            -73.90861,
            40.71829
          ],
          [
            -73.90833,
            40.71845
          ],
          [
            -73.90789,
            40.71869
          ],
          [
            -73.90762,
            40.71884
          ],
          [
            -73.90732,
            40.71901
          ],
          [
            -73.90709,
            40.71918
          ],
          [
            -73.90684,
            40.71933
          ],
          [
            -73.90613,
            40.71978
          ],
          [
            -73.9059,
            40.71991
          ],
          [
            -73.90559,
            40.72011
          ],
          [
            -73.90534,
            40.72026
          ],
          [
            -73.90492,
            40.72052
          ],
          [
            -73.90478,
            40.72061
          ],
          [
            -73.90458,
            40.72073
          ],
          [
            -73.90427,
            40.72092
          ],
          [
            -73.90417,
            40.72099
          ],
          [
            -73.9041,
            40.72103
          ],
          [
            -73.90402,
            40.72108
          ],
          [
            -73.90398,
            40.72111
          ],
          [
            -73.90366,
            40.7213
          ],
          [
            -73.90356,
            40.72136
          ],
          [
            -73.90324,
            40.72155
          ],
          [
            -73.90312,
            40.72163
          ],
          [
            -73.90227,
            40.72215
          ],
          [
            -73.90182,
            40.72242
          ],
          [
            -73.90158,
            40.72257
          ],
          [
            -73.9015,
            40.72262
          ],
          [
            -73.90143,
            40.72266
          ],
          [
            -73.90125,
            40.72278
          ],
          [
            -73.90062,
            40.72317
          ],
          [
            -73.90062,
            40.72317
          ],
          [
            -73.89992,
            40.72353
          ],
          [
            -73.89968,
            40.72365
          ],
          [
            -73.89961,
            40.72368
          ],
          [
            -73.89954,
            40.72372
          ],
          [
            -73.89883,
            40.72409
          ],
          [
            -73.89869,
            40.72416
          ],
          [
            -73.89867,
            40.72417
          ],
          [
            -73.89852,
            40.72426
          ],
          [
            -73.89844,
            40.72429
          ],
          [
            -73.89836,
            40.72433
          ],
          [
            -73.89806,
            40.72449
          ],
          [
            -73.8972,
            40.72492
          ],
          [
            -73.89696,
            40.72505
          ],
          [
            -73.89682,
            40.72512
          ],
          [
            -73.89671,
            40.72517
          ],
          [
            -73.89651,
            40.72527
          ],
          [
            -73.89599,
            40.72556
          ],
          [
            -73.89585,
            40.72562
          ],
          [
            -73.89548,
            40.72583
          ],
          [
            -73.89546,
            40.72584
          ],
          [
            -73.89532,
            40.72592
          ],
          [
            -73.89532,
            40.72592
          ],
          [
            -73.89534,
            40.72597
          ],
          [
            -73.89535,
            40.72603
          ],
          [
            -73.89535,
            40.72606
          ],
          [
            -73.89536,
            40.7261
          ],
          [
            -73.89537,
            40.72631
          ],
          [
            -73.89541,
            40.72679
          ],
          [
            -73.8955,
            40.72779
          ],
          [
            -73.89559,
            40.72891
          ],
          [
            -73.8956,
            40.72896
          ],
          [
            -73.8956,
            40.72903
          ],
          [
            -73.89562,
            40.72926
          ],
          [
            -73.89564,
            40.72954
          ],
          [
            -73.89565,
            40.7297
          ],
          [
            -73.89566,
            40.72978
          ],
          [
            -73.8957,
            40.73038
          ],
          [
            -73.89574,
            40.73083
          ],
          [
            -73.89577,
            40.73114
          ],
          [
            -73.89579,
            40.73145
          ],
          [
            -73.8958,
            40.73151
          ],
          [
            -73.8958,
            40.73157
          ],
          [
            -73.89581,
            40.73161
          ],
          [
            -73.89585,
            40.7321
          ],
          [
            -73.89585,
            40.73213
          ],
          [
            -73.89585,
            40.73218
          ],
          [
            -73.89586,
            40.73224
          ],
          [
            -73.89591,
            40.73288
          ],
          [
            -73.89595,
            40.73343
          ],
          [
            -73.89596,
            40.73351
          ],
          [
            -73.89596,
            40.73357
          ],
          [
            -73.89597,
            40.73361
          ],
          [
            -73.89597,
            40.73367
          ],
          [
            -73.89601,
            40.73426
          ],
          [
            -73.89605,
            40.7347
          ],
          [
            -73.89604,
            40.73479
          ],
          [
            -73.89603,
            40.73493
          ],
          [
            -73.89603,
            40.73498
          ],
          [
            -73.89602,
            40.73503
          ],
          [
            -73.89602,
            40.73524
          ],
          [
            -73.89602,
            40.73524
          ],
          [
            -73.89592,
            40.73525
          ],
          [
            -73.89518,
            40.73539
          ],
          [
            -73.89509,
            40.7354
          ],
          [
            -73.895,
            40.73542
          ],
          [
            -73.89432,
            40.73554
          ],
          [
            -73.89422,
            40.73556
          ],
          [
            -73.89411,
            40.73558
          ],
          [
            -73.89334,
            40.73572
          ],
          [
            -73.89323,
            40.73574
          ],
          [
            -73.89313,
            40.73576
          ],
          [
            -73.89242,
            40.73589
          ],
          [
            -73.89231,
            40.73591
          ],
          [
            -73.89223,
            40.73592
          ],
          [
            -73.89208,
            40.73595
          ],
          [
            -73.89138,
            40.73608
          ],
          [
            -73.89101,
            40.73614
          ],
          [
            -73.89008,
            40.73631
          ],
          [
            -73.88939,
            40.73643
          ],
          [
            -73.88864,
            40.73658
          ],
          [
            -73.88762,
            40.73676
          ],
          [
            -73.88753,
            40.73678
          ],
          [
            -73.88746,
            40.73679
          ],
          [
            -73.88705,
            40.73686
          ],
          [
            -73.88665,
            40.73693
          ],
          [
            -73.88657,
            40.73695
          ],
          [
            -73.8865,
            40.73696
          ],
          [
            -73.88633,
            40.73699
          ],
          [
            -73.88612,
            40.73703
          ],
          [
            -73.88569,
            40.73711
          ],
          [
            -73.88561,
            40.73712
          ],
          [
            -73.88554,
            40.73714
          ],
          [
            -73.88494,
            40.73725
          ],
          [
            -73.88465,
            40.7373
          ],
          [
            -73.88453,
            40.73732
          ],
          [
            -73.88387,
            40.73744
          ],
          [
            -73.88322,
            40.73756
          ],
          [
            -73.88291,
            40.73761
          ],
          [
            -73.88287,
            40.73762
          ],
          [
            -73.88273,
            40.73764
          ],
          [
            -73.88267,
            40.73765
          ],
          [
            -73.88251,
            40.73768
          ],
          [
            -73.88214,
            40.73774
          ],
          [
            -73.88193,
            40.73778
          ],
          [
            -73.8818,
            40.7378
          ],
          [
            -73.8816,
            40.73784
          ],
          [
            -73.8813,
            40.73789
          ],
          [
            -73.88112,
            40.73793
          ],
          [
            -73.88094,
            40.73796
          ],
          [
            -73.88027,
            40.73808
          ],
          [
            -73.87964,
            40.73818
          ],
          [
            -73.87964,
            40.73818
          ],
          [
            -73.87941,
            40.73833
          ],
          [
            -73.87934,
            40.73838
          ],
          [
            -73.87928,
            40.73843
          ],
          [
            -73.87838,
            40.73908
          ],
          [
            -73.87802,
            40.73934
          ],
          [
            -73.87792,
            40.73941
          ],
          [
            -73.87783,
            40.73947
          ],
          [
            -73.87753,
            40.73969
          ],
          [
            -73.87712,
            40.73999
          ],
          [
            -73.87646,
            40.74047
          ],
          [
            -73.87641,
            40.7405
          ],
          [
            -73.87636,
            40.74054
          ],
          [
            -73.8763,
            40.74059
          ],
          [
            -73.8763,
            40.74059
          ],
          [
            -73.8763,
            40.74059
          ],
          [
            -73.87636,
            40.74054
          ],
          [
            -73.87641,
            40.7405
          ],
          [
            -73.87646,
            40.74047
          ],
          [
            -73.87712,
            40.73999
          ],
          [
            -73.87753,
            40.73969
          ],
          [
            -73.87783,
            40.73947
          ],
          [
            -73.87792,
            40.73941
          ],
          [
            -73.87792,
            40.73941
          ],
          [
            -73.87786,
            40.73934
          ],
          [
            -73.87782,
            40.73928
          ],
          [
            -73.87772,
            40.73911
          ],
          [
            -73.8777,
            40.73907
          ],
          [
            -73.8777,
            40.73907
          ],
          [
            -73.8777,
            40.73907
          ],
          [
            -73.87747,
            40.73867
          ],
          [
            -73.87743,
            40.73861
          ],
          [
            -73.87741,
            40.73855
          ],
          [
            -73.87724,
            40.73819
          ],
          [
            -73.8772,
            40.73807
          ],
          [
            -73.87719,
            40.73802
          ],
          [
            -73.87718,
            40.73796
          ],
          [
            -73.87718,
            40.73786
          ],
          [
            -73.87718,
            40.73781
          ],
          [
            -73.87719,
            40.73774
          ],
          [
            -73.87721,
            40.73769
          ],
          [
            -73.87724,
            40.7376
          ],
          [
            -73.87725,
            40.73755
          ],
          [
            -73.87732,
            40.73739
          ],
          [
            -73.87736,
            40.73729
          ],
          [
            -73.87744,
            40.73707
          ],
          [
            -73.87746,
            40.73704
          ],
          [
            -73.87747,
            40.73701
          ],
          [
            -73.87754,
            40.73692
          ],
          [
            -73.87758,
            40.73687
          ],
          [
            -73.87764,
            40.73681
          ],
          [
            -73.87764,
            40.73681
          ],
          [
            -73.87773,
            40.7367
          ],
          [
            -73.87778,
            40.73664
          ],
          [
            -73.87783,
            40.73659
          ],
          [
            -73.87786,
            40.73655
          ],
          [
            -73.8779,
            40.73651
          ],
          [
            -73.87792,
            40.73649
          ],
          [
            -73.87796,
            40.73646
          ],
          [
            -73.87801,
            40.73643
          ],
          [
            -73.87807,
            40.7364
          ],
          [
            -73.87814,
            40.73638
          ],
          [
            -73.87825,
            40.73635
          ],
          [
            -73.87851,
            40.73628
          ],
          [
            -73.87863,
            40.73625
          ],
          [
            -73.87867,
            40.73623
          ],
          [
            -73.87876,
            40.73621
          ],
          [
            -73.87905,
            40.73614
          ],
          [
            -73.87917,
            40.73611
          ],
          [
            -73.87954,
            40.73601
          ],
          [
            -73.88026,
            40.73582
          ],
          [
            -73.88044,
            40.73577
          ],
          [
            -73.88052,
            40.73575
          ],
          [
            -73.88063,
            40.73572
          ],
          [
            -73.88082,
            40.73567
          ],
          [
            -73.88087,
            40.73566
          ],
          [
            -73.88087,
            40.73566
          ],
          [
            -73.88087,
            40.73566
          ],
          [
            -73.88099,
            40.73562
          ],
          [
            -73.88103,
            40.73561
          ],
          [
            -73.88108,
            40.73559
          ],
          [
            -73.88111,
            40.73557
          ],
          [
            -73.88117,
            40.73553
          ],
          [
            -73.88139,
            40.73538
          ],
          [
            -73.8817,
            40.73516
          ],
          [
            -73.88181,
            40.73509
          ],
          [
            -73.88183,
            40.73508
          ],
          [
            -73.88201,
            40.73495
          ],
          [
            -73.88204,
            40.73493
          ],
          [
            -73.88204,
            40.73493
          ],
          [
            -73.88204,
            40.73493
          ],
          [
            -73.88211,
            40.73488
          ],
          [
            -73.88217,
            40.73483
          ],
          [
            -73.88297,
            40.73428
          ],
          [
            -73.88348,
            40.73392
          ],
          [
            -73.88373,
            40.73365
          ],
          [
            -73.88376,
            40.73362
          ],
          [
            -73.88377,
            40.73361
          ],
          [
            -73.88381,
            40.73356
          ],
          [
            -73.88384,
            40.73351
          ],
          [
            -73.88411,
            40.7331
          ],
          [
            -73.8845,
            40.73245
          ],
          [
            -73.88453,
            40.73239
          ],
          [
            -73.88456,
            40.73234
          ],
          [
            -73.88468,
            40.73214
          ],
          [
            -73.88469,
            40.73213
          ],
          [
            -73.88469,
            40.73213
          ],
          [
            -73.88469,
            40.73213
          ],
          [
            -73.8847,
            40.7321
          ],
          [
            -73.88472,
            40.73207
          ],
          [
            -73.88478,
            40.73197
          ],
          [
            -73.88484,
            40.73187
          ],
          [
            -73.8852,
            40.73131
          ],
          [
            -73.88532,
            40.73115
          ],
          [
            -73.88538,
            40.73108
          ],
          [
            -73.88545,
            40.73102
          ],
          [
            -73.88552,
            40.73098
          ],
          [
            -73.88558,
            40.73095
          ],
          [
            -73.88564,
            40.73092
          ],
          [
            -73.88593,
            40.73078
          ],
          [
            -73.88593,
            40.73078
          ],
          [
            -73.88593,
            40.73078
          ],
          [
            -73.88617,
            40.73067
          ],
          [
            -73.88637,
            40.73057
          ],
          [
            -73.88659,
            40.73047
          ],
          [
            -73.8867,
            40.73042
          ],
          [
            -73.88685,
            40.73037
          ],
          [
            -73.88695,
            40.73034
          ],
          [
            -73.88706,
            40.73032
          ],
          [
            -73.88741,
            40.73024
          ],
          [
            -73.88752,
            40.73021
          ],
          [
            -73.88763,
            40.73019
          ],
          [
            -73.88805,
            40.7301
          ],
          [
            -73.88812,
            40.73008
          ],
          [
            -73.88849,
            40.73
          ],
          [
            -73.88857,
            40.72999
          ],
          [
            -73.88924,
            40.72983
          ],
          [
            -73.88937,
            40.72979
          ],
          [
            -73.88975,
            40.72969
          ],
          [
            -73.88981,
            40.72965
          ],
          [
            -73.88987,
            40.7296
          ],
          [
            -73.88996,
            40.72952
          ],
          [
            -73.89002,
            40.72946
          ],
          [
            -73.89007,
            40.7294
          ],
          [
            -73.89021,
            40.72926
          ],
          [
            -73.89024,
            40.72923
          ],
          [
            -73.89024,
            40.72923
          ],
          [
            -73.89024,
            40.72923
          ],
          [
            -73.8908,
            40.72868
          ],
          [
            -73.89086,
            40.72861
          ],
          [
            -73.89091,
            40.72856
          ],
          [
            -73.89095,
            40.72851
          ],
          [
            -73.89105,
            40.72842
          ],
          [
            -73.89118,
            40.72835
          ],
          [
            -73.8913,
            40.72829
          ],
          [
            -73.89142,
            40.72823
          ],
          [
            -73.89153,
            40.72817
          ],
          [
            -73.89161,
            40.72813
          ],
          [
            -73.89182,
            40.72801
          ],
          [
            -73.89182,
            40.72801
          ],
          [
            -73.89182,
            40.72801
          ],
          [
            -73.89221,
            40.7278
          ],
          [
            -73.89229,
            40.72776
          ],
          [
            -73.89235,
            40.72773
          ],
          [
            -73.89295,
            40.72743
          ],
          [
            -73.89312,
            40.7273
          ],
          [
            -73.8932,
            40.72725
          ],
          [
            -73.89327,
            40.72719
          ],
          [
            -73.89333,
            40.72716
          ],
          [
            -73.89386,
            40.72682
          ],
          [
            -73.89432,
            40.72655
          ],
          [
            -73.89436,
            40.72652
          ],
          [
            -73.8944,
            40.7265
          ],
          [
            -73.89444,
            40.72649
          ],
          [
            -73.89465,
            40.72637
          ],
          [
            -73.89468,
            40.72635
          ],
          [
            -73.89471,
            40.72633
          ],
          [
            -73.89482,
            40.72626
          ],
          [
            -73.89482,
            40.72623
          ],
          [
            -73.89517,
            40.72601
          ],
          [
            -73.89522,
            40.72599
          ],
          [
            -73.89532,
            40.72592
          ],
          [
            -73.89546,
            40.72584
          ],
          [
            -73.89548,
            40.72583
          ],
          [
            -73.89575,
            40.72568
          ],
          [
            -73.89575,
            40.72568
          ],
          [
            -73.89575,
            40.72568
          ],
          [
            -73.89585,
            40.72562
          ],
          [
            -73.89599,
            40.72556
          ],
          [
            -73.89651,
            40.72527
          ],
          [
            -73.89671,
            40.72517
          ],
          [
            -73.89682,
            40.72512
          ],
          [
            -73.89696,
            40.72505
          ],
          [
            -73.8972,
            40.72492
          ],
          [
            -73.89729,
            40.72488
          ],
          [
            -73.89729,
            40.72488
          ],
          [
            -73.89729,
            40.72488
          ],
          [
            -73.89806,
            40.72449
          ],
          [
            -73.89836,
            40.72433
          ],
          [
            -73.89844,
            40.72429
          ],
          [
            -73.89852,
            40.72426
          ],
          [
            -73.89867,
            40.72417
          ],
          [
            -73.89869,
            40.72416
          ],
          [
            -73.89875,
            40.72413
          ],
          [
            -73.89875,
            40.72413
          ],
          [
            -73.89875,
            40.72413
          ],
          [
            -73.89883,
            40.72409
          ],
          [
            -73.89954,
            40.72372
          ],
          [
            -73.89961,
            40.72368
          ],
          [
            -73.89968,
            40.72365
          ],
          [
            -73.89976,
            40.72361
          ],
          [
            -73.89976,
            40.72361
          ],
          [
            -73.89976,
            40.72361
          ],
          [
            -73.89992,
            40.72353
          ],
          [
            -73.90062,
            40.72317
          ],
          [
            -73.90062,
            40.72317
          ],
          [
            -73.90125,
            40.72278
          ],
          [
            -73.90143,
            40.72266
          ],
          [
            -73.9015,
            40.72262
          ],
          [
            -73.90158,
            40.72257
          ],
          [
            -73.90182,
            40.72242
          ],
          [
            -73.90184,
            40.72241
          ],
          [
            -73.90184,
            40.72241
          ],
          [
            -73.90184,
            40.72241
          ],
          [
            -73.90227,
            40.72215
          ],
          [
            -73.90312,
            40.72163
          ],
          [
            -73.90312,
            40.72163
          ],
          [
            -73.90309,
            40.72154
          ],
          [
            -73.90309,
            40.72152
          ],
          [
            -73.90301,
            40.72125
          ],
          [
            -73.90257,
            40.71965
          ],
          [
            -73.90252,
            40.71947
          ],
          [
            -73.9025,
            40.71941
          ],
          [
            -73.90249,
            40.71937
          ],
          [
            -73.90243,
            40.71916
          ],
          [
            -73.9024,
            40.71904
          ],
          [
            -73.9024,
            40.71904
          ],
          [
            -73.90248,
            40.71903
          ],
          [
            -73.90248,
            40.71903
          ],
          [
            -73.90248,
            40.71903
          ],
          [
            -73.9024,
            40.71904
          ],
          [
            -73.9024,
            40.71904
          ],
          [
            -73.90233,
            40.71882
          ],
          [
            -73.90229,
            40.71868
          ],
          [
            -73.90218,
            40.71828
          ],
          [
            -73.90214,
            40.71811
          ],
          [
            -73.90213,
            40.7181
          ],
          [
            -73.90213,
            40.7181
          ],
          [
            -73.90213,
            40.7181
          ],
          [
            -73.90213,
            40.71808
          ],
          [
            -73.9021,
            40.718
          ],
          [
            -73.90209,
            40.71795
          ],
          [
            -73.90184,
            40.71703
          ],
          [
            -73.90182,
            40.71697
          ],
          [
            -73.9018,
            40.71689
          ],
          [
            -73.90178,
            40.71685
          ],
          [
            -73.90178,
            40.71685
          ],
          [
            -73.90178,
            40.71685
          ],
          [
            -73.90175,
            40.71673
          ],
          [
            -73.90167,
            40.71646
          ],
          [
            -73.90163,
            40.71632
          ],
          [
            -73.90162,
            40.71626
          ],
          [
            -73.90159,
            40.71617
          ],
          [
            -73.90155,
            40.71603
          ],
          [
            -73.90146,
            40.71572
          ],
          [
            -73.90144,
            40.71565
          ],
          [
            -73.90143,
            40.71559
          ],
          [
            -73.90138,
            40.71541
          ],
          [
            -73.90126,
            40.71498
          ],
          [
            -73.9012,
            40.71478
          ],
          [
            -73.9012,
            40.71478
          ],
          [
            -73.9012,
            40.71478
          ],
          [
            -73.9012,
            40.71477
          ],
          [
            -73.90119,
            40.71473
          ],
          [
            -73.90116,
            40.71462
          ],
          [
            -73.90114,
            40.71454
          ],
          [
            -73.90105,
            40.71425
          ],
          [
            -73.90103,
            40.71417
          ],
          [
            -73.90095,
            40.71388
          ],
          [
            -73.90094,
            40.71384
          ],
          [
            -73.90089,
            40.71368
          ],
          [
            -73.90075,
            40.71317
          ],
          [
            -73.90075,
            40.71316
          ],
          [
            -73.90063,
            40.71278
          ],
          [
            -73.90059,
            40.7127
          ],
          [
            -73.90056,
            40.71263
          ],
          [
            -73.90051,
            40.71254
          ],
          [
            -73.90051,
            40.71253
          ],
          [
            -73.90051,
            40.71253
          ],
          [
            -73.90062,
            40.71251
          ],
          [
            -73.9007,
            40.71248
          ],
          [
            -73.9007,
            40.71248
          ],
          [
            -73.9007,
            40.71248
          ],
          [
            -73.90062,
            40.71251
          ],
          [
            -73.90051,
            40.71253
          ],
          [
            -73.90051,
            40.71253
          ],
          [
            -73.90049,
            40.7125
          ],
          [
            -73.90046,
            40.71244
          ],
          [
            -73.90039,
            40.7123
          ],
          [
            -73.90034,
            40.71221
          ],
          [
            -73.90031,
            40.71214
          ],
          [
            -73.90022,
            40.71198
          ],
          [
            -73.90019,
            40.7119
          ],
          [
            -73.90017,
            40.71187
          ],
          [
            -73.90009,
            40.71171
          ],
          [
            -73.89986,
            40.71127
          ],
          [
            -73.89983,
            40.71122
          ],
          [
            -73.89975,
            40.71106
          ],
          [
            -73.89971,
            40.71098
          ],
          [
            -73.89968,
            40.71093
          ],
          [
            -73.89948,
            40.71056
          ],
          [
            -73.89944,
            40.71048
          ],
          [
            -73.89939,
            40.71039
          ],
          [
            -73.89936,
            40.71032
          ],
          [
            -73.89932,
            40.71027
          ],
          [
            -73.89895,
            40.70974
          ],
          [
            -73.89891,
            40.70968
          ],
          [
            -73.89887,
            40.70963
          ],
          [
            -73.89876,
            40.70948
          ],
          [
            -73.89872,
            40.70942
          ],
          [
            -73.89872,
            40.70942
          ],
          [
            -73.89872,
            40.70942
          ],
          [
            -73.8985,
            40.7091
          ],
          [
            -73.89845,
            40.70904
          ],
          [
            -73.89842,
            40.70899
          ],
          [
            -73.89805,
            40.70847
          ],
          [
            -73.898,
            40.7084
          ],
          [
            -73.89797,
            40.70835
          ],
          [
            -73.89792,
            40.70829
          ],
          [
            -73.89792,
            40.70829
          ],
          [
            -73.89792,
            40.70829
          ],
          [
            -73.89784,
            40.70816
          ],
          [
            -73.89774,
            40.70802
          ],
          [
            -73.8976,
            40.70782
          ],
          [
            -73.89756,
            40.70776
          ],
          [
            -73.89754,
            40.70771
          ],
          [
            -73.89726,
            40.70715
          ],
          [
            -73.89723,
            40.7071
          ],
          [
            -73.89721,
            40.70704
          ],
          [
            -73.89697,
            40.70657
          ],
          [
            -73.89694,
            40.7065
          ],
          [
            -73.89694,
            40.7065
          ],
          [
            -73.89705,
            40.70647
          ],
          [
            -73.89734,
            40.7064
          ],
          [
            -73.89734,
            40.7064
          ],
          [
            -73.89734,
            40.7064
          ],
          [
            -73.89737,
            40.7064
          ],
          [
            -73.898,
            40.70624
          ],
          [
            -73.89895,
            40.70602
          ],
          [
            -73.8999,
            40.70578
          ],
          [
            -73.89996,
            40.70577
          ],
          [
            -73.90005,
            40.70574
          ],
          [
            -73.90084,
            40.70552
          ],
          [
            -73.90197,
            40.70519
          ],
          [
            -73.90204,
            40.70517
          ],
          [
            -73.90212,
            40.70515
          ],
          [
            -73.90212,
            40.70515
          ],
          [
            -73.9021,
            40.7051
          ],
          [
            -73.90206,
            40.70499
          ],
          [
            -73.90201,
            40.70486
          ],
          [
            -73.90201,
            40.70486
          ],
          [
            -73.90207,
            40.70481
          ],
          [
            -73.90213,
            40.70475
          ],
          [
            -73.90224,
            40.70466
          ],
          [
            -73.90229,
            40.70461
          ],
          [
            -73.90234,
            40.70456
          ],
          [
            -73.90329,
            40.70363
          ],
          [
            -73.90334,
            40.70358
          ],
          [
            -73.90338,
            40.70354
          ],
          [
            -73.90343,
            40.70349
          ],
          [
            -73.90363,
            40.70329
          ],
          [
            -73.90363,
            40.70329
          ],
          [
            -73.90363,
            40.70329
          ],
          [
            -73.90449,
            40.70245
          ],
          [
            -73.90454,
            40.7024
          ],
          [
            -73.90459,
            40.70236
          ],
          [
            -73.90479,
            40.70216
          ],
          [
            -73.90479,
            40.70216
          ],
          [
            -73.90479,
            40.70216
          ],
          [
            -73.9054,
            40.70156
          ],
          [
            -73.90547,
            40.70149
          ],
          [
            -73.90552,
            40.70144
          ],
          [
            -73.90652,
            40.70047
          ],
          [
            -73.90656,
            40.70043
          ],
          [
            -73.90662,
            40.70037
          ],
          [
            -73.90662,
            40.70037
          ],
          [
            -73.90633,
            40.70019
          ],
          [
            -73.90622,
            40.70013
          ],
          [
            -73.90622,
            40.70013
          ],
          [
            -73.90636,
            40.70012
          ],
          [
            -73.90712,
            40.70003
          ],
          [
            -73.90712,
            40.70003
          ],
          [
            -73.90709,
            40.69995
          ],
          [
            -73.90712,
            40.69989
          ],
          [
            -73.90732,
            40.6997
          ],
          [
            -73.90732,
            40.6997
          ],
          [
            -73.90732,
            40.6997
          ],
          [
            -73.90868,
            40.69836
          ],
          [
            -73.90869,
            40.69835
          ],
          [
            -73.90869,
            40.69835
          ],
          [
            -73.90869,
            40.69835
          ],
          [
            -73.90872,
            40.69832
          ],
          [
            -73.90878,
            40.69825
          ],
          [
            -73.90883,
            40.6982
          ],
          [
            -73.90925,
            40.69777
          ],
          [
            -73.90947,
            40.69755
          ],
          [
            -73.90951,
            40.6975
          ],
          [
            -73.90951,
            40.6975
          ],
          [
            -73.90959,
            40.69754
          ],
          [
            -73.90963,
            40.69757
          ],
          [
            -73.91021,
            40.69789
          ],
          [
            -73.91027,
            40.69793
          ],
          [
            -73.91033,
            40.69796
          ],
          [
            -73.91065,
            40.69814
          ],
          [
            -73.91071,
            40.69817
          ],
          [
            -73.91102,
            40.69835
          ],
          [
            -73.91132,
            40.69852
          ],
          [
            -73.91132,
            40.69852
          ]
        ]
      }
    },
    {
      "type": "Feature",
      "properties": {
        "route_id": "Q58-W-Morning",
        "layer": "T1 Optimal"
      },
      "geometry": {
        "type": "LineString",
        "coordinates": [
          [
            -73.82933,
            40.75743
          ],
          [
            -73.82927,
            40.75746
          ],
          [
            -73.82913,
            40.75752
          ],
          [
            -73.82913,
            40.75752
          ],
          [
            -73.8291,
            40.75744
          ],
          [
            -73.8289,
            40.75696
          ],
          [
            -73.82881,
            40.75674
          ],
          [
            -73.82879,
            40.75667
          ],
          [
            -73.82879,
            40.75667
          ],
          [
            -73.82892,
            40.75661
          ],
          [
            -73.82932,
            40.75642
          ],
          [
            -73.82972,
            40.75624
          ],
          [
            -73.83068,
            40.75579
          ],
          [
            -73.83076,
            40.75575
          ],
          [
            -73.83083,
            40.75572
          ],
          [
            -73.83144,
            40.75543
          ],
          [
            -73.83157,
            40.75538
          ],
          [
            -73.83278,
            40.75479
          ],
          [
            -73.83293,
            40.75473
          ],
          [
            -73.83296,
            40.75471
          ],
          [
            -73.83306,
            40.75469
          ],
          [
            -73.83306,
            40.75469
          ],
          [
            -73.83318,
            40.75467
          ],
          [
            -73.83316,
            40.7546
          ],
          [
            -73.83308,
            40.75434
          ],
          [
            -73.83308,
            40.75434
          ],
          [
            -73.83308,
            40.75434
          ],
          [
            -73.83304,
            40.75421
          ],
          [
            -73.83292,
            40.75382
          ],
          [
            -73.8329,
            40.75378
          ],
          [
            -73.83288,
            40.75371
          ],
          [
            -73.83287,
            40.75367
          ],
          [
            -73.83279,
            40.75342
          ],
          [
            -73.83276,
            40.75328
          ],
          [
            -73.83271,
            40.75315
          ],
          [
            -73.83268,
            40.75302
          ],
          [
            -73.83266,
            40.75297
          ],
          [
            -73.83251,
            40.75247
          ],
          [
            -73.83249,
            40.75239
          ],
          [
            -73.83247,
            40.75232
          ],
          [
            -73.83245,
            40.75227
          ],
          [
            -73.83238,
            40.752
          ],
          [
            -73.83235,
            40.75193
          ],
          [
            -73.83232,
            40.75173
          ],
          [
            -73.83233,
            40.75158
          ],
          [
            -73.83235,
            40.75148
          ],
          [
            -73.83243,
            40.75113
          ],
          [
            -73.83272,
            40.74993
          ],
          [
            -73.83307,
            40.74842
          ],
          [
            -73.83309,
            40.74835
          ],
          [
            -73.83311,
            40.74828
          ],
          [
            -73.83314,
            40.74822
          ],
          [
            -73.83317,
            40.74817
          ],
          [
            -73.83319,
            40.74813
          ],
          [
            -73.83324,
            40.74807
          ],
          [
            -73.8333,
            40.74802
          ],
          [
            -73.83338,
            40.74796
          ],
          [
            -73.83346,
            40.74791
          ],
          [
            -73.83406,
            40.74754
          ],
          [
            -73.8342,
            40.74746
          ],
          [
            -73.83424,
            40.74743
          ],
          [
            -73.83432,
            40.74738
          ],
          [
            -73.83439,
            40.74733
          ],
          [
            -73.83446,
            40.74727
          ],
          [
            -73.83452,
            40.74721
          ],
          [
            -73.83458,
            40.74715
          ],
          [
            -73.83464,
            40.74709
          ],
          [
            -73.83469,
            40.74702
          ],
          [
            -73.83472,
            40.74698
          ],
          [
            -73.83476,
            40.74691
          ],
          [
            -73.83479,
            40.74686
          ],
          [
            -73.83481,
            40.74682
          ],
          [
            -73.83526,
            40.74599
          ],
          [
            -73.83526,
            40.74599
          ],
          [
            -73.83526,
            40.74599
          ],
          [
            -73.83546,
            40.74563
          ],
          [
            -73.8355,
            40.74556
          ],
          [
            -73.8355,
            40.74556
          ],
          [
            -73.83537,
            40.74552
          ],
          [
            -73.835,
            40.7462
          ],
          [
            -73.83467,
            40.7468
          ],
          [
            -73.83465,
            40.74684
          ],
          [
            -73.83462,
            40.74688
          ],
          [
            -73.83458,
            40.74695
          ],
          [
            -73.83456,
            40.74697
          ],
          [
            -73.8345,
            40.74706
          ],
          [
            -73.83444,
            40.74712
          ],
          [
            -73.83437,
            40.74718
          ],
          [
            -73.83429,
            40.74725
          ],
          [
            -73.8342,
            40.74731
          ],
          [
            -73.8341,
            40.74738
          ],
          [
            -73.83398,
            40.74745
          ],
          [
            -73.83358,
            40.74769
          ],
          [
            -73.83337,
            40.74783
          ],
          [
            -73.83326,
            40.7479
          ],
          [
            -73.83322,
            40.74793
          ],
          [
            -73.83317,
            40.74797
          ],
          [
            -73.83312,
            40.74801
          ],
          [
            -73.83309,
            40.74804
          ],
          [
            -73.83306,
            40.74808
          ],
          [
            -73.83303,
            40.74813
          ],
          [
            -73.833,
            40.74819
          ],
          [
            -73.83298,
            40.74824
          ],
          [
            -73.83296,
            40.74831
          ],
          [
            -73.83294,
            40.74841
          ],
          [
            -73.83273,
            40.74925
          ],
          [
            -73.8327,
            40.74938
          ],
          [
            -73.83258,
            40.74991
          ],
          [
            -73.8322,
            40.75145
          ],
          [
            -73.83218,
            40.75155
          ],
          [
            -73.83217,
            40.75163
          ],
          [
            -73.83217,
            40.75172
          ],
          [
            -73.8322,
            40.75187
          ],
          [
            -73.83221,
            40.75195
          ],
          [
            -73.83224,
            40.75203
          ],
          [
            -73.83226,
            40.75211
          ],
          [
            -73.83229,
            40.75222
          ],
          [
            -73.83232,
            40.75232
          ],
          [
            -73.83234,
            40.75238
          ],
          [
            -73.83234,
            40.75238
          ],
          [
            -73.83249,
            40.75239
          ],
          [
            -73.83247,
            40.75232
          ],
          [
            -73.83245,
            40.75227
          ],
          [
            -73.83238,
            40.752
          ],
          [
            -73.83238,
            40.752
          ],
          [
            -73.83238,
            40.752
          ],
          [
            -73.83235,
            40.75193
          ],
          [
            -73.83232,
            40.75173
          ],
          [
            -73.83233,
            40.75158
          ],
          [
            -73.83235,
            40.75148
          ],
          [
            -73.83243,
            40.75113
          ],
          [
            -73.83272,
            40.74993
          ],
          [
            -73.83307,
            40.74842
          ],
          [
            -73.83309,
            40.74835
          ],
          [
            -73.83311,
            40.74828
          ],
          [
            -73.83314,
            40.74822
          ],
          [
            -73.83317,
            40.74817
          ],
          [
            -73.83319,
            40.74813
          ],
          [
            -73.83324,
            40.74807
          ],
          [
            -73.8333,
            40.74802
          ],
          [
            -73.83338,
            40.74796
          ],
          [
            -73.83346,
            40.74791
          ],
          [
            -73.83406,
            40.74754
          ],
          [
            -73.8342,
            40.74746
          ],
          [
            -73.83424,
            40.74743
          ],
          [
            -73.83432,
            40.74738
          ],
          [
            -73.83439,
            40.74733
          ],
          [
            -73.83446,
            40.74727
          ],
          [
            -73.83452,
            40.74721
          ],
          [
            -73.83458,
            40.74715
          ],
          [
            -73.83464,
            40.74709
          ],
          [
            -73.83469,
            40.74702
          ],
          [
            -73.83472,
            40.74698
          ],
          [
            -73.83476,
            40.74691
          ],
          [
            -73.83479,
            40.74686
          ],
          [
            -73.83481,
            40.74682
          ],
          [
            -73.83491,
            40.74664
          ],
          [
            -73.83491,
            40.74664
          ],
          [
            -73.83491,
            40.74664
          ],
          [
            -73.83546,
            40.74563
          ],
          [
            -73.8355,
            40.74556
          ],
          [
            -73.83559,
            40.7454
          ],
          [
            -73.83564,
            40.74531
          ],
          [
            -73.83569,
            40.74523
          ],
          [
            -73.83574,
            40.74516
          ],
          [
            -73.83579,
            40.74509
          ],
          [
            -73.83584,
            40.74503
          ],
          [
            -73.83591,
            40.74496
          ],
          [
            -73.83592,
            40.74495
          ],
          [
            -73.83598,
            40.74489
          ],
          [
            -73.83602,
            40.74486
          ],
          [
            -73.83604,
            40.74483
          ],
          [
            -73.83607,
            40.74482
          ],
          [
            -73.83616,
            40.74475
          ],
          [
            -73.83626,
            40.74469
          ],
          [
            -73.83636,
            40.74463
          ],
          [
            -73.83664,
            40.74447
          ],
          [
            -73.83675,
            40.7444
          ],
          [
            -73.83685,
            40.74433
          ],
          [
            -73.83694,
            40.74427
          ],
          [
            -73.83705,
            40.74418
          ],
          [
            -73.83709,
            40.74415
          ],
          [
            -73.83715,
            40.74409
          ],
          [
            -73.8372,
            40.74402
          ],
          [
            -73.8372,
            40.74402
          ],
          [
            -73.83729,
            40.74403
          ],
          [
            -73.83745,
            40.74404
          ],
          [
            -73.83761,
            40.74404
          ],
          [
            -73.83849,
            40.74407
          ],
          [
            -73.83858,
            40.74407
          ],
          [
            -73.83867,
            40.74407
          ],
          [
            -73.83875,
            40.74406
          ],
          [
            -73.83882,
            40.74405
          ],
          [
            -73.8389,
            40.74403
          ],
          [
            -73.83901,
            40.744
          ],
          [
            -73.83909,
            40.74397
          ],
          [
            -73.83916,
            40.74393
          ],
          [
            -73.83924,
            40.74389
          ],
          [
            -73.8393,
            40.74385
          ],
          [
            -73.84117,
            40.74249
          ],
          [
            -73.84139,
            40.74233
          ],
          [
            -73.84159,
            40.7422
          ],
          [
            -73.84183,
            40.74206
          ],
          [
            -73.84206,
            40.74193
          ],
          [
            -73.84231,
            40.7418
          ],
          [
            -73.84255,
            40.74166
          ],
          [
            -73.84276,
            40.74156
          ],
          [
            -73.84296,
            40.74146
          ],
          [
            -73.84386,
            40.74103
          ],
          [
            -73.84422,
            40.74085
          ],
          [
            -73.84458,
            40.74066
          ],
          [
            -73.84494,
            40.74048
          ],
          [
            -73.84502,
            40.74045
          ],
          [
            -73.84532,
            40.74032
          ],
          [
            -73.84582,
            40.74009
          ],
          [
            -73.8461,
            40.73993
          ],
          [
            -73.84668,
            40.73968
          ],
          [
            -73.84668,
            40.73968
          ],
          [
            -73.84715,
            40.7395
          ],
          [
            -73.84722,
            40.73947
          ],
          [
            -73.84731,
            40.73944
          ],
          [
            -73.8474,
            40.73941
          ],
          [
            -73.84781,
            40.73928
          ],
          [
            -73.84793,
            40.73924
          ],
          [
            -73.84804,
            40.73919
          ],
          [
            -73.84813,
            40.73915
          ],
          [
            -73.84821,
            40.7391
          ],
          [
            -73.8483,
            40.73905
          ],
          [
            -73.84869,
            40.73877
          ],
          [
            -73.84892,
            40.73865
          ],
          [
            -73.84902,
            40.73861
          ],
          [
            -73.84917,
            40.73855
          ],
          [
            -73.84931,
            40.73851
          ],
          [
            -73.84991,
            40.73833
          ],
          [
            -73.85085,
            40.73805
          ],
          [
            -73.85096,
            40.73802
          ],
          [
            -73.85115,
            40.73796
          ],
          [
            -73.85183,
            40.73774
          ],
          [
            -73.85183,
            40.73774
          ],
          [
            -73.85183,
            40.73774
          ],
          [
            -73.85186,
            40.73773
          ],
          [
            -73.85193,
            40.73771
          ],
          [
            -73.85204,
            40.73769
          ],
          [
            -73.85204,
            40.73769
          ],
          [
            -73.85208,
            40.73776
          ],
          [
            -73.85209,
            40.73778
          ],
          [
            -73.85212,
            40.73784
          ],
          [
            -73.85218,
            40.73795
          ],
          [
            -73.8522,
            40.73799
          ],
          [
            -73.85224,
            40.73808
          ],
          [
            -73.85225,
            40.7381
          ],
          [
            -73.85242,
            40.73841
          ],
          [
            -73.85276,
            40.73908
          ],
          [
            -73.85282,
            40.73921
          ],
          [
            -73.85287,
            40.73929
          ],
          [
            -73.85291,
            40.73938
          ],
          [
            -73.85297,
            40.73951
          ],
          [
            -73.85306,
            40.73969
          ],
          [
            -73.85329,
            40.7401
          ],
          [
            -73.85334,
            40.74019
          ],
          [
            -73.85339,
            40.74027
          ],
          [
            -73.85369,
            40.74089
          ],
          [
            -73.85371,
            40.74093
          ],
          [
            -73.85379,
            40.74109
          ],
          [
            -73.85386,
            40.74122
          ],
          [
            -73.85387,
            40.74125
          ],
          [
            -73.85429,
            40.74204
          ],
          [
            -73.85433,
            40.7421
          ],
          [
            -73.85436,
            40.74216
          ],
          [
            -73.85437,
            40.7422
          ],
          [
            -73.85446,
            40.74236
          ],
          [
            -73.85447,
            40.74239
          ],
          [
            -73.8545,
            40.74244
          ],
          [
            -73.85457,
            40.74258
          ],
          [
            -73.85458,
            40.74261
          ],
          [
            -73.85463,
            40.74268
          ],
          [
            -73.85467,
            40.74275
          ],
          [
            -73.85468,
            40.74278
          ],
          [
            -73.85471,
            40.74283
          ],
          [
            -73.85491,
            40.74321
          ],
          [
            -73.85492,
            40.74325
          ],
          [
            -73.85496,
            40.74331
          ],
          [
            -73.85496,
            40.74331
          ],
          [
            -73.85522,
            40.74338
          ],
          [
            -73.85575,
            40.74356
          ],
          [
            -73.85587,
            40.7436
          ],
          [
            -73.85589,
            40.74361
          ],
          [
            -73.85589,
            40.74361
          ],
          [
            -73.85589,
            40.74361
          ],
          [
            -73.85587,
            40.7436
          ],
          [
            -73.85575,
            40.74356
          ],
          [
            -73.85522,
            40.74338
          ],
          [
            -73.85496,
            40.74331
          ],
          [
            -73.85496,
            40.74331
          ],
          [
            -73.85492,
            40.74325
          ],
          [
            -73.85491,
            40.74321
          ],
          [
            -73.85471,
            40.74283
          ],
          [
            -73.85468,
            40.74278
          ],
          [
            -73.85467,
            40.74275
          ],
          [
            -73.85463,
            40.74268
          ],
          [
            -73.85458,
            40.74261
          ],
          [
            -73.85457,
            40.74258
          ],
          [
            -73.8545,
            40.74244
          ],
          [
            -73.85447,
            40.74239
          ],
          [
            -73.85446,
            40.74236
          ],
          [
            -73.85437,
            40.7422
          ],
          [
            -73.85436,
            40.74216
          ],
          [
            -73.85433,
            40.7421
          ],
          [
            -73.85429,
            40.74204
          ],
          [
            -73.85387,
            40.74125
          ],
          [
            -73.85386,
            40.74122
          ],
          [
            -73.85379,
            40.74109
          ],
          [
            -73.85371,
            40.74093
          ],
          [
            -73.85369,
            40.74089
          ],
          [
            -73.85339,
            40.74027
          ],
          [
            -73.85334,
            40.74019
          ],
          [
            -73.85329,
            40.7401
          ],
          [
            -73.85306,
            40.73969
          ],
          [
            -73.85297,
            40.73951
          ],
          [
            -73.85291,
            40.73938
          ],
          [
            -73.85287,
            40.73929
          ],
          [
            -73.85282,
            40.73921
          ],
          [
            -73.85276,
            40.73908
          ],
          [
            -73.85242,
            40.73841
          ],
          [
            -73.85225,
            40.7381
          ],
          [
            -73.85224,
            40.73808
          ],
          [
            -73.8522,
            40.73799
          ],
          [
            -73.85218,
            40.73795
          ],
          [
            -73.85212,
            40.73784
          ],
          [
            -73.85209,
            40.73778
          ],
          [
            -73.85208,
            40.73776
          ],
          [
            -73.85204,
            40.73769
          ],
          [
            -73.85198,
            40.73759
          ],
          [
            -73.85184,
            40.73731
          ],
          [
            -73.85179,
            40.7371
          ],
          [
            -73.85174,
            40.73698
          ],
          [
            -73.85174,
            40.73698
          ],
          [
            -73.85163,
            40.73702
          ],
          [
            -73.85157,
            40.73704
          ],
          [
            -73.85129,
            40.73713
          ],
          [
            -73.85093,
            40.73734
          ],
          [
            -73.84908,
            40.73801
          ],
          [
            -73.84877,
            40.73814
          ],
          [
            -73.84842,
            40.73831
          ],
          [
            -73.84816,
            40.73842
          ],
          [
            -73.84776,
            40.73861
          ],
          [
            -73.8476,
            40.73869
          ],
          [
            -73.84631,
            40.73932
          ],
          [
            -73.84598,
            40.73946
          ],
          [
            -73.84514,
            40.73987
          ],
          [
            -73.8449,
            40.74
          ],
          [
            -73.84389,
            40.74048
          ],
          [
            -73.84326,
            40.74077
          ],
          [
            -73.84288,
            40.74094
          ],
          [
            -73.84279,
            40.74098
          ],
          [
            -73.84184,
            40.74143
          ],
          [
            -73.8414,
            40.74163
          ],
          [
            -73.8414,
            40.74163
          ],
          [
            -73.84109,
            40.7418
          ],
          [
            -73.83976,
            40.74241
          ],
          [
            -73.83967,
            40.74245
          ],
          [
            -73.83957,
            40.74248
          ],
          [
            -73.83948,
            40.74252
          ],
          [
            -73.83937,
            40.74254
          ],
          [
            -73.83928,
            40.74255
          ],
          [
            -73.83917,
            40.74257
          ],
          [
            -73.83906,
            40.74257
          ],
          [
            -73.83894,
            40.74257
          ],
          [
            -73.83882,
            40.74256
          ],
          [
            -73.83872,
            40.74255
          ],
          [
            -73.83859,
            40.74252
          ],
          [
            -73.83821,
            40.74243
          ],
          [
            -73.83811,
            40.74241
          ],
          [
            -73.83801,
            40.74239
          ],
          [
            -73.83791,
            40.74238
          ],
          [
            -73.83782,
            40.74237
          ],
          [
            -73.8377,
            40.74237
          ],
          [
            -73.83759,
            40.74238
          ],
          [
            -73.83747,
            40.74239
          ],
          [
            -73.83737,
            40.74241
          ],
          [
            -73.83724,
            40.74244
          ],
          [
            -73.83706,
            40.74251
          ],
          [
            -73.83706,
            40.74251
          ],
          [
            -73.837,
            40.74254
          ],
          [
            -73.83693,
            40.74258
          ],
          [
            -73.83694,
            40.74262
          ],
          [
            -73.83696,
            40.74266
          ],
          [
            -73.83697,
            40.7427
          ],
          [
            -73.83704,
            40.74286
          ],
          [
            -73.83707,
            40.74294
          ],
          [
            -73.83708,
            40.74302
          ],
          [
            -73.8371,
            40.7431
          ],
          [
            -73.83715,
            40.74351
          ],
          [
            -73.83715,
            40.74359
          ],
          [
            -73.83715,
            40.74365
          ],
          [
            -73.83714,
            40.74371
          ],
          [
            -73.83713,
            40.74377
          ],
          [
            -73.83711,
            40.74382
          ],
          [
            -73.83707,
            40.74391
          ],
          [
            -73.83701,
            40.74399
          ],
          [
            -73.83694,
            40.74406
          ],
          [
            -73.83688,
            40.74412
          ],
          [
            -73.83681,
            40.74417
          ],
          [
            -73.83674,
            40.74423
          ],
          [
            -73.83666,
            40.74429
          ],
          [
            -73.83655,
            40.74436
          ],
          [
            -73.83625,
            40.74453
          ],
          [
            -73.83623,
            40.74454
          ],
          [
            -73.83615,
            40.74459
          ],
          [
            -73.83607,
            40.74464
          ],
          [
            -73.836,
            40.7447
          ],
          [
            -73.83598,
            40.74471
          ],
          [
            -73.83594,
            40.74475
          ],
          [
            -73.83594,
            40.74475
          ],
          [
            -73.83598,
            40.74489
          ],
          [
            -73.83602,
            40.74486
          ],
          [
            -73.83604,
            40.74483
          ],
          [
            -73.83607,
            40.74482
          ],
          [
            -73.83616,
            40.74475
          ],
          [
            -73.83621,
            40.74472
          ],
          [
            -73.83621,
            40.74472
          ],
          [
            -73.83621,
            40.74472
          ],
          [
            -73.83626,
            40.74469
          ],
          [
            -73.83636,
            40.74463
          ],
          [
            -73.83664,
            40.74447
          ],
          [
            -73.83675,
            40.7444
          ],
          [
            -73.83685,
            40.74433
          ],
          [
            -73.83694,
            40.74427
          ],
          [
            -73.83705,
            40.74418
          ],
          [
            -73.83709,
            40.74415
          ],
          [
            -73.83715,
            40.74409
          ],
          [
            -73.8372,
            40.74402
          ],
          [
            -73.8372,
            40.74402
          ],
          [
            -73.83729,
            40.74403
          ],
          [
            -73.83745,
            40.74404
          ],
          [
            -73.83761,
            40.74404
          ],
          [
            -73.83849,
            40.74407
          ],
          [
            -73.83858,
            40.74407
          ],
          [
            -73.83867,
            40.74407
          ],
          [
            -73.83875,
            40.74406
          ],
          [
            -73.83882,
            40.74405
          ],
          [
            -73.8389,
            40.74403
          ],
          [
            -73.83901,
            40.744
          ],
          [
            -73.83909,
            40.74397
          ],
          [
            -73.83916,
            40.74393
          ],
          [
            -73.83924,
            40.74389
          ],
          [
            -73.8393,
            40.74385
          ],
          [
            -73.84117,
            40.74249
          ],
          [
            -73.84139,
            40.74233
          ],
          [
            -73.84159,
            40.7422
          ],
          [
            -73.84183,
            40.74206
          ],
          [
            -73.84206,
            40.74193
          ],
          [
            -73.84231,
            40.7418
          ],
          [
            -73.84255,
            40.74166
          ],
          [
            -73.84276,
            40.74156
          ],
          [
            -73.84296,
            40.74146
          ],
          [
            -73.84386,
            40.74103
          ],
          [
            -73.84422,
            40.74085
          ],
          [
            -73.84458,
            40.74066
          ],
          [
            -73.84494,
            40.74048
          ],
          [
            -73.84502,
            40.74045
          ],
          [
            -73.84532,
            40.74032
          ],
          [
            -73.84582,
            40.74009
          ],
          [
            -73.8461,
            40.73993
          ],
          [
            -73.84668,
            40.73968
          ],
          [
            -73.84668,
            40.73968
          ],
          [
            -73.84715,
            40.7395
          ],
          [
            -73.84722,
            40.73947
          ],
          [
            -73.84731,
            40.73944
          ],
          [
            -73.8474,
            40.73941
          ],
          [
            -73.84781,
            40.73928
          ],
          [
            -73.84793,
            40.73924
          ],
          [
            -73.84804,
            40.73919
          ],
          [
            -73.84813,
            40.73915
          ],
          [
            -73.84821,
            40.7391
          ],
          [
            -73.8483,
            40.73905
          ],
          [
            -73.84869,
            40.73877
          ],
          [
            -73.84892,
            40.73865
          ],
          [
            -73.84902,
            40.73861
          ],
          [
            -73.84917,
            40.73855
          ],
          [
            -73.84931,
            40.73851
          ],
          [
            -73.84991,
            40.73833
          ],
          [
            -73.85085,
            40.73805
          ],
          [
            -73.85096,
            40.73802
          ],
          [
            -73.85115,
            40.73796
          ],
          [
            -73.85115,
            40.73796
          ],
          [
            -73.85126,
            40.73803
          ],
          [
            -73.8513,
            40.73806
          ],
          [
            -73.85142,
            40.7381
          ],
          [
            -73.85224,
            40.73836
          ],
          [
            -73.85228,
            40.73837
          ],
          [
            -73.85242,
            40.73841
          ],
          [
            -73.85242,
            40.73841
          ],
          [
            -73.85276,
            40.73908
          ],
          [
            -73.85282,
            40.73921
          ],
          [
            -73.85287,
            40.73929
          ],
          [
            -73.85291,
            40.73938
          ],
          [
            -73.85297,
            40.73951
          ],
          [
            -73.85306,
            40.73969
          ],
          [
            -73.85329,
            40.7401
          ],
          [
            -73.85334,
            40.74019
          ],
          [
            -73.85339,
            40.74027
          ],
          [
            -73.85369,
            40.74089
          ],
          [
            -73.85371,
            40.74093
          ],
          [
            -73.85379,
            40.74109
          ],
          [
            -73.85386,
            40.74122
          ],
          [
            -73.85387,
            40.74125
          ],
          [
            -73.85429,
            40.74204
          ],
          [
            -73.85433,
            40.7421
          ],
          [
            -73.85436,
            40.74216
          ],
          [
            -73.85437,
            40.7422
          ],
          [
            -73.85446,
            40.74236
          ],
          [
            -73.85447,
            40.74239
          ],
          [
            -73.8545,
            40.74244
          ],
          [
            -73.85457,
            40.74258
          ],
          [
            -73.85458,
            40.74261
          ],
          [
            -73.85463,
            40.74268
          ],
          [
            -73.85467,
            40.74275
          ],
          [
            -73.85468,
            40.74278
          ],
          [
            -73.85471,
            40.74283
          ],
          [
            -73.85491,
            40.74321
          ],
          [
            -73.85492,
            40.74325
          ],
          [
            -73.85496,
            40.74331
          ],
          [
            -73.85496,
            40.74331
          ],
          [
            -73.85522,
            40.74338
          ],
          [
            -73.85575,
            40.74356
          ],
          [
            -73.85587,
            40.7436
          ],
          [
            -73.85599,
            40.74364
          ],
          [
            -73.85607,
            40.74367
          ],
          [
            -73.85607,
            40.74367
          ],
          [
            -73.85614,
            40.7436
          ],
          [
            -73.85692,
            40.74318
          ],
          [
            -73.85692,
            40.74318
          ],
          [
            -73.85706,
            40.74319
          ],
          [
            -73.85871,
            40.74333
          ],
          [
            -73.85878,
            40.74333
          ],
          [
            -73.85969,
            40.74341
          ],
          [
            -73.85979,
            40.74341
          ],
          [
            -73.85987,
            40.74342
          ],
          [
            -73.85996,
            40.74343
          ],
          [
            -73.86144,
            40.74355
          ],
          [
            -73.86152,
            40.74356
          ],
          [
            -73.86163,
            40.74357
          ],
          [
            -73.86178,
            40.74358
          ],
          [
            -73.86189,
            40.74359
          ],
          [
            -73.86266,
            40.74365
          ],
          [
            -73.86276,
            40.7436
          ],
          [
            -73.86287,
            40.74355
          ],
          [
            -73.86317,
            40.74348
          ],
          [
            -73.86321,
            40.74347
          ],
          [
            -73.86368,
            40.74336
          ],
          [
            -73.86411,
            40.74326
          ],
          [
            -73.86445,
            40.74318
          ],
          [
            -73.86453,
            40.74316
          ],
          [
            -73.8646,
            40.74315
          ],
          [
            -73.8653,
            40.74299
          ],
          [
            -73.8654,
            40.74299
          ],
          [
            -73.86559,
            40.74302
          ],
          [
            -73.86598,
            40.74308
          ],
          [
            -73.86608,
            40.7431
          ],
          [
            -73.86608,
            40.7431
          ],
          [
            -73.8661,
            40.74305
          ],
          [
            -73.86611,
            40.74304
          ],
          [
            -73.86613,
            40.743
          ],
          [
            -73.86621,
            40.74293
          ],
          [
            -73.86635,
            40.74282
          ],
          [
            -73.86699,
            40.74233
          ],
          [
            -73.86717,
            40.74219
          ],
          [
            -73.86724,
            40.74215
          ],
          [
            -73.86724,
            40.74215
          ],
          [
            -73.86724,
            40.74215
          ],
          [
            -73.86726,
            40.74214
          ],
          [
            -73.86736,
            40.7421
          ],
          [
            -73.86748,
            40.7421
          ],
          [
            -73.86758,
            40.74211
          ],
          [
            -73.86768,
            40.74212
          ],
          [
            -73.86801,
            40.74215
          ],
          [
            -73.86802,
            40.74215
          ],
          [
            -73.8684,
            40.74219
          ],
          [
            -73.86841,
            40.74219
          ],
          [
            -73.86988,
            40.74235
          ],
          [
            -73.86994,
            40.74236
          ],
          [
            -73.87007,
            40.74237
          ],
          [
            -73.87014,
            40.74237
          ],
          [
            -73.8702,
            40.74237
          ],
          [
            -73.87026,
            40.74237
          ],
          [
            -73.87033,
            40.74238
          ],
          [
            -73.87044,
            40.74238
          ],
          [
            -73.87057,
            40.74239
          ],
          [
            -73.87076,
            40.74239
          ],
          [
            -73.87142,
            40.74242
          ],
          [
            -73.87211,
            40.74245
          ],
          [
            -73.87225,
            40.74246
          ],
          [
            -73.87235,
            40.74246
          ],
          [
            -73.87244,
            40.74247
          ],
          [
            -73.87337,
            40.74251
          ],
          [
            -73.87345,
            40.74252
          ],
          [
            -73.87355,
            40.74251
          ],
          [
            -73.87364,
            40.74249
          ],
          [
            -73.87368,
            40.74247
          ],
          [
            -73.87386,
            40.74234
          ],
          [
            -73.87386,
            40.74234
          ],
          [
            -73.87386,
            40.74234
          ],
          [
            -73.87485,
            40.74162
          ],
          [
            -73.87495,
            40.74155
          ],
          [
            -73.87502,
            40.7415
          ],
          [
            -73.87509,
            40.74146
          ],
          [
            -73.87511,
            40.74144
          ],
          [
            -73.87553,
            40.74115
          ],
          [
            -73.87566,
            40.74106
          ],
          [
            -73.87589,
            40.74088
          ],
          [
            -73.87625,
            40.74062
          ],
          [
            -73.87628,
            40.7406
          ],
          [
            -73.87636,
            40.74054
          ],
          [
            -73.87641,
            40.7405
          ],
          [
            -73.87646,
            40.74047
          ],
          [
            -73.87712,
            40.73999
          ],
          [
            -73.87753,
            40.73969
          ],
          [
            -73.87783,
            40.73947
          ],
          [
            -73.87792,
            40.73941
          ],
          [
            -73.87792,
            40.73941
          ],
          [
            -73.87786,
            40.73934
          ],
          [
            -73.87782,
            40.73928
          ],
          [
            -73.87772,
            40.73911
          ],
          [
            -73.87747,
            40.73867
          ],
          [
            -73.87743,
            40.73861
          ],
          [
            -73.87741,
            40.73855
          ],
          [
            -73.87724,
            40.73819
          ],
          [
            -73.8772,
            40.73807
          ],
          [
            -73.87719,
            40.73802
          ],
          [
            -73.87718,
            40.73796
          ],
          [
            -73.87718,
            40.73786
          ],
          [
            -73.87718,
            40.73781
          ],
          [
            -73.87719,
            40.73774
          ],
          [
            -73.87721,
            40.73769
          ],
          [
            -73.87724,
            40.7376
          ],
          [
            -73.87725,
            40.73755
          ],
          [
            -73.87732,
            40.73739
          ],
          [
            -73.87736,
            40.73729
          ],
          [
            -73.87743,
            40.7371
          ],
          [
            -73.87743,
            40.7371
          ],
          [
            -73.87743,
            40.7371
          ],
          [
            -73.87744,
            40.73707
          ],
          [
            -73.87746,
            40.73704
          ],
          [
            -73.87747,
            40.73701
          ],
          [
            -73.87754,
            40.73692
          ],
          [
            -73.87758,
            40.73687
          ],
          [
            -73.87764,
            40.73681
          ],
          [
            -73.87773,
            40.7367
          ],
          [
            -73.87778,
            40.73664
          ],
          [
            -73.87783,
            40.73659
          ],
          [
            -73.87786,
            40.73655
          ],
          [
            -73.8779,
            40.73651
          ],
          [
            -73.87792,
            40.73649
          ],
          [
            -73.87796,
            40.73646
          ],
          [
            -73.87801,
            40.73643
          ],
          [
            -73.87807,
            40.7364
          ],
          [
            -73.87814,
            40.73638
          ],
          [
            -73.87825,
            40.73635
          ],
          [
            -73.87831,
            40.73633
          ],
          [
            -73.87831,
            40.73633
          ],
          [
            -73.87831,
            40.73633
          ],
          [
            -73.87851,
            40.73628
          ],
          [
            -73.87863,
            40.73625
          ],
          [
            -73.87867,
            40.73623
          ],
          [
            -73.87876,
            40.73621
          ],
          [
            -73.87905,
            40.73614
          ],
          [
            -73.87917,
            40.73611
          ],
          [
            -73.87954,
            40.73601
          ],
          [
            -73.88026,
            40.73582
          ],
          [
            -73.88044,
            40.73577
          ],
          [
            -73.88052,
            40.73575
          ],
          [
            -73.88063,
            40.73572
          ],
          [
            -73.88082,
            40.73567
          ],
          [
            -73.88099,
            40.73562
          ],
          [
            -73.88103,
            40.73561
          ],
          [
            -73.88108,
            40.73559
          ],
          [
            -73.88111,
            40.73557
          ],
          [
            -73.88117,
            40.73553
          ],
          [
            -73.88139,
            40.73538
          ],
          [
            -73.8817,
            40.73516
          ],
          [
            -73.88181,
            40.73509
          ],
          [
            -73.88183,
            40.73508
          ],
          [
            -73.88201,
            40.73495
          ],
          [
            -73.88204,
            40.73493
          ],
          [
            -73.88211,
            40.73488
          ],
          [
            -73.88217,
            40.73483
          ],
          [
            -73.88297,
            40.73428
          ],
          [
            -73.88348,
            40.73392
          ],
          [
            -73.88373,
            40.73365
          ],
          [
            -73.88376,
            40.73362
          ],
          [
            -73.88377,
            40.73361
          ],
          [
            -73.88381,
            40.73356
          ],
          [
            -73.88384,
            40.73351
          ],
          [
            -73.88411,
            40.7331
          ],
          [
            -73.8845,
            40.73245
          ],
          [
            -73.88453,
            40.73239
          ],
          [
            -73.88456,
            40.73234
          ],
          [
            -73.88468,
            40.73214
          ],
          [
            -73.8847,
            40.7321
          ],
          [
            -73.88472,
            40.73207
          ],
          [
            -73.88478,
            40.73197
          ],
          [
            -73.88484,
            40.73187
          ],
          [
            -73.8852,
            40.73131
          ],
          [
            -73.88532,
            40.73115
          ],
          [
            -73.88538,
            40.73108
          ],
          [
            -73.88545,
            40.73102
          ],
          [
            -73.88552,
            40.73098
          ],
          [
            -73.88558,
            40.73095
          ],
          [
            -73.88564,
            40.73092
          ],
          [
            -73.88617,
            40.73067
          ],
          [
            -73.88637,
            40.73057
          ],
          [
            -73.88659,
            40.73047
          ],
          [
            -73.8867,
            40.73042
          ],
          [
            -73.88685,
            40.73037
          ],
          [
            -73.88695,
            40.73034
          ],
          [
            -73.88706,
            40.73032
          ],
          [
            -73.88741,
            40.73024
          ],
          [
            -73.88752,
            40.73021
          ],
          [
            -73.88763,
            40.73019
          ],
          [
            -73.88805,
            40.7301
          ],
          [
            -73.88812,
            40.73008
          ],
          [
            -73.88836,
            40.73003
          ],
          [
            -73.88836,
            40.73003
          ],
          [
            -73.88836,
            40.73003
          ],
          [
            -73.88812,
            40.73008
          ],
          [
            -73.88805,
            40.7301
          ],
          [
            -73.88763,
            40.73019
          ],
          [
            -73.88752,
            40.73021
          ],
          [
            -73.88741,
            40.73024
          ],
          [
            -73.88706,
            40.73032
          ],
          [
            -73.88695,
            40.73034
          ],
          [
            -73.88685,
            40.73037
          ],
          [
            -73.8867,
            40.73042
          ],
          [
            -73.88659,
            40.73047
          ],
          [
            -73.88637,
            40.73057
          ],
          [
            -73.88617,
            40.73067
          ],
          [
            -73.88564,
            40.73092
          ],
          [
            -73.88558,
            40.73095
          ],
          [
            -73.88552,
            40.73098
          ],
          [
            -73.88545,
            40.73102
          ],
          [
            -73.88538,
            40.73108
          ],
          [
            -73.88532,
            40.73115
          ],
          [
            -73.8852,
            40.73131
          ],
          [
            -73.88484,
            40.73187
          ],
          [
            -73.88478,
            40.73197
          ],
          [
            -73.88472,
            40.73207
          ],
          [
            -73.8847,
            40.7321
          ],
          [
            -73.88468,
            40.73214
          ],
          [
            -73.88456,
            40.73234
          ],
          [
            -73.88453,
            40.73239
          ],
          [
            -73.8845,
            40.73245
          ],
          [
            -73.88411,
            40.7331
          ],
          [
            -73.88384,
            40.73351
          ],
          [
            -73.88381,
            40.73356
          ],
          [
            -73.88377,
            40.73361
          ],
          [
            -73.88376,
            40.73362
          ],
          [
            -73.88373,
            40.73365
          ],
          [
            -73.88348,
            40.73392
          ],
          [
            -73.88297,
            40.73428
          ],
          [
            -73.88217,
            40.73483
          ],
          [
            -73.88211,
            40.73488
          ],
          [
            -73.88204,
            40.73493
          ],
          [
            -73.88201,
            40.73495
          ],
          [
            -73.88183,
            40.73508
          ],
          [
            -73.88181,
            40.73509
          ],
          [
            -73.8817,
            40.73516
          ],
          [
            -73.88139,
            40.73538
          ],
          [
            -73.88117,
            40.73553
          ],
          [
            -73.88111,
            40.73557
          ],
          [
            -73.88108,
            40.73559
          ],
          [
            -73.88103,
            40.73561
          ],
          [
            -73.88099,
            40.73562
          ],
          [
            -73.88082,
            40.73567
          ],
          [
            -73.88063,
            40.73572
          ],
          [
            -73.88052,
            40.73575
          ],
          [
            -73.88044,
            40.73577
          ],
          [
            -73.88026,
            40.73582
          ],
          [
            -73.87954,
            40.73601
          ],
          [
            -73.87917,
            40.73611
          ],
          [
            -73.87905,
            40.73614
          ],
          [
            -73.87876,
            40.73621
          ],
          [
            -73.87867,
            40.73623
          ],
          [
            -73.87863,
            40.73625
          ],
          [
            -73.87851,
            40.73628
          ],
          [
            -73.87825,
            40.73635
          ],
          [
            -73.87814,
            40.73638
          ],
          [
            -73.87807,
            40.7364
          ],
          [
            -73.87801,
            40.73643
          ],
          [
            -73.87796,
            40.73646
          ],
          [
            -73.87792,
            40.73649
          ],
          [
            -73.8779,
            40.73651
          ],
          [
            -73.87786,
            40.73655
          ],
          [
            -73.87783,
            40.73659
          ],
          [
            -73.87778,
            40.73664
          ],
          [
            -73.87773,
            40.7367
          ],
          [
            -73.87773,
            40.7367
          ],
          [
            -73.87764,
            40.73681
          ],
          [
            -73.87758,
            40.73687
          ],
          [
            -73.87754,
            40.73692
          ],
          [
            -73.87747,
            40.73701
          ],
          [
            -73.87746,
            40.73704
          ],
          [
            -73.87744,
            40.73707
          ],
          [
            -73.87736,
            40.73729
          ],
          [
            -73.87732,
            40.73739
          ],
          [
            -73.87725,
            40.73755
          ],
          [
            -73.87724,
            40.7376
          ],
          [
            -73.87721,
            40.73769
          ],
          [
            -73.87721,
            40.73769
          ],
          [
            -73.87708,
            40.73768
          ],
          [
            -73.87689,
            40.73767
          ],
          [
            -73.87679,
            40.73767
          ],
          [
            -73.87666,
            40.73767
          ],
          [
            -73.87656,
            40.73763
          ],
          [
            -73.87656,
            40.73763
          ],
          [
            -73.87648,
            40.73767
          ],
          [
            -73.87555,
            40.73826
          ],
          [
            -73.87517,
            40.73851
          ],
          [
            -73.87391,
            40.73879
          ],
          [
            -73.87384,
            40.7388
          ],
          [
            -73.87375,
            40.73882
          ],
          [
            -73.87134,
            40.73936
          ],
          [
            -73.87128,
            40.73937
          ],
          [
            -73.8712,
            40.73939
          ],
          [
            -73.87112,
            40.73941
          ],
          [
            -73.86909,
            40.73986
          ],
          [
            -73.86905,
            40.73987
          ],
          [
            -73.86899,
            40.73988
          ],
          [
            -73.86891,
            40.7399
          ],
          [
            -73.86747,
            40.74023
          ],
          [
            -73.86741,
            40.74024
          ],
          [
            -73.86732,
            40.74026
          ],
          [
            -73.86732,
            40.74026
          ],
          [
            -73.86715,
            40.73984
          ],
          [
            -73.86715,
            40.73984
          ],
          [
            -73.86704,
            40.73986
          ],
          [
            -73.86665,
            40.73995
          ],
          [
            -73.86628,
            40.74003
          ],
          [
            -73.86621,
            40.74005
          ],
          [
            -73.86613,
            40.74007
          ],
          [
            -73.86539,
            40.74024
          ],
          [
            -73.86531,
            40.74026
          ],
          [
            -73.86524,
            40.74028
          ],
          [
            -73.86487,
            40.74036
          ],
          [
            -73.86457,
            40.74045
          ],
          [
            -73.86451,
            40.74046
          ],
          [
            -73.86442,
            40.74048
          ],
          [
            -73.86432,
            40.7405
          ],
          [
            -73.86368,
            40.74066
          ],
          [
            -73.86361,
            40.74067
          ],
          [
            -73.86353,
            40.74069
          ],
          [
            -73.86342,
            40.74072
          ],
          [
            -73.86337,
            40.74075
          ],
          [
            -73.86243,
            40.74127
          ],
          [
            -73.86196,
            40.74153
          ],
          [
            -73.86185,
            40.74159
          ],
          [
            -73.86174,
            40.74166
          ],
          [
            -73.86167,
            40.7417
          ],
          [
            -73.86145,
            40.74183
          ],
          [
            -73.86127,
            40.74194
          ],
          [
            -73.86125,
            40.74195
          ],
          [
            -73.86119,
            40.74199
          ],
          [
            -73.86112,
            40.74202
          ],
          [
            -73.86109,
            40.74204
          ],
          [
            -73.86052,
            40.74239
          ],
          [
            -73.86045,
            40.74243
          ],
          [
            -73.86038,
            40.74247
          ],
          [
            -73.85953,
            40.74299
          ],
          [
            -73.85951,
            40.743
          ],
          [
            -73.85945,
            40.74303
          ],
          [
            -73.85945,
            40.74303
          ],
          [
            -73.85982,
            40.74338
          ],
          [
            -73.85987,
            40.74342
          ],
          [
            -73.85995,
            40.74349
          ],
          [
            -73.85988,
            40.744
          ],
          [
            -73.85987,
            40.74405
          ],
          [
            -73.85986,
            40.74414
          ],
          [
            -73.85986,
            40.74414
          ],
          [
            -73.85917,
            40.74408
          ],
          [
            -73.85917,
            40.74408
          ],
          [
            -73.85917,
            40.74408
          ],
          [
            -73.85911,
            40.74407
          ],
          [
            -73.8588,
            40.74405
          ],
          [
            -73.85871,
            40.74404
          ],
          [
            -73.85863,
            40.74404
          ],
          [
            -73.85833,
            40.74401
          ],
          [
            -73.85763,
            40.74396
          ],
          [
            -73.85757,
            40.74395
          ],
          [
            -73.85747,
            40.74394
          ],
          [
            -73.85735,
            40.74393
          ],
          [
            -73.85723,
            40.74392
          ],
          [
            -73.85717,
            40.74391
          ],
          [
            -73.85691,
            40.74389
          ],
          [
            -73.85674,
            40.74386
          ],
          [
            -73.85653,
            40.74381
          ],
          [
            -73.8563,
            40.74375
          ],
          [
            -73.85614,
            40.74369
          ],
          [
            -73.85607,
            40.74367
          ],
          [
            -73.85599,
            40.74364
          ],
          [
            -73.85587,
            40.7436
          ],
          [
            -73.85575,
            40.74356
          ],
          [
            -73.85522,
            40.74338
          ],
          [
            -73.85496,
            40.74331
          ],
          [
            -73.85496,
            40.74331
          ],
          [
            -73.85492,
            40.74325
          ],
          [
            -73.85491,
            40.74321
          ],
          [
            -73.85471,
            40.74283
          ],
          [
            -73.85468,
            40.74278
          ],
          [
            -73.85467,
            40.74275
          ],
          [
            -73.85463,
            40.74268
          ],
          [
            -73.85458,
            40.74261
          ],
          [
            -73.85457,
            40.74258
          ],
          [
            -73.8545,
            40.74244
          ],
          [
            -73.85447,
            40.74239
          ],
          [
            -73.85446,
            40.74236
          ],
          [
            -73.85437,
            40.7422
          ],
          [
            -73.85436,
            40.74216
          ],
          [
            -73.85433,
            40.7421
          ],
          [
            -73.85429,
            40.74204
          ],
          [
            -73.85387,
            40.74125
          ],
          [
            -73.85386,
            40.74122
          ],
          [
            -73.85379,
            40.74109
          ],
          [
            -73.85379,
            40.74109
          ],
          [
            -73.85387,
            40.74098
          ],
          [
            -73.85414,
            40.74052
          ],
          [
            -73.85418,
            40.74046
          ],
          [
            -73.8542,
            40.74041
          ],
          [
            -73.85449,
            40.73988
          ],
          [
            -73.85453,
            40.73983
          ],
          [
            -73.85455,
            40.73978
          ],
          [
            -73.85485,
            40.73925
          ],
          [
            -73.85488,
            40.73919
          ],
          [
            -73.85491,
            40.73915
          ],
          [
            -73.8552,
            40.73862
          ],
          [
            -73.85523,
            40.73856
          ],
          [
            -73.85526,
            40.73852
          ],
          [
            -73.85555,
            40.73799
          ],
          [
            -73.85558,
            40.73793
          ],
          [
            -73.85561,
            40.73788
          ],
          [
            -73.8559,
            40.73735
          ],
          [
            -73.85594,
            40.73729
          ],
          [
            -73.85598,
            40.7372
          ],
          [
            -73.8561,
            40.737
          ],
          [
            -73.85616,
            40.73689
          ],
          [
            -73.85618,
            40.73684
          ],
          [
            -73.85624,
            40.73674
          ],
          [
            -73.85624,
            40.73674
          ],
          [
            -73.85672,
            40.7366
          ],
          [
            -73.85701,
            40.73649
          ],
          [
            -73.85714,
            40.73645
          ],
          [
            -73.85739,
            40.73638
          ],
          [
            -73.85834,
            40.7361
          ],
          [
            -73.85883,
            40.73595
          ],
          [
            -73.85883,
            40.73595
          ],
          [
            -73.85905,
            40.73584
          ],
          [
            -73.86034,
            40.73545
          ],
          [
            -73.86084,
            40.73531
          ],
          [
            -73.86135,
            40.73515
          ],
          [
            -73.86193,
            40.73498
          ],
          [
            -73.86229,
            40.73485
          ],
          [
            -73.8643,
            40.73426
          ],
          [
            -73.86484,
            40.7341
          ],
          [
            -73.86512,
            40.73401
          ],
          [
            -73.86512,
            40.73401
          ],
          [
            -73.86552,
            40.73388
          ],
          [
            -73.86608,
            40.73371
          ],
          [
            -73.86664,
            40.73354
          ],
          [
            -73.86743,
            40.73331
          ],
          [
            -73.86765,
            40.73326
          ],
          [
            -73.8678,
            40.73321
          ],
          [
            -73.86852,
            40.73299
          ],
          [
            -73.86921,
            40.73277
          ],
          [
            -73.87033,
            40.73239
          ],
          [
            -73.8705,
            40.73234
          ],
          [
            -73.8705,
            40.73234
          ],
          [
            -73.87078,
            40.73222
          ],
          [
            -73.8715,
            40.73198
          ],
          [
            -73.87307,
            40.73145
          ],
          [
            -73.87339,
            40.73135
          ],
          [
            -73.87387,
            40.7312
          ],
          [
            -73.8742,
            40.73112
          ],
          [
            -73.87443,
            40.73106
          ],
          [
            -73.87466,
            40.731
          ],
          [
            -73.8749,
            40.73094
          ],
          [
            -73.87514,
            40.73088
          ],
          [
            -73.87576,
            40.73073
          ],
          [
            -73.8759,
            40.73069
          ],
          [
            -73.87607,
            40.73065
          ],
          [
            -73.87626,
            40.73059
          ],
          [
            -73.87644,
            40.73053
          ],
          [
            -73.87662,
            40.73046
          ],
          [
            -73.8768,
            40.73039
          ],
          [
            -73.87699,
            40.73031
          ],
          [
            -73.87916,
            40.72942
          ],
          [
            -73.87934,
            40.72935
          ],
          [
            -73.87951,
            40.72929
          ],
          [
            -73.87968,
            40.72923
          ],
          [
            -73.87986,
            40.72918
          ],
          [
            -73.88003,
            40.72913
          ],
          [
            -73.88021,
            40.72908
          ],
          [
            -73.88038,
            40.72904
          ],
          [
            -73.88055,
            40.729
          ],
          [
            -73.88072,
            40.72897
          ],
          [
            -73.88087,
            40.72894
          ],
          [
            -73.88103,
            40.72891
          ],
          [
            -73.88118,
            40.72889
          ],
          [
            -73.88134,
            40.72887
          ],
          [
            -73.88149,
            40.72885
          ],
          [
            -73.88166,
            40.72884
          ],
          [
            -73.88195,
            40.72882
          ],
          [
            -73.88247,
            40.72878
          ],
          [
            -73.88467,
            40.72861
          ],
          [
            -73.88494,
            40.72858
          ],
          [
            -73.88515,
            40.72856
          ],
          [
            -73.88527,
            40.72854
          ],
          [
            -73.88527,
            40.72854
          ],
          [
            -73.88573,
            40.72849
          ],
          [
            -73.88608,
            40.72843
          ],
          [
            -73.88631,
            40.72838
          ],
          [
            -73.88647,
            40.72834
          ],
          [
            -73.88663,
            40.7283
          ],
          [
            -73.88682,
            40.72824
          ],
          [
            -73.88699,
            40.72818
          ],
          [
            -73.88722,
            40.72808
          ],
          [
            -73.88743,
            40.728
          ],
          [
            -73.88756,
            40.72794
          ],
          [
            -73.88775,
            40.72784
          ],
          [
            -73.88793,
            40.72774
          ],
          [
            -73.8881,
            40.72765
          ],
          [
            -73.88829,
            40.72753
          ],
          [
            -73.88938,
            40.72685
          ],
          [
            -73.8896,
            40.72672
          ],
          [
            -73.88979,
            40.72661
          ],
          [
            -73.89001,
            40.72649
          ],
          [
            -73.89026,
            40.72637
          ],
          [
            -73.89053,
            40.72625
          ],
          [
            -73.89096,
            40.72613
          ],
          [
            -73.89096,
            40.72613
          ],
          [
            -73.89121,
            40.72603
          ],
          [
            -73.89145,
            40.72595
          ],
          [
            -73.89176,
            40.72587
          ],
          [
            -73.89205,
            40.72579
          ],
          [
            -73.89233,
            40.72573
          ],
          [
            -73.89261,
            40.72567
          ],
          [
            -73.89292,
            40.72562
          ],
          [
            -73.89319,
            40.72558
          ],
          [
            -73.89348,
            40.72555
          ],
          [
            -73.89377,
            40.72553
          ],
          [
            -73.89397,
            40.72552
          ],
          [
            -73.89397,
            40.72552
          ],
          [
            -73.89405,
            40.72563
          ],
          [
            -73.89456,
            40.72628
          ],
          [
            -73.89461,
            40.72634
          ],
          [
            -73.89461,
            40.72634
          ],
          [
            -73.8944,
            40.72647
          ],
          [
            -73.8944,
            40.72647
          ],
          [
            -73.8944,
            40.72648
          ],
          [
            -73.8944,
            40.72648
          ],
          [
            -73.8944,
            40.7265
          ],
          [
            -73.8944,
            40.7265
          ],
          [
            -73.89444,
            40.72649
          ],
          [
            -73.89465,
            40.72637
          ],
          [
            -73.89468,
            40.72635
          ],
          [
            -73.89468,
            40.72635
          ],
          [
            -73.89468,
            40.72635
          ],
          [
            -73.89471,
            40.72633
          ],
          [
            -73.89482,
            40.72626
          ],
          [
            -73.89482,
            40.72623
          ],
          [
            -73.89517,
            40.72601
          ],
          [
            -73.89522,
            40.72599
          ],
          [
            -73.89532,
            40.72592
          ],
          [
            -73.89532,
            40.72592
          ],
          [
            -73.89529,
            40.72583
          ],
          [
            -73.89508,
            40.72554
          ],
          [
            -73.89505,
            40.72549
          ],
          [
            -73.89477,
            40.72512
          ],
          [
            -73.89469,
            40.725
          ],
          [
            -73.89469,
            40.725
          ],
          [
            -73.89456,
            40.72499
          ],
          [
            -73.89451,
            40.72499
          ],
          [
            -73.89425,
            40.72498
          ],
          [
            -73.89397,
            40.72497
          ],
          [
            -73.89383,
            40.72498
          ],
          [
            -73.89352,
            40.72499
          ],
          [
            -73.89327,
            40.725
          ],
          [
            -73.89301,
            40.72502
          ],
          [
            -73.89274,
            40.72504
          ],
          [
            -73.89248,
            40.72508
          ],
          [
            -73.89222,
            40.72511
          ],
          [
            -73.89193,
            40.72516
          ],
          [
            -73.89164,
            40.72522
          ],
          [
            -73.89146,
            40.72527
          ],
          [
            -73.89127,
            40.72532
          ],
          [
            -73.89108,
            40.72538
          ],
          [
            -73.89089,
            40.72545
          ],
          [
            -73.89069,
            40.72554
          ],
          [
            -73.89043,
            40.72566
          ],
          [
            -73.8903,
            40.72572
          ],
          [
            -73.89028,
            40.72573
          ],
          [
            -73.89028,
            40.72573
          ],
          [
            -73.89011,
            40.72589
          ],
          [
            -73.88981,
            40.72605
          ],
          [
            -73.88953,
            40.72622
          ],
          [
            -73.88923,
            40.7264
          ],
          [
            -73.88901,
            40.72653
          ],
          [
            -73.88799,
            40.72714
          ],
          [
            -73.88782,
            40.72724
          ],
          [
            -73.88761,
            40.72735
          ],
          [
            -73.88741,
            40.72744
          ],
          [
            -73.88723,
            40.72753
          ],
          [
            -73.887,
            40.72762
          ],
          [
            -73.88681,
            40.7277
          ],
          [
            -73.88662,
            40.72777
          ],
          [
            -73.88641,
            40.72784
          ],
          [
            -73.88618,
            40.72791
          ],
          [
            -73.88598,
            40.72796
          ],
          [
            -73.88578,
            40.72801
          ],
          [
            -73.88559,
            40.72804
          ],
          [
            -73.88539,
            40.72808
          ],
          [
            -73.88517,
            40.72811
          ],
          [
            -73.88477,
            40.72816
          ],
          [
            -73.88447,
            40.7282
          ],
          [
            -73.88416,
            40.72823
          ],
          [
            -73.88367,
            40.72829
          ],
          [
            -73.88218,
            40.72841
          ],
          [
            -73.88167,
            40.72844
          ],
          [
            -73.88129,
            40.72847
          ],
          [
            -73.88099,
            40.7285
          ],
          [
            -73.88093,
            40.7285
          ],
          [
            -73.88093,
            40.7285
          ],
          [
            -73.88057,
            40.72854
          ],
          [
            -73.88042,
            40.72856
          ],
          [
            -73.88028,
            40.72859
          ],
          [
            -73.88015,
            40.72861
          ],
          [
            -73.88,
            40.72865
          ],
          [
            -73.87986,
            40.72868
          ],
          [
            -73.87974,
            40.72872
          ],
          [
            -73.87959,
            40.72876
          ],
          [
            -73.87946,
            40.7288
          ],
          [
            -73.87932,
            40.72885
          ],
          [
            -73.87919,
            40.7289
          ],
          [
            -73.87906,
            40.72895
          ],
          [
            -73.87895,
            40.729
          ],
          [
            -73.87821,
            40.72934
          ],
          [
            -73.87796,
            40.72945
          ],
          [
            -73.87772,
            40.72955
          ],
          [
            -73.87748,
            40.72964
          ],
          [
            -73.8772,
            40.72975
          ],
          [
            -73.87689,
            40.72986
          ],
          [
            -73.87663,
            40.72995
          ],
          [
            -73.87636,
            40.73005
          ],
          [
            -73.87605,
            40.73015
          ],
          [
            -73.87507,
            40.73045
          ],
          [
            -73.87452,
            40.73063
          ],
          [
            -73.87368,
            40.73088
          ],
          [
            -73.87368,
            40.73088
          ],
          [
            -73.87257,
            40.73122
          ],
          [
            -73.87224,
            40.73131
          ],
          [
            -73.87224,
            40.73131
          ],
          [
            -73.87181,
            40.73142
          ],
          [
            -73.87107,
            40.73163
          ],
          [
            -73.871,
            40.73165
          ],
          [
            -73.87092,
            40.73166
          ],
          [
            -73.87085,
            40.73167
          ],
          [
            -73.87077,
            40.73168
          ],
          [
            -73.87069,
            40.73167
          ],
          [
            -73.87061,
            40.73167
          ],
          [
            -73.87055,
            40.73166
          ],
          [
            -73.87046,
            40.73164
          ],
          [
            -73.87038,
            40.73162
          ],
          [
            -73.87029,
            40.73159
          ],
          [
            -73.86986,
            40.73143
          ],
          [
            -73.86979,
            40.73141
          ],
          [
            -73.86972,
            40.7314
          ],
          [
            -73.86965,
            40.73139
          ],
          [
            -73.86959,
            40.7314
          ],
          [
            -73.86952,
            40.73141
          ],
          [
            -73.86944,
            40.73143
          ],
          [
            -73.86937,
            40.73146
          ],
          [
            -73.86931,
            40.7315
          ],
          [
            -73.86927,
            40.73154
          ],
          [
            -73.86923,
            40.73158
          ],
          [
            -73.86919,
            40.73163
          ],
          [
            -73.8688,
            40.7321
          ],
          [
            -73.86864,
            40.73225
          ],
          [
            -73.86864,
            40.73225
          ],
          [
            -73.86856,
            40.7323
          ],
          [
            -73.86839,
            40.73242
          ],
          [
            -73.86834,
            40.73245
          ],
          [
            -73.86826,
            40.73251
          ],
          [
            -73.86819,
            40.73254
          ],
          [
            -73.86809,
            40.73259
          ],
          [
            -73.86788,
            40.73267
          ],
          [
            -73.86779,
            40.73269
          ],
          [
            -73.86771,
            40.7327
          ],
          [
            -73.86762,
            40.73272
          ],
          [
            -73.86752,
            40.73272
          ],
          [
            -73.86736,
            40.73274
          ],
          [
            -73.86736,
            40.73274
          ],
          [
            -73.86727,
            40.73277
          ],
          [
            -73.86712,
            40.73281
          ],
          [
            -73.86663,
            40.73296
          ],
          [
            -73.86617,
            40.73309
          ],
          [
            -73.86592,
            40.73317
          ],
          [
            -73.86567,
            40.73326
          ],
          [
            -73.86542,
            40.73335
          ],
          [
            -73.8652,
            40.73344
          ],
          [
            -73.86494,
            40.73354
          ],
          [
            -73.86468,
            40.73363
          ],
          [
            -73.86446,
            40.73371
          ],
          [
            -73.86435,
            40.73374
          ],
          [
            -73.86435,
            40.73374
          ],
          [
            -73.86462,
            40.73428
          ],
          [
            -73.86465,
            40.73435
          ],
          [
            -73.86478,
            40.7346
          ],
          [
            -73.86482,
            40.73466
          ],
          [
            -73.86498,
            40.73499
          ],
          [
            -73.86513,
            40.73527
          ],
          [
            -73.86516,
            40.73533
          ],
          [
            -73.86519,
            40.73539
          ],
          [
            -73.86524,
            40.73548
          ],
          [
            -73.8655,
            40.73599
          ],
          [
            -73.86552,
            40.73603
          ],
          [
            -73.8657,
            40.7364
          ],
          [
            -73.86579,
            40.73657
          ],
          [
            -73.86583,
            40.73664
          ],
          [
            -73.86583,
            40.73664
          ],
          [
            -73.86572,
            40.73668
          ],
          [
            -73.8654,
            40.73677
          ],
          [
            -73.86493,
            40.73691
          ],
          [
            -73.86493,
            40.73691
          ],
          [
            -73.86497,
            40.73699
          ],
          [
            -73.86508,
            40.73728
          ],
          [
            -73.86511,
            40.73735
          ],
          [
            -73.86544,
            40.73815
          ],
          [
            -73.86544,
            40.73815
          ],
          [
            -73.86548,
            40.73826
          ],
          [
            -73.86548,
            40.73826
          ],
          [
            -73.86553,
            40.73838
          ],
          [
            -73.86555,
            40.73843
          ],
          [
            -73.86558,
            40.73849
          ],
          [
            -73.86619,
            40.74
          ],
          [
            -73.86621,
            40.74005
          ],
          [
            -73.86624,
            40.74012
          ],
          [
            -73.86657,
            40.74093
          ],
          [
            -73.86689,
            40.74173
          ],
          [
            -73.86691,
            40.74177
          ],
          [
            -73.86693,
            40.74183
          ],
          [
            -73.86693,
            40.74183
          ],
          [
            -73.8661,
            40.74202
          ],
          [
            -73.86603,
            40.74204
          ],
          [
            -73.86595,
            40.74206
          ],
          [
            -73.86514,
            40.74225
          ],
          [
            -73.8647,
            40.74235
          ],
          [
            -73.86456,
            40.74238
          ],
          [
            -73.86433,
            40.74244
          ],
          [
            -73.86424,
            40.74246
          ],
          [
            -73.86415,
            40.74248
          ],
          [
            -73.86363,
            40.7426
          ],
          [
            -73.86352,
            40.74263
          ],
          [
            -73.86289,
            40.74278
          ],
          [
            -73.86251,
            40.74287
          ],
          [
            -73.86241,
            40.74289
          ],
          [
            -73.86241,
            40.74289
          ],
          [
            -73.86244,
            40.74296
          ],
          [
            -73.86259,
            40.74326
          ],
          [
            -73.86272,
            40.74353
          ],
          [
            -73.86276,
            40.7436
          ],
          [
            -73.86279,
            40.74367
          ],
          [
            -73.86314,
            40.74433
          ],
          [
            -73.86315,
            40.7444
          ],
          [
            -73.86312,
            40.74445
          ],
          [
            -73.86308,
            40.74451
          ],
          [
            -73.86306,
            40.74453
          ],
          [
            -73.86301,
            40.74459
          ],
          [
            -73.86301,
            40.74459
          ],
          [
            -73.86291,
            40.74455
          ],
          [
            -73.86255,
            40.74438
          ],
          [
            -73.86239,
            40.74434
          ],
          [
            -73.86238,
            40.74433
          ],
          [
            -73.86218,
            40.74432
          ],
          [
            -73.86218,
            40.74432
          ],
          [
            -73.86218,
            40.74432
          ],
          [
            -73.86238,
            40.74433
          ],
          [
            -73.86239,
            40.74434
          ],
          [
            -73.86255,
            40.74438
          ],
          [
            -73.86291,
            40.74455
          ],
          [
            -73.86301,
            40.74459
          ],
          [
            -73.86301,
            40.74459
          ],
          [
            -73.86306,
            40.74453
          ],
          [
            -73.86308,
            40.74451
          ],
          [
            -73.86312,
            40.74445
          ],
          [
            -73.86315,
            40.7444
          ],
          [
            -73.86314,
            40.74433
          ],
          [
            -73.86279,
            40.74367
          ],
          [
            -73.86276,
            40.7436
          ],
          [
            -73.86272,
            40.74353
          ],
          [
            -73.86259,
            40.74326
          ],
          [
            -73.86244,
            40.74296
          ],
          [
            -73.86241,
            40.74289
          ],
          [
            -73.86238,
            40.74283
          ],
          [
            -73.86215,
            40.74228
          ],
          [
            -73.86189,
            40.74167
          ],
          [
            -73.86185,
            40.74159
          ],
          [
            -73.86182,
            40.74153
          ],
          [
            -73.86151,
            40.74099
          ],
          [
            -73.8615,
            40.74097
          ],
          [
            -73.86144,
            40.74087
          ],
          [
            -73.86143,
            40.74085
          ],
          [
            -73.86117,
            40.7404
          ],
          [
            -73.86111,
            40.74028
          ],
          [
            -73.8611,
            40.74027
          ],
          [
            -73.86077,
            40.7397
          ],
          [
            -73.86073,
            40.73962
          ],
          [
            -73.86069,
            40.73956
          ],
          [
            -73.86067,
            40.73952
          ],
          [
            -73.86055,
            40.7393
          ],
          [
            -73.86013,
            40.73849
          ],
          [
            -73.86011,
            40.73845
          ],
          [
            -73.86007,
            40.73837
          ],
          [
            -73.86004,
            40.73831
          ],
          [
            -73.8599,
            40.73804
          ],
          [
            -73.85984,
            40.73792
          ],
          [
            -73.85973,
            40.73771
          ],
          [
            -73.85942,
            40.73711
          ],
          [
            -73.85939,
            40.73704
          ],
          [
            -73.85936,
            40.73699
          ],
          [
            -73.85905,
            40.73638
          ],
          [
            -73.8589,
            40.73609
          ],
          [
            -73.85887,
            40.73603
          ],
          [
            -73.85883,
            40.73595
          ],
          [
            -73.85883,
            40.73595
          ],
          [
            -73.85905,
            40.73584
          ],
          [
            -73.86034,
            40.73545
          ],
          [
            -73.86084,
            40.73531
          ],
          [
            -73.86135,
            40.73515
          ],
          [
            -73.86193,
            40.73498
          ],
          [
            -73.86229,
            40.73485
          ],
          [
            -73.8643,
            40.73426
          ],
          [
            -73.86484,
            40.7341
          ],
          [
            -73.86512,
            40.73401
          ],
          [
            -73.86512,
            40.73401
          ],
          [
            -73.86552,
            40.73388
          ],
          [
            -73.86608,
            40.73371
          ],
          [
            -73.86664,
            40.73354
          ],
          [
            -73.86743,
            40.73331
          ],
          [
            -73.86765,
            40.73326
          ],
          [
            -73.8678,
            40.73321
          ],
          [
            -73.86852,
            40.73299
          ],
          [
            -73.86921,
            40.73277
          ],
          [
            -73.87033,
            40.73239
          ],
          [
            -73.8705,
            40.73234
          ],
          [
            -73.8705,
            40.73234
          ],
          [
            -73.87078,
            40.73222
          ],
          [
            -73.8715,
            40.73198
          ],
          [
            -73.87307,
            40.73145
          ],
          [
            -73.87339,
            40.73135
          ],
          [
            -73.87387,
            40.7312
          ],
          [
            -73.8742,
            40.73112
          ],
          [
            -73.87443,
            40.73106
          ],
          [
            -73.87466,
            40.731
          ],
          [
            -73.8749,
            40.73094
          ],
          [
            -73.87514,
            40.73088
          ],
          [
            -73.87576,
            40.73073
          ],
          [
            -73.8759,
            40.73069
          ],
          [
            -73.87607,
            40.73065
          ],
          [
            -73.87626,
            40.73059
          ],
          [
            -73.87644,
            40.73053
          ],
          [
            -73.87662,
            40.73046
          ],
          [
            -73.8768,
            40.73039
          ],
          [
            -73.87699,
            40.73031
          ],
          [
            -73.87916,
            40.72942
          ],
          [
            -73.87934,
            40.72935
          ],
          [
            -73.87951,
            40.72929
          ],
          [
            -73.87968,
            40.72923
          ],
          [
            -73.87986,
            40.72918
          ],
          [
            -73.88003,
            40.72913
          ],
          [
            -73.88021,
            40.72908
          ],
          [
            -73.88038,
            40.72904
          ],
          [
            -73.88055,
            40.729
          ],
          [
            -73.88072,
            40.72897
          ],
          [
            -73.88087,
            40.72894
          ],
          [
            -73.88103,
            40.72891
          ],
          [
            -73.88118,
            40.72889
          ],
          [
            -73.88134,
            40.72887
          ],
          [
            -73.88149,
            40.72885
          ],
          [
            -73.88166,
            40.72884
          ],
          [
            -73.88195,
            40.72882
          ],
          [
            -73.88247,
            40.72878
          ],
          [
            -73.88467,
            40.72861
          ],
          [
            -73.88494,
            40.72858
          ],
          [
            -73.88515,
            40.72856
          ],
          [
            -73.88527,
            40.72854
          ],
          [
            -73.88527,
            40.72854
          ],
          [
            -73.88573,
            40.72849
          ],
          [
            -73.88608,
            40.72843
          ],
          [
            -73.88631,
            40.72838
          ],
          [
            -73.88647,
            40.72834
          ],
          [
            -73.88663,
            40.7283
          ],
          [
            -73.88682,
            40.72824
          ],
          [
            -73.88699,
            40.72818
          ],
          [
            -73.88722,
            40.72808
          ],
          [
            -73.88743,
            40.728
          ],
          [
            -73.88756,
            40.72794
          ],
          [
            -73.88775,
            40.72784
          ],
          [
            -73.88793,
            40.72774
          ],
          [
            -73.8881,
            40.72765
          ],
          [
            -73.88829,
            40.72753
          ],
          [
            -73.88938,
            40.72685
          ],
          [
            -73.8896,
            40.72672
          ],
          [
            -73.88979,
            40.72661
          ],
          [
            -73.89001,
            40.72649
          ],
          [
            -73.89026,
            40.72637
          ],
          [
            -73.89053,
            40.72625
          ],
          [
            -73.89096,
            40.72613
          ],
          [
            -73.89096,
            40.72613
          ],
          [
            -73.89121,
            40.72603
          ],
          [
            -73.89145,
            40.72595
          ],
          [
            -73.89176,
            40.72587
          ],
          [
            -73.89205,
            40.72579
          ],
          [
            -73.89233,
            40.72573
          ],
          [
            -73.89261,
            40.72567
          ],
          [
            -73.89292,
            40.72562
          ],
          [
            -73.89319,
            40.72558
          ],
          [
            -73.89348,
            40.72555
          ],
          [
            -73.89377,
            40.72553
          ],
          [
            -73.89397,
            40.72552
          ],
          [
            -73.8942,
            40.72551
          ],
          [
            -73.89435,
            40.72551
          ],
          [
            -73.89451,
            40.72552
          ],
          [
            -73.89466,
            40.72552
          ],
          [
            -73.89487,
            40.72553
          ],
          [
            -73.89494,
            40.72553
          ],
          [
            -73.89508,
            40.72554
          ],
          [
            -73.89521,
            40.72555
          ],
          [
            -73.89572,
            40.72561
          ],
          [
            -73.89585,
            40.72562
          ],
          [
            -73.89585,
            40.72562
          ],
          [
            -73.89599,
            40.72556
          ],
          [
            -73.89651,
            40.72527
          ],
          [
            -73.89671,
            40.72517
          ],
          [
            -73.89682,
            40.72512
          ],
          [
            -73.89696,
            40.72505
          ],
          [
            -73.8972,
            40.72492
          ],
          [
            -73.89806,
            40.72449
          ],
          [
            -73.89836,
            40.72433
          ],
          [
            -73.89844,
            40.72429
          ],
          [
            -73.89852,
            40.72426
          ],
          [
            -73.89867,
            40.72417
          ],
          [
            -73.89869,
            40.72416
          ],
          [
            -73.89883,
            40.72409
          ],
          [
            -73.89954,
            40.72372
          ],
          [
            -73.89961,
            40.72368
          ],
          [
            -73.89968,
            40.72365
          ],
          [
            -73.89992,
            40.72353
          ],
          [
            -73.90062,
            40.72317
          ],
          [
            -73.90062,
            40.72317
          ],
          [
            -73.90125,
            40.72278
          ],
          [
            -73.90143,
            40.72266
          ],
          [
            -73.9015,
            40.72262
          ],
          [
            -73.90158,
            40.72257
          ],
          [
            -73.90182,
            40.72242
          ],
          [
            -73.90227,
            40.72215
          ],
          [
            -73.90312,
            40.72163
          ],
          [
            -73.90312,
            40.72163
          ],
          [
            -73.90309,
            40.72154
          ],
          [
            -73.90309,
            40.72152
          ],
          [
            -73.90301,
            40.72125
          ],
          [
            -73.90301,
            40.72125
          ],
          [
            -73.90301,
            40.72125
          ],
          [
            -73.90309,
            40.72152
          ],
          [
            -73.90309,
            40.72154
          ],
          [
            -73.90312,
            40.72163
          ],
          [
            -73.90312,
            40.72163
          ],
          [
            -73.90227,
            40.72215
          ],
          [
            -73.90182,
            40.72242
          ],
          [
            -73.90158,
            40.72257
          ],
          [
            -73.9015,
            40.72262
          ],
          [
            -73.90143,
            40.72266
          ],
          [
            -73.90125,
            40.72278
          ],
          [
            -73.90062,
            40.72317
          ],
          [
            -73.90062,
            40.72317
          ],
          [
            -73.89992,
            40.72353
          ],
          [
            -73.89968,
            40.72365
          ],
          [
            -73.89961,
            40.72368
          ],
          [
            -73.89954,
            40.72372
          ],
          [
            -73.89883,
            40.72409
          ],
          [
            -73.89869,
            40.72416
          ],
          [
            -73.89867,
            40.72417
          ],
          [
            -73.89852,
            40.72426
          ],
          [
            -73.89844,
            40.72429
          ],
          [
            -73.89836,
            40.72433
          ],
          [
            -73.89806,
            40.72449
          ],
          [
            -73.8972,
            40.72492
          ],
          [
            -73.89696,
            40.72505
          ],
          [
            -73.89682,
            40.72512
          ],
          [
            -73.89671,
            40.72517
          ],
          [
            -73.89671,
            40.72517
          ],
          [
            -73.89654,
            40.72516
          ],
          [
            -73.89604,
            40.72511
          ],
          [
            -73.89481,
            40.72501
          ],
          [
            -73.89469,
            40.725
          ],
          [
            -73.89456,
            40.72499
          ],
          [
            -73.89451,
            40.72499
          ],
          [
            -73.89425,
            40.72498
          ],
          [
            -73.89397,
            40.72497
          ],
          [
            -73.89383,
            40.72498
          ],
          [
            -73.89352,
            40.72499
          ],
          [
            -73.89327,
            40.725
          ],
          [
            -73.89301,
            40.72502
          ],
          [
            -73.89274,
            40.72504
          ],
          [
            -73.89248,
            40.72508
          ],
          [
            -73.89222,
            40.72511
          ],
          [
            -73.89193,
            40.72516
          ],
          [
            -73.89164,
            40.72522
          ],
          [
            -73.89146,
            40.72527
          ],
          [
            -73.89127,
            40.72532
          ],
          [
            -73.89108,
            40.72538
          ],
          [
            -73.89089,
            40.72545
          ],
          [
            -73.89069,
            40.72554
          ],
          [
            -73.89043,
            40.72566
          ],
          [
            -73.8903,
            40.72572
          ],
          [
            -73.89028,
            40.72573
          ],
          [
            -73.89028,
            40.72573
          ],
          [
            -73.89011,
            40.72589
          ],
          [
            -73.88981,
            40.72605
          ],
          [
            -73.88953,
            40.72622
          ],
          [
            -73.88923,
            40.7264
          ],
          [
            -73.88901,
            40.72653
          ],
          [
            -73.88799,
            40.72714
          ],
          [
            -73.88782,
            40.72724
          ],
          [
            -73.88761,
            40.72735
          ],
          [
            -73.88741,
            40.72744
          ],
          [
            -73.88723,
            40.72753
          ],
          [
            -73.887,
            40.72762
          ],
          [
            -73.88681,
            40.7277
          ],
          [
            -73.88662,
            40.72777
          ],
          [
            -73.88641,
            40.72784
          ],
          [
            -73.88618,
            40.72791
          ],
          [
            -73.88598,
            40.72796
          ],
          [
            -73.88578,
            40.72801
          ],
          [
            -73.88559,
            40.72804
          ],
          [
            -73.88539,
            40.72808
          ],
          [
            -73.88517,
            40.72811
          ],
          [
            -73.88477,
            40.72816
          ],
          [
            -73.88447,
            40.7282
          ],
          [
            -73.88416,
            40.72823
          ],
          [
            -73.88367,
            40.72829
          ],
          [
            -73.88218,
            40.72841
          ],
          [
            -73.88167,
            40.72844
          ],
          [
            -73.88129,
            40.72847
          ],
          [
            -73.88099,
            40.7285
          ],
          [
            -73.88093,
            40.7285
          ],
          [
            -73.88093,
            40.7285
          ],
          [
            -73.88057,
            40.72854
          ],
          [
            -73.88042,
            40.72856
          ],
          [
            -73.88028,
            40.72859
          ],
          [
            -73.88015,
            40.72861
          ],
          [
            -73.88,
            40.72865
          ],
          [
            -73.87986,
            40.72868
          ],
          [
            -73.87974,
            40.72872
          ],
          [
            -73.87959,
            40.72876
          ],
          [
            -73.87946,
            40.7288
          ],
          [
            -73.87932,
            40.72885
          ],
          [
            -73.87919,
            40.7289
          ],
          [
            -73.87906,
            40.72895
          ],
          [
            -73.87895,
            40.729
          ],
          [
            -73.87821,
            40.72934
          ],
          [
            -73.87796,
            40.72945
          ],
          [
            -73.87772,
            40.72955
          ],
          [
            -73.87748,
            40.72964
          ],
          [
            -73.8772,
            40.72975
          ],
          [
            -73.87689,
            40.72986
          ],
          [
            -73.87663,
            40.72995
          ],
          [
            -73.87636,
            40.73005
          ],
          [
            -73.87605,
            40.73015
          ],
          [
            -73.87507,
            40.73045
          ],
          [
            -73.87452,
            40.73063
          ],
          [
            -73.87368,
            40.73088
          ],
          [
            -73.87368,
            40.73088
          ],
          [
            -73.87257,
            40.73122
          ],
          [
            -73.87224,
            40.73131
          ],
          [
            -73.87224,
            40.73131
          ],
          [
            -73.87181,
            40.73142
          ],
          [
            -73.87107,
            40.73163
          ],
          [
            -73.871,
            40.73165
          ],
          [
            -73.87092,
            40.73166
          ],
          [
            -73.87085,
            40.73167
          ],
          [
            -73.87077,
            40.73168
          ],
          [
            -73.87069,
            40.73167
          ],
          [
            -73.87061,
            40.73167
          ],
          [
            -73.87055,
            40.73166
          ],
          [
            -73.87046,
            40.73164
          ],
          [
            -73.87038,
            40.73162
          ],
          [
            -73.87029,
            40.73159
          ],
          [
            -73.86986,
            40.73143
          ],
          [
            -73.86979,
            40.73141
          ],
          [
            -73.86972,
            40.7314
          ],
          [
            -73.86965,
            40.73139
          ],
          [
            -73.86959,
            40.7314
          ],
          [
            -73.86952,
            40.73141
          ],
          [
            -73.86944,
            40.73143
          ],
          [
            -73.86937,
            40.73146
          ],
          [
            -73.86931,
            40.7315
          ],
          [
            -73.86927,
            40.73154
          ],
          [
            -73.86923,
            40.73158
          ],
          [
            -73.86919,
            40.73163
          ],
          [
            -73.8688,
            40.7321
          ],
          [
            -73.86864,
            40.73225
          ],
          [
            -73.86864,
            40.73225
          ],
          [
            -73.86856,
            40.7323
          ],
          [
            -73.86839,
            40.73242
          ],
          [
            -73.86834,
            40.73245
          ],
          [
            -73.86826,
            40.73251
          ],
          [
            -73.86819,
            40.73254
          ],
          [
            -73.86809,
            40.73259
          ],
          [
            -73.86788,
            40.73267
          ],
          [
            -73.86779,
            40.73269
          ],
          [
            -73.86771,
            40.7327
          ],
          [
            -73.86762,
            40.73272
          ],
          [
            -73.86752,
            40.73272
          ],
          [
            -73.86736,
            40.73274
          ],
          [
            -73.86736,
            40.73274
          ],
          [
            -73.86727,
            40.73277
          ],
          [
            -73.86712,
            40.73281
          ],
          [
            -73.86663,
            40.73296
          ],
          [
            -73.86617,
            40.73309
          ],
          [
            -73.86592,
            40.73317
          ],
          [
            -73.86567,
            40.73326
          ],
          [
            -73.86542,
            40.73335
          ],
          [
            -73.8652,
            40.73344
          ],
          [
            -73.86494,
            40.73354
          ],
          [
            -73.86468,
            40.73363
          ],
          [
            -73.86446,
            40.73371
          ],
          [
            -73.86435,
            40.73374
          ],
          [
            -73.86435,
            40.73374
          ],
          [
            -73.86462,
            40.73428
          ],
          [
            -73.86465,
            40.73435
          ],
          [
            -73.86478,
            40.7346
          ],
          [
            -73.86482,
            40.73466
          ],
          [
            -73.86498,
            40.73499
          ],
          [
            -73.86513,
            40.73527
          ],
          [
            -73.86516,
            40.73533
          ],
          [
            -73.86519,
            40.73539
          ],
          [
            -73.86524,
            40.73548
          ],
          [
            -73.8655,
            40.73599
          ],
          [
            -73.86552,
            40.73603
          ],
          [
            -73.8657,
            40.7364
          ],
          [
            -73.86579,
            40.73657
          ],
          [
            -73.86583,
            40.73664
          ],
          [
            -73.86587,
            40.73673
          ],
          [
            -73.86588,
            40.73676
          ],
          [
            -73.86595,
            40.73691
          ],
          [
            -73.86607,
            40.73719
          ],
          [
            -73.8661,
            40.73725
          ],
          [
            -73.86613,
            40.73733
          ],
          [
            -73.86615,
            40.73739
          ],
          [
            -73.86628,
            40.73771
          ],
          [
            -73.86637,
            40.73794
          ],
          [
            -73.86646,
            40.73816
          ],
          [
            -73.86648,
            40.73821
          ],
          [
            -73.86651,
            40.73828
          ],
          [
            -73.86676,
            40.73889
          ],
          [
            -73.86688,
            40.73917
          ],
          [
            -73.86704,
            40.73957
          ],
          [
            -73.86715,
            40.73984
          ],
          [
            -73.86732,
            40.74026
          ],
          [
            -73.86756,
            40.74094
          ],
          [
            -73.86756,
            40.74101
          ],
          [
            -73.86757,
            40.74162
          ],
          [
            -73.86757,
            40.74168
          ],
          [
            -73.86755,
            40.74175
          ],
          [
            -73.86749,
            40.74201
          ],
          [
            -73.86748,
            40.7421
          ],
          [
            -73.86748,
            40.7421
          ],
          [
            -73.86736,
            40.7421
          ],
          [
            -73.86726,
            40.74214
          ],
          [
            -73.86717,
            40.74219
          ],
          [
            -73.86699,
            40.74233
          ],
          [
            -73.86635,
            40.74282
          ],
          [
            -73.86621,
            40.74293
          ],
          [
            -73.86613,
            40.743
          ],
          [
            -73.86611,
            40.74304
          ],
          [
            -73.8661,
            40.74305
          ],
          [
            -73.86608,
            40.7431
          ],
          [
            -73.86607,
            40.74315
          ],
          [
            -73.86592,
            40.74381
          ],
          [
            -73.86586,
            40.74404
          ],
          [
            -73.86585,
            40.74408
          ],
          [
            -73.86582,
            40.74413
          ],
          [
            -73.86577,
            40.74417
          ],
          [
            -73.8656,
            40.74428
          ],
          [
            -73.86521,
            40.74454
          ],
          [
            -73.86512,
            40.74461
          ],
          [
            -73.86488,
            40.74476
          ],
          [
            -73.86482,
            40.7448
          ],
          [
            -73.86478,
            40.74482
          ],
          [
            -73.86478,
            40.74482
          ],
          [
            -73.86478,
            40.74482
          ],
          [
            -73.86482,
            40.7448
          ],
          [
            -73.86488,
            40.74476
          ],
          [
            -73.86512,
            40.74461
          ],
          [
            -73.86521,
            40.74454
          ],
          [
            -73.8656,
            40.74428
          ],
          [
            -73.86577,
            40.74417
          ],
          [
            -73.86582,
            40.74413
          ],
          [
            -73.86585,
            40.74408
          ],
          [
            -73.86586,
            40.74404
          ],
          [
            -73.86592,
            40.74381
          ],
          [
            -73.86599,
            40.74348
          ],
          [
            -73.86599,
            40.74348
          ],
          [
            -73.86599,
            40.74348
          ],
          [
            -73.86607,
            40.74315
          ],
          [
            -73.86608,
            40.7431
          ],
          [
            -73.8661,
            40.74305
          ],
          [
            -73.86611,
            40.74304
          ],
          [
            -73.86613,
            40.743
          ],
          [
            -73.86621,
            40.74293
          ],
          [
            -73.86635,
            40.74282
          ],
          [
            -73.86699,
            40.74233
          ],
          [
            -73.86717,
            40.74219
          ],
          [
            -73.86726,
            40.74214
          ],
          [
            -73.86736,
            40.7421
          ],
          [
            -73.86748,
            40.7421
          ],
          [
            -73.86748,
            40.7421
          ],
          [
            -73.86749,
            40.74201
          ],
          [
            -73.86755,
            40.74175
          ],
          [
            -73.86757,
            40.74168
          ],
          [
            -73.86757,
            40.74162
          ],
          [
            -73.86756,
            40.74101
          ],
          [
            -73.86756,
            40.74094
          ],
          [
            -73.86732,
            40.74026
          ],
          [
            -73.86715,
            40.73984
          ],
          [
            -73.86704,
            40.73957
          ],
          [
            -73.86704,
            40.73957
          ],
          [
            -73.86714,
            40.73955
          ],
          [
            -73.86859,
            40.73923
          ],
          [
            -73.86865,
            40.73922
          ],
          [
            -73.86872,
            40.7392
          ],
          [
            -73.86879,
            40.73918
          ],
          [
            -73.8708,
            40.73875
          ],
          [
            -73.87087,
            40.73873
          ],
          [
            -73.87095,
            40.73871
          ],
          [
            -73.87095,
            40.73871
          ],
          [
            -73.87092,
            40.73866
          ],
          [
            -73.8707,
            40.73809
          ],
          [
            -73.87067,
            40.73803
          ],
          [
            -73.87065,
            40.73797
          ],
          [
            -73.87044,
            40.7374
          ],
          [
            -73.87042,
            40.73735
          ],
          [
            -73.87039,
            40.73729
          ],
          [
            -73.87013,
            40.73661
          ],
          [
            -73.8701,
            40.73652
          ],
          [
            -73.87007,
            40.73646
          ],
          [
            -73.86976,
            40.73558
          ],
          [
            -73.86973,
            40.7355
          ],
          [
            -73.8697,
            40.73541
          ],
          [
            -73.86967,
            40.73534
          ],
          [
            -73.86964,
            40.73527
          ],
          [
            -73.86961,
            40.73519
          ],
          [
            -73.8696,
            40.73517
          ],
          [
            -73.86958,
            40.73512
          ],
          [
            -73.86956,
            40.73508
          ],
          [
            -73.86953,
            40.73499
          ],
          [
            -73.86945,
            40.7348
          ],
          [
            -73.86942,
            40.73474
          ],
          [
            -73.86927,
            40.73436
          ],
          [
            -73.86923,
            40.73425
          ],
          [
            -73.86921,
            40.73422
          ],
          [
            -73.86918,
            40.73414
          ],
          [
            -73.86915,
            40.73407
          ],
          [
            -73.869,
            40.7337
          ],
          [
            -73.86892,
            40.73351
          ],
          [
            -73.8689,
            40.73345
          ],
          [
            -73.8689,
            40.73345
          ],
          [
            -73.86926,
            40.73334
          ],
          [
            -73.86926,
            40.73334
          ],
          [
            -73.86947,
            40.73341
          ],
          [
            -73.87004,
            40.73361
          ],
          [
            -73.87014,
            40.73364
          ],
          [
            -73.87014,
            40.73364
          ],
          [
            -73.87037,
            40.73371
          ],
          [
            -73.87038,
            40.73364
          ],
          [
            -73.8705,
            40.73342
          ],
          [
            -73.87057,
            40.73332
          ],
          [
            -73.87062,
            40.73325
          ],
          [
            -73.87074,
            40.73303
          ],
          [
            -73.871,
            40.73256
          ],
          [
            -73.871,
            40.73256
          ],
          [
            -73.87118,
            40.73247
          ],
          [
            -73.8712,
            40.73246
          ],
          [
            -73.87125,
            40.73244
          ],
          [
            -73.87131,
            40.73243
          ],
          [
            -73.87138,
            40.73242
          ],
          [
            -73.87146,
            40.73242
          ],
          [
            -73.87155,
            40.73243
          ],
          [
            -73.87203,
            40.73248
          ],
          [
            -73.87213,
            40.73249
          ],
          [
            -73.8722,
            40.73249
          ],
          [
            -73.87227,
            40.73248
          ],
          [
            -73.87234,
            40.73247
          ],
          [
            -73.87239,
            40.73244
          ],
          [
            -73.87245,
            40.73241
          ],
          [
            -73.8725,
            40.73239
          ],
          [
            -73.87255,
            40.73234
          ],
          [
            -73.8731,
            40.73176
          ],
          [
            -73.87319,
            40.73167
          ],
          [
            -73.87328,
            40.73158
          ],
          [
            -73.87337,
            40.7315
          ],
          [
            -73.87347,
            40.73144
          ],
          [
            -73.87357,
            40.73137
          ],
          [
            -73.87368,
            40.73132
          ],
          [
            -73.87378,
            40.73128
          ],
          [
            -73.87389,
            40.73123
          ],
          [
            -73.8742,
            40.73112
          ],
          [
            -73.87443,
            40.73106
          ],
          [
            -73.87466,
            40.731
          ],
          [
            -73.8749,
            40.73094
          ],
          [
            -73.87514,
            40.73088
          ],
          [
            -73.87576,
            40.73073
          ],
          [
            -73.8759,
            40.73069
          ],
          [
            -73.87607,
            40.73065
          ],
          [
            -73.87626,
            40.73059
          ],
          [
            -73.87644,
            40.73053
          ],
          [
            -73.87662,
            40.73046
          ],
          [
            -73.8768,
            40.73039
          ],
          [
            -73.87699,
            40.73031
          ],
          [
            -73.87916,
            40.72942
          ],
          [
            -73.87934,
            40.72935
          ],
          [
            -73.87951,
            40.72929
          ],
          [
            -73.87968,
            40.72923
          ],
          [
            -73.87986,
            40.72918
          ],
          [
            -73.88003,
            40.72913
          ],
          [
            -73.88021,
            40.72908
          ],
          [
            -73.88038,
            40.72904
          ],
          [
            -73.88055,
            40.729
          ],
          [
            -73.88072,
            40.72897
          ],
          [
            -73.88087,
            40.72894
          ],
          [
            -73.88103,
            40.72891
          ],
          [
            -73.88118,
            40.72889
          ],
          [
            -73.88134,
            40.72887
          ],
          [
            -73.88149,
            40.72885
          ],
          [
            -73.88166,
            40.72884
          ],
          [
            -73.88195,
            40.72882
          ],
          [
            -73.88247,
            40.72878
          ],
          [
            -73.88467,
            40.72861
          ],
          [
            -73.88494,
            40.72858
          ],
          [
            -73.88515,
            40.72856
          ],
          [
            -73.88527,
            40.72854
          ],
          [
            -73.88527,
            40.72854
          ],
          [
            -73.88573,
            40.72849
          ],
          [
            -73.88608,
            40.72843
          ],
          [
            -73.88631,
            40.72838
          ],
          [
            -73.88647,
            40.72834
          ],
          [
            -73.88663,
            40.7283
          ],
          [
            -73.88682,
            40.72824
          ],
          [
            -73.88699,
            40.72818
          ],
          [
            -73.88722,
            40.72808
          ],
          [
            -73.88743,
            40.728
          ],
          [
            -73.88756,
            40.72794
          ],
          [
            -73.88775,
            40.72784
          ],
          [
            -73.88793,
            40.72774
          ],
          [
            -73.8881,
            40.72765
          ],
          [
            -73.88829,
            40.72753
          ],
          [
            -73.88938,
            40.72685
          ],
          [
            -73.8896,
            40.72672
          ],
          [
            -73.88979,
            40.72661
          ],
          [
            -73.89001,
            40.72649
          ],
          [
            -73.89026,
            40.72637
          ],
          [
            -73.89053,
            40.72625
          ],
          [
            -73.89096,
            40.72613
          ],
          [
            -73.89096,
            40.72613
          ],
          [
            -73.89121,
            40.72603
          ],
          [
            -73.89145,
            40.72595
          ],
          [
            -73.89176,
            40.72587
          ],
          [
            -73.89205,
            40.72579
          ],
          [
            -73.89233,
            40.72573
          ],
          [
            -73.89261,
            40.72567
          ],
          [
            -73.89292,
            40.72562
          ],
          [
            -73.89319,
            40.72558
          ],
          [
            -73.89348,
            40.72555
          ],
          [
            -73.89377,
            40.72553
          ],
          [
            -73.89397,
            40.72552
          ],
          [
            -73.8942,
            40.72551
          ],
          [
            -73.89435,
            40.72551
          ],
          [
            -73.89451,
            40.72552
          ],
          [
            -73.89466,
            40.72552
          ],
          [
            -73.89487,
            40.72553
          ],
          [
            -73.89494,
            40.72553
          ],
          [
            -73.89508,
            40.72554
          ],
          [
            -73.89521,
            40.72555
          ],
          [
            -73.89572,
            40.72561
          ],
          [
            -73.89585,
            40.72562
          ],
          [
            -73.89585,
            40.72562
          ],
          [
            -73.89599,
            40.72556
          ],
          [
            -73.89651,
            40.72527
          ],
          [
            -73.89671,
            40.72517
          ],
          [
            -73.89682,
            40.72512
          ],
          [
            -73.89696,
            40.72505
          ],
          [
            -73.8972,
            40.72492
          ],
          [
            -73.89806,
            40.72449
          ],
          [
            -73.89836,
            40.72433
          ],
          [
            -73.89844,
            40.72429
          ],
          [
            -73.89852,
            40.72426
          ],
          [
            -73.89867,
            40.72417
          ],
          [
            -73.89869,
            40.72416
          ],
          [
            -73.89883,
            40.72409
          ],
          [
            -73.89954,
            40.72372
          ],
          [
            -73.89961,
            40.72368
          ],
          [
            -73.89968,
            40.72365
          ],
          [
            -73.89992,
            40.72353
          ],
          [
            -73.90062,
            40.72317
          ],
          [
            -73.90062,
            40.72317
          ],
          [
            -73.90125,
            40.72278
          ],
          [
            -73.90143,
            40.72266
          ],
          [
            -73.9015,
            40.72262
          ],
          [
            -73.90158,
            40.72257
          ],
          [
            -73.90182,
            40.72242
          ],
          [
            -73.90227,
            40.72215
          ],
          [
            -73.90312,
            40.72163
          ],
          [
            -73.90312,
            40.72163
          ],
          [
            -73.90309,
            40.72154
          ],
          [
            -73.90309,
            40.72152
          ],
          [
            -73.90301,
            40.72125
          ],
          [
            -73.90257,
            40.71965
          ],
          [
            -73.90252,
            40.71947
          ],
          [
            -73.9025,
            40.71941
          ],
          [
            -73.90249,
            40.71937
          ],
          [
            -73.90243,
            40.71916
          ],
          [
            -73.9024,
            40.71904
          ],
          [
            -73.90233,
            40.71882
          ],
          [
            -73.90229,
            40.71868
          ],
          [
            -73.90218,
            40.71828
          ],
          [
            -73.90214,
            40.71811
          ],
          [
            -73.90213,
            40.71808
          ],
          [
            -73.9021,
            40.718
          ],
          [
            -73.90209,
            40.71795
          ],
          [
            -73.90184,
            40.71703
          ],
          [
            -73.90182,
            40.71697
          ],
          [
            -73.9018,
            40.71689
          ],
          [
            -73.90175,
            40.71673
          ],
          [
            -73.90167,
            40.71646
          ],
          [
            -73.90163,
            40.71632
          ],
          [
            -73.90162,
            40.71626
          ],
          [
            -73.90159,
            40.71617
          ],
          [
            -73.90155,
            40.71603
          ],
          [
            -73.90146,
            40.71572
          ],
          [
            -73.90144,
            40.71565
          ],
          [
            -73.90143,
            40.71559
          ],
          [
            -73.90138,
            40.71541
          ],
          [
            -73.90126,
            40.71498
          ],
          [
            -73.9012,
            40.71477
          ],
          [
            -73.90119,
            40.71473
          ],
          [
            -73.90116,
            40.71462
          ],
          [
            -73.90114,
            40.71454
          ],
          [
            -73.90105,
            40.71425
          ],
          [
            -73.90103,
            40.71417
          ],
          [
            -73.90095,
            40.71388
          ],
          [
            -73.90094,
            40.71384
          ],
          [
            -73.90089,
            40.71368
          ],
          [
            -73.90075,
            40.71317
          ],
          [
            -73.90075,
            40.71316
          ],
          [
            -73.90063,
            40.71278
          ],
          [
            -73.90059,
            40.7127
          ],
          [
            -73.90056,
            40.71263
          ],
          [
            -73.90051,
            40.71254
          ],
          [
            -73.90051,
            40.71253
          ],
          [
            -73.90049,
            40.7125
          ],
          [
            -73.90046,
            40.71244
          ],
          [
            -73.90039,
            40.7123
          ],
          [
            -73.90034,
            40.71221
          ],
          [
            -73.90031,
            40.71214
          ],
          [
            -73.90022,
            40.71198
          ],
          [
            -73.90019,
            40.7119
          ],
          [
            -73.90017,
            40.71187
          ],
          [
            -73.90009,
            40.71171
          ],
          [
            -73.89986,
            40.71127
          ],
          [
            -73.89983,
            40.71122
          ],
          [
            -73.89975,
            40.71106
          ],
          [
            -73.89971,
            40.71098
          ],
          [
            -73.89968,
            40.71093
          ],
          [
            -73.89948,
            40.71056
          ],
          [
            -73.89944,
            40.71048
          ],
          [
            -73.89939,
            40.71039
          ],
          [
            -73.89936,
            40.71032
          ],
          [
            -73.89932,
            40.71027
          ],
          [
            -73.89895,
            40.70974
          ],
          [
            -73.89891,
            40.70968
          ],
          [
            -73.89887,
            40.70963
          ],
          [
            -73.89876,
            40.70948
          ],
          [
            -73.8985,
            40.7091
          ],
          [
            -73.89845,
            40.70904
          ],
          [
            -73.89842,
            40.70899
          ],
          [
            -73.89805,
            40.70847
          ],
          [
            -73.898,
            40.7084
          ],
          [
            -73.89797,
            40.70835
          ],
          [
            -73.89784,
            40.70816
          ],
          [
            -73.89774,
            40.70802
          ],
          [
            -73.8976,
            40.70782
          ],
          [
            -73.89756,
            40.70776
          ],
          [
            -73.89754,
            40.70771
          ],
          [
            -73.89726,
            40.70715
          ],
          [
            -73.89723,
            40.7071
          ],
          [
            -73.89721,
            40.70704
          ],
          [
            -73.89697,
            40.70657
          ],
          [
            -73.89694,
            40.7065
          ],
          [
            -73.89694,
            40.7065
          ],
          [
            -73.89705,
            40.70647
          ],
          [
            -73.89737,
            40.7064
          ],
          [
            -73.898,
            40.70624
          ],
          [
            -73.89895,
            40.70602
          ],
          [
            -73.8999,
            40.70578
          ],
          [
            -73.89996,
            40.70577
          ],
          [
            -73.90005,
            40.70574
          ],
          [
            -73.90084,
            40.70552
          ],
          [
            -73.90196,
            40.7052
          ],
          [
            -73.90196,
            40.7052
          ],
          [
            -73.90196,
            40.7052
          ],
          [
            -73.90197,
            40.70519
          ],
          [
            -73.90204,
            40.70517
          ],
          [
            -73.90212,
            40.70515
          ],
          [
            -73.90212,
            40.70515
          ],
          [
            -73.90215,
            40.70522
          ],
          [
            -73.90233,
            40.70561
          ],
          [
            -73.90237,
            40.70568
          ],
          [
            -73.90241,
            40.70576
          ],
          [
            -73.90245,
            40.70584
          ],
          [
            -73.90245,
            40.70584
          ],
          [
            -73.90237,
            40.70586
          ],
          [
            -73.90038,
            40.70633
          ],
          [
            -73.90035,
            40.70634
          ],
          [
            -73.90027,
            40.70636
          ],
          [
            -73.90019,
            40.70638
          ],
          [
            -73.89733,
            40.70706
          ],
          [
            -73.89723,
            40.7071
          ],
          [
            -73.89723,
            40.7071
          ],
          [
            -73.89726,
            40.70715
          ],
          [
            -73.89754,
            40.70771
          ],
          [
            -73.89756,
            40.70776
          ],
          [
            -73.8976,
            40.70782
          ],
          [
            -73.89774,
            40.70802
          ],
          [
            -73.89784,
            40.70816
          ],
          [
            -73.89797,
            40.70835
          ],
          [
            -73.898,
            40.7084
          ],
          [
            -73.89805,
            40.70847
          ],
          [
            -73.89842,
            40.70899
          ],
          [
            -73.89845,
            40.70904
          ],
          [
            -73.8985,
            40.7091
          ],
          [
            -73.89876,
            40.70948
          ],
          [
            -73.89887,
            40.70963
          ],
          [
            -73.89891,
            40.70968
          ],
          [
            -73.89895,
            40.70974
          ],
          [
            -73.89932,
            40.71027
          ],
          [
            -73.89936,
            40.71032
          ],
          [
            -73.89939,
            40.71039
          ],
          [
            -73.89944,
            40.71048
          ],
          [
            -73.89948,
            40.71056
          ],
          [
            -73.89968,
            40.71093
          ],
          [
            -73.89971,
            40.71098
          ],
          [
            -73.89975,
            40.71106
          ],
          [
            -73.89983,
            40.71122
          ],
          [
            -73.89986,
            40.71127
          ],
          [
            -73.90009,
            40.71171
          ],
          [
            -73.90017,
            40.71187
          ],
          [
            -73.90019,
            40.7119
          ],
          [
            -73.90022,
            40.71198
          ],
          [
            -73.90031,
            40.71214
          ],
          [
            -73.90034,
            40.71221
          ],
          [
            -73.90039,
            40.7123
          ],
          [
            -73.90046,
            40.71244
          ],
          [
            -73.90049,
            40.7125
          ],
          [
            -73.90051,
            40.71253
          ],
          [
            -73.90051,
            40.71254
          ],
          [
            -73.90056,
            40.71263
          ],
          [
            -73.90059,
            40.7127
          ],
          [
            -73.90063,
            40.71278
          ],
          [
            -73.90075,
            40.71316
          ],
          [
            -73.90075,
            40.71317
          ],
          [
            -73.90089,
            40.71368
          ],
          [
            -73.90094,
            40.71384
          ],
          [
            -73.90095,
            40.71388
          ],
          [
            -73.90103,
            40.71417
          ],
          [
            -73.90105,
            40.71425
          ],
          [
            -73.90114,
            40.71454
          ],
          [
            -73.90116,
            40.71462
          ],
          [
            -73.90119,
            40.71473
          ],
          [
            -73.9012,
            40.71477
          ],
          [
            -73.90126,
            40.71498
          ],
          [
            -73.90138,
            40.71541
          ],
          [
            -73.90143,
            40.71559
          ],
          [
            -73.90144,
            40.71565
          ],
          [
            -73.90146,
            40.71572
          ],
          [
            -73.90155,
            40.71603
          ],
          [
            -73.90159,
            40.71617
          ],
          [
            -73.90162,
            40.71626
          ],
          [
            -73.90163,
            40.71632
          ],
          [
            -73.90167,
            40.71646
          ],
          [
            -73.90175,
            40.71673
          ],
          [
            -73.9018,
            40.71689
          ],
          [
            -73.90182,
            40.71697
          ],
          [
            -73.90184,
            40.71703
          ],
          [
            -73.90209,
            40.71795
          ],
          [
            -73.9021,
            40.718
          ],
          [
            -73.90213,
            40.71808
          ],
          [
            -73.90214,
            40.71811
          ],
          [
            -73.90218,
            40.71828
          ],
          [
            -73.90229,
            40.71868
          ],
          [
            -73.90233,
            40.71882
          ],
          [
            -73.9024,
            40.71904
          ],
          [
            -73.90243,
            40.71916
          ],
          [
            -73.90249,
            40.71937
          ],
          [
            -73.9025,
            40.71941
          ],
          [
            -73.90252,
            40.71947
          ],
          [
            -73.90257,
            40.71965
          ],
          [
            -73.90301,
            40.72125
          ],
          [
            -73.90309,
            40.72152
          ],
          [
            -73.90309,
            40.72154
          ],
          [
            -73.90312,
            40.72163
          ],
          [
            -73.90312,
            40.72163
          ],
          [
            -73.90227,
            40.72215
          ],
          [
            -73.90182,
            40.72242
          ],
          [
            -73.90158,
            40.72257
          ],
          [
            -73.9015,
            40.72262
          ],
          [
            -73.90143,
            40.72266
          ],
          [
            -73.90125,
            40.72278
          ],
          [
            -73.90062,
            40.72317
          ],
          [
            -73.90062,
            40.72317
          ],
          [
            -73.89992,
            40.72353
          ],
          [
            -73.89968,
            40.72365
          ],
          [
            -73.89961,
            40.72368
          ],
          [
            -73.89954,
            40.72372
          ],
          [
            -73.89883,
            40.72409
          ],
          [
            -73.89869,
            40.72416
          ],
          [
            -73.89867,
            40.72417
          ],
          [
            -73.89852,
            40.72426
          ],
          [
            -73.89844,
            40.72429
          ],
          [
            -73.89836,
            40.72433
          ],
          [
            -73.89806,
            40.72449
          ],
          [
            -73.8972,
            40.72492
          ],
          [
            -73.89696,
            40.72505
          ],
          [
            -73.89682,
            40.72512
          ],
          [
            -73.89671,
            40.72517
          ],
          [
            -73.89651,
            40.72527
          ],
          [
            -73.89599,
            40.72556
          ],
          [
            -73.89585,
            40.72562
          ],
          [
            -73.89548,
            40.72583
          ],
          [
            -73.89546,
            40.72584
          ],
          [
            -73.89532,
            40.72592
          ],
          [
            -73.89532,
            40.72592
          ],
          [
            -73.89534,
            40.72597
          ],
          [
            -73.89535,
            40.72603
          ],
          [
            -73.89535,
            40.72606
          ],
          [
            -73.89536,
            40.7261
          ],
          [
            -73.89537,
            40.72631
          ],
          [
            -73.89541,
            40.72679
          ],
          [
            -73.8955,
            40.72779
          ],
          [
            -73.89559,
            40.72891
          ],
          [
            -73.8956,
            40.72896
          ],
          [
            -73.8956,
            40.72903
          ],
          [
            -73.89562,
            40.72926
          ],
          [
            -73.89564,
            40.72954
          ],
          [
            -73.89565,
            40.7297
          ],
          [
            -73.89566,
            40.72978
          ],
          [
            -73.8957,
            40.73038
          ],
          [
            -73.89574,
            40.73083
          ],
          [
            -73.89577,
            40.73114
          ],
          [
            -73.89579,
            40.73145
          ],
          [
            -73.8958,
            40.73151
          ],
          [
            -73.8958,
            40.73157
          ],
          [
            -73.89581,
            40.73161
          ],
          [
            -73.89585,
            40.7321
          ],
          [
            -73.89585,
            40.73213
          ],
          [
            -73.89585,
            40.73218
          ],
          [
            -73.89586,
            40.73224
          ],
          [
            -73.89591,
            40.73288
          ],
          [
            -73.89595,
            40.73343
          ],
          [
            -73.89596,
            40.73351
          ],
          [
            -73.89596,
            40.73357
          ],
          [
            -73.89597,
            40.73361
          ],
          [
            -73.89597,
            40.73367
          ],
          [
            -73.89601,
            40.73426
          ],
          [
            -73.89605,
            40.7347
          ],
          [
            -73.89604,
            40.73479
          ],
          [
            -73.89603,
            40.73493
          ],
          [
            -73.89603,
            40.73498
          ],
          [
            -73.89602,
            40.73503
          ],
          [
            -73.89602,
            40.73524
          ],
          [
            -73.89602,
            40.73524
          ],
          [
            -73.89592,
            40.73525
          ],
          [
            -73.89518,
            40.73539
          ],
          [
            -73.89509,
            40.7354
          ],
          [
            -73.895,
            40.73542
          ],
          [
            -73.89432,
            40.73554
          ],
          [
            -73.89422,
            40.73556
          ],
          [
            -73.89411,
            40.73558
          ],
          [
            -73.89334,
            40.73572
          ],
          [
            -73.89323,
            40.73574
          ],
          [
            -73.89313,
            40.73576
          ],
          [
            -73.89242,
            40.73589
          ],
          [
            -73.89231,
            40.73591
          ],
          [
            -73.89223,
            40.73592
          ],
          [
            -73.89208,
            40.73595
          ],
          [
            -73.89138,
            40.73608
          ],
          [
            -73.89101,
            40.73614
          ],
          [
            -73.89008,
            40.73631
          ],
          [
            -73.88939,
            40.73643
          ],
          [
            -73.88864,
            40.73658
          ],
          [
            -73.88762,
            40.73676
          ],
          [
            -73.88753,
            40.73678
          ],
          [
            -73.88746,
            40.73679
          ],
          [
            -73.88705,
            40.73686
          ],
          [
            -73.88665,
            40.73693
          ],
          [
            -73.88657,
            40.73695
          ],
          [
            -73.8865,
            40.73696
          ],
          [
            -73.88633,
            40.73699
          ],
          [
            -73.88612,
            40.73703
          ],
          [
            -73.88569,
            40.73711
          ],
          [
            -73.88561,
            40.73712
          ],
          [
            -73.88554,
            40.73714
          ],
          [
            -73.88494,
            40.73725
          ],
          [
            -73.88465,
            40.7373
          ],
          [
            -73.88453,
            40.73732
          ],
          [
            -73.88387,
            40.73744
          ],
          [
            -73.88322,
            40.73756
          ],
          [
            -73.88291,
            40.73761
          ],
          [
            -73.88287,
            40.73762
          ],
          [
            -73.88273,
            40.73764
          ],
          [
            -73.88267,
            40.73765
          ],
          [
            -73.88251,
            40.73768
          ],
          [
            -73.88214,
            40.73774
          ],
          [
            -73.88193,
            40.73778
          ],
          [
            -73.8818,
            40.7378
          ],
          [
            -73.8816,
            40.73784
          ],
          [
            -73.8813,
            40.73789
          ],
          [
            -73.88112,
            40.73793
          ],
          [
            -73.88094,
            40.73796
          ],
          [
            -73.88027,
            40.73808
          ],
          [
            -73.87964,
            40.73818
          ],
          [
            -73.87964,
            40.73818
          ],
          [
            -73.87941,
            40.73833
          ],
          [
            -73.87934,
            40.73838
          ],
          [
            -73.87928,
            40.73843
          ],
          [
            -73.87838,
            40.73908
          ],
          [
            -73.87802,
            40.73934
          ],
          [
            -73.87792,
            40.73941
          ],
          [
            -73.87783,
            40.73947
          ],
          [
            -73.87753,
            40.73969
          ],
          [
            -73.87712,
            40.73999
          ],
          [
            -73.87646,
            40.74047
          ],
          [
            -73.87641,
            40.7405
          ],
          [
            -73.87636,
            40.74054
          ],
          [
            -73.87628,
            40.7406
          ],
          [
            -73.87625,
            40.74062
          ],
          [
            -73.87589,
            40.74088
          ],
          [
            -73.87566,
            40.74106
          ],
          [
            -73.87553,
            40.74115
          ],
          [
            -73.87511,
            40.74144
          ],
          [
            -73.87509,
            40.74146
          ],
          [
            -73.87502,
            40.7415
          ],
          [
            -73.87495,
            40.74155
          ],
          [
            -73.87485,
            40.74162
          ],
          [
            -73.87368,
            40.74247
          ],
          [
            -73.87364,
            40.74249
          ],
          [
            -73.87355,
            40.74251
          ],
          [
            -73.87345,
            40.74252
          ],
          [
            -73.87337,
            40.74251
          ],
          [
            -73.87244,
            40.74247
          ],
          [
            -73.87235,
            40.74246
          ],
          [
            -73.87225,
            40.74246
          ],
          [
            -73.87211,
            40.74245
          ],
          [
            -73.87142,
            40.74242
          ],
          [
            -73.87076,
            40.74239
          ],
          [
            -73.87057,
            40.74239
          ],
          [
            -73.87044,
            40.74238
          ],
          [
            -73.87033,
            40.74238
          ],
          [
            -73.87026,
            40.74237
          ],
          [
            -73.8702,
            40.74237
          ],
          [
            -73.87014,
            40.74237
          ],
          [
            -73.87007,
            40.74237
          ],
          [
            -73.87001,
            40.74236
          ],
          [
            -73.87001,
            40.74236
          ],
          [
            -73.87001,
            40.74236
          ],
          [
            -73.86994,
            40.74236
          ],
          [
            -73.86994,
            40.74236
          ],
          [
            -73.86991,
            40.74228
          ],
          [
            -73.86989,
            40.74224
          ],
          [
            -73.86975,
            40.74185
          ],
          [
            -73.86953,
            40.74131
          ],
          [
            -73.86951,
            40.74125
          ],
          [
            -73.86949,
            40.7412
          ],
          [
            -73.86927,
            40.74064
          ],
          [
            -73.86925,
            40.74057
          ],
          [
            -73.86923,
            40.74052
          ],
          [
            -73.86901,
            40.73995
          ],
          [
            -73.86899,
            40.73988
          ],
          [
            -73.86897,
            40.73983
          ],
          [
            -73.86875,
            40.73927
          ],
          [
            -73.86872,
            40.7392
          ],
          [
            -73.8687,
            40.73915
          ],
          [
            -73.86848,
            40.73858
          ],
          [
            -73.86846,
            40.73851
          ],
          [
            -73.86844,
            40.73847
          ],
          [
            -73.86823,
            40.73794
          ],
          [
            -73.86822,
            40.7379
          ],
          [
            -73.86819,
            40.73783
          ],
          [
            -73.86819,
            40.73783
          ],
          [
            -73.86857,
            40.73775
          ],
          [
            -73.87033,
            40.73737
          ],
          [
            -73.87042,
            40.73735
          ],
          [
            -73.87042,
            40.73735
          ],
          [
            -73.87039,
            40.73729
          ],
          [
            -73.87013,
            40.73661
          ],
          [
            -73.8701,
            40.73652
          ],
          [
            -73.87007,
            40.73646
          ],
          [
            -73.86976,
            40.73558
          ],
          [
            -73.86973,
            40.7355
          ],
          [
            -73.8697,
            40.73541
          ],
          [
            -73.86967,
            40.73534
          ],
          [
            -73.86964,
            40.73527
          ],
          [
            -73.86961,
            40.73519
          ],
          [
            -73.8696,
            40.73517
          ],
          [
            -73.86958,
            40.73512
          ],
          [
            -73.86956,
            40.73508
          ],
          [
            -73.86953,
            40.73499
          ],
          [
            -73.86945,
            40.7348
          ],
          [
            -73.86942,
            40.73474
          ],
          [
            -73.86927,
            40.73436
          ],
          [
            -73.86923,
            40.73425
          ],
          [
            -73.86921,
            40.73422
          ],
          [
            -73.86918,
            40.73414
          ],
          [
            -73.86915,
            40.73407
          ],
          [
            -73.869,
            40.7337
          ],
          [
            -73.86892,
            40.73351
          ],
          [
            -73.8689,
            40.73345
          ],
          [
            -73.8689,
            40.73345
          ],
          [
            -73.86926,
            40.73334
          ],
          [
            -73.86926,
            40.73334
          ],
          [
            -73.86947,
            40.73341
          ],
          [
            -73.87004,
            40.73361
          ],
          [
            -73.87014,
            40.73364
          ],
          [
            -73.87014,
            40.73364
          ],
          [
            -73.87037,
            40.73371
          ],
          [
            -73.87038,
            40.73364
          ],
          [
            -73.8705,
            40.73342
          ],
          [
            -73.87057,
            40.73332
          ],
          [
            -73.87062,
            40.73325
          ],
          [
            -73.87074,
            40.73303
          ],
          [
            -73.871,
            40.73256
          ],
          [
            -73.871,
            40.73256
          ],
          [
            -73.87118,
            40.73247
          ],
          [
            -73.8712,
            40.73246
          ],
          [
            -73.87125,
            40.73244
          ],
          [
            -73.87131,
            40.73243
          ],
          [
            -73.87138,
            40.73242
          ],
          [
            -73.87146,
            40.73242
          ],
          [
            -73.87155,
            40.73243
          ],
          [
            -73.87203,
            40.73248
          ],
          [
            -73.87213,
            40.73249
          ],
          [
            -73.8722,
            40.73249
          ],
          [
            -73.87227,
            40.73248
          ],
          [
            -73.87234,
            40.73247
          ],
          [
            -73.87239,
            40.73244
          ],
          [
            -73.87245,
            40.73241
          ],
          [
            -73.8725,
            40.73239
          ],
          [
            -73.87255,
            40.73234
          ],
          [
            -73.8731,
            40.73176
          ],
          [
            -73.87319,
            40.73167
          ],
          [
            -73.87328,
            40.73158
          ],
          [
            -73.87337,
            40.7315
          ],
          [
            -73.87347,
            40.73144
          ],
          [
            -73.87357,
            40.73137
          ],
          [
            -73.87368,
            40.73132
          ],
          [
            -73.87378,
            40.73128
          ],
          [
            -73.87389,
            40.73123
          ],
          [
            -73.8742,
            40.73112
          ],
          [
            -73.87443,
            40.73106
          ],
          [
            -73.87466,
            40.731
          ],
          [
            -73.8749,
            40.73094
          ],
          [
            -73.87514,
            40.73088
          ],
          [
            -73.87576,
            40.73073
          ],
          [
            -73.8759,
            40.73069
          ],
          [
            -73.87607,
            40.73065
          ],
          [
            -73.87626,
            40.73059
          ],
          [
            -73.87644,
            40.73053
          ],
          [
            -73.87662,
            40.73046
          ],
          [
            -73.8768,
            40.73039
          ],
          [
            -73.87699,
            40.73031
          ],
          [
            -73.87916,
            40.72942
          ],
          [
            -73.87934,
            40.72935
          ],
          [
            -73.87951,
            40.72929
          ],
          [
            -73.87968,
            40.72923
          ],
          [
            -73.87986,
            40.72918
          ],
          [
            -73.88003,
            40.72913
          ],
          [
            -73.88021,
            40.72908
          ],
          [
            -73.88038,
            40.72904
          ],
          [
            -73.88055,
            40.729
          ],
          [
            -73.88072,
            40.72897
          ],
          [
            -73.88087,
            40.72894
          ],
          [
            -73.88103,
            40.72891
          ],
          [
            -73.88118,
            40.72889
          ],
          [
            -73.88134,
            40.72887
          ],
          [
            -73.88149,
            40.72885
          ],
          [
            -73.88166,
            40.72884
          ],
          [
            -73.88195,
            40.72882
          ],
          [
            -73.88247,
            40.72878
          ],
          [
            -73.88467,
            40.72861
          ],
          [
            -73.88494,
            40.72858
          ],
          [
            -73.88515,
            40.72856
          ],
          [
            -73.88527,
            40.72854
          ],
          [
            -73.88527,
            40.72854
          ],
          [
            -73.88573,
            40.72849
          ],
          [
            -73.88608,
            40.72843
          ],
          [
            -73.88631,
            40.72838
          ],
          [
            -73.88647,
            40.72834
          ],
          [
            -73.88663,
            40.7283
          ],
          [
            -73.88682,
            40.72824
          ],
          [
            -73.88699,
            40.72818
          ],
          [
            -73.88722,
            40.72808
          ],
          [
            -73.88743,
            40.728
          ],
          [
            -73.88756,
            40.72794
          ],
          [
            -73.88775,
            40.72784
          ],
          [
            -73.88793,
            40.72774
          ],
          [
            -73.8881,
            40.72765
          ],
          [
            -73.88829,
            40.72753
          ],
          [
            -73.88938,
            40.72685
          ],
          [
            -73.8896,
            40.72672
          ],
          [
            -73.88979,
            40.72661
          ],
          [
            -73.89001,
            40.72649
          ],
          [
            -73.89026,
            40.72637
          ],
          [
            -73.89053,
            40.72625
          ],
          [
            -73.89096,
            40.72613
          ],
          [
            -73.89096,
            40.72613
          ],
          [
            -73.89121,
            40.72603
          ],
          [
            -73.89145,
            40.72595
          ],
          [
            -73.89176,
            40.72587
          ],
          [
            -73.89205,
            40.72579
          ],
          [
            -73.89233,
            40.72573
          ],
          [
            -73.89261,
            40.72567
          ],
          [
            -73.89292,
            40.72562
          ],
          [
            -73.89319,
            40.72558
          ],
          [
            -73.89348,
            40.72555
          ],
          [
            -73.89377,
            40.72553
          ],
          [
            -73.89397,
            40.72552
          ],
          [
            -73.8942,
            40.72551
          ],
          [
            -73.89435,
            40.72551
          ],
          [
            -73.89451,
            40.72552
          ],
          [
            -73.89466,
            40.72552
          ],
          [
            -73.89487,
            40.72553
          ],
          [
            -73.89494,
            40.72553
          ],
          [
            -73.89508,
            40.72554
          ],
          [
            -73.89521,
            40.72555
          ],
          [
            -73.89572,
            40.72561
          ],
          [
            -73.89585,
            40.72562
          ],
          [
            -73.89585,
            40.72562
          ],
          [
            -73.89599,
            40.72556
          ],
          [
            -73.89651,
            40.72527
          ],
          [
            -73.89671,
            40.72517
          ],
          [
            -73.89682,
            40.72512
          ],
          [
            -73.89696,
            40.72505
          ],
          [
            -73.8972,
            40.72492
          ],
          [
            -73.89806,
            40.72449
          ],
          [
            -73.89836,
            40.72433
          ],
          [
            -73.89844,
            40.72429
          ],
          [
            -73.89852,
            40.72426
          ],
          [
            -73.89867,
            40.72417
          ],
          [
            -73.89869,
            40.72416
          ],
          [
            -73.89883,
            40.72409
          ],
          [
            -73.89954,
            40.72372
          ],
          [
            -73.89961,
            40.72368
          ],
          [
            -73.89968,
            40.72365
          ],
          [
            -73.89992,
            40.72353
          ],
          [
            -73.90062,
            40.72317
          ],
          [
            -73.90062,
            40.72317
          ],
          [
            -73.90125,
            40.72278
          ],
          [
            -73.90143,
            40.72266
          ],
          [
            -73.9015,
            40.72262
          ],
          [
            -73.90158,
            40.72257
          ],
          [
            -73.90182,
            40.72242
          ],
          [
            -73.90227,
            40.72215
          ],
          [
            -73.90312,
            40.72163
          ],
          [
            -73.90312,
            40.72163
          ],
          [
            -73.90309,
            40.72154
          ],
          [
            -73.90309,
            40.72152
          ],
          [
            -73.90301,
            40.72125
          ],
          [
            -73.90257,
            40.71965
          ],
          [
            -73.90252,
            40.71947
          ],
          [
            -73.9025,
            40.71941
          ],
          [
            -73.90249,
            40.71937
          ],
          [
            -73.90243,
            40.71916
          ],
          [
            -73.9024,
            40.71904
          ],
          [
            -73.90233,
            40.71882
          ],
          [
            -73.90229,
            40.71868
          ],
          [
            -73.90218,
            40.71828
          ],
          [
            -73.90214,
            40.71811
          ],
          [
            -73.90213,
            40.71808
          ],
          [
            -73.9021,
            40.718
          ],
          [
            -73.90209,
            40.71795
          ],
          [
            -73.90184,
            40.71703
          ],
          [
            -73.90182,
            40.71697
          ],
          [
            -73.9018,
            40.71689
          ],
          [
            -73.90175,
            40.71673
          ],
          [
            -73.90167,
            40.71646
          ],
          [
            -73.90163,
            40.71632
          ],
          [
            -73.90162,
            40.71626
          ],
          [
            -73.90159,
            40.71617
          ],
          [
            -73.90155,
            40.71603
          ],
          [
            -73.90146,
            40.71572
          ],
          [
            -73.90144,
            40.71565
          ],
          [
            -73.90143,
            40.71559
          ],
          [
            -73.90138,
            40.71541
          ],
          [
            -73.90126,
            40.71498
          ],
          [
            -73.9012,
            40.71477
          ],
          [
            -73.90119,
            40.71473
          ],
          [
            -73.90116,
            40.71462
          ],
          [
            -73.90114,
            40.71454
          ],
          [
            -73.90105,
            40.71425
          ],
          [
            -73.90103,
            40.71417
          ],
          [
            -73.90095,
            40.71388
          ],
          [
            -73.90094,
            40.71384
          ],
          [
            -73.90089,
            40.71368
          ],
          [
            -73.90075,
            40.71317
          ],
          [
            -73.90075,
            40.71316
          ],
          [
            -73.90063,
            40.71278
          ],
          [
            -73.90059,
            40.7127
          ],
          [
            -73.90056,
            40.71263
          ],
          [
            -73.90051,
            40.71254
          ],
          [
            -73.90051,
            40.71253
          ],
          [
            -73.90049,
            40.7125
          ],
          [
            -73.90046,
            40.71244
          ],
          [
            -73.90039,
            40.7123
          ],
          [
            -73.90034,
            40.71221
          ],
          [
            -73.90031,
            40.71214
          ],
          [
            -73.90022,
            40.71198
          ],
          [
            -73.90019,
            40.7119
          ],
          [
            -73.90017,
            40.71187
          ],
          [
            -73.90009,
            40.71171
          ],
          [
            -73.89986,
            40.71127
          ],
          [
            -73.89983,
            40.71122
          ],
          [
            -73.89975,
            40.71106
          ],
          [
            -73.89971,
            40.71098
          ],
          [
            -73.89968,
            40.71093
          ],
          [
            -73.89948,
            40.71056
          ],
          [
            -73.89944,
            40.71048
          ],
          [
            -73.89939,
            40.71039
          ],
          [
            -73.89936,
            40.71032
          ],
          [
            -73.89932,
            40.71027
          ],
          [
            -73.89895,
            40.70974
          ],
          [
            -73.89891,
            40.70968
          ],
          [
            -73.89887,
            40.70963
          ],
          [
            -73.89876,
            40.70948
          ],
          [
            -73.8985,
            40.7091
          ],
          [
            -73.89845,
            40.70904
          ],
          [
            -73.89842,
            40.70899
          ],
          [
            -73.89805,
            40.70847
          ],
          [
            -73.898,
            40.7084
          ],
          [
            -73.89797,
            40.70835
          ],
          [
            -73.89784,
            40.70816
          ],
          [
            -73.89774,
            40.70802
          ],
          [
            -73.8976,
            40.70782
          ],
          [
            -73.89756,
            40.70776
          ],
          [
            -73.89754,
            40.70771
          ],
          [
            -73.89726,
            40.70715
          ],
          [
            -73.89723,
            40.7071
          ],
          [
            -73.89721,
            40.70704
          ],
          [
            -73.89697,
            40.70657
          ],
          [
            -73.89694,
            40.7065
          ],
          [
            -73.89692,
            40.70646
          ],
          [
            -73.89689,
            40.70639
          ],
          [
            -73.8967,
            40.70601
          ],
          [
            -73.8966,
            40.70582
          ],
          [
            -73.89657,
            40.70577
          ],
          [
            -73.89656,
            40.70573
          ],
          [
            -73.89648,
            40.70557
          ],
          [
            -73.89634,
            40.70529
          ],
          [
            -73.89631,
            40.70522
          ],
          [
            -73.89628,
            40.70516
          ],
          [
            -73.89602,
            40.70464
          ],
          [
            -73.89599,
            40.70458
          ],
          [
            -73.89597,
            40.70453
          ],
          [
            -73.89581,
            40.7042
          ],
          [
            -73.89573,
            40.70403
          ],
          [
            -73.8957,
            40.70396
          ],
          [
            -73.8957,
            40.70396
          ],
          [
            -73.8958,
            40.70393
          ],
          [
            -73.89752,
            40.70345
          ],
          [
            -73.89757,
            40.70344
          ],
          [
            -73.89765,
            40.70342
          ],
          [
            -73.89773,
            40.70339
          ],
          [
            -73.89939,
            40.70291
          ],
          [
            -73.89946,
            40.70289
          ],
          [
            -73.89952,
            40.70287
          ],
          [
            -73.89958,
            40.70286
          ],
          [
            -73.9009,
            40.70248
          ],
          [
            -73.90099,
            40.70245
          ],
          [
            -73.90108,
            40.70243
          ],
          [
            -73.90137,
            40.70235
          ],
          [
            -73.90145,
            40.70232
          ],
          [
            -73.90147,
            40.70231
          ],
          [
            -73.9018,
            40.70212
          ],
          [
            -73.90214,
            40.70192
          ],
          [
            -73.90287,
            40.7015
          ],
          [
            -73.90295,
            40.70146
          ],
          [
            -73.90302,
            40.70142
          ],
          [
            -73.9041,
            40.70079
          ],
          [
            -73.90419,
            40.70074
          ],
          [
            -73.90419,
            40.70074
          ],
          [
            -73.90427,
            40.70078
          ],
          [
            -73.90463,
            40.701
          ],
          [
            -73.90467,
            40.70102
          ],
          [
            -73.90473,
            40.70106
          ],
          [
            -73.9048,
            40.7011
          ],
          [
            -73.9048,
            40.7011
          ],
          [
            -73.9048,
            40.7011
          ],
          [
            -73.90473,
            40.70106
          ],
          [
            -73.90473,
            40.70106
          ],
          [
            -73.90466,
            40.70112
          ],
          [
            -73.90386,
            40.70192
          ],
          [
            -73.90381,
            40.70197
          ],
          [
            -73.90376,
            40.70202
          ],
          [
            -73.90334,
            40.70243
          ],
          [
            -73.90269,
            40.70305
          ],
          [
            -73.90264,
            40.7031
          ],
          [
            -73.90259,
            40.70315
          ],
          [
            -73.90177,
            40.70395
          ],
          [
            -73.90174,
            40.70399
          ],
          [
            -73.90167,
            40.70405
          ],
          [
            -73.90167,
            40.70405
          ],
          [
            -73.90179,
            40.70433
          ],
          [
            -73.90182,
            40.70439
          ],
          [
            -73.90186,
            40.70449
          ],
          [
            -73.90201,
            40.70486
          ],
          [
            -73.90206,
            40.70499
          ],
          [
            -73.9021,
            40.7051
          ],
          [
            -73.90212,
            40.70515
          ],
          [
            -73.90215,
            40.70522
          ],
          [
            -73.90233,
            40.70561
          ],
          [
            -73.90237,
            40.70568
          ],
          [
            -73.90241,
            40.70576
          ],
          [
            -73.90245,
            40.70584
          ],
          [
            -73.90245,
            40.70584
          ],
          [
            -73.90237,
            40.70586
          ],
          [
            -73.90038,
            40.70633
          ],
          [
            -73.90035,
            40.70634
          ],
          [
            -73.90027,
            40.70636
          ],
          [
            -73.90019,
            40.70638
          ],
          [
            -73.89733,
            40.70706
          ],
          [
            -73.89723,
            40.7071
          ],
          [
            -73.89723,
            40.7071
          ],
          [
            -73.89726,
            40.70715
          ],
          [
            -73.89754,
            40.70771
          ],
          [
            -73.89756,
            40.70776
          ],
          [
            -73.8976,
            40.70782
          ],
          [
            -73.89774,
            40.70802
          ],
          [
            -73.89784,
            40.70816
          ],
          [
            -73.89797,
            40.70835
          ],
          [
            -73.898,
            40.7084
          ],
          [
            -73.89805,
            40.70847
          ],
          [
            -73.89842,
            40.70899
          ],
          [
            -73.89845,
            40.70904
          ],
          [
            -73.8985,
            40.7091
          ],
          [
            -73.89876,
            40.70948
          ],
          [
            -73.89887,
            40.70963
          ],
          [
            -73.89891,
            40.70968
          ],
          [
            -73.89895,
            40.70974
          ],
          [
            -73.89932,
            40.71027
          ],
          [
            -73.89936,
            40.71032
          ],
          [
            -73.89939,
            40.71039
          ],
          [
            -73.89944,
            40.71048
          ],
          [
            -73.89948,
            40.71056
          ],
          [
            -73.89968,
            40.71093
          ],
          [
            -73.89971,
            40.71098
          ],
          [
            -73.89975,
            40.71106
          ],
          [
            -73.89983,
            40.71122
          ],
          [
            -73.89986,
            40.71127
          ],
          [
            -73.90009,
            40.71171
          ],
          [
            -73.90017,
            40.71187
          ],
          [
            -73.90019,
            40.7119
          ],
          [
            -73.90022,
            40.71198
          ],
          [
            -73.90031,
            40.71214
          ],
          [
            -73.90034,
            40.71221
          ],
          [
            -73.90039,
            40.7123
          ],
          [
            -73.90046,
            40.71244
          ],
          [
            -73.90049,
            40.7125
          ],
          [
            -73.90051,
            40.71253
          ],
          [
            -73.90051,
            40.71254
          ],
          [
            -73.90056,
            40.71263
          ],
          [
            -73.90059,
            40.7127
          ],
          [
            -73.90063,
            40.71278
          ],
          [
            -73.90075,
            40.71316
          ],
          [
            -73.90075,
            40.71317
          ],
          [
            -73.90089,
            40.71368
          ],
          [
            -73.90094,
            40.71384
          ],
          [
            -73.90095,
            40.71388
          ],
          [
            -73.90103,
            40.71417
          ],
          [
            -73.90105,
            40.71425
          ],
          [
            -73.90114,
            40.71454
          ],
          [
            -73.90116,
            40.71462
          ],
          [
            -73.90119,
            40.71473
          ],
          [
            -73.9012,
            40.71477
          ],
          [
            -73.90126,
            40.71498
          ],
          [
            -73.90138,
            40.71541
          ],
          [
            -73.90143,
            40.71559
          ],
          [
            -73.90144,
            40.71565
          ],
          [
            -73.90146,
            40.71572
          ],
          [
            -73.90155,
            40.71603
          ],
          [
            -73.90159,
            40.71617
          ],
          [
            -73.90162,
            40.71626
          ],
          [
            -73.90163,
            40.71632
          ],
          [
            -73.90167,
            40.71646
          ],
          [
            -73.90175,
            40.71673
          ],
          [
            -73.9018,
            40.71689
          ],
          [
            -73.90182,
            40.71697
          ],
          [
            -73.90184,
            40.71703
          ],
          [
            -73.90209,
            40.71795
          ],
          [
            -73.9021,
            40.718
          ],
          [
            -73.90213,
            40.71808
          ],
          [
            -73.90214,
            40.71811
          ],
          [
            -73.90218,
            40.71828
          ],
          [
            -73.90229,
            40.71868
          ],
          [
            -73.90233,
            40.71882
          ],
          [
            -73.9024,
            40.71904
          ],
          [
            -73.90243,
            40.71916
          ],
          [
            -73.90249,
            40.71937
          ],
          [
            -73.9025,
            40.71941
          ],
          [
            -73.90252,
            40.71947
          ],
          [
            -73.90257,
            40.71965
          ],
          [
            -73.90301,
            40.72125
          ],
          [
            -73.90309,
            40.72152
          ],
          [
            -73.90309,
            40.72154
          ],
          [
            -73.90312,
            40.72163
          ],
          [
            -73.90312,
            40.72163
          ],
          [
            -73.90227,
            40.72215
          ],
          [
            -73.90182,
            40.72242
          ],
          [
            -73.90158,
            40.72257
          ],
          [
            -73.9015,
            40.72262
          ],
          [
            -73.90143,
            40.72266
          ],
          [
            -73.90125,
            40.72278
          ],
          [
            -73.90062,
            40.72317
          ],
          [
            -73.90062,
            40.72317
          ],
          [
            -73.89992,
            40.72353
          ],
          [
            -73.89968,
            40.72365
          ],
          [
            -73.89961,
            40.72368
          ],
          [
            -73.89954,
            40.72372
          ],
          [
            -73.89883,
            40.72409
          ],
          [
            -73.89869,
            40.72416
          ],
          [
            -73.89867,
            40.72417
          ],
          [
            -73.89852,
            40.72426
          ],
          [
            -73.89844,
            40.72429
          ],
          [
            -73.89836,
            40.72433
          ],
          [
            -73.89806,
            40.72449
          ],
          [
            -73.8972,
            40.72492
          ],
          [
            -73.89696,
            40.72505
          ],
          [
            -73.89682,
            40.72512
          ],
          [
            -73.89671,
            40.72517
          ],
          [
            -73.89651,
            40.72527
          ],
          [
            -73.89599,
            40.72556
          ],
          [
            -73.89585,
            40.72562
          ],
          [
            -73.89548,
            40.72583
          ],
          [
            -73.89546,
            40.72584
          ],
          [
            -73.89532,
            40.72592
          ],
          [
            -73.89532,
            40.72592
          ],
          [
            -73.89534,
            40.72597
          ],
          [
            -73.89535,
            40.72603
          ],
          [
            -73.89535,
            40.72606
          ],
          [
            -73.89536,
            40.7261
          ],
          [
            -73.89537,
            40.72631
          ],
          [
            -73.89541,
            40.72679
          ],
          [
            -73.8955,
            40.72779
          ],
          [
            -73.89559,
            40.72891
          ],
          [
            -73.8956,
            40.72896
          ],
          [
            -73.8956,
            40.72903
          ],
          [
            -73.89562,
            40.72926
          ],
          [
            -73.89564,
            40.72954
          ],
          [
            -73.89565,
            40.7297
          ],
          [
            -73.89566,
            40.72978
          ],
          [
            -73.8957,
            40.73038
          ],
          [
            -73.89574,
            40.73083
          ],
          [
            -73.89577,
            40.73114
          ],
          [
            -73.89579,
            40.73145
          ],
          [
            -73.8958,
            40.73151
          ],
          [
            -73.8958,
            40.73157
          ],
          [
            -73.89581,
            40.73161
          ],
          [
            -73.89585,
            40.7321
          ],
          [
            -73.89585,
            40.73213
          ],
          [
            -73.89585,
            40.73218
          ],
          [
            -73.89586,
            40.73224
          ],
          [
            -73.89591,
            40.73288
          ],
          [
            -73.89595,
            40.73343
          ],
          [
            -73.89596,
            40.73351
          ],
          [
            -73.89596,
            40.73357
          ],
          [
            -73.89597,
            40.73361
          ],
          [
            -73.89597,
            40.73367
          ],
          [
            -73.89601,
            40.73426
          ],
          [
            -73.89605,
            40.7347
          ],
          [
            -73.89604,
            40.73479
          ],
          [
            -73.89603,
            40.73493
          ],
          [
            -73.89603,
            40.73498
          ],
          [
            -73.89602,
            40.73503
          ],
          [
            -73.89602,
            40.73524
          ],
          [
            -73.89602,
            40.73524
          ],
          [
            -73.89592,
            40.73525
          ],
          [
            -73.89518,
            40.73539
          ],
          [
            -73.89509,
            40.7354
          ],
          [
            -73.895,
            40.73542
          ],
          [
            -73.89432,
            40.73554
          ],
          [
            -73.89422,
            40.73556
          ],
          [
            -73.89411,
            40.73558
          ],
          [
            -73.89334,
            40.73572
          ],
          [
            -73.89323,
            40.73574
          ],
          [
            -73.89313,
            40.73576
          ],
          [
            -73.89242,
            40.73589
          ],
          [
            -73.89231,
            40.73591
          ],
          [
            -73.89223,
            40.73592
          ],
          [
            -73.89208,
            40.73595
          ],
          [
            -73.89138,
            40.73608
          ],
          [
            -73.89101,
            40.73614
          ],
          [
            -73.89008,
            40.73631
          ],
          [
            -73.88939,
            40.73643
          ],
          [
            -73.88864,
            40.73658
          ],
          [
            -73.88762,
            40.73676
          ],
          [
            -73.88753,
            40.73678
          ],
          [
            -73.88746,
            40.73679
          ],
          [
            -73.88705,
            40.73686
          ],
          [
            -73.88665,
            40.73693
          ],
          [
            -73.88657,
            40.73695
          ],
          [
            -73.8865,
            40.73696
          ],
          [
            -73.88633,
            40.73699
          ],
          [
            -73.88612,
            40.73703
          ],
          [
            -73.88569,
            40.73711
          ],
          [
            -73.88561,
            40.73712
          ],
          [
            -73.88554,
            40.73714
          ],
          [
            -73.88494,
            40.73725
          ],
          [
            -73.88465,
            40.7373
          ],
          [
            -73.88453,
            40.73732
          ],
          [
            -73.88387,
            40.73744
          ],
          [
            -73.88322,
            40.73756
          ],
          [
            -73.88291,
            40.73761
          ],
          [
            -73.88287,
            40.73762
          ],
          [
            -73.88273,
            40.73764
          ],
          [
            -73.88267,
            40.73765
          ],
          [
            -73.88251,
            40.73768
          ],
          [
            -73.88214,
            40.73774
          ],
          [
            -73.88193,
            40.73778
          ],
          [
            -73.8818,
            40.7378
          ],
          [
            -73.8816,
            40.73784
          ],
          [
            -73.8813,
            40.73789
          ],
          [
            -73.88112,
            40.73793
          ],
          [
            -73.88094,
            40.73796
          ],
          [
            -73.88027,
            40.73808
          ],
          [
            -73.87964,
            40.73818
          ],
          [
            -73.87964,
            40.73818
          ],
          [
            -73.87941,
            40.73833
          ],
          [
            -73.87934,
            40.73838
          ],
          [
            -73.87928,
            40.73843
          ],
          [
            -73.87838,
            40.73908
          ],
          [
            -73.87802,
            40.73934
          ],
          [
            -73.87792,
            40.73941
          ],
          [
            -73.87783,
            40.73947
          ],
          [
            -73.87753,
            40.73969
          ],
          [
            -73.87712,
            40.73999
          ],
          [
            -73.87646,
            40.74047
          ],
          [
            -73.87641,
            40.7405
          ],
          [
            -73.87636,
            40.74054
          ],
          [
            -73.87628,
            40.7406
          ],
          [
            -73.87625,
            40.74062
          ],
          [
            -73.87589,
            40.74088
          ],
          [
            -73.87566,
            40.74106
          ],
          [
            -73.87553,
            40.74115
          ],
          [
            -73.87511,
            40.74144
          ],
          [
            -73.87509,
            40.74146
          ],
          [
            -73.87502,
            40.7415
          ],
          [
            -73.87495,
            40.74155
          ],
          [
            -73.87493,
            40.74157
          ],
          [
            -73.87493,
            40.74157
          ],
          [
            -73.87493,
            40.74157
          ],
          [
            -73.87495,
            40.74155
          ],
          [
            -73.87502,
            40.7415
          ],
          [
            -73.87509,
            40.74146
          ],
          [
            -73.87511,
            40.74144
          ],
          [
            -73.87553,
            40.74115
          ],
          [
            -73.87566,
            40.74106
          ],
          [
            -73.87589,
            40.74088
          ],
          [
            -73.87625,
            40.74062
          ],
          [
            -73.87628,
            40.7406
          ],
          [
            -73.87636,
            40.74054
          ],
          [
            -73.87641,
            40.7405
          ],
          [
            -73.87646,
            40.74047
          ],
          [
            -73.87712,
            40.73999
          ],
          [
            -73.87753,
            40.73969
          ],
          [
            -73.87783,
            40.73947
          ],
          [
            -73.87792,
            40.73941
          ],
          [
            -73.87802,
            40.73934
          ],
          [
            -73.87838,
            40.73908
          ],
          [
            -73.87928,
            40.73843
          ],
          [
            -73.87934,
            40.73838
          ],
          [
            -73.87934,
            40.73838
          ],
          [
            -73.87928,
            40.73825
          ],
          [
            -73.87928,
            40.73819
          ],
          [
            -73.87937,
            40.73742
          ],
          [
            -73.87938,
            40.73735
          ],
          [
            -73.87938,
            40.7373
          ],
          [
            -73.87939,
            40.73723
          ],
          [
            -73.87941,
            40.73709
          ],
          [
            -73.87942,
            40.73703
          ],
          [
            -73.87943,
            40.73697
          ],
          [
            -73.87944,
            40.73692
          ],
          [
            -73.87952,
            40.73615
          ],
          [
            -73.87952,
            40.73612
          ],
          [
            -73.87954,
            40.73601
          ],
          [
            -73.87954,
            40.73601
          ],
          [
            -73.88026,
            40.73582
          ],
          [
            -73.88044,
            40.73577
          ],
          [
            -73.88052,
            40.73575
          ],
          [
            -73.88063,
            40.73572
          ],
          [
            -73.88082,
            40.73567
          ],
          [
            -73.88099,
            40.73562
          ],
          [
            -73.88103,
            40.73561
          ],
          [
            -73.88108,
            40.73559
          ],
          [
            -73.88111,
            40.73557
          ],
          [
            -73.88117,
            40.73553
          ],
          [
            -73.88139,
            40.73538
          ],
          [
            -73.8817,
            40.73516
          ],
          [
            -73.88181,
            40.73509
          ],
          [
            -73.88183,
            40.73508
          ],
          [
            -73.88201,
            40.73495
          ],
          [
            -73.88204,
            40.73493
          ],
          [
            -73.88211,
            40.73488
          ],
          [
            -73.88217,
            40.73483
          ],
          [
            -73.88297,
            40.73428
          ],
          [
            -73.88348,
            40.73392
          ],
          [
            -73.88373,
            40.73365
          ],
          [
            -73.88376,
            40.73362
          ],
          [
            -73.88377,
            40.73361
          ],
          [
            -73.88381,
            40.73356
          ],
          [
            -73.88384,
            40.73351
          ],
          [
            -73.88411,
            40.7331
          ],
          [
            -73.8845,
            40.73245
          ],
          [
            -73.88453,
            40.73239
          ],
          [
            -73.88456,
            40.73234
          ],
          [
            -73.88468,
            40.73214
          ],
          [
            -73.8847,
            40.7321
          ],
          [
            -73.88472,
            40.73207
          ],
          [
            -73.88478,
            40.73197
          ],
          [
            -73.88484,
            40.73187
          ],
          [
            -73.8852,
            40.73131
          ],
          [
            -73.88532,
            40.73115
          ],
          [
            -73.88538,
            40.73108
          ],
          [
            -73.88545,
            40.73102
          ],
          [
            -73.88552,
            40.73098
          ],
          [
            -73.88558,
            40.73095
          ],
          [
            -73.88564,
            40.73092
          ],
          [
            -73.88617,
            40.73067
          ],
          [
            -73.88637,
            40.73057
          ],
          [
            -73.88659,
            40.73047
          ],
          [
            -73.8867,
            40.73042
          ],
          [
            -73.88685,
            40.73037
          ],
          [
            -73.88695,
            40.73034
          ],
          [
            -73.88706,
            40.73032
          ],
          [
            -73.88741,
            40.73024
          ],
          [
            -73.88752,
            40.73021
          ],
          [
            -73.88752,
            40.73021
          ],
          [
            -73.88753,
            40.73012
          ],
          [
            -73.88733,
            40.72944
          ],
          [
            -73.88727,
            40.72915
          ],
          [
            -73.88723,
            40.72894
          ],
          [
            -73.88721,
            40.7287
          ],
          [
            -73.8872,
            40.72862
          ],
          [
            -73.8872,
            40.72855
          ],
          [
            -73.88719,
            40.72822
          ],
          [
            -73.88719,
            40.72822
          ],
          [
            -73.88732,
            40.72817
          ],
          [
            -73.88763,
            40.72804
          ],
          [
            -73.88782,
            40.72795
          ],
          [
            -73.888,
            40.72786
          ],
          [
            -73.8882,
            40.72776
          ],
          [
            -73.8884,
            40.72764
          ],
          [
            -73.88881,
            40.72738
          ],
          [
            -73.88921,
            40.72712
          ],
          [
            -73.88957,
            40.72687
          ],
          [
            -73.88979,
            40.72673
          ],
          [
            -73.89002,
            40.72659
          ],
          [
            -73.89024,
            40.72647
          ],
          [
            -73.8904,
            40.72639
          ],
          [
            -73.89059,
            40.7263
          ],
          [
            -73.89096,
            40.72613
          ],
          [
            -73.89121,
            40.72603
          ],
          [
            -73.89145,
            40.72595
          ],
          [
            -73.89176,
            40.72587
          ],
          [
            -73.89205,
            40.72579
          ],
          [
            -73.89233,
            40.72573
          ],
          [
            -73.89261,
            40.72567
          ],
          [
            -73.89292,
            40.72562
          ],
          [
            -73.89319,
            40.72558
          ],
          [
            -73.89348,
            40.72555
          ],
          [
            -73.89377,
            40.72553
          ],
          [
            -73.89397,
            40.72552
          ],
          [
            -73.8942,
            40.72551
          ],
          [
            -73.89435,
            40.72551
          ],
          [
            -73.89451,
            40.72552
          ],
          [
            -73.89466,
            40.72552
          ],
          [
            -73.89487,
            40.72553
          ],
          [
            -73.89494,
            40.72553
          ],
          [
            -73.89508,
            40.72554
          ],
          [
            -73.89521,
            40.72555
          ],
          [
            -73.89572,
            40.72561
          ],
          [
            -73.89585,
            40.72562
          ],
          [
            -73.89585,
            40.72562
          ],
          [
            -73.89599,
            40.72556
          ],
          [
            -73.89651,
            40.72527
          ],
          [
            -73.89671,
            40.72517
          ],
          [
            -73.89682,
            40.72512
          ],
          [
            -73.89696,
            40.72505
          ],
          [
            -73.8972,
            40.72492
          ],
          [
            -73.89806,
            40.72449
          ],
          [
            -73.89836,
            40.72433
          ],
          [
            -73.89844,
            40.72429
          ],
          [
            -73.89852,
            40.72426
          ],
          [
            -73.89867,
            40.72417
          ],
          [
            -73.89869,
            40.72416
          ],
          [
            -73.89883,
            40.72409
          ],
          [
            -73.89954,
            40.72372
          ],
          [
            -73.89961,
            40.72368
          ],
          [
            -73.89968,
            40.72365
          ],
          [
            -73.89992,
            40.72353
          ],
          [
            -73.90062,
            40.72317
          ],
          [
            -73.90062,
            40.72317
          ],
          [
            -73.90125,
            40.72278
          ],
          [
            -73.90143,
            40.72266
          ],
          [
            -73.9015,
            40.72262
          ],
          [
            -73.90158,
            40.72257
          ],
          [
            -73.90182,
            40.72242
          ],
          [
            -73.90227,
            40.72215
          ],
          [
            -73.90312,
            40.72163
          ],
          [
            -73.90324,
            40.72155
          ],
          [
            -73.90356,
            40.72136
          ],
          [
            -73.90366,
            40.7213
          ],
          [
            -73.90398,
            40.72111
          ],
          [
            -73.90402,
            40.72108
          ],
          [
            -73.9041,
            40.72103
          ],
          [
            -73.90417,
            40.72099
          ],
          [
            -73.90427,
            40.72092
          ],
          [
            -73.90458,
            40.72073
          ],
          [
            -73.90478,
            40.72061
          ],
          [
            -73.90492,
            40.72052
          ],
          [
            -73.90534,
            40.72026
          ],
          [
            -73.90559,
            40.72011
          ],
          [
            -73.9059,
            40.71991
          ],
          [
            -73.90613,
            40.71978
          ],
          [
            -73.90684,
            40.71933
          ],
          [
            -73.90709,
            40.71918
          ],
          [
            -73.90737,
            40.71906
          ],
          [
            -73.90768,
            40.71893
          ],
          [
            -73.90787,
            40.71883
          ],
          [
            -73.90807,
            40.71873
          ],
          [
            -73.90829,
            40.71859
          ],
          [
            -73.90833,
            40.71857
          ],
          [
            -73.90841,
            40.71852
          ],
          [
            -73.9086,
            40.71841
          ],
          [
            -73.90901,
            40.71817
          ],
          [
            -73.9101,
            40.71759
          ],
          [
            -73.91037,
            40.71744
          ],
          [
            -73.9105,
            40.71736
          ],
          [
            -73.91064,
            40.71725
          ],
          [
            -73.91104,
            40.7169
          ],
          [
            -73.91126,
            40.71672
          ],
          [
            -73.91146,
            40.71654
          ],
          [
            -73.91151,
            40.71649
          ],
          [
            -73.91161,
            40.71637
          ],
          [
            -73.91163,
            40.71634
          ],
          [
            -73.91193,
            40.71602
          ],
          [
            -73.91215,
            40.71581
          ],
          [
            -73.91236,
            40.71563
          ],
          [
            -73.91254,
            40.71553
          ],
          [
            -73.91278,
            40.71542
          ],
          [
            -73.91298,
            40.71533
          ],
          [
            -73.91317,
            40.71514
          ],
          [
            -73.91326,
            40.71507
          ],
          [
            -73.91348,
            40.71491
          ],
          [
            -73.91351,
            40.71488
          ],
          [
            -73.91356,
            40.71485
          ],
          [
            -73.9141,
            40.71451
          ],
          [
            -73.91424,
            40.71442
          ],
          [
            -73.91431,
            40.71437
          ],
          [
            -73.91492,
            40.71403
          ],
          [
            -73.91507,
            40.71393
          ],
          [
            -73.91511,
            40.7139
          ],
          [
            -73.9152,
            40.71378
          ],
          [
            -73.91552,
            40.71358
          ],
          [
            -73.91568,
            40.7135
          ],
          [
            -73.91586,
            40.71342
          ],
          [
            -73.91607,
            40.71335
          ],
          [
            -73.91614,
            40.71332
          ],
          [
            -73.91621,
            40.7133
          ],
          [
            -73.91629,
            40.71328
          ],
          [
            -73.91643,
            40.71323
          ],
          [
            -73.91783,
            40.71281
          ],
          [
            -73.91799,
            40.71276
          ],
          [
            -73.91812,
            40.71269
          ],
          [
            -73.91841,
            40.71253
          ],
          [
            -73.91846,
            40.7125
          ],
          [
            -73.91854,
            40.71245
          ],
          [
            -73.9186,
            40.71241
          ],
          [
            -73.91864,
            40.71239
          ],
          [
            -73.91927,
            40.71201
          ],
          [
            -73.91951,
            40.71184
          ],
          [
            -73.91962,
            40.71174
          ],
          [
            -73.91981,
            40.71153
          ],
          [
            -73.91986,
            40.71146
          ],
          [
            -73.91991,
            40.71141
          ],
          [
            -73.92042,
            40.71087
          ],
          [
            -73.92074,
            40.71054
          ],
          [
            -73.92161,
            40.70969
          ],
          [
            -73.92183,
            40.70947
          ],
          [
            -73.9219,
            40.7094
          ],
          [
            -73.9219,
            40.7094
          ],
          [
            -73.92181,
            40.70935
          ],
          [
            -73.92144,
            40.70913
          ],
          [
            -73.92085,
            40.70878
          ],
          [
            -73.92078,
            40.70874
          ],
          [
            -73.9207,
            40.70869
          ],
          [
            -73.92065,
            40.70866
          ],
          [
            -73.92004,
            40.7083
          ],
          [
            -73.91995,
            40.70825
          ],
          [
            -73.9199,
            40.70822
          ],
          [
            -73.91958,
            40.70803
          ],
          [
            -73.91957,
            40.70802
          ],
          [
            -73.91929,
            40.70786
          ],
          [
            -73.91922,
            40.70782
          ],
          [
            -73.91916,
            40.70778
          ],
          [
            -73.91884,
            40.70759
          ],
          [
            -73.9186,
            40.70745
          ],
          [
            -73.91855,
            40.70742
          ],
          [
            -73.91848,
            40.70738
          ],
          [
            -73.91842,
            40.70734
          ],
          [
            -73.91838,
            40.70732
          ],
          [
            -73.91811,
            40.70716
          ],
          [
            -73.91808,
            40.70715
          ],
          [
            -73.91781,
            40.70698
          ],
          [
            -73.91774,
            40.70694
          ],
          [
            -73.91768,
            40.7069
          ],
          [
            -73.91737,
            40.70672
          ],
          [
            -73.91707,
            40.70654
          ],
          [
            -73.917,
            40.7065
          ],
          [
            -73.91694,
            40.70646
          ],
          [
            -73.91665,
            40.70629
          ],
          [
            -73.91661,
            40.70627
          ],
          [
            -73.91633,
            40.70611
          ],
          [
            -73.91625,
            40.70606
          ],
          [
            -73.9162,
            40.70603
          ],
          [
            -73.91591,
            40.70586
          ],
          [
            -73.91558,
            40.70567
          ],
          [
            -73.91551,
            40.70563
          ],
          [
            -73.91546,
            40.7056
          ],
          [
            -73.91484,
            40.70523
          ],
          [
            -73.91477,
            40.70519
          ],
          [
            -73.91471,
            40.70516
          ],
          [
            -73.91411,
            40.70479
          ],
          [
            -73.91404,
            40.70476
          ],
          [
            -73.91398,
            40.70472
          ],
          [
            -73.91337,
            40.70436
          ],
          [
            -73.9133,
            40.70432
          ],
          [
            -73.91323,
            40.70428
          ],
          [
            -73.91262,
            40.70392
          ],
          [
            -73.91256,
            40.70388
          ],
          [
            -73.91249,
            40.70384
          ],
          [
            -73.91188,
            40.70348
          ],
          [
            -73.91181,
            40.70344
          ],
          [
            -73.91175,
            40.7034
          ],
          [
            -73.91114,
            40.70304
          ],
          [
            -73.91107,
            40.703
          ],
          [
            -73.91101,
            40.70296
          ],
          [
            -73.9104,
            40.7026
          ],
          [
            -73.91033,
            40.70256
          ],
          [
            -73.91027,
            40.70252
          ],
          [
            -73.90966,
            40.70216
          ],
          [
            -73.90959,
            40.70212
          ],
          [
            -73.90959,
            40.70212
          ],
          [
            -73.90964,
            40.70207
          ],
          [
            -73.91039,
            40.70134
          ],
          [
            -73.9106,
            40.70113
          ],
          [
            -73.91062,
            40.70111
          ],
          [
            -73.91068,
            40.70105
          ],
          [
            -73.91074,
            40.701
          ],
          [
            -73.91109,
            40.70064
          ],
          [
            -73.91131,
            40.70042
          ],
          [
            -73.91138,
            40.70036
          ],
          [
            -73.91145,
            40.70029
          ],
          [
            -73.91149,
            40.70025
          ],
          [
            -73.9116,
            40.70014
          ],
          [
            -73.91162,
            40.70012
          ],
          [
            -73.91175,
            40.7
          ],
          [
            -73.91181,
            40.69993
          ],
          [
            -73.91186,
            40.69988
          ],
          [
            -73.91221,
            40.69953
          ],
          [
            -73.91229,
            40.69944
          ],
          [
            -73.91237,
            40.69936
          ],
          [
            -73.91325,
            40.69847
          ],
          [
            -73.91331,
            40.69841
          ],
          [
            -73.91331,
            40.69841
          ],
          [
            -73.91325,
            40.69838
          ],
          [
            -73.91263,
            40.69802
          ],
          [
            -73.91256,
            40.69798
          ],
          [
            -73.91256,
            40.69798
          ],
          [
            -73.9125,
            40.69804
          ],
          [
            -73.91182,
            40.69873
          ],
          [
            -73.91178,
            40.69878
          ],
          [
            -73.91173,
            40.69883
          ],
          [
            -73.9115,
            40.69905
          ],
          [
            -73.91122,
            40.69934
          ],
          [
            -73.91122,
            40.69934
          ],
          [
            -73.91122,
            40.69934
          ],
          [
            -73.91118,
            40.69939
          ],
          [
            -73.91112,
            40.69945
          ],
          [
            -73.91107,
            40.69951
          ],
          [
            -73.91107,
            40.69951
          ],
          [
            -73.91097,
            40.69946
          ],
          [
            -73.91058,
            40.69925
          ],
          [
            -73.90997,
            40.69891
          ],
          [
            -73.90989,
            40.69887
          ],
          [
            -73.9097,
            40.69876
          ],
          [
            -73.90961,
            40.69871
          ],
          [
            -73.90953,
            40.69868
          ],
          [
            -73.90953,
            40.69868
          ],
          [
            -73.90947,
            40.69873
          ],
          [
            -73.90929,
            40.69892
          ],
          [
            -73.90838,
            40.6998
          ],
          [
            -73.9083,
            40.69988
          ],
          [
            -73.90819,
            40.69999
          ],
          [
            -73.90742,
            40.70075
          ],
          [
            -73.90736,
            40.7008
          ],
          [
            -73.90736,
            40.7008
          ],
          [
            -73.90743,
            40.70085
          ],
          [
            -73.90805,
            40.70121
          ],
          [
            -73.9081,
            40.70124
          ],
          [
            -73.90818,
            40.70128
          ],
          [
            -73.90877,
            40.70163
          ],
          [
            -73.90884,
            40.70168
          ],
          [
            -73.90894,
            40.70173
          ],
          [
            -73.90953,
            40.70209
          ],
          [
            -73.90959,
            40.70212
          ],
          [
            -73.90966,
            40.70216
          ],
          [
            -73.91027,
            40.70252
          ],
          [
            -73.91033,
            40.70256
          ],
          [
            -73.9104,
            40.7026
          ],
          [
            -73.91101,
            40.70296
          ],
          [
            -73.91107,
            40.703
          ],
          [
            -73.91114,
            40.70304
          ],
          [
            -73.91175,
            40.7034
          ],
          [
            -73.91181,
            40.70344
          ],
          [
            -73.91188,
            40.70348
          ],
          [
            -73.91249,
            40.70384
          ],
          [
            -73.91256,
            40.70388
          ],
          [
            -73.91262,
            40.70392
          ],
          [
            -73.91323,
            40.70428
          ],
          [
            -73.9133,
            40.70432
          ],
          [
            -73.91337,
            40.70436
          ],
          [
            -73.91398,
            40.70472
          ],
          [
            -73.91404,
            40.70476
          ],
          [
            -73.91411,
            40.70479
          ],
          [
            -73.91471,
            40.70516
          ],
          [
            -73.91477,
            40.70519
          ],
          [
            -73.91484,
            40.70523
          ],
          [
            -73.91546,
            40.7056
          ],
          [
            -73.91551,
            40.70563
          ],
          [
            -73.91558,
            40.70567
          ],
          [
            -73.91591,
            40.70586
          ],
          [
            -73.9162,
            40.70603
          ],
          [
            -73.91625,
            40.70606
          ],
          [
            -73.91633,
            40.70611
          ],
          [
            -73.91661,
            40.70627
          ],
          [
            -73.91665,
            40.70629
          ],
          [
            -73.91694,
            40.70646
          ],
          [
            -73.917,
            40.7065
          ],
          [
            -73.91707,
            40.70654
          ],
          [
            -73.91737,
            40.70672
          ],
          [
            -73.91768,
            40.7069
          ],
          [
            -73.91774,
            40.70694
          ],
          [
            -73.91781,
            40.70698
          ],
          [
            -73.91808,
            40.70715
          ],
          [
            -73.91811,
            40.70716
          ],
          [
            -73.91838,
            40.70732
          ],
          [
            -73.91842,
            40.70734
          ],
          [
            -73.91848,
            40.70738
          ],
          [
            -73.91855,
            40.70742
          ],
          [
            -73.9186,
            40.70745
          ],
          [
            -73.91884,
            40.70759
          ],
          [
            -73.91916,
            40.70778
          ],
          [
            -73.91922,
            40.70782
          ],
          [
            -73.91929,
            40.70786
          ],
          [
            -73.91957,
            40.70802
          ],
          [
            -73.91958,
            40.70803
          ],
          [
            -73.9199,
            40.70822
          ],
          [
            -73.91995,
            40.70825
          ],
          [
            -73.92004,
            40.7083
          ],
          [
            -73.92065,
            40.70866
          ],
          [
            -73.9207,
            40.70869
          ],
          [
            -73.92078,
            40.70874
          ],
          [
            -73.92085,
            40.70878
          ],
          [
            -73.92144,
            40.70913
          ],
          [
            -73.92181,
            40.70935
          ],
          [
            -73.9219,
            40.7094
          ],
          [
            -73.9219,
            40.7094
          ],
          [
            -73.92183,
            40.70947
          ],
          [
            -73.92161,
            40.70969
          ],
          [
            -73.92074,
            40.71054
          ],
          [
            -73.92042,
            40.71087
          ],
          [
            -73.91991,
            40.71141
          ],
          [
            -73.91986,
            40.71146
          ],
          [
            -73.91981,
            40.71153
          ],
          [
            -73.91962,
            40.71174
          ],
          [
            -73.91951,
            40.71184
          ],
          [
            -73.91927,
            40.71201
          ],
          [
            -73.91864,
            40.71239
          ],
          [
            -73.9186,
            40.71241
          ],
          [
            -73.91854,
            40.71245
          ],
          [
            -73.91846,
            40.7125
          ],
          [
            -73.91841,
            40.71253
          ],
          [
            -73.91812,
            40.71269
          ],
          [
            -73.91799,
            40.71276
          ],
          [
            -73.91783,
            40.71281
          ],
          [
            -73.91643,
            40.71323
          ],
          [
            -73.91629,
            40.71328
          ],
          [
            -73.91621,
            40.7133
          ],
          [
            -73.91614,
            40.71332
          ],
          [
            -73.91607,
            40.71335
          ],
          [
            -73.91586,
            40.71342
          ],
          [
            -73.91568,
            40.7135
          ],
          [
            -73.91552,
            40.71358
          ],
          [
            -73.9152,
            40.71378
          ],
          [
            -73.91511,
            40.7139
          ],
          [
            -73.91507,
            40.71393
          ],
          [
            -73.91492,
            40.71403
          ],
          [
            -73.91431,
            40.71437
          ],
          [
            -73.91424,
            40.71442
          ],
          [
            -73.9141,
            40.71451
          ],
          [
            -73.91356,
            40.71485
          ],
          [
            -73.91351,
            40.71488
          ],
          [
            -73.91348,
            40.71491
          ],
          [
            -73.91326,
            40.71507
          ],
          [
            -73.91317,
            40.71514
          ],
          [
            -73.91279,
            40.71533
          ],
          [
            -73.91235,
            40.71554
          ],
          [
            -73.91218,
            40.71568
          ],
          [
            -73.91189,
            40.71595
          ],
          [
            -73.91151,
            40.71635
          ],
          [
            -73.91149,
            40.71638
          ],
          [
            -73.91141,
            40.71646
          ],
          [
            -73.91132,
            40.71655
          ],
          [
            -73.91114,
            40.71672
          ],
          [
            -73.91092,
            40.71691
          ],
          [
            -73.91058,
            40.7172
          ],
          [
            -73.91046,
            40.71729
          ],
          [
            -73.91034,
            40.71737
          ],
          [
            -73.91005,
            40.71753
          ],
          [
            -73.90947,
            40.71783
          ],
          [
            -73.90861,
            40.71829
          ],
          [
            -73.90833,
            40.71845
          ],
          [
            -73.90789,
            40.71869
          ],
          [
            -73.90762,
            40.71884
          ],
          [
            -73.90732,
            40.71901
          ],
          [
            -73.90709,
            40.71918
          ],
          [
            -73.90684,
            40.71933
          ],
          [
            -73.90613,
            40.71978
          ],
          [
            -73.9059,
            40.71991
          ],
          [
            -73.90559,
            40.72011
          ],
          [
            -73.90534,
            40.72026
          ],
          [
            -73.90492,
            40.72052
          ],
          [
            -73.90478,
            40.72061
          ],
          [
            -73.90458,
            40.72073
          ],
          [
            -73.90427,
            40.72092
          ],
          [
            -73.90417,
            40.72099
          ],
          [
            -73.9041,
            40.72103
          ],
          [
            -73.90402,
            40.72108
          ],
          [
            -73.90398,
            40.72111
          ],
          [
            -73.90366,
            40.7213
          ],
          [
            -73.90356,
            40.72136
          ],
          [
            -73.90324,
            40.72155
          ],
          [
            -73.90312,
            40.72163
          ],
          [
            -73.90227,
            40.72215
          ],
          [
            -73.90182,
            40.72242
          ],
          [
            -73.90158,
            40.72257
          ],
          [
            -73.9015,
            40.72262
          ],
          [
            -73.90143,
            40.72266
          ],
          [
            -73.90125,
            40.72278
          ],
          [
            -73.90062,
            40.72317
          ],
          [
            -73.90062,
            40.72317
          ],
          [
            -73.89992,
            40.72353
          ],
          [
            -73.89968,
            40.72365
          ],
          [
            -73.89961,
            40.72368
          ],
          [
            -73.89954,
            40.72372
          ],
          [
            -73.89883,
            40.72409
          ],
          [
            -73.89869,
            40.72416
          ],
          [
            -73.89867,
            40.72417
          ],
          [
            -73.89852,
            40.72426
          ],
          [
            -73.89844,
            40.72429
          ],
          [
            -73.89836,
            40.72433
          ],
          [
            -73.89806,
            40.72449
          ],
          [
            -73.8972,
            40.72492
          ],
          [
            -73.89696,
            40.72505
          ],
          [
            -73.89682,
            40.72512
          ],
          [
            -73.89671,
            40.72517
          ],
          [
            -73.89651,
            40.72527
          ],
          [
            -73.89599,
            40.72556
          ],
          [
            -73.89585,
            40.72562
          ],
          [
            -73.89548,
            40.72583
          ],
          [
            -73.89546,
            40.72584
          ],
          [
            -73.89532,
            40.72592
          ],
          [
            -73.89532,
            40.72592
          ],
          [
            -73.89534,
            40.72597
          ],
          [
            -73.89535,
            40.72603
          ],
          [
            -73.89535,
            40.72606
          ],
          [
            -73.89536,
            40.7261
          ],
          [
            -73.89537,
            40.72631
          ],
          [
            -73.89541,
            40.72679
          ],
          [
            -73.8955,
            40.72779
          ],
          [
            -73.89559,
            40.72891
          ],
          [
            -73.8956,
            40.72896
          ],
          [
            -73.8956,
            40.72903
          ],
          [
            -73.89562,
            40.72926
          ],
          [
            -73.89564,
            40.72954
          ],
          [
            -73.89565,
            40.7297
          ],
          [
            -73.89566,
            40.72978
          ],
          [
            -73.8957,
            40.73038
          ],
          [
            -73.89574,
            40.73083
          ],
          [
            -73.89577,
            40.73114
          ],
          [
            -73.89579,
            40.73145
          ],
          [
            -73.8958,
            40.73151
          ],
          [
            -73.8958,
            40.73157
          ],
          [
            -73.89581,
            40.73161
          ],
          [
            -73.89585,
            40.7321
          ],
          [
            -73.89585,
            40.73213
          ],
          [
            -73.89585,
            40.73218
          ],
          [
            -73.89586,
            40.73224
          ],
          [
            -73.89591,
            40.73288
          ],
          [
            -73.89595,
            40.73343
          ],
          [
            -73.89596,
            40.73351
          ],
          [
            -73.89596,
            40.73357
          ],
          [
            -73.89597,
            40.73361
          ],
          [
            -73.89597,
            40.73367
          ],
          [
            -73.89601,
            40.73426
          ],
          [
            -73.89605,
            40.7347
          ],
          [
            -73.89604,
            40.73479
          ],
          [
            -73.89603,
            40.73493
          ],
          [
            -73.89603,
            40.73498
          ],
          [
            -73.89602,
            40.73503
          ],
          [
            -73.89602,
            40.73524
          ],
          [
            -73.89602,
            40.73524
          ],
          [
            -73.89592,
            40.73525
          ],
          [
            -73.89518,
            40.73539
          ],
          [
            -73.89509,
            40.7354
          ],
          [
            -73.895,
            40.73542
          ],
          [
            -73.89432,
            40.73554
          ],
          [
            -73.89422,
            40.73556
          ],
          [
            -73.89411,
            40.73558
          ],
          [
            -73.89334,
            40.73572
          ],
          [
            -73.89323,
            40.73574
          ],
          [
            -73.89313,
            40.73576
          ],
          [
            -73.89242,
            40.73589
          ],
          [
            -73.89231,
            40.73591
          ],
          [
            -73.89223,
            40.73592
          ],
          [
            -73.89208,
            40.73595
          ],
          [
            -73.89138,
            40.73608
          ],
          [
            -73.89101,
            40.73614
          ],
          [
            -73.89008,
            40.73631
          ],
          [
            -73.88939,
            40.73643
          ],
          [
            -73.88864,
            40.73658
          ],
          [
            -73.88762,
            40.73676
          ],
          [
            -73.88753,
            40.73678
          ],
          [
            -73.88746,
            40.73679
          ],
          [
            -73.88705,
            40.73686
          ],
          [
            -73.88665,
            40.73693
          ],
          [
            -73.88657,
            40.73695
          ],
          [
            -73.8865,
            40.73696
          ],
          [
            -73.88633,
            40.73699
          ],
          [
            -73.88612,
            40.73703
          ],
          [
            -73.88569,
            40.73711
          ],
          [
            -73.88561,
            40.73712
          ],
          [
            -73.88554,
            40.73714
          ],
          [
            -73.88494,
            40.73725
          ],
          [
            -73.88465,
            40.7373
          ],
          [
            -73.88453,
            40.73732
          ],
          [
            -73.88387,
            40.73744
          ],
          [
            -73.88322,
            40.73756
          ],
          [
            -73.88291,
            40.73761
          ],
          [
            -73.88287,
            40.73762
          ],
          [
            -73.88273,
            40.73764
          ],
          [
            -73.88267,
            40.73765
          ],
          [
            -73.88251,
            40.73768
          ],
          [
            -73.88214,
            40.73774
          ],
          [
            -73.88193,
            40.73778
          ],
          [
            -73.8818,
            40.7378
          ],
          [
            -73.8816,
            40.73784
          ],
          [
            -73.8813,
            40.73789
          ],
          [
            -73.88112,
            40.73793
          ],
          [
            -73.88094,
            40.73796
          ],
          [
            -73.88027,
            40.73808
          ],
          [
            -73.87964,
            40.73818
          ],
          [
            -73.87964,
            40.73818
          ],
          [
            -73.87941,
            40.73833
          ],
          [
            -73.87934,
            40.73838
          ],
          [
            -73.87928,
            40.73843
          ],
          [
            -73.87838,
            40.73908
          ],
          [
            -73.87802,
            40.73934
          ],
          [
            -73.87792,
            40.73941
          ],
          [
            -73.87783,
            40.73947
          ],
          [
            -73.87753,
            40.73969
          ],
          [
            -73.87712,
            40.73999
          ],
          [
            -73.87646,
            40.74047
          ],
          [
            -73.87641,
            40.7405
          ],
          [
            -73.87636,
            40.74054
          ],
          [
            -73.8763,
            40.74059
          ],
          [
            -73.8763,
            40.74059
          ],
          [
            -73.8763,
            40.74059
          ],
          [
            -73.87636,
            40.74054
          ],
          [
            -73.87641,
            40.7405
          ],
          [
            -73.87646,
            40.74047
          ],
          [
            -73.87712,
            40.73999
          ],
          [
            -73.87753,
            40.73969
          ],
          [
            -73.87783,
            40.73947
          ],
          [
            -73.87792,
            40.73941
          ],
          [
            -73.87792,
            40.73941
          ],
          [
            -73.87786,
            40.73934
          ],
          [
            -73.87782,
            40.73928
          ],
          [
            -73.87772,
            40.73911
          ],
          [
            -73.8777,
            40.73907
          ],
          [
            -73.8777,
            40.73907
          ],
          [
            -73.8777,
            40.73907
          ],
          [
            -73.87747,
            40.73867
          ],
          [
            -73.87743,
            40.73861
          ],
          [
            -73.87741,
            40.73855
          ],
          [
            -73.87724,
            40.73819
          ],
          [
            -73.8772,
            40.73807
          ],
          [
            -73.87719,
            40.73802
          ],
          [
            -73.87718,
            40.73796
          ],
          [
            -73.87718,
            40.73786
          ],
          [
            -73.87718,
            40.73781
          ],
          [
            -73.87719,
            40.73774
          ],
          [
            -73.87721,
            40.73769
          ],
          [
            -73.87724,
            40.7376
          ],
          [
            -73.87725,
            40.73755
          ],
          [
            -73.87732,
            40.73739
          ],
          [
            -73.87736,
            40.73729
          ],
          [
            -73.87744,
            40.73707
          ],
          [
            -73.87746,
            40.73704
          ],
          [
            -73.87747,
            40.73701
          ],
          [
            -73.87754,
            40.73692
          ],
          [
            -73.87758,
            40.73687
          ],
          [
            -73.87764,
            40.73681
          ],
          [
            -73.87764,
            40.73681
          ],
          [
            -73.87773,
            40.7367
          ],
          [
            -73.87778,
            40.73664
          ],
          [
            -73.87783,
            40.73659
          ],
          [
            -73.87786,
            40.73655
          ],
          [
            -73.8779,
            40.73651
          ],
          [
            -73.87792,
            40.73649
          ],
          [
            -73.87796,
            40.73646
          ],
          [
            -73.87801,
            40.73643
          ],
          [
            -73.87807,
            40.7364
          ],
          [
            -73.87814,
            40.73638
          ],
          [
            -73.87825,
            40.73635
          ],
          [
            -73.87851,
            40.73628
          ],
          [
            -73.87863,
            40.73625
          ],
          [
            -73.87867,
            40.73623
          ],
          [
            -73.87876,
            40.73621
          ],
          [
            -73.87905,
            40.73614
          ],
          [
            -73.87917,
            40.73611
          ],
          [
            -73.87954,
            40.73601
          ],
          [
            -73.88026,
            40.73582
          ],
          [
            -73.88044,
            40.73577
          ],
          [
            -73.88052,
            40.73575
          ],
          [
            -73.88063,
            40.73572
          ],
          [
            -73.88082,
            40.73567
          ],
          [
            -73.88087,
            40.73566
          ],
          [
            -73.88087,
            40.73566
          ],
          [
            -73.88087,
            40.73566
          ],
          [
            -73.88099,
            40.73562
          ],
          [
            -73.88103,
            40.73561
          ],
          [
            -73.88108,
            40.73559
          ],
          [
            -73.88111,
            40.73557
          ],
          [
            -73.88117,
            40.73553
          ],
          [
            -73.88139,
            40.73538
          ],
          [
            -73.8817,
            40.73516
          ],
          [
            -73.88181,
            40.73509
          ],
          [
            -73.88183,
            40.73508
          ],
          [
            -73.88201,
            40.73495
          ],
          [
            -73.88204,
            40.73493
          ],
          [
            -73.88204,
            40.73493
          ],
          [
            -73.88204,
            40.73493
          ],
          [
            -73.88211,
            40.73488
          ],
          [
            -73.88217,
            40.73483
          ],
          [
            -73.88297,
            40.73428
          ],
          [
            -73.88348,
            40.73392
          ],
          [
            -73.88373,
            40.73365
          ],
          [
            -73.88376,
            40.73362
          ],
          [
            -73.88377,
            40.73361
          ],
          [
            -73.88381,
            40.73356
          ],
          [
            -73.88384,
            40.73351
          ],
          [
            -73.88411,
            40.7331
          ],
          [
            -73.8845,
            40.73245
          ],
          [
            -73.88453,
            40.73239
          ],
          [
            -73.88456,
            40.73234
          ],
          [
            -73.88468,
            40.73214
          ],
          [
            -73.88469,
            40.73213
          ],
          [
            -73.88469,
            40.73213
          ],
          [
            -73.88469,
            40.73213
          ],
          [
            -73.8847,
            40.7321
          ],
          [
            -73.88472,
            40.73207
          ],
          [
            -73.88478,
            40.73197
          ],
          [
            -73.88484,
            40.73187
          ],
          [
            -73.8852,
            40.73131
          ],
          [
            -73.88532,
            40.73115
          ],
          [
            -73.88538,
            40.73108
          ],
          [
            -73.88545,
            40.73102
          ],
          [
            -73.88552,
            40.73098
          ],
          [
            -73.88558,
            40.73095
          ],
          [
            -73.88564,
            40.73092
          ],
          [
            -73.88593,
            40.73078
          ],
          [
            -73.88593,
            40.73078
          ],
          [
            -73.88593,
            40.73078
          ],
          [
            -73.88617,
            40.73067
          ],
          [
            -73.88637,
            40.73057
          ],
          [
            -73.88659,
            40.73047
          ],
          [
            -73.8867,
            40.73042
          ],
          [
            -73.88685,
            40.73037
          ],
          [
            -73.88695,
            40.73034
          ],
          [
            -73.88706,
            40.73032
          ],
          [
            -73.88741,
            40.73024
          ],
          [
            -73.88752,
            40.73021
          ],
          [
            -73.88763,
            40.73019
          ],
          [
            -73.88805,
            40.7301
          ],
          [
            -73.88812,
            40.73008
          ],
          [
            -73.88849,
            40.73
          ],
          [
            -73.88857,
            40.72999
          ],
          [
            -73.88924,
            40.72983
          ],
          [
            -73.88937,
            40.72979
          ],
          [
            -73.88975,
            40.72969
          ],
          [
            -73.88981,
            40.72965
          ],
          [
            -73.88987,
            40.7296
          ],
          [
            -73.88996,
            40.72952
          ],
          [
            -73.89002,
            40.72946
          ],
          [
            -73.89007,
            40.7294
          ],
          [
            -73.89021,
            40.72926
          ],
          [
            -73.89024,
            40.72923
          ],
          [
            -73.89024,
            40.72923
          ],
          [
            -73.89024,
            40.72923
          ],
          [
            -73.8908,
            40.72868
          ],
          [
            -73.89086,
            40.72861
          ],
          [
            -73.89091,
            40.72856
          ],
          [
            -73.89095,
            40.72851
          ],
          [
            -73.89105,
            40.72842
          ],
          [
            -73.89118,
            40.72835
          ],
          [
            -73.8913,
            40.72829
          ],
          [
            -73.89142,
            40.72823
          ],
          [
            -73.89153,
            40.72817
          ],
          [
            -73.89161,
            40.72813
          ],
          [
            -73.89182,
            40.72801
          ],
          [
            -73.89182,
            40.72801
          ],
          [
            -73.89182,
            40.72801
          ],
          [
            -73.89221,
            40.7278
          ],
          [
            -73.89229,
            40.72776
          ],
          [
            -73.89235,
            40.72773
          ],
          [
            -73.89295,
            40.72743
          ],
          [
            -73.89312,
            40.7273
          ],
          [
            -73.8932,
            40.72725
          ],
          [
            -73.89327,
            40.72719
          ],
          [
            -73.89333,
            40.72716
          ],
          [
            -73.89386,
            40.72682
          ],
          [
            -73.89432,
            40.72655
          ],
          [
            -73.89436,
            40.72652
          ],
          [
            -73.8944,
            40.7265
          ],
          [
            -73.89444,
            40.72649
          ],
          [
            -73.89465,
            40.72637
          ],
          [
            -73.89468,
            40.72635
          ],
          [
            -73.89471,
            40.72633
          ],
          [
            -73.89482,
            40.72626
          ],
          [
            -73.89482,
            40.72623
          ],
          [
            -73.89517,
            40.72601
          ],
          [
            -73.89522,
            40.72599
          ],
          [
            -73.89532,
            40.72592
          ],
          [
            -73.89546,
            40.72584
          ],
          [
            -73.89548,
            40.72583
          ],
          [
            -73.89575,
            40.72568
          ],
          [
            -73.89575,
            40.72568
          ],
          [
            -73.89575,
            40.72568
          ],
          [
            -73.89585,
            40.72562
          ],
          [
            -73.89599,
            40.72556
          ],
          [
            -73.89651,
            40.72527
          ],
          [
            -73.89671,
            40.72517
          ],
          [
            -73.89682,
            40.72512
          ],
          [
            -73.89696,
            40.72505
          ],
          [
            -73.8972,
            40.72492
          ],
          [
            -73.89729,
            40.72488
          ],
          [
            -73.89729,
            40.72488
          ],
          [
            -73.89729,
            40.72488
          ],
          [
            -73.89806,
            40.72449
          ],
          [
            -73.89836,
            40.72433
          ],
          [
            -73.89844,
            40.72429
          ],
          [
            -73.89852,
            40.72426
          ],
          [
            -73.89867,
            40.72417
          ],
          [
            -73.89869,
            40.72416
          ],
          [
            -73.89875,
            40.72413
          ],
          [
            -73.89875,
            40.72413
          ],
          [
            -73.89875,
            40.72413
          ],
          [
            -73.89883,
            40.72409
          ],
          [
            -73.89954,
            40.72372
          ],
          [
            -73.89961,
            40.72368
          ],
          [
            -73.89968,
            40.72365
          ],
          [
            -73.89976,
            40.72361
          ],
          [
            -73.89976,
            40.72361
          ],
          [
            -73.89976,
            40.72361
          ],
          [
            -73.89992,
            40.72353
          ],
          [
            -73.90062,
            40.72317
          ],
          [
            -73.90062,
            40.72317
          ],
          [
            -73.90125,
            40.72278
          ],
          [
            -73.90143,
            40.72266
          ],
          [
            -73.9015,
            40.72262
          ],
          [
            -73.90158,
            40.72257
          ],
          [
            -73.90182,
            40.72242
          ],
          [
            -73.90184,
            40.72241
          ],
          [
            -73.90184,
            40.72241
          ],
          [
            -73.90184,
            40.72241
          ],
          [
            -73.90227,
            40.72215
          ],
          [
            -73.90312,
            40.72163
          ],
          [
            -73.90312,
            40.72163
          ],
          [
            -73.90309,
            40.72154
          ],
          [
            -73.90309,
            40.72152
          ],
          [
            -73.90301,
            40.72125
          ],
          [
            -73.90257,
            40.71965
          ],
          [
            -73.90252,
            40.71947
          ],
          [
            -73.9025,
            40.71941
          ],
          [
            -73.90249,
            40.71937
          ],
          [
            -73.90243,
            40.71916
          ],
          [
            -73.9024,
            40.71904
          ],
          [
            -73.9024,
            40.71904
          ],
          [
            -73.90248,
            40.71903
          ],
          [
            -73.90248,
            40.71903
          ],
          [
            -73.90248,
            40.71903
          ],
          [
            -73.9024,
            40.71904
          ],
          [
            -73.9024,
            40.71904
          ],
          [
            -73.90233,
            40.71882
          ],
          [
            -73.90229,
            40.71868
          ],
          [
            -73.90218,
            40.71828
          ],
          [
            -73.90214,
            40.71811
          ],
          [
            -73.90213,
            40.7181
          ],
          [
            -73.90213,
            40.7181
          ],
          [
            -73.90213,
            40.7181
          ],
          [
            -73.90213,
            40.71808
          ],
          [
            -73.9021,
            40.718
          ],
          [
            -73.90209,
            40.71795
          ],
          [
            -73.90184,
            40.71703
          ],
          [
            -73.90182,
            40.71697
          ],
          [
            -73.9018,
            40.71689
          ],
          [
            -73.90178,
            40.71685
          ],
          [
            -73.90178,
            40.71685
          ],
          [
            -73.90178,
            40.71685
          ],
          [
            -73.90175,
            40.71673
          ],
          [
            -73.90167,
            40.71646
          ],
          [
            -73.90163,
            40.71632
          ],
          [
            -73.90162,
            40.71626
          ],
          [
            -73.90159,
            40.71617
          ],
          [
            -73.90155,
            40.71603
          ],
          [
            -73.90146,
            40.71572
          ],
          [
            -73.90144,
            40.71565
          ],
          [
            -73.90143,
            40.71559
          ],
          [
            -73.90138,
            40.71541
          ],
          [
            -73.90126,
            40.71498
          ],
          [
            -73.9012,
            40.71478
          ],
          [
            -73.9012,
            40.71478
          ],
          [
            -73.9012,
            40.71478
          ],
          [
            -73.9012,
            40.71477
          ],
          [
            -73.90119,
            40.71473
          ],
          [
            -73.90116,
            40.71462
          ],
          [
            -73.90114,
            40.71454
          ],
          [
            -73.90105,
            40.71425
          ],
          [
            -73.90103,
            40.71417
          ],
          [
            -73.90095,
            40.71388
          ],
          [
            -73.90094,
            40.71384
          ],
          [
            -73.90089,
            40.71368
          ],
          [
            -73.90075,
            40.71317
          ],
          [
            -73.90075,
            40.71316
          ],
          [
            -73.90063,
            40.71278
          ],
          [
            -73.90059,
            40.7127
          ],
          [
            -73.90056,
            40.71263
          ],
          [
            -73.90051,
            40.71254
          ],
          [
            -73.90051,
            40.71253
          ],
          [
            -73.90051,
            40.71253
          ],
          [
            -73.90062,
            40.71251
          ],
          [
            -73.9007,
            40.71248
          ],
          [
            -73.9007,
            40.71248
          ],
          [
            -73.9007,
            40.71248
          ],
          [
            -73.90062,
            40.71251
          ],
          [
            -73.90051,
            40.71253
          ],
          [
            -73.90051,
            40.71253
          ],
          [
            -73.90049,
            40.7125
          ],
          [
            -73.90046,
            40.71244
          ],
          [
            -73.90039,
            40.7123
          ],
          [
            -73.90034,
            40.71221
          ],
          [
            -73.90031,
            40.71214
          ],
          [
            -73.90022,
            40.71198
          ],
          [
            -73.90019,
            40.7119
          ],
          [
            -73.90017,
            40.71187
          ],
          [
            -73.90009,
            40.71171
          ],
          [
            -73.89986,
            40.71127
          ],
          [
            -73.89983,
            40.71122
          ],
          [
            -73.89975,
            40.71106
          ],
          [
            -73.89971,
            40.71098
          ],
          [
            -73.89968,
            40.71093
          ],
          [
            -73.89948,
            40.71056
          ],
          [
            -73.89944,
            40.71048
          ],
          [
            -73.89939,
            40.71039
          ],
          [
            -73.89936,
            40.71032
          ],
          [
            -73.89932,
            40.71027
          ],
          [
            -73.89895,
            40.70974
          ],
          [
            -73.89891,
            40.70968
          ],
          [
            -73.89887,
            40.70963
          ],
          [
            -73.89876,
            40.70948
          ],
          [
            -73.89872,
            40.70942
          ],
          [
            -73.89872,
            40.70942
          ],
          [
            -73.89872,
            40.70942
          ],
          [
            -73.8985,
            40.7091
          ],
          [
            -73.89845,
            40.70904
          ],
          [
            -73.89842,
            40.70899
          ],
          [
            -73.89805,
            40.70847
          ],
          [
            -73.898,
            40.7084
          ],
          [
            -73.89797,
            40.70835
          ],
          [
            -73.89792,
            40.70829
          ],
          [
            -73.89792,
            40.70829
          ],
          [
            -73.89792,
            40.70829
          ],
          [
            -73.89784,
            40.70816
          ],
          [
            -73.89774,
            40.70802
          ],
          [
            -73.8976,
            40.70782
          ],
          [
            -73.89756,
            40.70776
          ],
          [
            -73.89754,
            40.70771
          ],
          [
            -73.89726,
            40.70715
          ],
          [
            -73.89723,
            40.7071
          ],
          [
            -73.89721,
            40.70704
          ],
          [
            -73.89697,
            40.70657
          ],
          [
            -73.89694,
            40.7065
          ],
          [
            -73.89694,
            40.7065
          ],
          [
            -73.89705,
            40.70647
          ],
          [
            -73.89734,
            40.7064
          ],
          [
            -73.89734,
            40.7064
          ],
          [
            -73.89734,
            40.7064
          ],
          [
            -73.89737,
            40.7064
          ],
          [
            -73.898,
            40.70624
          ],
          [
            -73.89895,
            40.70602
          ],
          [
            -73.8999,
            40.70578
          ],
          [
            -73.89996,
            40.70577
          ],
          [
            -73.90005,
            40.70574
          ],
          [
            -73.90084,
            40.70552
          ],
          [
            -73.90197,
            40.70519
          ],
          [
            -73.90204,
            40.70517
          ],
          [
            -73.90212,
            40.70515
          ],
          [
            -73.90212,
            40.70515
          ],
          [
            -73.9021,
            40.7051
          ],
          [
            -73.90206,
            40.70499
          ],
          [
            -73.90201,
            40.70486
          ],
          [
            -73.90201,
            40.70486
          ],
          [
            -73.90207,
            40.70481
          ],
          [
            -73.90213,
            40.70475
          ],
          [
            -73.90224,
            40.70466
          ],
          [
            -73.90229,
            40.70461
          ],
          [
            -73.90234,
            40.70456
          ],
          [
            -73.90329,
            40.70363
          ],
          [
            -73.90334,
            40.70358
          ],
          [
            -73.90338,
            40.70354
          ],
          [
            -73.90343,
            40.70349
          ],
          [
            -73.90363,
            40.70329
          ],
          [
            -73.90363,
            40.70329
          ],
          [
            -73.90363,
            40.70329
          ],
          [
            -73.90449,
            40.70245
          ],
          [
            -73.90454,
            40.7024
          ],
          [
            -73.90459,
            40.70236
          ],
          [
            -73.90479,
            40.70216
          ],
          [
            -73.90479,
            40.70216
          ],
          [
            -73.90479,
            40.70216
          ],
          [
            -73.9054,
            40.70156
          ],
          [
            -73.90547,
            40.70149
          ],
          [
            -73.90552,
            40.70144
          ],
          [
            -73.90652,
            40.70047
          ],
          [
            -73.90656,
            40.70043
          ],
          [
            -73.90662,
            40.70037
          ],
          [
            -73.90662,
            40.70037
          ],
          [
            -73.90633,
            40.70019
          ],
          [
            -73.90622,
            40.70013
          ],
          [
            -73.90622,
            40.70013
          ],
          [
            -73.90636,
            40.70012
          ],
          [
            -73.90712,
            40.70003
          ],
          [
            -73.90712,
            40.70003
          ],
          [
            -73.90709,
            40.69995
          ],
          [
            -73.90712,
            40.69989
          ],
          [
            -73.90732,
            40.6997
          ],
          [
            -73.90732,
            40.6997
          ],
          [
            -73.90732,
            40.6997
          ],
          [
            -73.90868,
            40.69836
          ],
          [
            -73.90869,
            40.69835
          ],
          [
            -73.90869,
            40.69835
          ],
          [
            -73.90869,
            40.69835
          ],
          [
            -73.90872,
            40.69832
          ],
          [
            -73.90878,
            40.69825
          ],
          [
            -73.90883,
            40.6982
          ],
          [
            -73.90925,
            40.69777
          ],
          [
            -73.90947,
            40.69755
          ],
          [
            -73.90951,
            40.6975
          ],
          [
            -73.90951,
            40.6975
          ],
          [
            -73.90959,
            40.69754
          ],
          [
            -73.90963,
            40.69757
          ],
          [
            -73.91021,
            40.69789
          ],
          [
            -73.91027,
            40.69793
          ],
          [
            -73.91033,
            40.69796
          ],
          [
            -73.91065,
            40.69814
          ],
          [
            -73.91071,
            40.69817
          ],
          [
            -73.91102,
            40.69835
          ],
          [
            -73.91132,
            40.69852
          ],
          [
            -73.91132,
            40.69852
          ]
        ]
      }
    },
    {
      "type": "Feature",
      "properties": {
        "route_id": "Q58-W-Morning",
        "layer": "T2 Original"
      },
      "geometry": {
        "type": "LineString",
        "coordinates": [
          [
            -73.82933,
            40.75743
          ],
          [
            -73.82927,
            40.75746
          ],
          [
            -73.82913,
            40.75752
          ],
          [
            -73.82913,
            40.75752
          ],
          [
            -73.8291,
            40.75744
          ],
          [
            -73.8289,
            40.75696
          ],
          [
            -73.82881,
            40.75674
          ],
          [
            -73.82879,
            40.75667
          ],
          [
            -73.82879,
            40.75667
          ],
          [
            -73.82892,
            40.75661
          ],
          [
            -73.82932,
            40.75642
          ],
          [
            -73.82972,
            40.75624
          ],
          [
            -73.83068,
            40.75579
          ],
          [
            -73.83076,
            40.75575
          ],
          [
            -73.83083,
            40.75572
          ],
          [
            -73.83144,
            40.75543
          ],
          [
            -73.83157,
            40.75538
          ],
          [
            -73.83278,
            40.75479
          ],
          [
            -73.83293,
            40.75473
          ],
          [
            -73.83296,
            40.75471
          ],
          [
            -73.83306,
            40.75469
          ],
          [
            -73.83306,
            40.75469
          ],
          [
            -73.83318,
            40.75467
          ],
          [
            -73.83316,
            40.7546
          ],
          [
            -73.83308,
            40.75434
          ],
          [
            -73.83308,
            40.75434
          ],
          [
            -73.83308,
            40.75434
          ],
          [
            -73.83304,
            40.75421
          ],
          [
            -73.83292,
            40.75382
          ],
          [
            -73.8329,
            40.75378
          ],
          [
            -73.83288,
            40.75371
          ],
          [
            -73.83287,
            40.75367
          ],
          [
            -73.83279,
            40.75342
          ],
          [
            -73.83276,
            40.75328
          ],
          [
            -73.83271,
            40.75315
          ],
          [
            -73.83268,
            40.75302
          ],
          [
            -73.83266,
            40.75297
          ],
          [
            -73.83251,
            40.75247
          ],
          [
            -73.83249,
            40.75239
          ],
          [
            -73.83247,
            40.75232
          ],
          [
            -73.83245,
            40.75227
          ],
          [
            -73.83238,
            40.752
          ],
          [
            -73.83238,
            40.752
          ],
          [
            -73.83238,
            40.752
          ],
          [
            -73.83235,
            40.75193
          ],
          [
            -73.83232,
            40.75173
          ],
          [
            -73.83233,
            40.75158
          ],
          [
            -73.83235,
            40.75148
          ],
          [
            -73.83243,
            40.75113
          ],
          [
            -73.83272,
            40.74993
          ],
          [
            -73.83307,
            40.74842
          ],
          [
            -73.83309,
            40.74835
          ],
          [
            -73.83311,
            40.74828
          ],
          [
            -73.83314,
            40.74822
          ],
          [
            -73.83317,
            40.74817
          ],
          [
            -73.83319,
            40.74813
          ],
          [
            -73.83324,
            40.74807
          ],
          [
            -73.8333,
            40.74802
          ],
          [
            -73.83338,
            40.74796
          ],
          [
            -73.83346,
            40.74791
          ],
          [
            -73.83406,
            40.74754
          ],
          [
            -73.8342,
            40.74746
          ],
          [
            -73.83424,
            40.74743
          ],
          [
            -73.83432,
            40.74738
          ],
          [
            -73.83439,
            40.74733
          ],
          [
            -73.83446,
            40.74727
          ],
          [
            -73.83452,
            40.74721
          ],
          [
            -73.83458,
            40.74715
          ],
          [
            -73.83464,
            40.74709
          ],
          [
            -73.83469,
            40.74702
          ],
          [
            -73.83472,
            40.74698
          ],
          [
            -73.83476,
            40.74691
          ],
          [
            -73.83479,
            40.74686
          ],
          [
            -73.83481,
            40.74682
          ],
          [
            -73.83491,
            40.74664
          ],
          [
            -73.83491,
            40.74664
          ],
          [
            -73.83491,
            40.74664
          ],
          [
            -73.83526,
            40.74599
          ],
          [
            -73.83526,
            40.74599
          ],
          [
            -73.83526,
            40.74599
          ],
          [
            -73.83546,
            40.74563
          ],
          [
            -73.8355,
            40.74556
          ],
          [
            -73.83559,
            40.7454
          ],
          [
            -73.83564,
            40.74531
          ],
          [
            -73.83569,
            40.74523
          ],
          [
            -73.83574,
            40.74516
          ],
          [
            -73.83579,
            40.74509
          ],
          [
            -73.83584,
            40.74503
          ],
          [
            -73.83591,
            40.74496
          ],
          [
            -73.83592,
            40.74495
          ],
          [
            -73.83598,
            40.74489
          ],
          [
            -73.83602,
            40.74486
          ],
          [
            -73.83604,
            40.74483
          ],
          [
            -73.83607,
            40.74482
          ],
          [
            -73.83616,
            40.74475
          ],
          [
            -73.83621,
            40.74472
          ],
          [
            -73.83621,
            40.74472
          ],
          [
            -73.83621,
            40.74472
          ],
          [
            -73.83626,
            40.74469
          ],
          [
            -73.83636,
            40.74463
          ],
          [
            -73.83664,
            40.74447
          ],
          [
            -73.83675,
            40.7444
          ],
          [
            -73.83685,
            40.74433
          ],
          [
            -73.83694,
            40.74427
          ],
          [
            -73.83705,
            40.74418
          ],
          [
            -73.83709,
            40.74415
          ],
          [
            -73.83715,
            40.74409
          ],
          [
            -73.8372,
            40.74402
          ],
          [
            -73.8372,
            40.74402
          ],
          [
            -73.83729,
            40.74403
          ],
          [
            -73.83745,
            40.74404
          ],
          [
            -73.83761,
            40.74404
          ],
          [
            -73.83849,
            40.74407
          ],
          [
            -73.83858,
            40.74407
          ],
          [
            -73.83867,
            40.74407
          ],
          [
            -73.83875,
            40.74406
          ],
          [
            -73.83882,
            40.74405
          ],
          [
            -73.8389,
            40.74403
          ],
          [
            -73.83901,
            40.744
          ],
          [
            -73.83909,
            40.74397
          ],
          [
            -73.83916,
            40.74393
          ],
          [
            -73.83924,
            40.74389
          ],
          [
            -73.8393,
            40.74385
          ],
          [
            -73.84117,
            40.74249
          ],
          [
            -73.84139,
            40.74233
          ],
          [
            -73.84159,
            40.7422
          ],
          [
            -73.84183,
            40.74206
          ],
          [
            -73.84206,
            40.74193
          ],
          [
            -73.84231,
            40.7418
          ],
          [
            -73.84255,
            40.74166
          ],
          [
            -73.84276,
            40.74156
          ],
          [
            -73.84296,
            40.74146
          ],
          [
            -73.84386,
            40.74103
          ],
          [
            -73.84422,
            40.74085
          ],
          [
            -73.84458,
            40.74066
          ],
          [
            -73.84494,
            40.74048
          ],
          [
            -73.84502,
            40.74045
          ],
          [
            -73.84532,
            40.74032
          ],
          [
            -73.84582,
            40.74009
          ],
          [
            -73.8461,
            40.73993
          ],
          [
            -73.84668,
            40.73968
          ],
          [
            -73.84668,
            40.73968
          ],
          [
            -73.84715,
            40.7395
          ],
          [
            -73.84722,
            40.73947
          ],
          [
            -73.84731,
            40.73944
          ],
          [
            -73.8474,
            40.73941
          ],
          [
            -73.84781,
            40.73928
          ],
          [
            -73.84793,
            40.73924
          ],
          [
            -73.84804,
            40.73919
          ],
          [
            -73.84813,
            40.73915
          ],
          [
            -73.84821,
            40.7391
          ],
          [
            -73.8483,
            40.73905
          ],
          [
            -73.84869,
            40.73877
          ],
          [
            -73.84892,
            40.73865
          ],
          [
            -73.84902,
            40.73861
          ],
          [
            -73.84917,
            40.73855
          ],
          [
            -73.84931,
            40.73851
          ],
          [
            -73.84991,
            40.73833
          ],
          [
            -73.85041,
            40.73818
          ],
          [
            -73.85041,
            40.73818
          ],
          [
            -73.85041,
            40.73818
          ],
          [
            -73.85085,
            40.73805
          ],
          [
            -73.85096,
            40.73802
          ],
          [
            -73.85115,
            40.73796
          ],
          [
            -73.85183,
            40.73774
          ],
          [
            -73.85183,
            40.73774
          ],
          [
            -73.85183,
            40.73774
          ],
          [
            -73.85186,
            40.73773
          ],
          [
            -73.85193,
            40.73771
          ],
          [
            -73.85204,
            40.73769
          ],
          [
            -73.85204,
            40.73769
          ],
          [
            -73.85208,
            40.73776
          ],
          [
            -73.85209,
            40.73778
          ],
          [
            -73.85212,
            40.73784
          ],
          [
            -73.85218,
            40.73795
          ],
          [
            -73.8522,
            40.73799
          ],
          [
            -73.85224,
            40.73808
          ],
          [
            -73.85225,
            40.7381
          ],
          [
            -73.85242,
            40.73841
          ],
          [
            -73.85276,
            40.73908
          ],
          [
            -73.85282,
            40.73921
          ],
          [
            -73.85287,
            40.73929
          ],
          [
            -73.85291,
            40.73938
          ],
          [
            -73.85297,
            40.73951
          ],
          [
            -73.853,
            40.73956
          ],
          [
            -73.853,
            40.73956
          ],
          [
            -73.853,
            40.73956
          ],
          [
            -73.85306,
            40.73969
          ],
          [
            -73.85329,
            40.7401
          ],
          [
            -73.85334,
            40.74019
          ],
          [
            -73.85339,
            40.74027
          ],
          [
            -73.85369,
            40.74089
          ],
          [
            -73.85371,
            40.74093
          ],
          [
            -73.85379,
            40.74109
          ],
          [
            -73.85379,
            40.74109
          ],
          [
            -73.85365,
            40.74104
          ],
          [
            -73.8536,
            40.74102
          ],
          [
            -73.85357,
            40.74101
          ],
          [
            -73.85357,
            40.74101
          ],
          [
            -73.85357,
            40.74101
          ],
          [
            -73.85264,
            40.74071
          ],
          [
            -73.85264,
            40.74071
          ],
          [
            -73.85262,
            40.74077
          ],
          [
            -73.85244,
            40.74126
          ],
          [
            -73.85242,
            40.74131
          ],
          [
            -73.85239,
            40.74139
          ],
          [
            -73.85239,
            40.74139
          ],
          [
            -73.85287,
            40.74159
          ],
          [
            -73.85334,
            40.74181
          ],
          [
            -73.8534,
            40.74185
          ],
          [
            -73.85348,
            40.74192
          ],
          [
            -73.85368,
            40.74211
          ],
          [
            -73.8539,
            40.74233
          ],
          [
            -73.85421,
            40.7426
          ],
          [
            -73.85433,
            40.7427
          ],
          [
            -73.85433,
            40.7427
          ],
          [
            -73.8545,
            40.74269
          ],
          [
            -73.85463,
            40.74268
          ],
          [
            -73.85463,
            40.74268
          ],
          [
            -73.85467,
            40.74275
          ],
          [
            -73.85468,
            40.74278
          ],
          [
            -73.85471,
            40.74283
          ],
          [
            -73.85491,
            40.74321
          ],
          [
            -73.85492,
            40.74325
          ],
          [
            -73.85496,
            40.74331
          ],
          [
            -73.85496,
            40.74331
          ],
          [
            -73.85522,
            40.74338
          ],
          [
            -73.85575,
            40.74356
          ],
          [
            -73.85587,
            40.7436
          ],
          [
            -73.85589,
            40.74361
          ],
          [
            -73.85589,
            40.74361
          ],
          [
            -73.85589,
            40.74361
          ],
          [
            -73.85599,
            40.74364
          ],
          [
            -73.85607,
            40.74367
          ],
          [
            -73.85614,
            40.74369
          ],
          [
            -73.8563,
            40.74375
          ],
          [
            -73.85653,
            40.74381
          ],
          [
            -73.85674,
            40.74386
          ],
          [
            -73.85691,
            40.74389
          ],
          [
            -73.85717,
            40.74391
          ],
          [
            -73.85723,
            40.74392
          ],
          [
            -73.85735,
            40.74393
          ],
          [
            -73.85747,
            40.74394
          ],
          [
            -73.85757,
            40.74395
          ],
          [
            -73.85763,
            40.74396
          ],
          [
            -73.85833,
            40.74401
          ],
          [
            -73.85863,
            40.74404
          ],
          [
            -73.85871,
            40.74404
          ],
          [
            -73.8588,
            40.74405
          ],
          [
            -73.85911,
            40.74407
          ],
          [
            -73.85917,
            40.74408
          ],
          [
            -73.85917,
            40.74408
          ],
          [
            -73.85917,
            40.74408
          ],
          [
            -73.85986,
            40.74414
          ],
          [
            -73.86142,
            40.74426
          ],
          [
            -73.8617,
            40.74428
          ],
          [
            -73.86178,
            40.74429
          ],
          [
            -73.86186,
            40.74429
          ],
          [
            -73.86214,
            40.74432
          ],
          [
            -73.86218,
            40.74432
          ],
          [
            -73.86218,
            40.74432
          ],
          [
            -73.86218,
            40.74432
          ],
          [
            -73.86238,
            40.74433
          ],
          [
            -73.86239,
            40.74434
          ],
          [
            -73.86255,
            40.74438
          ],
          [
            -73.86291,
            40.74455
          ],
          [
            -73.86301,
            40.74459
          ],
          [
            -73.86309,
            40.74463
          ],
          [
            -73.8634,
            40.74478
          ],
          [
            -73.8641,
            40.74512
          ],
          [
            -73.86417,
            40.74514
          ],
          [
            -73.86423,
            40.74514
          ],
          [
            -73.86429,
            40.74514
          ],
          [
            -73.86438,
            40.74509
          ],
          [
            -73.86446,
            40.74503
          ],
          [
            -73.86449,
            40.74501
          ],
          [
            -73.86467,
            40.74489
          ],
          [
            -73.86474,
            40.74485
          ],
          [
            -73.86478,
            40.74482
          ],
          [
            -73.86478,
            40.74482
          ],
          [
            -73.86478,
            40.74482
          ],
          [
            -73.86482,
            40.7448
          ],
          [
            -73.86488,
            40.74476
          ],
          [
            -73.86512,
            40.74461
          ],
          [
            -73.86521,
            40.74454
          ],
          [
            -73.8656,
            40.74428
          ],
          [
            -73.86577,
            40.74417
          ],
          [
            -73.86582,
            40.74413
          ],
          [
            -73.86585,
            40.74408
          ],
          [
            -73.86586,
            40.74404
          ],
          [
            -73.86592,
            40.74381
          ],
          [
            -73.86599,
            40.74348
          ],
          [
            -73.86599,
            40.74348
          ],
          [
            -73.86599,
            40.74348
          ],
          [
            -73.86607,
            40.74315
          ],
          [
            -73.86608,
            40.7431
          ],
          [
            -73.8661,
            40.74305
          ],
          [
            -73.86611,
            40.74304
          ],
          [
            -73.86613,
            40.743
          ],
          [
            -73.86621,
            40.74293
          ],
          [
            -73.86635,
            40.74282
          ],
          [
            -73.86699,
            40.74233
          ],
          [
            -73.86717,
            40.74219
          ],
          [
            -73.86724,
            40.74215
          ],
          [
            -73.86724,
            40.74215
          ],
          [
            -73.86724,
            40.74215
          ],
          [
            -73.86726,
            40.74214
          ],
          [
            -73.86736,
            40.7421
          ],
          [
            -73.86748,
            40.7421
          ],
          [
            -73.86758,
            40.74211
          ],
          [
            -73.86768,
            40.74212
          ],
          [
            -73.86801,
            40.74215
          ],
          [
            -73.86802,
            40.74215
          ],
          [
            -73.8684,
            40.74219
          ],
          [
            -73.86841,
            40.74219
          ],
          [
            -73.86988,
            40.74235
          ],
          [
            -73.86994,
            40.74236
          ],
          [
            -73.87001,
            40.74236
          ],
          [
            -73.87001,
            40.74236
          ],
          [
            -73.87001,
            40.74236
          ],
          [
            -73.87007,
            40.74237
          ],
          [
            -73.87014,
            40.74237
          ],
          [
            -73.8702,
            40.74237
          ],
          [
            -73.87026,
            40.74237
          ],
          [
            -73.87033,
            40.74238
          ],
          [
            -73.87044,
            40.74238
          ],
          [
            -73.87057,
            40.74239
          ],
          [
            -73.87076,
            40.74239
          ],
          [
            -73.87142,
            40.74242
          ],
          [
            -73.87211,
            40.74245
          ],
          [
            -73.87225,
            40.74246
          ],
          [
            -73.87235,
            40.74246
          ],
          [
            -73.87244,
            40.74247
          ],
          [
            -73.87337,
            40.74251
          ],
          [
            -73.87345,
            40.74252
          ],
          [
            -73.87355,
            40.74251
          ],
          [
            -73.87364,
            40.74249
          ],
          [
            -73.87368,
            40.74247
          ],
          [
            -73.87386,
            40.74234
          ],
          [
            -73.87386,
            40.74234
          ],
          [
            -73.87386,
            40.74234
          ],
          [
            -73.87485,
            40.74162
          ],
          [
            -73.87493,
            40.74157
          ],
          [
            -73.87493,
            40.74157
          ],
          [
            -73.87493,
            40.74157
          ],
          [
            -73.87495,
            40.74155
          ],
          [
            -73.87502,
            40.7415
          ],
          [
            -73.87509,
            40.74146
          ],
          [
            -73.87511,
            40.74144
          ],
          [
            -73.87553,
            40.74115
          ],
          [
            -73.87566,
            40.74106
          ],
          [
            -73.87589,
            40.74088
          ],
          [
            -73.87625,
            40.74062
          ],
          [
            -73.87628,
            40.7406
          ],
          [
            -73.8763,
            40.74059
          ],
          [
            -73.8763,
            40.74059
          ],
          [
            -73.8763,
            40.74059
          ],
          [
            -73.87636,
            40.74054
          ],
          [
            -73.87641,
            40.7405
          ],
          [
            -73.87646,
            40.74047
          ],
          [
            -73.87712,
            40.73999
          ],
          [
            -73.87753,
            40.73969
          ],
          [
            -73.87783,
            40.73947
          ],
          [
            -73.87792,
            40.73941
          ],
          [
            -73.87792,
            40.73941
          ],
          [
            -73.87786,
            40.73934
          ],
          [
            -73.87782,
            40.73928
          ],
          [
            -73.87772,
            40.73911
          ],
          [
            -73.8777,
            40.73907
          ],
          [
            -73.8777,
            40.73907
          ],
          [
            -73.8777,
            40.73907
          ],
          [
            -73.87747,
            40.73867
          ],
          [
            -73.87743,
            40.73861
          ],
          [
            -73.87741,
            40.73855
          ],
          [
            -73.87724,
            40.73819
          ],
          [
            -73.8772,
            40.73807
          ],
          [
            -73.87719,
            40.73802
          ],
          [
            -73.87718,
            40.73796
          ],
          [
            -73.87718,
            40.73786
          ],
          [
            -73.87718,
            40.73781
          ],
          [
            -73.87719,
            40.73774
          ],
          [
            -73.87721,
            40.73769
          ],
          [
            -73.87724,
            40.7376
          ],
          [
            -73.87725,
            40.73755
          ],
          [
            -73.87732,
            40.73739
          ],
          [
            -73.87736,
            40.73729
          ],
          [
            -73.87743,
            40.7371
          ],
          [
            -73.87743,
            40.7371
          ],
          [
            -73.87743,
            40.7371
          ],
          [
            -73.87744,
            40.73707
          ],
          [
            -73.87746,
            40.73704
          ],
          [
            -73.87747,
            40.73701
          ],
          [
            -73.87754,
            40.73692
          ],
          [
            -73.87758,
            40.73687
          ],
          [
            -73.87764,
            40.73681
          ],
          [
            -73.87773,
            40.7367
          ],
          [
            -73.87778,
            40.73664
          ],
          [
            -73.87783,
            40.73659
          ],
          [
            -73.87786,
            40.73655
          ],
          [
            -73.8779,
            40.73651
          ],
          [
            -73.87792,
            40.73649
          ],
          [
            -73.87796,
            40.73646
          ],
          [
            -73.87801,
            40.73643
          ],
          [
            -73.87807,
            40.7364
          ],
          [
            -73.87814,
            40.73638
          ],
          [
            -73.87825,
            40.73635
          ],
          [
            -73.87831,
            40.73633
          ],
          [
            -73.87831,
            40.73633
          ],
          [
            -73.87831,
            40.73633
          ],
          [
            -73.87851,
            40.73628
          ],
          [
            -73.87863,
            40.73625
          ],
          [
            -73.87867,
            40.73623
          ],
          [
            -73.87876,
            40.73621
          ],
          [
            -73.87905,
            40.73614
          ],
          [
            -73.87917,
            40.73611
          ],
          [
            -73.87954,
            40.73601
          ],
          [
            -73.88026,
            40.73582
          ],
          [
            -73.88044,
            40.73577
          ],
          [
            -73.88052,
            40.73575
          ],
          [
            -73.88063,
            40.73572
          ],
          [
            -73.88082,
            40.73567
          ],
          [
            -73.88087,
            40.73566
          ],
          [
            -73.88087,
            40.73566
          ],
          [
            -73.88087,
            40.73566
          ],
          [
            -73.88099,
            40.73562
          ],
          [
            -73.88103,
            40.73561
          ],
          [
            -73.88108,
            40.73559
          ],
          [
            -73.88111,
            40.73557
          ],
          [
            -73.88117,
            40.73553
          ],
          [
            -73.88139,
            40.73538
          ],
          [
            -73.8817,
            40.73516
          ],
          [
            -73.88181,
            40.73509
          ],
          [
            -73.88183,
            40.73508
          ],
          [
            -73.88201,
            40.73495
          ],
          [
            -73.88204,
            40.73493
          ],
          [
            -73.88204,
            40.73493
          ],
          [
            -73.88204,
            40.73493
          ],
          [
            -73.88211,
            40.73488
          ],
          [
            -73.88217,
            40.73483
          ],
          [
            -73.88297,
            40.73428
          ],
          [
            -73.88348,
            40.73392
          ],
          [
            -73.88373,
            40.73365
          ],
          [
            -73.88376,
            40.73362
          ],
          [
            -73.88377,
            40.73361
          ],
          [
            -73.88381,
            40.73356
          ],
          [
            -73.88384,
            40.73351
          ],
          [
            -73.88395,
            40.73334
          ],
          [
            -73.88395,
            40.73334
          ],
          [
            -73.88395,
            40.73334
          ],
          [
            -73.88411,
            40.7331
          ],
          [
            -73.8845,
            40.73245
          ],
          [
            -73.88453,
            40.73239
          ],
          [
            -73.88456,
            40.73234
          ],
          [
            -73.88468,
            40.73214
          ],
          [
            -73.88469,
            40.73213
          ],
          [
            -73.88469,
            40.73213
          ],
          [
            -73.88469,
            40.73213
          ],
          [
            -73.8847,
            40.7321
          ],
          [
            -73.88472,
            40.73207
          ],
          [
            -73.88478,
            40.73197
          ],
          [
            -73.88484,
            40.73187
          ],
          [
            -73.8852,
            40.73131
          ],
          [
            -73.88532,
            40.73115
          ],
          [
            -73.88538,
            40.73108
          ],
          [
            -73.88545,
            40.73102
          ],
          [
            -73.88552,
            40.73098
          ],
          [
            -73.88558,
            40.73095
          ],
          [
            -73.88564,
            40.73092
          ],
          [
            -73.88593,
            40.73078
          ],
          [
            -73.88593,
            40.73078
          ],
          [
            -73.88593,
            40.73078
          ],
          [
            -73.88617,
            40.73067
          ],
          [
            -73.88637,
            40.73057
          ],
          [
            -73.88659,
            40.73047
          ],
          [
            -73.8867,
            40.73042
          ],
          [
            -73.88685,
            40.73037
          ],
          [
            -73.88695,
            40.73034
          ],
          [
            -73.88706,
            40.73032
          ],
          [
            -73.88741,
            40.73024
          ],
          [
            -73.88752,
            40.73021
          ],
          [
            -73.88763,
            40.73019
          ],
          [
            -73.88805,
            40.7301
          ],
          [
            -73.88812,
            40.73008
          ],
          [
            -73.88836,
            40.73003
          ],
          [
            -73.88836,
            40.73003
          ],
          [
            -73.88836,
            40.73003
          ],
          [
            -73.88849,
            40.73
          ],
          [
            -73.88857,
            40.72999
          ],
          [
            -73.88924,
            40.72983
          ],
          [
            -73.88937,
            40.72979
          ],
          [
            -73.88975,
            40.72969
          ],
          [
            -73.88981,
            40.72965
          ],
          [
            -73.88987,
            40.7296
          ],
          [
            -73.88996,
            40.72952
          ],
          [
            -73.89002,
            40.72946
          ],
          [
            -73.89007,
            40.7294
          ],
          [
            -73.89021,
            40.72926
          ],
          [
            -73.89024,
            40.72923
          ],
          [
            -73.89024,
            40.72923
          ],
          [
            -73.89024,
            40.72923
          ],
          [
            -73.8908,
            40.72868
          ],
          [
            -73.89086,
            40.72861
          ],
          [
            -73.89091,
            40.72856
          ],
          [
            -73.89095,
            40.72851
          ],
          [
            -73.89105,
            40.72842
          ],
          [
            -73.89118,
            40.72835
          ],
          [
            -73.8913,
            40.72829
          ],
          [
            -73.89142,
            40.72823
          ],
          [
            -73.89153,
            40.72817
          ],
          [
            -73.89161,
            40.72813
          ],
          [
            -73.89182,
            40.72801
          ],
          [
            -73.89182,
            40.72801
          ],
          [
            -73.89182,
            40.72801
          ],
          [
            -73.89221,
            40.7278
          ],
          [
            -73.89229,
            40.72776
          ],
          [
            -73.89235,
            40.72773
          ],
          [
            -73.89295,
            40.72743
          ],
          [
            -73.89312,
            40.7273
          ],
          [
            -73.8932,
            40.72725
          ],
          [
            -73.89327,
            40.72719
          ],
          [
            -73.89333,
            40.72716
          ],
          [
            -73.89386,
            40.72682
          ],
          [
            -73.89432,
            40.72655
          ],
          [
            -73.89436,
            40.72652
          ],
          [
            -73.8944,
            40.7265
          ],
          [
            -73.89444,
            40.72649
          ],
          [
            -73.89465,
            40.72637
          ],
          [
            -73.89468,
            40.72635
          ],
          [
            -73.89468,
            40.72635
          ],
          [
            -73.89468,
            40.72635
          ],
          [
            -73.89471,
            40.72633
          ],
          [
            -73.89482,
            40.72626
          ],
          [
            -73.89482,
            40.72623
          ],
          [
            -73.89517,
            40.72601
          ],
          [
            -73.89522,
            40.72599
          ],
          [
            -73.89532,
            40.72592
          ],
          [
            -73.89546,
            40.72584
          ],
          [
            -73.89548,
            40.72583
          ],
          [
            -73.89575,
            40.72568
          ],
          [
            -73.89575,
            40.72568
          ],
          [
            -73.89575,
            40.72568
          ],
          [
            -73.89585,
            40.72562
          ],
          [
            -73.89599,
            40.72556
          ],
          [
            -73.89651,
            40.72527
          ],
          [
            -73.89671,
            40.72517
          ],
          [
            -73.89682,
            40.72512
          ],
          [
            -73.89696,
            40.72505
          ],
          [
            -73.8972,
            40.72492
          ],
          [
            -73.89729,
            40.72488
          ],
          [
            -73.89729,
            40.72488
          ],
          [
            -73.89729,
            40.72488
          ],
          [
            -73.89806,
            40.72449
          ],
          [
            -73.89836,
            40.72433
          ],
          [
            -73.89844,
            40.72429
          ],
          [
            -73.89852,
            40.72426
          ],
          [
            -73.89867,
            40.72417
          ],
          [
            -73.89869,
            40.72416
          ],
          [
            -73.89875,
            40.72413
          ],
          [
            -73.89875,
            40.72413
          ],
          [
            -73.89875,
            40.72413
          ],
          [
            -73.89883,
            40.72409
          ],
          [
            -73.89954,
            40.72372
          ],
          [
            -73.89961,
            40.72368
          ],
          [
            -73.89968,
            40.72365
          ],
          [
            -73.89976,
            40.72361
          ],
          [
            -73.89976,
            40.72361
          ],
          [
            -73.89976,
            40.72361
          ],
          [
            -73.89992,
            40.72353
          ],
          [
            -73.90062,
            40.72317
          ],
          [
            -73.90062,
            40.72317
          ],
          [
            -73.90125,
            40.72278
          ],
          [
            -73.90143,
            40.72266
          ],
          [
            -73.9015,
            40.72262
          ],
          [
            -73.90158,
            40.72257
          ],
          [
            -73.90182,
            40.72242
          ],
          [
            -73.90184,
            40.72241
          ],
          [
            -73.90184,
            40.72241
          ],
          [
            -73.90184,
            40.72241
          ],
          [
            -73.90227,
            40.72215
          ],
          [
            -73.90312,
            40.72163
          ],
          [
            -73.90312,
            40.72163
          ],
          [
            -73.90309,
            40.72154
          ],
          [
            -73.90309,
            40.72152
          ],
          [
            -73.90301,
            40.72125
          ],
          [
            -73.90301,
            40.72125
          ],
          [
            -73.90301,
            40.72125
          ],
          [
            -73.90257,
            40.71965
          ],
          [
            -73.90252,
            40.71947
          ],
          [
            -73.9025,
            40.71941
          ],
          [
            -73.90249,
            40.71937
          ],
          [
            -73.90243,
            40.71916
          ],
          [
            -73.9024,
            40.71904
          ],
          [
            -73.9024,
            40.71904
          ],
          [
            -73.90248,
            40.71903
          ],
          [
            -73.90248,
            40.71903
          ],
          [
            -73.90248,
            40.71903
          ],
          [
            -73.9024,
            40.71904
          ],
          [
            -73.9024,
            40.71904
          ],
          [
            -73.90233,
            40.71882
          ],
          [
            -73.90229,
            40.71868
          ],
          [
            -73.90218,
            40.71828
          ],
          [
            -73.90214,
            40.71811
          ],
          [
            -73.90213,
            40.7181
          ],
          [
            -73.90213,
            40.7181
          ],
          [
            -73.90213,
            40.7181
          ],
          [
            -73.90213,
            40.71808
          ],
          [
            -73.9021,
            40.718
          ],
          [
            -73.90209,
            40.71795
          ],
          [
            -73.90184,
            40.71703
          ],
          [
            -73.90182,
            40.71697
          ],
          [
            -73.9018,
            40.71689
          ],
          [
            -73.90178,
            40.71685
          ],
          [
            -73.90178,
            40.71685
          ],
          [
            -73.90178,
            40.71685
          ],
          [
            -73.90175,
            40.71673
          ],
          [
            -73.90167,
            40.71646
          ],
          [
            -73.90163,
            40.71632
          ],
          [
            -73.90162,
            40.71626
          ],
          [
            -73.90159,
            40.71617
          ],
          [
            -73.90155,
            40.71603
          ],
          [
            -73.90146,
            40.71572
          ],
          [
            -73.90144,
            40.71565
          ],
          [
            -73.90143,
            40.71559
          ],
          [
            -73.90138,
            40.71541
          ],
          [
            -73.90126,
            40.71498
          ],
          [
            -73.9012,
            40.71478
          ],
          [
            -73.9012,
            40.71478
          ],
          [
            -73.9012,
            40.71478
          ],
          [
            -73.9012,
            40.71477
          ],
          [
            -73.90119,
            40.71473
          ],
          [
            -73.90116,
            40.71462
          ],
          [
            -73.90114,
            40.71454
          ],
          [
            -73.90105,
            40.71425
          ],
          [
            -73.90103,
            40.71417
          ],
          [
            -73.90095,
            40.71388
          ],
          [
            -73.90094,
            40.71384
          ],
          [
            -73.90089,
            40.71368
          ],
          [
            -73.90075,
            40.71317
          ],
          [
            -73.90075,
            40.71316
          ],
          [
            -73.90063,
            40.71278
          ],
          [
            -73.90059,
            40.7127
          ],
          [
            -73.90056,
            40.71263
          ],
          [
            -73.90051,
            40.71254
          ],
          [
            -73.90051,
            40.71253
          ],
          [
            -73.90051,
            40.71253
          ],
          [
            -73.90062,
            40.71251
          ],
          [
            -73.9007,
            40.71248
          ],
          [
            -73.9007,
            40.71248
          ],
          [
            -73.9007,
            40.71248
          ],
          [
            -73.90062,
            40.71251
          ],
          [
            -73.90051,
            40.71253
          ],
          [
            -73.90051,
            40.71253
          ],
          [
            -73.90049,
            40.7125
          ],
          [
            -73.90046,
            40.71244
          ],
          [
            -73.90039,
            40.7123
          ],
          [
            -73.90034,
            40.71221
          ],
          [
            -73.90031,
            40.71214
          ],
          [
            -73.90022,
            40.71198
          ],
          [
            -73.90019,
            40.7119
          ],
          [
            -73.90017,
            40.71187
          ],
          [
            -73.90009,
            40.71171
          ],
          [
            -73.89986,
            40.71127
          ],
          [
            -73.89983,
            40.71122
          ],
          [
            -73.89975,
            40.71106
          ],
          [
            -73.89971,
            40.71098
          ],
          [
            -73.89968,
            40.71093
          ],
          [
            -73.89948,
            40.71056
          ],
          [
            -73.89944,
            40.71048
          ],
          [
            -73.89939,
            40.71039
          ],
          [
            -73.89936,
            40.71032
          ],
          [
            -73.89932,
            40.71027
          ],
          [
            -73.89895,
            40.70974
          ],
          [
            -73.89891,
            40.70968
          ],
          [
            -73.89887,
            40.70963
          ],
          [
            -73.89876,
            40.70948
          ],
          [
            -73.89872,
            40.70942
          ],
          [
            -73.89872,
            40.70942
          ],
          [
            -73.89872,
            40.70942
          ],
          [
            -73.8985,
            40.7091
          ],
          [
            -73.89845,
            40.70904
          ],
          [
            -73.89842,
            40.70899
          ],
          [
            -73.89805,
            40.70847
          ],
          [
            -73.898,
            40.7084
          ],
          [
            -73.89797,
            40.70835
          ],
          [
            -73.89792,
            40.70829
          ],
          [
            -73.89792,
            40.70829
          ],
          [
            -73.89792,
            40.70829
          ],
          [
            -73.89784,
            40.70816
          ],
          [
            -73.89774,
            40.70802
          ],
          [
            -73.8976,
            40.70782
          ],
          [
            -73.89756,
            40.70776
          ],
          [
            -73.89754,
            40.70771
          ],
          [
            -73.89726,
            40.70715
          ],
          [
            -73.89723,
            40.7071
          ],
          [
            -73.89721,
            40.70704
          ],
          [
            -73.89697,
            40.70657
          ],
          [
            -73.89694,
            40.7065
          ],
          [
            -73.89694,
            40.7065
          ],
          [
            -73.89705,
            40.70647
          ],
          [
            -73.89734,
            40.7064
          ],
          [
            -73.89734,
            40.7064
          ],
          [
            -73.89734,
            40.7064
          ],
          [
            -73.89737,
            40.7064
          ],
          [
            -73.898,
            40.70624
          ],
          [
            -73.89895,
            40.70602
          ],
          [
            -73.8999,
            40.70578
          ],
          [
            -73.89996,
            40.70577
          ],
          [
            -73.90005,
            40.70574
          ],
          [
            -73.90084,
            40.70552
          ],
          [
            -73.90196,
            40.7052
          ],
          [
            -73.90196,
            40.7052
          ],
          [
            -73.90196,
            40.7052
          ],
          [
            -73.90197,
            40.70519
          ],
          [
            -73.90204,
            40.70517
          ],
          [
            -73.90212,
            40.70515
          ],
          [
            -73.90212,
            40.70515
          ],
          [
            -73.9021,
            40.7051
          ],
          [
            -73.90206,
            40.70499
          ],
          [
            -73.90201,
            40.70486
          ],
          [
            -73.90201,
            40.70486
          ],
          [
            -73.90207,
            40.70481
          ],
          [
            -73.90213,
            40.70475
          ],
          [
            -73.90224,
            40.70466
          ],
          [
            -73.90229,
            40.70461
          ],
          [
            -73.90234,
            40.70456
          ],
          [
            -73.90329,
            40.70363
          ],
          [
            -73.90334,
            40.70358
          ],
          [
            -73.90338,
            40.70354
          ],
          [
            -73.90343,
            40.70349
          ],
          [
            -73.90363,
            40.70329
          ],
          [
            -73.90363,
            40.70329
          ],
          [
            -73.90363,
            40.70329
          ],
          [
            -73.90449,
            40.70245
          ],
          [
            -73.90454,
            40.7024
          ],
          [
            -73.90459,
            40.70236
          ],
          [
            -73.90479,
            40.70216
          ],
          [
            -73.90479,
            40.70216
          ],
          [
            -73.90479,
            40.70216
          ],
          [
            -73.9054,
            40.70156
          ],
          [
            -73.90547,
            40.70149
          ],
          [
            -73.90547,
            40.70149
          ],
          [
            -73.90541,
            40.70146
          ],
          [
            -73.90501,
            40.70122
          ],
          [
            -73.90486,
            40.70114
          ],
          [
            -73.90481,
            40.7011
          ],
          [
            -73.90481,
            40.7011
          ],
          [
            -73.9048,
            40.7011
          ],
          [
            -73.90473,
            40.70106
          ],
          [
            -73.90467,
            40.70102
          ],
          [
            -73.90463,
            40.701
          ],
          [
            -73.90427,
            40.70078
          ],
          [
            -73.90419,
            40.70074
          ],
          [
            -73.90419,
            40.70074
          ],
          [
            -73.90427,
            40.70069
          ],
          [
            -73.90476,
            40.70041
          ],
          [
            -73.90483,
            40.70037
          ],
          [
            -73.90488,
            40.70029
          ],
          [
            -73.90488,
            40.70029
          ],
          [
            -73.9055,
            40.70022
          ],
          [
            -73.90559,
            40.7002
          ],
          [
            -73.90573,
            40.70019
          ],
          [
            -73.90608,
            40.70015
          ],
          [
            -73.90622,
            40.70013
          ],
          [
            -73.90636,
            40.70012
          ],
          [
            -73.90712,
            40.70003
          ],
          [
            -73.90712,
            40.70003
          ],
          [
            -73.90709,
            40.69995
          ],
          [
            -73.90712,
            40.69989
          ],
          [
            -73.90732,
            40.6997
          ],
          [
            -73.90732,
            40.6997
          ],
          [
            -73.90732,
            40.6997
          ],
          [
            -73.90868,
            40.69836
          ],
          [
            -73.90869,
            40.69835
          ],
          [
            -73.90869,
            40.69835
          ],
          [
            -73.90869,
            40.69835
          ],
          [
            -73.90872,
            40.69832
          ],
          [
            -73.90878,
            40.69825
          ],
          [
            -73.90883,
            40.6982
          ],
          [
            -73.90925,
            40.69777
          ],
          [
            -73.90947,
            40.69755
          ],
          [
            -73.90951,
            40.6975
          ],
          [
            -73.90951,
            40.6975
          ],
          [
            -73.90959,
            40.69754
          ],
          [
            -73.90963,
            40.69757
          ],
          [
            -73.91021,
            40.69789
          ],
          [
            -73.91027,
            40.69793
          ],
          [
            -73.91033,
            40.69796
          ],
          [
            -73.91065,
            40.69814
          ],
          [
            -73.91071,
            40.69817
          ],
          [
            -73.91102,
            40.69835
          ],
          [
            -73.91132,
            40.69852
          ],
          [
            -73.91132,
            40.69852
          ],
          [
            -73.91132,
            40.69852
          ],
          [
            -73.91168,
            40.69873
          ],
          [
            -73.91171,
            40.69875
          ],
          [
            -73.91178,
            40.69878
          ],
          [
            -73.91178,
            40.69878
          ],
          [
            -73.91173,
            40.69883
          ],
          [
            -73.9115,
            40.69905
          ],
          [
            -73.91122,
            40.69934
          ],
          [
            -73.91122,
            40.69934
          ]
        ]
      }
    },
    {
      "type": "Feature",
      "properties": {
        "route_id": "Q58-W-Morning",
        "layer": "T2 Optimal"
      },
      "geometry": {
        "type": "LineString",
        "coordinates": [
          [
            -73.82933,
            40.75743
          ],
          [
            -73.82927,
            40.75746
          ],
          [
            -73.82913,
            40.75752
          ],
          [
            -73.82913,
            40.75752
          ],
          [
            -73.8291,
            40.75744
          ],
          [
            -73.8289,
            40.75696
          ],
          [
            -73.82881,
            40.75674
          ],
          [
            -73.82879,
            40.75667
          ],
          [
            -73.82879,
            40.75667
          ],
          [
            -73.82892,
            40.75661
          ],
          [
            -73.82932,
            40.75642
          ],
          [
            -73.82972,
            40.75624
          ],
          [
            -73.83068,
            40.75579
          ],
          [
            -73.83076,
            40.75575
          ],
          [
            -73.83083,
            40.75572
          ],
          [
            -73.83144,
            40.75543
          ],
          [
            -73.83157,
            40.75538
          ],
          [
            -73.83278,
            40.75479
          ],
          [
            -73.83293,
            40.75473
          ],
          [
            -73.83296,
            40.75471
          ],
          [
            -73.83306,
            40.75469
          ],
          [
            -73.83306,
            40.75469
          ],
          [
            -73.83318,
            40.75467
          ],
          [
            -73.83316,
            40.7546
          ],
          [
            -73.83308,
            40.75434
          ],
          [
            -73.83308,
            40.75434
          ],
          [
            -73.83308,
            40.75434
          ],
          [
            -73.83304,
            40.75421
          ],
          [
            -73.83292,
            40.75382
          ],
          [
            -73.8329,
            40.75378
          ],
          [
            -73.83288,
            40.75371
          ],
          [
            -73.83287,
            40.75367
          ],
          [
            -73.83279,
            40.75342
          ],
          [
            -73.83276,
            40.75328
          ],
          [
            -73.83271,
            40.75315
          ],
          [
            -73.83268,
            40.75302
          ],
          [
            -73.83266,
            40.75297
          ],
          [
            -73.83251,
            40.75247
          ],
          [
            -73.83249,
            40.75239
          ],
          [
            -73.83247,
            40.75232
          ],
          [
            -73.83245,
            40.75227
          ],
          [
            -73.83238,
            40.752
          ],
          [
            -73.83238,
            40.752
          ],
          [
            -73.83238,
            40.752
          ],
          [
            -73.83235,
            40.75193
          ],
          [
            -73.83232,
            40.75173
          ],
          [
            -73.83233,
            40.75158
          ],
          [
            -73.83235,
            40.75148
          ],
          [
            -73.83243,
            40.75113
          ],
          [
            -73.83272,
            40.74993
          ],
          [
            -73.83307,
            40.74842
          ],
          [
            -73.83309,
            40.74835
          ],
          [
            -73.83311,
            40.74828
          ],
          [
            -73.83314,
            40.74822
          ],
          [
            -73.83317,
            40.74817
          ],
          [
            -73.83319,
            40.74813
          ],
          [
            -73.83324,
            40.74807
          ],
          [
            -73.8333,
            40.74802
          ],
          [
            -73.83338,
            40.74796
          ],
          [
            -73.83346,
            40.74791
          ],
          [
            -73.83406,
            40.74754
          ],
          [
            -73.8342,
            40.74746
          ],
          [
            -73.83424,
            40.74743
          ],
          [
            -73.83432,
            40.74738
          ],
          [
            -73.83439,
            40.74733
          ],
          [
            -73.83446,
            40.74727
          ],
          [
            -73.83452,
            40.74721
          ],
          [
            -73.83458,
            40.74715
          ],
          [
            -73.83464,
            40.74709
          ],
          [
            -73.83469,
            40.74702
          ],
          [
            -73.83472,
            40.74698
          ],
          [
            -73.83476,
            40.74691
          ],
          [
            -73.83479,
            40.74686
          ],
          [
            -73.83481,
            40.74682
          ],
          [
            -73.83491,
            40.74664
          ],
          [
            -73.83491,
            40.74664
          ],
          [
            -73.83491,
            40.74664
          ],
          [
            -73.83526,
            40.74599
          ],
          [
            -73.83526,
            40.74599
          ],
          [
            -73.83526,
            40.74599
          ],
          [
            -73.83546,
            40.74563
          ],
          [
            -73.8355,
            40.74556
          ],
          [
            -73.83559,
            40.7454
          ],
          [
            -73.83564,
            40.74531
          ],
          [
            -73.83569,
            40.74523
          ],
          [
            -73.83574,
            40.74516
          ],
          [
            -73.83579,
            40.74509
          ],
          [
            -73.83584,
            40.74503
          ],
          [
            -73.83591,
            40.74496
          ],
          [
            -73.83592,
            40.74495
          ],
          [
            -73.83598,
            40.74489
          ],
          [
            -73.83602,
            40.74486
          ],
          [
            -73.83604,
            40.74483
          ],
          [
            -73.83607,
            40.74482
          ],
          [
            -73.83616,
            40.74475
          ],
          [
            -73.83621,
            40.74472
          ],
          [
            -73.83621,
            40.74472
          ],
          [
            -73.83621,
            40.74472
          ],
          [
            -73.83626,
            40.74469
          ],
          [
            -73.83636,
            40.74463
          ],
          [
            -73.83664,
            40.74447
          ],
          [
            -73.83675,
            40.7444
          ],
          [
            -73.83685,
            40.74433
          ],
          [
            -73.83694,
            40.74427
          ],
          [
            -73.83705,
            40.74418
          ],
          [
            -73.83709,
            40.74415
          ],
          [
            -73.83715,
            40.74409
          ],
          [
            -73.8372,
            40.74402
          ],
          [
            -73.8372,
            40.74402
          ],
          [
            -73.83729,
            40.74403
          ],
          [
            -73.83745,
            40.74404
          ],
          [
            -73.83761,
            40.74404
          ],
          [
            -73.83849,
            40.74407
          ],
          [
            -73.83858,
            40.74407
          ],
          [
            -73.83867,
            40.74407
          ],
          [
            -73.83875,
            40.74406
          ],
          [
            -73.83882,
            40.74405
          ],
          [
            -73.8389,
            40.74403
          ],
          [
            -73.83901,
            40.744
          ],
          [
            -73.83909,
            40.74397
          ],
          [
            -73.83916,
            40.74393
          ],
          [
            -73.83924,
            40.74389
          ],
          [
            -73.8393,
            40.74385
          ],
          [
            -73.84117,
            40.74249
          ],
          [
            -73.84139,
            40.74233
          ],
          [
            -73.84159,
            40.7422
          ],
          [
            -73.84183,
            40.74206
          ],
          [
            -73.84206,
            40.74193
          ],
          [
            -73.84231,
            40.7418
          ],
          [
            -73.84255,
            40.74166
          ],
          [
            -73.84276,
            40.74156
          ],
          [
            -73.84296,
            40.74146
          ],
          [
            -73.84386,
            40.74103
          ],
          [
            -73.84422,
            40.74085
          ],
          [
            -73.84458,
            40.74066
          ],
          [
            -73.84494,
            40.74048
          ],
          [
            -73.84502,
            40.74045
          ],
          [
            -73.84532,
            40.74032
          ],
          [
            -73.84582,
            40.74009
          ],
          [
            -73.8461,
            40.73993
          ],
          [
            -73.84668,
            40.73968
          ],
          [
            -73.84668,
            40.73968
          ],
          [
            -73.84715,
            40.7395
          ],
          [
            -73.84722,
            40.73947
          ],
          [
            -73.84731,
            40.73944
          ],
          [
            -73.8474,
            40.73941
          ],
          [
            -73.84781,
            40.73928
          ],
          [
            -73.84793,
            40.73924
          ],
          [
            -73.84804,
            40.73919
          ],
          [
            -73.84813,
            40.73915
          ],
          [
            -73.84821,
            40.7391
          ],
          [
            -73.8483,
            40.73905
          ],
          [
            -73.84869,
            40.73877
          ],
          [
            -73.84892,
            40.73865
          ],
          [
            -73.84902,
            40.73861
          ],
          [
            -73.84917,
            40.73855
          ],
          [
            -73.84931,
            40.73851
          ],
          [
            -73.84991,
            40.73833
          ],
          [
            -73.85041,
            40.73818
          ],
          [
            -73.85041,
            40.73818
          ],
          [
            -73.85041,
            40.73818
          ],
          [
            -73.85085,
            40.73805
          ],
          [
            -73.85096,
            40.73802
          ],
          [
            -73.85115,
            40.73796
          ],
          [
            -73.85183,
            40.73774
          ],
          [
            -73.85183,
            40.73774
          ],
          [
            -73.85183,
            40.73774
          ],
          [
            -73.85186,
            40.73773
          ],
          [
            -73.85193,
            40.73771
          ],
          [
            -73.85204,
            40.73769
          ],
          [
            -73.85204,
            40.73769
          ],
          [
            -73.85208,
            40.73776
          ],
          [
            -73.85209,
            40.73778
          ],
          [
            -73.85212,
            40.73784
          ],
          [
            -73.85218,
            40.73795
          ],
          [
            -73.8522,
            40.73799
          ],
          [
            -73.85224,
            40.73808
          ],
          [
            -73.85225,
            40.7381
          ],
          [
            -73.85242,
            40.73841
          ],
          [
            -73.85276,
            40.73908
          ],
          [
            -73.85282,
            40.73921
          ],
          [
            -73.85287,
            40.73929
          ],
          [
            -73.85291,
            40.73938
          ],
          [
            -73.85297,
            40.73951
          ],
          [
            -73.853,
            40.73956
          ],
          [
            -73.853,
            40.73956
          ],
          [
            -73.853,
            40.73956
          ],
          [
            -73.85306,
            40.73969
          ],
          [
            -73.85329,
            40.7401
          ],
          [
            -73.85334,
            40.74019
          ],
          [
            -73.85339,
            40.74027
          ],
          [
            -73.85369,
            40.74089
          ],
          [
            -73.85371,
            40.74093
          ],
          [
            -73.85379,
            40.74109
          ],
          [
            -73.85379,
            40.74109
          ],
          [
            -73.85365,
            40.74104
          ],
          [
            -73.8536,
            40.74102
          ],
          [
            -73.85357,
            40.74101
          ],
          [
            -73.85357,
            40.74101
          ],
          [
            -73.85357,
            40.74101
          ],
          [
            -73.85264,
            40.74071
          ],
          [
            -73.85264,
            40.74071
          ],
          [
            -73.85262,
            40.74077
          ],
          [
            -73.85244,
            40.74126
          ],
          [
            -73.85242,
            40.74131
          ],
          [
            -73.85239,
            40.74139
          ],
          [
            -73.85239,
            40.74139
          ],
          [
            -73.85287,
            40.74159
          ],
          [
            -73.85334,
            40.74181
          ],
          [
            -73.8534,
            40.74185
          ],
          [
            -73.85348,
            40.74192
          ],
          [
            -73.85368,
            40.74211
          ],
          [
            -73.8539,
            40.74233
          ],
          [
            -73.85421,
            40.7426
          ],
          [
            -73.85433,
            40.7427
          ],
          [
            -73.85433,
            40.7427
          ],
          [
            -73.8545,
            40.74269
          ],
          [
            -73.85463,
            40.74268
          ],
          [
            -73.85463,
            40.74268
          ],
          [
            -73.85467,
            40.74275
          ],
          [
            -73.85468,
            40.74278
          ],
          [
            -73.85471,
            40.74283
          ],
          [
            -73.85491,
            40.74321
          ],
          [
            -73.85492,
            40.74325
          ],
          [
            -73.85496,
            40.74331
          ],
          [
            -73.85496,
            40.74331
          ],
          [
            -73.85522,
            40.74338
          ],
          [
            -73.85575,
            40.74356
          ],
          [
            -73.85587,
            40.7436
          ],
          [
            -73.85589,
            40.74361
          ],
          [
            -73.85589,
            40.74361
          ],
          [
            -73.85589,
            40.74361
          ],
          [
            -73.85599,
            40.74364
          ],
          [
            -73.85607,
            40.74367
          ],
          [
            -73.85614,
            40.74369
          ],
          [
            -73.8563,
            40.74375
          ],
          [
            -73.85653,
            40.74381
          ],
          [
            -73.85674,
            40.74386
          ],
          [
            -73.85691,
            40.74389
          ],
          [
            -73.85717,
            40.74391
          ],
          [
            -73.85723,
            40.74392
          ],
          [
            -73.85735,
            40.74393
          ],
          [
            -73.85747,
            40.74394
          ],
          [
            -73.85757,
            40.74395
          ],
          [
            -73.85763,
            40.74396
          ],
          [
            -73.85833,
            40.74401
          ],
          [
            -73.85863,
            40.74404
          ],
          [
            -73.85871,
            40.74404
          ],
          [
            -73.8588,
            40.74405
          ],
          [
            -73.85911,
            40.74407
          ],
          [
            -73.85917,
            40.74408
          ],
          [
            -73.85917,
            40.74408
          ],
          [
            -73.85917,
            40.74408
          ],
          [
            -73.85986,
            40.74414
          ],
          [
            -73.86142,
            40.74426
          ],
          [
            -73.8617,
            40.74428
          ],
          [
            -73.86178,
            40.74429
          ],
          [
            -73.86186,
            40.74429
          ],
          [
            -73.86214,
            40.74432
          ],
          [
            -73.86218,
            40.74432
          ],
          [
            -73.86218,
            40.74432
          ],
          [
            -73.86218,
            40.74432
          ],
          [
            -73.86238,
            40.74433
          ],
          [
            -73.86239,
            40.74434
          ],
          [
            -73.86255,
            40.74438
          ],
          [
            -73.86291,
            40.74455
          ],
          [
            -73.86301,
            40.74459
          ],
          [
            -73.86309,
            40.74463
          ],
          [
            -73.8634,
            40.74478
          ],
          [
            -73.8641,
            40.74512
          ],
          [
            -73.86417,
            40.74514
          ],
          [
            -73.86423,
            40.74514
          ],
          [
            -73.86429,
            40.74514
          ],
          [
            -73.86438,
            40.74509
          ],
          [
            -73.86446,
            40.74503
          ],
          [
            -73.86449,
            40.74501
          ],
          [
            -73.86467,
            40.74489
          ],
          [
            -73.86474,
            40.74485
          ],
          [
            -73.86478,
            40.74482
          ],
          [
            -73.86478,
            40.74482
          ],
          [
            -73.86478,
            40.74482
          ],
          [
            -73.86482,
            40.7448
          ],
          [
            -73.86488,
            40.74476
          ],
          [
            -73.86512,
            40.74461
          ],
          [
            -73.86521,
            40.74454
          ],
          [
            -73.8656,
            40.74428
          ],
          [
            -73.86577,
            40.74417
          ],
          [
            -73.86582,
            40.74413
          ],
          [
            -73.86585,
            40.74408
          ],
          [
            -73.86586,
            40.74404
          ],
          [
            -73.86592,
            40.74381
          ],
          [
            -73.86599,
            40.74348
          ],
          [
            -73.86599,
            40.74348
          ],
          [
            -73.86599,
            40.74348
          ],
          [
            -73.86607,
            40.74315
          ],
          [
            -73.86608,
            40.7431
          ],
          [
            -73.8661,
            40.74305
          ],
          [
            -73.86611,
            40.74304
          ],
          [
            -73.86613,
            40.743
          ],
          [
            -73.86621,
            40.74293
          ],
          [
            -73.86635,
            40.74282
          ],
          [
            -73.86699,
            40.74233
          ],
          [
            -73.86717,
            40.74219
          ],
          [
            -73.86724,
            40.74215
          ],
          [
            -73.86724,
            40.74215
          ],
          [
            -73.86724,
            40.74215
          ],
          [
            -73.86726,
            40.74214
          ],
          [
            -73.86736,
            40.7421
          ],
          [
            -73.86748,
            40.7421
          ],
          [
            -73.86758,
            40.74211
          ],
          [
            -73.86768,
            40.74212
          ],
          [
            -73.86801,
            40.74215
          ],
          [
            -73.86802,
            40.74215
          ],
          [
            -73.8684,
            40.74219
          ],
          [
            -73.86841,
            40.74219
          ],
          [
            -73.86988,
            40.74235
          ],
          [
            -73.86994,
            40.74236
          ],
          [
            -73.87001,
            40.74236
          ],
          [
            -73.87001,
            40.74236
          ],
          [
            -73.87001,
            40.74236
          ],
          [
            -73.87007,
            40.74237
          ],
          [
            -73.87014,
            40.74237
          ],
          [
            -73.8702,
            40.74237
          ],
          [
            -73.87026,
            40.74237
          ],
          [
            -73.87033,
            40.74238
          ],
          [
            -73.87044,
            40.74238
          ],
          [
            -73.87057,
            40.74239
          ],
          [
            -73.87076,
            40.74239
          ],
          [
            -73.87142,
            40.74242
          ],
          [
            -73.87211,
            40.74245
          ],
          [
            -73.87225,
            40.74246
          ],
          [
            -73.87235,
            40.74246
          ],
          [
            -73.87244,
            40.74247
          ],
          [
            -73.87337,
            40.74251
          ],
          [
            -73.87345,
            40.74252
          ],
          [
            -73.87355,
            40.74251
          ],
          [
            -73.87364,
            40.74249
          ],
          [
            -73.87368,
            40.74247
          ],
          [
            -73.87386,
            40.74234
          ],
          [
            -73.87386,
            40.74234
          ],
          [
            -73.87386,
            40.74234
          ],
          [
            -73.87485,
            40.74162
          ],
          [
            -73.87493,
            40.74157
          ],
          [
            -73.87493,
            40.74157
          ],
          [
            -73.87493,
            40.74157
          ],
          [
            -73.87495,
            40.74155
          ],
          [
            -73.87502,
            40.7415
          ],
          [
            -73.87509,
            40.74146
          ],
          [
            -73.87511,
            40.74144
          ],
          [
            -73.87553,
            40.74115
          ],
          [
            -73.87566,
            40.74106
          ],
          [
            -73.87589,
            40.74088
          ],
          [
            -73.87625,
            40.74062
          ],
          [
            -73.87628,
            40.7406
          ],
          [
            -73.8763,
            40.74059
          ],
          [
            -73.8763,
            40.74059
          ],
          [
            -73.8763,
            40.74059
          ],
          [
            -73.87636,
            40.74054
          ],
          [
            -73.87641,
            40.7405
          ],
          [
            -73.87646,
            40.74047
          ],
          [
            -73.87712,
            40.73999
          ],
          [
            -73.87753,
            40.73969
          ],
          [
            -73.87783,
            40.73947
          ],
          [
            -73.87792,
            40.73941
          ],
          [
            -73.87792,
            40.73941
          ],
          [
            -73.87786,
            40.73934
          ],
          [
            -73.87782,
            40.73928
          ],
          [
            -73.87772,
            40.73911
          ],
          [
            -73.8777,
            40.73907
          ],
          [
            -73.8777,
            40.73907
          ],
          [
            -73.8777,
            40.73907
          ],
          [
            -73.87747,
            40.73867
          ],
          [
            -73.87743,
            40.73861
          ],
          [
            -73.87741,
            40.73855
          ],
          [
            -73.87724,
            40.73819
          ],
          [
            -73.8772,
            40.73807
          ],
          [
            -73.87719,
            40.73802
          ],
          [
            -73.87718,
            40.73796
          ],
          [
            -73.87718,
            40.73786
          ],
          [
            -73.87718,
            40.73781
          ],
          [
            -73.87719,
            40.73774
          ],
          [
            -73.87721,
            40.73769
          ],
          [
            -73.87724,
            40.7376
          ],
          [
            -73.87725,
            40.73755
          ],
          [
            -73.87732,
            40.73739
          ],
          [
            -73.87736,
            40.73729
          ],
          [
            -73.87743,
            40.7371
          ],
          [
            -73.87743,
            40.7371
          ],
          [
            -73.87743,
            40.7371
          ],
          [
            -73.87744,
            40.73707
          ],
          [
            -73.87746,
            40.73704
          ],
          [
            -73.87747,
            40.73701
          ],
          [
            -73.87754,
            40.73692
          ],
          [
            -73.87758,
            40.73687
          ],
          [
            -73.87764,
            40.73681
          ],
          [
            -73.87773,
            40.7367
          ],
          [
            -73.87778,
            40.73664
          ],
          [
            -73.87783,
            40.73659
          ],
          [
            -73.87786,
            40.73655
          ],
          [
            -73.8779,
            40.73651
          ],
          [
            -73.87792,
            40.73649
          ],
          [
            -73.87796,
            40.73646
          ],
          [
            -73.87801,
            40.73643
          ],
          [
            -73.87807,
            40.7364
          ],
          [
            -73.87814,
            40.73638
          ],
          [
            -73.87825,
            40.73635
          ],
          [
            -73.87831,
            40.73633
          ],
          [
            -73.87831,
            40.73633
          ],
          [
            -73.87831,
            40.73633
          ],
          [
            -73.87851,
            40.73628
          ],
          [
            -73.87863,
            40.73625
          ],
          [
            -73.87867,
            40.73623
          ],
          [
            -73.87876,
            40.73621
          ],
          [
            -73.87905,
            40.73614
          ],
          [
            -73.87917,
            40.73611
          ],
          [
            -73.87954,
            40.73601
          ],
          [
            -73.88026,
            40.73582
          ],
          [
            -73.88044,
            40.73577
          ],
          [
            -73.88052,
            40.73575
          ],
          [
            -73.88063,
            40.73572
          ],
          [
            -73.88082,
            40.73567
          ],
          [
            -73.88087,
            40.73566
          ],
          [
            -73.88087,
            40.73566
          ],
          [
            -73.88087,
            40.73566
          ],
          [
            -73.88099,
            40.73562
          ],
          [
            -73.88103,
            40.73561
          ],
          [
            -73.88108,
            40.73559
          ],
          [
            -73.88111,
            40.73557
          ],
          [
            -73.88117,
            40.73553
          ],
          [
            -73.88139,
            40.73538
          ],
          [
            -73.8817,
            40.73516
          ],
          [
            -73.88181,
            40.73509
          ],
          [
            -73.88183,
            40.73508
          ],
          [
            -73.88201,
            40.73495
          ],
          [
            -73.88204,
            40.73493
          ],
          [
            -73.88204,
            40.73493
          ],
          [
            -73.88204,
            40.73493
          ],
          [
            -73.88211,
            40.73488
          ],
          [
            -73.88217,
            40.73483
          ],
          [
            -73.88297,
            40.73428
          ],
          [
            -73.88348,
            40.73392
          ],
          [
            -73.88373,
            40.73365
          ],
          [
            -73.88376,
            40.73362
          ],
          [
            -73.88377,
            40.73361
          ],
          [
            -73.88381,
            40.73356
          ],
          [
            -73.88384,
            40.73351
          ],
          [
            -73.88395,
            40.73334
          ],
          [
            -73.88395,
            40.73334
          ],
          [
            -73.88395,
            40.73334
          ],
          [
            -73.88411,
            40.7331
          ],
          [
            -73.8845,
            40.73245
          ],
          [
            -73.88453,
            40.73239
          ],
          [
            -73.88456,
            40.73234
          ],
          [
            -73.88468,
            40.73214
          ],
          [
            -73.88469,
            40.73213
          ],
          [
            -73.88469,
            40.73213
          ],
          [
            -73.88469,
            40.73213
          ],
          [
            -73.8847,
            40.7321
          ],
          [
            -73.88472,
            40.73207
          ],
          [
            -73.88478,
            40.73197
          ],
          [
            -73.88484,
            40.73187
          ],
          [
            -73.8852,
            40.73131
          ],
          [
            -73.88532,
            40.73115
          ],
          [
            -73.88538,
            40.73108
          ],
          [
            -73.88545,
            40.73102
          ],
          [
            -73.88552,
            40.73098
          ],
          [
            -73.88558,
            40.73095
          ],
          [
            -73.88564,
            40.73092
          ],
          [
            -73.88593,
            40.73078
          ],
          [
            -73.88593,
            40.73078
          ],
          [
            -73.88593,
            40.73078
          ],
          [
            -73.88617,
            40.73067
          ],
          [
            -73.88637,
            40.73057
          ],
          [
            -73.88659,
            40.73047
          ],
          [
            -73.8867,
            40.73042
          ],
          [
            -73.88685,
            40.73037
          ],
          [
            -73.88695,
            40.73034
          ],
          [
            -73.88706,
            40.73032
          ],
          [
            -73.88741,
            40.73024
          ],
          [
            -73.88752,
            40.73021
          ],
          [
            -73.88763,
            40.73019
          ],
          [
            -73.88805,
            40.7301
          ],
          [
            -73.88812,
            40.73008
          ],
          [
            -73.88836,
            40.73003
          ],
          [
            -73.88836,
            40.73003
          ],
          [
            -73.88836,
            40.73003
          ],
          [
            -73.88849,
            40.73
          ],
          [
            -73.88857,
            40.72999
          ],
          [
            -73.88924,
            40.72983
          ],
          [
            -73.88937,
            40.72979
          ],
          [
            -73.88975,
            40.72969
          ],
          [
            -73.88981,
            40.72965
          ],
          [
            -73.88987,
            40.7296
          ],
          [
            -73.88996,
            40.72952
          ],
          [
            -73.89002,
            40.72946
          ],
          [
            -73.89007,
            40.7294
          ],
          [
            -73.89021,
            40.72926
          ],
          [
            -73.89024,
            40.72923
          ],
          [
            -73.89024,
            40.72923
          ],
          [
            -73.89024,
            40.72923
          ],
          [
            -73.8908,
            40.72868
          ],
          [
            -73.89086,
            40.72861
          ],
          [
            -73.89091,
            40.72856
          ],
          [
            -73.89095,
            40.72851
          ],
          [
            -73.89105,
            40.72842
          ],
          [
            -73.89118,
            40.72835
          ],
          [
            -73.8913,
            40.72829
          ],
          [
            -73.89142,
            40.72823
          ],
          [
            -73.89153,
            40.72817
          ],
          [
            -73.89161,
            40.72813
          ],
          [
            -73.89182,
            40.72801
          ],
          [
            -73.89182,
            40.72801
          ],
          [
            -73.89182,
            40.72801
          ],
          [
            -73.89221,
            40.7278
          ],
          [
            -73.89229,
            40.72776
          ],
          [
            -73.89235,
            40.72773
          ],
          [
            -73.89295,
            40.72743
          ],
          [
            -73.89312,
            40.7273
          ],
          [
            -73.8932,
            40.72725
          ],
          [
            -73.89327,
            40.72719
          ],
          [
            -73.89333,
            40.72716
          ],
          [
            -73.89386,
            40.72682
          ],
          [
            -73.89432,
            40.72655
          ],
          [
            -73.89436,
            40.72652
          ],
          [
            -73.8944,
            40.7265
          ],
          [
            -73.89444,
            40.72649
          ],
          [
            -73.89465,
            40.72637
          ],
          [
            -73.89468,
            40.72635
          ],
          [
            -73.89468,
            40.72635
          ],
          [
            -73.89468,
            40.72635
          ],
          [
            -73.89471,
            40.72633
          ],
          [
            -73.89482,
            40.72626
          ],
          [
            -73.89482,
            40.72623
          ],
          [
            -73.89517,
            40.72601
          ],
          [
            -73.89522,
            40.72599
          ],
          [
            -73.89532,
            40.72592
          ],
          [
            -73.89546,
            40.72584
          ],
          [
            -73.89548,
            40.72583
          ],
          [
            -73.89575,
            40.72568
          ],
          [
            -73.89575,
            40.72568
          ],
          [
            -73.89575,
            40.72568
          ],
          [
            -73.89585,
            40.72562
          ],
          [
            -73.89599,
            40.72556
          ],
          [
            -73.89651,
            40.72527
          ],
          [
            -73.89671,
            40.72517
          ],
          [
            -73.89682,
            40.72512
          ],
          [
            -73.89696,
            40.72505
          ],
          [
            -73.8972,
            40.72492
          ],
          [
            -73.89729,
            40.72488
          ],
          [
            -73.89729,
            40.72488
          ],
          [
            -73.89729,
            40.72488
          ],
          [
            -73.89806,
            40.72449
          ],
          [
            -73.89836,
            40.72433
          ],
          [
            -73.89844,
            40.72429
          ],
          [
            -73.89852,
            40.72426
          ],
          [
            -73.89867,
            40.72417
          ],
          [
            -73.89869,
            40.72416
          ],
          [
            -73.89875,
            40.72413
          ],
          [
            -73.89875,
            40.72413
          ],
          [
            -73.89875,
            40.72413
          ],
          [
            -73.89883,
            40.72409
          ],
          [
            -73.89954,
            40.72372
          ],
          [
            -73.89961,
            40.72368
          ],
          [
            -73.89968,
            40.72365
          ],
          [
            -73.89976,
            40.72361
          ],
          [
            -73.89976,
            40.72361
          ],
          [
            -73.89976,
            40.72361
          ],
          [
            -73.89992,
            40.72353
          ],
          [
            -73.90062,
            40.72317
          ],
          [
            -73.90062,
            40.72317
          ],
          [
            -73.90125,
            40.72278
          ],
          [
            -73.90143,
            40.72266
          ],
          [
            -73.9015,
            40.72262
          ],
          [
            -73.90158,
            40.72257
          ],
          [
            -73.90182,
            40.72242
          ],
          [
            -73.90184,
            40.72241
          ],
          [
            -73.90184,
            40.72241
          ],
          [
            -73.90184,
            40.72241
          ],
          [
            -73.90227,
            40.72215
          ],
          [
            -73.90312,
            40.72163
          ],
          [
            -73.90312,
            40.72163
          ],
          [
            -73.90309,
            40.72154
          ],
          [
            -73.90309,
            40.72152
          ],
          [
            -73.90301,
            40.72125
          ],
          [
            -73.90301,
            40.72125
          ],
          [
            -73.90301,
            40.72125
          ],
          [
            -73.90257,
            40.71965
          ],
          [
            -73.90252,
            40.71947
          ],
          [
            -73.9025,
            40.71941
          ],
          [
            -73.90249,
            40.71937
          ],
          [
            -73.90243,
            40.71916
          ],
          [
            -73.9024,
            40.71904
          ],
          [
            -73.9024,
            40.71904
          ],
          [
            -73.90248,
            40.71903
          ],
          [
            -73.90248,
            40.71903
          ],
          [
            -73.90248,
            40.71903
          ],
          [
            -73.9024,
            40.71904
          ],
          [
            -73.9024,
            40.71904
          ],
          [
            -73.90233,
            40.71882
          ],
          [
            -73.90229,
            40.71868
          ],
          [
            -73.90218,
            40.71828
          ],
          [
            -73.90214,
            40.71811
          ],
          [
            -73.90213,
            40.7181
          ],
          [
            -73.90213,
            40.7181
          ],
          [
            -73.90213,
            40.7181
          ],
          [
            -73.90213,
            40.71808
          ],
          [
            -73.9021,
            40.718
          ],
          [
            -73.90209,
            40.71795
          ],
          [
            -73.90184,
            40.71703
          ],
          [
            -73.90182,
            40.71697
          ],
          [
            -73.9018,
            40.71689
          ],
          [
            -73.90178,
            40.71685
          ],
          [
            -73.90178,
            40.71685
          ],
          [
            -73.90178,
            40.71685
          ],
          [
            -73.90175,
            40.71673
          ],
          [
            -73.90167,
            40.71646
          ],
          [
            -73.90163,
            40.71632
          ],
          [
            -73.90162,
            40.71626
          ],
          [
            -73.90159,
            40.71617
          ],
          [
            -73.90155,
            40.71603
          ],
          [
            -73.90146,
            40.71572
          ],
          [
            -73.90144,
            40.71565
          ],
          [
            -73.90143,
            40.71559
          ],
          [
            -73.90138,
            40.71541
          ],
          [
            -73.90126,
            40.71498
          ],
          [
            -73.9012,
            40.71478
          ],
          [
            -73.9012,
            40.71478
          ],
          [
            -73.9012,
            40.71478
          ],
          [
            -73.9012,
            40.71477
          ],
          [
            -73.90119,
            40.71473
          ],
          [
            -73.90116,
            40.71462
          ],
          [
            -73.90114,
            40.71454
          ],
          [
            -73.90105,
            40.71425
          ],
          [
            -73.90103,
            40.71417
          ],
          [
            -73.90095,
            40.71388
          ],
          [
            -73.90094,
            40.71384
          ],
          [
            -73.90089,
            40.71368
          ],
          [
            -73.90075,
            40.71317
          ],
          [
            -73.90075,
            40.71316
          ],
          [
            -73.90063,
            40.71278
          ],
          [
            -73.90059,
            40.7127
          ],
          [
            -73.90056,
            40.71263
          ],
          [
            -73.90051,
            40.71254
          ],
          [
            -73.90051,
            40.71253
          ],
          [
            -73.90051,
            40.71253
          ],
          [
            -73.90062,
            40.71251
          ],
          [
            -73.9007,
            40.71248
          ],
          [
            -73.9007,
            40.71248
          ],
          [
            -73.9007,
            40.71248
          ],
          [
            -73.90062,
            40.71251
          ],
          [
            -73.90051,
            40.71253
          ],
          [
            -73.90051,
            40.71253
          ],
          [
            -73.90049,
            40.7125
          ],
          [
            -73.90046,
            40.71244
          ],
          [
            -73.90039,
            40.7123
          ],
          [
            -73.90034,
            40.71221
          ],
          [
            -73.90031,
            40.71214
          ],
          [
            -73.90022,
            40.71198
          ],
          [
            -73.90019,
            40.7119
          ],
          [
            -73.90017,
            40.71187
          ],
          [
            -73.90009,
            40.71171
          ],
          [
            -73.89986,
            40.71127
          ],
          [
            -73.89983,
            40.71122
          ],
          [
            -73.89975,
            40.71106
          ],
          [
            -73.89971,
            40.71098
          ],
          [
            -73.89968,
            40.71093
          ],
          [
            -73.89948,
            40.71056
          ],
          [
            -73.89944,
            40.71048
          ],
          [
            -73.89939,
            40.71039
          ],
          [
            -73.89936,
            40.71032
          ],
          [
            -73.89932,
            40.71027
          ],
          [
            -73.89895,
            40.70974
          ],
          [
            -73.89891,
            40.70968
          ],
          [
            -73.89887,
            40.70963
          ],
          [
            -73.89876,
            40.70948
          ],
          [
            -73.89872,
            40.70942
          ],
          [
            -73.89872,
            40.70942
          ],
          [
            -73.89872,
            40.70942
          ],
          [
            -73.8985,
            40.7091
          ],
          [
            -73.89845,
            40.70904
          ],
          [
            -73.89842,
            40.70899
          ],
          [
            -73.89805,
            40.70847
          ],
          [
            -73.898,
            40.7084
          ],
          [
            -73.89797,
            40.70835
          ],
          [
            -73.89792,
            40.70829
          ],
          [
            -73.89792,
            40.70829
          ],
          [
            -73.89792,
            40.70829
          ],
          [
            -73.89784,
            40.70816
          ],
          [
            -73.89774,
            40.70802
          ],
          [
            -73.8976,
            40.70782
          ],
          [
            -73.89756,
            40.70776
          ],
          [
            -73.89754,
            40.70771
          ],
          [
            -73.89726,
            40.70715
          ],
          [
            -73.89723,
            40.7071
          ],
          [
            -73.89721,
            40.70704
          ],
          [
            -73.89697,
            40.70657
          ],
          [
            -73.89694,
            40.7065
          ],
          [
            -73.89694,
            40.7065
          ],
          [
            -73.89705,
            40.70647
          ],
          [
            -73.89734,
            40.7064
          ],
          [
            -73.89734,
            40.7064
          ]
        ]
      }
    }
  ]
}