{
  "type": "FeatureCollection",
  "features": [
    {
      "type": "Feature",
      "properties": {
        "route_id": "S53-W-RushHour",
        "layer": "T1 Original"
      },
      "geometry": {
        "type": "LineString",
        "coordinates": [
          [
            -74.02856,
            40.62228
          ],
          [
            -74.02864,
            40.6221
          ],
          [
            -74.02867,
            40.62203
          ],
          [
            -74.02869,
            40.62196
          ],
          [
            -74.0289,
            40.62144
          ],
          [
            -74.02893,
            40.62138
          ],
          [
            -74.02897,
            40.62129
          ],
          [
            -74.02901,
            40.62119
          ],
          [
            -74.02905,
            40.62108
          ],
          [
            -74.02917,
            40.62078
          ],
          [
            -74.0292,
            40.62073
          ],
          [
            -74.02921,
            40.62071
          ],
          [
            -74.02927,
            40.62055
          ],
          [
            -74.02929,
            40.62051
          ],
          [
            -74.02931,
            40.62046
          ],
          [
            -74.02933,
            40.62041
          ],
          [
            -74.02934,
            40.62039
          ],
          [
            -74.02954,
            40.61989
          ],
          [
            -74.02956,
            40.61983
          ],
          [
            -74.02959,
            40.61978
          ],
          [
            -74.02969,
            40.61951
          ],
          [
            -74.02969,
            40.61951
          ],
          [
            -74.02969,
            40.61951
          ],
          [
            -74.02981,
            40.61922
          ],
          [
            -74.02984,
            40.61915
          ],
          [
            -74.02986,
            40.6191
          ],
          [
            -74.03001,
            40.61875
          ],
          [
            -74.03012,
            40.61847
          ],
          [
            -74.03015,
            40.61841
          ],
          [
            -74.03017,
            40.61834
          ],
          [
            -74.03017,
            40.61834
          ],
          [
            -74.03005,
            40.61828
          ],
          [
            -74.03,
            40.61825
          ],
          [
            -74.0294,
            40.61795
          ],
          [
            -74.0293,
            40.6179
          ],
          [
            -74.02923,
            40.61786
          ],
          [
            -74.02847,
            40.61749
          ],
          [
            -74.0284,
            40.61746
          ],
          [
            -74.02833,
            40.61742
          ],
          [
            -74.02788,
            40.6172
          ],
          [
            -74.02759,
            40.61705
          ],
          [
            -74.02756,
            40.61703
          ],
          [
            -74.02749,
            40.61695
          ],
          [
            -74.02741,
            40.61691
          ],
          [
            -74.02727,
            40.61684
          ],
          [
            -74.02715,
            40.61678
          ],
          [
            -74.02715,
            40.61678
          ],
          [
            -74.02715,
            40.61678
          ],
          [
            -74.0271,
            40.61675
          ],
          [
            -74.02695,
            40.61668
          ],
          [
            -74.02692,
            40.61666
          ],
          [
            -74.02681,
            40.61661
          ],
          [
            -74.02678,
            40.61659
          ],
          [
            -74.02669,
            40.61655
          ],
          [
            -74.02669,
            40.61655
          ],
          [
            -74.02682,
            40.61647
          ],
          [
            -74.02684,
            40.61646
          ],
          [
            -74.02702,
            40.61624
          ],
          [
            -74.02702,
            40.61624
          ],
          [
            -74.02738,
            40.61583
          ],
          [
            -74.02788,
            40.61525
          ],
          [
            -74.02828,
            40.6148
          ],
          [
            -74.02889,
            40.61416
          ],
          [
            -74.02958,
            40.61339
          ],
          [
            -74.02989,
            40.61295
          ],
          [
            -74.02989,
            40.61295
          ],
          [
            -74.03005,
            40.61276
          ],
          [
            -74.03028,
            40.61244
          ],
          [
            -74.03059,
            40.61202
          ],
          [
            -74.03072,
            40.61186
          ],
          [
            -74.03086,
            40.6117
          ],
          [
            -74.03105,
            40.6115
          ],
          [
            -74.03127,
            40.6113
          ],
          [
            -74.0315,
            40.61111
          ],
          [
            -74.03167,
            40.61099
          ],
          [
            -74.03183,
            40.61088
          ],
          [
            -74.03201,
            40.6108
          ],
          [
            -74.03268,
            40.61057
          ],
          [
            -74.0334,
            40.61033
          ],
          [
            -74.03433,
            40.61003
          ],
          [
            -74.03433,
            40.61003
          ],
          [
            -74.03663,
            40.6093
          ],
          [
            -74.03884,
            40.60859
          ],
          [
            -74.04055,
            40.60804
          ],
          [
            -74.04259,
            40.60738
          ],
          [
            -74.0449,
            40.60663
          ],
          [
            -74.04755,
            40.60577
          ],
          [
            -74.04965,
            40.60509
          ],
          [
            -74.05237,
            40.60422
          ],
          [
            -74.05382,
            40.60375
          ],
          [
            -74.05579,
            40.60311
          ],
          [
            -74.0573,
            40.60261
          ],
          [
            -74.05762,
            40.60251
          ],
          [
            -74.05795,
            40.60242
          ],
          [
            -74.05827,
            40.60233
          ],
          [
            -74.05861,
            40.60224
          ],
          [
            -74.05861,
            40.60224
          ],
          [
            -74.05875,
            40.6022
          ],
          [
            -74.05891,
            40.60217
          ],
          [
            -74.05907,
            40.60214
          ],
          [
            -74.05922,
            40.60211
          ],
          [
            -74.05936,
            40.60209
          ],
          [
            -74.0595,
            40.60208
          ],
          [
            -74.05963,
            40.60207
          ],
          [
            -74.05978,
            40.60207
          ],
          [
            -74.05992,
            40.60206
          ],
          [
            -74.06006,
            40.60207
          ],
          [
            -74.0602,
            40.60207
          ],
          [
            -74.06035,
            40.60208
          ],
          [
            -74.06049,
            40.60209
          ],
          [
            -74.06063,
            40.6021
          ],
          [
            -74.06078,
            40.60212
          ],
          [
            -74.06093,
            40.60214
          ],
          [
            -74.0612,
            40.60217
          ],
          [
            -74.06148,
            40.60222
          ],
          [
            -74.06176,
            40.60226
          ],
          [
            -74.06203,
            40.6023
          ],
          [
            -74.06234,
            40.60236
          ],
          [
            -74.0625,
            40.60239
          ],
          [
            -74.06267,
            40.60242
          ],
          [
            -74.0628,
            40.60245
          ],
          [
            -74.06287,
            40.60246
          ],
          [
            -74.06294,
            40.60248
          ],
          [
            -74.0637,
            40.60262
          ],
          [
            -74.06374,
            40.60263
          ],
          [
            -74.06379,
            40.60264
          ],
          [
            -74.06408,
            40.6027
          ],
          [
            -74.06436,
            40.60276
          ],
          [
            -74.06464,
            40.60283
          ],
          [
            -74.06491,
            40.6029
          ],
          [
            -74.06518,
            40.60297
          ],
          [
            -74.06546,
            40.60305
          ],
          [
            -74.06546,
            40.60305
          ],
          [
            -74.06563,
            40.60311
          ],
          [
            -74.06582,
            40.60319
          ],
          [
            -74.06613,
            40.60331
          ],
          [
            -74.06631,
            40.60338
          ],
          [
            -74.06645,
            40.60343
          ],
          [
            -74.06655,
            40.60347
          ],
          [
            -74.06667,
            40.60352
          ],
          [
            -74.06679,
            40.60358
          ],
          [
            -74.06688,
            40.60363
          ],
          [
            -74.06696,
            40.60368
          ],
          [
            -74.06703,
            40.60373
          ],
          [
            -74.06708,
            40.60378
          ],
          [
            -74.06712,
            40.60382
          ],
          [
            -74.06715,
            40.60387
          ],
          [
            -74.06717,
            40.60392
          ],
          [
            -74.06718,
            40.60397
          ],
          [
            -74.06719,
            40.60403
          ],
          [
            -74.06719,
            40.60408
          ],
          [
            -74.06718,
            40.60414
          ],
          [
            -74.06715,
            40.60419
          ],
          [
            -74.06712,
            40.60425
          ],
          [
            -74.06707,
            40.6043
          ],
          [
            -74.06701,
            40.60434
          ],
          [
            -74.06695,
            40.60438
          ],
          [
            -74.06688,
            40.60442
          ],
          [
            -74.0668,
            40.60445
          ],
          [
            -74.06673,
            40.60446
          ],
          [
            -74.06664,
            40.60447
          ],
          [
            -74.06656,
            40.60447
          ],
          [
            -74.06648,
            40.60447
          ],
          [
            -74.0664,
            40.60445
          ],
          [
            -74.06632,
            40.60442
          ],
          [
            -74.06625,
            40.60438
          ],
          [
            -74.06619,
            40.60434
          ],
          [
            -74.06615,
            40.6043
          ],
          [
            -74.06611,
            40.60425
          ],
          [
            -74.06608,
            40.60421
          ],
          [
            -74.06607,
            40.6042
          ],
          [
            -74.06605,
            40.60415
          ],
          [
            -74.06605,
            40.60413
          ],
          [
            -74.06604,
            40.60411
          ],
          [
            -74.06601,
            40.60406
          ],
          [
            -74.06598,
            40.60397
          ],
          [
            -74.06595,
            40.60388
          ],
          [
            -74.06592,
            40.6038
          ],
          [
            -74.06589,
            40.60371
          ],
          [
            -74.06585,
            40.60359
          ],
          [
            -74.06574,
            40.60335
          ],
          [
            -74.06574,
            40.60335
          ],
          [
            -74.06539,
            40.60207
          ],
          [
            -74.06529,
            40.60181
          ],
          [
            -74.06523,
            40.6016
          ],
          [
            -74.06521,
            40.60152
          ],
          [
            -74.06516,
            40.60135
          ],
          [
            -74.06513,
            40.60123
          ],
          [
            -74.06508,
            40.60106
          ],
          [
            -74.06505,
            40.60096
          ],
          [
            -74.06502,
            40.60086
          ],
          [
            -74.06499,
            40.60077
          ],
          [
            -74.06495,
            40.60068
          ],
          [
            -74.06491,
            40.60058
          ],
          [
            -74.06486,
            40.60048
          ],
          [
            -74.06481,
            40.60038
          ],
          [
            -74.06475,
            40.60028
          ],
          [
            -74.06475,
            40.60028
          ],
          [
            -74.06475,
            40.60028
          ],
          [
            -74.06468,
            40.60018
          ],
          [
            -74.06463,
            40.6001
          ],
          [
            -74.06445,
            40.59984
          ],
          [
            -74.06389,
            40.59904
          ],
          [
            -74.06386,
            40.59901
          ],
          [
            -74.06381,
            40.59893
          ],
          [
            -74.06381,
            40.59893
          ],
          [
            -74.06392,
            40.59889
          ],
          [
            -74.06407,
            40.59885
          ],
          [
            -74.0642,
            40.5988
          ],
          [
            -74.0642,
            40.5988
          ],
          [
            -74.0642,
            40.5988
          ],
          [
            -74.06518,
            40.59847
          ],
          [
            -74.06546,
            40.59838
          ],
          [
            -74.06556,
            40.59835
          ],
          [
            -74.06581,
            40.59826
          ],
          [
            -74.06591,
            40.59823
          ],
          [
            -74.06604,
            40.59819
          ],
          [
            -74.06622,
            40.59813
          ],
          [
            -74.06622,
            40.59813
          ],
          [
            -74.06622,
            40.59813
          ],
          [
            -74.06604,
            40.59819
          ],
          [
            -74.06591,
            40.59823
          ],
          [
            -74.06581,
            40.59826
          ],
          [
            -74.06556,
            40.59835
          ],
          [
            -74.06546,
            40.59838
          ],
          [
            -74.06518,
            40.59847
          ],
          [
            -74.06407,
            40.59885
          ],
          [
            -74.06392,
            40.59889
          ],
          [
            -74.06381,
            40.59893
          ],
          [
            -74.06381,
            40.59893
          ],
          [
            -74.06371,
            40.59896
          ],
          [
            -74.06376,
            40.59903
          ],
          [
            -74.06394,
            40.59928
          ],
          [
            -74.06441,
            40.59996
          ],
          [
            -74.06453,
            40.60013
          ],
          [
            -74.06459,
            40.60021
          ],
          [
            -74.06468,
            40.60035
          ],
          [
            -74.0647,
            40.60039
          ],
          [
            -74.06475,
            40.60049
          ],
          [
            -74.0648,
            40.60059
          ],
          [
            -74.06484,
            40.60068
          ],
          [
            -74.06488,
            40.60078
          ],
          [
            -74.06491,
            40.60088
          ],
          [
            -74.06497,
            40.60106
          ],
          [
            -74.06502,
            40.60124
          ],
          [
            -74.06503,
            40.60127
          ],
          [
            -74.06506,
            40.60137
          ],
          [
            -74.06562,
            40.60333
          ],
          [
            -74.06565,
            40.60341
          ],
          [
            -74.06567,
            40.6035
          ],
          [
            -74.06569,
            40.60359
          ],
          [
            -74.0657,
            40.60367
          ],
          [
            -74.06572,
            40.60375
          ],
          [
            -74.06573,
            40.60386
          ],
          [
            -74.06574,
            40.60396
          ],
          [
            -74.06575,
            40.60405
          ],
          [
            -74.06574,
            40.60414
          ],
          [
            -74.06574,
            40.60422
          ],
          [
            -74.06573,
            40.6043
          ],
          [
            -74.06572,
            40.6044
          ],
          [
            -74.06572,
            40.6044
          ],
          [
            -74.06575,
            40.60443
          ],
          [
            -74.06579,
            40.60447
          ],
          [
            -74.06583,
            40.60449
          ],
          [
            -74.06588,
            40.60453
          ],
          [
            -74.06591,
            40.60455
          ],
          [
            -74.06595,
            40.60457
          ],
          [
            -74.06599,
            40.60459
          ],
          [
            -74.06605,
            40.60461
          ],
          [
            -74.06611,
            40.60462
          ],
          [
            -74.06618,
            40.60463
          ],
          [
            -74.06624,
            40.60463
          ],
          [
            -74.06631,
            40.60463
          ],
          [
            -74.06638,
            40.60463
          ],
          [
            -74.06645,
            40.60462
          ],
          [
            -74.06652,
            40.6046
          ],
          [
            -74.06658,
            40.60459
          ],
          [
            -74.06691,
            40.60452
          ],
          [
            -74.06712,
            40.60443
          ],
          [
            -74.06712,
            40.60443
          ],
          [
            -74.06725,
            40.60438
          ],
          [
            -74.06731,
            40.60435
          ],
          [
            -74.06739,
            40.60432
          ],
          [
            -74.06748,
            40.6043
          ],
          [
            -74.06757,
            40.60428
          ],
          [
            -74.06765,
            40.60427
          ],
          [
            -74.06774,
            40.60426
          ],
          [
            -74.06782,
            40.60425
          ],
          [
            -74.0679,
            40.60425
          ],
          [
            -74.06799,
            40.60426
          ],
          [
            -74.06807,
            40.60426
          ],
          [
            -74.06814,
            40.60428
          ],
          [
            -74.06873,
            40.60438
          ],
          [
            -74.06885,
            40.60439
          ],
          [
            -74.06898,
            40.6044
          ],
          [
            -74.0691,
            40.60445
          ],
          [
            -74.07082,
            40.60514
          ],
          [
            -74.07179,
            40.60553
          ],
          [
            -74.07191,
            40.60558
          ],
          [
            -74.07203,
            40.60562
          ],
          [
            -74.07213,
            40.60566
          ],
          [
            -74.07231,
            40.60573
          ],
          [
            -74.07244,
            40.60578
          ],
          [
            -74.07257,
            40.60582
          ],
          [
            -74.0727,
            40.60587
          ],
          [
            -74.07283,
            40.60592
          ],
          [
            -74.07296,
            40.60596
          ],
          [
            -74.07308,
            40.606
          ],
          [
            -74.07322,
            40.60605
          ],
          [
            -74.07327,
            40.60606
          ],
          [
            -74.0734,
            40.60611
          ],
          [
            -74.07348,
            40.60613
          ],
          [
            -74.0736,
            40.60617
          ],
          [
            -74.07375,
            40.60621
          ],
          [
            -74.07389,
            40.60625
          ],
          [
            -74.07403,
            40.60629
          ],
          [
            -74.07416,
            40.60632
          ],
          [
            -74.07428,
            40.60636
          ],
          [
            -74.07443,
            40.60639
          ],
          [
            -74.07457,
            40.60643
          ],
          [
            -74.07471,
            40.60646
          ],
          [
            -74.07484,
            40.60649
          ],
          [
            -74.07497,
            40.60652
          ],
          [
            -74.07511,
            40.60655
          ],
          [
            -74.07525,
            40.60658
          ],
          [
            -74.07539,
            40.60661
          ],
          [
            -74.07552,
            40.60663
          ],
          [
            -74.07565,
            40.60666
          ],
          [
            -74.07575,
            40.60667
          ],
          [
            -74.07578,
            40.60668
          ],
          [
            -74.07592,
            40.6067
          ],
          [
            -74.07607,
            40.60673
          ],
          [
            -74.07622,
            40.60676
          ],
          [
            -74.07635,
            40.60677
          ],
          [
            -74.07646,
            40.60679
          ],
          [
            -74.07667,
            40.60682
          ],
          [
            -74.07682,
            40.60684
          ],
          [
            -74.07698,
            40.60685
          ],
          [
            -74.07711,
            40.60687
          ],
          [
            -74.07725,
            40.60688
          ],
          [
            -74.07735,
            40.60689
          ],
          [
            -74.07745,
            40.60689
          ],
          [
            -74.07755,
            40.6069
          ],
          [
            -74.07764,
            40.6069
          ],
          [
            -74.07774,
            40.6069
          ],
          [
            -74.07787,
            40.6069
          ],
          [
            -74.07799,
            40.6069
          ],
          [
            -74.07808,
            40.60689
          ],
          [
            -74.07816,
            40.60689
          ],
          [
            -74.07828,
            40.60688
          ],
          [
            -74.07844,
            40.60687
          ],
          [
            -74.07857,
            40.60686
          ],
          [
            -74.07872,
            40.60684
          ],
          [
            -74.07886,
            40.60682
          ],
          [
            -74.07899,
            40.6068
          ],
          [
            -74.07914,
            40.60677
          ],
          [
            -74.07936,
            40.60672
          ],
          [
            -74.07968,
            40.60665
          ],
          [
            -74.07982,
            40.60661
          ],
          [
            -74.07996,
            40.60658
          ],
          [
            -74.0801,
            40.60656
          ],
          [
            -74.08025,
            40.60654
          ],
          [
            -74.08066,
            40.60651
          ],
          [
            -74.08095,
            40.60651
          ],
          [
            -74.08112,
            40.60652
          ],
          [
            -74.08129,
            40.60653
          ],
          [
            -74.08149,
            40.60654
          ],
          [
            -74.08166,
            40.60655
          ],
          [
            -74.08188,
            40.60657
          ],
          [
            -74.08209,
            40.6066
          ],
          [
            -74.08228,
            40.60662
          ],
          [
            -74.08245,
            40.60665
          ],
          [
            -74.08264,
            40.60669
          ],
          [
            -74.08281,
            40.60672
          ],
          [
            -74.08293,
            40.60675
          ],
          [
            -74.08307,
            40.60678
          ],
          [
            -74.08321,
            40.60681
          ],
          [
            -74.08334,
            40.60684
          ],
          [
            -74.08348,
            40.60688
          ],
          [
            -74.08361,
            40.60692
          ],
          [
            -74.08376,
            40.60696
          ],
          [
            -74.08376,
            40.60696
          ],
          [
            -74.0841,
            40.607
          ],
          [
            -74.08581,
            40.60743
          ],
          [
            -74.08596,
            40.60747
          ],
          [
            -74.08609,
            40.60751
          ],
          [
            -74.08621,
            40.60754
          ],
          [
            -74.08659,
            40.60762
          ],
          [
            -74.08659,
            40.60762
          ],
          [
            -74.08847,
            40.60839
          ],
          [
            -74.08885,
            40.60855
          ],
          [
            -74.08987,
            40.60899
          ],
          [
            -74.08987,
            40.60899
          ],
          [
            -74.09011,
            40.60917
          ],
          [
            -74.09049,
            40.60933
          ],
          [
            -74.09065,
            40.6094
          ],
          [
            -74.0908,
            40.60946
          ],
          [
            -74.09102,
            40.60956
          ],
          [
            -74.09122,
            40.60965
          ],
          [
            -74.09211,
            40.61006
          ],
          [
            -74.09256,
            40.61027
          ],
          [
            -74.09266,
            40.61031
          ],
          [
            -74.09276,
            40.61036
          ],
          [
            -74.09287,
            40.6104
          ],
          [
            -74.09297,
            40.61044
          ],
          [
            -74.09308,
            40.61048
          ],
          [
            -74.09319,
            40.61051
          ],
          [
            -74.0933,
            40.61055
          ],
          [
            -74.09341,
            40.61058
          ],
          [
            -74.09353,
            40.61061
          ],
          [
            -74.09365,
            40.61064
          ],
          [
            -74.0941,
            40.61078
          ],
          [
            -74.0941,
            40.61078
          ],
          [
            -74.09423,
            40.6108
          ],
          [
            -74.09435,
            40.61083
          ],
          [
            -74.09447,
            40.61085
          ],
          [
            -74.09455,
            40.61086
          ],
          [
            -74.09461,
            40.61087
          ],
          [
            -74.09475,
            40.61089
          ],
          [
            -74.09489,
            40.61091
          ],
          [
            -74.09503,
            40.61093
          ],
          [
            -74.09517,
            40.61095
          ],
          [
            -74.09532,
            40.61096
          ],
          [
            -74.09545,
            40.61098
          ],
          [
            -74.0956,
            40.61099
          ],
          [
            -74.09573,
            40.611
          ],
          [
            -74.09588,
            40.61101
          ],
          [
            -74.09601,
            40.61101
          ],
          [
            -74.09616,
            40.61102
          ],
          [
            -74.0963,
            40.61102
          ],
          [
            -74.09644,
            40.61102
          ],
          [
            -74.09659,
            40.61102
          ],
          [
            -74.09672,
            40.61102
          ],
          [
            -74.09687,
            40.61102
          ],
          [
            -74.09702,
            40.61101
          ],
          [
            -74.09702,
            40.61101
          ],
          [
            -74.0975,
            40.61102
          ],
          [
            -74.09756,
            40.61103
          ],
          [
            -74.09763,
            40.61103
          ],
          [
            -74.0977,
            40.61104
          ],
          [
            -74.09776,
            40.61105
          ],
          [
            -74.09781,
            40.61105
          ],
          [
            -74.09785,
            40.61107
          ],
          [
            -74.09792,
            40.61109
          ],
          [
            -74.09799,
            40.61111
          ],
          [
            -74.09806,
            40.61114
          ],
          [
            -74.09841,
            40.61126
          ],
          [
            -74.09841,
            40.61126
          ],
          [
            -74.0985,
            40.61136
          ],
          [
            -74.09858,
            40.61145
          ],
          [
            -74.09864,
            40.61152
          ],
          [
            -74.09885,
            40.61179
          ],
          [
            -74.09891,
            40.61186
          ],
          [
            -74.09911,
            40.61212
          ],
          [
            -74.09929,
            40.61236
          ],
          [
            -74.09935,
            40.61243
          ],
          [
            -74.09941,
            40.6125
          ],
          [
            -74.09961,
            40.61267
          ],
          [
            -74.09988,
            40.61292
          ],
          [
            -74.10008,
            40.61312
          ],
          [
            -74.10035,
            40.61332
          ],
          [
            -74.10043,
            40.61338
          ],
          [
            -74.10054,
            40.61347
          ],
          [
            -74.10061,
            40.61352
          ],
          [
            -74.10067,
            40.61356
          ],
          [
            -74.10077,
            40.61363
          ],
          [
            -74.10126,
            40.61399
          ],
          [
            -74.1021,
            40.61461
          ],
          [
            -74.10256,
            40.6152
          ],
          [
            -74.10265,
            40.61532
          ],
          [
            -74.10273,
            40.61542
          ],
          [
            -74.10285,
            40.61557
          ],
          [
            -74.10302,
            40.61579
          ],
          [
            -74.10312,
            40.61592
          ],
          [
            -74.10319,
            40.616
          ],
          [
            -74.10321,
            40.61603
          ],
          [
            -74.1033,
            40.61613
          ],
          [
            -74.10342,
            40.6163
          ],
          [
            -74.10344,
            40.61632
          ],
          [
            -74.10352,
            40.61642
          ],
          [
            -74.10356,
            40.61651
          ],
          [
            -74.10357,
            40.61655
          ],
          [
            -74.10388,
            40.61692
          ],
          [
            -74.10398,
            40.61703
          ],
          [
            -74.10405,
            40.61711
          ],
          [
            -74.10416,
            40.61715
          ],
          [
            -74.10458,
            40.61761
          ],
          [
            -74.10495,
            40.61802
          ],
          [
            -74.10512,
            40.61822
          ],
          [
            -74.10519,
            40.61829
          ],
          [
            -74.10524,
            40.61834
          ],
          [
            -74.10549,
            40.61856
          ],
          [
            -74.10556,
            40.61863
          ],
          [
            -74.10573,
            40.61876
          ],
          [
            -74.10585,
            40.61885
          ],
          [
            -74.10601,
            40.61895
          ],
          [
            -74.10611,
            40.619
          ],
          [
            -74.10631,
            40.61909
          ],
          [
            -74.10657,
            40.6192
          ],
          [
            -74.10657,
            40.6192
          ],
          [
            -74.10657,
            40.6192
          ],
          [
            -74.10631,
            40.61909
          ],
          [
            -74.10611,
            40.619
          ],
          [
            -74.10601,
            40.61895
          ],
          [
            -74.10585,
            40.61885
          ],
          [
            -74.10573,
            40.61876
          ],
          [
            -74.10556,
            40.61863
          ],
          [
            -74.10549,
            40.61856
          ],
          [
            -74.10524,
            40.61834
          ],
          [
            -74.10519,
            40.61829
          ],
          [
            -74.10512,
            40.61822
          ],
          [
            -74.10495,
            40.61802
          ],
          [
            -74.10458,
            40.61761
          ],
          [
            -74.10416,
            40.61715
          ],
          [
            -74.10414,
            40.61707
          ],
          [
            -74.10375,
            40.61663
          ],
          [
            -74.10368,
            40.61655
          ],
          [
            -74.10366,
            40.61652
          ],
          [
            -74.10363,
            40.6165
          ],
          [
            -74.10352,
            40.61642
          ],
          [
            -74.10344,
            40.61632
          ],
          [
            -74.10342,
            40.6163
          ],
          [
            -74.1033,
            40.61613
          ],
          [
            -74.10321,
            40.61603
          ],
          [
            -74.10319,
            40.616
          ],
          [
            -74.10312,
            40.61592
          ],
          [
            -74.10302,
            40.61579
          ],
          [
            -74.10285,
            40.61557
          ],
          [
            -74.10273,
            40.61542
          ],
          [
            -74.10265,
            40.61532
          ],
          [
            -74.10256,
            40.6152
          ],
          [
            -74.1021,
            40.61461
          ],
          [
            -74.10126,
            40.61399
          ],
          [
            -74.10077,
            40.61363
          ],
          [
            -74.10067,
            40.61356
          ],
          [
            -74.10061,
            40.61352
          ],
          [
            -74.10054,
            40.61347
          ],
          [
            -74.10043,
            40.61338
          ],
          [
            -74.10035,
            40.61332
          ],
          [
            -74.10008,
            40.61312
          ],
          [
            -74.09988,
            40.61292
          ],
          [
            -74.09961,
            40.61267
          ],
          [
            -74.09941,
            40.6125
          ],
          [
            -74.09935,
            40.61243
          ],
          [
            -74.09929,
            40.61236
          ],
          [
            -74.09911,
            40.61212
          ],
          [
            -74.09891,
            40.61186
          ],
          [
            -74.09885,
            40.61179
          ],
          [
            -74.09864,
            40.61152
          ],
          [
            -74.09858,
            40.61145
          ],
          [
            -74.0985,
            40.61136
          ],
          [
            -74.09841,
            40.61126
          ],
          [
            -74.09834,
            40.61119
          ],
          [
            -74.09819,
            40.61103
          ],
          [
            -74.0981,
            40.61096
          ],
          [
            -74.09803,
            40.61089
          ],
          [
            -74.09787,
            40.61073
          ],
          [
            -74.09768,
            40.61054
          ],
          [
            -74.0975,
            40.61035
          ],
          [
            -74.09741,
            40.61027
          ],
          [
            -74.09729,
            40.61027
          ],
          [
            -74.09707,
            40.61027
          ],
          [
            -74.09693,
            40.61028
          ],
          [
            -74.09682,
            40.61029
          ],
          [
            -74.09672,
            40.61029
          ],
          [
            -74.0966,
            40.6103
          ],
          [
            -74.0965,
            40.6103
          ],
          [
            -74.09639,
            40.6103
          ],
          [
            -74.09625,
            40.6103
          ],
          [
            -74.09609,
            40.61029
          ],
          [
            -74.09594,
            40.61029
          ],
          [
            -74.09579,
            40.61028
          ],
          [
            -74.09562,
            40.61027
          ],
          [
            -74.09543,
            40.61025
          ],
          [
            -74.09523,
            40.61023
          ],
          [
            -74.09508,
            40.61021
          ],
          [
            -74.09493,
            40.61019
          ],
          [
            -74.09479,
            40.61017
          ],
          [
            -74.09464,
            40.61014
          ],
          [
            -74.0945,
            40.61012
          ],
          [
            -74.09437,
            40.61009
          ],
          [
            -74.09422,
            40.61006
          ],
          [
            -74.09409,
            40.61003
          ],
          [
            -74.09369,
            40.60994
          ],
          [
            -74.09369,
            40.60994
          ],
          [
            -74.0934,
            40.60992
          ],
          [
            -74.09258,
            40.6097
          ],
          [
            -74.09247,
            40.60967
          ],
          [
            -74.09235,
            40.60963
          ],
          [
            -74.09224,
            40.6096
          ],
          [
            -74.09215,
            40.60957
          ],
          [
            -74.09205,
            40.60953
          ],
          [
            -74.09195,
            40.6095
          ],
          [
            -74.09116,
            40.60926
          ],
          [
            -74.09116,
            40.60926
          ],
          [
            -74.09076,
            40.60909
          ],
          [
            -74.09037,
            40.60893
          ],
          [
            -74.08904,
            40.60837
          ],
          [
            -74.08866,
            40.6082
          ],
          [
            -74.08723,
            40.60761
          ],
          [
            -74.08697,
            40.60749
          ],
          [
            -74.08672,
            40.60739
          ],
          [
            -74.08647,
            40.60729
          ],
          [
            -74.0862,
            40.60719
          ],
          [
            -74.08594,
            40.6071
          ],
          [
            -74.08568,
            40.60701
          ],
          [
            -74.08542,
            40.60692
          ],
          [
            -74.08529,
            40.60688
          ],
          [
            -74.08515,
            40.60684
          ],
          [
            -74.08502,
            40.6068
          ],
          [
            -74.08488,
            40.60676
          ],
          [
            -74.08474,
            40.60672
          ],
          [
            -74.0846,
            40.60669
          ],
          [
            -74.08446,
            40.60665
          ],
          [
            -74.08433,
            40.60662
          ],
          [
            -74.08419,
            40.60658
          ],
          [
            -74.08405,
            40.60655
          ],
          [
            -74.08392,
            40.60652
          ],
          [
            -74.08378,
            40.6065
          ],
          [
            -74.08364,
            40.60647
          ],
          [
            -74.08348,
            40.60644
          ],
          [
            -74.08332,
            40.60641
          ],
          [
            -74.08315,
            40.60638
          ],
          [
            -74.08299,
            40.60636
          ],
          [
            -74.08279,
            40.60633
          ],
          [
            -74.0826,
            40.6063
          ],
          [
            -74.08242,
            40.60628
          ],
          [
            -74.08219,
            40.60625
          ],
          [
            -74.08194,
            40.60623
          ],
          [
            -74.08176,
            40.60621
          ],
          [
            -74.08155,
            40.6062
          ],
          [
            -74.08138,
            40.60618
          ],
          [
            -74.08123,
            40.60618
          ],
          [
            -74.0811,
            40.60617
          ],
          [
            -74.08097,
            40.60616
          ],
          [
            -74.07936,
            40.60613
          ],
          [
            -74.07897,
            40.60612
          ],
          [
            -74.07761,
            40.60606
          ],
          [
            -74.07761,
            40.60606
          ],
          [
            -74.07726,
            40.60599
          ],
          [
            -74.0771,
            40.60598
          ],
          [
            -74.07694,
            40.60597
          ],
          [
            -74.0768,
            40.60596
          ],
          [
            -74.07668,
            40.60596
          ],
          [
            -74.07659,
            40.60595
          ],
          [
            -74.07649,
            40.60593
          ],
          [
            -74.07639,
            40.60592
          ],
          [
            -74.07627,
            40.60589
          ],
          [
            -74.07616,
            40.60587
          ],
          [
            -74.07603,
            40.60584
          ],
          [
            -74.07592,
            40.60581
          ],
          [
            -74.0758,
            40.60578
          ],
          [
            -74.07568,
            40.60574
          ],
          [
            -74.07557,
            40.6057
          ],
          [
            -74.07547,
            40.60566
          ],
          [
            -74.07513,
            40.60554
          ],
          [
            -74.07503,
            40.6055
          ],
          [
            -74.07492,
            40.60547
          ],
          [
            -74.07481,
            40.60543
          ],
          [
            -74.07469,
            40.6054
          ],
          [
            -74.07458,
            40.60537
          ],
          [
            -74.07448,
            40.60534
          ],
          [
            -74.07435,
            40.60531
          ],
          [
            -74.07346,
            40.6051
          ],
          [
            -74.07303,
            40.60493
          ],
          [
            -74.07303,
            40.60493
          ],
          [
            -74.07288,
            40.6049
          ],
          [
            -74.07274,
            40.60486
          ],
          [
            -74.07261,
            40.60482
          ],
          [
            -74.07247,
            40.60479
          ],
          [
            -74.07232,
            40.60474
          ],
          [
            -74.0722,
            40.60471
          ],
          [
            -74.07206,
            40.60466
          ],
          [
            -74.07194,
            40.60463
          ],
          [
            -74.07181,
            40.60459
          ],
          [
            -74.07168,
            40.60454
          ],
          [
            -74.07154,
            40.6045
          ],
          [
            -74.07141,
            40.60445
          ],
          [
            -74.07128,
            40.6044
          ],
          [
            -74.07115,
            40.60436
          ],
          [
            -74.07102,
            40.60431
          ],
          [
            -74.07089,
            40.60426
          ],
          [
            -74.07083,
            40.60424
          ],
          [
            -74.07076,
            40.60421
          ],
          [
            -74.06944,
            40.60368
          ],
          [
            -74.06938,
            40.60365
          ],
          [
            -74.0693,
            40.60362
          ],
          [
            -74.06921,
            40.60358
          ],
          [
            -74.06871,
            40.60338
          ],
          [
            -74.06864,
            40.60335
          ],
          [
            -74.06864,
            40.60335
          ],
          [
            -74.06803,
            40.6031
          ],
          [
            -74.06796,
            40.60307
          ],
          [
            -74.06789,
            40.60304
          ],
          [
            -74.06783,
            40.60301
          ],
          [
            -74.06777,
            40.60297
          ],
          [
            -74.06771,
            40.60293
          ],
          [
            -74.06765,
            40.60288
          ],
          [
            -74.06759,
            40.60282
          ],
          [
            -74.06753,
            40.60276
          ],
          [
            -74.06746,
            40.60268
          ],
          [
            -74.06739,
            40.60257
          ],
          [
            -74.06681,
            40.60178
          ],
          [
            -74.06674,
            40.60169
          ],
          [
            -74.06666,
            40.60159
          ],
          [
            -74.06657,
            40.6015
          ],
          [
            -74.06647,
            40.60142
          ],
          [
            -74.06636,
            40.60136
          ],
          [
            -74.06636,
            40.60136
          ],
          [
            -74.06641,
            40.60129
          ],
          [
            -74.06644,
            40.60125
          ],
          [
            -74.06669,
            40.60091
          ],
          [
            -74.06688,
            40.60058
          ],
          [
            -74.06701,
            40.60033
          ],
          [
            -74.06706,
            40.60016
          ],
          [
            -74.06709,
            40.59995
          ],
          [
            -74.06711,
            40.59974
          ],
          [
            -74.06711,
            40.5996
          ],
          [
            -74.06711,
            40.59956
          ],
          [
            -74.06711,
            40.5995
          ],
          [
            -74.06709,
            40.59937
          ],
          [
            -74.06708,
            40.59931
          ],
          [
            -74.06707,
            40.59928
          ],
          [
            -74.06688,
            40.59869
          ],
          [
            -74.06667,
            40.59811
          ],
          [
            -74.06665,
            40.59807
          ],
          [
            -74.06662,
            40.598
          ],
          [
            -74.06662,
            40.598
          ],
          [
            -74.06732,
            40.59776
          ],
          [
            -74.0674,
            40.59773
          ],
          [
            -74.06835,
            40.59742
          ],
          [
            -74.06893,
            40.59723
          ],
          [
            -74.06901,
            40.59721
          ],
          [
            -74.06901,
            40.59721
          ],
          [
            -74.06901,
            40.59721
          ],
          [
            -74.06957,
            40.59702
          ],
          [
            -74.06996,
            40.59689
          ],
          [
            -74.07008,
            40.59685
          ],
          [
            -74.07033,
            40.59677
          ],
          [
            -74.07044,
            40.59674
          ],
          [
            -74.07044,
            40.59674
          ],
          [
            -74.07051,
            40.59681
          ],
          [
            -74.07062,
            40.59695
          ],
          [
            -74.07062,
            40.59695
          ],
          [
            -74.07062,
            40.59695
          ],
          [
            -74.07077,
            40.59712
          ],
          [
            -74.07091,
            40.59729
          ],
          [
            -74.07096,
            40.59734
          ],
          [
            -74.07104,
            40.59739
          ],
          [
            -74.07169,
            40.59776
          ],
          [
            -74.07177,
            40.59781
          ],
          [
            -74.07185,
            40.59787
          ],
          [
            -74.07187,
            40.59789
          ],
          [
            -74.0719,
            40.59792
          ],
          [
            -74.07193,
            40.59796
          ],
          [
            -74.07195,
            40.59799
          ],
          [
            -74.07197,
            40.59803
          ],
          [
            -74.07198,
            40.59807
          ],
          [
            -74.07199,
            40.59811
          ],
          [
            -74.072,
            40.59815
          ],
          [
            -74.072,
            40.59819
          ],
          [
            -74.07199,
            40.59823
          ],
          [
            -74.07199,
            40.59827
          ],
          [
            -74.07197,
            40.59838
          ],
          [
            -74.07194,
            40.59858
          ],
          [
            -74.07194,
            40.59858
          ],
          [
            -74.07194,
            40.59858
          ],
          [
            -74.07193,
            40.59867
          ],
          [
            -74.07192,
            40.5987
          ],
          [
            -74.07193,
            40.59873
          ],
          [
            -74.07194,
            40.59875
          ],
          [
            -74.07195,
            40.59878
          ],
          [
            -74.07197,
            40.5988
          ],
          [
            -74.072,
            40.59883
          ],
          [
            -74.07201,
            40.59884
          ],
          [
            -74.07202,
            40.59885
          ],
          [
            -74.07205,
            40.59886
          ],
          [
            -74.07219,
            40.59894
          ],
          [
            -74.07219,
            40.59894
          ],
          [
            -74.07224,
            40.59887
          ],
          [
            -74.07227,
            40.59883
          ],
          [
            -74.07229,
            40.5988
          ],
          [
            -74.0724,
            40.59866
          ],
          [
            -74.07245,
            40.59859
          ],
          [
            -74.07253,
            40.59848
          ],
          [
            -74.07253,
            40.59848
          ],
          [
            -74.07253,
            40.59848
          ],
          [
            -74.07258,
            40.59843
          ],
          [
            -74.07262,
            40.59838
          ],
          [
            -74.07267,
            40.59833
          ],
          [
            -74.07274,
            40.59826
          ],
          [
            -74.0728,
            40.59821
          ],
          [
            -74.07285,
            40.59817
          ],
          [
            -74.0729,
            40.59812
          ],
          [
            -74.07295,
            40.59808
          ],
          [
            -74.07301,
            40.59804
          ],
          [
            -74.07307,
            40.59799
          ],
          [
            -74.07312,
            40.59795
          ],
          [
            -74.07318,
            40.59792
          ],
          [
            -74.07325,
            40.59788
          ],
          [
            -74.07331,
            40.59785
          ],
          [
            -74.07338,
            40.59782
          ],
          [
            -74.07344,
            40.59779
          ],
          [
            -74.07351,
            40.59776
          ],
          [
            -74.07358,
            40.59773
          ],
          [
            -74.07366,
            40.59771
          ],
          [
            -74.07373,
            40.59769
          ],
          [
            -74.07382,
            40.59766
          ],
          [
            -74.07388,
            40.59765
          ],
          [
            -74.07397,
            40.59763
          ],
          [
            -74.07406,
            40.59762
          ],
          [
            -74.07415,
            40.59761
          ],
          [
            -74.07422,
            40.5976
          ],
          [
            -74.07431,
            40.59759
          ],
          [
            -74.0744,
            40.59759
          ],
          [
            -74.07448,
            40.59759
          ],
          [
            -74.07456,
            40.59759
          ],
          [
            -74.07464,
            40.5976
          ],
          [
            -74.07473,
            40.5976
          ],
          [
            -74.07482,
            40.59761
          ],
          [
            -74.0749,
            40.59763
          ],
          [
            -74.07498,
            40.59764
          ],
          [
            -74.07507,
            40.59766
          ],
          [
            -74.07515,
            40.59768
          ],
          [
            -74.07524,
            40.59771
          ],
          [
            -74.07532,
            40.59774
          ],
          [
            -74.07543,
            40.59778
          ],
          [
            -74.07555,
            40.59783
          ],
          [
            -74.07589,
            40.59797
          ],
          [
            -74.07589,
            40.59797
          ],
          [
            -74.07589,
            40.59797
          ],
          [
            -74.07604,
            40.59803
          ],
          [
            -74.07646,
            40.5982
          ],
          [
            -74.07656,
            40.59824
          ],
          [
            -74.07667,
            40.59828
          ],
          [
            -74.0768,
            40.59832
          ],
          [
            -74.07694,
            40.59836
          ],
          [
            -74.07705,
            40.59838
          ],
          [
            -74.07741,
            40.59847
          ],
          [
            -74.07806,
            40.59851
          ],
          [
            -74.07806,
            40.59851
          ],
          [
            -74.07806,
            40.59851
          ],
          [
            -74.07817,
            40.59852
          ],
          [
            -74.07823,
            40.59853
          ],
          [
            -74.07839,
            40.59854
          ],
          [
            -74.07847,
            40.59854
          ],
          [
            -74.0786,
            40.59855
          ],
          [
            -74.0791,
            40.59859
          ],
          [
            -74.07949,
            40.59861
          ],
          [
            -74.07964,
            40.59862
          ],
          [
            -74.07978,
            40.59863
          ],
          [
            -74.0799,
            40.59863
          ],
          [
            -74.07999,
            40.59863
          ],
          [
            -74.08012,
            40.59864
          ],
          [
            -74.08025,
            40.59865
          ],
          [
            -74.08045,
            40.59866
          ],
          [
            -74.08063,
            40.59868
          ],
          [
            -74.08076,
            40.59868
          ],
          [
            -74.0809,
            40.59869
          ],
          [
            -74.08101,
            40.59869
          ],
          [
            -74.08106,
            40.59869
          ],
          [
            -74.08106,
            40.59869
          ],
          [
            -74.08106,
            40.59869
          ],
          [
            -74.08112,
            40.59869
          ],
          [
            -74.08126,
            40.59869
          ],
          [
            -74.08126,
            40.59869
          ],
          [
            -74.08135,
            40.59873
          ],
          [
            -74.08138,
            40.59874
          ],
          [
            -74.08139,
            40.59875
          ],
          [
            -74.08143,
            40.59878
          ],
          [
            -74.08146,
            40.59881
          ],
          [
            -74.08149,
            40.59885
          ],
          [
            -74.08155,
            40.59894
          ],
          [
            -74.08153,
            40.59898
          ],
          [
            -74.08151,
            40.59901
          ],
          [
            -74.08148,
            40.59905
          ],
          [
            -74.08147,
            40.59906
          ],
          [
            -74.08142,
            40.59922
          ],
          [
            -74.08134,
            40.59934
          ],
          [
            -74.0813,
            40.59941
          ],
          [
            -74.08127,
            40.59947
          ],
          [
            -74.08124,
            40.59954
          ],
          [
            -74.08122,
            40.5996
          ],
          [
            -74.0812,
            40.59968
          ],
          [
            -74.08118,
            40.59976
          ],
          [
            -74.08116,
            40.59984
          ],
          [
            -74.08116,
            40.59992
          ],
          [
            -74.08115,
            40.6
          ],
          [
            -74.08115,
            40.60008
          ],
          [
            -74.08115,
            40.60015
          ],
          [
            -74.08115,
            40.60021
          ],
          [
            -74.08117,
            40.6003
          ],
          [
            -74.08118,
            40.60039
          ],
          [
            -74.0812,
            40.60046
          ],
          [
            -74.08121,
            40.60053
          ],
          [
            -74.08124,
            40.6006
          ],
          [
            -74.0813,
            40.60075
          ],
          [
            -74.08132,
            40.6008
          ],
          [
            -74.08134,
            40.60085
          ],
          [
            -74.08137,
            40.60089
          ],
          [
            -74.08139,
            40.60093
          ],
          [
            -74.08141,
            40.60096
          ],
          [
            -74.08144,
            40.601
          ],
          [
            -74.08185,
            40.60155
          ],
          [
            -74.08193,
            40.60166
          ],
          [
            -74.08193,
            40.60166
          ],
          [
            -74.08193,
            40.60166
          ],
          [
            -74.08204,
            40.60179
          ],
          [
            -74.08206,
            40.60182
          ],
          [
            -74.08218,
            40.60194
          ],
          [
            -74.08234,
            40.6021
          ],
          [
            -74.08239,
            40.60218
          ],
          [
            -74.08273,
            40.60265
          ],
          [
            -74.08292,
            40.60291
          ],
          [
            -74.08304,
            40.60308
          ],
          [
            -74.08327,
            40.6034
          ],
          [
            -74.08342,
            40.60362
          ],
          [
            -74.08353,
            40.60377
          ],
          [
            -74.08353,
            40.60377
          ],
          [
            -74.08353,
            40.60377
          ],
          [
            -74.08362,
            40.6039
          ],
          [
            -74.08366,
            40.60395
          ],
          [
            -74.08381,
            40.60417
          ],
          [
            -74.08387,
            40.60425
          ],
          [
            -74.08406,
            40.60452
          ],
          [
            -74.08408,
            40.60455
          ],
          [
            -74.0841,
            40.60457
          ],
          [
            -74.08412,
            40.60459
          ],
          [
            -74.08415,
            40.60461
          ],
          [
            -74.08418,
            40.60463
          ],
          [
            -74.08439,
            40.60475
          ],
          [
            -74.08447,
            40.6048
          ],
          [
            -74.08452,
            40.60484
          ],
          [
            -74.08473,
            40.60496
          ],
          [
            -74.08473,
            40.60496
          ],
          [
            -74.08473,
            40.60496
          ],
          [
            -74.08518,
            40.60522
          ],
          [
            -74.0859,
            40.60563
          ],
          [
            -74.08662,
            40.60605
          ],
          [
            -74.0869,
            40.60621
          ],
          [
            -74.0869,
            40.60621
          ],
          [
            -74.0869,
            40.60621
          ],
          [
            -74.08733,
            40.60646
          ],
          [
            -74.08804,
            40.60688
          ],
          [
            -74.08839,
            40.60709
          ],
          [
            -74.08839,
            40.60709
          ],
          [
            -74.08836,
            40.60712
          ],
          [
            -74.08834,
            40.60714
          ],
          [
            -74.08834,
            40.60714
          ],
          [
            -74.08834,
            40.60714
          ],
          [
            -74.08836,
            40.60712
          ],
          [
            -74.08839,
            40.60709
          ],
          [
            -74.08839,
            40.60709
          ],
          [
            -74.08856,
            40.60719
          ],
          [
            -74.08876,
            40.6073
          ],
          [
            -74.08895,
            40.60741
          ],
          [
            -74.08906,
            40.60748
          ],
          [
            -74.08906,
            40.60748
          ],
          [
            -74.08902,
            40.60751
          ],
          [
            -74.08894,
            40.60758
          ],
          [
            -74.08894,
            40.60758
          ],
          [
            -74.0891,
            40.60766
          ],
          [
            -74.0891,
            40.60766
          ],
          [
            -74.0891,
            40.60766
          ],
          [
            -74.08894,
            40.60758
          ],
          [
            -74.08894,
            40.60758
          ],
          [
            -74.08902,
            40.60751
          ],
          [
            -74.08906,
            40.60748
          ],
          [
            -74.08906,
            40.60748
          ],
          [
            -74.08918,
            40.60755
          ],
          [
            -74.08936,
            40.60765
          ],
          [
            -74.08944,
            40.6077
          ],
          [
            -74.08944,
            40.6077
          ],
          [
            -74.08922,
            40.60793
          ],
          [
            -74.08838,
            40.60874
          ],
          [
            -74.08838,
            40.60874
          ],
          [
            -74.08849,
            40.60878
          ],
          [
            -74.08922,
            40.60906
          ],
          [
            -74.0897,
            40.60925
          ],
          [
            -74.08989,
            40.60933
          ],
          [
            -74.09,
            40.60937
          ],
          [
            -74.09011,
            40.60941
          ],
          [
            -74.09021,
            40.60945
          ],
          [
            -74.0903,
            40.60949
          ],
          [
            -74.09048,
            40.60956
          ],
          [
            -74.09077,
            40.60967
          ],
          [
            -74.09077,
            40.60967
          ],
          [
            -74.09077,
            40.60967
          ],
          [
            -74.09112,
            40.60981
          ],
          [
            -74.09158,
            40.60999
          ],
          [
            -74.09232,
            40.61029
          ],
          [
            -74.09244,
            40.61033
          ],
          [
            -74.09259,
            40.61038
          ],
          [
            -74.09272,
            40.61043
          ],
          [
            -74.09285,
            40.61047
          ],
          [
            -74.09304,
            40.61053
          ],
          [
            -74.09318,
            40.61057
          ],
          [
            -74.09333,
            40.61061
          ],
          [
            -74.09348,
            40.61065
          ],
          [
            -74.09363,
            40.61069
          ],
          [
            -74.0941,
            40.61078
          ],
          [
            -74.09423,
            40.6108
          ],
          [
            -74.09435,
            40.61083
          ],
          [
            -74.09447,
            40.61085
          ],
          [
            -74.09455,
            40.61086
          ],
          [
            -74.09461,
            40.61087
          ],
          [
            -74.09475,
            40.61089
          ],
          [
            -74.09489,
            40.61091
          ],
          [
            -74.09503,
            40.61093
          ],
          [
            -74.09517,
            40.61095
          ],
          [
            -74.09532,
            40.61096
          ],
          [
            -74.09545,
            40.61098
          ],
          [
            -74.0956,
            40.61099
          ],
          [
            -74.09573,
            40.611
          ],
          [
            -74.09588,
            40.61101
          ],
          [
            -74.09601,
            40.61101
          ],
          [
            -74.09616,
            40.61102
          ],
          [
            -74.0963,
            40.61102
          ],
          [
            -74.09644,
            40.61102
          ],
          [
            -74.09659,
            40.61102
          ],
          [
            -74.09672,
            40.61102
          ],
          [
            -74.09687,
            40.61102
          ],
          [
            -74.09702,
            40.61101
          ],
          [
            -74.09702,
            40.61101
          ],
          [
            -74.0975,
            40.61102
          ],
          [
            -74.09756,
            40.61103
          ],
          [
            -74.09763,
            40.61103
          ],
          [
            -74.0977,
            40.61104
          ],
          [
            -74.09776,
            40.61105
          ],
          [
            -74.09781,
            40.61105
          ],
          [
            -74.09785,
            40.61107
          ],
          [
            -74.09792,
            40.61109
          ],
          [
            -74.09799,
            40.61111
          ],
          [
            -74.09806,
            40.61114
          ],
          [
            -74.09841,
            40.61126
          ],
          [
            -74.09841,
            40.61126
          ],
          [
            -74.0985,
            40.61136
          ],
          [
            -74.09858,
            40.61145
          ],
          [
            -74.09864,
            40.61152
          ],
          [
            -74.09885,
            40.61179
          ],
          [
            -74.09891,
            40.61186
          ],
          [
            -74.09911,
            40.61212
          ],
          [
            -74.09929,
            40.61236
          ],
          [
            -74.09935,
            40.61243
          ],
          [
            -74.09941,
            40.6125
          ],
          [
            -74.0996,
            40.61267
          ],
          [
            -74.0996,
            40.61267
          ],
          [
            -74.0996,
            40.61267
          ],
          [
            -74.09961,
            40.61267
          ],
          [
            -74.09988,
            40.61292
          ],
          [
            -74.10008,
            40.61312
          ],
          [
            -74.10035,
            40.61332
          ],
          [
            -74.10042,
            40.61337
          ],
          [
            -74.10042,
            40.61337
          ],
          [
            -74.10042,
            40.61337
          ],
          [
            -74.10043,
            40.61338
          ],
          [
            -74.10054,
            40.61347
          ],
          [
            -74.10061,
            40.61352
          ],
          [
            -74.10067,
            40.61356
          ],
          [
            -74.10077,
            40.61363
          ],
          [
            -74.10126,
            40.61399
          ],
          [
            -74.1021,
            40.61461
          ],
          [
            -74.10227,
            40.61482
          ],
          [
            -74.10227,
            40.61482
          ],
          [
            -74.10227,
            40.61482
          ],
          [
            -74.10256,
            40.6152
          ],
          [
            -74.10265,
            40.61532
          ],
          [
            -74.10273,
            40.61542
          ],
          [
            -74.10285,
            40.61557
          ],
          [
            -74.10302,
            40.61579
          ],
          [
            -74.10312,
            40.61592
          ],
          [
            -74.10319,
            40.616
          ],
          [
            -74.10321,
            40.61603
          ],
          [
            -74.1033,
            40.61613
          ],
          [
            -74.10342,
            40.6163
          ],
          [
            -74.10344,
            40.61632
          ],
          [
            -74.10352,
            40.61642
          ],
          [
            -74.10352,
            40.61642
          ],
          [
            -74.10339,
            40.61649
          ],
          [
            -74.10335,
            40.61651
          ],
          [
            -74.10311,
            40.61663
          ],
          [
            -74.10306,
            40.61665
          ],
          [
            -74.10274,
            40.6168
          ],
          [
            -74.10274,
            40.6168
          ],
          [
            -74.10299,
            40.61679
          ],
          [
            -74.10305,
            40.61676
          ],
          [
            -74.10341,
            40.61658
          ],
          [
            -74.10346,
            40.61656
          ],
          [
            -74.10348,
            40.61655
          ],
          [
            -74.10348,
            40.61655
          ],
          [
            -74.10348,
            40.61655
          ],
          [
            -74.10356,
            40.61651
          ],
          [
            -74.10356,
            40.61651
          ],
          [
            -74.10357,
            40.61655
          ],
          [
            -74.10388,
            40.61692
          ],
          [
            -74.10398,
            40.61703
          ],
          [
            -74.10405,
            40.61711
          ],
          [
            -74.10416,
            40.61715
          ],
          [
            -74.10458,
            40.61761
          ],
          [
            -74.1048,
            40.61785
          ],
          [
            -74.1048,
            40.61785
          ],
          [
            -74.1048,
            40.61785
          ],
          [
            -74.10495,
            40.61802
          ],
          [
            -74.10512,
            40.61822
          ],
          [
            -74.10519,
            40.61829
          ],
          [
            -74.10524,
            40.61834
          ],
          [
            -74.10549,
            40.61856
          ],
          [
            -74.10556,
            40.61863
          ],
          [
            -74.10573,
            40.61876
          ],
          [
            -74.10585,
            40.61885
          ],
          [
            -74.10601,
            40.61895
          ],
          [
            -74.10611,
            40.619
          ],
          [
            -74.10631,
            40.61909
          ],
          [
            -74.10664,
            40.61923
          ],
          [
            -74.10723,
            40.61948
          ],
          [
            -74.1073,
            40.61951
          ],
          [
            -74.10767,
            40.61967
          ],
          [
            -74.10775,
            40.6197
          ],
          [
            -74.10782,
            40.61973
          ],
          [
            -74.10863,
            40.62009
          ],
          [
            -74.10887,
            40.6202
          ],
          [
            -74.10915,
            40.62031
          ],
          [
            -74.10929,
            40.62037
          ],
          [
            -74.10956,
            40.62049
          ],
          [
            -74.10984,
            40.62061
          ],
          [
            -74.10992,
            40.62064
          ],
          [
            -74.11002,
            40.62069
          ],
          [
            -74.1102,
            40.62079
          ],
          [
            -74.11023,
            40.62081
          ],
          [
            -74.11037,
            40.62088
          ],
          [
            -74.11037,
            40.62088
          ],
          [
            -74.11037,
            40.62088
          ],
          [
            -74.11081,
            40.62112
          ],
          [
            -74.11094,
            40.6212
          ],
          [
            -74.11153,
            40.6216
          ],
          [
            -74.11207,
            40.62202
          ],
          [
            -74.11239,
            40.62228
          ],
          [
            -74.11246,
            40.62233
          ],
          [
            -74.11246,
            40.62233
          ],
          [
            -74.11246,
            40.62233
          ],
          [
            -74.1126,
            40.62245
          ],
          [
            -74.11265,
            40.62249
          ],
          [
            -74.11293,
            40.62277
          ],
          [
            -74.11294,
            40.62278
          ],
          [
            -74.11325,
            40.623
          ],
          [
            -74.11331,
            40.62304
          ],
          [
            -74.11331,
            40.62304
          ],
          [
            -74.11334,
            40.62321
          ],
          [
            -74.11359,
            40.6237
          ],
          [
            -74.11385,
            40.62417
          ],
          [
            -74.11385,
            40.62417
          ],
          [
            -74.11385,
            40.62417
          ],
          [
            -74.11393,
            40.62433
          ],
          [
            -74.11407,
            40.62458
          ],
          [
            -74.11414,
            40.6247
          ],
          [
            -74.11432,
            40.62506
          ],
          [
            -74.11452,
            40.62543
          ],
          [
            -74.11472,
            40.62582
          ],
          [
            -74.11475,
            40.62588
          ],
          [
            -74.11501,
            40.62638
          ],
          [
            -74.11525,
            40.62683
          ],
          [
            -74.11527,
            40.62689
          ],
          [
            -74.11545,
            40.62722
          ],
          [
            -74.11556,
            40.62744
          ],
          [
            -74.11556,
            40.62744
          ],
          [
            -74.11556,
            40.62744
          ],
          [
            -74.11561,
            40.62755
          ],
          [
            -74.11589,
            40.62809
          ],
          [
            -74.11595,
            40.62823
          ],
          [
            -74.11611,
            40.62857
          ],
          [
            -74.11616,
            40.62873
          ],
          [
            -74.11617,
            40.62878
          ],
          [
            -74.11617,
            40.62878
          ],
          [
            -74.11617,
            40.62878
          ],
          [
            -74.11617,
            40.6288
          ],
          [
            -74.11618,
            40.62886
          ],
          [
            -74.1162,
            40.62894
          ],
          [
            -74.11621,
            40.62902
          ],
          [
            -74.11624,
            40.62921
          ],
          [
            -74.11626,
            40.62934
          ],
          [
            -74.11635,
            40.62984
          ],
          [
            -74.11649,
            40.63068
          ],
          [
            -74.11649,
            40.63068
          ],
          [
            -74.11649,
            40.63068
          ],
          [
            -74.1165,
            40.63069
          ],
          [
            -74.11651,
            40.63076
          ],
          [
            -74.11652,
            40.63082
          ],
          [
            -74.11666,
            40.63165
          ],
          [
            -74.11667,
            40.63171
          ],
          [
            -74.11668,
            40.63177
          ],
          [
            -74.11682,
            40.63256
          ],
          [
            -74.11682,
            40.63256
          ],
          [
            -74.11682,
            40.63256
          ],
          [
            -74.11682,
            40.63261
          ],
          [
            -74.11684,
            40.63268
          ],
          [
            -74.11685,
            40.63276
          ],
          [
            -74.11689,
            40.63297
          ],
          [
            -74.1169,
            40.63303
          ],
          [
            -74.11697,
            40.63336
          ],
          [
            -74.11705,
            40.63382
          ],
          [
            -74.11708,
            40.63401
          ],
          [
            -74.11714,
            40.63438
          ],
          [
            -74.11714,
            40.63438
          ],
          [
            -74.11714,
            40.63438
          ],
          [
            -74.11716,
            40.6345
          ],
          [
            -74.11721,
            40.63457
          ],
          [
            -74.11721,
            40.63457
          ],
          [
            -74.11733,
            40.63457
          ],
          [
            -74.11774,
            40.63453
          ],
          [
            -74.11781,
            40.63452
          ],
          [
            -74.11789,
            40.63451
          ],
          [
            -74.11849,
            40.63445
          ],
          [
            -74.11856,
            40.63444
          ],
          [
            -74.11926,
            40.63438
          ],
          [
            -74.11926,
            40.63438
          ],
          [
            -74.11926,
            40.63438
          ],
          [
            -74.11943,
            40.63436
          ],
          [
            -74.12011,
            40.63431
          ],
          [
            -74.12015,
            40.63431
          ],
          [
            -74.12024,
            40.6343
          ],
          [
            -74.12032,
            40.63429
          ],
          [
            -74.12064,
            40.63426
          ],
          [
            -74.121,
            40.63424
          ],
          [
            -74.12123,
            40.63422
          ],
          [
            -74.12153,
            40.6342
          ],
          [
            -74.12161,
            40.63419
          ],
          [
            -74.12161,
            40.63419
          ],
          [
            -74.12161,
            40.63419
          ],
          [
            -74.12178,
            40.63417
          ],
          [
            -74.12194,
            40.63416
          ],
          [
            -74.12299,
            40.63408
          ],
          [
            -74.12307,
            40.63408
          ],
          [
            -74.12314,
            40.63407
          ],
          [
            -74.12344,
            40.63405
          ],
          [
            -74.12344,
            40.63405
          ],
          [
            -74.12344,
            40.63405
          ],
          [
            -74.12369,
            40.63403
          ],
          [
            -74.12408,
            40.634
          ],
          [
            -74.12415,
            40.63399
          ],
          [
            -74.12423,
            40.63399
          ],
          [
            -74.1247,
            40.63395
          ],
          [
            -74.12493,
            40.63394
          ],
          [
            -74.12513,
            40.63392
          ],
          [
            -74.12543,
            40.6339
          ],
          [
            -74.12584,
            40.63387
          ],
          [
            -74.12584,
            40.63387
          ],
          [
            -74.12584,
            40.63387
          ],
          [
            -74.12587,
            40.63387
          ],
          [
            -74.12595,
            40.63386
          ],
          [
            -74.12604,
            40.63386
          ],
          [
            -74.1263,
            40.63384
          ],
          [
            -74.12674,
            40.6338
          ],
          [
            -74.12702,
            40.63378
          ],
          [
            -74.12789,
            40.63371
          ],
          [
            -74.12835,
            40.63368
          ],
          [
            -74.12844,
            40.63367
          ],
          [
            -74.12854,
            40.63367
          ],
          [
            -74.12919,
            40.63363
          ],
          [
            -74.12921,
            40.63363
          ],
          [
            -74.12922,
            40.63363
          ],
          [
            -74.12924,
            40.63363
          ],
          [
            -74.12936,
            40.63366
          ],
          [
            -74.12945,
            40.63368
          ],
          [
            -74.12952,
            40.63371
          ],
          [
            -74.12979,
            40.6338
          ],
          [
            -74.12979,
            40.6338
          ],
          [
            -74.12979,
            40.6338
          ],
          [
            -74.13038,
            40.634
          ],
          [
            -74.13044,
            40.63402
          ],
          [
            -74.13052,
            40.63404
          ],
          [
            -74.13083,
            40.63415
          ],
          [
            -74.13106,
            40.63426
          ],
          [
            -74.13247,
            40.63494
          ],
          [
            -74.13247,
            40.63494
          ],
          [
            -74.13247,
            40.63494
          ],
          [
            -74.13254,
            40.63498
          ],
          [
            -74.13262,
            40.63501
          ],
          [
            -74.1327,
            40.63505
          ],
          [
            -74.13372,
            40.63554
          ],
          [
            -74.13467,
            40.63601
          ],
          [
            -74.13477,
            40.63603
          ],
          [
            -74.13477,
            40.63603
          ],
          [
            -74.13472,
            40.63611
          ],
          [
            -74.13435,
            40.63663
          ],
          [
            -74.13435,
            40.63664
          ],
          [
            -74.13435,
            40.63664
          ],
          [
            -74.13435,
            40.63664
          ],
          [
            -74.13428,
            40.63674
          ],
          [
            -74.13409,
            40.63698
          ],
          [
            -74.1337,
            40.63754
          ],
          [
            -74.13365,
            40.6376
          ],
          [
            -74.1335,
            40.6378
          ],
          [
            -74.1332,
            40.63821
          ],
          [
            -74.13303,
            40.63844
          ],
          [
            -74.13303,
            40.63844
          ],
          [
            -74.13303,
            40.63844
          ],
          [
            -74.13273,
            40.63883
          ],
          [
            -74.13269,
            40.63888
          ],
          [
            -74.13265,
            40.63893
          ],
          [
            -74.13261,
            40.63899
          ],
          [
            -74.13253,
            40.63908
          ],
          [
            -74.13222,
            40.63949
          ],
          [
            -74.13217,
            40.63954
          ],
          [
            -74.13213,
            40.6396
          ],
          [
            -74.1319,
            40.63991
          ],
          [
            -74.1319,
            40.63991
          ]
        ]
      }
    },
    {
      "type": "Feature",
      "properties": {
        "route_id": "S53-W-RushHour",
        "layer": "T1 Optimal"
      },
      "geometry": {
        "type": "LineString",
        "coordinates": [
          [
            -74.02856,
            40.62228
          ],
          [
            -74.02864,
            40.6221
          ],
          [
            -74.02867,
            40.62203
          ],
          [
            -74.02869,
            40.62196
          ],
          [
            -74.0289,
            40.62144
          ],
          [
            -74.02893,
            40.62138
          ],
          [
            -74.02897,
            40.62129
          ],
          [
            -74.02901,
            40.62119
          ],
          [
            -74.02905,
            40.62108
          ],
          [
            -74.02917,
            40.62078
          ],
          [
            -74.0292,
            40.62073
          ],
          [
            -74.02921,
            40.62071
          ],
          [
            -74.02927,
            40.62055
          ],
          [
            -74.02929,
            40.62051
          ],
          [
            -74.02931,
            40.62046
          ],
          [
            -74.02933,
            40.62041
          ],
          [
            -74.02934,
            40.62039
          ],
          [
            -74.02954,
            40.61989
          ],
          [
            -74.02956,
            40.61983
          ],
          [
            -74.02959,
            40.61978
          ],
          [
            -74.02969,
            40.61951
          ],
          [
            -74.02969,
            40.61951
          ],
          [
            -74.02969,
            40.61951
          ],
          [
            -74.02981,
            40.61922
          ],
          [
            -74.02984,
            40.61915
          ],
          [
            -74.02986,
            40.6191
          ],
          [
            -74.03001,
            40.61875
          ],
          [
            -74.03012,
            40.61847
          ],
          [
            -74.03015,
            40.61841
          ],
          [
            -74.03017,
            40.61834
          ],
          [
            -74.03017,
            40.61834
          ],
          [
            -74.03005,
            40.61828
          ],
          [
            -74.03,
            40.61825
          ],
          [
            -74.0294,
            40.61795
          ],
          [
            -74.0293,
            40.6179
          ],
          [
            -74.02923,
            40.61786
          ],
          [
            -74.02847,
            40.61749
          ],
          [
            -74.0284,
            40.61746
          ],
          [
            -74.02833,
            40.61742
          ],
          [
            -74.02788,
            40.6172
          ],
          [
            -74.02759,
            40.61705
          ],
          [
            -74.02756,
            40.61703
          ],
          [
            -74.02749,
            40.61695
          ],
          [
            -74.02741,
            40.61691
          ],
          [
            -74.02727,
            40.61684
          ],
          [
            -74.02715,
            40.61678
          ],
          [
            -74.02715,
            40.61678
          ],
          [
            -74.02715,
            40.61678
          ],
          [
            -74.0271,
            40.61675
          ],
          [
            -74.02695,
            40.61668
          ],
          [
            -74.02692,
            40.61666
          ],
          [
            -74.02681,
            40.61661
          ],
          [
            -74.02678,
            40.61659
          ],
          [
            -74.02669,
            40.61655
          ],
          [
            -74.02669,
            40.61655
          ],
          [
            -74.02682,
            40.61647
          ],
          [
            -74.02684,
            40.61646
          ],
          [
            -74.02702,
            40.61624
          ],
          [
            -74.02702,
            40.61624
          ],
          [
            -74.02738,
            40.61583
          ],
          [
            -74.02788,
            40.61525
          ],
          [
            -74.02828,
            40.6148
          ],
          [
            -74.02889,
            40.61416
          ],
          [
            -74.02958,
            40.61339
          ],
          [
            -74.02989,
            40.61295
          ],
          [
            -74.02989,
            40.61295
          ],
          [
            -74.03005,
            40.61276
          ],
          [
            -74.03028,
            40.61244
          ],
          [
            -74.03059,
            40.61202
          ],
          [
            -74.03072,
            40.61186
          ],
          [
            -74.03086,
            40.6117
          ],
          [
            -74.03105,
            40.6115
          ],
          [
            -74.03127,
            40.6113
          ],
          [
            -74.0315,
            40.61111
          ],
          [
            -74.03167,
            40.61099
          ],
          [
            -74.03183,
            40.61088
          ],
          [
            -74.03201,
            40.6108
          ],
          [
            -74.03268,
            40.61057
          ],
          [
            -74.0334,
            40.61033
          ],
          [
            -74.03433,
            40.61003
          ],
          [
            -74.03433,
            40.61003
          ],
          [
            -74.03663,
            40.6093
          ],
          [
            -74.03884,
            40.60859
          ],
          [
            -74.04055,
            40.60804
          ],
          [
            -74.04259,
            40.60738
          ],
          [
            -74.0449,
            40.60663
          ],
          [
            -74.04755,
            40.60577
          ],
          [
            -74.04965,
            40.60509
          ],
          [
            -74.05237,
            40.60422
          ],
          [
            -74.05382,
            40.60375
          ],
          [
            -74.05579,
            40.60311
          ],
          [
            -74.0573,
            40.60261
          ],
          [
            -74.05762,
            40.60251
          ],
          [
            -74.05795,
            40.60242
          ],
          [
            -74.05827,
            40.60233
          ],
          [
            -74.05861,
            40.60224
          ],
          [
            -74.05861,
            40.60224
          ],
          [
            -74.05875,
            40.6022
          ],
          [
            -74.05891,
            40.60217
          ],
          [
            -74.05907,
            40.60214
          ],
          [
            -74.05922,
            40.60211
          ],
          [
            -74.05936,
            40.60209
          ],
          [
            -74.0595,
            40.60208
          ],
          [
            -74.05963,
            40.60207
          ],
          [
            -74.05978,
            40.60207
          ],
          [
            -74.05992,
            40.60206
          ],
          [
            -74.06006,
            40.60207
          ],
          [
            -74.0602,
            40.60207
          ],
          [
            -74.06035,
            40.60208
          ],
          [
            -74.06049,
            40.60209
          ],
          [
            -74.06063,
            40.6021
          ],
          [
            -74.06078,
            40.60212
          ],
          [
            -74.06093,
            40.60214
          ],
          [
            -74.0612,
            40.60217
          ],
          [
            -74.06148,
            40.60222
          ],
          [
            -74.06176,
            40.60226
          ],
          [
            -74.06203,
            40.6023
          ],
          [
            -74.06234,
            40.60236
          ],
          [
            -74.0625,
            40.60239
          ],
          [
            -74.06267,
            40.60242
          ],
          [
            -74.0628,
            40.60245
          ],
          [
            -74.06287,
            40.60246
          ],
          [
            -74.06294,
            40.60248
          ],
          [
            -74.0637,
            40.60262
          ],
          [
            -74.06374,
            40.60263
          ],
          [
            -74.06379,
            40.60264
          ],
          [
            -74.06408,
            40.6027
          ],
          [
            -74.06436,
            40.60276
          ],
          [
            -74.06464,
            40.60283
          ],
          [
            -74.06491,
            40.6029
          ],
          [
            -74.06518,
            40.60297
          ],
          [
            -74.06546,
            40.60305
          ],
          [
            -74.06546,
            40.60305
          ],
          [
            -74.06563,
            40.60311
          ],
          [
            -74.06582,
            40.60319
          ],
          [
            -74.06613,
            40.60331
          ],
          [
            -74.06631,
            40.60338
          ],
          [
            -74.06645,
            40.60343
          ],
          [
            -74.06655,
            40.60347
          ],
          [
            -74.06667,
            40.60352
          ],
          [
            -74.06679,
            40.60358
          ],
          [
            -74.06688,
            40.60363
          ],
          [
            -74.06696,
            40.60368
          ],
          [
            -74.06703,
            40.60373
          ],
          [
            -74.06708,
            40.60378
          ],
          [
            -74.06712,
            40.60382
          ],
          [
            -74.06715,
            40.60387
          ],
          [
            -74.06717,
            40.60392
          ],
          [
            -74.06718,
            40.60397
          ],
          [
            -74.06719,
            40.60403
          ],
          [
            -74.06719,
            40.60408
          ],
          [
            -74.06718,
            40.60414
          ],
          [
            -74.06715,
            40.60419
          ],
          [
            -74.06712,
            40.60425
          ],
          [
            -74.06707,
            40.6043
          ],
          [
            -74.06701,
            40.60434
          ],
          [
            -74.06695,
            40.60438
          ],
          [
            -74.06688,
            40.60442
          ],
          [
            -74.0668,
            40.60445
          ],
          [
            -74.06673,
            40.60446
          ],
          [
            -74.06664,
            40.60447
          ],
          [
            -74.06656,
            40.60447
          ],
          [
            -74.06648,
            40.60447
          ],
          [
            -74.0664,
            40.60445
          ],
          [
            -74.06632,
            40.60442
          ],
          [
            -74.06625,
            40.60438
          ],
          [
            -74.06619,
            40.60434
          ],
          [
            -74.06615,
            40.6043
          ],
          [
            -74.06611,
            40.60425
          ],
          [
            -74.06608,
            40.60421
          ],
          [
            -74.06607,
            40.6042
          ],
          [
            -74.06605,
            40.60415
          ],
          [
            -74.06605,
            40.60413
          ],
          [
            -74.06604,
            40.60411
          ],
          [
            -74.06601,
            40.60406
          ],
          [
            -74.06598,
            40.60397
          ],
          [
            -74.06595,
            40.60388
          ],
          [
            -74.06592,
            40.6038
          ],
          [
            -74.06589,
            40.60371
          ],
          [
            -74.06585,
            40.60359
          ],
          [
            -74.06574,
            40.60335
          ],
          [
            -74.06574,
            40.60335
          ],
          [
            -74.06539,
            40.60207
          ],
          [
            -74.06529,
            40.60181
          ],
          [
            -74.06523,
            40.6016
          ],
          [
            -74.06521,
            40.60152
          ],
          [
            -74.06516,
            40.60135
          ],
          [
            -74.06513,
            40.60123
          ],
          [
            -74.06508,
            40.60106
          ],
          [
            -74.06505,
            40.60096
          ],
          [
            -74.06502,
            40.60086
          ],
          [
            -74.06499,
            40.60077
          ],
          [
            -74.06495,
            40.60068
          ],
          [
            -74.06491,
            40.60058
          ],
          [
            -74.06486,
            40.60048
          ],
          [
            -74.06481,
            40.60038
          ],
          [
            -74.06475,
            40.60028
          ],
          [
            -74.06475,
            40.60028
          ],
          [
            -74.06475,
            40.60028
          ],
          [
            -74.06468,
            40.60018
          ],
          [
            -74.06463,
            40.6001
          ],
          [
            -74.06445,
            40.59984
          ],
          [
            -74.06389,
            40.59904
          ],
          [
            -74.06386,
            40.59901
          ],
          [
            -74.06381,
            40.59893
          ],
          [
            -74.06381,
            40.59893
          ],
          [
            -74.06392,
            40.59889
          ],
          [
            -74.06407,
            40.59885
          ],
          [
            -74.0642,
            40.5988
          ],
          [
            -74.0642,
            40.5988
          ],
          [
            -74.0642,
            40.5988
          ],
          [
            -74.06518,
            40.59847
          ],
          [
            -74.06546,
            40.59838
          ],
          [
            -74.06556,
            40.59835
          ],
          [
            -74.06581,
            40.59826
          ],
          [
            -74.06591,
            40.59823
          ],
          [
            -74.06604,
            40.59819
          ],
          [
            -74.06622,
            40.59813
          ],
          [
            -74.06622,
            40.59813
          ],
          [
            -74.06622,
            40.59813
          ],
          [
            -74.06627,
            40.59811
          ],
          [
            -74.06662,
            40.598
          ],
          [
            -74.06732,
            40.59776
          ],
          [
            -74.0674,
            40.59773
          ],
          [
            -74.06835,
            40.59742
          ],
          [
            -74.06893,
            40.59723
          ],
          [
            -74.06901,
            40.59721
          ],
          [
            -74.06901,
            40.59721
          ],
          [
            -74.06901,
            40.59721
          ],
          [
            -74.06957,
            40.59702
          ],
          [
            -74.06996,
            40.59689
          ],
          [
            -74.07008,
            40.59685
          ],
          [
            -74.07033,
            40.59677
          ],
          [
            -74.07044,
            40.59674
          ],
          [
            -74.07044,
            40.59674
          ],
          [
            -74.07051,
            40.59681
          ],
          [
            -74.07062,
            40.59695
          ],
          [
            -74.07062,
            40.59695
          ],
          [
            -74.07062,
            40.59695
          ],
          [
            -74.07077,
            40.59712
          ],
          [
            -74.07091,
            40.59729
          ],
          [
            -74.07096,
            40.59734
          ],
          [
            -74.07104,
            40.59739
          ],
          [
            -74.07169,
            40.59776
          ],
          [
            -74.07177,
            40.59781
          ],
          [
            -74.07185,
            40.59787
          ],
          [
            -74.07187,
            40.59789
          ],
          [
            -74.0719,
            40.59792
          ],
          [
            -74.07193,
            40.59796
          ],
          [
            -74.07195,
            40.59799
          ],
          [
            -74.07197,
            40.59803
          ],
          [
            -74.07198,
            40.59807
          ],
          [
            -74.07199,
            40.59811
          ],
          [
            -74.072,
            40.59815
          ],
          [
            -74.072,
            40.59819
          ],
          [
            -74.07199,
            40.59823
          ],
          [
            -74.07199,
            40.59827
          ],
          [
            -74.07197,
            40.59838
          ],
          [
            -74.07194,
            40.59858
          ],
          [
            -74.07194,
            40.59858
          ],
          [
            -74.07194,
            40.59858
          ],
          [
            -74.07193,
            40.59867
          ],
          [
            -74.07192,
            40.5987
          ],
          [
            -74.07193,
            40.59873
          ],
          [
            -74.07194,
            40.59875
          ],
          [
            -74.07195,
            40.59878
          ],
          [
            -74.07197,
            40.5988
          ],
          [
            -74.072,
            40.59883
          ],
          [
            -74.07201,
            40.59884
          ],
          [
            -74.07202,
            40.59885
          ],
          [
            -74.07205,
            40.59886
          ],
          [
            -74.07219,
            40.59894
          ],
          [
            -74.07219,
            40.59894
          ],
          [
            -74.07224,
            40.59887
          ],
          [
            -74.07227,
            40.59883
          ],
          [
            -74.07229,
            40.5988
          ],
          [
            -74.0724,
            40.59866
          ],
          [
            -74.07245,
            40.59859
          ],
          [
            -74.07253,
            40.59848
          ],
          [
            -74.07253,
            40.59848
          ],
          [
            -74.07253,
            40.59848
          ],
          [
            -74.07258,
            40.59843
          ],
          [
            -74.07262,
            40.59838
          ],
          [
            -74.07267,
            40.59833
          ],
          [
            -74.07274,
            40.59826
          ],
          [
            -74.0728,
            40.59821
          ],
          [
            -74.07285,
            40.59817
          ],
          [
            -74.0729,
            40.59812
          ],
          [
            -74.07295,
            40.59808
          ],
          [
            -74.07301,
            40.59804
          ],
          [
            -74.07307,
            40.59799
          ],
          [
            -74.07312,
            40.59795
          ],
          [
            -74.07318,
            40.59792
          ],
          [
            -74.07325,
            40.59788
          ],
          [
            -74.07331,
            40.59785
          ],
          [
            -74.07338,
            40.59782
          ],
          [
            -74.07344,
            40.59779
          ],
          [
            -74.07351,
            40.59776
          ],
          [
            -74.07358,
            40.59773
          ],
          [
            -74.07366,
            40.59771
          ],
          [
            -74.07373,
            40.59769
          ],
          [
            -74.07382,
            40.59766
          ],
          [
            -74.07388,
            40.59765
          ],
          [
            -74.07397,
            40.59763
          ],
          [
            -74.07406,
            40.59762
          ],
          [
            -74.07415,
            40.59761
          ],
          [
            -74.07422,
            40.5976
          ],
          [
            -74.07431,
            40.59759
          ],
          [
            -74.0744,
            40.59759
          ],
          [
            -74.07448,
            40.59759
          ],
          [
            -74.07456,
            40.59759
          ],
          [
            -74.07464,
            40.5976
          ],
          [
            -74.07473,
            40.5976
          ],
          [
            -74.07482,
            40.59761
          ],
          [
            -74.0749,
            40.59763
          ],
          [
            -74.07498,
            40.59764
          ],
          [
            -74.07507,
            40.59766
          ],
          [
            -74.07515,
            40.59768
          ],
          [
            -74.07524,
            40.59771
          ],
          [
            -74.07532,
            40.59774
          ],
          [
            -74.07543,
            40.59778
          ],
          [
            -74.07555,
            40.59783
          ],
          [
            -74.07589,
            40.59797
          ],
          [
            -74.07589,
            40.59797
          ],
          [
            -74.07589,
            40.59797
          ],
          [
            -74.07604,
            40.59803
          ],
          [
            -74.07646,
            40.5982
          ],
          [
            -74.07656,
            40.59824
          ],
          [
            -74.07667,
            40.59828
          ],
          [
            -74.0768,
            40.59832
          ],
          [
            -74.07694,
            40.59836
          ],
          [
            -74.07705,
            40.59838
          ],
          [
            -74.07741,
            40.59847
          ],
          [
            -74.07806,
            40.59851
          ],
          [
            -74.07806,
            40.59851
          ],
          [
            -74.07806,
            40.59851
          ],
          [
            -74.07817,
            40.59852
          ],
          [
            -74.07823,
            40.59853
          ],
          [
            -74.07839,
            40.59854
          ],
          [
            -74.07847,
            40.59854
          ],
          [
            -74.0786,
            40.59855
          ],
          [
            -74.0791,
            40.59859
          ],
          [
            -74.07949,
            40.59861
          ],
          [
            -74.07964,
            40.59862
          ],
          [
            -74.07978,
            40.59863
          ],
          [
            -74.0799,
            40.59863
          ],
          [
            -74.07999,
            40.59863
          ],
          [
            -74.08012,
            40.59864
          ],
          [
            -74.08025,
            40.59865
          ],
          [
            -74.08045,
            40.59866
          ],
          [
            -74.08063,
            40.59868
          ],
          [
            -74.08076,
            40.59868
          ],
          [
            -74.0809,
            40.59869
          ],
          [
            -74.08101,
            40.59869
          ],
          [
            -74.08106,
            40.59869
          ],
          [
            -74.08106,
            40.59869
          ],
          [
            -74.08106,
            40.59869
          ],
          [
            -74.08112,
            40.59869
          ],
          [
            -74.08126,
            40.59869
          ],
          [
            -74.08126,
            40.59869
          ],
          [
            -74.08135,
            40.59873
          ],
          [
            -74.08138,
            40.59874
          ],
          [
            -74.08139,
            40.59875
          ],
          [
            -74.08143,
            40.59878
          ],
          [
            -74.08146,
            40.59881
          ],
          [
            -74.08149,
            40.59885
          ],
          [
            -74.08155,
            40.59894
          ],
          [
            -74.08153,
            40.59898
          ],
          [
            -74.08151,
            40.59901
          ],
          [
            -74.08148,
            40.59905
          ],
          [
            -74.08147,
            40.59906
          ],
          [
            -74.08142,
            40.59922
          ],
          [
            -74.08134,
            40.59934
          ],
          [
            -74.0813,
            40.59941
          ],
          [
            -74.08127,
            40.59947
          ],
          [
            -74.08124,
            40.59954
          ],
          [
            -74.08122,
            40.5996
          ],
          [
            -74.0812,
            40.59968
          ],
          [
            -74.08118,
            40.59976
          ],
          [
            -74.08116,
            40.59984
          ],
          [
            -74.08116,
            40.59992
          ],
          [
            -74.08115,
            40.6
          ],
          [
            -74.08115,
            40.60008
          ],
          [
            -74.08115,
            40.60015
          ],
          [
            -74.08115,
            40.60021
          ],
          [
            -74.08117,
            40.6003
          ],
          [
            -74.08118,
            40.60039
          ],
          [
            -74.0812,
            40.60046
          ],
          [
            -74.08121,
            40.60053
          ],
          [
            -74.08124,
            40.6006
          ],
          [
            -74.0813,
            40.60075
          ],
          [
            -74.08132,
            40.6008
          ],
          [
            -74.08134,
            40.60085
          ],
          [
            -74.08137,
            40.60089
          ],
          [
            -74.08139,
            40.60093
          ],
          [
            -74.08141,
            40.60096
          ],
          [
            -74.08144,
            40.601
          ],
          [
            -74.08185,
            40.60155
          ],
          [
            -74.08193,
            40.60166
          ],
          [
            -74.08193,
            40.60166
          ],
          [
            -74.08193,
            40.60166
          ],
          [
            -74.08204,
            40.60179
          ],
          [
            -74.08206,
            40.60182
          ],
          [
            -74.08218,
            40.60194
          ],
          [
            -74.08234,
            40.6021
          ],
          [
            -74.08239,
            40.60218
          ],
          [
            -74.08273,
            40.60265
          ],
          [
            -74.08292,
            40.60291
          ],
          [
            -74.08304,
            40.60308
          ],
          [
            -74.08327,
            40.6034
          ],
          [
            -74.08342,
            40.60362
          ],
          [
            -74.08353,
            40.60377
          ],
          [
            -74.08353,
            40.60377
          ],
          [
            -74.08353,
            40.60377
          ],
          [
            -74.08362,
            40.6039
          ],
          [
            -74.08366,
            40.60395
          ],
          [
            -74.08381,
            40.60417
          ],
          [
            -74.08387,
            40.60425
          ],
          [
            -74.08406,
            40.60452
          ],
          [
            -74.08408,
            40.60455
          ],
          [
            -74.0841,
            40.60457
          ],
          [
            -74.08412,
            40.60459
          ],
          [
            -74.08415,
            40.60461
          ],
          [
            -74.08418,
            40.60463
          ],
          [
            -74.08439,
            40.60475
          ],
          [
            -74.08447,
            40.6048
          ],
          [
            -74.08452,
            40.60484
          ],
          [
            -74.08473,
            40.60496
          ],
          [
            -74.08473,
            40.60496
          ],
          [
            -74.08473,
            40.60496
          ],
          [
            -74.08518,
            40.60522
          ],
          [
            -74.0859,
            40.60563
          ],
          [
            -74.08662,
            40.60605
          ],
          [
            -74.0869,
            40.60621
          ],
          [
            -74.0869,
            40.60621
          ],
          [
            -74.0869,
            40.60621
          ],
          [
            -74.08733,
            40.60646
          ],
          [
            -74.08804,
            40.60688
          ],
          [
            -74.08839,
            40.60709
          ],
          [
            -74.08839,
            40.60709
          ],
          [
            -74.08836,
            40.60712
          ],
          [
            -74.08834,
            40.60714
          ],
          [
            -74.08834,
            40.60714
          ],
          [
            -74.08834,
            40.60714
          ],
          [
            -74.08836,
            40.60712
          ],
          [
            -74.08839,
            40.60709
          ],
          [
            -74.08839,
            40.60709
          ],
          [
            -74.08856,
            40.60719
          ],
          [
            -74.08876,
            40.6073
          ],
          [
            -74.08895,
            40.60741
          ],
          [
            -74.08906,
            40.60748
          ],
          [
            -74.08906,
            40.60748
          ],
          [
            -74.08902,
            40.60751
          ],
          [
            -74.08894,
            40.60758
          ],
          [
            -74.08894,
            40.60758
          ],
          [
            -74.0891,
            40.60766
          ],
          [
            -74.0891,
            40.60766
          ],
          [
            -74.0891,
            40.60766
          ],
          [
            -74.08894,
            40.60758
          ],
          [
            -74.08894,
            40.60758
          ],
          [
            -74.08902,
            40.60751
          ],
          [
            -74.08906,
            40.60748
          ],
          [
            -74.08906,
            40.60748
          ],
          [
            -74.08918,
            40.60755
          ],
          [
            -74.08936,
            40.60765
          ],
          [
            -74.08944,
            40.6077
          ],
          [
            -74.08944,
            40.6077
          ],
          [
            -74.08922,
            40.60793
          ],
          [
            -74.08838,
            40.60874
          ],
          [
            -74.08838,
            40.60874
          ],
          [
            -74.08849,
            40.60878
          ],
          [
            -74.08922,
            40.60906
          ],
          [
            -74.0897,
            40.60925
          ],
          [
            -74.08989,
            40.60933
          ],
          [
            -74.09,
            40.60937
          ],
          [
            -74.09011,
            40.60941
          ],
          [
            -74.09021,
            40.60945
          ],
          [
            -74.0903,
            40.60949
          ],
          [
            -74.09048,
            40.60956
          ],
          [
            -74.09077,
            40.60967
          ],
          [
            -74.09077,
            40.60967
          ],
          [
            -74.09077,
            40.60967
          ],
          [
            -74.09112,
            40.60981
          ],
          [
            -74.09158,
            40.60999
          ],
          [
            -74.09232,
            40.61029
          ],
          [
            -74.09244,
            40.61033
          ],
          [
            -74.09259,
            40.61038
          ],
          [
            -74.09272,
            40.61043
          ],
          [
            -74.09285,
            40.61047
          ],
          [
            -74.09304,
            40.61053
          ],
          [
            -74.09318,
            40.61057
          ],
          [
            -74.09333,
            40.61061
          ],
          [
            -74.09348,
            40.61065
          ],
          [
            -74.09363,
            40.61069
          ],
          [
            -74.0941,
            40.61078
          ],
          [
            -74.09423,
            40.6108
          ],
          [
            -74.09435,
            40.61083
          ],
          [
            -74.09447,
            40.61085
          ],
          [
            -74.09455,
            40.61086
          ],
          [
            -74.09461,
            40.61087
          ],
          [
            -74.09475,
            40.61089
          ],
          [
            -74.09489,
            40.61091
          ],
          [
            -74.09503,
            40.61093
          ],
          [
            -74.09517,
            40.61095
          ],
          [
            -74.09532,
            40.61096
          ],
          [
            -74.09545,
            40.61098
          ],
          [
            -74.0956,
            40.61099
          ],
          [
            -74.09573,
            40.611
          ],
          [
            -74.09588,
            40.61101
          ],
          [
            -74.09601,
            40.61101
          ],
          [
            -74.09616,
            40.61102
          ],
          [
            -74.0963,
            40.61102
          ],
          [
            -74.09644,
            40.61102
          ],
          [
            -74.09659,
            40.61102
          ],
          [
            -74.09672,
            40.61102
          ],
          [
            -74.09687,
            40.61102
          ],
          [
            -74.09702,
            40.61101
          ],
          [
            -74.09702,
            40.61101
          ],
          [
            -74.0975,
            40.61102
          ],
          [
            -74.09756,
            40.61103
          ],
          [
            -74.09763,
            40.61103
          ],
          [
            -74.0977,
            40.61104
          ],
          [
            -74.09776,
            40.61105
          ],
          [
            -74.09781,
            40.61105
          ],
          [
            -74.09785,
            40.61107
          ],
          [
            -74.09792,
            40.61109
          ],
          [
            -74.09799,
            40.61111
          ],
          [
            -74.09806,
            40.61114
          ],
          [
            -74.09841,
            40.61126
          ],
          [
            -74.09841,
            40.61126
          ],
          [
            -74.0985,
            40.61136
          ],
          [
            -74.09858,
            40.61145
          ],
          [
            -74.09864,
            40.61152
          ],
          [
            -74.09885,
            40.61179
          ],
          [
            -74.09891,
            40.61186
          ],
          [
            -74.09911,
            40.61212
          ],
          [
            -74.09929,
            40.61236
          ],
          [
            -74.09935,
            40.61243
          ],
          [
            -74.09941,
            40.6125
          ],
          [
            -74.0996,
            40.61267
          ],
          [
            -74.0996,
            40.61267
          ],
          [
            -74.0996,
            40.61267
          ],
          [
            -74.09961,
            40.61267
          ],
          [
            -74.09988,
            40.61292
          ],
          [
            -74.10008,
            40.61312
          ],
          [
            -74.10035,
            40.61332
          ],
          [
            -74.10042,
            40.61337
          ],
          [
            -74.10042,
            40.61337
          ],
          [
            -74.10042,
            40.61337
          ],
          [
            -74.10043,
            40.61338
          ],
          [
            -74.10054,
            40.61347
          ],
          [
            -74.10061,
            40.61352
          ],
          [
            -74.10067,
            40.61356
          ],
          [
            -74.10077,
            40.61363
          ],
          [
            -74.10126,
            40.61399
          ],
          [
            -74.1021,
            40.61461
          ],
          [
            -74.10227,
            40.61482
          ],
          [
            -74.10227,
            40.61482
          ],
          [
            -74.10227,
            40.61482
          ],
          [
            -74.10256,
            40.6152
          ],
          [
            -74.10265,
            40.61532
          ],
          [
            -74.10273,
            40.61542
          ],
          [
            -74.10285,
            40.61557
          ],
          [
            -74.10302,
            40.61579
          ],
          [
            -74.10312,
            40.61592
          ],
          [
            -74.10319,
            40.616
          ],
          [
            -74.10321,
            40.61603
          ],
          [
            -74.1033,
            40.61613
          ],
          [
            -74.10342,
            40.6163
          ],
          [
            -74.10344,
            40.61632
          ],
          [
            -74.10352,
            40.61642
          ],
          [
            -74.10352,
            40.61642
          ],
          [
            -74.10339,
            40.61649
          ],
          [
            -74.10335,
            40.61651
          ],
          [
            -74.10311,
            40.61663
          ],
          [
            -74.10306,
            40.61665
          ],
          [
            -74.10274,
            40.6168
          ],
          [
            -74.10274,
            40.6168
          ],
          [
            -74.10299,
            40.61679
          ],
          [
            -74.10305,
            40.61676
          ],
          [
            -74.10341,
            40.61658
          ],
          [
            -74.10346,
            40.61656
          ],
          [
            -74.10348,
            40.61655
          ],
          [
            -74.10348,
            40.61655
          ],
          [
            -74.10348,
            40.61655
          ],
          [
            -74.10356,
            40.61651
          ],
          [
            -74.10356,
            40.61651
          ],
          [
            -74.10357,
            40.61655
          ],
          [
            -74.10388,
            40.61692
          ],
          [
            -74.10398,
            40.61703
          ],
          [
            -74.10405,
            40.61711
          ],
          [
            -74.10416,
            40.61715
          ],
          [
            -74.10458,
            40.61761
          ],
          [
            -74.1048,
            40.61785
          ],
          [
            -74.1048,
            40.61785
          ],
          [
            -74.1048,
            40.61785
          ],
          [
            -74.10495,
            40.61802
          ],
          [
            -74.10512,
            40.61822
          ],
          [
            -74.10519,
            40.61829
          ],
          [
            -74.10524,
            40.61834
          ],
          [
            -74.10549,
            40.61856
          ],
          [
            -74.10556,
            40.61863
          ],
          [
            -74.10573,
            40.61876
          ],
          [
            -74.10585,
            40.61885
          ],
          [
            -74.10601,
            40.61895
          ],
          [
            -74.10611,
            40.619
          ],
          [
            -74.10631,
            40.61909
          ],
          [
            -74.10664,
            40.61923
          ],
          [
            -74.10723,
            40.61948
          ],
          [
            -74.1073,
            40.61951
          ],
          [
            -74.10767,
            40.61967
          ],
          [
            -74.10775,
            40.6197
          ],
          [
            -74.10782,
            40.61973
          ],
          [
            -74.10863,
            40.62009
          ],
          [
            -74.10887,
            40.6202
          ],
          [
            -74.10915,
            40.62031
          ],
          [
            -74.10929,
            40.62037
          ],
          [
            -74.10956,
            40.62049
          ],
          [
            -74.10984,
            40.62061
          ],
          [
            -74.10992,
            40.62064
          ],
          [
            -74.11002,
            40.62069
          ],
          [
            -74.1102,
            40.62079
          ],
          [
            -74.11023,
            40.62081
          ],
          [
            -74.11037,
            40.62088
          ],
          [
            -74.11037,
            40.62088
          ],
          [
            -74.11037,
            40.62088
          ],
          [
            -74.11081,
            40.62112
          ],
          [
            -74.11094,
            40.6212
          ],
          [
            -74.11153,
            40.6216
          ],
          [
            -74.11207,
            40.62202
          ],
          [
            -74.11239,
            40.62228
          ],
          [
            -74.11246,
            40.62233
          ],
          [
            -74.11246,
            40.62233
          ],
          [
            -74.11246,
            40.62233
          ],
          [
            -74.1126,
            40.62245
          ],
          [
            -74.11265,
            40.62249
          ],
          [
            -74.11293,
            40.62277
          ],
          [
            -74.11294,
            40.62278
          ],
          [
            -74.11325,
            40.623
          ],
          [
            -74.11331,
            40.62304
          ],
          [
            -74.11331,
            40.62304
          ],
          [
            -74.11334,
            40.62321
          ],
          [
            -74.11359,
            40.6237
          ],
          [
            -74.11385,
            40.62417
          ],
          [
            -74.11385,
            40.62417
          ],
          [
            -74.11385,
            40.62417
          ],
          [
            -74.11393,
            40.62433
          ],
          [
            -74.11407,
            40.62458
          ],
          [
            -74.11414,
            40.6247
          ],
          [
            -74.11432,
            40.62506
          ],
          [
            -74.11452,
            40.62543
          ],
          [
            -74.11472,
            40.62582
          ],
          [
            -74.11475,
            40.62588
          ],
          [
            -74.11501,
            40.62638
          ],
          [
            -74.11525,
            40.62683
          ],
          [
            -74.11527,
            40.62689
          ],
          [
            -74.11545,
            40.62722
          ],
          [
            -74.11556,
            40.62744
          ],
          [
            -74.11556,
            40.62744
          ],
          [
            -74.11556,
            40.62744
          ],
          [
            -74.11561,
            40.62755
          ],
          [
            -74.11589,
            40.62809
          ],
          [
            -74.11595,
            40.62823
          ],
          [
            -74.11611,
            40.62857
          ],
          [
            -74.11616,
            40.62873
          ],
          [
            -74.11617,
            40.62878
          ],
          [
            -74.11617,
            40.62878
          ],
          [
            -74.11617,
            40.62878
          ],
          [
            -74.11617,
            40.6288
          ],
          [
            -74.11618,
            40.62886
          ],
          [
            -74.1162,
            40.62894
          ],
          [
            -74.11621,
            40.62902
          ],
          [
            -74.11624,
            40.62921
          ],
          [
            -74.11626,
            40.62934
          ],
          [
            -74.11635,
            40.62984
          ],
          [
            -74.11649,
            40.63068
          ],
          [
            -74.11649,
            40.63068
          ],
          [
            -74.11649,
            40.63068
          ],
          [
            -74.1165,
            40.63069
          ],
          [
            -74.11651,
            40.63076
          ],
          [
            -74.11652,
            40.63082
          ],
          [
            -74.11666,
            40.63165
          ],
          [
            -74.11667,
            40.63171
          ],
          [
            -74.11668,
            40.63177
          ],
          [
            -74.11682,
            40.63256
          ],
          [
            -74.11682,
            40.63256
          ],
          [
            -74.11682,
            40.63256
          ],
          [
            -74.11682,
            40.63261
          ],
          [
            -74.11684,
            40.63268
          ],
          [
            -74.11685,
            40.63276
          ],
          [
            -74.11689,
            40.63297
          ],
          [
            -74.1169,
            40.63303
          ],
          [
            -74.11697,
            40.63336
          ],
          [
            -74.11705,
            40.63382
          ],
          [
            -74.11708,
            40.63401
          ],
          [
            -74.11714,
            40.63438
          ],
          [
            -74.11714,
            40.63438
          ],
          [
            -74.11714,
            40.63438
          ],
          [
            -74.11716,
            40.6345
          ],
          [
            -74.11721,
            40.63457
          ],
          [
            -74.11721,
            40.63457
          ],
          [
            -74.11733,
            40.63457
          ],
          [
            -74.11774,
            40.63453
          ],
          [
            -74.11781,
            40.63452
          ],
          [
            -74.11789,
            40.63451
          ],
          [
            -74.11849,
            40.63445
          ],
          [
            -74.11856,
            40.63444
          ],
          [
            -74.11926,
            40.63438
          ],
          [
            -74.11926,
            40.63438
          ]
        ]
      }
    },
    {
      "type": "Feature",
      "properties": {
        "route_id": "S53-W-RushHour",
        "layer": "T2 Original"
      },
      "geometry": {
        "type": "LineString",
        "coordinates": [
          [
            -74.02856,
            40.62228
          ],
          [
            -74.02864,
            40.6221
          ],
          [
            -74.02867,
            40.62203
          ],
          [
            -74.02869,
            40.62196
          ],
          [
            -74.0289,
            40.62144
          ],
          [
            -74.02893,
            40.62138
          ],
          [
            -74.02897,
            40.62129
          ],
          [
            -74.02901,
            40.62119
          ],
          [
            -74.02905,
            40.62108
          ],
          [
            -74.02917,
            40.62078
          ],
          [
            -74.0292,
            40.62073
          ],
          [
            -74.02921,
            40.62071
          ],
          [
            -74.02927,
            40.62055
          ],
          [
            -74.02929,
            40.62051
          ],
          [
            -74.02931,
            40.62046
          ],
          [
            -74.02933,
            40.62041
          ],
          [
            -74.02934,
            40.62039
          ],
          [
            -74.02954,
            40.61989
          ],
          [
            -74.02956,
            40.61983
          ],
          [
            -74.02959,
            40.61978
          ],
          [
            -74.02969,
            40.61951
          ],
          [
            -74.02969,
            40.61951
          ],
          [
            -74.02969,
            40.61951
          ],
          [
            -74.02981,
            40.61922
          ],
          [
            -74.02984,
            40.61915
          ],
          [
            -74.02986,
            40.6191
          ],
          [
            -74.03001,
            40.61875
          ],
          [
            -74.03012,
            40.61847
          ],
          [
            -74.03015,
            40.61841
          ],
          [
            -74.03017,
            40.61834
          ],
          [
            -74.03017,
            40.61834
          ],
          [
            -74.03005,
            40.61828
          ],
          [
            -74.03,
            40.61825
          ],
          [
            -74.0294,
            40.61795
          ],
          [
            -74.0293,
            40.6179
          ],
          [
            -74.02923,
            40.61786
          ],
          [
            -74.02847,
            40.61749
          ],
          [
            -74.0284,
            40.61746
          ],
          [
            -74.02833,
            40.61742
          ],
          [
            -74.02788,
            40.6172
          ],
          [
            -74.02759,
            40.61705
          ],
          [
            -74.02756,
            40.61703
          ],
          [
            -74.02749,
            40.61695
          ],
          [
            -74.02741,
            40.61691
          ],
          [
            -74.02727,
            40.61684
          ],
          [
            -74.02715,
            40.61678
          ],
          [
            -74.02715,
            40.61678
          ],
          [
            -74.02715,
            40.61678
          ],
          [
            -74.0271,
            40.61675
          ],
          [
            -74.02695,
            40.61668
          ],
          [
            -74.02692,
            40.61666
          ],
          [
            -74.02681,
            40.61661
          ],
          [
            -74.02678,
            40.61659
          ],
          [
            -74.02669,
            40.61655
          ],
          [
            -74.02669,
            40.61655
          ],
          [
            -74.02682,
            40.61647
          ],
          [
            -74.02684,
            40.61646
          ],
          [
            -74.02702,
            40.61624
          ],
          [
            -74.02702,
            40.61624
          ],
          [
            -74.02738,
            40.61583
          ],
          [
            -74.02788,
            40.61525
          ],
          [
            -74.02828,
            40.6148
          ],
          [
            -74.02889,
            40.61416
          ],
          [
            -74.02958,
            40.61339
          ],
          [
            -74.02989,
            40.61295
          ],
          [
            -74.02989,
            40.61295
          ],
          [
            -74.03005,
            40.61276
          ],
          [
            -74.03028,
            40.61244
          ],
          [
            -74.03059,
            40.61202
          ],
          [
            -74.03072,
            40.61186
          ],
          [
            -74.03086,
            40.6117
          ],
          [
            -74.03105,
            40.6115
          ],
          [
            -74.03127,
            40.6113
          ],
          [
            -74.0315,
            40.61111
          ],
          [
            -74.03167,
            40.61099
          ],
          [
            -74.03183,
            40.61088
          ],
          [
            -74.03201,
            40.6108
          ],
          [
            -74.03268,
            40.61057
          ],
          [
            -74.0334,
            40.61033
          ],
          [
            -74.03433,
            40.61003
          ],
          [
            -74.03433,
            40.61003
          ],
          [
            -74.03663,
            40.6093
          ],
          [
            -74.03884,
            40.60859
          ],
          [
            -74.04055,
            40.60804
          ],
          [
            -74.04259,
            40.60738
          ],
          [
            -74.0449,
            40.60663
          ],
          [
            -74.04755,
            40.60577
          ],
          [
            -74.04965,
            40.60509
          ],
          [
            -74.05237,
            40.60422
          ],
          [
            -74.05382,
            40.60375
          ],
          [
            -74.05579,
            40.60311
          ],
          [
            -74.0573,
            40.60261
          ],
          [
            -74.05762,
            40.60251
          ],
          [
            -74.05795,
            40.60242
          ],
          [
            -74.05827,
            40.60233
          ],
          [
            -74.05861,
            40.60224
          ],
          [
            -74.05861,
            40.60224
          ],
          [
            -74.05875,
            40.6022
          ],
          [
            -74.05891,
            40.60217
          ],
          [
            -74.05907,
            40.60214
          ],
          [
            -74.05922,
            40.60211
          ],
          [
            -74.05936,
            40.60209
          ],
          [
            -74.0595,
            40.60208
          ],
          [
            -74.05963,
            40.60207
          ],
          [
            -74.05978,
            40.60207
          ],
          [
            -74.05992,
            40.60206
          ],
          [
            -74.06006,
            40.60207
          ],
          [
            -74.0602,
            40.60207
          ],
          [
            -74.06035,
            40.60208
          ],
          [
            -74.06049,
            40.60209
          ],
          [
            -74.06063,
            40.6021
          ],
          [
            -74.06078,
            40.60212
          ],
          [
            -74.06093,
            40.60214
          ],
          [
            -74.0612,
            40.60217
          ],
          [
            -74.06148,
            40.60222
          ],
          [
            -74.06176,
            40.60226
          ],
          [
            -74.06203,
            40.6023
          ],
          [
            -74.06234,
            40.60236
          ],
          [
            -74.0625,
            40.60239
          ],
          [
            -74.06267,
            40.60242
          ],
          [
            -74.0628,
            40.60245
          ],
          [
            -74.06287,
            40.60246
          ],
          [
            -74.06294,
            40.60248
          ],
          [
            -74.0637,
            40.60262
          ],
          [
            -74.06374,
            40.60263
          ],
          [
            -74.06379,
            40.60264
          ],
          [
            -74.06408,
            40.6027
          ],
          [
            -74.06436,
            40.60276
          ],
          [
            -74.06464,
            40.60283
          ],
          [
            -74.06491,
            40.6029
          ],
          [
            -74.06518,
            40.60297
          ],
          [
            -74.06546,
            40.60305
          ],
          [
            -74.06546,
            40.60305
          ],
          [
            -74.06563,
            40.60311
          ],
          [
            -74.06582,
            40.60319
          ],
          [
            -74.06613,
            40.60331
          ],
          [
            -74.06631,
            40.60338
          ],
          [
            -74.06645,
            40.60343
          ],
          [
            -74.06655,
            40.60347
          ],
          [
            -74.06667,
            40.60352
          ],
          [
            -74.06679,
            40.60358
          ],
          [
            -74.06688,
            40.60363
          ],
          [
            -74.06696,
            40.60368
          ],
          [
            -74.06703,
            40.60373
          ],
          [
            -74.06708,
            40.60378
          ],
          [
            -74.06712,
            40.60382
          ],
          [
            -74.06715,
            40.60387
          ],
          [
            -74.06717,
            40.60392
          ],
          [
            -74.06718,
            40.60397
          ],
          [
            -74.06719,
            40.60403
          ],
          [
            -74.06719,
            40.60408
          ],
          [
            -74.06718,
            40.60414
          ],
          [
            -74.06715,
            40.60419
          ],
          [
            -74.06712,
            40.60425
          ],
          [
            -74.06707,
            40.6043
          ],
          [
            -74.06701,
            40.60434
          ],
          [
            -74.06695,
            40.60438
          ],
          [
            -74.06688,
            40.60442
          ],
          [
            -74.0668,
            40.60445
          ],
          [
            -74.06673,
            40.60446
          ],
          [
            -74.06664,
            40.60447
          ],
          [
            -74.06656,
            40.60447
          ],
          [
            -74.06648,
            40.60447
          ],
          [
            -74.0664,
            40.60445
          ],
          [
            -74.06632,
            40.60442
          ],
          [
            -74.06625,
            40.60438
          ],
          [
            -74.06619,
            40.60434
          ],
          [
            -74.06615,
            40.6043
          ],
          [
            -74.06611,
            40.60425
          ],
          [
            -74.06608,
            40.60421
          ],
          [
            -74.06607,
            40.6042
          ],
          [
            -74.06605,
            40.60415
          ],
          [
            -74.06605,
            40.60413
          ],
          [
            -74.06604,
            40.60411
          ],
          [
            -74.06601,
            40.60406
          ],
          [
            -74.06598,
            40.60397
          ],
          [
            -74.06595,
            40.60388
          ],
          [
            -74.06592,
            40.6038
          ],
          [
            -74.06589,
            40.60371
          ],
          [
            -74.06585,
            40.60359
          ],
          [
            -74.06574,
            40.60335
          ],
          [
            -74.06574,
            40.60335
          ],
          [
            -74.06539,
            40.60207
          ],
          [
            -74.06529,
            40.60181
          ],
          [
            -74.06523,
            40.6016
          ],
          [
            -74.06521,
            40.60152
          ],
          [
            -74.06516,
            40.60135
          ],
          [
            -74.06513,
            40.60123
          ],
          [
            -74.06508,
            40.60106
          ],
          [
            -74.06505,
            40.60096
          ],
          [
            -74.06502,
            40.60086
          ],
          [
            -74.06499,
            40.60077
          ],
          [
            -74.06495,
            40.60068
          ],
          [
            -74.06491,
            40.60058
          ],
          [
            -74.06486,
            40.60048
          ],
          [
            -74.06481,
            40.60038
          ],
          [
            -74.06475,
            40.60028
          ],
          [
            -74.06475,
            40.60028
          ],
          [
            -74.06475,
            40.60028
          ],
          [
            -74.06468,
            40.60018
          ],
          [
            -74.06463,
            40.6001
          ],
          [
            -74.06445,
            40.59984
          ],
          [
            -74.06389,
            40.59904
          ],
          [
            -74.06386,
            40.59901
          ],
          [
            -74.06381,
            40.59893
          ],
          [
            -74.06381,
            40.59893
          ],
          [
            -74.06392,
            40.59889
          ],
          [
            -74.06407,
            40.59885
          ],
          [
            -74.0642,
            40.5988
          ],
          [
            -74.0642,
            40.5988
          ],
          [
            -74.0642,
            40.5988
          ],
          [
            -74.06518,
            40.59847
          ],
          [
            -74.06546,
            40.59838
          ],
          [
            -74.06556,
            40.59835
          ],
          [
            -74.06581,
            40.59826
          ],
          [
            -74.06591,
            40.59823
          ],
          [
            -74.06604,
            40.59819
          ],
          [
            -74.06622,
            40.59813
          ],
          [
            -74.06622,
            40.59813
          ],
          [
            -74.06622,
            40.59813
          ],
          [
            -74.06627,
            40.59811
          ],
          [
            -74.06662,
            40.598
          ],
          [
            -74.06732,
            40.59776
          ],
          [
            -74.0674,
            40.59773
          ],
          [
            -74.06835,
            40.59742
          ],
          [
            -74.06893,
            40.59723
          ],
          [
            -74.06901,
            40.59721
          ],
          [
            -74.06901,
            40.59721
          ],
          [
            -74.06901,
            40.59721
          ],
          [
            -74.06957,
            40.59702
          ],
          [
            -74.06996,
            40.59689
          ],
          [
            -74.07008,
            40.59685
          ],
          [
            -74.07033,
            40.59677
          ],
          [
            -74.07044,
            40.59674
          ],
          [
            -74.07044,
            40.59674
          ],
          [
            -74.07051,
            40.59681
          ],
          [
            -74.07062,
            40.59695
          ],
          [
            -74.07062,
            40.59695
          ],
          [
            -74.07062,
            40.59695
          ],
          [
            -74.07077,
            40.59712
          ],
          [
            -74.07091,
            40.59729
          ],
          [
            -74.07096,
            40.59734
          ],
          [
            -74.07104,
            40.59739
          ],
          [
            -74.07169,
            40.59776
          ],
          [
            -74.07177,
            40.59781
          ],
          [
            -74.07185,
            40.59787
          ],
          [
            -74.07187,
            40.59789
          ],
          [
            -74.0719,
            40.59792
          ],
          [
            -74.07193,
            40.59796
          ],
          [
            -74.07195,
            40.59799
          ],
          [
            -74.07197,
            40.59803
          ],
          [
            -74.07198,
            40.59807
          ],
          [
            -74.07199,
            40.59811
          ],
          [
            -74.072,
            40.59815
          ],
          [
            -74.072,
            40.59819
          ],
          [
            -74.07199,
            40.59823
          ],
          [
            -74.07199,
            40.59827
          ],
          [
            -74.07197,
            40.59838
          ],
          [
            -74.07194,
            40.59858
          ],
          [
            -74.07194,
            40.59858
          ],
          [
            -74.07194,
            40.59858
          ],
          [
            -74.07193,
            40.59867
          ],
          [
            -74.07192,
            40.5987
          ],
          [
            -74.07193,
            40.59873
          ],
          [
            -74.07194,
            40.59875
          ],
          [
            -74.07195,
            40.59878
          ],
          [
            -74.07197,
            40.5988
          ],
          [
            -74.072,
            40.59883
          ],
          [
            -74.07201,
            40.59884
          ],
          [
            -74.07202,
            40.59885
          ],
          [
            -74.07205,
            40.59886
          ],
          [
            -74.07219,
            40.59894
          ],
          [
            -74.07219,
            40.59894
          ],
          [
            -74.07224,
            40.59887
          ],
          [
            -74.07227,
            40.59883
          ],
          [
            -74.07229,
            40.5988
          ],
          [
            -74.0724,
            40.59866
          ],
          [
            -74.07245,
            40.59859
          ],
          [
            -74.07253,
            40.59848
          ],
          [
            -74.07253,
            40.59848
          ],
          [
            -74.07253,
            40.59848
          ],
          [
            -74.07258,
            40.59843
          ],
          [
            -74.07262,
            40.59838
          ],
          [
            -74.07267,
            40.59833
          ],
          [
            -74.07274,
            40.59826
          ],
          [
            -74.0728,
            40.59821
          ],
          [
            -74.07285,
            40.59817
          ],
          [
            -74.0729,
            40.59812
          ],
          [
            -74.07295,
            40.59808
          ],
          [
            -74.07301,
            40.59804
          ],
          [
            -74.07307,
            40.59799
          ],
          [
            -74.07312,
            40.59795
          ],
          [
            -74.07318,
            40.59792
          ],
          [
            -74.07325,
            40.59788
          ],
          [
            -74.07331,
            40.59785
          ],
          [
            -74.07338,
            40.59782
          ],
          [
            -74.07344,
            40.59779
          ],
          [
            -74.07351,
            40.59776
          ],
          [
            -74.07358,
            40.59773
          ],
          [
            -74.07366,
            40.59771
          ],
          [
            -74.07373,
            40.59769
          ],
          [
            -74.07382,
            40.59766
          ],
          [
            -74.07388,
            40.59765
          ],
          [
            -74.07397,
            40.59763
          ],
          [
            -74.07406,
            40.59762
          ],
          [
            -74.07415,
            40.59761
          ],
          [
            -74.07422,
            40.5976
          ],
          [
            -74.07431,
            40.59759
          ],
          [
            -74.0744,
            40.59759
          ],
          [
            -74.07448,
            40.59759
          ],
          [
            -74.07456,
            40.59759
          ],
          [
            -74.07464,
            40.5976
          ],
          [
            -74.07473,
            40.5976
          ],
          [
            -74.07482,
            40.59761
          ],
          [
            -74.0749,
            40.59763
          ],
          [
            -74.07498,
            40.59764
          ],
          [
            -74.07507,
            40.59766
          ],
          [
            -74.07515,
            40.59768
          ],
          [
            -74.07524,
            40.59771
          ],
          [
            -74.07532,
            40.59774
          ],
          [
            -74.07543,
            40.59778
          ],
          [
            -74.07555,
            40.59783
          ],
          [
            -74.07589,
            40.59797
          ],
          [
            -74.07589,
            40.59797
          ],
          [
            -74.07589,
            40.59797
          ],
          [
            -74.07604,
            40.59803
          ],
          [
            -74.07646,
            40.5982
          ],
          [
            -74.07656,
            40.59824
          ],
          [
            -74.07667,
            40.59828
          ],
          [
            -74.0768,
            40.59832
          ],
          [
            -74.07694,
            40.59836
          ],
          [
            -74.07705,
            40.59838
          ],
          [
            -74.07741,
            40.59847
          ],
          [
            -74.07806,
            40.59851
          ],
          [
            -74.07806,
            40.59851
          ],
          [
            -74.07806,
            40.59851
          ],
          [
            -74.07817,
            40.59852
          ],
          [
            -74.07823,
            40.59853
          ],
          [
            -74.07839,
            40.59854
          ],
          [
            -74.07847,
            40.59854
          ],
          [
            -74.0786,
            40.59855
          ],
          [
            -74.0791,
            40.59859
          ],
          [
            -74.07949,
            40.59861
          ],
          [
            -74.07964,
            40.59862
          ],
          [
            -74.07978,
            40.59863
          ],
          [
            -74.0799,
            40.59863
          ],
          [
            -74.07999,
            40.59863
          ],
          [
            -74.08012,
            40.59864
          ],
          [
            -74.08025,
            40.59865
          ],
          [
            -74.08045,
            40.59866
          ],
          [
            -74.08063,
            40.59868
          ],
          [
            -74.08076,
            40.59868
          ],
          [
            -74.0809,
            40.59869
          ],
          [
            -74.08101,
            40.59869
          ],
          [
            -74.08106,
            40.59869
          ],
          [
            -74.08106,
            40.59869
          ],
          [
            -74.08106,
            40.59869
          ],
          [
            -74.08112,
            40.59869
          ],
          [
            -74.08126,
            40.59869
          ],
          [
            -74.08126,
            40.59869
          ],
          [
            -74.08135,
            40.59873
          ],
          [
            -74.08138,
            40.59874
          ],
          [
            -74.08139,
            40.59875
          ],
          [
            -74.08143,
            40.59878
          ],
          [
            -74.08146,
            40.59881
          ],
          [
            -74.08149,
            40.59885
          ],
          [
            -74.08155,
            40.59894
          ],
          [
            -74.08153,
            40.59898
          ],
          [
            -74.08151,
            40.59901
          ],
          [
            -74.08148,
            40.59905
          ],
          [
            -74.08147,
            40.59906
          ],
          [
            -74.08142,
            40.59922
          ],
          [
            -74.08134,
            40.59934
          ],
          [
            -74.0813,
            40.59941
          ],
          [
            -74.08127,
            40.59947
          ],
          [
            -74.08124,
            40.59954
          ],
          [
            -74.08122,
            40.5996
          ],
          [
            -74.0812,
            40.59968
          ],
          [
            -74.08118,
            40.59976
          ],
          [
            -74.08116,
            40.59984
          ],
          [
            -74.08116,
            40.59992
          ],
          [
            -74.08115,
            40.6
          ],
          [
            -74.08115,
            40.60008
          ],
          [
            -74.08115,
            40.60015
          ],
          [
            -74.08115,
            40.60021
          ],
          [
            -74.08117,
            40.6003
          ],
          [
            -74.08118,
            40.60039
          ],
          [
            -74.0812,
            40.60046
          ],
          [
            -74.08121,
            40.60053
          ],
          [
            -74.08124,
            40.6006
          ],
          [
            -74.0813,
            40.60075
          ],
          [
            -74.08132,
            40.6008
          ],
          [
            -74.08134,
            40.60085
          ],
          [
            -74.08137,
            40.60089
          ],
          [
            -74.08139,
            40.60093
          ],
          [
            -74.08141,
            40.60096
          ],
          [
            -74.08144,
            40.601
          ],
          [
            -74.08185,
            40.60155
          ],
          [
            -74.08193,
            40.60166
          ],
          [
            -74.08193,
            40.60166
          ],
          [
            -74.08193,
            40.60166
          ],
          [
            -74.08204,
            40.60179
          ],
          [
            -74.08206,
            40.60182
          ],
          [
            -74.08218,
            40.60194
          ],
          [
            -74.08234,
            40.6021
          ],
          [
            -74.08239,
            40.60218
          ],
          [
            -74.08273,
            40.60265
          ],
          [
            -74.08292,
            40.60291
          ],
          [
            -74.08304,
            40.60308
          ],
          [
            -74.08327,
            40.6034
          ],
          [
            -74.08342,
            40.60362
          ],
          [
            -74.08353,
            40.60377
          ],
          [
            -74.08353,
            40.60377
          ],
          [
            -74.08353,
            40.60377
          ],
          [
            -74.08362,
            40.6039
          ],
          [
            -74.08366,
            40.60395
          ],
          [
            -74.08381,
            40.60417
          ],
          [
            -74.08387,
            40.60425
          ],
          [
            -74.08406,
            40.60452
          ],
          [
            -74.08408,
            40.60455
          ],
          [
            -74.0841,
            40.60457
          ],
          [
            -74.08412,
            40.60459
          ],
          [
            -74.08415,
            40.60461
          ],
          [
            -74.08418,
            40.60463
          ],
          [
            -74.08439,
            40.60475
          ],
          [
            -74.08447,
            40.6048
          ],
          [
            -74.08452,
            40.60484
          ],
          [
            -74.08473,
            40.60496
          ],
          [
            -74.08473,
            40.60496
          ],
          [
            -74.08473,
            40.60496
          ],
          [
            -74.08518,
            40.60522
          ],
          [
            -74.0859,
            40.60563
          ],
          [
            -74.08662,
            40.60605
          ],
          [
            -74.0869,
            40.60621
          ],
          [
            -74.0869,
            40.60621
          ],
          [
            -74.0869,
            40.60621
          ],
          [
            -74.08733,
            40.60646
          ],
          [
            -74.08804,
            40.60688
          ],
          [
            -74.08839,
            40.60709
          ],
          [
            -74.08839,
            40.60709
          ],
          [
            -74.08836,
            40.60712
          ],
          [
            -74.08834,
            40.60714
          ],
          [
            -74.08834,
            40.60714
          ],
          [
            -74.08834,
            40.60714
          ],
          [
            -74.08836,
            40.60712
          ],
          [
            -74.08839,
            40.60709
          ],
          [
            -74.08839,
            40.60709
          ],
          [
            -74.08856,
            40.60719
          ],
          [
            -74.08876,
            40.6073
          ],
          [
            -74.08895,
            40.60741
          ],
          [
            -74.08906,
            40.60748
          ],
          [
            -74.08906,
            40.60748
          ],
          [
            -74.08902,
            40.60751
          ],
          [
            -74.08894,
            40.60758
          ],
          [
            -74.08894,
            40.60758
          ],
          [
            -74.0891,
            40.60766
          ],
          [
            -74.0891,
            40.60766
          ],
          [
            -74.0891,
            40.60766
          ],
          [
            -74.08894,
            40.60758
          ],
          [
            -74.08894,
            40.60758
          ],
          [
            -74.08902,
            40.60751
          ],
          [
            -74.08906,
            40.60748
          ],
          [
            -74.08906,
            40.60748
          ],
          [
            -74.08918,
            40.60755
          ],
          [
            -74.08936,
            40.60765
          ],
          [
            -74.08944,
            40.6077
          ],
          [
            -74.08944,
            40.6077
          ],
          [
            -74.08922,
            40.60793
          ],
          [
            -74.08838,
            40.60874
          ],
          [
            -74.08838,
            40.60874
          ],
          [
            -74.08849,
            40.60878
          ],
          [
            -74.08922,
            40.60906
          ],
          [
            -74.0897,
            40.60925
          ],
          [
            -74.08989,
            40.60933
          ],
          [
            -74.09,
            40.60937
          ],
          [
            -74.09011,
            40.60941
          ],
          [
            -74.09021,
            40.60945
          ],
          [
            -74.0903,
            40.60949
          ],
          [
            -74.09048,
            40.60956
          ],
          [
            -74.09077,
            40.60967
          ],
          [
            -74.09077,
            40.60967
          ],
          [
            -74.09077,
            40.60967
          ],
          [
            -74.09112,
            40.60981
          ],
          [
            -74.09158,
            40.60999
          ],
          [
            -74.09232,
            40.61029
          ],
          [
            -74.09244,
            40.61033
          ],
          [
            -74.09259,
            40.61038
          ],
          [
            -74.09272,
            40.61043
          ],
          [
            -74.09285,
            40.61047
          ],
          [
            -74.09304,
            40.61053
          ],
          [
            -74.09318,
            40.61057
          ],
          [
            -74.09333,
            40.61061
          ],
          [
            -74.09348,
            40.61065
          ],
          [
            -74.09363,
            40.61069
          ],
          [
            -74.0941,
            40.61078
          ],
          [
            -74.09423,
            40.6108
          ],
          [
            -74.09435,
            40.61083
          ],
          [
            -74.09447,
            40.61085
          ],
          [
            -74.09455,
            40.61086
          ],
          [
            -74.09461,
            40.61087
          ],
          [
            -74.09475,
            40.61089
          ],
          [
            -74.09489,
            40.61091
          ],
          [
            -74.09503,
            40.61093
          ],
          [
            -74.09517,
            40.61095
          ],
          [
            -74.09532,
            40.61096
          ],
          [
            -74.09545,
            40.61098
          ],
          [
            -74.0956,
            40.61099
          ],
          [
            -74.09573,
            40.611
          ],
          [
            -74.09588,
            40.61101
          ],
          [
            -74.09601,
            40.61101
          ],
          [
            -74.09616,
            40.61102
          ],
          [
            -74.0963,
            40.61102
          ],
          [
            -74.09644,
            40.61102
          ],
          [
            -74.09659,
            40.61102
          ],
          [
            -74.09672,
            40.61102
          ],
          [
            -74.09687,
            40.61102
          ],
          [
            -74.09702,
            40.61101
          ],
          [
            -74.09702,
            40.61101
          ],
          [
            -74.0975,
            40.61102
          ],
          [
            -74.09756,
            40.61103
          ],
          [
            -74.09763,
            40.61103
          ],
          [
            -74.0977,
            40.61104
          ],
          [
            -74.09776,
            40.61105
          ],
          [
            -74.09781,
            40.61105
          ],
          [
            -74.09785,
            40.61107
          ],
          [
            -74.09792,
            40.61109
          ],
          [
            -74.09799,
            40.61111
          ],
          [
            -74.09806,
            40.61114
          ],
          [
            -74.09841,
            40.61126
          ],
          [
            -74.09841,
            40.61126
          ],
          [
            -74.0985,
            40.61136
          ],
          [
            -74.09858,
            40.61145
          ],
          [
            -74.09864,
            40.61152
          ],
          [
            -74.09885,
            40.61179
          ],
          [
            -74.09891,
            40.61186
          ],
          [
            -74.09911,
            40.61212
          ],
          [
            -74.09929,
            40.61236
          ],
          [
            -74.09935,
            40.61243
          ],
          [
            -74.09941,
            40.6125
          ],
          [
            -74.0996,
            40.61267
          ],
          [
            -74.0996,
            40.61267
          ],
          [
            -74.0996,
            40.61267
          ],
          [
            -74.09961,
            40.61267
          ],
          [
            -74.09988,
            40.61292
          ],
          [
            -74.10008,
            40.61312
          ],
          [
            -74.10035,
            40.61332
          ],
          [
            -74.10042,
            40.61337
          ],
          [
            -74.10042,
            40.61337
          ],
          [
            -74.10042,
            40.61337
          ],
          [
            -74.10043,
            40.61338
          ],
          [
            -74.10054,
            40.61347
          ],
          [
            -74.10061,
            40.61352
          ],
          [
            -74.10067,
            40.61356
          ],
          [
            -74.10077,
            40.61363
          ],
          [
            -74.10126,
            40.61399
          ],
          [
            -74.1021,
            40.61461
          ],
          [
            -74.10227,
            40.61482
          ],
          [
            -74.10227,
            40.61482
          ],
          [
            -74.10227,
            40.61482
          ],
          [
            -74.10256,
            40.6152
          ],
          [
            -74.10265,
            40.61532
          ],
          [
            -74.10273,
            40.61542
          ],
          [
            -74.10285,
            40.61557
          ],
          [
            -74.10302,
            40.61579
          ],
          [
            -74.10312,
            40.61592
          ],
          [
            -74.10319,
            40.616
          ],
          [
            -74.10321,
            40.61603
          ],
          [
            -74.1033,
            40.61613
          ],
          [
            -74.10342,
            40.6163
          ],
          [
            -74.10344,
            40.61632
          ],
          [
            -74.10352,
            40.61642
          ],
          [
            -74.10352,
            40.61642
          ],
          [
            -74.10339,
            40.61649
          ],
          [
            -74.10335,
            40.61651
          ],
          [
            -74.10311,
            40.61663
          ],
          [
            -74.10306,
            40.61665
          ],
          [
            -74.10274,
            40.6168
          ],
          [
            -74.10274,
            40.6168
          ],
          [
            -74.10299,
            40.61679
          ],
          [
            -74.10305,
            40.61676
          ],
          [
            -74.10341,
            40.61658
          ],
          [
            -74.10346,
            40.61656
          ],
          [
            -74.10348,
            40.61655
          ],
          [
            -74.10348,
            40.61655
          ],
          [
            -74.10348,
            40.61655
          ],
          [
            -74.10356,
            40.61651
          ],
          [
            -74.10356,
            40.61651
          ],
          [
            -74.10357,
            40.61655
          ],
          [
            -74.10388,
            40.61692
          ],
          [
            -74.10398,
            40.61703
          ],
          [
            -74.10405,
            40.61711
          ],
          [
            -74.10416,
            40.61715
          ],
          [
            -74.10458,
            40.61761
          ],
          [
            -74.1048,
            40.61785
          ],
          [
            -74.1048,
            40.61785
          ],
          [
            -74.1048,
            40.61785
          ],
          [
            -74.10495,
            40.61802
          ],
          [
            -74.10512,
            40.61822
          ],
          [
            -74.10519,
            40.61829
          ],
          [
            -74.10524,
            40.61834
          ],
          [
            -74.10549,
            40.61856
          ],
          [
            -74.10556,
            40.61863
          ],
          [
            -74.10573,
            40.61876
          ],
          [
            -74.10585,
            40.61885
          ],
          [
            -74.10601,
            40.61895
          ],
          [
            -74.10611,
            40.619
          ],
          [
            -74.10631,
            40.61909
          ],
          [
            -74.10657,
            40.6192
          ],
          [
            -74.10657,
            40.6192
          ],
          [
            -74.10657,
            40.6192
          ],
          [
            -74.10664,
            40.61923
          ],
          [
            -74.10723,
            40.61948
          ],
          [
            -74.1073,
            40.61951
          ],
          [
            -74.10767,
            40.61967
          ],
          [
            -74.10775,
            40.6197
          ],
          [
            -74.10782,
            40.61973
          ],
          [
            -74.10863,
            40.62009
          ],
          [
            -74.10887,
            40.6202
          ],
          [
            -74.10915,
            40.62031
          ],
          [
            -74.10929,
            40.62037
          ],
          [
            -74.10956,
            40.62049
          ],
          [
            -74.10984,
            40.62061
          ],
          [
            -74.10992,
            40.62064
          ],
          [
            -74.11002,
            40.62069
          ],
          [
            -74.1102,
            40.62079
          ],
          [
            -74.11023,
            40.62081
          ],
          [
            -74.11037,
            40.62088
          ],
          [
            -74.11037,
            40.62088
          ],
          [
            -74.11037,
            40.62088
          ],
          [
            -74.11081,
            40.62112
          ],
          [
            -74.11094,
            40.6212
          ],
          [
            -74.11153,
            40.6216
          ],
          [
            -74.11207,
            40.62202
          ],
          [
            -74.11239,
            40.62228
          ],
          [
            -74.11246,
            40.62233
          ],
          [
            -74.11246,
            40.62233
          ],
          [
            -74.11246,
            40.62233
          ],
          [
            -74.1126,
            40.62245
          ],
          [
            -74.11265,
            40.62249
          ],
          [
            -74.11293,
            40.62277
          ],
          [
            -74.11294,
            40.62278
          ],
          [
            -74.11325,
            40.623
          ],
          [
            -74.11331,
            40.62304
          ],
          [
            -74.11331,
            40.62304
          ],
          [
            -74.11334,
            40.62321
          ],
          [
            -74.11359,
            40.6237
          ],
          [
            -74.11385,
            40.62417
          ],
          [
            -74.11385,
            40.62417
          ],
          [
            -74.11385,
            40.62417
          ],
          [
            -74.11393,
            40.62433
          ],
          [
            -74.11407,
            40.62458
          ],
          [
            -74.11414,
            40.6247
          ],
          [
            -74.11432,
            40.62506
          ],
          [
            -74.11452,
            40.62543
          ],
          [
            -74.11472,
            40.62582
          ],
          [
            -74.11475,
            40.62588
          ],
          [
            -74.11501,
            40.62638
          ],
          [
            -74.11525,
            40.62683
          ],
          [
            -74.11527,
            40.62689
          ],
          [
            -74.11545,
            40.62722
          ],
          [
            -74.11556,
            40.62744
          ],
          [
            -74.11556,
            40.62744
          ],
          [
            -74.11556,
            40.62744
          ],
          [
            -74.11561,
            40.62755
          ],
          [
            -74.11589,
            40.62809
          ],
          [
            -74.11595,
            40.62823
          ],
          [
            -74.11611,
            40.62857
          ],
          [
            -74.11616,
            40.62873
          ],
          [
            -74.11617,
            40.62878
          ],
          [
            -74.11617,
            40.62878
          ],
          [
            -74.11617,
            40.62878
          ],
          [
            -74.11617,
            40.6288
          ],
          [
            -74.11618,
            40.62886
          ],
          [
            -74.1162,
            40.62894
          ],
          [
            -74.11621,
            40.62902
          ],
          [
            -74.11624,
            40.62921
          ],
          [
            -74.11626,
            40.62934
          ],
          [
            -74.11635,
            40.62984
          ],
          [
            -74.11649,
            40.63068
          ],
          [
            -74.11649,
            40.63068
          ],
          [
            -74.11649,
            40.63068
          ],
          [
            -74.1165,
            40.63069
          ],
          [
            -74.11651,
            40.63076
          ],
          [
            -74.11652,
            40.63082
          ],
          [
            -74.11666,
            40.63165
          ],
          [
            -74.11667,
            40.63171
          ],
          [
            -74.11668,
            40.63177
          ],
          [
            -74.11682,
            40.63256
          ],
          [
            -74.11682,
            40.63256
          ],
          [
            -74.11682,
            40.63256
          ],
          [
            -74.11682,
            40.63261
          ],
          [
            -74.11684,
            40.63268
          ],
          [
            -74.11685,
            40.63276
          ],
          [
            -74.11689,
            40.63297
          ],
          [
            -74.1169,
            40.63303
          ],
          [
            -74.11697,
            40.63336
          ],
          [
            -74.11705,
            40.63382
          ],
          [
            -74.11708,
            40.63401
          ],
          [
            -74.11714,
            40.63438
          ],
          [
            -74.11714,
            40.63438
          ],
          [
            -74.11714,
            40.63438
          ],
          [
            -74.11716,
            40.6345
          ],
          [
            -74.11721,
            40.63457
          ],
          [
            -74.11721,
            40.63457
          ],
          [
            -74.11733,
            40.63457
          ],
          [
            -74.11774,
            40.63453
          ],
          [
            -74.11781,
            40.63452
          ],
          [
            -74.11789,
            40.63451
          ],
          [
            -74.11849,
            40.63445
          ],
          [
            -74.11856,
            40.63444
          ],
          [
            -74.11926,
            40.63438
          ],
          [
            -74.11926,
            40.63438
          ],
          [
            -74.11926,
            40.63438
          ],
          [
            -74.11943,
            40.63436
          ],
          [
            -74.12011,
            40.63431
          ],
          [
            -74.12015,
            40.63431
          ],
          [
            -74.12024,
            40.6343
          ],
          [
            -74.12032,
            40.63429
          ],
          [
            -74.12064,
            40.63426
          ],
          [
            -74.121,
            40.63424
          ],
          [
            -74.12123,
            40.63422
          ],
          [
            -74.12153,
            40.6342
          ],
          [
            -74.12161,
            40.63419
          ],
          [
            -74.12161,
            40.63419
          ],
          [
            -74.12161,
            40.63419
          ],
          [
            -74.12178,
            40.63417
          ],
          [
            -74.12194,
            40.63416
          ],
          [
            -74.12299,
            40.63408
          ],
          [
            -74.12307,
            40.63408
          ],
          [
            -74.12314,
            40.63407
          ],
          [
            -74.12344,
            40.63405
          ],
          [
            -74.12344,
            40.63405
          ],
          [
            -74.12344,
            40.63405
          ],
          [
            -74.12369,
            40.63403
          ],
          [
            -74.12408,
            40.634
          ],
          [
            -74.12415,
            40.63399
          ],
          [
            -74.12423,
            40.63399
          ],
          [
            -74.1247,
            40.63395
          ],
          [
            -74.12493,
            40.63394
          ],
          [
            -74.12513,
            40.63392
          ],
          [
            -74.12543,
            40.6339
          ],
          [
            -74.12584,
            40.63387
          ],
          [
            -74.12584,
            40.63387
          ],
          [
            -74.12584,
            40.63387
          ],
          [
            -74.12587,
            40.63387
          ],
          [
            -74.12595,
            40.63386
          ],
          [
            -74.12604,
            40.63386
          ],
          [
            -74.1263,
            40.63384
          ],
          [
            -74.12674,
            40.6338
          ],
          [
            -74.12702,
            40.63378
          ],
          [
            -74.12789,
            40.63371
          ],
          [
            -74.12835,
            40.63368
          ],
          [
            -74.12844,
            40.63367
          ],
          [
            -74.12854,
            40.63367
          ],
          [
            -74.12919,
            40.63363
          ],
          [
            -74.12921,
            40.63363
          ],
          [
            -74.12922,
            40.63363
          ],
          [
            -74.12924,
            40.63363
          ],
          [
            -74.12936,
            40.63366
          ],
          [
            -74.12945,
            40.63368
          ],
          [
            -74.12952,
            40.63371
          ],
          [
            -74.12979,
            40.6338
          ],
          [
            -74.12979,
            40.6338
          ],
          [
            -74.12979,
            40.6338
          ],
          [
            -74.13038,
            40.634
          ],
          [
            -74.13044,
            40.63402
          ],
          [
            -74.13052,
            40.63404
          ],
          [
            -74.13083,
            40.63415
          ],
          [
            -74.13106,
            40.63426
          ],
          [
            -74.13247,
            40.63494
          ],
          [
            -74.13247,
            40.63494
          ],
          [
            -74.13247,
            40.63494
          ],
          [
            -74.13254,
            40.63498
          ],
          [
            -74.13262,
            40.63501
          ],
          [
            -74.1327,
            40.63505
          ],
          [
            -74.13372,
            40.63554
          ],
          [
            -74.13467,
            40.63601
          ],
          [
            -74.13477,
            40.63603
          ],
          [
            -74.13477,
            40.63603
          ],
          [
            -74.13472,
            40.63611
          ],
          [
            -74.13435,
            40.63663
          ],
          [
            -74.13435,
            40.63664
          ],
          [
            -74.13435,
            40.63664
          ],
          [
            -74.13435,
            40.63664
          ],
          [
            -74.13428,
            40.63674
          ],
          [
            -74.13409,
            40.63698
          ],
          [
            -74.1337,
            40.63754
          ],
          [
            -74.13365,
            40.6376
          ],
          [
            -74.1335,
            40.6378
          ],
          [
            -74.1332,
            40.63821
          ],
          [
            -74.13303,
            40.63844
          ],
          [
            -74.13303,
            40.63844
          ],
          [
            -74.13303,
            40.63844
          ],
          [
            -74.13273,
            40.63883
          ],
          [
            -74.13269,
            40.63888
          ],
          [
            -74.13265,
            40.63893
          ],
          [
            -74.13261,
            40.63899
          ],
          [
            -74.13253,
            40.63908
          ],
          [
            -74.13222,
            40.63949
          ],
          [
            -74.13217,
            40.63954
          ],
          [
            -74.13213,
            40.6396
          ],
          [
            -74.1319,
            40.63991
          ],
          [
            -74.1319,
            40.63991
          ]
        ]
      }
    },
    {
      "type": "Feature",
      "properties": {
        "route_id": "S53-W-RushHour",
        "layer": "T2 Optimal"
      },
      "geometry": {
        "type": "LineString",
        "coordinates": [
          [
            -74.02856,
            40.62228
          ],
          [
            -74.02864,
            40.6221
          ],
          [
            -74.02867,
            40.62203
          ],
          [
            -74.02869,
            40.62196
          ],
          [
            -74.0289,
            40.62144
          ],
          [
            -74.02893,
            40.62138
          ],
          [
            -74.02897,
            40.62129
          ],
          [
            -74.02901,
            40.62119
          ],
          [
            -74.02905,
            40.62108
          ],
          [
            -74.02917,
            40.62078
          ],
          [
            -74.0292,
            40.62073
          ],
          [
            -74.02921,
            40.62071
          ],
          [
            -74.02927,
            40.62055
          ],
          [
            -74.02929,
            40.62051
          ],
          [
            -74.02931,
            40.62046
          ],
          [
            -74.02933,
            40.62041
          ],
          [
            -74.02934,
            40.62039
          ],
          [
            -74.02954,
            40.61989
          ],
          [
            -74.02956,
            40.61983
          ],
          [
            -74.02959,
            40.61978
          ],
          [
            -74.02969,
            40.61951
          ],
          [
            -74.02969,
            40.61951
          ],
          [
            -74.02969,
            40.61951
          ],
          [
            -74.02981,
            40.61922
          ],
          [
            -74.02984,
            40.61915
          ],
          [
            -74.02986,
            40.6191
          ],
          [
            -74.03001,
            40.61875
          ],
          [
            -74.03012,
            40.61847
          ],
          [
            -74.03015,
            40.61841
          ],
          [
            -74.03017,
            40.61834
          ],
          [
            -74.03017,
            40.61834
          ],
          [
            -74.03005,
            40.61828
          ],
          [
            -74.03,
            40.61825
          ],
          [
            -74.0294,
            40.61795
          ],
          [
            -74.0293,
            40.6179
          ],
          [
            -74.02923,
            40.61786
          ],
          [
            -74.02847,
            40.61749
          ],
          [
            -74.0284,
            40.61746
          ],
          [
            -74.02833,
            40.61742
          ],
          [
            -74.02788,
            40.6172
          ],
          [
            -74.02759,
            40.61705
          ],
          [
            -74.02756,
            40.61703
          ],
          [
            -74.02749,
            40.61695
          ],
          [
            -74.02741,
            40.61691
          ],
          [
            -74.02727,
            40.61684
          ],
          [
            -74.02715,
            40.61678
          ],
          [
            -74.02715,
            40.61678
          ],
          [
            -74.02715,
            40.61678
          ],
          [
            -74.0271,
            40.61675
          ],
          [
            -74.02695,
            40.61668
          ],
          [
            -74.02692,
            40.61666
          ],
          [
            -74.02681,
            40.61661
          ],
          [
            -74.02678,
            40.61659
          ],
          [
            -74.02669,
            40.61655
          ],
          [
            -74.02669,
            40.61655
          ],
          [
            -74.02682,
            40.61647
          ],
          [
            -74.02684,
            40.61646
          ],
          [
            -74.02702,
            40.61624
          ],
          [
            -74.02702,
            40.61624
          ],
          [
            -74.02738,
            40.61583
          ],
          [
            -74.02788,
            40.61525
          ],
          [
            -74.02828,
            40.6148
          ],
          [
            -74.02889,
            40.61416
          ],
          [
            -74.02958,
            40.61339
          ],
          [
            -74.02989,
            40.61295
          ],
          [
            -74.02989,
            40.61295
          ],
          [
            -74.03005,
            40.61276
          ],
          [
            -74.03028,
            40.61244
          ],
          [
            -74.03059,
            40.61202
          ],
          [
            -74.03072,
            40.61186
          ],
          [
            -74.03086,
            40.6117
          ],
          [
            -74.03105,
            40.6115
          ],
          [
            -74.03127,
            40.6113
          ],
          [
            -74.0315,
            40.61111
          ],
          [
            -74.03167,
            40.61099
          ],
          [
            -74.03183,
            40.61088
          ],
          [
            -74.03201,
            40.6108
          ],
          [
            -74.03268,
            40.61057
          ],
          [
            -74.0334,
            40.61033
          ],
          [
            -74.03433,
            40.61003
          ],
          [
            -74.03433,
            40.61003
          ],
          [
            -74.03663,
            40.6093
          ],
          [
            -74.03884,
            40.60859
          ],
          [
            -74.04055,
            40.60804
          ],
          [
            -74.04259,
            40.60738
          ],
          [
            -74.0449,
            40.60663
          ],
          [
            -74.04755,
            40.60577
          ],
          [
            -74.04965,
            40.60509
          ],
          [
            -74.05237,
            40.60422
          ],
          [
            -74.05382,
            40.60375
          ],
          [
            -74.05579,
            40.60311
          ],
          [
            -74.0573,
            40.60261
          ],
          [
            -74.05762,
            40.60251
          ],
          [
            -74.05795,
            40.60242
          ],
          [
            -74.05827,
            40.60233
          ],
          [
            -74.05861,
            40.60224
          ],
          [
            -74.05861,
            40.60224
          ],
          [
            -74.05875,
            40.6022
          ],
          [
            -74.05891,
            40.60217
          ],
          [
            -74.05907,
            40.60214
          ],
          [
            -74.05922,
            40.60211
          ],
          [
            -74.05936,
            40.60209
          ],
          [
            -74.0595,
            40.60208
          ],
          [
            -74.05963,
            40.60207
          ],
          [
            -74.05978,
            40.60207
          ],
          [
            -74.05992,
            40.60206
          ],
          [
            -74.06006,
            40.60207
          ],
          [
            -74.0602,
            40.60207
          ],
          [
            -74.06035,
            40.60208
          ],
          [
            -74.06049,
            40.60209
          ],
          [
            -74.06063,
            40.6021
          ],
          [
            -74.06078,
            40.60212
          ],
          [
            -74.06093,
            40.60214
          ],
          [
            -74.0612,
            40.60217
          ],
          [
            -74.06148,
            40.60222
          ],
          [
            -74.06176,
            40.60226
          ],
          [
            -74.06203,
            40.6023
          ],
          [
            -74.06234,
            40.60236
          ],
          [
            -74.0625,
            40.60239
          ],
          [
            -74.06267,
            40.60242
          ],
          [
            -74.0628,
            40.60245
          ],
          [
            -74.06287,
            40.60246
          ],
          [
            -74.06294,
            40.60248
          ],
          [
            -74.0637,
            40.60262
          ],
          [
            -74.06374,
            40.60263
          ],
          [
            -74.06379,
            40.60264
          ],
          [
            -74.06408,
            40.6027
          ],
          [
            -74.06436,
            40.60276
          ],
          [
            -74.06464,
            40.60283
          ],
          [
            -74.06491,
            40.6029
          ],
          [
            -74.06518,
            40.60297
          ],
          [
            -74.06546,
            40.60305
          ],
          [
            -74.06546,
            40.60305
          ],
          [
            -74.06563,
            40.60311
          ],
          [
            -74.06582,
            40.60319
          ],
          [
            -74.06613,
            40.60331
          ],
          [
            -74.06631,
            40.60338
          ],
          [
            -74.06645,
            40.60343
          ],
          [
            -74.06655,
            40.60347
          ],
          [
            -74.06667,
            40.60352
          ],
          [
            -74.06679,
            40.60358
          ],
          [
            -74.06688,
            40.60363
          ],
          [
            -74.06696,
            40.60368
          ],
          [
            -74.06703,
            40.60373
          ],
          [
            -74.06708,
            40.60378
          ],
          [
            -74.06712,
            40.60382
          ],
          [
            -74.06715,
            40.60387
          ],
          [
            -74.06717,
            40.60392
          ],
          [
            -74.06718,
            40.60397
          ],
          [
            -74.06719,
            40.60403
          ],
          [
            -74.06719,
            40.60408
          ],
          [
            -74.06718,
            40.60414
          ],
          [
            -74.06715,
            40.60419
          ],
          [
            -74.06712,
            40.60425
          ],
          [
            -74.06707,
            40.6043
          ],
          [
            -74.06701,
            40.60434
          ],
          [
            -74.06695,
            40.60438
          ],
          [
            -74.06688,
            40.60442
          ],
          [
            -74.0668,
            40.60445
          ],
          [
            -74.06673,
            40.60446
          ],
          [
            -74.06664,
            40.60447
          ],
          [
            -74.06656,
            40.60447
          ],
          [
            -74.06648,
            40.60447
          ],
          [
            -74.0664,
            40.60445
          ],
          [
            -74.06632,
            40.60442
          ],
          [
            -74.06625,
            40.60438
          ],
          [
            -74.06619,
            40.60434
          ],
          [
            -74.06615,
            40.6043
          ],
          [
            -74.06611,
            40.60425
          ],
          [
            -74.06608,
            40.60421
          ],
          [
            -74.06607,
            40.6042
          ],
          [
            -74.06605,
            40.60415
          ],
          [
            -74.06605,
            40.60413
          ],
          [
            -74.06604,
            40.60411
          ],
          [
            -74.06601,
            40.60406
          ],
          [
            -74.06598,
            40.60397
          ],
          [
            -74.06595,
            40.60388
          ],
          [
            -74.06592,
            40.6038
          ],
          [
            -74.06589,
            40.60371
          ],
          [
            -74.06585,
            40.60359
          ],
          [
            -74.06574,
            40.60335
          ],
          [
            -74.06574,
            40.60335
          ],
          [
            -74.06539,
            40.60207
          ],
          [
            -74.06529,
            40.60181
          ],
          [
            -74.06523,
            40.6016
          ],
          [
            -74.06521,
            40.60152
          ],
          [
            -74.06516,
            40.60135
          ],
          [
            -74.06513,
            40.60123
          ],
          [
            -74.06508,
            40.60106
          ],
          [
            -74.06505,
            40.60096
          ],
          [
            -74.06502,
            40.60086
          ],
          [
            -74.06499,
            40.60077
          ],
          [
            -74.06495,
            40.60068
          ],
          [
            -74.06491,
            40.60058
          ],
          [
            -74.06486,
            40.60048
          ],
          [
            -74.06481,
            40.60038
          ],
          [
            -74.06475,
            40.60028
          ],
          [
            -74.06475,
            40.60028
          ],
          [
            -74.06475,
            40.60028
          ],
          [
            -74.06468,
            40.60018
          ],
          [
            -74.06463,
            40.6001
          ],
          [
            -74.06445,
            40.59984
          ],
          [
            -74.06389,
            40.59904
          ],
          [
            -74.06386,
            40.59901
          ],
          [
            -74.06381,
            40.59893
          ],
          [
            -74.06381,
            40.59893
          ],
          [
            -74.06392,
            40.59889
          ],
          [
            -74.06407,
            40.59885
          ],
          [
            -74.0642,
            40.5988
          ],
          [
            -74.0642,
            40.5988
          ],
          [
            -74.0642,
            40.5988
          ],
          [
            -74.06518,
            40.59847
          ],
          [
            -74.06546,
            40.59838
          ],
          [
            -74.06556,
            40.59835
          ],
          [
            -74.06581,
            40.59826
          ],
          [
            -74.06591,
            40.59823
          ],
          [
            -74.06604,
            40.59819
          ],
          [
            -74.06622,
            40.59813
          ],
          [
            -74.06622,
            40.59813
          ],
          [
            -74.06622,
            40.59813
          ],
          [
            -74.06627,
            40.59811
          ],
          [
            -74.06662,
            40.598
          ],
          [
            -74.06732,
            40.59776
          ],
          [
            -74.0674,
            40.59773
          ],
          [
            -74.06835,
            40.59742
          ],
          [
            -74.06893,
            40.59723
          ],
          [
            -74.06901,
            40.59721
          ],
          [
            -74.06901,
            40.59721
          ],
          [
            -74.06901,
            40.59721
          ],
          [
            -74.06957,
            40.59702
          ],
          [
            -74.06996,
            40.59689
          ],
          [
            -74.07008,
            40.59685
          ],
          [
            -74.07033,
            40.59677
          ],
          [
            -74.07044,
            40.59674
          ],
          [
            -74.07044,
            40.59674
          ],
          [
            -74.07051,
            40.59681
          ],
          [
            -74.07062,
            40.59695
          ],
          [
            -74.07062,
            40.59695
          ],
          [
            -74.07062,
            40.59695
          ],
          [
            -74.07077,
            40.59712
          ],
          [
            -74.07091,
            40.59729
          ],
          [
            -74.07096,
            40.59734
          ],
          [
            -74.07104,
            40.59739
          ],
          [
            -74.07169,
            40.59776
          ],
          [
            -74.07177,
            40.59781
          ],
          [
            -74.07185,
            40.59787
          ],
          [
            -74.07187,
            40.59789
          ],
          [
            -74.0719,
            40.59792
          ],
          [
            -74.07193,
            40.59796
          ],
          [
            -74.07195,
            40.59799
          ],
          [
            -74.07197,
            40.59803
          ],
          [
            -74.07198,
            40.59807
          ],
          [
            -74.07199,
            40.59811
          ],
          [
            -74.072,
            40.59815
          ],
          [
            -74.072,
            40.59819
          ],
          [
            -74.07199,
            40.59823
          ],
          [
            -74.07199,
            40.59827
          ],
          [
            -74.07197,
            40.59838
          ],
          [
            -74.07194,
            40.59858
          ],
          [
            -74.07194,
            40.59858
          ],
          [
            -74.07194,
            40.59858
          ],
          [
            -74.07193,
            40.59867
          ],
          [
            -74.07192,
            40.5987
          ],
          [
            -74.07193,
            40.59873
          ],
          [
            -74.07194,
            40.59875
          ],
          [
            -74.07195,
            40.59878
          ],
          [
            -74.07197,
            40.5988
          ],
          [
            -74.072,
            40.59883
          ],
          [
            -74.07201,
            40.59884
          ],
          [
            -74.07202,
            40.59885
          ],
          [
            -74.07205,
            40.59886
          ],
          [
            -74.07219,
            40.59894
          ],
          [
            -74.07219,
            40.59894
          ],
          [
            -74.07224,
            40.59887
          ],
          [
            -74.07227,
            40.59883
          ],
          [
            -74.07229,
            40.5988
          ],
          [
            -74.0724,
            40.59866
          ],
          [
            -74.07245,
            40.59859
          ],
          [
            -74.07253,
            40.59848
          ],
          [
            -74.07253,
            40.59848
          ],
          [
            -74.07253,
            40.59848
          ],
          [
            -74.07258,
            40.59843
          ],
          [
            -74.07262,
            40.59838
          ],
          [
            -74.07267,
            40.59833
          ],
          [
            -74.07274,
            40.59826
          ],
          [
            -74.0728,
            40.59821
          ],
          [
            -74.07285,
            40.59817
          ],
          [
            -74.0729,
            40.59812
          ],
          [
            -74.07295,
            40.59808
          ],
          [
            -74.07301,
            40.59804
          ],
          [
            -74.07307,
            40.59799
          ],
          [
            -74.07312,
            40.59795
          ],
          [
            -74.07318,
            40.59792
          ],
          [
            -74.07325,
            40.59788
          ],
          [
            -74.07331,
            40.59785
          ],
          [
            -74.07338,
            40.59782
          ],
          [
            -74.07344,
            40.59779
          ],
          [
            -74.07351,
            40.59776
          ],
          [
            -74.07358,
            40.59773
          ],
          [
            -74.07366,
            40.59771
          ],
          [
            -74.07373,
            40.59769
          ],
          [
            -74.07382,
            40.59766
          ],
          [
            -74.07388,
            40.59765
          ],
          [
            -74.07397,
            40.59763
          ],
          [
            -74.07406,
            40.59762
          ],
          [
            -74.07415,
            40.59761
          ],
          [
            -74.07422,
            40.5976
          ],
          [
            -74.07431,
            40.59759
          ],
          [
            -74.0744,
            40.59759
          ],
          [
            -74.07448,
            40.59759
          ],
          [
            -74.07456,
            40.59759
          ],
          [
            -74.07464,
            40.5976
          ],
          [
            -74.07473,
            40.5976
          ],
          [
            -74.07482,
            40.59761
          ],
          [
            -74.0749,
            40.59763
          ],
          [
            -74.07498,
            40.59764
          ],
          [
            -74.07507,
            40.59766
          ],
          [
            -74.07515,
            40.59768
          ],
          [
            -74.07524,
            40.59771
          ],
          [
            -74.07532,
            40.59774
          ],
          [
            -74.07543,
            40.59778
          ],
          [
            -74.07555,
            40.59783
          ],
          [
            -74.07589,
            40.59797
          ],
          [
            -74.07589,
            40.59797
          ],
          [
            -74.07589,
            40.59797
          ],
          [
            -74.07604,
            40.59803
          ],
          [
            -74.07646,
            40.5982
          ],
          [
            -74.07656,
            40.59824
          ],
          [
            -74.07667,
            40.59828
          ],
          [
            -74.0768,
            40.59832
          ],
          [
            -74.07694,
            40.59836
          ],
          [
            -74.07705,
            40.59838
          ],
          [
            -74.07741,
            40.59847
          ],
          [
            -74.07806,
            40.59851
          ],
          [
            -74.07806,
            40.59851
          ],
          [
            -74.07806,
            40.59851
          ],
          [
            -74.07817,
            40.59852
          ],
          [
            -74.07823,
            40.59853
          ],
          [
            -74.07839,
            40.59854
          ],
          [
            -74.07847,
            40.59854
          ],
          [
            -74.0786,
            40.59855
          ],
          [
            -74.0791,
            40.59859
          ],
          [
            -74.07949,
            40.59861
          ],
          [
            -74.07964,
            40.59862
          ],
          [
            -74.07978,
            40.59863
          ],
          [
            -74.0799,
            40.59863
          ],
          [
            -74.07999,
            40.59863
          ],
          [
            -74.08012,
            40.59864
          ],
          [
            -74.08025,
            40.59865
          ],
          [
            -74.08045,
            40.59866
          ],
          [
            -74.08063,
            40.59868
          ],
          [
            -74.08076,
            40.59868
          ],
          [
            -74.0809,
            40.59869
          ],
          [
            -74.08101,
            40.59869
          ],
          [
            -74.08106,
            40.59869
          ],
          [
            -74.08106,
            40.59869
          ],
          [
            -74.08106,
            40.59869
          ],
          [
            -74.08112,
            40.59869
          ],
          [
            -74.08126,
            40.59869
          ],
          [
            -74.08126,
            40.59869
          ],
          [
            -74.08135,
            40.59873
          ],
          [
            -74.08138,
            40.59874
          ],
          [
            -74.08139,
            40.59875
          ],
          [
            -74.08143,
            40.59878
          ],
          [
            -74.08146,
            40.59881
          ],
          [
            -74.08149,
            40.59885
          ],
          [
            -74.08155,
            40.59894
          ],
          [
            -74.08153,
            40.59898
          ],
          [
            -74.08151,
            40.59901
          ],
          [
            -74.08148,
            40.59905
          ],
          [
            -74.08147,
            40.59906
          ],
          [
            -74.08142,
            40.59922
          ],
          [
            -74.08134,
            40.59934
          ],
          [
            -74.0813,
            40.59941
          ],
          [
            -74.08127,
            40.59947
          ],
          [
            -74.08124,
            40.59954
          ],
          [
            -74.08122,
            40.5996
          ],
          [
            -74.0812,
            40.59968
          ],
          [
            -74.08118,
            40.59976
          ],
          [
            -74.08116,
            40.59984
          ],
          [
            -74.08116,
            40.59992
          ],
          [
            -74.08115,
            40.6
          ],
          [
            -74.08115,
            40.60008
          ],
          [
            -74.08115,
            40.60015
          ],
          [
            -74.08115,
            40.60021
          ],
          [
            -74.08117,
            40.6003
          ],
          [
            -74.08118,
            40.60039
          ],
          [
            -74.0812,
            40.60046
          ],
          [
            -74.08121,
            40.60053
          ],
          [
            -74.08124,
            40.6006
          ],
          [
            -74.0813,
            40.60075
          ],
          [
            -74.08132,
            40.6008
          ],
          [
            -74.08134,
            40.60085
          ],
          [
            -74.08137,
            40.60089
          ],
          [
            -74.08139,
            40.60093
          ],
          [
            -74.08141,
            40.60096
          ],
          [
            -74.08144,
            40.601
          ],
          [
            -74.08185,
            40.60155
          ],
          [
            -74.08193,
            40.60166
          ],
          [
            -74.08193,
            40.60166
          ],
          [
            -74.08193,
            40.60166
          ],
          [
            -74.08204,
            40.60179
          ],
          [
            -74.08206,
            40.60182
          ],
          [
            -74.08218,
            40.60194
          ],
          [
            -74.08234,
            40.6021
          ],
          [
            -74.08239,
            40.60218
          ],
          [
            -74.08273,
            40.60265
          ],
          [
            -74.08292,
            40.60291
          ],
          [
            -74.08304,
            40.60308
          ],
          [
            -74.08327,
            40.6034
          ],
          [
            -74.08342,
            40.60362
          ],
          [
            -74.08353,
            40.60377
          ],
          [
            -74.08353,
            40.60377
          ],
          [
            -74.08353,
            40.60377
          ],
          [
            -74.08362,
            40.6039
          ],
          [
            -74.08366,
            40.60395
          ],
          [
            -74.08381,
            40.60417
          ],
          [
            -74.08387,
            40.60425
          ],
          [
            -74.08406,
            40.60452
          ],
          [
            -74.08408,
            40.60455
          ],
          [
            -74.0841,
            40.60457
          ],
          [
            -74.08412,
            40.60459
          ],
          [
            -74.08415,
            40.60461
          ],
          [
            -74.08418,
            40.60463
          ],
          [
            -74.08439,
            40.60475
          ],
          [
            -74.08447,
            40.6048
          ],
          [
            -74.08452,
            40.60484
          ],
          [
            -74.08473,
            40.60496
          ],
          [
            -74.08473,
            40.60496
          ],
          [
            -74.08473,
            40.60496
          ],
          [
            -74.08518,
            40.60522
          ],
          [
            -74.0859,
            40.60563
          ],
          [
            -74.08662,
            40.60605
          ],
          [
            -74.0869,
            40.60621
          ],
          [
            -74.0869,
            40.60621
          ],
          [
            -74.0869,
            40.60621
          ],
          [
            -74.08733,
            40.60646
          ],
          [
            -74.08804,
            40.60688
          ],
          [
            -74.08839,
            40.60709
          ],
          [
            -74.08839,
            40.60709
          ],
          [
            -74.08836,
            40.60712
          ],
          [
            -74.08834,
            40.60714
          ],
          [
            -74.08834,
            40.60714
          ],
          [
            -74.08834,
            40.60714
          ],
          [
            -74.08836,
            40.60712
          ],
          [
            -74.08839,
            40.60709
          ],
          [
            -74.08839,
            40.60709
          ],
          [
            -74.08856,
            40.60719
          ],
          [
            -74.08876,
            40.6073
          ],
          [
            -74.08895,
            40.60741
          ],
          [
            -74.08906,
            40.60748
          ],
          [
            -74.08906,
            40.60748
          ],
          [
            -74.08902,
            40.60751
          ],
          [
            -74.08894,
            40.60758
          ],
          [
            -74.08894,
            40.60758
          ],
          [
            -74.0891,
            40.60766
          ],
          [
            -74.0891,
            40.60766
          ],
          [
            -74.0891,
            40.60766
          ],
          [
            -74.08894,
            40.60758
          ],
          [
            -74.08894,
            40.60758
          ],
          [
            -74.08902,
            40.60751
          ],
          [
            -74.08906,
            40.60748
          ],
          [
            -74.08906,
            40.60748
          ],
          [
            -74.08918,
            40.60755
          ],
          [
            -74.08936,
            40.60765
          ],
          [
            -74.08944,
            40.6077
          ],
          [
            -74.08944,
            40.6077
          ],
          [
            -74.08922,
            40.60793
          ],
          [
            -74.08838,
            40.60874
          ],
          [
            -74.08838,
            40.60874
          ],
          [
            -74.08849,
            40.60878
          ],
          [
            -74.08922,
            40.60906
          ],
          [
            -74.0897,
            40.60925
          ],
          [
            -74.08989,
            40.60933
          ],
          [
            -74.09,
            40.60937
          ],
          [
            -74.09011,
            40.60941
          ],
          [
            -74.09021,
            40.60945
          ],
          [
            -74.0903,
            40.60949
          ],
          [
            -74.09048,
            40.60956
          ],
          [
            -74.09077,
            40.60967
          ],
          [
            -74.09077,
            40.60967
          ],
          [
            -74.09077,
            40.60967
          ],
          [
            -74.09112,
            40.60981
          ],
          [
            -74.09158,
            40.60999
          ],
          [
            -74.09232,
            40.61029
          ],
          [
            -74.09244,
            40.61033
          ],
          [
            -74.09259,
            40.61038
          ],
          [
            -74.09272,
            40.61043
          ],
          [
            -74.09285,
            40.61047
          ],
          [
            -74.09304,
            40.61053
          ],
          [
            -74.09318,
            40.61057
          ],
          [
            -74.09333,
            40.61061
          ],
          [
            -74.09348,
            40.61065
          ],
          [
            -74.09363,
            40.61069
          ],
          [
            -74.0941,
            40.61078
          ],
          [
            -74.09423,
            40.6108
          ],
          [
            -74.09435,
            40.61083
          ],
          [
            -74.09447,
            40.61085
          ],
          [
            -74.09455,
            40.61086
          ],
          [
            -74.09461,
            40.61087
          ],
          [
            -74.09475,
            40.61089
          ],
          [
            -74.09489,
            40.61091
          ],
          [
            -74.09503,
            40.61093
          ],
          [
            -74.09517,
            40.61095
          ],
          [
            -74.09532,
            40.61096
          ],
          [
            -74.09545,
            40.61098
          ],
          [
            -74.0956,
            40.61099
          ],
          [
            -74.09573,
            40.611
          ],
          [
            -74.09588,
            40.61101
          ],
          [
            -74.09601,
            40.61101
          ],
          [
            -74.09616,
            40.61102
          ],
          [
            -74.0963,
            40.61102
          ],
          [
            -74.09644,
            40.61102
          ],
          [
            -74.09659,
            40.61102
          ],
          [
            -74.09672,
            40.61102
          ],
          [
            -74.09687,
            40.61102
          ],
          [
            -74.09702,
            40.61101
          ],
          [
            -74.09702,
            40.61101
          ],
          [
            -74.0975,
            40.61102
          ],
          [
            -74.09756,
            40.61103
          ],
          [
            -74.09763,
            40.61103
          ],
          [
            -74.0977,
            40.61104
          ],
          [
            -74.09776,
            40.61105
          ],
          [
            -74.09781,
            40.61105
          ],
          [
            -74.09785,
            40.61107
          ],
          [
            -74.09792,
            40.61109
          ],
          [
            -74.09799,
            40.61111
          ],
          [
            -74.09806,
            40.61114
          ],
          [
            -74.09841,
            40.61126
          ],
          [
            -74.09841,
            40.61126
          ],
          [
            -74.0985,
            40.61136
          ],
          [
            -74.09858,
            40.61145
          ],
          [
            -74.09864,
            40.61152
          ],
          [
            -74.09885,
            40.61179
          ],
          [
            -74.09891,
            40.61186
          ],
          [
            -74.09911,
            40.61212
          ],
          [
            -74.09929,
            40.61236
          ],
          [
            -74.09935,
            40.61243
          ],
          [
            -74.09941,
            40.6125
          ],
          [
            -74.0996,
            40.61267
          ],
          [
            -74.0996,
            40.61267
          ],
          [
            -74.0996,
            40.61267
          ],
          [
            -74.09961,
            40.61267
          ],
          [
            -74.09988,
            40.61292
          ],
          [
            -74.10008,
            40.61312
          ],
          [
            -74.10035,
            40.61332
          ],
          [
            -74.10042,
            40.61337
          ],
          [
            -74.10042,
            40.61337
          ],
          [
            -74.10042,
            40.61337
          ],
          [
            -74.10043,
            40.61338
          ],
          [
            -74.10054,
            40.61347
          ],
          [
            -74.10061,
            40.61352
          ],
          [
            -74.10067,
            40.61356
          ],
          [
            -74.10077,
            40.61363
          ],
          [
            -74.10126,
            40.61399
          ],
          [
            -74.1021,
            40.61461
          ],
          [
            -74.10227,
            40.61482
          ],
          [
            -74.10227,
            40.61482
          ],
          [
            -74.10227,
            40.61482
          ],
          [
            -74.10256,
            40.6152
          ],
          [
            -74.10265,
            40.61532
          ],
          [
            -74.10273,
            40.61542
          ],
          [
            -74.10285,
            40.61557
          ],
          [
            -74.10302,
            40.61579
          ],
          [
            -74.10312,
            40.61592
          ],
          [
            -74.10319,
            40.616
          ],
          [
            -74.10321,
            40.61603
          ],
          [
            -74.1033,
            40.61613
          ],
          [
            -74.10342,
            40.6163
          ],
          [
            -74.10344,
            40.61632
          ],
          [
            -74.10352,
            40.61642
          ],
          [
            -74.10352,
            40.61642
          ],
          [
            -74.10339,
            40.61649
          ],
          [
            -74.10335,
            40.61651
          ],
          [
            -74.10311,
            40.61663
          ],
          [
            -74.10306,
            40.61665
          ],
          [
            -74.10274,
            40.6168
          ],
          [
            -74.10274,
            40.6168
          ],
          [
            -74.10299,
            40.61679
          ],
          [
            -74.10305,
            40.61676
          ],
          [
            -74.10341,
            40.61658
          ],
          [
            -74.10346,
            40.61656
          ],
          [
            -74.10348,
            40.61655
          ],
          [
            -74.10348,
            40.61655
          ],
          [
            -74.10348,
            40.61655
          ],
          [
            -74.10356,
            40.61651
          ],
          [
            -74.10356,
            40.61651
          ],
          [
            -74.10357,
            40.61655
          ],
          [
            -74.10388,
            40.61692
          ],
          [
            -74.10398,
            40.61703
          ],
          [
            -74.10405,
            40.61711
          ],
          [
            -74.10416,
            40.61715
          ],
          [
            -74.10458,
            40.61761
          ],
          [
            -74.1048,
            40.61785
          ],
          [
            -74.1048,
            40.61785
          ],
          [
            -74.1048,
            40.61785
          ],
          [
            -74.10495,
            40.61802
          ],
          [
            -74.10512,
            40.61822
          ],
          [
            -74.10519,
            40.61829
          ],
          [
            -74.10524,
            40.61834
          ],
          [
            -74.10549,
            40.61856
          ],
          [
            -74.10556,
            40.61863
          ],
          [
            -74.10573,
            40.61876
          ],
          [
            -74.10585,
            40.61885
          ],
          [
            -74.10601,
            40.61895
          ],
          [
            -74.10611,
            40.619
          ],
          [
            -74.10631,
            40.61909
          ],
          [
            -74.10657,
            40.6192
          ],
          [
            -74.10657,
            40.6192
          ],
          [
            -74.10657,
            40.6192
          ],
          [
            -74.10664,
            40.61923
          ],
          [
            -74.10723,
            40.61948
          ],
          [
            -74.1073,
            40.61951
          ],
          [
            -74.10767,
            40.61967
          ],
          [
            -74.10775,
            40.6197
          ],
          [
            -74.10782,
            40.61973
          ],
          [
            -74.10863,
            40.62009
          ],
          [
            -74.10887,
            40.6202
          ],
          [
            -74.10915,
            40.62031
          ],
          [
            -74.10929,
            40.62037
          ],
          [
            -74.10956,
            40.62049
          ],
          [
            -74.10984,
            40.62061
          ],
          [
            -74.10992,
            40.62064
          ],
          [
            -74.11002,
            40.62069
          ],
          [
            -74.1102,
            40.62079
          ],
          [
            -74.11023,
            40.62081
          ],
          [
            -74.11037,
            40.62088
          ],
          [
            -74.11037,
            40.62088
          ],
          [
            -74.11037,
            40.62088
          ],
          [
            -74.11081,
            40.62112
          ],
          [
            -74.11094,
            40.6212
          ],
          [
            -74.11153,
            40.6216
          ],
          [
            -74.11207,
            40.62202
          ],
          [
            -74.11239,
            40.62228
          ],
          [
            -74.11246,
            40.62233
          ],
          [
            -74.11246,
            40.62233
          ],
          [
            -74.11246,
            40.62233
          ],
          [
            -74.1126,
            40.62245
          ],
          [
            -74.11265,
            40.62249
          ],
          [
            -74.11293,
            40.62277
          ],
          [
            -74.11294,
            40.62278
          ],
          [
            -74.11325,
            40.623
          ],
          [
            -74.11331,
            40.62304
          ],
          [
            -74.11331,
            40.62304
          ],
          [
            -74.11334,
            40.62321
          ],
          [
            -74.11359,
            40.6237
          ],
          [
            -74.11385,
            40.62417
          ],
          [
            -74.11385,
            40.62417
          ],
          [
            -74.11385,
            40.62417
          ],
          [
            -74.11393,
            40.62433
          ],
          [
            -74.11407,
            40.62458
          ],
          [
            -74.11414,
            40.6247
          ],
          [
            -74.11432,
            40.62506
          ],
          [
            -74.11452,
            40.62543
          ],
          [
            -74.11472,
            40.62582
          ],
          [
            -74.11475,
            40.62588
          ],
          [
            -74.11501,
            40.62638
          ],
          [
            -74.11525,
            40.62683
          ],
          [
            -74.11527,
            40.62689
          ],
          [
            -74.11545,
            40.62722
          ],
          [
            -74.11556,
            40.62744
          ],
          [
            -74.11556,
            40.62744
          ],
          [
            -74.11556,
            40.62744
          ],
          [
            -74.11561,
            40.62755
          ],
          [
            -74.11589,
            40.62809
          ],
          [
            -74.11595,
            40.62823
          ],
          [
            -74.11611,
            40.62857
          ],
          [
            -74.11616,
            40.62873
          ],
          [
            -74.11617,
            40.62878
          ],
          [
            -74.11617,
            40.62878
          ],
          [
            -74.11617,
            40.62878
          ],
          [
            -74.11617,
            40.6288
          ],
          [
            -74.11618,
            40.62886
          ],
          [
            -74.1162,
            40.62894
          ],
          [
            -74.11621,
            40.62902
          ],
          [
            -74.11624,
            40.62921
          ],
          [
            -74.11626,
            40.62934
          ],
          [
            -74.11635,
            40.62984
          ],
          [
            -74.11649,
            40.63068
          ],
          [
            -74.11649,
            40.63068
          ],
          [
            -74.11649,
            40.63068
          ],
          [
            -74.1165,
            40.63069
          ],
          [
            -74.11651,
            40.63076
          ],
          [
            -74.11652,
            40.63082
          ],
          [
            -74.11666,
            40.63165
          ],
          [
            -74.11667,
            40.63171
          ],
          [
            -74.11668,
            40.63177
          ],
          [
            -74.11682,
            40.63256
          ],
          [
            -74.11682,
            40.63256
          ],
          [
            -74.11682,
            40.63256
          ],
          [
            -74.11682,
            40.63261
          ],
          [
            -74.11684,
            40.63268
          ],
          [
            -74.11685,
            40.63276
          ],
          [
            -74.11689,
            40.63297
          ],
          [
            -74.1169,
            40.63303
          ],
          [
            -74.11697,
            40.63336
          ],
          [
            -74.11705,
            40.63382
          ],
          [
            -74.11708,
            40.63401
          ],
          [
            -74.11714,
            40.63438
          ],
          [
            -74.11714,
            40.63438
          ],
          [
            -74.11714,
            40.63438
          ],
          [
            -74.11716,
            40.6345
          ],
          [
            -74.11721,
            40.63457
          ],
          [
            -74.11721,
            40.63457
          ],
          [
            -74.11733,
            40.63457
          ],
          [
            -74.11774,
            40.63453
          ],
          [
            -74.11781,
            40.63452
          ],
          [
            -74.11789,
            40.63451
          ],
          [
            -74.11849,
            40.63445
          ],
          [
            -74.11856,
            40.63444
          ],
          [
            -74.11926,
            40.63438
          ],
          [
            -74.11926,
            40.63438
          ]
        ]
      }
    }
  ]
}