{
  "type": "FeatureCollection",
  "features": [
    {
      "type": "Feature",
      "properties": {
        "route_id": "M101-N-Night",
        "layer": "T1 Original"
      },
      "geometry": {
        "type": "LineString",
        "coordinates": [
          [
            -73.98929,
            40.73041
          ],
          [
            -73.98916,
            40.73059
          ],
          [
            -73.98913,
            40.73063
          ],
          [
            -73.9891,
            40.73067
          ],
          [
            -73.98906,
            40.73073
          ],
          [
            -73.98906,
            40.73073
          ],
          [
            -73.98892,
            40.73067
          ],
          [
            -73.98752,
            40.73007
          ],
          [
            -73.98702,
            40.72987
          ],
          [
            -73.98699,
            40.72985
          ],
          [
            -73.98693,
            40.72983
          ],
          [
            -73.98681,
            40.72978
          ],
          [
            -73.98669,
            40.72973
          ],
          [
            -73.98465,
            40.72887
          ],
          [
            -73.98458,
            40.72884
          ],
          [
            -73.98444,
            40.72878
          ],
          [
            -73.98444,
            40.72878
          ],
          [
            -73.9844,
            40.72883
          ],
          [
            -73.9842,
            40.72911
          ],
          [
            -73.98403,
            40.72933
          ],
          [
            -73.984,
            40.72937
          ],
          [
            -73.98396,
            40.72943
          ],
          [
            -73.98379,
            40.72966
          ],
          [
            -73.98358,
            40.72996
          ],
          [
            -73.98354,
            40.73002
          ],
          [
            -73.9835,
            40.73007
          ],
          [
            -73.98321,
            40.73047
          ],
          [
            -73.9831,
            40.7306
          ],
          [
            -73.98306,
            40.73065
          ],
          [
            -73.98302,
            40.73071
          ],
          [
            -73.98282,
            40.731
          ],
          [
            -73.98263,
            40.73127
          ],
          [
            -73.98256,
            40.73135
          ],
          [
            -73.98251,
            40.73142
          ],
          [
            -73.9822,
            40.73185
          ],
          [
            -73.98215,
            40.7319
          ],
          [
            -73.9821,
            40.73198
          ],
          [
            -73.98206,
            40.73203
          ],
          [
            -73.98201,
            40.7321
          ],
          [
            -73.98185,
            40.73233
          ],
          [
            -73.98164,
            40.73261
          ],
          [
            -73.9816,
            40.73266
          ],
          [
            -73.98155,
            40.73273
          ],
          [
            -73.98146,
            40.73285
          ],
          [
            -73.98141,
            40.73292
          ],
          [
            -73.9813,
            40.73307
          ],
          [
            -73.9812,
            40.7332
          ],
          [
            -73.98115,
            40.73326
          ],
          [
            -73.98112,
            40.73331
          ],
          [
            -73.98091,
            40.7336
          ],
          [
            -73.98078,
            40.73376
          ],
          [
            -73.98074,
            40.73383
          ],
          [
            -73.9807,
            40.73388
          ],
          [
            -73.98044,
            40.73425
          ],
          [
            -73.98035,
            40.73437
          ],
          [
            -73.98031,
            40.73443
          ],
          [
            -73.98027,
            40.73448
          ],
          [
            -73.97998,
            40.73489
          ],
          [
            -73.97994,
            40.73494
          ],
          [
            -73.97989,
            40.73501
          ],
          [
            -73.97984,
            40.73508
          ],
          [
            -73.97969,
            40.73529
          ],
          [
            -73.97966,
            40.73533
          ],
          [
            -73.9796,
            40.73541
          ],
          [
            -73.9795,
            40.73555
          ],
          [
            -73.97945,
            40.73561
          ],
          [
            -73.97941,
            40.73566
          ],
          [
            -73.97915,
            40.73603
          ],
          [
            -73.97906,
            40.73616
          ],
          [
            -73.97901,
            40.73622
          ],
          [
            -73.97899,
            40.73629
          ],
          [
            -73.97892,
            40.73638
          ],
          [
            -73.97861,
            40.7368
          ],
          [
            -73.97854,
            40.7369
          ],
          [
            -73.97847,
            40.73699
          ],
          [
            -73.97831,
            40.73722
          ],
          [
            -73.97826,
            40.73728
          ],
          [
            -73.9781,
            40.73749
          ],
          [
            -73.97805,
            40.73756
          ],
          [
            -73.97801,
            40.73762
          ],
          [
            -73.97774,
            40.73798
          ],
          [
            -73.9777,
            40.73804
          ],
          [
            -73.97764,
            40.73812
          ],
          [
            -73.97761,
            40.73817
          ],
          [
            -73.97756,
            40.73823
          ],
          [
            -73.9773,
            40.73859
          ],
          [
            -73.97719,
            40.73874
          ],
          [
            -73.97715,
            40.7388
          ],
          [
            -73.9771,
            40.73886
          ],
          [
            -73.97677,
            40.73932
          ],
          [
            -73.97674,
            40.73936
          ],
          [
            -73.97666,
            40.73947
          ],
          [
            -73.97639,
            40.73984
          ],
          [
            -73.97629,
            40.73998
          ],
          [
            -73.97625,
            40.74004
          ],
          [
            -73.97621,
            40.74009
          ],
          [
            -73.97614,
            40.74018
          ],
          [
            -73.97594,
            40.74045
          ],
          [
            -73.97591,
            40.74049
          ],
          [
            -73.97583,
            40.74059
          ],
          [
            -73.97579,
            40.74065
          ],
          [
            -73.97575,
            40.74071
          ],
          [
            -73.97539,
            40.7412
          ],
          [
            -73.97534,
            40.74127
          ],
          [
            -73.97528,
            40.74135
          ],
          [
            -73.97469,
            40.74216
          ],
          [
            -73.97469,
            40.74216
          ],
          [
            -73.97432,
            40.74267
          ],
          [
            -73.97428,
            40.74273
          ],
          [
            -73.97418,
            40.74287
          ],
          [
            -73.97407,
            40.74302
          ],
          [
            -73.97401,
            40.74309
          ],
          [
            -73.97396,
            40.74317
          ],
          [
            -73.97386,
            40.74331
          ],
          [
            -73.97383,
            40.74335
          ],
          [
            -73.97358,
            40.74369
          ],
          [
            -73.97351,
            40.74379
          ],
          [
            -73.97351,
            40.74379
          ],
          [
            -73.97337,
            40.74373
          ],
          [
            -73.97314,
            40.74363
          ],
          [
            -73.9728,
            40.74349
          ],
          [
            -73.97255,
            40.74338
          ],
          [
            -73.97226,
            40.74326
          ],
          [
            -73.97207,
            40.74318
          ],
          [
            -73.97207,
            40.74318
          ],
          [
            -73.97201,
            40.74329
          ],
          [
            -73.97186,
            40.74353
          ],
          [
            -73.97164,
            40.74387
          ],
          [
            -73.9716,
            40.74393
          ],
          [
            -73.97132,
            40.74435
          ],
          [
            -73.97132,
            40.74435
          ],
          [
            -73.97095,
            40.7446
          ],
          [
            -73.97091,
            40.74463
          ],
          [
            -73.97087,
            40.74467
          ],
          [
            -73.97084,
            40.74471
          ],
          [
            -73.97058,
            40.74503
          ],
          [
            -73.97057,
            40.74505
          ],
          [
            -73.97037,
            40.7453
          ],
          [
            -73.97014,
            40.74556
          ],
          [
            -73.9697,
            40.74607
          ],
          [
            -73.96967,
            40.74612
          ],
          [
            -73.96966,
            40.74619
          ],
          [
            -73.96966,
            40.74621
          ],
          [
            -73.96966,
            40.74621
          ],
          [
            -73.96907,
            40.74676
          ],
          [
            -73.96882,
            40.74703
          ],
          [
            -73.96788,
            40.74816
          ],
          [
            -73.96594,
            40.75048
          ],
          [
            -73.96499,
            40.75157
          ],
          [
            -73.96385,
            40.7528
          ],
          [
            -73.96351,
            40.75317
          ],
          [
            -73.96333,
            40.7534
          ],
          [
            -73.96313,
            40.75366
          ],
          [
            -73.96296,
            40.75387
          ],
          [
            -73.96215,
            40.75478
          ],
          [
            -73.96207,
            40.75487
          ],
          [
            -73.96198,
            40.75496
          ],
          [
            -73.96189,
            40.75504
          ],
          [
            -73.96179,
            40.75513
          ],
          [
            -73.96167,
            40.75522
          ],
          [
            -73.96155,
            40.75531
          ],
          [
            -73.96111,
            40.75569
          ],
          [
            -73.96087,
            40.75591
          ],
          [
            -73.96063,
            40.75614
          ],
          [
            -73.96041,
            40.75638
          ],
          [
            -73.9602,
            40.75664
          ],
          [
            -73.95997,
            40.75693
          ],
          [
            -73.95909,
            40.75803
          ],
          [
            -73.95839,
            40.75901
          ],
          [
            -73.9581,
            40.7594
          ],
          [
            -73.958,
            40.75951
          ],
          [
            -73.95786,
            40.75964
          ],
          [
            -73.95777,
            40.75972
          ],
          [
            -73.95768,
            40.7598
          ],
          [
            -73.95758,
            40.75988
          ],
          [
            -73.95747,
            40.75995
          ],
          [
            -73.95726,
            40.7601
          ],
          [
            -73.95636,
            40.76073
          ],
          [
            -73.95617,
            40.76089
          ],
          [
            -73.95601,
            40.76102
          ],
          [
            -73.95583,
            40.76118
          ],
          [
            -73.95572,
            40.76129
          ],
          [
            -73.95559,
            40.7614
          ],
          [
            -73.95476,
            40.76214
          ],
          [
            -73.95457,
            40.76231
          ],
          [
            -73.95438,
            40.76249
          ],
          [
            -73.95422,
            40.76264
          ],
          [
            -73.95405,
            40.76283
          ],
          [
            -73.95353,
            40.76342
          ],
          [
            -73.952,
            40.76511
          ],
          [
            -73.9519,
            40.76522
          ],
          [
            -73.95162,
            40.76553
          ],
          [
            -73.95104,
            40.76618
          ],
          [
            -73.95089,
            40.76635
          ],
          [
            -73.95074,
            40.76653
          ],
          [
            -73.95061,
            40.76672
          ],
          [
            -73.95048,
            40.7669
          ],
          [
            -73.95034,
            40.76707
          ],
          [
            -73.95004,
            40.76741
          ],
          [
            -73.95002,
            40.76743
          ],
          [
            -73.94973,
            40.76775
          ],
          [
            -73.94957,
            40.76794
          ],
          [
            -73.94944,
            40.76812
          ],
          [
            -73.9493,
            40.7683
          ],
          [
            -73.94917,
            40.76848
          ],
          [
            -73.94902,
            40.76866
          ],
          [
            -73.94894,
            40.76875
          ],
          [
            -73.94887,
            40.76883
          ],
          [
            -73.94823,
            40.76952
          ],
          [
            -73.948,
            40.76978
          ],
          [
            -73.94784,
            40.76995
          ],
          [
            -73.94766,
            40.7701
          ],
          [
            -73.9475,
            40.77027
          ],
          [
            -73.94679,
            40.77104
          ],
          [
            -73.94663,
            40.77121
          ],
          [
            -73.94646,
            40.77137
          ],
          [
            -73.94627,
            40.77152
          ],
          [
            -73.94607,
            40.77168
          ],
          [
            -73.9459,
            40.77183
          ],
          [
            -73.94564,
            40.77204
          ],
          [
            -73.94546,
            40.77219
          ],
          [
            -73.94527,
            40.77234
          ],
          [
            -73.94508,
            40.77248
          ],
          [
            -73.94487,
            40.77267
          ],
          [
            -73.9447,
            40.77284
          ],
          [
            -73.94448,
            40.77308
          ],
          [
            -73.94345,
            40.77421
          ],
          [
            -73.94334,
            40.77432
          ],
          [
            -73.94322,
            40.77446
          ],
          [
            -73.9431,
            40.77461
          ],
          [
            -73.943,
            40.77474
          ],
          [
            -73.94289,
            40.77489
          ],
          [
            -73.94281,
            40.77502
          ],
          [
            -73.94272,
            40.77519
          ],
          [
            -73.94263,
            40.77537
          ],
          [
            -73.94257,
            40.77553
          ],
          [
            -73.94253,
            40.77566
          ],
          [
            -73.9425,
            40.77578
          ],
          [
            -73.94247,
            40.77594
          ],
          [
            -73.94246,
            40.77606
          ],
          [
            -73.94245,
            40.77619
          ],
          [
            -73.94245,
            40.77629
          ],
          [
            -73.94246,
            40.77646
          ],
          [
            -73.94248,
            40.77663
          ],
          [
            -73.9425,
            40.77678
          ],
          [
            -73.94253,
            40.77694
          ],
          [
            -73.94257,
            40.77709
          ],
          [
            -73.94282,
            40.77791
          ],
          [
            -73.94289,
            40.77811
          ],
          [
            -73.94297,
            40.77828
          ],
          [
            -73.94357,
            40.7796
          ],
          [
            -73.94366,
            40.77979
          ],
          [
            -73.94374,
            40.77999
          ],
          [
            -73.94381,
            40.78019
          ],
          [
            -73.94388,
            40.78039
          ],
          [
            -73.94393,
            40.7806
          ],
          [
            -73.944,
            40.78091
          ],
          [
            -73.944,
            40.78091
          ],
          [
            -73.944,
            40.78127
          ],
          [
            -73.94401,
            40.78141
          ],
          [
            -73.94401,
            40.78156
          ],
          [
            -73.94401,
            40.78168
          ],
          [
            -73.94401,
            40.78177
          ],
          [
            -73.94399,
            40.78188
          ],
          [
            -73.94398,
            40.78197
          ],
          [
            -73.94395,
            40.78207
          ],
          [
            -73.94393,
            40.78217
          ],
          [
            -73.94383,
            40.78252
          ],
          [
            -73.94377,
            40.78274
          ],
          [
            -73.94377,
            40.78278
          ],
          [
            -73.94378,
            40.78282
          ],
          [
            -73.94378,
            40.78288
          ],
          [
            -73.94378,
            40.78288
          ],
          [
            -73.94379,
            40.7829
          ],
          [
            -73.94382,
            40.78294
          ],
          [
            -73.94385,
            40.78296
          ],
          [
            -73.94404,
            40.78304
          ],
          [
            -73.94411,
            40.78307
          ],
          [
            -73.94455,
            40.78325
          ],
          [
            -73.94472,
            40.78325
          ],
          [
            -73.94486,
            40.78331
          ],
          [
            -73.945,
            40.78337
          ],
          [
            -73.94517,
            40.78344
          ],
          [
            -73.94559,
            40.78362
          ],
          [
            -73.94591,
            40.78375
          ],
          [
            -73.94697,
            40.7842
          ],
          [
            -73.94709,
            40.78425
          ],
          [
            -73.94722,
            40.78431
          ],
          [
            -73.94731,
            40.78434
          ],
          [
            -73.94745,
            40.7844
          ],
          [
            -73.94902,
            40.78507
          ],
          [
            -73.9492,
            40.78514
          ],
          [
            -73.94933,
            40.7852
          ],
          [
            -73.94933,
            40.7852
          ],
          [
            -73.94925,
            40.7853
          ],
          [
            -73.94888,
            40.78582
          ],
          [
            -73.94883,
            40.78589
          ],
          [
            -73.94878,
            40.78596
          ],
          [
            -73.94844,
            40.78644
          ],
          [
            -73.94839,
            40.7865
          ],
          [
            -73.94834,
            40.78656
          ],
          [
            -73.94802,
            40.787
          ],
          [
            -73.94797,
            40.78706
          ],
          [
            -73.94792,
            40.78712
          ],
          [
            -73.94787,
            40.78719
          ],
          [
            -73.94772,
            40.7874
          ],
          [
            -73.9475,
            40.7877
          ],
          [
            -73.94746,
            40.78775
          ],
          [
            -73.94742,
            40.78781
          ],
          [
            -73.94709,
            40.78826
          ],
          [
            -73.94704,
            40.78833
          ],
          [
            -73.947,
            40.78839
          ],
          [
            -73.94696,
            40.78845
          ],
          [
            -73.9466,
            40.78893
          ],
          [
            -73.94655,
            40.789
          ],
          [
            -73.9465,
            40.78907
          ],
          [
            -73.94612,
            40.78959
          ],
          [
            -73.94609,
            40.78964
          ],
          [
            -73.94604,
            40.78971
          ],
          [
            -73.94568,
            40.79019
          ],
          [
            -73.94564,
            40.79025
          ],
          [
            -73.94558,
            40.79033
          ],
          [
            -73.94521,
            40.79085
          ],
          [
            -73.94517,
            40.79089
          ],
          [
            -73.94513,
            40.79095
          ],
          [
            -73.94475,
            40.79147
          ],
          [
            -73.94468,
            40.79157
          ],
          [
            -73.94461,
            40.79167
          ],
          [
            -73.94422,
            40.7922
          ],
          [
            -73.94418,
            40.79225
          ],
          [
            -73.94414,
            40.79231
          ],
          [
            -73.94383,
            40.79272
          ],
          [
            -73.94376,
            40.79282
          ],
          [
            -73.94372,
            40.79288
          ],
          [
            -73.94369,
            40.79292
          ],
          [
            -73.94332,
            40.79343
          ],
          [
            -73.94327,
            40.7935
          ],
          [
            -73.94322,
            40.79356
          ],
          [
            -73.94306,
            40.79378
          ],
          [
            -73.94284,
            40.79409
          ],
          [
            -73.94281,
            40.79413
          ],
          [
            -73.94276,
            40.79419
          ],
          [
            -73.94239,
            40.79471
          ],
          [
            -73.94235,
            40.79476
          ],
          [
            -73.9423,
            40.79482
          ],
          [
            -73.94193,
            40.79534
          ],
          [
            -73.94188,
            40.79541
          ],
          [
            -73.94182,
            40.79548
          ],
          [
            -73.94145,
            40.79598
          ],
          [
            -73.94137,
            40.7961
          ],
          [
            -73.9412,
            40.79634
          ],
          [
            -73.94098,
            40.79663
          ],
          [
            -73.94057,
            40.7972
          ],
          [
            -73.94052,
            40.79727
          ],
          [
            -73.94047,
            40.79733
          ],
          [
            -73.94009,
            40.79786
          ],
          [
            -73.94003,
            40.79794
          ],
          [
            -73.93995,
            40.79804
          ],
          [
            -73.93956,
            40.79857
          ],
          [
            -73.93952,
            40.79863
          ],
          [
            -73.93948,
            40.79868
          ],
          [
            -73.9391,
            40.7992
          ],
          [
            -73.93906,
            40.79925
          ],
          [
            -73.93902,
            40.79931
          ],
          [
            -73.9388,
            40.79961
          ],
          [
            -73.9388,
            40.79961
          ],
          [
            -73.9388,
            40.79961
          ],
          [
            -73.93865,
            40.79983
          ],
          [
            -73.93864,
            40.79983
          ],
          [
            -73.9386,
            40.79989
          ],
          [
            -73.93857,
            40.79994
          ],
          [
            -73.93856,
            40.79994
          ],
          [
            -73.93819,
            40.80046
          ],
          [
            -73.93816,
            40.8005
          ],
          [
            -73.93811,
            40.80056
          ],
          [
            -73.9381,
            40.80058
          ],
          [
            -73.93776,
            40.80106
          ],
          [
            -73.93776,
            40.80106
          ],
          [
            -73.93776,
            40.80106
          ],
          [
            -73.93773,
            40.80109
          ],
          [
            -73.93769,
            40.80114
          ],
          [
            -73.93765,
            40.8012
          ],
          [
            -73.93727,
            40.80172
          ],
          [
            -73.93724,
            40.80177
          ],
          [
            -73.93719,
            40.80183
          ],
          [
            -73.93681,
            40.80234
          ],
          [
            -73.93677,
            40.8024
          ],
          [
            -73.93673,
            40.80246
          ],
          [
            -73.93635,
            40.80298
          ],
          [
            -73.93631,
            40.80303
          ],
          [
            -73.93627,
            40.80309
          ],
          [
            -73.93616,
            40.80324
          ],
          [
            -73.9359,
            40.80361
          ],
          [
            -73.93583,
            40.80371
          ],
          [
            -73.93583,
            40.80371
          ],
          [
            -73.93569,
            40.80365
          ],
          [
            -73.93453,
            40.80316
          ],
          [
            -73.93419,
            40.80302
          ],
          [
            -73.93401,
            40.80295
          ],
          [
            -73.93386,
            40.80288
          ],
          [
            -73.9337,
            40.80282
          ],
          [
            -73.93358,
            40.80276
          ],
          [
            -73.93345,
            40.80271
          ],
          [
            -73.93341,
            40.80269
          ],
          [
            -73.93331,
            40.80265
          ],
          [
            -73.93321,
            40.8026
          ],
          [
            -73.9331,
            40.80255
          ],
          [
            -73.93139,
            40.80184
          ],
          [
            -73.93139,
            40.80184
          ],
          [
            -73.93133,
            40.80182
          ],
          [
            -73.93121,
            40.80177
          ],
          [
            -73.93052,
            40.80148
          ],
          [
            -73.93047,
            40.80145
          ],
          [
            -73.93043,
            40.80142
          ],
          [
            -73.93038,
            40.80137
          ],
          [
            -73.93035,
            40.80133
          ],
          [
            -73.93032,
            40.80129
          ],
          [
            -73.9303,
            40.80124
          ],
          [
            -73.9303,
            40.80119
          ],
          [
            -73.93029,
            40.80115
          ],
          [
            -73.93028,
            40.80108
          ],
          [
            -73.93026,
            40.80102
          ],
          [
            -73.93024,
            40.80096
          ],
          [
            -73.93004,
            40.80055
          ],
          [
            -73.93001,
            40.80047
          ],
          [
            -73.92992,
            40.80023
          ],
          [
            -73.92989,
            40.80016
          ],
          [
            -73.92989,
            40.80016
          ],
          [
            -73.92989,
            40.79961
          ],
          [
            -73.92988,
            40.7995
          ],
          [
            -73.92988,
            40.7994
          ],
          [
            -73.92986,
            40.79929
          ],
          [
            -73.92983,
            40.79919
          ],
          [
            -73.92979,
            40.79907
          ],
          [
            -73.92975,
            40.79896
          ],
          [
            -73.92969,
            40.79879
          ],
          [
            -73.92965,
            40.79867
          ],
          [
            -73.92961,
            40.79854
          ],
          [
            -73.92956,
            40.79837
          ],
          [
            -73.92946,
            40.79795
          ],
          [
            -73.92942,
            40.7978
          ],
          [
            -73.92939,
            40.79766
          ],
          [
            -73.92937,
            40.7975
          ],
          [
            -73.92933,
            40.79717
          ],
          [
            -73.92933,
            40.79717
          ],
          [
            -73.92933,
            40.79709
          ],
          [
            -73.92935,
            40.79693
          ],
          [
            -73.92938,
            40.79672
          ],
          [
            -73.92943,
            40.79651
          ],
          [
            -73.92948,
            40.79629
          ],
          [
            -73.92955,
            40.79609
          ],
          [
            -73.92963,
            40.79589
          ],
          [
            -73.92968,
            40.79578
          ],
          [
            -73.92979,
            40.79559
          ],
          [
            -73.92991,
            40.79541
          ],
          [
            -73.93006,
            40.79521
          ],
          [
            -73.93013,
            40.79511
          ],
          [
            -73.9302,
            40.79503
          ],
          [
            -73.93028,
            40.79494
          ],
          [
            -73.93037,
            40.79486
          ],
          [
            -73.93046,
            40.79478
          ],
          [
            -73.93056,
            40.79471
          ],
          [
            -73.93067,
            40.79463
          ],
          [
            -73.93078,
            40.79457
          ],
          [
            -73.93228,
            40.79376
          ],
          [
            -73.93287,
            40.79344
          ],
          [
            -73.93309,
            40.79331
          ],
          [
            -73.93332,
            40.79318
          ],
          [
            -73.93355,
            40.79305
          ],
          [
            -73.93377,
            40.79291
          ],
          [
            -73.93399,
            40.79277
          ],
          [
            -73.93421,
            40.79263
          ],
          [
            -73.93442,
            40.79248
          ],
          [
            -73.93526,
            40.7919
          ],
          [
            -73.93546,
            40.79175
          ],
          [
            -73.93555,
            40.79168
          ],
          [
            -73.93565,
            40.7916
          ],
          [
            -73.93576,
            40.79151
          ],
          [
            -73.93586,
            40.79142
          ],
          [
            -73.93595,
            40.79133
          ],
          [
            -73.93603,
            40.79125
          ],
          [
            -73.93611,
            40.79116
          ],
          [
            -73.93619,
            40.79108
          ],
          [
            -73.93626,
            40.79099
          ],
          [
            -73.93633,
            40.7909
          ],
          [
            -73.93673,
            40.79041
          ],
          [
            -73.93719,
            40.78978
          ],
          [
            -73.93727,
            40.78967
          ],
          [
            -73.93733,
            40.78957
          ],
          [
            -73.93738,
            40.78947
          ],
          [
            -73.93743,
            40.78937
          ],
          [
            -73.93748,
            40.78927
          ],
          [
            -73.93811,
            40.78784
          ],
          [
            -73.93817,
            40.78773
          ],
          [
            -73.93822,
            40.78763
          ],
          [
            -73.93828,
            40.78754
          ],
          [
            -73.93834,
            40.78744
          ],
          [
            -73.93841,
            40.78735
          ],
          [
            -73.93848,
            40.78726
          ],
          [
            -73.93856,
            40.78716
          ],
          [
            -73.9389,
            40.78678
          ],
          [
            -73.93957,
            40.786
          ],
          [
            -73.93966,
            40.78591
          ],
          [
            -73.93974,
            40.78582
          ],
          [
            -73.93982,
            40.78574
          ],
          [
            -73.93991,
            40.78565
          ],
          [
            -73.94,
            40.78556
          ],
          [
            -73.94009,
            40.78549
          ],
          [
            -73.94019,
            40.78541
          ],
          [
            -73.9403,
            40.78533
          ],
          [
            -73.94041,
            40.78526
          ],
          [
            -73.94052,
            40.7852
          ],
          [
            -73.94075,
            40.78508
          ],
          [
            -73.94182,
            40.78455
          ],
          [
            -73.94229,
            40.78431
          ],
          [
            -73.94253,
            40.78419
          ],
          [
            -73.94265,
            40.78412
          ],
          [
            -73.94276,
            40.78406
          ],
          [
            -73.94288,
            40.784
          ],
          [
            -73.94298,
            40.78393
          ],
          [
            -73.94309,
            40.78385
          ],
          [
            -73.9432,
            40.78378
          ],
          [
            -73.9433,
            40.7837
          ],
          [
            -73.94339,
            40.78362
          ],
          [
            -73.94348,
            40.78353
          ],
          [
            -73.94357,
            40.78345
          ],
          [
            -73.94364,
            40.78336
          ],
          [
            -73.94372,
            40.78327
          ],
          [
            -73.9438,
            40.78317
          ],
          [
            -73.94386,
            40.78307
          ],
          [
            -73.94393,
            40.78298
          ],
          [
            -73.94398,
            40.78289
          ],
          [
            -73.94403,
            40.78279
          ],
          [
            -73.94408,
            40.78268
          ],
          [
            -73.94413,
            40.78258
          ],
          [
            -73.94416,
            40.78248
          ],
          [
            -73.9442,
            40.78236
          ],
          [
            -73.94422,
            40.78226
          ],
          [
            -73.94425,
            40.78216
          ],
          [
            -73.94426,
            40.78205
          ],
          [
            -73.94427,
            40.78196
          ],
          [
            -73.94428,
            40.78186
          ],
          [
            -73.94428,
            40.78175
          ],
          [
            -73.94428,
            40.78163
          ],
          [
            -73.94427,
            40.78152
          ],
          [
            -73.94425,
            40.78142
          ],
          [
            -73.94423,
            40.78131
          ],
          [
            -73.94403,
            40.78046
          ],
          [
            -73.94396,
            40.78024
          ],
          [
            -73.9439,
            40.78004
          ],
          [
            -73.94382,
            40.77983
          ],
          [
            -73.94373,
            40.77963
          ],
          [
            -73.94354,
            40.77922
          ],
          [
            -73.94316,
            40.77838
          ],
          [
            -73.94307,
            40.77818
          ],
          [
            -73.94299,
            40.77798
          ],
          [
            -73.94292,
            40.77777
          ],
          [
            -73.94269,
            40.77703
          ],
          [
            -73.94266,
            40.77692
          ],
          [
            -73.94262,
            40.77678
          ],
          [
            -73.9426,
            40.77666
          ],
          [
            -73.94258,
            40.77656
          ],
          [
            -73.94256,
            40.77638
          ],
          [
            -73.94255,
            40.77618
          ],
          [
            -73.94254,
            40.77596
          ],
          [
            -73.94256,
            40.77582
          ],
          [
            -73.94258,
            40.77569
          ],
          [
            -73.94262,
            40.77558
          ],
          [
            -73.94266,
            40.77544
          ],
          [
            -73.94272,
            40.77531
          ],
          [
            -73.94277,
            40.7752
          ],
          [
            -73.94285,
            40.77506
          ],
          [
            -73.94292,
            40.77494
          ],
          [
            -73.94301,
            40.77481
          ],
          [
            -73.94313,
            40.77466
          ],
          [
            -73.94333,
            40.77442
          ],
          [
            -73.94425,
            40.77339
          ],
          [
            -73.94439,
            40.77323
          ],
          [
            -73.94453,
            40.77308
          ],
          [
            -73.94465,
            40.77296
          ],
          [
            -73.94477,
            40.77281
          ],
          [
            -73.9449,
            40.77268
          ],
          [
            -73.94512,
            40.77248
          ],
          [
            -73.94542,
            40.77226
          ],
          [
            -73.9457,
            40.77205
          ],
          [
            -73.9459,
            40.77191
          ],
          [
            -73.94608,
            40.77179
          ],
          [
            -73.9463,
            40.77166
          ],
          [
            -73.94649,
            40.77149
          ],
          [
            -73.94659,
            40.77141
          ],
          [
            -73.94669,
            40.77132
          ],
          [
            -73.94677,
            40.77123
          ],
          [
            -73.94736,
            40.7706
          ],
          [
            -73.94752,
            40.77042
          ],
          [
            -73.94769,
            40.77024
          ],
          [
            -73.94787,
            40.77007
          ],
          [
            -73.94805,
            40.76989
          ],
          [
            -73.94839,
            40.76953
          ],
          [
            -73.94856,
            40.76934
          ],
          [
            -73.94872,
            40.76915
          ],
          [
            -73.94889,
            40.76897
          ],
          [
            -73.94913,
            40.7687
          ],
          [
            -73.94928,
            40.76852
          ],
          [
            -73.94958,
            40.76813
          ],
          [
            -73.94972,
            40.76794
          ],
          [
            -73.94988,
            40.76775
          ],
          [
            -73.95015,
            40.76745
          ],
          [
            -73.95017,
            40.76743
          ],
          [
            -73.95027,
            40.76732
          ],
          [
            -73.95044,
            40.76713
          ],
          [
            -73.95052,
            40.76704
          ],
          [
            -73.95059,
            40.76696
          ],
          [
            -73.9507,
            40.7668
          ],
          [
            -73.95076,
            40.76672
          ],
          [
            -73.95085,
            40.76658
          ],
          [
            -73.95097,
            40.76643
          ],
          [
            -73.95148,
            40.76585
          ],
          [
            -73.95173,
            40.76558
          ],
          [
            -73.95201,
            40.76527
          ],
          [
            -73.95211,
            40.76516
          ],
          [
            -73.95318,
            40.76394
          ],
          [
            -73.95364,
            40.76347
          ],
          [
            -73.95375,
            40.76335
          ],
          [
            -73.95424,
            40.7628
          ],
          [
            -73.95442,
            40.76261
          ],
          [
            -73.95458,
            40.76245
          ],
          [
            -73.95479,
            40.76227
          ],
          [
            -73.95569,
            40.76145
          ],
          [
            -73.95595,
            40.76123
          ],
          [
            -73.95611,
            40.7611
          ],
          [
            -73.95644,
            40.76087
          ],
          [
            -73.95684,
            40.7606
          ],
          [
            -73.95713,
            40.76041
          ],
          [
            -73.95729,
            40.7603
          ],
          [
            -73.95748,
            40.76015
          ],
          [
            -73.95766,
            40.76
          ],
          [
            -73.95776,
            40.75991
          ],
          [
            -73.9579,
            40.75974
          ],
          [
            -73.95806,
            40.75954
          ],
          [
            -73.9582,
            40.75934
          ],
          [
            -73.95837,
            40.75913
          ],
          [
            -73.95847,
            40.75899
          ],
          [
            -73.95914,
            40.75804
          ],
          [
            -73.95982,
            40.75721
          ],
          [
            -73.95995,
            40.75706
          ],
          [
            -73.96006,
            40.75694
          ],
          [
            -73.96027,
            40.75672
          ],
          [
            -73.96047,
            40.7565
          ],
          [
            -73.96072,
            40.75623
          ],
          [
            -73.96093,
            40.75602
          ],
          [
            -73.96124,
            40.75572
          ],
          [
            -73.96144,
            40.75555
          ],
          [
            -73.96167,
            40.75536
          ],
          [
            -73.96176,
            40.7553
          ],
          [
            -73.96184,
            40.75523
          ],
          [
            -73.96194,
            40.75516
          ],
          [
            -73.962,
            40.7551
          ],
          [
            -73.96216,
            40.75496
          ],
          [
            -73.96225,
            40.75487
          ],
          [
            -73.96233,
            40.75478
          ],
          [
            -73.9627,
            40.75433
          ],
          [
            -73.96341,
            40.75355
          ],
          [
            -73.96358,
            40.75336
          ],
          [
            -73.96374,
            40.75319
          ],
          [
            -73.96426,
            40.75267
          ],
          [
            -73.96521,
            40.75166
          ],
          [
            -73.96825,
            40.74795
          ],
          [
            -73.96836,
            40.74781
          ],
          [
            -73.96836,
            40.74781
          ],
          [
            -73.96854,
            40.7477
          ],
          [
            -73.9686,
            40.74764
          ],
          [
            -73.96866,
            40.74757
          ],
          [
            -73.96887,
            40.74732
          ],
          [
            -73.96905,
            40.74711
          ],
          [
            -73.96914,
            40.74703
          ],
          [
            -73.96927,
            40.74693
          ],
          [
            -73.96927,
            40.74693
          ],
          [
            -73.96929,
            40.74691
          ],
          [
            -73.96943,
            40.74676
          ],
          [
            -73.97043,
            40.74578
          ],
          [
            -73.97065,
            40.74553
          ],
          [
            -73.97092,
            40.74519
          ],
          [
            -73.97122,
            40.7448
          ],
          [
            -73.97124,
            40.74474
          ],
          [
            -73.97126,
            40.74469
          ],
          [
            -73.97126,
            40.74463
          ],
          [
            -73.97125,
            40.74459
          ],
          [
            -73.97124,
            40.74451
          ],
          [
            -73.97125,
            40.74447
          ],
          [
            -73.97127,
            40.74443
          ],
          [
            -73.97132,
            40.74435
          ],
          [
            -73.9716,
            40.74393
          ],
          [
            -73.97164,
            40.74387
          ],
          [
            -73.97164,
            40.74387
          ],
          [
            -73.97175,
            40.74392
          ],
          [
            -73.97195,
            40.744
          ],
          [
            -73.97289,
            40.74439
          ],
          [
            -73.97303,
            40.74445
          ],
          [
            -73.97317,
            40.74451
          ],
          [
            -73.97328,
            40.74456
          ],
          [
            -73.97469,
            40.74516
          ],
          [
            -73.97474,
            40.74518
          ],
          [
            -73.97526,
            40.7454
          ],
          [
            -73.9754,
            40.74546
          ],
          [
            -73.9754,
            40.74546
          ],
          [
            -73.97545,
            40.74539
          ],
          [
            -73.97561,
            40.74517
          ],
          [
            -73.97582,
            40.74488
          ],
          [
            -73.97589,
            40.74479
          ],
          [
            -73.97596,
            40.74469
          ],
          [
            -73.97607,
            40.74454
          ],
          [
            -73.97621,
            40.74435
          ],
          [
            -73.97634,
            40.74418
          ],
          [
            -73.97639,
            40.74411
          ],
          [
            -73.97643,
            40.74405
          ],
          [
            -73.97651,
            40.74394
          ],
          [
            -73.97678,
            40.74357
          ],
          [
            -73.97682,
            40.74351
          ],
          [
            -73.97686,
            40.74345
          ],
          [
            -73.97724,
            40.74294
          ],
          [
            -73.97728,
            40.74289
          ],
          [
            -73.97728,
            40.74289
          ],
          [
            -73.9774,
            40.74294
          ],
          [
            -73.97931,
            40.74374
          ],
          [
            -73.97937,
            40.74377
          ],
          [
            -73.97952,
            40.74383
          ],
          [
            -73.97952,
            40.74383
          ],
          [
            -73.97948,
            40.74389
          ],
          [
            -73.97914,
            40.74436
          ],
          [
            -73.97911,
            40.74439
          ],
          [
            -73.97907,
            40.74445
          ],
          [
            -73.97902,
            40.74451
          ],
          [
            -73.97869,
            40.74497
          ],
          [
            -73.97867,
            40.74499
          ],
          [
            -73.97867,
            40.74499
          ],
          [
            -73.97867,
            40.74499
          ],
          [
            -73.97866,
            40.74501
          ],
          [
            -73.97862,
            40.74507
          ],
          [
            -73.97858,
            40.74512
          ],
          [
            -73.97841,
            40.74535
          ],
          [
            -73.97823,
            40.74561
          ],
          [
            -73.9782,
            40.74565
          ],
          [
            -73.97813,
            40.74574
          ],
          [
            -73.97813,
            40.74574
          ],
          [
            -73.97799,
            40.74567
          ],
          [
            -73.97792,
            40.74564
          ],
          [
            -73.97764,
            40.74553
          ],
          [
            -73.97734,
            40.7454
          ],
          [
            -73.97638,
            40.745
          ],
          [
            -73.97601,
            40.74485
          ],
          [
            -73.97589,
            40.74479
          ],
          [
            -73.97575,
            40.74473
          ],
          [
            -73.97528,
            40.74453
          ],
          [
            -73.9752,
            40.7445
          ],
          [
            -73.97509,
            40.74445
          ],
          [
            -73.97428,
            40.74411
          ],
          [
            -73.97365,
            40.74385
          ],
          [
            -73.97351,
            40.74379
          ],
          [
            -73.97337,
            40.74373
          ],
          [
            -73.97314,
            40.74363
          ],
          [
            -73.9728,
            40.74349
          ],
          [
            -73.97255,
            40.74338
          ],
          [
            -73.97226,
            40.74326
          ],
          [
            -73.97207,
            40.74318
          ],
          [
            -73.97207,
            40.74318
          ],
          [
            -73.97201,
            40.74329
          ],
          [
            -73.97186,
            40.74353
          ],
          [
            -73.97164,
            40.74387
          ],
          [
            -73.9716,
            40.74393
          ],
          [
            -73.97132,
            40.74435
          ],
          [
            -73.97132,
            40.74435
          ],
          [
            -73.97095,
            40.7446
          ],
          [
            -73.97091,
            40.74463
          ],
          [
            -73.97087,
            40.74467
          ],
          [
            -73.97084,
            40.74471
          ],
          [
            -73.97058,
            40.74503
          ],
          [
            -73.97057,
            40.74505
          ],
          [
            -73.97037,
            40.7453
          ],
          [
            -73.97014,
            40.74556
          ],
          [
            -73.9697,
            40.74607
          ],
          [
            -73.96967,
            40.74612
          ],
          [
            -73.96966,
            40.74619
          ],
          [
            -73.96966,
            40.74621
          ],
          [
            -73.96966,
            40.74621
          ],
          [
            -73.96907,
            40.74676
          ],
          [
            -73.96882,
            40.74703
          ],
          [
            -73.96788,
            40.74816
          ],
          [
            -73.96594,
            40.75048
          ],
          [
            -73.96499,
            40.75157
          ],
          [
            -73.96385,
            40.7528
          ],
          [
            -73.96351,
            40.75317
          ],
          [
            -73.96333,
            40.7534
          ],
          [
            -73.96313,
            40.75366
          ],
          [
            -73.96296,
            40.75387
          ],
          [
            -73.96215,
            40.75478
          ],
          [
            -73.96207,
            40.75487
          ],
          [
            -73.96198,
            40.75496
          ],
          [
            -73.96189,
            40.75504
          ],
          [
            -73.96179,
            40.75513
          ],
          [
            -73.96167,
            40.75522
          ],
          [
            -73.96155,
            40.75531
          ],
          [
            -73.96111,
            40.75569
          ],
          [
            -73.96087,
            40.75591
          ],
          [
            -73.96063,
            40.75614
          ],
          [
            -73.96041,
            40.75638
          ],
          [
            -73.9602,
            40.75664
          ],
          [
            -73.95997,
            40.75693
          ],
          [
            -73.95909,
            40.75803
          ],
          [
            -73.95839,
            40.75901
          ],
          [
            -73.9581,
            40.7594
          ],
          [
            -73.958,
            40.75951
          ],
          [
            -73.95786,
            40.75964
          ],
          [
            -73.95777,
            40.75972
          ],
          [
            -73.95768,
            40.7598
          ],
          [
            -73.95758,
            40.75988
          ],
          [
            -73.95747,
            40.75995
          ],
          [
            -73.95726,
            40.7601
          ],
          [
            -73.95636,
            40.76073
          ],
          [
            -73.95617,
            40.76089
          ],
          [
            -73.95601,
            40.76102
          ],
          [
            -73.95583,
            40.76118
          ],
          [
            -73.95572,
            40.76129
          ],
          [
            -73.95559,
            40.7614
          ],
          [
            -73.95476,
            40.76214
          ],
          [
            -73.95457,
            40.76231
          ],
          [
            -73.95438,
            40.76249
          ],
          [
            -73.95422,
            40.76264
          ],
          [
            -73.95405,
            40.76283
          ],
          [
            -73.95353,
            40.76342
          ],
          [
            -73.952,
            40.76511
          ],
          [
            -73.9519,
            40.76522
          ],
          [
            -73.95162,
            40.76553
          ],
          [
            -73.95104,
            40.76618
          ],
          [
            -73.95089,
            40.76635
          ],
          [
            -73.95074,
            40.76653
          ],
          [
            -73.95061,
            40.76672
          ],
          [
            -73.95048,
            40.7669
          ],
          [
            -73.95034,
            40.76707
          ],
          [
            -73.95004,
            40.76741
          ],
          [
            -73.95002,
            40.76743
          ],
          [
            -73.94973,
            40.76775
          ],
          [
            -73.94957,
            40.76794
          ],
          [
            -73.94944,
            40.76812
          ],
          [
            -73.9493,
            40.7683
          ],
          [
            -73.94917,
            40.76848
          ],
          [
            -73.94902,
            40.76866
          ],
          [
            -73.94894,
            40.76875
          ],
          [
            -73.94887,
            40.76883
          ],
          [
            -73.94823,
            40.76952
          ],
          [
            -73.948,
            40.76978
          ],
          [
            -73.94784,
            40.76995
          ],
          [
            -73.94766,
            40.7701
          ],
          [
            -73.9475,
            40.77027
          ],
          [
            -73.94679,
            40.77104
          ],
          [
            -73.94663,
            40.77121
          ],
          [
            -73.94646,
            40.77137
          ],
          [
            -73.94627,
            40.77152
          ],
          [
            -73.94607,
            40.77168
          ],
          [
            -73.9459,
            40.77183
          ],
          [
            -73.94564,
            40.77204
          ],
          [
            -73.94546,
            40.77219
          ],
          [
            -73.94527,
            40.77234
          ],
          [
            -73.94508,
            40.77248
          ],
          [
            -73.94487,
            40.77267
          ],
          [
            -73.9447,
            40.77284
          ],
          [
            -73.94448,
            40.77308
          ],
          [
            -73.94345,
            40.77421
          ],
          [
            -73.94334,
            40.77432
          ],
          [
            -73.94322,
            40.77446
          ],
          [
            -73.9431,
            40.77461
          ],
          [
            -73.943,
            40.77474
          ],
          [
            -73.94289,
            40.77489
          ],
          [
            -73.94281,
            40.77502
          ],
          [
            -73.94272,
            40.77519
          ],
          [
            -73.94263,
            40.77537
          ],
          [
            -73.94257,
            40.77553
          ],
          [
            -73.94253,
            40.77566
          ],
          [
            -73.9425,
            40.77578
          ],
          [
            -73.94247,
            40.77594
          ],
          [
            -73.94246,
            40.77606
          ],
          [
            -73.94245,
            40.77619
          ],
          [
            -73.94245,
            40.77629
          ],
          [
            -73.94246,
            40.77646
          ],
          [
            -73.94248,
            40.77663
          ],
          [
            -73.9425,
            40.77678
          ],
          [
            -73.94253,
            40.77694
          ],
          [
            -73.94257,
            40.77709
          ],
          [
            -73.94282,
            40.77791
          ],
          [
            -73.94289,
            40.77811
          ],
          [
            -73.94297,
            40.77828
          ],
          [
            -73.94357,
            40.7796
          ],
          [
            -73.94366,
            40.77979
          ],
          [
            -73.94374,
            40.77999
          ],
          [
            -73.94381,
            40.78019
          ],
          [
            -73.94388,
            40.78039
          ],
          [
            -73.94393,
            40.7806
          ],
          [
            -73.944,
            40.78091
          ],
          [
            -73.944,
            40.78091
          ],
          [
            -73.944,
            40.78127
          ],
          [
            -73.94401,
            40.78141
          ],
          [
            -73.94401,
            40.78156
          ],
          [
            -73.94401,
            40.78168
          ],
          [
            -73.94401,
            40.78177
          ],
          [
            -73.94399,
            40.78188
          ],
          [
            -73.94398,
            40.78197
          ],
          [
            -73.94395,
            40.78207
          ],
          [
            -73.94393,
            40.78217
          ],
          [
            -73.94383,
            40.78252
          ],
          [
            -73.94377,
            40.78274
          ],
          [
            -73.94377,
            40.78278
          ],
          [
            -73.94378,
            40.78282
          ],
          [
            -73.94378,
            40.78288
          ],
          [
            -73.94378,
            40.78288
          ],
          [
            -73.94379,
            40.7829
          ],
          [
            -73.94382,
            40.78294
          ],
          [
            -73.94385,
            40.78296
          ],
          [
            -73.94404,
            40.78304
          ],
          [
            -73.94411,
            40.78307
          ],
          [
            -73.94455,
            40.78325
          ],
          [
            -73.94472,
            40.78325
          ],
          [
            -73.94486,
            40.78331
          ],
          [
            -73.945,
            40.78337
          ],
          [
            -73.94517,
            40.78344
          ],
          [
            -73.94559,
            40.78362
          ],
          [
            -73.94591,
            40.78375
          ],
          [
            -73.94697,
            40.7842
          ],
          [
            -73.94709,
            40.78425
          ],
          [
            -73.94722,
            40.78431
          ],
          [
            -73.94731,
            40.78434
          ],
          [
            -73.94745,
            40.7844
          ],
          [
            -73.94902,
            40.78507
          ],
          [
            -73.9492,
            40.78514
          ],
          [
            -73.94933,
            40.7852
          ],
          [
            -73.94933,
            40.7852
          ],
          [
            -73.94925,
            40.7853
          ],
          [
            -73.94888,
            40.78582
          ],
          [
            -73.94883,
            40.78589
          ],
          [
            -73.94878,
            40.78596
          ],
          [
            -73.94844,
            40.78644
          ],
          [
            -73.94839,
            40.7865
          ],
          [
            -73.94834,
            40.78656
          ],
          [
            -73.94802,
            40.787
          ],
          [
            -73.94797,
            40.78706
          ],
          [
            -73.94792,
            40.78712
          ],
          [
            -73.94787,
            40.78719
          ],
          [
            -73.94772,
            40.7874
          ],
          [
            -73.9475,
            40.7877
          ],
          [
            -73.94746,
            40.78775
          ],
          [
            -73.94742,
            40.78781
          ],
          [
            -73.94709,
            40.78826
          ],
          [
            -73.94704,
            40.78833
          ],
          [
            -73.947,
            40.78839
          ],
          [
            -73.94696,
            40.78845
          ],
          [
            -73.9466,
            40.78893
          ],
          [
            -73.94655,
            40.789
          ],
          [
            -73.9465,
            40.78907
          ],
          [
            -73.94612,
            40.78959
          ],
          [
            -73.94609,
            40.78964
          ],
          [
            -73.94604,
            40.78971
          ],
          [
            -73.94568,
            40.79019
          ],
          [
            -73.94564,
            40.79025
          ],
          [
            -73.94558,
            40.79033
          ],
          [
            -73.94521,
            40.79085
          ],
          [
            -73.94517,
            40.79089
          ],
          [
            -73.94513,
            40.79095
          ],
          [
            -73.94475,
            40.79147
          ],
          [
            -73.94468,
            40.79157
          ],
          [
            -73.94461,
            40.79167
          ],
          [
            -73.94422,
            40.7922
          ],
          [
            -73.94418,
            40.79225
          ],
          [
            -73.94414,
            40.79231
          ],
          [
            -73.94383,
            40.79272
          ],
          [
            -73.94376,
            40.79282
          ],
          [
            -73.94372,
            40.79288
          ],
          [
            -73.94369,
            40.79292
          ],
          [
            -73.94332,
            40.79343
          ],
          [
            -73.94327,
            40.7935
          ],
          [
            -73.94322,
            40.79356
          ],
          [
            -73.94306,
            40.79378
          ],
          [
            -73.94284,
            40.79409
          ],
          [
            -73.94281,
            40.79413
          ],
          [
            -73.94276,
            40.79419
          ],
          [
            -73.94239,
            40.79471
          ],
          [
            -73.94235,
            40.79476
          ],
          [
            -73.9423,
            40.79482
          ],
          [
            -73.94193,
            40.79534
          ],
          [
            -73.94188,
            40.79541
          ],
          [
            -73.94182,
            40.79548
          ],
          [
            -73.94145,
            40.79598
          ],
          [
            -73.94137,
            40.7961
          ],
          [
            -73.9412,
            40.79634
          ],
          [
            -73.94098,
            40.79663
          ],
          [
            -73.94057,
            40.7972
          ],
          [
            -73.94052,
            40.79727
          ],
          [
            -73.94047,
            40.79733
          ],
          [
            -73.94009,
            40.79786
          ],
          [
            -73.94003,
            40.79794
          ],
          [
            -73.93995,
            40.79804
          ],
          [
            -73.93956,
            40.79857
          ],
          [
            -73.93952,
            40.79863
          ],
          [
            -73.93948,
            40.79868
          ],
          [
            -73.9391,
            40.7992
          ],
          [
            -73.93906,
            40.79925
          ],
          [
            -73.93902,
            40.79931
          ],
          [
            -73.93865,
            40.79983
          ],
          [
            -73.93864,
            40.79983
          ],
          [
            -73.9386,
            40.79989
          ],
          [
            -73.93857,
            40.79994
          ],
          [
            -73.93856,
            40.79994
          ],
          [
            -73.93819,
            40.80046
          ],
          [
            -73.93816,
            40.8005
          ],
          [
            -73.93811,
            40.80056
          ],
          [
            -73.9381,
            40.80058
          ],
          [
            -73.93773,
            40.80109
          ],
          [
            -73.93769,
            40.80114
          ],
          [
            -73.93765,
            40.8012
          ],
          [
            -73.93727,
            40.80172
          ],
          [
            -73.93724,
            40.80177
          ],
          [
            -73.93719,
            40.80183
          ],
          [
            -73.93681,
            40.80234
          ],
          [
            -73.93677,
            40.8024
          ],
          [
            -73.93673,
            40.80246
          ],
          [
            -73.93635,
            40.80298
          ],
          [
            -73.93631,
            40.80303
          ],
          [
            -73.93627,
            40.80309
          ],
          [
            -73.93616,
            40.80324
          ],
          [
            -73.9359,
            40.80361
          ],
          [
            -73.93583,
            40.80371
          ],
          [
            -73.93583,
            40.80371
          ],
          [
            -73.93596,
            40.80376
          ],
          [
            -73.9363,
            40.80391
          ],
          [
            -73.93652,
            40.804
          ],
          [
            -73.93673,
            40.80409
          ],
          [
            -73.93685,
            40.80414
          ],
          [
            -73.93735,
            40.80435
          ],
          [
            -73.93743,
            40.80438
          ],
          [
            -73.93753,
            40.80442
          ],
          [
            -73.9378,
            40.80454
          ],
          [
            -73.9378,
            40.80454
          ],
          [
            -73.9378,
            40.80454
          ],
          [
            -73.93753,
            40.80442
          ],
          [
            -73.93743,
            40.80438
          ],
          [
            -73.93735,
            40.80435
          ],
          [
            -73.93685,
            40.80414
          ],
          [
            -73.93673,
            40.80409
          ],
          [
            -73.93652,
            40.804
          ],
          [
            -73.9363,
            40.80391
          ],
          [
            -73.93596,
            40.80376
          ],
          [
            -73.93583,
            40.80371
          ],
          [
            -73.93569,
            40.80365
          ],
          [
            -73.93453,
            40.80316
          ],
          [
            -73.93419,
            40.80302
          ],
          [
            -73.93401,
            40.80295
          ],
          [
            -73.93386,
            40.80288
          ],
          [
            -73.9337,
            40.80282
          ],
          [
            -73.93358,
            40.80276
          ],
          [
            -73.93345,
            40.80271
          ],
          [
            -73.93341,
            40.80269
          ],
          [
            -73.93331,
            40.80265
          ],
          [
            -73.93321,
            40.8026
          ],
          [
            -73.9331,
            40.80255
          ],
          [
            -73.93139,
            40.80184
          ],
          [
            -73.93139,
            40.80184
          ],
          [
            -73.93133,
            40.80182
          ],
          [
            -73.93121,
            40.80177
          ],
          [
            -73.93052,
            40.80148
          ],
          [
            -73.93047,
            40.80145
          ],
          [
            -73.93043,
            40.80142
          ],
          [
            -73.93038,
            40.80137
          ],
          [
            -73.93035,
            40.80133
          ],
          [
            -73.93032,
            40.80129
          ],
          [
            -73.9303,
            40.80124
          ],
          [
            -73.9303,
            40.80119
          ],
          [
            -73.93029,
            40.80115
          ],
          [
            -73.93028,
            40.80108
          ],
          [
            -73.93026,
            40.80102
          ],
          [
            -73.93024,
            40.80096
          ],
          [
            -73.93004,
            40.80055
          ],
          [
            -73.93001,
            40.80047
          ],
          [
            -73.92992,
            40.80023
          ],
          [
            -73.92989,
            40.80016
          ],
          [
            -73.92989,
            40.80016
          ],
          [
            -73.92989,
            40.79961
          ],
          [
            -73.92988,
            40.7995
          ],
          [
            -73.92988,
            40.7994
          ],
          [
            -73.92986,
            40.79929
          ],
          [
            -73.92983,
            40.79919
          ],
          [
            -73.92979,
            40.79907
          ],
          [
            -73.92975,
            40.79896
          ],
          [
            -73.92969,
            40.79879
          ],
          [
            -73.92965,
            40.79867
          ],
          [
            -73.92961,
            40.79854
          ],
          [
            -73.92956,
            40.79837
          ],
          [
            -73.92946,
            40.79795
          ],
          [
            -73.92942,
            40.7978
          ],
          [
            -73.92939,
            40.79766
          ],
          [
            -73.92937,
            40.7975
          ],
          [
            -73.92933,
            40.79717
          ],
          [
            -73.92933,
            40.79717
          ],
          [
            -73.92933,
            40.79709
          ],
          [
            -73.92935,
            40.79693
          ],
          [
            -73.92938,
            40.79672
          ],
          [
            -73.92943,
            40.79651
          ],
          [
            -73.92948,
            40.79629
          ],
          [
            -73.92955,
            40.79609
          ],
          [
            -73.92963,
            40.79589
          ],
          [
            -73.92968,
            40.79578
          ],
          [
            -73.92979,
            40.79559
          ],
          [
            -73.92991,
            40.79541
          ],
          [
            -73.93006,
            40.79521
          ],
          [
            -73.93013,
            40.79511
          ],
          [
            -73.9302,
            40.79503
          ],
          [
            -73.93028,
            40.79494
          ],
          [
            -73.93037,
            40.79486
          ],
          [
            -73.93046,
            40.79478
          ],
          [
            -73.93056,
            40.79471
          ],
          [
            -73.93067,
            40.79463
          ],
          [
            -73.93078,
            40.79457
          ],
          [
            -73.93228,
            40.79376
          ],
          [
            -73.93287,
            40.79344
          ],
          [
            -73.93309,
            40.79331
          ],
          [
            -73.93332,
            40.79318
          ],
          [
            -73.93355,
            40.79305
          ],
          [
            -73.93377,
            40.79291
          ],
          [
            -73.93399,
            40.79277
          ],
          [
            -73.93421,
            40.79263
          ],
          [
            -73.93442,
            40.79248
          ],
          [
            -73.93526,
            40.7919
          ],
          [
            -73.93546,
            40.79175
          ],
          [
            -73.93555,
            40.79168
          ],
          [
            -73.93565,
            40.7916
          ],
          [
            -73.93576,
            40.79151
          ],
          [
            -73.93586,
            40.79142
          ],
          [
            -73.93595,
            40.79133
          ],
          [
            -73.93603,
            40.79125
          ],
          [
            -73.93611,
            40.79116
          ],
          [
            -73.93619,
            40.79108
          ],
          [
            -73.93626,
            40.79099
          ],
          [
            -73.93633,
            40.7909
          ],
          [
            -73.93673,
            40.79041
          ],
          [
            -73.93719,
            40.78978
          ],
          [
            -73.93727,
            40.78967
          ],
          [
            -73.93733,
            40.78957
          ],
          [
            -73.93738,
            40.78947
          ],
          [
            -73.93743,
            40.78937
          ],
          [
            -73.93748,
            40.78927
          ],
          [
            -73.93811,
            40.78784
          ],
          [
            -73.93817,
            40.78773
          ],
          [
            -73.93822,
            40.78763
          ],
          [
            -73.93828,
            40.78754
          ],
          [
            -73.93834,
            40.78744
          ],
          [
            -73.93841,
            40.78735
          ],
          [
            -73.93848,
            40.78726
          ],
          [
            -73.93856,
            40.78716
          ],
          [
            -73.9389,
            40.78678
          ],
          [
            -73.93957,
            40.786
          ],
          [
            -73.93966,
            40.78591
          ],
          [
            -73.93974,
            40.78582
          ],
          [
            -73.93982,
            40.78574
          ],
          [
            -73.93991,
            40.78565
          ],
          [
            -73.94,
            40.78556
          ],
          [
            -73.94009,
            40.78549
          ],
          [
            -73.94019,
            40.78541
          ],
          [
            -73.9403,
            40.78533
          ],
          [
            -73.94041,
            40.78526
          ],
          [
            -73.94052,
            40.7852
          ],
          [
            -73.94075,
            40.78508
          ],
          [
            -73.94182,
            40.78455
          ],
          [
            -73.94229,
            40.78431
          ],
          [
            -73.94253,
            40.78419
          ],
          [
            -73.94265,
            40.78412
          ],
          [
            -73.94276,
            40.78406
          ],
          [
            -73.94288,
            40.784
          ],
          [
            -73.94298,
            40.78393
          ],
          [
            -73.94309,
            40.78385
          ],
          [
            -73.9432,
            40.78378
          ],
          [
            -73.9433,
            40.7837
          ],
          [
            -73.94339,
            40.78362
          ],
          [
            -73.94348,
            40.78353
          ],
          [
            -73.94357,
            40.78345
          ],
          [
            -73.94364,
            40.78336
          ],
          [
            -73.94372,
            40.78327
          ],
          [
            -73.9438,
            40.78317
          ],
          [
            -73.94386,
            40.78307
          ],
          [
            -73.94393,
            40.78298
          ],
          [
            -73.94398,
            40.78289
          ],
          [
            -73.94403,
            40.78279
          ],
          [
            -73.94408,
            40.78268
          ],
          [
            -73.94413,
            40.78258
          ],
          [
            -73.94416,
            40.78248
          ],
          [
            -73.9442,
            40.78236
          ],
          [
            -73.94422,
            40.78226
          ],
          [
            -73.94425,
            40.78216
          ],
          [
            -73.94426,
            40.78205
          ],
          [
            -73.94427,
            40.78196
          ],
          [
            -73.94428,
            40.78186
          ],
          [
            -73.94428,
            40.78175
          ],
          [
            -73.94428,
            40.78163
          ],
          [
            -73.94427,
            40.78152
          ],
          [
            -73.94425,
            40.78142
          ],
          [
            -73.94423,
            40.78131
          ],
          [
            -73.94403,
            40.78046
          ],
          [
            -73.94396,
            40.78024
          ],
          [
            -73.9439,
            40.78004
          ],
          [
            -73.94382,
            40.77983
          ],
          [
            -73.94373,
            40.77963
          ],
          [
            -73.94354,
            40.77922
          ],
          [
            -73.94316,
            40.77838
          ],
          [
            -73.94307,
            40.77818
          ],
          [
            -73.94299,
            40.77798
          ],
          [
            -73.94292,
            40.77777
          ],
          [
            -73.94269,
            40.77703
          ],
          [
            -73.94266,
            40.77692
          ],
          [
            -73.94262,
            40.77678
          ],
          [
            -73.9426,
            40.77666
          ],
          [
            -73.94258,
            40.77656
          ],
          [
            -73.94256,
            40.77638
          ],
          [
            -73.94255,
            40.77618
          ],
          [
            -73.94254,
            40.77596
          ],
          [
            -73.94256,
            40.77582
          ],
          [
            -73.94258,
            40.77569
          ],
          [
            -73.94262,
            40.77558
          ],
          [
            -73.94266,
            40.77544
          ],
          [
            -73.94272,
            40.77531
          ],
          [
            -73.94277,
            40.7752
          ],
          [
            -73.94285,
            40.77506
          ],
          [
            -73.94292,
            40.77494
          ],
          [
            -73.94301,
            40.77481
          ],
          [
            -73.94313,
            40.77466
          ],
          [
            -73.94333,
            40.77442
          ],
          [
            -73.94425,
            40.77339
          ],
          [
            -73.94439,
            40.77323
          ],
          [
            -73.94453,
            40.77308
          ],
          [
            -73.94465,
            40.77296
          ],
          [
            -73.94477,
            40.77281
          ],
          [
            -73.9449,
            40.77268
          ],
          [
            -73.94512,
            40.77248
          ],
          [
            -73.94542,
            40.77226
          ],
          [
            -73.9457,
            40.77205
          ],
          [
            -73.9459,
            40.77191
          ],
          [
            -73.94608,
            40.77179
          ],
          [
            -73.9463,
            40.77166
          ],
          [
            -73.94649,
            40.77149
          ],
          [
            -73.94659,
            40.77141
          ],
          [
            -73.94669,
            40.77132
          ],
          [
            -73.94677,
            40.77123
          ],
          [
            -73.94736,
            40.7706
          ],
          [
            -73.94752,
            40.77042
          ],
          [
            -73.94769,
            40.77024
          ],
          [
            -73.94787,
            40.77007
          ],
          [
            -73.94805,
            40.76989
          ],
          [
            -73.94839,
            40.76953
          ],
          [
            -73.94856,
            40.76934
          ],
          [
            -73.94872,
            40.76915
          ],
          [
            -73.94889,
            40.76897
          ],
          [
            -73.94913,
            40.7687
          ],
          [
            -73.94928,
            40.76852
          ],
          [
            -73.94958,
            40.76813
          ],
          [
            -73.94972,
            40.76794
          ],
          [
            -73.94988,
            40.76775
          ],
          [
            -73.95015,
            40.76745
          ],
          [
            -73.95017,
            40.76743
          ],
          [
            -73.95027,
            40.76732
          ],
          [
            -73.95044,
            40.76713
          ],
          [
            -73.95052,
            40.76704
          ],
          [
            -73.95059,
            40.76696
          ],
          [
            -73.9507,
            40.7668
          ],
          [
            -73.95076,
            40.76672
          ],
          [
            -73.95085,
            40.76658
          ],
          [
            -73.95097,
            40.76643
          ],
          [
            -73.95148,
            40.76585
          ],
          [
            -73.95173,
            40.76558
          ],
          [
            -73.95201,
            40.76527
          ],
          [
            -73.95211,
            40.76516
          ],
          [
            -73.95318,
            40.76394
          ],
          [
            -73.95364,
            40.76347
          ],
          [
            -73.95375,
            40.76335
          ],
          [
            -73.95424,
            40.7628
          ],
          [
            -73.95442,
            40.76261
          ],
          [
            -73.95458,
            40.76245
          ],
          [
            -73.95479,
            40.76227
          ],
          [
            -73.95569,
            40.76145
          ],
          [
            -73.95595,
            40.76123
          ],
          [
            -73.95611,
            40.7611
          ],
          [
            -73.95644,
            40.76087
          ],
          [
            -73.95684,
            40.7606
          ],
          [
            -73.95713,
            40.76041
          ],
          [
            -73.95729,
            40.7603
          ],
          [
            -73.95748,
            40.76015
          ],
          [
            -73.95766,
            40.76
          ],
          [
            -73.95776,
            40.75991
          ],
          [
            -73.9579,
            40.75974
          ],
          [
            -73.95806,
            40.75954
          ],
          [
            -73.9582,
            40.75934
          ],
          [
            -73.95837,
            40.75913
          ],
          [
            -73.95847,
            40.75899
          ],
          [
            -73.95914,
            40.75804
          ],
          [
            -73.95982,
            40.75721
          ],
          [
            -73.95995,
            40.75706
          ],
          [
            -73.96006,
            40.75694
          ],
          [
            -73.96027,
            40.75672
          ],
          [
            -73.96047,
            40.7565
          ],
          [
            -73.96072,
            40.75623
          ],
          [
            -73.96093,
            40.75602
          ],
          [
            -73.96124,
            40.75572
          ],
          [
            -73.96144,
            40.75555
          ],
          [
            -73.96167,
            40.75536
          ],
          [
            -73.96176,
            40.7553
          ],
          [
            -73.96184,
            40.75523
          ],
          [
            -73.96194,
            40.75516
          ],
          [
            -73.962,
            40.7551
          ],
          [
            -73.96216,
            40.75496
          ],
          [
            -73.96225,
            40.75487
          ],
          [
            -73.96233,
            40.75478
          ],
          [
            -73.9627,
            40.75433
          ],
          [
            -73.96341,
            40.75355
          ],
          [
            -73.96358,
            40.75336
          ],
          [
            -73.96374,
            40.75319
          ],
          [
            -73.96426,
            40.75267
          ],
          [
            -73.96521,
            40.75166
          ],
          [
            -73.96825,
            40.74795
          ],
          [
            -73.96836,
            40.74781
          ],
          [
            -73.96836,
            40.74781
          ],
          [
            -73.96854,
            40.7477
          ],
          [
            -73.9686,
            40.74764
          ],
          [
            -73.96866,
            40.74757
          ],
          [
            -73.96887,
            40.74732
          ],
          [
            -73.96905,
            40.74711
          ],
          [
            -73.96914,
            40.74703
          ],
          [
            -73.96927,
            40.74693
          ],
          [
            -73.96927,
            40.74693
          ],
          [
            -73.96929,
            40.74691
          ],
          [
            -73.96943,
            40.74676
          ],
          [
            -73.97043,
            40.74578
          ],
          [
            -73.97043,
            40.74578
          ],
          [
            -73.97049,
            40.74581
          ],
          [
            -73.97052,
            40.74582
          ],
          [
            -73.97111,
            40.74607
          ],
          [
            -73.97155,
            40.74625
          ],
          [
            -73.97168,
            40.7463
          ],
          [
            -73.97168,
            40.7463
          ],
          [
            -73.97163,
            40.74636
          ],
          [
            -73.97151,
            40.74653
          ],
          [
            -73.97127,
            40.74686
          ],
          [
            -73.97122,
            40.74693
          ],
          [
            -73.97122,
            40.74693
          ],
          [
            -73.97136,
            40.74699
          ],
          [
            -73.97182,
            40.74718
          ],
          [
            -73.97194,
            40.74724
          ],
          [
            -73.97266,
            40.74754
          ],
          [
            -73.97274,
            40.74757
          ],
          [
            -73.97281,
            40.7476
          ],
          [
            -73.97345,
            40.74787
          ],
          [
            -73.9736,
            40.74793
          ],
          [
            -73.97373,
            40.74799
          ],
          [
            -73.97399,
            40.7481
          ],
          [
            -73.97413,
            40.74816
          ],
          [
            -73.97447,
            40.7483
          ],
          [
            -73.97485,
            40.74846
          ],
          [
            -73.97491,
            40.74848
          ],
          [
            -73.97497,
            40.74851
          ],
          [
            -73.97503,
            40.74854
          ],
          [
            -73.97562,
            40.74879
          ],
          [
            -73.97569,
            40.74882
          ],
          [
            -73.97585,
            40.74889
          ],
          [
            -73.97585,
            40.74889
          ],
          [
            -73.97581,
            40.74894
          ],
          [
            -73.9758,
            40.74896
          ],
          [
            -73.97567,
            40.74914
          ],
          [
            -73.97567,
            40.74914
          ],
          [
            -73.97567,
            40.74914
          ],
          [
            -73.97548,
            40.74939
          ],
          [
            -73.97545,
            40.74944
          ],
          [
            -73.9754,
            40.7495
          ],
          [
            -73.97537,
            40.74955
          ],
          [
            -73.97534,
            40.74958
          ],
          [
            -73.97524,
            40.74972
          ],
          [
            -73.97503,
            40.75001
          ],
          [
            -73.975,
            40.75005
          ],
          [
            -73.97495,
            40.75012
          ],
          [
            -73.97491,
            40.75017
          ],
          [
            -73.9749,
            40.7502
          ],
          [
            -73.97478,
            40.75035
          ],
          [
            -73.97457,
            40.75063
          ],
          [
            -73.97454,
            40.75068
          ],
          [
            -73.97447,
            40.75077
          ],
          [
            -73.9744,
            40.75088
          ],
          [
            -73.97422,
            40.75113
          ],
          [
            -73.97422,
            40.75113
          ],
          [
            -73.97422,
            40.75113
          ],
          [
            -73.97417,
            40.75118
          ],
          [
            -73.97402,
            40.75139
          ],
          [
            -73.97397,
            40.75146
          ],
          [
            -73.97393,
            40.75151
          ],
          [
            -73.97357,
            40.75202
          ],
          [
            -73.97352,
            40.75208
          ],
          [
            -73.97348,
            40.75213
          ],
          [
            -73.97337,
            40.75229
          ],
          [
            -73.97311,
            40.75264
          ],
          [
            -73.97306,
            40.7527
          ],
          [
            -73.97302,
            40.75276
          ],
          [
            -73.97265,
            40.75327
          ],
          [
            -73.9726,
            40.75333
          ],
          [
            -73.9726,
            40.75333
          ],
          [
            -73.97246,
            40.75327
          ],
          [
            -73.97172,
            40.75296
          ],
          [
            -73.97048,
            40.75244
          ],
          [
            -73.97034,
            40.75238
          ],
          [
            -73.97025,
            40.75234
          ],
          [
            -73.97021,
            40.75232
          ],
          [
            -73.96811,
            40.75144
          ],
          [
            -73.96796,
            40.75137
          ],
          [
            -73.96796,
            40.75137
          ],
          [
            -73.9679,
            40.75143
          ],
          [
            -73.96789,
            40.75144
          ],
          [
            -73.96781,
            40.75154
          ],
          [
            -73.96775,
            40.75161
          ],
          [
            -73.96768,
            40.75167
          ],
          [
            -73.96763,
            40.75172
          ],
          [
            -73.96745,
            40.75185
          ],
          [
            -73.96735,
            40.75192
          ],
          [
            -73.96732,
            40.75196
          ],
          [
            -73.96719,
            40.75213
          ],
          [
            -73.96719,
            40.75213
          ],
          [
            -73.96711,
            40.75218
          ],
          [
            -73.96707,
            40.7522
          ],
          [
            -73.96704,
            40.75223
          ],
          [
            -73.967,
            40.75228
          ],
          [
            -73.96697,
            40.75234
          ],
          [
            -73.96697,
            40.75234
          ],
          [
            -73.96692,
            40.75236
          ],
          [
            -73.96688,
            40.75238
          ],
          [
            -73.96686,
            40.75239
          ],
          [
            -73.96684,
            40.75239
          ],
          [
            -73.96679,
            40.75239
          ],
          [
            -73.96674,
            40.75238
          ],
          [
            -73.96666,
            40.75236
          ],
          [
            -73.9666,
            40.75234
          ],
          [
            -73.96654,
            40.75232
          ],
          [
            -73.9665,
            40.7523
          ],
          [
            -73.96551,
            40.75187
          ],
          [
            -73.96543,
            40.75185
          ],
          [
            -73.96537,
            40.75183
          ],
          [
            -73.96532,
            40.75182
          ],
          [
            -73.96527,
            40.75182
          ],
          [
            -73.96522,
            40.75182
          ],
          [
            -73.96516,
            40.75182
          ],
          [
            -73.96512,
            40.75182
          ],
          [
            -73.96506,
            40.75183
          ],
          [
            -73.96499,
            40.75185
          ],
          [
            -73.96495,
            40.75186
          ],
          [
            -73.9649,
            40.75188
          ],
          [
            -73.96485,
            40.75191
          ],
          [
            -73.9648,
            40.75194
          ],
          [
            -73.96476,
            40.75197
          ],
          [
            -73.96473,
            40.752
          ],
          [
            -73.9646,
            40.75214
          ],
          [
            -73.964,
            40.75278
          ],
          [
            -73.96363,
            40.75315
          ],
          [
            -73.96358,
            40.7532
          ],
          [
            -73.96348,
            40.75328
          ],
          [
            -73.96333,
            40.7534
          ],
          [
            -73.96333,
            40.7534
          ],
          [
            -73.96313,
            40.75366
          ],
          [
            -73.96296,
            40.75387
          ],
          [
            -73.96215,
            40.75478
          ],
          [
            -73.96207,
            40.75487
          ],
          [
            -73.96198,
            40.75496
          ],
          [
            -73.96189,
            40.75504
          ],
          [
            -73.96179,
            40.75513
          ],
          [
            -73.96167,
            40.75522
          ],
          [
            -73.96155,
            40.75531
          ],
          [
            -73.96111,
            40.75569
          ],
          [
            -73.96087,
            40.75591
          ],
          [
            -73.96063,
            40.75614
          ],
          [
            -73.96041,
            40.75638
          ],
          [
            -73.9602,
            40.75664
          ],
          [
            -73.95997,
            40.75693
          ],
          [
            -73.95909,
            40.75803
          ],
          [
            -73.95839,
            40.75901
          ],
          [
            -73.9581,
            40.7594
          ],
          [
            -73.958,
            40.75951
          ],
          [
            -73.95786,
            40.75964
          ],
          [
            -73.95777,
            40.75972
          ],
          [
            -73.95768,
            40.7598
          ],
          [
            -73.95758,
            40.75988
          ],
          [
            -73.95747,
            40.75995
          ],
          [
            -73.95726,
            40.7601
          ],
          [
            -73.95636,
            40.76073
          ],
          [
            -73.95617,
            40.76089
          ],
          [
            -73.95601,
            40.76102
          ],
          [
            -73.95583,
            40.76118
          ],
          [
            -73.95572,
            40.76129
          ],
          [
            -73.95559,
            40.7614
          ],
          [
            -73.95476,
            40.76214
          ],
          [
            -73.95457,
            40.76231
          ],
          [
            -73.95438,
            40.76249
          ],
          [
            -73.95422,
            40.76264
          ],
          [
            -73.95405,
            40.76283
          ],
          [
            -73.95353,
            40.76342
          ],
          [
            -73.952,
            40.76511
          ],
          [
            -73.9519,
            40.76522
          ],
          [
            -73.95162,
            40.76553
          ],
          [
            -73.95104,
            40.76618
          ],
          [
            -73.95089,
            40.76635
          ],
          [
            -73.95074,
            40.76653
          ],
          [
            -73.95061,
            40.76672
          ],
          [
            -73.95048,
            40.7669
          ],
          [
            -73.95034,
            40.76707
          ],
          [
            -73.95004,
            40.76741
          ],
          [
            -73.95002,
            40.76743
          ],
          [
            -73.94973,
            40.76775
          ],
          [
            -73.94957,
            40.76794
          ],
          [
            -73.94944,
            40.76812
          ],
          [
            -73.9493,
            40.7683
          ],
          [
            -73.94917,
            40.76848
          ],
          [
            -73.94902,
            40.76866
          ],
          [
            -73.94894,
            40.76875
          ],
          [
            -73.94887,
            40.76883
          ],
          [
            -73.94823,
            40.76952
          ],
          [
            -73.948,
            40.76978
          ],
          [
            -73.94784,
            40.76995
          ],
          [
            -73.94766,
            40.7701
          ],
          [
            -73.9475,
            40.77027
          ],
          [
            -73.94679,
            40.77104
          ],
          [
            -73.94663,
            40.77121
          ],
          [
            -73.94646,
            40.77137
          ],
          [
            -73.94627,
            40.77152
          ],
          [
            -73.94607,
            40.77168
          ],
          [
            -73.9459,
            40.77183
          ],
          [
            -73.94564,
            40.77204
          ],
          [
            -73.94546,
            40.77219
          ],
          [
            -73.94527,
            40.77234
          ],
          [
            -73.94508,
            40.77248
          ],
          [
            -73.94487,
            40.77267
          ],
          [
            -73.9447,
            40.77284
          ],
          [
            -73.94448,
            40.77308
          ],
          [
            -73.94345,
            40.77421
          ],
          [
            -73.94334,
            40.77432
          ],
          [
            -73.94322,
            40.77446
          ],
          [
            -73.9431,
            40.77461
          ],
          [
            -73.943,
            40.77474
          ],
          [
            -73.94289,
            40.77489
          ],
          [
            -73.94281,
            40.77502
          ],
          [
            -73.94272,
            40.77519
          ],
          [
            -73.94263,
            40.77537
          ],
          [
            -73.94257,
            40.77553
          ],
          [
            -73.94253,
            40.77566
          ],
          [
            -73.9425,
            40.77578
          ],
          [
            -73.94247,
            40.77594
          ],
          [
            -73.94246,
            40.77606
          ],
          [
            -73.94245,
            40.77619
          ],
          [
            -73.94245,
            40.77629
          ],
          [
            -73.94246,
            40.77646
          ],
          [
            -73.94248,
            40.77663
          ],
          [
            -73.9425,
            40.77678
          ],
          [
            -73.94253,
            40.77694
          ],
          [
            -73.94257,
            40.77709
          ],
          [
            -73.94282,
            40.77791
          ],
          [
            -73.94289,
            40.77811
          ],
          [
            -73.94297,
            40.77828
          ],
          [
            -73.94357,
            40.7796
          ],
          [
            -73.94366,
            40.77979
          ],
          [
            -73.94374,
            40.77999
          ],
          [
            -73.94381,
            40.78019
          ],
          [
            -73.94388,
            40.78039
          ],
          [
            -73.94393,
            40.7806
          ],
          [
            -73.944,
            40.78091
          ],
          [
            -73.944,
            40.78091
          ],
          [
            -73.944,
            40.78127
          ],
          [
            -73.94401,
            40.78141
          ],
          [
            -73.94401,
            40.78156
          ],
          [
            -73.94401,
            40.78168
          ],
          [
            -73.94401,
            40.78177
          ],
          [
            -73.94399,
            40.78188
          ],
          [
            -73.94398,
            40.78197
          ],
          [
            -73.94395,
            40.78207
          ],
          [
            -73.94393,
            40.78217
          ],
          [
            -73.94383,
            40.78252
          ],
          [
            -73.94377,
            40.78274
          ],
          [
            -73.94377,
            40.78278
          ],
          [
            -73.94378,
            40.78282
          ],
          [
            -73.94378,
            40.78288
          ],
          [
            -73.94378,
            40.78288
          ],
          [
            -73.94379,
            40.7829
          ],
          [
            -73.94382,
            40.78294
          ],
          [
            -73.94385,
            40.78296
          ],
          [
            -73.94404,
            40.78304
          ],
          [
            -73.94411,
            40.78307
          ],
          [
            -73.94455,
            40.78325
          ],
          [
            -73.94472,
            40.78325
          ],
          [
            -73.94486,
            40.78331
          ],
          [
            -73.945,
            40.78337
          ],
          [
            -73.94517,
            40.78344
          ],
          [
            -73.94559,
            40.78362
          ],
          [
            -73.94591,
            40.78375
          ],
          [
            -73.94697,
            40.7842
          ],
          [
            -73.94709,
            40.78425
          ],
          [
            -73.94722,
            40.78431
          ],
          [
            -73.94731,
            40.78434
          ],
          [
            -73.94745,
            40.7844
          ],
          [
            -73.94902,
            40.78507
          ],
          [
            -73.9492,
            40.78514
          ],
          [
            -73.94933,
            40.7852
          ],
          [
            -73.94933,
            40.7852
          ],
          [
            -73.94925,
            40.7853
          ],
          [
            -73.94888,
            40.78582
          ],
          [
            -73.94883,
            40.78589
          ],
          [
            -73.94878,
            40.78596
          ],
          [
            -73.94844,
            40.78644
          ],
          [
            -73.94839,
            40.7865
          ],
          [
            -73.94834,
            40.78656
          ],
          [
            -73.94802,
            40.787
          ],
          [
            -73.94797,
            40.78706
          ],
          [
            -73.94792,
            40.78712
          ],
          [
            -73.94787,
            40.78719
          ],
          [
            -73.94772,
            40.7874
          ],
          [
            -73.9475,
            40.7877
          ],
          [
            -73.94746,
            40.78775
          ],
          [
            -73.94742,
            40.78781
          ],
          [
            -73.94709,
            40.78826
          ],
          [
            -73.94704,
            40.78833
          ],
          [
            -73.947,
            40.78839
          ],
          [
            -73.94696,
            40.78845
          ],
          [
            -73.9466,
            40.78893
          ],
          [
            -73.94655,
            40.789
          ],
          [
            -73.9465,
            40.78907
          ],
          [
            -73.94612,
            40.78959
          ],
          [
            -73.94609,
            40.78964
          ],
          [
            -73.94604,
            40.78971
          ],
          [
            -73.94568,
            40.79019
          ],
          [
            -73.94564,
            40.79025
          ],
          [
            -73.94558,
            40.79033
          ],
          [
            -73.94521,
            40.79085
          ],
          [
            -73.94517,
            40.79089
          ],
          [
            -73.94513,
            40.79095
          ],
          [
            -73.94475,
            40.79147
          ],
          [
            -73.94468,
            40.79157
          ],
          [
            -73.94461,
            40.79167
          ],
          [
            -73.94422,
            40.7922
          ],
          [
            -73.94418,
            40.79225
          ],
          [
            -73.94414,
            40.79231
          ],
          [
            -73.94383,
            40.79272
          ],
          [
            -73.94376,
            40.79282
          ],
          [
            -73.94372,
            40.79288
          ],
          [
            -73.94369,
            40.79292
          ],
          [
            -73.94332,
            40.79343
          ],
          [
            -73.94327,
            40.7935
          ],
          [
            -73.94322,
            40.79356
          ],
          [
            -73.94306,
            40.79378
          ],
          [
            -73.94284,
            40.79409
          ],
          [
            -73.94281,
            40.79413
          ],
          [
            -73.94276,
            40.79419
          ],
          [
            -73.94239,
            40.79471
          ],
          [
            -73.94235,
            40.79476
          ],
          [
            -73.9423,
            40.79482
          ],
          [
            -73.94193,
            40.79534
          ],
          [
            -73.94188,
            40.79541
          ],
          [
            -73.94182,
            40.79548
          ],
          [
            -73.94145,
            40.79598
          ],
          [
            -73.94137,
            40.7961
          ],
          [
            -73.9412,
            40.79634
          ],
          [
            -73.94098,
            40.79663
          ],
          [
            -73.94057,
            40.7972
          ],
          [
            -73.94052,
            40.79727
          ],
          [
            -73.94047,
            40.79733
          ],
          [
            -73.94009,
            40.79786
          ],
          [
            -73.94003,
            40.79794
          ],
          [
            -73.93995,
            40.79804
          ],
          [
            -73.93956,
            40.79857
          ],
          [
            -73.93952,
            40.79863
          ],
          [
            -73.93948,
            40.79868
          ],
          [
            -73.9391,
            40.7992
          ],
          [
            -73.93906,
            40.79925
          ],
          [
            -73.93902,
            40.79931
          ],
          [
            -73.93865,
            40.79983
          ],
          [
            -73.93864,
            40.79983
          ],
          [
            -73.9386,
            40.79989
          ],
          [
            -73.93857,
            40.79994
          ],
          [
            -73.93856,
            40.79994
          ],
          [
            -73.93819,
            40.80046
          ],
          [
            -73.93816,
            40.8005
          ],
          [
            -73.93811,
            40.80056
          ],
          [
            -73.9381,
            40.80058
          ],
          [
            -73.93773,
            40.80109
          ],
          [
            -73.93769,
            40.80114
          ],
          [
            -73.93765,
            40.8012
          ],
          [
            -73.93727,
            40.80172
          ],
          [
            -73.93724,
            40.80177
          ],
          [
            -73.93719,
            40.80183
          ],
          [
            -73.93681,
            40.80234
          ],
          [
            -73.93677,
            40.8024
          ],
          [
            -73.93673,
            40.80246
          ],
          [
            -73.93635,
            40.80298
          ],
          [
            -73.93631,
            40.80303
          ],
          [
            -73.93627,
            40.80309
          ],
          [
            -73.93616,
            40.80324
          ],
          [
            -73.9359,
            40.80361
          ],
          [
            -73.93583,
            40.80371
          ],
          [
            -73.93583,
            40.80371
          ],
          [
            -73.93596,
            40.80376
          ],
          [
            -73.9363,
            40.80391
          ],
          [
            -73.93652,
            40.804
          ],
          [
            -73.93673,
            40.80409
          ],
          [
            -73.93685,
            40.80414
          ],
          [
            -73.93735,
            40.80435
          ],
          [
            -73.93743,
            40.80438
          ],
          [
            -73.93753,
            40.80442
          ],
          [
            -73.93788,
            40.80457
          ],
          [
            -73.93858,
            40.80487
          ],
          [
            -73.93885,
            40.80498
          ],
          [
            -73.93889,
            40.805
          ],
          [
            -73.93904,
            40.80506
          ],
          [
            -73.93918,
            40.80512
          ],
          [
            -73.93924,
            40.80515
          ],
          [
            -73.9397,
            40.80534
          ],
          [
            -73.94013,
            40.80552
          ],
          [
            -73.94027,
            40.80558
          ],
          [
            -73.94055,
            40.8057
          ],
          [
            -73.94064,
            40.80574
          ],
          [
            -73.94076,
            40.80579
          ],
          [
            -73.941,
            40.80589
          ],
          [
            -73.94183,
            40.80624
          ],
          [
            -73.94191,
            40.80627
          ],
          [
            -73.94217,
            40.80638
          ],
          [
            -73.94227,
            40.80642
          ],
          [
            -73.94237,
            40.80646
          ],
          [
            -73.94247,
            40.8065
          ],
          [
            -73.94247,
            40.8065
          ],
          [
            -73.94247,
            40.8065
          ],
          [
            -73.9426,
            40.80656
          ],
          [
            -73.94269,
            40.8066
          ],
          [
            -73.94378,
            40.80706
          ],
          [
            -73.94383,
            40.80708
          ],
          [
            -73.94389,
            40.8071
          ],
          [
            -73.94425,
            40.80726
          ],
          [
            -73.94481,
            40.80749
          ],
          [
            -73.94533,
            40.80771
          ],
          [
            -73.94541,
            40.80775
          ],
          [
            -73.94557,
            40.80781
          ],
          [
            -73.94567,
            40.80785
          ],
          [
            -73.94599,
            40.80799
          ],
          [
            -73.94599,
            40.80799
          ],
          [
            -73.94599,
            40.80799
          ],
          [
            -73.94567,
            40.80785
          ],
          [
            -73.94557,
            40.80781
          ],
          [
            -73.94541,
            40.80775
          ],
          [
            -73.94533,
            40.80771
          ],
          [
            -73.94481,
            40.80749
          ],
          [
            -73.94425,
            40.80726
          ],
          [
            -73.94389,
            40.8071
          ],
          [
            -73.94383,
            40.80708
          ],
          [
            -73.94378,
            40.80706
          ],
          [
            -73.94269,
            40.8066
          ],
          [
            -73.9426,
            40.80656
          ],
          [
            -73.94237,
            40.80646
          ],
          [
            -73.94227,
            40.80642
          ],
          [
            -73.94217,
            40.80638
          ],
          [
            -73.94191,
            40.80627
          ],
          [
            -73.94183,
            40.80624
          ],
          [
            -73.941,
            40.80589
          ],
          [
            -73.94076,
            40.80579
          ],
          [
            -73.94064,
            40.80574
          ],
          [
            -73.94055,
            40.8057
          ],
          [
            -73.94027,
            40.80558
          ],
          [
            -73.94013,
            40.80552
          ],
          [
            -73.9397,
            40.80534
          ],
          [
            -73.93924,
            40.80515
          ],
          [
            -73.93918,
            40.80512
          ],
          [
            -73.93904,
            40.80506
          ],
          [
            -73.93889,
            40.805
          ],
          [
            -73.93885,
            40.80498
          ],
          [
            -73.93858,
            40.80487
          ],
          [
            -73.93788,
            40.80457
          ],
          [
            -73.93753,
            40.80442
          ],
          [
            -73.93743,
            40.80438
          ],
          [
            -73.93735,
            40.80435
          ],
          [
            -73.93685,
            40.80414
          ],
          [
            -73.93673,
            40.80409
          ],
          [
            -73.93652,
            40.804
          ],
          [
            -73.9363,
            40.80391
          ],
          [
            -73.93596,
            40.80376
          ],
          [
            -73.93583,
            40.80371
          ],
          [
            -73.93569,
            40.80365
          ],
          [
            -73.93453,
            40.80316
          ],
          [
            -73.93419,
            40.80302
          ],
          [
            -73.93401,
            40.80295
          ],
          [
            -73.93386,
            40.80288
          ],
          [
            -73.9337,
            40.80282
          ],
          [
            -73.93358,
            40.80276
          ],
          [
            -73.93345,
            40.80271
          ],
          [
            -73.93341,
            40.80269
          ],
          [
            -73.93331,
            40.80265
          ],
          [
            -73.93321,
            40.8026
          ],
          [
            -73.9331,
            40.80255
          ],
          [
            -73.93139,
            40.80184
          ],
          [
            -73.93139,
            40.80184
          ],
          [
            -73.93133,
            40.80182
          ],
          [
            -73.93121,
            40.80177
          ],
          [
            -73.93052,
            40.80148
          ],
          [
            -73.93047,
            40.80145
          ],
          [
            -73.93043,
            40.80142
          ],
          [
            -73.93038,
            40.80137
          ],
          [
            -73.93035,
            40.80133
          ],
          [
            -73.93032,
            40.80129
          ],
          [
            -73.9303,
            40.80124
          ],
          [
            -73.9303,
            40.80119
          ],
          [
            -73.93029,
            40.80115
          ],
          [
            -73.93028,
            40.80108
          ],
          [
            -73.93026,
            40.80102
          ],
          [
            -73.93024,
            40.80096
          ],
          [
            -73.93004,
            40.80055
          ],
          [
            -73.93001,
            40.80047
          ],
          [
            -73.92992,
            40.80023
          ],
          [
            -73.92989,
            40.80016
          ],
          [
            -73.92989,
            40.80016
          ],
          [
            -73.92989,
            40.79961
          ],
          [
            -73.92988,
            40.7995
          ],
          [
            -73.92988,
            40.7994
          ],
          [
            -73.92986,
            40.79929
          ],
          [
            -73.92983,
            40.79919
          ],
          [
            -73.92979,
            40.79907
          ],
          [
            -73.92975,
            40.79896
          ],
          [
            -73.92969,
            40.79879
          ],
          [
            -73.92965,
            40.79867
          ],
          [
            -73.92961,
            40.79854
          ],
          [
            -73.92956,
            40.79837
          ],
          [
            -73.92946,
            40.79795
          ],
          [
            -73.92942,
            40.7978
          ],
          [
            -73.92939,
            40.79766
          ],
          [
            -73.92937,
            40.7975
          ],
          [
            -73.92933,
            40.79717
          ],
          [
            -73.92933,
            40.79717
          ],
          [
            -73.92933,
            40.79709
          ],
          [
            -73.92935,
            40.79693
          ],
          [
            -73.92938,
            40.79672
          ],
          [
            -73.92943,
            40.79651
          ],
          [
            -73.92948,
            40.79629
          ],
          [
            -73.92955,
            40.79609
          ],
          [
            -73.92963,
            40.79589
          ],
          [
            -73.92968,
            40.79578
          ],
          [
            -73.92979,
            40.79559
          ],
          [
            -73.92991,
            40.79541
          ],
          [
            -73.93006,
            40.79521
          ],
          [
            -73.93013,
            40.79511
          ],
          [
            -73.9302,
            40.79503
          ],
          [
            -73.93028,
            40.79494
          ],
          [
            -73.93037,
            40.79486
          ],
          [
            -73.93046,
            40.79478
          ],
          [
            -73.93056,
            40.79471
          ],
          [
            -73.93067,
            40.79463
          ],
          [
            -73.93078,
            40.79457
          ],
          [
            -73.93228,
            40.79376
          ],
          [
            -73.93287,
            40.79344
          ],
          [
            -73.93309,
            40.79331
          ],
          [
            -73.93332,
            40.79318
          ],
          [
            -73.93355,
            40.79305
          ],
          [
            -73.93377,
            40.79291
          ],
          [
            -73.93399,
            40.79277
          ],
          [
            -73.93421,
            40.79263
          ],
          [
            -73.93442,
            40.79248
          ],
          [
            -73.93526,
            40.7919
          ],
          [
            -73.93546,
            40.79175
          ],
          [
            -73.93555,
            40.79168
          ],
          [
            -73.93565,
            40.7916
          ],
          [
            -73.93576,
            40.79151
          ],
          [
            -73.93586,
            40.79142
          ],
          [
            -73.93595,
            40.79133
          ],
          [
            -73.93603,
            40.79125
          ],
          [
            -73.93611,
            40.79116
          ],
          [
            -73.93619,
            40.79108
          ],
          [
            -73.93626,
            40.79099
          ],
          [
            -73.93633,
            40.7909
          ],
          [
            -73.93673,
            40.79041
          ],
          [
            -73.93719,
            40.78978
          ],
          [
            -73.93727,
            40.78967
          ],
          [
            -73.93733,
            40.78957
          ],
          [
            -73.93738,
            40.78947
          ],
          [
            -73.93743,
            40.78937
          ],
          [
            -73.93748,
            40.78927
          ],
          [
            -73.93811,
            40.78784
          ],
          [
            -73.93817,
            40.78773
          ],
          [
            -73.93822,
            40.78763
          ],
          [
            -73.93828,
            40.78754
          ],
          [
            -73.93834,
            40.78744
          ],
          [
            -73.93841,
            40.78735
          ],
          [
            -73.93848,
            40.78726
          ],
          [
            -73.93856,
            40.78716
          ],
          [
            -73.9389,
            40.78678
          ],
          [
            -73.93957,
            40.786
          ],
          [
            -73.93966,
            40.78591
          ],
          [
            -73.93974,
            40.78582
          ],
          [
            -73.93982,
            40.78574
          ],
          [
            -73.93991,
            40.78565
          ],
          [
            -73.94,
            40.78556
          ],
          [
            -73.94009,
            40.78549
          ],
          [
            -73.94019,
            40.78541
          ],
          [
            -73.9403,
            40.78533
          ],
          [
            -73.94041,
            40.78526
          ],
          [
            -73.94052,
            40.7852
          ],
          [
            -73.94075,
            40.78508
          ],
          [
            -73.94182,
            40.78455
          ],
          [
            -73.94229,
            40.78431
          ],
          [
            -73.94253,
            40.78419
          ],
          [
            -73.94265,
            40.78412
          ],
          [
            -73.94276,
            40.78406
          ],
          [
            -73.94288,
            40.784
          ],
          [
            -73.94298,
            40.78393
          ],
          [
            -73.94309,
            40.78385
          ],
          [
            -73.9432,
            40.78378
          ],
          [
            -73.9433,
            40.7837
          ],
          [
            -73.94339,
            40.78362
          ],
          [
            -73.94348,
            40.78353
          ],
          [
            -73.94357,
            40.78345
          ],
          [
            -73.94364,
            40.78336
          ],
          [
            -73.94372,
            40.78327
          ],
          [
            -73.9438,
            40.78317
          ],
          [
            -73.94386,
            40.78307
          ],
          [
            -73.94393,
            40.78298
          ],
          [
            -73.94398,
            40.78289
          ],
          [
            -73.94403,
            40.78279
          ],
          [
            -73.94408,
            40.78268
          ],
          [
            -73.94413,
            40.78258
          ],
          [
            -73.94416,
            40.78248
          ],
          [
            -73.9442,
            40.78236
          ],
          [
            -73.94422,
            40.78226
          ],
          [
            -73.94425,
            40.78216
          ],
          [
            -73.94426,
            40.78205
          ],
          [
            -73.94427,
            40.78196
          ],
          [
            -73.94428,
            40.78186
          ],
          [
            -73.94428,
            40.78175
          ],
          [
            -73.94428,
            40.78163
          ],
          [
            -73.94427,
            40.78152
          ],
          [
            -73.94425,
            40.78142
          ],
          [
            -73.94423,
            40.78131
          ],
          [
            -73.94403,
            40.78046
          ],
          [
            -73.94396,
            40.78024
          ],
          [
            -73.9439,
            40.78004
          ],
          [
            -73.94382,
            40.77983
          ],
          [
            -73.94373,
            40.77963
          ],
          [
            -73.94354,
            40.77922
          ],
          [
            -73.94316,
            40.77838
          ],
          [
            -73.94307,
            40.77818
          ],
          [
            -73.94299,
            40.77798
          ],
          [
            -73.94292,
            40.77777
          ],
          [
            -73.94269,
            40.77703
          ],
          [
            -73.94266,
            40.77692
          ],
          [
            -73.94262,
            40.77678
          ],
          [
            -73.9426,
            40.77666
          ],
          [
            -73.94258,
            40.77656
          ],
          [
            -73.94256,
            40.77638
          ],
          [
            -73.94255,
            40.77618
          ],
          [
            -73.94254,
            40.77596
          ],
          [
            -73.94256,
            40.77582
          ],
          [
            -73.94258,
            40.77569
          ],
          [
            -73.94262,
            40.77558
          ],
          [
            -73.94266,
            40.77544
          ],
          [
            -73.94272,
            40.77531
          ],
          [
            -73.94277,
            40.7752
          ],
          [
            -73.94285,
            40.77506
          ],
          [
            -73.94292,
            40.77494
          ],
          [
            -73.94301,
            40.77481
          ],
          [
            -73.94313,
            40.77466
          ],
          [
            -73.94333,
            40.77442
          ],
          [
            -73.94425,
            40.77339
          ],
          [
            -73.94439,
            40.77323
          ],
          [
            -73.94453,
            40.77308
          ],
          [
            -73.94465,
            40.77296
          ],
          [
            -73.94477,
            40.77281
          ],
          [
            -73.9449,
            40.77268
          ],
          [
            -73.94512,
            40.77248
          ],
          [
            -73.94542,
            40.77226
          ],
          [
            -73.9457,
            40.77205
          ],
          [
            -73.9459,
            40.77191
          ],
          [
            -73.94608,
            40.77179
          ],
          [
            -73.9463,
            40.77166
          ],
          [
            -73.94649,
            40.77149
          ],
          [
            -73.94659,
            40.77141
          ],
          [
            -73.94669,
            40.77132
          ],
          [
            -73.94677,
            40.77123
          ],
          [
            -73.94736,
            40.7706
          ],
          [
            -73.94752,
            40.77042
          ],
          [
            -73.94769,
            40.77024
          ],
          [
            -73.94787,
            40.77007
          ],
          [
            -73.94805,
            40.76989
          ],
          [
            -73.94839,
            40.76953
          ],
          [
            -73.94856,
            40.76934
          ],
          [
            -73.94872,
            40.76915
          ],
          [
            -73.94889,
            40.76897
          ],
          [
            -73.94913,
            40.7687
          ],
          [
            -73.94928,
            40.76852
          ],
          [
            -73.94958,
            40.76813
          ],
          [
            -73.94972,
            40.76794
          ],
          [
            -73.94988,
            40.76775
          ],
          [
            -73.95015,
            40.76745
          ],
          [
            -73.95017,
            40.76743
          ],
          [
            -73.95027,
            40.76732
          ],
          [
            -73.95044,
            40.76713
          ],
          [
            -73.95052,
            40.76704
          ],
          [
            -73.95059,
            40.76696
          ],
          [
            -73.9507,
            40.7668
          ],
          [
            -73.95076,
            40.76672
          ],
          [
            -73.95085,
            40.76658
          ],
          [
            -73.95097,
            40.76643
          ],
          [
            -73.95148,
            40.76585
          ],
          [
            -73.95173,
            40.76558
          ],
          [
            -73.95201,
            40.76527
          ],
          [
            -73.95211,
            40.76516
          ],
          [
            -73.95318,
            40.76394
          ],
          [
            -73.95364,
            40.76347
          ],
          [
            -73.95375,
            40.76335
          ],
          [
            -73.95424,
            40.7628
          ],
          [
            -73.95442,
            40.76261
          ],
          [
            -73.95458,
            40.76245
          ],
          [
            -73.95479,
            40.76227
          ],
          [
            -73.95569,
            40.76145
          ],
          [
            -73.95595,
            40.76123
          ],
          [
            -73.95611,
            40.7611
          ],
          [
            -73.95644,
            40.76087
          ],
          [
            -73.95684,
            40.7606
          ],
          [
            -73.95713,
            40.76041
          ],
          [
            -73.95729,
            40.7603
          ],
          [
            -73.95748,
            40.76015
          ],
          [
            -73.95766,
            40.76
          ],
          [
            -73.95776,
            40.75991
          ],
          [
            -73.9579,
            40.75974
          ],
          [
            -73.95806,
            40.75954
          ],
          [
            -73.9582,
            40.75934
          ],
          [
            -73.95837,
            40.75913
          ],
          [
            -73.95847,
            40.75899
          ],
          [
            -73.95914,
            40.75804
          ],
          [
            -73.95982,
            40.75721
          ],
          [
            -73.95995,
            40.75706
          ],
          [
            -73.96006,
            40.75694
          ],
          [
            -73.96027,
            40.75672
          ],
          [
            -73.96047,
            40.7565
          ],
          [
            -73.96072,
            40.75623
          ],
          [
            -73.96093,
            40.75602
          ],
          [
            -73.96124,
            40.75572
          ],
          [
            -73.96144,
            40.75555
          ],
          [
            -73.96167,
            40.75536
          ],
          [
            -73.96176,
            40.7553
          ],
          [
            -73.96184,
            40.75523
          ],
          [
            -73.96194,
            40.75516
          ],
          [
            -73.962,
            40.7551
          ],
          [
            -73.962,
            40.7551
          ],
          [
            -73.9621,
            40.75505
          ],
          [
            -73.96219,
            40.75499
          ],
          [
            -73.96229,
            40.75493
          ],
          [
            -73.96233,
            40.7549
          ],
          [
            -73.96237,
            40.75487
          ],
          [
            -73.96242,
            40.75485
          ],
          [
            -73.96246,
            40.75483
          ],
          [
            -73.9625,
            40.75482
          ],
          [
            -73.96254,
            40.75482
          ],
          [
            -73.96258,
            40.75483
          ],
          [
            -73.96263,
            40.75484
          ],
          [
            -73.96266,
            40.75485
          ],
          [
            -73.96273,
            40.75488
          ],
          [
            -73.9629,
            40.75498
          ],
          [
            -73.9629,
            40.75498
          ],
          [
            -73.96465,
            40.75571
          ],
          [
            -73.96477,
            40.75576
          ],
          [
            -73.96492,
            40.75582
          ],
          [
            -73.96641,
            40.75645
          ],
          [
            -73.96703,
            40.75671
          ],
          [
            -73.96717,
            40.75676
          ],
          [
            -73.96729,
            40.75682
          ],
          [
            -73.96843,
            40.7573
          ],
          [
            -73.96903,
            40.75755
          ],
          [
            -73.96927,
            40.75765
          ],
          [
            -73.96941,
            40.75771
          ],
          [
            -73.96941,
            40.75771
          ],
          [
            -73.96936,
            40.75777
          ],
          [
            -73.969,
            40.75827
          ],
          [
            -73.96895,
            40.75834
          ],
          [
            -73.96891,
            40.7584
          ],
          [
            -73.96854,
            40.75889
          ],
          [
            -73.96849,
            40.75896
          ],
          [
            -73.96849,
            40.75896
          ],
          [
            -73.96843,
            40.75901
          ],
          [
            -73.96824,
            40.7592
          ],
          [
            -73.96823,
            40.75921
          ],
          [
            -73.968,
            40.75949
          ],
          [
            -73.96795,
            40.75955
          ],
          [
            -73.96791,
            40.75961
          ],
          [
            -73.96753,
            40.76013
          ],
          [
            -73.96752,
            40.76014
          ],
          [
            -73.96752,
            40.76014
          ],
          [
            -73.96752,
            40.76014
          ],
          [
            -73.96745,
            40.76022
          ],
          [
            -73.96739,
            40.76032
          ],
          [
            -73.96722,
            40.76055
          ],
          [
            -73.9671,
            40.76071
          ],
          [
            -73.96706,
            40.76086
          ],
          [
            -73.96704,
            40.76094
          ],
          [
            -73.96704,
            40.76094
          ],
          [
            -73.9669,
            40.76088
          ],
          [
            -73.96494,
            40.76005
          ],
          [
            -73.9648,
            40.75999
          ],
          [
            -73.9648,
            40.75999
          ],
          [
            -73.96485,
            40.75994
          ],
          [
            -73.96495,
            40.7598
          ],
          [
            -73.96524,
            40.75941
          ],
          [
            -73.96531,
            40.75932
          ],
          [
            -73.96531,
            40.75932
          ],
          [
            -73.96543,
            40.75937
          ],
          [
            -73.96587,
            40.75956
          ],
          [
            -73.96638,
            40.75977
          ],
          [
            -73.96707,
            40.76006
          ],
          [
            -73.9674,
            40.7602
          ],
          [
            -73.96745,
            40.76022
          ],
          [
            -73.96758,
            40.76028
          ],
          [
            -73.96767,
            40.76032
          ],
          [
            -73.96798,
            40.76044
          ],
          [
            -73.96833,
            40.76059
          ],
          [
            -73.96869,
            40.76075
          ],
          [
            -73.96903,
            40.76089
          ],
          [
            -73.96913,
            40.76093
          ],
          [
            -73.96924,
            40.76098
          ],
          [
            -73.96951,
            40.76109
          ],
          [
            -73.96989,
            40.76125
          ],
          [
            -73.9705,
            40.7615
          ],
          [
            -73.97055,
            40.76153
          ],
          [
            -73.97067,
            40.76158
          ],
          [
            -73.97085,
            40.76165
          ],
          [
            -73.97096,
            40.7617
          ],
          [
            -73.97102,
            40.76172
          ],
          [
            -73.97106,
            40.76174
          ],
          [
            -73.97225,
            40.76225
          ],
          [
            -73.97237,
            40.7623
          ],
          [
            -73.97247,
            40.76234
          ],
          [
            -73.97314,
            40.76262
          ],
          [
            -73.97385,
            40.76292
          ],
          [
            -73.97397,
            40.76297
          ],
          [
            -73.9741,
            40.76303
          ],
          [
            -73.97565,
            40.76367
          ],
          [
            -73.97613,
            40.76388
          ],
          [
            -73.97615,
            40.76388
          ],
          [
            -73.97706,
            40.76427
          ],
          [
            -73.9772,
            40.76432
          ],
          [
            -73.97734,
            40.76438
          ],
          [
            -73.97763,
            40.76451
          ],
          [
            -73.97891,
            40.76505
          ],
          [
            -73.9799,
            40.76546
          ],
          [
            -73.98004,
            40.76552
          ],
          [
            -73.98015,
            40.76557
          ],
          [
            -73.98032,
            40.76564
          ],
          [
            -73.98048,
            40.76571
          ],
          [
            -73.98088,
            40.76588
          ],
          [
            -73.98173,
            40.76624
          ],
          [
            -73.98189,
            40.7663
          ],
          [
            -73.98199,
            40.76634
          ],
          [
            -73.98274,
            40.76666
          ],
          [
            -73.98287,
            40.76672
          ],
          [
            -73.98302,
            40.76678
          ],
          [
            -73.98372,
            40.76707
          ],
          [
            -73.98378,
            40.7671
          ],
          [
            -73.98416,
            40.76726
          ],
          [
            -73.98422,
            40.76728
          ],
          [
            -73.98441,
            40.76736
          ],
          [
            -73.98559,
            40.76786
          ],
          [
            -73.98564,
            40.76788
          ],
          [
            -73.98572,
            40.76792
          ],
          [
            -73.98586,
            40.76797
          ],
          [
            -73.98803,
            40.76889
          ],
          [
            -73.98844,
            40.76907
          ],
          [
            -73.98856,
            40.76912
          ],
          [
            -73.98869,
            40.76917
          ],
          [
            -73.98897,
            40.76929
          ],
          [
            -73.9891,
            40.76935
          ],
          [
            -73.99034,
            40.76987
          ],
          [
            -73.99078,
            40.77006
          ],
          [
            -73.99126,
            40.77026
          ],
          [
            -73.99139,
            40.77032
          ],
          [
            -73.99154,
            40.77038
          ],
          [
            -73.99208,
            40.7706
          ],
          [
            -73.99243,
            40.77075
          ],
          [
            -73.99325,
            40.77109
          ],
          [
            -73.99357,
            40.77123
          ],
          [
            -73.9938,
            40.77138
          ],
          [
            -73.994,
            40.77146
          ],
          [
            -73.99405,
            40.77148
          ],
          [
            -73.99421,
            40.77153
          ],
          [
            -73.99421,
            40.77153
          ],
          [
            -73.99418,
            40.7716
          ],
          [
            -73.99417,
            40.77162
          ],
          [
            -73.99414,
            40.77167
          ],
          [
            -73.99412,
            40.77171
          ],
          [
            -73.9941,
            40.77175
          ],
          [
            -73.99408,
            40.77179
          ],
          [
            -73.99406,
            40.77182
          ],
          [
            -73.99405,
            40.77183
          ],
          [
            -73.99403,
            40.77186
          ],
          [
            -73.99402,
            40.77189
          ],
          [
            -73.994,
            40.77192
          ],
          [
            -73.99385,
            40.77212
          ],
          [
            -73.99334,
            40.77281
          ],
          [
            -73.9932,
            40.773
          ],
          [
            -73.99216,
            40.77456
          ],
          [
            -73.99198,
            40.77483
          ],
          [
            -73.99181,
            40.77507
          ],
          [
            -73.98837,
            40.77979
          ],
          [
            -73.98822,
            40.77999
          ],
          [
            -73.98808,
            40.78017
          ],
          [
            -73.98793,
            40.78036
          ],
          [
            -73.98777,
            40.78055
          ],
          [
            -73.9876,
            40.78073
          ],
          [
            -73.98743,
            40.78092
          ],
          [
            -73.9872,
            40.78116
          ],
          [
            -73.98708,
            40.78128
          ],
          [
            -73.98699,
            40.78136
          ],
          [
            -73.98691,
            40.78144
          ],
          [
            -73.98685,
            40.78151
          ],
          [
            -73.98673,
            40.78163
          ],
          [
            -73.98673,
            40.78163
          ],
          [
            -73.98665,
            40.78172
          ],
          [
            -73.98658,
            40.78182
          ],
          [
            -73.98533,
            40.78353
          ],
          [
            -73.9842,
            40.78512
          ],
          [
            -73.984,
            40.78544
          ],
          [
            -73.98388,
            40.7856
          ],
          [
            -73.98369,
            40.78588
          ],
          [
            -73.9836,
            40.78603
          ],
          [
            -73.98352,
            40.78619
          ],
          [
            -73.98343,
            40.78635
          ],
          [
            -73.98335,
            40.7865
          ],
          [
            -73.98327,
            40.78668
          ],
          [
            -73.98319,
            40.78686
          ],
          [
            -73.98311,
            40.78705
          ],
          [
            -73.98302,
            40.78729
          ],
          [
            -73.98295,
            40.78749
          ],
          [
            -73.98276,
            40.788
          ],
          [
            -73.98266,
            40.78826
          ],
          [
            -73.98259,
            40.78841
          ],
          [
            -73.98251,
            40.7886
          ],
          [
            -73.98243,
            40.78879
          ],
          [
            -73.98237,
            40.78893
          ],
          [
            -73.98228,
            40.78912
          ],
          [
            -73.98219,
            40.7893
          ],
          [
            -73.98211,
            40.78946
          ],
          [
            -73.98202,
            40.78963
          ],
          [
            -73.98193,
            40.78981
          ],
          [
            -73.98183,
            40.78998
          ],
          [
            -73.98174,
            40.79015
          ],
          [
            -73.98164,
            40.79032
          ],
          [
            -73.98155,
            40.79047
          ],
          [
            -73.98145,
            40.79065
          ],
          [
            -73.98129,
            40.7909
          ],
          [
            -73.98112,
            40.79115
          ],
          [
            -73.98096,
            40.79139
          ],
          [
            -73.98078,
            40.79164
          ],
          [
            -73.98061,
            40.79187
          ],
          [
            -73.98044,
            40.7921
          ],
          [
            -73.98031,
            40.79228
          ],
          [
            -73.98019,
            40.79244
          ],
          [
            -73.98008,
            40.79258
          ],
          [
            -73.97995,
            40.79274
          ],
          [
            -73.97981,
            40.7929
          ],
          [
            -73.97969,
            40.79304
          ],
          [
            -73.97956,
            40.79319
          ],
          [
            -73.97943,
            40.79333
          ],
          [
            -73.97926,
            40.79351
          ],
          [
            -73.97912,
            40.79366
          ],
          [
            -73.97897,
            40.79381
          ],
          [
            -73.97882,
            40.79395
          ],
          [
            -73.97867,
            40.79409
          ],
          [
            -73.97847,
            40.79427
          ],
          [
            -73.97836,
            40.79436
          ],
          [
            -73.97818,
            40.79451
          ],
          [
            -73.97802,
            40.79465
          ],
          [
            -73.97784,
            40.79479
          ],
          [
            -73.97737,
            40.79517
          ],
          [
            -73.9772,
            40.79531
          ],
          [
            -73.977,
            40.79545
          ],
          [
            -73.97673,
            40.79569
          ],
          [
            -73.97655,
            40.79585
          ],
          [
            -73.9764,
            40.796
          ],
          [
            -73.97622,
            40.79619
          ],
          [
            -73.97608,
            40.79636
          ],
          [
            -73.97601,
            40.79646
          ],
          [
            -73.97595,
            40.79656
          ],
          [
            -73.97589,
            40.79665
          ],
          [
            -73.97583,
            40.79677
          ],
          [
            -73.97578,
            40.79686
          ],
          [
            -73.97573,
            40.79697
          ],
          [
            -73.97561,
            40.79722
          ],
          [
            -73.97553,
            40.79739
          ],
          [
            -73.97504,
            40.79886
          ],
          [
            -73.97489,
            40.79929
          ],
          [
            -73.97483,
            40.79946
          ],
          [
            -73.97475,
            40.79966
          ],
          [
            -73.97466,
            40.79986
          ],
          [
            -73.97456,
            40.80006
          ],
          [
            -73.97447,
            40.80025
          ],
          [
            -73.97436,
            40.80045
          ],
          [
            -73.97425,
            40.80064
          ],
          [
            -73.97414,
            40.80083
          ],
          [
            -73.97402,
            40.80102
          ],
          [
            -73.97364,
            40.80161
          ],
          [
            -73.97358,
            40.8017
          ],
          [
            -73.97347,
            40.80186
          ],
          [
            -73.97337,
            40.80201
          ],
          [
            -73.97325,
            40.80218
          ],
          [
            -73.97313,
            40.80234
          ],
          [
            -73.97303,
            40.8025
          ],
          [
            -73.97292,
            40.80265
          ],
          [
            -73.97281,
            40.80281
          ],
          [
            -73.97269,
            40.80297
          ],
          [
            -73.97258,
            40.80313
          ],
          [
            -73.97245,
            40.8033
          ],
          [
            -73.97234,
            40.80347
          ],
          [
            -73.97222,
            40.80362
          ],
          [
            -73.97212,
            40.80377
          ],
          [
            -73.97199,
            40.80394
          ],
          [
            -73.97187,
            40.80411
          ],
          [
            -73.97174,
            40.80427
          ],
          [
            -73.97161,
            40.80444
          ],
          [
            -73.97149,
            40.8046
          ],
          [
            -73.97138,
            40.80475
          ],
          [
            -73.97126,
            40.80491
          ],
          [
            -73.97113,
            40.80507
          ],
          [
            -73.97102,
            40.80521
          ],
          [
            -73.97089,
            40.80538
          ],
          [
            -73.97077,
            40.80553
          ],
          [
            -73.97063,
            40.8057
          ],
          [
            -73.97052,
            40.80585
          ],
          [
            -73.9704,
            40.806
          ],
          [
            -73.97027,
            40.80616
          ],
          [
            -73.97013,
            40.80635
          ],
          [
            -73.97002,
            40.80649
          ],
          [
            -73.9699,
            40.80665
          ],
          [
            -73.96977,
            40.8068
          ],
          [
            -73.96965,
            40.80696
          ],
          [
            -73.96953,
            40.80712
          ],
          [
            -73.96941,
            40.80728
          ],
          [
            -73.96929,
            40.80745
          ],
          [
            -73.96917,
            40.8076
          ],
          [
            -73.96906,
            40.80776
          ],
          [
            -73.96888,
            40.80801
          ],
          [
            -73.96877,
            40.80817
          ],
          [
            -73.96866,
            40.80833
          ],
          [
            -73.96855,
            40.8085
          ],
          [
            -73.96843,
            40.80866
          ],
          [
            -73.96833,
            40.80883
          ],
          [
            -73.96822,
            40.80899
          ],
          [
            -73.96811,
            40.80916
          ],
          [
            -73.96744,
            40.81022
          ],
          [
            -73.96733,
            40.8104
          ],
          [
            -73.96722,
            40.81056
          ],
          [
            -73.96722,
            40.81056
          ],
          [
            -73.96686,
            40.811
          ],
          [
            -73.96648,
            40.81143
          ],
          [
            -73.96548,
            40.81261
          ],
          [
            -73.96486,
            40.81332
          ],
          [
            -73.96439,
            40.8139
          ],
          [
            -73.96389,
            40.81459
          ],
          [
            -73.96333,
            40.81543
          ],
          [
            -73.96319,
            40.81564
          ],
          [
            -73.96304,
            40.81583
          ],
          [
            -73.96292,
            40.816
          ],
          [
            -73.9628,
            40.81615
          ],
          [
            -73.96267,
            40.8163
          ],
          [
            -73.96254,
            40.81644
          ],
          [
            -73.96203,
            40.81693
          ],
          [
            -73.96171,
            40.81722
          ],
          [
            -73.96163,
            40.81728
          ],
          [
            -73.96155,
            40.81735
          ],
          [
            -73.96146,
            40.81742
          ],
          [
            -73.9614,
            40.81746
          ],
          [
            -73.96132,
            40.81751
          ],
          [
            -73.96123,
            40.81756
          ],
          [
            -73.9611,
            40.81762
          ],
          [
            -73.96102,
            40.81766
          ],
          [
            -73.96102,
            40.81766
          ],
          [
            -73.96072,
            40.81754
          ],
          [
            -73.96056,
            40.81747
          ],
          [
            -73.95976,
            40.81714
          ],
          [
            -73.95953,
            40.81705
          ],
          [
            -73.95953,
            40.81705
          ],
          [
            -73.95952,
            40.81703
          ],
          [
            -73.95949,
            40.81701
          ],
          [
            -73.95868,
            40.81613
          ],
          [
            -73.95855,
            40.81598
          ],
          [
            -73.95844,
            40.81587
          ],
          [
            -73.95839,
            40.81581
          ],
          [
            -73.95828,
            40.81569
          ],
          [
            -73.95827,
            40.81568
          ],
          [
            -73.95821,
            40.81561
          ],
          [
            -73.95815,
            40.81554
          ],
          [
            -73.95788,
            40.81522
          ],
          [
            -73.95783,
            40.81516
          ],
          [
            -73.95778,
            40.8151
          ],
          [
            -73.95682,
            40.81402
          ],
          [
            -73.95636,
            40.81349
          ],
          [
            -73.95627,
            40.81338
          ],
          [
            -73.95627,
            40.81338
          ],
          [
            -73.95618,
            40.8135
          ],
          [
            -73.9561,
            40.81362
          ],
          [
            -73.95579,
            40.81402
          ],
          [
            -73.95576,
            40.81406
          ],
          [
            -73.9557,
            40.81414
          ],
          [
            -73.95565,
            40.81421
          ],
          [
            -73.95549,
            40.81442
          ],
          [
            -73.95544,
            40.81448
          ],
          [
            -73.9554,
            40.81454
          ],
          [
            -73.95524,
            40.81477
          ],
          [
            -73.95504,
            40.81506
          ],
          [
            -73.955,
            40.81511
          ],
          [
            -73.95496,
            40.81516
          ],
          [
            -73.95496,
            40.81516
          ],
          [
            -73.95496,
            40.81516
          ],
          [
            -73.95495,
            40.81517
          ],
          [
            -73.95466,
            40.81558
          ],
          [
            -73.95458,
            40.81569
          ],
          [
            -73.95454,
            40.81574
          ],
          [
            -73.9545,
            40.81579
          ],
          [
            -73.95411,
            40.81631
          ],
          [
            -73.95408,
            40.81636
          ],
          [
            -73.95402,
            40.81643
          ],
          [
            -73.95379,
            40.81676
          ],
          [
            -73.95322,
            40.81753
          ],
          [
            -73.95318,
            40.81759
          ],
          [
            -73.95312,
            40.81767
          ],
          [
            -73.95295,
            40.81792
          ],
          [
            -73.95277,
            40.81817
          ],
          [
            -73.95272,
            40.81823
          ],
          [
            -73.95269,
            40.81827
          ],
          [
            -73.95244,
            40.81861
          ],
          [
            -73.95227,
            40.81886
          ],
          [
            -73.95226,
            40.81887
          ],
          [
            -73.95221,
            40.81893
          ],
          [
            -73.95217,
            40.81899
          ],
          [
            -73.95216,
            40.81901
          ],
          [
            -73.9519,
            40.81934
          ],
          [
            -73.9519,
            40.81934
          ],
          [
            -73.9519,
            40.81934
          ],
          [
            -73.95178,
            40.81951
          ],
          [
            -73.95173,
            40.81957
          ],
          [
            -73.95168,
            40.81964
          ],
          [
            -73.9513,
            40.82016
          ],
          [
            -73.95087,
            40.82075
          ],
          [
            -73.95081,
            40.82082
          ],
          [
            -73.95078,
            40.82087
          ],
          [
            -73.9504,
            40.82139
          ],
          [
            -73.95036,
            40.82144
          ],
          [
            -73.95032,
            40.82151
          ],
          [
            -73.94995,
            40.82201
          ],
          [
            -73.94991,
            40.82206
          ],
          [
            -73.94986,
            40.82213
          ],
          [
            -73.9495,
            40.82263
          ],
          [
            -73.94946,
            40.82268
          ],
          [
            -73.94941,
            40.82275
          ],
          [
            -73.94904,
            40.82326
          ],
          [
            -73.94899,
            40.82332
          ],
          [
            -73.94895,
            40.82337
          ],
          [
            -73.94858,
            40.82389
          ],
          [
            -73.94854,
            40.82394
          ],
          [
            -73.9485,
            40.82399
          ],
          [
            -73.94812,
            40.82451
          ],
          [
            -73.94809,
            40.82455
          ],
          [
            -73.94804,
            40.82462
          ],
          [
            -73.94767,
            40.82514
          ],
          [
            -73.9476,
            40.82524
          ],
          [
            -73.94752,
            40.82534
          ],
          [
            -73.9473,
            40.82564
          ],
          [
            -73.9473,
            40.82564
          ],
          [
            -73.9473,
            40.82564
          ],
          [
            -73.94752,
            40.82534
          ],
          [
            -73.9476,
            40.82524
          ],
          [
            -73.9476,
            40.82524
          ],
          [
            -73.94748,
            40.82519
          ],
          [
            -73.94631,
            40.8247
          ],
          [
            -73.94622,
            40.82466
          ],
          [
            -73.94613,
            40.82462
          ],
          [
            -73.94489,
            40.8241
          ],
          [
            -73.94476,
            40.82404
          ],
          [
            -73.94463,
            40.82399
          ],
          [
            -73.94455,
            40.82395
          ],
          [
            -73.94431,
            40.82385
          ],
          [
            -73.94393,
            40.82369
          ],
          [
            -73.94389,
            40.82367
          ],
          [
            -73.94385,
            40.82366
          ],
          [
            -73.94377,
            40.82362
          ],
          [
            -73.94302,
            40.82331
          ],
          [
            -73.94292,
            40.82326
          ],
          [
            -73.94284,
            40.82323
          ],
          [
            -73.94205,
            40.8229
          ],
          [
            -73.94192,
            40.82284
          ],
          [
            -73.94179,
            40.82279
          ],
          [
            -73.94052,
            40.82225
          ],
          [
            -73.94044,
            40.82222
          ],
          [
            -73.94035,
            40.82218
          ],
          [
            -73.94026,
            40.82214
          ],
          [
            -73.93927,
            40.82172
          ],
          [
            -73.93915,
            40.82168
          ],
          [
            -73.93899,
            40.82161
          ],
          [
            -73.93888,
            40.82156
          ],
          [
            -73.93819,
            40.82127
          ],
          [
            -73.93802,
            40.8212
          ],
          [
            -73.93785,
            40.82113
          ],
          [
            -73.93774,
            40.82108
          ],
          [
            -73.93736,
            40.82092
          ],
          [
            -73.93641,
            40.82052
          ],
          [
            -73.93625,
            40.82045
          ],
          [
            -73.93625,
            40.82045
          ],
          [
            -73.93637,
            40.82037
          ],
          [
            -73.93639,
            40.82035
          ],
          [
            -73.93643,
            40.8203
          ],
          [
            -73.93676,
            40.81986
          ],
          [
            -73.9368,
            40.81981
          ],
          [
            -73.93684,
            40.81975
          ],
          [
            -73.93706,
            40.81946
          ],
          [
            -73.93721,
            40.81925
          ],
          [
            -73.93726,
            40.81918
          ],
          [
            -73.93726,
            40.81918
          ],
          [
            -73.93711,
            40.81911
          ],
          [
            -73.93703,
            40.81908
          ],
          [
            -73.93589,
            40.8186
          ],
          [
            -73.93443,
            40.81798
          ],
          [
            -73.93435,
            40.81795
          ],
          [
            -73.93425,
            40.81791
          ],
          [
            -73.93424,
            40.81783
          ],
          [
            -73.93423,
            40.81769
          ],
          [
            -73.93423,
            40.81765
          ],
          [
            -73.93424,
            40.8176
          ],
          [
            -73.93425,
            40.81755
          ],
          [
            -73.93426,
            40.81751
          ],
          [
            -73.93428,
            40.81746
          ],
          [
            -73.9343,
            40.81742
          ],
          [
            -73.93433,
            40.81738
          ],
          [
            -73.93442,
            40.81724
          ],
          [
            -73.93447,
            40.81718
          ],
          [
            -73.93447,
            40.81718
          ],
          [
            -73.93444,
            40.81716
          ],
          [
            -73.93442,
            40.81713
          ],
          [
            -73.93439,
            40.81709
          ],
          [
            -73.93437,
            40.81705
          ],
          [
            -73.93436,
            40.817
          ],
          [
            -73.93435,
            40.81696
          ],
          [
            -73.93435,
            40.81693
          ],
          [
            -73.93435,
            40.81687
          ],
          [
            -73.93444,
            40.81583
          ],
          [
            -73.93444,
            40.81583
          ],
          [
            -73.93443,
            40.81548
          ],
          [
            -73.93443,
            40.81536
          ],
          [
            -73.93443,
            40.81525
          ],
          [
            -73.93443,
            40.81514
          ],
          [
            -73.93439,
            40.81476
          ],
          [
            -73.93439,
            40.81476
          ],
          [
            -73.93443,
            40.81434
          ],
          [
            -73.93449,
            40.81382
          ],
          [
            -73.93451,
            40.81359
          ],
          [
            -73.93453,
            40.81322
          ],
          [
            -73.93461,
            40.81241
          ],
          [
            -73.93463,
            40.81226
          ],
          [
            -73.93465,
            40.81213
          ],
          [
            -73.93467,
            40.81199
          ],
          [
            -73.93471,
            40.81183
          ],
          [
            -73.93474,
            40.81167
          ],
          [
            -73.93499,
            40.81067
          ],
          [
            -73.93502,
            40.81054
          ],
          [
            -73.93504,
            40.81043
          ],
          [
            -73.93506,
            40.81033
          ],
          [
            -73.93507,
            40.81018
          ],
          [
            -73.93508,
            40.81003
          ],
          [
            -73.93507,
            40.80991
          ],
          [
            -73.93506,
            40.80978
          ],
          [
            -73.93504,
            40.80961
          ],
          [
            -73.93501,
            40.80947
          ],
          [
            -73.935,
            40.80941
          ],
          [
            -73.93499,
            40.80935
          ],
          [
            -73.93493,
            40.80913
          ],
          [
            -73.93486,
            40.80892
          ],
          [
            -73.93478,
            40.80872
          ],
          [
            -73.9347,
            40.80851
          ],
          [
            -73.93459,
            40.80829
          ],
          [
            -73.93449,
            40.8081
          ],
          [
            -73.93437,
            40.8079
          ],
          [
            -73.93431,
            40.80779
          ],
          [
            -73.93419,
            40.8076
          ],
          [
            -73.93405,
            40.8074
          ],
          [
            -73.93385,
            40.80713
          ],
          [
            -73.93366,
            40.80691
          ],
          [
            -73.93338,
            40.80657
          ],
          [
            -73.93269,
            40.80586
          ],
          [
            -73.93215,
            40.80531
          ],
          [
            -73.93202,
            40.80518
          ],
          [
            -73.93193,
            40.80508
          ],
          [
            -73.93181,
            40.80496
          ],
          [
            -73.9317,
            40.80485
          ],
          [
            -73.9316,
            40.80473
          ],
          [
            -73.9315,
            40.80461
          ],
          [
            -73.93139,
            40.80448
          ],
          [
            -73.93128,
            40.80434
          ],
          [
            -73.93118,
            40.8042
          ],
          [
            -73.93109,
            40.80408
          ],
          [
            -73.93101,
            40.80395
          ],
          [
            -73.93092,
            40.80382
          ],
          [
            -73.93086,
            40.8037
          ],
          [
            -73.93079,
            40.80359
          ],
          [
            -73.93071,
            40.80343
          ],
          [
            -73.93066,
            40.80333
          ],
          [
            -73.93056,
            40.80311
          ],
          [
            -73.9305,
            40.80297
          ],
          [
            -73.93044,
            40.80282
          ],
          [
            -73.93037,
            40.80256
          ],
          [
            -73.93031,
            40.80237
          ],
          [
            -73.93021,
            40.80187
          ],
          [
            -73.93018,
            40.80168
          ],
          [
            -73.93008,
            40.80138
          ],
          [
            -73.92996,
            40.80097
          ],
          [
            -73.92993,
            40.8008
          ],
          [
            -73.9299,
            40.80065
          ],
          [
            -73.92989,
            40.80049
          ],
          [
            -73.92989,
            40.80031
          ],
          [
            -73.92989,
            40.80016
          ],
          [
            -73.92989,
            40.79961
          ],
          [
            -73.92988,
            40.7995
          ],
          [
            -73.92988,
            40.7994
          ],
          [
            -73.92986,
            40.79929
          ],
          [
            -73.92983,
            40.79919
          ],
          [
            -73.92979,
            40.79907
          ],
          [
            -73.92975,
            40.79896
          ],
          [
            -73.92969,
            40.79879
          ],
          [
            -73.92965,
            40.79867
          ],
          [
            -73.92961,
            40.79854
          ],
          [
            -73.92956,
            40.79837
          ],
          [
            -73.92946,
            40.79795
          ],
          [
            -73.92942,
            40.7978
          ],
          [
            -73.92939,
            40.79766
          ],
          [
            -73.92937,
            40.7975
          ],
          [
            -73.92933,
            40.79717
          ],
          [
            -73.92933,
            40.79717
          ],
          [
            -73.92933,
            40.79709
          ],
          [
            -73.92935,
            40.79693
          ],
          [
            -73.92938,
            40.79672
          ],
          [
            -73.92943,
            40.79651
          ],
          [
            -73.92948,
            40.79629
          ],
          [
            -73.92955,
            40.79609
          ],
          [
            -73.92963,
            40.79589
          ],
          [
            -73.92968,
            40.79578
          ],
          [
            -73.92979,
            40.79559
          ],
          [
            -73.92991,
            40.79541
          ],
          [
            -73.93006,
            40.79521
          ],
          [
            -73.93013,
            40.79511
          ],
          [
            -73.9302,
            40.79503
          ],
          [
            -73.93028,
            40.79494
          ],
          [
            -73.93037,
            40.79486
          ],
          [
            -73.93046,
            40.79478
          ],
          [
            -73.93056,
            40.79471
          ],
          [
            -73.93067,
            40.79463
          ],
          [
            -73.93078,
            40.79457
          ],
          [
            -73.93228,
            40.79376
          ],
          [
            -73.93287,
            40.79344
          ],
          [
            -73.93309,
            40.79331
          ],
          [
            -73.93332,
            40.79318
          ],
          [
            -73.93355,
            40.79305
          ],
          [
            -73.93377,
            40.79291
          ],
          [
            -73.93399,
            40.79277
          ],
          [
            -73.93421,
            40.79263
          ],
          [
            -73.93442,
            40.79248
          ],
          [
            -73.93526,
            40.7919
          ],
          [
            -73.93546,
            40.79175
          ],
          [
            -73.93555,
            40.79168
          ],
          [
            -73.93565,
            40.7916
          ],
          [
            -73.93576,
            40.79151
          ],
          [
            -73.93586,
            40.79142
          ],
          [
            -73.93595,
            40.79133
          ],
          [
            -73.93603,
            40.79125
          ],
          [
            -73.93611,
            40.79116
          ],
          [
            -73.93619,
            40.79108
          ],
          [
            -73.93626,
            40.79099
          ],
          [
            -73.93633,
            40.7909
          ],
          [
            -73.93673,
            40.79041
          ],
          [
            -73.93719,
            40.78978
          ],
          [
            -73.93727,
            40.78967
          ],
          [
            -73.93733,
            40.78957
          ],
          [
            -73.93738,
            40.78947
          ],
          [
            -73.93743,
            40.78937
          ],
          [
            -73.93748,
            40.78927
          ],
          [
            -73.93811,
            40.78784
          ],
          [
            -73.93817,
            40.78773
          ],
          [
            -73.93822,
            40.78763
          ],
          [
            -73.93828,
            40.78754
          ],
          [
            -73.93834,
            40.78744
          ],
          [
            -73.93841,
            40.78735
          ],
          [
            -73.93848,
            40.78726
          ],
          [
            -73.93856,
            40.78716
          ],
          [
            -73.9389,
            40.78678
          ],
          [
            -73.93957,
            40.786
          ],
          [
            -73.93966,
            40.78591
          ],
          [
            -73.93974,
            40.78582
          ],
          [
            -73.93982,
            40.78574
          ],
          [
            -73.93991,
            40.78565
          ],
          [
            -73.94,
            40.78556
          ],
          [
            -73.94009,
            40.78549
          ],
          [
            -73.94019,
            40.78541
          ],
          [
            -73.9403,
            40.78533
          ],
          [
            -73.94041,
            40.78526
          ],
          [
            -73.94052,
            40.7852
          ],
          [
            -73.94075,
            40.78508
          ],
          [
            -73.94182,
            40.78455
          ],
          [
            -73.94182,
            40.78455
          ],
          [
            -73.94229,
            40.7844
          ],
          [
            -73.94243,
            40.78433
          ],
          [
            -73.94257,
            40.78426
          ],
          [
            -73.94272,
            40.78419
          ],
          [
            -73.94294,
            40.78409
          ],
          [
            -73.94294,
            40.78409
          ],
          [
            -73.94317,
            40.78393
          ],
          [
            -73.94327,
            40.78385
          ],
          [
            -73.94337,
            40.78378
          ],
          [
            -73.94346,
            40.7837
          ],
          [
            -73.94353,
            40.78364
          ],
          [
            -73.94361,
            40.78355
          ],
          [
            -73.9437,
            40.78345
          ],
          [
            -73.94378,
            40.78337
          ],
          [
            -73.94398,
            40.78311
          ],
          [
            -73.94404,
            40.78304
          ],
          [
            -73.94404,
            40.78304
          ],
          [
            -73.94411,
            40.78307
          ],
          [
            -73.94455,
            40.78325
          ],
          [
            -73.94472,
            40.78325
          ],
          [
            -73.94486,
            40.78331
          ],
          [
            -73.945,
            40.78337
          ],
          [
            -73.94517,
            40.78344
          ],
          [
            -73.94559,
            40.78362
          ],
          [
            -73.94591,
            40.78375
          ],
          [
            -73.94697,
            40.7842
          ],
          [
            -73.94709,
            40.78425
          ],
          [
            -73.94709,
            40.78425
          ],
          [
            -73.94716,
            40.78416
          ],
          [
            -73.94739,
            40.78385
          ],
          [
            -73.94745,
            40.78376
          ],
          [
            -73.94754,
            40.78363
          ],
          [
            -73.94759,
            40.78357
          ],
          [
            -73.94762,
            40.78352
          ],
          [
            -73.94779,
            40.78329
          ],
          [
            -73.94783,
            40.78324
          ],
          [
            -73.948,
            40.783
          ],
          [
            -73.94804,
            40.78294
          ],
          [
            -73.94808,
            40.7829
          ],
          [
            -73.94828,
            40.78261
          ],
          [
            -73.94846,
            40.78238
          ],
          [
            -73.94851,
            40.78231
          ],
          [
            -73.94854,
            40.78226
          ],
          [
            -73.94884,
            40.78185
          ],
          [
            -73.94892,
            40.78175
          ],
          [
            -73.94896,
            40.78169
          ],
          [
            -73.94901,
            40.78163
          ],
          [
            -73.94913,
            40.78146
          ],
          [
            -73.94937,
            40.78112
          ],
          [
            -73.94941,
            40.78107
          ],
          [
            -73.94946,
            40.78101
          ],
          [
            -73.94975,
            40.78061
          ],
          [
            -73.94983,
            40.7805
          ],
          [
            -73.94988,
            40.78044
          ],
          [
            -73.94992,
            40.78039
          ],
          [
            -73.95029,
            40.77988
          ],
          [
            -73.95034,
            40.77981
          ],
          [
            -73.95034,
            40.77981
          ],
          [
            -73.95046,
            40.77986
          ],
          [
            -73.95244,
            40.7807
          ],
          [
            -73.95257,
            40.78075
          ],
          [
            -73.95257,
            40.78075
          ],
          [
            -73.95253,
            40.78081
          ],
          [
            -73.95215,
            40.78133
          ],
          [
            -73.95212,
            40.78138
          ],
          [
            -73.95207,
            40.78144
          ],
          [
            -73.95169,
            40.78196
          ],
          [
            -73.95165,
            40.78201
          ],
          [
            -73.95161,
            40.78207
          ],
          [
            -73.95157,
            40.78213
          ],
          [
            -73.95157,
            40.78213
          ],
          [
            -73.95157,
            40.78213
          ],
          [
            -73.95145,
            40.78229
          ],
          [
            -73.95123,
            40.78258
          ],
          [
            -73.9512,
            40.78263
          ],
          [
            -73.95115,
            40.78269
          ],
          [
            -73.95079,
            40.78321
          ],
          [
            -73.95075,
            40.78327
          ],
          [
            -73.95071,
            40.78333
          ],
          [
            -73.95034,
            40.78385
          ],
          [
            -73.9503,
            40.78391
          ],
          [
            -73.95026,
            40.78396
          ],
          [
            -73.94987,
            40.78448
          ],
          [
            -73.94984,
            40.78453
          ],
          [
            -73.94979,
            40.78458
          ],
          [
            -73.9494,
            40.78511
          ],
          [
            -73.94933,
            40.7852
          ],
          [
            -73.94925,
            40.7853
          ],
          [
            -73.94888,
            40.78582
          ],
          [
            -73.94883,
            40.78589
          ],
          [
            -73.94878,
            40.78596
          ],
          [
            -73.94844,
            40.78644
          ],
          [
            -73.94839,
            40.7865
          ],
          [
            -73.94834,
            40.78656
          ],
          [
            -73.94802,
            40.787
          ],
          [
            -73.94797,
            40.78706
          ],
          [
            -73.94792,
            40.78712
          ],
          [
            -73.94787,
            40.78719
          ],
          [
            -73.94772,
            40.7874
          ],
          [
            -73.9475,
            40.7877
          ],
          [
            -73.94746,
            40.78775
          ],
          [
            -73.94742,
            40.78781
          ],
          [
            -73.94709,
            40.78826
          ],
          [
            -73.94704,
            40.78833
          ],
          [
            -73.947,
            40.78839
          ],
          [
            -73.94696,
            40.78845
          ],
          [
            -73.9466,
            40.78893
          ],
          [
            -73.94655,
            40.789
          ],
          [
            -73.9465,
            40.78907
          ],
          [
            -73.94612,
            40.78959
          ],
          [
            -73.94609,
            40.78964
          ],
          [
            -73.94604,
            40.78971
          ],
          [
            -73.94568,
            40.79019
          ],
          [
            -73.94564,
            40.79025
          ],
          [
            -73.94558,
            40.79033
          ],
          [
            -73.94521,
            40.79085
          ],
          [
            -73.94517,
            40.79089
          ],
          [
            -73.94513,
            40.79095
          ],
          [
            -73.94475,
            40.79147
          ],
          [
            -73.94468,
            40.79157
          ],
          [
            -73.94461,
            40.79167
          ],
          [
            -73.94422,
            40.7922
          ],
          [
            -73.94418,
            40.79225
          ],
          [
            -73.94414,
            40.79231
          ],
          [
            -73.94383,
            40.79272
          ],
          [
            -73.94376,
            40.79282
          ],
          [
            -73.94372,
            40.79288
          ],
          [
            -73.94369,
            40.79292
          ],
          [
            -73.94332,
            40.79343
          ],
          [
            -73.94327,
            40.7935
          ],
          [
            -73.94322,
            40.79356
          ],
          [
            -73.94306,
            40.79378
          ],
          [
            -73.94284,
            40.79409
          ],
          [
            -73.94281,
            40.79413
          ],
          [
            -73.94276,
            40.79419
          ],
          [
            -73.94239,
            40.79471
          ],
          [
            -73.94235,
            40.79476
          ],
          [
            -73.9423,
            40.79482
          ],
          [
            -73.94193,
            40.79534
          ],
          [
            -73.94188,
            40.79541
          ],
          [
            -73.94182,
            40.79548
          ],
          [
            -73.94145,
            40.79598
          ],
          [
            -73.94137,
            40.7961
          ],
          [
            -73.9412,
            40.79634
          ],
          [
            -73.94098,
            40.79663
          ],
          [
            -73.94057,
            40.7972
          ],
          [
            -73.94052,
            40.79727
          ],
          [
            -73.94047,
            40.79733
          ],
          [
            -73.94009,
            40.79786
          ],
          [
            -73.94003,
            40.79794
          ],
          [
            -73.93995,
            40.79804
          ],
          [
            -73.93956,
            40.79857
          ],
          [
            -73.93952,
            40.79863
          ],
          [
            -73.93948,
            40.79868
          ],
          [
            -73.9391,
            40.7992
          ],
          [
            -73.93906,
            40.79925
          ],
          [
            -73.93902,
            40.79931
          ],
          [
            -73.93865,
            40.79983
          ],
          [
            -73.93864,
            40.79983
          ],
          [
            -73.9386,
            40.79989
          ],
          [
            -73.93857,
            40.79994
          ],
          [
            -73.93856,
            40.79994
          ],
          [
            -73.93819,
            40.80046
          ],
          [
            -73.93816,
            40.8005
          ],
          [
            -73.93811,
            40.80056
          ],
          [
            -73.9381,
            40.80058
          ],
          [
            -73.93773,
            40.80109
          ],
          [
            -73.93769,
            40.80114
          ],
          [
            -73.93765,
            40.8012
          ],
          [
            -73.93727,
            40.80172
          ],
          [
            -73.93724,
            40.80177
          ],
          [
            -73.93719,
            40.80183
          ],
          [
            -73.93681,
            40.80234
          ],
          [
            -73.93677,
            40.8024
          ],
          [
            -73.93673,
            40.80246
          ],
          [
            -73.93635,
            40.80298
          ],
          [
            -73.93631,
            40.80303
          ],
          [
            -73.93627,
            40.80309
          ],
          [
            -73.93616,
            40.80324
          ],
          [
            -73.9359,
            40.80361
          ],
          [
            -73.93583,
            40.80371
          ],
          [
            -73.93583,
            40.80371
          ],
          [
            -73.93596,
            40.80376
          ],
          [
            -73.9363,
            40.80391
          ],
          [
            -73.93652,
            40.804
          ],
          [
            -73.93673,
            40.80409
          ],
          [
            -73.93685,
            40.80414
          ],
          [
            -73.93735,
            40.80435
          ],
          [
            -73.93743,
            40.80438
          ],
          [
            -73.93753,
            40.80442
          ],
          [
            -73.93788,
            40.80457
          ],
          [
            -73.93858,
            40.80487
          ],
          [
            -73.93885,
            40.80498
          ],
          [
            -73.93889,
            40.805
          ],
          [
            -73.93904,
            40.80506
          ],
          [
            -73.93918,
            40.80512
          ],
          [
            -73.93924,
            40.80515
          ],
          [
            -73.9397,
            40.80534
          ],
          [
            -73.94013,
            40.80552
          ],
          [
            -73.94027,
            40.80558
          ],
          [
            -73.94055,
            40.8057
          ],
          [
            -73.94064,
            40.80574
          ],
          [
            -73.94076,
            40.80579
          ],
          [
            -73.941,
            40.80589
          ],
          [
            -73.94183,
            40.80624
          ],
          [
            -73.94191,
            40.80627
          ],
          [
            -73.94217,
            40.80638
          ],
          [
            -73.94227,
            40.80642
          ],
          [
            -73.94237,
            40.80646
          ],
          [
            -73.9426,
            40.80656
          ],
          [
            -73.94269,
            40.8066
          ],
          [
            -73.94378,
            40.80706
          ],
          [
            -73.94383,
            40.80708
          ],
          [
            -73.94389,
            40.8071
          ],
          [
            -73.94425,
            40.80726
          ],
          [
            -73.94481,
            40.80749
          ],
          [
            -73.94533,
            40.80771
          ],
          [
            -73.94541,
            40.80775
          ],
          [
            -73.94557,
            40.80781
          ],
          [
            -73.94567,
            40.80785
          ],
          [
            -73.94686,
            40.80836
          ],
          [
            -73.94691,
            40.80838
          ],
          [
            -73.94696,
            40.8084
          ],
          [
            -73.94769,
            40.80871
          ],
          [
            -73.94801,
            40.80884
          ],
          [
            -73.94813,
            40.80889
          ],
          [
            -73.94825,
            40.80894
          ],
          [
            -73.9484,
            40.80901
          ],
          [
            -73.94853,
            40.80906
          ],
          [
            -73.94973,
            40.80957
          ],
          [
            -73.94979,
            40.80959
          ],
          [
            -73.94987,
            40.80962
          ],
          [
            -73.95105,
            40.81012
          ],
          [
            -73.95118,
            40.81018
          ],
          [
            -73.95131,
            40.81023
          ],
          [
            -73.95176,
            40.81042
          ],
          [
            -73.95188,
            40.81047
          ],
          [
            -73.95219,
            40.8106
          ],
          [
            -73.95246,
            40.81071
          ],
          [
            -73.95259,
            40.81077
          ],
          [
            -73.95273,
            40.81083
          ],
          [
            -73.95317,
            40.81101
          ],
          [
            -73.95358,
            40.81118
          ],
          [
            -73.95389,
            40.81132
          ],
          [
            -73.95401,
            40.81137
          ],
          [
            -73.95414,
            40.81142
          ],
          [
            -73.95469,
            40.81166
          ],
          [
            -73.95475,
            40.81168
          ],
          [
            -73.9548,
            40.81171
          ],
          [
            -73.95483,
            40.81173
          ],
          [
            -73.95489,
            40.8118
          ],
          [
            -73.95497,
            40.81188
          ],
          [
            -73.955,
            40.81191
          ],
          [
            -73.955,
            40.81192
          ],
          [
            -73.95509,
            40.81201
          ],
          [
            -73.95522,
            40.81216
          ],
          [
            -73.95528,
            40.81223
          ],
          [
            -73.95574,
            40.81276
          ],
          [
            -73.95618,
            40.81328
          ],
          [
            -73.95627,
            40.81338
          ],
          [
            -73.95627,
            40.81338
          ],
          [
            -73.95618,
            40.8135
          ],
          [
            -73.9561,
            40.81362
          ],
          [
            -73.95579,
            40.81402
          ],
          [
            -73.95576,
            40.81406
          ],
          [
            -73.9557,
            40.81414
          ],
          [
            -73.95565,
            40.81421
          ],
          [
            -73.95549,
            40.81442
          ],
          [
            -73.95544,
            40.81448
          ],
          [
            -73.9554,
            40.81454
          ],
          [
            -73.95524,
            40.81477
          ],
          [
            -73.95504,
            40.81506
          ],
          [
            -73.955,
            40.81511
          ],
          [
            -73.95495,
            40.81517
          ],
          [
            -73.95466,
            40.81558
          ],
          [
            -73.95458,
            40.81569
          ],
          [
            -73.95454,
            40.81574
          ],
          [
            -73.9545,
            40.81579
          ],
          [
            -73.95411,
            40.81631
          ],
          [
            -73.95408,
            40.81636
          ],
          [
            -73.95402,
            40.81643
          ],
          [
            -73.95379,
            40.81676
          ],
          [
            -73.95322,
            40.81753
          ],
          [
            -73.95318,
            40.81759
          ],
          [
            -73.95312,
            40.81767
          ],
          [
            -73.95295,
            40.81792
          ],
          [
            -73.95277,
            40.81817
          ],
          [
            -73.95272,
            40.81823
          ],
          [
            -73.95269,
            40.81827
          ],
          [
            -73.95244,
            40.81861
          ],
          [
            -73.95227,
            40.81886
          ],
          [
            -73.95226,
            40.81887
          ],
          [
            -73.95221,
            40.81893
          ],
          [
            -73.95217,
            40.81899
          ],
          [
            -73.95216,
            40.81901
          ],
          [
            -73.95178,
            40.81951
          ],
          [
            -73.95173,
            40.81957
          ],
          [
            -73.95168,
            40.81964
          ],
          [
            -73.9513,
            40.82016
          ],
          [
            -73.95087,
            40.82075
          ],
          [
            -73.95081,
            40.82082
          ],
          [
            -73.95078,
            40.82087
          ],
          [
            -73.9504,
            40.82139
          ],
          [
            -73.95036,
            40.82144
          ],
          [
            -73.95032,
            40.82151
          ],
          [
            -73.94995,
            40.82201
          ],
          [
            -73.94991,
            40.82206
          ],
          [
            -73.94986,
            40.82213
          ],
          [
            -73.9495,
            40.82263
          ],
          [
            -73.94946,
            40.82268
          ],
          [
            -73.94941,
            40.82275
          ],
          [
            -73.94904,
            40.82326
          ],
          [
            -73.94899,
            40.82332
          ],
          [
            -73.94895,
            40.82337
          ],
          [
            -73.94858,
            40.82389
          ],
          [
            -73.94854,
            40.82394
          ],
          [
            -73.9485,
            40.82399
          ],
          [
            -73.94812,
            40.82451
          ],
          [
            -73.94809,
            40.82455
          ],
          [
            -73.94804,
            40.82462
          ],
          [
            -73.94767,
            40.82514
          ],
          [
            -73.9476,
            40.82524
          ],
          [
            -73.94752,
            40.82534
          ],
          [
            -73.94714,
            40.82585
          ],
          [
            -73.94711,
            40.8259
          ],
          [
            -73.94706,
            40.82596
          ],
          [
            -73.94669,
            40.82648
          ],
          [
            -73.94665,
            40.82653
          ],
          [
            -73.94661,
            40.82659
          ],
          [
            -73.94623,
            40.8271
          ],
          [
            -73.94619,
            40.82715
          ],
          [
            -73.94615,
            40.82721
          ],
          [
            -73.94577,
            40.82773
          ],
          [
            -73.94573,
            40.82778
          ],
          [
            -73.94569,
            40.82784
          ],
          [
            -73.94532,
            40.82835
          ],
          [
            -73.94528,
            40.8284
          ],
          [
            -73.94524,
            40.82846
          ],
          [
            -73.94511,
            40.82863
          ],
          [
            -73.94509,
            40.82866
          ],
          [
            -73.945,
            40.82878
          ],
          [
            -73.94487,
            40.82897
          ],
          [
            -73.94483,
            40.82902
          ],
          [
            -73.9448,
            40.82906
          ],
          [
            -73.94441,
            40.82959
          ],
          [
            -73.94437,
            40.82964
          ],
          [
            -73.94433,
            40.8297
          ],
          [
            -73.94409,
            40.83003
          ],
          [
            -73.94396,
            40.83021
          ],
          [
            -73.94391,
            40.83027
          ],
          [
            -73.94388,
            40.83032
          ],
          [
            -73.9435,
            40.83084
          ],
          [
            -73.94346,
            40.83089
          ],
          [
            -73.94342,
            40.83095
          ],
          [
            -73.94305,
            40.83146
          ],
          [
            -73.94297,
            40.83157
          ],
          [
            -73.9429,
            40.83166
          ],
          [
            -73.94252,
            40.83218
          ],
          [
            -73.94248,
            40.83223
          ],
          [
            -73.94244,
            40.83229
          ],
          [
            -73.94206,
            40.83281
          ],
          [
            -73.94201,
            40.83288
          ],
          [
            -73.94198,
            40.83292
          ],
          [
            -73.94161,
            40.83343
          ],
          [
            -73.94157,
            40.83348
          ],
          [
            -73.94152,
            40.83355
          ],
          [
            -73.94115,
            40.83406
          ],
          [
            -73.94111,
            40.83411
          ],
          [
            -73.94106,
            40.83417
          ],
          [
            -73.94069,
            40.83467
          ],
          [
            -73.94065,
            40.83473
          ],
          [
            -73.94061,
            40.83479
          ],
          [
            -73.94026,
            40.83527
          ],
          [
            -73.94026,
            40.83527
          ],
          [
            -73.94026,
            40.83527
          ],
          [
            -73.94024,
            40.8353
          ],
          [
            -73.9402,
            40.83536
          ],
          [
            -73.94016,
            40.83542
          ],
          [
            -73.94006,
            40.83556
          ],
          [
            -73.93993,
            40.83576
          ],
          [
            -73.93988,
            40.83582
          ],
          [
            -73.93984,
            40.83589
          ],
          [
            -73.93981,
            40.83593
          ],
          [
            -73.93971,
            40.83607
          ],
          [
            -73.93956,
            40.83628
          ],
          [
            -73.93939,
            40.83651
          ],
          [
            -73.93934,
            40.83658
          ],
          [
            -73.93929,
            40.83664
          ],
          [
            -73.93889,
            40.83719
          ],
          [
            -73.93886,
            40.83724
          ],
          [
            -73.93881,
            40.8373
          ],
          [
            -73.93862,
            40.83755
          ],
          [
            -73.9384,
            40.83782
          ],
          [
            -73.93835,
            40.83788
          ],
          [
            -73.93827,
            40.838
          ],
          [
            -73.93818,
            40.83812
          ],
          [
            -73.93805,
            40.8383
          ],
          [
            -73.93791,
            40.83849
          ],
          [
            -73.93783,
            40.83861
          ],
          [
            -73.93777,
            40.83868
          ],
          [
            -73.93775,
            40.83871
          ],
          [
            -73.93773,
            40.83874
          ],
          [
            -73.93756,
            40.83899
          ],
          [
            -73.93753,
            40.83902
          ],
          [
            -73.93739,
            40.83922
          ],
          [
            -73.93736,
            40.83927
          ],
          [
            -73.93735,
            40.83928
          ],
          [
            -73.93734,
            40.8393
          ],
          [
            -73.93721,
            40.83946
          ],
          [
            -73.93717,
            40.83951
          ],
          [
            -73.93703,
            40.8397
          ],
          [
            -73.93703,
            40.8397
          ],
          [
            -73.93703,
            40.8397
          ],
          [
            -73.93696,
            40.8398
          ],
          [
            -73.93691,
            40.83986
          ],
          [
            -73.93685,
            40.83994
          ],
          [
            -73.93678,
            40.84003
          ],
          [
            -73.93667,
            40.84019
          ],
          [
            -73.9365,
            40.84042
          ],
          [
            -73.93646,
            40.84048
          ],
          [
            -73.93642,
            40.84053
          ],
          [
            -73.93631,
            40.84068
          ],
          [
            -73.93608,
            40.84099
          ],
          [
            -73.93604,
            40.84106
          ],
          [
            -73.93601,
            40.84109
          ],
          [
            -73.93598,
            40.84114
          ],
          [
            -73.9358,
            40.84138
          ],
          [
            -73.93565,
            40.84158
          ],
          [
            -73.9356,
            40.84165
          ],
          [
            -73.93557,
            40.8417
          ],
          [
            -73.93553,
            40.84175
          ],
          [
            -73.93538,
            40.84195
          ],
          [
            -73.93516,
            40.84225
          ],
          [
            -73.93512,
            40.8423
          ],
          [
            -73.93509,
            40.84235
          ],
          [
            -73.93503,
            40.84244
          ],
          [
            -73.93488,
            40.84265
          ],
          [
            -73.93473,
            40.84288
          ],
          [
            -73.93468,
            40.84294
          ],
          [
            -73.93462,
            40.84302
          ],
          [
            -73.93442,
            40.8433
          ],
          [
            -73.93425,
            40.84352
          ],
          [
            -73.93421,
            40.84358
          ],
          [
            -73.93416,
            40.84365
          ],
          [
            -73.93398,
            40.84389
          ],
          [
            -73.9338,
            40.84414
          ],
          [
            -73.93372,
            40.84425
          ],
          [
            -73.93365,
            40.84435
          ],
          [
            -73.93328,
            40.84486
          ],
          [
            -73.93324,
            40.84491
          ],
          [
            -73.9332,
            40.84496
          ],
          [
            -73.93284,
            40.84546
          ],
          [
            -73.93283,
            40.84548
          ],
          [
            -73.93278,
            40.84554
          ],
          [
            -73.93275,
            40.84559
          ],
          [
            -73.93238,
            40.84609
          ],
          [
            -73.93233,
            40.84616
          ],
          [
            -73.93228,
            40.84623
          ],
          [
            -73.93208,
            40.8465
          ],
          [
            -73.93208,
            40.8465
          ],
          [
            -73.93196,
            40.84645
          ],
          [
            -73.93192,
            40.84644
          ],
          [
            -73.93188,
            40.84642
          ],
          [
            -73.9318,
            40.84639
          ],
          [
            -73.93169,
            40.84632
          ],
          [
            -73.93164,
            40.8463
          ],
          [
            -73.93159,
            40.84628
          ],
          [
            -73.93155,
            40.84626
          ],
          [
            -73.93149,
            40.84623
          ],
          [
            -73.93144,
            40.84621
          ],
          [
            -73.93138,
            40.84617
          ],
          [
            -73.93134,
            40.84615
          ],
          [
            -73.93128,
            40.84612
          ],
          [
            -73.93123,
            40.84608
          ],
          [
            -73.93118,
            40.84605
          ],
          [
            -73.93113,
            40.84602
          ],
          [
            -73.93109,
            40.846
          ],
          [
            -73.93106,
            40.84597
          ],
          [
            -73.93102,
            40.84595
          ],
          [
            -73.93099,
            40.84592
          ],
          [
            -73.93095,
            40.84589
          ],
          [
            -73.93092,
            40.84586
          ],
          [
            -73.93089,
            40.84584
          ],
          [
            -73.93087,
            40.84581
          ],
          [
            -73.93085,
            40.84579
          ],
          [
            -73.93083,
            40.84577
          ],
          [
            -73.93081,
            40.84574
          ],
          [
            -73.93079,
            40.84571
          ],
          [
            -73.93077,
            40.84568
          ],
          [
            -73.93075,
            40.84564
          ],
          [
            -73.93073,
            40.84561
          ],
          [
            -73.93072,
            40.84557
          ],
          [
            -73.93071,
            40.84554
          ],
          [
            -73.9307,
            40.8455
          ],
          [
            -73.93069,
            40.84548
          ],
          [
            -73.93069,
            40.84546
          ],
          [
            -73.93068,
            40.84543
          ],
          [
            -73.93068,
            40.84539
          ],
          [
            -73.93068,
            40.84532
          ],
          [
            -73.93071,
            40.84522
          ],
          [
            -73.93072,
            40.84519
          ],
          [
            -73.93073,
            40.84517
          ],
          [
            -73.93074,
            40.84515
          ],
          [
            -73.93075,
            40.84511
          ],
          [
            -73.93077,
            40.84508
          ],
          [
            -73.9308,
            40.84504
          ],
          [
            -73.93081,
            40.84502
          ],
          [
            -73.93084,
            40.84498
          ],
          [
            -73.93108,
            40.84468
          ],
          [
            -73.93123,
            40.84449
          ],
          [
            -73.93127,
            40.84445
          ],
          [
            -73.93131,
            40.8444
          ],
          [
            -73.93134,
            40.84436
          ],
          [
            -73.93138,
            40.8443
          ],
          [
            -73.93142,
            40.84424
          ],
          [
            -73.93145,
            40.84418
          ],
          [
            -73.93147,
            40.84413
          ],
          [
            -73.9315,
            40.84407
          ],
          [
            -73.93152,
            40.84402
          ],
          [
            -73.93153,
            40.84397
          ],
          [
            -73.93155,
            40.84392
          ],
          [
            -73.93157,
            40.84386
          ],
          [
            -73.93158,
            40.84381
          ],
          [
            -73.9316,
            40.84375
          ],
          [
            -73.93161,
            40.8437
          ],
          [
            -73.93161,
            40.84365
          ],
          [
            -73.93162,
            40.8436
          ],
          [
            -73.93162,
            40.84356
          ],
          [
            -73.93162,
            40.84352
          ],
          [
            -73.93162,
            40.84348
          ],
          [
            -73.93162,
            40.84343
          ],
          [
            -73.93161,
            40.8434
          ],
          [
            -73.93161,
            40.84337
          ],
          [
            -73.93161,
            40.84333
          ],
          [
            -73.9316,
            40.8433
          ],
          [
            -73.93154,
            40.84292
          ],
          [
            -73.93153,
            40.84287
          ],
          [
            -73.93153,
            40.84283
          ],
          [
            -73.93152,
            40.84277
          ],
          [
            -73.93151,
            40.84272
          ],
          [
            -73.93151,
            40.84266
          ],
          [
            -73.93151,
            40.84261
          ],
          [
            -73.93151,
            40.84256
          ],
          [
            -73.93151,
            40.8425
          ],
          [
            -73.93152,
            40.84246
          ],
          [
            -73.93152,
            40.84244
          ],
          [
            -73.93152,
            40.84242
          ],
          [
            -73.93152,
            40.8424
          ],
          [
            -73.93153,
            40.84237
          ],
          [
            -73.93153,
            40.84234
          ],
          [
            -73.93154,
            40.84232
          ],
          [
            -73.93155,
            40.84227
          ],
          [
            -73.93156,
            40.84222
          ],
          [
            -73.93158,
            40.84212
          ],
          [
            -73.93161,
            40.84202
          ],
          [
            -73.93164,
            40.84195
          ],
          [
            -73.93167,
            40.84185
          ],
          [
            -73.93169,
            40.84179
          ],
          [
            -73.93171,
            40.84175
          ],
          [
            -73.93173,
            40.8417
          ],
          [
            -73.93175,
            40.84167
          ],
          [
            -73.93177,
            40.84163
          ],
          [
            -73.9318,
            40.84156
          ],
          [
            -73.93183,
            40.84151
          ],
          [
            -73.93186,
            40.84144
          ],
          [
            -73.9319,
            40.84138
          ],
          [
            -73.93256,
            40.84025
          ],
          [
            -73.93267,
            40.84006
          ],
          [
            -73.93273,
            40.83995
          ],
          [
            -73.9328,
            40.83983
          ],
          [
            -73.93287,
            40.8397
          ],
          [
            -73.93294,
            40.83956
          ],
          [
            -73.93303,
            40.8394
          ],
          [
            -73.93318,
            40.8391
          ],
          [
            -73.93345,
            40.83874
          ],
          [
            -73.93345,
            40.83874
          ],
          [
            -73.93357,
            40.83849
          ],
          [
            -73.93362,
            40.83839
          ],
          [
            -73.93368,
            40.83827
          ],
          [
            -73.93375,
            40.83813
          ],
          [
            -73.9338,
            40.83803
          ],
          [
            -73.93389,
            40.83788
          ],
          [
            -73.93401,
            40.83766
          ],
          [
            -73.93483,
            40.8362
          ],
          [
            -73.93489,
            40.8361
          ],
          [
            -73.93494,
            40.836
          ],
          [
            -73.93499,
            40.83588
          ],
          [
            -73.93503,
            40.8358
          ],
          [
            -73.93507,
            40.83569
          ],
          [
            -73.93511,
            40.83559
          ],
          [
            -73.93515,
            40.83548
          ],
          [
            -73.93518,
            40.83538
          ],
          [
            -73.93521,
            40.83527
          ],
          [
            -73.93524,
            40.83516
          ],
          [
            -73.93528,
            40.83494
          ],
          [
            -73.93531,
            40.83472
          ],
          [
            -73.93534,
            40.83449
          ],
          [
            -73.93536,
            40.83428
          ],
          [
            -73.93538,
            40.83405
          ],
          [
            -73.93538,
            40.83384
          ],
          [
            -73.93539,
            40.83362
          ],
          [
            -73.93539,
            40.8334
          ],
          [
            -73.93538,
            40.83318
          ],
          [
            -73.93536,
            40.83297
          ],
          [
            -73.93518,
            40.83067
          ],
          [
            -73.93516,
            40.83045
          ],
          [
            -73.93514,
            40.83023
          ],
          [
            -73.93511,
            40.83002
          ],
          [
            -73.93509,
            40.8298
          ],
          [
            -73.93502,
            40.82933
          ],
          [
            -73.93487,
            40.82829
          ],
          [
            -73.93473,
            40.82723
          ],
          [
            -73.9346,
            40.82591
          ],
          [
            -73.93458,
            40.82571
          ],
          [
            -73.93456,
            40.82551
          ],
          [
            -73.93455,
            40.8253
          ],
          [
            -73.93454,
            40.82511
          ],
          [
            -73.93453,
            40.8249
          ],
          [
            -73.93454,
            40.82421
          ],
          [
            -73.93454,
            40.824
          ],
          [
            -73.93454,
            40.8238
          ],
          [
            -73.93453,
            40.82361
          ],
          [
            -73.93446,
            40.8227
          ],
          [
            -73.93445,
            40.82249
          ],
          [
            -73.93444,
            40.8223
          ],
          [
            -73.93445,
            40.82209
          ],
          [
            -73.93447,
            40.82188
          ],
          [
            -73.93449,
            40.82159
          ],
          [
            -73.93451,
            40.82139
          ],
          [
            -73.93452,
            40.82119
          ],
          [
            -73.93452,
            40.82098
          ],
          [
            -73.93451,
            40.82077
          ],
          [
            -73.93448,
            40.82016
          ],
          [
            -73.93447,
            40.81986
          ],
          [
            -73.93446,
            40.81954
          ],
          [
            -73.93444,
            40.81931
          ],
          [
            -73.93441,
            40.81909
          ],
          [
            -73.93436,
            40.81888
          ],
          [
            -73.93424,
            40.81836
          ],
          [
            -73.93419,
            40.81814
          ],
          [
            -73.93415,
            40.81791
          ],
          [
            -73.93413,
            40.81771
          ],
          [
            -73.93412,
            40.81747
          ],
          [
            -73.93412,
            40.81727
          ],
          [
            -73.93414,
            40.81705
          ],
          [
            -73.93439,
            40.81476
          ],
          [
            -73.93443,
            40.81434
          ],
          [
            -73.93449,
            40.81382
          ],
          [
            -73.93451,
            40.81359
          ],
          [
            -73.93453,
            40.81322
          ],
          [
            -73.93461,
            40.81241
          ],
          [
            -73.93463,
            40.81226
          ],
          [
            -73.93465,
            40.81213
          ],
          [
            -73.93467,
            40.81199
          ],
          [
            -73.93471,
            40.81183
          ],
          [
            -73.93474,
            40.81167
          ],
          [
            -73.93499,
            40.81067
          ],
          [
            -73.93502,
            40.81054
          ],
          [
            -73.93504,
            40.81043
          ],
          [
            -73.93506,
            40.81033
          ],
          [
            -73.93507,
            40.81018
          ],
          [
            -73.93508,
            40.81003
          ],
          [
            -73.93507,
            40.80991
          ],
          [
            -73.93506,
            40.80978
          ],
          [
            -73.93504,
            40.80961
          ],
          [
            -73.93501,
            40.80947
          ],
          [
            -73.935,
            40.80941
          ],
          [
            -73.93499,
            40.80935
          ],
          [
            -73.93493,
            40.80913
          ],
          [
            -73.93486,
            40.80892
          ],
          [
            -73.93478,
            40.80872
          ],
          [
            -73.9347,
            40.80851
          ],
          [
            -73.93459,
            40.80829
          ],
          [
            -73.93449,
            40.8081
          ],
          [
            -73.93437,
            40.8079
          ],
          [
            -73.93431,
            40.80779
          ],
          [
            -73.93419,
            40.8076
          ],
          [
            -73.93405,
            40.8074
          ],
          [
            -73.93385,
            40.80713
          ],
          [
            -73.93366,
            40.80691
          ],
          [
            -73.93338,
            40.80657
          ],
          [
            -73.93269,
            40.80586
          ],
          [
            -73.93215,
            40.80531
          ],
          [
            -73.93202,
            40.80518
          ],
          [
            -73.93193,
            40.80508
          ],
          [
            -73.93181,
            40.80496
          ],
          [
            -73.9317,
            40.80485
          ],
          [
            -73.9316,
            40.80473
          ],
          [
            -73.9315,
            40.80461
          ],
          [
            -73.93139,
            40.80448
          ],
          [
            -73.93128,
            40.80434
          ],
          [
            -73.93118,
            40.8042
          ],
          [
            -73.93109,
            40.80408
          ],
          [
            -73.93101,
            40.80395
          ],
          [
            -73.93092,
            40.80382
          ],
          [
            -73.93086,
            40.8037
          ],
          [
            -73.93079,
            40.80359
          ],
          [
            -73.93071,
            40.80343
          ],
          [
            -73.93066,
            40.80333
          ],
          [
            -73.93056,
            40.80311
          ],
          [
            -73.9305,
            40.80297
          ],
          [
            -73.93044,
            40.80282
          ],
          [
            -73.93037,
            40.80256
          ],
          [
            -73.93031,
            40.80237
          ],
          [
            -73.93021,
            40.80187
          ],
          [
            -73.93018,
            40.80168
          ],
          [
            -73.93008,
            40.80138
          ],
          [
            -73.92996,
            40.80097
          ],
          [
            -73.92993,
            40.8008
          ],
          [
            -73.9299,
            40.80065
          ],
          [
            -73.92989,
            40.80049
          ],
          [
            -73.92989,
            40.80031
          ],
          [
            -73.92989,
            40.80016
          ],
          [
            -73.92989,
            40.79961
          ],
          [
            -73.92988,
            40.7995
          ],
          [
            -73.92988,
            40.7994
          ],
          [
            -73.92986,
            40.79929
          ],
          [
            -73.92983,
            40.79919
          ],
          [
            -73.92979,
            40.79907
          ],
          [
            -73.92975,
            40.79896
          ],
          [
            -73.92969,
            40.79879
          ],
          [
            -73.92965,
            40.79867
          ],
          [
            -73.92961,
            40.79854
          ],
          [
            -73.92956,
            40.79837
          ],
          [
            -73.92946,
            40.79795
          ],
          [
            -73.92942,
            40.7978
          ],
          [
            -73.92939,
            40.79766
          ],
          [
            -73.92937,
            40.7975
          ],
          [
            -73.92933,
            40.79717
          ],
          [
            -73.92933,
            40.79717
          ],
          [
            -73.92933,
            40.79709
          ],
          [
            -73.92935,
            40.79693
          ],
          [
            -73.92938,
            40.79672
          ],
          [
            -73.92943,
            40.79651
          ],
          [
            -73.92948,
            40.79629
          ],
          [
            -73.92955,
            40.79609
          ],
          [
            -73.92963,
            40.79589
          ],
          [
            -73.92968,
            40.79578
          ],
          [
            -73.92979,
            40.79559
          ],
          [
            -73.92991,
            40.79541
          ],
          [
            -73.93006,
            40.79521
          ],
          [
            -73.93013,
            40.79511
          ],
          [
            -73.9302,
            40.79503
          ],
          [
            -73.93028,
            40.79494
          ],
          [
            -73.93037,
            40.79486
          ],
          [
            -73.93046,
            40.79478
          ],
          [
            -73.93056,
            40.79471
          ],
          [
            -73.93067,
            40.79463
          ],
          [
            -73.93078,
            40.79457
          ],
          [
            -73.93228,
            40.79376
          ],
          [
            -73.93287,
            40.79344
          ],
          [
            -73.93309,
            40.79331
          ],
          [
            -73.93332,
            40.79318
          ],
          [
            -73.93355,
            40.79305
          ],
          [
            -73.93377,
            40.79291
          ],
          [
            -73.93399,
            40.79277
          ],
          [
            -73.93421,
            40.79263
          ],
          [
            -73.93442,
            40.79248
          ],
          [
            -73.93526,
            40.7919
          ],
          [
            -73.93546,
            40.79175
          ],
          [
            -73.93555,
            40.79168
          ],
          [
            -73.93565,
            40.7916
          ],
          [
            -73.93576,
            40.79151
          ],
          [
            -73.93586,
            40.79142
          ],
          [
            -73.93595,
            40.79133
          ],
          [
            -73.93603,
            40.79125
          ],
          [
            -73.93611,
            40.79116
          ],
          [
            -73.93619,
            40.79108
          ],
          [
            -73.93626,
            40.79099
          ],
          [
            -73.93633,
            40.7909
          ],
          [
            -73.93673,
            40.79041
          ],
          [
            -73.93719,
            40.78978
          ],
          [
            -73.93727,
            40.78967
          ],
          [
            -73.93733,
            40.78957
          ],
          [
            -73.93738,
            40.78947
          ],
          [
            -73.93743,
            40.78937
          ],
          [
            -73.93748,
            40.78927
          ],
          [
            -73.93811,
            40.78784
          ],
          [
            -73.93817,
            40.78773
          ],
          [
            -73.93822,
            40.78763
          ],
          [
            -73.93828,
            40.78754
          ],
          [
            -73.93834,
            40.78744
          ],
          [
            -73.93841,
            40.78735
          ],
          [
            -73.93848,
            40.78726
          ],
          [
            -73.93856,
            40.78716
          ],
          [
            -73.9389,
            40.78678
          ],
          [
            -73.93957,
            40.786
          ],
          [
            -73.93966,
            40.78591
          ],
          [
            -73.93974,
            40.78582
          ],
          [
            -73.93982,
            40.78574
          ],
          [
            -73.93991,
            40.78565
          ],
          [
            -73.94,
            40.78556
          ],
          [
            -73.94009,
            40.78549
          ],
          [
            -73.94019,
            40.78541
          ],
          [
            -73.9403,
            40.78533
          ],
          [
            -73.94041,
            40.78526
          ],
          [
            -73.94052,
            40.7852
          ],
          [
            -73.94075,
            40.78508
          ],
          [
            -73.94182,
            40.78455
          ],
          [
            -73.94182,
            40.78455
          ],
          [
            -73.94229,
            40.7844
          ],
          [
            -73.94243,
            40.78433
          ],
          [
            -73.94257,
            40.78426
          ],
          [
            -73.94272,
            40.78419
          ],
          [
            -73.94294,
            40.78409
          ],
          [
            -73.94317,
            40.78393
          ],
          [
            -73.94327,
            40.78385
          ],
          [
            -73.94337,
            40.78378
          ],
          [
            -73.94346,
            40.7837
          ],
          [
            -73.94353,
            40.78364
          ],
          [
            -73.94353,
            40.78364
          ],
          [
            -73.9436,
            40.78367
          ],
          [
            -73.94409,
            40.78388
          ],
          [
            -73.94422,
            40.78394
          ],
          [
            -73.94437,
            40.784
          ],
          [
            -73.94464,
            40.78412
          ],
          [
            -73.94475,
            40.78416
          ],
          [
            -73.94481,
            40.78418
          ],
          [
            -73.94506,
            40.78429
          ],
          [
            -73.94541,
            40.78444
          ],
          [
            -73.946,
            40.78469
          ],
          [
            -73.94611,
            40.78474
          ],
          [
            -73.94637,
            40.78485
          ],
          [
            -73.94646,
            40.78488
          ],
          [
            -73.94659,
            40.78495
          ],
          [
            -73.94671,
            40.78501
          ],
          [
            -73.94734,
            40.78527
          ],
          [
            -73.94869,
            40.78584
          ],
          [
            -73.94883,
            40.78589
          ],
          [
            -73.94883,
            40.78589
          ],
          [
            -73.94878,
            40.78596
          ],
          [
            -73.94844,
            40.78644
          ],
          [
            -73.94839,
            40.7865
          ],
          [
            -73.94834,
            40.78656
          ],
          [
            -73.94802,
            40.787
          ],
          [
            -73.94797,
            40.78706
          ],
          [
            -73.94792,
            40.78712
          ],
          [
            -73.94787,
            40.78719
          ],
          [
            -73.94772,
            40.7874
          ],
          [
            -73.9475,
            40.7877
          ],
          [
            -73.94746,
            40.78775
          ],
          [
            -73.94742,
            40.78781
          ],
          [
            -73.94709,
            40.78826
          ],
          [
            -73.94704,
            40.78833
          ],
          [
            -73.947,
            40.78839
          ],
          [
            -73.94696,
            40.78845
          ],
          [
            -73.9466,
            40.78893
          ],
          [
            -73.94655,
            40.789
          ],
          [
            -73.9465,
            40.78907
          ],
          [
            -73.94634,
            40.78929
          ],
          [
            -73.94634,
            40.78929
          ],
          [
            -73.94634,
            40.78929
          ],
          [
            -73.94612,
            40.78959
          ],
          [
            -73.94609,
            40.78964
          ],
          [
            -73.94604,
            40.78971
          ],
          [
            -73.94568,
            40.79019
          ],
          [
            -73.94564,
            40.79025
          ],
          [
            -73.94558,
            40.79033
          ],
          [
            -73.94521,
            40.79085
          ],
          [
            -73.94517,
            40.79089
          ],
          [
            -73.94513,
            40.79095
          ],
          [
            -73.94475,
            40.79147
          ],
          [
            -73.94468,
            40.79157
          ],
          [
            -73.94461,
            40.79167
          ],
          [
            -73.94422,
            40.7922
          ],
          [
            -73.94418,
            40.79225
          ],
          [
            -73.94414,
            40.79231
          ],
          [
            -73.94383,
            40.79272
          ],
          [
            -73.94376,
            40.79282
          ],
          [
            -73.94372,
            40.79288
          ],
          [
            -73.94369,
            40.79292
          ],
          [
            -73.94332,
            40.79343
          ],
          [
            -73.94327,
            40.7935
          ],
          [
            -73.94322,
            40.79356
          ],
          [
            -73.94306,
            40.79378
          ],
          [
            -73.94284,
            40.79409
          ],
          [
            -73.94281,
            40.79413
          ],
          [
            -73.94276,
            40.79419
          ],
          [
            -73.94239,
            40.79471
          ],
          [
            -73.94235,
            40.79476
          ],
          [
            -73.9423,
            40.79482
          ],
          [
            -73.94193,
            40.79534
          ],
          [
            -73.94188,
            40.79541
          ],
          [
            -73.94182,
            40.79548
          ],
          [
            -73.94145,
            40.79598
          ],
          [
            -73.94137,
            40.7961
          ],
          [
            -73.9412,
            40.79634
          ],
          [
            -73.94098,
            40.79663
          ],
          [
            -73.94057,
            40.7972
          ],
          [
            -73.94052,
            40.79727
          ],
          [
            -73.94047,
            40.79733
          ],
          [
            -73.94009,
            40.79786
          ],
          [
            -73.94003,
            40.79794
          ],
          [
            -73.93995,
            40.79804
          ],
          [
            -73.93956,
            40.79857
          ],
          [
            -73.93952,
            40.79863
          ],
          [
            -73.93948,
            40.79868
          ],
          [
            -73.9391,
            40.7992
          ],
          [
            -73.93906,
            40.79925
          ],
          [
            -73.93902,
            40.79931
          ],
          [
            -73.93865,
            40.79983
          ],
          [
            -73.93864,
            40.79983
          ],
          [
            -73.9386,
            40.79989
          ],
          [
            -73.93857,
            40.79994
          ],
          [
            -73.93856,
            40.79994
          ],
          [
            -73.93819,
            40.80046
          ],
          [
            -73.93816,
            40.8005
          ],
          [
            -73.93811,
            40.80056
          ],
          [
            -73.9381,
            40.80058
          ],
          [
            -73.93773,
            40.80109
          ],
          [
            -73.93769,
            40.80114
          ],
          [
            -73.93765,
            40.8012
          ],
          [
            -73.93727,
            40.80172
          ],
          [
            -73.93724,
            40.80177
          ],
          [
            -73.93719,
            40.80183
          ],
          [
            -73.93681,
            40.80234
          ],
          [
            -73.93677,
            40.8024
          ],
          [
            -73.93673,
            40.80246
          ],
          [
            -73.93635,
            40.80298
          ],
          [
            -73.93631,
            40.80303
          ],
          [
            -73.93627,
            40.80309
          ],
          [
            -73.93616,
            40.80324
          ],
          [
            -73.9359,
            40.80361
          ],
          [
            -73.93583,
            40.80371
          ],
          [
            -73.93576,
            40.8038
          ],
          [
            -73.93559,
            40.80404
          ],
          [
            -73.93538,
            40.80433
          ],
          [
            -73.93533,
            40.80439
          ],
          [
            -73.9353,
            40.80444
          ],
          [
            -73.93521,
            40.80456
          ],
          [
            -73.93493,
            40.80495
          ],
          [
            -73.93488,
            40.80501
          ],
          [
            -73.93488,
            40.80501
          ],
          [
            -73.93474,
            40.80495
          ],
          [
            -73.9343,
            40.80476
          ],
          [
            -73.93393,
            40.80461
          ],
          [
            -73.93284,
            40.80414
          ],
          [
            -73.93276,
            40.80411
          ],
          [
            -73.93267,
            40.80407
          ],
          [
            -73.93234,
            40.80394
          ],
          [
            -73.93234,
            40.80394
          ],
          [
            -73.9323,
            40.80395
          ],
          [
            -73.93225,
            40.80396
          ],
          [
            -73.9322,
            40.80396
          ],
          [
            -73.93201,
            40.80396
          ],
          [
            -73.93162,
            40.80398
          ],
          [
            -73.93153,
            40.80398
          ],
          [
            -73.93146,
            40.80398
          ],
          [
            -73.93138,
            40.804
          ],
          [
            -73.93132,
            40.80401
          ],
          [
            -73.93125,
            40.80403
          ],
          [
            -73.9312,
            40.80405
          ],
          [
            -73.93115,
            40.80407
          ],
          [
            -73.93111,
            40.8041
          ],
          [
            -73.93108,
            40.80412
          ],
          [
            -73.93105,
            40.80415
          ],
          [
            -73.93104,
            40.80418
          ],
          [
            -73.93102,
            40.80422
          ],
          [
            -73.93101,
            40.80425
          ],
          [
            -73.931,
            40.80429
          ],
          [
            -73.931,
            40.80433
          ],
          [
            -73.931,
            40.8044
          ],
          [
            -73.93101,
            40.80444
          ],
          [
            -73.93103,
            40.80449
          ],
          [
            -73.93105,
            40.80453
          ],
          [
            -73.93109,
            40.80458
          ],
          [
            -73.93121,
            40.80474
          ],
          [
            -73.93157,
            40.80517
          ],
          [
            -73.93182,
            40.80544
          ],
          [
            -73.93201,
            40.80565
          ],
          [
            -73.93222,
            40.80587
          ],
          [
            -73.93241,
            40.80608
          ],
          [
            -73.93261,
            40.80628
          ],
          [
            -73.93279,
            40.80646
          ],
          [
            -73.933,
            40.80666
          ],
          [
            -73.93321,
            40.80687
          ],
          [
            -73.93351,
            40.80708
          ],
          [
            -73.93351,
            40.80708
          ],
          [
            -73.93373,
            40.80733
          ],
          [
            -73.93392,
            40.80755
          ],
          [
            -73.93409,
            40.80776
          ],
          [
            -73.93423,
            40.80797
          ],
          [
            -73.93434,
            40.80818
          ],
          [
            -73.93446,
            40.80839
          ],
          [
            -73.93456,
            40.8086
          ],
          [
            -73.93466,
            40.80884
          ],
          [
            -73.93473,
            40.80904
          ],
          [
            -73.9348,
            40.80924
          ],
          [
            -73.93485,
            40.80945
          ],
          [
            -73.93487,
            40.80955
          ],
          [
            -73.9349,
            40.80976
          ],
          [
            -73.93491,
            40.80988
          ],
          [
            -73.93492,
            40.80999
          ],
          [
            -73.93492,
            40.81011
          ],
          [
            -73.93491,
            40.81024
          ],
          [
            -73.9349,
            40.81039
          ],
          [
            -73.93489,
            40.81051
          ],
          [
            -73.93487,
            40.81066
          ],
          [
            -73.93484,
            40.81078
          ],
          [
            -73.9346,
            40.81174
          ],
          [
            -73.93456,
            40.81195
          ],
          [
            -73.93452,
            40.81218
          ],
          [
            -73.93449,
            40.8124
          ],
          [
            -73.93446,
            40.81262
          ],
          [
            -73.93435,
            40.81382
          ],
          [
            -73.93426,
            40.81462
          ],
          [
            -73.934,
            40.81711
          ],
          [
            -73.93398,
            40.81731
          ],
          [
            -73.93398,
            40.81753
          ],
          [
            -73.93399,
            40.81775
          ],
          [
            -73.93401,
            40.81794
          ],
          [
            -73.93405,
            40.81816
          ],
          [
            -73.93409,
            40.81836
          ],
          [
            -73.93414,
            40.81856
          ],
          [
            -73.93421,
            40.81882
          ],
          [
            -73.93425,
            40.81903
          ],
          [
            -73.93429,
            40.81922
          ],
          [
            -73.93431,
            40.81943
          ],
          [
            -73.93433,
            40.81986
          ],
          [
            -73.93434,
            40.82016
          ],
          [
            -73.93437,
            40.82076
          ],
          [
            -73.93438,
            40.82097
          ],
          [
            -73.93438,
            40.82118
          ],
          [
            -73.93437,
            40.82139
          ],
          [
            -73.93435,
            40.82159
          ],
          [
            -73.93432,
            40.822
          ],
          [
            -73.93431,
            40.82219
          ],
          [
            -73.93431,
            40.8224
          ],
          [
            -73.93432,
            40.82261
          ],
          [
            -73.93439,
            40.82361
          ],
          [
            -73.9344,
            40.82381
          ],
          [
            -73.93441,
            40.82401
          ],
          [
            -73.93441,
            40.82419
          ],
          [
            -73.9344,
            40.82439
          ],
          [
            -73.93439,
            40.8249
          ],
          [
            -73.9344,
            40.8251
          ],
          [
            -73.93441,
            40.82533
          ],
          [
            -73.93442,
            40.82553
          ],
          [
            -73.93444,
            40.82573
          ],
          [
            -73.93459,
            40.82723
          ],
          [
            -73.93485,
            40.82934
          ],
          [
            -73.93492,
            40.82993
          ],
          [
            -73.935,
            40.83063
          ],
          [
            -73.93507,
            40.83113
          ],
          [
            -73.9351,
            40.83135
          ],
          [
            -73.93512,
            40.83157
          ],
          [
            -73.93516,
            40.8319
          ],
          [
            -73.93519,
            40.83222
          ],
          [
            -73.93524,
            40.83289
          ],
          [
            -73.93525,
            40.8331
          ],
          [
            -73.93526,
            40.83333
          ],
          [
            -73.93526,
            40.83354
          ],
          [
            -73.93526,
            40.83376
          ],
          [
            -73.93525,
            40.83398
          ],
          [
            -73.93523,
            40.8342
          ],
          [
            -73.93521,
            40.83442
          ],
          [
            -73.93519,
            40.83464
          ],
          [
            -73.93515,
            40.83485
          ],
          [
            -73.93511,
            40.83507
          ],
          [
            -73.93506,
            40.8353
          ],
          [
            -73.93503,
            40.83541
          ],
          [
            -73.93499,
            40.83551
          ],
          [
            -73.93495,
            40.83562
          ],
          [
            -73.93491,
            40.83572
          ],
          [
            -73.93487,
            40.83583
          ],
          [
            -73.93482,
            40.83594
          ],
          [
            -73.93478,
            40.83604
          ],
          [
            -73.93473,
            40.83614
          ],
          [
            -73.93467,
            40.83624
          ],
          [
            -73.93461,
            40.83634
          ],
          [
            -73.9345,
            40.83654
          ],
          [
            -73.93439,
            40.83675
          ],
          [
            -73.93362,
            40.83806
          ],
          [
            -73.93362,
            40.83807
          ],
          [
            -73.93347,
            40.83832
          ],
          [
            -73.93324,
            40.83868
          ],
          [
            -73.93324,
            40.83868
          ],
          [
            -73.93312,
            40.83901
          ],
          [
            -73.93305,
            40.83915
          ],
          [
            -73.933,
            40.83926
          ],
          [
            -73.93295,
            40.83936
          ],
          [
            -73.9329,
            40.83946
          ],
          [
            -73.93284,
            40.83957
          ],
          [
            -73.9328,
            40.83965
          ],
          [
            -73.93272,
            40.83979
          ],
          [
            -73.93266,
            40.83989
          ],
          [
            -73.93253,
            40.84011
          ],
          [
            -73.93222,
            40.84064
          ],
          [
            -73.93181,
            40.84136
          ],
          [
            -73.93175,
            40.84145
          ],
          [
            -73.9317,
            40.84155
          ],
          [
            -73.93166,
            40.84165
          ],
          [
            -73.93162,
            40.84175
          ],
          [
            -73.93158,
            40.84183
          ],
          [
            -73.93155,
            40.84193
          ],
          [
            -73.93152,
            40.84201
          ],
          [
            -73.93149,
            40.84213
          ],
          [
            -73.93147,
            40.84224
          ],
          [
            -73.93145,
            40.84235
          ],
          [
            -73.93143,
            40.84248
          ],
          [
            -73.93142,
            40.84253
          ],
          [
            -73.93142,
            40.84259
          ],
          [
            -73.93142,
            40.84264
          ],
          [
            -73.93142,
            40.84269
          ],
          [
            -73.93143,
            40.84276
          ],
          [
            -73.93143,
            40.84282
          ],
          [
            -73.93144,
            40.84288
          ],
          [
            -73.93145,
            40.84293
          ],
          [
            -73.93151,
            40.84331
          ],
          [
            -73.93152,
            40.84337
          ],
          [
            -73.93152,
            40.84342
          ],
          [
            -73.93153,
            40.84348
          ],
          [
            -73.93153,
            40.84353
          ],
          [
            -73.93152,
            40.84358
          ],
          [
            -73.93152,
            40.84363
          ],
          [
            -73.93152,
            40.84368
          ],
          [
            -73.93151,
            40.84373
          ],
          [
            -73.9315,
            40.84378
          ],
          [
            -73.93149,
            40.84383
          ],
          [
            -73.93147,
            40.84388
          ],
          [
            -73.93146,
            40.84394
          ],
          [
            -73.93144,
            40.84398
          ],
          [
            -73.93142,
            40.84403
          ],
          [
            -73.9314,
            40.84408
          ],
          [
            -73.93138,
            40.84413
          ],
          [
            -73.93135,
            40.84418
          ],
          [
            -73.93133,
            40.84423
          ],
          [
            -73.9313,
            40.84427
          ],
          [
            -73.93126,
            40.84432
          ],
          [
            -73.93123,
            40.84437
          ],
          [
            -73.9312,
            40.84441
          ],
          [
            -73.93117,
            40.84445
          ],
          [
            -73.93078,
            40.84493
          ],
          [
            -73.93075,
            40.84496
          ],
          [
            -73.93072,
            40.845
          ],
          [
            -73.9307,
            40.84504
          ],
          [
            -73.93067,
            40.84508
          ],
          [
            -73.93065,
            40.84512
          ],
          [
            -73.93063,
            40.84515
          ],
          [
            -73.93061,
            40.84519
          ],
          [
            -73.9306,
            40.84522
          ],
          [
            -73.93058,
            40.84526
          ],
          [
            -73.93057,
            40.84529
          ],
          [
            -73.93057,
            40.84532
          ],
          [
            -73.93056,
            40.84535
          ],
          [
            -73.93055,
            40.84538
          ],
          [
            -73.93055,
            40.84542
          ],
          [
            -73.93055,
            40.84546
          ],
          [
            -73.93055,
            40.84548
          ],
          [
            -73.93055,
            40.84548
          ],
          [
            -73.93061,
            40.8456
          ],
          [
            -73.93062,
            40.84563
          ],
          [
            -73.93063,
            40.84566
          ],
          [
            -73.93064,
            40.84569
          ],
          [
            -73.93066,
            40.84571
          ],
          [
            -73.93067,
            40.84574
          ],
          [
            -73.93068,
            40.84576
          ],
          [
            -73.9307,
            40.84578
          ],
          [
            -73.93071,
            40.84581
          ],
          [
            -73.93073,
            40.84583
          ],
          [
            -73.93076,
            40.84586
          ],
          [
            -73.93078,
            40.84589
          ],
          [
            -73.93081,
            40.84592
          ],
          [
            -73.93083,
            40.84594
          ],
          [
            -73.93086,
            40.84596
          ],
          [
            -73.93089,
            40.84599
          ],
          [
            -73.93093,
            40.84601
          ],
          [
            -73.93096,
            40.84604
          ],
          [
            -73.931,
            40.84606
          ],
          [
            -73.93103,
            40.84608
          ],
          [
            -73.93108,
            40.8461
          ],
          [
            -73.93113,
            40.84612
          ],
          [
            -73.93118,
            40.84615
          ],
          [
            -73.93125,
            40.84618
          ],
          [
            -73.9313,
            40.8462
          ],
          [
            -73.93135,
            40.84622
          ],
          [
            -73.93142,
            40.84625
          ],
          [
            -73.9315,
            40.84628
          ],
          [
            -73.93167,
            40.84635
          ],
          [
            -73.9318,
            40.84639
          ],
          [
            -73.93188,
            40.84642
          ],
          [
            -73.93192,
            40.84644
          ],
          [
            -73.93196,
            40.84645
          ],
          [
            -73.93208,
            40.8465
          ],
          [
            -73.93208,
            40.8465
          ],
          [
            -73.93228,
            40.84623
          ],
          [
            -73.93233,
            40.84616
          ],
          [
            -73.93238,
            40.84609
          ],
          [
            -73.93275,
            40.84559
          ],
          [
            -73.93278,
            40.84554
          ],
          [
            -73.93283,
            40.84548
          ],
          [
            -73.93284,
            40.84546
          ],
          [
            -73.9332,
            40.84496
          ],
          [
            -73.93324,
            40.84491
          ],
          [
            -73.93328,
            40.84486
          ],
          [
            -73.93365,
            40.84435
          ],
          [
            -73.93372,
            40.84425
          ],
          [
            -73.9338,
            40.84414
          ],
          [
            -73.93398,
            40.84389
          ],
          [
            -73.93416,
            40.84365
          ],
          [
            -73.93421,
            40.84358
          ],
          [
            -73.93425,
            40.84352
          ],
          [
            -73.93442,
            40.8433
          ],
          [
            -73.93452,
            40.84315
          ],
          [
            -73.93452,
            40.84315
          ],
          [
            -73.93452,
            40.84315
          ],
          [
            -73.93442,
            40.8433
          ],
          [
            -73.93425,
            40.84352
          ],
          [
            -73.93421,
            40.84358
          ],
          [
            -73.93416,
            40.84365
          ],
          [
            -73.93398,
            40.84389
          ],
          [
            -73.9338,
            40.84414
          ],
          [
            -73.93372,
            40.84425
          ],
          [
            -73.93365,
            40.84435
          ],
          [
            -73.93328,
            40.84486
          ],
          [
            -73.93324,
            40.84491
          ],
          [
            -73.9332,
            40.84496
          ],
          [
            -73.93284,
            40.84546
          ],
          [
            -73.93283,
            40.84548
          ],
          [
            -73.93278,
            40.84554
          ],
          [
            -73.93275,
            40.84559
          ],
          [
            -73.93238,
            40.84609
          ],
          [
            -73.93233,
            40.84616
          ],
          [
            -73.93228,
            40.84623
          ],
          [
            -73.93208,
            40.8465
          ],
          [
            -73.93208,
            40.8465
          ],
          [
            -73.93196,
            40.84645
          ],
          [
            -73.93192,
            40.84644
          ],
          [
            -73.93188,
            40.84642
          ],
          [
            -73.9318,
            40.84639
          ],
          [
            -73.93169,
            40.84632
          ],
          [
            -73.93164,
            40.8463
          ],
          [
            -73.93159,
            40.84628
          ],
          [
            -73.93155,
            40.84626
          ],
          [
            -73.93149,
            40.84623
          ],
          [
            -73.93144,
            40.84621
          ],
          [
            -73.93138,
            40.84617
          ],
          [
            -73.93134,
            40.84615
          ],
          [
            -73.93128,
            40.84612
          ],
          [
            -73.93123,
            40.84608
          ],
          [
            -73.93118,
            40.84605
          ],
          [
            -73.93113,
            40.84602
          ],
          [
            -73.93109,
            40.846
          ],
          [
            -73.93106,
            40.84597
          ],
          [
            -73.93102,
            40.84595
          ],
          [
            -73.93099,
            40.84592
          ],
          [
            -73.93095,
            40.84589
          ],
          [
            -73.93092,
            40.84586
          ],
          [
            -73.93089,
            40.84584
          ],
          [
            -73.93087,
            40.84581
          ],
          [
            -73.93085,
            40.84579
          ],
          [
            -73.93083,
            40.84577
          ],
          [
            -73.93081,
            40.84574
          ],
          [
            -73.93079,
            40.84571
          ],
          [
            -73.93077,
            40.84568
          ],
          [
            -73.93075,
            40.84564
          ],
          [
            -73.93073,
            40.84561
          ],
          [
            -73.93072,
            40.84557
          ],
          [
            -73.93071,
            40.84554
          ],
          [
            -73.9307,
            40.8455
          ],
          [
            -73.93069,
            40.84548
          ],
          [
            -73.93069,
            40.84546
          ],
          [
            -73.93068,
            40.84543
          ],
          [
            -73.93068,
            40.84539
          ],
          [
            -73.93068,
            40.84532
          ],
          [
            -73.93071,
            40.84522
          ],
          [
            -73.93072,
            40.84519
          ],
          [
            -73.93073,
            40.84517
          ],
          [
            -73.93074,
            40.84515
          ],
          [
            -73.93075,
            40.84511
          ],
          [
            -73.93077,
            40.84508
          ],
          [
            -73.9308,
            40.84504
          ],
          [
            -73.93081,
            40.84502
          ],
          [
            -73.93084,
            40.84498
          ],
          [
            -73.93108,
            40.84468
          ],
          [
            -73.93123,
            40.84449
          ],
          [
            -73.93127,
            40.84445
          ],
          [
            -73.93131,
            40.8444
          ],
          [
            -73.93134,
            40.84436
          ],
          [
            -73.93138,
            40.8443
          ],
          [
            -73.93142,
            40.84424
          ],
          [
            -73.93145,
            40.84418
          ],
          [
            -73.93147,
            40.84413
          ],
          [
            -73.9315,
            40.84407
          ],
          [
            -73.93152,
            40.84402
          ],
          [
            -73.93153,
            40.84397
          ],
          [
            -73.93155,
            40.84392
          ],
          [
            -73.93157,
            40.84386
          ],
          [
            -73.93158,
            40.84381
          ],
          [
            -73.9316,
            40.84375
          ],
          [
            -73.93161,
            40.8437
          ],
          [
            -73.93161,
            40.84365
          ],
          [
            -73.93162,
            40.8436
          ],
          [
            -73.93162,
            40.84356
          ],
          [
            -73.93162,
            40.84352
          ],
          [
            -73.93162,
            40.84348
          ],
          [
            -73.93162,
            40.84343
          ],
          [
            -73.93161,
            40.8434
          ],
          [
            -73.93161,
            40.84337
          ],
          [
            -73.93161,
            40.84333
          ],
          [
            -73.9316,
            40.8433
          ],
          [
            -73.93154,
            40.84292
          ],
          [
            -73.93153,
            40.84287
          ],
          [
            -73.93153,
            40.84283
          ],
          [
            -73.93152,
            40.84277
          ],
          [
            -73.93151,
            40.84272
          ],
          [
            -73.93151,
            40.84266
          ],
          [
            -73.93151,
            40.84261
          ],
          [
            -73.93151,
            40.84256
          ],
          [
            -73.93151,
            40.8425
          ],
          [
            -73.93152,
            40.84246
          ],
          [
            -73.93152,
            40.84244
          ],
          [
            -73.93152,
            40.84242
          ],
          [
            -73.93152,
            40.8424
          ],
          [
            -73.93153,
            40.84237
          ],
          [
            -73.93153,
            40.84234
          ],
          [
            -73.93154,
            40.84232
          ],
          [
            -73.93155,
            40.84227
          ],
          [
            -73.93156,
            40.84222
          ],
          [
            -73.93158,
            40.84212
          ],
          [
            -73.93161,
            40.84202
          ],
          [
            -73.93164,
            40.84195
          ],
          [
            -73.93167,
            40.84185
          ],
          [
            -73.93169,
            40.84179
          ],
          [
            -73.93171,
            40.84175
          ],
          [
            -73.93173,
            40.8417
          ],
          [
            -73.93175,
            40.84167
          ],
          [
            -73.93177,
            40.84163
          ],
          [
            -73.9318,
            40.84156
          ],
          [
            -73.93183,
            40.84151
          ],
          [
            -73.93186,
            40.84144
          ],
          [
            -73.9319,
            40.84138
          ],
          [
            -73.93256,
            40.84025
          ],
          [
            -73.93267,
            40.84006
          ],
          [
            -73.93273,
            40.83995
          ],
          [
            -73.9328,
            40.83983
          ],
          [
            -73.93287,
            40.8397
          ],
          [
            -73.93294,
            40.83956
          ],
          [
            -73.93303,
            40.8394
          ],
          [
            -73.93318,
            40.8391
          ],
          [
            -73.93345,
            40.83874
          ],
          [
            -73.93345,
            40.83874
          ],
          [
            -73.93357,
            40.83849
          ],
          [
            -73.93362,
            40.83839
          ],
          [
            -73.93368,
            40.83827
          ],
          [
            -73.93375,
            40.83813
          ],
          [
            -73.9338,
            40.83803
          ],
          [
            -73.93389,
            40.83788
          ],
          [
            -73.93401,
            40.83766
          ],
          [
            -73.93483,
            40.8362
          ],
          [
            -73.93489,
            40.8361
          ],
          [
            -73.93494,
            40.836
          ],
          [
            -73.93499,
            40.83588
          ],
          [
            -73.93503,
            40.8358
          ],
          [
            -73.93507,
            40.83569
          ],
          [
            -73.93511,
            40.83559
          ],
          [
            -73.93515,
            40.83548
          ],
          [
            -73.93518,
            40.83538
          ],
          [
            -73.93521,
            40.83527
          ],
          [
            -73.93524,
            40.83516
          ],
          [
            -73.93528,
            40.83494
          ],
          [
            -73.93531,
            40.83472
          ],
          [
            -73.93534,
            40.83449
          ],
          [
            -73.93536,
            40.83428
          ],
          [
            -73.93538,
            40.83405
          ],
          [
            -73.93538,
            40.83384
          ],
          [
            -73.93539,
            40.83362
          ],
          [
            -73.93539,
            40.8334
          ],
          [
            -73.93538,
            40.83318
          ],
          [
            -73.93536,
            40.83297
          ],
          [
            -73.93518,
            40.83067
          ],
          [
            -73.93516,
            40.83045
          ],
          [
            -73.93514,
            40.83023
          ],
          [
            -73.93511,
            40.83002
          ],
          [
            -73.93509,
            40.8298
          ],
          [
            -73.93502,
            40.82933
          ],
          [
            -73.93487,
            40.82829
          ],
          [
            -73.93473,
            40.82723
          ],
          [
            -73.9346,
            40.82591
          ],
          [
            -73.93458,
            40.82571
          ],
          [
            -73.93456,
            40.82551
          ],
          [
            -73.93455,
            40.8253
          ],
          [
            -73.93454,
            40.82511
          ],
          [
            -73.93453,
            40.8249
          ],
          [
            -73.93454,
            40.82421
          ],
          [
            -73.93454,
            40.824
          ],
          [
            -73.93454,
            40.8238
          ],
          [
            -73.93453,
            40.82361
          ],
          [
            -73.93446,
            40.8227
          ],
          [
            -73.93445,
            40.82249
          ],
          [
            -73.93444,
            40.8223
          ],
          [
            -73.93445,
            40.82209
          ],
          [
            -73.93447,
            40.82188
          ],
          [
            -73.93449,
            40.82159
          ],
          [
            -73.93451,
            40.82139
          ],
          [
            -73.93452,
            40.82119
          ],
          [
            -73.93452,
            40.82098
          ],
          [
            -73.93451,
            40.82077
          ],
          [
            -73.93448,
            40.82016
          ],
          [
            -73.93447,
            40.81986
          ],
          [
            -73.93446,
            40.81954
          ],
          [
            -73.93444,
            40.81931
          ],
          [
            -73.93441,
            40.81909
          ],
          [
            -73.93436,
            40.81888
          ],
          [
            -73.93424,
            40.81836
          ],
          [
            -73.93419,
            40.81814
          ],
          [
            -73.93415,
            40.81791
          ],
          [
            -73.93413,
            40.81771
          ],
          [
            -73.93412,
            40.81747
          ],
          [
            -73.93412,
            40.81727
          ],
          [
            -73.93414,
            40.81705
          ],
          [
            -73.93439,
            40.81476
          ],
          [
            -73.93443,
            40.81434
          ],
          [
            -73.93449,
            40.81382
          ],
          [
            -73.93451,
            40.81359
          ],
          [
            -73.93453,
            40.81322
          ],
          [
            -73.93461,
            40.81241
          ],
          [
            -73.93463,
            40.81226
          ],
          [
            -73.93465,
            40.81213
          ],
          [
            -73.93467,
            40.81199
          ],
          [
            -73.93471,
            40.81183
          ],
          [
            -73.93474,
            40.81167
          ],
          [
            -73.93499,
            40.81067
          ],
          [
            -73.93502,
            40.81054
          ],
          [
            -73.93504,
            40.81043
          ],
          [
            -73.93506,
            40.81033
          ],
          [
            -73.93507,
            40.81018
          ],
          [
            -73.93508,
            40.81003
          ],
          [
            -73.93507,
            40.80991
          ],
          [
            -73.93506,
            40.80978
          ],
          [
            -73.93504,
            40.80961
          ],
          [
            -73.93501,
            40.80947
          ],
          [
            -73.935,
            40.80941
          ],
          [
            -73.93499,
            40.80935
          ],
          [
            -73.93493,
            40.80913
          ],
          [
            -73.93486,
            40.80892
          ],
          [
            -73.93478,
            40.80872
          ],
          [
            -73.9347,
            40.80851
          ],
          [
            -73.93459,
            40.80829
          ],
          [
            -73.93449,
            40.8081
          ],
          [
            -73.93437,
            40.8079
          ],
          [
            -73.93431,
            40.80779
          ],
          [
            -73.93419,
            40.8076
          ],
          [
            -73.93405,
            40.8074
          ],
          [
            -73.93385,
            40.80713
          ],
          [
            -73.93366,
            40.80691
          ],
          [
            -73.93338,
            40.80657
          ],
          [
            -73.93269,
            40.80586
          ],
          [
            -73.93215,
            40.80531
          ],
          [
            -73.93202,
            40.80518
          ],
          [
            -73.93193,
            40.80508
          ],
          [
            -73.93181,
            40.80496
          ],
          [
            -73.9317,
            40.80485
          ],
          [
            -73.9316,
            40.80473
          ],
          [
            -73.9315,
            40.80461
          ],
          [
            -73.93139,
            40.80448
          ],
          [
            -73.93128,
            40.80434
          ],
          [
            -73.93118,
            40.8042
          ],
          [
            -73.93109,
            40.80408
          ],
          [
            -73.93101,
            40.80395
          ],
          [
            -73.93092,
            40.80382
          ],
          [
            -73.93086,
            40.8037
          ],
          [
            -73.93079,
            40.80359
          ],
          [
            -73.93071,
            40.80343
          ],
          [
            -73.93066,
            40.80333
          ],
          [
            -73.93056,
            40.80311
          ],
          [
            -73.9305,
            40.80297
          ],
          [
            -73.93044,
            40.80282
          ],
          [
            -73.93037,
            40.80256
          ],
          [
            -73.93031,
            40.80237
          ],
          [
            -73.93021,
            40.80187
          ],
          [
            -73.93018,
            40.80168
          ],
          [
            -73.93008,
            40.80138
          ],
          [
            -73.92996,
            40.80097
          ],
          [
            -73.92993,
            40.8008
          ],
          [
            -73.9299,
            40.80065
          ],
          [
            -73.92989,
            40.80049
          ],
          [
            -73.92989,
            40.80031
          ],
          [
            -73.92989,
            40.80016
          ],
          [
            -73.92989,
            40.79961
          ],
          [
            -73.92988,
            40.7995
          ],
          [
            -73.92988,
            40.7994
          ],
          [
            -73.92986,
            40.79929
          ],
          [
            -73.92983,
            40.79919
          ],
          [
            -73.92979,
            40.79907
          ],
          [
            -73.92975,
            40.79896
          ],
          [
            -73.92969,
            40.79879
          ],
          [
            -73.92965,
            40.79867
          ],
          [
            -73.92961,
            40.79854
          ],
          [
            -73.92956,
            40.79837
          ],
          [
            -73.92946,
            40.79795
          ],
          [
            -73.92942,
            40.7978
          ],
          [
            -73.92939,
            40.79766
          ],
          [
            -73.92937,
            40.7975
          ],
          [
            -73.92933,
            40.79717
          ],
          [
            -73.92933,
            40.79717
          ],
          [
            -73.92933,
            40.79709
          ],
          [
            -73.92935,
            40.79693
          ],
          [
            -73.92938,
            40.79672
          ],
          [
            -73.92943,
            40.79651
          ],
          [
            -73.92948,
            40.79629
          ],
          [
            -73.92955,
            40.79609
          ],
          [
            -73.92963,
            40.79589
          ],
          [
            -73.92968,
            40.79578
          ],
          [
            -73.92979,
            40.79559
          ],
          [
            -73.92991,
            40.79541
          ],
          [
            -73.93006,
            40.79521
          ],
          [
            -73.93013,
            40.79511
          ],
          [
            -73.9302,
            40.79503
          ],
          [
            -73.93028,
            40.79494
          ],
          [
            -73.93037,
            40.79486
          ],
          [
            -73.93046,
            40.79478
          ],
          [
            -73.93056,
            40.79471
          ],
          [
            -73.93067,
            40.79463
          ],
          [
            -73.93078,
            40.79457
          ],
          [
            -73.93228,
            40.79376
          ],
          [
            -73.93287,
            40.79344
          ],
          [
            -73.93309,
            40.79331
          ],
          [
            -73.93332,
            40.79318
          ],
          [
            -73.93355,
            40.79305
          ],
          [
            -73.93377,
            40.79291
          ],
          [
            -73.93399,
            40.79277
          ],
          [
            -73.93421,
            40.79263
          ],
          [
            -73.93442,
            40.79248
          ],
          [
            -73.93526,
            40.7919
          ],
          [
            -73.93546,
            40.79175
          ],
          [
            -73.93555,
            40.79168
          ],
          [
            -73.93565,
            40.7916
          ],
          [
            -73.93576,
            40.79151
          ],
          [
            -73.93586,
            40.79142
          ],
          [
            -73.93595,
            40.79133
          ],
          [
            -73.93603,
            40.79125
          ],
          [
            -73.93611,
            40.79116
          ],
          [
            -73.93619,
            40.79108
          ],
          [
            -73.93626,
            40.79099
          ],
          [
            -73.93633,
            40.7909
          ],
          [
            -73.93673,
            40.79041
          ],
          [
            -73.93673,
            40.79041
          ],
          [
            -73.93707,
            40.79009
          ],
          [
            -73.93719,
            40.78995
          ],
          [
            -73.93729,
            40.78981
          ],
          [
            -73.93746,
            40.78959
          ],
          [
            -73.93746,
            40.78959
          ],
          [
            -73.93754,
            40.78944
          ],
          [
            -73.9376,
            40.7893
          ],
          [
            -73.9378,
            40.78884
          ],
          [
            -73.93786,
            40.7887
          ],
          [
            -73.93786,
            40.7887
          ],
          [
            -73.93793,
            40.78874
          ],
          [
            -73.93827,
            40.78888
          ],
          [
            -73.93877,
            40.78909
          ],
          [
            -73.9395,
            40.78939
          ],
          [
            -73.93972,
            40.78949
          ],
          [
            -73.93993,
            40.78957
          ],
          [
            -73.94006,
            40.78963
          ],
          [
            -73.94017,
            40.78967
          ],
          [
            -73.94021,
            40.78969
          ],
          [
            -73.94042,
            40.78978
          ],
          [
            -73.94048,
            40.7898
          ],
          [
            -73.9406,
            40.78986
          ],
          [
            -73.94078,
            40.78993
          ],
          [
            -73.942,
            40.79044
          ],
          [
            -73.94209,
            40.79048
          ],
          [
            -73.94231,
            40.79057
          ],
          [
            -73.94235,
            40.79059
          ],
          [
            -73.94243,
            40.79063
          ],
          [
            -73.94258,
            40.79069
          ],
          [
            -73.94278,
            40.79078
          ],
          [
            -73.94312,
            40.79092
          ],
          [
            -73.94433,
            40.79143
          ],
          [
            -73.94443,
            40.79147
          ],
          [
            -73.94454,
            40.79152
          ],
          [
            -73.94468,
            40.79157
          ],
          [
            -73.94468,
            40.79157
          ],
          [
            -73.94461,
            40.79167
          ],
          [
            -73.94443,
            40.79192
          ],
          [
            -73.94443,
            40.79192
          ],
          [
            -73.94443,
            40.79192
          ],
          [
            -73.94422,
            40.7922
          ],
          [
            -73.94418,
            40.79225
          ],
          [
            -73.94414,
            40.79231
          ],
          [
            -73.94383,
            40.79272
          ],
          [
            -73.94376,
            40.79282
          ],
          [
            -73.94372,
            40.79288
          ],
          [
            -73.94369,
            40.79292
          ],
          [
            -73.94332,
            40.79343
          ],
          [
            -73.94327,
            40.7935
          ],
          [
            -73.94322,
            40.79356
          ],
          [
            -73.94306,
            40.79378
          ],
          [
            -73.94284,
            40.79409
          ],
          [
            -73.94281,
            40.79413
          ],
          [
            -73.94276,
            40.79419
          ],
          [
            -73.94239,
            40.79471
          ],
          [
            -73.94235,
            40.79476
          ],
          [
            -73.9423,
            40.79482
          ],
          [
            -73.94193,
            40.79534
          ],
          [
            -73.94188,
            40.79541
          ],
          [
            -73.94182,
            40.79548
          ],
          [
            -73.94145,
            40.79598
          ],
          [
            -73.94137,
            40.7961
          ],
          [
            -73.9412,
            40.79634
          ],
          [
            -73.94098,
            40.79663
          ],
          [
            -73.94057,
            40.7972
          ],
          [
            -73.94052,
            40.79727
          ],
          [
            -73.94047,
            40.79733
          ],
          [
            -73.94009,
            40.79786
          ],
          [
            -73.94003,
            40.79794
          ],
          [
            -73.93995,
            40.79804
          ],
          [
            -73.93956,
            40.79857
          ],
          [
            -73.93952,
            40.79863
          ],
          [
            -73.93948,
            40.79868
          ],
          [
            -73.9391,
            40.7992
          ],
          [
            -73.93906,
            40.79925
          ],
          [
            -73.93902,
            40.79931
          ],
          [
            -73.93865,
            40.79983
          ],
          [
            -73.93864,
            40.79983
          ],
          [
            -73.9386,
            40.79989
          ],
          [
            -73.93857,
            40.79994
          ],
          [
            -73.93856,
            40.79994
          ],
          [
            -73.93819,
            40.80046
          ],
          [
            -73.93816,
            40.8005
          ],
          [
            -73.93811,
            40.80056
          ],
          [
            -73.9381,
            40.80058
          ],
          [
            -73.93773,
            40.80109
          ],
          [
            -73.93769,
            40.80114
          ],
          [
            -73.93765,
            40.8012
          ],
          [
            -73.93727,
            40.80172
          ],
          [
            -73.93724,
            40.80177
          ],
          [
            -73.93719,
            40.80183
          ],
          [
            -73.93681,
            40.80234
          ],
          [
            -73.93677,
            40.8024
          ],
          [
            -73.93673,
            40.80246
          ],
          [
            -73.93635,
            40.80298
          ],
          [
            -73.93631,
            40.80303
          ],
          [
            -73.93627,
            40.80309
          ],
          [
            -73.93616,
            40.80324
          ],
          [
            -73.9359,
            40.80361
          ],
          [
            -73.93583,
            40.80371
          ],
          [
            -73.93576,
            40.8038
          ],
          [
            -73.93559,
            40.80404
          ],
          [
            -73.93538,
            40.80433
          ],
          [
            -73.93533,
            40.80439
          ],
          [
            -73.9353,
            40.80444
          ],
          [
            -73.93521,
            40.80456
          ],
          [
            -73.93493,
            40.80495
          ],
          [
            -73.93488,
            40.80501
          ],
          [
            -73.93488,
            40.80501
          ],
          [
            -73.93474,
            40.80495
          ],
          [
            -73.9343,
            40.80476
          ],
          [
            -73.93393,
            40.80461
          ],
          [
            -73.93284,
            40.80414
          ],
          [
            -73.93276,
            40.80411
          ],
          [
            -73.93267,
            40.80407
          ],
          [
            -73.93234,
            40.80394
          ],
          [
            -73.93234,
            40.80394
          ],
          [
            -73.9323,
            40.80395
          ],
          [
            -73.93225,
            40.80396
          ],
          [
            -73.9322,
            40.80396
          ],
          [
            -73.93201,
            40.80396
          ],
          [
            -73.93162,
            40.80398
          ],
          [
            -73.93153,
            40.80398
          ],
          [
            -73.93146,
            40.80398
          ],
          [
            -73.93138,
            40.804
          ],
          [
            -73.93132,
            40.80401
          ],
          [
            -73.93125,
            40.80403
          ],
          [
            -73.9312,
            40.80405
          ],
          [
            -73.93115,
            40.80407
          ],
          [
            -73.93111,
            40.8041
          ],
          [
            -73.93108,
            40.80412
          ],
          [
            -73.93105,
            40.80415
          ],
          [
            -73.93104,
            40.80418
          ],
          [
            -73.93102,
            40.80422
          ],
          [
            -73.93101,
            40.80425
          ],
          [
            -73.931,
            40.80429
          ],
          [
            -73.931,
            40.80433
          ],
          [
            -73.931,
            40.8044
          ],
          [
            -73.93101,
            40.80444
          ],
          [
            -73.93103,
            40.80449
          ],
          [
            -73.93105,
            40.80453
          ],
          [
            -73.93109,
            40.80458
          ],
          [
            -73.93121,
            40.80474
          ],
          [
            -73.93157,
            40.80517
          ],
          [
            -73.93182,
            40.80544
          ],
          [
            -73.93201,
            40.80565
          ],
          [
            -73.93222,
            40.80587
          ],
          [
            -73.93241,
            40.80608
          ],
          [
            -73.93261,
            40.80628
          ],
          [
            -73.93279,
            40.80646
          ],
          [
            -73.933,
            40.80666
          ],
          [
            -73.93321,
            40.80687
          ],
          [
            -73.93351,
            40.80708
          ],
          [
            -73.93351,
            40.80708
          ],
          [
            -73.93373,
            40.80733
          ],
          [
            -73.93392,
            40.80755
          ],
          [
            -73.93409,
            40.80776
          ],
          [
            -73.93423,
            40.80797
          ],
          [
            -73.93434,
            40.80818
          ],
          [
            -73.93446,
            40.80839
          ],
          [
            -73.93456,
            40.8086
          ],
          [
            -73.93466,
            40.80884
          ],
          [
            -73.93473,
            40.80904
          ],
          [
            -73.9348,
            40.80924
          ],
          [
            -73.93485,
            40.80945
          ],
          [
            -73.93487,
            40.80955
          ],
          [
            -73.9349,
            40.80976
          ],
          [
            -73.93491,
            40.80988
          ],
          [
            -73.93492,
            40.80999
          ],
          [
            -73.93492,
            40.81011
          ],
          [
            -73.93491,
            40.81024
          ],
          [
            -73.9349,
            40.81039
          ],
          [
            -73.93489,
            40.81051
          ],
          [
            -73.93487,
            40.81066
          ],
          [
            -73.93484,
            40.81078
          ],
          [
            -73.9346,
            40.81174
          ],
          [
            -73.93456,
            40.81195
          ],
          [
            -73.93452,
            40.81218
          ],
          [
            -73.93449,
            40.8124
          ],
          [
            -73.93446,
            40.81262
          ],
          [
            -73.93435,
            40.81382
          ],
          [
            -73.93426,
            40.81462
          ],
          [
            -73.934,
            40.81711
          ],
          [
            -73.93398,
            40.81731
          ],
          [
            -73.93398,
            40.81753
          ],
          [
            -73.93399,
            40.81775
          ],
          [
            -73.93401,
            40.81794
          ],
          [
            -73.93405,
            40.81816
          ],
          [
            -73.93409,
            40.81836
          ],
          [
            -73.93414,
            40.81856
          ],
          [
            -73.93421,
            40.81882
          ],
          [
            -73.93425,
            40.81903
          ],
          [
            -73.93429,
            40.81922
          ],
          [
            -73.93431,
            40.81943
          ],
          [
            -73.93433,
            40.81986
          ],
          [
            -73.93434,
            40.82016
          ],
          [
            -73.93437,
            40.82076
          ],
          [
            -73.93438,
            40.82097
          ],
          [
            -73.93438,
            40.82118
          ],
          [
            -73.93437,
            40.82139
          ],
          [
            -73.93435,
            40.82159
          ],
          [
            -73.93432,
            40.822
          ],
          [
            -73.93431,
            40.82219
          ],
          [
            -73.93431,
            40.8224
          ],
          [
            -73.93432,
            40.82261
          ],
          [
            -73.93439,
            40.82361
          ],
          [
            -73.9344,
            40.82381
          ],
          [
            -73.93441,
            40.82401
          ],
          [
            -73.93441,
            40.82419
          ],
          [
            -73.9344,
            40.82439
          ],
          [
            -73.93439,
            40.8249
          ],
          [
            -73.9344,
            40.8251
          ],
          [
            -73.93441,
            40.82533
          ],
          [
            -73.93442,
            40.82553
          ],
          [
            -73.93444,
            40.82573
          ],
          [
            -73.93459,
            40.82723
          ],
          [
            -73.93485,
            40.82934
          ],
          [
            -73.93492,
            40.82993
          ],
          [
            -73.935,
            40.83063
          ],
          [
            -73.93507,
            40.83113
          ],
          [
            -73.9351,
            40.83135
          ],
          [
            -73.93512,
            40.83157
          ],
          [
            -73.93516,
            40.8319
          ],
          [
            -73.93519,
            40.83222
          ],
          [
            -73.93524,
            40.83289
          ],
          [
            -73.93525,
            40.8331
          ],
          [
            -73.93526,
            40.83333
          ],
          [
            -73.93526,
            40.83354
          ],
          [
            -73.93526,
            40.83376
          ],
          [
            -73.93525,
            40.83398
          ],
          [
            -73.93523,
            40.8342
          ],
          [
            -73.93521,
            40.83442
          ],
          [
            -73.93519,
            40.83464
          ],
          [
            -73.93515,
            40.83485
          ],
          [
            -73.93511,
            40.83507
          ],
          [
            -73.93506,
            40.8353
          ],
          [
            -73.93503,
            40.83541
          ],
          [
            -73.93499,
            40.83551
          ],
          [
            -73.93495,
            40.83562
          ],
          [
            -73.93491,
            40.83572
          ],
          [
            -73.93487,
            40.83583
          ],
          [
            -73.93482,
            40.83594
          ],
          [
            -73.93478,
            40.83604
          ],
          [
            -73.93473,
            40.83614
          ],
          [
            -73.93467,
            40.83624
          ],
          [
            -73.93461,
            40.83634
          ],
          [
            -73.9345,
            40.83654
          ],
          [
            -73.93439,
            40.83675
          ],
          [
            -73.93362,
            40.83806
          ],
          [
            -73.93362,
            40.83807
          ],
          [
            -73.93347,
            40.83832
          ],
          [
            -73.93324,
            40.83868
          ],
          [
            -73.93324,
            40.83868
          ],
          [
            -73.93312,
            40.83901
          ],
          [
            -73.93305,
            40.83915
          ],
          [
            -73.933,
            40.83926
          ],
          [
            -73.93295,
            40.83936
          ],
          [
            -73.9329,
            40.83946
          ],
          [
            -73.93284,
            40.83957
          ],
          [
            -73.9328,
            40.83965
          ],
          [
            -73.93272,
            40.83979
          ],
          [
            -73.93266,
            40.83989
          ],
          [
            -73.93253,
            40.84011
          ],
          [
            -73.93222,
            40.84064
          ],
          [
            -73.93181,
            40.84136
          ],
          [
            -73.93175,
            40.84145
          ],
          [
            -73.9317,
            40.84155
          ],
          [
            -73.93166,
            40.84165
          ],
          [
            -73.93162,
            40.84175
          ],
          [
            -73.93158,
            40.84183
          ],
          [
            -73.93155,
            40.84193
          ],
          [
            -73.93152,
            40.84201
          ],
          [
            -73.93149,
            40.84213
          ],
          [
            -73.93147,
            40.84224
          ],
          [
            -73.93145,
            40.84235
          ],
          [
            -73.93143,
            40.84248
          ],
          [
            -73.93142,
            40.84253
          ],
          [
            -73.93142,
            40.84259
          ],
          [
            -73.93142,
            40.84264
          ],
          [
            -73.93142,
            40.84269
          ],
          [
            -73.93143,
            40.84276
          ],
          [
            -73.93143,
            40.84282
          ],
          [
            -73.93144,
            40.84288
          ],
          [
            -73.93145,
            40.84293
          ],
          [
            -73.93151,
            40.84331
          ],
          [
            -73.93152,
            40.84337
          ],
          [
            -73.93152,
            40.84342
          ],
          [
            -73.93153,
            40.84348
          ],
          [
            -73.93153,
            40.84353
          ],
          [
            -73.93152,
            40.84358
          ],
          [
            -73.93152,
            40.84363
          ],
          [
            -73.93152,
            40.84368
          ],
          [
            -73.93151,
            40.84373
          ],
          [
            -73.9315,
            40.84378
          ],
          [
            -73.93149,
            40.84383
          ],
          [
            -73.93147,
            40.84388
          ],
          [
            -73.93146,
            40.84394
          ],
          [
            -73.93144,
            40.84398
          ],
          [
            -73.93142,
            40.84403
          ],
          [
            -73.9314,
            40.84408
          ],
          [
            -73.93138,
            40.84413
          ],
          [
            -73.93135,
            40.84418
          ],
          [
            -73.93133,
            40.84423
          ],
          [
            -73.9313,
            40.84427
          ],
          [
            -73.93126,
            40.84432
          ],
          [
            -73.93123,
            40.84437
          ],
          [
            -73.9312,
            40.84441
          ],
          [
            -73.93117,
            40.84445
          ],
          [
            -73.93078,
            40.84493
          ],
          [
            -73.93075,
            40.84496
          ],
          [
            -73.93072,
            40.845
          ],
          [
            -73.9307,
            40.84504
          ],
          [
            -73.93067,
            40.84508
          ],
          [
            -73.93065,
            40.84512
          ],
          [
            -73.93063,
            40.84515
          ],
          [
            -73.93061,
            40.84519
          ],
          [
            -73.9306,
            40.84522
          ],
          [
            -73.93058,
            40.84526
          ],
          [
            -73.93057,
            40.84529
          ],
          [
            -73.93057,
            40.84532
          ],
          [
            -73.93056,
            40.84535
          ],
          [
            -73.93055,
            40.84538
          ],
          [
            -73.93055,
            40.84542
          ],
          [
            -73.93055,
            40.84546
          ],
          [
            -73.93055,
            40.84548
          ],
          [
            -73.93055,
            40.84548
          ],
          [
            -73.93061,
            40.8456
          ],
          [
            -73.93062,
            40.84563
          ],
          [
            -73.93063,
            40.84566
          ],
          [
            -73.93064,
            40.84569
          ],
          [
            -73.93066,
            40.84571
          ],
          [
            -73.93067,
            40.84574
          ],
          [
            -73.93068,
            40.84576
          ],
          [
            -73.9307,
            40.84578
          ],
          [
            -73.93071,
            40.84581
          ],
          [
            -73.93073,
            40.84583
          ],
          [
            -73.93076,
            40.84586
          ],
          [
            -73.93078,
            40.84589
          ],
          [
            -73.93081,
            40.84592
          ],
          [
            -73.93083,
            40.84594
          ],
          [
            -73.93086,
            40.84596
          ],
          [
            -73.93089,
            40.84599
          ],
          [
            -73.93093,
            40.84601
          ],
          [
            -73.93096,
            40.84604
          ],
          [
            -73.931,
            40.84606
          ],
          [
            -73.93103,
            40.84608
          ],
          [
            -73.93108,
            40.8461
          ],
          [
            -73.93113,
            40.84612
          ],
          [
            -73.93118,
            40.84615
          ],
          [
            -73.93125,
            40.84618
          ],
          [
            -73.9313,
            40.8462
          ],
          [
            -73.93135,
            40.84622
          ],
          [
            -73.93142,
            40.84625
          ],
          [
            -73.9315,
            40.84628
          ],
          [
            -73.93167,
            40.84635
          ],
          [
            -73.9318,
            40.84639
          ],
          [
            -73.93188,
            40.84642
          ],
          [
            -73.93192,
            40.84644
          ],
          [
            -73.93196,
            40.84645
          ],
          [
            -73.93208,
            40.8465
          ],
          [
            -73.93208,
            40.8465
          ],
          [
            -73.93228,
            40.84623
          ],
          [
            -73.93233,
            40.84616
          ],
          [
            -73.93238,
            40.84609
          ],
          [
            -73.93275,
            40.84559
          ],
          [
            -73.93278,
            40.84554
          ],
          [
            -73.93283,
            40.84548
          ],
          [
            -73.93284,
            40.84546
          ],
          [
            -73.93304,
            40.84518
          ],
          [
            -73.93304,
            40.84518
          ],
          [
            -73.93304,
            40.84518
          ],
          [
            -73.93284,
            40.84546
          ],
          [
            -73.93283,
            40.84548
          ],
          [
            -73.93278,
            40.84554
          ],
          [
            -73.93275,
            40.84559
          ],
          [
            -73.93238,
            40.84609
          ],
          [
            -73.93233,
            40.84616
          ],
          [
            -73.93228,
            40.84623
          ],
          [
            -73.93208,
            40.8465
          ],
          [
            -73.93189,
            40.84675
          ],
          [
            -73.93185,
            40.84681
          ],
          [
            -73.93181,
            40.84687
          ],
          [
            -73.93168,
            40.84704
          ],
          [
            -73.93168,
            40.84704
          ],
          [
            -73.93168,
            40.84704
          ],
          [
            -73.93162,
            40.84713
          ],
          [
            -73.93144,
            40.84738
          ],
          [
            -73.9314,
            40.84743
          ],
          [
            -73.93135,
            40.84749
          ],
          [
            -73.93117,
            40.84774
          ],
          [
            -73.93117,
            40.84775
          ],
          [
            -73.93111,
            40.84782
          ],
          [
            -73.93096,
            40.84803
          ],
          [
            -73.93088,
            40.84814
          ],
          [
            -73.93082,
            40.84822
          ],
          [
            -73.93079,
            40.84825
          ],
          [
            -73.9307,
            40.84839
          ],
          [
            -73.9307,
            40.84839
          ],
          [
            -73.9307,
            40.84839
          ],
          [
            -73.93079,
            40.84825
          ],
          [
            -73.93082,
            40.84822
          ],
          [
            -73.93088,
            40.84814
          ],
          [
            -73.93096,
            40.84803
          ],
          [
            -73.93111,
            40.84782
          ],
          [
            -73.93117,
            40.84775
          ],
          [
            -73.93117,
            40.84774
          ],
          [
            -73.93135,
            40.84749
          ],
          [
            -73.9314,
            40.84743
          ],
          [
            -73.93144,
            40.84738
          ],
          [
            -73.93162,
            40.84713
          ],
          [
            -73.93181,
            40.84687
          ],
          [
            -73.93185,
            40.84681
          ],
          [
            -73.93189,
            40.84675
          ],
          [
            -73.93208,
            40.8465
          ],
          [
            -73.93208,
            40.8465
          ],
          [
            -73.93196,
            40.84645
          ],
          [
            -73.93192,
            40.84644
          ],
          [
            -73.93188,
            40.84642
          ],
          [
            -73.9318,
            40.84639
          ],
          [
            -73.93169,
            40.84632
          ],
          [
            -73.93164,
            40.8463
          ],
          [
            -73.93159,
            40.84628
          ],
          [
            -73.93155,
            40.84626
          ],
          [
            -73.93149,
            40.84623
          ],
          [
            -73.93144,
            40.84621
          ],
          [
            -73.93138,
            40.84617
          ],
          [
            -73.93134,
            40.84615
          ],
          [
            -73.93128,
            40.84612
          ],
          [
            -73.93123,
            40.84608
          ],
          [
            -73.93118,
            40.84605
          ],
          [
            -73.93113,
            40.84602
          ],
          [
            -73.93109,
            40.846
          ],
          [
            -73.93106,
            40.84597
          ],
          [
            -73.93102,
            40.84595
          ],
          [
            -73.93099,
            40.84592
          ],
          [
            -73.93095,
            40.84589
          ],
          [
            -73.93092,
            40.84586
          ],
          [
            -73.93089,
            40.84584
          ],
          [
            -73.93087,
            40.84581
          ],
          [
            -73.93085,
            40.84579
          ],
          [
            -73.93083,
            40.84577
          ],
          [
            -73.93081,
            40.84574
          ],
          [
            -73.93079,
            40.84571
          ],
          [
            -73.93077,
            40.84568
          ],
          [
            -73.93075,
            40.84564
          ],
          [
            -73.93073,
            40.84561
          ],
          [
            -73.93072,
            40.84557
          ],
          [
            -73.93071,
            40.84554
          ],
          [
            -73.9307,
            40.8455
          ],
          [
            -73.93069,
            40.84548
          ],
          [
            -73.93069,
            40.84546
          ],
          [
            -73.93068,
            40.84543
          ],
          [
            -73.93068,
            40.84539
          ],
          [
            -73.93068,
            40.84532
          ],
          [
            -73.93071,
            40.84522
          ],
          [
            -73.93072,
            40.84519
          ],
          [
            -73.93073,
            40.84517
          ],
          [
            -73.93074,
            40.84515
          ],
          [
            -73.93075,
            40.84511
          ],
          [
            -73.93077,
            40.84508
          ],
          [
            -73.9308,
            40.84504
          ],
          [
            -73.93081,
            40.84502
          ],
          [
            -73.93084,
            40.84498
          ],
          [
            -73.93108,
            40.84468
          ],
          [
            -73.93123,
            40.84449
          ],
          [
            -73.93127,
            40.84445
          ],
          [
            -73.93131,
            40.8444
          ],
          [
            -73.93134,
            40.84436
          ],
          [
            -73.93138,
            40.8443
          ],
          [
            -73.93142,
            40.84424
          ],
          [
            -73.93145,
            40.84418
          ],
          [
            -73.93147,
            40.84413
          ],
          [
            -73.9315,
            40.84407
          ],
          [
            -73.93152,
            40.84402
          ],
          [
            -73.93153,
            40.84397
          ],
          [
            -73.93155,
            40.84392
          ],
          [
            -73.93157,
            40.84386
          ],
          [
            -73.93158,
            40.84381
          ],
          [
            -73.9316,
            40.84375
          ],
          [
            -73.93161,
            40.8437
          ],
          [
            -73.93161,
            40.84365
          ],
          [
            -73.93162,
            40.8436
          ],
          [
            -73.93162,
            40.84356
          ],
          [
            -73.93162,
            40.84352
          ],
          [
            -73.93162,
            40.84348
          ],
          [
            -73.93162,
            40.84343
          ],
          [
            -73.93161,
            40.8434
          ],
          [
            -73.93161,
            40.84337
          ],
          [
            -73.93161,
            40.84333
          ],
          [
            -73.9316,
            40.8433
          ],
          [
            -73.93154,
            40.84292
          ],
          [
            -73.93153,
            40.84287
          ],
          [
            -73.93153,
            40.84283
          ],
          [
            -73.93152,
            40.84277
          ],
          [
            -73.93151,
            40.84272
          ],
          [
            -73.93151,
            40.84266
          ],
          [
            -73.93151,
            40.84261
          ],
          [
            -73.93151,
            40.84256
          ],
          [
            -73.93151,
            40.8425
          ],
          [
            -73.93152,
            40.84246
          ],
          [
            -73.93152,
            40.84244
          ],
          [
            -73.93152,
            40.84242
          ],
          [
            -73.93152,
            40.8424
          ],
          [
            -73.93153,
            40.84237
          ],
          [
            -73.93153,
            40.84234
          ],
          [
            -73.93154,
            40.84232
          ],
          [
            -73.93155,
            40.84227
          ],
          [
            -73.93156,
            40.84222
          ],
          [
            -73.93158,
            40.84212
          ],
          [
            -73.93161,
            40.84202
          ],
          [
            -73.93164,
            40.84195
          ],
          [
            -73.93167,
            40.84185
          ],
          [
            -73.93169,
            40.84179
          ],
          [
            -73.93171,
            40.84175
          ],
          [
            -73.93173,
            40.8417
          ],
          [
            -73.93175,
            40.84167
          ],
          [
            -73.93177,
            40.84163
          ],
          [
            -73.9318,
            40.84156
          ],
          [
            -73.93183,
            40.84151
          ],
          [
            -73.93186,
            40.84144
          ],
          [
            -73.9319,
            40.84138
          ],
          [
            -73.93256,
            40.84025
          ],
          [
            -73.93267,
            40.84006
          ],
          [
            -73.93273,
            40.83995
          ],
          [
            -73.9328,
            40.83983
          ],
          [
            -73.93287,
            40.8397
          ],
          [
            -73.93294,
            40.83956
          ],
          [
            -73.93303,
            40.8394
          ],
          [
            -73.93318,
            40.8391
          ],
          [
            -73.93345,
            40.83874
          ],
          [
            -73.93345,
            40.83874
          ],
          [
            -73.93357,
            40.83849
          ],
          [
            -73.93362,
            40.83839
          ],
          [
            -73.93368,
            40.83827
          ],
          [
            -73.93375,
            40.83813
          ],
          [
            -73.9338,
            40.83803
          ],
          [
            -73.93389,
            40.83788
          ],
          [
            -73.93401,
            40.83766
          ],
          [
            -73.93483,
            40.8362
          ],
          [
            -73.93489,
            40.8361
          ],
          [
            -73.93494,
            40.836
          ],
          [
            -73.93499,
            40.83588
          ],
          [
            -73.93503,
            40.8358
          ],
          [
            -73.93507,
            40.83569
          ],
          [
            -73.93511,
            40.83559
          ],
          [
            -73.93515,
            40.83548
          ],
          [
            -73.93518,
            40.83538
          ],
          [
            -73.93521,
            40.83527
          ],
          [
            -73.93524,
            40.83516
          ],
          [
            -73.93528,
            40.83494
          ],
          [
            -73.93531,
            40.83472
          ],
          [
            -73.93534,
            40.83449
          ],
          [
            -73.93536,
            40.83428
          ],
          [
            -73.93538,
            40.83405
          ],
          [
            -73.93538,
            40.83384
          ],
          [
            -73.93539,
            40.83362
          ],
          [
            -73.93539,
            40.8334
          ],
          [
            -73.93538,
            40.83318
          ],
          [
            -73.93536,
            40.83297
          ],
          [
            -73.93518,
            40.83067
          ],
          [
            -73.93516,
            40.83045
          ],
          [
            -73.93514,
            40.83023
          ],
          [
            -73.93511,
            40.83002
          ],
          [
            -73.93509,
            40.8298
          ],
          [
            -73.93502,
            40.82933
          ],
          [
            -73.93487,
            40.82829
          ],
          [
            -73.93473,
            40.82723
          ],
          [
            -73.9346,
            40.82591
          ],
          [
            -73.93458,
            40.82571
          ],
          [
            -73.93456,
            40.82551
          ],
          [
            -73.93455,
            40.8253
          ],
          [
            -73.93454,
            40.82511
          ],
          [
            -73.93453,
            40.8249
          ],
          [
            -73.93454,
            40.82421
          ],
          [
            -73.93454,
            40.824
          ],
          [
            -73.93454,
            40.8238
          ],
          [
            -73.93453,
            40.82361
          ],
          [
            -73.93446,
            40.8227
          ],
          [
            -73.93445,
            40.82249
          ],
          [
            -73.93444,
            40.8223
          ],
          [
            -73.93445,
            40.82209
          ],
          [
            -73.93447,
            40.82188
          ],
          [
            -73.93449,
            40.82159
          ],
          [
            -73.93451,
            40.82139
          ],
          [
            -73.93452,
            40.82119
          ],
          [
            -73.93452,
            40.82098
          ],
          [
            -73.93451,
            40.82077
          ],
          [
            -73.93448,
            40.82016
          ],
          [
            -73.93447,
            40.81986
          ],
          [
            -73.93446,
            40.81954
          ],
          [
            -73.93444,
            40.81931
          ],
          [
            -73.93441,
            40.81909
          ],
          [
            -73.93436,
            40.81888
          ],
          [
            -73.93424,
            40.81836
          ],
          [
            -73.93419,
            40.81814
          ],
          [
            -73.93415,
            40.81791
          ],
          [
            -73.93413,
            40.81771
          ],
          [
            -73.93412,
            40.81747
          ],
          [
            -73.93412,
            40.81727
          ],
          [
            -73.93414,
            40.81705
          ],
          [
            -73.93439,
            40.81476
          ],
          [
            -73.93443,
            40.81434
          ],
          [
            -73.93449,
            40.81382
          ],
          [
            -73.93451,
            40.81359
          ],
          [
            -73.93453,
            40.81322
          ],
          [
            -73.93461,
            40.81241
          ],
          [
            -73.93463,
            40.81226
          ],
          [
            -73.93465,
            40.81213
          ],
          [
            -73.93467,
            40.81199
          ],
          [
            -73.93471,
            40.81183
          ],
          [
            -73.93474,
            40.81167
          ],
          [
            -73.93499,
            40.81067
          ],
          [
            -73.93502,
            40.81054
          ],
          [
            -73.93504,
            40.81043
          ],
          [
            -73.93506,
            40.81033
          ],
          [
            -73.93507,
            40.81018
          ],
          [
            -73.93508,
            40.81003
          ],
          [
            -73.93507,
            40.80991
          ],
          [
            -73.93506,
            40.80978
          ],
          [
            -73.93504,
            40.80961
          ],
          [
            -73.93501,
            40.80947
          ],
          [
            -73.935,
            40.80941
          ],
          [
            -73.93499,
            40.80935
          ],
          [
            -73.93499,
            40.80935
          ],
          [
            -73.93487,
            40.80911
          ],
          [
            -73.93482,
            40.80897
          ],
          [
            -73.93477,
            40.80884
          ],
          [
            -73.93472,
            40.80871
          ],
          [
            -73.93466,
            40.80857
          ],
          [
            -73.9346,
            40.80845
          ],
          [
            -73.93455,
            40.80835
          ],
          [
            -73.93449,
            40.80824
          ],
          [
            -73.93444,
            40.80814
          ],
          [
            -73.93436,
            40.80802
          ],
          [
            -73.93429,
            40.8079
          ],
          [
            -73.93422,
            40.80779
          ],
          [
            -73.93414,
            40.80768
          ],
          [
            -73.93406,
            40.80756
          ],
          [
            -73.93396,
            40.80743
          ],
          [
            -73.93386,
            40.80731
          ],
          [
            -73.93376,
            40.80719
          ],
          [
            -73.93362,
            40.80703
          ],
          [
            -73.93347,
            40.80688
          ],
          [
            -73.93206,
            40.80542
          ],
          [
            -73.93202,
            40.80536
          ],
          [
            -73.93198,
            40.80531
          ],
          [
            -73.93195,
            40.80524
          ],
          [
            -73.93195,
            40.80521
          ],
          [
            -73.93194,
            40.80516
          ],
          [
            -73.93194,
            40.80513
          ],
          [
            -73.93195,
            40.80508
          ],
          [
            -73.93196,
            40.80505
          ],
          [
            -73.93198,
            40.805
          ],
          [
            -73.93211,
            40.80481
          ],
          [
            -73.93216,
            40.80474
          ],
          [
            -73.93232,
            40.80454
          ],
          [
            -73.93232,
            40.80454
          ],
          [
            -73.93242,
            40.80441
          ],
          [
            -73.93263,
            40.80413
          ],
          [
            -73.93267,
            40.80407
          ],
          [
            -73.93277,
            40.80391
          ],
          [
            -73.9329,
            40.80367
          ],
          [
            -73.93304,
            40.80349
          ],
          [
            -73.93308,
            40.80343
          ],
          [
            -73.93314,
            40.80335
          ],
          [
            -73.93338,
            40.80303
          ],
          [
            -73.93348,
            40.80289
          ],
          [
            -73.93351,
            40.80285
          ],
          [
            -73.93358,
            40.80276
          ],
          [
            -73.93365,
            40.80267
          ],
          [
            -73.9338,
            40.80246
          ],
          [
            -73.93402,
            40.80217
          ],
          [
            -73.93408,
            40.80209
          ],
          [
            -73.93412,
            40.80203
          ],
          [
            -73.93417,
            40.80196
          ],
          [
            -73.93449,
            40.80151
          ],
          [
            -73.93453,
            40.80145
          ],
          [
            -73.93458,
            40.80138
          ],
          [
            -73.93487,
            40.80098
          ],
          [
            -73.93495,
            40.80088
          ],
          [
            -73.93499,
            40.80082
          ],
          [
            -73.93503,
            40.80077
          ],
          [
            -73.93529,
            40.80041
          ],
          [
            -73.9354,
            40.80026
          ],
          [
            -73.93545,
            40.8002
          ],
          [
            -73.93549,
            40.80014
          ],
          [
            -73.93577,
            40.79975
          ],
          [
            -73.93585,
            40.79964
          ],
          [
            -73.93591,
            40.79956
          ],
          [
            -73.93594,
            40.79951
          ],
          [
            -73.93632,
            40.799
          ],
          [
            -73.93636,
            40.79894
          ],
          [
            -73.9364,
            40.79889
          ],
          [
            -73.93665,
            40.79855
          ],
          [
            -73.93667,
            40.79852
          ],
          [
            -73.93678,
            40.79837
          ],
          [
            -73.93682,
            40.79831
          ],
          [
            -73.93686,
            40.79825
          ],
          [
            -73.93723,
            40.79774
          ],
          [
            -73.93728,
            40.79768
          ],
          [
            -73.93732,
            40.79763
          ],
          [
            -73.93745,
            40.79746
          ],
          [
            -73.93764,
            40.79719
          ],
          [
            -73.9377,
            40.79711
          ],
          [
            -73.93777,
            40.79702
          ],
          [
            -73.93784,
            40.79692
          ],
          [
            -73.93808,
            40.7966
          ],
          [
            -73.93824,
            40.79639
          ],
          [
            -73.93829,
            40.79631
          ],
          [
            -73.93829,
            40.79631
          ],
          [
            -73.93842,
            40.79636
          ],
          [
            -73.93894,
            40.79658
          ],
          [
            -73.93998,
            40.79702
          ],
          [
            -73.9404,
            40.7972
          ],
          [
            -73.94052,
            40.79727
          ],
          [
            -73.94052,
            40.79727
          ],
          [
            -73.94047,
            40.79733
          ],
          [
            -73.94011,
            40.79783
          ],
          [
            -73.94011,
            40.79783
          ],
          [
            -73.94011,
            40.79783
          ],
          [
            -73.94009,
            40.79786
          ],
          [
            -73.94003,
            40.79794
          ],
          [
            -73.93995,
            40.79804
          ],
          [
            -73.93956,
            40.79857
          ],
          [
            -73.93952,
            40.79863
          ],
          [
            -73.93948,
            40.79868
          ],
          [
            -73.9391,
            40.7992
          ],
          [
            -73.93906,
            40.79925
          ],
          [
            -73.93902,
            40.79931
          ],
          [
            -73.93865,
            40.79983
          ],
          [
            -73.93864,
            40.79983
          ],
          [
            -73.9386,
            40.79989
          ],
          [
            -73.93857,
            40.79994
          ],
          [
            -73.93856,
            40.79994
          ],
          [
            -73.93819,
            40.80046
          ],
          [
            -73.93816,
            40.8005
          ],
          [
            -73.93811,
            40.80056
          ],
          [
            -73.9381,
            40.80058
          ],
          [
            -73.93773,
            40.80109
          ],
          [
            -73.93769,
            40.80114
          ],
          [
            -73.93765,
            40.8012
          ],
          [
            -73.93727,
            40.80172
          ],
          [
            -73.93724,
            40.80177
          ],
          [
            -73.93719,
            40.80183
          ],
          [
            -73.93681,
            40.80234
          ],
          [
            -73.93677,
            40.8024
          ],
          [
            -73.93673,
            40.80246
          ],
          [
            -73.93635,
            40.80298
          ],
          [
            -73.93631,
            40.80303
          ],
          [
            -73.93627,
            40.80309
          ],
          [
            -73.93616,
            40.80324
          ],
          [
            -73.9359,
            40.80361
          ],
          [
            -73.93583,
            40.80371
          ],
          [
            -73.93583,
            40.80371
          ],
          [
            -73.93596,
            40.80376
          ],
          [
            -73.9363,
            40.80391
          ],
          [
            -73.93652,
            40.804
          ],
          [
            -73.93673,
            40.80409
          ],
          [
            -73.93685,
            40.80414
          ],
          [
            -73.93735,
            40.80435
          ],
          [
            -73.93743,
            40.80438
          ],
          [
            -73.93753,
            40.80442
          ],
          [
            -73.93788,
            40.80457
          ],
          [
            -73.93858,
            40.80487
          ],
          [
            -73.93885,
            40.80498
          ],
          [
            -73.93889,
            40.805
          ],
          [
            -73.93904,
            40.80506
          ],
          [
            -73.93918,
            40.80512
          ],
          [
            -73.93924,
            40.80515
          ],
          [
            -73.9397,
            40.80534
          ],
          [
            -73.94013,
            40.80552
          ],
          [
            -73.94027,
            40.80558
          ],
          [
            -73.94055,
            40.8057
          ],
          [
            -73.94064,
            40.80574
          ],
          [
            -73.94076,
            40.80579
          ],
          [
            -73.941,
            40.80589
          ],
          [
            -73.94183,
            40.80624
          ],
          [
            -73.94191,
            40.80627
          ],
          [
            -73.94217,
            40.80638
          ],
          [
            -73.94227,
            40.80642
          ],
          [
            -73.94237,
            40.80646
          ],
          [
            -73.9426,
            40.80656
          ],
          [
            -73.94269,
            40.8066
          ],
          [
            -73.94378,
            40.80706
          ],
          [
            -73.94383,
            40.80708
          ],
          [
            -73.94389,
            40.8071
          ],
          [
            -73.94425,
            40.80726
          ],
          [
            -73.94481,
            40.80749
          ],
          [
            -73.94533,
            40.80771
          ],
          [
            -73.94541,
            40.80775
          ],
          [
            -73.94557,
            40.80781
          ],
          [
            -73.94567,
            40.80785
          ],
          [
            -73.94686,
            40.80836
          ],
          [
            -73.94691,
            40.80838
          ],
          [
            -73.94696,
            40.8084
          ],
          [
            -73.94769,
            40.80871
          ],
          [
            -73.94801,
            40.80884
          ],
          [
            -73.94813,
            40.80889
          ],
          [
            -73.94825,
            40.80894
          ],
          [
            -73.9484,
            40.80901
          ],
          [
            -73.94853,
            40.80906
          ],
          [
            -73.94882,
            40.80918
          ],
          [
            -73.94882,
            40.80918
          ],
          [
            -73.94882,
            40.80918
          ],
          [
            -73.94973,
            40.80957
          ],
          [
            -73.94979,
            40.80959
          ],
          [
            -73.94987,
            40.80962
          ],
          [
            -73.95105,
            40.81012
          ],
          [
            -73.95118,
            40.81018
          ],
          [
            -73.95131,
            40.81023
          ],
          [
            -73.95163,
            40.81036
          ],
          [
            -73.95163,
            40.81036
          ],
          [
            -73.95163,
            40.81036
          ],
          [
            -73.95176,
            40.81042
          ],
          [
            -73.95188,
            40.81047
          ],
          [
            -73.95219,
            40.8106
          ],
          [
            -73.95246,
            40.81071
          ],
          [
            -73.95259,
            40.81077
          ],
          [
            -73.95273,
            40.81083
          ],
          [
            -73.95304,
            40.81096
          ],
          [
            -73.95304,
            40.81096
          ],
          [
            -73.95304,
            40.81096
          ],
          [
            -73.95317,
            40.81101
          ],
          [
            -73.95358,
            40.81118
          ],
          [
            -73.95389,
            40.81132
          ],
          [
            -73.95401,
            40.81137
          ],
          [
            -73.95414,
            40.81142
          ],
          [
            -73.95469,
            40.81166
          ],
          [
            -73.95475,
            40.81168
          ],
          [
            -73.9548,
            40.81171
          ],
          [
            -73.95483,
            40.81173
          ],
          [
            -73.95489,
            40.8118
          ],
          [
            -73.95497,
            40.81188
          ],
          [
            -73.955,
            40.81191
          ],
          [
            -73.955,
            40.81192
          ],
          [
            -73.95509,
            40.81201
          ],
          [
            -73.95522,
            40.81216
          ],
          [
            -73.95528,
            40.81223
          ],
          [
            -73.95574,
            40.81276
          ],
          [
            -73.95618,
            40.81328
          ],
          [
            -73.95627,
            40.81338
          ],
          [
            -73.95627,
            40.81338
          ],
          [
            -73.95618,
            40.8135
          ],
          [
            -73.9561,
            40.81362
          ],
          [
            -73.95597,
            40.81379
          ],
          [
            -73.95597,
            40.81379
          ],
          [
            -73.95597,
            40.81379
          ],
          [
            -73.95579,
            40.81402
          ],
          [
            -73.95576,
            40.81406
          ],
          [
            -73.9557,
            40.81414
          ],
          [
            -73.95565,
            40.81421
          ],
          [
            -73.95549,
            40.81442
          ],
          [
            -73.95544,
            40.81448
          ],
          [
            -73.9554,
            40.81454
          ],
          [
            -73.95524,
            40.81477
          ],
          [
            -73.95504,
            40.81506
          ],
          [
            -73.955,
            40.81511
          ],
          [
            -73.95495,
            40.81517
          ],
          [
            -73.95466,
            40.81558
          ],
          [
            -73.95458,
            40.81569
          ],
          [
            -73.95454,
            40.81574
          ],
          [
            -73.9545,
            40.81579
          ],
          [
            -73.95411,
            40.81631
          ],
          [
            -73.95408,
            40.81636
          ],
          [
            -73.95402,
            40.81643
          ],
          [
            -73.95382,
            40.81671
          ],
          [
            -73.95382,
            40.81671
          ],
          [
            -73.95382,
            40.81671
          ],
          [
            -73.95379,
            40.81676
          ],
          [
            -73.95322,
            40.81753
          ],
          [
            -73.95318,
            40.81759
          ],
          [
            -73.95312,
            40.81767
          ],
          [
            -73.95298,
            40.81787
          ],
          [
            -73.95298,
            40.81787
          ],
          [
            -73.95298,
            40.81787
          ],
          [
            -73.95295,
            40.81792
          ],
          [
            -73.95277,
            40.81817
          ],
          [
            -73.95272,
            40.81823
          ],
          [
            -73.95269,
            40.81827
          ],
          [
            -73.95244,
            40.81861
          ],
          [
            -73.95227,
            40.81886
          ],
          [
            -73.95226,
            40.81887
          ],
          [
            -73.95221,
            40.81893
          ],
          [
            -73.95217,
            40.81899
          ],
          [
            -73.95216,
            40.81901
          ],
          [
            -73.95178,
            40.81951
          ],
          [
            -73.95173,
            40.81957
          ],
          [
            -73.95168,
            40.81964
          ],
          [
            -73.9513,
            40.82016
          ],
          [
            -73.95087,
            40.82075
          ],
          [
            -73.95081,
            40.82082
          ],
          [
            -73.95078,
            40.82087
          ],
          [
            -73.95064,
            40.82107
          ],
          [
            -73.95064,
            40.82107
          ],
          [
            -73.95064,
            40.82107
          ],
          [
            -73.9504,
            40.82139
          ],
          [
            -73.95036,
            40.82144
          ],
          [
            -73.95032,
            40.82151
          ],
          [
            -73.94995,
            40.82201
          ],
          [
            -73.94991,
            40.82206
          ],
          [
            -73.94986,
            40.82213
          ],
          [
            -73.9495,
            40.82263
          ],
          [
            -73.94946,
            40.82268
          ],
          [
            -73.94941,
            40.82275
          ],
          [
            -73.94904,
            40.82326
          ],
          [
            -73.94899,
            40.82332
          ],
          [
            -73.94895,
            40.82337
          ],
          [
            -73.94858,
            40.82389
          ],
          [
            -73.94854,
            40.82394
          ],
          [
            -73.9485,
            40.82399
          ],
          [
            -73.94812,
            40.82451
          ],
          [
            -73.94809,
            40.82455
          ],
          [
            -73.94804,
            40.82462
          ],
          [
            -73.94767,
            40.82514
          ],
          [
            -73.9476,
            40.82524
          ],
          [
            -73.94752,
            40.82534
          ],
          [
            -73.94714,
            40.82585
          ],
          [
            -73.94711,
            40.8259
          ],
          [
            -73.94706,
            40.82596
          ],
          [
            -73.94669,
            40.82648
          ],
          [
            -73.94665,
            40.82653
          ],
          [
            -73.94661,
            40.82659
          ],
          [
            -73.94623,
            40.8271
          ],
          [
            -73.94619,
            40.82715
          ],
          [
            -73.94615,
            40.82721
          ],
          [
            -73.94577,
            40.82773
          ],
          [
            -73.94573,
            40.82778
          ],
          [
            -73.94569,
            40.82784
          ],
          [
            -73.94532,
            40.82835
          ],
          [
            -73.94528,
            40.8284
          ],
          [
            -73.94524,
            40.82846
          ],
          [
            -73.94511,
            40.82863
          ],
          [
            -73.94509,
            40.82866
          ],
          [
            -73.945,
            40.82878
          ],
          [
            -73.94487,
            40.82897
          ],
          [
            -73.94483,
            40.82902
          ],
          [
            -73.9448,
            40.82906
          ],
          [
            -73.94441,
            40.82959
          ],
          [
            -73.94437,
            40.82964
          ],
          [
            -73.94433,
            40.8297
          ],
          [
            -73.94416,
            40.82993
          ],
          [
            -73.94416,
            40.82993
          ],
          [
            -73.94416,
            40.82993
          ],
          [
            -73.94409,
            40.83003
          ],
          [
            -73.94396,
            40.83021
          ],
          [
            -73.94391,
            40.83027
          ],
          [
            -73.94388,
            40.83032
          ],
          [
            -73.9435,
            40.83084
          ],
          [
            -73.94346,
            40.83089
          ],
          [
            -73.94342,
            40.83095
          ],
          [
            -73.94305,
            40.83146
          ],
          [
            -73.94297,
            40.83157
          ],
          [
            -73.9429,
            40.83166
          ],
          [
            -73.94287,
            40.8317
          ],
          [
            -73.94287,
            40.8317
          ],
          [
            -73.94287,
            40.8317
          ],
          [
            -73.94252,
            40.83218
          ],
          [
            -73.94248,
            40.83223
          ],
          [
            -73.94244,
            40.83229
          ],
          [
            -73.94206,
            40.83281
          ],
          [
            -73.94201,
            40.83288
          ],
          [
            -73.94198,
            40.83292
          ],
          [
            -73.94161,
            40.83343
          ],
          [
            -73.94157,
            40.83348
          ],
          [
            -73.94152,
            40.83355
          ],
          [
            -73.94144,
            40.83366
          ],
          [
            -73.94144,
            40.83366
          ],
          [
            -73.94144,
            40.83366
          ],
          [
            -73.94115,
            40.83406
          ],
          [
            -73.94111,
            40.83411
          ],
          [
            -73.94106,
            40.83417
          ],
          [
            -73.94069,
            40.83467
          ],
          [
            -73.94065,
            40.83473
          ],
          [
            -73.94061,
            40.83479
          ],
          [
            -73.94024,
            40.8353
          ],
          [
            -73.9402,
            40.83536
          ],
          [
            -73.94016,
            40.83542
          ],
          [
            -73.94006,
            40.83556
          ],
          [
            -73.93993,
            40.83576
          ],
          [
            -73.93988,
            40.83582
          ],
          [
            -73.93984,
            40.83589
          ],
          [
            -73.93981,
            40.83593
          ],
          [
            -73.93971,
            40.83607
          ],
          [
            -73.93956,
            40.83628
          ],
          [
            -73.93939,
            40.83651
          ],
          [
            -73.93934,
            40.83658
          ],
          [
            -73.93929,
            40.83664
          ],
          [
            -73.93889,
            40.83719
          ],
          [
            -73.93886,
            40.83724
          ],
          [
            -73.93881,
            40.8373
          ],
          [
            -73.93866,
            40.8375
          ],
          [
            -73.93866,
            40.8375
          ],
          [
            -73.93866,
            40.8375
          ],
          [
            -73.93862,
            40.83755
          ],
          [
            -73.9384,
            40.83782
          ],
          [
            -73.93835,
            40.83788
          ],
          [
            -73.93827,
            40.838
          ],
          [
            -73.93818,
            40.83812
          ],
          [
            -73.93805,
            40.8383
          ],
          [
            -73.93791,
            40.83849
          ],
          [
            -73.93783,
            40.83861
          ],
          [
            -73.93777,
            40.83868
          ],
          [
            -73.93775,
            40.83871
          ],
          [
            -73.93773,
            40.83874
          ],
          [
            -73.93756,
            40.83899
          ],
          [
            -73.93753,
            40.83902
          ],
          [
            -73.93739,
            40.83922
          ],
          [
            -73.93736,
            40.83927
          ],
          [
            -73.93735,
            40.83928
          ],
          [
            -73.93734,
            40.8393
          ],
          [
            -73.93721,
            40.83946
          ],
          [
            -73.93717,
            40.83951
          ],
          [
            -73.93696,
            40.8398
          ],
          [
            -73.93691,
            40.83986
          ],
          [
            -73.93685,
            40.83994
          ],
          [
            -73.93678,
            40.84003
          ],
          [
            -73.93667,
            40.84019
          ],
          [
            -73.9365,
            40.84042
          ],
          [
            -73.93646,
            40.84048
          ],
          [
            -73.93642,
            40.84053
          ],
          [
            -73.93631,
            40.84068
          ],
          [
            -73.93608,
            40.84099
          ],
          [
            -73.93604,
            40.84106
          ],
          [
            -73.93601,
            40.84109
          ],
          [
            -73.93598,
            40.84114
          ],
          [
            -73.9358,
            40.84138
          ],
          [
            -73.93565,
            40.84158
          ],
          [
            -73.9356,
            40.84165
          ],
          [
            -73.93557,
            40.8417
          ],
          [
            -73.93553,
            40.84175
          ],
          [
            -73.93538,
            40.84195
          ],
          [
            -73.93516,
            40.84225
          ],
          [
            -73.93512,
            40.8423
          ],
          [
            -73.93509,
            40.84235
          ],
          [
            -73.93503,
            40.84244
          ],
          [
            -73.93488,
            40.84265
          ],
          [
            -73.93473,
            40.84288
          ],
          [
            -73.93468,
            40.84294
          ],
          [
            -73.93462,
            40.84302
          ],
          [
            -73.93442,
            40.8433
          ],
          [
            -73.93425,
            40.84352
          ],
          [
            -73.93421,
            40.84358
          ],
          [
            -73.93416,
            40.84365
          ],
          [
            -73.93398,
            40.84389
          ],
          [
            -73.9338,
            40.84414
          ],
          [
            -73.93372,
            40.84425
          ],
          [
            -73.93365,
            40.84435
          ],
          [
            -73.93328,
            40.84486
          ],
          [
            -73.93324,
            40.84491
          ],
          [
            -73.9332,
            40.84496
          ],
          [
            -73.93284,
            40.84546
          ],
          [
            -73.93283,
            40.84548
          ],
          [
            -73.93278,
            40.84554
          ],
          [
            -73.93275,
            40.84559
          ],
          [
            -73.93238,
            40.84609
          ],
          [
            -73.93233,
            40.84616
          ],
          [
            -73.93228,
            40.84623
          ],
          [
            -73.93208,
            40.8465
          ],
          [
            -73.93189,
            40.84675
          ],
          [
            -73.93185,
            40.84681
          ],
          [
            -73.93181,
            40.84687
          ],
          [
            -73.93162,
            40.84713
          ],
          [
            -73.93144,
            40.84738
          ],
          [
            -73.9314,
            40.84743
          ],
          [
            -73.93135,
            40.84749
          ],
          [
            -73.93117,
            40.84774
          ],
          [
            -73.93117,
            40.84775
          ],
          [
            -73.93111,
            40.84782
          ],
          [
            -73.93096,
            40.84803
          ],
          [
            -73.93088,
            40.84814
          ],
          [
            -73.93082,
            40.84822
          ],
          [
            -73.93079,
            40.84825
          ],
          [
            -73.9307,
            40.84839
          ],
          [
            -73.93062,
            40.8485
          ],
          [
            -73.93051,
            40.84864
          ],
          [
            -73.93047,
            40.8487
          ],
          [
            -73.93043,
            40.84876
          ],
          [
            -73.9304,
            40.8488
          ],
          [
            -73.93031,
            40.84892
          ],
          [
            -73.93008,
            40.84923
          ],
          [
            -73.93004,
            40.84929
          ],
          [
            -73.93002,
            40.84932
          ],
          [
            -73.92996,
            40.84939
          ],
          [
            -73.92976,
            40.84966
          ],
          [
            -73.92974,
            40.84971
          ],
          [
            -73.92971,
            40.84975
          ],
          [
            -73.92968,
            40.84983
          ],
          [
            -73.92968,
            40.84983
          ],
          [
            -73.92968,
            40.84983
          ],
          [
            -73.92964,
            40.84992
          ],
          [
            -73.92962,
            40.84995
          ],
          [
            -73.9296,
            40.84998
          ],
          [
            -73.92925,
            40.85045
          ],
          [
            -73.9292,
            40.85053
          ],
          [
            -73.92916,
            40.85057
          ],
          [
            -73.9289,
            40.85093
          ],
          [
            -73.92871,
            40.85113
          ],
          [
            -73.92865,
            40.85119
          ],
          [
            -73.92862,
            40.85124
          ],
          [
            -73.92841,
            40.85152
          ],
          [
            -73.92825,
            40.85174
          ],
          [
            -73.92821,
            40.8518
          ],
          [
            -73.92816,
            40.85187
          ],
          [
            -73.92811,
            40.85193
          ],
          [
            -73.92774,
            40.85243
          ],
          [
            -73.9277,
            40.8525
          ],
          [
            -73.92766,
            40.85255
          ],
          [
            -73.92749,
            40.85278
          ],
          [
            -73.92739,
            40.85292
          ],
          [
            -73.92728,
            40.85306
          ],
          [
            -73.92724,
            40.85312
          ],
          [
            -73.9272,
            40.85317
          ],
          [
            -73.92686,
            40.85364
          ],
          [
            -73.92681,
            40.85372
          ],
          [
            -73.92675,
            40.8538
          ],
          [
            -73.92663,
            40.85396
          ],
          [
            -73.92663,
            40.85396
          ],
          [
            -73.92663,
            40.85396
          ],
          [
            -73.92591,
            40.85494
          ],
          [
            -73.92514,
            40.85597
          ],
          [
            -73.92486,
            40.85637
          ],
          [
            -73.92486,
            40.85637
          ],
          [
            -73.92474,
            40.85657
          ],
          [
            -73.92465,
            40.85678
          ],
          [
            -73.92463,
            40.85697
          ],
          [
            -73.92465,
            40.85716
          ],
          [
            -73.9247,
            40.85731
          ],
          [
            -73.92477,
            40.85745
          ],
          [
            -73.92484,
            40.8576
          ],
          [
            -73.92493,
            40.85776
          ],
          [
            -73.92497,
            40.85782
          ],
          [
            -73.92503,
            40.8579
          ],
          [
            -73.92508,
            40.85796
          ],
          [
            -73.9252,
            40.85807
          ],
          [
            -73.92531,
            40.85812
          ],
          [
            -73.9254,
            40.85816
          ],
          [
            -73.92546,
            40.85818
          ],
          [
            -73.92552,
            40.8582
          ],
          [
            -73.92561,
            40.85822
          ],
          [
            -73.92571,
            40.85823
          ],
          [
            -73.92587,
            40.85824
          ],
          [
            -73.92602,
            40.85822
          ],
          [
            -73.92609,
            40.8582
          ],
          [
            -73.92616,
            40.85819
          ],
          [
            -73.92619,
            40.85818
          ],
          [
            -73.92625,
            40.85816
          ],
          [
            -73.92636,
            40.8581
          ],
          [
            -73.92647,
            40.85803
          ],
          [
            -73.9265,
            40.858
          ],
          [
            -73.9265,
            40.858
          ]
        ]
      }
    },
    {
      "type": "Feature",
      "properties": {
        "route_id": "M101-N-Night",
        "layer": "T1 Optimal"
      },
      "geometry": {
        "type": "LineString",
        "coordinates": [
          [
            -73.98929,
            40.73041
          ],
          [
            -73.98916,
            40.73059
          ],
          [
            -73.98913,
            40.73063
          ],
          [
            -73.9891,
            40.73067
          ],
          [
            -73.98906,
            40.73073
          ],
          [
            -73.98906,
            40.73073
          ],
          [
            -73.98892,
            40.73067
          ],
          [
            -73.98752,
            40.73007
          ],
          [
            -73.98702,
            40.72987
          ],
          [
            -73.98699,
            40.72985
          ],
          [
            -73.98693,
            40.72983
          ],
          [
            -73.98681,
            40.72978
          ],
          [
            -73.98669,
            40.72973
          ],
          [
            -73.98465,
            40.72887
          ],
          [
            -73.98458,
            40.72884
          ],
          [
            -73.98444,
            40.72878
          ],
          [
            -73.98444,
            40.72878
          ],
          [
            -73.9844,
            40.72883
          ],
          [
            -73.9842,
            40.72911
          ],
          [
            -73.98403,
            40.72933
          ],
          [
            -73.984,
            40.72937
          ],
          [
            -73.98396,
            40.72943
          ],
          [
            -73.98379,
            40.72966
          ],
          [
            -73.98358,
            40.72996
          ],
          [
            -73.98354,
            40.73002
          ],
          [
            -73.9835,
            40.73007
          ],
          [
            -73.98321,
            40.73047
          ],
          [
            -73.9831,
            40.7306
          ],
          [
            -73.98306,
            40.73065
          ],
          [
            -73.98302,
            40.73071
          ],
          [
            -73.98282,
            40.731
          ],
          [
            -73.98263,
            40.73127
          ],
          [
            -73.98256,
            40.73135
          ],
          [
            -73.98251,
            40.73142
          ],
          [
            -73.9822,
            40.73185
          ],
          [
            -73.98215,
            40.7319
          ],
          [
            -73.9821,
            40.73198
          ],
          [
            -73.98206,
            40.73203
          ],
          [
            -73.98201,
            40.7321
          ],
          [
            -73.98185,
            40.73233
          ],
          [
            -73.98164,
            40.73261
          ],
          [
            -73.9816,
            40.73266
          ],
          [
            -73.98155,
            40.73273
          ],
          [
            -73.98146,
            40.73285
          ],
          [
            -73.98141,
            40.73292
          ],
          [
            -73.9813,
            40.73307
          ],
          [
            -73.9812,
            40.7332
          ],
          [
            -73.98115,
            40.73326
          ],
          [
            -73.98112,
            40.73331
          ],
          [
            -73.98091,
            40.7336
          ],
          [
            -73.98078,
            40.73376
          ],
          [
            -73.98074,
            40.73383
          ],
          [
            -73.9807,
            40.73388
          ],
          [
            -73.98044,
            40.73425
          ],
          [
            -73.98035,
            40.73437
          ],
          [
            -73.98031,
            40.73443
          ],
          [
            -73.98027,
            40.73448
          ],
          [
            -73.97998,
            40.73489
          ],
          [
            -73.97994,
            40.73494
          ],
          [
            -73.97989,
            40.73501
          ],
          [
            -73.97984,
            40.73508
          ],
          [
            -73.97969,
            40.73529
          ],
          [
            -73.97966,
            40.73533
          ],
          [
            -73.9796,
            40.73541
          ],
          [
            -73.9795,
            40.73555
          ],
          [
            -73.97945,
            40.73561
          ],
          [
            -73.97941,
            40.73566
          ],
          [
            -73.97915,
            40.73603
          ],
          [
            -73.97906,
            40.73616
          ],
          [
            -73.97901,
            40.73622
          ],
          [
            -73.97899,
            40.73629
          ],
          [
            -73.97892,
            40.73638
          ],
          [
            -73.97861,
            40.7368
          ],
          [
            -73.97854,
            40.7369
          ],
          [
            -73.97847,
            40.73699
          ],
          [
            -73.97831,
            40.73722
          ],
          [
            -73.97826,
            40.73728
          ],
          [
            -73.9781,
            40.73749
          ],
          [
            -73.97805,
            40.73756
          ],
          [
            -73.97801,
            40.73762
          ],
          [
            -73.97774,
            40.73798
          ],
          [
            -73.9777,
            40.73804
          ],
          [
            -73.97764,
            40.73812
          ],
          [
            -73.97761,
            40.73817
          ],
          [
            -73.97756,
            40.73823
          ],
          [
            -73.9773,
            40.73859
          ],
          [
            -73.97719,
            40.73874
          ],
          [
            -73.97715,
            40.7388
          ],
          [
            -73.9771,
            40.73886
          ],
          [
            -73.97677,
            40.73932
          ],
          [
            -73.97674,
            40.73936
          ],
          [
            -73.97666,
            40.73947
          ],
          [
            -73.97639,
            40.73984
          ],
          [
            -73.97629,
            40.73998
          ],
          [
            -73.97625,
            40.74004
          ],
          [
            -73.97621,
            40.74009
          ],
          [
            -73.97614,
            40.74018
          ],
          [
            -73.97594,
            40.74045
          ],
          [
            -73.97591,
            40.74049
          ],
          [
            -73.97583,
            40.74059
          ],
          [
            -73.97579,
            40.74065
          ],
          [
            -73.97575,
            40.74071
          ],
          [
            -73.97539,
            40.7412
          ],
          [
            -73.97534,
            40.74127
          ],
          [
            -73.97528,
            40.74135
          ],
          [
            -73.97469,
            40.74216
          ],
          [
            -73.97469,
            40.74216
          ],
          [
            -73.97432,
            40.74267
          ],
          [
            -73.97428,
            40.74273
          ],
          [
            -73.97418,
            40.74287
          ],
          [
            -73.97407,
            40.74302
          ],
          [
            -73.97401,
            40.74309
          ],
          [
            -73.97396,
            40.74317
          ],
          [
            -73.97386,
            40.74331
          ],
          [
            -73.97383,
            40.74335
          ],
          [
            -73.97358,
            40.74369
          ],
          [
            -73.97351,
            40.74379
          ],
          [
            -73.97351,
            40.74379
          ],
          [
            -73.97337,
            40.74373
          ],
          [
            -73.97314,
            40.74363
          ],
          [
            -73.9728,
            40.74349
          ],
          [
            -73.97255,
            40.74338
          ],
          [
            -73.97226,
            40.74326
          ],
          [
            -73.97207,
            40.74318
          ],
          [
            -73.97207,
            40.74318
          ],
          [
            -73.97201,
            40.74329
          ],
          [
            -73.97186,
            40.74353
          ],
          [
            -73.97164,
            40.74387
          ],
          [
            -73.9716,
            40.74393
          ],
          [
            -73.97132,
            40.74435
          ],
          [
            -73.97132,
            40.74435
          ],
          [
            -73.97095,
            40.7446
          ],
          [
            -73.97091,
            40.74463
          ],
          [
            -73.97087,
            40.74467
          ],
          [
            -73.97084,
            40.74471
          ],
          [
            -73.97058,
            40.74503
          ],
          [
            -73.97057,
            40.74505
          ],
          [
            -73.97037,
            40.7453
          ],
          [
            -73.97014,
            40.74556
          ],
          [
            -73.9697,
            40.74607
          ],
          [
            -73.96967,
            40.74612
          ],
          [
            -73.96966,
            40.74619
          ],
          [
            -73.96966,
            40.74621
          ],
          [
            -73.96966,
            40.74621
          ],
          [
            -73.96907,
            40.74676
          ],
          [
            -73.96882,
            40.74703
          ],
          [
            -73.96788,
            40.74816
          ],
          [
            -73.96594,
            40.75048
          ],
          [
            -73.96499,
            40.75157
          ],
          [
            -73.96385,
            40.7528
          ],
          [
            -73.96351,
            40.75317
          ],
          [
            -73.96333,
            40.7534
          ],
          [
            -73.96313,
            40.75366
          ],
          [
            -73.96296,
            40.75387
          ],
          [
            -73.96215,
            40.75478
          ],
          [
            -73.96207,
            40.75487
          ],
          [
            -73.96198,
            40.75496
          ],
          [
            -73.96189,
            40.75504
          ],
          [
            -73.96179,
            40.75513
          ],
          [
            -73.96167,
            40.75522
          ],
          [
            -73.96155,
            40.75531
          ],
          [
            -73.96111,
            40.75569
          ],
          [
            -73.96087,
            40.75591
          ],
          [
            -73.96063,
            40.75614
          ],
          [
            -73.96041,
            40.75638
          ],
          [
            -73.9602,
            40.75664
          ],
          [
            -73.95997,
            40.75693
          ],
          [
            -73.95909,
            40.75803
          ],
          [
            -73.95839,
            40.75901
          ],
          [
            -73.9581,
            40.7594
          ],
          [
            -73.958,
            40.75951
          ],
          [
            -73.95786,
            40.75964
          ],
          [
            -73.95777,
            40.75972
          ],
          [
            -73.95768,
            40.7598
          ],
          [
            -73.95758,
            40.75988
          ],
          [
            -73.95747,
            40.75995
          ],
          [
            -73.95726,
            40.7601
          ],
          [
            -73.95636,
            40.76073
          ],
          [
            -73.95617,
            40.76089
          ],
          [
            -73.95601,
            40.76102
          ],
          [
            -73.95583,
            40.76118
          ],
          [
            -73.95572,
            40.76129
          ],
          [
            -73.95559,
            40.7614
          ],
          [
            -73.95476,
            40.76214
          ],
          [
            -73.95457,
            40.76231
          ],
          [
            -73.95438,
            40.76249
          ],
          [
            -73.95422,
            40.76264
          ],
          [
            -73.95405,
            40.76283
          ],
          [
            -73.95353,
            40.76342
          ],
          [
            -73.952,
            40.76511
          ],
          [
            -73.9519,
            40.76522
          ],
          [
            -73.95162,
            40.76553
          ],
          [
            -73.95104,
            40.76618
          ],
          [
            -73.95089,
            40.76635
          ],
          [
            -73.95074,
            40.76653
          ],
          [
            -73.95061,
            40.76672
          ],
          [
            -73.95048,
            40.7669
          ],
          [
            -73.95034,
            40.76707
          ],
          [
            -73.95004,
            40.76741
          ],
          [
            -73.95002,
            40.76743
          ],
          [
            -73.94973,
            40.76775
          ],
          [
            -73.94957,
            40.76794
          ],
          [
            -73.94944,
            40.76812
          ],
          [
            -73.9493,
            40.7683
          ],
          [
            -73.94917,
            40.76848
          ],
          [
            -73.94902,
            40.76866
          ],
          [
            -73.94894,
            40.76875
          ],
          [
            -73.94887,
            40.76883
          ],
          [
            -73.94823,
            40.76952
          ],
          [
            -73.948,
            40.76978
          ],
          [
            -73.94784,
            40.76995
          ],
          [
            -73.94766,
            40.7701
          ],
          [
            -73.9475,
            40.77027
          ],
          [
            -73.94679,
            40.77104
          ],
          [
            -73.94663,
            40.77121
          ],
          [
            -73.94646,
            40.77137
          ],
          [
            -73.94627,
            40.77152
          ],
          [
            -73.94607,
            40.77168
          ],
          [
            -73.9459,
            40.77183
          ],
          [
            -73.94564,
            40.77204
          ],
          [
            -73.94546,
            40.77219
          ],
          [
            -73.94527,
            40.77234
          ],
          [
            -73.94508,
            40.77248
          ],
          [
            -73.94487,
            40.77267
          ],
          [
            -73.9447,
            40.77284
          ],
          [
            -73.94448,
            40.77308
          ],
          [
            -73.94345,
            40.77421
          ],
          [
            -73.94334,
            40.77432
          ],
          [
            -73.94322,
            40.77446
          ],
          [
            -73.9431,
            40.77461
          ],
          [
            -73.943,
            40.77474
          ],
          [
            -73.94289,
            40.77489
          ],
          [
            -73.94281,
            40.77502
          ],
          [
            -73.94272,
            40.77519
          ],
          [
            -73.94263,
            40.77537
          ],
          [
            -73.94257,
            40.77553
          ],
          [
            -73.94253,
            40.77566
          ],
          [
            -73.9425,
            40.77578
          ],
          [
            -73.94247,
            40.77594
          ],
          [
            -73.94246,
            40.77606
          ],
          [
            -73.94245,
            40.77619
          ],
          [
            -73.94245,
            40.77629
          ],
          [
            -73.94246,
            40.77646
          ],
          [
            -73.94248,
            40.77663
          ],
          [
            -73.9425,
            40.77678
          ],
          [
            -73.94253,
            40.77694
          ],
          [
            -73.94257,
            40.77709
          ],
          [
            -73.94282,
            40.77791
          ],
          [
            -73.94289,
            40.77811
          ],
          [
            -73.94297,
            40.77828
          ],
          [
            -73.94357,
            40.7796
          ],
          [
            -73.94366,
            40.77979
          ],
          [
            -73.94374,
            40.77999
          ],
          [
            -73.94381,
            40.78019
          ],
          [
            -73.94388,
            40.78039
          ],
          [
            -73.94393,
            40.7806
          ],
          [
            -73.944,
            40.78091
          ],
          [
            -73.944,
            40.78091
          ],
          [
            -73.944,
            40.78127
          ],
          [
            -73.94401,
            40.78141
          ],
          [
            -73.94401,
            40.78156
          ],
          [
            -73.94401,
            40.78168
          ],
          [
            -73.94401,
            40.78177
          ],
          [
            -73.94399,
            40.78188
          ],
          [
            -73.94398,
            40.78197
          ],
          [
            -73.94395,
            40.78207
          ],
          [
            -73.94393,
            40.78217
          ],
          [
            -73.94383,
            40.78252
          ],
          [
            -73.94377,
            40.78274
          ],
          [
            -73.94377,
            40.78278
          ],
          [
            -73.94378,
            40.78282
          ],
          [
            -73.94378,
            40.78288
          ],
          [
            -73.94378,
            40.78288
          ],
          [
            -73.94379,
            40.7829
          ],
          [
            -73.94382,
            40.78294
          ],
          [
            -73.94385,
            40.78296
          ],
          [
            -73.94404,
            40.78304
          ],
          [
            -73.94411,
            40.78307
          ],
          [
            -73.94455,
            40.78325
          ],
          [
            -73.94472,
            40.78325
          ],
          [
            -73.94486,
            40.78331
          ],
          [
            -73.945,
            40.78337
          ],
          [
            -73.94517,
            40.78344
          ],
          [
            -73.94559,
            40.78362
          ],
          [
            -73.94591,
            40.78375
          ],
          [
            -73.94697,
            40.7842
          ],
          [
            -73.94709,
            40.78425
          ],
          [
            -73.94722,
            40.78431
          ],
          [
            -73.94731,
            40.78434
          ],
          [
            -73.94745,
            40.7844
          ],
          [
            -73.94902,
            40.78507
          ],
          [
            -73.9492,
            40.78514
          ],
          [
            -73.94933,
            40.7852
          ],
          [
            -73.94933,
            40.7852
          ],
          [
            -73.94925,
            40.7853
          ],
          [
            -73.94888,
            40.78582
          ],
          [
            -73.94883,
            40.78589
          ],
          [
            -73.94878,
            40.78596
          ],
          [
            -73.94844,
            40.78644
          ],
          [
            -73.94839,
            40.7865
          ],
          [
            -73.94834,
            40.78656
          ],
          [
            -73.94802,
            40.787
          ],
          [
            -73.94797,
            40.78706
          ],
          [
            -73.94792,
            40.78712
          ],
          [
            -73.94787,
            40.78719
          ],
          [
            -73.94772,
            40.7874
          ],
          [
            -73.9475,
            40.7877
          ],
          [
            -73.94746,
            40.78775
          ],
          [
            -73.94742,
            40.78781
          ],
          [
            -73.94709,
            40.78826
          ],
          [
            -73.94704,
            40.78833
          ],
          [
            -73.947,
            40.78839
          ],
          [
            -73.94696,
            40.78845
          ],
          [
            -73.9466,
            40.78893
          ],
          [
            -73.94655,
            40.789
          ],
          [
            -73.9465,
            40.78907
          ],
          [
            -73.94612,
            40.78959
          ],
          [
            -73.94609,
            40.78964
          ],
          [
            -73.94604,
            40.78971
          ],
          [
            -73.94568,
            40.79019
          ],
          [
            -73.94564,
            40.79025
          ],
          [
            -73.94558,
            40.79033
          ],
          [
            -73.94521,
            40.79085
          ],
          [
            -73.94517,
            40.79089
          ],
          [
            -73.94513,
            40.79095
          ],
          [
            -73.94475,
            40.79147
          ],
          [
            -73.94468,
            40.79157
          ],
          [
            -73.94461,
            40.79167
          ],
          [
            -73.94422,
            40.7922
          ],
          [
            -73.94418,
            40.79225
          ],
          [
            -73.94414,
            40.79231
          ],
          [
            -73.94383,
            40.79272
          ],
          [
            -73.94376,
            40.79282
          ],
          [
            -73.94372,
            40.79288
          ],
          [
            -73.94369,
            40.79292
          ],
          [
            -73.94332,
            40.79343
          ],
          [
            -73.94327,
            40.7935
          ],
          [
            -73.94322,
            40.79356
          ],
          [
            -73.94306,
            40.79378
          ],
          [
            -73.94284,
            40.79409
          ],
          [
            -73.94281,
            40.79413
          ],
          [
            -73.94276,
            40.79419
          ],
          [
            -73.94239,
            40.79471
          ],
          [
            -73.94235,
            40.79476
          ],
          [
            -73.9423,
            40.79482
          ],
          [
            -73.94193,
            40.79534
          ],
          [
            -73.94188,
            40.79541
          ],
          [
            -73.94182,
            40.79548
          ],
          [
            -73.94145,
            40.79598
          ],
          [
            -73.94137,
            40.7961
          ],
          [
            -73.9412,
            40.79634
          ],
          [
            -73.94098,
            40.79663
          ],
          [
            -73.94057,
            40.7972
          ],
          [
            -73.94052,
            40.79727
          ],
          [
            -73.94047,
            40.79733
          ],
          [
            -73.94009,
            40.79786
          ],
          [
            -73.94003,
            40.79794
          ],
          [
            -73.93995,
            40.79804
          ],
          [
            -73.93956,
            40.79857
          ],
          [
            -73.93952,
            40.79863
          ],
          [
            -73.93948,
            40.79868
          ],
          [
            -73.9391,
            40.7992
          ],
          [
            -73.93906,
            40.79925
          ],
          [
            -73.93902,
            40.79931
          ],
          [
            -73.9388,
            40.79961
          ],
          [
            -73.9388,
            40.79961
          ],
          [
            -73.9388,
            40.79961
          ],
          [
            -73.93865,
            40.79983
          ],
          [
            -73.93864,
            40.79983
          ],
          [
            -73.9386,
            40.79989
          ],
          [
            -73.93857,
            40.79994
          ],
          [
            -73.93856,
            40.79994
          ],
          [
            -73.93819,
            40.80046
          ],
          [
            -73.93816,
            40.8005
          ],
          [
            -73.93811,
            40.80056
          ],
          [
            -73.9381,
            40.80058
          ],
          [
            -73.93776,
            40.80106
          ],
          [
            -73.93776,
            40.80106
          ],
          [
            -73.93776,
            40.80106
          ],
          [
            -73.93773,
            40.80109
          ],
          [
            -73.93769,
            40.80114
          ],
          [
            -73.93765,
            40.8012
          ],
          [
            -73.93727,
            40.80172
          ],
          [
            -73.93724,
            40.80177
          ],
          [
            -73.93719,
            40.80183
          ],
          [
            -73.93681,
            40.80234
          ],
          [
            -73.93677,
            40.8024
          ],
          [
            -73.93673,
            40.80246
          ],
          [
            -73.93635,
            40.80298
          ],
          [
            -73.93631,
            40.80303
          ],
          [
            -73.93627,
            40.80309
          ],
          [
            -73.93616,
            40.80324
          ],
          [
            -73.9359,
            40.80361
          ],
          [
            -73.93583,
            40.80371
          ],
          [
            -73.93583,
            40.80371
          ],
          [
            -73.93569,
            40.80365
          ],
          [
            -73.93453,
            40.80316
          ],
          [
            -73.93419,
            40.80302
          ],
          [
            -73.93401,
            40.80295
          ],
          [
            -73.93386,
            40.80288
          ],
          [
            -73.9337,
            40.80282
          ],
          [
            -73.93358,
            40.80276
          ],
          [
            -73.93345,
            40.80271
          ],
          [
            -73.93341,
            40.80269
          ],
          [
            -73.93331,
            40.80265
          ],
          [
            -73.93321,
            40.8026
          ],
          [
            -73.9331,
            40.80255
          ],
          [
            -73.93139,
            40.80184
          ],
          [
            -73.93139,
            40.80184
          ],
          [
            -73.93133,
            40.80182
          ],
          [
            -73.93121,
            40.80177
          ],
          [
            -73.93052,
            40.80148
          ],
          [
            -73.93047,
            40.80145
          ],
          [
            -73.93043,
            40.80142
          ],
          [
            -73.93038,
            40.80137
          ],
          [
            -73.93035,
            40.80133
          ],
          [
            -73.93032,
            40.80129
          ],
          [
            -73.9303,
            40.80124
          ],
          [
            -73.9303,
            40.80119
          ],
          [
            -73.93029,
            40.80115
          ],
          [
            -73.93028,
            40.80108
          ],
          [
            -73.93026,
            40.80102
          ],
          [
            -73.93024,
            40.80096
          ],
          [
            -73.93004,
            40.80055
          ],
          [
            -73.93001,
            40.80047
          ],
          [
            -73.92992,
            40.80023
          ],
          [
            -73.92989,
            40.80016
          ],
          [
            -73.92989,
            40.80016
          ],
          [
            -73.92989,
            40.79961
          ],
          [
            -73.92988,
            40.7995
          ],
          [
            -73.92988,
            40.7994
          ],
          [
            -73.92986,
            40.79929
          ],
          [
            -73.92983,
            40.79919
          ],
          [
            -73.92979,
            40.79907
          ],
          [
            -73.92975,
            40.79896
          ],
          [
            -73.92969,
            40.79879
          ],
          [
            -73.92965,
            40.79867
          ],
          [
            -73.92961,
            40.79854
          ],
          [
            -73.92956,
            40.79837
          ],
          [
            -73.92946,
            40.79795
          ],
          [
            -73.92942,
            40.7978
          ],
          [
            -73.92939,
            40.79766
          ],
          [
            -73.92937,
            40.7975
          ],
          [
            -73.92933,
            40.79717
          ],
          [
            -73.92933,
            40.79717
          ],
          [
            -73.92933,
            40.79709
          ],
          [
            -73.92935,
            40.79693
          ],
          [
            -73.92938,
            40.79672
          ],
          [
            -73.92943,
            40.79651
          ],
          [
            -73.92948,
            40.79629
          ],
          [
            -73.92955,
            40.79609
          ],
          [
            -73.92963,
            40.79589
          ],
          [
            -73.92968,
            40.79578
          ],
          [
            -73.92979,
            40.79559
          ],
          [
            -73.92991,
            40.79541
          ],
          [
            -73.93006,
            40.79521
          ],
          [
            -73.93013,
            40.79511
          ],
          [
            -73.9302,
            40.79503
          ],
          [
            -73.93028,
            40.79494
          ],
          [
            -73.93037,
            40.79486
          ],
          [
            -73.93046,
            40.79478
          ],
          [
            -73.93056,
            40.79471
          ],
          [
            -73.93067,
            40.79463
          ],
          [
            -73.93078,
            40.79457
          ],
          [
            -73.93228,
            40.79376
          ],
          [
            -73.93287,
            40.79344
          ],
          [
            -73.93309,
            40.79331
          ],
          [
            -73.93332,
            40.79318
          ],
          [
            -73.93355,
            40.79305
          ],
          [
            -73.93377,
            40.79291
          ],
          [
            -73.93399,
            40.79277
          ],
          [
            -73.93421,
            40.79263
          ],
          [
            -73.93442,
            40.79248
          ],
          [
            -73.93526,
            40.7919
          ],
          [
            -73.93546,
            40.79175
          ],
          [
            -73.93555,
            40.79168
          ],
          [
            -73.93565,
            40.7916
          ],
          [
            -73.93576,
            40.79151
          ],
          [
            -73.93586,
            40.79142
          ],
          [
            -73.93595,
            40.79133
          ],
          [
            -73.93603,
            40.79125
          ],
          [
            -73.93611,
            40.79116
          ],
          [
            -73.93619,
            40.79108
          ],
          [
            -73.93626,
            40.79099
          ],
          [
            -73.93633,
            40.7909
          ],
          [
            -73.93673,
            40.79041
          ],
          [
            -73.93719,
            40.78978
          ],
          [
            -73.93727,
            40.78967
          ],
          [
            -73.93733,
            40.78957
          ],
          [
            -73.93738,
            40.78947
          ],
          [
            -73.93743,
            40.78937
          ],
          [
            -73.93748,
            40.78927
          ],
          [
            -73.93811,
            40.78784
          ],
          [
            -73.93817,
            40.78773
          ],
          [
            -73.93822,
            40.78763
          ],
          [
            -73.93828,
            40.78754
          ],
          [
            -73.93834,
            40.78744
          ],
          [
            -73.93841,
            40.78735
          ],
          [
            -73.93848,
            40.78726
          ],
          [
            -73.93856,
            40.78716
          ],
          [
            -73.9389,
            40.78678
          ],
          [
            -73.93957,
            40.786
          ],
          [
            -73.93966,
            40.78591
          ],
          [
            -73.93974,
            40.78582
          ],
          [
            -73.93982,
            40.78574
          ],
          [
            -73.93991,
            40.78565
          ],
          [
            -73.94,
            40.78556
          ],
          [
            -73.94009,
            40.78549
          ],
          [
            -73.94019,
            40.78541
          ],
          [
            -73.9403,
            40.78533
          ],
          [
            -73.94041,
            40.78526
          ],
          [
            -73.94052,
            40.7852
          ],
          [
            -73.94075,
            40.78508
          ],
          [
            -73.94182,
            40.78455
          ],
          [
            -73.94229,
            40.78431
          ],
          [
            -73.94253,
            40.78419
          ],
          [
            -73.94265,
            40.78412
          ],
          [
            -73.94276,
            40.78406
          ],
          [
            -73.94288,
            40.784
          ],
          [
            -73.94298,
            40.78393
          ],
          [
            -73.94309,
            40.78385
          ],
          [
            -73.9432,
            40.78378
          ],
          [
            -73.9433,
            40.7837
          ],
          [
            -73.94339,
            40.78362
          ],
          [
            -73.94348,
            40.78353
          ],
          [
            -73.94357,
            40.78345
          ],
          [
            -73.94364,
            40.78336
          ],
          [
            -73.94372,
            40.78327
          ],
          [
            -73.9438,
            40.78317
          ],
          [
            -73.94386,
            40.78307
          ],
          [
            -73.94393,
            40.78298
          ],
          [
            -73.94398,
            40.78289
          ],
          [
            -73.94403,
            40.78279
          ],
          [
            -73.94408,
            40.78268
          ],
          [
            -73.94413,
            40.78258
          ],
          [
            -73.94416,
            40.78248
          ],
          [
            -73.9442,
            40.78236
          ],
          [
            -73.94422,
            40.78226
          ],
          [
            -73.94425,
            40.78216
          ],
          [
            -73.94426,
            40.78205
          ],
          [
            -73.94427,
            40.78196
          ],
          [
            -73.94428,
            40.78186
          ],
          [
            -73.94428,
            40.78175
          ],
          [
            -73.94428,
            40.78163
          ],
          [
            -73.94427,
            40.78152
          ],
          [
            -73.94425,
            40.78142
          ],
          [
            -73.94423,
            40.78131
          ],
          [
            -73.94403,
            40.78046
          ],
          [
            -73.94396,
            40.78024
          ],
          [
            -73.9439,
            40.78004
          ],
          [
            -73.94382,
            40.77983
          ],
          [
            -73.94373,
            40.77963
          ],
          [
            -73.94354,
            40.77922
          ],
          [
            -73.94316,
            40.77838
          ],
          [
            -73.94307,
            40.77818
          ],
          [
            -73.94299,
            40.77798
          ],
          [
            -73.94292,
            40.77777
          ],
          [
            -73.94269,
            40.77703
          ],
          [
            -73.94266,
            40.77692
          ],
          [
            -73.94262,
            40.77678
          ],
          [
            -73.9426,
            40.77666
          ],
          [
            -73.94258,
            40.77656
          ],
          [
            -73.94256,
            40.77638
          ],
          [
            -73.94255,
            40.77618
          ],
          [
            -73.94254,
            40.77596
          ],
          [
            -73.94256,
            40.77582
          ],
          [
            -73.94258,
            40.77569
          ],
          [
            -73.94262,
            40.77558
          ],
          [
            -73.94266,
            40.77544
          ],
          [
            -73.94272,
            40.77531
          ],
          [
            -73.94277,
            40.7752
          ],
          [
            -73.94285,
            40.77506
          ],
          [
            -73.94292,
            40.77494
          ],
          [
            -73.94301,
            40.77481
          ],
          [
            -73.94313,
            40.77466
          ],
          [
            -73.94333,
            40.77442
          ],
          [
            -73.94425,
            40.77339
          ],
          [
            -73.94439,
            40.77323
          ],
          [
            -73.94453,
            40.77308
          ],
          [
            -73.94465,
            40.77296
          ],
          [
            -73.94477,
            40.77281
          ],
          [
            -73.9449,
            40.77268
          ],
          [
            -73.94512,
            40.77248
          ],
          [
            -73.94542,
            40.77226
          ],
          [
            -73.9457,
            40.77205
          ],
          [
            -73.9459,
            40.77191
          ],
          [
            -73.94608,
            40.77179
          ],
          [
            -73.9463,
            40.77166
          ],
          [
            -73.94649,
            40.77149
          ],
          [
            -73.94659,
            40.77141
          ],
          [
            -73.94669,
            40.77132
          ],
          [
            -73.94677,
            40.77123
          ],
          [
            -73.94736,
            40.7706
          ],
          [
            -73.94752,
            40.77042
          ],
          [
            -73.94769,
            40.77024
          ],
          [
            -73.94787,
            40.77007
          ],
          [
            -73.94805,
            40.76989
          ],
          [
            -73.94839,
            40.76953
          ],
          [
            -73.94856,
            40.76934
          ],
          [
            -73.94872,
            40.76915
          ],
          [
            -73.94889,
            40.76897
          ],
          [
            -73.94913,
            40.7687
          ],
          [
            -73.94928,
            40.76852
          ],
          [
            -73.94958,
            40.76813
          ],
          [
            -73.94972,
            40.76794
          ],
          [
            -73.94988,
            40.76775
          ],
          [
            -73.95015,
            40.76745
          ],
          [
            -73.95017,
            40.76743
          ],
          [
            -73.95027,
            40.76732
          ],
          [
            -73.95044,
            40.76713
          ],
          [
            -73.95052,
            40.76704
          ],
          [
            -73.95059,
            40.76696
          ],
          [
            -73.9507,
            40.7668
          ],
          [
            -73.95076,
            40.76672
          ],
          [
            -73.95085,
            40.76658
          ],
          [
            -73.95097,
            40.76643
          ],
          [
            -73.95148,
            40.76585
          ],
          [
            -73.95173,
            40.76558
          ],
          [
            -73.95201,
            40.76527
          ],
          [
            -73.95211,
            40.76516
          ],
          [
            -73.95318,
            40.76394
          ],
          [
            -73.95364,
            40.76347
          ],
          [
            -73.95375,
            40.76335
          ],
          [
            -73.95424,
            40.7628
          ],
          [
            -73.95442,
            40.76261
          ],
          [
            -73.95458,
            40.76245
          ],
          [
            -73.95479,
            40.76227
          ],
          [
            -73.95569,
            40.76145
          ],
          [
            -73.95595,
            40.76123
          ],
          [
            -73.95611,
            40.7611
          ],
          [
            -73.95644,
            40.76087
          ],
          [
            -73.95684,
            40.7606
          ],
          [
            -73.95713,
            40.76041
          ],
          [
            -73.95729,
            40.7603
          ],
          [
            -73.95748,
            40.76015
          ],
          [
            -73.95766,
            40.76
          ],
          [
            -73.95776,
            40.75991
          ],
          [
            -73.9579,
            40.75974
          ],
          [
            -73.95806,
            40.75954
          ],
          [
            -73.9582,
            40.75934
          ],
          [
            -73.95837,
            40.75913
          ],
          [
            -73.95847,
            40.75899
          ],
          [
            -73.95914,
            40.75804
          ],
          [
            -73.95982,
            40.75721
          ],
          [
            -73.95995,
            40.75706
          ],
          [
            -73.96006,
            40.75694
          ],
          [
            -73.96027,
            40.75672
          ],
          [
            -73.96047,
            40.7565
          ],
          [
            -73.96072,
            40.75623
          ],
          [
            -73.96093,
            40.75602
          ],
          [
            -73.96124,
            40.75572
          ],
          [
            -73.96144,
            40.75555
          ],
          [
            -73.96167,
            40.75536
          ],
          [
            -73.96176,
            40.7553
          ],
          [
            -73.96184,
            40.75523
          ],
          [
            -73.96194,
            40.75516
          ],
          [
            -73.962,
            40.7551
          ],
          [
            -73.96216,
            40.75496
          ],
          [
            -73.96225,
            40.75487
          ],
          [
            -73.96233,
            40.75478
          ],
          [
            -73.9627,
            40.75433
          ],
          [
            -73.96341,
            40.75355
          ],
          [
            -73.96358,
            40.75336
          ],
          [
            -73.96374,
            40.75319
          ],
          [
            -73.96426,
            40.75267
          ],
          [
            -73.96521,
            40.75166
          ],
          [
            -73.96825,
            40.74795
          ],
          [
            -73.96836,
            40.74781
          ],
          [
            -73.96836,
            40.74781
          ],
          [
            -73.96854,
            40.7477
          ],
          [
            -73.9686,
            40.74764
          ],
          [
            -73.96866,
            40.74757
          ],
          [
            -73.96887,
            40.74732
          ],
          [
            -73.96905,
            40.74711
          ],
          [
            -73.96914,
            40.74703
          ],
          [
            -73.96927,
            40.74693
          ],
          [
            -73.96927,
            40.74693
          ],
          [
            -73.96929,
            40.74691
          ],
          [
            -73.96943,
            40.74676
          ],
          [
            -73.97043,
            40.74578
          ],
          [
            -73.97065,
            40.74553
          ],
          [
            -73.97092,
            40.74519
          ],
          [
            -73.97122,
            40.7448
          ],
          [
            -73.97124,
            40.74474
          ],
          [
            -73.97126,
            40.74469
          ],
          [
            -73.97126,
            40.74463
          ],
          [
            -73.97125,
            40.74459
          ],
          [
            -73.97124,
            40.74451
          ],
          [
            -73.97125,
            40.74447
          ],
          [
            -73.97127,
            40.74443
          ],
          [
            -73.97132,
            40.74435
          ],
          [
            -73.9716,
            40.74393
          ],
          [
            -73.97164,
            40.74387
          ],
          [
            -73.97164,
            40.74387
          ],
          [
            -73.97175,
            40.74392
          ],
          [
            -73.97195,
            40.744
          ],
          [
            -73.97289,
            40.74439
          ],
          [
            -73.97303,
            40.74445
          ],
          [
            -73.97317,
            40.74451
          ],
          [
            -73.97328,
            40.74456
          ],
          [
            -73.97469,
            40.74516
          ],
          [
            -73.97474,
            40.74518
          ],
          [
            -73.97526,
            40.7454
          ],
          [
            -73.9754,
            40.74546
          ],
          [
            -73.9754,
            40.74546
          ],
          [
            -73.97545,
            40.74539
          ],
          [
            -73.97561,
            40.74517
          ],
          [
            -73.97582,
            40.74488
          ],
          [
            -73.97589,
            40.74479
          ],
          [
            -73.97596,
            40.74469
          ],
          [
            -73.97607,
            40.74454
          ],
          [
            -73.97621,
            40.74435
          ],
          [
            -73.97634,
            40.74418
          ],
          [
            -73.97639,
            40.74411
          ],
          [
            -73.97643,
            40.74405
          ],
          [
            -73.97651,
            40.74394
          ],
          [
            -73.97678,
            40.74357
          ],
          [
            -73.97682,
            40.74351
          ],
          [
            -73.97686,
            40.74345
          ],
          [
            -73.97724,
            40.74294
          ],
          [
            -73.97728,
            40.74289
          ],
          [
            -73.97728,
            40.74289
          ],
          [
            -73.9774,
            40.74294
          ],
          [
            -73.97931,
            40.74374
          ],
          [
            -73.97937,
            40.74377
          ],
          [
            -73.97952,
            40.74383
          ],
          [
            -73.97952,
            40.74383
          ],
          [
            -73.97948,
            40.74389
          ],
          [
            -73.97914,
            40.74436
          ],
          [
            -73.97911,
            40.74439
          ],
          [
            -73.97907,
            40.74445
          ],
          [
            -73.97902,
            40.74451
          ],
          [
            -73.97869,
            40.74497
          ],
          [
            -73.97867,
            40.74499
          ],
          [
            -73.97867,
            40.74499
          ],
          [
            -73.97867,
            40.74499
          ],
          [
            -73.97866,
            40.74501
          ],
          [
            -73.97862,
            40.74507
          ],
          [
            -73.97858,
            40.74512
          ],
          [
            -73.97841,
            40.74535
          ],
          [
            -73.97823,
            40.74561
          ],
          [
            -73.9782,
            40.74565
          ],
          [
            -73.97813,
            40.74574
          ],
          [
            -73.97813,
            40.74574
          ],
          [
            -73.97799,
            40.74567
          ],
          [
            -73.97792,
            40.74564
          ],
          [
            -73.97764,
            40.74553
          ],
          [
            -73.97734,
            40.7454
          ],
          [
            -73.97638,
            40.745
          ],
          [
            -73.97601,
            40.74485
          ],
          [
            -73.97589,
            40.74479
          ],
          [
            -73.97575,
            40.74473
          ],
          [
            -73.97528,
            40.74453
          ],
          [
            -73.9752,
            40.7445
          ],
          [
            -73.97509,
            40.74445
          ],
          [
            -73.97428,
            40.74411
          ],
          [
            -73.97365,
            40.74385
          ],
          [
            -73.97351,
            40.74379
          ],
          [
            -73.97337,
            40.74373
          ],
          [
            -73.97314,
            40.74363
          ],
          [
            -73.9728,
            40.74349
          ],
          [
            -73.97255,
            40.74338
          ],
          [
            -73.97226,
            40.74326
          ],
          [
            -73.97207,
            40.74318
          ],
          [
            -73.97207,
            40.74318
          ],
          [
            -73.97201,
            40.74329
          ],
          [
            -73.97186,
            40.74353
          ],
          [
            -73.97164,
            40.74387
          ],
          [
            -73.9716,
            40.74393
          ],
          [
            -73.97132,
            40.74435
          ],
          [
            -73.97132,
            40.74435
          ],
          [
            -73.97095,
            40.7446
          ],
          [
            -73.97091,
            40.74463
          ],
          [
            -73.97087,
            40.74467
          ],
          [
            -73.97084,
            40.74471
          ],
          [
            -73.97058,
            40.74503
          ],
          [
            -73.97057,
            40.74505
          ],
          [
            -73.97037,
            40.7453
          ],
          [
            -73.97014,
            40.74556
          ],
          [
            -73.9697,
            40.74607
          ],
          [
            -73.96967,
            40.74612
          ],
          [
            -73.96966,
            40.74619
          ],
          [
            -73.96966,
            40.74621
          ],
          [
            -73.96966,
            40.74621
          ],
          [
            -73.96907,
            40.74676
          ],
          [
            -73.96882,
            40.74703
          ],
          [
            -73.96788,
            40.74816
          ],
          [
            -73.96594,
            40.75048
          ],
          [
            -73.96499,
            40.75157
          ],
          [
            -73.96385,
            40.7528
          ],
          [
            -73.96351,
            40.75317
          ],
          [
            -73.96333,
            40.7534
          ],
          [
            -73.96313,
            40.75366
          ],
          [
            -73.96296,
            40.75387
          ],
          [
            -73.96215,
            40.75478
          ],
          [
            -73.96207,
            40.75487
          ],
          [
            -73.96198,
            40.75496
          ],
          [
            -73.96189,
            40.75504
          ],
          [
            -73.96179,
            40.75513
          ],
          [
            -73.96167,
            40.75522
          ],
          [
            -73.96155,
            40.75531
          ],
          [
            -73.96111,
            40.75569
          ],
          [
            -73.96087,
            40.75591
          ],
          [
            -73.96063,
            40.75614
          ],
          [
            -73.96041,
            40.75638
          ],
          [
            -73.9602,
            40.75664
          ],
          [
            -73.95997,
            40.75693
          ],
          [
            -73.95909,
            40.75803
          ],
          [
            -73.95839,
            40.75901
          ],
          [
            -73.9581,
            40.7594
          ],
          [
            -73.958,
            40.75951
          ],
          [
            -73.95786,
            40.75964
          ],
          [
            -73.95777,
            40.75972
          ],
          [
            -73.95768,
            40.7598
          ],
          [
            -73.95758,
            40.75988
          ],
          [
            -73.95747,
            40.75995
          ],
          [
            -73.95726,
            40.7601
          ],
          [
            -73.95636,
            40.76073
          ],
          [
            -73.95617,
            40.76089
          ],
          [
            -73.95601,
            40.76102
          ],
          [
            -73.95583,
            40.76118
          ],
          [
            -73.95572,
            40.76129
          ],
          [
            -73.95559,
            40.7614
          ],
          [
            -73.95476,
            40.76214
          ],
          [
            -73.95457,
            40.76231
          ],
          [
            -73.95438,
            40.76249
          ],
          [
            -73.95422,
            40.76264
          ],
          [
            -73.95405,
            40.76283
          ],
          [
            -73.95353,
            40.76342
          ],
          [
            -73.952,
            40.76511
          ],
          [
            -73.9519,
            40.76522
          ],
          [
            -73.95162,
            40.76553
          ],
          [
            -73.95104,
            40.76618
          ],
          [
            -73.95089,
            40.76635
          ],
          [
            -73.95074,
            40.76653
          ],
          [
            -73.95061,
            40.76672
          ],
          [
            -73.95048,
            40.7669
          ],
          [
            -73.95034,
            40.76707
          ],
          [
            -73.95004,
            40.76741
          ],
          [
            -73.95002,
            40.76743
          ],
          [
            -73.94973,
            40.76775
          ],
          [
            -73.94957,
            40.76794
          ],
          [
            -73.94944,
            40.76812
          ],
          [
            -73.9493,
            40.7683
          ],
          [
            -73.94917,
            40.76848
          ],
          [
            -73.94902,
            40.76866
          ],
          [
            -73.94894,
            40.76875
          ],
          [
            -73.94887,
            40.76883
          ],
          [
            -73.94823,
            40.76952
          ],
          [
            -73.948,
            40.76978
          ],
          [
            -73.94784,
            40.76995
          ],
          [
            -73.94766,
            40.7701
          ],
          [
            -73.9475,
            40.77027
          ],
          [
            -73.94679,
            40.77104
          ],
          [
            -73.94663,
            40.77121
          ],
          [
            -73.94646,
            40.77137
          ],
          [
            -73.94627,
            40.77152
          ],
          [
            -73.94607,
            40.77168
          ],
          [
            -73.9459,
            40.77183
          ],
          [
            -73.94564,
            40.77204
          ],
          [
            -73.94546,
            40.77219
          ],
          [
            -73.94527,
            40.77234
          ],
          [
            -73.94508,
            40.77248
          ],
          [
            -73.94487,
            40.77267
          ],
          [
            -73.9447,
            40.77284
          ],
          [
            -73.94448,
            40.77308
          ],
          [
            -73.94345,
            40.77421
          ],
          [
            -73.94334,
            40.77432
          ],
          [
            -73.94322,
            40.77446
          ],
          [
            -73.9431,
            40.77461
          ],
          [
            -73.943,
            40.77474
          ],
          [
            -73.94289,
            40.77489
          ],
          [
            -73.94281,
            40.77502
          ],
          [
            -73.94272,
            40.77519
          ],
          [
            -73.94263,
            40.77537
          ],
          [
            -73.94257,
            40.77553
          ],
          [
            -73.94253,
            40.77566
          ],
          [
            -73.9425,
            40.77578
          ],
          [
            -73.94247,
            40.77594
          ],
          [
            -73.94246,
            40.77606
          ],
          [
            -73.94245,
            40.77619
          ],
          [
            -73.94245,
            40.77629
          ],
          [
            -73.94246,
            40.77646
          ],
          [
            -73.94248,
            40.77663
          ],
          [
            -73.9425,
            40.77678
          ],
          [
            -73.94253,
            40.77694
          ],
          [
            -73.94257,
            40.77709
          ],
          [
            -73.94282,
            40.77791
          ],
          [
            -73.94289,
            40.77811
          ],
          [
            -73.94297,
            40.77828
          ],
          [
            -73.94357,
            40.7796
          ],
          [
            -73.94366,
            40.77979
          ],
          [
            -73.94374,
            40.77999
          ],
          [
            -73.94381,
            40.78019
          ],
          [
            -73.94388,
            40.78039
          ],
          [
            -73.94393,
            40.7806
          ],
          [
            -73.944,
            40.78091
          ],
          [
            -73.944,
            40.78091
          ],
          [
            -73.944,
            40.78127
          ],
          [
            -73.94401,
            40.78141
          ],
          [
            -73.94401,
            40.78156
          ],
          [
            -73.94401,
            40.78168
          ],
          [
            -73.94401,
            40.78177
          ],
          [
            -73.94399,
            40.78188
          ],
          [
            -73.94398,
            40.78197
          ],
          [
            -73.94395,
            40.78207
          ],
          [
            -73.94393,
            40.78217
          ],
          [
            -73.94383,
            40.78252
          ],
          [
            -73.94377,
            40.78274
          ],
          [
            -73.94377,
            40.78278
          ],
          [
            -73.94378,
            40.78282
          ],
          [
            -73.94378,
            40.78288
          ],
          [
            -73.94378,
            40.78288
          ],
          [
            -73.94379,
            40.7829
          ],
          [
            -73.94382,
            40.78294
          ],
          [
            -73.94385,
            40.78296
          ],
          [
            -73.94404,
            40.78304
          ],
          [
            -73.94411,
            40.78307
          ],
          [
            -73.94455,
            40.78325
          ],
          [
            -73.94472,
            40.78325
          ],
          [
            -73.94486,
            40.78331
          ],
          [
            -73.945,
            40.78337
          ],
          [
            -73.94517,
            40.78344
          ],
          [
            -73.94559,
            40.78362
          ],
          [
            -73.94591,
            40.78375
          ],
          [
            -73.94697,
            40.7842
          ],
          [
            -73.94709,
            40.78425
          ],
          [
            -73.94722,
            40.78431
          ],
          [
            -73.94731,
            40.78434
          ],
          [
            -73.94745,
            40.7844
          ],
          [
            -73.94902,
            40.78507
          ],
          [
            -73.9492,
            40.78514
          ],
          [
            -73.94933,
            40.7852
          ],
          [
            -73.94933,
            40.7852
          ],
          [
            -73.94925,
            40.7853
          ],
          [
            -73.94888,
            40.78582
          ],
          [
            -73.94883,
            40.78589
          ],
          [
            -73.94878,
            40.78596
          ],
          [
            -73.94844,
            40.78644
          ],
          [
            -73.94839,
            40.7865
          ],
          [
            -73.94834,
            40.78656
          ],
          [
            -73.94802,
            40.787
          ],
          [
            -73.94797,
            40.78706
          ],
          [
            -73.94792,
            40.78712
          ],
          [
            -73.94787,
            40.78719
          ],
          [
            -73.94772,
            40.7874
          ],
          [
            -73.9475,
            40.7877
          ],
          [
            -73.94746,
            40.78775
          ],
          [
            -73.94742,
            40.78781
          ],
          [
            -73.94709,
            40.78826
          ],
          [
            -73.94704,
            40.78833
          ],
          [
            -73.947,
            40.78839
          ],
          [
            -73.94696,
            40.78845
          ],
          [
            -73.9466,
            40.78893
          ],
          [
            -73.94655,
            40.789
          ],
          [
            -73.9465,
            40.78907
          ],
          [
            -73.94612,
            40.78959
          ],
          [
            -73.94609,
            40.78964
          ],
          [
            -73.94604,
            40.78971
          ],
          [
            -73.94568,
            40.79019
          ],
          [
            -73.94564,
            40.79025
          ],
          [
            -73.94558,
            40.79033
          ],
          [
            -73.94521,
            40.79085
          ],
          [
            -73.94517,
            40.79089
          ],
          [
            -73.94513,
            40.79095
          ],
          [
            -73.94475,
            40.79147
          ],
          [
            -73.94468,
            40.79157
          ],
          [
            -73.94461,
            40.79167
          ],
          [
            -73.94422,
            40.7922
          ],
          [
            -73.94418,
            40.79225
          ],
          [
            -73.94414,
            40.79231
          ],
          [
            -73.94383,
            40.79272
          ],
          [
            -73.94376,
            40.79282
          ],
          [
            -73.94372,
            40.79288
          ],
          [
            -73.94369,
            40.79292
          ],
          [
            -73.94332,
            40.79343
          ],
          [
            -73.94327,
            40.7935
          ],
          [
            -73.94322,
            40.79356
          ],
          [
            -73.94306,
            40.79378
          ],
          [
            -73.94284,
            40.79409
          ],
          [
            -73.94281,
            40.79413
          ],
          [
            -73.94276,
            40.79419
          ],
          [
            -73.94239,
            40.79471
          ],
          [
            -73.94235,
            40.79476
          ],
          [
            -73.9423,
            40.79482
          ],
          [
            -73.94193,
            40.79534
          ],
          [
            -73.94188,
            40.79541
          ],
          [
            -73.94182,
            40.79548
          ],
          [
            -73.94145,
            40.79598
          ],
          [
            -73.94137,
            40.7961
          ],
          [
            -73.9412,
            40.79634
          ],
          [
            -73.94098,
            40.79663
          ],
          [
            -73.94057,
            40.7972
          ],
          [
            -73.94052,
            40.79727
          ],
          [
            -73.94047,
            40.79733
          ],
          [
            -73.94009,
            40.79786
          ],
          [
            -73.94003,
            40.79794
          ],
          [
            -73.93995,
            40.79804
          ],
          [
            -73.93956,
            40.79857
          ],
          [
            -73.93952,
            40.79863
          ],
          [
            -73.93948,
            40.79868
          ],
          [
            -73.9391,
            40.7992
          ],
          [
            -73.93906,
            40.79925
          ],
          [
            -73.93902,
            40.79931
          ],
          [
            -73.93865,
            40.79983
          ],
          [
            -73.93864,
            40.79983
          ],
          [
            -73.9386,
            40.79989
          ],
          [
            -73.93857,
            40.79994
          ],
          [
            -73.93856,
            40.79994
          ],
          [
            -73.93819,
            40.80046
          ],
          [
            -73.93816,
            40.8005
          ],
          [
            -73.93811,
            40.80056
          ],
          [
            -73.9381,
            40.80058
          ],
          [
            -73.93773,
            40.80109
          ],
          [
            -73.93769,
            40.80114
          ],
          [
            -73.93765,
            40.8012
          ],
          [
            -73.93727,
            40.80172
          ],
          [
            -73.93724,
            40.80177
          ],
          [
            -73.93719,
            40.80183
          ],
          [
            -73.93681,
            40.80234
          ],
          [
            -73.93677,
            40.8024
          ],
          [
            -73.93673,
            40.80246
          ],
          [
            -73.93635,
            40.80298
          ],
          [
            -73.93631,
            40.80303
          ],
          [
            -73.93627,
            40.80309
          ],
          [
            -73.93616,
            40.80324
          ],
          [
            -73.9359,
            40.80361
          ],
          [
            -73.93583,
            40.80371
          ],
          [
            -73.93583,
            40.80371
          ],
          [
            -73.93596,
            40.80376
          ],
          [
            -73.9363,
            40.80391
          ],
          [
            -73.93652,
            40.804
          ],
          [
            -73.93673,
            40.80409
          ],
          [
            -73.93685,
            40.80414
          ],
          [
            -73.93735,
            40.80435
          ],
          [
            -73.93743,
            40.80438
          ],
          [
            -73.93753,
            40.80442
          ],
          [
            -73.9378,
            40.80454
          ],
          [
            -73.9378,
            40.80454
          ],
          [
            -73.9378,
            40.80454
          ],
          [
            -73.93753,
            40.80442
          ],
          [
            -73.93743,
            40.80438
          ],
          [
            -73.93735,
            40.80435
          ],
          [
            -73.93685,
            40.80414
          ],
          [
            -73.93673,
            40.80409
          ],
          [
            -73.93652,
            40.804
          ],
          [
            -73.9363,
            40.80391
          ],
          [
            -73.93596,
            40.80376
          ],
          [
            -73.93583,
            40.80371
          ],
          [
            -73.93569,
            40.80365
          ],
          [
            -73.93453,
            40.80316
          ],
          [
            -73.93419,
            40.80302
          ],
          [
            -73.93401,
            40.80295
          ],
          [
            -73.93386,
            40.80288
          ],
          [
            -73.9337,
            40.80282
          ],
          [
            -73.93358,
            40.80276
          ],
          [
            -73.93345,
            40.80271
          ],
          [
            -73.93341,
            40.80269
          ],
          [
            -73.93331,
            40.80265
          ],
          [
            -73.93321,
            40.8026
          ],
          [
            -73.9331,
            40.80255
          ],
          [
            -73.93139,
            40.80184
          ],
          [
            -73.93139,
            40.80184
          ],
          [
            -73.93133,
            40.80182
          ],
          [
            -73.93121,
            40.80177
          ],
          [
            -73.93052,
            40.80148
          ],
          [
            -73.93047,
            40.80145
          ],
          [
            -73.93043,
            40.80142
          ],
          [
            -73.93038,
            40.80137
          ],
          [
            -73.93035,
            40.80133
          ],
          [
            -73.93032,
            40.80129
          ],
          [
            -73.9303,
            40.80124
          ],
          [
            -73.9303,
            40.80119
          ],
          [
            -73.93029,
            40.80115
          ],
          [
            -73.93028,
            40.80108
          ],
          [
            -73.93026,
            40.80102
          ],
          [
            -73.93024,
            40.80096
          ],
          [
            -73.93004,
            40.80055
          ],
          [
            -73.93001,
            40.80047
          ],
          [
            -73.92992,
            40.80023
          ],
          [
            -73.92989,
            40.80016
          ],
          [
            -73.92989,
            40.80016
          ],
          [
            -73.92989,
            40.79961
          ],
          [
            -73.92988,
            40.7995
          ],
          [
            -73.92988,
            40.7994
          ],
          [
            -73.92986,
            40.79929
          ],
          [
            -73.92983,
            40.79919
          ],
          [
            -73.92979,
            40.79907
          ],
          [
            -73.92975,
            40.79896
          ],
          [
            -73.92969,
            40.79879
          ],
          [
            -73.92965,
            40.79867
          ],
          [
            -73.92961,
            40.79854
          ],
          [
            -73.92956,
            40.79837
          ],
          [
            -73.92946,
            40.79795
          ],
          [
            -73.92942,
            40.7978
          ],
          [
            -73.92939,
            40.79766
          ],
          [
            -73.92937,
            40.7975
          ],
          [
            -73.92933,
            40.79717
          ],
          [
            -73.92933,
            40.79717
          ],
          [
            -73.92933,
            40.79709
          ],
          [
            -73.92935,
            40.79693
          ],
          [
            -73.92938,
            40.79672
          ],
          [
            -73.92943,
            40.79651
          ],
          [
            -73.92948,
            40.79629
          ],
          [
            -73.92955,
            40.79609
          ],
          [
            -73.92963,
            40.79589
          ],
          [
            -73.92968,
            40.79578
          ],
          [
            -73.92979,
            40.79559
          ],
          [
            -73.92991,
            40.79541
          ],
          [
            -73.93006,
            40.79521
          ],
          [
            -73.93013,
            40.79511
          ],
          [
            -73.9302,
            40.79503
          ],
          [
            -73.93028,
            40.79494
          ],
          [
            -73.93037,
            40.79486
          ],
          [
            -73.93046,
            40.79478
          ],
          [
            -73.93056,
            40.79471
          ],
          [
            -73.93067,
            40.79463
          ],
          [
            -73.93078,
            40.79457
          ],
          [
            -73.93228,
            40.79376
          ],
          [
            -73.93287,
            40.79344
          ],
          [
            -73.93309,
            40.79331
          ],
          [
            -73.93332,
            40.79318
          ],
          [
            -73.93355,
            40.79305
          ],
          [
            -73.93377,
            40.79291
          ],
          [
            -73.93399,
            40.79277
          ],
          [
            -73.93421,
            40.79263
          ],
          [
            -73.93442,
            40.79248
          ],
          [
            -73.93526,
            40.7919
          ],
          [
            -73.93546,
            40.79175
          ],
          [
            -73.93555,
            40.79168
          ],
          [
            -73.93565,
            40.7916
          ],
          [
            -73.93576,
            40.79151
          ],
          [
            -73.93586,
            40.79142
          ],
          [
            -73.93595,
            40.79133
          ],
          [
            -73.93603,
            40.79125
          ],
          [
            -73.93611,
            40.79116
          ],
          [
            -73.93619,
            40.79108
          ],
          [
            -73.93626,
            40.79099
          ],
          [
            -73.93633,
            40.7909
          ],
          [
            -73.93673,
            40.79041
          ],
          [
            -73.93719,
            40.78978
          ],
          [
            -73.93727,
            40.78967
          ],
          [
            -73.93733,
            40.78957
          ],
          [
            -73.93738,
            40.78947
          ],
          [
            -73.93743,
            40.78937
          ],
          [
            -73.93748,
            40.78927
          ],
          [
            -73.93811,
            40.78784
          ],
          [
            -73.93817,
            40.78773
          ],
          [
            -73.93822,
            40.78763
          ],
          [
            -73.93828,
            40.78754
          ],
          [
            -73.93834,
            40.78744
          ],
          [
            -73.93841,
            40.78735
          ],
          [
            -73.93848,
            40.78726
          ],
          [
            -73.93856,
            40.78716
          ],
          [
            -73.9389,
            40.78678
          ],
          [
            -73.93957,
            40.786
          ],
          [
            -73.93966,
            40.78591
          ],
          [
            -73.93974,
            40.78582
          ],
          [
            -73.93982,
            40.78574
          ],
          [
            -73.93991,
            40.78565
          ],
          [
            -73.94,
            40.78556
          ],
          [
            -73.94009,
            40.78549
          ],
          [
            -73.94019,
            40.78541
          ],
          [
            -73.9403,
            40.78533
          ],
          [
            -73.94041,
            40.78526
          ],
          [
            -73.94052,
            40.7852
          ],
          [
            -73.94075,
            40.78508
          ],
          [
            -73.94182,
            40.78455
          ],
          [
            -73.94229,
            40.78431
          ],
          [
            -73.94253,
            40.78419
          ],
          [
            -73.94265,
            40.78412
          ],
          [
            -73.94276,
            40.78406
          ],
          [
            -73.94288,
            40.784
          ],
          [
            -73.94298,
            40.78393
          ],
          [
            -73.94309,
            40.78385
          ],
          [
            -73.9432,
            40.78378
          ],
          [
            -73.9433,
            40.7837
          ],
          [
            -73.94339,
            40.78362
          ],
          [
            -73.94348,
            40.78353
          ],
          [
            -73.94357,
            40.78345
          ],
          [
            -73.94364,
            40.78336
          ],
          [
            -73.94372,
            40.78327
          ],
          [
            -73.9438,
            40.78317
          ],
          [
            -73.94386,
            40.78307
          ],
          [
            -73.94393,
            40.78298
          ],
          [
            -73.94398,
            40.78289
          ],
          [
            -73.94403,
            40.78279
          ],
          [
            -73.94408,
            40.78268
          ],
          [
            -73.94413,
            40.78258
          ],
          [
            -73.94416,
            40.78248
          ],
          [
            -73.9442,
            40.78236
          ],
          [
            -73.94422,
            40.78226
          ],
          [
            -73.94425,
            40.78216
          ],
          [
            -73.94426,
            40.78205
          ],
          [
            -73.94427,
            40.78196
          ],
          [
            -73.94428,
            40.78186
          ],
          [
            -73.94428,
            40.78175
          ],
          [
            -73.94428,
            40.78163
          ],
          [
            -73.94427,
            40.78152
          ],
          [
            -73.94425,
            40.78142
          ],
          [
            -73.94423,
            40.78131
          ],
          [
            -73.94403,
            40.78046
          ],
          [
            -73.94396,
            40.78024
          ],
          [
            -73.9439,
            40.78004
          ],
          [
            -73.94382,
            40.77983
          ],
          [
            -73.94373,
            40.77963
          ],
          [
            -73.94354,
            40.77922
          ],
          [
            -73.94316,
            40.77838
          ],
          [
            -73.94307,
            40.77818
          ],
          [
            -73.94299,
            40.77798
          ],
          [
            -73.94292,
            40.77777
          ],
          [
            -73.94269,
            40.77703
          ],
          [
            -73.94266,
            40.77692
          ],
          [
            -73.94262,
            40.77678
          ],
          [
            -73.9426,
            40.77666
          ],
          [
            -73.94258,
            40.77656
          ],
          [
            -73.94256,
            40.77638
          ],
          [
            -73.94255,
            40.77618
          ],
          [
            -73.94254,
            40.77596
          ],
          [
            -73.94256,
            40.77582
          ],
          [
            -73.94258,
            40.77569
          ],
          [
            -73.94262,
            40.77558
          ],
          [
            -73.94266,
            40.77544
          ],
          [
            -73.94272,
            40.77531
          ],
          [
            -73.94277,
            40.7752
          ],
          [
            -73.94285,
            40.77506
          ],
          [
            -73.94292,
            40.77494
          ],
          [
            -73.94301,
            40.77481
          ],
          [
            -73.94313,
            40.77466
          ],
          [
            -73.94333,
            40.77442
          ],
          [
            -73.94425,
            40.77339
          ],
          [
            -73.94439,
            40.77323
          ],
          [
            -73.94453,
            40.77308
          ],
          [
            -73.94465,
            40.77296
          ],
          [
            -73.94477,
            40.77281
          ],
          [
            -73.9449,
            40.77268
          ],
          [
            -73.94512,
            40.77248
          ],
          [
            -73.94542,
            40.77226
          ],
          [
            -73.9457,
            40.77205
          ],
          [
            -73.9459,
            40.77191
          ],
          [
            -73.94608,
            40.77179
          ],
          [
            -73.9463,
            40.77166
          ],
          [
            -73.94649,
            40.77149
          ],
          [
            -73.94659,
            40.77141
          ],
          [
            -73.94669,
            40.77132
          ],
          [
            -73.94677,
            40.77123
          ],
          [
            -73.94736,
            40.7706
          ],
          [
            -73.94752,
            40.77042
          ],
          [
            -73.94769,
            40.77024
          ],
          [
            -73.94787,
            40.77007
          ],
          [
            -73.94805,
            40.76989
          ],
          [
            -73.94839,
            40.76953
          ],
          [
            -73.94856,
            40.76934
          ],
          [
            -73.94872,
            40.76915
          ],
          [
            -73.94889,
            40.76897
          ],
          [
            -73.94913,
            40.7687
          ],
          [
            -73.94928,
            40.76852
          ],
          [
            -73.94958,
            40.76813
          ],
          [
            -73.94972,
            40.76794
          ],
          [
            -73.94988,
            40.76775
          ],
          [
            -73.95015,
            40.76745
          ],
          [
            -73.95017,
            40.76743
          ],
          [
            -73.95027,
            40.76732
          ],
          [
            -73.95044,
            40.76713
          ],
          [
            -73.95052,
            40.76704
          ],
          [
            -73.95059,
            40.76696
          ],
          [
            -73.9507,
            40.7668
          ],
          [
            -73.95076,
            40.76672
          ],
          [
            -73.95085,
            40.76658
          ],
          [
            -73.95097,
            40.76643
          ],
          [
            -73.95148,
            40.76585
          ],
          [
            -73.95173,
            40.76558
          ],
          [
            -73.95201,
            40.76527
          ],
          [
            -73.95211,
            40.76516
          ],
          [
            -73.95318,
            40.76394
          ],
          [
            -73.95364,
            40.76347
          ],
          [
            -73.95375,
            40.76335
          ],
          [
            -73.95424,
            40.7628
          ],
          [
            -73.95442,
            40.76261
          ],
          [
            -73.95458,
            40.76245
          ],
          [
            -73.95479,
            40.76227
          ],
          [
            -73.95569,
            40.76145
          ],
          [
            -73.95595,
            40.76123
          ],
          [
            -73.95611,
            40.7611
          ],
          [
            -73.95644,
            40.76087
          ],
          [
            -73.95684,
            40.7606
          ],
          [
            -73.95713,
            40.76041
          ],
          [
            -73.95729,
            40.7603
          ],
          [
            -73.95748,
            40.76015
          ],
          [
            -73.95766,
            40.76
          ],
          [
            -73.95776,
            40.75991
          ],
          [
            -73.9579,
            40.75974
          ],
          [
            -73.95806,
            40.75954
          ],
          [
            -73.9582,
            40.75934
          ],
          [
            -73.95837,
            40.75913
          ],
          [
            -73.95847,
            40.75899
          ],
          [
            -73.95914,
            40.75804
          ],
          [
            -73.95982,
            40.75721
          ],
          [
            -73.95995,
            40.75706
          ],
          [
            -73.96006,
            40.75694
          ],
          [
            -73.96027,
            40.75672
          ],
          [
            -73.96047,
            40.7565
          ],
          [
            -73.96072,
            40.75623
          ],
          [
            -73.96093,
            40.75602
          ],
          [
            -73.96124,
            40.75572
          ],
          [
            -73.96144,
            40.75555
          ],
          [
            -73.96167,
            40.75536
          ],
          [
            -73.96176,
            40.7553
          ],
          [
            -73.96184,
            40.75523
          ],
          [
            -73.96194,
            40.75516
          ],
          [
            -73.962,
            40.7551
          ],
          [
            -73.96216,
            40.75496
          ],
          [
            -73.96225,
            40.75487
          ],
          [
            -73.96233,
            40.75478
          ],
          [
            -73.9627,
            40.75433
          ],
          [
            -73.96341,
            40.75355
          ],
          [
            -73.96358,
            40.75336
          ],
          [
            -73.96374,
            40.75319
          ],
          [
            -73.96426,
            40.75267
          ],
          [
            -73.96521,
            40.75166
          ],
          [
            -73.96825,
            40.74795
          ],
          [
            -73.96836,
            40.74781
          ],
          [
            -73.96836,
            40.74781
          ],
          [
            -73.96854,
            40.7477
          ],
          [
            -73.9686,
            40.74764
          ],
          [
            -73.96866,
            40.74757
          ],
          [
            -73.96887,
            40.74732
          ],
          [
            -73.96905,
            40.74711
          ],
          [
            -73.96914,
            40.74703
          ],
          [
            -73.96927,
            40.74693
          ],
          [
            -73.96927,
            40.74693
          ],
          [
            -73.96929,
            40.74691
          ],
          [
            -73.96943,
            40.74676
          ],
          [
            -73.97043,
            40.74578
          ],
          [
            -73.97043,
            40.74578
          ],
          [
            -73.97049,
            40.74581
          ],
          [
            -73.97052,
            40.74582
          ],
          [
            -73.97111,
            40.74607
          ],
          [
            -73.97155,
            40.74625
          ],
          [
            -73.97168,
            40.7463
          ],
          [
            -73.97168,
            40.7463
          ],
          [
            -73.97163,
            40.74636
          ],
          [
            -73.97151,
            40.74653
          ],
          [
            -73.97127,
            40.74686
          ],
          [
            -73.97122,
            40.74693
          ],
          [
            -73.97122,
            40.74693
          ],
          [
            -73.97136,
            40.74699
          ],
          [
            -73.97182,
            40.74718
          ],
          [
            -73.97194,
            40.74724
          ],
          [
            -73.97266,
            40.74754
          ],
          [
            -73.97274,
            40.74757
          ],
          [
            -73.97281,
            40.7476
          ],
          [
            -73.97345,
            40.74787
          ],
          [
            -73.9736,
            40.74793
          ],
          [
            -73.97373,
            40.74799
          ],
          [
            -73.97399,
            40.7481
          ],
          [
            -73.97413,
            40.74816
          ],
          [
            -73.97447,
            40.7483
          ],
          [
            -73.97485,
            40.74846
          ],
          [
            -73.97491,
            40.74848
          ],
          [
            -73.97497,
            40.74851
          ],
          [
            -73.97503,
            40.74854
          ],
          [
            -73.97562,
            40.74879
          ],
          [
            -73.97569,
            40.74882
          ],
          [
            -73.97585,
            40.74889
          ],
          [
            -73.97585,
            40.74889
          ],
          [
            -73.97581,
            40.74894
          ],
          [
            -73.9758,
            40.74896
          ],
          [
            -73.97567,
            40.74914
          ],
          [
            -73.97567,
            40.74914
          ],
          [
            -73.97567,
            40.74914
          ],
          [
            -73.97548,
            40.74939
          ],
          [
            -73.97545,
            40.74944
          ],
          [
            -73.9754,
            40.7495
          ],
          [
            -73.97537,
            40.74955
          ],
          [
            -73.97534,
            40.74958
          ],
          [
            -73.97524,
            40.74972
          ],
          [
            -73.97503,
            40.75001
          ],
          [
            -73.975,
            40.75005
          ],
          [
            -73.97495,
            40.75012
          ],
          [
            -73.97491,
            40.75017
          ],
          [
            -73.9749,
            40.7502
          ],
          [
            -73.97478,
            40.75035
          ],
          [
            -73.97457,
            40.75063
          ],
          [
            -73.97454,
            40.75068
          ],
          [
            -73.97447,
            40.75077
          ],
          [
            -73.9744,
            40.75088
          ],
          [
            -73.97422,
            40.75113
          ],
          [
            -73.97422,
            40.75113
          ],
          [
            -73.97422,
            40.75113
          ],
          [
            -73.97417,
            40.75118
          ],
          [
            -73.97402,
            40.75139
          ],
          [
            -73.97397,
            40.75146
          ],
          [
            -73.97393,
            40.75151
          ],
          [
            -73.97357,
            40.75202
          ],
          [
            -73.97352,
            40.75208
          ],
          [
            -73.97348,
            40.75213
          ],
          [
            -73.97337,
            40.75229
          ],
          [
            -73.97311,
            40.75264
          ],
          [
            -73.97306,
            40.7527
          ],
          [
            -73.97302,
            40.75276
          ],
          [
            -73.97265,
            40.75327
          ],
          [
            -73.9726,
            40.75333
          ],
          [
            -73.9726,
            40.75333
          ],
          [
            -73.97246,
            40.75327
          ],
          [
            -73.97172,
            40.75296
          ],
          [
            -73.97048,
            40.75244
          ],
          [
            -73.97034,
            40.75238
          ],
          [
            -73.97025,
            40.75234
          ],
          [
            -73.97021,
            40.75232
          ],
          [
            -73.96811,
            40.75144
          ],
          [
            -73.96796,
            40.75137
          ],
          [
            -73.96796,
            40.75137
          ],
          [
            -73.9679,
            40.75143
          ],
          [
            -73.96789,
            40.75144
          ],
          [
            -73.96781,
            40.75154
          ],
          [
            -73.96775,
            40.75161
          ],
          [
            -73.96768,
            40.75167
          ],
          [
            -73.96763,
            40.75172
          ],
          [
            -73.96745,
            40.75185
          ],
          [
            -73.96735,
            40.75192
          ],
          [
            -73.96732,
            40.75196
          ],
          [
            -73.96719,
            40.75213
          ],
          [
            -73.96719,
            40.75213
          ],
          [
            -73.96711,
            40.75218
          ],
          [
            -73.96707,
            40.7522
          ],
          [
            -73.96704,
            40.75223
          ],
          [
            -73.967,
            40.75228
          ],
          [
            -73.96697,
            40.75234
          ],
          [
            -73.96697,
            40.75234
          ],
          [
            -73.96692,
            40.75236
          ],
          [
            -73.96688,
            40.75238
          ],
          [
            -73.96686,
            40.75239
          ],
          [
            -73.96684,
            40.75239
          ],
          [
            -73.96679,
            40.75239
          ],
          [
            -73.96674,
            40.75238
          ],
          [
            -73.96666,
            40.75236
          ],
          [
            -73.9666,
            40.75234
          ],
          [
            -73.96654,
            40.75232
          ],
          [
            -73.9665,
            40.7523
          ],
          [
            -73.96551,
            40.75187
          ],
          [
            -73.96543,
            40.75185
          ],
          [
            -73.96537,
            40.75183
          ],
          [
            -73.96532,
            40.75182
          ],
          [
            -73.96527,
            40.75182
          ],
          [
            -73.96522,
            40.75182
          ],
          [
            -73.96516,
            40.75182
          ],
          [
            -73.96512,
            40.75182
          ],
          [
            -73.96506,
            40.75183
          ],
          [
            -73.96499,
            40.75185
          ],
          [
            -73.96495,
            40.75186
          ],
          [
            -73.9649,
            40.75188
          ],
          [
            -73.96485,
            40.75191
          ],
          [
            -73.9648,
            40.75194
          ],
          [
            -73.96476,
            40.75197
          ],
          [
            -73.96473,
            40.752
          ],
          [
            -73.9646,
            40.75214
          ],
          [
            -73.964,
            40.75278
          ],
          [
            -73.96363,
            40.75315
          ],
          [
            -73.96358,
            40.7532
          ],
          [
            -73.96348,
            40.75328
          ],
          [
            -73.96333,
            40.7534
          ],
          [
            -73.96333,
            40.7534
          ],
          [
            -73.96313,
            40.75366
          ],
          [
            -73.96296,
            40.75387
          ],
          [
            -73.96215,
            40.75478
          ],
          [
            -73.96207,
            40.75487
          ],
          [
            -73.96198,
            40.75496
          ],
          [
            -73.96189,
            40.75504
          ],
          [
            -73.96179,
            40.75513
          ],
          [
            -73.96167,
            40.75522
          ],
          [
            -73.96155,
            40.75531
          ],
          [
            -73.96111,
            40.75569
          ],
          [
            -73.96087,
            40.75591
          ],
          [
            -73.96063,
            40.75614
          ],
          [
            -73.96041,
            40.75638
          ],
          [
            -73.9602,
            40.75664
          ],
          [
            -73.95997,
            40.75693
          ],
          [
            -73.95909,
            40.75803
          ],
          [
            -73.95839,
            40.75901
          ],
          [
            -73.9581,
            40.7594
          ],
          [
            -73.958,
            40.75951
          ],
          [
            -73.95786,
            40.75964
          ],
          [
            -73.95777,
            40.75972
          ],
          [
            -73.95768,
            40.7598
          ],
          [
            -73.95758,
            40.75988
          ],
          [
            -73.95747,
            40.75995
          ],
          [
            -73.95726,
            40.7601
          ],
          [
            -73.95636,
            40.76073
          ],
          [
            -73.95617,
            40.76089
          ],
          [
            -73.95601,
            40.76102
          ],
          [
            -73.95583,
            40.76118
          ],
          [
            -73.95572,
            40.76129
          ],
          [
            -73.95559,
            40.7614
          ],
          [
            -73.95476,
            40.76214
          ],
          [
            -73.95457,
            40.76231
          ],
          [
            -73.95438,
            40.76249
          ],
          [
            -73.95422,
            40.76264
          ],
          [
            -73.95405,
            40.76283
          ],
          [
            -73.95353,
            40.76342
          ],
          [
            -73.952,
            40.76511
          ],
          [
            -73.9519,
            40.76522
          ],
          [
            -73.95162,
            40.76553
          ],
          [
            -73.95104,
            40.76618
          ],
          [
            -73.95089,
            40.76635
          ],
          [
            -73.95074,
            40.76653
          ],
          [
            -73.95061,
            40.76672
          ],
          [
            -73.95048,
            40.7669
          ],
          [
            -73.95034,
            40.76707
          ],
          [
            -73.95004,
            40.76741
          ],
          [
            -73.95002,
            40.76743
          ],
          [
            -73.94973,
            40.76775
          ],
          [
            -73.94957,
            40.76794
          ],
          [
            -73.94944,
            40.76812
          ],
          [
            -73.9493,
            40.7683
          ],
          [
            -73.94917,
            40.76848
          ],
          [
            -73.94902,
            40.76866
          ],
          [
            -73.94894,
            40.76875
          ],
          [
            -73.94887,
            40.76883
          ],
          [
            -73.94823,
            40.76952
          ],
          [
            -73.948,
            40.76978
          ],
          [
            -73.94784,
            40.76995
          ],
          [
            -73.94766,
            40.7701
          ],
          [
            -73.9475,
            40.77027
          ],
          [
            -73.94679,
            40.77104
          ],
          [
            -73.94663,
            40.77121
          ],
          [
            -73.94646,
            40.77137
          ],
          [
            -73.94627,
            40.77152
          ],
          [
            -73.94607,
            40.77168
          ],
          [
            -73.9459,
            40.77183
          ],
          [
            -73.94564,
            40.77204
          ],
          [
            -73.94546,
            40.77219
          ],
          [
            -73.94527,
            40.77234
          ],
          [
            -73.94508,
            40.77248
          ],
          [
            -73.94487,
            40.77267
          ],
          [
            -73.9447,
            40.77284
          ],
          [
            -73.94448,
            40.77308
          ],
          [
            -73.94345,
            40.77421
          ],
          [
            -73.94334,
            40.77432
          ],
          [
            -73.94322,
            40.77446
          ],
          [
            -73.9431,
            40.77461
          ],
          [
            -73.943,
            40.77474
          ],
          [
            -73.94289,
            40.77489
          ],
          [
            -73.94281,
            40.77502
          ],
          [
            -73.94272,
            40.77519
          ],
          [
            -73.94263,
            40.77537
          ],
          [
            -73.94257,
            40.77553
          ],
          [
            -73.94253,
            40.77566
          ],
          [
            -73.9425,
            40.77578
          ],
          [
            -73.94247,
            40.77594
          ],
          [
            -73.94246,
            40.77606
          ],
          [
            -73.94245,
            40.77619
          ],
          [
            -73.94245,
            40.77629
          ],
          [
            -73.94246,
            40.77646
          ],
          [
            -73.94248,
            40.77663
          ],
          [
            -73.9425,
            40.77678
          ],
          [
            -73.94253,
            40.77694
          ],
          [
            -73.94257,
            40.77709
          ],
          [
            -73.94282,
            40.77791
          ],
          [
            -73.94289,
            40.77811
          ],
          [
            -73.94297,
            40.77828
          ],
          [
            -73.94357,
            40.7796
          ],
          [
            -73.94366,
            40.77979
          ],
          [
            -73.94374,
            40.77999
          ],
          [
            -73.94381,
            40.78019
          ],
          [
            -73.94388,
            40.78039
          ],
          [
            -73.94393,
            40.7806
          ],
          [
            -73.944,
            40.78091
          ],
          [
            -73.944,
            40.78091
          ],
          [
            -73.944,
            40.78127
          ],
          [
            -73.94401,
            40.78141
          ],
          [
            -73.94401,
            40.78156
          ],
          [
            -73.94401,
            40.78168
          ],
          [
            -73.94401,
            40.78177
          ],
          [
            -73.94399,
            40.78188
          ],
          [
            -73.94398,
            40.78197
          ],
          [
            -73.94395,
            40.78207
          ],
          [
            -73.94393,
            40.78217
          ],
          [
            -73.94383,
            40.78252
          ],
          [
            -73.94377,
            40.78274
          ],
          [
            -73.94377,
            40.78278
          ],
          [
            -73.94378,
            40.78282
          ],
          [
            -73.94378,
            40.78288
          ],
          [
            -73.94378,
            40.78288
          ],
          [
            -73.94379,
            40.7829
          ],
          [
            -73.94382,
            40.78294
          ],
          [
            -73.94385,
            40.78296
          ],
          [
            -73.94404,
            40.78304
          ],
          [
            -73.94411,
            40.78307
          ],
          [
            -73.94455,
            40.78325
          ],
          [
            -73.94472,
            40.78325
          ],
          [
            -73.94486,
            40.78331
          ],
          [
            -73.945,
            40.78337
          ],
          [
            -73.94517,
            40.78344
          ],
          [
            -73.94559,
            40.78362
          ],
          [
            -73.94591,
            40.78375
          ],
          [
            -73.94697,
            40.7842
          ],
          [
            -73.94709,
            40.78425
          ],
          [
            -73.94722,
            40.78431
          ],
          [
            -73.94731,
            40.78434
          ],
          [
            -73.94745,
            40.7844
          ],
          [
            -73.94902,
            40.78507
          ],
          [
            -73.9492,
            40.78514
          ],
          [
            -73.94933,
            40.7852
          ],
          [
            -73.94933,
            40.7852
          ],
          [
            -73.94925,
            40.7853
          ],
          [
            -73.94888,
            40.78582
          ],
          [
            -73.94883,
            40.78589
          ],
          [
            -73.94878,
            40.78596
          ],
          [
            -73.94844,
            40.78644
          ],
          [
            -73.94839,
            40.7865
          ],
          [
            -73.94834,
            40.78656
          ],
          [
            -73.94802,
            40.787
          ],
          [
            -73.94797,
            40.78706
          ],
          [
            -73.94792,
            40.78712
          ],
          [
            -73.94787,
            40.78719
          ],
          [
            -73.94772,
            40.7874
          ],
          [
            -73.9475,
            40.7877
          ],
          [
            -73.94746,
            40.78775
          ],
          [
            -73.94742,
            40.78781
          ],
          [
            -73.94709,
            40.78826
          ],
          [
            -73.94704,
            40.78833
          ],
          [
            -73.947,
            40.78839
          ],
          [
            -73.94696,
            40.78845
          ],
          [
            -73.9466,
            40.78893
          ],
          [
            -73.94655,
            40.789
          ],
          [
            -73.9465,
            40.78907
          ],
          [
            -73.94612,
            40.78959
          ],
          [
            -73.94609,
            40.78964
          ],
          [
            -73.94604,
            40.78971
          ],
          [
            -73.94568,
            40.79019
          ],
          [
            -73.94564,
            40.79025
          ],
          [
            -73.94558,
            40.79033
          ],
          [
            -73.94521,
            40.79085
          ],
          [
            -73.94517,
            40.79089
          ],
          [
            -73.94513,
            40.79095
          ],
          [
            -73.94475,
            40.79147
          ],
          [
            -73.94468,
            40.79157
          ],
          [
            -73.94461,
            40.79167
          ],
          [
            -73.94422,
            40.7922
          ],
          [
            -73.94418,
            40.79225
          ],
          [
            -73.94414,
            40.79231
          ],
          [
            -73.94383,
            40.79272
          ],
          [
            -73.94376,
            40.79282
          ],
          [
            -73.94372,
            40.79288
          ],
          [
            -73.94369,
            40.79292
          ],
          [
            -73.94332,
            40.79343
          ],
          [
            -73.94327,
            40.7935
          ],
          [
            -73.94322,
            40.79356
          ],
          [
            -73.94306,
            40.79378
          ],
          [
            -73.94284,
            40.79409
          ],
          [
            -73.94281,
            40.79413
          ],
          [
            -73.94276,
            40.79419
          ],
          [
            -73.94239,
            40.79471
          ],
          [
            -73.94235,
            40.79476
          ],
          [
            -73.9423,
            40.79482
          ],
          [
            -73.94193,
            40.79534
          ],
          [
            -73.94188,
            40.79541
          ],
          [
            -73.94182,
            40.79548
          ],
          [
            -73.94145,
            40.79598
          ],
          [
            -73.94137,
            40.7961
          ],
          [
            -73.9412,
            40.79634
          ],
          [
            -73.94098,
            40.79663
          ],
          [
            -73.94057,
            40.7972
          ],
          [
            -73.94052,
            40.79727
          ],
          [
            -73.94047,
            40.79733
          ],
          [
            -73.94009,
            40.79786
          ],
          [
            -73.94003,
            40.79794
          ],
          [
            -73.93995,
            40.79804
          ],
          [
            -73.93956,
            40.79857
          ],
          [
            -73.93952,
            40.79863
          ],
          [
            -73.93948,
            40.79868
          ],
          [
            -73.9391,
            40.7992
          ],
          [
            -73.93906,
            40.79925
          ],
          [
            -73.93902,
            40.79931
          ],
          [
            -73.93865,
            40.79983
          ],
          [
            -73.93864,
            40.79983
          ],
          [
            -73.9386,
            40.79989
          ],
          [
            -73.93857,
            40.79994
          ],
          [
            -73.93856,
            40.79994
          ],
          [
            -73.93819,
            40.80046
          ],
          [
            -73.93816,
            40.8005
          ],
          [
            -73.93811,
            40.80056
          ],
          [
            -73.9381,
            40.80058
          ],
          [
            -73.93773,
            40.80109
          ],
          [
            -73.93769,
            40.80114
          ],
          [
            -73.93765,
            40.8012
          ],
          [
            -73.93727,
            40.80172
          ],
          [
            -73.93724,
            40.80177
          ],
          [
            -73.93719,
            40.80183
          ],
          [
            -73.93681,
            40.80234
          ],
          [
            -73.93677,
            40.8024
          ],
          [
            -73.93673,
            40.80246
          ],
          [
            -73.93635,
            40.80298
          ],
          [
            -73.93631,
            40.80303
          ],
          [
            -73.93627,
            40.80309
          ],
          [
            -73.93616,
            40.80324
          ],
          [
            -73.9359,
            40.80361
          ],
          [
            -73.93583,
            40.80371
          ],
          [
            -73.93583,
            40.80371
          ],
          [
            -73.93596,
            40.80376
          ],
          [
            -73.9363,
            40.80391
          ],
          [
            -73.93652,
            40.804
          ],
          [
            -73.93673,
            40.80409
          ],
          [
            -73.93685,
            40.80414
          ],
          [
            -73.93735,
            40.80435
          ],
          [
            -73.93743,
            40.80438
          ],
          [
            -73.93753,
            40.80442
          ],
          [
            -73.93788,
            40.80457
          ],
          [
            -73.93858,
            40.80487
          ],
          [
            -73.93885,
            40.80498
          ],
          [
            -73.93889,
            40.805
          ],
          [
            -73.93904,
            40.80506
          ],
          [
            -73.93918,
            40.80512
          ],
          [
            -73.93924,
            40.80515
          ],
          [
            -73.9397,
            40.80534
          ],
          [
            -73.94013,
            40.80552
          ],
          [
            -73.94027,
            40.80558
          ],
          [
            -73.94055,
            40.8057
          ],
          [
            -73.94064,
            40.80574
          ],
          [
            -73.94076,
            40.80579
          ],
          [
            -73.941,
            40.80589
          ],
          [
            -73.94183,
            40.80624
          ],
          [
            -73.94191,
            40.80627
          ],
          [
            -73.94217,
            40.80638
          ],
          [
            -73.94227,
            40.80642
          ],
          [
            -73.94237,
            40.80646
          ],
          [
            -73.94247,
            40.8065
          ],
          [
            -73.94247,
            40.8065
          ],
          [
            -73.94247,
            40.8065
          ],
          [
            -73.9426,
            40.80656
          ],
          [
            -73.94269,
            40.8066
          ],
          [
            -73.94378,
            40.80706
          ],
          [
            -73.94383,
            40.80708
          ],
          [
            -73.94389,
            40.8071
          ],
          [
            -73.94425,
            40.80726
          ],
          [
            -73.94481,
            40.80749
          ],
          [
            -73.94533,
            40.80771
          ],
          [
            -73.94541,
            40.80775
          ],
          [
            -73.94557,
            40.80781
          ],
          [
            -73.94567,
            40.80785
          ],
          [
            -73.94599,
            40.80799
          ],
          [
            -73.94599,
            40.80799
          ],
          [
            -73.94599,
            40.80799
          ],
          [
            -73.94567,
            40.80785
          ],
          [
            -73.94557,
            40.80781
          ],
          [
            -73.94541,
            40.80775
          ],
          [
            -73.94533,
            40.80771
          ],
          [
            -73.94481,
            40.80749
          ],
          [
            -73.94425,
            40.80726
          ],
          [
            -73.94389,
            40.8071
          ],
          [
            -73.94383,
            40.80708
          ],
          [
            -73.94378,
            40.80706
          ],
          [
            -73.94269,
            40.8066
          ],
          [
            -73.9426,
            40.80656
          ],
          [
            -73.94237,
            40.80646
          ],
          [
            -73.94227,
            40.80642
          ],
          [
            -73.94217,
            40.80638
          ],
          [
            -73.94191,
            40.80627
          ],
          [
            -73.94183,
            40.80624
          ],
          [
            -73.941,
            40.80589
          ],
          [
            -73.94076,
            40.80579
          ],
          [
            -73.94064,
            40.80574
          ],
          [
            -73.94055,
            40.8057
          ],
          [
            -73.94027,
            40.80558
          ],
          [
            -73.94013,
            40.80552
          ],
          [
            -73.9397,
            40.80534
          ],
          [
            -73.93924,
            40.80515
          ],
          [
            -73.93918,
            40.80512
          ],
          [
            -73.93904,
            40.80506
          ],
          [
            -73.93889,
            40.805
          ],
          [
            -73.93885,
            40.80498
          ],
          [
            -73.93858,
            40.80487
          ],
          [
            -73.93788,
            40.80457
          ],
          [
            -73.93753,
            40.80442
          ],
          [
            -73.93743,
            40.80438
          ],
          [
            -73.93735,
            40.80435
          ],
          [
            -73.93685,
            40.80414
          ],
          [
            -73.93673,
            40.80409
          ],
          [
            -73.93652,
            40.804
          ],
          [
            -73.9363,
            40.80391
          ],
          [
            -73.93596,
            40.80376
          ],
          [
            -73.93583,
            40.80371
          ],
          [
            -73.93569,
            40.80365
          ],
          [
            -73.93453,
            40.80316
          ],
          [
            -73.93419,
            40.80302
          ],
          [
            -73.93401,
            40.80295
          ],
          [
            -73.93386,
            40.80288
          ],
          [
            -73.9337,
            40.80282
          ],
          [
            -73.93358,
            40.80276
          ],
          [
            -73.93345,
            40.80271
          ],
          [
            -73.93341,
            40.80269
          ],
          [
            -73.93331,
            40.80265
          ],
          [
            -73.93321,
            40.8026
          ],
          [
            -73.9331,
            40.80255
          ],
          [
            -73.93139,
            40.80184
          ],
          [
            -73.93139,
            40.80184
          ],
          [
            -73.93133,
            40.80182
          ],
          [
            -73.93121,
            40.80177
          ],
          [
            -73.93052,
            40.80148
          ],
          [
            -73.93047,
            40.80145
          ],
          [
            -73.93043,
            40.80142
          ],
          [
            -73.93038,
            40.80137
          ],
          [
            -73.93035,
            40.80133
          ],
          [
            -73.93032,
            40.80129
          ],
          [
            -73.9303,
            40.80124
          ],
          [
            -73.9303,
            40.80119
          ],
          [
            -73.93029,
            40.80115
          ],
          [
            -73.93028,
            40.80108
          ],
          [
            -73.93026,
            40.80102
          ],
          [
            -73.93024,
            40.80096
          ],
          [
            -73.93004,
            40.80055
          ],
          [
            -73.93001,
            40.80047
          ],
          [
            -73.92992,
            40.80023
          ],
          [
            -73.92989,
            40.80016
          ],
          [
            -73.92989,
            40.80016
          ],
          [
            -73.92989,
            40.79961
          ],
          [
            -73.92988,
            40.7995
          ],
          [
            -73.92988,
            40.7994
          ],
          [
            -73.92986,
            40.79929
          ],
          [
            -73.92983,
            40.79919
          ],
          [
            -73.92979,
            40.79907
          ],
          [
            -73.92975,
            40.79896
          ],
          [
            -73.92969,
            40.79879
          ],
          [
            -73.92965,
            40.79867
          ],
          [
            -73.92961,
            40.79854
          ],
          [
            -73.92956,
            40.79837
          ],
          [
            -73.92946,
            40.79795
          ],
          [
            -73.92942,
            40.7978
          ],
          [
            -73.92939,
            40.79766
          ],
          [
            -73.92937,
            40.7975
          ],
          [
            -73.92933,
            40.79717
          ],
          [
            -73.92933,
            40.79717
          ],
          [
            -73.92933,
            40.79709
          ],
          [
            -73.92935,
            40.79693
          ],
          [
            -73.92938,
            40.79672
          ],
          [
            -73.92943,
            40.79651
          ],
          [
            -73.92948,
            40.79629
          ],
          [
            -73.92955,
            40.79609
          ],
          [
            -73.92963,
            40.79589
          ],
          [
            -73.92968,
            40.79578
          ],
          [
            -73.92979,
            40.79559
          ],
          [
            -73.92991,
            40.79541
          ],
          [
            -73.93006,
            40.79521
          ],
          [
            -73.93013,
            40.79511
          ],
          [
            -73.9302,
            40.79503
          ],
          [
            -73.93028,
            40.79494
          ],
          [
            -73.93037,
            40.79486
          ],
          [
            -73.93046,
            40.79478
          ],
          [
            -73.93056,
            40.79471
          ],
          [
            -73.93067,
            40.79463
          ],
          [
            -73.93078,
            40.79457
          ],
          [
            -73.93228,
            40.79376
          ],
          [
            -73.93287,
            40.79344
          ],
          [
            -73.93309,
            40.79331
          ],
          [
            -73.93332,
            40.79318
          ],
          [
            -73.93355,
            40.79305
          ],
          [
            -73.93377,
            40.79291
          ],
          [
            -73.93399,
            40.79277
          ],
          [
            -73.93421,
            40.79263
          ],
          [
            -73.93442,
            40.79248
          ],
          [
            -73.93526,
            40.7919
          ],
          [
            -73.93546,
            40.79175
          ],
          [
            -73.93555,
            40.79168
          ],
          [
            -73.93565,
            40.7916
          ],
          [
            -73.93576,
            40.79151
          ],
          [
            -73.93586,
            40.79142
          ],
          [
            -73.93595,
            40.79133
          ],
          [
            -73.93603,
            40.79125
          ],
          [
            -73.93611,
            40.79116
          ],
          [
            -73.93619,
            40.79108
          ],
          [
            -73.93626,
            40.79099
          ],
          [
            -73.93633,
            40.7909
          ],
          [
            -73.93673,
            40.79041
          ],
          [
            -73.93719,
            40.78978
          ],
          [
            -73.93727,
            40.78967
          ],
          [
            -73.93733,
            40.78957
          ],
          [
            -73.93738,
            40.78947
          ],
          [
            -73.93743,
            40.78937
          ],
          [
            -73.93748,
            40.78927
          ],
          [
            -73.93811,
            40.78784
          ],
          [
            -73.93817,
            40.78773
          ],
          [
            -73.93822,
            40.78763
          ],
          [
            -73.93828,
            40.78754
          ],
          [
            -73.93834,
            40.78744
          ],
          [
            -73.93841,
            40.78735
          ],
          [
            -73.93848,
            40.78726
          ],
          [
            -73.93856,
            40.78716
          ],
          [
            -73.9389,
            40.78678
          ],
          [
            -73.93957,
            40.786
          ],
          [
            -73.93966,
            40.78591
          ],
          [
            -73.93974,
            40.78582
          ],
          [
            -73.93982,
            40.78574
          ],
          [
            -73.93991,
            40.78565
          ],
          [
            -73.94,
            40.78556
          ],
          [
            -73.94009,
            40.78549
          ],
          [
            -73.94019,
            40.78541
          ],
          [
            -73.9403,
            40.78533
          ],
          [
            -73.94041,
            40.78526
          ],
          [
            -73.94052,
            40.7852
          ],
          [
            -73.94075,
            40.78508
          ],
          [
            -73.94182,
            40.78455
          ],
          [
            -73.94229,
            40.78431
          ],
          [
            -73.94253,
            40.78419
          ],
          [
            -73.94265,
            40.78412
          ],
          [
            -73.94276,
            40.78406
          ],
          [
            -73.94288,
            40.784
          ],
          [
            -73.94298,
            40.78393
          ],
          [
            -73.94309,
            40.78385
          ],
          [
            -73.9432,
            40.78378
          ],
          [
            -73.9433,
            40.7837
          ],
          [
            -73.94339,
            40.78362
          ],
          [
            -73.94348,
            40.78353
          ],
          [
            -73.94357,
            40.78345
          ],
          [
            -73.94364,
            40.78336
          ],
          [
            -73.94372,
            40.78327
          ],
          [
            -73.9438,
            40.78317
          ],
          [
            -73.94386,
            40.78307
          ],
          [
            -73.94393,
            40.78298
          ],
          [
            -73.94398,
            40.78289
          ],
          [
            -73.94403,
            40.78279
          ],
          [
            -73.94408,
            40.78268
          ],
          [
            -73.94413,
            40.78258
          ],
          [
            -73.94416,
            40.78248
          ],
          [
            -73.9442,
            40.78236
          ],
          [
            -73.94422,
            40.78226
          ],
          [
            -73.94425,
            40.78216
          ],
          [
            -73.94426,
            40.78205
          ],
          [
            -73.94427,
            40.78196
          ],
          [
            -73.94428,
            40.78186
          ],
          [
            -73.94428,
            40.78175
          ],
          [
            -73.94428,
            40.78163
          ],
          [
            -73.94427,
            40.78152
          ],
          [
            -73.94425,
            40.78142
          ],
          [
            -73.94423,
            40.78131
          ],
          [
            -73.94403,
            40.78046
          ],
          [
            -73.94396,
            40.78024
          ],
          [
            -73.9439,
            40.78004
          ],
          [
            -73.94382,
            40.77983
          ],
          [
            -73.94373,
            40.77963
          ],
          [
            -73.94354,
            40.77922
          ],
          [
            -73.94316,
            40.77838
          ],
          [
            -73.94307,
            40.77818
          ],
          [
            -73.94299,
            40.77798
          ],
          [
            -73.94292,
            40.77777
          ],
          [
            -73.94269,
            40.77703
          ],
          [
            -73.94266,
            40.77692
          ],
          [
            -73.94262,
            40.77678
          ],
          [
            -73.9426,
            40.77666
          ],
          [
            -73.94258,
            40.77656
          ],
          [
            -73.94256,
            40.77638
          ],
          [
            -73.94255,
            40.77618
          ],
          [
            -73.94254,
            40.77596
          ],
          [
            -73.94256,
            40.77582
          ],
          [
            -73.94258,
            40.77569
          ],
          [
            -73.94262,
            40.77558
          ],
          [
            -73.94266,
            40.77544
          ],
          [
            -73.94272,
            40.77531
          ],
          [
            -73.94277,
            40.7752
          ],
          [
            -73.94285,
            40.77506
          ],
          [
            -73.94292,
            40.77494
          ],
          [
            -73.94301,
            40.77481
          ],
          [
            -73.94313,
            40.77466
          ],
          [
            -73.94333,
            40.77442
          ],
          [
            -73.94425,
            40.77339
          ],
          [
            -73.94439,
            40.77323
          ],
          [
            -73.94453,
            40.77308
          ],
          [
            -73.94465,
            40.77296
          ],
          [
            -73.94477,
            40.77281
          ],
          [
            -73.9449,
            40.77268
          ],
          [
            -73.94512,
            40.77248
          ],
          [
            -73.94542,
            40.77226
          ],
          [
            -73.9457,
            40.77205
          ],
          [
            -73.9459,
            40.77191
          ],
          [
            -73.94608,
            40.77179
          ],
          [
            -73.9463,
            40.77166
          ],
          [
            -73.94649,
            40.77149
          ],
          [
            -73.94659,
            40.77141
          ],
          [
            -73.94669,
            40.77132
          ],
          [
            -73.94677,
            40.77123
          ],
          [
            -73.94736,
            40.7706
          ],
          [
            -73.94752,
            40.77042
          ],
          [
            -73.94769,
            40.77024
          ],
          [
            -73.94787,
            40.77007
          ],
          [
            -73.94805,
            40.76989
          ],
          [
            -73.94839,
            40.76953
          ],
          [
            -73.94856,
            40.76934
          ],
          [
            -73.94872,
            40.76915
          ],
          [
            -73.94889,
            40.76897
          ],
          [
            -73.94913,
            40.7687
          ],
          [
            -73.94928,
            40.76852
          ],
          [
            -73.94958,
            40.76813
          ],
          [
            -73.94972,
            40.76794
          ],
          [
            -73.94988,
            40.76775
          ],
          [
            -73.95015,
            40.76745
          ],
          [
            -73.95017,
            40.76743
          ],
          [
            -73.95027,
            40.76732
          ],
          [
            -73.95044,
            40.76713
          ],
          [
            -73.95052,
            40.76704
          ],
          [
            -73.95059,
            40.76696
          ],
          [
            -73.9507,
            40.7668
          ],
          [
            -73.95076,
            40.76672
          ],
          [
            -73.95085,
            40.76658
          ],
          [
            -73.95097,
            40.76643
          ],
          [
            -73.95148,
            40.76585
          ],
          [
            -73.95173,
            40.76558
          ],
          [
            -73.95201,
            40.76527
          ],
          [
            -73.95211,
            40.76516
          ],
          [
            -73.95318,
            40.76394
          ],
          [
            -73.95364,
            40.76347
          ],
          [
            -73.95375,
            40.76335
          ],
          [
            -73.95424,
            40.7628
          ],
          [
            -73.95442,
            40.76261
          ],
          [
            -73.95458,
            40.76245
          ],
          [
            -73.95479,
            40.76227
          ],
          [
            -73.95569,
            40.76145
          ],
          [
            -73.95595,
            40.76123
          ],
          [
            -73.95611,
            40.7611
          ],
          [
            -73.95644,
            40.76087
          ],
          [
            -73.95684,
            40.7606
          ],
          [
            -73.95713,
            40.76041
          ],
          [
            -73.95729,
            40.7603
          ],
          [
            -73.95748,
            40.76015
          ],
          [
            -73.95766,
            40.76
          ],
          [
            -73.95776,
            40.75991
          ],
          [
            -73.9579,
            40.75974
          ],
          [
            -73.95806,
            40.75954
          ],
          [
            -73.9582,
            40.75934
          ],
          [
            -73.95837,
            40.75913
          ],
          [
            -73.95847,
            40.75899
          ],
          [
            -73.95914,
            40.75804
          ],
          [
            -73.95982,
            40.75721
          ],
          [
            -73.95995,
            40.75706
          ],
          [
            -73.96006,
            40.75694
          ],
          [
            -73.96027,
            40.75672
          ],
          [
            -73.96047,
            40.7565
          ],
          [
            -73.96072,
            40.75623
          ],
          [
            -73.96093,
            40.75602
          ],
          [
            -73.96124,
            40.75572
          ],
          [
            -73.96144,
            40.75555
          ],
          [
            -73.96167,
            40.75536
          ],
          [
            -73.96176,
            40.7553
          ],
          [
            -73.96184,
            40.75523
          ],
          [
            -73.96194,
            40.75516
          ],
          [
            -73.962,
            40.7551
          ],
          [
            -73.962,
            40.7551
          ],
          [
            -73.9621,
            40.75505
          ],
          [
            -73.96219,
            40.75499
          ],
          [
            -73.96229,
            40.75493
          ],
          [
            -73.96233,
            40.7549
          ],
          [
            -73.96237,
            40.75487
          ],
          [
            -73.96242,
            40.75485
          ],
          [
            -73.96246,
            40.75483
          ],
          [
            -73.9625,
            40.75482
          ],
          [
            -73.96254,
            40.75482
          ],
          [
            -73.96258,
            40.75483
          ],
          [
            -73.96263,
            40.75484
          ],
          [
            -73.96266,
            40.75485
          ],
          [
            -73.96273,
            40.75488
          ],
          [
            -73.9629,
            40.75498
          ],
          [
            -73.9629,
            40.75498
          ],
          [
            -73.96465,
            40.75571
          ],
          [
            -73.96477,
            40.75576
          ],
          [
            -73.96492,
            40.75582
          ],
          [
            -73.96641,
            40.75645
          ],
          [
            -73.96703,
            40.75671
          ],
          [
            -73.96717,
            40.75676
          ],
          [
            -73.96729,
            40.75682
          ],
          [
            -73.96843,
            40.7573
          ],
          [
            -73.96903,
            40.75755
          ],
          [
            -73.96927,
            40.75765
          ],
          [
            -73.96941,
            40.75771
          ],
          [
            -73.96941,
            40.75771
          ],
          [
            -73.96936,
            40.75777
          ],
          [
            -73.969,
            40.75827
          ],
          [
            -73.96895,
            40.75834
          ],
          [
            -73.96891,
            40.7584
          ],
          [
            -73.96854,
            40.75889
          ],
          [
            -73.96849,
            40.75896
          ],
          [
            -73.96849,
            40.75896
          ],
          [
            -73.96843,
            40.75901
          ],
          [
            -73.96824,
            40.7592
          ],
          [
            -73.96823,
            40.75921
          ],
          [
            -73.968,
            40.75949
          ],
          [
            -73.96795,
            40.75955
          ],
          [
            -73.96791,
            40.75961
          ],
          [
            -73.96753,
            40.76013
          ],
          [
            -73.96752,
            40.76014
          ],
          [
            -73.96752,
            40.76014
          ],
          [
            -73.96752,
            40.76014
          ],
          [
            -73.96745,
            40.76022
          ],
          [
            -73.96739,
            40.76032
          ],
          [
            -73.96722,
            40.76055
          ],
          [
            -73.9671,
            40.76071
          ],
          [
            -73.96706,
            40.76086
          ],
          [
            -73.96704,
            40.76094
          ],
          [
            -73.96704,
            40.76094
          ],
          [
            -73.9669,
            40.76088
          ],
          [
            -73.96494,
            40.76005
          ],
          [
            -73.9648,
            40.75999
          ],
          [
            -73.9648,
            40.75999
          ],
          [
            -73.96485,
            40.75994
          ],
          [
            -73.96495,
            40.7598
          ],
          [
            -73.96524,
            40.75941
          ],
          [
            -73.96531,
            40.75932
          ],
          [
            -73.96531,
            40.75932
          ],
          [
            -73.96543,
            40.75937
          ],
          [
            -73.96587,
            40.75956
          ],
          [
            -73.96638,
            40.75977
          ],
          [
            -73.96707,
            40.76006
          ],
          [
            -73.9674,
            40.7602
          ],
          [
            -73.96745,
            40.76022
          ],
          [
            -73.96758,
            40.76028
          ],
          [
            -73.96767,
            40.76032
          ],
          [
            -73.96798,
            40.76044
          ],
          [
            -73.96833,
            40.76059
          ],
          [
            -73.96869,
            40.76075
          ],
          [
            -73.96903,
            40.76089
          ],
          [
            -73.96913,
            40.76093
          ],
          [
            -73.96924,
            40.76098
          ],
          [
            -73.96951,
            40.76109
          ],
          [
            -73.96989,
            40.76125
          ],
          [
            -73.9705,
            40.7615
          ],
          [
            -73.97055,
            40.76153
          ],
          [
            -73.97067,
            40.76158
          ],
          [
            -73.97085,
            40.76165
          ],
          [
            -73.97096,
            40.7617
          ],
          [
            -73.97102,
            40.76172
          ],
          [
            -73.97106,
            40.76174
          ],
          [
            -73.97225,
            40.76225
          ],
          [
            -73.97237,
            40.7623
          ],
          [
            -73.97247,
            40.76234
          ],
          [
            -73.97314,
            40.76262
          ],
          [
            -73.97385,
            40.76292
          ],
          [
            -73.97397,
            40.76297
          ],
          [
            -73.9741,
            40.76303
          ],
          [
            -73.97565,
            40.76367
          ],
          [
            -73.97613,
            40.76388
          ],
          [
            -73.97615,
            40.76388
          ],
          [
            -73.97706,
            40.76427
          ],
          [
            -73.9772,
            40.76432
          ],
          [
            -73.97734,
            40.76438
          ],
          [
            -73.97763,
            40.76451
          ],
          [
            -73.97891,
            40.76505
          ],
          [
            -73.9799,
            40.76546
          ],
          [
            -73.98004,
            40.76552
          ],
          [
            -73.98015,
            40.76557
          ],
          [
            -73.98032,
            40.76564
          ],
          [
            -73.98048,
            40.76571
          ],
          [
            -73.98088,
            40.76588
          ],
          [
            -73.98173,
            40.76624
          ],
          [
            -73.98189,
            40.7663
          ],
          [
            -73.98199,
            40.76634
          ],
          [
            -73.98274,
            40.76666
          ],
          [
            -73.98287,
            40.76672
          ],
          [
            -73.98302,
            40.76678
          ],
          [
            -73.98372,
            40.76707
          ],
          [
            -73.98378,
            40.7671
          ],
          [
            -73.98416,
            40.76726
          ],
          [
            -73.98422,
            40.76728
          ],
          [
            -73.98441,
            40.76736
          ],
          [
            -73.98559,
            40.76786
          ],
          [
            -73.98564,
            40.76788
          ],
          [
            -73.98572,
            40.76792
          ],
          [
            -73.98586,
            40.76797
          ],
          [
            -73.98803,
            40.76889
          ],
          [
            -73.98844,
            40.76907
          ],
          [
            -73.98856,
            40.76912
          ],
          [
            -73.98869,
            40.76917
          ],
          [
            -73.98897,
            40.76929
          ],
          [
            -73.9891,
            40.76935
          ],
          [
            -73.99034,
            40.76987
          ],
          [
            -73.99078,
            40.77006
          ],
          [
            -73.99126,
            40.77026
          ],
          [
            -73.99139,
            40.77032
          ],
          [
            -73.99154,
            40.77038
          ],
          [
            -73.99208,
            40.7706
          ],
          [
            -73.99243,
            40.77075
          ],
          [
            -73.99325,
            40.77109
          ],
          [
            -73.99357,
            40.77123
          ],
          [
            -73.9938,
            40.77138
          ],
          [
            -73.994,
            40.77146
          ],
          [
            -73.99405,
            40.77148
          ],
          [
            -73.99421,
            40.77153
          ],
          [
            -73.99421,
            40.77153
          ],
          [
            -73.99418,
            40.7716
          ],
          [
            -73.99417,
            40.77162
          ],
          [
            -73.99414,
            40.77167
          ],
          [
            -73.99412,
            40.77171
          ],
          [
            -73.9941,
            40.77175
          ],
          [
            -73.99408,
            40.77179
          ],
          [
            -73.99406,
            40.77182
          ],
          [
            -73.99405,
            40.77183
          ],
          [
            -73.99403,
            40.77186
          ],
          [
            -73.99402,
            40.77189
          ],
          [
            -73.994,
            40.77192
          ],
          [
            -73.99385,
            40.77212
          ],
          [
            -73.99334,
            40.77281
          ],
          [
            -73.9932,
            40.773
          ],
          [
            -73.99216,
            40.77456
          ],
          [
            -73.99198,
            40.77483
          ],
          [
            -73.99181,
            40.77507
          ],
          [
            -73.98837,
            40.77979
          ],
          [
            -73.98822,
            40.77999
          ],
          [
            -73.98808,
            40.78017
          ],
          [
            -73.98793,
            40.78036
          ],
          [
            -73.98777,
            40.78055
          ],
          [
            -73.9876,
            40.78073
          ],
          [
            -73.98743,
            40.78092
          ],
          [
            -73.9872,
            40.78116
          ],
          [
            -73.98708,
            40.78128
          ],
          [
            -73.98699,
            40.78136
          ],
          [
            -73.98691,
            40.78144
          ],
          [
            -73.98685,
            40.78151
          ],
          [
            -73.98673,
            40.78163
          ],
          [
            -73.98673,
            40.78163
          ],
          [
            -73.98665,
            40.78172
          ],
          [
            -73.98658,
            40.78182
          ],
          [
            -73.98533,
            40.78353
          ],
          [
            -73.9842,
            40.78512
          ],
          [
            -73.984,
            40.78544
          ],
          [
            -73.98388,
            40.7856
          ],
          [
            -73.98369,
            40.78588
          ],
          [
            -73.9836,
            40.78603
          ],
          [
            -73.98352,
            40.78619
          ],
          [
            -73.98343,
            40.78635
          ],
          [
            -73.98335,
            40.7865
          ],
          [
            -73.98327,
            40.78668
          ],
          [
            -73.98319,
            40.78686
          ],
          [
            -73.98311,
            40.78705
          ],
          [
            -73.98302,
            40.78729
          ],
          [
            -73.98295,
            40.78749
          ],
          [
            -73.98276,
            40.788
          ],
          [
            -73.98266,
            40.78826
          ],
          [
            -73.98259,
            40.78841
          ],
          [
            -73.98251,
            40.7886
          ],
          [
            -73.98243,
            40.78879
          ],
          [
            -73.98237,
            40.78893
          ],
          [
            -73.98228,
            40.78912
          ],
          [
            -73.98219,
            40.7893
          ],
          [
            -73.98211,
            40.78946
          ],
          [
            -73.98202,
            40.78963
          ],
          [
            -73.98193,
            40.78981
          ],
          [
            -73.98183,
            40.78998
          ],
          [
            -73.98174,
            40.79015
          ],
          [
            -73.98164,
            40.79032
          ],
          [
            -73.98155,
            40.79047
          ],
          [
            -73.98145,
            40.79065
          ],
          [
            -73.98129,
            40.7909
          ],
          [
            -73.98112,
            40.79115
          ],
          [
            -73.98096,
            40.79139
          ],
          [
            -73.98078,
            40.79164
          ],
          [
            -73.98061,
            40.79187
          ],
          [
            -73.98044,
            40.7921
          ],
          [
            -73.98031,
            40.79228
          ],
          [
            -73.98019,
            40.79244
          ],
          [
            -73.98008,
            40.79258
          ],
          [
            -73.97995,
            40.79274
          ],
          [
            -73.97981,
            40.7929
          ],
          [
            -73.97969,
            40.79304
          ],
          [
            -73.97956,
            40.79319
          ],
          [
            -73.97943,
            40.79333
          ],
          [
            -73.97926,
            40.79351
          ],
          [
            -73.97912,
            40.79366
          ],
          [
            -73.97897,
            40.79381
          ],
          [
            -73.97882,
            40.79395
          ],
          [
            -73.97867,
            40.79409
          ],
          [
            -73.97847,
            40.79427
          ],
          [
            -73.97836,
            40.79436
          ],
          [
            -73.97818,
            40.79451
          ],
          [
            -73.97802,
            40.79465
          ],
          [
            -73.97784,
            40.79479
          ],
          [
            -73.97737,
            40.79517
          ],
          [
            -73.9772,
            40.79531
          ],
          [
            -73.977,
            40.79545
          ],
          [
            -73.97673,
            40.79569
          ],
          [
            -73.97655,
            40.79585
          ],
          [
            -73.9764,
            40.796
          ],
          [
            -73.97622,
            40.79619
          ],
          [
            -73.97608,
            40.79636
          ],
          [
            -73.97601,
            40.79646
          ],
          [
            -73.97595,
            40.79656
          ],
          [
            -73.97589,
            40.79665
          ],
          [
            -73.97583,
            40.79677
          ],
          [
            -73.97578,
            40.79686
          ],
          [
            -73.97573,
            40.79697
          ],
          [
            -73.97561,
            40.79722
          ],
          [
            -73.97553,
            40.79739
          ],
          [
            -73.97504,
            40.79886
          ],
          [
            -73.97489,
            40.79929
          ],
          [
            -73.97483,
            40.79946
          ],
          [
            -73.97475,
            40.79966
          ],
          [
            -73.97466,
            40.79986
          ],
          [
            -73.97456,
            40.80006
          ],
          [
            -73.97447,
            40.80025
          ],
          [
            -73.97436,
            40.80045
          ],
          [
            -73.97425,
            40.80064
          ],
          [
            -73.97414,
            40.80083
          ],
          [
            -73.97402,
            40.80102
          ],
          [
            -73.97364,
            40.80161
          ],
          [
            -73.97358,
            40.8017
          ],
          [
            -73.97347,
            40.80186
          ],
          [
            -73.97337,
            40.80201
          ],
          [
            -73.97325,
            40.80218
          ],
          [
            -73.97313,
            40.80234
          ],
          [
            -73.97303,
            40.8025
          ],
          [
            -73.97292,
            40.80265
          ],
          [
            -73.97281,
            40.80281
          ],
          [
            -73.97269,
            40.80297
          ],
          [
            -73.97258,
            40.80313
          ],
          [
            -73.97245,
            40.8033
          ],
          [
            -73.97234,
            40.80347
          ],
          [
            -73.97222,
            40.80362
          ],
          [
            -73.97212,
            40.80377
          ],
          [
            -73.97199,
            40.80394
          ],
          [
            -73.97187,
            40.80411
          ],
          [
            -73.97174,
            40.80427
          ],
          [
            -73.97161,
            40.80444
          ],
          [
            -73.97149,
            40.8046
          ],
          [
            -73.97138,
            40.80475
          ],
          [
            -73.97126,
            40.80491
          ],
          [
            -73.97113,
            40.80507
          ],
          [
            -73.97102,
            40.80521
          ],
          [
            -73.97089,
            40.80538
          ],
          [
            -73.97077,
            40.80553
          ],
          [
            -73.97063,
            40.8057
          ],
          [
            -73.97052,
            40.80585
          ],
          [
            -73.9704,
            40.806
          ],
          [
            -73.97027,
            40.80616
          ],
          [
            -73.97013,
            40.80635
          ],
          [
            -73.97002,
            40.80649
          ],
          [
            -73.9699,
            40.80665
          ],
          [
            -73.96977,
            40.8068
          ],
          [
            -73.96965,
            40.80696
          ],
          [
            -73.96953,
            40.80712
          ],
          [
            -73.96941,
            40.80728
          ],
          [
            -73.96929,
            40.80745
          ],
          [
            -73.96917,
            40.8076
          ],
          [
            -73.96906,
            40.80776
          ],
          [
            -73.96888,
            40.80801
          ],
          [
            -73.96877,
            40.80817
          ],
          [
            -73.96866,
            40.80833
          ],
          [
            -73.96855,
            40.8085
          ],
          [
            -73.96843,
            40.80866
          ],
          [
            -73.96833,
            40.80883
          ],
          [
            -73.96822,
            40.80899
          ],
          [
            -73.96811,
            40.80916
          ],
          [
            -73.96744,
            40.81022
          ],
          [
            -73.96733,
            40.8104
          ],
          [
            -73.96722,
            40.81056
          ],
          [
            -73.96722,
            40.81056
          ],
          [
            -73.96686,
            40.811
          ],
          [
            -73.96648,
            40.81143
          ],
          [
            -73.96548,
            40.81261
          ],
          [
            -73.96486,
            40.81332
          ],
          [
            -73.96439,
            40.8139
          ],
          [
            -73.96389,
            40.81459
          ],
          [
            -73.96333,
            40.81543
          ],
          [
            -73.96319,
            40.81564
          ],
          [
            -73.96304,
            40.81583
          ],
          [
            -73.96292,
            40.816
          ],
          [
            -73.9628,
            40.81615
          ],
          [
            -73.96267,
            40.8163
          ],
          [
            -73.96254,
            40.81644
          ],
          [
            -73.96203,
            40.81693
          ],
          [
            -73.96171,
            40.81722
          ],
          [
            -73.96163,
            40.81728
          ],
          [
            -73.96155,
            40.81735
          ],
          [
            -73.96146,
            40.81742
          ],
          [
            -73.9614,
            40.81746
          ],
          [
            -73.96132,
            40.81751
          ],
          [
            -73.96123,
            40.81756
          ],
          [
            -73.9611,
            40.81762
          ],
          [
            -73.96102,
            40.81766
          ],
          [
            -73.96102,
            40.81766
          ],
          [
            -73.96072,
            40.81754
          ],
          [
            -73.96056,
            40.81747
          ],
          [
            -73.95976,
            40.81714
          ],
          [
            -73.95953,
            40.81705
          ],
          [
            -73.95953,
            40.81705
          ],
          [
            -73.95952,
            40.81703
          ],
          [
            -73.95949,
            40.81701
          ],
          [
            -73.95868,
            40.81613
          ],
          [
            -73.95855,
            40.81598
          ],
          [
            -73.95844,
            40.81587
          ],
          [
            -73.95839,
            40.81581
          ],
          [
            -73.95828,
            40.81569
          ],
          [
            -73.95827,
            40.81568
          ],
          [
            -73.95821,
            40.81561
          ],
          [
            -73.95815,
            40.81554
          ],
          [
            -73.95788,
            40.81522
          ],
          [
            -73.95783,
            40.81516
          ],
          [
            -73.95778,
            40.8151
          ],
          [
            -73.95682,
            40.81402
          ],
          [
            -73.95636,
            40.81349
          ],
          [
            -73.95627,
            40.81338
          ],
          [
            -73.95627,
            40.81338
          ],
          [
            -73.95618,
            40.8135
          ],
          [
            -73.9561,
            40.81362
          ],
          [
            -73.95579,
            40.81402
          ],
          [
            -73.95576,
            40.81406
          ],
          [
            -73.9557,
            40.81414
          ],
          [
            -73.95565,
            40.81421
          ],
          [
            -73.95549,
            40.81442
          ],
          [
            -73.95544,
            40.81448
          ],
          [
            -73.9554,
            40.81454
          ],
          [
            -73.95524,
            40.81477
          ],
          [
            -73.95504,
            40.81506
          ],
          [
            -73.955,
            40.81511
          ],
          [
            -73.95496,
            40.81516
          ],
          [
            -73.95496,
            40.81516
          ],
          [
            -73.95496,
            40.81516
          ],
          [
            -73.95495,
            40.81517
          ],
          [
            -73.95466,
            40.81558
          ],
          [
            -73.95458,
            40.81569
          ],
          [
            -73.95454,
            40.81574
          ],
          [
            -73.9545,
            40.81579
          ],
          [
            -73.95411,
            40.81631
          ],
          [
            -73.95408,
            40.81636
          ],
          [
            -73.95402,
            40.81643
          ],
          [
            -73.95379,
            40.81676
          ],
          [
            -73.95322,
            40.81753
          ],
          [
            -73.95318,
            40.81759
          ],
          [
            -73.95312,
            40.81767
          ],
          [
            -73.95295,
            40.81792
          ],
          [
            -73.95277,
            40.81817
          ],
          [
            -73.95272,
            40.81823
          ],
          [
            -73.95269,
            40.81827
          ],
          [
            -73.95244,
            40.81861
          ],
          [
            -73.95227,
            40.81886
          ],
          [
            -73.95226,
            40.81887
          ],
          [
            -73.95221,
            40.81893
          ],
          [
            -73.95217,
            40.81899
          ],
          [
            -73.95216,
            40.81901
          ],
          [
            -73.9519,
            40.81934
          ],
          [
            -73.9519,
            40.81934
          ],
          [
            -73.9519,
            40.81934
          ],
          [
            -73.95178,
            40.81951
          ],
          [
            -73.95173,
            40.81957
          ],
          [
            -73.95168,
            40.81964
          ],
          [
            -73.9513,
            40.82016
          ],
          [
            -73.95087,
            40.82075
          ],
          [
            -73.95081,
            40.82082
          ],
          [
            -73.95078,
            40.82087
          ],
          [
            -73.9504,
            40.82139
          ],
          [
            -73.95036,
            40.82144
          ],
          [
            -73.95032,
            40.82151
          ],
          [
            -73.94995,
            40.82201
          ],
          [
            -73.94991,
            40.82206
          ],
          [
            -73.94986,
            40.82213
          ],
          [
            -73.9495,
            40.82263
          ],
          [
            -73.94946,
            40.82268
          ],
          [
            -73.94941,
            40.82275
          ],
          [
            -73.94904,
            40.82326
          ],
          [
            -73.94899,
            40.82332
          ],
          [
            -73.94895,
            40.82337
          ],
          [
            -73.94858,
            40.82389
          ],
          [
            -73.94854,
            40.82394
          ],
          [
            -73.9485,
            40.82399
          ],
          [
            -73.94812,
            40.82451
          ],
          [
            -73.94809,
            40.82455
          ],
          [
            -73.94804,
            40.82462
          ],
          [
            -73.94767,
            40.82514
          ],
          [
            -73.9476,
            40.82524
          ],
          [
            -73.94752,
            40.82534
          ],
          [
            -73.9473,
            40.82564
          ],
          [
            -73.9473,
            40.82564
          ],
          [
            -73.9473,
            40.82564
          ],
          [
            -73.94752,
            40.82534
          ],
          [
            -73.9476,
            40.82524
          ],
          [
            -73.9476,
            40.82524
          ],
          [
            -73.94748,
            40.82519
          ],
          [
            -73.94631,
            40.8247
          ],
          [
            -73.94622,
            40.82466
          ],
          [
            -73.94613,
            40.82462
          ],
          [
            -73.94489,
            40.8241
          ],
          [
            -73.94476,
            40.82404
          ],
          [
            -73.94463,
            40.82399
          ],
          [
            -73.94455,
            40.82395
          ],
          [
            -73.94431,
            40.82385
          ],
          [
            -73.94393,
            40.82369
          ],
          [
            -73.94389,
            40.82367
          ],
          [
            -73.94385,
            40.82366
          ],
          [
            -73.94377,
            40.82362
          ],
          [
            -73.94302,
            40.82331
          ],
          [
            -73.94292,
            40.82326
          ],
          [
            -73.94284,
            40.82323
          ],
          [
            -73.94205,
            40.8229
          ],
          [
            -73.94192,
            40.82284
          ],
          [
            -73.94179,
            40.82279
          ],
          [
            -73.94052,
            40.82225
          ],
          [
            -73.94044,
            40.82222
          ],
          [
            -73.94035,
            40.82218
          ],
          [
            -73.94026,
            40.82214
          ],
          [
            -73.93927,
            40.82172
          ],
          [
            -73.93915,
            40.82168
          ],
          [
            -73.93899,
            40.82161
          ],
          [
            -73.93888,
            40.82156
          ],
          [
            -73.93819,
            40.82127
          ],
          [
            -73.93802,
            40.8212
          ],
          [
            -73.93785,
            40.82113
          ],
          [
            -73.93774,
            40.82108
          ],
          [
            -73.93736,
            40.82092
          ],
          [
            -73.93641,
            40.82052
          ],
          [
            -73.93625,
            40.82045
          ],
          [
            -73.93625,
            40.82045
          ],
          [
            -73.93637,
            40.82037
          ],
          [
            -73.93639,
            40.82035
          ],
          [
            -73.93643,
            40.8203
          ],
          [
            -73.93676,
            40.81986
          ],
          [
            -73.9368,
            40.81981
          ],
          [
            -73.93684,
            40.81975
          ],
          [
            -73.93706,
            40.81946
          ],
          [
            -73.93721,
            40.81925
          ],
          [
            -73.93726,
            40.81918
          ],
          [
            -73.93726,
            40.81918
          ],
          [
            -73.93711,
            40.81911
          ],
          [
            -73.93703,
            40.81908
          ],
          [
            -73.93589,
            40.8186
          ],
          [
            -73.93443,
            40.81798
          ],
          [
            -73.93435,
            40.81795
          ],
          [
            -73.93425,
            40.81791
          ],
          [
            -73.93424,
            40.81783
          ],
          [
            -73.93423,
            40.81769
          ],
          [
            -73.93423,
            40.81765
          ],
          [
            -73.93424,
            40.8176
          ],
          [
            -73.93425,
            40.81755
          ],
          [
            -73.93426,
            40.81751
          ],
          [
            -73.93428,
            40.81746
          ],
          [
            -73.9343,
            40.81742
          ],
          [
            -73.93433,
            40.81738
          ],
          [
            -73.93442,
            40.81724
          ],
          [
            -73.93447,
            40.81718
          ],
          [
            -73.93447,
            40.81718
          ],
          [
            -73.93444,
            40.81716
          ],
          [
            -73.93442,
            40.81713
          ],
          [
            -73.93439,
            40.81709
          ],
          [
            -73.93437,
            40.81705
          ],
          [
            -73.93436,
            40.817
          ],
          [
            -73.93435,
            40.81696
          ],
          [
            -73.93435,
            40.81693
          ],
          [
            -73.93435,
            40.81687
          ],
          [
            -73.93444,
            40.81583
          ],
          [
            -73.93444,
            40.81583
          ],
          [
            -73.93443,
            40.81548
          ],
          [
            -73.93443,
            40.81536
          ],
          [
            -73.93443,
            40.81525
          ],
          [
            -73.93443,
            40.81514
          ],
          [
            -73.93439,
            40.81476
          ],
          [
            -73.93439,
            40.81476
          ],
          [
            -73.93443,
            40.81434
          ],
          [
            -73.93449,
            40.81382
          ],
          [
            -73.93451,
            40.81359
          ],
          [
            -73.93453,
            40.81322
          ],
          [
            -73.93461,
            40.81241
          ],
          [
            -73.93463,
            40.81226
          ],
          [
            -73.93465,
            40.81213
          ],
          [
            -73.93467,
            40.81199
          ],
          [
            -73.93471,
            40.81183
          ],
          [
            -73.93474,
            40.81167
          ],
          [
            -73.93499,
            40.81067
          ],
          [
            -73.93502,
            40.81054
          ],
          [
            -73.93504,
            40.81043
          ],
          [
            -73.93506,
            40.81033
          ],
          [
            -73.93507,
            40.81018
          ],
          [
            -73.93508,
            40.81003
          ],
          [
            -73.93507,
            40.80991
          ],
          [
            -73.93506,
            40.80978
          ],
          [
            -73.93504,
            40.80961
          ],
          [
            -73.93501,
            40.80947
          ],
          [
            -73.935,
            40.80941
          ],
          [
            -73.93499,
            40.80935
          ],
          [
            -73.93493,
            40.80913
          ],
          [
            -73.93486,
            40.80892
          ],
          [
            -73.93478,
            40.80872
          ],
          [
            -73.9347,
            40.80851
          ],
          [
            -73.93459,
            40.80829
          ],
          [
            -73.93449,
            40.8081
          ],
          [
            -73.93437,
            40.8079
          ],
          [
            -73.93431,
            40.80779
          ],
          [
            -73.93419,
            40.8076
          ],
          [
            -73.93405,
            40.8074
          ],
          [
            -73.93385,
            40.80713
          ],
          [
            -73.93366,
            40.80691
          ],
          [
            -73.93338,
            40.80657
          ],
          [
            -73.93269,
            40.80586
          ],
          [
            -73.93215,
            40.80531
          ],
          [
            -73.93202,
            40.80518
          ],
          [
            -73.93193,
            40.80508
          ],
          [
            -73.93181,
            40.80496
          ],
          [
            -73.9317,
            40.80485
          ],
          [
            -73.9316,
            40.80473
          ],
          [
            -73.9315,
            40.80461
          ],
          [
            -73.93139,
            40.80448
          ],
          [
            -73.93128,
            40.80434
          ],
          [
            -73.93118,
            40.8042
          ],
          [
            -73.93109,
            40.80408
          ],
          [
            -73.93101,
            40.80395
          ],
          [
            -73.93092,
            40.80382
          ],
          [
            -73.93086,
            40.8037
          ],
          [
            -73.93079,
            40.80359
          ],
          [
            -73.93071,
            40.80343
          ],
          [
            -73.93066,
            40.80333
          ],
          [
            -73.93056,
            40.80311
          ],
          [
            -73.9305,
            40.80297
          ],
          [
            -73.93044,
            40.80282
          ],
          [
            -73.93037,
            40.80256
          ],
          [
            -73.93031,
            40.80237
          ],
          [
            -73.93021,
            40.80187
          ],
          [
            -73.93018,
            40.80168
          ],
          [
            -73.93008,
            40.80138
          ],
          [
            -73.92996,
            40.80097
          ],
          [
            -73.92993,
            40.8008
          ],
          [
            -73.9299,
            40.80065
          ],
          [
            -73.92989,
            40.80049
          ],
          [
            -73.92989,
            40.80031
          ],
          [
            -73.92989,
            40.80016
          ],
          [
            -73.92989,
            40.79961
          ],
          [
            -73.92988,
            40.7995
          ],
          [
            -73.92988,
            40.7994
          ],
          [
            -73.92986,
            40.79929
          ],
          [
            -73.92983,
            40.79919
          ],
          [
            -73.92979,
            40.79907
          ],
          [
            -73.92975,
            40.79896
          ],
          [
            -73.92969,
            40.79879
          ],
          [
            -73.92965,
            40.79867
          ],
          [
            -73.92961,
            40.79854
          ],
          [
            -73.92956,
            40.79837
          ],
          [
            -73.92946,
            40.79795
          ],
          [
            -73.92942,
            40.7978
          ],
          [
            -73.92939,
            40.79766
          ],
          [
            -73.92937,
            40.7975
          ],
          [
            -73.92933,
            40.79717
          ],
          [
            -73.92933,
            40.79717
          ],
          [
            -73.92933,
            40.79709
          ],
          [
            -73.92935,
            40.79693
          ],
          [
            -73.92938,
            40.79672
          ],
          [
            -73.92943,
            40.79651
          ],
          [
            -73.92948,
            40.79629
          ],
          [
            -73.92955,
            40.79609
          ],
          [
            -73.92963,
            40.79589
          ],
          [
            -73.92968,
            40.79578
          ],
          [
            -73.92979,
            40.79559
          ],
          [
            -73.92991,
            40.79541
          ],
          [
            -73.93006,
            40.79521
          ],
          [
            -73.93013,
            40.79511
          ],
          [
            -73.9302,
            40.79503
          ],
          [
            -73.93028,
            40.79494
          ],
          [
            -73.93037,
            40.79486
          ],
          [
            -73.93046,
            40.79478
          ],
          [
            -73.93056,
            40.79471
          ],
          [
            -73.93067,
            40.79463
          ],
          [
            -73.93078,
            40.79457
          ],
          [
            -73.93228,
            40.79376
          ],
          [
            -73.93287,
            40.79344
          ],
          [
            -73.93309,
            40.79331
          ],
          [
            -73.93332,
            40.79318
          ],
          [
            -73.93355,
            40.79305
          ],
          [
            -73.93377,
            40.79291
          ],
          [
            -73.93399,
            40.79277
          ],
          [
            -73.93421,
            40.79263
          ],
          [
            -73.93442,
            40.79248
          ],
          [
            -73.93526,
            40.7919
          ],
          [
            -73.93546,
            40.79175
          ],
          [
            -73.93555,
            40.79168
          ],
          [
            -73.93565,
            40.7916
          ],
          [
            -73.93576,
            40.79151
          ],
          [
            -73.93586,
            40.79142
          ],
          [
            -73.93595,
            40.79133
          ],
          [
            -73.93603,
            40.79125
          ],
          [
            -73.93611,
            40.79116
          ],
          [
            -73.93619,
            40.79108
          ],
          [
            -73.93626,
            40.79099
          ],
          [
            -73.93633,
            40.7909
          ],
          [
            -73.93673,
            40.79041
          ],
          [
            -73.93719,
            40.78978
          ],
          [
            -73.93727,
            40.78967
          ],
          [
            -73.93733,
            40.78957
          ],
          [
            -73.93738,
            40.78947
          ],
          [
            -73.93743,
            40.78937
          ],
          [
            -73.93748,
            40.78927
          ],
          [
            -73.93811,
            40.78784
          ],
          [
            -73.93817,
            40.78773
          ],
          [
            -73.93822,
            40.78763
          ],
          [
            -73.93828,
            40.78754
          ],
          [
            -73.93834,
            40.78744
          ],
          [
            -73.93841,
            40.78735
          ],
          [
            -73.93848,
            40.78726
          ],
          [
            -73.93856,
            40.78716
          ],
          [
            -73.9389,
            40.78678
          ],
          [
            -73.93957,
            40.786
          ],
          [
            -73.93966,
            40.78591
          ],
          [
            -73.93974,
            40.78582
          ],
          [
            -73.93982,
            40.78574
          ],
          [
            -73.93991,
            40.78565
          ],
          [
            -73.94,
            40.78556
          ],
          [
            -73.94009,
            40.78549
          ],
          [
            -73.94019,
            40.78541
          ],
          [
            -73.9403,
            40.78533
          ],
          [
            -73.94041,
            40.78526
          ],
          [
            -73.94052,
            40.7852
          ],
          [
            -73.94075,
            40.78508
          ],
          [
            -73.94182,
            40.78455
          ],
          [
            -73.94182,
            40.78455
          ],
          [
            -73.94229,
            40.7844
          ],
          [
            -73.94243,
            40.78433
          ],
          [
            -73.94257,
            40.78426
          ],
          [
            -73.94272,
            40.78419
          ],
          [
            -73.94294,
            40.78409
          ],
          [
            -73.94294,
            40.78409
          ],
          [
            -73.94317,
            40.78393
          ],
          [
            -73.94327,
            40.78385
          ],
          [
            -73.94337,
            40.78378
          ],
          [
            -73.94346,
            40.7837
          ],
          [
            -73.94353,
            40.78364
          ],
          [
            -73.94361,
            40.78355
          ],
          [
            -73.9437,
            40.78345
          ],
          [
            -73.94378,
            40.78337
          ],
          [
            -73.94398,
            40.78311
          ],
          [
            -73.94404,
            40.78304
          ],
          [
            -73.94404,
            40.78304
          ],
          [
            -73.94411,
            40.78307
          ],
          [
            -73.94455,
            40.78325
          ],
          [
            -73.94472,
            40.78325
          ],
          [
            -73.94486,
            40.78331
          ],
          [
            -73.945,
            40.78337
          ],
          [
            -73.94517,
            40.78344
          ],
          [
            -73.94559,
            40.78362
          ],
          [
            -73.94591,
            40.78375
          ],
          [
            -73.94697,
            40.7842
          ],
          [
            -73.94709,
            40.78425
          ],
          [
            -73.94709,
            40.78425
          ],
          [
            -73.94716,
            40.78416
          ],
          [
            -73.94739,
            40.78385
          ],
          [
            -73.94745,
            40.78376
          ],
          [
            -73.94754,
            40.78363
          ],
          [
            -73.94759,
            40.78357
          ],
          [
            -73.94762,
            40.78352
          ],
          [
            -73.94779,
            40.78329
          ],
          [
            -73.94783,
            40.78324
          ],
          [
            -73.948,
            40.783
          ],
          [
            -73.94804,
            40.78294
          ],
          [
            -73.94808,
            40.7829
          ],
          [
            -73.94828,
            40.78261
          ],
          [
            -73.94846,
            40.78238
          ],
          [
            -73.94851,
            40.78231
          ],
          [
            -73.94854,
            40.78226
          ],
          [
            -73.94884,
            40.78185
          ],
          [
            -73.94892,
            40.78175
          ],
          [
            -73.94896,
            40.78169
          ],
          [
            -73.94901,
            40.78163
          ],
          [
            -73.94913,
            40.78146
          ],
          [
            -73.94937,
            40.78112
          ],
          [
            -73.94941,
            40.78107
          ],
          [
            -73.94946,
            40.78101
          ],
          [
            -73.94975,
            40.78061
          ],
          [
            -73.94983,
            40.7805
          ],
          [
            -73.94988,
            40.78044
          ],
          [
            -73.94992,
            40.78039
          ],
          [
            -73.95029,
            40.77988
          ],
          [
            -73.95034,
            40.77981
          ],
          [
            -73.95034,
            40.77981
          ],
          [
            -73.95046,
            40.77986
          ],
          [
            -73.95244,
            40.7807
          ],
          [
            -73.95257,
            40.78075
          ],
          [
            -73.95257,
            40.78075
          ],
          [
            -73.95253,
            40.78081
          ],
          [
            -73.95215,
            40.78133
          ],
          [
            -73.95212,
            40.78138
          ],
          [
            -73.95207,
            40.78144
          ],
          [
            -73.95169,
            40.78196
          ],
          [
            -73.95165,
            40.78201
          ],
          [
            -73.95161,
            40.78207
          ],
          [
            -73.95157,
            40.78213
          ],
          [
            -73.95157,
            40.78213
          ],
          [
            -73.95157,
            40.78213
          ],
          [
            -73.95145,
            40.78229
          ],
          [
            -73.95123,
            40.78258
          ],
          [
            -73.9512,
            40.78263
          ],
          [
            -73.95115,
            40.78269
          ],
          [
            -73.95079,
            40.78321
          ],
          [
            -73.95075,
            40.78327
          ],
          [
            -73.95071,
            40.78333
          ],
          [
            -73.95034,
            40.78385
          ],
          [
            -73.9503,
            40.78391
          ],
          [
            -73.95026,
            40.78396
          ],
          [
            -73.94987,
            40.78448
          ],
          [
            -73.94984,
            40.78453
          ],
          [
            -73.94979,
            40.78458
          ],
          [
            -73.9494,
            40.78511
          ],
          [
            -73.94933,
            40.7852
          ],
          [
            -73.94925,
            40.7853
          ],
          [
            -73.94888,
            40.78582
          ],
          [
            -73.94883,
            40.78589
          ],
          [
            -73.94878,
            40.78596
          ],
          [
            -73.94844,
            40.78644
          ],
          [
            -73.94839,
            40.7865
          ],
          [
            -73.94834,
            40.78656
          ],
          [
            -73.94802,
            40.787
          ],
          [
            -73.94797,
            40.78706
          ],
          [
            -73.94792,
            40.78712
          ],
          [
            -73.94787,
            40.78719
          ],
          [
            -73.94772,
            40.7874
          ],
          [
            -73.9475,
            40.7877
          ],
          [
            -73.94746,
            40.78775
          ],
          [
            -73.94742,
            40.78781
          ],
          [
            -73.94709,
            40.78826
          ],
          [
            -73.94704,
            40.78833
          ],
          [
            -73.947,
            40.78839
          ],
          [
            -73.94696,
            40.78845
          ],
          [
            -73.9466,
            40.78893
          ],
          [
            -73.94655,
            40.789
          ],
          [
            -73.9465,
            40.78907
          ],
          [
            -73.94612,
            40.78959
          ],
          [
            -73.94609,
            40.78964
          ],
          [
            -73.94604,
            40.78971
          ],
          [
            -73.94568,
            40.79019
          ],
          [
            -73.94564,
            40.79025
          ],
          [
            -73.94558,
            40.79033
          ],
          [
            -73.94521,
            40.79085
          ],
          [
            -73.94517,
            40.79089
          ],
          [
            -73.94513,
            40.79095
          ],
          [
            -73.94475,
            40.79147
          ],
          [
            -73.94468,
            40.79157
          ],
          [
            -73.94461,
            40.79167
          ],
          [
            -73.94422,
            40.7922
          ],
          [
            -73.94418,
            40.79225
          ],
          [
            -73.94414,
            40.79231
          ],
          [
            -73.94383,
            40.79272
          ],
          [
            -73.94376,
            40.79282
          ],
          [
            -73.94372,
            40.79288
          ],
          [
            -73.94369,
            40.79292
          ],
          [
            -73.94332,
            40.79343
          ],
          [
            -73.94327,
            40.7935
          ],
          [
            -73.94322,
            40.79356
          ],
          [
            -73.94306,
            40.79378
          ],
          [
            -73.94284,
            40.79409
          ],
          [
            -73.94281,
            40.79413
          ],
          [
            -73.94276,
            40.79419
          ],
          [
            -73.94239,
            40.79471
          ],
          [
            -73.94235,
            40.79476
          ],
          [
            -73.9423,
            40.79482
          ],
          [
            -73.94193,
            40.79534
          ],
          [
            -73.94188,
            40.79541
          ],
          [
            -73.94182,
            40.79548
          ],
          [
            -73.94145,
            40.79598
          ],
          [
            -73.94137,
            40.7961
          ],
          [
            -73.9412,
            40.79634
          ],
          [
            -73.94098,
            40.79663
          ],
          [
            -73.94057,
            40.7972
          ],
          [
            -73.94052,
            40.79727
          ],
          [
            -73.94047,
            40.79733
          ],
          [
            -73.94009,
            40.79786
          ],
          [
            -73.94003,
            40.79794
          ],
          [
            -73.93995,
            40.79804
          ],
          [
            -73.93956,
            40.79857
          ],
          [
            -73.93952,
            40.79863
          ],
          [
            -73.93948,
            40.79868
          ],
          [
            -73.9391,
            40.7992
          ],
          [
            -73.93906,
            40.79925
          ],
          [
            -73.93902,
            40.79931
          ],
          [
            -73.93865,
            40.79983
          ],
          [
            -73.93864,
            40.79983
          ],
          [
            -73.9386,
            40.79989
          ],
          [
            -73.93857,
            40.79994
          ],
          [
            -73.93856,
            40.79994
          ],
          [
            -73.93819,
            40.80046
          ],
          [
            -73.93816,
            40.8005
          ],
          [
            -73.93811,
            40.80056
          ],
          [
            -73.9381,
            40.80058
          ],
          [
            -73.93773,
            40.80109
          ],
          [
            -73.93769,
            40.80114
          ],
          [
            -73.93765,
            40.8012
          ],
          [
            -73.93727,
            40.80172
          ],
          [
            -73.93724,
            40.80177
          ],
          [
            -73.93719,
            40.80183
          ],
          [
            -73.93681,
            40.80234
          ],
          [
            -73.93677,
            40.8024
          ],
          [
            -73.93673,
            40.80246
          ],
          [
            -73.93635,
            40.80298
          ],
          [
            -73.93631,
            40.80303
          ],
          [
            -73.93627,
            40.80309
          ],
          [
            -73.93616,
            40.80324
          ],
          [
            -73.9359,
            40.80361
          ],
          [
            -73.93583,
            40.80371
          ],
          [
            -73.93583,
            40.80371
          ],
          [
            -73.93596,
            40.80376
          ],
          [
            -73.9363,
            40.80391
          ],
          [
            -73.93652,
            40.804
          ],
          [
            -73.93673,
            40.80409
          ],
          [
            -73.93685,
            40.80414
          ],
          [
            -73.93735,
            40.80435
          ],
          [
            -73.93743,
            40.80438
          ],
          [
            -73.93753,
            40.80442
          ],
          [
            -73.93788,
            40.80457
          ],
          [
            -73.93858,
            40.80487
          ],
          [
            -73.93885,
            40.80498
          ],
          [
            -73.93889,
            40.805
          ],
          [
            -73.93904,
            40.80506
          ],
          [
            -73.93918,
            40.80512
          ],
          [
            -73.93924,
            40.80515
          ],
          [
            -73.9397,
            40.80534
          ],
          [
            -73.94013,
            40.80552
          ],
          [
            -73.94027,
            40.80558
          ],
          [
            -73.94055,
            40.8057
          ],
          [
            -73.94064,
            40.80574
          ],
          [
            -73.94076,
            40.80579
          ],
          [
            -73.941,
            40.80589
          ],
          [
            -73.94183,
            40.80624
          ],
          [
            -73.94191,
            40.80627
          ],
          [
            -73.94217,
            40.80638
          ],
          [
            -73.94227,
            40.80642
          ],
          [
            -73.94237,
            40.80646
          ],
          [
            -73.9426,
            40.80656
          ],
          [
            -73.94269,
            40.8066
          ],
          [
            -73.94378,
            40.80706
          ],
          [
            -73.94383,
            40.80708
          ],
          [
            -73.94389,
            40.8071
          ],
          [
            -73.94425,
            40.80726
          ],
          [
            -73.94481,
            40.80749
          ],
          [
            -73.94533,
            40.80771
          ],
          [
            -73.94541,
            40.80775
          ],
          [
            -73.94557,
            40.80781
          ],
          [
            -73.94567,
            40.80785
          ],
          [
            -73.94686,
            40.80836
          ],
          [
            -73.94691,
            40.80838
          ],
          [
            -73.94696,
            40.8084
          ],
          [
            -73.94769,
            40.80871
          ],
          [
            -73.94801,
            40.80884
          ],
          [
            -73.94813,
            40.80889
          ],
          [
            -73.94825,
            40.80894
          ],
          [
            -73.9484,
            40.80901
          ],
          [
            -73.94853,
            40.80906
          ],
          [
            -73.94973,
            40.80957
          ],
          [
            -73.94979,
            40.80959
          ],
          [
            -73.94987,
            40.80962
          ],
          [
            -73.95105,
            40.81012
          ],
          [
            -73.95118,
            40.81018
          ],
          [
            -73.95131,
            40.81023
          ],
          [
            -73.95176,
            40.81042
          ],
          [
            -73.95188,
            40.81047
          ],
          [
            -73.95219,
            40.8106
          ],
          [
            -73.95246,
            40.81071
          ],
          [
            -73.95259,
            40.81077
          ],
          [
            -73.95273,
            40.81083
          ],
          [
            -73.95317,
            40.81101
          ],
          [
            -73.95358,
            40.81118
          ],
          [
            -73.95389,
            40.81132
          ],
          [
            -73.95401,
            40.81137
          ],
          [
            -73.95414,
            40.81142
          ],
          [
            -73.95469,
            40.81166
          ],
          [
            -73.95475,
            40.81168
          ],
          [
            -73.9548,
            40.81171
          ],
          [
            -73.95483,
            40.81173
          ],
          [
            -73.95489,
            40.8118
          ],
          [
            -73.95497,
            40.81188
          ],
          [
            -73.955,
            40.81191
          ],
          [
            -73.955,
            40.81192
          ],
          [
            -73.95509,
            40.81201
          ],
          [
            -73.95522,
            40.81216
          ],
          [
            -73.95528,
            40.81223
          ],
          [
            -73.95574,
            40.81276
          ],
          [
            -73.95618,
            40.81328
          ],
          [
            -73.95627,
            40.81338
          ],
          [
            -73.95627,
            40.81338
          ],
          [
            -73.95618,
            40.8135
          ],
          [
            -73.9561,
            40.81362
          ],
          [
            -73.95579,
            40.81402
          ],
          [
            -73.95576,
            40.81406
          ],
          [
            -73.9557,
            40.81414
          ],
          [
            -73.95565,
            40.81421
          ],
          [
            -73.95549,
            40.81442
          ],
          [
            -73.95544,
            40.81448
          ],
          [
            -73.9554,
            40.81454
          ],
          [
            -73.95524,
            40.81477
          ],
          [
            -73.95504,
            40.81506
          ],
          [
            -73.955,
            40.81511
          ],
          [
            -73.95495,
            40.81517
          ],
          [
            -73.95466,
            40.81558
          ],
          [
            -73.95458,
            40.81569
          ],
          [
            -73.95454,
            40.81574
          ],
          [
            -73.9545,
            40.81579
          ],
          [
            -73.95411,
            40.81631
          ],
          [
            -73.95408,
            40.81636
          ],
          [
            -73.95402,
            40.81643
          ],
          [
            -73.95379,
            40.81676
          ],
          [
            -73.95322,
            40.81753
          ],
          [
            -73.95318,
            40.81759
          ],
          [
            -73.95312,
            40.81767
          ],
          [
            -73.95295,
            40.81792
          ],
          [
            -73.95277,
            40.81817
          ],
          [
            -73.95272,
            40.81823
          ],
          [
            -73.95269,
            40.81827
          ],
          [
            -73.95244,
            40.81861
          ],
          [
            -73.95227,
            40.81886
          ],
          [
            -73.95226,
            40.81887
          ],
          [
            -73.95221,
            40.81893
          ],
          [
            -73.95217,
            40.81899
          ],
          [
            -73.95216,
            40.81901
          ],
          [
            -73.95178,
            40.81951
          ],
          [
            -73.95173,
            40.81957
          ],
          [
            -73.95168,
            40.81964
          ],
          [
            -73.9513,
            40.82016
          ],
          [
            -73.95087,
            40.82075
          ],
          [
            -73.95081,
            40.82082
          ],
          [
            -73.95078,
            40.82087
          ],
          [
            -73.9504,
            40.82139
          ],
          [
            -73.95036,
            40.82144
          ],
          [
            -73.95032,
            40.82151
          ],
          [
            -73.94995,
            40.82201
          ],
          [
            -73.94991,
            40.82206
          ],
          [
            -73.94986,
            40.82213
          ],
          [
            -73.9495,
            40.82263
          ],
          [
            -73.94946,
            40.82268
          ],
          [
            -73.94941,
            40.82275
          ],
          [
            -73.94904,
            40.82326
          ],
          [
            -73.94899,
            40.82332
          ],
          [
            -73.94895,
            40.82337
          ],
          [
            -73.94858,
            40.82389
          ],
          [
            -73.94854,
            40.82394
          ],
          [
            -73.9485,
            40.82399
          ],
          [
            -73.94812,
            40.82451
          ],
          [
            -73.94809,
            40.82455
          ],
          [
            -73.94804,
            40.82462
          ],
          [
            -73.94767,
            40.82514
          ],
          [
            -73.9476,
            40.82524
          ],
          [
            -73.94752,
            40.82534
          ],
          [
            -73.94714,
            40.82585
          ],
          [
            -73.94711,
            40.8259
          ],
          [
            -73.94706,
            40.82596
          ],
          [
            -73.94669,
            40.82648
          ],
          [
            -73.94665,
            40.82653
          ],
          [
            -73.94661,
            40.82659
          ],
          [
            -73.94623,
            40.8271
          ],
          [
            -73.94619,
            40.82715
          ],
          [
            -73.94615,
            40.82721
          ],
          [
            -73.94577,
            40.82773
          ],
          [
            -73.94573,
            40.82778
          ],
          [
            -73.94569,
            40.82784
          ],
          [
            -73.94532,
            40.82835
          ],
          [
            -73.94528,
            40.8284
          ],
          [
            -73.94524,
            40.82846
          ],
          [
            -73.94511,
            40.82863
          ],
          [
            -73.94509,
            40.82866
          ],
          [
            -73.945,
            40.82878
          ],
          [
            -73.94487,
            40.82897
          ],
          [
            -73.94483,
            40.82902
          ],
          [
            -73.9448,
            40.82906
          ],
          [
            -73.94441,
            40.82959
          ],
          [
            -73.94437,
            40.82964
          ],
          [
            -73.94433,
            40.8297
          ],
          [
            -73.94409,
            40.83003
          ],
          [
            -73.94396,
            40.83021
          ],
          [
            -73.94391,
            40.83027
          ],
          [
            -73.94388,
            40.83032
          ],
          [
            -73.9435,
            40.83084
          ],
          [
            -73.94346,
            40.83089
          ],
          [
            -73.94342,
            40.83095
          ],
          [
            -73.94305,
            40.83146
          ],
          [
            -73.94297,
            40.83157
          ],
          [
            -73.9429,
            40.83166
          ],
          [
            -73.94252,
            40.83218
          ],
          [
            -73.94248,
            40.83223
          ],
          [
            -73.94244,
            40.83229
          ],
          [
            -73.94206,
            40.83281
          ],
          [
            -73.94201,
            40.83288
          ],
          [
            -73.94198,
            40.83292
          ],
          [
            -73.94161,
            40.83343
          ],
          [
            -73.94157,
            40.83348
          ],
          [
            -73.94152,
            40.83355
          ],
          [
            -73.94115,
            40.83406
          ],
          [
            -73.94111,
            40.83411
          ],
          [
            -73.94106,
            40.83417
          ],
          [
            -73.94069,
            40.83467
          ],
          [
            -73.94065,
            40.83473
          ],
          [
            -73.94061,
            40.83479
          ],
          [
            -73.94026,
            40.83527
          ],
          [
            -73.94026,
            40.83527
          ],
          [
            -73.94026,
            40.83527
          ],
          [
            -73.94024,
            40.8353
          ],
          [
            -73.9402,
            40.83536
          ],
          [
            -73.94016,
            40.83542
          ],
          [
            -73.94006,
            40.83556
          ],
          [
            -73.93993,
            40.83576
          ],
          [
            -73.93988,
            40.83582
          ],
          [
            -73.93984,
            40.83589
          ],
          [
            -73.93981,
            40.83593
          ],
          [
            -73.93971,
            40.83607
          ],
          [
            -73.93956,
            40.83628
          ],
          [
            -73.93939,
            40.83651
          ],
          [
            -73.93934,
            40.83658
          ],
          [
            -73.93929,
            40.83664
          ],
          [
            -73.93889,
            40.83719
          ],
          [
            -73.93886,
            40.83724
          ],
          [
            -73.93881,
            40.8373
          ],
          [
            -73.93862,
            40.83755
          ],
          [
            -73.9384,
            40.83782
          ],
          [
            -73.93835,
            40.83788
          ],
          [
            -73.93827,
            40.838
          ],
          [
            -73.93818,
            40.83812
          ],
          [
            -73.93805,
            40.8383
          ],
          [
            -73.93791,
            40.83849
          ],
          [
            -73.93783,
            40.83861
          ],
          [
            -73.93777,
            40.83868
          ],
          [
            -73.93775,
            40.83871
          ],
          [
            -73.93773,
            40.83874
          ],
          [
            -73.93756,
            40.83899
          ],
          [
            -73.93753,
            40.83902
          ],
          [
            -73.93739,
            40.83922
          ],
          [
            -73.93736,
            40.83927
          ],
          [
            -73.93735,
            40.83928
          ],
          [
            -73.93734,
            40.8393
          ],
          [
            -73.93721,
            40.83946
          ],
          [
            -73.93717,
            40.83951
          ],
          [
            -73.93703,
            40.8397
          ],
          [
            -73.93703,
            40.8397
          ],
          [
            -73.93703,
            40.8397
          ],
          [
            -73.93696,
            40.8398
          ],
          [
            -73.93691,
            40.83986
          ],
          [
            -73.93685,
            40.83994
          ],
          [
            -73.93678,
            40.84003
          ],
          [
            -73.93667,
            40.84019
          ],
          [
            -73.9365,
            40.84042
          ],
          [
            -73.93646,
            40.84048
          ],
          [
            -73.93642,
            40.84053
          ],
          [
            -73.93631,
            40.84068
          ],
          [
            -73.93608,
            40.84099
          ],
          [
            -73.93604,
            40.84106
          ],
          [
            -73.93601,
            40.84109
          ],
          [
            -73.93598,
            40.84114
          ],
          [
            -73.9358,
            40.84138
          ],
          [
            -73.93565,
            40.84158
          ],
          [
            -73.9356,
            40.84165
          ],
          [
            -73.93557,
            40.8417
          ],
          [
            -73.93553,
            40.84175
          ],
          [
            -73.93538,
            40.84195
          ],
          [
            -73.93516,
            40.84225
          ],
          [
            -73.93512,
            40.8423
          ],
          [
            -73.93509,
            40.84235
          ],
          [
            -73.93503,
            40.84244
          ],
          [
            -73.93488,
            40.84265
          ],
          [
            -73.93473,
            40.84288
          ],
          [
            -73.93468,
            40.84294
          ],
          [
            -73.93462,
            40.84302
          ],
          [
            -73.93442,
            40.8433
          ],
          [
            -73.93425,
            40.84352
          ],
          [
            -73.93421,
            40.84358
          ],
          [
            -73.93416,
            40.84365
          ],
          [
            -73.93398,
            40.84389
          ],
          [
            -73.9338,
            40.84414
          ],
          [
            -73.93372,
            40.84425
          ],
          [
            -73.93365,
            40.84435
          ],
          [
            -73.93328,
            40.84486
          ],
          [
            -73.93324,
            40.84491
          ],
          [
            -73.9332,
            40.84496
          ],
          [
            -73.93284,
            40.84546
          ],
          [
            -73.93283,
            40.84548
          ],
          [
            -73.93278,
            40.84554
          ],
          [
            -73.93275,
            40.84559
          ],
          [
            -73.93238,
            40.84609
          ],
          [
            -73.93233,
            40.84616
          ],
          [
            -73.93228,
            40.84623
          ],
          [
            -73.93208,
            40.8465
          ],
          [
            -73.93208,
            40.8465
          ],
          [
            -73.93196,
            40.84645
          ],
          [
            -73.93192,
            40.84644
          ],
          [
            -73.93188,
            40.84642
          ],
          [
            -73.9318,
            40.84639
          ],
          [
            -73.93169,
            40.84632
          ],
          [
            -73.93164,
            40.8463
          ],
          [
            -73.93159,
            40.84628
          ],
          [
            -73.93155,
            40.84626
          ],
          [
            -73.93149,
            40.84623
          ],
          [
            -73.93144,
            40.84621
          ],
          [
            -73.93138,
            40.84617
          ],
          [
            -73.93134,
            40.84615
          ],
          [
            -73.93128,
            40.84612
          ],
          [
            -73.93123,
            40.84608
          ],
          [
            -73.93118,
            40.84605
          ],
          [
            -73.93113,
            40.84602
          ],
          [
            -73.93109,
            40.846
          ],
          [
            -73.93106,
            40.84597
          ],
          [
            -73.93102,
            40.84595
          ],
          [
            -73.93099,
            40.84592
          ],
          [
            -73.93095,
            40.84589
          ],
          [
            -73.93092,
            40.84586
          ],
          [
            -73.93089,
            40.84584
          ],
          [
            -73.93087,
            40.84581
          ],
          [
            -73.93085,
            40.84579
          ],
          [
            -73.93083,
            40.84577
          ],
          [
            -73.93081,
            40.84574
          ],
          [
            -73.93079,
            40.84571
          ],
          [
            -73.93077,
            40.84568
          ],
          [
            -73.93075,
            40.84564
          ],
          [
            -73.93073,
            40.84561
          ],
          [
            -73.93072,
            40.84557
          ],
          [
            -73.93071,
            40.84554
          ],
          [
            -73.9307,
            40.8455
          ],
          [
            -73.93069,
            40.84548
          ],
          [
            -73.93069,
            40.84546
          ],
          [
            -73.93068,
            40.84543
          ],
          [
            -73.93068,
            40.84539
          ],
          [
            -73.93068,
            40.84532
          ],
          [
            -73.93071,
            40.84522
          ],
          [
            -73.93072,
            40.84519
          ],
          [
            -73.93073,
            40.84517
          ],
          [
            -73.93074,
            40.84515
          ],
          [
            -73.93075,
            40.84511
          ],
          [
            -73.93077,
            40.84508
          ],
          [
            -73.9308,
            40.84504
          ],
          [
            -73.93081,
            40.84502
          ],
          [
            -73.93084,
            40.84498
          ],
          [
            -73.93108,
            40.84468
          ],
          [
            -73.93123,
            40.84449
          ],
          [
            -73.93127,
            40.84445
          ],
          [
            -73.93131,
            40.8444
          ],
          [
            -73.93134,
            40.84436
          ],
          [
            -73.93138,
            40.8443
          ],
          [
            -73.93142,
            40.84424
          ],
          [
            -73.93145,
            40.84418
          ],
          [
            -73.93147,
            40.84413
          ],
          [
            -73.9315,
            40.84407
          ],
          [
            -73.93152,
            40.84402
          ],
          [
            -73.93153,
            40.84397
          ],
          [
            -73.93155,
            40.84392
          ],
          [
            -73.93157,
            40.84386
          ],
          [
            -73.93158,
            40.84381
          ],
          [
            -73.9316,
            40.84375
          ],
          [
            -73.93161,
            40.8437
          ],
          [
            -73.93161,
            40.84365
          ],
          [
            -73.93162,
            40.8436
          ],
          [
            -73.93162,
            40.84356
          ],
          [
            -73.93162,
            40.84352
          ],
          [
            -73.93162,
            40.84348
          ],
          [
            -73.93162,
            40.84343
          ],
          [
            -73.93161,
            40.8434
          ],
          [
            -73.93161,
            40.84337
          ],
          [
            -73.93161,
            40.84333
          ],
          [
            -73.9316,
            40.8433
          ],
          [
            -73.93154,
            40.84292
          ],
          [
            -73.93153,
            40.84287
          ],
          [
            -73.93153,
            40.84283
          ],
          [
            -73.93152,
            40.84277
          ],
          [
            -73.93151,
            40.84272
          ],
          [
            -73.93151,
            40.84266
          ],
          [
            -73.93151,
            40.84261
          ],
          [
            -73.93151,
            40.84256
          ],
          [
            -73.93151,
            40.8425
          ],
          [
            -73.93152,
            40.84246
          ],
          [
            -73.93152,
            40.84244
          ],
          [
            -73.93152,
            40.84242
          ],
          [
            -73.93152,
            40.8424
          ],
          [
            -73.93153,
            40.84237
          ],
          [
            -73.93153,
            40.84234
          ],
          [
            -73.93154,
            40.84232
          ],
          [
            -73.93155,
            40.84227
          ],
          [
            -73.93156,
            40.84222
          ],
          [
            -73.93158,
            40.84212
          ],
          [
            -73.93161,
            40.84202
          ],
          [
            -73.93164,
            40.84195
          ],
          [
            -73.93167,
            40.84185
          ],
          [
            -73.93169,
            40.84179
          ],
          [
            -73.93171,
            40.84175
          ],
          [
            -73.93173,
            40.8417
          ],
          [
            -73.93175,
            40.84167
          ],
          [
            -73.93177,
            40.84163
          ],
          [
            -73.9318,
            40.84156
          ],
          [
            -73.93183,
            40.84151
          ],
          [
            -73.93186,
            40.84144
          ],
          [
            -73.9319,
            40.84138
          ],
          [
            -73.93256,
            40.84025
          ],
          [
            -73.93267,
            40.84006
          ],
          [
            -73.93273,
            40.83995
          ],
          [
            -73.9328,
            40.83983
          ],
          [
            -73.93287,
            40.8397
          ],
          [
            -73.93294,
            40.83956
          ],
          [
            -73.93303,
            40.8394
          ],
          [
            -73.93318,
            40.8391
          ],
          [
            -73.93345,
            40.83874
          ],
          [
            -73.93345,
            40.83874
          ],
          [
            -73.93357,
            40.83849
          ],
          [
            -73.93362,
            40.83839
          ],
          [
            -73.93368,
            40.83827
          ],
          [
            -73.93375,
            40.83813
          ],
          [
            -73.9338,
            40.83803
          ],
          [
            -73.93389,
            40.83788
          ],
          [
            -73.93401,
            40.83766
          ],
          [
            -73.93483,
            40.8362
          ],
          [
            -73.93489,
            40.8361
          ],
          [
            -73.93494,
            40.836
          ],
          [
            -73.93499,
            40.83588
          ],
          [
            -73.93503,
            40.8358
          ],
          [
            -73.93507,
            40.83569
          ],
          [
            -73.93511,
            40.83559
          ],
          [
            -73.93515,
            40.83548
          ],
          [
            -73.93518,
            40.83538
          ],
          [
            -73.93521,
            40.83527
          ],
          [
            -73.93524,
            40.83516
          ],
          [
            -73.93528,
            40.83494
          ],
          [
            -73.93531,
            40.83472
          ],
          [
            -73.93534,
            40.83449
          ],
          [
            -73.93536,
            40.83428
          ],
          [
            -73.93538,
            40.83405
          ],
          [
            -73.93538,
            40.83384
          ],
          [
            -73.93539,
            40.83362
          ],
          [
            -73.93539,
            40.8334
          ],
          [
            -73.93538,
            40.83318
          ],
          [
            -73.93536,
            40.83297
          ],
          [
            -73.93518,
            40.83067
          ],
          [
            -73.93516,
            40.83045
          ],
          [
            -73.93514,
            40.83023
          ],
          [
            -73.93511,
            40.83002
          ],
          [
            -73.93509,
            40.8298
          ],
          [
            -73.93502,
            40.82933
          ],
          [
            -73.93487,
            40.82829
          ],
          [
            -73.93473,
            40.82723
          ],
          [
            -73.9346,
            40.82591
          ],
          [
            -73.93458,
            40.82571
          ],
          [
            -73.93456,
            40.82551
          ],
          [
            -73.93455,
            40.8253
          ],
          [
            -73.93454,
            40.82511
          ],
          [
            -73.93453,
            40.8249
          ],
          [
            -73.93454,
            40.82421
          ],
          [
            -73.93454,
            40.824
          ],
          [
            -73.93454,
            40.8238
          ],
          [
            -73.93453,
            40.82361
          ],
          [
            -73.93446,
            40.8227
          ],
          [
            -73.93445,
            40.82249
          ],
          [
            -73.93444,
            40.8223
          ],
          [
            -73.93445,
            40.82209
          ],
          [
            -73.93447,
            40.82188
          ],
          [
            -73.93449,
            40.82159
          ],
          [
            -73.93451,
            40.82139
          ],
          [
            -73.93452,
            40.82119
          ],
          [
            -73.93452,
            40.82098
          ],
          [
            -73.93451,
            40.82077
          ],
          [
            -73.93448,
            40.82016
          ],
          [
            -73.93447,
            40.81986
          ],
          [
            -73.93446,
            40.81954
          ],
          [
            -73.93444,
            40.81931
          ],
          [
            -73.93441,
            40.81909
          ],
          [
            -73.93436,
            40.81888
          ],
          [
            -73.93424,
            40.81836
          ],
          [
            -73.93419,
            40.81814
          ],
          [
            -73.93415,
            40.81791
          ],
          [
            -73.93413,
            40.81771
          ],
          [
            -73.93412,
            40.81747
          ],
          [
            -73.93412,
            40.81727
          ],
          [
            -73.93414,
            40.81705
          ],
          [
            -73.93439,
            40.81476
          ],
          [
            -73.93443,
            40.81434
          ],
          [
            -73.93449,
            40.81382
          ],
          [
            -73.93451,
            40.81359
          ],
          [
            -73.93453,
            40.81322
          ],
          [
            -73.93461,
            40.81241
          ],
          [
            -73.93463,
            40.81226
          ],
          [
            -73.93465,
            40.81213
          ],
          [
            -73.93467,
            40.81199
          ],
          [
            -73.93471,
            40.81183
          ],
          [
            -73.93474,
            40.81167
          ],
          [
            -73.93499,
            40.81067
          ],
          [
            -73.93502,
            40.81054
          ],
          [
            -73.93504,
            40.81043
          ],
          [
            -73.93506,
            40.81033
          ],
          [
            -73.93507,
            40.81018
          ],
          [
            -73.93508,
            40.81003
          ],
          [
            -73.93507,
            40.80991
          ],
          [
            -73.93506,
            40.80978
          ],
          [
            -73.93504,
            40.80961
          ],
          [
            -73.93501,
            40.80947
          ],
          [
            -73.935,
            40.80941
          ],
          [
            -73.93499,
            40.80935
          ],
          [
            -73.93493,
            40.80913
          ],
          [
            -73.93486,
            40.80892
          ],
          [
            -73.93478,
            40.80872
          ],
          [
            -73.9347,
            40.80851
          ],
          [
            -73.93459,
            40.80829
          ],
          [
            -73.93449,
            40.8081
          ],
          [
            -73.93437,
            40.8079
          ],
          [
            -73.93431,
            40.80779
          ],
          [
            -73.93419,
            40.8076
          ],
          [
            -73.93405,
            40.8074
          ],
          [
            -73.93385,
            40.80713
          ],
          [
            -73.93366,
            40.80691
          ],
          [
            -73.93338,
            40.80657
          ],
          [
            -73.93269,
            40.80586
          ],
          [
            -73.93215,
            40.80531
          ],
          [
            -73.93202,
            40.80518
          ],
          [
            -73.93193,
            40.80508
          ],
          [
            -73.93181,
            40.80496
          ],
          [
            -73.9317,
            40.80485
          ],
          [
            -73.9316,
            40.80473
          ],
          [
            -73.9315,
            40.80461
          ],
          [
            -73.93139,
            40.80448
          ],
          [
            -73.93128,
            40.80434
          ],
          [
            -73.93118,
            40.8042
          ],
          [
            -73.93109,
            40.80408
          ],
          [
            -73.93101,
            40.80395
          ],
          [
            -73.93092,
            40.80382
          ],
          [
            -73.93086,
            40.8037
          ],
          [
            -73.93079,
            40.80359
          ],
          [
            -73.93071,
            40.80343
          ],
          [
            -73.93066,
            40.80333
          ],
          [
            -73.93056,
            40.80311
          ],
          [
            -73.9305,
            40.80297
          ],
          [
            -73.93044,
            40.80282
          ],
          [
            -73.93037,
            40.80256
          ],
          [
            -73.93031,
            40.80237
          ],
          [
            -73.93021,
            40.80187
          ],
          [
            -73.93018,
            40.80168
          ],
          [
            -73.93008,
            40.80138
          ],
          [
            -73.92996,
            40.80097
          ],
          [
            -73.92993,
            40.8008
          ],
          [
            -73.9299,
            40.80065
          ],
          [
            -73.92989,
            40.80049
          ],
          [
            -73.92989,
            40.80031
          ],
          [
            -73.92989,
            40.80016
          ],
          [
            -73.92989,
            40.79961
          ],
          [
            -73.92988,
            40.7995
          ],
          [
            -73.92988,
            40.7994
          ],
          [
            -73.92986,
            40.79929
          ],
          [
            -73.92983,
            40.79919
          ],
          [
            -73.92979,
            40.79907
          ],
          [
            -73.92975,
            40.79896
          ],
          [
            -73.92969,
            40.79879
          ],
          [
            -73.92965,
            40.79867
          ],
          [
            -73.92961,
            40.79854
          ],
          [
            -73.92956,
            40.79837
          ],
          [
            -73.92946,
            40.79795
          ],
          [
            -73.92942,
            40.7978
          ],
          [
            -73.92939,
            40.79766
          ],
          [
            -73.92937,
            40.7975
          ],
          [
            -73.92933,
            40.79717
          ],
          [
            -73.92933,
            40.79717
          ],
          [
            -73.92933,
            40.79709
          ],
          [
            -73.92935,
            40.79693
          ],
          [
            -73.92938,
            40.79672
          ],
          [
            -73.92943,
            40.79651
          ],
          [
            -73.92948,
            40.79629
          ],
          [
            -73.92955,
            40.79609
          ],
          [
            -73.92963,
            40.79589
          ],
          [
            -73.92968,
            40.79578
          ],
          [
            -73.92979,
            40.79559
          ],
          [
            -73.92991,
            40.79541
          ],
          [
            -73.93006,
            40.79521
          ],
          [
            -73.93013,
            40.79511
          ],
          [
            -73.9302,
            40.79503
          ],
          [
            -73.93028,
            40.79494
          ],
          [
            -73.93037,
            40.79486
          ],
          [
            -73.93046,
            40.79478
          ],
          [
            -73.93056,
            40.79471
          ],
          [
            -73.93067,
            40.79463
          ],
          [
            -73.93078,
            40.79457
          ],
          [
            -73.93228,
            40.79376
          ],
          [
            -73.93287,
            40.79344
          ],
          [
            -73.93309,
            40.79331
          ],
          [
            -73.93332,
            40.79318
          ],
          [
            -73.93355,
            40.79305
          ],
          [
            -73.93377,
            40.79291
          ],
          [
            -73.93399,
            40.79277
          ],
          [
            -73.93421,
            40.79263
          ],
          [
            -73.93442,
            40.79248
          ],
          [
            -73.93526,
            40.7919
          ],
          [
            -73.93546,
            40.79175
          ],
          [
            -73.93555,
            40.79168
          ],
          [
            -73.93565,
            40.7916
          ],
          [
            -73.93576,
            40.79151
          ],
          [
            -73.93586,
            40.79142
          ],
          [
            -73.93595,
            40.79133
          ],
          [
            -73.93603,
            40.79125
          ],
          [
            -73.93611,
            40.79116
          ],
          [
            -73.93619,
            40.79108
          ],
          [
            -73.93626,
            40.79099
          ],
          [
            -73.93633,
            40.7909
          ],
          [
            -73.93673,
            40.79041
          ],
          [
            -73.93719,
            40.78978
          ],
          [
            -73.93727,
            40.78967
          ],
          [
            -73.93733,
            40.78957
          ],
          [
            -73.93738,
            40.78947
          ],
          [
            -73.93743,
            40.78937
          ],
          [
            -73.93748,
            40.78927
          ],
          [
            -73.93811,
            40.78784
          ],
          [
            -73.93817,
            40.78773
          ],
          [
            -73.93822,
            40.78763
          ],
          [
            -73.93828,
            40.78754
          ],
          [
            -73.93834,
            40.78744
          ],
          [
            -73.93841,
            40.78735
          ],
          [
            -73.93848,
            40.78726
          ],
          [
            -73.93856,
            40.78716
          ],
          [
            -73.9389,
            40.78678
          ],
          [
            -73.93957,
            40.786
          ],
          [
            -73.93966,
            40.78591
          ],
          [
            -73.93974,
            40.78582
          ],
          [
            -73.93982,
            40.78574
          ],
          [
            -73.93991,
            40.78565
          ],
          [
            -73.94,
            40.78556
          ],
          [
            -73.94009,
            40.78549
          ],
          [
            -73.94019,
            40.78541
          ],
          [
            -73.9403,
            40.78533
          ],
          [
            -73.94041,
            40.78526
          ],
          [
            -73.94052,
            40.7852
          ],
          [
            -73.94075,
            40.78508
          ],
          [
            -73.94182,
            40.78455
          ],
          [
            -73.94182,
            40.78455
          ],
          [
            -73.94229,
            40.7844
          ],
          [
            -73.94243,
            40.78433
          ],
          [
            -73.94257,
            40.78426
          ],
          [
            -73.94272,
            40.78419
          ],
          [
            -73.94294,
            40.78409
          ],
          [
            -73.94317,
            40.78393
          ],
          [
            -73.94327,
            40.78385
          ],
          [
            -73.94337,
            40.78378
          ],
          [
            -73.94346,
            40.7837
          ],
          [
            -73.94353,
            40.78364
          ],
          [
            -73.94353,
            40.78364
          ],
          [
            -73.9436,
            40.78367
          ],
          [
            -73.94409,
            40.78388
          ],
          [
            -73.94422,
            40.78394
          ],
          [
            -73.94437,
            40.784
          ],
          [
            -73.94464,
            40.78412
          ],
          [
            -73.94475,
            40.78416
          ],
          [
            -73.94481,
            40.78418
          ],
          [
            -73.94506,
            40.78429
          ],
          [
            -73.94541,
            40.78444
          ],
          [
            -73.946,
            40.78469
          ],
          [
            -73.94611,
            40.78474
          ],
          [
            -73.94637,
            40.78485
          ],
          [
            -73.94646,
            40.78488
          ],
          [
            -73.94659,
            40.78495
          ],
          [
            -73.94671,
            40.78501
          ],
          [
            -73.94734,
            40.78527
          ],
          [
            -73.94869,
            40.78584
          ],
          [
            -73.94883,
            40.78589
          ],
          [
            -73.94883,
            40.78589
          ],
          [
            -73.94878,
            40.78596
          ],
          [
            -73.94844,
            40.78644
          ],
          [
            -73.94839,
            40.7865
          ],
          [
            -73.94834,
            40.78656
          ],
          [
            -73.94802,
            40.787
          ],
          [
            -73.94797,
            40.78706
          ],
          [
            -73.94792,
            40.78712
          ],
          [
            -73.94787,
            40.78719
          ],
          [
            -73.94772,
            40.7874
          ],
          [
            -73.9475,
            40.7877
          ],
          [
            -73.94746,
            40.78775
          ],
          [
            -73.94742,
            40.78781
          ],
          [
            -73.94709,
            40.78826
          ],
          [
            -73.94704,
            40.78833
          ],
          [
            -73.947,
            40.78839
          ],
          [
            -73.94696,
            40.78845
          ],
          [
            -73.9466,
            40.78893
          ],
          [
            -73.94655,
            40.789
          ],
          [
            -73.9465,
            40.78907
          ],
          [
            -73.94634,
            40.78929
          ],
          [
            -73.94634,
            40.78929
          ],
          [
            -73.94634,
            40.78929
          ],
          [
            -73.94612,
            40.78959
          ],
          [
            -73.94609,
            40.78964
          ],
          [
            -73.94604,
            40.78971
          ],
          [
            -73.94568,
            40.79019
          ],
          [
            -73.94564,
            40.79025
          ],
          [
            -73.94558,
            40.79033
          ],
          [
            -73.94521,
            40.79085
          ],
          [
            -73.94517,
            40.79089
          ],
          [
            -73.94513,
            40.79095
          ],
          [
            -73.94475,
            40.79147
          ],
          [
            -73.94468,
            40.79157
          ],
          [
            -73.94461,
            40.79167
          ],
          [
            -73.94422,
            40.7922
          ],
          [
            -73.94418,
            40.79225
          ],
          [
            -73.94414,
            40.79231
          ],
          [
            -73.94383,
            40.79272
          ],
          [
            -73.94376,
            40.79282
          ],
          [
            -73.94372,
            40.79288
          ],
          [
            -73.94369,
            40.79292
          ],
          [
            -73.94332,
            40.79343
          ],
          [
            -73.94327,
            40.7935
          ],
          [
            -73.94322,
            40.79356
          ],
          [
            -73.94306,
            40.79378
          ],
          [
            -73.94284,
            40.79409
          ],
          [
            -73.94281,
            40.79413
          ],
          [
            -73.94276,
            40.79419
          ],
          [
            -73.94239,
            40.79471
          ],
          [
            -73.94235,
            40.79476
          ],
          [
            -73.9423,
            40.79482
          ],
          [
            -73.94193,
            40.79534
          ],
          [
            -73.94188,
            40.79541
          ],
          [
            -73.94182,
            40.79548
          ],
          [
            -73.94145,
            40.79598
          ],
          [
            -73.94137,
            40.7961
          ],
          [
            -73.9412,
            40.79634
          ],
          [
            -73.94098,
            40.79663
          ],
          [
            -73.94057,
            40.7972
          ],
          [
            -73.94052,
            40.79727
          ],
          [
            -73.94047,
            40.79733
          ],
          [
            -73.94009,
            40.79786
          ],
          [
            -73.94003,
            40.79794
          ],
          [
            -73.93995,
            40.79804
          ],
          [
            -73.93956,
            40.79857
          ],
          [
            -73.93952,
            40.79863
          ],
          [
            -73.93948,
            40.79868
          ],
          [
            -73.9391,
            40.7992
          ],
          [
            -73.93906,
            40.79925
          ],
          [
            -73.93902,
            40.79931
          ],
          [
            -73.93865,
            40.79983
          ],
          [
            -73.93864,
            40.79983
          ],
          [
            -73.9386,
            40.79989
          ],
          [
            -73.93857,
            40.79994
          ],
          [
            -73.93856,
            40.79994
          ],
          [
            -73.93819,
            40.80046
          ],
          [
            -73.93816,
            40.8005
          ],
          [
            -73.93811,
            40.80056
          ],
          [
            -73.9381,
            40.80058
          ],
          [
            -73.93773,
            40.80109
          ],
          [
            -73.93769,
            40.80114
          ],
          [
            -73.93765,
            40.8012
          ],
          [
            -73.93727,
            40.80172
          ],
          [
            -73.93724,
            40.80177
          ],
          [
            -73.93719,
            40.80183
          ],
          [
            -73.93681,
            40.80234
          ],
          [
            -73.93677,
            40.8024
          ],
          [
            -73.93673,
            40.80246
          ],
          [
            -73.93635,
            40.80298
          ],
          [
            -73.93631,
            40.80303
          ],
          [
            -73.93627,
            40.80309
          ],
          [
            -73.93616,
            40.80324
          ],
          [
            -73.9359,
            40.80361
          ],
          [
            -73.93583,
            40.80371
          ],
          [
            -73.93576,
            40.8038
          ],
          [
            -73.93559,
            40.80404
          ],
          [
            -73.93538,
            40.80433
          ],
          [
            -73.93533,
            40.80439
          ],
          [
            -73.9353,
            40.80444
          ],
          [
            -73.93521,
            40.80456
          ],
          [
            -73.93493,
            40.80495
          ],
          [
            -73.93488,
            40.80501
          ],
          [
            -73.93488,
            40.80501
          ],
          [
            -73.93474,
            40.80495
          ],
          [
            -73.9343,
            40.80476
          ],
          [
            -73.93393,
            40.80461
          ],
          [
            -73.93284,
            40.80414
          ],
          [
            -73.93276,
            40.80411
          ],
          [
            -73.93267,
            40.80407
          ],
          [
            -73.93234,
            40.80394
          ],
          [
            -73.93234,
            40.80394
          ],
          [
            -73.9323,
            40.80395
          ],
          [
            -73.93225,
            40.80396
          ],
          [
            -73.9322,
            40.80396
          ],
          [
            -73.93201,
            40.80396
          ],
          [
            -73.93162,
            40.80398
          ],
          [
            -73.93153,
            40.80398
          ],
          [
            -73.93146,
            40.80398
          ],
          [
            -73.93138,
            40.804
          ],
          [
            -73.93132,
            40.80401
          ],
          [
            -73.93125,
            40.80403
          ],
          [
            -73.9312,
            40.80405
          ],
          [
            -73.93115,
            40.80407
          ],
          [
            -73.93111,
            40.8041
          ],
          [
            -73.93108,
            40.80412
          ],
          [
            -73.93105,
            40.80415
          ],
          [
            -73.93104,
            40.80418
          ],
          [
            -73.93102,
            40.80422
          ],
          [
            -73.93101,
            40.80425
          ],
          [
            -73.931,
            40.80429
          ],
          [
            -73.931,
            40.80433
          ],
          [
            -73.931,
            40.8044
          ],
          [
            -73.93101,
            40.80444
          ],
          [
            -73.93103,
            40.80449
          ],
          [
            -73.93105,
            40.80453
          ],
          [
            -73.93109,
            40.80458
          ],
          [
            -73.93121,
            40.80474
          ],
          [
            -73.93157,
            40.80517
          ],
          [
            -73.93182,
            40.80544
          ],
          [
            -73.93201,
            40.80565
          ],
          [
            -73.93222,
            40.80587
          ],
          [
            -73.93241,
            40.80608
          ],
          [
            -73.93261,
            40.80628
          ],
          [
            -73.93279,
            40.80646
          ],
          [
            -73.933,
            40.80666
          ],
          [
            -73.93321,
            40.80687
          ],
          [
            -73.93351,
            40.80708
          ],
          [
            -73.93351,
            40.80708
          ],
          [
            -73.93373,
            40.80733
          ],
          [
            -73.93392,
            40.80755
          ],
          [
            -73.93409,
            40.80776
          ],
          [
            -73.93423,
            40.80797
          ],
          [
            -73.93434,
            40.80818
          ],
          [
            -73.93446,
            40.80839
          ],
          [
            -73.93456,
            40.8086
          ],
          [
            -73.93466,
            40.80884
          ],
          [
            -73.93473,
            40.80904
          ],
          [
            -73.9348,
            40.80924
          ],
          [
            -73.93485,
            40.80945
          ],
          [
            -73.93487,
            40.80955
          ],
          [
            -73.9349,
            40.80976
          ],
          [
            -73.93491,
            40.80988
          ],
          [
            -73.93492,
            40.80999
          ],
          [
            -73.93492,
            40.81011
          ],
          [
            -73.93491,
            40.81024
          ],
          [
            -73.9349,
            40.81039
          ],
          [
            -73.93489,
            40.81051
          ],
          [
            -73.93487,
            40.81066
          ],
          [
            -73.93484,
            40.81078
          ],
          [
            -73.9346,
            40.81174
          ],
          [
            -73.93456,
            40.81195
          ],
          [
            -73.93452,
            40.81218
          ],
          [
            -73.93449,
            40.8124
          ],
          [
            -73.93446,
            40.81262
          ],
          [
            -73.93435,
            40.81382
          ],
          [
            -73.93426,
            40.81462
          ],
          [
            -73.934,
            40.81711
          ],
          [
            -73.93398,
            40.81731
          ],
          [
            -73.93398,
            40.81753
          ],
          [
            -73.93399,
            40.81775
          ],
          [
            -73.93401,
            40.81794
          ],
          [
            -73.93405,
            40.81816
          ],
          [
            -73.93409,
            40.81836
          ],
          [
            -73.93414,
            40.81856
          ],
          [
            -73.93421,
            40.81882
          ],
          [
            -73.93425,
            40.81903
          ],
          [
            -73.93429,
            40.81922
          ],
          [
            -73.93431,
            40.81943
          ],
          [
            -73.93433,
            40.81986
          ],
          [
            -73.93434,
            40.82016
          ],
          [
            -73.93437,
            40.82076
          ],
          [
            -73.93438,
            40.82097
          ],
          [
            -73.93438,
            40.82118
          ],
          [
            -73.93437,
            40.82139
          ],
          [
            -73.93435,
            40.82159
          ],
          [
            -73.93432,
            40.822
          ],
          [
            -73.93431,
            40.82219
          ],
          [
            -73.93431,
            40.8224
          ],
          [
            -73.93432,
            40.82261
          ],
          [
            -73.93439,
            40.82361
          ],
          [
            -73.9344,
            40.82381
          ],
          [
            -73.93441,
            40.82401
          ],
          [
            -73.93441,
            40.82419
          ],
          [
            -73.9344,
            40.82439
          ],
          [
            -73.93439,
            40.8249
          ],
          [
            -73.9344,
            40.8251
          ],
          [
            -73.93441,
            40.82533
          ],
          [
            -73.93442,
            40.82553
          ],
          [
            -73.93444,
            40.82573
          ],
          [
            -73.93459,
            40.82723
          ],
          [
            -73.93485,
            40.82934
          ],
          [
            -73.93492,
            40.82993
          ],
          [
            -73.935,
            40.83063
          ],
          [
            -73.93507,
            40.83113
          ],
          [
            -73.9351,
            40.83135
          ],
          [
            -73.93512,
            40.83157
          ],
          [
            -73.93516,
            40.8319
          ],
          [
            -73.93519,
            40.83222
          ],
          [
            -73.93524,
            40.83289
          ],
          [
            -73.93525,
            40.8331
          ],
          [
            -73.93526,
            40.83333
          ],
          [
            -73.93526,
            40.83354
          ],
          [
            -73.93526,
            40.83376
          ],
          [
            -73.93525,
            40.83398
          ],
          [
            -73.93523,
            40.8342
          ],
          [
            -73.93521,
            40.83442
          ],
          [
            -73.93519,
            40.83464
          ],
          [
            -73.93515,
            40.83485
          ],
          [
            -73.93511,
            40.83507
          ],
          [
            -73.93506,
            40.8353
          ],
          [
            -73.93503,
            40.83541
          ],
          [
            -73.93499,
            40.83551
          ],
          [
            -73.93495,
            40.83562
          ],
          [
            -73.93491,
            40.83572
          ],
          [
            -73.93487,
            40.83583
          ],
          [
            -73.93482,
            40.83594
          ],
          [
            -73.93478,
            40.83604
          ],
          [
            -73.93473,
            40.83614
          ],
          [
            -73.93467,
            40.83624
          ],
          [
            -73.93461,
            40.83634
          ],
          [
            -73.9345,
            40.83654
          ],
          [
            -73.93439,
            40.83675
          ],
          [
            -73.93362,
            40.83806
          ],
          [
            -73.93362,
            40.83807
          ],
          [
            -73.93347,
            40.83832
          ],
          [
            -73.93324,
            40.83868
          ],
          [
            -73.93324,
            40.83868
          ],
          [
            -73.93312,
            40.83901
          ],
          [
            -73.93305,
            40.83915
          ],
          [
            -73.933,
            40.83926
          ],
          [
            -73.93295,
            40.83936
          ],
          [
            -73.9329,
            40.83946
          ],
          [
            -73.93284,
            40.83957
          ],
          [
            -73.9328,
            40.83965
          ],
          [
            -73.93272,
            40.83979
          ],
          [
            -73.93266,
            40.83989
          ],
          [
            -73.93253,
            40.84011
          ],
          [
            -73.93222,
            40.84064
          ],
          [
            -73.93181,
            40.84136
          ],
          [
            -73.93175,
            40.84145
          ],
          [
            -73.9317,
            40.84155
          ],
          [
            -73.93166,
            40.84165
          ],
          [
            -73.93162,
            40.84175
          ],
          [
            -73.93158,
            40.84183
          ],
          [
            -73.93155,
            40.84193
          ],
          [
            -73.93152,
            40.84201
          ],
          [
            -73.93149,
            40.84213
          ],
          [
            -73.93147,
            40.84224
          ],
          [
            -73.93145,
            40.84235
          ],
          [
            -73.93143,
            40.84248
          ],
          [
            -73.93142,
            40.84253
          ],
          [
            -73.93142,
            40.84259
          ],
          [
            -73.93142,
            40.84264
          ],
          [
            -73.93142,
            40.84269
          ],
          [
            -73.93143,
            40.84276
          ],
          [
            -73.93143,
            40.84282
          ],
          [
            -73.93144,
            40.84288
          ],
          [
            -73.93145,
            40.84293
          ],
          [
            -73.93151,
            40.84331
          ],
          [
            -73.93152,
            40.84337
          ],
          [
            -73.93152,
            40.84342
          ],
          [
            -73.93153,
            40.84348
          ],
          [
            -73.93153,
            40.84353
          ],
          [
            -73.93152,
            40.84358
          ],
          [
            -73.93152,
            40.84363
          ],
          [
            -73.93152,
            40.84368
          ],
          [
            -73.93151,
            40.84373
          ],
          [
            -73.9315,
            40.84378
          ],
          [
            -73.93149,
            40.84383
          ],
          [
            -73.93147,
            40.84388
          ],
          [
            -73.93146,
            40.84394
          ],
          [
            -73.93144,
            40.84398
          ],
          [
            -73.93142,
            40.84403
          ],
          [
            -73.9314,
            40.84408
          ],
          [
            -73.93138,
            40.84413
          ],
          [
            -73.93135,
            40.84418
          ],
          [
            -73.93133,
            40.84423
          ],
          [
            -73.9313,
            40.84427
          ],
          [
            -73.93126,
            40.84432
          ],
          [
            -73.93123,
            40.84437
          ],
          [
            -73.9312,
            40.84441
          ],
          [
            -73.93117,
            40.84445
          ],
          [
            -73.93078,
            40.84493
          ],
          [
            -73.93075,
            40.84496
          ],
          [
            -73.93072,
            40.845
          ],
          [
            -73.9307,
            40.84504
          ],
          [
            -73.93067,
            40.84508
          ],
          [
            -73.93065,
            40.84512
          ],
          [
            -73.93063,
            40.84515
          ],
          [
            -73.93061,
            40.84519
          ],
          [
            -73.9306,
            40.84522
          ],
          [
            -73.93058,
            40.84526
          ],
          [
            -73.93057,
            40.84529
          ],
          [
            -73.93057,
            40.84532
          ],
          [
            -73.93056,
            40.84535
          ],
          [
            -73.93055,
            40.84538
          ],
          [
            -73.93055,
            40.84542
          ],
          [
            -73.93055,
            40.84546
          ],
          [
            -73.93055,
            40.84548
          ],
          [
            -73.93055,
            40.84548
          ],
          [
            -73.93061,
            40.8456
          ],
          [
            -73.93062,
            40.84563
          ],
          [
            -73.93063,
            40.84566
          ],
          [
            -73.93064,
            40.84569
          ],
          [
            -73.93066,
            40.84571
          ],
          [
            -73.93067,
            40.84574
          ],
          [
            -73.93068,
            40.84576
          ],
          [
            -73.9307,
            40.84578
          ],
          [
            -73.93071,
            40.84581
          ],
          [
            -73.93073,
            40.84583
          ],
          [
            -73.93076,
            40.84586
          ],
          [
            -73.93078,
            40.84589
          ],
          [
            -73.93081,
            40.84592
          ],
          [
            -73.93083,
            40.84594
          ],
          [
            -73.93086,
            40.84596
          ],
          [
            -73.93089,
            40.84599
          ],
          [
            -73.93093,
            40.84601
          ],
          [
            -73.93096,
            40.84604
          ],
          [
            -73.931,
            40.84606
          ],
          [
            -73.93103,
            40.84608
          ],
          [
            -73.93108,
            40.8461
          ],
          [
            -73.93113,
            40.84612
          ],
          [
            -73.93118,
            40.84615
          ],
          [
            -73.93125,
            40.84618
          ],
          [
            -73.9313,
            40.8462
          ],
          [
            -73.93135,
            40.84622
          ],
          [
            -73.93142,
            40.84625
          ],
          [
            -73.9315,
            40.84628
          ],
          [
            -73.93167,
            40.84635
          ],
          [
            -73.9318,
            40.84639
          ],
          [
            -73.93188,
            40.84642
          ],
          [
            -73.93192,
            40.84644
          ],
          [
            -73.93196,
            40.84645
          ],
          [
            -73.93208,
            40.8465
          ],
          [
            -73.93208,
            40.8465
          ],
          [
            -73.93228,
            40.84623
          ],
          [
            -73.93233,
            40.84616
          ],
          [
            -73.93238,
            40.84609
          ],
          [
            -73.93275,
            40.84559
          ],
          [
            -73.93278,
            40.84554
          ],
          [
            -73.93283,
            40.84548
          ],
          [
            -73.93284,
            40.84546
          ],
          [
            -73.9332,
            40.84496
          ],
          [
            -73.93324,
            40.84491
          ],
          [
            -73.93328,
            40.84486
          ],
          [
            -73.93365,
            40.84435
          ],
          [
            -73.93372,
            40.84425
          ],
          [
            -73.9338,
            40.84414
          ],
          [
            -73.93398,
            40.84389
          ],
          [
            -73.93416,
            40.84365
          ],
          [
            -73.93421,
            40.84358
          ],
          [
            -73.93425,
            40.84352
          ],
          [
            -73.93442,
            40.8433
          ],
          [
            -73.93452,
            40.84315
          ],
          [
            -73.93452,
            40.84315
          ],
          [
            -73.93452,
            40.84315
          ],
          [
            -73.93442,
            40.8433
          ],
          [
            -73.93425,
            40.84352
          ],
          [
            -73.93421,
            40.84358
          ],
          [
            -73.93416,
            40.84365
          ],
          [
            -73.93398,
            40.84389
          ],
          [
            -73.9338,
            40.84414
          ],
          [
            -73.93372,
            40.84425
          ],
          [
            -73.93365,
            40.84435
          ],
          [
            -73.93328,
            40.84486
          ],
          [
            -73.93324,
            40.84491
          ],
          [
            -73.9332,
            40.84496
          ],
          [
            -73.93284,
            40.84546
          ],
          [
            -73.93283,
            40.84548
          ],
          [
            -73.93278,
            40.84554
          ],
          [
            -73.93275,
            40.84559
          ],
          [
            -73.93238,
            40.84609
          ],
          [
            -73.93233,
            40.84616
          ],
          [
            -73.93228,
            40.84623
          ],
          [
            -73.93208,
            40.8465
          ],
          [
            -73.93208,
            40.8465
          ],
          [
            -73.93196,
            40.84645
          ],
          [
            -73.93192,
            40.84644
          ],
          [
            -73.93188,
            40.84642
          ],
          [
            -73.9318,
            40.84639
          ],
          [
            -73.93169,
            40.84632
          ],
          [
            -73.93164,
            40.8463
          ],
          [
            -73.93159,
            40.84628
          ],
          [
            -73.93155,
            40.84626
          ],
          [
            -73.93149,
            40.84623
          ],
          [
            -73.93144,
            40.84621
          ],
          [
            -73.93138,
            40.84617
          ],
          [
            -73.93134,
            40.84615
          ],
          [
            -73.93128,
            40.84612
          ],
          [
            -73.93123,
            40.84608
          ],
          [
            -73.93118,
            40.84605
          ],
          [
            -73.93113,
            40.84602
          ],
          [
            -73.93109,
            40.846
          ],
          [
            -73.93106,
            40.84597
          ],
          [
            -73.93102,
            40.84595
          ],
          [
            -73.93099,
            40.84592
          ],
          [
            -73.93095,
            40.84589
          ],
          [
            -73.93092,
            40.84586
          ],
          [
            -73.93089,
            40.84584
          ],
          [
            -73.93087,
            40.84581
          ],
          [
            -73.93085,
            40.84579
          ],
          [
            -73.93083,
            40.84577
          ],
          [
            -73.93081,
            40.84574
          ],
          [
            -73.93079,
            40.84571
          ],
          [
            -73.93077,
            40.84568
          ],
          [
            -73.93075,
            40.84564
          ],
          [
            -73.93073,
            40.84561
          ],
          [
            -73.93072,
            40.84557
          ],
          [
            -73.93071,
            40.84554
          ],
          [
            -73.9307,
            40.8455
          ],
          [
            -73.93069,
            40.84548
          ],
          [
            -73.93069,
            40.84546
          ],
          [
            -73.93068,
            40.84543
          ],
          [
            -73.93068,
            40.84539
          ],
          [
            -73.93068,
            40.84532
          ],
          [
            -73.93071,
            40.84522
          ],
          [
            -73.93072,
            40.84519
          ],
          [
            -73.93073,
            40.84517
          ],
          [
            -73.93074,
            40.84515
          ],
          [
            -73.93075,
            40.84511
          ],
          [
            -73.93077,
            40.84508
          ],
          [
            -73.9308,
            40.84504
          ],
          [
            -73.93081,
            40.84502
          ],
          [
            -73.93084,
            40.84498
          ],
          [
            -73.93108,
            40.84468
          ],
          [
            -73.93123,
            40.84449
          ],
          [
            -73.93127,
            40.84445
          ],
          [
            -73.93131,
            40.8444
          ],
          [
            -73.93134,
            40.84436
          ],
          [
            -73.93138,
            40.8443
          ],
          [
            -73.93142,
            40.84424
          ],
          [
            -73.93145,
            40.84418
          ],
          [
            -73.93147,
            40.84413
          ],
          [
            -73.9315,
            40.84407
          ],
          [
            -73.93152,
            40.84402
          ],
          [
            -73.93153,
            40.84397
          ],
          [
            -73.93155,
            40.84392
          ],
          [
            -73.93157,
            40.84386
          ],
          [
            -73.93158,
            40.84381
          ],
          [
            -73.9316,
            40.84375
          ],
          [
            -73.93161,
            40.8437
          ],
          [
            -73.93161,
            40.84365
          ],
          [
            -73.93162,
            40.8436
          ],
          [
            -73.93162,
            40.84356
          ],
          [
            -73.93162,
            40.84352
          ],
          [
            -73.93162,
            40.84348
          ],
          [
            -73.93162,
            40.84343
          ],
          [
            -73.93161,
            40.8434
          ],
          [
            -73.93161,
            40.84337
          ],
          [
            -73.93161,
            40.84333
          ],
          [
            -73.9316,
            40.8433
          ],
          [
            -73.93154,
            40.84292
          ],
          [
            -73.93153,
            40.84287
          ],
          [
            -73.93153,
            40.84283
          ],
          [
            -73.93152,
            40.84277
          ],
          [
            -73.93151,
            40.84272
          ],
          [
            -73.93151,
            40.84266
          ],
          [
            -73.93151,
            40.84261
          ],
          [
            -73.93151,
            40.84256
          ],
          [
            -73.93151,
            40.8425
          ],
          [
            -73.93152,
            40.84246
          ],
          [
            -73.93152,
            40.84244
          ],
          [
            -73.93152,
            40.84242
          ],
          [
            -73.93152,
            40.8424
          ],
          [
            -73.93153,
            40.84237
          ],
          [
            -73.93153,
            40.84234
          ],
          [
            -73.93154,
            40.84232
          ],
          [
            -73.93155,
            40.84227
          ],
          [
            -73.93156,
            40.84222
          ],
          [
            -73.93158,
            40.84212
          ],
          [
            -73.93161,
            40.84202
          ],
          [
            -73.93164,
            40.84195
          ],
          [
            -73.93167,
            40.84185
          ],
          [
            -73.93169,
            40.84179
          ],
          [
            -73.93171,
            40.84175
          ],
          [
            -73.93173,
            40.8417
          ],
          [
            -73.93175,
            40.84167
          ],
          [
            -73.93177,
            40.84163
          ],
          [
            -73.9318,
            40.84156
          ],
          [
            -73.93183,
            40.84151
          ],
          [
            -73.93186,
            40.84144
          ],
          [
            -73.9319,
            40.84138
          ],
          [
            -73.93256,
            40.84025
          ],
          [
            -73.93267,
            40.84006
          ],
          [
            -73.93273,
            40.83995
          ],
          [
            -73.9328,
            40.83983
          ],
          [
            -73.93287,
            40.8397
          ],
          [
            -73.93294,
            40.83956
          ],
          [
            -73.93303,
            40.8394
          ],
          [
            -73.93318,
            40.8391
          ],
          [
            -73.93345,
            40.83874
          ],
          [
            -73.93345,
            40.83874
          ],
          [
            -73.93357,
            40.83849
          ],
          [
            -73.93362,
            40.83839
          ],
          [
            -73.93368,
            40.83827
          ],
          [
            -73.93375,
            40.83813
          ],
          [
            -73.9338,
            40.83803
          ],
          [
            -73.93389,
            40.83788
          ],
          [
            -73.93401,
            40.83766
          ],
          [
            -73.93483,
            40.8362
          ],
          [
            -73.93489,
            40.8361
          ],
          [
            -73.93494,
            40.836
          ],
          [
            -73.93499,
            40.83588
          ],
          [
            -73.93503,
            40.8358
          ],
          [
            -73.93507,
            40.83569
          ],
          [
            -73.93511,
            40.83559
          ],
          [
            -73.93515,
            40.83548
          ],
          [
            -73.93518,
            40.83538
          ],
          [
            -73.93521,
            40.83527
          ],
          [
            -73.93524,
            40.83516
          ],
          [
            -73.93528,
            40.83494
          ],
          [
            -73.93531,
            40.83472
          ],
          [
            -73.93534,
            40.83449
          ],
          [
            -73.93536,
            40.83428
          ],
          [
            -73.93538,
            40.83405
          ],
          [
            -73.93538,
            40.83384
          ],
          [
            -73.93539,
            40.83362
          ],
          [
            -73.93539,
            40.8334
          ],
          [
            -73.93538,
            40.83318
          ],
          [
            -73.93536,
            40.83297
          ],
          [
            -73.93518,
            40.83067
          ],
          [
            -73.93516,
            40.83045
          ],
          [
            -73.93514,
            40.83023
          ],
          [
            -73.93511,
            40.83002
          ],
          [
            -73.93509,
            40.8298
          ],
          [
            -73.93502,
            40.82933
          ],
          [
            -73.93487,
            40.82829
          ],
          [
            -73.93473,
            40.82723
          ],
          [
            -73.9346,
            40.82591
          ],
          [
            -73.93458,
            40.82571
          ],
          [
            -73.93456,
            40.82551
          ],
          [
            -73.93455,
            40.8253
          ],
          [
            -73.93454,
            40.82511
          ],
          [
            -73.93453,
            40.8249
          ],
          [
            -73.93454,
            40.82421
          ],
          [
            -73.93454,
            40.824
          ],
          [
            -73.93454,
            40.8238
          ],
          [
            -73.93453,
            40.82361
          ],
          [
            -73.93446,
            40.8227
          ],
          [
            -73.93445,
            40.82249
          ],
          [
            -73.93444,
            40.8223
          ],
          [
            -73.93445,
            40.82209
          ],
          [
            -73.93447,
            40.82188
          ],
          [
            -73.93449,
            40.82159
          ],
          [
            -73.93451,
            40.82139
          ],
          [
            -73.93452,
            40.82119
          ],
          [
            -73.93452,
            40.82098
          ],
          [
            -73.93451,
            40.82077
          ],
          [
            -73.93448,
            40.82016
          ],
          [
            -73.93447,
            40.81986
          ],
          [
            -73.93446,
            40.81954
          ],
          [
            -73.93444,
            40.81931
          ],
          [
            -73.93441,
            40.81909
          ],
          [
            -73.93436,
            40.81888
          ],
          [
            -73.93424,
            40.81836
          ],
          [
            -73.93419,
            40.81814
          ],
          [
            -73.93415,
            40.81791
          ],
          [
            -73.93413,
            40.81771
          ],
          [
            -73.93412,
            40.81747
          ],
          [
            -73.93412,
            40.81727
          ],
          [
            -73.93414,
            40.81705
          ],
          [
            -73.93439,
            40.81476
          ],
          [
            -73.93443,
            40.81434
          ],
          [
            -73.93449,
            40.81382
          ],
          [
            -73.93451,
            40.81359
          ],
          [
            -73.93453,
            40.81322
          ],
          [
            -73.93461,
            40.81241
          ],
          [
            -73.93463,
            40.81226
          ],
          [
            -73.93465,
            40.81213
          ],
          [
            -73.93467,
            40.81199
          ],
          [
            -73.93471,
            40.81183
          ],
          [
            -73.93474,
            40.81167
          ],
          [
            -73.93499,
            40.81067
          ],
          [
            -73.93502,
            40.81054
          ],
          [
            -73.93504,
            40.81043
          ],
          [
            -73.93506,
            40.81033
          ],
          [
            -73.93507,
            40.81018
          ],
          [
            -73.93508,
            40.81003
          ],
          [
            -73.93507,
            40.80991
          ],
          [
            -73.93506,
            40.80978
          ],
          [
            -73.93504,
            40.80961
          ],
          [
            -73.93501,
            40.80947
          ],
          [
            -73.935,
            40.80941
          ],
          [
            -73.93499,
            40.80935
          ],
          [
            -73.93493,
            40.80913
          ],
          [
            -73.93486,
            40.80892
          ],
          [
            -73.93478,
            40.80872
          ],
          [
            -73.9347,
            40.80851
          ],
          [
            -73.93459,
            40.80829
          ],
          [
            -73.93449,
            40.8081
          ],
          [
            -73.93437,
            40.8079
          ],
          [
            -73.93431,
            40.80779
          ],
          [
            -73.93419,
            40.8076
          ],
          [
            -73.93405,
            40.8074
          ],
          [
            -73.93385,
            40.80713
          ],
          [
            -73.93366,
            40.80691
          ],
          [
            -73.93338,
            40.80657
          ],
          [
            -73.93269,
            40.80586
          ],
          [
            -73.93215,
            40.80531
          ],
          [
            -73.93202,
            40.80518
          ],
          [
            -73.93193,
            40.80508
          ],
          [
            -73.93181,
            40.80496
          ],
          [
            -73.9317,
            40.80485
          ],
          [
            -73.9316,
            40.80473
          ],
          [
            -73.9315,
            40.80461
          ],
          [
            -73.93139,
            40.80448
          ],
          [
            -73.93128,
            40.80434
          ],
          [
            -73.93118,
            40.8042
          ],
          [
            -73.93109,
            40.80408
          ],
          [
            -73.93101,
            40.80395
          ],
          [
            -73.93092,
            40.80382
          ],
          [
            -73.93086,
            40.8037
          ],
          [
            -73.93079,
            40.80359
          ],
          [
            -73.93071,
            40.80343
          ],
          [
            -73.93066,
            40.80333
          ],
          [
            -73.93056,
            40.80311
          ],
          [
            -73.9305,
            40.80297
          ],
          [
            -73.93044,
            40.80282
          ],
          [
            -73.93037,
            40.80256
          ],
          [
            -73.93031,
            40.80237
          ],
          [
            -73.93021,
            40.80187
          ],
          [
            -73.93018,
            40.80168
          ],
          [
            -73.93008,
            40.80138
          ],
          [
            -73.92996,
            40.80097
          ],
          [
            -73.92993,
            40.8008
          ],
          [
            -73.9299,
            40.80065
          ],
          [
            -73.92989,
            40.80049
          ],
          [
            -73.92989,
            40.80031
          ],
          [
            -73.92989,
            40.80016
          ],
          [
            -73.92989,
            40.79961
          ],
          [
            -73.92988,
            40.7995
          ],
          [
            -73.92988,
            40.7994
          ],
          [
            -73.92986,
            40.79929
          ],
          [
            -73.92983,
            40.79919
          ],
          [
            -73.92979,
            40.79907
          ],
          [
            -73.92975,
            40.79896
          ],
          [
            -73.92969,
            40.79879
          ],
          [
            -73.92965,
            40.79867
          ],
          [
            -73.92961,
            40.79854
          ],
          [
            -73.92956,
            40.79837
          ],
          [
            -73.92946,
            40.79795
          ],
          [
            -73.92942,
            40.7978
          ],
          [
            -73.92939,
            40.79766
          ],
          [
            -73.92937,
            40.7975
          ],
          [
            -73.92933,
            40.79717
          ],
          [
            -73.92933,
            40.79717
          ],
          [
            -73.92933,
            40.79709
          ],
          [
            -73.92935,
            40.79693
          ],
          [
            -73.92938,
            40.79672
          ],
          [
            -73.92943,
            40.79651
          ],
          [
            -73.92948,
            40.79629
          ],
          [
            -73.92955,
            40.79609
          ],
          [
            -73.92963,
            40.79589
          ],
          [
            -73.92968,
            40.79578
          ],
          [
            -73.92979,
            40.79559
          ],
          [
            -73.92991,
            40.79541
          ],
          [
            -73.93006,
            40.79521
          ],
          [
            -73.93013,
            40.79511
          ],
          [
            -73.9302,
            40.79503
          ],
          [
            -73.93028,
            40.79494
          ],
          [
            -73.93037,
            40.79486
          ],
          [
            -73.93046,
            40.79478
          ],
          [
            -73.93056,
            40.79471
          ],
          [
            -73.93067,
            40.79463
          ],
          [
            -73.93078,
            40.79457
          ],
          [
            -73.93228,
            40.79376
          ],
          [
            -73.93287,
            40.79344
          ],
          [
            -73.93309,
            40.79331
          ],
          [
            -73.93332,
            40.79318
          ],
          [
            -73.93355,
            40.79305
          ],
          [
            -73.93377,
            40.79291
          ],
          [
            -73.93399,
            40.79277
          ],
          [
            -73.93421,
            40.79263
          ],
          [
            -73.93442,
            40.79248
          ],
          [
            -73.93526,
            40.7919
          ],
          [
            -73.93546,
            40.79175
          ],
          [
            -73.93555,
            40.79168
          ],
          [
            -73.93565,
            40.7916
          ],
          [
            -73.93576,
            40.79151
          ],
          [
            -73.93586,
            40.79142
          ],
          [
            -73.93595,
            40.79133
          ],
          [
            -73.93603,
            40.79125
          ],
          [
            -73.93611,
            40.79116
          ],
          [
            -73.93619,
            40.79108
          ],
          [
            -73.93626,
            40.79099
          ],
          [
            -73.93633,
            40.7909
          ],
          [
            -73.93673,
            40.79041
          ],
          [
            -73.93673,
            40.79041
          ],
          [
            -73.93707,
            40.79009
          ],
          [
            -73.93719,
            40.78995
          ],
          [
            -73.93729,
            40.78981
          ],
          [
            -73.93746,
            40.78959
          ],
          [
            -73.93746,
            40.78959
          ],
          [
            -73.93754,
            40.78944
          ],
          [
            -73.9376,
            40.7893
          ],
          [
            -73.9378,
            40.78884
          ],
          [
            -73.93786,
            40.7887
          ],
          [
            -73.93786,
            40.7887
          ],
          [
            -73.93793,
            40.78874
          ],
          [
            -73.93827,
            40.78888
          ],
          [
            -73.93877,
            40.78909
          ],
          [
            -73.9395,
            40.78939
          ],
          [
            -73.93972,
            40.78949
          ],
          [
            -73.93993,
            40.78957
          ],
          [
            -73.94006,
            40.78963
          ],
          [
            -73.94017,
            40.78967
          ],
          [
            -73.94021,
            40.78969
          ],
          [
            -73.94042,
            40.78978
          ],
          [
            -73.94048,
            40.7898
          ],
          [
            -73.9406,
            40.78986
          ],
          [
            -73.94078,
            40.78993
          ],
          [
            -73.942,
            40.79044
          ],
          [
            -73.94209,
            40.79048
          ],
          [
            -73.94231,
            40.79057
          ],
          [
            -73.94235,
            40.79059
          ],
          [
            -73.94243,
            40.79063
          ],
          [
            -73.94258,
            40.79069
          ],
          [
            -73.94278,
            40.79078
          ],
          [
            -73.94312,
            40.79092
          ],
          [
            -73.94433,
            40.79143
          ],
          [
            -73.94443,
            40.79147
          ],
          [
            -73.94454,
            40.79152
          ],
          [
            -73.94468,
            40.79157
          ],
          [
            -73.94468,
            40.79157
          ],
          [
            -73.94461,
            40.79167
          ],
          [
            -73.94443,
            40.79192
          ],
          [
            -73.94443,
            40.79192
          ],
          [
            -73.94443,
            40.79192
          ],
          [
            -73.94422,
            40.7922
          ],
          [
            -73.94418,
            40.79225
          ],
          [
            -73.94414,
            40.79231
          ],
          [
            -73.94383,
            40.79272
          ],
          [
            -73.94376,
            40.79282
          ],
          [
            -73.94372,
            40.79288
          ],
          [
            -73.94369,
            40.79292
          ],
          [
            -73.94332,
            40.79343
          ],
          [
            -73.94327,
            40.7935
          ],
          [
            -73.94322,
            40.79356
          ],
          [
            -73.94306,
            40.79378
          ],
          [
            -73.94284,
            40.79409
          ],
          [
            -73.94281,
            40.79413
          ],
          [
            -73.94276,
            40.79419
          ],
          [
            -73.94239,
            40.79471
          ],
          [
            -73.94235,
            40.79476
          ],
          [
            -73.9423,
            40.79482
          ],
          [
            -73.94193,
            40.79534
          ],
          [
            -73.94188,
            40.79541
          ],
          [
            -73.94182,
            40.79548
          ],
          [
            -73.94145,
            40.79598
          ],
          [
            -73.94137,
            40.7961
          ],
          [
            -73.9412,
            40.79634
          ],
          [
            -73.94098,
            40.79663
          ],
          [
            -73.94057,
            40.7972
          ],
          [
            -73.94052,
            40.79727
          ],
          [
            -73.94047,
            40.79733
          ],
          [
            -73.94009,
            40.79786
          ],
          [
            -73.94003,
            40.79794
          ],
          [
            -73.93995,
            40.79804
          ],
          [
            -73.93956,
            40.79857
          ],
          [
            -73.93952,
            40.79863
          ],
          [
            -73.93948,
            40.79868
          ],
          [
            -73.9391,
            40.7992
          ],
          [
            -73.93906,
            40.79925
          ],
          [
            -73.93902,
            40.79931
          ],
          [
            -73.93865,
            40.79983
          ],
          [
            -73.93864,
            40.79983
          ],
          [
            -73.9386,
            40.79989
          ],
          [
            -73.93857,
            40.79994
          ],
          [
            -73.93856,
            40.79994
          ],
          [
            -73.93819,
            40.80046
          ],
          [
            -73.93816,
            40.8005
          ],
          [
            -73.93811,
            40.80056
          ],
          [
            -73.9381,
            40.80058
          ],
          [
            -73.93773,
            40.80109
          ],
          [
            -73.93769,
            40.80114
          ],
          [
            -73.93765,
            40.8012
          ],
          [
            -73.93727,
            40.80172
          ],
          [
            -73.93724,
            40.80177
          ],
          [
            -73.93719,
            40.80183
          ],
          [
            -73.93681,
            40.80234
          ],
          [
            -73.93677,
            40.8024
          ],
          [
            -73.93673,
            40.80246
          ],
          [
            -73.93635,
            40.80298
          ],
          [
            -73.93631,
            40.80303
          ],
          [
            -73.93627,
            40.80309
          ],
          [
            -73.93616,
            40.80324
          ],
          [
            -73.9359,
            40.80361
          ],
          [
            -73.93583,
            40.80371
          ],
          [
            -73.93576,
            40.8038
          ],
          [
            -73.93559,
            40.80404
          ],
          [
            -73.93538,
            40.80433
          ],
          [
            -73.93533,
            40.80439
          ],
          [
            -73.9353,
            40.80444
          ],
          [
            -73.93521,
            40.80456
          ],
          [
            -73.93493,
            40.80495
          ],
          [
            -73.93488,
            40.80501
          ],
          [
            -73.93488,
            40.80501
          ],
          [
            -73.93474,
            40.80495
          ],
          [
            -73.9343,
            40.80476
          ],
          [
            -73.93393,
            40.80461
          ],
          [
            -73.93284,
            40.80414
          ],
          [
            -73.93276,
            40.80411
          ],
          [
            -73.93267,
            40.80407
          ],
          [
            -73.93234,
            40.80394
          ],
          [
            -73.93234,
            40.80394
          ],
          [
            -73.9323,
            40.80395
          ],
          [
            -73.93225,
            40.80396
          ],
          [
            -73.9322,
            40.80396
          ],
          [
            -73.93201,
            40.80396
          ],
          [
            -73.93162,
            40.80398
          ],
          [
            -73.93153,
            40.80398
          ],
          [
            -73.93146,
            40.80398
          ],
          [
            -73.93138,
            40.804
          ],
          [
            -73.93132,
            40.80401
          ],
          [
            -73.93125,
            40.80403
          ],
          [
            -73.9312,
            40.80405
          ],
          [
            -73.93115,
            40.80407
          ],
          [
            -73.93111,
            40.8041
          ],
          [
            -73.93108,
            40.80412
          ],
          [
            -73.93105,
            40.80415
          ],
          [
            -73.93104,
            40.80418
          ],
          [
            -73.93102,
            40.80422
          ],
          [
            -73.93101,
            40.80425
          ],
          [
            -73.931,
            40.80429
          ],
          [
            -73.931,
            40.80433
          ],
          [
            -73.931,
            40.8044
          ],
          [
            -73.93101,
            40.80444
          ],
          [
            -73.93103,
            40.80449
          ],
          [
            -73.93105,
            40.80453
          ],
          [
            -73.93109,
            40.80458
          ],
          [
            -73.93121,
            40.80474
          ],
          [
            -73.93157,
            40.80517
          ],
          [
            -73.93182,
            40.80544
          ],
          [
            -73.93201,
            40.80565
          ],
          [
            -73.93222,
            40.80587
          ],
          [
            -73.93241,
            40.80608
          ],
          [
            -73.93261,
            40.80628
          ],
          [
            -73.93279,
            40.80646
          ],
          [
            -73.933,
            40.80666
          ],
          [
            -73.93321,
            40.80687
          ],
          [
            -73.93351,
            40.80708
          ],
          [
            -73.93351,
            40.80708
          ],
          [
            -73.93373,
            40.80733
          ],
          [
            -73.93392,
            40.80755
          ],
          [
            -73.93409,
            40.80776
          ],
          [
            -73.93423,
            40.80797
          ],
          [
            -73.93434,
            40.80818
          ],
          [
            -73.93446,
            40.80839
          ],
          [
            -73.93456,
            40.8086
          ],
          [
            -73.93466,
            40.80884
          ],
          [
            -73.93473,
            40.80904
          ],
          [
            -73.9348,
            40.80924
          ],
          [
            -73.93485,
            40.80945
          ],
          [
            -73.93487,
            40.80955
          ],
          [
            -73.9349,
            40.80976
          ],
          [
            -73.93491,
            40.80988
          ],
          [
            -73.93492,
            40.80999
          ],
          [
            -73.93492,
            40.81011
          ],
          [
            -73.93491,
            40.81024
          ],
          [
            -73.9349,
            40.81039
          ],
          [
            -73.93489,
            40.81051
          ],
          [
            -73.93487,
            40.81066
          ],
          [
            -73.93484,
            40.81078
          ],
          [
            -73.9346,
            40.81174
          ],
          [
            -73.93456,
            40.81195
          ],
          [
            -73.93452,
            40.81218
          ],
          [
            -73.93449,
            40.8124
          ],
          [
            -73.93446,
            40.81262
          ],
          [
            -73.93435,
            40.81382
          ],
          [
            -73.93426,
            40.81462
          ],
          [
            -73.934,
            40.81711
          ],
          [
            -73.93398,
            40.81731
          ],
          [
            -73.93398,
            40.81753
          ],
          [
            -73.93399,
            40.81775
          ],
          [
            -73.93401,
            40.81794
          ],
          [
            -73.93405,
            40.81816
          ],
          [
            -73.93409,
            40.81836
          ],
          [
            -73.93414,
            40.81856
          ],
          [
            -73.93421,
            40.81882
          ],
          [
            -73.93425,
            40.81903
          ],
          [
            -73.93429,
            40.81922
          ],
          [
            -73.93431,
            40.81943
          ],
          [
            -73.93433,
            40.81986
          ],
          [
            -73.93434,
            40.82016
          ],
          [
            -73.93437,
            40.82076
          ],
          [
            -73.93438,
            40.82097
          ],
          [
            -73.93438,
            40.82118
          ],
          [
            -73.93437,
            40.82139
          ],
          [
            -73.93435,
            40.82159
          ],
          [
            -73.93432,
            40.822
          ],
          [
            -73.93431,
            40.82219
          ],
          [
            -73.93431,
            40.8224
          ],
          [
            -73.93432,
            40.82261
          ],
          [
            -73.93439,
            40.82361
          ],
          [
            -73.9344,
            40.82381
          ],
          [
            -73.93441,
            40.82401
          ],
          [
            -73.93441,
            40.82419
          ],
          [
            -73.9344,
            40.82439
          ],
          [
            -73.93439,
            40.8249
          ],
          [
            -73.9344,
            40.8251
          ],
          [
            -73.93441,
            40.82533
          ],
          [
            -73.93442,
            40.82553
          ],
          [
            -73.93444,
            40.82573
          ],
          [
            -73.93459,
            40.82723
          ],
          [
            -73.93485,
            40.82934
          ],
          [
            -73.93492,
            40.82993
          ],
          [
            -73.935,
            40.83063
          ],
          [
            -73.93507,
            40.83113
          ],
          [
            -73.9351,
            40.83135
          ],
          [
            -73.93512,
            40.83157
          ],
          [
            -73.93516,
            40.8319
          ],
          [
            -73.93519,
            40.83222
          ],
          [
            -73.93524,
            40.83289
          ],
          [
            -73.93525,
            40.8331
          ],
          [
            -73.93526,
            40.83333
          ],
          [
            -73.93526,
            40.83354
          ],
          [
            -73.93526,
            40.83376
          ],
          [
            -73.93525,
            40.83398
          ],
          [
            -73.93523,
            40.8342
          ],
          [
            -73.93521,
            40.83442
          ],
          [
            -73.93519,
            40.83464
          ],
          [
            -73.93515,
            40.83485
          ],
          [
            -73.93511,
            40.83507
          ],
          [
            -73.93506,
            40.8353
          ],
          [
            -73.93503,
            40.83541
          ],
          [
            -73.93499,
            40.83551
          ],
          [
            -73.93495,
            40.83562
          ],
          [
            -73.93491,
            40.83572
          ],
          [
            -73.93487,
            40.83583
          ],
          [
            -73.93482,
            40.83594
          ],
          [
            -73.93478,
            40.83604
          ],
          [
            -73.93473,
            40.83614
          ],
          [
            -73.93467,
            40.83624
          ],
          [
            -73.93461,
            40.83634
          ],
          [
            -73.9345,
            40.83654
          ],
          [
            -73.93439,
            40.83675
          ],
          [
            -73.93362,
            40.83806
          ],
          [
            -73.93362,
            40.83807
          ],
          [
            -73.93347,
            40.83832
          ],
          [
            -73.93324,
            40.83868
          ],
          [
            -73.93324,
            40.83868
          ],
          [
            -73.93312,
            40.83901
          ],
          [
            -73.93305,
            40.83915
          ],
          [
            -73.933,
            40.83926
          ],
          [
            -73.93295,
            40.83936
          ],
          [
            -73.9329,
            40.83946
          ],
          [
            -73.93284,
            40.83957
          ],
          [
            -73.9328,
            40.83965
          ],
          [
            -73.93272,
            40.83979
          ],
          [
            -73.93266,
            40.83989
          ],
          [
            -73.93253,
            40.84011
          ],
          [
            -73.93222,
            40.84064
          ],
          [
            -73.93181,
            40.84136
          ],
          [
            -73.93175,
            40.84145
          ],
          [
            -73.9317,
            40.84155
          ],
          [
            -73.93166,
            40.84165
          ],
          [
            -73.93162,
            40.84175
          ],
          [
            -73.93158,
            40.84183
          ],
          [
            -73.93155,
            40.84193
          ],
          [
            -73.93152,
            40.84201
          ],
          [
            -73.93149,
            40.84213
          ],
          [
            -73.93147,
            40.84224
          ],
          [
            -73.93145,
            40.84235
          ],
          [
            -73.93143,
            40.84248
          ],
          [
            -73.93142,
            40.84253
          ],
          [
            -73.93142,
            40.84259
          ],
          [
            -73.93142,
            40.84264
          ],
          [
            -73.93142,
            40.84269
          ],
          [
            -73.93143,
            40.84276
          ],
          [
            -73.93143,
            40.84282
          ],
          [
            -73.93144,
            40.84288
          ],
          [
            -73.93145,
            40.84293
          ],
          [
            -73.93151,
            40.84331
          ],
          [
            -73.93152,
            40.84337
          ],
          [
            -73.93152,
            40.84342
          ],
          [
            -73.93153,
            40.84348
          ],
          [
            -73.93153,
            40.84353
          ],
          [
            -73.93152,
            40.84358
          ],
          [
            -73.93152,
            40.84363
          ],
          [
            -73.93152,
            40.84368
          ],
          [
            -73.93151,
            40.84373
          ],
          [
            -73.9315,
            40.84378
          ],
          [
            -73.93149,
            40.84383
          ],
          [
            -73.93147,
            40.84388
          ],
          [
            -73.93146,
            40.84394
          ],
          [
            -73.93144,
            40.84398
          ],
          [
            -73.93142,
            40.84403
          ],
          [
            -73.9314,
            40.84408
          ],
          [
            -73.93138,
            40.84413
          ],
          [
            -73.93135,
            40.84418
          ],
          [
            -73.93133,
            40.84423
          ],
          [
            -73.9313,
            40.84427
          ],
          [
            -73.93126,
            40.84432
          ],
          [
            -73.93123,
            40.84437
          ],
          [
            -73.9312,
            40.84441
          ],
          [
            -73.93117,
            40.84445
          ],
          [
            -73.93078,
            40.84493
          ],
          [
            -73.93075,
            40.84496
          ],
          [
            -73.93072,
            40.845
          ],
          [
            -73.9307,
            40.84504
          ],
          [
            -73.93067,
            40.84508
          ],
          [
            -73.93065,
            40.84512
          ],
          [
            -73.93063,
            40.84515
          ],
          [
            -73.93061,
            40.84519
          ],
          [
            -73.9306,
            40.84522
          ],
          [
            -73.93058,
            40.84526
          ],
          [
            -73.93057,
            40.84529
          ],
          [
            -73.93057,
            40.84532
          ],
          [
            -73.93056,
            40.84535
          ],
          [
            -73.93055,
            40.84538
          ],
          [
            -73.93055,
            40.84542
          ],
          [
            -73.93055,
            40.84546
          ],
          [
            -73.93055,
            40.84548
          ],
          [
            -73.93055,
            40.84548
          ],
          [
            -73.93061,
            40.8456
          ],
          [
            -73.93062,
            40.84563
          ],
          [
            -73.93063,
            40.84566
          ],
          [
            -73.93064,
            40.84569
          ],
          [
            -73.93066,
            40.84571
          ],
          [
            -73.93067,
            40.84574
          ],
          [
            -73.93068,
            40.84576
          ],
          [
            -73.9307,
            40.84578
          ],
          [
            -73.93071,
            40.84581
          ],
          [
            -73.93073,
            40.84583
          ],
          [
            -73.93076,
            40.84586
          ],
          [
            -73.93078,
            40.84589
          ],
          [
            -73.93081,
            40.84592
          ],
          [
            -73.93083,
            40.84594
          ],
          [
            -73.93086,
            40.84596
          ],
          [
            -73.93089,
            40.84599
          ],
          [
            -73.93093,
            40.84601
          ],
          [
            -73.93096,
            40.84604
          ],
          [
            -73.931,
            40.84606
          ],
          [
            -73.93103,
            40.84608
          ],
          [
            -73.93108,
            40.8461
          ],
          [
            -73.93113,
            40.84612
          ],
          [
            -73.93118,
            40.84615
          ],
          [
            -73.93125,
            40.84618
          ],
          [
            -73.9313,
            40.8462
          ],
          [
            -73.93135,
            40.84622
          ],
          [
            -73.93142,
            40.84625
          ],
          [
            -73.9315,
            40.84628
          ],
          [
            -73.93167,
            40.84635
          ],
          [
            -73.9318,
            40.84639
          ],
          [
            -73.93188,
            40.84642
          ],
          [
            -73.93192,
            40.84644
          ],
          [
            -73.93196,
            40.84645
          ],
          [
            -73.93208,
            40.8465
          ],
          [
            -73.93208,
            40.8465
          ],
          [
            -73.93228,
            40.84623
          ],
          [
            -73.93233,
            40.84616
          ],
          [
            -73.93238,
            40.84609
          ],
          [
            -73.93275,
            40.84559
          ],
          [
            -73.93278,
            40.84554
          ],
          [
            -73.93283,
            40.84548
          ],
          [
            -73.93284,
            40.84546
          ],
          [
            -73.93304,
            40.84518
          ],
          [
            -73.93304,
            40.84518
          ],
          [
            -73.93304,
            40.84518
          ],
          [
            -73.93284,
            40.84546
          ],
          [
            -73.93283,
            40.84548
          ],
          [
            -73.93278,
            40.84554
          ],
          [
            -73.93275,
            40.84559
          ],
          [
            -73.93238,
            40.84609
          ],
          [
            -73.93233,
            40.84616
          ],
          [
            -73.93228,
            40.84623
          ],
          [
            -73.93208,
            40.8465
          ],
          [
            -73.93189,
            40.84675
          ],
          [
            -73.93185,
            40.84681
          ],
          [
            -73.93181,
            40.84687
          ],
          [
            -73.93168,
            40.84704
          ],
          [
            -73.93168,
            40.84704
          ],
          [
            -73.93168,
            40.84704
          ],
          [
            -73.93162,
            40.84713
          ],
          [
            -73.93144,
            40.84738
          ],
          [
            -73.9314,
            40.84743
          ],
          [
            -73.93135,
            40.84749
          ],
          [
            -73.93117,
            40.84774
          ],
          [
            -73.93117,
            40.84775
          ],
          [
            -73.93111,
            40.84782
          ],
          [
            -73.93096,
            40.84803
          ],
          [
            -73.93088,
            40.84814
          ],
          [
            -73.93082,
            40.84822
          ],
          [
            -73.93079,
            40.84825
          ],
          [
            -73.9307,
            40.84839
          ],
          [
            -73.9307,
            40.84839
          ],
          [
            -73.9307,
            40.84839
          ],
          [
            -73.93079,
            40.84825
          ],
          [
            -73.93082,
            40.84822
          ],
          [
            -73.93088,
            40.84814
          ],
          [
            -73.93096,
            40.84803
          ],
          [
            -73.93111,
            40.84782
          ],
          [
            -73.93117,
            40.84775
          ],
          [
            -73.93117,
            40.84774
          ],
          [
            -73.93135,
            40.84749
          ],
          [
            -73.9314,
            40.84743
          ],
          [
            -73.93144,
            40.84738
          ],
          [
            -73.93162,
            40.84713
          ],
          [
            -73.93181,
            40.84687
          ],
          [
            -73.93185,
            40.84681
          ],
          [
            -73.93189,
            40.84675
          ],
          [
            -73.93208,
            40.8465
          ],
          [
            -73.93208,
            40.8465
          ],
          [
            -73.93196,
            40.84645
          ],
          [
            -73.93192,
            40.84644
          ],
          [
            -73.93188,
            40.84642
          ],
          [
            -73.9318,
            40.84639
          ],
          [
            -73.93169,
            40.84632
          ],
          [
            -73.93164,
            40.8463
          ],
          [
            -73.93159,
            40.84628
          ],
          [
            -73.93155,
            40.84626
          ],
          [
            -73.93149,
            40.84623
          ],
          [
            -73.93144,
            40.84621
          ],
          [
            -73.93138,
            40.84617
          ],
          [
            -73.93134,
            40.84615
          ],
          [
            -73.93128,
            40.84612
          ],
          [
            -73.93123,
            40.84608
          ],
          [
            -73.93118,
            40.84605
          ],
          [
            -73.93113,
            40.84602
          ],
          [
            -73.93109,
            40.846
          ],
          [
            -73.93106,
            40.84597
          ],
          [
            -73.93102,
            40.84595
          ],
          [
            -73.93099,
            40.84592
          ],
          [
            -73.93095,
            40.84589
          ],
          [
            -73.93092,
            40.84586
          ],
          [
            -73.93089,
            40.84584
          ],
          [
            -73.93087,
            40.84581
          ],
          [
            -73.93085,
            40.84579
          ],
          [
            -73.93083,
            40.84577
          ],
          [
            -73.93081,
            40.84574
          ],
          [
            -73.93079,
            40.84571
          ],
          [
            -73.93077,
            40.84568
          ],
          [
            -73.93075,
            40.84564
          ],
          [
            -73.93073,
            40.84561
          ],
          [
            -73.93072,
            40.84557
          ],
          [
            -73.93071,
            40.84554
          ],
          [
            -73.9307,
            40.8455
          ],
          [
            -73.93069,
            40.84548
          ],
          [
            -73.93069,
            40.84546
          ],
          [
            -73.93068,
            40.84543
          ],
          [
            -73.93068,
            40.84539
          ],
          [
            -73.93068,
            40.84532
          ],
          [
            -73.93071,
            40.84522
          ],
          [
            -73.93072,
            40.84519
          ],
          [
            -73.93073,
            40.84517
          ],
          [
            -73.93074,
            40.84515
          ],
          [
            -73.93075,
            40.84511
          ],
          [
            -73.93077,
            40.84508
          ],
          [
            -73.9308,
            40.84504
          ],
          [
            -73.93081,
            40.84502
          ],
          [
            -73.93084,
            40.84498
          ],
          [
            -73.93108,
            40.84468
          ],
          [
            -73.93123,
            40.84449
          ],
          [
            -73.93127,
            40.84445
          ],
          [
            -73.93131,
            40.8444
          ],
          [
            -73.93134,
            40.84436
          ],
          [
            -73.93138,
            40.8443
          ],
          [
            -73.93142,
            40.84424
          ],
          [
            -73.93145,
            40.84418
          ],
          [
            -73.93147,
            40.84413
          ],
          [
            -73.9315,
            40.84407
          ],
          [
            -73.93152,
            40.84402
          ],
          [
            -73.93153,
            40.84397
          ],
          [
            -73.93155,
            40.84392
          ],
          [
            -73.93157,
            40.84386
          ],
          [
            -73.93158,
            40.84381
          ],
          [
            -73.9316,
            40.84375
          ],
          [
            -73.93161,
            40.8437
          ],
          [
            -73.93161,
            40.84365
          ],
          [
            -73.93162,
            40.8436
          ],
          [
            -73.93162,
            40.84356
          ],
          [
            -73.93162,
            40.84352
          ],
          [
            -73.93162,
            40.84348
          ],
          [
            -73.93162,
            40.84343
          ],
          [
            -73.93161,
            40.8434
          ],
          [
            -73.93161,
            40.84337
          ],
          [
            -73.93161,
            40.84333
          ],
          [
            -73.9316,
            40.8433
          ],
          [
            -73.93154,
            40.84292
          ],
          [
            -73.93153,
            40.84287
          ],
          [
            -73.93153,
            40.84283
          ],
          [
            -73.93152,
            40.84277
          ],
          [
            -73.93151,
            40.84272
          ],
          [
            -73.93151,
            40.84266
          ],
          [
            -73.93151,
            40.84261
          ],
          [
            -73.93151,
            40.84256
          ],
          [
            -73.93151,
            40.8425
          ],
          [
            -73.93152,
            40.84246
          ],
          [
            -73.93152,
            40.84244
          ],
          [
            -73.93152,
            40.84242
          ],
          [
            -73.93152,
            40.8424
          ],
          [
            -73.93153,
            40.84237
          ],
          [
            -73.93153,
            40.84234
          ],
          [
            -73.93154,
            40.84232
          ],
          [
            -73.93155,
            40.84227
          ],
          [
            -73.93156,
            40.84222
          ],
          [
            -73.93158,
            40.84212
          ],
          [
            -73.93161,
            40.84202
          ],
          [
            -73.93164,
            40.84195
          ],
          [
            -73.93167,
            40.84185
          ],
          [
            -73.93169,
            40.84179
          ],
          [
            -73.93171,
            40.84175
          ],
          [
            -73.93173,
            40.8417
          ],
          [
            -73.93175,
            40.84167
          ],
          [
            -73.93177,
            40.84163
          ],
          [
            -73.9318,
            40.84156
          ],
          [
            -73.93183,
            40.84151
          ],
          [
            -73.93186,
            40.84144
          ],
          [
            -73.9319,
            40.84138
          ],
          [
            -73.93256,
            40.84025
          ],
          [
            -73.93267,
            40.84006
          ],
          [
            -73.93273,
            40.83995
          ],
          [
            -73.9328,
            40.83983
          ],
          [
            -73.93287,
            40.8397
          ],
          [
            -73.93294,
            40.83956
          ],
          [
            -73.93303,
            40.8394
          ],
          [
            -73.93318,
            40.8391
          ],
          [
            -73.93345,
            40.83874
          ],
          [
            -73.93345,
            40.83874
          ],
          [
            -73.93357,
            40.83849
          ],
          [
            -73.93362,
            40.83839
          ],
          [
            -73.93368,
            40.83827
          ],
          [
            -73.93375,
            40.83813
          ],
          [
            -73.9338,
            40.83803
          ],
          [
            -73.93389,
            40.83788
          ],
          [
            -73.93401,
            40.83766
          ],
          [
            -73.93483,
            40.8362
          ],
          [
            -73.93489,
            40.8361
          ],
          [
            -73.93494,
            40.836
          ],
          [
            -73.93499,
            40.83588
          ],
          [
            -73.93503,
            40.8358
          ],
          [
            -73.93507,
            40.83569
          ],
          [
            -73.93511,
            40.83559
          ],
          [
            -73.93515,
            40.83548
          ],
          [
            -73.93518,
            40.83538
          ],
          [
            -73.93521,
            40.83527
          ],
          [
            -73.93524,
            40.83516
          ],
          [
            -73.93528,
            40.83494
          ],
          [
            -73.93531,
            40.83472
          ],
          [
            -73.93534,
            40.83449
          ],
          [
            -73.93536,
            40.83428
          ],
          [
            -73.93538,
            40.83405
          ],
          [
            -73.93538,
            40.83384
          ],
          [
            -73.93539,
            40.83362
          ],
          [
            -73.93539,
            40.8334
          ],
          [
            -73.93538,
            40.83318
          ],
          [
            -73.93536,
            40.83297
          ],
          [
            -73.93518,
            40.83067
          ],
          [
            -73.93516,
            40.83045
          ],
          [
            -73.93514,
            40.83023
          ],
          [
            -73.93511,
            40.83002
          ],
          [
            -73.93509,
            40.8298
          ],
          [
            -73.93502,
            40.82933
          ],
          [
            -73.93487,
            40.82829
          ],
          [
            -73.93473,
            40.82723
          ],
          [
            -73.9346,
            40.82591
          ],
          [
            -73.93458,
            40.82571
          ],
          [
            -73.93456,
            40.82551
          ],
          [
            -73.93455,
            40.8253
          ],
          [
            -73.93454,
            40.82511
          ],
          [
            -73.93453,
            40.8249
          ],
          [
            -73.93454,
            40.82421
          ],
          [
            -73.93454,
            40.824
          ],
          [
            -73.93454,
            40.8238
          ],
          [
            -73.93453,
            40.82361
          ],
          [
            -73.93446,
            40.8227
          ],
          [
            -73.93445,
            40.82249
          ],
          [
            -73.93444,
            40.8223
          ],
          [
            -73.93445,
            40.82209
          ],
          [
            -73.93447,
            40.82188
          ],
          [
            -73.93449,
            40.82159
          ],
          [
            -73.93451,
            40.82139
          ],
          [
            -73.93452,
            40.82119
          ],
          [
            -73.93452,
            40.82098
          ],
          [
            -73.93451,
            40.82077
          ],
          [
            -73.93448,
            40.82016
          ],
          [
            -73.93447,
            40.81986
          ],
          [
            -73.93446,
            40.81954
          ],
          [
            -73.93444,
            40.81931
          ],
          [
            -73.93441,
            40.81909
          ],
          [
            -73.93436,
            40.81888
          ],
          [
            -73.93424,
            40.81836
          ],
          [
            -73.93419,
            40.81814
          ],
          [
            -73.93415,
            40.81791
          ],
          [
            -73.93413,
            40.81771
          ],
          [
            -73.93412,
            40.81747
          ],
          [
            -73.93412,
            40.81727
          ],
          [
            -73.93414,
            40.81705
          ],
          [
            -73.93439,
            40.81476
          ],
          [
            -73.93443,
            40.81434
          ],
          [
            -73.93449,
            40.81382
          ],
          [
            -73.93451,
            40.81359
          ],
          [
            -73.93453,
            40.81322
          ],
          [
            -73.93461,
            40.81241
          ],
          [
            -73.93463,
            40.81226
          ],
          [
            -73.93465,
            40.81213
          ],
          [
            -73.93467,
            40.81199
          ],
          [
            -73.93471,
            40.81183
          ],
          [
            -73.93474,
            40.81167
          ],
          [
            -73.93499,
            40.81067
          ],
          [
            -73.93502,
            40.81054
          ],
          [
            -73.93504,
            40.81043
          ],
          [
            -73.93506,
            40.81033
          ],
          [
            -73.93507,
            40.81018
          ],
          [
            -73.93508,
            40.81003
          ],
          [
            -73.93507,
            40.80991
          ],
          [
            -73.93506,
            40.80978
          ],
          [
            -73.93504,
            40.80961
          ],
          [
            -73.93501,
            40.80947
          ],
          [
            -73.935,
            40.80941
          ],
          [
            -73.93499,
            40.80935
          ],
          [
            -73.93499,
            40.80935
          ],
          [
            -73.93487,
            40.80911
          ],
          [
            -73.93482,
            40.80897
          ],
          [
            -73.93477,
            40.80884
          ],
          [
            -73.93472,
            40.80871
          ],
          [
            -73.93466,
            40.80857
          ],
          [
            -73.9346,
            40.80845
          ],
          [
            -73.93455,
            40.80835
          ],
          [
            -73.93449,
            40.80824
          ],
          [
            -73.93444,
            40.80814
          ],
          [
            -73.93436,
            40.80802
          ],
          [
            -73.93429,
            40.8079
          ],
          [
            -73.93422,
            40.80779
          ],
          [
            -73.93414,
            40.80768
          ],
          [
            -73.93406,
            40.80756
          ],
          [
            -73.93396,
            40.80743
          ],
          [
            -73.93386,
            40.80731
          ],
          [
            -73.93376,
            40.80719
          ],
          [
            -73.93362,
            40.80703
          ],
          [
            -73.93347,
            40.80688
          ],
          [
            -73.93206,
            40.80542
          ],
          [
            -73.93202,
            40.80536
          ],
          [
            -73.93198,
            40.80531
          ],
          [
            -73.93195,
            40.80524
          ],
          [
            -73.93195,
            40.80521
          ],
          [
            -73.93194,
            40.80516
          ],
          [
            -73.93194,
            40.80513
          ],
          [
            -73.93195,
            40.80508
          ],
          [
            -73.93196,
            40.80505
          ],
          [
            -73.93198,
            40.805
          ],
          [
            -73.93211,
            40.80481
          ],
          [
            -73.93216,
            40.80474
          ],
          [
            -73.93232,
            40.80454
          ],
          [
            -73.93232,
            40.80454
          ],
          [
            -73.93242,
            40.80441
          ],
          [
            -73.93263,
            40.80413
          ],
          [
            -73.93267,
            40.80407
          ],
          [
            -73.93277,
            40.80391
          ],
          [
            -73.9329,
            40.80367
          ],
          [
            -73.93304,
            40.80349
          ],
          [
            -73.93308,
            40.80343
          ],
          [
            -73.93314,
            40.80335
          ],
          [
            -73.93338,
            40.80303
          ],
          [
            -73.93348,
            40.80289
          ],
          [
            -73.93351,
            40.80285
          ],
          [
            -73.93358,
            40.80276
          ],
          [
            -73.93365,
            40.80267
          ],
          [
            -73.9338,
            40.80246
          ],
          [
            -73.93402,
            40.80217
          ],
          [
            -73.93408,
            40.80209
          ],
          [
            -73.93412,
            40.80203
          ],
          [
            -73.93417,
            40.80196
          ],
          [
            -73.93449,
            40.80151
          ],
          [
            -73.93453,
            40.80145
          ],
          [
            -73.93458,
            40.80138
          ],
          [
            -73.93487,
            40.80098
          ],
          [
            -73.93495,
            40.80088
          ],
          [
            -73.93499,
            40.80082
          ],
          [
            -73.93503,
            40.80077
          ],
          [
            -73.93529,
            40.80041
          ],
          [
            -73.9354,
            40.80026
          ],
          [
            -73.93545,
            40.8002
          ],
          [
            -73.93549,
            40.80014
          ],
          [
            -73.93577,
            40.79975
          ],
          [
            -73.93585,
            40.79964
          ],
          [
            -73.93591,
            40.79956
          ],
          [
            -73.93594,
            40.79951
          ],
          [
            -73.93632,
            40.799
          ],
          [
            -73.93636,
            40.79894
          ],
          [
            -73.9364,
            40.79889
          ],
          [
            -73.93665,
            40.79855
          ],
          [
            -73.93667,
            40.79852
          ],
          [
            -73.93678,
            40.79837
          ],
          [
            -73.93682,
            40.79831
          ],
          [
            -73.93686,
            40.79825
          ],
          [
            -73.93723,
            40.79774
          ],
          [
            -73.93728,
            40.79768
          ],
          [
            -73.93732,
            40.79763
          ],
          [
            -73.93745,
            40.79746
          ],
          [
            -73.93764,
            40.79719
          ],
          [
            -73.9377,
            40.79711
          ],
          [
            -73.93777,
            40.79702
          ],
          [
            -73.93784,
            40.79692
          ],
          [
            -73.93808,
            40.7966
          ],
          [
            -73.93824,
            40.79639
          ],
          [
            -73.93829,
            40.79631
          ],
          [
            -73.93829,
            40.79631
          ],
          [
            -73.93842,
            40.79636
          ],
          [
            -73.93894,
            40.79658
          ],
          [
            -73.93998,
            40.79702
          ],
          [
            -73.9404,
            40.7972
          ],
          [
            -73.94052,
            40.79727
          ],
          [
            -73.94052,
            40.79727
          ],
          [
            -73.94047,
            40.79733
          ],
          [
            -73.94011,
            40.79783
          ],
          [
            -73.94011,
            40.79783
          ],
          [
            -73.94011,
            40.79783
          ],
          [
            -73.94009,
            40.79786
          ],
          [
            -73.94003,
            40.79794
          ],
          [
            -73.93995,
            40.79804
          ],
          [
            -73.93956,
            40.79857
          ],
          [
            -73.93952,
            40.79863
          ],
          [
            -73.93948,
            40.79868
          ],
          [
            -73.9391,
            40.7992
          ],
          [
            -73.93906,
            40.79925
          ],
          [
            -73.93902,
            40.79931
          ],
          [
            -73.93865,
            40.79983
          ],
          [
            -73.93864,
            40.79983
          ],
          [
            -73.9386,
            40.79989
          ],
          [
            -73.93857,
            40.79994
          ],
          [
            -73.93856,
            40.79994
          ],
          [
            -73.93819,
            40.80046
          ],
          [
            -73.93816,
            40.8005
          ],
          [
            -73.93811,
            40.80056
          ],
          [
            -73.9381,
            40.80058
          ],
          [
            -73.93773,
            40.80109
          ],
          [
            -73.93769,
            40.80114
          ],
          [
            -73.93765,
            40.8012
          ],
          [
            -73.93727,
            40.80172
          ],
          [
            -73.93724,
            40.80177
          ],
          [
            -73.93719,
            40.80183
          ],
          [
            -73.93681,
            40.80234
          ],
          [
            -73.93677,
            40.8024
          ],
          [
            -73.93673,
            40.80246
          ],
          [
            -73.93635,
            40.80298
          ],
          [
            -73.93631,
            40.80303
          ],
          [
            -73.93627,
            40.80309
          ],
          [
            -73.93616,
            40.80324
          ],
          [
            -73.9359,
            40.80361
          ],
          [
            -73.93583,
            40.80371
          ],
          [
            -73.93583,
            40.80371
          ],
          [
            -73.93596,
            40.80376
          ],
          [
            -73.9363,
            40.80391
          ],
          [
            -73.93652,
            40.804
          ],
          [
            -73.93673,
            40.80409
          ],
          [
            -73.93685,
            40.80414
          ],
          [
            -73.93735,
            40.80435
          ],
          [
            -73.93743,
            40.80438
          ],
          [
            -73.93753,
            40.80442
          ],
          [
            -73.93788,
            40.80457
          ],
          [
            -73.93858,
            40.80487
          ],
          [
            -73.93885,
            40.80498
          ],
          [
            -73.93889,
            40.805
          ],
          [
            -73.93904,
            40.80506
          ],
          [
            -73.93918,
            40.80512
          ],
          [
            -73.93924,
            40.80515
          ],
          [
            -73.9397,
            40.80534
          ],
          [
            -73.94013,
            40.80552
          ],
          [
            -73.94027,
            40.80558
          ],
          [
            -73.94055,
            40.8057
          ],
          [
            -73.94064,
            40.80574
          ],
          [
            -73.94076,
            40.80579
          ],
          [
            -73.941,
            40.80589
          ],
          [
            -73.94183,
            40.80624
          ],
          [
            -73.94191,
            40.80627
          ],
          [
            -73.94217,
            40.80638
          ],
          [
            -73.94227,
            40.80642
          ],
          [
            -73.94237,
            40.80646
          ],
          [
            -73.9426,
            40.80656
          ],
          [
            -73.94269,
            40.8066
          ],
          [
            -73.94378,
            40.80706
          ],
          [
            -73.94383,
            40.80708
          ],
          [
            -73.94389,
            40.8071
          ],
          [
            -73.94425,
            40.80726
          ],
          [
            -73.94481,
            40.80749
          ],
          [
            -73.94533,
            40.80771
          ],
          [
            -73.94541,
            40.80775
          ],
          [
            -73.94557,
            40.80781
          ],
          [
            -73.94567,
            40.80785
          ],
          [
            -73.94686,
            40.80836
          ],
          [
            -73.94691,
            40.80838
          ],
          [
            -73.94696,
            40.8084
          ],
          [
            -73.94769,
            40.80871
          ],
          [
            -73.94801,
            40.80884
          ],
          [
            -73.94813,
            40.80889
          ],
          [
            -73.94825,
            40.80894
          ],
          [
            -73.9484,
            40.80901
          ],
          [
            -73.94853,
            40.80906
          ],
          [
            -73.94882,
            40.80918
          ],
          [
            -73.94882,
            40.80918
          ],
          [
            -73.94882,
            40.80918
          ],
          [
            -73.94973,
            40.80957
          ],
          [
            -73.94979,
            40.80959
          ],
          [
            -73.94987,
            40.80962
          ],
          [
            -73.95105,
            40.81012
          ],
          [
            -73.95118,
            40.81018
          ],
          [
            -73.95131,
            40.81023
          ],
          [
            -73.95163,
            40.81036
          ],
          [
            -73.95163,
            40.81036
          ],
          [
            -73.95163,
            40.81036
          ],
          [
            -73.95176,
            40.81042
          ],
          [
            -73.95188,
            40.81047
          ],
          [
            -73.95219,
            40.8106
          ],
          [
            -73.95246,
            40.81071
          ],
          [
            -73.95259,
            40.81077
          ],
          [
            -73.95273,
            40.81083
          ],
          [
            -73.95304,
            40.81096
          ],
          [
            -73.95304,
            40.81096
          ],
          [
            -73.95304,
            40.81096
          ],
          [
            -73.95317,
            40.81101
          ],
          [
            -73.95358,
            40.81118
          ],
          [
            -73.95389,
            40.81132
          ],
          [
            -73.95401,
            40.81137
          ],
          [
            -73.95414,
            40.81142
          ],
          [
            -73.95469,
            40.81166
          ],
          [
            -73.95475,
            40.81168
          ],
          [
            -73.9548,
            40.81171
          ],
          [
            -73.95483,
            40.81173
          ],
          [
            -73.95489,
            40.8118
          ],
          [
            -73.95497,
            40.81188
          ],
          [
            -73.955,
            40.81191
          ],
          [
            -73.955,
            40.81192
          ],
          [
            -73.95509,
            40.81201
          ],
          [
            -73.95522,
            40.81216
          ],
          [
            -73.95528,
            40.81223
          ],
          [
            -73.95574,
            40.81276
          ],
          [
            -73.95618,
            40.81328
          ],
          [
            -73.95627,
            40.81338
          ],
          [
            -73.95627,
            40.81338
          ],
          [
            -73.95618,
            40.8135
          ],
          [
            -73.9561,
            40.81362
          ],
          [
            -73.95597,
            40.81379
          ],
          [
            -73.95597,
            40.81379
          ],
          [
            -73.95597,
            40.81379
          ],
          [
            -73.95579,
            40.81402
          ],
          [
            -73.95576,
            40.81406
          ],
          [
            -73.9557,
            40.81414
          ],
          [
            -73.95565,
            40.81421
          ],
          [
            -73.95549,
            40.81442
          ],
          [
            -73.95544,
            40.81448
          ],
          [
            -73.9554,
            40.81454
          ],
          [
            -73.95524,
            40.81477
          ],
          [
            -73.95504,
            40.81506
          ],
          [
            -73.955,
            40.81511
          ],
          [
            -73.95495,
            40.81517
          ],
          [
            -73.95466,
            40.81558
          ],
          [
            -73.95458,
            40.81569
          ],
          [
            -73.95454,
            40.81574
          ],
          [
            -73.9545,
            40.81579
          ],
          [
            -73.95411,
            40.81631
          ],
          [
            -73.95408,
            40.81636
          ],
          [
            -73.95402,
            40.81643
          ],
          [
            -73.95382,
            40.81671
          ],
          [
            -73.95382,
            40.81671
          ],
          [
            -73.95382,
            40.81671
          ],
          [
            -73.95379,
            40.81676
          ],
          [
            -73.95322,
            40.81753
          ],
          [
            -73.95318,
            40.81759
          ],
          [
            -73.95312,
            40.81767
          ],
          [
            -73.95298,
            40.81787
          ],
          [
            -73.95298,
            40.81787
          ],
          [
            -73.95298,
            40.81787
          ],
          [
            -73.95295,
            40.81792
          ],
          [
            -73.95277,
            40.81817
          ],
          [
            -73.95272,
            40.81823
          ],
          [
            -73.95269,
            40.81827
          ],
          [
            -73.95244,
            40.81861
          ],
          [
            -73.95227,
            40.81886
          ],
          [
            -73.95226,
            40.81887
          ],
          [
            -73.95221,
            40.81893
          ],
          [
            -73.95217,
            40.81899
          ],
          [
            -73.95216,
            40.81901
          ],
          [
            -73.95178,
            40.81951
          ],
          [
            -73.95173,
            40.81957
          ],
          [
            -73.95168,
            40.81964
          ],
          [
            -73.9513,
            40.82016
          ],
          [
            -73.95087,
            40.82075
          ],
          [
            -73.95081,
            40.82082
          ],
          [
            -73.95078,
            40.82087
          ],
          [
            -73.95064,
            40.82107
          ],
          [
            -73.95064,
            40.82107
          ],
          [
            -73.95064,
            40.82107
          ],
          [
            -73.9504,
            40.82139
          ],
          [
            -73.95036,
            40.82144
          ],
          [
            -73.95032,
            40.82151
          ],
          [
            -73.94995,
            40.82201
          ],
          [
            -73.94991,
            40.82206
          ],
          [
            -73.94986,
            40.82213
          ],
          [
            -73.9495,
            40.82263
          ],
          [
            -73.94946,
            40.82268
          ],
          [
            -73.94941,
            40.82275
          ],
          [
            -73.94904,
            40.82326
          ],
          [
            -73.94899,
            40.82332
          ],
          [
            -73.94895,
            40.82337
          ],
          [
            -73.94858,
            40.82389
          ],
          [
            -73.94854,
            40.82394
          ],
          [
            -73.9485,
            40.82399
          ],
          [
            -73.94812,
            40.82451
          ],
          [
            -73.94809,
            40.82455
          ],
          [
            -73.94804,
            40.82462
          ],
          [
            -73.94767,
            40.82514
          ],
          [
            -73.9476,
            40.82524
          ],
          [
            -73.94752,
            40.82534
          ],
          [
            -73.94714,
            40.82585
          ],
          [
            -73.94711,
            40.8259
          ],
          [
            -73.94706,
            40.82596
          ],
          [
            -73.94669,
            40.82648
          ],
          [
            -73.94665,
            40.82653
          ],
          [
            -73.94661,
            40.82659
          ],
          [
            -73.94623,
            40.8271
          ],
          [
            -73.94619,
            40.82715
          ],
          [
            -73.94615,
            40.82721
          ],
          [
            -73.94577,
            40.82773
          ],
          [
            -73.94573,
            40.82778
          ],
          [
            -73.94569,
            40.82784
          ],
          [
            -73.94532,
            40.82835
          ],
          [
            -73.94528,
            40.8284
          ],
          [
            -73.94524,
            40.82846
          ],
          [
            -73.94511,
            40.82863
          ],
          [
            -73.94509,
            40.82866
          ],
          [
            -73.945,
            40.82878
          ],
          [
            -73.94487,
            40.82897
          ],
          [
            -73.94483,
            40.82902
          ],
          [
            -73.9448,
            40.82906
          ],
          [
            -73.94441,
            40.82959
          ],
          [
            -73.94437,
            40.82964
          ],
          [
            -73.94433,
            40.8297
          ],
          [
            -73.94416,
            40.82993
          ],
          [
            -73.94416,
            40.82993
          ],
          [
            -73.94416,
            40.82993
          ],
          [
            -73.94409,
            40.83003
          ],
          [
            -73.94396,
            40.83021
          ],
          [
            -73.94391,
            40.83027
          ],
          [
            -73.94388,
            40.83032
          ],
          [
            -73.9435,
            40.83084
          ],
          [
            -73.94346,
            40.83089
          ],
          [
            -73.94342,
            40.83095
          ],
          [
            -73.94305,
            40.83146
          ],
          [
            -73.94297,
            40.83157
          ],
          [
            -73.9429,
            40.83166
          ],
          [
            -73.94287,
            40.8317
          ],
          [
            -73.94287,
            40.8317
          ],
          [
            -73.94287,
            40.8317
          ],
          [
            -73.94252,
            40.83218
          ],
          [
            -73.94248,
            40.83223
          ],
          [
            -73.94244,
            40.83229
          ],
          [
            -73.94206,
            40.83281
          ],
          [
            -73.94201,
            40.83288
          ],
          [
            -73.94198,
            40.83292
          ],
          [
            -73.94161,
            40.83343
          ],
          [
            -73.94157,
            40.83348
          ],
          [
            -73.94152,
            40.83355
          ],
          [
            -73.94144,
            40.83366
          ],
          [
            -73.94144,
            40.83366
          ],
          [
            -73.94144,
            40.83366
          ],
          [
            -73.94115,
            40.83406
          ],
          [
            -73.94111,
            40.83411
          ],
          [
            -73.94106,
            40.83417
          ],
          [
            -73.94069,
            40.83467
          ],
          [
            -73.94065,
            40.83473
          ],
          [
            -73.94061,
            40.83479
          ],
          [
            -73.94024,
            40.8353
          ],
          [
            -73.9402,
            40.83536
          ],
          [
            -73.94016,
            40.83542
          ],
          [
            -73.94006,
            40.83556
          ],
          [
            -73.93993,
            40.83576
          ],
          [
            -73.93988,
            40.83582
          ],
          [
            -73.93984,
            40.83589
          ],
          [
            -73.93981,
            40.83593
          ],
          [
            -73.93971,
            40.83607
          ],
          [
            -73.93956,
            40.83628
          ],
          [
            -73.93939,
            40.83651
          ],
          [
            -73.93934,
            40.83658
          ],
          [
            -73.93929,
            40.83664
          ],
          [
            -73.93889,
            40.83719
          ],
          [
            -73.93886,
            40.83724
          ],
          [
            -73.93881,
            40.8373
          ],
          [
            -73.93866,
            40.8375
          ],
          [
            -73.93866,
            40.8375
          ],
          [
            -73.93866,
            40.8375
          ],
          [
            -73.93862,
            40.83755
          ],
          [
            -73.9384,
            40.83782
          ],
          [
            -73.93835,
            40.83788
          ],
          [
            -73.93827,
            40.838
          ],
          [
            -73.93818,
            40.83812
          ],
          [
            -73.93805,
            40.8383
          ],
          [
            -73.93791,
            40.83849
          ],
          [
            -73.93783,
            40.83861
          ],
          [
            -73.93777,
            40.83868
          ],
          [
            -73.93775,
            40.83871
          ],
          [
            -73.93773,
            40.83874
          ],
          [
            -73.93756,
            40.83899
          ],
          [
            -73.93753,
            40.83902
          ],
          [
            -73.93739,
            40.83922
          ],
          [
            -73.93736,
            40.83927
          ],
          [
            -73.93735,
            40.83928
          ],
          [
            -73.93734,
            40.8393
          ],
          [
            -73.93721,
            40.83946
          ],
          [
            -73.93717,
            40.83951
          ],
          [
            -73.93696,
            40.8398
          ],
          [
            -73.93691,
            40.83986
          ],
          [
            -73.93685,
            40.83994
          ],
          [
            -73.93678,
            40.84003
          ],
          [
            -73.93667,
            40.84019
          ],
          [
            -73.9365,
            40.84042
          ],
          [
            -73.93646,
            40.84048
          ],
          [
            -73.93642,
            40.84053
          ],
          [
            -73.93631,
            40.84068
          ],
          [
            -73.93608,
            40.84099
          ],
          [
            -73.93604,
            40.84106
          ],
          [
            -73.93601,
            40.84109
          ],
          [
            -73.93598,
            40.84114
          ],
          [
            -73.9358,
            40.84138
          ],
          [
            -73.93565,
            40.84158
          ],
          [
            -73.9356,
            40.84165
          ],
          [
            -73.93557,
            40.8417
          ],
          [
            -73.93553,
            40.84175
          ],
          [
            -73.93538,
            40.84195
          ],
          [
            -73.93516,
            40.84225
          ],
          [
            -73.93512,
            40.8423
          ],
          [
            -73.93509,
            40.84235
          ],
          [
            -73.93503,
            40.84244
          ],
          [
            -73.93488,
            40.84265
          ],
          [
            -73.93473,
            40.84288
          ],
          [
            -73.93468,
            40.84294
          ],
          [
            -73.93462,
            40.84302
          ],
          [
            -73.93442,
            40.8433
          ],
          [
            -73.93425,
            40.84352
          ],
          [
            -73.93421,
            40.84358
          ],
          [
            -73.93416,
            40.84365
          ],
          [
            -73.93398,
            40.84389
          ],
          [
            -73.9338,
            40.84414
          ],
          [
            -73.93372,
            40.84425
          ],
          [
            -73.93365,
            40.84435
          ],
          [
            -73.93328,
            40.84486
          ],
          [
            -73.93324,
            40.84491
          ],
          [
            -73.9332,
            40.84496
          ],
          [
            -73.93284,
            40.84546
          ],
          [
            -73.93283,
            40.84548
          ],
          [
            -73.93278,
            40.84554
          ],
          [
            -73.93275,
            40.84559
          ],
          [
            -73.93238,
            40.84609
          ],
          [
            -73.93233,
            40.84616
          ],
          [
            -73.93228,
            40.84623
          ],
          [
            -73.93208,
            40.8465
          ],
          [
            -73.93189,
            40.84675
          ],
          [
            -73.93185,
            40.84681
          ],
          [
            -73.93181,
            40.84687
          ],
          [
            -73.93162,
            40.84713
          ],
          [
            -73.93144,
            40.84738
          ],
          [
            -73.9314,
            40.84743
          ],
          [
            -73.93135,
            40.84749
          ],
          [
            -73.93117,
            40.84774
          ],
          [
            -73.93117,
            40.84775
          ],
          [
            -73.93111,
            40.84782
          ],
          [
            -73.93096,
            40.84803
          ],
          [
            -73.93088,
            40.84814
          ],
          [
            -73.93082,
            40.84822
          ],
          [
            -73.93079,
            40.84825
          ],
          [
            -73.9307,
            40.84839
          ],
          [
            -73.93062,
            40.8485
          ],
          [
            -73.93051,
            40.84864
          ],
          [
            -73.93047,
            40.8487
          ],
          [
            -73.93043,
            40.84876
          ],
          [
            -73.9304,
            40.8488
          ],
          [
            -73.93031,
            40.84892
          ],
          [
            -73.93008,
            40.84923
          ],
          [
            -73.93004,
            40.84929
          ],
          [
            -73.93002,
            40.84932
          ],
          [
            -73.92996,
            40.84939
          ],
          [
            -73.92976,
            40.84966
          ],
          [
            -73.92974,
            40.84971
          ],
          [
            -73.92971,
            40.84975
          ],
          [
            -73.92968,
            40.84983
          ],
          [
            -73.92968,
            40.84983
          ],
          [
            -73.92968,
            40.84983
          ],
          [
            -73.92964,
            40.84992
          ],
          [
            -73.92962,
            40.84995
          ],
          [
            -73.9296,
            40.84998
          ],
          [
            -73.92925,
            40.85045
          ],
          [
            -73.9292,
            40.85053
          ],
          [
            -73.92916,
            40.85057
          ],
          [
            -73.9289,
            40.85093
          ],
          [
            -73.92871,
            40.85113
          ],
          [
            -73.92865,
            40.85119
          ],
          [
            -73.92862,
            40.85124
          ],
          [
            -73.92841,
            40.85152
          ],
          [
            -73.92825,
            40.85174
          ],
          [
            -73.92821,
            40.8518
          ],
          [
            -73.92816,
            40.85187
          ],
          [
            -73.92811,
            40.85193
          ],
          [
            -73.92774,
            40.85243
          ],
          [
            -73.9277,
            40.8525
          ],
          [
            -73.92766,
            40.85255
          ],
          [
            -73.92749,
            40.85278
          ],
          [
            -73.92739,
            40.85292
          ],
          [
            -73.92728,
            40.85306
          ],
          [
            -73.92724,
            40.85312
          ],
          [
            -73.9272,
            40.85317
          ],
          [
            -73.92686,
            40.85364
          ],
          [
            -73.92681,
            40.85372
          ],
          [
            -73.92675,
            40.8538
          ],
          [
            -73.92663,
            40.85396
          ],
          [
            -73.92663,
            40.85396
          ],
          [
            -73.92663,
            40.85396
          ],
          [
            -73.92591,
            40.85494
          ],
          [
            -73.92514,
            40.85597
          ],
          [
            -73.92486,
            40.85637
          ],
          [
            -73.92486,
            40.85637
          ],
          [
            -73.92474,
            40.85657
          ],
          [
            -73.92465,
            40.85678
          ],
          [
            -73.92463,
            40.85697
          ],
          [
            -73.92465,
            40.85716
          ],
          [
            -73.9247,
            40.85731
          ],
          [
            -73.92477,
            40.85745
          ],
          [
            -73.92484,
            40.8576
          ],
          [
            -73.92493,
            40.85776
          ],
          [
            -73.92497,
            40.85782
          ],
          [
            -73.92503,
            40.8579
          ],
          [
            -73.92508,
            40.85796
          ],
          [
            -73.9252,
            40.85807
          ],
          [
            -73.92531,
            40.85812
          ],
          [
            -73.9254,
            40.85816
          ],
          [
            -73.92546,
            40.85818
          ],
          [
            -73.92552,
            40.8582
          ],
          [
            -73.92561,
            40.85822
          ],
          [
            -73.92571,
            40.85823
          ],
          [
            -73.92587,
            40.85824
          ],
          [
            -73.92602,
            40.85822
          ],
          [
            -73.92609,
            40.8582
          ],
          [
            -73.92616,
            40.85819
          ],
          [
            -73.92619,
            40.85818
          ],
          [
            -73.92625,
            40.85816
          ],
          [
            -73.92636,
            40.8581
          ],
          [
            -73.92647,
            40.85803
          ],
          [
            -73.9265,
            40.858
          ],
          [
            -73.9265,
            40.858
          ]
        ]
      }
    },
    {
      "type": "Feature",
      "properties": {
        "route_id": "M101-N-Night",
        "layer": "T2 Original"
      },
      "geometry": {
        "type": "LineString",
        "coordinates": [
          [
            -73.98929,
            40.73041
          ],
          [
            -73.98916,
            40.73059
          ],
          [
            -73.98913,
            40.73063
          ],
          [
            -73.9891,
            40.73067
          ],
          [
            -73.98906,
            40.73073
          ],
          [
            -73.98902,
            40.73078
          ],
          [
            -73.98899,
            40.73083
          ],
          [
            -73.9887,
            40.73123
          ],
          [
            -73.98866,
            40.73127
          ],
          [
            -73.98862,
            40.73133
          ],
          [
            -73.98858,
            40.73139
          ],
          [
            -73.98854,
            40.73143
          ],
          [
            -73.98823,
            40.73187
          ],
          [
            -73.9882,
            40.73191
          ],
          [
            -73.98816,
            40.73197
          ],
          [
            -73.98812,
            40.73202
          ],
          [
            -73.98808,
            40.73207
          ],
          [
            -73.98776,
            40.73251
          ],
          [
            -73.98773,
            40.73255
          ],
          [
            -73.98768,
            40.73262
          ],
          [
            -73.98765,
            40.73267
          ],
          [
            -73.98761,
            40.73271
          ],
          [
            -73.98745,
            40.73294
          ],
          [
            -73.98729,
            40.73315
          ],
          [
            -73.98725,
            40.7332
          ],
          [
            -73.98719,
            40.7333
          ],
          [
            -73.98712,
            40.73339
          ],
          [
            -73.98708,
            40.73344
          ],
          [
            -73.98697,
            40.7336
          ],
          [
            -73.98686,
            40.73375
          ],
          [
            -73.98676,
            40.73388
          ],
          [
            -73.98673,
            40.73393
          ],
          [
            -73.98669,
            40.73398
          ],
          [
            -73.98664,
            40.73404
          ],
          [
            -73.98662,
            40.73409
          ],
          [
            -73.98629,
            40.73453
          ],
          [
            -73.98626,
            40.73457
          ],
          [
            -73.98622,
            40.73462
          ],
          [
            -73.98618,
            40.73468
          ],
          [
            -73.98615,
            40.73472
          ],
          [
            -73.98586,
            40.73512
          ],
          [
            -73.98584,
            40.73516
          ],
          [
            -73.98579,
            40.73521
          ],
          [
            -73.98575,
            40.73527
          ],
          [
            -73.98573,
            40.73531
          ],
          [
            -73.98544,
            40.7357
          ],
          [
            -73.98541,
            40.73574
          ],
          [
            -73.98537,
            40.7358
          ],
          [
            -73.98533,
            40.73586
          ],
          [
            -73.98529,
            40.7359
          ],
          [
            -73.98502,
            40.73628
          ],
          [
            -73.98499,
            40.73632
          ],
          [
            -73.98494,
            40.73638
          ],
          [
            -73.9849,
            40.73644
          ],
          [
            -73.98487,
            40.73648
          ],
          [
            -73.98459,
            40.73687
          ],
          [
            -73.98455,
            40.73691
          ],
          [
            -73.98451,
            40.73697
          ],
          [
            -73.98447,
            40.73703
          ],
          [
            -73.98444,
            40.73707
          ],
          [
            -73.98416,
            40.73745
          ],
          [
            -73.98413,
            40.7375
          ],
          [
            -73.98408,
            40.73756
          ],
          [
            -73.98405,
            40.73761
          ],
          [
            -73.98401,
            40.73766
          ],
          [
            -73.98371,
            40.73808
          ],
          [
            -73.98368,
            40.73811
          ],
          [
            -73.98364,
            40.73817
          ],
          [
            -73.9836,
            40.73822
          ],
          [
            -73.98357,
            40.73827
          ],
          [
            -73.98326,
            40.73869
          ],
          [
            -73.98323,
            40.73874
          ],
          [
            -73.98315,
            40.73884
          ],
          [
            -73.98308,
            40.73894
          ],
          [
            -73.98304,
            40.73899
          ],
          [
            -73.98274,
            40.7394
          ],
          [
            -73.98271,
            40.73945
          ],
          [
            -73.98267,
            40.7395
          ],
          [
            -73.98262,
            40.73956
          ],
          [
            -73.98229,
            40.74003
          ],
          [
            -73.98226,
            40.74007
          ],
          [
            -73.98222,
            40.74013
          ],
          [
            -73.98218,
            40.74017
          ],
          [
            -73.98184,
            40.74065
          ],
          [
            -73.98181,
            40.74069
          ],
          [
            -73.98177,
            40.74075
          ],
          [
            -73.98173,
            40.7408
          ],
          [
            -73.98139,
            40.74126
          ],
          [
            -73.98136,
            40.74131
          ],
          [
            -73.98132,
            40.74136
          ],
          [
            -73.98128,
            40.74142
          ],
          [
            -73.98095,
            40.74188
          ],
          [
            -73.98091,
            40.74192
          ],
          [
            -73.98087,
            40.74198
          ],
          [
            -73.98083,
            40.74204
          ],
          [
            -73.9805,
            40.74249
          ],
          [
            -73.98046,
            40.74254
          ],
          [
            -73.98042,
            40.7426
          ],
          [
            -73.98038,
            40.74266
          ],
          [
            -73.98005,
            40.74311
          ],
          [
            -73.98001,
            40.74315
          ],
          [
            -73.97997,
            40.74322
          ],
          [
            -73.97993,
            40.74327
          ],
          [
            -73.97959,
            40.74373
          ],
          [
            -73.97956,
            40.74377
          ],
          [
            -73.97952,
            40.74383
          ],
          [
            -73.97948,
            40.74389
          ],
          [
            -73.97914,
            40.74436
          ],
          [
            -73.97911,
            40.74439
          ],
          [
            -73.97907,
            40.74445
          ],
          [
            -73.97902,
            40.74451
          ],
          [
            -73.97869,
            40.74497
          ],
          [
            -73.97867,
            40.74499
          ],
          [
            -73.97867,
            40.74499
          ],
          [
            -73.97867,
            40.74499
          ],
          [
            -73.97866,
            40.74501
          ],
          [
            -73.97862,
            40.74507
          ],
          [
            -73.97858,
            40.74512
          ],
          [
            -73.97841,
            40.74535
          ],
          [
            -73.97823,
            40.74561
          ],
          [
            -73.9782,
            40.74565
          ],
          [
            -73.97813,
            40.74574
          ],
          [
            -73.97806,
            40.74583
          ],
          [
            -73.97772,
            40.7463
          ],
          [
            -73.97769,
            40.74634
          ],
          [
            -73.97765,
            40.7464
          ],
          [
            -73.97761,
            40.74646
          ],
          [
            -73.97726,
            40.74692
          ],
          [
            -73.97723,
            40.74696
          ],
          [
            -73.97719,
            40.74701
          ],
          [
            -73.97715,
            40.74707
          ],
          [
            -73.97683,
            40.74754
          ],
          [
            -73.9768,
            40.74758
          ],
          [
            -73.97676,
            40.74764
          ],
          [
            -73.97672,
            40.7477
          ],
          [
            -73.97648,
            40.74803
          ],
          [
            -73.97638,
            40.74817
          ],
          [
            -73.97635,
            40.7482
          ],
          [
            -73.97632,
            40.74825
          ],
          [
            -73.97627,
            40.74831
          ],
          [
            -73.97626,
            40.74833
          ],
          [
            -73.97592,
            40.74879
          ],
          [
            -73.9759,
            40.74882
          ],
          [
            -73.97585,
            40.74889
          ],
          [
            -73.97581,
            40.74894
          ],
          [
            -73.9758,
            40.74896
          ],
          [
            -73.97567,
            40.74914
          ],
          [
            -73.97567,
            40.74914
          ],
          [
            -73.97567,
            40.74914
          ],
          [
            -73.97548,
            40.74939
          ],
          [
            -73.97545,
            40.74944
          ],
          [
            -73.9754,
            40.7495
          ],
          [
            -73.97537,
            40.74955
          ],
          [
            -73.97534,
            40.74958
          ],
          [
            -73.97524,
            40.74972
          ],
          [
            -73.97503,
            40.75001
          ],
          [
            -73.975,
            40.75005
          ],
          [
            -73.97495,
            40.75012
          ],
          [
            -73.97491,
            40.75017
          ],
          [
            -73.9749,
            40.7502
          ],
          [
            -73.97478,
            40.75035
          ],
          [
            -73.97457,
            40.75063
          ],
          [
            -73.97454,
            40.75068
          ],
          [
            -73.97447,
            40.75077
          ],
          [
            -73.9744,
            40.75088
          ],
          [
            -73.97422,
            40.75113
          ],
          [
            -73.97422,
            40.75113
          ],
          [
            -73.97422,
            40.75113
          ],
          [
            -73.97417,
            40.75118
          ],
          [
            -73.97402,
            40.75139
          ],
          [
            -73.97397,
            40.75146
          ],
          [
            -73.97393,
            40.75151
          ],
          [
            -73.97357,
            40.75202
          ],
          [
            -73.97352,
            40.75208
          ],
          [
            -73.97348,
            40.75213
          ],
          [
            -73.97337,
            40.75229
          ],
          [
            -73.97311,
            40.75264
          ],
          [
            -73.97306,
            40.7527
          ],
          [
            -73.97302,
            40.75276
          ],
          [
            -73.97265,
            40.75327
          ],
          [
            -73.9726,
            40.75333
          ],
          [
            -73.97256,
            40.75339
          ],
          [
            -73.97219,
            40.7539
          ],
          [
            -73.97215,
            40.75395
          ],
          [
            -73.97211,
            40.75402
          ],
          [
            -73.97191,
            40.75429
          ],
          [
            -73.97174,
            40.75452
          ],
          [
            -73.97169,
            40.75458
          ],
          [
            -73.97164,
            40.75465
          ],
          [
            -73.97146,
            40.7549
          ],
          [
            -73.97128,
            40.75515
          ],
          [
            -73.97124,
            40.75521
          ],
          [
            -73.97119,
            40.75526
          ],
          [
            -73.97082,
            40.75578
          ],
          [
            -73.97078,
            40.75583
          ],
          [
            -73.97073,
            40.7559
          ],
          [
            -73.97058,
            40.7561
          ],
          [
            -73.97037,
            40.75639
          ],
          [
            -73.97032,
            40.75646
          ],
          [
            -73.97019,
            40.75664
          ],
          [
            -73.9699,
            40.75703
          ],
          [
            -73.96985,
            40.7571
          ],
          [
            -73.96982,
            40.75714
          ],
          [
            -73.96945,
            40.75765
          ],
          [
            -73.96941,
            40.75771
          ],
          [
            -73.96936,
            40.75777
          ],
          [
            -73.969,
            40.75827
          ],
          [
            -73.96895,
            40.75834
          ],
          [
            -73.96891,
            40.7584
          ],
          [
            -73.96854,
            40.75889
          ],
          [
            -73.96849,
            40.75896
          ],
          [
            -73.96849,
            40.75896
          ],
          [
            -73.96843,
            40.75901
          ],
          [
            -73.96824,
            40.7592
          ],
          [
            -73.96823,
            40.75921
          ],
          [
            -73.968,
            40.75949
          ],
          [
            -73.96795,
            40.75955
          ],
          [
            -73.96791,
            40.75961
          ],
          [
            -73.96753,
            40.76013
          ],
          [
            -73.96752,
            40.76014
          ],
          [
            -73.96752,
            40.76014
          ],
          [
            -73.96752,
            40.76014
          ],
          [
            -73.96745,
            40.76022
          ],
          [
            -73.96739,
            40.76032
          ],
          [
            -73.96722,
            40.76055
          ],
          [
            -73.9671,
            40.76071
          ],
          [
            -73.96706,
            40.76086
          ],
          [
            -73.96704,
            40.76094
          ],
          [
            -73.967,
            40.76099
          ],
          [
            -73.96677,
            40.7613
          ],
          [
            -73.96663,
            40.7615
          ],
          [
            -73.96659,
            40.76156
          ],
          [
            -73.96655,
            40.76162
          ],
          [
            -73.96617,
            40.76213
          ],
          [
            -73.96613,
            40.7622
          ],
          [
            -73.96609,
            40.76224
          ],
          [
            -73.96599,
            40.76239
          ],
          [
            -73.96584,
            40.76258
          ],
          [
            -73.96575,
            40.7627
          ],
          [
            -73.96571,
            40.76275
          ],
          [
            -73.96567,
            40.76281
          ],
          [
            -73.96563,
            40.76287
          ],
          [
            -73.96526,
            40.76337
          ],
          [
            -73.96521,
            40.76343
          ],
          [
            -73.96517,
            40.76349
          ],
          [
            -73.9648,
            40.764
          ],
          [
            -73.96476,
            40.76406
          ],
          [
            -73.96471,
            40.76412
          ],
          [
            -73.96434,
            40.76463
          ],
          [
            -73.9643,
            40.76468
          ],
          [
            -73.96426,
            40.76474
          ],
          [
            -73.96388,
            40.76525
          ],
          [
            -73.96384,
            40.76531
          ],
          [
            -73.9638,
            40.76537
          ],
          [
            -73.96377,
            40.76541
          ],
          [
            -73.96348,
            40.76581
          ],
          [
            -73.96345,
            40.76585
          ],
          [
            -73.96343,
            40.76588
          ],
          [
            -73.96339,
            40.76594
          ],
          [
            -73.96335,
            40.76599
          ],
          [
            -73.96297,
            40.76651
          ],
          [
            -73.96293,
            40.76656
          ],
          [
            -73.96289,
            40.76661
          ],
          [
            -73.96251,
            40.76713
          ],
          [
            -73.96247,
            40.76719
          ],
          [
            -73.96243,
            40.76725
          ],
          [
            -73.96235,
            40.76735
          ],
          [
            -73.96206,
            40.76776
          ],
          [
            -73.96202,
            40.76781
          ],
          [
            -73.96197,
            40.76788
          ],
          [
            -73.96161,
            40.76839
          ],
          [
            -73.96158,
            40.76844
          ],
          [
            -73.96153,
            40.7685
          ],
          [
            -73.96116,
            40.76901
          ],
          [
            -73.96111,
            40.76908
          ],
          [
            -73.96108,
            40.76912
          ],
          [
            -73.96098,
            40.76925
          ],
          [
            -73.96067,
            40.76966
          ],
          [
            -73.9606,
            40.76975
          ],
          [
            -73.96053,
            40.76985
          ],
          [
            -73.96015,
            40.77038
          ],
          [
            -73.9601,
            40.77043
          ],
          [
            -73.96006,
            40.77049
          ],
          [
            -73.95969,
            40.77102
          ],
          [
            -73.95965,
            40.77107
          ],
          [
            -73.95961,
            40.77113
          ],
          [
            -73.95951,
            40.77126
          ],
          [
            -73.95922,
            40.77164
          ],
          [
            -73.9592,
            40.77167
          ],
          [
            -73.95918,
            40.7717
          ],
          [
            -73.95914,
            40.77175
          ],
          [
            -73.95903,
            40.7719
          ],
          [
            -73.95876,
            40.77228
          ],
          [
            -73.95871,
            40.77234
          ],
          [
            -73.95868,
            40.77239
          ],
          [
            -73.9583,
            40.77292
          ],
          [
            -73.95826,
            40.77298
          ],
          [
            -73.95822,
            40.77303
          ],
          [
            -73.95784,
            40.77356
          ],
          [
            -73.9578,
            40.7736
          ],
          [
            -73.95776,
            40.77366
          ],
          [
            -73.95765,
            40.77381
          ],
          [
            -73.95736,
            40.7742
          ],
          [
            -73.95729,
            40.77429
          ],
          [
            -73.95722,
            40.77438
          ],
          [
            -73.95684,
            40.77491
          ],
          [
            -73.9568,
            40.77497
          ],
          [
            -73.95675,
            40.77503
          ],
          [
            -73.95637,
            40.77555
          ],
          [
            -73.95634,
            40.77559
          ],
          [
            -73.95629,
            40.77566
          ],
          [
            -73.95591,
            40.77618
          ],
          [
            -73.95587,
            40.77624
          ],
          [
            -73.95582,
            40.7763
          ],
          [
            -73.95545,
            40.77682
          ],
          [
            -73.95541,
            40.77687
          ],
          [
            -73.95537,
            40.77693
          ],
          [
            -73.95498,
            40.77745
          ],
          [
            -73.95494,
            40.77751
          ],
          [
            -73.95489,
            40.77757
          ],
          [
            -73.95452,
            40.77809
          ],
          [
            -73.95448,
            40.77814
          ],
          [
            -73.95443,
            40.7782
          ],
          [
            -73.95427,
            40.77842
          ],
          [
            -73.95405,
            40.77873
          ],
          [
            -73.95398,
            40.77883
          ],
          [
            -73.95391,
            40.77892
          ],
          [
            -73.95381,
            40.77906
          ],
          [
            -73.95353,
            40.77944
          ],
          [
            -73.95349,
            40.7795
          ],
          [
            -73.95344,
            40.77956
          ],
          [
            -73.95307,
            40.78007
          ],
          [
            -73.95303,
            40.78013
          ],
          [
            -73.95299,
            40.78018
          ],
          [
            -73.95261,
            40.7807
          ],
          [
            -73.95257,
            40.78075
          ],
          [
            -73.95253,
            40.78081
          ],
          [
            -73.95215,
            40.78133
          ],
          [
            -73.95212,
            40.78138
          ],
          [
            -73.95207,
            40.78144
          ],
          [
            -73.95169,
            40.78196
          ],
          [
            -73.95165,
            40.78201
          ],
          [
            -73.95161,
            40.78207
          ],
          [
            -73.95157,
            40.78213
          ],
          [
            -73.95157,
            40.78213
          ],
          [
            -73.95157,
            40.78213
          ],
          [
            -73.95145,
            40.78229
          ],
          [
            -73.95123,
            40.78258
          ],
          [
            -73.9512,
            40.78263
          ],
          [
            -73.95115,
            40.78269
          ],
          [
            -73.95079,
            40.78321
          ],
          [
            -73.95075,
            40.78327
          ],
          [
            -73.95071,
            40.78333
          ],
          [
            -73.95034,
            40.78385
          ],
          [
            -73.9503,
            40.78391
          ],
          [
            -73.95026,
            40.78396
          ],
          [
            -73.94987,
            40.78448
          ],
          [
            -73.94984,
            40.78453
          ],
          [
            -73.94979,
            40.78458
          ],
          [
            -73.9494,
            40.78511
          ],
          [
            -73.94933,
            40.7852
          ],
          [
            -73.94925,
            40.7853
          ],
          [
            -73.94888,
            40.78582
          ],
          [
            -73.94883,
            40.78589
          ],
          [
            -73.94878,
            40.78596
          ],
          [
            -73.94844,
            40.78644
          ],
          [
            -73.94839,
            40.7865
          ],
          [
            -73.94834,
            40.78656
          ],
          [
            -73.94802,
            40.787
          ],
          [
            -73.94797,
            40.78706
          ],
          [
            -73.94792,
            40.78712
          ],
          [
            -73.94787,
            40.78719
          ],
          [
            -73.94772,
            40.7874
          ],
          [
            -73.9475,
            40.7877
          ],
          [
            -73.94746,
            40.78775
          ],
          [
            -73.94742,
            40.78781
          ],
          [
            -73.94709,
            40.78826
          ],
          [
            -73.94704,
            40.78833
          ],
          [
            -73.947,
            40.78839
          ],
          [
            -73.94696,
            40.78845
          ],
          [
            -73.9466,
            40.78893
          ],
          [
            -73.94655,
            40.789
          ],
          [
            -73.9465,
            40.78907
          ],
          [
            -73.94634,
            40.78929
          ],
          [
            -73.94634,
            40.78929
          ],
          [
            -73.94634,
            40.78929
          ],
          [
            -73.94612,
            40.78959
          ],
          [
            -73.94609,
            40.78964
          ],
          [
            -73.94604,
            40.78971
          ],
          [
            -73.94568,
            40.79019
          ],
          [
            -73.94564,
            40.79025
          ],
          [
            -73.94558,
            40.79033
          ],
          [
            -73.94521,
            40.79085
          ],
          [
            -73.94517,
            40.79089
          ],
          [
            -73.94513,
            40.79095
          ],
          [
            -73.94475,
            40.79147
          ],
          [
            -73.94468,
            40.79157
          ],
          [
            -73.94461,
            40.79167
          ],
          [
            -73.94443,
            40.79192
          ],
          [
            -73.94443,
            40.79192
          ],
          [
            -73.94443,
            40.79192
          ],
          [
            -73.94422,
            40.7922
          ],
          [
            -73.94418,
            40.79225
          ],
          [
            -73.94414,
            40.79231
          ],
          [
            -73.94383,
            40.79272
          ],
          [
            -73.94376,
            40.79282
          ],
          [
            -73.94372,
            40.79288
          ],
          [
            -73.94369,
            40.79292
          ],
          [
            -73.94332,
            40.79343
          ],
          [
            -73.94327,
            40.7935
          ],
          [
            -73.94322,
            40.79356
          ],
          [
            -73.94306,
            40.79378
          ],
          [
            -73.94284,
            40.79409
          ],
          [
            -73.94281,
            40.79413
          ],
          [
            -73.94276,
            40.79419
          ],
          [
            -73.94239,
            40.79471
          ],
          [
            -73.94235,
            40.79476
          ],
          [
            -73.9423,
            40.79482
          ],
          [
            -73.94193,
            40.79534
          ],
          [
            -73.94188,
            40.79541
          ],
          [
            -73.94182,
            40.79548
          ],
          [
            -73.94145,
            40.79598
          ],
          [
            -73.94137,
            40.7961
          ],
          [
            -73.9412,
            40.79634
          ],
          [
            -73.94098,
            40.79663
          ],
          [
            -73.94057,
            40.7972
          ],
          [
            -73.94052,
            40.79727
          ],
          [
            -73.94047,
            40.79733
          ],
          [
            -73.94011,
            40.79783
          ],
          [
            -73.94011,
            40.79783
          ],
          [
            -73.94011,
            40.79783
          ],
          [
            -73.94009,
            40.79786
          ],
          [
            -73.94003,
            40.79794
          ],
          [
            -73.93995,
            40.79804
          ],
          [
            -73.93956,
            40.79857
          ],
          [
            -73.93952,
            40.79863
          ],
          [
            -73.93948,
            40.79868
          ],
          [
            -73.9391,
            40.7992
          ],
          [
            -73.93906,
            40.79925
          ],
          [
            -73.93902,
            40.79931
          ],
          [
            -73.9388,
            40.79961
          ],
          [
            -73.9388,
            40.79961
          ],
          [
            -73.9388,
            40.79961
          ],
          [
            -73.93865,
            40.79983
          ],
          [
            -73.93864,
            40.79983
          ],
          [
            -73.9386,
            40.79989
          ],
          [
            -73.93857,
            40.79994
          ],
          [
            -73.93856,
            40.79994
          ],
          [
            -73.93819,
            40.80046
          ],
          [
            -73.93816,
            40.8005
          ],
          [
            -73.93811,
            40.80056
          ],
          [
            -73.9381,
            40.80058
          ],
          [
            -73.93776,
            40.80106
          ],
          [
            -73.93776,
            40.80106
          ],
          [
            -73.93776,
            40.80106
          ],
          [
            -73.93773,
            40.80109
          ],
          [
            -73.93769,
            40.80114
          ],
          [
            -73.93765,
            40.8012
          ],
          [
            -73.93727,
            40.80172
          ],
          [
            -73.93724,
            40.80177
          ],
          [
            -73.93719,
            40.80183
          ],
          [
            -73.93681,
            40.80234
          ],
          [
            -73.93677,
            40.8024
          ],
          [
            -73.93673,
            40.80246
          ],
          [
            -73.93635,
            40.80298
          ],
          [
            -73.93631,
            40.80303
          ],
          [
            -73.93627,
            40.80309
          ],
          [
            -73.93616,
            40.80324
          ],
          [
            -73.9359,
            40.80361
          ],
          [
            -73.93583,
            40.80371
          ],
          [
            -73.93583,
            40.80371
          ],
          [
            -73.93596,
            40.80376
          ],
          [
            -73.9363,
            40.80391
          ],
          [
            -73.93652,
            40.804
          ],
          [
            -73.93673,
            40.80409
          ],
          [
            -73.93685,
            40.80414
          ],
          [
            -73.93735,
            40.80435
          ],
          [
            -73.93743,
            40.80438
          ],
          [
            -73.93753,
            40.80442
          ],
          [
            -73.9378,
            40.80454
          ],
          [
            -73.9378,
            40.80454
          ],
          [
            -73.9378,
            40.80454
          ],
          [
            -73.93788,
            40.80457
          ],
          [
            -73.93858,
            40.80487
          ],
          [
            -73.93885,
            40.80498
          ],
          [
            -73.93889,
            40.805
          ],
          [
            -73.93904,
            40.80506
          ],
          [
            -73.93918,
            40.80512
          ],
          [
            -73.93924,
            40.80515
          ],
          [
            -73.9397,
            40.80534
          ],
          [
            -73.94013,
            40.80552
          ],
          [
            -73.94027,
            40.80558
          ],
          [
            -73.94055,
            40.8057
          ],
          [
            -73.94064,
            40.80574
          ],
          [
            -73.94076,
            40.80579
          ],
          [
            -73.941,
            40.80589
          ],
          [
            -73.94183,
            40.80624
          ],
          [
            -73.94191,
            40.80627
          ],
          [
            -73.94217,
            40.80638
          ],
          [
            -73.94227,
            40.80642
          ],
          [
            -73.94237,
            40.80646
          ],
          [
            -73.94247,
            40.8065
          ],
          [
            -73.94247,
            40.8065
          ],
          [
            -73.94247,
            40.8065
          ],
          [
            -73.9426,
            40.80656
          ],
          [
            -73.94269,
            40.8066
          ],
          [
            -73.94378,
            40.80706
          ],
          [
            -73.94383,
            40.80708
          ],
          [
            -73.94389,
            40.8071
          ],
          [
            -73.94425,
            40.80726
          ],
          [
            -73.94481,
            40.80749
          ],
          [
            -73.94533,
            40.80771
          ],
          [
            -73.94541,
            40.80775
          ],
          [
            -73.94557,
            40.80781
          ],
          [
            -73.94567,
            40.80785
          ],
          [
            -73.94599,
            40.80799
          ],
          [
            -73.94599,
            40.80799
          ],
          [
            -73.94599,
            40.80799
          ],
          [
            -73.94686,
            40.80836
          ],
          [
            -73.94691,
            40.80838
          ],
          [
            -73.94696,
            40.8084
          ],
          [
            -73.94769,
            40.80871
          ],
          [
            -73.94801,
            40.80884
          ],
          [
            -73.94813,
            40.80889
          ],
          [
            -73.94825,
            40.80894
          ],
          [
            -73.9484,
            40.80901
          ],
          [
            -73.94853,
            40.80906
          ],
          [
            -73.94882,
            40.80918
          ],
          [
            -73.94882,
            40.80918
          ],
          [
            -73.94882,
            40.80918
          ],
          [
            -73.94973,
            40.80957
          ],
          [
            -73.94979,
            40.80959
          ],
          [
            -73.94987,
            40.80962
          ],
          [
            -73.95105,
            40.81012
          ],
          [
            -73.95118,
            40.81018
          ],
          [
            -73.95131,
            40.81023
          ],
          [
            -73.95163,
            40.81036
          ],
          [
            -73.95163,
            40.81036
          ],
          [
            -73.95163,
            40.81036
          ],
          [
            -73.95176,
            40.81042
          ],
          [
            -73.95188,
            40.81047
          ],
          [
            -73.95219,
            40.8106
          ],
          [
            -73.95246,
            40.81071
          ],
          [
            -73.95259,
            40.81077
          ],
          [
            -73.95273,
            40.81083
          ],
          [
            -73.95304,
            40.81096
          ],
          [
            -73.95304,
            40.81096
          ],
          [
            -73.95304,
            40.81096
          ],
          [
            -73.95317,
            40.81101
          ],
          [
            -73.95358,
            40.81118
          ],
          [
            -73.95389,
            40.81132
          ],
          [
            -73.95401,
            40.81137
          ],
          [
            -73.95414,
            40.81142
          ],
          [
            -73.95469,
            40.81166
          ],
          [
            -73.95475,
            40.81168
          ],
          [
            -73.9548,
            40.81171
          ],
          [
            -73.95483,
            40.81173
          ],
          [
            -73.95489,
            40.8118
          ],
          [
            -73.95497,
            40.81188
          ],
          [
            -73.955,
            40.81191
          ],
          [
            -73.955,
            40.81192
          ],
          [
            -73.95509,
            40.81201
          ],
          [
            -73.95522,
            40.81216
          ],
          [
            -73.95528,
            40.81223
          ],
          [
            -73.95574,
            40.81276
          ],
          [
            -73.95618,
            40.81328
          ],
          [
            -73.95627,
            40.81338
          ],
          [
            -73.95627,
            40.81338
          ],
          [
            -73.95618,
            40.8135
          ],
          [
            -73.9561,
            40.81362
          ],
          [
            -73.95597,
            40.81379
          ],
          [
            -73.95597,
            40.81379
          ],
          [
            -73.95597,
            40.81379
          ],
          [
            -73.95579,
            40.81402
          ],
          [
            -73.95576,
            40.81406
          ],
          [
            -73.9557,
            40.81414
          ],
          [
            -73.95565,
            40.81421
          ],
          [
            -73.95549,
            40.81442
          ],
          [
            -73.95544,
            40.81448
          ],
          [
            -73.9554,
            40.81454
          ],
          [
            -73.95524,
            40.81477
          ],
          [
            -73.95504,
            40.81506
          ],
          [
            -73.955,
            40.81511
          ],
          [
            -73.95496,
            40.81516
          ],
          [
            -73.95496,
            40.81516
          ],
          [
            -73.95496,
            40.81516
          ],
          [
            -73.95495,
            40.81517
          ],
          [
            -73.95466,
            40.81558
          ],
          [
            -73.95458,
            40.81569
          ],
          [
            -73.95454,
            40.81574
          ],
          [
            -73.9545,
            40.81579
          ],
          [
            -73.95411,
            40.81631
          ],
          [
            -73.95408,
            40.81636
          ],
          [
            -73.95402,
            40.81643
          ],
          [
            -73.95382,
            40.81671
          ],
          [
            -73.95382,
            40.81671
          ],
          [
            -73.95382,
            40.81671
          ],
          [
            -73.95379,
            40.81676
          ],
          [
            -73.95322,
            40.81753
          ],
          [
            -73.95318,
            40.81759
          ],
          [
            -73.95312,
            40.81767
          ],
          [
            -73.95298,
            40.81787
          ],
          [
            -73.95298,
            40.81787
          ],
          [
            -73.95298,
            40.81787
          ],
          [
            -73.95295,
            40.81792
          ],
          [
            -73.95277,
            40.81817
          ],
          [
            -73.95272,
            40.81823
          ],
          [
            -73.95269,
            40.81827
          ],
          [
            -73.95244,
            40.81861
          ],
          [
            -73.95227,
            40.81886
          ],
          [
            -73.95226,
            40.81887
          ],
          [
            -73.95221,
            40.81893
          ],
          [
            -73.95217,
            40.81899
          ],
          [
            -73.95216,
            40.81901
          ],
          [
            -73.9519,
            40.81934
          ],
          [
            -73.9519,
            40.81934
          ],
          [
            -73.9519,
            40.81934
          ],
          [
            -73.95178,
            40.81951
          ],
          [
            -73.95173,
            40.81957
          ],
          [
            -73.95168,
            40.81964
          ],
          [
            -73.9513,
            40.82016
          ],
          [
            -73.95087,
            40.82075
          ],
          [
            -73.95081,
            40.82082
          ],
          [
            -73.95078,
            40.82087
          ],
          [
            -73.95064,
            40.82107
          ],
          [
            -73.95064,
            40.82107
          ],
          [
            -73.95064,
            40.82107
          ],
          [
            -73.9504,
            40.82139
          ],
          [
            -73.95036,
            40.82144
          ],
          [
            -73.95032,
            40.82151
          ],
          [
            -73.94995,
            40.82201
          ],
          [
            -73.94991,
            40.82206
          ],
          [
            -73.94986,
            40.82213
          ],
          [
            -73.9495,
            40.82263
          ],
          [
            -73.94946,
            40.82268
          ],
          [
            -73.94941,
            40.82275
          ],
          [
            -73.94904,
            40.82326
          ],
          [
            -73.94899,
            40.82332
          ],
          [
            -73.94895,
            40.82337
          ],
          [
            -73.94858,
            40.82389
          ],
          [
            -73.94854,
            40.82394
          ],
          [
            -73.9485,
            40.82399
          ],
          [
            -73.94812,
            40.82451
          ],
          [
            -73.94809,
            40.82455
          ],
          [
            -73.94804,
            40.82462
          ],
          [
            -73.94767,
            40.82514
          ],
          [
            -73.9476,
            40.82524
          ],
          [
            -73.94752,
            40.82534
          ],
          [
            -73.9473,
            40.82564
          ],
          [
            -73.9473,
            40.82564
          ],
          [
            -73.9473,
            40.82564
          ],
          [
            -73.94714,
            40.82585
          ],
          [
            -73.94711,
            40.8259
          ],
          [
            -73.94706,
            40.82596
          ],
          [
            -73.94669,
            40.82648
          ],
          [
            -73.94665,
            40.82653
          ],
          [
            -73.94661,
            40.82659
          ],
          [
            -73.94623,
            40.8271
          ],
          [
            -73.94619,
            40.82715
          ],
          [
            -73.94615,
            40.82721
          ],
          [
            -73.94577,
            40.82773
          ],
          [
            -73.94573,
            40.82778
          ],
          [
            -73.94569,
            40.82784
          ],
          [
            -73.94532,
            40.82835
          ],
          [
            -73.94528,
            40.8284
          ],
          [
            -73.94524,
            40.82846
          ],
          [
            -73.94511,
            40.82863
          ],
          [
            -73.94509,
            40.82866
          ],
          [
            -73.945,
            40.82878
          ],
          [
            -73.94487,
            40.82897
          ],
          [
            -73.94483,
            40.82902
          ],
          [
            -73.9448,
            40.82906
          ],
          [
            -73.94441,
            40.82959
          ],
          [
            -73.94437,
            40.82964
          ],
          [
            -73.94433,
            40.8297
          ],
          [
            -73.94416,
            40.82993
          ],
          [
            -73.94416,
            40.82993
          ],
          [
            -73.94416,
            40.82993
          ],
          [
            -73.94409,
            40.83003
          ],
          [
            -73.94396,
            40.83021
          ],
          [
            -73.94391,
            40.83027
          ],
          [
            -73.94388,
            40.83032
          ],
          [
            -73.9435,
            40.83084
          ],
          [
            -73.94346,
            40.83089
          ],
          [
            -73.94342,
            40.83095
          ],
          [
            -73.94305,
            40.83146
          ],
          [
            -73.94297,
            40.83157
          ],
          [
            -73.9429,
            40.83166
          ],
          [
            -73.94287,
            40.8317
          ],
          [
            -73.94287,
            40.8317
          ],
          [
            -73.94287,
            40.8317
          ],
          [
            -73.94252,
            40.83218
          ],
          [
            -73.94248,
            40.83223
          ],
          [
            -73.94244,
            40.83229
          ],
          [
            -73.94206,
            40.83281
          ],
          [
            -73.94201,
            40.83288
          ],
          [
            -73.94198,
            40.83292
          ],
          [
            -73.94161,
            40.83343
          ],
          [
            -73.94157,
            40.83348
          ],
          [
            -73.94152,
            40.83355
          ],
          [
            -73.94144,
            40.83366
          ],
          [
            -73.94144,
            40.83366
          ],
          [
            -73.94144,
            40.83366
          ],
          [
            -73.94115,
            40.83406
          ],
          [
            -73.94111,
            40.83411
          ],
          [
            -73.94106,
            40.83417
          ],
          [
            -73.94069,
            40.83467
          ],
          [
            -73.94065,
            40.83473
          ],
          [
            -73.94061,
            40.83479
          ],
          [
            -73.94026,
            40.83527
          ],
          [
            -73.94026,
            40.83527
          ],
          [
            -73.94026,
            40.83527
          ],
          [
            -73.94024,
            40.8353
          ],
          [
            -73.9402,
            40.83536
          ],
          [
            -73.94016,
            40.83542
          ],
          [
            -73.94006,
            40.83556
          ],
          [
            -73.93993,
            40.83576
          ],
          [
            -73.93988,
            40.83582
          ],
          [
            -73.93984,
            40.83589
          ],
          [
            -73.93981,
            40.83593
          ],
          [
            -73.93971,
            40.83607
          ],
          [
            -73.93956,
            40.83628
          ],
          [
            -73.93939,
            40.83651
          ],
          [
            -73.93934,
            40.83658
          ],
          [
            -73.93929,
            40.83664
          ],
          [
            -73.93889,
            40.83719
          ],
          [
            -73.93886,
            40.83724
          ],
          [
            -73.93881,
            40.8373
          ],
          [
            -73.93866,
            40.8375
          ],
          [
            -73.93866,
            40.8375
          ],
          [
            -73.93866,
            40.8375
          ],
          [
            -73.93862,
            40.83755
          ],
          [
            -73.9384,
            40.83782
          ],
          [
            -73.93835,
            40.83788
          ],
          [
            -73.93827,
            40.838
          ],
          [
            -73.93818,
            40.83812
          ],
          [
            -73.93805,
            40.8383
          ],
          [
            -73.93791,
            40.83849
          ],
          [
            -73.93783,
            40.83861
          ],
          [
            -73.93777,
            40.83868
          ],
          [
            -73.93775,
            40.83871
          ],
          [
            -73.93773,
            40.83874
          ],
          [
            -73.93756,
            40.83899
          ],
          [
            -73.93753,
            40.83902
          ],
          [
            -73.93739,
            40.83922
          ],
          [
            -73.93736,
            40.83927
          ],
          [
            -73.93735,
            40.83928
          ],
          [
            -73.93734,
            40.8393
          ],
          [
            -73.93721,
            40.83946
          ],
          [
            -73.93717,
            40.83951
          ],
          [
            -73.93703,
            40.8397
          ],
          [
            -73.93703,
            40.8397
          ],
          [
            -73.93703,
            40.8397
          ],
          [
            -73.93696,
            40.8398
          ],
          [
            -73.93691,
            40.83986
          ],
          [
            -73.93685,
            40.83994
          ],
          [
            -73.93678,
            40.84003
          ],
          [
            -73.93667,
            40.84019
          ],
          [
            -73.9365,
            40.84042
          ],
          [
            -73.93646,
            40.84048
          ],
          [
            -73.93642,
            40.84053
          ],
          [
            -73.93631,
            40.84068
          ],
          [
            -73.93608,
            40.84099
          ],
          [
            -73.93604,
            40.84106
          ],
          [
            -73.93601,
            40.84109
          ],
          [
            -73.93598,
            40.84114
          ],
          [
            -73.9358,
            40.84138
          ],
          [
            -73.93565,
            40.84158
          ],
          [
            -73.9356,
            40.84165
          ],
          [
            -73.93557,
            40.8417
          ],
          [
            -73.93553,
            40.84175
          ],
          [
            -73.93538,
            40.84195
          ],
          [
            -73.93516,
            40.84225
          ],
          [
            -73.93512,
            40.8423
          ],
          [
            -73.93509,
            40.84235
          ],
          [
            -73.93503,
            40.84244
          ],
          [
            -73.93488,
            40.84265
          ],
          [
            -73.93473,
            40.84288
          ],
          [
            -73.93468,
            40.84294
          ],
          [
            -73.93462,
            40.84302
          ],
          [
            -73.93452,
            40.84315
          ],
          [
            -73.93452,
            40.84315
          ],
          [
            -73.93452,
            40.84315
          ],
          [
            -73.93442,
            40.8433
          ],
          [
            -73.93425,
            40.84352
          ],
          [
            -73.93421,
            40.84358
          ],
          [
            -73.93416,
            40.84365
          ],
          [
            -73.93398,
            40.84389
          ],
          [
            -73.9338,
            40.84414
          ],
          [
            -73.93372,
            40.84425
          ],
          [
            -73.93365,
            40.84435
          ],
          [
            -73.93328,
            40.84486
          ],
          [
            -73.93324,
            40.84491
          ],
          [
            -73.9332,
            40.84496
          ],
          [
            -73.93304,
            40.84518
          ],
          [
            -73.93304,
            40.84518
          ],
          [
            -73.93304,
            40.84518
          ],
          [
            -73.93284,
            40.84546
          ],
          [
            -73.93283,
            40.84548
          ],
          [
            -73.93278,
            40.84554
          ],
          [
            -73.93275,
            40.84559
          ],
          [
            -73.93238,
            40.84609
          ],
          [
            -73.93233,
            40.84616
          ],
          [
            -73.93228,
            40.84623
          ],
          [
            -73.93208,
            40.8465
          ],
          [
            -73.93189,
            40.84675
          ],
          [
            -73.93185,
            40.84681
          ],
          [
            -73.93181,
            40.84687
          ],
          [
            -73.93168,
            40.84704
          ],
          [
            -73.93168,
            40.84704
          ],
          [
            -73.93168,
            40.84704
          ],
          [
            -73.93162,
            40.84713
          ],
          [
            -73.93144,
            40.84738
          ],
          [
            -73.9314,
            40.84743
          ],
          [
            -73.93135,
            40.84749
          ],
          [
            -73.93117,
            40.84774
          ],
          [
            -73.93117,
            40.84775
          ],
          [
            -73.93111,
            40.84782
          ],
          [
            -73.93096,
            40.84803
          ],
          [
            -73.93088,
            40.84814
          ],
          [
            -73.93082,
            40.84822
          ],
          [
            -73.93079,
            40.84825
          ],
          [
            -73.9307,
            40.84839
          ],
          [
            -73.9307,
            40.84839
          ],
          [
            -73.93069,
            40.84839
          ],
          [
            -73.93062,
            40.8485
          ],
          [
            -73.93051,
            40.84864
          ],
          [
            -73.93047,
            40.8487
          ],
          [
            -73.93043,
            40.84876
          ],
          [
            -73.9304,
            40.8488
          ],
          [
            -73.93031,
            40.84892
          ],
          [
            -73.93008,
            40.84923
          ],
          [
            -73.93004,
            40.84929
          ],
          [
            -73.93002,
            40.84932
          ],
          [
            -73.92996,
            40.84939
          ],
          [
            -73.92976,
            40.84966
          ],
          [
            -73.92974,
            40.84971
          ],
          [
            -73.92971,
            40.84975
          ],
          [
            -73.92968,
            40.84983
          ],
          [
            -73.92968,
            40.84983
          ],
          [
            -73.92968,
            40.84983
          ],
          [
            -73.92964,
            40.84992
          ],
          [
            -73.92962,
            40.84995
          ],
          [
            -73.9296,
            40.84998
          ],
          [
            -73.92925,
            40.85045
          ],
          [
            -73.9292,
            40.85053
          ],
          [
            -73.92916,
            40.85057
          ],
          [
            -73.9289,
            40.85093
          ],
          [
            -73.92871,
            40.85113
          ],
          [
            -73.92865,
            40.85119
          ],
          [
            -73.92862,
            40.85124
          ],
          [
            -73.92841,
            40.85152
          ],
          [
            -73.92825,
            40.85174
          ],
          [
            -73.92821,
            40.8518
          ],
          [
            -73.92816,
            40.85187
          ],
          [
            -73.92811,
            40.85193
          ],
          [
            -73.92774,
            40.85243
          ],
          [
            -73.9277,
            40.8525
          ],
          [
            -73.92766,
            40.85255
          ],
          [
            -73.92749,
            40.85278
          ],
          [
            -73.92739,
            40.85292
          ],
          [
            -73.92728,
            40.85306
          ],
          [
            -73.92724,
            40.85312
          ],
          [
            -73.9272,
            40.85317
          ],
          [
            -73.92686,
            40.85364
          ],
          [
            -73.92681,
            40.85372
          ],
          [
            -73.92675,
            40.8538
          ],
          [
            -73.92663,
            40.85396
          ],
          [
            -73.92663,
            40.85396
          ],
          [
            -73.92663,
            40.85396
          ],
          [
            -73.92591,
            40.85494
          ],
          [
            -73.92514,
            40.85597
          ],
          [
            -73.92486,
            40.85637
          ],
          [
            -73.92486,
            40.85637
          ],
          [
            -73.92474,
            40.85657
          ],
          [
            -73.92465,
            40.85678
          ],
          [
            -73.92463,
            40.85697
          ],
          [
            -73.92465,
            40.85716
          ],
          [
            -73.9247,
            40.85731
          ],
          [
            -73.92477,
            40.85745
          ],
          [
            -73.92484,
            40.8576
          ],
          [
            -73.92493,
            40.85776
          ],
          [
            -73.92497,
            40.85782
          ],
          [
            -73.92503,
            40.8579
          ],
          [
            -73.92508,
            40.85796
          ],
          [
            -73.9252,
            40.85807
          ],
          [
            -73.92531,
            40.85812
          ],
          [
            -73.9254,
            40.85816
          ],
          [
            -73.92546,
            40.85818
          ],
          [
            -73.92552,
            40.8582
          ],
          [
            -73.92561,
            40.85822
          ],
          [
            -73.92571,
            40.85823
          ],
          [
            -73.92587,
            40.85824
          ],
          [
            -73.92602,
            40.85822
          ],
          [
            -73.92609,
            40.8582
          ],
          [
            -73.92616,
            40.85819
          ],
          [
            -73.92619,
            40.85818
          ],
          [
            -73.92625,
            40.85816
          ],
          [
            -73.92636,
            40.8581
          ],
          [
            -73.92647,
            40.85803
          ],
          [
            -73.9265,
            40.858
          ],
          [
            -73.9265,
            40.858
          ]
        ]
      }
    },
    {
      "type": "Feature",
      "properties": {
        "route_id": "M101-N-Night",
        "layer": "T2 Optimal"
      },
      "geometry": {
        "type": "LineString",
        "coordinates": [
          [
            -73.98929,
            40.73041
          ],
          [
            -73.98916,
            40.73059
          ],
          [
            -73.98913,
            40.73063
          ],
          [
            -73.9891,
            40.73067
          ],
          [
            -73.98906,
            40.73073
          ],
          [
            -73.98902,
            40.73078
          ],
          [
            -73.98899,
            40.73083
          ],
          [
            -73.9887,
            40.73123
          ],
          [
            -73.98866,
            40.73127
          ],
          [
            -73.98862,
            40.73133
          ],
          [
            -73.98858,
            40.73139
          ],
          [
            -73.98854,
            40.73143
          ],
          [
            -73.98823,
            40.73187
          ],
          [
            -73.9882,
            40.73191
          ],
          [
            -73.98816,
            40.73197
          ],
          [
            -73.98812,
            40.73202
          ],
          [
            -73.98808,
            40.73207
          ],
          [
            -73.98776,
            40.73251
          ],
          [
            -73.98773,
            40.73255
          ],
          [
            -73.98768,
            40.73262
          ],
          [
            -73.98765,
            40.73267
          ],
          [
            -73.98761,
            40.73271
          ],
          [
            -73.98745,
            40.73294
          ],
          [
            -73.98729,
            40.73315
          ],
          [
            -73.98725,
            40.7332
          ],
          [
            -73.98719,
            40.7333
          ],
          [
            -73.98712,
            40.73339
          ],
          [
            -73.98708,
            40.73344
          ],
          [
            -73.98697,
            40.7336
          ],
          [
            -73.98686,
            40.73375
          ],
          [
            -73.98676,
            40.73388
          ],
          [
            -73.98673,
            40.73393
          ],
          [
            -73.98669,
            40.73398
          ],
          [
            -73.98664,
            40.73404
          ],
          [
            -73.98662,
            40.73409
          ],
          [
            -73.98629,
            40.73453
          ],
          [
            -73.98626,
            40.73457
          ],
          [
            -73.98622,
            40.73462
          ],
          [
            -73.98618,
            40.73468
          ],
          [
            -73.98615,
            40.73472
          ],
          [
            -73.98586,
            40.73512
          ],
          [
            -73.98584,
            40.73516
          ],
          [
            -73.98579,
            40.73521
          ],
          [
            -73.98575,
            40.73527
          ],
          [
            -73.98573,
            40.73531
          ],
          [
            -73.98544,
            40.7357
          ],
          [
            -73.98541,
            40.73574
          ],
          [
            -73.98537,
            40.7358
          ],
          [
            -73.98533,
            40.73586
          ],
          [
            -73.98529,
            40.7359
          ],
          [
            -73.98502,
            40.73628
          ],
          [
            -73.98499,
            40.73632
          ],
          [
            -73.98494,
            40.73638
          ],
          [
            -73.9849,
            40.73644
          ],
          [
            -73.98487,
            40.73648
          ],
          [
            -73.98459,
            40.73687
          ],
          [
            -73.98455,
            40.73691
          ],
          [
            -73.98451,
            40.73697
          ],
          [
            -73.98447,
            40.73703
          ],
          [
            -73.98444,
            40.73707
          ],
          [
            -73.98416,
            40.73745
          ],
          [
            -73.98413,
            40.7375
          ],
          [
            -73.98408,
            40.73756
          ],
          [
            -73.98405,
            40.73761
          ],
          [
            -73.98401,
            40.73766
          ],
          [
            -73.98371,
            40.73808
          ],
          [
            -73.98368,
            40.73811
          ],
          [
            -73.98364,
            40.73817
          ],
          [
            -73.9836,
            40.73822
          ],
          [
            -73.98357,
            40.73827
          ],
          [
            -73.98326,
            40.73869
          ],
          [
            -73.98323,
            40.73874
          ],
          [
            -73.98315,
            40.73884
          ],
          [
            -73.98308,
            40.73894
          ],
          [
            -73.98304,
            40.73899
          ],
          [
            -73.98274,
            40.7394
          ],
          [
            -73.98271,
            40.73945
          ],
          [
            -73.98267,
            40.7395
          ],
          [
            -73.98262,
            40.73956
          ],
          [
            -73.98229,
            40.74003
          ],
          [
            -73.98226,
            40.74007
          ],
          [
            -73.98222,
            40.74013
          ],
          [
            -73.98218,
            40.74017
          ],
          [
            -73.98184,
            40.74065
          ],
          [
            -73.98181,
            40.74069
          ],
          [
            -73.98177,
            40.74075
          ],
          [
            -73.98173,
            40.7408
          ],
          [
            -73.98139,
            40.74126
          ],
          [
            -73.98136,
            40.74131
          ],
          [
            -73.98132,
            40.74136
          ],
          [
            -73.98128,
            40.74142
          ],
          [
            -73.98095,
            40.74188
          ],
          [
            -73.98091,
            40.74192
          ],
          [
            -73.98087,
            40.74198
          ],
          [
            -73.98083,
            40.74204
          ],
          [
            -73.9805,
            40.74249
          ],
          [
            -73.98046,
            40.74254
          ],
          [
            -73.98042,
            40.7426
          ],
          [
            -73.98038,
            40.74266
          ],
          [
            -73.98005,
            40.74311
          ],
          [
            -73.98001,
            40.74315
          ],
          [
            -73.97997,
            40.74322
          ],
          [
            -73.97993,
            40.74327
          ],
          [
            -73.97959,
            40.74373
          ],
          [
            -73.97956,
            40.74377
          ],
          [
            -73.97952,
            40.74383
          ],
          [
            -73.97948,
            40.74389
          ],
          [
            -73.97914,
            40.74436
          ],
          [
            -73.97911,
            40.74439
          ],
          [
            -73.97907,
            40.74445
          ],
          [
            -73.97902,
            40.74451
          ],
          [
            -73.97869,
            40.74497
          ],
          [
            -73.97867,
            40.74499
          ],
          [
            -73.97867,
            40.74499
          ],
          [
            -73.97867,
            40.74499
          ],
          [
            -73.97866,
            40.74501
          ],
          [
            -73.97862,
            40.74507
          ],
          [
            -73.97858,
            40.74512
          ],
          [
            -73.97841,
            40.74535
          ],
          [
            -73.97823,
            40.74561
          ],
          [
            -73.9782,
            40.74565
          ],
          [
            -73.97813,
            40.74574
          ],
          [
            -73.97806,
            40.74583
          ],
          [
            -73.97772,
            40.7463
          ],
          [
            -73.97769,
            40.74634
          ],
          [
            -73.97765,
            40.7464
          ],
          [
            -73.97761,
            40.74646
          ],
          [
            -73.97726,
            40.74692
          ],
          [
            -73.97723,
            40.74696
          ],
          [
            -73.97719,
            40.74701
          ],
          [
            -73.97715,
            40.74707
          ],
          [
            -73.97683,
            40.74754
          ],
          [
            -73.9768,
            40.74758
          ],
          [
            -73.97676,
            40.74764
          ],
          [
            -73.97672,
            40.7477
          ],
          [
            -73.97648,
            40.74803
          ],
          [
            -73.97638,
            40.74817
          ],
          [
            -73.97635,
            40.7482
          ],
          [
            -73.97632,
            40.74825
          ],
          [
            -73.97627,
            40.74831
          ],
          [
            -73.97626,
            40.74833
          ],
          [
            -73.97592,
            40.74879
          ],
          [
            -73.9759,
            40.74882
          ],
          [
            -73.97585,
            40.74889
          ],
          [
            -73.97581,
            40.74894
          ],
          [
            -73.9758,
            40.74896
          ],
          [
            -73.97567,
            40.74914
          ],
          [
            -73.97567,
            40.74914
          ],
          [
            -73.97567,
            40.74914
          ],
          [
            -73.97548,
            40.74939
          ],
          [
            -73.97545,
            40.74944
          ],
          [
            -73.9754,
            40.7495
          ],
          [
            -73.97537,
            40.74955
          ],
          [
            -73.97534,
            40.74958
          ],
          [
            -73.97524,
            40.74972
          ],
          [
            -73.97503,
            40.75001
          ],
          [
            -73.975,
            40.75005
          ],
          [
            -73.97495,
            40.75012
          ],
          [
            -73.97491,
            40.75017
          ],
          [
            -73.9749,
            40.7502
          ],
          [
            -73.97478,
            40.75035
          ],
          [
            -73.97457,
            40.75063
          ],
          [
            -73.97454,
            40.75068
          ],
          [
            -73.97447,
            40.75077
          ],
          [
            -73.9744,
            40.75088
          ],
          [
            -73.97422,
            40.75113
          ],
          [
            -73.97422,
            40.75113
          ],
          [
            -73.97422,
            40.75113
          ],
          [
            -73.97417,
            40.75118
          ],
          [
            -73.97402,
            40.75139
          ],
          [
            -73.97397,
            40.75146
          ],
          [
            -73.97393,
            40.75151
          ],
          [
            -73.97357,
            40.75202
          ],
          [
            -73.97352,
            40.75208
          ],
          [
            -73.97348,
            40.75213
          ],
          [
            -73.97337,
            40.75229
          ],
          [
            -73.97311,
            40.75264
          ],
          [
            -73.97306,
            40.7527
          ],
          [
            -73.97302,
            40.75276
          ],
          [
            -73.97265,
            40.75327
          ],
          [
            -73.9726,
            40.75333
          ],
          [
            -73.97256,
            40.75339
          ],
          [
            -73.97219,
            40.7539
          ],
          [
            -73.97215,
            40.75395
          ],
          [
            -73.97211,
            40.75402
          ],
          [
            -73.97191,
            40.75429
          ],
          [
            -73.97174,
            40.75452
          ],
          [
            -73.97169,
            40.75458
          ],
          [
            -73.97164,
            40.75465
          ],
          [
            -73.97146,
            40.7549
          ],
          [
            -73.97128,
            40.75515
          ],
          [
            -73.97124,
            40.75521
          ],
          [
            -73.97119,
            40.75526
          ],
          [
            -73.97082,
            40.75578
          ],
          [
            -73.97078,
            40.75583
          ],
          [
            -73.97073,
            40.7559
          ],
          [
            -73.97058,
            40.7561
          ],
          [
            -73.97037,
            40.75639
          ],
          [
            -73.97032,
            40.75646
          ],
          [
            -73.97019,
            40.75664
          ],
          [
            -73.9699,
            40.75703
          ],
          [
            -73.96985,
            40.7571
          ],
          [
            -73.96982,
            40.75714
          ],
          [
            -73.96945,
            40.75765
          ],
          [
            -73.96941,
            40.75771
          ],
          [
            -73.96936,
            40.75777
          ],
          [
            -73.969,
            40.75827
          ],
          [
            -73.96895,
            40.75834
          ],
          [
            -73.96891,
            40.7584
          ],
          [
            -73.96854,
            40.75889
          ],
          [
            -73.96849,
            40.75896
          ],
          [
            -73.96849,
            40.75896
          ],
          [
            -73.96843,
            40.75901
          ],
          [
            -73.96824,
            40.7592
          ],
          [
            -73.96823,
            40.75921
          ],
          [
            -73.968,
            40.75949
          ],
          [
            -73.96795,
            40.75955
          ],
          [
            -73.96791,
            40.75961
          ],
          [
            -73.96753,
            40.76013
          ],
          [
            -73.96752,
            40.76014
          ],
          [
            -73.96752,
            40.76014
          ],
          [
            -73.96752,
            40.76014
          ],
          [
            -73.96745,
            40.76022
          ],
          [
            -73.96739,
            40.76032
          ],
          [
            -73.96722,
            40.76055
          ],
          [
            -73.9671,
            40.76071
          ],
          [
            -73.96706,
            40.76086
          ],
          [
            -73.96704,
            40.76094
          ],
          [
            -73.967,
            40.76099
          ],
          [
            -73.96677,
            40.7613
          ],
          [
            -73.96663,
            40.7615
          ],
          [
            -73.96659,
            40.76156
          ],
          [
            -73.96655,
            40.76162
          ],
          [
            -73.96617,
            40.76213
          ],
          [
            -73.96613,
            40.7622
          ],
          [
            -73.96609,
            40.76224
          ],
          [
            -73.96599,
            40.76239
          ],
          [
            -73.96584,
            40.76258
          ],
          [
            -73.96575,
            40.7627
          ],
          [
            -73.96571,
            40.76275
          ],
          [
            -73.96567,
            40.76281
          ],
          [
            -73.96563,
            40.76287
          ],
          [
            -73.96526,
            40.76337
          ],
          [
            -73.96521,
            40.76343
          ],
          [
            -73.96517,
            40.76349
          ],
          [
            -73.9648,
            40.764
          ],
          [
            -73.96476,
            40.76406
          ],
          [
            -73.96471,
            40.76412
          ],
          [
            -73.96434,
            40.76463
          ],
          [
            -73.9643,
            40.76468
          ],
          [
            -73.96426,
            40.76474
          ],
          [
            -73.96388,
            40.76525
          ],
          [
            -73.96384,
            40.76531
          ],
          [
            -73.9638,
            40.76537
          ],
          [
            -73.96377,
            40.76541
          ],
          [
            -73.96348,
            40.76581
          ],
          [
            -73.96345,
            40.76585
          ],
          [
            -73.96343,
            40.76588
          ],
          [
            -73.96339,
            40.76594
          ],
          [
            -73.96335,
            40.76599
          ],
          [
            -73.96297,
            40.76651
          ],
          [
            -73.96293,
            40.76656
          ],
          [
            -73.96289,
            40.76661
          ],
          [
            -73.96251,
            40.76713
          ],
          [
            -73.96247,
            40.76719
          ],
          [
            -73.96243,
            40.76725
          ],
          [
            -73.96235,
            40.76735
          ],
          [
            -73.96206,
            40.76776
          ],
          [
            -73.96202,
            40.76781
          ],
          [
            -73.96197,
            40.76788
          ],
          [
            -73.96161,
            40.76839
          ],
          [
            -73.96158,
            40.76844
          ],
          [
            -73.96153,
            40.7685
          ],
          [
            -73.96116,
            40.76901
          ],
          [
            -73.96111,
            40.76908
          ],
          [
            -73.96108,
            40.76912
          ],
          [
            -73.96098,
            40.76925
          ],
          [
            -73.96067,
            40.76966
          ],
          [
            -73.9606,
            40.76975
          ],
          [
            -73.96053,
            40.76985
          ],
          [
            -73.96015,
            40.77038
          ],
          [
            -73.9601,
            40.77043
          ],
          [
            -73.96006,
            40.77049
          ],
          [
            -73.95969,
            40.77102
          ],
          [
            -73.95965,
            40.77107
          ],
          [
            -73.95961,
            40.77113
          ],
          [
            -73.95951,
            40.77126
          ],
          [
            -73.95922,
            40.77164
          ],
          [
            -73.9592,
            40.77167
          ],
          [
            -73.95918,
            40.7717
          ],
          [
            -73.95914,
            40.77175
          ],
          [
            -73.95903,
            40.7719
          ],
          [
            -73.95876,
            40.77228
          ],
          [
            -73.95871,
            40.77234
          ],
          [
            -73.95868,
            40.77239
          ],
          [
            -73.9583,
            40.77292
          ],
          [
            -73.95826,
            40.77298
          ],
          [
            -73.95822,
            40.77303
          ],
          [
            -73.95784,
            40.77356
          ],
          [
            -73.9578,
            40.7736
          ],
          [
            -73.95776,
            40.77366
          ],
          [
            -73.95765,
            40.77381
          ],
          [
            -73.95736,
            40.7742
          ],
          [
            -73.95729,
            40.77429
          ],
          [
            -73.95722,
            40.77438
          ],
          [
            -73.95684,
            40.77491
          ],
          [
            -73.9568,
            40.77497
          ],
          [
            -73.95675,
            40.77503
          ],
          [
            -73.95637,
            40.77555
          ],
          [
            -73.95634,
            40.77559
          ],
          [
            -73.95629,
            40.77566
          ],
          [
            -73.95591,
            40.77618
          ],
          [
            -73.95587,
            40.77624
          ],
          [
            -73.95582,
            40.7763
          ],
          [
            -73.95545,
            40.77682
          ],
          [
            -73.95541,
            40.77687
          ],
          [
            -73.95537,
            40.77693
          ],
          [
            -73.95498,
            40.77745
          ],
          [
            -73.95494,
            40.77751
          ],
          [
            -73.95489,
            40.77757
          ],
          [
            -73.95452,
            40.77809
          ],
          [
            -73.95448,
            40.77814
          ],
          [
            -73.95443,
            40.7782
          ],
          [
            -73.95427,
            40.77842
          ],
          [
            -73.95405,
            40.77873
          ],
          [
            -73.95398,
            40.77883
          ],
          [
            -73.95391,
            40.77892
          ],
          [
            -73.95381,
            40.77906
          ],
          [
            -73.95353,
            40.77944
          ],
          [
            -73.95349,
            40.7795
          ],
          [
            -73.95344,
            40.77956
          ],
          [
            -73.95307,
            40.78007
          ],
          [
            -73.95303,
            40.78013
          ],
          [
            -73.95299,
            40.78018
          ],
          [
            -73.95261,
            40.7807
          ],
          [
            -73.95257,
            40.78075
          ],
          [
            -73.95253,
            40.78081
          ],
          [
            -73.95215,
            40.78133
          ],
          [
            -73.95212,
            40.78138
          ],
          [
            -73.95207,
            40.78144
          ],
          [
            -73.95169,
            40.78196
          ],
          [
            -73.95165,
            40.78201
          ],
          [
            -73.95161,
            40.78207
          ],
          [
            -73.95145,
            40.78229
          ],
          [
            -73.95123,
            40.78258
          ],
          [
            -73.9512,
            40.78263
          ],
          [
            -73.95115,
            40.78269
          ],
          [
            -73.95079,
            40.78321
          ],
          [
            -73.95075,
            40.78327
          ],
          [
            -73.95071,
            40.78333
          ],
          [
            -73.95034,
            40.78385
          ],
          [
            -73.9503,
            40.78391
          ],
          [
            -73.95026,
            40.78396
          ],
          [
            -73.94987,
            40.78448
          ],
          [
            -73.94984,
            40.78453
          ],
          [
            -73.94979,
            40.78458
          ],
          [
            -73.9494,
            40.78511
          ],
          [
            -73.94933,
            40.7852
          ],
          [
            -73.94925,
            40.7853
          ],
          [
            -73.94888,
            40.78582
          ],
          [
            -73.94883,
            40.78589
          ],
          [
            -73.94878,
            40.78596
          ],
          [
            -73.94844,
            40.78644
          ],
          [
            -73.94839,
            40.7865
          ],
          [
            -73.94834,
            40.78656
          ],
          [
            -73.94802,
            40.787
          ],
          [
            -73.94797,
            40.78706
          ],
          [
            -73.94792,
            40.78712
          ],
          [
            -73.94787,
            40.78719
          ],
          [
            -73.94772,
            40.7874
          ],
          [
            -73.9475,
            40.7877
          ],
          [
            -73.94746,
            40.78775
          ],
          [
            -73.94742,
            40.78781
          ],
          [
            -73.94709,
            40.78826
          ],
          [
            -73.94704,
            40.78833
          ],
          [
            -73.947,
            40.78839
          ],
          [
            -73.94696,
            40.78845
          ],
          [
            -73.9466,
            40.78893
          ],
          [
            -73.94655,
            40.789
          ],
          [
            -73.9465,
            40.78907
          ],
          [
            -73.94612,
            40.78959
          ],
          [
            -73.94609,
            40.78964
          ],
          [
            -73.94604,
            40.78971
          ],
          [
            -73.94568,
            40.79019
          ],
          [
            -73.94564,
            40.79025
          ],
          [
            -73.94558,
            40.79033
          ],
          [
            -73.94521,
            40.79085
          ],
          [
            -73.94517,
            40.79089
          ],
          [
            -73.94513,
            40.79095
          ],
          [
            -73.94475,
            40.79147
          ],
          [
            -73.94468,
            40.79157
          ],
          [
            -73.94461,
            40.79167
          ],
          [
            -73.94443,
            40.79192
          ],
          [
            -73.94443,
            40.79192
          ],
          [
            -73.94443,
            40.79192
          ],
          [
            -73.94422,
            40.7922
          ],
          [
            -73.94418,
            40.79225
          ],
          [
            -73.94414,
            40.79231
          ],
          [
            -73.94383,
            40.79272
          ],
          [
            -73.94376,
            40.79282
          ],
          [
            -73.94372,
            40.79288
          ],
          [
            -73.94369,
            40.79292
          ],
          [
            -73.94332,
            40.79343
          ],
          [
            -73.94327,
            40.7935
          ],
          [
            -73.94322,
            40.79356
          ],
          [
            -73.94306,
            40.79378
          ],
          [
            -73.94284,
            40.79409
          ],
          [
            -73.94281,
            40.79413
          ],
          [
            -73.94276,
            40.79419
          ],
          [
            -73.94239,
            40.79471
          ],
          [
            -73.94235,
            40.79476
          ],
          [
            -73.9423,
            40.79482
          ],
          [
            -73.94193,
            40.79534
          ],
          [
            -73.94188,
            40.79541
          ],
          [
            -73.94182,
            40.79548
          ],
          [
            -73.94145,
            40.79598
          ],
          [
            -73.94137,
            40.7961
          ],
          [
            -73.9412,
            40.79634
          ],
          [
            -73.94098,
            40.79663
          ],
          [
            -73.94057,
            40.7972
          ],
          [
            -73.94052,
            40.79727
          ],
          [
            -73.94047,
            40.79733
          ],
          [
            -73.94011,
            40.79783
          ],
          [
            -73.94011,
            40.79783
          ],
          [
            -73.94011,
            40.79783
          ],
          [
            -73.94009,
            40.79786
          ],
          [
            -73.94003,
            40.79794
          ],
          [
            -73.93995,
            40.79804
          ],
          [
            -73.93956,
            40.79857
          ],
          [
            -73.93952,
            40.79863
          ],
          [
            -73.93948,
            40.79868
          ],
          [
            -73.9391,
            40.7992
          ],
          [
            -73.93906,
            40.79925
          ],
          [
            -73.93902,
            40.79931
          ],
          [
            -73.9388,
            40.79961
          ],
          [
            -73.9388,
            40.79961
          ],
          [
            -73.9388,
            40.79961
          ],
          [
            -73.93865,
            40.79983
          ],
          [
            -73.93864,
            40.79983
          ],
          [
            -73.9386,
            40.79989
          ],
          [
            -73.93857,
            40.79994
          ],
          [
            -73.93856,
            40.79994
          ],
          [
            -73.93819,
            40.80046
          ],
          [
            -73.93816,
            40.8005
          ],
          [
            -73.93811,
            40.80056
          ],
          [
            -73.9381,
            40.80058
          ],
          [
            -73.93776,
            40.80106
          ],
          [
            -73.93776,
            40.80106
          ],
          [
            -73.93776,
            40.80106
          ],
          [
            -73.93773,
            40.80109
          ],
          [
            -73.93769,
            40.80114
          ],
          [
            -73.93765,
            40.8012
          ],
          [
            -73.93727,
            40.80172
          ],
          [
            -73.93724,
            40.80177
          ],
          [
            -73.93719,
            40.80183
          ],
          [
            -73.93681,
            40.80234
          ],
          [
            -73.93677,
            40.8024
          ],
          [
            -73.93673,
            40.80246
          ],
          [
            -73.93635,
            40.80298
          ],
          [
            -73.93631,
            40.80303
          ],
          [
            -73.93627,
            40.80309
          ],
          [
            -73.93616,
            40.80324
          ],
          [
            -73.9359,
            40.80361
          ],
          [
            -73.93583,
            40.80371
          ],
          [
            -73.93583,
            40.80371
          ],
          [
            -73.93596,
            40.80376
          ],
          [
            -73.9363,
            40.80391
          ],
          [
            -73.93652,
            40.804
          ],
          [
            -73.93673,
            40.80409
          ],
          [
            -73.93685,
            40.80414
          ],
          [
            -73.93735,
            40.80435
          ],
          [
            -73.93743,
            40.80438
          ],
          [
            -73.93753,
            40.80442
          ],
          [
            -73.9378,
            40.80454
          ],
          [
            -73.9378,
            40.80454
          ],
          [
            -73.9378,
            40.80454
          ],
          [
            -73.93788,
            40.80457
          ],
          [
            -73.93858,
            40.80487
          ],
          [
            -73.93885,
            40.80498
          ],
          [
            -73.93889,
            40.805
          ],
          [
            -73.93904,
            40.80506
          ],
          [
            -73.93918,
            40.80512
          ],
          [
            -73.93924,
            40.80515
          ],
          [
            -73.9397,
            40.80534
          ],
          [
            -73.94013,
            40.80552
          ],
          [
            -73.94027,
            40.80558
          ],
          [
            -73.94055,
            40.8057
          ],
          [
            -73.94064,
            40.80574
          ],
          [
            -73.94076,
            40.80579
          ],
          [
            -73.941,
            40.80589
          ],
          [
            -73.94183,
            40.80624
          ],
          [
            -73.94191,
            40.80627
          ],
          [
            -73.94217,
            40.80638
          ],
          [
            -73.94227,
            40.80642
          ],
          [
            -73.94237,
            40.80646
          ],
          [
            -73.94247,
            40.8065
          ],
          [
            -73.94247,
            40.8065
          ],
          [
            -73.94247,
            40.8065
          ],
          [
            -73.9426,
            40.80656
          ],
          [
            -73.94269,
            40.8066
          ],
          [
            -73.94378,
            40.80706
          ],
          [
            -73.94383,
            40.80708
          ],
          [
            -73.94389,
            40.8071
          ],
          [
            -73.94425,
            40.80726
          ],
          [
            -73.94481,
            40.80749
          ],
          [
            -73.94533,
            40.80771
          ],
          [
            -73.94541,
            40.80775
          ],
          [
            -73.94557,
            40.80781
          ],
          [
            -73.94567,
            40.80785
          ],
          [
            -73.94599,
            40.80799
          ],
          [
            -73.94599,
            40.80799
          ],
          [
            -73.94599,
            40.80799
          ],
          [
            -73.94686,
            40.80836
          ],
          [
            -73.94691,
            40.80838
          ],
          [
            -73.94696,
            40.8084
          ],
          [
            -73.94769,
            40.80871
          ],
          [
            -73.94801,
            40.80884
          ],
          [
            -73.94813,
            40.80889
          ],
          [
            -73.94825,
            40.80894
          ],
          [
            -73.9484,
            40.80901
          ],
          [
            -73.94853,
            40.80906
          ],
          [
            -73.94882,
            40.80918
          ],
          [
            -73.94882,
            40.80918
          ],
          [
            -73.94882,
            40.80918
          ],
          [
            -73.94973,
            40.80957
          ],
          [
            -73.94979,
            40.80959
          ],
          [
            -73.94987,
            40.80962
          ],
          [
            -73.95105,
            40.81012
          ],
          [
            -73.95118,
            40.81018
          ],
          [
            -73.95131,
            40.81023
          ],
          [
            -73.95163,
            40.81036
          ],
          [
            -73.95163,
            40.81036
          ],
          [
            -73.95163,
            40.81036
          ],
          [
            -73.95176,
            40.81042
          ],
          [
            -73.95188,
            40.81047
          ],
          [
            -73.95219,
            40.8106
          ],
          [
            -73.95246,
            40.81071
          ],
          [
            -73.95259,
            40.81077
          ],
          [
            -73.95273,
            40.81083
          ],
          [
            -73.95304,
            40.81096
          ],
          [
            -73.95304,
            40.81096
          ],
          [
            -73.95304,
            40.81096
          ],
          [
            -73.95317,
            40.81101
          ],
          [
            -73.95358,
            40.81118
          ],
          [
            -73.95389,
            40.81132
          ],
          [
            -73.95401,
            40.81137
          ],
          [
            -73.95414,
            40.81142
          ],
          [
            -73.95469,
            40.81166
          ],
          [
            -73.95475,
            40.81168
          ],
          [
            -73.9548,
            40.81171
          ],
          [
            -73.95483,
            40.81173
          ],
          [
            -73.95489,
            40.8118
          ],
          [
            -73.95497,
            40.81188
          ],
          [
            -73.955,
            40.81191
          ],
          [
            -73.955,
            40.81192
          ],
          [
            -73.95509,
            40.81201
          ],
          [
            -73.95522,
            40.81216
          ],
          [
            -73.95528,
            40.81223
          ],
          [
            -73.95574,
            40.81276
          ],
          [
            -73.95618,
            40.81328
          ],
          [
            -73.95627,
            40.81338
          ],
          [
            -73.95627,
            40.81338
          ],
          [
            -73.95618,
            40.8135
          ],
          [
            -73.9561,
            40.81362
          ],
          [
            -73.95597,
            40.81379
          ],
          [
            -73.95597,
            40.81379
          ],
          [
            -73.95597,
            40.81379
          ],
          [
            -73.95579,
            40.81402
          ],
          [
            -73.95576,
            40.81406
          ],
          [
            -73.9557,
            40.81414
          ],
          [
            -73.95565,
            40.81421
          ],
          [
            -73.95549,
            40.81442
          ],
          [
            -73.95544,
            40.81448
          ],
          [
            -73.9554,
            40.81454
          ],
          [
            -73.95524,
            40.81477
          ],
          [
            -73.95504,
            40.81506
          ],
          [
            -73.955,
            40.81511
          ],
          [
            -73.95496,
            40.81516
          ],
          [
            -73.95496,
            40.81516
          ],
          [
            -73.95496,
            40.81516
          ],
          [
            -73.95495,
            40.81517
          ],
          [
            -73.95466,
            40.81558
          ],
          [
            -73.95458,
            40.81569
          ],
          [
            -73.95454,
            40.81574
          ],
          [
            -73.9545,
            40.81579
          ],
          [
            -73.95411,
            40.81631
          ],
          [
            -73.95408,
            40.81636
          ],
          [
            -73.95402,
            40.81643
          ],
          [
            -73.95382,
            40.81671
          ],
          [
            -73.95382,
            40.81671
          ],
          [
            -73.95382,
            40.81671
          ],
          [
            -73.95379,
            40.81676
          ],
          [
            -73.95322,
            40.81753
          ],
          [
            -73.95318,
            40.81759
          ],
          [
            -73.95312,
            40.81767
          ],
          [
            -73.95298,
            40.81787
          ],
          [
            -73.95298,
            40.81787
          ],
          [
            -73.95298,
            40.81787
          ],
          [
            -73.95295,
            40.81792
          ],
          [
            -73.95277,
            40.81817
          ],
          [
            -73.95272,
            40.81823
          ],
          [
            -73.95269,
            40.81827
          ],
          [
            -73.95244,
            40.81861
          ],
          [
            -73.95227,
            40.81886
          ],
          [
            -73.95226,
            40.81887
          ],
          [
            -73.95221,
            40.81893
          ],
          [
            -73.95217,
            40.81899
          ],
          [
            -73.95216,
            40.81901
          ],
          [
            -73.9519,
            40.81934
          ],
          [
            -73.9519,
            40.81934
          ],
          [
            -73.9519,
            40.81934
          ],
          [
            -73.95178,
            40.81951
          ],
          [
            -73.95173,
            40.81957
          ],
          [
            -73.95168,
            40.81964
          ],
          [
            -73.9513,
            40.82016
          ],
          [
            -73.95087,
            40.82075
          ],
          [
            -73.95081,
            40.82082
          ],
          [
            -73.95078,
            40.82087
          ],
          [
            -73.95064,
            40.82107
          ],
          [
            -73.95064,
            40.82107
          ],
          [
            -73.95064,
            40.82107
          ],
          [
            -73.9504,
            40.82139
          ],
          [
            -73.95036,
            40.82144
          ],
          [
            -73.95032,
            40.82151
          ],
          [
            -73.94995,
            40.82201
          ],
          [
            -73.94991,
            40.82206
          ],
          [
            -73.94986,
            40.82213
          ],
          [
            -73.9495,
            40.82263
          ],
          [
            -73.94946,
            40.82268
          ],
          [
            -73.94941,
            40.82275
          ],
          [
            -73.94904,
            40.82326
          ],
          [
            -73.94899,
            40.82332
          ],
          [
            -73.94895,
            40.82337
          ],
          [
            -73.94858,
            40.82389
          ],
          [
            -73.94854,
            40.82394
          ],
          [
            -73.9485,
            40.82399
          ],
          [
            -73.94812,
            40.82451
          ],
          [
            -73.94809,
            40.82455
          ],
          [
            -73.94804,
            40.82462
          ],
          [
            -73.94767,
            40.82514
          ],
          [
            -73.9476,
            40.82524
          ],
          [
            -73.94752,
            40.82534
          ],
          [
            -73.9473,
            40.82564
          ],
          [
            -73.9473,
            40.82564
          ],
          [
            -73.9473,
            40.82564
          ],
          [
            -73.94714,
            40.82585
          ],
          [
            -73.94711,
            40.8259
          ],
          [
            -73.94706,
            40.82596
          ],
          [
            -73.94669,
            40.82648
          ],
          [
            -73.94665,
            40.82653
          ],
          [
            -73.94661,
            40.82659
          ],
          [
            -73.94623,
            40.8271
          ],
          [
            -73.94619,
            40.82715
          ],
          [
            -73.94615,
            40.82721
          ],
          [
            -73.94577,
            40.82773
          ],
          [
            -73.94573,
            40.82778
          ],
          [
            -73.94569,
            40.82784
          ],
          [
            -73.94532,
            40.82835
          ],
          [
            -73.94528,
            40.8284
          ],
          [
            -73.94524,
            40.82846
          ],
          [
            -73.94511,
            40.82863
          ],
          [
            -73.94509,
            40.82866
          ],
          [
            -73.945,
            40.82878
          ],
          [
            -73.94487,
            40.82897
          ],
          [
            -73.94483,
            40.82902
          ],
          [
            -73.9448,
            40.82906
          ],
          [
            -73.94441,
            40.82959
          ],
          [
            -73.94437,
            40.82964
          ],
          [
            -73.94433,
            40.8297
          ],
          [
            -73.94416,
            40.82993
          ],
          [
            -73.94416,
            40.82993
          ],
          [
            -73.94416,
            40.82993
          ],
          [
            -73.94409,
            40.83003
          ],
          [
            -73.94396,
            40.83021
          ],
          [
            -73.94391,
            40.83027
          ],
          [
            -73.94388,
            40.83032
          ],
          [
            -73.9435,
            40.83084
          ],
          [
            -73.94346,
            40.83089
          ],
          [
            -73.94342,
            40.83095
          ],
          [
            -73.94305,
            40.83146
          ],
          [
            -73.94297,
            40.83157
          ],
          [
            -73.9429,
            40.83166
          ],
          [
            -73.94287,
            40.8317
          ],
          [
            -73.94287,
            40.8317
          ],
          [
            -73.94287,
            40.8317
          ],
          [
            -73.94252,
            40.83218
          ],
          [
            -73.94248,
            40.83223
          ],
          [
            -73.94244,
            40.83229
          ],
          [
            -73.94206,
            40.83281
          ],
          [
            -73.94201,
            40.83288
          ],
          [
            -73.94198,
            40.83292
          ],
          [
            -73.94161,
            40.83343
          ],
          [
            -73.94157,
            40.83348
          ],
          [
            -73.94152,
            40.83355
          ],
          [
            -73.94144,
            40.83366
          ],
          [
            -73.94144,
            40.83366
          ],
          [
            -73.94144,
            40.83366
          ],
          [
            -73.94115,
            40.83406
          ],
          [
            -73.94111,
            40.83411
          ],
          [
            -73.94106,
            40.83417
          ],
          [
            -73.94069,
            40.83467
          ],
          [
            -73.94065,
            40.83473
          ],
          [
            -73.94061,
            40.83479
          ],
          [
            -73.94026,
            40.83527
          ],
          [
            -73.94026,
            40.83527
          ],
          [
            -73.94026,
            40.83527
          ],
          [
            -73.94024,
            40.8353
          ],
          [
            -73.9402,
            40.83536
          ],
          [
            -73.94016,
            40.83542
          ],
          [
            -73.94006,
            40.83556
          ],
          [
            -73.93993,
            40.83576
          ],
          [
            -73.93988,
            40.83582
          ],
          [
            -73.93984,
            40.83589
          ],
          [
            -73.93981,
            40.83593
          ],
          [
            -73.93971,
            40.83607
          ],
          [
            -73.93956,
            40.83628
          ],
          [
            -73.93939,
            40.83651
          ],
          [
            -73.93934,
            40.83658
          ],
          [
            -73.93929,
            40.83664
          ],
          [
            -73.93889,
            40.83719
          ],
          [
            -73.93886,
            40.83724
          ],
          [
            -73.93881,
            40.8373
          ],
          [
            -73.93866,
            40.8375
          ],
          [
            -73.93866,
            40.8375
          ],
          [
            -73.93866,
            40.8375
          ],
          [
            -73.93862,
            40.83755
          ],
          [
            -73.9384,
            40.83782
          ],
          [
            -73.93835,
            40.83788
          ],
          [
            -73.93827,
            40.838
          ],
          [
            -73.93818,
            40.83812
          ],
          [
            -73.93805,
            40.8383
          ],
          [
            -73.93791,
            40.83849
          ],
          [
            -73.93783,
            40.83861
          ],
          [
            -73.93777,
            40.83868
          ],
          [
            -73.93775,
            40.83871
          ],
          [
            -73.93773,
            40.83874
          ],
          [
            -73.93756,
            40.83899
          ],
          [
            -73.93753,
            40.83902
          ],
          [
            -73.93739,
            40.83922
          ],
          [
            -73.93736,
            40.83927
          ],
          [
            -73.93735,
            40.83928
          ],
          [
            -73.93734,
            40.8393
          ],
          [
            -73.93721,
            40.83946
          ],
          [
            -73.93717,
            40.83951
          ],
          [
            -73.93703,
            40.8397
          ],
          [
            -73.93703,
            40.8397
          ],
          [
            -73.93703,
            40.8397
          ],
          [
            -73.93696,
            40.8398
          ],
          [
            -73.93691,
            40.83986
          ],
          [
            -73.93685,
            40.83994
          ],
          [
            -73.93678,
            40.84003
          ],
          [
            -73.93667,
            40.84019
          ],
          [
            -73.9365,
            40.84042
          ],
          [
            -73.93646,
            40.84048
          ],
          [
            -73.93642,
            40.84053
          ],
          [
            -73.93631,
            40.84068
          ],
          [
            -73.93608,
            40.84099
          ],
          [
            -73.93604,
            40.84106
          ],
          [
            -73.93601,
            40.84109
          ],
          [
            -73.93598,
            40.84114
          ],
          [
            -73.9358,
            40.84138
          ],
          [
            -73.93565,
            40.84158
          ],
          [
            -73.9356,
            40.84165
          ],
          [
            -73.93557,
            40.8417
          ],
          [
            -73.93553,
            40.84175
          ],
          [
            -73.93538,
            40.84195
          ],
          [
            -73.93516,
            40.84225
          ],
          [
            -73.93512,
            40.8423
          ],
          [
            -73.93509,
            40.84235
          ],
          [
            -73.93503,
            40.84244
          ],
          [
            -73.93488,
            40.84265
          ],
          [
            -73.93473,
            40.84288
          ],
          [
            -73.93468,
            40.84294
          ],
          [
            -73.93462,
            40.84302
          ],
          [
            -73.93452,
            40.84315
          ],
          [
            -73.93452,
            40.84315
          ],
          [
            -73.93452,
            40.84315
          ],
          [
            -73.93442,
            40.8433
          ],
          [
            -73.93425,
            40.84352
          ],
          [
            -73.93421,
            40.84358
          ],
          [
            -73.93416,
            40.84365
          ],
          [
            -73.93398,
            40.84389
          ],
          [
            -73.9338,
            40.84414
          ],
          [
            -73.93372,
            40.84425
          ],
          [
            -73.93365,
            40.84435
          ],
          [
            -73.93328,
            40.84486
          ],
          [
            -73.93324,
            40.84491
          ],
          [
            -73.9332,
            40.84496
          ],
          [
            -73.93304,
            40.84518
          ],
          [
            -73.93304,
            40.84518
          ],
          [
            -73.93304,
            40.84518
          ],
          [
            -73.93284,
            40.84546
          ],
          [
            -73.93283,
            40.84548
          ],
          [
            -73.93278,
            40.84554
          ],
          [
            -73.93275,
            40.84559
          ],
          [
            -73.93238,
            40.84609
          ],
          [
            -73.93233,
            40.84616
          ],
          [
            -73.93228,
            40.84623
          ],
          [
            -73.93208,
            40.8465
          ],
          [
            -73.93189,
            40.84675
          ],
          [
            -73.93185,
            40.84681
          ],
          [
            -73.93181,
            40.84687
          ],
          [
            -73.93168,
            40.84704
          ],
          [
            -73.93168,
            40.84704
          ],
          [
            -73.93168,
            40.84704
          ],
          [
            -73.93162,
            40.84713
          ],
          [
            -73.93144,
            40.84738
          ],
          [
            -73.9314,
            40.84743
          ],
          [
            -73.93135,
            40.84749
          ],
          [
            -73.93117,
            40.84774
          ],
          [
            -73.93117,
            40.84775
          ],
          [
            -73.93111,
            40.84782
          ],
          [
            -73.93096,
            40.84803
          ],
          [
            -73.93088,
            40.84814
          ],
          [
            -73.93082,
            40.84822
          ],
          [
            -73.93079,
            40.84825
          ],
          [
            -73.9307,
            40.84839
          ],
          [
            -73.9307,
            40.84839
          ],
          [
            -73.93069,
            40.84839
          ],
          [
            -73.93062,
            40.8485
          ],
          [
            -73.93051,
            40.84864
          ],
          [
            -73.93047,
            40.8487
          ],
          [
            -73.93043,
            40.84876
          ],
          [
            -73.9304,
            40.8488
          ],
          [
            -73.93031,
            40.84892
          ],
          [
            -73.93008,
            40.84923
          ],
          [
            -73.93004,
            40.84929
          ],
          [
            -73.93002,
            40.84932
          ],
          [
            -73.92996,
            40.84939
          ],
          [
            -73.92976,
            40.84966
          ],
          [
            -73.92974,
            40.84971
          ],
          [
            -73.92971,
            40.84975
          ],
          [
            -73.92968,
            40.84983
          ],
          [
            -73.92968,
            40.84983
          ],
          [
            -73.92968,
            40.84983
          ],
          [
            -73.92964,
            40.84992
          ],
          [
            -73.92962,
            40.84995
          ],
          [
            -73.9296,
            40.84998
          ],
          [
            -73.92925,
            40.85045
          ],
          [
            -73.9292,
            40.85053
          ],
          [
            -73.92916,
            40.85057
          ],
          [
            -73.9289,
            40.85093
          ],
          [
            -73.92871,
            40.85113
          ],
          [
            -73.92865,
            40.85119
          ],
          [
            -73.92862,
            40.85124
          ],
          [
            -73.92841,
            40.85152
          ],
          [
            -73.92825,
            40.85174
          ],
          [
            -73.92821,
            40.8518
          ],
          [
            -73.92816,
            40.85187
          ],
          [
            -73.92811,
            40.85193
          ],
          [
            -73.92774,
            40.85243
          ],
          [
            -73.9277,
            40.8525
          ],
          [
            -73.92766,
            40.85255
          ],
          [
            -73.92749,
            40.85278
          ],
          [
            -73.92739,
            40.85292
          ],
          [
            -73.92728,
            40.85306
          ],
          [
            -73.92724,
            40.85312
          ],
          [
            -73.9272,
            40.85317
          ],
          [
            -73.92686,
            40.85364
          ],
          [
            -73.92681,
            40.85372
          ],
          [
            -73.92675,
            40.8538
          ],
          [
            -73.92663,
            40.85396
          ],
          [
            -73.92663,
            40.85396
          ],
          [
            -73.92663,
            40.85396
          ],
          [
            -73.92591,
            40.85494
          ],
          [
            -73.92514,
            40.85597
          ],
          [
            -73.92486,
            40.85637
          ],
          [
            -73.92486,
            40.85637
          ],
          [
            -73.92474,
            40.85657
          ],
          [
            -73.92465,
            40.85678
          ],
          [
            -73.92463,
            40.85697
          ],
          [
            -73.92465,
            40.85716
          ],
          [
            -73.9247,
            40.85731
          ],
          [
            -73.92477,
            40.85745
          ],
          [
            -73.92484,
            40.8576
          ],
          [
            -73.92493,
            40.85776
          ],
          [
            -73.92497,
            40.85782
          ],
          [
            -73.92503,
            40.8579
          ],
          [
            -73.92508,
            40.85796
          ],
          [
            -73.9252,
            40.85807
          ],
          [
            -73.92531,
            40.85812
          ],
          [
            -73.9254,
            40.85816
          ],
          [
            -73.92546,
            40.85818
          ],
          [
            -73.92552,
            40.8582
          ],
          [
            -73.92561,
            40.85822
          ],
          [
            -73.92571,
            40.85823
          ],
          [
            -73.92587,
            40.85824
          ],
          [
            -73.92602,
            40.85822
          ],
          [
            -73.92609,
            40.8582
          ],
          [
            -73.92616,
            40.85819
          ],
          [
            -73.92619,
            40.85818
          ],
          [
            -73.92625,
            40.85816
          ],
          [
            -73.92636,
            40.8581
          ],
          [
            -73.92647,
            40.85803
          ],
          [
            -73.9265,
            40.858
          ],
          [
            -73.9265,
            40.858
          ]
        ]
      }
    }
  ]
}