{
  "type": "FeatureCollection",
  "features": [
    {
      "type": "Feature",
      "properties": {
        "route_id": "BX12-W-Night",
        "layer": "T1 Original"
      },
      "geometry": {
        "type": "LineString",
        "coordinates": [
          [
            -73.82735,
            40.86602
          ],
          [
            -73.82731,
            40.86607
          ],
          [
            -73.82721,
            40.86618
          ],
          [
            -73.82714,
            40.86626
          ],
          [
            -73.82708,
            40.86632
          ],
          [
            -73.82708,
            40.86632
          ],
          [
            -73.82716,
            40.86636
          ],
          [
            -73.8279,
            40.86674
          ],
          [
            -73.8279,
            40.86674
          ],
          [
            -73.8279,
            40.86674
          ],
          [
            -73.82806,
            40.86682
          ],
          [
            -73.82819,
            40.86689
          ],
          [
            -73.82819,
            40.86689
          ],
          [
            -73.82807,
            40.86696
          ],
          [
            -73.82766,
            40.86741
          ],
          [
            -73.82739,
            40.86771
          ],
          [
            -73.82738,
            40.86773
          ],
          [
            -73.8273,
            40.86782
          ],
          [
            -73.82722,
            40.86791
          ],
          [
            -73.82716,
            40.86798
          ],
          [
            -73.82697,
            40.86821
          ],
          [
            -73.82689,
            40.8683
          ],
          [
            -73.82686,
            40.86839
          ],
          [
            -73.82661,
            40.86873
          ],
          [
            -73.8266,
            40.86874
          ],
          [
            -73.82653,
            40.86882
          ],
          [
            -73.82629,
            40.8691
          ],
          [
            -73.82621,
            40.86919
          ],
          [
            -73.82619,
            40.86921
          ],
          [
            -73.82618,
            40.86922
          ],
          [
            -73.82617,
            40.86924
          ],
          [
            -73.82616,
            40.86926
          ],
          [
            -73.82615,
            40.86928
          ],
          [
            -73.82613,
            40.86936
          ],
          [
            -73.82612,
            40.86944
          ],
          [
            -73.82612,
            40.86944
          ],
          [
            -73.8261,
            40.86958
          ],
          [
            -73.82627,
            40.8696
          ],
          [
            -73.82641,
            40.86961
          ],
          [
            -73.82655,
            40.86961
          ],
          [
            -73.82672,
            40.86962
          ],
          [
            -73.82685,
            40.86962
          ],
          [
            -73.82699,
            40.86963
          ],
          [
            -73.82714,
            40.86963
          ],
          [
            -73.82751,
            40.86963
          ],
          [
            -73.82767,
            40.86962
          ],
          [
            -73.82783,
            40.86962
          ],
          [
            -73.82805,
            40.86961
          ],
          [
            -73.82833,
            40.86959
          ],
          [
            -73.82857,
            40.86957
          ],
          [
            -73.8287,
            40.86955
          ],
          [
            -73.8287,
            40.86955
          ],
          [
            -73.82871,
            40.86955
          ],
          [
            -73.82878,
            40.86955
          ],
          [
            -73.82904,
            40.86951
          ],
          [
            -73.82925,
            40.86948
          ],
          [
            -73.82947,
            40.86944
          ],
          [
            -73.82971,
            40.8694
          ],
          [
            -73.82992,
            40.86935
          ],
          [
            -73.83014,
            40.8693
          ],
          [
            -73.83037,
            40.86923
          ],
          [
            -73.83051,
            40.86919
          ],
          [
            -73.83064,
            40.86916
          ],
          [
            -73.83101,
            40.86907
          ],
          [
            -73.8312,
            40.86901
          ],
          [
            -73.83162,
            40.8689
          ],
          [
            -73.83172,
            40.86887
          ],
          [
            -73.83184,
            40.86883
          ],
          [
            -73.83319,
            40.86839
          ],
          [
            -73.83319,
            40.86839
          ],
          [
            -73.83313,
            40.86827
          ],
          [
            -73.83309,
            40.86821
          ],
          [
            -73.83302,
            40.86808
          ],
          [
            -73.83302,
            40.86808
          ],
          [
            -73.83308,
            40.86807
          ],
          [
            -73.83308,
            40.86807
          ],
          [
            -73.83308,
            40.86807
          ],
          [
            -73.83302,
            40.86808
          ],
          [
            -73.83302,
            40.86808
          ],
          [
            -73.83291,
            40.86789
          ],
          [
            -73.83282,
            40.86773
          ],
          [
            -73.83241,
            40.86702
          ],
          [
            -73.83176,
            40.86591
          ],
          [
            -73.83176,
            40.86591
          ],
          [
            -73.83151,
            40.86568
          ],
          [
            -73.83144,
            40.86561
          ],
          [
            -73.83138,
            40.86554
          ],
          [
            -73.83127,
            40.8654
          ],
          [
            -73.8312,
            40.86529
          ],
          [
            -73.83111,
            40.86516
          ],
          [
            -73.83099,
            40.86496
          ],
          [
            -73.83085,
            40.86473
          ],
          [
            -73.83066,
            40.86453
          ],
          [
            -73.83066,
            40.86453
          ],
          [
            -73.83057,
            40.86433
          ],
          [
            -73.83047,
            40.86411
          ],
          [
            -73.83039,
            40.86391
          ],
          [
            -73.83031,
            40.8637
          ],
          [
            -73.83023,
            40.86348
          ],
          [
            -73.83014,
            40.86327
          ],
          [
            -73.83006,
            40.86306
          ],
          [
            -73.82996,
            40.86285
          ],
          [
            -73.82985,
            40.86264
          ],
          [
            -73.82974,
            40.86245
          ],
          [
            -73.8296,
            40.86224
          ],
          [
            -73.82947,
            40.86205
          ],
          [
            -73.82933,
            40.86187
          ],
          [
            -73.82915,
            40.86167
          ],
          [
            -73.82898,
            40.86149
          ],
          [
            -73.82877,
            40.86129
          ],
          [
            -73.82853,
            40.86108
          ],
          [
            -73.8284,
            40.86096
          ],
          [
            -73.82826,
            40.86085
          ],
          [
            -73.82812,
            40.86073
          ],
          [
            -73.828,
            40.86061
          ],
          [
            -73.82791,
            40.86052
          ],
          [
            -73.82783,
            40.86043
          ],
          [
            -73.82775,
            40.86034
          ],
          [
            -73.82769,
            40.86024
          ],
          [
            -73.82762,
            40.86014
          ],
          [
            -73.82756,
            40.86004
          ],
          [
            -73.82751,
            40.85994
          ],
          [
            -73.82747,
            40.85985
          ],
          [
            -73.82733,
            40.85947
          ],
          [
            -73.82715,
            40.859
          ],
          [
            -73.82708,
            40.85881
          ],
          [
            -73.82703,
            40.85865
          ],
          [
            -73.82696,
            40.85845
          ],
          [
            -73.82689,
            40.85823
          ],
          [
            -73.82683,
            40.85801
          ],
          [
            -73.82677,
            40.85779
          ],
          [
            -73.82672,
            40.85758
          ],
          [
            -73.82667,
            40.85737
          ],
          [
            -73.82663,
            40.85715
          ],
          [
            -73.82661,
            40.85704
          ],
          [
            -73.82658,
            40.85694
          ],
          [
            -73.82657,
            40.85686
          ],
          [
            -73.82653,
            40.85659
          ],
          [
            -73.82649,
            40.85629
          ],
          [
            -73.82647,
            40.85618
          ],
          [
            -73.82646,
            40.85607
          ],
          [
            -73.82643,
            40.85567
          ],
          [
            -73.82643,
            40.85567
          ],
          [
            -73.8265,
            40.85499
          ],
          [
            -73.82651,
            40.85486
          ],
          [
            -73.82652,
            40.85473
          ],
          [
            -73.82652,
            40.85459
          ],
          [
            -73.82652,
            40.85437
          ],
          [
            -73.82652,
            40.85421
          ],
          [
            -73.82653,
            40.85406
          ],
          [
            -73.82654,
            40.85391
          ],
          [
            -73.82655,
            40.85383
          ],
          [
            -73.82657,
            40.85375
          ],
          [
            -73.82658,
            40.85365
          ],
          [
            -73.8266,
            40.85357
          ],
          [
            -73.82662,
            40.85347
          ],
          [
            -73.82663,
            40.85341
          ],
          [
            -73.82665,
            40.85336
          ],
          [
            -73.82665,
            40.85336
          ],
          [
            -73.82668,
            40.85336
          ],
          [
            -73.82671,
            40.85337
          ],
          [
            -73.82674,
            40.85337
          ],
          [
            -73.82676,
            40.85337
          ],
          [
            -73.8268,
            40.85337
          ],
          [
            -73.82683,
            40.85337
          ],
          [
            -73.82704,
            40.85334
          ],
          [
            -73.82708,
            40.85334
          ],
          [
            -73.8271,
            40.85333
          ],
          [
            -73.82713,
            40.85332
          ],
          [
            -73.82716,
            40.85331
          ],
          [
            -73.82718,
            40.8533
          ],
          [
            -73.8272,
            40.85329
          ],
          [
            -73.82721,
            40.85328
          ],
          [
            -73.82723,
            40.85325
          ],
          [
            -73.82735,
            40.85293
          ],
          [
            -73.82735,
            40.8529
          ],
          [
            -73.82736,
            40.85286
          ],
          [
            -73.82736,
            40.85282
          ],
          [
            -73.82736,
            40.85282
          ],
          [
            -73.82733,
            40.85267
          ],
          [
            -73.82722,
            40.85212
          ],
          [
            -73.8272,
            40.85199
          ],
          [
            -73.82719,
            40.85194
          ],
          [
            -73.82718,
            40.8518
          ],
          [
            -73.82718,
            40.85178
          ],
          [
            -73.82718,
            40.85178
          ],
          [
            -73.82718,
            40.85178
          ],
          [
            -73.82717,
            40.85173
          ],
          [
            -73.82717,
            40.85173
          ],
          [
            -73.82715,
            40.85174
          ],
          [
            -73.82714,
            40.85174
          ],
          [
            -73.82712,
            40.85175
          ],
          [
            -73.8271,
            40.85175
          ],
          [
            -73.8271,
            40.85175
          ],
          [
            -73.82708,
            40.85175
          ],
          [
            -73.82705,
            40.85174
          ],
          [
            -73.82703,
            40.85174
          ],
          [
            -73.82671,
            40.85168
          ],
          [
            -73.82664,
            40.85166
          ],
          [
            -73.82664,
            40.85166
          ],
          [
            -73.82656,
            40.85165
          ],
          [
            -73.82656,
            40.85165
          ],
          [
            -73.82654,
            40.8517
          ],
          [
            -73.82609,
            40.85305
          ],
          [
            -73.82607,
            40.8531
          ],
          [
            -73.82605,
            40.85315
          ],
          [
            -73.82603,
            40.85322
          ],
          [
            -73.82603,
            40.85322
          ],
          [
            -73.82602,
            40.85325
          ],
          [
            -73.826,
            40.85327
          ],
          [
            -73.82598,
            40.8533
          ],
          [
            -73.82596,
            40.85332
          ],
          [
            -73.82574,
            40.85352
          ],
          [
            -73.82537,
            40.85394
          ],
          [
            -73.82523,
            40.85409
          ],
          [
            -73.82512,
            40.85419
          ],
          [
            -73.82502,
            40.85427
          ],
          [
            -73.82491,
            40.85435
          ],
          [
            -73.82469,
            40.85449
          ],
          [
            -73.82454,
            40.85457
          ],
          [
            -73.8244,
            40.85463
          ],
          [
            -73.82424,
            40.8547
          ],
          [
            -73.82356,
            40.85499
          ],
          [
            -73.82346,
            40.85504
          ],
          [
            -73.82336,
            40.85509
          ],
          [
            -73.82328,
            40.85513
          ],
          [
            -73.82321,
            40.85517
          ],
          [
            -73.82312,
            40.85522
          ],
          [
            -73.8227,
            40.85547
          ],
          [
            -73.82245,
            40.85562
          ],
          [
            -73.82226,
            40.85574
          ],
          [
            -73.8221,
            40.85585
          ],
          [
            -73.82196,
            40.85594
          ],
          [
            -73.82189,
            40.85599
          ],
          [
            -73.82182,
            40.85604
          ],
          [
            -73.82159,
            40.85621
          ],
          [
            -73.82148,
            40.85629
          ],
          [
            -73.82134,
            40.85641
          ],
          [
            -73.82087,
            40.8568
          ],
          [
            -73.82087,
            40.8568
          ],
          [
            -73.82096,
            40.85689
          ],
          [
            -73.82102,
            40.85695
          ],
          [
            -73.82108,
            40.857
          ],
          [
            -73.82141,
            40.85726
          ],
          [
            -73.82149,
            40.85732
          ],
          [
            -73.82154,
            40.85735
          ],
          [
            -73.8216,
            40.85738
          ],
          [
            -73.82165,
            40.8574
          ],
          [
            -73.82171,
            40.85741
          ],
          [
            -73.82177,
            40.85742
          ],
          [
            -73.82182,
            40.85741
          ],
          [
            -73.82188,
            40.85741
          ],
          [
            -73.82192,
            40.8574
          ],
          [
            -73.82265,
            40.85724
          ],
          [
            -73.82265,
            40.85724
          ],
          [
            -73.82279,
            40.85721
          ],
          [
            -73.82293,
            40.85717
          ],
          [
            -73.82307,
            40.85714
          ],
          [
            -73.8232,
            40.85711
          ],
          [
            -73.82334,
            40.85708
          ],
          [
            -73.82348,
            40.85705
          ],
          [
            -73.82358,
            40.85704
          ],
          [
            -73.82377,
            40.857
          ],
          [
            -73.82391,
            40.85698
          ],
          [
            -73.82405,
            40.85695
          ],
          [
            -73.82422,
            40.85693
          ],
          [
            -73.82439,
            40.8569
          ],
          [
            -73.82471,
            40.85686
          ],
          [
            -73.82646,
            40.85665
          ],
          [
            -73.82646,
            40.85665
          ],
          [
            -73.82772,
            40.85651
          ],
          [
            -73.82785,
            40.85649
          ],
          [
            -73.83034,
            40.85621
          ],
          [
            -73.83149,
            40.85608
          ],
          [
            -73.83163,
            40.85607
          ],
          [
            -73.83177,
            40.85606
          ],
          [
            -73.83192,
            40.85605
          ],
          [
            -73.83206,
            40.85605
          ],
          [
            -73.8322,
            40.85605
          ],
          [
            -73.83235,
            40.85606
          ],
          [
            -73.83249,
            40.85606
          ],
          [
            -73.83263,
            40.85608
          ],
          [
            -73.83277,
            40.8561
          ],
          [
            -73.83292,
            40.85612
          ],
          [
            -73.83335,
            40.85619
          ],
          [
            -73.83458,
            40.85639
          ],
          [
            -73.83587,
            40.85659
          ],
          [
            -73.83655,
            40.85669
          ],
          [
            -73.83655,
            40.85669
          ],
          [
            -73.83656,
            40.85669
          ],
          [
            -73.83672,
            40.85671
          ],
          [
            -73.83691,
            40.85673
          ],
          [
            -73.83707,
            40.85675
          ],
          [
            -73.83735,
            40.85679
          ],
          [
            -73.83748,
            40.85681
          ],
          [
            -73.8376,
            40.85683
          ],
          [
            -73.84286,
            40.85763
          ],
          [
            -73.84341,
            40.85771
          ],
          [
            -73.84354,
            40.85773
          ],
          [
            -73.84368,
            40.85776
          ],
          [
            -73.8439,
            40.85778
          ],
          [
            -73.84404,
            40.8578
          ],
          [
            -73.84418,
            40.85782
          ],
          [
            -73.84429,
            40.85783
          ],
          [
            -73.84431,
            40.85783
          ],
          [
            -73.84431,
            40.85783
          ],
          [
            -73.84431,
            40.85783
          ],
          [
            -73.84641,
            40.85803
          ],
          [
            -73.84649,
            40.85804
          ],
          [
            -73.84658,
            40.85805
          ],
          [
            -73.84676,
            40.85807
          ],
          [
            -73.84691,
            40.85808
          ],
          [
            -73.84705,
            40.85808
          ],
          [
            -73.84719,
            40.85808
          ],
          [
            -73.84951,
            40.85811
          ],
          [
            -73.84966,
            40.85811
          ],
          [
            -73.8498,
            40.85811
          ],
          [
            -73.84995,
            40.8581
          ],
          [
            -73.85008,
            40.85808
          ],
          [
            -73.85151,
            40.85796
          ],
          [
            -73.85151,
            40.85796
          ],
          [
            -73.85151,
            40.85796
          ],
          [
            -73.85161,
            40.85795
          ],
          [
            -73.85169,
            40.85794
          ],
          [
            -73.85551,
            40.85761
          ],
          [
            -73.85617,
            40.85756
          ],
          [
            -73.85637,
            40.85755
          ],
          [
            -73.85655,
            40.85755
          ],
          [
            -73.85664,
            40.85754
          ],
          [
            -73.85664,
            40.85754
          ],
          [
            -73.85664,
            40.85754
          ],
          [
            -73.85693,
            40.85754
          ],
          [
            -73.85879,
            40.85748
          ],
          [
            -73.86165,
            40.85741
          ],
          [
            -73.86174,
            40.85741
          ],
          [
            -73.86476,
            40.85732
          ],
          [
            -73.86732,
            40.85726
          ],
          [
            -73.86732,
            40.85726
          ],
          [
            -73.86732,
            40.85726
          ],
          [
            -73.86745,
            40.85726
          ],
          [
            -73.86762,
            40.85725
          ],
          [
            -73.86776,
            40.85725
          ],
          [
            -73.86841,
            40.85723
          ],
          [
            -73.86867,
            40.85723
          ],
          [
            -73.86887,
            40.85722
          ],
          [
            -73.869,
            40.85721
          ],
          [
            -73.86908,
            40.8572
          ],
          [
            -73.86917,
            40.85719
          ],
          [
            -73.86927,
            40.85718
          ],
          [
            -73.86938,
            40.85716
          ],
          [
            -73.86938,
            40.85716
          ],
          [
            -73.86978,
            40.85707
          ],
          [
            -73.87007,
            40.857
          ],
          [
            -73.87035,
            40.85693
          ],
          [
            -73.87117,
            40.85672
          ],
          [
            -73.87173,
            40.85658
          ],
          [
            -73.87241,
            40.8564
          ],
          [
            -73.87301,
            40.85625
          ],
          [
            -73.87311,
            40.85623
          ],
          [
            -73.87337,
            40.85617
          ],
          [
            -73.87419,
            40.85599
          ],
          [
            -73.875,
            40.85584
          ],
          [
            -73.87535,
            40.85576
          ],
          [
            -73.87562,
            40.85569
          ],
          [
            -73.87589,
            40.85564
          ],
          [
            -73.87618,
            40.85559
          ],
          [
            -73.87646,
            40.85555
          ],
          [
            -73.87661,
            40.85552
          ],
          [
            -73.87676,
            40.8555
          ],
          [
            -73.87691,
            40.85548
          ],
          [
            -73.87701,
            40.85548
          ],
          [
            -73.87716,
            40.85548
          ],
          [
            -73.87732,
            40.85549
          ],
          [
            -73.87745,
            40.8555
          ],
          [
            -73.87756,
            40.85552
          ],
          [
            -73.87769,
            40.85554
          ],
          [
            -73.8778,
            40.85557
          ],
          [
            -73.87792,
            40.85561
          ],
          [
            -73.87803,
            40.85565
          ],
          [
            -73.87814,
            40.8557
          ],
          [
            -73.87826,
            40.85575
          ],
          [
            -73.87853,
            40.85588
          ],
          [
            -73.87866,
            40.85594
          ],
          [
            -73.8788,
            40.85602
          ],
          [
            -73.87894,
            40.85612
          ],
          [
            -73.87894,
            40.85612
          ],
          [
            -73.87896,
            40.85622
          ],
          [
            -73.87901,
            40.85628
          ],
          [
            -73.8791,
            40.85636
          ],
          [
            -73.8792,
            40.85644
          ],
          [
            -73.87931,
            40.8565
          ],
          [
            -73.87942,
            40.85657
          ],
          [
            -73.88023,
            40.85705
          ],
          [
            -73.88033,
            40.85711
          ],
          [
            -73.88042,
            40.85717
          ],
          [
            -73.88052,
            40.85724
          ],
          [
            -73.88055,
            40.85727
          ],
          [
            -73.88055,
            40.85727
          ],
          [
            -73.88055,
            40.85727
          ],
          [
            -73.88058,
            40.85728
          ],
          [
            -73.88063,
            40.85732
          ],
          [
            -73.88081,
            40.85747
          ],
          [
            -73.88081,
            40.85747
          ],
          [
            -73.88097,
            40.85758
          ],
          [
            -73.88108,
            40.85766
          ],
          [
            -73.88115,
            40.85771
          ],
          [
            -73.8812,
            40.85773
          ],
          [
            -73.88127,
            40.85776
          ],
          [
            -73.88133,
            40.85778
          ],
          [
            -73.88144,
            40.8578
          ],
          [
            -73.8815,
            40.8578
          ],
          [
            -73.88165,
            40.85781
          ],
          [
            -73.88177,
            40.85782
          ],
          [
            -73.88189,
            40.85783
          ],
          [
            -73.88203,
            40.85785
          ],
          [
            -73.88224,
            40.85789
          ],
          [
            -73.88251,
            40.85796
          ],
          [
            -73.88276,
            40.85804
          ],
          [
            -73.88299,
            40.8581
          ],
          [
            -73.88328,
            40.85817
          ],
          [
            -73.8834,
            40.85819
          ],
          [
            -73.88348,
            40.8582
          ],
          [
            -73.88395,
            40.85825
          ],
          [
            -73.88423,
            40.85822
          ],
          [
            -73.88434,
            40.85821
          ],
          [
            -73.88442,
            40.85823
          ],
          [
            -73.8849,
            40.85838
          ],
          [
            -73.88501,
            40.85841
          ],
          [
            -73.88503,
            40.85842
          ],
          [
            -73.88511,
            40.85844
          ],
          [
            -73.88517,
            40.85846
          ],
          [
            -73.88518,
            40.85846
          ],
          [
            -73.88521,
            40.85847
          ],
          [
            -73.88527,
            40.8585
          ],
          [
            -73.88531,
            40.85852
          ],
          [
            -73.8855,
            40.85862
          ],
          [
            -73.88566,
            40.8587
          ],
          [
            -73.88582,
            40.85879
          ],
          [
            -73.88589,
            40.85882
          ],
          [
            -73.88595,
            40.85885
          ],
          [
            -73.88595,
            40.85885
          ],
          [
            -73.88583,
            40.85894
          ],
          [
            -73.88583,
            40.85894
          ],
          [
            -73.88583,
            40.85894
          ],
          [
            -73.88543,
            40.85937
          ],
          [
            -73.88538,
            40.85942
          ],
          [
            -73.88538,
            40.85942
          ],
          [
            -73.88532,
            40.85939
          ],
          [
            -73.88454,
            40.85898
          ],
          [
            -73.88406,
            40.85873
          ],
          [
            -73.88401,
            40.8587
          ],
          [
            -73.88395,
            40.85867
          ],
          [
            -73.88395,
            40.85867
          ],
          [
            -73.88423,
            40.85833
          ],
          [
            -73.88434,
            40.85821
          ],
          [
            -73.88434,
            40.85821
          ],
          [
            -73.88442,
            40.85823
          ],
          [
            -73.8849,
            40.85838
          ],
          [
            -73.88501,
            40.85841
          ],
          [
            -73.88503,
            40.85842
          ],
          [
            -73.88511,
            40.85844
          ],
          [
            -73.88517,
            40.85846
          ],
          [
            -73.88518,
            40.85846
          ],
          [
            -73.88521,
            40.85847
          ],
          [
            -73.88527,
            40.8585
          ],
          [
            -73.88531,
            40.85852
          ],
          [
            -73.8855,
            40.85862
          ],
          [
            -73.88566,
            40.8587
          ],
          [
            -73.88582,
            40.85879
          ],
          [
            -73.88589,
            40.85882
          ],
          [
            -73.88595,
            40.85885
          ],
          [
            -73.88602,
            40.85889
          ],
          [
            -73.88634,
            40.85906
          ],
          [
            -73.88653,
            40.85916
          ],
          [
            -73.88666,
            40.85922
          ],
          [
            -73.88673,
            40.85926
          ],
          [
            -73.8868,
            40.8593
          ],
          [
            -73.88698,
            40.85939
          ],
          [
            -73.88727,
            40.85955
          ],
          [
            -73.88736,
            40.85959
          ],
          [
            -73.88745,
            40.85963
          ],
          [
            -73.88763,
            40.85973
          ],
          [
            -73.88773,
            40.85978
          ],
          [
            -73.88804,
            40.85994
          ],
          [
            -73.88832,
            40.86009
          ],
          [
            -73.8888,
            40.86034
          ],
          [
            -73.88888,
            40.86039
          ],
          [
            -73.88897,
            40.86043
          ],
          [
            -73.88974,
            40.86083
          ],
          [
            -73.88989,
            40.86091
          ],
          [
            -73.89005,
            40.86104
          ],
          [
            -73.89011,
            40.86109
          ],
          [
            -73.89019,
            40.86113
          ],
          [
            -73.89026,
            40.86117
          ],
          [
            -73.89038,
            40.86123
          ],
          [
            -73.89053,
            40.8613
          ],
          [
            -73.89079,
            40.86144
          ],
          [
            -73.8909,
            40.86151
          ],
          [
            -73.89119,
            40.86168
          ],
          [
            -73.89131,
            40.86176
          ],
          [
            -73.89144,
            40.86184
          ],
          [
            -73.89153,
            40.86187
          ],
          [
            -73.8916,
            40.8619
          ],
          [
            -73.89167,
            40.86192
          ],
          [
            -73.89176,
            40.86194
          ],
          [
            -73.89184,
            40.86194
          ],
          [
            -73.89191,
            40.86194
          ],
          [
            -73.892,
            40.86193
          ],
          [
            -73.8923,
            40.86186
          ],
          [
            -73.89244,
            40.86185
          ],
          [
            -73.89256,
            40.86184
          ],
          [
            -73.89269,
            40.86184
          ],
          [
            -73.89277,
            40.86184
          ],
          [
            -73.89285,
            40.86185
          ],
          [
            -73.89295,
            40.86186
          ],
          [
            -73.89309,
            40.86187
          ],
          [
            -73.89343,
            40.86191
          ],
          [
            -73.89355,
            40.86192
          ],
          [
            -73.89374,
            40.86194
          ],
          [
            -73.89389,
            40.86196
          ],
          [
            -73.89399,
            40.86197
          ],
          [
            -73.89428,
            40.86201
          ],
          [
            -73.8947,
            40.86206
          ],
          [
            -73.89481,
            40.86207
          ],
          [
            -73.89491,
            40.86208
          ],
          [
            -73.89498,
            40.86209
          ],
          [
            -73.89562,
            40.86222
          ],
          [
            -73.89565,
            40.86222
          ],
          [
            -73.89565,
            40.86222
          ],
          [
            -73.89565,
            40.86222
          ],
          [
            -73.89578,
            40.86225
          ],
          [
            -73.89589,
            40.86227
          ],
          [
            -73.89602,
            40.86229
          ],
          [
            -73.89682,
            40.86245
          ],
          [
            -73.89687,
            40.86245
          ],
          [
            -73.89693,
            40.86246
          ],
          [
            -73.89699,
            40.86246
          ],
          [
            -73.89707,
            40.86246
          ],
          [
            -73.89733,
            40.86245
          ],
          [
            -73.89748,
            40.86244
          ],
          [
            -73.89769,
            40.86243
          ],
          [
            -73.89785,
            40.86241
          ],
          [
            -73.89785,
            40.86241
          ],
          [
            -73.89785,
            40.86241
          ],
          [
            -73.89798,
            40.86239
          ],
          [
            -73.898,
            40.86239
          ],
          [
            -73.89815,
            40.86236
          ],
          [
            -73.89827,
            40.86234
          ],
          [
            -73.89838,
            40.86232
          ],
          [
            -73.89848,
            40.8623
          ],
          [
            -73.89874,
            40.86225
          ],
          [
            -73.89913,
            40.86218
          ],
          [
            -73.8992,
            40.86217
          ],
          [
            -73.89926,
            40.86217
          ],
          [
            -73.8993,
            40.86216
          ],
          [
            -73.8994,
            40.86217
          ],
          [
            -73.89944,
            40.86217
          ],
          [
            -73.89948,
            40.86218
          ],
          [
            -73.89952,
            40.8622
          ],
          [
            -73.89956,
            40.8622
          ],
          [
            -73.89964,
            40.86224
          ],
          [
            -73.89971,
            40.86226
          ],
          [
            -73.89996,
            40.86236
          ],
          [
            -73.90022,
            40.86245
          ],
          [
            -73.90029,
            40.86248
          ],
          [
            -73.90037,
            40.86251
          ],
          [
            -73.90081,
            40.86268
          ],
          [
            -73.90081,
            40.86268
          ],
          [
            -73.90081,
            40.86268
          ],
          [
            -73.90094,
            40.86273
          ],
          [
            -73.90096,
            40.86274
          ],
          [
            -73.90106,
            40.86278
          ],
          [
            -73.90111,
            40.86279
          ],
          [
            -73.90116,
            40.8628
          ],
          [
            -73.90121,
            40.86281
          ],
          [
            -73.90127,
            40.86281
          ],
          [
            -73.90134,
            40.86281
          ],
          [
            -73.90145,
            40.86281
          ],
          [
            -73.90154,
            40.86281
          ],
          [
            -73.90165,
            40.8628
          ],
          [
            -73.90174,
            40.86279
          ],
          [
            -73.90209,
            40.86275
          ],
          [
            -73.90218,
            40.86274
          ],
          [
            -73.9023,
            40.86272
          ],
          [
            -73.90241,
            40.86272
          ],
          [
            -73.9025,
            40.86271
          ],
          [
            -73.90264,
            40.86271
          ],
          [
            -73.90277,
            40.86271
          ],
          [
            -73.90292,
            40.86272
          ],
          [
            -73.90308,
            40.86273
          ],
          [
            -73.90323,
            40.86274
          ],
          [
            -73.90332,
            40.86274
          ],
          [
            -73.90341,
            40.86275
          ],
          [
            -73.90365,
            40.86276
          ],
          [
            -73.90374,
            40.86276
          ],
          [
            -73.90388,
            40.86277
          ],
          [
            -73.904,
            40.86277
          ],
          [
            -73.90406,
            40.86277
          ],
          [
            -73.90409,
            40.86277
          ],
          [
            -73.90443,
            40.86276
          ],
          [
            -73.90477,
            40.86276
          ],
          [
            -73.90494,
            40.86276
          ],
          [
            -73.90513,
            40.86276
          ],
          [
            -73.90514,
            40.86276
          ],
          [
            -73.90514,
            40.86276
          ],
          [
            -73.90514,
            40.86276
          ],
          [
            -73.90524,
            40.86277
          ],
          [
            -73.90538,
            40.86277
          ],
          [
            -73.9061,
            40.86279
          ],
          [
            -73.90624,
            40.86279
          ],
          [
            -73.90636,
            40.8628
          ],
          [
            -73.90749,
            40.86282
          ],
          [
            -73.9076,
            40.86283
          ],
          [
            -73.90769,
            40.86283
          ],
          [
            -73.9081,
            40.86284
          ],
          [
            -73.90817,
            40.86284
          ],
          [
            -73.90823,
            40.86283
          ],
          [
            -73.9083,
            40.86282
          ],
          [
            -73.90835,
            40.86282
          ],
          [
            -73.90862,
            40.86277
          ],
          [
            -73.90879,
            40.86275
          ],
          [
            -73.90886,
            40.86273
          ],
          [
            -73.90894,
            40.86271
          ],
          [
            -73.90902,
            40.86269
          ],
          [
            -73.90916,
            40.86265
          ],
          [
            -73.90924,
            40.86262
          ],
          [
            -73.90934,
            40.86258
          ],
          [
            -73.90941,
            40.86256
          ],
          [
            -73.9095,
            40.86252
          ],
          [
            -73.90957,
            40.86249
          ],
          [
            -73.90964,
            40.86245
          ],
          [
            -73.9099,
            40.86228
          ],
          [
            -73.90994,
            40.86225
          ],
          [
            -73.91064,
            40.86176
          ],
          [
            -73.91068,
            40.86174
          ],
          [
            -73.91072,
            40.86172
          ],
          [
            -73.91078,
            40.86169
          ],
          [
            -73.91083,
            40.86168
          ],
          [
            -73.91089,
            40.86166
          ],
          [
            -73.91095,
            40.86165
          ],
          [
            -73.911,
            40.86165
          ],
          [
            -73.91106,
            40.86165
          ],
          [
            -73.91112,
            40.86165
          ],
          [
            -73.91117,
            40.86166
          ],
          [
            -73.91145,
            40.8617
          ],
          [
            -73.91157,
            40.86171
          ],
          [
            -73.91161,
            40.86172
          ],
          [
            -73.9117,
            40.86173
          ],
          [
            -73.91181,
            40.86174
          ],
          [
            -73.91185,
            40.86176
          ],
          [
            -73.91188,
            40.86178
          ],
          [
            -73.91192,
            40.86179
          ],
          [
            -73.91195,
            40.8618
          ],
          [
            -73.91199,
            40.86182
          ],
          [
            -73.91206,
            40.86183
          ],
          [
            -73.91212,
            40.86185
          ],
          [
            -73.91218,
            40.86186
          ],
          [
            -73.91224,
            40.86187
          ],
          [
            -73.91231,
            40.86188
          ],
          [
            -73.91238,
            40.86189
          ],
          [
            -73.91245,
            40.8619
          ],
          [
            -73.91271,
            40.86194
          ],
          [
            -73.91276,
            40.86195
          ],
          [
            -73.91281,
            40.86196
          ],
          [
            -73.91284,
            40.86197
          ],
          [
            -73.91286,
            40.86198
          ],
          [
            -73.91288,
            40.86198
          ],
          [
            -73.91293,
            40.862
          ],
          [
            -73.91299,
            40.86202
          ],
          [
            -73.91313,
            40.86207
          ],
          [
            -73.91321,
            40.8621
          ],
          [
            -73.9133,
            40.86213
          ],
          [
            -73.91338,
            40.86216
          ],
          [
            -73.91348,
            40.86219
          ],
          [
            -73.91348,
            40.86219
          ],
          [
            -73.91409,
            40.86244
          ],
          [
            -73.91411,
            40.86245
          ],
          [
            -73.91411,
            40.86245
          ],
          [
            -73.91444,
            40.86259
          ],
          [
            -73.91528,
            40.86295
          ],
          [
            -73.91583,
            40.86318
          ],
          [
            -73.91586,
            40.86319
          ],
          [
            -73.91586,
            40.86319
          ],
          [
            -73.91632,
            40.86338
          ],
          [
            -73.91706,
            40.86369
          ],
          [
            -73.91716,
            40.86374
          ],
          [
            -73.91778,
            40.86399
          ],
          [
            -73.91782,
            40.86401
          ],
          [
            -73.9181,
            40.86413
          ],
          [
            -73.91841,
            40.86426
          ],
          [
            -73.91869,
            40.86438
          ],
          [
            -73.91874,
            40.8644
          ],
          [
            -73.91874,
            40.8644
          ],
          [
            -73.91874,
            40.8644
          ],
          [
            -73.91879,
            40.86442
          ],
          [
            -73.91894,
            40.86448
          ],
          [
            -73.91907,
            40.86454
          ],
          [
            -73.9191,
            40.86455
          ],
          [
            -73.9192,
            40.86461
          ],
          [
            -73.91922,
            40.86462
          ],
          [
            -73.91928,
            40.86468
          ],
          [
            -73.91932,
            40.86474
          ],
          [
            -73.91937,
            40.86482
          ],
          [
            -73.91942,
            40.86489
          ],
          [
            -73.9198,
            40.86549
          ],
          [
            -73.91994,
            40.8657
          ],
          [
            -73.92,
            40.8658
          ],
          [
            -73.92006,
            40.8659
          ],
          [
            -73.92021,
            40.86613
          ],
          [
            -73.92041,
            40.86645
          ],
          [
            -73.92049,
            40.86657
          ],
          [
            -73.92057,
            40.86669
          ],
          [
            -73.92061,
            40.86676
          ],
          [
            -73.92067,
            40.86684
          ],
          [
            -73.92083,
            40.86709
          ],
          [
            -73.92099,
            40.86735
          ],
          [
            -73.92115,
            40.8676
          ],
          [
            -73.92122,
            40.86771
          ],
          [
            -73.92122,
            40.86771
          ],
          [
            -73.92112,
            40.86774
          ],
          [
            -73.92102,
            40.86777
          ],
          [
            -73.9207,
            40.86787
          ],
          [
            -73.9206,
            40.8679
          ],
          [
            -73.9206,
            40.8679
          ]
        ]
      }
    },
    {
      "type": "Feature",
      "properties": {
        "route_id": "BX12-W-Night",
        "layer": "T1 Optimal"
      },
      "geometry": {
        "type": "LineString",
        "coordinates": [
          [
            -73.82735,
            40.86602
          ],
          [
            -73.82731,
            40.86607
          ],
          [
            -73.82721,
            40.86618
          ],
          [
            -73.82714,
            40.86626
          ],
          [
            -73.82708,
            40.86632
          ],
          [
            -73.82708,
            40.86632
          ],
          [
            -73.82716,
            40.86636
          ],
          [
            -73.8279,
            40.86674
          ],
          [
            -73.8279,
            40.86674
          ],
          [
            -73.8279,
            40.86674
          ],
          [
            -73.82806,
            40.86682
          ],
          [
            -73.82819,
            40.86689
          ],
          [
            -73.82819,
            40.86689
          ],
          [
            -73.82807,
            40.86696
          ],
          [
            -73.82766,
            40.86741
          ],
          [
            -73.82739,
            40.86771
          ],
          [
            -73.82738,
            40.86773
          ],
          [
            -73.8273,
            40.86782
          ],
          [
            -73.82722,
            40.86791
          ],
          [
            -73.82716,
            40.86798
          ],
          [
            -73.82697,
            40.86821
          ],
          [
            -73.82689,
            40.8683
          ],
          [
            -73.82686,
            40.86839
          ],
          [
            -73.82661,
            40.86873
          ],
          [
            -73.8266,
            40.86874
          ],
          [
            -73.82653,
            40.86882
          ],
          [
            -73.82629,
            40.8691
          ],
          [
            -73.82621,
            40.86919
          ],
          [
            -73.82619,
            40.86921
          ],
          [
            -73.82618,
            40.86922
          ],
          [
            -73.82617,
            40.86924
          ],
          [
            -73.82616,
            40.86926
          ],
          [
            -73.82615,
            40.86928
          ],
          [
            -73.82613,
            40.86936
          ],
          [
            -73.82612,
            40.86944
          ],
          [
            -73.82612,
            40.86944
          ],
          [
            -73.8261,
            40.86958
          ],
          [
            -73.82627,
            40.8696
          ],
          [
            -73.82641,
            40.86961
          ],
          [
            -73.82655,
            40.86961
          ],
          [
            -73.82672,
            40.86962
          ],
          [
            -73.82685,
            40.86962
          ],
          [
            -73.82699,
            40.86963
          ],
          [
            -73.82714,
            40.86963
          ],
          [
            -73.82751,
            40.86963
          ],
          [
            -73.82767,
            40.86962
          ],
          [
            -73.82783,
            40.86962
          ],
          [
            -73.82805,
            40.86961
          ],
          [
            -73.82833,
            40.86959
          ],
          [
            -73.82857,
            40.86957
          ],
          [
            -73.8287,
            40.86955
          ],
          [
            -73.8287,
            40.86955
          ],
          [
            -73.82871,
            40.86955
          ],
          [
            -73.82878,
            40.86955
          ],
          [
            -73.82904,
            40.86951
          ],
          [
            -73.82925,
            40.86948
          ],
          [
            -73.82947,
            40.86944
          ],
          [
            -73.82971,
            40.8694
          ],
          [
            -73.82992,
            40.86935
          ],
          [
            -73.83014,
            40.8693
          ],
          [
            -73.83037,
            40.86923
          ],
          [
            -73.83051,
            40.86919
          ],
          [
            -73.83064,
            40.86916
          ],
          [
            -73.83101,
            40.86907
          ],
          [
            -73.8312,
            40.86901
          ],
          [
            -73.83162,
            40.8689
          ],
          [
            -73.83172,
            40.86887
          ],
          [
            -73.83184,
            40.86883
          ],
          [
            -73.83319,
            40.86839
          ],
          [
            -73.83319,
            40.86839
          ],
          [
            -73.83313,
            40.86827
          ],
          [
            -73.83309,
            40.86821
          ],
          [
            -73.83302,
            40.86808
          ],
          [
            -73.83302,
            40.86808
          ],
          [
            -73.83308,
            40.86807
          ],
          [
            -73.83308,
            40.86807
          ],
          [
            -73.83308,
            40.86807
          ],
          [
            -73.83302,
            40.86808
          ],
          [
            -73.83302,
            40.86808
          ],
          [
            -73.83291,
            40.86789
          ],
          [
            -73.83282,
            40.86773
          ],
          [
            -73.83241,
            40.86702
          ],
          [
            -73.83176,
            40.86591
          ],
          [
            -73.83176,
            40.86591
          ],
          [
            -73.83151,
            40.86568
          ],
          [
            -73.83144,
            40.86561
          ],
          [
            -73.83138,
            40.86554
          ],
          [
            -73.83127,
            40.8654
          ],
          [
            -73.8312,
            40.86529
          ],
          [
            -73.83111,
            40.86516
          ],
          [
            -73.83099,
            40.86496
          ],
          [
            -73.83085,
            40.86473
          ],
          [
            -73.83066,
            40.86453
          ],
          [
            -73.83066,
            40.86453
          ],
          [
            -73.83057,
            40.86433
          ],
          [
            -73.83047,
            40.86411
          ],
          [
            -73.83039,
            40.86391
          ],
          [
            -73.83031,
            40.8637
          ],
          [
            -73.83023,
            40.86348
          ],
          [
            -73.83014,
            40.86327
          ],
          [
            -73.83006,
            40.86306
          ],
          [
            -73.82996,
            40.86285
          ],
          [
            -73.82985,
            40.86264
          ],
          [
            -73.82974,
            40.86245
          ],
          [
            -73.8296,
            40.86224
          ],
          [
            -73.82947,
            40.86205
          ],
          [
            -73.82933,
            40.86187
          ],
          [
            -73.82915,
            40.86167
          ],
          [
            -73.82898,
            40.86149
          ],
          [
            -73.82877,
            40.86129
          ],
          [
            -73.82853,
            40.86108
          ],
          [
            -73.8284,
            40.86096
          ],
          [
            -73.82826,
            40.86085
          ],
          [
            -73.82812,
            40.86073
          ],
          [
            -73.828,
            40.86061
          ],
          [
            -73.82791,
            40.86052
          ],
          [
            -73.82783,
            40.86043
          ],
          [
            -73.82775,
            40.86034
          ],
          [
            -73.82769,
            40.86024
          ],
          [
            -73.82762,
            40.86014
          ],
          [
            -73.82756,
            40.86004
          ],
          [
            -73.82751,
            40.85994
          ],
          [
            -73.82747,
            40.85985
          ],
          [
            -73.82733,
            40.85947
          ],
          [
            -73.82715,
            40.859
          ],
          [
            -73.82708,
            40.85881
          ],
          [
            -73.82703,
            40.85865
          ],
          [
            -73.82696,
            40.85845
          ],
          [
            -73.82689,
            40.85823
          ],
          [
            -73.82683,
            40.85801
          ],
          [
            -73.82677,
            40.85779
          ],
          [
            -73.82672,
            40.85758
          ],
          [
            -73.82667,
            40.85737
          ],
          [
            -73.82663,
            40.85715
          ],
          [
            -73.82661,
            40.85704
          ],
          [
            -73.82658,
            40.85694
          ],
          [
            -73.82657,
            40.85686
          ],
          [
            -73.82653,
            40.85659
          ],
          [
            -73.82649,
            40.85629
          ],
          [
            -73.82647,
            40.85618
          ],
          [
            -73.82646,
            40.85607
          ],
          [
            -73.82643,
            40.85567
          ],
          [
            -73.82643,
            40.85567
          ],
          [
            -73.8265,
            40.85499
          ],
          [
            -73.82651,
            40.85486
          ],
          [
            -73.82652,
            40.85473
          ],
          [
            -73.82652,
            40.85459
          ],
          [
            -73.82652,
            40.85437
          ],
          [
            -73.82652,
            40.85421
          ],
          [
            -73.82653,
            40.85406
          ],
          [
            -73.82654,
            40.85391
          ],
          [
            -73.82655,
            40.85383
          ],
          [
            -73.82657,
            40.85375
          ],
          [
            -73.82658,
            40.85365
          ],
          [
            -73.8266,
            40.85357
          ],
          [
            -73.82662,
            40.85347
          ],
          [
            -73.82663,
            40.85341
          ],
          [
            -73.82665,
            40.85336
          ],
          [
            -73.82665,
            40.85336
          ],
          [
            -73.82668,
            40.85336
          ],
          [
            -73.82671,
            40.85337
          ],
          [
            -73.82674,
            40.85337
          ],
          [
            -73.82676,
            40.85337
          ],
          [
            -73.8268,
            40.85337
          ],
          [
            -73.82683,
            40.85337
          ],
          [
            -73.82704,
            40.85334
          ],
          [
            -73.82708,
            40.85334
          ],
          [
            -73.8271,
            40.85333
          ],
          [
            -73.82713,
            40.85332
          ],
          [
            -73.82716,
            40.85331
          ],
          [
            -73.82718,
            40.8533
          ],
          [
            -73.8272,
            40.85329
          ],
          [
            -73.82721,
            40.85328
          ],
          [
            -73.82723,
            40.85325
          ],
          [
            -73.82735,
            40.85293
          ],
          [
            -73.82735,
            40.8529
          ],
          [
            -73.82736,
            40.85286
          ],
          [
            -73.82736,
            40.85282
          ],
          [
            -73.82736,
            40.85282
          ],
          [
            -73.82733,
            40.85267
          ],
          [
            -73.82722,
            40.85212
          ],
          [
            -73.8272,
            40.85199
          ],
          [
            -73.82719,
            40.85194
          ],
          [
            -73.82718,
            40.8518
          ],
          [
            -73.82718,
            40.85178
          ],
          [
            -73.82718,
            40.85178
          ],
          [
            -73.82718,
            40.85178
          ],
          [
            -73.82717,
            40.85173
          ],
          [
            -73.82717,
            40.85173
          ],
          [
            -73.82715,
            40.85174
          ],
          [
            -73.82714,
            40.85174
          ],
          [
            -73.82712,
            40.85175
          ],
          [
            -73.8271,
            40.85175
          ],
          [
            -73.8271,
            40.85175
          ],
          [
            -73.82708,
            40.85175
          ],
          [
            -73.82705,
            40.85174
          ],
          [
            -73.82703,
            40.85174
          ],
          [
            -73.82671,
            40.85168
          ],
          [
            -73.82664,
            40.85166
          ],
          [
            -73.82664,
            40.85166
          ],
          [
            -73.82656,
            40.85165
          ],
          [
            -73.82656,
            40.85165
          ],
          [
            -73.82654,
            40.8517
          ],
          [
            -73.82609,
            40.85305
          ],
          [
            -73.82607,
            40.8531
          ],
          [
            -73.82605,
            40.85315
          ],
          [
            -73.82603,
            40.85322
          ],
          [
            -73.82603,
            40.85322
          ],
          [
            -73.82602,
            40.85325
          ],
          [
            -73.826,
            40.85327
          ],
          [
            -73.82598,
            40.8533
          ],
          [
            -73.82596,
            40.85332
          ],
          [
            -73.82574,
            40.85352
          ],
          [
            -73.82537,
            40.85394
          ],
          [
            -73.82523,
            40.85409
          ],
          [
            -73.82512,
            40.85419
          ],
          [
            -73.82502,
            40.85427
          ],
          [
            -73.82491,
            40.85435
          ],
          [
            -73.82469,
            40.85449
          ],
          [
            -73.82454,
            40.85457
          ],
          [
            -73.8244,
            40.85463
          ],
          [
            -73.82424,
            40.8547
          ],
          [
            -73.82356,
            40.85499
          ],
          [
            -73.82346,
            40.85504
          ],
          [
            -73.82336,
            40.85509
          ],
          [
            -73.82328,
            40.85513
          ],
          [
            -73.82321,
            40.85517
          ],
          [
            -73.82312,
            40.85522
          ],
          [
            -73.8227,
            40.85547
          ],
          [
            -73.82245,
            40.85562
          ],
          [
            -73.82226,
            40.85574
          ],
          [
            -73.8221,
            40.85585
          ],
          [
            -73.82196,
            40.85594
          ],
          [
            -73.82189,
            40.85599
          ],
          [
            -73.82182,
            40.85604
          ],
          [
            -73.82159,
            40.85621
          ],
          [
            -73.82148,
            40.85629
          ],
          [
            -73.82134,
            40.85641
          ],
          [
            -73.82087,
            40.8568
          ],
          [
            -73.82087,
            40.8568
          ],
          [
            -73.82096,
            40.85689
          ],
          [
            -73.82102,
            40.85695
          ],
          [
            -73.82108,
            40.857
          ],
          [
            -73.82141,
            40.85726
          ],
          [
            -73.82149,
            40.85732
          ],
          [
            -73.82154,
            40.85735
          ],
          [
            -73.8216,
            40.85738
          ],
          [
            -73.82165,
            40.8574
          ],
          [
            -73.82171,
            40.85741
          ],
          [
            -73.82177,
            40.85742
          ],
          [
            -73.82182,
            40.85741
          ],
          [
            -73.82188,
            40.85741
          ],
          [
            -73.82192,
            40.8574
          ],
          [
            -73.82265,
            40.85724
          ],
          [
            -73.82265,
            40.85724
          ],
          [
            -73.82279,
            40.85721
          ],
          [
            -73.82293,
            40.85717
          ],
          [
            -73.82307,
            40.85714
          ],
          [
            -73.8232,
            40.85711
          ],
          [
            -73.82334,
            40.85708
          ],
          [
            -73.82348,
            40.85705
          ],
          [
            -73.82358,
            40.85704
          ],
          [
            -73.82377,
            40.857
          ],
          [
            -73.82391,
            40.85698
          ],
          [
            -73.82405,
            40.85695
          ],
          [
            -73.82422,
            40.85693
          ],
          [
            -73.82439,
            40.8569
          ],
          [
            -73.82471,
            40.85686
          ],
          [
            -73.82646,
            40.85665
          ],
          [
            -73.82646,
            40.85665
          ],
          [
            -73.82772,
            40.85651
          ],
          [
            -73.82785,
            40.85649
          ],
          [
            -73.83034,
            40.85621
          ],
          [
            -73.83149,
            40.85608
          ],
          [
            -73.83163,
            40.85607
          ],
          [
            -73.83177,
            40.85606
          ],
          [
            -73.83192,
            40.85605
          ],
          [
            -73.83206,
            40.85605
          ],
          [
            -73.8322,
            40.85605
          ],
          [
            -73.83235,
            40.85606
          ],
          [
            -73.83249,
            40.85606
          ],
          [
            -73.83263,
            40.85608
          ],
          [
            -73.83277,
            40.8561
          ],
          [
            -73.83292,
            40.85612
          ],
          [
            -73.83335,
            40.85619
          ],
          [
            -73.83458,
            40.85639
          ],
          [
            -73.83587,
            40.85659
          ],
          [
            -73.83655,
            40.85669
          ],
          [
            -73.83655,
            40.85669
          ],
          [
            -73.83656,
            40.85669
          ],
          [
            -73.83672,
            40.85671
          ],
          [
            -73.83691,
            40.85673
          ],
          [
            -73.83707,
            40.85675
          ],
          [
            -73.83735,
            40.85679
          ],
          [
            -73.83748,
            40.85681
          ],
          [
            -73.8376,
            40.85683
          ],
          [
            -73.84286,
            40.85763
          ],
          [
            -73.84341,
            40.85771
          ],
          [
            -73.84354,
            40.85773
          ],
          [
            -73.84368,
            40.85776
          ],
          [
            -73.8439,
            40.85778
          ],
          [
            -73.84404,
            40.8578
          ],
          [
            -73.84418,
            40.85782
          ],
          [
            -73.84429,
            40.85783
          ],
          [
            -73.84431,
            40.85783
          ],
          [
            -73.84431,
            40.85783
          ],
          [
            -73.84431,
            40.85783
          ],
          [
            -73.84641,
            40.85803
          ],
          [
            -73.84649,
            40.85804
          ],
          [
            -73.84658,
            40.85805
          ],
          [
            -73.84676,
            40.85807
          ],
          [
            -73.84691,
            40.85808
          ],
          [
            -73.84705,
            40.85808
          ],
          [
            -73.84719,
            40.85808
          ],
          [
            -73.84951,
            40.85811
          ],
          [
            -73.84966,
            40.85811
          ],
          [
            -73.8498,
            40.85811
          ],
          [
            -73.84995,
            40.8581
          ],
          [
            -73.85008,
            40.85808
          ],
          [
            -73.85151,
            40.85796
          ],
          [
            -73.85151,
            40.85796
          ],
          [
            -73.85151,
            40.85796
          ],
          [
            -73.85161,
            40.85795
          ],
          [
            -73.85169,
            40.85794
          ],
          [
            -73.85551,
            40.85761
          ],
          [
            -73.85617,
            40.85756
          ],
          [
            -73.85637,
            40.85755
          ],
          [
            -73.85655,
            40.85755
          ],
          [
            -73.85664,
            40.85754
          ],
          [
            -73.85664,
            40.85754
          ],
          [
            -73.85664,
            40.85754
          ],
          [
            -73.85693,
            40.85754
          ],
          [
            -73.85879,
            40.85748
          ],
          [
            -73.86165,
            40.85741
          ],
          [
            -73.86174,
            40.85741
          ],
          [
            -73.86476,
            40.85732
          ],
          [
            -73.86732,
            40.85726
          ],
          [
            -73.86732,
            40.85726
          ],
          [
            -73.86732,
            40.85726
          ],
          [
            -73.86745,
            40.85726
          ],
          [
            -73.86762,
            40.85725
          ],
          [
            -73.86776,
            40.85725
          ],
          [
            -73.86841,
            40.85723
          ],
          [
            -73.86867,
            40.85723
          ],
          [
            -73.86887,
            40.85722
          ],
          [
            -73.869,
            40.85721
          ],
          [
            -73.86908,
            40.8572
          ],
          [
            -73.86917,
            40.85719
          ],
          [
            -73.86927,
            40.85718
          ],
          [
            -73.86938,
            40.85716
          ],
          [
            -73.86938,
            40.85716
          ],
          [
            -73.86978,
            40.85707
          ],
          [
            -73.87007,
            40.857
          ],
          [
            -73.87035,
            40.85693
          ],
          [
            -73.87117,
            40.85672
          ],
          [
            -73.87173,
            40.85658
          ],
          [
            -73.87241,
            40.8564
          ],
          [
            -73.87301,
            40.85625
          ],
          [
            -73.87311,
            40.85623
          ],
          [
            -73.87337,
            40.85617
          ],
          [
            -73.87419,
            40.85599
          ],
          [
            -73.875,
            40.85584
          ],
          [
            -73.87535,
            40.85576
          ],
          [
            -73.87562,
            40.85569
          ],
          [
            -73.87589,
            40.85564
          ],
          [
            -73.87618,
            40.85559
          ],
          [
            -73.87646,
            40.85555
          ],
          [
            -73.87661,
            40.85552
          ],
          [
            -73.87676,
            40.8555
          ],
          [
            -73.87691,
            40.85548
          ],
          [
            -73.87701,
            40.85548
          ],
          [
            -73.87716,
            40.85548
          ],
          [
            -73.87732,
            40.85549
          ],
          [
            -73.87745,
            40.8555
          ],
          [
            -73.87756,
            40.85552
          ],
          [
            -73.87769,
            40.85554
          ],
          [
            -73.8778,
            40.85557
          ],
          [
            -73.87792,
            40.85561
          ],
          [
            -73.87803,
            40.85565
          ],
          [
            -73.87814,
            40.8557
          ],
          [
            -73.87826,
            40.85575
          ],
          [
            -73.87853,
            40.85588
          ],
          [
            -73.87866,
            40.85594
          ],
          [
            -73.8788,
            40.85602
          ],
          [
            -73.87894,
            40.85612
          ],
          [
            -73.87894,
            40.85612
          ],
          [
            -73.87896,
            40.85622
          ],
          [
            -73.87901,
            40.85628
          ],
          [
            -73.8791,
            40.85636
          ],
          [
            -73.8792,
            40.85644
          ],
          [
            -73.87931,
            40.8565
          ],
          [
            -73.87942,
            40.85657
          ],
          [
            -73.88023,
            40.85705
          ],
          [
            -73.88033,
            40.85711
          ],
          [
            -73.88042,
            40.85717
          ],
          [
            -73.88052,
            40.85724
          ],
          [
            -73.88055,
            40.85727
          ],
          [
            -73.88055,
            40.85727
          ],
          [
            -73.88055,
            40.85727
          ],
          [
            -73.88058,
            40.85728
          ],
          [
            -73.88063,
            40.85732
          ],
          [
            -73.88081,
            40.85747
          ],
          [
            -73.88081,
            40.85747
          ],
          [
            -73.88097,
            40.85758
          ],
          [
            -73.88108,
            40.85766
          ],
          [
            -73.88115,
            40.85771
          ],
          [
            -73.8812,
            40.85773
          ],
          [
            -73.88127,
            40.85776
          ],
          [
            -73.88133,
            40.85778
          ],
          [
            -73.88144,
            40.8578
          ],
          [
            -73.8815,
            40.8578
          ],
          [
            -73.88165,
            40.85781
          ],
          [
            -73.88177,
            40.85782
          ],
          [
            -73.88189,
            40.85783
          ],
          [
            -73.88203,
            40.85785
          ],
          [
            -73.88224,
            40.85789
          ],
          [
            -73.88251,
            40.85796
          ],
          [
            -73.88276,
            40.85804
          ],
          [
            -73.88299,
            40.8581
          ],
          [
            -73.88328,
            40.85817
          ],
          [
            -73.8834,
            40.85819
          ],
          [
            -73.88348,
            40.8582
          ],
          [
            -73.88395,
            40.85825
          ],
          [
            -73.88423,
            40.85822
          ],
          [
            -73.88434,
            40.85821
          ],
          [
            -73.88442,
            40.85823
          ],
          [
            -73.8849,
            40.85838
          ],
          [
            -73.88501,
            40.85841
          ],
          [
            -73.88503,
            40.85842
          ],
          [
            -73.88511,
            40.85844
          ],
          [
            -73.88517,
            40.85846
          ],
          [
            -73.88518,
            40.85846
          ],
          [
            -73.88521,
            40.85847
          ],
          [
            -73.88527,
            40.8585
          ],
          [
            -73.88531,
            40.85852
          ],
          [
            -73.8855,
            40.85862
          ],
          [
            -73.88566,
            40.8587
          ],
          [
            -73.88582,
            40.85879
          ],
          [
            -73.88589,
            40.85882
          ],
          [
            -73.88595,
            40.85885
          ],
          [
            -73.88595,
            40.85885
          ],
          [
            -73.88583,
            40.85894
          ],
          [
            -73.88583,
            40.85894
          ],
          [
            -73.88583,
            40.85894
          ],
          [
            -73.88543,
            40.85937
          ],
          [
            -73.88538,
            40.85942
          ],
          [
            -73.88538,
            40.85942
          ],
          [
            -73.88532,
            40.85939
          ],
          [
            -73.88454,
            40.85898
          ],
          [
            -73.88406,
            40.85873
          ],
          [
            -73.88401,
            40.8587
          ],
          [
            -73.88395,
            40.85867
          ],
          [
            -73.88395,
            40.85867
          ],
          [
            -73.88423,
            40.85833
          ],
          [
            -73.88434,
            40.85821
          ],
          [
            -73.88434,
            40.85821
          ],
          [
            -73.88442,
            40.85823
          ],
          [
            -73.8849,
            40.85838
          ],
          [
            -73.88501,
            40.85841
          ],
          [
            -73.88503,
            40.85842
          ],
          [
            -73.88511,
            40.85844
          ],
          [
            -73.88517,
            40.85846
          ],
          [
            -73.88518,
            40.85846
          ],
          [
            -73.88521,
            40.85847
          ],
          [
            -73.88527,
            40.8585
          ],
          [
            -73.88531,
            40.85852
          ],
          [
            -73.8855,
            40.85862
          ],
          [
            -73.88566,
            40.8587
          ],
          [
            -73.88582,
            40.85879
          ],
          [
            -73.88589,
            40.85882
          ],
          [
            -73.88595,
            40.85885
          ],
          [
            -73.88602,
            40.85889
          ],
          [
            -73.88634,
            40.85906
          ],
          [
            -73.88653,
            40.85916
          ],
          [
            -73.88666,
            40.85922
          ],
          [
            -73.88673,
            40.85926
          ],
          [
            -73.8868,
            40.8593
          ],
          [
            -73.88698,
            40.85939
          ],
          [
            -73.88727,
            40.85955
          ],
          [
            -73.88736,
            40.85959
          ],
          [
            -73.88745,
            40.85963
          ],
          [
            -73.88763,
            40.85973
          ],
          [
            -73.88773,
            40.85978
          ],
          [
            -73.88804,
            40.85994
          ],
          [
            -73.88832,
            40.86009
          ],
          [
            -73.8888,
            40.86034
          ],
          [
            -73.88888,
            40.86039
          ],
          [
            -73.88897,
            40.86043
          ],
          [
            -73.88974,
            40.86083
          ],
          [
            -73.88989,
            40.86091
          ],
          [
            -73.89005,
            40.86104
          ],
          [
            -73.89011,
            40.86109
          ],
          [
            -73.89019,
            40.86113
          ],
          [
            -73.89026,
            40.86117
          ],
          [
            -73.89038,
            40.86123
          ],
          [
            -73.89053,
            40.8613
          ],
          [
            -73.89079,
            40.86144
          ],
          [
            -73.8909,
            40.86151
          ],
          [
            -73.89119,
            40.86168
          ],
          [
            -73.89131,
            40.86176
          ],
          [
            -73.89144,
            40.86184
          ],
          [
            -73.89153,
            40.86187
          ],
          [
            -73.8916,
            40.8619
          ],
          [
            -73.89167,
            40.86192
          ],
          [
            -73.89176,
            40.86194
          ],
          [
            -73.89184,
            40.86194
          ],
          [
            -73.89191,
            40.86194
          ],
          [
            -73.892,
            40.86193
          ],
          [
            -73.8923,
            40.86186
          ],
          [
            -73.89244,
            40.86185
          ],
          [
            -73.89256,
            40.86184
          ],
          [
            -73.89269,
            40.86184
          ],
          [
            -73.89277,
            40.86184
          ],
          [
            -73.89285,
            40.86185
          ],
          [
            -73.89295,
            40.86186
          ],
          [
            -73.89309,
            40.86187
          ],
          [
            -73.89343,
            40.86191
          ],
          [
            -73.89355,
            40.86192
          ],
          [
            -73.89374,
            40.86194
          ],
          [
            -73.89389,
            40.86196
          ],
          [
            -73.89399,
            40.86197
          ],
          [
            -73.89428,
            40.86201
          ],
          [
            -73.8947,
            40.86206
          ],
          [
            -73.89481,
            40.86207
          ],
          [
            -73.89491,
            40.86208
          ],
          [
            -73.89498,
            40.86209
          ],
          [
            -73.89562,
            40.86222
          ],
          [
            -73.89565,
            40.86222
          ],
          [
            -73.89565,
            40.86222
          ],
          [
            -73.89565,
            40.86222
          ],
          [
            -73.89578,
            40.86225
          ],
          [
            -73.89589,
            40.86227
          ],
          [
            -73.89602,
            40.86229
          ],
          [
            -73.89682,
            40.86245
          ],
          [
            -73.89687,
            40.86245
          ],
          [
            -73.89693,
            40.86246
          ],
          [
            -73.89699,
            40.86246
          ],
          [
            -73.89707,
            40.86246
          ],
          [
            -73.89733,
            40.86245
          ],
          [
            -73.89748,
            40.86244
          ],
          [
            -73.89769,
            40.86243
          ],
          [
            -73.89785,
            40.86241
          ],
          [
            -73.89785,
            40.86241
          ],
          [
            -73.89785,
            40.86241
          ],
          [
            -73.89798,
            40.86239
          ],
          [
            -73.898,
            40.86239
          ],
          [
            -73.89815,
            40.86236
          ],
          [
            -73.89827,
            40.86234
          ],
          [
            -73.89838,
            40.86232
          ],
          [
            -73.89848,
            40.8623
          ],
          [
            -73.89874,
            40.86225
          ],
          [
            -73.89913,
            40.86218
          ],
          [
            -73.8992,
            40.86217
          ],
          [
            -73.89926,
            40.86217
          ],
          [
            -73.8993,
            40.86216
          ],
          [
            -73.8994,
            40.86217
          ],
          [
            -73.89944,
            40.86217
          ],
          [
            -73.89948,
            40.86218
          ],
          [
            -73.89952,
            40.8622
          ],
          [
            -73.89956,
            40.8622
          ],
          [
            -73.89964,
            40.86224
          ],
          [
            -73.89971,
            40.86226
          ],
          [
            -73.89996,
            40.86236
          ],
          [
            -73.90022,
            40.86245
          ],
          [
            -73.90029,
            40.86248
          ],
          [
            -73.90037,
            40.86251
          ],
          [
            -73.90081,
            40.86268
          ],
          [
            -73.90081,
            40.86268
          ],
          [
            -73.90081,
            40.86268
          ],
          [
            -73.90094,
            40.86273
          ],
          [
            -73.90096,
            40.86274
          ],
          [
            -73.90106,
            40.86278
          ],
          [
            -73.90111,
            40.86279
          ],
          [
            -73.90116,
            40.8628
          ],
          [
            -73.90121,
            40.86281
          ],
          [
            -73.90127,
            40.86281
          ],
          [
            -73.90134,
            40.86281
          ],
          [
            -73.90145,
            40.86281
          ],
          [
            -73.90154,
            40.86281
          ],
          [
            -73.90165,
            40.8628
          ],
          [
            -73.90174,
            40.86279
          ],
          [
            -73.90209,
            40.86275
          ],
          [
            -73.90218,
            40.86274
          ],
          [
            -73.9023,
            40.86272
          ],
          [
            -73.90241,
            40.86272
          ],
          [
            -73.9025,
            40.86271
          ],
          [
            -73.90264,
            40.86271
          ],
          [
            -73.90277,
            40.86271
          ],
          [
            -73.90292,
            40.86272
          ],
          [
            -73.90308,
            40.86273
          ],
          [
            -73.90323,
            40.86274
          ],
          [
            -73.90332,
            40.86274
          ],
          [
            -73.90341,
            40.86275
          ],
          [
            -73.90365,
            40.86276
          ],
          [
            -73.90374,
            40.86276
          ],
          [
            -73.90388,
            40.86277
          ],
          [
            -73.904,
            40.86277
          ],
          [
            -73.90406,
            40.86277
          ],
          [
            -73.90409,
            40.86277
          ],
          [
            -73.90443,
            40.86276
          ],
          [
            -73.90477,
            40.86276
          ],
          [
            -73.90494,
            40.86276
          ],
          [
            -73.90513,
            40.86276
          ],
          [
            -73.90514,
            40.86276
          ],
          [
            -73.90514,
            40.86276
          ],
          [
            -73.90514,
            40.86276
          ],
          [
            -73.90524,
            40.86277
          ],
          [
            -73.90538,
            40.86277
          ],
          [
            -73.9061,
            40.86279
          ],
          [
            -73.90624,
            40.86279
          ],
          [
            -73.90636,
            40.8628
          ],
          [
            -73.90749,
            40.86282
          ],
          [
            -73.9076,
            40.86283
          ],
          [
            -73.90769,
            40.86283
          ],
          [
            -73.9081,
            40.86284
          ],
          [
            -73.90817,
            40.86284
          ],
          [
            -73.90823,
            40.86283
          ],
          [
            -73.9083,
            40.86282
          ],
          [
            -73.90835,
            40.86282
          ],
          [
            -73.90862,
            40.86277
          ],
          [
            -73.90879,
            40.86275
          ],
          [
            -73.90886,
            40.86273
          ],
          [
            -73.90894,
            40.86271
          ],
          [
            -73.90902,
            40.86269
          ],
          [
            -73.90916,
            40.86265
          ],
          [
            -73.90924,
            40.86262
          ],
          [
            -73.90934,
            40.86258
          ],
          [
            -73.90941,
            40.86256
          ],
          [
            -73.9095,
            40.86252
          ],
          [
            -73.90957,
            40.86249
          ],
          [
            -73.90964,
            40.86245
          ],
          [
            -73.9099,
            40.86228
          ],
          [
            -73.90994,
            40.86225
          ],
          [
            -73.91064,
            40.86176
          ],
          [
            -73.91068,
            40.86174
          ],
          [
            -73.91072,
            40.86172
          ],
          [
            -73.91078,
            40.86169
          ],
          [
            -73.91083,
            40.86168
          ],
          [
            -73.91089,
            40.86166
          ],
          [
            -73.91095,
            40.86165
          ],
          [
            -73.911,
            40.86165
          ],
          [
            -73.91106,
            40.86165
          ],
          [
            -73.91112,
            40.86165
          ],
          [
            -73.91117,
            40.86166
          ],
          [
            -73.91145,
            40.8617
          ],
          [
            -73.91157,
            40.86171
          ],
          [
            -73.91161,
            40.86172
          ],
          [
            -73.9117,
            40.86173
          ],
          [
            -73.91181,
            40.86174
          ],
          [
            -73.91185,
            40.86176
          ],
          [
            -73.91188,
            40.86178
          ],
          [
            -73.91192,
            40.86179
          ],
          [
            -73.91195,
            40.8618
          ],
          [
            -73.91199,
            40.86182
          ],
          [
            -73.91206,
            40.86183
          ],
          [
            -73.91212,
            40.86185
          ],
          [
            -73.91218,
            40.86186
          ],
          [
            -73.91224,
            40.86187
          ],
          [
            -73.91231,
            40.86188
          ],
          [
            -73.91238,
            40.86189
          ],
          [
            -73.91245,
            40.8619
          ],
          [
            -73.91271,
            40.86194
          ],
          [
            -73.91276,
            40.86195
          ],
          [
            -73.91281,
            40.86196
          ],
          [
            -73.91284,
            40.86197
          ],
          [
            -73.91286,
            40.86198
          ],
          [
            -73.91288,
            40.86198
          ],
          [
            -73.91293,
            40.862
          ],
          [
            -73.91299,
            40.86202
          ],
          [
            -73.91313,
            40.86207
          ],
          [
            -73.91321,
            40.8621
          ],
          [
            -73.9133,
            40.86213
          ],
          [
            -73.91338,
            40.86216
          ],
          [
            -73.91348,
            40.86219
          ],
          [
            -73.91348,
            40.86219
          ],
          [
            -73.91409,
            40.86244
          ],
          [
            -73.91411,
            40.86245
          ],
          [
            -73.91411,
            40.86245
          ],
          [
            -73.91444,
            40.86259
          ],
          [
            -73.91528,
            40.86295
          ],
          [
            -73.91583,
            40.86318
          ],
          [
            -73.91586,
            40.86319
          ],
          [
            -73.91586,
            40.86319
          ],
          [
            -73.91632,
            40.86338
          ],
          [
            -73.91706,
            40.86369
          ],
          [
            -73.91716,
            40.86374
          ],
          [
            -73.91778,
            40.86399
          ],
          [
            -73.91782,
            40.86401
          ],
          [
            -73.9181,
            40.86413
          ],
          [
            -73.91841,
            40.86426
          ],
          [
            -73.91869,
            40.86438
          ],
          [
            -73.91874,
            40.8644
          ],
          [
            -73.91874,
            40.8644
          ],
          [
            -73.91874,
            40.8644
          ],
          [
            -73.91879,
            40.86442
          ],
          [
            -73.91894,
            40.86448
          ],
          [
            -73.91907,
            40.86454
          ],
          [
            -73.9191,
            40.86455
          ],
          [
            -73.9192,
            40.86461
          ],
          [
            -73.91922,
            40.86462
          ],
          [
            -73.91928,
            40.86468
          ],
          [
            -73.91932,
            40.86474
          ],
          [
            -73.91937,
            40.86482
          ],
          [
            -73.91942,
            40.86489
          ],
          [
            -73.9198,
            40.86549
          ],
          [
            -73.91994,
            40.8657
          ],
          [
            -73.92,
            40.8658
          ],
          [
            -73.92006,
            40.8659
          ],
          [
            -73.92021,
            40.86613
          ],
          [
            -73.92041,
            40.86645
          ],
          [
            -73.92049,
            40.86657
          ],
          [
            -73.92057,
            40.86669
          ],
          [
            -73.92061,
            40.86676
          ],
          [
            -73.92067,
            40.86684
          ],
          [
            -73.92083,
            40.86709
          ],
          [
            -73.92099,
            40.86735
          ],
          [
            -73.92115,
            40.8676
          ],
          [
            -73.92122,
            40.86771
          ],
          [
            -73.92122,
            40.86771
          ],
          [
            -73.92112,
            40.86774
          ],
          [
            -73.92102,
            40.86777
          ],
          [
            -73.9207,
            40.86787
          ],
          [
            -73.9206,
            40.8679
          ],
          [
            -73.9206,
            40.8679
          ]
        ]
      }
    },
    {
      "type": "Feature",
      "properties": {
        "route_id": "BX12-W-Night",
        "layer": "T2 Original"
      },
      "geometry": {
        "type": "LineString",
        "coordinates": [
          [
            -73.82735,
            40.86602
          ],
          [
            -73.82731,
            40.86607
          ],
          [
            -73.82721,
            40.86618
          ],
          [
            -73.82714,
            40.86626
          ],
          [
            -73.82708,
            40.86632
          ],
          [
            -73.82708,
            40.86632
          ],
          [
            -73.82716,
            40.86636
          ],
          [
            -73.8279,
            40.86674
          ],
          [
            -73.8279,
            40.86674
          ],
          [
            -73.8279,
            40.86674
          ],
          [
            -73.82806,
            40.86682
          ],
          [
            -73.82819,
            40.86689
          ],
          [
            -73.82819,
            40.86689
          ],
          [
            -73.82807,
            40.86696
          ],
          [
            -73.82766,
            40.86741
          ],
          [
            -73.82739,
            40.86771
          ],
          [
            -73.82738,
            40.86773
          ],
          [
            -73.8273,
            40.86782
          ],
          [
            -73.82722,
            40.86791
          ],
          [
            -73.82716,
            40.86798
          ],
          [
            -73.82697,
            40.86821
          ],
          [
            -73.82689,
            40.8683
          ],
          [
            -73.82686,
            40.86839
          ],
          [
            -73.82661,
            40.86873
          ],
          [
            -73.8266,
            40.86874
          ],
          [
            -73.82653,
            40.86882
          ],
          [
            -73.82629,
            40.8691
          ],
          [
            -73.82621,
            40.86919
          ],
          [
            -73.82619,
            40.86921
          ],
          [
            -73.82618,
            40.86922
          ],
          [
            -73.82617,
            40.86924
          ],
          [
            -73.82616,
            40.86926
          ],
          [
            -73.82615,
            40.86928
          ],
          [
            -73.82613,
            40.86936
          ],
          [
            -73.82612,
            40.86944
          ],
          [
            -73.82612,
            40.86944
          ],
          [
            -73.8261,
            40.86958
          ],
          [
            -73.82627,
            40.8696
          ],
          [
            -73.82641,
            40.86961
          ],
          [
            -73.82655,
            40.86961
          ],
          [
            -73.82672,
            40.86962
          ],
          [
            -73.82685,
            40.86962
          ],
          [
            -73.82699,
            40.86963
          ],
          [
            -73.82714,
            40.86963
          ],
          [
            -73.82751,
            40.86963
          ],
          [
            -73.82767,
            40.86962
          ],
          [
            -73.82783,
            40.86962
          ],
          [
            -73.82805,
            40.86961
          ],
          [
            -73.82833,
            40.86959
          ],
          [
            -73.82857,
            40.86957
          ],
          [
            -73.8287,
            40.86955
          ],
          [
            -73.8287,
            40.86955
          ],
          [
            -73.82871,
            40.86955
          ],
          [
            -73.82878,
            40.86955
          ],
          [
            -73.82904,
            40.86951
          ],
          [
            -73.82925,
            40.86948
          ],
          [
            -73.82947,
            40.86944
          ],
          [
            -73.82971,
            40.8694
          ],
          [
            -73.82992,
            40.86935
          ],
          [
            -73.83014,
            40.8693
          ],
          [
            -73.83037,
            40.86923
          ],
          [
            -73.83051,
            40.86919
          ],
          [
            -73.83064,
            40.86916
          ],
          [
            -73.83101,
            40.86907
          ],
          [
            -73.8312,
            40.86901
          ],
          [
            -73.83162,
            40.8689
          ],
          [
            -73.83172,
            40.86887
          ],
          [
            -73.83184,
            40.86883
          ],
          [
            -73.83319,
            40.86839
          ],
          [
            -73.83319,
            40.86839
          ],
          [
            -73.83313,
            40.86827
          ],
          [
            -73.83309,
            40.86821
          ],
          [
            -73.83302,
            40.86808
          ],
          [
            -73.83302,
            40.86808
          ],
          [
            -73.83308,
            40.86807
          ],
          [
            -73.83308,
            40.86807
          ],
          [
            -73.83308,
            40.86807
          ],
          [
            -73.83302,
            40.86808
          ],
          [
            -73.83302,
            40.86808
          ],
          [
            -73.83291,
            40.86789
          ],
          [
            -73.83282,
            40.86773
          ],
          [
            -73.83241,
            40.86702
          ],
          [
            -73.83176,
            40.86591
          ],
          [
            -73.83176,
            40.86591
          ],
          [
            -73.83151,
            40.86568
          ],
          [
            -73.83144,
            40.86561
          ],
          [
            -73.83138,
            40.86554
          ],
          [
            -73.83127,
            40.8654
          ],
          [
            -73.8312,
            40.86529
          ],
          [
            -73.83111,
            40.86516
          ],
          [
            -73.83099,
            40.86496
          ],
          [
            -73.83085,
            40.86473
          ],
          [
            -73.83066,
            40.86453
          ],
          [
            -73.83066,
            40.86453
          ],
          [
            -73.83057,
            40.86433
          ],
          [
            -73.83047,
            40.86411
          ],
          [
            -73.83039,
            40.86391
          ],
          [
            -73.83031,
            40.8637
          ],
          [
            -73.83023,
            40.86348
          ],
          [
            -73.83014,
            40.86327
          ],
          [
            -73.83006,
            40.86306
          ],
          [
            -73.82996,
            40.86285
          ],
          [
            -73.82985,
            40.86264
          ],
          [
            -73.82974,
            40.86245
          ],
          [
            -73.8296,
            40.86224
          ],
          [
            -73.82947,
            40.86205
          ],
          [
            -73.82933,
            40.86187
          ],
          [
            -73.82915,
            40.86167
          ],
          [
            -73.82898,
            40.86149
          ],
          [
            -73.82877,
            40.86129
          ],
          [
            -73.82853,
            40.86108
          ],
          [
            -73.8284,
            40.86096
          ],
          [
            -73.82826,
            40.86085
          ],
          [
            -73.82812,
            40.86073
          ],
          [
            -73.828,
            40.86061
          ],
          [
            -73.82791,
            40.86052
          ],
          [
            -73.82783,
            40.86043
          ],
          [
            -73.82775,
            40.86034
          ],
          [
            -73.82769,
            40.86024
          ],
          [
            -73.82762,
            40.86014
          ],
          [
            -73.82756,
            40.86004
          ],
          [
            -73.82751,
            40.85994
          ],
          [
            -73.82747,
            40.85985
          ],
          [
            -73.82733,
            40.85947
          ],
          [
            -73.82715,
            40.859
          ],
          [
            -73.82708,
            40.85881
          ],
          [
            -73.82703,
            40.85865
          ],
          [
            -73.82696,
            40.85845
          ],
          [
            -73.82689,
            40.85823
          ],
          [
            -73.82683,
            40.85801
          ],
          [
            -73.82677,
            40.85779
          ],
          [
            -73.82672,
            40.85758
          ],
          [
            -73.82667,
            40.85737
          ],
          [
            -73.82663,
            40.85715
          ],
          [
            -73.82661,
            40.85704
          ],
          [
            -73.82658,
            40.85694
          ],
          [
            -73.82657,
            40.85686
          ],
          [
            -73.82653,
            40.85659
          ],
          [
            -73.82649,
            40.85629
          ],
          [
            -73.82647,
            40.85618
          ],
          [
            -73.82646,
            40.85607
          ],
          [
            -73.82643,
            40.85567
          ],
          [
            -73.82643,
            40.85567
          ],
          [
            -73.8265,
            40.85499
          ],
          [
            -73.82651,
            40.85486
          ],
          [
            -73.82652,
            40.85473
          ],
          [
            -73.82652,
            40.85459
          ],
          [
            -73.82652,
            40.85437
          ],
          [
            -73.82652,
            40.85421
          ],
          [
            -73.82653,
            40.85406
          ],
          [
            -73.82654,
            40.85391
          ],
          [
            -73.82655,
            40.85383
          ],
          [
            -73.82657,
            40.85375
          ],
          [
            -73.82658,
            40.85365
          ],
          [
            -73.8266,
            40.85357
          ],
          [
            -73.82662,
            40.85347
          ],
          [
            -73.82663,
            40.85341
          ],
          [
            -73.82665,
            40.85336
          ],
          [
            -73.82665,
            40.85336
          ],
          [
            -73.82668,
            40.85336
          ],
          [
            -73.82671,
            40.85337
          ],
          [
            -73.82674,
            40.85337
          ],
          [
            -73.82676,
            40.85337
          ],
          [
            -73.8268,
            40.85337
          ],
          [
            -73.82683,
            40.85337
          ],
          [
            -73.82704,
            40.85334
          ],
          [
            -73.82708,
            40.85334
          ],
          [
            -73.8271,
            40.85333
          ],
          [
            -73.82713,
            40.85332
          ],
          [
            -73.82716,
            40.85331
          ],
          [
            -73.82718,
            40.8533
          ],
          [
            -73.8272,
            40.85329
          ],
          [
            -73.82721,
            40.85328
          ],
          [
            -73.82723,
            40.85325
          ],
          [
            -73.82735,
            40.85293
          ],
          [
            -73.82735,
            40.8529
          ],
          [
            -73.82736,
            40.85286
          ],
          [
            -73.82736,
            40.85282
          ],
          [
            -73.82736,
            40.85282
          ],
          [
            -73.82733,
            40.85267
          ],
          [
            -73.82722,
            40.85212
          ],
          [
            -73.8272,
            40.85199
          ],
          [
            -73.82719,
            40.85194
          ],
          [
            -73.82718,
            40.8518
          ],
          [
            -73.82718,
            40.85178
          ],
          [
            -73.82718,
            40.85178
          ],
          [
            -73.82718,
            40.85178
          ],
          [
            -73.82717,
            40.85173
          ],
          [
            -73.82717,
            40.85173
          ],
          [
            -73.82715,
            40.85174
          ],
          [
            -73.82714,
            40.85174
          ],
          [
            -73.82712,
            40.85175
          ],
          [
            -73.8271,
            40.85175
          ],
          [
            -73.8271,
            40.85175
          ],
          [
            -73.82708,
            40.85175
          ],
          [
            -73.82705,
            40.85174
          ],
          [
            -73.82703,
            40.85174
          ],
          [
            -73.82671,
            40.85168
          ],
          [
            -73.82664,
            40.85166
          ],
          [
            -73.82664,
            40.85166
          ],
          [
            -73.82656,
            40.85165
          ],
          [
            -73.82656,
            40.85165
          ],
          [
            -73.82654,
            40.8517
          ],
          [
            -73.82609,
            40.85305
          ],
          [
            -73.82607,
            40.8531
          ],
          [
            -73.82605,
            40.85315
          ],
          [
            -73.82603,
            40.85322
          ],
          [
            -73.82603,
            40.85322
          ],
          [
            -73.82602,
            40.85325
          ],
          [
            -73.826,
            40.85327
          ],
          [
            -73.82598,
            40.8533
          ],
          [
            -73.82596,
            40.85332
          ],
          [
            -73.82574,
            40.85352
          ],
          [
            -73.82537,
            40.85394
          ],
          [
            -73.82523,
            40.85409
          ],
          [
            -73.82512,
            40.85419
          ],
          [
            -73.82502,
            40.85427
          ],
          [
            -73.82491,
            40.85435
          ],
          [
            -73.82469,
            40.85449
          ],
          [
            -73.82454,
            40.85457
          ],
          [
            -73.8244,
            40.85463
          ],
          [
            -73.82424,
            40.8547
          ],
          [
            -73.82356,
            40.85499
          ],
          [
            -73.82346,
            40.85504
          ],
          [
            -73.82336,
            40.85509
          ],
          [
            -73.82328,
            40.85513
          ],
          [
            -73.82321,
            40.85517
          ],
          [
            -73.82312,
            40.85522
          ],
          [
            -73.8227,
            40.85547
          ],
          [
            -73.82245,
            40.85562
          ],
          [
            -73.82226,
            40.85574
          ],
          [
            -73.8221,
            40.85585
          ],
          [
            -73.82196,
            40.85594
          ],
          [
            -73.82189,
            40.85599
          ],
          [
            -73.82182,
            40.85604
          ],
          [
            -73.82159,
            40.85621
          ],
          [
            -73.82148,
            40.85629
          ],
          [
            -73.82134,
            40.85641
          ],
          [
            -73.82087,
            40.8568
          ],
          [
            -73.82087,
            40.8568
          ],
          [
            -73.82096,
            40.85689
          ],
          [
            -73.82102,
            40.85695
          ],
          [
            -73.82108,
            40.857
          ],
          [
            -73.82141,
            40.85726
          ],
          [
            -73.82149,
            40.85732
          ],
          [
            -73.82154,
            40.85735
          ],
          [
            -73.8216,
            40.85738
          ],
          [
            -73.82165,
            40.8574
          ],
          [
            -73.82171,
            40.85741
          ],
          [
            -73.82177,
            40.85742
          ],
          [
            -73.82182,
            40.85741
          ],
          [
            -73.82188,
            40.85741
          ],
          [
            -73.82192,
            40.8574
          ],
          [
            -73.82265,
            40.85724
          ],
          [
            -73.82265,
            40.85724
          ],
          [
            -73.82279,
            40.85721
          ],
          [
            -73.82293,
            40.85717
          ],
          [
            -73.82307,
            40.85714
          ],
          [
            -73.8232,
            40.85711
          ],
          [
            -73.82334,
            40.85708
          ],
          [
            -73.82348,
            40.85705
          ],
          [
            -73.82358,
            40.85704
          ],
          [
            -73.82377,
            40.857
          ],
          [
            -73.82391,
            40.85698
          ],
          [
            -73.82405,
            40.85695
          ],
          [
            -73.82422,
            40.85693
          ],
          [
            -73.82439,
            40.8569
          ],
          [
            -73.82471,
            40.85686
          ],
          [
            -73.82646,
            40.85665
          ],
          [
            -73.82646,
            40.85665
          ],
          [
            -73.82772,
            40.85651
          ],
          [
            -73.82785,
            40.85649
          ],
          [
            -73.83034,
            40.85621
          ],
          [
            -73.83149,
            40.85608
          ],
          [
            -73.83163,
            40.85607
          ],
          [
            -73.83177,
            40.85606
          ],
          [
            -73.83192,
            40.85605
          ],
          [
            -73.83206,
            40.85605
          ],
          [
            -73.8322,
            40.85605
          ],
          [
            -73.83235,
            40.85606
          ],
          [
            -73.83249,
            40.85606
          ],
          [
            -73.83263,
            40.85608
          ],
          [
            -73.83277,
            40.8561
          ],
          [
            -73.83292,
            40.85612
          ],
          [
            -73.83335,
            40.85619
          ],
          [
            -73.83458,
            40.85639
          ],
          [
            -73.83587,
            40.85659
          ],
          [
            -73.83655,
            40.85669
          ],
          [
            -73.83655,
            40.85669
          ],
          [
            -73.83656,
            40.85669
          ],
          [
            -73.83672,
            40.85671
          ],
          [
            -73.83691,
            40.85673
          ],
          [
            -73.83707,
            40.85675
          ],
          [
            -73.83735,
            40.85679
          ],
          [
            -73.83748,
            40.85681
          ],
          [
            -73.8376,
            40.85683
          ],
          [
            -73.84286,
            40.85763
          ],
          [
            -73.84341,
            40.85771
          ],
          [
            -73.84354,
            40.85773
          ],
          [
            -73.84368,
            40.85776
          ],
          [
            -73.8439,
            40.85778
          ],
          [
            -73.84404,
            40.8578
          ],
          [
            -73.84418,
            40.85782
          ],
          [
            -73.84429,
            40.85783
          ],
          [
            -73.84431,
            40.85783
          ],
          [
            -73.84431,
            40.85783
          ],
          [
            -73.84431,
            40.85783
          ],
          [
            -73.84641,
            40.85803
          ],
          [
            -73.84649,
            40.85804
          ],
          [
            -73.84658,
            40.85805
          ],
          [
            -73.84676,
            40.85807
          ],
          [
            -73.84691,
            40.85808
          ],
          [
            -73.84705,
            40.85808
          ],
          [
            -73.84719,
            40.85808
          ],
          [
            -73.84951,
            40.85811
          ],
          [
            -73.84966,
            40.85811
          ],
          [
            -73.8498,
            40.85811
          ],
          [
            -73.84995,
            40.8581
          ],
          [
            -73.85008,
            40.85808
          ],
          [
            -73.85151,
            40.85796
          ],
          [
            -73.85151,
            40.85796
          ],
          [
            -73.85151,
            40.85796
          ],
          [
            -73.85161,
            40.85795
          ],
          [
            -73.85169,
            40.85794
          ],
          [
            -73.85551,
            40.85761
          ],
          [
            -73.85617,
            40.85756
          ],
          [
            -73.85637,
            40.85755
          ],
          [
            -73.85655,
            40.85755
          ],
          [
            -73.85664,
            40.85754
          ],
          [
            -73.85664,
            40.85754
          ],
          [
            -73.85664,
            40.85754
          ],
          [
            -73.85693,
            40.85754
          ],
          [
            -73.85879,
            40.85748
          ],
          [
            -73.86165,
            40.85741
          ],
          [
            -73.86174,
            40.85741
          ],
          [
            -73.86476,
            40.85732
          ],
          [
            -73.86732,
            40.85726
          ],
          [
            -73.86732,
            40.85726
          ],
          [
            -73.86732,
            40.85726
          ],
          [
            -73.86745,
            40.85726
          ],
          [
            -73.86762,
            40.85725
          ],
          [
            -73.86776,
            40.85725
          ],
          [
            -73.86841,
            40.85723
          ],
          [
            -73.86867,
            40.85723
          ],
          [
            -73.86887,
            40.85722
          ],
          [
            -73.869,
            40.85721
          ],
          [
            -73.86908,
            40.8572
          ],
          [
            -73.86917,
            40.85719
          ],
          [
            -73.86927,
            40.85718
          ],
          [
            -73.86938,
            40.85716
          ],
          [
            -73.86938,
            40.85716
          ],
          [
            -73.86978,
            40.85707
          ],
          [
            -73.87007,
            40.857
          ],
          [
            -73.87035,
            40.85693
          ],
          [
            -73.87117,
            40.85672
          ],
          [
            -73.87173,
            40.85658
          ],
          [
            -73.87241,
            40.8564
          ],
          [
            -73.87301,
            40.85625
          ],
          [
            -73.87311,
            40.85623
          ],
          [
            -73.87337,
            40.85617
          ],
          [
            -73.87419,
            40.85599
          ],
          [
            -73.875,
            40.85584
          ],
          [
            -73.87535,
            40.85576
          ],
          [
            -73.87562,
            40.85569
          ],
          [
            -73.87589,
            40.85564
          ],
          [
            -73.87618,
            40.85559
          ],
          [
            -73.87646,
            40.85555
          ],
          [
            -73.87661,
            40.85552
          ],
          [
            -73.87676,
            40.8555
          ],
          [
            -73.87691,
            40.85548
          ],
          [
            -73.87701,
            40.85548
          ],
          [
            -73.87716,
            40.85548
          ],
          [
            -73.87732,
            40.85549
          ],
          [
            -73.87745,
            40.8555
          ],
          [
            -73.87756,
            40.85552
          ],
          [
            -73.87769,
            40.85554
          ],
          [
            -73.8778,
            40.85557
          ],
          [
            -73.87792,
            40.85561
          ],
          [
            -73.87803,
            40.85565
          ],
          [
            -73.87814,
            40.8557
          ],
          [
            -73.87826,
            40.85575
          ],
          [
            -73.87853,
            40.85588
          ],
          [
            -73.87866,
            40.85594
          ],
          [
            -73.8788,
            40.85602
          ],
          [
            -73.87894,
            40.85612
          ],
          [
            -73.87894,
            40.85612
          ],
          [
            -73.87896,
            40.85622
          ],
          [
            -73.87901,
            40.85628
          ],
          [
            -73.8791,
            40.85636
          ],
          [
            -73.8792,
            40.85644
          ],
          [
            -73.87931,
            40.8565
          ],
          [
            -73.87942,
            40.85657
          ],
          [
            -73.88023,
            40.85705
          ],
          [
            -73.88033,
            40.85711
          ],
          [
            -73.88042,
            40.85717
          ],
          [
            -73.88052,
            40.85724
          ],
          [
            -73.88055,
            40.85727
          ],
          [
            -73.88055,
            40.85727
          ],
          [
            -73.88055,
            40.85727
          ],
          [
            -73.88058,
            40.85728
          ],
          [
            -73.88063,
            40.85732
          ],
          [
            -73.88081,
            40.85747
          ],
          [
            -73.88081,
            40.85747
          ],
          [
            -73.88097,
            40.85758
          ],
          [
            -73.88108,
            40.85766
          ],
          [
            -73.88115,
            40.85771
          ],
          [
            -73.8812,
            40.85773
          ],
          [
            -73.88127,
            40.85776
          ],
          [
            -73.88133,
            40.85778
          ],
          [
            -73.88144,
            40.8578
          ],
          [
            -73.8815,
            40.8578
          ],
          [
            -73.88165,
            40.85781
          ],
          [
            -73.88177,
            40.85782
          ],
          [
            -73.88189,
            40.85783
          ],
          [
            -73.88203,
            40.85785
          ],
          [
            -73.88224,
            40.85789
          ],
          [
            -73.88251,
            40.85796
          ],
          [
            -73.88276,
            40.85804
          ],
          [
            -73.88299,
            40.8581
          ],
          [
            -73.88328,
            40.85817
          ],
          [
            -73.8834,
            40.85819
          ],
          [
            -73.88348,
            40.8582
          ],
          [
            -73.88395,
            40.85825
          ],
          [
            -73.88423,
            40.85822
          ],
          [
            -73.88434,
            40.85821
          ],
          [
            -73.88442,
            40.85823
          ],
          [
            -73.8849,
            40.85838
          ],
          [
            -73.88501,
            40.85841
          ],
          [
            -73.88503,
            40.85842
          ],
          [
            -73.88511,
            40.85844
          ],
          [
            -73.88517,
            40.85846
          ],
          [
            -73.88518,
            40.85846
          ],
          [
            -73.88521,
            40.85847
          ],
          [
            -73.88527,
            40.8585
          ],
          [
            -73.88531,
            40.85852
          ],
          [
            -73.8855,
            40.85862
          ],
          [
            -73.88566,
            40.8587
          ],
          [
            -73.88582,
            40.85879
          ],
          [
            -73.88589,
            40.85882
          ],
          [
            -73.88595,
            40.85885
          ],
          [
            -73.88595,
            40.85885
          ],
          [
            -73.88583,
            40.85894
          ],
          [
            -73.88583,
            40.85894
          ],
          [
            -73.88583,
            40.85894
          ],
          [
            -73.88543,
            40.85937
          ],
          [
            -73.88538,
            40.85942
          ],
          [
            -73.88538,
            40.85942
          ],
          [
            -73.88532,
            40.85939
          ],
          [
            -73.88454,
            40.85898
          ],
          [
            -73.88406,
            40.85873
          ],
          [
            -73.88401,
            40.8587
          ],
          [
            -73.88395,
            40.85867
          ],
          [
            -73.88395,
            40.85867
          ],
          [
            -73.88423,
            40.85833
          ],
          [
            -73.88434,
            40.85821
          ],
          [
            -73.88434,
            40.85821
          ],
          [
            -73.88442,
            40.85823
          ],
          [
            -73.8849,
            40.85838
          ],
          [
            -73.88501,
            40.85841
          ],
          [
            -73.88503,
            40.85842
          ],
          [
            -73.88511,
            40.85844
          ],
          [
            -73.88517,
            40.85846
          ],
          [
            -73.88518,
            40.85846
          ],
          [
            -73.88521,
            40.85847
          ],
          [
            -73.88527,
            40.8585
          ],
          [
            -73.88531,
            40.85852
          ],
          [
            -73.8855,
            40.85862
          ],
          [
            -73.88566,
            40.8587
          ],
          [
            -73.88582,
            40.85879
          ],
          [
            -73.88589,
            40.85882
          ],
          [
            -73.88595,
            40.85885
          ],
          [
            -73.88602,
            40.85889
          ],
          [
            -73.88634,
            40.85906
          ],
          [
            -73.88653,
            40.85916
          ],
          [
            -73.88666,
            40.85922
          ],
          [
            -73.88673,
            40.85926
          ],
          [
            -73.8868,
            40.8593
          ],
          [
            -73.88698,
            40.85939
          ],
          [
            -73.88727,
            40.85955
          ],
          [
            -73.88736,
            40.85959
          ],
          [
            -73.88745,
            40.85963
          ],
          [
            -73.88763,
            40.85973
          ],
          [
            -73.88773,
            40.85978
          ],
          [
            -73.88804,
            40.85994
          ],
          [
            -73.88832,
            40.86009
          ],
          [
            -73.8888,
            40.86034
          ],
          [
            -73.88888,
            40.86039
          ],
          [
            -73.88897,
            40.86043
          ],
          [
            -73.88974,
            40.86083
          ],
          [
            -73.88989,
            40.86091
          ],
          [
            -73.89005,
            40.86104
          ],
          [
            -73.89011,
            40.86109
          ],
          [
            -73.89019,
            40.86113
          ],
          [
            -73.89026,
            40.86117
          ],
          [
            -73.89038,
            40.86123
          ],
          [
            -73.89053,
            40.8613
          ],
          [
            -73.89079,
            40.86144
          ],
          [
            -73.8909,
            40.86151
          ],
          [
            -73.89119,
            40.86168
          ],
          [
            -73.89131,
            40.86176
          ],
          [
            -73.89144,
            40.86184
          ],
          [
            -73.89153,
            40.86187
          ],
          [
            -73.8916,
            40.8619
          ],
          [
            -73.89167,
            40.86192
          ],
          [
            -73.89176,
            40.86194
          ],
          [
            -73.89184,
            40.86194
          ],
          [
            -73.89191,
            40.86194
          ],
          [
            -73.892,
            40.86193
          ],
          [
            -73.8923,
            40.86186
          ],
          [
            -73.89244,
            40.86185
          ],
          [
            -73.89256,
            40.86184
          ],
          [
            -73.89269,
            40.86184
          ],
          [
            -73.89277,
            40.86184
          ],
          [
            -73.89285,
            40.86185
          ],
          [
            -73.89295,
            40.86186
          ],
          [
            -73.89309,
            40.86187
          ],
          [
            -73.89343,
            40.86191
          ],
          [
            -73.89355,
            40.86192
          ],
          [
            -73.89374,
            40.86194
          ],
          [
            -73.89389,
            40.86196
          ],
          [
            -73.89399,
            40.86197
          ],
          [
            -73.89428,
            40.86201
          ],
          [
            -73.8947,
            40.86206
          ],
          [
            -73.89481,
            40.86207
          ],
          [
            -73.89491,
            40.86208
          ],
          [
            -73.89498,
            40.86209
          ],
          [
            -73.89562,
            40.86222
          ],
          [
            -73.89565,
            40.86222
          ],
          [
            -73.89565,
            40.86222
          ],
          [
            -73.89565,
            40.86222
          ],
          [
            -73.89578,
            40.86225
          ],
          [
            -73.89589,
            40.86227
          ],
          [
            -73.89602,
            40.86229
          ],
          [
            -73.89682,
            40.86245
          ],
          [
            -73.89687,
            40.86245
          ],
          [
            -73.89693,
            40.86246
          ],
          [
            -73.89699,
            40.86246
          ],
          [
            -73.89707,
            40.86246
          ],
          [
            -73.89733,
            40.86245
          ],
          [
            -73.89748,
            40.86244
          ],
          [
            -73.89769,
            40.86243
          ],
          [
            -73.89785,
            40.86241
          ],
          [
            -73.89785,
            40.86241
          ],
          [
            -73.89785,
            40.86241
          ],
          [
            -73.89798,
            40.86239
          ],
          [
            -73.898,
            40.86239
          ],
          [
            -73.89815,
            40.86236
          ],
          [
            -73.89827,
            40.86234
          ],
          [
            -73.89838,
            40.86232
          ],
          [
            -73.89848,
            40.8623
          ],
          [
            -73.89874,
            40.86225
          ],
          [
            -73.89913,
            40.86218
          ],
          [
            -73.8992,
            40.86217
          ],
          [
            -73.89926,
            40.86217
          ],
          [
            -73.8993,
            40.86216
          ],
          [
            -73.8994,
            40.86217
          ],
          [
            -73.89944,
            40.86217
          ],
          [
            -73.89948,
            40.86218
          ],
          [
            -73.89952,
            40.8622
          ],
          [
            -73.89956,
            40.8622
          ],
          [
            -73.89964,
            40.86224
          ],
          [
            -73.89971,
            40.86226
          ],
          [
            -73.89996,
            40.86236
          ],
          [
            -73.90022,
            40.86245
          ],
          [
            -73.90029,
            40.86248
          ],
          [
            -73.90037,
            40.86251
          ],
          [
            -73.90081,
            40.86268
          ],
          [
            -73.90081,
            40.86268
          ],
          [
            -73.90081,
            40.86268
          ],
          [
            -73.90094,
            40.86273
          ],
          [
            -73.90096,
            40.86274
          ],
          [
            -73.90106,
            40.86278
          ],
          [
            -73.90111,
            40.86279
          ],
          [
            -73.90116,
            40.8628
          ],
          [
            -73.90121,
            40.86281
          ],
          [
            -73.90127,
            40.86281
          ],
          [
            -73.90134,
            40.86281
          ],
          [
            -73.90145,
            40.86281
          ],
          [
            -73.90154,
            40.86281
          ],
          [
            -73.90165,
            40.8628
          ],
          [
            -73.90174,
            40.86279
          ],
          [
            -73.90209,
            40.86275
          ],
          [
            -73.90218,
            40.86274
          ],
          [
            -73.9023,
            40.86272
          ],
          [
            -73.90241,
            40.86272
          ],
          [
            -73.9025,
            40.86271
          ],
          [
            -73.90264,
            40.86271
          ],
          [
            -73.90277,
            40.86271
          ],
          [
            -73.90292,
            40.86272
          ],
          [
            -73.90308,
            40.86273
          ],
          [
            -73.90323,
            40.86274
          ],
          [
            -73.90332,
            40.86274
          ],
          [
            -73.90341,
            40.86275
          ],
          [
            -73.90365,
            40.86276
          ],
          [
            -73.90374,
            40.86276
          ],
          [
            -73.90388,
            40.86277
          ],
          [
            -73.904,
            40.86277
          ],
          [
            -73.90406,
            40.86277
          ],
          [
            -73.90409,
            40.86277
          ],
          [
            -73.90443,
            40.86276
          ],
          [
            -73.90477,
            40.86276
          ],
          [
            -73.90494,
            40.86276
          ],
          [
            -73.90513,
            40.86276
          ],
          [
            -73.90514,
            40.86276
          ],
          [
            -73.90514,
            40.86276
          ],
          [
            -73.90514,
            40.86276
          ],
          [
            -73.90524,
            40.86277
          ],
          [
            -73.90538,
            40.86277
          ],
          [
            -73.9061,
            40.86279
          ],
          [
            -73.90624,
            40.86279
          ],
          [
            -73.90636,
            40.8628
          ],
          [
            -73.90749,
            40.86282
          ],
          [
            -73.9076,
            40.86283
          ],
          [
            -73.90769,
            40.86283
          ],
          [
            -73.9081,
            40.86284
          ],
          [
            -73.90817,
            40.86284
          ],
          [
            -73.90823,
            40.86283
          ],
          [
            -73.9083,
            40.86282
          ],
          [
            -73.90835,
            40.86282
          ],
          [
            -73.90862,
            40.86277
          ],
          [
            -73.90879,
            40.86275
          ],
          [
            -73.90886,
            40.86273
          ],
          [
            -73.90894,
            40.86271
          ],
          [
            -73.90902,
            40.86269
          ],
          [
            -73.90916,
            40.86265
          ],
          [
            -73.90924,
            40.86262
          ],
          [
            -73.90934,
            40.86258
          ],
          [
            -73.90941,
            40.86256
          ],
          [
            -73.9095,
            40.86252
          ],
          [
            -73.90957,
            40.86249
          ],
          [
            -73.90964,
            40.86245
          ],
          [
            -73.9099,
            40.86228
          ],
          [
            -73.90994,
            40.86225
          ],
          [
            -73.91064,
            40.86176
          ],
          [
            -73.91068,
            40.86174
          ],
          [
            -73.91072,
            40.86172
          ],
          [
            -73.91078,
            40.86169
          ],
          [
            -73.91083,
            40.86168
          ],
          [
            -73.91089,
            40.86166
          ],
          [
            -73.91095,
            40.86165
          ],
          [
            -73.911,
            40.86165
          ],
          [
            -73.91106,
            40.86165
          ],
          [
            -73.91112,
            40.86165
          ],
          [
            -73.91117,
            40.86166
          ],
          [
            -73.91145,
            40.8617
          ],
          [
            -73.91157,
            40.86171
          ],
          [
            -73.91161,
            40.86172
          ],
          [
            -73.9117,
            40.86173
          ],
          [
            -73.91181,
            40.86174
          ],
          [
            -73.91185,
            40.86176
          ],
          [
            -73.91188,
            40.86178
          ],
          [
            -73.91192,
            40.86179
          ],
          [
            -73.91195,
            40.8618
          ],
          [
            -73.91199,
            40.86182
          ],
          [
            -73.91206,
            40.86183
          ],
          [
            -73.91212,
            40.86185
          ],
          [
            -73.91218,
            40.86186
          ],
          [
            -73.91224,
            40.86187
          ],
          [
            -73.91231,
            40.86188
          ],
          [
            -73.91238,
            40.86189
          ],
          [
            -73.91245,
            40.8619
          ],
          [
            -73.91271,
            40.86194
          ],
          [
            -73.91276,
            40.86195
          ],
          [
            -73.91281,
            40.86196
          ],
          [
            -73.91284,
            40.86197
          ],
          [
            -73.91286,
            40.86198
          ],
          [
            -73.91288,
            40.86198
          ],
          [
            -73.91293,
            40.862
          ],
          [
            -73.91299,
            40.86202
          ],
          [
            -73.91313,
            40.86207
          ],
          [
            -73.91321,
            40.8621
          ],
          [
            -73.9133,
            40.86213
          ],
          [
            -73.91338,
            40.86216
          ],
          [
            -73.91348,
            40.86219
          ],
          [
            -73.91348,
            40.86219
          ],
          [
            -73.91409,
            40.86244
          ],
          [
            -73.91411,
            40.86245
          ],
          [
            -73.91411,
            40.86245
          ],
          [
            -73.91444,
            40.86259
          ],
          [
            -73.91528,
            40.86295
          ],
          [
            -73.91583,
            40.86318
          ],
          [
            -73.91586,
            40.86319
          ],
          [
            -73.91586,
            40.86319
          ],
          [
            -73.91632,
            40.86338
          ],
          [
            -73.91706,
            40.86369
          ],
          [
            -73.91716,
            40.86374
          ],
          [
            -73.91778,
            40.86399
          ],
          [
            -73.91782,
            40.86401
          ],
          [
            -73.9181,
            40.86413
          ],
          [
            -73.91841,
            40.86426
          ],
          [
            -73.91869,
            40.86438
          ],
          [
            -73.91874,
            40.8644
          ],
          [
            -73.91874,
            40.8644
          ],
          [
            -73.91874,
            40.8644
          ],
          [
            -73.91879,
            40.86442
          ],
          [
            -73.91894,
            40.86448
          ],
          [
            -73.91907,
            40.86454
          ],
          [
            -73.9191,
            40.86455
          ],
          [
            -73.9192,
            40.86461
          ],
          [
            -73.91922,
            40.86462
          ],
          [
            -73.91928,
            40.86468
          ],
          [
            -73.91932,
            40.86474
          ],
          [
            -73.91937,
            40.86482
          ],
          [
            -73.91942,
            40.86489
          ],
          [
            -73.9198,
            40.86549
          ],
          [
            -73.91994,
            40.8657
          ],
          [
            -73.92,
            40.8658
          ],
          [
            -73.92006,
            40.8659
          ],
          [
            -73.92021,
            40.86613
          ],
          [
            -73.92041,
            40.86645
          ],
          [
            -73.92049,
            40.86657
          ],
          [
            -73.92057,
            40.86669
          ],
          [
            -73.92061,
            40.86676
          ],
          [
            -73.92067,
            40.86684
          ],
          [
            -73.92083,
            40.86709
          ],
          [
            -73.92099,
            40.86735
          ],
          [
            -73.92115,
            40.8676
          ],
          [
            -73.92122,
            40.86771
          ],
          [
            -73.92122,
            40.86771
          ],
          [
            -73.92112,
            40.86774
          ],
          [
            -73.92102,
            40.86777
          ],
          [
            -73.9207,
            40.86787
          ],
          [
            -73.9206,
            40.8679
          ],
          [
            -73.9206,
            40.8679
          ]
        ]
      }
    },
    {
      "type": "Feature",
      "properties": {
        "route_id": "BX12-W-Night",
        "layer": "T2 Optimal"
      },
      "geometry": {
        "type": "LineString",
        "coordinates": [
          [
            -73.82735,
            40.86602
          ],
          [
            -73.82731,
            40.86607
          ],
          [
            -73.82721,
            40.86618
          ],
          [
            -73.82714,
            40.86626
          ],
          [
            -73.82708,
            40.86632
          ],
          [
            -73.82708,
            40.86632
          ],
          [
            -73.82716,
            40.86636
          ],
          [
            -73.8279,
            40.86674
          ],
          [
            -73.8279,
            40.86674
          ],
          [
            -73.8279,
            40.86674
          ],
          [
            -73.82806,
            40.86682
          ],
          [
            -73.82819,
            40.86689
          ],
          [
            -73.82819,
            40.86689
          ],
          [
            -73.82807,
            40.86696
          ],
          [
            -73.82766,
            40.86741
          ],
          [
            -73.82739,
            40.86771
          ],
          [
            -73.82738,
            40.86773
          ],
          [
            -73.8273,
            40.86782
          ],
          [
            -73.82722,
            40.86791
          ],
          [
            -73.82716,
            40.86798
          ],
          [
            -73.82697,
            40.86821
          ],
          [
            -73.82689,
            40.8683
          ],
          [
            -73.82686,
            40.86839
          ],
          [
            -73.82661,
            40.86873
          ],
          [
            -73.8266,
            40.86874
          ],
          [
            -73.82653,
            40.86882
          ],
          [
            -73.82629,
            40.8691
          ],
          [
            -73.82621,
            40.86919
          ],
          [
            -73.82619,
            40.86921
          ],
          [
            -73.82618,
            40.86922
          ],
          [
            -73.82617,
            40.86924
          ],
          [
            -73.82616,
            40.86926
          ],
          [
            -73.82615,
            40.86928
          ],
          [
            -73.82613,
            40.86936
          ],
          [
            -73.82612,
            40.86944
          ],
          [
            -73.82612,
            40.86944
          ],
          [
            -73.8261,
            40.86958
          ],
          [
            -73.82627,
            40.8696
          ],
          [
            -73.82641,
            40.86961
          ],
          [
            -73.82655,
            40.86961
          ],
          [
            -73.82672,
            40.86962
          ],
          [
            -73.82685,
            40.86962
          ],
          [
            -73.82699,
            40.86963
          ],
          [
            -73.82714,
            40.86963
          ],
          [
            -73.82751,
            40.86963
          ],
          [
            -73.82767,
            40.86962
          ],
          [
            -73.82783,
            40.86962
          ],
          [
            -73.82805,
            40.86961
          ],
          [
            -73.82833,
            40.86959
          ],
          [
            -73.82857,
            40.86957
          ],
          [
            -73.8287,
            40.86955
          ],
          [
            -73.8287,
            40.86955
          ],
          [
            -73.82871,
            40.86955
          ],
          [
            -73.82878,
            40.86955
          ],
          [
            -73.82904,
            40.86951
          ],
          [
            -73.82925,
            40.86948
          ],
          [
            -73.82947,
            40.86944
          ],
          [
            -73.82971,
            40.8694
          ],
          [
            -73.82992,
            40.86935
          ],
          [
            -73.83014,
            40.8693
          ],
          [
            -73.83037,
            40.86923
          ],
          [
            -73.83051,
            40.86919
          ],
          [
            -73.83064,
            40.86916
          ],
          [
            -73.83101,
            40.86907
          ],
          [
            -73.8312,
            40.86901
          ],
          [
            -73.83162,
            40.8689
          ],
          [
            -73.83172,
            40.86887
          ],
          [
            -73.83184,
            40.86883
          ],
          [
            -73.83319,
            40.86839
          ],
          [
            -73.83319,
            40.86839
          ],
          [
            -73.83313,
            40.86827
          ],
          [
            -73.83309,
            40.86821
          ],
          [
            -73.83302,
            40.86808
          ],
          [
            -73.83302,
            40.86808
          ],
          [
            -73.83308,
            40.86807
          ],
          [
            -73.83308,
            40.86807
          ],
          [
            -73.83308,
            40.86807
          ],
          [
            -73.83302,
            40.86808
          ],
          [
            -73.83302,
            40.86808
          ],
          [
            -73.83291,
            40.86789
          ],
          [
            -73.83282,
            40.86773
          ],
          [
            -73.83241,
            40.86702
          ],
          [
            -73.83176,
            40.86591
          ],
          [
            -73.83176,
            40.86591
          ],
          [
            -73.83151,
            40.86568
          ],
          [
            -73.83144,
            40.86561
          ],
          [
            -73.83138,
            40.86554
          ],
          [
            -73.83127,
            40.8654
          ],
          [
            -73.8312,
            40.86529
          ],
          [
            -73.83111,
            40.86516
          ],
          [
            -73.83099,
            40.86496
          ],
          [
            -73.83085,
            40.86473
          ],
          [
            -73.83066,
            40.86453
          ],
          [
            -73.83066,
            40.86453
          ],
          [
            -73.83057,
            40.86433
          ],
          [
            -73.83047,
            40.86411
          ],
          [
            -73.83039,
            40.86391
          ],
          [
            -73.83031,
            40.8637
          ],
          [
            -73.83023,
            40.86348
          ],
          [
            -73.83014,
            40.86327
          ],
          [
            -73.83006,
            40.86306
          ],
          [
            -73.82996,
            40.86285
          ],
          [
            -73.82985,
            40.86264
          ],
          [
            -73.82974,
            40.86245
          ],
          [
            -73.8296,
            40.86224
          ],
          [
            -73.82947,
            40.86205
          ],
          [
            -73.82933,
            40.86187
          ],
          [
            -73.82915,
            40.86167
          ],
          [
            -73.82898,
            40.86149
          ],
          [
            -73.82877,
            40.86129
          ],
          [
            -73.82853,
            40.86108
          ],
          [
            -73.8284,
            40.86096
          ],
          [
            -73.82826,
            40.86085
          ],
          [
            -73.82812,
            40.86073
          ],
          [
            -73.828,
            40.86061
          ],
          [
            -73.82791,
            40.86052
          ],
          [
            -73.82783,
            40.86043
          ],
          [
            -73.82775,
            40.86034
          ],
          [
            -73.82769,
            40.86024
          ],
          [
            -73.82762,
            40.86014
          ],
          [
            -73.82756,
            40.86004
          ],
          [
            -73.82751,
            40.85994
          ],
          [
            -73.82747,
            40.85985
          ],
          [
            -73.82733,
            40.85947
          ],
          [
            -73.82715,
            40.859
          ],
          [
            -73.82708,
            40.85881
          ],
          [
            -73.82703,
            40.85865
          ],
          [
            -73.82696,
            40.85845
          ],
          [
            -73.82689,
            40.85823
          ],
          [
            -73.82683,
            40.85801
          ],
          [
            -73.82677,
            40.85779
          ],
          [
            -73.82672,
            40.85758
          ],
          [
            -73.82667,
            40.85737
          ],
          [
            -73.82663,
            40.85715
          ],
          [
            -73.82661,
            40.85704
          ],
          [
            -73.82658,
            40.85694
          ],
          [
            -73.82657,
            40.85686
          ],
          [
            -73.82653,
            40.85659
          ],
          [
            -73.82649,
            40.85629
          ],
          [
            -73.82647,
            40.85618
          ],
          [
            -73.82646,
            40.85607
          ],
          [
            -73.82643,
            40.85567
          ],
          [
            -73.82643,
            40.85567
          ],
          [
            -73.8265,
            40.85499
          ],
          [
            -73.82651,
            40.85486
          ],
          [
            -73.82652,
            40.85473
          ],
          [
            -73.82652,
            40.85459
          ],
          [
            -73.82652,
            40.85437
          ],
          [
            -73.82652,
            40.85421
          ],
          [
            -73.82653,
            40.85406
          ],
          [
            -73.82654,
            40.85391
          ],
          [
            -73.82655,
            40.85383
          ],
          [
            -73.82657,
            40.85375
          ],
          [
            -73.82658,
            40.85365
          ],
          [
            -73.8266,
            40.85357
          ],
          [
            -73.82662,
            40.85347
          ],
          [
            -73.82663,
            40.85341
          ],
          [
            -73.82665,
            40.85336
          ],
          [
            -73.82665,
            40.85336
          ],
          [
            -73.82668,
            40.85336
          ],
          [
            -73.82671,
            40.85337
          ],
          [
            -73.82674,
            40.85337
          ],
          [
            -73.82676,
            40.85337
          ],
          [
            -73.8268,
            40.85337
          ],
          [
            -73.82683,
            40.85337
          ],
          [
            -73.82704,
            40.85334
          ],
          [
            -73.82708,
            40.85334
          ],
          [
            -73.8271,
            40.85333
          ],
          [
            -73.82713,
            40.85332
          ],
          [
            -73.82716,
            40.85331
          ],
          [
            -73.82718,
            40.8533
          ],
          [
            -73.8272,
            40.85329
          ],
          [
            -73.82721,
            40.85328
          ],
          [
            -73.82723,
            40.85325
          ],
          [
            -73.82735,
            40.85293
          ],
          [
            -73.82735,
            40.8529
          ],
          [
            -73.82736,
            40.85286
          ],
          [
            -73.82736,
            40.85282
          ],
          [
            -73.82736,
            40.85282
          ],
          [
            -73.82733,
            40.85267
          ],
          [
            -73.82722,
            40.85212
          ],
          [
            -73.8272,
            40.85199
          ],
          [
            -73.82719,
            40.85194
          ],
          [
            -73.82718,
            40.8518
          ],
          [
            -73.82718,
            40.85178
          ],
          [
            -73.82718,
            40.85178
          ],
          [
            -73.82718,
            40.85178
          ],
          [
            -73.82717,
            40.85173
          ],
          [
            -73.82717,
            40.85173
          ],
          [
            -73.82715,
            40.85174
          ],
          [
            -73.82714,
            40.85174
          ],
          [
            -73.82712,
            40.85175
          ],
          [
            -73.8271,
            40.85175
          ],
          [
            -73.8271,
            40.85175
          ],
          [
            -73.82708,
            40.85175
          ],
          [
            -73.82705,
            40.85174
          ],
          [
            -73.82703,
            40.85174
          ],
          [
            -73.82671,
            40.85168
          ],
          [
            -73.82664,
            40.85166
          ],
          [
            -73.82664,
            40.85166
          ],
          [
            -73.82656,
            40.85165
          ],
          [
            -73.82656,
            40.85165
          ],
          [
            -73.82654,
            40.8517
          ],
          [
            -73.82609,
            40.85305
          ],
          [
            -73.82607,
            40.8531
          ],
          [
            -73.82605,
            40.85315
          ],
          [
            -73.82603,
            40.85322
          ],
          [
            -73.82603,
            40.85322
          ],
          [
            -73.82602,
            40.85325
          ],
          [
            -73.826,
            40.85327
          ],
          [
            -73.82598,
            40.8533
          ],
          [
            -73.82596,
            40.85332
          ],
          [
            -73.82574,
            40.85352
          ],
          [
            -73.82537,
            40.85394
          ],
          [
            -73.82523,
            40.85409
          ],
          [
            -73.82512,
            40.85419
          ],
          [
            -73.82502,
            40.85427
          ],
          [
            -73.82491,
            40.85435
          ],
          [
            -73.82469,
            40.85449
          ],
          [
            -73.82454,
            40.85457
          ],
          [
            -73.8244,
            40.85463
          ],
          [
            -73.82424,
            40.8547
          ],
          [
            -73.82356,
            40.85499
          ],
          [
            -73.82346,
            40.85504
          ],
          [
            -73.82336,
            40.85509
          ],
          [
            -73.82328,
            40.85513
          ],
          [
            -73.82321,
            40.85517
          ],
          [
            -73.82312,
            40.85522
          ],
          [
            -73.8227,
            40.85547
          ],
          [
            -73.82245,
            40.85562
          ],
          [
            -73.82226,
            40.85574
          ],
          [
            -73.8221,
            40.85585
          ],
          [
            -73.82196,
            40.85594
          ],
          [
            -73.82189,
            40.85599
          ],
          [
            -73.82182,
            40.85604
          ],
          [
            -73.82159,
            40.85621
          ],
          [
            -73.82148,
            40.85629
          ],
          [
            -73.82134,
            40.85641
          ],
          [
            -73.82087,
            40.8568
          ],
          [
            -73.82087,
            40.8568
          ],
          [
            -73.82096,
            40.85689
          ],
          [
            -73.82102,
            40.85695
          ],
          [
            -73.82108,
            40.857
          ],
          [
            -73.82141,
            40.85726
          ],
          [
            -73.82149,
            40.85732
          ],
          [
            -73.82154,
            40.85735
          ],
          [
            -73.8216,
            40.85738
          ],
          [
            -73.82165,
            40.8574
          ],
          [
            -73.82171,
            40.85741
          ],
          [
            -73.82177,
            40.85742
          ],
          [
            -73.82182,
            40.85741
          ],
          [
            -73.82188,
            40.85741
          ],
          [
            -73.82192,
            40.8574
          ],
          [
            -73.82265,
            40.85724
          ],
          [
            -73.82265,
            40.85724
          ],
          [
            -73.82279,
            40.85721
          ],
          [
            -73.82293,
            40.85717
          ],
          [
            -73.82307,
            40.85714
          ],
          [
            -73.8232,
            40.85711
          ],
          [
            -73.82334,
            40.85708
          ],
          [
            -73.82348,
            40.85705
          ],
          [
            -73.82358,
            40.85704
          ],
          [
            -73.82377,
            40.857
          ],
          [
            -73.82391,
            40.85698
          ],
          [
            -73.82405,
            40.85695
          ],
          [
            -73.82422,
            40.85693
          ],
          [
            -73.82439,
            40.8569
          ],
          [
            -73.82471,
            40.85686
          ],
          [
            -73.82646,
            40.85665
          ],
          [
            -73.82646,
            40.85665
          ],
          [
            -73.82772,
            40.85651
          ],
          [
            -73.82785,
            40.85649
          ],
          [
            -73.83034,
            40.85621
          ],
          [
            -73.83149,
            40.85608
          ],
          [
            -73.83163,
            40.85607
          ],
          [
            -73.83177,
            40.85606
          ],
          [
            -73.83192,
            40.85605
          ],
          [
            -73.83206,
            40.85605
          ],
          [
            -73.8322,
            40.85605
          ],
          [
            -73.83235,
            40.85606
          ],
          [
            -73.83249,
            40.85606
          ],
          [
            -73.83263,
            40.85608
          ],
          [
            -73.83277,
            40.8561
          ],
          [
            -73.83292,
            40.85612
          ],
          [
            -73.83335,
            40.85619
          ],
          [
            -73.83458,
            40.85639
          ],
          [
            -73.83587,
            40.85659
          ],
          [
            -73.83655,
            40.85669
          ],
          [
            -73.83655,
            40.85669
          ],
          [
            -73.83656,
            40.85669
          ],
          [
            -73.83672,
            40.85671
          ],
          [
            -73.83691,
            40.85673
          ],
          [
            -73.83707,
            40.85675
          ],
          [
            -73.83735,
            40.85679
          ],
          [
            -73.83748,
            40.85681
          ],
          [
            -73.8376,
            40.85683
          ],
          [
            -73.84286,
            40.85763
          ],
          [
            -73.84341,
            40.85771
          ],
          [
            -73.84354,
            40.85773
          ],
          [
            -73.84368,
            40.85776
          ],
          [
            -73.8439,
            40.85778
          ],
          [
            -73.84404,
            40.8578
          ],
          [
            -73.84418,
            40.85782
          ],
          [
            -73.84429,
            40.85783
          ],
          [
            -73.84431,
            40.85783
          ],
          [
            -73.84431,
            40.85783
          ],
          [
            -73.84431,
            40.85783
          ],
          [
            -73.84641,
            40.85803
          ],
          [
            -73.84649,
            40.85804
          ],
          [
            -73.84658,
            40.85805
          ],
          [
            -73.84676,
            40.85807
          ],
          [
            -73.84691,
            40.85808
          ],
          [
            -73.84705,
            40.85808
          ],
          [
            -73.84719,
            40.85808
          ],
          [
            -73.84951,
            40.85811
          ],
          [
            -73.84966,
            40.85811
          ],
          [
            -73.8498,
            40.85811
          ],
          [
            -73.84995,
            40.8581
          ],
          [
            -73.85008,
            40.85808
          ],
          [
            -73.85151,
            40.85796
          ],
          [
            -73.85151,
            40.85796
          ],
          [
            -73.85151,
            40.85796
          ],
          [
            -73.85161,
            40.85795
          ],
          [
            -73.85169,
            40.85794
          ],
          [
            -73.85551,
            40.85761
          ],
          [
            -73.85617,
            40.85756
          ],
          [
            -73.85637,
            40.85755
          ],
          [
            -73.85655,
            40.85755
          ],
          [
            -73.85664,
            40.85754
          ],
          [
            -73.85664,
            40.85754
          ],
          [
            -73.85664,
            40.85754
          ],
          [
            -73.85693,
            40.85754
          ],
          [
            -73.85879,
            40.85748
          ],
          [
            -73.86165,
            40.85741
          ],
          [
            -73.86174,
            40.85741
          ],
          [
            -73.86476,
            40.85732
          ],
          [
            -73.86732,
            40.85726
          ],
          [
            -73.86732,
            40.85726
          ],
          [
            -73.86732,
            40.85726
          ],
          [
            -73.86745,
            40.85726
          ],
          [
            -73.86762,
            40.85725
          ],
          [
            -73.86776,
            40.85725
          ],
          [
            -73.86841,
            40.85723
          ],
          [
            -73.86867,
            40.85723
          ],
          [
            -73.86887,
            40.85722
          ],
          [
            -73.869,
            40.85721
          ],
          [
            -73.86908,
            40.8572
          ],
          [
            -73.86917,
            40.85719
          ],
          [
            -73.86927,
            40.85718
          ],
          [
            -73.86938,
            40.85716
          ],
          [
            -73.86938,
            40.85716
          ],
          [
            -73.86978,
            40.85707
          ],
          [
            -73.87007,
            40.857
          ],
          [
            -73.87035,
            40.85693
          ],
          [
            -73.87117,
            40.85672
          ],
          [
            -73.87173,
            40.85658
          ],
          [
            -73.87241,
            40.8564
          ],
          [
            -73.87301,
            40.85625
          ],
          [
            -73.87311,
            40.85623
          ],
          [
            -73.87337,
            40.85617
          ],
          [
            -73.87419,
            40.85599
          ],
          [
            -73.875,
            40.85584
          ],
          [
            -73.87535,
            40.85576
          ],
          [
            -73.87562,
            40.85569
          ],
          [
            -73.87589,
            40.85564
          ],
          [
            -73.87618,
            40.85559
          ],
          [
            -73.87646,
            40.85555
          ],
          [
            -73.87661,
            40.85552
          ],
          [
            -73.87676,
            40.8555
          ],
          [
            -73.87691,
            40.85548
          ],
          [
            -73.87701,
            40.85548
          ],
          [
            -73.87716,
            40.85548
          ],
          [
            -73.87732,
            40.85549
          ],
          [
            -73.87745,
            40.8555
          ],
          [
            -73.87756,
            40.85552
          ],
          [
            -73.87769,
            40.85554
          ],
          [
            -73.8778,
            40.85557
          ],
          [
            -73.87792,
            40.85561
          ],
          [
            -73.87803,
            40.85565
          ],
          [
            -73.87814,
            40.8557
          ],
          [
            -73.87826,
            40.85575
          ],
          [
            -73.87853,
            40.85588
          ],
          [
            -73.87866,
            40.85594
          ],
          [
            -73.8788,
            40.85602
          ],
          [
            -73.87894,
            40.85612
          ],
          [
            -73.87894,
            40.85612
          ],
          [
            -73.87896,
            40.85622
          ],
          [
            -73.87901,
            40.85628
          ],
          [
            -73.8791,
            40.85636
          ],
          [
            -73.8792,
            40.85644
          ],
          [
            -73.87931,
            40.8565
          ],
          [
            -73.87942,
            40.85657
          ],
          [
            -73.88023,
            40.85705
          ],
          [
            -73.88033,
            40.85711
          ],
          [
            -73.88042,
            40.85717
          ],
          [
            -73.88052,
            40.85724
          ],
          [
            -73.88055,
            40.85727
          ],
          [
            -73.88055,
            40.85727
          ],
          [
            -73.88055,
            40.85727
          ],
          [
            -73.88058,
            40.85728
          ],
          [
            -73.88063,
            40.85732
          ],
          [
            -73.88081,
            40.85747
          ],
          [
            -73.88081,
            40.85747
          ],
          [
            -73.88097,
            40.85758
          ],
          [
            -73.88108,
            40.85766
          ],
          [
            -73.88115,
            40.85771
          ],
          [
            -73.8812,
            40.85773
          ],
          [
            -73.88127,
            40.85776
          ],
          [
            -73.88133,
            40.85778
          ],
          [
            -73.88144,
            40.8578
          ],
          [
            -73.8815,
            40.8578
          ],
          [
            -73.88165,
            40.85781
          ],
          [
            -73.88177,
            40.85782
          ],
          [
            -73.88189,
            40.85783
          ],
          [
            -73.88203,
            40.85785
          ],
          [
            -73.88224,
            40.85789
          ],
          [
            -73.88251,
            40.85796
          ],
          [
            -73.88276,
            40.85804
          ],
          [
            -73.88299,
            40.8581
          ],
          [
            -73.88328,
            40.85817
          ],
          [
            -73.8834,
            40.85819
          ],
          [
            -73.88348,
            40.8582
          ],
          [
            -73.88395,
            40.85825
          ],
          [
            -73.88423,
            40.85822
          ],
          [
            -73.88434,
            40.85821
          ],
          [
            -73.88442,
            40.85823
          ],
          [
            -73.8849,
            40.85838
          ],
          [
            -73.88501,
            40.85841
          ],
          [
            -73.88503,
            40.85842
          ],
          [
            -73.88511,
            40.85844
          ],
          [
            -73.88517,
            40.85846
          ],
          [
            -73.88518,
            40.85846
          ],
          [
            -73.88521,
            40.85847
          ],
          [
            -73.88527,
            40.8585
          ],
          [
            -73.88531,
            40.85852
          ],
          [
            -73.8855,
            40.85862
          ],
          [
            -73.88566,
            40.8587
          ],
          [
            -73.88582,
            40.85879
          ],
          [
            -73.88589,
            40.85882
          ],
          [
            -73.88595,
            40.85885
          ],
          [
            -73.88595,
            40.85885
          ],
          [
            -73.88583,
            40.85894
          ],
          [
            -73.88583,
            40.85894
          ],
          [
            -73.88583,
            40.85894
          ],
          [
            -73.88543,
            40.85937
          ],
          [
            -73.88538,
            40.85942
          ],
          [
            -73.88538,
            40.85942
          ],
          [
            -73.88532,
            40.85939
          ],
          [
            -73.88454,
            40.85898
          ],
          [
            -73.88406,
            40.85873
          ],
          [
            -73.88401,
            40.8587
          ],
          [
            -73.88395,
            40.85867
          ],
          [
            -73.88395,
            40.85867
          ],
          [
            -73.88423,
            40.85833
          ],
          [
            -73.88434,
            40.85821
          ],
          [
            -73.88434,
            40.85821
          ],
          [
            -73.88442,
            40.85823
          ],
          [
            -73.8849,
            40.85838
          ],
          [
            -73.88501,
            40.85841
          ],
          [
            -73.88503,
            40.85842
          ],
          [
            -73.88511,
            40.85844
          ],
          [
            -73.88517,
            40.85846
          ],
          [
            -73.88518,
            40.85846
          ],
          [
            -73.88521,
            40.85847
          ],
          [
            -73.88527,
            40.8585
          ],
          [
            -73.88531,
            40.85852
          ],
          [
            -73.8855,
            40.85862
          ],
          [
            -73.88566,
            40.8587
          ],
          [
            -73.88582,
            40.85879
          ],
          [
            -73.88589,
            40.85882
          ],
          [
            -73.88595,
            40.85885
          ],
          [
            -73.88602,
            40.85889
          ],
          [
            -73.88634,
            40.85906
          ],
          [
            -73.88653,
            40.85916
          ],
          [
            -73.88666,
            40.85922
          ],
          [
            -73.88673,
            40.85926
          ],
          [
            -73.8868,
            40.8593
          ],
          [
            -73.88698,
            40.85939
          ],
          [
            -73.88727,
            40.85955
          ],
          [
            -73.88736,
            40.85959
          ],
          [
            -73.88745,
            40.85963
          ],
          [
            -73.88763,
            40.85973
          ],
          [
            -73.88773,
            40.85978
          ],
          [
            -73.88804,
            40.85994
          ],
          [
            -73.88832,
            40.86009
          ],
          [
            -73.8888,
            40.86034
          ],
          [
            -73.88888,
            40.86039
          ],
          [
            -73.88897,
            40.86043
          ],
          [
            -73.88974,
            40.86083
          ],
          [
            -73.88989,
            40.86091
          ],
          [
            -73.89005,
            40.86104
          ],
          [
            -73.89011,
            40.86109
          ],
          [
            -73.89019,
            40.86113
          ],
          [
            -73.89026,
            40.86117
          ],
          [
            -73.89038,
            40.86123
          ],
          [
            -73.89053,
            40.8613
          ],
          [
            -73.89079,
            40.86144
          ],
          [
            -73.8909,
            40.86151
          ],
          [
            -73.89119,
            40.86168
          ],
          [
            -73.89131,
            40.86176
          ],
          [
            -73.89144,
            40.86184
          ],
          [
            -73.89153,
            40.86187
          ],
          [
            -73.8916,
            40.8619
          ],
          [
            -73.89167,
            40.86192
          ],
          [
            -73.89176,
            40.86194
          ],
          [
            -73.89184,
            40.86194
          ],
          [
            -73.89191,
            40.86194
          ],
          [
            -73.892,
            40.86193
          ],
          [
            -73.8923,
            40.86186
          ],
          [
            -73.89244,
            40.86185
          ],
          [
            -73.89256,
            40.86184
          ],
          [
            -73.89269,
            40.86184
          ],
          [
            -73.89277,
            40.86184
          ],
          [
            -73.89285,
            40.86185
          ],
          [
            -73.89295,
            40.86186
          ],
          [
            -73.89309,
            40.86187
          ],
          [
            -73.89343,
            40.86191
          ],
          [
            -73.89355,
            40.86192
          ],
          [
            -73.89374,
            40.86194
          ],
          [
            -73.89389,
            40.86196
          ],
          [
            -73.89399,
            40.86197
          ],
          [
            -73.89428,
            40.86201
          ],
          [
            -73.8947,
            40.86206
          ],
          [
            -73.89481,
            40.86207
          ],
          [
            -73.89491,
            40.86208
          ],
          [
            -73.89498,
            40.86209
          ],
          [
            -73.89562,
            40.86222
          ],
          [
            -73.89565,
            40.86222
          ],
          [
            -73.89565,
            40.86222
          ],
          [
            -73.89565,
            40.86222
          ],
          [
            -73.89578,
            40.86225
          ],
          [
            -73.89589,
            40.86227
          ],
          [
            -73.89602,
            40.86229
          ],
          [
            -73.89682,
            40.86245
          ],
          [
            -73.89687,
            40.86245
          ],
          [
            -73.89693,
            40.86246
          ],
          [
            -73.89699,
            40.86246
          ],
          [
            -73.89707,
            40.86246
          ],
          [
            -73.89733,
            40.86245
          ],
          [
            -73.89748,
            40.86244
          ],
          [
            -73.89769,
            40.86243
          ],
          [
            -73.89785,
            40.86241
          ],
          [
            -73.89785,
            40.86241
          ],
          [
            -73.89785,
            40.86241
          ],
          [
            -73.89798,
            40.86239
          ],
          [
            -73.898,
            40.86239
          ],
          [
            -73.89815,
            40.86236
          ],
          [
            -73.89827,
            40.86234
          ],
          [
            -73.89838,
            40.86232
          ],
          [
            -73.89848,
            40.8623
          ],
          [
            -73.89874,
            40.86225
          ],
          [
            -73.89913,
            40.86218
          ],
          [
            -73.8992,
            40.86217
          ],
          [
            -73.89926,
            40.86217
          ],
          [
            -73.8993,
            40.86216
          ],
          [
            -73.8994,
            40.86217
          ],
          [
            -73.89944,
            40.86217
          ],
          [
            -73.89948,
            40.86218
          ],
          [
            -73.89952,
            40.8622
          ],
          [
            -73.89956,
            40.8622
          ],
          [
            -73.89964,
            40.86224
          ],
          [
            -73.89971,
            40.86226
          ],
          [
            -73.89996,
            40.86236
          ],
          [
            -73.90022,
            40.86245
          ],
          [
            -73.90029,
            40.86248
          ],
          [
            -73.90037,
            40.86251
          ],
          [
            -73.90081,
            40.86268
          ],
          [
            -73.90081,
            40.86268
          ],
          [
            -73.90081,
            40.86268
          ],
          [
            -73.90094,
            40.86273
          ],
          [
            -73.90096,
            40.86274
          ],
          [
            -73.90106,
            40.86278
          ],
          [
            -73.90111,
            40.86279
          ],
          [
            -73.90116,
            40.8628
          ],
          [
            -73.90121,
            40.86281
          ],
          [
            -73.90127,
            40.86281
          ],
          [
            -73.90134,
            40.86281
          ],
          [
            -73.90145,
            40.86281
          ],
          [
            -73.90154,
            40.86281
          ],
          [
            -73.90165,
            40.8628
          ],
          [
            -73.90174,
            40.86279
          ],
          [
            -73.90209,
            40.86275
          ],
          [
            -73.90218,
            40.86274
          ],
          [
            -73.9023,
            40.86272
          ],
          [
            -73.90241,
            40.86272
          ],
          [
            -73.9025,
            40.86271
          ],
          [
            -73.90264,
            40.86271
          ],
          [
            -73.90277,
            40.86271
          ],
          [
            -73.90292,
            40.86272
          ],
          [
            -73.90308,
            40.86273
          ],
          [
            -73.90323,
            40.86274
          ],
          [
            -73.90332,
            40.86274
          ],
          [
            -73.90341,
            40.86275
          ],
          [
            -73.90365,
            40.86276
          ],
          [
            -73.90374,
            40.86276
          ],
          [
            -73.90388,
            40.86277
          ],
          [
            -73.904,
            40.86277
          ],
          [
            -73.90406,
            40.86277
          ],
          [
            -73.90409,
            40.86277
          ],
          [
            -73.90443,
            40.86276
          ],
          [
            -73.90477,
            40.86276
          ],
          [
            -73.90494,
            40.86276
          ],
          [
            -73.90513,
            40.86276
          ],
          [
            -73.90514,
            40.86276
          ],
          [
            -73.90514,
            40.86276
          ],
          [
            -73.90514,
            40.86276
          ],
          [
            -73.90524,
            40.86277
          ],
          [
            -73.90538,
            40.86277
          ],
          [
            -73.9061,
            40.86279
          ],
          [
            -73.90624,
            40.86279
          ],
          [
            -73.90636,
            40.8628
          ],
          [
            -73.90749,
            40.86282
          ],
          [
            -73.9076,
            40.86283
          ],
          [
            -73.90769,
            40.86283
          ],
          [
            -73.9081,
            40.86284
          ],
          [
            -73.90817,
            40.86284
          ],
          [
            -73.90823,
            40.86283
          ],
          [
            -73.9083,
            40.86282
          ],
          [
            -73.90835,
            40.86282
          ],
          [
            -73.90862,
            40.86277
          ],
          [
            -73.90879,
            40.86275
          ],
          [
            -73.90886,
            40.86273
          ],
          [
            -73.90894,
            40.86271
          ],
          [
            -73.90902,
            40.86269
          ],
          [
            -73.90916,
            40.86265
          ],
          [
            -73.90924,
            40.86262
          ],
          [
            -73.90934,
            40.86258
          ],
          [
            -73.90941,
            40.86256
          ],
          [
            -73.9095,
            40.86252
          ],
          [
            -73.90957,
            40.86249
          ],
          [
            -73.90964,
            40.86245
          ],
          [
            -73.9099,
            40.86228
          ],
          [
            -73.90994,
            40.86225
          ],
          [
            -73.91064,
            40.86176
          ],
          [
            -73.91068,
            40.86174
          ],
          [
            -73.91072,
            40.86172
          ],
          [
            -73.91078,
            40.86169
          ],
          [
            -73.91083,
            40.86168
          ],
          [
            -73.91089,
            40.86166
          ],
          [
            -73.91095,
            40.86165
          ],
          [
            -73.911,
            40.86165
          ],
          [
            -73.91106,
            40.86165
          ],
          [
            -73.91112,
            40.86165
          ],
          [
            -73.91117,
            40.86166
          ],
          [
            -73.91145,
            40.8617
          ],
          [
            -73.91157,
            40.86171
          ],
          [
            -73.91161,
            40.86172
          ],
          [
            -73.9117,
            40.86173
          ],
          [
            -73.91181,
            40.86174
          ],
          [
            -73.91185,
            40.86176
          ],
          [
            -73.91188,
            40.86178
          ],
          [
            -73.91192,
            40.86179
          ],
          [
            -73.91195,
            40.8618
          ],
          [
            -73.91199,
            40.86182
          ],
          [
            -73.91206,
            40.86183
          ],
          [
            -73.91212,
            40.86185
          ],
          [
            -73.91218,
            40.86186
          ],
          [
            -73.91224,
            40.86187
          ],
          [
            -73.91231,
            40.86188
          ],
          [
            -73.91238,
            40.86189
          ],
          [
            -73.91245,
            40.8619
          ],
          [
            -73.91271,
            40.86194
          ],
          [
            -73.91276,
            40.86195
          ],
          [
            -73.91281,
            40.86196
          ],
          [
            -73.91284,
            40.86197
          ],
          [
            -73.91286,
            40.86198
          ],
          [
            -73.91288,
            40.86198
          ],
          [
            -73.91293,
            40.862
          ],
          [
            -73.91299,
            40.86202
          ],
          [
            -73.91313,
            40.86207
          ],
          [
            -73.91321,
            40.8621
          ],
          [
            -73.9133,
            40.86213
          ],
          [
            -73.91338,
            40.86216
          ],
          [
            -73.91348,
            40.86219
          ],
          [
            -73.91348,
            40.86219
          ],
          [
            -73.91409,
            40.86244
          ],
          [
            -73.91411,
            40.86245
          ],
          [
            -73.91411,
            40.86245
          ],
          [
            -73.91444,
            40.86259
          ],
          [
            -73.91528,
            40.86295
          ],
          [
            -73.91583,
            40.86318
          ],
          [
            -73.91586,
            40.86319
          ],
          [
            -73.91586,
            40.86319
          ],
          [
            -73.91632,
            40.86338
          ],
          [
            -73.91706,
            40.86369
          ],
          [
            -73.91716,
            40.86374
          ],
          [
            -73.91778,
            40.86399
          ],
          [
            -73.91782,
            40.86401
          ],
          [
            -73.9181,
            40.86413
          ],
          [
            -73.91841,
            40.86426
          ],
          [
            -73.91869,
            40.86438
          ],
          [
            -73.91874,
            40.8644
          ],
          [
            -73.91874,
            40.8644
          ],
          [
            -73.91874,
            40.8644
          ],
          [
            -73.91879,
            40.86442
          ],
          [
            -73.91894,
            40.86448
          ],
          [
            -73.91907,
            40.86454
          ],
          [
            -73.9191,
            40.86455
          ],
          [
            -73.9192,
            40.86461
          ],
          [
            -73.91922,
            40.86462
          ],
          [
            -73.91928,
            40.86468
          ],
          [
            -73.91932,
            40.86474
          ],
          [
            -73.91937,
            40.86482
          ],
          [
            -73.91942,
            40.86489
          ],
          [
            -73.9198,
            40.86549
          ],
          [
            -73.91994,
            40.8657
          ],
          [
            -73.92,
            40.8658
          ],
          [
            -73.92006,
            40.8659
          ],
          [
            -73.92021,
            40.86613
          ],
          [
            -73.92041,
            40.86645
          ],
          [
            -73.92049,
            40.86657
          ],
          [
            -73.92057,
            40.86669
          ],
          [
            -73.92061,
            40.86676
          ],
          [
            -73.92067,
            40.86684
          ],
          [
            -73.92083,
            40.86709
          ],
          [
            -73.92099,
            40.86735
          ],
          [
            -73.92115,
            40.8676
          ],
          [
            -73.92122,
            40.86771
          ],
          [
            -73.92122,
            40.86771
          ],
          [
            -73.92112,
            40.86774
          ],
          [
            -73.92102,
            40.86777
          ],
          [
            -73.9207,
            40.86787
          ],
          [
            -73.9206,
            40.8679
          ],
          [
            -73.9206,
            40.8679
          ]
        ]
      }
    }
  ]
}