{
  "type": "FeatureCollection",
  "features": [
    {
      "type": "Feature",
      "properties": {
        "route_id": "B46-S-Night",
        "layer": "T1 Original"
      },
      "geometry": {
        "type": "LineString",
        "coordinates": [
          [
            -73.95906,
            40.70923
          ],
          [
            -73.95889,
            40.7095
          ],
          [
            -73.95886,
            40.70955
          ],
          [
            -73.95886,
            40.70955
          ],
          [
            -73.95877,
            40.70952
          ],
          [
            -73.95757,
            40.70911
          ],
          [
            -73.95749,
            40.70908
          ],
          [
            -73.95749,
            40.70908
          ],
          [
            -73.95752,
            40.70902
          ],
          [
            -73.95761,
            40.70888
          ],
          [
            -73.95769,
            40.70876
          ],
          [
            -73.95785,
            40.70849
          ],
          [
            -73.9579,
            40.70842
          ],
          [
            -73.9579,
            40.70842
          ],
          [
            -73.95783,
            40.7084
          ],
          [
            -73.95754,
            40.70829
          ],
          [
            -73.95754,
            40.70829
          ],
          [
            -73.95754,
            40.70829
          ],
          [
            -73.95751,
            40.70828
          ],
          [
            -73.95751,
            40.70828
          ],
          [
            -73.95702,
            40.70812
          ],
          [
            -73.9568,
            40.70804
          ],
          [
            -73.95673,
            40.70802
          ],
          [
            -73.95666,
            40.70799
          ],
          [
            -73.95619,
            40.70783
          ],
          [
            -73.95618,
            40.70783
          ],
          [
            -73.95561,
            40.70764
          ],
          [
            -73.95554,
            40.70761
          ],
          [
            -73.95547,
            40.70759
          ],
          [
            -73.95417,
            40.70714
          ],
          [
            -73.9541,
            40.70711
          ],
          [
            -73.95402,
            40.70709
          ],
          [
            -73.95402,
            40.70709
          ],
          [
            -73.95406,
            40.70703
          ],
          [
            -73.95406,
            40.70703
          ],
          [
            -73.95406,
            40.70703
          ],
          [
            -73.95408,
            40.707
          ],
          [
            -73.95413,
            40.70692
          ],
          [
            -73.95417,
            40.70686
          ],
          [
            -73.95435,
            40.70673
          ],
          [
            -73.95442,
            40.70668
          ],
          [
            -73.95442,
            40.70668
          ],
          [
            -73.95438,
            40.70663
          ],
          [
            -73.95386,
            40.70617
          ],
          [
            -73.95379,
            40.70611
          ],
          [
            -73.95379,
            40.70611
          ],
          [
            -73.95372,
            40.70616
          ],
          [
            -73.953,
            40.70665
          ],
          [
            -73.95291,
            40.70671
          ],
          [
            -73.95291,
            40.70671
          ],
          [
            -73.95285,
            40.70669
          ],
          [
            -73.95258,
            40.7066
          ],
          [
            -73.9525,
            40.70657
          ],
          [
            -73.95244,
            40.70655
          ],
          [
            -73.95229,
            40.70649
          ],
          [
            -73.952,
            40.70638
          ],
          [
            -73.9519,
            40.70634
          ],
          [
            -73.9518,
            40.7063
          ],
          [
            -73.95171,
            40.70626
          ],
          [
            -73.95165,
            40.70623
          ],
          [
            -73.95117,
            40.70597
          ],
          [
            -73.95108,
            40.70592
          ],
          [
            -73.95102,
            40.70588
          ],
          [
            -73.95086,
            40.7058
          ],
          [
            -73.95043,
            40.70556
          ],
          [
            -73.9504,
            40.70554
          ],
          [
            -73.9504,
            40.70554
          ],
          [
            -73.95039,
            40.70553
          ],
          [
            -73.95022,
            40.70544
          ],
          [
            -73.95012,
            40.70538
          ],
          [
            -73.95011,
            40.70538
          ],
          [
            -73.94984,
            40.70522
          ],
          [
            -73.94967,
            40.70513
          ],
          [
            -73.94956,
            40.70507
          ],
          [
            -73.94952,
            40.70505
          ],
          [
            -73.94947,
            40.70502
          ],
          [
            -73.94942,
            40.70499
          ],
          [
            -73.94907,
            40.7048
          ],
          [
            -73.94856,
            40.70451
          ],
          [
            -73.94845,
            40.70445
          ],
          [
            -73.94815,
            40.70428
          ],
          [
            -73.94802,
            40.70421
          ],
          [
            -73.948,
            40.7042
          ],
          [
            -73.948,
            40.7042
          ],
          [
            -73.948,
            40.7042
          ],
          [
            -73.94797,
            40.70419
          ],
          [
            -73.94789,
            40.70414
          ],
          [
            -73.94781,
            40.70409
          ],
          [
            -73.94705,
            40.70367
          ],
          [
            -73.94633,
            40.70326
          ],
          [
            -73.94624,
            40.70322
          ],
          [
            -73.94616,
            40.70317
          ],
          [
            -73.94586,
            40.703
          ],
          [
            -73.9458,
            40.70297
          ],
          [
            -73.94545,
            40.70277
          ],
          [
            -73.94507,
            40.70256
          ],
          [
            -73.94471,
            40.70236
          ],
          [
            -73.94464,
            40.70232
          ],
          [
            -73.94459,
            40.70229
          ],
          [
            -73.94455,
            40.70227
          ],
          [
            -73.94437,
            40.70217
          ],
          [
            -73.94403,
            40.70197
          ],
          [
            -73.94394,
            40.70193
          ],
          [
            -73.94385,
            40.70188
          ],
          [
            -73.9438,
            40.70185
          ],
          [
            -73.94324,
            40.70153
          ],
          [
            -73.94318,
            40.70149
          ],
          [
            -73.94317,
            40.70149
          ],
          [
            -73.94317,
            40.70149
          ],
          [
            -73.94317,
            40.70149
          ],
          [
            -73.94309,
            40.70144
          ],
          [
            -73.94305,
            40.70142
          ],
          [
            -73.94235,
            40.70098
          ],
          [
            -73.94212,
            40.70083
          ],
          [
            -73.94208,
            40.70081
          ],
          [
            -73.94193,
            40.70073
          ],
          [
            -73.94183,
            40.70067
          ],
          [
            -73.94172,
            40.7006
          ],
          [
            -73.94154,
            40.7005
          ],
          [
            -73.94124,
            40.70033
          ],
          [
            -73.94124,
            40.70033
          ],
          [
            -73.94124,
            40.70033
          ],
          [
            -73.94122,
            40.70032
          ],
          [
            -73.94115,
            40.70028
          ],
          [
            -73.94108,
            40.70025
          ],
          [
            -73.94042,
            40.69987
          ],
          [
            -73.93967,
            40.69947
          ],
          [
            -73.93921,
            40.69921
          ],
          [
            -73.93899,
            40.69909
          ],
          [
            -73.9389,
            40.69904
          ],
          [
            -73.93883,
            40.699
          ],
          [
            -73.93865,
            40.6989
          ],
          [
            -73.93832,
            40.69872
          ],
          [
            -73.93831,
            40.69871
          ],
          [
            -73.93831,
            40.69871
          ],
          [
            -73.93831,
            40.69871
          ],
          [
            -73.93822,
            40.69866
          ],
          [
            -73.93814,
            40.69861
          ],
          [
            -73.93807,
            40.69858
          ],
          [
            -73.93777,
            40.69841
          ],
          [
            -73.93747,
            40.69823
          ],
          [
            -73.93739,
            40.69819
          ],
          [
            -73.93734,
            40.69816
          ],
          [
            -73.93708,
            40.69802
          ],
          [
            -73.93677,
            40.69784
          ],
          [
            -73.93666,
            40.69778
          ],
          [
            -73.93648,
            40.69768
          ],
          [
            -73.93638,
            40.69762
          ],
          [
            -73.93608,
            40.69743
          ],
          [
            -73.93603,
            40.6974
          ],
          [
            -73.93596,
            40.69736
          ],
          [
            -73.9356,
            40.69716
          ],
          [
            -73.9354,
            40.69705
          ],
          [
            -73.93529,
            40.69699
          ],
          [
            -73.93518,
            40.69692
          ],
          [
            -73.9349,
            40.69677
          ],
          [
            -73.93481,
            40.69672
          ],
          [
            -73.93481,
            40.69672
          ],
          [
            -73.93481,
            40.69672
          ],
          [
            -73.93478,
            40.6967
          ],
          [
            -73.93414,
            40.69635
          ],
          [
            -73.93383,
            40.69618
          ],
          [
            -73.93338,
            40.69593
          ],
          [
            -73.93323,
            40.69585
          ],
          [
            -73.93314,
            40.6958
          ],
          [
            -73.93304,
            40.69574
          ],
          [
            -73.93275,
            40.69558
          ],
          [
            -73.93275,
            40.69558
          ],
          [
            -73.93275,
            40.69558
          ],
          [
            -73.93257,
            40.69547
          ],
          [
            -73.93245,
            40.69541
          ],
          [
            -73.93237,
            40.69536
          ],
          [
            -73.93231,
            40.69533
          ],
          [
            -73.93193,
            40.69512
          ],
          [
            -73.93186,
            40.69508
          ],
          [
            -73.93177,
            40.69503
          ],
          [
            -73.93173,
            40.695
          ],
          [
            -73.93156,
            40.69491
          ],
          [
            -73.9315,
            40.69487
          ],
          [
            -73.93144,
            40.69484
          ],
          [
            -73.93144,
            40.69484
          ],
          [
            -73.93143,
            40.6948
          ],
          [
            -73.93143,
            40.6948
          ],
          [
            -73.93143,
            40.6948
          ],
          [
            -73.93142,
            40.69473
          ],
          [
            -73.93139,
            40.69452
          ],
          [
            -73.93135,
            40.69443
          ],
          [
            -73.93122,
            40.69378
          ],
          [
            -73.9312,
            40.69369
          ],
          [
            -73.93119,
            40.69362
          ],
          [
            -73.93118,
            40.69359
          ],
          [
            -73.93115,
            40.69345
          ],
          [
            -73.93109,
            40.69312
          ],
          [
            -73.93109,
            40.69312
          ],
          [
            -73.93109,
            40.69312
          ],
          [
            -73.93107,
            40.69304
          ],
          [
            -73.93105,
            40.69296
          ],
          [
            -73.93104,
            40.6929
          ],
          [
            -73.93092,
            40.69231
          ],
          [
            -73.93091,
            40.69223
          ],
          [
            -73.93089,
            40.69216
          ],
          [
            -73.93088,
            40.69211
          ],
          [
            -73.93085,
            40.69193
          ],
          [
            -73.93078,
            40.69157
          ],
          [
            -73.93076,
            40.6915
          ],
          [
            -73.93075,
            40.69143
          ],
          [
            -73.9307,
            40.69117
          ],
          [
            -73.93067,
            40.69103
          ],
          [
            -73.93063,
            40.69084
          ],
          [
            -73.93062,
            40.69076
          ],
          [
            -73.9306,
            40.6907
          ],
          [
            -73.93056,
            40.69047
          ],
          [
            -73.93055,
            40.69044
          ],
          [
            -73.93055,
            40.69044
          ],
          [
            -73.93055,
            40.69044
          ],
          [
            -73.93049,
            40.69011
          ],
          [
            -73.93047,
            40.69003
          ],
          [
            -73.93046,
            40.68997
          ],
          [
            -73.93034,
            40.68938
          ],
          [
            -73.93033,
            40.6893
          ],
          [
            -73.93031,
            40.68923
          ],
          [
            -73.93027,
            40.68904
          ],
          [
            -73.93026,
            40.68896
          ],
          [
            -73.93026,
            40.68896
          ],
          [
            -73.93026,
            40.68896
          ],
          [
            -73.93024,
            40.68889
          ],
          [
            -73.9302,
            40.68865
          ],
          [
            -73.93018,
            40.68857
          ],
          [
            -73.93016,
            40.68849
          ],
          [
            -73.93005,
            40.68791
          ],
          [
            -73.93004,
            40.68783
          ],
          [
            -73.93002,
            40.68777
          ],
          [
            -73.92991,
            40.68718
          ],
          [
            -73.92989,
            40.6871
          ],
          [
            -73.92988,
            40.68703
          ],
          [
            -73.92983,
            40.6868
          ],
          [
            -73.92983,
            40.6868
          ],
          [
            -73.92983,
            40.68679
          ],
          [
            -73.92981,
            40.68668
          ],
          [
            -73.92977,
            40.68645
          ],
          [
            -73.92975,
            40.68637
          ],
          [
            -73.92974,
            40.6863
          ],
          [
            -73.92961,
            40.6857
          ],
          [
            -73.9296,
            40.68564
          ],
          [
            -73.92959,
            40.68556
          ],
          [
            -73.92949,
            40.6851
          ],
          [
            -73.92947,
            40.68497
          ],
          [
            -73.92945,
            40.6849
          ],
          [
            -73.92944,
            40.68483
          ],
          [
            -73.92941,
            40.68466
          ],
          [
            -73.92935,
            40.68439
          ],
          [
            -73.92933,
            40.68424
          ],
          [
            -73.92932,
            40.68417
          ],
          [
            -73.9293,
            40.6841
          ],
          [
            -73.92926,
            40.68388
          ],
          [
            -73.92926,
            40.68388
          ],
          [
            -73.92926,
            40.68388
          ],
          [
            -73.92925,
            40.68387
          ],
          [
            -73.92917,
            40.68351
          ],
          [
            -73.92916,
            40.68344
          ],
          [
            -73.92915,
            40.68336
          ],
          [
            -73.92902,
            40.68277
          ],
          [
            -73.92901,
            40.6827
          ],
          [
            -73.929,
            40.68263
          ],
          [
            -73.92888,
            40.68204
          ],
          [
            -73.92887,
            40.68197
          ],
          [
            -73.92885,
            40.6819
          ],
          [
            -73.92881,
            40.68165
          ],
          [
            -73.9288,
            40.68164
          ],
          [
            -73.9288,
            40.68164
          ],
          [
            -73.9288,
            40.68164
          ],
          [
            -73.92879,
            40.68157
          ],
          [
            -73.92874,
            40.68131
          ],
          [
            -73.92873,
            40.68124
          ],
          [
            -73.92871,
            40.68117
          ],
          [
            -73.92858,
            40.68058
          ],
          [
            -73.92857,
            40.68051
          ],
          [
            -73.92856,
            40.68044
          ],
          [
            -73.92854,
            40.68035
          ],
          [
            -73.92854,
            40.68021
          ],
          [
            -73.92856,
            40.68005
          ],
          [
            -73.92859,
            40.6799
          ],
          [
            -73.92865,
            40.67975
          ],
          [
            -73.92868,
            40.6797
          ],
          [
            -73.92875,
            40.67959
          ],
          [
            -73.92883,
            40.67949
          ],
          [
            -73.92894,
            40.67939
          ],
          [
            -73.92894,
            40.67939
          ],
          [
            -73.92894,
            40.67939
          ],
          [
            -73.92897,
            40.67936
          ],
          [
            -73.92906,
            40.67928
          ],
          [
            -73.92906,
            40.67928
          ],
          [
            -73.92914,
            40.6792
          ],
          [
            -73.92921,
            40.67913
          ],
          [
            -73.92926,
            40.67909
          ],
          [
            -73.92979,
            40.67856
          ],
          [
            -73.92993,
            40.67843
          ],
          [
            -73.93004,
            40.67829
          ],
          [
            -73.93013,
            40.67817
          ],
          [
            -73.9302,
            40.67803
          ],
          [
            -73.93025,
            40.67791
          ],
          [
            -73.93027,
            40.6778
          ],
          [
            -73.93027,
            40.67778
          ],
          [
            -73.93028,
            40.67771
          ],
          [
            -73.93028,
            40.6777
          ],
          [
            -73.93029,
            40.67759
          ],
          [
            -73.93029,
            40.67759
          ],
          [
            -73.93029,
            40.67759
          ],
          [
            -73.93029,
            40.67756
          ],
          [
            -73.9303,
            40.6775
          ],
          [
            -73.9303,
            40.67741
          ],
          [
            -73.93031,
            40.67732
          ],
          [
            -73.93032,
            40.67725
          ],
          [
            -73.93033,
            40.67711
          ],
          [
            -73.93034,
            40.67704
          ],
          [
            -73.93037,
            40.67668
          ],
          [
            -73.93038,
            40.6766
          ],
          [
            -73.93039,
            40.67653
          ],
          [
            -73.93044,
            40.676
          ],
          [
            -73.93044,
            40.676
          ],
          [
            -73.93044,
            40.676
          ],
          [
            -73.93045,
            40.67594
          ],
          [
            -73.93045,
            40.6759
          ],
          [
            -73.93045,
            40.67585
          ],
          [
            -73.93046,
            40.67582
          ],
          [
            -73.93046,
            40.67575
          ],
          [
            -73.93051,
            40.6754
          ],
          [
            -73.93054,
            40.67512
          ],
          [
            -73.93055,
            40.67504
          ],
          [
            -73.93055,
            40.67497
          ],
          [
            -73.93059,
            40.67447
          ],
          [
            -73.93061,
            40.67423
          ],
          [
            -73.93062,
            40.67415
          ],
          [
            -73.93062,
            40.67408
          ],
          [
            -73.93066,
            40.67369
          ],
          [
            -73.93067,
            40.67357
          ],
          [
            -73.93069,
            40.67333
          ],
          [
            -73.9307,
            40.67326
          ],
          [
            -73.9307,
            40.67319
          ],
          [
            -73.93073,
            40.67297
          ],
          [
            -73.93073,
            40.67294
          ],
          [
            -73.93073,
            40.67294
          ],
          [
            -73.93073,
            40.67294
          ],
          [
            -73.93078,
            40.67245
          ],
          [
            -73.93079,
            40.67236
          ],
          [
            -73.93079,
            40.6723
          ],
          [
            -73.93086,
            40.67156
          ],
          [
            -73.93087,
            40.67147
          ],
          [
            -73.93087,
            40.67141
          ],
          [
            -73.93092,
            40.67096
          ],
          [
            -73.93094,
            40.67069
          ],
          [
            -73.93095,
            40.67058
          ],
          [
            -73.93096,
            40.67049
          ],
          [
            -73.93099,
            40.67021
          ],
          [
            -73.93099,
            40.67021
          ],
          [
            -73.93099,
            40.67021
          ],
          [
            -73.93099,
            40.67019
          ],
          [
            -73.93103,
            40.6698
          ],
          [
            -73.93103,
            40.66974
          ],
          [
            -73.93104,
            40.6697
          ],
          [
            -73.9311,
            40.66907
          ],
          [
            -73.93111,
            40.66901
          ],
          [
            -73.93112,
            40.66893
          ],
          [
            -73.93113,
            40.66881
          ],
          [
            -73.93114,
            40.66867
          ],
          [
            -73.93115,
            40.66859
          ],
          [
            -73.93115,
            40.66853
          ],
          [
            -73.93116,
            40.66848
          ],
          [
            -73.93118,
            40.66818
          ],
          [
            -73.93119,
            40.66814
          ],
          [
            -73.9312,
            40.66794
          ],
          [
            -73.9312,
            40.66794
          ],
          [
            -73.9312,
            40.66794
          ],
          [
            -73.93121,
            40.6679
          ],
          [
            -73.93121,
            40.66783
          ],
          [
            -73.93122,
            40.66777
          ],
          [
            -73.93128,
            40.66711
          ],
          [
            -73.93129,
            40.66702
          ],
          [
            -73.9313,
            40.66695
          ],
          [
            -73.93135,
            40.66639
          ],
          [
            -73.93137,
            40.6662
          ],
          [
            -73.93138,
            40.66613
          ],
          [
            -73.93139,
            40.66607
          ],
          [
            -73.93142,
            40.66582
          ],
          [
            -73.93142,
            40.6658
          ],
          [
            -73.93142,
            40.6658
          ],
          [
            -73.93142,
            40.6658
          ],
          [
            -73.93147,
            40.66531
          ],
          [
            -73.93147,
            40.66523
          ],
          [
            -73.93148,
            40.66517
          ],
          [
            -73.93149,
            40.66486
          ],
          [
            -73.93151,
            40.66465
          ],
          [
            -73.93153,
            40.66442
          ],
          [
            -73.93154,
            40.66434
          ],
          [
            -73.93154,
            40.66428
          ],
          [
            -73.93157,
            40.66401
          ],
          [
            -73.93158,
            40.66394
          ],
          [
            -73.93158,
            40.66388
          ],
          [
            -73.93159,
            40.66376
          ],
          [
            -73.9316,
            40.66371
          ],
          [
            -73.9316,
            40.66371
          ],
          [
            -73.9316,
            40.66371
          ],
          [
            -73.9316,
            40.66367
          ],
          [
            -73.93161,
            40.66356
          ],
          [
            -73.9316,
            40.66346
          ],
          [
            -73.9316,
            40.66325
          ],
          [
            -73.93159,
            40.66315
          ],
          [
            -73.93159,
            40.66307
          ],
          [
            -73.93157,
            40.6629
          ],
          [
            -73.93157,
            40.66286
          ],
          [
            -73.93156,
            40.66276
          ],
          [
            -73.93156,
            40.66276
          ],
          [
            -73.93168,
            40.66275
          ],
          [
            -73.93168,
            40.66275
          ],
          [
            -73.93168,
            40.66275
          ],
          [
            -73.93156,
            40.66276
          ],
          [
            -73.93156,
            40.66276
          ],
          [
            -73.93155,
            40.66267
          ],
          [
            -73.93155,
            40.66262
          ],
          [
            -73.93154,
            40.66253
          ],
          [
            -73.93151,
            40.66231
          ],
          [
            -73.93149,
            40.66212
          ],
          [
            -73.93149,
            40.66204
          ],
          [
            -73.93148,
            40.66196
          ],
          [
            -73.93146,
            40.66176
          ],
          [
            -73.93141,
            40.66133
          ],
          [
            -73.93139,
            40.66111
          ],
          [
            -73.93139,
            40.66108
          ],
          [
            -73.93139,
            40.66107
          ],
          [
            -73.93139,
            40.66107
          ],
          [
            -73.93139,
            40.66107
          ],
          [
            -73.93138,
            40.66099
          ],
          [
            -73.93137,
            40.66092
          ],
          [
            -73.93137,
            40.66089
          ],
          [
            -73.93136,
            40.66076
          ],
          [
            -73.93135,
            40.66067
          ],
          [
            -73.93134,
            40.6606
          ],
          [
            -73.93134,
            40.66053
          ],
          [
            -73.9313,
            40.66023
          ],
          [
            -73.93119,
            40.65926
          ],
          [
            -73.93117,
            40.65913
          ],
          [
            -73.93116,
            40.65906
          ],
          [
            -73.93112,
            40.65861
          ],
          [
            -73.9311,
            40.65846
          ],
          [
            -73.93109,
            40.65838
          ],
          [
            -73.93108,
            40.6583
          ],
          [
            -73.93107,
            40.65823
          ],
          [
            -73.93107,
            40.65817
          ],
          [
            -73.93106,
            40.65805
          ],
          [
            -73.93106,
            40.65805
          ],
          [
            -73.93106,
            40.65805
          ],
          [
            -73.93105,
            40.658
          ],
          [
            -73.93105,
            40.65794
          ],
          [
            -73.93094,
            40.65694
          ],
          [
            -73.93093,
            40.65683
          ],
          [
            -73.93092,
            40.6567
          ],
          [
            -73.93091,
            40.65663
          ],
          [
            -73.9309,
            40.65655
          ],
          [
            -73.93087,
            40.65633
          ],
          [
            -73.93086,
            40.65618
          ],
          [
            -73.93083,
            40.65585
          ],
          [
            -73.93081,
            40.65573
          ],
          [
            -73.9308,
            40.65563
          ],
          [
            -73.93078,
            40.65542
          ],
          [
            -73.93078,
            40.65534
          ],
          [
            -73.93077,
            40.65527
          ],
          [
            -73.93074,
            40.65506
          ],
          [
            -73.93074,
            40.65506
          ],
          [
            -73.93074,
            40.65501
          ],
          [
            -73.93074,
            40.65501
          ],
          [
            -73.93074,
            40.65501
          ],
          [
            -73.93065,
            40.65419
          ],
          [
            -73.93064,
            40.65414
          ],
          [
            -73.93062,
            40.6539
          ],
          [
            -73.9306,
            40.65381
          ],
          [
            -73.9306,
            40.65372
          ],
          [
            -73.93058,
            40.65359
          ],
          [
            -73.93058,
            40.65359
          ],
          [
            -73.93074,
            40.65359
          ],
          [
            -73.93078,
            40.65359
          ],
          [
            -73.93081,
            40.65359
          ],
          [
            -73.93085,
            40.65361
          ],
          [
            -73.93089,
            40.65362
          ],
          [
            -73.93094,
            40.65363
          ],
          [
            -73.931,
            40.65362
          ],
          [
            -73.93103,
            40.65362
          ],
          [
            -73.93107,
            40.6536
          ],
          [
            -73.93109,
            40.65357
          ],
          [
            -73.9311,
            40.65351
          ],
          [
            -73.93108,
            40.65341
          ],
          [
            -73.93107,
            40.65337
          ],
          [
            -73.93106,
            40.65336
          ],
          [
            -73.93106,
            40.65335
          ],
          [
            -73.93105,
            40.65335
          ],
          [
            -73.93098,
            40.65335
          ],
          [
            -73.93091,
            40.65336
          ],
          [
            -73.93071,
            40.65337
          ],
          [
            -73.93068,
            40.65337
          ],
          [
            -73.93068,
            40.65337
          ],
          [
            -73.93068,
            40.65337
          ],
          [
            -73.93056,
            40.65337
          ],
          [
            -73.93056,
            40.65337
          ],
          [
            -73.93054,
            40.65323
          ],
          [
            -73.93046,
            40.65247
          ],
          [
            -73.93042,
            40.6521
          ],
          [
            -73.9304,
            40.65183
          ],
          [
            -73.93039,
            40.65174
          ],
          [
            -73.93038,
            40.65166
          ],
          [
            -73.93031,
            40.651
          ],
          [
            -73.9303,
            40.65098
          ],
          [
            -73.9303,
            40.65098
          ],
          [
            -73.9303,
            40.65098
          ],
          [
            -73.93026,
            40.65054
          ],
          [
            -73.93024,
            40.65043
          ],
          [
            -73.93022,
            40.6502
          ],
          [
            -73.93021,
            40.65012
          ],
          [
            -73.9302,
            40.65003
          ],
          [
            -73.93018,
            40.64983
          ],
          [
            -73.93018,
            40.64979
          ],
          [
            -73.93018,
            40.64979
          ],
          [
            -73.93018,
            40.64979
          ],
          [
            -73.93016,
            40.64966
          ],
          [
            -73.93003,
            40.64849
          ],
          [
            -73.93003,
            40.64846
          ],
          [
            -73.93002,
            40.64834
          ],
          [
            -73.93001,
            40.64827
          ],
          [
            -73.93,
            40.64819
          ],
          [
            -73.93,
            40.64819
          ],
          [
            -73.93009,
            40.64819
          ],
          [
            -73.93009,
            40.64819
          ],
          [
            -73.93009,
            40.64819
          ],
          [
            -73.93,
            40.64819
          ],
          [
            -73.93,
            40.64819
          ],
          [
            -73.92999,
            40.64811
          ],
          [
            -73.92998,
            40.64804
          ],
          [
            -73.92997,
            40.64789
          ],
          [
            -73.92994,
            40.64765
          ],
          [
            -73.92993,
            40.64753
          ],
          [
            -73.92984,
            40.6467
          ],
          [
            -73.92981,
            40.64641
          ],
          [
            -73.9298,
            40.64632
          ],
          [
            -73.9298,
            40.64624
          ],
          [
            -73.92977,
            40.64605
          ],
          [
            -73.92977,
            40.64603
          ],
          [
            -73.92977,
            40.64603
          ],
          [
            -73.92977,
            40.64603
          ],
          [
            -73.92964,
            40.64483
          ],
          [
            -73.92963,
            40.64477
          ],
          [
            -73.92963,
            40.64474
          ],
          [
            -73.92961,
            40.64455
          ],
          [
            -73.9296,
            40.64443
          ],
          [
            -73.92959,
            40.64433
          ],
          [
            -73.92957,
            40.64411
          ],
          [
            -73.92956,
            40.64403
          ],
          [
            -73.92956,
            40.64403
          ],
          [
            -73.92968,
            40.64402
          ],
          [
            -73.92968,
            40.64402
          ],
          [
            -73.92968,
            40.64402
          ],
          [
            -73.92971,
            40.64402
          ],
          [
            -73.92995,
            40.64401
          ],
          [
            -73.92994,
            40.64389
          ],
          [
            -73.9297,
            40.6439
          ],
          [
            -73.92954,
            40.6439
          ],
          [
            -73.92954,
            40.6439
          ],
          [
            -73.92937,
            40.64223
          ],
          [
            -73.92936,
            40.64214
          ],
          [
            -73.92935,
            40.64206
          ],
          [
            -73.92934,
            40.64194
          ],
          [
            -73.92932,
            40.64175
          ],
          [
            -73.92932,
            40.64173
          ],
          [
            -73.92932,
            40.64173
          ],
          [
            -73.92932,
            40.64173
          ],
          [
            -73.92914,
            40.64013
          ],
          [
            -73.92912,
            40.63993
          ],
          [
            -73.92912,
            40.6399
          ],
          [
            -73.92912,
            40.6399
          ],
          [
            -73.92912,
            40.63989
          ],
          [
            -73.92911,
            40.6398
          ],
          [
            -73.9291,
            40.63972
          ],
          [
            -73.92909,
            40.63966
          ],
          [
            -73.92908,
            40.63955
          ],
          [
            -73.92889,
            40.63779
          ],
          [
            -73.92889,
            40.63778
          ],
          [
            -73.92887,
            40.63755
          ],
          [
            -73.92886,
            40.63746
          ],
          [
            -73.92885,
            40.63738
          ],
          [
            -73.92883,
            40.63722
          ],
          [
            -73.92882,
            40.63711
          ],
          [
            -73.92882,
            40.63711
          ],
          [
            -73.92895,
            40.6371
          ],
          [
            -73.92895,
            40.6371
          ],
          [
            -73.92895,
            40.6371
          ],
          [
            -73.92882,
            40.63711
          ],
          [
            -73.92882,
            40.63711
          ],
          [
            -73.92881,
            40.63699
          ],
          [
            -73.9288,
            40.63692
          ],
          [
            -73.92877,
            40.63664
          ],
          [
            -73.92869,
            40.6359
          ],
          [
            -73.92865,
            40.63554
          ],
          [
            -73.92862,
            40.63528
          ],
          [
            -73.92861,
            40.63519
          ],
          [
            -73.9286,
            40.6351
          ],
          [
            -73.9286,
            40.63503
          ],
          [
            -73.92859,
            40.635
          ],
          [
            -73.92859,
            40.63495
          ],
          [
            -73.92858,
            40.63485
          ],
          [
            -73.92858,
            40.63485
          ],
          [
            -73.92871,
            40.63485
          ],
          [
            -73.92871,
            40.63485
          ],
          [
            -73.92871,
            40.63485
          ],
          [
            -73.92858,
            40.63485
          ],
          [
            -73.92858,
            40.63485
          ],
          [
            -73.92857,
            40.63483
          ],
          [
            -73.92857,
            40.63478
          ],
          [
            -73.92857,
            40.63477
          ],
          [
            -73.92854,
            40.63441
          ],
          [
            -73.92853,
            40.63432
          ],
          [
            -73.9285,
            40.63413
          ],
          [
            -73.92848,
            40.63393
          ],
          [
            -73.92848,
            40.6339
          ],
          [
            -73.92847,
            40.63387
          ],
          [
            -73.92847,
            40.63382
          ],
          [
            -73.92846,
            40.63373
          ],
          [
            -73.92845,
            40.6336
          ],
          [
            -73.92843,
            40.63347
          ],
          [
            -73.92842,
            40.63336
          ],
          [
            -73.92841,
            40.63324
          ],
          [
            -73.92839,
            40.63306
          ],
          [
            -73.92837,
            40.63294
          ],
          [
            -73.92836,
            40.63285
          ],
          [
            -73.92836,
            40.63277
          ],
          [
            -73.92835,
            40.63273
          ],
          [
            -73.92833,
            40.63254
          ],
          [
            -73.92833,
            40.63251
          ],
          [
            -73.92832,
            40.63244
          ],
          [
            -73.92832,
            40.63244
          ],
          [
            -73.92845,
            40.63243
          ],
          [
            -73.92845,
            40.63243
          ],
          [
            -73.92845,
            40.63243
          ],
          [
            -73.92832,
            40.63244
          ],
          [
            -73.92832,
            40.63244
          ],
          [
            -73.9283,
            40.63228
          ],
          [
            -73.92821,
            40.63136
          ],
          [
            -73.92815,
            40.63085
          ],
          [
            -73.92815,
            40.63084
          ],
          [
            -73.92812,
            40.6306
          ],
          [
            -73.92812,
            40.63052
          ],
          [
            -73.92811,
            40.63043
          ],
          [
            -73.92808,
            40.6302
          ],
          [
            -73.92807,
            40.63011
          ],
          [
            -73.92807,
            40.63009
          ],
          [
            -73.92807,
            40.63009
          ],
          [
            -73.92807,
            40.63009
          ],
          [
            -73.92803,
            40.62968
          ],
          [
            -73.928,
            40.62947
          ],
          [
            -73.92798,
            40.62928
          ],
          [
            -73.92794,
            40.6289
          ],
          [
            -73.92791,
            40.62863
          ],
          [
            -73.9279,
            40.62849
          ],
          [
            -73.92788,
            40.62826
          ],
          [
            -73.92787,
            40.62817
          ],
          [
            -73.92786,
            40.62809
          ],
          [
            -73.92783,
            40.62785
          ],
          [
            -73.92783,
            40.62782
          ],
          [
            -73.92782,
            40.62779
          ],
          [
            -73.92782,
            40.62779
          ],
          [
            -73.92782,
            40.62779
          ],
          [
            -73.92778,
            40.6274
          ],
          [
            -73.92776,
            40.62723
          ],
          [
            -73.92769,
            40.62655
          ],
          [
            -73.92768,
            40.62647
          ],
          [
            -73.92767,
            40.62637
          ],
          [
            -73.92767,
            40.62633
          ],
          [
            -73.92767,
            40.62633
          ],
          [
            -73.92767,
            40.62633
          ],
          [
            -73.92766,
            40.62622
          ],
          [
            -73.92764,
            40.62611
          ],
          [
            -73.92762,
            40.62591
          ],
          [
            -73.92761,
            40.62582
          ],
          [
            -73.92761,
            40.62575
          ],
          [
            -73.9276,
            40.62568
          ],
          [
            -73.92755,
            40.62519
          ],
          [
            -73.92751,
            40.62487
          ],
          [
            -73.92744,
            40.62425
          ],
          [
            -73.92741,
            40.62392
          ],
          [
            -73.9274,
            40.62387
          ],
          [
            -73.92738,
            40.62366
          ],
          [
            -73.92737,
            40.62356
          ],
          [
            -73.92736,
            40.62348
          ],
          [
            -73.92734,
            40.62327
          ],
          [
            -73.92734,
            40.62327
          ],
          [
            -73.92746,
            40.62326
          ],
          [
            -73.92746,
            40.62326
          ],
          [
            -73.92746,
            40.62326
          ],
          [
            -73.92734,
            40.62327
          ],
          [
            -73.92734,
            40.62327
          ],
          [
            -73.92733,
            40.62322
          ],
          [
            -73.92732,
            40.62312
          ],
          [
            -73.9273,
            40.62286
          ],
          [
            -73.92729,
            40.62279
          ],
          [
            -73.92717,
            40.62169
          ],
          [
            -73.92714,
            40.62144
          ],
          [
            -73.92714,
            40.62136
          ],
          [
            -73.92713,
            40.62129
          ],
          [
            -73.9271,
            40.62107
          ],
          [
            -73.9271,
            40.62105
          ],
          [
            -73.9271,
            40.62105
          ],
          [
            -73.9271,
            40.62105
          ],
          [
            -73.92692,
            40.61937
          ],
          [
            -73.92689,
            40.61905
          ],
          [
            -73.92689,
            40.61896
          ],
          [
            -73.92688,
            40.61887
          ],
          [
            -73.92685,
            40.61858
          ],
          [
            -73.92685,
            40.61858
          ],
          [
            -73.92685,
            40.61858
          ],
          [
            -73.92683,
            40.61847
          ],
          [
            -73.92672,
            40.61741
          ],
          [
            -73.92667,
            40.61693
          ],
          [
            -73.92665,
            40.61675
          ],
          [
            -73.92664,
            40.6167
          ],
          [
            -73.92663,
            40.61662
          ],
          [
            -73.92662,
            40.61654
          ],
          [
            -73.92661,
            40.61649
          ],
          [
            -73.92642,
            40.61464
          ],
          [
            -73.92641,
            40.61459
          ],
          [
            -73.92641,
            40.61459
          ],
          [
            -73.92641,
            40.61459
          ],
          [
            -73.92641,
            40.61457
          ],
          [
            -73.9264,
            40.61449
          ],
          [
            -73.92639,
            40.6144
          ],
          [
            -73.92639,
            40.61435
          ],
          [
            -73.92639,
            40.6143
          ],
          [
            -73.92637,
            40.61416
          ],
          [
            -73.92637,
            40.61414
          ],
          [
            -73.92636,
            40.61402
          ],
          [
            -73.92635,
            40.61396
          ],
          [
            -73.92634,
            40.61389
          ],
          [
            -73.9263,
            40.6135
          ],
          [
            -73.92632,
            40.61343
          ],
          [
            -73.92632,
            40.61343
          ],
          [
            -73.92632,
            40.61343
          ],
          [
            -73.92632,
            40.61342
          ],
          [
            -73.92631,
            40.61319
          ],
          [
            -73.9263,
            40.61309
          ],
          [
            -73.9263,
            40.61301
          ],
          [
            -73.9263,
            40.61301
          ],
          [
            -73.92619,
            40.61291
          ],
          [
            -73.9261,
            40.61282
          ],
          [
            -73.92543,
            40.61222
          ],
          [
            -73.92506,
            40.61191
          ],
          [
            -73.92504,
            40.61189
          ],
          [
            -73.92498,
            40.61185
          ],
          [
            -73.92485,
            40.61174
          ],
          [
            -73.92465,
            40.61156
          ],
          [
            -73.92455,
            40.61147
          ],
          [
            -73.92447,
            40.6114
          ],
          [
            -73.92439,
            40.61133
          ],
          [
            -73.92437,
            40.61131
          ],
          [
            -73.92437,
            40.61131
          ],
          [
            -73.92437,
            40.61131
          ],
          [
            -73.92408,
            40.61104
          ],
          [
            -73.92399,
            40.61095
          ],
          [
            -73.92389,
            40.61086
          ],
          [
            -73.92362,
            40.61062
          ],
          [
            -73.92335,
            40.61039
          ],
          [
            -73.92292,
            40.61002
          ],
          [
            -73.92274,
            40.60986
          ],
          [
            -73.92267,
            40.6098
          ],
          [
            -73.92257,
            40.6097
          ],
          [
            -73.92249,
            40.60964
          ],
          [
            -73.92197,
            40.60915
          ],
          [
            -73.92191,
            40.6091
          ],
          [
            -73.92178,
            40.60898
          ],
          [
            -73.92146,
            40.60871
          ],
          [
            -73.92144,
            40.60869
          ],
          [
            -73.9213,
            40.60857
          ],
          [
            -73.92125,
            40.60852
          ],
          [
            -73.92117,
            40.60845
          ],
          [
            -73.92105,
            40.60834
          ],
          [
            -73.9209,
            40.60821
          ],
          [
            -73.92082,
            40.60813
          ],
          [
            -73.91983,
            40.60723
          ],
          [
            -73.9194,
            40.60686
          ],
          [
            -73.91857,
            40.60603
          ],
          [
            -73.91817,
            40.60577
          ],
          [
            -73.91635,
            40.60414
          ],
          [
            -73.91635,
            40.60414
          ],
          [
            -73.91624,
            40.60421
          ],
          [
            -73.91614,
            40.60428
          ],
          [
            -73.91614,
            40.60428
          ],
          [
            -73.9157,
            40.60388
          ],
          [
            -73.9157,
            40.60388
          ],
          [
            -73.9158,
            40.60382
          ],
          [
            -73.91591,
            40.60374
          ],
          [
            -73.91591,
            40.60374
          ],
          [
            -73.91635,
            40.60414
          ],
          [
            -73.91817,
            40.60577
          ],
          [
            -73.91838,
            40.60609
          ],
          [
            -73.91875,
            40.60648
          ],
          [
            -73.91882,
            40.60657
          ],
          [
            -73.91921,
            40.60699
          ],
          [
            -73.91958,
            40.60736
          ],
          [
            -73.92008,
            40.60781
          ],
          [
            -73.9206,
            40.60827
          ],
          [
            -73.9207,
            40.60835
          ],
          [
            -73.92077,
            40.60841
          ],
          [
            -73.92082,
            40.60846
          ],
          [
            -73.921,
            40.60863
          ],
          [
            -73.92107,
            40.6087
          ],
          [
            -73.9215,
            40.60909
          ],
          [
            -73.92151,
            40.6091
          ],
          [
            -73.92151,
            40.6091
          ]
        ]
      }
    },
    {
      "type": "Feature",
      "properties": {
        "route_id": "B46-S-Night",
        "layer": "T1 Optimal"
      },
      "geometry": {
        "type": "LineString",
        "coordinates": [
          [
            -73.95906,
            40.70923
          ],
          [
            -73.95889,
            40.7095
          ],
          [
            -73.95886,
            40.70955
          ],
          [
            -73.95886,
            40.70955
          ],
          [
            -73.95877,
            40.70952
          ],
          [
            -73.95757,
            40.70911
          ],
          [
            -73.95749,
            40.70908
          ],
          [
            -73.95749,
            40.70908
          ],
          [
            -73.95752,
            40.70902
          ],
          [
            -73.95761,
            40.70888
          ],
          [
            -73.95769,
            40.70876
          ],
          [
            -73.95785,
            40.70849
          ],
          [
            -73.9579,
            40.70842
          ],
          [
            -73.9579,
            40.70842
          ],
          [
            -73.95783,
            40.7084
          ],
          [
            -73.95754,
            40.70829
          ],
          [
            -73.95754,
            40.70829
          ],
          [
            -73.95754,
            40.70829
          ],
          [
            -73.95751,
            40.70828
          ],
          [
            -73.95751,
            40.70828
          ],
          [
            -73.95702,
            40.70812
          ],
          [
            -73.9568,
            40.70804
          ],
          [
            -73.95673,
            40.70802
          ],
          [
            -73.95666,
            40.70799
          ],
          [
            -73.95619,
            40.70783
          ],
          [
            -73.95618,
            40.70783
          ],
          [
            -73.95561,
            40.70764
          ],
          [
            -73.95554,
            40.70761
          ],
          [
            -73.95547,
            40.70759
          ],
          [
            -73.95417,
            40.70714
          ],
          [
            -73.9541,
            40.70711
          ],
          [
            -73.95402,
            40.70709
          ],
          [
            -73.95402,
            40.70709
          ],
          [
            -73.95406,
            40.70703
          ],
          [
            -73.95406,
            40.70703
          ],
          [
            -73.95406,
            40.70703
          ],
          [
            -73.95408,
            40.707
          ],
          [
            -73.95413,
            40.70692
          ],
          [
            -73.95417,
            40.70686
          ],
          [
            -73.95435,
            40.70673
          ],
          [
            -73.95442,
            40.70668
          ],
          [
            -73.95442,
            40.70668
          ],
          [
            -73.95438,
            40.70663
          ],
          [
            -73.95386,
            40.70617
          ],
          [
            -73.95379,
            40.70611
          ],
          [
            -73.95379,
            40.70611
          ],
          [
            -73.95372,
            40.70616
          ],
          [
            -73.953,
            40.70665
          ],
          [
            -73.95291,
            40.70671
          ],
          [
            -73.95291,
            40.70671
          ],
          [
            -73.95285,
            40.70669
          ],
          [
            -73.95258,
            40.7066
          ],
          [
            -73.9525,
            40.70657
          ],
          [
            -73.95244,
            40.70655
          ],
          [
            -73.95229,
            40.70649
          ],
          [
            -73.952,
            40.70638
          ],
          [
            -73.9519,
            40.70634
          ],
          [
            -73.9518,
            40.7063
          ],
          [
            -73.95171,
            40.70626
          ],
          [
            -73.95165,
            40.70623
          ],
          [
            -73.95117,
            40.70597
          ],
          [
            -73.95108,
            40.70592
          ],
          [
            -73.95102,
            40.70588
          ],
          [
            -73.95086,
            40.7058
          ],
          [
            -73.95043,
            40.70556
          ],
          [
            -73.9504,
            40.70554
          ],
          [
            -73.9504,
            40.70554
          ],
          [
            -73.95039,
            40.70553
          ],
          [
            -73.95022,
            40.70544
          ],
          [
            -73.95012,
            40.70538
          ],
          [
            -73.95011,
            40.70538
          ],
          [
            -73.94984,
            40.70522
          ],
          [
            -73.94967,
            40.70513
          ],
          [
            -73.94956,
            40.70507
          ],
          [
            -73.94952,
            40.70505
          ],
          [
            -73.94947,
            40.70502
          ],
          [
            -73.94942,
            40.70499
          ],
          [
            -73.94907,
            40.7048
          ],
          [
            -73.94856,
            40.70451
          ],
          [
            -73.94845,
            40.70445
          ],
          [
            -73.94815,
            40.70428
          ],
          [
            -73.94802,
            40.70421
          ],
          [
            -73.948,
            40.7042
          ],
          [
            -73.948,
            40.7042
          ],
          [
            -73.948,
            40.7042
          ],
          [
            -73.94797,
            40.70419
          ],
          [
            -73.94789,
            40.70414
          ],
          [
            -73.94781,
            40.70409
          ],
          [
            -73.94705,
            40.70367
          ],
          [
            -73.94633,
            40.70326
          ],
          [
            -73.94624,
            40.70322
          ],
          [
            -73.94616,
            40.70317
          ],
          [
            -73.94586,
            40.703
          ],
          [
            -73.9458,
            40.70297
          ],
          [
            -73.94545,
            40.70277
          ],
          [
            -73.94507,
            40.70256
          ],
          [
            -73.94471,
            40.70236
          ],
          [
            -73.94464,
            40.70232
          ],
          [
            -73.94459,
            40.70229
          ],
          [
            -73.94455,
            40.70227
          ],
          [
            -73.94437,
            40.70217
          ],
          [
            -73.94403,
            40.70197
          ],
          [
            -73.94394,
            40.70193
          ],
          [
            -73.94385,
            40.70188
          ],
          [
            -73.9438,
            40.70185
          ],
          [
            -73.94324,
            40.70153
          ],
          [
            -73.94318,
            40.70149
          ],
          [
            -73.94317,
            40.70149
          ],
          [
            -73.94317,
            40.70149
          ],
          [
            -73.94317,
            40.70149
          ],
          [
            -73.94309,
            40.70144
          ],
          [
            -73.94305,
            40.70142
          ],
          [
            -73.94235,
            40.70098
          ],
          [
            -73.94212,
            40.70083
          ],
          [
            -73.94208,
            40.70081
          ],
          [
            -73.94193,
            40.70073
          ],
          [
            -73.94183,
            40.70067
          ],
          [
            -73.94172,
            40.7006
          ],
          [
            -73.94154,
            40.7005
          ],
          [
            -73.94124,
            40.70033
          ],
          [
            -73.94124,
            40.70033
          ],
          [
            -73.94124,
            40.70033
          ],
          [
            -73.94122,
            40.70032
          ],
          [
            -73.94115,
            40.70028
          ],
          [
            -73.94108,
            40.70025
          ],
          [
            -73.94042,
            40.69987
          ],
          [
            -73.93967,
            40.69947
          ],
          [
            -73.93921,
            40.69921
          ],
          [
            -73.93899,
            40.69909
          ],
          [
            -73.9389,
            40.69904
          ],
          [
            -73.93883,
            40.699
          ],
          [
            -73.93865,
            40.6989
          ],
          [
            -73.93832,
            40.69872
          ],
          [
            -73.93831,
            40.69871
          ],
          [
            -73.93831,
            40.69871
          ],
          [
            -73.93831,
            40.69871
          ],
          [
            -73.93822,
            40.69866
          ],
          [
            -73.93814,
            40.69861
          ],
          [
            -73.93807,
            40.69858
          ],
          [
            -73.93777,
            40.69841
          ],
          [
            -73.93747,
            40.69823
          ],
          [
            -73.93739,
            40.69819
          ],
          [
            -73.93734,
            40.69816
          ],
          [
            -73.93708,
            40.69802
          ],
          [
            -73.93677,
            40.69784
          ],
          [
            -73.93666,
            40.69778
          ],
          [
            -73.93648,
            40.69768
          ],
          [
            -73.93638,
            40.69762
          ],
          [
            -73.93608,
            40.69743
          ],
          [
            -73.93603,
            40.6974
          ],
          [
            -73.93596,
            40.69736
          ],
          [
            -73.9356,
            40.69716
          ],
          [
            -73.9354,
            40.69705
          ],
          [
            -73.93529,
            40.69699
          ],
          [
            -73.93518,
            40.69692
          ],
          [
            -73.9349,
            40.69677
          ],
          [
            -73.93481,
            40.69672
          ],
          [
            -73.93481,
            40.69672
          ],
          [
            -73.93481,
            40.69672
          ],
          [
            -73.93478,
            40.6967
          ],
          [
            -73.93414,
            40.69635
          ],
          [
            -73.93383,
            40.69618
          ],
          [
            -73.93338,
            40.69593
          ],
          [
            -73.93323,
            40.69585
          ],
          [
            -73.93314,
            40.6958
          ],
          [
            -73.93304,
            40.69574
          ],
          [
            -73.93275,
            40.69558
          ],
          [
            -73.93275,
            40.69558
          ],
          [
            -73.93275,
            40.69558
          ],
          [
            -73.93257,
            40.69547
          ],
          [
            -73.93245,
            40.69541
          ],
          [
            -73.93237,
            40.69536
          ],
          [
            -73.93231,
            40.69533
          ],
          [
            -73.93193,
            40.69512
          ],
          [
            -73.93186,
            40.69508
          ],
          [
            -73.93177,
            40.69503
          ],
          [
            -73.93173,
            40.695
          ],
          [
            -73.93156,
            40.69491
          ],
          [
            -73.9315,
            40.69487
          ],
          [
            -73.93144,
            40.69484
          ],
          [
            -73.93144,
            40.69484
          ],
          [
            -73.93143,
            40.6948
          ],
          [
            -73.93143,
            40.6948
          ],
          [
            -73.93143,
            40.6948
          ],
          [
            -73.93142,
            40.69473
          ],
          [
            -73.93139,
            40.69452
          ],
          [
            -73.93135,
            40.69443
          ],
          [
            -73.93122,
            40.69378
          ],
          [
            -73.9312,
            40.69369
          ],
          [
            -73.93119,
            40.69362
          ],
          [
            -73.93118,
            40.69359
          ],
          [
            -73.93115,
            40.69345
          ],
          [
            -73.93109,
            40.69312
          ],
          [
            -73.93109,
            40.69312
          ],
          [
            -73.93109,
            40.69312
          ],
          [
            -73.93107,
            40.69304
          ],
          [
            -73.93105,
            40.69296
          ],
          [
            -73.93104,
            40.6929
          ],
          [
            -73.93092,
            40.69231
          ],
          [
            -73.93091,
            40.69223
          ],
          [
            -73.93089,
            40.69216
          ],
          [
            -73.93088,
            40.69211
          ],
          [
            -73.93085,
            40.69193
          ],
          [
            -73.93078,
            40.69157
          ],
          [
            -73.93076,
            40.6915
          ],
          [
            -73.93075,
            40.69143
          ],
          [
            -73.9307,
            40.69117
          ],
          [
            -73.93067,
            40.69103
          ],
          [
            -73.93063,
            40.69084
          ],
          [
            -73.93062,
            40.69076
          ],
          [
            -73.9306,
            40.6907
          ],
          [
            -73.93056,
            40.69047
          ],
          [
            -73.93055,
            40.69044
          ],
          [
            -73.93055,
            40.69044
          ],
          [
            -73.93055,
            40.69044
          ],
          [
            -73.93049,
            40.69011
          ],
          [
            -73.93047,
            40.69003
          ],
          [
            -73.93046,
            40.68997
          ],
          [
            -73.93034,
            40.68938
          ],
          [
            -73.93033,
            40.6893
          ],
          [
            -73.93031,
            40.68923
          ],
          [
            -73.93027,
            40.68904
          ],
          [
            -73.93026,
            40.68896
          ],
          [
            -73.93026,
            40.68896
          ],
          [
            -73.93026,
            40.68896
          ],
          [
            -73.93024,
            40.68889
          ],
          [
            -73.9302,
            40.68865
          ],
          [
            -73.93018,
            40.68857
          ],
          [
            -73.93016,
            40.68849
          ],
          [
            -73.93005,
            40.68791
          ],
          [
            -73.93004,
            40.68783
          ],
          [
            -73.93002,
            40.68777
          ],
          [
            -73.92991,
            40.68718
          ],
          [
            -73.92989,
            40.6871
          ],
          [
            -73.92988,
            40.68703
          ],
          [
            -73.92983,
            40.6868
          ],
          [
            -73.92983,
            40.6868
          ],
          [
            -73.92983,
            40.68679
          ],
          [
            -73.92981,
            40.68668
          ],
          [
            -73.92977,
            40.68645
          ],
          [
            -73.92975,
            40.68637
          ],
          [
            -73.92974,
            40.6863
          ],
          [
            -73.92961,
            40.6857
          ],
          [
            -73.9296,
            40.68564
          ],
          [
            -73.92959,
            40.68556
          ],
          [
            -73.92949,
            40.6851
          ],
          [
            -73.92947,
            40.68497
          ],
          [
            -73.92945,
            40.6849
          ],
          [
            -73.92944,
            40.68483
          ],
          [
            -73.92941,
            40.68466
          ],
          [
            -73.92935,
            40.68439
          ],
          [
            -73.92933,
            40.68424
          ],
          [
            -73.92932,
            40.68417
          ],
          [
            -73.9293,
            40.6841
          ],
          [
            -73.92926,
            40.68388
          ],
          [
            -73.92926,
            40.68388
          ],
          [
            -73.92926,
            40.68388
          ],
          [
            -73.92925,
            40.68387
          ],
          [
            -73.92917,
            40.68351
          ],
          [
            -73.92916,
            40.68344
          ],
          [
            -73.92915,
            40.68336
          ],
          [
            -73.92902,
            40.68277
          ],
          [
            -73.92901,
            40.6827
          ],
          [
            -73.929,
            40.68263
          ],
          [
            -73.92888,
            40.68204
          ],
          [
            -73.92887,
            40.68197
          ],
          [
            -73.92885,
            40.6819
          ],
          [
            -73.92881,
            40.68165
          ],
          [
            -73.9288,
            40.68164
          ],
          [
            -73.9288,
            40.68164
          ],
          [
            -73.9288,
            40.68164
          ],
          [
            -73.92879,
            40.68157
          ],
          [
            -73.92874,
            40.68131
          ],
          [
            -73.92873,
            40.68124
          ],
          [
            -73.92871,
            40.68117
          ],
          [
            -73.92858,
            40.68058
          ],
          [
            -73.92857,
            40.68051
          ],
          [
            -73.92856,
            40.68044
          ],
          [
            -73.92854,
            40.68035
          ],
          [
            -73.92854,
            40.68021
          ],
          [
            -73.92856,
            40.68005
          ],
          [
            -73.92859,
            40.6799
          ],
          [
            -73.92865,
            40.67975
          ],
          [
            -73.92868,
            40.6797
          ],
          [
            -73.92875,
            40.67959
          ],
          [
            -73.92883,
            40.67949
          ],
          [
            -73.92894,
            40.67939
          ],
          [
            -73.92894,
            40.67939
          ],
          [
            -73.92894,
            40.67939
          ],
          [
            -73.92897,
            40.67936
          ],
          [
            -73.92906,
            40.67928
          ],
          [
            -73.92906,
            40.67928
          ],
          [
            -73.92914,
            40.6792
          ],
          [
            -73.92921,
            40.67913
          ],
          [
            -73.92926,
            40.67909
          ],
          [
            -73.92979,
            40.67856
          ],
          [
            -73.92993,
            40.67843
          ],
          [
            -73.93004,
            40.67829
          ],
          [
            -73.93013,
            40.67817
          ],
          [
            -73.9302,
            40.67803
          ],
          [
            -73.93025,
            40.67791
          ],
          [
            -73.93027,
            40.6778
          ],
          [
            -73.93027,
            40.67778
          ],
          [
            -73.93028,
            40.67771
          ],
          [
            -73.93028,
            40.6777
          ],
          [
            -73.93029,
            40.67759
          ],
          [
            -73.93029,
            40.67759
          ],
          [
            -73.93029,
            40.67759
          ],
          [
            -73.93029,
            40.67756
          ],
          [
            -73.9303,
            40.6775
          ],
          [
            -73.9303,
            40.67741
          ],
          [
            -73.93031,
            40.67732
          ],
          [
            -73.93032,
            40.67725
          ],
          [
            -73.93033,
            40.67711
          ],
          [
            -73.93034,
            40.67704
          ],
          [
            -73.93037,
            40.67668
          ],
          [
            -73.93038,
            40.6766
          ],
          [
            -73.93039,
            40.67653
          ],
          [
            -73.93044,
            40.676
          ],
          [
            -73.93044,
            40.676
          ],
          [
            -73.93044,
            40.676
          ],
          [
            -73.93045,
            40.67594
          ],
          [
            -73.93045,
            40.6759
          ],
          [
            -73.93045,
            40.67585
          ],
          [
            -73.93046,
            40.67582
          ],
          [
            -73.93046,
            40.67575
          ],
          [
            -73.93051,
            40.6754
          ],
          [
            -73.93054,
            40.67512
          ],
          [
            -73.93055,
            40.67504
          ],
          [
            -73.93055,
            40.67497
          ],
          [
            -73.93059,
            40.67447
          ],
          [
            -73.93061,
            40.67423
          ],
          [
            -73.93062,
            40.67415
          ],
          [
            -73.93062,
            40.67408
          ],
          [
            -73.93066,
            40.67369
          ],
          [
            -73.93067,
            40.67357
          ],
          [
            -73.93069,
            40.67333
          ],
          [
            -73.9307,
            40.67326
          ],
          [
            -73.9307,
            40.67319
          ],
          [
            -73.93073,
            40.67297
          ],
          [
            -73.93073,
            40.67294
          ],
          [
            -73.93073,
            40.67294
          ],
          [
            -73.93073,
            40.67294
          ],
          [
            -73.93078,
            40.67245
          ],
          [
            -73.93079,
            40.67236
          ],
          [
            -73.93079,
            40.6723
          ],
          [
            -73.93086,
            40.67156
          ],
          [
            -73.93087,
            40.67147
          ],
          [
            -73.93087,
            40.67141
          ],
          [
            -73.93092,
            40.67096
          ],
          [
            -73.93094,
            40.67069
          ],
          [
            -73.93095,
            40.67058
          ],
          [
            -73.93096,
            40.67049
          ],
          [
            -73.93099,
            40.67021
          ],
          [
            -73.93099,
            40.67021
          ],
          [
            -73.93099,
            40.67021
          ],
          [
            -73.93099,
            40.67019
          ],
          [
            -73.93103,
            40.6698
          ],
          [
            -73.93103,
            40.66974
          ],
          [
            -73.93104,
            40.6697
          ],
          [
            -73.9311,
            40.66907
          ],
          [
            -73.93111,
            40.66901
          ],
          [
            -73.93112,
            40.66893
          ],
          [
            -73.93113,
            40.66881
          ],
          [
            -73.93114,
            40.66867
          ],
          [
            -73.93115,
            40.66859
          ],
          [
            -73.93115,
            40.66853
          ],
          [
            -73.93116,
            40.66848
          ],
          [
            -73.93118,
            40.66818
          ],
          [
            -73.93119,
            40.66814
          ],
          [
            -73.9312,
            40.66794
          ],
          [
            -73.9312,
            40.66794
          ],
          [
            -73.9312,
            40.66794
          ],
          [
            -73.93121,
            40.6679
          ],
          [
            -73.93121,
            40.66783
          ],
          [
            -73.93122,
            40.66777
          ],
          [
            -73.93128,
            40.66711
          ],
          [
            -73.93129,
            40.66702
          ],
          [
            -73.9313,
            40.66695
          ],
          [
            -73.93135,
            40.66639
          ],
          [
            -73.93137,
            40.6662
          ],
          [
            -73.93138,
            40.66613
          ],
          [
            -73.93139,
            40.66607
          ],
          [
            -73.93142,
            40.66582
          ],
          [
            -73.93142,
            40.6658
          ],
          [
            -73.93142,
            40.6658
          ],
          [
            -73.93142,
            40.6658
          ],
          [
            -73.93147,
            40.66531
          ],
          [
            -73.93147,
            40.66523
          ],
          [
            -73.93148,
            40.66517
          ],
          [
            -73.93149,
            40.66486
          ],
          [
            -73.93151,
            40.66465
          ],
          [
            -73.93153,
            40.66442
          ],
          [
            -73.93154,
            40.66434
          ],
          [
            -73.93154,
            40.66428
          ],
          [
            -73.93157,
            40.66401
          ],
          [
            -73.93158,
            40.66394
          ],
          [
            -73.93158,
            40.66388
          ],
          [
            -73.93159,
            40.66376
          ],
          [
            -73.9316,
            40.66371
          ],
          [
            -73.9316,
            40.66371
          ],
          [
            -73.9316,
            40.66371
          ],
          [
            -73.9316,
            40.66367
          ],
          [
            -73.93161,
            40.66356
          ],
          [
            -73.9316,
            40.66346
          ],
          [
            -73.9316,
            40.66325
          ],
          [
            -73.93159,
            40.66315
          ],
          [
            -73.93159,
            40.66307
          ],
          [
            -73.93157,
            40.6629
          ],
          [
            -73.93157,
            40.66286
          ],
          [
            -73.93156,
            40.66276
          ],
          [
            -73.93156,
            40.66276
          ],
          [
            -73.93168,
            40.66275
          ],
          [
            -73.93168,
            40.66275
          ],
          [
            -73.93168,
            40.66275
          ],
          [
            -73.93156,
            40.66276
          ],
          [
            -73.93156,
            40.66276
          ],
          [
            -73.93155,
            40.66267
          ],
          [
            -73.93155,
            40.66262
          ],
          [
            -73.93154,
            40.66253
          ],
          [
            -73.93151,
            40.66231
          ],
          [
            -73.93149,
            40.66212
          ],
          [
            -73.93149,
            40.66204
          ],
          [
            -73.93148,
            40.66196
          ],
          [
            -73.93146,
            40.66176
          ],
          [
            -73.93141,
            40.66133
          ],
          [
            -73.93139,
            40.66111
          ],
          [
            -73.93139,
            40.66108
          ],
          [
            -73.93139,
            40.66107
          ],
          [
            -73.93139,
            40.66107
          ],
          [
            -73.93139,
            40.66107
          ],
          [
            -73.93138,
            40.66099
          ],
          [
            -73.93137,
            40.66092
          ],
          [
            -73.93137,
            40.66089
          ],
          [
            -73.93136,
            40.66076
          ],
          [
            -73.93135,
            40.66067
          ],
          [
            -73.93134,
            40.6606
          ],
          [
            -73.93134,
            40.66053
          ],
          [
            -73.9313,
            40.66023
          ],
          [
            -73.93119,
            40.65926
          ],
          [
            -73.93117,
            40.65913
          ],
          [
            -73.93116,
            40.65906
          ],
          [
            -73.93112,
            40.65861
          ],
          [
            -73.9311,
            40.65846
          ],
          [
            -73.93109,
            40.65838
          ],
          [
            -73.93108,
            40.6583
          ],
          [
            -73.93107,
            40.65823
          ],
          [
            -73.93107,
            40.65817
          ],
          [
            -73.93106,
            40.65805
          ],
          [
            -73.93106,
            40.65805
          ],
          [
            -73.93106,
            40.65805
          ],
          [
            -73.93105,
            40.658
          ],
          [
            -73.93105,
            40.65794
          ],
          [
            -73.93094,
            40.65694
          ],
          [
            -73.93093,
            40.65683
          ],
          [
            -73.93092,
            40.6567
          ],
          [
            -73.93091,
            40.65663
          ],
          [
            -73.9309,
            40.65655
          ],
          [
            -73.93087,
            40.65633
          ],
          [
            -73.93086,
            40.65618
          ],
          [
            -73.93083,
            40.65585
          ],
          [
            -73.93081,
            40.65573
          ],
          [
            -73.9308,
            40.65563
          ],
          [
            -73.93078,
            40.65542
          ],
          [
            -73.93078,
            40.65534
          ],
          [
            -73.93077,
            40.65527
          ],
          [
            -73.93074,
            40.65506
          ],
          [
            -73.93074,
            40.65506
          ],
          [
            -73.93074,
            40.65501
          ],
          [
            -73.93074,
            40.65501
          ],
          [
            -73.93074,
            40.65501
          ],
          [
            -73.93065,
            40.65419
          ],
          [
            -73.93064,
            40.65414
          ],
          [
            -73.93062,
            40.6539
          ],
          [
            -73.9306,
            40.65381
          ],
          [
            -73.9306,
            40.65372
          ],
          [
            -73.93058,
            40.65359
          ],
          [
            -73.93058,
            40.65359
          ],
          [
            -73.93074,
            40.65359
          ],
          [
            -73.93078,
            40.65359
          ],
          [
            -73.93081,
            40.65359
          ],
          [
            -73.93085,
            40.65361
          ],
          [
            -73.93089,
            40.65362
          ],
          [
            -73.93094,
            40.65363
          ],
          [
            -73.931,
            40.65362
          ],
          [
            -73.93103,
            40.65362
          ],
          [
            -73.93107,
            40.6536
          ],
          [
            -73.93109,
            40.65357
          ],
          [
            -73.9311,
            40.65351
          ],
          [
            -73.93108,
            40.65341
          ],
          [
            -73.93107,
            40.65337
          ],
          [
            -73.93106,
            40.65336
          ],
          [
            -73.93106,
            40.65335
          ],
          [
            -73.93105,
            40.65335
          ],
          [
            -73.93098,
            40.65335
          ],
          [
            -73.93091,
            40.65336
          ],
          [
            -73.93071,
            40.65337
          ],
          [
            -73.93068,
            40.65337
          ],
          [
            -73.93068,
            40.65337
          ],
          [
            -73.93068,
            40.65337
          ],
          [
            -73.93056,
            40.65337
          ],
          [
            -73.93056,
            40.65337
          ],
          [
            -73.93054,
            40.65323
          ],
          [
            -73.93046,
            40.65247
          ],
          [
            -73.93042,
            40.6521
          ],
          [
            -73.9304,
            40.65183
          ],
          [
            -73.93039,
            40.65174
          ],
          [
            -73.93038,
            40.65166
          ],
          [
            -73.93031,
            40.651
          ],
          [
            -73.9303,
            40.65098
          ],
          [
            -73.9303,
            40.65098
          ],
          [
            -73.9303,
            40.65098
          ],
          [
            -73.93026,
            40.65054
          ],
          [
            -73.93024,
            40.65043
          ],
          [
            -73.93022,
            40.6502
          ],
          [
            -73.93021,
            40.65012
          ],
          [
            -73.9302,
            40.65003
          ],
          [
            -73.93018,
            40.64983
          ],
          [
            -73.93018,
            40.64979
          ],
          [
            -73.93018,
            40.64979
          ],
          [
            -73.93018,
            40.64979
          ],
          [
            -73.93016,
            40.64966
          ],
          [
            -73.93003,
            40.64849
          ],
          [
            -73.93003,
            40.64846
          ],
          [
            -73.93002,
            40.64834
          ],
          [
            -73.93001,
            40.64827
          ],
          [
            -73.93,
            40.64819
          ],
          [
            -73.93,
            40.64819
          ],
          [
            -73.93009,
            40.64819
          ],
          [
            -73.93009,
            40.64819
          ],
          [
            -73.93009,
            40.64819
          ],
          [
            -73.93,
            40.64819
          ],
          [
            -73.93,
            40.64819
          ],
          [
            -73.92999,
            40.64811
          ],
          [
            -73.92998,
            40.64804
          ],
          [
            -73.92997,
            40.64789
          ],
          [
            -73.92994,
            40.64765
          ],
          [
            -73.92993,
            40.64753
          ],
          [
            -73.92984,
            40.6467
          ],
          [
            -73.92981,
            40.64641
          ],
          [
            -73.9298,
            40.64632
          ],
          [
            -73.9298,
            40.64624
          ],
          [
            -73.92977,
            40.64605
          ],
          [
            -73.92977,
            40.64603
          ],
          [
            -73.92977,
            40.64603
          ],
          [
            -73.92977,
            40.64603
          ],
          [
            -73.92964,
            40.64483
          ],
          [
            -73.92963,
            40.64477
          ],
          [
            -73.92963,
            40.64474
          ],
          [
            -73.92961,
            40.64455
          ],
          [
            -73.9296,
            40.64443
          ],
          [
            -73.92959,
            40.64433
          ],
          [
            -73.92957,
            40.64411
          ],
          [
            -73.92956,
            40.64403
          ],
          [
            -73.92956,
            40.64403
          ],
          [
            -73.92968,
            40.64402
          ],
          [
            -73.92968,
            40.64402
          ],
          [
            -73.92968,
            40.64402
          ],
          [
            -73.92971,
            40.64402
          ],
          [
            -73.92995,
            40.64401
          ],
          [
            -73.92994,
            40.64389
          ],
          [
            -73.9297,
            40.6439
          ],
          [
            -73.92954,
            40.6439
          ],
          [
            -73.92954,
            40.6439
          ],
          [
            -73.92937,
            40.64223
          ],
          [
            -73.92936,
            40.64214
          ],
          [
            -73.92935,
            40.64206
          ],
          [
            -73.92934,
            40.64194
          ],
          [
            -73.92932,
            40.64175
          ],
          [
            -73.92932,
            40.64173
          ],
          [
            -73.92932,
            40.64173
          ],
          [
            -73.92932,
            40.64173
          ],
          [
            -73.92914,
            40.64013
          ],
          [
            -73.92912,
            40.63993
          ],
          [
            -73.92912,
            40.6399
          ],
          [
            -73.92912,
            40.6399
          ],
          [
            -73.92912,
            40.63989
          ],
          [
            -73.92911,
            40.6398
          ],
          [
            -73.9291,
            40.63972
          ],
          [
            -73.92909,
            40.63966
          ],
          [
            -73.92908,
            40.63955
          ],
          [
            -73.92889,
            40.63779
          ],
          [
            -73.92889,
            40.63778
          ],
          [
            -73.92887,
            40.63755
          ],
          [
            -73.92886,
            40.63746
          ],
          [
            -73.92885,
            40.63738
          ],
          [
            -73.92883,
            40.63722
          ],
          [
            -73.92882,
            40.63711
          ],
          [
            -73.92882,
            40.63711
          ],
          [
            -73.92895,
            40.6371
          ],
          [
            -73.92895,
            40.6371
          ],
          [
            -73.92895,
            40.6371
          ],
          [
            -73.92882,
            40.63711
          ],
          [
            -73.92882,
            40.63711
          ],
          [
            -73.92881,
            40.63699
          ],
          [
            -73.9288,
            40.63692
          ],
          [
            -73.92877,
            40.63664
          ],
          [
            -73.92869,
            40.6359
          ],
          [
            -73.92865,
            40.63554
          ],
          [
            -73.92862,
            40.63528
          ],
          [
            -73.92861,
            40.63519
          ],
          [
            -73.9286,
            40.6351
          ],
          [
            -73.9286,
            40.63503
          ],
          [
            -73.92859,
            40.635
          ],
          [
            -73.92859,
            40.63495
          ],
          [
            -73.92858,
            40.63485
          ],
          [
            -73.92858,
            40.63485
          ],
          [
            -73.92871,
            40.63485
          ],
          [
            -73.92871,
            40.63485
          ],
          [
            -73.92871,
            40.63485
          ],
          [
            -73.92858,
            40.63485
          ],
          [
            -73.92858,
            40.63485
          ],
          [
            -73.92857,
            40.63483
          ],
          [
            -73.92857,
            40.63478
          ],
          [
            -73.92857,
            40.63477
          ],
          [
            -73.92854,
            40.63441
          ],
          [
            -73.92853,
            40.63432
          ],
          [
            -73.9285,
            40.63413
          ],
          [
            -73.92848,
            40.63393
          ],
          [
            -73.92848,
            40.6339
          ],
          [
            -73.92847,
            40.63387
          ],
          [
            -73.92847,
            40.63382
          ],
          [
            -73.92846,
            40.63373
          ],
          [
            -73.92845,
            40.6336
          ],
          [
            -73.92843,
            40.63347
          ],
          [
            -73.92842,
            40.63336
          ],
          [
            -73.92841,
            40.63324
          ],
          [
            -73.92839,
            40.63306
          ],
          [
            -73.92837,
            40.63294
          ],
          [
            -73.92836,
            40.63285
          ],
          [
            -73.92836,
            40.63277
          ],
          [
            -73.92835,
            40.63273
          ],
          [
            -73.92833,
            40.63254
          ],
          [
            -73.92833,
            40.63251
          ],
          [
            -73.92832,
            40.63244
          ],
          [
            -73.92832,
            40.63244
          ],
          [
            -73.92845,
            40.63243
          ],
          [
            -73.92845,
            40.63243
          ]
        ]
      }
    },
    {
      "type": "Feature",
      "properties": {
        "route_id": "B46-S-Night",
        "layer": "T2 Original"
      },
      "geometry": {
        "type": "LineString",
        "coordinates": [
          [
            -73.95906,
            40.70923
          ],
          [
            -73.95889,
            40.7095
          ],
          [
            -73.95886,
            40.70955
          ],
          [
            -73.95886,
            40.70955
          ],
          [
            -73.95877,
            40.70952
          ],
          [
            -73.95757,
            40.70911
          ],
          [
            -73.95749,
            40.70908
          ],
          [
            -73.95749,
            40.70908
          ],
          [
            -73.95752,
            40.70902
          ],
          [
            -73.95761,
            40.70888
          ],
          [
            -73.95769,
            40.70876
          ],
          [
            -73.95785,
            40.70849
          ],
          [
            -73.9579,
            40.70842
          ],
          [
            -73.9579,
            40.70842
          ],
          [
            -73.95783,
            40.7084
          ],
          [
            -73.95754,
            40.70829
          ],
          [
            -73.95754,
            40.70829
          ],
          [
            -73.95754,
            40.70829
          ],
          [
            -73.95751,
            40.70828
          ],
          [
            -73.95751,
            40.70828
          ],
          [
            -73.95702,
            40.70812
          ],
          [
            -73.9568,
            40.70804
          ],
          [
            -73.95673,
            40.70802
          ],
          [
            -73.95666,
            40.70799
          ],
          [
            -73.95619,
            40.70783
          ],
          [
            -73.95618,
            40.70783
          ],
          [
            -73.95561,
            40.70764
          ],
          [
            -73.95554,
            40.70761
          ],
          [
            -73.95547,
            40.70759
          ],
          [
            -73.95417,
            40.70714
          ],
          [
            -73.9541,
            40.70711
          ],
          [
            -73.95402,
            40.70709
          ],
          [
            -73.95402,
            40.70709
          ],
          [
            -73.95406,
            40.70703
          ],
          [
            -73.95406,
            40.70703
          ],
          [
            -73.95406,
            40.70703
          ],
          [
            -73.95408,
            40.707
          ],
          [
            -73.95413,
            40.70692
          ],
          [
            -73.95417,
            40.70686
          ],
          [
            -73.95435,
            40.70673
          ],
          [
            -73.95442,
            40.70668
          ],
          [
            -73.95442,
            40.70668
          ],
          [
            -73.95438,
            40.70663
          ],
          [
            -73.95386,
            40.70617
          ],
          [
            -73.95379,
            40.70611
          ],
          [
            -73.95379,
            40.70611
          ],
          [
            -73.95372,
            40.70616
          ],
          [
            -73.953,
            40.70665
          ],
          [
            -73.95291,
            40.70671
          ],
          [
            -73.95291,
            40.70671
          ],
          [
            -73.95285,
            40.70669
          ],
          [
            -73.95258,
            40.7066
          ],
          [
            -73.9525,
            40.70657
          ],
          [
            -73.95244,
            40.70655
          ],
          [
            -73.95229,
            40.70649
          ],
          [
            -73.952,
            40.70638
          ],
          [
            -73.9519,
            40.70634
          ],
          [
            -73.9518,
            40.7063
          ],
          [
            -73.95171,
            40.70626
          ],
          [
            -73.95165,
            40.70623
          ],
          [
            -73.95117,
            40.70597
          ],
          [
            -73.95108,
            40.70592
          ],
          [
            -73.95102,
            40.70588
          ],
          [
            -73.95086,
            40.7058
          ],
          [
            -73.95043,
            40.70556
          ],
          [
            -73.9504,
            40.70554
          ],
          [
            -73.9504,
            40.70554
          ],
          [
            -73.95039,
            40.70553
          ],
          [
            -73.95022,
            40.70544
          ],
          [
            -73.95012,
            40.70538
          ],
          [
            -73.95011,
            40.70538
          ],
          [
            -73.94984,
            40.70522
          ],
          [
            -73.94967,
            40.70513
          ],
          [
            -73.94956,
            40.70507
          ],
          [
            -73.94952,
            40.70505
          ],
          [
            -73.94947,
            40.70502
          ],
          [
            -73.94942,
            40.70499
          ],
          [
            -73.94907,
            40.7048
          ],
          [
            -73.94856,
            40.70451
          ],
          [
            -73.94845,
            40.70445
          ],
          [
            -73.94815,
            40.70428
          ],
          [
            -73.94802,
            40.70421
          ],
          [
            -73.948,
            40.7042
          ],
          [
            -73.948,
            40.7042
          ],
          [
            -73.948,
            40.7042
          ],
          [
            -73.94797,
            40.70419
          ],
          [
            -73.94789,
            40.70414
          ],
          [
            -73.94781,
            40.70409
          ],
          [
            -73.94705,
            40.70367
          ],
          [
            -73.94633,
            40.70326
          ],
          [
            -73.94624,
            40.70322
          ],
          [
            -73.94616,
            40.70317
          ],
          [
            -73.94586,
            40.703
          ],
          [
            -73.9458,
            40.70297
          ],
          [
            -73.94545,
            40.70277
          ],
          [
            -73.94507,
            40.70256
          ],
          [
            -73.94471,
            40.70236
          ],
          [
            -73.94464,
            40.70232
          ],
          [
            -73.94459,
            40.70229
          ],
          [
            -73.94455,
            40.70227
          ],
          [
            -73.94437,
            40.70217
          ],
          [
            -73.94403,
            40.70197
          ],
          [
            -73.94394,
            40.70193
          ],
          [
            -73.94385,
            40.70188
          ],
          [
            -73.9438,
            40.70185
          ],
          [
            -73.94324,
            40.70153
          ],
          [
            -73.94318,
            40.70149
          ],
          [
            -73.94317,
            40.70149
          ],
          [
            -73.94317,
            40.70149
          ],
          [
            -73.94317,
            40.70149
          ],
          [
            -73.94309,
            40.70144
          ],
          [
            -73.94305,
            40.70142
          ],
          [
            -73.94235,
            40.70098
          ],
          [
            -73.94212,
            40.70083
          ],
          [
            -73.94208,
            40.70081
          ],
          [
            -73.94193,
            40.70073
          ],
          [
            -73.94183,
            40.70067
          ],
          [
            -73.94172,
            40.7006
          ],
          [
            -73.94154,
            40.7005
          ],
          [
            -73.94124,
            40.70033
          ],
          [
            -73.94124,
            40.70033
          ],
          [
            -73.94124,
            40.70033
          ],
          [
            -73.94122,
            40.70032
          ],
          [
            -73.94115,
            40.70028
          ],
          [
            -73.94108,
            40.70025
          ],
          [
            -73.94042,
            40.69987
          ],
          [
            -73.93967,
            40.69947
          ],
          [
            -73.93921,
            40.69921
          ],
          [
            -73.93899,
            40.69909
          ],
          [
            -73.9389,
            40.69904
          ],
          [
            -73.93883,
            40.699
          ],
          [
            -73.93865,
            40.6989
          ],
          [
            -73.93832,
            40.69872
          ],
          [
            -73.93831,
            40.69871
          ],
          [
            -73.93831,
            40.69871
          ],
          [
            -73.93831,
            40.69871
          ],
          [
            -73.93822,
            40.69866
          ],
          [
            -73.93814,
            40.69861
          ],
          [
            -73.93807,
            40.69858
          ],
          [
            -73.93777,
            40.69841
          ],
          [
            -73.93747,
            40.69823
          ],
          [
            -73.93739,
            40.69819
          ],
          [
            -73.93734,
            40.69816
          ],
          [
            -73.93708,
            40.69802
          ],
          [
            -73.93677,
            40.69784
          ],
          [
            -73.93666,
            40.69778
          ],
          [
            -73.93648,
            40.69768
          ],
          [
            -73.93638,
            40.69762
          ],
          [
            -73.93608,
            40.69743
          ],
          [
            -73.93603,
            40.6974
          ],
          [
            -73.93596,
            40.69736
          ],
          [
            -73.9356,
            40.69716
          ],
          [
            -73.9354,
            40.69705
          ],
          [
            -73.93529,
            40.69699
          ],
          [
            -73.93518,
            40.69692
          ],
          [
            -73.9349,
            40.69677
          ],
          [
            -73.93481,
            40.69672
          ],
          [
            -73.93481,
            40.69672
          ],
          [
            -73.93481,
            40.69672
          ],
          [
            -73.93478,
            40.6967
          ],
          [
            -73.93414,
            40.69635
          ],
          [
            -73.93383,
            40.69618
          ],
          [
            -73.93338,
            40.69593
          ],
          [
            -73.93323,
            40.69585
          ],
          [
            -73.93314,
            40.6958
          ],
          [
            -73.93304,
            40.69574
          ],
          [
            -73.93275,
            40.69558
          ],
          [
            -73.93275,
            40.69558
          ],
          [
            -73.93275,
            40.69558
          ],
          [
            -73.93257,
            40.69547
          ],
          [
            -73.93245,
            40.69541
          ],
          [
            -73.93237,
            40.69536
          ],
          [
            -73.93231,
            40.69533
          ],
          [
            -73.93193,
            40.69512
          ],
          [
            -73.93186,
            40.69508
          ],
          [
            -73.93177,
            40.69503
          ],
          [
            -73.93173,
            40.695
          ],
          [
            -73.93156,
            40.69491
          ],
          [
            -73.9315,
            40.69487
          ],
          [
            -73.93144,
            40.69484
          ],
          [
            -73.93144,
            40.69484
          ],
          [
            -73.93143,
            40.6948
          ],
          [
            -73.93143,
            40.6948
          ],
          [
            -73.93143,
            40.6948
          ],
          [
            -73.93142,
            40.69473
          ],
          [
            -73.93139,
            40.69452
          ],
          [
            -73.93135,
            40.69443
          ],
          [
            -73.93122,
            40.69378
          ],
          [
            -73.9312,
            40.69369
          ],
          [
            -73.93119,
            40.69362
          ],
          [
            -73.93118,
            40.69359
          ],
          [
            -73.93115,
            40.69345
          ],
          [
            -73.93109,
            40.69312
          ],
          [
            -73.93109,
            40.69312
          ],
          [
            -73.93109,
            40.69312
          ],
          [
            -73.93107,
            40.69304
          ],
          [
            -73.93105,
            40.69296
          ],
          [
            -73.93104,
            40.6929
          ],
          [
            -73.93092,
            40.69231
          ],
          [
            -73.93091,
            40.69223
          ],
          [
            -73.93089,
            40.69216
          ],
          [
            -73.93088,
            40.69211
          ],
          [
            -73.93085,
            40.69193
          ],
          [
            -73.93078,
            40.69157
          ],
          [
            -73.93076,
            40.6915
          ],
          [
            -73.93075,
            40.69143
          ],
          [
            -73.9307,
            40.69117
          ],
          [
            -73.93067,
            40.69103
          ],
          [
            -73.93063,
            40.69084
          ],
          [
            -73.93062,
            40.69076
          ],
          [
            -73.9306,
            40.6907
          ],
          [
            -73.93056,
            40.69047
          ],
          [
            -73.93055,
            40.69044
          ],
          [
            -73.93055,
            40.69044
          ],
          [
            -73.93055,
            40.69044
          ],
          [
            -73.93049,
            40.69011
          ],
          [
            -73.93047,
            40.69003
          ],
          [
            -73.93046,
            40.68997
          ],
          [
            -73.93034,
            40.68938
          ],
          [
            -73.93033,
            40.6893
          ],
          [
            -73.93031,
            40.68923
          ],
          [
            -73.93027,
            40.68904
          ],
          [
            -73.93026,
            40.68896
          ],
          [
            -73.93026,
            40.68896
          ],
          [
            -73.93026,
            40.68896
          ],
          [
            -73.93024,
            40.68889
          ],
          [
            -73.9302,
            40.68865
          ],
          [
            -73.93018,
            40.68857
          ],
          [
            -73.93016,
            40.68849
          ],
          [
            -73.93005,
            40.68791
          ],
          [
            -73.93004,
            40.68783
          ],
          [
            -73.93002,
            40.68777
          ],
          [
            -73.92991,
            40.68718
          ],
          [
            -73.92989,
            40.6871
          ],
          [
            -73.92988,
            40.68703
          ],
          [
            -73.92983,
            40.6868
          ],
          [
            -73.92983,
            40.6868
          ],
          [
            -73.92983,
            40.68679
          ],
          [
            -73.92981,
            40.68668
          ],
          [
            -73.92977,
            40.68645
          ],
          [
            -73.92975,
            40.68637
          ],
          [
            -73.92974,
            40.6863
          ],
          [
            -73.92961,
            40.6857
          ],
          [
            -73.9296,
            40.68564
          ],
          [
            -73.92959,
            40.68556
          ],
          [
            -73.92949,
            40.6851
          ],
          [
            -73.92947,
            40.68497
          ],
          [
            -73.92945,
            40.6849
          ],
          [
            -73.92944,
            40.68483
          ],
          [
            -73.92941,
            40.68466
          ],
          [
            -73.92935,
            40.68439
          ],
          [
            -73.92933,
            40.68424
          ],
          [
            -73.92932,
            40.68417
          ],
          [
            -73.9293,
            40.6841
          ],
          [
            -73.92926,
            40.68388
          ],
          [
            -73.92926,
            40.68388
          ],
          [
            -73.92926,
            40.68388
          ],
          [
            -73.92925,
            40.68387
          ],
          [
            -73.92917,
            40.68351
          ],
          [
            -73.92916,
            40.68344
          ],
          [
            -73.92915,
            40.68336
          ],
          [
            -73.92902,
            40.68277
          ],
          [
            -73.92901,
            40.6827
          ],
          [
            -73.929,
            40.68263
          ],
          [
            -73.92888,
            40.68204
          ],
          [
            -73.92887,
            40.68197
          ],
          [
            -73.92885,
            40.6819
          ],
          [
            -73.92881,
            40.68165
          ],
          [
            -73.9288,
            40.68164
          ],
          [
            -73.9288,
            40.68164
          ],
          [
            -73.9288,
            40.68164
          ],
          [
            -73.92879,
            40.68157
          ],
          [
            -73.92874,
            40.68131
          ],
          [
            -73.92873,
            40.68124
          ],
          [
            -73.92871,
            40.68117
          ],
          [
            -73.92858,
            40.68058
          ],
          [
            -73.92857,
            40.68051
          ],
          [
            -73.92856,
            40.68044
          ],
          [
            -73.92854,
            40.68035
          ],
          [
            -73.92854,
            40.68021
          ],
          [
            -73.92856,
            40.68005
          ],
          [
            -73.92859,
            40.6799
          ],
          [
            -73.92865,
            40.67975
          ],
          [
            -73.92868,
            40.6797
          ],
          [
            -73.92875,
            40.67959
          ],
          [
            -73.92883,
            40.67949
          ],
          [
            -73.92894,
            40.67939
          ],
          [
            -73.92894,
            40.67939
          ],
          [
            -73.92894,
            40.67939
          ],
          [
            -73.92897,
            40.67936
          ],
          [
            -73.92906,
            40.67928
          ],
          [
            -73.92906,
            40.67928
          ],
          [
            -73.92914,
            40.6792
          ],
          [
            -73.92921,
            40.67913
          ],
          [
            -73.92926,
            40.67909
          ],
          [
            -73.92979,
            40.67856
          ],
          [
            -73.92993,
            40.67843
          ],
          [
            -73.93004,
            40.67829
          ],
          [
            -73.93013,
            40.67817
          ],
          [
            -73.9302,
            40.67803
          ],
          [
            -73.93025,
            40.67791
          ],
          [
            -73.93027,
            40.6778
          ],
          [
            -73.93027,
            40.67778
          ],
          [
            -73.93028,
            40.67771
          ],
          [
            -73.93028,
            40.6777
          ],
          [
            -73.93029,
            40.67759
          ],
          [
            -73.93029,
            40.67759
          ],
          [
            -73.93029,
            40.67759
          ],
          [
            -73.93029,
            40.67756
          ],
          [
            -73.9303,
            40.6775
          ],
          [
            -73.9303,
            40.67741
          ],
          [
            -73.93031,
            40.67732
          ],
          [
            -73.93032,
            40.67725
          ],
          [
            -73.93033,
            40.67711
          ],
          [
            -73.93034,
            40.67704
          ],
          [
            -73.93037,
            40.67668
          ],
          [
            -73.93038,
            40.6766
          ],
          [
            -73.93039,
            40.67653
          ],
          [
            -73.93044,
            40.676
          ],
          [
            -73.93044,
            40.676
          ],
          [
            -73.93044,
            40.676
          ],
          [
            -73.93045,
            40.67594
          ],
          [
            -73.93045,
            40.6759
          ],
          [
            -73.93045,
            40.67585
          ],
          [
            -73.93046,
            40.67582
          ],
          [
            -73.93046,
            40.67575
          ],
          [
            -73.93051,
            40.6754
          ],
          [
            -73.93054,
            40.67512
          ],
          [
            -73.93055,
            40.67504
          ],
          [
            -73.93055,
            40.67497
          ],
          [
            -73.93059,
            40.67447
          ],
          [
            -73.93061,
            40.67423
          ],
          [
            -73.93062,
            40.67415
          ],
          [
            -73.93062,
            40.67408
          ],
          [
            -73.93066,
            40.67369
          ],
          [
            -73.93067,
            40.67357
          ],
          [
            -73.93069,
            40.67333
          ],
          [
            -73.9307,
            40.67326
          ],
          [
            -73.9307,
            40.67319
          ],
          [
            -73.93073,
            40.67297
          ],
          [
            -73.93073,
            40.67294
          ],
          [
            -73.93073,
            40.67294
          ],
          [
            -73.93073,
            40.67294
          ],
          [
            -73.93078,
            40.67245
          ],
          [
            -73.93079,
            40.67236
          ],
          [
            -73.93079,
            40.6723
          ],
          [
            -73.93086,
            40.67156
          ],
          [
            -73.93087,
            40.67147
          ],
          [
            -73.93087,
            40.67141
          ],
          [
            -73.93092,
            40.67096
          ],
          [
            -73.93094,
            40.67069
          ],
          [
            -73.93095,
            40.67058
          ],
          [
            -73.93096,
            40.67049
          ],
          [
            -73.93099,
            40.67021
          ],
          [
            -73.93099,
            40.67021
          ],
          [
            -73.93099,
            40.67021
          ],
          [
            -73.93099,
            40.67019
          ],
          [
            -73.93103,
            40.6698
          ],
          [
            -73.93103,
            40.66974
          ],
          [
            -73.93104,
            40.6697
          ],
          [
            -73.9311,
            40.66907
          ],
          [
            -73.93111,
            40.66901
          ],
          [
            -73.93112,
            40.66893
          ],
          [
            -73.93113,
            40.66881
          ],
          [
            -73.93114,
            40.66867
          ],
          [
            -73.93115,
            40.66859
          ],
          [
            -73.93115,
            40.66853
          ],
          [
            -73.93116,
            40.66848
          ],
          [
            -73.93118,
            40.66818
          ],
          [
            -73.93119,
            40.66814
          ],
          [
            -73.9312,
            40.66794
          ],
          [
            -73.9312,
            40.66794
          ],
          [
            -73.9312,
            40.66794
          ],
          [
            -73.93121,
            40.6679
          ],
          [
            -73.93121,
            40.66783
          ],
          [
            -73.93122,
            40.66777
          ],
          [
            -73.93128,
            40.66711
          ],
          [
            -73.93129,
            40.66702
          ],
          [
            -73.9313,
            40.66695
          ],
          [
            -73.93135,
            40.66639
          ],
          [
            -73.93137,
            40.6662
          ],
          [
            -73.93138,
            40.66613
          ],
          [
            -73.93139,
            40.66607
          ],
          [
            -73.93142,
            40.66582
          ],
          [
            -73.93142,
            40.6658
          ],
          [
            -73.93142,
            40.6658
          ],
          [
            -73.93142,
            40.6658
          ],
          [
            -73.93147,
            40.66531
          ],
          [
            -73.93147,
            40.66523
          ],
          [
            -73.93148,
            40.66517
          ],
          [
            -73.93149,
            40.66486
          ],
          [
            -73.93151,
            40.66465
          ],
          [
            -73.93153,
            40.66442
          ],
          [
            -73.93154,
            40.66434
          ],
          [
            -73.93154,
            40.66428
          ],
          [
            -73.93157,
            40.66401
          ],
          [
            -73.93158,
            40.66394
          ],
          [
            -73.93158,
            40.66388
          ],
          [
            -73.93159,
            40.66376
          ],
          [
            -73.9316,
            40.66371
          ],
          [
            -73.9316,
            40.66371
          ],
          [
            -73.9316,
            40.66371
          ],
          [
            -73.9316,
            40.66367
          ],
          [
            -73.93161,
            40.66356
          ],
          [
            -73.9316,
            40.66346
          ],
          [
            -73.9316,
            40.66325
          ],
          [
            -73.93159,
            40.66315
          ],
          [
            -73.93159,
            40.66307
          ],
          [
            -73.93157,
            40.6629
          ],
          [
            -73.93157,
            40.66286
          ],
          [
            -73.93156,
            40.66276
          ],
          [
            -73.93156,
            40.66276
          ],
          [
            -73.93168,
            40.66275
          ],
          [
            -73.93168,
            40.66275
          ],
          [
            -73.93168,
            40.66275
          ],
          [
            -73.93156,
            40.66276
          ],
          [
            -73.93156,
            40.66276
          ],
          [
            -73.93155,
            40.66267
          ],
          [
            -73.93155,
            40.66262
          ],
          [
            -73.93154,
            40.66253
          ],
          [
            -73.93151,
            40.66231
          ],
          [
            -73.93149,
            40.66212
          ],
          [
            -73.93149,
            40.66204
          ],
          [
            -73.93148,
            40.66196
          ],
          [
            -73.93146,
            40.66176
          ],
          [
            -73.93141,
            40.66133
          ],
          [
            -73.93139,
            40.66111
          ],
          [
            -73.93139,
            40.66108
          ],
          [
            -73.93139,
            40.66107
          ],
          [
            -73.93139,
            40.66107
          ],
          [
            -73.93139,
            40.66107
          ],
          [
            -73.93138,
            40.66099
          ],
          [
            -73.93137,
            40.66092
          ],
          [
            -73.93137,
            40.66089
          ],
          [
            -73.93136,
            40.66076
          ],
          [
            -73.93135,
            40.66067
          ],
          [
            -73.93134,
            40.6606
          ],
          [
            -73.93134,
            40.66053
          ],
          [
            -73.9313,
            40.66023
          ],
          [
            -73.93119,
            40.65926
          ],
          [
            -73.93117,
            40.65913
          ],
          [
            -73.93116,
            40.65906
          ],
          [
            -73.93112,
            40.65861
          ],
          [
            -73.9311,
            40.65846
          ],
          [
            -73.93109,
            40.65838
          ],
          [
            -73.93108,
            40.6583
          ],
          [
            -73.93107,
            40.65823
          ],
          [
            -73.93107,
            40.65817
          ],
          [
            -73.93106,
            40.65805
          ],
          [
            -73.93106,
            40.65805
          ],
          [
            -73.93106,
            40.65805
          ],
          [
            -73.93105,
            40.658
          ],
          [
            -73.93105,
            40.65794
          ],
          [
            -73.93094,
            40.65694
          ],
          [
            -73.93093,
            40.65683
          ],
          [
            -73.93092,
            40.6567
          ],
          [
            -73.93091,
            40.65663
          ],
          [
            -73.9309,
            40.65655
          ],
          [
            -73.93087,
            40.65633
          ],
          [
            -73.93086,
            40.65618
          ],
          [
            -73.93083,
            40.65585
          ],
          [
            -73.93081,
            40.65573
          ],
          [
            -73.9308,
            40.65563
          ],
          [
            -73.93078,
            40.65542
          ],
          [
            -73.93078,
            40.65534
          ],
          [
            -73.93077,
            40.65527
          ],
          [
            -73.93074,
            40.65506
          ],
          [
            -73.93074,
            40.65506
          ],
          [
            -73.93074,
            40.65501
          ],
          [
            -73.93074,
            40.65501
          ],
          [
            -73.93074,
            40.65501
          ],
          [
            -73.93065,
            40.65419
          ],
          [
            -73.93064,
            40.65414
          ],
          [
            -73.93062,
            40.6539
          ],
          [
            -73.9306,
            40.65381
          ],
          [
            -73.9306,
            40.65372
          ],
          [
            -73.93058,
            40.65359
          ],
          [
            -73.93058,
            40.65359
          ],
          [
            -73.93074,
            40.65359
          ],
          [
            -73.93078,
            40.65359
          ],
          [
            -73.93081,
            40.65359
          ],
          [
            -73.93085,
            40.65361
          ],
          [
            -73.93089,
            40.65362
          ],
          [
            -73.93094,
            40.65363
          ],
          [
            -73.931,
            40.65362
          ],
          [
            -73.93103,
            40.65362
          ],
          [
            -73.93107,
            40.6536
          ],
          [
            -73.93109,
            40.65357
          ],
          [
            -73.9311,
            40.65351
          ],
          [
            -73.93108,
            40.65341
          ],
          [
            -73.93107,
            40.65337
          ],
          [
            -73.93106,
            40.65336
          ],
          [
            -73.93106,
            40.65335
          ],
          [
            -73.93105,
            40.65335
          ],
          [
            -73.93098,
            40.65335
          ],
          [
            -73.93091,
            40.65336
          ],
          [
            -73.93071,
            40.65337
          ],
          [
            -73.93068,
            40.65337
          ],
          [
            -73.93068,
            40.65337
          ],
          [
            -73.93068,
            40.65337
          ],
          [
            -73.93056,
            40.65337
          ],
          [
            -73.93056,
            40.65337
          ],
          [
            -73.93054,
            40.65323
          ],
          [
            -73.93046,
            40.65247
          ],
          [
            -73.93042,
            40.6521
          ],
          [
            -73.9304,
            40.65183
          ],
          [
            -73.93039,
            40.65174
          ],
          [
            -73.93038,
            40.65166
          ],
          [
            -73.93031,
            40.651
          ],
          [
            -73.9303,
            40.65098
          ],
          [
            -73.9303,
            40.65098
          ],
          [
            -73.9303,
            40.65098
          ],
          [
            -73.93026,
            40.65054
          ],
          [
            -73.93024,
            40.65043
          ],
          [
            -73.93022,
            40.6502
          ],
          [
            -73.93021,
            40.65012
          ],
          [
            -73.9302,
            40.65003
          ],
          [
            -73.93018,
            40.64983
          ],
          [
            -73.93018,
            40.64979
          ],
          [
            -73.93018,
            40.64979
          ],
          [
            -73.93018,
            40.64979
          ],
          [
            -73.93016,
            40.64966
          ],
          [
            -73.93003,
            40.64849
          ],
          [
            -73.93003,
            40.64846
          ],
          [
            -73.93002,
            40.64834
          ],
          [
            -73.93001,
            40.64827
          ],
          [
            -73.93,
            40.64819
          ],
          [
            -73.93,
            40.64819
          ],
          [
            -73.93009,
            40.64819
          ],
          [
            -73.93009,
            40.64819
          ],
          [
            -73.93009,
            40.64819
          ],
          [
            -73.93,
            40.64819
          ],
          [
            -73.93,
            40.64819
          ],
          [
            -73.92999,
            40.64811
          ],
          [
            -73.92998,
            40.64804
          ],
          [
            -73.92997,
            40.64789
          ],
          [
            -73.92994,
            40.64765
          ],
          [
            -73.92993,
            40.64753
          ],
          [
            -73.92984,
            40.6467
          ],
          [
            -73.92981,
            40.64641
          ],
          [
            -73.9298,
            40.64632
          ],
          [
            -73.9298,
            40.64624
          ],
          [
            -73.92977,
            40.64605
          ],
          [
            -73.92977,
            40.64603
          ],
          [
            -73.92977,
            40.64603
          ],
          [
            -73.92977,
            40.64603
          ],
          [
            -73.92964,
            40.64483
          ],
          [
            -73.92963,
            40.64477
          ],
          [
            -73.92963,
            40.64474
          ],
          [
            -73.92961,
            40.64455
          ],
          [
            -73.9296,
            40.64443
          ],
          [
            -73.92959,
            40.64433
          ],
          [
            -73.92957,
            40.64411
          ],
          [
            -73.92956,
            40.64403
          ],
          [
            -73.92956,
            40.64403
          ],
          [
            -73.92968,
            40.64402
          ],
          [
            -73.92968,
            40.64402
          ],
          [
            -73.92968,
            40.64402
          ],
          [
            -73.92971,
            40.64402
          ],
          [
            -73.92995,
            40.64401
          ],
          [
            -73.92994,
            40.64389
          ],
          [
            -73.9297,
            40.6439
          ],
          [
            -73.92954,
            40.6439
          ],
          [
            -73.92954,
            40.6439
          ],
          [
            -73.92937,
            40.64223
          ],
          [
            -73.92936,
            40.64214
          ],
          [
            -73.92935,
            40.64206
          ],
          [
            -73.92934,
            40.64194
          ],
          [
            -73.92932,
            40.64175
          ],
          [
            -73.92932,
            40.64173
          ],
          [
            -73.92932,
            40.64173
          ],
          [
            -73.92932,
            40.64173
          ],
          [
            -73.92914,
            40.64013
          ],
          [
            -73.92912,
            40.63993
          ],
          [
            -73.92912,
            40.6399
          ],
          [
            -73.92912,
            40.6399
          ],
          [
            -73.92912,
            40.63989
          ],
          [
            -73.92911,
            40.6398
          ],
          [
            -73.9291,
            40.63972
          ],
          [
            -73.92909,
            40.63966
          ],
          [
            -73.92908,
            40.63955
          ],
          [
            -73.92889,
            40.63779
          ],
          [
            -73.92889,
            40.63778
          ],
          [
            -73.92887,
            40.63755
          ],
          [
            -73.92886,
            40.63746
          ],
          [
            -73.92885,
            40.63738
          ],
          [
            -73.92883,
            40.63722
          ],
          [
            -73.92882,
            40.63711
          ],
          [
            -73.92882,
            40.63711
          ],
          [
            -73.92895,
            40.6371
          ],
          [
            -73.92895,
            40.6371
          ],
          [
            -73.92895,
            40.6371
          ],
          [
            -73.92882,
            40.63711
          ],
          [
            -73.92882,
            40.63711
          ],
          [
            -73.92881,
            40.63699
          ],
          [
            -73.9288,
            40.63692
          ],
          [
            -73.92877,
            40.63664
          ],
          [
            -73.92869,
            40.6359
          ],
          [
            -73.92865,
            40.63554
          ],
          [
            -73.92862,
            40.63528
          ],
          [
            -73.92861,
            40.63519
          ],
          [
            -73.9286,
            40.6351
          ],
          [
            -73.9286,
            40.63503
          ],
          [
            -73.92859,
            40.635
          ],
          [
            -73.92859,
            40.63495
          ],
          [
            -73.92858,
            40.63485
          ],
          [
            -73.92858,
            40.63485
          ],
          [
            -73.92871,
            40.63485
          ],
          [
            -73.92871,
            40.63485
          ],
          [
            -73.92871,
            40.63485
          ],
          [
            -73.92858,
            40.63485
          ],
          [
            -73.92858,
            40.63485
          ],
          [
            -73.92857,
            40.63483
          ],
          [
            -73.92857,
            40.63478
          ],
          [
            -73.92857,
            40.63477
          ],
          [
            -73.92854,
            40.63441
          ],
          [
            -73.92853,
            40.63432
          ],
          [
            -73.9285,
            40.63413
          ],
          [
            -73.92848,
            40.63393
          ],
          [
            -73.92848,
            40.6339
          ],
          [
            -73.92847,
            40.63387
          ],
          [
            -73.92847,
            40.63382
          ],
          [
            -73.92846,
            40.63373
          ],
          [
            -73.92845,
            40.6336
          ],
          [
            -73.92843,
            40.63347
          ],
          [
            -73.92842,
            40.63336
          ],
          [
            -73.92841,
            40.63324
          ],
          [
            -73.92839,
            40.63306
          ],
          [
            -73.92837,
            40.63294
          ],
          [
            -73.92836,
            40.63285
          ],
          [
            -73.92836,
            40.63277
          ],
          [
            -73.92835,
            40.63273
          ],
          [
            -73.92833,
            40.63254
          ],
          [
            -73.92833,
            40.63251
          ],
          [
            -73.92832,
            40.63244
          ],
          [
            -73.92832,
            40.63244
          ],
          [
            -73.92845,
            40.63243
          ],
          [
            -73.92845,
            40.63243
          ],
          [
            -73.92845,
            40.63243
          ],
          [
            -73.92832,
            40.63244
          ],
          [
            -73.92832,
            40.63244
          ],
          [
            -73.9283,
            40.63228
          ],
          [
            -73.92821,
            40.63136
          ],
          [
            -73.92815,
            40.63085
          ],
          [
            -73.92815,
            40.63084
          ],
          [
            -73.92812,
            40.6306
          ],
          [
            -73.92812,
            40.63052
          ],
          [
            -73.92811,
            40.63043
          ],
          [
            -73.92808,
            40.6302
          ],
          [
            -73.92807,
            40.63011
          ],
          [
            -73.92807,
            40.63009
          ],
          [
            -73.92807,
            40.63009
          ],
          [
            -73.92807,
            40.63009
          ],
          [
            -73.92803,
            40.62968
          ],
          [
            -73.928,
            40.62947
          ],
          [
            -73.92798,
            40.62928
          ],
          [
            -73.92794,
            40.6289
          ],
          [
            -73.92791,
            40.62863
          ],
          [
            -73.9279,
            40.62849
          ],
          [
            -73.92788,
            40.62826
          ],
          [
            -73.92787,
            40.62817
          ],
          [
            -73.92786,
            40.62809
          ],
          [
            -73.92783,
            40.62785
          ],
          [
            -73.92783,
            40.62782
          ],
          [
            -73.92782,
            40.62779
          ],
          [
            -73.92782,
            40.62779
          ],
          [
            -73.92782,
            40.62779
          ],
          [
            -73.92778,
            40.6274
          ],
          [
            -73.92776,
            40.62723
          ],
          [
            -73.92769,
            40.62655
          ],
          [
            -73.92768,
            40.62647
          ],
          [
            -73.92767,
            40.62637
          ],
          [
            -73.92767,
            40.62633
          ],
          [
            -73.92767,
            40.62633
          ],
          [
            -73.92767,
            40.62633
          ],
          [
            -73.92766,
            40.62622
          ],
          [
            -73.92764,
            40.62611
          ],
          [
            -73.92762,
            40.62591
          ],
          [
            -73.92761,
            40.62582
          ],
          [
            -73.92761,
            40.62575
          ],
          [
            -73.9276,
            40.62568
          ],
          [
            -73.92755,
            40.62519
          ],
          [
            -73.92751,
            40.62487
          ],
          [
            -73.92744,
            40.62425
          ],
          [
            -73.92741,
            40.62392
          ],
          [
            -73.9274,
            40.62387
          ],
          [
            -73.92738,
            40.62366
          ],
          [
            -73.92737,
            40.62356
          ],
          [
            -73.92736,
            40.62348
          ],
          [
            -73.92734,
            40.62327
          ],
          [
            -73.92734,
            40.62327
          ],
          [
            -73.92746,
            40.62326
          ],
          [
            -73.92746,
            40.62326
          ],
          [
            -73.92746,
            40.62326
          ],
          [
            -73.92734,
            40.62327
          ],
          [
            -73.92734,
            40.62327
          ],
          [
            -73.92733,
            40.62322
          ],
          [
            -73.92732,
            40.62312
          ],
          [
            -73.9273,
            40.62286
          ],
          [
            -73.92729,
            40.62279
          ],
          [
            -73.92717,
            40.62169
          ],
          [
            -73.92714,
            40.62144
          ],
          [
            -73.92714,
            40.62136
          ],
          [
            -73.92713,
            40.62129
          ],
          [
            -73.9271,
            40.62107
          ],
          [
            -73.9271,
            40.62105
          ],
          [
            -73.9271,
            40.62105
          ],
          [
            -73.9271,
            40.62105
          ],
          [
            -73.92692,
            40.61937
          ],
          [
            -73.92689,
            40.61905
          ],
          [
            -73.92689,
            40.61896
          ],
          [
            -73.92688,
            40.61887
          ],
          [
            -73.92685,
            40.61858
          ],
          [
            -73.92685,
            40.61858
          ],
          [
            -73.92685,
            40.61858
          ],
          [
            -73.92683,
            40.61847
          ],
          [
            -73.92672,
            40.61741
          ],
          [
            -73.92667,
            40.61693
          ],
          [
            -73.92665,
            40.61675
          ],
          [
            -73.92664,
            40.6167
          ],
          [
            -73.92663,
            40.61662
          ],
          [
            -73.92662,
            40.61654
          ],
          [
            -73.92661,
            40.61649
          ],
          [
            -73.92642,
            40.61464
          ],
          [
            -73.92641,
            40.61459
          ],
          [
            -73.92641,
            40.61459
          ],
          [
            -73.92641,
            40.61459
          ],
          [
            -73.92641,
            40.61457
          ],
          [
            -73.9264,
            40.61449
          ],
          [
            -73.92639,
            40.6144
          ],
          [
            -73.92639,
            40.61435
          ],
          [
            -73.92639,
            40.6143
          ],
          [
            -73.92637,
            40.61416
          ],
          [
            -73.92637,
            40.61414
          ],
          [
            -73.92636,
            40.61402
          ],
          [
            -73.92635,
            40.61396
          ],
          [
            -73.92634,
            40.61389
          ],
          [
            -73.9263,
            40.6135
          ],
          [
            -73.92632,
            40.61343
          ],
          [
            -73.92632,
            40.61343
          ],
          [
            -73.92632,
            40.61343
          ],
          [
            -73.92632,
            40.61342
          ],
          [
            -73.92631,
            40.61319
          ],
          [
            -73.9263,
            40.61309
          ],
          [
            -73.9263,
            40.61301
          ],
          [
            -73.9263,
            40.61301
          ],
          [
            -73.92619,
            40.61291
          ],
          [
            -73.9261,
            40.61282
          ],
          [
            -73.92543,
            40.61222
          ],
          [
            -73.92506,
            40.61191
          ],
          [
            -73.92504,
            40.61189
          ],
          [
            -73.92498,
            40.61185
          ],
          [
            -73.92485,
            40.61174
          ],
          [
            -73.92465,
            40.61156
          ],
          [
            -73.92455,
            40.61147
          ],
          [
            -73.92447,
            40.6114
          ],
          [
            -73.92439,
            40.61133
          ],
          [
            -73.92437,
            40.61131
          ],
          [
            -73.92437,
            40.61131
          ],
          [
            -73.92437,
            40.61131
          ],
          [
            -73.92408,
            40.61104
          ],
          [
            -73.92399,
            40.61095
          ],
          [
            -73.92389,
            40.61086
          ],
          [
            -73.92362,
            40.61062
          ],
          [
            -73.92335,
            40.61039
          ],
          [
            -73.92292,
            40.61002
          ],
          [
            -73.92274,
            40.60986
          ],
          [
            -73.92267,
            40.6098
          ],
          [
            -73.92257,
            40.6097
          ],
          [
            -73.92249,
            40.60964
          ],
          [
            -73.92197,
            40.60915
          ],
          [
            -73.92191,
            40.6091
          ],
          [
            -73.92178,
            40.60898
          ],
          [
            -73.92146,
            40.60871
          ],
          [
            -73.92144,
            40.60869
          ],
          [
            -73.9213,
            40.60857
          ],
          [
            -73.92125,
            40.60852
          ],
          [
            -73.92117,
            40.60845
          ],
          [
            -73.92105,
            40.60834
          ],
          [
            -73.9209,
            40.60821
          ],
          [
            -73.92082,
            40.60813
          ],
          [
            -73.91983,
            40.60723
          ],
          [
            -73.9194,
            40.60686
          ],
          [
            -73.91857,
            40.60603
          ],
          [
            -73.91817,
            40.60577
          ],
          [
            -73.91635,
            40.60414
          ],
          [
            -73.91635,
            40.60414
          ],
          [
            -73.91624,
            40.60421
          ],
          [
            -73.91614,
            40.60428
          ],
          [
            -73.91614,
            40.60428
          ],
          [
            -73.9157,
            40.60388
          ],
          [
            -73.9157,
            40.60388
          ],
          [
            -73.9158,
            40.60382
          ],
          [
            -73.91591,
            40.60374
          ],
          [
            -73.91591,
            40.60374
          ],
          [
            -73.91635,
            40.60414
          ],
          [
            -73.91817,
            40.60577
          ],
          [
            -73.91838,
            40.60609
          ],
          [
            -73.91875,
            40.60648
          ],
          [
            -73.91882,
            40.60657
          ],
          [
            -73.91921,
            40.60699
          ],
          [
            -73.91958,
            40.60736
          ],
          [
            -73.92008,
            40.60781
          ],
          [
            -73.9206,
            40.60827
          ],
          [
            -73.9207,
            40.60835
          ],
          [
            -73.92077,
            40.60841
          ],
          [
            -73.92082,
            40.60846
          ],
          [
            -73.921,
            40.60863
          ],
          [
            -73.92107,
            40.6087
          ],
          [
            -73.9215,
            40.60909
          ],
          [
            -73.92151,
            40.6091
          ],
          [
            -73.92151,
            40.6091
          ]
        ]
      }
    },
    {
      "type": "Feature",
      "properties": {
        "route_id": "B46-S-Night",
        "layer": "T2 Optimal"
      },
      "geometry": {
        "type": "LineString",
        "coordinates": [
          [
            -73.95906,
            40.70923
          ],
          [
            -73.95889,
            40.7095
          ],
          [
            -73.95886,
            40.70955
          ],
          [
            -73.95886,
            40.70955
          ],
          [
            -73.95877,
            40.70952
          ],
          [
            -73.95757,
            40.70911
          ],
          [
            -73.95749,
            40.70908
          ],
          [
            -73.95749,
            40.70908
          ],
          [
            -73.95752,
            40.70902
          ],
          [
            -73.95761,
            40.70888
          ],
          [
            -73.95769,
            40.70876
          ],
          [
            -73.95785,
            40.70849
          ],
          [
            -73.9579,
            40.70842
          ],
          [
            -73.9579,
            40.70842
          ],
          [
            -73.95783,
            40.7084
          ],
          [
            -73.95754,
            40.70829
          ],
          [
            -73.95754,
            40.70829
          ],
          [
            -73.95754,
            40.70829
          ],
          [
            -73.95751,
            40.70828
          ],
          [
            -73.95751,
            40.70828
          ],
          [
            -73.95702,
            40.70812
          ],
          [
            -73.9568,
            40.70804
          ],
          [
            -73.95673,
            40.70802
          ],
          [
            -73.95666,
            40.70799
          ],
          [
            -73.95619,
            40.70783
          ],
          [
            -73.95618,
            40.70783
          ],
          [
            -73.95561,
            40.70764
          ],
          [
            -73.95554,
            40.70761
          ],
          [
            -73.95547,
            40.70759
          ],
          [
            -73.95417,
            40.70714
          ],
          [
            -73.9541,
            40.70711
          ],
          [
            -73.95402,
            40.70709
          ],
          [
            -73.95402,
            40.70709
          ],
          [
            -73.95406,
            40.70703
          ],
          [
            -73.95406,
            40.70703
          ],
          [
            -73.95406,
            40.70703
          ],
          [
            -73.95408,
            40.707
          ],
          [
            -73.95413,
            40.70692
          ],
          [
            -73.95417,
            40.70686
          ],
          [
            -73.95435,
            40.70673
          ],
          [
            -73.95442,
            40.70668
          ],
          [
            -73.95442,
            40.70668
          ],
          [
            -73.95438,
            40.70663
          ],
          [
            -73.95386,
            40.70617
          ],
          [
            -73.95379,
            40.70611
          ],
          [
            -73.95379,
            40.70611
          ],
          [
            -73.95372,
            40.70616
          ],
          [
            -73.953,
            40.70665
          ],
          [
            -73.95291,
            40.70671
          ],
          [
            -73.95291,
            40.70671
          ],
          [
            -73.95285,
            40.70669
          ],
          [
            -73.95258,
            40.7066
          ],
          [
            -73.9525,
            40.70657
          ],
          [
            -73.95244,
            40.70655
          ],
          [
            -73.95229,
            40.70649
          ],
          [
            -73.952,
            40.70638
          ],
          [
            -73.9519,
            40.70634
          ],
          [
            -73.9518,
            40.7063
          ],
          [
            -73.95171,
            40.70626
          ],
          [
            -73.95165,
            40.70623
          ],
          [
            -73.95117,
            40.70597
          ],
          [
            -73.95108,
            40.70592
          ],
          [
            -73.95102,
            40.70588
          ],
          [
            -73.95086,
            40.7058
          ],
          [
            -73.95043,
            40.70556
          ],
          [
            -73.9504,
            40.70554
          ],
          [
            -73.9504,
            40.70554
          ],
          [
            -73.95039,
            40.70553
          ],
          [
            -73.95022,
            40.70544
          ],
          [
            -73.95012,
            40.70538
          ],
          [
            -73.95011,
            40.70538
          ],
          [
            -73.94984,
            40.70522
          ],
          [
            -73.94967,
            40.70513
          ],
          [
            -73.94956,
            40.70507
          ],
          [
            -73.94952,
            40.70505
          ],
          [
            -73.94947,
            40.70502
          ],
          [
            -73.94942,
            40.70499
          ],
          [
            -73.94907,
            40.7048
          ],
          [
            -73.94856,
            40.70451
          ],
          [
            -73.94845,
            40.70445
          ],
          [
            -73.94815,
            40.70428
          ],
          [
            -73.94802,
            40.70421
          ],
          [
            -73.948,
            40.7042
          ],
          [
            -73.948,
            40.7042
          ],
          [
            -73.948,
            40.7042
          ],
          [
            -73.94797,
            40.70419
          ],
          [
            -73.94789,
            40.70414
          ],
          [
            -73.94781,
            40.70409
          ],
          [
            -73.94705,
            40.70367
          ],
          [
            -73.94633,
            40.70326
          ],
          [
            -73.94624,
            40.70322
          ],
          [
            -73.94616,
            40.70317
          ],
          [
            -73.94586,
            40.703
          ],
          [
            -73.9458,
            40.70297
          ],
          [
            -73.94545,
            40.70277
          ],
          [
            -73.94507,
            40.70256
          ],
          [
            -73.94471,
            40.70236
          ],
          [
            -73.94464,
            40.70232
          ],
          [
            -73.94459,
            40.70229
          ],
          [
            -73.94455,
            40.70227
          ],
          [
            -73.94437,
            40.70217
          ],
          [
            -73.94403,
            40.70197
          ],
          [
            -73.94394,
            40.70193
          ],
          [
            -73.94385,
            40.70188
          ],
          [
            -73.9438,
            40.70185
          ],
          [
            -73.94324,
            40.70153
          ],
          [
            -73.94318,
            40.70149
          ],
          [
            -73.94317,
            40.70149
          ],
          [
            -73.94317,
            40.70149
          ],
          [
            -73.94317,
            40.70149
          ],
          [
            -73.94309,
            40.70144
          ],
          [
            -73.94305,
            40.70142
          ],
          [
            -73.94235,
            40.70098
          ],
          [
            -73.94212,
            40.70083
          ],
          [
            -73.94208,
            40.70081
          ],
          [
            -73.94193,
            40.70073
          ],
          [
            -73.94183,
            40.70067
          ],
          [
            -73.94172,
            40.7006
          ],
          [
            -73.94154,
            40.7005
          ],
          [
            -73.94124,
            40.70033
          ],
          [
            -73.94124,
            40.70033
          ],
          [
            -73.94124,
            40.70033
          ],
          [
            -73.94122,
            40.70032
          ],
          [
            -73.94115,
            40.70028
          ],
          [
            -73.94108,
            40.70025
          ],
          [
            -73.94042,
            40.69987
          ],
          [
            -73.93967,
            40.69947
          ],
          [
            -73.93921,
            40.69921
          ],
          [
            -73.93899,
            40.69909
          ],
          [
            -73.9389,
            40.69904
          ],
          [
            -73.93883,
            40.699
          ],
          [
            -73.93865,
            40.6989
          ],
          [
            -73.93832,
            40.69872
          ],
          [
            -73.93831,
            40.69871
          ],
          [
            -73.93831,
            40.69871
          ],
          [
            -73.93831,
            40.69871
          ],
          [
            -73.93822,
            40.69866
          ],
          [
            -73.93814,
            40.69861
          ],
          [
            -73.93807,
            40.69858
          ],
          [
            -73.93777,
            40.69841
          ],
          [
            -73.93747,
            40.69823
          ],
          [
            -73.93739,
            40.69819
          ],
          [
            -73.93734,
            40.69816
          ],
          [
            -73.93708,
            40.69802
          ],
          [
            -73.93677,
            40.69784
          ],
          [
            -73.93666,
            40.69778
          ],
          [
            -73.93648,
            40.69768
          ],
          [
            -73.93638,
            40.69762
          ],
          [
            -73.93608,
            40.69743
          ],
          [
            -73.93603,
            40.6974
          ],
          [
            -73.93596,
            40.69736
          ],
          [
            -73.9356,
            40.69716
          ],
          [
            -73.9354,
            40.69705
          ],
          [
            -73.93529,
            40.69699
          ],
          [
            -73.93518,
            40.69692
          ],
          [
            -73.9349,
            40.69677
          ],
          [
            -73.93481,
            40.69672
          ],
          [
            -73.93481,
            40.69672
          ],
          [
            -73.93481,
            40.69672
          ],
          [
            -73.93478,
            40.6967
          ],
          [
            -73.93414,
            40.69635
          ],
          [
            -73.93383,
            40.69618
          ],
          [
            -73.93338,
            40.69593
          ],
          [
            -73.93323,
            40.69585
          ],
          [
            -73.93314,
            40.6958
          ],
          [
            -73.93304,
            40.69574
          ],
          [
            -73.93275,
            40.69558
          ],
          [
            -73.93275,
            40.69558
          ],
          [
            -73.93275,
            40.69558
          ],
          [
            -73.93257,
            40.69547
          ],
          [
            -73.93245,
            40.69541
          ],
          [
            -73.93237,
            40.69536
          ],
          [
            -73.93231,
            40.69533
          ],
          [
            -73.93193,
            40.69512
          ],
          [
            -73.93186,
            40.69508
          ],
          [
            -73.93177,
            40.69503
          ],
          [
            -73.93173,
            40.695
          ],
          [
            -73.93156,
            40.69491
          ],
          [
            -73.9315,
            40.69487
          ],
          [
            -73.93144,
            40.69484
          ],
          [
            -73.93144,
            40.69484
          ],
          [
            -73.93143,
            40.6948
          ],
          [
            -73.93143,
            40.6948
          ],
          [
            -73.93143,
            40.6948
          ],
          [
            -73.93142,
            40.69473
          ],
          [
            -73.93139,
            40.69452
          ],
          [
            -73.93135,
            40.69443
          ],
          [
            -73.93122,
            40.69378
          ],
          [
            -73.9312,
            40.69369
          ],
          [
            -73.93119,
            40.69362
          ],
          [
            -73.93118,
            40.69359
          ],
          [
            -73.93115,
            40.69345
          ],
          [
            -73.93109,
            40.69312
          ],
          [
            -73.93109,
            40.69312
          ],
          [
            -73.93109,
            40.69312
          ],
          [
            -73.93107,
            40.69304
          ],
          [
            -73.93105,
            40.69296
          ],
          [
            -73.93104,
            40.6929
          ],
          [
            -73.93092,
            40.69231
          ],
          [
            -73.93091,
            40.69223
          ],
          [
            -73.93089,
            40.69216
          ],
          [
            -73.93088,
            40.69211
          ],
          [
            -73.93085,
            40.69193
          ],
          [
            -73.93078,
            40.69157
          ],
          [
            -73.93076,
            40.6915
          ],
          [
            -73.93075,
            40.69143
          ],
          [
            -73.9307,
            40.69117
          ],
          [
            -73.93067,
            40.69103
          ],
          [
            -73.93063,
            40.69084
          ],
          [
            -73.93062,
            40.69076
          ],
          [
            -73.9306,
            40.6907
          ],
          [
            -73.93056,
            40.69047
          ],
          [
            -73.93055,
            40.69044
          ],
          [
            -73.93055,
            40.69044
          ],
          [
            -73.93055,
            40.69044
          ],
          [
            -73.93049,
            40.69011
          ],
          [
            -73.93047,
            40.69003
          ],
          [
            -73.93046,
            40.68997
          ],
          [
            -73.93034,
            40.68938
          ],
          [
            -73.93033,
            40.6893
          ],
          [
            -73.93031,
            40.68923
          ],
          [
            -73.93027,
            40.68904
          ],
          [
            -73.93026,
            40.68896
          ],
          [
            -73.93026,
            40.68896
          ],
          [
            -73.93026,
            40.68896
          ],
          [
            -73.93024,
            40.68889
          ],
          [
            -73.9302,
            40.68865
          ],
          [
            -73.93018,
            40.68857
          ],
          [
            -73.93016,
            40.68849
          ],
          [
            -73.93005,
            40.68791
          ],
          [
            -73.93004,
            40.68783
          ],
          [
            -73.93002,
            40.68777
          ],
          [
            -73.92991,
            40.68718
          ],
          [
            -73.92989,
            40.6871
          ],
          [
            -73.92988,
            40.68703
          ],
          [
            -73.92983,
            40.6868
          ],
          [
            -73.92983,
            40.6868
          ],
          [
            -73.92983,
            40.68679
          ],
          [
            -73.92981,
            40.68668
          ],
          [
            -73.92977,
            40.68645
          ],
          [
            -73.92975,
            40.68637
          ],
          [
            -73.92974,
            40.6863
          ],
          [
            -73.92961,
            40.6857
          ],
          [
            -73.9296,
            40.68564
          ],
          [
            -73.92959,
            40.68556
          ],
          [
            -73.92949,
            40.6851
          ],
          [
            -73.92947,
            40.68497
          ],
          [
            -73.92945,
            40.6849
          ],
          [
            -73.92944,
            40.68483
          ],
          [
            -73.92941,
            40.68466
          ],
          [
            -73.92935,
            40.68439
          ],
          [
            -73.92933,
            40.68424
          ],
          [
            -73.92932,
            40.68417
          ],
          [
            -73.9293,
            40.6841
          ],
          [
            -73.92926,
            40.68388
          ],
          [
            -73.92926,
            40.68388
          ],
          [
            -73.92926,
            40.68388
          ],
          [
            -73.92925,
            40.68387
          ],
          [
            -73.92917,
            40.68351
          ],
          [
            -73.92916,
            40.68344
          ],
          [
            -73.92915,
            40.68336
          ],
          [
            -73.92902,
            40.68277
          ],
          [
            -73.92901,
            40.6827
          ],
          [
            -73.929,
            40.68263
          ],
          [
            -73.92888,
            40.68204
          ],
          [
            -73.92887,
            40.68197
          ],
          [
            -73.92885,
            40.6819
          ],
          [
            -73.92881,
            40.68165
          ],
          [
            -73.9288,
            40.68164
          ],
          [
            -73.9288,
            40.68164
          ],
          [
            -73.9288,
            40.68164
          ],
          [
            -73.92879,
            40.68157
          ],
          [
            -73.92874,
            40.68131
          ],
          [
            -73.92873,
            40.68124
          ],
          [
            -73.92871,
            40.68117
          ],
          [
            -73.92858,
            40.68058
          ],
          [
            -73.92857,
            40.68051
          ],
          [
            -73.92856,
            40.68044
          ],
          [
            -73.92854,
            40.68035
          ],
          [
            -73.92854,
            40.68021
          ],
          [
            -73.92856,
            40.68005
          ],
          [
            -73.92859,
            40.6799
          ],
          [
            -73.92865,
            40.67975
          ],
          [
            -73.92868,
            40.6797
          ],
          [
            -73.92875,
            40.67959
          ],
          [
            -73.92883,
            40.67949
          ],
          [
            -73.92894,
            40.67939
          ],
          [
            -73.92894,
            40.67939
          ],
          [
            -73.92894,
            40.67939
          ],
          [
            -73.92897,
            40.67936
          ],
          [
            -73.92906,
            40.67928
          ],
          [
            -73.92906,
            40.67928
          ],
          [
            -73.92914,
            40.6792
          ],
          [
            -73.92921,
            40.67913
          ],
          [
            -73.92926,
            40.67909
          ],
          [
            -73.92979,
            40.67856
          ],
          [
            -73.92993,
            40.67843
          ],
          [
            -73.93004,
            40.67829
          ],
          [
            -73.93013,
            40.67817
          ],
          [
            -73.9302,
            40.67803
          ],
          [
            -73.93025,
            40.67791
          ],
          [
            -73.93027,
            40.6778
          ],
          [
            -73.93027,
            40.67778
          ],
          [
            -73.93028,
            40.67771
          ],
          [
            -73.93028,
            40.6777
          ],
          [
            -73.93029,
            40.67759
          ],
          [
            -73.93029,
            40.67759
          ],
          [
            -73.93029,
            40.67759
          ],
          [
            -73.93029,
            40.67756
          ],
          [
            -73.9303,
            40.6775
          ],
          [
            -73.9303,
            40.67741
          ],
          [
            -73.93031,
            40.67732
          ],
          [
            -73.93032,
            40.67725
          ],
          [
            -73.93033,
            40.67711
          ],
          [
            -73.93034,
            40.67704
          ],
          [
            -73.93037,
            40.67668
          ],
          [
            -73.93038,
            40.6766
          ],
          [
            -73.93039,
            40.67653
          ],
          [
            -73.93044,
            40.676
          ],
          [
            -73.93044,
            40.676
          ],
          [
            -73.93044,
            40.676
          ],
          [
            -73.93045,
            40.67594
          ],
          [
            -73.93045,
            40.6759
          ],
          [
            -73.93045,
            40.67585
          ],
          [
            -73.93046,
            40.67582
          ],
          [
            -73.93046,
            40.67575
          ],
          [
            -73.93051,
            40.6754
          ],
          [
            -73.93054,
            40.67512
          ],
          [
            -73.93055,
            40.67504
          ],
          [
            -73.93055,
            40.67497
          ],
          [
            -73.93059,
            40.67447
          ],
          [
            -73.93061,
            40.67423
          ],
          [
            -73.93062,
            40.67415
          ],
          [
            -73.93062,
            40.67408
          ],
          [
            -73.93066,
            40.67369
          ],
          [
            -73.93067,
            40.67357
          ],
          [
            -73.93069,
            40.67333
          ],
          [
            -73.9307,
            40.67326
          ],
          [
            -73.9307,
            40.67319
          ],
          [
            -73.93073,
            40.67297
          ],
          [
            -73.93073,
            40.67294
          ],
          [
            -73.93073,
            40.67294
          ],
          [
            -73.93073,
            40.67294
          ],
          [
            -73.93078,
            40.67245
          ],
          [
            -73.93079,
            40.67236
          ],
          [
            -73.93079,
            40.6723
          ],
          [
            -73.93086,
            40.67156
          ],
          [
            -73.93087,
            40.67147
          ],
          [
            -73.93087,
            40.67141
          ],
          [
            -73.93092,
            40.67096
          ],
          [
            -73.93094,
            40.67069
          ],
          [
            -73.93095,
            40.67058
          ],
          [
            -73.93096,
            40.67049
          ],
          [
            -73.93099,
            40.67021
          ],
          [
            -73.93099,
            40.67021
          ],
          [
            -73.93099,
            40.67021
          ],
          [
            -73.93099,
            40.67019
          ],
          [
            -73.93103,
            40.6698
          ],
          [
            -73.93103,
            40.66974
          ],
          [
            -73.93104,
            40.6697
          ],
          [
            -73.9311,
            40.66907
          ],
          [
            -73.93111,
            40.66901
          ],
          [
            -73.93112,
            40.66893
          ],
          [
            -73.93113,
            40.66881
          ],
          [
            -73.93114,
            40.66867
          ],
          [
            -73.93115,
            40.66859
          ],
          [
            -73.93115,
            40.66853
          ],
          [
            -73.93116,
            40.66848
          ],
          [
            -73.93118,
            40.66818
          ],
          [
            -73.93119,
            40.66814
          ],
          [
            -73.9312,
            40.66794
          ],
          [
            -73.9312,
            40.66794
          ],
          [
            -73.9312,
            40.66794
          ],
          [
            -73.93121,
            40.6679
          ],
          [
            -73.93121,
            40.66783
          ],
          [
            -73.93122,
            40.66777
          ],
          [
            -73.93128,
            40.66711
          ],
          [
            -73.93129,
            40.66702
          ],
          [
            -73.9313,
            40.66695
          ],
          [
            -73.93135,
            40.66639
          ],
          [
            -73.93137,
            40.6662
          ],
          [
            -73.93138,
            40.66613
          ],
          [
            -73.93139,
            40.66607
          ],
          [
            -73.93142,
            40.66582
          ],
          [
            -73.93142,
            40.6658
          ],
          [
            -73.93142,
            40.6658
          ],
          [
            -73.93142,
            40.6658
          ],
          [
            -73.93147,
            40.66531
          ],
          [
            -73.93147,
            40.66523
          ],
          [
            -73.93148,
            40.66517
          ],
          [
            -73.93149,
            40.66486
          ],
          [
            -73.93151,
            40.66465
          ],
          [
            -73.93153,
            40.66442
          ],
          [
            -73.93154,
            40.66434
          ],
          [
            -73.93154,
            40.66428
          ],
          [
            -73.93157,
            40.66401
          ],
          [
            -73.93158,
            40.66394
          ],
          [
            -73.93158,
            40.66388
          ],
          [
            -73.93159,
            40.66376
          ],
          [
            -73.9316,
            40.66371
          ],
          [
            -73.9316,
            40.66371
          ],
          [
            -73.9316,
            40.66371
          ],
          [
            -73.9316,
            40.66367
          ],
          [
            -73.93161,
            40.66356
          ],
          [
            -73.9316,
            40.66346
          ],
          [
            -73.9316,
            40.66325
          ],
          [
            -73.93159,
            40.66315
          ],
          [
            -73.93159,
            40.66307
          ],
          [
            -73.93157,
            40.6629
          ],
          [
            -73.93157,
            40.66286
          ],
          [
            -73.93156,
            40.66276
          ],
          [
            -73.93156,
            40.66276
          ],
          [
            -73.93168,
            40.66275
          ],
          [
            -73.93168,
            40.66275
          ],
          [
            -73.93168,
            40.66275
          ],
          [
            -73.93156,
            40.66276
          ],
          [
            -73.93156,
            40.66276
          ],
          [
            -73.93155,
            40.66267
          ],
          [
            -73.93155,
            40.66262
          ],
          [
            -73.93154,
            40.66253
          ],
          [
            -73.93151,
            40.66231
          ],
          [
            -73.93149,
            40.66212
          ],
          [
            -73.93149,
            40.66204
          ],
          [
            -73.93148,
            40.66196
          ],
          [
            -73.93146,
            40.66176
          ],
          [
            -73.93141,
            40.66133
          ],
          [
            -73.93139,
            40.66111
          ],
          [
            -73.93139,
            40.66108
          ],
          [
            -73.93139,
            40.66107
          ],
          [
            -73.93139,
            40.66107
          ],
          [
            -73.93139,
            40.66107
          ],
          [
            -73.93138,
            40.66099
          ],
          [
            -73.93137,
            40.66092
          ],
          [
            -73.93137,
            40.66089
          ],
          [
            -73.93136,
            40.66076
          ],
          [
            -73.93135,
            40.66067
          ],
          [
            -73.93134,
            40.6606
          ],
          [
            -73.93134,
            40.66053
          ],
          [
            -73.9313,
            40.66023
          ],
          [
            -73.93119,
            40.65926
          ],
          [
            -73.93117,
            40.65913
          ],
          [
            -73.93116,
            40.65906
          ],
          [
            -73.93112,
            40.65861
          ],
          [
            -73.9311,
            40.65846
          ],
          [
            -73.93109,
            40.65838
          ],
          [
            -73.93108,
            40.6583
          ],
          [
            -73.93107,
            40.65823
          ],
          [
            -73.93107,
            40.65817
          ],
          [
            -73.93106,
            40.65805
          ],
          [
            -73.93106,
            40.65805
          ],
          [
            -73.93106,
            40.65805
          ],
          [
            -73.93105,
            40.658
          ],
          [
            -73.93105,
            40.65794
          ],
          [
            -73.93094,
            40.65694
          ],
          [
            -73.93093,
            40.65683
          ],
          [
            -73.93092,
            40.6567
          ],
          [
            -73.93091,
            40.65663
          ],
          [
            -73.9309,
            40.65655
          ],
          [
            -73.93087,
            40.65633
          ],
          [
            -73.93086,
            40.65618
          ],
          [
            -73.93083,
            40.65585
          ],
          [
            -73.93081,
            40.65573
          ],
          [
            -73.9308,
            40.65563
          ],
          [
            -73.93078,
            40.65542
          ],
          [
            -73.93078,
            40.65534
          ],
          [
            -73.93077,
            40.65527
          ],
          [
            -73.93074,
            40.65506
          ],
          [
            -73.93074,
            40.65506
          ],
          [
            -73.93074,
            40.65501
          ],
          [
            -73.93074,
            40.65501
          ],
          [
            -73.93074,
            40.65501
          ],
          [
            -73.93065,
            40.65419
          ],
          [
            -73.93064,
            40.65414
          ],
          [
            -73.93062,
            40.6539
          ],
          [
            -73.9306,
            40.65381
          ],
          [
            -73.9306,
            40.65372
          ],
          [
            -73.93058,
            40.65359
          ],
          [
            -73.93058,
            40.65359
          ],
          [
            -73.93074,
            40.65359
          ],
          [
            -73.93078,
            40.65359
          ],
          [
            -73.93081,
            40.65359
          ],
          [
            -73.93085,
            40.65361
          ],
          [
            -73.93089,
            40.65362
          ],
          [
            -73.93094,
            40.65363
          ],
          [
            -73.931,
            40.65362
          ],
          [
            -73.93103,
            40.65362
          ],
          [
            -73.93107,
            40.6536
          ],
          [
            -73.93109,
            40.65357
          ],
          [
            -73.9311,
            40.65351
          ],
          [
            -73.93108,
            40.65341
          ],
          [
            -73.93107,
            40.65337
          ],
          [
            -73.93106,
            40.65336
          ],
          [
            -73.93106,
            40.65335
          ],
          [
            -73.93105,
            40.65335
          ],
          [
            -73.93098,
            40.65335
          ],
          [
            -73.93091,
            40.65336
          ],
          [
            -73.93071,
            40.65337
          ],
          [
            -73.93068,
            40.65337
          ],
          [
            -73.93068,
            40.65337
          ],
          [
            -73.93068,
            40.65337
          ],
          [
            -73.93056,
            40.65337
          ],
          [
            -73.93056,
            40.65337
          ],
          [
            -73.93054,
            40.65323
          ],
          [
            -73.93046,
            40.65247
          ],
          [
            -73.93042,
            40.6521
          ],
          [
            -73.9304,
            40.65183
          ],
          [
            -73.93039,
            40.65174
          ],
          [
            -73.93038,
            40.65166
          ],
          [
            -73.93031,
            40.651
          ],
          [
            -73.9303,
            40.65098
          ],
          [
            -73.9303,
            40.65098
          ],
          [
            -73.9303,
            40.65098
          ],
          [
            -73.93026,
            40.65054
          ],
          [
            -73.93024,
            40.65043
          ],
          [
            -73.93022,
            40.6502
          ],
          [
            -73.93021,
            40.65012
          ],
          [
            -73.9302,
            40.65003
          ],
          [
            -73.93018,
            40.64983
          ],
          [
            -73.93018,
            40.64979
          ],
          [
            -73.93018,
            40.64979
          ],
          [
            -73.93018,
            40.64979
          ],
          [
            -73.93016,
            40.64966
          ],
          [
            -73.93003,
            40.64849
          ],
          [
            -73.93003,
            40.64846
          ],
          [
            -73.93002,
            40.64834
          ],
          [
            -73.93001,
            40.64827
          ],
          [
            -73.93,
            40.64819
          ],
          [
            -73.93,
            40.64819
          ],
          [
            -73.93009,
            40.64819
          ],
          [
            -73.93009,
            40.64819
          ],
          [
            -73.93009,
            40.64819
          ],
          [
            -73.93,
            40.64819
          ],
          [
            -73.93,
            40.64819
          ],
          [
            -73.92999,
            40.64811
          ],
          [
            -73.92998,
            40.64804
          ],
          [
            -73.92997,
            40.64789
          ],
          [
            -73.92994,
            40.64765
          ],
          [
            -73.92993,
            40.64753
          ],
          [
            -73.92984,
            40.6467
          ],
          [
            -73.92981,
            40.64641
          ],
          [
            -73.9298,
            40.64632
          ],
          [
            -73.9298,
            40.64624
          ],
          [
            -73.92977,
            40.64605
          ],
          [
            -73.92977,
            40.64603
          ],
          [
            -73.92977,
            40.64603
          ],
          [
            -73.92977,
            40.64603
          ],
          [
            -73.92964,
            40.64483
          ],
          [
            -73.92963,
            40.64477
          ],
          [
            -73.92963,
            40.64474
          ],
          [
            -73.92961,
            40.64455
          ],
          [
            -73.9296,
            40.64443
          ],
          [
            -73.92959,
            40.64433
          ],
          [
            -73.92957,
            40.64411
          ],
          [
            -73.92956,
            40.64403
          ],
          [
            -73.92956,
            40.64403
          ],
          [
            -73.92968,
            40.64402
          ],
          [
            -73.92968,
            40.64402
          ],
          [
            -73.92968,
            40.64402
          ],
          [
            -73.92971,
            40.64402
          ],
          [
            -73.92995,
            40.64401
          ],
          [
            -73.92994,
            40.64389
          ],
          [
            -73.9297,
            40.6439
          ],
          [
            -73.92954,
            40.6439
          ],
          [
            -73.92954,
            40.6439
          ],
          [
            -73.92937,
            40.64223
          ],
          [
            -73.92936,
            40.64214
          ],
          [
            -73.92935,
            40.64206
          ],
          [
            -73.92934,
            40.64194
          ],
          [
            -73.92932,
            40.64175
          ],
          [
            -73.92932,
            40.64173
          ],
          [
            -73.92932,
            40.64173
          ],
          [
            -73.92932,
            40.64173
          ],
          [
            -73.92914,
            40.64013
          ],
          [
            -73.92912,
            40.63993
          ],
          [
            -73.92912,
            40.6399
          ],
          [
            -73.92912,
            40.6399
          ],
          [
            -73.92912,
            40.63989
          ],
          [
            -73.92911,
            40.6398
          ],
          [
            -73.9291,
            40.63972
          ],
          [
            -73.92909,
            40.63966
          ],
          [
            -73.92908,
            40.63955
          ],
          [
            -73.92889,
            40.63779
          ],
          [
            -73.92889,
            40.63778
          ],
          [
            -73.92887,
            40.63755
          ],
          [
            -73.92886,
            40.63746
          ],
          [
            -73.92885,
            40.63738
          ],
          [
            -73.92883,
            40.63722
          ],
          [
            -73.92882,
            40.63711
          ],
          [
            -73.92882,
            40.63711
          ],
          [
            -73.92895,
            40.6371
          ],
          [
            -73.92895,
            40.6371
          ],
          [
            -73.92895,
            40.6371
          ],
          [
            -73.92882,
            40.63711
          ],
          [
            -73.92882,
            40.63711
          ],
          [
            -73.92881,
            40.63699
          ],
          [
            -73.9288,
            40.63692
          ],
          [
            -73.92877,
            40.63664
          ],
          [
            -73.92869,
            40.6359
          ],
          [
            -73.92865,
            40.63554
          ],
          [
            -73.92862,
            40.63528
          ],
          [
            -73.92861,
            40.63519
          ],
          [
            -73.9286,
            40.6351
          ],
          [
            -73.9286,
            40.63503
          ],
          [
            -73.92859,
            40.635
          ],
          [
            -73.92859,
            40.63495
          ],
          [
            -73.92858,
            40.63485
          ],
          [
            -73.92858,
            40.63485
          ],
          [
            -73.92871,
            40.63485
          ],
          [
            -73.92871,
            40.63485
          ],
          [
            -73.92871,
            40.63485
          ],
          [
            -73.92858,
            40.63485
          ],
          [
            -73.92858,
            40.63485
          ],
          [
            -73.92857,
            40.63483
          ],
          [
            -73.92857,
            40.63478
          ],
          [
            -73.92857,
            40.63477
          ],
          [
            -73.92854,
            40.63441
          ],
          [
            -73.92853,
            40.63432
          ],
          [
            -73.9285,
            40.63413
          ],
          [
            -73.92848,
            40.63393
          ],
          [
            -73.92848,
            40.6339
          ],
          [
            -73.92847,
            40.63387
          ],
          [
            -73.92847,
            40.63382
          ],
          [
            -73.92846,
            40.63373
          ],
          [
            -73.92845,
            40.6336
          ],
          [
            -73.92843,
            40.63347
          ],
          [
            -73.92842,
            40.63336
          ],
          [
            -73.92841,
            40.63324
          ],
          [
            -73.92839,
            40.63306
          ],
          [
            -73.92837,
            40.63294
          ],
          [
            -73.92836,
            40.63285
          ],
          [
            -73.92836,
            40.63277
          ],
          [
            -73.92835,
            40.63273
          ],
          [
            -73.92833,
            40.63254
          ],
          [
            -73.92833,
            40.63251
          ],
          [
            -73.92832,
            40.63244
          ],
          [
            -73.92832,
            40.63244
          ],
          [
            -73.92845,
            40.63243
          ],
          [
            -73.92845,
            40.63243
          ]
        ]
      }
    }
  ]
}