"Date","Hour","Route ID","Direction","Stop ID","Stop Sequence","Boardings","Alightings","Trips"
"2024-10-15","2024-10-15 04:00:00 PM","BX19","S","103640","1","5","0","3"
"2024-10-15","2024-10-15 02:00:00 PM","B46","S","307919","1","36","1","3"
"2024-10-15","2024-10-15 11:00:00 AM","B46","S","307919","1","15","0","2"
"2024-10-15","2024-10-15 10:00:00 PM","Q58","W","503501","1","90","1","6"
"2024-10-15","2024-10-15 05:00:00 AM","B35","W","301052","1","3","0","1"
"2024-10-15","2024-10-15 02:00:00 PM","B46","N","307920","1","49","0","4"
"2024-10-15","2024-10-15 02:00:00 PM","B46","N","307775","1","27","8","1"
"2024-10-15","2024-10-15 03:00:00 AM","B35","W","301052","1","1","0","1"
"2024-10-15","2024-10-15 11:00:00 AM","S53","W","905059","1","5","1","1"
"2024-10-15","2024-10-15 01:00:00 PM","Q58","W","503501","1","169","8","7"
"2024-10-15","2024-10-15 11:00:00 AM","S79+","N","805189","1","16","0","5"
"2024-10-15","2024-10-15 01:00:00 PM","Q58","E","308488","1","70","5","7"
"2024-10-15","2024-10-15 02:00:00 AM","B46","S","307919","1","2","0","1"
"2024-10-15","2024-10-15 11:00:00 PM","Q58","E","308488","1","8","0","1"
"2024-10-15","2024-10-15 03:00:00 AM","B35","E","308194","1","0","1","1"
"2024-10-15","2024-10-15 02:00:00 AM","S53","W","905059","1","4","0","1"
"2024-10-15","2024-10-15 09:00:00 PM","S53","E","202740","1","2","0","1"
"2024-10-15","2024-10-15 01:00:00 PM","BX19","S","103640","1","1","0","1"
"2024-10-15","2024-10-15 11:00:00 AM","S79+","S","901226","1","73","2","5"
"2024-10-15","2024-10-15 02:00:00 AM","S53","E","202740","1","2","0","1"
"2024-10-15","2024-10-15 12:00:00 PM","M15","N","803019","1","1","0","1"
"2024-10-15","2024-10-15 12:00:00 PM","Q58","E","308488","1","61","4","6"
"2024-10-15","2024-10-15 12:00:00 AM","B46","S","307919","1","7","2","3"
"2024-10-15","2024-10-15 01:00:00 PM","B35","W","301052","1","23","0","3"
"2024-10-15","2024-10-15 02:00:00 AM","Q58","W","503501","1","7","0","1"
"2024-10-15","2024-10-15 12:00:00 PM","Q58","W","503501","1","111","1","4"
"2024-10-15","2024-10-15 01:00:00 PM","B35","E","302692","1","29","0","3"
"2024-10-15","2024-10-15 01:00:00 PM","B35","E","308194","1","1","0","1"
"2024-10-15","2024-10-15 02:00:00 AM","Q58","E","308488","1","4","0","1"
"2024-10-15","2024-10-15 06:00:00 AM","B46","S","307919","1","3","0","3"
"2024-10-15","2024-10-15 06:00:00 AM","BX19","N","403681","1","0","3","1"
"2024-10-15","2024-10-15 06:00:00 AM","BX19","N","103748","1","3","0","1"
"2024-10-15","2024-10-15 06:00:00 AM","BX19","N","101335","1","2","0","1"
"2024-10-15","2024-10-15 09:00:00 PM","B46","S","307026","1","5","0","1"
"2024-10-15","2024-10-15 09:00:00 PM","B46","S","307919","1","23","0","4"
"2024-10-15","2024-10-15 09:00:00 PM","B46","N","307920","1","34","0","4"
"2024-10-15","2024-10-15 06:00:00 AM","BX19","S","104233","1","8","0","2"
"2024-10-15","2024-10-15 05:00:00 AM","Q58","W","503501","1","51","1","6"
"2024-10-15","2024-10-15 09:00:00 PM","B35","W","301052","1","10","5","3"
"2024-10-15","2024-10-15 04:00:00 AM","S79+","N","805189","1","3","1","2"
"2024-10-15","2024-10-15 06:00:00 AM","M101","S","903341","1","1","0","1"
"2024-10-15","2024-10-15 04:00:00 AM","S53","W","905059","1","15","0","2"
"2024-10-15","2024-10-15 05:00:00 AM","Q58","E","503456","1","7","3","3"
"2024-10-15","2024-10-15 06:00:00 AM","Q58","E","503456","1","9","2","1"
"2024-10-15","2024-10-15 06:00:00 AM","Q58","E","308488","1","109","10","15"
"2024-10-15","2024-10-15 08:00:00 PM","Q58","W","503501","1","127","11","13"
"2024-10-15","2024-10-15 06:00:00 AM","Q58","W","503501","1","105","3","14"
"2024-10-15","2024-10-15 06:00:00 AM","S53","E","202740","1","3","0","2"
"2024-10-15","2024-10-15 05:00:00 AM","S53","E","202740","1","17","0","2"
"2024-10-15","2024-10-15 12:00:00 AM","BX12","W","802025","1","1","0","1"
"2024-10-15","2024-10-15 08:00:00 PM","Q58","E","308488","1","45","1","5"
"2024-10-15","2024-10-15 06:00:00 AM","S79+","N","805189","1","44","7","9"
"2024-10-15","2024-10-15 06:00:00 AM","S79+","S","901226","1","224","1","8"
"2024-10-15","2024-10-15 05:00:00 AM","M101","S","903341","1","1","1","1"
"2024-10-15","2024-10-15 07:00:00 PM","S79+","S","901226","1","89","0","2"
"2024-10-15","2024-10-15 04:00:00 AM","Q58","W","503501","1","13","0","2"
"2024-10-15","2024-10-15 12:00:00 AM","M101","S","903341","1","0","2","1"
"2024-10-15","2024-10-15 07:00:00 AM","B35","E","308194","1","3","8","3"
"2024-10-15","2024-10-15 07:00:00 PM","S79+","N","805189","1","12","2","3"
"2024-10-15","2024-10-15 07:00:00 AM","B35","E","302692","1","12","1","1"
"2024-10-15","2024-10-15 07:00:00 AM","B35","W","301052","1","78","0","6"
"2024-10-15","2024-10-15 12:00:00 AM","Q58","E","308488","1","7","1","1"
"2024-10-15","2024-10-15 12:00:00 AM","Q58","W","503501","1","30","15","3"
"2024-10-15","2024-10-15 07:00:00 PM","M15","S","401732","1","24","3","1"
"2024-10-15","2024-10-15 04:00:00 AM","Q58","E","308488","1","21","4","5"
"2024-10-15","2024-10-15 07:00:00 PM","M101","N","405154","1","4","2","2"
"2024-10-15","2024-10-15 07:00:00 AM","B46","N","303592","1","3","3","1"
"2024-10-15","2024-10-15 07:00:00 AM","B46","N","307920","1","11","0","3"
"2024-10-15","2024-10-15 05:00:00 AM","S53","W","905059","1","13","0","1"
"2024-10-15","2024-10-15 06:00:00 PM","Q58","W","503501","1","124","0","6"
"2024-10-15","2024-10-15 07:00:00 AM","B46","S","307026","1","3","0","1"
"2024-10-15","2024-10-15 07:00:00 AM","B46","S","307919","1","22","0","4"
"2024-10-15","2024-10-15 12:00:00 AM","S53","W","905059","1","5","0","1"
"2024-10-15","2024-10-15 12:00:00 AM","B35","W","301052","1","1","2","1"
"2024-10-15","2024-10-15 12:00:00 AM","S79+","S","901226","1","9","1","1"
"2024-10-15","2024-10-15 05:00:00 AM","S79+","N","805189","1","11","3","5"
"2024-10-15","2024-10-15 04:00:00 AM","M15","S","401732","1","2","1","1"
"2024-10-15","2024-10-15 06:00:00 PM","Q58","E","308488","1","134","1","11"
"2024-10-15","2024-10-15 07:00:00 AM","BX19","N","803195","1","1","0","1"
"2024-10-15","2024-10-15 06:00:00 PM","BX19","S","103640","1","2","0","1"
"2024-10-15","2024-10-15 10:00:00 PM","Q58","E","308488","1","34","0","4"
"2024-10-15","2024-10-15 06:00:00 PM","BX19","N","803195","1","57","0","4"
"2024-10-15","2024-10-15 07:00:00 AM","M101","N","405154","1","2","1","2"
"2024-10-15","2024-10-15 01:00:00 AM","B35","W","301052","1","1","0","1"
"2024-10-15","2024-10-15 11:00:00 PM","Q58","W","503501","1","38","0","4"
"2024-10-15","2024-10-15 07:00:00 AM","Q58","E","308488","1","83","12","15"
"2024-10-15","2024-10-15 05:00:00 AM","S79+","S","901226","1","39","2","4"
"2024-10-15","2024-10-15 06:00:00 PM","B35","W","301052","1","12","0","5"
"2024-10-15","2024-10-15 07:00:00 AM","Q58","W","503501","1","120","21","17"
"2024-10-15","2024-10-15 06:00:00 PM","B35","E","302692","1","14","0","2"
"2024-10-15","2024-10-15 06:00:00 PM","B35","E","308194","1","33","0","3"
"2024-10-15","2024-10-15 04:00:00 AM","B46","S","307919","1","2","0","1"
"2024-10-15","2024-10-15 05:00:00 PM","S53","W","905059","1","51","22","2"
"2024-10-15","2024-10-15 07:00:00 AM","S79+","N","805189","1","47","0","7"
"2024-10-15","2024-10-15 05:00:00 PM","S53","E","202740","1","1","0","1"
"2024-10-15","2024-10-15 07:00:00 AM","S79+","S","901226","1","191","7","5"
"2024-10-15","2024-10-15 08:00:00 AM","B46","N","307920","1","10","2","2"
"2024-10-15","2024-10-15 12:00:00 AM","B46","N","307920","1","9","1","2"
"2024-10-15","2024-10-15 01:00:00 AM","B46","S","307919","1","1","0","1"
"2024-10-15","2024-10-15 05:00:00 PM","B46","S","307919","1","27","0","3"
"2024-10-15","2024-10-15 05:00:00 PM","B46","S","307026","1","44","0","1"
"2024-10-15","2024-10-15 05:00:00 AM","B46","N","307920","1","10","2","4"
"2024-10-15","2024-10-15 05:00:00 PM","B46","N","307920","1","30","3","2"
"2024-10-15","2024-10-15 08:00:00 AM","B46","S","307919","1","18","0","4"
"2024-10-15","2024-10-15 04:00:00 AM","B46","N","307920","1","4","0","2"
"2024-10-15","2024-10-15 06:00:00 AM","B35","E","308194","1","3","2","3"
"2024-10-15","2024-10-15 04:00:00 PM","S79+","S","901226","1","380","1","7"
"2024-10-15","2024-10-15 08:00:00 AM","B46","S","307026","1","47","0","4"
"2024-10-15","2024-10-15 04:00:00 PM","S79+","N","805189","1","12","4","4"
"2024-10-15","2024-10-15 08:00:00 AM","Q58","E","308488","1","32","0","7"
"2024-10-15","2024-10-15 06:00:00 AM","B35","W","301052","1","31","0","3"
"2024-10-15","2024-10-15 01:00:00 AM","BX12","E","402611","1","7","0","1"
"2024-10-15","2024-10-15 08:00:00 AM","Q58","W","503501","1","72","1","7"
"2024-10-15","2024-10-15 04:00:00 PM","BX19","N","803195","1","5","0","1"
"2024-10-15","2024-10-15 11:00:00 PM","BX19","N","403681","1","10","0","1"
"2024-10-15","2024-10-15 09:00:00 AM","M101","S","903341","1","5","0","3"
"2024-10-15","2024-10-15 09:00:00 AM","S53","E","202740","1","3","0","1"
"2024-10-15","2024-10-15 09:00:00 PM","S79+","S","901226","1","76","2","2"
"2024-10-15","2024-10-15 04:00:00 PM","B35","W","301052","1","36","0","4"
"2024-10-15","2024-10-15 09:00:00 AM","S53","W","905059","1","17","3","3"
"2024-10-15","2024-10-15 03:00:00 AM","S53","E","202740","1","5","1","2"
"2024-10-15","2024-10-15 01:00:00 AM","Q58","E","308488","1","4","0","1"
"2024-10-15","2024-10-15 04:00:00 PM","B35","E","308194","1","8","3","3"
"2024-10-15","2024-10-15 04:00:00 PM","B35","E","302692","1","33","0","3"
"2024-10-15","2024-10-15 09:00:00 AM","S79+","N","805189","1","18","1","3"
"2024-10-15","2024-10-15 03:00:00 PM","S53","W","905059","1","35","1","1"
"2024-10-15","2024-10-15 09:00:00 AM","S79+","S","901226","1","82","0","7"
"2024-10-15","2024-10-15 05:00:00 AM","Q58","E","308488","1","40","4","9"
"2024-10-15","2024-10-15 03:00:00 PM","S53","E","202740","1","4","0","3"
"2024-10-15","2024-10-15 10:00:00 AM","BX19","N","803195","1","5","2","1"
"2024-10-15","2024-10-15 10:00:00 AM","BX19","S","103640","1","0","2","1"
"2024-10-15","2024-10-15 10:00:00 AM","Q58","E","308488","1","29","2","7"
"2024-10-15","2024-10-15 09:00:00 PM","S79+","N","805189","1","4","1","2"
"2024-10-15","2024-10-15 03:00:00 PM","B35","W","301052","1","39","0","5"
"2024-10-15","2024-10-15 03:00:00 AM","Q58","E","308488","1","1","0","1"
"2024-10-15","2024-10-15 10:00:00 AM","Q58","W","503501","1","88","2","7"
"2024-10-15","2024-10-15 06:00:00 AM","B46","N","303592","1","1","0","1"
"2024-10-15","2024-10-15 06:00:00 AM","B46","N","307920","1","4","3","3"
"2024-10-15","2024-10-15 03:00:00 PM","B35","E","308194","1","6","7","3"
"2024-10-15","2024-10-15 03:00:00 PM","B35","E","302692","1","29","2","3"
"2024-10-15","2024-10-15 11:00:00 AM","B35","E","308194","1","10","0","1"
"2024-10-15","2024-10-15 11:00:00 AM","B35","E","302692","1","13","0","2"
"2024-10-15","2024-10-15 01:00:00 AM","S53","W","905059","1","6","1","1"
"2024-10-15","2024-10-15 11:00:00 AM","B35","W","301052","1","17","0","2"
"2024-10-15","2024-10-15 02:00:00 PM","M101","S","903341","1","1","0","1"
"2024-10-15","2024-10-15 05:00:00 AM","B46","S","307919","1","2","0","1"
"2024-10-15","2024-10-15 11:00:00 AM","B46","N","307920","1","24","3","5"
"2024-10-15","2024-10-15 02:00:00 AM","B35","W","301052","1","1","0","1"
"2024-10-15","2024-10-15 09:00:00 PM","S53","W","905059","1","50","0","3"
"2024-10-15","2024-10-15 12:00:00 PM","BX19","N","803195","1","10","0","4"
"2024-10-15","2024-10-15 02:00:00 PM","Q58","W","503501","1","145","12","5"
"2024-10-15","2024-10-15 02:00:00 PM","Q58","E","503471","1","16","0","1"
"2024-10-15","2024-10-15 02:00:00 PM","B35","E","302692","1","69","1","6"
"2024-10-15","2024-10-15 04:00:00 PM","M15","S","401732","1","1","0","1"
"2024-10-15","2024-10-15 02:00:00 PM","Q58","W","503528","1","45","0","1"
"2024-10-15","2024-10-15 08:00:00 PM","S53","E","202740","1","11","0","1"
"2024-10-15","2024-10-15 03:00:00 PM","M101","S","903341","1","2","0","1"
"2024-10-15","2024-10-15 07:00:00 PM","BX19","N","803195","1","3","0","1"
"2024-10-15","2024-10-15 07:00:00 AM","M15","N","405359","1","2","0","1"
"2024-10-15","2024-10-15 10:00:00 AM","S53","E","202740","1","1","0","1"
"2024-10-15","2024-10-15 02:00:00 PM","S79+","N","805189","1","79","3","3"
"2024-10-15","2024-10-15 07:00:00 PM","B35","E","302692","1","35","0","4"
"2024-10-15","2024-10-15 12:00:00 PM","B35","E","308194","1","1","1","1"
"2024-10-15","2024-10-15 11:00:00 PM","B35","W","301052","1","5","0","2"
"2024-10-15","2024-10-15 10:00:00 AM","S79+","N","805189","1","5","1","3"
"2024-10-15","2024-10-15 08:00:00 AM","S79+","N","805189","1","25","7","7"
"2024-10-15","2024-10-15 08:00:00 PM","S79+","S","901226","1","103","0","3"
"2024-10-15","2024-10-15 10:00:00 AM","B35","W","301052","1","24","2","6"
"2024-10-15","2024-10-15 01:00:00 PM","S53","W","203043","1","35","1","1"
"2024-10-15","2024-10-15 01:00:00 PM","S53","W","905059","1","16","1","1"
"2024-10-15","2024-10-15 04:00:00 PM","S53","E","202740","1","2","0","1"
"2024-10-15","2024-10-15 01:00:00 PM","B46","S","307919","1","10","0","2"
"2024-10-15","2024-10-15 01:00:00 PM","B46","N","307920","1","30","0","3"
"2024-10-15","2024-10-15 11:00:00 AM","M101","N","405154","1","4","0","1"
"2024-10-15","2024-10-15 11:00:00 AM","M101","S","402816","1","1","2","1"
"2024-10-15","2024-10-15 11:00:00 PM","B35","E","308194","1","1","0","1"
"2024-10-15","2024-10-15 07:00:00 AM","S53","W","905059","1","63","4","4"
"2024-10-15","2024-10-15 08:00:00 PM","S53","W","905059","1","37","1","2"
"2024-10-15","2024-10-15 02:00:00 PM","Q58","E","504503","1","114","14","4"
"2024-10-15","2024-10-15 09:00:00 AM","B46","S","307919","1","24","1","3"
"2024-10-15","2024-10-15 08:00:00 PM","BX19","N","803195","1","8","0","2"
"2024-10-15","2024-10-15 11:00:00 PM","B46","N","307920","1","18","2","4"
"2024-10-15","2024-10-15 04:00:00 PM","S53","W","905059","1","167","7","4"
"2024-10-15","2024-10-15 11:00:00 PM","B46","S","307919","1","7","0","2"
"2024-10-15","2024-10-15 08:00:00 PM","BX12","E","402611","1","1","0","0"
"2024-10-15","2024-10-15 08:00:00 AM","BX19","N","803195","1","8","0","2"
"2024-10-15","2024-10-15 05:00:00 PM","BX19","N","803195","1","4","0","2"
"2024-10-15","2024-10-15 10:00:00 AM","B35","E","302692","1","3","0","1"
"2024-10-15","2024-10-15 01:00:00 PM","S53","E","202740","1","3","0","1"
"2024-10-15","2024-10-15 07:00:00 PM","B35","E","308194","1","9","0","1"
"2024-10-15","2024-10-15 09:00:00 PM","Q58","W","503501","1","100","5","5"
"2024-10-15","2024-10-15 06:00:00 PM","B46","S","307026","1","45","0","2"
"2024-10-15","2024-10-15 12:00:00 PM","B35","W","301052","1","24","1","5"
"2024-10-15","2024-10-15 08:00:00 AM","S53","E","202740","1","4","0","2"
"2024-10-15","2024-10-15 07:00:00 AM","M15","N","803019","1","2","0","1"
"2024-10-15","2024-10-15 01:00:00 PM","M101","S","903341","1","2","0","1"
"2024-10-15","2024-10-15 01:00:00 PM","M101","S","402816","1","2","2","1"
"2024-10-15","2024-10-15 06:00:00 PM","B46","S","307919","1","20","8","3"
"2024-10-15","2024-10-15 09:00:00 PM","M15","N","803019","1","4","0","2"
"2024-10-15","2024-10-15 05:00:00 PM","B35","E","308194","1","27","0","3"
"2024-10-15","2024-10-15 05:00:00 PM","B35","E","302692","1","42","0","3"
"2024-10-15","2024-10-15 09:00:00 AM","B46","N","307920","1","5","0","2"
"2024-10-15","2024-10-15 08:00:00 PM","S79+","N","805189","1","11","3","3"
"2024-10-15","2024-10-15 07:00:00 PM","Q58","E","308488","1","90","6","9"
"2024-10-15","2024-10-15 10:00:00 AM","B46","N","307920","1","11","0","2"
"2024-10-15","2024-10-15 09:00:00 PM","Q58","E","308488","1","43","1","5"
"2024-10-15","2024-10-15 08:00:00 AM","S79+","S","901226","1","79","2","6"
"2024-10-15","2024-10-15 08:00:00 AM","B35","E","302692","1","38","4","3"
"2024-10-15","2024-10-15 08:00:00 AM","B35","E","308194","1","5","0","2"
"2024-10-15","2024-10-15 08:00:00 AM","B35","W","301052","1","45","0","5"
"2024-10-15","2024-10-15 02:00:00 PM","Q58","E","503472","1","66","0","3"
"2024-10-15","2024-10-15 06:00:00 PM","B46","N","307920","1","13","0","2"
"2024-10-15","2024-10-15 02:00:00 PM","B35","W","301052","1","27","1","5"
"2024-10-15","2024-10-15 05:00:00 PM","S79+","S","901226","1","287","2","5"
"2024-10-15","2024-10-15 02:00:00 PM","S79+","S","901226","1","138","0","3"
"2024-10-15","2024-10-15 11:00:00 AM","Q58","E","308488","1","20","0","3"
"2024-10-15","2024-10-15 04:00:00 PM","M15","N","803019","1","12","0","1"
"2024-10-15","2024-10-15 05:00:00 PM","B35","W","301052","1","27","6","6"
"2024-10-15","2024-10-15 08:00:00 AM","B35","W","302742","1","4","0","1"
"2024-10-15","2024-10-15 08:00:00 AM","S53","W","905059","1","48","27","2"
"2024-10-15","2024-10-15 09:00:00 PM","M101","N","405154","1","1","1","1"
"2024-10-15","2024-10-15 12:00:00 PM","BX19","S","103640","1","1","0","1"
"2024-10-15","2024-10-15 12:00:00 PM","B35","E","302692","1","6","1","1"
"2024-10-15","2024-10-15 02:00:00 PM","BX19","N","803195","1","31","2","3"
"2024-10-15","2024-10-15 07:00:00 PM","Q58","W","503501","1","165","1","8"
"2024-10-15","2024-10-15 07:00:00 PM","BX19","S","103640","1","4","1","1"
"2024-10-15","2024-10-15 10:00:00 AM","B46","S","307919","1","36","0","6"
"2024-10-15","2024-10-15 05:00:00 PM","Q58","E","308488","1","86","7","9"
"2024-10-15","2024-10-15 02:00:00 PM","Q58","E","308488","1","67","2","5"
"2024-10-15","2024-10-15 02:00:00 PM","S79+","N","905065","1","98","3","2"
"2024-10-15","2024-10-15 05:00:00 PM","S79+","N","805189","1","27","1","6"
"2024-10-15","2024-10-15 02:00:00 PM","S53","W","905016","1","66","7","3"
"2024-10-15","2024-10-15 10:00:00 AM","S79+","S","901226","1","80","0","6"
"2024-10-15","2024-10-15 03:00:00 PM","B46","N","307920","1","17","0","1"
"2024-10-15","2024-10-15 09:00:00 AM","B35","E","308194","1","3","2","1"
"2024-10-15","2024-10-15 10:00:00 PM","S53","E","202740","1","3","0","1"
"2024-10-15","2024-10-15 12:00:00 PM","S53","W","905059","1","28","0","1"
"2024-10-15","2024-10-15 03:00:00 PM","B46","S","307919","1","50","7","7"
"2024-10-15","2024-10-15 02:00:00 PM","M15","N","803019","1","14","4","2"
"2024-10-15","2024-10-15 11:00:00 PM","S79+","S","901226","1","20","0","1"
"2024-10-15","2024-10-15 08:00:00 PM","B46","S","307919","1","13","3","3"
"2024-10-15","2024-10-15 10:00:00 PM","B46","S","307919","1","11","1","4"
"2024-10-15","2024-10-15 02:00:00 PM","S53","W","905059","1","59","1","3"
"2024-10-15","2024-10-15 07:00:00 PM","B46","S","307026","1","34","0","2"
"2024-10-15","2024-10-15 11:00:00 AM","Q58","W","503501","1","84","15","8"
"2024-10-15","2024-10-15 07:00:00 PM","B46","S","307919","1","10","0","3"
"2024-10-15","2024-10-15 04:00:00 PM","Q58","W","503501","1","234","6","8"
"2024-10-15","2024-10-15 10:00:00 PM","M15","S","401732","1","0","1","1"
"2024-10-15","2024-10-15 03:00:00 PM","S79+","S","901226","1","181","27","3"
"2024-10-15","2024-10-15 04:00:00 PM","B46","N","307920","1","38","2","2"
"2024-10-15","2024-10-15 12:00:00 PM","S79+","S","901226","1","105","1","5"
"2024-10-15","2024-10-15 09:00:00 AM","Q58","W","503501","1","67","1","8"
"2024-10-15","2024-10-15 08:00:00 PM","B35","W","301052","1","6","0","3"
"2024-10-15","2024-10-15 04:00:00 PM","B46","S","307919","1","24","4","3"
"2024-10-15","2024-10-15 06:00:00 PM","S79+","N","805189","1","20","5","3"
"2024-10-15","2024-10-15 03:00:00 PM","BX19","N","803195","1","9","0","3"
"2024-10-15","2024-10-15 05:00:00 PM","Q58","W","503501","1","336","11","12"
"2024-10-15","2024-10-15 12:00:00 PM","S79+","N","805189","1","14","5","4"
"2024-10-15","2024-10-15 09:00:00 AM","BX19","N","803195","1","7","0","3"
"2024-10-15","2024-10-15 11:00:00 PM","S53","E","202740","1","1","1","1"
"2024-10-15","2024-10-15 08:00:00 PM","B46","N","307920","1","12","0","1"
"2024-10-15","2024-10-15 10:00:00 PM","B35","E","302692","1","10","3","2"
"2024-10-15","2024-10-15 10:00:00 PM","B35","E","308194","1","5","3","1"
"2024-10-15","2024-10-15 06:00:00 PM","S53","E","202740","1","9","2","2"
"2024-10-15","2024-10-15 11:00:00 AM","BX19","S","103640","1","4","0","2"
"2024-10-15","2024-10-15 11:00:00 PM","M101","N","405154","1","1","0","1"
"2024-10-15","2024-10-15 08:00:00 PM","B35","E","302692","1","16","1","2"
"2024-10-15","2024-10-15 06:00:00 PM","S79+","S","901226","1","151","0","3"
"2024-10-15","2024-10-15 03:00:00 PM","BX19","S","103640","1","2","0","1"
"2024-10-15","2024-10-15 06:00:00 PM","S53","W","905059","1","101","0","2"
"2024-10-15","2024-10-15 10:00:00 AM","M101","S","903341","1","2","0","1"
"2024-10-15","2024-10-15 08:00:00 AM","M101","N","405154","1","1","0","1"
"2024-10-15","2024-10-15 12:00:00 PM","B46","N","307920","1","29","0","4"
"2024-10-15","2024-10-15 03:00:00 PM","S79+","N","805189","1","98","14","5"
"2024-10-15","2024-10-15 05:00:00 PM","M101","N","405154","1","2","0","1"
"2024-10-15","2024-10-15 07:00:00 PM","B46","N","307920","1","37","2","4"
"2024-10-15","2024-10-15 07:00:00 PM","S53","W","905059","1","132","0","4"
"2024-10-15","2024-10-15 04:00:00 PM","Q58","E","308488","1","132","5","12"
"2024-10-15","2024-10-15 12:00:00 PM","B46","S","307919","1","20","0","5"
"2024-10-15","2024-10-15 09:00:00 AM","B35","W","301052","1","24","0","4"
"2024-10-15","2024-10-15 09:00:00 AM","Q58","E","308488","1","56","3","8"
"2024-10-15","2024-10-15 10:00:00 PM","S79+","S","901226","1","11","0","1"
"2024-10-15","2024-10-15 02:00:00 PM","M15","S","401732","1","1","1","1"
"2024-10-15","2024-10-15 03:00:00 PM","Q58","W","503501","1","146","3","5"
"2024-10-15","2024-10-15 01:00:00 PM","S79+","N","805189","1","57","4","5"
"2024-10-15","2024-10-15 10:00:00 AM","M15","N","803019","1","15","5","2"
"2024-10-15","2024-10-15 01:00:00 PM","S79+","S","901226","1","142","1","4"
"2024-10-15","2024-10-15 05:00:00 PM","M15","N","803019","1","0","4","1"
"2024-10-15","2024-10-15 10:00:00 PM","S79+","N","805189","1","1","1","1"
"2024-10-15","2024-10-15 09:00:00 AM","BX19","S","103640","1","12","0","1"
"2024-10-15","2024-10-15 10:00:00 PM","B46","N","307920","1","15","0","2"
"2024-10-15","2024-10-15 12:00:00 PM","M101","N","405154","1","6","0","2"
"2024-10-15","2024-10-15 09:00:00 PM","BX19","N","803195","1","4","2","1"
"2024-10-15","2024-10-15 10:00:00 PM","S53","W","905059","1","41","0","2"
"2024-10-15","2024-10-15 03:00:00 PM","Q58","E","308488","1","151","9","10"
"2024-10-15","2024-10-15 09:00:00 AM","B35","E","302692","1","29","0","3"
"2024-10-15","2024-10-15 10:00:00 PM","B35","E","302693","2","2","0","1"
"2024-10-15","2024-10-15 10:00:00 PM","S79+","S","306959","2","5","1","2"
"2024-10-15","2024-10-15 10:00:00 AM","M15","S","401738","2","1","0","1"
"2024-10-15","2024-10-15 02:00:00 PM","M15","S","401738","2","6","0","1"
"2024-10-15","2024-10-15 09:00:00 AM","B35","E","302693","2","3","0","1"
"2024-10-15","2024-10-15 09:00:00 AM","Q58","E","504475","2","20","0","4"
"2024-10-15","2024-10-15 06:00:00 PM","S79+","S","306959","2","66","34","1"
"2024-10-15","2024-10-15 08:00:00 PM","B46","N","300163","2","1","0","1"
"2024-10-15","2024-10-15 01:00:00 PM","S79+","S","306959","2","45","0","4"
"2024-10-15","2024-10-15 10:00:00 PM","B46","N","300163","2","1","0","1"
"2024-10-15","2024-10-15 12:00:00 PM","S79+","N","200454","2","3","2","4"
"2024-10-15","2024-10-15 03:00:00 PM","BX19","S","100640","2","44","1","3"
"2024-10-15","2024-10-15 03:00:00 PM","Q58","E","504475","2","12","0","3"
"2024-10-15","2024-10-15 03:00:00 PM","Q58","E","504155","2","1","0","1"
"2024-10-15","2024-10-15 04:00:00 PM","B46","S","302293","2","11","0","2"
"2024-10-15","2024-10-15 11:00:00 PM","S79+","S","306959","2","6","0","1"
"2024-10-15","2024-10-15 03:00:00 PM","S79+","S","306959","2","21","4","2"
"2024-10-15","2024-10-15 11:00:00 AM","Q58","W","503502","2","3","2","5"
"2024-10-15","2024-10-15 04:00:00 PM","B46","N","300163","2","1","1","2"
"2024-10-15","2024-10-15 11:00:00 AM","BX19","N","404022","2","2","0","2"
"2024-10-15","2024-10-15 02:00:00 PM","M15","N","903296","2","1","0","1"
"2024-10-15","2024-10-15 08:00:00 AM","M101","N","405155","2","7","0","2"
"2024-10-15","2024-10-15 04:00:00 PM","B46","N","303593","2","1","0","1"
"2024-10-15","2024-10-15 08:00:00 AM","M15","S","401738","2","18","0","1"
"2024-10-15","2024-10-15 08:00:00 PM","B46","S","302293","2","2","0","1"
"2024-10-15","2024-10-15 10:00:00 AM","M101","S","404008","2","1","0","1"
"2024-10-15","2024-10-15 10:00:00 PM","B46","S","302293","2","2","0","1"
"2024-10-15","2024-10-15 03:00:00 PM","S79+","N","200454","2","26","5","6"
"2024-10-15","2024-10-15 07:00:00 PM","B46","S","302293","2","13","0","4"
"2024-10-15","2024-10-15 07:00:00 PM","B46","S","307027","2","3","0","1"
"2024-10-15","2024-10-15 03:00:00 PM","B46","N","300163","2","3","0","2"
"2024-10-15","2024-10-15 03:00:00 PM","B46","S","302293","2","18","0","6"
"2024-10-15","2024-10-15 01:00:00 PM","S79+","N","200454","2","17","1","5"
"2024-10-15","2024-10-15 12:00:00 PM","M101","N","405155","2","4","0","1"
"2024-10-15","2024-10-15 09:00:00 AM","Q58","W","503502","2","16","31","7"
"2024-10-15","2024-10-15 05:00:00 PM","M101","N","405155","2","1","0","1"
"2024-10-15","2024-10-15 04:00:00 PM","Q58","W","503502","2","21","3","7"
"2024-10-15","2024-10-15 10:00:00 AM","S79+","S","306959","2","46","1","4"
"2024-10-15","2024-10-15 09:00:00 PM","BX19","S","100640","2","9","0","1"
"2024-10-15","2024-10-15 10:00:00 PM","M15","S","401738","2","14","0","1"
"2024-10-15","2024-10-15 12:00:00 PM","B46","S","302293","2","7","0","3"
"2024-10-15","2024-10-15 12:00:00 PM","B46","N","300163","2","2","1","1"
"2024-10-15","2024-10-15 06:00:00 PM","M15","N","404843","2","5","0","1"
"2024-10-15","2024-10-15 07:00:00 PM","S53","W","308032","2","13","0","1"
"2024-10-15","2024-10-15 08:00:00 PM","B35","W","301053","2","1","0","1"
"2024-10-15","2024-10-15 10:00:00 AM","M15","N","903296","2","8","0","2"
"2024-10-15","2024-10-15 12:00:00 PM","S79+","S","306959","2","32","0","3"
"2024-10-15","2024-10-15 07:00:00 PM","B46","N","300163","2","3","0","2"
"2024-10-15","2024-10-15 09:00:00 AM","BX19","S","100640","2","9","0","2"
"2024-10-15","2024-10-15 10:00:00 AM","M15","N","404843","2","9","1","2"
"2024-10-15","2024-10-15 06:00:00 PM","S53","E","200426","2","1","0","1"
"2024-10-15","2024-10-15 08:00:00 AM","M15","N","404843","2","2","0","1"
"2024-10-15","2024-10-15 04:00:00 PM","Q58","E","504475","2","8","0","3"
"2024-10-15","2024-10-15 06:00:00 PM","S79+","N","200454","2","8","0","3"
"2024-10-15","2024-10-15 09:00:00 AM","B35","W","301053","2","2","0","1"
"2024-10-15","2024-10-15 04:00:00 PM","M101","N","405155","2","5","3","1"
"2024-10-15","2024-10-15 09:00:00 PM","BX19","N","404022","2","3","0","1"
"2024-10-15","2024-10-15 09:00:00 AM","BX19","N","404022","2","20","1","3"
"2024-10-15","2024-10-15 03:00:00 PM","BX19","N","404022","2","13","1","5"
"2024-10-15","2024-10-15 09:00:00 AM","B35","W","301054","2","20","1","3"
"2024-10-15","2024-10-15 10:00:00 PM","S79+","N","200454","2","3","0","2"
"2024-10-15","2024-10-15 11:00:00 PM","S53","E","200426","2","2","0","1"
"2024-10-15","2024-10-15 04:00:00 PM","Q58","E","504155","2","0","2","1"
"2024-10-15","2024-10-15 05:00:00 PM","Q58","W","503502","2","28","1","8"
"2024-10-15","2024-10-15 08:00:00 PM","B35","E","302693","2","4","0","1"
"2024-10-15","2024-10-15 07:00:00 PM","S53","E","200426","2","1","0","1"
"2024-10-15","2024-10-15 08:00:00 PM","B35","E","302678","2","1","1","1"
"2024-10-15","2024-10-15 03:00:00 PM","Q58","W","503502","2","17","2","5"
"2024-10-15","2024-10-15 11:00:00 AM","BX19","S","100640","2","15","0","2"
"2024-10-15","2024-10-15 07:00:00 AM","BX19","S","100640","2","38","0","3"
"2024-10-15","2024-10-15 03:00:00 PM","S53","W","308032","2","1","0","1"
"2024-10-15","2024-10-15 02:00:00 AM","B46","S","302293","2","1","0","1"
"2024-10-15","2024-10-15 10:00:00 AM","Q58","W","503502","2","7","2","3"
"2024-10-15","2024-10-15 03:00:00 PM","M15","S","401738","2","4","0","1"
"2024-10-15","2024-10-15 10:00:00 PM","BX19","S","100640","2","13","0","2"
"2024-10-15","2024-10-15 06:00:00 PM","B35","W","301054","2","2","0","1"
"2024-10-15","2024-10-15 04:00:00 AM","B35","W","301053","2","2","0","1"
"2024-10-15","2024-10-15 07:00:00 AM","Q58","E","504475","2","32","0","6"
"2024-10-15","2024-10-15 04:00:00 PM","B35","W","301054","2","9","0","2"
"2024-10-15","2024-10-15 01:00:00 PM","BX19","S","100640","2","68","1","4"
"2024-10-15","2024-10-15 05:00:00 PM","B46","N","303599","2","2","0","1"
"2024-10-15","2024-10-15 05:00:00 PM","B46","N","300163","2","5","0","2"
"2024-10-15","2024-10-15 11:00:00 AM","S79+","S","306959","2","47","0","4"
"2024-10-15","2024-10-15 06:00:00 AM","B35","W","301054","2","9","0","1"
"2024-10-15","2024-10-15 12:00:00 AM","S79+","S","306959","2","2","0","1"
"2024-10-15","2024-10-15 05:00:00 AM","S79+","S","306959","2","11","0","3"
"2024-10-15","2024-10-15 01:00:00 PM","BX19","N","404022","2","11","0","2"
"2024-10-15","2024-10-15 11:00:00 PM","BX19","N","403682","2","7","0","1"
"2024-10-15","2024-10-15 05:00:00 AM","Q58","E","503457","2","1","0","1"
"2024-10-15","2024-10-15 12:00:00 PM","M15","S","401738","2","9","0","1"
"2024-10-15","2024-10-15 06:00:00 PM","B35","E","302693","2","2","0","1"
"2024-10-15","2024-10-15 12:00:00 AM","Q58","W","503502","2","1","0","1"
"2024-10-15","2024-10-15 09:00:00 AM","S79+","S","306959","2","52","2","8"
"2024-10-15","2024-10-15 10:00:00 AM","BX19","S","100640","2","51","1","5"
"2024-10-15","2024-10-15 12:00:00 AM","B46","S","302293","2","3","0","1"
"2024-10-15","2024-10-15 07:00:00 AM","B46","N","300163","2","3","0","3"
"2024-10-15","2024-10-15 07:00:00 AM","Q58","W","503502","2","12","10","12"
"2024-10-15","2024-10-15 01:00:00 PM","B35","W","301054","2","16","0","3"
"2024-10-15","2024-10-15 04:00:00 PM","B35","E","302693","2","2","0","2"
"2024-10-15","2024-10-15 11:00:00 PM","Q58","W","503502","2","4","0","2"
"2024-10-15","2024-10-15 04:00:00 PM","S79+","S","306959","2","28","2","4"
"2024-10-15","2024-10-15 12:00:00 PM","Q58","W","503502","2","12","0","3"
"2024-10-15","2024-10-15 07:00:00 AM","B46","N","303593","2","5","0","1"
"2024-10-15","2024-10-15 07:00:00 AM","B35","W","301054","2","35","1","4"
"2024-10-15","2024-10-15 11:00:00 AM","B35","E","302693","2","5","0","2"
"2024-10-15","2024-10-15 06:00:00 PM","Q58","E","504475","2","15","3","4"
"2024-10-15","2024-10-15 05:00:00 AM","B46","S","302293","2","5","0","1"
"2024-10-15","2024-10-15 06:00:00 PM","Q58","E","504155","2","2","0","1"
"2024-10-15","2024-10-15 01:00:00 PM","B35","E","302678","2","5","15","2"
"2024-10-15","2024-10-15 01:00:00 PM","B35","E","302693","2","4","0","2"
"2024-10-15","2024-10-15 10:00:00 AM","Q58","E","504475","2","4","0","2"
"2024-10-15","2024-10-15 08:00:00 AM","B46","S","302293","2","11","0","2"
"2024-10-15","2024-10-15 03:00:00 PM","S53","E","200426","2","2","0","2"
"2024-10-15","2024-10-15 06:00:00 AM","B46","S","302293","2","5","0","4"
"2024-10-15","2024-10-15 07:00:00 AM","S79+","N","200454","2","44","0","5"
"2024-10-15","2024-10-15 06:00:00 AM","B35","E","302693","2","5","0","1"
"2024-10-15","2024-10-15 10:00:00 AM","Q58","E","504155","2","1","0","0"
"2024-10-15","2024-10-15 04:00:00 PM","S79+","N","200454","2","15","0","3"
"2024-10-15","2024-10-15 06:00:00 AM","BX19","N","403682","2","43","0","2"
"2024-10-15","2024-10-15 05:00:00 PM","S53","E","200426","2","1","0","1"
"2024-10-15","2024-10-15 07:00:00 AM","B46","S","302293","2","6","0","2"
"2024-10-15","2024-10-15 09:00:00 PM","B46","S","302293","2","5","0","2"
"2024-10-15","2024-10-15 09:00:00 AM","S53","E","200426","2","8","0","1"
"2024-10-15","2024-10-15 02:00:00 PM","M101","N","405155","2","1","0","1"
"2024-10-15","2024-10-15 06:00:00 AM","BX19","N","101313","2","3","0","1"
"2024-10-15","2024-10-15 07:00:00 AM","S79+","S","306959","2","51","1","6"
"2024-10-15","2024-10-15 01:00:00 AM","Q58","E","504155","2","2","0","1"
"2024-10-15","2024-10-15 10:00:00 AM","BX19","N","404022","2","8","11","2"
"2024-10-15","2024-10-15 08:00:00 AM","B46","N","300163","2","5","0","2"
"2024-10-15","2024-10-15 08:00:00 AM","Q58","E","504155","2","2","0","2"
"2024-10-15","2024-10-15 06:00:00 AM","BX19","S","101374","2","3","0","1"
"2024-10-15","2024-10-15 06:00:00 AM","BX19","S","100640","2","16","0","3"
"2024-10-15","2024-10-15 05:00:00 AM","S79+","N","200454","2","7","1","3"
"2024-10-15","2024-10-15 07:00:00 PM","M15","S","401738","2","14","0","2"
"2024-10-15","2024-10-15 05:00:00 AM","Q58","W","503502","2","3","0","2"
"2024-10-15","2024-10-15 06:00:00 PM","BX19","S","100640","2","33","3","1"
"2024-10-15","2024-10-15 09:00:00 PM","B35","W","301054","2","1","0","1"
"2024-10-15","2024-10-15 01:00:00 AM","B46","S","302293","2","1","0","1"
"2024-10-15","2024-10-15 02:00:00 PM","M101","S","404008","2","3","0","2"
"2024-10-15","2024-10-15 07:00:00 AM","BX19","N","404022","2","17","0","2"
"2024-10-15","2024-10-15 09:00:00 PM","S79+","S","306959","2","15","1","3"
"2024-10-15","2024-10-15 04:00:00 AM","S79+","N","200454","2","2","0","2"
"2024-10-15","2024-10-15 04:00:00 PM","BX19","S","100640","2","52","1","4"
"2024-10-15","2024-10-15 08:00:00 AM","B46","N","303593","2","1","0","1"
"2024-10-15","2024-10-15 11:00:00 AM","B46","S","302293","2","10","1","3"
"2024-10-15","2024-10-15 04:00:00 AM","M101","N","405155","2","1","0","1"
"2024-10-15","2024-10-15 01:00:00 AM","BX12","E","404165","2","7","0","1"
"2024-10-15","2024-10-15 07:00:00 AM","B35","W","301053","2","2","0","1"
"2024-10-15","2024-10-15 12:00:00 AM","BX12","E","404165","2","16","5","1"
"2024-10-15","2024-10-15 06:00:00 PM","Q58","W","503502","2","38","1","6"
"2024-10-15","2024-10-15 08:00:00 AM","Q58","E","504475","2","10","0","2"
"2024-10-15","2024-10-15 06:00:00 PM","BX19","N","404022","2","10","1","3"
"2024-10-15","2024-10-15 06:00:00 AM","Q58","E","504475","2","40","3","7"
"2024-10-15","2024-10-15 03:00:00 PM","B35","E","302693","2","7","0","3"
"2024-10-15","2024-10-15 09:00:00 AM","S79+","N","200454","2","19","0","3"
"2024-10-15","2024-10-15 07:00:00 AM","M101","N","405155","2","4","0","1"
"2024-10-15","2024-10-15 08:00:00 PM","Q58","W","503502","2","29","2","9"
"2024-10-15","2024-10-15 03:00:00 PM","B35","W","301054","2","3","0","1"
"2024-10-15","2024-10-15 02:00:00 PM","B46","N","300163","2","7","0","2"
"2024-10-15","2024-10-15 11:00:00 AM","B46","N","300163","2","3","1","2"
"2024-10-15","2024-10-15 06:00:00 AM","Q58","W","503502","2","10","1","7"
"2024-10-15","2024-10-15 02:00:00 PM","B46","N","303592","2","4","4","1"
"2024-10-15","2024-10-15 09:00:00 AM","M101","S","404008","2","3","0","3"
"2024-10-15","2024-10-15 08:00:00 AM","Q58","W","503502","2","6","0","3"
"2024-10-15","2024-10-15 05:00:00 PM","B46","S","302293","2","3","0","2"
"2024-10-15","2024-10-15 05:00:00 PM","B46","S","307027","2","1","0","1"
"2024-10-15","2024-10-15 07:00:00 AM","B35","W","302743","2","26","0","1"
"2024-10-15","2024-10-15 09:00:00 PM","S79+","N","200454","2","4","0","2"
"2024-10-15","2024-10-15 11:00:00 AM","B35","W","301054","2","12","0","1"
"2024-10-15","2024-10-15 12:00:00 AM","BX12","W","103795","2","1","0","1"
"2024-10-15","2024-10-15 05:00:00 AM","BX19","S","100640","2","1","0","1"
"2024-10-15","2024-10-15 01:00:00 PM","Q58","W","503502","2","11","2","5"
"2024-10-15","2024-10-15 04:00:00 AM","BX19","S","100640","2","6","0","1"
"2024-10-15","2024-10-15 05:00:00 AM","M101","S","404008","2","3","0","1"
"2024-10-15","2024-10-15 08:00:00 PM","Q58","E","504155","2","1","0","1"
"2024-10-15","2024-10-15 05:00:00 AM","Q58","E","504475","2","3","1","2"
"2024-10-15","2024-10-15 10:00:00 PM","Q58","W","503502","2","8","0","4"
"2024-10-15","2024-10-15 06:00:00 AM","S79+","N","200454","2","31","1","7"
"2024-10-15","2024-10-15 08:00:00 AM","B46","N","303599","2","2","2","1"
"2024-10-15","2024-10-15 04:00:00 PM","BX19","N","404022","2","5","0","1"
"2024-10-15","2024-10-15 03:00:00 PM","B35","W","301053","2","13","0","1"
"2024-10-15","2024-10-15 11:00:00 AM","S79+","N","200454","2","15","0","5"
"2024-10-15","2024-10-15 07:00:00 PM","S79+","S","306959","2","132","10","3"
"2024-10-15","2024-10-15 02:00:00 PM","B46","S","302293","2","18","1","4"
"2024-10-15","2024-10-15 06:00:00 AM","S79+","S","306959","2","81","0","6"
"2024-10-15","2024-10-15 07:00:00 AM","Q58","E","504155","2","14","0","5"
"2024-10-15","2024-10-15 01:00:00 PM","Q58","E","504155","2","2","0","1"
"2024-10-15","2024-10-15 07:00:00 PM","S79+","N","200454","2","6","0","2"
"2024-10-15","2024-10-15 08:00:00 AM","S79+","N","200454","2","26","1","5"
"2024-10-15","2024-10-15 12:00:00 PM","B35","E","302693","2","2","0","2"
"2024-10-15","2024-10-15 12:00:00 PM","B35","E","302678","2","1","0","1"
"2024-10-15","2024-10-15 05:00:00 PM","S79+","N","200454","2","23","1","7"
"2024-10-15","2024-10-15 02:00:00 PM","S79+","S","306959","2","58","3","3"
"2024-10-15","2024-10-15 01:00:00 PM","B46","S","302293","2","8","0","3"
"2024-10-15","2024-10-15 05:00:00 PM","BX19","N","404022","2","4","0","2"
"2024-10-15","2024-10-15 12:00:00 PM","B35","W","301054","2","7","0","2"
"2024-10-15","2024-10-15 12:00:00 PM","B35","W","301053","2","6","0","2"
"2024-10-15","2024-10-15 01:00:00 PM","B46","N","300163","2","4","0","3"
"2024-10-15","2024-10-15 05:00:00 PM","BX19","S","100640","2","70","2","3"
"2024-10-15","2024-10-15 08:00:00 PM","S79+","S","306959","2","9","1","4"
"2024-10-15","2024-10-15 12:00:00 PM","BX19","N","404022","2","9","0","3"
"2024-10-15","2024-10-15 02:00:00 PM","Q58","E","503258","2","4","0","2"
"2024-10-15","2024-10-15 05:00:00 PM","Q58","E","504155","2","4","0","2"
"2024-10-15","2024-10-15 05:00:00 PM","Q58","E","504475","2","6","2","3"
"2024-10-15","2024-10-15 07:00:00 PM","Q58","W","503502","2","29","3","7"
"2024-10-15","2024-10-15 02:00:00 PM","Q58","E","504155","2","1","0","1"
"2024-10-15","2024-10-15 08:00:00 AM","B35","W","301054","2","10","0","2"
"2024-10-15","2024-10-15 09:00:00 PM","Q58","W","503502","2","10","0","4"
"2024-10-15","2024-10-15 02:00:00 PM","BX19","N","404022","2","3","3","3"
"2024-10-15","2024-10-15 08:00:00 AM","B35","W","302743","2","1","1","1"
"2024-10-15","2024-10-15 12:00:00 PM","BX19","S","100640","2","32","0","4"
"2024-10-15","2024-10-15 09:00:00 AM","B46","S","302293","2","13","0","4"
"2024-10-15","2024-10-15 02:00:00 PM","Q58","W","503529","2","2","0","1"
"2024-10-15","2024-10-15 02:00:00 PM","Q58","W","503502","2","19","0","5"
"2024-10-15","2024-10-15 03:00:00 PM","M101","S","404008","2","10","0","1"
"2024-10-15","2024-10-15 08:00:00 AM","S53","W","308032","2","1","0","1"
"2024-10-15","2024-10-15 10:00:00 AM","B35","W","301053","2","12","0","3"
"2024-10-15","2024-10-15 10:00:00 AM","B35","W","301054","2","4","1","1"
"2024-10-15","2024-10-15 11:00:00 PM","B46","N","300163","2","2","0","2"
"2024-10-15","2024-10-15 07:00:00 AM","M15","S","401738","2","0","1","1"
"2024-10-15","2024-10-15 08:00:00 AM","S79+","S","306959","2","35","1","8"
"2024-10-15","2024-10-15 08:00:00 AM","S53","E","200426","2","1","0","1"
"2024-10-15","2024-10-15 07:00:00 PM","Q58","E","504475","2","7","2","3"
"2024-10-15","2024-10-15 02:00:00 PM","B35","W","301054","2","32","1","4"
"2024-10-15","2024-10-15 04:00:00 PM","M15","N","903296","2","2","0","1"
"2024-10-15","2024-10-15 09:00:00 PM","M101","N","405155","2","2","0","1"
"2024-10-15","2024-10-15 07:00:00 AM","M15","N","404843","2","3","0","1"
"2024-10-15","2024-10-15 11:00:00 PM","B46","S","302293","2","3","0","3"
"2024-10-15","2024-10-15 07:00:00 PM","BX19","S","100640","2","38","1","2"
"2024-10-15","2024-10-15 10:00:00 AM","B46","S","302293","2","9","0","4"
"2024-10-15","2024-10-15 08:00:00 AM","BX19","S","100640","2","64","0","3"
"2024-10-15","2024-10-15 08:00:00 PM","BX19","N","404022","2","2","0","1"
"2024-10-15","2024-10-15 02:00:00 PM","B35","E","302693","2","5","0","2"
"2024-10-15","2024-10-15 02:00:00 PM","B35","E","302678","2","9","1","2"
"2024-10-15","2024-10-15 04:00:00 PM","M15","S","401738","2","4","0","1"
"2024-10-15","2024-10-15 07:00:00 PM","BX19","N","404022","2","10","0","1"
"2024-10-15","2024-10-15 07:00:00 PM","B35","E","302693","2","6","1","3"
"2024-10-15","2024-10-15 02:00:00 PM","S79+","N","200454","2","13","2","3"
"2024-10-15","2024-10-15 01:00:00 PM","S53","W","308032","2","1","0","1"
"2024-10-15","2024-10-15 04:00:00 PM","S53","E","200426","2","4","0","1"
"2024-10-15","2024-10-15 10:00:00 AM","S79+","N","200454","2","17","0","3"
"2024-10-15","2024-10-15 02:00:00 PM","S79+","N","805168","2","8","1","1"
"2024-10-15","2024-10-15 08:00:00 PM","S79+","N","200454","2","11","0","3"
"2024-10-15","2024-10-15 08:00:00 AM","BX19","N","404022","2","8","0","4"
"2024-10-15","2024-10-15 04:00:00 PM","S53","W","308032","2","1","0","1"
"2024-10-15","2024-10-15 11:00:00 AM","M101","S","403418","2","3","0","1"
"2024-10-15","2024-10-15 06:00:00 PM","B46","S","302293","2","35","0","2"
"2024-10-15","2024-10-15 10:00:00 AM","B35","E","302693","2","1","0","1"
"2024-10-15","2024-10-15 01:00:00 PM","M101","S","403418","2","1","0","1"
"2024-10-15","2024-10-15 01:00:00 PM","M101","S","404008","2","5","0","1"
"2024-10-15","2024-10-15 05:00:00 PM","B35","E","302693","2","4","0","3"
"2024-10-15","2024-10-15 11:00:00 AM","M15","S","401738","2","10","0","1"
"2024-10-15","2024-10-15 06:00:00 PM","B46","N","300163","2","2","0","1"
"2024-10-15","2024-10-15 09:00:00 PM","Q58","E","504155","2","2","1","2"
"2024-10-15","2024-10-15 02:00:00 PM","BX19","S","100640","2","10","0","1"
"2024-10-15","2024-10-15 05:00:00 PM","S79+","S","306959","2","29","0","3"
"2024-10-15","2024-10-15 11:00:00 AM","Q58","E","504475","2","1","0","1"
"2024-10-15","2024-10-15 05:00:00 PM","B35","W","301054","2","5","4","3"
"2024-10-15","2024-10-15 05:00:00 PM","B35","W","301054","3","17","1","2"
"2024-10-15","2024-10-15 09:00:00 AM","B46","N","303590","3","6","0","2"
"2024-10-15","2024-10-15 08:00:00 PM","S79+","N","200455","3","16","0","3"
"2024-10-15","2024-10-15 08:00:00 AM","S79+","S","203345","3","13","14","6"
"2024-10-15","2024-10-15 08:00:00 AM","S79+","N","200455","3","6","0","3"
"2024-10-15","2024-10-15 02:00:00 PM","S79+","N","201028","3","15","19","2"
"2024-10-15","2024-10-15 02:00:00 PM","S79+","N","200455","3","30","0","4"
"2024-10-15","2024-10-15 02:00:00 PM","BX19","S","100641","3","8","0","1"
"2024-10-15","2024-10-15 02:00:00 PM","S79+","S","203345","3","7","22","4"
"2024-10-15","2024-10-15 02:00:00 PM","BX19","N","403681","3","53","6","3"
"2024-10-15","2024-10-15 02:00:00 PM","Q58","W","503982","3","8","4","3"
"2024-10-15","2024-10-15 02:00:00 PM","Q58","W","503530","3","22","3","1"
"2024-10-15","2024-10-15 03:00:00 PM","M101","S","402764","3","5","0","1"
"2024-10-15","2024-10-15 11:00:00 PM","B46","N","303590","3","1","0","1"
"2024-10-15","2024-10-15 07:00:00 AM","M15","S","401739","3","13","0","1"
"2024-10-15","2024-10-15 02:00:00 PM","B35","W","301056","3","12","2","4"
"2024-10-15","2024-10-15 04:00:00 PM","M15","N","401665","3","5","0","1"
"2024-10-15","2024-10-15 02:00:00 PM","B35","E","307581","3","6","1","1"
"2024-10-15","2024-10-15 04:00:00 PM","M15","S","401739","3","3","0","1"
"2024-10-15","2024-10-15 11:00:00 PM","B35","W","301054","3","3","0","1"
"2024-10-15","2024-10-15 01:00:00 PM","S53","W","306959","3","3","2","1"
"2024-10-15","2024-10-15 01:00:00 PM","S53","W","203045","3","0","5","1"
"2024-10-15","2024-10-15 07:00:00 AM","S53","W","306959","3","16","0","4"
"2024-10-15","2024-10-15 02:00:00 PM","Q58","E","504474","3","1","0","1"
"2024-10-15","2024-10-15 04:00:00 PM","S53","E","200427","3","2","1","1"
"2024-10-15","2024-10-15 04:00:00 PM","S53","W","306959","3","7","0","3"
"2024-10-15","2024-10-15 01:00:00 PM","S53","E","200427","3","8","1","1"
"2024-10-15","2024-10-15 01:00:00 PM","M101","S","403419","3","2","1","1"
"2024-10-15","2024-10-15 05:00:00 PM","B35","E","307581","3","3","1","2"
"2024-10-15","2024-10-15 08:00:00 AM","B35","E","302679","3","4","0","1"
"2024-10-15","2024-10-15 02:00:00 PM","Q58","E","503472","3","24","1","4"
"2024-10-15","2024-10-15 01:00:00 PM","B46","S","303170","3","2","1","2"
"2024-10-15","2024-10-15 05:00:00 PM","BX19","N","403681","3","47","1","4"
"2024-10-15","2024-10-15 01:00:00 PM","B46","N","303590","3","8","5","4"
"2024-10-15","2024-10-15 05:00:00 PM","BX19","S","100641","3","24","2","3"
"2024-10-15","2024-10-15 05:00:00 PM","Q58","E","503453","3","10","2","6"
"2024-10-15","2024-10-15 02:00:00 PM","Q58","E","503475","3","4","0","1"
"2024-10-15","2024-10-15 09:00:00 PM","Q58","W","503982","3","1","1","1"
"2024-10-15","2024-10-15 05:00:00 PM","Q58","E","504474","3","5","0","4"
"2024-10-15","2024-10-15 12:00:00 PM","BX19","S","100641","3","20","2","4"
"2024-10-15","2024-10-15 08:00:00 AM","B35","W","302745","3","3","0","1"
"2024-10-15","2024-10-15 08:00:00 AM","B35","W","301054","3","30","0","4"
"2024-10-15","2024-10-15 08:00:00 AM","B35","W","301056","3","2","3","1"
"2024-10-15","2024-10-15 12:00:00 PM","BX19","N","403681","3","55","1","5"
"2024-10-15","2024-10-15 12:00:00 PM","B35","W","301054","3","19","0","4"
"2024-10-15","2024-10-15 05:00:00 PM","S79+","N","200455","3","52","1","7"
"2024-10-15","2024-10-15 12:00:00 PM","B35","E","302679","3","0","1","1"
"2024-10-15","2024-10-15 11:00:00 AM","Q58","E","503453","3","4","0","1"
"2024-10-15","2024-10-15 05:00:00 PM","S79+","S","203345","3","75","46","5"
"2024-10-15","2024-10-15 09:00:00 PM","Q58","E","504474","3","4","0","3"
"2024-10-15","2024-10-15 11:00:00 AM","M15","S","401739","3","2","0","1"
"2024-10-15","2024-10-15 06:00:00 PM","B46","N","303590","3","4","2","3"
"2024-10-15","2024-10-15 09:00:00 PM","M15","N","401665","3","1","0","1"
"2024-10-15","2024-10-15 06:00:00 PM","B46","S","306304","3","11","6","2"
"2024-10-15","2024-10-15 06:00:00 PM","B46","S","303170","3","3","1","2"
"2024-10-15","2024-10-15 08:00:00 AM","BX19","N","403681","3","105","1","5"
"2024-10-15","2024-10-15 10:00:00 AM","S79+","N","200455","3","5","0","2"
"2024-10-15","2024-10-15 07:00:00 PM","B35","E","302679","3","7","1","1"
"2024-10-15","2024-10-15 07:00:00 PM","B35","E","307581","3","1","1","1"
"2024-10-15","2024-10-15 10:00:00 AM","S53","W","306959","3","1","0","1"
"2024-10-15","2024-10-15 10:00:00 AM","S53","E","200427","3","10","0","3"
"2024-10-15","2024-10-15 07:00:00 PM","B35","W","301054","3","8","0","1"
"2024-10-15","2024-10-15 08:00:00 AM","BX19","S","100641","3","33","5","4"
"2024-10-15","2024-10-15 10:00:00 AM","B46","S","303170","3","5","1","3"
"2024-10-15","2024-10-15 07:00:00 PM","BX19","N","403681","3","33","1","1"
"2024-10-15","2024-10-15 07:00:00 PM","BX19","S","100641","3","5","1","2"
"2024-10-15","2024-10-15 10:00:00 AM","B46","N","303590","3","2","1","2"
"2024-10-15","2024-10-15 09:00:00 PM","M101","N","403913","3","1","0","1"
"2024-10-15","2024-10-15 09:00:00 PM","BX12","E","103947","3","2","7","0"
"2024-10-15","2024-10-15 07:00:00 PM","Q58","E","503453","3","6","0","2"
"2024-10-15","2024-10-15 07:00:00 PM","Q58","E","504474","3","4","0","2"
"2024-10-15","2024-10-15 10:00:00 AM","B35","W","301056","3","3","0","1"
"2024-10-15","2024-10-15 08:00:00 AM","S53","E","200427","3","24","0","3"
"2024-10-15","2024-10-15 10:00:00 AM","B35","W","301054","3","18","2","5"
"2024-10-15","2024-10-15 07:00:00 PM","Q58","W","503982","3","9","2","4"
"2024-10-15","2024-10-15 07:00:00 PM","Q58","W","503506","3","4","36","5"
"2024-10-15","2024-10-15 08:00:00 PM","S79+","S","203345","3","1","12","3"
"2024-10-15","2024-10-15 08:00:00 PM","BX19","N","403681","3","35","1","2"
"2024-10-15","2024-10-15 08:00:00 AM","S53","W","306959","3","5","1","1"
"2024-10-15","2024-10-15 09:00:00 AM","B46","S","303170","3","6","2","3"
"2024-10-15","2024-10-15 08:00:00 PM","S53","E","200427","3","10","0","2"
"2024-10-15","2024-10-15 08:00:00 PM","S53","W","306959","3","2","1","1"
"2024-10-15","2024-10-15 02:00:00 PM","M15","S","401739","3","3","1","1"
"2024-10-15","2024-10-15 01:00:00 PM","M15","N","401665","3","2","0","1"
"2024-10-15","2024-10-15 05:00:00 PM","M15","N","401665","3","6","0","1"
"2024-10-15","2024-10-15 04:00:00 PM","B46","S","303170","3","2","0","2"
"2024-10-15","2024-10-15 08:00:00 PM","M101","N","403913","3","3","1","1"
"2024-10-15","2024-10-15 08:00:00 PM","B46","N","303590","3","1","0","1"
"2024-10-15","2024-10-15 09:00:00 AM","Q58","E","504474","3","2","0","2"
"2024-10-15","2024-10-15 09:00:00 AM","Q58","E","503453","3","12","1","4"
"2024-10-15","2024-10-15 12:00:00 PM","S79+","N","200455","3","18","0","4"
"2024-10-15","2024-10-15 08:00:00 PM","B46","S","303170","3","2","0","2"
"2024-10-15","2024-10-15 12:00:00 PM","S79+","S","203345","3","2","6","4"
"2024-10-15","2024-10-15 06:00:00 PM","M15","N","401675","3","3","0","1"
"2024-10-15","2024-10-15 12:00:00 PM","B46","N","303590","3","5","1","3"
"2024-10-15","2024-10-15 06:00:00 PM","S79+","N","200455","3","28","0","5"
"2024-10-15","2024-10-15 03:00:00 PM","BX19","N","403681","3","103","5","5"
"2024-10-15","2024-10-15 11:00:00 AM","BX19","S","100641","3","9","3","2"
"2024-10-15","2024-10-15 06:00:00 PM","S79+","S","203345","3","157","75","6"
"2024-10-15","2024-10-15 08:00:00 AM","M101","N","403913","3","14","0","2"
"2024-10-15","2024-10-15 02:00:00 PM","S53","W","306959","3","15","0","3"
"2024-10-15","2024-10-15 05:00:00 PM","M101","N","403913","3","9","0","1"
"2024-10-15","2024-10-15 07:00:00 PM","B46","N","303590","3","5","0","2"
"2024-10-15","2024-10-15 10:00:00 PM","S79+","S","203345","3","1","8","2"
"2024-10-15","2024-10-15 03:00:00 PM","BX19","S","100641","3","19","5","2"
"2024-10-15","2024-10-15 11:00:00 AM","BX19","N","403681","3","19","1","4"
"2024-10-15","2024-10-15 10:00:00 PM","S79+","N","200455","3","13","0","2"
"2024-10-15","2024-10-15 12:00:00 PM","B46","S","303170","3","5","2","4"
"2024-10-15","2024-10-15 10:00:00 PM","S53","W","306959","3","2","0","1"
"2024-10-15","2024-10-15 10:00:00 AM","S79+","S","203345","3","5","4","5"
"2024-10-15","2024-10-15 10:00:00 PM","S53","E","200427","3","1","1","1"
"2024-10-15","2024-10-15 03:00:00 PM","Q58","E","503453","3","2","2","3"
"2024-10-15","2024-10-15 03:00:00 PM","Q58","E","504474","3","2","0","2"
"2024-10-15","2024-10-15 03:00:00 PM","B46","S","303170","3","7","0","3"
"2024-10-15","2024-10-15 10:00:00 PM","M15","S","401739","3","1","0","1"
"2024-10-15","2024-10-15 08:00:00 AM","M15","S","401739","3","13","1","2"
"2024-10-15","2024-10-15 04:00:00 PM","Q58","W","503506","3","1","4","3"
"2024-10-15","2024-10-15 04:00:00 PM","Q58","W","503982","3","11","6","5"
"2024-10-15","2024-10-15 11:00:00 PM","S53","W","306959","3","1","0","1"
"2024-10-15","2024-10-15 07:00:00 PM","B46","S","303170","3","5","0","3"
"2024-10-15","2024-10-15 07:00:00 PM","B46","S","306304","3","6","3","2"
"2024-10-15","2024-10-15 02:00:00 PM","M15","N","401665","3","1","0","1"
"2024-10-15","2024-10-15 03:00:00 PM","B46","N","303590","3","8","0","3"
"2024-10-15","2024-10-15 10:00:00 PM","B46","N","303590","3","4","0","2"
"2024-10-15","2024-10-15 09:00:00 AM","B35","E","307581","3","1","1","2"
"2024-10-15","2024-10-15 11:00:00 AM","Q58","W","503506","3","0","3","1"
"2024-10-15","2024-10-15 11:00:00 AM","Q58","W","503982","3","9","2","5"
"2024-10-15","2024-10-15 10:00:00 AM","M15","S","401739","3","4","0","1"
"2024-10-15","2024-10-15 07:00:00 AM","BX19","S","100641","3","43","0","3"
"2024-10-15","2024-10-15 12:00:00 PM","M101","N","403913","3","7","1","1"
"2024-10-15","2024-10-15 01:00:00 PM","S79+","S","203345","3","9","10","5"
"2024-10-15","2024-10-15 04:00:00 PM","Q58","E","504474","3","3","0","2"
"2024-10-15","2024-10-15 10:00:00 AM","M15","N","401675","3","5","0","2"
"2024-10-15","2024-10-15 01:00:00 PM","S79+","N","200455","3","14","0","2"
"2024-10-15","2024-10-15 03:00:00 PM","Q58","W","503982","3","8","15","4"
"2024-10-15","2024-10-15 07:00:00 PM","S53","E","200427","3","6","1","1"
"2024-10-15","2024-10-15 04:00:00 PM","Q58","E","503453","3","6","7","3"
"2024-10-15","2024-10-15 09:00:00 AM","B35","W","301056","3","11","1","3"
"2024-10-15","2024-10-15 09:00:00 AM","B35","W","301054","3","4","1","2"
"2024-10-15","2024-10-15 07:00:00 PM","S53","W","306959","3","24","2","4"
"2024-10-15","2024-10-15 11:00:00 PM","S79+","S","203345","3","1","0","1"
"2024-10-15","2024-10-15 12:00:00 PM","M101","S","403419","3","4","0","1"
"2024-10-15","2024-10-15 10:00:00 AM","M101","S","402764","3","1","0","1"
"2024-10-15","2024-10-15 03:00:00 PM","S79+","N","200455","3","33","4","7"
"2024-10-15","2024-10-15 06:00:00 PM","S53","E","200427","3","14","1","2"
"2024-10-15","2024-10-15 05:00:00 PM","Q58","W","503506","3","9","22","6"
"2024-10-15","2024-10-15 05:00:00 PM","Q58","W","503982","3","12","1","4"
"2024-10-15","2024-10-15 08:00:00 PM","B35","E","307581","3","3","0","1"
"2024-10-15","2024-10-15 09:00:00 PM","BX19","S","100641","3","5","3","1"
"2024-10-15","2024-10-15 09:00:00 AM","BX19","N","403681","3","44","3","4"
"2024-10-15","2024-10-15 04:00:00 PM","M101","N","403913","3","4","0","1"
"2024-10-15","2024-10-15 12:00:00 PM","S53","E","200427","3","4","0","1"
"2024-10-15","2024-10-15 08:00:00 PM","B35","W","301054","3","17","0","3"
"2024-10-15","2024-10-15 03:00:00 PM","S79+","S","203345","3","132","30","4"
"2024-10-15","2024-10-15 12:00:00 PM","S53","W","306959","3","7","0","1"
"2024-10-15","2024-10-15 09:00:00 PM","BX19","N","403681","3","19","2","2"
"2024-10-15","2024-10-15 09:00:00 AM","BX19","S","100641","3","5","0","2"
"2024-10-15","2024-10-15 09:00:00 AM","Q58","W","503982","3","2","1","3"
"2024-10-15","2024-10-15 09:00:00 AM","Q58","W","503506","3","3","0","2"
"2024-10-15","2024-10-15 04:00:00 PM","B46","N","303590","3","11","2","4"
"2024-10-15","2024-10-15 06:00:00 AM","BX19","S","100641","3","41","0","5"
"2024-10-15","2024-10-15 04:00:00 AM","S79+","N","200455","3","2","0","1"
"2024-10-15","2024-10-15 05:00:00 AM","Q58","W","503506","3","1","1","1"
"2024-10-15","2024-10-15 03:00:00 PM","B35","W","301054","3","17","0","3"
"2024-10-15","2024-10-15 06:00:00 AM","M101","S","402764","3","3","0","1"
"2024-10-15","2024-10-15 04:00:00 AM","S53","W","306959","3","7","0","2"
"2024-10-15","2024-10-15 10:00:00 PM","Q58","E","504474","3","1","0","1"
"2024-10-15","2024-10-15 01:00:00 AM","BX12","E","103947","3","2","0","1"
"2024-10-15","2024-10-15 08:00:00 AM","Q58","E","503453","3","13","4","4"
"2024-10-15","2024-10-15 05:00:00 AM","Q58","W","503982","3","0","1","1"
"2024-10-15","2024-10-15 08:00:00 PM","Q58","W","503506","3","3","10","4"
"2024-10-15","2024-10-15 08:00:00 PM","Q58","W","503982","3","9","2","5"
"2024-10-15","2024-10-15 06:00:00 AM","Q58","E","503453","3","24","1","11"
"2024-10-15","2024-10-15 06:00:00 AM","Q58","W","503982","3","1","1","2"
"2024-10-15","2024-10-15 06:00:00 AM","Q58","W","503506","3","6","1","4"
"2024-10-15","2024-10-15 05:00:00 AM","Q58","E","503453","3","19","0","5"
"2024-10-15","2024-10-15 08:00:00 AM","Q58","W","503982","3","2","1","3"
"2024-10-15","2024-10-15 08:00:00 PM","Q58","E","504474","3","2","0","2"
"2024-10-15","2024-10-15 08:00:00 PM","Q58","E","503453","3","8","0","1"
"2024-10-15","2024-10-15 08:00:00 AM","Q58","W","503506","3","2","2","2"
"2024-10-15","2024-10-15 12:00:00 AM","BX12","W","101739","3","1","0","1"
"2024-10-15","2024-10-15 05:00:00 AM","M101","S","402764","3","3","0","1"
"2024-10-15","2024-10-15 06:00:00 AM","S53","E","200427","3","23","0","3"
"2024-10-15","2024-10-15 04:00:00 PM","BX19","N","403681","3","34","0","1"
"2024-10-15","2024-10-15 06:00:00 AM","S79+","N","200455","3","8","0","5"
"2024-10-15","2024-10-15 07:00:00 PM","S79+","S","203345","3","3","43","5"
"2024-10-15","2024-10-15 09:00:00 PM","S79+","S","203345","3","1","14","3"
"2024-10-15","2024-10-15 11:00:00 AM","B35","E","307581","3","1","0","1"
"2024-10-15","2024-10-15 01:00:00 AM","M101","S","402764","3","1","0","1"
"2024-10-15","2024-10-15 06:00:00 AM","S79+","S","203345","3","16","13","6"
"2024-10-15","2024-10-15 12:00:00 AM","M101","S","402764","3","2","0","1"
"2024-10-15","2024-10-15 04:00:00 AM","B35","W","301054","3","1","0","1"
"2024-10-15","2024-10-15 07:00:00 PM","S79+","N","200455","3","37","0","3"
"2024-10-15","2024-10-15 09:00:00 AM","M101","S","402764","3","8","0","3"
"2024-10-15","2024-10-15 07:00:00 PM","M15","S","401739","3","2","1","2"
"2024-10-15","2024-10-15 11:00:00 PM","BX19","N","403683","3","2","0","1"
"2024-10-15","2024-10-15 11:00:00 PM","Q58","W","503982","3","2","0","1"
"2024-10-15","2024-10-15 07:00:00 AM","B35","W","301056","3","33","3","3"
"2024-10-15","2024-10-15 07:00:00 AM","B35","W","301054","3","13","0","1"
"2024-10-15","2024-10-15 07:00:00 PM","M101","S","402764","3","1","0","1"
"2024-10-15","2024-10-15 05:00:00 AM","S53","E","200427","3","9","0","3"
"2024-10-15","2024-10-15 04:00:00 PM","B35","W","301054","3","19","1","3"
"2024-10-15","2024-10-15 10:00:00 AM","Q58","E","504474","3","3","0","2"
"2024-10-15","2024-10-15 07:00:00 AM","B46","N","303601","3","5","0","2"
"2024-10-15","2024-10-15 07:00:00 AM","B46","N","303590","3","7","0","4"
"2024-10-15","2024-10-15 05:00:00 AM","S53","W","306959","3","1","0","1"
"2024-10-15","2024-10-15 06:00:00 PM","Q58","W","503506","3","8","22","6"
"2024-10-15","2024-10-15 06:00:00 PM","Q58","W","503982","3","14","2","3"
"2024-10-15","2024-10-15 09:00:00 AM","S53","E","200427","3","11","0","1"
"2024-10-15","2024-10-15 07:00:00 AM","B46","N","303594","3","1","0","1"
"2024-10-15","2024-10-15 09:00:00 AM","S53","W","306959","3","9","0","2"
"2024-10-15","2024-10-15 10:00:00 PM","Q58","W","503982","3","3","1","4"
"2024-10-15","2024-10-15 04:00:00 AM","M15","S","401739","3","4","0","1"
"2024-10-15","2024-10-15 03:00:00 AM","S53","E","200427","3","5","0","2"
"2024-10-15","2024-10-15 12:00:00 AM","B35","W","301054","3","3","0","1"
"2024-10-15","2024-10-15 05:00:00 AM","Q58","E","504474","3","2","1","1"
"2024-10-15","2024-10-15 12:00:00 AM","S79+","S","203345","3","0","2","1"
"2024-10-15","2024-10-15 04:00:00 PM","B35","E","307581","3","1","0","1"
"2024-10-15","2024-10-15 06:00:00 PM","Q58","E","503453","3","25","4","7"
"2024-10-15","2024-10-15 06:00:00 PM","Q58","E","504474","3","2","0","1"
"2024-10-15","2024-10-15 02:00:00 PM","M101","S","402764","3","8","0","2"
"2024-10-15","2024-10-15 07:00:00 AM","B46","S","303170","3","2","0","1"
"2024-10-15","2024-10-15 06:00:00 PM","BX19","S","100641","3","8","2","1"
"2024-10-15","2024-10-15 07:00:00 AM","BX19","N","403681","3","37","1","3"
"2024-10-15","2024-10-15 03:00:00 PM","B35","E","307581","3","0","1","1"
"2024-10-15","2024-10-15 06:00:00 PM","BX19","N","403681","3","77","18","4"
"2024-10-15","2024-10-15 09:00:00 AM","S79+","N","200455","3","4","0","2"
"2024-10-15","2024-10-15 01:00:00 AM","B35","W","301054","3","1","0","1"
"2024-10-15","2024-10-15 04:00:00 AM","BX19","S","100641","3","2","0","1"
"2024-10-15","2024-10-15 06:00:00 AM","B35","W","301056","3","2","2","1"
"2024-10-15","2024-10-15 07:00:00 AM","M101","N","403913","3","20","0","3"
"2024-10-15","2024-10-15 03:00:00 PM","S53","W","306959","3","11","0","1"
"2024-10-15","2024-10-15 05:00:00 AM","S79+","N","200455","3","2","0","2"
"2024-10-15","2024-10-15 06:00:00 PM","B35","W","301054","3","6","0","3"
"2024-10-15","2024-10-15 09:00:00 PM","S53","W","306959","3","4","0","3"
"2024-10-15","2024-10-15 07:00:00 AM","Q58","E","503453","3","42","3","7"
"2024-10-15","2024-10-15 07:00:00 AM","Q58","E","504474","3","4","0","2"
"2024-10-15","2024-10-15 02:00:00 PM","B46","S","303170","3","4","1","2"
"2024-10-15","2024-10-15 01:00:00 AM","B46","N","303590","3","6","0","2"
"2024-10-15","2024-10-15 09:00:00 AM","S79+","S","203345","3","27","10","9"
"2024-10-15","2024-10-15 07:00:00 AM","Q58","W","503506","3","15","0","7"
"2024-10-15","2024-10-15 10:00:00 AM","Q58","W","503982","3","5","7","3"
"2024-10-15","2024-10-15 10:00:00 PM","BX19","S","100641","3","1","0","1"
"2024-10-15","2024-10-15 05:00:00 PM","S53","W","306959","3","25","2","2"
"2024-10-15","2024-10-15 03:00:00 PM","S53","E","200427","3","21","0","4"
"2024-10-15","2024-10-15 07:00:00 AM","Q58","W","503982","3","2","0","2"
"2024-10-15","2024-10-15 05:00:00 PM","S53","E","200427","3","2","0","1"
"2024-10-15","2024-10-15 10:00:00 AM","Q58","W","503506","3","4","6","4"
"2024-10-15","2024-10-15 07:00:00 AM","S79+","N","200455","3","8","0","4"
"2024-10-15","2024-10-15 07:00:00 AM","S79+","S","203345","3","176","31","10"
"2024-10-15","2024-10-15 09:00:00 PM","S79+","N","200455","3","2","0","1"
"2024-10-15","2024-10-15 12:00:00 AM","B46","N","303590","3","5","0","1"
"2024-10-15","2024-10-15 10:00:00 AM","BX19","N","403681","3","44","2","2"
"2024-10-15","2024-10-15 11:00:00 PM","Q58","E","504474","3","1","0","1"
"2024-10-15","2024-10-15 05:00:00 AM","S79+","S","203345","3","3","1","3"
"2024-10-15","2024-10-15 11:00:00 AM","B46","N","303590","3","6","0","3"
"2024-10-15","2024-10-15 11:00:00 AM","B46","S","303170","3","4","0","1"
"2024-10-15","2024-10-15 03:00:00 AM","B46","N","303590","3","1","1","1"
"2024-10-15","2024-10-15 03:00:00 AM","B35","W","301054","3","2","0","1"
"2024-10-15","2024-10-15 05:00:00 AM","B46","N","303590","3","4","0","4"
"2024-10-15","2024-10-15 05:00:00 PM","B46","S","306304","3","34","4","2"
"2024-10-15","2024-10-15 02:00:00 PM","B46","N","303590","3","32","1","5"
"2024-10-15","2024-10-15 02:00:00 PM","B46","N","303593","3","7","3","1"
"2024-10-15","2024-10-15 05:00:00 PM","B46","S","303170","3","4","0","2"
"2024-10-15","2024-10-15 11:00:00 AM","S53","E","200427","3","4","0","1"
"2024-10-15","2024-10-15 06:00:00 AM","B46","N","303594","3","1","0","1"
"2024-10-15","2024-10-15 01:00:00 PM","Q58","W","503982","3","7","4","4"
"2024-10-15","2024-10-15 03:00:00 PM","M15","S","401739","3","2","0","1"
"2024-10-15","2024-10-15 11:00:00 AM","S53","W","306959","3","1","0","1"
"2024-10-15","2024-10-15 09:00:00 PM","S53","E","200427","3","3","0","1"
"2024-10-15","2024-10-15 01:00:00 PM","Q58","E","504474","3","2","0","1"
"2024-10-15","2024-10-15 08:00:00 AM","B46","N","303594","3","1","0","1"
"2024-10-15","2024-10-15 08:00:00 AM","B46","N","303590","3","8","0","2"
"2024-10-15","2024-10-15 11:00:00 AM","S79+","N","200455","3","12","1","4"
"2024-10-15","2024-10-15 02:00:00 AM","S53","W","306959","3","1","0","1"
"2024-10-15","2024-10-15 05:00:00 PM","B46","N","303601","3","2","0","1"
"2024-10-15","2024-10-15 05:00:00 PM","B46","N","303590","3","10","0","3"
"2024-10-15","2024-10-15 01:00:00 PM","BX19","S","100641","3","32","1","4"
"2024-10-15","2024-10-15 11:00:00 AM","S79+","S","203345","3","7","34","5"
"2024-10-15","2024-10-15 06:00:00 AM","B46","N","303590","3","2","1","2"
"2024-10-15","2024-10-15 01:00:00 PM","BX19","N","403681","3","23","7","2"
"2024-10-15","2024-10-15 11:00:00 AM","B35","W","301054","3","4","0","1"
"2024-10-15","2024-10-15 12:00:00 PM","M15","S","401739","3","5","1","1"
"2024-10-15","2024-10-15 04:00:00 AM","B46","N","303590","3","2","2","2"
"2024-10-15","2024-10-15 12:00:00 PM","Q58","E","504474","3","3","1","3"
"2024-10-15","2024-10-15 01:00:00 PM","B35","W","301054","3","11","0","1"
"2024-10-15","2024-10-15 01:00:00 PM","B35","W","301056","3","6","0","1"
"2024-10-15","2024-10-15 10:00:00 AM","BX19","S","100641","3","19","3","5"
"2024-10-15","2024-10-15 04:00:00 PM","S79+","S","203345","3","76","67","8"
"2024-10-15","2024-10-15 12:00:00 PM","Q58","W","503506","3","2","1","1"
"2024-10-15","2024-10-15 12:00:00 PM","Q58","W","503982","3","9","2","3"
"2024-10-15","2024-10-15 12:00:00 AM","B46","S","303170","3","2","0","1"
"2024-10-15","2024-10-15 01:00:00 PM","B35","E","307581","3","1","0","1"
"2024-10-15","2024-10-15 08:00:00 AM","B46","S","303170","3","6","0","3"
"2024-10-15","2024-10-15 06:00:00 AM","B46","S","303170","3","2","0","2"
"2024-10-15","2024-10-15 04:00:00 PM","S79+","N","200455","3","36","1","5"
"2024-10-15","2024-10-15 05:00:00 AM","B46","S","303170","3","1","0","1"
"2024-10-15","2024-10-15 09:00:00 PM","B46","S","303170","3","1","0","1"
"2024-10-15","2024-10-15 11:00:00 AM","B35","W","301056","3","6","0","1"
"2024-10-15","2024-10-15 08:00:00 AM","B46","S","306304","3","15","6","4"
"2024-10-15","2024-10-15 06:00:00 AM","BX19","N","403683","3","6","0","1"
"2024-10-15","2024-10-15 09:00:00 PM","B46","N","303590","3","3","3","2"
"2024-10-15","2024-10-15 06:00:00 AM","B35","W","301054","3","11","1","2"
"2024-10-15","2024-10-15 06:00:00 AM","BX19","N","100561","3","1","0","1"
"2024-10-15","2024-10-15 06:00:00 AM","BX19","S","101375","3","10","1","2"
"2024-10-15","2024-10-15 03:00:00 PM","B35","W","301056","3","1","0","1"
"2024-10-15","2024-10-15 09:00:00 PM","B35","W","301054","3","5","0","2"
"2024-10-15","2024-10-15 04:00:00 PM","BX19","S","100641","3","26","2","4"
"2024-10-15","2024-10-15 09:00:00 AM","S79+","N","203078","4","3","0","2"
"2024-10-15","2024-10-15 05:00:00 AM","Q58","E","504475","4","6","0","3"
"2024-10-15","2024-10-15 05:00:00 AM","Q58","E","503456","4","12","7","6"
"2024-10-15","2024-10-15 05:00:00 AM","B46","S","303172","4","0","2","1"
"2024-10-15","2024-10-15 05:00:00 AM","M15","S","401740","4","1","0","1"
"2024-10-15","2024-10-15 12:00:00 AM","B35","W","301056","4","0","1","1"
"2024-10-15","2024-10-15 10:00:00 PM","BX19","S","100642","4","3","0","2"
"2024-10-15","2024-10-15 09:00:00 PM","S79+","S","203694","4","5","4","1"
"2024-10-15","2024-10-15 09:00:00 PM","S79+","N","203078","4","10","0","2"
"2024-10-15","2024-10-15 09:00:00 PM","S53","W","200200","4","0","1","1"
"2024-10-15","2024-10-15 12:00:00 AM","B46","S","303172","4","2","0","1"
"2024-10-15","2024-10-15 09:00:00 PM","B46","S","303172","4","13","2","4"
"2024-10-15","2024-10-15 09:00:00 PM","B35","W","302736","4","3","0","1"
"2024-10-15","2024-10-15 09:00:00 PM","B35","W","301056","4","1","0","1"
"2024-10-15","2024-10-15 09:00:00 PM","B35","E","302680","4","1","0","0"
"2024-10-15","2024-10-15 08:00:00 PM","Q58","W","503862","4","22","35","6"
"2024-10-15","2024-10-15 12:00:00 AM","BX12","E","103051","4","8","7","1"
"2024-10-15","2024-10-15 08:00:00 PM","Q58","W","503505","4","3","2","3"
"2024-10-15","2024-10-15 08:00:00 PM","Q58","E","503456","4","11","3","2"
"2024-10-15","2024-10-15 08:00:00 PM","Q58","E","504475","4","8","0","5"
"2024-10-15","2024-10-15 12:00:00 AM","BX12","W","103255","4","4","0","1"
"2024-10-15","2024-10-15 11:00:00 PM","Q58","W","503505","4","0","5","2"
"2024-10-15","2024-10-15 07:00:00 PM","S79+","S","203694","4","3","27","6"
"2024-10-15","2024-10-15 07:00:00 PM","S79+","N","203078","4","5","1","3"
"2024-10-15","2024-10-15 07:00:00 PM","M101","N","403855","4","0","2","1"
"2024-10-15","2024-10-15 06:00:00 PM","Q58","W","503505","4","4","3","4"
"2024-10-15","2024-10-15 06:00:00 PM","Q58","W","503862","4","26","55","6"
"2024-10-15","2024-10-15 12:00:00 AM","S53","W","200200","4","0","1","1"
"2024-10-15","2024-10-15 06:00:00 PM","Q58","E","504475","4","4","0","3"
"2024-10-15","2024-10-15 06:00:00 PM","Q58","E","503456","4","43","12","7"
"2024-10-15","2024-10-15 12:00:00 AM","S79+","S","203694","4","0","1","1"
"2024-10-15","2024-10-15 06:00:00 PM","BX19","S","100642","4","6","2","1"
"2024-10-15","2024-10-15 06:00:00 PM","BX19","N","403682","4","53","8","4"
"2024-10-15","2024-10-15 06:00:00 PM","B35","W","302736","4","5","0","2"
"2024-10-15","2024-10-15 06:00:00 PM","B35","W","301056","4","5","0","2"
"2024-10-15","2024-10-15 06:00:00 PM","B35","E","302680","4","55","2","3"
"2024-10-15","2024-10-15 06:00:00 PM","B35","E","302695","4","2","0","2"
"2024-10-15","2024-10-15 05:00:00 PM","S53","W","200200","4","0","10","2"
"2024-10-15","2024-10-15 05:00:00 PM","B46","S","306479","4","5","1","2"
"2024-10-15","2024-10-15 05:00:00 PM","B46","S","303172","4","7","2","2"
"2024-10-15","2024-10-15 01:00:00 AM","B46","S","303172","4","1","0","1"
"2024-10-15","2024-10-15 11:00:00 PM","Q58","E","504475","4","4","1","1"
"2024-10-15","2024-10-15 05:00:00 PM","B46","N","303602","4","1","0","1"
"2024-10-15","2024-10-15 05:00:00 PM","B46","N","303591","4","5","0","2"
"2024-10-15","2024-10-15 04:00:00 PM","S79+","S","203694","4","3","37","6"
"2024-10-15","2024-10-15 04:00:00 PM","S79+","N","203078","4","4","5","1"
"2024-10-15","2024-10-15 04:00:00 PM","BX19","S","100642","4","15","1","3"
"2024-10-15","2024-10-15 04:00:00 PM","BX19","N","403682","4","12","4","1"
"2024-10-15","2024-10-15 12:00:00 AM","B35","E","302680","4","5","0","1"
"2024-10-15","2024-10-15 04:00:00 PM","B35","W","301056","4","34","9","4"
"2024-10-15","2024-10-15 04:00:00 PM","B35","W","302736","4","8","2","2"
"2024-10-15","2024-10-15 04:00:00 PM","B35","E","302680","4","30","2","3"
"2024-10-15","2024-10-15 03:00:00 PM","S53","W","200200","4","0","10","1"
"2024-10-15","2024-10-15 03:00:00 PM","S53","E","200259","4","1","1","1"
"2024-10-15","2024-10-15 01:00:00 AM","Q58","W","503505","4","0","1","1"
"2024-10-15","2024-10-15 03:00:00 PM","M15","S","401740","4","6","0","1"
"2024-10-15","2024-10-15 03:00:00 PM","B35","W","301056","4","8","1","3"
"2024-10-15","2024-10-15 03:00:00 PM","B35","W","302736","4","8","0","1"
"2024-10-15","2024-10-15 03:00:00 PM","B35","E","302695","4","13","2","3"
"2024-10-15","2024-10-15 03:00:00 PM","B35","E","302680","4","97","0","4"
"2024-10-15","2024-10-15 02:00:00 PM","M101","N","403855","4","0","2","1"
"2024-10-15","2024-10-15 02:00:00 PM","B46","S","303172","4","25","7","5"
"2024-10-15","2024-10-15 02:00:00 AM","B35","W","301056","4","1","0","1"
"2024-10-15","2024-10-15 02:00:00 PM","B46","N","303591","4","1","0","1"
"2024-10-15","2024-10-15 02:00:00 PM","B46","N","303594","4","2","0","1"
"2024-10-15","2024-10-15 01:00:00 PM","Q58","W","503505","4","3","5","4"
"2024-10-15","2024-10-15 01:00:00 PM","Q58","E","504475","4","22","1","6"
"2024-10-15","2024-10-15 01:00:00 PM","BX19","S","100642","4","27","2","4"
"2024-10-15","2024-10-15 01:00:00 PM","BX19","N","403682","4","27","1","2"
"2024-10-15","2024-10-15 01:00:00 PM","B35","W","302736","4","10","1","1"
"2024-10-15","2024-10-15 01:00:00 PM","B35","W","301056","4","1","0","1"
"2024-10-15","2024-10-15 01:00:00 PM","B35","E","302695","4","5","2","3"
"2024-10-15","2024-10-15 01:00:00 PM","B35","E","302680","4","17","1","2"
"2024-10-15","2024-10-15 12:00:00 PM","Q58","W","503862","4","0","2","1"
"2024-10-15","2024-10-15 12:00:00 PM","Q58","W","503505","4","1","0","1"
"2024-10-15","2024-10-15 12:00:00 PM","Q58","E","504475","4","11","0","6"
"2024-10-15","2024-10-15 12:00:00 PM","M15","S","401740","4","5","0","1"
"2024-10-15","2024-10-15 11:00:00 AM","S79+","S","203694","4","2","12","5"
"2024-10-15","2024-10-15 02:00:00 AM","S53","W","200200","4","0","1","1"
"2024-10-15","2024-10-15 03:00:00 AM","B35","E","302680","4","1","0","1"
"2024-10-15","2024-10-15 11:00:00 AM","S79+","N","203078","4","11","0","5"
"2024-10-15","2024-10-15 11:00:00 AM","S53","W","200200","4","0","2","1"
"2024-10-15","2024-10-15 11:00:00 AM","S53","E","200259","4","1","0","1"
"2024-10-15","2024-10-15 03:00:00 AM","B35","W","301056","4","2","0","1"
"2024-10-15","2024-10-15 11:00:00 PM","BX19","N","403684","4","9","1","2"
"2024-10-15","2024-10-15 11:00:00 AM","B46","S","303172","4","4","5","3"
"2024-10-15","2024-10-15 11:00:00 AM","B35","W","302736","4","18","1","1"
"2024-10-15","2024-10-15 11:00:00 AM","B35","W","301056","4","8","1","2"
"2024-10-15","2024-10-15 11:00:00 AM","B35","E","302680","4","3","0","1"
"2024-10-15","2024-10-15 11:00:00 AM","B35","E","302695","4","4","1","2"
"2024-10-15","2024-10-15 10:00:00 AM","Q58","W","503862","4","20","23","5"
"2024-10-15","2024-10-15 10:00:00 AM","Q58","E","504475","4","11","1","6"
"2024-10-15","2024-10-15 10:00:00 AM","Q58","E","503456","4","6","0","1"
"2024-10-15","2024-10-15 10:00:00 AM","BX19","S","100642","4","22","0","5"
"2024-10-15","2024-10-15 10:00:00 AM","BX19","N","403682","4","3","0","1"
"2024-10-15","2024-10-15 09:00:00 AM","S79+","S","203694","4","4","18","7"
"2024-10-15","2024-10-15 09:00:00 AM","S53","W","200200","4","0","1","1"
"2024-10-15","2024-10-15 09:00:00 AM","S53","E","200259","4","1","0","1"
"2024-10-15","2024-10-15 09:00:00 AM","M15","N","405320","4","3","0","1"
"2024-10-15","2024-10-15 09:00:00 AM","M101","S","405186","4","4","0","1"
"2024-10-15","2024-10-15 04:00:00 AM","B35","W","301056","4","4","4","1"
"2024-10-15","2024-10-15 08:00:00 AM","Q58","W","503505","4","1","0","1"
"2024-10-15","2024-10-15 08:00:00 AM","Q58","W","503862","4","11","15","4"
"2024-10-15","2024-10-15 08:00:00 AM","Q58","E","504475","4","10","0","3"
"2024-10-15","2024-10-15 08:00:00 AM","Q58","E","503456","4","34","1","5"
"2024-10-15","2024-10-15 08:00:00 AM","B46","S","306479","4","2","0","2"
"2024-10-15","2024-10-15 08:00:00 AM","B46","S","303172","4","8","9","3"
"2024-10-15","2024-10-15 08:00:00 AM","B46","N","303595","4","1","0","1"
"2024-10-15","2024-10-15 07:00:00 AM","S79+","S","203694","4","22","22","9"
"2024-10-15","2024-10-15 07:00:00 AM","S79+","N","203078","4","5","0","2"
"2024-10-15","2024-10-15 07:00:00 AM","Q58","W","503862","4","70","31","12"
"2024-10-15","2024-10-15 07:00:00 AM","Q58","W","503505","4","9","0","4"
"2024-10-15","2024-10-15 07:00:00 AM","Q58","E","503456","4","67","6","6"
"2024-10-15","2024-10-15 07:00:00 AM","Q58","E","504475","4","24","0","7"
"2024-10-15","2024-10-15 07:00:00 AM","M101","N","403855","4","15","6","3"
"2024-10-15","2024-10-15 04:00:00 AM","BX19","S","100642","4","1","0","1"
"2024-10-15","2024-10-15 10:00:00 PM","Q58","W","503505","4","1","7","4"
"2024-10-15","2024-10-15 07:00:00 AM","BX19","N","403682","4","28","0","3"
"2024-10-15","2024-10-15 07:00:00 AM","B46","S","303172","4","11","2","3"
"2024-10-15","2024-10-15 07:00:00 AM","B46","N","303595","4","1","0","1"
"2024-10-15","2024-10-15 07:00:00 AM","B46","N","303602","4","2","0","1"
"2024-10-15","2024-10-15 07:00:00 AM","B46","N","303591","4","3","0","2"
"2024-10-15","2024-10-15 04:00:00 AM","Q58","E","504475","4","5","0","2"
"2024-10-15","2024-10-15 07:00:00 AM","B35","W","302736","4","35","1","3"
"2024-10-15","2024-10-15 07:00:00 AM","B35","W","308483","4","48","1","1"
"2024-10-15","2024-10-15 07:00:00 AM","B35","W","301056","4","1","3","1"
"2024-10-15","2024-10-15 07:00:00 AM","B35","E","302695","4","10","0","1"
"2024-10-15","2024-10-15 07:00:00 AM","B35","E","302680","4","28","0","6"
"2024-10-15","2024-10-15 06:00:00 AM","S79+","S","203694","4","2","15","5"
"2024-10-15","2024-10-15 04:00:00 AM","Q58","W","503505","4","2","0","1"
"2024-10-15","2024-10-15 06:00:00 AM","S79+","N","203078","4","4","0","3"
"2024-10-15","2024-10-15 06:00:00 AM","S53","E","200259","4","7","0","4"
"2024-10-15","2024-10-15 06:00:00 AM","Q58","W","503862","4","20","5","4"
"2024-10-15","2024-10-15 06:00:00 AM","Q58","W","503505","4","2","0","2"
"2024-10-15","2024-10-15 06:00:00 AM","Q58","E","503456","4","66","7","12"
"2024-10-15","2024-10-15 06:00:00 AM","Q58","E","504475","4","6","0","3"
"2024-10-15","2024-10-15 06:00:00 AM","M15","S","401740","4","1","0","1"
"2024-10-15","2024-10-15 06:00:00 AM","M101","S","405186","4","2","0","1"
"2024-10-15","2024-10-15 06:00:00 AM","BX19","S","101377","4","6","1","2"
"2024-10-15","2024-10-15 06:00:00 AM","BX19","S","100642","4","27","1","5"
"2024-10-15","2024-10-15 06:00:00 AM","BX19","N","403684","4","22","6","2"
"2024-10-15","2024-10-15 05:00:00 AM","B35","E","302680","4","1","0","1"
"2024-10-15","2024-10-15 06:00:00 AM","BX19","N","101315","4","2","1","1"
"2024-10-15","2024-10-15 06:00:00 AM","B46","S","303172","4","10","1","4"
"2024-10-15","2024-10-15 06:00:00 AM","B35","W","302736","4","8","1","2"
"2024-10-15","2024-10-15 06:00:00 AM","B35","W","301056","4","3","0","1"
"2024-10-15","2024-10-15 06:00:00 AM","B35","E","302680","4","9","1","3"
"2024-10-15","2024-10-15 06:00:00 AM","B35","E","302695","4","3","0","1"
"2024-10-15","2024-10-15 10:00:00 PM","Q58","E","504475","4","5","0","2"
"2024-10-15","2024-10-15 05:00:00 AM","S79+","S","203694","4","0","5","3"
"2024-10-15","2024-10-15 05:00:00 AM","S79+","N","203078","4","3","0","3"
"2024-10-15","2024-10-15 05:00:00 AM","S53","E","200259","4","1","0","1"
"2024-10-15","2024-10-15 05:00:00 AM","Q58","W","503862","4","3","1","1"
"2024-10-15","2024-10-15 07:00:00 PM","BX19","N","403682","4","23","2","1"
"2024-10-15","2024-10-15 01:00:00 PM","M101","N","403855","4","10","6","1"
"2024-10-15","2024-10-15 09:00:00 PM","Q58","E","504475","4","3","0","3"
"2024-10-15","2024-10-15 11:00:00 PM","B46","S","303172","4","7","1","3"
"2024-10-15","2024-10-15 08:00:00 AM","S79+","S","203694","4","9","19","6"
"2024-10-15","2024-10-15 07:00:00 PM","BX19","S","100642","4","3","4","2"
"2024-10-15","2024-10-15 10:00:00 AM","S79+","N","203078","4","12","0","4"
"2024-10-15","2024-10-15 10:00:00 AM","B35","E","302680","4","4","0","1"
"2024-10-15","2024-10-15 02:00:00 PM","Q58","E","504475","4","15","4","5"
"2024-10-15","2024-10-15 08:00:00 PM","S53","E","200259","4","2","0","2"
"2024-10-15","2024-10-15 11:00:00 AM","Q58","E","504475","4","14","1","3"
"2024-10-15","2024-10-15 11:00:00 PM","B35","W","301056","4","0","1","1"
"2024-10-15","2024-10-15 04:00:00 PM","M15","N","401666","4","2","2","1"
"2024-10-15","2024-10-15 02:00:00 PM","B35","W","301056","4","2","0","1"
"2024-10-15","2024-10-15 02:00:00 PM","B35","W","302736","4","32","6","6"
"2024-10-15","2024-10-15 09:00:00 PM","M15","N","401666","4","4","0","1"
"2024-10-15","2024-10-15 02:00:00 PM","BX19","S","100642","4","10","1","1"
"2024-10-15","2024-10-15 08:00:00 PM","BX19","N","403682","4","9","3","2"
"2024-10-15","2024-10-15 08:00:00 PM","S79+","N","203078","4","17","0","2"
"2024-10-15","2024-10-15 07:00:00 PM","Q58","E","504475","4","15","0","6"
"2024-10-15","2024-10-15 07:00:00 PM","Q58","E","503456","4","28","5","4"
"2024-10-15","2024-10-15 07:00:00 PM","B35","E","302680","4","8","0","1"
"2024-10-15","2024-10-15 07:00:00 PM","B35","E","302695","4","5","5","2"
"2024-10-15","2024-10-15 05:00:00 PM","S79+","S","203694","4","18","52","8"
"2024-10-15","2024-10-15 04:00:00 PM","S53","W","200200","4","13","11","3"
"2024-10-15","2024-10-15 01:00:00 PM","M101","S","405186","4","1","0","1"
"2024-10-15","2024-10-15 10:00:00 AM","B35","W","302736","4","5","1","1"
"2024-10-15","2024-10-15 10:00:00 AM","B35","W","301056","4","14","0","3"
"2024-10-15","2024-10-15 01:00:00 PM","M101","S","402826","4","3","1","1"
"2024-10-15","2024-10-15 11:00:00 AM","Q58","E","503456","4","4","2","1"
"2024-10-15","2024-10-15 07:00:00 AM","M15","S","401740","4","13","0","1"
"2024-10-15","2024-10-15 09:00:00 AM","B46","S","303172","4","11","3","4"
"2024-10-15","2024-10-15 08:00:00 AM","S53","E","200259","4","7","0","3"
"2024-10-15","2024-10-15 09:00:00 PM","M101","S","405186","4","1","1","1"
"2024-10-15","2024-10-15 02:00:00 PM","Q58","W","503505","4","0","5","2"
"2024-10-15","2024-10-15 02:00:00 PM","S79+","S","203694","4","7","12","4"
"2024-10-15","2024-10-15 11:00:00 PM","B46","N","303591","4","1","1","1"
"2024-10-15","2024-10-15 10:00:00 AM","S53","E","200259","4","4","0","2"
"2024-10-15","2024-10-15 06:00:00 PM","B46","S","303172","4","15","3","2"
"2024-10-15","2024-10-15 12:00:00 PM","BX19","S","100642","4","41","3","4"
"2024-10-15","2024-10-15 02:00:00 PM","Q58","E","503473","4","41","5","1"
"2024-10-15","2024-10-15 02:00:00 PM","S79+","N","203078","4","14","0","4"
"2024-10-15","2024-10-15 07:00:00 PM","B35","W","301056","4","2","0","1"
"2024-10-15","2024-10-15 05:00:00 PM","Q58","E","504475","4","4","0","1"
"2024-10-15","2024-10-15 05:00:00 PM","Q58","E","503456","4","33","4","6"
"2024-10-15","2024-10-15 09:00:00 PM","Q58","W","503505","4","0","1","1"
"2024-10-15","2024-10-15 02:00:00 PM","Q58","W","503531","4","7","5","1"
"2024-10-15","2024-10-15 02:00:00 PM","BX19","N","403682","4","44","5","3"
"2024-10-15","2024-10-15 05:00:00 PM","B35","E","302680","4","33","3","2"
"2024-10-15","2024-10-15 08:00:00 AM","B35","W","301056","4","11","1","3"
"2024-10-15","2024-10-15 08:00:00 AM","B35","W","302736","4","17","1","2"
"2024-10-15","2024-10-15 08:00:00 AM","B35","W","308483","4","15","1","1"
"2024-10-15","2024-10-15 08:00:00 AM","B35","E","302695","4","12","5","3"
"2024-10-15","2024-10-15 01:00:00 PM","S53","E","200259","4","3","0","1"
"2024-10-15","2024-10-15 04:00:00 PM","M15","S","401740","4","1","0","1"
"2024-10-15","2024-10-15 11:00:00 AM","M15","S","401740","4","4","0","1"
"2024-10-15","2024-10-15 10:00:00 AM","B46","S","303172","4","7","3","4"
"2024-10-15","2024-10-15 12:00:00 PM","BX19","N","403682","4","41","5","5"
"2024-10-15","2024-10-15 08:00:00 PM","S53","W","200200","4","0","2","2"
"2024-10-15","2024-10-15 05:00:00 PM","BX19","S","100642","4","14","2","3"
"2024-10-15","2024-10-15 08:00:00 AM","B35","E","302680","4","5","0","2"
"2024-10-15","2024-10-15 10:00:00 AM","B35","E","302695","4","15","0","1"
"2024-10-15","2024-10-15 02:00:00 PM","B35","E","302680","4","18","0","3"
"2024-10-15","2024-10-15 12:00:00 PM","B35","W","302736","4","5","1","1"
"2024-10-15","2024-10-15 12:00:00 PM","B35","W","301056","4","13","3","4"
"2024-10-15","2024-10-15 07:00:00 PM","Q58","W","503862","4","12","21","4"
"2024-10-15","2024-10-15 08:00:00 AM","S79+","N","203078","4","2","1","3"
"2024-10-15","2024-10-15 05:00:00 PM","BX19","N","403682","4","24","2","3"
"2024-10-15","2024-10-15 01:00:00 PM","B46","S","303172","4","6","1","2"
"2024-10-15","2024-10-15 08:00:00 AM","BX19","S","100642","4","33","2","4"
"2024-10-15","2024-10-15 08:00:00 AM","BX19","N","403682","4","26","4","4"
"2024-10-15","2024-10-15 07:00:00 PM","Q58","W","503505","4","0","1","1"
"2024-10-15","2024-10-15 05:00:00 PM","S79+","N","203078","4","18","1","5"
"2024-10-15","2024-10-15 02:00:00 PM","B35","E","302695","4","34","3","5"
"2024-10-15","2024-10-15 05:00:00 PM","B35","W","302736","4","11","2","3"
"2024-10-15","2024-10-15 05:00:00 PM","B35","E","302695","4","13","1","4"
"2024-10-15","2024-10-15 12:00:00 PM","B35","E","302680","4","13","1","2"
"2024-10-15","2024-10-15 12:00:00 PM","B35","E","302695","4","3","0","1"
"2024-10-15","2024-10-15 08:00:00 PM","S79+","S","203694","4","4","24","4"
"2024-10-15","2024-10-15 11:00:00 PM","B35","E","302680","4","11","0","1"
"2024-10-15","2024-10-15 05:00:00 PM","B35","W","301056","4","14","0","2"
"2024-10-15","2024-10-15 04:00:00 PM","Q58","E","503456","4","42","9","5"
"2024-10-15","2024-10-15 06:00:00 PM","S53","W","200200","4","0","7","2"
"2024-10-15","2024-10-15 10:00:00 PM","B35","E","302695","4","2","0","1"
"2024-10-15","2024-10-15 10:00:00 PM","B35","E","302680","4","9","0","1"
"2024-10-15","2024-10-15 11:00:00 AM","BX19","N","403682","4","10","2","3"
"2024-10-15","2024-10-15 12:00:00 PM","M101","N","403855","4","7","2","1"
"2024-10-15","2024-10-15 03:00:00 PM","BX19","N","403682","4","57","4","5"
"2024-10-15","2024-10-15 04:00:00 PM","Q58","E","504475","4","4","0","3"
"2024-10-15","2024-10-15 09:00:00 AM","Q58","E","503456","4","31","6","4"
"2024-10-15","2024-10-15 05:00:00 PM","M15","N","405320","4","1","0","1"
"2024-10-15","2024-10-15 11:00:00 PM","M15","S","401740","4","0","1","0"
"2024-10-15","2024-10-15 11:00:00 AM","BX19","S","100642","4","7","1","2"
"2024-10-15","2024-10-15 02:00:00 PM","S53","W","200200","4","0","1","1"
"2024-10-15","2024-10-15 08:00:00 PM","B35","E","302695","4","4","1","2"
"2024-10-15","2024-10-15 08:00:00 PM","B35","E","302680","4","9","0","1"
"2024-10-15","2024-10-15 09:00:00 AM","B35","W","302736","4","40","6","4"
"2024-10-15","2024-10-15 09:00:00 AM","B35","W","301056","4","3","4","2"
"2024-10-15","2024-10-15 10:00:00 AM","M15","N","405320","4","4","0","2"
"2024-10-15","2024-10-15 11:00:00 AM","Q58","W","503862","4","2","4","3"
"2024-10-15","2024-10-15 09:00:00 PM","BX19","S","100642","4","2","0","1"
"2024-10-15","2024-10-15 09:00:00 AM","Q58","W","503862","4","4","18","5"
"2024-10-15","2024-10-15 05:00:00 PM","M15","N","401666","4","3","0","1"
"2024-10-15","2024-10-15 11:00:00 AM","Q58","W","503505","4","1","0","1"
"2024-10-15","2024-10-15 04:00:00 PM","B46","N","303595","4","1","0","1"
"2024-10-15","2024-10-15 09:00:00 AM","BX19","N","403682","4","30","5","4"
"2024-10-15","2024-10-15 02:00:00 PM","M15","S","401740","4","3","0","1"
"2024-10-15","2024-10-15 02:00:00 PM","S53","W","203046","4","0","18","1"
"2024-10-15","2024-10-15 07:00:00 AM","BX19","S","100642","4","26","0","3"
"2024-10-15","2024-10-15 10:00:00 AM","S79+","S","203694","4","2","10","3"
"2024-10-15","2024-10-15 06:00:00 PM","S79+","N","203078","4","8","0","4"
"2024-10-15","2024-10-15 01:00:00 PM","S79+","S","203694","4","3","10","4"
"2024-10-15","2024-10-15 01:00:00 PM","S79+","N","203078","4","9","0","3"
"2024-10-15","2024-10-15 07:00:00 PM","S53","W","200200","4","0","3","1"
"2024-10-15","2024-10-15 12:00:00 PM","S79+","S","203694","4","4","10","3"
"2024-10-15","2024-10-15 12:00:00 PM","S79+","N","203078","4","5","0","3"
"2024-10-15","2024-10-15 08:00:00 PM","B35","W","302736","4","1","1","1"
"2024-10-15","2024-10-15 08:00:00 PM","B35","W","301056","4","1","2","2"
"2024-10-15","2024-10-15 05:00:00 PM","Q58","W","503862","4","44","48","8"
"2024-10-15","2024-10-15 07:00:00 PM","B46","N","303591","4","1","0","0"
"2024-10-15","2024-10-15 09:00:00 AM","Q58","E","504475","4","3","9","3"
"2024-10-15","2024-10-15 03:00:00 PM","Q58","E","504475","4","30","0","5"
"2024-10-15","2024-10-15 11:00:00 PM","S53","W","200200","4","0","5","1"
"2024-10-15","2024-10-15 03:00:00 PM","Q58","E","503456","4","24","6","4"
"2024-10-15","2024-10-15 04:00:00 PM","Q58","W","503862","4","6","6","1"
"2024-10-15","2024-10-15 04:00:00 PM","Q58","W","503505","4","4","19","7"
"2024-10-15","2024-10-15 06:00:00 PM","S53","E","200259","4","3","0","1"
"2024-10-15","2024-10-15 08:00:00 PM","B46","S","303172","4","4","1","3"
"2024-10-15","2024-10-15 07:00:00 PM","B46","S","306479","4","2","2","2"
"2024-10-15","2024-10-15 07:00:00 PM","B46","S","303172","4","1","1","1"
"2024-10-15","2024-10-15 12:00:00 PM","M101","S","402826","4","4","2","1"
"2024-10-15","2024-10-15 03:00:00 PM","BX19","S","100642","4","0","1","1"
"2024-10-15","2024-10-15 10:00:00 PM","B46","S","303172","4","5","0","3"
"2024-10-15","2024-10-15 10:00:00 PM","S79+","S","203694","4","0","15","3"
"2024-10-15","2024-10-15 08:00:00 AM","M15","S","401740","4","5","0","2"
"2024-10-15","2024-10-15 10:00:00 PM","M15","S","401740","4","2","0","1"
"2024-10-15","2024-10-15 09:00:00 PM","BX19","N","403682","4","4","0","2"
"2024-10-15","2024-10-15 02:00:00 PM","M15","N","401666","4","1","0","1"
"2024-10-15","2024-10-15 03:00:00 PM","Q58","W","503505","4","5","3","4"
"2024-10-15","2024-10-15 12:00:00 PM","B46","S","303172","4","8","0","4"
"2024-10-15","2024-10-15 05:00:00 PM","Q58","W","503505","4","0","9","4"
"2024-10-15","2024-10-15 04:00:00 PM","B46","N","303591","4","0","1","1"
"2024-10-15","2024-10-15 04:00:00 PM","B46","S","303172","4","11","3","4"
"2024-10-15","2024-10-15 03:00:00 PM","S79+","N","203078","4","16","4","6"
"2024-10-15","2024-10-15 03:00:00 PM","S79+","N","203698","4","6","7","2"
"2024-10-15","2024-10-15 10:00:00 PM","S79+","N","203078","4","1","0","1"
"2024-10-15","2024-10-15 10:00:00 PM","B46","N","303591","4","1","0","1"
"2024-10-15","2024-10-15 03:00:00 PM","S79+","S","203694","4","8","26","4"
"2024-10-15","2024-10-15 08:00:00 AM","M101","N","403855","4","21","5","2"
"2024-10-15","2024-10-15 06:00:00 PM","S79+","S","203694","4","10","40","6"
"2024-10-15","2024-10-15 03:00:00 PM","B46","S","303172","4","19","4","6"
"2024-10-15","2024-10-15 10:00:00 PM","S53","W","200200","4","0","3","1"
"2024-10-15","2024-10-15 03:00:00 PM","B46","N","303591","4","1","0","1"
"2024-10-15","2024-10-15 09:00:00 AM","B35","E","302680","4","15","2","3"
"2024-10-15","2024-10-15 09:00:00 AM","B35","E","302695","4","8","2","1"
"2024-10-15","2024-10-15 04:00:00 PM","M101","N","403855","4","0","1","1"
"2024-10-15","2024-10-15 05:00:00 PM","M101","N","403855","4","22","2","2"
"2024-10-15","2024-10-15 09:00:00 AM","BX19","S","100642","4","21","0","3"
"2024-10-15","2024-10-15 11:00:00 PM","S79+","S","203694","4","0","5","1"
"2024-10-15","2024-10-15 10:00:00 AM","M15","S","401740","4","4","0","1"
"2024-10-15","2024-10-15 10:00:00 PM","B46","N","303592","5","12","1","3"
"2024-10-15","2024-10-15 10:00:00 PM","S53","E","200261","5","2","0","1"
"2024-10-15","2024-10-15 05:00:00 PM","Q58","W","503511","5","11","53","6"
"2024-10-15","2024-10-15 03:00:00 PM","S79+","S","200700","5","10","23","3"
"2024-10-15","2024-10-15 09:00:00 AM","B35","E","302681","5","15","0","3"
"2024-10-15","2024-10-15 09:00:00 AM","B35","E","302696","5","12","5","3"
"2024-10-15","2024-10-15 05:00:00 PM","M15","N","404850","5","3","0","1"
"2024-10-15","2024-10-15 10:00:00 PM","M15","S","401741","5","3","1","1"
"2024-10-15","2024-10-15 10:00:00 PM","S53","W","200201","5","1","3","2"
"2024-10-15","2024-10-15 03:00:00 PM","B46","N","303592","5","7","1","2"
"2024-10-15","2024-10-15 04:00:00 PM","Q58","E","503450","5","1","1","2"
"2024-10-15","2024-10-15 04:00:00 PM","Q58","E","505251","5","24","11","5"
"2024-10-15","2024-10-15 05:00:00 PM","Q58","W","503506","5","3","16","5"
"2024-10-15","2024-10-15 10:00:00 AM","S79+","S","200700","5","15","10","7"
"2024-10-15","2024-10-15 02:00:00 PM","S53","W","200713","5","5","33","3"
"2024-10-15","2024-10-15 07:00:00 AM","BX19","S","100643","5","41","3","4"
"2024-10-15","2024-10-15 12:00:00 PM","M101","N","450228","5","7","2","2"
"2024-10-15","2024-10-15 01:00:00 PM","S79+","S","200700","5","19","10","4"
"2024-10-15","2024-10-15 12:00:00 PM","S53","W","200201","5","1","5","2"
"2024-10-15","2024-10-15 12:00:00 PM","B46","S","303173","5","8","0","3"
"2024-10-15","2024-10-15 11:00:00 PM","S53","W","200201","5","2","2","1"
"2024-10-15","2024-10-15 04:00:00 PM","B46","S","303173","5","11","2","4"
"2024-10-15","2024-10-15 10:00:00 AM","M15","N","401679","5","3","0","1"
"2024-10-15","2024-10-15 10:00:00 AM","M15","N","404850","5","3","1","2"
"2024-10-15","2024-10-15 10:00:00 PM","S79+","N","203902","5","11","3","2"
"2024-10-15","2024-10-15 07:00:00 PM","B46","N","303592","5","3","3","4"
"2024-10-15","2024-10-15 01:00:00 PM","S79+","N","203902","5","35","13","5"
"2024-10-15","2024-10-15 09:00:00 PM","BX19","N","403683","5","3","0","2"
"2024-10-15","2024-10-15 06:00:00 PM","S53","W","200201","5","0","5","2"
"2024-10-15","2024-10-15 10:00:00 PM","S79+","S","200700","5","4","1","2"
"2024-10-15","2024-10-15 04:00:00 PM","B46","N","303592","5","6","3","4"
"2024-10-15","2024-10-15 07:00:00 PM","S53","E","200261","5","3","0","1"
"2024-10-15","2024-10-15 09:00:00 AM","Q58","E","505251","5","22","16","4"
"2024-10-15","2024-10-15 11:00:00 AM","BX19","N","403683","5","16","0","2"
"2024-10-15","2024-10-15 04:00:00 PM","B46","N","303596","5","1","0","1"
"2024-10-15","2024-10-15 09:00:00 AM","B35","W","302736","5","8","1","2"
"2024-10-15","2024-10-15 09:00:00 AM","B35","W","302740","5","52","9","4"
"2024-10-15","2024-10-15 11:00:00 AM","Q58","W","503506","5","2","0","2"
"2024-10-15","2024-10-15 11:00:00 AM","Q58","W","503511","5","2","6","2"
"2024-10-15","2024-10-15 02:00:00 PM","M15","S","401741","5","5","0","1"
"2024-10-15","2024-10-15 06:00:00 PM","S53","E","200261","5","9","1","2"
"2024-10-15","2024-10-15 03:00:00 PM","B46","S","303173","5","13","2","5"
"2024-10-15","2024-10-15 02:00:00 PM","S53","W","200311","5","1","0","1"
"2024-10-15","2024-10-15 07:00:00 PM","S53","W","200201","5","0","5","1"
"2024-10-15","2024-10-15 09:00:00 AM","Q58","W","503506","5","2","2","1"
"2024-10-15","2024-10-15 03:00:00 PM","Q58","W","503506","5","26","18","8"
"2024-10-15","2024-10-15 12:00:00 PM","M101","S","403421","5","0","2","1"
"2024-10-15","2024-10-15 10:00:00 AM","M101","S","402766","5","0","1","1"
"2024-10-15","2024-10-15 02:00:00 PM","S53","W","200201","5","0","1","1"
"2024-10-15","2024-10-15 06:00:00 PM","S79+","S","200700","5","16","40","6"
"2024-10-15","2024-10-15 08:00:00 AM","M101","N","450228","5","29","10","2"
"2024-10-15","2024-10-15 03:00:00 PM","S79+","N","203902","5","38","44","6"
"2024-10-15","2024-10-15 04:00:00 PM","M101","N","450228","5","9","2","1"
"2024-10-15","2024-10-15 10:00:00 PM","B35","E","302696","5","6","2","2"
"2024-10-15","2024-10-15 10:00:00 PM","B35","E","302681","5","13","2","1"
"2024-10-15","2024-10-15 03:00:00 PM","BX19","N","403683","5","24","2","3"
"2024-10-15","2024-10-15 11:00:00 PM","M101","S","402766","5","3","0","1"
"2024-10-15","2024-10-15 03:00:00 PM","S79+","N","203700","5","10","4","2"
"2024-10-15","2024-10-15 09:00:00 AM","BX19","S","100643","5","25","4","4"
"2024-10-15","2024-10-15 09:00:00 AM","Q58","W","503511","5","58","8","8"
"2024-10-15","2024-10-15 08:00:00 PM","B35","E","302696","5","7","0","2"
"2024-10-15","2024-10-15 08:00:00 PM","B35","E","302681","5","6","0","1"
"2024-10-15","2024-10-15 11:00:00 AM","BX19","S","100643","5","13","1","3"
"2024-10-15","2024-10-15 09:00:00 PM","BX19","S","100643","5","0","1","1"
"2024-10-15","2024-10-15 05:00:00 PM","M101","N","450228","5","21","7","2"
"2024-10-15","2024-10-15 12:00:00 PM","B46","N","303592","5","10","0","2"
"2024-10-15","2024-10-15 09:00:00 AM","BX19","N","403683","5","8","1","4"
"2024-10-15","2024-10-15 06:00:00 PM","S79+","N","203902","5","35","10","4"
"2024-10-15","2024-10-15 08:00:00 PM","B35","W","302740","5","4","0","1"
"2024-10-15","2024-10-15 08:00:00 PM","B46","N","303592","5","4","0","2"
"2024-10-15","2024-10-15 12:00:00 PM","S53","E","200261","5","1","1","1"
"2024-10-15","2024-10-15 06:00:00 PM","M15","N","401679","5","8","0","1"
"2024-10-15","2024-10-15 08:00:00 PM","M101","N","450228","5","1","0","1"
"2024-10-15","2024-10-15 03:00:00 PM","Q58","E","505251","5","32","7","3"
"2024-10-15","2024-10-15 03:00:00 PM","Q58","E","503450","5","1","2","1"
"2024-10-15","2024-10-15 12:00:00 PM","S79+","S","200700","5","7","7","4"
"2024-10-15","2024-10-15 08:00:00 PM","B35","W","302736","5","16","2","3"
"2024-10-15","2024-10-15 07:00:00 PM","B46","S","303173","5","6","0","2"
"2024-10-15","2024-10-15 07:00:00 PM","B46","S","303682","5","0","2","1"
"2024-10-15","2024-10-15 08:00:00 AM","M15","S","401741","5","2","0","1"
"2024-10-15","2024-10-15 02:00:00 PM","M15","N","404850","5","16","0","2"
"2024-10-15","2024-10-15 12:00:00 PM","S79+","N","203902","5","8","2","3"
"2024-10-15","2024-10-15 11:00:00 PM","S79+","S","200700","5","2","0","1"
"2024-10-15","2024-10-15 04:00:00 PM","Q58","W","503506","5","7","23","8"
"2024-10-15","2024-10-15 10:00:00 AM","M15","S","401741","5","5","1","1"
"2024-10-15","2024-10-15 04:00:00 PM","Q58","W","503511","5","8","24","2"
"2024-10-15","2024-10-15 04:00:00 PM","B35","E","302681","5","14","3","3"
"2024-10-15","2024-10-15 06:00:00 AM","BX19","S","101378","5","1","1","1"
"2024-10-15","2024-10-15 09:00:00 PM","S79+","N","203902","5","5","2","3"
"2024-10-15","2024-10-15 04:00:00 PM","BX19","N","403683","5","12","2","2"
"2024-10-15","2024-10-15 09:00:00 PM","B35","E","302681","5","0","6","0"
"2024-10-15","2024-10-15 04:00:00 AM","S79+","N","203902","5","3","1","1"
"2024-10-15","2024-10-15 06:00:00 AM","BX19","S","100643","5","20","0","3"
"2024-10-15","2024-10-15 05:00:00 AM","S53","E","200261","5","10","2","3"
"2024-10-15","2024-10-15 09:00:00 PM","B35","E","302696","5","1","0","1"
"2024-10-15","2024-10-15 09:00:00 PM","B35","W","302736","5","14","2","2"
"2024-10-15","2024-10-15 09:00:00 PM","B35","W","302740","5","1","1","1"
"2024-10-15","2024-10-15 09:00:00 PM","S53","W","200201","5","1","3","2"
"2024-10-15","2024-10-15 06:00:00 AM","BX19","N","403686","5","18","1","1"
"2024-10-15","2024-10-15 05:00:00 AM","B35","E","302681","5","3","0","1"
"2024-10-15","2024-10-15 09:00:00 PM","B46","N","303592","5","9","0","2"
"2024-10-15","2024-10-15 08:00:00 AM","Q58","E","505251","5","21","11","7"
"2024-10-15","2024-10-15 01:00:00 PM","B35","E","302681","5","9","1","2"
"2024-10-15","2024-10-15 08:00:00 AM","Q58","E","503450","5","0","1","1"
"2024-10-15","2024-10-15 11:00:00 AM","B35","E","302681","5","12","1","2"
"2024-10-15","2024-10-15 12:00:00 PM","Q58","W","503511","5","0","1","1"
"2024-10-15","2024-10-15 12:00:00 PM","Q58","W","503506","5","2","0","1"
"2024-10-15","2024-10-15 09:00:00 PM","B46","S","303173","5","2","0","2"
"2024-10-15","2024-10-15 01:00:00 PM","B35","E","302696","5","15","4","3"
"2024-10-15","2024-10-15 09:00:00 PM","S79+","S","200700","5","2","1","1"
"2024-10-15","2024-10-15 01:00:00 AM","BX12","E","100796","5","2","2","1"
"2024-10-15","2024-10-15 12:00:00 PM","Q58","E","503450","5","1","1","2"
"2024-10-15","2024-10-15 01:00:00 PM","B35","W","302736","5","31","1","1"
"2024-10-15","2024-10-15 01:00:00 PM","B35","W","302740","5","8","5","1"
"2024-10-15","2024-10-15 04:00:00 PM","BX19","S","100643","5","5","0","3"
"2024-10-15","2024-10-15 12:00:00 PM","M15","S","401741","5","10","2","1"
"2024-10-15","2024-10-15 12:00:00 PM","M15","N","404850","5","4","0","1"
"2024-10-15","2024-10-15 03:00:00 PM","B35","W","302740","5","8","7","3"
"2024-10-15","2024-10-15 03:00:00 PM","B35","W","302736","5","30","5","3"
"2024-10-15","2024-10-15 02:00:00 AM","S53","E","200261","5","2","0","1"
"2024-10-15","2024-10-15 11:00:00 AM","S79+","S","200700","5","24","6","5"
"2024-10-15","2024-10-15 01:00:00 PM","BX19","N","403683","5","8","0","2"
"2024-10-15","2024-10-15 08:00:00 AM","B46","S","303682","5","1","4","4"
"2024-10-15","2024-10-15 01:00:00 PM","BX19","S","100643","5","12","3","2"
"2024-10-15","2024-10-15 08:00:00 AM","B46","S","303173","5","7","5","5"
"2024-10-15","2024-10-15 11:00:00 AM","B35","E","302696","5","14","1","2"
"2024-10-15","2024-10-15 03:00:00 AM","B35","E","302681","5","1","0","1"
"2024-10-15","2024-10-15 11:00:00 AM","S79+","N","203902","5","14","15","6"
"2024-10-15","2024-10-15 04:00:00 PM","S79+","N","203902","5","19","16","6"
"2024-10-15","2024-10-15 01:00:00 PM","Q58","E","503450","5","2","0","2"
"2024-10-15","2024-10-15 11:00:00 AM","S53","W","200201","5","2","2","1"
"2024-10-15","2024-10-15 10:00:00 AM","BX19","S","100643","5","16","3","4"
"2024-10-15","2024-10-15 01:00:00 PM","Q58","W","503506","5","7","8","6"
"2024-10-15","2024-10-15 04:00:00 PM","S79+","S","200700","5","22","44","8"
"2024-10-15","2024-10-15 12:00:00 AM","B46","S","303173","5","1","0","1"
"2024-10-15","2024-10-15 04:00:00 AM","B46","N","303592","5","3","0","1"
"2024-10-15","2024-10-15 02:00:00 PM","B46","N","303595","5","6","4","1"
"2024-10-15","2024-10-15 03:00:00 AM","B35","W","302736","5","6","0","1"
"2024-10-15","2024-10-15 11:00:00 PM","BX19","N","403686","5","8","1","1"
"2024-10-15","2024-10-15 02:00:00 PM","B46","N","303592","5","17","2","5"
"2024-10-15","2024-10-15 03:00:00 AM","B46","N","303592","5","1","0","1"
"2024-10-15","2024-10-15 11:00:00 AM","B46","S","303173","5","2","1","2"
"2024-10-15","2024-10-15 06:00:00 AM","B46","N","303592","5","10","0","3"
"2024-10-15","2024-10-15 11:00:00 AM","B46","N","303592","5","12","1","6"
"2024-10-15","2024-10-15 05:00:00 AM","B35","W","302736","5","7","0","1"
"2024-10-15","2024-10-15 08:00:00 AM","B46","N","303592","5","10","1","4"
"2024-10-15","2024-10-15 06:00:00 AM","B35","E","302696","5","3","0","1"
"2024-10-15","2024-10-15 05:00:00 PM","B46","N","303592","5","5","0","2"
"2024-10-15","2024-10-15 10:00:00 AM","BX19","N","403683","5","1","0","1"
"2024-10-15","2024-10-15 05:00:00 PM","B46","S","303682","5","5","3","2"
"2024-10-15","2024-10-15 05:00:00 PM","B46","S","303173","5","4","3","2"
"2024-10-15","2024-10-15 11:00:00 AM","B35","W","302736","5","7","0","2"
"2024-10-15","2024-10-15 07:00:00 AM","S79+","S","200700","5","64","18","8"
"2024-10-15","2024-10-15 06:00:00 AM","B35","E","302681","5","16","1","4"
"2024-10-15","2024-10-15 11:00:00 AM","B35","W","302740","5","14","7","1"
"2024-10-15","2024-10-15 03:00:00 PM","M15","S","401741","5","17","1","2"
"2024-10-15","2024-10-15 07:00:00 AM","S79+","N","203902","5","108","10","10"
"2024-10-15","2024-10-15 02:00:00 PM","Q58","W","503506","5","3","11","4"
"2024-10-15","2024-10-15 05:00:00 PM","S53","E","200261","5","2","3","2"
"2024-10-15","2024-10-15 07:00:00 AM","Q58","W","503506","5","9","5","5"
"2024-10-15","2024-10-15 07:00:00 AM","Q58","W","503511","5","257","39","12"
"2024-10-15","2024-10-15 09:00:00 AM","S79+","S","200700","5","21","28","8"
"2024-10-15","2024-10-15 02:00:00 AM","B35","W","302736","5","2","0","1"
"2024-10-15","2024-10-15 05:00:00 PM","S53","W","200201","5","0","5","2"
"2024-10-15","2024-10-15 10:00:00 PM","Q58","W","503506","5","3","11","5"
"2024-10-15","2024-10-15 03:00:00 PM","S53","E","200261","5","13","2","3"
"2024-10-15","2024-10-15 06:00:00 PM","B35","E","302681","5","48","1","3"
"2024-10-15","2024-10-15 09:00:00 PM","S53","E","200261","5","6","1","2"
"2024-10-15","2024-10-15 07:00:00 AM","Q58","E","503450","5","5","0","2"
"2024-10-15","2024-10-15 07:00:00 AM","Q58","E","505251","5","6","6","5"
"2024-10-15","2024-10-15 06:00:00 PM","B35","E","302696","5","4","0","2"
"2024-10-15","2024-10-15 09:00:00 AM","S79+","N","203902","5","42","6","6"
"2024-10-15","2024-10-15 06:00:00 PM","B35","W","302740","5","5","1","2"
"2024-10-15","2024-10-15 06:00:00 PM","B35","W","302736","5","10","2","3"
"2024-10-15","2024-10-15 07:00:00 AM","M101","N","450228","5","4","1","2"
"2024-10-15","2024-10-15 03:00:00 PM","S53","W","200201","5","1","2","1"
"2024-10-15","2024-10-15 10:00:00 AM","Q58","W","503511","5","63","18","6"
"2024-10-15","2024-10-15 10:00:00 AM","Q58","W","503506","5","0","4","2"
"2024-10-15","2024-10-15 09:00:00 AM","S53","W","200201","5","2","4","1"
"2024-10-15","2024-10-15 04:00:00 PM","B35","E","302696","5","9","8","3"
"2024-10-15","2024-10-15 06:00:00 PM","BX19","N","403683","5","12","0","4"
"2024-10-15","2024-10-15 07:00:00 AM","BX19","N","403686","5","13","0","1"
"2024-10-15","2024-10-15 07:00:00 AM","BX19","N","403683","5","3","0","2"
"2024-10-15","2024-10-15 05:00:00 AM","B46","N","303592","5","4","2","4"
"2024-10-15","2024-10-15 06:00:00 PM","BX19","S","100643","5","14","7","2"
"2024-10-15","2024-10-15 07:00:00 AM","B46","S","303682","5","0","1","1"
"2024-10-15","2024-10-15 07:00:00 AM","B46","S","303173","5","2","2","1"
"2024-10-15","2024-10-15 12:00:00 AM","S79+","S","200700","5","0","2","1"
"2024-10-15","2024-10-15 12:00:00 AM","S53","E","200261","5","2","0","1"
"2024-10-15","2024-10-15 06:00:00 PM","Q58","E","505251","5","25","18","7"
"2024-10-15","2024-10-15 07:00:00 AM","B46","N","303592","5","8","1","4"
"2024-10-15","2024-10-15 07:00:00 AM","B46","N","303603","5","1","1","1"
"2024-10-15","2024-10-15 07:00:00 AM","B46","N","303596","5","4","4","3"
"2024-10-15","2024-10-15 09:00:00 AM","S53","E","200261","5","4","0","1"
"2024-10-15","2024-10-15 05:00:00 AM","B46","S","303173","5","3","0","2"
"2024-10-15","2024-10-15 05:00:00 AM","S79+","S","200700","5","3","0","2"
"2024-10-15","2024-10-15 06:00:00 AM","B35","W","302736","5","4","0","1"
"2024-10-15","2024-10-15 06:00:00 PM","Q58","W","503511","5","27","63","7"
"2024-10-15","2024-10-15 06:00:00 PM","Q58","W","503506","5","0","3","2"
"2024-10-15","2024-10-15 02:00:00 PM","B46","S","303173","5","17","1","3"
"2024-10-15","2024-10-15 03:00:00 PM","B35","E","302696","5","19","1","3"
"2024-10-15","2024-10-15 04:00:00 PM","B35","W","302736","5","37","6","4"
"2024-10-15","2024-10-15 09:00:00 AM","M15","N","401679","5","12","0","1"
"2024-10-15","2024-10-15 07:00:00 PM","M101","N","450228","5","3","2","2"
"2024-10-15","2024-10-15 05:00:00 AM","Q58","E","505251","5","7","3","5"
"2024-10-15","2024-10-15 06:00:00 AM","B35","W","302740","5","9","2","1"
"2024-10-15","2024-10-15 07:00:00 AM","B35","W","302740","5","70","21","4"
"2024-10-15","2024-10-15 07:00:00 AM","B35","W","302736","5","41","1","3"
"2024-10-15","2024-10-15 07:00:00 AM","B35","W","302747","5","6","1","1"
"2024-10-15","2024-10-15 12:00:00 AM","B46","N","303592","5","1","2","2"
"2024-10-15","2024-10-15 10:00:00 PM","BX19","S","100643","5","7","0","2"
"2024-10-15","2024-10-15 07:00:00 PM","M101","S","402766","5","2","0","1"
"2024-10-15","2024-10-15 03:00:00 PM","B35","E","302681","5","48","4","3"
"2024-10-15","2024-10-15 12:00:00 AM","Q58","W","503506","5","1","4","3"
"2024-10-15","2024-10-15 07:00:00 PM","M15","S","401741","5","25","5","3"
"2024-10-15","2024-10-15 03:00:00 AM","S53","W","200201","5","0","1","1"
"2024-10-15","2024-10-15 07:00:00 AM","B35","E","302696","5","12","2","1"
"2024-10-15","2024-10-15 07:00:00 AM","B35","E","302681","5","27","1","5"
"2024-10-15","2024-10-15 09:00:00 AM","M101","S","402766","5","2","0","2"
"2024-10-15","2024-10-15 07:00:00 PM","S79+","N","203902","5","5","1","2"
"2024-10-15","2024-10-15 05:00:00 AM","Q58","W","503506","5","1","1","2"
"2024-10-15","2024-10-15 06:00:00 AM","S79+","S","200700","5","36","8","7"
"2024-10-15","2024-10-15 05:00:00 AM","S79+","N","203902","5","26","1","7"
"2024-10-15","2024-10-15 04:00:00 PM","B35","W","302740","5","26","1","2"
"2024-10-15","2024-10-15 04:00:00 AM","Q58","W","503506","5","1","0","1"
"2024-10-15","2024-10-15 07:00:00 PM","S79+","S","200700","5","6","17","5"
"2024-10-15","2024-10-15 02:00:00 PM","M101","S","402766","5","1","0","1"
"2024-10-15","2024-10-15 06:00:00 AM","S79+","N","203902","5","56","13","10"
"2024-10-15","2024-10-15 08:00:00 PM","M15","N","401679","5","3","0","1"
"2024-10-15","2024-10-15 06:00:00 AM","S53","E","200261","5","14","2","5"
"2024-10-15","2024-10-15 12:00:00 AM","B35","E","302681","5","4","0","2"
"2024-10-15","2024-10-15 12:00:00 AM","BX12","W","103945","5","2","1","1"
"2024-10-15","2024-10-15 08:00:00 PM","Q58","E","503450","5","2","0","1"
"2024-10-15","2024-10-15 08:00:00 AM","Q58","W","503511","5","125","9","5"
"2024-10-15","2024-10-15 08:00:00 AM","Q58","W","503506","5","7","0","1"
"2024-10-15","2024-10-15 06:00:00 AM","Q58","W","503511","5","132","7","6"
"2024-10-15","2024-10-15 06:00:00 AM","Q58","W","503506","5","5","0","4"
"2024-10-15","2024-10-15 12:00:00 AM","B35","W","302736","5","4","0","1"
"2024-10-15","2024-10-15 08:00:00 PM","Q58","E","505251","5","2","1","1"
"2024-10-15","2024-10-15 06:00:00 AM","Q58","E","505251","5","23","20","11"
"2024-10-15","2024-10-15 05:00:00 AM","S53","W","200201","5","0","2","1"
"2024-10-15","2024-10-15 05:00:00 AM","BX19","N","403686","5","3","0","1"
"2024-10-15","2024-10-15 04:00:00 AM","B35","W","302736","5","2","0","2"
"2024-10-15","2024-10-15 11:00:00 PM","Q58","W","503506","5","3","6","3"
"2024-10-15","2024-10-15 12:00:00 AM","BX12","E","100796","5","11","3","1"
"2024-10-15","2024-10-15 08:00:00 PM","Q58","W","503506","5","2","10","5"
"2024-10-15","2024-10-15 08:00:00 PM","Q58","W","503511","5","10","36","7"
"2024-10-15","2024-10-15 04:00:00 AM","S53","W","200201","5","2","1","2"
"2024-10-15","2024-10-15 06:00:00 AM","M15","S","401741","5","1","0","1"
"2024-10-15","2024-10-15 10:00:00 AM","Q58","E","505251","5","2","5","2"
"2024-10-15","2024-10-15 05:00:00 PM","BX19","N","403683","5","16","0","2"
"2024-10-15","2024-10-15 01:00:00 PM","B46","S","303173","5","8","0","2"
"2024-10-15","2024-10-15 05:00:00 PM","B35","W","302736","5","22","4","3"
"2024-10-15","2024-10-15 05:00:00 PM","S79+","N","203902","5","28","21","6"
"2024-10-15","2024-10-15 12:00:00 PM","B35","E","302696","5","0","2","1"
"2024-10-15","2024-10-15 12:00:00 PM","B35","E","302681","5","20","2","3"
"2024-10-15","2024-10-15 07:00:00 PM","Q58","W","503511","5","3","36","4"
"2024-10-15","2024-10-15 05:00:00 PM","B35","W","302740","5","10","3","3"
"2024-10-15","2024-10-15 08:00:00 PM","S79+","N","203902","5","27","5","3"
"2024-10-15","2024-10-15 09:00:00 AM","B46","N","303592","5","1","1","1"
"2024-10-15","2024-10-15 11:00:00 AM","Q58","E","505251","5","3","2","1"
"2024-10-15","2024-10-15 10:00:00 AM","B35","E","302681","5","12","1","1"
"2024-10-15","2024-10-15 01:00:00 PM","M101","N","450228","5","6","3","1"
"2024-10-15","2024-10-15 08:00:00 AM","B35","E","302696","5","37","1","3"
"2024-10-15","2024-10-15 08:00:00 AM","B35","E","302681","5","0","1","1"
"2024-10-15","2024-10-15 10:00:00 AM","B35","E","302696","5","3","1","1"
"2024-10-15","2024-10-15 05:00:00 PM","S79+","S","200700","5","12","18","6"
"2024-10-15","2024-10-15 09:00:00 PM","Q58","E","503450","5","2","0","1"
"2024-10-15","2024-10-15 02:00:00 PM","BX19","N","403683","5","18","1","3"
"2024-10-15","2024-10-15 05:00:00 PM","B35","E","302681","5","24","2","2"
"2024-10-15","2024-10-15 05:00:00 PM","B35","E","302696","5","18","7","3"
"2024-10-15","2024-10-15 11:00:00 AM","M15","S","401741","5","4","2","1"
"2024-10-15","2024-10-15 08:00:00 PM","S79+","S","200700","5","6","9","5"
"2024-10-15","2024-10-15 06:00:00 PM","B46","N","303592","5","0","1","1"
"2024-10-15","2024-10-15 06:00:00 PM","B46","N","303603","5","4","1","1"
"2024-10-15","2024-10-15 09:00:00 PM","M15","N","404850","5","3","0","1"
"2024-10-15","2024-10-15 04:00:00 PM","S53","W","200201","5","1","11","4"
"2024-10-15","2024-10-15 02:00:00 PM","S79+","S","200700","5","20","9","4"
"2024-10-15","2024-10-15 06:00:00 PM","B46","S","303173","5","3","0","2"
"2024-10-15","2024-10-15 01:00:00 PM","M101","S","403421","5","2","2","1"
"2024-10-15","2024-10-15 01:00:00 PM","S53","E","200261","5","1","1","1"
"2024-10-15","2024-10-15 04:00:00 PM","S53","E","200261","5","0","1","1"
"2024-10-15","2024-10-15 08:00:00 AM","BX19","N","403683","5","13","5","3"
"2024-10-15","2024-10-15 07:00:00 AM","S53","W","200201","5","4","10","4"
"2024-10-15","2024-10-15 11:00:00 PM","B35","E","302681","5","4","5","1"
"2024-10-15","2024-10-15 10:00:00 AM","S79+","N","203902","5","24","5","4"
"2024-10-15","2024-10-15 01:00:00 PM","S53","W","200201","5","0","3","1"
"2024-10-15","2024-10-15 11:00:00 PM","B35","W","302736","5","12","0","1"
"2024-10-15","2024-10-15 02:00:00 PM","BX19","S","100643","5","11","2","2"
"2024-10-15","2024-10-15 07:00:00 PM","B35","E","302696","5","8","7","2"
"2024-10-15","2024-10-15 07:00:00 PM","B35","E","302681","5","10","1","2"
"2024-10-15","2024-10-15 10:00:00 AM","S53","W","200201","5","5","4","2"
"2024-10-15","2024-10-15 07:00:00 PM","Q58","W","503506","5","5","7","3"
"2024-10-15","2024-10-15 09:00:00 PM","M101","S","402766","5","2","0","1"
"2024-10-15","2024-10-15 10:00:00 AM","S53","E","200261","5","2","0","1"
"2024-10-15","2024-10-15 02:00:00 PM","S79+","N","203902","5","11","9","5"
"2024-10-15","2024-10-15 07:00:00 PM","B35","W","302736","5","5","0","1"
"2024-10-15","2024-10-15 11:00:00 PM","B46","S","303173","5","3","0","2"
"2024-10-15","2024-10-15 04:00:00 PM","M15","S","401741","5","5","0","1"
"2024-10-15","2024-10-15 10:00:00 AM","B46","S","303173","5","5","1","2"
"2024-10-15","2024-10-15 07:00:00 AM","M15","N","404850","5","0","2","1"
"2024-10-15","2024-10-15 09:00:00 PM","M101","N","450228","5","6","4","1"
"2024-10-15","2024-10-15 08:00:00 AM","BX19","S","100643","5","24","0","2"
"2024-10-15","2024-10-15 02:00:00 PM","B35","E","302681","5","31","3","3"
"2024-10-15","2024-10-15 02:00:00 PM","B35","E","302696","5","91","6","4"
"2024-10-15","2024-10-15 08:00:00 AM","S79+","N","203902","5","64","6","7"
"2024-10-15","2024-10-15 07:00:00 PM","BX19","N","403683","5","5","1","1"
"2024-10-15","2024-10-15 02:00:00 PM","Q58","E","503475","5","15","17","5"
"2024-10-15","2024-10-15 07:00:00 PM","BX19","S","100643","5","7","1","2"
"2024-10-15","2024-10-15 07:00:00 AM","M15","N","401679","5","7","0","1"
"2024-10-15","2024-10-15 10:00:00 AM","B46","N","303592","5","4","0","3"
"2024-10-15","2024-10-15 08:00:00 AM","S53","W","200201","5","1","3","1"
"2024-10-15","2024-10-15 04:00:00 PM","M15","N","404850","5","1","1","1"
"2024-10-15","2024-10-15 02:00:00 PM","B35","W","302740","5","39","8","4"
"2024-10-15","2024-10-15 08:00:00 AM","S79+","S","200700","5","31","11","7"
"2024-10-15","2024-10-15 08:00:00 PM","BX19","N","403683","5","6","1","2"
"2024-10-15","2024-10-15 07:00:00 PM","Q58","E","503450","5","0","3","1"
"2024-10-15","2024-10-15 07:00:00 PM","Q58","E","505251","5","12","17","4"
"2024-10-15","2024-10-15 02:00:00 PM","Q58","E","503450","5","1","0","1"
"2024-10-15","2024-10-15 10:00:00 AM","B35","W","302740","5","12","0","1"
"2024-10-15","2024-10-15 10:00:00 AM","B35","W","302736","5","12","3","4"
"2024-10-15","2024-10-15 09:00:00 AM","B46","S","303173","5","7","0","3"
"2024-10-15","2024-10-15 07:00:00 AM","M15","S","401741","5","5","1","1"
"2024-10-15","2024-10-15 08:00:00 AM","S53","E","200261","5","8","0","2"
"2024-10-15","2024-10-15 08:00:00 PM","S53","E","200261","5","2","1","1"
"2024-10-15","2024-10-15 11:00:00 PM","B46","N","303592","5","5","1","3"
"2024-10-15","2024-10-15 02:00:00 PM","Q58","E","503477","5","1","0","1"
"2024-10-15","2024-10-15 12:00:00 PM","BX19","S","100643","5","12","0","4"
"2024-10-15","2024-10-15 12:00:00 PM","BX19","N","403683","5","15","2","4"
"2024-10-15","2024-10-15 05:00:00 PM","Q58","E","505251","5","15","10","6"
"2024-10-15","2024-10-15 08:00:00 PM","S53","W","200201","5","2","10","3"
"2024-10-15","2024-10-15 08:00:00 AM","B35","W","302736","5","33","3","4"
"2024-10-15","2024-10-15 08:00:00 AM","B35","W","302740","5","9","5","2"
"2024-10-15","2024-10-15 08:00:00 AM","B35","W","302747","5","7","2","1"
"2024-10-15","2024-10-15 09:00:00 PM","Q58","W","503506","5","3","11","4"
"2024-10-15","2024-10-15 05:00:00 PM","BX19","S","100643","5","11","4","2"
"2024-10-15","2024-10-15 01:00:00 PM","B46","N","303592","5","16","4","6"
"2024-10-15","2024-10-15 12:00:00 PM","B35","W","302736","5","22","3","5"
"2024-10-15","2024-10-15 12:00:00 PM","B35","W","302740","5","9","0","2"
"2024-10-15","2024-10-15 02:00:00 PM","Q58","E","502992","6","3","25","3"
"2024-10-15","2024-10-15 02:00:00 PM","Q58","E","503476","6","5","8","4"
"2024-10-15","2024-10-15 02:00:00 PM","Q58","E","503451","6","0","2","1"
"2024-10-15","2024-10-15 11:00:00 PM","B46","N","303593","6","1","0","1"
"2024-10-15","2024-10-15 07:00:00 AM","M15","S","401742","6","0","3","1"
"2024-10-15","2024-10-15 07:00:00 AM","S53","E","203032","6","3","1","1"
"2024-10-15","2024-10-15 11:00:00 PM","B35","W","302737","6","0","1","1"
"2024-10-15","2024-10-15 11:00:00 PM","B35","E","302682","6","0","2","1"
"2024-10-15","2024-10-15 07:00:00 AM","S53","W","203464","6","9","3","3"
"2024-10-15","2024-10-15 08:00:00 AM","B35","E","302697","6","6","0","2"
"2024-10-15","2024-10-15 09:00:00 PM","Q58","W","503240","6","1","3","3"
"2024-10-15","2024-10-15 08:00:00 AM","B35","W","302742","6","18","0","2"
"2024-10-15","2024-10-15 08:00:00 AM","B35","W","302737","6","4","1","2"
"2024-10-15","2024-10-15 09:00:00 PM","Q58","E","503451","6","1","2","2"
"2024-10-15","2024-10-15 08:00:00 AM","BX19","N","403684","6","25","14","3"
"2024-10-15","2024-10-15 09:00:00 PM","M101","N","402679","6","0","2","1"
"2024-10-15","2024-10-15 08:00:00 AM","BX19","S","101347","6","65","8","4"
"2024-10-15","2024-10-15 08:00:00 AM","S53","E","203032","6","3","1","2"
"2024-10-15","2024-10-15 08:00:00 PM","S79+","S","203695","6","4","21","5"
"2024-10-15","2024-10-15 08:00:00 AM","S53","W","203464","6","2","1","2"
"2024-10-15","2024-10-15 08:00:00 PM","S79+","N","203075","6","0","2","1"
"2024-10-15","2024-10-15 08:00:00 AM","S79+","N","203075","6","32","2","7"
"2024-10-15","2024-10-15 08:00:00 AM","S79+","S","203695","6","21","35","10"
"2024-10-15","2024-10-15 08:00:00 PM","S53","W","203464","6","2","12","2"
"2024-10-15","2024-10-15 09:00:00 AM","B46","N","303593","6","1","1","1"
"2024-10-15","2024-10-15 09:00:00 AM","B46","S","303175","6","2","4","4"
"2024-10-15","2024-10-15 08:00:00 PM","BX19","N","403684","6","29","6","2"
"2024-10-15","2024-10-15 07:00:00 PM","Q58","W","503517","6","8","7","5"
"2024-10-15","2024-10-15 07:00:00 PM","Q58","W","503240","6","1","2","1"
"2024-10-15","2024-10-15 10:00:00 AM","B35","E","302697","6","2","0","1"
"2024-10-15","2024-10-15 10:00:00 AM","B35","W","302737","6","1","3","2"
"2024-10-15","2024-10-15 10:00:00 AM","B35","W","302742","6","10","0","2"
"2024-10-15","2024-10-15 07:00:00 PM","Q58","E","503465","6","16","10","4"
"2024-10-15","2024-10-15 07:00:00 PM","Q58","E","503451","6","1","0","1"
"2024-10-15","2024-10-15 07:00:00 PM","BX19","S","101347","6","14","6","3"
"2024-10-15","2024-10-15 07:00:00 PM","BX19","N","403684","6","10","12","1"
"2024-10-15","2024-10-15 10:00:00 AM","B46","S","303175","6","3","3","4"
"2024-10-15","2024-10-15 07:00:00 PM","B35","W","302737","6","0","2","1"
"2024-10-15","2024-10-15 07:00:00 PM","B35","W","302742","6","2","0","1"
"2024-10-15","2024-10-15 10:00:00 AM","S53","E","203032","6","2","0","1"
"2024-10-15","2024-10-15 10:00:00 AM","S53","W","203464","6","2","3","2"
"2024-10-15","2024-10-15 07:00:00 PM","B35","E","302697","6","0","2","1"
"2024-10-15","2024-10-15 10:00:00 AM","S79+","N","203075","6","7","2","4"
"2024-10-15","2024-10-15 11:00:00 AM","M101","N","402679","6","17","3","1"
"2024-10-15","2024-10-15 06:00:00 PM","B46","S","303683","6","2","8","1"
"2024-10-15","2024-10-15 06:00:00 PM","B46","S","303175","6","0","5","2"
"2024-10-15","2024-10-15 06:00:00 PM","B46","N","303604","6","1","1","1"
"2024-10-15","2024-10-15 06:00:00 PM","B46","N","303593","6","1","2","1"
"2024-10-15","2024-10-15 05:00:00 PM","S79+","S","203695","6","11","45","7"
"2024-10-15","2024-10-15 11:00:00 AM","Q58","E","503465","6","4","5","2"
"2024-10-15","2024-10-15 12:00:00 PM","B35","E","302697","6","8","0","3"
"2024-10-15","2024-10-15 12:00:00 PM","B35","E","302682","6","1","1","2"
"2024-10-15","2024-10-15 05:00:00 PM","S79+","N","203075","6","14","10","5"
"2024-10-15","2024-10-15 12:00:00 PM","B35","W","302742","6","6","0","2"
"2024-10-15","2024-10-15 12:00:00 PM","B35","W","302737","6","16","2","2"
"2024-10-15","2024-10-15 12:00:00 PM","BX19","N","403684","6","43","6","5"
"2024-10-15","2024-10-15 05:00:00 PM","Q58","E","503451","6","1","0","1"
"2024-10-15","2024-10-15 05:00:00 PM","Q58","E","503465","6","29","14","5"
"2024-10-15","2024-10-15 12:00:00 PM","BX19","S","101347","6","30","2","3"
"2024-10-15","2024-10-15 05:00:00 PM","BX19","S","101347","6","26","7","4"
"2024-10-15","2024-10-15 01:00:00 PM","B46","N","303593","6","2","1","3"
"2024-10-15","2024-10-15 05:00:00 PM","BX19","N","403684","6","94","13","3"
"2024-10-15","2024-10-15 01:00:00 PM","B46","S","303175","6","6","5","4"
"2024-10-15","2024-10-15 05:00:00 PM","B35","W","302737","6","10","2","2"
"2024-10-15","2024-10-15 05:00:00 PM","B35","W","302742","6","7","0","1"
"2024-10-15","2024-10-15 01:00:00 PM","M101","N","402679","6","1","5","1"
"2024-10-15","2024-10-15 05:00:00 PM","B35","E","302697","6","2","1","3"
"2024-10-15","2024-10-15 05:00:00 PM","B35","E","302682","6","5","1","3"
"2024-10-15","2024-10-15 04:00:00 PM","S53","W","203464","6","5","7","3"
"2024-10-15","2024-10-15 01:00:00 PM","M101","S","403422","6","1","1","1"
"2024-10-15","2024-10-15 04:00:00 PM","S53","E","203032","6","2","0","1"
"2024-10-15","2024-10-15 02:00:00 PM","B35","E","302697","6","7","2","4"
"2024-10-15","2024-10-15 02:00:00 PM","B35","E","302682","6","2","2","1"
"2024-10-15","2024-10-15 02:00:00 PM","B35","W","302742","6","29","7","5"
"2024-10-15","2024-10-15 02:00:00 PM","B35","W","302737","6","2","1","1"
"2024-10-15","2024-10-15 03:00:00 PM","M101","S","402767","6","28","5","1"
"2024-10-15","2024-10-15 03:00:00 PM","M101","N","402679","6","19","9","1"
"2024-10-15","2024-10-15 02:00:00 PM","BX19","N","403684","6","45","18","4"
"2024-10-15","2024-10-15 02:00:00 PM","S79+","S","203695","6","9","23","4"
"2024-10-15","2024-10-15 02:00:00 PM","BX19","S","101347","6","20","5","2"
"2024-10-15","2024-10-15 02:00:00 PM","S79+","N","203075","6","3","11","4"
"2024-10-15","2024-10-15 09:00:00 AM","Q58","E","503465","6","21","1","3"
"2024-10-15","2024-10-15 06:00:00 PM","S53","E","203032","6","2","1","2"
"2024-10-15","2024-10-15 05:00:00 PM","Q58","W","503240","6","2","1","2"
"2024-10-15","2024-10-15 05:00:00 PM","Q58","W","503517","6","18","20","7"
"2024-10-15","2024-10-15 11:00:00 AM","Q58","W","503517","6","12","1","3"
"2024-10-15","2024-10-15 11:00:00 AM","Q58","W","503240","6","1","0","1"
"2024-10-15","2024-10-15 06:00:00 PM","M15","N","401681","6","2","1","1"
"2024-10-15","2024-10-15 03:00:00 PM","BX19","N","403684","6","38","15","4"
"2024-10-15","2024-10-15 03:00:00 PM","B46","S","303175","6","3","10","5"
"2024-10-15","2024-10-15 08:00:00 AM","M101","N","402679","6","14","14","2"
"2024-10-15","2024-10-15 02:00:00 PM","M15","S","401742","6","9","1","1"
"2024-10-15","2024-10-15 10:00:00 PM","S79+","S","203695","6","0","6","3"
"2024-10-15","2024-10-15 03:00:00 PM","BX19","S","101347","6","14","6","2"
"2024-10-15","2024-10-15 10:00:00 PM","S79+","N","203075","6","1","0","1"
"2024-10-15","2024-10-15 10:00:00 PM","S53","W","203464","6","3","5","2"
"2024-10-15","2024-10-15 10:00:00 PM","S53","E","203032","6","2","0","1"
"2024-10-15","2024-10-15 10:00:00 PM","M15","S","401742","6","3","1","2"
"2024-10-15","2024-10-15 08:00:00 AM","M15","S","401742","6","1","4","1"
"2024-10-15","2024-10-15 03:00:00 PM","Q58","E","503465","6","14","11","3"
"2024-10-15","2024-10-15 10:00:00 PM","M101","S","402767","6","5","0","1"
"2024-10-15","2024-10-15 10:00:00 PM","B46","N","303593","6","2","1","3"
"2024-10-15","2024-10-15 09:00:00 AM","B35","E","302682","6","1","0","1"
"2024-10-15","2024-10-15 09:00:00 AM","B35","E","302697","6","3","1","2"
"2024-10-15","2024-10-15 01:00:00 PM","S79+","S","203695","6","8","18","4"
"2024-10-15","2024-10-15 01:00:00 PM","S79+","N","203075","6","9","16","3"
"2024-10-15","2024-10-15 09:00:00 AM","B35","W","302742","6","15","1","3"
"2024-10-15","2024-10-15 09:00:00 AM","B35","W","302737","6","1","0","1"
"2024-10-15","2024-10-15 03:00:00 PM","Q58","W","503240","6","1","0","1"
"2024-10-15","2024-10-15 10:00:00 PM","B35","E","302682","6","0","3","1"
"2024-10-15","2024-10-15 03:00:00 PM","S79+","N","203075","6","18","11","7"
"2024-10-15","2024-10-15 03:00:00 PM","S79+","N","200660","6","7","14","2"
"2024-10-15","2024-10-15 09:00:00 PM","BX19","S","101347","6","2","2","1"
"2024-10-15","2024-10-15 09:00:00 AM","BX19","N","403684","6","32","12","4"
"2024-10-15","2024-10-15 03:00:00 PM","S79+","S","203695","6","9","37","3"
"2024-10-15","2024-10-15 09:00:00 PM","BX19","N","403684","6","10","4","2"
"2024-10-15","2024-10-15 09:00:00 AM","BX19","S","101347","6","37","8","4"
"2024-10-15","2024-10-15 04:00:00 PM","B46","N","303593","6","4","4","4"
"2024-10-15","2024-10-15 04:00:00 PM","B46","N","303597","6","1","0","1"
"2024-10-15","2024-10-15 08:00:00 PM","M101","N","402679","6","3","1","1"
"2024-10-15","2024-10-15 11:00:00 PM","S53","W","203464","6","0","1","1"
"2024-10-15","2024-10-15 12:00:00 PM","S79+","S","203695","6","9","8","4"
"2024-10-15","2024-10-15 02:00:00 PM","S53","W","200312","6","0","2","1"
"2024-10-15","2024-10-15 02:00:00 PM","S53","W","203464","6","4","6","3"
"2024-10-15","2024-10-15 11:00:00 PM","S79+","S","203695","6","1","1","1"
"2024-10-15","2024-10-15 08:00:00 PM","B46","S","303175","6","1","0","1"
"2024-10-15","2024-10-15 12:00:00 PM","S79+","N","203075","6","3","2","2"
"2024-10-15","2024-10-15 08:00:00 PM","B46","N","303593","6","1","0","1"
"2024-10-15","2024-10-15 08:00:00 PM","B35","W","302737","6","2","0","1"
"2024-10-15","2024-10-15 08:00:00 PM","B35","W","302742","6","2","0","1"
"2024-10-15","2024-10-15 09:00:00 AM","Q58","W","503240","6","1","0","1"
"2024-10-15","2024-10-15 09:00:00 AM","Q58","W","503517","6","28","1","8"
"2024-10-15","2024-10-15 04:00:00 PM","B46","S","303175","6","8","6","5"
"2024-10-15","2024-10-15 12:00:00 PM","S53","W","203464","6","1","2","1"
"2024-10-15","2024-10-15 08:00:00 PM","B35","E","302697","6","2","2","2"
"2024-10-15","2024-10-15 10:00:00 AM","M101","S","402767","6","10","2","2"
"2024-10-15","2024-10-15 12:00:00 PM","M101","S","403422","6","3","1","1"
"2024-10-15","2024-10-15 04:00:00 PM","M101","N","402679","6","2","3","1"
"2024-10-15","2024-10-15 07:00:00 PM","S53","W","203464","6","2","10","2"
"2024-10-15","2024-10-15 07:00:00 PM","S53","E","203032","6","1","1","1"
"2024-10-15","2024-10-15 10:00:00 AM","M15","N","401681","6","0","1","1"
"2024-10-15","2024-10-15 10:00:00 AM","M15","N","401669","6","1","0","1"
"2024-10-15","2024-10-15 03:00:00 PM","B46","N","303593","6","0","2","1"
"2024-10-15","2024-10-15 12:00:00 PM","M101","N","402679","6","8","5","2"
"2024-10-15","2024-10-15 04:00:00 PM","Q58","E","503451","6","1","0","1"
"2024-10-15","2024-10-15 04:00:00 PM","Q58","E","503465","6","46","20","6"
"2024-10-15","2024-10-15 07:00:00 PM","B46","S","303175","6","3","6","4"
"2024-10-15","2024-10-15 07:00:00 PM","B46","S","303683","6","4","2","3"
"2024-10-15","2024-10-15 04:00:00 PM","Q58","W","503517","6","9","6","2"
"2024-10-15","2024-10-15 10:00:00 AM","S79+","S","203695","6","7","11","5"
"2024-10-15","2024-10-15 12:00:00 PM","B46","S","303175","6","0","4","3"
"2024-10-15","2024-10-15 07:00:00 PM","B46","N","303593","6","0","1","1"
"2024-10-15","2024-10-15 11:00:00 AM","BX19","N","403684","6","40","9","5"
"2024-10-15","2024-10-15 07:00:00 AM","BX19","S","101347","6","65","10","4"
"2024-10-15","2024-10-15 04:00:00 PM","Q58","W","503240","6","2","0","2"
"2024-10-15","2024-10-15 06:00:00 PM","S79+","S","203695","6","29","48","8"
"2024-10-15","2024-10-15 11:00:00 AM","BX19","S","101347","6","10","1","2"
"2024-10-15","2024-10-15 05:00:00 PM","M101","N","402679","6","14","7","1"
"2024-10-15","2024-10-15 12:00:00 PM","B46","N","303593","6","3","0","2"
"2024-10-15","2024-10-15 06:00:00 PM","S79+","N","203075","6","7","11","5"
"2024-10-15","2024-10-15 06:00:00 PM","S53","W","203464","6","1","5","2"
"2024-10-15","2024-10-15 08:00:00 AM","Q58","W","503240","6","7","0","3"
"2024-10-15","2024-10-15 03:00:00 AM","B46","N","303593","6","1","0","1"
"2024-10-15","2024-10-15 08:00:00 AM","Q58","W","503517","6","45","23","8"
"2024-10-15","2024-10-15 06:00:00 AM","S53","E","203032","6","3","0","2"
"2024-10-15","2024-10-15 09:00:00 PM","S53","W","203464","6","1","8","2"
"2024-10-15","2024-10-15 06:00:00 AM","B46","N","303593","6","6","0","4"
"2024-10-15","2024-10-15 10:00:00 PM","BX19","S","101347","6","9","0","2"
"2024-10-15","2024-10-15 06:00:00 AM","B35","W","302742","6","12","0","2"
"2024-10-15","2024-10-15 02:00:00 PM","B46","N","303596","6","1","3","1"
"2024-10-15","2024-10-15 02:00:00 PM","B46","N","303593","6","7","0","3"
"2024-10-15","2024-10-15 06:00:00 AM","Q58","W","503517","6","27","4","4"
"2024-10-15","2024-10-15 06:00:00 AM","Q58","W","503240","6","1","0","1"
"2024-10-15","2024-10-15 03:00:00 PM","B35","W","302742","6","59","4","3"
"2024-10-15","2024-10-15 03:00:00 PM","B35","W","302737","6","4","5","3"
"2024-10-15","2024-10-15 11:00:00 AM","B46","N","303593","6","4","0","3"
"2024-10-15","2024-10-15 05:00:00 AM","S53","W","203464","6","1","0","1"
"2024-10-15","2024-10-15 07:00:00 PM","S79+","N","203075","6","20","21","4"
"2024-10-15","2024-10-15 08:00:00 PM","Q58","E","503465","6","6","2","2"
"2024-10-15","2024-10-15 08:00:00 PM","Q58","E","503451","6","0","3","2"
"2024-10-15","2024-10-15 10:00:00 AM","Q58","E","503451","6","1","0","1"
"2024-10-15","2024-10-15 01:00:00 AM","M101","S","402767","6","3","0","1"
"2024-10-15","2024-10-15 05:00:00 AM","Q58","E","503465","6","6","1","4"
"2024-10-15","2024-10-15 06:00:00 AM","Q58","E","503465","6","60","31","12"
"2024-10-15","2024-10-15 06:00:00 AM","Q58","E","503461","6","3","0","2"
"2024-10-15","2024-10-15 09:00:00 PM","S53","E","203032","6","1","3","1"
"2024-10-15","2024-10-15 07:00:00 AM","BX19","N","403687","6","6","0","1"
"2024-10-15","2024-10-15 08:00:00 AM","B46","N","303597","6","1","0","1"
"2024-10-15","2024-10-15 08:00:00 AM","B46","N","303593","6","8","1","4"
"2024-10-15","2024-10-15 06:00:00 PM","Q58","W","503517","6","17","21","6"
"2024-10-15","2024-10-15 12:00:00 AM","BX12","E","104328","6","4","1","1"
"2024-10-15","2024-10-15 07:00:00 AM","BX19","N","403684","6","36","6","3"
"2024-10-15","2024-10-15 06:00:00 PM","Q58","W","503240","6","0","1","1"
"2024-10-15","2024-10-15 05:00:00 PM","B46","N","303593","6","4","0","1"
"2024-10-15","2024-10-15 10:00:00 AM","BX19","N","403684","6","8","0","1"
"2024-10-15","2024-10-15 04:00:00 AM","S53","W","203464","6","4","1","2"
"2024-10-15","2024-10-15 07:00:00 PM","M101","S","402767","6","24","0","2"
"2024-10-15","2024-10-15 05:00:00 AM","BX19","N","403687","6","4","1","1"
"2024-10-15","2024-10-15 04:00:00 AM","B35","W","302737","6","1","0","1"
"2024-10-15","2024-10-15 06:00:00 AM","M101","S","402767","6","7","2","1"
"2024-10-15","2024-10-15 10:00:00 AM","Q58","E","503465","6","6","2","3"
"2024-10-15","2024-10-15 08:00:00 PM","Q58","W","503517","6","12","11","7"
"2024-10-15","2024-10-15 08:00:00 PM","Q58","W","503240","6","1","1","1"
"2024-10-15","2024-10-15 06:00:00 AM","S79+","N","203075","6","13","0","8"
"2024-10-15","2024-10-15 11:00:00 AM","B35","W","302737","6","2","1","1"
"2024-10-15","2024-10-15 06:00:00 AM","BX19","S","101347","6","32","6","3"
"2024-10-15","2024-10-15 06:00:00 AM","BX19","S","403689","6","4","4","2"
"2024-10-15","2024-10-15 06:00:00 PM","BX19","N","403684","6","53","14","5"
"2024-10-15","2024-10-15 07:00:00 PM","S79+","S","203695","6","5","21","4"
"2024-10-15","2024-10-15 07:00:00 AM","S79+","S","203695","6","35","14","8"
"2024-10-15","2024-10-15 02:00:00 PM","M101","S","402767","6","0","3","1"
"2024-10-15","2024-10-15 03:00:00 AM","S53","E","203032","6","1","0","1"
"2024-10-15","2024-10-15 04:00:00 PM","BX19","N","403684","6","24","6","2"
"2024-10-15","2024-10-15 05:00:00 PM","B46","S","303175","6","2","10","3"
"2024-10-15","2024-10-15 05:00:00 AM","S53","E","203032","6","2","0","2"
"2024-10-15","2024-10-15 05:00:00 PM","B46","S","303683","6","5","13","2"
"2024-10-15","2024-10-15 02:00:00 PM","B46","S","303175","6","10","5","3"
"2024-10-15","2024-10-15 07:00:00 AM","B46","S","303175","6","1","1","2"
"2024-10-15","2024-10-15 07:00:00 AM","S79+","N","203075","6","38","3","8"
"2024-10-15","2024-10-15 09:00:00 PM","B35","W","302742","6","2","1","2"
"2024-10-15","2024-10-15 09:00:00 PM","B35","W","302737","6","0","1","1"
"2024-10-15","2024-10-15 07:00:00 AM","B46","S","303683","6","4","0","1"
"2024-10-15","2024-10-15 06:00:00 AM","BX19","N","100564","6","2","4","2"
"2024-10-15","2024-10-15 06:00:00 AM","BX19","N","101318","6","1","0","1"
"2024-10-15","2024-10-15 06:00:00 AM","BX19","N","403687","6","9","2","1"
"2024-10-15","2024-10-15 03:00:00 PM","M15","S","401742","6","4","0","1"
"2024-10-15","2024-10-15 03:00:00 PM","B35","E","302682","6","5","2","2"
"2024-10-15","2024-10-15 03:00:00 PM","B35","E","302697","6","1","6","2"
"2024-10-15","2024-10-15 06:00:00 AM","S79+","S","203695","6","6","7","4"
"2024-10-15","2024-10-15 05:00:00 AM","M101","S","402767","6","1","1","1"
"2024-10-15","2024-10-15 11:00:00 AM","B35","W","302742","6","4","5","2"
"2024-10-15","2024-10-15 07:00:00 PM","M15","S","401742","6","1","1","2"
"2024-10-15","2024-10-15 08:00:00 AM","Q58","E","503465","6","48","4","6"
"2024-10-15","2024-10-15 05:00:00 PM","S53","E","203032","6","1","1","1"
"2024-10-15","2024-10-15 02:00:00 PM","Q58","W","503240","6","1","0","1"
"2024-10-15","2024-10-15 09:00:00 AM","S79+","S","203695","6","17","14","8"
"2024-10-15","2024-10-15 07:00:00 AM","Q58","W","503517","6","104","13","10"
"2024-10-15","2024-10-15 12:00:00 PM","Q58","W","503240","6","1","0","1"
"2024-10-15","2024-10-15 12:00:00 PM","Q58","W","503517","6","8","0","1"
"2024-10-15","2024-10-15 05:00:00 AM","B46","N","303593","6","2","0","2"
"2024-10-15","2024-10-15 06:00:00 PM","BX19","S","101347","6","48","21","2"
"2024-10-15","2024-10-15 04:00:00 PM","B35","E","302682","6","3","3","3"
"2024-10-15","2024-10-15 09:00:00 PM","B46","S","303175","6","1","1","2"
"2024-10-15","2024-10-15 09:00:00 PM","S79+","S","203695","6","0","4","1"
"2024-10-15","2024-10-15 01:00:00 PM","B35","E","302697","6","2","1","2"
"2024-10-15","2024-10-15 01:00:00 PM","B35","E","302682","6","2","0","1"
"2024-10-15","2024-10-15 04:00:00 PM","B35","W","302737","6","6","5","3"
"2024-10-15","2024-10-15 01:00:00 AM","BX12","E","104328","6","5","3","1"
"2024-10-15","2024-10-15 07:00:00 PM","M101","N","402679","6","4","5","1"
"2024-10-15","2024-10-15 11:00:00 PM","BX19","N","403687","6","1","3","2"
"2024-10-15","2024-10-15 12:00:00 PM","Q58","E","503451","6","3","0","2"
"2024-10-15","2024-10-15 07:00:00 AM","B35","E","302682","6","4","1","4"
"2024-10-15","2024-10-15 09:00:00 PM","B46","S","303683","6","0","1","1"
"2024-10-15","2024-10-15 05:00:00 PM","S53","W","203464","6","2","10","3"
"2024-10-15","2024-10-15 06:00:00 PM","Q58","E","503465","6","54","27","7"
"2024-10-15","2024-10-15 06:00:00 PM","Q58","E","503451","6","0","1","1"
"2024-10-15","2024-10-15 12:00:00 PM","M15","S","401742","6","4","0","1"
"2024-10-15","2024-10-15 03:00:00 PM","S53","E","203032","6","4","2","2"
"2024-10-15","2024-10-15 04:00:00 PM","BX19","S","101347","6","19","5","3"
"2024-10-15","2024-10-15 01:00:00 PM","B35","W","302737","6","2","0","1"
"2024-10-15","2024-10-15 01:00:00 PM","B35","W","302742","6","10","2","2"
"2024-10-15","2024-10-15 04:00:00 PM","B35","E","302697","6","1","2","2"
"2024-10-15","2024-10-15 07:00:00 AM","Q58","E","503451","6","1","2","2"
"2024-10-15","2024-10-15 07:00:00 AM","Q58","E","503465","6","68","8","6"
"2024-10-15","2024-10-15 11:00:00 AM","S79+","S","203695","6","9","10","4"
"2024-10-15","2024-10-15 08:00:00 AM","B46","S","303683","6","9","7","4"
"2024-10-15","2024-10-15 02:00:00 PM","Q58","W","503533","6","0","1","1"
"2024-10-15","2024-10-15 09:00:00 AM","S53","E","203032","6","4","0","2"
"2024-10-15","2024-10-15 08:00:00 AM","B46","S","303175","6","3","4","3"
"2024-10-15","2024-10-15 10:00:00 AM","Q58","W","503517","6","29","14","6"
"2024-10-15","2024-10-15 01:00:00 PM","BX19","N","403684","6","21","8","2"
"2024-10-15","2024-10-15 09:00:00 AM","S79+","N","203075","6","10","3","6"
"2024-10-15","2024-10-15 07:00:00 AM","B46","N","303593","6","7","3","6"
"2024-10-15","2024-10-15 01:00:00 PM","BX19","S","101347","6","41","6","5"
"2024-10-15","2024-10-15 06:00:00 AM","B46","S","303175","6","2","2","3"
"2024-10-15","2024-10-15 06:00:00 PM","B35","E","302682","6","3","3","3"
"2024-10-15","2024-10-15 07:00:00 AM","B35","W","302742","6","39","9","4"
"2024-10-15","2024-10-15 06:00:00 AM","B35","E","302682","6","1","0","1"
"2024-10-15","2024-10-15 07:00:00 AM","B35","W","302737","6","4","0","2"
"2024-10-15","2024-10-15 11:00:00 AM","S79+","N","203075","6","3","0","2"
"2024-10-15","2024-10-15 07:00:00 AM","B35","E","302697","6","1","0","1"
"2024-10-15","2024-10-15 10:00:00 AM","BX19","S","101347","6","44","7","4"
"2024-10-15","2024-10-15 05:00:00 AM","Q58","E","503451","6","2","0","1"
"2024-10-15","2024-10-15 07:00:00 AM","M101","N","402679","6","17","10","3"
"2024-10-15","2024-10-15 01:00:00 PM","Q58","E","503451","6","1","0","1"
"2024-10-15","2024-10-15 11:00:00 AM","S53","W","203464","6","1","0","1"
"2024-10-15","2024-10-15 04:00:00 PM","B35","W","302742","6","16","0","2"
"2024-10-15","2024-10-15 04:00:00 PM","S79+","N","203075","6","9","5","4"
"2024-10-15","2024-10-15 05:00:00 AM","S79+","S","203695","6","0","4","2"
"2024-10-15","2024-10-15 06:00:00 PM","B35","W","302742","6","12","1","2"
"2024-10-15","2024-10-15 06:00:00 PM","B35","W","302737","6","4","0","1"
"2024-10-15","2024-10-15 01:00:00 AM","B35","W","302737","6","5","0","1"
"2024-10-15","2024-10-15 01:00:00 PM","Q58","W","503240","6","0","1","1"
"2024-10-15","2024-10-15 04:00:00 PM","S79+","S","203695","6","15","48","8"
"2024-10-15","2024-10-15 11:00:00 AM","B46","S","303175","6","2","4","2"
"2024-10-15","2024-10-15 12:00:00 AM","M101","S","402767","6","0","1","1"
"2024-10-15","2024-10-15 04:00:00 AM","BX19","S","101347","6","2","1","1"
"2024-10-15","2024-10-15 04:00:00 AM","B46","N","303593","6","4","0","2"
"2024-10-15","2024-10-15 03:00:00 PM","S53","W","203464","6","1","5","1"
"2024-10-15","2024-10-15 09:00:00 AM","M101","S","402767","6","33","5","3"
"2024-10-15","2024-10-15 05:00:00 AM","S79+","N","203075","6","7","0","3"
"2024-10-15","2024-10-15 09:00:00 AM","S53","W","203464","6","1","1","1"
"2024-10-15","2024-10-15 12:00:00 PM","M15","S","803228","7","3","3","1"
"2024-10-15","2024-10-15 11:00:00 AM","B35","W","308483","7","8","2","1"
"2024-10-15","2024-10-15 11:00:00 AM","B35","W","306454","7","0","1","1"
"2024-10-15","2024-10-15 09:00:00 PM","B46","S","303685","7","0","1","1"
"2024-10-15","2024-10-15 02:00:00 PM","B46","S","303657","7","11","0","3"
"2024-10-15","2024-10-15 11:00:00 AM","B35","E","302698","7","1","0","1"
"2024-10-15","2024-10-15 11:00:00 AM","B35","E","302683","7","2","1","1"
"2024-10-15","2024-10-15 01:00:00 AM","S53","W","200203","7","0","1","1"
"2024-10-15","2024-10-15 02:00:00 PM","M101","S","402769","7","21","0","2"
"2024-10-15","2024-10-15 10:00:00 AM","Q58","W","502982","7","1","1","2"
"2024-10-15","2024-10-15 10:00:00 AM","Q58","W","503519","7","16","19","5"
"2024-10-15","2024-10-15 05:00:00 AM","B35","W","306454","7","2","0","1"
"2024-10-15","2024-10-15 02:00:00 PM","Q58","W","502982","7","15","10","6"
"2024-10-15","2024-10-15 10:00:00 AM","Q58","E","503477","7","0","18","0"
"2024-10-15","2024-10-15 10:00:00 AM","Q58","E","503470","7","11","4","3"
"2024-10-15","2024-10-15 09:00:00 PM","S53","E","200263","7","8","0","1"
"2024-10-15","2024-10-15 03:00:00 PM","B35","E","302698","7","3","1","2"
"2024-10-15","2024-10-15 03:00:00 PM","B35","E","302683","7","6","20","3"
"2024-10-15","2024-10-15 10:00:00 AM","BX19","S","103917","7","34","12","4"
"2024-10-15","2024-10-15 03:00:00 PM","B35","W","308483","7","46","24","2"
"2024-10-15","2024-10-15 10:00:00 AM","BX19","N","403686","7","6","4","1"
"2024-10-15","2024-10-15 03:00:00 PM","B35","W","306454","7","2","1","2"
"2024-10-15","2024-10-15 06:00:00 AM","B35","W","306454","7","1","0","1"
"2024-10-15","2024-10-15 03:00:00 PM","M15","S","803228","7","0","1","1"
"2024-10-15","2024-10-15 09:00:00 AM","S79+","S","201109","7","10","27","8"
"2024-10-15","2024-10-15 06:00:00 AM","B35","W","308483","7","25","3","1"
"2024-10-15","2024-10-15 03:00:00 PM","S53","E","200263","7","7","1","3"
"2024-10-15","2024-10-15 09:00:00 AM","S79+","N","200470","7","14","11","8"
"2024-10-15","2024-10-15 03:00:00 PM","S53","W","200203","7","0","2","1"
"2024-10-15","2024-10-15 09:00:00 AM","S53","W","200203","7","0","1","0"
"2024-10-15","2024-10-15 03:00:00 AM","S53","E","200263","7","1","0","1"
"2024-10-15","2024-10-15 09:00:00 AM","S53","E","200263","7","10","0","2"
"2024-10-15","2024-10-15 04:00:00 PM","B35","E","302683","7","2","2","2"
"2024-10-15","2024-10-15 04:00:00 PM","B35","E","302698","7","2","4","3"
"2024-10-15","2024-10-15 09:00:00 AM","M101","S","402769","7","5","2","2"
"2024-10-15","2024-10-15 08:00:00 AM","Q58","W","503519","7","27","68","8"
"2024-10-15","2024-10-15 08:00:00 AM","Q58","W","502982","7","1","2","2"
"2024-10-15","2024-10-15 04:00:00 PM","B35","W","306454","7","13","1","2"
"2024-10-15","2024-10-15 04:00:00 AM","B35","W","306454","7","2","0","1"
"2024-10-15","2024-10-15 04:00:00 PM","B35","W","308483","7","43","16","3"
"2024-10-15","2024-10-15 09:00:00 PM","S53","W","200203","7","0","1","1"
"2024-10-15","2024-10-15 04:00:00 PM","BX19","N","403686","7","37","14","2"
"2024-10-15","2024-10-15 01:00:00 AM","BX12","E","100798","7","4","4","1"
"2024-10-15","2024-10-15 08:00:00 AM","Q58","E","503470","7","40","8","4"
"2024-10-15","2024-10-15 08:00:00 AM","Q58","E","503452","7","1","2","2"
"2024-10-15","2024-10-15 09:00:00 PM","S79+","N","200470","7","8","6","2"
"2024-10-15","2024-10-15 08:00:00 AM","B46","S","303685","7","2","6","4"
"2024-10-15","2024-10-15 08:00:00 AM","B46","S","303657","7","7","2","5"
"2024-10-15","2024-10-15 06:00:00 AM","B35","E","302683","7","7","0","2"
"2024-10-15","2024-10-15 04:00:00 PM","BX19","S","103917","7","46","13","3"
"2024-10-15","2024-10-15 04:00:00 PM","S79+","N","200470","7","12","26","6"
"2024-10-15","2024-10-15 04:00:00 AM","B46","N","303594","7","5","0","2"
"2024-10-15","2024-10-15 10:00:00 PM","Q58","W","502982","7","0","2","1"
"2024-10-15","2024-10-15 04:00:00 PM","S79+","S","201109","7","34","56","8"
"2024-10-15","2024-10-15 08:00:00 AM","B46","N","303594","7","3","2","2"
"2024-10-15","2024-10-15 08:00:00 AM","B46","N","801094","7","6","0","1"
"2024-10-15","2024-10-15 05:00:00 PM","B46","N","303594","7","5","1","3"
"2024-10-15","2024-10-15 01:00:00 AM","B46","S","303657","7","0","1","1"
"2024-10-15","2024-10-15 07:00:00 AM","S79+","S","201109","7","45","40","10"
"2024-10-15","2024-10-15 05:00:00 PM","B46","S","303685","7","0","12","2"
"2024-10-15","2024-10-15 07:00:00 AM","S79+","N","200470","7","41","20","9"
"2024-10-15","2024-10-15 05:00:00 AM","M15","S","803228","7","0","1","1"
"2024-10-15","2024-10-15 05:00:00 PM","B46","S","303657","7","13","7","4"
"2024-10-15","2024-10-15 07:00:00 AM","Q58","W","502982","7","0","1","1"
"2024-10-15","2024-10-15 07:00:00 AM","Q58","W","503519","7","78","36","9"
"2024-10-15","2024-10-15 05:00:00 AM","B46","S","303657","7","2","0","2"
"2024-10-15","2024-10-15 05:00:00 PM","S53","E","200263","7","0","1","1"
"2024-10-15","2024-10-15 05:00:00 PM","S53","W","200203","7","2","9","4"
"2024-10-15","2024-10-15 07:00:00 AM","Q58","E","503452","7","2","11","4"
"2024-10-15","2024-10-15 07:00:00 AM","Q58","E","503470","7","61","19","6"
"2024-10-15","2024-10-15 09:00:00 PM","S79+","S","201109","7","0","6","1"
"2024-10-15","2024-10-15 05:00:00 AM","S79+","S","201109","7","3","3","1"
"2024-10-15","2024-10-15 06:00:00 PM","B35","E","302683","7","0","3","2"
"2024-10-15","2024-10-15 07:00:00 AM","M101","N","402682","7","4","7","3"
"2024-10-15","2024-10-15 12:00:00 AM","B35","E","302683","7","0","1","1"
"2024-10-15","2024-10-15 04:00:00 AM","BX19","S","103917","7","0","1","1"
"2024-10-15","2024-10-15 12:00:00 AM","B46","N","303594","7","0","1","1"
"2024-10-15","2024-10-15 06:00:00 PM","B35","W","306454","7","6","1","1"
"2024-10-15","2024-10-15 06:00:00 PM","B35","W","308483","7","33","13","3"
"2024-10-15","2024-10-15 07:00:00 AM","BX19","N","403688","7","27","9","2"
"2024-10-15","2024-10-15 07:00:00 AM","BX19","N","403686","7","56","2","3"
"2024-10-15","2024-10-15 07:00:00 AM","BX19","N","104099","7","3","0","1"
"2024-10-15","2024-10-15 06:00:00 PM","BX19","N","403686","7","46","30","4"
"2024-10-15","2024-10-15 07:00:00 AM","B46","S","303685","7","0","1","1"
"2024-10-15","2024-10-15 07:00:00 AM","B46","S","303657","7","0","5","3"
"2024-10-15","2024-10-15 06:00:00 PM","BX19","S","103917","7","17","9","2"
"2024-10-15","2024-10-15 07:00:00 AM","B46","N","303605","7","5","2","2"
"2024-10-15","2024-10-15 07:00:00 AM","B46","N","303594","7","6","1","3"
"2024-10-15","2024-10-15 07:00:00 AM","B46","N","801094","7","15","1","4"
"2024-10-15","2024-10-15 05:00:00 AM","B46","N","303594","7","3","0","2"
"2024-10-15","2024-10-15 06:00:00 PM","Q58","E","503470","7","8","17","4"
"2024-10-15","2024-10-15 06:00:00 PM","Q58","W","502982","7","0","1","1"
"2024-10-15","2024-10-15 06:00:00 PM","Q58","W","503519","7","7","13","6"
"2024-10-15","2024-10-15 07:00:00 AM","B35","W","308483","7","121","67","4"
"2024-10-15","2024-10-15 07:00:00 AM","B35","W","306454","7","2","2","2"
"2024-10-15","2024-10-15 07:00:00 AM","B35","W","302749","7","3","0","1"
"2024-10-15","2024-10-15 07:00:00 PM","M101","S","402769","7","1","0","1"
"2024-10-15","2024-10-15 07:00:00 AM","B35","E","302683","7","27","1","6"
"2024-10-15","2024-10-15 05:00:00 AM","S79+","N","200470","7","13","1","6"
"2024-10-15","2024-10-15 07:00:00 PM","M15","S","803228","7","3","2","1"
"2024-10-15","2024-10-15 06:00:00 AM","S79+","S","201109","7","18","25","5"
"2024-10-15","2024-10-15 05:00:00 AM","Q58","E","503462","7","1","0","1"
"2024-10-15","2024-10-15 04:00:00 AM","Q58","W","502982","7","1","0","1"
"2024-10-15","2024-10-15 07:00:00 PM","S79+","N","200470","7","3","11","4"
"2024-10-15","2024-10-15 06:00:00 AM","S79+","N","200470","7","18","15","9"
"2024-10-15","2024-10-15 10:00:00 PM","BX19","S","103917","7","16","4","2"
"2024-10-15","2024-10-15 07:00:00 PM","S79+","S","201109","7","10","46","6"
"2024-10-15","2024-10-15 06:00:00 AM","S53","E","200263","7","2","0","1"
"2024-10-15","2024-10-15 06:00:00 AM","Q58","W","503519","7","26","3","4"
"2024-10-15","2024-10-15 06:00:00 AM","Q58","W","502982","7","0","3","3"
"2024-10-15","2024-10-15 08:00:00 PM","Q58","E","503470","7","4","4","2"
"2024-10-15","2024-10-15 06:00:00 AM","Q58","E","503462","7","10","0","2"
"2024-10-15","2024-10-15 06:00:00 AM","Q58","E","503470","7","74","27","11"
"2024-10-15","2024-10-15 08:00:00 PM","Q58","E","503452","7","2","1","2"
"2024-10-15","2024-10-15 06:00:00 AM","M101","S","402769","7","2","1","1"
"2024-10-15","2024-10-15 05:00:00 AM","S53","E","200263","7","4","0","3"
"2024-10-15","2024-10-15 06:00:00 AM","BX19","S","103917","7","53","1","3"
"2024-10-15","2024-10-15 06:00:00 AM","BX19","S","403690","7","5","6","2"
"2024-10-15","2024-10-15 08:00:00 PM","Q58","W","502982","7","2","0","2"
"2024-10-15","2024-10-15 08:00:00 PM","Q58","W","503519","7","9","18","7"
"2024-10-15","2024-10-15 04:00:00 AM","S79+","N","200470","7","2","0","2"
"2024-10-15","2024-10-15 06:00:00 AM","BX19","N","902030","7","1","1","1"
"2024-10-15","2024-10-15 05:00:00 AM","Q58","E","503470","7","8","5","4"
"2024-10-15","2024-10-15 05:00:00 AM","BX19","N","403688","7","3","2","1"
"2024-10-15","2024-10-15 09:00:00 PM","B35","W","308483","7","22","0","2"
"2024-10-15","2024-10-15 09:00:00 PM","B46","N","303594","7","4","1","2"
"2024-10-15","2024-10-15 11:00:00 PM","BX19","N","403688","7","7","5","2"
"2024-10-15","2024-10-15 12:00:00 PM","Q58","W","502982","7","2","2","3"
"2024-10-15","2024-10-15 12:00:00 PM","Q58","W","503519","7","4","1","1"
"2024-10-15","2024-10-15 01:00:00 PM","B35","E","302698","7","1","4","3"
"2024-10-15","2024-10-15 12:00:00 PM","Q58","E","503452","7","1","0","1"
"2024-10-15","2024-10-15 01:00:00 PM","B35","E","302683","7","1","0","1"
"2024-10-15","2024-10-15 02:00:00 PM","B46","N","303597","7","5","1","1"
"2024-10-15","2024-10-15 09:00:00 PM","B46","S","303657","7","2","0","2"
"2024-10-15","2024-10-15 01:00:00 PM","B35","W","308483","7","25","11","2"
"2024-10-15","2024-10-15 11:00:00 AM","S79+","S","201109","7","17","11","4"
"2024-10-15","2024-10-15 01:00:00 PM","B35","W","306454","7","31","2","2"
"2024-10-15","2024-10-15 06:00:00 AM","B46","S","303657","7","1","1","2"
"2024-10-15","2024-10-15 01:00:00 PM","BX19","N","403686","7","27","7","2"
"2024-10-15","2024-10-15 11:00:00 AM","S79+","N","200470","7","13","10","5"
"2024-10-15","2024-10-15 01:00:00 PM","BX19","S","103917","7","70","20","5"
"2024-10-15","2024-10-15 05:00:00 AM","Q58","W","502982","7","1","0","1"
"2024-10-15","2024-10-15 11:00:00 PM","Q58","W","502982","7","2","0","1"
"2024-10-15","2024-10-15 02:00:00 AM","B46","S","303657","7","1","0","1"
"2024-10-15","2024-10-15 12:00:00 AM","B46","S","303657","7","1","0","1"
"2024-10-15","2024-10-15 01:00:00 PM","Q58","E","503452","7","1","1","2"
"2024-10-15","2024-10-15 11:00:00 AM","S53","E","200263","7","1","0","1"
"2024-10-15","2024-10-15 11:00:00 AM","B46","S","303657","7","14","6","4"
"2024-10-15","2024-10-15 01:00:00 PM","Q58","W","502982","7","1","5","4"
"2024-10-15","2024-10-15 06:00:00 AM","B46","N","303594","7","7","0","3"
"2024-10-15","2024-10-15 03:00:00 AM","B46","N","303594","7","3","0","1"
"2024-10-15","2024-10-15 02:00:00 PM","B46","N","303594","7","1","0","1"
"2024-10-15","2024-10-15 11:00:00 AM","B46","N","303594","7","6","1","4"
"2024-10-15","2024-10-15 05:00:00 PM","BX19","N","403686","7","24","8","3"
"2024-10-15","2024-10-15 06:00:00 PM","B46","S","303657","7","4","4","3"
"2024-10-15","2024-10-15 05:00:00 PM","B35","W","308483","7","86","7","3"
"2024-10-15","2024-10-15 01:00:00 PM","S53","E","200263","7","2","0","1"
"2024-10-15","2024-10-15 08:00:00 AM","S79+","N","200470","7","26","12","7"
"2024-10-15","2024-10-15 07:00:00 AM","S53","W","200203","7","5","0","2"
"2024-10-15","2024-10-15 08:00:00 PM","S53","E","200263","7","0","1","1"
"2024-10-15","2024-10-15 01:00:00 PM","B46","N","303594","7","9","2","3"
"2024-10-15","2024-10-15 08:00:00 PM","BX19","N","403686","7","45","11","3"
"2024-10-15","2024-10-15 10:00:00 AM","B35","E","302698","7","0","1","1"
"2024-10-15","2024-10-15 10:00:00 AM","B35","E","302683","7","6","1","1"
"2024-10-15","2024-10-15 02:00:00 PM","B35","W","308483","7","92","37","5"
"2024-10-15","2024-10-15 07:00:00 PM","B35","E","302683","7","3","6","2"
"2024-10-15","2024-10-15 07:00:00 PM","Q58","W","503519","7","3","7","3"
"2024-10-15","2024-10-15 07:00:00 PM","Q58","W","502982","7","0","5","1"
"2024-10-15","2024-10-15 08:00:00 PM","S53","W","200203","7","0","6","2"
"2024-10-15","2024-10-15 02:00:00 PM","B35","E","302698","7","4","5","2"
"2024-10-15","2024-10-15 04:00:00 PM","S53","E","200263","7","1","0","1"
"2024-10-15","2024-10-15 08:00:00 PM","S79+","S","201109","7","7","19","4"
"2024-10-15","2024-10-15 02:00:00 PM","B35","E","302683","7","3","9","3"
"2024-10-15","2024-10-15 05:00:00 PM","S79+","N","200470","7","19","17","6"
"2024-10-15","2024-10-15 10:00:00 AM","S53","W","200203","7","1","0","1"
"2024-10-15","2024-10-15 05:00:00 PM","B35","W","306454","7","3","0","2"
"2024-10-15","2024-10-15 05:00:00 PM","S79+","S","201109","7","26","44","7"
"2024-10-15","2024-10-15 12:00:00 PM","B35","E","302698","7","11","8","1"
"2024-10-15","2024-10-15 01:00:00 PM","M101","S","404171","7","0","5","1"
"2024-10-15","2024-10-15 04:00:00 PM","M15","S","803228","7","0","3","2"
"2024-10-15","2024-10-15 09:00:00 AM","B46","N","303594","7","3","0","1"
"2024-10-15","2024-10-15 12:00:00 PM","B35","E","302683","7","0","1","1"
"2024-10-15","2024-10-15 01:00:00 PM","B46","S","303657","7","11","12","3"
"2024-10-15","2024-10-15 05:00:00 PM","B35","E","302683","7","9","9","3"
"2024-10-15","2024-10-15 10:00:00 AM","S53","E","200263","7","9","0","2"
"2024-10-15","2024-10-15 03:00:00 PM","M101","S","402769","7","25","6","2"
"2024-10-15","2024-10-15 08:00:00 PM","BX19","S","103917","7","1","0","1"
"2024-10-15","2024-10-15 07:00:00 PM","B35","W","308483","7","25","4","2"
"2024-10-15","2024-10-15 12:00:00 PM","B35","W","306454","7","3","2","2"
"2024-10-15","2024-10-15 08:00:00 AM","B35","W","302749","7","5","0","1"
"2024-10-15","2024-10-15 11:00:00 PM","B46","N","303594","7","0","1","1"
"2024-10-15","2024-10-15 08:00:00 AM","B35","W","308483","7","47","14","2"
"2024-10-15","2024-10-15 08:00:00 AM","B35","W","306454","7","5","2","3"
"2024-10-15","2024-10-15 09:00:00 PM","Q58","E","503452","7","0","4","2"
"2024-10-15","2024-10-15 12:00:00 PM","BX19","N","403686","7","47","13","5"
"2024-10-15","2024-10-15 10:00:00 AM","B46","S","303657","7","13","10","5"
"2024-10-15","2024-10-15 07:00:00 AM","M15","S","803228","7","2","5","1"
"2024-10-15","2024-10-15 08:00:00 AM","BX19","N","403686","7","54","8","4"
"2024-10-15","2024-10-15 06:00:00 PM","B46","N","303605","7","0","1","1"
"2024-10-15","2024-10-15 06:00:00 PM","B46","N","303594","7","2","1","2"
"2024-10-15","2024-10-15 08:00:00 AM","BX19","S","103917","7","72","14","4"
"2024-10-15","2024-10-15 07:00:00 PM","BX19","N","403686","7","5","5","1"
"2024-10-15","2024-10-15 03:00:00 PM","M101","N","402682","7","1","1","1"
"2024-10-15","2024-10-15 01:00:00 PM","M101","N","402682","7","5","2","1"
"2024-10-15","2024-10-15 09:00:00 AM","B46","S","303657","7","5","11","4"
"2024-10-15","2024-10-15 07:00:00 PM","BX19","S","103917","7","18","4","2"
"2024-10-15","2024-10-15 08:00:00 PM","S79+","N","200470","7","3","5","1"
"2024-10-15","2024-10-15 08:00:00 AM","B35","E","302683","7","6","2","1"
"2024-10-15","2024-10-15 02:00:00 PM","BX19","N","403686","7","39","26","4"
"2024-10-15","2024-10-15 11:00:00 AM","M15","S","803228","7","2","1","1"
"2024-10-15","2024-10-15 10:00:00 AM","S79+","N","200470","7","7","4","2"
"2024-10-15","2024-10-15 05:00:00 PM","Q58","E","503470","7","26","5","5"
"2024-10-15","2024-10-15 07:00:00 AM","M15","N","401670","7","3","0","1"
"2024-10-15","2024-10-15 08:00:00 AM","B35","E","302698","7","1","1","1"
"2024-10-15","2024-10-15 04:00:00 PM","M15","N","401670","7","0","1","1"
"2024-10-15","2024-10-15 10:00:00 AM","B46","N","303594","7","1","0","1"
"2024-10-15","2024-10-15 02:00:00 PM","S79+","N","200470","7","15","8","4"
"2024-10-15","2024-10-15 02:00:00 PM","Q58","E","503478","7","7","11","2"
"2024-10-15","2024-10-15 12:00:00 PM","BX19","S","103917","7","41","9","4"
"2024-10-15","2024-10-15 02:00:00 PM","BX19","S","103917","7","26","14","3"
"2024-10-15","2024-10-15 11:00:00 AM","Q58","E","503470","7","8","6","2"
"2024-10-15","2024-10-15 04:00:00 PM","S53","W","200203","7","2","3","2"
"2024-10-15","2024-10-15 08:00:00 AM","S53","W","200203","7","0","1","1"
"2024-10-15","2024-10-15 02:00:00 PM","Q58","E","503452","7","11","0","2"
"2024-10-15","2024-10-15 07:00:00 PM","Q58","E","503470","7","24","29","7"
"2024-10-15","2024-10-15 09:00:00 PM","Q58","W","502982","7","1","3","3"
"2024-10-15","2024-10-15 01:00:00 PM","S53","W","200203","7","0","1","1"
"2024-10-15","2024-10-15 08:00:00 AM","S79+","S","201109","7","15","51","9"
"2024-10-15","2024-10-15 10:00:00 AM","B35","W","306454","7","8","1","3"
"2024-10-15","2024-10-15 10:00:00 AM","B35","W","308483","7","32","17","3"
"2024-10-15","2024-10-15 08:00:00 AM","S53","E","200263","7","4","1","2"
"2024-10-15","2024-10-15 05:00:00 PM","BX19","S","103917","7","23","17","4"
"2024-10-15","2024-10-15 06:00:00 PM","B46","S","303685","7","2","9","2"
"2024-10-15","2024-10-15 07:00:00 AM","M15","N","401682","7","0","1","1"
"2024-10-15","2024-10-15 02:00:00 PM","S79+","S","201109","7","12","47","4"
"2024-10-15","2024-10-15 11:00:00 PM","B46","S","303657","7","3","1","2"
"2024-10-15","2024-10-15 08:00:00 PM","B46","N","303594","7","2","0","1"
"2024-10-15","2024-10-15 03:00:00 PM","Q58","W","502982","7","13","6","6"
"2024-10-15","2024-10-15 02:00:00 PM","S53","W","200203","7","0","8","2"
"2024-10-15","2024-10-15 12:00:00 PM","S79+","S","201109","7","23","30","6"
"2024-10-15","2024-10-15 06:00:00 PM","S79+","S","201109","7","11","27","4"
"2024-10-15","2024-10-15 02:00:00 PM","M15","N","401670","7","1","4","2"
"2024-10-15","2024-10-15 04:00:00 PM","B46","N","303594","7","3","1","2"
"2024-10-15","2024-10-15 05:00:00 PM","M101","N","402682","7","11","10","2"
"2024-10-15","2024-10-15 08:00:00 PM","M101","N","402682","7","1","0","1"
"2024-10-15","2024-10-15 10:00:00 AM","M15","S","803228","7","0","6","1"
"2024-10-15","2024-10-15 04:00:00 PM","B46","N","801094","7","1","0","1"
"2024-10-15","2024-10-15 10:00:00 PM","B46","N","303594","7","1","0","1"
"2024-10-15","2024-10-15 09:00:00 AM","B35","E","302683","7","3","4","4"
"2024-10-15","2024-10-15 04:00:00 PM","M101","N","402682","7","1","4","1"
"2024-10-15","2024-10-15 04:00:00 PM","Q58","E","503470","7","34","14","5"
"2024-10-15","2024-10-15 04:00:00 PM","Q58","E","503452","7","0","1","1"
"2024-10-15","2024-10-15 11:00:00 PM","S79+","N","200470","7","3","2","1"
"2024-10-15","2024-10-15 12:00:00 PM","B35","W","308483","7","55","30","2"
"2024-10-15","2024-10-15 07:00:00 PM","S53","W","200203","7","0","7","1"
"2024-10-15","2024-10-15 01:00:00 PM","S79+","S","201109","7","11","21","4"
"2024-10-15","2024-10-15 03:00:00 PM","BX19","S","103917","7","51","17","3"
"2024-10-15","2024-10-15 08:00:00 PM","B35","W","308483","7","6","1","1"
"2024-10-15","2024-10-15 12:00:00 PM","M101","N","402682","7","4","2","3"
"2024-10-15","2024-10-15 03:00:00 PM","S79+","S","201109","7","4","7","3"
"2024-10-15","2024-10-15 10:00:00 PM","B35","E","302683","7","1","0","1"
"2024-10-15","2024-10-15 03:00:00 PM","B46","N","303594","7","1","0","1"
"2024-10-15","2024-10-15 08:00:00 PM","B35","W","306454","7","1","2","2"
"2024-10-15","2024-10-15 08:00:00 AM","M101","N","402682","7","9","22","2"
"2024-10-15","2024-10-15 09:00:00 AM","B35","W","308483","7","51","45","3"
"2024-10-15","2024-10-15 10:00:00 AM","M15","N","401670","7","1","0","1"
"2024-10-15","2024-10-15 06:00:00 PM","S53","W","200203","7","0","6","2"
"2024-10-15","2024-10-15 04:00:00 PM","Q58","W","503519","7","6","8","2"
"2024-10-15","2024-10-15 09:00:00 PM","BX19","N","403686","7","16","1","2"
"2024-10-15","2024-10-15 01:00:00 PM","S79+","N","200470","7","3","15","3"
"2024-10-15","2024-10-15 07:00:00 PM","S53","E","200263","7","1","1","1"
"2024-10-15","2024-10-15 12:00:00 PM","B46","N","303594","7","2","4","3"
"2024-10-15","2024-10-15 06:00:00 PM","S53","E","200263","7","4","0","1"
"2024-10-15","2024-10-15 04:00:00 PM","B46","S","303657","7","22","10","5"
"2024-10-15","2024-10-15 03:00:00 PM","S79+","N","200470","7","19","54","7"
"2024-10-15","2024-10-15 12:00:00 PM","S53","W","200203","7","2","1","1"
"2024-10-15","2024-10-15 07:00:00 PM","B46","N","303594","7","4","3","3"
"2024-10-15","2024-10-15 10:00:00 PM","S79+","N","200470","7","2","10","2"
"2024-10-15","2024-10-15 06:00:00 PM","S53","W","200202","7","2","3","0"
"2024-10-15","2024-10-15 05:00:00 PM","Q58","W","503519","7","17","17","7"
"2024-10-15","2024-10-15 06:00:00 PM","S79+","N","200470","7","17","21","5"
"2024-10-15","2024-10-15 12:00:00 PM","B46","S","303657","7","8","7","4"
"2024-10-15","2024-10-15 10:00:00 AM","S79+","S","201109","7","15","17","8"
"2024-10-15","2024-10-15 10:00:00 PM","S53","W","200203","7","1","0","1"
"2024-10-15","2024-10-15 11:00:00 AM","Q58","W","503519","7","3","1","2"
"2024-10-15","2024-10-15 03:00:00 PM","BX19","N","403686","7","41","20","4"
"2024-10-15","2024-10-15 06:00:00 PM","M15","N","401682","7","4","0","1"
"2024-10-15","2024-10-15 06:00:00 PM","M15","N","401670","7","3","0","1"
"2024-10-15","2024-10-15 10:00:00 PM","S53","E","200263","7","1","1","1"
"2024-10-15","2024-10-15 05:00:00 PM","Q58","W","502982","7","3","11","5"
"2024-10-15","2024-10-15 09:00:00 AM","BX19","N","403686","7","41","12","5"
"2024-10-15","2024-10-15 11:00:00 AM","Q58","W","502982","7","1","1","1"
"2024-10-15","2024-10-15 10:00:00 PM","M15","S","803228","7","2","0","1"
"2024-10-15","2024-10-15 07:00:00 AM","BX19","S","103917","7","56","6","4"
"2024-10-15","2024-10-15 08:00:00 AM","M15","S","803228","7","3","5","2"
"2024-10-15","2024-10-15 03:00:00 PM","Q58","E","503452","7","0","2","2"
"2024-10-15","2024-10-15 11:00:00 PM","M15","S","803228","7","0","1","0"
"2024-10-15","2024-10-15 11:00:00 PM","S53","W","200203","7","0","3","1"
"2024-10-15","2024-10-15 03:00:00 PM","Q58","E","503470","7","5","9","2"
"2024-10-15","2024-10-15 10:00:00 PM","M101","S","402769","7","1","0","1"
"2024-10-15","2024-10-15 09:00:00 PM","BX19","S","103917","7","3","0","1"
"2024-10-15","2024-10-15 11:00:00 PM","S79+","S","201109","7","1","2","2"
"2024-10-15","2024-10-15 12:00:00 PM","S53","E","200263","7","2","0","1"
"2024-10-15","2024-10-15 10:00:00 PM","B46","S","303657","7","3","0","2"
"2024-10-15","2024-10-15 11:00:00 AM","BX19","N","403686","7","48","27","5"
"2024-10-15","2024-10-15 08:00:00 PM","B46","S","303657","7","6","1","3"
"2024-10-15","2024-10-15 09:00:00 AM","Q58","W","503519","7","24","19","8"
"2024-10-15","2024-10-15 03:00:00 PM","B46","S","303657","7","19","16","5"
"2024-10-15","2024-10-15 09:00:00 AM","BX19","S","103917","7","22","6","3"
"2024-10-15","2024-10-15 07:00:00 PM","B46","S","303657","7","8","1","2"
"2024-10-15","2024-10-15 07:00:00 PM","B46","S","303685","7","3","6","2"
"2024-10-15","2024-10-15 12:00:00 PM","S79+","N","200470","7","8","7","3"
"2024-10-15","2024-10-15 12:00:00 PM","M101","S","404171","7","2","5","1"
"2024-10-15","2024-10-15 11:00:00 AM","BX19","S","103917","7","24","11","3"
"2024-10-15","2024-10-15 04:00:00 PM","Q58","W","502982","7","3","4","4"
"2024-10-15","2024-10-15 09:00:00 AM","Q58","E","503470","7","19","8","3"
"2024-10-15","2024-10-15 10:00:00 PM","S79+","S","201109","7","4","9","3"
"2024-10-15","2024-10-15 03:00:00 PM","S79+","N","201052","7","3","2","2"
"2024-10-15","2024-10-15 08:00:00 PM","B35","E","302698","7","1","0","1"
"2024-10-15","2024-10-15 11:00:00 PM","S53","E","200263","7","1","0","1"
"2024-10-15","2024-10-15 12:00:00 PM","S79+","N","200479","8","10","4","4"
"2024-10-15","2024-10-15 09:00:00 PM","BX19","S","103612","8","2","1","1"
"2024-10-15","2024-10-15 08:00:00 AM","M101","N","403545","8","16","19","3"
"2024-10-15","2024-10-15 06:00:00 PM","S79+","S","200237","8","43","77","9"
"2024-10-15","2024-10-15 03:00:00 PM","BX19","N","403687","8","30","11","4"
"2024-10-15","2024-10-15 11:00:00 PM","M101","S","405069","8","1","0","1"
"2024-10-15","2024-10-15 12:00:00 PM","B35","W","302750","8","33","5","3"
"2024-10-15","2024-10-15 11:00:00 AM","BX19","S","103612","8","4","6","2"
"2024-10-15","2024-10-15 07:00:00 AM","BX19","S","103612","8","8","4","4"
"2024-10-15","2024-10-15 12:00:00 PM","B35","W","302740","8","19","4","3"
"2024-10-15","2024-10-15 05:00:00 PM","M101","N","403545","8","7","1","1"
"2024-10-15","2024-10-15 10:00:00 PM","B35","E","302684","8","1","1","1"
"2024-10-15","2024-10-15 12:00:00 PM","B46","N","303595","8","6","2","2"
"2024-10-15","2024-10-15 10:00:00 PM","B35","E","302699","8","12","3","2"
"2024-10-15","2024-10-15 06:00:00 PM","S79+","N","200479","8","11","4","5"
"2024-10-15","2024-10-15 06:00:00 PM","M15","N","405098","8","1","0","1"
"2024-10-15","2024-10-15 06:00:00 PM","M15","N","402088","8","0","3","1"
"2024-10-15","2024-10-15 05:00:00 PM","M15","N","405098","8","1","3","1"
"2024-10-15","2024-10-15 11:00:00 AM","Q58","E","503472","8","9","1","1"
"2024-10-15","2024-10-15 10:00:00 AM","M101","S","405069","8","3","1","2"
"2024-10-15","2024-10-15 08:00:00 PM","B46","S","303658","8","25","4","7"
"2024-10-15","2024-10-15 09:00:00 AM","Q58","W","503018","8","22","56","8"
"2024-10-15","2024-10-15 12:00:00 PM","M101","S","403424","8","0","4","1"
"2024-10-15","2024-10-15 09:00:00 AM","Q58","E","503453","8","1","0","1"
"2024-10-15","2024-10-15 09:00:00 AM","Q58","E","503472","8","27","5","3"
"2024-10-15","2024-10-15 06:00:00 PM","S53","E","204019","8","4","0","2"
"2024-10-15","2024-10-15 09:00:00 AM","Q58","W","503862","8","1","6","3"
"2024-10-15","2024-10-15 03:00:00 PM","Q58","W","503862","8","68","48","7"
"2024-10-15","2024-10-15 08:00:00 PM","B46","N","303595","8","3","1","1"
"2024-10-15","2024-10-15 12:00:00 PM","S79+","S","200237","8","19","22","5"
"2024-10-15","2024-10-15 04:00:00 PM","B46","N","303595","8","9","9","3"
"2024-10-15","2024-10-15 07:00:00 PM","S53","W","200694","8","3","12","2"
"2024-10-15","2024-10-15 08:00:00 PM","B35","W","302740","8","1","2","2"
"2024-10-15","2024-10-15 09:00:00 AM","B35","W","302740","8","14","0","2"
"2024-10-15","2024-10-15 09:00:00 AM","B35","W","302750","8","13","5","2"
"2024-10-15","2024-10-15 03:00:00 PM","S79+","S","200237","8","9","25","3"
"2024-10-15","2024-10-15 03:00:00 PM","B46","N","303595","8","1","2","1"
"2024-10-15","2024-10-15 05:00:00 PM","Q58","W","503862","8","15","59","7"
"2024-10-15","2024-10-15 11:00:00 AM","Q58","W","503018","8","29","25","5"
"2024-10-15","2024-10-15 11:00:00 PM","S53","W","200694","8","0","1","1"
"2024-10-15","2024-10-15 12:00:00 PM","S53","W","200694","8","1","3","1"
"2024-10-15","2024-10-15 11:00:00 AM","Q58","W","503862","8","13","14","4"
"2024-10-15","2024-10-15 01:00:00 PM","S79+","N","200479","8","8","8","5"
"2024-10-15","2024-10-15 09:00:00 PM","BX19","N","403687","8","8","8","2"
"2024-10-15","2024-10-15 10:00:00 AM","M15","N","405098","8","4","0","1"
"2024-10-15","2024-10-15 10:00:00 AM","M15","N","402088","8","9","9","2"
"2024-10-15","2024-10-15 04:00:00 PM","B46","S","303658","8","42","10","4"
"2024-10-15","2024-10-15 02:00:00 PM","S53","W","200694","8","3","10","3"
"2024-10-15","2024-10-15 12:00:00 PM","M101","N","403545","8","9","12","2"
"2024-10-15","2024-10-15 11:00:00 PM","S79+","N","200479","8","1","0","1"
"2024-10-15","2024-10-15 01:00:00 PM","S79+","S","200237","8","44","25","5"
"2024-10-15","2024-10-15 03:00:00 PM","B46","S","303658","8","73","28","6"
"2024-10-15","2024-10-15 03:00:00 PM","Q58","E","503453","8","17","7","6"
"2024-10-15","2024-10-15 03:00:00 PM","S79+","N","203344","8","6","3","2"
"2024-10-15","2024-10-15 04:00:00 PM","Q58","E","503453","8","14","5","5"
"2024-10-15","2024-10-15 09:00:00 AM","B35","E","302684","8","5","0","3"
"2024-10-15","2024-10-15 09:00:00 AM","B35","E","302699","8","18","16","3"
"2024-10-15","2024-10-15 10:00:00 AM","M15","S","401744","8","1","2","1"
"2024-10-15","2024-10-15 03:00:00 PM","S79+","N","200479","8","8","17","7"
"2024-10-15","2024-10-15 10:00:00 PM","B46","N","303595","8","7","6","4"
"2024-10-15","2024-10-15 04:00:00 PM","Q58","E","503472","8","36","14","5"
"2024-10-15","2024-10-15 11:00:00 PM","S79+","S","200237","8","2","2","1"
"2024-10-15","2024-10-15 02:00:00 PM","S53","W","200314","8","1","7","1"
"2024-10-15","2024-10-15 07:00:00 PM","B46","S","303658","8","4","1","1"
"2024-10-15","2024-10-15 07:00:00 PM","B46","S","303686","8","0","8","1"
"2024-10-15","2024-10-15 05:00:00 PM","Q58","W","503018","8","108","35","5"
"2024-10-15","2024-10-15 10:00:00 PM","B46","S","303658","8","6","2","4"
"2024-10-15","2024-10-15 02:00:00 PM","M15","N","405098","8","3","0","1"
"2024-10-15","2024-10-15 02:00:00 PM","M15","N","402088","8","8","8","2"
"2024-10-15","2024-10-15 12:00:00 PM","S53","E","204019","8","6","0","1"
"2024-10-15","2024-10-15 03:00:00 PM","Q58","E","503472","8","5","10","3"
"2024-10-15","2024-10-15 02:00:00 PM","S53","W","200716","8","0","1","1"
"2024-10-15","2024-10-15 08:00:00 AM","M15","S","401744","8","3","7","2"
"2024-10-15","2024-10-15 09:00:00 AM","BX19","N","403687","8","28","8","5"
"2024-10-15","2024-10-15 12:00:00 PM","B46","S","303686","8","0","8","0"
"2024-10-15","2024-10-15 10:00:00 PM","S53","E","204019","8","2","0","1"
"2024-10-15","2024-10-15 10:00:00 PM","S53","W","200694","8","1","3","1"
"2024-10-15","2024-10-15 06:00:00 PM","S53","W","200694","8","2","19","2"
"2024-10-15","2024-10-15 10:00:00 AM","S79+","S","200237","8","23","19","8"
"2024-10-15","2024-10-15 09:00:00 AM","BX19","S","103612","8","13","7","4"
"2024-10-15","2024-10-15 12:00:00 PM","B46","S","303658","8","22","8","4"
"2024-10-15","2024-10-15 03:00:00 PM","BX19","S","103612","8","17","10","3"
"2024-10-15","2024-10-15 07:00:00 PM","B46","N","303595","8","11","4","3"
"2024-10-15","2024-10-15 10:00:00 PM","S79+","N","200479","8","0","2","2"
"2024-10-15","2024-10-15 08:00:00 PM","B35","E","302699","8","11","10","2"
"2024-10-15","2024-10-15 10:00:00 PM","S79+","S","200237","8","4","12","2"
"2024-10-15","2024-10-15 11:00:00 AM","BX19","N","403687","8","18","7","4"
"2024-10-15","2024-10-15 08:00:00 PM","B35","E","302684","8","2","0","1"
"2024-10-15","2024-10-15 04:00:00 PM","Q58","W","503862","8","37","42","9"
"2024-10-15","2024-10-15 04:00:00 PM","Q58","W","503018","8","50","18","2"
"2024-10-15","2024-10-15 02:00:00 PM","M15","S","401744","8","5","0","1"
"2024-10-15","2024-10-15 04:00:00 PM","B35","W","302740","8","29","10","4"
"2024-10-15","2024-10-15 12:00:00 AM","B35","W","302740","8","1","0","1"
"2024-10-15","2024-10-15 12:00:00 AM","B46","N","303595","8","5","1","2"
"2024-10-15","2024-10-15 12:00:00 AM","B46","S","303658","8","16","0","3"
"2024-10-15","2024-10-15 12:00:00 AM","BX12","E","100799","8","8","2","1"
"2024-10-15","2024-10-15 12:00:00 AM","BX12","W","103028","8","1","0","1"
"2024-10-15","2024-10-15 12:00:00 AM","Q58","W","503862","8","1","8","2"
"2024-10-15","2024-10-15 12:00:00 AM","S79+","S","200237","8","0","2","1"
"2024-10-15","2024-10-15 01:00:00 AM","B35","W","302740","8","0","1","1"
"2024-10-15","2024-10-15 01:00:00 AM","B46","S","303658","8","2","0","1"
"2024-10-15","2024-10-15 02:00:00 AM","B35","W","302740","8","1","0","1"
"2024-10-15","2024-10-15 02:00:00 AM","B46","S","303658","8","4","0","2"
"2024-10-15","2024-10-15 02:00:00 AM","Q58","E","503453","8","1","0","1"
"2024-10-15","2024-10-15 02:00:00 AM","Q58","W","503862","8","0","2","1"
"2024-10-15","2024-10-15 03:00:00 AM","B35","W","302740","8","3","0","1"
"2024-10-15","2024-10-15 03:00:00 AM","B46","N","303595","8","4","0","2"
"2024-10-15","2024-10-15 03:00:00 AM","Q58","E","503453","8","1","0","1"
"2024-10-15","2024-10-15 03:00:00 AM","Q58","W","503862","8","1","0","1"
"2024-10-15","2024-10-15 04:00:00 AM","B35","W","302740","8","5","0","2"
"2024-10-15","2024-10-15 04:00:00 AM","B46","N","303595","8","2","0","2"
"2024-10-15","2024-10-15 04:00:00 AM","B46","S","303658","8","1","0","1"
"2024-10-15","2024-10-15 04:00:00 AM","BX19","S","103612","8","3","0","1"
"2024-10-15","2024-10-15 04:00:00 AM","M15","S","401744","8","3","0","1"
"2024-10-15","2024-10-15 04:00:00 AM","Q58","E","503453","8","2","0","1"
"2024-10-15","2024-10-15 05:00:00 AM","B35","W","302740","8","6","0","1"
"2024-10-15","2024-10-15 05:00:00 AM","B46","N","303595","8","8","1","3"
"2024-10-15","2024-10-15 05:00:00 AM","B46","S","303658","8","4","2","2"
"2024-10-15","2024-10-15 05:00:00 AM","BX19","N","101306","8","0","1","1"
"2024-10-15","2024-10-15 05:00:00 AM","M101","S","405069","8","3","0","1"
"2024-10-15","2024-10-15 05:00:00 AM","M15","N","402088","8","2","0","1"
"2024-10-15","2024-10-15 05:00:00 AM","M15","S","401744","8","2","0","1"
"2024-10-15","2024-10-15 05:00:00 AM","Q58","E","503472","8","12","1","5"
"2024-10-15","2024-10-15 05:00:00 AM","Q58","E","503453","8","4","0","4"
"2024-10-15","2024-10-15 05:00:00 AM","Q58","W","503862","8","16","4","3"
"2024-10-15","2024-10-15 05:00:00 AM","S53","W","200694","8","4","0","1"
"2024-10-15","2024-10-15 05:00:00 AM","S79+","N","200479","8","18","1","7"
"2024-10-15","2024-10-15 05:00:00 AM","S79+","S","200237","8","1","2","2"
"2024-10-15","2024-10-15 06:00:00 AM","B35","E","302699","8","4","4","1"
"2024-10-15","2024-10-15 06:00:00 AM","B35","E","302684","8","3","0","2"
"2024-10-15","2024-10-15 06:00:00 AM","B35","W","302740","8","3","0","1"
"2024-10-15","2024-10-15 06:00:00 AM","B35","W","302750","8","29","0","2"
"2024-10-15","2024-10-15 06:00:00 AM","B46","N","303599","8","4","0","1"
"2024-10-15","2024-10-15 06:00:00 AM","B46","N","303595","8","10","5","4"
"2024-10-15","2024-10-15 06:00:00 AM","B46","S","303658","8","7","1","3"
"2024-10-15","2024-10-15 06:00:00 AM","BX19","S","403691","8","7","3","2"
"2024-10-15","2024-10-15 06:00:00 AM","BX19","S","103612","8","8","6","3"
"2024-10-15","2024-10-15 06:00:00 AM","M101","S","405069","8","1","0","1"
"2024-10-15","2024-10-15 06:00:00 AM","M15","S","401744","8","3","0","1"
"2024-10-15","2024-10-15 06:00:00 AM","Q58","E","503472","8","25","9","8"
"2024-10-15","2024-10-15 06:00:00 AM","Q58","E","503453","8","5","0","2"
"2024-10-15","2024-10-15 06:00:00 AM","Q58","E","505108","8","1","0","1"
"2024-10-15","2024-10-15 06:00:00 AM","Q58","W","503018","8","21","56","4"
"2024-10-15","2024-10-15 06:00:00 AM","Q58","W","503862","8","23","14","7"
"2024-10-15","2024-10-15 06:00:00 AM","S53","E","204019","8","5","0","3"
"2024-10-15","2024-10-15 06:00:00 AM","S79+","N","200479","8","29","2","10"
"2024-10-15","2024-10-15 06:00:00 AM","S79+","S","200237","8","15","21","6"
"2024-10-15","2024-10-15 07:00:00 AM","B35","E","302699","8","19","7","1"
"2024-10-15","2024-10-15 07:00:00 AM","B35","E","302684","8","32","3","6"
"2024-10-15","2024-10-15 07:00:00 AM","B35","W","302740","8","33","9","3"
"2024-10-15","2024-10-15 07:00:00 AM","B35","W","302750","8","32","20","4"
"2024-10-15","2024-10-15 07:00:00 AM","B46","N","303595","8","31","8","6"
"2024-10-15","2024-10-15 07:00:00 AM","B46","N","303599","8","3","0","2"
"2024-10-15","2024-10-15 07:00:00 AM","B46","N","303606","8","1","1","2"
"2024-10-15","2024-10-15 07:00:00 AM","B46","S","303658","8","23","5","6"
"2024-10-15","2024-10-15 07:00:00 AM","BX19","N","403687","8","26","9","3"
"2024-10-15","2024-10-15 07:00:00 AM","BX19","N","101320","8","7","0","1"
"2024-10-15","2024-10-15 07:00:00 AM","BX19","N","101306","8","18","12","2"
"2024-10-15","2024-10-15 07:00:00 AM","M101","N","403545","8","15","4","1"
"2024-10-15","2024-10-15 07:00:00 AM","Q58","E","503453","8","23","5","7"
"2024-10-15","2024-10-15 07:00:00 AM","Q58","E","503472","8","63","69","8"
"2024-10-15","2024-10-15 07:00:00 AM","Q58","W","503862","8","18","18","6"
"2024-10-15","2024-10-15 07:00:00 AM","Q58","W","503018","8","188","208","11"
"2024-10-15","2024-10-15 07:00:00 AM","S79+","N","200479","8","20","9","7"
"2024-10-15","2024-10-15 07:00:00 AM","S79+","S","200237","8","32","39","10"
"2024-10-15","2024-10-15 08:00:00 AM","B46","N","303595","8","24","4","5"
"2024-10-15","2024-10-15 08:00:00 AM","B46","N","303606","8","2","0","1"
"2024-10-15","2024-10-15 08:00:00 AM","B46","S","303686","8","4","2","4"
"2024-10-15","2024-10-15 08:00:00 AM","B46","S","303658","8","39","13","4"
"2024-10-15","2024-10-15 08:00:00 AM","Q58","E","503453","8","10","0","5"
"2024-10-15","2024-10-15 08:00:00 AM","Q58","E","503472","8","51","9","5"
"2024-10-15","2024-10-15 08:00:00 AM","Q58","W","503018","8","20","69","7"
"2024-10-15","2024-10-15 08:00:00 AM","Q58","W","503862","8","19","13","7"
"2024-10-15","2024-10-15 09:00:00 AM","M101","S","405069","8","1","0","1"
"2024-10-15","2024-10-15 09:00:00 AM","M15","N","405098","8","6","0","1"
"2024-10-15","2024-10-15 09:00:00 AM","S53","W","200694","8","2","0","1"
"2024-10-15","2024-10-15 09:00:00 AM","S79+","N","200479","8","11","2","4"
"2024-10-15","2024-10-15 09:00:00 AM","S79+","S","200237","8","20","22","10"
"2024-10-15","2024-10-15 10:00:00 AM","BX19","N","403687","8","9","3","1"
"2024-10-15","2024-10-15 10:00:00 AM","BX19","S","103612","8","5","10","3"
"2024-10-15","2024-10-15 10:00:00 AM","Q58","E","503472","8","14","11","4"
"2024-10-15","2024-10-15 10:00:00 AM","Q58","E","503453","8","8","0","6"
"2024-10-15","2024-10-15 10:00:00 AM","Q58","W","503862","8","3","18","3"
"2024-10-15","2024-10-15 10:00:00 AM","Q58","W","503018","8","15","59","4"
"2024-10-15","2024-10-15 11:00:00 AM","B35","E","302684","8","3","0","1"
"2024-10-15","2024-10-15 11:00:00 AM","B35","E","302699","8","13","8","2"
"2024-10-15","2024-10-15 11:00:00 AM","B35","W","302740","8","16","5","3"
"2024-10-15","2024-10-15 11:00:00 AM","B35","W","302750","8","3","0","1"
"2024-10-15","2024-10-15 11:00:00 AM","B46","N","303595","8","22","1","6"
"2024-10-15","2024-10-15 11:00:00 AM","B46","S","303658","8","52","17","5"
"2024-10-15","2024-10-15 11:00:00 AM","S53","E","204019","8","2","0","1"
"2024-10-15","2024-10-15 11:00:00 AM","S79+","N","200479","8","3","5","4"
"2024-10-15","2024-10-15 11:00:00 AM","S79+","S","200237","8","14","14","4"
"2024-10-15","2024-10-15 12:00:00 PM","M15","N","402088","8","1","0","1"
"2024-10-15","2024-10-15 12:00:00 PM","M15","S","401744","8","11","7","1"
"2024-10-15","2024-10-15 12:00:00 PM","Q58","E","503453","8","7","1","5"
"2024-10-15","2024-10-15 12:00:00 PM","Q58","W","503018","8","15","9","1"
"2024-10-15","2024-10-15 12:00:00 PM","Q58","W","503862","8","9","23","5"
"2024-10-15","2024-10-15 01:00:00 PM","B35","E","302684","8","3","1","1"
"2024-10-15","2024-10-15 01:00:00 PM","B35","E","302699","8","26","19","4"
"2024-10-15","2024-10-15 01:00:00 PM","B35","W","302740","8","21","5","2"
"2024-10-15","2024-10-15 01:00:00 PM","B35","W","302750","8","7","3","2"
"2024-10-15","2024-10-15 01:00:00 PM","BX19","N","403687","8","16","8","2"
"2024-10-15","2024-10-15 01:00:00 PM","BX19","S","103612","8","5","5","4"
"2024-10-15","2024-10-15 01:00:00 PM","Q58","E","503453","8","13","0","5"
"2024-10-15","2024-10-15 01:00:00 PM","Q58","W","503535","8","0","2","0"
"2024-10-15","2024-10-15 01:00:00 PM","Q58","W","503862","8","11","42","6"
"2024-10-15","2024-10-15 02:00:00 PM","B46","N","303595","8","15","7","6"
"2024-10-15","2024-10-15 02:00:00 PM","B46","N","801094","8","17","11","1"
"2024-10-15","2024-10-15 02:00:00 PM","B46","S","303658","8","59","8","4"
"2024-10-15","2024-10-15 02:00:00 PM","M101","S","405069","8","2","1","1"
"2024-10-15","2024-10-15 02:00:00 PM","Q58","W","503862","8","41","40","8"
"2024-10-15","2024-10-15 03:00:00 PM","B35","E","302699","8","86","35","4"
"2024-10-15","2024-10-15 03:00:00 PM","B35","E","302684","8","16","7","3"
"2024-10-15","2024-10-15 03:00:00 PM","B35","W","302750","8","15","20","3"
"2024-10-15","2024-10-15 03:00:00 PM","B35","W","302740","8","20","3","2"
"2024-10-15","2024-10-15 03:00:00 PM","S53","E","204019","8","5","1","3"
"2024-10-15","2024-10-15 03:00:00 PM","S53","W","200694","8","1","6","1"
"2024-10-15","2024-10-15 04:00:00 PM","B35","E","302699","8","39","11","3"
"2024-10-15","2024-10-15 04:00:00 PM","B35","E","302684","8","8","6","3"
"2024-10-15","2024-10-15 04:00:00 PM","B35","W","302750","8","7","11","2"
"2024-10-15","2024-10-15 04:00:00 PM","BX19","N","403687","8","37","27","2"
"2024-10-15","2024-10-15 04:00:00 PM","BX19","S","103612","8","5","3","3"
"2024-10-15","2024-10-15 04:00:00 PM","S79+","N","200479","8","13","9","7"
"2024-10-15","2024-10-15 04:00:00 PM","S79+","S","200237","8","16","43","7"
"2024-10-15","2024-10-15 05:00:00 PM","B46","N","303595","8","10","17","4"
"2024-10-15","2024-10-15 05:00:00 PM","B46","S","303686","8","2","8","2"
"2024-10-15","2024-10-15 05:00:00 PM","B46","S","303658","8","75","4","5"
"2024-10-15","2024-10-15 05:00:00 PM","S53","E","204019","8","0","1","1"
"2024-10-15","2024-10-15 05:00:00 PM","S53","W","200694","8","6","18","5"
"2024-10-15","2024-10-15 06:00:00 PM","B35","E","302699","8","16","10","3"
"2024-10-15","2024-10-15 06:00:00 PM","B35","E","302684","8","12","6","3"
"2024-10-15","2024-10-15 06:00:00 PM","B35","W","302740","8","10","1","3"
"2024-10-15","2024-10-15 06:00:00 PM","B35","W","302750","8","0","2","1"
"2024-10-15","2024-10-15 06:00:00 PM","BX19","N","403687","8","44","24","4"
"2024-10-15","2024-10-15 06:00:00 PM","BX19","S","103612","8","6","0","2"
"2024-10-15","2024-10-15 06:00:00 PM","Q58","E","503453","8","11","0","3"
"2024-10-15","2024-10-15 06:00:00 PM","Q58","E","503472","8","19","12","4"
"2024-10-15","2024-10-15 06:00:00 PM","Q58","W","503862","8","3","15","4"
"2024-10-15","2024-10-15 06:00:00 PM","Q58","W","503018","8","92","28","8"
"2024-10-15","2024-10-15 07:00:00 PM","M101","S","405069","8","0","2","1"
"2024-10-15","2024-10-15 07:00:00 PM","M15","S","401744","8","0","9","3"
"2024-10-15","2024-10-15 07:00:00 PM","S79+","N","200479","8","2","0","2"
"2024-10-15","2024-10-15 07:00:00 PM","S79+","S","200237","8","8","42","6"
"2024-10-15","2024-10-15 08:00:00 PM","M15","N","405098","8","7","0","1"
"2024-10-15","2024-10-15 08:00:00 PM","Q58","E","503453","8","6","1","3"
"2024-10-15","2024-10-15 08:00:00 PM","Q58","E","503472","8","3","1","1"
"2024-10-15","2024-10-15 08:00:00 PM","Q58","W","503018","8","68","21","7"
"2024-10-15","2024-10-15 08:00:00 PM","Q58","W","503862","8","10","12","5"
"2024-10-15","2024-10-15 09:00:00 PM","B35","E","302699","8","8","2","1"
"2024-10-15","2024-10-15 09:00:00 PM","B35","W","302750","8","11","2","2"
"2024-10-15","2024-10-15 09:00:00 PM","B35","W","302740","8","6","1","3"
"2024-10-15","2024-10-15 09:00:00 PM","B46","N","303595","8","8","4","3"
"2024-10-15","2024-10-15 09:00:00 PM","B46","S","303658","8","27","2","5"
"2024-10-15","2024-10-15 09:00:00 PM","B46","S","303686","8","0","1","1"
"2024-10-15","2024-10-15 09:00:00 PM","S53","W","200694","8","1","7","3"
"2024-10-15","2024-10-15 09:00:00 PM","S79+","S","200237","8","5","6","2"
"2024-10-15","2024-10-15 10:00:00 PM","BX19","S","103612","8","3","0","1"
"2024-10-15","2024-10-15 10:00:00 PM","Q58","E","503453","8","3","0","1"
"2024-10-15","2024-10-15 10:00:00 PM","Q58","W","503862","8","9","16","5"
"2024-10-15","2024-10-15 11:00:00 PM","BX19","N","101306","8","2","4","2"
"2024-10-15","2024-10-15 11:00:00 PM","Q58","E","503453","8","3","0","2"
"2024-10-15","2024-10-15 11:00:00 PM","Q58","W","503862","8","5","9","6"
"2024-10-15","2024-10-15 04:00:00 PM","S53","E","204019","8","2","1","1"
"2024-10-15","2024-10-15 06:00:00 PM","B46","S","303686","8","0","11","1"
"2024-10-15","2024-10-15 06:00:00 PM","B46","S","303658","8","14","3","2"
"2024-10-15","2024-10-15 02:00:00 PM","B35","E","302684","8","6","6","3"
"2024-10-15","2024-10-15 02:00:00 PM","B35","E","302699","8","63","41","4"
"2024-10-15","2024-10-15 05:00:00 PM","B35","W","302740","8","11","8","3"
"2024-10-15","2024-10-15 05:00:00 PM","S79+","S","200237","8","29","52","7"
"2024-10-15","2024-10-15 09:00:00 AM","B46","S","303658","8","39","13","4"
"2024-10-15","2024-10-15 05:00:00 PM","B35","W","302750","8","24","13","3"
"2024-10-15","2024-10-15 06:00:00 PM","B46","N","303595","8","7","0","3"
"2024-10-15","2024-10-15 06:00:00 PM","B46","N","303606","8","5","0","1"
"2024-10-15","2024-10-15 11:00:00 AM","M15","S","401744","8","2","2","1"
"2024-10-15","2024-10-15 08:00:00 AM","S53","W","200694","8","7","4","2"
"2024-10-15","2024-10-15 04:00:00 PM","S53","W","200694","8","16","21","3"
"2024-10-15","2024-10-15 01:00:00 PM","S53","E","204019","8","2","1","1"
"2024-10-15","2024-10-15 05:00:00 PM","BX19","N","403687","8","7","18","2"
"2024-10-15","2024-10-15 07:00:00 PM","Q58","W","503862","8","20","18","4"
"2024-10-15","2024-10-15 07:00:00 PM","Q58","W","503018","8","33","3","4"
"2024-10-15","2024-10-15 08:00:00 PM","S53","W","200694","8","0","22","4"
"2024-10-15","2024-10-15 07:00:00 AM","S53","E","204019","8","2","0","1"
"2024-10-15","2024-10-15 10:00:00 AM","B35","E","302684","8","6","2","1"
"2024-10-15","2024-10-15 10:00:00 AM","B35","E","302699","8","19","3","2"
"2024-10-15","2024-10-15 08:00:00 PM","BX19","N","403687","8","25","17","3"
"2024-10-15","2024-10-15 01:00:00 PM","B46","N","303595","8","17","12","5"
"2024-10-15","2024-10-15 07:00:00 AM","S53","W","200694","8","13","8","4"
"2024-10-15","2024-10-15 08:00:00 AM","S79+","N","200479","8","31","4","8"
"2024-10-15","2024-10-15 02:00:00 PM","Q58","E","503453","8","28","1","2"
"2024-10-15","2024-10-15 07:00:00 AM","M15","N","402088","8","0","1","1"
"2024-10-15","2024-10-15 05:00:00 PM","BX19","S","103612","8","0","4","1"
"2024-10-15","2024-10-15 08:00:00 AM","S53","E","204019","8","5","0","2"
"2024-10-15","2024-10-15 08:00:00 PM","S79+","S","200237","8","4","24","3"
"2024-10-15","2024-10-15 10:00:00 AM","B35","W","302750","8","37","5","5"
"2024-10-15","2024-10-15 10:00:00 AM","B35","W","302740","8","9","4","2"
"2024-10-15","2024-10-15 01:00:00 PM","S53","W","200694","8","2","1","1"
"2024-10-15","2024-10-15 09:00:00 PM","Q58","W","503862","8","12","23","6"
"2024-10-15","2024-10-15 02:00:00 PM","S79+","S","200237","8","30","24","4"
"2024-10-15","2024-10-15 07:00:00 PM","Q58","E","503453","8","9","3","6"
"2024-10-15","2024-10-15 07:00:00 PM","Q58","E","503472","8","25","8","6"
"2024-10-15","2024-10-15 12:00:00 PM","BX19","S","103612","8","4","11","2"
"2024-10-15","2024-10-15 09:00:00 PM","Q58","E","503453","8","5","0","3"
"2024-10-15","2024-10-15 10:00:00 AM","B46","N","303595","8","8","0","2"
"2024-10-15","2024-10-15 05:00:00 PM","Q58","E","503453","8","6","7","5"
"2024-10-15","2024-10-15 05:00:00 PM","Q58","E","503472","8","19","8","6"
"2024-10-15","2024-10-15 02:00:00 PM","BX19","N","403687","8","57","16","4"
"2024-10-15","2024-10-15 02:00:00 PM","Q58","E","502992","8","28","25","5"
"2024-10-15","2024-10-15 02:00:00 PM","BX19","S","103612","8","1","5","2"
"2024-10-15","2024-10-15 11:00:00 PM","B35","W","302740","8","7","0","1"
"2024-10-15","2024-10-15 02:00:00 PM","Q58","E","502994","8","2","0","1"
"2024-10-15","2024-10-15 03:00:00 PM","M101","N","403545","8","0","1","1"
"2024-10-15","2024-10-15 01:00:00 PM","M101","N","403545","8","8","4","2"
"2024-10-15","2024-10-15 07:00:00 PM","BX19","N","403687","8","2","2","1"
"2024-10-15","2024-10-15 08:00:00 AM","BX19","S","103612","8","12","7","3"
"2024-10-15","2024-10-15 09:00:00 PM","M101","N","403545","8","22","6","1"
"2024-10-15","2024-10-15 10:00:00 AM","B46","S","303658","8","19","16","5"
"2024-10-15","2024-10-15 12:00:00 PM","BX19","N","403687","8","24","12","4"
"2024-10-15","2024-10-15 02:00:00 PM","S79+","N","200479","8","14","9","5"
"2024-10-15","2024-10-15 08:00:00 AM","B35","E","302699","8","27","37","3"
"2024-10-15","2024-10-15 11:00:00 PM","B46","N","303595","8","11","1","4"
"2024-10-15","2024-10-15 08:00:00 PM","BX19","S","103612","8","5","0","1"
"2024-10-15","2024-10-15 08:00:00 AM","B35","W","302740","8","39","12","4"
"2024-10-15","2024-10-15 07:00:00 PM","B35","W","302750","8","11","11","2"
"2024-10-15","2024-10-15 07:00:00 PM","B35","W","302740","8","9","1","1"
"2024-10-15","2024-10-15 01:00:00 PM","B46","S","303658","8","44","16","4"
"2024-10-15","2024-10-15 08:00:00 AM","B35","W","302750","8","53","15","4"
"2024-10-15","2024-10-15 03:00:00 PM","M101","S","405069","8","6","2","2"
"2024-10-15","2024-10-15 10:00:00 AM","S53","E","204019","8","6","2","2"
"2024-10-15","2024-10-15 08:00:00 AM","S79+","S","200237","8","29","14","9"
"2024-10-15","2024-10-15 09:00:00 AM","B46","N","303595","8","3","0","2"
"2024-10-15","2024-10-15 04:00:00 PM","M15","S","401744","8","11","4","3"
"2024-10-15","2024-10-15 09:00:00 PM","M101","S","405069","8","1","0","0"
"2024-10-15","2024-10-15 10:00:00 AM","S53","W","200694","8","4","2","3"
"2024-10-15","2024-10-15 11:00:00 PM","B46","S","303658","8","13","1","3"
"2024-10-15","2024-10-15 05:00:00 PM","S79+","N","200479","8","12","11","5"
"2024-10-15","2024-10-15 08:00:00 PM","S79+","N","200479","8","10","14","3"
"2024-10-15","2024-10-15 07:00:00 PM","B35","E","302684","8","1","1","1"
"2024-10-15","2024-10-15 07:00:00 PM","B35","E","302699","8","27","11","3"
"2024-10-15","2024-10-15 02:00:00 PM","B35","W","302750","8","10","16","3"
"2024-10-15","2024-10-15 10:00:00 AM","S79+","N","200479","8","27","4","3"
"2024-10-15","2024-10-15 08:00:00 AM","BX19","N","403687","8","15","5","3"
"2024-10-15","2024-10-15 05:00:00 PM","B35","E","302684","8","16","5","3"
"2024-10-15","2024-10-15 05:00:00 PM","B35","E","302699","8","24","19","3"
"2024-10-15","2024-10-15 06:00:00 PM","M101","S","405069","8","0","1","1"
"2024-10-15","2024-10-15 07:00:00 AM","M15","S","401744","8","11","0","1"
"2024-10-15","2024-10-15 06:00:00 PM","M101","N","403545","8","9","11","1"
"2024-10-15","2024-10-15 08:00:00 AM","B35","E","302684","8","1","0","1"
"2024-10-15","2024-10-15 12:00:00 PM","B35","E","302699","8","18","7","2"
"2024-10-15","2024-10-15 12:00:00 PM","B35","E","302684","8","15","4","3"
"2024-10-15","2024-10-15 11:00:00 AM","Q58","E","503453","8","2","0","1"
"2024-10-15","2024-10-15 04:00:00 PM","M15","N","402088","8","5","2","1"
"2024-10-15","2024-10-15 12:00:00 PM","BX19","N","403688","9","50","26","5"
"2024-10-15","2024-10-15 07:00:00 PM","B35","E","302700","9","6","2","3"
"2024-10-15","2024-10-15 09:00:00 AM","B46","S","303178","9","6","4","3"
"2024-10-15","2024-10-15 08:00:00 AM","S79+","S","201121","9","14","61","8"
"2024-10-15","2024-10-15 07:00:00 PM","BX19","N","403688","9","11","2","1"
"2024-10-15","2024-10-15 06:00:00 PM","B46","S","308800","9","6","14","1"
"2024-10-15","2024-10-15 08:00:00 PM","S79+","N","201003","9","14","6","2"
"2024-10-15","2024-10-15 02:00:00 PM","BX19","S","101352","9","14","57","4"
"2024-10-15","2024-10-15 01:00:00 PM","M101","N","402688","9","0","3","2"
"2024-10-15","2024-10-15 02:00:00 PM","B35","E","302700","9","9","6","4"
"2024-10-15","2024-10-15 04:00:00 PM","S53","W","200695","9","0","5","3"
"2024-10-15","2024-10-15 08:00:00 AM","BX19","S","101352","9","52","151","5"
"2024-10-15","2024-10-15 06:00:00 PM","M101","N","402688","9","5","10","1"
"2024-10-15","2024-10-15 11:00:00 PM","B46","S","303178","9","1","2","1"
"2024-10-15","2024-10-15 09:00:00 PM","Q58","W","503863","9","0","2","2"
"2024-10-15","2024-10-15 09:00:00 PM","M101","N","402688","9","1","1","1"
"2024-10-15","2024-10-15 12:00:00 PM","BX19","S","101352","9","32","25","4"
"2024-10-15","2024-10-15 06:00:00 PM","B46","N","303596","9","1","13","1"
"2024-10-15","2024-10-15 11:00:00 PM","B35","W","302741","9","4","0","1"
"2024-10-15","2024-10-15 10:00:00 AM","B46","S","303178","9","3","1","3"
"2024-10-15","2024-10-15 05:00:00 PM","BX19","N","403688","9","53","25","3"
"2024-10-15","2024-10-15 10:00:00 AM","S53","E","200266","9","7","3","3"
"2024-10-15","2024-10-15 11:00:00 PM","B35","E","306636","9","0","2","1"
"2024-10-15","2024-10-15 08:00:00 AM","B35","E","306636","9","3","1","2"
"2024-10-15","2024-10-15 06:00:00 PM","B46","N","303607","9","0","1","1"
"2024-10-15","2024-10-15 09:00:00 AM","B46","N","303596","9","0","1","1"
"2024-10-15","2024-10-15 08:00:00 AM","S53","E","200266","9","27","5","3"
"2024-10-15","2024-10-15 08:00:00 AM","B35","W","302741","9","2","3","1"
"2024-10-15","2024-10-15 03:00:00 PM","M101","S","402772","9","4","5","2"
"2024-10-15","2024-10-15 08:00:00 PM","S79+","S","201121","9","11","21","4"
"2024-10-15","2024-10-15 07:00:00 PM","B35","E","306636","9","3","6","3"
"2024-10-15","2024-10-15 02:00:00 PM","B35","E","306636","9","17","4","3"
"2024-10-15","2024-10-15 08:00:00 AM","B35","W","307790","9","23","32","3"
"2024-10-15","2024-10-15 08:00:00 AM","S79+","N","201003","9","28","1","7"
"2024-10-15","2024-10-15 08:00:00 AM","B35","W","308083","9","5","1","1"
"2024-10-15","2024-10-15 07:00:00 PM","B35","W","302741","9","2","0","1"
"2024-10-15","2024-10-15 01:00:00 PM","B46","N","303596","9","4","4","5"
"2024-10-15","2024-10-15 05:00:00 PM","B35","W","302741","9","3","2","2"
"2024-10-15","2024-10-15 02:00:00 PM","Q58","E","503478","9","20","29","4"
"2024-10-15","2024-10-15 08:00:00 PM","BX19","S","101352","9","4","6","2"
"2024-10-15","2024-10-15 07:00:00 PM","B35","W","307790","9","6","5","3"
"2024-10-15","2024-10-15 05:00:00 PM","B35","W","307790","9","14","24","3"
"2024-10-15","2024-10-15 01:00:00 PM","B46","S","303178","9","8","1","3"
"2024-10-15","2024-10-15 02:00:00 PM","S79+","S","201121","9","58","34","5"
"2024-10-15","2024-10-15 02:00:00 PM","S79+","N","201003","9","23","5","4"
"2024-10-15","2024-10-15 05:00:00 PM","B35","E","302700","9","41","12","4"
"2024-10-15","2024-10-15 10:00:00 AM","B35","W","302741","9","2","0","2"
"2024-10-15","2024-10-15 02:00:00 PM","BX19","N","403688","9","35","20","3"
"2024-10-15","2024-10-15 05:00:00 PM","S79+","N","201003","9","16","10","6"
"2024-10-15","2024-10-15 05:00:00 PM","B35","E","306636","9","17","18","3"
"2024-10-15","2024-10-15 10:00:00 AM","B46","N","303596","9","2","0","2"
"2024-10-15","2024-10-15 08:00:00 AM","B35","E","302700","9","7","4","2"
"2024-10-15","2024-10-15 10:00:00 AM","B35","E","306636","9","14","3","2"
"2024-10-15","2024-10-15 01:00:00 PM","S53","E","200266","9","11","2","2"
"2024-10-15","2024-10-15 07:00:00 AM","S53","W","200695","9","0","6","2"
"2024-10-15","2024-10-15 10:00:00 AM","B35","E","302700","9","1","4","2"
"2024-10-15","2024-10-15 01:00:00 PM","S53","W","200695","9","3","0","1"
"2024-10-15","2024-10-15 05:00:00 PM","Q58","E","503475","9","23","4","5"
"2024-10-15","2024-10-15 08:00:00 AM","BX19","N","403688","9","51","32","5"
"2024-10-15","2024-10-15 02:00:00 PM","B35","W","307790","9","7","16","3"
"2024-10-15","2024-10-15 02:00:00 PM","B35","W","302741","9","1","0","1"
"2024-10-15","2024-10-15 05:00:00 PM","Q58","E","503454","9","1","0","1"
"2024-10-15","2024-10-15 08:00:00 PM","BX19","N","403688","9","31","17","3"
"2024-10-15","2024-10-15 05:00:00 PM","BX19","S","101352","9","31","46","5"
"2024-10-15","2024-10-15 07:00:00 PM","Q58","W","503522","9","29","4","4"
"2024-10-15","2024-10-15 07:00:00 PM","Q58","W","503863","9","0","5","1"
"2024-10-15","2024-10-15 10:00:00 AM","B35","W","307790","9","22","14","5"
"2024-10-15","2024-10-15 07:00:00 PM","BX19","S","101352","9","8","7","1"
"2024-10-15","2024-10-15 04:00:00 PM","S53","E","200266","9","4","1","1"
"2024-10-15","2024-10-15 06:00:00 PM","B46","S","303178","9","3","1","2"
"2024-10-15","2024-10-15 07:00:00 AM","S53","E","200266","9","8","0","1"
"2024-10-15","2024-10-15 07:00:00 AM","M15","N","401685","9","7","0","1"
"2024-10-15","2024-10-15 12:00:00 PM","B35","E","306636","9","6","3","2"
"2024-10-15","2024-10-15 10:00:00 AM","S53","W","200695","9","0","1","1"
"2024-10-15","2024-10-15 07:00:00 PM","Q58","E","503475","9","4","8","5"
"2024-10-15","2024-10-15 10:00:00 AM","S79+","N","201003","9","9","0","3"
"2024-10-15","2024-10-15 07:00:00 PM","Q58","E","503454","9","0","2","1"
"2024-10-15","2024-10-15 09:00:00 PM","M101","S","402772","9","3","1","1"
"2024-10-15","2024-10-15 12:00:00 PM","B35","E","302700","9","19","8","2"
"2024-10-15","2024-10-15 05:00:00 PM","S79+","S","201121","9","27","59","7"
"2024-10-15","2024-10-15 04:00:00 PM","M15","N","402090","9","2","3","1"
"2024-10-15","2024-10-15 04:00:00 PM","B46","S","303178","9","3","9","3"
"2024-10-15","2024-10-15 09:00:00 AM","Q58","W","503522","9","13","5","6"
"2024-10-15","2024-10-15 12:00:00 PM","S79+","S","201121","9","22","36","5"
"2024-10-15","2024-10-15 08:00:00 PM","B35","E","306636","9","3","3","1"
"2024-10-15","2024-10-15 03:00:00 PM","BX19","S","101352","9","11","11","3"
"2024-10-15","2024-10-15 07:00:00 PM","B46","S","303178","9","5","1","1"
"2024-10-15","2024-10-15 07:00:00 PM","B46","S","308800","9","16","6","3"
"2024-10-15","2024-10-15 03:00:00 PM","BX19","N","403688","9","62","34","5"
"2024-10-15","2024-10-15 08:00:00 PM","B35","W","307790","9","0","1","1"
"2024-10-15","2024-10-15 09:00:00 AM","Q58","E","503475","9","26","0","3"
"2024-10-15","2024-10-15 09:00:00 AM","Q58","E","503454","9","0","1","1"
"2024-10-15","2024-10-15 02:00:00 PM","S53","W","200315","9","0","3","1"
"2024-10-15","2024-10-15 06:00:00 PM","S53","W","203457","9","1","5","0"
"2024-10-15","2024-10-15 08:00:00 PM","B46","S","303178","9","6","5","6"
"2024-10-15","2024-10-15 07:00:00 AM","BX19","S","101352","9","34","102","4"
"2024-10-15","2024-10-15 10:00:00 PM","B46","S","303178","9","1","1","2"
"2024-10-15","2024-10-15 12:00:00 PM","S53","E","200266","9","9","0","1"
"2024-10-15","2024-10-15 12:00:00 PM","B46","N","303596","9","0","3","2"
"2024-10-15","2024-10-15 06:00:00 PM","S79+","S","201121","9","17","47","7"
"2024-10-15","2024-10-15 02:00:00 PM","M15","N","401685","9","4","0","1"
"2024-10-15","2024-10-15 10:00:00 PM","S79+","N","201003","9","7","1","2"
"2024-10-15","2024-10-15 11:00:00 AM","Q58","E","503475","9","5","0","2"
"2024-10-15","2024-10-15 12:00:00 PM","S79+","N","201003","9","5","0","3"
"2024-10-15","2024-10-15 10:00:00 PM","M101","S","402772","9","0","1","1"
"2024-10-15","2024-10-15 08:00:00 AM","M101","N","402688","9","6","17","2"
"2024-10-15","2024-10-15 10:00:00 AM","M101","S","402772","9","4","1","2"
"2024-10-15","2024-10-15 04:00:00 PM","B46","N","303601","9","1","2","1"
"2024-10-15","2024-10-15 05:00:00 PM","M101","N","402688","9","5","3","1"
"2024-10-15","2024-10-15 08:00:00 PM","B35","W","302741","9","5","1","2"
"2024-10-15","2024-10-15 11:00:00 AM","BX19","S","101352","9","25","27","4"
"2024-10-15","2024-10-15 04:00:00 PM","B46","N","303596","9","6","2","3"
"2024-10-15","2024-10-15 11:00:00 AM","Q58","W","503863","9","1","0","1"
"2024-10-15","2024-10-15 09:00:00 AM","BX19","N","403688","9","31","15","5"
"2024-10-15","2024-10-15 06:00:00 PM","S53","W","200695","9","0","1","1"
"2024-10-15","2024-10-15 09:00:00 PM","BX19","S","101352","9","0","2","1"
"2024-10-15","2024-10-15 10:00:00 PM","B35","W","307790","9","0","1","1"
"2024-10-15","2024-10-15 03:00:00 PM","Q58","W","503863","9","2","10","5"
"2024-10-15","2024-10-15 07:00:00 PM","S53","E","200266","9","12","1","1"
"2024-10-15","2024-10-15 12:00:00 PM","B46","S","303178","9","19","10","4"
"2024-10-15","2024-10-15 01:00:00 PM","S79+","N","201003","9","5","6","4"
"2024-10-15","2024-10-15 06:00:00 PM","S53","E","200266","9","1","1","1"
"2024-10-15","2024-10-15 09:00:00 PM","BX19","N","403688","9","6","9","2"
"2024-10-15","2024-10-15 10:00:00 PM","B35","E","302700","9","0","1","1"
"2024-10-15","2024-10-15 11:00:00 AM","Q58","W","503536","9","1","3","0"
"2024-10-15","2024-10-15 03:00:00 PM","B46","S","303178","9","8","7","5"
"2024-10-15","2024-10-15 10:00:00 AM","M15","N","401685","9","7","1","2"
"2024-10-15","2024-10-15 10:00:00 AM","M15","N","402090","9","1","2","1"
"2024-10-15","2024-10-15 03:00:00 PM","S79+","S","201121","9","22","17","3"
"2024-10-15","2024-10-15 07:00:00 PM","B46","N","303596","9","2","3","2"
"2024-10-15","2024-10-15 04:00:00 PM","M101","N","402688","9","19","1","1"
"2024-10-15","2024-10-15 12:00:00 PM","B35","W","302741","9","6","2","3"
"2024-10-15","2024-10-15 11:00:00 PM","M15","S","401745","9","1","4","0"
"2024-10-15","2024-10-15 09:00:00 AM","B35","W","307790","9","6","12","2"
"2024-10-15","2024-10-15 12:00:00 PM","M101","N","402688","9","1","2","2"
"2024-10-15","2024-10-15 10:00:00 PM","S53","E","200266","9","5","1","2"
"2024-10-15","2024-10-15 09:00:00 AM","B35","W","302741","9","10","1","3"
"2024-10-15","2024-10-15 09:00:00 AM","BX19","S","101352","9","28","48","4"
"2024-10-15","2024-10-15 05:00:00 PM","Q58","W","503863","9","2","1","3"
"2024-10-15","2024-10-15 06:00:00 PM","M15","N","401685","9","4","4","1"
"2024-10-15","2024-10-15 01:00:00 PM","S79+","S","201121","9","21","19","4"
"2024-10-15","2024-10-15 11:00:00 PM","S79+","S","201121","9","1","5","2"
"2024-10-15","2024-10-15 04:00:00 PM","Q58","W","503863","9","2","2","2"
"2024-10-15","2024-10-15 11:00:00 AM","Q58","W","503522","9","13","4","5"
"2024-10-15","2024-10-15 03:00:00 PM","Q58","E","503475","9","4","2","3"
"2024-10-15","2024-10-15 11:00:00 AM","BX19","N","403688","9","23","7","3"
"2024-10-15","2024-10-15 03:00:00 PM","S79+","N","201003","9","14","10","6"
"2024-10-15","2024-10-15 06:00:00 PM","M15","N","402090","9","1","1","1"
"2024-10-15","2024-10-15 07:00:00 PM","S53","W","200695","9","0","2","1"
"2024-10-15","2024-10-15 12:00:00 PM","B35","W","307790","9","14","17","3"
"2024-10-15","2024-10-15 09:00:00 AM","Q58","W","503863","9","3","0","2"
"2024-10-15","2024-10-15 03:00:00 PM","B46","N","303596","9","0","4","1"
"2024-10-15","2024-10-15 04:00:00 PM","Q58","W","503522","9","13","0","1"
"2024-10-15","2024-10-15 09:00:00 AM","B35","E","302700","9","2","1","2"
"2024-10-15","2024-10-15 09:00:00 AM","B35","E","306636","9","8","2","3"
"2024-10-15","2024-10-15 10:00:00 AM","S79+","S","201121","9","12","19","6"
"2024-10-15","2024-10-15 11:00:00 PM","M101","N","402674","9","1","0","1"
"2024-10-15","2024-10-15 05:00:00 PM","Q58","W","503522","9","50","2","3"
"2024-10-15","2024-10-15 02:00:00 PM","S53","W","200695","9","2","0","1"
"2024-10-15","2024-10-15 08:00:00 PM","M101","N","402688","9","2","3","1"
"2024-10-15","2024-10-15 08:00:00 PM","B35","E","302700","9","1","1","1"
"2024-10-15","2024-10-15 10:00:00 PM","S79+","S","201121","9","3","14","2"
"2024-10-15","2024-10-15 10:00:00 PM","B35","E","306636","9","3","1","1"
"2024-10-15","2024-10-15 06:00:00 PM","S79+","N","201003","9","4","10","4"
"2024-10-15","2024-10-15 04:00:00 PM","Q58","E","503454","9","1","1","2"
"2024-10-15","2024-10-15 04:00:00 PM","Q58","E","503475","9","21","9","4"
"2024-10-15","2024-10-15 01:00:00 PM","B35","W","307790","9","12","8","2"
"2024-10-15","2024-10-15 07:00:00 AM","S79+","N","201003","9","26","4","7"
"2024-10-15","2024-10-15 11:00:00 PM","Q58","W","503863","9","1","4","3"
"2024-10-15","2024-10-15 07:00:00 AM","B35","E","302700","9","3","2","1"
"2024-10-15","2024-10-15 05:00:00 PM","B46","N","303596","9","2","4","4"
"2024-10-15","2024-10-15 05:00:00 AM","Q58","E","503454","9","2","0","2"
"2024-10-15","2024-10-15 06:00:00 PM","BX19","S","101352","9","28","34","2"
"2024-10-15","2024-10-15 11:00:00 AM","B35","W","302741","9","3","0","1"
"2024-10-15","2024-10-15 09:00:00 AM","M101","S","402772","9","4","4","2"
"2024-10-15","2024-10-15 11:00:00 AM","S79+","S","201121","9","11","23","6"
"2024-10-15","2024-10-15 09:00:00 PM","S79+","S","201121","9","1","2","2"
"2024-10-15","2024-10-15 06:00:00 PM","BX19","N","403688","9","42","36","5"
"2024-10-15","2024-10-15 11:00:00 AM","B35","W","307790","9","0","2","1"
"2024-10-15","2024-10-15 05:00:00 AM","M101","N","402707","9","2","0","1"
"2024-10-15","2024-10-15 11:00:00 AM","S79+","N","201003","9","13","4","5"
"2024-10-15","2024-10-15 05:00:00 PM","B46","S","308800","9","17","22","2"
"2024-10-15","2024-10-15 05:00:00 PM","B46","S","303178","9","7","5","4"
"2024-10-15","2024-10-15 06:00:00 PM","B35","W","307790","9","1","1","1"
"2024-10-15","2024-10-15 06:00:00 PM","B35","W","302741","9","1","0","1"
"2024-10-15","2024-10-15 11:00:00 AM","S53","E","200266","9","6","0","1"
"2024-10-15","2024-10-15 06:00:00 AM","B46","S","303178","9","1","0","1"
"2024-10-15","2024-10-15 08:00:00 PM","Q58","W","503522","9","49","9","6"
"2024-10-15","2024-10-15 09:00:00 AM","M15","N","401685","9","2","0","1"
"2024-10-15","2024-10-15 06:00:00 AM","S79+","S","201121","9","2","22","4"
"2024-10-15","2024-10-15 11:00:00 AM","B46","N","303596","9","2","2","1"
"2024-10-15","2024-10-15 03:00:00 PM","B35","E","302700","9","11","6","3"
"2024-10-15","2024-10-15 12:00:00 AM","B46","S","303178","9","0","2","1"
"2024-10-15","2024-10-15 06:00:00 AM","BX19","S","101352","9","29","39","3"
"2024-10-15","2024-10-15 06:00:00 AM","BX19","S","403693","9","10","12","2"
"2024-10-15","2024-10-15 04:00:00 AM","S79+","N","201003","9","1","0","1"
"2024-10-15","2024-10-15 03:00:00 PM","B35","E","306636","9","26","14","4"
"2024-10-15","2024-10-15 11:00:00 AM","B46","S","303178","9","1","2","2"
"2024-10-15","2024-10-15 03:00:00 AM","B46","N","303596","9","3","1","2"
"2024-10-15","2024-10-15 09:00:00 PM","B35","E","302700","9","6","0","1"
"2024-10-15","2024-10-15 06:00:00 PM","B35","E","302700","9","1","1","1"
"2024-10-15","2024-10-15 06:00:00 PM","B35","E","306636","9","13","6","2"
"2024-10-15","2024-10-15 05:00:00 AM","B35","E","306636","9","1","0","1"
"2024-10-15","2024-10-15 01:00:00 AM","B46","N","303596","9","1","0","1"
"2024-10-15","2024-10-15 07:00:00 AM","Q58","W","503863","9","6","1","1"
"2024-10-15","2024-10-15 07:00:00 AM","Q58","W","503522","9","34","15","8"
"2024-10-15","2024-10-15 08:00:00 PM","Q58","W","503863","9","1","0","1"
"2024-10-15","2024-10-15 05:00:00 PM","S53","E","200266","9","2","0","1"
"2024-10-15","2024-10-15 05:00:00 PM","S53","W","200695","9","0","1","1"
"2024-10-15","2024-10-15 12:00:00 AM","BX12","E","104240","9","3","2","1"
"2024-10-15","2024-10-15 04:00:00 AM","M15","S","401745","9","1","0","1"
"2024-10-15","2024-10-15 06:00:00 AM","S53","E","200266","9","8","0","2"
"2024-10-15","2024-10-15 07:00:00 AM","B35","E","306636","9","62","10","7"
"2024-10-15","2024-10-15 01:00:00 PM","BX19","N","403688","9","37","13","2"
"2024-10-15","2024-10-15 10:00:00 AM","BX19","N","403688","9","5","10","2"
"2024-10-15","2024-10-15 02:00:00 PM","Q58","W","503536","9","3","2","1"
"2024-10-15","2024-10-15 08:00:00 AM","Q58","W","503863","9","3","1","2"
"2024-10-15","2024-10-15 01:00:00 PM","B35","E","302700","9","3","3","3"
"2024-10-15","2024-10-15 05:00:00 AM","M101","S","402772","9","1","0","1"
"2024-10-15","2024-10-15 02:00:00 PM","M101","S","402772","9","3","5","2"
"2024-10-15","2024-10-15 05:00:00 AM","S53","E","200266","9","3","0","2"
"2024-10-15","2024-10-15 01:00:00 PM","BX19","S","101352","9","24","49","3"
"2024-10-15","2024-10-15 01:00:00 PM","B35","E","306636","9","11","3","3"
"2024-10-15","2024-10-15 08:00:00 PM","Q58","E","503475","9","2","3","2"
"2024-10-15","2024-10-15 10:00:00 AM","BX19","S","101352","9","23","38","3"
"2024-10-15","2024-10-15 02:00:00 PM","Q58","W","503863","9","2","0","2"
"2024-10-15","2024-10-15 12:00:00 AM","BX12","W","100304","9","1","1","1"
"2024-10-15","2024-10-15 05:00:00 AM","Q58","E","503475","9","8","0","3"
"2024-10-15","2024-10-15 07:00:00 AM","B46","S","303178","9","5","3","3"
"2024-10-15","2024-10-15 02:00:00 PM","M101","S","403425","9","6","0","1"
"2024-10-15","2024-10-15 08:00:00 PM","M15","N","401685","9","7","0","1"
"2024-10-15","2024-10-15 10:00:00 PM","Q58","W","503863","9","2","0","1"
"2024-10-15","2024-10-15 10:00:00 AM","Q58","E","503454","9","1","3","0"
"2024-10-15","2024-10-15 10:00:00 AM","Q58","E","503475","9","4","0","1"
"2024-10-15","2024-10-15 03:00:00 PM","B35","W","302741","9","2","4","2"
"2024-10-15","2024-10-15 08:00:00 AM","Q58","W","503522","9","35","29","5"
"2024-10-15","2024-10-15 03:00:00 PM","B35","W","307790","9","8","18","3"
"2024-10-15","2024-10-15 10:00:00 PM","BX19","S","101352","9","8","11","2"
"2024-10-15","2024-10-15 07:00:00 PM","S79+","S","201121","9","11","56","7"
"2024-10-15","2024-10-15 09:00:00 PM","S79+","N","201003","9","2","4","2"
"2024-10-15","2024-10-15 02:00:00 PM","B46","S","303178","9","1","0","1"
"2024-10-15","2024-10-15 03:00:00 PM","S53","E","200266","9","19","2","4"
"2024-10-15","2024-10-15 08:00:00 AM","B46","S","303178","9","8","3","3"
"2024-10-15","2024-10-15 08:00:00 AM","B46","S","308800","9","28","17","6"
"2024-10-15","2024-10-15 10:00:00 AM","Q58","E","503478","9","0","2","0"
"2024-10-15","2024-10-15 07:00:00 PM","S79+","N","201003","9","4","4","2"
"2024-10-15","2024-10-15 05:00:00 AM","S79+","N","201003","9","5","0","3"
"2024-10-15","2024-10-15 09:00:00 PM","B35","W","302741","9","2","0","1"
"2024-10-15","2024-10-15 06:00:00 AM","Q58","W","503522","9","6","9","4"
"2024-10-15","2024-10-15 06:00:00 AM","Q58","W","503863","9","2","0","2"
"2024-10-15","2024-10-15 06:00:00 AM","S79+","N","201003","9","37","5","10"
"2024-10-15","2024-10-15 05:00:00 AM","B46","N","303596","9","1","0","1"
"2024-10-15","2024-10-15 12:00:00 PM","Q58","W","503863","9","0","3","2"
"2024-10-15","2024-10-15 03:00:00 PM","S53","W","200695","9","5","1","1"
"2024-10-15","2024-10-15 05:00:00 AM","S79+","S","201121","9","1","1","1"
"2024-10-15","2024-10-15 04:00:00 AM","S53","E","200266","9","3","0","2"
"2024-10-15","2024-10-15 04:00:00 AM","B46","N","303596","9","4","0","2"
"2024-10-15","2024-10-15 09:00:00 PM","B46","N","303596","9","0","1","1"
"2024-10-15","2024-10-15 05:00:00 AM","M15","N","402090","9","1","0","1"
"2024-10-15","2024-10-15 05:00:00 AM","Q58","W","503863","9","1","0","1"
"2024-10-15","2024-10-15 09:00:00 PM","S53","E","200266","9","6","6","2"
"2024-10-15","2024-10-15 05:00:00 AM","BX19","N","101307","9","7","2","1"
"2024-10-15","2024-10-15 06:00:00 AM","B35","E","306636","9","13","0","3"
"2024-10-15","2024-10-15 01:00:00 PM","B35","W","302741","9","2","1","1"
"2024-10-15","2024-10-15 12:00:00 PM","Q58","W","503522","9","2","1","1"
"2024-10-15","2024-10-15 09:00:00 PM","B35","W","307790","9","4","3","2"
"2024-10-15","2024-10-15 07:00:00 AM","BX19","N","403688","9","13","12","2"
"2024-10-15","2024-10-15 04:00:00 PM","B35","E","306636","9","9","1","2"
"2024-10-15","2024-10-15 04:00:00 PM","B35","E","302700","9","2","0","1"
"2024-10-15","2024-10-15 05:00:00 AM","BX19","N","902030","9","1","1","0"
"2024-10-15","2024-10-15 10:00:00 AM","Q58","W","503522","9","8","9","2"
"2024-10-15","2024-10-15 10:00:00 AM","Q58","W","503863","9","3","0","1"
"2024-10-15","2024-10-15 07:00:00 AM","B46","N","303601","9","0","2","2"
"2024-10-15","2024-10-15 09:00:00 AM","S79+","S","201121","9","13","17","8"
"2024-10-15","2024-10-15 07:00:00 AM","BX19","N","101321","9","8","0","1"
"2024-10-15","2024-10-15 07:00:00 AM","BX19","N","101307","9","27","29","2"
"2024-10-15","2024-10-15 01:00:00 PM","Q58","W","503863","9","3","0","2"
"2024-10-15","2024-10-15 07:00:00 PM","M101","S","402772","9","1","2","2"
"2024-10-15","2024-10-15 04:00:00 PM","B35","W","307790","9","7","16","4"
"2024-10-15","2024-10-15 04:00:00 PM","B35","W","302741","9","21","2","4"
"2024-10-15","2024-10-15 04:00:00 AM","B35","W","302741","9","1","0","1"
"2024-10-15","2024-10-15 08:00:00 AM","Q58","E","503475","9","25","0","2"
"2024-10-15","2024-10-15 07:00:00 PM","M101","N","402688","9","4","3","1"
"2024-10-15","2024-10-15 04:00:00 AM","BX19","S","101352","9","1","6","1"
"2024-10-15","2024-10-15 07:00:00 AM","B46","N","303596","9","7","2","4"
"2024-10-15","2024-10-15 07:00:00 AM","B46","N","303607","9","6","0","2"
"2024-10-15","2024-10-15 12:00:00 PM","Q58","E","503454","9","3","1","1"
"2024-10-15","2024-10-15 08:00:00 AM","B46","N","303607","9","3","1","1"
"2024-10-15","2024-10-15 08:00:00 AM","B46","N","303596","9","3","0","2"
"2024-10-15","2024-10-15 07:00:00 AM","M101","N","402688","9","14","11","1"
"2024-10-15","2024-10-15 06:00:00 AM","B35","W","307790","9","6","0","1"
"2024-10-15","2024-10-15 06:00:00 AM","B35","W","302741","9","0","1","1"
"2024-10-15","2024-10-15 04:00:00 AM","Q58","E","503454","9","1","0","1"
"2024-10-15","2024-10-15 06:00:00 AM","Q58","E","503475","9","42","6","6"
"2024-10-15","2024-10-15 06:00:00 AM","Q58","E","503464","9","1","1","2"
"2024-10-15","2024-10-15 06:00:00 AM","Q58","E","503454","9","1","0","1"
"2024-10-15","2024-10-15 09:00:00 AM","S53","W","200695","9","1","0","0"
"2024-10-15","2024-10-15 09:00:00 PM","B46","S","303178","9","4","3","3"
"2024-10-15","2024-10-15 11:00:00 AM","B35","E","306636","9","2","1","1"
"2024-10-15","2024-10-15 11:00:00 AM","B35","E","302700","9","3","2","2"
"2024-10-15","2024-10-15 02:00:00 PM","B46","N","303596","9","1","6","3"
"2024-10-15","2024-10-15 06:00:00 PM","Q58","W","503863","9","2","4","2"
"2024-10-15","2024-10-15 06:00:00 PM","Q58","W","503522","9","45","4","7"
"2024-10-15","2024-10-15 04:00:00 PM","BX19","N","403688","9","41","31","2"
"2024-10-15","2024-10-15 02:00:00 PM","B46","N","303599","9","5","0","1"
"2024-10-15","2024-10-15 07:00:00 AM","S79+","S","201121","9","24","120","11"
"2024-10-15","2024-10-15 12:00:00 PM","M15","S","401745","9","0","1","1"
"2024-10-15","2024-10-15 07:00:00 AM","B35","W","307790","9","23","35","4"
"2024-10-15","2024-10-15 10:00:00 PM","Q58","E","503454","9","0","1","1"
"2024-10-15","2024-10-15 01:00:00 AM","BX12","E","104240","9","1","0","1"
"2024-10-15","2024-10-15 07:00:00 AM","B35","W","308083","9","14","0","2"
"2024-10-15","2024-10-15 07:00:00 AM","B35","W","302741","9","3","2","3"
"2024-10-15","2024-10-15 06:00:00 PM","Q58","E","503475","9","13","2","3"
"2024-10-15","2024-10-15 05:00:00 AM","B35","W","302741","9","4","0","1"
"2024-10-15","2024-10-15 06:00:00 PM","Q58","E","503454","9","1","0","1"
"2024-10-15","2024-10-15 04:00:00 PM","BX19","S","101352","9","4","34","3"
"2024-10-15","2024-10-15 12:00:00 PM","M15","N","402090","9","0","2","1"
"2024-10-15","2024-10-15 06:00:00 AM","B46","N","303596","9","3","0","2"
"2024-10-15","2024-10-15 11:00:00 PM","BX19","N","101307","9","6","9","2"
"2024-10-15","2024-10-15 04:00:00 PM","S79+","N","201003","9","16","5","5"
"2024-10-15","2024-10-15 09:00:00 AM","S53","E","200266","9","18","1","2"
"2024-10-15","2024-10-15 09:00:00 AM","S79+","N","201003","9","24","9","7"
"2024-10-15","2024-10-15 07:00:00 AM","Q58","E","503454","9","5","1","3"
"2024-10-15","2024-10-15 07:00:00 AM","Q58","E","503475","9","59","6","7"
"2024-10-15","2024-10-15 04:00:00 PM","S79+","S","201121","9","24","18","6"
"2024-10-15","2024-10-15 02:00:00 PM","Q58","W","503864","10","21","20","6"
"2024-10-15","2024-10-15 07:00:00 AM","S79+","S","201124","10","19","342","10"
"2024-10-15","2024-10-15 08:00:00 AM","B46","N","308804","10","3","2","1"
"2024-10-15","2024-10-15 05:00:00 AM","S79+","N","201010","10","10","1","4"
"2024-10-15","2024-10-15 08:00:00 AM","B46","N","303597","10","5","2","3"
"2024-10-15","2024-10-15 09:00:00 AM","S53","E","203034","10","9","2","2"
"2024-10-15","2024-10-15 02:00:00 PM","Q58","W","503537","10","1","3","1"
"2024-10-15","2024-10-15 10:00:00 AM","Q58","E","502992","10","4","25","4"
"2024-10-15","2024-10-15 01:00:00 PM","Q58","E","503455","10","4","14","6"
"2024-10-15","2024-10-15 07:00:00 AM","B46","N","303597","10","8","3","5"
"2024-10-15","2024-10-15 04:00:00 PM","S79+","S","201124","10","46","61","6"
"2024-10-15","2024-10-15 06:00:00 AM","S79+","N","201010","10","23","1","8"
"2024-10-15","2024-10-15 03:00:00 AM","B46","S","303660","10","1","0","1"
"2024-10-15","2024-10-15 11:00:00 PM","Q58","E","503455","10","2","0","1"
"2024-10-15","2024-10-15 05:00:00 AM","BX19","N","101309","10","4","3","1"
"2024-10-15","2024-10-15 06:00:00 AM","S79+","S","201124","10","5","23","5"
"2024-10-15","2024-10-15 09:00:00 PM","B46","N","303597","10","6","0","1"
"2024-10-15","2024-10-15 06:00:00 AM","Q58","W","503864","10","31","2","8"
"2024-10-15","2024-10-15 05:00:00 PM","B46","N","303597","10","8","9","4"
"2024-10-15","2024-10-15 06:00:00 AM","Q58","W","503525","10","3","3","2"
"2024-10-15","2024-10-15 06:00:00 PM","BX19","S","101354","10","12","8","2"
"2024-10-15","2024-10-15 03:00:00 AM","S53","E","203034","10","0","1","1"
"2024-10-15","2024-10-15 12:00:00 AM","B46","S","303660","10","5","0","3"
"2024-10-15","2024-10-15 11:00:00 AM","S79+","S","201124","10","11","12","5"
"2024-10-15","2024-10-15 09:00:00 PM","S79+","S","201124","10","0","7","2"
"2024-10-15","2024-10-15 12:00:00 PM","Q58","E","503455","10","8","11","4"
"2024-10-15","2024-10-15 05:00:00 AM","Q58","E","503455","10","2","4","2"
"2024-10-15","2024-10-15 12:00:00 PM","Q58","W","503864","10","10","2","4"
"2024-10-15","2024-10-15 11:00:00 AM","S79+","N","201010","10","7","0","2"
"2024-10-15","2024-10-15 05:00:00 AM","Q58","E","502992","10","2","22","6"
"2024-10-15","2024-10-15 06:00:00 PM","BX19","N","101306","10","61","51","5"
"2024-10-15","2024-10-15 05:00:00 AM","B46","N","303597","10","7","0","2"
"2024-10-15","2024-10-15 12:00:00 PM","M15","N","404843","10","4","8","1"
"2024-10-15","2024-10-15 11:00:00 AM","B35","W","307793","10","10","23","2"
"2024-10-15","2024-10-15 11:00:00 AM","B35","W","302742","10","6","2","3"
"2024-10-15","2024-10-15 05:00:00 AM","M101","N","450492","10","1","0","1"
"2024-10-15","2024-10-15 12:00:00 PM","Q58","W","503525","10","0","3","1"
"2024-10-15","2024-10-15 11:00:00 AM","B35","E","302701","10","14","2","2"
"2024-10-15","2024-10-15 01:00:00 AM","B46","S","303660","10","2","0","2"
"2024-10-15","2024-10-15 11:00:00 AM","S53","W","203095","10","1","0","1"
"2024-10-15","2024-10-15 11:00:00 PM","Q58","W","503864","10","4","4","4"
"2024-10-15","2024-10-15 09:00:00 AM","S53","W","203095","10","2","0","1"
"2024-10-15","2024-10-15 08:00:00 AM","Q58","E","503455","10","4","1","2"
"2024-10-15","2024-10-15 04:00:00 AM","M15","S","401746","10","1","0","1"
"2024-10-15","2024-10-15 08:00:00 PM","Q58","W","503525","10","1","26","4"
"2024-10-15","2024-10-15 06:00:00 PM","B35","W","302742","10","3","0","1"
"2024-10-15","2024-10-15 06:00:00 PM","B35","W","307793","10","7","11","3"
"2024-10-15","2024-10-15 05:00:00 AM","S79+","S","201124","10","1","4","2"
"2024-10-15","2024-10-15 05:00:00 AM","Q58","W","503864","10","34","2","3"
"2024-10-15","2024-10-15 05:00:00 PM","B46","S","303660","10","26","20","4"
"2024-10-15","2024-10-15 11:00:00 AM","S53","E","203034","10","2","1","1"
"2024-10-15","2024-10-15 04:00:00 PM","S79+","N","201010","10","5","5","4"
"2024-10-15","2024-10-15 08:00:00 PM","Q58","W","503864","10","8","7","5"
"2024-10-15","2024-10-15 12:00:00 AM","B35","W","302742","10","0","1","1"
"2024-10-15","2024-10-15 06:00:00 AM","B46","S","303660","10","7","3","2"
"2024-10-15","2024-10-15 06:00:00 AM","B35","W","302742","10","3","1","1"
"2024-10-15","2024-10-15 09:00:00 AM","M101","S","402773","10","1","2","2"
"2024-10-15","2024-10-15 06:00:00 AM","BX19","S","101354","10","4","17","3"
"2024-10-15","2024-10-15 06:00:00 AM","B35","W","307793","10","9","8","1"
"2024-10-15","2024-10-15 05:00:00 AM","M15","N","404843","10","3","0","1"
"2024-10-15","2024-10-15 07:00:00 AM","B46","N","308804","10","12","2","2"
"2024-10-15","2024-10-15 11:00:00 AM","B46","N","303597","10","8","3","3"
"2024-10-15","2024-10-15 07:00:00 PM","M15","S","401746","10","2","7","2"
"2024-10-15","2024-10-15 09:00:00 AM","S79+","N","201010","10","8","5","4"
"2024-10-15","2024-10-15 06:00:00 AM","BX19","S","403694","10","0","1","1"
"2024-10-15","2024-10-15 01:00:00 PM","B35","W","302742","10","14","5","2"
"2024-10-15","2024-10-15 12:00:00 AM","Q58","W","503864","10","0","2","1"
"2024-10-15","2024-10-15 04:00:00 AM","Q58","E","503455","10","1","0","1"
"2024-10-15","2024-10-15 11:00:00 AM","B46","S","303660","10","25","6","3"
"2024-10-15","2024-10-15 07:00:00 AM","B35","E","302701","10","12","12","1"
"2024-10-15","2024-10-15 09:00:00 AM","S79+","S","201124","10","12","33","10"
"2024-10-15","2024-10-15 03:00:00 PM","B35","E","302686","10","12","5","3"
"2024-10-15","2024-10-15 03:00:00 PM","B35","E","302701","10","84","34","4"
"2024-10-15","2024-10-15 04:00:00 AM","S79+","N","201010","10","2","0","2"
"2024-10-15","2024-10-15 06:00:00 AM","Q58","E","502992","10","10","96","9"
"2024-10-15","2024-10-15 06:00:00 AM","Q58","E","503455","10","1","3","2"
"2024-10-15","2024-10-15 03:00:00 AM","B46","N","303597","10","2","0","1"
"2024-10-15","2024-10-15 04:00:00 AM","B46","S","303660","10","1","0","1"
"2024-10-15","2024-10-15 01:00:00 PM","BX19","N","101306","10","29","21","2"
"2024-10-15","2024-10-15 06:00:00 AM","B35","E","302701","10","2","1","1"
"2024-10-15","2024-10-15 06:00:00 PM","B35","E","302686","10","6","6","1"
"2024-10-15","2024-10-15 06:00:00 PM","B35","E","302701","10","55","7","3"
"2024-10-15","2024-10-15 06:00:00 AM","B35","E","302686","10","4","0","2"
"2024-10-15","2024-10-15 01:00:00 PM","B35","W","307793","10","25","21","2"
"2024-10-15","2024-10-15 07:00:00 AM","Q58","W","503864","10","77","3","5"
"2024-10-15","2024-10-15 06:00:00 AM","B46","N","303597","10","6","0","4"
"2024-10-15","2024-10-15 06:00:00 AM","B46","N","303602","10","2","0","1"
"2024-10-15","2024-10-15 07:00:00 AM","Q58","W","503525","10","5","17","8"
"2024-10-15","2024-10-15 07:00:00 AM","B35","W","302742","10","27","7","3"
"2024-10-15","2024-10-15 06:00:00 PM","Q58","E","503455","10","2","0","1"
"2024-10-15","2024-10-15 04:00:00 AM","B46","N","303597","10","2","0","2"
"2024-10-15","2024-10-15 11:00:00 PM","BX19","N","101309","10","4","3","2"
"2024-10-15","2024-10-15 02:00:00 PM","B46","N","303601","10","2","1","1"
"2024-10-15","2024-10-15 04:00:00 PM","B35","E","302701","10","42","12","2"
"2024-10-15","2024-10-15 05:00:00 AM","B46","S","303660","10","2","0","1"
"2024-10-15","2024-10-15 05:00:00 PM","S53","W","203095","10","1","0","1"
"2024-10-15","2024-10-15 07:00:00 AM","M101","N","403432","10","12","10","2"
"2024-10-15","2024-10-15 12:00:00 AM","BX12","E","104015","10","4","7","1"
"2024-10-15","2024-10-15 07:00:00 AM","B46","N","303602","10","1","0","1"
"2024-10-15","2024-10-15 06:00:00 AM","S53","E","203034","10","14","1","3"
"2024-10-15","2024-10-15 12:00:00 PM","M15","S","401746","10","0","1","1"
"2024-10-15","2024-10-15 06:00:00 PM","Q58","E","502992","10","21","30","4"
"2024-10-15","2024-10-15 03:00:00 AM","Q58","W","503864","10","4","0","1"
"2024-10-15","2024-10-15 10:00:00 AM","Q58","W","503525","10","8","9","4"
"2024-10-15","2024-10-15 10:00:00 AM","Q58","W","503864","10","5","1","3"
"2024-10-15","2024-10-15 10:00:00 AM","BX19","N","101306","10","3","10","2"
"2024-10-15","2024-10-15 07:00:00 AM","B35","W","302753","10","2","3","1"
"2024-10-15","2024-10-15 01:00:00 PM","B35","E","302701","10","6","5","2"
"2024-10-15","2024-10-15 05:00:00 AM","Q58","E","503465","10","2","1","1"
"2024-10-15","2024-10-15 01:00:00 PM","B35","E","302686","10","1","0","1"
"2024-10-15","2024-10-15 09:00:00 PM","B35","E","302701","10","16","3","1"
"2024-10-15","2024-10-15 04:00:00 PM","B35","E","302686","10","1","3","2"
"2024-10-15","2024-10-15 05:00:00 AM","B35","W","302742","10","3","0","1"
"2024-10-15","2024-10-15 05:00:00 AM","M101","S","402773","10","3","0","1"
"2024-10-15","2024-10-15 01:00:00 AM","BX12","E","104015","10","3","0","1"
"2024-10-15","2024-10-15 02:00:00 AM","B46","S","303660","10","1","1","1"
"2024-10-15","2024-10-15 02:00:00 PM","B46","N","303597","10","11","3","3"
"2024-10-15","2024-10-15 05:00:00 AM","S53","E","203034","10","3","0","2"
"2024-10-15","2024-10-15 04:00:00 AM","B35","W","302742","10","4","1","3"
"2024-10-15","2024-10-15 07:00:00 AM","BX19","N","101309","10","9","11","2"
"2024-10-15","2024-10-15 08:00:00 PM","Q58","E","503455","10","4","2","3"
"2024-10-15","2024-10-15 08:00:00 PM","Q58","E","502992","10","7","11","3"
"2024-10-15","2024-10-15 07:00:00 AM","BX19","N","101306","10","8","21","2"
"2024-10-15","2024-10-15 07:00:00 AM","Q58","E","502992","10","35","179","9"
"2024-10-15","2024-10-15 10:00:00 AM","BX19","S","101354","10","6","6","3"
"2024-10-15","2024-10-15 07:00:00 PM","M101","S","402773","10","1","2","1"
"2024-10-15","2024-10-15 06:00:00 PM","Q58","W","503864","10","4","13","4"
"2024-10-15","2024-10-15 07:00:00 AM","BX19","N","101322","10","5","0","1"
"2024-10-15","2024-10-15 12:00:00 AM","B46","N","303597","10","2","0","1"
"2024-10-15","2024-10-15 06:00:00 PM","Q58","W","503525","10","2","25","7"
"2024-10-15","2024-10-15 04:00:00 AM","Q58","W","503864","10","5","1","1"
"2024-10-15","2024-10-15 10:00:00 PM","Q58","W","503864","10","3","14","6"
"2024-10-15","2024-10-15 12:00:00 AM","B35","E","302686","10","3","0","2"
"2024-10-15","2024-10-15 01:00:00 PM","Q58","W","503537","10","1","3","0"
"2024-10-15","2024-10-15 07:00:00 AM","B46","S","303660","10","19","4","4"
"2024-10-15","2024-10-15 09:00:00 PM","B46","S","303660","10","20","8","5"
"2024-10-15","2024-10-15 04:00:00 PM","B35","W","307793","10","42","28","3"
"2024-10-15","2024-10-15 07:00:00 AM","Q58","E","503455","10","7","14","8"
"2024-10-15","2024-10-15 04:00:00 PM","B35","W","302742","10","23","6","4"
"2024-10-15","2024-10-15 11:00:00 AM","B35","E","302686","10","1","0","1"
"2024-10-15","2024-10-15 01:00:00 PM","Q58","W","503864","10","20","9","4"
"2024-10-15","2024-10-15 03:00:00 PM","B35","W","302742","10","7","3","2"
"2024-10-15","2024-10-15 02:00:00 PM","B46","S","303660","10","6","5","2"
"2024-10-15","2024-10-15 05:00:00 AM","S53","W","203095","10","2","0","1"
"2024-10-15","2024-10-15 03:00:00 PM","B35","W","307793","10","43","39","3"
"2024-10-15","2024-10-15 04:00:00 PM","BX19","S","101354","10","7","11","3"
"2024-10-15","2024-10-15 10:00:00 PM","BX19","S","101354","10","1","2","2"
"2024-10-15","2024-10-15 01:00:00 AM","Q58","W","503864","10","0","1","1"
"2024-10-15","2024-10-15 07:00:00 PM","S79+","S","201124","10","10","39","6"
"2024-10-15","2024-10-15 08:00:00 AM","Q58","E","502992","10","18","93","5"
"2024-10-15","2024-10-15 08:00:00 AM","Q58","W","503525","10","9","9","6"
"2024-10-15","2024-10-15 09:00:00 PM","S79+","N","201010","10","0","1","1"
"2024-10-15","2024-10-15 09:00:00 PM","B35","W","302742","10","2","0","1"
"2024-10-15","2024-10-15 09:00:00 PM","B35","W","307793","10","8","7","2"
"2024-10-15","2024-10-15 02:00:00 AM","B35","W","302742","10","1","0","1"
"2024-10-15","2024-10-15 08:00:00 AM","B46","S","303660","10","26","7","3"
"2024-10-15","2024-10-15 08:00:00 AM","B46","S","303688","10","3","0","3"
"2024-10-15","2024-10-15 08:00:00 AM","Q58","W","503864","10","49","10","7"
"2024-10-15","2024-10-15 04:00:00 AM","BX19","S","101354","10","2","0","1"
"2024-10-15","2024-10-15 03:00:00 PM","S53","E","203034","10","12","0","4"
"2024-10-15","2024-10-15 01:00:00 PM","BX19","S","101354","10","30","8","3"
"2024-10-15","2024-10-15 07:00:00 PM","S79+","N","201010","10","2","5","2"
"2024-10-15","2024-10-15 07:00:00 AM","B35","E","302686","10","19","0","6"
"2024-10-15","2024-10-15 04:00:00 PM","BX19","N","101306","10","20","46","2"
"2024-10-15","2024-10-15 07:00:00 AM","B35","W","307793","10","47","83","3"
"2024-10-15","2024-10-15 07:00:00 AM","S79+","N","201010","10","36","3","9"
"2024-10-15","2024-10-15 10:00:00 AM","Q58","E","503455","10","1","1","2"
"2024-10-15","2024-10-15 01:00:00 PM","B46","S","303660","10","17","9","4"
"2024-10-15","2024-10-15 10:00:00 AM","B35","W","302742","10","18","1","3"
"2024-10-15","2024-10-15 10:00:00 AM","B35","W","307793","10","29","30","4"
"2024-10-15","2024-10-15 08:00:00 PM","BX19","N","101306","10","32","35","3"
"2024-10-15","2024-10-15 09:00:00 PM","Q58","W","503864","10","2","14","5"
"2024-10-15","2024-10-15 04:00:00 PM","M15","N","404843","10","4","3","1"
"2024-10-15","2024-10-15 02:00:00 PM","Q58","E","503455","10","6","8","3"
"2024-10-15","2024-10-15 02:00:00 PM","S79+","S","201124","10","39","28","4"
"2024-10-15","2024-10-15 05:00:00 PM","B35","E","302686","10","4","0","2"
"2024-10-15","2024-10-15 07:00:00 PM","Q58","E","503455","10","1","1","2"
"2024-10-15","2024-10-15 05:00:00 PM","S79+","N","201010","10","12","1","5"
"2024-10-15","2024-10-15 08:00:00 PM","S79+","N","201010","10","0","1","1"
"2024-10-15","2024-10-15 12:00:00 PM","BX19","S","101354","10","16","2","3"
"2024-10-15","2024-10-15 09:00:00 PM","BX12","E","104015","10","1","0","0"
"2024-10-15","2024-10-15 09:00:00 PM","Q58","E","503455","10","2","0","1"
"2024-10-15","2024-10-15 11:00:00 PM","B35","W","302742","10","4","0","2"
"2024-10-15","2024-10-15 05:00:00 PM","B35","E","302701","10","57","11","4"
"2024-10-15","2024-10-15 02:00:00 PM","BX19","N","101306","10","36","43","4"
"2024-10-15","2024-10-15 05:00:00 PM","B35","W","302742","10","10","4","2"
"2024-10-15","2024-10-15 10:00:00 AM","B46","N","303597","10","3","3","2"
"2024-10-15","2024-10-15 11:00:00 AM","M15","S","401746","10","0","2","1"
"2024-10-15","2024-10-15 08:00:00 AM","BX19","N","101306","10","42","53","5"
"2024-10-15","2024-10-15 05:00:00 PM","Q58","E","502992","10","46","41","7"
"2024-10-15","2024-10-15 05:00:00 PM","Q58","E","503455","10","2","0","1"
"2024-10-15","2024-10-15 07:00:00 PM","BX19","S","101354","10","0","4","1"
"2024-10-15","2024-10-15 11:00:00 AM","M15","N","404843","10","5","4","1"
"2024-10-15","2024-10-15 09:00:00 PM","M15","N","404843","10","0","3","2"
"2024-10-15","2024-10-15 12:00:00 PM","BX19","N","101306","10","56","43","5"
"2024-10-15","2024-10-15 02:00:00 PM","Q58","E","503480","10","5","0","1"
"2024-10-15","2024-10-15 07:00:00 PM","BX19","N","101306","10","0","6","1"
"2024-10-15","2024-10-15 08:00:00 AM","S53","W","203095","10","3","0","1"
"2024-10-15","2024-10-15 08:00:00 AM","BX19","S","101354","10","14","3","4"
"2024-10-15","2024-10-15 05:00:00 PM","B35","W","307793","10","48","36","3"
"2024-10-15","2024-10-15 02:00:00 PM","Q58","E","502994","10","7","10","4"
"2024-10-15","2024-10-15 02:00:00 PM","BX19","S","101354","10","4","8","4"
"2024-10-15","2024-10-15 06:00:00 PM","B46","S","303688","10","0","3","1"
"2024-10-15","2024-10-15 10:00:00 AM","B46","S","303660","10","8","7","4"
"2024-10-15","2024-10-15 01:00:00 PM","M101","N","403432","10","5","2","2"
"2024-10-15","2024-10-15 09:00:00 AM","B46","S","303660","10","18","6","5"
"2024-10-15","2024-10-15 01:00:00 PM","S53","E","203034","10","4","0","1"
"2024-10-15","2024-10-15 08:00:00 PM","BX19","S","101354","10","3","2","2"
"2024-10-15","2024-10-15 06:00:00 PM","B46","N","303597","10","2","1","2"
"2024-10-15","2024-10-15 09:00:00 PM","M101","N","403432","10","0","4","1"
"2024-10-15","2024-10-15 06:00:00 PM","B46","N","308804","10","6","5","1"
"2024-10-15","2024-10-15 07:00:00 AM","M15","S","401746","10","13","8","1"
"2024-10-15","2024-10-15 02:00:00 PM","B35","E","302686","10","3","1","3"
"2024-10-15","2024-10-15 02:00:00 PM","S79+","N","201010","10","4","2","4"
"2024-10-15","2024-10-15 07:00:00 PM","B35","W","307793","10","26","14","3"
"2024-10-15","2024-10-15 07:00:00 PM","B35","W","302742","10","2","3","2"
"2024-10-15","2024-10-15 12:00:00 PM","B35","E","302701","10","39","7","2"
"2024-10-15","2024-10-15 12:00:00 PM","B35","E","302686","10","4","0","2"
"2024-10-15","2024-10-15 06:00:00 PM","B46","S","303660","10","14","9","2"
"2024-10-15","2024-10-15 02:00:00 PM","B35","E","302701","10","131","19","6"
"2024-10-15","2024-10-15 06:00:00 PM","M101","N","403432","10","3","6","1"
"2024-10-15","2024-10-15 10:00:00 AM","S53","E","203034","10","2","0","2"
"2024-10-15","2024-10-15 03:00:00 PM","M101","S","402773","10","3","9","2"
"2024-10-15","2024-10-15 08:00:00 AM","B35","W","302742","10","17","7","3"
"2024-10-15","2024-10-15 08:00:00 AM","B35","W","302753","10","1","3","1"
"2024-10-15","2024-10-15 08:00:00 AM","B35","W","307793","10","65","97","4"
"2024-10-15","2024-10-15 04:00:00 PM","M15","S","401746","10","12","16","3"
"2024-10-15","2024-10-15 07:00:00 AM","S53","E","203034","10","5","0","1"
"2024-10-15","2024-10-15 05:00:00 PM","S79+","S","201124","10","43","48","7"
"2024-10-15","2024-10-15 08:00:00 AM","B35","E","302686","10","9","0","2"
"2024-10-15","2024-10-15 07:00:00 AM","M15","N","404843","10","6","0","1"
"2024-10-15","2024-10-15 02:00:00 PM","B35","W","307793","10","35","36","4"
"2024-10-15","2024-10-15 08:00:00 PM","S53","W","203095","10","1","1","1"
"2024-10-15","2024-10-15 11:00:00 PM","B46","S","303660","10","6","4","2"
"2024-10-15","2024-10-15 08:00:00 PM","S53","E","203034","10","7","0","1"
"2024-10-15","2024-10-15 02:00:00 PM","B35","W","302742","10","2","0","1"
"2024-10-15","2024-10-15 05:00:00 PM","BX19","N","101306","10","16","21","2"
"2024-10-15","2024-10-15 10:00:00 AM","B35","E","302701","10","34","10","3"
"2024-10-15","2024-10-15 07:00:00 PM","Q58","W","503864","10","6","14","4"
"2024-10-15","2024-10-15 01:00:00 PM","B46","N","303597","10","7","9","5"
"2024-10-15","2024-10-15 07:00:00 PM","Q58","W","503525","10","1","21","5"
"2024-10-15","2024-10-15 07:00:00 PM","B35","E","302701","10","31","3","2"
"2024-10-15","2024-10-15 08:00:00 AM","S79+","N","201010","10","26","0","7"
"2024-10-15","2024-10-15 08:00:00 AM","B35","E","302701","10","22","14","3"
"2024-10-15","2024-10-15 11:00:00 PM","B35","E","302686","10","2","0","1"
"2024-10-15","2024-10-15 08:00:00 PM","S53","W","203040","10","0","6","0"
"2024-10-15","2024-10-15 08:00:00 AM","S79+","S","201124","10","6","148","9"
"2024-10-15","2024-10-15 04:00:00 PM","S53","E","203034","10","1","0","1"
"2024-10-15","2024-10-15 05:00:00 PM","BX19","S","101354","10","14","15","5"
"2024-10-15","2024-10-15 07:00:00 PM","Q58","E","502992","10","21","26","5"
"2024-10-15","2024-10-15 08:00:00 AM","S53","E","203034","10","27","2","3"
"2024-10-15","2024-10-15 08:00:00 PM","S79+","S","201124","10","2","11","3"
"2024-10-15","2024-10-15 09:00:00 AM","B46","N","303597","10","0","1","1"
"2024-10-15","2024-10-15 07:00:00 AM","S53","W","203095","10","2","0","2"
"2024-10-15","2024-10-15 09:00:00 PM","M101","S","402773","10","1","0","1"
"2024-10-15","2024-10-15 08:00:00 PM","M101","N","403432","10","1","3","1"
"2024-10-15","2024-10-15 08:00:00 PM","B35","W","302742","10","2","1","2"
"2024-10-15","2024-10-15 08:00:00 PM","B35","W","307793","10","3","0","1"
"2024-10-15","2024-10-15 09:00:00 AM","BX19","S","101354","10","10","12","2"
"2024-10-15","2024-10-15 03:00:00 PM","S79+","S","201124","10","19","5","4"
"2024-10-15","2024-10-15 09:00:00 AM","Q58","W","503864","10","14","1","4"
"2024-10-15","2024-10-15 09:00:00 AM","Q58","W","503525","10","0","2","2"
"2024-10-15","2024-10-15 09:00:00 PM","BX19","N","101306","10","8","5","2"
"2024-10-15","2024-10-15 03:00:00 PM","S79+","N","201010","10","2","6","4"
"2024-10-15","2024-10-15 03:00:00 PM","S79+","N","307203","10","4","33","2"
"2024-10-15","2024-10-15 04:00:00 PM","B46","S","303660","10","22","10","4"
"2024-10-15","2024-10-15 04:00:00 PM","B46","S","303688","10","1","3","0"
"2024-10-15","2024-10-15 12:00:00 PM","S53","E","203034","10","2","0","1"
"2024-10-15","2024-10-15 09:00:00 AM","BX19","N","101306","10","10","31","5"
"2024-10-15","2024-10-15 08:00:00 PM","B35","E","302686","10","1","0","1"
"2024-10-15","2024-10-15 08:00:00 PM","B35","E","302701","10","40","3","4"
"2024-10-15","2024-10-15 09:00:00 PM","BX19","S","101354","10","0","2","1"
"2024-10-15","2024-10-15 12:00:00 PM","M101","S","403821","10","0","2","1"
"2024-10-15","2024-10-15 11:00:00 PM","S79+","S","201124","10","0","3","1"
"2024-10-15","2024-10-15 03:00:00 PM","Q58","W","503864","10","28","16","7"
"2024-10-15","2024-10-15 10:00:00 AM","M101","S","402773","10","1","0","1"
"2024-10-15","2024-10-15 03:00:00 PM","B46","N","303597","10","6","3","3"
"2024-10-15","2024-10-15 06:00:00 PM","M15","N","404843","10","1","3","1"
"2024-10-15","2024-10-15 03:00:00 PM","B46","S","303660","10","23","19","5"
"2024-10-15","2024-10-15 07:00:00 PM","S53","W","203095","10","1","0","1"
"2024-10-15","2024-10-15 09:00:00 AM","B35","W","302742","10","10","3","2"
"2024-10-15","2024-10-15 09:00:00 AM","B35","W","307793","10","8","19","2"
"2024-10-15","2024-10-15 04:00:00 PM","M101","N","403432","10","5","4","1"
"2024-10-15","2024-10-15 10:00:00 PM","B35","E","302701","10","12","1","2"
"2024-10-15","2024-10-15 07:00:00 PM","S53","E","203034","10","7","1","1"
"2024-10-15","2024-10-15 10:00:00 PM","B35","E","302686","10","2","1","1"
"2024-10-15","2024-10-15 02:00:00 PM","S53","W","203095","10","3","0","3"
"2024-10-15","2024-10-15 02:00:00 PM","S53","W","200316","10","0","2","1"
"2024-10-15","2024-10-15 10:00:00 PM","B35","W","307793","10","1","2","1"
"2024-10-15","2024-10-15 10:00:00 PM","B35","W","302742","10","2","0","1"
"2024-10-15","2024-10-15 02:00:00 PM","S53","W","203040","10","0","1","1"
"2024-10-15","2024-10-15 12:00:00 PM","B35","W","307793","10","31","37","3"
"2024-10-15","2024-10-15 12:00:00 PM","B35","W","302742","10","14","0","2"
"2024-10-15","2024-10-15 10:00:00 AM","M15","N","404843","10","2","3","1"
"2024-10-15","2024-10-15 10:00:00 AM","M15","N","401686","10","0","1","1"
"2024-10-15","2024-10-15 01:00:00 PM","S79+","N","201010","10","3","3","2"
"2024-10-15","2024-10-15 12:00:00 PM","M101","N","403432","10","6","4","2"
"2024-10-15","2024-10-15 01:00:00 PM","S79+","S","201124","10","8","30","4"
"2024-10-15","2024-10-15 03:00:00 PM","Q58","E","503455","10","6","7","5"
"2024-10-15","2024-10-15 03:00:00 PM","Q58","E","502992","10","8","19","3"
"2024-10-15","2024-10-15 09:00:00 AM","B35","E","302686","10","4","1","2"
"2024-10-15","2024-10-15 09:00:00 AM","B35","E","302701","10","11","7","2"
"2024-10-15","2024-10-15 10:00:00 AM","M15","S","401746","10","3","2","1"
"2024-10-15","2024-10-15 04:00:00 PM","Q58","E","502992","10","25","40","4"
"2024-10-15","2024-10-15 04:00:00 PM","Q58","E","503455","10","4","8","3"
"2024-10-15","2024-10-15 07:00:00 PM","B46","S","303660","10","23","11","3"
"2024-10-15","2024-10-15 07:00:00 PM","B46","S","303688","10","1","2","1"
"2024-10-15","2024-10-15 10:00:00 PM","B46","S","303660","10","13","2","4"
"2024-10-15","2024-10-15 02:00:00 PM","M15","N","401686","10","5","0","1"
"2024-10-15","2024-10-15 02:00:00 PM","M15","N","404843","10","11","6","2"
"2024-10-15","2024-10-15 10:00:00 AM","S79+","N","201010","10","8","0","3"
"2024-10-15","2024-10-15 08:00:00 AM","M15","S","401746","10","23","11","2"
"2024-10-15","2024-10-15 10:00:00 PM","M15","S","401746","10","3","8","2"
"2024-10-15","2024-10-15 12:00:00 PM","B46","S","303688","10","0","1","0"
"2024-10-15","2024-10-15 12:00:00 PM","B46","S","303660","10","17","15","5"
"2024-10-15","2024-10-15 07:00:00 PM","B46","N","303597","10","5","6","4"
"2024-10-15","2024-10-15 10:00:00 PM","S53","E","203034","10","3","0","1"
"2024-10-15","2024-10-15 10:00:00 AM","S79+","S","201124","10","14","23","5"
"2024-10-15","2024-10-15 10:00:00 PM","S53","W","203095","10","0","1","1"
"2024-10-15","2024-10-15 03:00:00 PM","BX19","S","101354","10","3","2","2"
"2024-10-15","2024-10-15 10:00:00 PM","S79+","N","201010","10","0","1","1"
"2024-10-15","2024-10-15 11:00:00 AM","BX19","N","101306","10","19","28","4"
"2024-10-15","2024-10-15 02:00:00 PM","M15","S","401746","10","5","4","1"
"2024-10-15","2024-10-15 11:00:00 PM","S53","E","203034","10","1","0","1"
"2024-10-15","2024-10-15 04:00:00 PM","Q58","W","503525","10","1","14","1"
"2024-10-15","2024-10-15 04:00:00 PM","Q58","W","503864","10","11","10","6"
"2024-10-15","2024-10-15 08:00:00 AM","M101","N","403432","10","11","13","3"
"2024-10-15","2024-10-15 06:00:00 PM","S79+","S","201124","10","19","45","8"
"2024-10-15","2024-10-15 10:00:00 PM","S79+","S","201124","10","0","2","1"
"2024-10-15","2024-10-15 03:00:00 PM","BX19","N","101306","10","36","41","5"
"2024-10-15","2024-10-15 11:00:00 AM","BX19","S","101354","10","10","8","4"
"2024-10-15","2024-10-15 05:00:00 PM","M101","N","403432","10","2","2","1"
"2024-10-15","2024-10-15 12:00:00 PM","B46","N","303597","10","2","1","2"
"2024-10-15","2024-10-15 06:00:00 PM","M15","N","401686","10","1","4","1"
"2024-10-15","2024-10-15 06:00:00 PM","S79+","N","201010","10","2","3","3"
"2024-10-15","2024-10-15 06:00:00 PM","S53","E","203034","10","17","8","3"
"2024-10-15","2024-10-15 05:00:00 PM","Q58","W","503525","10","3","27","5"
"2024-10-15","2024-10-15 05:00:00 PM","Q58","W","503864","10","22","28","7"
"2024-10-15","2024-10-15 11:00:00 AM","Q58","W","503864","10","7","2","4"
"2024-10-15","2024-10-15 11:00:00 AM","Q58","W","503525","10","0","4","2"
"2024-10-15","2024-10-15 04:00:00 PM","B46","N","303597","10","4","6","4"
"2024-10-15","2024-10-15 12:00:00 PM","S79+","N","201010","10","9","0","3"
"2024-10-15","2024-10-15 11:00:00 AM","Q58","E","502992","10","3","19","2"
"2024-10-15","2024-10-15 09:00:00 AM","Q58","E","503455","10","1","1","2"
"2024-10-15","2024-10-15 09:00:00 AM","Q58","E","502992","10","32","58","4"
"2024-10-15","2024-10-15 11:00:00 AM","Q58","E","503455","10","4","2","4"
"2024-10-15","2024-10-15 08:00:00 PM","B46","S","303660","10","26","11","6"
"2024-10-15","2024-10-15 08:00:00 PM","B46","N","303597","10","2","1","2"
"2024-10-15","2024-10-15 07:00:00 AM","BX19","S","101354","10","20","6","4"
"2024-10-15","2024-10-15 12:00:00 PM","S79+","S","201124","10","7","3","3"
"2024-10-15","2024-10-15 04:00:00 PM","M101","N","403433","11","1","2","1"
"2024-10-15","2024-10-15 03:00:00 PM","B35","W","302743","11","1","0","1"
"2024-10-15","2024-10-15 03:00:00 PM","B46","N","801094","11","23","3","2"
"2024-10-15","2024-10-15 07:00:00 AM","BX19","S","101355","11","11","9","4"
"2024-10-15","2024-10-15 11:00:00 PM","M15","S","401747","11","0","1","0"
"2024-10-15","2024-10-15 10:00:00 PM","S79+","S","201126","11","1","2","2"
"2024-10-15","2024-10-15 08:00:00 AM","M101","N","403433","11","3","7","3"
"2024-10-15","2024-10-15 10:00:00 PM","S53","E","203035","11","1","1","2"
"2024-10-15","2024-10-15 10:00:00 PM","M15","S","401747","11","1","1","2"
"2024-10-15","2024-10-15 08:00:00 AM","M15","S","401747","11","2","1","2"
"2024-10-15","2024-10-15 10:00:00 PM","B46","N","801094","11","21","14","5"
"2024-10-15","2024-10-15 09:00:00 AM","B35","E","302702","11","6","2","2"
"2024-10-15","2024-10-15 09:00:00 AM","B35","E","302687","11","2","5","2"
"2024-10-15","2024-10-15 10:00:00 PM","B35","W","307795","11","4","1","1"
"2024-10-15","2024-10-15 10:00:00 PM","B35","E","302687","11","6","0","1"
"2024-10-15","2024-10-15 10:00:00 PM","B35","E","302702","11","6","0","2"
"2024-10-15","2024-10-15 09:00:00 AM","B35","W","307795","11","7","5","2"
"2024-10-15","2024-10-15 09:00:00 AM","B35","W","302743","11","1","1","2"
"2024-10-15","2024-10-15 09:00:00 PM","BX19","S","101355","11","0","1","1"
"2024-10-15","2024-10-15 09:00:00 AM","BX19","N","101307","11","26","30","5"
"2024-10-15","2024-10-15 09:00:00 PM","BX19","N","101307","11","12","12","2"
"2024-10-15","2024-10-15 09:00:00 AM","BX19","S","101355","11","5","5","1"
"2024-10-15","2024-10-15 08:00:00 PM","B46","S","303180","11","3","2","3"
"2024-10-15","2024-10-15 09:00:00 AM","Q58","E","503478","11","10","25","3"
"2024-10-15","2024-10-15 09:00:00 AM","Q58","E","503456","11","10","3","3"
"2024-10-15","2024-10-15 08:00:00 PM","B46","N","801094","11","15","8","3"
"2024-10-15","2024-10-15 08:00:00 PM","B35","W","302743","11","2","3","2"
"2024-10-15","2024-10-15 09:00:00 AM","Q58","W","503528","11","1","21","6"
"2024-10-15","2024-10-15 09:00:00 AM","Q58","W","503511","11","14","0","6"
"2024-10-15","2024-10-15 08:00:00 PM","B35","E","302702","11","15","1","3"
"2024-10-15","2024-10-15 08:00:00 PM","B35","E","302687","11","1","1","1"
"2024-10-15","2024-10-15 10:00:00 AM","M101","S","402774","11","3","5","2"
"2024-10-15","2024-10-15 07:00:00 PM","S53","W","200697","11","0","6","2"
"2024-10-15","2024-10-15 07:00:00 PM","S53","E","203035","11","10","0","1"
"2024-10-15","2024-10-15 10:00:00 AM","M15","N","401687","11","22","20","2"
"2024-10-15","2024-10-15 10:00:00 AM","M15","N","401675","11","2","0","1"
"2024-10-15","2024-10-15 07:00:00 PM","B46","S","308777","11","0","4","2"
"2024-10-15","2024-10-15 07:00:00 PM","B46","S","303180","11","0","2","1"
"2024-10-15","2024-10-15 10:00:00 AM","M15","S","401747","11","1","3","1"
"2024-10-15","2024-10-15 10:00:00 AM","S79+","N","201012","11","7","0","4"
"2024-10-15","2024-10-15 07:00:00 PM","B46","N","801094","11","24","15","6"
"2024-10-15","2024-10-15 10:00:00 AM","S79+","S","201126","11","9","24","6"
"2024-10-15","2024-10-15 11:00:00 AM","BX19","N","101307","11","55","33","4"
"2024-10-15","2024-10-15 06:00:00 PM","S79+","S","201126","11","9","35","8"
"2024-10-15","2024-10-15 11:00:00 AM","BX19","S","101355","11","20","7","5"
"2024-10-15","2024-10-15 06:00:00 PM","S79+","N","201012","11","1","1","2"
"2024-10-15","2024-10-15 11:00:00 AM","Q58","E","503478","11","6","13","2"
"2024-10-15","2024-10-15 11:00:00 AM","Q58","E","503456","11","15","0","3"
"2024-10-15","2024-10-15 06:00:00 PM","S53","W","200697","11","0","1","1"
"2024-10-15","2024-10-15 06:00:00 PM","S53","E","203035","11","6","0","3"
"2024-10-15","2024-10-15 06:00:00 PM","M15","N","401687","11","6","6","1"
"2024-10-15","2024-10-15 11:00:00 AM","Q58","W","503528","11","6","11","3"
"2024-10-15","2024-10-15 11:00:00 AM","Q58","W","503511","11","18","4","5"
"2024-10-15","2024-10-15 05:00:00 PM","Q58","W","503511","11","25","23","8"
"2024-10-15","2024-10-15 05:00:00 PM","Q58","W","503528","11","8","48","5"
"2024-10-15","2024-10-15 12:00:00 PM","B35","W","302743","11","0","1","1"
"2024-10-15","2024-10-15 12:00:00 PM","B35","W","307795","11","17","14","3"
"2024-10-15","2024-10-15 05:00:00 PM","M15","N","401687","11","15","1","2"
"2024-10-15","2024-10-15 12:00:00 PM","B46","N","801094","11","30","10","4"
"2024-10-15","2024-10-15 05:00:00 PM","M101","N","403433","11","2","5","1"
"2024-10-15","2024-10-15 04:00:00 PM","Q58","W","503511","11","16","17","7"
"2024-10-15","2024-10-15 04:00:00 PM","Q58","W","503528","11","1","11","1"
"2024-10-15","2024-10-15 04:00:00 PM","Q58","E","503456","11","63","6","7"
"2024-10-15","2024-10-15 04:00:00 PM","Q58","E","503478","11","86","40","5"
"2024-10-15","2024-10-15 12:00:00 PM","M101","N","403433","11","9","3","2"
"2024-10-15","2024-10-15 03:00:00 PM","B46","S","303180","11","2","7","4"
"2024-10-15","2024-10-15 12:00:00 PM","S53","E","203035","11","1","1","1"
"2024-10-15","2024-10-15 11:00:00 PM","S53","W","200697","11","1","0","1"
"2024-10-15","2024-10-15 04:00:00 PM","B46","S","303180","11","2","0","1"
"2024-10-15","2024-10-15 04:00:00 PM","B46","S","308777","11","0","2","0"
"2024-10-15","2024-10-15 12:00:00 PM","S53","W","200697","11","1","1","1"
"2024-10-15","2024-10-15 12:00:00 PM","S79+","N","201012","11","5","0","2"
"2024-10-15","2024-10-15 04:00:00 PM","B46","N","303603","11","6","0","1"
"2024-10-15","2024-10-15 04:00:00 PM","B46","N","801094","11","21","10","4"
"2024-10-15","2024-10-15 12:00:00 PM","S79+","S","201126","11","6","11","4"
"2024-10-15","2024-10-15 03:00:00 PM","S79+","S","201126","11","42","58","4"
"2024-10-15","2024-10-15 03:00:00 PM","S79+","N","201012","11","4","9","5"
"2024-10-15","2024-10-15 03:00:00 PM","S79+","N","901225","11","1","74","2"
"2024-10-15","2024-10-15 03:00:00 PM","Q58","W","503511","11","30","40","8"
"2024-10-15","2024-10-15 01:00:00 PM","S79+","N","201012","11","9","0","3"
"2024-10-15","2024-10-15 03:00:00 PM","Q58","E","503456","11","26","13","5"
"2024-10-15","2024-10-15 01:00:00 PM","S79+","S","201126","11","7","7","4"
"2024-10-15","2024-10-15 03:00:00 PM","Q58","E","503478","11","45","14","2"
"2024-10-15","2024-10-15 02:00:00 PM","M15","N","401675","11","3","4","3"
"2024-10-15","2024-10-15 02:00:00 PM","M15","N","401687","11","10","3","1"
"2024-10-15","2024-10-15 11:00:00 PM","S53","E","203035","11","1","0","1"
"2024-10-15","2024-10-15 03:00:00 PM","BX19","S","101355","11","2","6","3"
"2024-10-15","2024-10-15 02:00:00 PM","M15","S","401747","11","3","8","1"
"2024-10-15","2024-10-15 03:00:00 PM","BX19","N","101307","11","109","84","5"
"2024-10-15","2024-10-15 02:00:00 PM","S53","W","200697","11","0","2","2"
"2024-10-15","2024-10-15 02:00:00 PM","S53","W","203480","11","0","1","1"
"2024-10-15","2024-10-15 07:00:00 AM","B35","E","302687","11","30","5","6"
"2024-10-15","2024-10-15 07:00:00 AM","B46","N","303603","11","3","0","2"
"2024-10-15","2024-10-15 01:00:00 PM","BX19","N","101307","11","34","27","2"
"2024-10-15","2024-10-15 09:00:00 PM","B35","E","302702","11","1","0","1"
"2024-10-15","2024-10-15 04:00:00 AM","M15","S","401747","11","1","0","1"
"2024-10-15","2024-10-15 02:00:00 AM","B46","S","303180","11","2","0","1"
"2024-10-15","2024-10-15 02:00:00 PM","B46","S","303180","11","3","0","2"
"2024-10-15","2024-10-15 01:00:00 PM","BX19","S","101355","11","13","17","4"
"2024-10-15","2024-10-15 01:00:00 PM","Q58","E","503456","11","34","8","7"
"2024-10-15","2024-10-15 08:00:00 PM","Q58","W","503511","11","14","8","6"
"2024-10-15","2024-10-15 02:00:00 PM","B46","N","303602","11","1","1","1"
"2024-10-15","2024-10-15 02:00:00 PM","B46","N","801094","11","34","22","6"
"2024-10-15","2024-10-15 01:00:00 PM","Q58","W","503538","11","0","1","0"
"2024-10-15","2024-10-15 04:00:00 AM","Q58","E","503456","11","3","3","3"
"2024-10-15","2024-10-15 07:00:00 AM","B35","W","302743","11","8","2","3"
"2024-10-15","2024-10-15 07:00:00 AM","B35","W","307790","11","4","6","1"
"2024-10-15","2024-10-15 07:00:00 AM","B35","W","307795","11","9","10","2"
"2024-10-15","2024-10-15 01:00:00 PM","Q58","W","503511","11","14","17","6"
"2024-10-15","2024-10-15 02:00:00 AM","B35","W","302743","11","0","1","1"
"2024-10-15","2024-10-15 03:00:00 AM","Q58","W","503511","11","6","0","1"
"2024-10-15","2024-10-15 10:00:00 PM","Q58","W","503511","11","2","11","6"
"2024-10-15","2024-10-15 10:00:00 AM","BX19","N","101307","11","11","12","2"
"2024-10-15","2024-10-15 08:00:00 PM","Q58","E","503456","11","38","2","7"
"2024-10-15","2024-10-15 08:00:00 PM","Q58","E","503478","11","21","8","3"
"2024-10-15","2024-10-15 05:00:00 AM","S53","E","203035","11","1","0","1"
"2024-10-15","2024-10-15 10:00:00 AM","BX19","S","101355","11","11","6","3"
"2024-10-15","2024-10-15 12:00:00 AM","BX12","W","100306","11","1","0","1"
"2024-10-15","2024-10-15 03:00:00 AM","Q58","E","503456","11","1","0","1"
"2024-10-15","2024-10-15 08:00:00 PM","M15","N","401687","11","5","0","1"
"2024-10-15","2024-10-15 07:00:00 PM","S79+","S","201126","11","3","16","5"
"2024-10-15","2024-10-15 08:00:00 AM","B46","S","303180","11","5","0","3"
"2024-10-15","2024-10-15 08:00:00 AM","B46","S","308777","11","5","4","3"
"2024-10-15","2024-10-15 07:00:00 PM","S79+","N","201012","11","1","1","2"
"2024-10-15","2024-10-15 09:00:00 PM","B46","N","801094","11","17","15","5"
"2024-10-15","2024-10-15 08:00:00 AM","Q58","W","503528","11","8","49","8"
"2024-10-15","2024-10-15 08:00:00 AM","Q58","W","503511","11","60","2","6"
"2024-10-15","2024-10-15 10:00:00 AM","Q58","E","503456","11","11","4","5"
"2024-10-15","2024-10-15 10:00:00 AM","Q58","E","503478","11","46","37","4"
"2024-10-15","2024-10-15 10:00:00 AM","Q58","E","503479","11","0","1","0"
"2024-10-15","2024-10-15 05:00:00 AM","B46","N","801094","11","21","7","6"
"2024-10-15","2024-10-15 05:00:00 AM","S79+","S","201126","11","3","0","1"
"2024-10-15","2024-10-15 07:00:00 PM","M15","S","401747","11","3","12","2"
"2024-10-15","2024-10-15 12:00:00 AM","Q58","E","503456","11","3","0","1"
"2024-10-15","2024-10-15 12:00:00 AM","Q58","W","503511","11","0","2","1"
"2024-10-15","2024-10-15 06:00:00 AM","B35","E","302702","11","2","1","1"
"2024-10-15","2024-10-15 06:00:00 AM","B35","E","302687","11","4","0","3"
"2024-10-15","2024-10-15 05:00:00 AM","Q58","E","503456","11","13","2","5"
"2024-10-15","2024-10-15 10:00:00 AM","Q58","W","503511","11","8","2","5"
"2024-10-15","2024-10-15 10:00:00 AM","Q58","W","503528","11","8","7","4"
"2024-10-15","2024-10-15 07:00:00 PM","M101","S","402774","11","1","3","2"
"2024-10-15","2024-10-15 09:00:00 PM","B46","S","303180","11","1","0","1"
"2024-10-15","2024-10-15 07:00:00 PM","M101","N","403433","11","9","5","1"
"2024-10-15","2024-10-15 08:00:00 AM","B46","N","303603","11","10","0","2"
"2024-10-15","2024-10-15 08:00:00 AM","B46","N","303609","11","1","0","1"
"2024-10-15","2024-10-15 08:00:00 AM","B46","N","801094","11","50","14","5"
"2024-10-15","2024-10-15 06:00:00 AM","B35","W","302743","11","6","0","2"
"2024-10-15","2024-10-15 06:00:00 AM","B35","W","307795","11","3","0","1"
"2024-10-15","2024-10-15 04:00:00 AM","B46","N","801094","11","3","0","2"
"2024-10-15","2024-10-15 06:00:00 PM","Q58","W","503511","11","4","3","4"
"2024-10-15","2024-10-15 06:00:00 PM","Q58","W","503528","11","6","35","8"
"2024-10-15","2024-10-15 07:00:00 AM","S79+","S","201126","11","18","20","8"
"2024-10-15","2024-10-15 09:00:00 AM","S53","W","200697","11","2","3","1"
"2024-10-15","2024-10-15 06:00:00 PM","Q58","E","503456","11","8","3","3"
"2024-10-15","2024-10-15 06:00:00 PM","Q58","E","503478","11","37","23","4"
"2024-10-15","2024-10-15 11:00:00 AM","B35","E","302687","11","2","1","2"
"2024-10-15","2024-10-15 06:00:00 AM","B46","N","303603","11","1","0","1"
"2024-10-15","2024-10-15 06:00:00 AM","B46","N","801094","11","13","6","4"
"2024-10-15","2024-10-15 07:00:00 AM","S79+","N","201012","11","23","0","7"
"2024-10-15","2024-10-15 05:00:00 AM","BX19","N","101310","11","0","2","1"
"2024-10-15","2024-10-15 04:00:00 AM","B35","W","302743","11","1","0","1"
"2024-10-15","2024-10-15 06:00:00 PM","BX19","S","101355","11","10","17","2"
"2024-10-15","2024-10-15 05:00:00 AM","Q58","E","503466","11","4","0","1"
"2024-10-15","2024-10-15 06:00:00 PM","BX19","N","101307","11","56","72","6"
"2024-10-15","2024-10-15 11:00:00 AM","B35","W","302743","11","1","2","2"
"2024-10-15","2024-10-15 11:00:00 AM","B35","W","307795","11","1","1","2"
"2024-10-15","2024-10-15 06:00:00 PM","B35","W","307795","11","2","9","2"
"2024-10-15","2024-10-15 06:00:00 PM","B35","W","302743","11","0","2","1"
"2024-10-15","2024-10-15 09:00:00 AM","M15","N","401687","11","11","1","1"
"2024-10-15","2024-10-15 06:00:00 AM","B46","S","303180","11","2","0","2"
"2024-10-15","2024-10-15 11:00:00 PM","Q58","E","503456","11","6","2","2"
"2024-10-15","2024-10-15 11:00:00 AM","B46","N","801094","11","38","9","6"
"2024-10-15","2024-10-15 07:00:00 AM","Q58","W","503528","11","22","179","8"
"2024-10-15","2024-10-15 07:00:00 AM","Q58","W","503511","11","125","3","8"
"2024-10-15","2024-10-15 09:00:00 AM","S79+","N","201012","11","19","3","6"
"2024-10-15","2024-10-15 06:00:00 PM","B35","E","302702","11","19","5","3"
"2024-10-15","2024-10-15 06:00:00 PM","B35","E","302687","11","6","12","2"
"2024-10-15","2024-10-15 11:00:00 PM","BX19","N","101310","11","0","5","2"
"2024-10-15","2024-10-15 05:00:00 PM","S53","W","200697","11","0","6","2"
"2024-10-15","2024-10-15 05:00:00 AM","B35","E","302687","11","2","0","1"
"2024-10-15","2024-10-15 03:00:00 AM","B46","N","801094","11","4","0","2"
"2024-10-15","2024-10-15 05:00:00 AM","Q58","E","503478","11","5","11","6"
"2024-10-15","2024-10-15 11:00:00 AM","B46","S","303180","11","3","2","4"
"2024-10-15","2024-10-15 09:00:00 AM","M101","S","402774","11","4","1","1"
"2024-10-15","2024-10-15 06:00:00 AM","BX19","S","403695","11","0","7","2"
"2024-10-15","2024-10-15 06:00:00 AM","BX19","S","101355","11","19","11","2"
"2024-10-15","2024-10-15 11:00:00 AM","S53","E","203035","11","4","0","2"
"2024-10-15","2024-10-15 05:00:00 PM","B46","S","303180","11","2","0","2"
"2024-10-15","2024-10-15 05:00:00 PM","B46","S","308777","11","2","2","2"
"2024-10-15","2024-10-15 11:00:00 PM","Q58","W","503511","11","6","7","5"
"2024-10-15","2024-10-15 03:00:00 AM","B35","E","302687","11","3","0","1"
"2024-10-15","2024-10-15 11:00:00 AM","S79+","N","201012","11","1","4","1"
"2024-10-15","2024-10-15 11:00:00 AM","S79+","S","201126","11","9","11","4"
"2024-10-15","2024-10-15 09:00:00 PM","B35","W","307795","11","0","3","2"
"2024-10-15","2024-10-15 05:00:00 PM","B46","N","801094","11","17","8","3"
"2024-10-15","2024-10-15 07:00:00 AM","Q58","E","503478","11","48","83","9"
"2024-10-15","2024-10-15 07:00:00 AM","Q58","E","503456","11","53","1","7"
"2024-10-15","2024-10-15 04:00:00 PM","S79+","S","201126","11","8","22","5"
"2024-10-15","2024-10-15 04:00:00 PM","S79+","N","201012","11","2","2","3"
"2024-10-15","2024-10-15 09:00:00 PM","B35","W","302743","11","0","1","1"
"2024-10-15","2024-10-15 06:00:00 AM","M15","S","401747","11","1","0","1"
"2024-10-15","2024-10-15 04:00:00 PM","BX19","S","101355","11","3","13","3"
"2024-10-15","2024-10-15 12:00:00 AM","B35","E","302687","11","0","3","2"
"2024-10-15","2024-10-15 10:00:00 PM","Q58","E","503456","11","18","3","5"
"2024-10-15","2024-10-15 08:00:00 AM","Q58","E","503478","11","27","28","5"
"2024-10-15","2024-10-15 04:00:00 PM","BX19","N","101307","11","42","34","2"
"2024-10-15","2024-10-15 01:00:00 AM","BX12","E","100636","11","0","1","1"
"2024-10-15","2024-10-15 08:00:00 AM","Q58","E","503456","11","25","3","4"
"2024-10-15","2024-10-15 12:00:00 PM","M15","S","401747","11","1","4","1"
"2024-10-15","2024-10-15 07:00:00 AM","M101","N","403433","11","10","11","2"
"2024-10-15","2024-10-15 06:00:00 AM","Q58","E","503466","11","4","0","2"
"2024-10-15","2024-10-15 06:00:00 AM","Q58","E","503456","11","4","0","3"
"2024-10-15","2024-10-15 06:00:00 AM","Q58","E","503478","11","17","53","10"
"2024-10-15","2024-10-15 02:00:00 AM","Q58","W","503511","11","0","1","1"
"2024-10-15","2024-10-15 12:00:00 PM","Q58","E","503456","11","59","8","7"
"2024-10-15","2024-10-15 04:00:00 PM","B35","W","307795","11","9","5","3"
"2024-10-15","2024-10-15 04:00:00 PM","B35","W","302743","11","2","8","3"
"2024-10-15","2024-10-15 07:00:00 AM","BX19","N","103507","11","22","7","1"
"2024-10-15","2024-10-15 07:00:00 AM","BX19","N","101310","11","2","10","2"
"2024-10-15","2024-10-15 07:00:00 AM","BX19","N","101307","11","17","32","2"
"2024-10-15","2024-10-15 04:00:00 PM","B35","E","302702","11","15","5","2"
"2024-10-15","2024-10-15 04:00:00 PM","B35","E","302687","11","6","6","3"
"2024-10-15","2024-10-15 12:00:00 AM","B46","S","303180","11","2","1","2"
"2024-10-15","2024-10-15 04:00:00 AM","M101","N","450228","11","4","0","1"
"2024-10-15","2024-10-15 04:00:00 AM","S53","E","203035","11","1","1","1"
"2024-10-15","2024-10-15 03:00:00 PM","S53","W","200697","11","1","3","1"
"2024-10-15","2024-10-15 05:00:00 AM","M101","S","402774","11","0","2","1"
"2024-10-15","2024-10-15 09:00:00 AM","S79+","S","201126","11","5","8","8"
"2024-10-15","2024-10-15 03:00:00 PM","S53","E","203035","11","2","0","1"
"2024-10-15","2024-10-15 06:00:00 AM","Q58","W","503528","11","2","6","4"
"2024-10-15","2024-10-15 06:00:00 AM","Q58","W","503511","11","51","0","5"
"2024-10-15","2024-10-15 09:00:00 AM","S53","E","203035","11","4","0","2"
"2024-10-15","2024-10-15 12:00:00 PM","Q58","W","503528","11","1","4","1"
"2024-10-15","2024-10-15 12:00:00 PM","Q58","W","503511","11","13","12","4"
"2024-10-15","2024-10-15 02:00:00 AM","Q58","E","503456","11","1","0","1"
"2024-10-15","2024-10-15 09:00:00 PM","S79+","N","201012","11","0","1","1"
"2024-10-15","2024-10-15 01:00:00 AM","Q58","W","503511","11","1","1","1"
"2024-10-15","2024-10-15 10:00:00 PM","BX19","S","101355","11","3","2","2"
"2024-10-15","2024-10-15 03:00:00 PM","B35","W","307795","11","7","6","3"
"2024-10-15","2024-10-15 01:00:00 PM","B35","E","302687","11","1","4","2"
"2024-10-15","2024-10-15 01:00:00 PM","B35","E","302702","11","5","0","2"
"2024-10-15","2024-10-15 06:00:00 AM","S53","E","203035","11","4","0","2"
"2024-10-15","2024-10-15 03:00:00 PM","B35","E","302702","11","34","11","4"
"2024-10-15","2024-10-15 03:00:00 PM","B35","E","302687","11","14","21","3"
"2024-10-15","2024-10-15 12:00:00 AM","B46","N","801094","11","5","1","2"
"2024-10-15","2024-10-15 09:00:00 PM","S79+","S","201126","11","0","5","2"
"2024-10-15","2024-10-15 08:00:00 PM","Q58","W","503528","11","1","31","7"
"2024-10-15","2024-10-15 01:00:00 PM","B35","W","302743","11","0","2","1"
"2024-10-15","2024-10-15 06:00:00 AM","S79+","N","201012","11","15","0","6"
"2024-10-15","2024-10-15 05:00:00 AM","Q58","W","503511","11","32","0","2"
"2024-10-15","2024-10-15 01:00:00 PM","B35","W","307795","11","6","3","2"
"2024-10-15","2024-10-15 02:00:00 PM","Q58","W","503538","11","1","0","1"
"2024-10-15","2024-10-15 02:00:00 PM","Q58","W","503511","11","45","23","7"
"2024-10-15","2024-10-15 04:00:00 AM","Q58","W","503511","11","3","0","1"
"2024-10-15","2024-10-15 06:00:00 AM","S79+","S","201126","11","6","5","5"
"2024-10-15","2024-10-15 02:00:00 PM","M101","S","402774","11","5","2","2"
"2024-10-15","2024-10-15 02:00:00 PM","M101","S","402854","11","0","5","1"
"2024-10-15","2024-10-15 07:00:00 AM","B46","N","303609","11","3","0","1"
"2024-10-15","2024-10-15 07:00:00 AM","B46","N","801094","11","46","14","7"
"2024-10-15","2024-10-15 07:00:00 AM","B35","E","302702","11","7","7","1"
"2024-10-15","2024-10-15 08:00:00 AM","B35","E","302687","11","3","3","3"
"2024-10-15","2024-10-15 12:00:00 PM","BX19","N","101307","11","65","48","5"
"2024-10-15","2024-10-15 08:00:00 PM","BX19","S","101355","11","3","1","2"
"2024-10-15","2024-10-15 09:00:00 PM","Q58","W","503511","11","10","15","5"
"2024-10-15","2024-10-15 08:00:00 PM","S53","E","203035","11","2","1","1"
"2024-10-15","2024-10-15 06:00:00 PM","B46","S","303180","11","2","5","2"
"2024-10-15","2024-10-15 01:00:00 PM","S53","E","203035","11","1","0","1"
"2024-10-15","2024-10-15 05:00:00 PM","Q58","E","503478","11","85","27","7"
"2024-10-15","2024-10-15 10:00:00 AM","S53","W","200697","11","1","0","1"
"2024-10-15","2024-10-15 05:00:00 PM","Q58","E","503456","11","27","3","5"
"2024-10-15","2024-10-15 02:00:00 PM","S79+","N","201012","11","5","2","4"
"2024-10-15","2024-10-15 02:00:00 PM","B35","E","302702","11","77","23","6"
"2024-10-15","2024-10-15 02:00:00 PM","Q58","E","503479","11","0","3","1"
"2024-10-15","2024-10-15 01:00:00 PM","B46","S","303180","11","1","2","2"
"2024-10-15","2024-10-15 08:00:00 PM","S79+","S","201126","11","1","4","2"
"2024-10-15","2024-10-15 06:00:00 PM","B46","S","308777","11","0","3","1"
"2024-10-15","2024-10-15 11:00:00 PM","B46","S","303180","11","4","0","3"
"2024-10-15","2024-10-15 11:00:00 AM","M15","S","401747","11","0","5","1"
"2024-10-15","2024-10-15 10:00:00 AM","B35","W","302743","11","1","3","1"
"2024-10-15","2024-10-15 01:00:00 PM","S53","W","200697","11","0","1","1"
"2024-10-15","2024-10-15 02:00:00 PM","S79+","S","201126","11","5","9","3"
"2024-10-15","2024-10-15 07:00:00 PM","BX19","S","101355","11","2","0","1"
"2024-10-15","2024-10-15 02:00:00 PM","Q58","E","503456","11","23","3","4"
"2024-10-15","2024-10-15 11:00:00 PM","B35","W","302743","11","0","1","1"
"2024-10-15","2024-10-15 02:00:00 PM","B35","E","302687","11","8","3","3"
"2024-10-15","2024-10-15 08:00:00 AM","BX19","N","101307","11","77","121","5"
"2024-10-15","2024-10-15 10:00:00 AM","B46","N","801094","11","10","2","3"
"2024-10-15","2024-10-15 07:00:00 PM","Q58","E","503456","11","27","2","5"
"2024-10-15","2024-10-15 10:00:00 AM","B35","E","302687","11","1","2","1"
"2024-10-15","2024-10-15 10:00:00 AM","B35","E","302702","11","21","7","3"
"2024-10-15","2024-10-15 07:00:00 PM","B35","E","302702","11","9","2","2"
"2024-10-15","2024-10-15 07:00:00 PM","Q58","E","503478","11","51","27","5"
"2024-10-15","2024-10-15 01:00:00 PM","B46","N","801094","11","36","15","5"
"2024-10-15","2024-10-15 09:00:00 AM","B46","N","801094","11","19","3","3"
"2024-10-15","2024-10-15 05:00:00 PM","B35","W","307795","11","3","4","3"
"2024-10-15","2024-10-15 07:00:00 PM","B35","E","302687","11","0","4","3"
"2024-10-15","2024-10-15 10:00:00 AM","B35","W","307795","11","11","12","4"
"2024-10-15","2024-10-15 02:00:00 PM","Q58","E","503481","11","0","6","2"
"2024-10-15","2024-10-15 07:00:00 PM","Q58","W","503528","11","4","20","5"
"2024-10-15","2024-10-15 08:00:00 PM","S79+","N","201012","11","0","1","1"
"2024-10-15","2024-10-15 07:00:00 PM","Q58","W","503511","11","17","10","5"
"2024-10-15","2024-10-15 08:00:00 AM","B35","E","302702","11","7","12","3"
"2024-10-15","2024-10-15 08:00:00 AM","S79+","N","201012","11","8","0","7"
"2024-10-15","2024-10-15 04:00:00 PM","M15","N","401675","11","1","2","1"
"2024-10-15","2024-10-15 12:00:00 PM","B35","E","302702","11","12","9","5"
"2024-10-15","2024-10-15 07:00:00 PM","B35","W","307795","11","7","3","2"
"2024-10-15","2024-10-15 07:00:00 PM","B35","W","302743","11","0","1","1"
"2024-10-15","2024-10-15 05:00:00 PM","B35","W","302743","11","2","5","2"
"2024-10-15","2024-10-15 02:00:00 PM","BX19","N","101307","11","61","62","4"
"2024-10-15","2024-10-15 07:00:00 AM","M15","S","401747","11","2","13","1"
"2024-10-15","2024-10-15 11:00:00 PM","B46","N","801094","11","13","3","5"
"2024-10-15","2024-10-15 12:00:00 PM","B35","E","302687","11","5","6","2"
"2024-10-15","2024-10-15 05:00:00 PM","BX19","S","101355","11","11","14","5"
"2024-10-15","2024-10-15 07:00:00 AM","M15","N","401687","11","24","0","1"
"2024-10-15","2024-10-15 02:00:00 PM","BX19","S","101355","11","4","4","3"
"2024-10-15","2024-10-15 09:00:00 PM","Q58","E","503456","11","19","4","4"
"2024-10-15","2024-10-15 04:00:00 PM","S53","W","200697","11","0","5","2"
"2024-10-15","2024-10-15 06:00:00 PM","B46","N","801094","11","12","10","4"
"2024-10-15","2024-10-15 08:00:00 PM","BX19","N","101307","11","37","59","3"
"2024-10-15","2024-10-15 12:00:00 PM","BX19","S","101355","11","9","15","2"
"2024-10-15","2024-10-15 09:00:00 PM","M101","N","403433","11","0","3","2"
"2024-10-15","2024-10-15 06:00:00 PM","M101","N","403433","11","0","4","1"
"2024-10-15","2024-10-15 01:00:00 PM","M101","N","403433","11","1","13","2"
"2024-10-15","2024-10-15 03:00:00 PM","M101","N","403433","11","29","6","1"
"2024-10-15","2024-10-15 08:00:00 AM","S53","W","200697","11","4","0","3"
"2024-10-15","2024-10-15 05:00:00 PM","BX19","N","101307","11","21","44","2"
"2024-10-15","2024-10-15 10:00:00 AM","B46","S","303180","11","1","1","2"
"2024-10-15","2024-10-15 05:00:00 PM","B35","E","302687","11","18","10","3"
"2024-10-15","2024-10-15 09:00:00 PM","M101","S","402774","11","1","7","1"
"2024-10-15","2024-10-15 08:00:00 AM","S79+","S","201126","11","12","8","6"
"2024-10-15","2024-10-15 03:00:00 PM","M101","S","402774","11","4","9","2"
"2024-10-15","2024-10-15 08:00:00 AM","S53","E","203035","11","5","2","1"
"2024-10-15","2024-10-15 07:00:00 AM","S53","W","200697","11","1","0","1"
"2024-10-15","2024-10-15 05:00:00 PM","B35","E","302702","11","20","5","3"
"2024-10-15","2024-10-15 08:00:00 AM","B35","W","302743","11","3","3","3"
"2024-10-15","2024-10-15 08:00:00 AM","BX19","S","101355","11","12","11","4"
"2024-10-15","2024-10-15 02:00:00 PM","B35","W","307795","11","3","4","2"
"2024-10-15","2024-10-15 07:00:00 PM","BX19","N","101307","11","14","9","1"
"2024-10-15","2024-10-15 05:00:00 PM","S79+","S","201126","11","8","26","8"
"2024-10-15","2024-10-15 04:00:00 PM","M15","S","401747","11","2","10","2"
"2024-10-15","2024-10-15 05:00:00 PM","S79+","N","201012","11","11","1","3"
"2024-10-15","2024-10-15 07:00:00 AM","M15","N","401675","11","1","0","1"
"2024-10-15","2024-10-15 11:00:00 PM","B35","E","302687","11","2","1","1"
"2024-10-15","2024-10-15 08:00:00 AM","B35","W","307795","11","17","30","3"
"2024-10-15","2024-10-15 08:00:00 AM","B35","W","307790","11","2","4","1"
"2024-10-15","2024-10-15 08:00:00 AM","B35","W","302745","12","1","6","3"
"2024-10-15","2024-10-15 07:00:00 AM","S53","W","200698","12","10","4","3"
"2024-10-15","2024-10-15 05:00:00 PM","B35","E","302688","12","3","0","1"
"2024-10-15","2024-10-15 05:00:00 PM","B35","E","901728","12","6","17","2"
"2024-10-15","2024-10-15 01:00:00 PM","M101","N","403434","12","7","10","2"
"2024-10-15","2024-10-15 02:00:00 PM","Q58","E","503480","12","19","4","3"
"2024-10-15","2024-10-15 02:00:00 PM","Q58","E","503689","12","0","2","2"
"2024-10-15","2024-10-15 09:00:00 PM","Q58","W","503513","12","5","6","2"
"2024-10-15","2024-10-15 02:00:00 PM","Q58","E","503457","12","1","0","1"
"2024-10-15","2024-10-15 08:00:00 PM","S53","E","203036","12","8","0","1"
"2024-10-15","2024-10-15 07:00:00 PM","Q58","W","503531","12","10","34","5"
"2024-10-15","2024-10-15 07:00:00 PM","Q58","W","503513","12","8","2","4"
"2024-10-15","2024-10-15 10:00:00 AM","B35","E","901728","12","3","2","2"
"2024-10-15","2024-10-15 10:00:00 AM","B35","E","302688","12","5","1","2"
"2024-10-15","2024-10-15 08:00:00 AM","S79+","N","201016","12","28","0","8"
"2024-10-15","2024-10-15 08:00:00 PM","S53","W","203100","12","0","2","0"
"2024-10-15","2024-10-15 09:00:00 AM","B46","N","303599","12","1","0","1"
"2024-10-15","2024-10-15 08:00:00 AM","S53","E","203036","12","14","18","3"
"2024-10-15","2024-10-15 08:00:00 PM","S53","W","200698","12","0","3","2"
"2024-10-15","2024-10-15 07:00:00 PM","Q58","E","503457","12","2","1","2"
"2024-10-15","2024-10-15 07:00:00 PM","Q58","E","503481","12","20","66","7"
"2024-10-15","2024-10-15 08:00:00 PM","S79+","S","201128","12","3","15","4"
"2024-10-15","2024-10-15 10:00:00 AM","B35","W","302745","12","1","2","2"
"2024-10-15","2024-10-15 10:00:00 AM","B35","W","302758","12","13","21","4"
"2024-10-15","2024-10-15 02:00:00 PM","S79+","S","201128","12","14","19","4"
"2024-10-15","2024-10-15 02:00:00 PM","BX19","N","101309","12","40","37","4"
"2024-10-15","2024-10-15 07:00:00 AM","M15","N","401688","12","0","1","1"
"2024-10-15","2024-10-15 10:00:00 AM","B46","N","303599","12","7","1","2"
"2024-10-15","2024-10-15 07:00:00 PM","BX19","S","101356","12","0","2","1"
"2024-10-15","2024-10-15 11:00:00 PM","B46","N","303599","12","5","0","2"
"2024-10-15","2024-10-15 08:00:00 PM","BX19","S","101356","12","7","4","1"
"2024-10-15","2024-10-15 07:00:00 PM","BX19","N","101309","12","7","5","2"
"2024-10-15","2024-10-15 08:00:00 AM","BX19","S","101356","12","57","31","6"
"2024-10-15","2024-10-15 10:00:00 AM","B46","S","303662","12","1","5","1"
"2024-10-15","2024-10-15 03:00:00 PM","M101","N","403434","12","3","10","1"
"2024-10-15","2024-10-15 09:00:00 PM","M101","N","403434","12","13","6","2"
"2024-10-15","2024-10-15 07:00:00 PM","B35","W","302745","12","0","2","1"
"2024-10-15","2024-10-15 07:00:00 PM","B35","W","302758","12","2","7","3"
"2024-10-15","2024-10-15 02:00:00 PM","BX19","S","101356","12","33","22","5"
"2024-10-15","2024-10-15 10:00:00 AM","S53","E","203036","12","3","3","2"
"2024-10-15","2024-10-15 02:00:00 PM","B35","W","302758","12","9","20","4"
"2024-10-15","2024-10-15 07:00:00 PM","B35","E","901728","12","1","9","2"
"2024-10-15","2024-10-15 07:00:00 PM","B35","E","302688","12","1","4","2"
"2024-10-15","2024-10-15 10:00:00 AM","S53","W","200698","12","1","4","4"
"2024-10-15","2024-10-15 08:00:00 AM","BX19","N","101309","12","59","51","4"
"2024-10-15","2024-10-15 09:00:00 PM","M101","S","405070","12","1","0","1"
"2024-10-15","2024-10-15 06:00:00 PM","M101","S","405070","12","4","0","1"
"2024-10-15","2024-10-15 06:00:00 PM","M101","N","403434","12","8","7","1"
"2024-10-15","2024-10-15 07:00:00 AM","M15","S","401748","12","0","10","1"
"2024-10-15","2024-10-15 03:00:00 PM","M101","S","405070","12","10","12","2"
"2024-10-15","2024-10-15 11:00:00 AM","M15","N","405320","12","5","0","1"
"2024-10-15","2024-10-15 08:00:00 PM","BX19","N","101309","12","21","33","3"
"2024-10-15","2024-10-15 06:00:00 PM","B46","S","303690","12","0","4","1"
"2024-10-15","2024-10-15 04:00:00 PM","M15","N","405320","12","4","5","1"
"2024-10-15","2024-10-15 08:00:00 AM","S53","W","200698","12","1","0","1"
"2024-10-15","2024-10-15 06:00:00 PM","B46","N","303610","12","2","2","1"
"2024-10-15","2024-10-15 06:00:00 PM","B46","N","303599","12","5","0","3"
"2024-10-15","2024-10-15 02:00:00 PM","B35","E","901728","12","11","31","5"
"2024-10-15","2024-10-15 02:00:00 PM","B35","E","302688","12","2","4","2"
"2024-10-15","2024-10-15 11:00:00 AM","M15","S","401748","12","4","4","1"
"2024-10-15","2024-10-15 05:00:00 PM","S79+","S","201128","12","1","13","5"
"2024-10-15","2024-10-15 07:00:00 AM","S53","E","203036","12","8","8","1"
"2024-10-15","2024-10-15 09:00:00 AM","B46","S","303662","12","3","5","3"
"2024-10-15","2024-10-15 02:00:00 PM","S79+","N","201016","12","4","7","4"
"2024-10-15","2024-10-15 12:00:00 PM","B35","E","901728","12","9","11","4"
"2024-10-15","2024-10-15 12:00:00 PM","B35","E","302688","12","2","1","1"
"2024-10-15","2024-10-15 09:00:00 AM","B46","S","303690","12","1","0","1"
"2024-10-15","2024-10-15 11:00:00 PM","B35","W","302745","12","0","4","2"
"2024-10-15","2024-10-15 05:00:00 PM","S79+","N","201016","12","2","6","4"
"2024-10-15","2024-10-15 08:00:00 AM","B35","W","302758","12","21","82","4"
"2024-10-15","2024-10-15 08:00:00 AM","B35","W","307793","12","12","17","1"
"2024-10-15","2024-10-15 04:00:00 PM","M15","S","401748","12","0","5","1"
"2024-10-15","2024-10-15 12:00:00 PM","BX19","N","101309","12","64","39","5"
"2024-10-15","2024-10-15 11:00:00 PM","B46","S","303662","12","5","0","2"
"2024-10-15","2024-10-15 05:00:00 PM","Q58","E","503481","12","14","37","6"
"2024-10-15","2024-10-15 05:00:00 PM","Q58","E","503457","12","3","0","3"
"2024-10-15","2024-10-15 09:00:00 PM","Q58","E","503457","12","2","0","1"
"2024-10-15","2024-10-15 12:00:00 PM","BX19","S","101356","12","15","19","3"
"2024-10-15","2024-10-15 01:00:00 PM","S53","W","200698","12","0","1","1"
"2024-10-15","2024-10-15 05:00:00 PM","BX19","S","101356","12","25","15","5"
"2024-10-15","2024-10-15 11:00:00 PM","B35","E","302688","12","1","1","1"
"2024-10-15","2024-10-15 05:00:00 PM","BX19","N","101309","12","46","56","3"
"2024-10-15","2024-10-15 01:00:00 PM","B46","N","303599","12","8","1","5"
"2024-10-15","2024-10-15 08:00:00 AM","S79+","S","201128","12","4","7","5"
"2024-10-15","2024-10-15 04:00:00 PM","S53","E","203036","12","4","1","1"
"2024-10-15","2024-10-15 05:00:00 PM","B35","W","302758","12","15","25","3"
"2024-10-15","2024-10-15 05:00:00 PM","B35","W","302745","12","8","12","2"
"2024-10-15","2024-10-15 08:00:00 AM","B35","E","901728","12","1","8","2"
"2024-10-15","2024-10-15 08:00:00 AM","B35","E","302688","12","2","0","1"
"2024-10-15","2024-10-15 01:00:00 PM","B46","S","303662","12","1","5","3"
"2024-10-15","2024-10-15 01:00:00 PM","S53","E","203036","12","15","7","2"
"2024-10-15","2024-10-15 11:00:00 AM","BX19","N","101309","12","58","39","4"
"2024-10-15","2024-10-15 12:00:00 PM","S53","E","203036","12","5","5","1"
"2024-10-15","2024-10-15 10:00:00 PM","S79+","S","201128","12","0","1","1"
"2024-10-15","2024-10-15 01:00:00 PM","S79+","S","201128","12","0","6","3"
"2024-10-15","2024-10-15 06:00:00 PM","S79+","N","201016","12","4","0","3"
"2024-10-15","2024-10-15 05:00:00 PM","Q58","W","503513","12","12","8","8"
"2024-10-15","2024-10-15 12:00:00 PM","B35","W","302745","12","6","11","3"
"2024-10-15","2024-10-15 10:00:00 AM","S79+","S","201128","12","0","3","1"
"2024-10-15","2024-10-15 07:00:00 PM","B46","N","303599","12","12","0","3"
"2024-10-15","2024-10-15 12:00:00 PM","B35","W","302758","12","3","14","2"
"2024-10-15","2024-10-15 03:00:00 PM","Q58","E","503457","12","2","1","2"
"2024-10-15","2024-10-15 03:00:00 PM","Q58","E","503481","12","12","9","1"
"2024-10-15","2024-10-15 12:00:00 PM","B46","S","303662","12","6","8","3"
"2024-10-15","2024-10-15 08:00:00 AM","M101","N","403434","12","5","15","3"
"2024-10-15","2024-10-15 05:00:00 PM","Q58","W","503531","12","9","62","5"
"2024-10-15","2024-10-15 12:00:00 PM","S79+","N","201016","12","2","0","2"
"2024-10-15","2024-10-15 03:00:00 PM","B35","W","302758","12","3","21","3"
"2024-10-15","2024-10-15 02:00:00 PM","M15","S","401748","12","0","1","1"
"2024-10-15","2024-10-15 01:00:00 PM","S79+","N","201016","12","4","1","3"
"2024-10-15","2024-10-15 12:00:00 PM","B46","N","303599","12","5","0","3"
"2024-10-15","2024-10-15 09:00:00 AM","Q58","E","503480","12","1","0","0"
"2024-10-15","2024-10-15 08:00:00 PM","B46","N","303599","12","1","0","1"
"2024-10-15","2024-10-15 09:00:00 AM","Q58","E","503457","12","3","2","2"
"2024-10-15","2024-10-15 11:00:00 AM","Q58","E","503480","12","0","4","0"
"2024-10-15","2024-10-15 10:00:00 PM","S79+","N","201016","12","1","0","1"
"2024-10-15","2024-10-15 10:00:00 AM","S79+","N","201016","12","5","0","3"
"2024-10-15","2024-10-15 11:00:00 AM","Q58","W","503531","12","1","21","4"
"2024-10-15","2024-10-15 06:00:00 PM","S53","W","200698","12","1","1","1"
"2024-10-15","2024-10-15 10:00:00 PM","B35","E","901728","12","3","0","1"
"2024-10-15","2024-10-15 09:00:00 AM","B35","W","302745","12","3","3","3"
"2024-10-15","2024-10-15 09:00:00 AM","B35","W","302758","12","4","11","2"
"2024-10-15","2024-10-15 04:00:00 PM","B46","S","303662","12","3","6","4"
"2024-10-15","2024-10-15 04:00:00 PM","B46","S","303690","12","0","2","0"
"2024-10-15","2024-10-15 03:00:00 PM","Q58","W","503513","12","5","22","7"
"2024-10-15","2024-10-15 05:00:00 PM","M101","N","403434","12","10","5","1"
"2024-10-15","2024-10-15 11:00:00 PM","S79+","S","201128","12","0","3","1"
"2024-10-15","2024-10-15 10:00:00 PM","S53","W","200698","12","0","2","1"
"2024-10-15","2024-10-15 06:00:00 PM","S53","E","203036","12","13","6","2"
"2024-10-15","2024-10-15 03:00:00 PM","BX19","S","101356","12","8","3","3"
"2024-10-15","2024-10-15 04:00:00 PM","Q58","E","503481","12","20","49","6"
"2024-10-15","2024-10-15 04:00:00 PM","Q58","E","503457","12","6","1","3"
"2024-10-15","2024-10-15 03:00:00 PM","B46","N","303599","12","6","3","2"
"2024-10-15","2024-10-15 10:00:00 PM","S53","E","203036","12","4","6","2"
"2024-10-15","2024-10-15 08:00:00 PM","B46","S","303662","12","0","1","1"
"2024-10-15","2024-10-15 09:00:00 PM","BX19","S","101356","12","4","1","1"
"2024-10-15","2024-10-15 09:00:00 AM","BX19","N","101309","12","24","35","5"
"2024-10-15","2024-10-15 04:00:00 PM","B46","N","303604","12","3","0","1"
"2024-10-15","2024-10-15 11:00:00 AM","BX19","S","101356","12","30","13","5"
"2024-10-15","2024-10-15 07:00:00 PM","B46","S","303662","12","2","1","1"
"2024-10-15","2024-10-15 07:00:00 PM","B46","S","303690","12","1","3","2"
"2024-10-15","2024-10-15 04:00:00 PM","B46","N","303599","12","6","1","3"
"2024-10-15","2024-10-15 06:00:00 PM","S79+","S","201128","12","0","13","6"
"2024-10-15","2024-10-15 09:00:00 AM","Q58","E","503481","12","31","18","3"
"2024-10-15","2024-10-15 06:00:00 PM","M15","N","401688","12","1","1","1"
"2024-10-15","2024-10-15 10:00:00 PM","M15","S","401748","12","1","0","1"
"2024-10-15","2024-10-15 08:00:00 AM","M15","S","401748","12","3","9","2"
"2024-10-15","2024-10-15 03:00:00 PM","S79+","N","201016","12","25","4","5"
"2024-10-15","2024-10-15 07:00:00 AM","BX19","S","101356","12","19","13","3"
"2024-10-15","2024-10-15 08:00:00 PM","B35","W","302745","12","1","2","1"
"2024-10-15","2024-10-15 09:00:00 PM","BX19","N","101309","12","7","6","2"
"2024-10-15","2024-10-15 09:00:00 AM","Q58","W","503513","12","10","0","4"
"2024-10-15","2024-10-15 03:00:00 PM","S79+","S","201128","12","5","14","6"
"2024-10-15","2024-10-15 06:00:00 PM","M15","N","405320","12","0","3","1"
"2024-10-15","2024-10-15 05:00:00 PM","M15","N","401688","12","3","0","2"
"2024-10-15","2024-10-15 11:00:00 AM","Q58","W","503539","12","1","0","0"
"2024-10-15","2024-10-15 09:00:00 AM","Q58","W","503531","12","12","26","10"
"2024-10-15","2024-10-15 10:00:00 AM","M15","N","401688","12","17","6","2"
"2024-10-15","2024-10-15 03:00:00 PM","B46","S","303662","12","0","8","3"
"2024-10-15","2024-10-15 12:00:00 PM","M101","N","403434","12","10","11","2"
"2024-10-15","2024-10-15 04:00:00 PM","Q58","W","503513","12","4","5","4"
"2024-10-15","2024-10-15 04:00:00 PM","Q58","W","503531","12","0","6","1"
"2024-10-15","2024-10-15 09:00:00 AM","BX19","S","101356","12","36","13","3"
"2024-10-15","2024-10-15 02:00:00 PM","M15","N","405320","12","18","30","3"
"2024-10-15","2024-10-15 02:00:00 PM","M15","N","401688","12","4","1","1"
"2024-10-15","2024-10-15 11:00:00 PM","S53","W","200698","12","0","3","1"
"2024-10-15","2024-10-15 10:00:00 AM","M15","N","405320","12","5","1","1"
"2024-10-15","2024-10-15 07:00:00 PM","S53","E","203036","12","16","10","2"
"2024-10-15","2024-10-15 03:00:00 PM","BX19","N","101309","12","79","50","5"
"2024-10-15","2024-10-15 11:00:00 AM","Q58","E","503481","12","7","3","2"
"2024-10-15","2024-10-15 08:00:00 PM","M101","S","403418","12","0","1","0"
"2024-10-15","2024-10-15 10:00:00 PM","B46","S","303662","12","1","1","2"
"2024-10-15","2024-10-15 04:00:00 PM","M101","N","403434","12","15","13","1"
"2024-10-15","2024-10-15 08:00:00 PM","B35","E","901728","12","4","0","1"
"2024-10-15","2024-10-15 10:00:00 PM","B46","N","303599","12","2","0","2"
"2024-10-15","2024-10-15 09:00:00 AM","B35","E","302688","12","8","0","2"
"2024-10-15","2024-10-15 07:00:00 PM","S53","W","200698","12","0","1","1"
"2024-10-15","2024-10-15 09:00:00 AM","B35","E","901728","12","1","7","2"
"2024-10-15","2024-10-15 12:00:00 PM","S79+","S","201128","12","1","2","3"
"2024-10-15","2024-10-15 02:00:00 PM","S53","W","200698","12","3","0","2"
"2024-10-15","2024-10-15 10:00:00 AM","M101","S","405070","12","3","1","1"
"2024-10-15","2024-10-15 11:00:00 AM","Q58","E","503457","12","3","1","2"
"2024-10-15","2024-10-15 11:00:00 AM","Q58","W","503513","12","6","3","5"
"2024-10-15","2024-10-15 03:00:00 PM","B35","W","302745","12","0","13","3"
"2024-10-15","2024-10-15 06:00:00 AM","Q58","E","503481","12","16","3","8"
"2024-10-15","2024-10-15 05:00:00 PM","B46","N","303599","12","5","4","3"
"2024-10-15","2024-10-15 04:00:00 AM","Q58","E","503457","12","2","1","1"
"2024-10-15","2024-10-15 06:00:00 PM","BX19","S","101356","12","21","12","2"
"2024-10-15","2024-10-15 07:00:00 AM","Q58","E","503481","12","26","50","8"
"2024-10-15","2024-10-15 02:00:00 PM","B46","N","303603","12","11","6","1"
"2024-10-15","2024-10-15 02:00:00 PM","B46","N","303599","12","8","0","3"
"2024-10-15","2024-10-15 04:00:00 PM","S79+","S","201128","12","1","16","5"
"2024-10-15","2024-10-15 11:00:00 PM","BX19","N","103748","12","20","6","2"
"2024-10-15","2024-10-15 07:00:00 AM","S79+","N","201016","12","27","3","7"
"2024-10-15","2024-10-15 11:00:00 AM","B35","E","302688","12","1","3","1"
"2024-10-15","2024-10-15 04:00:00 PM","S79+","N","201016","12","4","2","2"
"2024-10-15","2024-10-15 06:00:00 AM","B46","N","303599","12","1","1","1"
"2024-10-15","2024-10-15 08:00:00 AM","Q58","E","503457","12","6","0","4"
"2024-10-15","2024-10-15 06:00:00 AM","B46","N","303604","12","1","0","1"
"2024-10-15","2024-10-15 11:00:00 AM","B35","E","901728","12","2","3","1"
"2024-10-15","2024-10-15 09:00:00 AM","S53","W","200698","12","1","0","0"
"2024-10-15","2024-10-15 10:00:00 PM","Q58","E","503457","12","1","0","1"
"2024-10-15","2024-10-15 09:00:00 PM","B46","N","303599","12","4","0","3"
"2024-10-15","2024-10-15 08:00:00 AM","Q58","E","503481","12","29","59","7"
"2024-10-15","2024-10-15 04:00:00 PM","BX19","S","101356","12","12","8","3"
"2024-10-15","2024-10-15 12:00:00 AM","S53","W","200698","12","0","3","1"
"2024-10-15","2024-10-15 03:00:00 AM","Q58","W","503513","12","2","0","1"
"2024-10-15","2024-10-15 06:00:00 PM","Q58","E","503481","12","2","9","3"
"2024-10-15","2024-10-15 06:00:00 PM","Q58","E","503457","12","1","4","3"
"2024-10-15","2024-10-15 04:00:00 AM","Q58","W","503513","12","3","0","1"
"2024-10-15","2024-10-15 04:00:00 PM","BX19","N","101309","12","20","11","2"
"2024-10-15","2024-10-15 02:00:00 PM","Q58","W","503513","12","8","12","5"
"2024-10-15","2024-10-15 07:00:00 AM","S79+","S","201128","12","15","0","4"
"2024-10-15","2024-10-15 06:00:00 PM","Q58","W","503531","12","3","44","8"
"2024-10-15","2024-10-15 02:00:00 AM","B46","N","303599","12","2","0","1"
"2024-10-15","2024-10-15 01:00:00 AM","BX12","E","103540","12","1","4","1"
"2024-10-15","2024-10-15 01:00:00 PM","Q58","E","503457","12","7","1","4"
"2024-10-15","2024-10-15 05:00:00 AM","Q58","E","503468","12","2","0","1"
"2024-10-15","2024-10-15 12:00:00 PM","M15","S","401748","12","2","4","1"
"2024-10-15","2024-10-15 07:00:00 AM","M101","N","403434","12","5","7","2"
"2024-10-15","2024-10-15 06:00:00 AM","S79+","N","201016","12","20","4","8"
"2024-10-15","2024-10-15 04:00:00 AM","B46","N","303599","12","1","1","2"
"2024-10-15","2024-10-15 10:00:00 PM","Q58","W","503513","12","0","2","2"
"2024-10-15","2024-10-15 06:00:00 AM","B35","W","302745","12","3","2","2"
"2024-10-15","2024-10-15 06:00:00 AM","B35","W","302758","12","2","3","1"
"2024-10-15","2024-10-15 06:00:00 AM","Q58","E","503468","12","7","0","2"
"2024-10-15","2024-10-15 06:00:00 AM","Q58","E","503457","12","2","0","1"
"2024-10-15","2024-10-15 06:00:00 PM","Q58","W","503513","12","2","7","4"
"2024-10-15","2024-10-15 02:00:00 AM","Q58","W","503513","12","2","0","1"
"2024-10-15","2024-10-15 01:00:00 PM","B35","W","302745","12","1","10","2"
"2024-10-15","2024-10-15 01:00:00 PM","B35","W","302758","12","11","19","3"
"2024-10-15","2024-10-15 12:00:00 PM","Q58","E","503457","12","6","2","4"
"2024-10-15","2024-10-15 08:00:00 AM","B46","N","303604","12","0","1","1"
"2024-10-15","2024-10-15 08:00:00 AM","B46","N","303599","12","2","0","1"
"2024-10-15","2024-10-15 08:00:00 AM","B46","N","303610","12","4","1","1"
"2024-10-15","2024-10-15 07:00:00 PM","M101","N","403434","12","18","8","1"
"2024-10-15","2024-10-15 04:00:00 PM","B35","W","302745","12","2","7","3"
"2024-10-15","2024-10-15 04:00:00 PM","B35","W","302758","12","4","20","4"
"2024-10-15","2024-10-15 04:00:00 AM","B35","W","302745","12","1","1","2"
"2024-10-15","2024-10-15 07:00:00 AM","BX19","N","101309","12","11","11","2"
"2024-10-15","2024-10-15 07:00:00 AM","BX19","N","101324","12","3","3","1"
"2024-10-15","2024-10-15 07:00:00 AM","BX19","N","103748","12","28","22","2"
"2024-10-15","2024-10-15 09:00:00 AM","S79+","S","201128","12","2","3","4"
"2024-10-15","2024-10-15 12:00:00 AM","Q58","W","503513","12","1","0","1"
"2024-10-15","2024-10-15 07:00:00 PM","M101","S","405070","12","0","7","2"
"2024-10-15","2024-10-15 10:00:00 AM","Q58","W","503531","12","5","11","4"
"2024-10-15","2024-10-15 10:00:00 AM","Q58","W","503539","12","0","1","0"
"2024-10-15","2024-10-15 04:00:00 PM","B35","E","901728","12","10","18","2"
"2024-10-15","2024-10-15 04:00:00 PM","B35","E","302688","12","6","6","3"
"2024-10-15","2024-10-15 01:00:00 PM","BX19","S","101356","12","17","4","3"
"2024-10-15","2024-10-15 07:00:00 AM","B35","E","901728","12","7","2","1"
"2024-10-15","2024-10-15 10:00:00 AM","Q58","W","503513","12","10","3","5"
"2024-10-15","2024-10-15 02:00:00 PM","B46","S","303662","12","0","1","1"
"2024-10-15","2024-10-15 05:00:00 AM","Q58","W","503513","12","9","0","2"
"2024-10-15","2024-10-15 06:00:00 AM","B35","E","901728","12","3","0","1"
"2024-10-15","2024-10-15 06:00:00 AM","B35","E","302688","12","1","2","1"
"2024-10-15","2024-10-15 09:00:00 PM","S53","E","203036","12","15","1","2"
"2024-10-15","2024-10-15 05:00:00 AM","M15","N","405320","12","1","0","1"
"2024-10-15","2024-10-15 07:00:00 PM","M15","S","401748","12","0","10","3"
"2024-10-15","2024-10-15 04:00:00 AM","S53","E","203036","12","0","1","1"
"2024-10-15","2024-10-15 05:00:00 AM","Q58","E","503481","12","1","1","2"
"2024-10-15","2024-10-15 08:00:00 AM","Q58","W","503531","12","26","31","8"
"2024-10-15","2024-10-15 10:00:00 AM","Q58","E","503457","12","2","1","2"
"2024-10-15","2024-10-15 05:00:00 AM","B46","N","303599","12","2","0","2"
"2024-10-15","2024-10-15 03:00:00 PM","S53","E","203036","12","13","14","4"
"2024-10-15","2024-10-15 10:00:00 AM","Q58","E","503481","12","5","11","4"
"2024-10-15","2024-10-15 10:00:00 AM","Q58","E","503480","12","0","3","0"
"2024-10-15","2024-10-15 08:00:00 AM","Q58","W","503513","12","5","4","5"
"2024-10-15","2024-10-15 12:00:00 AM","M101","S","405070","12","2","0","1"
"2024-10-15","2024-10-15 01:00:00 PM","BX19","N","101309","12","46","38","2"
"2024-10-15","2024-10-15 09:00:00 PM","B35","E","901728","12","1","1","1"
"2024-10-15","2024-10-15 06:00:00 AM","Q58","W","503531","12","6","5","4"
"2024-10-15","2024-10-15 06:00:00 AM","Q58","W","503513","12","10","1","4"
"2024-10-15","2024-10-15 07:00:00 AM","B35","E","302688","12","15","1","5"
"2024-10-15","2024-10-15 06:00:00 AM","S79+","S","201128","12","3","4","5"
"2024-10-15","2024-10-15 12:00:00 PM","Q58","W","503513","12","4","1","3"
"2024-10-15","2024-10-15 12:00:00 PM","Q58","W","503531","12","1","5","1"
"2024-10-15","2024-10-15 05:00:00 AM","S79+","N","201016","12","4","0","3"
"2024-10-15","2024-10-15 07:00:00 PM","S79+","N","201016","12","1","0","1"
"2024-10-15","2024-10-15 08:00:00 AM","B46","S","303662","12","0","2","1"
"2024-10-15","2024-10-15 08:00:00 AM","B46","S","303690","12","3","2","4"
"2024-10-15","2024-10-15 10:00:00 PM","BX19","S","101356","12","3","6","1"
"2024-10-15","2024-10-15 09:00:00 PM","B46","S","303662","12","4","9","4"
"2024-10-15","2024-10-15 07:00:00 AM","B46","N","303599","12","8","0","3"
"2024-10-15","2024-10-15 07:00:00 PM","S79+","S","201128","12","2","18","7"
"2024-10-15","2024-10-15 07:00:00 AM","B46","S","303662","12","3","1","2"
"2024-10-15","2024-10-15 12:00:00 AM","BX12","W","100840","12","0","1","1"
"2024-10-15","2024-10-15 10:00:00 AM","BX19","S","101356","12","14","7","3"
"2024-10-15","2024-10-15 05:00:00 AM","S53","E","203036","12","8","0","2"
"2024-10-15","2024-10-15 08:00:00 PM","Q58","E","503457","12","1","2","2"
"2024-10-15","2024-10-15 08:00:00 PM","Q58","E","503481","12","2","17","3"
"2024-10-15","2024-10-15 03:00:00 AM","S53","E","203036","12","1","1","1"
"2024-10-15","2024-10-15 10:00:00 AM","BX19","N","101309","12","8","9","2"
"2024-10-15","2024-10-15 07:00:00 AM","B46","N","303604","12","4","0","3"
"2024-10-15","2024-10-15 01:00:00 PM","B35","E","901728","12","1","1","2"
"2024-10-15","2024-10-15 08:00:00 PM","Q58","W","503513","12","4","2","4"
"2024-10-15","2024-10-15 08:00:00 PM","Q58","W","503531","12","7","35","5"
"2024-10-15","2024-10-15 07:00:00 AM","B46","N","303610","12","6","2","2"
"2024-10-15","2024-10-15 06:00:00 AM","S53","E","203036","12","5","2","4"
"2024-10-15","2024-10-15 01:00:00 PM","B35","E","302688","12","0","2","1"
"2024-10-15","2024-10-15 12:00:00 AM","BX12","E","103540","12","1","10","1"
"2024-10-15","2024-10-15 03:00:00 PM","B35","E","302688","12","4","4","2"
"2024-10-15","2024-10-15 03:00:00 PM","B35","E","901728","12","18","14","3"
"2024-10-15","2024-10-15 09:00:00 AM","S53","E","203036","12","17","4","2"
"2024-10-15","2024-10-15 02:00:00 AM","B35","W","302745","12","0","1","1"
"2024-10-15","2024-10-15 05:00:00 PM","S53","W","200698","12","1","4","4"
"2024-10-15","2024-10-15 11:00:00 PM","Q58","W","503513","12","3","6","4"
"2024-10-15","2024-10-15 09:00:00 PM","S53","W","200698","12","0","1","1"
"2024-10-15","2024-10-15 06:00:00 PM","B35","E","901728","12","14","14","4"
"2024-10-15","2024-10-15 04:00:00 AM","B46","S","303662","12","2","0","2"
"2024-10-15","2024-10-15 03:00:00 AM","B46","N","303599","12","4","0","1"
"2024-10-15","2024-10-15 01:00:00 PM","Q58","W","503513","12","6","17","4"
"2024-10-15","2024-10-15 06:00:00 PM","B35","E","302688","12","4","9","1"
"2024-10-15","2024-10-15 04:00:00 AM","S79+","N","201016","12","1","0","1"
"2024-10-15","2024-10-15 09:00:00 AM","S79+","N","201016","12","24","0","5"
"2024-10-15","2024-10-15 07:00:00 AM","Q58","W","503513","12","23","4","6"
"2024-10-15","2024-10-15 07:00:00 AM","Q58","W","503531","12","33","60","7"
"2024-10-15","2024-10-15 11:00:00 AM","B46","S","303662","12","1","6","2"
"2024-10-15","2024-10-15 09:00:00 AM","M101","S","405070","12","11","13","2"
"2024-10-15","2024-10-15 11:00:00 AM","B46","N","303599","12","5","0","2"
"2024-10-15","2024-10-15 12:00:00 AM","B46","N","303599","12","5","0","2"
"2024-10-15","2024-10-15 02:00:00 PM","M101","S","404106","12","0","1","1"
"2024-10-15","2024-10-15 06:00:00 AM","BX19","S","403696","12","1","16","2"
"2024-10-15","2024-10-15 06:00:00 AM","BX19","S","101356","12","13","1","3"
"2024-10-15","2024-10-15 06:00:00 AM","B46","S","303662","12","1","0","1"
"2024-10-15","2024-10-15 07:00:00 AM","B35","W","307793","12","20","29","2"
"2024-10-15","2024-10-15 11:00:00 AM","S53","E","203036","12","4","10","2"
"2024-10-15","2024-10-15 05:00:00 PM","B46","S","303662","12","0","7","4"
"2024-10-15","2024-10-15 05:00:00 PM","B46","S","303690","12","2","7","2"
"2024-10-15","2024-10-15 07:00:00 AM","B35","W","302745","12","12","8","2"
"2024-10-15","2024-10-15 02:00:00 PM","M101","S","405070","12","5","7","2"
"2024-10-15","2024-10-15 06:00:00 PM","B35","W","302758","12","10","8","3"
"2024-10-15","2024-10-15 09:00:00 PM","S79+","S","201128","12","0","3","1"
"2024-10-15","2024-10-15 09:00:00 AM","M15","N","401688","12","3","2","1"
"2024-10-15","2024-10-15 11:00:00 AM","B35","W","302758","12","3","11","2"
"2024-10-15","2024-10-15 05:00:00 AM","M101","N","402503","12","4","0","1"
"2024-10-15","2024-10-15 11:00:00 AM","B35","W","302745","12","6","5","3"
"2024-10-15","2024-10-15 06:00:00 PM","BX19","N","101309","12","48","42","5"
"2024-10-15","2024-10-15 07:00:00 AM","B35","W","302758","12","13","51","3"
"2024-10-15","2024-10-15 11:00:00 AM","S79+","N","201016","12","4","0","3"
"2024-10-15","2024-10-15 06:00:00 AM","M101","S","405070","12","0","4","1"
"2024-10-15","2024-10-15 11:00:00 AM","S79+","S","201128","12","2","2","3"
"2024-10-15","2024-10-15 05:00:00 AM","BX19","N","103748","12","1","4","1"
"2024-10-15","2024-10-15 09:00:00 PM","B35","W","302758","12","0","1","1"
"2024-10-15","2024-10-15 07:00:00 AM","Q58","E","503457","12","9","0","4"
"2024-10-15","2024-10-15 06:00:00 PM","BX19","S","101358","13","7","5","2"
"2024-10-15","2024-10-15 03:00:00 AM","B46","S","303663","13","2","0","1"
"2024-10-15","2024-10-15 11:00:00 PM","Q58","W","503514","13","2","4","4"
"2024-10-15","2024-10-15 01:00:00 PM","BX19","N","101310","13","19","39","2"
"2024-10-15","2024-10-15 05:00:00 PM","S53","W","200700","13","30","10","4"
"2024-10-15","2024-10-15 11:00:00 AM","B35","W","302759","13","10","14","2"
"2024-10-15","2024-10-15 08:00:00 AM","Q58","E","503483","13","39","34","7"
"2024-10-15","2024-10-15 04:00:00 PM","S79+","S","201132","13","0","12","5"
"2024-10-15","2024-10-15 04:00:00 AM","B35","W","308483","13","7","2","3"
"2024-10-15","2024-10-15 07:00:00 AM","B35","E","306532","13","12","0","5"
"2024-10-15","2024-10-15 05:00:00 AM","B35","E","306532","13","1","0","1"
"2024-10-15","2024-10-15 01:00:00 PM","Q58","W","503514","13","11","9","5"
"2024-10-15","2024-10-15 07:00:00 AM","S79+","N","203082","13","41","2","10"
"2024-10-15","2024-10-15 11:00:00 AM","B35","E","306532","13","1","5","2"
"2024-10-15","2024-10-15 11:00:00 AM","B35","E","307792","13","24","8","1"
"2024-10-15","2024-10-15 09:00:00 AM","S79+","N","203082","13","18","5","5"
"2024-10-15","2024-10-15 09:00:00 AM","S53","W","200700","13","5","1","1"
"2024-10-15","2024-10-15 04:00:00 PM","S79+","N","203082","13","40","7","6"
"2024-10-15","2024-10-15 03:00:00 AM","S53","W","200700","13","0","2","1"
"2024-10-15","2024-10-15 02:00:00 PM","B46","N","303604","13","2","3","1"
"2024-10-15","2024-10-15 06:00:00 AM","B46","N","303605","13","1","0","1"
"2024-10-15","2024-10-15 06:00:00 AM","B46","N","303601","13","1","2","2"
"2024-10-15","2024-10-15 02:00:00 PM","Q58","W","503514","13","10","14","6"
"2024-10-15","2024-10-15 04:00:00 AM","S53","W","200700","13","2","0","1"
"2024-10-15","2024-10-15 09:00:00 PM","S53","W","200700","13","8","3","3"
"2024-10-15","2024-10-15 02:00:00 PM","B46","N","303601","13","0","5","1"
"2024-10-15","2024-10-15 06:00:00 AM","M15","S","401749","13","2","2","1"
"2024-10-15","2024-10-15 06:00:00 AM","Q58","W","503537","13","4","32","3"
"2024-10-15","2024-10-15 06:00:00 AM","Q58","W","503514","13","33","2","6"
"2024-10-15","2024-10-15 05:00:00 AM","S79+","N","203082","13","12","3","5"
"2024-10-15","2024-10-15 11:00:00 AM","B46","N","303601","13","7","1","3"
"2024-10-15","2024-10-15 05:00:00 AM","BX19","N","101313","13","3","0","1"
"2024-10-15","2024-10-15 06:00:00 AM","S79+","S","201132","13","5","1","1"
"2024-10-15","2024-10-15 09:00:00 PM","B35","W","302759","13","7","12","3"
"2024-10-15","2024-10-15 04:00:00 PM","BX19","S","101358","13","0","8","2"
"2024-10-15","2024-10-15 09:00:00 PM","B35","W","308483","13","8","2","1"
"2024-10-15","2024-10-15 07:00:00 AM","B35","E","307792","13","25","10","1"
"2024-10-15","2024-10-15 12:00:00 AM","S53","W","200700","13","1","0","1"
"2024-10-15","2024-10-15 12:00:00 PM","Q58","W","503537","13","1","4","1"
"2024-10-15","2024-10-15 12:00:00 PM","Q58","W","503514","13","7","4","4"
"2024-10-15","2024-10-15 05:00:00 AM","Q58","W","503514","13","22","3","4"
"2024-10-15","2024-10-15 04:00:00 AM","Q58","W","503514","13","5","0","1"
"2024-10-15","2024-10-15 04:00:00 AM","B46","S","303663","13","4","0","1"
"2024-10-15","2024-10-15 06:00:00 PM","Q58","E","503483","13","16","62","4"
"2024-10-15","2024-10-15 11:00:00 PM","BX19","N","101313","13","0","2","1"
"2024-10-15","2024-10-15 10:00:00 PM","BX19","S","101358","13","1","9","2"
"2024-10-15","2024-10-15 04:00:00 PM","BX19","N","101310","13","22","38","2"
"2024-10-15","2024-10-15 05:00:00 PM","B46","S","303691","13","1","4","2"
"2024-10-15","2024-10-15 07:00:00 PM","S79+","N","203082","13","10","13","4"
"2024-10-15","2024-10-15 05:00:00 PM","B46","S","303663","13","10","16","5"
"2024-10-15","2024-10-15 07:00:00 AM","S79+","S","201132","13","9","30","5"
"2024-10-15","2024-10-15 12:00:00 AM","B35","E","306532","13","0","1","1"
"2024-10-15","2024-10-15 01:00:00 PM","B35","E","307792","13","9","7","2"
"2024-10-15","2024-10-15 07:00:00 AM","B46","N","303612","13","17","1","2"
"2024-10-15","2024-10-15 08:00:00 AM","B46","S","303691","13","1","0","1"
"2024-10-15","2024-10-15 01:00:00 AM","BX12","E","104080","13","1","2","1"
"2024-10-15","2024-10-15 07:00:00 AM","B46","N","303605","13","15","0","2"
"2024-10-15","2024-10-15 04:00:00 AM","B46","N","303601","13","1","0","1"
"2024-10-15","2024-10-15 01:00:00 AM","Q58","W","503514","13","0","2","1"
"2024-10-15","2024-10-15 08:00:00 PM","Q58","W","503537","13","7","29","7"
"2024-10-15","2024-10-15 12:00:00 PM","M15","S","401749","13","17","10","3"
"2024-10-15","2024-10-15 07:00:00 AM","M101","N","403777","13","4","11","1"
"2024-10-15","2024-10-15 04:00:00 AM","S53","E","203037","13","2","0","1"
"2024-10-15","2024-10-15 09:00:00 PM","S79+","N","203082","13","2","0","1"
"2024-10-15","2024-10-15 08:00:00 PM","Q58","W","503514","13","2","3","2"
"2024-10-15","2024-10-15 06:00:00 PM","B35","E","307792","13","122","27","5"
"2024-10-15","2024-10-15 07:00:00 AM","B46","N","303601","13","7","6","4"
"2024-10-15","2024-10-15 06:00:00 AM","B35","W","308483","13","14","1","2"
"2024-10-15","2024-10-15 06:00:00 AM","B35","W","302759","13","3","2","1"
"2024-10-15","2024-10-15 08:00:00 AM","B46","S","303663","13","4","0","2"
"2024-10-15","2024-10-15 06:00:00 PM","B35","E","306532","13","12","19","2"
"2024-10-15","2024-10-15 06:00:00 AM","S79+","N","203082","13","21","3","7"
"2024-10-15","2024-10-15 09:00:00 AM","S79+","S","201132","13","3","7","4"
"2024-10-15","2024-10-15 01:00:00 AM","S53","W","200700","13","1","0","1"
"2024-10-15","2024-10-15 05:00:00 PM","B46","N","303601","13","9","3","3"
"2024-10-15","2024-10-15 09:00:00 AM","M101","S","404949","13","3","4","1"
"2024-10-15","2024-10-15 05:00:00 AM","S53","W","200700","13","5","1","2"
"2024-10-15","2024-10-15 06:00:00 AM","Q58","E","503483","13","31","18","7"
"2024-10-15","2024-10-15 06:00:00 AM","Q58","E","503469","13","2","0","1"
"2024-10-15","2024-10-15 09:00:00 AM","M101","N","403777","13","13","6","1"
"2024-10-15","2024-10-15 05:00:00 AM","Q58","E","503483","13","10","7","5"
"2024-10-15","2024-10-15 04:00:00 AM","S79+","N","203082","13","6","0","2"
"2024-10-15","2024-10-15 06:00:00 PM","Q58","W","503537","13","6","31","7"
"2024-10-15","2024-10-15 07:00:00 PM","S79+","S","201132","13","3","10","4"
"2024-10-15","2024-10-15 09:00:00 PM","B46","S","303663","13","12","0","4"
"2024-10-15","2024-10-15 06:00:00 PM","Q58","W","503514","13","11","5","5"
"2024-10-15","2024-10-15 10:00:00 PM","Q58","W","503514","13","5","0","2"
"2024-10-15","2024-10-15 12:00:00 AM","B35","W","308483","13","2","0","1"
"2024-10-15","2024-10-15 07:00:00 AM","B46","S","303663","13","27","1","4"
"2024-10-15","2024-10-15 07:00:00 AM","Q58","E","503483","13","47","63","8"
"2024-10-15","2024-10-15 11:00:00 AM","S79+","S","201132","13","3","1","3"
"2024-10-15","2024-10-15 07:00:00 AM","BX19","N","101313","13","7","12","1"
"2024-10-15","2024-10-15 07:00:00 AM","BX19","N","101359","13","15","2","1"
"2024-10-15","2024-10-15 07:00:00 AM","BX19","N","101310","13","0","12","2"
"2024-10-15","2024-10-15 10:00:00 AM","BX19","S","101358","13","12","7","3"
"2024-10-15","2024-10-15 08:00:00 AM","B46","N","303601","13","2","4","3"
"2024-10-15","2024-10-15 08:00:00 AM","B46","N","303612","13","6","1","1"
"2024-10-15","2024-10-15 11:00:00 AM","S79+","N","203082","13","16","8","4"
"2024-10-15","2024-10-15 04:00:00 PM","B35","W","302759","13","35","50","4"
"2024-10-15","2024-10-15 04:00:00 PM","B35","W","308483","13","76","51","4"
"2024-10-15","2024-10-15 07:00:00 AM","B35","W","302759","13","15","26","3"
"2024-10-15","2024-10-15 11:00:00 AM","B35","W","308483","13","42","20","4"
"2024-10-15","2024-10-15 01:00:00 PM","B35","W","308483","13","37","35","2"
"2024-10-15","2024-10-15 01:00:00 PM","B35","W","302759","13","66","48","3"
"2024-10-15","2024-10-15 07:00:00 PM","M101","N","403777","13","1","1","1"
"2024-10-15","2024-10-15 07:00:00 AM","B35","W","307795","13","2","16","2"
"2024-10-15","2024-10-15 10:00:00 AM","Q58","W","503537","13","9","22","7"
"2024-10-15","2024-10-15 12:00:00 AM","Q58","W","503514","13","1","0","1"
"2024-10-15","2024-10-15 08:00:00 PM","Q58","E","503483","13","6","36","4"
"2024-10-15","2024-10-15 01:00:00 AM","M101","S","404949","13","1","0","1"
"2024-10-15","2024-10-15 06:00:00 PM","BX19","N","101310","13","11","31","5"
"2024-10-15","2024-10-15 10:00:00 AM","BX19","N","101310","13","1","19","2"
"2024-10-15","2024-10-15 09:00:00 PM","S79+","S","201132","13","0","1","1"
"2024-10-15","2024-10-15 11:00:00 AM","B46","S","303663","13","5","6","2"
"2024-10-15","2024-10-15 01:00:00 PM","BX19","S","101358","13","11","23","3"
"2024-10-15","2024-10-15 09:00:00 PM","B35","E","307792","13","41","3","1"
"2024-10-15","2024-10-15 06:00:00 PM","B35","W","302759","13","5","6","2"
"2024-10-15","2024-10-15 07:00:00 PM","M101","S","404949","13","6","2","2"
"2024-10-15","2024-10-15 10:00:00 AM","Q58","W","503514","13","9","1","4"
"2024-10-15","2024-10-15 07:00:00 AM","B35","W","308483","13","32","22","3"
"2024-10-15","2024-10-15 07:00:00 AM","Q58","W","503537","13","21","64","7"
"2024-10-15","2024-10-15 05:00:00 AM","B46","S","303663","13","4","2","2"
"2024-10-15","2024-10-15 04:00:00 PM","B35","E","306532","13","7","6","3"
"2024-10-15","2024-10-15 04:00:00 PM","B35","E","307792","13","59","25","2"
"2024-10-15","2024-10-15 07:00:00 AM","Q58","W","503514","13","53","63","7"
"2024-10-15","2024-10-15 03:00:00 PM","B35","E","306532","13","6","6","2"
"2024-10-15","2024-10-15 03:00:00 PM","B35","E","307792","13","110","96","5"
"2024-10-15","2024-10-15 05:00:00 AM","Q58","E","503469","13","1","0","1"
"2024-10-15","2024-10-15 12:00:00 AM","BX12","E","104080","13","0","1","1"
"2024-10-15","2024-10-15 08:00:00 AM","Q58","W","503514","13","28","11","5"
"2024-10-15","2024-10-15 08:00:00 AM","Q58","W","503537","13","16","44","10"
"2024-10-15","2024-10-15 06:00:00 AM","B35","E","307792","13","7","1","1"
"2024-10-15","2024-10-15 06:00:00 AM","B35","E","306532","13","2","2","2"
"2024-10-15","2024-10-15 09:00:00 AM","M15","N","401689","13","3","3","1"
"2024-10-15","2024-10-15 06:00:00 AM","B46","S","303663","13","6","1","3"
"2024-10-15","2024-10-15 04:00:00 AM","M101","N","402678","13","1","0","1"
"2024-10-15","2024-10-15 12:00:00 AM","B46","S","303663","13","6","1","3"
"2024-10-15","2024-10-15 03:00:00 PM","S53","W","200700","13","26","2","1"
"2024-10-15","2024-10-15 06:00:00 AM","S53","E","203037","13","1","0","1"
"2024-10-15","2024-10-15 06:00:00 PM","B35","W","308483","13","47","10","3"
"2024-10-15","2024-10-15 01:00:00 PM","B35","E","306532","13","7","5","3"
"2024-10-15","2024-10-15 11:00:00 AM","S53","W","200700","13","7","2","1"
"2024-10-15","2024-10-15 06:00:00 AM","M101","S","404949","13","5","0","2"
"2024-10-15","2024-10-15 07:00:00 PM","M15","S","401749","13","16","12","3"
"2024-10-15","2024-10-15 06:00:00 AM","BX19","S","101358","13","6","1","2"
"2024-10-15","2024-10-15 02:00:00 PM","B46","S","303663","13","17","15","4"
"2024-10-15","2024-10-15 02:00:00 PM","M101","S","404949","13","7","2","1"
"2024-10-15","2024-10-15 03:00:00 AM","Q58","W","503514","13","0","1","1"
"2024-10-15","2024-10-15 02:00:00 AM","B46","S","303663","13","2","0","1"
"2024-10-15","2024-10-15 01:00:00 AM","B46","S","303663","13","3","0","1"
"2024-10-15","2024-10-15 10:00:00 AM","Q58","E","503483","13","10","24","4"
"2024-10-15","2024-10-15 01:00:00 PM","Q58","W","503540","13","0","1","0"
"2024-10-15","2024-10-15 01:00:00 AM","B35","W","308483","13","0","1","1"
"2024-10-15","2024-10-15 05:00:00 AM","B46","N","303601","13","4","0","2"
"2024-10-15","2024-10-15 04:00:00 AM","M15","S","401749","13","0","1","1"
"2024-10-15","2024-10-15 03:00:00 PM","S53","E","203037","13","4","0","3"
"2024-10-15","2024-10-15 11:00:00 AM","M15","N","401679","13","1","0","1"
"2024-10-15","2024-10-15 10:00:00 AM","B46","S","303663","13","8","4","3"
"2024-10-15","2024-10-15 07:00:00 PM","BX19","N","101310","13","2","18","2"
"2024-10-15","2024-10-15 12:00:00 PM","B35","E","306532","13","5","1","2"
"2024-10-15","2024-10-15 08:00:00 AM","S79+","N","203082","13","32","2","9"
"2024-10-15","2024-10-15 08:00:00 PM","S53","W","200700","13","21","3","4"
"2024-10-15","2024-10-15 12:00:00 PM","BX19","N","101310","13","26","79","5"
"2024-10-15","2024-10-15 12:00:00 PM","B35","E","307792","13","41","30","5"
"2024-10-15","2024-10-15 05:00:00 PM","BX19","N","101310","13","7","18","2"
"2024-10-15","2024-10-15 08:00:00 AM","S79+","S","201132","13","1","6","6"
"2024-10-15","2024-10-15 04:00:00 PM","M15","S","401749","13","19","15","3"
"2024-10-15","2024-10-15 08:00:00 AM","BX19","S","101358","13","13","13","6"
"2024-10-15","2024-10-15 08:00:00 AM","S53","E","203037","13","3","0","3"
"2024-10-15","2024-10-15 06:00:00 PM","B46","S","303663","13","3","4","2"
"2024-10-15","2024-10-15 07:00:00 AM","M15","N","401689","13","3","5","1"
"2024-10-15","2024-10-15 01:00:00 PM","B46","S","303663","13","6","13","4"
"2024-10-15","2024-10-15 08:00:00 AM","B35","W","302759","13","18","32","4"
"2024-10-15","2024-10-15 06:00:00 PM","B46","N","303601","13","2","1","3"
"2024-10-15","2024-10-15 05:00:00 PM","Q58","E","503483","13","42","98","6"
"2024-10-15","2024-10-15 07:00:00 AM","S53","W","200700","13","14","8","2"
"2024-10-15","2024-10-15 07:00:00 PM","Q58","E","503483","13","37","90","7"
"2024-10-15","2024-10-15 09:00:00 PM","M15","N","401679","13","4","0","1"
"2024-10-15","2024-10-15 10:00:00 AM","B35","W","308483","13","29","24","2"
"2024-10-15","2024-10-15 07:00:00 PM","BX19","S","101358","13","0","5","1"
"2024-10-15","2024-10-15 09:00:00 PM","Q58","W","503537","13","0","1","1"
"2024-10-15","2024-10-15 02:00:00 PM","Q58","E","503481","13","20","77","5"
"2024-10-15","2024-10-15 08:00:00 PM","BX19","S","101358","13","4","5","2"
"2024-10-15","2024-10-15 05:00:00 PM","BX19","S","101358","13","17","25","5"
"2024-10-15","2024-10-15 09:00:00 AM","B46","S","303663","13","6","4","3"
"2024-10-15","2024-10-15 10:00:00 AM","B46","N","303601","13","2","2","2"
"2024-10-15","2024-10-15 10:00:00 AM","B35","W","302759","13","12","26","4"
"2024-10-15","2024-10-15 07:00:00 AM","S53","E","203037","13","2","0","2"
"2024-10-15","2024-10-15 02:00:00 PM","BX19","N","101310","13","15","39","3"
"2024-10-15","2024-10-15 11:00:00 PM","B35","W","308483","13","5","8","1"
"2024-10-15","2024-10-15 09:00:00 PM","Q58","W","503514","13","10","6","4"
"2024-10-15","2024-10-15 11:00:00 AM","M15","S","401749","13","0","1","1"
"2024-10-15","2024-10-15 08:00:00 AM","BX19","N","101310","13","13","65","3"
"2024-10-15","2024-10-15 02:00:00 PM","S79+","S","201132","13","0","9","3"
"2024-10-15","2024-10-15 08:00:00 PM","S79+","S","201132","13","0","2","2"
"2024-10-15","2024-10-15 02:00:00 PM","Q58","E","503482","13","17","2","2"
"2024-10-15","2024-10-15 01:00:00 PM","S53","W","200700","13","11","2","1"
"2024-10-15","2024-10-15 12:00:00 PM","BX19","S","101358","13","26","24","3"
"2024-10-15","2024-10-15 08:00:00 AM","B35","W","307795","13","4","8","1"
"2024-10-15","2024-10-15 01:00:00 PM","M101","N","403777","13","4","1","1"
"2024-10-15","2024-10-15 08:00:00 AM","B35","W","308483","13","55","37","3"
"2024-10-15","2024-10-15 11:00:00 PM","B46","S","303663","13","10","0","3"
"2024-10-15","2024-10-15 09:00:00 AM","B46","S","303691","13","2","0","1"
"2024-10-15","2024-10-15 04:00:00 PM","S53","W","200700","13","19","7","3"
"2024-10-15","2024-10-15 02:00:00 PM","S79+","N","203082","13","78","5","5"
"2024-10-15","2024-10-15 05:00:00 PM","S79+","N","203082","13","22","19","7"
"2024-10-15","2024-10-15 08:00:00 AM","B35","E","307792","13","27","10","2"
"2024-10-15","2024-10-15 05:00:00 PM","B35","W","302759","13","31","35","3"
"2024-10-15","2024-10-15 05:00:00 PM","B35","W","308483","13","42","22","3"
"2024-10-15","2024-10-15 08:00:00 PM","S53","W","203043","13","0","2","0"
"2024-10-15","2024-10-15 07:00:00 PM","Q58","W","503514","13","11","3","3"
"2024-10-15","2024-10-15 05:00:00 PM","S79+","S","201132","13","8","16","7"
"2024-10-15","2024-10-15 10:00:00 AM","S53","W","200700","13","17","5","4"
"2024-10-15","2024-10-15 02:00:00 PM","B35","E","306532","13","5","7","2"
"2024-10-15","2024-10-15 08:00:00 AM","B35","E","306532","13","8","1","3"
"2024-10-15","2024-10-15 07:00:00 PM","Q58","W","503537","13","6","13","6"
"2024-10-15","2024-10-15 07:00:00 PM","B35","E","307792","13","36","10","2"
"2024-10-15","2024-10-15 07:00:00 PM","B35","E","306532","13","2","1","2"
"2024-10-15","2024-10-15 08:00:00 PM","BX19","N","101310","13","7","35","3"
"2024-10-15","2024-10-15 02:00:00 PM","B35","E","307792","13","85","54","5"
"2024-10-15","2024-10-15 07:00:00 AM","M15","N","401679","13","3","0","1"
"2024-10-15","2024-10-15 05:00:00 PM","B35","E","306532","13","16","7","2"
"2024-10-15","2024-10-15 09:00:00 PM","M101","S","404949","13","0","2","1"
"2024-10-15","2024-10-15 03:00:00 PM","M101","S","404949","13","5","5","2"
"2024-10-15","2024-10-15 07:00:00 AM","M15","S","401749","13","2","14","1"
"2024-10-15","2024-10-15 02:00:00 PM","B35","W","308483","13","15","4","2"
"2024-10-15","2024-10-15 02:00:00 PM","B35","W","302759","13","35","37","4"
"2024-10-15","2024-10-15 06:00:00 PM","M101","N","403777","13","10","8","2"
"2024-10-15","2024-10-15 01:00:00 PM","B46","N","303601","13","0","3","3"
"2024-10-15","2024-10-15 02:00:00 PM","BX19","S","101358","13","8","5","3"
"2024-10-15","2024-10-15 05:00:00 PM","B35","E","307792","13","67","24","2"
"2024-10-15","2024-10-15 08:00:00 AM","S53","W","200700","13","17","5","3"
"2024-10-15","2024-10-15 09:00:00 PM","M101","N","403777","13","1","3","2"
"2024-10-15","2024-10-15 07:00:00 PM","B35","W","308483","13","33","11","3"
"2024-10-15","2024-10-15 07:00:00 PM","B35","W","302759","13","15","20","3"
"2024-10-15","2024-10-15 06:00:00 PM","B46","N","303612","13","2","2","1"
"2024-10-15","2024-10-15 04:00:00 PM","M15","N","401679","13","7","4","1"
"2024-10-15","2024-10-15 10:00:00 AM","B35","E","307792","13","26","16","2"
"2024-10-15","2024-10-15 10:00:00 AM","B35","E","306532","13","5","5","1"
"2024-10-15","2024-10-15 06:00:00 PM","B46","S","303691","13","1","4","1"
"2024-10-15","2024-10-15 03:00:00 PM","M101","N","403777","13","0","6","1"
"2024-10-15","2024-10-15 09:00:00 AM","B46","N","303601","13","2","1","2"
"2024-10-15","2024-10-15 10:00:00 PM","B35","E","307792","13","23","10","2"
"2024-10-15","2024-10-15 08:00:00 PM","B35","E","306532","13","5","0","1"
"2024-10-15","2024-10-15 09:00:00 AM","Q58","E","503483","13","13","21","3"
"2024-10-15","2024-10-15 08:00:00 PM","B35","E","307792","13","61","18","4"
"2024-10-15","2024-10-15 06:00:00 PM","S53","W","200700","13","19","1","2"
"2024-10-15","2024-10-15 03:00:00 PM","B46","S","303663","13","22","9","5"
"2024-10-15","2024-10-15 12:00:00 PM","S79+","N","203082","13","12","3","4"
"2024-10-15","2024-10-15 08:00:00 PM","B46","N","303601","13","1","1","2"
"2024-10-15","2024-10-15 11:00:00 PM","M101","S","404949","13","1","1","1"
"2024-10-15","2024-10-15 04:00:00 PM","B46","S","303663","13","27","24","5"
"2024-10-15","2024-10-15 03:00:00 PM","B46","N","303601","13","2","3","1"
"2024-10-15","2024-10-15 04:00:00 PM","B46","N","303601","13","3","2","3"
"2024-10-15","2024-10-15 08:00:00 PM","B35","W","308483","13","10","4","2"
"2024-10-15","2024-10-15 09:00:00 AM","Q58","W","503514","13","3","3","4"
"2024-10-15","2024-10-15 03:00:00 PM","BX19","N","101310","13","48","107","5"
"2024-10-15","2024-10-15 10:00:00 PM","S79+","S","201132","13","0","1","1"
"2024-10-15","2024-10-15 12:00:00 PM","S53","W","200700","13","12","3","2"
"2024-10-15","2024-10-15 09:00:00 AM","Q58","W","503537","13","2","16","5"
"2024-10-15","2024-10-15 06:00:00 PM","S79+","N","203082","13","10","4","3"
"2024-10-15","2024-10-15 02:00:00 PM","M15","S","401749","13","5","2","1"
"2024-10-15","2024-10-15 12:00:00 PM","B35","W","308483","13","78","20","4"
"2024-10-15","2024-10-15 12:00:00 PM","B46","N","303601","13","1","0","1"
"2024-10-15","2024-10-15 12:00:00 PM","B35","W","302759","13","9","32","2"
"2024-10-15","2024-10-15 08:00:00 AM","M101","N","403777","13","16","6","2"
"2024-10-15","2024-10-15 10:00:00 PM","S79+","N","203082","13","2","0","2"
"2024-10-15","2024-10-15 10:00:00 PM","S53","W","200700","13","6","2","2"
"2024-10-15","2024-10-15 11:00:00 PM","S79+","N","203082","13","0","2","1"
"2024-10-15","2024-10-15 03:00:00 PM","BX19","S","101358","13","39","51","2"
"2024-10-15","2024-10-15 06:00:00 PM","M15","N","401679","13","0","3","1"
"2024-10-15","2024-10-15 11:00:00 AM","BX19","S","101358","13","10","13","4"
"2024-10-15","2024-10-15 10:00:00 PM","M15","S","401749","13","6","2","1"
"2024-10-15","2024-10-15 06:00:00 PM","S79+","S","201132","13","2","16","6"
"2024-10-15","2024-10-15 08:00:00 AM","M15","S","401749","13","6","10","3"
"2024-10-15","2024-10-15 02:00:00 PM","M15","N","401689","13","0","8","1"
"2024-10-15","2024-10-15 02:00:00 PM","M15","N","401679","13","7","4","2"
"2024-10-15","2024-10-15 04:00:00 PM","Q58","W","503514","13","13","11","9"
"2024-10-15","2024-10-15 04:00:00 PM","Q58","W","503537","13","1","8","1"
"2024-10-15","2024-10-15 10:00:00 PM","B46","S","303663","13","5","1","2"
"2024-10-15","2024-10-15 10:00:00 PM","B46","N","303601","13","0","1","1"
"2024-10-15","2024-10-15 09:00:00 AM","B35","E","306532","13","11","5","3"
"2024-10-15","2024-10-15 11:00:00 AM","BX19","N","101310","13","12","30","3"
"2024-10-15","2024-10-15 09:00:00 AM","B35","E","307792","13","26","16","3"
"2024-10-15","2024-10-15 01:00:00 PM","S79+","S","201132","13","2","2","3"
"2024-10-15","2024-10-15 11:00:00 PM","S79+","S","201132","13","0","2","1"
"2024-10-15","2024-10-15 10:00:00 AM","S79+","S","201132","13","1","2","2"
"2024-10-15","2024-10-15 07:00:00 PM","B46","N","303601","13","1","4","2"
"2024-10-15","2024-10-15 12:00:00 PM","B46","S","303663","13","11","5","4"
"2024-10-15","2024-10-15 05:00:00 PM","Q58","W","503514","13","11","10","6"
"2024-10-15","2024-10-15 03:00:00 PM","Q58","E","503483","13","13","15","1"
"2024-10-15","2024-10-15 01:00:00 PM","S79+","N","203082","13","21","7","5"
"2024-10-15","2024-10-15 10:00:00 PM","B35","W","302759","13","2","2","1"
"2024-10-15","2024-10-15 11:00:00 PM","S53","W","200700","13","3","4","1"
"2024-10-15","2024-10-15 10:00:00 PM","B35","W","308483","13","12","1","2"
"2024-10-15","2024-10-15 10:00:00 AM","M101","S","404949","13","11","8","3"
"2024-10-15","2024-10-15 05:00:00 PM","Q58","W","503537","13","20","26","5"
"2024-10-15","2024-10-15 10:00:00 AM","S79+","N","203082","13","9","4","4"
"2024-10-15","2024-10-15 10:00:00 PM","B35","E","306532","13","1","1","1"
"2024-10-15","2024-10-15 09:00:00 AM","B35","W","302759","13","11","22","2"
"2024-10-15","2024-10-15 09:00:00 AM","B35","W","308483","13","44","22","3"
"2024-10-15","2024-10-15 03:00:00 PM","Q58","W","503514","13","34","20","8"
"2024-10-15","2024-10-15 11:00:00 AM","Q58","W","503537","13","2","6","4"
"2024-10-15","2024-10-15 04:00:00 PM","Q58","E","503483","13","35","101","6"
"2024-10-15","2024-10-15 06:00:00 PM","M15","N","401689","13","1","4","1"
"2024-10-15","2024-10-15 11:00:00 AM","Q58","E","503483","13","15","6","2"
"2024-10-15","2024-10-15 09:00:00 PM","BX19","S","101358","13","1","1","1"
"2024-10-15","2024-10-15 11:00:00 AM","Q58","W","503514","13","7","4","4"
"2024-10-15","2024-10-15 10:00:00 AM","M15","S","401749","13","7","2","1"
"2024-10-15","2024-10-15 07:00:00 PM","B46","S","303691","13","1","1","2"
"2024-10-15","2024-10-15 07:00:00 PM","B46","S","303663","13","3","4","3"
"2024-10-15","2024-10-15 07:00:00 AM","BX19","S","101358","13","10","21","3"
"2024-10-15","2024-10-15 05:00:00 PM","M15","N","401689","13","10","4","2"
"2024-10-15","2024-10-15 09:00:00 AM","BX19","N","101310","13","18","58","6"
"2024-10-15","2024-10-15 02:00:00 PM","S53","W","200700","13","27","5","3"
"2024-10-15","2024-10-15 03:00:00 PM","S79+","N","203082","13","35","7","5"
"2024-10-15","2024-10-15 09:00:00 PM","BX19","N","101310","13","1","5","2"
"2024-10-15","2024-10-15 02:00:00 PM","S53","W","203043","13","6","9","3"
"2024-10-15","2024-10-15 03:00:00 PM","S79+","S","201132","13","0","14","4"
"2024-10-15","2024-10-15 10:00:00 AM","M15","N","401689","13","5","2","2"
"2024-10-15","2024-10-15 10:00:00 AM","M15","N","401679","13","5","2","1"
"2024-10-15","2024-10-15 03:00:00 PM","B35","W","302759","13","22","50","3"
"2024-10-15","2024-10-15 12:00:00 PM","M101","N","403777","13","5","8","2"
"2024-10-15","2024-10-15 11:00:00 AM","Q58","W","503540","13","1","0","0"
"2024-10-15","2024-10-15 09:00:00 AM","BX19","S","101358","13","11","22","3"
"2024-10-15","2024-10-15 08:00:00 PM","M101","S","404949","13","3","2","1"
"2024-10-15","2024-10-15 07:00:00 PM","S53","E","203037","13","2","0","2"
"2024-10-15","2024-10-15 04:00:00 PM","M101","N","403777","13","13","4","1"
"2024-10-15","2024-10-15 03:00:00 PM","B35","W","308483","13","59","18","3"
"2024-10-15","2024-10-15 08:00:00 PM","M101","N","403777","13","2","0","1"
"2024-10-15","2024-10-15 12:00:00 PM","S79+","S","201132","13","2","5","4"
"2024-10-15","2024-10-15 07:00:00 PM","S53","W","200700","13","4","1","1"
"2024-10-15","2024-10-15 08:00:00 PM","B46","S","303663","13","9","5","3"
"2024-10-15","2024-10-15 08:00:00 AM","M101","N","401946","14","24","3","3"
"2024-10-15","2024-10-15 12:00:00 PM","B35","W","302761","14","29","22","2"
"2024-10-15","2024-10-15 12:00:00 PM","B35","W","302747","14","3","0","2"
"2024-10-15","2024-10-15 11:00:00 AM","Q58","E","503459","14","1","1","2"
"2024-10-15","2024-10-15 11:00:00 AM","Q58","E","503490","14","4","4","2"
"2024-10-15","2024-10-15 05:00:00 PM","M15","N","401690","14","5","3","2"
"2024-10-15","2024-10-15 06:00:00 PM","S53","W","203506","14","2","3","2"
"2024-10-15","2024-10-15 06:00:00 PM","S53","W","203044","14","0","2","0"
"2024-10-15","2024-10-15 06:00:00 PM","S79+","N","201020","14","41","13","5"
"2024-10-15","2024-10-15 11:00:00 PM","S79+","N","201020","14","5","2","1"
"2024-10-15","2024-10-15 12:00:00 PM","B46","N","303602","14","0","3","2"
"2024-10-15","2024-10-15 11:00:00 PM","S53","W","203506","14","0","1","1"
"2024-10-15","2024-10-15 05:00:00 PM","M101","N","401946","14","4","4","1"
"2024-10-15","2024-10-15 11:00:00 AM","BX19","S","100273","14","65","68","5"
"2024-10-15","2024-10-15 06:00:00 PM","S79+","S","201134","14","1","15","6"
"2024-10-15","2024-10-15 04:00:00 PM","Q58","W","503542","14","2","1","1"
"2024-10-15","2024-10-15 04:00:00 PM","Q58","W","503515","14","15","12","7"
"2024-10-15","2024-10-15 11:00:00 AM","BX19","N","103748","14","81","40","4"
"2024-10-15","2024-10-15 10:00:00 AM","S79+","S","201134","14","0","5","3"
"2024-10-15","2024-10-15 12:00:00 PM","B46","S","303692","14","0","2","0"
"2024-10-15","2024-10-15 12:00:00 PM","B46","S","303664","14","2","5","3"
"2024-10-15","2024-10-15 10:00:00 AM","S79+","N","201020","14","22","7","5"
"2024-10-15","2024-10-15 07:00:00 PM","B46","N","303602","14","1","3","2"
"2024-10-15","2024-10-15 04:00:00 PM","Q58","E","503459","14","3","4","3"
"2024-10-15","2024-10-15 04:00:00 PM","Q58","E","503490","14","18","70","6"
"2024-10-15","2024-10-15 03:00:00 PM","B35","W","302747","14","2","6","2"
"2024-10-15","2024-10-15 03:00:00 PM","B35","W","302761","14","26","28","3"
"2024-10-15","2024-10-15 10:00:00 AM","M15","S","403342","14","1","2","1"
"2024-10-15","2024-10-15 07:00:00 PM","B46","S","303664","14","4","0","1"
"2024-10-15","2024-10-15 07:00:00 PM","B46","S","303692","14","7","1","3"
"2024-10-15","2024-10-15 10:00:00 AM","M15","N","401690","14","5","1","1"
"2024-10-15","2024-10-15 12:00:00 PM","M101","N","401946","14","4","0","1"
"2024-10-15","2024-10-15 07:00:00 PM","S53","E","203038","14","0","2","1"
"2024-10-15","2024-10-15 10:00:00 AM","M101","S","402638","14","5","1","3"
"2024-10-15","2024-10-15 07:00:00 PM","S53","W","203506","14","0","3","2"
"2024-10-15","2024-10-15 08:00:00 PM","B35","E","306524","14","3","0","1"
"2024-10-15","2024-10-15 08:00:00 PM","B35","E","307791","14","12","12","3"
"2024-10-15","2024-10-15 12:00:00 PM","S53","E","203038","14","1","0","1"
"2024-10-15","2024-10-15 04:00:00 PM","B46","S","303664","14","12","7","5"
"2024-10-15","2024-10-15 09:00:00 AM","Q58","W","503515","14","8","1","6"
"2024-10-15","2024-10-15 09:00:00 AM","Q58","W","503542","14","7","21","5"
"2024-10-15","2024-10-15 03:00:00 PM","B46","N","303602","14","21","3","1"
"2024-10-15","2024-10-15 08:00:00 PM","B35","W","302747","14","2","2","3"
"2024-10-15","2024-10-15 04:00:00 PM","B46","N","303602","14","1","3","4"
"2024-10-15","2024-10-15 08:00:00 PM","B46","N","303602","14","1","0","1"
"2024-10-15","2024-10-15 12:00:00 PM","S79+","N","201020","14","20","5","3"
"2024-10-15","2024-10-15 09:00:00 AM","Q58","E","503490","14","22","3","3"
"2024-10-15","2024-10-15 09:00:00 AM","Q58","E","503459","14","4","2","4"
"2024-10-15","2024-10-15 08:00:00 PM","B46","S","303664","14","4","0","3"
"2024-10-15","2024-10-15 12:00:00 PM","S79+","S","201134","14","0","8","3"
"2024-10-15","2024-10-15 08:00:00 PM","M101","S","402638","14","1","3","1"
"2024-10-15","2024-10-15 09:00:00 AM","BX19","S","100273","14","8","10","2"
"2024-10-15","2024-10-15 03:00:00 PM","S79+","S","201134","14","2","2","2"
"2024-10-15","2024-10-15 09:00:00 PM","BX19","N","103748","14","13","8","2"
"2024-10-15","2024-10-15 03:00:00 PM","S79+","N","201020","14","98","33","7"
"2024-10-15","2024-10-15 02:00:00 PM","S53","W","203044","14","2","0","1"
"2024-10-15","2024-10-15 09:00:00 AM","BX19","N","103748","14","42","27","5"
"2024-10-15","2024-10-15 09:00:00 PM","BX19","S","100273","14","3","4","1"
"2024-10-15","2024-10-15 03:00:00 PM","Q58","W","503515","14","20","13","6"
"2024-10-15","2024-10-15 02:00:00 PM","S53","W","203506","14","1","1","2"
"2024-10-15","2024-10-15 09:00:00 AM","B35","W","302761","14","10","16","2"
"2024-10-15","2024-10-15 09:00:00 AM","B35","W","302747","14","1","0","1"
"2024-10-15","2024-10-15 10:00:00 PM","B35","E","306524","14","1","0","1"
"2024-10-15","2024-10-15 03:00:00 PM","Q58","E","503459","14","8","0","3"
"2024-10-15","2024-10-15 10:00:00 PM","B35","E","307791","14","4","6","2"
"2024-10-15","2024-10-15 10:00:00 PM","B35","W","302761","14","5","2","1"
"2024-10-15","2024-10-15 01:00:00 PM","S79+","N","201020","14","23","17","5"
"2024-10-15","2024-10-15 03:00:00 PM","Q58","E","503490","14","0","21","1"
"2024-10-15","2024-10-15 11:00:00 PM","S79+","S","201134","14","0","1","1"
"2024-10-15","2024-10-15 09:00:00 AM","B35","E","307791","14","3","8","3"
"2024-10-15","2024-10-15 01:00:00 PM","S79+","S","201134","14","0","8","3"
"2024-10-15","2024-10-15 09:00:00 AM","B35","E","306524","14","3","9","3"
"2024-10-15","2024-10-15 10:00:00 PM","B46","N","303602","14","2","2","3"
"2024-10-15","2024-10-15 10:00:00 PM","B46","S","303664","14","5","0","3"
"2024-10-15","2024-10-15 02:00:00 PM","M15","N","401681","14","22","2","2"
"2024-10-15","2024-10-15 02:00:00 PM","M15","N","401690","14","0","1","1"
"2024-10-15","2024-10-15 08:00:00 AM","M15","S","403342","14","3","0","1"
"2024-10-15","2024-10-15 03:00:00 PM","BX19","S","100273","14","12","21","2"
"2024-10-15","2024-10-15 10:00:00 PM","S79+","N","201020","14","10","2","2"
"2024-10-15","2024-10-15 06:00:00 PM","S53","E","203038","14","1","2","1"
"2024-10-15","2024-10-15 02:00:00 PM","M15","S","403342","14","2","2","1"
"2024-10-15","2024-10-15 03:00:00 PM","BX19","N","103748","14","86","61","4"
"2024-10-15","2024-10-15 03:00:00 PM","B46","S","303664","14","7","2","2"
"2024-10-15","2024-10-15 10:00:00 PM","S79+","S","201134","14","0","1","1"
"2024-10-15","2024-10-15 11:00:00 AM","Q58","W","503542","14","5","6","2"
"2024-10-15","2024-10-15 11:00:00 AM","Q58","W","503515","14","3","1","2"
"2024-10-15","2024-10-15 05:00:00 PM","Q58","W","503515","14","10","4","5"
"2024-10-15","2024-10-15 05:00:00 PM","Q58","W","503542","14","7","23","5"
"2024-10-15","2024-10-15 07:00:00 AM","BX19","S","100273","14","21","37","4"
"2024-10-15","2024-10-15 06:00:00 PM","M15","N","401690","14","4","3","1"
"2024-10-15","2024-10-15 08:00:00 AM","B46","N","303602","14","0","5","4"
"2024-10-15","2024-10-15 05:00:00 AM","Q58","E","503490","14","14","2","4"
"2024-10-15","2024-10-15 08:00:00 AM","Q58","W","503542","14","20","72","9"
"2024-10-15","2024-10-15 08:00:00 AM","Q58","W","503515","14","25","6","4"
"2024-10-15","2024-10-15 09:00:00 AM","M15","N","401690","14","8","4","1"
"2024-10-15","2024-10-15 09:00:00 AM","M101","S","402638","14","10","3","1"
"2024-10-15","2024-10-15 05:00:00 AM","Q58","E","503459","14","4","0","4"
"2024-10-15","2024-10-15 08:00:00 PM","Q58","W","503542","14","4","14","7"
"2024-10-15","2024-10-15 08:00:00 PM","Q58","W","503515","14","3","2","3"
"2024-10-15","2024-10-15 05:00:00 AM","Q58","W","503515","14","6","0","2"
"2024-10-15","2024-10-15 12:00:00 AM","BX12","E","100807","14","3","2","1"
"2024-10-15","2024-10-15 08:00:00 PM","Q58","E","503459","14","0","2","2"
"2024-10-15","2024-10-15 08:00:00 PM","Q58","E","503490","14","10","28","5"
"2024-10-15","2024-10-15 07:00:00 PM","S79+","S","201134","14","1","14","6"
"2024-10-15","2024-10-15 12:00:00 AM","BX12","W","100842","14","5","1","1"
"2024-10-15","2024-10-15 07:00:00 PM","S79+","N","201020","14","37","13","5"
"2024-10-15","2024-10-15 05:00:00 AM","B46","N","303602","14","3","1","2"
"2024-10-15","2024-10-15 05:00:00 AM","S79+","N","201020","14","8","2","4"
"2024-10-15","2024-10-15 12:00:00 AM","M101","S","402638","14","0","2","1"
"2024-10-15","2024-10-15 07:00:00 PM","M15","S","403342","14","1","4","2"
"2024-10-15","2024-10-15 06:00:00 AM","B35","E","306524","14","5","3","2"
"2024-10-15","2024-10-15 06:00:00 AM","B35","E","307791","14","11","2","1"
"2024-10-15","2024-10-15 07:00:00 PM","M101","S","402638","14","5","3","2"
"2024-10-15","2024-10-15 07:00:00 PM","M101","N","401946","14","0","1","1"
"2024-10-15","2024-10-15 06:00:00 PM","Q58","W","503515","14","6","0","3"
"2024-10-15","2024-10-15 06:00:00 PM","Q58","W","503542","14","6","30","6"
"2024-10-15","2024-10-15 06:00:00 AM","B35","W","302761","14","8","6","1"
"2024-10-15","2024-10-15 06:00:00 AM","B35","W","302747","14","6","1","2"
"2024-10-15","2024-10-15 06:00:00 PM","Q58","E","503459","14","1","2","2"
"2024-10-15","2024-10-15 06:00:00 PM","Q58","E","503490","14","4","31","4"
"2024-10-15","2024-10-15 01:00:00 AM","B35","E","306524","14","1","0","1"
"2024-10-15","2024-10-15 06:00:00 AM","B46","N","303602","14","3","1","3"
"2024-10-15","2024-10-15 06:00:00 AM","B46","N","303606","14","1","0","1"
"2024-10-15","2024-10-15 06:00:00 PM","BX19","S","100273","14","22","15","1"
"2024-10-15","2024-10-15 06:00:00 PM","BX19","N","103748","14","81","30","4"
"2024-10-15","2024-10-15 06:00:00 PM","B35","W","302761","14","16","17","4"
"2024-10-15","2024-10-15 01:00:00 AM","B35","W","302747","14","0","1","1"
"2024-10-15","2024-10-15 06:00:00 AM","B46","S","303664","14","1","0","1"
"2024-10-15","2024-10-15 09:00:00 PM","B35","W","302761","14","4","9","3"
"2024-10-15","2024-10-15 06:00:00 PM","B35","E","307791","14","20","21","5"
"2024-10-15","2024-10-15 06:00:00 PM","B35","E","306524","14","16","4","2"
"2024-10-15","2024-10-15 11:00:00 PM","Q58","W","503515","14","0","3","2"
"2024-10-15","2024-10-15 05:00:00 PM","S53","W","203506","14","0","2","2"
"2024-10-15","2024-10-15 04:00:00 AM","S79+","N","201020","14","2","1","1"
"2024-10-15","2024-10-15 05:00:00 PM","B46","S","303664","14","13","3","4"
"2024-10-15","2024-10-15 05:00:00 PM","B46","S","303692","14","3","10","2"
"2024-10-15","2024-10-15 06:00:00 AM","BX19","S","100273","14","7","6","3"
"2024-10-15","2024-10-15 05:00:00 PM","B46","N","303602","14","4","1","2"
"2024-10-15","2024-10-15 06:00:00 AM","M101","S","402638","14","1","1","1"
"2024-10-15","2024-10-15 04:00:00 PM","S79+","S","201134","14","0","25","6"
"2024-10-15","2024-10-15 04:00:00 PM","S79+","N","201020","14","83","12","8"
"2024-10-15","2024-10-15 06:00:00 AM","M15","S","403342","14","1","0","1"
"2024-10-15","2024-10-15 04:00:00 PM","BX19","S","100273","14","18","24","3"
"2024-10-15","2024-10-15 04:00:00 PM","BX19","N","103748","14","95","52","3"
"2024-10-15","2024-10-15 01:00:00 AM","BX12","E","100807","14","2","1","1"
"2024-10-15","2024-10-15 06:00:00 AM","Q58","E","503490","14","42","20","10"
"2024-10-15","2024-10-15 06:00:00 AM","Q58","E","503470","14","10","3","3"
"2024-10-15","2024-10-15 06:00:00 AM","Q58","E","503459","14","1","0","1"
"2024-10-15","2024-10-15 04:00:00 PM","B35","W","302747","14","8","13","2"
"2024-10-15","2024-10-15 04:00:00 PM","B35","W","302761","14","29","22","4"
"2024-10-15","2024-10-15 04:00:00 PM","B35","E","307791","14","19","7","2"
"2024-10-15","2024-10-15 04:00:00 PM","B35","E","306524","14","5","5","4"
"2024-10-15","2024-10-15 05:00:00 AM","M15","N","401681","14","3","0","1"
"2024-10-15","2024-10-15 03:00:00 PM","S53","E","203038","14","1","1","1"
"2024-10-15","2024-10-15 06:00:00 AM","Q58","W","503515","14","14","1","4"
"2024-10-15","2024-10-15 06:00:00 AM","Q58","W","503542","14","4","14","3"
"2024-10-15","2024-10-15 01:00:00 AM","Q58","W","503515","14","1","0","1"
"2024-10-15","2024-10-15 09:00:00 PM","S79+","N","201020","14","13","4","2"
"2024-10-15","2024-10-15 03:00:00 PM","B35","E","307791","14","47","52","5"
"2024-10-15","2024-10-15 03:00:00 PM","B35","E","306524","14","12","6","2"
"2024-10-15","2024-10-15 02:00:00 PM","Q58","W","503515","14","21","6","6"
"2024-10-15","2024-10-15 02:00:00 PM","Q58","W","503541","14","0","16","1"
"2024-10-15","2024-10-15 04:00:00 AM","Q58","W","503515","14","3","0","1"
"2024-10-15","2024-10-15 06:00:00 AM","S79+","N","201020","14","42","7","9"
"2024-10-15","2024-10-15 09:00:00 PM","B35","E","307791","14","1","4","1"
"2024-10-15","2024-10-15 06:00:00 AM","S79+","S","201134","14","1","1","2"
"2024-10-15","2024-10-15 02:00:00 PM","M101","S","402638","14","18","5","2"
"2024-10-15","2024-10-15 09:00:00 PM","S79+","S","201134","14","12","47","1"
"2024-10-15","2024-10-15 07:00:00 AM","B35","E","306524","14","14","27","6"
"2024-10-15","2024-10-15 07:00:00 AM","B35","E","307791","14","11","8","1"
"2024-10-15","2024-10-15 02:00:00 PM","B46","S","303664","14","9","0","3"
"2024-10-15","2024-10-15 02:00:00 PM","B46","N","303605","14","0","1","1"
"2024-10-15","2024-10-15 02:00:00 PM","B46","N","303602","14","5","8","5"
"2024-10-15","2024-10-15 07:00:00 AM","B35","W","302758","14","4","29","2"
"2024-10-15","2024-10-15 07:00:00 AM","B35","W","302761","14","43","34","3"
"2024-10-15","2024-10-15 07:00:00 AM","B35","W","302747","14","4","5","2"
"2024-10-15","2024-10-15 01:00:00 PM","Q58","W","503515","14","5","6","4"
"2024-10-15","2024-10-15 01:00:00 PM","Q58","E","503459","14","4","2","3"
"2024-10-15","2024-10-15 01:00:00 PM","BX19","S","100273","14","18","36","3"
"2024-10-15","2024-10-15 01:00:00 PM","BX19","N","103748","14","71","36","2"
"2024-10-15","2024-10-15 07:00:00 AM","B46","N","303602","14","1","2","2"
"2024-10-15","2024-10-15 07:00:00 AM","B46","N","303613","14","4","0","2"
"2024-10-15","2024-10-15 07:00:00 AM","B46","N","303606","14","7","1","2"
"2024-10-15","2024-10-15 01:00:00 PM","B35","W","302747","14","7","6","3"
"2024-10-15","2024-10-15 01:00:00 PM","B35","W","302761","14","22","42","3"
"2024-10-15","2024-10-15 01:00:00 PM","B35","E","306524","14","1","1","2"
"2024-10-15","2024-10-15 01:00:00 PM","B35","E","307791","14","6","2","2"
"2024-10-15","2024-10-15 07:00:00 AM","B46","S","303664","14","1","4","3"
"2024-10-15","2024-10-15 12:00:00 AM","B35","W","302747","14","1","0","1"
"2024-10-15","2024-10-15 10:00:00 PM","BX19","S","100273","14","6","8","2"
"2024-10-15","2024-10-15 12:00:00 PM","Q58","W","503542","14","3","2","1"
"2024-10-15","2024-10-15 12:00:00 PM","Q58","W","503515","14","3","3","4"
"2024-10-15","2024-10-15 04:00:00 AM","M101","N","402679","14","3","0","1"
"2024-10-15","2024-10-15 12:00:00 PM","Q58","E","503459","14","5","6","6"
"2024-10-15","2024-10-15 07:00:00 AM","BX19","N","103748","14","6","1","1"
"2024-10-15","2024-10-15 07:00:00 AM","BX19","N","101314","14","2","9","2"
"2024-10-15","2024-10-15 07:00:00 AM","BX19","N","101327","14","3","3","1"
"2024-10-15","2024-10-15 07:00:00 AM","M101","N","401946","14","2","0","1"
"2024-10-15","2024-10-15 12:00:00 PM","M15","S","403342","14","8","1","1"
"2024-10-15","2024-10-15 10:00:00 PM","Q58","E","503459","14","2","1","2"
"2024-10-15","2024-10-15 07:00:00 AM","Q58","E","503459","14","6","1","3"
"2024-10-15","2024-10-15 07:00:00 AM","Q58","E","503490","14","34","15","6"
"2024-10-15","2024-10-15 11:00:00 AM","S79+","S","201134","14","6","5","5"
"2024-10-15","2024-10-15 11:00:00 AM","S79+","N","201020","14","25","7","6"
"2024-10-15","2024-10-15 11:00:00 AM","B46","S","303664","14","2","3","3"
"2024-10-15","2024-10-15 11:00:00 PM","Q58","E","503459","14","0","1","1"
"2024-10-15","2024-10-15 03:00:00 AM","B46","N","303602","14","2","0","1"
"2024-10-15","2024-10-15 11:00:00 AM","B46","N","303602","14","0","4","3"
"2024-10-15","2024-10-15 07:00:00 AM","Q58","W","503542","14","14","20","6"
"2024-10-15","2024-10-15 07:00:00 AM","Q58","W","503515","14","44","16","7"
"2024-10-15","2024-10-15 11:00:00 AM","B35","W","302761","14","5","9","2"
"2024-10-15","2024-10-15 11:00:00 AM","B35","W","302747","14","3","1","2"
"2024-10-15","2024-10-15 05:00:00 AM","BX19","N","101314","14","3","0","1"
"2024-10-15","2024-10-15 07:00:00 AM","S79+","N","201020","14","40","71","8"
"2024-10-15","2024-10-15 11:00:00 AM","B35","E","306524","14","9","4","3"
"2024-10-15","2024-10-15 11:00:00 AM","B35","E","307791","14","9","5","1"
"2024-10-15","2024-10-15 07:00:00 AM","S79+","S","201134","14","6","1","4"
"2024-10-15","2024-10-15 04:00:00 AM","B46","N","303602","14","3","0","2"
"2024-10-15","2024-10-15 11:00:00 PM","BX19","N","101314","14","1","4","2"
"2024-10-15","2024-10-15 08:00:00 AM","B46","N","303613","14","4","1","1"
"2024-10-15","2024-10-15 08:00:00 AM","B46","N","303606","14","5","4","2"
"2024-10-15","2024-10-15 10:00:00 AM","Q58","W","503542","14","10","17","8"
"2024-10-15","2024-10-15 10:00:00 AM","Q58","W","503515","14","4","2","2"
"2024-10-15","2024-10-15 03:00:00 AM","M101","S","402638","14","1","0","1"
"2024-10-15","2024-10-15 10:00:00 AM","Q58","E","503459","14","0","7","2"
"2024-10-15","2024-10-15 10:00:00 AM","Q58","E","503490","14","11","4","4"
"2024-10-15","2024-10-15 08:00:00 AM","B46","S","303664","14","7","6","4"
"2024-10-15","2024-10-15 08:00:00 AM","B46","S","303692","14","11","21","6"
"2024-10-15","2024-10-15 10:00:00 AM","BX19","S","100273","14","26","30","3"
"2024-10-15","2024-10-15 10:00:00 AM","BX19","N","103748","14","24","13","3"
"2024-10-15","2024-10-15 09:00:00 AM","S79+","S","201134","14","2","1","3"
"2024-10-15","2024-10-15 03:00:00 AM","Q58","W","503515","14","2","0","1"
"2024-10-15","2024-10-15 09:00:00 PM","B46","S","303664","14","3","1","2"
"2024-10-15","2024-10-15 08:00:00 AM","Q58","E","503459","14","2","0","1"
"2024-10-15","2024-10-15 08:00:00 AM","Q58","E","503490","14","43","17","7"
"2024-10-15","2024-10-15 09:00:00 AM","S79+","N","201020","14","31","9","8"
"2024-10-15","2024-10-15 09:00:00 AM","S53","E","203038","14","0","3","1"
"2024-10-15","2024-10-15 10:00:00 PM","Q58","W","503515","14","0","4","2"
"2024-10-15","2024-10-15 04:00:00 AM","B35","W","302747","14","1","0","1"
"2024-10-15","2024-10-15 01:00:00 PM","B46","N","303602","14","2","4","3"
"2024-10-15","2024-10-15 07:00:00 AM","M15","S","403342","14","1","1","1"
"2024-10-15","2024-10-15 11:00:00 AM","M15","N","401690","14","2","1","1"
"2024-10-15","2024-10-15 02:00:00 PM","S79+","N","201020","14","48","5","4"
"2024-10-15","2024-10-15 08:00:00 AM","B35","W","302747","14","8","4","2"
"2024-10-15","2024-10-15 08:00:00 AM","B35","W","302758","14","4","9","1"
"2024-10-15","2024-10-15 08:00:00 AM","B35","W","302761","14","50","78","4"
"2024-10-15","2024-10-15 03:00:00 PM","M101","S","402638","14","10","5","2"
"2024-10-15","2024-10-15 06:00:00 PM","M101","N","401946","14","13","7","2"
"2024-10-15","2024-10-15 08:00:00 PM","BX19","N","103748","14","50","32","3"
"2024-10-15","2024-10-15 09:00:00 PM","Q58","W","503515","14","11","5","5"
"2024-10-15","2024-10-15 09:00:00 PM","Q58","W","503542","14","1","5","2"
"2024-10-15","2024-10-15 12:00:00 PM","B35","E","307791","14","20","13","5"
"2024-10-15","2024-10-15 12:00:00 PM","B35","E","306524","14","7","2","2"
"2024-10-15","2024-10-15 08:00:00 AM","BX19","N","103748","14","98","47","5"
"2024-10-15","2024-10-15 11:00:00 PM","B46","S","303664","14","1","1","2"
"2024-10-15","2024-10-15 05:00:00 PM","S79+","N","201020","14","89","8","7"
"2024-10-15","2024-10-15 10:00:00 AM","S53","W","203506","14","1","0","1"
"2024-10-15","2024-10-15 02:00:00 PM","BX19","S","100273","14","53","61","5"
"2024-10-15","2024-10-15 07:00:00 PM","B35","E","306524","14","3","0","2"
"2024-10-15","2024-10-15 07:00:00 PM","B35","E","307791","14","9","16","2"
"2024-10-15","2024-10-15 02:00:00 PM","Q58","E","503459","14","3","2","3"
"2024-10-15","2024-10-15 09:00:00 AM","B46","S","303664","14","6","5","4"
"2024-10-15","2024-10-15 09:00:00 AM","B46","S","303692","14","4","1","1"
"2024-10-15","2024-10-15 02:00:00 PM","B35","W","302761","14","25","46","4"
"2024-10-15","2024-10-15 09:00:00 PM","M101","N","401946","14","0","1","1"
"2024-10-15","2024-10-15 07:00:00 PM","B35","W","302747","14","7","0","3"
"2024-10-15","2024-10-15 07:00:00 PM","B35","W","302761","14","25","25","3"
"2024-10-15","2024-10-15 03:00:00 PM","M101","N","401946","14","0","2","1"
"2024-10-15","2024-10-15 10:00:00 AM","B46","S","303664","14","5","0","2"
"2024-10-15","2024-10-15 07:00:00 PM","BX19","N","103748","14","52","34","3"
"2024-10-15","2024-10-15 12:00:00 PM","BX19","N","103748","14","99","49","5"
"2024-10-15","2024-10-15 02:00:00 PM","Q58","E","503483","14","3","11","3"
"2024-10-15","2024-10-15 05:00:00 PM","Q58","E","503459","14","3","1","2"
"2024-10-15","2024-10-15 05:00:00 PM","Q58","E","503490","14","12","63","5"
"2024-10-15","2024-10-15 08:00:00 AM","BX19","S","100273","14","61","64","6"
"2024-10-15","2024-10-15 07:00:00 PM","BX19","S","100273","14","20","30","2"
"2024-10-15","2024-10-15 10:00:00 AM","B46","N","303602","14","4","2","3"
"2024-10-15","2024-10-15 08:00:00 PM","BX19","S","100273","14","12","8","2"
"2024-10-15","2024-10-15 09:00:00 PM","BX12","E","100807","14","1","5","0"
"2024-10-15","2024-10-15 02:00:00 PM","BX19","N","103748","14","95","65","4"
"2024-10-15","2024-10-15 01:00:00 PM","M101","N","401946","14","13","5","3"
"2024-10-15","2024-10-15 09:00:00 PM","Q58","E","503459","14","3","0","2"
"2024-10-15","2024-10-15 08:00:00 PM","S79+","S","201134","14","0","4","3"
"2024-10-15","2024-10-15 12:00:00 PM","BX19","S","100273","14","33","35","2"
"2024-10-15","2024-10-15 08:00:00 PM","S53","E","203038","14","3","0","1"
"2024-10-15","2024-10-15 01:00:00 PM","S53","W","203506","14","1","1","1"
"2024-10-15","2024-10-15 02:00:00 PM","S79+","S","201134","14","2","14","4"
"2024-10-15","2024-10-15 09:00:00 AM","B46","N","303602","14","1","1","2"
"2024-10-15","2024-10-15 10:00:00 AM","B35","W","302747","14","2","1","1"
"2024-10-15","2024-10-15 10:00:00 AM","B35","W","302761","14","31","33","4"
"2024-10-15","2024-10-15 11:00:00 PM","B35","E","306524","14","1","0","1"
"2024-10-15","2024-10-15 08:00:00 AM","S79+","S","201134","14","1","9","6"
"2024-10-15","2024-10-15 05:00:00 PM","BX19","S","100273","14","26","39","5"
"2024-10-15","2024-10-15 07:00:00 PM","Q58","E","503490","14","14","47","6"
"2024-10-15","2024-10-15 07:00:00 PM","Q58","E","503459","14","1","4","2"
"2024-10-15","2024-10-15 04:00:00 PM","M15","S","403342","14","7","6","3"
"2024-10-15","2024-10-15 05:00:00 PM","BX19","N","103748","14","49","30","3"
"2024-10-15","2024-10-15 08:00:00 AM","S53","E","203038","14","2","0","2"
"2024-10-15","2024-10-15 10:00:00 AM","B35","E","307791","14","9","5","1"
"2024-10-15","2024-10-15 10:00:00 AM","B35","E","306524","14","0","5","2"
"2024-10-15","2024-10-15 08:00:00 AM","S79+","N","201020","14","39","38","9"
"2024-10-15","2024-10-15 07:00:00 AM","M15","N","401690","14","1","12","1"
"2024-10-15","2024-10-15 07:00:00 PM","Q58","W","503542","14","12","18","5"
"2024-10-15","2024-10-15 02:00:00 PM","Q58","E","503689","14","0","3","1"
"2024-10-15","2024-10-15 07:00:00 PM","Q58","W","503515","14","12","7","4"
"2024-10-15","2024-10-15 08:00:00 AM","B35","E","306524","14","8","12","2"
"2024-10-15","2024-10-15 08:00:00 AM","B35","E","307791","14","6","5","2"
"2024-10-15","2024-10-15 05:00:00 PM","B35","E","307791","14","0","8","2"
"2024-10-15","2024-10-15 08:00:00 PM","S53","W","203506","14","0","8","1"
"2024-10-15","2024-10-15 08:00:00 PM","S79+","N","201020","14","26","4","2"
"2024-10-15","2024-10-15 05:00:00 PM","B35","W","302761","14","30","34","2"
"2024-10-15","2024-10-15 05:00:00 PM","B35","W","302747","14","10","1","1"
"2024-10-15","2024-10-15 05:00:00 PM","B35","E","306524","14","17","3","3"
"2024-10-15","2024-10-15 09:00:00 PM","M15","N","401681","14","1","0","1"
"2024-10-15","2024-10-15 06:00:00 PM","B46","N","303602","14","2","5","4"
"2024-10-15","2024-10-15 05:00:00 PM","S79+","S","201134","14","3","22","7"
"2024-10-15","2024-10-15 04:00:00 PM","S53","W","203506","14","1","1","2"
"2024-10-15","2024-10-15 02:00:00 PM","B35","E","307791","14","31","27","5"
"2024-10-15","2024-10-15 02:00:00 PM","B35","E","306524","14","8","1","2"
"2024-10-15","2024-10-15 04:00:00 PM","M15","N","401681","14","0","1","1"
"2024-10-15","2024-10-15 09:00:00 PM","M101","S","402638","14","7","0","1"
"2024-10-15","2024-10-15 06:00:00 PM","B46","S","303664","14","3","1","2"
"2024-10-15","2024-10-15 06:00:00 PM","B46","S","303692","14","2","2","1"
"2024-10-15","2024-10-15 08:00:00 AM","S53","W","203506","14","0","3","2"
"2024-10-15","2024-10-15 01:00:00 PM","B46","S","303665","15","0","2","1"
"2024-10-15","2024-10-15 12:00:00 PM","B35","E","306711","15","1","1","2"
"2024-10-15","2024-10-15 07:00:00 AM","S53","W","203507","15","1","2","1"
"2024-10-15","2024-10-15 07:00:00 PM","BX19","N","101313","15","16","29","3"
"2024-10-15","2024-10-15 10:00:00 AM","B46","S","303665","15","2","4","4"
"2024-10-15","2024-10-15 10:00:00 AM","B35","E","302707","15","1","6","2"
"2024-10-15","2024-10-15 02:00:00 PM","Q58","E","505251","15","25","17","6"
"2024-10-15","2024-10-15 10:00:00 AM","B35","E","306711","15","1","0","1"
"2024-10-15","2024-10-15 12:00:00 PM","B35","E","302707","15","3","9","5"
"2024-10-15","2024-10-15 06:00:00 PM","M101","N","403436","15","36","10","2"
"2024-10-15","2024-10-15 03:00:00 PM","M101","N","403436","15","2","5","1"
"2024-10-15","2024-10-15 07:00:00 PM","B35","W","302765","15","2","9","2"
"2024-10-15","2024-10-15 09:00:00 PM","M101","N","403436","15","5","0","1"
"2024-10-15","2024-10-15 02:00:00 PM","B35","W","302765","15","34","17","4"
"2024-10-15","2024-10-15 07:00:00 AM","M15","S","405233","15","14","2","1"
"2024-10-15","2024-10-15 01:00:00 PM","B46","N","303603","15","33","13","6"
"2024-10-15","2024-10-15 07:00:00 PM","B35","E","302707","15","1","7","3"
"2024-10-15","2024-10-15 08:00:00 AM","B35","W","302759","15","1","11","2"
"2024-10-15","2024-10-15 07:00:00 PM","B35","E","306711","15","12","3","2"
"2024-10-15","2024-10-15 08:00:00 AM","S79+","N","201022","15","19","60","7"
"2024-10-15","2024-10-15 06:00:00 PM","B46","N","303603","15","12","9","4"
"2024-10-15","2024-10-15 08:00:00 PM","S79+","N","201022","15","15","8","3"
"2024-10-15","2024-10-15 05:00:00 PM","B35","E","306711","15","2","4","2"
"2024-10-15","2024-10-15 10:00:00 AM","S53","W","203507","15","5","0","2"
"2024-10-15","2024-10-15 03:00:00 PM","M101","S","402639","15","6","6","2"
"2024-10-15","2024-10-15 06:00:00 PM","B46","S","303665","15","1","7","1"
"2024-10-15","2024-10-15 05:00:00 PM","S79+","S","201141","15","8","35","7"
"2024-10-15","2024-10-15 07:00:00 PM","Q58","W","504107","15","7","44","7"
"2024-10-15","2024-10-15 08:00:00 AM","B35","E","302707","15","3","1","1"
"2024-10-15","2024-10-15 09:00:00 PM","M101","S","402639","15","1","0","1"
"2024-10-15","2024-10-15 09:00:00 PM","Q58","W","504107","15","1","4","2"
"2024-10-15","2024-10-15 02:00:00 PM","BX19","S","101360","15","5","22","4"
"2024-10-15","2024-10-15 11:00:00 PM","B46","S","303665","15","0","1","1"
"2024-10-15","2024-10-15 04:00:00 PM","S53","E","203039","15","1","0","1"
"2024-10-15","2024-10-15 09:00:00 PM","Q58","W","503516","15","0","1","1"
"2024-10-15","2024-10-15 08:00:00 PM","S53","W","203507","15","9","12","4"
"2024-10-15","2024-10-15 08:00:00 PM","S79+","S","201141","15","0","5","3"
"2024-10-15","2024-10-15 08:00:00 PM","S53","W","203045","15","0","6","0"
"2024-10-15","2024-10-15 12:00:00 PM","BX19","S","101360","15","5","9","2"
"2024-10-15","2024-10-15 06:00:00 PM","B46","S","303693","15","0","1","1"
"2024-10-15","2024-10-15 05:00:00 PM","B35","W","302765","15","24","15","2"
"2024-10-15","2024-10-15 08:00:00 PM","BX19","S","101360","15","1","4","2"
"2024-10-15","2024-10-15 02:00:00 PM","S79+","S","201141","15","5","24","4"
"2024-10-15","2024-10-15 02:00:00 PM","BX19","N","101313","15","31","39","5"
"2024-10-15","2024-10-15 09:00:00 PM","Q58","E","505251","15","5","5","3"
"2024-10-15","2024-10-15 08:00:00 AM","S79+","S","201141","15","8","7","7"
"2024-10-15","2024-10-15 02:00:00 PM","B35","E","302707","15","2","1","2"
"2024-10-15","2024-10-15 09:00:00 AM","B46","S","303693","15","0","2","1"
"2024-10-15","2024-10-15 04:00:00 PM","S53","W","203507","15","9","19","2"
"2024-10-15","2024-10-15 10:00:00 AM","B35","W","302765","15","7","28","4"
"2024-10-15","2024-10-15 10:00:00 AM","B35","W","302748","15","6","1","1"
"2024-10-15","2024-10-15 09:00:00 AM","B46","N","303603","15","5","1","3"
"2024-10-15","2024-10-15 08:00:00 AM","BX19","N","101313","15","21","62","5"
"2024-10-15","2024-10-15 07:00:00 PM","BX19","S","101360","15","0","2","1"
"2024-10-15","2024-10-15 05:00:00 PM","B35","E","302707","15","0","2","1"
"2024-10-15","2024-10-15 08:00:00 AM","B35","W","302765","15","20","47","6"
"2024-10-15","2024-10-15 05:00:00 PM","BX19","S","101360","15","5","8","3"
"2024-10-15","2024-10-15 09:00:00 PM","M15","N","401682","15","0","2","1"
"2024-10-15","2024-10-15 10:00:00 AM","B46","N","303603","15","26","4","3"
"2024-10-15","2024-10-15 11:00:00 PM","B46","N","303603","15","11","1","4"
"2024-10-15","2024-10-15 08:00:00 AM","BX19","S","101360","15","10","21","5"
"2024-10-15","2024-10-15 01:00:00 PM","M101","N","403436","15","9","7","3"
"2024-10-15","2024-10-15 05:00:00 PM","S79+","N","201022","15","45","10","7"
"2024-10-15","2024-10-15 08:00:00 PM","BX19","N","101313","15","17","15","3"
"2024-10-15","2024-10-15 07:00:00 PM","Q58","E","503492","15","26","16","5"
"2024-10-15","2024-10-15 02:00:00 PM","Q58","E","503482","15","24","10","4"
"2024-10-15","2024-10-15 07:00:00 PM","Q58","E","505251","15","4","8","4"
"2024-10-15","2024-10-15 08:00:00 AM","S53","W","203507","15","0","4","2"
"2024-10-15","2024-10-15 05:00:00 PM","Q58","E","503492","15","11","11","5"
"2024-10-15","2024-10-15 05:00:00 PM","Q58","E","505251","15","18","19","5"
"2024-10-15","2024-10-15 11:00:00 AM","M15","S","405233","15","4","4","1"
"2024-10-15","2024-10-15 04:00:00 PM","M15","S","405233","15","4","3","3"
"2024-10-15","2024-10-15 01:00:00 PM","S53","W","203507","15","8","6","1"
"2024-10-15","2024-10-15 09:00:00 AM","B46","S","303665","15","2","10","4"
"2024-10-15","2024-10-15 05:00:00 PM","BX19","N","101313","15","16","36","3"
"2024-10-15","2024-10-15 02:00:00 PM","S79+","N","201022","15","39","7","4"
"2024-10-15","2024-10-15 12:00:00 PM","BX19","N","101313","15","26","28","4"
"2024-10-15","2024-10-15 10:00:00 PM","M15","S","405233","15","0","3","1"
"2024-10-15","2024-10-15 07:00:00 AM","BX19","S","101360","15","13","10","3"
"2024-10-15","2024-10-15 08:00:00 AM","M15","S","405233","15","7","3","3"
"2024-10-15","2024-10-15 08:00:00 PM","B35","E","302707","15","3","0","3"
"2024-10-15","2024-10-15 03:00:00 PM","Q58","E","505251","15","62","11","7"
"2024-10-15","2024-10-15 11:00:00 AM","Q58","E","505251","15","12","3","3"
"2024-10-15","2024-10-15 11:00:00 AM","Q58","E","503492","15","10","1","2"
"2024-10-15","2024-10-15 10:00:00 PM","B35","E","302707","15","1","1","1"
"2024-10-15","2024-10-15 08:00:00 PM","B35","E","306711","15","0","1","1"
"2024-10-15","2024-10-15 04:00:00 PM","B46","N","303607","15","2","0","1"
"2024-10-15","2024-10-15 11:00:00 PM","S79+","S","201141","15","0","4","2"
"2024-10-15","2024-10-15 08:00:00 PM","M101","S","402639","15","0","1","1"
"2024-10-15","2024-10-15 10:00:00 PM","M101","S","402639","15","1","0","1"
"2024-10-15","2024-10-15 02:00:00 PM","M15","N","401682","15","3","1","2"
"2024-10-15","2024-10-15 10:00:00 PM","B35","W","302765","15","0","1","1"
"2024-10-15","2024-10-15 10:00:00 AM","M101","S","402639","15","7","1","2"
"2024-10-15","2024-10-15 02:00:00 PM","S53","W","203045","15","0","6","3"
"2024-10-15","2024-10-15 11:00:00 PM","S53","W","203507","15","4","3","1"
"2024-10-15","2024-10-15 04:00:00 PM","B46","N","303603","15","22","14","5"
"2024-10-15","2024-10-15 04:00:00 PM","Q58","W","503516","15","2","2","2"
"2024-10-15","2024-10-15 01:00:00 PM","S79+","N","201022","15","39","6","4"
"2024-10-15","2024-10-15 10:00:00 PM","S79+","S","201141","15","0","3","1"
"2024-10-15","2024-10-15 04:00:00 PM","Q58","W","504107","15","2","8","1"
"2024-10-15","2024-10-15 03:00:00 PM","B35","W","302765","15","8","9","3"
"2024-10-15","2024-10-15 09:00:00 AM","Q58","W","504107","15","6","27","4"
"2024-10-15","2024-10-15 12:00:00 PM","B46","S","303665","15","1","2","2"
"2024-10-15","2024-10-15 10:00:00 PM","B46","S","303665","15","3","3","2"
"2024-10-15","2024-10-15 06:00:00 PM","S79+","S","201141","15","13","54","8"
"2024-10-15","2024-10-15 02:00:00 PM","S53","W","203507","15","10","12","3"
"2024-10-15","2024-10-15 10:00:00 PM","B46","N","303603","15","26","8","4"
"2024-10-15","2024-10-15 10:00:00 AM","S79+","S","201141","15","8","10","5"
"2024-10-15","2024-10-15 12:00:00 PM","S53","W","203507","15","2","9","2"
"2024-10-15","2024-10-15 11:00:00 PM","S79+","N","201022","15","2","0","1"
"2024-10-15","2024-10-15 11:00:00 AM","BX19","N","101313","15","19","27","4"
"2024-10-15","2024-10-15 09:00:00 PM","BX19","N","101313","15","2","9","2"
"2024-10-15","2024-10-15 08:00:00 PM","M101","N","403436","15","4","2","1"
"2024-10-15","2024-10-15 09:00:00 AM","B35","E","306711","15","11","13","2"
"2024-10-15","2024-10-15 09:00:00 AM","B35","E","302707","15","4","2","2"
"2024-10-15","2024-10-15 05:00:00 PM","Q58","W","504107","15","2","23","3"
"2024-10-15","2024-10-15 12:00:00 PM","B35","W","302765","15","9","6","2"
"2024-10-15","2024-10-15 06:00:00 PM","S53","W","203507","15","8","8","2"
"2024-10-15","2024-10-15 01:00:00 PM","S79+","S","201141","15","0","2","1"
"2024-10-15","2024-10-15 03:00:00 PM","BX19","N","101313","15","14","35","4"
"2024-10-15","2024-10-15 07:00:00 PM","S53","W","203507","15","2","13","3"
"2024-10-15","2024-10-15 03:00:00 PM","S79+","N","201022","15","44","25","7"
"2024-10-15","2024-10-15 06:00:00 PM","S53","W","203045","15","0","2","0"
"2024-10-15","2024-10-15 12:00:00 PM","S79+","N","201022","15","39","12","5"
"2024-10-15","2024-10-15 07:00:00 PM","S53","E","203039","15","0","2","1"
"2024-10-15","2024-10-15 07:00:00 PM","B46","S","303665","15","0","1","1"
"2024-10-15","2024-10-15 11:00:00 PM","M101","N","402680","15","4","0","1"
"2024-10-15","2024-10-15 09:00:00 AM","Q58","E","505251","15","8","2","4"
"2024-10-15","2024-10-15 09:00:00 AM","BX19","N","101313","15","7","12","3"
"2024-10-15","2024-10-15 03:00:00 PM","B46","N","303603","15","14","6","2"
"2024-10-15","2024-10-15 07:00:00 PM","B46","S","303693","15","3","2","2"
"2024-10-15","2024-10-15 10:00:00 AM","M15","S","405233","15","1","0","1"
"2024-10-15","2024-10-15 12:00:00 PM","S79+","S","201141","15","3","12","4"
"2024-10-15","2024-10-15 06:00:00 PM","S79+","N","201022","15","57","18","6"
"2024-10-15","2024-10-15 11:00:00 AM","Q58","W","503516","15","3","2","1"
"2024-10-15","2024-10-15 09:00:00 AM","BX19","S","101360","15","30","13","3"
"2024-10-15","2024-10-15 02:00:00 PM","M15","S","405233","15","6","3","1"
"2024-10-15","2024-10-15 04:00:00 PM","Q58","E","503492","15","36","12","6"
"2024-10-15","2024-10-15 03:00:00 PM","B46","S","303665","15","2","8","4"
"2024-10-15","2024-10-15 12:00:00 PM","B46","N","303603","15","32","6","3"
"2024-10-15","2024-10-15 08:00:00 PM","B46","N","303603","15","6","4","3"
"2024-10-15","2024-10-15 08:00:00 PM","B46","S","303665","15","2","2","3"
"2024-10-15","2024-10-15 09:00:00 AM","B35","W","302765","15","5","5","2"
"2024-10-15","2024-10-15 08:00:00 AM","M101","N","403436","15","30","16","3"
"2024-10-15","2024-10-15 12:00:00 PM","M101","N","403436","15","7","1","1"
"2024-10-15","2024-10-15 03:00:00 PM","Q58","W","503516","15","3","2","4"
"2024-10-15","2024-10-15 11:00:00 AM","Q58","W","504107","15","4","13","3"
"2024-10-15","2024-10-15 04:00:00 PM","Q58","E","505251","15","26","24","6"
"2024-10-15","2024-10-15 04:00:00 PM","B46","S","303693","15","0","5","0"
"2024-10-15","2024-10-15 10:00:00 PM","S79+","N","201022","15","4","1","2"
"2024-10-15","2024-10-15 09:00:00 AM","Q58","E","503492","15","49","10","2"
"2024-10-15","2024-10-15 10:00:00 PM","S53","W","203507","15","0","1","1"
"2024-10-15","2024-10-15 03:00:00 PM","S79+","S","201141","15","27","12","4"
"2024-10-15","2024-10-15 05:00:00 PM","M101","N","403436","15","11","12","1"
"2024-10-15","2024-10-15 03:00:00 PM","BX19","S","101360","15","12","16","2"
"2024-10-15","2024-10-15 11:00:00 AM","BX19","S","101360","15","3","10","4"
"2024-10-15","2024-10-15 04:00:00 PM","B46","S","303665","15","2","3","2"
"2024-10-15","2024-10-15 07:00:00 PM","B46","N","303603","15","11","7","6"
"2024-10-15","2024-10-15 10:00:00 AM","S79+","N","201022","15","26","9","5"
"2024-10-15","2024-10-15 09:00:00 AM","S79+","S","201141","15","3","11","8"
"2024-10-15","2024-10-15 05:00:00 AM","Q58","E","503492","15","7","1","3"
"2024-10-15","2024-10-15 06:00:00 AM","S79+","S","201141","15","6","7","5"
"2024-10-15","2024-10-15 11:00:00 AM","B35","W","302765","15","10","8","2"
"2024-10-15","2024-10-15 03:00:00 AM","B46","N","303603","15","7","1","2"
"2024-10-15","2024-10-15 06:00:00 AM","B46","S","303665","15","1","1","2"
"2024-10-15","2024-10-15 07:00:00 AM","Q58","W","504107","15","3","31","6"
"2024-10-15","2024-10-15 07:00:00 AM","Q58","W","503516","15","2","1","1"
"2024-10-15","2024-10-15 06:00:00 PM","B35","E","306711","15","3","6","1"
"2024-10-15","2024-10-15 06:00:00 PM","B35","E","302707","15","4","4","3"
"2024-10-15","2024-10-15 11:00:00 PM","Q58","W","503516","15","0","1","1"
"2024-10-15","2024-10-15 06:00:00 AM","S79+","N","201022","15","32","20","10"
"2024-10-15","2024-10-15 01:00:00 PM","BX19","S","101360","15","2","5","3"
"2024-10-15","2024-10-15 08:00:00 PM","Q58","E","503492","15","13","9","4"
"2024-10-15","2024-10-15 06:00:00 AM","Q58","E","503471","15","11","1","3"
"2024-10-15","2024-10-15 06:00:00 AM","Q58","E","505251","15","6","3","3"
"2024-10-15","2024-10-15 06:00:00 AM","Q58","E","503492","15","47","25","9"
"2024-10-15","2024-10-15 04:00:00 PM","B35","W","302765","15","15","19","4"
"2024-10-15","2024-10-15 04:00:00 PM","B35","W","302748","15","1","1","1"
"2024-10-15","2024-10-15 02:00:00 PM","Q58","W","503542","15","5","6","1"
"2024-10-15","2024-10-15 02:00:00 PM","Q58","W","503516","15","1","5","2"
"2024-10-15","2024-10-15 05:00:00 PM","S53","W","203507","15","13","27","5"
"2024-10-15","2024-10-15 07:00:00 AM","M101","N","403436","15","2","0","1"
"2024-10-15","2024-10-15 09:00:00 PM","B46","S","303665","15","1","1","1"
"2024-10-15","2024-10-15 09:00:00 PM","S53","W","203507","15","6","5","3"
"2024-10-15","2024-10-15 09:00:00 AM","M101","S","402639","15","5","6","2"
"2024-10-15","2024-10-15 11:00:00 AM","B46","N","303603","15","13","5","4"
"2024-10-15","2024-10-15 08:00:00 PM","Q58","E","505251","15","8","12","6"
"2024-10-15","2024-10-15 12:00:00 PM","M15","S","405233","15","6","2","2"
"2024-10-15","2024-10-15 09:00:00 AM","S79+","N","201022","15","36","20","8"
"2024-10-15","2024-10-15 04:00:00 AM","S79+","N","201022","15","3","0","2"
"2024-10-15","2024-10-15 05:00:00 PM","B46","S","303665","15","0","3","2"
"2024-10-15","2024-10-15 05:00:00 PM","B46","S","303693","15","0","6","1"
"2024-10-15","2024-10-15 01:00:00 AM","BX12","E","100808","15","1","14","1"
"2024-10-15","2024-10-15 04:00:00 PM","BX19","N","101313","15","29","32","3"
"2024-10-15","2024-10-15 10:00:00 AM","BX19","N","101313","15","4","6","3"
"2024-10-15","2024-10-15 11:00:00 AM","B46","S","303665","15","5","6","2"
"2024-10-15","2024-10-15 11:00:00 PM","Q58","E","505251","15","2","1","2"
"2024-10-15","2024-10-15 04:00:00 PM","BX19","S","101360","15","7","1","2"
"2024-10-15","2024-10-15 12:00:00 AM","BX12","E","100808","15","1","8","1"
"2024-10-15","2024-10-15 06:00:00 AM","BX19","S","101360","15","0","5","2"
"2024-10-15","2024-10-15 10:00:00 PM","Q58","E","505251","15","10","2","3"
"2024-10-15","2024-10-15 09:00:00 PM","S79+","S","201141","15","3","7","5"
"2024-10-15","2024-10-15 11:00:00 AM","S53","W","203507","15","0","1","1"
"2024-10-15","2024-10-15 01:00:00 AM","B46","S","303665","15","0","1","1"
"2024-10-15","2024-10-15 11:00:00 AM","S79+","N","201022","15","23","4","4"
"2024-10-15","2024-10-15 05:00:00 PM","B46","N","303603","15","17","3","3"
"2024-10-15","2024-10-15 06:00:00 AM","M101","S","402639","15","7","2","2"
"2024-10-15","2024-10-15 07:00:00 AM","B46","N","303607","15","16","0","2"
"2024-10-15","2024-10-15 11:00:00 AM","S79+","S","201141","15","5","3","3"
"2024-10-15","2024-10-15 07:00:00 AM","Q58","E","505251","15","9","6","4"
"2024-10-15","2024-10-15 07:00:00 AM","Q58","E","503492","15","43","34","6"
"2024-10-15","2024-10-15 04:00:00 PM","S79+","S","201141","15","4","15","5"
"2024-10-15","2024-10-15 01:00:00 PM","B35","E","302707","15","0","2","1"
"2024-10-15","2024-10-15 04:00:00 PM","S79+","N","201022","15","39","13","7"
"2024-10-15","2024-10-15 06:00:00 AM","M15","S","405233","15","0","1","1"
"2024-10-15","2024-10-15 01:00:00 PM","B35","E","306711","15","3","0","2"
"2024-10-15","2024-10-15 09:00:00 AM","M101","N","403436","15","7","2","1"
"2024-10-15","2024-10-15 07:00:00 AM","B46","N","303614","15","2","3","2"
"2024-10-15","2024-10-15 10:00:00 AM","BX19","S","101360","15","5","5","3"
"2024-10-15","2024-10-15 03:00:00 AM","Q58","E","505251","15","0","2","1"
"2024-10-15","2024-10-15 08:00:00 PM","M15","N","401691","15","3","2","1"
"2024-10-15","2024-10-15 07:00:00 AM","B46","N","303603","15","32","16","4"
"2024-10-15","2024-10-15 01:00:00 PM","BX19","N","101313","15","22","20","2"
"2024-10-15","2024-10-15 05:00:00 AM","M101","N","402506","15","1","0","1"
"2024-10-15","2024-10-15 07:00:00 PM","S79+","S","201141","15","2","14","5"
"2024-10-15","2024-10-15 05:00:00 AM","S53","W","203507","15","3","1","2"
"2024-10-15","2024-10-15 12:00:00 AM","B46","N","303603","15","13","1","2"
"2024-10-15","2024-10-15 02:00:00 PM","M101","S","402639","15","10","7","2"
"2024-10-15","2024-10-15 07:00:00 AM","B35","E","302707","15","3","1","1"
"2024-10-15","2024-10-15 08:00:00 AM","B46","S","303693","15","2","4","4"
"2024-10-15","2024-10-15 03:00:00 PM","B35","E","306711","15","0","8","2"
"2024-10-15","2024-10-15 03:00:00 PM","B35","E","302707","15","8","17","4"
"2024-10-15","2024-10-15 02:00:00 PM","B46","N","303606","15","3","7","1"
"2024-10-15","2024-10-15 08:00:00 AM","B46","S","303665","15","3","1","1"
"2024-10-15","2024-10-15 09:00:00 AM","S53","E","203039","15","1","0","1"
"2024-10-15","2024-10-15 01:00:00 PM","Q58","E","505251","15","28","17","7"
"2024-10-15","2024-10-15 09:00:00 PM","B46","N","303603","15","5","5","4"
"2024-10-15","2024-10-15 02:00:00 AM","B46","N","303603","15","5","0","1"
"2024-10-15","2024-10-15 12:00:00 AM","BX12","W","100843","15","0","3","1"
"2024-10-15","2024-10-15 07:00:00 PM","S79+","N","201022","15","14","7","3"
"2024-10-15","2024-10-15 05:00:00 AM","B46","N","303603","15","22","2","6"
"2024-10-15","2024-10-15 05:00:00 AM","S79+","N","201022","15","10","1","4"
"2024-10-15","2024-10-15 02:00:00 PM","B46","N","303603","15","33","14","6"
"2024-10-15","2024-10-15 07:00:00 PM","M15","S","405233","15","7","0","1"
"2024-10-15","2024-10-15 07:00:00 AM","B46","S","303665","15","6","4","4"
"2024-10-15","2024-10-15 04:00:00 AM","Q58","E","505251","15","2","0","2"
"2024-10-15","2024-10-15 05:00:00 AM","S79+","S","201141","15","1","0","1"
"2024-10-15","2024-10-15 10:00:00 AM","Q58","E","503492","15","32","11","4"
"2024-10-15","2024-10-15 12:00:00 AM","B46","S","303665","15","2","0","1"
"2024-10-15","2024-10-15 10:00:00 AM","Q58","E","505251","15","9","5","5"
"2024-10-15","2024-10-15 01:00:00 AM","Q58","W","503516","15","2","1","1"
"2024-10-15","2024-10-15 06:00:00 AM","B35","E","306711","15","0","1","1"
"2024-10-15","2024-10-15 10:00:00 AM","Q58","E","503482","15","1","3","0"
"2024-10-15","2024-10-15 02:00:00 AM","B46","S","303665","15","0","1","1"
"2024-10-15","2024-10-15 09:00:00 PM","S79+","N","201022","15","3","1","2"
"2024-10-15","2024-10-15 05:00:00 AM","Q58","E","505251","15","0","2","2"
"2024-10-15","2024-10-15 07:00:00 PM","M101","S","402639","15","7","4","2"
"2024-10-15","2024-10-15 08:00:00 AM","Q58","W","504107","15","14","43","9"
"2024-10-15","2024-10-15 07:00:00 AM","B35","W","302759","15","6","3","1"
"2024-10-15","2024-10-15 08:00:00 AM","Q58","W","503516","15","1","1","2"
"2024-10-15","2024-10-15 10:00:00 AM","Q58","W","504107","15","3","33","9"
"2024-10-15","2024-10-15 10:00:00 AM","Q58","W","503516","15","1","1","2"
"2024-10-15","2024-10-15 08:00:00 AM","B46","N","303607","15","5","0","1"
"2024-10-15","2024-10-15 08:00:00 AM","B46","N","303603","15","34","8","5"
"2024-10-15","2024-10-15 08:00:00 AM","B46","N","303614","15","0","1","1"
"2024-10-15","2024-10-15 07:00:00 PM","M101","N","403436","15","1","11","1"
"2024-10-15","2024-10-15 07:00:00 AM","B35","W","302765","15","1","9","1"
"2024-10-15","2024-10-15 12:00:00 PM","Q58","W","504107","15","0","5","1"
"2024-10-15","2024-10-15 12:00:00 PM","Q58","W","503516","15","2","3","4"
"2024-10-15","2024-10-15 06:00:00 PM","Q58","W","503542","15","0","1","0"
"2024-10-15","2024-10-15 10:00:00 PM","Q58","W","503516","15","0","1","1"
"2024-10-15","2024-10-15 06:00:00 PM","Q58","W","503516","15","2","0","2"
"2024-10-15","2024-10-15 06:00:00 PM","Q58","W","504107","15","4","26","6"
"2024-10-15","2024-10-15 01:00:00 PM","Q58","W","503516","15","1","0","1"
"2024-10-15","2024-10-15 03:00:00 AM","Q58","W","503516","15","1","0","1"
"2024-10-15","2024-10-15 06:00:00 AM","Q58","W","503516","15","2","0","2"
"2024-10-15","2024-10-15 06:00:00 AM","Q58","W","504107","15","1","5","2"
"2024-10-15","2024-10-15 03:00:00 PM","S53","E","203039","15","5","0","2"
"2024-10-15","2024-10-15 11:00:00 PM","BX19","N","101315","15","0","1","1"
"2024-10-15","2024-10-15 06:00:00 AM","B35","W","302765","15","2","3","1"
"2024-10-15","2024-10-15 04:00:00 AM","B46","N","303603","15","3","2","2"
"2024-10-15","2024-10-15 08:00:00 PM","Q58","W","503516","15","0","1","1"
"2024-10-15","2024-10-15 02:00:00 AM","Q58","E","505251","15","2","0","1"
"2024-10-15","2024-10-15 05:00:00 AM","B46","S","303665","15","1","0","1"
"2024-10-15","2024-10-15 07:00:00 AM","S79+","S","201141","15","8","30","8"
"2024-10-15","2024-10-15 06:00:00 PM","Q58","E","505251","15","14","5","3"
"2024-10-15","2024-10-15 03:00:00 PM","S53","W","203507","15","1","5","1"
"2024-10-15","2024-10-15 08:00:00 AM","Q58","E","503492","15","60","42","8"
"2024-10-15","2024-10-15 06:00:00 PM","Q58","E","503492","15","19","9","5"
"2024-10-15","2024-10-15 08:00:00 PM","Q58","W","504107","15","2","17","5"
"2024-10-15","2024-10-15 01:00:00 AM","B35","E","306711","15","1","0","1"
"2024-10-15","2024-10-15 01:00:00 AM","Q58","E","505251","15","1","0","1"
"2024-10-15","2024-10-15 06:00:00 AM","B46","N","303603","15","26","3","6"
"2024-10-15","2024-10-15 02:00:00 PM","B46","S","303665","15","4","3","3"
"2024-10-15","2024-10-15 07:00:00 AM","B35","E","306711","15","1","3","3"
"2024-10-15","2024-10-15 12:00:00 PM","Q58","E","505251","15","18","20","6"
"2024-10-15","2024-10-15 08:00:00 AM","Q58","E","505251","15","12","16","7"
"2024-10-15","2024-10-15 06:00:00 AM","B46","N","303607","15","2","1","1"
"2024-10-15","2024-10-15 04:00:00 PM","B35","E","302707","15","6","4","1"
"2024-10-15","2024-10-15 04:00:00 PM","B35","E","306711","15","0","14","2"
"2024-10-15","2024-10-15 01:00:00 PM","B35","W","302748","15","1","3","1"
"2024-10-15","2024-10-15 01:00:00 PM","B35","W","302765","15","9","10","3"
"2024-10-15","2024-10-15 09:00:00 AM","S53","W","203507","15","0","3","1"
"2024-10-15","2024-10-15 11:00:00 AM","B35","E","302707","15","0","6","1"
"2024-10-15","2024-10-15 11:00:00 AM","B35","E","306711","15","0","1","1"
"2024-10-15","2024-10-15 07:00:00 AM","S79+","N","201022","15","51","97","9"
"2024-10-15","2024-10-15 09:00:00 PM","B35","W","302765","15","0","4","2"
"2024-10-15","2024-10-15 01:00:00 AM","M101","S","402639","15","1","0","1"
"2024-10-15","2024-10-15 05:00:00 AM","Q58","W","503516","15","1","0","1"
"2024-10-15","2024-10-15 06:00:00 PM","BX19","S","101360","15","3","10","1"
"2024-10-15","2024-10-15 05:00:00 AM","BX19","N","101315","15","0","4","1"
"2024-10-15","2024-10-15 06:00:00 PM","BX19","N","101313","15","19","32","3"
"2024-10-15","2024-10-15 09:00:00 AM","M15","S","405233","15","4","0","1"
"2024-10-15","2024-10-15 09:00:00 PM","B35","E","302707","15","1","2","1"
"2024-10-15","2024-10-15 06:00:00 PM","B35","W","302765","15","2","13","2"
"2024-10-15","2024-10-15 07:00:00 AM","BX19","N","101315","15","7","26","2"
"2024-10-15","2024-10-15 07:00:00 AM","BX19","N","101328","15","4","3","1"
"2024-10-15","2024-10-15 07:00:00 AM","BX19","N","101313","15","0","4","1"
"2024-10-15","2024-10-15 03:00:00 PM","B35","E","302692","16","38","21","3"
"2024-10-15","2024-10-15 07:00:00 AM","B35","E","302692","16","36","86","6"
"2024-10-15","2024-10-15 02:00:00 PM","M101","S","402641","16","14","2","2"
"2024-10-15","2024-10-15 06:00:00 AM","S79+","S","200371","16","6","10","5"
"2024-10-15","2024-10-15 08:00:00 PM","Q58","W","503517","16","3","12","6"
"2024-10-15","2024-10-15 07:00:00 AM","B46","N","307083","16","15","3","2"
"2024-10-15","2024-10-15 07:00:00 AM","B46","N","303604","16","2","1","2"
"2024-10-15","2024-10-15 07:00:00 AM","B46","N","308804","16","15","9","3"
"2024-10-15","2024-10-15 09:00:00 PM","B46","N","303604","16","0","1","1"
"2024-10-15","2024-10-15 01:00:00 PM","B35","W","302766","16","6","2","2"
"2024-10-15","2024-10-15 01:00:00 PM","B35","W","302749","16","3","1","3"
"2024-10-15","2024-10-15 06:00:00 AM","S79+","N","201028","16","80","8","9"
"2024-10-15","2024-10-15 04:00:00 AM","Q58","W","503517","16","2","0","1"
"2024-10-15","2024-10-15 02:00:00 PM","Q58","W","503517","16","41","15","7"
"2024-10-15","2024-10-15 01:00:00 PM","B35","E","302708","16","0","4","2"
"2024-10-15","2024-10-15 01:00:00 PM","B35","E","302692","16","18","10","4"
"2024-10-15","2024-10-15 09:00:00 AM","M101","N","405181","16","6","10","1"
"2024-10-15","2024-10-15 12:00:00 AM","B46","S","303666","16","3","0","2"
"2024-10-15","2024-10-15 05:00:00 AM","M101","N","402507","16","2","1","1"
"2024-10-15","2024-10-15 12:00:00 AM","B46","N","303604","16","1","0","1"
"2024-10-15","2024-10-15 09:00:00 PM","B35","E","302708","16","3","5","1"
"2024-10-15","2024-10-15 03:00:00 PM","B35","E","302708","16","9","15","6"
"2024-10-15","2024-10-15 05:00:00 AM","B46","S","303666","16","6","0","1"
"2024-10-15","2024-10-15 07:00:00 AM","B35","E","302708","16","3","1","1"
"2024-10-15","2024-10-15 01:00:00 AM","Q58","W","503517","16","3","1","2"
"2024-10-15","2024-10-15 07:00:00 AM","B46","S","303666","16","20","17","5"
"2024-10-15","2024-10-15 09:00:00 PM","S79+","N","201028","16","9","24","2"
"2024-10-15","2024-10-15 10:00:00 PM","BX19","S","104221","16","8","5","2"
"2024-10-15","2024-10-15 12:00:00 PM","Q58","W","503517","16","17","7","6"
"2024-10-15","2024-10-15 06:00:00 AM","Q58","W","504109","16","2","5","2"
"2024-10-15","2024-10-15 06:00:00 AM","Q58","W","503517","16","54","9","7"
"2024-10-15","2024-10-15 05:00:00 AM","M15","N","405098","16","2","0","1"
"2024-10-15","2024-10-15 02:00:00 AM","Q58","E","503461","16","1","0","1"
"2024-10-15","2024-10-15 01:00:00 AM","Q58","E","503461","16","2","0","1"
"2024-10-15","2024-10-15 04:00:00 AM","BX19","S","104221","16","4","3","1"
"2024-10-15","2024-10-15 12:00:00 PM","Q58","E","503461","16","11","4","6"
"2024-10-15","2024-10-15 04:00:00 PM","B35","E","302708","16","3","17","2"
"2024-10-15","2024-10-15 04:00:00 PM","B35","E","302692","16","48","40","7"
"2024-10-15","2024-10-15 12:00:00 AM","B35","E","302692","16","8","1","2"
"2024-10-15","2024-10-15 08:00:00 AM","Q58","E","503493","16","28","6","5"
"2024-10-15","2024-10-15 08:00:00 AM","Q58","E","503461","16","9","3","3"
"2024-10-15","2024-10-15 07:00:00 AM","BX19","N","101314","16","1","0","1"
"2024-10-15","2024-10-15 07:00:00 AM","BX19","N","101329","16","2","0","1"
"2024-10-15","2024-10-15 07:00:00 AM","BX19","N","101316","16","6","14","2"
"2024-10-15","2024-10-15 06:00:00 AM","Q58","E","503461","16","9","1","4"
"2024-10-15","2024-10-15 06:00:00 AM","Q58","E","503258","16","4","1","1"
"2024-10-15","2024-10-15 06:00:00 AM","Q58","E","503493","16","28","4","8"
"2024-10-15","2024-10-15 04:00:00 PM","B35","W","302766","16","7","10","3"
"2024-10-15","2024-10-15 04:00:00 PM","B35","W","302749","16","7","16","3"
"2024-10-15","2024-10-15 07:00:00 AM","M101","N","405181","16","2","1","1"
"2024-10-15","2024-10-15 12:00:00 PM","M15","S","405307","16","4","5","1"
"2024-10-15","2024-10-15 04:00:00 PM","BX19","N","101314","16","14","18","3"
"2024-10-15","2024-10-15 04:00:00 PM","BX19","S","104221","16","32","23","3"
"2024-10-15","2024-10-15 10:00:00 PM","Q58","E","503461","16","13","0","4"
"2024-10-15","2024-10-15 12:00:00 PM","M15","N","405098","16","1","0","1"
"2024-10-15","2024-10-15 04:00:00 AM","B46","S","303666","16","4","0","2"
"2024-10-15","2024-10-15 04:00:00 PM","S79+","N","201028","16","34","52","6"
"2024-10-15","2024-10-15 04:00:00 PM","S79+","S","200371","16","4","9","5"
"2024-10-15","2024-10-15 09:00:00 PM","B46","S","303666","16","6","9","4"
"2024-10-15","2024-10-15 07:00:00 AM","Q58","E","503493","16","32","6","6"
"2024-10-15","2024-10-15 07:00:00 AM","Q58","E","503461","16","14","2","5"
"2024-10-15","2024-10-15 11:00:00 AM","S79+","S","200371","16","7","10","6"
"2024-10-15","2024-10-15 06:00:00 AM","M101","S","402835","16","2","2","1"
"2024-10-15","2024-10-15 06:00:00 AM","M101","S","402641","16","3","0","1"
"2024-10-15","2024-10-15 11:00:00 AM","S79+","N","201028","16","22","17","5"
"2024-10-15","2024-10-15 05:00:00 PM","B46","N","303604","16","3","4","3"
"2024-10-15","2024-10-15 01:00:00 AM","B46","S","303666","16","1","0","1"
"2024-10-15","2024-10-15 11:00:00 PM","Q58","E","503461","16","1","3","1"
"2024-10-15","2024-10-15 03:00:00 AM","B35","E","302692","16","1","1","1"
"2024-10-15","2024-10-15 06:00:00 AM","BX19","S","104221","16","16","21","3"
"2024-10-15","2024-10-15 11:00:00 AM","B46","S","303666","16","9","3","3"
"2024-10-15","2024-10-15 09:00:00 AM","S79+","N","201028","16","54","12","7"
"2024-10-15","2024-10-15 05:00:00 PM","B46","S","303666","16","14","14","5"
"2024-10-15","2024-10-15 05:00:00 PM","B46","S","308036","16","4","4","2"
"2024-10-15","2024-10-15 04:00:00 AM","S79+","N","201028","16","8","1","2"
"2024-10-15","2024-10-15 10:00:00 PM","Q58","W","503517","16","7","6","4"
"2024-10-15","2024-10-15 05:00:00 AM","Q58","E","503493","16","2","1","2"
"2024-10-15","2024-10-15 09:00:00 PM","S53","W","203508","16","0","1","1"
"2024-10-15","2024-10-15 11:00:00 AM","B46","N","303604","16","12","6","6"
"2024-10-15","2024-10-15 05:00:00 AM","B35","E","302692","16","0","1","1"
"2024-10-15","2024-10-15 05:00:00 PM","S53","W","203508","16","5","12","4"
"2024-10-15","2024-10-15 06:00:00 PM","B35","E","302708","16","1","13","3"
"2024-10-15","2024-10-15 06:00:00 PM","B35","E","302692","16","9","15","1"
"2024-10-15","2024-10-15 09:00:00 AM","M101","S","402641","16","1","2","2"
"2024-10-15","2024-10-15 07:00:00 AM","Q58","W","503517","16","82","3","6"
"2024-10-15","2024-10-15 07:00:00 AM","Q58","W","504109","16","5","44","6"
"2024-10-15","2024-10-15 06:00:00 AM","B46","S","303666","16","11","3","4"
"2024-10-15","2024-10-15 11:00:00 AM","B35","W","302766","16","4","3","2"
"2024-10-15","2024-10-15 11:00:00 AM","B35","W","302749","16","0","3","2"
"2024-10-15","2024-10-15 11:00:00 PM","Q58","W","503517","16","3","4","5"
"2024-10-15","2024-10-15 06:00:00 PM","B35","W","302766","16","3","6","1"
"2024-10-15","2024-10-15 06:00:00 PM","B35","W","302749","16","1","2","2"
"2024-10-15","2024-10-15 06:00:00 PM","BX19","N","101314","16","3","25","4"
"2024-10-15","2024-10-15 06:00:00 PM","BX19","S","104221","16","23","20","1"
"2024-10-15","2024-10-15 01:00:00 AM","B35","E","302692","16","1","0","1"
"2024-10-15","2024-10-15 11:00:00 AM","B35","E","302692","16","30","16","2"
"2024-10-15","2024-10-15 09:00:00 PM","B35","W","302766","16","0","3","1"
"2024-10-15","2024-10-15 06:00:00 AM","B46","N","308804","16","13","0","1"
"2024-10-15","2024-10-15 07:00:00 AM","S79+","N","201028","16","68","37","8"
"2024-10-15","2024-10-15 11:00:00 AM","B35","E","302708","16","1","3","1"
"2024-10-15","2024-10-15 09:00:00 PM","B46","S","308036","16","0","1","1"
"2024-10-15","2024-10-15 06:00:00 AM","B46","N","303604","16","4","1","2"
"2024-10-15","2024-10-15 12:00:00 AM","S79+","S","200371","16","0","1","1"
"2024-10-15","2024-10-15 06:00:00 PM","Q58","E","503461","16","14","10","4"
"2024-10-15","2024-10-15 06:00:00 PM","Q58","E","503493","16","7","8","5"
"2024-10-15","2024-10-15 07:00:00 AM","S79+","S","200371","16","4","17","7"
"2024-10-15","2024-10-15 08:00:00 PM","Q58","W","504109","16","1","12","6"
"2024-10-15","2024-10-15 09:00:00 PM","B35","W","302749","16","0","2","1"
"2024-10-15","2024-10-15 05:00:00 AM","Q58","E","503461","16","4","0","3"
"2024-10-15","2024-10-15 04:00:00 AM","B46","N","303604","16","3","0","2"
"2024-10-15","2024-10-15 06:00:00 AM","B35","W","302749","16","12","0","2"
"2024-10-15","2024-10-15 06:00:00 AM","B35","W","302766","16","2","1","1"
"2024-10-15","2024-10-15 05:00:00 AM","B35","W","302749","16","3","0","1"
"2024-10-15","2024-10-15 06:00:00 PM","Q58","W","504109","16","0","9","5"
"2024-10-15","2024-10-15 06:00:00 PM","Q58","W","503517","16","17","16","5"
"2024-10-15","2024-10-15 08:00:00 AM","Q58","W","503517","16","36","9","5"
"2024-10-15","2024-10-15 08:00:00 AM","Q58","W","504109","16","4","24","8"
"2024-10-15","2024-10-15 08:00:00 AM","B46","N","307083","16","1","2","1"
"2024-10-15","2024-10-15 08:00:00 AM","B46","N","308804","16","14","3","2"
"2024-10-15","2024-10-15 08:00:00 AM","B46","N","303604","16","9","3","5"
"2024-10-15","2024-10-15 07:00:00 PM","M101","N","405181","16","15","14","1"
"2024-10-15","2024-10-15 10:00:00 AM","Q58","W","504109","16","4","10","7"
"2024-10-15","2024-10-15 10:00:00 AM","Q58","W","503517","16","9","2","2"
"2024-10-15","2024-10-15 10:00:00 AM","Q58","W","503543","16","0","2","0"
"2024-10-15","2024-10-15 12:00:00 AM","Q58","W","503517","16","1","0","1"
"2024-10-15","2024-10-15 07:00:00 PM","M101","S","402641","16","3","3","2"
"2024-10-15","2024-10-15 06:00:00 AM","B35","E","302708","16","3","1","1"
"2024-10-15","2024-10-15 09:00:00 AM","M15","N","405396","16","0","9","1"
"2024-10-15","2024-10-15 10:00:00 AM","Q58","E","503461","16","9","2","4"
"2024-10-15","2024-10-15 10:00:00 AM","Q58","E","503493","16","25","6","4"
"2024-10-15","2024-10-15 10:00:00 AM","Q58","E","503483","16","1","1","0"
"2024-10-15","2024-10-15 06:00:00 AM","B35","E","302692","16","7","9","2"
"2024-10-15","2024-10-15 09:00:00 PM","S53","E","203456","16","1","0","1"
"2024-10-15","2024-10-15 09:00:00 AM","S53","E","203456","16","2","0","1"
"2024-10-15","2024-10-15 07:00:00 PM","M15","S","405307","16","1","1","2"
"2024-10-15","2024-10-15 05:00:00 AM","S79+","N","201028","16","17","0","4"
"2024-10-15","2024-10-15 05:00:00 AM","B46","N","303604","16","6","0","4"
"2024-10-15","2024-10-15 11:00:00 PM","BX19","N","101316","16","2","4","2"
"2024-10-15","2024-10-15 07:00:00 PM","S79+","N","201028","16","21","23","4"
"2024-10-15","2024-10-15 08:00:00 AM","B46","S","303666","16","3","8","3"
"2024-10-15","2024-10-15 08:00:00 AM","B46","S","308036","16","2","9","5"
"2024-10-15","2024-10-15 07:00:00 PM","S79+","S","200371","16","2","11","6"
"2024-10-15","2024-10-15 08:00:00 PM","M15","N","405396","16","0","1","1"
"2024-10-15","2024-10-15 10:00:00 AM","BX19","S","104221","16","35","26","4"
"2024-10-15","2024-10-15 12:00:00 AM","BX12","E","100809","16","0","2","1"
"2024-10-15","2024-10-15 10:00:00 AM","BX19","N","101314","16","4","4","4"
"2024-10-15","2024-10-15 08:00:00 PM","Q58","E","503493","16","3","6","4"
"2024-10-15","2024-10-15 08:00:00 PM","Q58","E","503461","16","8","4","4"
"2024-10-15","2024-10-15 09:00:00 AM","S79+","S","200371","16","18","8","8"
"2024-10-15","2024-10-15 05:00:00 AM","Q58","W","503517","16","31","4","3"
"2024-10-15","2024-10-15 09:00:00 AM","M15","S","405307","16","1","0","1"
"2024-10-15","2024-10-15 07:00:00 AM","B35","W","302760","16","1","0","1"
"2024-10-15","2024-10-15 01:00:00 PM","Q58","W","503517","16","26","11","5"
"2024-10-15","2024-10-15 03:00:00 AM","Q58","W","503517","16","0","2","1"
"2024-10-15","2024-10-15 07:00:00 AM","B35","W","302766","16","1","3","1"
"2024-10-15","2024-10-15 07:00:00 AM","B35","W","302749","16","7","4","3"
"2024-10-15","2024-10-15 04:00:00 AM","Q58","E","503461","16","2","1","2"
"2024-10-15","2024-10-15 01:00:00 PM","Q58","E","503461","16","11","9","5"
"2024-10-15","2024-10-15 02:00:00 PM","B46","N","303607","16","0","3","1"
"2024-10-15","2024-10-15 02:00:00 PM","B46","N","303604","16","8","7","4"
"2024-10-15","2024-10-15 01:00:00 PM","BX19","S","104221","16","47","22","3"
"2024-10-15","2024-10-15 10:00:00 PM","BX19","N","101314","16","1","0","1"
"2024-10-15","2024-10-15 02:00:00 PM","B46","S","303666","16","22","9","3"
"2024-10-15","2024-10-15 02:00:00 AM","B46","S","303666","16","1","0","1"
"2024-10-15","2024-10-15 01:00:00 PM","BX19","N","101314","16","1","10","2"
"2024-10-15","2024-10-15 09:00:00 PM","S79+","S","200371","16","0","7","3"
"2024-10-15","2024-10-15 09:00:00 PM","Q58","W","503517","16","18","9","6"
"2024-10-15","2024-10-15 07:00:00 AM","M15","N","405098","16","3","0","1"
"2024-10-15","2024-10-15 08:00:00 PM","S53","E","203456","16","2","0","1"
"2024-10-15","2024-10-15 08:00:00 AM","S53","W","203508","16","3","0","3"
"2024-10-15","2024-10-15 08:00:00 PM","BX19","S","104221","16","11","7","2"
"2024-10-15","2024-10-15 08:00:00 PM","BX19","N","101314","16","10","16","3"
"2024-10-15","2024-10-15 09:00:00 AM","B46","S","303666","16","13","3","5"
"2024-10-15","2024-10-15 07:00:00 PM","Q58","W","503517","16","12","26","5"
"2024-10-15","2024-10-15 07:00:00 PM","Q58","W","504109","16","1","22","7"
"2024-10-15","2024-10-15 08:00:00 PM","S79+","N","201028","16","8","19","3"
"2024-10-15","2024-10-15 10:00:00 AM","B35","E","302708","16","5","1","2"
"2024-10-15","2024-10-15 10:00:00 AM","B35","E","302692","16","1","3","2"
"2024-10-15","2024-10-15 08:00:00 AM","S53","E","203456","16","0","1","1"
"2024-10-15","2024-10-15 07:00:00 PM","Q58","E","503461","16","3","6","4"
"2024-10-15","2024-10-15 07:00:00 PM","Q58","E","503493","16","5","10","4"
"2024-10-15","2024-10-15 02:00:00 PM","Q58","E","503483","16","14","23","5"
"2024-10-15","2024-10-15 02:00:00 PM","Q58","E","503461","16","14","6","6"
"2024-10-15","2024-10-15 10:00:00 AM","B35","W","302766","16","6","6","3"
"2024-10-15","2024-10-15 10:00:00 AM","B35","W","302749","16","7","0","1"
"2024-10-15","2024-10-15 08:00:00 PM","S79+","S","200371","16","4","3","2"
"2024-10-15","2024-10-15 07:00:00 PM","BX19","S","104221","16","27","27","2"
"2024-10-15","2024-10-15 10:00:00 AM","B46","N","303604","16","3","4","2"
"2024-10-15","2024-10-15 08:00:00 AM","BX19","S","104221","16","101","98","6"
"2024-10-15","2024-10-15 07:00:00 PM","BX19","N","101314","16","2","17","3"
"2024-10-15","2024-10-15 10:00:00 AM","B46","S","303666","16","20","7","5"
"2024-10-15","2024-10-15 07:00:00 PM","B35","W","302749","16","0","5","1"
"2024-10-15","2024-10-15 07:00:00 PM","B35","W","302766","16","2","11","4"
"2024-10-15","2024-10-15 09:00:00 PM","M101","N","405181","16","4","8","2"
"2024-10-15","2024-10-15 07:00:00 PM","B35","E","302692","16","17","8","4"
"2024-10-15","2024-10-15 07:00:00 PM","B35","E","302708","16","3","25","4"
"2024-10-15","2024-10-15 10:00:00 AM","S53","W","203508","16","1","1","2"
"2024-10-15","2024-10-15 08:00:00 AM","BX19","N","101314","16","3","8","3"
"2024-10-15","2024-10-15 02:00:00 PM","BX19","S","104221","16","47","36","5"
"2024-10-15","2024-10-15 06:00:00 PM","M101","N","405181","16","28","33","2"
"2024-10-15","2024-10-15 06:00:00 PM","B46","S","303666","16","3","7","3"
"2024-10-15","2024-10-15 11:00:00 AM","M15","N","405098","16","3","2","1"
"2024-10-15","2024-10-15 11:00:00 AM","M15","N","405396","16","6","6","1"
"2024-10-15","2024-10-15 11:00:00 PM","B46","S","303666","16","13","4","3"
"2024-10-15","2024-10-15 09:00:00 PM","M101","S","402641","16","0","2","0"
"2024-10-15","2024-10-15 06:00:00 PM","B46","N","307083","16","6","3","1"
"2024-10-15","2024-10-15 06:00:00 PM","B46","N","303604","16","2","3","2"
"2024-10-15","2024-10-15 02:00:00 PM","S79+","N","201028","16","9","17","4"
"2024-10-15","2024-10-15 09:00:00 PM","M15","N","405098","16","4","0","2"
"2024-10-15","2024-10-15 11:00:00 AM","M15","S","405307","16","0","3","1"
"2024-10-15","2024-10-15 05:00:00 PM","S79+","S","200371","16","8","28","9"
"2024-10-15","2024-10-15 08:00:00 AM","B35","W","302749","16","4","1","2"
"2024-10-15","2024-10-15 08:00:00 AM","B35","W","302766","16","18","16","4"
"2024-10-15","2024-10-15 08:00:00 AM","B35","W","302760","16","0","1","1"
"2024-10-15","2024-10-15 12:00:00 PM","B35","E","302692","16","18","14","2"
"2024-10-15","2024-10-15 12:00:00 PM","B35","E","302708","16","3","3","3"
"2024-10-15","2024-10-15 05:00:00 PM","S79+","N","201028","16","22","24","5"
"2024-10-15","2024-10-15 05:00:00 PM","Q58","E","503493","16","8","9","4"
"2024-10-15","2024-10-15 05:00:00 PM","Q58","E","503461","16","3","18","3"
"2024-10-15","2024-10-15 12:00:00 PM","BX19","N","101314","16","6","14","2"
"2024-10-15","2024-10-15 02:00:00 PM","Q58","E","503485","16","1","13","3"
"2024-10-15","2024-10-15 12:00:00 PM","BX19","S","104221","16","29","35","2"
"2024-10-15","2024-10-15 09:00:00 PM","Q58","E","503461","16","1","4","3"
"2024-10-15","2024-10-15 05:00:00 PM","BX19","S","104221","16","85","38","5"
"2024-10-15","2024-10-15 05:00:00 PM","BX19","N","101314","16","1","7","2"
"2024-10-15","2024-10-15 01:00:00 PM","B46","N","303604","16","2","6","4"
"2024-10-15","2024-10-15 08:00:00 AM","B35","E","302692","16","13","43","2"
"2024-10-15","2024-10-15 08:00:00 AM","B35","E","302708","16","2","6","2"
"2024-10-15","2024-10-15 05:00:00 PM","B35","W","302766","16","9","6","2"
"2024-10-15","2024-10-15 05:00:00 PM","B35","W","302749","16","3","15","2"
"2024-10-15","2024-10-15 01:00:00 PM","B46","S","303666","16","14","18","4"
"2024-10-15","2024-10-15 05:00:00 PM","B35","E","302708","16","6","16","2"
"2024-10-15","2024-10-15 05:00:00 PM","B35","E","302692","16","15","19","3"
"2024-10-15","2024-10-15 01:00:00 PM","M101","N","405181","16","16","25","3"
"2024-10-15","2024-10-15 04:00:00 PM","S53","W","203508","16","0","3","2"
"2024-10-15","2024-10-15 09:00:00 PM","Q58","W","504109","16","0","3","1"
"2024-10-15","2024-10-15 07:00:00 AM","S53","W","203508","16","2","0","1"
"2024-10-15","2024-10-15 04:00:00 PM","M15","S","405307","16","2","1","2"
"2024-10-15","2024-10-15 11:00:00 PM","B35","E","302692","16","6","1","1"
"2024-10-15","2024-10-15 01:00:00 PM","S53","W","203508","16","1","1","1"
"2024-10-15","2024-10-15 11:00:00 PM","B35","W","302749","16","1","1","1"
"2024-10-15","2024-10-15 02:00:00 PM","B35","E","302708","16","1","9","3"
"2024-10-15","2024-10-15 04:00:00 PM","M15","N","405098","16","3","5","1"
"2024-10-15","2024-10-15 07:00:00 AM","M15","S","405307","16","3","0","1"
"2024-10-15","2024-10-15 03:00:00 PM","M101","S","402641","16","2","5","2"
"2024-10-15","2024-10-15 02:00:00 PM","B35","W","302766","16","11","8","3"
"2024-10-15","2024-10-15 02:00:00 PM","B35","W","302749","16","3","0","1"
"2024-10-15","2024-10-15 03:00:00 PM","M101","N","405181","16","41","25","1"
"2024-10-15","2024-10-15 11:00:00 PM","B46","N","303604","16","2","2","3"
"2024-10-15","2024-10-15 02:00:00 PM","BX19","N","101314","16","16","43","4"
"2024-10-15","2024-10-15 02:00:00 PM","S79+","S","200371","16","20","10","4"
"2024-10-15","2024-10-15 08:00:00 AM","S79+","N","201028","16","65","13","8"
"2024-10-15","2024-10-15 08:00:00 PM","S53","W","203508","16","0","4","3"
"2024-10-15","2024-10-15 08:00:00 AM","S79+","S","200371","16","8","14","7"
"2024-10-15","2024-10-15 07:00:00 AM","M15","N","405396","16","0","13","1"
"2024-10-15","2024-10-15 09:00:00 AM","B46","N","303604","16","2","2","2"
"2024-10-15","2024-10-15 11:00:00 PM","S79+","N","201028","16","1","1","1"
"2024-10-15","2024-10-15 08:00:00 PM","B46","S","303666","16","7","8","4"
"2024-10-15","2024-10-15 10:00:00 AM","M101","S","402641","16","4","0","1"
"2024-10-15","2024-10-15 12:00:00 PM","S79+","S","200371","16","12","9","6"
"2024-10-15","2024-10-15 07:00:00 PM","S53","E","203456","16","1","0","1"
"2024-10-15","2024-10-15 08:00:00 PM","M101","N","405181","16","8","4","1"
"2024-10-15","2024-10-15 07:00:00 AM","BX19","S","104221","16","30","59","4"
"2024-10-15","2024-10-15 09:00:00 AM","BX19","S","104221","16","6","6","1"
"2024-10-15","2024-10-15 12:00:00 PM","M101","N","405181","16","17","10","1"
"2024-10-15","2024-10-15 03:00:00 PM","S79+","S","200371","16","4","13","3"
"2024-10-15","2024-10-15 10:00:00 AM","M15","N","405098","16","4","2","1"
"2024-10-15","2024-10-15 10:00:00 AM","M15","N","405396","16","1","11","1"
"2024-10-15","2024-10-15 08:00:00 PM","M101","S","403419","16","0","2","0"
"2024-10-15","2024-10-15 09:00:00 PM","BX19","N","101314","16","1","4","2"
"2024-10-15","2024-10-15 03:00:00 PM","S79+","N","201028","16","40","71","8"
"2024-10-15","2024-10-15 07:00:00 PM","B46","S","308036","16","0","2","2"
"2024-10-15","2024-10-15 07:00:00 PM","B46","S","303666","16","7","6","3"
"2024-10-15","2024-10-15 11:00:00 AM","Q58","W","504109","16","1","7","5"
"2024-10-15","2024-10-15 09:00:00 AM","BX19","N","101314","16","1","2","1"
"2024-10-15","2024-10-15 11:00:00 AM","Q58","W","503517","16","14","2","5"
"2024-10-15","2024-10-15 10:00:00 AM","M15","S","405307","16","0","1","1"
"2024-10-15","2024-10-15 09:00:00 PM","BX19","S","104221","16","7","4","1"
"2024-10-15","2024-10-15 09:00:00 AM","B35","W","302749","16","3","4","3"
"2024-10-15","2024-10-15 09:00:00 AM","B35","W","302766","16","4","2","1"
"2024-10-15","2024-10-15 03:00:00 PM","Q58","W","503517","16","26","28","7"
"2024-10-15","2024-10-15 04:00:00 PM","Q58","E","503461","16","25","9","7"
"2024-10-15","2024-10-15 06:00:00 PM","M15","N","405396","16","2","0","2"
"2024-10-15","2024-10-15 04:00:00 PM","Q58","E","503493","16","5","15","5"
"2024-10-15","2024-10-15 07:00:00 PM","B46","N","303604","16","4","2","3"
"2024-10-15","2024-10-15 03:00:00 PM","Q58","E","503461","16","9","6","4"
"2024-10-15","2024-10-15 10:00:00 PM","B35","E","302708","16","0","4","2"
"2024-10-15","2024-10-15 10:00:00 PM","B35","E","302692","16","12","3","1"
"2024-10-15","2024-10-15 10:00:00 AM","S79+","N","201028","16","39","27","7"
"2024-10-15","2024-10-15 10:00:00 PM","B35","W","302749","16","0","5","1"
"2024-10-15","2024-10-15 12:00:00 PM","B46","S","303666","16","16","4","6"
"2024-10-15","2024-10-15 01:00:00 PM","S79+","N","201028","16","26","24","4"
"2024-10-15","2024-10-15 05:00:00 PM","Q58","W","504109","16","5","16","3"
"2024-10-15","2024-10-15 05:00:00 PM","Q58","W","503517","16","25","26","7"
"2024-10-15","2024-10-15 09:00:00 AM","B35","E","302708","16","2","4","2"
"2024-10-15","2024-10-15 09:00:00 AM","B35","E","302692","16","8","14","3"
"2024-10-15","2024-10-15 02:00:00 PM","S53","W","203508","16","2","4","2"
"2024-10-15","2024-10-15 10:00:00 AM","S79+","S","200371","16","7","4","4"
"2024-10-15","2024-10-15 06:00:00 PM","M15","N","405098","16","0","1","1"
"2024-10-15","2024-10-15 01:00:00 PM","S79+","S","200371","16","7","9","3"
"2024-10-15","2024-10-15 02:00:00 PM","S53","W","203046","16","0","6","3"
"2024-10-15","2024-10-15 11:00:00 AM","BX19","N","101314","16","0","11","3"
"2024-10-15","2024-10-15 11:00:00 AM","Q58","E","503493","16","4","2","2"
"2024-10-15","2024-10-15 10:00:00 PM","B46","N","303604","16","0","2","1"
"2024-10-15","2024-10-15 06:00:00 PM","S79+","S","200371","16","3","12","6"
"2024-10-15","2024-10-15 11:00:00 AM","Q58","E","503461","16","4","1","2"
"2024-10-15","2024-10-15 10:00:00 PM","B46","S","303666","16","2","1","1"
"2024-10-15","2024-10-15 03:00:00 PM","B46","N","303604","16","7","4","2"
"2024-10-15","2024-10-15 03:00:00 PM","B35","W","302749","16","1","4","3"
"2024-10-15","2024-10-15 11:00:00 AM","Q58","E","503483","16","1","1","0"
"2024-10-15","2024-10-15 02:00:00 PM","M15","N","405098","16","6","5","2"
"2024-10-15","2024-10-15 02:00:00 PM","M15","N","405396","16","0","2","1"
"2024-10-15","2024-10-15 08:00:00 AM","M15","S","405307","16","7","0","3"
"2024-10-15","2024-10-15 04:00:00 PM","Q58","W","504109","16","0","2","1"
"2024-10-15","2024-10-15 04:00:00 PM","Q58","W","503517","16","20","32","9"
"2024-10-15","2024-10-15 03:00:00 PM","BX19","S","104221","16","9","5","2"
"2024-10-15","2024-10-15 11:00:00 AM","BX19","S","104221","16","51","30","5"
"2024-10-15","2024-10-15 03:00:00 PM","B46","S","303666","16","39","17","6"
"2024-10-15","2024-10-15 03:00:00 PM","B35","W","302766","16","11","3","2"
"2024-10-15","2024-10-15 12:00:00 PM","B46","N","303604","16","4","3","3"
"2024-10-15","2024-10-15 10:00:00 PM","S79+","N","201028","16","2","4","2"
"2024-10-15","2024-10-15 11:00:00 PM","S79+","S","200371","16","0","1","1"
"2024-10-15","2024-10-15 08:00:00 AM","M101","N","405181","16","33","31","3"
"2024-10-15","2024-10-15 06:00:00 PM","S79+","N","201028","16","24","33","5"
"2024-10-15","2024-10-15 12:00:00 PM","B35","W","302766","16","3","4","2"
"2024-10-15","2024-10-15 03:00:00 PM","BX19","N","101314","16","5","28","4"
"2024-10-15","2024-10-15 12:00:00 PM","B35","W","302749","16","2","1","1"
"2024-10-15","2024-10-15 05:00:00 PM","M101","N","405181","16","22","20","1"
"2024-10-15","2024-10-15 12:00:00 PM","S53","W","203508","16","0","3","2"
"2024-10-15","2024-10-15 09:00:00 AM","Q58","W","504109","16","1","6","2"
"2024-10-15","2024-10-15 09:00:00 AM","Q58","W","503517","16","11","3","6"
"2024-10-15","2024-10-15 08:00:00 PM","B35","W","302749","16","1","4","2"
"2024-10-15","2024-10-15 04:00:00 PM","B46","N","308804","16","1","5","1"
"2024-10-15","2024-10-15 04:00:00 PM","B46","N","303604","16","8","3","5"
"2024-10-15","2024-10-15 10:00:00 PM","S79+","S","200371","16","5","1","2"
"2024-10-15","2024-10-15 08:00:00 PM","B35","E","302708","16","2","16","4"
"2024-10-15","2024-10-15 08:00:00 PM","B46","N","303604","16","6","1","2"
"2024-10-15","2024-10-15 09:00:00 AM","Q58","E","503461","16","7","2","3"
"2024-10-15","2024-10-15 08:00:00 PM","B35","E","302692","16","7","3","2"
"2024-10-15","2024-10-15 12:00:00 PM","S79+","N","201028","16","19","20","5"
"2024-10-15","2024-10-15 09:00:00 AM","Q58","E","503493","16","9","2","2"
"2024-10-15","2024-10-15 11:00:00 PM","M101","N","402681","16","2","0","1"
"2024-10-15","2024-10-15 04:00:00 PM","B46","S","308036","16","0","1","0"
"2024-10-15","2024-10-15 04:00:00 PM","B46","S","303666","16","16","7","5"
"2024-10-15","2024-10-15 07:00:00 PM","S53","W","203508","16","1","14","3"
"2024-10-15","2024-10-15 10:00:00 PM","M15","S","401753","17","6","1","2"
"2024-10-15","2024-10-15 07:00:00 PM","B46","N","303605","17","1","6","5"
"2024-10-15","2024-10-15 03:00:00 PM","BX19","S","101362","17","13","6","2"
"2024-10-15","2024-10-15 08:00:00 PM","B35","W","302750","17","4","1","2"
"2024-10-15","2024-10-15 04:00:00 PM","Q58","E","503497","17","0","18","3"
"2024-10-15","2024-10-15 06:00:00 PM","M15","N","404995","17","4","1","2"
"2024-10-15","2024-10-15 11:00:00 AM","Q58","W","504238","17","0","2","1"
"2024-10-15","2024-10-15 11:00:00 AM","BX19","S","101362","17","23","12","5"
"2024-10-15","2024-10-15 03:00:00 PM","S79+","S","200377","17","2","4","2"
"2024-10-15","2024-10-15 10:00:00 PM","S79+","S","200377","17","0","6","2"
"2024-10-15","2024-10-15 04:00:00 PM","Q58","E","503462","17","10","6","6"
"2024-10-15","2024-10-15 03:00:00 PM","B35","W","302750","17","11","18","2"
"2024-10-15","2024-10-15 12:00:00 PM","B46","N","303605","17","2","0","2"
"2024-10-15","2024-10-15 03:00:00 PM","B46","S","303667","17","3","5","4"
"2024-10-15","2024-10-15 12:00:00 PM","B35","W","302750","17","16","8","3"
"2024-10-15","2024-10-15 11:00:00 AM","Q58","E","503462","17","4","1","4"
"2024-10-15","2024-10-15 07:00:00 AM","BX19","S","101362","17","13","6","3"
"2024-10-15","2024-10-15 10:00:00 PM","S79+","N","203698","17","11","3","3"
"2024-10-15","2024-10-15 08:00:00 PM","B46","N","303605","17","1","2","2"
"2024-10-15","2024-10-15 08:00:00 AM","M101","N","402502","17","9","9","3"
"2024-10-15","2024-10-15 09:00:00 AM","Q58","E","503462","17","8","1","3"
"2024-10-15","2024-10-15 03:00:00 PM","Q58","W","503518","17","13","14","7"
"2024-10-15","2024-10-15 12:00:00 PM","B35","W","307947","17","18","20","2"
"2024-10-15","2024-10-15 09:00:00 AM","B35","W","307947","17","21","27","3"
"2024-10-15","2024-10-15 09:00:00 AM","B35","W","302750","17","24","3","3"
"2024-10-15","2024-10-15 03:00:00 PM","B35","W","307947","17","110","65","7"
"2024-10-15","2024-10-15 09:00:00 AM","Q58","E","503497","17","3","29","4"
"2024-10-15","2024-10-15 04:00:00 PM","B46","S","303667","17","9","9","5"
"2024-10-15","2024-10-15 09:00:00 PM","BX19","S","101362","17","0","2","1"
"2024-10-15","2024-10-15 02:00:00 PM","M15","S","401753","17","8","6","1"
"2024-10-15","2024-10-15 10:00:00 AM","M15","S","401753","17","7","1","1"
"2024-10-15","2024-10-15 06:00:00 PM","S53","W","203509","17","0","1","1"
"2024-10-15","2024-10-15 11:00:00 AM","Q58","W","503518","17","8","3","5"
"2024-10-15","2024-10-15 03:00:00 PM","BX19","N","101315","17","11","29","3"
"2024-10-15","2024-10-15 09:00:00 AM","BX19","S","101362","17","1","2","1"
"2024-10-15","2024-10-15 03:00:00 PM","S79+","N","203698","17","24","16","4"
"2024-10-15","2024-10-15 12:00:00 PM","S53","E","200646","17","0","4","1"
"2024-10-15","2024-10-15 09:00:00 AM","BX19","N","101315","17","4","13","3"
"2024-10-15","2024-10-15 05:00:00 PM","M101","N","402502","17","5","7","1"
"2024-10-15","2024-10-15 09:00:00 PM","BX19","N","101315","17","0","7","2"
"2024-10-15","2024-10-15 11:00:00 AM","Q58","E","503497","17","1","7","1"
"2024-10-15","2024-10-15 12:00:00 PM","M101","N","402502","17","10","0","1"
"2024-10-15","2024-10-15 11:00:00 PM","S53","W","203509","17","1","0","1"
"2024-10-15","2024-10-15 10:00:00 AM","S79+","S","200377","17","27","16","6"
"2024-10-15","2024-10-15 07:00:00 PM","B46","S","303667","17","7","7","3"
"2024-10-15","2024-10-15 01:00:00 PM","S79+","S","200377","17","18","8","3"
"2024-10-15","2024-10-15 06:00:00 PM","M15","N","401685","17","0","1","1"
"2024-10-15","2024-10-15 08:00:00 PM","M101","N","402502","17","2","9","2"
"2024-10-15","2024-10-15 11:00:00 PM","S79+","S","200377","17","0","3","2"
"2024-10-15","2024-10-15 09:00:00 AM","B35","E","302695","17","9","0","3"
"2024-10-15","2024-10-15 10:00:00 AM","M101","S","402642","17","2","2","1"
"2024-10-15","2024-10-15 11:00:00 AM","BX19","N","101315","17","10","14","3"
"2024-10-15","2024-10-15 09:00:00 AM","B35","E","302710","17","3","3","3"
"2024-10-15","2024-10-15 06:00:00 PM","S79+","S","200377","17","17","28","6"
"2024-10-15","2024-10-15 09:00:00 AM","Q58","W","504238","17","2","11","4"
"2024-10-15","2024-10-15 10:00:00 PM","B35","W","302750","17","0","3","2"
"2024-10-15","2024-10-15 09:00:00 AM","Q58","W","503518","17","14","11","7"
"2024-10-15","2024-10-15 10:00:00 PM","B46","N","303605","17","1","0","1"
"2024-10-15","2024-10-15 07:00:00 PM","B46","S","303695","17","0","5","2"
"2024-10-15","2024-10-15 11:00:00 PM","S79+","N","203698","17","3","1","1"
"2024-10-15","2024-10-15 12:00:00 PM","S79+","N","203698","17","9","18","5"
"2024-10-15","2024-10-15 10:00:00 AM","S79+","N","203698","17","22","9","5"
"2024-10-15","2024-10-15 04:00:00 PM","B46","N","303605","17","8","4","3"
"2024-10-15","2024-10-15 02:00:00 PM","S53","W","200311","17","1","0","1"
"2024-10-15","2024-10-15 07:00:00 PM","S53","E","200646","17","0","9","1"
"2024-10-15","2024-10-15 10:00:00 PM","B35","W","307947","17","7","2","2"
"2024-10-15","2024-10-15 08:00:00 PM","B46","S","303667","17","3","5","5"
"2024-10-15","2024-10-15 01:00:00 PM","S79+","N","203698","17","10","16","4"
"2024-10-15","2024-10-15 05:00:00 PM","Q58","W","504238","17","3","11","3"
"2024-10-15","2024-10-15 08:00:00 PM","M101","S","402642","17","1","0","1"
"2024-10-15","2024-10-15 12:00:00 PM","B46","S","303695","17","1","1","0"
"2024-10-15","2024-10-15 05:00:00 PM","Q58","W","503518","17","4","5","6"
"2024-10-15","2024-10-15 10:00:00 AM","M15","N","404995","17","2","7","1"
"2024-10-15","2024-10-15 08:00:00 PM","B46","S","303695","17","0","1","1"
"2024-10-15","2024-10-15 02:00:00 PM","M15","N","401685","17","3","6","2"
"2024-10-15","2024-10-15 02:00:00 PM","M15","N","404995","17","1","2","1"
"2024-10-15","2024-10-15 10:00:00 PM","B46","S","303667","17","0","3","1"
"2024-10-15","2024-10-15 03:00:00 PM","B46","N","303605","17","1","4","3"
"2024-10-15","2024-10-15 12:00:00 PM","B46","S","303667","17","9","5","4"
"2024-10-15","2024-10-15 10:00:00 PM","B35","E","302710","17","2","9","2"
"2024-10-15","2024-10-15 08:00:00 AM","M15","S","401753","17","6","2","2"
"2024-10-15","2024-10-15 08:00:00 PM","B35","E","302710","17","5","15","3"
"2024-10-15","2024-10-15 03:00:00 PM","Q58","E","503462","17","5","11","4"
"2024-10-15","2024-10-15 03:00:00 PM","Q58","E","503484","17","2","0","1"
"2024-10-15","2024-10-15 08:00:00 PM","B35","E","302695","17","3","2","2"
"2024-10-15","2024-10-15 12:00:00 PM","S79+","S","200377","17","27","14","5"
"2024-10-15","2024-10-15 04:00:00 PM","Q58","W","503518","17","14","6","8"
"2024-10-15","2024-10-15 06:00:00 PM","S79+","N","203698","17","22","15","7"
"2024-10-15","2024-10-15 05:00:00 PM","M15","N","404995","17","3","1","1"
"2024-10-15","2024-10-15 05:00:00 PM","B46","N","303605","17","0","1","1"
"2024-10-15","2024-10-15 06:00:00 AM","B46","N","303609","17","2","0","1"
"2024-10-15","2024-10-15 06:00:00 AM","B46","N","303605","17","8","1","6"
"2024-10-15","2024-10-15 09:00:00 AM","S53","W","203509","17","1","0","0"
"2024-10-15","2024-10-15 01:00:00 PM","B35","W","302750","17","17","9","4"
"2024-10-15","2024-10-15 07:00:00 AM","S79+","N","203698","17","77","16","10"
"2024-10-15","2024-10-15 08:00:00 PM","Q58","W","503518","17","2","3","3"
"2024-10-15","2024-10-15 01:00:00 PM","B35","W","307947","17","17","14","2"
"2024-10-15","2024-10-15 04:00:00 PM","B35","E","302695","17","16","13","4"
"2024-10-15","2024-10-15 04:00:00 PM","B35","E","302710","17","5","17","2"
"2024-10-15","2024-10-15 12:00:00 AM","B35","E","302693","17","1","0","1"
"2024-10-15","2024-10-15 12:00:00 PM","Q58","E","503462","17","5","5","5"
"2024-10-15","2024-10-15 03:00:00 PM","S53","W","203509","17","0","1","1"
"2024-10-15","2024-10-15 07:00:00 AM","B35","W","302761","17","18","7","1"
"2024-10-15","2024-10-15 06:00:00 PM","Q58","E","503497","17","0","30","6"
"2024-10-15","2024-10-15 06:00:00 PM","Q58","E","503462","17","2","5","3"
"2024-10-15","2024-10-15 07:00:00 AM","S79+","S","200377","17","31","26","9"
"2024-10-15","2024-10-15 07:00:00 AM","B35","W","302750","17","33","4","3"
"2024-10-15","2024-10-15 08:00:00 PM","Q58","W","504238","17","0","13","4"
"2024-10-15","2024-10-15 06:00:00 AM","B35","W","307947","17","2","6","1"
"2024-10-15","2024-10-15 04:00:00 AM","B46","N","303605","17","3","0","2"
"2024-10-15","2024-10-15 07:00:00 AM","B35","W","307947","17","9","24","1"
"2024-10-15","2024-10-15 01:00:00 AM","Q58","E","503462","17","0","2","1"
"2024-10-15","2024-10-15 08:00:00 AM","Q58","W","503518","17","14","49","7"
"2024-10-15","2024-10-15 06:00:00 AM","B35","W","302750","17","20","0","2"
"2024-10-15","2024-10-15 08:00:00 AM","Q58","W","504238","17","2","19","10"
"2024-10-15","2024-10-15 03:00:00 PM","S53","E","200646","17","1","2","3"
"2024-10-15","2024-10-15 06:00:00 AM","Q58","W","504238","17","1","10","2"
"2024-10-15","2024-10-15 06:00:00 AM","Q58","W","503518","17","12","4","5"
"2024-10-15","2024-10-15 01:00:00 PM","Q58","W","503544","17","0","1","0"
"2024-10-15","2024-10-15 01:00:00 PM","Q58","W","503518","17","11","6","5"
"2024-10-15","2024-10-15 06:00:00 PM","Q58","W","504238","17","0","28","6"
"2024-10-15","2024-10-15 06:00:00 PM","Q58","W","503518","17","2","8","4"
"2024-10-15","2024-10-15 12:00:00 PM","Q58","W","503518","17","9","5","2"
"2024-10-15","2024-10-15 12:00:00 PM","Q58","W","503544","17","0","3","0"
"2024-10-15","2024-10-15 12:00:00 PM","Q58","W","504238","17","1","3","1"
"2024-10-15","2024-10-15 01:00:00 PM","BX19","N","101315","17","10","12","2"
"2024-10-15","2024-10-15 07:00:00 AM","B35","E","302710","17","14","10","1"
"2024-10-15","2024-10-15 08:00:00 AM","B46","N","303605","17","14","2","6"
"2024-10-15","2024-10-15 08:00:00 AM","B46","N","303609","17","7","1","1"
"2024-10-15","2024-10-15 02:00:00 PM","M101","S","402642","17","5","6","2"
"2024-10-15","2024-10-15 12:00:00 AM","Q58","W","503518","17","1","0","1"
"2024-10-15","2024-10-15 10:00:00 AM","Q58","W","504238","17","0","13","5"
"2024-10-15","2024-10-15 10:00:00 AM","Q58","W","503518","17","5","4","4"
"2024-10-15","2024-10-15 04:00:00 AM","B35","W","302750","17","6","1","2"
"2024-10-15","2024-10-15 10:00:00 PM","BX19","S","101362","17","0","2","2"
"2024-10-15","2024-10-15 03:00:00 AM","S53","W","203509","17","1","0","1"
"2024-10-15","2024-10-15 04:00:00 AM","Q58","E","503462","17","1","0","1"
"2024-10-15","2024-10-15 07:00:00 PM","M101","S","402642","17","0","1","1"
"2024-10-15","2024-10-15 09:00:00 PM","B35","W","307947","17","2","6","2"
"2024-10-15","2024-10-15 06:00:00 AM","B35","E","302695","17","4","0","1"
"2024-10-15","2024-10-15 10:00:00 AM","Q58","E","503484","17","2","0","0"
"2024-10-15","2024-10-15 10:00:00 AM","Q58","E","503497","17","3","20","5"
"2024-10-15","2024-10-15 10:00:00 AM","Q58","E","503462","17","6","0","3"
"2024-10-15","2024-10-15 01:00:00 PM","Q58","E","503462","17","7","6","5"
"2024-10-15","2024-10-15 09:00:00 PM","S79+","N","203698","17","4","2","1"
"2024-10-15","2024-10-15 04:00:00 AM","M15","S","401753","17","1","0","1"
"2024-10-15","2024-10-15 07:00:00 AM","B46","N","303609","17","9","0","2"
"2024-10-15","2024-10-15 09:00:00 AM","S53","E","200646","17","1","5","2"
"2024-10-15","2024-10-15 05:00:00 AM","S79+","S","200377","17","0","2","1"
"2024-10-15","2024-10-15 07:00:00 AM","B46","S","303667","17","8","4","3"
"2024-10-15","2024-10-15 03:00:00 AM","Q58","W","503518","17","2","0","1"
"2024-10-15","2024-10-15 09:00:00 AM","M101","N","402502","17","3","1","1"
"2024-10-15","2024-10-15 07:00:00 AM","B46","N","303605","17","13","2","5"
"2024-10-15","2024-10-15 07:00:00 PM","M15","S","401753","17","9","5","3"
"2024-10-15","2024-10-15 05:00:00 AM","S79+","N","203698","17","20","3","4"
"2024-10-15","2024-10-15 09:00:00 PM","S79+","S","200377","17","2","9","3"
"2024-10-15","2024-10-15 11:00:00 PM","BX19","N","101318","17","5","6","2"
"2024-10-15","2024-10-15 05:00:00 AM","B46","N","303605","17","6","0","2"
"2024-10-15","2024-10-15 03:00:00 PM","B35","E","302695","17","8","8","2"
"2024-10-15","2024-10-15 01:00:00 PM","BX19","S","101362","17","8","10","3"
"2024-10-15","2024-10-15 07:00:00 PM","S79+","N","203698","17","17","10","3"
"2024-10-15","2024-10-15 12:00:00 AM","BX12","W","103697","17","1","1","1"
"2024-10-15","2024-10-15 03:00:00 PM","B35","E","302710","17","40","64","6"
"2024-10-15","2024-10-15 09:00:00 PM","B35","E","302710","17","3","10","1"
"2024-10-15","2024-10-15 05:00:00 AM","S53","W","203509","17","1","0","1"
"2024-10-15","2024-10-15 05:00:00 AM","B46","S","303667","17","2","0","2"
"2024-10-15","2024-10-15 10:00:00 PM","Q58","W","503518","17","0","2","2"
"2024-10-15","2024-10-15 06:00:00 AM","S53","E","200646","17","2","1","1"
"2024-10-15","2024-10-15 07:00:00 AM","B35","E","302695","17","18","8","4"
"2024-10-15","2024-10-15 08:00:00 AM","B46","S","303695","17","1","9","5"
"2024-10-15","2024-10-15 08:00:00 AM","B46","S","303667","17","9","2","4"
"2024-10-15","2024-10-15 01:00:00 AM","S53","E","200646","17","1","0","1"
"2024-10-15","2024-10-15 04:00:00 PM","S79+","N","203698","17","48","33","6"
"2024-10-15","2024-10-15 04:00:00 PM","S79+","S","200377","17","20","19","6"
"2024-10-15","2024-10-15 09:00:00 AM","M15","S","401753","17","7","3","2"
"2024-10-15","2024-10-15 05:00:00 AM","Q58","E","503462","17","12","1","4"
"2024-10-15","2024-10-15 07:00:00 PM","S79+","S","200377","17","17","25","7"
"2024-10-15","2024-10-15 07:00:00 AM","Q58","E","503497","17","2","14","6"
"2024-10-15","2024-10-15 07:00:00 AM","Q58","E","503462","17","39","5","6"
"2024-10-15","2024-10-15 11:00:00 AM","S79+","S","200377","17","20","8","6"
"2024-10-15","2024-10-15 04:00:00 PM","BX19","S","101362","17","7","3","3"
"2024-10-15","2024-10-15 06:00:00 AM","M101","S","402642","17","1","1","1"
"2024-10-15","2024-10-15 02:00:00 PM","B46","N","308804","17","3","12","1"
"2024-10-15","2024-10-15 02:00:00 PM","Q58","W","503518","17","29","12","7"
"2024-10-15","2024-10-15 12:00:00 PM","M15","N","401685","17","4","0","1"
"2024-10-15","2024-10-15 11:00:00 AM","S79+","N","203698","17","33","14","6"
"2024-10-15","2024-10-15 09:00:00 AM","S79+","N","203698","17","41","17","6"
"2024-10-15","2024-10-15 10:00:00 AM","BX19","S","101362","17","9","8","5"
"2024-10-15","2024-10-15 07:00:00 AM","BX19","N","101315","17","1","3","1"
"2024-10-15","2024-10-15 01:00:00 AM","B46","S","303667","17","1","0","1"
"2024-10-15","2024-10-15 02:00:00 PM","B46","N","303605","17","0","1","0"
"2024-10-15","2024-10-15 02:00:00 PM","Q58","W","503544","17","0","3","1"
"2024-10-15","2024-10-15 09:00:00 AM","M15","N","404995","17","3","4","1"
"2024-10-15","2024-10-15 03:00:00 AM","B35","E","302693","17","2","0","1"
"2024-10-15","2024-10-15 10:00:00 PM","Q58","E","503462","17","2","3","2"
"2024-10-15","2024-10-15 09:00:00 PM","S53","W","203509","17","0","1","1"
"2024-10-15","2024-10-15 11:00:00 AM","S53","E","200646","17","2","3","2"
"2024-10-15","2024-10-15 06:00:00 AM","BX19","S","101362","17","2","3","2"
"2024-10-15","2024-10-15 08:00:00 PM","M15","N","404995","17","2","0","1"
"2024-10-15","2024-10-15 05:00:00 AM","Q58","E","503497","17","0","2","2"
"2024-10-15","2024-10-15 11:00:00 AM","B46","S","303667","17","2","3","4"
"2024-10-15","2024-10-15 04:00:00 PM","BX19","N","101315","17","19","48","4"
"2024-10-15","2024-10-15 04:00:00 PM","B35","W","307947","17","32","22","3"
"2024-10-15","2024-10-15 01:00:00 PM","B35","E","302710","17","2","1","2"
"2024-10-15","2024-10-15 05:00:00 PM","B46","S","303695","17","0","2","1"
"2024-10-15","2024-10-15 04:00:00 PM","B35","W","302750","17","12","5","2"
"2024-10-15","2024-10-15 04:00:00 AM","S79+","N","203698","17","1","2","1"
"2024-10-15","2024-10-15 05:00:00 PM","B46","S","303667","17","3","8","4"
"2024-10-15","2024-10-15 10:00:00 AM","BX19","N","101315","17","7","9","5"
"2024-10-15","2024-10-15 02:00:00 PM","M101","N","402502","17","10","0","1"
"2024-10-15","2024-10-15 01:00:00 PM","B35","E","302695","17","2","3","2"
"2024-10-15","2024-10-15 11:00:00 AM","B46","N","303605","17","2","1","2"
"2024-10-15","2024-10-15 05:00:00 AM","BX19","N","101318","17","2","10","1"
"2024-10-15","2024-10-15 12:00:00 PM","M15","S","401753","17","11","8","3"
"2024-10-15","2024-10-15 07:00:00 AM","M101","N","402502","17","2","0","1"
"2024-10-15","2024-10-15 08:00:00 AM","Q58","E","503462","17","18","13","5"
"2024-10-15","2024-10-15 05:00:00 PM","S53","W","203509","17","1","5","4"
"2024-10-15","2024-10-15 06:00:00 AM","Q58","E","503497","17","0","13","4"
"2024-10-15","2024-10-15 06:00:00 AM","Q58","E","503472","17","17","2","2"
"2024-10-15","2024-10-15 06:00:00 AM","Q58","E","503462","17","9","0","3"
"2024-10-15","2024-10-15 06:00:00 AM","S79+","S","200377","17","8","10","4"
"2024-10-15","2024-10-15 06:00:00 PM","B35","E","302695","17","8","14","1"
"2024-10-15","2024-10-15 06:00:00 PM","B35","E","302710","17","2","17","2"
"2024-10-15","2024-10-15 08:00:00 PM","Q58","E","503497","17","0","2","1"
"2024-10-15","2024-10-15 09:00:00 AM","M101","S","402642","17","0","2","1"
"2024-10-15","2024-10-15 06:00:00 AM","S79+","N","203698","17","43","14","10"
"2024-10-15","2024-10-15 08:00:00 PM","Q58","E","503462","17","8","7","5"
"2024-10-15","2024-10-15 07:00:00 AM","Q58","W","503518","17","11","13","4"
"2024-10-15","2024-10-15 07:00:00 AM","Q58","W","504238","17","8","19","5"
"2024-10-15","2024-10-15 09:00:00 PM","B46","N","303605","17","0","2","1"
"2024-10-15","2024-10-15 06:00:00 AM","B46","S","303667","17","12","0","4"
"2024-10-15","2024-10-15 07:00:00 AM","BX19","N","101318","17","4","18","2"
"2024-10-15","2024-10-15 11:00:00 AM","B35","W","307947","17","8","13","2"
"2024-10-15","2024-10-15 11:00:00 AM","B35","W","302750","17","18","4","3"
"2024-10-15","2024-10-15 07:00:00 AM","BX19","N","101330","17","5","7","1"
"2024-10-15","2024-10-15 09:00:00 PM","B46","S","303667","17","0","9","3"
"2024-10-15","2024-10-15 11:00:00 PM","Q58","W","503518","17","8","1","2"
"2024-10-15","2024-10-15 08:00:00 AM","Q58","E","503497","17","2","18","7"
"2024-10-15","2024-10-15 05:00:00 AM","Q58","W","503518","17","2","0","1"
"2024-10-15","2024-10-15 06:00:00 PM","B35","W","307947","17","20","17","3"
"2024-10-15","2024-10-15 06:00:00 PM","B35","W","302750","17","7","2","3"
"2024-10-15","2024-10-15 09:00:00 AM","S79+","S","200377","17","36","23","11"
"2024-10-15","2024-10-15 06:00:00 PM","BX19","N","101315","17","15","16","4"
"2024-10-15","2024-10-15 02:00:00 PM","B46","S","303667","17","2","4","2"
"2024-10-15","2024-10-15 06:00:00 PM","BX19","S","101362","17","4","11","2"
"2024-10-15","2024-10-15 11:00:00 AM","B35","E","302710","17","4","7","1"
"2024-10-15","2024-10-15 11:00:00 AM","B35","E","302695","17","14","5","2"
"2024-10-15","2024-10-15 09:00:00 AM","B46","S","303667","17","10","4","6"
"2024-10-15","2024-10-15 09:00:00 PM","M101","S","402642","17","0","5","0"
"2024-10-15","2024-10-15 02:00:00 PM","S79+","S","200377","17","34","14","4"
"2024-10-15","2024-10-15 05:00:00 PM","BX19","S","101362","17","4","4","3"
"2024-10-15","2024-10-15 07:00:00 PM","BX19","N","101315","17","0","19","3"
"2024-10-15","2024-10-15 10:00:00 AM","B46","S","303667","17","8","5","5"
"2024-10-15","2024-10-15 05:00:00 PM","B35","E","302710","17","6","15","2"
"2024-10-15","2024-10-15 11:00:00 PM","B35","E","302693","17","2","0","1"
"2024-10-15","2024-10-15 07:00:00 AM","M15","S","401753","17","5","1","1"
"2024-10-15","2024-10-15 08:00:00 PM","BX19","N","101315","17","10","22","3"
"2024-10-15","2024-10-15 11:00:00 AM","M15","N","401685","17","0","2","2"
"2024-10-15","2024-10-15 11:00:00 AM","M15","N","404995","17","4","1","1"
"2024-10-15","2024-10-15 08:00:00 PM","BX19","S","101362","17","3","1","2"
"2024-10-15","2024-10-15 09:00:00 AM","B46","S","303695","17","1","3","1"
"2024-10-15","2024-10-15 03:00:00 PM","M101","S","402642","17","3","3","1"
"2024-10-15","2024-10-15 02:00:00 PM","Q58","E","503484","17","0","3","2"
"2024-10-15","2024-10-15 06:00:00 PM","B46","S","303695","17","0","3","0"
"2024-10-15","2024-10-15 06:00:00 PM","B46","S","303667","17","1","5","1"
"2024-10-15","2024-10-15 01:00:00 PM","M101","N","402502","17","11","1","1"
"2024-10-15","2024-10-15 07:00:00 AM","M15","N","401685","17","1","0","1"
"2024-10-15","2024-10-15 03:00:00 PM","M101","N","402502","17","10","5","1"
"2024-10-15","2024-10-15 07:00:00 PM","B35","W","302750","17","6","4","2"
"2024-10-15","2024-10-15 06:00:00 PM","M101","N","402502","17","8","9","2"
"2024-10-15","2024-10-15 07:00:00 PM","Q58","W","504238","17","0","13","5"
"2024-10-15","2024-10-15 07:00:00 PM","B35","W","307947","17","27","15","4"
"2024-10-15","2024-10-15 09:00:00 PM","M101","N","402502","17","3","6","2"
"2024-10-15","2024-10-15 02:00:00 PM","BX19","S","101362","17","8","11","4"
"2024-10-15","2024-10-15 08:00:00 AM","BX19","N","101315","17","19","40","5"
"2024-10-15","2024-10-15 09:00:00 PM","Q58","E","503462","17","1","7","3"
"2024-10-15","2024-10-15 10:00:00 AM","S53","E","200646","17","2","1","1"
"2024-10-15","2024-10-15 11:00:00 PM","B46","S","303667","17","0","2","2"
"2024-10-15","2024-10-15 02:00:00 PM","B35","W","302750","17","4","0","2"
"2024-10-15","2024-10-15 07:00:00 PM","Q58","W","503518","17","2","4","2"
"2024-10-15","2024-10-15 10:00:00 AM","S53","W","203509","17","2","2","3"
"2024-10-15","2024-10-15 07:00:00 PM","B35","E","302710","17","8","18","4"
"2024-10-15","2024-10-15 07:00:00 PM","B35","E","302695","17","4","3","2"
"2024-10-15","2024-10-15 07:00:00 AM","S53","W","203509","17","1","0","1"
"2024-10-15","2024-10-15 12:00:00 PM","BX19","S","101362","17","20","8","2"
"2024-10-15","2024-10-15 02:00:00 PM","B35","W","307947","17","7","32","1"
"2024-10-15","2024-10-15 02:00:00 PM","S79+","N","203698","17","16","17","4"
"2024-10-15","2024-10-15 08:00:00 PM","S53","W","203509","17","0","4","3"
"2024-10-15","2024-10-15 01:00:00 PM","S53","W","203509","17","2","0","1"
"2024-10-15","2024-10-15 02:00:00 PM","Q58","E","503462","17","13","6","4"
"2024-10-15","2024-10-15 09:00:00 PM","Q58","W","503518","17","0","6","1"
"2024-10-15","2024-10-15 12:00:00 PM","BX19","N","101315","17","13","31","5"
"2024-10-15","2024-10-15 05:00:00 PM","Q58","E","503497","17","0","8","4"
"2024-10-15","2024-10-15 05:00:00 PM","Q58","E","503462","17","6","9","4"
"2024-10-15","2024-10-15 05:00:00 PM","B35","E","302695","17","1","11","3"
"2024-10-15","2024-10-15 01:00:00 PM","B46","N","303605","17","9","4","5"
"2024-10-15","2024-10-15 08:00:00 PM","S79+","N","203698","17","9","13","4"
"2024-10-15","2024-10-15 08:00:00 AM","S79+","N","203698","17","52","23","8"
"2024-10-15","2024-10-15 02:00:00 PM","Q58","E","503486","17","2","9","2"
"2024-10-15","2024-10-15 08:00:00 AM","B35","E","302695","17","7","9","4"
"2024-10-15","2024-10-15 08:00:00 AM","B35","E","302710","17","3","2","2"
"2024-10-15","2024-10-15 12:00:00 PM","B35","E","302710","17","1","2","3"
"2024-10-15","2024-10-15 10:00:00 AM","B35","E","302710","17","4","6","1"
"2024-10-15","2024-10-15 01:00:00 PM","S53","E","200646","17","2","1","2"
"2024-10-15","2024-10-15 07:00:00 AM","M15","N","404995","17","2","2","1"
"2024-10-15","2024-10-15 07:00:00 AM","S53","E","200646","17","1","0","1"
"2024-10-15","2024-10-15 12:00:00 PM","B35","E","302695","17","3","3","2"
"2024-10-15","2024-10-15 08:00:00 AM","B35","W","302761","17","19","29","2"
"2024-10-15","2024-10-15 08:00:00 AM","B35","W","302750","17","15","12","2"
"2024-10-15","2024-10-15 08:00:00 AM","B35","W","307947","17","26","38","4"
"2024-10-15","2024-10-15 01:00:00 PM","B46","S","303667","17","3","1","1"
"2024-10-15","2024-10-15 05:00:00 PM","S79+","N","203698","17","28","26","7"
"2024-10-15","2024-10-15 05:00:00 PM","BX19","N","101315","17","30","36","3"
"2024-10-15","2024-10-15 08:00:00 AM","S53","E","200646","17","2","4","3"
"2024-10-15","2024-10-15 07:00:00 PM","Q58","E","503462","17","1","9","5"
"2024-10-15","2024-10-15 07:00:00 PM","Q58","E","503497","17","1","29","6"
"2024-10-15","2024-10-15 10:00:00 AM","B35","W","302750","17","22","6","2"
"2024-10-15","2024-10-15 05:00:00 PM","S79+","S","200377","17","29","33","8"
"2024-10-15","2024-10-15 09:00:00 PM","Q58","W","504238","17","1","3","2"
"2024-10-15","2024-10-15 10:00:00 AM","B35","W","307947","17","19","36","5"
"2024-10-15","2024-10-15 08:00:00 PM","S79+","S","200377","17","14","6","3"
"2024-10-15","2024-10-15 11:00:00 AM","M15","S","401753","17","0","6","1"
"2024-10-15","2024-10-15 05:00:00 PM","B35","W","302750","17","18","15","3"
"2024-10-15","2024-10-15 09:00:00 PM","M15","N","401685","17","10","2","2"
"2024-10-15","2024-10-15 11:00:00 PM","B46","N","303605","17","0","1","1"
"2024-10-15","2024-10-15 06:00:00 PM","B46","N","303605","17","0","7","2"
"2024-10-15","2024-10-15 06:00:00 PM","B46","N","307086","17","2","3","1"
"2024-10-15","2024-10-15 04:00:00 PM","M15","S","401753","17","8","6","3"
"2024-10-15","2024-10-15 09:00:00 AM","B46","N","303605","17","2","1","2"
"2024-10-15","2024-10-15 08:00:00 AM","S53","W","203509","17","1","0","1"
"2024-10-15","2024-10-15 02:00:00 PM","BX19","N","101315","17","28","44","5"
"2024-10-15","2024-10-15 02:00:00 PM","B35","E","302710","17","4","7","3"
"2024-10-15","2024-10-15 05:00:00 PM","B35","W","307947","17","55","34","2"
"2024-10-15","2024-10-15 04:00:00 PM","S53","W","203509","17","1","5","2"
"2024-10-15","2024-10-15 07:00:00 PM","BX19","S","101362","17","3","10","2"
"2024-10-15","2024-10-15 09:00:00 PM","BX12","E","104545","17","1","3","0"
"2024-10-15","2024-10-15 11:00:00 PM","B35","W","302750","17","0","2","1"
"2024-10-15","2024-10-15 08:00:00 AM","S79+","S","200377","17","19","20","7"
"2024-10-15","2024-10-15 04:00:00 PM","M15","N","401685","17","0","4","1"
"2024-10-15","2024-10-15 10:00:00 AM","B46","N","303605","17","1","0","1"
"2024-10-15","2024-10-15 08:00:00 AM","BX19","S","101362","17","9","15","5"
"2024-10-15","2024-10-15 02:00:00 PM","Q58","E","503485","18","0","16","3"
"2024-10-15","2024-10-15 01:00:00 PM","S53","E","200715","18","2","0","1"
"2024-10-15","2024-10-15 01:00:00 PM","B46","S","307728","18","2","1","1"
"2024-10-15","2024-10-15 05:00:00 PM","B35","W","308083","18","8","9","3"
"2024-10-15","2024-10-15 01:00:00 PM","B46","N","303606","18","12","5","5"
"2024-10-15","2024-10-15 08:00:00 AM","B35","E","302711","18","5","0","2"
"2024-10-15","2024-10-15 08:00:00 AM","B35","E","302696","18","12","11","4"
"2024-10-15","2024-10-15 04:00:00 PM","M15","S","401754","18","4","0","3"
"2024-10-15","2024-10-15 05:00:00 PM","BX19","N","101316","18","7","6","1"
"2024-10-15","2024-10-15 02:00:00 PM","Q58","E","505108","18","2","2","3"
"2024-10-15","2024-10-15 05:00:00 PM","BX19","S","101363","18","17","27","4"
"2024-10-15","2024-10-15 12:00:00 PM","BX19","S","101363","18","19","17","3"
"2024-10-15","2024-10-15 12:00:00 PM","BX19","N","101316","18","6","21","5"
"2024-10-15","2024-10-15 05:00:00 PM","Q58","E","505108","18","1","1","2"
"2024-10-15","2024-10-15 05:00:00 PM","Q58","E","804059","18","1","59","5"
"2024-10-15","2024-10-15 12:00:00 PM","B35","E","302711","18","2","6","2"
"2024-10-15","2024-10-15 12:00:00 PM","B35","E","302696","18","18","9","2"
"2024-10-15","2024-10-15 08:00:00 PM","S53","W","203510","18","0","2","1"
"2024-10-15","2024-10-15 08:00:00 AM","B35","W","308083","18","8","8","3"
"2024-10-15","2024-10-15 05:00:00 PM","S79+","N","203700","18","25","12","7"
"2024-10-15","2024-10-15 05:00:00 PM","S79+","S","200382","18","5","25","8"
"2024-10-15","2024-10-15 09:00:00 PM","M15","N","401686","18","6","2","2"
"2024-10-15","2024-10-15 06:00:00 PM","B46","N","307668","18","0","15","1"
"2024-10-15","2024-10-15 06:00:00 PM","B46","N","303606","18","4","1","3"
"2024-10-15","2024-10-15 02:00:00 PM","B35","E","302711","18","1","16","3"
"2024-10-15","2024-10-15 02:00:00 PM","B35","E","302696","18","1","2","1"
"2024-10-15","2024-10-15 11:00:00 PM","B35","W","308083","18","0","1","1"
"2024-10-15","2024-10-15 09:00:00 PM","M101","S","402643","18","1","10","1"
"2024-10-15","2024-10-15 02:00:00 PM","BX19","S","101363","18","34","23","3"
"2024-10-15","2024-10-15 11:00:00 AM","M15","N","401686","18","6","2","2"
"2024-10-15","2024-10-15 07:00:00 AM","M15","S","401754","18","0","3","1"
"2024-10-15","2024-10-15 03:00:00 PM","M101","S","402643","18","0","2","1"
"2024-10-15","2024-10-15 06:00:00 PM","B46","S","307728","18","9","7","3"
"2024-10-15","2024-10-15 06:00:00 PM","B46","S","303696","18","4","10","2"
"2024-10-15","2024-10-15 06:00:00 PM","M101","N","402503","18","20","2","2"
"2024-10-15","2024-10-15 08:00:00 AM","BX19","N","101316","18","11","58","4"
"2024-10-15","2024-10-15 10:00:00 AM","S53","W","203510","18","0","1","1"
"2024-10-15","2024-10-15 07:00:00 PM","B35","E","302711","18","3","11","3"
"2024-10-15","2024-10-15 07:00:00 PM","B35","E","302696","18","6","5","4"
"2024-10-15","2024-10-15 08:00:00 PM","BX19","N","101316","18","17","33","3"
"2024-10-15","2024-10-15 02:00:00 PM","B35","W","308083","18","13","5","2"
"2024-10-15","2024-10-15 11:00:00 PM","B46","S","307728","18","8","5","4"
"2024-10-15","2024-10-15 09:00:00 PM","M101","N","402503","18","2","0","1"
"2024-10-15","2024-10-15 07:00:00 PM","B35","W","306874","18","1","5","3"
"2024-10-15","2024-10-15 07:00:00 PM","B35","W","308083","18","3","7","3"
"2024-10-15","2024-10-15 03:00:00 PM","M101","N","402503","18","10","3","1"
"2024-10-15","2024-10-15 10:00:00 AM","B46","S","307728","18","9","3","3"
"2024-10-15","2024-10-15 07:00:00 PM","BX19","N","101316","18","5","17","3"
"2024-10-15","2024-10-15 02:00:00 PM","S79+","S","200382","18","1","9","2"
"2024-10-15","2024-10-15 08:00:00 AM","BX19","S","101363","18","22","45","6"
"2024-10-15","2024-10-15 08:00:00 PM","BX19","S","101363","18","7","5","2"
"2024-10-15","2024-10-15 10:00:00 AM","B46","N","303606","18","1","0","1"
"2024-10-15","2024-10-15 07:00:00 PM","BX19","S","101363","18","7","6","2"
"2024-10-15","2024-10-15 08:00:00 PM","S79+","S","200382","18","0","14","5"
"2024-10-15","2024-10-15 02:00:00 PM","BX19","N","101316","18","10","30","3"
"2024-10-15","2024-10-15 11:00:00 PM","B46","N","303606","18","0","3","2"
"2024-10-15","2024-10-15 10:00:00 AM","B35","W","308083","18","10","7","3"
"2024-10-15","2024-10-15 10:00:00 AM","B35","W","306874","18","0","3","2"
"2024-10-15","2024-10-15 07:00:00 PM","Q58","E","505108","18","0","2","1"
"2024-10-15","2024-10-15 07:00:00 PM","Q58","E","804059","18","59","52","6"
"2024-10-15","2024-10-15 02:00:00 PM","Q58","E","503487","18","0","8","3"
"2024-10-15","2024-10-15 07:00:00 AM","M15","N","401694","18","2","3","1"
"2024-10-15","2024-10-15 10:00:00 AM","B35","E","302696","18","8","3","2"
"2024-10-15","2024-10-15 10:00:00 AM","B35","E","302711","18","0","1","1"
"2024-10-15","2024-10-15 08:00:00 AM","S53","W","203510","18","0","1","1"
"2024-10-15","2024-10-15 08:00:00 AM","S79+","N","203700","18","18","9","7"
"2024-10-15","2024-10-15 08:00:00 PM","S79+","N","203700","18","5","4","3"
"2024-10-15","2024-10-15 07:00:00 PM","Q58","W","503519","18","19","9","4"
"2024-10-15","2024-10-15 02:00:00 PM","S79+","N","203700","18","3","2","2"
"2024-10-15","2024-10-15 09:00:00 AM","B46","S","303696","18","1","7","1"
"2024-10-15","2024-10-15 09:00:00 AM","B46","S","307728","18","14","2","5"
"2024-10-15","2024-10-15 09:00:00 AM","B46","N","303606","18","3","1","2"
"2024-10-15","2024-10-15 08:00:00 AM","S79+","S","200382","18","5","2","3"
"2024-10-15","2024-10-15 09:00:00 PM","Q58","W","503519","18","7","7","3"
"2024-10-15","2024-10-15 04:00:00 PM","S53","W","203510","18","1","0","1"
"2024-10-15","2024-10-15 01:00:00 PM","M101","N","402503","18","13","1","1"
"2024-10-15","2024-10-15 05:00:00 PM","B35","E","302696","18","1","8","3"
"2024-10-15","2024-10-15 05:00:00 PM","B35","E","302711","18","0","11","2"
"2024-10-15","2024-10-15 07:00:00 AM","BX19","N","104099","18","7","2","1"
"2024-10-15","2024-10-15 07:00:00 AM","BX19","S","101363","18","7","13","3"
"2024-10-15","2024-10-15 08:00:00 AM","M101","N","402503","18","99","6","4"
"2024-10-15","2024-10-15 08:00:00 AM","M15","S","401754","18","6","0","2"
"2024-10-15","2024-10-15 09:00:00 AM","B35","E","302696","18","11","8","2"
"2024-10-15","2024-10-15 09:00:00 AM","B35","E","302711","18","0","3","2"
"2024-10-15","2024-10-15 09:00:00 AM","B35","W","306874","18","1","1","2"
"2024-10-15","2024-10-15 09:00:00 AM","B35","W","308083","18","6","6","2"
"2024-10-15","2024-10-15 09:00:00 AM","BX19","N","101316","18","11","18","3"
"2024-10-15","2024-10-15 09:00:00 AM","BX19","S","101363","18","2","1","1"
"2024-10-15","2024-10-15 09:00:00 AM","Q58","E","804059","18","21","140","5"
"2024-10-15","2024-10-15 09:00:00 AM","Q58","E","505108","18","3","4","2"
"2024-10-15","2024-10-15 09:00:00 AM","Q58","W","801052","18","0","1","1"
"2024-10-15","2024-10-15 09:00:00 AM","Q58","W","503519","18","4","3","4"
"2024-10-15","2024-10-15 10:00:00 AM","M101","S","402643","18","5","0","3"
"2024-10-15","2024-10-15 10:00:00 AM","M15","N","401694","18","1","3","1"
"2024-10-15","2024-10-15 10:00:00 AM","M15","S","401754","18","2","0","1"
"2024-10-15","2024-10-15 10:00:00 AM","S79+","N","203700","18","28","7","6"
"2024-10-15","2024-10-15 10:00:00 AM","S79+","S","200382","18","9","6","5"
"2024-10-15","2024-10-15 11:00:00 AM","BX19","N","101316","18","6","4","2"
"2024-10-15","2024-10-15 11:00:00 AM","BX19","S","101363","18","26","23","5"
"2024-10-15","2024-10-15 11:00:00 AM","Q58","E","503485","18","1","1","0"
"2024-10-15","2024-10-15 11:00:00 AM","Q58","E","804059","18","0","32","2"
"2024-10-15","2024-10-15 11:00:00 AM","Q58","E","505108","18","3","0","2"
"2024-10-15","2024-10-15 11:00:00 AM","Q58","W","503519","18","9","6","4"
"2024-10-15","2024-10-15 12:00:00 PM","B35","W","308083","18","4","3","2"
"2024-10-15","2024-10-15 12:00:00 PM","B46","N","303606","18","3","3","2"
"2024-10-15","2024-10-15 12:00:00 PM","B46","S","307728","18","7","6","3"
"2024-10-15","2024-10-15 12:00:00 PM","M101","N","402503","18","4","2","1"
"2024-10-15","2024-10-15 12:00:00 PM","S53","E","200715","18","0","2","1"
"2024-10-15","2024-10-15 12:00:00 PM","S53","W","203510","18","0","1","1"
"2024-10-15","2024-10-15 12:00:00 PM","S79+","N","203700","18","11","3","4"
"2024-10-15","2024-10-15 12:00:00 PM","S79+","S","200382","18","4","11","3"
"2024-10-15","2024-10-15 01:00:00 PM","S79+","N","203700","18","19","33","5"
"2024-10-15","2024-10-15 01:00:00 PM","S79+","S","200382","18","2","9","4"
"2024-10-15","2024-10-15 02:00:00 PM","M15","N","401686","18","0","4","1"
"2024-10-15","2024-10-15 02:00:00 PM","M15","N","401694","18","7","3","1"
"2024-10-15","2024-10-15 02:00:00 PM","M15","S","401754","18","1","3","1"
"2024-10-15","2024-10-15 02:00:00 PM","S53","W","200312","18","0","9","3"
"2024-10-15","2024-10-15 02:00:00 PM","S53","W","203510","18","0","2","2"
"2024-10-15","2024-10-15 03:00:00 PM","B35","W","308083","18","3","5","3"
"2024-10-15","2024-10-15 03:00:00 PM","B46","N","303606","18","10","2","3"
"2024-10-15","2024-10-15 03:00:00 PM","B46","S","307728","18","31","18","6"
"2024-10-15","2024-10-15 03:00:00 PM","BX19","N","101316","18","16","27","4"
"2024-10-15","2024-10-15 03:00:00 PM","BX19","S","101363","18","3","7","2"
"2024-10-15","2024-10-15 03:00:00 PM","Q58","E","503485","18","1","11","2"
"2024-10-15","2024-10-15 03:00:00 PM","Q58","E","505108","18","1","3","1"
"2024-10-15","2024-10-15 03:00:00 PM","Q58","W","503519","18","40","39","7"
"2024-10-15","2024-10-15 03:00:00 PM","S79+","N","203700","18","17","37","6"
"2024-10-15","2024-10-15 03:00:00 PM","S79+","S","200382","18","0","7","1"
"2024-10-15","2024-10-15 04:00:00 PM","B46","N","303610","18","8","3","1"
"2024-10-15","2024-10-15 04:00:00 PM","B46","N","303606","18","5","4","4"
"2024-10-15","2024-10-15 04:00:00 PM","B46","S","307728","18","9","15","4"
"2024-10-15","2024-10-15 04:00:00 PM","Q58","E","505108","18","4","7","6"
"2024-10-15","2024-10-15 04:00:00 PM","Q58","E","804059","18","2","88","4"
"2024-10-15","2024-10-15 04:00:00 PM","Q58","W","503519","18","38","29","9"
"2024-10-15","2024-10-15 05:00:00 PM","M101","N","402503","18","29","3","1"
"2024-10-15","2024-10-15 05:00:00 PM","M15","N","401694","18","1","1","1"
"2024-10-15","2024-10-15 05:00:00 PM","Q58","W","503519","18","19","21","5"
"2024-10-15","2024-10-15 06:00:00 PM","M15","N","401694","18","2","4","2"
"2024-10-15","2024-10-15 06:00:00 PM","S53","W","203510","18","0","2","1"
"2024-10-15","2024-10-15 06:00:00 PM","S79+","N","203700","18","18","6","5"
"2024-10-15","2024-10-15 06:00:00 PM","S79+","S","200382","18","1","14","5"
"2024-10-15","2024-10-15 07:00:00 PM","B46","N","303606","18","2","4","2"
"2024-10-15","2024-10-15 07:00:00 PM","B46","S","303696","18","5","9","3"
"2024-10-15","2024-10-15 07:00:00 PM","B46","S","307728","18","2","2","2"
"2024-10-15","2024-10-15 08:00:00 PM","B35","E","302696","18","2","2","2"
"2024-10-15","2024-10-15 08:00:00 PM","B35","E","302711","18","0","8","2"
"2024-10-15","2024-10-15 08:00:00 PM","B35","W","308083","18","1","3","2"
"2024-10-15","2024-10-15 08:00:00 PM","B46","N","303606","18","0","1","1"
"2024-10-15","2024-10-15 08:00:00 PM","B46","S","303696","18","0","4","1"
"2024-10-15","2024-10-15 08:00:00 PM","B46","S","307728","18","14","10","6"
"2024-10-15","2024-10-15 08:00:00 PM","M101","N","402503","18","22","0","1"
"2024-10-15","2024-10-15 09:00:00 PM","BX19","N","101316","18","0","6","1"
"2024-10-15","2024-10-15 09:00:00 PM","BX19","S","101363","18","0","3","1"
"2024-10-15","2024-10-15 10:00:00 PM","B35","E","302711","18","0","2","1"
"2024-10-15","2024-10-15 10:00:00 PM","B35","W","306874","18","2","0","2"
"2024-10-15","2024-10-15 10:00:00 PM","B35","W","308083","18","1","0","1"
"2024-10-15","2024-10-15 10:00:00 PM","B46","S","307728","18","5","4","4"
"2024-10-15","2024-10-15 10:00:00 PM","M101","S","402643","18","0","1","1"
"2024-10-15","2024-10-15 10:00:00 PM","M15","S","401754","18","1","1","1"
"2024-10-15","2024-10-15 10:00:00 PM","S53","W","203510","18","0","3","1"
"2024-10-15","2024-10-15 10:00:00 PM","S79+","N","203700","18","8","1","3"
"2024-10-15","2024-10-15 10:00:00 PM","S79+","S","200382","18","0","6","3"
"2024-10-15","2024-10-15 11:00:00 PM","M101","N","405488","18","4","0","1"
"2024-10-15","2024-10-15 11:00:00 PM","S79+","N","203700","18","0","2","1"
"2024-10-15","2024-10-15 11:00:00 PM","S79+","S","200382","18","0","1","1"
"2024-10-15","2024-10-15 11:00:00 AM","B35","W","306874","18","0","1","1"
"2024-10-15","2024-10-15 11:00:00 AM","B35","W","308083","18","2","6","3"
"2024-10-15","2024-10-15 12:00:00 AM","BX12","E","100811","18","0","3","1"
"2024-10-15","2024-10-15 02:00:00 AM","B46","N","303606","18","1","0","1"
"2024-10-15","2024-10-15 08:00:00 PM","Q58","E","804059","18","39","44","4"
"2024-10-15","2024-10-15 09:00:00 PM","B46","N","303606","18","3","0","2"
"2024-10-15","2024-10-15 01:00:00 PM","Q58","E","505108","18","7","6","6"
"2024-10-15","2024-10-15 09:00:00 AM","M101","S","402643","18","2","4","2"
"2024-10-15","2024-10-15 02:00:00 PM","Q58","W","503545","18","1","5","1"
"2024-10-15","2024-10-15 05:00:00 AM","Q58","W","503519","18","5","1","2"
"2024-10-15","2024-10-15 04:00:00 PM","B35","W","308083","18","5","17","3"
"2024-10-15","2024-10-15 09:00:00 AM","S79+","N","203700","18","29","5","4"
"2024-10-15","2024-10-15 09:00:00 AM","S79+","S","200382","18","4","5","7"
"2024-10-15","2024-10-15 09:00:00 PM","S79+","N","203700","18","9","2","2"
"2024-10-15","2024-10-15 12:00:00 PM","M15","S","401754","18","3","1","3"
"2024-10-15","2024-10-15 10:00:00 PM","Q58","W","503519","18","5","7","4"
"2024-10-15","2024-10-15 06:00:00 PM","B35","W","308083","18","0","8","3"
"2024-10-15","2024-10-15 11:00:00 PM","Q58","W","503519","18","5","3","4"
"2024-10-15","2024-10-15 06:00:00 AM","Q58","E","505108","18","2","0","2"
"2024-10-15","2024-10-15 09:00:00 AM","M101","N","402503","18","37","3","1"
"2024-10-15","2024-10-15 06:00:00 AM","Q58","E","804059","18","7","176","9"
"2024-10-15","2024-10-15 09:00:00 AM","S53","W","203510","18","0","1","0"
"2024-10-15","2024-10-15 07:00:00 AM","B46","S","307728","18","34","19","5"
"2024-10-15","2024-10-15 06:00:00 PM","BX19","N","101316","18","9","19","4"
"2024-10-15","2024-10-15 06:00:00 AM","Q58","E","503473","18","4","1","2"
"2024-10-15","2024-10-15 02:00:00 PM","B46","N","303606","18","12","6","4"
"2024-10-15","2024-10-15 08:00:00 PM","Q58","E","505108","18","3","5","4"
"2024-10-15","2024-10-15 06:00:00 PM","BX19","S","101363","18","8","11","2"
"2024-10-15","2024-10-15 06:00:00 AM","S79+","N","203700","18","31","3","9"
"2024-10-15","2024-10-15 11:00:00 AM","B35","E","302696","18","25","9","3"
"2024-10-15","2024-10-15 01:00:00 PM","B35","E","302696","18","3","2","2"
"2024-10-15","2024-10-15 05:00:00 AM","Q58","E","505108","18","3","0","3"
"2024-10-15","2024-10-15 09:00:00 PM","B46","S","303696","18","2","0","1"
"2024-10-15","2024-10-15 01:00:00 AM","M101","S","402643","18","2","1","1"
"2024-10-15","2024-10-15 02:00:00 PM","B46","S","307728","18","9","9","3"
"2024-10-15","2024-10-15 06:00:00 AM","B46","N","303606","18","8","0","4"
"2024-10-15","2024-10-15 11:00:00 AM","S79+","N","203700","18","9","11","4"
"2024-10-15","2024-10-15 06:00:00 PM","B35","E","302711","18","4","3","2"
"2024-10-15","2024-10-15 09:00:00 PM","B46","S","307728","18","3","3","3"
"2024-10-15","2024-10-15 10:00:00 AM","BX19","S","101363","18","18","33","5"
"2024-10-15","2024-10-15 04:00:00 PM","B35","E","302711","18","7","7","3"
"2024-10-15","2024-10-15 07:00:00 PM","M15","S","401754","18","2","2","2"
"2024-10-15","2024-10-15 05:00:00 AM","S79+","N","203700","18","13","1","3"
"2024-10-15","2024-10-15 07:00:00 AM","S79+","N","203700","18","49","3","10"
"2024-10-15","2024-10-15 05:00:00 AM","Q58","E","804059","18","0","26","3"
"2024-10-15","2024-10-15 09:00:00 PM","S79+","S","200382","18","0","3","1"
"2024-10-15","2024-10-15 04:00:00 PM","B35","E","302696","18","26","34","7"
"2024-10-15","2024-10-15 03:00:00 PM","B35","E","302696","18","11","14","3"
"2024-10-15","2024-10-15 03:00:00 PM","B35","E","302711","18","2","14","4"
"2024-10-15","2024-10-15 01:00:00 PM","B35","W","306874","18","1","0","1"
"2024-10-15","2024-10-15 06:00:00 AM","S79+","S","200382","18","0","1","1"
"2024-10-15","2024-10-15 08:00:00 AM","Q58","E","804059","18","7","200","8"
"2024-10-15","2024-10-15 04:00:00 AM","BX19","S","101363","18","0","1","1"
"2024-10-15","2024-10-15 01:00:00 PM","BX19","S","101363","18","10","5","3"
"2024-10-15","2024-10-15 01:00:00 PM","B35","W","308083","18","8","2","4"
"2024-10-15","2024-10-15 10:00:00 AM","BX19","N","101316","18","4","6","3"
"2024-10-15","2024-10-15 12:00:00 PM","Q58","E","505108","18","1","2","2"
"2024-10-15","2024-10-15 04:00:00 AM","Q58","W","503519","18","3","0","1"
"2024-10-15","2024-10-15 07:00:00 AM","B35","W","306874","18","2","0","1"
"2024-10-15","2024-10-15 05:00:00 AM","B46","N","303606","18","6","0","3"
"2024-10-15","2024-10-15 05:00:00 PM","B46","N","303606","18","10","4","3"
"2024-10-15","2024-10-15 06:00:00 PM","Q58","E","505108","18","1","4","3"
"2024-10-15","2024-10-15 08:00:00 AM","Q58","W","503519","18","47","87","9"
"2024-10-15","2024-10-15 12:00:00 PM","Q58","E","804059","18","1","19","1"
"2024-10-15","2024-10-15 07:00:00 AM","B35","W","308083","18","15","8","3"
"2024-10-15","2024-10-15 06:00:00 AM","B46","S","307728","18","11","2","4"
"2024-10-15","2024-10-15 07:00:00 AM","S79+","S","200382","18","4","7","3"
"2024-10-15","2024-10-15 05:00:00 PM","B46","S","303696","18","0","14","1"
"2024-10-15","2024-10-15 06:00:00 PM","Q58","E","804059","18","38","83","7"
"2024-10-15","2024-10-15 08:00:00 PM","Q58","W","503519","18","5","14","5"
"2024-10-15","2024-10-15 06:00:00 AM","B35","W","308083","18","5","0","1"
"2024-10-15","2024-10-15 03:00:00 AM","B46","S","307728","18","1","0","1"
"2024-10-15","2024-10-15 07:00:00 PM","S79+","N","203700","18","13","7","3"
"2024-10-15","2024-10-15 10:00:00 AM","Q58","W","503545","18","0","1","0"
"2024-10-15","2024-10-15 05:00:00 PM","S53","W","203510","18","0","5","2"
"2024-10-15","2024-10-15 04:00:00 AM","B46","N","303606","18","5","0","2"
"2024-10-15","2024-10-15 10:00:00 PM","Q58","E","505108","18","0","2","1"
"2024-10-15","2024-10-15 07:00:00 AM","Q58","W","503519","18","62","20","6"
"2024-10-15","2024-10-15 05:00:00 PM","B46","S","307728","18","9","2","4"
"2024-10-15","2024-10-15 04:00:00 AM","S79+","N","203700","18","3","1","2"
"2024-10-15","2024-10-15 09:00:00 PM","S53","W","203510","18","1","0","1"
"2024-10-15","2024-10-15 07:00:00 AM","B35","E","302696","18","11","21","5"
"2024-10-15","2024-10-15 01:00:00 PM","Q58","W","503545","18","1","6","0"
"2024-10-15","2024-10-15 03:00:00 PM","S53","E","200715","18","1","0","1"
"2024-10-15","2024-10-15 05:00:00 AM","B46","S","307728","18","6","0","2"
"2024-10-15","2024-10-15 07:00:00 AM","BX19","N","101316","18","0","3","1"
"2024-10-15","2024-10-15 01:00:00 PM","Q58","W","503519","18","16","10","5"
"2024-10-15","2024-10-15 05:00:00 AM","B35","W","308083","18","1","0","1"
"2024-10-15","2024-10-15 11:00:00 AM","B46","N","303606","18","17","5","5"
"2024-10-15","2024-10-15 11:00:00 PM","BX19","N","104099","18","0","2","1"
"2024-10-15","2024-10-15 09:00:00 AM","M15","S","401754","18","2","0","1"
"2024-10-15","2024-10-15 06:00:00 AM","BX19","S","101363","18","2","12","3"
"2024-10-15","2024-10-15 07:00:00 AM","BX19","N","101332","18","14","7","1"
"2024-10-15","2024-10-15 08:00:00 AM","B46","S","303696","18","8","28","6"
"2024-10-15","2024-10-15 08:00:00 AM","B46","S","307728","18","10","7","4"
"2024-10-15","2024-10-15 06:00:00 PM","Q58","W","503519","18","17","10","6"
"2024-10-15","2024-10-15 06:00:00 PM","Q58","W","801052","18","1","5","2"
"2024-10-15","2024-10-15 12:00:00 AM","Q58","W","503519","18","0","3","2"
"2024-10-15","2024-10-15 01:00:00 PM","BX19","N","101316","18","3","22","2"
"2024-10-15","2024-10-15 02:00:00 PM","M101","S","402643","18","6","8","2"
"2024-10-15","2024-10-15 11:00:00 AM","S79+","S","200382","18","3","6","3"
"2024-10-15","2024-10-15 05:00:00 AM","BX19","N","104099","18","0","2","1"
"2024-10-15","2024-10-15 08:00:00 AM","Q58","E","505108","18","9","1","4"
"2024-10-15","2024-10-15 12:00:00 PM","Q58","W","503519","18","8","5","5"
"2024-10-15","2024-10-15 04:00:00 PM","S79+","N","203700","18","41","22","9"
"2024-10-15","2024-10-15 04:00:00 AM","B46","S","307728","18","4","0","2"
"2024-10-15","2024-10-15 02:00:00 PM","M101","N","402503","18","21","1","1"
"2024-10-15","2024-10-15 02:00:00 PM","Q58","W","503519","18","47","26","7"
"2024-10-15","2024-10-15 04:00:00 PM","BX19","N","101316","18","22","47","4"
"2024-10-15","2024-10-15 08:00:00 AM","B46","N","303606","18","3","2","2"
"2024-10-15","2024-10-15 08:00:00 AM","B46","N","303610","18","2","1","1"
"2024-10-15","2024-10-15 08:00:00 AM","B46","N","307668","18","1","22","1"
"2024-10-15","2024-10-15 04:00:00 PM","S79+","S","200382","18","6","16","6"
"2024-10-15","2024-10-15 06:00:00 AM","M101","S","402838","18","1","0","1"
"2024-10-15","2024-10-15 10:00:00 AM","Q58","W","503519","18","17","7","6"
"2024-10-15","2024-10-15 06:00:00 PM","B35","E","302696","18","11","19","1"
"2024-10-15","2024-10-15 03:00:00 AM","Q58","W","503519","18","2","0","1"
"2024-10-15","2024-10-15 12:00:00 AM","B46","S","307728","18","6","1","1"
"2024-10-15","2024-10-15 07:00:00 AM","B46","N","307668","18","0","58","2"
"2024-10-15","2024-10-15 11:00:00 AM","B46","S","307728","18","8","4","3"
"2024-10-15","2024-10-15 12:00:00 PM","Q58","W","801052","18","0","5","0"
"2024-10-15","2024-10-15 10:00:00 PM","BX19","S","101363","18","8","0","2"
"2024-10-15","2024-10-15 04:00:00 PM","BX19","S","101363","18","12","17","4"
"2024-10-15","2024-10-15 09:00:00 AM","M15","N","401694","18","0","3","1"
"2024-10-15","2024-10-15 07:00:00 PM","S79+","S","200382","18","13","21","6"
"2024-10-15","2024-10-15 06:00:00 AM","Q58","W","503519","18","25","1","4"
"2024-10-15","2024-10-15 04:00:00 AM","Q58","E","505108","18","4","0","2"
"2024-10-15","2024-10-15 08:00:00 PM","M15","N","401694","18","1","0","1"
"2024-10-15","2024-10-15 07:00:00 PM","M101","S","402643","18","1","1","1"
"2024-10-15","2024-10-15 07:00:00 AM","B35","E","302711","18","2","2","1"
"2024-10-15","2024-10-15 09:00:00 PM","B35","W","308083","18","0","1","1"
"2024-10-15","2024-10-15 06:00:00 AM","B35","E","302711","18","0","1","1"
"2024-10-15","2024-10-15 06:00:00 AM","B35","E","302696","18","9","4","2"
"2024-10-15","2024-10-15 07:00:00 AM","Q58","E","804059","18","22","196","8"
"2024-10-15","2024-10-15 07:00:00 AM","B46","N","303606","18","12","9","4"
"2024-10-15","2024-10-15 07:00:00 AM","B46","N","303610","18","11","0","3"
"2024-10-15","2024-10-15 09:00:00 PM","B35","E","302711","18","0","12","2"
"2024-10-15","2024-10-15 10:00:00 AM","Q58","E","505108","18","1","0","1"
"2024-10-15","2024-10-15 10:00:00 AM","Q58","E","804059","18","3","131","4"
"2024-10-15","2024-10-15 10:00:00 AM","Q58","E","503485","18","0","2","0"
"2024-10-15","2024-10-15 07:00:00 AM","Q58","E","505108","18","11","1","6"
"2024-10-15","2024-10-15 06:00:00 AM","M101","S","402643","18","3","2","2"
"2024-10-15","2024-10-15 12:00:00 AM","S79+","S","805165","19","0","3","1"
"2024-10-15","2024-10-15 09:00:00 PM","B46","N","303607","19","1","3","3"
"2024-10-15","2024-10-15 12:00:00 AM","B46","S","303670","19","1","0","1"
"2024-10-15","2024-10-15 09:00:00 PM","B46","S","303670","19","1","0","1"
"2024-10-15","2024-10-15 05:00:00 AM","Q58","W","503520","19","1","0","1"
"2024-10-15","2024-10-15 05:00:00 AM","S53","W","203511","19","1","1","2"
"2024-10-15","2024-10-15 05:00:00 AM","B46","N","303607","19","7","1","5"
"2024-10-15","2024-10-15 05:00:00 AM","S79+","N","200660","19","3","1","3"
"2024-10-15","2024-10-15 05:00:00 AM","S79+","S","805165","19","0","5","1"
"2024-10-15","2024-10-15 06:00:00 AM","B35","E","302714","19","1","3","1"
"2024-10-15","2024-10-15 06:00:00 AM","B35","E","302699","19","7","10","1"
"2024-10-15","2024-10-15 06:00:00 AM","B35","W","302753","19","2","0","2"
"2024-10-15","2024-10-15 06:00:00 AM","B46","N","303607","19","17","2","5"
"2024-10-15","2024-10-15 06:00:00 AM","B46","N","303612","19","10","3","1"
"2024-10-15","2024-10-15 06:00:00 AM","B46","S","303670","19","1","0","1"
"2024-10-15","2024-10-15 04:00:00 AM","S79+","N","200660","19","3","1","1"
"2024-10-15","2024-10-15 06:00:00 AM","BX19","S","101364","19","2","4","2"
"2024-10-15","2024-10-15 06:00:00 AM","M101","S","402644","19","3","3","2"
"2024-10-15","2024-10-15 06:00:00 AM","M101","S","402839","19","1","0","1"
"2024-10-15","2024-10-15 04:00:00 AM","S53","W","203511","19","0","2","1"
"2024-10-15","2024-10-15 06:00:00 AM","Q58","E","503475","19","5","0","3"
"2024-10-15","2024-10-15 06:00:00 AM","Q58","E","503464","19","1","0","1"
"2024-10-15","2024-10-15 05:00:00 AM","M15","N","401687","19","14","1","1"
"2024-10-15","2024-10-15 06:00:00 AM","Q58","W","901025","19","7","19","2"
"2024-10-15","2024-10-15 06:00:00 AM","Q58","W","503520","19","0","1","1"
"2024-10-15","2024-10-15 10:00:00 PM","Q58","W","503520","19","2","1","2"
"2024-10-15","2024-10-15 06:00:00 AM","S53","E","202603","19","7","0","1"
"2024-10-15","2024-10-15 06:00:00 AM","S79+","N","200660","19","18","5","6"
"2024-10-15","2024-10-15 05:00:00 AM","B46","S","303670","19","2","0","1"
"2024-10-15","2024-10-15 06:00:00 AM","S79+","S","805165","19","0","15","3"
"2024-10-15","2024-10-15 07:00:00 AM","B35","E","302714","19","4","8","1"
"2024-10-15","2024-10-15 07:00:00 AM","B35","E","302699","19","25","18","4"
"2024-10-15","2024-10-15 04:00:00 AM","Q58","E","503464","19","3","0","2"
"2024-10-15","2024-10-15 07:00:00 AM","B35","W","302753","19","11","10","3"
"2024-10-15","2024-10-15 07:00:00 AM","B35","W","302771","19","0","2","1"
"2024-10-15","2024-10-15 07:00:00 AM","B35","W","302764","19","1","0","1"
"2024-10-15","2024-10-15 07:00:00 AM","B46","N","303607","19","12","1","5"
"2024-10-15","2024-10-15 07:00:00 AM","B46","N","303612","19","7","5","3"
"2024-10-15","2024-10-15 05:00:00 AM","M101","N","402510","19","0","3","1"
"2024-10-15","2024-10-15 07:00:00 AM","B46","S","303670","19","1","2","2"
"2024-10-15","2024-10-15 04:00:00 AM","M101","N","405480","19","2","0","1"
"2024-10-15","2024-10-15 04:00:00 AM","BX19","S","101364","19","0","1","1"
"2024-10-15","2024-10-15 07:00:00 AM","Q58","E","503464","19","1","3","2"
"2024-10-15","2024-10-15 07:00:00 AM","Q58","W","901025","19","1","80","5"
"2024-10-15","2024-10-15 07:00:00 AM","Q58","W","503520","19","2","0","2"
"2024-10-15","2024-10-15 07:00:00 AM","S79+","N","200660","19","38","11","9"
"2024-10-15","2024-10-15 07:00:00 AM","S79+","S","805165","19","18","28","8"
"2024-10-15","2024-10-15 04:00:00 AM","B46","N","303607","19","9","0","3"
"2024-10-15","2024-10-15 08:00:00 AM","B46","N","303612","19","19","4","2"
"2024-10-15","2024-10-15 08:00:00 AM","B46","N","303607","19","12","4","5"
"2024-10-15","2024-10-15 08:00:00 AM","B46","S","303670","19","0","2","1"
"2024-10-15","2024-10-15 08:00:00 AM","B46","S","303697","19","2","0","1"
"2024-10-15","2024-10-15 04:00:00 AM","B35","W","302753","19","1","0","1"
"2024-10-15","2024-10-15 11:00:00 PM","BX19","N","101320","19","2","1","2"
"2024-10-15","2024-10-15 08:00:00 AM","Q58","E","503464","19","2","0","2"
"2024-10-15","2024-10-15 08:00:00 AM","Q58","W","901025","19","5","81","12"
"2024-10-15","2024-10-15 08:00:00 AM","Q58","W","503520","19","3","8","6"
"2024-10-15","2024-10-15 09:00:00 AM","M101","N","402504","19","5","0","1"
"2024-10-15","2024-10-15 09:00:00 AM","M101","S","402644","19","7","2","1"
"2024-10-15","2024-10-15 09:00:00 AM","M15","N","403480","19","3","7","1"
"2024-10-15","2024-10-15 09:00:00 AM","M15","S","401755","19","2","0","1"
"2024-10-15","2024-10-15 09:00:00 AM","S53","E","202603","19","0","8","2"
"2024-10-15","2024-10-15 09:00:00 AM","S53","W","203511","19","0","6","0"
"2024-10-15","2024-10-15 09:00:00 AM","S79+","N","200660","19","12","7","5"
"2024-10-15","2024-10-15 09:00:00 AM","S79+","S","805165","19","23","21","9"
"2024-10-15","2024-10-15 10:00:00 AM","BX19","N","101318","19","7","15","5"
"2024-10-15","2024-10-15 10:00:00 AM","BX19","S","101364","19","22","5","5"
"2024-10-15","2024-10-15 10:00:00 AM","Q58","E","503486","19","1","0","0"
"2024-10-15","2024-10-15 03:00:00 AM","M101","S","402644","19","1","0","1"
"2024-10-15","2024-10-15 10:00:00 AM","Q58","W","503520","19","0","1","1"
"2024-10-15","2024-10-15 10:00:00 AM","Q58","W","504107","19","1","2","0"
"2024-10-15","2024-10-15 10:00:00 AM","Q58","W","901025","19","1","28","5"
"2024-10-15","2024-10-15 11:00:00 AM","B35","E","302699","19","46","20","3"
"2024-10-15","2024-10-15 11:00:00 AM","B35","E","302714","19","1","6","1"
"2024-10-15","2024-10-15 11:00:00 AM","B35","W","302753","19","9","5","3"
"2024-10-15","2024-10-15 11:00:00 AM","B35","W","302771","19","1","0","1"
"2024-10-15","2024-10-15 03:00:00 AM","B46","N","303607","19","3","0","1"
"2024-10-15","2024-10-15 11:00:00 AM","B46","N","303607","19","10","9","5"
"2024-10-15","2024-10-15 11:00:00 AM","B46","S","303670","19","0","2","1"
"2024-10-15","2024-10-15 11:00:00 AM","S53","E","202603","19","0","1","1"
"2024-10-15","2024-10-15 11:00:00 AM","S53","W","203511","19","0","2","1"
"2024-10-15","2024-10-15 11:00:00 AM","S79+","N","200660","19","11","19","4"
"2024-10-15","2024-10-15 11:00:00 AM","S79+","S","805165","19","13","27","7"
"2024-10-15","2024-10-15 12:00:00 PM","M15","N","401687","19","6","1","1"
"2024-10-15","2024-10-15 10:00:00 PM","Q58","E","503464","19","1","0","1"
"2024-10-15","2024-10-15 12:00:00 PM","M15","S","401755","19","7","3","3"
"2024-10-15","2024-10-15 02:00:00 AM","Q58","W","503520","19","0","1","1"
"2024-10-15","2024-10-15 12:00:00 PM","Q58","E","503464","19","1","0","1"
"2024-10-15","2024-10-15 05:00:00 AM","Q58","E","503464","19","2","0","2"
"2024-10-15","2024-10-15 12:00:00 PM","Q58","W","504107","19","0","4","0"
"2024-10-15","2024-10-15 12:00:00 PM","Q58","W","901025","19","2","7","1"
"2024-10-15","2024-10-15 12:00:00 PM","Q58","W","503520","19","3","1","2"
"2024-10-15","2024-10-15 10:00:00 PM","BX19","S","101364","19","0","2","1"
"2024-10-15","2024-10-15 01:00:00 PM","B35","E","302714","19","1","3","2"
"2024-10-15","2024-10-15 01:00:00 PM","B35","E","302699","19","18","6","2"
"2024-10-15","2024-10-15 01:00:00 PM","B35","W","302753","19","14","16","5"
"2024-10-15","2024-10-15 01:00:00 PM","BX19","N","101318","19","12","15","2"
"2024-10-15","2024-10-15 01:00:00 PM","BX19","S","101364","19","4","10","3"
"2024-10-15","2024-10-15 01:00:00 PM","Q58","E","503464","19","3","1","3"
"2024-10-15","2024-10-15 01:00:00 PM","Q58","W","503520","19","3","4","3"
"2024-10-15","2024-10-15 10:00:00 PM","BX19","N","101318","19","1","1","1"
"2024-10-15","2024-10-15 02:00:00 AM","B35","W","302753","19","0","1","1"
"2024-10-15","2024-10-15 02:00:00 PM","B46","N","303610","19","0","7","1"
"2024-10-15","2024-10-15 02:00:00 PM","B46","N","303607","19","4","7","3"
"2024-10-15","2024-10-15 09:00:00 PM","S79+","S","805165","19","0","8","3"
"2024-10-15","2024-10-15 02:00:00 PM","B46","S","303670","19","0","4","2"
"2024-10-15","2024-10-15 02:00:00 PM","M101","N","402504","19","1","0","1"
"2024-10-15","2024-10-15 01:00:00 AM","S53","W","203511","19","1","0","1"
"2024-10-15","2024-10-15 02:00:00 PM","M101","S","402644","19","8","14","2"
"2024-10-15","2024-10-15 02:00:00 PM","Q58","W","504107","19","1","17","1"
"2024-10-15","2024-10-15 02:00:00 PM","Q58","W","503520","19","11","2","5"
"2024-10-15","2024-10-15 12:00:00 AM","B46","N","303607","19","1","5","2"
"2024-10-15","2024-10-15 03:00:00 PM","B35","E","302714","19","22","47","4"
"2024-10-15","2024-10-15 03:00:00 PM","B35","E","302699","19","44","29","3"
"2024-10-15","2024-10-15 09:00:00 PM","S79+","N","200660","19","2","9","1"
"2024-10-15","2024-10-15 03:00:00 PM","S53","E","202603","19","0","5","3"
"2024-10-15","2024-10-15 03:00:00 PM","S53","W","203511","19","0","5","1"
"2024-10-15","2024-10-15 12:00:00 AM","B35","E","302695","19","2","0","1"
"2024-10-15","2024-10-15 04:00:00 PM","B35","E","302714","19","5","22","4"
"2024-10-15","2024-10-15 04:00:00 PM","B35","E","302699","19","62","42","6"
"2024-10-15","2024-10-15 01:00:00 AM","M101","S","402644","19","3","1","1"
"2024-10-15","2024-10-15 04:00:00 PM","B35","W","302753","19","9","11","3"
"2024-10-15","2024-10-15 04:00:00 PM","B35","W","302771","19","1","2","1"
"2024-10-15","2024-10-15 04:00:00 PM","BX19","N","101318","19","16","43","3"
"2024-10-15","2024-10-15 04:00:00 PM","BX19","S","101364","19","4","10","4"
"2024-10-15","2024-10-15 04:00:00 PM","S79+","N","200660","19","29","55","8"
"2024-10-15","2024-10-15 04:00:00 PM","S79+","S","805165","19","6","64","6"
"2024-10-15","2024-10-15 05:00:00 PM","B46","N","303607","19","2","13","3"
"2024-10-15","2024-10-15 09:00:00 PM","S53","W","203511","19","4","0","1"
"2024-10-15","2024-10-15 05:00:00 PM","B46","S","303670","19","1","7","3"
"2024-10-15","2024-10-15 05:00:00 PM","S53","W","203511","19","11","7","5"
"2024-10-15","2024-10-15 01:00:00 AM","B46","N","303607","19","0","1","1"
"2024-10-15","2024-10-15 06:00:00 PM","B35","E","302699","19","25","24","2"
"2024-10-15","2024-10-15 06:00:00 PM","B35","E","302714","19","2","8","1"
"2024-10-15","2024-10-15 01:00:00 AM","B35","W","302753","19","0","2","1"
"2024-10-15","2024-10-15 06:00:00 PM","B35","W","302753","19","4","5","3"
"2024-10-15","2024-10-15 06:00:00 PM","B35","W","302771","19","3","2","2"
"2024-10-15","2024-10-15 06:00:00 PM","BX19","N","101318","19","19","23","4"
"2024-10-15","2024-10-15 06:00:00 PM","BX19","S","101364","19","7","7","2"
"2024-10-15","2024-10-15 06:00:00 PM","Q58","W","901025","19","2","40","7"
"2024-10-15","2024-10-15 06:00:00 PM","Q58","W","503520","19","5","4","3"
"2024-10-15","2024-10-15 06:00:00 PM","Q58","W","504107","19","0","5","0"
"2024-10-15","2024-10-15 07:00:00 PM","M101","S","402644","19","5","3","2"
"2024-10-15","2024-10-15 09:00:00 PM","S53","E","202603","19","1","0","1"
"2024-10-15","2024-10-15 07:00:00 PM","M15","S","401755","19","1","5","2"
"2024-10-15","2024-10-15 07:00:00 PM","S79+","N","200660","19","6","21","4"
"2024-10-15","2024-10-15 07:00:00 PM","S79+","S","805165","19","9","32","7"
"2024-10-15","2024-10-15 08:00:00 PM","M15","N","403480","19","2","0","1"
"2024-10-15","2024-10-15 08:00:00 PM","Q58","E","503464","19","0","2","2"
"2024-10-15","2024-10-15 08:00:00 PM","Q58","W","901025","19","0","25","6"
"2024-10-15","2024-10-15 09:00:00 PM","B35","E","302714","19","0","9","2"
"2024-10-15","2024-10-15 09:00:00 PM","B35","W","302753","19","1","4","3"
"2024-10-15","2024-10-15 09:00:00 PM","B35","W","302771","19","1","0","1"
"2024-10-15","2024-10-15 10:00:00 AM","B46","N","303607","19","1","0","1"
"2024-10-15","2024-10-15 01:00:00 PM","M101","N","402504","19","6","2","2"
"2024-10-15","2024-10-15 02:00:00 PM","S79+","N","200660","19","14","24","4"
"2024-10-15","2024-10-15 08:00:00 AM","BX19","S","101364","19","13","24","5"
"2024-10-15","2024-10-15 02:00:00 PM","B35","E","302699","19","21","17","2"
"2024-10-15","2024-10-15 02:00:00 PM","B35","E","302714","19","3","33","3"
"2024-10-15","2024-10-15 08:00:00 AM","S79+","S","805165","19","16","16","8"
"2024-10-15","2024-10-15 07:00:00 PM","BX19","S","101364","19","3","6","2"
"2024-10-15","2024-10-15 08:00:00 PM","S79+","S","805165","19","1","9","3"
"2024-10-15","2024-10-15 11:00:00 PM","B35","E","302695","19","0","1","1"
"2024-10-15","2024-10-15 08:00:00 PM","BX19","S","101364","19","2","4","1"
"2024-10-15","2024-10-15 08:00:00 PM","S53","W","203511","19","2","5","4"
"2024-10-15","2024-10-15 08:00:00 AM","B35","E","302699","19","21","27","4"
"2024-10-15","2024-10-15 02:00:00 PM","BX19","N","101318","19","28","50","4"
"2024-10-15","2024-10-15 09:00:00 AM","B46","N","303607","19","4","3","4"
"2024-10-15","2024-10-15 06:00:00 PM","B46","N","303607","19","2","4","3"
"2024-10-15","2024-10-15 09:00:00 PM","M15","N","401687","19","10","1","2"
"2024-10-15","2024-10-15 07:00:00 AM","M15","N","401687","19","11","1","1"
"2024-10-15","2024-10-15 10:00:00 AM","B35","W","302753","19","2","5","3"
"2024-10-15","2024-10-15 10:00:00 AM","B35","W","302771","19","2","6","3"
"2024-10-15","2024-10-15 08:00:00 AM","B35","E","302714","19","0","3","2"
"2024-10-15","2024-10-15 05:00:00 PM","BX19","N","101318","19","30","46","4"
"2024-10-15","2024-10-15 05:00:00 PM","S79+","S","805165","19","16","74","7"
"2024-10-15","2024-10-15 08:00:00 AM","B35","W","302764","19","1","0","1"
"2024-10-15","2024-10-15 08:00:00 AM","B35","W","302753","19","4","14","2"
"2024-10-15","2024-10-15 08:00:00 AM","B35","W","302771","19","0","2","1"
"2024-10-15","2024-10-15 02:00:00 PM","Q58","E","503486","19","21","10","3"
"2024-10-15","2024-10-15 05:00:00 PM","B35","E","302714","19","11","23","2"
"2024-10-15","2024-10-15 05:00:00 PM","B35","W","302771","19","1","2","2"
"2024-10-15","2024-10-15 05:00:00 PM","S79+","N","200660","19","14","19","7"
"2024-10-15","2024-10-15 08:00:00 AM","S53","E","202603","19","0","6","2"
"2024-10-15","2024-10-15 04:00:00 PM","M15","S","401755","19","3","6","3"
"2024-10-15","2024-10-15 01:00:00 PM","B46","N","303607","19","8","6","5"
"2024-10-15","2024-10-15 07:00:00 AM","S53","E","202603","19","1","2","1"
"2024-10-15","2024-10-15 10:00:00 AM","B35","E","302699","19","11","7","2"
"2024-10-15","2024-10-15 10:00:00 AM","B35","E","302714","19","0","3","2"
"2024-10-15","2024-10-15 01:00:00 PM","S53","E","202603","19","3","2","2"
"2024-10-15","2024-10-15 09:00:00 PM","Q58","W","503520","19","0","2","2"
"2024-10-15","2024-10-15 04:00:00 PM","M15","N","401687","19","7","3","1"
"2024-10-15","2024-10-15 12:00:00 PM","B35","E","302699","19","14","23","2"
"2024-10-15","2024-10-15 08:00:00 PM","S79+","N","200660","19","7","23","4"
"2024-10-15","2024-10-15 09:00:00 PM","Q58","W","901025","19","0","7","3"
"2024-10-15","2024-10-15 12:00:00 PM","B35","E","302714","19","21","27","4"
"2024-10-15","2024-10-15 01:00:00 PM","B46","S","303670","19","3","1","2"
"2024-10-15","2024-10-15 08:00:00 AM","S79+","N","200660","19","29","15","7"
"2024-10-15","2024-10-15 07:00:00 AM","S53","W","203511","19","1","7","2"
"2024-10-15","2024-10-15 05:00:00 PM","Q58","E","503464","19","1","1","2"
"2024-10-15","2024-10-15 01:00:00 PM","S53","W","203511","19","4","4","1"
"2024-10-15","2024-10-15 07:00:00 PM","B35","E","302714","19","3","18","3"
"2024-10-15","2024-10-15 12:00:00 PM","BX19","N","101318","19","11","32","5"
"2024-10-15","2024-10-15 08:00:00 PM","BX19","N","101318","19","7","35","2"
"2024-10-15","2024-10-15 07:00:00 PM","B35","E","302699","19","23","16","4"
"2024-10-15","2024-10-15 10:00:00 AM","S53","W","203511","19","5","5","2"
"2024-10-15","2024-10-15 12:00:00 PM","BX19","S","101364","19","0","1","1"
"2024-10-15","2024-10-15 02:00:00 PM","B35","W","302753","19","1","2","1"
"2024-10-15","2024-10-15 02:00:00 PM","B35","W","302771","19","1","1","1"
"2024-10-15","2024-10-15 11:00:00 PM","B35","W","302753","19","0","1","1"
"2024-10-15","2024-10-15 11:00:00 PM","B46","N","303607","19","2","5","3"
"2024-10-15","2024-10-15 09:00:00 PM","Q58","E","503464","19","0","5","2"
"2024-10-15","2024-10-15 08:00:00 AM","BX19","N","101318","19","12","24","4"
"2024-10-15","2024-10-15 09:00:00 PM","M101","N","402504","19","1","0","1"
"2024-10-15","2024-10-15 05:00:00 PM","B35","W","302753","19","5","9","3"
"2024-10-15","2024-10-15 06:00:00 PM","M101","S","402644","19","3","0","1"
"2024-10-15","2024-10-15 06:00:00 PM","M101","N","402504","19","4","9","2"
"2024-10-15","2024-10-15 06:00:00 PM","B46","S","303670","19","3","2","2"
"2024-10-15","2024-10-15 07:00:00 PM","Q58","W","901025","19","3","29","6"
"2024-10-15","2024-10-15 08:00:00 AM","S53","W","203511","19","15","6","4"
"2024-10-15","2024-10-15 03:00:00 PM","M101","N","402504","19","2","3","1"
"2024-10-15","2024-10-15 05:00:00 PM","B35","E","302699","19","12","30","3"
"2024-10-15","2024-10-15 06:00:00 PM","B46","S","303697","19","2","2","2"
"2024-10-15","2024-10-15 03:00:00 PM","M101","S","402644","19","2","11","2"
"2024-10-15","2024-10-15 07:00:00 PM","B35","W","302753","19","4","6","3"
"2024-10-15","2024-10-15 07:00:00 PM","B35","W","302771","19","0","2","2"
"2024-10-15","2024-10-15 11:00:00 PM","B46","S","303670","19","2","1","2"
"2024-10-15","2024-10-15 07:00:00 PM","Q58","W","503520","19","0","1","1"
"2024-10-15","2024-10-15 11:00:00 AM","M15","N","401687","19","13","6","2"
"2024-10-15","2024-10-15 11:00:00 AM","M15","N","403480","19","2","5","1"
"2024-10-15","2024-10-15 04:00:00 PM","S53","W","203511","19","4","5","2"
"2024-10-15","2024-10-15 07:00:00 PM","BX19","N","101318","19","14","20","3"
"2024-10-15","2024-10-15 02:00:00 PM","S79+","S","805165","19","13","70","5"
"2024-10-15","2024-10-15 05:00:00 PM","BX19","S","101364","19","9","19","4"
"2024-10-15","2024-10-15 02:00:00 PM","BX19","S","101364","19","15","12","3"
"2024-10-15","2024-10-15 09:00:00 PM","M101","S","402644","19","0","2","1"
"2024-10-15","2024-10-15 09:00:00 AM","B46","S","303697","19","0","1","1"
"2024-10-15","2024-10-15 09:00:00 AM","B46","S","303670","19","2","1","1"
"2024-10-15","2024-10-15 02:00:00 PM","Q58","E","503464","19","3","2","2"
"2024-10-15","2024-10-15 02:00:00 PM","Q58","E","503488","19","1","11","3"
"2024-10-15","2024-10-15 09:00:00 AM","B35","E","302714","19","0","6","2"
"2024-10-15","2024-10-15 11:00:00 PM","S79+","S","805165","19","1","1","1"
"2024-10-15","2024-10-15 03:00:00 PM","BX19","N","101318","19","15","25","4"
"2024-10-15","2024-10-15 09:00:00 PM","BX19","N","101318","19","6","14","3"
"2024-10-15","2024-10-15 10:00:00 PM","B35","W","302753","19","0","2","2"
"2024-10-15","2024-10-15 01:00:00 PM","S79+","N","200660","19","12","20","5"
"2024-10-15","2024-10-15 11:00:00 AM","Q58","E","503464","19","1","0","1"
"2024-10-15","2024-10-15 07:00:00 AM","BX19","N","101320","19","8","2","1"
"2024-10-15","2024-10-15 06:00:00 PM","S53","W","200313","19","0","2","0"
"2024-10-15","2024-10-15 06:00:00 PM","S53","W","203511","19","5","1","1"
"2024-10-15","2024-10-15 10:00:00 PM","S53","W","203511","19","2","6","1"
"2024-10-15","2024-10-15 10:00:00 AM","S79+","N","200660","19","14","15","8"
"2024-10-15","2024-10-15 09:00:00 AM","BX19","S","101364","19","0","2","1"
"2024-10-15","2024-10-15 08:00:00 PM","B46","N","303607","19","0","5","2"
"2024-10-15","2024-10-15 11:00:00 PM","S79+","N","200660","19","2","0","2"
"2024-10-15","2024-10-15 01:00:00 PM","S79+","S","805165","19","10","19","3"
"2024-10-15","2024-10-15 03:00:00 PM","S79+","N","200660","19","17","27","6"
"2024-10-15","2024-10-15 10:00:00 PM","M15","S","401755","19","1","2","2"
"2024-10-15","2024-10-15 08:00:00 AM","M15","S","401755","19","2","7","2"
"2024-10-15","2024-10-15 08:00:00 PM","B35","E","302714","19","1","11","3"
"2024-10-15","2024-10-15 09:00:00 AM","BX19","N","101318","19","8","24","4"
"2024-10-15","2024-10-15 09:00:00 AM","Q58","E","503464","19","1","0","1"
"2024-10-15","2024-10-15 02:00:00 PM","M15","N","401687","19","27","9","3"
"2024-10-15","2024-10-15 09:00:00 AM","Q58","W","503520","19","8","4","5"
"2024-10-15","2024-10-15 02:00:00 PM","M15","S","401755","19","0","4","1"
"2024-10-15","2024-10-15 05:00:00 PM","M15","N","403480","19","5","2","1"
"2024-10-15","2024-10-15 10:00:00 AM","S79+","S","805165","19","9","15","4"
"2024-10-15","2024-10-15 11:00:00 AM","BX19","N","101318","19","13","27","3"
"2024-10-15","2024-10-15 09:00:00 AM","Q58","W","901025","19","0","12","3"
"2024-10-15","2024-10-15 12:00:00 PM","B46","S","303670","19","1","6","3"
"2024-10-15","2024-10-15 08:00:00 PM","B35","W","302753","19","1","2","1"
"2024-10-15","2024-10-15 10:00:00 PM","B46","S","303670","19","0","1","1"
"2024-10-15","2024-10-15 12:00:00 PM","S79+","N","200660","19","12","25","5"
"2024-10-15","2024-10-15 11:00:00 AM","BX19","S","101364","19","13","5","4"
"2024-10-15","2024-10-15 07:00:00 AM","BX19","N","103611","19","6","3","1"
"2024-10-15","2024-10-15 04:00:00 PM","Q58","W","503520","19","6","2","5"
"2024-10-15","2024-10-15 10:00:00 PM","B35","W","302771","19","3","0","1"
"2024-10-15","2024-10-15 12:00:00 PM","S53","W","203511","19","5","4","1"
"2024-10-15","2024-10-15 10:00:00 PM","B46","N","303607","19","1","3","2"
"2024-10-15","2024-10-15 06:00:00 PM","S79+","N","200660","19","18","43","6"
"2024-10-15","2024-10-15 03:00:00 PM","BX19","S","101364","19","5","2","1"
"2024-10-15","2024-10-15 07:00:00 PM","B46","S","303670","19","0","2","2"
"2024-10-15","2024-10-15 12:00:00 PM","B46","S","303697","19","0","3","0"
"2024-10-15","2024-10-15 06:00:00 PM","S79+","S","805165","19","22","63","7"
"2024-10-15","2024-10-15 08:00:00 PM","M101","S","402644","19","2","1","1"
"2024-10-15","2024-10-16 12:00:00 AM","S79+","S","805165","19","0","5","1"
"2024-10-15","2024-10-15 03:00:00 PM","B46","S","303670","19","3","3","2"
"2024-10-15","2024-10-15 09:00:00 AM","B35","E","302699","19","10","10","2"
"2024-10-15","2024-10-15 03:00:00 PM","B46","N","303607","19","1","9","2"
"2024-10-15","2024-10-15 07:00:00 PM","B46","S","303697","19","0","6","2"
"2024-10-15","2024-10-15 09:00:00 AM","B35","W","302753","19","2","8","3"
"2024-10-15","2024-10-15 05:00:00 PM","Q58","W","901025","19","0","15","2"
"2024-10-15","2024-10-15 08:00:00 PM","M101","N","402504","19","10","3","2"
"2024-10-15","2024-10-15 09:00:00 AM","B35","W","302771","19","2","5","2"
"2024-10-15","2024-10-15 10:00:00 AM","M15","N","403480","19","2","0","1"
"2024-10-15","2024-10-15 11:00:00 PM","S53","W","203511","19","0","5","1"
"2024-10-15","2024-10-15 07:00:00 AM","BX19","S","101364","19","4","5","2"
"2024-10-15","2024-10-15 02:00:00 PM","S53","W","200313","19","2","1","2"
"2024-10-15","2024-10-15 10:00:00 PM","B35","E","302695","19","0","1","1"
"2024-10-15","2024-10-15 08:00:00 PM","B35","E","302699","19","25","13","3"
"2024-10-15","2024-10-15 11:00:00 AM","Q58","W","503520","19","0","2","1"
"2024-10-15","2024-10-15 11:00:00 AM","Q58","W","504107","19","1","13","0"
"2024-10-15","2024-10-15 07:00:00 PM","S53","W","203511","19","0","2","1"
"2024-10-15","2024-10-15 10:00:00 PM","B35","E","302714","19","0","2","1"
"2024-10-15","2024-10-15 11:00:00 AM","Q58","W","901025","19","2","34","5"
"2024-10-15","2024-10-15 07:00:00 AM","BX19","N","101318","19","2","3","1"
"2024-10-15","2024-10-15 06:00:00 PM","M15","N","403480","19","3","4","2"
"2024-10-15","2024-10-15 06:00:00 PM","M15","N","401687","19","15","1","1"
"2024-10-15","2024-10-15 12:00:00 PM","B46","N","303607","19","4","3","2"
"2024-10-15","2024-10-15 11:00:00 PM","M101","S","402644","19","2","1","1"
"2024-10-15","2024-10-15 12:00:00 PM","S79+","S","805165","19","16","37","6"
"2024-10-15","2024-10-15 04:00:00 PM","B46","N","303607","19","5","19","5"
"2024-10-15","2024-10-15 11:00:00 PM","M101","N","405480","19","1","0","1"
"2024-10-15","2024-10-15 03:00:00 PM","B35","W","302753","19","7","10","3"
"2024-10-15","2024-10-15 12:00:00 PM","S53","E","202603","19","0","1","1"
"2024-10-15","2024-10-15 04:00:00 PM","B46","S","303670","19","1","8","3"
"2024-10-15","2024-10-15 10:00:00 AM","M101","S","402644","19","18","10","4"
"2024-10-15","2024-10-15 10:00:00 PM","S79+","S","805165","19","2","7","2"
"2024-10-15","2024-10-15 02:00:00 PM","S53","W","203511","19","6","7","3"
"2024-10-15","2024-10-15 08:00:00 AM","M101","N","402504","19","26","1","4"
"2024-10-15","2024-10-15 04:00:00 PM","Q58","E","503464","19","0","3","2"
"2024-10-15","2024-10-15 04:00:00 PM","B46","S","303697","19","0","6","0"
"2024-10-15","2024-10-15 05:00:00 PM","M101","N","402504","19","4","2","1"
"2024-10-15","2024-10-15 12:00:00 PM","M101","N","402504","19","3","2","1"
"2024-10-15","2024-10-15 12:00:00 PM","B35","W","302771","19","0","2","2"
"2024-10-15","2024-10-15 06:00:00 PM","S53","E","202603","19","2","0","1"
"2024-10-15","2024-10-15 04:00:00 PM","B46","N","303612","19","5","1","1"
"2024-10-15","2024-10-15 12:00:00 PM","B35","W","302753","19","3","6","2"
"2024-10-15","2024-10-15 03:00:00 PM","B35","W","302771","19","1","5","4"
"2024-10-15","2024-10-15 03:00:00 PM","Q58","W","503520","19","8","3","3"
"2024-10-15","2024-10-15 03:00:00 PM","Q58","E","503486","19","8","11","2"
"2024-10-15","2024-10-15 03:00:00 PM","Q58","E","503464","19","0","2","1"
"2024-10-15","2024-10-15 05:00:00 PM","Q58","W","503520","19","4","1","3"
"2024-10-15","2024-10-15 07:00:00 PM","B46","N","303607","19","4","3","4"
"2024-10-15","2024-10-15 03:00:00 PM","S79+","S","805165","19","35","54","3"
"2024-10-15","2024-10-15 11:00:00 AM","Q58","E","503486","19","1","0","0"
"2024-10-15","2024-10-15 08:00:00 PM","B46","S","303670","19","0","4","3"
"2024-10-15","2024-10-15 10:00:00 AM","S79+","N","201052","20","26","9","5"
"2024-10-15","2024-10-15 08:00:00 PM","B35","E","302715","20","15","35","4"
"2024-10-15","2024-10-15 08:00:00 PM","B35","E","302701","20","13","5","2"
"2024-10-15","2024-10-15 12:00:00 PM","S79+","N","201052","20","5","7","5"
"2024-10-15","2024-10-15 08:00:00 PM","B46","S","303672","20","54","13","7"
"2024-10-15","2024-10-16 12:00:00 AM","B35","W","307790","20","0","1","1"
"2024-10-15","2024-10-15 09:00:00 AM","Q58","E","503465","20","9","4","6"
"2024-10-15","2024-10-15 02:00:00 PM","S53","W","200708","20","9","5","3"
"2024-10-15","2024-10-15 12:00:00 PM","S79+","S","202845","20","6","19","6"
"2024-10-15","2024-10-15 03:00:00 PM","B46","N","308804","20","23","33","3"
"2024-10-15","2024-10-15 03:00:00 PM","S79+","S","202845","20","0","14","3"
"2024-10-15","2024-10-15 11:00:00 PM","S53","W","200708","20","5","1","2"
"2024-10-15","2024-10-15 08:00:00 PM","B46","N","308804","20","42","13","6"
"2024-10-15","2024-10-15 03:00:00 PM","S79+","N","201052","20","21","18","6"
"2024-10-15","2024-10-15 09:00:00 AM","Q58","W","503521","20","1","1","1"
"2024-10-15","2024-10-15 08:00:00 PM","B35","W","307790","20","0","4","1"
"2024-10-15","2024-10-15 11:00:00 PM","S79+","N","201052","20","0","4","2"
"2024-10-15","2024-10-15 03:00:00 PM","B46","S","303672","20","85","60","6"
"2024-10-15","2024-10-15 05:00:00 PM","Q58","W","503521","20","0","6","3"
"2024-10-15","2024-10-15 07:00:00 AM","BX19","S","104242","20","37","21","4"
"2024-10-15","2024-10-15 11:00:00 AM","Q58","W","503521","20","0","2","1"
"2024-10-15","2024-10-15 11:00:00 PM","M15","S","401756","20","1","3","0"
"2024-10-15","2024-10-15 06:00:00 PM","M15","N","401696","20","0","2","1"
"2024-10-15","2024-10-15 11:00:00 PM","M101","N","403545","20","1","1","1"
"2024-10-15","2024-10-15 10:00:00 PM","S79+","S","202845","20","11","13","3"
"2024-10-15","2024-10-15 07:00:00 AM","BX19","N","101335","20","7","12","1"
"2024-10-15","2024-10-15 08:00:00 AM","M101","N","402505","20","5","0","3"
"2024-10-15","2024-10-15 06:00:00 PM","S53","E","203554","20","10","6","2"
"2024-10-15","2024-10-15 10:00:00 PM","S79+","N","201052","20","0","3","2"
"2024-10-15","2024-10-15 10:00:00 PM","S53","W","200708","20","2","2","1"
"2024-10-15","2024-10-15 11:00:00 AM","Q58","E","503465","20","10","2","3"
"2024-10-15","2024-10-15 05:00:00 PM","M101","N","402505","20","3","0","1"
"2024-10-15","2024-10-15 03:00:00 PM","BX19","N","104099","20","19","19","5"
"2024-10-15","2024-10-15 10:00:00 PM","S53","E","203554","20","1","0","1"
"2024-10-15","2024-10-15 06:00:00 PM","S53","W","200708","20","2","1","2"
"2024-10-15","2024-10-15 12:00:00 PM","B46","S","303672","20","44","28","6"
"2024-10-15","2024-10-15 10:00:00 PM","M15","S","401756","20","3","1","2"
"2024-10-15","2024-10-15 08:00:00 AM","M15","S","401756","20","0","2","1"
"2024-10-15","2024-10-15 06:00:00 PM","S53","W","200314","20","0","2","0"
"2024-10-15","2024-10-15 10:00:00 PM","M101","S","402645","20","1","0","1"
"2024-10-15","2024-10-15 02:00:00 PM","M15","S","401756","20","2","4","1"
"2024-10-15","2024-10-15 04:00:00 PM","Q58","W","503521","20","2","2","3"
"2024-10-15","2024-10-15 10:00:00 PM","B46","S","303672","20","8","1","2"
"2024-10-15","2024-10-15 11:00:00 AM","BX19","S","104242","20","11","18","5"
"2024-10-15","2024-10-15 10:00:00 PM","B46","N","308804","20","28","13","4"
"2024-10-15","2024-10-15 03:00:00 PM","BX19","S","104242","20","0","2","1"
"2024-10-15","2024-10-15 06:00:00 PM","S79+","N","201052","20","8","9","4"
"2024-10-15","2024-10-15 03:00:00 PM","B35","W","307790","20","7","13","3"
"2024-10-15","2024-10-15 04:00:00 PM","M101","N","402505","20","4","0","1"
"2024-10-15","2024-10-15 03:00:00 PM","B35","W","302772","20","3","9","4"
"2024-10-15","2024-10-15 06:00:00 PM","S79+","S","202845","20","1","16","6"
"2024-10-15","2024-10-15 10:00:00 PM","B35","W","302772","20","1","4","1"
"2024-10-15","2024-10-15 10:00:00 PM","B35","W","307790","20","3","2","2"
"2024-10-15","2024-10-15 11:00:00 AM","BX19","N","104099","20","6","10","3"
"2024-10-15","2024-10-15 10:00:00 AM","S79+","S","202845","20","0","25","5"
"2024-10-15","2024-10-15 07:00:00 AM","BX19","N","101321","20","5","11","2"
"2024-10-15","2024-10-15 02:00:00 PM","M15","N","401688","20","4","1","2"
"2024-10-15","2024-10-15 02:00:00 PM","M15","N","401696","20","9","3","1"
"2024-10-15","2024-10-15 01:00:00 PM","S79+","S","202845","20","0","18","3"
"2024-10-15","2024-10-15 01:00:00 PM","S79+","N","201052","20","20","5","4"
"2024-10-15","2024-10-15 09:00:00 AM","B35","E","302701","20","35","14","4"
"2024-10-15","2024-10-15 07:00:00 PM","B46","N","308804","20","31","29","5"
"2024-10-15","2024-10-15 03:00:00 PM","Q58","E","503487","20","13","13","2"
"2024-10-15","2024-10-15 03:00:00 PM","Q58","E","503465","20","22","13","6"
"2024-10-15","2024-10-15 12:00:00 PM","B35","W","302772","20","10","4","1"
"2024-10-15","2024-10-15 12:00:00 PM","B35","W","307790","20","4","3","2"
"2024-10-15","2024-10-15 10:00:00 AM","M15","S","401756","20","4","0","1"
"2024-10-15","2024-10-15 09:00:00 AM","B35","E","302715","20","11","18","2"
"2024-10-15","2024-10-15 07:00:00 AM","BX19","N","104099","20","0","1","1"
"2024-10-15","2024-10-15 04:00:00 PM","B46","S","303672","20","81","25","6"
"2024-10-15","2024-10-15 12:00:00 PM","S53","E","203554","20","2","1","1"
"2024-10-15","2024-10-15 10:00:00 PM","B35","E","302715","20","7","17","2"
"2024-10-15","2024-10-15 10:00:00 PM","B35","E","302696","20","5","3","1"
"2024-10-15","2024-10-15 10:00:00 AM","M15","N","401696","20","1","3","1"
"2024-10-15","2024-10-15 09:00:00 AM","B35","W","302772","20","3","7","2"
"2024-10-15","2024-10-15 09:00:00 AM","B35","W","307790","20","6","8","3"
"2024-10-15","2024-10-15 12:00:00 PM","B46","N","308804","20","52","42","5"
"2024-10-15","2024-10-15 07:00:00 PM","B46","S","303672","20","21","11","3"
"2024-10-15","2024-10-15 09:00:00 PM","BX19","S","104242","20","0","3","1"
"2024-10-15","2024-10-15 07:00:00 PM","B46","S","303698","20","0","3","2"
"2024-10-15","2024-10-15 12:00:00 PM","S53","W","200708","20","8","2","2"
"2024-10-15","2024-10-15 09:00:00 PM","BX19","N","104099","20","2","6","3"
"2024-10-15","2024-10-15 09:00:00 AM","BX19","N","104099","20","11","7","3"
"2024-10-15","2024-10-15 04:00:00 PM","Q58","E","503465","20","26","20","6"
"2024-10-15","2024-10-15 07:00:00 PM","S53","E","203554","20","12","6","2"
"2024-10-15","2024-10-15 03:00:00 PM","Q58","W","503521","20","2","5","3"
"2024-10-15","2024-10-15 10:00:00 AM","M101","S","402645","20","4","3","3"
"2024-10-15","2024-10-15 07:00:00 PM","S53","W","200708","20","5","0","3"
"2024-10-15","2024-10-15 04:00:00 PM","B46","N","308804","20","40","25","4"
"2024-10-15","2024-10-15 04:00:00 PM","B46","N","303613","20","2","0","1"
"2024-10-15","2024-10-15 09:00:00 AM","BX19","S","104242","20","2","1","1"
"2024-10-15","2024-10-15 08:00:00 PM","M101","N","402505","20","1","1","1"
"2024-10-15","2024-10-15 04:00:00 AM","B35","W","307790","20","1","0","1"
"2024-10-15","2024-10-15 05:00:00 PM","S53","W","200708","20","18","5","4"
"2024-10-15","2024-10-15 07:00:00 PM","M101","S","402645","20","1","2","2"
"2024-10-15","2024-10-15 05:00:00 PM","B46","N","308804","20","47","32","4"
"2024-10-15","2024-10-15 05:00:00 PM","B46","S","303672","20","55","20","5"
"2024-10-15","2024-10-15 09:00:00 AM","M15","S","401756","20","1","2","2"
"2024-10-15","2024-10-15 11:00:00 AM","S53","E","203554","20","4","0","2"
"2024-10-15","2024-10-15 03:00:00 PM","B35","E","302715","20","54","110","5"
"2024-10-15","2024-10-15 09:00:00 PM","S79+","N","201052","20","1","4","1"
"2024-10-15","2024-10-15 04:00:00 AM","B46","S","303672","20","13","5","2"
"2024-10-15","2024-10-15 04:00:00 AM","S53","W","200708","20","1","1","1"
"2024-10-15","2024-10-15 12:00:00 AM","BX12","W","104235","20","2","4","1"
"2024-10-15","2024-10-15 11:00:00 AM","S79+","S","202845","20","1","49","7"
"2024-10-15","2024-10-15 02:00:00 PM","M101","S","402645","20","4","2","2"
"2024-10-15","2024-10-15 06:00:00 AM","M101","S","402645","20","0","1","1"
"2024-10-15","2024-10-15 06:00:00 AM","S79+","S","202845","20","0","8","4"
"2024-10-15","2024-10-15 09:00:00 AM","S79+","S","202845","20","2","29","8"
"2024-10-15","2024-10-15 05:00:00 AM","Q58","E","503465","20","11","5","7"
"2024-10-15","2024-10-15 12:00:00 PM","Q58","E","503465","20","28","1","5"
"2024-10-15","2024-10-15 06:00:00 AM","B46","N","308804","20","53","8","7"
"2024-10-15","2024-10-15 10:00:00 PM","BX19","S","104242","20","0","2","1"
"2024-10-15","2024-10-15 05:00:00 AM","B46","S","303672","20","21","8","2"
"2024-10-15","2024-10-15 07:00:00 AM","Q58","E","503465","20","23","11","5"
"2024-10-15","2024-10-15 02:00:00 PM","B46","N","308804","20","66","37","7"
"2024-10-15","2024-10-15 07:00:00 AM","B35","W","302765","20","6","18","1"
"2024-10-15","2024-10-15 09:00:00 AM","M101","S","402645","20","4","1","1"
"2024-10-15","2024-10-15 09:00:00 AM","M101","N","402505","20","3","1","2"
"2024-10-15","2024-10-15 06:00:00 PM","Q58","E","503465","20","22","10","5"
"2024-10-15","2024-10-15 05:00:00 AM","M101","N","401444","20","3","2","1"
"2024-10-15","2024-10-15 01:00:00 AM","S53","E","203554","20","1","0","1"
"2024-10-15","2024-10-15 01:00:00 PM","Q58","E","503465","20","23","9","7"
"2024-10-15","2024-10-15 06:00:00 AM","B46","S","303672","20","45","26","4"
"2024-10-15","2024-10-15 07:00:00 AM","S79+","N","201052","20","77","7","9"
"2024-10-15","2024-10-15 08:00:00 PM","Q58","E","503465","20","22","12","7"
"2024-10-15","2024-10-15 12:00:00 AM","B35","E","302696","20","1","1","1"
"2024-10-15","2024-10-15 08:00:00 AM","Q58","W","503521","20","0","4","2"
"2024-10-15","2024-10-15 11:00:00 PM","Q58","E","503465","20","0","1","1"
"2024-10-15","2024-10-15 01:00:00 AM","S53","W","200708","20","1","1","1"
"2024-10-15","2024-10-15 09:00:00 AM","S53","E","203554","20","6","7","3"
"2024-10-15","2024-10-15 10:00:00 AM","BX19","N","104099","20","9","6","5"
"2024-10-15","2024-10-15 04:00:00 PM","B35","E","302701","20","86","43","4"
"2024-10-15","2024-10-15 06:00:00 PM","B35","E","302715","20","20","39","3"
"2024-10-15","2024-10-15 11:00:00 AM","B46","S","303672","20","39","20","4"
"2024-10-15","2024-10-15 11:00:00 AM","B35","E","302701","20","74","34","3"
"2024-10-15","2024-10-15 04:00:00 PM","S79+","S","202845","20","1","36","5"
"2024-10-15","2024-10-15 10:00:00 AM","Q58","W","504109","20","0","1","0"
"2024-10-15","2024-10-15 11:00:00 AM","S79+","N","201052","20","14","5","4"
"2024-10-15","2024-10-15 06:00:00 PM","B35","E","302701","20","52","45","3"
"2024-10-15","2024-10-15 10:00:00 AM","Q58","W","503521","20","1","0","1"
"2024-10-15","2024-10-15 12:00:00 PM","M15","S","401756","20","16","6","3"
"2024-10-15","2024-10-15 07:00:00 PM","M15","S","401756","20","13","8","3"
"2024-10-15","2024-10-15 04:00:00 AM","B46","N","308804","20","21","1","3"
"2024-10-15","2024-10-15 01:00:00 PM","B35","E","302715","20","2","11","2"
"2024-10-15","2024-10-15 06:00:00 AM","Q58","E","503465","20","3","5","4"
"2024-10-15","2024-10-15 06:00:00 AM","B35","W","307790","20","7","7","2"
"2024-10-15","2024-10-15 02:00:00 PM","Q58","W","504109","20","3","2","1"
"2024-10-15","2024-10-15 05:00:00 AM","B35","W","307790","20","4","2","1"
"2024-10-15","2024-10-15 01:00:00 PM","B35","E","302701","20","61","10","2"
"2024-10-15","2024-10-15 02:00:00 PM","Q58","W","503521","20","3","3","2"
"2024-10-15","2024-10-15 05:00:00 AM","S53","E","203554","20","4","1","1"
"2024-10-15","2024-10-15 08:00:00 AM","B46","N","308804","20","57","14","6"
"2024-10-15","2024-10-15 02:00:00 AM","B46","N","308804","20","3","0","1"
"2024-10-15","2024-10-15 04:00:00 PM","B35","W","307790","20","46","50","3"
"2024-10-15","2024-10-15 09:00:00 AM","M15","N","401696","20","3","3","1"
"2024-10-15","2024-10-15 06:00:00 PM","Q58","W","503521","20","3","1","2"
"2024-10-15","2024-10-15 04:00:00 PM","B35","E","302715","20","69","90","4"
"2024-10-15","2024-10-15 08:00:00 AM","B46","N","303613","20","4","0","1"
"2024-10-15","2024-10-15 04:00:00 PM","B35","W","302772","20","3","4","2"
"2024-10-15","2024-10-15 11:00:00 AM","B35","E","302715","20","6","22","1"
"2024-10-15","2024-10-15 09:00:00 PM","S53","W","200708","20","3","0","2"
"2024-10-15","2024-10-15 11:00:00 AM","B46","N","308804","20","57","41","6"
"2024-10-15","2024-10-15 09:00:00 AM","S53","W","200708","20","0","3","1"
"2024-10-15","2024-10-15 01:00:00 AM","B46","S","303672","20","24","3","4"
"2024-10-15","2024-10-15 03:00:00 PM","S53","E","203554","20","15","9","4"
"2024-10-15","2024-10-15 09:00:00 PM","B35","E","302715","20","14","28","2"
"2024-10-15","2024-10-15 03:00:00 AM","B46","N","308804","20","5","0","1"
"2024-10-15","2024-10-15 07:00:00 PM","S79+","N","201052","20","3","6","4"
"2024-10-15","2024-10-15 11:00:00 PM","BX19","N","101321","20","1","1","1"
"2024-10-15","2024-10-15 10:00:00 AM","BX19","S","104242","20","16","5","4"
"2024-10-15","2024-10-15 01:00:00 PM","B35","W","302772","20","0","4","2"
"2024-10-15","2024-10-15 04:00:00 AM","S79+","N","201052","20","4","0","1"
"2024-10-15","2024-10-15 03:00:00 AM","B46","S","303672","20","9","0","1"
"2024-10-15","2024-10-15 08:00:00 PM","Q58","W","503521","20","1","4","3"
"2024-10-15","2024-10-15 09:00:00 PM","B46","S","303672","20","43","10","5"
"2024-10-15","2024-10-15 06:00:00 AM","Q58","W","503521","20","1","0","1"
"2024-10-15","2024-10-15 12:00:00 AM","B46","S","303672","20","25","2","2"
"2024-10-15","2024-10-15 02:00:00 AM","B46","S","303672","20","11","0","2"
"2024-10-15","2024-10-15 06:00:00 PM","B35","W","307790","20","6","8","3"
"2024-10-15","2024-10-15 07:00:00 AM","B35","W","307790","20","25","20","3"
"2024-10-15","2024-10-15 01:00:00 PM","Q58","W","503521","20","1","0","1"
"2024-10-15","2024-10-15 06:00:00 AM","BX19","S","104242","20","5","1","3"
"2024-10-15","2024-10-15 05:00:00 AM","B46","N","308804","20","29","7","4"
"2024-10-15","2024-10-15 06:00:00 PM","B35","W","302772","20","0","5","2"
"2024-10-15","2024-10-15 12:00:00 AM","BX12","E","103151","20","0","1","1"
"2024-10-15","2024-10-15 02:00:00 PM","B46","S","303672","20","31","22","3"
"2024-10-15","2024-10-15 04:00:00 PM","BX19","N","104099","20","7","14","3"
"2024-10-15","2024-10-15 01:00:00 PM","B35","W","307790","20","16","30","5"
"2024-10-15","2024-10-15 09:00:00 PM","S79+","S","202845","20","0","1","1"
"2024-10-15","2024-10-15 11:00:00 AM","B35","W","307790","20","3","10","2"
"2024-10-15","2024-10-15 03:00:00 AM","Q58","E","503465","20","0","2","2"
"2024-10-15","2024-10-15 05:00:00 AM","B35","E","302696","20","1","3","1"
"2024-10-15","2024-10-15 12:00:00 AM","B46","N","308804","20","2","5","2"
"2024-10-15","2024-10-15 04:00:00 AM","M15","S","401756","20","1","0","1"
"2024-10-15","2024-10-15 06:00:00 AM","S79+","N","201052","20","42","2","8"
"2024-10-15","2024-10-15 01:00:00 AM","B46","N","308804","20","6","1","2"
"2024-10-15","2024-10-15 01:00:00 AM","Q58","E","503465","20","0","1","1"
"2024-10-15","2024-10-15 03:00:00 PM","S53","W","200708","20","4","3","1"
"2024-10-15","2024-10-15 11:00:00 AM","S53","W","200708","20","4","1","1"
"2024-10-15","2024-10-15 04:00:00 PM","S79+","N","201052","20","12","9","6"
"2024-10-15","2024-10-15 09:00:00 PM","B35","W","307790","20","1","5","1"
"2024-10-15","2024-10-15 01:00:00 AM","B35","E","302696","20","1","0","1"
"2024-10-15","2024-10-15 09:00:00 PM","S53","E","203554","20","2","3","1"
"2024-10-15","2024-10-15 08:00:00 AM","B46","S","303672","20","32","19","4"
"2024-10-15","2024-10-15 08:00:00 AM","B46","S","303698","20","1","0","1"
"2024-10-15","2024-10-15 07:00:00 AM","B35","E","302715","20","16","36","2"
"2024-10-15","2024-10-15 07:00:00 AM","B35","E","302701","20","68","16","4"
"2024-10-15","2024-10-15 11:00:00 PM","Q58","W","503521","20","0","1","1"
"2024-10-15","2024-10-15 01:00:00 PM","BX19","S","104242","20","8","6","3"
"2024-10-15","2024-10-15 01:00:00 AM","M101","S","402645","20","0","1","1"
"2024-10-15","2024-10-15 08:00:00 PM","M15","N","401696","20","0","3","1"
"2024-10-15","2024-10-15 03:00:00 PM","B35","E","302701","20","31","21","3"
"2024-10-15","2024-10-15 10:00:00 PM","Q58","E","503465","20","9","5","4"
"2024-10-15","2024-10-15 12:00:00 AM","B35","W","307790","20","0","3","1"
"2024-10-15","2024-10-15 04:00:00 PM","BX19","S","104242","20","13","18","5"
"2024-10-15","2024-10-15 07:00:00 AM","B46","N","303613","20","9","0","3"
"2024-10-15","2024-10-15 09:00:00 PM","B46","N","308804","20","12","13","5"
"2024-10-15","2024-10-15 01:00:00 PM","BX19","N","104099","20","4","4","2"
"2024-10-15","2024-10-15 07:00:00 AM","B46","N","308804","20","42","11","6"
"2024-10-15","2024-10-15 07:00:00 AM","B46","S","303672","20","50","44","6"
"2024-10-15","2024-10-15 07:00:00 PM","S79+","S","202845","20","3","18","5"
"2024-10-15","2024-10-15 02:00:00 AM","B35","W","307790","20","0","1","1"
"2024-10-15","2024-10-15 06:00:00 AM","S53","E","203554","20","11","3","5"
"2024-10-15","2024-10-15 05:00:00 AM","S79+","N","201052","20","12","1","2"
"2024-10-15","2024-10-15 12:00:00 PM","Q58","W","503521","20","4","4","3"
"2024-10-15","2024-10-15 06:00:00 PM","BX19","S","104242","20","17","22","2"
"2024-10-15","2024-10-15 09:00:00 AM","S79+","N","201052","20","17","7","6"
"2024-10-15","2024-10-15 05:00:00 AM","S53","W","200708","20","1","3","2"
"2024-10-15","2024-10-15 06:00:00 AM","B35","E","302701","20","8","6","2"
"2024-10-15","2024-10-15 06:00:00 PM","BX19","N","104099","20","4","6","3"
"2024-10-15","2024-10-15 10:00:00 AM","Q58","E","503465","20","19","5","5"
"2024-10-15","2024-10-15 07:00:00 AM","S79+","S","202845","20","0","16","6"
"2024-10-15","2024-10-15 04:00:00 AM","Q58","E","503465","20","2","5","3"
"2024-10-15","2024-10-15 07:00:00 AM","B35","W","302772","20","2","5","2"
"2024-10-15","2024-10-15 08:00:00 AM","Q58","E","503465","20","7","9","5"
"2024-10-15","2024-10-15 04:00:00 AM","BX19","S","104242","20","1","0","1"
"2024-10-15","2024-10-15 07:00:00 PM","B35","W","302772","20","8","0","3"
"2024-10-15","2024-10-15 07:00:00 AM","M15","N","401696","20","5","1","1"
"2024-10-15","2024-10-15 07:00:00 AM","M15","N","401688","20","3","0","1"
"2024-10-15","2024-10-15 07:00:00 AM","M15","S","401756","20","3","13","1"
"2024-10-15","2024-10-15 07:00:00 AM","S53","E","203554","20","2","3","1"
"2024-10-15","2024-10-15 07:00:00 AM","S53","W","200708","20","4","7","1"
"2024-10-15","2024-10-15 08:00:00 AM","B35","E","302701","20","40","16","4"
"2024-10-15","2024-10-15 08:00:00 AM","B35","E","302715","20","6","22","2"
"2024-10-15","2024-10-15 08:00:00 AM","B35","W","302772","20","1","3","1"
"2024-10-15","2024-10-15 08:00:00 AM","B35","W","302765","20","6","25","2"
"2024-10-15","2024-10-15 08:00:00 AM","B35","W","307790","20","3","15","2"
"2024-10-15","2024-10-15 08:00:00 AM","BX19","N","104099","20","14","9","4"
"2024-10-15","2024-10-15 08:00:00 AM","BX19","S","104242","20","18","11","5"
"2024-10-15","2024-10-15 08:00:00 AM","S53","E","203554","20","17","4","2"
"2024-10-15","2024-10-15 08:00:00 AM","S53","W","200708","20","18","9","4"
"2024-10-15","2024-10-15 08:00:00 AM","S79+","N","201052","20","36","6","7"
"2024-10-15","2024-10-15 08:00:00 AM","S79+","S","202845","20","0","20","9"
"2024-10-15","2024-10-15 09:00:00 AM","B46","N","308804","20","56","30","5"
"2024-10-15","2024-10-15 09:00:00 AM","B46","S","303672","20","37","31","6"
"2024-10-15","2024-10-15 10:00:00 AM","B35","E","302715","20","24","25","3"
"2024-10-15","2024-10-15 10:00:00 AM","B35","E","302701","20","21","3","2"
"2024-10-15","2024-10-15 10:00:00 AM","B35","W","307790","20","16","21","3"
"2024-10-15","2024-10-15 10:00:00 AM","B35","W","302772","20","0","2","1"
"2024-10-15","2024-10-15 10:00:00 AM","B46","N","308804","20","21","20","2"
"2024-10-15","2024-10-15 10:00:00 AM","B46","S","303672","20","33","21","6"
"2024-10-15","2024-10-15 10:00:00 AM","S53","E","203554","20","1","0","1"
"2024-10-15","2024-10-15 10:00:00 AM","S53","W","200708","20","6","0","3"
"2024-10-15","2024-10-15 11:00:00 AM","M15","N","401696","20","2","3","1"
"2024-10-15","2024-10-15 11:00:00 AM","M15","N","401688","20","0","2","1"
"2024-10-15","2024-10-15 12:00:00 PM","B35","E","302701","20","21","10","1"
"2024-10-15","2024-10-15 12:00:00 PM","B35","E","302715","20","28","40","6"
"2024-10-15","2024-10-15 12:00:00 PM","BX19","N","104099","20","4","15","5"
"2024-10-15","2024-10-15 12:00:00 PM","BX19","S","104242","20","6","17","3"
"2024-10-15","2024-10-15 01:00:00 PM","B46","N","308804","20","63","29","6"
"2024-10-15","2024-10-15 01:00:00 PM","B46","S","303672","20","22","9","3"
"2024-10-15","2024-10-15 01:00:00 PM","M101","N","402505","20","1","0","1"
"2024-10-15","2024-10-15 01:00:00 PM","S53","E","203554","20","1","2","1"
"2024-10-15","2024-10-15 01:00:00 PM","S53","W","200708","20","0","4","1"
"2024-10-15","2024-10-15 02:00:00 PM","B35","E","302715","20","42","48","4"
"2024-10-15","2024-10-15 02:00:00 PM","B35","E","302701","20","33","7","3"
"2024-10-15","2024-10-15 02:00:00 PM","B35","W","302772","20","0","1","1"
"2024-10-15","2024-10-15 02:00:00 PM","B35","W","307790","20","4","4","2"
"2024-10-15","2024-10-15 02:00:00 PM","BX19","N","104099","20","9","7","3"
"2024-10-15","2024-10-15 02:00:00 PM","BX19","S","104242","20","19","15","4"
"2024-10-15","2024-10-15 02:00:00 PM","Q58","E","503465","20","22","8","5"
"2024-10-15","2024-10-15 02:00:00 PM","Q58","E","503490","20","2","9","3"
"2024-10-15","2024-10-15 02:00:00 PM","Q58","E","503487","20","0","3","2"
"2024-10-15","2024-10-15 02:00:00 PM","S79+","N","201052","20","3","13","4"
"2024-10-15","2024-10-15 02:00:00 PM","S79+","S","202845","20","0","28","4"
"2024-10-15","2024-10-15 03:00:00 PM","M101","S","402645","20","6","10","2"
"2024-10-15","2024-10-15 04:00:00 PM","M15","S","401756","20","2","3","2"
"2024-10-15","2024-10-15 04:00:00 PM","S53","E","203554","20","1","1","1"
"2024-10-15","2024-10-15 04:00:00 PM","S53","W","200708","20","12","0","2"
"2024-10-15","2024-10-15 05:00:00 PM","B35","E","302701","20","64","16","4"
"2024-10-15","2024-10-15 05:00:00 PM","B35","E","302715","20","3","3","1"
"2024-10-15","2024-10-15 05:00:00 PM","B35","W","307790","20","18","15","3"
"2024-10-15","2024-10-15 05:00:00 PM","B35","W","302772","20","3","5","3"
"2024-10-15","2024-10-15 05:00:00 PM","BX19","N","104099","20","10","14","4"
"2024-10-15","2024-10-15 05:00:00 PM","BX19","S","104242","20","9","20","3"
"2024-10-15","2024-10-15 05:00:00 PM","Q58","E","503465","20","23","5","3"
"2024-10-15","2024-10-15 05:00:00 PM","S79+","N","201052","20","8","17","8"
"2024-10-15","2024-10-15 05:00:00 PM","S79+","S","202845","20","0","23","6"
"2024-10-15","2024-10-15 06:00:00 PM","B46","N","308804","20","25","14","4"
"2024-10-15","2024-10-15 06:00:00 PM","B46","S","303698","20","0","1","1"
"2024-10-15","2024-10-15 06:00:00 PM","B46","S","303672","20","30","10","4"
"2024-10-15","2024-10-15 06:00:00 PM","M101","N","402505","20","0","2","1"
"2024-10-15","2024-10-15 07:00:00 PM","B35","E","302701","20","44","15","4"
"2024-10-15","2024-10-15 07:00:00 PM","B35","E","302715","20","36","48","3"
"2024-10-15","2024-10-15 07:00:00 PM","B35","W","307790","20","2","10","3"
"2024-10-15","2024-10-15 07:00:00 PM","BX19","N","104099","20","5","7","4"
"2024-10-15","2024-10-15 07:00:00 PM","BX19","S","104242","20","4","12","2"
"2024-10-15","2024-10-15 07:00:00 PM","Q58","E","503465","20","7","4","2"
"2024-10-15","2024-10-15 07:00:00 PM","Q58","W","503521","20","0","2","1"
"2024-10-15","2024-10-15 08:00:00 PM","BX19","N","104099","20","4","11","2"
"2024-10-15","2024-10-15 08:00:00 PM","BX19","S","104242","20","0","7","2"
"2024-10-15","2024-10-15 08:00:00 PM","S53","E","203554","20","3","2","1"
"2024-10-15","2024-10-15 08:00:00 PM","S53","W","200708","20","9","3","4"
"2024-10-15","2024-10-15 08:00:00 PM","S79+","N","201052","20","1","0","1"
"2024-10-15","2024-10-15 08:00:00 PM","S79+","S","202845","20","5","15","4"
"2024-10-15","2024-10-15 09:00:00 PM","M101","N","402505","20","2","1","1"
"2024-10-15","2024-10-15 09:00:00 PM","M101","S","402645","20","0","2","0"
"2024-10-15","2024-10-15 09:00:00 PM","M15","N","401688","20","0","4","2"
"2024-10-15","2024-10-15 09:00:00 PM","Q58","E","503465","20","15","6","4"
"2024-10-15","2024-10-15 09:00:00 PM","Q58","W","503521","20","0","6","4"
"2024-10-15","2024-10-15 11:00:00 PM","B35","E","302696","20","0","1","1"
"2024-10-15","2024-10-15 11:00:00 PM","B35","W","307790","20","0","3","1"
"2024-10-15","2024-10-15 11:00:00 PM","B46","N","308804","20","22","12","5"
"2024-10-15","2024-10-15 11:00:00 PM","B46","S","303672","20","88","10","5"
"2024-10-15","2024-10-15 02:00:00 PM","B35","E","302702","21","9","8","3"
"2024-10-15","2024-10-15 11:00:00 PM","B35","W","307793","21","8","8","2"
"2024-10-15","2024-10-15 07:00:00 PM","Q58","E","503466","21","8","1","5"
"2024-10-15","2024-10-15 05:00:00 PM","BX19","N","101320","21","8","6","2"
"2024-10-15","2024-10-15 10:00:00 AM","B35","W","302773","21","12","11","4"
"2024-10-15","2024-10-15 10:00:00 AM","B35","W","307793","21","16","9","2"
"2024-10-15","2024-10-15 02:00:00 PM","S79+","S","203199","21","0","36","4"
"2024-10-15","2024-10-15 10:00:00 AM","S53","W","200710","21","1","6","4"
"2024-10-15","2024-10-15 12:00:00 PM","BX19","S","101366","21","31","12","2"
"2024-10-15","2024-10-15 01:00:00 PM","B46","N","303609","21","5","4","3"
"2024-10-15","2024-10-15 02:00:00 PM","B35","W","307793","21","2","11","2"
"2024-10-15","2024-10-15 08:00:00 PM","S53","W","200315","21","0","1","0"
"2024-10-15","2024-10-15 09:00:00 PM","Q58","E","503466","21","2","2","2"
"2024-10-15","2024-10-15 06:00:00 PM","M101","N","402506","21","2","1","2"
"2024-10-15","2024-10-15 02:00:00 PM","B35","W","302773","21","3","3","1"
"2024-10-15","2024-10-15 06:00:00 PM","M101","S","402646","21","0","1","1"
"2024-10-15","2024-10-15 08:00:00 PM","BX19","N","101320","21","2","4","2"
"2024-10-15","2024-10-15 08:00:00 PM","S79+","S","203199","21","0","11","3"
"2024-10-15","2024-10-15 01:00:00 PM","S53","E","200612","21","2","1","2"
"2024-10-15","2024-10-15 11:00:00 PM","B46","N","303609","21","3","0","3"
"2024-10-15","2024-10-15 07:00:00 PM","BX19","S","101366","21","8","2","2"
"2024-10-15","2024-10-15 02:00:00 PM","BX19","N","101320","21","3","7","2"
"2024-10-15","2024-10-15 02:00:00 PM","S79+","N","203344","21","10","38","4"
"2024-10-15","2024-10-15 08:00:00 AM","B35","W","302766","21","2","2","1"
"2024-10-15","2024-10-15 08:00:00 PM","S53","W","200710","21","1","3","3"
"2024-10-15","2024-10-15 02:00:00 PM","BX19","S","101366","21","48","10","5"
"2024-10-15","2024-10-15 08:00:00 PM","BX19","S","101366","21","12","3","2"
"2024-10-15","2024-10-15 07:00:00 PM","BX19","N","101320","21","6","5","4"
"2024-10-15","2024-10-15 09:00:00 AM","B46","S","303673","21","0","1","1"
"2024-10-15","2024-10-15 09:00:00 AM","B46","S","303699","21","0","2","1"
"2024-10-15","2024-10-15 08:00:00 PM","S79+","N","203344","21","5","3","4"
"2024-10-15","2024-10-15 05:00:00 PM","Q58","E","503466","21","6","0","1"
"2024-10-15","2024-10-15 03:00:00 PM","M101","S","402646","21","5","1","2"
"2024-10-15","2024-10-15 10:00:00 AM","B46","S","303673","21","0","1","1"
"2024-10-15","2024-10-15 05:00:00 PM","B35","W","307793","21","69","68","5"
"2024-10-15","2024-10-15 05:00:00 PM","B35","W","302773","21","7","15","2"
"2024-10-15","2024-10-15 11:00:00 PM","B46","S","303673","21","1","0","1"
"2024-10-15","2024-10-15 08:00:00 AM","B35","W","302773","21","11","16","4"
"2024-10-15","2024-10-15 08:00:00 AM","S53","E","200612","21","2","0","1"
"2024-10-15","2024-10-15 01:00:00 PM","M101","N","402506","21","7","5","1"
"2024-10-15","2024-10-15 07:00:00 PM","B35","W","307793","21","12","15","4"
"2024-10-15","2024-10-15 09:00:00 PM","M15","N","401689","21","0","1","1"
"2024-10-15","2024-10-15 07:00:00 AM","M15","N","401697","21","0","4","1"
"2024-10-15","2024-10-15 05:00:00 PM","B35","E","302716","21","0","6","2"
"2024-10-15","2024-10-15 05:00:00 PM","BX19","S","101366","21","18","18","5"
"2024-10-15","2024-10-15 02:00:00 PM","Q58","E","503488","21","0","3","1"
"2024-10-15","2024-10-15 02:00:00 PM","Q58","E","503466","21","15","10","4"
"2024-10-15","2024-10-15 05:00:00 PM","B35","E","302702","21","30","9","3"
"2024-10-15","2024-10-15 08:00:00 AM","BX19","S","101366","21","48","21","6"
"2024-10-15","2024-10-15 11:00:00 AM","M15","N","401689","21","1","9","2"
"2024-10-15","2024-10-15 12:00:00 PM","B35","E","302716","21","5","7","5"
"2024-10-15","2024-10-15 08:00:00 AM","S79+","S","203199","21","1","13","7"
"2024-10-15","2024-10-15 12:00:00 PM","B35","E","302702","21","13","2","1"
"2024-10-15","2024-10-15 11:00:00 AM","M15","N","401697","21","3","6","1"
"2024-10-15","2024-10-15 08:00:00 AM","B35","E","302702","21","15","18","4"
"2024-10-15","2024-10-15 08:00:00 AM","B35","E","302716","21","6","12","2"
"2024-10-15","2024-10-15 06:00:00 PM","B46","N","303609","21","1","3","2"
"2024-10-15","2024-10-15 07:00:00 PM","B35","W","302773","21","3","6","2"
"2024-10-15","2024-10-15 02:00:00 PM","B35","E","302716","21","10","12","4"
"2024-10-15","2024-10-15 09:00:00 AM","B46","N","303609","21","6","1","4"
"2024-10-15","2024-10-15 09:00:00 PM","Q58","W","503017","21","4","3","4"
"2024-10-15","2024-10-15 04:00:00 PM","M15","N","401689","21","5","3","1"
"2024-10-15","2024-10-15 07:00:00 PM","Q58","W","503017","21","6","10","3"
"2024-10-15","2024-10-15 09:00:00 PM","M101","N","402506","21","0","1","1"
"2024-10-15","2024-10-15 07:00:00 PM","B35","E","302716","21","2","3","2"
"2024-10-15","2024-10-15 07:00:00 PM","B35","E","302702","21","9","4","4"
"2024-10-15","2024-10-15 12:00:00 PM","BX19","N","101320","21","6","15","4"
"2024-10-15","2024-10-15 08:00:00 AM","S79+","N","203344","21","60","14","10"
"2024-10-15","2024-10-15 08:00:00 AM","S53","W","200710","21","0","11","4"
"2024-10-15","2024-10-15 05:00:00 PM","S79+","N","203344","21","25","21","8"
"2024-10-15","2024-10-15 06:00:00 PM","B46","S","303673","21","3","7","2"
"2024-10-15","2024-10-15 10:00:00 AM","B35","E","302716","21","2","1","3"
"2024-10-15","2024-10-15 06:00:00 PM","B46","S","303699","21","0","1","1"
"2024-10-15","2024-10-15 01:00:00 PM","S53","W","200710","21","2","2","1"
"2024-10-15","2024-10-15 10:00:00 AM","B35","E","302702","21","5","0","2"
"2024-10-15","2024-10-15 08:00:00 AM","B35","W","307793","21","47","62","3"
"2024-10-15","2024-10-15 05:00:00 PM","S79+","S","203199","21","2","25","7"
"2024-10-15","2024-10-15 04:00:00 PM","M15","S","401758","21","9","11","3"
"2024-10-15","2024-10-15 01:00:00 PM","B46","S","303673","21","0","5","3"
"2024-10-15","2024-10-15 02:00:00 PM","Q58","E","503491","21","0","2","2"
"2024-10-15","2024-10-15 08:00:00 AM","BX19","N","101320","21","5","1","1"
"2024-10-15","2024-10-15 11:00:00 PM","B35","E","302697","21","0","1","1"
"2024-10-15","2024-10-15 07:00:00 AM","M15","S","401758","21","5","8","1"
"2024-10-15","2024-10-15 07:00:00 AM","S53","W","200710","21","2","10","1"
"2024-10-15","2024-10-15 10:00:00 PM","S53","W","200710","21","1","0","1"
"2024-10-15","2024-10-15 11:00:00 AM","Q58","E","503466","21","15","2","4"
"2024-10-15","2024-10-15 10:00:00 AM","M101","S","402646","21","3","6","2"
"2024-10-15","2024-10-15 03:00:00 PM","S79+","S","203199","21","0","65","4"
"2024-10-15","2024-10-15 03:00:00 PM","Q58","E","503488","21","2","21","3"
"2024-10-15","2024-10-15 03:00:00 PM","Q58","E","503466","21","11","6","5"
"2024-10-15","2024-10-15 08:00:00 PM","B46","S","303673","21","0","1","1"
"2024-10-15","2024-10-15 03:00:00 PM","Q58","W","503017","21","11","24","8"
"2024-10-15","2024-10-15 07:00:00 PM","B46","N","303609","21","2","0","1"
"2024-10-15","2024-10-15 10:00:00 AM","M15","S","401758","21","0","3","1"
"2024-10-15","2024-10-15 01:00:00 PM","M15","S","401758","21","6","3","1"
"2024-10-15","2024-10-15 10:00:00 PM","S79+","N","203344","21","0","2","1"
"2024-10-15","2024-10-15 04:00:00 PM","B46","S","303699","21","2","3","0"
"2024-10-15","2024-10-15 06:00:00 PM","S53","E","200612","21","1","0","1"
"2024-10-15","2024-10-15 03:00:00 PM","B46","N","303609","21","3","5","3"
"2024-10-15","2024-10-15 07:00:00 AM","BX19","N","101322","21","4","5","2"
"2024-10-15","2024-10-15 09:00:00 AM","B35","E","302716","21","0","3","1"
"2024-10-15","2024-10-15 09:00:00 AM","B35","E","302702","21","11","3","3"
"2024-10-15","2024-10-15 12:00:00 PM","M101","N","402506","21","6","3","1"
"2024-10-15","2024-10-15 02:00:00 PM","S53","W","200710","21","2","8","3"
"2024-10-15","2024-10-15 04:00:00 PM","B46","S","303673","21","8","0","2"
"2024-10-15","2024-10-15 12:00:00 PM","S79+","S","203199","21","0","42","6"
"2024-10-15","2024-10-15 08:00:00 AM","M101","N","402506","21","2","1","2"
"2024-10-15","2024-10-15 10:00:00 PM","S79+","S","203199","21","0","1","1"
"2024-10-15","2024-10-15 10:00:00 AM","M15","N","401697","21","0","2","1"
"2024-10-15","2024-10-15 06:00:00 PM","M15","N","401689","21","4","5","1"
"2024-10-15","2024-10-15 03:00:00 PM","B46","N","303613","21","0","1","1"
"2024-10-15","2024-10-15 06:00:00 PM","M15","N","401697","21","1","2","1"
"2024-10-15","2024-10-15 03:00:00 PM","B35","W","302773","21","23","12","5"
"2024-10-15","2024-10-15 10:00:00 PM","B35","E","302697","21","0","1","1"
"2024-10-15","2024-10-15 10:00:00 PM","B35","E","302716","21","0","4","2"
"2024-10-15","2024-10-15 08:00:00 PM","B35","E","302716","21","2","3","3"
"2024-10-15","2024-10-15 07:00:00 PM","S53","W","200710","21","1","0","1"
"2024-10-15","2024-10-15 03:00:00 PM","B35","W","307793","21","28","28","3"
"2024-10-15","2024-10-15 07:00:00 AM","BX19","S","101366","21","25","13","3"
"2024-10-15","2024-10-15 12:00:00 PM","S79+","N","203344","21","11","5","4"
"2024-10-15","2024-10-15 11:00:00 AM","Q58","W","503017","21","3","3","3"
"2024-10-15","2024-10-15 05:00:00 PM","Q58","W","503017","21","21","15","6"
"2024-10-15","2024-10-15 12:00:00 PM","B46","S","303673","21","2","0","1"
"2024-10-15","2024-10-15 09:00:00 AM","Q58","E","503466","21","8","2","6"
"2024-10-15","2024-10-15 04:00:00 PM","B46","N","303609","21","3","3","3"
"2024-10-15","2024-10-15 09:00:00 AM","B35","W","302773","21","4","19","3"
"2024-10-15","2024-10-15 09:00:00 AM","B35","W","307793","21","18","35","3"
"2024-10-15","2024-10-15 04:00:00 PM","Q58","E","503466","21","7","3","5"
"2024-10-15","2024-10-15 04:00:00 PM","B46","N","303614","21","0","2","1"
"2024-10-15","2024-10-15 11:00:00 PM","S79+","S","203199","21","0","1","1"
"2024-10-15","2024-10-15 03:00:00 PM","B46","S","303673","21","7","2","3"
"2024-10-15","2024-10-15 08:00:00 PM","B35","W","302773","21","2","1","1"
"2024-10-15","2024-10-15 08:00:00 PM","B35","E","302702","21","9","6","3"
"2024-10-15","2024-10-15 09:00:00 PM","BX19","S","101366","21","0","7","1"
"2024-10-15","2024-10-15 08:00:00 PM","M101","N","402506","21","14","3","2"
"2024-10-15","2024-10-15 07:00:00 AM","BX19","N","101320","21","2","2","1"
"2024-10-15","2024-10-15 04:00:00 PM","M101","N","402506","21","0","2","1"
"2024-10-15","2024-10-15 08:00:00 PM","B35","W","307793","21","6","6","2"
"2024-10-15","2024-10-15 03:00:00 PM","S79+","N","203344","21","12","18","5"
"2024-10-15","2024-10-15 06:00:00 PM","S79+","N","203344","21","25","13","6"
"2024-10-15","2024-10-15 07:00:00 AM","BX19","N","101337","21","0","14","1"
"2024-10-15","2024-10-15 08:00:00 PM","M101","S","402646","21","2","0","1"
"2024-10-15","2024-10-15 06:00:00 PM","S79+","S","203199","21","1","36","7"
"2024-10-15","2024-10-15 11:00:00 AM","BX19","N","101320","21","3","3","2"
"2024-10-15","2024-10-15 03:00:00 PM","BX19","S","101366","21","2","1","1"
"2024-10-15","2024-10-15 10:00:00 PM","B35","W","302773","21","6","3","2"
"2024-10-15","2024-10-15 10:00:00 PM","B35","W","307793","21","3","6","1"
"2024-10-15","2024-10-15 12:00:00 PM","S53","W","200710","21","2","3","2"
"2024-10-15","2024-10-15 09:00:00 AM","Q58","W","503017","21","2","5","5"
"2024-10-15","2024-10-15 10:00:00 PM","B46","N","303609","21","2","1","2"
"2024-10-15","2024-10-15 11:00:00 PM","S53","W","200710","21","0","2","2"
"2024-10-15","2024-10-15 10:00:00 PM","B46","S","303673","21","0","1","1"
"2024-10-15","2024-10-15 11:00:00 AM","BX19","S","101366","21","26","22","6"
"2024-10-15","2024-10-15 10:00:00 AM","S79+","S","203199","21","0","70","9"
"2024-10-15","2024-10-15 09:00:00 PM","BX19","N","101320","21","2","0","1"
"2024-10-15","2024-10-15 06:00:00 PM","S53","W","200710","21","7","6","4"
"2024-10-15","2024-10-15 09:00:00 AM","Q58","E","503488","21","1","1","0"
"2024-10-15","2024-10-15 04:00:00 PM","Q58","W","503017","21","33","18","9"
"2024-10-15","2024-10-15 02:00:00 PM","M15","N","401697","21","0","1","1"
"2024-10-15","2024-10-15 02:00:00 PM","M15","N","401689","21","20","7","3"
"2024-10-15","2024-10-15 08:00:00 PM","B46","N","303609","21","3","0","3"
"2024-10-15","2024-10-15 07:00:00 PM","B46","S","303699","21","0","3","1"
"2024-10-15","2024-10-15 08:00:00 AM","M15","S","401758","21","1","10","2"
"2024-10-15","2024-10-15 10:00:00 AM","S79+","N","203344","21","18","7","5"
"2024-10-15","2024-10-15 05:00:00 PM","M15","N","401697","21","2","2","1"
"2024-10-15","2024-10-15 01:00:00 PM","S79+","S","203199","21","0","30","4"
"2024-10-15","2024-10-16 12:00:00 AM","B35","W","307793","21","0","1","1"
"2024-10-15","2024-10-15 10:00:00 PM","M15","S","401758","21","1","3","1"
"2024-10-15","2024-10-16 12:00:00 AM","B46","N","303609","21","1","2","1"
"2024-10-15","2024-10-15 10:00:00 PM","S53","E","200612","21","0","1","1"
"2024-10-15","2024-10-15 01:00:00 PM","S79+","N","203344","21","14","16","4"
"2024-10-15","2024-10-15 09:00:00 AM","BX19","N","101320","21","1","4","2"
"2024-10-15","2024-10-15 05:00:00 PM","M101","N","402506","21","1","0","1"
"2024-10-15","2024-10-15 03:00:00 PM","BX19","N","101320","21","10","12","5"
"2024-10-15","2024-10-15 11:00:00 PM","S79+","N","203344","21","2","2","2"
"2024-10-15","2024-10-15 12:00:00 PM","B35","W","307793","21","18","24","3"
"2024-10-15","2024-10-15 02:00:00 PM","M15","S","401758","21","2","6","1"
"2024-10-15","2024-10-15 12:00:00 PM","B46","N","303609","21","4","4","3"
"2024-10-15","2024-10-15 11:00:00 AM","Q58","E","503488","21","0","4","0"
"2024-10-15","2024-10-15 09:00:00 AM","BX19","S","101366","21","3","4","1"
"2024-10-15","2024-10-15 10:00:00 AM","Q58","E","503488","21","1","0","0"
"2024-10-15","2024-10-15 12:00:00 PM","Q58","W","505082","21","1","2","0"
"2024-10-15","2024-10-15 01:00:00 PM","Q58","E","503466","21","14","2","6"
"2024-10-15","2024-10-15 06:00:00 AM","B35","E","302702","21","5","0","1"
"2024-10-15","2024-10-15 06:00:00 AM","B35","E","302697","21","6","1","1"
"2024-10-15","2024-10-15 07:00:00 AM","S79+","N","203344","21","31","5","4"
"2024-10-15","2024-10-15 06:00:00 AM","M15","S","401758","21","2","0","1"
"2024-10-15","2024-10-15 10:00:00 PM","Q58","W","503017","21","7","2","4"
"2024-10-15","2024-10-15 05:00:00 AM","BX19","S","101366","21","3","0","1"
"2024-10-15","2024-10-15 02:00:00 PM","B46","S","303673","21","3","0","2"
"2024-10-15","2024-10-15 12:00:00 AM","BX12","W","100850","21","1","0","1"
"2024-10-15","2024-10-15 07:00:00 AM","S79+","S","203199","21","1","8","5"
"2024-10-15","2024-10-15 12:00:00 AM","B35","E","302697","21","0","3","2"
"2024-10-15","2024-10-15 07:00:00 PM","S79+","N","203344","21","10","8","4"
"2024-10-15","2024-10-15 05:00:00 AM","S79+","N","203344","21","17","0","3"
"2024-10-15","2024-10-15 12:00:00 AM","M101","S","402646","21","0","2","1"
"2024-10-15","2024-10-15 04:00:00 AM","Q58","E","503466","21","5","0","2"
"2024-10-15","2024-10-15 07:00:00 PM","M101","S","402646","21","1","3","1"
"2024-10-15","2024-10-15 04:00:00 AM","B46","N","303609","21","6","0","3"
"2024-10-15","2024-10-15 02:00:00 PM","B46","N","303609","21","10","0","3"
"2024-10-15","2024-10-15 04:00:00 PM","BX19","N","101320","21","13","10","3"
"2024-10-15","2024-10-15 09:00:00 PM","S79+","S","203199","21","2","1","2"
"2024-10-15","2024-10-15 10:00:00 AM","Q58","W","503017","21","5","6","5"
"2024-10-15","2024-10-15 10:00:00 AM","Q58","W","505082","21","1","2","0"
"2024-10-15","2024-10-15 10:00:00 PM","Q58","E","503466","21","1","2","3"
"2024-10-15","2024-10-15 07:00:00 PM","M15","S","401758","21","6","1","3"
"2024-10-15","2024-10-15 08:00:00 AM","B46","N","303614","21","2","5","2"
"2024-10-15","2024-10-15 08:00:00 AM","B46","N","303609","21","4","3","3"
"2024-10-15","2024-10-15 09:00:00 PM","B46","N","303609","21","1","0","1"
"2024-10-15","2024-10-15 10:00:00 PM","BX19","S","101366","21","0","5","1"
"2024-10-15","2024-10-15 07:00:00 AM","B46","N","303614","21","3","11","4"
"2024-10-15","2024-10-15 12:00:00 AM","B35","W","307793","21","6","2","1"
"2024-10-15","2024-10-15 07:00:00 AM","B46","S","303673","21","1","1","2"
"2024-10-15","2024-10-15 01:00:00 PM","BX19","N","101320","21","7","11","2"
"2024-10-15","2024-10-15 06:00:00 PM","BX19","N","101320","21","6","11","3"
"2024-10-15","2024-10-15 05:00:00 PM","B46","S","303673","21","2","2","1"
"2024-10-15","2024-10-15 05:00:00 PM","S53","W","200710","21","3","4","2"
"2024-10-15","2024-10-15 12:00:00 PM","M15","N","401689","21","3","0","1"
"2024-10-15","2024-10-15 11:00:00 PM","Q58","E","503466","21","2","0","1"
"2024-10-15","2024-10-15 11:00:00 AM","S79+","S","203199","21","0","37","6"
"2024-10-15","2024-10-15 06:00:00 PM","B35","E","302702","21","8","6","3"
"2024-10-15","2024-10-15 09:00:00 AM","M101","N","402506","21","3","1","2"
"2024-10-15","2024-10-15 07:00:00 AM","Q58","E","503466","21","16","1","5"
"2024-10-15","2024-10-15 06:00:00 PM","B35","E","302716","21","3","8","3"
"2024-10-15","2024-10-15 09:00:00 AM","S53","E","200612","21","1","0","1"
"2024-10-15","2024-10-15 03:00:00 PM","B35","E","302702","21","6","3","3"
"2024-10-15","2024-10-15 11:00:00 AM","S79+","N","203344","21","18","9","3"
"2024-10-15","2024-10-15 08:00:00 AM","Q58","W","503017","21","4","8","5"
"2024-10-15","2024-10-15 02:00:00 PM","Q58","W","503017","21","15","31","7"
"2024-10-15","2024-10-15 02:00:00 PM","Q58","W","505082","21","0","2","1"
"2024-10-15","2024-10-15 07:00:00 AM","B46","N","303609","21","14","4","6"
"2024-10-15","2024-10-15 01:00:00 AM","B35","W","307793","21","1","0","1"
"2024-10-15","2024-10-15 04:00:00 AM","Q58","W","503017","21","2","0","1"
"2024-10-15","2024-10-15 03:00:00 PM","B35","E","302716","21","17","24","5"
"2024-10-15","2024-10-15 02:00:00 AM","B46","S","303673","21","0","1","1"
"2024-10-15","2024-10-15 08:00:00 PM","Q58","W","503017","21","6","4","3"
"2024-10-15","2024-10-15 09:00:00 PM","S53","W","200710","21","0","1","1"
"2024-10-15","2024-10-15 05:00:00 AM","M101","N","401446","21","1","0","1"
"2024-10-15","2024-10-15 05:00:00 AM","Q58","W","503017","21","2","1","3"
"2024-10-15","2024-10-15 03:00:00 AM","B35","E","302697","21","1","0","1"
"2024-10-15","2024-10-15 01:00:00 AM","B35","E","302697","21","0","1","1"
"2024-10-15","2024-10-15 06:00:00 AM","S79+","N","203344","21","48","1","7"
"2024-10-15","2024-10-15 12:00:00 AM","B46","N","303609","21","1","0","1"
"2024-10-15","2024-10-15 01:00:00 PM","BX19","S","101366","21","12","8","2"
"2024-10-15","2024-10-15 06:00:00 AM","B46","N","303609","21","9","3","4"
"2024-10-15","2024-10-15 09:00:00 AM","M101","S","402646","21","1","1","1"
"2024-10-15","2024-10-15 04:00:00 PM","B35","E","302702","21","16","16","4"
"2024-10-15","2024-10-15 08:00:00 AM","Q58","E","503466","21","23","0","4"
"2024-10-15","2024-10-15 09:00:00 AM","S79+","N","203344","21","13","5","3"
"2024-10-15","2024-10-15 06:00:00 PM","BX19","S","101366","21","12","13","2"
"2024-10-15","2024-10-15 05:00:00 PM","B46","N","303609","21","3","4","3"
"2024-10-15","2024-10-15 12:00:00 PM","Q58","E","503466","21","10","2","4"
"2024-10-15","2024-10-15 03:00:00 AM","Q58","W","503017","21","3","0","1"
"2024-10-15","2024-10-15 04:00:00 AM","B35","W","307793","21","2","8","2"
"2024-10-15","2024-10-15 01:00:00 PM","B35","E","302716","21","0","1","1"
"2024-10-15","2024-10-15 09:00:00 PM","S79+","N","203344","21","0","6","2"
"2024-10-15","2024-10-15 11:00:00 AM","S53","E","200612","21","0","2","2"
"2024-10-15","2024-10-15 09:00:00 PM","B35","W","302773","21","4","1","2"
"2024-10-15","2024-10-15 01:00:00 PM","B35","E","302702","21","13","1","2"
"2024-10-15","2024-10-15 02:00:00 PM","M101","S","402646","21","1","9","2"
"2024-10-15","2024-10-15 09:00:00 AM","S79+","S","203199","21","0","33","9"
"2024-10-15","2024-10-15 06:00:00 AM","S79+","S","203199","21","0","8","4"
"2024-10-15","2024-10-15 01:00:00 PM","B35","W","302773","21","4","5","3"
"2024-10-15","2024-10-15 06:00:00 AM","M101","S","402842","21","0","1","1"
"2024-10-15","2024-10-15 06:00:00 AM","M101","S","402646","21","0","3","1"
"2024-10-15","2024-10-15 11:00:00 PM","Q58","W","503017","21","5","6","4"
"2024-10-15","2024-10-15 01:00:00 AM","B46","S","303673","21","1","1","1"
"2024-10-15","2024-10-15 06:00:00 PM","Q58","E","503466","21","3","6","4"
"2024-10-15","2024-10-15 08:00:00 PM","Q58","E","503466","21","7","7","7"
"2024-10-15","2024-10-15 06:00:00 AM","BX19","S","101366","21","11","2","3"
"2024-10-15","2024-10-15 11:00:00 AM","B46","S","303673","21","1","0","1"
"2024-10-15","2024-10-15 09:00:00 PM","B46","S","303699","21","0","1","1"
"2024-10-15","2024-10-15 10:00:00 AM","BX19","N","101320","21","2","6","4"
"2024-10-15","2024-10-15 01:00:00 PM","B35","W","307793","21","31","50","5"
"2024-10-15","2024-10-15 04:00:00 PM","S79+","S","203199","21","3","32","5"
"2024-10-15","2024-10-15 09:00:00 PM","B35","W","307793","21","8","5","2"
"2024-10-15","2024-10-15 04:00:00 PM","B35","E","302716","21","2","13","3"
"2024-10-15","2024-10-15 06:00:00 AM","B35","W","307793","21","26","42","2"
"2024-10-15","2024-10-15 12:00:00 PM","M15","S","401758","21","15","6","3"
"2024-10-15","2024-10-15 06:00:00 AM","Q58","E","503466","21","9","0","2"
"2024-10-15","2024-10-15 09:00:00 AM","M15","N","401697","21","2","1","1"
"2024-10-15","2024-10-15 05:00:00 AM","Q58","E","503466","21","8","0","3"
"2024-10-15","2024-10-15 05:00:00 AM","B35","W","307793","21","3","4","1"
"2024-10-15","2024-10-15 05:00:00 AM","S53","E","200612","21","2","0","1"
"2024-10-15","2024-10-15 03:00:00 AM","Q58","E","503466","21","2","1","1"
"2024-10-15","2024-10-15 11:00:00 AM","B46","N","303609","21","3","0","3"
"2024-10-15","2024-10-15 04:00:00 PM","B35","W","307793","21","11","10","2"
"2024-10-15","2024-10-15 01:00:00 AM","Q58","W","503017","21","1","0","1"
"2024-10-15","2024-10-15 09:00:00 PM","B35","E","302716","21","1","11","2"
"2024-10-15","2024-10-15 06:00:00 PM","Q58","W","503017","21","17","6","7"
"2024-10-15","2024-10-15 07:00:00 AM","Q58","W","503017","21","4","9","4"
"2024-10-15","2024-10-15 03:00:00 PM","S53","W","200710","21","6","14","1"
"2024-10-15","2024-10-15 09:00:00 PM","B46","S","303673","21","1","1","1"
"2024-10-15","2024-10-15 10:00:00 AM","BX19","S","101366","21","21","10","4"
"2024-10-15","2024-10-15 07:00:00 AM","B35","W","307793","21","39","68","3"
"2024-10-15","2024-10-15 07:00:00 AM","B35","W","302766","21","2","1","1"
"2024-10-15","2024-10-15 07:00:00 AM","B35","W","302773","21","7","8","2"
"2024-10-15","2024-10-15 04:00:00 PM","B35","W","302773","21","7","5","2"
"2024-10-15","2024-10-15 04:00:00 AM","S79+","N","203344","21","2","0","1"
"2024-10-15","2024-10-15 01:00:00 PM","Q58","W","505082","21","0","1","0"
"2024-10-15","2024-10-15 06:00:00 AM","Q58","W","503017","21","3","1","3"
"2024-10-15","2024-10-15 12:00:00 AM","BX12","E","100317","21","0","1","1"
"2024-10-15","2024-10-15 06:00:00 PM","B35","W","302773","21","8","3","4"
"2024-10-15","2024-10-15 11:00:00 AM","B35","W","307793","21","15","26","3"
"2024-10-15","2024-10-15 11:00:00 AM","B35","W","302773","21","2","0","1"
"2024-10-15","2024-10-15 06:00:00 PM","B35","W","307793","21","7","12","2"
"2024-10-15","2024-10-15 08:00:00 AM","B46","S","303673","21","1","0","1"
"2024-10-15","2024-10-15 08:00:00 AM","B46","S","303699","21","2","3","3"
"2024-10-15","2024-10-15 01:00:00 PM","Q58","W","503017","21","3","16","4"
"2024-10-15","2024-10-15 02:00:00 PM","M101","N","402506","21","11","2","1"
"2024-10-15","2024-10-15 04:00:00 PM","S79+","N","203344","21","22","10","5"
"2024-10-15","2024-10-15 12:00:00 AM","Q58","W","503017","21","1","0","1"
"2024-10-15","2024-10-15 09:00:00 AM","M15","S","401758","21","6","2","2"
"2024-10-15","2024-10-15 05:00:00 AM","B35","E","302697","21","1","0","1"
"2024-10-15","2024-10-15 08:00:00 PM","M15","N","401697","21","2","4","1"
"2024-10-15","2024-10-15 04:00:00 PM","BX19","S","101366","21","18","11","4"
"2024-10-15","2024-10-15 07:00:00 AM","B35","E","302702","21","20","25","5"
"2024-10-15","2024-10-15 07:00:00 AM","B35","E","302716","21","1","8","1"
"2024-10-15","2024-10-15 02:00:00 AM","B35","W","307793","21","2","2","1"
"2024-10-15","2024-10-15 07:00:00 PM","S79+","S","203199","21","0","11","4"
"2024-10-15","2024-10-15 11:00:00 AM","B35","E","302716","21","0","1","1"
"2024-10-15","2024-10-15 05:00:00 AM","B46","N","303609","21","12","0","5"
"2024-10-15","2024-10-15 11:00:00 AM","B35","E","302702","21","23","7","3"
"2024-10-15","2024-10-15 05:00:00 AM","S53","W","200710","21","0","1","1"
"2024-10-15","2024-10-15 12:00:00 PM","Q58","W","503017","21","3","17","6"
"2024-10-15","2024-10-15 10:00:00 AM","Q58","E","503477","21","1","9","0"
"2024-10-15","2024-10-15 10:00:00 AM","Q58","E","503466","21","4","3","4"
"2024-10-15","2024-10-15 05:00:00 AM","S53","E","202787","22","1","0","1"
"2024-10-15","2024-10-15 10:00:00 PM","BX19","S","101368","22","1","1","1"
"2024-10-15","2024-10-15 06:00:00 PM","B35","E","901728","22","1","9","3"
"2024-10-15","2024-10-15 06:00:00 PM","B35","E","302718","22","1","15","4"
"2024-10-15","2024-10-15 01:00:00 PM","B35","E","901728","22","1","11","2"
"2024-10-15","2024-10-15 01:00:00 PM","B35","E","302718","22","1","3","2"
"2024-10-15","2024-10-15 08:00:00 AM","Q58","W","503018","22","52","98","8"
"2024-10-15","2024-10-15 06:00:00 AM","B46","S","308568","22","4","1","3"
"2024-10-15","2024-10-15 12:00:00 PM","Q58","W","505083","22","0","4","0"
"2024-10-15","2024-10-15 12:00:00 PM","Q58","W","503018","22","66","54","6"
"2024-10-15","2024-10-15 01:00:00 AM","B46","N","303610","22","1","0","1"
"2024-10-15","2024-10-15 12:00:00 AM","B35","W","307795","22","1","1","1"
"2024-10-15","2024-10-15 05:00:00 PM","S53","W","200626","22","3","2","3"
"2024-10-15","2024-10-15 07:00:00 AM","B46","S","308568","22","18","10","4"
"2024-10-15","2024-10-15 09:00:00 AM","M101","N","402507","22","15","30","2"
"2024-10-15","2024-10-15 03:00:00 PM","B35","E","901728","22","8","19","3"
"2024-10-15","2024-10-15 03:00:00 PM","B35","E","302718","22","2","18","4"
"2024-10-15","2024-10-15 02:00:00 PM","Q58","W","505083","22","0","3","0"
"2024-10-15","2024-10-15 02:00:00 PM","Q58","W","503018","22","116","83","7"
"2024-10-15","2024-10-15 03:00:00 PM","S53","E","202787","22","1","2","2"
"2024-10-15","2024-10-15 04:00:00 AM","Q58","W","503018","22","5","13","1"
"2024-10-15","2024-10-15 08:00:00 PM","Q58","W","503018","22","41","12","6"
"2024-10-15","2024-10-15 10:00:00 PM","Q58","W","503018","22","30","7","4"
"2024-10-15","2024-10-15 05:00:00 AM","Q58","W","503018","22","13","85","4"
"2024-10-15","2024-10-15 08:00:00 AM","Q58","E","503468","22","2","1","1"
"2024-10-15","2024-10-15 03:00:00 AM","Q58","W","503018","22","2","9","1"
"2024-10-15","2024-10-15 04:00:00 AM","B35","W","307795","22","0","1","1"
"2024-10-15","2024-10-15 02:00:00 PM","M101","S","402647","22","12","7","1"
"2024-10-15","2024-10-15 09:00:00 AM","S79+","S","200391","22","2","23","7"
"2024-10-15","2024-10-15 06:00:00 AM","S79+","S","200391","22","0","4","2"
"2024-10-15","2024-10-15 08:00:00 PM","Q58","E","503468","22","5","14","7"
"2024-10-15","2024-10-15 09:00:00 AM","M15","N","401698","22","2","2","1"
"2024-10-15","2024-10-15 10:00:00 AM","BX19","N","101321","22","7","12","3"
"2024-10-15","2024-10-15 01:00:00 AM","S53","W","200626","22","0","2","1"
"2024-10-15","2024-10-15 06:00:00 AM","Q58","E","503468","22","2","2","3"
"2024-10-15","2024-10-15 06:00:00 AM","Q58","E","502992","22","5","57","4"
"2024-10-15","2024-10-15 12:00:00 AM","B46","S","308568","22","0","2","1"
"2024-10-15","2024-10-15 01:00:00 AM","Q58","W","503018","22","12","2","2"
"2024-10-15","2024-10-15 10:00:00 AM","BX19","S","101368","22","17","1","3"
"2024-10-15","2024-10-15 04:00:00 PM","B35","W","307795","22","2","2","1"
"2024-10-15","2024-10-15 04:00:00 PM","B35","W","302774","22","1","1","2"
"2024-10-15","2024-10-15 02:00:00 PM","M101","N","402507","22","24","15","1"
"2024-10-15","2024-10-15 12:00:00 AM","BX12","E","100318","22","1","0","1"
"2024-10-15","2024-10-15 08:00:00 AM","B46","S","308568","22","13","10","3"
"2024-10-15","2024-10-15 08:00:00 AM","B46","S","303700","22","1","4","3"
"2024-10-15","2024-10-15 08:00:00 PM","M15","N","401698","22","1","1","1"
"2024-10-15","2024-10-15 07:00:00 PM","S79+","S","200391","22","4","7","5"
"2024-10-15","2024-10-15 05:00:00 AM","B46","S","308568","22","3","0","1"
"2024-10-15","2024-10-15 05:00:00 AM","B46","N","303610","22","12","2","4"
"2024-10-15","2024-10-15 09:00:00 PM","B46","S","308568","22","4","12","4"
"2024-10-15","2024-10-15 10:00:00 AM","Q58","E","503468","22","2","2","3"
"2024-10-15","2024-10-15 10:00:00 AM","Q58","E","502992","22","1","0","0"
"2024-10-15","2024-10-15 10:00:00 AM","Q58","E","503490","22","1","1","0"
"2024-10-15","2024-10-15 02:00:00 PM","B46","S","308568","22","18","7","3"
"2024-10-15","2024-10-15 12:00:00 AM","BX12","W","100851","22","0","3","1"
"2024-10-15","2024-10-15 07:00:00 AM","B35","E","901728","22","13","19","5"
"2024-10-15","2024-10-15 07:00:00 AM","B35","E","302718","22","1","6","2"
"2024-10-15","2024-10-15 07:00:00 PM","M15","S","401759","22","8","0","3"
"2024-10-15","2024-10-15 03:00:00 PM","M15","N","401690","22","3","3","1"
"2024-10-15","2024-10-15 08:00:00 AM","B46","N","307083","22","19","7","2"
"2024-10-15","2024-10-15 08:00:00 AM","B46","N","303610","22","22","6","5"
"2024-10-15","2024-10-15 10:00:00 AM","Q58","W","503018","22","17","34","5"
"2024-10-15","2024-10-15 09:00:00 PM","S79+","S","200391","22","0","2","1"
"2024-10-15","2024-10-15 04:00:00 PM","BX19","N","101321","22","35","18","3"
"2024-10-15","2024-10-15 02:00:00 PM","B46","N","303610","22","10","9","5"
"2024-10-15","2024-10-15 07:00:00 PM","M101","S","402647","22","4","1","1"
"2024-10-15","2024-10-15 04:00:00 AM","Q58","E","503468","22","5","0","2"
"2024-10-15","2024-10-15 07:00:00 AM","S79+","S","200391","22","3","11","6"
"2024-10-15","2024-10-15 04:00:00 AM","B46","N","303610","22","15","1","3"
"2024-10-15","2024-10-15 06:00:00 AM","M15","S","401759","22","2","1","1"
"2024-10-15","2024-10-15 11:00:00 AM","B35","E","901728","22","5","23","3"
"2024-10-15","2024-10-15 11:00:00 AM","B35","E","302718","22","0","3","1"
"2024-10-15","2024-10-15 02:00:00 AM","B35","W","307795","22","1","0","1"
"2024-10-15","2024-10-15 04:00:00 PM","BX19","S","101368","22","19","3","3"
"2024-10-15","2024-10-15 06:00:00 AM","S53","E","202787","22","2","1","2"
"2024-10-15","2024-10-15 10:00:00 PM","BX19","N","101321","22","2","0","1"
"2024-10-15","2024-10-15 09:00:00 AM","M15","S","401759","22","8","3","2"
"2024-10-15","2024-10-15 05:00:00 AM","M15","N","401690","22","1","1","1"
"2024-10-15","2024-10-15 12:00:00 AM","Q58","W","503018","22","4","1","2"
"2024-10-15","2024-10-15 01:00:00 PM","Q58","W","503018","22","84","54","7"
"2024-10-15","2024-10-15 09:00:00 PM","B46","N","303610","22","1","1","1"
"2024-10-15","2024-10-15 11:00:00 AM","B35","W","307795","22","3","8","3"
"2024-10-15","2024-10-15 11:00:00 AM","B35","W","302774","22","1","2","1"
"2024-10-15","2024-10-15 06:00:00 AM","Q58","W","503018","22","21","95","6"
"2024-10-15","2024-10-15 07:00:00 AM","B35","W","302774","22","1","2","2"
"2024-10-15","2024-10-15 07:00:00 AM","B35","W","307795","22","7","13","2"
"2024-10-15","2024-10-15 03:00:00 AM","B46","N","303610","22","2","0","1"
"2024-10-15","2024-10-15 03:00:00 PM","S53","W","200626","22","2","0","1"
"2024-10-15","2024-10-15 07:00:00 AM","Q58","W","503018","22","90","161","6"
"2024-10-15","2024-10-15 06:00:00 PM","Q58","W","505083","22","0","4","0"
"2024-10-15","2024-10-15 06:00:00 PM","Q58","W","503018","22","64","23","5"
"2024-10-15","2024-10-15 05:00:00 AM","BX19","N","103507","22","2","3","1"
"2024-10-15","2024-10-15 11:00:00 AM","B46","N","303610","22","9","9","6"
"2024-10-15","2024-10-15 05:00:00 AM","Q58","E","503468","22","2","1","2"
"2024-10-15","2024-10-15 02:00:00 AM","B46","N","303610","22","2","0","1"
"2024-10-15","2024-10-15 06:00:00 AM","B35","W","307795","22","4","7","2"
"2024-10-15","2024-10-15 04:00:00 PM","S79+","S","200391","22","2","21","4"
"2024-10-15","2024-10-15 01:00:00 AM","B46","S","308568","22","8","2","2"
"2024-10-15","2024-10-15 09:00:00 PM","B35","E","302718","22","0","9","2"
"2024-10-15","2024-10-15 11:00:00 AM","B46","S","308568","22","9","6","4"
"2024-10-15","2024-10-15 01:00:00 PM","Q58","E","503468","22","24","12","7"
"2024-10-15","2024-10-15 06:00:00 PM","Q58","E","503468","22","13","5","6"
"2024-10-15","2024-10-15 11:00:00 PM","Q58","W","503018","22","62","10","7"
"2024-10-15","2024-10-15 06:00:00 AM","M101","S","402647","22","6","6","2"
"2024-10-15","2024-10-15 06:00:00 AM","M101","S","403425","22","3","0","1"
"2024-10-15","2024-10-15 05:00:00 PM","B46","N","303610","22","5","9","4"
"2024-10-15","2024-10-15 06:00:00 PM","BX19","S","101368","22","26","11","2"
"2024-10-15","2024-10-15 06:00:00 AM","B46","N","303610","22","7","1","4"
"2024-10-15","2024-10-15 01:00:00 PM","BX19","S","101368","22","20","3","3"
"2024-10-15","2024-10-15 11:00:00 AM","S53","W","200626","22","1","0","1"
"2024-10-15","2024-10-15 01:00:00 AM","B35","E","302698","22","0","1","1"
"2024-10-15","2024-10-15 09:00:00 AM","M101","S","402647","22","6","1","1"
"2024-10-15","2024-10-15 09:00:00 PM","B35","W","307795","22","1","0","1"
"2024-10-15","2024-10-15 01:00:00 PM","BX19","N","101321","22","16","18","2"
"2024-10-15","2024-10-15 07:00:00 AM","Q58","E","503468","22","13","1","5"
"2024-10-15","2024-10-15 11:00:00 AM","S79+","S","200391","22","0","17","5"
"2024-10-15","2024-10-15 04:00:00 AM","B46","S","308568","22","2","1","2"
"2024-10-15","2024-10-15 12:00:00 PM","M15","N","401690","22","6","1","1"
"2024-10-15","2024-10-15 06:00:00 PM","BX19","N","101321","22","6","6","3"
"2024-10-15","2024-10-15 04:00:00 AM","M15","S","401759","22","0","1","1"
"2024-10-15","2024-10-15 10:00:00 PM","Q58","E","503468","22","1","1","2"
"2024-10-15","2024-10-15 09:00:00 AM","S53","E","202787","22","2","1","2"
"2024-10-15","2024-10-15 05:00:00 AM","BX19","S","101368","22","2","0","1"
"2024-10-15","2024-10-15 02:00:00 AM","B46","S","308568","22","0","1","1"
"2024-10-15","2024-10-15 06:00:00 PM","B35","W","302774","22","3","4","2"
"2024-10-15","2024-10-15 12:00:00 PM","M15","S","401759","22","17","6","3"
"2024-10-15","2024-10-15 01:00:00 PM","B35","W","307795","22","11","7","4"
"2024-10-15","2024-10-15 01:00:00 PM","B35","W","302774","22","2","1","2"
"2024-10-15","2024-10-15 04:00:00 PM","B35","E","302718","22","3","18","4"
"2024-10-15","2024-10-15 02:00:00 AM","Q58","W","503018","22","3","0","1"
"2024-10-15","2024-10-15 07:00:00 AM","B46","N","307083","22","16","14","4"
"2024-10-15","2024-10-15 07:00:00 AM","B46","N","303610","22","23","6","7"
"2024-10-15","2024-10-15 04:00:00 PM","B35","E","901728","22","8","21","4"
"2024-10-15","2024-10-15 11:00:00 PM","BX19","N","103507","22","15","3","1"
"2024-10-15","2024-10-15 06:00:00 AM","BX19","S","101368","22","5","1","2"
"2024-10-15","2024-10-15 12:00:00 PM","Q58","E","503468","22","7","5","4"
"2024-10-15","2024-10-15 09:00:00 PM","B35","W","302774","22","0","1","1"
"2024-10-15","2024-10-15 05:00:00 PM","B46","S","308568","22","14","10","5"
"2024-10-15","2024-10-15 08:00:00 AM","BX19","N","101321","22","6","15","4"
"2024-10-15","2024-10-15 07:00:00 PM","B35","W","302774","22","0","4","1"
"2024-10-15","2024-10-15 08:00:00 PM","S53","W","200626","22","0","2","2"
"2024-10-15","2024-10-15 08:00:00 PM","S53","W","200316","22","0","1","0"
"2024-10-15","2024-10-15 01:00:00 PM","M101","N","402507","22","26","13","2"
"2024-10-15","2024-10-15 08:00:00 AM","B35","W","307795","22","10","11","3"
"2024-10-15","2024-10-15 07:00:00 PM","Q58","E","503468","22","12","6","4"
"2024-10-15","2024-10-15 08:00:00 AM","S79+","S","200391","22","20","17","10"
"2024-10-15","2024-10-15 05:00:00 PM","Q58","E","503468","22","6","3","2"
"2024-10-15","2024-10-15 07:00:00 AM","S53","W","200626","22","1","0","1"
"2024-10-15","2024-10-15 05:00:00 PM","BX19","N","101321","22","22","9","4"
"2024-10-15","2024-10-15 09:00:00 AM","B46","S","308568","22","8","6","4"
"2024-10-15","2024-10-15 11:00:00 PM","B46","S","308568","22","2","4","3"
"2024-10-15","2024-10-15 06:00:00 PM","B46","S","308568","22","5","11","3"
"2024-10-15","2024-10-15 08:00:00 AM","S53","W","200626","22","1","0","1"
"2024-10-15","2024-10-15 10:00:00 AM","B35","W","302774","22","3","2","3"
"2024-10-15","2024-10-15 10:00:00 AM","B35","W","307795","22","7","16","2"
"2024-10-15","2024-10-15 12:00:00 PM","BX19","N","101321","22","11","13","4"
"2024-10-15","2024-10-15 07:00:00 AM","S53","E","202787","22","1","0","1"
"2024-10-15","2024-10-15 07:00:00 AM","M15","N","401698","22","0","1","1"
"2024-10-15","2024-10-15 09:00:00 PM","Q58","W","503018","22","103","18","9"
"2024-10-15","2024-10-15 07:00:00 PM","Q58","W","503018","22","65","11","5"
"2024-10-15","2024-10-15 02:00:00 PM","B35","W","302774","22","2","1","2"
"2024-10-15","2024-10-15 02:00:00 PM","B35","W","307795","22","1","0","1"
"2024-10-15","2024-10-15 11:00:00 AM","M15","N","401690","22","5","3","2"
"2024-10-15","2024-10-15 09:00:00 PM","Q58","E","503468","22","3","3","4"
"2024-10-15","2024-10-15 06:00:00 PM","B46","S","303700","22","0","4","2"
"2024-10-15","2024-10-15 01:00:00 PM","B46","N","303610","22","15","2","5"
"2024-10-15","2024-10-15 05:00:00 PM","BX19","S","101368","22","29","2","3"
"2024-10-15","2024-10-15 08:00:00 AM","B35","E","302718","22","0","4","2"
"2024-10-15","2024-10-15 12:00:00 PM","B35","E","901728","22","2","8","1"
"2024-10-15","2024-10-15 12:00:00 PM","B35","E","302718","22","2","8","4"
"2024-10-15","2024-10-15 06:00:00 PM","M101","N","402507","22","20","26","2"
"2024-10-15","2024-10-15 02:00:00 PM","BX19","S","101368","22","57","10","4"
"2024-10-15","2024-10-15 09:00:00 PM","M15","N","401690","22","3","6","2"
"2024-10-15","2024-10-15 07:00:00 PM","BX19","S","101368","22","6","5","2"
"2024-10-15","2024-10-15 09:00:00 AM","B46","N","303610","22","16","9","5"
"2024-10-15","2024-10-15 08:00:00 PM","BX19","N","101321","22","4","6","2"
"2024-10-15","2024-10-15 10:00:00 AM","S53","E","202787","22","2","0","2"
"2024-10-15","2024-10-15 02:00:00 PM","Q58","E","503490","22","0","10","2"
"2024-10-15","2024-10-15 02:00:00 PM","Q58","E","503468","22","5","1","3"
"2024-10-15","2024-10-15 11:00:00 PM","B46","N","303610","22","3","3","3"
"2024-10-15","2024-10-15 02:00:00 PM","BX19","N","101321","22","15","12","3"
"2024-10-15","2024-10-15 01:00:00 PM","S53","E","202787","22","1","0","1"
"2024-10-15","2024-10-15 02:00:00 PM","Q58","E","503492","22","2","9","3"
"2024-10-15","2024-10-15 04:00:00 PM","M15","S","401759","22","0","4","1"
"2024-10-15","2024-10-15 05:00:00 PM","B35","E","302718","22","1","5","1"
"2024-10-15","2024-10-15 10:00:00 AM","B46","N","303610","22","4","3","2"
"2024-10-15","2024-10-15 08:00:00 PM","S79+","S","200391","22","0","5","4"
"2024-10-15","2024-10-15 08:00:00 AM","BX19","S","101368","22","64","49","6"
"2024-10-15","2024-10-15 11:00:00 PM","B35","W","307795","22","0","2","1"
"2024-10-15","2024-10-15 05:00:00 PM","B35","E","901728","22","10","16","3"
"2024-10-15","2024-10-15 05:00:00 PM","S79+","S","200391","22","1","23","7"
"2024-10-15","2024-10-15 07:00:00 PM","B35","W","307795","22","2","14","5"
"2024-10-15","2024-10-15 06:00:00 PM","B46","N","303610","22","2","2","1"
"2024-10-15","2024-10-15 07:00:00 PM","B35","E","901728","22","10","8","5"
"2024-10-15","2024-10-15 07:00:00 PM","BX19","N","101321","22","16","10","4"
"2024-10-15","2024-10-15 10:00:00 AM","B35","E","302718","22","0","6","3"
"2024-10-15","2024-10-15 09:00:00 PM","M101","S","402647","22","1","1","0"
"2024-10-15","2024-10-15 07:00:00 AM","M15","N","401690","22","1","2","1"
"2024-10-15","2024-10-15 04:00:00 PM","S53","W","200626","22","0","1","1"
"2024-10-15","2024-10-15 10:00:00 AM","B35","E","901728","22","2","7","2"
"2024-10-15","2024-10-15 01:00:00 PM","B46","S","308568","22","6","2","3"
"2024-10-15","2024-10-15 09:00:00 PM","M101","N","402507","22","6","2","2"
"2024-10-15","2024-10-15 08:00:00 AM","B35","E","901728","22","9","9","3"
"2024-10-15","2024-10-15 07:00:00 PM","B35","E","302718","22","0","8","2"
"2024-10-15","2024-10-15 03:00:00 PM","M101","S","402647","22","16","8","2"
"2024-10-15","2024-10-15 05:00:00 PM","B35","W","307795","22","15","23","5"
"2024-10-15","2024-10-15 05:00:00 PM","B35","W","302774","22","5","5","3"
"2024-10-15","2024-10-15 02:00:00 PM","S79+","S","200391","22","0","22","4"
"2024-10-15","2024-10-15 10:00:00 AM","B46","S","308568","22","7","1","4"
"2024-10-15","2024-10-15 08:00:00 AM","B35","W","302767","22","0","2","1"
"2024-10-15","2024-10-15 08:00:00 AM","B35","W","302774","22","2","6","2"
"2024-10-15","2024-10-15 02:00:00 PM","B35","E","302718","22","0","6","4"
"2024-10-15","2024-10-15 02:00:00 PM","B35","E","901728","22","1","8","3"
"2024-10-15","2024-10-15 08:00:00 PM","BX19","S","101368","22","13","2","2"
"2024-10-15","2024-10-15 12:00:00 PM","BX19","S","101368","22","15","6","2"
"2024-10-15","2024-10-15 08:00:00 AM","S53","E","202787","22","2","0","2"
"2024-10-15","2024-10-15 10:00:00 PM","B35","W","302774","22","1","2","1"
"2024-10-15","2024-10-15 12:00:00 PM","B46","S","308568","22","5","3","4"
"2024-10-15","2024-10-15 12:00:00 PM","B46","N","303610","22","6","9","5"
"2024-10-15","2024-10-15 04:00:00 PM","Q58","W","503018","22","160","59","10"
"2024-10-15","2024-10-15 03:00:00 PM","B35","W","307795","22","7","10","3"
"2024-10-15","2024-10-15 03:00:00 PM","B35","W","302774","22","6","17","5"
"2024-10-15","2024-10-15 11:00:00 PM","S53","W","200626","22","1","1","2"
"2024-10-15","2024-10-15 02:00:00 PM","S53","W","200316","22","0","1","1"
"2024-10-15","2024-10-15 03:00:00 PM","B46","S","308568","22","20","21","6"
"2024-10-15","2024-10-15 07:00:00 AM","BX19","S","101368","22","34","20","4"
"2024-10-15","2024-10-15 11:00:00 PM","M101","S","402647","22","0","2","1"
"2024-10-15","2024-10-16 12:00:00 AM","Q58","E","503468","22","2","0","1"
"2024-10-15","2024-10-15 08:00:00 AM","M101","N","402507","22","25","26","3"
"2024-10-15","2024-10-15 02:00:00 PM","M15","S","401759","22","4","2","1"
"2024-10-15","2024-10-15 03:00:00 PM","BX19","N","101321","22","37","18","4"
"2024-10-15","2024-10-15 10:00:00 PM","M15","S","401759","22","6","3","2"
"2024-10-15","2024-10-15 08:00:00 AM","M15","S","401759","22","7","5","3"
"2024-10-15","2024-10-15 10:00:00 PM","B46","S","308568","22","3","3","3"
"2024-10-15","2024-10-15 10:00:00 PM","B46","N","303610","22","1","3","2"
"2024-10-15","2024-10-15 03:00:00 PM","BX19","S","101368","22","2","0","1"
"2024-10-15","2024-10-15 10:00:00 PM","B35","W","307795","22","1","2","1"
"2024-10-15","2024-10-15 03:00:00 PM","B46","N","303610","22","4","10","3"
"2024-10-15","2024-10-15 02:00:00 PM","M15","N","401698","22","0","1","1"
"2024-10-15","2024-10-15 02:00:00 PM","M15","N","401690","22","9","10","2"
"2024-10-15","2024-10-15 01:00:00 PM","S79+","S","200391","22","0","5","3"
"2024-10-15","2024-10-16 12:00:00 AM","B46","S","308568","22","0","5","1"
"2024-10-15","2024-10-15 03:00:00 PM","Q58","E","503490","22","1","32","3"
"2024-10-15","2024-10-15 03:00:00 PM","Q58","E","503468","22","4","9","7"
"2024-10-15","2024-10-15 03:00:00 PM","B46","N","303614","22","0","1","1"
"2024-10-15","2024-10-15 09:00:00 AM","B35","E","901728","22","3","10","4"
"2024-10-15","2024-10-15 09:00:00 AM","B35","E","302718","22","0","1","1"
"2024-10-15","2024-10-15 10:00:00 PM","B35","E","302718","22","0","2","1"
"2024-10-15","2024-10-15 09:00:00 AM","B35","W","307795","22","4","13","4"
"2024-10-15","2024-10-15 09:00:00 AM","B35","W","302774","22","4","5","3"
"2024-10-15","2024-10-15 09:00:00 PM","BX19","N","101321","22","10","1","3"
"2024-10-15","2024-10-15 09:00:00 AM","BX19","N","101321","22","8","10","3"
"2024-10-15","2024-10-15 03:00:00 PM","Q58","W","503018","22","124","81","7"
"2024-10-15","2024-10-15 03:00:00 PM","Q58","W","505083","22","0","1","1"
"2024-10-15","2024-10-15 08:00:00 PM","M101","S","402647","22","4","0","1"
"2024-10-15","2024-10-15 08:00:00 PM","M101","N","402507","22","33","18","2"
"2024-10-15","2024-10-15 09:00:00 AM","BX19","S","101368","22","4","1","1"
"2024-10-15","2024-10-15 08:00:00 PM","B46","S","308568","22","3","6","4"
"2024-10-15","2024-10-15 09:00:00 AM","Q58","E","503490","22","0","2","0"
"2024-10-15","2024-10-15 09:00:00 AM","Q58","E","503468","22","5","3","3"
"2024-10-15","2024-10-15 01:00:00 PM","M15","S","401759","22","4","1","1"
"2024-10-15","2024-10-15 08:00:00 PM","B46","N","303610","22","9","6","5"
"2024-10-15","2024-10-15 08:00:00 PM","B35","W","307795","22","0","3","2"
"2024-10-15","2024-10-15 08:00:00 PM","B35","W","302774","22","0","1","1"
"2024-10-15","2024-10-15 09:00:00 AM","Q58","W","503018","22","25","49","8"
"2024-10-15","2024-10-15 03:00:00 PM","S79+","S","200391","22","0","30","3"
"2024-10-15","2024-10-15 12:00:00 PM","S79+","S","200391","22","0","18","6"
"2024-10-15","2024-10-15 08:00:00 PM","B35","E","901728","22","7","4","3"
"2024-10-15","2024-10-15 08:00:00 PM","B35","E","302718","22","0","13","4"
"2024-10-15","2024-10-15 07:00:00 AM","BX19","N","100561","22","1","21","1"
"2024-10-15","2024-10-15 04:00:00 PM","B46","N","307083","22","8","3","1"
"2024-10-15","2024-10-15 04:00:00 PM","B46","N","303610","22","8","4","3"
"2024-10-15","2024-10-15 10:00:00 AM","M101","S","402647","22","12","12","4"
"2024-10-15","2024-10-15 07:00:00 PM","B46","S","303700","22","0","4","2"
"2024-10-15","2024-10-15 07:00:00 PM","B46","S","308568","22","8","9","3"
"2024-10-15","2024-10-15 12:00:00 PM","S53","W","200626","22","0","1","1"
"2024-10-15","2024-10-15 10:00:00 AM","M15","N","401698","22","2","3","1"
"2024-10-15","2024-10-15 07:00:00 AM","BX19","N","103507","22","20","22","2"
"2024-10-15","2024-10-15 04:00:00 PM","B46","S","308568","22","16","18","6"
"2024-10-15","2024-10-15 10:00:00 AM","M15","S","401759","22","7","5","1"
"2024-10-15","2024-10-15 07:00:00 PM","B46","N","303610","22","2","2","2"
"2024-10-15","2024-10-15 10:00:00 AM","S79+","S","200391","22","9","15","6"
"2024-10-15","2024-10-15 06:00:00 PM","S79+","S","200391","22","1","10","4"
"2024-10-15","2024-10-15 11:00:00 AM","BX19","N","101321","22","22","37","4"
"2024-10-15","2024-10-15 04:00:00 PM","M101","N","402507","22","2","13","1"
"2024-10-15","2024-10-15 06:00:00 PM","S79+","N","805033","22","0","3","1"
"2024-10-15","2024-10-15 11:00:00 AM","BX19","S","101368","22","52","14","6"
"2024-10-15","2024-10-15 06:00:00 PM","S53","W","200316","22","0","9","0"
"2024-10-15","2024-10-15 11:00:00 AM","Q58","E","503468","22","2","0","2"
"2024-10-15","2024-10-15 06:00:00 PM","S53","E","202787","22","1","2","2"
"2024-10-15","2024-10-15 12:00:00 PM","M101","N","402507","22","12","12","1"
"2024-10-15","2024-10-15 06:00:00 PM","M15","N","401698","22","12","5","3"
"2024-10-15","2024-10-15 06:00:00 PM","M15","N","401690","22","0","1","1"
"2024-10-15","2024-10-15 11:00:00 AM","Q58","W","503018","22","26","22","4"
"2024-10-15","2024-10-15 05:00:00 PM","Q58","W","503018","22","142","49","7"
"2024-10-15","2024-10-15 04:00:00 PM","Q58","E","503468","22","10","6","4"
"2024-10-15","2024-10-15 12:00:00 PM","B35","W","307795","22","4","4","3"
"2024-10-15","2024-10-15 12:00:00 PM","B35","W","302774","22","1","1","1"
"2024-10-15","2024-10-15 05:00:00 PM","M15","N","401690","22","3","3","1"
"2024-10-15","2024-10-15 05:00:00 PM","M101","N","402507","22","23","23","1"
"2024-10-15","2024-10-15 07:00:00 AM","BX19","S","101369","23","13","13","3"
"2024-10-15","2024-10-15 09:00:00 AM","BX19","S","101369","23","0","2","1"
"2024-10-15","2024-10-15 08:00:00 PM","M101","N","402508","23","14","12","2"
"2024-10-15","2024-10-15 07:00:00 AM","BX19","N","101324","23","6","2","2"
"2024-10-15","2024-10-15 08:00:00 PM","M101","S","405078","23","1","2","1"
"2024-10-15","2024-10-15 04:00:00 PM","B46","N","307086","23","0","2","1"
"2024-10-15","2024-10-15 04:00:00 PM","B46","N","303612","23","15","14","3"
"2024-10-15","2024-10-15 07:00:00 PM","S53","W","200627","23","1","2","1"
"2024-10-15","2024-10-15 03:00:00 PM","Q58","W","503522","23","37","1","4"
"2024-10-15","2024-10-15 03:00:00 PM","Q58","W","504238","23","0","7","1"
"2024-10-15","2024-10-15 10:00:00 AM","M101","S","405078","23","9","7","4"
"2024-10-15","2024-10-15 07:00:00 PM","S53","E","203052","23","0","2","2"
"2024-10-15","2024-10-15 09:00:00 AM","BX19","N","101322","23","4","6","3"
"2024-10-15","2024-10-15 07:00:00 PM","B46","S","303701","23","0","2","1"
"2024-10-15","2024-10-15 07:00:00 PM","B46","S","303676","23","0","9","3"
"2024-10-15","2024-10-15 12:00:00 PM","B46","N","303612","23","30","4","4"
"2024-10-15","2024-10-15 09:00:00 PM","BX19","N","101322","23","2","2","3"
"2024-10-15","2024-10-15 12:00:00 PM","S53","W","200627","23","0","1","1"
"2024-10-15","2024-10-15 12:00:00 PM","B35","W","302758","23","5","8","3"
"2024-10-15","2024-10-15 09:00:00 AM","B35","W","302775","23","5","6","2"
"2024-10-15","2024-10-15 11:00:00 PM","S79+","S","805190","23","3","4","2"
"2024-10-15","2024-10-15 09:00:00 AM","B35","W","302758","23","8","38","5"
"2024-10-15","2024-10-15 10:00:00 PM","B35","E","302699","23","1","6","1"
"2024-10-15","2024-10-15 12:00:00 PM","S53","E","203052","23","0","1","1"
"2024-10-15","2024-10-15 09:00:00 AM","B35","E","302719","23","10","3","1"
"2024-10-15","2024-10-15 09:00:00 AM","B35","E","307792","23","40","19","4"
"2024-10-15","2024-10-15 04:00:00 PM","B46","S","303676","23","18","15","6"
"2024-10-15","2024-10-15 04:00:00 PM","B46","S","303701","23","0","1","0"
"2024-10-15","2024-10-15 03:00:00 PM","Q58","E","503491","23","0","2","2"
"2024-10-15","2024-10-15 07:00:00 PM","B46","N","303612","23","11","7","5"
"2024-10-15","2024-10-15 03:00:00 PM","B35","W","302758","23","4","26","3"
"2024-10-15","2024-10-15 03:00:00 PM","Q58","E","503469","23","13","2","4"
"2024-10-15","2024-10-16 12:00:00 AM","B46","S","303676","23","8","0","1"
"2024-10-15","2024-10-15 01:00:00 PM","S79+","N","307203","23","1","59","4"
"2024-10-15","2024-10-15 01:00:00 PM","S79+","S","805190","23","0","5","3"
"2024-10-15","2024-10-15 10:00:00 AM","S79+","N","307203","23","13","78","6"
"2024-10-15","2024-10-15 03:00:00 PM","B35","W","302775","23","8","21","6"
"2024-10-15","2024-10-15 10:00:00 AM","S79+","S","805190","23","5","18","7"
"2024-10-15","2024-10-15 03:00:00 PM","B46","N","307083","23","3","2","1"
"2024-10-15","2024-10-15 12:00:00 PM","B46","S","303676","23","6","6","4"
"2024-10-15","2024-10-15 06:00:00 PM","S79+","S","805190","23","7","25","5"
"2024-10-15","2024-10-15 12:00:00 PM","B35","W","302775","23","3","2","1"
"2024-10-15","2024-10-15 10:00:00 PM","B35","W","302758","23","0","5","1"
"2024-10-15","2024-10-15 10:00:00 PM","B35","W","302775","23","1","1","2"
"2024-10-15","2024-10-15 11:00:00 AM","BX19","N","101322","23","12","25","4"
"2024-10-15","2024-10-15 03:00:00 PM","B46","N","303612","23","17","8","5"
"2024-10-15","2024-10-15 04:00:00 PM","M101","N","402508","23","26","9","1"
"2024-10-15","2024-10-15 06:00:00 PM","S79+","N","307203","23","5","72","8"
"2024-10-15","2024-10-15 03:00:00 PM","BX19","S","101369","23","3","3","1"
"2024-10-15","2024-10-15 11:00:00 PM","S79+","N","307203","23","0","7","2"
"2024-10-15","2024-10-15 10:00:00 PM","B46","N","303612","23","14","5","4"
"2024-10-15","2024-10-15 11:00:00 AM","BX19","S","101369","23","42","19","6"
"2024-10-15","2024-10-15 06:00:00 PM","S53","W","200627","23","0","2","1"
"2024-10-15","2024-10-15 08:00:00 AM","M15","S","401760","23","3","3","2"
"2024-10-15","2024-10-15 10:00:00 PM","M101","S","405078","23","3","2","1"
"2024-10-15","2024-10-15 03:00:00 PM","BX19","N","101322","23","16","14","4"
"2024-10-15","2024-10-15 02:00:00 PM","M15","S","401760","23","1","4","1"
"2024-10-15","2024-10-15 11:00:00 AM","Q58","E","503491","23","1","26","0"
"2024-10-15","2024-10-15 06:00:00 PM","S53","E","203052","23","4","0","2"
"2024-10-15","2024-10-15 10:00:00 PM","S79+","N","307203","23","0","2","1"
"2024-10-15","2024-10-15 12:00:00 PM","M101","N","402508","23","11","7","1"
"2024-10-15","2024-10-15 05:00:00 PM","M101","N","402508","23","9","14","1"
"2024-10-15","2024-10-15 08:00:00 AM","M101","N","402508","23","3","14","3"
"2024-10-15","2024-10-15 06:00:00 PM","M15","N","401699","23","17","6","3"
"2024-10-15","2024-10-15 04:00:00 PM","Q58","W","503522","23","47","13","8"
"2024-10-15","2024-10-15 10:00:00 PM","S79+","S","805190","23","5","20","4"
"2024-10-15","2024-10-16 12:00:00 AM","Q58","E","503469","23","0","1","1"
"2024-10-15","2024-10-15 11:00:00 PM","M101","N","402688","23","2","0","1"
"2024-10-15","2024-10-15 11:00:00 PM","M15","S","401760","23","1","1","0"
"2024-10-15","2024-10-15 11:00:00 AM","Q58","W","503522","23","11","14","4"
"2024-10-15","2024-10-15 11:00:00 AM","Q58","W","504238","23","0","1","0"
"2024-10-15","2024-10-15 05:00:00 PM","Q58","W","503522","23","27","3","5"
"2024-10-15","2024-10-15 03:00:00 PM","B46","S","303676","23","15","18","6"
"2024-10-15","2024-10-15 02:00:00 PM","S53","W","200627","23","0","1","1"
"2024-10-15","2024-10-15 02:00:00 PM","S53","W","200416","23","0","6","2"
"2024-10-15","2024-10-15 08:00:00 PM","B35","W","302758","23","1","7","2"
"2024-10-15","2024-10-15 04:00:00 PM","Q58","E","503469","23","20","13","7"
"2024-10-15","2024-10-15 03:00:00 PM","S79+","N","307203","23","0","45","3"
"2024-10-15","2024-10-15 07:00:00 AM","BX19","N","100562","23","1","8","1"
"2024-10-15","2024-10-15 08:00:00 PM","B46","N","303612","23","10","4","5"
"2024-10-15","2024-10-15 03:00:00 PM","S79+","S","805190","23","1","32","4"
"2024-10-15","2024-10-15 09:00:00 AM","Q58","W","503522","23","7","7","6"
"2024-10-15","2024-10-15 09:00:00 AM","Q58","E","503491","23","0","24","0"
"2024-10-15","2024-10-15 12:00:00 PM","S79+","S","805190","23","1","14","6"
"2024-10-15","2024-10-15 01:00:00 PM","M15","S","401760","23","1","1","1"
"2024-10-15","2024-10-15 12:00:00 PM","S79+","N","307203","23","1","24","5"
"2024-10-15","2024-10-15 09:00:00 AM","Q58","E","503469","23","2","0","2"
"2024-10-15","2024-10-15 08:00:00 PM","B46","S","303676","23","5","8","3"
"2024-10-15","2024-10-15 08:00:00 PM","B35","E","307792","23","37","13","3"
"2024-10-15","2024-10-15 08:00:00 PM","B35","E","302719","23","5","6","4"
"2024-10-15","2024-10-15 12:00:00 AM","BX12","W","104226","23","1","4","1"
"2024-10-15","2024-10-15 07:00:00 AM","B46","S","303676","23","21","17","6"
"2024-10-15","2024-10-15 06:00:00 PM","B35","E","307792","23","40","23","3"
"2024-10-15","2024-10-15 01:00:00 AM","B46","S","303676","23","0","1","1"
"2024-10-15","2024-10-15 10:00:00 PM","Q58","E","503469","23","2","1","2"
"2024-10-15","2024-10-15 11:00:00 AM","S79+","S","805190","23","3","10","5"
"2024-10-15","2024-10-15 10:00:00 AM","BX19","N","101322","23","6","11","4"
"2024-10-15","2024-10-15 06:00:00 AM","Q58","E","503478","23","6","22","4"
"2024-10-15","2024-10-15 01:00:00 PM","B35","E","307792","23","28","24","2"
"2024-10-15","2024-10-15 11:00:00 AM","B46","S","303676","23","7","8","3"
"2024-10-15","2024-10-15 07:00:00 PM","M101","S","405078","23","6","2","2"
"2024-10-15","2024-10-15 05:00:00 AM","B35","E","302699","23","5","2","1"
"2024-10-15","2024-10-15 07:00:00 AM","Q58","E","503469","23","10","3","5"
"2024-10-15","2024-10-15 01:00:00 PM","BX19","N","101322","23","13","10","4"
"2024-10-15","2024-10-15 11:00:00 AM","S79+","N","307203","23","1","54","6"
"2024-10-15","2024-10-15 04:00:00 PM","B35","W","302775","23","5","6","2"
"2024-10-15","2024-10-15 01:00:00 PM","Q58","E","503469","23","4","0","2"
"2024-10-15","2024-10-15 09:00:00 AM","M15","S","401760","23","0","2","1"
"2024-10-15","2024-10-15 03:00:00 PM","B35","E","307792","23","42","17","3"
"2024-10-15","2024-10-15 08:00:00 PM","Q58","E","503469","23","2","0","2"
"2024-10-15","2024-10-15 01:00:00 PM","Q58","W","503522","23","34","4","5"
"2024-10-15","2024-10-15 02:00:00 PM","Q58","W","503522","23","58","3","6"
"2024-10-15","2024-10-15 01:00:00 PM","Q58","W","504238","23","0","1","0"
"2024-10-15","2024-10-15 06:00:00 PM","Q58","E","503469","23","7","6","4"
"2024-10-15","2024-10-15 07:00:00 AM","B46","N","303612","23","38","17","6"
"2024-10-15","2024-10-15 03:00:00 PM","S53","E","203052","23","2","0","1"
"2024-10-15","2024-10-15 09:00:00 AM","M101","S","405078","23","6","3","1"
"2024-10-15","2024-10-15 01:00:00 PM","B35","W","302775","23","1","1","2"
"2024-10-15","2024-10-15 10:00:00 PM","Q58","W","503522","23","26","0","5"
"2024-10-15","2024-10-15 03:00:00 AM","S53","E","203052","23","1","0","1"
"2024-10-15","2024-10-15 06:00:00 AM","M101","S","405078","23","10","1","2"
"2024-10-15","2024-10-15 04:00:00 AM","Q58","W","503522","23","1","5","1"
"2024-10-15","2024-10-15 04:00:00 PM","B35","E","307792","23","81","50","4"
"2024-10-15","2024-10-15 07:00:00 AM","B46","N","307086","23","0","2","2"
"2024-10-15","2024-10-15 05:00:00 AM","BX19","S","101369","23","2","0","1"
"2024-10-15","2024-10-15 08:00:00 PM","Q58","W","503522","23","19","0","3"
"2024-10-15","2024-10-15 06:00:00 AM","S79+","S","805190","23","0","2","2"
"2024-10-15","2024-10-15 11:00:00 PM","BX19","N","101324","23","0","1","1"
"2024-10-15","2024-10-15 09:00:00 AM","S79+","S","805190","23","0","27","10"
"2024-10-15","2024-10-15 05:00:00 AM","M15","S","401760","23","0","1","1"
"2024-10-15","2024-10-15 09:00:00 PM","S53","W","200627","23","0","1","1"
"2024-10-15","2024-10-15 04:00:00 AM","S53","W","200627","23","0","1","1"
"2024-10-15","2024-10-15 06:00:00 PM","B35","W","302775","23","4","5","3"
"2024-10-15","2024-10-15 02:00:00 PM","M101","S","405078","23","27","11","2"
"2024-10-15","2024-10-15 02:00:00 PM","B46","N","303612","23","21","15","5"
"2024-10-15","2024-10-15 05:00:00 AM","M101","N","401448","23","1","1","1"
"2024-10-15","2024-10-15 09:00:00 PM","B35","W","302758","23","0","3","1"
"2024-10-15","2024-10-15 09:00:00 PM","B35","E","302719","23","1","4","2"
"2024-10-15","2024-10-15 05:00:00 AM","Q58","W","503522","23","0","9","4"
"2024-10-15","2024-10-15 12:00:00 AM","BX12","E","100319","23","1","0","1"
"2024-10-15","2024-10-15 11:00:00 AM","S53","E","203052","23","2","1","2"
"2024-10-15","2024-10-15 09:00:00 AM","M15","N","401699","23","1","3","1"
"2024-10-15","2024-10-15 04:00:00 AM","B35","W","302758","23","0","1","1"
"2024-10-15","2024-10-15 05:00:00 PM","B46","S","303676","23","4","15","4"
"2024-10-15","2024-10-15 03:00:00 AM","B35","E","302699","23","6","0","2"
"2024-10-15","2024-10-15 05:00:00 PM","B46","N","303612","23","11","7","4"
"2024-10-15","2024-10-15 06:00:00 PM","BX19","S","101369","23","8","2","1"
"2024-10-15","2024-10-15 10:00:00 PM","BX19","S","101369","23","2","0","2"
"2024-10-15","2024-10-15 09:00:00 AM","S79+","N","307203","23","15","147","8"
"2024-10-15","2024-10-15 03:00:00 AM","Q58","W","503522","23","0","1","1"
"2024-10-15","2024-10-15 08:00:00 AM","Q58","E","503469","23","6","2","3"
"2024-10-15","2024-10-15 06:00:00 AM","B46","S","303676","23","6","8","3"
"2024-10-15","2024-10-15 11:00:00 AM","B35","W","302758","23","3","14","3"
"2024-10-15","2024-10-15 06:00:00 AM","B46","N","303612","23","28","6","6"
"2024-10-15","2024-10-15 11:00:00 AM","B35","W","302775","23","0","2","1"
"2024-10-15","2024-10-15 11:00:00 AM","S53","W","200627","23","1","0","1"
"2024-10-15","2024-10-15 09:00:00 PM","S79+","N","307203","23","0","6","1"
"2024-10-15","2024-10-15 06:00:00 AM","S79+","N","307203","23","4","71","9"
"2024-10-15","2024-10-15 07:00:00 PM","S79+","S","805190","23","3","24","8"
"2024-10-15","2024-10-15 01:00:00 PM","BX19","S","101369","23","41","5","4"
"2024-10-15","2024-10-15 12:00:00 AM","B46","S","303676","23","0","6","2"
"2024-10-15","2024-10-15 01:00:00 AM","M101","S","405078","23","0","1","1"
"2024-10-15","2024-10-15 04:00:00 PM","BX19","N","101322","23","9","9","3"
"2024-10-15","2024-10-15 09:00:00 PM","B46","S","303701","23","0","1","1"
"2024-10-15","2024-10-15 12:00:00 AM","B46","N","303612","23","2","1","2"
"2024-10-15","2024-10-15 06:00:00 AM","M15","S","401760","23","1","1","1"
"2024-10-15","2024-10-15 02:00:00 PM","M101","N","402508","23","13","11","1"
"2024-10-15","2024-10-15 04:00:00 PM","BX19","S","101369","23","18","5","3"
"2024-10-15","2024-10-15 06:00:00 PM","B35","W","302758","23","4","4","1"
"2024-10-15","2024-10-15 09:00:00 PM","S79+","S","805190","23","0","3","1"
"2024-10-15","2024-10-15 11:00:00 AM","B35","E","307792","23","32","27","3"
"2024-10-15","2024-10-15 10:00:00 AM","BX19","S","101369","23","39","14","4"
"2024-10-15","2024-10-15 03:00:00 PM","B35","E","302719","23","16","41","5"
"2024-10-15","2024-10-15 10:00:00 AM","Q58","W","504238","23","0","1","0"
"2024-10-15","2024-10-15 06:00:00 AM","B35","E","302699","23","6","1","1"
"2024-10-15","2024-10-15 11:00:00 AM","B35","E","302719","23","0","1","1"
"2024-10-15","2024-10-15 07:00:00 AM","B35","W","302775","23","17","6","2"
"2024-10-15","2024-10-15 08:00:00 AM","B46","S","303676","23","3","18","4"
"2024-10-15","2024-10-15 10:00:00 AM","Q58","W","503522","23","4","4","3"
"2024-10-15","2024-10-15 08:00:00 AM","B46","S","303701","23","0","3","2"
"2024-10-15","2024-10-15 07:00:00 PM","S79+","N","307203","23","1","23","5"
"2024-10-15","2024-10-15 09:00:00 PM","B46","S","303676","23","1","14","5"
"2024-10-15","2024-10-15 05:00:00 AM","S79+","N","307203","23","1","16","3"
"2024-10-15","2024-10-15 07:00:00 AM","S79+","S","805190","23","1","79","8"
"2024-10-15","2024-10-15 07:00:00 AM","Q58","W","503522","23","5","5","5"
"2024-10-15","2024-10-15 12:00:00 AM","B35","E","302699","23","5","4","2"
"2024-10-15","2024-10-15 12:00:00 PM","M15","S","401760","23","5","0","2"
"2024-10-15","2024-10-15 06:00:00 PM","Q58","W","503522","23","43","13","5"
"2024-10-15","2024-10-15 06:00:00 AM","S53","E","203052","23","6","0","3"
"2024-10-15","2024-10-15 01:00:00 AM","B35","W","302758","23","0","2","1"
"2024-10-15","2024-10-15 07:00:00 PM","M15","S","401760","23","3","4","1"
"2024-10-15","2024-10-15 07:00:00 AM","S79+","N","307203","23","13","94","8"
"2024-10-15","2024-10-15 05:00:00 AM","BX19","N","101324","23","2","0","1"
"2024-10-15","2024-10-15 01:00:00 AM","S79+","S","805190","23","3","3","1"
"2024-10-15","2024-10-15 01:00:00 AM","Q58","E","503469","23","2","0","1"
"2024-10-15","2024-10-15 05:00:00 AM","S53","E","203052","23","1","0","1"
"2024-10-15","2024-10-15 11:00:00 PM","Q58","E","503469","23","0","1","1"
"2024-10-15","2024-10-15 11:00:00 AM","B46","N","303612","23","15","9","5"
"2024-10-15","2024-10-15 02:00:00 PM","B46","S","303676","23","5","9","3"
"2024-10-15","2024-10-15 08:00:00 AM","B46","N","303612","23","37","21","6"
"2024-10-15","2024-10-15 06:00:00 AM","Q58","W","503522","23","2","6","4"
"2024-10-15","2024-10-15 07:00:00 AM","B35","W","302758","23","7","60","2"
"2024-10-15","2024-10-15 10:00:00 PM","BX19","N","101322","23","0","1","1"
"2024-10-15","2024-10-15 12:00:00 AM","M101","S","405078","23","1","0","1"
"2024-10-15","2024-10-15 08:00:00 AM","B46","N","307086","23","4","5","1"
"2024-10-15","2024-10-15 09:00:00 AM","S53","E","203052","23","3","1","2"
"2024-10-15","2024-10-15 04:00:00 AM","B46","N","303612","23","7","1","3"
"2024-10-15","2024-10-15 05:00:00 AM","Q58","E","503469","23","4","1","3"
"2024-10-15","2024-10-15 08:00:00 AM","Q58","W","503522","23","26","38","8"
"2024-10-15","2024-10-15 01:00:00 PM","B35","E","302719","23","0","1","1"
"2024-10-15","2024-10-15 06:00:00 AM","BX19","S","101369","23","4","2","2"
"2024-10-15","2024-10-15 01:00:00 AM","B46","N","303612","23","0","1","1"
"2024-10-15","2024-10-15 10:00:00 AM","Q58","E","503469","23","5","2","4"
"2024-10-15","2024-10-15 07:00:00 AM","B35","E","302719","23","0","19","1"
"2024-10-15","2024-10-15 12:00:00 PM","Q58","W","503522","23","22","11","5"
"2024-10-15","2024-10-15 07:00:00 AM","B35","E","307792","23","46","33","5"
"2024-10-15","2024-10-15 05:00:00 AM","B35","W","302758","23","2","0","1"
"2024-10-15","2024-10-15 09:00:00 AM","M101","N","402508","23","7","11","2"
"2024-10-15","2024-10-15 09:00:00 PM","B46","N","303612","23","2","2","2"
"2024-10-15","2024-10-15 01:00:00 PM","B35","W","302758","23","26","56","5"
"2024-10-15","2024-10-15 04:00:00 AM","S53","E","203052","23","1","0","1"
"2024-10-15","2024-10-15 12:00:00 AM","Q58","W","503522","23","8","0","1"
"2024-10-15","2024-10-15 01:00:00 AM","S53","W","200627","23","0","1","1"
"2024-10-15","2024-10-15 06:00:00 PM","B35","E","302719","23","3","16","4"
"2024-10-15","2024-10-15 06:00:00 AM","B35","W","302758","23","3","5","2"
"2024-10-15","2024-10-15 04:00:00 AM","S79+","N","307203","23","0","3","1"
"2024-10-15","2024-10-15 04:00:00 PM","B35","E","302719","23","5","21","3"
"2024-10-15","2024-10-15 01:00:00 AM","Q58","W","503522","23","4","0","1"
"2024-10-15","2024-10-15 04:00:00 AM","M15","S","401760","23","0","1","1"
"2024-10-15","2024-10-15 05:00:00 PM","S53","W","200627","23","2","0","2"
"2024-10-15","2024-10-15 06:00:00 PM","BX19","N","101322","23","4","3","3"
"2024-10-15","2024-10-15 05:00:00 AM","B46","N","303612","23","16","1","5"
"2024-10-15","2024-10-15 02:00:00 AM","Q58","W","503522","23","2","1","1"
"2024-10-15","2024-10-15 12:00:00 PM","Q58","E","503469","23","2","6","5"
"2024-10-15","2024-10-15 04:00:00 PM","B35","W","302758","23","28","46","2"
"2024-10-15","2024-10-15 04:00:00 PM","S79+","S","805190","23","2","23","4"
"2024-10-15","2024-10-15 03:00:00 PM","S53","W","200627","23","1","4","2"
"2024-10-15","2024-10-15 09:00:00 PM","B35","W","302775","23","0","1","1"
"2024-10-15","2024-10-15 11:00:00 PM","Q58","W","503522","23","54","7","5"
"2024-10-15","2024-10-15 04:00:00 PM","S79+","N","307203","23","6","66","7"
"2024-10-15","2024-10-15 04:00:00 AM","B46","S","303676","23","3","0","2"
"2024-10-15","2024-10-15 07:00:00 PM","B35","W","302758","23","6","9","4"
"2024-10-15","2024-10-15 01:00:00 PM","M101","N","402508","23","7","12","2"
"2024-10-15","2024-10-15 10:00:00 AM","B46","S","303676","23","6","8","4"
"2024-10-15","2024-10-15 08:00:00 PM","S79+","N","307203","23","0","7","2"
"2024-10-15","2024-10-15 02:00:00 PM","S79+","N","307203","23","1","20","3"
"2024-10-15","2024-10-15 02:00:00 PM","S79+","S","805190","23","9","27","4"
"2024-10-15","2024-10-15 11:00:00 PM","B35","W","302758","23","0","1","1"
"2024-10-15","2024-10-15 07:00:00 AM","S53","E","203052","23","7","1","2"
"2024-10-15","2024-10-15 10:00:00 AM","S53","E","203052","23","1","0","1"
"2024-10-15","2024-10-15 08:00:00 AM","B35","W","302768","23","0","3","1"
"2024-10-15","2024-10-15 08:00:00 AM","B35","W","302775","23","8","4","3"
"2024-10-15","2024-10-15 08:00:00 AM","B35","W","302758","23","9","35","2"
"2024-10-15","2024-10-15 05:00:00 PM","B35","E","302719","23","1","7","1"
"2024-10-15","2024-10-15 05:00:00 PM","B35","E","307792","23","32","30","3"
"2024-10-15","2024-10-15 12:00:00 PM","BX19","S","101369","23","23","13","2"
"2024-10-15","2024-10-15 08:00:00 PM","BX19","N","101322","23","3","3","2"
"2024-10-15","2024-10-15 07:00:00 PM","B35","E","307792","23","82","48","5"
"2024-10-15","2024-10-15 07:00:00 PM","B35","E","302719","23","1","20","2"
"2024-10-15","2024-10-15 01:00:00 PM","B46","S","303676","23","5","5","3"
"2024-10-15","2024-10-15 08:00:00 AM","S79+","S","805190","23","2","99","9"
"2024-10-15","2024-10-15 11:00:00 PM","B35","E","302699","23","5","4","1"
"2024-10-15","2024-10-15 12:00:00 PM","BX19","N","101322","23","4","6","2"
"2024-10-15","2024-10-15 02:00:00 PM","B35","W","302775","23","3","5","1"
"2024-10-15","2024-10-15 02:00:00 PM","B35","W","302758","23","0","1","1"
"2024-10-15","2024-10-15 08:00:00 PM","S79+","S","805190","23","0","7","3"
"2024-10-15","2024-10-15 07:00:00 AM","S53","W","200627","23","1","0","1"
"2024-10-15","2024-10-15 03:00:00 PM","M101","S","405078","23","15","10","2"
"2024-10-15","2024-10-15 10:00:00 PM","B46","S","303676","23","20","8","2"
"2024-10-15","2024-10-15 11:00:00 AM","M15","N","401691","23","0","4","2"
"2024-10-15","2024-10-15 11:00:00 AM","M15","N","401699","23","2","0","1"
"2024-10-15","2024-10-15 09:00:00 AM","B46","S","303701","23","0","1","1"
"2024-10-15","2024-10-15 09:00:00 AM","B46","S","303676","23","7","7","5"
"2024-10-15","2024-10-15 12:00:00 PM","B35","E","307792","23","20","9","1"
"2024-10-15","2024-10-15 12:00:00 PM","B35","E","302719","23","9","11","4"
"2024-10-15","2024-10-15 05:00:00 PM","BX19","S","101369","23","32","6","4"
"2024-10-15","2024-10-15 02:00:00 PM","Q58","E","503469","23","4","2","2"
"2024-10-15","2024-10-15 08:00:00 AM","BX19","S","101369","23","25","14","6"
"2024-10-15","2024-10-15 11:00:00 PM","B46","S","303676","23","5","2","3"
"2024-10-15","2024-10-15 05:00:00 PM","S79+","S","805190","23","16","47","8"
"2024-10-15","2024-10-15 02:00:00 PM","B35","E","302719","23","12","30","4"
"2024-10-15","2024-10-15 02:00:00 PM","B35","E","307792","23","13","23","3"
"2024-10-15","2024-10-15 07:00:00 PM","Q58","W","503522","23","17","2","2"
"2024-10-15","2024-10-15 08:00:00 AM","S79+","N","307203","23","16","228","11"
"2024-10-15","2024-10-15 08:00:00 AM","B35","E","302719","23","1","8","2"
"2024-10-15","2024-10-15 08:00:00 AM","B35","E","307792","23","30","18","4"
"2024-10-15","2024-10-15 08:00:00 PM","S53","W","200416","23","2","5","0"
"2024-10-15","2024-10-15 08:00:00 PM","S53","W","200627","23","1","4","3"
"2024-10-15","2024-10-15 09:00:00 PM","M101","N","402508","23","10","0","2"
"2024-10-15","2024-10-15 05:00:00 PM","S79+","N","307203","23","1","48","5"
"2024-10-15","2024-10-15 10:00:00 AM","B35","E","302719","23","0","15","2"
"2024-10-15","2024-10-15 10:00:00 AM","B35","E","307792","23","9","12","2"
"2024-10-15","2024-10-15 05:00:00 PM","Q58","E","503469","23","1","3","1"
"2024-10-15","2024-10-15 04:00:00 PM","M15","S","401760","23","16","2","2"
"2024-10-15","2024-10-15 06:00:00 PM","B46","N","303612","23","9","3","3"
"2024-10-15","2024-10-15 06:00:00 PM","B46","S","303701","23","0","4","2"
"2024-10-15","2024-10-15 02:00:00 PM","BX19","S","101369","23","47","9","4"
"2024-10-15","2024-10-15 08:00:00 AM","BX19","N","101322","23","26","16","4"
"2024-10-15","2024-10-15 06:00:00 PM","B46","S","303676","23","5","22","4"
"2024-10-15","2024-10-15 09:00:00 PM","Q58","W","503522","23","66","2","7"
"2024-10-15","2024-10-15 07:00:00 PM","Q58","E","503469","23","7","1","2"
"2024-10-15","2024-10-15 05:00:00 PM","BX19","N","101322","23","40","28","3"
"2024-10-15","2024-10-15 10:00:00 AM","B35","W","302758","23","6","17","3"
"2024-10-15","2024-10-15 10:00:00 AM","B35","W","302775","23","13","7","4"
"2024-10-15","2024-10-15 08:00:00 AM","S53","E","203052","23","1","1","1"
"2024-10-15","2024-10-15 09:00:00 PM","Q58","E","503469","23","2","0","2"
"2024-10-15","2024-10-15 07:00:00 AM","M15","N","401699","23","4","0","1"
"2024-10-15","2024-10-15 04:00:00 PM","S53","E","203052","23","3","0","2"
"2024-10-15","2024-10-15 01:00:00 PM","B46","N","303612","23","21","9","6"
"2024-10-15","2024-10-15 07:00:00 PM","BX19","S","101369","23","10","5","2"
"2024-10-15","2024-10-15 06:00:00 PM","M101","N","402508","23","10","8","2"
"2024-10-15","2024-10-15 02:00:00 PM","BX19","N","101322","23","24","29","3"
"2024-10-15","2024-10-15 11:00:00 PM","B46","N","303612","23","21","2","5"
"2024-10-15","2024-10-15 10:00:00 AM","B46","N","303612","23","9","4","2"
"2024-10-15","2024-10-15 09:00:00 AM","B46","N","303612","23","24","13","6"
"2024-10-15","2024-10-15 07:00:00 PM","BX19","N","101322","23","8","8","4"
"2024-10-15","2024-10-15 04:00:00 PM","S53","W","200627","23","0","1","1"
"2024-10-15","2024-10-15 08:00:00 PM","BX19","S","101369","23","7","2","2"
"2024-10-15","2024-10-15 09:00:00 PM","M101","S","405078","23","0","6","0"
"2024-10-15","2024-10-15 05:00:00 PM","B35","W","302775","23","4","5","3"
"2024-10-15","2024-10-15 05:00:00 PM","B35","W","302758","23","15","45","5"
"2024-10-15","2024-10-15 07:00:00 PM","B35","W","302775","23","4","3","3"
"2024-10-15","2024-10-15 11:00:00 PM","B46","S","307373","24","6","16","4"
"2024-10-15","2024-10-15 05:00:00 PM","Q58","E","503470","24","2","9","2"
"2024-10-15","2024-10-15 11:00:00 AM","M15","S","401761","24","3","3","1"
"2024-10-15","2024-10-15 09:00:00 AM","B46","N","303613","24","12","2","5"
"2024-10-15","2024-10-15 12:00:00 PM","B35","E","307791","24","11","12","2"
"2024-10-15","2024-10-15 12:00:00 PM","B35","E","306838","24","11","20","6"
"2024-10-15","2024-10-15 05:00:00 PM","S79+","N","901225","24","1","138","5"
"2024-10-15","2024-10-15 08:00:00 AM","S53","E","200652","24","2","5","2"
"2024-10-15","2024-10-15 02:00:00 PM","BX19","N","103507","24","5","21","2"
"2024-10-15","2024-10-15 08:00:00 PM","BX19","S","101370","24","11","0","2"
"2024-10-15","2024-10-15 08:00:00 PM","BX19","N","103507","24","15","20","2"
"2024-10-15","2024-10-15 02:00:00 PM","B35","W","302776","24","2","5","2"
"2024-10-15","2024-10-15 02:00:00 PM","B35","W","302759","24","1","9","1"
"2024-10-15","2024-10-15 07:00:00 AM","M15","N","401701","24","4","2","1"
"2024-10-15","2024-10-15 03:00:00 PM","M101","S","401458","24","7","2","2"
"2024-10-15","2024-10-15 09:00:00 AM","B46","S","303702","24","0","1","1"
"2024-10-15","2024-10-15 09:00:00 AM","B46","S","307373","24","6","24","6"
"2024-10-15","2024-10-15 08:00:00 AM","BX19","S","101370","24","16","11","5"
"2024-10-15","2024-10-15 09:00:00 PM","BX12","E","902212","24","0","14","0"
"2024-10-15","2024-10-15 07:00:00 PM","Q58","W","503523","24","0","1","1"
"2024-10-15","2024-10-15 08:00:00 AM","S79+","N","901225","24","50","412","11"
"2024-10-15","2024-10-15 02:00:00 PM","B35","E","306838","24","12","25","3"
"2024-10-15","2024-10-15 02:00:00 PM","B35","E","307791","24","6","4","3"
"2024-10-15","2024-10-15 02:00:00 PM","Q58","E","503470","24","11","30","3"
"2024-10-15","2024-10-15 02:00:00 PM","Q58","E","503492","24","0","3","1"
"2024-10-15","2024-10-15 09:00:00 PM","M101","N","402509","24","5","1","1"
"2024-10-15","2024-10-15 01:00:00 PM","S53","W","200713","24","3","0","1"
"2024-10-15","2024-10-15 10:00:00 AM","B35","E","306838","24","4","11","2"
"2024-10-15","2024-10-15 07:00:00 AM","M15","N","405396","24","0","5","1"
"2024-10-15","2024-10-15 04:00:00 PM","M15","S","401761","24","10","7","2"
"2024-10-15","2024-10-15 08:00:00 AM","S53","W","200713","24","11","18","5"
"2024-10-15","2024-10-15 08:00:00 AM","BX19","N","103507","24","18","15","3"
"2024-10-15","2024-10-15 07:00:00 PM","Q58","E","503470","24","12","14","6"
"2024-10-15","2024-10-15 10:00:00 AM","B35","E","307791","24","10","6","2"
"2024-10-15","2024-10-15 10:00:00 AM","B35","W","302759","24","4","25","2"
"2024-10-15","2024-10-15 10:00:00 AM","B35","W","302776","24","1","9","5"
"2024-10-15","2024-10-15 04:00:00 PM","S53","E","200652","24","3","1","2"
"2024-10-15","2024-10-15 07:00:00 PM","BX19","S","101370","24","12","6","2"
"2024-10-15","2024-10-15 11:00:00 PM","B46","N","303613","24","0","3","2"
"2024-10-15","2024-10-15 01:00:00 PM","S53","E","200652","24","2","1","2"
"2024-10-15","2024-10-15 10:00:00 AM","B46","N","303613","24","1","1","1"
"2024-10-15","2024-10-15 07:00:00 PM","BX19","N","103507","24","45","37","4"
"2024-10-15","2024-10-15 04:00:00 PM","S53","W","200713","24","2","0","1"
"2024-10-15","2024-10-15 07:00:00 PM","B35","W","302776","24","0","3","1"
"2024-10-15","2024-10-15 07:00:00 PM","B35","W","302759","24","19","31","5"
"2024-10-15","2024-10-15 01:00:00 PM","M101","N","402509","24","14","13","2"
"2024-10-15","2024-10-15 10:00:00 AM","B46","S","307373","24","6","19","4"
"2024-10-15","2024-10-15 11:00:00 PM","B35","W","302759","24","3","9","2"
"2024-10-15","2024-10-15 08:00:00 AM","B35","W","302776","24","1","4","3"
"2024-10-15","2024-10-15 08:00:00 AM","B35","W","302759","24","7","18","2"
"2024-10-15","2024-10-15 08:00:00 AM","B35","W","307947","24","0","33","3"
"2024-10-15","2024-10-15 05:00:00 PM","B35","E","306838","24","4","20","2"
"2024-10-15","2024-10-15 05:00:00 PM","B35","E","307791","24","16","13","3"
"2024-10-15","2024-10-15 08:00:00 PM","S79+","N","901225","24","28","42","3"
"2024-10-15","2024-10-15 09:00:00 PM","M15","N","405396","24","0","3","2"
"2024-10-15","2024-10-15 07:00:00 PM","B35","E","307791","24","13","27","5"
"2024-10-15","2024-10-15 07:00:00 PM","B35","E","306838","24","3","24","3"
"2024-10-15","2024-10-15 01:00:00 PM","B46","S","307373","24","12","19","5"
"2024-10-15","2024-10-15 07:00:00 AM","S53","E","200652","24","3","8","2"
"2024-10-15","2024-10-15 02:00:00 PM","S79+","N","901225","24","1","132","4"
"2024-10-15","2024-10-15 10:00:00 AM","S53","W","200713","24","3","6","4"
"2024-10-15","2024-10-15 05:00:00 PM","B35","W","302759","24","32","52","3"
"2024-10-15","2024-10-15 05:00:00 PM","B35","W","302776","24","2","10","3"
"2024-10-15","2024-10-15 06:00:00 PM","M101","N","402509","24","10","18","2"
"2024-10-15","2024-10-15 01:00:00 PM","B46","N","303613","24","4","7","6"
"2024-10-15","2024-10-15 09:00:00 PM","Q58","E","503470","24","11","2","4"
"2024-10-15","2024-10-15 05:00:00 PM","BX19","N","103507","24","27","10","2"
"2024-10-15","2024-10-15 06:00:00 PM","B46","S","307373","24","10","21","4"
"2024-10-15","2024-10-15 06:00:00 PM","B46","S","303702","24","0","5","2"
"2024-10-15","2024-10-15 08:00:00 AM","B35","E","306838","24","2","4","2"
"2024-10-15","2024-10-15 11:00:00 PM","B35","E","302700","24","1","1","1"
"2024-10-15","2024-10-15 08:00:00 AM","B35","E","307791","24","14","13","4"
"2024-10-15","2024-10-15 05:00:00 PM","BX19","S","101370","24","15","7","4"
"2024-10-15","2024-10-15 07:00:00 AM","S53","W","200713","24","1","4","1"
"2024-10-15","2024-10-15 08:00:00 PM","S53","W","200713","24","5","1","3"
"2024-10-15","2024-10-15 12:00:00 PM","BX19","S","101370","24","16","92","2"
"2024-10-15","2024-10-15 02:00:00 PM","BX19","S","101370","24","27","19","4"
"2024-10-15","2024-10-15 09:00:00 PM","Q58","W","503523","24","0","2","1"
"2024-10-15","2024-10-15 06:00:00 PM","B46","N","303613","24","8","1","4"
"2024-10-15","2024-10-15 12:00:00 PM","BX19","N","103507","24","31","31","3"
"2024-10-15","2024-10-15 10:00:00 PM","B46","S","307373","24","7","14","5"
"2024-10-15","2024-10-15 08:00:00 AM","M101","N","402509","24","0","41","3"
"2024-10-15","2024-10-15 11:00:00 PM","M15","S","401761","24","1","0","0"
"2024-10-15","2024-10-15 07:00:00 AM","BX19","N","103507","24","6","3","1"
"2024-10-15","2024-10-15 11:00:00 PM","S79+","N","901225","24","32","28","2"
"2024-10-15","2024-10-15 12:00:00 PM","B35","W","302759","24","11","28","3"
"2024-10-15","2024-10-15 08:00:00 PM","B35","E","307791","24","3","3","1"
"2024-10-15","2024-10-15 04:00:00 PM","M101","N","402509","24","0","4","1"
"2024-10-15","2024-10-15 08:00:00 PM","B35","E","306838","24","4","19","4"
"2024-10-15","2024-10-15 03:00:00 PM","BX19","S","101370","24","0","1","1"
"2024-10-15","2024-10-15 02:00:00 PM","S53","W","200417","24","0","3","2"
"2024-10-15","2024-10-15 02:00:00 PM","S53","W","200713","24","5","7","2"
"2024-10-15","2024-10-15 10:00:00 PM","B46","N","303613","24","3","2","3"
"2024-10-15","2024-10-15 08:00:00 AM","M15","S","401761","24","11","1","1"
"2024-10-15","2024-10-15 11:00:00 PM","S53","W","200713","24","1","1","1"
"2024-10-15","2024-10-15 11:00:00 AM","BX19","S","101370","24","29","17","5"
"2024-10-15","2024-10-15 06:00:00 PM","S53","W","200713","24","16","2","3"
"2024-10-15","2024-10-15 10:00:00 PM","M15","S","401761","24","2","0","1"
"2024-10-15","2024-10-15 03:00:00 PM","B46","N","303613","24","3","10","4"
"2024-10-15","2024-10-15 03:00:00 PM","BX19","N","103507","24","52","46","3"
"2024-10-15","2024-10-15 08:00:00 PM","B35","W","302759","24","0","11","2"
"2024-10-15","2024-10-15 02:00:00 PM","M15","S","401761","24","5","4","1"
"2024-10-15","2024-10-15 03:00:00 PM","B46","N","307086","24","1","2","1"
"2024-10-15","2024-10-15 09:00:00 AM","BX19","S","101370","24","13","1","1"
"2024-10-15","2024-10-15 10:00:00 PM","S53","W","200713","24","1","0","1"
"2024-10-15","2024-10-15 08:00:00 PM","M101","N","402509","24","6","22","2"
"2024-10-15","2024-10-15 11:00:00 AM","Q58","E","503470","24","17","5","3"
"2024-10-15","2024-10-15 08:00:00 PM","M101","S","401458","24","2","3","1"
"2024-10-15","2024-10-15 09:00:00 AM","BX19","N","103507","24","19","11","3"
"2024-10-15","2024-10-15 03:00:00 PM","B35","W","302776","24","1","21","6"
"2024-10-15","2024-10-15 06:00:00 PM","S53","E","200652","24","7","2","2"
"2024-10-15","2024-10-15 04:00:00 PM","B46","N","303613","24","10","11","4"
"2024-10-15","2024-10-15 04:00:00 PM","B46","N","307668","24","0","22","1"
"2024-10-15","2024-10-15 09:00:00 AM","Q58","W","503523","24","1","0","1"
"2024-10-15","2024-10-15 07:00:00 PM","S53","W","200713","24","1","2","2"
"2024-10-15","2024-10-15 03:00:00 PM","Q58","W","304841","24","0","6","1"
"2024-10-15","2024-10-15 03:00:00 PM","Q58","W","503523","24","1","3","2"
"2024-10-15","2024-10-15 05:00:00 PM","M101","N","402509","24","15","15","1"
"2024-10-15","2024-10-15 09:00:00 AM","Q58","E","503470","24","21","9","6"
"2024-10-15","2024-10-15 07:00:00 AM","BX19","N","100563","24","0","8","1"
"2024-10-15","2024-10-15 10:00:00 PM","S79+","N","901225","24","3","22","2"
"2024-10-15","2024-10-15 10:00:00 AM","M101","S","401458","24","10","3","2"
"2024-10-15","2024-10-15 07:00:00 PM","B46","S","303702","24","0","1","1"
"2024-10-15","2024-10-15 07:00:00 PM","B46","S","307373","24","9","14","3"
"2024-10-15","2024-10-15 06:00:00 PM","M15","N","405396","24","1","1","1"
"2024-10-15","2024-10-15 06:00:00 PM","M15","N","401701","24","8","5","3"
"2024-10-15","2024-10-15 12:00:00 PM","B46","N","303613","24","7","5","3"
"2024-10-15","2024-10-15 12:00:00 PM","M101","N","402509","24","4","7","1"
"2024-10-15","2024-10-16 12:00:00 AM","B46","N","303613","24","3","1","1"
"2024-10-15","2024-10-15 03:00:00 PM","S79+","N","901225","24","56","92","5"
"2024-10-15","2024-10-15 12:00:00 PM","S53","W","200713","24","3","3","2"
"2024-10-15","2024-10-15 01:00:00 PM","M15","N","405396","24","2","3","1"
"2024-10-15","2024-10-15 09:00:00 PM","BX19","N","103507","24","28","7","3"
"2024-10-15","2024-10-15 09:00:00 AM","B35","W","302759","24","16","46","5"
"2024-10-15","2024-10-15 09:00:00 AM","B35","W","302776","24","0","3","2"
"2024-10-15","2024-10-15 07:00:00 AM","BX19","N","101359","24","12","17","2"
"2024-10-15","2024-10-15 04:00:00 PM","Q58","E","503470","24","21","31","7"
"2024-10-15","2024-10-15 12:00:00 PM","B46","S","307373","24","15","19","5"
"2024-10-15","2024-10-15 12:00:00 PM","S79+","N","901225","24","25","97","5"
"2024-10-15","2024-10-15 10:00:00 PM","B35","E","306838","24","1","3","2"
"2024-10-15","2024-10-15 10:00:00 AM","M15","N","401701","24","2","0","1"
"2024-10-15","2024-10-15 05:00:00 PM","M15","N","405396","24","1","4","1"
"2024-10-15","2024-10-15 09:00:00 AM","B35","E","307791","24","17","9","4"
"2024-10-15","2024-10-15 09:00:00 AM","B35","E","306838","24","0","4","1"
"2024-10-15","2024-10-15 08:00:00 PM","B46","N","303613","24","3","3","3"
"2024-10-15","2024-10-15 11:00:00 PM","M101","S","401458","24","3","0","1"
"2024-10-15","2024-10-15 04:00:00 PM","B46","S","307373","24","26","50","6"
"2024-10-15","2024-10-15 04:00:00 PM","B46","S","303702","24","1","3","0"
"2024-10-15","2024-10-15 03:00:00 PM","Q58","E","503492","24","14","9","4"
"2024-10-15","2024-10-15 03:00:00 PM","Q58","E","503470","24","22","21","8"
"2024-10-15","2024-10-15 07:00:00 AM","BX19","S","101370","24","24","7","5"
"2024-10-15","2024-10-15 03:00:00 PM","B35","W","302759","24","20","34","4"
"2024-10-15","2024-10-15 07:00:00 PM","B46","N","303613","24","1","3","2"
"2024-10-15","2024-10-15 01:00:00 PM","S79+","N","901225","24","1","79","5"
"2024-10-15","2024-10-15 04:00:00 PM","Q58","W","503523","24","4","2","2"
"2024-10-15","2024-10-15 08:00:00 PM","B46","S","307373","24","8","16","5"
"2024-10-15","2024-10-15 10:00:00 AM","S79+","N","901225","24","6","226","7"
"2024-10-15","2024-10-15 02:00:00 PM","M15","N","405396","24","2","9","2"
"2024-10-15","2024-10-15 02:00:00 PM","M15","N","401701","24","2","1","1"
"2024-10-15","2024-10-15 01:00:00 PM","M15","S","401761","24","2","0","1"
"2024-10-15","2024-10-15 11:00:00 AM","Q58","W","503523","24","1","3","2"
"2024-10-15","2024-10-15 05:00:00 PM","Q58","W","503523","24","7","1","3"
"2024-10-15","2024-10-15 10:00:00 PM","B35","W","302759","24","0","3","1"
"2024-10-15","2024-10-15 10:00:00 PM","B35","W","302776","24","0","2","2"
"2024-10-15","2024-10-15 12:00:00 PM","B35","W","302776","24","0","1","1"
"2024-10-15","2024-10-15 03:00:00 PM","B46","S","307373","24","36","52","6"
"2024-10-15","2024-10-15 11:00:00 AM","BX19","N","103507","24","7","13","2"
"2024-10-15","2024-10-15 06:00:00 PM","S79+","N","901225","24","118","147","6"
"2024-10-15","2024-10-15 04:00:00 PM","B35","W","302759","24","4","13","2"
"2024-10-15","2024-10-15 10:00:00 AM","Q58","E","503470","24","22","6","6"
"2024-10-15","2024-10-15 10:00:00 AM","Q58","E","503492","24","0","14","0"
"2024-10-15","2024-10-15 01:00:00 AM","Q58","E","503470","24","3","1","1"
"2024-10-15","2024-10-15 11:00:00 AM","B35","E","307791","24","6","17","2"
"2024-10-15","2024-10-15 11:00:00 AM","B35","E","306838","24","0","9","1"
"2024-10-15","2024-10-15 05:00:00 AM","B46","N","303613","24","6","2","4"
"2024-10-15","2024-10-15 12:00:00 AM","B46","S","307373","24","2","5","3"
"2024-10-15","2024-10-15 05:00:00 AM","B46","S","307373","24","3","9","2"
"2024-10-15","2024-10-15 02:00:00 AM","B35","W","302759","24","0","2","1"
"2024-10-15","2024-10-15 06:00:00 PM","B35","E","307791","24","12","13","3"
"2024-10-15","2024-10-15 09:00:00 PM","B46","S","307373","24","0","12","5"
"2024-10-15","2024-10-15 06:00:00 AM","B35","E","302700","24","2","1","1"
"2024-10-15","2024-10-15 04:00:00 PM","BX19","S","101370","24","20","3","3"
"2024-10-15","2024-10-15 06:00:00 AM","S53","E","200652","24","2","2","3"
"2024-10-15","2024-10-15 12:00:00 PM","M15","S","401761","24","14","6","3"
"2024-10-15","2024-10-15 10:00:00 PM","BX19","N","103507","24","7","0","1"
"2024-10-15","2024-10-15 06:00:00 AM","B46","S","307373","24","3","10","4"
"2024-10-15","2024-10-15 01:00:00 AM","S53","W","200713","24","0","1","1"
"2024-10-15","2024-10-15 04:00:00 PM","B35","W","302776","24","0","2","2"
"2024-10-15","2024-10-15 04:00:00 PM","S79+","N","901225","24","44","253","9"
"2024-10-15","2024-10-15 01:00:00 PM","Q58","W","503523","24","2","5","3"
"2024-10-15","2024-10-15 12:00:00 AM","BX12","E","902212","24","4","11","1"
"2024-10-15","2024-10-15 11:00:00 AM","B35","W","302759","24","5","29","3"
"2024-10-15","2024-10-15 11:00:00 AM","B35","W","302776","24","1","3","1"
"2024-10-15","2024-10-15 09:00:00 PM","B35","W","302759","24","1","3","2"
"2024-10-15","2024-10-15 02:00:00 PM","M101","N","402509","24","8","10","1"
"2024-10-15","2024-10-15 10:00:00 AM","BX19","S","101370","24","19","2","3"
"2024-10-15","2024-10-15 09:00:00 AM","M15","S","401761","24","2","3","2"
"2024-10-15","2024-10-15 06:00:00 PM","Q58","W","503523","24","0","2","1"
"2024-10-15","2024-10-15 08:00:00 AM","B46","S","303702","24","1","5","3"
"2024-10-15","2024-10-15 07:00:00 AM","Q58","W","503523","24","1","2","2"
"2024-10-15","2024-10-15 08:00:00 AM","B46","S","307373","24","5","22","3"
"2024-10-15","2024-10-15 02:00:00 AM","Q58","E","503470","24","1","0","1"
"2024-10-15","2024-10-15 01:00:00 AM","B35","W","302759","24","0","2","1"
"2024-10-15","2024-10-15 03:00:00 PM","S53","E","200652","24","1","1","2"
"2024-10-15","2024-10-15 11:00:00 AM","B46","N","303613","24","3","5","3"
"2024-10-15","2024-10-15 07:00:00 AM","B35","W","302759","24","22","7","2"
"2024-10-15","2024-10-15 07:00:00 AM","B35","W","302776","24","0","3","2"
"2024-10-15","2024-10-15 03:00:00 AM","Q58","E","503470","24","1","0","1"
"2024-10-15","2024-10-15 05:00:00 PM","B46","S","307373","24","12","32","4"
"2024-10-15","2024-10-15 06:00:00 PM","B35","E","306838","24","2","25","4"
"2024-10-15","2024-10-15 06:00:00 AM","M101","S","401458","24","3","2","2"
"2024-10-15","2024-10-15 06:00:00 AM","Q58","W","503523","24","2","0","1"
"2024-10-15","2024-10-15 05:00:00 AM","B35","W","302759","24","3","0","1"
"2024-10-15","2024-10-15 09:00:00 PM","B46","N","303613","24","0","3","2"
"2024-10-15","2024-10-15 05:00:00 AM","BX19","N","101359","24","0","3","1"
"2024-10-15","2024-10-15 06:00:00 AM","B35","W","302759","24","13","9","2"
"2024-10-15","2024-10-15 10:00:00 AM","BX19","N","103507","24","33","23","5"
"2024-10-15","2024-10-15 03:00:00 PM","B35","E","307791","24","5","16","3"
"2024-10-15","2024-10-15 12:00:00 AM","Q58","W","503523","24","1","0","1"
"2024-10-15","2024-10-15 03:00:00 PM","S53","W","200713","24","12","4","2"
"2024-10-15","2024-10-15 01:00:00 AM","B46","S","307373","24","0","8","3"
"2024-10-15","2024-10-15 11:00:00 AM","B46","S","307373","24","18","28","4"
"2024-10-15","2024-10-15 01:00:00 PM","Q58","E","503470","24","43","19","8"
"2024-10-15","2024-10-15 11:00:00 PM","BX19","N","101359","24","6","8","2"
"2024-10-15","2024-10-15 06:00:00 AM","Q58","E","503470","24","18","0","4"
"2024-10-15","2024-10-15 08:00:00 PM","Q58","E","503470","24","10","7","6"
"2024-10-15","2024-10-15 06:00:00 PM","Q58","E","503470","24","6","4","5"
"2024-10-15","2024-10-15 06:00:00 AM","Q58","E","502994","24","1","2","2"
"2024-10-15","2024-10-15 09:00:00 PM","B46","S","303702","24","1","1","1"
"2024-10-15","2024-10-15 11:00:00 PM","Q58","E","503470","24","1","5","2"
"2024-10-15","2024-10-15 04:00:00 AM","S53","W","200713","24","0","2","1"
"2024-10-15","2024-10-15 02:00:00 PM","M101","S","401458","24","18","3","2"
"2024-10-15","2024-10-15 06:00:00 PM","BX19","S","101370","24","7","8","2"
"2024-10-15","2024-10-15 04:00:00 AM","B35","W","302759","24","2","4","2"
"2024-10-15","2024-10-15 09:00:00 AM","S79+","N","901225","24","15","280","8"
"2024-10-15","2024-10-15 08:00:00 AM","Q58","E","503470","24","24","15","5"
"2024-10-15","2024-10-15 07:00:00 AM","B46","N","303613","24","10","2","4"
"2024-10-15","2024-10-15 06:00:00 AM","B46","N","303613","24","7","2","4"
"2024-10-15","2024-10-15 01:00:00 PM","BX19","S","101370","24","25","8","4"
"2024-10-15","2024-10-15 07:00:00 AM","B46","N","307668","24","0","94","3"
"2024-10-15","2024-10-15 09:00:00 PM","S79+","N","901225","24","61","67","4"
"2024-10-15","2024-10-15 05:00:00 PM","B46","N","303613","24","6","10","4"
"2024-10-15","2024-10-15 06:00:00 AM","S79+","N","901225","24","8","208","8"
"2024-10-15","2024-10-15 09:00:00 PM","B35","E","306838","24","1","9","2"
"2024-10-15","2024-10-15 11:00:00 AM","S53","W","200713","24","3","3","1"
"2024-10-15","2024-10-15 09:00:00 AM","M15","N","401701","24","1","2","1"
"2024-10-15","2024-10-15 05:00:00 AM","Q58","W","503523","24","3","0","2"
"2024-10-15","2024-10-15 05:00:00 AM","M101","N","402517","24","1","2","1"
"2024-10-15","2024-10-15 09:00:00 PM","S53","W","200713","24","6","3","3"
"2024-10-15","2024-10-15 10:00:00 PM","Q58","W","503523","24","0","1","1"
"2024-10-15","2024-10-15 09:00:00 AM","S53","W","200713","24","0","9","1"
"2024-10-15","2024-10-15 08:00:00 PM","Q58","W","503523","24","1","1","2"
"2024-10-15","2024-10-15 01:00:00 PM","BX19","N","103507","24","58","62","5"
"2024-10-15","2024-10-15 09:00:00 PM","B35","E","307791","24","0","3","1"
"2024-10-15","2024-10-15 11:00:00 AM","S79+","N","901225","24","17","169","6"
"2024-10-15","2024-10-15 10:00:00 PM","BX19","S","101370","24","1","2","1"
"2024-10-15","2024-10-15 02:00:00 PM","Q58","W","503523","24","7","5","3"
"2024-10-15","2024-10-15 10:00:00 PM","Q58","E","503470","24","4","7","3"
"2024-10-15","2024-10-15 07:00:00 AM","Q58","E","502994","24","2","2","1"
"2024-10-15","2024-10-15 07:00:00 AM","Q58","E","503470","24","39","14","6"
"2024-10-15","2024-10-15 04:00:00 PM","B35","E","307791","24","13","23","4"
"2024-10-15","2024-10-15 07:00:00 AM","B46","S","307373","24","13","22","6"
"2024-10-15","2024-10-15 04:00:00 PM","B35","E","306838","24","15","30","3"
"2024-10-15","2024-10-15 04:00:00 AM","B46","S","307373","24","0","1","1"
"2024-10-15","2024-10-15 06:00:00 PM","BX19","N","103507","24","35","29","4"
"2024-10-15","2024-10-15 12:00:00 PM","Q58","E","503470","24","35","12","7"
"2024-10-15","2024-10-15 05:00:00 PM","S53","W","200713","24","26","12","4"
"2024-10-15","2024-10-15 08:00:00 AM","Q58","W","503523","24","0","2","1"
"2024-10-15","2024-10-15 09:00:00 AM","M101","N","402509","24","0","25","2"
"2024-10-15","2024-10-15 01:00:00 PM","B35","E","307791","24","13","24","2"
"2024-10-15","2024-10-15 06:00:00 AM","BX19","S","101370","24","8","0","2"
"2024-10-15","2024-10-15 09:00:00 AM","M101","S","401458","24","12","1","1"
"2024-10-15","2024-10-15 01:00:00 AM","B46","N","303613","24","0","2","1"
"2024-10-15","2024-10-15 01:00:00 PM","B35","E","306838","24","5","5","2"
"2024-10-15","2024-10-15 02:00:00 AM","B46","S","307373","24","0","3","2"
"2024-10-15","2024-10-15 09:00:00 AM","S53","E","200652","24","0","7","3"
"2024-10-15","2024-10-15 01:00:00 PM","B35","W","302776","24","2","2","1"
"2024-10-15","2024-10-15 01:00:00 PM","B35","W","302759","24","26","64","4"
"2024-10-15","2024-10-15 08:00:00 AM","B46","N","307668","24","0","83","2"
"2024-10-15","2024-10-15 08:00:00 AM","B46","N","303613","24","17","6","5"
"2024-10-15","2024-10-15 05:00:00 AM","M15","N","405396","24","0","4","1"
"2024-10-15","2024-10-15 07:00:00 PM","M15","S","401761","24","14","1","2"
"2024-10-15","2024-10-15 05:00:00 AM","S79+","N","901225","24","0","89","3"
"2024-10-15","2024-10-15 03:00:00 AM","M101","S","401458","24","2","0","1"
"2024-10-15","2024-10-15 01:00:00 AM","BX12","E","902212","24","3","2","1"
"2024-10-15","2024-10-15 06:00:00 PM","B35","W","302759","24","10","13","3"
"2024-10-15","2024-10-15 10:00:00 AM","Q58","W","503523","24","0","4","2"
"2024-10-15","2024-10-15 10:00:00 AM","Q58","W","304841","24","0","1","0"
"2024-10-15","2024-10-15 03:00:00 PM","M15","N","405396","24","0","1","1"
"2024-10-15","2024-10-15 06:00:00 PM","B35","W","302776","24","3","1","1"
"2024-10-15","2024-10-15 05:00:00 AM","Q58","E","503470","24","16","11","8"
"2024-10-15","2024-10-15 04:00:00 PM","BX19","N","103507","24","105","60","5"
"2024-10-15","2024-10-15 03:00:00 PM","B35","E","306838","24","8","36","3"
"2024-10-15","2024-10-15 02:00:00 PM","B46","N","303613","24","3","3","2"
"2024-10-15","2024-10-15 07:00:00 AM","B35","E","306838","24","1","8","2"
"2024-10-15","2024-10-15 04:00:00 AM","Q58","E","503470","24","7","2","2"
"2024-10-15","2024-10-15 07:00:00 AM","B35","E","307791","24","38","10","5"
"2024-10-15","2024-10-15 07:00:00 PM","M101","S","401458","24","5","3","1"
"2024-10-15","2024-10-15 12:00:00 AM","M101","S","401458","24","0","2","1"
"2024-10-15","2024-10-15 06:00:00 AM","M15","S","401761","24","1","0","1"
"2024-10-15","2024-10-15 03:00:00 AM","B46","S","307373","24","0","2","1"
"2024-10-15","2024-10-15 07:00:00 PM","S79+","N","901225","24","1","100","4"
"2024-10-15","2024-10-15 05:00:00 AM","S53","W","200713","24","1","9","2"
"2024-10-15","2024-10-15 04:00:00 AM","S79+","N","901225","24","4","22","1"
"2024-10-15","2024-10-15 04:00:00 AM","B46","N","303613","24","2","0","1"
"2024-10-15","2024-10-15 02:00:00 PM","B46","S","307373","24","16","24","3"
"2024-10-15","2024-10-15 07:00:00 AM","S79+","N","901225","24","105","395","8"
"2024-10-15","2024-10-15 12:00:00 AM","Q58","W","503524","25","0","1","1"
"2024-10-15","2024-10-15 04:00:00 PM","B35","W","302777","25","13","15","2"
"2024-10-15","2024-10-15 04:00:00 AM","B46","S","307026","25","8","2","1"
"2024-10-15","2024-10-15 09:00:00 PM","B35","E","302710","25","1","9","1"
"2024-10-15","2024-10-15 11:00:00 PM","Q58","W","503524","25","0","8","5"
"2024-10-15","2024-10-15 06:00:00 AM","B35","W","302760","25","2","2","2"
"2024-10-15","2024-10-15 05:00:00 AM","B46","S","307026","25","12","2","2"
"2024-10-15","2024-10-15 10:00:00 AM","BX19","N","101324","25","8","13","3"
"2024-10-15","2024-10-15 04:00:00 PM","BX19","N","101324","25","16","29","5"
"2024-10-15","2024-10-15 06:00:00 AM","Q58","W","503524","25","2","4","4"
"2024-10-15","2024-10-15 02:00:00 PM","B46","N","303614","25","1","6","2"
"2024-10-15","2024-10-15 05:00:00 PM","S53","W","200714","25","0","1","1"
"2024-10-15","2024-10-15 06:00:00 AM","B46","S","307026","25","48","17","5"
"2024-10-15","2024-10-15 05:00:00 AM","BX19","N","101327","25","0","2","1"
"2024-10-15","2024-10-15 12:00:00 PM","Q58","E","503471","25","10","4","6"
"2024-10-15","2024-10-15 09:00:00 AM","M15","S","401762","25","5","1","3"
"2024-10-15","2024-10-15 05:00:00 AM","B46","N","303614","25","4","3","4"
"2024-10-15","2024-10-15 12:00:00 AM","BX12","E","104081","25","0","5","1"
"2024-10-15","2024-10-15 06:00:00 PM","B35","E","302710","25","6","22","3"
"2024-10-15","2024-10-15 12:00:00 PM","Q58","W","503524","25","0","6","3"
"2024-10-15","2024-10-15 12:00:00 PM","Q58","W","304842","25","0","1","0"
"2024-10-15","2024-10-15 07:00:00 AM","B35","E","302710","25","34","35","5"
"2024-10-15","2024-10-15 04:00:00 PM","B35","W","302760","25","2","1","1"
"2024-10-15","2024-10-15 05:00:00 AM","B35","W","302760","25","0","3","1"
"2024-10-15","2024-10-15 06:00:00 PM","B35","E","302722","25","2","12","3"
"2024-10-15","2024-10-15 06:00:00 AM","M101","S","401459","25","0","2","1"
"2024-10-15","2024-10-15 04:00:00 AM","Q58","E","503471","25","3","0","2"
"2024-10-15","2024-10-15 06:00:00 AM","M101","S","403821","25","0","1","1"
"2024-10-15","2024-10-15 05:00:00 AM","Q58","E","503471","25","9","2","4"
"2024-10-15","2024-10-15 06:00:00 PM","Q58","W","503524","25","4","10","5"
"2024-10-15","2024-10-15 02:00:00 AM","B46","S","307026","25","5","2","2"
"2024-10-15","2024-10-15 07:00:00 AM","B35","W","302777","25","3","17","2"
"2024-10-15","2024-10-15 11:00:00 AM","B35","E","302722","25","0","5","1"
"2024-10-15","2024-10-15 06:00:00 PM","B35","W","302760","25","2","4","2"
"2024-10-15","2024-10-15 07:00:00 PM","M101","S","401459","25","6","0","2"
"2024-10-15","2024-10-15 02:00:00 PM","B46","S","307026","25","48","7","3"
"2024-10-15","2024-10-15 08:00:00 AM","B46","N","303614","25","4","9","5"
"2024-10-15","2024-10-15 01:00:00 PM","Q58","W","503524","25","2","4","3"
"2024-10-15","2024-10-15 01:00:00 PM","Q58","W","304842","25","0","1","0"
"2024-10-15","2024-10-15 07:00:00 AM","B35","W","302760","25","2","0","1"
"2024-10-15","2024-10-15 11:00:00 AM","B46","N","303614","25","3","2","3"
"2024-10-15","2024-10-15 01:00:00 AM","B35","W","302760","25","0","4","1"
"2024-10-15","2024-10-15 06:00:00 PM","B35","W","302777","25","8","16","2"
"2024-10-15","2024-10-15 08:00:00 AM","B46","S","307026","25","12","6","3"
"2024-10-15","2024-10-15 01:00:00 AM","S53","W","200714","25","0","1","1"
"2024-10-15","2024-10-15 08:00:00 AM","B46","S","303703","25","1","2","1"
"2024-10-15","2024-10-15 09:00:00 PM","B35","W","302760","25","0","6","2"
"2024-10-15","2024-10-15 04:00:00 PM","BX19","S","103723","25","27","19","3"
"2024-10-15","2024-10-15 08:00:00 AM","Q58","E","503471","25","23","4","4"
"2024-10-15","2024-10-15 07:00:00 PM","M15","S","401762","25","0","1","1"
"2024-10-15","2024-10-15 07:00:00 AM","Q58","W","503524","25","8","5","4"
"2024-10-15","2024-10-15 01:00:00 AM","M101","S","401459","25","0","2","1"
"2024-10-15","2024-10-15 08:00:00 PM","M15","N","401702","25","2","3","1"
"2024-10-15","2024-10-15 09:00:00 AM","M101","S","401459","25","0","2","1"
"2024-10-15","2024-10-15 01:00:00 PM","BX19","S","103723","25","11","7","4"
"2024-10-15","2024-10-15 07:00:00 AM","B46","N","303614","25","1","7","5"
"2024-10-15","2024-10-15 06:00:00 AM","B46","N","303614","25","3","2","3"
"2024-10-15","2024-10-15 11:00:00 AM","B35","E","302710","25","4","6","1"
"2024-10-15","2024-10-15 11:00:00 AM","S53","W","200714","25","1","0","1"
"2024-10-15","2024-10-15 05:00:00 AM","Q58","W","503524","25","3","0","1"
"2024-10-15","2024-10-15 05:00:00 PM","B46","N","303614","25","3","4","3"
"2024-10-15","2024-10-15 03:00:00 PM","B35","E","302722","25","3","24","5"
"2024-10-15","2024-10-15 01:00:00 PM","B35","E","302722","25","1","2","2"
"2024-10-15","2024-10-15 12:00:00 PM","M15","S","401762","25","4","1","2"
"2024-10-15","2024-10-15 09:00:00 AM","M101","N","402510","25","8","17","2"
"2024-10-15","2024-10-15 03:00:00 AM","B35","E","302701","25","2","0","1"
"2024-10-15","2024-10-15 05:00:00 AM","BX19","S","103723","25","1","0","1"
"2024-10-15","2024-10-15 04:00:00 AM","B35","W","302760","25","2","1","1"
"2024-10-15","2024-10-15 06:00:00 PM","BX19","S","103723","25","2","11","2"
"2024-10-15","2024-10-15 10:00:00 PM","Q58","W","503524","25","0","5","4"
"2024-10-15","2024-10-15 09:00:00 PM","B35","W","302777","25","0","1","1"
"2024-10-15","2024-10-15 03:00:00 PM","B35","E","302710","25","19","24","3"
"2024-10-15","2024-10-15 11:00:00 PM","Q58","E","503471","25","0","3","1"
"2024-10-15","2024-10-15 01:00:00 PM","B35","E","302710","25","6","13","2"
"2024-10-15","2024-10-15 01:00:00 AM","BX12","E","104081","25","0","3","1"
"2024-10-15","2024-10-15 06:00:00 AM","Q58","E","503479","25","1","0","1"
"2024-10-15","2024-10-15 03:00:00 AM","B46","S","307026","25","0","1","1"
"2024-10-15","2024-10-15 10:00:00 AM","Q58","E","503471","25","10","3","6"
"2024-10-15","2024-10-15 06:00:00 AM","Q58","E","503471","25","9","0","4"
"2024-10-15","2024-10-15 01:00:00 AM","Q58","W","503524","25","1","0","1"
"2024-10-15","2024-10-15 01:00:00 PM","BX19","N","101324","25","18","28","5"
"2024-10-15","2024-10-15 10:00:00 AM","Q58","W","503524","25","2","2","2"
"2024-10-15","2024-10-15 08:00:00 PM","Q58","W","503524","25","2","3","3"
"2024-10-15","2024-10-15 12:00:00 AM","B46","S","307026","25","30","5","3"
"2024-10-15","2024-10-15 08:00:00 PM","Q58","E","503471","25","5","3","4"
"2024-10-15","2024-10-15 06:00:00 PM","Q58","E","503471","25","1","7","3"
"2024-10-15","2024-10-15 01:00:00 PM","Q58","E","503471","25","11","5","6"
"2024-10-15","2024-10-15 03:00:00 PM","M15","N","404995","25","29","2","2"
"2024-10-15","2024-10-15 08:00:00 AM","Q58","W","503524","25","3","5","5"
"2024-10-15","2024-10-15 07:00:00 AM","B35","E","302722","25","1","6","1"
"2024-10-15","2024-10-15 06:00:00 AM","B35","E","302710","25","3","0","1"
"2024-10-15","2024-10-15 06:00:00 PM","BX19","N","101324","25","6","11","3"
"2024-10-15","2024-10-15 02:00:00 PM","Q58","W","503524","25","5","8","5"
"2024-10-15","2024-10-15 10:00:00 PM","Q58","E","503471","25","4","4","4"
"2024-10-15","2024-10-15 10:00:00 AM","BX19","S","103723","25","11","8","4"
"2024-10-15","2024-10-15 04:00:00 PM","B35","E","302722","25","5","19","3"
"2024-10-15","2024-10-15 04:00:00 PM","B35","E","302710","25","16","47","4"
"2024-10-15","2024-10-15 07:00:00 AM","Q58","E","503471","25","41","48","6"
"2024-10-15","2024-10-15 07:00:00 AM","Q58","E","503479","25","0","1","1"
"2024-10-15","2024-10-15 06:00:00 AM","B35","E","302701","25","6","1","1"
"2024-10-15","2024-10-15 04:00:00 AM","Q58","W","503524","25","1","0","1"
"2024-10-15","2024-10-15 04:00:00 AM","B35","E","302701","25","2","0","1"
"2024-10-15","2024-10-15 02:00:00 PM","M101","N","402510","25","10","7","1"
"2024-10-15","2024-10-15 09:00:00 PM","B46","S","307026","25","51","12","5"
"2024-10-15","2024-10-15 07:00:00 AM","B46","S","307026","25","23","21","6"
"2024-10-15","2024-10-15 11:00:00 AM","B35","W","302777","25","4","10","2"
"2024-10-15","2024-10-15 09:00:00 PM","B35","E","302722","25","0","5","2"
"2024-10-15","2024-10-15 11:00:00 AM","B46","S","307026","25","17","9","3"
"2024-10-15","2024-10-15 05:00:00 AM","B35","E","302701","25","1","1","1"
"2024-10-15","2024-10-15 12:00:00 AM","B35","E","302701","25","10","2","2"
"2024-10-15","2024-10-15 05:00:00 PM","B46","S","307026","25","71","16","4"
"2024-10-15","2024-10-15 05:00:00 PM","B46","S","303703","25","0","4","0"
"2024-10-15","2024-10-15 05:00:00 AM","M15","N","404995","25","1","3","1"
"2024-10-15","2024-10-15 01:00:00 AM","B46","S","307026","25","17","5","4"
"2024-10-15","2024-10-15 11:00:00 AM","B35","W","302760","25","3","9","3"
"2024-10-15","2024-10-15 01:00:00 PM","B35","W","302777","25","4","12","2"
"2024-10-15","2024-10-15 01:00:00 PM","B35","W","302760","25","7","23","4"
"2024-10-15","2024-10-15 11:00:00 PM","B35","E","302701","25","3","1","1"
"2024-10-15","2024-10-15 12:00:00 PM","B35","E","302722","25","6","20","4"
"2024-10-15","2024-10-15 01:00:00 PM","B46","N","303614","25","2","6","4"
"2024-10-15","2024-10-15 12:00:00 PM","B35","E","302710","25","2","24","3"
"2024-10-15","2024-10-15 02:00:00 PM","Q58","E","503471","25","32","3","4"
"2024-10-15","2024-10-15 11:00:00 PM","B46","S","307026","25","56","21","4"
"2024-10-15","2024-10-15 10:00:00 AM","B35","W","302760","25","3","22","3"
"2024-10-15","2024-10-15 02:00:00 PM","B35","E","302722","25","2","11","2"
"2024-10-15","2024-10-15 02:00:00 PM","B35","E","302710","25","3","13","2"
"2024-10-15","2024-10-15 10:00:00 AM","B35","W","302777","25","5","21","5"
"2024-10-15","2024-10-15 07:00:00 PM","B35","W","302760","25","1","9","5"
"2024-10-15","2024-10-15 07:00:00 PM","Q58","W","503524","25","8","13","5"
"2024-10-15","2024-10-15 07:00:00 PM","BX19","N","101324","25","7","19","5"
"2024-10-15","2024-10-15 08:00:00 AM","BX19","S","103723","25","18","18","6"
"2024-10-15","2024-10-15 07:00:00 PM","B35","W","302777","25","4","23","2"
"2024-10-15","2024-10-15 11:00:00 AM","M15","S","401762","25","0","2","1"
"2024-10-15","2024-10-15 09:00:00 PM","Q58","E","503471","25","4","2","2"
"2024-10-15","2024-10-15 05:00:00 PM","BX19","S","103723","25","4","4","4"
"2024-10-15","2024-10-15 08:00:00 AM","B35","E","302722","25","1","1","1"
"2024-10-15","2024-10-15 09:00:00 AM","B46","S","307026","25","34","18","7"
"2024-10-15","2024-10-15 08:00:00 AM","B35","E","302710","25","13","19","4"
"2024-10-15","2024-10-15 03:00:00 PM","M101","S","401459","25","14","5","3"
"2024-10-15","2024-10-15 11:00:00 AM","M15","N","404995","25","6","6","2"
"2024-10-15","2024-10-15 11:00:00 AM","M15","N","401702","25","1","3","1"
"2024-10-15","2024-10-15 11:00:00 AM","M101","S","401459","25","2","3","1"
"2024-10-15","2024-10-15 10:00:00 AM","B46","N","303614","25","0","1","1"
"2024-10-15","2024-10-15 06:00:00 PM","B46","S","307026","25","61","12","6"
"2024-10-15","2024-10-15 11:00:00 PM","B46","N","303614","25","1","5","3"
"2024-10-15","2024-10-15 02:00:00 PM","B35","W","302777","25","1","9","2"
"2024-10-15","2024-10-15 02:00:00 PM","B35","W","302760","25","2","1","1"
"2024-10-15","2024-10-15 02:00:00 PM","BX19","S","103723","25","57","16","5"
"2024-10-15","2024-10-15 10:00:00 AM","S53","W","200714","25","1","0","1"
"2024-10-15","2024-10-15 10:00:00 AM","B35","E","302722","25","1","10","2"
"2024-10-15","2024-10-15 08:00:00 PM","BX19","N","101324","25","6","4","2"
"2024-10-15","2024-10-15 09:00:00 AM","B46","N","303614","25","2","6","4"
"2024-10-15","2024-10-15 10:00:00 AM","B35","E","302710","25","2","12","2"
"2024-10-15","2024-10-15 12:00:00 PM","BX19","S","103723","25","14","8","2"
"2024-10-15","2024-10-15 09:00:00 PM","Q58","W","503524","25","3","3","4"
"2024-10-15","2024-10-15 08:00:00 AM","B35","W","302777","25","8","14","3"
"2024-10-15","2024-10-15 07:00:00 AM","M15","N","404995","25","2","0","1"
"2024-10-15","2024-10-15 08:00:00 PM","BX19","S","103723","25","0","2","1"
"2024-10-15","2024-10-15 07:00:00 PM","B35","E","302710","25","10","44","5"
"2024-10-15","2024-10-15 07:00:00 PM","B35","E","302722","25","3","12","3"
"2024-10-15","2024-10-15 05:00:00 PM","BX19","N","101324","25","31","30","3"
"2024-10-15","2024-10-15 07:00:00 AM","M15","N","401702","25","3","3","1"
"2024-10-15","2024-10-15 07:00:00 PM","Q58","E","503471","25","11","3","4"
"2024-10-15","2024-10-15 06:00:00 PM","B46","S","303703","25","2","3","0"
"2024-10-15","2024-10-15 08:00:00 AM","B35","W","302760","25","5","1","2"
"2024-10-15","2024-10-15 01:00:00 PM","B46","S","307026","25","38","22","6"
"2024-10-15","2024-10-15 12:00:00 PM","BX19","N","101324","25","10","13","3"
"2024-10-15","2024-10-15 06:00:00 PM","M101","N","402510","25","8","6","2"
"2024-10-15","2024-10-15 08:00:00 AM","BX19","N","101324","25","17","8","3"
"2024-10-15","2024-10-15 01:00:00 PM","M101","N","402510","25","16","9","2"
"2024-10-15","2024-10-15 04:00:00 PM","M15","S","401762","25","1","5","3"
"2024-10-15","2024-10-15 11:00:00 PM","B35","W","302760","25","0","2","1"
"2024-10-15","2024-10-15 07:00:00 PM","BX19","S","103723","25","1","4","2"
"2024-10-15","2024-10-15 10:00:00 PM","B46","S","307026","25","53","13","6"
"2024-10-15","2024-10-15 09:00:00 PM","M15","N","404995","25","6","3","2"
"2024-10-15","2024-10-15 09:00:00 PM","M101","N","402510","25","10","0","1"
"2024-10-15","2024-10-15 06:00:00 PM","B46","N","303614","25","2","1","1"
"2024-10-15","2024-10-15 05:00:00 PM","Q58","E","503471","25","4","1","2"
"2024-10-15","2024-10-15 05:00:00 PM","B35","E","302722","25","1","9","2"
"2024-10-15","2024-10-15 05:00:00 PM","B35","E","302710","25","10","22","3"
"2024-10-15","2024-10-15 05:00:00 PM","B35","W","302777","25","9","19","3"
"2024-10-15","2024-10-15 05:00:00 PM","B35","W","302760","25","13","29","3"
"2024-10-15","2024-10-15 02:00:00 PM","BX19","N","101324","25","32","33","3"
"2024-10-15","2024-10-15 10:00:00 AM","B46","S","307026","25","32","21","6"
"2024-10-15","2024-10-15 11:00:00 PM","M15","S","401762","25","0","1","0"
"2024-10-15","2024-10-15 03:00:00 PM","B46","N","303614","25","2","10","5"
"2024-10-15","2024-10-15 08:00:00 PM","B35","W","302777","25","0","4","1"
"2024-10-15","2024-10-16 12:00:00 AM","Q58","E","503471","25","0","1","1"
"2024-10-15","2024-10-15 08:00:00 PM","B46","N","303614","25","3","3","4"
"2024-10-15","2024-10-15 08:00:00 PM","M101","N","402510","25","10","7","2"
"2024-10-15","2024-10-15 09:00:00 AM","B35","E","302722","25","1","5","2"
"2024-10-15","2024-10-15 09:00:00 AM","B35","E","302710","25","16","30","4"
"2024-10-15","2024-10-15 02:00:00 PM","M15","N","404995","25","4","2","1"
"2024-10-15","2024-10-15 09:00:00 AM","BX19","N","101324","25","2","1","2"
"2024-10-15","2024-10-15 03:00:00 PM","Q58","E","503471","25","16","12","7"
"2024-10-15","2024-10-15 02:00:00 PM","M15","N","401702","25","3","3","1"
"2024-10-15","2024-10-15 11:00:00 AM","Q58","W","503524","25","0","7","4"
"2024-10-15","2024-10-15 05:00:00 PM","Q58","W","503524","25","2","5","3"
"2024-10-15","2024-10-15 11:00:00 PM","S53","W","200714","25","0","1","1"
"2024-10-15","2024-10-15 08:00:00 PM","B35","E","302710","25","1","14","2"
"2024-10-15","2024-10-15 04:00:00 PM","Q58","W","503524","25","5","9","8"
"2024-10-15","2024-10-15 03:00:00 PM","B46","S","307026","25","61","46","5"
"2024-10-15","2024-10-15 03:00:00 PM","B35","W","302777","25","19","60","7"
"2024-10-15","2024-10-15 11:00:00 AM","Q58","E","503471","25","5","0","2"
"2024-10-15","2024-10-15 12:00:00 PM","B46","S","307026","25","53","15","5"
"2024-10-15","2024-10-15 10:00:00 PM","B35","E","302701","25","3","7","1"
"2024-10-15","2024-10-15 10:00:00 PM","B35","E","302722","25","0","5","2"
"2024-10-15","2024-10-15 11:00:00 AM","BX19","N","101324","25","21","13","3"
"2024-10-15","2024-10-15 04:00:00 PM","B46","N","303614","25","3","6","2"
"2024-10-15","2024-10-15 10:00:00 PM","B35","W","302760","25","0","1","1"
"2024-10-15","2024-10-15 12:00:00 PM","M101","N","402510","25","4","6","1"
"2024-10-15","2024-10-15 10:00:00 PM","B35","W","302777","25","2","6","2"
"2024-10-15","2024-10-15 08:00:00 PM","B35","E","302722","25","0","13","3"
"2024-10-15","2024-10-15 03:00:00 PM","B46","N","307668","25","0","19","1"
"2024-10-15","2024-10-15 03:00:00 PM","Q58","W","503524","25","4","11","5"
"2024-10-15","2024-10-15 05:00:00 PM","M15","N","404995","25","1","0","1"
"2024-10-15","2024-10-15 04:00:00 PM","M101","N","402510","25","0","3","1"
"2024-10-15","2024-10-15 04:00:00 PM","M101","N","403432","25","1","6","0"
"2024-10-15","2024-10-15 03:00:00 PM","BX19","S","103723","25","0","5","1"
"2024-10-15","2024-10-15 09:00:00 AM","Q58","W","503524","25","1","2","3"
"2024-10-15","2024-10-15 12:00:00 PM","B35","W","302760","25","0","6","2"
"2024-10-15","2024-10-15 04:00:00 PM","Q58","E","503471","25","28","7","6"
"2024-10-15","2024-10-15 09:00:00 AM","Q58","E","503471","25","2","3","3"
"2024-10-15","2024-10-15 03:00:00 PM","Q58","W","304842","25","0","1","1"
"2024-10-15","2024-10-15 02:00:00 PM","S53","W","905105","25","4","5","2"
"2024-10-15","2024-10-15 07:00:00 PM","B46","N","303614","25","0","1","1"
"2024-10-15","2024-10-15 08:00:00 AM","M15","S","401762","25","3","2","1"
"2024-10-15","2024-10-15 09:00:00 PM","BX19","N","101324","25","9","11","3"
"2024-10-15","2024-10-15 12:00:00 PM","B35","W","302777","25","3","11","1"
"2024-10-15","2024-10-15 09:00:00 AM","B35","W","302760","25","3","11","5"
"2024-10-15","2024-10-15 09:00:00 AM","B35","W","302777","25","0","12","2"
"2024-10-15","2024-10-15 11:00:00 AM","BX19","S","103723","25","15","11","4"
"2024-10-15","2024-10-15 06:00:00 PM","S53","W","200714","25","3","2","3"
"2024-10-15","2024-10-15 07:00:00 AM","BX19","S","103723","25","11","9","4"
"2024-10-15","2024-10-15 01:00:00 PM","M15","S","401762","25","1","3","2"
"2024-10-15","2024-10-15 05:00:00 PM","M101","S","401459","25","1","0","1"
"2024-10-15","2024-10-15 12:00:00 PM","B46","N","303614","25","1","5","2"
"2024-10-15","2024-10-15 01:00:00 PM","M15","N","404995","25","4","0","1"
"2024-10-15","2024-10-15 03:00:00 PM","B35","W","302760","25","1","10","3"
"2024-10-15","2024-10-15 10:00:00 AM","M15","N","401702","25","3","2","1"
"2024-10-15","2024-10-15 03:00:00 PM","BX19","N","101324","25","29","24","3"
"2024-10-15","2024-10-15 07:00:00 AM","BX19","N","101327","25","14","6","2"
"2024-10-15","2024-10-15 10:00:00 AM","M101","S","401459","25","5","2","1"
"2024-10-15","2024-10-15 08:00:00 PM","B35","W","302760","25","0","2","1"
"2024-10-15","2024-10-15 08:00:00 AM","M101","N","402510","25","11","10","3"
"2024-10-15","2024-10-15 06:00:00 PM","M15","N","401702","25","15","10","3"
"2024-10-15","2024-10-15 07:00:00 AM","BX19","N","100564","25","0","12","1"
"2024-10-15","2024-10-15 08:00:00 PM","B46","S","307026","25","74","11","4"
"2024-10-15","2024-10-15 09:00:00 AM","BX19","S","103723","25","2","1","1"
"2024-10-15","2024-10-15 07:00:00 PM","B46","S","307026","25","91","13","4"
"2024-10-15","2024-10-15 04:00:00 PM","B46","S","307026","25","103","46","7"
"2024-10-15","2024-10-15 05:00:00 PM","M101","N","402510","25","8","10","1"
"2024-10-15","2024-10-15 03:00:00 PM","Q58","W","503525","26","14","22","5"
"2024-10-15","2024-10-15 03:00:00 PM","B46","N","307083","26","47","18","5"
"2024-10-15","2024-10-15 03:00:00 PM","B46","S","307027","26","8","16","6"
"2024-10-15","2024-10-15 02:00:00 PM","M15","S","401763","26","1","2","1"
"2024-10-15","2024-10-15 03:00:00 PM","BX19","N","101359","26","53","36","3"
"2024-10-15","2024-10-15 03:00:00 PM","BX19","S","101372","26","12","5","2"
"2024-10-15","2024-10-15 02:00:00 PM","M15","N","401703","26","0","1","1"
"2024-10-15","2024-10-15 02:00:00 PM","M15","N","401694","26","0","4","1"
"2024-10-15","2024-10-15 03:00:00 PM","Q58","E","503493","26","4","2","3"
"2024-10-15","2024-10-15 03:00:00 PM","Q58","E","503258","26","0","3","3"
"2024-10-15","2024-10-15 01:00:00 PM","M15","S","401763","26","8","9","2"
"2024-10-15","2024-10-15 01:00:00 PM","M15","N","401694","26","0","3","1"
"2024-10-15","2024-10-15 04:00:00 PM","B46","N","307083","26","23","16","4"
"2024-10-15","2024-10-15 12:00:00 PM","S53","W","200202","26","0","2","2"
"2024-10-15","2024-10-15 12:00:00 PM","S53","E","203500","26","0","1","1"
"2024-10-15","2024-10-15 04:00:00 PM","B46","S","307027","26","9","8","5"
"2024-10-15","2024-10-15 12:00:00 PM","M101","N","401444","26","5","8","1"
"2024-10-15","2024-10-15 04:00:00 PM","M101","N","401444","26","1","7","1"
"2024-10-15","2024-10-15 04:00:00 PM","Q58","E","503258","26","5","5","3"
"2024-10-15","2024-10-15 12:00:00 PM","B46","S","307027","26","8","4","4"
"2024-10-15","2024-10-15 04:00:00 PM","Q58","W","503525","26","3","19","6"
"2024-10-15","2024-10-15 12:00:00 PM","B46","N","307083","26","34","19","4"
"2024-10-15","2024-10-15 05:00:00 PM","M101","N","401444","26","10","13","1"
"2024-10-15","2024-10-15 05:00:00 PM","M101","S","402653","26","5","0","1"
"2024-10-15","2024-10-15 12:00:00 PM","B35","W","302761","26","5","18","3"
"2024-10-15","2024-10-15 12:00:00 PM","B35","W","302778","26","0","1","1"
"2024-10-15","2024-10-15 05:00:00 PM","M15","N","401694","26","3","1","1"
"2024-10-15","2024-10-15 05:00:00 PM","Q58","E","503258","26","1","4","3"
"2024-10-15","2024-10-15 05:00:00 PM","Q58","W","503525","26","4","32","6"
"2024-10-15","2024-10-15 11:00:00 AM","Q58","W","503525","26","0","1","1"
"2024-10-15","2024-10-15 06:00:00 PM","M15","N","401703","26","14","2","3"
"2024-10-15","2024-10-15 06:00:00 PM","M15","N","401694","26","0","2","1"
"2024-10-15","2024-10-15 06:00:00 PM","S53","E","203500","26","0","16","2"
"2024-10-15","2024-10-15 11:00:00 AM","Q58","E","503258","26","2","0","1"
"2024-10-15","2024-10-15 11:00:00 AM","BX19","S","101372","26","22","27","5"
"2024-10-15","2024-10-15 11:00:00 AM","BX19","N","101359","26","18","12","2"
"2024-10-15","2024-10-15 07:00:00 PM","B46","N","307083","26","10","14","4"
"2024-10-15","2024-10-15 10:00:00 AM","M15","N","401703","26","3","0","1"
"2024-10-15","2024-10-15 07:00:00 PM","B46","S","307027","26","0","3","2"
"2024-10-15","2024-10-15 07:00:00 PM","B46","S","303704","26","5","6","1"
"2024-10-15","2024-10-15 07:00:00 PM","S53","E","203500","26","1","3","1"
"2024-10-15","2024-10-15 10:00:00 AM","M101","S","402653","26","12","3","3"
"2024-10-15","2024-10-15 09:00:00 AM","Q58","W","503525","26","2","3","3"
"2024-10-15","2024-10-15 08:00:00 PM","B35","E","302715","26","2","19","1"
"2024-10-15","2024-10-15 08:00:00 PM","B35","E","302723","26","1","7","3"
"2024-10-15","2024-10-15 08:00:00 PM","B35","W","302778","26","1","2","1"
"2024-10-15","2024-10-15 08:00:00 PM","B35","W","302761","26","3","3","1"
"2024-10-15","2024-10-15 09:00:00 AM","Q58","E","503258","26","0","2","1"
"2024-10-15","2024-10-15 08:00:00 PM","B46","N","307083","26","30","5","6"
"2024-10-15","2024-10-15 08:00:00 PM","B46","S","307027","26","3","8","4"
"2024-10-15","2024-10-15 08:00:00 PM","B46","S","303704","26","4","10","1"
"2024-10-15","2024-10-15 09:00:00 AM","BX19","S","101372","26","1","2","1"
"2024-10-15","2024-10-15 08:00:00 PM","M101","N","401444","26","9","14","2"
"2024-10-15","2024-10-15 08:00:00 PM","M101","S","404171","26","0","1","0"
"2024-10-15","2024-10-15 08:00:00 PM","M101","S","402653","26","2","2","1"
"2024-10-15","2024-10-15 09:00:00 AM","BX19","N","101359","26","31","19","3"
"2024-10-15","2024-10-15 09:00:00 PM","BX19","N","101359","26","6","10","2"
"2024-10-15","2024-10-15 09:00:00 AM","B35","W","302778","26","0","6","2"
"2024-10-15","2024-10-15 09:00:00 AM","B35","W","302761","26","23","31","5"
"2024-10-15","2024-10-16 12:00:00 AM","B46","N","307083","26","1","4","1"
"2024-10-15","2024-10-15 09:00:00 AM","B35","E","302715","26","16","45","3"
"2024-10-15","2024-10-15 09:00:00 AM","B35","E","302723","26","0","4","2"
"2024-10-15","2024-10-15 10:00:00 PM","B35","E","302723","26","0","4","2"
"2024-10-15","2024-10-15 10:00:00 PM","B35","E","302702","26","0","2","1"
"2024-10-15","2024-10-15 10:00:00 PM","B35","W","302761","26","1","3","1"
"2024-10-15","2024-10-15 10:00:00 PM","B35","W","302778","26","0","5","2"
"2024-10-15","2024-10-15 10:00:00 PM","B46","N","307083","26","17","8","5"
"2024-10-15","2024-10-15 08:00:00 AM","M15","S","401763","26","5","1","1"
"2024-10-15","2024-10-15 10:00:00 PM","M101","N","401444","26","0","5","1"
"2024-10-15","2024-10-15 10:00:00 PM","S53","E","203500","26","2","2","2"
"2024-10-15","2024-10-16 12:00:00 AM","BX19","N","101328","26","1","2","2"
"2024-10-15","2024-10-15 08:00:00 AM","M101","N","401444","26","7","25","3"
"2024-10-15","2024-10-15 07:00:00 AM","BX19","S","101372","26","26","38","5"
"2024-10-15","2024-10-15 11:00:00 PM","M15","S","401763","26","1","1","0"
"2024-10-15","2024-10-15 11:00:00 PM","S53","E","203500","26","0","1","1"
"2024-10-15","2024-10-15 07:00:00 AM","BX19","N","902030","26","1","4","1"
"2024-10-15","2024-10-15 07:00:00 AM","BX19","N","101359","26","4","2","1"
"2024-10-15","2024-10-15 07:00:00 AM","BX19","N","101328","26","22","5","2"
"2024-10-15","2024-10-15 03:00:00 PM","B35","W","302778","26","3","38","7"
"2024-10-15","2024-10-15 03:00:00 PM","B35","W","302761","26","6","14","3"
"2024-10-15","2024-10-15 03:00:00 PM","B35","E","302723","26","2","28","5"
"2024-10-15","2024-10-15 03:00:00 PM","B35","E","302715","26","39","48","3"
"2024-10-15","2024-10-15 01:00:00 AM","Q58","W","503525","26","0","1","1"
"2024-10-15","2024-10-15 12:00:00 AM","B46","N","307083","26","0","1","1"
"2024-10-15","2024-10-15 03:00:00 PM","M15","N","401694","26","7","0","2"
"2024-10-15","2024-10-15 06:00:00 AM","Q58","W","503525","26","2","1","3"
"2024-10-15","2024-10-15 09:00:00 AM","S53","E","203500","26","8","18","4"
"2024-10-15","2024-10-15 09:00:00 AM","M101","N","401444","26","6","9","2"
"2024-10-15","2024-10-15 05:00:00 AM","B46","S","307027","26","0","1","1"
"2024-10-15","2024-10-15 09:00:00 PM","B46","S","307027","26","0","2","1"
"2024-10-15","2024-10-15 09:00:00 PM","B46","S","303704","26","0","1","1"
"2024-10-15","2024-10-15 05:00:00 AM","M15","S","401763","26","1","0","1"
"2024-10-15","2024-10-15 08:00:00 PM","Q58","W","503525","26","3","11","4"
"2024-10-15","2024-10-15 09:00:00 AM","S53","W","200202","26","0","2","0"
"2024-10-15","2024-10-15 09:00:00 AM","M15","N","401703","26","1","1","1"
"2024-10-15","2024-10-15 08:00:00 AM","Q58","E","503258","26","13","3","5"
"2024-10-15","2024-10-15 04:00:00 AM","B35","W","302761","26","6","7","2"
"2024-10-15","2024-10-15 05:00:00 AM","Q58","W","503525","26","3","0","1"
"2024-10-15","2024-10-15 08:00:00 PM","Q58","E","503258","26","1","4","3"
"2024-10-15","2024-10-15 10:00:00 AM","BX19","N","101359","26","28","18","5"
"2024-10-15","2024-10-15 05:00:00 AM","B46","N","307083","26","15","2","5"
"2024-10-15","2024-10-15 08:00:00 AM","B46","S","307027","26","0","2","1"
"2024-10-15","2024-10-15 08:00:00 AM","B46","S","303704","26","2","13","3"
"2024-10-15","2024-10-15 10:00:00 AM","BX19","S","101372","26","7","13","3"
"2024-10-15","2024-10-15 05:00:00 AM","S53","E","203500","26","4","1","2"
"2024-10-15","2024-10-15 12:00:00 AM","BX12","E","902058","26","0","1","1"
"2024-10-15","2024-10-15 10:00:00 PM","Q58","W","503525","26","0","17","5"
"2024-10-15","2024-10-15 10:00:00 AM","Q58","E","503258","26","3","0","3"
"2024-10-15","2024-10-15 12:00:00 AM","BX12","W","404170","26","0","2","1"
"2024-10-15","2024-10-15 07:00:00 PM","M15","S","401763","26","18","1","3"
"2024-10-15","2024-10-15 03:00:00 AM","M101","S","402653","26","2","0","1"
"2024-10-15","2024-10-15 08:00:00 AM","B46","N","307083","26","64","23","7"
"2024-10-15","2024-10-15 10:00:00 AM","Q58","W","801052","26","0","4","0"
"2024-10-15","2024-10-15 10:00:00 AM","Q58","W","503525","26","1","1","1"
"2024-10-15","2024-10-15 12:00:00 AM","M101","S","402653","26","3","0","1"
"2024-10-15","2024-10-15 07:00:00 PM","M101","S","402653","26","14","0","3"
"2024-10-15","2024-10-15 04:00:00 AM","B46","N","307083","26","15","3","2"
"2024-10-15","2024-10-15 11:00:00 AM","B35","E","302715","26","15","39","1"
"2024-10-15","2024-10-15 06:00:00 AM","B35","E","302715","26","4","7","1"
"2024-10-15","2024-10-15 06:00:00 AM","B35","E","302702","26","1","0","1"
"2024-10-15","2024-10-15 11:00:00 PM","Q58","W","503525","26","0","12","4"
"2024-10-15","2024-10-15 09:00:00 PM","S53","E","203500","26","1","6","2"
"2024-10-15","2024-10-15 06:00:00 PM","Q58","W","503525","26","1","20","5"
"2024-10-15","2024-10-15 11:00:00 AM","B35","W","302778","26","3","0","1"
"2024-10-15","2024-10-15 11:00:00 AM","B35","W","302761","26","7","17","3"
"2024-10-15","2024-10-15 03:00:00 AM","B46","N","307083","26","3","0","1"
"2024-10-15","2024-10-15 07:00:00 AM","Q58","W","503525","26","15","2","4"
"2024-10-15","2024-10-15 11:00:00 AM","B46","N","307083","26","20","15","6"
"2024-10-15","2024-10-15 05:00:00 AM","B35","W","302761","26","1","5","1"
"2024-10-15","2024-10-15 05:00:00 AM","BX19","N","101328","26","0","1","1"
"2024-10-15","2024-10-15 06:00:00 AM","B35","W","302761","26","9","17","2"
"2024-10-15","2024-10-15 09:00:00 AM","M15","S","401763","26","8","4","4"
"2024-10-15","2024-10-15 12:00:00 AM","Q58","W","503525","26","0","3","1"
"2024-10-15","2024-10-15 11:00:00 AM","B46","S","307027","26","4","5","3"
"2024-10-15","2024-10-15 06:00:00 PM","Q58","E","503258","26","0","1","1"
"2024-10-15","2024-10-15 10:00:00 PM","Q58","E","503258","26","0","1","1"
"2024-10-15","2024-10-15 06:00:00 PM","BX19","S","101372","26","9","7","2"
"2024-10-15","2024-10-15 11:00:00 AM","S53","E","203500","26","1","8","2"
"2024-10-15","2024-10-15 06:00:00 AM","B46","N","307083","26","24","5","4"
"2024-10-15","2024-10-15 03:00:00 AM","B35","E","302702","26","2","0","1"
"2024-10-15","2024-10-15 11:00:00 AM","S53","W","200202","26","0","1","1"
"2024-10-15","2024-10-15 01:00:00 AM","B35","E","302702","26","1","1","1"
"2024-10-15","2024-10-15 07:00:00 AM","Q58","E","503480","26","1","4","1"
"2024-10-15","2024-10-15 06:00:00 PM","BX19","N","101359","26","49","13","3"
"2024-10-15","2024-10-15 02:00:00 AM","S53","E","203500","26","2","0","1"
"2024-10-15","2024-10-15 07:00:00 AM","Q58","E","503258","26","6","2","3"
"2024-10-15","2024-10-15 09:00:00 PM","B35","E","302723","26","0","4","2"
"2024-10-15","2024-10-15 06:00:00 PM","B35","W","302761","26","10","12","3"
"2024-10-15","2024-10-15 06:00:00 PM","B35","W","302778","26","0","21","2"
"2024-10-15","2024-10-15 09:00:00 PM","B35","E","302715","26","7","12","2"
"2024-10-15","2024-10-15 12:00:00 PM","M15","S","401763","26","4","6","2"
"2024-10-15","2024-10-15 09:00:00 PM","B35","W","302761","26","5","5","3"
"2024-10-15","2024-10-15 01:00:00 AM","B35","W","302761","26","2","3","2"
"2024-10-15","2024-10-15 05:00:00 AM","BX19","S","101372","26","1","0","1"
"2024-10-15","2024-10-15 12:00:00 PM","Q58","E","503258","26","2","1","2"
"2024-10-15","2024-10-15 06:00:00 PM","B35","E","302723","26","2","8","4"
"2024-10-15","2024-10-15 06:00:00 PM","B35","E","302715","26","21","48","3"
"2024-10-15","2024-10-15 10:00:00 PM","BX19","S","101372","26","3","4","2"
"2024-10-15","2024-10-15 11:00:00 PM","Q58","E","503258","26","1","2","1"
"2024-10-15","2024-10-15 06:00:00 AM","B46","S","307027","26","0","2","1"
"2024-10-15","2024-10-15 12:00:00 PM","Q58","W","801052","26","1","9","0"
"2024-10-15","2024-10-15 12:00:00 PM","Q58","W","503525","26","0","6","3"
"2024-10-15","2024-10-15 07:00:00 AM","B46","S","307027","26","3","4","5"
"2024-10-15","2024-10-15 01:00:00 AM","B46","N","307083","26","1","1","2"
"2024-10-15","2024-10-15 01:00:00 PM","B35","E","302715","26","10","44","2"
"2024-10-15","2024-10-15 01:00:00 PM","B35","E","302723","26","0","2","1"
"2024-10-15","2024-10-15 05:00:00 PM","B46","S","303704","26","1","1","0"
"2024-10-15","2024-10-15 05:00:00 PM","B46","S","307027","26","4","8","2"
"2024-10-15","2024-10-15 09:00:00 AM","M101","S","402653","26","10","4","1"
"2024-10-15","2024-10-15 07:00:00 AM","B46","N","307083","26","51","9","6"
"2024-10-15","2024-10-15 02:00:00 AM","B46","S","307027","26","0","1","1"
"2024-10-15","2024-10-15 04:00:00 AM","M15","S","401763","26","0","1","1"
"2024-10-15","2024-10-15 06:00:00 AM","BX19","S","101372","26","0","3","1"
"2024-10-15","2024-10-15 01:00:00 PM","BX19","N","101359","26","64","36","5"
"2024-10-15","2024-10-15 05:00:00 PM","B46","N","307083","26","31","14","4"
"2024-10-15","2024-10-15 01:00:00 PM","BX19","S","101372","26","19","20","4"
"2024-10-15","2024-10-15 01:00:00 PM","Q58","E","503258","26","6","1","5"
"2024-10-15","2024-10-15 01:00:00 AM","B46","S","307027","26","0","1","1"
"2024-10-15","2024-10-15 06:00:00 AM","M101","S","402653","26","11","2","2"
"2024-10-15","2024-10-15 07:00:00 AM","B35","W","302761","26","33","30","2"
"2024-10-15","2024-10-15 07:00:00 AM","B35","W","302778","26","1","3","2"
"2024-10-15","2024-10-15 08:00:00 AM","Q58","W","503525","26","7","8","5"
"2024-10-15","2024-10-15 01:00:00 PM","Q58","W","801052","26","0","6","0"
"2024-10-15","2024-10-15 01:00:00 PM","Q58","W","503525","26","5","13","6"
"2024-10-15","2024-10-15 04:00:00 PM","BX19","S","101372","26","10","14","3"
"2024-10-15","2024-10-15 10:00:00 PM","BX19","N","101359","26","2","0","1"
"2024-10-15","2024-10-15 02:00:00 AM","B35","W","302761","26","1","0","1"
"2024-10-15","2024-10-15 06:00:00 AM","M15","S","401763","26","0","1","1"
"2024-10-15","2024-10-15 04:00:00 AM","Q58","E","503258","26","2","0","1"
"2024-10-15","2024-10-15 02:00:00 PM","B46","N","307083","26","32","21","4"
"2024-10-15","2024-10-15 04:00:00 PM","BX19","N","101359","26","50","67","5"
"2024-10-15","2024-10-15 07:00:00 AM","B35","E","302715","26","33","77","4"
"2024-10-15","2024-10-15 07:00:00 AM","B35","E","302723","26","0","3","2"
"2024-10-15","2024-10-15 12:00:00 AM","B46","S","307027","26","0","1","1"
"2024-10-15","2024-10-15 02:00:00 PM","B46","S","307027","26","0","2","1"
"2024-10-15","2024-10-15 04:00:00 PM","B35","W","302761","26","19","30","3"
"2024-10-15","2024-10-15 04:00:00 PM","B35","W","302778","26","2","5","2"
"2024-10-15","2024-10-15 02:00:00 PM","M101","N","401444","26","7","6","1"
"2024-10-15","2024-10-15 03:00:00 AM","S53","E","203500","26","1","0","1"
"2024-10-15","2024-10-15 04:00:00 AM","S53","E","203500","26","1","0","1"
"2024-10-15","2024-10-15 05:00:00 AM","Q58","E","503258","26","3","0","1"
"2024-10-15","2024-10-15 06:00:00 AM","Q58","E","503258","26","3","0","1"
"2024-10-15","2024-10-15 06:00:00 AM","Q58","E","503480","26","0","3","1"
"2024-10-15","2024-10-15 01:00:00 AM","BX12","E","902058","26","2","2","1"
"2024-10-15","2024-10-15 09:00:00 PM","B46","N","307083","26","5","5","4"
"2024-10-15","2024-10-15 02:00:00 PM","Q58","W","801052","26","0","3","0"
"2024-10-15","2024-10-15 02:00:00 PM","Q58","W","503525","26","4","14","5"
"2024-10-15","2024-10-15 04:00:00 PM","B35","E","302723","26","2","13","2"
"2024-10-15","2024-10-15 04:00:00 PM","B35","E","302715","26","28","109","4"
"2024-10-15","2024-10-15 06:00:00 AM","S53","E","203500","26","11","12","4"
"2024-10-15","2024-10-15 04:00:00 AM","B35","E","302702","26","1","0","1"
"2024-10-15","2024-10-15 03:00:00 PM","S53","E","203500","26","10","18","3"
"2024-10-15","2024-10-15 10:00:00 PM","B46","S","307027","26","2","2","2"
"2024-10-15","2024-10-15 07:00:00 AM","S53","E","203500","26","10","11","2"
"2024-10-15","2024-10-15 08:00:00 AM","S53","E","203500","26","3","12","2"
"2024-10-15","2024-10-15 09:00:00 PM","M15","N","401703","26","4","2","1"
"2024-10-15","2024-10-15 02:00:00 PM","BX19","N","101359","26","10","7","2"
"2024-10-15","2024-10-15 05:00:00 PM","B35","E","302723","26","2","9","3"
"2024-10-15","2024-10-15 05:00:00 PM","B35","E","302715","26","29","53","3"
"2024-10-15","2024-10-15 10:00:00 AM","B46","S","307027","26","3","4","3"
"2024-10-15","2024-10-15 10:00:00 AM","S53","E","203500","26","5","3","2"
"2024-10-15","2024-10-15 11:00:00 AM","M15","S","401763","26","2","1","1"
"2024-10-15","2024-10-15 11:00:00 PM","B35","E","302702","26","0","2","1"
"2024-10-15","2024-10-15 10:00:00 AM","S53","W","200202","26","0","3","2"
"2024-10-15","2024-10-15 11:00:00 PM","B35","W","302761","26","2","4","1"
"2024-10-15","2024-10-15 01:00:00 PM","M101","N","401444","26","10","12","2"
"2024-10-15","2024-10-15 07:00:00 PM","B35","W","302761","26","7","8","5"
"2024-10-15","2024-10-15 07:00:00 PM","B35","W","302778","26","0","3","1"
"2024-10-15","2024-10-15 08:00:00 AM","B35","W","302778","26","7","6","4"
"2024-10-15","2024-10-15 08:00:00 AM","B35","W","302761","26","25","22","2"
"2024-10-15","2024-10-15 05:00:00 PM","B35","W","302761","26","15","49","3"
"2024-10-15","2024-10-15 05:00:00 PM","B35","W","302778","26","1","9","2"
"2024-10-15","2024-10-15 07:00:00 PM","BX19","N","101359","26","42","26","4"
"2024-10-15","2024-10-15 10:00:00 AM","B46","N","307083","26","5","4","1"
"2024-10-15","2024-10-15 11:00:00 AM","M101","S","402653","26","8","1","1"
"2024-10-15","2024-10-15 08:00:00 AM","B35","E","302715","26","22","64","5"
"2024-10-15","2024-10-15 06:00:00 PM","M101","N","401444","26","12","8","2"
"2024-10-15","2024-10-15 11:00:00 PM","B46","S","307027","26","7","6","2"
"2024-10-15","2024-10-15 11:00:00 PM","B46","N","307083","26","6","8","4"
"2024-10-15","2024-10-15 07:00:00 PM","BX19","S","101372","26","4","8","2"
"2024-10-15","2024-10-15 08:00:00 AM","B35","E","302723","26","0","2","1"
"2024-10-15","2024-10-15 10:00:00 AM","B35","W","302778","26","0","3","2"
"2024-10-15","2024-10-15 10:00:00 AM","B35","W","302761","26","4","12","2"
"2024-10-15","2024-10-15 01:00:00 PM","B46","N","307083","26","58","29","8"
"2024-10-15","2024-10-15 08:00:00 AM","S53","W","200202","26","2","4","4"
"2024-10-15","2024-10-15 04:00:00 PM","S53","E","203500","26","3","11","2"
"2024-10-15","2024-10-15 01:00:00 PM","S53","E","203500","26","7","10","2"
"2024-10-15","2024-10-15 06:00:00 PM","B46","S","307027","26","7","6","5"
"2024-10-15","2024-10-15 06:00:00 PM","B46","S","303704","26","1","5","2"
"2024-10-15","2024-10-15 10:00:00 AM","B35","E","302723","26","1","4","2"
"2024-10-15","2024-10-15 10:00:00 AM","B35","E","302715","26","11","24","2"
"2024-10-15","2024-10-15 08:00:00 PM","S53","W","200202","26","1","0","1"
"2024-10-15","2024-10-15 05:00:00 PM","BX19","N","101359","26","29","33","2"
"2024-10-15","2024-10-15 12:00:00 PM","BX19","N","101359","26","31","19","3"
"2024-10-15","2024-10-15 07:00:00 PM","Q58","E","503258","26","0","3","2"
"2024-10-15","2024-10-15 04:00:00 PM","M15","S","401763","26","3","0","1"
"2024-10-15","2024-10-15 01:00:00 PM","S53","W","200202","26","0","5","1"
"2024-10-15","2024-10-15 09:00:00 PM","M101","N","401444","26","4","8","1"
"2024-10-15","2024-10-15 06:00:00 PM","B46","N","307083","26","17","8","4"
"2024-10-15","2024-10-15 07:00:00 AM","M15","N","401703","26","1","3","1"
"2024-10-15","2024-10-15 07:00:00 AM","M15","N","401694","26","1","4","1"
"2024-10-15","2024-10-15 01:00:00 PM","B35","W","302778","26","1","8","2"
"2024-10-15","2024-10-15 01:00:00 PM","B35","W","302761","26","5","18","3"
"2024-10-15","2024-10-15 02:00:00 PM","BX19","S","101372","26","32","29","4"
"2024-10-15","2024-10-15 02:00:00 PM","Q58","E","503258","26","0","3","3"
"2024-10-15","2024-10-15 08:00:00 AM","BX19","N","101359","26","14","16","3"
"2024-10-15","2024-10-15 02:00:00 PM","B35","E","302715","26","15","34","3"
"2024-10-15","2024-10-15 02:00:00 PM","B35","E","302723","26","2","13","2"
"2024-10-15","2024-10-15 07:00:00 PM","Q58","W","503525","26","2","14","3"
"2024-10-15","2024-10-15 09:00:00 AM","B46","S","307027","26","3","9","5"
"2024-10-15","2024-10-15 09:00:00 AM","B46","S","303704","26","2","7","2"
"2024-10-15","2024-10-15 12:00:00 PM","B35","E","302715","26","14","70","3"
"2024-10-15","2024-10-15 05:00:00 PM","BX19","S","101372","26","22","9","5"
"2024-10-15","2024-10-15 03:00:00 PM","M101","S","402653","26","21","10","3"
"2024-10-15","2024-10-15 11:00:00 AM","M15","N","401703","26","2","0","1"
"2024-10-15","2024-10-15 11:00:00 AM","M15","N","401694","26","2","3","2"
"2024-10-15","2024-10-15 12:00:00 PM","B35","E","302723","26","2","9","5"
"2024-10-15","2024-10-15 08:00:00 AM","BX19","S","101372","26","27","17","6"
"2024-10-15","2024-10-15 02:00:00 PM","B35","W","302778","26","0","9","2"
"2024-10-15","2024-10-15 02:00:00 PM","B35","W","302761","26","22","17","2"
"2024-10-15","2024-10-15 12:00:00 PM","BX19","S","101372","26","3","2","1"
"2024-10-15","2024-10-15 08:00:00 PM","BX19","N","101359","26","19","9","2"
"2024-10-15","2024-10-15 09:00:00 PM","Q58","W","503525","26","1","13","5"
"2024-10-15","2024-10-15 08:00:00 PM","BX19","S","101372","26","14","7","2"
"2024-10-15","2024-10-15 08:00:00 PM","S53","E","203500","26","3","3","1"
"2024-10-15","2024-10-15 01:00:00 PM","B46","S","303704","26","0","1","0"
"2024-10-15","2024-10-15 01:00:00 PM","B46","S","307027","26","3","10","6"
"2024-10-15","2024-10-15 09:00:00 AM","B46","N","307083","26","52","21","6"
"2024-10-15","2024-10-15 07:00:00 PM","B35","E","302723","26","0","4","2"
"2024-10-15","2024-10-15 07:00:00 PM","B35","E","302715","26","29","82","5"
"2024-10-15","2024-10-15 09:00:00 PM","M15","N","401694","26","2","2","1"
"2024-10-15","2024-10-15 05:00:00 PM","BX19","S","104233","27","87","63","5"
"2024-10-15","2024-10-15 08:00:00 AM","S53","W","200716","27","3","12","4"
"2024-10-15","2024-10-15 02:00:00 PM","B35","W","302763","27","2","0","1"
"2024-10-15","2024-10-15 02:00:00 PM","B35","W","302779","27","0","5","2"
"2024-10-15","2024-10-15 03:00:00 PM","M101","S","402723","27","6","5","2"
"2024-10-15","2024-10-15 02:00:00 PM","B35","E","302719","27","12","25","4"
"2024-10-15","2024-10-15 02:00:00 PM","B35","E","302724","27","1","14","2"
"2024-10-15","2024-10-15 02:00:00 PM","Q58","E","503472","27","72","7","7"
"2024-10-15","2024-10-15 07:00:00 AM","M15","N","403480","27","4","0","1"
"2024-10-15","2024-10-15 07:00:00 AM","M15","N","401704","27","5","1","1"
"2024-10-15","2024-10-15 01:00:00 PM","S53","W","200716","27","2","2","1"
"2024-10-15","2024-10-15 04:00:00 PM","M15","S","401764","27","11","5","3"
"2024-10-15","2024-10-15 04:00:00 PM","S53","E","203501","27","1","2","2"
"2024-10-15","2024-10-15 11:00:00 PM","B46","N","307086","27","0","4","3"
"2024-10-15","2024-10-15 04:00:00 PM","S53","W","200716","27","1","0","1"
"2024-10-15","2024-10-15 01:00:00 PM","M101","N","401446","27","1","2","1"
"2024-10-15","2024-10-15 11:00:00 PM","B35","W","302763","27","0","2","1"
"2024-10-15","2024-10-15 05:00:00 PM","B35","E","302719","27","7","32","4"
"2024-10-15","2024-10-15 05:00:00 PM","B35","E","302724","27","4","15","3"
"2024-10-15","2024-10-15 01:00:00 PM","B46","S","306304","27","24","18","7"
"2024-10-15","2024-10-15 07:00:00 AM","S53","E","203501","27","2","1","2"
"2024-10-15","2024-10-15 05:00:00 PM","B35","W","302779","27","1","9","2"
"2024-10-15","2024-10-15 05:00:00 PM","B35","W","302763","27","1","5","3"
"2024-10-15","2024-10-15 01:00:00 PM","B46","N","307086","27","3","11","5"
"2024-10-15","2024-10-15 05:00:00 PM","BX19","N","101327","27","15","37","4"
"2024-10-15","2024-10-15 02:00:00 PM","BX19","S","104233","27","99","126","5"
"2024-10-15","2024-10-15 01:00:00 PM","B35","W","302763","27","0","1","1"
"2024-10-15","2024-10-15 01:00:00 PM","B35","W","302779","27","0","7","2"
"2024-10-15","2024-10-15 12:00:00 PM","BX19","S","104233","27","61","35","2"
"2024-10-15","2024-10-15 12:00:00 PM","BX19","N","101327","27","6","9","2"
"2024-10-15","2024-10-15 12:00:00 PM","B35","E","302719","27","1","53","3"
"2024-10-15","2024-10-15 12:00:00 PM","B35","E","302724","27","7","23","6"
"2024-10-15","2024-10-15 11:00:00 AM","M15","S","401764","27","1","5","1"
"2024-10-15","2024-10-15 10:00:00 PM","B46","S","306304","27","7","14","5"
"2024-10-15","2024-10-15 09:00:00 PM","Q58","W","503526","27","1","14","4"
"2024-10-15","2024-10-15 11:00:00 PM","B46","S","306304","27","7","21","3"
"2024-10-15","2024-10-15 06:00:00 PM","B46","N","307086","27","2","5","2"
"2024-10-15","2024-10-15 07:00:00 AM","S53","W","200716","27","0","1","1"
"2024-10-15","2024-10-15 11:00:00 AM","M15","N","401704","27","0","1","1"
"2024-10-15","2024-10-15 11:00:00 AM","M15","N","403480","27","3","4","2"
"2024-10-15","2024-10-15 06:00:00 PM","B46","S","306304","27","15","25","6"
"2024-10-15","2024-10-15 09:00:00 PM","Q58","E","503472","27","7","0","2"
"2024-10-15","2024-10-15 06:00:00 PM","M101","N","401446","27","1","1","1"
"2024-10-15","2024-10-15 08:00:00 AM","B35","E","302719","27","7","34","5"
"2024-10-15","2024-10-15 08:00:00 AM","B35","E","302724","27","2","7","1"
"2024-10-15","2024-10-15 11:00:00 AM","M101","S","402723","27","2","4","1"
"2024-10-15","2024-10-15 10:00:00 AM","S53","W","200716","27","2","1","2"
"2024-10-15","2024-10-15 10:00:00 AM","S53","E","203501","27","2","0","1"
"2024-10-15","2024-10-15 07:00:00 PM","B35","E","302719","27","1","45","4"
"2024-10-15","2024-10-15 07:00:00 PM","B35","E","302724","27","2","19","3"
"2024-10-15","2024-10-15 09:00:00 PM","M15","N","401704","27","1","1","1"
"2024-10-15","2024-10-15 09:00:00 PM","M15","N","403480","27","7","6","2"
"2024-10-15","2024-10-15 10:00:00 AM","B46","S","306304","27","12","19","6"
"2024-10-15","2024-10-15 07:00:00 PM","B35","W","302779","27","0","3","2"
"2024-10-15","2024-10-15 07:00:00 PM","B35","W","302763","27","0","2","1"
"2024-10-15","2024-10-15 08:00:00 AM","B35","W","302779","27","5","1","3"
"2024-10-15","2024-10-15 08:00:00 AM","B35","W","302763","27","10","8","3"
"2024-10-15","2024-10-15 07:00:00 PM","BX19","N","101327","27","6","20","4"
"2024-10-15","2024-10-15 07:00:00 PM","BX19","S","104233","27","38","28","2"
"2024-10-15","2024-10-15 10:00:00 AM","B35","W","302779","27","0","4","2"
"2024-10-15","2024-10-15 10:00:00 AM","B35","E","302719","27","10","8","2"
"2024-10-15","2024-10-15 10:00:00 AM","B35","E","302724","27","3","16","3"
"2024-10-15","2024-10-15 07:00:00 PM","Q58","E","503472","27","10","1","5"
"2024-10-15","2024-10-15 09:00:00 PM","M101","N","401446","27","6","0","1"
"2024-10-15","2024-10-15 08:00:00 AM","BX19","N","101327","27","4","10","4"
"2024-10-15","2024-10-15 07:00:00 PM","Q58","W","503526","27","1","4","2"
"2024-10-15","2024-10-15 09:00:00 AM","B46","S","306304","27","12","33","7"
"2024-10-15","2024-10-15 08:00:00 AM","BX19","S","104233","27","59","70","4"
"2024-10-15","2024-10-15 08:00:00 PM","BX19","N","101327","27","0","9","2"
"2024-10-15","2024-10-15 08:00:00 PM","BX19","S","104233","27","19","9","2"
"2024-10-15","2024-10-15 02:00:00 PM","BX19","N","101327","27","10","5","3"
"2024-10-15","2024-10-15 09:00:00 AM","B46","N","307086","27","7","12","5"
"2024-10-15","2024-10-15 12:00:00 PM","M101","N","401446","27","0","1","1"
"2024-10-15","2024-10-15 05:00:00 PM","M101","N","401446","27","4","1","1"
"2024-10-15","2024-10-15 02:00:00 PM","M15","S","401764","27","0","6","1"
"2024-10-15","2024-10-15 03:00:00 PM","BX19","N","101327","27","13","16","3"
"2024-10-15","2024-10-15 10:00:00 AM","M15","N","401704","27","3","1","1"
"2024-10-15","2024-10-15 11:00:00 AM","BX19","N","101327","27","5","12","2"
"2024-10-15","2024-10-15 10:00:00 PM","B35","E","901728","27","0","6","1"
"2024-10-15","2024-10-15 12:00:00 PM","B46","S","306304","27","34","28","5"
"2024-10-15","2024-10-15 03:00:00 PM","B35","W","302779","27","2","35","4"
"2024-10-15","2024-10-15 10:00:00 PM","M15","S","401764","27","2","4","2"
"2024-10-15","2024-10-15 12:00:00 PM","B46","N","307086","27","6","15","3"
"2024-10-15","2024-10-15 04:00:00 PM","Q58","E","503472","27","13","10","4"
"2024-10-15","2024-10-15 04:00:00 PM","B46","S","306304","27","22","40","6"
"2024-10-15","2024-10-15 02:00:00 PM","S53","W","200716","27","0","1","1"
"2024-10-15","2024-10-15 09:00:00 AM","BX19","S","104233","27","18","27","2"
"2024-10-15","2024-10-15 03:00:00 PM","B46","S","306304","27","34","47","6"
"2024-10-15","2024-10-15 01:00:00 PM","M15","S","401764","27","5","8","2"
"2024-10-15","2024-10-15 08:00:00 PM","B35","W","302779","27","0","2","1"
"2024-10-15","2024-10-15 03:00:00 PM","Q58","E","503494","27","0","3","1"
"2024-10-15","2024-10-15 03:00:00 PM","Q58","E","503472","27","61","19","7"
"2024-10-15","2024-10-15 03:00:00 PM","B46","N","307086","27","1","11","4"
"2024-10-15","2024-10-15 03:00:00 PM","B35","W","302763","27","3","2","2"
"2024-10-15","2024-10-15 08:00:00 AM","M15","S","401764","27","6","3","1"
"2024-10-15","2024-10-15 07:00:00 AM","BX19","S","104233","27","44","23","4"
"2024-10-15","2024-10-15 06:00:00 PM","S53","E","203501","27","1","1","1"
"2024-10-15","2024-10-15 05:00:00 PM","Q58","E","503472","27","5","1","2"
"2024-10-15","2024-10-15 07:00:00 PM","B46","S","306304","27","5","20","4"
"2024-10-15","2024-10-15 07:00:00 PM","S53","W","200716","27","0","1","1"
"2024-10-15","2024-10-15 11:00:00 AM","Q58","W","503526","27","0","8","4"
"2024-10-15","2024-10-15 07:00:00 AM","BX19","N","101329","27","9","1","2"
"2024-10-15","2024-10-15 06:00:00 PM","S53","W","200716","27","0","4","2"
"2024-10-15","2024-10-15 10:00:00 PM","B46","N","307086","27","10","12","3"
"2024-10-15","2024-10-15 03:00:00 PM","BX19","S","104233","27","14","20","2"
"2024-10-15","2024-10-15 02:00:00 PM","M15","N","401704","27","1","2","1"
"2024-10-15","2024-10-15 05:00:00 PM","M101","S","402723","27","2","1","1"
"2024-10-15","2024-10-15 09:00:00 AM","BX19","N","101327","27","2","3","2"
"2024-10-15","2024-10-15 02:00:00 PM","M15","N","403480","27","10","1","1"
"2024-10-15","2024-10-15 06:00:00 PM","M15","N","403480","27","0","2","1"
"2024-10-15","2024-10-15 06:00:00 PM","M15","N","401704","27","9","9","3"
"2024-10-15","2024-10-15 08:00:00 PM","B46","S","306304","27","13","17","4"
"2024-10-15","2024-10-15 08:00:00 PM","B46","N","307086","27","2","5","4"
"2024-10-15","2024-10-15 03:00:00 PM","Q58","W","503526","27","3","20","7"
"2024-10-15","2024-10-15 03:00:00 PM","Q58","W","901025","27","0","13","1"
"2024-10-15","2024-10-16 12:00:00 AM","B35","E","901728","27","15","4","1"
"2024-10-15","2024-10-15 09:00:00 PM","BX19","N","101327","27","2","2","3"
"2024-10-15","2024-10-15 08:00:00 PM","M101","N","401446","27","0","1","1"
"2024-10-15","2024-10-15 11:00:00 PM","M15","S","401764","27","1","3","0"
"2024-10-15","2024-10-15 11:00:00 PM","M101","N","402692","27","3","0","1"
"2024-10-15","2024-10-15 09:00:00 AM","B35","W","302763","27","0","1","1"
"2024-10-15","2024-10-15 11:00:00 AM","BX19","S","104233","27","91","108","5"
"2024-10-15","2024-10-15 07:00:00 PM","B46","N","307086","27","1","10","5"
"2024-10-15","2024-10-15 04:00:00 PM","B46","N","307086","27","1","5","2"
"2024-10-15","2024-10-15 09:00:00 AM","Q58","W","503526","27","3","2","3"
"2024-10-15","2024-10-15 08:00:00 PM","B35","E","302724","27","0","9","4"
"2024-10-15","2024-10-15 09:00:00 AM","B35","E","302724","27","0","10","2"
"2024-10-15","2024-10-15 04:00:00 PM","Q58","W","503526","27","6","25","9"
"2024-10-15","2024-10-15 11:00:00 AM","Q58","E","503472","27","16","2","4"
"2024-10-15","2024-10-15 08:00:00 AM","M101","N","401446","27","0","4","2"
"2024-10-15","2024-10-16 12:00:00 AM","BX19","N","101329","27","2","5","2"
"2024-10-15","2024-10-15 09:00:00 AM","Q58","E","503472","27","18","8","6"
"2024-10-15","2024-10-15 09:00:00 AM","B35","E","302719","27","1","14","3"
"2024-10-15","2024-10-15 08:00:00 PM","M101","S","402723","27","0","1","1"
"2024-10-15","2024-10-15 05:00:00 PM","Q58","W","503526","27","1","5","4"
"2024-10-15","2024-10-15 10:00:00 AM","M101","S","402723","27","1","0","1"
"2024-10-15","2024-10-15 01:00:00 PM","M15","N","403480","27","6","5","1"
"2024-10-15","2024-10-15 07:00:00 PM","S53","E","203501","27","2","11","2"
"2024-10-15","2024-10-15 10:00:00 PM","B35","E","302724","27","0","9","2"
"2024-10-15","2024-10-15 06:00:00 AM","B35","E","901728","27","2","1","1"
"2024-10-15","2024-10-15 06:00:00 AM","Q58","E","503472","27","10","0","3"
"2024-10-15","2024-10-15 03:00:00 PM","B35","E","302724","27","6","44","5"
"2024-10-15","2024-10-15 06:00:00 AM","B46","N","307086","27","4","3","2"
"2024-10-15","2024-10-15 09:00:00 PM","B35","E","302724","27","1","12","2"
"2024-10-15","2024-10-15 01:00:00 PM","BX19","S","104233","27","78","68","4"
"2024-10-15","2024-10-15 02:00:00 PM","B46","N","307086","27","3","4","3"
"2024-10-15","2024-10-15 03:00:00 AM","B46","S","306304","27","0","1","1"
"2024-10-15","2024-10-15 06:00:00 PM","B35","E","302724","27","1","32","4"
"2024-10-15","2024-10-15 12:00:00 PM","Q58","W","503526","27","1","5","4"
"2024-10-15","2024-10-15 09:00:00 PM","S53","W","200716","27","1","1","2"
"2024-10-15","2024-10-15 03:00:00 PM","M15","N","403480","27","20","15","2"
"2024-10-15","2024-10-15 10:00:00 PM","BX19","S","104233","27","3","4","1"
"2024-10-15","2024-10-15 02:00:00 PM","M101","N","401446","27","0","3","1"
"2024-10-15","2024-10-15 12:00:00 PM","M15","S","401764","27","12","4","2"
"2024-10-15","2024-10-15 06:00:00 PM","BX19","S","104233","27","16","14","1"
"2024-10-15","2024-10-15 06:00:00 AM","M15","S","401764","27","0","1","1"
"2024-10-15","2024-10-15 06:00:00 PM","B35","W","302779","27","0","11","3"
"2024-10-15","2024-10-15 02:00:00 AM","Q58","E","503472","27","3","0","1"
"2024-10-15","2024-10-15 09:00:00 AM","M15","N","401704","27","0","1","1"
"2024-10-15","2024-10-15 10:00:00 PM","Q58","E","503472","27","5","0","3"
"2024-10-15","2024-10-15 03:00:00 PM","S53","W","200716","27","2","1","1"
"2024-10-15","2024-10-15 09:00:00 PM","B35","W","302763","27","0","1","1"
"2024-10-15","2024-10-15 11:00:00 PM","Q58","E","503472","27","0","1","1"
"2024-10-15","2024-10-15 05:00:00 PM","B46","S","306304","27","21","31","5"
"2024-10-15","2024-10-15 08:00:00 PM","Q58","W","503526","27","0","1","1"
"2024-10-15","2024-10-15 08:00:00 AM","Q58","E","503472","27","19","19","5"
"2024-10-15","2024-10-15 03:00:00 PM","B35","E","302719","27","2","19","2"
"2024-10-15","2024-10-15 02:00:00 PM","B46","S","306304","27","5","15","2"
"2024-10-15","2024-10-15 02:00:00 PM","Q58","W","901025","27","1","1","0"
"2024-10-15","2024-10-15 05:00:00 PM","S53","W","200716","27","0","3","2"
"2024-10-15","2024-10-15 01:00:00 PM","B35","E","302724","27","3","4","2"
"2024-10-15","2024-10-15 07:00:00 AM","B46","N","307086","27","3","3","2"
"2024-10-15","2024-10-15 10:00:00 AM","BX19","S","104233","27","21","58","3"
"2024-10-15","2024-10-15 06:00:00 AM","B35","W","302763","27","0","1","1"
"2024-10-15","2024-10-15 06:00:00 PM","Q58","E","503472","27","6","3","5"
"2024-10-15","2024-10-15 09:00:00 AM","M15","S","401764","27","20","8","4"
"2024-10-15","2024-10-15 07:00:00 PM","M101","S","402723","27","4","3","2"
"2024-10-15","2024-10-15 01:00:00 PM","B35","E","302719","27","0","13","1"
"2024-10-15","2024-10-15 08:00:00 AM","B46","S","306304","27","3","15","4"
"2024-10-15","2024-10-15 04:00:00 PM","BX19","N","101327","27","15","20","4"
"2024-10-15","2024-10-15 02:00:00 PM","M101","S","402723","27","4","4","1"
"2024-10-15","2024-10-15 01:00:00 PM","Q58","E","503472","27","33","12","7"
"2024-10-15","2024-10-15 12:00:00 AM","B46","N","307086","27","0","1","1"
"2024-10-15","2024-10-15 11:00:00 PM","Q58","W","503526","27","0","5","5"
"2024-10-15","2024-10-15 02:00:00 AM","B46","S","306304","27","3","0","2"
"2024-10-15","2024-10-15 05:00:00 AM","M15","N","403480","27","0","5","1"
"2024-10-15","2024-10-15 11:00:00 AM","B46","S","306304","27","10","13","3"
"2024-10-15","2024-10-15 05:00:00 AM","B46","N","307086","27","1","2","1"
"2024-10-15","2024-10-15 12:00:00 AM","B35","E","901728","27","0","1","1"
"2024-10-15","2024-10-15 04:00:00 PM","B35","E","302719","27","17","39","3"
"2024-10-15","2024-10-15 05:00:00 AM","BX19","S","104233","27","5","3","1"
"2024-10-15","2024-10-15 07:00:00 AM","B46","S","306304","27","13","27","7"
"2024-10-15","2024-10-15 01:00:00 AM","B46","S","306304","27","3","3","4"
"2024-10-15","2024-10-15 07:00:00 AM","Q58","E","503472","27","38","28","6"
"2024-10-15","2024-10-15 09:00:00 PM","B46","S","306304","27","7","11","5"
"2024-10-15","2024-10-15 07:00:00 AM","B35","E","302719","27","7","44","5"
"2024-10-15","2024-10-15 05:00:00 AM","B46","S","306304","27","5","2","2"
"2024-10-15","2024-10-15 10:00:00 AM","Q58","W","503526","27","0","3","1"
"2024-10-15","2024-10-15 10:00:00 AM","Q58","W","901025","27","1","1","0"
"2024-10-15","2024-10-15 05:00:00 AM","BX19","N","101329","27","1","0","1"
"2024-10-15","2024-10-15 01:00:00 AM","B35","W","302763","27","0","1","1"
"2024-10-15","2024-10-15 04:00:00 PM","B35","W","302763","27","2","10","3"
"2024-10-15","2024-10-15 05:00:00 AM","B35","W","302763","27","0","2","1"
"2024-10-15","2024-10-15 08:00:00 AM","B46","N","307086","27","5","10","4"
"2024-10-15","2024-10-15 09:00:00 PM","B35","E","302719","27","2","11","2"
"2024-10-15","2024-10-15 12:00:00 AM","B46","S","306304","27","4","8","2"
"2024-10-15","2024-10-15 06:00:00 AM","M101","S","402723","27","1","1","2"
"2024-10-15","2024-10-15 07:00:00 AM","B35","E","302724","27","1","4","2"
"2024-10-15","2024-10-15 04:00:00 PM","B35","W","302779","27","4","9","2"
"2024-10-15","2024-10-15 10:00:00 AM","Q58","E","503472","27","26","7","5"
"2024-10-15","2024-10-15 01:00:00 AM","Q58","W","503526","27","0","2","1"
"2024-10-15","2024-10-15 04:00:00 AM","Q58","E","503472","27","3","0","2"
"2024-10-15","2024-10-15 09:00:00 AM","M101","S","402723","27","3","1","1"
"2024-10-15","2024-10-15 06:00:00 PM","B35","E","302719","27","4","10","2"
"2024-10-15","2024-10-15 07:00:00 AM","B35","W","302779","27","2","3","2"
"2024-10-15","2024-10-15 04:00:00 PM","B35","E","302724","27","2","23","3"
"2024-10-15","2024-10-15 10:00:00 AM","BX19","N","101327","27","6","8","5"
"2024-10-15","2024-10-15 01:00:00 PM","BX19","N","101327","27","27","26","5"
"2024-10-15","2024-10-15 07:00:00 AM","B35","W","302763","27","1","0","1"
"2024-10-15","2024-10-15 04:00:00 AM","B46","S","306304","27","0","3","1"
"2024-10-15","2024-10-15 06:00:00 AM","S53","E","203501","27","3","5","4"
"2024-10-15","2024-10-15 09:00:00 AM","M101","N","401446","27","2","0","1"
"2024-10-15","2024-10-15 05:00:00 AM","B35","E","901728","27","0","1","1"
"2024-10-15","2024-10-15 06:00:00 PM","BX19","N","101327","27","0","12","3"
"2024-10-15","2024-10-15 11:00:00 AM","B35","E","302719","27","3","5","1"
"2024-10-15","2024-10-15 11:00:00 AM","B46","N","307086","27","2","5","3"
"2024-10-15","2024-10-15 11:00:00 AM","B35","E","302724","27","0","3","1"
"2024-10-15","2024-10-15 09:00:00 PM","B46","N","307086","27","2","6","2"
"2024-10-15","2024-10-15 05:00:00 AM","Q58","E","503472","27","5","0","4"
"2024-10-15","2024-10-15 06:00:00 AM","Q58","E","503481","27","1","0","1"
"2024-10-15","2024-10-15 06:00:00 AM","BX19","S","104233","27","4","7","1"
"2024-10-15","2024-10-15 10:00:00 PM","Q58","W","503526","27","0","4","2"
"2024-10-15","2024-10-15 07:00:00 PM","M15","S","401764","27","8","11","4"
"2024-10-15","2024-10-15 07:00:00 AM","Q58","E","503481","27","3","1","1"
"2024-10-15","2024-10-15 02:00:00 PM","Q58","W","503526","27","5","10","4"
"2024-10-15","2024-10-15 11:00:00 AM","B35","W","302779","27","3","2","2"
"2024-10-15","2024-10-15 07:00:00 AM","Q58","W","503526","27","0","3","2"
"2024-10-15","2024-10-15 04:00:00 AM","M15","S","401764","27","1","0","1"
"2024-10-15","2024-10-15 08:00:00 PM","Q58","E","503472","27","14","3","3"
"2024-10-15","2024-10-15 09:00:00 PM","B35","W","302779","27","0","3","1"
"2024-10-15","2024-10-15 06:00:00 AM","Q58","W","503526","27","1","1","2"
"2024-10-15","2024-10-15 06:00:00 PM","Q58","W","503526","27","1","7","4"
"2024-10-15","2024-10-15 05:00:00 PM","B46","N","307086","27","0","6","1"
"2024-10-15","2024-10-15 09:00:00 AM","S53","E","203501","27","2","0","2"
"2024-10-15","2024-10-15 12:00:00 AM","BX12","W","404144","27","0","1","1"
"2024-10-15","2024-10-15 01:00:00 PM","Q58","W","503526","27","1","7","4"
"2024-10-15","2024-10-15 01:00:00 AM","M101","S","402723","27","0","1","1"
"2024-10-15","2024-10-15 05:00:00 AM","S53","E","203501","27","3","0","1"
"2024-10-15","2024-10-15 06:00:00 AM","B46","S","306304","27","6","10","3"
"2024-10-15","2024-10-15 05:00:00 AM","S53","W","200716","27","0","1","1"
"2024-10-15","2024-10-15 08:00:00 AM","Q58","W","503526","27","0","3","1"
"2024-10-15","2024-10-15 06:00:00 PM","B35","W","302763","27","0","3","2"
"2024-10-15","2024-10-15 04:00:00 PM","BX19","S","104233","27","111","56","4"
"2024-10-15","2024-10-15 12:00:00 PM","Q58","E","503472","27","31","6","5"
"2024-10-15","2024-10-15 09:00:00 AM","M15","N","405138","28","7","2","1"
"2024-10-15","2024-10-15 06:00:00 PM","B35","E","308230","28","0","3","2"
"2024-10-15","2024-10-15 12:00:00 PM","M15","S","401765","28","4","6","1"
"2024-10-15","2024-10-15 02:00:00 PM","M101","S","405416","28","6","12","1"
"2024-10-15","2024-10-15 04:00:00 PM","BX19","S","101374","28","5","10","2"
"2024-10-15","2024-10-15 01:00:00 AM","M101","S","405416","28","2","0","1"
"2024-10-15","2024-10-15 10:00:00 PM","BX19","N","101328","28","1","1","1"
"2024-10-15","2024-10-15 01:00:00 PM","B35","E","306838","28","0","3","1"
"2024-10-15","2024-10-15 06:00:00 AM","B46","S","306479","28","0","1","1"
"2024-10-15","2024-10-15 06:00:00 AM","B35","E","307792","28","12","1","1"
"2024-10-15","2024-10-15 03:00:00 PM","B35","E","308230","28","6","5","3"
"2024-10-15","2024-10-15 08:00:00 PM","M15","S","401765","28","1","1","1"
"2024-10-15","2024-10-15 02:00:00 AM","B46","S","306479","28","1","1","1"
"2024-10-15","2024-10-15 05:00:00 AM","S53","W","203457","28","0","2","1"
"2024-10-15","2024-10-15 03:00:00 PM","M15","N","401696","28","2","11","2"
"2024-10-15","2024-10-15 11:00:00 AM","B35","E","306838","28","1","14","1"
"2024-10-15","2024-10-15 11:00:00 AM","B35","E","308230","28","0","7","1"
"2024-10-15","2024-10-15 06:00:00 AM","Q58","W","503527","28","1","0","1"
"2024-10-15","2024-10-15 02:00:00 PM","Q58","W","503527","28","6","7","5"
"2024-10-15","2024-10-15 05:00:00 AM","Q58","W","503527","28","2","0","1"
"2024-10-15","2024-10-15 05:00:00 AM","M101","N","402521","28","2","1","1"
"2024-10-15","2024-10-15 04:00:00 AM","B46","N","307668","28","11","60","3"
"2024-10-15","2024-10-15 03:00:00 AM","B46","S","306479","28","0","1","1"
"2024-10-15","2024-10-15 07:00:00 PM","M101","S","405416","28","25","11","2"
"2024-10-15","2024-10-15 08:00:00 AM","Q58","W","503527","28","6","3","5"
"2024-10-15","2024-10-15 09:00:00 PM","B46","S","306479","28","3","5","3"
"2024-10-15","2024-10-15 06:00:00 PM","B35","W","302764","28","0","3","2"
"2024-10-15","2024-10-15 06:00:00 PM","B35","W","302780","28","0","3","2"
"2024-10-15","2024-10-15 04:00:00 AM","B35","W","302764","28","1","0","1"
"2024-10-15","2024-10-15 07:00:00 AM","B35","E","306838","28","3","12","3"
"2024-10-15","2024-10-15 07:00:00 AM","B35","E","308230","28","0","7","2"
"2024-10-15","2024-10-15 09:00:00 AM","M101","S","405416","28","14","14","1"
"2024-10-15","2024-10-15 12:00:00 AM","B46","S","306479","28","1","2","1"
"2024-10-15","2024-10-15 01:00:00 AM","B35","W","302764","28","0","1","1"
"2024-10-15","2024-10-15 04:00:00 AM","M15","S","401765","28","0","1","1"
"2024-10-15","2024-10-15 09:00:00 PM","B35","E","308230","28","1","7","2"
"2024-10-15","2024-10-15 09:00:00 PM","B35","E","306838","28","2","2","1"
"2024-10-15","2024-10-15 03:00:00 AM","S53","E","203502","28","1","0","1"
"2024-10-15","2024-10-15 02:00:00 PM","B46","N","307668","28","28","86","5"
"2024-10-15","2024-10-15 08:00:00 PM","Q58","W","503527","28","2","3","3"
"2024-10-15","2024-10-15 01:00:00 AM","B46","N","307668","28","5","3","2"
"2024-10-15","2024-10-15 06:00:00 AM","M15","S","401765","28","3","2","2"
"2024-10-15","2024-10-15 05:00:00 PM","B46","S","307636","28","0","2","0"
"2024-10-15","2024-10-15 04:00:00 PM","BX19","N","101328","28","8","38","4"
"2024-10-15","2024-10-15 12:00:00 AM","B46","N","307668","28","3","14","2"
"2024-10-15","2024-10-15 12:00:00 AM","M101","S","405416","28","3","1","1"
"2024-10-15","2024-10-15 10:00:00 PM","Q58","W","503527","28","0","3","3"
"2024-10-15","2024-10-15 05:00:00 PM","B46","S","306479","28","2","10","3"
"2024-10-15","2024-10-15 01:00:00 AM","B35","E","307792","28","7","0","1"
"2024-10-15","2024-10-15 10:00:00 AM","Q58","W","503527","28","3","1","3"
"2024-10-15","2024-10-15 08:00:00 AM","B46","N","307668","28","61","106","7"
"2024-10-15","2024-10-15 03:00:00 AM","M101","S","405416","28","5","0","1"
"2024-10-15","2024-10-15 04:00:00 PM","B35","E","308230","28","4","11","3"
"2024-10-15","2024-10-15 05:00:00 AM","S53","E","203502","28","1","0","1"
"2024-10-15","2024-10-15 05:00:00 AM","Q58","E","503473","28","1","1","2"
"2024-10-15","2024-10-15 04:00:00 PM","B35","E","306838","28","2","15","2"
"2024-10-15","2024-10-15 07:00:00 PM","M15","S","401765","28","15","12","3"
"2024-10-15","2024-10-15 05:00:00 PM","B46","N","307668","28","28","36","3"
"2024-10-15","2024-10-15 11:00:00 PM","Q58","W","503527","28","1","3","3"
"2024-10-15","2024-10-15 12:00:00 PM","Q58","E","503473","28","3","2","3"
"2024-10-15","2024-10-15 03:00:00 AM","B35","E","307792","28","1","1","1"
"2024-10-15","2024-10-15 08:00:00 AM","Q58","E","503473","28","3","2","2"
"2024-10-15","2024-10-15 01:00:00 PM","BX19","N","101328","28","24","31","5"
"2024-10-15","2024-10-15 06:00:00 AM","B46","N","307668","28","21","96","6"
"2024-10-15","2024-10-15 01:00:00 PM","BX19","S","101374","28","26","19","3"
"2024-10-15","2024-10-15 03:00:00 PM","S53","E","203502","28","0","2","2"
"2024-10-15","2024-10-15 10:00:00 PM","BX19","S","101374","28","5","1","1"
"2024-10-15","2024-10-15 09:00:00 PM","B35","W","302764","28","2","2","1"
"2024-10-15","2024-10-15 09:00:00 AM","M15","S","401765","28","19","8","3"
"2024-10-15","2024-10-15 11:00:00 AM","S53","E","203502","28","2","0","2"
"2024-10-15","2024-10-15 06:00:00 PM","BX19","S","101374","28","35","20","2"
"2024-10-15","2024-10-15 02:00:00 PM","M101","N","401447","28","2","6","1"
"2024-10-15","2024-10-15 10:00:00 PM","Q58","E","503473","28","0","1","1"
"2024-10-15","2024-10-15 06:00:00 PM","B35","E","306838","28","1","25","3"
"2024-10-15","2024-10-15 12:00:00 PM","Q58","W","503527","28","3","6","4"
"2024-10-15","2024-10-15 10:00:00 AM","BX19","S","101374","28","10","23","3"
"2024-10-15","2024-10-15 07:00:00 AM","B46","N","307668","28","32","95","6"
"2024-10-15","2024-10-15 05:00:00 AM","M15","N","401696","28","1","0","1"
"2024-10-15","2024-10-15 11:00:00 AM","B46","S","306479","28","2","1","1"
"2024-10-15","2024-10-15 08:00:00 AM","B46","S","306479","28","0","1","1"
"2024-10-15","2024-10-15 01:00:00 PM","Q58","E","503473","28","2","8","4"
"2024-10-15","2024-10-15 02:00:00 PM","B46","S","306479","28","10","3","3"
"2024-10-15","2024-10-15 12:00:00 AM","B35","E","307792","28","18","4","2"
"2024-10-15","2024-10-15 05:00:00 AM","B46","N","307668","28","21","106","5"
"2024-10-15","2024-10-15 01:00:00 AM","B46","S","306479","28","1","1","1"
"2024-10-15","2024-10-15 04:00:00 PM","B35","W","302764","28","1","6","3"
"2024-10-15","2024-10-15 06:00:00 AM","Q58","E","503473","28","1","0","1"
"2024-10-15","2024-10-15 07:00:00 AM","B46","S","306479","28","1","4","3"
"2024-10-15","2024-10-15 04:00:00 PM","B35","W","302780","28","0","2","1"
"2024-10-15","2024-10-15 05:00:00 AM","BX19","N","101330","28","1","0","1"
"2024-10-15","2024-10-15 04:00:00 AM","B35","E","307792","28","1","1","1"
"2024-10-15","2024-10-15 07:00:00 AM","Q58","E","503473","28","5","3","5"
"2024-10-15","2024-10-15 06:00:00 AM","M101","S","405416","28","9","7","2"
"2024-10-15","2024-10-15 02:00:00 AM","B46","N","307668","28","0","4","1"
"2024-10-15","2024-10-15 04:00:00 AM","Q58","E","503473","28","1","0","1"
"2024-10-15","2024-10-15 07:00:00 AM","B35","W","302780","28","0","2","1"
"2024-10-15","2024-10-15 10:00:00 AM","BX19","N","101328","28","18","16","5"
"2024-10-15","2024-10-15 05:00:00 AM","BX19","S","101374","28","0","1","1"
"2024-10-15","2024-10-15 06:00:00 AM","S53","E","203502","28","3","0","2"
"2024-10-15","2024-10-15 09:00:00 PM","B46","N","307668","28","3","13","3"
"2024-10-15","2024-10-15 11:00:00 AM","B46","N","307668","28","21","80","7"
"2024-10-15","2024-10-15 03:00:00 AM","B46","N","307668","28","1","7","1"
"2024-10-15","2024-10-15 05:00:00 AM","B35","E","307792","28","2","1","1"
"2024-10-15","2024-10-15 06:00:00 PM","BX19","N","101328","28","1","12","3"
"2024-10-15","2024-10-15 03:00:00 PM","B35","E","306838","28","0","20","2"
"2024-10-15","2024-10-15 11:00:00 AM","B35","W","302780","28","0","3","1"
"2024-10-15","2024-10-15 07:00:00 AM","Q58","W","503527","28","3","1","2"
"2024-10-15","2024-10-15 06:00:00 PM","Q58","W","503527","28","8","4","4"
"2024-10-15","2024-10-15 09:00:00 AM","S53","E","203502","28","7","2","3"
"2024-10-15","2024-10-15 01:00:00 PM","Q58","W","503527","28","3","1","1"
"2024-10-15","2024-10-15 08:00:00 PM","Q58","E","503473","28","1","4","4"
"2024-10-15","2024-10-15 10:00:00 AM","Q58","E","503473","28","1","0","1"
"2024-10-15","2024-10-15 09:00:00 AM","M101","N","401447","28","6","4","2"
"2024-10-15","2024-10-15 05:00:00 PM","B35","E","308230","28","3","2","2"
"2024-10-15","2024-10-15 06:00:00 PM","M101","N","401447","28","2","10","2"
"2024-10-15","2024-10-15 08:00:00 AM","S53","E","203502","28","3","1","1"
"2024-10-15","2024-10-15 05:00:00 PM","B35","E","306838","28","10","41","4"
"2024-10-15","2024-10-15 12:00:00 PM","B35","E","306838","28","2","5","1"
"2024-10-15","2024-10-15 09:00:00 PM","M101","S","405416","28","3","1","1"
"2024-10-15","2024-10-15 10:00:00 PM","B46","S","306479","28","2","6","3"
"2024-10-15","2024-10-15 10:00:00 AM","B35","E","306838","28","1","4","2"
"2024-10-15","2024-10-15 09:00:00 AM","B46","N","307668","28","28","99","6"
"2024-10-15","2024-10-15 07:00:00 PM","Q58","W","503527","28","4","6","4"
"2024-10-15","2024-10-15 02:00:00 PM","B35","E","308230","28","0","2","1"
"2024-10-15","2024-10-15 11:00:00 PM","B46","S","306479","28","3","2","2"
"2024-10-15","2024-10-15 07:00:00 PM","BX19","N","101328","28","9","34","5"
"2024-10-15","2024-10-15 10:00:00 AM","B35","E","308230","28","0","4","2"
"2024-10-15","2024-10-15 09:00:00 AM","B46","S","306479","28","6","1","2"
"2024-10-15","2024-10-15 08:00:00 PM","BX19","N","101328","28","11","14","2"
"2024-10-15","2024-10-15 10:00:00 AM","B46","N","307668","28","4","0","1"
"2024-10-15","2024-10-15 08:00:00 PM","S53","E","203502","28","3","0","1"
"2024-10-15","2024-10-15 12:00:00 PM","BX19","S","101374","28","5","5","1"
"2024-10-15","2024-10-15 07:00:00 PM","Q58","E","503473","28","2","3","2"
"2024-10-15","2024-10-15 07:00:00 PM","B35","E","306838","28","2","18","2"
"2024-10-15","2024-10-15 05:00:00 PM","BX19","N","101328","28","46","40","4"
"2024-10-15","2024-10-15 07:00:00 PM","B35","E","308230","28","0","6","2"
"2024-10-15","2024-10-15 02:00:00 PM","B35","W","302764","28","0","8","2"
"2024-10-15","2024-10-15 01:00:00 PM","B46","N","307668","28","25","85","7"
"2024-10-15","2024-10-15 12:00:00 PM","B35","E","308230","28","0","1","1"
"2024-10-15","2024-10-15 06:00:00 PM","B46","S","306479","28","3","3","4"
"2024-10-15","2024-10-15 11:00:00 PM","B35","W","302764","28","0","1","1"
"2024-10-15","2024-10-15 08:00:00 PM","BX19","S","101374","28","4","3","2"
"2024-10-15","2024-10-15 04:00:00 PM","M15","S","401765","28","10","10","2"
"2024-10-15","2024-10-15 12:00:00 PM","BX19","N","101328","28","8","11","3"
"2024-10-15","2024-10-15 08:00:00 AM","BX19","N","101328","28","20","12","4"
"2024-10-15","2024-10-15 01:00:00 PM","B46","S","306479","28","1","9","4"
"2024-10-15","2024-10-15 02:00:00 PM","Q58","E","503473","28","2","2","2"
"2024-10-15","2024-10-15 07:00:00 AM","M15","N","401696","28","0","5","1"
"2024-10-15","2024-10-15 11:00:00 PM","B46","N","307668","28","13","21","4"
"2024-10-15","2024-10-15 09:00:00 PM","Q58","E","503473","28","0","1","1"
"2024-10-15","2024-10-15 09:00:00 PM","M101","N","401447","28","0","2","1"
"2024-10-15","2024-10-15 07:00:00 PM","BX19","S","101374","28","7","6","2"
"2024-10-15","2024-10-15 07:00:00 PM","B35","W","302764","28","1","4","3"
"2024-10-15","2024-10-15 08:00:00 AM","BX19","S","101374","28","27","27","5"
"2024-10-15","2024-10-15 08:00:00 AM","B35","W","302764","28","0","2","2"
"2024-10-15","2024-10-15 06:00:00 PM","B46","N","307668","28","13","32","4"
"2024-10-15","2024-10-15 05:00:00 PM","B35","W","302764","28","3","5","3"
"2024-10-15","2024-10-15 02:00:00 PM","BX19","N","101328","28","26","16","3"
"2024-10-15","2024-10-15 09:00:00 PM","M15","N","405138","28","1","2","1"
"2024-10-15","2024-10-15 02:00:00 PM","B35","E","306838","28","3","17","3"
"2024-10-15","2024-10-15 10:00:00 AM","B46","S","306479","28","5","2","3"
"2024-10-15","2024-10-15 11:00:00 AM","M15","S","401765","28","2","2","1"
"2024-10-15","2024-10-15 05:00:00 PM","B35","W","302780","28","0","2","1"
"2024-10-15","2024-10-15 10:00:00 AM","B35","W","302780","28","1","2","2"
"2024-10-15","2024-10-15 01:00:00 PM","M101","N","401447","28","0","7","1"
"2024-10-15","2024-10-15 07:00:00 PM","B35","W","302780","28","0","13","2"
"2024-10-15","2024-10-15 11:00:00 AM","M15","N","405138","28","6","0","1"
"2024-10-15","2024-10-15 11:00:00 AM","M15","N","401696","28","2","2","2"
"2024-10-15","2024-10-15 02:00:00 PM","BX19","S","101374","28","37","24","5"
"2024-10-15","2024-10-15 11:00:00 AM","M101","S","405416","28","10","8","2"
"2024-10-15","2024-10-15 03:00:00 PM","M101","S","405416","28","31","40","3"
"2024-10-15","2024-10-15 09:00:00 PM","Q58","W","503527","28","1","6","4"
"2024-10-15","2024-10-15 08:00:00 AM","B35","E","306838","28","12","32","7"
"2024-10-15","2024-10-15 08:00:00 AM","B35","E","308230","28","0","2","1"
"2024-10-15","2024-10-15 07:00:00 AM","S53","E","203502","28","5","0","1"
"2024-10-15","2024-10-15 05:00:00 PM","BX19","S","101374","28","28","8","5"
"2024-10-15","2024-10-15 01:00:00 PM","S53","E","203502","28","2","0","1"
"2024-10-15","2024-10-15 08:00:00 PM","B35","E","308230","28","0","3","2"
"2024-10-15","2024-10-15 11:00:00 PM","M101","S","405416","28","6","2","2"
"2024-10-15","2024-10-15 03:00:00 PM","B35","W","302780","28","0","3","3"
"2024-10-15","2024-10-15 08:00:00 PM","B46","S","306479","28","2","6","3"
"2024-10-15","2024-10-15 01:00:00 PM","M15","S","401765","28","4","10","2"
"2024-10-15","2024-10-15 04:00:00 PM","B46","N","307668","28","29","40","5"
"2024-10-15","2024-10-15 08:00:00 PM","B46","N","307668","28","22","36","7"
"2024-10-15","2024-10-16 12:00:00 AM","B35","E","307792","28","0","1","1"
"2024-10-15","2024-10-15 09:00:00 AM","Q58","E","503473","28","4","1","2"
"2024-10-15","2024-10-15 12:00:00 PM","B35","W","302764","28","0","4","2"
"2024-10-15","2024-10-15 08:00:00 PM","B35","W","302780","28","1","0","1"
"2024-10-15","2024-10-15 08:00:00 PM","B35","W","302764","28","0","2","1"
"2024-10-15","2024-10-15 07:00:00 AM","BX19","S","101374","28","25","21","5"
"2024-10-15","2024-10-15 04:00:00 PM","B46","S","306479","28","16","10","5"
"2024-10-15","2024-10-15 01:00:00 PM","M15","N","401696","28","1","1","1"
"2024-10-15","2024-10-15 06:00:00 PM","M15","N","405138","28","33","21","3"
"2024-10-15","2024-10-15 06:00:00 PM","M15","N","401696","28","0","1","1"
"2024-10-15","2024-10-15 11:00:00 AM","BX19","N","101328","28","20","11","3"
"2024-10-15","2024-10-15 05:00:00 PM","M101","N","401447","28","3","5","1"
"2024-10-15","2024-10-15 08:00:00 PM","B35","E","306838","28","6","20","3"
"2024-10-15","2024-10-15 08:00:00 AM","M101","N","401447","28","0","5","2"
"2024-10-15","2024-10-15 11:00:00 AM","BX19","S","101374","28","26","37","4"
"2024-10-15","2024-10-15 10:00:00 AM","M15","N","405138","28","1","5","1"
"2024-10-15","2024-10-15 07:00:00 AM","BX19","N","101328","28","3","4","1"
"2024-10-15","2024-10-15 05:00:00 PM","M15","N","401696","28","1","2","1"
"2024-10-15","2024-10-15 02:00:00 PM","M15","S","401765","28","15","4","1"
"2024-10-15","2024-10-15 03:00:00 PM","BX19","N","101328","28","18","21","3"
"2024-10-15","2024-10-15 03:00:00 PM","B46","N","307668","28","48","72","5"
"2024-10-15","2024-10-15 10:00:00 PM","M101","N","401447","28","1","0","1"
"2024-10-15","2024-10-15 07:00:00 AM","BX19","N","101330","28","0","4","2"
"2024-10-15","2024-10-15 05:00:00 PM","M15","S","401765","28","1","2","1"
"2024-10-15","2024-10-15 08:00:00 AM","M15","S","401765","28","24","6","1"
"2024-10-15","2024-10-15 07:00:00 PM","B46","S","306479","28","3","0","2"
"2024-10-15","2024-10-15 04:00:00 PM","M101","N","401447","28","0","3","1"
"2024-10-15","2024-10-15 10:00:00 PM","B46","N","307668","28","12","27","5"
"2024-10-15","2024-10-15 02:00:00 PM","M15","N","401696","28","3","0","1"
"2024-10-15","2024-10-15 02:00:00 PM","M15","N","405138","28","0","1","1"
"2024-10-15","2024-10-15 10:00:00 PM","B35","W","302764","28","0","1","1"
"2024-10-15","2024-10-15 10:00:00 PM","B35","W","302780","28","0","2","1"
"2024-10-15","2024-10-15 03:00:00 PM","BX19","S","101374","28","3","11","2"
"2024-10-15","2024-10-15 12:00:00 PM","M101","N","401447","28","2","5","1"
"2024-10-15","2024-10-15 05:00:00 PM","Q58","E","503473","28","3","1","2"
"2024-10-15","2024-10-15 06:00:00 PM","S53","E","203502","28","1","0","1"
"2024-10-15","2024-10-15 03:00:00 PM","Q58","E","503473","28","11","4","6"
"2024-10-15","2024-10-15 03:00:00 PM","Q58","E","503956","28","0","2","1"
"2024-10-15","2024-10-15 03:00:00 PM","B46","S","306479","28","12","3","4"
"2024-10-15","2024-10-15 10:00:00 PM","B35","E","307792","28","10","5","1"
"2024-10-15","2024-10-15 10:00:00 PM","B35","E","308230","28","0","2","1"
"2024-10-15","2024-10-16 12:00:00 AM","B46","N","307668","28","1","1","1"
"2024-10-15","2024-10-15 09:00:00 AM","B35","E","306838","28","8","15","3"
"2024-10-15","2024-10-15 09:00:00 AM","B35","E","308230","28","1","6","2"
"2024-10-15","2024-10-15 07:00:00 PM","S53","E","203502","28","0","4","1"
"2024-10-15","2024-10-15 04:00:00 PM","Q58","E","503473","28","3","13","4"
"2024-10-15","2024-10-15 11:00:00 AM","Q58","E","503473","28","3","0","2"
"2024-10-15","2024-10-15 09:00:00 AM","B35","W","302764","28","0","1","1"
"2024-10-15","2024-10-15 11:00:00 PM","M15","S","401765","28","2","3","2"
"2024-10-15","2024-10-15 09:00:00 PM","BX19","N","101328","28","3","8","3"
"2024-10-15","2024-10-15 10:00:00 AM","M101","S","405416","28","11","22","2"
"2024-10-15","2024-10-15 11:00:00 AM","Q58","W","503527","28","3","2","3"
"2024-10-15","2024-10-15 12:00:00 PM","B46","S","306479","28","1","3","3"
"2024-10-15","2024-10-15 04:00:00 PM","Q58","W","503527","28","7","23","9"
"2024-10-15","2024-10-15 09:00:00 AM","BX19","N","101328","28","6","6","3"
"2024-10-15","2024-10-15 03:00:00 PM","B35","W","302764","28","0","1","1"
"2024-10-15","2024-10-15 05:00:00 PM","Q58","W","503527","28","0","2","2"
"2024-10-15","2024-10-15 07:00:00 PM","B46","N","307668","28","5","50","6"
"2024-10-15","2024-10-15 07:00:00 PM","S53","W","203457","28","0","1","1"
"2024-10-15","2024-10-15 12:00:00 PM","B46","N","307668","28","24","62","4"
"2024-10-15","2024-10-15 08:00:00 PM","M101","S","405416","28","19","0","2"
"2024-10-15","2024-10-15 03:00:00 PM","Q58","W","503527","28","2","8","4"
"2024-10-15","2024-10-15 09:00:00 AM","Q58","W","503527","28","3","0","1"
"2024-10-15","2024-10-15 08:00:00 PM","M101","N","401447","28","5","7","2"
"2024-10-15","2024-10-15 09:00:00 AM","BX19","S","101374","28","4","9","2"
"2024-10-15","2024-10-15 06:00:00 PM","S53","W","203457","28","0","1","1"
"2024-10-15","2024-10-15 09:00:00 AM","Q58","W","503528","29","2","5","3"
"2024-10-15","2024-10-15 08:00:00 AM","M101","N","401448","29","2","2","2"
"2024-10-15","2024-10-15 03:00:00 PM","B35","W","302765","29","11","5","4"
"2024-10-15","2024-10-15 05:00:00 PM","Q58","W","503528","29","11","41","7"
"2024-10-15","2024-10-15 08:00:00 PM","B46","N","307094","29","17","18","5"
"2024-10-15","2024-10-15 09:00:00 AM","B35","E","302724","29","1","19","3"
"2024-10-15","2024-10-15 09:00:00 AM","B35","E","307115","29","0","3","2"
"2024-10-15","2024-10-15 11:00:00 AM","BX19","N","101329","29","6","5","2"
"2024-10-15","2024-10-15 08:00:00 PM","B35","E","307115","29","0","4","2"
"2024-10-15","2024-10-15 06:00:00 PM","S53","W","203040","29","0","1","1"
"2024-10-15","2024-10-15 08:00:00 PM","B35","E","302724","29","4","8","3"
"2024-10-15","2024-10-15 04:00:00 PM","Q58","E","503475","29","5","6","4"
"2024-10-15","2024-10-15 01:00:00 PM","M15","S","403887","29","8","10","3"
"2024-10-15","2024-10-15 07:00:00 PM","S53","E","203503","29","0","3","1"
"2024-10-15","2024-10-15 08:00:00 PM","B46","S","303682","29","4","8","4"
"2024-10-15","2024-10-15 07:00:00 AM","BX19","S","101375","29","25","43","5"
"2024-10-15","2024-10-15 04:00:00 PM","B46","S","303682","29","4","6","4"
"2024-10-15","2024-10-15 09:00:00 AM","B35","W","302781","29","1","13","2"
"2024-10-15","2024-10-15 09:00:00 AM","B35","W","302765","29","1","5","4"
"2024-10-15","2024-10-15 11:00:00 PM","M15","S","403887","29","2","3","2"
"2024-10-15","2024-10-15 07:00:00 PM","S53","W","203040","29","0","1","1"
"2024-10-15","2024-10-15 11:00:00 AM","Q58","E","503475","29","20","1","3"
"2024-10-15","2024-10-15 10:00:00 AM","M101","S","402657","29","6","4","2"
"2024-10-15","2024-10-15 05:00:00 PM","M101","N","401448","29","2","7","1"
"2024-10-15","2024-10-15 09:00:00 PM","BX19","N","101329","29","3","2","3"
"2024-10-15","2024-10-15 08:00:00 PM","M101","N","401448","29","1","5","2"
"2024-10-15","2024-10-15 03:00:00 PM","B35","W","302781","29","9","44","7"
"2024-10-15","2024-10-15 06:00:00 PM","M15","N","401697","29","1","1","1"
"2024-10-15","2024-10-15 06:00:00 PM","M15","N","404253","29","7","5","3"
"2024-10-15","2024-10-15 01:00:00 PM","M15","N","401697","29","1","2","1"
"2024-10-15","2024-10-15 04:00:00 PM","Q58","W","503528","29","22","52","11"
"2024-10-15","2024-10-15 08:00:00 PM","M101","S","402657","29","5","1","2"
"2024-10-15","2024-10-15 03:00:00 PM","B46","N","307094","29","10","17","4"
"2024-10-15","2024-10-15 11:00:00 AM","Q58","W","503528","29","3","14","4"
"2024-10-15","2024-10-15 09:00:00 AM","BX19","S","101375","29","32","32","2"
"2024-10-15","2024-10-16 12:00:00 AM","B35","E","307791","29","1","2","1"
"2024-10-15","2024-10-15 02:00:00 PM","M15","N","401697","29","5","0","1"
"2024-10-15","2024-10-15 02:00:00 PM","M15","N","404253","29","1","5","1"
"2024-10-15","2024-10-15 07:00:00 PM","B46","S","303682","29","3","9","3"
"2024-10-15","2024-10-15 04:00:00 PM","M101","N","401448","29","13","9","1"
"2024-10-15","2024-10-15 10:00:00 PM","B35","W","302765","29","0","1","1"
"2024-10-15","2024-10-15 10:00:00 PM","B35","W","302781","29","0","9","2"
"2024-10-15","2024-10-15 08:00:00 PM","B35","W","302781","29","0","1","1"
"2024-10-15","2024-10-15 08:00:00 PM","B35","W","302765","29","0","1","1"
"2024-10-15","2024-10-15 12:00:00 PM","B46","N","307094","29","10","14","4"
"2024-10-15","2024-10-15 03:00:00 PM","BX19","S","101375","29","19","11","2"
"2024-10-15","2024-10-15 12:00:00 PM","B46","S","303682","29","9","6","3"
"2024-10-15","2024-10-15 06:00:00 PM","S53","E","203503","29","0","2","2"
"2024-10-15","2024-10-15 10:00:00 PM","B46","N","307094","29","6","15","5"
"2024-10-15","2024-10-15 07:00:00 AM","BX19","N","101329","29","2","0","1"
"2024-10-15","2024-10-15 05:00:00 PM","M101","S","402657","29","3","0","1"
"2024-10-15","2024-10-15 05:00:00 PM","Q58","E","503475","29","3","1","3"
"2024-10-15","2024-10-15 12:00:00 PM","M101","N","401448","29","0","1","1"
"2024-10-15","2024-10-15 12:00:00 PM","B35","W","302765","29","5","7","3"
"2024-10-15","2024-10-15 08:00:00 AM","M15","S","403887","29","5","3","1"
"2024-10-15","2024-10-15 07:00:00 AM","BX19","N","101332","29","29","12","2"
"2024-10-15","2024-10-15 05:00:00 PM","M15","S","403887","29","4","4","1"
"2024-10-15","2024-10-15 04:00:00 PM","B46","N","307094","29","29","30","5"
"2024-10-15","2024-10-15 03:00:00 PM","Q58","W","503528","29","34","53","7"
"2024-10-15","2024-10-15 03:00:00 PM","Q58","E","503475","29","27","5","6"
"2024-10-15","2024-10-15 03:00:00 PM","Q58","E","504020","29","1","2","2"
"2024-10-15","2024-10-15 02:00:00 PM","S53","W","203040","29","0","2","1"
"2024-10-15","2024-10-15 09:00:00 AM","BX19","N","101329","29","6","5","3"
"2024-10-15","2024-10-15 03:00:00 PM","BX19","N","101329","29","10","20","3"
"2024-10-15","2024-10-15 03:00:00 PM","B46","S","303682","29","14","21","5"
"2024-10-15","2024-10-15 10:00:00 PM","B35","E","307791","29","2","3","1"
"2024-10-15","2024-10-15 10:00:00 PM","B35","E","307115","29","0","2","1"
"2024-10-15","2024-10-15 07:00:00 PM","B46","N","307094","29","8","9","3"
"2024-10-15","2024-10-15 09:00:00 AM","Q58","E","503475","29","6","0","4"
"2024-10-15","2024-10-15 10:00:00 PM","S53","E","203503","29","1","1","1"
"2024-10-15","2024-10-15 11:00:00 AM","BX19","S","101375","29","45","61","5"
"2024-10-15","2024-10-15 05:00:00 PM","M15","N","401697","29","0","2","1"
"2024-10-15","2024-10-15 06:00:00 PM","B35","E","302724","29","0","21","3"
"2024-10-15","2024-10-15 11:00:00 PM","Q58","W","503528","29","0","7","3"
"2024-10-15","2024-10-15 04:00:00 AM","B35","E","307791","29","2","0","1"
"2024-10-15","2024-10-15 04:00:00 PM","B35","E","302724","29","1","7","1"
"2024-10-15","2024-10-15 02:00:00 PM","B46","S","303682","29","2","4","2"
"2024-10-15","2024-10-15 03:00:00 AM","Q58","W","503528","29","0","1","1"
"2024-10-15","2024-10-15 01:00:00 AM","M101","S","402657","29","1","0","1"
"2024-10-15","2024-10-15 05:00:00 PM","B46","S","303682","29","3","9","4"
"2024-10-15","2024-10-15 04:00:00 PM","B35","W","302781","29","0","21","2"
"2024-10-15","2024-10-15 04:00:00 PM","B35","W","302765","29","6","12","3"
"2024-10-15","2024-10-15 03:00:00 PM","S53","E","203503","29","0","1","1"
"2024-10-15","2024-10-15 10:00:00 AM","Q58","E","503475","29","20","0","5"
"2024-10-15","2024-10-15 08:00:00 PM","M15","S","403887","29","1","0","1"
"2024-10-15","2024-10-15 05:00:00 AM","S53","E","203503","29","0","1","1"
"2024-10-15","2024-10-15 08:00:00 AM","Q58","E","503475","29","26","3","7"
"2024-10-15","2024-10-15 02:00:00 PM","M101","N","401448","29","4","14","1"
"2024-10-15","2024-10-15 01:00:00 PM","BX19","N","101329","29","18","15","5"
"2024-10-15","2024-10-15 10:00:00 AM","BX19","S","101375","29","27","29","4"
"2024-10-15","2024-10-15 06:00:00 AM","Q58","E","503475","29","11","0","2"
"2024-10-15","2024-10-15 01:00:00 PM","B35","E","302724","29","0","5","1"
"2024-10-15","2024-10-15 05:00:00 AM","B46","N","307094","29","10","4","6"
"2024-10-15","2024-10-15 05:00:00 PM","B46","S","901093","29","0","5","0"
"2024-10-15","2024-10-15 10:00:00 AM","BX19","N","101329","29","10","4","3"
"2024-10-15","2024-10-15 08:00:00 AM","B46","S","303682","29","0","2","2"
"2024-10-15","2024-10-15 04:00:00 AM","Q58","E","503475","29","4","0","2"
"2024-10-15","2024-10-15 02:00:00 PM","M101","S","402657","29","8","1","1"
"2024-10-15","2024-10-15 06:00:00 AM","BX19","S","101375","29","5","1","1"
"2024-10-15","2024-10-15 08:00:00 PM","Q58","E","503475","29","2","3","3"
"2024-10-15","2024-10-15 01:00:00 PM","B35","E","307115","29","2","2","2"
"2024-10-15","2024-10-15 01:00:00 AM","Q58","W","503528","29","0","1","1"
"2024-10-15","2024-10-15 06:00:00 AM","B46","S","303682","29","0","14","3"
"2024-10-15","2024-10-15 07:00:00 AM","Q58","E","503475","29","14","2","4"
"2024-10-15","2024-10-15 09:00:00 PM","B46","S","303682","29","1","3","4"
"2024-10-15","2024-10-15 12:00:00 PM","Q58","E","503475","29","13","0","5"
"2024-10-15","2024-10-15 05:00:00 AM","Q58","W","503528","29","0","1","1"
"2024-10-15","2024-10-15 04:00:00 AM","B35","W","302765","29","3","0","2"
"2024-10-15","2024-10-15 01:00:00 AM","B46","N","307094","29","3","1","2"
"2024-10-15","2024-10-15 06:00:00 PM","BX19","N","101329","29","2","8","2"
"2024-10-15","2024-10-15 05:00:00 PM","B46","N","307094","29","16","17","3"
"2024-10-15","2024-10-15 09:00:00 PM","B35","E","307115","29","1","5","2"
"2024-10-15","2024-10-15 09:00:00 AM","M15","S","403887","29","14","8","4"
"2024-10-15","2024-10-15 09:00:00 PM","B35","E","302724","29","0","4","1"
"2024-10-15","2024-10-15 06:00:00 AM","B46","N","307094","29","19","7","6"
"2024-10-15","2024-10-15 01:00:00 PM","BX19","S","101375","29","21","38","3"
"2024-10-15","2024-10-15 11:00:00 AM","S53","E","203503","29","3","0","2"
"2024-10-15","2024-10-15 06:00:00 PM","BX19","S","101375","29","15","11","2"
"2024-10-15","2024-10-15 11:00:00 PM","Q58","E","503475","29","1","3","2"
"2024-10-15","2024-10-15 10:00:00 PM","Q58","E","503475","29","0","1","1"
"2024-10-15","2024-10-15 12:00:00 PM","Q58","W","503528","29","10","14","5"
"2024-10-15","2024-10-15 07:00:00 AM","B46","N","307094","29","30","10","6"
"2024-10-15","2024-10-15 06:00:00 AM","B35","W","302765","29","3","6","2"
"2024-10-15","2024-10-15 05:00:00 PM","S53","W","203040","29","0","1","1"
"2024-10-15","2024-10-15 07:00:00 AM","B35","W","302781","29","1","17","2"
"2024-10-15","2024-10-15 11:00:00 AM","B46","S","303682","29","0","2","2"
"2024-10-15","2024-10-15 12:00:00 AM","B35","E","307791","29","5","1","2"
"2024-10-15","2024-10-15 01:00:00 PM","Q58","E","503475","29","18","2","7"
"2024-10-15","2024-10-15 06:00:00 PM","Q58","E","503475","29","3","2","3"
"2024-10-15","2024-10-15 03:00:00 PM","S53","W","203040","29","2","4","3"
"2024-10-15","2024-10-15 01:00:00 AM","B46","S","303682","29","0","1","1"
"2024-10-15","2024-10-15 10:00:00 PM","BX19","S","101375","29","3","3","2"
"2024-10-15","2024-10-15 05:00:00 AM","BX19","N","101332","29","3","0","1"
"2024-10-15","2024-10-15 07:00:00 AM","B46","S","303682","29","4","8","5"
"2024-10-15","2024-10-15 05:00:00 AM","B35","W","302765","29","2","0","1"
"2024-10-15","2024-10-15 06:00:00 AM","S53","E","203503","29","9","0","4"
"2024-10-15","2024-10-15 09:00:00 PM","B46","N","307094","29","10","6","4"
"2024-10-15","2024-10-15 09:00:00 PM","B35","W","302765","29","0","3","1"
"2024-10-15","2024-10-15 09:00:00 PM","B35","W","302781","29","2","6","2"
"2024-10-15","2024-10-15 07:00:00 AM","B35","W","302765","29","7","36","1"
"2024-10-15","2024-10-15 06:00:00 AM","Q58","W","503528","29","5","2","4"
"2024-10-15","2024-10-15 06:00:00 AM","M101","S","402657","29","2","1","1"
"2024-10-15","2024-10-15 11:00:00 AM","B46","N","307094","29","20","9","6"
"2024-10-15","2024-10-15 05:00:00 AM","B35","E","307791","29","2","0","1"
"2024-10-15","2024-10-15 11:00:00 AM","B35","W","302781","29","4","14","2"
"2024-10-15","2024-10-15 11:00:00 AM","B35","W","302765","29","3","6","4"
"2024-10-15","2024-10-15 07:00:00 AM","Q58","W","503528","29","9","62","6"
"2024-10-15","2024-10-15 09:00:00 AM","M101","N","401448","29","1","7","2"
"2024-10-15","2024-10-15 01:00:00 PM","Q58","W","503528","29","10","23","4"
"2024-10-15","2024-10-15 09:00:00 AM","S53","E","203503","29","11","3","5"
"2024-10-15","2024-10-15 06:00:00 PM","Q58","W","503528","29","14","18","5"
"2024-10-15","2024-10-15 12:00:00 PM","M15","S","403887","29","15","7","1"
"2024-10-15","2024-10-15 09:00:00 PM","S53","E","203503","29","1","0","1"
"2024-10-15","2024-10-15 04:00:00 PM","BX19","S","101375","29","46","18","3"
"2024-10-15","2024-10-15 05:00:00 AM","B46","S","303682","29","2","3","2"
"2024-10-15","2024-10-15 06:00:00 PM","B35","E","307115","29","3","13","4"
"2024-10-15","2024-10-15 03:00:00 PM","M15","N","401697","29","2","7","2"
"2024-10-15","2024-10-15 06:00:00 AM","B35","E","307791","29","6","0","1"
"2024-10-15","2024-10-15 03:00:00 PM","B35","E","302724","29","1","21","2"
"2024-10-15","2024-10-15 02:00:00 PM","Q58","W","503528","29","43","29","7"
"2024-10-15","2024-10-15 11:00:00 AM","B35","E","302724","29","0","14","1"
"2024-10-15","2024-10-15 04:00:00 AM","B46","N","307094","29","3","1","1"
"2024-10-15","2024-10-15 03:00:00 PM","B35","E","307115","29","3","18","4"
"2024-10-15","2024-10-15 07:00:00 AM","B35","E","307115","29","2","1","2"
"2024-10-15","2024-10-15 07:00:00 AM","B35","E","302724","29","2","24","3"
"2024-10-15","2024-10-15 12:00:00 AM","B46","S","303682","29","0","3","2"
"2024-10-15","2024-10-15 07:00:00 PM","M101","S","402657","29","9","1","2"
"2024-10-15","2024-10-15 06:00:00 PM","B35","W","302781","29","0","27","4"
"2024-10-15","2024-10-15 08:00:00 PM","Q58","W","503528","29","0","14","5"
"2024-10-15","2024-10-15 06:00:00 PM","B35","W","302765","29","0","3","2"
"2024-10-15","2024-10-15 10:00:00 PM","Q58","W","503528","29","3","15","6"
"2024-10-15","2024-10-15 12:00:00 AM","M101","S","402657","29","2","0","1"
"2024-10-15","2024-10-15 02:00:00 PM","B46","N","307094","29","25","28","6"
"2024-10-15","2024-10-15 05:00:00 AM","Q58","E","503475","29","7","0","3"
"2024-10-15","2024-10-15 08:00:00 AM","Q58","W","503528","29","5","45","8"
"2024-10-15","2024-10-15 06:00:00 AM","M15","S","403887","29","9","0","1"
"2024-10-15","2024-10-15 04:00:00 PM","BX19","N","101329","29","2","10","3"
"2024-10-15","2024-10-15 10:00:00 AM","Q58","W","503528","29","0","14","4"
"2024-10-15","2024-10-15 08:00:00 AM","B46","N","307094","29","33","25","7"
"2024-10-15","2024-10-15 12:00:00 AM","B46","N","307094","29","3","2","2"
"2024-10-15","2024-10-15 07:00:00 PM","M15","S","403887","29","8","6","2"
"2024-10-15","2024-10-15 04:00:00 PM","B35","E","307115","29","1","10","3"
"2024-10-15","2024-10-15 11:00:00 AM","M15","N","401697","29","4","10","2"
"2024-10-15","2024-10-15 01:00:00 PM","B46","S","303682","29","2","7","6"
"2024-10-15","2024-10-15 10:00:00 PM","B46","S","303682","29","3","5","5"
"2024-10-15","2024-10-15 02:00:00 PM","BX19","S","101375","29","66","77","5"
"2024-10-15","2024-10-15 07:00:00 PM","B35","E","302724","29","0","19","2"
"2024-10-15","2024-10-15 07:00:00 PM","B35","E","307115","29","0","7","2"
"2024-10-15","2024-10-15 10:00:00 AM","B46","S","303682","29","8","4","5"
"2024-10-15","2024-10-15 05:00:00 PM","B35","E","307115","29","1","9","2"
"2024-10-15","2024-10-15 05:00:00 PM","B35","E","302724","29","6","52","5"
"2024-10-15","2024-10-15 08:00:00 PM","BX19","N","101329","29","2","3","2"
"2024-10-15","2024-10-15 02:00:00 PM","B35","W","302765","29","1","13","1"
"2024-10-15","2024-10-15 02:00:00 PM","B35","W","302781","29","0","14","2"
"2024-10-15","2024-10-15 02:00:00 PM","BX19","N","101329","29","8","3","2"
"2024-10-15","2024-10-15 07:00:00 AM","S53","W","203040","29","0","2","1"
"2024-10-15","2024-10-15 08:00:00 AM","BX19","S","101375","29","45","88","6"
"2024-10-15","2024-10-15 02:00:00 PM","B35","E","307115","29","0","9","3"
"2024-10-15","2024-10-15 02:00:00 PM","B35","E","302724","29","3","18","3"
"2024-10-15","2024-10-15 09:00:00 PM","Q58","W","503528","29","4","36","6"
"2024-10-15","2024-10-15 11:00:00 AM","M15","N","404253","29","5","0","1"
"2024-10-15","2024-10-15 07:00:00 AM","S53","E","203503","29","8","0","2"
"2024-10-15","2024-10-15 08:00:00 PM","BX19","S","101375","29","16","8","2"
"2024-10-15","2024-10-15 03:00:00 PM","M101","S","402657","29","6","3","3"
"2024-10-15","2024-10-15 05:00:00 PM","BX19","S","101375","29","80","34","6"
"2024-10-15","2024-10-15 12:00:00 PM","BX19","S","101375","29","41","8","2"
"2024-10-15","2024-10-15 12:00:00 PM","B35","E","307115","29","0","10","4"
"2024-10-15","2024-10-15 08:00:00 AM","BX19","N","101329","29","5","3","2"
"2024-10-15","2024-10-15 07:00:00 PM","Q58","W","503528","29","4","27","5"
"2024-10-15","2024-10-15 11:00:00 PM","B46","S","303682","29","3","7","2"
"2024-10-15","2024-10-15 09:00:00 AM","B46","S","901093","29","0","3","1"
"2024-10-15","2024-10-15 09:00:00 AM","B46","S","303682","29","4","4","5"
"2024-10-15","2024-10-15 12:00:00 PM","B35","E","302724","29","0","12","1"
"2024-10-15","2024-10-15 05:00:00 PM","BX19","N","101329","29","4","9","3"
"2024-10-15","2024-10-15 01:00:00 PM","B35","W","302781","29","5","29","3"
"2024-10-15","2024-10-15 01:00:00 PM","B35","W","302765","29","8","12","3"
"2024-10-15","2024-10-15 06:00:00 PM","B46","S","303682","29","6","7","3"
"2024-10-15","2024-10-15 06:00:00 PM","B46","S","901093","29","0","1","0"
"2024-10-15","2024-10-15 02:00:00 PM","Q58","E","503475","29","17","3","3"
"2024-10-15","2024-10-15 07:00:00 AM","M15","N","404253","29","7","2","1"
"2024-10-15","2024-10-15 12:00:00 PM","BX19","N","101329","29","15","4","3"
"2024-10-15","2024-10-15 09:00:00 PM","M101","N","401448","29","0","5","1"
"2024-10-15","2024-10-15 07:00:00 AM","M15","N","401697","29","0","2","1"
"2024-10-15","2024-10-15 09:00:00 PM","Q58","E","503475","29","0","1","1"
"2024-10-15","2024-10-15 04:00:00 PM","M15","S","403887","29","0","2","1"
"2024-10-15","2024-10-15 01:00:00 PM","B46","N","307094","29","22","24","6"
"2024-10-15","2024-10-15 08:00:00 AM","B35","W","302781","29","2","20","4"
"2024-10-15","2024-10-15 07:00:00 PM","Q58","E","503475","29","2","5","4"
"2024-10-15","2024-10-15 11:00:00 AM","M101","S","402657","29","8","2","2"
"2024-10-15","2024-10-15 10:00:00 AM","B35","E","302724","29","1","10","2"
"2024-10-15","2024-10-15 10:00:00 AM","B35","E","307115","29","0","6","2"
"2024-10-15","2024-10-15 06:00:00 PM","M101","N","401448","29","3","11","2"
"2024-10-15","2024-10-15 01:00:00 PM","S53","E","203503","29","0","1","1"
"2024-10-15","2024-10-15 04:00:00 PM","S53","E","203503","29","0","2","1"
"2024-10-15","2024-10-15 08:00:00 AM","B35","E","302724","29","1","29","7"
"2024-10-15","2024-10-15 05:00:00 PM","B35","W","302765","29","11","8","3"
"2024-10-15","2024-10-15 05:00:00 PM","B35","W","302781","29","1","17","2"
"2024-10-15","2024-10-15 10:00:00 AM","B35","W","302765","29","3","9","2"
"2024-10-15","2024-10-15 10:00:00 AM","B35","W","302781","29","5","22","4"
"2024-10-15","2024-10-15 06:00:00 PM","B46","N","307094","29","14","15","2"
"2024-10-15","2024-10-15 08:00:00 AM","B35","W","302765","29","6","34","3"
"2024-10-15","2024-10-15 07:00:00 PM","BX19","S","101375","29","20","10","2"
"2024-10-15","2024-10-15 11:00:00 PM","B46","N","307094","29","3","12","2"
"2024-10-15","2024-10-15 10:00:00 AM","B46","N","307094","29","7","1","1"
"2024-10-15","2024-10-15 07:00:00 PM","BX19","N","101329","29","1","2","3"
"2024-10-15","2024-10-15 07:00:00 PM","B35","W","302781","29","4","9","3"
"2024-10-15","2024-10-15 07:00:00 PM","B35","W","302765","29","3","9","4"
"2024-10-15","2024-10-15 09:00:00 PM","M15","N","401697","29","0","4","1"
"2024-10-15","2024-10-15 09:00:00 PM","M15","N","404253","29","1","3","1"
"2024-10-15","2024-10-15 10:00:00 AM","S53","E","203503","29","1","1","2"
"2024-10-15","2024-10-15 08:00:00 AM","S53","W","203040","29","1","3","2"
"2024-10-15","2024-10-15 09:00:00 AM","B46","N","307094","29","31","16","7"
"2024-10-15","2024-10-15 11:00:00 AM","M15","S","403887","29","0","3","1"
"2024-10-15","2024-10-15 01:00:00 PM","M101","N","401448","29","1","7","1"
"2024-10-15","2024-10-15 11:00:00 PM","B35","W","302765","29","0","3","1"
"2024-10-15","2024-10-15 12:00:00 PM","BX19","S","101377","30","5","14","1"
"2024-10-15","2024-10-15 11:00:00 AM","M15","S","401768","30","0","3","1"
"2024-10-15","2024-10-15 06:00:00 PM","M101","N","402517","30","1","7","2"
"2024-10-15","2024-10-15 10:00:00 AM","B35","E","301132","30","1","10","3"
"2024-10-15","2024-10-15 10:00:00 AM","B35","E","308230","30","0","4","2"
"2024-10-15","2024-10-15 01:00:00 PM","S53","E","203504","30","7","5","2"
"2024-10-15","2024-10-15 10:00:00 PM","B46","S","303683","30","2","12","6"
"2024-10-15","2024-10-15 05:00:00 PM","B35","W","302766","30","10","9","3"
"2024-10-15","2024-10-15 05:00:00 PM","B35","W","302782","30","0","5","1"
"2024-10-15","2024-10-15 03:00:00 PM","M101","S","402658","30","38","23","3"
"2024-10-15","2024-10-15 08:00:00 PM","BX19","N","101330","30","3","7","2"
"2024-10-15","2024-10-15 05:00:00 PM","BX19","S","101377","30","62","72","5"
"2024-10-15","2024-10-15 12:00:00 PM","B35","E","308230","30","0","4","1"
"2024-10-15","2024-10-15 06:00:00 PM","B46","N","307093","30","7","3","2"
"2024-10-15","2024-10-15 08:00:00 AM","B35","E","308230","30","9","31","6"
"2024-10-15","2024-10-15 08:00:00 PM","BX19","S","101377","30","23","30","3"
"2024-10-15","2024-10-15 04:00:00 PM","S53","E","203504","30","7","1","2"
"2024-10-15","2024-10-15 09:00:00 PM","M15","N","401698","30","2","0","1"
"2024-10-15","2024-10-15 09:00:00 PM","M15","N","401706","30","0","1","1"
"2024-10-15","2024-10-15 08:00:00 AM","S53","W","203480","30","0","1","1"
"2024-10-15","2024-10-15 11:00:00 AM","M15","N","401698","30","6","1","2"
"2024-10-15","2024-10-15 11:00:00 PM","B35","W","302766","30","2","0","1"
"2024-10-15","2024-10-15 11:00:00 AM","M15","N","401706","30","1","0","1"
"2024-10-15","2024-10-15 09:00:00 PM","Q58","W","503529","30","0","9","4"
"2024-10-15","2024-10-15 01:00:00 PM","M101","N","402517","30","1","10","2"
"2024-10-15","2024-10-15 08:00:00 AM","S53","E","203504","30","0","5","1"
"2024-10-15","2024-10-15 02:00:00 PM","B35","E","308230","30","5","4","3"
"2024-10-15","2024-10-15 02:00:00 PM","B35","W","302782","30","0","6","1"
"2024-10-15","2024-10-15 07:00:00 PM","B35","E","301132","30","0","9","3"
"2024-10-15","2024-10-15 02:00:00 PM","B35","E","301132","30","0","9","3"
"2024-10-15","2024-10-15 07:00:00 PM","BX19","S","101377","30","28","19","2"
"2024-10-15","2024-10-15 09:00:00 AM","B46","N","307093","30","11","13","5"
"2024-10-15","2024-10-15 08:00:00 AM","BX19","S","101377","30","41","75","6"
"2024-10-15","2024-10-15 05:00:00 PM","B35","E","301132","30","2","11","3"
"2024-10-15","2024-10-15 07:00:00 AM","S53","W","203480","30","0","1","1"
"2024-10-15","2024-10-15 10:00:00 AM","B35","W","302782","30","0","4","2"
"2024-10-15","2024-10-15 10:00:00 AM","B35","W","302766","30","2","5","2"
"2024-10-15","2024-10-15 02:00:00 PM","B35","W","302766","30","2","4","1"
"2024-10-15","2024-10-15 01:00:00 PM","B35","W","302782","30","0","6","3"
"2024-10-15","2024-10-15 10:00:00 AM","S53","E","203504","30","2","3","2"
"2024-10-15","2024-10-15 10:00:00 AM","B46","N","307093","30","4","0","1"
"2024-10-15","2024-10-15 09:00:00 PM","M101","N","402517","30","1","7","1"
"2024-10-15","2024-10-15 07:00:00 PM","BX19","N","101330","30","8","14","5"
"2024-10-15","2024-10-15 07:00:00 AM","M15","N","401706","30","4","1","1"
"2024-10-15","2024-10-15 07:00:00 AM","M15","N","401698","30","0","1","1"
"2024-10-15","2024-10-15 09:00:00 PM","Q58","E","503476","30","0","2","1"
"2024-10-15","2024-10-15 07:00:00 AM","S53","E","203504","30","12","9","2"
"2024-10-15","2024-10-15 08:00:00 PM","S53","E","203504","30","2","4","1"
"2024-10-15","2024-10-15 06:00:00 PM","B46","S","303683","30","7","20","4"
"2024-10-15","2024-10-15 12:00:00 PM","BX19","N","101330","30","10","9","3"
"2024-10-15","2024-10-15 10:00:00 AM","B46","S","303683","30","6","16","4"
"2024-10-15","2024-10-15 04:00:00 PM","M15","S","401768","30","13","9","2"
"2024-10-15","2024-10-15 08:00:00 AM","B35","W","302766","30","1","13","2"
"2024-10-15","2024-10-15 01:00:00 PM","B35","W","302766","30","3","3","4"
"2024-10-15","2024-10-15 01:00:00 PM","B46","S","303683","30","8","10","5"
"2024-10-15","2024-10-15 08:00:00 AM","B35","W","302782","30","2","51","4"
"2024-10-15","2024-10-15 09:00:00 PM","M101","S","402658","30","3","1","1"
"2024-10-15","2024-10-15 07:00:00 PM","Q58","E","503476","30","4","4","3"
"2024-10-15","2024-10-15 02:00:00 PM","BX19","S","101377","30","67","82","5"
"2024-10-15","2024-10-15 05:00:00 PM","BX19","N","101330","30","6","19","3"
"2024-10-15","2024-10-15 09:00:00 AM","B46","S","303683","30","4","15","6"
"2024-10-15","2024-10-15 11:00:00 PM","B46","N","307093","30","0","5","2"
"2024-10-15","2024-10-15 12:00:00 PM","B35","E","301132","30","0","23","5"
"2024-10-15","2024-10-15 11:00:00 AM","M101","S","402658","30","2","5","1"
"2024-10-15","2024-10-15 07:00:00 PM","B35","W","302782","30","0","2","1"
"2024-10-15","2024-10-15 11:00:00 PM","B46","S","303683","30","12","17","3"
"2024-10-15","2024-10-15 01:00:00 PM","B46","N","307093","30","11","8","5"
"2024-10-15","2024-10-15 02:00:00 PM","Q58","E","503476","30","2","2","3"
"2024-10-15","2024-10-15 07:00:00 PM","Q58","W","503529","30","1","1","1"
"2024-10-15","2024-10-15 07:00:00 PM","B35","W","302766","30","1","2","2"
"2024-10-15","2024-10-15 02:00:00 PM","BX19","N","101330","30","5","7","3"
"2024-10-15","2024-10-15 08:00:00 AM","BX19","N","101330","30","25","17","3"
"2024-10-15","2024-10-15 05:00:00 PM","B35","E","308230","30","3","11","4"
"2024-10-15","2024-10-15 07:00:00 PM","S53","E","203504","30","5","3","2"
"2024-10-15","2024-10-15 04:00:00 PM","M101","N","402517","30","6","1","1"
"2024-10-15","2024-10-15 11:00:00 AM","BX19","S","101377","30","44","60","5"
"2024-10-15","2024-10-15 07:00:00 AM","BX19","N","103611","30","14","12","2"
"2024-10-15","2024-10-15 07:00:00 AM","BX19","N","101330","30","1","0","1"
"2024-10-15","2024-10-15 11:00:00 PM","S53","E","203504","30","1","0","1"
"2024-10-15","2024-10-15 03:00:00 PM","B46","S","303683","30","7","19","5"
"2024-10-15","2024-10-15 11:00:00 PM","M15","S","401768","30","5","4","2"
"2024-10-15","2024-10-15 05:00:00 PM","M101","S","402658","30","12","0","1"
"2024-10-15","2024-10-15 11:00:00 PM","M101","S","402658","30","1","0","1"
"2024-10-15","2024-10-15 12:00:00 PM","B35","W","302766","30","5","1","2"
"2024-10-15","2024-10-15 11:00:00 PM","M101","N","403434","30","0","1","1"
"2024-10-15","2024-10-15 07:00:00 AM","BX19","S","101377","30","23","35","4"
"2024-10-15","2024-10-15 08:00:00 AM","M101","N","402517","30","2","17","3"
"2024-10-15","2024-10-15 05:00:00 PM","M15","N","401698","30","0","2","1"
"2024-10-15","2024-10-15 12:00:00 PM","B46","N","307093","30","1","5","4"
"2024-10-15","2024-10-15 10:00:00 PM","S53","E","203504","30","2","3","2"
"2024-10-15","2024-10-15 03:00:00 PM","BX19","N","101330","30","24","28","2"
"2024-10-15","2024-10-15 10:00:00 PM","M101","N","402517","30","3","0","1"
"2024-10-15","2024-10-15 02:00:00 PM","M15","N","401698","30","2","5","1"
"2024-10-15","2024-10-15 02:00:00 PM","M15","N","401706","30","3","0","1"
"2024-10-15","2024-10-15 05:00:00 PM","M15","S","401768","30","1","2","1"
"2024-10-15","2024-10-15 08:00:00 AM","M15","S","401768","30","12","4","1"
"2024-10-15","2024-10-15 10:00:00 PM","B46","N","307093","30","3","3","3"
"2024-10-15","2024-10-15 10:00:00 PM","B35","W","302782","30","0","2","1"
"2024-10-15","2024-10-15 03:00:00 PM","BX19","S","101377","30","32","35","2"
"2024-10-15","2024-10-15 05:00:00 PM","Q58","E","503476","30","2","4","2"
"2024-10-15","2024-10-15 03:00:00 PM","Q58","E","503497","30","0","6","3"
"2024-10-15","2024-10-15 03:00:00 PM","Q58","E","503476","30","6","7","4"
"2024-10-15","2024-10-15 10:00:00 PM","B35","E","301132","30","0","2","1"
"2024-10-15","2024-10-15 09:00:00 AM","B35","E","301132","30","2","9","2"
"2024-10-15","2024-10-15 04:00:00 PM","Q58","W","503529","30","2","10","8"
"2024-10-15","2024-10-15 04:00:00 PM","Q58","E","503476","30","0","10","4"
"2024-10-15","2024-10-15 09:00:00 AM","B35","W","302766","30","3","18","4"
"2024-10-15","2024-10-15 09:00:00 AM","B35","W","302782","30","0","8","2"
"2024-10-15","2024-10-15 09:00:00 PM","BX19","N","101330","30","1","0","1"
"2024-10-15","2024-10-15 11:00:00 AM","Q58","W","503529","30","0","5","3"
"2024-10-15","2024-10-15 12:00:00 PM","B46","S","303683","30","10","11","3"
"2024-10-15","2024-10-15 05:00:00 PM","Q58","W","503529","30","1","14","4"
"2024-10-15","2024-10-15 09:00:00 AM","BX19","N","101330","30","6","4","3"
"2024-10-15","2024-10-15 08:00:00 PM","M101","S","402658","30","19","3","2"
"2024-10-15","2024-10-15 03:00:00 PM","Q58","W","503529","30","3","6","4"
"2024-10-15","2024-10-15 08:00:00 PM","M101","N","402517","30","2","8","2"
"2024-10-15","2024-10-15 09:00:00 AM","BX19","S","101377","30","21","26","2"
"2024-10-15","2024-10-15 03:00:00 PM","B46","N","307093","30","3","4","3"
"2024-10-15","2024-10-15 08:00:00 PM","B46","S","303683","30","2","19","5"
"2024-10-15","2024-10-15 01:00:00 PM","M15","S","401768","30","9","10","3"
"2024-10-15","2024-10-15 08:00:00 PM","B46","N","307093","30","6","3","5"
"2024-10-15","2024-10-15 09:00:00 AM","Q58","E","503476","30","4","1","1"
"2024-10-15","2024-10-15 08:00:00 PM","B35","W","302782","30","0","2","1"
"2024-10-15","2024-10-15 03:00:00 PM","B35","W","302766","30","2","2","1"
"2024-10-15","2024-10-15 03:00:00 PM","B35","W","302782","30","2","20","5"
"2024-10-15","2024-10-15 06:00:00 PM","M15","N","401706","30","5","3","2"
"2024-10-15","2024-10-15 08:00:00 PM","B35","E","308230","30","0","5","1"
"2024-10-15","2024-10-15 08:00:00 PM","B35","E","301132","30","0","2","2"
"2024-10-15","2024-10-15 01:00:00 PM","M15","N","401698","30","4","1","1"
"2024-10-15","2024-10-15 07:00:00 PM","S53","W","203480","30","0","1","1"
"2024-10-15","2024-10-15 04:00:00 PM","B46","N","307093","30","4","9","4"
"2024-10-15","2024-10-15 10:00:00 AM","M101","S","402658","30","4","18","3"
"2024-10-15","2024-10-15 05:00:00 PM","M101","N","402517","30","14","8","1"
"2024-10-15","2024-10-15 11:00:00 AM","Q58","E","503476","30","1","1","2"
"2024-10-15","2024-10-15 11:00:00 AM","BX19","N","101330","30","6","8","2"
"2024-10-15","2024-10-15 06:00:00 PM","S53","E","203504","30","1","2","2"
"2024-10-15","2024-10-15 07:00:00 PM","B46","S","303683","30","1","14","3"
"2024-10-15","2024-10-15 12:00:00 PM","S53","E","203504","30","2","1","1"
"2024-10-15","2024-10-15 10:00:00 AM","M15","N","401706","30","0","1","1"
"2024-10-15","2024-10-15 04:00:00 PM","B46","S","303683","30","14","20","5"
"2024-10-15","2024-10-15 07:00:00 PM","B46","N","307093","30","4","7","4"
"2024-10-15","2024-10-15 12:00:00 PM","M101","N","402517","30","1","2","1"
"2024-10-15","2024-10-15 04:00:00 AM","B46","S","303683","30","1","1","1"
"2024-10-15","2024-10-15 01:00:00 AM","S53","E","203504","30","1","0","1"
"2024-10-15","2024-10-15 01:00:00 PM","B35","E","301132","30","0","3","2"
"2024-10-15","2024-10-15 01:00:00 PM","B35","E","308230","30","0","8","1"
"2024-10-15","2024-10-15 06:00:00 AM","Q58","W","503529","30","0","2","1"
"2024-10-15","2024-10-15 06:00:00 PM","B35","E","308230","30","0","3","2"
"2024-10-15","2024-10-15 06:00:00 PM","B35","E","301132","30","0","3","2"
"2024-10-15","2024-10-15 12:00:00 PM","Q58","E","503476","30","4","4","4"
"2024-10-15","2024-10-15 02:00:00 AM","B46","S","303683","30","0","3","1"
"2024-10-15","2024-10-15 11:00:00 PM","Q58","E","503476","30","0","1","1"
"2024-10-15","2024-10-15 07:00:00 AM","B46","N","307093","30","11","26","6"
"2024-10-15","2024-10-15 06:00:00 AM","S53","E","203504","30","16","7","5"
"2024-10-15","2024-10-15 10:00:00 PM","BX19","S","101377","30","7","10","1"
"2024-10-15","2024-10-15 12:00:00 PM","M15","S","401768","30","0","2","1"
"2024-10-15","2024-10-15 02:00:00 AM","Q58","W","503529","30","0","1","1"
"2024-10-15","2024-10-15 06:00:00 PM","B35","W","302782","30","0","14","3"
"2024-10-15","2024-10-15 03:00:00 PM","M15","S","401768","30","4","4","1"
"2024-10-15","2024-10-15 01:00:00 PM","BX19","N","101330","30","13","23","5"
"2024-10-15","2024-10-15 06:00:00 AM","BX19","S","101377","30","2","6","1"
"2024-10-15","2024-10-15 07:00:00 AM","Q58","E","503476","30","7","4","4"
"2024-10-15","2024-10-15 07:00:00 AM","Q58","E","503483","30","5","3","1"
"2024-10-15","2024-10-15 09:00:00 AM","M15","S","401768","30","3","14","3"
"2024-10-15","2024-10-15 06:00:00 PM","BX19","N","101330","30","2","9","4"
"2024-10-15","2024-10-15 01:00:00 AM","B35","E","302707","30","1","0","1"
"2024-10-15","2024-10-15 05:00:00 PM","B46","N","307093","30","7","5","4"
"2024-10-15","2024-10-15 06:00:00 AM","B46","N","307093","30","6","4","3"
"2024-10-15","2024-10-15 03:00:00 AM","B35","E","302707","30","1","0","1"
"2024-10-15","2024-10-15 09:00:00 AM","M101","N","402517","30","1","20","2"
"2024-10-15","2024-10-15 01:00:00 PM","BX19","S","101377","30","29","74","5"
"2024-10-15","2024-10-15 11:00:00 AM","S53","E","203504","30","5","2","2"
"2024-10-15","2024-10-15 06:00:00 PM","BX19","S","101377","30","18","18","2"
"2024-10-15","2024-10-15 02:00:00 AM","B46","N","307093","30","1","0","1"
"2024-10-15","2024-10-15 06:00:00 AM","B35","W","302766","30","8","4","2"
"2024-10-15","2024-10-15 07:00:00 AM","B35","W","302766","30","5","8","1"
"2024-10-15","2024-10-15 07:00:00 AM","B35","W","302782","30","0","18","2"
"2024-10-15","2024-10-15 11:00:00 AM","B46","S","303683","30","11","7","4"
"2024-10-15","2024-10-15 09:00:00 PM","B46","N","307093","30","0","1","1"
"2024-10-15","2024-10-15 01:00:00 PM","Q58","E","503476","30","6","4","2"
"2024-10-15","2024-10-15 06:00:00 PM","Q58","E","503476","30","1","1","1"
"2024-10-15","2024-10-15 12:00:00 AM","Q58","W","503529","30","1","0","1"
"2024-10-15","2024-10-15 01:00:00 AM","B46","S","303683","30","0","5","3"
"2024-10-15","2024-10-15 10:00:00 PM","Q58","E","503476","30","0","2","1"
"2024-10-15","2024-10-15 05:00:00 AM","B35","W","302766","30","3","0","1"
"2024-10-15","2024-10-15 09:00:00 PM","B35","W","302766","30","2","2","2"
"2024-10-15","2024-10-15 06:00:00 AM","M101","S","402658","30","3","1","1"
"2024-10-15","2024-10-15 11:00:00 AM","B46","N","307093","30","9","4","5"
"2024-10-15","2024-10-15 11:00:00 AM","B35","W","302766","30","0","2","1"
"2024-10-15","2024-10-15 11:00:00 AM","B35","W","302782","30","0","6","2"
"2024-10-15","2024-10-15 07:00:00 AM","Q58","W","503529","30","3","2","2"
"2024-10-15","2024-10-15 01:00:00 PM","Q58","W","503529","30","1","7","3"
"2024-10-15","2024-10-15 06:00:00 PM","Q58","W","503529","30","3","15","5"
"2024-10-15","2024-10-15 09:00:00 PM","S53","E","203504","30","4","5","2"
"2024-10-15","2024-10-15 04:00:00 PM","BX19","S","101377","30","57","99","3"
"2024-10-15","2024-10-15 03:00:00 PM","M15","N","401698","30","2","7","1"
"2024-10-15","2024-10-15 06:00:00 AM","B35","E","302707","30","1","0","1"
"2024-10-15","2024-10-15 03:00:00 AM","B46","N","307093","30","0","1","1"
"2024-10-15","2024-10-15 11:00:00 AM","B35","E","301132","30","0","4","1"
"2024-10-15","2024-10-15 11:00:00 AM","B35","E","308230","30","0","1","1"
"2024-10-15","2024-10-15 12:00:00 AM","B46","S","303683","30","0","10","2"
"2024-10-15","2024-10-15 04:00:00 AM","B46","N","307093","30","1","0","1"
"2024-10-15","2024-10-15 03:00:00 AM","B46","S","303683","30","1","0","1"
"2024-10-15","2024-10-15 07:00:00 AM","B35","E","301132","30","0","13","2"
"2024-10-15","2024-10-15 07:00:00 AM","B35","E","308230","30","0","5","3"
"2024-10-15","2024-10-15 07:00:00 PM","M101","S","402658","30","2","9","2"
"2024-10-15","2024-10-15 10:00:00 PM","Q58","W","503529","30","0","3","2"
"2024-10-15","2024-10-15 02:00:00 PM","B46","N","307093","30","8","18","5"
"2024-10-15","2024-10-15 06:00:00 AM","M15","S","401768","30","3","2","1"
"2024-10-15","2024-10-15 04:00:00 PM","BX19","N","101330","30","6","12","4"
"2024-10-15","2024-10-15 10:00:00 AM","Q58","W","503529","30","0","3","2"
"2024-10-15","2024-10-15 08:00:00 AM","B46","N","307093","30","29","40","6"
"2024-10-15","2024-10-15 09:00:00 AM","M15","N","401706","30","3","0","1"
"2024-10-15","2024-10-15 12:00:00 AM","B46","N","307093","30","1","0","1"
"2024-10-15","2024-10-15 07:00:00 PM","M15","S","401768","30","0","2","1"
"2024-10-15","2024-10-15 02:00:00 PM","B46","S","303683","30","10","12","4"
"2024-10-15","2024-10-15 04:00:00 PM","B35","W","302782","30","1","17","4"
"2024-10-15","2024-10-15 04:00:00 PM","B35","W","302766","30","1","3","2"
"2024-10-15","2024-10-15 03:00:00 PM","S53","E","203504","30","2","2","2"
"2024-10-15","2024-10-15 10:00:00 AM","Q58","E","503476","30","11","0","2"
"2024-10-15","2024-10-15 11:00:00 PM","Q58","W","503529","30","0","17","5"
"2024-10-15","2024-10-15 05:00:00 AM","S53","E","203504","30","2","5","2"
"2024-10-15","2024-10-15 04:00:00 AM","B35","W","302766","30","1","1","1"
"2024-10-15","2024-10-15 08:00:00 PM","M15","S","401768","30","9","3","2"
"2024-10-15","2024-10-15 10:00:00 AM","BX19","S","101377","30","33","67","4"
"2024-10-15","2024-10-15 02:00:00 PM","M101","N","402517","30","19","4","1"
"2024-10-15","2024-10-15 04:00:00 AM","S53","E","203504","30","1","1","1"
"2024-10-15","2024-10-15 05:00:00 AM","B46","N","307093","30","1","1","2"
"2024-10-15","2024-10-15 10:00:00 AM","BX19","N","101330","30","6","8","4"
"2024-10-15","2024-10-15 08:00:00 AM","B46","S","303683","30","4","10","4"
"2024-10-15","2024-10-15 04:00:00 AM","Q58","E","503476","30","1","0","1"
"2024-10-15","2024-10-15 08:00:00 PM","Q58","E","503476","30","0","4","2"
"2024-10-15","2024-10-15 01:00:00 AM","Q58","W","503529","30","0","1","1"
"2024-10-15","2024-10-15 09:00:00 PM","B46","S","303683","30","2","20","4"
"2024-10-15","2024-10-15 05:00:00 AM","Q58","W","503529","30","1","2","1"
"2024-10-15","2024-10-15 02:00:00 PM","M101","S","402658","30","9","16","1"
"2024-10-15","2024-10-15 08:00:00 AM","Q58","W","503529","30","2","7","3"
"2024-10-15","2024-10-15 06:00:00 AM","Q58","E","503483","30","2","0","2"
"2024-10-15","2024-10-15 08:00:00 AM","Q58","E","503476","30","5","1","4"
"2024-10-15","2024-10-15 04:00:00 PM","B35","E","308230","30","4","3","2"
"2024-10-15","2024-10-15 04:00:00 PM","B35","E","301132","30","0","14","3"
"2024-10-15","2024-10-15 08:00:00 PM","Q58","W","503529","30","2","1","2"
"2024-10-15","2024-10-15 11:00:00 PM","BX19","S","101377","30","4","2","1"
"2024-10-15","2024-10-15 05:00:00 AM","B46","S","303683","30","4","2","2"
"2024-10-15","2024-10-15 03:00:00 PM","B35","E","301132","30","1","27","3"
"2024-10-15","2024-10-15 02:00:00 PM","Q58","W","503529","30","3","15","6"
"2024-10-15","2024-10-15 09:00:00 AM","S53","E","203504","30","20","12","5"
"2024-10-15","2024-10-15 05:00:00 AM","Q58","E","503476","30","6","0","3"
"2024-10-15","2024-10-15 03:00:00 PM","S53","W","203480","30","2","1","1"
"2024-10-15","2024-10-15 07:00:00 AM","B46","S","303683","30","21","14","6"
"2024-10-15","2024-10-15 09:00:00 PM","B35","E","308230","30","0","1","1"
"2024-10-15","2024-10-15 12:00:00 PM","Q58","W","503529","30","0","1","1"
"2024-10-15","2024-10-15 06:00:00 AM","B46","S","303683","30","5","15","3"
"2024-10-15","2024-10-15 05:00:00 PM","B46","S","303683","30","19","25","5"
"2024-10-15","2024-10-15 09:00:00 PM","B35","E","301132","30","0","5","3"
"2024-10-15","2024-10-15 05:00:00 AM","BX19","S","101377","30","1","5","1"
"2024-10-15","2024-10-15 05:00:00 AM","B46","N","307090","31","3","3","5"
"2024-10-15","2024-10-15 08:00:00 AM","Q58","E","503477","31","2","3","2"
"2024-10-15","2024-10-15 03:00:00 PM","S53","E","203505","31","0","1","1"
"2024-10-15","2024-10-15 04:00:00 PM","B35","E","301133","31","0","12","2"
"2024-10-15","2024-10-15 04:00:00 PM","B35","E","301132","31","0","20","3"
"2024-10-15","2024-10-15 06:00:00 AM","B46","N","307090","31","1","1","2"
"2024-10-15","2024-10-15 04:00:00 AM","B46","S","303685","31","0","1","1"
"2024-10-15","2024-10-15 10:00:00 AM","Q58","E","503477","31","4","2","3"
"2024-10-15","2024-10-15 07:00:00 PM","M15","S","401769","31","0","1","1"
"2024-10-15","2024-10-15 03:00:00 AM","M101","S","402659","31","0","4","1"
"2024-10-15","2024-10-15 04:00:00 PM","B35","W","302767","31","0","6","2"
"2024-10-15","2024-10-15 08:00:00 AM","B46","N","307090","31","18","24","7"
"2024-10-15","2024-10-15 10:00:00 AM","Q58","W","503530","31","0","3","3"
"2024-10-15","2024-10-15 04:00:00 PM","BX19","N","101332","31","70","57","5"
"2024-10-15","2024-10-15 02:00:00 PM","B46","N","307090","31","11","10","7"
"2024-10-15","2024-10-15 07:00:00 PM","M101","S","402659","31","18","19","2"
"2024-10-15","2024-10-15 06:00:00 PM","B35","W","302767","31","0","13","3"
"2024-10-15","2024-10-15 06:00:00 PM","B35","W","302783","31","2","9","2"
"2024-10-15","2024-10-15 08:00:00 PM","Q58","W","503530","31","0","11","4"
"2024-10-15","2024-10-15 07:00:00 AM","B35","E","301132","31","1","21","3"
"2024-10-15","2024-10-15 05:00:00 AM","B46","S","303685","31","1","0","1"
"2024-10-15","2024-10-15 02:00:00 AM","B46","S","303685","31","0","1","1"
"2024-10-15","2024-10-15 09:00:00 PM","B35","E","301132","31","0","3","1"
"2024-10-15","2024-10-15 07:00:00 AM","B35","E","301133","31","0","2","1"
"2024-10-15","2024-10-15 03:00:00 AM","B46","S","303685","31","1","0","1"
"2024-10-15","2024-10-15 04:00:00 AM","B46","N","307090","31","1","0","1"
"2024-10-15","2024-10-15 09:00:00 PM","B35","W","302783","31","1","1","1"
"2024-10-15","2024-10-15 11:00:00 AM","B35","E","301132","31","0","3","1"
"2024-10-15","2024-10-15 02:00:00 AM","Q58","W","503530","31","0","1","1"
"2024-10-15","2024-10-15 02:00:00 PM","Q58","W","503530","31","21","27","7"
"2024-10-15","2024-10-15 08:00:00 AM","Q58","W","503530","31","9","25","5"
"2024-10-15","2024-10-15 11:00:00 AM","B35","E","301133","31","0","4","1"
"2024-10-15","2024-10-15 12:00:00 AM","B46","S","303685","31","0","1","1"
"2024-10-15","2024-10-15 07:00:00 PM","M101","N","402518","31","2","1","1"
"2024-10-15","2024-10-15 04:00:00 PM","BX19","S","101378","31","31","29","2"
"2024-10-15","2024-10-15 06:00:00 PM","Q58","W","503530","31","5","31","7"
"2024-10-15","2024-10-15 01:00:00 AM","B46","S","303685","31","1","6","3"
"2024-10-15","2024-10-15 06:00:00 AM","M101","S","402659","31","4","9","2"
"2024-10-15","2024-10-15 09:00:00 AM","S53","E","203505","31","2","2","2"
"2024-10-15","2024-10-15 09:00:00 AM","M15","N","401707","31","1","0","1"
"2024-10-15","2024-10-15 01:00:00 PM","Q58","W","503530","31","2","16","5"
"2024-10-15","2024-10-15 03:00:00 PM","M15","N","401707","31","2","0","1"
"2024-10-15","2024-10-15 03:00:00 PM","M15","N","401699","31","1","8","2"
"2024-10-15","2024-10-15 07:00:00 AM","Q58","W","503530","31","13","103","6"
"2024-10-15","2024-10-15 05:00:00 AM","BX19","S","101378","31","0","1","1"
"2024-10-15","2024-10-15 11:00:00 AM","B35","W","302783","31","1","2","1"
"2024-10-15","2024-10-15 11:00:00 AM","B35","W","302767","31","0","2","2"
"2024-10-15","2024-10-15 11:00:00 AM","B46","N","307090","31","5","7","4"
"2024-10-15","2024-10-15 10:00:00 PM","BX19","N","101332","31","5","2","1"
"2024-10-15","2024-10-15 01:00:00 AM","M101","S","402659","31","4","3","2"
"2024-10-15","2024-10-15 06:00:00 AM","Q58","W","503530","31","5","2","3"
"2024-10-15","2024-10-15 10:00:00 PM","BX19","S","101378","31","1","2","1"
"2024-10-15","2024-10-15 10:00:00 PM","Q58","W","503530","31","0","12","5"
"2024-10-15","2024-10-15 05:00:00 AM","BX19","N","101335","31","1","2","1"
"2024-10-15","2024-10-15 09:00:00 AM","M101","N","402518","31","0","21","3"
"2024-10-15","2024-10-15 12:00:00 AM","Q58","W","503530","31","0","2","2"
"2024-10-15","2024-10-15 07:00:00 AM","B46","S","303685","31","5","5","4"
"2024-10-15","2024-10-15 06:00:00 PM","B35","E","301132","31","0","12","3"
"2024-10-15","2024-10-15 01:00:00 PM","Q58","E","503477","31","2","3","1"
"2024-10-15","2024-10-15 11:00:00 AM","B46","S","303685","31","4","8","4"
"2024-10-15","2024-10-15 07:00:00 AM","B35","W","302767","31","1","0","1"
"2024-10-15","2024-10-15 07:00:00 AM","B35","W","302783","31","1","5","2"
"2024-10-15","2024-10-15 12:00:00 PM","Q58","W","503530","31","2","6","3"
"2024-10-15","2024-10-15 07:00:00 AM","B46","N","307090","31","10","24","6"
"2024-10-15","2024-10-15 06:00:00 AM","B35","W","302767","31","0","3","1"
"2024-10-15","2024-10-15 12:00:00 AM","B35","E","302708","31","2","7","2"
"2024-10-15","2024-10-15 12:00:00 AM","B46","N","307090","31","1","1","2"
"2024-10-15","2024-10-15 02:00:00 AM","B46","N","307090","31","1","0","1"
"2024-10-15","2024-10-15 06:00:00 PM","BX19","S","101378","31","13","25","2"
"2024-10-15","2024-10-15 01:00:00 PM","BX19","S","101378","31","21","30","4"
"2024-10-15","2024-10-15 03:00:00 AM","B35","E","302708","31","0","3","1"
"2024-10-15","2024-10-15 03:00:00 PM","M15","S","401769","31","5","1","1"
"2024-10-15","2024-10-15 06:00:00 PM","BX19","N","101332","31","54","37","5"
"2024-10-15","2024-10-15 05:00:00 PM","B46","N","307090","31","5","17","3"
"2024-10-15","2024-10-15 09:00:00 AM","M15","S","401769","31","7","22","4"
"2024-10-15","2024-10-15 05:00:00 PM","S53","W","203100","31","0","1","1"
"2024-10-15","2024-10-15 07:00:00 AM","Q58","E","503484","31","2","1","1"
"2024-10-15","2024-10-15 07:00:00 AM","Q58","E","503477","31","0","3","3"
"2024-10-15","2024-10-15 06:00:00 AM","B46","S","303685","31","2","1","2"
"2024-10-15","2024-10-15 06:00:00 AM","S53","E","203505","31","1","0","1"
"2024-10-15","2024-10-15 09:00:00 PM","B46","S","303685","31","0","1","1"
"2024-10-15","2024-10-15 08:00:00 PM","Q58","E","503477","31","0","2","1"
"2024-10-15","2024-10-15 08:00:00 AM","B46","S","303685","31","0","3","3"
"2024-10-15","2024-10-15 06:00:00 AM","BX19","S","101378","31","6","0","1"
"2024-10-15","2024-10-15 02:00:00 PM","M101","S","402659","31","12","9","1"
"2024-10-15","2024-10-15 05:00:00 PM","B46","S","303685","31","3","27","6"
"2024-10-15","2024-10-15 10:00:00 AM","BX19","N","101332","31","33","17","4"
"2024-10-15","2024-10-15 09:00:00 PM","B46","N","307090","31","1","1","2"
"2024-10-15","2024-10-15 11:00:00 PM","Q58","W","503530","31","0","7","4"
"2024-10-15","2024-10-15 06:00:00 PM","B35","E","301133","31","0","11","2"
"2024-10-15","2024-10-15 03:00:00 PM","B35","E","301133","31","0","12","2"
"2024-10-15","2024-10-15 02:00:00 PM","M101","N","402518","31","6","8","1"
"2024-10-15","2024-10-15 10:00:00 AM","BX19","S","101378","31","4","7","3"
"2024-10-15","2024-10-15 04:00:00 AM","B35","E","302708","31","1","0","1"
"2024-10-15","2024-10-15 08:00:00 PM","M15","S","401769","31","3","7","2"
"2024-10-15","2024-10-15 04:00:00 AM","B35","W","302767","31","0","1","1"
"2024-10-15","2024-10-15 04:00:00 PM","B35","W","302783","31","0","5","3"
"2024-10-15","2024-10-15 01:00:00 PM","BX19","N","101332","31","61","42","5"
"2024-10-15","2024-10-15 11:00:00 PM","BX19","S","101378","31","0","1","1"
"2024-10-15","2024-10-15 02:00:00 PM","B46","S","303685","31","4","3","4"
"2024-10-15","2024-10-15 03:00:00 AM","Q58","W","503530","31","1","0","1"
"2024-10-15","2024-10-15 12:00:00 PM","B35","E","301132","31","0","2","1"
"2024-10-15","2024-10-15 12:00:00 PM","BX19","N","101332","31","25","27","3"
"2024-10-15","2024-10-15 06:00:00 PM","B46","N","307090","31","1","4","1"
"2024-10-15","2024-10-15 11:00:00 AM","M15","N","401707","31","0","1","1"
"2024-10-15","2024-10-15 11:00:00 AM","M15","N","401699","31","1","2","1"
"2024-10-15","2024-10-15 05:00:00 PM","BX19","S","101378","31","43","54","5"
"2024-10-15","2024-10-15 12:00:00 PM","BX19","S","101378","31","3","16","1"
"2024-10-15","2024-10-15 05:00:00 PM","BX19","N","101332","31","40","31","2"
"2024-10-15","2024-10-15 08:00:00 PM","BX19","S","101378","31","22","19","3"
"2024-10-15","2024-10-15 06:00:00 PM","B46","S","303685","31","3","16","4"
"2024-10-15","2024-10-15 01:00:00 PM","B35","W","302783","31","1","10","2"
"2024-10-15","2024-10-15 01:00:00 PM","B35","W","302767","31","0","2","2"
"2024-10-15","2024-10-15 11:00:00 AM","M101","S","402659","31","10","10","2"
"2024-10-15","2024-10-15 05:00:00 PM","B35","W","302783","31","0","7","2"
"2024-10-15","2024-10-15 05:00:00 PM","B35","W","302767","31","0","7","2"
"2024-10-15","2024-10-15 08:00:00 AM","B35","E","301132","31","1","31","6"
"2024-10-15","2024-10-15 11:00:00 PM","B35","E","302708","31","0","2","0"
"2024-10-15","2024-10-15 01:00:00 PM","B46","N","307090","31","2","9","3"
"2024-10-15","2024-10-15 09:00:00 PM","M15","N","401699","31","3","0","1"
"2024-10-15","2024-10-15 10:00:00 AM","S53","E","203505","31","2","0","2"
"2024-10-15","2024-10-15 11:00:00 PM","B46","S","303685","31","5","16","5"
"2024-10-15","2024-10-15 07:00:00 AM","S53","E","203505","31","3","0","1"
"2024-10-15","2024-10-15 05:00:00 PM","B35","E","301132","31","4","30","5"
"2024-10-15","2024-10-15 05:00:00 PM","B35","E","301133","31","0","5","2"
"2024-10-15","2024-10-15 07:00:00 PM","B35","E","301133","31","0","2","2"
"2024-10-15","2024-10-15 07:00:00 PM","B35","E","301132","31","1","8","2"
"2024-10-15","2024-10-15 09:00:00 AM","B46","N","307090","31","4","21","5"
"2024-10-15","2024-10-15 01:00:00 PM","B46","S","303685","31","8","20","6"
"2024-10-15","2024-10-15 10:00:00 AM","B46","S","303685","31","5","11","5"
"2024-10-15","2024-10-15 01:00:00 PM","M101","N","402518","31","3","9","2"
"2024-10-15","2024-10-15 07:00:00 PM","B35","W","302783","31","0","2","2"
"2024-10-15","2024-10-15 08:00:00 AM","S53","E","203505","31","0","3","1"
"2024-10-15","2024-10-15 02:00:00 PM","BX19","S","101378","31","35","50","5"
"2024-10-15","2024-10-15 07:00:00 PM","BX19","N","101332","31","42","32","5"
"2024-10-15","2024-10-15 10:00:00 AM","B46","N","307090","31","1","3","2"
"2024-10-15","2024-10-15 10:00:00 AM","B35","W","302783","31","0","9","3"
"2024-10-15","2024-10-15 07:00:00 AM","M15","N","401707","31","1","1","1"
"2024-10-15","2024-10-15 07:00:00 PM","BX19","S","101378","31","25","24","2"
"2024-10-15","2024-10-15 10:00:00 AM","B35","E","301133","31","0","4","2"
"2024-10-15","2024-10-15 10:00:00 AM","B35","E","301132","31","0","12","2"
"2024-10-15","2024-10-15 11:00:00 PM","B46","N","307090","31","2","3","2"
"2024-10-15","2024-10-15 07:00:00 PM","Q58","E","503477","31","0","2","2"
"2024-10-15","2024-10-15 08:00:00 AM","B35","W","302783","31","0","7","3"
"2024-10-15","2024-10-15 04:00:00 PM","M15","S","401769","31","3","6","2"
"2024-10-15","2024-10-15 09:00:00 PM","M101","N","402518","31","0","4","1"
"2024-10-15","2024-10-15 02:00:00 PM","BX19","N","101332","31","66","26","2"
"2024-10-15","2024-10-15 09:00:00 AM","B46","S","303685","31","2","7","4"
"2024-10-15","2024-10-15 02:00:00 PM","Q58","E","503477","31","0","1","1"
"2024-10-15","2024-10-15 07:00:00 PM","Q58","W","503530","31","2","17","4"
"2024-10-15","2024-10-15 08:00:00 AM","BX19","N","101332","31","40","17","4"
"2024-10-15","2024-10-15 03:00:00 PM","M101","S","402659","31","21","22","2"
"2024-10-15","2024-10-15 02:00:00 PM","B35","E","301132","31","1","17","3"
"2024-10-15","2024-10-15 08:00:00 AM","BX19","S","101378","31","27","32","5"
"2024-10-15","2024-10-15 02:00:00 PM","B35","E","301133","31","0","3","1"
"2024-10-15","2024-10-15 08:00:00 PM","BX19","N","101332","31","21","14","2"
"2024-10-15","2024-10-15 02:00:00 PM","B35","W","302783","31","0","9","2"
"2024-10-15","2024-10-15 02:00:00 PM","B35","W","302767","31","1","3","1"
"2024-10-15","2024-10-15 10:00:00 PM","B46","S","303685","31","0","6","4"
"2024-10-15","2024-10-15 11:00:00 AM","M15","S","401769","31","1","1","1"
"2024-10-15","2024-10-15 09:00:00 PM","Q58","W","503530","31","0","19","5"
"2024-10-15","2024-10-15 12:00:00 PM","B35","E","301133","31","0","5","1"
"2024-10-15","2024-10-15 09:00:00 AM","Q58","W","503530","31","0","2","1"
"2024-10-15","2024-10-15 07:00:00 PM","S53","W","203100","31","0","1","1"
"2024-10-15","2024-10-15 03:00:00 PM","B46","S","303685","31","6","16","5"
"2024-10-15","2024-10-15 08:00:00 PM","M101","S","402659","31","12","11","2"
"2024-10-15","2024-10-15 09:00:00 AM","BX19","N","101332","31","10","10","2"
"2024-10-15","2024-10-15 05:00:00 PM","Q58","W","503530","31","2","13","5"
"2024-10-15","2024-10-15 05:00:00 PM","M101","S","402659","31","8","7","1"
"2024-10-15","2024-10-15 04:00:00 PM","B46","N","307090","31","7","11","3"
"2024-10-15","2024-10-15 03:00:00 PM","B46","N","307090","31","3","3","2"
"2024-10-15","2024-10-15 12:00:00 PM","B46","S","303685","31","4","13","4"
"2024-10-15","2024-10-15 11:00:00 AM","Q58","W","503530","31","0","4","2"
"2024-10-15","2024-10-15 09:00:00 PM","BX19","N","101332","31","22","19","3"
"2024-10-15","2024-10-15 11:00:00 PM","M15","S","401769","31","0","4","2"
"2024-10-15","2024-10-15 10:00:00 AM","M101","S","402659","31","19","23","3"
"2024-10-15","2024-10-15 04:00:00 PM","B46","S","303685","31","7","16","5"
"2024-10-15","2024-10-15 12:00:00 PM","M101","N","402518","31","0","3","1"
"2024-10-15","2024-10-15 09:00:00 AM","B35","W","302767","31","0","6","4"
"2024-10-15","2024-10-15 09:00:00 AM","B35","E","301133","31","0","11","2"
"2024-10-15","2024-10-15 07:00:00 PM","S53","E","203505","31","0","1","1"
"2024-10-15","2024-10-15 04:00:00 PM","M101","S","402659","31","0","13","1"
"2024-10-15","2024-10-15 09:00:00 AM","B35","E","301132","31","0","4","2"
"2024-10-15","2024-10-15 04:00:00 PM","Q58","E","503477","31","2","3","2"
"2024-10-15","2024-10-15 03:00:00 PM","Q58","E","503477","31","1","4","3"
"2024-10-15","2024-10-15 03:00:00 PM","Q58","E","503499","31","0","9","2"
"2024-10-15","2024-10-15 07:00:00 PM","B46","S","303685","31","2","12","3"
"2024-10-15","2024-10-15 04:00:00 PM","Q58","W","503530","31","9","43","9"
"2024-10-15","2024-10-15 05:00:00 PM","Q58","E","503477","31","0","4","2"
"2024-10-15","2024-10-15 03:00:00 PM","BX19","S","101378","31","14","9","2"
"2024-10-15","2024-10-15 07:00:00 AM","BX19","N","101332","31","18","2","1"
"2024-10-15","2024-10-15 05:00:00 PM","M101","N","402696","31","1","8","0"
"2024-10-15","2024-10-15 07:00:00 AM","BX19","N","101335","31","14","41","2"
"2024-10-15","2024-10-15 10:00:00 PM","B35","W","302783","31","0","2","2"
"2024-10-15","2024-10-15 10:00:00 PM","B46","N","307090","31","2","5","3"
"2024-10-15","2024-10-15 08:00:00 AM","M15","S","401769","31","1","13","1"
"2024-10-15","2024-10-15 12:00:00 PM","B46","N","307090","31","7","5","4"
"2024-10-15","2024-10-15 05:00:00 PM","M15","S","401769","31","1","1","1"
"2024-10-15","2024-10-15 11:00:00 AM","BX19","S","101378","31","27","55","5"
"2024-10-15","2024-10-15 10:00:00 PM","M101","N","402518","31","1","0","1"
"2024-10-15","2024-10-15 03:00:00 PM","BX19","N","101332","31","50","34","3"
"2024-10-15","2024-10-15 10:00:00 PM","S53","E","203505","31","0","1","1"
"2024-10-15","2024-10-15 08:00:00 AM","M101","N","402518","31","0","4","2"
"2024-10-15","2024-10-15 06:00:00 PM","S53","W","203100","31","0","1","1"
"2024-10-15","2024-10-15 10:00:00 AM","M15","N","401707","31","0","4","1"
"2024-10-15","2024-10-15 07:00:00 AM","BX19","S","101378","31","54","16","5"
"2024-10-15","2024-10-15 11:00:00 PM","M101","N","402696","31","0","1","1"
"2024-10-15","2024-10-15 11:00:00 PM","M101","S","402659","31","5","2","2"
"2024-10-15","2024-10-15 04:00:00 PM","M101","N","402518","31","0","2","1"
"2024-10-15","2024-10-15 07:00:00 PM","B46","N","307090","31","6","10","2"
"2024-10-15","2024-10-15 06:00:00 PM","M15","N","401707","31","1","2","3"
"2024-10-15","2024-10-15 11:00:00 AM","BX19","N","101332","31","27","29","3"
"2024-10-15","2024-10-15 08:00:00 PM","B35","E","301132","31","1","10","2"
"2024-10-15","2024-10-15 08:00:00 PM","B35","E","301133","31","0","2","1"
"2024-10-15","2024-10-15 09:00:00 AM","Q58","E","503477","31","1","0","1"
"2024-10-15","2024-10-15 03:00:00 PM","B35","W","302767","31","0","8","1"
"2024-10-15","2024-10-16 12:00:00 AM","B35","E","302708","31","1","1","1"
"2024-10-15","2024-10-15 03:00:00 PM","B35","W","302783","31","1","4","2"
"2024-10-15","2024-10-15 08:00:00 PM","B46","N","307090","31","2","15","6"
"2024-10-15","2024-10-15 01:00:00 PM","M15","S","401769","31","11","7","3"
"2024-10-15","2024-10-15 08:00:00 PM","B46","S","303685","31","3","12","4"
"2024-10-15","2024-10-15 09:00:00 AM","BX19","S","101378","31","7","14","3"
"2024-10-15","2024-10-15 08:00:00 PM","M101","N","402518","31","2","6","2"
"2024-10-15","2024-10-15 03:00:00 PM","Q58","W","503530","31","8","29","6"
"2024-10-15","2024-10-15 12:00:00 PM","B35","W","307177","32","0","1","1"
"2024-10-15","2024-10-15 05:00:00 PM","M101","N","402519","32","5","5","1"
"2024-10-15","2024-10-15 05:00:00 PM","M101","S","402660","32","0","2","1"
"2024-10-15","2024-10-15 12:00:00 PM","B35","W","302768","32","0","1","1"
"2024-10-15","2024-10-15 05:00:00 PM","M15","N","401701","32","2","3","1"
"2024-10-15","2024-10-15 05:00:00 PM","M15","S","401771","32","2","3","1"
"2024-10-15","2024-10-15 05:00:00 PM","Q58","E","502992","32","17","41","5"
"2024-10-15","2024-10-15 04:00:00 PM","Q58","E","502992","32","36","49","6"
"2024-10-15","2024-10-15 11:00:00 AM","Q58","W","503531","32","4","6","3"
"2024-10-15","2024-10-15 12:00:00 PM","B46","S","303686","32","0","7","3"
"2024-10-15","2024-10-15 05:00:00 PM","Q58","W","503531","32","9","35","6"
"2024-10-15","2024-10-15 06:00:00 PM","M15","N","401701","32","2","0","1"
"2024-10-15","2024-10-15 06:00:00 PM","M15","N","401708","32","10","6","3"
"2024-10-15","2024-10-15 11:00:00 AM","Q58","E","502992","32","7","65","4"
"2024-10-15","2024-10-15 06:00:00 PM","S53","E","200660","32","4","5","2"
"2024-10-15","2024-10-15 04:00:00 PM","M101","S","402660","32","6","4","1"
"2024-10-15","2024-10-15 06:00:00 PM","S53","W","203043","32","4","12","2"
"2024-10-15","2024-10-15 11:00:00 AM","BX19","S","403689","32","34","25","4"
"2024-10-15","2024-10-15 04:00:00 PM","M101","N","402519","32","11","4","1"
"2024-10-15","2024-10-15 11:00:00 AM","BX19","N","103611","32","2","5","1"
"2024-10-15","2024-10-15 04:00:00 PM","B46","S","303686","32","5","29","6"
"2024-10-15","2024-10-15 07:00:00 PM","B46","N","308066","32","1","7","0"
"2024-10-15","2024-10-15 12:00:00 PM","S53","E","200660","32","7","6","1"
"2024-10-15","2024-10-15 07:00:00 PM","B46","S","303686","32","0","10","3"
"2024-10-15","2024-10-15 10:00:00 AM","M101","S","402660","32","11","7","3"
"2024-10-15","2024-10-15 07:00:00 PM","S53","E","200660","32","8","10","2"
"2024-10-15","2024-10-15 04:00:00 PM","B46","N","308066","32","3","1","2"
"2024-10-15","2024-10-15 07:00:00 PM","S53","W","203043","32","6","17","4"
"2024-10-15","2024-10-15 09:00:00 AM","Q58","W","503531","32","4","5","5"
"2024-10-15","2024-10-15 12:00:00 PM","S53","W","203043","32","0","7","2"
"2024-10-15","2024-10-15 08:00:00 PM","B35","E","901518","32","2","11","5"
"2024-10-15","2024-10-15 01:00:00 PM","M15","N","401701","32","3","3","1"
"2024-10-15","2024-10-15 09:00:00 AM","Q58","E","502992","32","11","44","6"
"2024-10-15","2024-10-15 08:00:00 PM","B46","N","308066","32","1","9","2"
"2024-10-15","2024-10-15 01:00:00 PM","M15","S","401771","32","13","9","3"
"2024-10-15","2024-10-15 09:00:00 AM","BX19","S","403689","32","15","22","5"
"2024-10-15","2024-10-15 03:00:00 PM","B35","W","302768","32","0","3","1"
"2024-10-15","2024-10-15 08:00:00 PM","B46","S","303686","32","1","12","4"
"2024-10-15","2024-10-15 08:00:00 PM","M101","N","402519","32","0","2","1"
"2024-10-15","2024-10-15 03:00:00 PM","Q58","W","503531","32","12","41","7"
"2024-10-15","2024-10-15 08:00:00 PM","M101","S","402660","32","4","1","2"
"2024-10-15","2024-10-15 09:00:00 AM","BX19","N","103611","32","3","13","4"
"2024-10-15","2024-10-15 09:00:00 PM","BX19","N","103611","32","0","4","3"
"2024-10-15","2024-10-15 09:00:00 AM","B35","W","307177","32","0","6","2"
"2024-10-15","2024-10-15 09:00:00 AM","B35","W","302768","32","0","3","2"
"2024-10-15","2024-10-15 09:00:00 AM","B35","E","901518","32","0","2","2"
"2024-10-15","2024-10-15 03:00:00 PM","Q58","E","804059","32","1","33","4"
"2024-10-15","2024-10-15 03:00:00 PM","Q58","E","502992","32","39","95","8"
"2024-10-15","2024-10-15 10:00:00 PM","B35","E","901518","32","1","2","1"
"2024-10-15","2024-10-15 10:00:00 PM","B35","E","302710","32","1","1","1"
"2024-10-15","2024-10-15 03:00:00 PM","BX19","S","403689","32","19","31","3"
"2024-10-15","2024-10-15 08:00:00 AM","M15","S","401771","32","14","15","1"
"2024-10-15","2024-10-15 02:00:00 PM","M15","N","401701","32","6","0","1"
"2024-10-15","2024-10-15 10:00:00 PM","M101","N","402519","32","0","1","1"
"2024-10-15","2024-10-15 10:00:00 PM","M101","S","402660","32","2","1","1"
"2024-10-15","2024-10-15 03:00:00 PM","BX19","N","103611","32","20","38","4"
"2024-10-15","2024-10-15 10:00:00 PM","S53","E","200660","32","8","4","2"
"2024-10-15","2024-10-15 10:00:00 PM","S53","W","203043","32","0","3","1"
"2024-10-15","2024-10-15 08:00:00 AM","M101","N","402519","32","0","2","2"
"2024-10-15","2024-10-15 07:00:00 AM","BX19","S","403689","32","25","42","4"
"2024-10-15","2024-10-15 11:00:00 PM","M101","S","402660","32","5","3","1"
"2024-10-15","2024-10-15 03:00:00 PM","B46","S","303686","32","4","20","4"
"2024-10-15","2024-10-15 11:00:00 PM","M15","S","401771","32","6","1","2"
"2024-10-15","2024-10-15 03:00:00 PM","B46","N","308066","32","9","7","2"
"2024-10-15","2024-10-15 07:00:00 AM","BX19","N","103611","32","3","3","1"
"2024-10-15","2024-10-15 07:00:00 AM","BX19","N","101337","32","3","23","2"
"2024-10-15","2024-10-15 02:00:00 PM","S53","W","203043","32","16","13","3"
"2024-10-15","2024-10-15 11:00:00 PM","S53","W","203043","32","1","4","2"
"2024-10-15","2024-10-15 04:00:00 PM","Q58","W","503531","32","26","55","10"
"2024-10-15","2024-10-15 12:00:00 PM","B46","N","308066","32","0","2","2"
"2024-10-15","2024-10-15 09:00:00 AM","M15","N","401708","32","2","4","1"
"2024-10-15","2024-10-15 09:00:00 AM","M15","S","401771","32","8","21","4"
"2024-10-15","2024-10-15 03:00:00 AM","S53","E","200660","32","1","1","1"
"2024-10-15","2024-10-15 09:00:00 AM","S53","E","200660","32","16","23","5"
"2024-10-15","2024-10-15 08:00:00 AM","Q58","E","502992","32","9","95","7"
"2024-10-15","2024-10-15 09:00:00 AM","S53","W","203043","32","4","10","2"
"2024-10-15","2024-10-15 03:00:00 AM","Q58","W","503531","32","1","0","1"
"2024-10-15","2024-10-15 11:00:00 PM","BX19","S","403689","32","6","1","2"
"2024-10-15","2024-10-15 08:00:00 AM","B46","S","303686","32","0","2","1"
"2024-10-15","2024-10-15 10:00:00 AM","BX19","N","103611","32","2","2","3"
"2024-10-15","2024-10-15 03:00:00 AM","Q58","E","502992","32","0","1","1"
"2024-10-15","2024-10-15 10:00:00 AM","BX19","S","403689","32","19","30","4"
"2024-10-15","2024-10-15 04:00:00 AM","B35","W","302768","32","0","1","1"
"2024-10-15","2024-10-15 10:00:00 AM","Q58","E","502992","32","2","34","4"
"2024-10-15","2024-10-15 08:00:00 AM","B46","N","308066","32","2","11","4"
"2024-10-15","2024-10-15 10:00:00 AM","Q58","W","503531","32","0","10","5"
"2024-10-15","2024-10-15 04:00:00 AM","B46","N","308066","32","0","2","1"
"2024-10-15","2024-10-15 11:00:00 AM","B35","E","901518","32","0","8","1"
"2024-10-15","2024-10-15 03:00:00 AM","B46","N","308066","32","0","1","1"
"2024-10-15","2024-10-15 07:00:00 AM","Q58","W","503531","32","19","16","7"
"2024-10-15","2024-10-15 11:00:00 AM","B35","W","307177","32","5","17","2"
"2024-10-15","2024-10-15 10:00:00 PM","Q58","E","502992","32","15","10","4"
"2024-10-15","2024-10-15 05:00:00 AM","BX19","N","101337","32","0","2","1"
"2024-10-15","2024-10-15 11:00:00 AM","B46","S","303686","32","1","10","3"
"2024-10-15","2024-10-15 11:00:00 AM","S53","E","200660","32","4","15","3"
"2024-10-15","2024-10-15 11:00:00 AM","S53","W","203043","32","5","1","1"
"2024-10-15","2024-10-15 07:00:00 AM","Q58","E","502992","32","31","117","5"
"2024-10-15","2024-10-15 07:00:00 AM","Q58","E","503485","32","2","1","1"
"2024-10-15","2024-10-15 12:00:00 PM","M15","S","401771","32","7","10","1"
"2024-10-15","2024-10-15 04:00:00 AM","M101","N","402697","32","0","1","1"
"2024-10-15","2024-10-15 12:00:00 PM","Q58","E","502992","32","14","79","7"
"2024-10-15","2024-10-15 02:00:00 AM","Q58","E","502992","32","0","2","1"
"2024-10-15","2024-10-15 05:00:00 AM","BX19","S","403689","32","0","1","1"
"2024-10-15","2024-10-15 07:00:00 AM","B46","S","303686","32","4","5","3"
"2024-10-15","2024-10-15 12:00:00 PM","Q58","W","503531","32","2","8","4"
"2024-10-15","2024-10-15 01:00:00 PM","B35","E","901518","32","0","2","2"
"2024-10-15","2024-10-15 02:00:00 AM","B46","S","303686","32","0","1","1"
"2024-10-15","2024-10-15 11:00:00 PM","Q58","E","502992","32","4","4","3"
"2024-10-15","2024-10-15 07:00:00 AM","B46","N","308066","32","4","0","1"
"2024-10-15","2024-10-15 09:00:00 PM","B35","E","901518","32","0","10","3"
"2024-10-15","2024-10-15 12:00:00 AM","B35","E","302710","32","1","1","2"
"2024-10-15","2024-10-15 01:00:00 PM","BX19","N","103611","32","10","7","4"
"2024-10-15","2024-10-15 04:00:00 AM","M15","S","401771","32","0","1","1"
"2024-10-15","2024-10-15 01:00:00 PM","BX19","S","403689","32","17","42","5"
"2024-10-15","2024-10-15 07:00:00 AM","B35","W","302768","32","0","1","1"
"2024-10-15","2024-10-15 07:00:00 AM","B35","W","307177","32","0","11","2"
"2024-10-15","2024-10-15 01:00:00 PM","Q58","E","502992","32","16","84","7"
"2024-10-15","2024-10-15 12:00:00 AM","B46","S","303686","32","0","4","1"
"2024-10-15","2024-10-15 01:00:00 PM","Q58","W","503531","32","7","14","6"
"2024-10-15","2024-10-15 07:00:00 AM","B35","E","901518","32","1","14","4"
"2024-10-15","2024-10-15 02:00:00 PM","B46","N","308066","32","1","6","1"
"2024-10-15","2024-10-15 01:00:00 AM","S53","W","203043","32","1","1","2"
"2024-10-15","2024-10-15 02:00:00 PM","B46","S","303686","32","1","7","4"
"2024-10-15","2024-10-15 02:00:00 PM","M101","N","402519","32","1","3","1"
"2024-10-15","2024-10-15 04:00:00 AM","Q58","E","502992","32","1","9","2"
"2024-10-15","2024-10-15 02:00:00 PM","M101","S","402660","32","9","7","1"
"2024-10-15","2024-10-15 02:00:00 PM","Q58","W","503531","32","22","39","6"
"2024-10-15","2024-10-15 01:00:00 AM","S53","E","200660","32","3","0","1"
"2024-10-15","2024-10-15 06:00:00 AM","S53","E","200660","32","20","26","6"
"2024-10-15","2024-10-15 04:00:00 AM","Q58","W","503531","32","0","2","1"
"2024-10-15","2024-10-15 03:00:00 PM","B35","E","901518","32","0","20","3"
"2024-10-15","2024-10-15 03:00:00 PM","M15","N","401708","32","5","4","1"
"2024-10-15","2024-10-15 03:00:00 PM","M15","N","401701","32","7","12","2"
"2024-10-15","2024-10-15 05:00:00 AM","Q58","E","502992","32","2","36","8"
"2024-10-15","2024-10-15 06:00:00 AM","Q58","W","503531","32","5","9","4"
"2024-10-15","2024-10-15 03:00:00 PM","M15","S","401771","32","11","1","1"
"2024-10-15","2024-10-15 03:00:00 PM","S53","E","200660","32","6","9","2"
"2024-10-15","2024-10-15 01:00:00 AM","Q58","E","502992","32","0","1","1"
"2024-10-15","2024-10-15 03:00:00 PM","S53","W","203043","32","19","25","3"
"2024-10-15","2024-10-15 06:00:00 AM","Q58","E","502992","32","5","63","6"
"2024-10-15","2024-10-15 06:00:00 AM","Q58","E","503485","32","2","2","2"
"2024-10-15","2024-10-15 04:00:00 PM","B35","E","901518","32","0","10","3"
"2024-10-15","2024-10-15 04:00:00 AM","S53","E","200660","32","1","5","2"
"2024-10-15","2024-10-15 04:00:00 PM","B35","W","307177","32","1","11","3"
"2024-10-15","2024-10-15 04:00:00 PM","B35","W","302768","32","0","3","1"
"2024-10-15","2024-10-15 04:00:00 PM","BX19","N","103611","32","15","17","4"
"2024-10-15","2024-10-15 06:00:00 AM","M15","S","401771","32","2","2","1"
"2024-10-15","2024-10-15 04:00:00 PM","BX19","S","403689","32","30","47","3"
"2024-10-15","2024-10-15 01:00:00 AM","B46","S","303686","32","0","2","2"
"2024-10-15","2024-10-15 06:00:00 AM","M101","S","402660","32","2","5","2"
"2024-10-15","2024-10-15 04:00:00 AM","S53","W","203043","32","0","1","1"
"2024-10-15","2024-10-15 05:00:00 PM","B46","N","308066","32","4","5","3"
"2024-10-15","2024-10-15 09:00:00 PM","S53","W","203043","32","6","11","4"
"2024-10-15","2024-10-15 06:00:00 AM","BX19","S","403689","32","6","7","1"
"2024-10-15","2024-10-15 05:00:00 PM","B46","S","303686","32","4","27","6"
"2024-10-15","2024-10-15 05:00:00 PM","S53","W","203043","32","14","34","4"
"2024-10-15","2024-10-15 01:00:00 AM","B35","W","302768","32","1","0","1"
"2024-10-15","2024-10-15 06:00:00 AM","B46","S","303686","32","1","0","1"
"2024-10-15","2024-10-15 06:00:00 PM","B35","E","901518","32","0","9","5"
"2024-10-15","2024-10-15 06:00:00 PM","B35","W","307177","32","1","12","4"
"2024-10-15","2024-10-15 06:00:00 PM","B35","W","302768","32","0","4","3"
"2024-10-15","2024-10-15 06:00:00 AM","B46","N","308066","32","0","4","2"
"2024-10-15","2024-10-15 06:00:00 PM","BX19","N","103611","32","2","11","3"
"2024-10-15","2024-10-15 06:00:00 PM","BX19","S","403689","32","24","29","3"
"2024-10-15","2024-10-15 12:00:00 AM","B46","N","308066","32","0","1","1"
"2024-10-15","2024-10-15 06:00:00 PM","Q58","E","502992","32","17","12","5"
"2024-10-15","2024-10-15 12:00:00 AM","Q58","W","503531","32","0","3","1"
"2024-10-15","2024-10-15 10:00:00 PM","Q58","W","503531","32","1","18","7"
"2024-10-15","2024-10-15 06:00:00 PM","Q58","W","503531","32","9","27","6"
"2024-10-15","2024-10-15 09:00:00 PM","S53","E","200660","32","3","4","1"
"2024-10-15","2024-10-15 07:00:00 PM","M101","N","402519","32","2","8","1"
"2024-10-15","2024-10-15 06:00:00 AM","B35","E","302710","32","1","2","1"
"2024-10-15","2024-10-15 07:00:00 PM","M101","S","402660","32","3","6","2"
"2024-10-15","2024-10-15 09:00:00 PM","B35","W","302768","32","0","1","1"
"2024-10-15","2024-10-15 07:00:00 PM","M15","S","401771","32","10","5","1"
"2024-10-15","2024-10-15 05:00:00 AM","S53","W","203043","32","0","2","2"
"2024-10-15","2024-10-15 05:00:00 AM","S53","E","200660","32","2","5","1"
"2024-10-15","2024-10-15 08:00:00 PM","M15","S","401771","32","13","13","2"
"2024-10-15","2024-10-15 11:00:00 PM","Q58","W","503531","32","7","23","4"
"2024-10-15","2024-10-15 08:00:00 PM","Q58","E","502992","32","13","19","6"
"2024-10-15","2024-10-15 09:00:00 PM","B46","S","303686","32","1","9","3"
"2024-10-15","2024-10-15 05:00:00 AM","Q58","W","503531","32","2","1","1"
"2024-10-15","2024-10-15 05:00:00 AM","B46","N","308066","32","0","2","1"
"2024-10-15","2024-10-15 08:00:00 PM","Q58","W","503531","32","5","17","5"
"2024-10-15","2024-10-15 05:00:00 AM","B46","S","303686","32","1","0","1"
"2024-10-15","2024-10-15 09:00:00 AM","M101","N","402519","32","0","6","3"
"2024-10-15","2024-10-15 08:00:00 AM","Q58","W","503531","32","2","10","7"
"2024-10-15","2024-10-15 04:00:00 PM","S53","W","203043","32","3","10","1"
"2024-10-15","2024-10-15 05:00:00 PM","BX19","S","403689","32","45","41","4"
"2024-10-15","2024-10-15 09:00:00 PM","M15","N","401701","32","3","3","2"
"2024-10-15","2024-10-15 08:00:00 PM","S53","E","200660","32","4","10","1"
"2024-10-15","2024-10-15 06:00:00 PM","B46","S","303686","32","6","19","4"
"2024-10-15","2024-10-15 08:00:00 AM","S53","E","200660","32","2","7","1"
"2024-10-15","2024-10-15 03:00:00 PM","M101","S","402660","32","6","3","1"
"2024-10-15","2024-10-15 11:00:00 PM","B46","S","303686","32","1","19","4"
"2024-10-15","2024-10-15 09:00:00 AM","B46","S","303686","32","0","2","2"
"2024-10-15","2024-10-15 05:00:00 PM","BX19","N","103611","32","3","13","2"
"2024-10-15","2024-10-15 02:00:00 PM","Q58","E","502992","32","18","75","6"
"2024-10-15","2024-10-15 07:00:00 AM","S53","E","200660","32","13","21","2"
"2024-10-15","2024-10-15 08:00:00 AM","BX19","N","103611","32","4","13","2"
"2024-10-15","2024-10-15 12:00:00 PM","BX19","S","403689","32","31","25","2"
"2024-10-15","2024-10-15 06:00:00 PM","B46","N","308066","32","0","1","1"
"2024-10-15","2024-10-15 07:00:00 PM","Q58","W","503531","32","8","20","5"
"2024-10-15","2024-10-15 11:00:00 PM","B35","E","302710","32","0","1","0"
"2024-10-15","2024-10-15 05:00:00 PM","B35","E","901518","32","2","27","8"
"2024-10-15","2024-10-15 07:00:00 PM","B35","E","901518","32","2","9","5"
"2024-10-15","2024-10-15 07:00:00 PM","BX19","N","103611","32","0","1","1"
"2024-10-15","2024-10-15 08:00:00 AM","S53","W","203043","32","1","14","3"
"2024-10-15","2024-10-15 09:00:00 AM","B46","N","308066","32","0","1","1"
"2024-10-15","2024-10-15 01:00:00 PM","B46","S","303686","32","3","8","5"
"2024-10-15","2024-10-15 07:00:00 PM","B35","W","302768","32","0","7","3"
"2024-10-15","2024-10-15 02:00:00 PM","B35","W","307177","32","0","4","1"
"2024-10-15","2024-10-15 10:00:00 AM","B46","S","303686","32","3","9","7"
"2024-10-15","2024-10-15 07:00:00 AM","M15","N","401701","32","2","1","1"
"2024-10-15","2024-10-15 07:00:00 AM","M15","N","401708","32","5","3","1"
"2024-10-15","2024-10-15 10:00:00 AM","B35","W","307177","32","3","15","3"
"2024-10-15","2024-10-15 10:00:00 AM","B35","W","302768","32","1","7","1"
"2024-10-15","2024-10-15 07:00:00 PM","B35","W","307177","32","1","7","2"
"2024-10-15","2024-10-15 10:00:00 AM","S53","W","203043","32","3","17","4"
"2024-10-15","2024-10-15 02:00:00 PM","BX19","S","403689","32","21","56","4"
"2024-10-15","2024-10-15 01:00:00 PM","M101","N","402519","32","4","12","2"
"2024-10-15","2024-10-15 08:00:00 PM","S53","W","203043","32","3","8","2"
"2024-10-15","2024-10-15 07:00:00 PM","BX19","S","403689","32","23","34","2"
"2024-10-15","2024-10-15 10:00:00 AM","S53","E","200660","32","1","3","1"
"2024-10-15","2024-10-15 10:00:00 PM","B46","S","303686","32","0","4","3"
"2024-10-15","2024-10-15 01:00:00 PM","B46","N","308066","32","1","4","2"
"2024-10-15","2024-10-15 08:00:00 AM","B35","E","901518","32","1","22","4"
"2024-10-15","2024-10-15 02:00:00 PM","B35","W","302768","32","0","2","1"
"2024-10-15","2024-10-15 04:00:00 PM","S53","E","200660","32","5","12","2"
"2024-10-15","2024-10-15 01:00:00 PM","S53","E","200660","32","4","12","2"
"2024-10-15","2024-10-15 10:00:00 AM","B35","E","901518","32","1","5","4"
"2024-10-15","2024-10-15 08:00:00 AM","BX19","S","403689","32","15","47","4"
"2024-10-15","2024-10-15 06:00:00 PM","M101","N","402519","32","0","2","1"
"2024-10-15","2024-10-15 05:00:00 PM","B35","W","302768","32","0","2","2"
"2024-10-15","2024-10-15 05:00:00 PM","B35","W","307177","32","0","6","1"
"2024-10-15","2024-10-15 11:00:00 AM","M101","S","402660","32","1","6","2"
"2024-10-15","2024-10-15 11:00:00 PM","B46","N","308066","32","1","6","1"
"2024-10-15","2024-10-15 08:00:00 PM","BX19","N","103611","32","2","11","2"
"2024-10-15","2024-10-15 11:00:00 AM","M15","S","401771","32","2","4","1"
"2024-10-15","2024-10-15 12:00:00 PM","B35","E","901518","32","0","8","4"
"2024-10-15","2024-10-15 07:00:00 PM","Q58","E","502992","32","13","23","5"
"2024-10-15","2024-10-15 02:00:00 PM","B35","E","901518","32","3","26","6"
"2024-10-15","2024-10-15 02:00:00 PM","BX19","N","103611","32","1","5","1"
"2024-10-15","2024-10-15 09:00:00 PM","Q58","W","503531","32","3","23","5"
"2024-10-15","2024-10-15 12:00:00 PM","BX19","N","103611","32","13","18","3"
"2024-10-15","2024-10-15 08:00:00 AM","B35","W","307177","32","0","14","4"
"2024-10-15","2024-10-15 08:00:00 AM","B35","W","302768","32","0","1","1"
"2024-10-15","2024-10-15 04:00:00 PM","M15","S","401771","32","13","4","2"
"2024-10-15","2024-10-15 01:00:00 PM","B35","W","302768","32","0","4","2"
"2024-10-15","2024-10-15 01:00:00 PM","B35","W","307177","32","0","1","1"
"2024-10-15","2024-10-15 08:00:00 PM","BX19","S","403689","32","16","19","3"
"2024-10-15","2024-10-15 07:00:00 AM","S53","W","203043","32","4","6","1"
"2024-10-15","2024-10-15 09:00:00 PM","M101","S","402660","32","0","2","0"
"2024-10-15","2024-10-15 09:00:00 PM","Q58","E","502992","32","15","10","5"
"2024-10-15","2024-10-15 09:00:00 PM","M101","N","402519","32","0","3","1"
"2024-10-15","2024-10-15 11:00:00 AM","M15","N","401708","32","4","5","2"
"2024-10-15","2024-10-15 11:00:00 AM","M15","N","401701","32","1","0","1"
"2024-10-15","2024-10-15 10:00:00 AM","B46","S","308800","33","28","46","9"
"2024-10-15","2024-10-15 12:00:00 PM","BX19","N","101335","33","18","45","5"
"2024-10-15","2024-10-15 07:00:00 PM","Q58","E","503478","33","51","21","6"
"2024-10-15","2024-10-15 01:00:00 PM","B46","S","308800","33","43","53","6"
"2024-10-15","2024-10-15 07:00:00 PM","BX19","S","403690","33","9","19","2"
"2024-10-15","2024-10-15 02:00:00 PM","BX19","N","101335","33","2","22","1"
"2024-10-15","2024-10-15 01:00:00 PM","B46","N","307092","33","32","28","5"
"2024-10-15","2024-10-15 11:00:00 AM","M15","N","401709","33","9","7","2"
"2024-10-15","2024-10-15 10:00:00 PM","B46","S","308800","33","10","23","5"
"2024-10-15","2024-10-15 01:00:00 PM","B35","W","307947","33","4","55","5"
"2024-10-15","2024-10-15 09:00:00 AM","B46","N","307092","33","12","43","6"
"2024-10-15","2024-10-15 04:00:00 PM","S53","W","203044","33","2","0","1"
"2024-10-15","2024-10-15 06:00:00 PM","B46","N","307092","33","14","25","3"
"2024-10-15","2024-10-15 01:00:00 PM","S53","E","200661","33","1","1","1"
"2024-10-15","2024-10-15 06:00:00 PM","B46","S","308800","33","22","42","6"
"2024-10-15","2024-10-15 02:00:00 PM","BX19","S","403690","33","52","45","4"
"2024-10-15","2024-10-15 11:00:00 PM","B35","E","302711","33","1","4","0"
"2024-10-15","2024-10-15 08:00:00 AM","BX19","S","403690","33","15","30","3"
"2024-10-15","2024-10-15 09:00:00 PM","Q58","E","503478","33","32","14","4"
"2024-10-15","2024-10-15 09:00:00 AM","B46","S","308800","33","11","24","4"
"2024-10-15","2024-10-15 08:00:00 AM","B35","W","307947","33","0","30","2"
"2024-10-15","2024-10-15 08:00:00 PM","BX19","S","403690","33","10","20","3"
"2024-10-15","2024-10-15 05:00:00 PM","BX19","N","101335","33","12","46","2"
"2024-10-15","2024-10-15 07:00:00 AM","S53","E","200661","33","1","0","1"
"2024-10-15","2024-10-15 03:00:00 PM","M101","S","402661","33","3","15","2"
"2024-10-15","2024-10-15 10:00:00 AM","S53","W","203044","33","0","1","1"
"2024-10-15","2024-10-15 08:00:00 AM","BX19","N","101335","33","11","23","3"
"2024-10-15","2024-10-15 02:00:00 PM","Q58","E","503478","33","41","44","6"
"2024-10-15","2024-10-15 02:00:00 PM","B35","W","307947","33","1","19","1"
"2024-10-15","2024-10-15 05:00:00 PM","B35","W","307947","33","2","80","4"
"2024-10-15","2024-10-15 08:00:00 AM","S53","W","203044","33","0","2","1"
"2024-10-15","2024-10-15 12:00:00 PM","BX19","S","403690","33","13","24","2"
"2024-10-15","2024-10-15 07:00:00 PM","Q58","W","503532","33","0","2","2"
"2024-10-15","2024-10-15 11:00:00 PM","B35","W","307947","33","2","8","2"
"2024-10-15","2024-10-15 08:00:00 PM","S53","W","203044","33","0","3","1"
"2024-10-15","2024-10-15 11:00:00 PM","B46","S","308800","33","13","36","5"
"2024-10-15","2024-10-15 05:00:00 PM","BX19","S","403690","33","13","41","5"
"2024-10-15","2024-10-15 11:00:00 PM","B46","N","307092","33","6","21","3"
"2024-10-15","2024-10-15 07:00:00 PM","BX19","N","101335","33","12","37","5"
"2024-10-15","2024-10-15 08:00:00 PM","BX19","N","101335","33","1","14","2"
"2024-10-15","2024-10-15 11:00:00 AM","M15","S","401772","33","3","0","1"
"2024-10-15","2024-10-15 10:00:00 AM","B46","N","307092","33","6","23","3"
"2024-10-15","2024-10-15 09:00:00 PM","Q58","W","503532","33","0","1","1"
"2024-10-15","2024-10-15 09:00:00 PM","M15","N","401709","33","4","4","1"
"2024-10-15","2024-10-15 09:00:00 PM","M15","N","401702","33","3","5","2"
"2024-10-15","2024-10-15 07:00:00 AM","M15","N","401702","33","2","3","1"
"2024-10-15","2024-10-15 07:00:00 AM","M15","N","401709","33","3","2","1"
"2024-10-15","2024-10-15 04:00:00 PM","M15","S","401772","33","3","5","2"
"2024-10-15","2024-10-15 11:00:00 AM","M101","S","402661","33","2","8","2"
"2024-10-15","2024-10-15 07:00:00 PM","B35","W","307947","33","2","20","4"
"2024-10-15","2024-10-15 01:00:00 PM","M101","N","402520","33","3","6","2"
"2024-10-15","2024-10-15 10:00:00 PM","S53","E","200661","33","1","0","1"
"2024-10-15","2024-10-15 06:00:00 PM","S53","W","203044","33","1","5","1"
"2024-10-15","2024-10-15 08:00:00 AM","M101","N","402520","33","0","1","1"
"2024-10-15","2024-10-15 07:00:00 PM","S53","W","203044","33","0","3","2"
"2024-10-15","2024-10-15 05:00:00 PM","M101","N","402520","33","2","4","1"
"2024-10-15","2024-10-15 04:00:00 PM","B46","N","307092","33","24","29","4"
"2024-10-15","2024-10-15 07:00:00 AM","BX19","S","403690","33","18","50","4"
"2024-10-15","2024-10-15 02:00:00 PM","M15","N","401702","33","7","1","1"
"2024-10-15","2024-10-15 05:00:00 PM","M15","S","401772","33","1","1","1"
"2024-10-15","2024-10-15 08:00:00 AM","M15","S","401772","33","9","3","1"
"2024-10-15","2024-10-15 12:00:00 PM","B35","W","307947","33","5","21","3"
"2024-10-15","2024-10-15 03:00:00 PM","BX19","N","101335","33","16","49","4"
"2024-10-15","2024-10-15 07:00:00 PM","B46","N","307092","33","6","24","5"
"2024-10-15","2024-10-15 10:00:00 PM","B46","N","307092","33","1","18","2"
"2024-10-15","2024-10-15 04:00:00 PM","B46","S","308800","33","37","64","5"
"2024-10-15","2024-10-15 11:00:00 PM","M101","N","403765","33","0","2","1"
"2024-10-15","2024-10-15 10:00:00 PM","B35","W","307947","33","3","11","2"
"2024-10-15","2024-10-15 11:00:00 PM","M101","S","402661","33","1","3","2"
"2024-10-15","2024-10-15 03:00:00 PM","BX19","S","403690","33","7","25","3"
"2024-10-15","2024-10-15 11:00:00 AM","BX19","N","101335","33","6","13","1"
"2024-10-15","2024-10-15 05:00:00 PM","Q58","E","503478","33","48","32","5"
"2024-10-15","2024-10-15 03:00:00 PM","Q58","E","503478","33","84","45","7"
"2024-10-15","2024-10-15 03:00:00 PM","B46","S","308800","33","51","41","4"
"2024-10-15","2024-10-15 04:00:00 PM","Q58","E","503478","33","85","38","6"
"2024-10-15","2024-10-15 03:00:00 PM","B46","N","307092","33","26","60","5"
"2024-10-15","2024-10-15 11:00:00 PM","M15","S","401772","33","1","0","1"
"2024-10-15","2024-10-15 09:00:00 AM","B35","W","307947","33","1","61","6"
"2024-10-15","2024-10-15 09:00:00 PM","BX19","N","101335","33","2","11","3"
"2024-10-15","2024-10-15 11:00:00 AM","Q58","W","503532","33","1","0","1"
"2024-10-15","2024-10-15 12:00:00 PM","B46","S","308800","33","24","32","3"
"2024-10-15","2024-10-15 05:00:00 PM","Q58","W","503532","33","1","0","1"
"2024-10-15","2024-10-15 09:00:00 AM","BX19","N","101335","33","13","26","4"
"2024-10-15","2024-10-15 08:00:00 PM","M101","S","402661","33","1","7","1"
"2024-10-15","2024-10-15 03:00:00 PM","Q58","W","503532","33","6","2","4"
"2024-10-15","2024-10-15 08:00:00 PM","M101","N","402520","33","0","4","1"
"2024-10-15","2024-10-15 04:00:00 PM","M101","S","402661","33","2","3","1"
"2024-10-15","2024-10-15 06:00:00 PM","S53","E","200661","33","1","1","2"
"2024-10-15","2024-10-15 07:00:00 PM","B46","S","308800","33","7","28","4"
"2024-10-15","2024-10-15 08:00:00 PM","B46","S","308800","33","10","31","5"
"2024-10-15","2024-10-15 03:00:00 PM","B35","W","307947","33","1","25","4"
"2024-10-15","2024-10-15 09:00:00 AM","BX19","S","403690","33","18","41","6"
"2024-10-15","2024-10-15 01:00:00 PM","M15","S","401772","33","25","5","3"
"2024-10-15","2024-10-15 07:00:00 AM","BX19","N","100561","33","2","15","2"
"2024-10-15","2024-10-15 08:00:00 PM","B46","N","307092","33","27","51","6"
"2024-10-15","2024-10-15 04:00:00 PM","Q58","W","503532","33","0","8","4"
"2024-10-15","2024-10-15 05:00:00 PM","M101","N","403765","33","0","5","0"
"2024-10-15","2024-10-15 02:00:00 PM","S53","W","203044","33","0","2","1"
"2024-10-15","2024-10-15 10:00:00 AM","M101","S","402661","33","5","14","3"
"2024-10-15","2024-10-15 09:00:00 AM","Q58","E","503478","33","19","27","5"
"2024-10-15","2024-10-15 01:00:00 PM","M15","N","401702","33","1","1","1"
"2024-10-15","2024-10-15 07:00:00 PM","S53","E","200661","33","1","0","1"
"2024-10-15","2024-10-15 11:00:00 AM","BX19","S","403690","33","10","30","4"
"2024-10-15","2024-10-15 06:00:00 PM","M15","N","401709","33","16","11","3"
"2024-10-15","2024-10-15 12:00:00 PM","S53","W","203044","33","1","1","1"
"2024-10-15","2024-10-15 11:00:00 AM","Q58","E","503478","33","19","32","4"
"2024-10-15","2024-10-15 09:00:00 AM","Q58","W","503532","33","2","3","3"
"2024-10-15","2024-10-15 12:00:00 PM","B46","N","307092","33","17","54","5"
"2024-10-15","2024-10-15 07:00:00 AM","Q58","E","503486","33","6","3","1"
"2024-10-15","2024-10-15 04:00:00 PM","BX19","N","101335","33","17","69","4"
"2024-10-15","2024-10-15 08:00:00 AM","Q58","W","503532","33","2","4","2"
"2024-10-15","2024-10-15 06:00:00 PM","BX19","S","403690","33","2","25","2"
"2024-10-15","2024-10-15 11:00:00 AM","S53","E","200661","33","1","0","1"
"2024-10-15","2024-10-15 09:00:00 AM","M15","S","401772","33","16","9","3"
"2024-10-15","2024-10-15 07:00:00 PM","M101","S","402661","33","0","6","2"
"2024-10-15","2024-10-15 01:00:00 AM","B35","E","302711","33","0","1","1"
"2024-10-15","2024-10-15 06:00:00 PM","Q58","E","503478","33","45","13","4"
"2024-10-15","2024-10-15 11:00:00 AM","B46","N","307092","33","8","24","4"
"2024-10-15","2024-10-15 07:00:00 AM","Q58","W","503532","33","8","2","3"
"2024-10-15","2024-10-15 11:00:00 AM","B35","W","307947","33","1","25","4"
"2024-10-15","2024-10-15 06:00:00 PM","BX19","N","101335","33","11","74","5"
"2024-10-15","2024-10-15 01:00:00 AM","Q58","E","503478","33","5","1","1"
"2024-10-15","2024-10-15 08:00:00 PM","Q58","E","503478","33","69","31","6"
"2024-10-15","2024-10-15 07:00:00 AM","Q58","E","503478","33","26","41","5"
"2024-10-15","2024-10-15 06:00:00 AM","B46","N","307092","33","16","41","5"
"2024-10-15","2024-10-15 05:00:00 AM","B35","W","307947","33","0","4","1"
"2024-10-15","2024-10-15 06:00:00 PM","B35","W","307947","33","1","24","4"
"2024-10-15","2024-10-15 10:00:00 AM","Q58","W","503532","33","3","1","3"
"2024-10-15","2024-10-15 06:00:00 AM","S53","E","200661","33","3","1","3"
"2024-10-15","2024-10-15 06:00:00 AM","Q58","W","503532","33","3","6","3"
"2024-10-15","2024-10-15 11:00:00 AM","B46","S","308800","33","25","26","3"
"2024-10-15","2024-10-15 03:00:00 PM","S53","W","203044","33","2","1","1"
"2024-10-15","2024-10-15 09:00:00 PM","B35","W","307947","33","2","6","2"
"2024-10-15","2024-10-15 08:00:00 AM","B46","N","307092","33","23","47","6"
"2024-10-15","2024-10-15 12:00:00 PM","M15","S","401772","33","4","3","1"
"2024-10-15","2024-10-15 09:00:00 PM","B46","N","307092","33","6","16","5"
"2024-10-15","2024-10-15 05:00:00 AM","B35","E","302711","33","0","1","1"
"2024-10-15","2024-10-15 12:00:00 PM","Q58","E","503478","33","60","49","7"
"2024-10-15","2024-10-15 05:00:00 AM","S53","W","203044","33","2","0","1"
"2024-10-15","2024-10-15 02:00:00 AM","Q58","E","503478","33","0","4","1"
"2024-10-15","2024-10-15 01:00:00 AM","M101","S","402661","33","0","5","2"
"2024-10-15","2024-10-15 10:00:00 AM","Q58","E","503486","33","0","4","0"
"2024-10-15","2024-10-15 06:00:00 AM","B46","S","308800","33","9","13","3"
"2024-10-15","2024-10-15 04:00:00 AM","Q58","W","503532","33","2","0","1"
"2024-10-15","2024-10-15 09:00:00 AM","M101","N","402520","33","2","7","3"
"2024-10-15","2024-10-15 09:00:00 AM","S53","E","200661","33","4","0","1"
"2024-10-15","2024-10-15 10:00:00 AM","Q58","E","503478","33","12","30","4"
"2024-10-15","2024-10-15 01:00:00 AM","B35","W","307947","33","1","1","1"
"2024-10-15","2024-10-15 03:00:00 PM","S53","E","200661","33","1","1","2"
"2024-10-15","2024-10-15 05:00:00 PM","S53","W","203044","33","0","5","3"
"2024-10-15","2024-10-15 06:00:00 AM","Q58","E","503486","33","2","0","1"
"2024-10-15","2024-10-15 06:00:00 AM","Q58","E","503478","33","6","24","5"
"2024-10-15","2024-10-15 09:00:00 PM","S53","E","200661","33","1","0","1"
"2024-10-15","2024-10-15 07:00:00 AM","B46","S","308800","33","34","25","6"
"2024-10-15","2024-10-15 12:00:00 PM","Q58","W","503532","33","3","2","2"
"2024-10-15","2024-10-15 03:00:00 PM","M15","S","401772","33","6","4","1"
"2024-10-15","2024-10-15 04:00:00 AM","B35","W","307947","33","3","15","2"
"2024-10-15","2024-10-15 05:00:00 AM","M15","N","401702","33","0","2","1"
"2024-10-15","2024-10-15 08:00:00 PM","M15","S","401772","33","2","7","3"
"2024-10-15","2024-10-15 06:00:00 AM","B35","W","307947","33","9","38","2"
"2024-10-15","2024-10-15 02:00:00 PM","Q58","W","503532","33","5","9","2"
"2024-10-15","2024-10-15 05:00:00 AM","BX19","S","403690","33","5","3","1"
"2024-10-15","2024-10-15 01:00:00 AM","B46","N","307092","33","1","10","3"
"2024-10-15","2024-10-15 05:00:00 PM","B46","S","308800","33","35","77","6"
"2024-10-15","2024-10-15 02:00:00 AM","B46","S","308800","33","1","6","2"
"2024-10-15","2024-10-15 05:00:00 AM","B46","S","308800","33","14","11","3"
"2024-10-15","2024-10-15 07:00:00 AM","B46","N","307092","33","29","67","7"
"2024-10-15","2024-10-15 11:00:00 PM","Q58","E","503478","33","23","6","3"
"2024-10-15","2024-10-15 12:00:00 AM","B35","E","302711","33","0","2","2"
"2024-10-15","2024-10-15 01:00:00 PM","BX19","N","101335","33","24","62","5"
"2024-10-15","2024-10-15 02:00:00 PM","M101","S","402661","33","1","3","1"
"2024-10-15","2024-10-15 10:00:00 AM","BX19","S","403690","33","5","7","2"
"2024-10-15","2024-10-15 06:00:00 AM","BX19","S","403690","33","0","2","1"
"2024-10-15","2024-10-15 04:00:00 AM","Q58","E","503478","33","4","16","2"
"2024-10-15","2024-10-15 03:00:00 AM","B46","N","307092","33","1","7","1"
"2024-10-15","2024-10-15 04:00:00 AM","M15","S","401772","33","0","1","1"
"2024-10-15","2024-10-15 08:00:00 PM","Q58","W","503532","33","0","1","1"
"2024-10-15","2024-10-15 09:00:00 PM","S53","W","203044","33","0","10","4"
"2024-10-15","2024-10-15 03:00:00 AM","Q58","E","503478","33","1","0","1"
"2024-10-15","2024-10-15 05:00:00 PM","B46","N","307092","33","25","26","3"
"2024-10-15","2024-10-15 12:00:00 AM","B46","N","307092","33","1","2","1"
"2024-10-15","2024-10-15 10:00:00 AM","BX19","N","101335","33","6","32","5"
"2024-10-15","2024-10-15 01:00:00 PM","BX19","S","403690","33","7","32","4"
"2024-10-15","2024-10-15 08:00:00 AM","B46","S","308800","33","4","16","5"
"2024-10-15","2024-10-15 10:00:00 PM","Q58","E","503478","33","59","19","6"
"2024-10-15","2024-10-15 02:00:00 PM","M101","N","402520","33","2","4","1"
"2024-10-15","2024-10-15 02:00:00 AM","B46","N","307092","33","3","5","1"
"2024-10-15","2024-10-15 07:00:00 AM","B35","W","307947","33","0","40","1"
"2024-10-15","2024-10-15 12:00:00 AM","B46","S","308800","33","3","4","1"
"2024-10-15","2024-10-15 08:00:00 AM","Q58","E","503478","33","26","47","6"
"2024-10-15","2024-10-15 01:00:00 PM","Q58","E","503478","33","74","56","7"
"2024-10-15","2024-10-15 09:00:00 AM","S53","W","203044","33","0","2","0"
"2024-10-15","2024-10-15 11:00:00 PM","BX19","S","403690","33","1","12","2"
"2024-10-15","2024-10-15 10:00:00 PM","BX19","N","101335","33","0","3","1"
"2024-10-15","2024-10-15 01:00:00 PM","Q58","W","503532","33","2","0","1"
"2024-10-15","2024-10-15 07:00:00 PM","M101","N","402520","33","0","1","1"
"2024-10-15","2024-10-15 02:00:00 PM","B46","S","308800","33","24","30","4"
"2024-10-15","2024-10-15 03:00:00 PM","M15","N","401702","33","3","8","2"
"2024-10-15","2024-10-15 04:00:00 PM","B35","W","307947","33","1","15","1"
"2024-10-15","2024-10-15 01:00:00 AM","B46","S","308800","33","4","25","6"
"2024-10-15","2024-10-15 06:00:00 AM","M101","S","402661","33","2","7","2"
"2024-10-15","2024-10-15 03:00:00 PM","M15","N","401709","33","7","1","1"
"2024-10-15","2024-10-15 04:00:00 PM","BX19","S","403690","33","8","15","1"
"2024-10-15","2024-10-15 09:00:00 PM","B46","S","308800","33","11","26","4"
"2024-10-15","2024-10-15 02:00:00 AM","B35","W","307947","33","2","0","1"
"2024-10-15","2024-10-15 05:00:00 AM","Q58","E","503478","33","6","33","8"
"2024-10-15","2024-10-15 05:00:00 AM","M101","N","404853","33","5","1","1"
"2024-10-15","2024-10-15 02:00:00 PM","B46","N","307092","33","9","51","7"
"2024-10-15","2024-10-15 04:00:00 AM","B46","N","307092","33","0","24","2"
"2024-10-15","2024-10-15 05:00:00 AM","B46","N","307092","33","6","54","6"
"2024-10-15","2024-10-15 09:00:00 AM","M15","N","401709","33","4","8","1"
"2024-10-15","2024-10-15 06:00:00 AM","M15","S","401772","33","0","1","1"
"2024-10-15","2024-10-15 11:00:00 PM","Q58","W","503532","33","4","7","5"
"2024-10-15","2024-10-15 10:00:00 PM","Q58","W","503532","33","0","2","1"
"2024-10-15","2024-10-15 08:00:00 PM","Q58","E","502994","34","6","3","4"
"2024-10-15","2024-10-15 01:00:00 AM","B35","W","306874","34","3","0","2"
"2024-10-15","2024-10-15 01:00:00 AM","Q58","W","503533","34","0","1","1"
"2024-10-15","2024-10-15 04:00:00 PM","BX19","S","403691","34","24","19","2"
"2024-10-15","2024-10-15 03:00:00 PM","S53","E","200662","34","0","1","1"
"2024-10-15","2024-10-15 07:00:00 AM","B46","S","303688","34","3","1","2"
"2024-10-15","2024-10-15 05:00:00 AM","Q58","W","503533","34","1","0","1"
"2024-10-15","2024-10-15 11:00:00 PM","BX19","S","403691","34","5","9","2"
"2024-10-15","2024-10-15 05:00:00 PM","S53","W","203045","34","3","21","5"
"2024-10-15","2024-10-15 08:00:00 AM","B46","S","303688","34","0","1","1"
"2024-10-15","2024-10-15 09:00:00 AM","M15","S","404909","34","8","4","3"
"2024-10-15","2024-10-15 06:00:00 AM","Q58","E","503487","34","2","0","1"
"2024-10-15","2024-10-15 02:00:00 PM","B46","N","303624","34","5","6","4"
"2024-10-15","2024-10-15 05:00:00 AM","B46","N","303624","34","2","0","1"
"2024-10-15","2024-10-15 06:00:00 AM","BX19","S","403691","34","1","5","1"
"2024-10-15","2024-10-15 04:00:00 AM","Q58","E","502994","34","0","1","1"
"2024-10-15","2024-10-15 02:00:00 PM","M101","N","402521","34","10","8","2"
"2024-10-15","2024-10-15 05:00:00 AM","B46","S","303688","34","4","1","2"
"2024-10-15","2024-10-15 04:00:00 AM","S53","W","203045","34","1","0","1"
"2024-10-15","2024-10-15 11:00:00 PM","Q58","W","503533","34","0","1","1"
"2024-10-15","2024-10-15 06:00:00 PM","BX19","S","403691","34","23","35","4"
"2024-10-15","2024-10-15 06:00:00 AM","M15","S","404909","34","1","1","1"
"2024-10-15","2024-10-15 04:00:00 PM","BX19","N","101337","34","4","67","5"
"2024-10-15","2024-10-15 09:00:00 PM","S53","W","203045","34","0","9","3"
"2024-10-15","2024-10-15 09:00:00 AM","S53","E","200662","34","2","1","1"
"2024-10-15","2024-10-15 07:00:00 PM","M101","N","402521","34","0","6","1"
"2024-10-15","2024-10-15 06:00:00 PM","Q58","W","503533","34","3","3","4"
"2024-10-15","2024-10-15 12:00:00 AM","B46","N","303624","34","0","1","1"
"2024-10-15","2024-10-15 12:00:00 PM","Q58","W","503533","34","1","4","2"
"2024-10-15","2024-10-15 11:00:00 AM","S53","E","200662","34","2","0","2"
"2024-10-15","2024-10-15 10:00:00 PM","BX19","N","101337","34","0","6","2"
"2024-10-15","2024-10-15 05:00:00 AM","S53","E","200662","34","1","0","1"
"2024-10-15","2024-10-15 07:00:00 PM","M101","S","402662","34","2","20","2"
"2024-10-15","2024-10-15 07:00:00 AM","Q58","E","502994","34","7","2","3"
"2024-10-15","2024-10-15 11:00:00 AM","S53","W","203045","34","1","2","1"
"2024-10-15","2024-10-15 07:00:00 AM","Q58","E","503487","34","2","1","1"
"2024-10-15","2024-10-15 06:00:00 PM","Q58","E","502994","34","2","3","3"
"2024-10-15","2024-10-15 07:00:00 AM","Q58","W","503533","34","5","2","4"
"2024-10-15","2024-10-15 08:00:00 PM","Q58","W","503533","34","0","1","1"
"2024-10-15","2024-10-15 05:00:00 AM","M15","N","401703","34","0","1","1"
"2024-10-15","2024-10-15 11:00:00 AM","B46","N","303624","34","4","2","3"
"2024-10-15","2024-10-15 06:00:00 AM","M101","S","402662","34","7","11","2"
"2024-10-15","2024-10-15 11:00:00 PM","Q58","E","502994","34","1","2","2"
"2024-10-15","2024-10-15 08:00:00 PM","M15","S","404909","34","2","0","1"
"2024-10-15","2024-10-15 06:00:00 PM","BX19","N","101337","34","5","35","5"
"2024-10-15","2024-10-15 03:00:00 PM","M15","S","404909","34","0","4","1"
"2024-10-15","2024-10-15 08:00:00 AM","Q58","W","503533","34","3","7","4"
"2024-10-15","2024-10-15 02:00:00 PM","Q58","W","503533","34","8","4","3"
"2024-10-15","2024-10-15 01:00:00 AM","B46","S","303688","34","0","4","4"
"2024-10-15","2024-10-15 03:00:00 AM","Q58","E","502994","34","0","1","1"
"2024-10-15","2024-10-15 06:00:00 AM","B46","N","303624","34","2","1","3"
"2024-10-15","2024-10-15 03:00:00 PM","M15","N","401703","34","1","2","2"
"2024-10-15","2024-10-15 05:00:00 AM","BX19","S","403691","34","1","8","1"
"2024-10-15","2024-10-15 05:00:00 PM","B46","N","303624","34","2","2","2"
"2024-10-15","2024-10-15 10:00:00 AM","Q58","W","503533","34","1","2","3"
"2024-10-15","2024-10-15 01:00:00 AM","B46","N","303624","34","0","1","1"
"2024-10-15","2024-10-15 09:00:00 PM","B46","S","303688","34","2","0","1"
"2024-10-15","2024-10-15 06:00:00 AM","S53","E","200662","34","6","1","3"
"2024-10-15","2024-10-15 12:00:00 AM","B35","E","302714","34","2","6","2"
"2024-10-15","2024-10-15 05:00:00 PM","B46","S","303688","34","3","6","4"
"2024-10-15","2024-10-15 02:00:00 PM","B46","S","303688","34","0","3","1"
"2024-10-15","2024-10-15 03:00:00 PM","S53","W","203045","34","0","10","2"
"2024-10-15","2024-10-15 06:00:00 AM","B35","E","302714","34","0","2","1"
"2024-10-15","2024-10-15 02:00:00 AM","B46","S","303688","34","0","1","1"
"2024-10-15","2024-10-15 01:00:00 PM","Q58","W","503533","34","5","11","5"
"2024-10-15","2024-10-15 03:00:00 PM","M15","N","401710","34","17","2","1"
"2024-10-15","2024-10-15 06:00:00 AM","B35","W","306874","34","1","1","1"
"2024-10-15","2024-10-15 12:00:00 PM","M15","S","404909","34","0","2","1"
"2024-10-15","2024-10-15 06:00:00 AM","BX19","N","100562","34","0","1","1"
"2024-10-15","2024-10-15 08:00:00 AM","B46","N","303624","34","8","5","5"
"2024-10-15","2024-10-15 10:00:00 AM","BX19","N","101337","34","4","13","4"
"2024-10-15","2024-10-15 07:00:00 PM","M15","S","404909","34","1","4","1"
"2024-10-15","2024-10-15 10:00:00 AM","BX19","S","403691","34","25","26","4"
"2024-10-15","2024-10-15 12:00:00 PM","Q58","E","502994","34","13","4","3"
"2024-10-15","2024-10-15 05:00:00 AM","S53","W","203045","34","0","1","1"
"2024-10-15","2024-10-15 07:00:00 AM","B46","N","303624","34","11","3","5"
"2024-10-15","2024-10-15 08:00:00 AM","Q58","E","502994","34","8","5","5"
"2024-10-15","2024-10-15 10:00:00 AM","Q58","E","502994","34","2","0","2"
"2024-10-15","2024-10-15 12:00:00 AM","Q58","W","503533","34","0","1","1"
"2024-10-15","2024-10-15 01:00:00 AM","M101","S","402662","34","1","0","1"
"2024-10-15","2024-10-15 09:00:00 AM","S53","W","203045","34","0","12","1"
"2024-10-15","2024-10-15 11:00:00 AM","B46","S","303688","34","0","3","1"
"2024-10-15","2024-10-15 12:00:00 AM","B46","S","303688","34","0","1","1"
"2024-10-15","2024-10-15 10:00:00 PM","Q58","E","502994","34","3","8","3"
"2024-10-15","2024-10-15 04:00:00 AM","Q58","W","503533","34","0","2","1"
"2024-10-15","2024-10-15 09:00:00 AM","M101","N","402521","34","2","11","2"
"2024-10-15","2024-10-15 02:00:00 PM","M101","S","402662","34","1","8","1"
"2024-10-15","2024-10-15 09:00:00 AM","M15","N","401710","34","1","1","1"
"2024-10-15","2024-10-15 06:00:00 AM","B46","S","303688","34","1","1","1"
"2024-10-15","2024-10-15 01:00:00 PM","BX19","S","403691","34","30","34","5"
"2024-10-15","2024-10-15 01:00:00 PM","BX19","N","101337","34","8","55","5"
"2024-10-15","2024-10-15 01:00:00 PM","Q58","E","502994","34","21","10","7"
"2024-10-15","2024-10-15 03:00:00 PM","M101","S","402662","34","2","17","2"
"2024-10-15","2024-10-15 09:00:00 PM","M101","S","402662","34","0","9","0"
"2024-10-15","2024-10-15 10:00:00 AM","B46","S","303688","34","4","4","2"
"2024-10-15","2024-10-15 08:00:00 AM","BX19","N","101337","34","5","28","3"
"2024-10-15","2024-10-15 07:00:00 PM","Q58","E","502994","34","3","3","3"
"2024-10-15","2024-10-15 01:00:00 PM","B46","S","303688","34","1","3","4"
"2024-10-15","2024-10-15 11:00:00 AM","M101","S","402662","34","2","4","1"
"2024-10-15","2024-10-15 01:00:00 PM","B46","N","303624","34","1","7","2"
"2024-10-15","2024-10-15 10:00:00 PM","B46","S","303688","34","0","3","2"
"2024-10-15","2024-10-15 11:00:00 PM","B35","E","302714","34","0","2","1"
"2024-10-15","2024-10-15 07:00:00 PM","BX19","N","101337","34","1","21","5"
"2024-10-15","2024-10-15 07:00:00 PM","BX19","S","403691","34","24","41","2"
"2024-10-15","2024-10-15 12:00:00 PM","BX19","N","101337","34","5","23","4"
"2024-10-15","2024-10-15 06:00:00 PM","B46","N","303624","34","2","3","3"
"2024-10-15","2024-10-15 09:00:00 PM","M101","N","402521","34","2","2","1"
"2024-10-15","2024-10-15 08:00:00 PM","BX19","N","101337","34","1","18","2"
"2024-10-15","2024-10-15 02:00:00 PM","Q58","E","502994","34","1","1","2"
"2024-10-15","2024-10-15 02:00:00 PM","BX19","S","403691","34","32","42","4"
"2024-10-15","2024-10-15 07:00:00 AM","S53","W","203045","34","0","9","1"
"2024-10-15","2024-10-15 07:00:00 AM","M15","N","401703","34","1","3","1"
"2024-10-15","2024-10-15 05:00:00 PM","BX19","S","403691","34","36","36","4"
"2024-10-15","2024-10-15 04:00:00 PM","S53","W","203045","34","2","6","1"
"2024-10-15","2024-10-15 04:00:00 PM","S53","E","200662","34","2","5","2"
"2024-10-15","2024-10-15 02:00:00 PM","BX19","N","101337","34","0","42","1"
"2024-10-15","2024-10-15 08:00:00 AM","S53","W","203045","34","2","5","3"
"2024-10-15","2024-10-15 07:00:00 AM","S53","E","200662","34","2","3","2"
"2024-10-15","2024-10-15 08:00:00 PM","BX19","S","403691","34","12","33","3"
"2024-10-15","2024-10-15 09:00:00 AM","B46","N","303624","34","7","10","5"
"2024-10-15","2024-10-15 01:00:00 PM","S53","W","203045","34","0","1","1"
"2024-10-15","2024-10-15 09:00:00 PM","Q58","W","503533","34","1","0","1"
"2024-10-15","2024-10-15 11:00:00 AM","M15","N","401703","34","3","1","2"
"2024-10-15","2024-10-15 01:00:00 PM","S53","E","200662","34","6","1","2"
"2024-10-15","2024-10-15 08:00:00 AM","BX19","S","403691","34","30","19","3"
"2024-10-15","2024-10-15 06:00:00 PM","B46","S","303688","34","2","5","3"
"2024-10-15","2024-10-15 07:00:00 PM","Q58","W","503533","34","2","11","3"
"2024-10-15","2024-10-15 08:00:00 PM","S53","W","203045","34","0","5","3"
"2024-10-15","2024-10-15 10:00:00 AM","S53","W","203045","34","1","4","3"
"2024-10-15","2024-10-15 12:00:00 PM","BX19","S","403691","34","12","16","2"
"2024-10-15","2024-10-15 10:00:00 AM","B46","N","303624","34","0","2","1"
"2024-10-15","2024-10-15 07:00:00 AM","M15","N","401710","34","7","9","1"
"2024-10-15","2024-10-15 06:00:00 PM","M101","N","402521","34","0","5","1"
"2024-10-15","2024-10-15 09:00:00 AM","B46","S","303688","34","1","0","1"
"2024-10-15","2024-10-15 11:00:00 AM","M15","N","401710","34","0","3","1"
"2024-10-15","2024-10-15 01:00:00 PM","M101","N","402521","34","8","12","2"
"2024-10-15","2024-10-15 11:00:00 PM","B46","S","303688","34","6","16","5"
"2024-10-15","2024-10-15 09:00:00 PM","M15","N","401703","34","0","2","1"
"2024-10-15","2024-10-15 04:00:00 PM","M15","S","404909","34","9","6","2"
"2024-10-15","2024-10-15 05:00:00 PM","BX19","N","101337","34","10","25","2"
"2024-10-15","2024-10-15 09:00:00 PM","M15","N","401710","34","1","1","1"
"2024-10-15","2024-10-15 11:00:00 PM","B46","N","303624","34","1","1","1"
"2024-10-15","2024-10-15 10:00:00 AM","M101","S","402662","34","3","12","2"
"2024-10-15","2024-10-15 05:00:00 PM","Q58","E","502994","34","9","6","3"
"2024-10-15","2024-10-15 04:00:00 PM","B46","S","303688","34","0","4","2"
"2024-10-15","2024-10-15 03:00:00 PM","Q58","E","502994","34","5","5","3"
"2024-10-15","2024-10-15 03:00:00 PM","B46","S","303688","34","1","4","4"
"2024-10-15","2024-10-15 04:00:00 PM","Q58","E","502994","34","13","9","5"
"2024-10-15","2024-10-15 05:00:00 PM","M101","N","402521","34","2","9","1"
"2024-10-15","2024-10-15 05:00:00 PM","M101","S","402662","34","10","6","1"
"2024-10-15","2024-10-15 06:00:00 PM","M15","N","401710","34","1","10","3"
"2024-10-15","2024-10-15 11:00:00 PM","M15","S","404909","34","1","0","1"
"2024-10-15","2024-10-15 11:00:00 PM","S53","W","203045","34","1","9","2"
"2024-10-15","2024-10-15 09:00:00 PM","BX19","N","101337","34","1","16","2"
"2024-10-15","2024-10-15 10:00:00 PM","S53","E","200662","34","1","1","1"
"2024-10-15","2024-10-15 11:00:00 AM","Q58","W","503533","34","0","1","1"
"2024-10-15","2024-10-15 12:00:00 PM","B46","S","303688","34","5","1","3"
"2024-10-15","2024-10-15 05:00:00 PM","Q58","W","503533","34","3","4","3"
"2024-10-15","2024-10-15 09:00:00 AM","BX19","N","101337","34","4","24","4"
"2024-10-15","2024-10-15 08:00:00 PM","M101","S","402662","34","0","5","1"
"2024-10-15","2024-10-15 08:00:00 PM","M101","S","403821","34","1","5","0"
"2024-10-15","2024-10-15 04:00:00 PM","M101","N","402521","34","0","6","1"
"2024-10-15","2024-10-15 09:00:00 AM","Q58","E","502994","34","3","5","3"
"2024-10-15","2024-10-15 03:00:00 PM","Q58","W","503533","34","6","6","5"
"2024-10-15","2024-10-15 08:00:00 PM","M101","N","402521","34","3","10","2"
"2024-10-15","2024-10-15 06:00:00 PM","S53","E","200662","34","1","0","1"
"2024-10-15","2024-10-15 12:00:00 PM","B46","N","303624","34","2","1","2"
"2024-10-15","2024-10-15 11:00:00 AM","BX19","S","403691","34","19","40","5"
"2024-10-15","2024-10-15 07:00:00 PM","B46","S","303688","34","1","1","2"
"2024-10-15","2024-10-15 06:00:00 PM","S53","W","203045","34","1","5","2"
"2024-10-15","2024-10-15 08:00:00 PM","B46","S","303688","34","3","8","3"
"2024-10-15","2024-10-15 07:00:00 PM","S53","W","203045","34","0","4","1"
"2024-10-15","2024-10-15 01:00:00 PM","M15","N","401703","34","2","2","1"
"2024-10-15","2024-10-15 04:00:00 PM","B46","N","303624","34","8","9","2"
"2024-10-15","2024-10-15 10:00:00 PM","M101","S","402662","34","0","7","1"
"2024-10-15","2024-10-15 07:00:00 AM","BX19","S","403691","34","18","38","4"
"2024-10-15","2024-10-15 10:00:00 PM","M101","N","402521","34","3","2","1"
"2024-10-15","2024-10-15 01:00:00 PM","M15","S","404909","34","2","6","3"
"2024-10-15","2024-10-15 02:00:00 PM","M15","N","401703","34","3","3","1"
"2024-10-15","2024-10-15 10:00:00 PM","S53","W","203045","34","0","2","1"
"2024-10-15","2024-10-15 05:00:00 PM","M15","S","404909","34","5","0","1"
"2024-10-15","2024-10-15 09:00:00 AM","BX19","S","403691","34","17","15","5"
"2024-10-15","2024-10-15 09:00:00 AM","Q58","W","503533","34","2","3","4"
"2024-10-15","2024-10-15 05:00:00 PM","M15","N","401703","34","0","1","1"
"2024-10-15","2024-10-15 08:00:00 AM","M15","S","404909","34","6","4","1"
"2024-10-15","2024-10-15 04:00:00 PM","Q58","W","503533","34","8","16","7"
"2024-10-15","2024-10-15 07:00:00 PM","B46","N","303624","34","1","2","3"
"2024-10-15","2024-10-15 03:00:00 PM","BX19","N","101337","34","2","22","3"
"2024-10-15","2024-10-15 04:00:00 PM","M101","S","402662","34","7","4","1"
"2024-10-15","2024-10-15 10:00:00 PM","B46","N","303624","34","2","2","2"
"2024-10-15","2024-10-15 07:00:00 AM","BX19","N","100562","34","0","14","2"
"2024-10-15","2024-10-15 11:00:00 PM","M101","N","403777","34","3","3","1"
"2024-10-15","2024-10-15 11:00:00 AM","Q58","E","502994","34","7","0","2"
"2024-10-15","2024-10-15 03:00:00 PM","B46","N","303624","34","1","3","3"
"2024-10-15","2024-10-15 11:00:00 PM","M101","S","402662","34","0","6","1"
"2024-10-15","2024-10-15 08:00:00 PM","B46","N","303624","34","0","1","1"
"2024-10-15","2024-10-15 03:00:00 PM","BX19","S","403691","34","7","23","3"
"2024-10-15","2024-10-15 02:00:00 PM","S53","W","203045","34","2","8","2"
"2024-10-15","2024-10-15 11:00:00 AM","BX19","N","101337","34","2","9","1"
"2024-10-15","2024-10-15 08:00:00 AM","M101","N","402521","34","1","2","1"
"2024-10-15","2024-10-15 08:00:00 AM","M101","N","405103","35","1","0","1"
"2024-10-15","2024-10-15 10:00:00 PM","S53","W","203046","35","0","3","0"
"2024-10-15","2024-10-15 09:00:00 AM","BX19","S","403693","35","8","34","5"
"2024-10-15","2024-10-15 05:00:00 PM","Q58","E","503479","35","1","1","2"
"2024-10-15","2024-10-15 07:00:00 AM","BX19","N","100563","35","1","20","2"
"2024-10-15","2024-10-15 04:00:00 PM","B46","S","308777","35","2","14","5"
"2024-10-15","2024-10-15 05:00:00 PM","M101","N","401946","35","1","2","0"
"2024-10-15","2024-10-15 07:00:00 PM","S53","W","203046","35","2","8","3"
"2024-10-15","2024-10-15 03:00:00 PM","Q58","E","503479","35","15","6","5"
"2024-10-15","2024-10-15 03:00:00 PM","B46","S","308777","35","4","17","3"
"2024-10-15","2024-10-15 01:00:00 PM","M15","N","401704","35","0","5","1"
"2024-10-15","2024-10-15 05:00:00 PM","M101","N","405103","35","2","11","1"
"2024-10-15","2024-10-15 04:00:00 PM","Q58","E","503479","35","2","3","3"
"2024-10-15","2024-10-15 04:00:00 PM","B46","N","303625","35","3","8","3"
"2024-10-15","2024-10-15 05:00:00 PM","M15","N","401704","35","0","2","1"
"2024-10-15","2024-10-15 12:00:00 PM","B46","S","308777","35","7","7","3"
"2024-10-15","2024-10-15 06:00:00 PM","S53","W","203046","35","2","13","1"
"2024-10-15","2024-10-15 06:00:00 PM","M15","N","401711","35","2","13","2"
"2024-10-15","2024-10-15 03:00:00 PM","BX19","N","100561","35","2","33","4"
"2024-10-15","2024-10-15 11:00:00 PM","M15","S","903266","35","6","3","1"
"2024-10-15","2024-10-15 01:00:00 PM","M15","S","903266","35","13","19","3"
"2024-10-15","2024-10-15 09:00:00 PM","BX19","N","100561","35","1","8","2"
"2024-10-15","2024-10-15 03:00:00 PM","B46","N","303625","35","9","13","4"
"2024-10-15","2024-10-15 04:00:00 PM","M101","S","404255","35","4","12","1"
"2024-10-15","2024-10-15 11:00:00 AM","Q58","W","504455","35","4","0","2"
"2024-10-15","2024-10-15 07:00:00 AM","BX19","S","403693","35","20","30","3"
"2024-10-15","2024-10-15 10:00:00 AM","M101","S","404255","35","24","25","3"
"2024-10-15","2024-10-15 11:00:00 AM","BX19","N","100561","35","0","5","1"
"2024-10-15","2024-10-15 10:00:00 PM","M101","S","404255","35","0","1","1"
"2024-10-15","2024-10-15 06:00:00 PM","M15","N","401704","35","1","0","1"
"2024-10-15","2024-10-15 08:00:00 AM","M15","S","903266","35","21","12","1"
"2024-10-15","2024-10-15 11:00:00 PM","S53","W","203046","35","0","4","1"
"2024-10-15","2024-10-15 11:00:00 PM","M101","S","404255","35","5","5","2"
"2024-10-15","2024-10-15 09:00:00 AM","BX19","N","100561","35","7","17","5"
"2024-10-15","2024-10-15 08:00:00 PM","M101","S","404255","35","16","19","2"
"2024-10-15","2024-10-15 02:00:00 PM","M15","N","401704","35","6","0","1"
"2024-10-15","2024-10-15 10:00:00 PM","M101","N","405103","35","0","2","1"
"2024-10-15","2024-10-15 12:00:00 PM","S53","W","203046","35","0","1","1"
"2024-10-15","2024-10-15 05:00:00 PM","Q58","W","504455","35","12","7","4"
"2024-10-15","2024-10-15 11:00:00 AM","BX19","S","403693","35","15","36","5"
"2024-10-15","2024-10-15 07:00:00 PM","B46","N","303625","35","1","12","4"
"2024-10-15","2024-10-15 04:00:00 PM","M101","N","405103","35","7","9","1"
"2024-10-15","2024-10-15 03:00:00 PM","BX19","S","403693","35","16","34","3"
"2024-10-15","2024-10-15 03:00:00 PM","Q58","W","504455","35","8","4","4"
"2024-10-15","2024-10-15 08:00:00 PM","M101","N","405103","35","6","8","1"
"2024-10-15","2024-10-15 05:00:00 PM","M101","S","404255","35","15","14","1"
"2024-10-15","2024-10-15 09:00:00 AM","Q58","E","503479","35","0","3","1"
"2024-10-15","2024-10-15 12:00:00 PM","B46","N","303625","35","2","8","4"
"2024-10-15","2024-10-15 06:00:00 PM","S53","E","200663","35","0","2","1"
"2024-10-15","2024-10-15 04:00:00 PM","Q58","W","504455","35","20","10","9"
"2024-10-15","2024-10-15 09:00:00 AM","Q58","W","504455","35","9","4","6"
"2024-10-15","2024-10-15 02:00:00 PM","S53","W","203046","35","0","7","1"
"2024-10-15","2024-10-15 08:00:00 PM","B46","S","308777","35","0","4","2"
"2024-10-15","2024-10-15 10:00:00 PM","B46","N","303625","35","0","2","1"
"2024-10-15","2024-10-15 08:00:00 PM","B46","N","303625","35","1","15","5"
"2024-10-15","2024-10-15 07:00:00 PM","B46","S","308777","35","0","9","4"
"2024-10-15","2024-10-15 06:00:00 AM","B35","E","302715","35","6","15","1"
"2024-10-15","2024-10-15 12:00:00 AM","Q58","W","504455","35","1","0","1"
"2024-10-15","2024-10-15 09:00:00 PM","S53","E","200663","35","1","0","1"
"2024-10-15","2024-10-15 10:00:00 PM","Q58","E","503479","35","0","1","1"
"2024-10-15","2024-10-15 06:00:00 PM","Q58","W","504455","35","10","8","4"
"2024-10-15","2024-10-15 07:00:00 AM","Q58","W","504455","35","7","1","3"
"2024-10-15","2024-10-15 11:00:00 AM","B46","N","303625","35","5","5","4"
"2024-10-15","2024-10-15 06:00:00 AM","Q58","W","504455","35","4","2","4"
"2024-10-15","2024-10-15 03:00:00 PM","S53","W","203046","35","2","12","2"
"2024-10-15","2024-10-15 01:00:00 AM","M101","S","404255","35","2","5","2"
"2024-10-15","2024-10-15 06:00:00 AM","S53","E","200663","35","2","0","1"
"2024-10-15","2024-10-15 09:00:00 AM","M101","N","405103","35","1","2","2"
"2024-10-15","2024-10-15 06:00:00 AM","Q58","E","503488","35","0","1","1"
"2024-10-15","2024-10-15 03:00:00 AM","S53","W","203046","35","0","1","1"
"2024-10-15","2024-10-15 09:00:00 AM","S53","E","200663","35","1","1","2"
"2024-10-15","2024-10-15 02:00:00 PM","Q58","W","504455","35","17","5","4"
"2024-10-15","2024-10-15 08:00:00 AM","Q58","W","504455","35","10","2","5"
"2024-10-15","2024-10-15 02:00:00 PM","M101","S","404255","35","2","14","1"
"2024-10-15","2024-10-15 08:00:00 PM","Q58","W","504455","35","4","3","4"
"2024-10-15","2024-10-15 08:00:00 AM","Q58","E","503479","35","4","1","4"
"2024-10-15","2024-10-15 02:00:00 PM","M101","N","405103","35","5","11","2"
"2024-10-15","2024-10-15 09:00:00 AM","S53","W","203046","35","3","11","1"
"2024-10-15","2024-10-15 02:00:00 PM","B46","S","308777","35","5","1","2"
"2024-10-15","2024-10-15 06:00:00 AM","M15","S","903266","35","6","4","2"
"2024-10-15","2024-10-15 03:00:00 AM","Q58","W","504455","35","1","0","1"
"2024-10-15","2024-10-15 05:00:00 AM","Q58","E","503479","35","1","1","2"
"2024-10-15","2024-10-15 04:00:00 PM","BX19","N","100561","35","2","34","5"
"2024-10-15","2024-10-15 09:00:00 PM","S53","W","203046","35","0","11","4"
"2024-10-15","2024-10-15 02:00:00 PM","B46","N","303625","35","7","6","6"
"2024-10-15","2024-10-15 05:00:00 AM","M101","N","405076","35","0","1","1"
"2024-10-15","2024-10-15 11:00:00 PM","Q58","W","504455","35","0","3","2"
"2024-10-15","2024-10-15 04:00:00 PM","BX19","S","403693","35","10","21","2"
"2024-10-15","2024-10-15 08:00:00 PM","Q58","E","503479","35","0","2","2"
"2024-10-15","2024-10-15 06:00:00 AM","M101","S","404255","35","1","3","1"
"2024-10-15","2024-10-15 01:00:00 PM","Q58","W","504455","35","4","4","2"
"2024-10-15","2024-10-15 01:00:00 AM","B46","S","308777","35","0","2","2"
"2024-10-15","2024-10-15 10:00:00 PM","BX19","N","100561","35","2","10","3"
"2024-10-15","2024-10-15 01:00:00 PM","Q58","E","503479","35","0","3","2"
"2024-10-15","2024-10-15 11:00:00 PM","Q58","E","503479","35","0","1","1"
"2024-10-15","2024-10-15 02:00:00 AM","B46","N","303625","35","0","1","1"
"2024-10-15","2024-10-15 01:00:00 PM","BX19","S","403693","35","3","28","4"
"2024-10-15","2024-10-15 05:00:00 AM","Q58","W","504455","35","1","1","1"
"2024-10-15","2024-10-15 10:00:00 AM","BX19","N","100561","35","3","11","4"
"2024-10-15","2024-10-15 05:00:00 PM","B46","N","303625","35","5","8","3"
"2024-10-15","2024-10-15 09:00:00 PM","B46","N","303625","35","0","4","3"
"2024-10-15","2024-10-15 03:00:00 AM","Q58","E","503479","35","2","0","2"
"2024-10-15","2024-10-15 04:00:00 AM","M15","S","903266","35","0","1","1"
"2024-10-15","2024-10-15 06:00:00 AM","BX19","S","403693","35","0","7","1"
"2024-10-15","2024-10-15 01:00:00 PM","BX19","N","100561","35","0","9","2"
"2024-10-15","2024-10-15 07:00:00 AM","B46","N","303625","35","10","9","5"
"2024-10-15","2024-10-15 04:00:00 AM","S53","W","203046","35","1","0","1"
"2024-10-15","2024-10-15 10:00:00 AM","BX19","S","403693","35","11","45","4"
"2024-10-15","2024-10-15 02:00:00 AM","B46","S","308777","35","0","1","1"
"2024-10-15","2024-10-15 05:00:00 AM","B46","S","308777","35","1","1","2"
"2024-10-15","2024-10-15 05:00:00 PM","B46","S","308777","35","9","12","5"
"2024-10-15","2024-10-15 03:00:00 PM","M15","S","903266","35","1","1","1"
"2024-10-15","2024-10-15 12:00:00 AM","B35","E","302715","35","3","5","2"
"2024-10-15","2024-10-15 09:00:00 PM","B46","S","308777","35","0","2","2"
"2024-10-15","2024-10-15 01:00:00 AM","B46","N","303625","35","3","0","1"
"2024-10-15","2024-10-15 05:00:00 AM","BX19","S","403693","35","0","5","1"
"2024-10-15","2024-10-15 08:00:00 PM","M15","S","903266","35","15","15","3"
"2024-10-15","2024-10-15 11:00:00 PM","BX19","S","403693","35","4","6","2"
"2024-10-15","2024-10-15 12:00:00 PM","Q58","W","504455","35","1","1","2"
"2024-10-15","2024-10-15 05:00:00 PM","S53","W","203046","35","0","30","5"
"2024-10-15","2024-10-15 05:00:00 AM","S53","E","200663","35","1","0","1"
"2024-10-15","2024-10-15 07:00:00 AM","B46","S","308777","35","4","5","3"
"2024-10-15","2024-10-15 06:00:00 AM","B46","S","308777","35","2","2","2"
"2024-10-15","2024-10-15 10:00:00 AM","Q58","E","503479","35","1","1","1"
"2024-10-15","2024-10-15 04:00:00 AM","B35","E","302715","35","0","3","1"
"2024-10-15","2024-10-15 05:00:00 AM","S53","W","203046","35","1","5","2"
"2024-10-15","2024-10-15 12:00:00 PM","Q58","E","503479","35","0","2","2"
"2024-10-15","2024-10-15 07:00:00 PM","M15","S","903266","35","1","2","1"
"2024-10-15","2024-10-15 12:00:00 PM","M15","S","903266","35","12","9","1"
"2024-10-15","2024-10-15 05:00:00 AM","B35","E","302715","35","3","2","1"
"2024-10-15","2024-10-15 03:00:00 AM","M101","S","404255","35","3","2","1"
"2024-10-15","2024-10-15 08:00:00 AM","B46","N","303625","35","4","7","3"
"2024-10-15","2024-10-15 07:00:00 AM","M101","S","404255","35","6","7","1"
"2024-10-15","2024-10-15 10:00:00 AM","Q58","W","504455","35","2","2","4"
"2024-10-15","2024-10-15 05:00:00 AM","B35","W","302771","35","0","2","1"
"2024-10-15","2024-10-15 03:00:00 PM","M15","N","401711","35","3","3","1"
"2024-10-15","2024-10-15 06:00:00 AM","B46","N","303625","35","5","7","6"
"2024-10-15","2024-10-15 06:00:00 PM","BX19","N","100561","35","1","1","1"
"2024-10-15","2024-10-15 11:00:00 AM","S53","W","203046","35","0","9","1"
"2024-10-15","2024-10-15 07:00:00 AM","Q58","E","503479","35","0","2","1"
"2024-10-15","2024-10-15 03:00:00 AM","B35","E","302715","35","1","0","1"
"2024-10-15","2024-10-15 07:00:00 PM","M101","S","404255","35","3","15","2"
"2024-10-15","2024-10-15 03:00:00 PM","M15","N","401704","35","6","8","2"
"2024-10-15","2024-10-15 11:00:00 AM","S53","E","200663","35","4","0","1"
"2024-10-15","2024-10-15 06:00:00 PM","BX19","S","403693","35","26","56","4"
"2024-10-15","2024-10-15 10:00:00 PM","Q58","W","504455","35","2","1","2"
"2024-10-15","2024-10-15 04:00:00 AM","Q58","W","504455","35","0","2","1"
"2024-10-15","2024-10-15 04:00:00 AM","B46","N","303625","35","0","1","1"
"2024-10-15","2024-10-15 06:00:00 AM","B35","W","302771","35","0","1","1"
"2024-10-15","2024-10-15 11:00:00 AM","B46","S","308777","35","1","3","2"
"2024-10-15","2024-10-15 06:00:00 PM","Q58","E","503479","35","0","2","1"
"2024-10-15","2024-10-15 07:00:00 PM","M101","N","405103","35","0","6","1"
"2024-10-15","2024-10-15 09:00:00 AM","M15","S","903266","35","6","9","3"
"2024-10-15","2024-10-15 12:00:00 AM","B46","N","303625","35","1","0","1"
"2024-10-15","2024-10-15 08:00:00 AM","S53","W","203046","35","2","6","3"
"2024-10-15","2024-10-15 04:00:00 PM","S53","W","203046","35","1","11","1"
"2024-10-15","2024-10-15 09:00:00 PM","M101","S","404255","35","1","6","0"
"2024-10-15","2024-10-15 01:00:00 PM","M101","N","405103","35","1","8","2"
"2024-10-15","2024-10-15 02:00:00 PM","BX19","N","100561","35","0","12","1"
"2024-10-15","2024-10-15 07:00:00 AM","M15","N","401711","35","7","1","1"
"2024-10-15","2024-10-15 07:00:00 AM","M15","N","401704","35","2","0","1"
"2024-10-15","2024-10-15 10:00:00 AM","S53","W","203046","35","0","8","3"
"2024-10-15","2024-10-15 07:00:00 PM","BX19","N","100561","35","1","30","5"
"2024-10-15","2024-10-15 10:00:00 AM","B46","N","303625","35","4","1","2"
"2024-10-15","2024-10-15 10:00:00 PM","B46","S","308777","35","0","4","3"
"2024-10-15","2024-10-15 11:00:00 PM","B46","S","308777","35","0","10","4"
"2024-10-15","2024-10-15 09:00:00 PM","M15","N","401711","35","1","1","1"
"2024-10-15","2024-10-15 01:00:00 PM","B46","N","303625","35","8","20","5"
"2024-10-15","2024-10-15 04:00:00 PM","S53","E","200663","35","1","1","2"
"2024-10-15","2024-10-15 07:00:00 PM","BX19","S","403693","35","15","21","2"
"2024-10-15","2024-10-15 06:00:00 PM","M101","S","404255","35","8","0","1"
"2024-10-15","2024-10-15 08:00:00 PM","BX19","S","403693","35","5","33","3"
"2024-10-15","2024-10-15 06:00:00 PM","M101","N","405103","35","0","6","1"
"2024-10-15","2024-10-15 07:00:00 AM","S53","E","200663","35","2","0","1"
"2024-10-15","2024-10-15 04:00:00 PM","M15","S","903266","35","5","8","2"
"2024-10-15","2024-10-15 11:00:00 AM","M101","S","404255","35","11","15","2"
"2024-10-15","2024-10-15 07:00:00 PM","Q58","E","503479","35","0","2","2"
"2024-10-15","2024-10-15 09:00:00 PM","M101","N","405103","35","0","2","1"
"2024-10-15","2024-10-15 11:00:00 PM","B46","N","303625","35","5","7","3"
"2024-10-15","2024-10-15 09:00:00 PM","Q58","E","503479","35","0","1","1"
"2024-10-15","2024-10-15 01:00:00 PM","S53","W","203046","35","0","7","1"
"2024-10-15","2024-10-15 02:00:00 PM","BX19","S","403693","35","17","70","5"
"2024-10-15","2024-10-15 06:00:00 PM","B46","S","308777","35","1","6","3"
"2024-10-15","2024-10-15 11:00:00 AM","M15","N","401704","35","2","3","2"
"2024-10-15","2024-10-15 09:00:00 AM","B46","S","308777","35","0","2","2"
"2024-10-15","2024-10-15 11:00:00 AM","M15","N","401711","35","0","1","1"
"2024-10-15","2024-10-15 05:00:00 PM","BX19","N","100561","35","0","20","2"
"2024-10-15","2024-10-15 11:00:00 PM","B35","E","302715","35","3","10","1"
"2024-10-15","2024-10-15 12:00:00 PM","BX19","S","403693","35","16","22","2"
"2024-10-15","2024-10-15 07:00:00 PM","Q58","W","504455","35","19","3","4"
"2024-10-15","2024-10-15 08:00:00 AM","BX19","N","100561","35","3","12","3"
"2024-10-15","2024-10-15 02:00:00 PM","Q58","E","503479","35","0","2","2"
"2024-10-15","2024-10-15 03:00:00 PM","M101","S","404255","35","21","26","2"
"2024-10-15","2024-10-15 09:00:00 PM","Q58","W","504455","35","12","2","5"
"2024-10-15","2024-10-15 07:00:00 AM","S53","W","203046","35","1","2","1"
"2024-10-15","2024-10-15 05:00:00 PM","BX19","S","403693","35","8","34","3"
"2024-10-15","2024-10-15 12:00:00 PM","BX19","N","100561","35","3","15","3"
"2024-10-15","2024-10-15 08:00:00 PM","BX19","N","100561","35","0","4","1"
"2024-10-15","2024-10-15 08:00:00 AM","BX19","S","403693","35","9","36","3"
"2024-10-15","2024-10-15 09:00:00 AM","B46","N","303625","35","4","8","5"
"2024-10-15","2024-10-15 06:00:00 PM","B46","N","303625","35","2","9","3"
"2024-10-15","2024-10-15 11:00:00 AM","M15","S","903266","35","3","4","1"
"2024-10-15","2024-10-15 01:00:00 PM","B46","S","308777","35","2","9","5"
"2024-10-15","2024-10-15 10:00:00 AM","B46","S","308777","35","2","8","5"
"2024-10-15","2024-10-15 08:00:00 PM","S53","W","203046","35","1","8","2"
"2024-10-15","2024-10-15 02:00:00 PM","BX19","S","403694","36","2","16","4"
"2024-10-15","2024-10-15 03:00:00 PM","M101","S","403416","36","4","23","2"
"2024-10-15","2024-10-15 05:00:00 PM","BX19","N","100562","36","1","19","2"
"2024-10-15","2024-10-15 09:00:00 AM","B46","S","303690","36","2","2","2"
"2024-10-15","2024-10-15 01:00:00 PM","M101","N","405074","36","2","4","2"
"2024-10-15","2024-10-15 06:00:00 PM","B46","S","303690","36","0","8","2"
"2024-10-15","2024-10-15 09:00:00 PM","Q58","E","503480","36","0","6","2"
"2024-10-15","2024-10-15 07:00:00 AM","S53","W","200311","36","3","0","1"
"2024-10-15","2024-10-15 11:00:00 PM","B46","N","303626","36","0","10","2"
"2024-10-15","2024-10-15 09:00:00 PM","M101","N","405074","36","1","1","1"
"2024-10-15","2024-10-15 09:00:00 PM","M101","S","403416","36","1","6","0"
"2024-10-15","2024-10-15 05:00:00 PM","BX19","S","403694","36","0","3","2"
"2024-10-15","2024-10-15 08:00:00 AM","S53","W","200311","36","1","7","3"
"2024-10-15","2024-10-15 12:00:00 PM","BX19","N","100562","36","2","26","5"
"2024-10-15","2024-10-15 07:00:00 PM","Q58","E","503480","36","1","4","3"
"2024-10-15","2024-10-15 11:00:00 AM","M101","S","403416","36","7","23","2"
"2024-10-15","2024-10-15 04:00:00 PM","M15","S","401775","36","2","6","1"
"2024-10-15","2024-10-15 11:00:00 PM","B46","S","303690","36","0","8","3"
"2024-10-15","2024-10-15 07:00:00 AM","S53","E","200664","36","7","1","2"
"2024-10-15","2024-10-15 07:00:00 AM","M15","N","401712","36","0","10","1"
"2024-10-15","2024-10-15 08:00:00 AM","BX19","S","403694","36","0","12","3"
"2024-10-15","2024-10-15 06:00:00 PM","B46","N","303626","36","2","8","3"
"2024-10-15","2024-10-15 09:00:00 AM","B46","N","303626","36","3","6","4"
"2024-10-15","2024-10-15 06:00:00 PM","M101","N","405074","36","0","1","1"
"2024-10-15","2024-10-15 08:00:00 PM","BX19","S","403694","36","3","4","3"
"2024-10-15","2024-10-15 11:00:00 AM","M15","N","401712","36","2","3","1"
"2024-10-15","2024-10-15 06:00:00 PM","M101","S","403416","36","2","18","2"
"2024-10-15","2024-10-15 07:00:00 PM","BX19","S","403694","36","1","5","2"
"2024-10-15","2024-10-15 09:00:00 PM","M15","N","405138","36","3","0","1"
"2024-10-15","2024-10-15 01:00:00 PM","B46","S","303690","36","2","3","4"
"2024-10-15","2024-10-15 02:00:00 PM","BX19","N","100562","36","0","7","1"
"2024-10-15","2024-10-15 10:00:00 AM","B46","S","303690","36","0","5","3"
"2024-10-15","2024-10-15 10:00:00 PM","B46","S","303690","36","1","10","2"
"2024-10-15","2024-10-15 01:00:00 PM","B46","N","303626","36","7","6","5"
"2024-10-15","2024-10-15 10:00:00 AM","B46","N","303626","36","2","0","2"
"2024-10-15","2024-10-15 07:00:00 PM","BX19","N","100562","36","1","29","6"
"2024-10-15","2024-10-15 07:00:00 AM","M15","N","405138","36","1","1","1"
"2024-10-15","2024-10-15 08:00:00 PM","S53","W","200311","36","0","1","1"
"2024-10-15","2024-10-15 07:00:00 PM","Q58","W","503535","36","0","5","1"
"2024-10-15","2024-10-15 12:00:00 PM","BX19","S","403694","36","0","15","2"
"2024-10-15","2024-10-15 09:00:00 PM","Q58","W","503535","36","0","3","2"
"2024-10-15","2024-10-15 11:00:00 AM","M15","N","405138","36","1","0","1"
"2024-10-15","2024-10-15 08:00:00 AM","BX19","N","100562","36","5","24","3"
"2024-10-15","2024-10-15 10:00:00 AM","S53","W","200311","36","2","0","1"
"2024-10-15","2024-10-15 02:00:00 PM","Q58","E","503480","36","7","6","5"
"2024-10-15","2024-10-15 07:00:00 PM","S53","W","200311","36","0","4","1"
"2024-10-15","2024-10-15 03:00:00 PM","B46","N","303626","36","8","3","3"
"2024-10-15","2024-10-15 05:00:00 PM","M15","N","405138","36","0","1","1"
"2024-10-15","2024-10-15 07:00:00 PM","B46","N","303626","36","3","5","4"
"2024-10-15","2024-10-15 11:00:00 AM","BX19","S","403694","36","2","15","5"
"2024-10-15","2024-10-15 11:00:00 AM","BX19","N","100562","36","1","1","1"
"2024-10-15","2024-10-15 07:00:00 PM","B46","S","303690","36","0","12","4"
"2024-10-15","2024-10-15 04:00:00 PM","M101","N","405074","36","1","4","1"
"2024-10-15","2024-10-15 10:00:00 AM","M101","S","403416","36","13","26","3"
"2024-10-15","2024-10-15 11:00:00 AM","Q58","E","503480","36","0","1","1"
"2024-10-15","2024-10-15 04:00:00 PM","B46","N","303626","36","7","10","2"
"2024-10-15","2024-10-15 09:00:00 AM","Q58","W","503535","36","2","2","4"
"2024-10-15","2024-10-15 06:00:00 PM","M15","N","405138","36","14","3","1"
"2024-10-15","2024-10-15 06:00:00 PM","M15","N","401712","36","2","6","1"
"2024-10-15","2024-10-15 01:00:00 PM","M15","N","405138","36","4","1","1"
"2024-10-15","2024-10-15 12:00:00 PM","B46","N","303626","36","5","5","4"
"2024-10-15","2024-10-15 09:00:00 AM","Q58","E","503480","36","0","6","2"
"2024-10-15","2024-10-15 05:00:00 PM","M101","N","405074","36","2","5","1"
"2024-10-15","2024-10-15 08:00:00 PM","B46","N","303626","36","0","5","3"
"2024-10-15","2024-10-15 09:00:00 AM","BX19","S","403694","36","0","18","4"
"2024-10-15","2024-10-15 01:00:00 PM","M15","S","401775","36","6","7","3"
"2024-10-15","2024-10-15 04:00:00 PM","Q58","W","503535","36","4","11","6"
"2024-10-15","2024-10-15 12:00:00 PM","B46","S","303690","36","1","0","1"
"2024-10-15","2024-10-15 08:00:00 PM","B46","S","303690","36","0","7","4"
"2024-10-15","2024-10-15 07:00:00 AM","BX19","N","100564","36","0","20","2"
"2024-10-15","2024-10-15 03:00:00 PM","Q58","W","503535","36","1","7","4"
"2024-10-15","2024-10-15 08:00:00 PM","M101","N","405074","36","0","4","2"
"2024-10-15","2024-10-15 05:00:00 PM","Q58","W","503535","36","2","7","4"
"2024-10-15","2024-10-15 08:00:00 PM","M101","S","403416","36","2","23","2"
"2024-10-15","2024-10-15 09:00:00 AM","BX19","N","100562","36","3","13","4"
"2024-10-15","2024-10-15 11:00:00 AM","Q58","W","503535","36","3","0","1"
"2024-10-15","2024-10-15 09:00:00 PM","BX19","N","100562","36","0","19","3"
"2024-10-15","2024-10-15 04:00:00 PM","B46","S","303690","36","3","7","3"
"2024-10-15","2024-10-15 11:00:00 PM","M15","S","401775","36","3","0","1"
"2024-10-15","2024-10-15 03:00:00 PM","B46","S","303690","36","11","15","5"
"2024-10-15","2024-10-15 03:00:00 PM","Q58","E","503480","36","12","12","5"
"2024-10-15","2024-10-15 05:00:00 PM","Q58","E","503480","36","3","8","3"
"2024-10-15","2024-10-15 03:00:00 PM","BX19","S","403694","36","0","6","2"
"2024-10-15","2024-10-15 10:00:00 PM","B46","N","303626","36","0","4","2"
"2024-10-15","2024-10-15 08:00:00 AM","M15","S","401775","36","0","3","1"
"2024-10-15","2024-10-15 05:00:00 PM","M15","S","401775","36","2","1","1"
"2024-10-15","2024-10-15 02:00:00 PM","S53","W","200311","36","1","5","1"
"2024-10-15","2024-10-15 02:00:00 PM","M15","N","405138","36","0","1","1"
"2024-10-15","2024-10-15 10:00:00 PM","M101","S","402805","36","11","0","1"
"2024-10-15","2024-10-15 07:00:00 AM","BX19","S","403694","36","0","45","2"
"2024-10-15","2024-10-15 04:00:00 PM","Q58","E","503480","36","13","17","7"
"2024-10-15","2024-10-15 03:00:00 PM","BX19","N","100562","36","0","17","4"
"2024-10-15","2024-10-15 08:00:00 AM","M101","N","405074","36","5","1","1"
"2024-10-15","2024-10-15 04:00:00 PM","M101","S","403416","36","1","12","1"
"2024-10-15","2024-10-15 10:00:00 PM","S53","W","200311","36","0","2","1"
"2024-10-15","2024-10-15 04:00:00 PM","BX19","N","100562","36","2","48","5"
"2024-10-15","2024-10-15 07:00:00 AM","Q58","E","503480","36","5","20","4"
"2024-10-15","2024-10-15 06:00:00 AM","Q58","E","503480","36","1","1","2"
"2024-10-15","2024-10-15 05:00:00 AM","B46","S","303690","36","1","1","2"
"2024-10-15","2024-10-15 01:00:00 PM","BX19","N","100562","36","2","17","4"
"2024-10-15","2024-10-15 06:00:00 AM","Q58","E","503490","36","6","1","2"
"2024-10-15","2024-10-15 08:00:00 AM","Q58","W","503535","36","1","1","2"
"2024-10-15","2024-10-15 02:00:00 PM","M101","S","403416","36","4","10","1"
"2024-10-15","2024-10-15 12:00:00 AM","B46","S","303690","36","0","1","1"
"2024-10-15","2024-10-15 09:00:00 AM","S53","E","200664","36","3","1","2"
"2024-10-15","2024-10-15 12:00:00 PM","Q58","W","503535","36","1","0","1"
"2024-10-15","2024-10-15 12:00:00 AM","B46","N","303626","36","0","1","1"
"2024-10-15","2024-10-15 02:00:00 PM","Q58","W","503535","36","2","6","4"
"2024-10-15","2024-10-15 08:00:00 PM","M15","S","401775","36","3","3","2"
"2024-10-15","2024-10-15 06:00:00 AM","B35","W","302772","36","1","1","2"
"2024-10-15","2024-10-15 11:00:00 AM","S53","E","200664","36","3","0","2"
"2024-10-15","2024-10-15 09:00:00 PM","B46","S","303690","36","1","4","4"
"2024-10-15","2024-10-15 04:00:00 AM","S53","W","200311","36","2","0","1"
"2024-10-15","2024-10-15 12:00:00 AM","B35","E","302716","36","0","3","2"
"2024-10-15","2024-10-15 05:00:00 PM","B46","S","303690","36","1","15","4"
"2024-10-15","2024-10-15 03:00:00 PM","M15","S","401775","36","0","2","1"
"2024-10-15","2024-10-15 01:00:00 AM","Q58","W","503535","36","0","1","1"
"2024-10-15","2024-10-15 06:00:00 AM","BX19","N","100564","36","0","6","1"
"2024-10-15","2024-10-15 09:00:00 AM","M15","N","401712","36","1","1","1"
"2024-10-15","2024-10-15 07:00:00 AM","B46","N","303626","36","7","1","5"
"2024-10-15","2024-10-15 10:00:00 AM","BX19","S","403694","36","1","11","2"
"2024-10-15","2024-10-15 02:00:00 AM","B46","S","303690","36","0","1","1"
"2024-10-15","2024-10-15 01:00:00 PM","Q58","E","503480","36","4","6","5"
"2024-10-15","2024-10-15 06:00:00 PM","Q58","W","503535","36","2","4","3"
"2024-10-15","2024-10-15 03:00:00 PM","M15","N","405138","36","8","6","2"
"2024-10-15","2024-10-15 07:00:00 PM","M101","S","403416","36","2","8","1"
"2024-10-15","2024-10-15 07:00:00 AM","Q58","E","503490","36","8","2","1"
"2024-10-15","2024-10-15 11:00:00 AM","S53","W","200311","36","0","1","1"
"2024-10-15","2024-10-15 08:00:00 PM","Q58","E","503480","36","0","4","2"
"2024-10-15","2024-10-15 11:00:00 PM","Q58","W","503535","36","0","3","3"
"2024-10-15","2024-10-15 11:00:00 AM","B46","N","303626","36","2","14","2"
"2024-10-15","2024-10-15 06:00:00 PM","BX19","N","100562","36","2","11","3"
"2024-10-15","2024-10-15 06:00:00 PM","Q58","E","503480","36","2","9","4"
"2024-10-15","2024-10-15 03:00:00 PM","M15","N","401712","36","2","5","1"
"2024-10-15","2024-10-15 02:00:00 PM","M101","N","405074","36","1","10","2"
"2024-10-15","2024-10-15 06:00:00 AM","B46","N","303626","36","1","0","1"
"2024-10-15","2024-10-15 04:00:00 AM","B46","S","303690","36","0","1","1"
"2024-10-15","2024-10-15 09:00:00 AM","S53","W","200311","36","2","2","2"
"2024-10-15","2024-10-15 04:00:00 PM","BX19","S","403694","36","5","6","1"
"2024-10-15","2024-10-15 01:00:00 PM","BX19","S","403694","36","0","10","3"
"2024-10-15","2024-10-15 10:00:00 AM","Q58","W","503535","36","1","0","1"
"2024-10-15","2024-10-15 02:00:00 PM","B46","S","303690","36","0","2","1"
"2024-10-15","2024-10-15 03:00:00 PM","S53","W","200311","36","0","5","2"
"2024-10-15","2024-10-15 07:00:00 AM","M101","S","403416","36","0","4","1"
"2024-10-15","2024-10-15 08:00:00 AM","B46","N","303626","36","1","1","2"
"2024-10-15","2024-10-15 03:00:00 AM","M101","S","402805","36","1","0","1"
"2024-10-15","2024-10-15 01:00:00 AM","B46","S","303690","36","0","3","3"
"2024-10-15","2024-10-15 05:00:00 AM","M15","N","405138","36","4","2","1"
"2024-10-15","2024-10-15 06:00:00 AM","Q58","W","503535","36","0","6","3"
"2024-10-15","2024-10-15 05:00:00 AM","B35","E","302716","36","2","0","1"
"2024-10-15","2024-10-15 10:00:00 AM","BX19","N","100562","36","3","13","4"
"2024-10-15","2024-10-15 11:00:00 PM","Q58","E","503480","36","2","1","2"
"2024-10-15","2024-10-15 08:00:00 AM","Q58","E","503480","36","5","40","6"
"2024-10-15","2024-10-15 04:00:00 AM","B35","E","302716","36","0","1","1"
"2024-10-15","2024-10-15 10:00:00 PM","Q58","E","503480","36","1","2","2"
"2024-10-15","2024-10-15 05:00:00 PM","B46","N","303626","36","8","13","4"
"2024-10-15","2024-10-15 01:00:00 PM","Q58","W","503535","36","3","2","2"
"2024-10-15","2024-10-15 10:00:00 PM","Q58","W","503535","36","0","7","2"
"2024-10-15","2024-10-15 11:00:00 AM","B46","S","303690","36","3","2","2"
"2024-10-15","2024-10-15 07:00:00 PM","M15","S","401775","36","1","1","1"
"2024-10-15","2024-10-15 06:00:00 PM","BX19","S","403694","36","1","11","2"
"2024-10-15","2024-10-15 04:00:00 AM","M101","N","401947","36","0","3","1"
"2024-10-15","2024-10-15 12:00:00 PM","Q58","E","503480","36","1","8","3"
"2024-10-15","2024-10-15 06:00:00 AM","B35","E","302716","36","0","1","1"
"2024-10-15","2024-10-15 10:00:00 AM","Q58","E","503490","36","1","1","0"
"2024-10-15","2024-10-15 10:00:00 PM","BX19","N","100562","36","0","1","1"
"2024-10-15","2024-10-15 10:00:00 AM","Q58","E","503480","36","2","4","1"
"2024-10-15","2024-10-15 06:00:00 AM","M101","S","403416","36","1","6","1"
"2024-10-15","2024-10-15 01:00:00 AM","M101","S","402805","36","0","3","2"
"2024-10-15","2024-10-15 07:00:00 PM","M101","N","405074","36","0","1","1"
"2024-10-15","2024-10-15 06:00:00 AM","M15","S","401775","36","1","2","2"
"2024-10-15","2024-10-15 04:00:00 AM","M15","S","401775","36","0","1","1"
"2024-10-15","2024-10-15 04:00:00 AM","B46","N","303626","36","1","0","1"
"2024-10-15","2024-10-15 05:00:00 AM","B46","N","303626","36","2","1","2"
"2024-10-15","2024-10-15 07:00:00 AM","B46","S","303690","36","6","1","3"
"2024-10-15","2024-10-15 08:00:00 PM","Q58","W","503535","36","0","1","1"
"2024-10-15","2024-10-15 06:00:00 AM","S53","E","200664","36","0","1","1"
"2024-10-15","2024-10-15 09:00:00 AM","M101","N","405074","36","0","3","2"
"2024-10-15","2024-10-15 02:00:00 PM","B46","N","303626","36","3","6","4"
"2024-10-15","2024-10-15 05:00:00 AM","Q58","E","503480","36","3","0","3"
"2024-10-15","2024-10-15 06:00:00 AM","B46","S","303690","36","2","0","2"
"2024-10-15","2024-10-15 08:00:00 AM","B46","S","303690","36","1","3","3"
"2024-10-15","2024-10-15 09:00:00 PM","S53","W","200311","36","2","5","3"
"2024-10-15","2024-10-15 09:00:00 AM","M15","S","401775","36","1","3","3"
"2024-10-15","2024-10-15 05:00:00 PM","S53","W","200311","36","8","9","4"
"2024-10-15","2024-10-15 01:00:00 AM","B46","S","303691","37","0","3","2"
"2024-10-15","2024-10-15 11:00:00 PM","Q58","E","503481","37","1","11","3"
"2024-10-15","2024-10-15 02:00:00 PM","B46","S","303691","37","2","3","3"
"2024-10-15","2024-10-15 10:00:00 PM","BX19","N","100563","37","1","13","3"
"2024-10-15","2024-10-15 01:00:00 PM","Q58","E","503481","37","29","14","6"
"2024-10-15","2024-10-15 05:00:00 AM","B35","E","302718","37","2","0","1"
"2024-10-15","2024-10-15 01:00:00 AM","Q58","W","503536","37","0","1","1"
"2024-10-15","2024-10-15 01:00:00 PM","BX19","S","403695","37","2","24","3"
"2024-10-15","2024-10-15 02:00:00 PM","M101","N","402526","37","5","14","2"
"2024-10-15","2024-10-15 05:00:00 AM","Q58","W","503536","37","0","1","1"
"2024-10-15","2024-10-15 10:00:00 AM","BX19","N","100563","37","1","18","5"
"2024-10-15","2024-10-15 05:00:00 PM","B46","N","303627","37","2","13","4"
"2024-10-15","2024-10-15 06:00:00 PM","Q58","W","503536","37","2","10","5"
"2024-10-15","2024-10-15 03:00:00 AM","Q58","E","503481","37","0","1","1"
"2024-10-15","2024-10-15 08:00:00 AM","Q58","E","503481","37","13","22","5"
"2024-10-15","2024-10-15 05:00:00 AM","Q58","E","503481","37","10","1","4"
"2024-10-15","2024-10-15 05:00:00 AM","B46","S","303691","37","0","3","2"
"2024-10-15","2024-10-15 09:00:00 AM","M15","N","405100","37","0","1","1"
"2024-10-15","2024-10-15 11:00:00 PM","Q58","W","503536","37","0","6","4"
"2024-10-15","2024-10-15 06:00:00 AM","BX19","S","403695","37","1","3","1"
"2024-10-15","2024-10-15 04:00:00 AM","B46","N","303627","37","1","0","1"
"2024-10-15","2024-10-15 01:00:00 PM","BX19","N","100563","37","1","17","4"
"2024-10-15","2024-10-15 04:00:00 AM","Q58","E","503481","37","1","0","1"
"2024-10-15","2024-10-15 08:00:00 PM","Q58","W","503536","37","2","8","4"
"2024-10-15","2024-10-15 09:00:00 PM","B46","N","303627","37","3","1","2"
"2024-10-15","2024-10-15 10:00:00 PM","Q58","W","503536","37","0","11","5"
"2024-10-15","2024-10-15 06:00:00 AM","BX19","N","902030","37","0","1","1"
"2024-10-15","2024-10-15 03:00:00 AM","B46","N","303627","37","0","1","1"
"2024-10-15","2024-10-15 02:00:00 AM","B46","S","303691","37","1","3","1"
"2024-10-15","2024-10-15 03:00:00 PM","M15","S","405336","37","1","3","1"
"2024-10-15","2024-10-15 10:00:00 AM","BX19","S","403695","37","2","27","3"
"2024-10-15","2024-10-15 07:00:00 AM","B46","N","303627","37","8","20","5"
"2024-10-15","2024-10-15 05:00:00 PM","B46","S","303691","37","3","10","5"
"2024-10-15","2024-10-15 06:00:00 AM","Q58","W","503536","37","0","15","3"
"2024-10-15","2024-10-15 09:00:00 PM","B46","S","303691","37","0","5","2"
"2024-10-15","2024-10-15 01:00:00 AM","B46","N","303627","37","0","2","1"
"2024-10-15","2024-10-15 06:00:00 AM","B35","W","302773","37","2","5","1"
"2024-10-15","2024-10-15 05:00:00 AM","BX19","S","403695","37","1","3","1"
"2024-10-15","2024-10-15 08:00:00 PM","M15","S","405336","37","15","8","3"
"2024-10-15","2024-10-15 02:00:00 PM","Q58","W","503536","37","3","33","5"
"2024-10-15","2024-10-15 11:00:00 PM","BX19","S","403695","37","0","5","2"
"2024-10-15","2024-10-15 04:00:00 AM","B35","W","302773","37","1","0","1"
"2024-10-15","2024-10-15 09:00:00 AM","S53","E","201289","37","1","0","1"
"2024-10-15","2024-10-15 12:00:00 PM","Q58","W","503536","37","0","4","2"
"2024-10-15","2024-10-15 06:00:00 AM","S53","E","201289","37","2","1","2"
"2024-10-15","2024-10-15 10:00:00 PM","Q58","E","503481","37","6","23","6"
"2024-10-15","2024-10-15 05:00:00 PM","S53","W","200312","37","0","4","3"
"2024-10-15","2024-10-15 06:00:00 AM","Q58","E","503481","37","6","3","3"
"2024-10-15","2024-10-15 06:00:00 AM","Q58","E","503491","37","1","2","3"
"2024-10-15","2024-10-15 03:00:00 PM","S53","E","201289","37","4","2","2"
"2024-10-15","2024-10-15 06:00:00 AM","B46","S","303691","37","2","3","3"
"2024-10-15","2024-10-15 07:00:00 AM","B46","S","303691","37","2","4","3"
"2024-10-15","2024-10-15 10:00:00 AM","Q58","E","503481","37","14","8","2"
"2024-10-15","2024-10-15 02:00:00 AM","Q58","E","503481","37","0","1","1"
"2024-10-15","2024-10-15 09:00:00 AM","M101","N","402526","37","15","3","3"
"2024-10-15","2024-10-15 08:00:00 AM","B46","N","303627","37","11","23","5"
"2024-10-15","2024-10-15 12:00:00 PM","Q58","E","503481","37","16","10","5"
"2024-10-15","2024-10-15 11:00:00 AM","B46","S","303691","37","0","4","2"
"2024-10-15","2024-10-15 07:00:00 PM","M15","S","405336","37","3","3","1"
"2024-10-15","2024-10-15 12:00:00 PM","M15","S","405336","37","2","1","1"
"2024-10-15","2024-10-15 05:00:00 AM","M15","N","404253","37","1","4","1"
"2024-10-15","2024-10-15 08:00:00 AM","Q58","W","503536","37","4","10","4"
"2024-10-15","2024-10-15 12:00:00 AM","Q58","W","503536","37","0","1","1"
"2024-10-15","2024-10-15 07:00:00 AM","M101","S","403417","37","1","3","1"
"2024-10-15","2024-10-15 03:00:00 PM","S53","W","200312","37","0","1","1"
"2024-10-15","2024-10-15 02:00:00 AM","Q58","W","503536","37","0","1","1"
"2024-10-15","2024-10-15 10:00:00 AM","Q58","W","503536","37","4","2","2"
"2024-10-15","2024-10-15 12:00:00 AM","B46","N","303627","37","0","1","1"
"2024-10-15","2024-10-15 01:00:00 AM","B35","E","302718","37","0","2","1"
"2024-10-15","2024-10-15 06:00:00 AM","B46","N","303627","37","3","5","3"
"2024-10-15","2024-10-15 06:00:00 AM","B35","E","302718","37","0","1","1"
"2024-10-15","2024-10-15 03:00:00 PM","M15","N","404253","37","6","8","2"
"2024-10-15","2024-10-15 01:00:00 AM","Q58","E","503481","37","0","1","1"
"2024-10-15","2024-10-15 02:00:00 AM","S53","E","201289","37","1","0","1"
"2024-10-15","2024-10-15 07:00:00 PM","M101","S","403417","37","0","4","2"
"2024-10-15","2024-10-15 03:00:00 PM","M15","N","405100","37","1","0","1"
"2024-10-15","2024-10-15 06:00:00 PM","BX19","N","100563","37","0","21","2"
"2024-10-15","2024-10-15 07:00:00 AM","Q58","W","503536","37","7","15","4"
"2024-10-15","2024-10-15 11:00:00 AM","S53","W","200312","37","0","2","1"
"2024-10-15","2024-10-15 06:00:00 PM","Q58","E","503481","37","7","16","5"
"2024-10-15","2024-10-15 11:00:00 AM","B46","N","303627","37","2","5","4"
"2024-10-15","2024-10-15 07:00:00 PM","M101","N","402526","37","2","3","1"
"2024-10-15","2024-10-15 07:00:00 AM","Q58","E","503481","37","23","8","4"
"2024-10-15","2024-10-15 02:00:00 PM","B46","N","303627","37","9","22","7"
"2024-10-15","2024-10-15 04:00:00 PM","BX19","N","100563","37","2","21","5"
"2024-10-15","2024-10-15 09:00:00 PM","S53","W","200312","37","0","1","1"
"2024-10-15","2024-10-15 09:00:00 AM","M15","S","405336","37","9","10","4"
"2024-10-15","2024-10-15 03:00:00 AM","Q58","W","503536","37","0","1","1"
"2024-10-15","2024-10-15 05:00:00 AM","M101","N","402741","37","0","3","1"
"2024-10-15","2024-10-15 06:00:00 AM","M15","S","405336","37","0","2","1"
"2024-10-15","2024-10-15 05:00:00 AM","B46","N","303627","37","3","5","3"
"2024-10-15","2024-10-15 06:00:00 PM","BX19","S","403695","37","5","51","5"
"2024-10-15","2024-10-15 04:00:00 PM","BX19","S","403695","37","4","21","1"
"2024-10-15","2024-10-15 08:00:00 PM","Q58","E","503481","37","12","14","4"
"2024-10-15","2024-10-15 04:00:00 AM","Q58","W","503536","37","0","2","1"
"2024-10-15","2024-10-15 01:00:00 PM","Q58","W","503536","37","2","8","5"
"2024-10-15","2024-10-15 09:00:00 PM","Q58","W","503536","37","0","16","6"
"2024-10-15","2024-10-15 09:00:00 AM","B46","N","303627","37","9","11","6"
"2024-10-15","2024-10-15 03:00:00 PM","M101","S","403417","37","8","32","3"
"2024-10-15","2024-10-15 08:00:00 PM","BX19","S","403695","37","0","33","3"
"2024-10-15","2024-10-15 08:00:00 AM","BX19","N","100563","37","2","22","3"
"2024-10-15","2024-10-15 07:00:00 PM","BX19","N","100563","37","3","25","6"
"2024-10-15","2024-10-15 07:00:00 AM","S53","W","200312","37","0","1","1"
"2024-10-15","2024-10-15 01:00:00 PM","M101","N","402526","37","12","7","2"
"2024-10-15","2024-10-15 12:00:00 PM","BX19","S","403695","37","2","26","2"
"2024-10-15","2024-10-15 11:00:00 PM","B46","S","303691","37","0","8","4"
"2024-10-15","2024-10-15 11:00:00 AM","M15","N","405100","37","2","11","2"
"2024-10-15","2024-10-15 08:00:00 AM","S53","W","200312","37","2","0","1"
"2024-10-15","2024-10-15 09:00:00 AM","B46","S","303691","37","1","2","2"
"2024-10-15","2024-10-15 06:00:00 PM","M101","S","403417","37","4","11","1"
"2024-10-15","2024-10-15 01:00:00 PM","S53","W","200312","37","0","2","1"
"2024-10-15","2024-10-15 06:00:00 PM","B46","S","303691","37","3","3","3"
"2024-10-15","2024-10-15 02:00:00 PM","BX19","S","403695","37","2","47","4"
"2024-10-15","2024-10-15 09:00:00 PM","Q58","E","503481","37","5","12","5"
"2024-10-15","2024-10-15 07:00:00 PM","BX19","S","403695","37","0","35","2"
"2024-10-15","2024-10-15 08:00:00 PM","S53","W","200312","37","1","0","1"
"2024-10-15","2024-10-15 11:00:00 AM","M15","N","404253","37","8","2","2"
"2024-10-15","2024-10-15 11:00:00 PM","B46","N","303627","37","2","11","3"
"2024-10-15","2024-10-15 10:00:00 AM","B46","N","303627","37","0","5","2"
"2024-10-15","2024-10-15 11:00:00 PM","B35","E","302718","37","0","2","1"
"2024-10-15","2024-10-15 05:00:00 PM","BX19","N","100563","37","2","16","2"
"2024-10-15","2024-10-15 09:00:00 PM","M101","N","402526","37","2","5","1"
"2024-10-15","2024-10-15 02:00:00 PM","BX19","N","100563","37","1","6","1"
"2024-10-15","2024-10-15 11:00:00 AM","M101","S","403417","37","9","5","2"
"2024-10-15","2024-10-15 07:00:00 PM","Q58","E","503481","37","5","12","4"
"2024-10-15","2024-10-15 10:00:00 PM","B46","S","303691","37","0","6","3"
"2024-10-15","2024-10-15 01:00:00 PM","B46","N","303627","37","1","11","3"
"2024-10-15","2024-10-15 05:00:00 PM","BX19","S","403695","37","1","46","3"
"2024-10-15","2024-10-15 12:00:00 PM","BX19","N","100563","37","7","14","4"
"2024-10-15","2024-10-15 09:00:00 PM","M15","N","405100","37","2","8","1"
"2024-10-15","2024-10-15 01:00:00 PM","B46","S","303691","37","2","6","3"
"2024-10-15","2024-10-15 09:00:00 PM","M101","S","403417","37","0","2","0"
"2024-10-15","2024-10-15 07:00:00 AM","M15","N","405100","37","2","13","1"
"2024-10-15","2024-10-15 02:00:00 PM","Q58","E","503481","37","41","32","7"
"2024-10-15","2024-10-15 07:00:00 PM","Q58","W","503536","37","1","7","3"
"2024-10-15","2024-10-15 04:00:00 PM","M15","S","405336","37","9","2","2"
"2024-10-15","2024-10-15 10:00:00 AM","B46","S","303691","37","2","6","4"
"2024-10-15","2024-10-15 04:00:00 PM","S53","W","200312","37","0","1","1"
"2024-10-15","2024-10-15 10:00:00 AM","S53","W","200312","37","0","1","1"
"2024-10-15","2024-10-15 07:00:00 AM","S53","E","201289","37","1","2","2"
"2024-10-15","2024-10-15 01:00:00 PM","S53","E","201289","37","1","3","2"
"2024-10-15","2024-10-15 07:00:00 AM","M15","N","404253","37","6","2","1"
"2024-10-15","2024-10-15 04:00:00 PM","S53","E","201289","37","2","0","2"
"2024-10-15","2024-10-15 08:00:00 AM","BX19","S","403695","37","1","35","3"
"2024-10-15","2024-10-15 06:00:00 PM","B46","N","303627","37","3","4","2"
"2024-10-15","2024-10-15 04:00:00 PM","B46","N","303627","37","0","6","2"
"2024-10-15","2024-10-15 09:00:00 AM","Q58","W","503536","37","3","1","3"
"2024-10-15","2024-10-15 10:00:00 AM","M101","S","403417","37","2","20","3"
"2024-10-15","2024-10-15 05:00:00 PM","Q58","E","503481","37","8","16","4"
"2024-10-15","2024-10-15 07:00:00 AM","BX19","S","403695","37","1","35","3"
"2024-10-15","2024-10-15 10:00:00 PM","M15","N","404253","37","1","3","1"
"2024-10-15","2024-10-15 05:00:00 PM","M15","S","405336","37","13","0","2"
"2024-10-15","2024-10-15 11:00:00 AM","Q58","E","503481","37","3","6","3"
"2024-10-15","2024-10-15 09:00:00 PM","BX19","N","100563","37","0","12","3"
"2024-10-15","2024-10-15 11:00:00 PM","M15","S","405336","37","4","7","2"
"2024-10-15","2024-10-15 09:00:00 AM","Q58","E","503481","37","5","4","3"
"2024-10-15","2024-10-15 11:00:00 PM","S53","W","200312","37","0","1","1"
"2024-10-15","2024-10-15 12:00:00 PM","B46","N","303627","37","4","15","5"
"2024-10-15","2024-10-15 04:00:00 PM","Q58","E","503481","37","17","43","8"
"2024-10-15","2024-10-15 03:00:00 PM","B46","N","303627","37","13","19","4"
"2024-10-15","2024-10-16 12:00:00 AM","B46","S","303691","37","1","4","1"
"2024-10-15","2024-10-15 04:00:00 PM","B46","S","303691","37","4","6","3"
"2024-10-15","2024-10-15 03:00:00 PM","Q58","W","503536","37","2","9","6"
"2024-10-15","2024-10-15 03:00:00 PM","Q58","E","503481","37","31","35","5"
"2024-10-15","2024-10-15 11:00:00 AM","BX19","S","403695","37","2","39","5"
"2024-10-15","2024-10-15 06:00:00 PM","M15","N","405100","37","3","24","3"
"2024-10-15","2024-10-15 08:00:00 PM","M101","N","402526","37","2","4","2"
"2024-10-15","2024-10-15 05:00:00 PM","Q58","W","503536","37","1","5","3"
"2024-10-15","2024-10-15 07:00:00 PM","B46","N","303627","37","2","8","5"
"2024-10-15","2024-10-15 06:00:00 PM","S53","W","200312","37","0","4","1"
"2024-10-15","2024-10-15 08:00:00 PM","B46","S","303691","37","3","14","4"
"2024-10-15","2024-10-15 08:00:00 AM","M101","N","402526","37","5","0","1"
"2024-10-15","2024-10-15 07:00:00 PM","B46","S","303691","37","0","4","2"
"2024-10-15","2024-10-15 01:00:00 PM","M15","S","405336","37","12","11","3"
"2024-10-15","2024-10-15 04:00:00 PM","Q58","W","503536","37","5","23","7"
"2024-10-15","2024-10-15 12:00:00 PM","B46","S","303691","37","1","9","3"
"2024-10-15","2024-10-15 08:00:00 PM","M101","S","403417","37","0","19","2"
"2024-10-15","2024-10-15 06:00:00 PM","S53","E","201289","37","1","0","1"
"2024-10-15","2024-10-15 08:00:00 AM","M15","S","405336","37","11","6","1"
"2024-10-15","2024-10-15 10:00:00 PM","M101","N","402526","37","8","0","1"
"2024-10-15","2024-10-15 09:00:00 AM","BX19","S","403695","37","0","38","5"
"2024-10-15","2024-10-15 07:00:00 PM","S53","E","201289","37","5","2","1"
"2024-10-15","2024-10-15 04:00:00 PM","M101","S","403417","37","0","14","1"
"2024-10-15","2024-10-15 03:00:00 PM","BX19","S","403695","37","2","45","4"
"2024-10-15","2024-10-15 02:00:00 PM","M15","N","404253","37","0","5","1"
"2024-10-15","2024-10-15 04:00:00 PM","M101","N","402526","37","0","2","1"
"2024-10-15","2024-10-15 11:00:00 PM","M101","S","405057","37","0","3","1"
"2024-10-15","2024-10-15 10:00:00 PM","B46","N","303627","37","0","4","2"
"2024-10-15","2024-10-15 09:00:00 AM","BX19","N","100563","37","3","9","4"
"2024-10-15","2024-10-15 01:00:00 PM","M15","N","404253","37","2","1","1"
"2024-10-15","2024-10-15 06:00:00 PM","M15","N","404253","37","2","0","1"
"2024-10-15","2024-10-15 03:00:00 PM","BX19","N","100563","37","2","17","4"
"2024-10-15","2024-10-15 08:00:00 PM","B46","N","303627","37","3","7","3"
"2024-10-15","2024-10-15 11:00:00 AM","BX19","N","100563","37","0","4","1"
"2024-10-15","2024-10-15 03:00:00 PM","B46","S","303691","37","9","12","4"
"2024-10-15","2024-10-15 10:00:00 PM","S53","E","201289","37","2","0","1"
"2024-10-15","2024-10-15 10:00:00 PM","M101","S","405057","37","1","0","1"
"2024-10-15","2024-10-15 05:00:00 PM","M101","N","402526","37","3","8","1"
"2024-10-15","2024-10-15 07:00:00 AM","BX19","N","902030","37","0","3","1"
"2024-10-15","2024-10-15 07:00:00 PM","S53","W","200312","37","0","1","1"
"2024-10-15","2024-10-15 07:00:00 PM","B46","S","303692","38","3","13","5"
"2024-10-15","2024-10-15 12:00:00 PM","S53","W","200313","38","0","3","2"
"2024-10-15","2024-10-15 04:00:00 PM","B46","S","303692","38","9","39","7"
"2024-10-15","2024-10-15 09:00:00 AM","BX19","N","100564","38","3","47","4"
"2024-10-15","2024-10-15 08:00:00 AM","M15","S","401778","38","0","8","1"
"2024-10-15","2024-10-15 05:00:00 PM","Q58","W","503537","38","0","19","5"
"2024-10-15","2024-10-15 07:00:00 PM","S53","E","200128","38","2","1","1"
"2024-10-15","2024-10-15 08:00:00 PM","M101","S","402816","38","0","6","2"
"2024-10-15","2024-10-15 08:00:00 PM","M101","S","405272","38","1","4","0"
"2024-10-15","2024-10-15 12:00:00 PM","S53","E","200128","38","5","1","1"
"2024-10-15","2024-10-15 04:00:00 PM","B46","N","303628","38","6","12","2"
"2024-10-15","2024-10-15 11:00:00 AM","BX19","N","100564","38","1","14","1"
"2024-10-15","2024-10-15 04:00:00 PM","Q58","E","503689","38","1","3","3"
"2024-10-15","2024-10-15 05:00:00 PM","Q58","E","503689","38","0","2","1"
"2024-10-15","2024-10-15 03:00:00 PM","B46","S","303692","38","11","20","4"
"2024-10-15","2024-10-15 07:00:00 PM","S53","W","200313","38","1","6","2"
"2024-10-15","2024-10-15 09:00:00 AM","Q58","W","503537","38","6","17","6"
"2024-10-15","2024-10-15 11:00:00 PM","M101","S","403416","38","1","4","2"
"2024-10-15","2024-10-15 06:00:00 PM","S53","W","200313","38","1","6","2"
"2024-10-15","2024-10-15 09:00:00 PM","BX19","N","100564","38","0","8","2"
"2024-10-15","2024-10-15 09:00:00 AM","Q58","E","503689","38","0","1","1"
"2024-10-15","2024-10-15 12:00:00 PM","B46","N","303628","38","2","2","3"
"2024-10-15","2024-10-15 10:00:00 PM","M15","N","401706","38","0","1","1"
"2024-10-15","2024-10-15 07:00:00 AM","BX19","S","403696","38","0","51","4"
"2024-10-15","2024-10-15 10:00:00 AM","M101","S","402816","38","3","13","2"
"2024-10-15","2024-10-15 10:00:00 PM","S53","E","200128","38","2","1","1"
"2024-10-15","2024-10-15 05:00:00 PM","M101","N","405073","38","2","5","1"
"2024-10-15","2024-10-15 05:00:00 PM","M101","N","403436","38","1","6","0"
"2024-10-15","2024-10-15 10:00:00 PM","M101","S","403416","38","1","6","1"
"2024-10-15","2024-10-15 11:00:00 AM","Q58","W","503537","38","4","8","4"
"2024-10-15","2024-10-15 03:00:00 PM","BX19","N","100564","38","0","26","4"
"2024-10-15","2024-10-15 04:00:00 PM","M101","N","405073","38","3","5","1"
"2024-10-15","2024-10-15 03:00:00 PM","BX19","S","403696","38","3","53","3"
"2024-10-15","2024-10-15 09:00:00 AM","BX19","S","403696","38","1","39","5"
"2024-10-15","2024-10-15 10:00:00 PM","M101","N","405073","38","1","0","1"
"2024-10-15","2024-10-15 06:00:00 PM","M15","N","401706","38","2","0","1"
"2024-10-15","2024-10-15 06:00:00 PM","M15","N","401715","38","7","19","2"
"2024-10-15","2024-10-15 11:00:00 PM","S53","E","200128","38","1","0","1"
"2024-10-15","2024-10-15 12:00:00 PM","B46","S","303692","38","4","14","3"
"2024-10-15","2024-10-15 03:00:00 PM","B46","N","303628","38","0","7","3"
"2024-10-15","2024-10-15 08:00:00 AM","M15","N","401715","38","0","7","1"
"2024-10-15","2024-10-15 08:00:00 PM","B46","S","303692","38","4","13","4"
"2024-10-15","2024-10-15 11:00:00 PM","M15","S","401778","38","0","2","1"
"2024-10-15","2024-10-15 04:00:00 PM","M101","S","402816","38","2","3","1"
"2024-10-15","2024-10-15 11:00:00 AM","BX19","S","403696","38","2","66","5"
"2024-10-15","2024-10-15 05:00:00 PM","M15","S","401778","38","2","2","2"
"2024-10-15","2024-10-15 08:00:00 AM","M101","N","405073","38","3","3","2"
"2024-10-15","2024-10-15 01:00:00 PM","M15","S","401778","38","3","18","3"
"2024-10-15","2024-10-15 03:00:00 PM","Q58","W","503537","38","10","28","7"
"2024-10-15","2024-10-15 10:00:00 PM","B46","N","303628","38","0","1","1"
"2024-10-15","2024-10-15 07:00:00 PM","B46","N","303628","38","5","2","4"
"2024-10-15","2024-10-15 04:00:00 PM","Q58","W","503537","38","14","29","8"
"2024-10-15","2024-10-15 06:00:00 PM","S53","E","200128","38","7","7","3"
"2024-10-15","2024-10-15 08:00:00 PM","M101","N","405073","38","1","2","1"
"2024-10-15","2024-10-15 03:00:00 PM","M15","S","401778","38","0","6","1"
"2024-10-15","2024-10-15 11:00:00 AM","B46","N","303628","38","3","1","2"
"2024-10-15","2024-10-15 03:00:00 AM","M101","S","403416","38","2","1","1"
"2024-10-15","2024-10-15 01:00:00 AM","B46","S","303692","38","0","8","2"
"2024-10-15","2024-10-15 05:00:00 AM","B35","E","302719","38","0","1","1"
"2024-10-15","2024-10-15 06:00:00 PM","BX19","N","100564","38","0","15","3"
"2024-10-15","2024-10-15 11:00:00 PM","BX19","S","403696","38","0","14","2"
"2024-10-15","2024-10-15 06:00:00 PM","BX19","S","403696","38","3","119","5"
"2024-10-15","2024-10-15 12:00:00 AM","B46","S","303692","38","0","2","1"
"2024-10-15","2024-10-15 07:00:00 PM","M101","S","402816","38","3","4","1"
"2024-10-15","2024-10-15 05:00:00 AM","BX19","S","403696","38","11","0","1"
"2024-10-15","2024-10-15 06:00:00 AM","BX19","S","403696","38","0","10","1"
"2024-10-15","2024-10-15 08:00:00 AM","B46","S","303692","38","5","7","3"
"2024-10-15","2024-10-15 08:00:00 PM","Q58","W","503537","38","4","2","3"
"2024-10-15","2024-10-15 07:00:00 AM","M101","S","402816","38","0","2","1"
"2024-10-15","2024-10-15 09:00:00 AM","S53","E","200128","38","25","7","5"
"2024-10-15","2024-10-15 02:00:00 AM","S53","E","200128","38","2","2","1"
"2024-10-15","2024-10-15 03:00:00 PM","S53","W","200313","38","3","3","2"
"2024-10-15","2024-10-15 07:00:00 AM","B46","S","303692","38","12","24","6"
"2024-10-15","2024-10-15 02:00:00 PM","M101","N","405073","38","2","7","1"
"2024-10-15","2024-10-15 09:00:00 PM","B46","N","303628","38","1","1","2"
"2024-10-15","2024-10-15 05:00:00 AM","B46","N","303628","38","1","0","1"
"2024-10-15","2024-10-15 02:00:00 AM","Q58","W","503537","38","0","2","1"
"2024-10-15","2024-10-15 04:00:00 AM","B35","E","302719","38","0","1","1"
"2024-10-15","2024-10-15 11:00:00 PM","Q58","W","503537","38","1","9","5"
"2024-10-15","2024-10-15 07:00:00 PM","M101","N","405073","38","1","1","1"
"2024-10-15","2024-10-15 04:00:00 AM","S53","E","200128","38","6","0","2"
"2024-10-15","2024-10-15 01:00:00 PM","Q58","W","503537","38","2","10","5"
"2024-10-15","2024-10-15 03:00:00 PM","S53","E","200128","38","4","7","2"
"2024-10-15","2024-10-15 05:00:00 AM","B35","W","302774","38","3","0","1"
"2024-10-15","2024-10-15 06:00:00 AM","S53","E","200128","38","25","3","4"
"2024-10-15","2024-10-15 04:00:00 AM","B46","S","303692","38","1","1","1"
"2024-10-15","2024-10-15 01:00:00 PM","BX19","S","403696","38","1","46","3"
"2024-10-15","2024-10-15 07:00:00 PM","M15","N","401715","38","2","6","1"
"2024-10-15","2024-10-15 03:00:00 AM","S53","E","200128","38","0","1","1"
"2024-10-15","2024-10-15 03:00:00 PM","M15","N","401715","38","5","1","1"
"2024-10-15","2024-10-15 09:00:00 PM","B46","S","303692","38","0","10","4"
"2024-10-15","2024-10-15 10:00:00 AM","Q58","W","503537","38","5","7","6"
"2024-10-15","2024-10-15 01:00:00 AM","Q58","W","503537","38","1","0","1"
"2024-10-15","2024-10-15 03:00:00 PM","M15","N","401706","38","3","2","1"
"2024-10-15","2024-10-15 06:00:00 AM","Q58","W","503537","38","11","46","7"
"2024-10-15","2024-10-15 01:00:00 AM","B35","E","302719","38","0","3","2"
"2024-10-15","2024-10-15 04:00:00 PM","BX19","S","403696","38","0","54","3"
"2024-10-15","2024-10-15 06:00:00 AM","B46","N","303628","38","1","2","3"
"2024-10-15","2024-10-15 06:00:00 AM","B35","E","302719","38","1","0","1"
"2024-10-15","2024-10-15 05:00:00 AM","S53","E","200128","38","3","0","1"
"2024-10-15","2024-10-15 10:00:00 AM","Q58","E","503492","38","0","1","0"
"2024-10-15","2024-10-15 04:00:00 AM","M101","N","403436","38","2","0","1"
"2024-10-15","2024-10-15 06:00:00 AM","B35","W","302774","38","1","0","1"
"2024-10-15","2024-10-15 09:00:00 PM","S53","E","200128","38","5","4","2"
"2024-10-15","2024-10-15 06:00:00 AM","M15","S","401778","38","1","1","1"
"2024-10-15","2024-10-15 09:00:00 AM","M15","N","401715","38","0","5","1"
"2024-10-15","2024-10-15 06:00:00 AM","M101","S","402816","38","0","2","1"
"2024-10-15","2024-10-15 05:00:00 PM","B46","S","303692","38","11","11","5"
"2024-10-15","2024-10-15 02:00:00 PM","Q58","W","503537","38","6","24","6"
"2024-10-15","2024-10-15 08:00:00 AM","Q58","W","503537","38","3","30","6"
"2024-10-15","2024-10-15 09:00:00 AM","M101","N","405073","38","2","3","2"
"2024-10-15","2024-10-15 11:00:00 AM","B46","S","303692","38","15","7","4"
"2024-10-15","2024-10-15 12:00:00 PM","Q58","W","503537","38","0","8","3"
"2024-10-15","2024-10-15 06:00:00 PM","Q58","W","503537","38","16","15","6"
"2024-10-15","2024-10-15 02:00:00 PM","B46","S","303692","38","10","10","5"
"2024-10-15","2024-10-15 07:00:00 AM","B46","N","303628","38","7","1","2"
"2024-10-15","2024-10-15 10:00:00 AM","BX19","S","403696","38","0","37","4"
"2024-10-15","2024-10-15 06:00:00 AM","Q58","E","503492","38","6","3","3"
"2024-10-15","2024-10-15 12:00:00 PM","Q58","E","503689","38","0","2","1"
"2024-10-15","2024-10-15 04:00:00 PM","BX19","N","100564","38","2","44","5"
"2024-10-15","2024-10-15 09:00:00 AM","S53","W","200313","38","1","0","0"
"2024-10-15","2024-10-15 04:00:00 AM","Q58","W","503537","38","0","12","2"
"2024-10-15","2024-10-15 03:00:00 AM","Q58","W","503537","38","0","3","1"
"2024-10-15","2024-10-15 02:00:00 PM","B46","N","303628","38","4","8","4"
"2024-10-15","2024-10-15 10:00:00 AM","BX19","N","100564","38","0","41","5"
"2024-10-15","2024-10-15 08:00:00 AM","B46","N","303628","38","1","2","2"
"2024-10-15","2024-10-15 07:00:00 AM","Q58","E","503492","38","10","4","1"
"2024-10-15","2024-10-15 09:00:00 AM","M15","S","401778","38","8","2","3"
"2024-10-15","2024-10-15 07:00:00 PM","M15","S","401778","38","1","3","1"
"2024-10-15","2024-10-15 05:00:00 AM","B46","S","303692","38","5","10","3"
"2024-10-15","2024-10-15 07:00:00 AM","Q58","W","503537","38","18","38","6"
"2024-10-15","2024-10-15 01:00:00 AM","S53","E","200128","38","1","0","1"
"2024-10-15","2024-10-15 01:00:00 PM","Q58","E","503689","38","0","4","3"
"2024-10-15","2024-10-15 08:00:00 PM","M15","S","401778","38","7","7","2"
"2024-10-15","2024-10-15 05:00:00 PM","B46","N","303628","38","1","3","2"
"2024-10-15","2024-10-15 12:00:00 PM","M15","S","401778","38","0","3","1"
"2024-10-15","2024-10-15 11:00:00 AM","S53","E","200128","38","8","2","3"
"2024-10-15","2024-10-15 10:00:00 PM","Q58","W","503537","38","0","8","4"
"2024-10-15","2024-10-15 10:00:00 PM","BX19","N","100564","38","0","6","3"
"2024-10-15","2024-10-15 09:00:00 PM","S53","W","200313","38","1","5","3"
"2024-10-15","2024-10-15 05:00:00 AM","M101","N","405077","38","0","6","1"
"2024-10-15","2024-10-15 06:00:00 AM","B46","S","303692","38","6","13","3"
"2024-10-15","2024-10-15 05:00:00 PM","S53","W","200313","38","1","6","3"
"2024-10-15","2024-10-15 05:00:00 AM","Q58","W","503537","38","0","2","1"
"2024-10-15","2024-10-15 08:00:00 PM","Q58","E","503689","38","0","2","2"
"2024-10-15","2024-10-15 01:00:00 PM","BX19","N","100564","38","0","72","5"
"2024-10-15","2024-10-15 06:00:00 PM","Q58","E","503689","38","0","3","1"
"2024-10-15","2024-10-15 02:00:00 PM","BX19","S","403696","38","0","80","4"
"2024-10-15","2024-10-15 02:00:00 PM","BX19","N","100564","38","0","19","1"
"2024-10-15","2024-10-15 03:00:00 PM","M101","S","402816","38","6","28","3"
"2024-10-15","2024-10-15 01:00:00 PM","S53","W","200313","38","1","0","1"
"2024-10-15","2024-10-15 04:00:00 PM","M15","S","401778","38","3","9","2"
"2024-10-15","2024-10-15 01:00:00 PM","S53","E","200128","38","3","5","1"
"2024-10-15","2024-10-15 04:00:00 PM","S53","E","200128","38","1","7","3"
"2024-10-15","2024-10-15 01:00:00 PM","M101","N","405073","38","1","4","1"
"2024-10-15","2024-10-15 04:00:00 PM","S53","W","200313","38","0","5","1"
"2024-10-15","2024-10-15 01:00:00 PM","B46","S","303692","38","7","14","4"
"2024-10-15","2024-10-15 01:00:00 PM","B46","N","303628","38","2","10","3"
"2024-10-15","2024-10-15 05:00:00 PM","BX19","N","100564","38","0","27","2"
"2024-10-15","2024-10-15 12:00:00 PM","BX19","S","403696","38","2","34","2"
"2024-10-15","2024-10-15 05:00:00 PM","BX19","S","403696","38","0","46","3"
"2024-10-15","2024-10-15 12:00:00 PM","BX19","N","100564","38","0","27","4"
"2024-10-15","2024-10-15 11:00:00 AM","M15","S","401778","38","0","2","1"
"2024-10-15","2024-10-15 11:00:00 AM","M15","N","401706","38","0","1","1"
"2024-10-15","2024-10-15 11:00:00 AM","M15","N","401715","38","0","3","1"
"2024-10-15","2024-10-15 06:00:00 PM","B46","N","303628","38","0","1","1"
"2024-10-15","2024-10-15 06:00:00 PM","B46","S","303692","38","5","9","3"
"2024-10-15","2024-10-15 11:00:00 AM","M101","S","402816","38","4","11","2"
"2024-10-15","2024-10-15 06:00:00 PM","M101","N","405073","38","1","3","1"
"2024-10-15","2024-10-15 06:00:00 PM","M101","S","402816","38","4","8","2"
"2024-10-15","2024-10-15 10:00:00 AM","S53","W","200313","38","1","0","1"
"2024-10-15","2024-10-15 10:00:00 AM","S53","E","200128","38","4","2","1"
"2024-10-15","2024-10-15 10:00:00 AM","B46","S","303692","38","12","10","6"
"2024-10-15","2024-10-15 10:00:00 AM","B46","N","303628","38","1","0","1"
"2024-10-15","2024-10-15 07:00:00 PM","BX19","N","100564","38","1","44","6"
"2024-10-15","2024-10-15 07:00:00 PM","BX19","S","403696","38","2","59","2"
"2024-10-15","2024-10-15 07:00:00 PM","Q58","E","503689","38","1","1","2"
"2024-10-15","2024-10-15 09:00:00 AM","B46","S","303692","38","12","9","4"
"2024-10-15","2024-10-15 07:00:00 PM","Q58","W","503537","38","1","21","5"
"2024-10-15","2024-10-15 11:00:00 PM","B46","S","303692","38","1","23","4"
"2024-10-15","2024-10-15 09:00:00 AM","B46","N","303628","38","5","9","5"
"2024-10-15","2024-10-15 08:00:00 PM","BX19","S","403696","38","0","32","3"
"2024-10-15","2024-10-15 08:00:00 PM","S53","E","200128","38","2","4","1"
"2024-10-15","2024-10-15 08:00:00 AM","S53","W","200313","38","2","4","2"
"2024-10-15","2024-10-15 08:00:00 AM","S53","E","200128","38","3","1","1"
"2024-10-15","2024-10-15 08:00:00 AM","BX19","S","403696","38","0","39","3"
"2024-10-15","2024-10-15 08:00:00 AM","BX19","N","100564","38","0","23","2"
"2024-10-15","2024-10-15 09:00:00 PM","M101","N","405073","38","0","1","1"
"2024-10-15","2024-10-15 09:00:00 PM","M101","S","402816","38","1","3","0"
"2024-10-15","2024-10-15 09:00:00 PM","M15","N","401715","38","2","3","1"
"2024-10-15","2024-10-15 09:00:00 PM","M15","N","401706","38","1","2","1"
"2024-10-15","2024-10-15 09:00:00 PM","Q58","E","503689","38","0","3","3"
"2024-10-15","2024-10-15 07:00:00 AM","S53","W","200313","38","0","2","1"
"2024-10-15","2024-10-15 09:00:00 PM","Q58","W","503537","38","3","19","6"
"2024-10-15","2024-10-15 10:00:00 PM","B46","S","303692","38","0","7","3"
"2024-10-15","2024-10-15 07:00:00 AM","S53","E","200128","38","37","1","3"
"2024-10-15","2024-10-15 11:00:00 PM","B35","E","302719","38","3","12","1"
"2024-10-15","2024-10-15 07:00:00 AM","M15","N","401706","38","7","3","1"
"2024-10-15","2024-10-15 11:00:00 PM","B46","N","303628","38","0","1","1"
"2024-10-15","2024-10-15 11:00:00 AM","M101","S","403418","39","10","10","2"
"2024-10-15","2024-10-15 07:00:00 PM","BX19","S","403950","39","0","2","2"
"2024-10-15","2024-10-15 10:00:00 AM","B46","N","303629","39","2","5","4"
"2024-10-15","2024-10-15 10:00:00 AM","B46","S","303693","39","2","6","6"
"2024-10-15","2024-10-15 02:00:00 PM","BX19","N","902030","39","2","0","1"
"2024-10-15","2024-10-15 11:00:00 PM","B35","E","306838","39","1","1","1"
"2024-10-15","2024-10-15 09:00:00 PM","M101","S","403418","39","0","4","0"
"2024-10-15","2024-10-15 01:00:00 PM","B46","S","303693","39","3","1","3"
"2024-10-15","2024-10-15 11:00:00 PM","B46","S","303693","39","0","4","3"
"2024-10-15","2024-10-15 01:00:00 PM","B46","N","303629","39","1","9","3"
"2024-10-15","2024-10-15 08:00:00 AM","S53","W","200314","39","1","0","1"
"2024-10-15","2024-10-15 06:00:00 PM","B46","N","303629","39","1","1","2"
"2024-10-15","2024-10-15 08:00:00 PM","S53","W","200314","39","1","4","3"
"2024-10-15","2024-10-15 06:00:00 PM","M101","N","404853","39","0","2","1"
"2024-10-15","2024-10-15 08:00:00 PM","BX19","S","403950","39","2","1","1"
"2024-10-15","2024-10-15 06:00:00 PM","M101","S","403418","39","5","1","1"
"2024-10-15","2024-10-15 09:00:00 AM","B46","N","303629","39","2","3","4"
"2024-10-15","2024-10-15 02:00:00 PM","Q58","E","503482","39","11","8","7"
"2024-10-15","2024-10-15 09:00:00 PM","Q58","W","503538","39","0","1","1"
"2024-10-15","2024-10-15 11:00:00 AM","M15","N","401716","39","0","5","2"
"2024-10-15","2024-10-15 08:00:00 AM","BX19","N","902030","39","0","4","2"
"2024-10-15","2024-10-15 11:00:00 AM","M15","N","401707","39","0","1","1"
"2024-10-15","2024-10-15 11:00:00 PM","B46","N","303629","39","0","9","2"
"2024-10-15","2024-10-15 10:00:00 PM","B46","S","303693","39","0","3","2"
"2024-10-15","2024-10-15 07:00:00 AM","S53","W","200314","39","0","1","1"
"2024-10-15","2024-10-15 07:00:00 PM","Q58","W","503538","39","0","1","1"
"2024-10-15","2024-10-15 09:00:00 AM","B46","S","303693","39","2","1","2"
"2024-10-15","2024-10-15 09:00:00 PM","M15","N","401716","39","0","2","1"
"2024-10-15","2024-10-15 08:00:00 PM","S53","E","200129","39","1","0","1"
"2024-10-15","2024-10-15 02:00:00 PM","BX19","S","403950","39","0","1","1"
"2024-10-15","2024-10-15 10:00:00 AM","S53","W","200314","39","1","0","1"
"2024-10-15","2024-10-15 04:00:00 PM","M15","S","401779","39","6","9","2"
"2024-10-15","2024-10-15 01:00:00 PM","S53","E","200129","39","1","0","1"
"2024-10-15","2024-10-15 04:00:00 PM","S53","E","200129","39","0","1","1"
"2024-10-15","2024-10-15 09:00:00 PM","Q58","E","503482","39","0","11","4"
"2024-10-15","2024-10-15 09:00:00 PM","M101","N","404853","39","2","0","1"
"2024-10-15","2024-10-15 07:00:00 AM","S53","E","200129","39","9","0","3"
"2024-10-15","2024-10-15 03:00:00 PM","M101","S","403418","39","7","0","1"
"2024-10-15","2024-10-15 05:00:00 PM","BX19","S","403950","39","0","1","1"
"2024-10-15","2024-10-15 12:00:00 PM","BX19","S","403950","39","0","6","2"
"2024-10-15","2024-10-15 06:00:00 PM","B46","S","303693","39","1","3","3"
"2024-10-15","2024-10-15 01:00:00 PM","M101","N","404853","39","2","7","2"
"2024-10-15","2024-10-15 04:00:00 PM","S53","W","200314","39","5","0","1"
"2024-10-15","2024-10-15 05:00:00 PM","BX19","N","902030","39","5","1","1"
"2024-10-15","2024-10-15 07:00:00 PM","Q58","E","503482","39","3","8","3"
"2024-10-15","2024-10-15 08:00:00 PM","B46","N","303629","39","0","4","3"
"2024-10-15","2024-10-15 01:00:00 PM","M15","S","401779","39","10","14","3"
"2024-10-15","2024-10-15 09:00:00 AM","BX19","S","403950","39","0","1","1"
"2024-10-15","2024-10-15 10:00:00 PM","S53","W","200314","39","0","1","1"
"2024-10-15","2024-10-15 08:00:00 PM","B46","S","303693","39","3","5","3"
"2024-10-15","2024-10-16 12:00:00 AM","B46","S","303693","39","0","1","1"
"2024-10-15","2024-10-15 05:00:00 PM","Q58","W","503538","39","4","6","4"
"2024-10-15","2024-10-15 08:00:00 AM","M15","S","401779","39","2","24","1"
"2024-10-15","2024-10-15 11:00:00 PM","M15","S","401779","39","7","4","2"
"2024-10-15","2024-10-15 07:00:00 PM","B46","N","303629","39","3","9","4"
"2024-10-15","2024-10-15 08:00:00 PM","M101","N","404853","39","6","5","1"
"2024-10-15","2024-10-15 03:00:00 PM","BX19","N","902030","39","3","24","4"
"2024-10-15","2024-10-15 07:00:00 PM","S53","E","200129","39","1","4","2"
"2024-10-15","2024-10-15 05:00:00 PM","M15","N","401707","39","5","4","1"
"2024-10-15","2024-10-15 04:00:00 PM","M101","S","403418","39","2","6","2"
"2024-10-15","2024-10-15 06:00:00 PM","S53","E","200129","39","0","1","1"
"2024-10-15","2024-10-15 03:00:00 PM","B46","S","303693","39","4","7","3"
"2024-10-15","2024-10-15 12:00:00 PM","S53","W","200314","39","1","0","1"
"2024-10-15","2024-10-15 11:00:00 AM","Q58","E","503482","39","1","0","1"
"2024-10-15","2024-10-15 11:00:00 PM","M101","S","402809","39","0","1","1"
"2024-10-15","2024-10-15 10:00:00 PM","M101","N","404853","39","0","7","1"
"2024-10-15","2024-10-15 03:00:00 PM","Q58","E","503482","39","10","10","3"
"2024-10-15","2024-10-15 09:00:00 AM","Q58","W","503538","39","1","0","1"
"2024-10-15","2024-10-15 04:00:00 PM","Q58","W","503538","39","2","8","5"
"2024-10-15","2024-10-15 09:00:00 AM","BX19","N","902030","39","1","7","3"
"2024-10-15","2024-10-15 03:00:00 PM","Q58","W","503538","39","1","6","3"
"2024-10-15","2024-10-15 08:00:00 PM","M101","S","403418","39","0","9","2"
"2024-10-15","2024-10-15 04:00:00 PM","B46","S","303693","39","0","11","6"
"2024-10-15","2024-10-15 01:00:00 PM","M15","N","401707","39","1","3","1"
"2024-10-15","2024-10-15 05:00:00 PM","M101","N","404853","39","1","4","1"
"2024-10-15","2024-10-15 11:00:00 AM","BX19","N","902030","39","0","1","1"
"2024-10-15","2024-10-15 02:00:00 PM","S53","W","200314","39","0","2","2"
"2024-10-15","2024-10-15 09:00:00 AM","Q58","E","503482","39","0","2","1"
"2024-10-15","2024-10-15 06:00:00 PM","M15","N","401707","39","1","3","1"
"2024-10-15","2024-10-15 07:00:00 AM","BX19","S","403950","39","0","2","2"
"2024-10-15","2024-10-15 05:00:00 PM","M101","N","402704","39","1","2","0"
"2024-10-15","2024-10-15 04:00:00 PM","M101","N","404853","39","2","16","1"
"2024-10-15","2024-10-15 12:00:00 PM","B46","N","303629","39","0","1","1"
"2024-10-15","2024-10-15 06:00:00 PM","S53","W","200314","39","0","5","2"
"2024-10-15","2024-10-15 05:00:00 PM","Q58","E","503482","39","0","2","2"
"2024-10-15","2024-10-15 08:00:00 AM","M101","N","404853","39","1","1","2"
"2024-10-15","2024-10-15 04:00:00 PM","Q58","E","503482","39","28","21","8"
"2024-10-15","2024-10-15 08:00:00 AM","M15","N","401716","39","1","2","1"
"2024-10-15","2024-10-15 10:00:00 AM","M101","S","403418","39","4","9","3"
"2024-10-15","2024-10-15 03:00:00 PM","B46","N","303629","39","5","4","4"
"2024-10-15","2024-10-15 10:00:00 PM","M101","S","402809","39","0","2","1"
"2024-10-15","2024-10-15 11:00:00 PM","S53","W","200314","39","0","1","1"
"2024-10-15","2024-10-15 11:00:00 AM","BX19","S","403950","39","0","2","1"
"2024-10-15","2024-10-15 12:00:00 PM","B46","S","303693","39","0","7","2"
"2024-10-15","2024-10-15 05:00:00 PM","M15","S","401779","39","13","4","2"
"2024-10-15","2024-10-15 07:00:00 PM","S53","W","200314","39","0","1","1"
"2024-10-15","2024-10-15 10:00:00 AM","M15","S","401779","39","4","2","1"
"2024-10-15","2024-10-15 03:00:00 PM","BX19","S","403950","39","0","4","2"
"2024-10-15","2024-10-15 04:00:00 PM","B46","N","303629","39","0","11","3"
"2024-10-15","2024-10-15 07:00:00 PM","B46","S","303693","39","0","3","2"
"2024-10-15","2024-10-15 11:00:00 AM","Q58","W","503538","39","0","1","1"
"2024-10-15","2024-10-15 10:00:00 PM","B46","N","303629","39","0","2","1"
"2024-10-15","2024-10-15 06:00:00 PM","M15","N","401716","39","0","15","2"
"2024-10-15","2024-10-15 01:00:00 AM","B46","N","303629","39","0","2","1"
"2024-10-15","2024-10-15 02:00:00 PM","B46","S","303693","39","4","1","2"
"2024-10-15","2024-10-15 05:00:00 PM","S53","W","200314","39","3","7","4"
"2024-10-15","2024-10-15 05:00:00 AM","S53","E","200129","39","2","0","1"
"2024-10-15","2024-10-15 08:00:00 AM","B46","N","303629","39","7","26","6"
"2024-10-15","2024-10-15 06:00:00 AM","Q58","E","503482","39","2","0","1"
"2024-10-15","2024-10-15 04:00:00 AM","B46","N","303629","39","0","1","1"
"2024-10-15","2024-10-15 06:00:00 AM","B46","S","303693","39","0","3","2"
"2024-10-15","2024-10-15 06:00:00 AM","M15","S","401779","39","0","1","1"
"2024-10-15","2024-10-15 01:00:00 PM","BX19","N","902030","39","2","4","1"
"2024-10-15","2024-10-15 02:00:00 AM","B35","W","302775","39","0","1","1"
"2024-10-15","2024-10-15 07:00:00 AM","B46","S","303693","39","0","1","1"
"2024-10-15","2024-10-15 08:00:00 AM","Q58","E","503482","39","5","25","5"
"2024-10-15","2024-10-15 03:00:00 PM","M15","S","401779","39","6","2","1"
"2024-10-15","2024-10-15 09:00:00 AM","M15","N","401716","39","2","3","1"
"2024-10-15","2024-10-15 02:00:00 AM","Q58","E","503482","39","1","0","1"
"2024-10-15","2024-10-15 10:00:00 AM","Q58","E","503482","39","4","0","2"
"2024-10-15","2024-10-15 11:00:00 AM","B46","S","303693","39","9","19","6"
"2024-10-15","2024-10-15 05:00:00 AM","S53","W","200314","39","0","1","1"
"2024-10-15","2024-10-15 12:00:00 PM","Q58","E","503482","39","5","3","3"
"2024-10-15","2024-10-15 10:00:00 AM","BX19","N","902030","39","2","6","4"
"2024-10-15","2024-10-15 09:00:00 AM","M101","N","404853","39","1","7","3"
"2024-10-15","2024-10-15 12:00:00 AM","B35","E","306838","39","0","4","1"
"2024-10-15","2024-10-15 07:00:00 PM","M15","S","401779","39","8","0","1"
"2024-10-15","2024-10-15 05:00:00 PM","B46","N","303629","39","0","2","1"
"2024-10-15","2024-10-15 12:00:00 PM","M15","S","401779","39","5","4","1"
"2024-10-15","2024-10-15 09:00:00 PM","S53","W","200314","39","0","3","3"
"2024-10-15","2024-10-15 08:00:00 PM","Q58","E","503482","39","1","5","3"
"2024-10-15","2024-10-15 09:00:00 AM","M15","S","401779","39","0","2","1"
"2024-10-15","2024-10-15 06:00:00 AM","B35","E","306838","39","2","2","1"
"2024-10-15","2024-10-15 05:00:00 AM","M15","N","401707","39","0","2","1"
"2024-10-15","2024-10-15 03:00:00 PM","M15","N","401716","39","1","5","1"
"2024-10-15","2024-10-15 03:00:00 PM","S53","W","200314","39","4","0","1"
"2024-10-15","2024-10-15 07:00:00 PM","M101","N","404853","39","2","7","1"
"2024-10-15","2024-10-15 02:00:00 PM","M101","N","404853","39","9","11","2"
"2024-10-15","2024-10-15 05:00:00 AM","B46","S","303693","39","1","0","1"
"2024-10-15","2024-10-15 07:00:00 AM","M101","S","403418","39","1","2","1"
"2024-10-15","2024-10-15 01:00:00 PM","Q58","W","503538","39","0","2","2"
"2024-10-15","2024-10-15 03:00:00 PM","M15","N","401707","39","18","8","3"
"2024-10-15","2024-10-15 05:00:00 AM","B35","E","306838","39","1","2","1"
"2024-10-15","2024-10-15 05:00:00 AM","B35","W","302775","39","2","2","1"
"2024-10-15","2024-10-15 12:00:00 AM","Q58","W","503538","39","0","1","1"
"2024-10-15","2024-10-15 06:00:00 AM","Q58","W","503538","39","2","1","3"
"2024-10-15","2024-10-15 01:00:00 AM","B35","E","306838","39","1","0","1"
"2024-10-15","2024-10-15 06:00:00 AM","B46","N","303629","39","0","5","2"
"2024-10-15","2024-10-15 04:00:00 PM","BX19","S","403950","39","0","4","1"
"2024-10-15","2024-10-15 07:00:00 PM","M15","N","401716","39","0","1","1"
"2024-10-15","2024-10-15 10:00:00 AM","Q58","W","503538","39","1","0","1"
"2024-10-15","2024-10-15 01:00:00 AM","S53","W","200314","39","0","1","1"
"2024-10-15","2024-10-15 07:00:00 PM","M101","S","403418","39","2","2","1"
"2024-10-15","2024-10-15 10:00:00 PM","Q58","W","503538","39","0","4","3"
"2024-10-15","2024-10-15 05:00:00 AM","B46","N","303629","39","3","4","3"
"2024-10-15","2024-10-15 02:00:00 AM","B46","N","303629","39","0","1","1"
"2024-10-15","2024-10-15 01:00:00 AM","B46","S","303693","39","0","1","1"
"2024-10-15","2024-10-15 05:00:00 AM","M101","N","402744","39","0","2","1"
"2024-10-15","2024-10-15 06:00:00 PM","Q58","E","503482","39","1","6","3"
"2024-10-15","2024-10-15 12:00:00 AM","B46","S","303693","39","1","2","1"
"2024-10-15","2024-10-15 11:00:00 AM","B46","N","303629","39","0","16","2"
"2024-10-15","2024-10-15 11:00:00 AM","S53","E","200129","39","1","1","2"
"2024-10-15","2024-10-15 09:00:00 AM","S53","W","200314","39","3","4","1"
"2024-10-15","2024-10-15 07:00:00 AM","Q58","W","503538","39","2","0","2"
"2024-10-15","2024-10-15 01:00:00 PM","Q58","E","503482","39","14","8","6"
"2024-10-15","2024-10-15 07:00:00 AM","Q58","E","503482","39","5","10","4"
"2024-10-15","2024-10-15 03:00:00 AM","B35","E","306838","39","0","1","1"
"2024-10-15","2024-10-15 02:00:00 PM","B46","N","303629","39","7","6","6"
"2024-10-15","2024-10-15 08:00:00 AM","Q58","W","503538","39","1","2","2"
"2024-10-15","2024-10-15 06:00:00 AM","M101","S","403418","39","1","4","1"
"2024-10-15","2024-10-15 04:00:00 PM","BX19","N","902030","39","1","2","2"
"2024-10-15","2024-10-15 07:00:00 AM","B46","N","303629","39","5","7","5"
"2024-10-15","2024-10-15 03:00:00 AM","B46","N","303629","39","0","1","1"
"2024-10-15","2024-10-15 10:00:00 AM","BX19","S","403950","39","0","6","2"
"2024-10-15","2024-10-15 06:00:00 PM","Q58","W","503538","39","1","3","3"
"2024-10-15","2024-10-15 05:00:00 PM","B46","S","303693","39","1","6","3"
"2024-10-15","2024-10-15 09:00:00 AM","S53","E","200129","39","8","0","3"
"2024-10-15","2024-10-15 06:00:00 AM","B35","W","302775","39","2","3","2"
"2024-10-15","2024-10-15 09:00:00 PM","B46","S","303693","39","0","2","2"
"2024-10-15","2024-10-15 08:00:00 PM","M15","S","401779","39","5","2","1"
"2024-10-15","2024-10-15 06:00:00 AM","S53","E","200129","39","6","0","3"
"2024-10-15","2024-10-15 09:00:00 PM","B46","N","303629","39","1","2","3"
"2024-10-15","2024-10-15 06:00:00 PM","BX19","S","403950","39","0","3","2"
"2024-10-15","2024-10-15 10:00:00 PM","Q58","E","503482","39","4","9","6"
"2024-10-15","2024-10-15 10:00:00 PM","BX19","N","902030","39","2","2","1"
"2024-10-15","2024-10-15 02:00:00 PM","Q58","W","503538","39","1","8","3"
"2024-10-15","2024-10-15 08:00:00 AM","B46","S","303693","39","3","7","5"
"2024-10-15","2024-10-15 04:00:00 AM","B35","W","302775","39","0","1","1"
"2024-10-15","2024-10-15 12:00:00 PM","Q58","W","503538","39","0","3","2"
"2024-10-15","2024-10-15 08:00:00 PM","Q58","W","503538","39","0","2","1"
"2024-10-15","2024-10-15 11:00:00 AM","B46","N","303630","40","20","8","4"
"2024-10-15","2024-10-15 05:00:00 AM","Q58","E","503483","40","6","4","5"
"2024-10-15","2024-10-15 09:00:00 PM","S53","W","200315","40","1","5","2"
"2024-10-15","2024-10-15 11:00:00 AM","S53","E","203891","40","2","1","2"
"2024-10-15","2024-10-15 12:00:00 AM","B46","S","308036","40","0","1","1"
"2024-10-15","2024-10-15 03:00:00 PM","M15","N","401708","40","9","14","2"
"2024-10-15","2024-10-15 12:00:00 PM","M15","S","401780","40","0","2","1"
"2024-10-15","2024-10-15 07:00:00 AM","Q58","W","503539","40","3","2","4"
"2024-10-15","2024-10-15 05:00:00 PM","B46","N","303630","40","12","24","4"
"2024-10-15","2024-10-15 06:00:00 AM","B46","S","308036","40","1","1","1"
"2024-10-15","2024-10-15 11:00:00 PM","Q58","E","503483","40","1","7","3"
"2024-10-15","2024-10-15 08:00:00 PM","Q58","E","503483","40","7","24","5"
"2024-10-15","2024-10-15 12:00:00 AM","B35","E","302722","40","1","2","1"
"2024-10-15","2024-10-15 09:00:00 PM","B46","N","303630","40","2","2","2"
"2024-10-15","2024-10-15 07:00:00 AM","Q58","E","503493","40","7","2","1"
"2024-10-15","2024-10-15 07:00:00 AM","Q58","E","503483","40","21","9","3"
"2024-10-15","2024-10-15 05:00:00 PM","S53","W","200315","40","0","12","3"
"2024-10-15","2024-10-15 03:00:00 AM","B35","E","302722","40","0","1","1"
"2024-10-15","2024-10-15 06:00:00 AM","M101","S","403419","40","3","1","1"
"2024-10-15","2024-10-15 09:00:00 AM","M101","N","405075","40","0","1","1"
"2024-10-15","2024-10-15 05:00:00 AM","M101","N","402745","40","0","2","1"
"2024-10-15","2024-10-15 09:00:00 AM","M15","S","401780","40","6","7","3"
"2024-10-15","2024-10-15 12:00:00 PM","Q58","W","503539","40","0","2","2"
"2024-10-15","2024-10-15 01:00:00 PM","Q58","E","503483","40","19","32","7"
"2024-10-15","2024-10-15 06:00:00 AM","Q58","E","503493","40","8","1","2"
"2024-10-15","2024-10-15 08:00:00 AM","Q58","W","503539","40","2","1","3"
"2024-10-15","2024-10-15 09:00:00 AM","M15","N","401718","40","6","0","1"
"2024-10-15","2024-10-15 12:00:00 PM","Q58","E","503483","40","11","12","4"
"2024-10-15","2024-10-15 10:00:00 PM","Q58","E","503483","40","8","35","6"
"2024-10-15","2024-10-15 06:00:00 AM","Q58","W","503539","40","4","1","4"
"2024-10-15","2024-10-15 08:00:00 PM","Q58","W","503539","40","6","7","3"
"2024-10-15","2024-10-15 07:00:00 AM","B46","N","303630","40","29","4","5"
"2024-10-15","2024-10-15 06:00:00 AM","Q58","E","503483","40","11","2","4"
"2024-10-15","2024-10-15 08:00:00 AM","B46","N","303630","40","21","11","5"
"2024-10-15","2024-10-15 10:00:00 AM","BX19","S","803194","40","0","2","2"
"2024-10-15","2024-10-15 05:00:00 AM","S53","W","200315","40","0","2","1"
"2024-10-15","2024-10-15 06:00:00 AM","M15","S","401780","40","0","1","1"
"2024-10-15","2024-10-15 09:00:00 AM","S53","E","203891","40","13","1","5"
"2024-10-15","2024-10-15 06:00:00 PM","Q58","W","503539","40","0","11","6"
"2024-10-15","2024-10-15 08:00:00 AM","Q58","E","503483","40","14","12","7"
"2024-10-15","2024-10-15 02:00:00 PM","B46","N","303630","40","8","6","4"
"2024-10-15","2024-10-15 10:00:00 AM","Q58","E","503483","40","19","6","4"
"2024-10-15","2024-10-15 05:00:00 AM","S53","E","203891","40","3","0","1"
"2024-10-15","2024-10-15 05:00:00 PM","B46","S","308036","40","8","3","3"
"2024-10-15","2024-10-15 06:00:00 AM","B35","W","302776","40","0","5","2"
"2024-10-15","2024-10-15 01:00:00 AM","B46","N","303630","40","0","2","1"
"2024-10-15","2024-10-15 02:00:00 PM","Q58","W","503539","40","4","8","5"
"2024-10-15","2024-10-15 06:00:00 AM","B46","N","303630","40","5","8","4"
"2024-10-15","2024-10-15 04:00:00 AM","S53","W","200315","40","0","1","1"
"2024-10-15","2024-10-15 12:00:00 AM","Q58","W","503539","40","0","1","1"
"2024-10-15","2024-10-15 03:00:00 AM","B46","S","308036","40","0","1","1"
"2024-10-15","2024-10-15 01:00:00 PM","BX19","S","803194","40","0","2","2"
"2024-10-15","2024-10-15 10:00:00 AM","Q58","E","503493","40","0","1","0"
"2024-10-15","2024-10-15 01:00:00 AM","B35","E","302722","40","0","3","1"
"2024-10-15","2024-10-15 04:00:00 PM","BX19","S","803194","40","6","14","2"
"2024-10-15","2024-10-15 07:00:00 PM","M15","N","401718","40","0","3","1"
"2024-10-15","2024-10-15 01:00:00 AM","M101","S","402811","40","1","3","2"
"2024-10-15","2024-10-15 12:00:00 AM","B46","N","303630","40","0","3","1"
"2024-10-15","2024-10-15 03:00:00 AM","B46","N","303630","40","0","1","1"
"2024-10-15","2024-10-15 05:00:00 AM","B35","W","302776","40","0","2","1"
"2024-10-15","2024-10-15 07:00:00 PM","M101","S","403419","40","0","4","1"
"2024-10-15","2024-10-15 04:00:00 AM","S53","E","203891","40","1","0","1"
"2024-10-15","2024-10-15 12:00:00 PM","M15","N","401708","40","2","0","1"
"2024-10-15","2024-10-15 02:00:00 PM","B46","S","308036","40","1","2","3"
"2024-10-15","2024-10-15 07:00:00 AM","M101","S","403419","40","6","5","1"
"2024-10-15","2024-10-15 11:00:00 AM","B46","S","308036","40","1","5","3"
"2024-10-15","2024-10-15 03:00:00 PM","S53","W","200315","40","1","2","3"
"2024-10-15","2024-10-15 07:00:00 PM","M101","N","405075","40","5","1","1"
"2024-10-15","2024-10-15 05:00:00 AM","B46","N","303630","40","1","4","3"
"2024-10-15","2024-10-15 06:00:00 PM","BX19","S","803194","40","0","13","5"
"2024-10-15","2024-10-15 04:00:00 AM","Q58","E","503483","40","2","0","1"
"2024-10-15","2024-10-15 04:00:00 AM","B46","N","303630","40","0","1","1"
"2024-10-15","2024-10-15 08:00:00 PM","M15","S","401780","40","8","4","3"
"2024-10-15","2024-10-15 02:00:00 AM","B46","N","303630","40","0","1","1"
"2024-10-15","2024-10-15 08:00:00 AM","B46","S","308036","40","0","7","4"
"2024-10-15","2024-10-15 01:00:00 AM","B46","S","308036","40","0","2","1"
"2024-10-15","2024-10-15 02:00:00 PM","M101","N","405075","40","5","5","2"
"2024-10-15","2024-10-15 01:00:00 PM","Q58","W","503539","40","7","7","3"
"2024-10-15","2024-10-15 03:00:00 AM","Q58","W","503539","40","0","1","1"
"2024-10-15","2024-10-15 05:00:00 AM","B35","E","302722","40","2","0","1"
"2024-10-15","2024-10-15 07:00:00 AM","B46","S","308036","40","3","7","4"
"2024-10-15","2024-10-15 10:00:00 PM","Q58","W","503539","40","0","1","1"
"2024-10-15","2024-10-15 09:00:00 AM","S53","W","200315","40","1","2","1"
"2024-10-15","2024-10-15 03:00:00 AM","M101","S","402811","40","1","1","1"
"2024-10-15","2024-10-15 05:00:00 AM","M15","N","401708","40","0","1","1"
"2024-10-15","2024-10-15 03:00:00 PM","M15","N","401718","40","11","15","1"
"2024-10-15","2024-10-15 06:00:00 AM","BX19","S","803194","40","1","2","1"
"2024-10-15","2024-10-15 06:00:00 AM","S53","E","203891","40","14","0","3"
"2024-10-15","2024-10-15 06:00:00 PM","Q58","E","503483","40","4","19","4"
"2024-10-15","2024-10-15 01:00:00 AM","Q58","E","503483","40","1","1","1"
"2024-10-15","2024-10-15 10:00:00 AM","B46","S","308036","40","2","4","5"
"2024-10-15","2024-10-15 08:00:00 AM","BX19","S","803194","40","0","1","1"
"2024-10-15","2024-10-15 07:00:00 PM","Q58","E","503483","40","1","21","4"
"2024-10-15","2024-10-15 11:00:00 AM","M15","N","401708","40","0","8","1"
"2024-10-15","2024-10-15 07:00:00 PM","BX19","S","803194","40","0","5","2"
"2024-10-15","2024-10-15 11:00:00 PM","B46","N","303630","40","2","2","2"
"2024-10-15","2024-10-15 02:00:00 PM","BX19","S","803194","40","1","5","3"
"2024-10-15","2024-10-15 01:00:00 PM","S53","E","203891","40","1","1","1"
"2024-10-15","2024-10-15 10:00:00 AM","B46","N","303630","40","8","1","3"
"2024-10-15","2024-10-15 09:00:00 PM","Q58","E","503483","40","3","9","5"
"2024-10-15","2024-10-15 01:00:00 PM","M101","N","405075","40","2","2","2"
"2024-10-15","2024-10-15 01:00:00 PM","B46","N","303630","40","4","8","4"
"2024-10-15","2024-10-15 10:00:00 PM","B46","S","308036","40","0","2","1"
"2024-10-15","2024-10-15 07:00:00 AM","M15","N","401708","40","2","2","1"
"2024-10-15","2024-10-15 05:00:00 PM","BX19","S","803194","40","0","2","1"
"2024-10-15","2024-10-15 11:00:00 PM","B35","E","302722","40","0","2","1"
"2024-10-15","2024-10-15 09:00:00 AM","B46","N","303630","40","13","18","7"
"2024-10-15","2024-10-15 07:00:00 PM","Q58","W","503539","40","0","2","1"
"2024-10-15","2024-10-15 04:00:00 PM","S53","E","203891","40","4","8","3"
"2024-10-15","2024-10-15 06:00:00 PM","B46","S","308036","40","0","5","3"
"2024-10-15","2024-10-15 11:00:00 AM","M101","S","403419","40","12","10","3"
"2024-10-15","2024-10-15 09:00:00 AM","B46","S","308036","40","1","4","3"
"2024-10-15","2024-10-15 06:00:00 PM","B46","N","303630","40","1","5","1"
"2024-10-15","2024-10-15 08:00:00 AM","S53","W","200315","40","0","6","2"
"2024-10-15","2024-10-15 07:00:00 AM","S53","W","200315","40","0","1","1"
"2024-10-15","2024-10-15 11:00:00 PM","B46","S","308036","40","0","2","2"
"2024-10-15","2024-10-15 10:00:00 AM","S53","E","203891","40","3","0","1"
"2024-10-15","2024-10-15 07:00:00 AM","S53","E","203891","40","16","0","2"
"2024-10-15","2024-10-15 06:00:00 PM","M101","N","405075","40","2","0","1"
"2024-10-15","2024-10-15 08:00:00 PM","S53","E","203891","40","0","1","1"
"2024-10-15","2024-10-15 08:00:00 PM","S53","W","200315","40","2","4","2"
"2024-10-15","2024-10-15 12:00:00 PM","BX19","S","803194","40","0","7","3"
"2024-10-15","2024-10-15 06:00:00 PM","M101","S","403419","40","5","4","1"
"2024-10-15","2024-10-15 10:00:00 AM","S53","W","200315","40","7","6","5"
"2024-10-15","2024-10-15 02:00:00 PM","Q58","E","503483","40","20","27","6"
"2024-10-15","2024-10-15 09:00:00 PM","M101","N","405075","40","3","4","1"
"2024-10-15","2024-10-15 08:00:00 PM","BX19","S","803194","40","0","1","1"
"2024-10-15","2024-10-15 11:00:00 AM","M15","N","401718","40","8","7","2"
"2024-10-15","2024-10-15 04:00:00 PM","S53","W","200315","40","0","5","1"
"2024-10-15","2024-10-15 01:00:00 PM","S53","W","200315","40","1","3","1"
"2024-10-15","2024-10-15 04:00:00 PM","M15","S","401780","40","1","0","1"
"2024-10-15","2024-10-15 09:00:00 PM","Q58","W","503539","40","0","2","2"
"2024-10-15","2024-10-15 03:00:00 PM","M101","S","403419","40","5","18","2"
"2024-10-15","2024-10-15 04:00:00 PM","Q58","E","503483","40","20","41","8"
"2024-10-15","2024-10-15 10:00:00 PM","B46","N","303630","40","3","7","4"
"2024-10-15","2024-10-15 06:00:00 PM","S53","W","200315","40","1","4","2"
"2024-10-15","2024-10-15 08:00:00 PM","B46","N","303630","40","7","6","5"
"2024-10-15","2024-10-15 04:00:00 PM","M101","S","403419","40","19","1","2"
"2024-10-15","2024-10-15 11:00:00 PM","S53","W","200315","40","1","1","1"
"2024-10-15","2024-10-15 07:00:00 PM","S53","W","200315","40","0","11","3"
"2024-10-15","2024-10-15 07:00:00 PM","B46","N","303630","40","20","9","6"
"2024-10-15","2024-10-15 11:00:00 PM","M15","S","401780","40","1","2","2"
"2024-10-15","2024-10-15 12:00:00 PM","S53","E","203891","40","1","1","1"
"2024-10-15","2024-10-15 10:00:00 AM","M15","S","401780","40","1","0","1"
"2024-10-15","2024-10-15 12:00:00 PM","B46","S","308036","40","3","3","2"
"2024-10-15","2024-10-15 10:00:00 PM","M101","N","405075","40","0","1","1"
"2024-10-15","2024-10-15 09:00:00 AM","BX19","S","803194","40","1","5","2"
"2024-10-15","2024-10-15 03:00:00 PM","Q58","W","503539","40","1","9","5"
"2024-10-15","2024-10-15 08:00:00 PM","M101","S","403419","40","1","1","1"
"2024-10-15","2024-10-15 08:00:00 AM","M101","N","405075","40","4","2","2"
"2024-10-15","2024-10-15 10:00:00 PM","S53","W","200315","40","1","3","1"
"2024-10-15","2024-10-15 05:00:00 PM","Q58","E","503483","40","7","22","5"
"2024-10-15","2024-10-15 08:00:00 AM","M15","N","401718","40","1","9","1"
"2024-10-15","2024-10-15 09:00:00 AM","Q58","W","503539","40","3","1","3"
"2024-10-15","2024-10-15 03:00:00 PM","B46","N","303630","40","7","12","5"
"2024-10-15","2024-10-15 05:00:00 PM","M101","N","405075","40","5","3","1"
"2024-10-15","2024-10-15 07:00:00 PM","B46","S","308036","40","0","4","3"
"2024-10-15","2024-10-15 06:00:00 PM","S53","E","203891","40","5","0","2"
"2024-10-15","2024-10-15 11:00:00 AM","BX19","S","803194","40","7","14","4"
"2024-10-15","2024-10-15 03:00:00 PM","B46","S","308036","40","6","10","3"
"2024-10-15","2024-10-15 04:00:00 PM","B46","N","303630","40","4","14","3"
"2024-10-15","2024-10-15 08:00:00 AM","M15","S","401780","40","3","13","1"
"2024-10-15","2024-10-15 05:00:00 PM","M15","S","401780","40","1","6","2"
"2024-10-15","2024-10-15 12:00:00 PM","S53","W","200315","40","0","2","2"
"2024-10-15","2024-10-15 04:00:00 PM","Q58","W","503539","40","2","12","5"
"2024-10-15","2024-10-15 08:00:00 PM","B46","S","308036","40","0","4","3"
"2024-10-15","2024-10-15 05:00:00 PM","Q58","W","503539","40","2","6","3"
"2024-10-15","2024-10-15 08:00:00 PM","M101","N","405075","40","0","3","1"
"2024-10-15","2024-10-15 04:00:00 PM","M101","N","405075","40","5","1","1"
"2024-10-15","2024-10-15 06:00:00 PM","M15","N","401718","40","2","5","1"
"2024-10-15","2024-10-15 03:00:00 PM","Q58","E","503483","40","14","60","6"
"2024-10-15","2024-10-15 01:00:00 PM","M15","N","401708","40","4","3","1"
"2024-10-15","2024-10-15 10:00:00 PM","M15","N","401708","40","5","2","2"
"2024-10-15","2024-10-15 07:00:00 AM","BX19","S","803194","40","1","1","1"
"2024-10-15","2024-10-15 11:00:00 AM","Q58","E","503483","40","10","10","3"
"2024-10-15","2024-10-15 09:00:00 AM","Q58","E","503483","40","9","11","5"
"2024-10-15","2024-10-15 12:00:00 PM","B46","N","303630","40","6","6","5"
"2024-10-15","2024-10-16 12:00:00 AM","B46","S","308036","40","0","6","1"
"2024-10-15","2024-10-15 10:00:00 PM","M101","S","402811","40","5","1","1"
"2024-10-15","2024-10-15 11:00:00 PM","M101","S","402811","40","2","4","2"
"2024-10-15","2024-10-15 01:00:00 PM","M15","S","401780","40","0","1","1"
"2024-10-15","2024-10-15 10:00:00 AM","M101","S","403419","40","3","3","1"
"2024-10-15","2024-10-15 04:00:00 PM","B46","S","308036","40","2","8","4"
"2024-10-15","2024-10-15 03:00:00 PM","BX19","S","803194","40","1","7","3"
"2024-10-15","2024-10-15 02:00:00 PM","S53","W","200315","40","2","10","2"
"2024-10-15","2024-10-15 07:00:00 PM","S53","E","203891","40","1","3","1"
"2024-10-15","2024-10-15 03:00:00 PM","B46","N","303153","41","7","2","3"
"2024-10-15","2024-10-15 05:00:00 PM","Q58","E","503484","41","7","4","3"
"2024-10-15","2024-10-15 11:00:00 PM","S53","W","200316","41","0","3","2"
"2024-10-15","2024-10-15 04:00:00 PM","M101","S","402826","41","5","3","2"
"2024-10-15","2024-10-15 03:00:00 PM","Q58","E","503484","41","1","3","3"
"2024-10-15","2024-10-15 07:00:00 PM","S53","E","200131","41","1","0","1"
"2024-10-15","2024-10-15 07:00:00 PM","S53","W","200316","41","0","9","3"
"2024-10-15","2024-10-15 04:00:00 PM","Q58","E","503484","41","0","9","4"
"2024-10-15","2024-10-15 06:00:00 PM","S53","W","200316","41","0","2","1"
"2024-10-15","2024-10-15 09:00:00 AM","Q58","E","503484","41","0","1","1"
"2024-10-15","2024-10-15 01:00:00 PM","M15","N","401709","41","3","3","1"
"2024-10-15","2024-10-15 04:00:00 PM","M101","N","405076","41","3","0","1"
"2024-10-15","2024-10-15 11:00:00 AM","Q58","E","503484","41","0","1","1"
"2024-10-15","2024-10-15 04:00:00 PM","B46","S","303695","41","0","12","5"
"2024-10-15","2024-10-15 10:00:00 PM","M15","N","401709","41","1","5","2"
"2024-10-15","2024-10-15 10:00:00 PM","M101","S","403417","41","1","1","1"
"2024-10-15","2024-10-15 10:00:00 AM","M101","S","402826","41","2","4","1"
"2024-10-15","2024-10-15 08:00:00 PM","B46","N","303153","41","5","2","3"
"2024-10-15","2024-10-15 06:00:00 PM","M15","N","401709","41","1","1","1"
"2024-10-15","2024-10-15 12:00:00 PM","B46","S","303695","41","1","8","3"
"2024-10-15","2024-10-15 10:00:00 PM","M101","N","405076","41","1","3","2"
"2024-10-15","2024-10-15 06:00:00 PM","M15","N","903275","41","3","3","2"
"2024-10-15","2024-10-15 07:00:00 PM","B46","S","303695","41","2","3","4"
"2024-10-15","2024-10-15 08:00:00 AM","M15","N","903275","41","9","2","1"
"2024-10-15","2024-10-15 11:00:00 PM","S53","E","200131","41","1","0","1"
"2024-10-15","2024-10-15 05:00:00 PM","M15","N","401709","41","3","3","1"
"2024-10-15","2024-10-15 08:00:00 PM","B46","S","303695","41","0","7","2"
"2024-10-15","2024-10-15 09:00:00 AM","Q58","W","503540","41","8","5","7"
"2024-10-15","2024-10-15 05:00:00 PM","M101","N","405076","41","2","1","1"
"2024-10-15","2024-10-15 05:00:00 PM","M101","N","405181","41","0","6","0"
"2024-10-15","2024-10-15 10:00:00 PM","B46","N","303153","41","0","3","1"
"2024-10-15","2024-10-15 03:00:00 PM","Q58","W","503540","41","2","8","5"
"2024-10-15","2024-10-15 08:00:00 PM","M101","N","405076","41","1","1","1"
"2024-10-15","2024-10-15 05:00:00 PM","M15","S","401781","41","2","4","2"
"2024-10-15","2024-10-15 11:00:00 PM","M15","S","401781","41","3","4","2"
"2024-10-15","2024-10-15 05:00:00 PM","Q58","W","503540","41","0","12","7"
"2024-10-15","2024-10-15 08:00:00 AM","M101","N","405076","41","1","3","2"
"2024-10-15","2024-10-15 12:00:00 PM","B46","N","303153","41","1","7","4"
"2024-10-15","2024-10-15 08:00:00 AM","M15","S","401781","41","0","7","1"
"2024-10-15","2024-10-15 08:00:00 PM","M101","S","402856","41","1","3","0"
"2024-10-15","2024-10-15 07:00:00 PM","B46","N","303153","41","7","3","2"
"2024-10-15","2024-10-15 04:00:00 PM","Q58","W","503540","41","5","26","8"
"2024-10-15","2024-10-15 03:00:00 PM","B46","S","303695","41","0","14","3"
"2024-10-15","2024-10-15 02:00:00 PM","S53","W","200316","41","0","6","1"
"2024-10-15","2024-10-15 06:00:00 PM","S53","E","200131","41","2","0","2"
"2024-10-15","2024-10-15 01:00:00 PM","M15","S","401781","41","3","8","3"
"2024-10-15","2024-10-15 11:00:00 AM","Q58","W","503540","41","0","2","2"
"2024-10-15","2024-10-15 04:00:00 PM","B46","N","303153","41","0","3","1"
"2024-10-15","2024-10-15 11:00:00 PM","M101","S","403417","41","0","3","2"
"2024-10-15","2024-10-15 01:00:00 PM","Q58","E","503484","41","2","7","4"
"2024-10-15","2024-10-15 06:00:00 AM","Q58","W","503540","41","3","4","4"
"2024-10-15","2024-10-15 04:00:00 AM","Q58","W","503540","41","0","2","1"
"2024-10-15","2024-10-15 03:00:00 PM","S53","E","200131","41","3","3","1"
"2024-10-15","2024-10-15 01:00:00 AM","Q58","W","503540","41","0","1","1"
"2024-10-15","2024-10-15 02:00:00 PM","Q58","W","503540","41","7","23","7"
"2024-10-15","2024-10-15 06:00:00 AM","S53","E","200131","41","13","1","3"
"2024-10-15","2024-10-15 09:00:00 PM","B46","N","303153","41","2","2","3"
"2024-10-15","2024-10-15 10:00:00 PM","Q58","W","503540","41","1","4","3"
"2024-10-15","2024-10-15 02:00:00 PM","M101","N","405076","41","9","1","2"
"2024-10-15","2024-10-15 02:00:00 PM","B46","S","303695","41","1","10","4"
"2024-10-15","2024-10-15 05:00:00 AM","B46","S","303695","41","1","1","2"
"2024-10-15","2024-10-15 01:00:00 AM","S53","W","200316","41","0","1","1"
"2024-10-15","2024-10-15 05:00:00 AM","B46","N","303153","41","4","3","3"
"2024-10-15","2024-10-15 06:00:00 AM","M15","S","401781","41","1","5","2"
"2024-10-15","2024-10-15 02:00:00 PM","B46","N","303153","41","5","3","5"
"2024-10-15","2024-10-15 11:00:00 PM","Q58","E","503484","41","0","1","1"
"2024-10-15","2024-10-15 02:00:00 AM","B35","W","302777","41","1","0","1"
"2024-10-15","2024-10-15 01:00:00 PM","Q58","W","503540","41","2","8","3"
"2024-10-15","2024-10-15 01:00:00 AM","B46","S","303695","41","0","3","3"
"2024-10-15","2024-10-15 06:00:00 AM","M101","S","402826","41","3","3","1"
"2024-10-15","2024-10-15 03:00:00 AM","S53","E","200131","41","1","0","1"
"2024-10-15","2024-10-15 05:00:00 PM","B46","N","303153","41","3","2","2"
"2024-10-15","2024-10-15 01:00:00 AM","B46","N","303153","41","0","2","2"
"2024-10-15","2024-10-15 02:00:00 AM","B46","S","303695","41","0","2","1"
"2024-10-15","2024-10-15 07:00:00 AM","B46","N","303153","41","6","2","4"
"2024-10-15","2024-10-15 05:00:00 PM","B46","S","303695","41","8","16","5"
"2024-10-15","2024-10-15 04:00:00 AM","M101","N","405181","41","0","1","1"
"2024-10-15","2024-10-15 12:00:00 PM","Q58","W","503540","41","1","1","2"
"2024-10-15","2024-10-15 05:00:00 PM","S53","W","200316","41","0","6","2"
"2024-10-15","2024-10-15 01:00:00 AM","B35","W","302777","41","0","1","1"
"2024-10-15","2024-10-15 06:00:00 AM","B46","S","303695","41","0","4","2"
"2024-10-15","2024-10-15 07:00:00 AM","B46","S","303695","41","0","4","2"
"2024-10-15","2024-10-15 12:00:00 PM","Q58","E","503484","41","1","3","3"
"2024-10-15","2024-10-15 05:00:00 AM","M15","N","401709","41","0","1","1"
"2024-10-15","2024-10-15 07:00:00 AM","M101","S","402826","41","5","1","1"
"2024-10-15","2024-10-15 01:00:00 AM","B35","E","302723","41","0","1","1"
"2024-10-15","2024-10-15 06:00:00 AM","B46","N","303153","41","5","1","4"
"2024-10-15","2024-10-15 12:00:00 PM","M15","N","401709","41","0","3","1"
"2024-10-15","2024-10-15 09:00:00 AM","M15","S","401781","41","1","1","2"
"2024-10-15","2024-10-15 11:00:00 AM","S53","E","200131","41","0","2","2"
"2024-10-15","2024-10-15 07:00:00 AM","Q58","E","503484","41","1","4","2"
"2024-10-15","2024-10-15 06:00:00 AM","B35","W","302777","41","2","6","2"
"2024-10-15","2024-10-15 11:00:00 AM","B46","S","303695","41","0","6","4"
"2024-10-15","2024-10-15 06:00:00 PM","Q58","E","503484","41","0","3","2"
"2024-10-15","2024-10-15 11:00:00 AM","B46","N","303153","41","1","1","1"
"2024-10-15","2024-10-15 04:00:00 AM","B46","N","303153","41","1","0","1"
"2024-10-15","2024-10-15 06:00:00 PM","Q58","W","503540","41","6","12","6"
"2024-10-15","2024-10-15 09:00:00 PM","S53","E","200131","41","0","5","2"
"2024-10-15","2024-10-15 07:00:00 AM","Q58","W","503540","41","17","8","5"
"2024-10-15","2024-10-15 07:00:00 PM","M101","N","405076","41","3","2","1"
"2024-10-15","2024-10-15 10:00:00 PM","Q58","E","503484","41","0","1","1"
"2024-10-15","2024-10-15 10:00:00 AM","Q58","W","503540","41","4","0","2"
"2024-10-15","2024-10-15 07:00:00 PM","M101","S","402826","41","1","2","1"
"2024-10-15","2024-10-15 05:00:00 AM","B35","W","302777","41","0","4","1"
"2024-10-15","2024-10-15 12:00:00 AM","B35","E","302723","41","0","2","1"
"2024-10-15","2024-10-15 10:00:00 AM","Q58","E","503484","41","1","0","1"
"2024-10-15","2024-10-15 08:00:00 AM","B46","N","303153","41","17","1","5"
"2024-10-15","2024-10-15 04:00:00 AM","B35","W","302777","41","1","1","2"
"2024-10-15","2024-10-15 03:00:00 AM","M101","S","403417","41","1","0","1"
"2024-10-15","2024-10-15 08:00:00 PM","M15","S","401781","41","0","2","1"
"2024-10-15","2024-10-15 09:00:00 PM","B46","S","303695","41","0","4","2"
"2024-10-15","2024-10-15 05:00:00 AM","Q58","W","503540","41","2","0","1"
"2024-10-15","2024-10-15 08:00:00 AM","B46","S","303695","41","0","5","3"
"2024-10-15","2024-10-15 09:00:00 AM","M15","N","903275","41","0","3","1"
"2024-10-15","2024-10-15 08:00:00 PM","Q58","E","503484","41","3","2","4"
"2024-10-15","2024-10-15 12:00:00 AM","B46","S","303695","41","0","3","1"
"2024-10-15","2024-10-15 09:00:00 AM","S53","W","200316","41","0","9","0"
"2024-10-15","2024-10-15 11:00:00 PM","Q58","W","503540","41","0","3","2"
"2024-10-15","2024-10-15 08:00:00 PM","Q58","W","503540","41","0","8","3"
"2024-10-15","2024-10-15 08:00:00 AM","Q58","E","503484","41","1","1","2"
"2024-10-15","2024-10-15 08:00:00 AM","Q58","W","503540","41","4","11","5"
"2024-10-15","2024-10-15 09:00:00 AM","S53","E","200131","41","5","4","3"
"2024-10-15","2024-10-15 09:00:00 AM","M101","N","405076","41","2","3","3"
"2024-10-15","2024-10-15 03:00:00 PM","M15","N","401709","41","6","14","3"
"2024-10-15","2024-10-15 03:00:00 PM","M15","N","903275","41","6","4","1"
"2024-10-15","2024-10-15 03:00:00 PM","M15","S","401781","41","0","7","1"
"2024-10-15","2024-10-15 08:00:00 AM","S53","E","200131","41","5","0","1"
"2024-10-15","2024-10-15 09:00:00 PM","Q58","E","503484","41","1","2","2"
"2024-10-15","2024-10-15 11:00:00 AM","M101","S","402826","41","1","11","3"
"2024-10-15","2024-10-15 08:00:00 AM","S53","W","200316","41","0","2","1"
"2024-10-15","2024-10-15 09:00:00 AM","B46","N","303153","41","9","1","3"
"2024-10-15","2024-10-15 06:00:00 PM","B46","S","303695","41","0","7","2"
"2024-10-15","2024-10-15 11:00:00 PM","B46","S","303695","41","0","14","4"
"2024-10-15","2024-10-15 02:00:00 PM","Q58","E","503484","41","3","4","4"
"2024-10-15","2024-10-15 01:00:00 PM","S53","W","200316","41","1","1","1"
"2024-10-15","2024-10-15 11:00:00 PM","B46","N","303153","41","1","6","2"
"2024-10-15","2024-10-15 07:00:00 PM","Q58","W","503540","41","1","14","5"
"2024-10-15","2024-10-15 09:00:00 AM","B46","S","303695","41","1","5","3"
"2024-10-15","2024-10-15 01:00:00 PM","S53","E","200131","41","2","0","1"
"2024-10-15","2024-10-15 04:00:00 PM","M15","S","401781","41","4","0","1"
"2024-10-15","2024-10-15 04:00:00 PM","S53","E","200131","41","0","3","2"
"2024-10-15","2024-10-15 01:00:00 PM","M101","N","405076","41","0","7","2"
"2024-10-15","2024-10-15 04:00:00 PM","S53","W","200316","41","0","2","1"
"2024-10-15","2024-10-15 07:00:00 PM","Q58","E","503484","41","1","3","3"
"2024-10-15","2024-10-15 10:00:00 AM","B46","N","303153","41","1","1","2"
"2024-10-15","2024-10-15 07:00:00 AM","M15","N","401709","41","8","0","1"
"2024-10-15","2024-10-15 01:00:00 PM","B46","S","303695","41","1","5","4"
"2024-10-15","2024-10-15 11:00:00 PM","B35","E","302723","41","0","1","1"
"2024-10-15","2024-10-15 01:00:00 PM","B46","N","303153","41","9","0","4"
"2024-10-15","2024-10-15 10:00:00 AM","B46","S","303695","41","1","6","4"
"2024-10-15","2024-10-15 10:00:00 AM","S53","E","200131","41","2","0","1"
"2024-10-15","2024-10-15 07:00:00 AM","S53","E","200131","41","7","0","2"
"2024-10-15","2024-10-15 10:00:00 AM","S53","W","200316","41","0","1","1"
"2024-10-15","2024-10-15 09:00:00 PM","M15","N","903275","41","2","0","1"
"2024-10-15","2024-10-15 09:00:00 PM","Q58","W","503540","41","1","2","2"
"2024-10-15","2024-10-15 06:00:00 PM","M101","S","402826","41","2","2","1"
"2024-10-15","2024-10-15 03:00:00 PM","M101","S","402826","41","48","4","2"
"2024-10-15","2024-10-15 11:00:00 AM","M15","N","401709","41","1","0","1"
"2024-10-15","2024-10-15 11:00:00 AM","M15","N","903275","41","8","5","2"
"2024-10-15","2024-10-15 06:00:00 PM","B46","N","303153","41","2","4","2"
"2024-10-15","2024-10-15 08:00:00 PM","S53","E","200132","42","3","1","1"
"2024-10-15","2024-10-15 11:00:00 PM","B46","S","303696","42","2","23","4"
"2024-10-15","2024-10-15 04:00:00 PM","S53","W","200416","42","0","5","1"
"2024-10-15","2024-10-15 01:00:00 PM","M101","N","402740","42","0","6","2"
"2024-10-15","2024-10-15 08:00:00 AM","S53","W","200416","42","0","27","4"
"2024-10-15","2024-10-15 09:00:00 PM","M101","N","402740","42","0","2","1"
"2024-10-15","2024-10-15 04:00:00 PM","S53","E","200132","42","9","1","3"
"2024-10-15","2024-10-15 10:00:00 AM","S53","E","200132","42","8","1","1"
"2024-10-15","2024-10-15 10:00:00 AM","B46","S","303696","42","11","17","6"
"2024-10-15","2024-10-15 03:00:00 PM","M101","S","403421","42","16","15","2"
"2024-10-15","2024-10-15 07:00:00 AM","S53","E","200132","42","2","0","2"
"2024-10-15","2024-10-15 01:00:00 PM","S53","E","200132","42","7","0","2"
"2024-10-15","2024-10-15 10:00:00 AM","S53","W","200416","42","0","22","5"
"2024-10-15","2024-10-15 10:00:00 PM","B46","S","303696","42","5","8","4"
"2024-10-15","2024-10-15 09:00:00 AM","B46","S","303696","42","11","14","5"
"2024-10-15","2024-10-15 07:00:00 PM","Q58","W","503541","42","0","4","1"
"2024-10-15","2024-10-15 11:00:00 PM","B46","N","303154","42","0","1","1"
"2024-10-15","2024-10-15 11:00:00 AM","M15","S","401782","42","3","6","1"
"2024-10-15","2024-10-15 09:00:00 PM","Q58","W","503541","42","0","7","5"
"2024-10-15","2024-10-15 09:00:00 PM","Q58","E","503485","42","0","5","4"
"2024-10-15","2024-10-15 01:00:00 PM","S53","W","200416","42","0","1","1"
"2024-10-15","2024-10-15 06:00:00 PM","M101","S","403421","42","0","10","2"
"2024-10-15","2024-10-15 06:00:00 PM","B46","S","303696","42","14","25","6"
"2024-10-15","2024-10-15 02:00:00 PM","Q58","E","503485","42","9","22","7"
"2024-10-15","2024-10-15 06:00:00 PM","B46","N","303154","42","2","3","2"
"2024-10-15","2024-10-15 11:00:00 AM","M15","N","401710","42","0","2","1"
"2024-10-15","2024-10-15 08:00:00 PM","S53","W","200416","42","0","5","2"
"2024-10-15","2024-10-15 01:00:00 PM","B46","S","303696","42","11","33","4"
"2024-10-15","2024-10-15 11:00:00 PM","B35","E","302724","42","0","7","1"
"2024-10-15","2024-10-15 09:00:00 AM","B46","N","303154","42","0","1","1"
"2024-10-15","2024-10-15 08:00:00 AM","S53","E","200132","42","4","1","1"
"2024-10-15","2024-10-15 01:00:00 PM","B46","N","303154","42","2","2","2"
"2024-10-15","2024-10-15 10:00:00 AM","B46","N","303154","42","1","4","2"
"2024-10-15","2024-10-15 07:00:00 PM","Q58","E","503485","42","0","13","4"
"2024-10-15","2024-10-15 11:00:00 AM","M101","S","403421","42","2","3","2"
"2024-10-15","2024-10-15 05:00:00 PM","Q58","W","503541","42","7","19","8"
"2024-10-15","2024-10-15 05:00:00 PM","M15","S","401782","42","11","23","3"
"2024-10-15","2024-10-15 03:00:00 PM","Q58","E","503485","42","2","20","6"
"2024-10-15","2024-10-15 10:00:00 AM","M15","S","401782","42","1","10","1"
"2024-10-15","2024-10-15 06:00:00 PM","S53","E","200132","42","12","2","3"
"2024-10-15","2024-10-15 08:00:00 PM","M101","N","402740","42","0","4","1"
"2024-10-15","2024-10-15 03:00:00 PM","Q58","W","503541","42","3","26","7"
"2024-10-15","2024-10-15 09:00:00 AM","Q58","W","503541","42","10","6","8"
"2024-10-15","2024-10-15 11:00:00 PM","M15","S","401782","42","1","19","2"
"2024-10-15","2024-10-15 03:00:00 PM","B46","N","303154","42","2","3","4"
"2024-10-15","2024-10-15 01:00:00 PM","M15","S","401782","42","7","39","3"
"2024-10-15","2024-10-15 03:00:00 PM","B46","S","303696","42","9","42","4"
"2024-10-15","2024-10-15 05:00:00 PM","M101","N","402707","42","0","5","0"
"2024-10-15","2024-10-15 04:00:00 PM","Q58","E","503485","42","5","30","6"
"2024-10-15","2024-10-15 08:00:00 PM","B46","S","303696","42","6","19","4"
"2024-10-15","2024-10-15 12:00:00 PM","B46","N","303154","42","1","0","1"
"2024-10-15","2024-10-15 07:00:00 PM","B46","S","303696","42","8","17","5"
"2024-10-15","2024-10-15 12:00:00 PM","B46","S","303696","42","10","21","4"
"2024-10-15","2024-10-15 08:00:00 AM","M15","N","401710","42","3","10","1"
"2024-10-15","2024-10-15 08:00:00 AM","M15","N","401721","42","2","2","1"
"2024-10-15","2024-10-15 06:00:00 PM","M15","N","401721","42","4","3","1"
"2024-10-15","2024-10-15 02:00:00 PM","S53","W","200416","42","0","5","1"
"2024-10-15","2024-10-15 11:00:00 AM","Q58","W","503541","42","2","2","2"
"2024-10-15","2024-10-15 04:00:00 PM","Q58","W","503541","42","4","13","4"
"2024-10-15","2024-10-15 08:00:00 PM","B46","N","303154","42","4","2","3"
"2024-10-15","2024-10-15 06:00:00 PM","M15","N","401710","42","4","1","1"
"2024-10-15","2024-10-15 10:00:00 AM","M101","S","403421","42","0","3","1"
"2024-10-15","2024-10-15 10:00:00 PM","S53","W","200416","42","0","8","2"
"2024-10-15","2024-10-15 04:00:00 PM","M101","S","403421","42","6","8","2"
"2024-10-15","2024-10-15 10:00:00 PM","S53","E","200132","42","2","4","3"
"2024-10-15","2024-10-15 04:00:00 PM","B46","S","303696","42","21","32","6"
"2024-10-15","2024-10-15 11:00:00 AM","Q58","E","503485","42","0","1","1"
"2024-10-15","2024-10-15 05:00:00 PM","Q58","E","503485","42","3","19","4"
"2024-10-15","2024-10-15 04:00:00 PM","M101","N","402740","42","0","4","1"
"2024-10-15","2024-10-15 01:00:00 PM","M15","N","401710","42","2","0","1"
"2024-10-15","2024-10-15 09:00:00 AM","Q58","E","503485","42","1","4","2"
"2024-10-15","2024-10-15 05:00:00 PM","M101","N","402740","42","0","4","1"
"2024-10-15","2024-10-15 06:00:00 PM","S53","W","200416","42","2","24","3"
"2024-10-15","2024-10-15 11:00:00 PM","S53","W","200416","42","0","1","1"
"2024-10-15","2024-10-15 12:00:00 PM","S53","E","200132","42","6","0","1"
"2024-10-15","2024-10-15 07:00:00 PM","B46","N","303154","42","0","4","1"
"2024-10-15","2024-10-15 12:00:00 PM","S53","W","200416","42","0","5","2"
"2024-10-15","2024-10-15 07:00:00 PM","S53","W","200416","42","0","23","2"
"2024-10-15","2024-10-15 07:00:00 PM","S53","E","200132","42","3","10","2"
"2024-10-15","2024-10-15 08:00:00 AM","M101","N","402740","42","3","0","1"
"2024-10-15","2024-10-15 08:00:00 AM","M15","S","401782","42","4","12","1"
"2024-10-15","2024-10-15 03:00:00 AM","M101","S","401973","42","1","0","1"
"2024-10-15","2024-10-15 12:00:00 PM","Q58","W","503541","42","4","4","4"
"2024-10-15","2024-10-15 04:00:00 AM","B35","W","302778","42","0","1","1"
"2024-10-15","2024-10-15 05:00:00 PM","S53","W","200416","42","1","38","4"
"2024-10-15","2024-10-15 08:00:00 AM","B46","N","303154","42","0","5","3"
"2024-10-15","2024-10-15 12:00:00 AM","B35","E","302724","42","0","2","1"
"2024-10-15","2024-10-15 01:00:00 AM","B35","W","302778","42","0","1","1"
"2024-10-15","2024-10-15 04:00:00 AM","B35","E","302724","42","0","10","1"
"2024-10-15","2024-10-15 06:00:00 AM","B46","S","303696","42","4","13","3"
"2024-10-15","2024-10-15 07:00:00 AM","Q58","E","503485","42","6","28","3"
"2024-10-15","2024-10-15 07:00:00 AM","B46","S","303696","42","20","34","5"
"2024-10-15","2024-10-15 02:00:00 AM","Q58","E","503485","42","0","2","1"
"2024-10-15","2024-10-15 03:00:00 PM","S53","E","200132","42","9","1","1"
"2024-10-15","2024-10-15 10:00:00 AM","Q58","E","503485","42","2","2","2"
"2024-10-15","2024-10-15 05:00:00 AM","S53","W","200416","42","0","7","2"
"2024-10-15","2024-10-15 12:00:00 PM","Q58","E","503485","42","0","6","4"
"2024-10-15","2024-10-15 12:00:00 PM","M15","S","401782","42","2","7","1"
"2024-10-15","2024-10-15 05:00:00 AM","M15","N","401710","42","0","4","1"
"2024-10-15","2024-10-15 07:00:00 AM","Q58","W","503541","42","8","9","3"
"2024-10-15","2024-10-15 06:00:00 AM","B46","N","303154","42","0","2","2"
"2024-10-15","2024-10-15 07:00:00 AM","M101","S","403421","42","1","3","1"
"2024-10-15","2024-10-15 09:00:00 AM","M101","N","402740","42","3","5","3"
"2024-10-15","2024-10-15 07:00:00 PM","M101","N","402740","42","0","6","1"
"2024-10-15","2024-10-15 01:00:00 AM","M101","S","401973","42","0","1","1"
"2024-10-15","2024-10-15 06:00:00 AM","Q58","E","503485","42","4","3","3"
"2024-10-15","2024-10-15 06:00:00 PM","Q58","W","503541","42","8","20","7"
"2024-10-15","2024-10-15 02:00:00 PM","Q58","W","503541","42","3","17","5"
"2024-10-15","2024-10-15 11:00:00 AM","B46","S","303696","42","20","29","5"
"2024-10-15","2024-10-15 11:00:00 AM","B46","N","303154","42","4","4","3"
"2024-10-15","2024-10-15 06:00:00 AM","S53","E","200132","42","11","1","4"
"2024-10-15","2024-10-15 06:00:00 AM","B35","W","302778","42","0","3","1"
"2024-10-15","2024-10-15 01:00:00 AM","Q58","E","503485","42","0","5","1"
"2024-10-15","2024-10-15 09:00:00 AM","S53","E","200132","42","19","2","4"
"2024-10-15","2024-10-15 08:00:00 AM","Q58","W","503541","42","6","15","6"
"2024-10-15","2024-10-15 08:00:00 AM","Q58","E","503485","42","8","9","5"
"2024-10-15","2024-10-15 08:00:00 PM","Q58","W","503541","42","3","2","4"
"2024-10-15","2024-10-15 01:00:00 AM","S53","E","200132","42","1","0","1"
"2024-10-15","2024-10-15 05:00:00 AM","B35","E","302724","42","0","9","1"
"2024-10-15","2024-10-15 10:00:00 PM","Q58","W","503541","42","2","4","4"
"2024-10-15","2024-10-15 02:00:00 PM","M101","N","402740","42","1","4","2"
"2024-10-15","2024-10-15 09:00:00 PM","B46","N","303154","42","0","2","1"
"2024-10-15","2024-10-15 02:00:00 PM","B46","S","303696","42","6","27","4"
"2024-10-15","2024-10-15 11:00:00 PM","Q58","E","503485","42","2","3","2"
"2024-10-15","2024-10-15 04:00:00 AM","S53","E","200132","42","2","0","2"
"2024-10-15","2024-10-15 03:00:00 AM","B35","E","302724","42","0","2","1"
"2024-10-15","2024-10-15 04:00:00 AM","Q58","W","503541","42","1","0","1"
"2024-10-15","2024-10-15 11:00:00 PM","Q58","W","503541","42","0","9","4"
"2024-10-15","2024-10-15 10:00:00 PM","Q58","E","503485","42","2","7","3"
"2024-10-15","2024-10-15 01:00:00 AM","Q58","W","503541","42","0","2","1"
"2024-10-15","2024-10-15 06:00:00 AM","M15","S","401782","42","1","5","2"
"2024-10-15","2024-10-15 09:00:00 AM","S53","W","200416","42","0","12","1"
"2024-10-15","2024-10-15 02:00:00 PM","B46","N","303154","42","3","2","3"
"2024-10-15","2024-10-15 12:00:00 AM","B46","S","303696","42","1","4","1"
"2024-10-15","2024-10-15 05:00:00 AM","B46","S","303696","42","5","20","3"
"2024-10-15","2024-10-15 10:00:00 AM","Q58","W","503541","42","2","5","5"
"2024-10-15","2024-10-15 08:00:00 PM","Q58","E","503485","42","0","16","4"
"2024-10-15","2024-10-15 11:00:00 AM","S53","E","200132","42","2","0","2"
"2024-10-15","2024-10-15 03:00:00 PM","S53","W","200416","42","0","26","4"
"2024-10-15","2024-10-15 03:00:00 PM","M15","S","401782","42","2","9","1"
"2024-10-15","2024-10-15 01:00:00 PM","Q58","W","503541","42","3","18","4"
"2024-10-15","2024-10-15 01:00:00 AM","B46","S","303696","42","2","5","4"
"2024-10-15","2024-10-15 02:00:00 AM","S53","W","200416","42","0","1","1"
"2024-10-15","2024-10-15 06:00:00 AM","M101","S","403421","42","0","3","1"
"2024-10-15","2024-10-15 03:00:00 PM","M15","N","401710","42","7","6","3"
"2024-10-15","2024-10-15 12:00:00 PM","M15","N","401710","42","0","1","1"
"2024-10-15","2024-10-15 08:00:00 AM","B46","S","303696","42","10","23","5"
"2024-10-15","2024-10-15 07:00:00 PM","M101","S","403421","42","1","0","1"
"2024-10-15","2024-10-15 03:00:00 PM","M15","N","401721","42","1","7","1"
"2024-10-15","2024-10-15 03:00:00 AM","Q58","E","503485","42","0","3","1"
"2024-10-15","2024-10-15 01:00:00 PM","Q58","E","503485","42","0","14","4"
"2024-10-15","2024-10-15 09:00:00 PM","S53","W","200416","42","0","9","3"
"2024-10-15","2024-10-15 07:00:00 AM","B35","W","302778","42","0","2","1"
"2024-10-15","2024-10-15 06:00:00 AM","Q58","W","503541","42","5","4","5"
"2024-10-15","2024-10-15 05:00:00 AM","Q58","W","503541","42","2","2","1"
"2024-10-15","2024-10-15 04:00:00 AM","M15","S","401782","42","1","1","1"
"2024-10-15","2024-10-15 03:00:00 AM","S53","E","200132","42","2","0","1"
"2024-10-15","2024-10-15 05:00:00 PM","B46","N","303154","42","0","3","2"
"2024-10-15","2024-10-15 09:00:00 AM","M15","S","401782","42","0","12","2"
"2024-10-15","2024-10-15 07:00:00 PM","M15","N","401721","42","0","3","1"
"2024-10-15","2024-10-15 05:00:00 AM","Q58","E","503485","42","2","6","6"
"2024-10-15","2024-10-15 09:00:00 AM","M15","N","401721","42","1","1","1"
"2024-10-15","2024-10-15 04:00:00 AM","S53","W","200416","42","0","4","1"
"2024-10-15","2024-10-15 02:00:00 AM","B46","S","303696","42","1","3","1"
"2024-10-15","2024-10-15 07:00:00 AM","B46","N","303154","42","1","2","3"
"2024-10-15","2024-10-15 01:00:00 AM","B35","E","302724","42","0","1","1"
"2024-10-15","2024-10-15 06:00:00 PM","Q58","E","503485","42","0","12","3"
"2024-10-15","2024-10-15 09:00:00 PM","S53","E","200132","42","2","0","1"
"2024-10-15","2024-10-15 05:00:00 PM","B46","S","303696","42","4","29","4"
"2024-10-15","2024-10-15 06:00:00 AM","B35","E","302724","42","0","9","1"
"2024-10-15","2024-10-15 09:00:00 PM","B46","S","303696","42","6","11","5"
"2024-10-15","2024-10-15 08:00:00 PM","M15","S","401782","42","21","78","4"
"2024-10-15","2024-10-15 04:00:00 AM","M101","N","402707","42","1","0","1"
"2024-10-15","2024-10-15 07:00:00 AM","M101","S","403422","43","1","5","1"
"2024-10-15","2024-10-15 07:00:00 AM","Q58","W","503542","43","7","21","6"
"2024-10-15","2024-10-15 06:00:00 AM","B35","E","308230","43","0","5","2"
"2024-10-15","2024-10-15 12:00:00 AM","Q58","W","503542","43","3","0","1"
"2024-10-15","2024-10-15 09:00:00 PM","S53","E","307203","43","0","4","1"
"2024-10-15","2024-10-15 06:00:00 PM","Q58","E","503486","43","2","11","5"
"2024-10-15","2024-10-15 03:00:00 AM","S53","E","307203","43","0","2","1"
"2024-10-15","2024-10-15 07:00:00 AM","Q58","E","503486","43","22","12","4"
"2024-10-15","2024-10-15 05:00:00 AM","Q58","E","503486","43","4","0","3"
"2024-10-15","2024-10-15 11:00:00 AM","B46","S","303697","43","1","6","4"
"2024-10-15","2024-10-15 09:00:00 PM","B46","N","307637","43","3","7","4"
"2024-10-15","2024-10-15 10:00:00 PM","Q58","E","503486","43","2","8","2"
"2024-10-15","2024-10-15 10:00:00 AM","Q58","W","503542","43","3","1","2"
"2024-10-15","2024-10-15 11:00:00 AM","S53","E","307203","43","3","13","4"
"2024-10-15","2024-10-15 02:00:00 AM","S53","E","307203","43","0","1","1"
"2024-10-15","2024-10-15 07:00:00 PM","M101","S","403422","43","2","0","1"
"2024-10-15","2024-10-15 07:00:00 PM","M15","N","401722","43","0","2","1"
"2024-10-15","2024-10-15 01:00:00 AM","B35","E","308230","43","0","4","1"
"2024-10-15","2024-10-15 09:00:00 AM","M15","S","404105","43","0","4","2"
"2024-10-15","2024-10-15 12:00:00 AM","B46","N","307637","43","0","1","1"
"2024-10-15","2024-10-15 02:00:00 AM","Q58","W","503542","43","0","1","1"
"2024-10-15","2024-10-15 06:00:00 AM","B46","N","307637","43","3","7","5"
"2024-10-15","2024-10-15 12:00:00 PM","M15","S","404105","43","1","5","1"
"2024-10-15","2024-10-15 03:00:00 PM","S53","E","307203","43","5","1","1"
"2024-10-15","2024-10-15 10:00:00 AM","Q58","E","503486","43","5","3","3"
"2024-10-15","2024-10-15 12:00:00 PM","Q58","E","503486","43","8","10","4"
"2024-10-15","2024-10-15 02:00:00 AM","Q58","E","503486","43","0","1","1"
"2024-10-15","2024-10-15 07:00:00 AM","B46","S","303697","43","5","4","4"
"2024-10-15","2024-10-15 08:00:00 AM","B46","N","307637","43","14","29","6"
"2024-10-15","2024-10-15 05:00:00 AM","S53","E","307203","43","0","7","1"
"2024-10-15","2024-10-15 06:00:00 AM","B46","S","303697","43","0","2","1"
"2024-10-15","2024-10-15 05:00:00 PM","S53","W","200417","43","0","1","1"
"2024-10-15","2024-10-15 05:00:00 AM","B46","N","307637","43","1","12","3"
"2024-10-15","2024-10-15 12:00:00 PM","Q58","W","503542","43","4","13","5"
"2024-10-15","2024-10-15 09:00:00 AM","M15","N","401722","43","0","3","1"
"2024-10-15","2024-10-15 11:00:00 PM","Q58","W","503542","43","3","3","3"
"2024-10-15","2024-10-15 09:00:00 PM","B46","S","303697","43","0","8","3"
"2024-10-15","2024-10-15 06:00:00 AM","Q58","W","503542","43","5","12","5"
"2024-10-15","2024-10-15 05:00:00 PM","B46","S","303697","43","1","11","4"
"2024-10-15","2024-10-15 07:00:00 AM","B46","N","307637","43","8","30","5"
"2024-10-15","2024-10-15 02:00:00 AM","B46","S","303697","43","0","1","1"
"2024-10-15","2024-10-15 01:00:00 AM","B46","N","307637","43","1","3","2"
"2024-10-15","2024-10-15 05:00:00 PM","B46","N","307637","43","4","25","4"
"2024-10-15","2024-10-15 05:00:00 AM","M15","N","401711","43","0","4","1"
"2024-10-15","2024-10-15 05:00:00 AM","Q58","W","503542","43","1","3","1"
"2024-10-15","2024-10-15 07:00:00 AM","B35","W","302779","43","0","1","1"
"2024-10-15","2024-10-15 02:00:00 AM","B46","N","307637","43","0","2","1"
"2024-10-15","2024-10-15 01:00:00 PM","Q58","E","503486","43","14","27","8"
"2024-10-15","2024-10-15 04:00:00 AM","Q58","W","503542","43","0","4","2"
"2024-10-15","2024-10-15 08:00:00 AM","B46","S","303697","43","6","1","2"
"2024-10-15","2024-10-15 01:00:00 AM","B46","S","303697","43","0","5","3"
"2024-10-15","2024-10-15 01:00:00 PM","Q58","W","503542","43","15","14","4"
"2024-10-15","2024-10-15 08:00:00 PM","Q58","E","503486","43","0","15","4"
"2024-10-15","2024-10-15 02:00:00 AM","B35","W","302779","43","0","1","1"
"2024-10-15","2024-10-15 12:00:00 AM","B46","S","303697","43","0","2","1"
"2024-10-15","2024-10-15 03:00:00 PM","M15","S","404105","43","0","3","1"
"2024-10-15","2024-10-15 02:00:00 PM","B46","N","307637","43","6","12","6"
"2024-10-15","2024-10-15 09:00:00 AM","S53","W","200417","43","1","4","0"
"2024-10-15","2024-10-15 04:00:00 AM","S53","E","307203","43","0","3","2"
"2024-10-15","2024-10-15 02:00:00 PM","B46","S","303697","43","4","2","2"
"2024-10-15","2024-10-15 02:00:00 PM","M101","N","402741","43","3","3","1"
"2024-10-15","2024-10-15 10:00:00 PM","Q58","W","503542","43","1","9","4"
"2024-10-15","2024-10-15 11:00:00 PM","Q58","E","503486","43","1","6","4"
"2024-10-15","2024-10-15 04:00:00 AM","Q58","E","503486","43","1","0","1"
"2024-10-15","2024-10-15 01:00:00 AM","S53","E","307203","43","0","2","1"
"2024-10-15","2024-10-15 08:00:00 PM","Q58","W","503542","43","6","5","4"
"2024-10-15","2024-10-15 08:00:00 AM","Q58","W","503542","43","16","44","8"
"2024-10-15","2024-10-15 08:00:00 AM","Q58","E","503486","43","9","5","6"
"2024-10-15","2024-10-15 09:00:00 AM","S53","E","307203","43","3","57","5"
"2024-10-15","2024-10-15 06:00:00 AM","S53","E","307203","43","1","19","3"
"2024-10-15","2024-10-15 02:00:00 PM","Q58","W","503542","43","12","14","6"
"2024-10-15","2024-10-15 06:00:00 AM","Q58","E","503486","43","9","1","3"
"2024-10-15","2024-10-15 06:00:00 AM","Q58","E","504020","43","0","1","1"
"2024-10-15","2024-10-15 01:00:00 AM","Q58","E","503486","43","0","1","1"
"2024-10-15","2024-10-15 09:00:00 AM","M101","N","402741","43","0","3","1"
"2024-10-15","2024-10-15 03:00:00 PM","M15","N","401711","43","3","7","3"
"2024-10-15","2024-10-15 03:00:00 PM","M15","N","401722","43","0","4","1"
"2024-10-15","2024-10-15 03:00:00 PM","S53","W","200417","43","0","7","2"
"2024-10-15","2024-10-15 04:00:00 AM","B46","N","307637","43","0","2","1"
"2024-10-15","2024-10-15 11:00:00 AM","B46","N","307637","43","6","14","4"
"2024-10-15","2024-10-15 06:00:00 PM","Q58","W","503542","43","6","13","6"
"2024-10-15","2024-10-15 07:00:00 AM","Q58","E","504020","43","0","1","1"
"2024-10-15","2024-10-15 10:00:00 AM","B46","S","303697","43","0","2","2"
"2024-10-15","2024-10-15 08:00:00 PM","S53","E","307203","43","0","6","2"
"2024-10-15","2024-10-15 07:00:00 PM","Q58","E","503486","43","0","13","4"
"2024-10-15","2024-10-15 04:00:00 PM","S53","W","200417","43","0","6","1"
"2024-10-15","2024-10-15 09:00:00 PM","Q58","W","503542","43","5","12","7"
"2024-10-15","2024-10-15 11:00:00 PM","B46","S","303697","43","0","2","1"
"2024-10-15","2024-10-15 01:00:00 PM","M101","N","402741","43","0","3","1"
"2024-10-15","2024-10-15 08:00:00 PM","S53","W","200417","43","0","2","1"
"2024-10-15","2024-10-15 09:00:00 PM","M101","N","402741","43","0","1","1"
"2024-10-15","2024-10-15 11:00:00 PM","B46","N","307637","43","0","5","2"
"2024-10-15","2024-10-15 04:00:00 PM","S53","E","307203","43","0","15","3"
"2024-10-15","2024-10-15 09:00:00 AM","B46","N","307637","43","4","21","5"
"2024-10-15","2024-10-15 11:00:00 AM","M101","S","403422","43","0","5","2"
"2024-10-15","2024-10-15 01:00:00 PM","S53","W","200417","43","1","3","1"
"2024-10-15","2024-10-15 10:00:00 AM","S53","E","307203","43","0","10","1"
"2024-10-15","2024-10-15 06:00:00 PM","M101","S","403422","43","4","2","1"
"2024-10-15","2024-10-15 03:00:00 PM","M101","S","403422","43","6","8","1"
"2024-10-15","2024-10-15 06:00:00 PM","B46","S","303697","43","3","16","5"
"2024-10-15","2024-10-15 01:00:00 PM","B46","N","307637","43","8","13","4"
"2024-10-15","2024-10-15 01:00:00 PM","S53","E","307203","43","0","6","2"
"2024-10-15","2024-10-15 06:00:00 PM","B46","N","307637","43","3","7","2"
"2024-10-15","2024-10-15 02:00:00 PM","Q58","E","503486","43","11","20","6"
"2024-10-15","2024-10-15 08:00:00 AM","S53","W","200417","43","0","2","1"
"2024-10-15","2024-10-15 07:00:00 AM","S53","E","307203","43","3","28","4"
"2024-10-15","2024-10-15 10:00:00 PM","B46","S","303697","43","0","5","4"
"2024-10-15","2024-10-15 10:00:00 AM","B46","N","307637","43","1","7","3"
"2024-10-15","2024-10-15 09:00:00 AM","B46","S","303697","43","3","0","3"
"2024-10-15","2024-10-15 11:00:00 AM","M15","N","401711","43","0","2","1"
"2024-10-15","2024-10-15 09:00:00 PM","Q58","E","503486","43","1","8","6"
"2024-10-15","2024-10-15 09:00:00 PM","M15","N","401722","43","0","4","1"
"2024-10-15","2024-10-15 08:00:00 AM","S53","E","307203","43","3","14","1"
"2024-10-15","2024-10-15 11:00:00 AM","M15","N","401722","43","3","1","2"
"2024-10-15","2024-10-15 07:00:00 PM","Q58","W","503542","43","10","10","5"
"2024-10-15","2024-10-15 01:00:00 PM","B46","S","303697","43","1","5","3"
"2024-10-15","2024-10-15 01:00:00 PM","M15","S","404105","43","0","2","1"
"2024-10-15","2024-10-15 06:00:00 PM","M15","N","401722","43","0","5","2"
"2024-10-15","2024-10-15 06:00:00 PM","M15","N","401711","43","2","1","1"
"2024-10-15","2024-10-15 12:00:00 PM","S53","W","200417","43","0","2","1"
"2024-10-15","2024-10-15 06:00:00 PM","S53","W","200417","43","0","1","1"
"2024-10-15","2024-10-15 09:00:00 AM","Q58","E","503486","43","11","1","4"
"2024-10-15","2024-10-15 04:00:00 PM","B46","S","303697","43","8","13","6"
"2024-10-15","2024-10-15 01:00:00 PM","M15","N","401711","43","0","3","1"
"2024-10-15","2024-10-15 04:00:00 PM","M101","S","403422","43","9","10","3"
"2024-10-15","2024-10-15 04:00:00 PM","B46","N","307637","43","1","5","2"
"2024-10-15","2024-10-15 10:00:00 AM","M101","S","403422","43","0","7","1"
"2024-10-15","2024-10-15 08:00:00 PM","B46","N","307637","43","2","8","4"
"2024-10-15","2024-10-15 12:00:00 PM","B46","S","303697","43","2","3","1"
"2024-10-15","2024-10-15 07:00:00 PM","B46","S","303697","43","0","5","2"
"2024-10-15","2024-10-15 11:00:00 PM","S53","E","307203","43","0","3","1"
"2024-10-15","2024-10-15 08:00:00 PM","B46","S","303697","43","1","4","3"
"2024-10-15","2024-10-15 03:00:00 PM","Q58","W","503542","43","20","23","6"
"2024-10-15","2024-10-15 08:00:00 PM","M101","N","402741","43","0","1","1"
"2024-10-15","2024-10-15 05:00:00 PM","Q58","W","503542","43","9","18","8"
"2024-10-15","2024-10-15 04:00:00 PM","M101","N","402741","43","1","3","1"
"2024-10-15","2024-10-15 08:00:00 PM","M101","S","403422","43","1","0","1"
"2024-10-15","2024-10-15 06:00:00 PM","S53","E","307203","43","0","16","3"
"2024-10-15","2024-10-15 04:00:00 PM","Q58","W","503542","43","14","20","6"
"2024-10-15","2024-10-15 11:00:00 AM","Q58","W","503542","43","2","0","2"
"2024-10-15","2024-10-15 03:00:00 PM","B46","N","307637","43","7","15","4"
"2024-10-15","2024-10-15 05:00:00 PM","M101","N","402741","43","0","1","1"
"2024-10-15","2024-10-15 10:00:00 AM","M15","S","404105","43","0","1","1"
"2024-10-15","2024-10-15 05:00:00 PM","M15","N","401711","43","3","1","1"
"2024-10-15","2024-10-15 03:00:00 PM","Q58","E","503486","43","7","24","6"
"2024-10-15","2024-10-15 05:00:00 PM","Q58","E","503486","43","4","32","5"
"2024-10-15","2024-10-15 07:00:00 PM","B46","N","307637","43","0","4","2"
"2024-10-15","2024-10-15 08:00:00 AM","M15","S","404105","43","2","2","1"
"2024-10-15","2024-10-15 12:00:00 PM","B46","N","307637","43","1","8","5"
"2024-10-15","2024-10-15 05:00:00 PM","M15","S","404105","43","2","6","3"
"2024-10-15","2024-10-15 10:00:00 PM","B46","N","307637","43","0","2","2"
"2024-10-15","2024-10-15 03:00:00 PM","B46","S","303697","43","2","11","3"
"2024-10-15","2024-10-15 08:00:00 AM","M15","N","401711","43","0","3","1"
"2024-10-15","2024-10-15 04:00:00 PM","Q58","E","503486","43","14","44","7"
"2024-10-15","2024-10-15 10:00:00 PM","M101","S","401974","43","0","1","1"
"2024-10-15","2024-10-15 02:00:00 PM","S53","E","307203","43","0","8","1"
"2024-10-15","2024-10-15 10:00:00 PM","M15","N","401711","43","1","10","2"
"2024-10-15","2024-10-15 10:00:00 PM","S53","E","307203","43","0","8","3"
"2024-10-15","2024-10-15 11:00:00 AM","Q58","E","503486","43","1","6","2"
"2024-10-15","2024-10-15 07:00:00 PM","S53","W","200417","43","0","3","2"
"2024-10-15","2024-10-15 09:00:00 AM","Q58","W","503542","43","4","17","6"
"2024-10-15","2024-10-15 05:00:00 PM","Q58","E","503487","44","9","15","5"
"2024-10-15","2024-10-15 08:00:00 AM","M101","N","405077","44","0","1","1"
"2024-10-15","2024-10-15 07:00:00 PM","B46","N","303156","44","0","1","1"
"2024-10-15","2024-10-15 03:00:00 PM","B46","S","303698","44","0","6","2"
"2024-10-15","2024-10-15 05:00:00 PM","M15","S","401784","44","10","19","4"
"2024-10-15","2024-10-15 11:00:00 PM","S53","W","905105","44","1","5","2"
"2024-10-15","2024-10-15 12:00:00 PM","S53","E","307501","44","0","5","1"
"2024-10-15","2024-10-15 08:00:00 PM","M101","S","404171","44","2","1","1"
"2024-10-15","2024-10-15 12:00:00 PM","S53","W","905105","44","0","4","2"
"2024-10-15","2024-10-15 06:00:00 PM","S53","W","905105","44","1","6","2"
"2024-10-15","2024-10-15 09:00:00 AM","Q58","E","503487","44","1","1","1"
"2024-10-15","2024-10-15 04:00:00 PM","M101","S","404171","44","9","23","3"
"2024-10-15","2024-10-15 10:00:00 PM","M15","N","401712","44","2","3","1"
"2024-10-15","2024-10-15 08:00:00 AM","M15","N","401723","44","15","2","1"
"2024-10-15","2024-10-15 02:00:00 PM","S53","E","307501","44","0","2","1"
"2024-10-15","2024-10-15 11:00:00 AM","Q58","E","503487","44","5","1","2"
"2024-10-15","2024-10-15 10:00:00 PM","S53","E","307501","44","0","6","2"
"2024-10-15","2024-10-15 04:00:00 PM","B46","S","303698","44","1","5","4"
"2024-10-15","2024-10-15 02:00:00 PM","S53","W","905105","44","1","2","1"
"2024-10-15","2024-10-15 10:00:00 PM","M101","S","402816","44","2","4","1"
"2024-10-15","2024-10-15 03:00:00 PM","Q58","E","503487","44","3","24","6"
"2024-10-15","2024-10-15 06:00:00 PM","S53","E","307501","44","1","8","3"
"2024-10-15","2024-10-15 10:00:00 PM","S53","W","905105","44","0","1","1"
"2024-10-15","2024-10-15 03:00:00 PM","B46","N","303156","44","1","7","3"
"2024-10-15","2024-10-15 10:00:00 AM","M101","S","404171","44","0","2","1"
"2024-10-15","2024-10-15 08:00:00 PM","B46","N","303156","44","0","1","1"
"2024-10-15","2024-10-15 12:00:00 PM","B46","S","303698","44","3","3","3"
"2024-10-15","2024-10-15 10:00:00 AM","M15","S","401784","44","1","1","1"
"2024-10-15","2024-10-15 01:00:00 PM","M15","S","401784","44","5","5","2"
"2024-10-15","2024-10-15 10:00:00 PM","M101","N","405077","44","1","1","1"
"2024-10-15","2024-10-15 07:00:00 PM","B46","S","303698","44","0","2","2"
"2024-10-15","2024-10-15 11:00:00 PM","S53","E","307501","44","0","2","1"
"2024-10-15","2024-10-15 08:00:00 PM","B46","S","303698","44","1","3","3"
"2024-10-15","2024-10-15 07:00:00 PM","S53","W","905105","44","1","3","1"
"2024-10-15","2024-10-15 04:00:00 PM","Q58","E","503487","44","6","21","7"
"2024-10-15","2024-10-15 12:00:00 PM","M101","S","404171","44","0","4","2"
"2024-10-15","2024-10-15 12:00:00 PM","B46","N","303156","44","1","2","2"
"2024-10-15","2024-10-15 04:00:00 PM","M101","N","405077","44","0","3","1"
"2024-10-15","2024-10-15 05:00:00 PM","M101","N","402502","44","0","11","0"
"2024-10-15","2024-10-15 09:00:00 PM","S53","E","307501","44","0","12","2"
"2024-10-15","2024-10-15 07:00:00 PM","M101","S","404171","44","3","4","2"
"2024-10-15","2024-10-15 10:00:00 AM","Q58","E","503487","44","3","3","3"
"2024-10-15","2024-10-15 06:00:00 AM","Q58","E","503487","44","1","2","3"
"2024-10-15","2024-10-15 03:00:00 AM","B35","E","307115","44","0","1","1"
"2024-10-15","2024-10-15 08:00:00 AM","B46","S","303698","44","1","4","4"
"2024-10-15","2024-10-15 09:00:00 PM","S53","W","905105","44","0","6","2"
"2024-10-15","2024-10-15 09:00:00 PM","B46","N","303156","44","0","2","1"
"2024-10-15","2024-10-15 06:00:00 AM","M101","S","404171","44","0","2","1"
"2024-10-15","2024-10-15 06:00:00 AM","S53","E","307501","44","0","16","3"
"2024-10-15","2024-10-15 02:00:00 PM","M101","N","405077","44","2","5","2"
"2024-10-15","2024-10-15 01:00:00 AM","B46","S","303698","44","0","1","1"
"2024-10-15","2024-10-15 07:00:00 AM","Q58","E","503487","44","2","1","1"
"2024-10-15","2024-10-15 05:00:00 PM","B46","S","303698","44","2","7","3"
"2024-10-15","2024-10-15 11:00:00 PM","Q58","E","503487","44","1","7","3"
"2024-10-15","2024-10-15 11:00:00 AM","S53","E","307501","44","0","11","3"
"2024-10-15","2024-10-15 12:00:00 PM","M15","S","401784","44","1","3","1"
"2024-10-15","2024-10-15 02:00:00 PM","B46","S","303698","44","1","7","4"
"2024-10-15","2024-10-15 08:00:00 PM","Q58","E","503487","44","2","11","3"
"2024-10-15","2024-10-15 05:00:00 PM","B46","N","303156","44","2","0","1"
"2024-10-15","2024-10-15 03:00:00 AM","B46","N","303156","44","0","1","1"
"2024-10-15","2024-10-15 06:00:00 PM","Q58","E","503487","44","0","8","4"
"2024-10-15","2024-10-15 03:00:00 AM","B46","S","303698","44","0","1","1"
"2024-10-15","2024-10-15 05:00:00 PM","S53","W","905105","44","3","13","3"
"2024-10-15","2024-10-15 07:00:00 AM","M101","S","404171","44","1","2","1"
"2024-10-15","2024-10-15 08:00:00 AM","Q58","E","503487","44","5","4","5"
"2024-10-15","2024-10-15 03:00:00 PM","M15","N","401712","44","9","9","3"
"2024-10-15","2024-10-15 11:00:00 AM","B46","S","303698","44","1","1","1"
"2024-10-15","2024-10-15 02:00:00 AM","B35","W","302780","44","0","1","1"
"2024-10-15","2024-10-15 03:00:00 PM","S53","E","307501","44","0","5","1"
"2024-10-15","2024-10-15 05:00:00 AM","B46","N","303156","44","1","1","2"
"2024-10-15","2024-10-15 06:00:00 AM","Q58","E","503497","44","1","1","2"
"2024-10-15","2024-10-15 03:00:00 PM","S53","W","905105","44","0","3","2"
"2024-10-15","2024-10-15 12:00:00 PM","M15","N","401723","44","5","2","1"
"2024-10-15","2024-10-15 05:00:00 AM","B46","S","303698","44","0","1","1"
"2024-10-15","2024-10-15 06:00:00 AM","B46","N","303156","44","2","1","2"
"2024-10-15","2024-10-15 05:00:00 AM","Q58","E","503487","44","6","0","3"
"2024-10-15","2024-10-15 09:00:00 AM","M101","N","405077","44","0","4","2"
"2024-10-15","2024-10-15 08:00:00 AM","B46","N","303156","44","7","5","3"
"2024-10-15","2024-10-15 06:00:00 AM","B35","E","307115","44","0","2","1"
"2024-10-15","2024-10-15 07:00:00 AM","B35","W","302780","44","0","2","1"
"2024-10-15","2024-10-15 04:00:00 AM","S53","W","905105","44","0","1","1"
"2024-10-15","2024-10-15 07:00:00 AM","B46","S","303698","44","12","3","3"
"2024-10-15","2024-10-15 12:00:00 PM","Q58","E","503487","44","0","4","3"
"2024-10-15","2024-10-15 02:00:00 PM","B46","N","303156","44","0","2","1"
"2024-10-15","2024-10-15 09:00:00 PM","B46","S","303698","44","0","6","1"
"2024-10-15","2024-10-15 09:00:00 AM","S53","W","905105","44","1","3","0"
"2024-10-15","2024-10-15 03:00:00 AM","S53","E","307501","44","0","1","1"
"2024-10-15","2024-10-15 09:00:00 AM","S53","E","307501","44","0","27","4"
"2024-10-15","2024-10-15 03:00:00 PM","M15","N","401723","44","9","7","1"
"2024-10-15","2024-10-15 05:00:00 AM","S53","W","905105","44","0","14","2"
"2024-10-15","2024-10-15 01:00:00 PM","Q58","E","503487","44","2","9","4"
"2024-10-15","2024-10-15 11:00:00 AM","B46","N","303156","44","0","1","1"
"2024-10-15","2024-10-15 10:00:00 PM","Q58","E","503487","44","3","4","4"
"2024-10-15","2024-10-15 07:00:00 AM","B46","N","303156","44","4","0","3"
"2024-10-15","2024-10-15 08:00:00 AM","S53","E","307501","44","0","7","1"
"2024-10-15","2024-10-15 08:00:00 PM","S53","E","307501","44","2","8","1"
"2024-10-15","2024-10-15 09:00:00 AM","B46","N","303156","44","3","4","3"
"2024-10-15","2024-10-15 11:00:00 PM","B46","S","303698","44","0","3","2"
"2024-10-15","2024-10-15 09:00:00 AM","B46","S","303698","44","0","2","2"
"2024-10-15","2024-10-15 09:00:00 PM","M101","N","405077","44","1","0","1"
"2024-10-15","2024-10-15 07:00:00 PM","Q58","E","503487","44","4","6","2"
"2024-10-15","2024-10-15 10:00:00 AM","B46","N","303156","44","0","1","1"
"2024-10-15","2024-10-15 10:00:00 AM","B46","S","303698","44","1","6","4"
"2024-10-15","2024-10-15 10:00:00 AM","S53","E","307501","44","0","20","2"
"2024-10-15","2024-10-15 10:00:00 AM","S53","W","905105","44","3","6","4"
"2024-10-15","2024-10-15 03:00:00 PM","M101","S","404171","44","3","10","1"
"2024-10-15","2024-10-15 09:00:00 PM","M15","N","401723","44","0","2","1"
"2024-10-15","2024-10-15 06:00:00 PM","M101","S","404171","44","4","0","1"
"2024-10-15","2024-10-15 06:00:00 PM","M101","N","405077","44","0","3","1"
"2024-10-15","2024-10-15 06:00:00 PM","B46","S","303698","44","0","4","3"
"2024-10-15","2024-10-15 09:00:00 PM","Q58","E","503487","44","3","6","5"
"2024-10-15","2024-10-15 10:00:00 PM","B46","S","303698","44","0","2","2"
"2024-10-15","2024-10-15 07:00:00 AM","S53","E","307501","44","2","22","3"
"2024-10-15","2024-10-15 11:00:00 PM","B35","E","307115","44","1","2","1"
"2024-10-15","2024-10-15 01:00:00 PM","B46","N","303156","44","1","0","1"
"2024-10-15","2024-10-15 04:00:00 PM","S53","W","905105","44","0","1","1"
"2024-10-15","2024-10-15 01:00:00 PM","M101","N","405077","44","0","4","2"
"2024-10-15","2024-10-15 04:00:00 PM","S53","E","307501","44","0","12","3"
"2024-10-15","2024-10-15 01:00:00 PM","S53","E","307501","44","0","13","2"
"2024-10-15","2024-10-15 02:00:00 PM","Q58","E","503487","44","5","7","3"
"2024-10-15","2024-10-15 08:00:00 PM","S53","W","905105","44","1","5","2"
"2024-10-15","2024-10-15 08:00:00 AM","S53","W","905105","44","0","5","3"
"2024-10-15","2024-10-15 01:00:00 PM","S53","E","301707","45","0","5","2"
"2024-10-15","2024-10-15 06:00:00 PM","M101","S","403424","45","4","0","1"
"2024-10-15","2024-10-15 10:00:00 AM","B46","S","303699","45","3","9","5"
"2024-10-15","2024-10-15 06:00:00 PM","B46","S","303699","45","5","14","6"
"2024-10-15","2024-10-15 10:00:00 PM","B46","S","303699","45","0","2","2"
"2024-10-15","2024-10-15 09:00:00 AM","B46","N","301092","45","0","9","5"
"2024-10-15","2024-10-15 09:00:00 PM","Q58","W","503544","45","0","1","1"
"2024-10-15","2024-10-15 10:00:00 AM","S53","E","301707","45","0","8","2"
"2024-10-15","2024-10-15 02:00:00 PM","Q58","E","503488","45","6","22","7"
"2024-10-15","2024-10-15 11:00:00 AM","M101","S","403424","45","0","3","1"
"2024-10-15","2024-10-15 07:00:00 PM","Q58","W","503544","45","0","3","1"
"2024-10-15","2024-10-15 09:00:00 AM","B46","S","303699","45","2","7","4"
"2024-10-15","2024-10-15 07:00:00 AM","S53","E","301707","45","0","7","2"
"2024-10-15","2024-10-15 09:00:00 PM","M15","N","401724","45","0","2","1"
"2024-10-15","2024-10-15 09:00:00 PM","M101","S","403424","45","1","0","1"
"2024-10-15","2024-10-15 09:00:00 PM","M101","N","402744","45","0","2","1"
"2024-10-15","2024-10-15 08:00:00 AM","S53","E","301707","45","0","2","1"
"2024-10-15","2024-10-15 08:00:00 PM","S53","E","301707","45","0","4","1"
"2024-10-15","2024-10-15 04:00:00 PM","S53","E","301707","45","0","19","4"
"2024-10-15","2024-10-15 03:00:00 PM","M101","S","403424","45","8","10","1"
"2024-10-15","2024-10-15 01:00:00 PM","M101","N","402744","45","0","5","1"
"2024-10-15","2024-10-15 01:00:00 PM","B46","S","303699","45","1","12","4"
"2024-10-15","2024-10-15 11:00:00 AM","M15","S","401785","45","2","0","1"
"2024-10-15","2024-10-15 10:00:00 AM","B46","N","301092","45","2","6","3"
"2024-10-15","2024-10-15 11:00:00 PM","B35","E","301132","45","0","2","1"
"2024-10-15","2024-10-15 11:00:00 PM","B46","S","303699","45","1","18","5"
"2024-10-15","2024-10-15 06:00:00 PM","M101","N","402744","45","0","5","2"
"2024-10-15","2024-10-15 01:00:00 PM","B46","N","301092","45","2","8","5"
"2024-10-15","2024-10-15 06:00:00 PM","B46","N","301092","45","3","1","2"
"2024-10-15","2024-10-15 11:00:00 AM","M15","N","401724","45","0","2","1"
"2024-10-15","2024-10-15 11:00:00 AM","M15","N","405100","45","0","1","1"
"2024-10-15","2024-10-15 09:00:00 PM","Q58","E","503488","45","3","25","8"
"2024-10-15","2024-10-15 07:00:00 PM","Q58","E","503488","45","0","12","4"
"2024-10-15","2024-10-15 05:00:00 PM","Q58","E","503488","45","5","19","5"
"2024-10-15","2024-10-15 04:00:00 PM","M101","N","402744","45","1","6","1"
"2024-10-15","2024-10-15 11:00:00 AM","Q58","W","503544","45","2","2","2"
"2024-10-15","2024-10-15 04:00:00 PM","Q58","W","503544","45","2","13","5"
"2024-10-15","2024-10-15 06:00:00 PM","S53","E","301707","45","0","7","3"
"2024-10-15","2024-10-15 01:00:00 PM","M15","S","401785","45","0","1","1"
"2024-10-15","2024-10-15 03:00:00 PM","B46","N","301092","45","2","18","6"
"2024-10-15","2024-10-15 12:00:00 PM","B46","N","301092","45","0","7","2"
"2024-10-15","2024-10-15 07:00:00 PM","B46","N","301092","45","0","3","3"
"2024-10-15","2024-10-15 08:00:00 AM","M15","S","401785","45","0","2","1"
"2024-10-15","2024-10-15 12:00:00 PM","S53","E","301707","45","0","2","1"
"2024-10-15","2024-10-15 04:00:00 PM","B46","S","303699","45","3","25","6"
"2024-10-15","2024-10-15 05:00:00 PM","M15","S","401785","45","2","4","3"
"2024-10-15","2024-10-15 08:00:00 PM","M101","N","402744","45","0","1","1"
"2024-10-15","2024-10-15 05:00:00 PM","Q58","W","503544","45","3","4","6"
"2024-10-15","2024-10-15 03:00:00 PM","Q58","W","503544","45","3","11","6"
"2024-10-15","2024-10-15 10:00:00 PM","B46","N","301092","45","1","0","0"
"2024-10-15","2024-10-15 04:00:00 PM","Q58","E","503488","45","7","35","6"
"2024-10-15","2024-10-15 11:00:00 PM","M15","S","401785","45","1","3","1"
"2024-10-15","2024-10-15 08:00:00 AM","M101","N","402744","45","0","1","1"
"2024-10-15","2024-10-15 03:00:00 PM","B46","S","303699","45","10","13","4"
"2024-10-15","2024-10-15 09:00:00 AM","Q58","W","503544","45","0","1","1"
"2024-10-15","2024-10-15 08:00:00 PM","B46","S","303699","45","0","7","2"
"2024-10-15","2024-10-15 08:00:00 AM","M15","N","401724","45","2","2","1"
"2024-10-15","2024-10-15 12:00:00 PM","M101","S","403424","45","4","1","2"
"2024-10-15","2024-10-15 08:00:00 AM","M15","N","405100","45","0","10","1"
"2024-10-15","2024-10-15 07:00:00 PM","B46","S","303699","45","1","1","2"
"2024-10-15","2024-10-15 10:00:00 PM","M101","N","402744","45","0","2","1"
"2024-10-15","2024-10-15 08:00:00 PM","B46","N","301092","45","0","4","2"
"2024-10-15","2024-10-15 10:00:00 PM","S53","E","301707","45","0","3","2"
"2024-10-15","2024-10-15 10:00:00 AM","M101","S","403424","45","0","1","1"
"2024-10-15","2024-10-15 07:00:00 PM","S53","E","301707","45","0","14","1"
"2024-10-15","2024-10-15 11:00:00 AM","Q58","E","503488","45","1","5","3"
"2024-10-15","2024-10-15 02:00:00 PM","S53","E","301707","45","0","6","1"
"2024-10-15","2024-10-15 12:00:00 PM","B46","S","303699","45","8","8","3"
"2024-10-15","2024-10-15 04:00:00 PM","B46","N","301092","45","2","5","1"
"2024-10-15","2024-10-15 10:00:00 PM","M15","N","405100","45","1","3","1"
"2024-10-15","2024-10-15 06:00:00 PM","M15","N","401724","45","0","2","1"
"2024-10-15","2024-10-15 06:00:00 PM","M15","N","405100","45","0","5","1"
"2024-10-15","2024-10-15 01:00:00 PM","M15","N","405100","45","0","3","1"
"2024-10-15","2024-10-15 09:00:00 AM","Q58","E","503488","45","2","2","2"
"2024-10-15","2024-10-15 04:00:00 PM","M101","S","403424","45","6","7","3"
"2024-10-15","2024-10-15 03:00:00 PM","Q58","E","503488","45","1","17","6"
"2024-10-15","2024-10-15 10:00:00 AM","M15","S","401785","45","1","1","1"
"2024-10-15","2024-10-15 11:00:00 AM","S53","E","301707","45","0","7","3"
"2024-10-15","2024-10-15 12:00:00 AM","B35","E","301132","45","2","5","1"
"2024-10-15","2024-10-15 01:00:00 PM","Q58","W","503544","45","2","4","2"
"2024-10-15","2024-10-15 07:00:00 AM","Q58","E","503499","45","0","2","1"
"2024-10-15","2024-10-15 08:00:00 PM","Q58","E","503488","45","0","12","4"
"2024-10-15","2024-10-15 06:00:00 AM","Q58","W","503544","45","0","2","2"
"2024-10-15","2024-10-15 09:00:00 PM","B46","N","301092","45","2","2","2"
"2024-10-15","2024-10-15 01:00:00 AM","B35","E","301132","45","0","1","1"
"2024-10-15","2024-10-15 07:00:00 AM","M101","S","403424","45","0","5","2"
"2024-10-15","2024-10-15 10:00:00 PM","Q58","E","503488","45","0","19","3"
"2024-10-15","2024-10-15 08:00:00 AM","B46","S","303699","45","6","11","3"
"2024-10-15","2024-10-15 08:00:00 PM","M15","S","401785","45","0","1","1"
"2024-10-15","2024-10-15 04:00:00 AM","B46","S","303699","45","0","2","1"
"2024-10-15","2024-10-15 06:00:00 AM","B46","N","301092","45","2","3","3"
"2024-10-15","2024-10-15 05:00:00 AM","S53","E","301707","45","0","4","1"
"2024-10-15","2024-10-15 05:00:00 AM","B46","S","303699","45","1","8","3"
"2024-10-15","2024-10-15 12:00:00 AM","B46","S","303699","45","0","3","1"
"2024-10-15","2024-10-15 10:00:00 AM","Q58","W","503544","45","0","2","2"
"2024-10-15","2024-10-15 01:00:00 AM","B46","S","303699","45","1","6","3"
"2024-10-15","2024-10-15 12:00:00 AM","B46","N","301092","45","3","0","1"
"2024-10-15","2024-10-15 06:00:00 AM","B35","E","301132","45","0","5","2"
"2024-10-15","2024-10-15 02:00:00 PM","B46","N","301092","45","0","6","1"
"2024-10-15","2024-10-15 01:00:00 AM","M101","S","403749","45","3","3","2"
"2024-10-15","2024-10-15 07:00:00 PM","M101","N","402744","45","0","1","1"
"2024-10-15","2024-10-15 06:00:00 AM","Q58","E","503499","45","0","6","3"
"2024-10-15","2024-10-15 06:00:00 AM","Q58","E","503488","45","9","6","4"
"2024-10-15","2024-10-15 02:00:00 AM","B35","E","301132","45","0","1","1"
"2024-10-15","2024-10-15 07:00:00 AM","B46","N","301092","45","3","20","5"
"2024-10-15","2024-10-15 07:00:00 AM","B46","S","303699","45","19","23","6"
"2024-10-15","2024-10-15 04:00:00 AM","S53","E","301707","45","0","4","1"
"2024-10-15","2024-10-15 09:00:00 PM","S53","E","301707","45","0","7","1"
"2024-10-15","2024-10-15 12:00:00 AM","Q58","W","503544","45","0","1","1"
"2024-10-15","2024-10-15 02:00:00 PM","B46","S","303699","45","3","8","5"
"2024-10-15","2024-10-15 05:00:00 PM","B46","S","303699","45","6","7","4"
"2024-10-15","2024-10-15 11:00:00 AM","B46","S","303699","45","4","11","4"
"2024-10-15","2024-10-15 11:00:00 AM","B46","N","301092","45","3","9","2"
"2024-10-15","2024-10-15 02:00:00 PM","M101","N","402744","45","0","5","2"
"2024-10-15","2024-10-15 08:00:00 AM","Q58","E","503488","45","5","9","5"
"2024-10-15","2024-10-15 09:00:00 AM","M15","S","401785","45","0","6","2"
"2024-10-15","2024-10-15 01:00:00 AM","S53","E","301707","45","0","2","1"
"2024-10-15","2024-10-15 03:00:00 AM","B35","E","301132","45","0","4","1"
"2024-10-15","2024-10-15 05:00:00 AM","B46","N","301092","45","2","2","2"
"2024-10-15","2024-10-15 10:00:00 PM","Q58","W","503544","45","0","1","1"
"2024-10-15","2024-10-15 03:00:00 PM","M15","N","401724","45","0","5","1"
"2024-10-15","2024-10-15 08:00:00 PM","Q58","W","503544","45","0","3","3"
"2024-10-15","2024-10-15 05:00:00 AM","Q58","E","503488","45","4","3","3"
"2024-10-15","2024-10-15 06:00:00 PM","Q58","W","503544","45","1","3","2"
"2024-10-15","2024-10-15 03:00:00 AM","Q58","W","503544","45","0","1","1"
"2024-10-15","2024-10-15 02:00:00 AM","B46","S","303699","45","0","1","1"
"2024-10-15","2024-10-15 08:00:00 AM","Q58","W","503544","45","1","3","2"
"2024-10-15","2024-10-15 06:00:00 PM","Q58","E","503488","45","5","21","4"
"2024-10-15","2024-10-15 02:00:00 PM","Q58","W","503544","45","1","0","1"
"2024-10-15","2024-10-15 04:00:00 AM","Q58","E","503488","45","1","0","1"
"2024-10-15","2024-10-15 05:00:00 AM","B35","W","302781","45","0","1","1"
"2024-10-15","2024-10-15 09:00:00 AM","S53","E","301707","45","0","14","4"
"2024-10-15","2024-10-15 11:00:00 PM","Q58","E","503488","45","4","6","3"
"2024-10-15","2024-10-15 06:00:00 AM","B35","W","302781","45","0","3","1"
"2024-10-15","2024-10-15 01:00:00 AM","Q58","E","503488","45","1","0","1"
"2024-10-15","2024-10-15 06:00:00 AM","S53","E","301707","45","0","6","3"
"2024-10-15","2024-10-15 03:00:00 PM","M15","N","405100","45","2","6","2"
"2024-10-15","2024-10-15 07:00:00 AM","Q58","W","503544","45","0","1","1"
"2024-10-15","2024-10-15 07:00:00 PM","M15","N","401724","45","0","3","1"
"2024-10-15","2024-10-15 04:00:00 AM","B35","W","302781","45","0","4","2"
"2024-10-15","2024-10-15 05:00:00 PM","B46","N","301092","45","0","6","3"
"2024-10-15","2024-10-15 09:00:00 PM","B46","S","303699","45","2","6","3"
"2024-10-15","2024-10-15 02:00:00 AM","Q58","E","503488","45","1","0","1"
"2024-10-15","2024-10-15 03:00:00 AM","M101","S","403749","45","0","1","1"
"2024-10-15","2024-10-15 12:00:00 PM","Q58","W","503544","45","1","1","2"
"2024-10-15","2024-10-15 05:00:00 AM","M15","N","405100","45","1","2","1"
"2024-10-15","2024-10-15 12:00:00 PM","Q58","E","503488","45","0","6","2"
"2024-10-15","2024-10-15 07:00:00 AM","B35","W","302781","45","0","4","1"
"2024-10-15","2024-10-15 07:00:00 AM","Q58","E","503488","45","6","0","3"
"2024-10-15","2024-10-15 01:00:00 AM","B35","W","302781","45","0","1","1"
"2024-10-15","2024-10-15 08:00:00 AM","B46","N","301092","45","8","13","6"
"2024-10-15","2024-10-15 07:00:00 PM","M101","S","403424","45","1","4","2"
"2024-10-15","2024-10-15 01:00:00 PM","Q58","E","503488","45","7","18","5"
"2024-10-15","2024-10-15 04:00:00 AM","M101","N","402503","45","1","0","1"
"2024-10-15","2024-10-15 03:00:00 PM","S53","E","301707","45","0","1","1"
"2024-10-15","2024-10-15 10:00:00 AM","Q58","E","503488","45","3","7","3"
"2024-10-15","2024-10-15 06:00:00 AM","B46","S","303699","45","2","7","2"
"2024-10-15","2024-10-15 09:00:00 AM","M15","N","401724","45","0","2","1"
"2024-10-15","2024-10-15 12:00:00 PM","M15","S","401785","45","0","2","1"
"2024-10-15","2024-10-15 06:00:00 PM","Q58","W","503545","46","0","4","3"
"2024-10-15","2024-10-15 04:00:00 AM","B35","W","302782","46","0","6","2"
"2024-10-15","2024-10-15 06:00:00 AM","B46","S","303700","46","0","3","1"
"2024-10-15","2024-10-15 06:00:00 AM","Q58","W","503545","46","0","2","2"
"2024-10-15","2024-10-15 03:00:00 PM","M15","N","401715","46","8","24","3"
"2024-10-15","2024-10-15 12:00:00 PM","Q58","W","503545","46","2","1","2"
"2024-10-15","2024-10-15 09:00:00 PM","B46","S","303700","46","0","7","4"
"2024-10-15","2024-10-15 05:00:00 PM","S53","E","801069","46","0","13","1"
"2024-10-15","2024-10-15 03:00:00 PM","M15","N","401725","46","0","7","1"
"2024-10-15","2024-10-15 08:00:00 PM","M15","S","401786","46","0","1","1"
"2024-10-15","2024-10-15 05:00:00 AM","Q58","E","503490","46","15","5","7"
"2024-10-15","2024-10-15 07:00:00 AM","B46","N","303158","46","14","54","4"
"2024-10-15","2024-10-15 05:00:00 PM","B46","S","303700","46","0","2","2"
"2024-10-15","2024-10-15 09:00:00 AM","M101","N","402745","46","0","5","2"
"2024-10-15","2024-10-15 07:00:00 PM","M15","N","401715","46","1","4","1"
"2024-10-15","2024-10-15 01:00:00 AM","B46","N","303158","46","0","1","1"
"2024-10-15","2024-10-15 05:00:00 PM","B46","N","303158","46","22","20","3"
"2024-10-15","2024-10-15 01:00:00 AM","Q58","E","503490","46","0","2","1"
"2024-10-15","2024-10-15 12:00:00 PM","M15","N","401725","46","0","1","1"
"2024-10-15","2024-10-15 12:00:00 PM","M15","N","401715","46","3","2","1"
"2024-10-15","2024-10-15 07:00:00 AM","B35","W","302782","46","0","5","1"
"2024-10-15","2024-10-15 06:00:00 AM","Q58","E","503490","46","8","4","4"
"2024-10-15","2024-10-15 06:00:00 PM","Q58","E","503490","46","12","20","6"
"2024-10-15","2024-10-15 07:00:00 PM","M101","S","403425","46","3","5","2"
"2024-10-15","2024-10-15 01:00:00 PM","Q58","E","503490","46","27","19","6"
"2024-10-15","2024-10-15 02:00:00 AM","S53","E","801069","46","0","7","1"
"2024-10-15","2024-10-15 11:00:00 AM","S53","E","801069","46","6","42","3"
"2024-10-15","2024-10-15 07:00:00 AM","Q58","W","503545","46","2","2","3"
"2024-10-15","2024-10-15 08:00:00 PM","Q58","E","503490","46","2","11","5"
"2024-10-15","2024-10-15 01:00:00 PM","Q58","W","503545","46","2","13","3"
"2024-10-15","2024-10-15 08:00:00 AM","B46","S","303700","46","0","5","3"
"2024-10-15","2024-10-15 02:00:00 AM","B35","W","302782","46","0","1","1"
"2024-10-15","2024-10-15 09:00:00 PM","S53","E","801069","46","0","27","2"
"2024-10-15","2024-10-15 05:00:00 AM","B46","S","303700","46","0","1","1"
"2024-10-15","2024-10-15 04:00:00 AM","B46","N","303158","46","2","2","2"
"2024-10-15","2024-10-15 01:00:00 AM","B46","S","303700","46","0","1","1"
"2024-10-15","2024-10-15 10:00:00 AM","Q58","W","503545","46","0","6","3"
"2024-10-15","2024-10-15 02:00:00 PM","B46","N","303158","46","23","40","7"
"2024-10-15","2024-10-15 06:00:00 AM","M15","S","401786","46","0","5","1"
"2024-10-15","2024-10-15 03:00:00 PM","M15","S","401786","46","1","3","1"
"2024-10-15","2024-10-15 04:00:00 AM","S53","E","801069","46","0","13","2"
"2024-10-15","2024-10-15 03:00:00 AM","S53","E","801069","46","0","5","1"
"2024-10-15","2024-10-15 11:00:00 AM","B46","S","303700","46","0","2","2"
"2024-10-15","2024-10-15 02:00:00 PM","M101","N","402745","46","13","28","3"
"2024-10-15","2024-10-15 01:00:00 AM","S53","E","801069","46","1","7","1"
"2024-10-15","2024-10-15 11:00:00 AM","B46","N","303158","46","10","19","2"
"2024-10-15","2024-10-15 03:00:00 AM","B46","N","303158","46","2","2","2"
"2024-10-15","2024-10-15 08:00:00 PM","Q58","W","503545","46","0","6","4"
"2024-10-15","2024-10-15 10:00:00 PM","Q58","W","503545","46","0","1","1"
"2024-10-15","2024-10-15 08:00:00 AM","Q58","W","503545","46","3","4","4"
"2024-10-15","2024-10-15 04:00:00 AM","Q58","E","503490","46","2","1","1"
"2024-10-15","2024-10-15 07:00:00 AM","Q58","E","804059","46","2","35","1"
"2024-10-15","2024-10-15 09:00:00 AM","S53","E","801069","46","0","65","3"
"2024-10-15","2024-10-15 06:00:00 AM","S53","E","801069","46","1","90","3"
"2024-10-15","2024-10-15 06:00:00 AM","B35","W","302782","46","0","3","1"
"2024-10-15","2024-10-15 11:00:00 PM","Q58","E","503490","46","0","12","3"
"2024-10-15","2024-10-15 02:00:00 PM","Q58","W","503545","46","1","8","4"
"2024-10-15","2024-10-15 07:00:00 PM","M101","N","402745","46","1","7","2"
"2024-10-15","2024-10-15 06:00:00 AM","B46","N","303158","46","8","29","7"
"2024-10-15","2024-10-15 09:00:00 PM","B46","N","303158","46","3","5","2"
"2024-10-15","2024-10-15 10:00:00 PM","Q58","E","503490","46","5","8","3"
"2024-10-15","2024-10-15 01:00:00 AM","M101","S","403418","46","1","6","2"
"2024-10-15","2024-10-15 04:00:00 AM","B46","S","303700","46","0","1","1"
"2024-10-15","2024-10-15 06:00:00 AM","Q58","E","804059","46","1","26","3"
"2024-10-15","2024-10-15 09:00:00 AM","M15","S","401786","46","1","4","2"
"2024-10-15","2024-10-15 05:00:00 AM","B46","N","303158","46","1","6","3"
"2024-10-15","2024-10-15 10:00:00 AM","Q58","E","503490","46","22","4","3"
"2024-10-15","2024-10-15 12:00:00 PM","Q58","E","503490","46","8","15","4"
"2024-10-15","2024-10-15 02:00:00 AM","Q58","E","503490","46","0","1","1"
"2024-10-15","2024-10-15 05:00:00 AM","B35","W","302782","46","0","5","1"
"2024-10-15","2024-10-15 07:00:00 AM","B46","S","303700","46","1","3","3"
"2024-10-15","2024-10-15 08:00:00 AM","Q58","E","503490","46","26","9","8"
"2024-10-15","2024-10-15 07:00:00 AM","M101","S","403425","46","4","5","2"
"2024-10-15","2024-10-15 05:00:00 AM","S53","E","801069","46","0","20","1"
"2024-10-15","2024-10-15 07:00:00 AM","Q58","E","503490","46","21","7","4"
"2024-10-15","2024-10-15 08:00:00 AM","B46","N","303158","46","19","51","7"
"2024-10-15","2024-10-15 09:00:00 PM","M101","S","403425","46","3","1","1"
"2024-10-15","2024-10-15 01:00:00 PM","B46","N","303158","46","18","21","4"
"2024-10-15","2024-10-15 06:00:00 PM","B46","N","303158","46","7","10","3"
"2024-10-15","2024-10-15 10:00:00 AM","B46","S","303700","46","0","6","4"
"2024-10-15","2024-10-15 11:00:00 PM","B46","S","303700","46","0","6","3"
"2024-10-15","2024-10-15 11:00:00 PM","B35","E","301133","46","0","1","1"
"2024-10-15","2024-10-15 09:00:00 AM","B46","N","303158","46","27","65","8"
"2024-10-15","2024-10-15 09:00:00 PM","Q58","E","503490","46","10","22","6"
"2024-10-15","2024-10-15 06:00:00 PM","B46","S","303700","46","0","6","3"
"2024-10-15","2024-10-15 08:00:00 AM","S53","E","801069","46","0","37","1"
"2024-10-15","2024-10-15 03:00:00 PM","M101","S","403425","46","5","13","1"
"2024-10-15","2024-10-15 01:00:00 PM","S53","E","801069","46","0","15","2"
"2024-10-15","2024-10-15 06:00:00 PM","M101","N","402745","46","0","14","1"
"2024-10-15","2024-10-15 11:00:00 AM","M101","S","403425","46","0","3","1"
"2024-10-15","2024-10-15 11:00:00 AM","M15","N","401715","46","2","3","1"
"2024-10-15","2024-10-15 06:00:00 PM","M101","S","403425","46","1","3","1"
"2024-10-15","2024-10-15 11:00:00 PM","B46","N","303158","46","4","7","3"
"2024-10-15","2024-10-15 07:00:00 PM","Q58","W","503545","46","0","6","4"
"2024-10-15","2024-10-15 09:00:00 PM","Q58","W","503545","46","1","5","3"
"2024-10-15","2024-10-15 09:00:00 AM","B46","S","303700","46","3","4","4"
"2024-10-15","2024-10-15 08:00:00 PM","S53","E","801069","46","0","10","1"
"2024-10-15","2024-10-15 04:00:00 PM","S53","E","801069","46","1","28","4"
"2024-10-15","2024-10-15 01:00:00 PM","M101","N","402745","46","0","3","1"
"2024-10-15","2024-10-15 02:00:00 PM","Q58","E","503490","46","15","31","8"
"2024-10-15","2024-10-15 09:00:00 PM","M101","N","402745","46","0","3","1"
"2024-10-15","2024-10-15 09:00:00 PM","M15","N","401725","46","0","5","1"
"2024-10-15","2024-10-15 07:00:00 PM","Q58","E","503490","46","0","6","1"
"2024-10-15","2024-10-15 10:00:00 PM","B46","S","303700","46","0","1","1"
"2024-10-15","2024-10-15 10:00:00 AM","B46","N","303158","46","14","23","4"
"2024-10-15","2024-10-15 07:00:00 AM","S53","E","801069","46","0","110","4"
"2024-10-15","2024-10-15 01:00:00 PM","B46","S","303700","46","1","2","1"
"2024-10-15","2024-10-15 10:00:00 AM","S53","E","801069","46","8","32","2"
"2024-10-15","2024-10-15 04:00:00 PM","M101","N","402745","46","1","3","1"
"2024-10-15","2024-10-15 05:00:00 PM","M15","S","401786","46","0","8","3"
"2024-10-15","2024-10-15 10:00:00 PM","S53","E","801069","46","0","16","3"
"2024-10-15","2024-10-15 04:00:00 PM","Q58","W","503545","46","2","6","3"
"2024-10-15","2024-10-15 08:00:00 AM","M101","N","402745","46","5","4","2"
"2024-10-15","2024-10-15 04:00:00 PM","B46","S","303700","46","1","12","5"
"2024-10-15","2024-10-15 07:00:00 PM","S53","E","801069","46","0","14","1"
"2024-10-15","2024-10-15 02:00:00 PM","S53","E","801069","46","1","20","1"
"2024-10-15","2024-10-15 03:00:00 PM","B46","N","303158","46","29","42","5"
"2024-10-15","2024-10-15 05:00:00 PM","Q58","E","503490","46","10","15","5"
"2024-10-15","2024-10-15 12:00:00 PM","S53","E","801069","46","0","5","1"
"2024-10-15","2024-10-15 06:00:00 PM","S53","E","801069","46","1","16","3"
"2024-10-15","2024-10-15 10:00:00 PM","M101","S","403418","46","0","2","1"
"2024-10-15","2024-10-15 08:00:00 PM","B46","S","303700","46","0","4","3"
"2024-10-15","2024-10-15 08:00:00 AM","M15","N","401725","46","1","2","1"
"2024-10-15","2024-10-15 09:00:00 AM","Q58","W","503545","46","0","5","4"
"2024-10-15","2024-10-15 11:00:00 AM","Q58","E","503490","46","15","4","4"
"2024-10-15","2024-10-15 03:00:00 PM","Q58","E","503490","46","4","26","4"
"2024-10-15","2024-10-15 11:00:00 PM","M101","S","403418","46","0","2","2"
"2024-10-15","2024-10-15 01:00:00 PM","M15","N","401715","46","7","5","1"
"2024-10-15","2024-10-15 07:00:00 PM","B46","N","303158","46","14","7","4"
"2024-10-15","2024-10-15 12:00:00 PM","B46","N","303158","46","26","31","7"
"2024-10-15","2024-10-15 04:00:00 PM","M101","S","403425","46","0","11","2"
"2024-10-15","2024-10-15 03:00:00 PM","B46","S","303700","46","0","9","3"
"2024-10-15","2024-10-15 03:00:00 PM","Q58","W","503545","46","0","13","5"
"2024-10-15","2024-10-15 04:00:00 PM","Q58","E","503490","46","20","62","7"
"2024-10-15","2024-10-15 06:00:00 PM","M15","N","401725","46","0","1","1"
"2024-10-15","2024-10-15 05:00:00 PM","Q58","W","503545","46","1","11","5"
"2024-10-15","2024-10-15 10:00:00 AM","M101","N","402745","46","0","6","1"
"2024-10-15","2024-10-15 08:00:00 AM","M15","S","401786","46","0","4","1"
"2024-10-15","2024-10-15 09:00:00 AM","Q58","E","503490","46","10","2","4"
"2024-10-15","2024-10-15 07:00:00 PM","B46","S","303700","46","0","2","2"
"2024-10-15","2024-10-15 04:00:00 PM","B46","N","303158","46","5","12","3"
"2024-10-15","2024-10-15 05:00:00 PM","M15","N","401715","46","5","6","1"
"2024-10-15","2024-10-15 12:00:00 PM","M101","S","403425","46","3","2","2"
"2024-10-15","2024-10-15 10:00:00 PM","M15","N","401715","46","7","3","1"
"2024-10-15","2024-10-15 10:00:00 PM","M101","N","402745","46","0","3","2"
"2024-10-15","2024-10-15 08:00:00 AM","M15","N","401715","46","4","5","1"
"2024-10-15","2024-10-15 01:00:00 PM","M15","S","401786","46","1","7","2"
"2024-10-15","2024-10-15 11:00:00 PM","S53","E","801069","46","0","2","1"
"2024-10-15","2024-10-15 12:00:00 PM","B46","S","303700","46","1","5","3"
"2024-10-15","2024-10-15 08:00:00 PM","M101","N","402745","46","0","5","1"
"2024-10-15","2024-10-15 10:00:00 AM","M15","S","401786","46","0","3","1"
"2024-10-15","2024-10-15 10:00:00 PM","B46","N","303158","46","1","0","0"
"2024-10-15","2024-10-15 08:00:00 PM","B46","N","303158","46","4","7","4"
"2024-10-15","2024-10-15 05:00:00 PM","M15","N","401716","47","0","2","1"
"2024-10-15","2024-10-15 03:00:00 PM","Q58","E","503491","47","3","6","3"
"2024-10-15","2024-10-15 11:00:00 PM","M15","S","401787","47","0","2","1"
"2024-10-15","2024-10-15 08:00:00 PM","B46","S","303701","47","0","4","3"
"2024-10-15","2024-10-15 06:00:00 PM","M15","N","401726","47","0","4","1"
"2024-10-15","2024-10-15 03:00:00 PM","B46","S","303701","47","2","7","3"
"2024-10-15","2024-10-15 07:00:00 PM","B46","N","303159","47","2","2","2"
"2024-10-15","2024-10-15 04:00:00 PM","Q58","E","503491","47","9","12","4"
"2024-10-15","2024-10-15 04:00:00 PM","M101","S","403821","47","2","7","3"
"2024-10-15","2024-10-15 07:00:00 PM","B46","S","303701","47","0","1","1"
"2024-10-15","2024-10-15 04:00:00 PM","B46","S","303701","47","1","12","6"
"2024-10-15","2024-10-15 08:00:00 PM","B46","N","303159","47","1","7","4"
"2024-10-15","2024-10-15 01:00:00 PM","M15","S","401787","47","4","6","3"
"2024-10-15","2024-10-15 08:00:00 AM","M15","N","401726","47","1","4","1"
"2024-10-15","2024-10-15 12:00:00 PM","M101","S","403821","47","0","4","2"
"2024-10-15","2024-10-15 12:00:00 PM","B46","N","303159","47","2","3","3"
"2024-10-15","2024-10-15 05:00:00 PM","Q58","E","503491","47","0","6","3"
"2024-10-15","2024-10-15 11:00:00 AM","Q58","W","504107","47","3","11","4"
"2024-10-15","2024-10-15 11:00:00 AM","Q58","E","503491","47","2","1","3"
"2024-10-15","2024-10-15 10:00:00 AM","M15","S","401787","47","1","6","2"
"2024-10-15","2024-10-15 04:00:00 PM","Q58","W","504107","47","11","50","7"
"2024-10-15","2024-10-15 10:00:00 PM","M15","N","401716","47","0","1","1"
"2024-10-15","2024-10-15 12:00:00 PM","B46","S","303701","47","0","3","1"
"2024-10-15","2024-10-15 08:00:00 AM","M15","S","401787","47","0","2","1"
"2024-10-15","2024-10-15 01:00:00 PM","M15","N","401716","47","2","6","1"
"2024-10-15","2024-10-15 03:00:00 PM","B46","N","303159","47","4","2","3"
"2024-10-15","2024-10-15 05:00:00 PM","M15","S","401787","47","0","12","2"
"2024-10-15","2024-10-15 04:00:00 PM","B46","N","303159","47","1","2","2"
"2024-10-15","2024-10-15 05:00:00 PM","Q58","W","504107","47","14","54","10"
"2024-10-15","2024-10-15 03:00:00 PM","Q58","W","504107","47","18","83","8"
"2024-10-15","2024-10-15 09:00:00 AM","Q58","W","504107","47","16","24","6"
"2024-10-15","2024-10-15 10:00:00 AM","M15","N","401726","47","0","1","1"
"2024-10-15","2024-10-15 05:00:00 AM","B46","S","303701","47","1","0","1"
"2024-10-15","2024-10-15 03:00:00 PM","M15","N","401726","47","0","2","1"
"2024-10-15","2024-10-15 06:00:00 AM","B46","N","303159","47","1","3","4"
"2024-10-15","2024-10-15 08:00:00 AM","B46","S","303701","47","1","8","3"
"2024-10-15","2024-10-15 03:00:00 PM","M15","N","401716","47","2","17","3"
"2024-10-15","2024-10-15 01:00:00 PM","Q58","W","504107","47","19","30","6"
"2024-10-15","2024-10-15 08:00:00 PM","M15","S","401787","47","0","3","2"
"2024-10-15","2024-10-15 05:00:00 AM","Q58","E","503491","47","2","0","1"
"2024-10-15","2024-10-15 01:00:00 AM","B35","E","901518","47","0","2","1"
"2024-10-15","2024-10-15 08:00:00 PM","Q58","E","503491","47","0","1","1"
"2024-10-15","2024-10-15 09:00:00 AM","M15","S","401787","47","1","0","1"
"2024-10-15","2024-10-15 08:00:00 AM","Q58","E","503491","47","5","1","5"
"2024-10-15","2024-10-15 01:00:00 AM","Q58","W","504107","47","0","3","1"
"2024-10-15","2024-10-15 02:00:00 AM","Q58","W","504107","47","0","1","1"
"2024-10-15","2024-10-15 10:00:00 PM","Q58","E","503491","47","1","3","3"
"2024-10-15","2024-10-15 09:00:00 PM","B46","S","303701","47","0","2","2"
"2024-10-15","2024-10-15 07:00:00 AM","B46","N","303159","47","3","2","3"
"2024-10-15","2024-10-15 04:00:00 AM","B46","S","303701","47","0","1","1"
"2024-10-15","2024-10-15 12:00:00 PM","Q58","W","504107","47","2","11","3"
"2024-10-15","2024-10-15 10:00:00 AM","Q58","E","503491","47","2","2","2"
"2024-10-15","2024-10-15 06:00:00 AM","Q58","W","504107","47","0","20","5"
"2024-10-15","2024-10-15 09:00:00 AM","M101","N","405185","47","0","1","1"
"2024-10-15","2024-10-15 11:00:00 PM","Q58","W","504107","47","1","11","4"
"2024-10-15","2024-10-15 06:00:00 PM","Q58","W","504107","47","0","37","8"
"2024-10-15","2024-10-15 06:00:00 PM","Q58","E","503491","47","0","1","1"
"2024-10-15","2024-10-15 05:00:00 AM","B35","W","302783","47","0","1","1"
"2024-10-15","2024-10-15 10:00:00 PM","Q58","W","504107","47","1","21","6"
"2024-10-15","2024-10-15 07:00:00 PM","M101","S","403821","47","1","7","2"
"2024-10-15","2024-10-15 05:00:00 AM","Q58","W","504107","47","2","6","1"
"2024-10-15","2024-10-15 08:00:00 AM","B46","N","303159","47","2","13","5"
"2024-10-15","2024-10-15 12:00:00 PM","Q58","E","503491","47","1","4","3"
"2024-10-15","2024-10-15 06:00:00 AM","Q58","E","503491","47","1","0","1"
"2024-10-15","2024-10-15 07:00:00 AM","B35","W","302783","47","0","3","1"
"2024-10-15","2024-10-15 06:00:00 AM","B46","S","303701","47","0","1","1"
"2024-10-15","2024-10-15 12:00:00 PM","M15","N","401726","47","0","1","1"
"2024-10-15","2024-10-15 05:00:00 PM","B46","N","303159","47","2","2","2"
"2024-10-15","2024-10-15 07:00:00 PM","M15","N","401716","47","2","7","1"
"2024-10-15","2024-10-15 11:00:00 PM","Q58","E","503491","47","0","3","3"
"2024-10-15","2024-10-15 06:00:00 AM","B35","W","302783","47","0","1","1"
"2024-10-15","2024-10-15 07:00:00 AM","Q58","E","503491","47","1","0","1"
"2024-10-15","2024-10-15 07:00:00 AM","Q58","W","504107","47","7","35","6"
"2024-10-15","2024-10-15 07:00:00 AM","B46","S","303701","47","10","14","6"
"2024-10-15","2024-10-15 08:00:00 AM","Q58","W","504107","47","5","33","6"
"2024-10-15","2024-10-15 07:00:00 AM","M101","S","403821","47","6","1","2"
"2024-10-15","2024-10-15 02:00:00 PM","Q58","W","504107","47","18","35","6"
"2024-10-15","2024-10-15 05:00:00 PM","B46","S","303701","47","0","9","4"
"2024-10-15","2024-10-15 08:00:00 PM","Q58","W","504107","47","1","26","7"
"2024-10-15","2024-10-15 11:00:00 AM","B46","N","303159","47","4","3","2"
"2024-10-15","2024-10-15 02:00:00 PM","M101","N","405185","47","0","7","2"
"2024-10-15","2024-10-15 04:00:00 AM","B35","W","302783","47","0","1","1"
"2024-10-15","2024-10-15 02:00:00 PM","B46","S","303701","47","0","3","2"
"2024-10-15","2024-10-15 04:00:00 AM","Q58","W","504107","47","0","8","2"
"2024-10-15","2024-10-15 02:00:00 AM","B35","E","901518","47","0","2","1"
"2024-10-15","2024-10-15 02:00:00 PM","B46","N","303159","47","12","3","6"
"2024-10-15","2024-10-15 10:00:00 AM","Q58","W","504107","47","5","11","6"
"2024-10-15","2024-10-15 09:00:00 PM","B46","N","303159","47","0","2","2"
"2024-10-15","2024-10-15 06:00:00 AM","B35","E","901518","47","0","5","2"
"2024-10-15","2024-10-15 12:00:00 AM","B46","S","303701","47","0","1","1"
"2024-10-15","2024-10-15 09:00:00 AM","B46","S","303701","47","0","4","3"
"2024-10-15","2024-10-15 09:00:00 PM","M101","S","403821","47","0","4","1"
"2024-10-15","2024-10-15 09:00:00 PM","Q58","W","504107","47","4","22","6"
"2024-10-15","2024-10-15 09:00:00 PM","Q58","E","503491","47","3","2","2"
"2024-10-15","2024-10-15 07:00:00 PM","Q58","W","504107","47","2","18","3"
"2024-10-15","2024-10-15 06:00:00 PM","B46","S","303701","47","0","6","4"
"2024-10-15","2024-10-15 10:00:00 PM","B46","S","303701","47","1","2","2"
"2024-10-15","2024-10-15 06:00:00 PM","B46","N","303159","47","1","5","1"
"2024-10-15","2024-10-15 11:00:00 AM","M15","N","401726","47","2","2","1"
"2024-10-15","2024-10-15 11:00:00 PM","B46","S","303701","47","0","2","1"
"2024-10-15","2024-10-15 03:00:00 PM","M101","S","403821","47","0","3","1"
"2024-10-15","2024-10-15 10:00:00 AM","B46","S","303701","47","0","3","3"
"2024-10-15","2024-10-15 01:00:00 PM","B46","S","303701","47","0","4","2"
"2024-10-15","2024-10-15 10:00:00 AM","B46","N","303159","47","0","10","4"
"2024-10-15","2024-10-15 11:00:00 AM","M15","S","401787","47","0","1","1"
"2024-10-15","2024-10-15 11:00:00 AM","M101","S","403821","47","7","2","2"
"2024-10-15","2024-10-15 01:00:00 PM","M101","N","405185","47","0","1","1"
"2024-10-15","2024-10-15 02:00:00 PM","Q58","E","503491","47","3","6","6"
"2024-10-15","2024-10-15 11:00:00 AM","M15","N","401716","47","0","1","1"
"2024-10-15","2024-10-15 09:00:00 AM","B46","N","303159","47","2","8","5"
"2024-10-15","2024-10-15 07:00:00 PM","Q58","E","503491","47","0","9","3"
"2024-10-15","2024-10-15 09:00:00 PM","M15","N","401726","47","0","1","1"
"2024-10-15","2024-10-15 01:00:00 PM","B46","N","303159","47","0","3","2"
"2024-10-15","2024-10-15 06:00:00 PM","M101","N","402748","48","0","2","1"
"2024-10-15","2024-10-15 06:00:00 PM","B46","N","303160","48","4","1","3"
"2024-10-15","2024-10-15 11:00:00 PM","B46","S","303702","48","0","4","4"
"2024-10-15","2024-10-15 06:00:00 PM","B46","S","303702","48","0","13","3"
"2024-10-15","2024-10-15 09:00:00 PM","Q58","E","503492","48","7","5","4"
"2024-10-15","2024-10-15 09:00:00 PM","Q58","W","504109","48","1","4","2"
"2024-10-15","2024-10-15 11:00:00 AM","M15","N","401718","48","0","2","1"
"2024-10-15","2024-10-15 11:00:00 AM","M15","N","401727","48","0","3","1"
"2024-10-15","2024-10-15 11:00:00 AM","M15","S","403849","48","3","0","1"
"2024-10-15","2024-10-15 06:00:00 PM","M101","S","402854","48","1","1","1"
"2024-10-15","2024-10-15 09:00:00 AM","B46","N","303160","48","6","1","4"
"2024-10-15","2024-10-15 10:00:00 PM","B46","S","303702","48","0","3","3"
"2024-10-15","2024-10-15 10:00:00 AM","B46","S","303702","48","1","7","4"
"2024-10-15","2024-10-15 10:00:00 AM","B46","N","303160","48","6","0","2"
"2024-10-15","2024-10-15 09:00:00 PM","M101","S","402854","48","0","4","1"
"2024-10-15","2024-10-15 01:00:00 PM","B46","N","303160","48","4","0","3"
"2024-10-15","2024-10-15 01:00:00 PM","B46","S","303702","48","0","3","2"
"2024-10-15","2024-10-15 07:00:00 PM","Q58","E","503492","48","1","2","1"
"2024-10-15","2024-10-15 09:00:00 PM","M101","N","402748","48","0","2","1"
"2024-10-15","2024-10-15 09:00:00 AM","B46","S","303702","48","4","9","6"
"2024-10-15","2024-10-15 07:00:00 PM","Q58","W","504109","48","0","10","3"
"2024-10-15","2024-10-15 11:00:00 PM","B46","N","303160","48","0","1","1"
"2024-10-15","2024-10-15 03:00:00 PM","M101","S","402854","48","4","18","1"
"2024-10-15","2024-10-15 02:00:00 PM","Q58","E","503492","48","65","19","9"
"2024-10-15","2024-10-15 11:00:00 AM","M101","S","402854","48","2","5","2"
"2024-10-15","2024-10-15 04:00:00 PM","Q58","W","504109","48","1","21","5"
"2024-10-15","2024-10-15 05:00:00 PM","Q58","W","504109","48","2","14","8"
"2024-10-15","2024-10-15 12:00:00 PM","B46","S","303702","48","3","4","3"
"2024-10-15","2024-10-15 07:00:00 PM","B46","S","303702","48","0","1","1"
"2024-10-15","2024-10-15 01:00:00 PM","M15","N","401718","48","1","3","1"
"2024-10-15","2024-10-15 10:00:00 AM","M15","S","403849","48","5","3","1"
"2024-10-15","2024-10-15 03:00:00 PM","B46","N","303160","48","18","2","4"
"2024-10-15","2024-10-15 07:00:00 PM","B46","N","303160","48","5","1","2"
"2024-10-15","2024-10-15 10:00:00 AM","M101","N","402748","48","0","3","1"
"2024-10-15","2024-10-15 08:00:00 AM","M15","S","403849","48","7","1","1"
"2024-10-15","2024-10-15 03:00:00 PM","B46","S","303702","48","3","8","3"
"2024-10-15","2024-10-15 05:00:00 PM","Q58","E","503492","48","10","10","5"
"2024-10-15","2024-10-15 12:00:00 PM","M101","S","402854","48","2","5","2"
"2024-10-15","2024-10-15 08:00:00 AM","M15","N","401718","48","0","1","1"
"2024-10-15","2024-10-15 11:00:00 PM","M15","S","403849","48","5","3","2"
"2024-10-15","2024-10-15 08:00:00 AM","M101","N","402748","48","0","5","2"
"2024-10-15","2024-10-15 05:00:00 PM","M15","S","403849","48","5","3","3"
"2024-10-15","2024-10-15 04:00:00 PM","M101","S","402854","48","0","4","2"
"2024-10-15","2024-10-15 10:00:00 AM","M15","N","401727","48","0","8","1"
"2024-10-15","2024-10-15 06:00:00 PM","M15","N","401727","48","3","8","2"
"2024-10-15","2024-10-15 08:00:00 PM","M101","S","402854","48","0","1","1"
"2024-10-15","2024-10-15 04:00:00 PM","B46","N","303160","48","4","2","2"
"2024-10-15","2024-10-15 09:00:00 AM","Q58","W","504109","48","1","11","4"
"2024-10-15","2024-10-15 10:00:00 PM","B46","N","303160","48","1","0","1"
"2024-10-15","2024-10-15 08:00:00 PM","M101","N","402748","48","0","4","1"
"2024-10-15","2024-10-15 08:00:00 PM","B46","S","303702","48","1","3","2"
"2024-10-15","2024-10-15 03:00:00 PM","Q58","E","503492","48","37","9","5"
"2024-10-15","2024-10-15 09:00:00 AM","Q58","E","503492","48","13","13","5"
"2024-10-15","2024-10-15 11:00:00 AM","Q58","E","503492","48","26","8","5"
"2024-10-15","2024-10-15 11:00:00 AM","Q58","W","504109","48","1","7","3"
"2024-10-15","2024-10-15 01:00:00 PM","M15","S","403849","48","11","0","3"
"2024-10-15","2024-10-15 08:00:00 PM","B46","N","303160","48","6","3","4"
"2024-10-15","2024-10-15 08:00:00 AM","M15","N","401727","48","1","11","1"
"2024-10-15","2024-10-15 05:00:00 PM","M101","S","402854","48","2","4","1"
"2024-10-15","2024-10-15 10:00:00 PM","M101","N","402748","48","0","2","1"
"2024-10-15","2024-10-15 04:00:00 PM","Q58","E","503492","48","26","16","6"
"2024-10-15","2024-10-15 04:00:00 PM","M101","N","402748","48","0","3","1"
"2024-10-15","2024-10-15 04:00:00 PM","B46","S","303702","48","1","10","4"
"2024-10-15","2024-10-15 12:00:00 PM","B46","N","303160","48","6","0","4"
"2024-10-15","2024-10-15 03:00:00 PM","Q58","W","504109","48","2","31","7"
"2024-10-15","2024-10-15 10:00:00 PM","M15","N","401718","48","9","1","2"
"2024-10-15","2024-10-15 05:00:00 PM","B46","S","303702","48","0","12","3"
"2024-10-15","2024-10-15 05:00:00 AM","Q58","E","503492","48","18","2","4"
"2024-10-15","2024-10-15 05:00:00 AM","B35","W","307177","48","0","4","2"
"2024-10-15","2024-10-15 06:00:00 AM","B35","W","307177","48","0","3","1"
"2024-10-15","2024-10-15 06:00:00 AM","B46","N","303160","48","3","1","2"
"2024-10-15","2024-10-15 06:00:00 AM","B46","S","303702","48","1","1","2"
"2024-10-15","2024-10-15 06:00:00 AM","M15","S","403849","48","0","1","1"
"2024-10-15","2024-10-15 06:00:00 AM","Q58","E","503492","48","4","8","5"
"2024-10-15","2024-10-15 04:00:00 AM","Q58","W","504109","48","0","1","1"
"2024-10-15","2024-10-15 06:00:00 AM","Q58","W","504109","48","1","1","2"
"2024-10-15","2024-10-15 10:00:00 PM","Q58","W","504109","48","1","4","4"
"2024-10-15","2024-10-15 04:00:00 AM","Q58","E","503492","48","2","0","1"
"2024-10-15","2024-10-15 07:00:00 AM","B46","N","303160","48","1","3","2"
"2024-10-15","2024-10-15 04:00:00 AM","M101","N","402506","48","2","0","1"
"2024-10-15","2024-10-15 07:00:00 AM","B46","S","303702","48","4","12","5"
"2024-10-15","2024-10-15 07:00:00 AM","M101","S","402854","48","0","11","2"
"2024-10-15","2024-10-15 07:00:00 AM","Q58","E","503492","48","36","40","5"
"2024-10-15","2024-10-15 07:00:00 AM","Q58","W","504109","48","1","14","4"
"2024-10-15","2024-10-15 08:00:00 AM","B46","N","303160","48","1","4","2"
"2024-10-15","2024-10-15 04:00:00 AM","B35","W","307177","48","0","2","1"
"2024-10-15","2024-10-15 08:00:00 AM","B46","S","303702","48","1","1","2"
"2024-10-15","2024-10-15 08:00:00 AM","Q58","E","503492","48","31","35","8"
"2024-10-15","2024-10-15 08:00:00 AM","Q58","W","504109","48","0","23","6"
"2024-10-15","2024-10-15 09:00:00 AM","M101","N","402748","48","0","2","1"
"2024-10-15","2024-10-15 09:00:00 AM","M15","S","403849","48","6","0","2"
"2024-10-15","2024-10-15 03:00:00 AM","Q58","E","503492","48","1","0","1"
"2024-10-15","2024-10-15 10:00:00 AM","Q58","E","503492","48","34","11","4"
"2024-10-15","2024-10-15 10:00:00 AM","Q58","W","504109","48","0","4","2"
"2024-10-15","2024-10-15 11:00:00 AM","B46","N","303160","48","5","1","2"
"2024-10-15","2024-10-15 11:00:00 AM","B46","S","303702","48","1","7","3"
"2024-10-15","2024-10-15 02:00:00 AM","Q58","W","504109","48","0","1","1"
"2024-10-15","2024-10-15 12:00:00 PM","M15","N","401718","48","6","1","1"
"2024-10-15","2024-10-15 12:00:00 PM","M15","N","401727","48","2","5","1"
"2024-10-15","2024-10-15 12:00:00 PM","Q58","E","503492","48","24","8","5"
"2024-10-15","2024-10-15 12:00:00 PM","Q58","W","504109","48","0","4","2"
"2024-10-15","2024-10-15 01:00:00 PM","Q58","E","503492","48","33","11","6"
"2024-10-15","2024-10-15 02:00:00 AM","B35","W","307177","48","0","1","1"
"2024-10-15","2024-10-15 01:00:00 PM","Q58","W","504109","48","1","1","1"
"2024-10-15","2024-10-15 02:00:00 PM","B46","N","303160","48","6","5","5"
"2024-10-15","2024-10-15 02:00:00 PM","B46","S","303702","48","1","11","3"
"2024-10-15","2024-10-15 02:00:00 PM","M101","N","402748","48","0","7","3"
"2024-10-15","2024-10-15 02:00:00 PM","Q58","W","504109","48","5","19","5"
"2024-10-15","2024-10-15 01:00:00 AM","Q58","W","504109","48","0","1","1"
"2024-10-15","2024-10-15 11:00:00 PM","Q58","E","503492","48","3","2","4"
"2024-10-15","2024-10-15 03:00:00 PM","M15","N","401727","48","1","6","1"
"2024-10-15","2024-10-15 03:00:00 PM","M15","N","401718","48","2","9","3"
"2024-10-15","2024-10-15 03:00:00 PM","M15","S","403849","48","0","3","1"
"2024-10-15","2024-10-15 01:00:00 AM","Q58","E","503492","48","1","0","1"
"2024-10-15","2024-10-15 01:00:00 AM","B46","S","303702","48","0","3","2"
"2024-10-15","2024-10-15 05:00:00 PM","B46","N","303160","48","9","4","3"
"2024-10-15","2024-10-15 06:00:00 PM","Q58","E","503492","48","4","4","3"
"2024-10-15","2024-10-15 06:00:00 PM","Q58","W","504109","48","0","13","7"
"2024-10-15","2024-10-15 07:00:00 PM","M101","N","402748","48","0","6","2"
"2024-10-15","2024-10-15 07:00:00 PM","M101","S","402854","48","10","1","1"
"2024-10-15","2024-10-15 07:00:00 PM","M15","N","401718","48","2","3","1"
"2024-10-15","2024-10-15 08:00:00 PM","M15","S","403849","48","5","7","2"
"2024-10-15","2024-10-15 08:00:00 PM","Q58","E","503492","48","5","6","4"
"2024-10-15","2024-10-15 12:00:00 AM","B46","S","303702","48","0","2","1"
"2024-10-15","2024-10-15 08:00:00 PM","Q58","W","504109","48","0","11","3"
"2024-10-15","2024-10-15 09:00:00 PM","B46","S","303702","48","0","7","2"
"2024-10-15","2024-10-15 11:00:00 PM","Q58","W","504109","48","0","2","2"
"2024-10-15","2024-10-15 10:00:00 PM","Q58","E","503492","48","7","9","4"
"2024-10-15","2024-10-15 05:00:00 AM","B46","S","303702","48","0","5","3"
"2024-10-15","2024-10-15 06:00:00 AM","Q58","E","503444","49","0","1","1"
"2024-10-15","2024-10-15 07:00:00 PM","M101","N","402749","49","0","6","2"
"2024-10-15","2024-10-15 05:00:00 AM","M101","N","402507","49","4","1","1"
"2024-10-15","2024-10-15 10:00:00 PM","Q58","W","505082","49","0","2","2"
"2024-10-15","2024-10-15 12:00:00 PM","Q58","E","503444","49","2","3","2"
"2024-10-15","2024-10-15 03:00:00 PM","M15","N","401729","49","0","6","1"
"2024-10-15","2024-10-15 03:00:00 PM","M15","S","403647","49","0","3","1"
"2024-10-15","2024-10-15 12:00:00 PM","M15","N","401729","49","0","1","1"
"2024-10-15","2024-10-15 06:00:00 PM","Q58","W","505082","49","0","11","3"
"2024-10-15","2024-10-15 08:00:00 AM","B46","N","303161","49","1","18","5"
"2024-10-15","2024-10-15 07:00:00 AM","Q58","W","505082","49","2","0","1"
"2024-10-15","2024-10-15 04:00:00 AM","M15","S","403647","49","0","2","1"
"2024-10-15","2024-10-15 07:00:00 AM","B46","N","303161","49","1","10","3"
"2024-10-15","2024-10-15 12:00:00 PM","M15","N","903275","49","5","3","1"
"2024-10-15","2024-10-15 04:00:00 AM","B46","N","303161","49","0","1","1"
"2024-10-15","2024-10-15 08:00:00 PM","M15","S","403647","49","3","15","3"
"2024-10-15","2024-10-15 06:00:00 PM","Q58","E","503444","49","1","5","2"
"2024-10-15","2024-10-15 01:00:00 PM","Q58","W","505082","49","0","1","1"
"2024-10-15","2024-10-15 06:00:00 AM","B46","S","303703","49","1","1","1"
"2024-10-15","2024-10-15 07:00:00 AM","Q58","E","503444","49","0","1","1"
"2024-10-15","2024-10-15 07:00:00 AM","B46","S","303703","49","0","1","1"
"2024-10-15","2024-10-15 08:00:00 PM","Q58","W","505082","49","0","2","2"
"2024-10-15","2024-10-15 06:00:00 AM","Q58","W","505082","49","0","1","1"
"2024-10-15","2024-10-15 05:00:00 PM","B46","S","303703","49","0","1","1"
"2024-10-15","2024-10-15 08:00:00 AM","Q58","W","505082","49","0","4","3"
"2024-10-15","2024-10-15 05:00:00 AM","B46","N","303161","49","0","2","2"
"2024-10-15","2024-10-15 09:00:00 PM","B46","S","303703","49","0","1","1"
"2024-10-15","2024-10-15 11:00:00 AM","B46","N","303161","49","1","1","2"
"2024-10-15","2024-10-15 06:00:00 AM","B46","N","303161","49","1","4","3"
"2024-10-15","2024-10-15 05:00:00 AM","Q58","E","503444","49","0","1","1"
"2024-10-15","2024-10-15 07:00:00 AM","M101","S","404106","49","0","6","2"
"2024-10-15","2024-10-15 05:00:00 PM","B46","N","303161","49","0","6","3"
"2024-10-15","2024-10-15 08:00:00 AM","Q58","E","503444","49","0","1","1"
"2024-10-15","2024-10-15 09:00:00 AM","M15","S","403647","49","3","7","2"
"2024-10-15","2024-10-15 02:00:00 PM","B46","S","303703","49","1","1","1"
"2024-10-15","2024-10-15 02:00:00 PM","M101","N","402749","49","0","11","3"
"2024-10-15","2024-10-15 03:00:00 PM","M15","N","903275","49","9","1","1"
"2024-10-15","2024-10-15 02:00:00 PM","B46","N","303161","49","0","6","3"
"2024-10-15","2024-10-15 12:00:00 PM","Q58","W","505082","49","0","3","2"
"2024-10-15","2024-10-15 07:00:00 PM","M15","N","903275","49","2","0","1"
"2024-10-15","2024-10-15 02:00:00 PM","Q58","W","505082","49","1","6","4"
"2024-10-15","2024-10-15 07:00:00 PM","M101","S","404106","49","0","1","1"
"2024-10-15","2024-10-15 06:00:00 PM","B46","S","303703","49","13","13","4"
"2024-10-15","2024-10-15 11:00:00 AM","M15","N","903275","49","4","8","1"
"2024-10-15","2024-10-15 11:00:00 AM","M15","N","401729","49","0","4","1"
"2024-10-15","2024-10-15 03:00:00 PM","M101","S","404106","49","1","6","1"
"2024-10-15","2024-10-15 11:00:00 PM","B46","S","303703","49","0","2","2"
"2024-10-15","2024-10-15 09:00:00 AM","B46","N","303161","49","0","6","4"
"2024-10-15","2024-10-15 10:00:00 PM","B46","S","303703","49","1","5","3"
"2024-10-15","2024-10-15 04:00:00 PM","M15","N","903275","49","10","1","1"
"2024-10-15","2024-10-15 11:00:00 AM","M101","S","404106","49","0","5","2"
"2024-10-15","2024-10-15 06:00:00 PM","M101","S","404106","49","0","6","1"
"2024-10-15","2024-10-15 07:00:00 AM","M15","S","403647","49","0","2","1"
"2024-10-15","2024-10-15 07:00:00 PM","Q58","W","505082","49","0","4","3"
"2024-10-15","2024-10-15 06:00:00 PM","B46","N","303161","49","0","5","2"
"2024-10-15","2024-10-15 06:00:00 PM","M101","N","402749","49","0","3","1"
"2024-10-15","2024-10-15 01:00:00 PM","B46","S","303703","49","17","18","2"
"2024-10-15","2024-10-15 09:00:00 PM","M101","S","404106","49","0","1","1"
"2024-10-15","2024-10-15 11:00:00 AM","M15","S","403647","49","1","0","1"
"2024-10-15","2024-10-15 09:00:00 PM","M15","N","401729","49","0","1","1"
"2024-10-15","2024-10-15 09:00:00 AM","B46","S","303703","49","0","1","1"
"2024-10-15","2024-10-15 08:00:00 AM","M15","N","401729","49","0","2","1"
"2024-10-15","2024-10-15 04:00:00 PM","B46","S","303703","49","0","13","3"
"2024-10-15","2024-10-15 07:00:00 PM","B46","N","303161","49","0","2","1"
"2024-10-15","2024-10-15 10:00:00 AM","M15","S","403647","49","2","2","2"
"2024-10-15","2024-10-15 12:00:00 PM","M101","S","404106","49","0","2","1"
"2024-10-15","2024-10-15 07:00:00 PM","B46","S","303703","49","2","6","1"
"2024-10-15","2024-10-15 06:00:00 PM","M15","N","401729","49","0","5","2"
"2024-10-15","2024-10-15 09:00:00 AM","Q58","W","505082","49","1","1","2"
"2024-10-15","2024-10-15 04:00:00 PM","Q58","E","503444","49","0","7","2"
"2024-10-15","2024-10-15 04:00:00 PM","M101","S","404106","49","0","7","2"
"2024-10-15","2024-10-15 01:00:00 PM","M15","N","903275","49","2","3","1"
"2024-10-15","2024-10-15 12:00:00 PM","B46","S","303703","49","0","2","2"
"2024-10-15","2024-10-15 11:00:00 AM","Q58","E","503444","49","1","0","1"
"2024-10-15","2024-10-15 08:00:00 PM","B46","N","303161","49","0","2","2"
"2024-10-15","2024-10-15 03:00:00 PM","Q58","W","505082","49","0","13","6"
"2024-10-15","2024-10-15 08:00:00 PM","B46","S","303703","49","0","2","2"
"2024-10-15","2024-10-15 03:00:00 PM","B46","N","303161","49","1","2","2"
"2024-10-15","2024-10-15 05:00:00 PM","Q58","W","505082","49","0","4","2"
"2024-10-15","2024-10-15 08:00:00 PM","M101","N","402749","49","0","1","1"
"2024-10-15","2024-10-15 01:00:00 PM","M15","S","403647","49","4","10","3"
"2024-10-15","2024-10-15 11:00:00 AM","Q58","W","505082","49","0","5","2"
"2024-10-15","2024-10-15 05:00:00 PM","Q58","E","503444","49","0","2","1"
"2024-10-15","2024-10-15 04:00:00 PM","Q58","W","505082","49","0","8","5"
"2024-10-15","2024-10-15 08:00:00 AM","M15","S","403647","49","1","5","1"
"2024-10-15","2024-10-15 05:00:00 PM","M15","S","403647","49","5","9","2"
"2024-10-15","2024-10-15 10:00:00 PM","B46","N","303161","49","0","2","0"
"2024-10-15","2024-10-15 10:00:00 PM","M101","N","402749","49","1","2","2"
"2024-10-15","2024-10-15 10:00:00 PM","M15","N","903275","49","2","0","1"
"2024-10-15","2024-10-15 08:00:00 AM","M15","N","903275","49","1","1","1"
"2024-10-15","2024-10-15 05:00:00 PM","M15","N","903275","49","2","2","1"
"2024-10-15","2024-10-15 08:00:00 AM","M101","N","402749","49","0","2","1"
"2024-10-15","2024-10-15 03:00:00 PM","B46","S","303703","49","1","0","1"
"2024-10-15","2024-10-15 05:00:00 PM","M101","S","404106","49","0","2","1"
"2024-10-15","2024-10-15 12:00:00 PM","B46","N","303161","49","0","2","1"
"2024-10-15","2024-10-15 11:00:00 PM","M15","S","403647","49","0","5","2"
"2024-10-15","2024-10-15 04:00:00 PM","M101","N","402749","49","0","2","1"
"2024-10-15","2024-10-15 05:00:00 PM","Q58","W","505083","50","0","6","2"
"2024-10-15","2024-10-15 08:00:00 PM","M101","S","903148","50","0","1","1"
"2024-10-15","2024-10-15 04:00:00 PM","B46","N","303162","50","1","5","4"
"2024-10-15","2024-10-15 07:00:00 PM","B46","S","303704","50","0","1","1"
"2024-10-15","2024-10-15 10:00:00 PM","M15","N","401721","50","0","4","1"
"2024-10-15","2024-10-15 06:00:00 PM","M15","N","401730","50","0","6","2"
"2024-10-15","2024-10-15 09:00:00 AM","Q58","W","505083","50","1","1","2"
"2024-10-15","2024-10-15 04:00:00 PM","Q58","E","503493","50","16","18","6"
"2024-10-15","2024-10-15 09:00:00 AM","Q58","E","503493","50","9","0","3"
"2024-10-15","2024-10-15 04:00:00 PM","M101","S","903148","50","0","2","1"
"2024-10-15","2024-10-15 12:00:00 PM","B46","S","303704","50","7","17","3"
"2024-10-15","2024-10-15 01:00:00 PM","M15","N","401721","50","2","0","1"
"2024-10-15","2024-10-15 10:00:00 PM","M101","S","403419","50","0","3","1"
"2024-10-15","2024-10-15 11:00:00 AM","Q58","E","503493","50","13","2","4"
"2024-10-15","2024-10-15 08:00:00 PM","B46","N","303162","50","0","8","3"
"2024-10-15","2024-10-15 03:00:00 PM","B46","S","303704","50","11","29","3"
"2024-10-15","2024-10-15 08:00:00 AM","M15","N","401730","50","1","8","1"
"2024-10-15","2024-10-15 03:00:00 PM","Q58","W","505083","50","0","6","3"
"2024-10-15","2024-10-15 12:00:00 PM","B46","N","303162","50","3","11","4"
"2024-10-15","2024-10-15 08:00:00 PM","B46","S","303704","50","0","3","2"
"2024-10-15","2024-10-15 05:00:00 PM","M15","N","401721","50","0","3","1"
"2024-10-15","2024-10-15 10:00:00 PM","B46","N","303162","50","0","2","2"
"2024-10-15","2024-10-15 08:00:00 AM","M15","S","405373","50","1","7","1"
"2024-10-15","2024-10-15 08:00:00 AM","M101","N","903340","50","0","1","1"
"2024-10-15","2024-10-15 05:00:00 PM","M15","S","405373","50","8","2","2"
"2024-10-15","2024-10-15 05:00:00 PM","M101","S","903148","50","1","4","1"
"2024-10-15","2024-10-15 02:00:00 PM","M15","S","405373","50","0","2","1"
"2024-10-15","2024-10-15 08:00:00 PM","M101","N","903340","50","0","1","1"
"2024-10-15","2024-10-15 01:00:00 PM","M15","S","405373","50","2","5","2"
"2024-10-15","2024-10-15 04:00:00 PM","B46","S","303704","50","16","14","5"
"2024-10-15","2024-10-15 03:00:00 PM","Q58","E","503493","50","4","14","6"
"2024-10-15","2024-10-15 05:00:00 PM","Q58","E","503493","50","5","3","3"
"2024-10-15","2024-10-15 04:00:00 PM","Q58","W","505083","50","0","12","8"
"2024-10-15","2024-10-15 03:00:00 PM","B46","N","303162","50","0","5","3"
"2024-10-15","2024-10-15 07:00:00 PM","B46","N","303162","50","0","7","3"
"2024-10-15","2024-10-15 04:00:00 PM","M101","N","903340","50","2","10","1"
"2024-10-15","2024-10-15 10:00:00 AM","M15","S","405373","50","1","1","2"
"2024-10-15","2024-10-15 12:00:00 PM","M101","S","903148","50","0","2","1"
"2024-10-15","2024-10-15 08:00:00 AM","M15","N","401721","50","0","5","1"
"2024-10-15","2024-10-15 02:00:00 AM","B46","S","303704","50","1","2","2"
"2024-10-15","2024-10-15 02:00:00 AM","M101","N","402508","50","0","1","1"
"2024-10-15","2024-10-15 11:00:00 AM","B46","N","303162","50","0","7","2"
"2024-10-15","2024-10-15 11:00:00 AM","B46","S","303704","50","4","10","2"
"2024-10-15","2024-10-15 02:00:00 AM","Q58","W","505083","50","0","1","1"
"2024-10-15","2024-10-15 12:00:00 PM","M15","N","401730","50","0","1","1"
"2024-10-15","2024-10-15 12:00:00 PM","M15","N","401721","50","0","3","1"
"2024-10-15","2024-10-15 12:00:00 PM","Q58","W","505083","50","0","1","1"
"2024-10-15","2024-10-15 11:00:00 PM","Q58","W","505083","50","0","3","3"
"2024-10-15","2024-10-15 12:00:00 PM","Q58","E","503493","50","11","1","3"
"2024-10-15","2024-10-15 08:00:00 PM","M15","S","405373","50","1","13","2"
"2024-10-15","2024-10-15 06:00:00 AM","Q58","E","503493","50","6","3","2"
"2024-10-15","2024-10-15 09:00:00 PM","B46","S","303704","50","4","4","1"
"2024-10-15","2024-10-15 05:00:00 AM","Q58","E","503493","50","14","4","5"
"2024-10-15","2024-10-15 05:00:00 AM","M101","N","402508","50","2","0","1"
"2024-10-15","2024-10-15 09:00:00 PM","B46","N","303162","50","0","3","2"
"2024-10-15","2024-10-15 07:00:00 PM","M15","N","401721","50","0","4","1"
"2024-10-15","2024-10-15 07:00:00 PM","M15","N","401730","50","0","1","1"
"2024-10-15","2024-10-15 07:00:00 PM","M101","S","903148","50","0","8","1"
"2024-10-15","2024-10-15 07:00:00 PM","M101","N","903340","50","0","1","1"
"2024-10-15","2024-10-15 10:00:00 PM","Q58","W","505083","50","0","2","1"
"2024-10-15","2024-10-15 06:00:00 PM","Q58","W","505083","50","0","5","3"
"2024-10-15","2024-10-15 08:00:00 PM","Q58","W","505083","50","0","2","2"
"2024-10-15","2024-10-15 06:00:00 PM","Q58","E","503493","50","0","6","4"
"2024-10-15","2024-10-15 12:00:00 AM","Q58","W","505083","50","0","1","1"
"2024-10-15","2024-10-15 07:00:00 AM","B46","N","303162","50","1","16","4"
"2024-10-15","2024-10-15 05:00:00 PM","B46","S","303704","50","3","11","3"
"2024-10-15","2024-10-15 05:00:00 AM","B46","N","303162","50","0","7","3"
"2024-10-15","2024-10-15 01:00:00 AM","B46","N","303162","50","0","1","1"
"2024-10-15","2024-10-15 12:00:00 AM","B46","S","303704","50","0","1","1"
"2024-10-15","2024-10-15 07:00:00 AM","B46","S","303704","50","2","32","4"
"2024-10-15","2024-10-15 04:00:00 AM","B46","S","303704","50","1","3","1"
"2024-10-15","2024-10-15 05:00:00 PM","B46","N","303162","50","0","10","2"
"2024-10-15","2024-10-15 07:00:00 AM","M101","S","903148","50","0","2","2"
"2024-10-15","2024-10-15 01:00:00 AM","B46","S","303704","50","7","7","2"
"2024-10-15","2024-10-15 07:00:00 AM","Q58","E","503493","50","17","0","4"
"2024-10-15","2024-10-15 01:00:00 AM","Q58","E","503493","50","0","1","1"
"2024-10-15","2024-10-15 04:00:00 AM","B46","N","303162","50","0","3","2"
"2024-10-15","2024-10-15 07:00:00 AM","Q58","W","505083","50","1","4","2"
"2024-10-15","2024-10-15 06:00:00 AM","B46","N","303162","50","0","16","7"
"2024-10-15","2024-10-15 03:00:00 PM","M15","S","405373","50","2","1","1"
"2024-10-15","2024-10-15 08:00:00 AM","B46","N","303162","50","7","23","6"
"2024-10-15","2024-10-15 05:00:00 AM","B46","S","303704","50","0","4","2"
"2024-10-15","2024-10-15 08:00:00 AM","B46","S","303704","50","1","7","3"
"2024-10-15","2024-10-15 08:00:00 PM","Q58","E","503493","50","1","2","2"
"2024-10-15","2024-10-15 03:00:00 PM","M15","N","401721","50","8","6","2"
"2024-10-15","2024-10-15 08:00:00 AM","Q58","E","503493","50","19","4","8"
"2024-10-15","2024-10-15 08:00:00 AM","Q58","W","505083","50","1","2","2"
"2024-10-15","2024-10-15 02:00:00 PM","Q58","W","505083","50","1","10","4"
"2024-10-15","2024-10-15 02:00:00 PM","M101","N","903340","50","2","14","2"
"2024-10-15","2024-10-15 02:00:00 PM","B46","S","303704","50","15","20","5"
"2024-10-15","2024-10-15 09:00:00 AM","M15","S","405373","50","1","3","2"
"2024-10-15","2024-10-15 06:00:00 AM","B46","S","303704","50","1","2","2"
"2024-10-15","2024-10-15 02:00:00 PM","B46","N","303162","50","5","4","4"
"2024-10-15","2024-10-15 01:00:00 PM","Q58","W","505083","50","0","6","3"
"2024-10-15","2024-10-15 03:00:00 AM","M101","S","403419","50","0","1","1"
"2024-10-15","2024-10-15 10:00:00 AM","Q58","E","503493","50","8","1","3"
"2024-10-15","2024-10-15 10:00:00 PM","Q58","E","503493","50","1","3","1"
"2024-10-15","2024-10-15 01:00:00 PM","Q58","E","503493","50","12","10","5"
"2024-10-15","2024-10-15 03:00:00 AM","B46","N","303162","50","0","3","2"
"2024-10-15","2024-10-15 11:00:00 AM","M15","S","405373","50","0","2","1"
"2024-10-15","2024-10-15 09:00:00 PM","Q58","E","503493","50","1","10","5"
"2024-10-15","2024-10-15 01:00:00 PM","M101","N","903340","50","0","1","1"
"2024-10-15","2024-10-15 09:00:00 AM","B46","S","303704","50","2","2","3"
"2024-10-15","2024-10-15 09:00:00 PM","M101","S","903148","50","0","2","1"
"2024-10-15","2024-10-15 10:00:00 AM","B46","N","303162","50","2","3","3"
"2024-10-15","2024-10-15 01:00:00 PM","B46","N","303162","50","6","9","4"
"2024-10-15","2024-10-15 09:00:00 AM","B46","N","303162","50","3","13","8"
"2024-10-15","2024-10-15 11:00:00 PM","B46","S","303704","50","4","8","3"
"2024-10-15","2024-10-15 02:00:00 PM","Q58","E","503493","50","11","9","7"
"2024-10-15","2024-10-15 06:00:00 PM","B46","N","303162","50","3","4","2"
"2024-10-15","2024-10-15 01:00:00 PM","B46","S","303704","50","13","12","3"
"2024-10-15","2024-10-15 06:00:00 PM","B46","S","303704","50","6","13","4"
"2024-10-15","2024-10-15 11:00:00 AM","M101","S","903148","50","0","3","1"
"2024-10-15","2024-10-15 10:00:00 PM","B46","S","303704","50","7","11","3"
"2024-10-15","2024-10-15 04:00:00 PM","M15","N","401721","50","1","0","1"
"2024-10-15","2024-10-15 07:00:00 PM","Q58","W","505083","50","0","4","2"
"2024-10-15","2024-10-15 07:00:00 PM","Q58","E","503493","50","0","4","2"
"2024-10-15","2024-10-15 10:00:00 AM","B46","S","303704","50","9","21","3"
"2024-10-15","2024-10-15 09:00:00 PM","Q58","W","505083","50","0","3","1"
"2024-10-15","2024-10-15 09:00:00 AM","B46","N","303163","51","0","11","7"
"2024-10-15","2024-10-15 01:00:00 PM","B46","N","303163","51","2","1","2"
"2024-10-15","2024-10-15 10:00:00 AM","B46","S","307089","51","0","3","2"
"2024-10-15","2024-10-15 10:00:00 PM","B46","S","307089","51","4","3","3"
"2024-10-15","2024-10-15 09:00:00 PM","Q58","E","503494","51","0","1","1"
"2024-10-15","2024-10-15 09:00:00 AM","B46","S","307089","51","1","2","3"
"2024-10-15","2024-10-15 09:00:00 PM","Q58","W","504238","51","2","10","5"
"2024-10-15","2024-10-15 09:00:00 PM","M15","N","401731","51","0","1","1"
"2024-10-15","2024-10-15 02:00:00 PM","Q58","E","503494","51","4","0","2"
"2024-10-15","2024-10-15 07:00:00 PM","Q58","W","504238","51","0","3","2"
"2024-10-15","2024-10-15 04:00:00 PM","M15","N","401722","51","0","5","1"
"2024-10-15","2024-10-15 06:00:00 PM","B46","S","307089","51","1","2","2"
"2024-10-15","2024-10-15 06:00:00 PM","B46","N","303163","51","2","5","3"
"2024-10-15","2024-10-15 10:00:00 AM","B46","N","303163","51","1","2","2"
"2024-10-15","2024-10-15 11:00:00 AM","Q58","W","504238","51","0","5","4"
"2024-10-15","2024-10-15 09:00:00 AM","Q58","W","504238","51","0","4","3"
"2024-10-15","2024-10-15 01:00:00 PM","M15","S","401793","51","0","3","2"
"2024-10-15","2024-10-15 08:00:00 PM","B46","N","303163","51","0","8","2"
"2024-10-15","2024-10-15 03:00:00 PM","Q58","E","503494","51","1","3","3"
"2024-10-15","2024-10-15 04:00:00 PM","Q58","E","503494","51","1","4","2"
"2024-10-15","2024-10-15 04:00:00 PM","Q58","W","504238","51","0","9","5"
"2024-10-15","2024-10-15 09:00:00 AM","Q58","E","503494","51","1","0","1"
"2024-10-15","2024-10-15 12:00:00 PM","B46","N","303163","51","0","6","4"
"2024-10-15","2024-10-15 05:00:00 PM","M15","N","401722","51","0","6","1"
"2024-10-15","2024-10-15 03:00:00 PM","Q58","W","504238","51","1","25","7"
"2024-10-15","2024-10-15 03:00:00 PM","B46","N","303163","51","0","5","2"
"2024-10-15","2024-10-15 07:00:00 PM","B46","N","303163","51","0","1","1"
"2024-10-15","2024-10-15 12:00:00 PM","B46","S","307089","51","2","3","2"
"2024-10-15","2024-10-15 10:00:00 AM","M15","S","401793","51","1","1","2"
"2024-10-15","2024-10-15 10:00:00 PM","B46","N","303163","51","0","1","1"
"2024-10-15","2024-10-15 05:00:00 PM","M15","S","401793","51","3","14","3"
"2024-10-15","2024-10-15 04:00:00 PM","B46","N","303163","51","2","3","3"
"2024-10-15","2024-10-15 01:00:00 PM","M15","N","401722","51","2","1","1"
"2024-10-15","2024-10-15 08:00:00 AM","M15","N","401722","51","1","1","1"
"2024-10-15","2024-10-15 05:00:00 PM","Q58","W","504238","51","0","9","5"
"2024-10-15","2024-10-15 08:00:00 PM","B46","S","307089","51","0","1","1"
"2024-10-15","2024-10-15 07:00:00 PM","B46","S","307089","51","1","1","1"
"2024-10-15","2024-10-15 10:00:00 PM","M15","N","401722","51","1","3","2"
"2024-10-15","2024-10-15 08:00:00 AM","M15","S","401793","51","0","1","1"
"2024-10-15","2024-10-15 04:00:00 PM","B46","S","307089","51","1","1","1"
"2024-10-15","2024-10-15 06:00:00 AM","B46","N","303163","51","0","1","1"
"2024-10-15","2024-10-15 03:00:00 PM","M15","N","401731","51","0","2","1"
"2024-10-15","2024-10-15 03:00:00 PM","M15","N","401722","51","15","8","2"
"2024-10-15","2024-10-15 11:00:00 AM","B46","S","307089","51","0","1","1"
"2024-10-15","2024-10-15 08:00:00 PM","Q58","W","504238","51","0","8","5"
"2024-10-15","2024-10-15 07:00:00 PM","M15","N","401731","51","0","1","1"
"2024-10-15","2024-10-15 01:00:00 AM","Q58","W","504238","51","0","6","2"
"2024-10-15","2024-10-15 05:00:00 AM","M101","N","402509","51","0","2","1"
"2024-10-15","2024-10-15 03:00:00 AM","Q58","W","504238","51","0","1","1"
"2024-10-15","2024-10-15 08:00:00 AM","Q58","E","503494","51","1","0","1"
"2024-10-15","2024-10-15 06:00:00 AM","Q58","W","504238","51","0","13","6"
"2024-10-15","2024-10-15 11:00:00 PM","Q58","W","504238","51","1","4","3"
"2024-10-15","2024-10-15 06:00:00 AM","Q58","E","503494","51","2","0","2"
"2024-10-15","2024-10-15 02:00:00 PM","Q58","W","504238","51","3","17","6"
"2024-10-15","2024-10-15 05:00:00 PM","B46","N","303163","51","2","1","2"
"2024-10-15","2024-10-15 06:00:00 AM","B46","S","307089","51","0","3","2"
"2024-10-15","2024-10-15 05:00:00 AM","M15","N","401722","51","0","2","1"
"2024-10-15","2024-10-15 12:00:00 PM","M15","N","401722","51","0","2","1"
"2024-10-15","2024-10-15 01:00:00 PM","Q58","W","504238","51","0","10","2"
"2024-10-15","2024-10-15 07:00:00 AM","B46","S","307089","51","0","9","3"
"2024-10-15","2024-10-15 07:00:00 AM","B46","N","303163","51","0","3","3"
"2024-10-15","2024-10-15 12:00:00 PM","Q58","W","504238","51","1","4","2"
"2024-10-15","2024-10-15 07:00:00 AM","Q58","E","503494","51","3","0","2"
"2024-10-15","2024-10-15 08:00:00 AM","Q58","W","504238","51","2","15","6"
"2024-10-15","2024-10-15 02:00:00 PM","B46","S","307089","51","0","2","1"
"2024-10-15","2024-10-15 06:00:00 PM","Q58","E","503494","51","0","2","1"
"2024-10-15","2024-10-15 04:00:00 AM","M15","S","401793","51","0","1","1"
"2024-10-15","2024-10-15 01:00:00 PM","Q58","E","503494","51","2","3","3"
"2024-10-15","2024-10-15 07:00:00 AM","Q58","W","504238","51","2","21","6"
"2024-10-15","2024-10-15 10:00:00 PM","Q58","W","504238","51","0","4","3"
"2024-10-15","2024-10-15 08:00:00 PM","M15","S","401793","51","0","5","3"
"2024-10-15","2024-10-15 12:00:00 PM","M15","N","401731","51","0","7","1"
"2024-10-15","2024-10-15 06:00:00 PM","Q58","W","504238","51","1","20","6"
"2024-10-15","2024-10-15 08:00:00 PM","Q58","E","503494","51","0","1","1"
"2024-10-15","2024-10-15 11:00:00 AM","B46","N","303163","51","0","1","1"
"2024-10-15","2024-10-15 08:00:00 AM","B46","N","303163","51","0","14","4"
"2024-10-15","2024-10-15 05:00:00 AM","B46","S","307089","51","0","7","3"
"2024-10-15","2024-10-15 10:00:00 AM","Q58","W","504238","51","1","2","2"
"2024-10-15","2024-10-15 05:00:00 AM","B46","N","303163","51","0","1","1"
"2024-10-15","2024-10-15 02:00:00 PM","B46","N","303163","51","1","6","4"
"2024-10-15","2024-10-15 08:00:00 AM","B46","S","307089","51","0","4","1"
"2024-10-15","2024-10-15 09:00:00 PM","B46","N","303163","51","0","4","2"
"2024-10-15","2024-10-15 09:00:00 PM","B46","N","303164","52","0","1","1"
"2024-10-15","2024-10-15 08:00:00 PM","Q58","W","304841","52","0","2","2"
"2024-10-15","2024-10-15 08:00:00 PM","M15","S","404844","52","0","4","1"
"2024-10-15","2024-10-15 09:00:00 PM","B46","S","307636","52","0","6","2"
"2024-10-15","2024-10-15 12:00:00 AM","B46","N","303164","52","0","3","1"
"2024-10-15","2024-10-15 07:00:00 PM","M15","N","401723","52","1","2","1"
"2024-10-15","2024-10-15 06:00:00 PM","Q58","W","304841","52","0","16","6"
"2024-10-15","2024-10-15 06:00:00 PM","Q58","E","503956","52","2","1","2"
"2024-10-15","2024-10-15 05:00:00 PM","B46","S","307636","52","0","2","1"
"2024-10-15","2024-10-15 01:00:00 AM","B46","N","303164","52","0","1","1"
"2024-10-15","2024-10-15 05:00:00 PM","B46","N","303164","52","0","8","3"
"2024-10-15","2024-10-15 01:00:00 AM","B46","S","307636","52","0","1","1"
"2024-10-15","2024-10-15 03:00:00 PM","M15","S","404844","52","7","1","1"
"2024-10-15","2024-10-15 01:00:00 AM","Q58","E","503956","52","0","2","1"
"2024-10-15","2024-10-15 03:00:00 PM","M15","N","401723","52","11","12","2"
"2024-10-15","2024-10-15 03:00:00 PM","M15","N","803054","52","1","6","1"
"2024-10-15","2024-10-15 02:00:00 PM","Q58","W","304841","52","0","12","5"
"2024-10-15","2024-10-15 02:00:00 PM","B46","N","303164","52","0","9","4"
"2024-10-15","2024-10-15 01:00:00 PM","Q58","W","304841","52","0","4","3"
"2024-10-15","2024-10-15 01:00:00 PM","Q58","E","503956","52","1","0","1"
"2024-10-15","2024-10-15 02:00:00 AM","M101","N","402510","52","1","1","1"
"2024-10-15","2024-10-15 12:00:00 PM","Q58","W","304841","52","0","1","1"
"2024-10-15","2024-10-15 12:00:00 PM","Q58","E","503956","52","1","1","2"
"2024-10-15","2024-10-15 12:00:00 PM","M15","N","401723","52","1","3","1"
"2024-10-15","2024-10-15 02:00:00 AM","Q58","W","304841","52","0","1","1"
"2024-10-15","2024-10-15 11:00:00 AM","B46","S","307636","52","0","6","4"
"2024-10-15","2024-10-15 11:00:00 AM","B46","N","303164","52","0","1","1"
"2024-10-15","2024-10-15 10:00:00 AM","Q58","W","304841","52","0","1","1"
"2024-10-15","2024-10-15 10:00:00 PM","Q58","E","503956","52","1","1","1"
"2024-10-15","2024-10-15 10:00:00 AM","Q58","E","503956","52","2","3","3"
"2024-10-15","2024-10-15 03:00:00 AM","M101","S","402826","52","5","0","1"
"2024-10-15","2024-10-15 09:00:00 AM","M15","S","404844","52","8","6","2"
"2024-10-15","2024-10-15 08:00:00 AM","Q58","W","304841","52","0","5","5"
"2024-10-15","2024-10-15 08:00:00 AM","Q58","E","503956","52","4","2","4"
"2024-10-15","2024-10-15 08:00:00 AM","B46","S","307636","52","0","8","2"
"2024-10-15","2024-10-15 05:00:00 AM","B46","S","307636","52","0","3","2"
"2024-10-15","2024-10-15 08:00:00 AM","B46","N","303164","52","0","1","1"
"2024-10-15","2024-10-15 07:00:00 AM","Q58","W","304841","52","0","2","2"
"2024-10-15","2024-10-15 07:00:00 AM","Q58","E","503956","52","5","2","3"
"2024-10-15","2024-10-15 11:00:00 PM","Q58","W","304841","52","0","2","2"
"2024-10-15","2024-10-15 04:00:00 AM","B46","S","307636","52","0","1","1"
"2024-10-15","2024-10-15 07:00:00 AM","B46","S","307636","52","0","16","3"
"2024-10-15","2024-10-15 07:00:00 AM","B46","N","303164","52","0","5","3"
"2024-10-15","2024-10-15 10:00:00 PM","Q58","W","304841","52","0","1","1"
"2024-10-15","2024-10-15 05:00:00 AM","M101","N","402510","52","0","2","1"
"2024-10-15","2024-10-15 06:00:00 AM","Q58","W","304841","52","0","1","1"
"2024-10-15","2024-10-15 04:00:00 AM","Q58","W","304841","52","0","1","1"
"2024-10-15","2024-10-15 06:00:00 AM","Q58","E","503956","52","0","1","1"
"2024-10-15","2024-10-15 06:00:00 AM","B46","S","307636","52","1","8","2"
"2024-10-15","2024-10-15 06:00:00 AM","B46","N","303164","52","0","3","2"
"2024-10-15","2024-10-15 05:00:00 AM","M15","N","401723","52","1","0","1"
"2024-10-15","2024-10-15 05:00:00 AM","Q58","E","503956","52","4","0","1"
"2024-10-15","2024-10-15 02:00:00 PM","Q58","E","503956","52","2","5","4"
"2024-10-15","2024-10-15 09:00:00 AM","B46","S","307636","52","0","4","3"
"2024-10-15","2024-10-15 11:00:00 AM","M15","N","803054","52","0","2","1"
"2024-10-15","2024-10-15 11:00:00 PM","B46","N","303164","52","0","1","1"
"2024-10-15","2024-10-15 10:00:00 AM","B46","N","303164","52","4","1","2"
"2024-10-15","2024-10-15 09:00:00 PM","Q58","W","304841","52","0","5","2"
"2024-10-15","2024-10-15 07:00:00 PM","Q58","E","503956","52","0","2","2"
"2024-10-15","2024-10-15 09:00:00 PM","Q58","E","503956","52","0","2","1"
"2024-10-15","2024-10-15 11:00:00 PM","B46","S","307636","52","0","1","1"
"2024-10-15","2024-10-15 06:00:00 PM","B46","N","303164","52","0","3","2"
"2024-10-15","2024-10-15 10:00:00 AM","B46","S","307636","52","0","7","3"
"2024-10-15","2024-10-15 01:00:00 PM","B46","N","303164","52","0","8","3"
"2024-10-15","2024-10-15 04:00:00 PM","M15","N","401723","52","16","10","1"
"2024-10-15","2024-10-15 11:00:00 AM","M15","S","404844","52","4","0","1"
"2024-10-15","2024-10-15 01:00:00 PM","B46","S","307636","52","0","3","2"
"2024-10-15","2024-10-15 07:00:00 PM","Q58","W","304841","52","0","1","1"
"2024-10-15","2024-10-15 10:00:00 PM","B46","S","307636","52","0","1","1"
"2024-10-15","2024-10-15 06:00:00 PM","B46","S","307636","52","0","1","1"
"2024-10-15","2024-10-15 09:00:00 AM","B46","N","303164","52","1","14","6"
"2024-10-15","2024-10-15 04:00:00 PM","B46","S","307636","52","20","15","4"
"2024-10-15","2024-10-15 08:00:00 AM","M15","N","401723","52","0","1","1"
"2024-10-15","2024-10-15 08:00:00 AM","M15","N","803054","52","0","6","1"
"2024-10-15","2024-10-15 10:00:00 PM","M15","N","401723","52","0","6","2"
"2024-10-15","2024-10-15 02:00:00 PM","M15","S","404844","52","1","2","1"
"2024-10-15","2024-10-15 03:00:00 PM","B46","S","307636","52","0","1","1"
"2024-10-15","2024-10-15 05:00:00 PM","M15","N","401723","52","2","1","1"
"2024-10-15","2024-10-15 04:00:00 PM","Q58","W","304841","52","0","7","2"
"2024-10-15","2024-10-15 10:00:00 PM","B46","N","303164","52","0","3","2"
"2024-10-15","2024-10-15 08:00:00 AM","M15","S","404844","52","0","10","1"
"2024-10-15","2024-10-15 05:00:00 PM","M15","S","404844","52","3","11","3"
"2024-10-15","2024-10-15 03:00:00 PM","Q58","E","503956","52","1","21","2"
"2024-10-15","2024-10-15 01:00:00 PM","M15","S","404844","52","2","4","1"
"2024-10-15","2024-10-15 11:00:00 AM","Q58","W","304841","52","1","2","3"
"2024-10-15","2024-10-15 05:00:00 PM","Q58","W","304841","52","0","3","2"
"2024-10-15","2024-10-15 11:00:00 PM","M15","S","404844","52","0","3","1"
"2024-10-15","2024-10-15 08:00:00 PM","B46","S","307636","52","1","1","1"
"2024-10-15","2024-10-15 03:00:00 PM","Q58","W","304841","52","2","7","3"
"2024-10-15","2024-10-15 08:00:00 PM","B46","N","303164","52","0","3","2"
"2024-10-15","2024-10-15 12:00:00 PM","B46","N","303164","52","0","10","7"
"2024-10-15","2024-10-15 01:00:00 PM","M15","N","401723","52","2","0","1"
"2024-10-15","2024-10-15 12:00:00 PM","B46","S","307636","52","0","6","2"
"2024-10-15","2024-10-15 09:00:00 AM","Q58","E","503956","52","2","0","1"
"2024-10-15","2024-10-15 09:00:00 AM","Q58","W","304841","52","0","2","1"
"2024-10-15","2024-10-15 06:00:00 PM","M15","N","803054","52","1","2","2"
"2024-10-15","2024-10-15 07:00:00 PM","B46","S","307636","52","0","2","1"
"2024-10-15","2024-10-15 04:00:00 PM","B46","N","303164","52","1","8","3"
"2024-10-15","2024-10-15 10:00:00 AM","M15","N","803054","52","0","3","1"
"2024-10-15","2024-10-15 10:00:00 AM","M15","S","404844","52","3","8","2"
"2024-10-15","2024-10-15 07:00:00 PM","B46","N","303164","52","0","5","2"
"2024-10-15","2024-10-15 04:00:00 PM","Q58","E","503956","52","2","1","2"
"2024-10-15","2024-10-15 05:00:00 PM","Q58","E","504020","53","2","9","5"
"2024-10-15","2024-10-15 04:00:00 PM","Q58","W","304842","53","0","18","7"
"2024-10-15","2024-10-15 09:00:00 AM","Q58","E","504020","53","0","3","1"
"2024-10-15","2024-10-15 05:00:00 PM","M15","N","401724","53","0","1","1"
"2024-10-15","2024-10-15 04:00:00 PM","Q58","E","504020","53","4","5","4"
"2024-10-15","2024-10-15 03:00:00 PM","Q58","W","304842","53","0","8","3"
"2024-10-15","2024-10-15 07:00:00 PM","B46","N","302310","53","0","14","3"
"2024-10-15","2024-10-15 08:00:00 PM","B46","N","302310","53","1","13","6"
"2024-10-15","2024-10-15 12:00:00 PM","B46","S","901093","53","2","21","2"
"2024-10-15","2024-10-15 10:00:00 PM","M15","N","401724","53","0","2","2"
"2024-10-15","2024-10-15 03:00:00 PM","B46","N","302310","53","1","13","3"
"2024-10-15","2024-10-15 05:00:00 PM","M15","S","402111","53","2","0","1"
"2024-10-15","2024-10-15 10:00:00 AM","M15","S","402111","53","1","0","1"
"2024-10-15","2024-10-15 05:00:00 PM","Q58","W","304842","53","0","6","4"
"2024-10-15","2024-10-15 04:00:00 PM","B46","N","302310","53","0","8","3"
"2024-10-15","2024-10-15 03:00:00 PM","B46","S","901093","53","27","4","2"
"2024-10-15","2024-10-15 11:00:00 PM","M15","S","402111","53","0","1","1"
"2024-10-15","2024-10-15 09:00:00 AM","Q58","W","304842","53","0","4","3"
"2024-10-15","2024-10-15 01:00:00 PM","M15","N","401724","53","0","5","1"
"2024-10-15","2024-10-15 11:00:00 AM","Q58","W","304842","53","1","5","3"
"2024-10-15","2024-10-15 12:00:00 PM","B46","N","302310","53","0","23","6"
"2024-10-15","2024-10-15 03:00:00 PM","Q58","E","504020","53","1","14","5"
"2024-10-15","2024-10-15 11:00:00 AM","Q58","E","504020","53","0","9","4"
"2024-10-15","2024-10-15 08:00:00 PM","B46","S","901093","53","10","8","3"
"2024-10-15","2024-10-15 04:00:00 PM","B46","S","901093","53","14","37","4"
"2024-10-15","2024-10-15 07:00:00 PM","B46","S","901093","53","4","11","3"
"2024-10-15","2024-10-15 11:00:00 AM","B46","N","302310","53","0","15","2"
"2024-10-15","2024-10-15 12:00:00 AM","B46","N","302310","53","0","1","1"
"2024-10-15","2024-10-15 02:00:00 AM","M101","N","401444","53","2","1","1"
"2024-10-15","2024-10-15 11:00:00 PM","Q58","W","304842","53","0","2","1"
"2024-10-15","2024-10-15 02:00:00 AM","B46","S","901093","53","2","7","2"
"2024-10-15","2024-10-15 10:00:00 AM","Q58","W","304842","53","0","2","2"
"2024-10-15","2024-10-15 08:00:00 PM","M15","S","402111","53","0","4","2"
"2024-10-15","2024-10-15 01:00:00 PM","Q58","E","504020","53","2","6","4"
"2024-10-15","2024-10-15 05:00:00 AM","B46","N","302310","53","0","1","1"
"2024-10-15","2024-10-15 10:00:00 PM","Q58","E","504020","53","0","4","2"
"2024-10-15","2024-10-15 10:00:00 AM","Q58","E","504020","53","2","7","3"
"2024-10-15","2024-10-15 01:00:00 PM","Q58","W","304842","53","0","1","1"
"2024-10-15","2024-10-15 09:00:00 AM","M15","S","904920","53","0","1","1"
"2024-10-15","2024-10-15 06:00:00 AM","B46","N","302310","53","0","26","6"
"2024-10-15","2024-10-15 02:00:00 PM","B46","N","302310","53","1","37","6"
"2024-10-15","2024-10-15 08:00:00 AM","Q58","W","304842","53","0","3","2"
"2024-10-15","2024-10-15 02:00:00 PM","B46","S","901093","53","1","26","4"
"2024-10-15","2024-10-15 02:00:00 PM","Q58","W","304842","53","1","5","4"
"2024-10-15","2024-10-15 08:00:00 AM","Q58","E","504020","53","3","16","7"
"2024-10-15","2024-10-15 01:00:00 AM","Q58","W","304842","53","0","1","1"
"2024-10-15","2024-10-15 08:00:00 AM","B46","S","901093","53","1","10","4"
"2024-10-15","2024-10-15 08:00:00 PM","Q58","E","504020","53","0","5","3"
"2024-10-15","2024-10-15 03:00:00 PM","M15","N","401724","53","0","2","1"
"2024-10-15","2024-10-15 05:00:00 AM","B46","S","901093","53","0","16","3"
"2024-10-15","2024-10-15 08:00:00 AM","B46","N","302310","53","0","32","4"
"2024-10-15","2024-10-15 03:00:00 PM","M15","S","402111","53","0","1","1"
"2024-10-15","2024-10-15 07:00:00 AM","Q58","W","304842","53","0","11","5"
"2024-10-15","2024-10-15 05:00:00 AM","Q58","W","304842","53","0","2","1"
"2024-10-15","2024-10-15 04:00:00 AM","B46","N","302310","53","0","4","3"
"2024-10-15","2024-10-15 07:00:00 AM","Q58","E","504020","53","6","9","4"
"2024-10-15","2024-10-15 11:00:00 PM","Q58","E","504020","53","0","3","2"
"2024-10-15","2024-10-15 01:00:00 AM","B46","S","901093","53","3","4","1"
"2024-10-15","2024-10-15 09:00:00 PM","B46","N","302310","53","0","2","1"
"2024-10-15","2024-10-15 05:00:00 PM","B46","N","302310","53","0","16","3"
"2024-10-15","2024-10-15 04:00:00 AM","B46","S","901093","53","0","1","1"
"2024-10-15","2024-10-15 07:00:00 AM","B46","S","901093","53","1","17","4"
"2024-10-15","2024-10-15 01:00:00 AM","B46","N","302310","53","0","2","1"
"2024-10-15","2024-10-15 05:00:00 PM","B46","S","901093","53","17","10","3"
"2024-10-15","2024-10-15 07:00:00 AM","B46","N","302310","53","0","20","4"
"2024-10-15","2024-10-15 12:00:00 AM","Q58","W","304842","53","0","2","1"
"2024-10-15","2024-10-15 06:00:00 PM","Q58","E","504020","53","1","3","2"
"2024-10-15","2024-10-15 10:00:00 PM","Q58","W","304842","53","0","2","2"
"2024-10-15","2024-10-15 06:00:00 PM","Q58","W","304842","53","0","10","5"
"2024-10-15","2024-10-15 07:00:00 PM","M15","N","401724","53","2","3","1"
"2024-10-15","2024-10-15 09:00:00 PM","B46","S","901093","53","0","5","4"
"2024-10-15","2024-10-15 05:00:00 AM","M101","N","401444","53","1","5","1"
"2024-10-15","2024-10-15 06:00:00 AM","Q58","W","304842","53","0","8","3"
"2024-10-15","2024-10-15 08:00:00 PM","Q58","W","304842","53","0","2","1"
"2024-10-15","2024-10-15 06:00:00 AM","Q58","E","504020","53","0","5","4"
"2024-10-15","2024-10-15 12:00:00 PM","Q58","E","504020","53","2","3","3"
"2024-10-15","2024-10-15 12:00:00 PM","M15","N","401724","53","2","1","1"
"2024-10-15","2024-10-15 08:00:00 PM","M15","S","904920","53","0","1","1"
"2024-10-15","2024-10-15 12:00:00 PM","Q58","W","304842","53","0","2","2"
"2024-10-15","2024-10-15 11:00:00 AM","B46","S","901093","53","2","34","5"
"2024-10-15","2024-10-15 06:00:00 AM","B46","S","901093","53","0","3","2"
"2024-10-15","2024-10-15 11:00:00 PM","B46","S","901093","53","0","1","1"
"2024-10-15","2024-10-15 01:00:00 PM","B46","S","901093","53","18","35","5"
"2024-10-15","2024-10-15 07:00:00 PM","Q58","W","304842","53","0","1","1"
"2024-10-15","2024-10-15 10:00:00 AM","B46","S","901093","53","6","27","7"
"2024-10-15","2024-10-15 09:00:00 PM","Q58","E","504020","53","0","1","1"
"2024-10-15","2024-10-15 09:00:00 AM","B46","N","302310","53","0","59","9"
"2024-10-15","2024-10-15 09:00:00 AM","B46","S","901093","53","1","18","6"
"2024-10-15","2024-10-15 06:00:00 PM","B46","N","302310","53","1","21","4"
"2024-10-15","2024-10-15 02:00:00 PM","Q58","E","504020","53","1","10","4"
"2024-10-15","2024-10-15 07:00:00 PM","Q58","E","504020","53","2","0","2"
"2024-10-15","2024-10-15 10:00:00 AM","B46","N","302310","53","0","6","3"
"2024-10-15","2024-10-15 10:00:00 PM","B46","S","901093","53","15","3","3"
"2024-10-15","2024-10-15 11:00:00 PM","B46","N","302310","53","0","4","2"
"2024-10-15","2024-10-15 09:00:00 PM","Q58","W","304842","53","0","4","3"
"2024-10-15","2024-10-15 01:00:00 PM","B46","N","302310","53","0","13","2"
"2024-10-15","2024-10-15 04:00:00 PM","M15","N","401724","53","0","2","1"
"2024-10-15","2024-10-15 06:00:00 PM","B46","S","901093","53","27","17","4"
"2024-10-15","2024-10-15 02:00:00 PM","Q58","E","503497","54","0","6","4"
"2024-10-15","2024-10-15 06:00:00 PM","B46","N","901086","54","0","15","3"
"2024-10-15","2024-10-15 11:00:00 PM","B46","N","901086","54","0","4","2"
"2024-10-15","2024-10-15 11:00:00 AM","M15","S","402112","54","2","2","1"
"2024-10-15","2024-10-15 04:00:00 PM","M15","N","401725","54","0","1","1"
"2024-10-15","2024-10-15 10:00:00 AM","B46","N","901086","54","0","19","4"
"2024-10-15","2024-10-15 09:00:00 AM","B46","N","901086","54","4","19","8"
"2024-10-15","2024-10-15 09:00:00 PM","Q58","E","503497","54","0","4","3"
"2024-10-15","2024-10-15 07:00:00 PM","Q58","E","503497","54","0","1","1"
"2024-10-15","2024-10-15 01:00:00 PM","B46","N","901086","54","1","5","2"
"2024-10-15","2024-10-15 10:00:00 PM","B46","N","901086","54","0","4","3"
"2024-10-15","2024-10-15 09:00:00 AM","Q58","W","801052","54","0","2","1"
"2024-10-15","2024-10-15 09:00:00 AM","Q58","E","503497","54","3","1","2"
"2024-10-15","2024-10-15 05:00:00 PM","M15","S","402112","54","0","4","1"
"2024-10-15","2024-10-15 07:00:00 PM","B46","N","901086","54","2","10","3"
"2024-10-15","2024-10-15 11:00:00 PM","M15","S","402112","54","0","2","1"
"2024-10-15","2024-10-15 05:00:00 PM","Q58","E","503497","54","16","8","5"
"2024-10-15","2024-10-15 04:00:00 PM","Q58","E","503497","54","7","9","4"
"2024-10-15","2024-10-15 08:00:00 PM","B46","N","901086","54","3","8","4"
"2024-10-15","2024-10-15 03:00:00 PM","Q58","E","503497","54","1","3","3"
"2024-10-15","2024-10-15 03:00:00 PM","B46","N","901086","54","0","12","3"
"2024-10-15","2024-10-15 04:00:00 PM","Q58","W","801052","54","0","1","1"
"2024-10-15","2024-10-15 01:00:00 PM","M15","S","402112","54","6","7","2"
"2024-10-15","2024-10-15 11:00:00 AM","Q58","E","503497","54","0","4","2"
"2024-10-15","2024-10-15 10:00:00 PM","M15","N","401725","54","1","1","1"
"2024-10-15","2024-10-15 01:00:00 PM","M15","N","401725","54","1","0","1"
"2024-10-15","2024-10-15 12:00:00 PM","B46","N","901086","54","12","28","6"
"2024-10-15","2024-10-15 04:00:00 PM","B46","N","901086","54","4","20","4"
"2024-10-15","2024-10-15 02:00:00 PM","M15","S","402112","54","10","2","1"
"2024-10-15","2024-10-15 11:00:00 AM","B46","N","901086","54","1","10","3"
"2024-10-15","2024-10-15 05:00:00 AM","B46","N","901086","54","1","7","3"
"2024-10-15","2024-10-15 08:00:00 PM","Q58","W","801052","54","0","8","1"
"2024-10-15","2024-10-15 12:00:00 PM","M15","N","401725","54","0","1","1"
"2024-10-15","2024-10-15 05:00:00 PM","B46","N","901086","54","0","11","3"
"2024-10-15","2024-10-15 07:00:00 AM","B46","N","901086","54","0","16","4"
"2024-10-15","2024-10-15 08:00:00 AM","B46","N","901086","54","1","9","3"
"2024-10-15","2024-10-15 01:00:00 AM","B46","N","901086","54","0","3","1"
"2024-10-15","2024-10-15 09:00:00 PM","B46","N","901086","54","2","10","4"
"2024-10-15","2024-10-15 03:00:00 PM","M15","N","401725","54","0","9","2"
"2024-10-15","2024-10-15 08:00:00 AM","Q58","W","801052","54","0","2","1"
"2024-10-15","2024-10-15 02:00:00 PM","B46","N","901086","54","1","16","5"
"2024-10-15","2024-10-15 06:00:00 AM","Q58","W","801052","54","0","14","1"
"2024-10-15","2024-10-15 08:00:00 AM","Q58","E","503497","54","1","7","4"
"2024-10-15","2024-10-15 02:00:00 PM","Q58","W","801052","54","0","5","1"
"2024-10-15","2024-10-15 12:00:00 PM","Q58","E","503497","54","3","4","3"
"2024-10-15","2024-10-15 03:00:00 PM","M15","S","402112","54","1","0","1"
"2024-10-15","2024-10-15 06:00:00 AM","B46","N","901086","54","4","16","7"
"2024-10-15","2024-10-15 10:00:00 PM","Q58","E","503497","54","0","2","2"
"2024-10-15","2024-10-15 08:00:00 PM","M15","S","402112","54","10","1","1"
"2024-10-15","2024-10-15 01:00:00 PM","Q58","E","503497","54","3","5","2"
"2024-10-15","2024-10-15 10:00:00 AM","Q58","E","503497","54","1","3","2"
"2024-10-15","2024-10-15 04:00:00 AM","B46","N","901086","54","0","14","3"
"2024-10-15","2024-10-15 03:00:00 AM","B46","N","901086","54","1","2","1"
"2024-10-15","2024-10-15 08:00:00 PM","Q58","E","503497","54","4","1","1"
"2024-10-15","2024-10-15 07:00:00 AM","Q58","E","503497","54","5","6","4"
"2024-10-15","2024-10-15 05:00:00 AM","Q58","E","503497","54","1","5","3"
"2024-10-15","2024-10-15 06:00:00 PM","Q58","W","801052","54","0","6","2"
"2024-10-15","2024-10-15 04:00:00 AM","M15","S","402112","54","1","0","1"
"2024-10-15","2024-10-15 06:00:00 PM","Q58","E","503497","54","0","3","1"
"2024-10-15","2024-10-15 06:00:00 AM","Q58","E","503499","55","0","3","2"
"2024-10-15","2024-10-15 03:00:00 PM","M15","N","401726","55","0","9","2"
"2024-10-15","2024-10-15 05:00:00 AM","Q58","W","901025","55","1","17","1"
"2024-10-15","2024-10-15 07:00:00 AM","Q58","W","901025","55","1","57","6"
"2024-10-15","2024-10-15 02:00:00 AM","Q58","W","901025","55","0","1","1"
"2024-10-15","2024-10-15 07:00:00 AM","Q58","E","503499","55","1","5","2"
"2024-10-15","2024-10-15 11:00:00 PM","Q58","W","901025","55","1","14","4"
"2024-10-15","2024-10-15 12:00:00 PM","Q58","E","503499","55","0","40","3"
"2024-10-15","2024-10-15 12:00:00 PM","M15","N","401726","55","0","1","1"
"2024-10-15","2024-10-15 12:00:00 AM","Q58","W","901025","55","0","3","1"
"2024-10-15","2024-10-15 10:00:00 PM","Q58","W","901025","55","1","16","6"
"2024-10-15","2024-10-15 06:00:00 PM","Q58","E","503499","55","0","8","3"
"2024-10-15","2024-10-15 06:00:00 PM","Q58","W","901025","55","0","50","8"
"2024-10-15","2024-10-15 12:00:00 PM","Q58","W","901025","55","0","14","4"
"2024-10-15","2024-10-15 05:00:00 AM","M101","N","401447","55","1","0","1"
"2024-10-15","2024-10-15 10:00:00 AM","Q58","W","901025","55","1","14","4"
"2024-10-15","2024-10-15 10:00:00 AM","Q58","E","503499","55","0","10","3"
"2024-10-15","2024-10-15 10:00:00 PM","Q58","E","503499","55","0","1","1"
"2024-10-15","2024-10-15 01:00:00 PM","Q58","E","503499","55","0","22","6"
"2024-10-15","2024-10-15 03:00:00 AM","M101","S","403421","55","0","3","1"
"2024-10-15","2024-10-15 01:00:00 PM","Q58","W","901025","55","2","25","5"
"2024-10-15","2024-10-15 03:00:00 AM","Q58","W","901025","55","0","4","1"
"2024-10-15","2024-10-15 06:00:00 AM","Q58","W","901025","55","1","46","5"
"2024-10-15","2024-10-15 08:00:00 AM","Q58","W","901025","55","1","42","6"
"2024-10-15","2024-10-15 08:00:00 PM","Q58","W","901025","55","0","13","4"
"2024-10-15","2024-10-15 08:00:00 AM","Q58","E","503499","55","0","10","6"
"2024-10-15","2024-10-15 02:00:00 PM","Q58","W","901025","55","4","40","6"
"2024-10-15","2024-10-15 01:00:00 AM","Q58","W","901025","55","0","4","2"
"2024-10-15","2024-10-15 04:00:00 AM","Q58","W","901025","55","1","10","2"
"2024-10-15","2024-10-15 04:00:00 PM","M15","N","401726","55","1","0","1"
"2024-10-15","2024-10-15 02:00:00 PM","Q58","E","503499","55","1","32","6"
"2024-10-15","2024-10-15 09:00:00 PM","Q58","W","901025","55","1","16","7"
"2024-10-15","2024-10-15 07:00:00 PM","Q58","E","503499","55","0","3","2"
"2024-10-15","2024-10-15 07:00:00 PM","Q58","W","901025","55","0","9","2"
"2024-10-15","2024-10-15 11:00:00 AM","M15","S","903054","55","0","1","1"
"2024-10-15","2024-10-15 04:00:00 PM","Q58","W","901025","55","36","52","6"
"2024-10-15","2024-10-15 08:00:00 AM","M15","N","401726","55","0","3","1"
"2024-10-15","2024-10-15 09:00:00 AM","Q58","E","503499","55","3","11","4"
"2024-10-15","2024-10-15 05:00:00 PM","Q58","E","503499","55","0","8","2"
"2024-10-15","2024-10-15 10:00:00 PM","M15","N","401726","55","0","1","1"
"2024-10-15","2024-10-15 03:00:00 PM","Q58","W","901025","55","1","58","7"
"2024-10-15","2024-10-15 03:00:00 PM","Q58","E","503499","55","0","14","3"
"2024-10-15","2024-10-15 01:00:00 PM","M15","N","401726","55","1","2","1"
"2024-10-15","2024-10-15 11:00:00 AM","Q58","W","901025","55","1","6","3"
"2024-10-15","2024-10-15 09:00:00 AM","Q58","W","901025","55","2","29","5"
"2024-10-15","2024-10-15 05:00:00 PM","M15","S","903054","55","1","0","1"
"2024-10-15","2024-10-15 11:00:00 AM","Q58","E","503499","55","0","32","6"
"2024-10-15","2024-10-15 04:00:00 PM","Q58","E","503499","55","0","14","6"
"2024-10-15","2024-10-15 05:00:00 PM","Q58","W","901025","55","3","29","8"
"2024-10-15","2024-10-15 04:00:00 PM","Q58","E","804059","56","38","101","7"
"2024-10-15","2024-10-15 03:00:00 PM","Q58","E","804059","56","126","121","6"
"2024-10-15","2024-10-15 10:00:00 AM","M15","S","404327","56","0","1","1"
"2024-10-15","2024-10-15 05:00:00 PM","M15","S","404327","56","0","4","1"
"2024-10-15","2024-10-15 11:00:00 PM","M15","S","404327","56","1","0","1"
"2024-10-15","2024-10-15 05:00:00 PM","M15","N","401727","56","2","2","1"
"2024-10-15","2024-10-15 08:00:00 AM","M15","N","401727","56","1","2","1"
"2024-10-15","2024-10-15 11:00:00 AM","Q58","E","804059","56","1","75","4"
"2024-10-15","2024-10-15 01:00:00 PM","M15","N","401727","56","1","8","1"
"2024-10-15","2024-10-15 09:00:00 AM","Q58","E","804059","56","10","73","5"
"2024-10-15","2024-10-15 10:00:00 PM","M15","N","401727","56","1","6","2"
"2024-10-15","2024-10-15 05:00:00 PM","Q58","E","804059","56","41","72","7"
"2024-10-15","2024-10-15 10:00:00 PM","Q58","E","804059","56","2","42","5"
"2024-10-15","2024-10-15 07:00:00 PM","M15","N","401727","56","0","5","1"
"2024-10-15","2024-10-15 10:00:00 AM","Q58","E","804059","56","0","101","3"
"2024-10-15","2024-10-15 12:00:00 PM","Q58","E","804059","56","1","95","3"
"2024-10-15","2024-10-15 08:00:00 PM","Q58","E","804059","56","6","31","5"
"2024-10-15","2024-10-15 01:00:00 AM","Q58","E","804059","56","5","7","1"
"2024-10-15","2024-10-15 11:00:00 PM","Q58","E","804059","56","6","27","4"
"2024-10-15","2024-10-15 05:00:00 AM","M15","N","401727","56","0","1","1"
"2024-10-15","2024-10-15 12:00:00 PM","M15","N","401727","56","1","3","1"
"2024-10-15","2024-10-15 07:00:00 AM","Q58","E","804059","56","17","139","6"
"2024-10-15","2024-10-15 02:00:00 AM","Q58","E","804059","56","1","4","1"
"2024-10-15","2024-10-15 03:00:00 PM","M15","N","401727","56","0","9","1"
"2024-10-15","2024-10-15 05:00:00 AM","M101","N","401448","56","0","1","1"
"2024-10-15","2024-10-15 05:00:00 AM","Q58","E","804059","56","0","99","7"
"2024-10-15","2024-10-15 06:00:00 AM","Q58","E","804059","56","1","43","5"
"2024-10-15","2024-10-15 03:00:00 AM","Q58","E","804059","56","4","7","2"
"2024-10-15","2024-10-15 03:00:00 AM","M101","S","402831","56","0","2","1"
"2024-10-15","2024-10-15 06:00:00 PM","Q58","E","804059","56","14","31","5"
"2024-10-15","2024-10-15 02:00:00 AM","M101","N","401448","56","1","0","1"
"2024-10-15","2024-10-15 04:00:00 AM","Q58","E","804059","56","0","12","1"
"2024-10-15","2024-10-15 08:00:00 AM","Q58","E","804059","56","20","138","9"
"2024-10-15","2024-10-15 01:00:00 PM","Q58","E","804059","56","9","127","7"
"2024-10-15","2024-10-15 02:00:00 PM","Q58","E","804059","56","86","112","7"
"2024-10-15","2024-10-15 09:00:00 PM","Q58","E","804059","56","1","43","6"
"2024-10-15","2024-10-15 07:00:00 PM","Q58","E","804059","56","3","23","3"
"2024-10-15","2024-10-15 04:00:00 PM","M15","N","401727","56","0","14","2"
"2024-10-15","2024-10-15 11:00:00 AM","M15","S","401797","57","1","1","1"
"2024-10-15","2024-10-15 04:00:00 PM","M15","N","401729","57","0","9","2"
"2024-10-15","2024-10-15 01:00:00 PM","M15","N","401729","57","0","5","1"
"2024-10-15","2024-10-15 08:00:00 AM","M15","N","401729","57","0","1","1"
"2024-10-15","2024-10-15 05:00:00 PM","M15","N","401729","57","0","4","1"
"2024-10-15","2024-10-15 02:00:00 PM","M15","S","401797","57","0","1","1"
"2024-10-15","2024-10-15 10:00:00 PM","M101","S","403422","57","5","0","1"
"2024-10-15","2024-10-15 10:00:00 PM","M15","N","401729","57","0","4","1"
"2024-10-15","2024-10-15 12:00:00 PM","M15","N","401729","57","0","2","1"
"2024-10-15","2024-10-15 03:00:00 PM","M15","N","401729","57","0","6","1"
"2024-10-15","2024-10-15 04:00:00 AM","M15","S","403590","58","0","1","1"
"2024-10-15","2024-10-15 05:00:00 AM","M101","N","402518","58","0","1","1"
"2024-10-15","2024-10-15 02:00:00 AM","M101","N","402518","58","0","1","1"
"2024-10-15","2024-10-15 07:00:00 PM","M15","N","401730","58","0","2","1"
"2024-10-15","2024-10-15 03:00:00 PM","M15","S","403590","58","0","6","1"
"2024-10-15","2024-10-15 03:00:00 AM","M101","S","405406","58","1","0","1"
"2024-10-15","2024-10-15 12:00:00 PM","M15","N","401730","58","0","2","1"
"2024-10-15","2024-10-15 11:00:00 AM","M15","S","403590","58","1","4","1"
"2024-10-15","2024-10-15 09:00:00 PM","M15","S","403590","58","0","4","1"
"2024-10-15","2024-10-15 04:00:00 PM","M15","N","401730","58","0","1","1"
"2024-10-15","2024-10-15 01:00:00 PM","M15","N","401730","58","0","1","1"
"2024-10-15","2024-10-15 05:00:00 PM","M15","S","403590","58","0","6","1"
"2024-10-15","2024-10-15 01:00:00 PM","M15","S","403590","58","0","1","1"
"2024-10-15","2024-10-15 10:00:00 AM","M15","S","403590","58","2","4","1"
"2024-10-15","2024-10-15 11:00:00 PM","M15","S","403590","58","0","2","1"
"2024-10-15","2024-10-15 02:00:00 PM","M15","S","403590","58","1","6","1"
"2024-10-15","2024-10-15 10:00:00 PM","M101","S","405406","58","0","1","1"
"2024-10-15","2024-10-15 02:00:00 PM","M15","S","403831","59","0","3","1"
"2024-10-15","2024-10-15 10:00:00 AM","M15","S","403831","59","0","3","1"
"2024-10-15","2024-10-15 08:00:00 AM","M15","N","401731","59","0","1","1"
"2024-10-15","2024-10-15 10:00:00 PM","M15","N","401731","59","0","2","1"
"2024-10-15","2024-10-15 05:00:00 PM","M15","N","401731","59","0","3","1"
"2024-10-15","2024-10-15 05:00:00 AM","M15","N","401731","59","0","1","1"
"2024-10-15","2024-10-15 08:00:00 PM","M15","S","403831","59","0","1","1"
"2024-10-15","2024-10-15 07:00:00 PM","M15","N","401731","59","0","2","1"
"2024-10-15","2024-10-15 12:00:00 PM","M15","N","401731","59","2","1","1"
"2024-10-15","2024-10-15 04:00:00 PM","M15","N","401731","59","0","11","2"
"2024-10-15","2024-10-15 11:00:00 AM","M15","S","405337","60","1","2","1"
"2024-10-15","2024-10-15 04:00:00 PM","M15","N","803054","60","1","3","2"
"2024-10-15","2024-10-15 01:00:00 PM","M15","S","405337","60","0","1","1"
"2024-10-15","2024-10-15 10:00:00 AM","M15","S","405337","60","0","1","1"
"2024-10-15","2024-10-15 10:00:00 PM","M15","N","803054","60","0","6","2"
"2024-10-15","2024-10-15 10:00:00 PM","M101","S","404171","60","4","2","1"
"2024-10-15","2024-10-15 11:00:00 PM","M15","S","405337","60","0","3","2"
"2024-10-15","2024-10-15 05:00:00 PM","M15","S","405337","60","0","2","1"
"2024-10-15","2024-10-15 01:00:00 PM","M15","N","803054","60","0","1","1"
"2024-10-15","2024-10-15 08:00:00 AM","M15","N","803054","60","0","2","1"
"2024-10-15","2024-10-15 12:00:00 PM","M15","N","803054","60","0","2","1"
"2024-10-15","2024-10-15 04:00:00 AM","M101","S","404171","60","1","1","1"
"2024-10-15","2024-10-15 07:00:00 PM","M15","N","803054","60","2","4","1"
"2024-10-15","2024-10-15 03:00:00 PM","M15","N","803054","60","0","2","1"
"2024-10-15","2024-10-15 05:00:00 AM","M15","N","803054","60","1","1","1"
"2024-10-15","2024-10-15 03:00:00 PM","M15","S","401802","61","0","1","1"
"2024-10-15","2024-10-15 05:00:00 AM","M101","N","402521","61","0","2","1"
"2024-10-15","2024-10-15 10:00:00 AM","M15","S","401802","61","0","1","1"
"2024-10-15","2024-10-15 10:00:00 PM","M101","S","402838","61","0","1","1"
"2024-10-15","2024-10-15 01:00:00 PM","M15","S","401802","61","1","1","1"
"2024-10-15","2024-10-15 01:00:00 PM","M15","S","903297","62","2","3","1"
"2024-10-15","2024-10-15 10:00:00 PM","M101","S","402839","62","0","3","1"
"2024-10-15","2024-10-15 10:00:00 AM","M15","S","903297","62","0","1","1"
"2024-10-15","2024-10-15 05:00:00 PM","M15","S","903297","62","0","2","1"
"2024-10-15","2024-10-15 12:00:00 PM","M15","S","903297","62","0","2","1"
"2024-10-15","2024-10-15 04:00:00 AM","M101","S","402839","62","0","3","1"
"2024-10-15","2024-10-15 03:00:00 PM","M15","S","903297","62","0","1","1"
"2024-10-15","2024-10-15 03:00:00 PM","M15","S","803002","63","0","5","1"
"2024-10-15","2024-10-15 08:00:00 PM","M15","S","803002","63","0","1","1"
"2024-10-15","2024-10-15 02:00:00 AM","M101","N","405074","63","1","1","1"
"2024-10-15","2024-10-15 05:00:00 AM","M101","N","405074","63","1","0","1"
"2024-10-15","2024-10-15 06:00:00 AM","M15","S","803002","63","0","1","1"
"2024-10-15","2024-10-15 12:00:00 PM","M15","S","803002","63","0","6","1"
"2024-10-15","2024-10-15 04:00:00 AM","M15","S","803002","63","2","3","1"
"2024-10-15","2024-10-15 09:00:00 PM","M15","S","803002","63","3","13","1"
"2024-10-15","2024-10-15 11:00:00 PM","M15","S","803002","63","1","8","2"
"2024-10-15","2024-10-15 01:00:00 PM","M15","S","803002","63","2","11","2"
"2024-10-15","2024-10-15 10:00:00 AM","M15","S","803002","63","2","13","2"
"2024-10-15","2024-10-15 02:00:00 PM","M15","S","803002","63","0","9","1"
"2024-10-15","2024-10-15 05:00:00 PM","M15","S","803002","63","1","6","1"
"2024-10-15","2024-10-15 05:00:00 AM","M101","N","402526","64","1","1","1"
"2024-10-15","2024-10-15 05:00:00 AM","M101","N","405073","65","0","1","1"
"2024-10-15","2024-10-15 04:00:00 AM","M101","S","403425","65","0","4","1"
"2024-10-15","2024-10-15 02:00:00 AM","M101","N","405073","65","0","1","1"
"2024-10-15","2024-10-15 05:00:00 AM","M101","N","404853","66","1","2","1"
"2024-10-15","2024-10-15 04:00:00 AM","M101","S","405530","67","0","1","1"
"2024-10-15","2024-10-15 05:00:00 AM","M101","N","405075","67","1","0","1"
"2024-10-15","2024-10-15 05:00:00 AM","M101","N","405076","68","0","2","1"
"2024-10-15","2024-10-15 10:00:00 PM","M101","S","403821","68","0","4","1"
"2024-10-15","2024-10-15 10:00:00 PM","M101","S","402851","70","1","0","1"
"2024-10-15","2024-10-15 04:00:00 AM","M101","S","402851","70","0","2","1"
"2024-10-15","2024-10-15 05:00:00 AM","M101","N","405077","71","0","2","1"
"2024-10-15","2024-10-15 05:00:00 AM","M101","N","402744","72","0","1","1"
"2024-10-15","2024-10-15 05:00:00 AM","M101","N","402745","73","0","1","1"
"2024-10-15","2024-10-15 10:00:00 PM","M101","S","402854","73","0","2","1"
"2024-10-15","2024-10-15 02:00:00 AM","M101","N","405185","74","0","1","1"
"2024-10-15","2024-10-15 11:00:00 PM","M101","S","402856","75","0","1","1"
"2024-10-15","2024-10-15 11:00:00 PM","M101","S","404106","76","1","3","1"
"2024-10-15","2024-10-15 02:00:00 AM","M101","N","402749","76","0","2","1"
"2024-10-15","2024-10-15 05:00:00 AM","M101","N","402749","76","0","1","1"
"2024-10-15","2024-10-15 02:00:00 AM","M101","N","903340","77","1","1","1"
"2024-10-15","2024-10-15 05:00:00 AM","M101","N","903340","77","1","1","1"
"2024-10-15","2024-10-15 11:00:00 PM","M101","S","903148","78","3","3","1"
