"Valid From","Valid To","In Effect","Route ID","Route Long Name","Stop ID","Stop Name","Direction","Latitude","Longitude","Route Color"
"09/01/2024","12/01/2024","false","B46","Kings Plaza - Williamsburg","303697","UTICA AV/AVENUE I","S","40.630083","-73.928188","6CBE45"
"09/01/2024","12/01/2024","false","M101","East Village - Fort George","402854","3 AV/E 23 ST","S","40.738982","-73.983129","FAA61A"
"09/01/2024","12/01/2024","false","M15","East Harlem - South Ferry","401756","2 AV/E 78 ST","S","40.772922","-73.955434","006CB7"
"09/01/2024","12/01/2024","false","M101","East Village - Fort George","404321","LEXINGTON AV/E 83 ST","S","40.777227","-73.957311","FAA61A"
"09/01/2024","12/01/2024","false","M15","East Harlem - South Ferry","403849","ALLEN ST/EAST HOUSTON ST","S","40.722516","-73.98899","006CB7"
"09/01/2024","12/01/2024","false","M15","East Harlem - South Ferry","401747","2 AV/E 101 ST","S","40.787352","-73.944893","006CB7"
"09/01/2024","12/01/2024","false","B35","Brownsville - Sunset Park","302768","CHURCH AV/E 3 ST","W","40.643558","-73.977836","EE352E"
"09/01/2024","12/01/2024","false","M15","East Harlem - South Ferry","404850","PEARL ST/FULTON ST","N","40.70755","-74.003857","006CB7"
"09/01/2024","12/01/2024","false","M15","East Harlem - South Ferry","401768","2 AV/E 50 ST","S","40.754623","-73.968787","006CB7"
"09/01/2024","12/01/2024","false","B46","Kings Plaza - Williamsburg","303591","UTICA AV/AVENUE O","N","40.616498","-73.926509","6CBE45"
"09/01/2024","12/01/2024","false","B46","Kings Plaza - Williamsburg","901086","WILLIAMSBURG BRIDGE PLAZA/LANE 4","N","40.709424","-73.959608","6CBE45"
"09/01/2024","12/01/2024","false","M101","East Village - Fort George","402748","AMSTERDAM AV/W 187 ST","N","40.852204","-73.927829","FAA61A"
"09/01/2024","12/01/2024","false","B35","Brownsville - Sunset Park","308230","E 98 ST/HEGEMAN AV","E","40.655642","-73.912518","EE352E"
"09/01/2024","12/01/2024","false","BX19","NY Botanical Garden - Riverbank Park","403687","W 145 ST/ADAM C POWELL BLVD","N","40.821648","-73.939352","B933AD"
"09/01/2024","12/01/2024","false","B46","Kings Plaza - Williamsburg","307728","MALCOLM X BLVD/HALSEY ST","S","40.683867","-73.929334","6CBE45"
"09/01/2024","12/01/2024","false","M101","East Village - Fort George","402634","3 AV/E 31 ST","N","40.743707","-73.979544","FAA61A"
"09/01/2024","12/01/2024","false","BX19","NY Botanical Garden - Riverbank Park","403693","W 145 ST/SAINT NICHOLAS AV","S","40.82403","-73.944516","B933AD"
"09/01/2024","12/01/2024","false","M15","East Harlem - South Ferry","401725","1 AV/E 111 ST","N","40.793101","-73.937481","006CB7"
"09/01/2024","12/01/2024","false","M15","East Harlem - South Ferry","402088","MADISON ST/OLIVER ST","N","40.711877","-73.997922","006CB7"
"09/01/2024","12/01/2024","false","M15","East Harlem - South Ferry","401669","PEARL ST/PECK SLIP","N","40.708968","-74.002171","006CB7"
"09/01/2024","12/01/2024","false","B46","Kings Plaza - Williamsburg","303609","UTICA AV/LINDEN BLVD","N","40.65417","-73.930519","6CBE45"
"09/01/2024","12/01/2024","false","B35","Brownsville - Sunset Park","302692","CHURCH AV/McDONALD AV","E","40.64265","-73.979587","EE352E"
"09/01/2024","12/01/2024","false","M15","East Harlem - South Ferry","903275","1 AV/E 97 ST","N","40.783781","-73.944277","006CB7"
"09/01/2024","12/01/2024","false","B35","Brownsville - Sunset Park","302742","CHURCH AV/KINGS HWY","W","40.652581","-73.923403","EE352E"
"09/01/2024","12/01/2024","false","BX12","Pelham Bay - Inwood","104080","EAST FORDHAM RD/CAMBRELENG AV","E","40.857651","-73.882903","006CB7"
"09/01/2024","12/01/2024","false","B46","Kings Plaza - Williamsburg","303665","MALCOLM X BLVD/GREENE AV","S","40.690434","-73.930636","6CBE45"
"09/01/2024","12/01/2024","false","BX19","NY Botanical Garden - Riverbank Park","101358","SOUTHERN BLVD/E 167 ST","S","40.826905","-73.891991","B933AD"
"09/01/2024","12/01/2024","false","M101","East Village - Fort George","402644","AMSTERDAM AV/W 145 ST","S","40.824949","-73.947888","FAA61A"
"09/01/2024","12/01/2024","false","M101","East Village - Fort George","402646","AMSTERDAM AV/W 140 ST","S","40.821716","-73.950244","FAA61A"
"09/01/2024","12/01/2024","false","B46","Kings Plaza - Williamsburg","308800","UTICA AV/CHURCH AV","S","40.650968","-73.930412","6CBE45"
"09/01/2024","12/01/2024","false","BX19","NY Botanical Garden - Riverbank Park","101327","SOUTHERN BLVD/E 167 ST","N","40.827187","-73.891876","B933AD"
"09/01/2024","12/01/2024","false","BX12","Pelham Bay - Inwood","101739","BARTOW AV/CO-OP CITY BLVD","W","40.869598","-73.828714","006CB7"
"09/01/2024","12/01/2024","false","M101","East Village - Fort George","403417","LEXINGTON AV/E 106 ST","S","40.791892","-73.946585","FAA61A"
"09/01/2024","12/01/2024","false","M101","East Village - Fort George","401444","AMSTERDAM AV/W 125 ST","N","40.813745","-73.955868","FAA61A"
"09/01/2024","12/01/2024","false","M101","East Village - Fort George","405154","ASTOR PL/COOPER SQ EAST","N","40.729574","-73.99004","FAA61A"
"09/01/2024","12/01/2024","false","M15","East Harlem - South Ferry","401761","2 AV/E 68 ST","S","40.76599","-73.960476","006CB7"
"09/01/2024","12/01/2024","false","BX12","Pelham Bay - Inwood","100304","PELHAM PKWY/EASTCHESTER RD","W","40.857836","-73.844305","006CB7"
"09/01/2024","12/01/2024","false","M15","East Harlem - South Ferry","401696","1 AV/E 36 ST","N","40.745324","-73.972349","006CB7"
"09/01/2024","12/01/2024","false","B46","Kings Plaza - Williamsburg","303666","MALCOLM X BLVD/QUINCY ST","S","40.688948","-73.930342","6CBE45"
"09/01/2024","12/01/2024","false","M15","East Harlem - South Ferry","401779","2 AV/E 23 ST","S","40.737516","-73.981202","006CB7"
"09/01/2024","12/01/2024","false","M101","East Village - Fort George","402773","AMSTERDAM AV/W 170 ST","S","40.840658","-73.936399","FAA61A"
"09/01/2024","12/01/2024","false","M101","East Village - Fort George","401973","LEXINGTON AV/E 104 ST","S","40.79057","-73.947556","FAA61A"
"09/01/2024","12/01/2024","false","BX19","NY Botanical Garden - Riverbank Park","803194","RIVERBANK STATE PARK RDWY/RIVERBANK STATE PARK","S","40.826815","-73.955386","B933AD"
"09/01/2024","12/01/2024","false","B35","Brownsville - Sunset Park","306874","CHURCH AV/STORY ST","W","40.641969","-73.981612","EE352E"
"09/01/2024","12/01/2024","false","M15","East Harlem - South Ferry","404844","PIKE ST/MADISON ST","S","40.712625","-73.992622","006CB7"
"09/01/2024","12/01/2024","false","M101","East Village - Fort George","402687","3 AV/E 65 ST","N","40.765599","-73.963509","FAA61A"
"09/01/2024","12/01/2024","false","M101","East Village - Fort George","401448","AMSTERDAM AV/W 133 ST","N","40.81785","-73.952922","FAA61A"
"09/01/2024","12/01/2024","false","B46","Kings Plaza - Williamsburg","303691","UTICA AV/CLARENDON RD","S","40.644096","-73.929686","6CBE45"
"09/01/2024","12/01/2024","false","M101","East Village - Fort George","405076","AMSTERDAM AV/W 167 ST","N","40.839672","-73.93697","FAA61A"
"09/01/2024","12/01/2024","false","B35","Brownsville - Sunset Park","302764","CHURCH AV/WESTMINSTER RD","W","40.647267","-73.968782","EE352E"
"09/01/2024","12/01/2024","false","M101","East Village - Fort George","405057","LEXINGTON AV/E 119 ST","S","40.800189","-73.94052","FAA61A"
"09/01/2024","12/01/2024","false","BX12","Pelham Bay - Inwood","150119","SEDGWICK AV/WEBB AV","W","40.863445","-73.90902","006CB7"
"09/01/2024","12/01/2024","false","M15","East Harlem - South Ferry","405138","1 AV/E 60 ST","N","40.759751","-73.961795","006CB7"
"09/01/2024","12/01/2024","false","BX12","Pelham Bay - Inwood","100636","EAST FORDHAM RD/BATHGATE AV","E","40.859601","-73.887654","006CB7"
"09/01/2024","12/01/2024","false","B35","Brownsville - Sunset Park","307581","CHURCH AV/E 5 ST","E","40.644458","-73.975219","EE352E"
"09/01/2024","12/01/2024","false","M15","East Harlem - South Ferry","903297","BROAD ST/SOUTH ST","S","40.701875","-74.011222","006CB7"
"09/01/2024","12/01/2024","false","M101","East Village - Fort George","402678","3 AV/E 39 ST","N","40.749101","-73.975585","FAA61A"
"09/01/2024","12/01/2024","false","B46","Kings Plaza - Williamsburg","303626","MALCOLM X BLVD/PUTNAM AV","N","40.686684","-73.929724","6CBE45"
"09/01/2024","12/01/2024","false","B46","Kings Plaza - Williamsburg","303154","BROADWAY/WILLOUGHBY AV","N","40.696002","-73.933414","6CBE45"
"09/01/2024","12/01/2024","false","M15","East Harlem - South Ferry","401708","1 AV/E 70 ST","N","40.766741","-73.956738","006CB7"
"09/01/2024","12/01/2024","false","B35","Brownsville - Sunset Park","301132","HEGEMAN AV/ROCKAWAY AV","E","40.65628","-73.906863","EE352E"
"09/01/2024","12/01/2024","false","BX19","NY Botanical Garden - Riverbank Park","101374","E 149 ST/COURTLANDT AV","S","40.816745","-73.919846","B933AD"
"09/01/2024","12/01/2024","false","B35","Brownsville - Sunset Park","306636","39 ST/9 AV","E","40.645704","-73.994843","EE352E"
"09/01/2024","12/01/2024","false","M15","East Harlem - South Ferry","402111","MADISON ST/MARKET ST","S","40.712325","-73.994744","006CB7"
"09/01/2024","12/01/2024","false","BX12","Pelham Bay - Inwood","104545","PELHAM PKWY/ESPLANADE AV","E","40.857012","-73.857393","006CB7"
"09/01/2024","12/01/2024","false","B35","Brownsville - Sunset Park","302736","CHURCH AV/E 98 ST","W","40.65664","-73.914132","EE352E"
"09/01/2024","12/01/2024","false","BX19","NY Botanical Garden - Riverbank Park","103748","E 149 ST/BERGEN AV","N","40.815686","-73.916991","B933AD"
"09/01/2024","12/01/2024","false","BX12","Pelham Bay - Inwood","100843","EAST FORDHAM RD/SOUTHERN BLVD","W","40.85731","-73.880492","006CB7"
"09/01/2024","12/01/2024","false","M101","East Village - Fort George","402811","LEXINGTON AV/E 110 ST","S","40.794544","-73.944667","FAA61A"
"09/01/2024","12/01/2024","false","BX19","NY Botanical Garden - Riverbank Park","100563","SOUTHERN BLVD/E 187 ST","N","40.853214","-73.881577","B933AD"
"09/01/2024","12/01/2024","false","M101","East Village - Fort George","403422","LEXINGTON AV/E 68 ST","S","40.767713","-73.964248","FAA61A"
"09/01/2024","12/01/2024","false","M101","East Village - Fort George","403545","3 AV/E 60 ST","N","40.762558","-73.965738","FAA61A"
"09/01/2024","12/01/2024","false","B46","Kings Plaza - Williamsburg","307775","E 68 ST/AVENUE N","N","40.621066","-73.912788","6CBE45"
"09/01/2024","12/01/2024","false","M101","East Village - Fort George","402510","W 125 ST/SAINT NICHOLAS AV","N","40.811005","-73.953007","FAA61A"
"09/01/2024","12/01/2024","false","M101","East Village - Fort George","402658","W 125 ST/ADAM C POWELL BLVD","S","40.8087","-73.947836","FAA61A"
"09/01/2024","12/01/2024","false","B35","Brownsville - Sunset Park","302696","CHURCH AV/CONEY ISLAND AV","E","40.646222","-73.971013","EE352E"
"09/01/2024","12/01/2024","false","BX12","Pelham Bay - Inwood","103540","EAST FORDHAM RD/HOFFMAN ST","E","40.858624","-73.885659","006CB7"
"09/01/2024","12/01/2024","false","M15","East Harlem - South Ferry","405337","WATER ST/GOUVERNEUR LN","S","40.704669","-74.00826","006CB7"
"09/01/2024","12/01/2024","false","B46","Kings Plaza - Williamsburg","303594","UTICA AV/AVENUE L","N","40.623923","-73.92729","6CBE45"
"09/01/2024","12/01/2024","false","M101","East Village - Fort George","402502","E 125 ST/3 AV","N","40.803935","-73.936221","FAA61A"
"09/01/2024","12/01/2024","false","M101","East Village - Fort George","450492","3 AV/E 121 ST","N","40.801025","-73.937686","FAA61A"
"09/01/2024","12/01/2024","false","M101","East Village - Fort George","403749","LEXINGTON AV/E 98 ST","S","40.787269","-73.949971","FAA61A"
"09/01/2024","12/01/2024","false","M101","East Village - Fort George","402697","3 AV/E 91 ST","N","40.782086","-73.951458","FAA61A"
"09/01/2024","12/01/2024","false","M101","East Village - Fort George","402679","3 AV/E 42 ST","N","40.751085","-73.974122","FAA61A"
"09/01/2024","12/01/2024","false","M101","East Village - Fort George","403777","3 AV/E 97 ST","N","40.78573","-73.948748","FAA61A"
"09/01/2024","12/01/2024","false","BX19","NY Botanical Garden - Riverbank Park","103917","SOUTHERN BLVD/EAST TREMONT AV","S","40.842926","-73.885763","B933AD"
"09/01/2024","12/01/2024","false","B35","Brownsville - Sunset Park","302759","CHURCH AV/FLATBUSH AV","W","40.650341","-73.959407","EE352E"
"09/01/2024","12/01/2024","false","M101","East Village - Fort George","405061","3 AV/E 21 ST","N","40.737436","-73.984124","FAA61A"
"09/01/2024","12/01/2024","false","BX12","Pelham Bay - Inwood","404144","BROADWAY/W 207 ST","W","40.867837","-73.920569","006CB7"
"09/01/2024","12/01/2024","false","B46","Kings Plaza - Williamsburg","303704","UTICA AV/FILLMORE AV","S","40.614579","-73.926533","6CBE45"
"09/01/2024","12/01/2024","false","B46","Kings Plaza - Williamsburg","307094","UTICA AV/SAINT JOHNS PL","N","40.670935","-73.930844","6CBE45"
"09/01/2024","12/01/2024","false","BX19","NY Botanical Garden - Riverbank Park","100642","SOUTHERN BLVD/E 183 ST","S","40.850918","-73.882488","B933AD"
"09/01/2024","12/01/2024","false","B46","Kings Plaza - Williamsburg","303599","UTICA AV/KINGS HWY","N","40.634043","-73.928456","6CBE45"
"09/01/2024","12/01/2024","false","BX19","NY Botanical Garden - Riverbank Park","101368","E 149 ST/TINTON AV","S","40.812659","-73.906146","B933AD"
"09/01/2024","12/01/2024","false","B46","Kings Plaza - Williamsburg","303686","UTICA AV/LINDEN BLVD","S","40.653456","-73.930689","6CBE45"
"09/01/2024","12/01/2024","false","M15","East Harlem - South Ferry","404909","2 AV/E 36 ST","S","40.746181","-73.974949","006CB7"
"09/01/2024","12/01/2024","false","M101","East Village - Fort George","402662","E 125 ST/PARK AV","S","40.804799","-73.938583","FAA61A"
"09/01/2024","12/01/2024","false","M15","East Harlem - South Ferry","401787","EAST HOUSTON ST/FORSYTH ST","S","40.723329","-73.990427","006CB7"
"09/01/2024","12/01/2024","false","BX12","Pelham Bay - Inwood","902058","MALL/BAY PLAZA","E","40.865666","-73.827623","006CB7"
"09/01/2024","12/01/2024","false","BX12","Pelham Bay - Inwood","104226","WEST FORDHAM RD/UNIVERSITY AV","W","40.862773","-73.905143","006CB7"
"09/01/2024","12/01/2024","false","BX19","NY Botanical Garden - Riverbank Park","101337","SOUTHERN BLVD/E 180 ST","N","40.845823","-73.884446","B933AD"
"09/01/2024","12/01/2024","false","B35","Brownsville - Sunset Park","302723","CHURCH AV/E 96 ST","E","40.655855","-73.915074","EE352E"
"09/01/2024","12/01/2024","false","M101","East Village - Fort George","402829","LEXINGTON AV/E 74 ST","S","40.771396","-73.961556","FAA61A"
"09/01/2024","12/01/2024","false","BX12","Pelham Bay - Inwood","103051","WEST FORDHAM RD/SEDGWICK AV","E","40.86274","-73.908471","006CB7"
"09/01/2024","12/01/2024","false","M15","East Harlem - South Ferry","401702","1 AV/E 52 ST","N","40.755395","-73.964983","006CB7"
"09/01/2024","12/01/2024","false","B35","Brownsville - Sunset Park","301052","HEGEMAN AV/WATKINS ST","W","40.656666","-73.904999","EE352E"
"09/01/2024","12/01/2024","false","BX19","NY Botanical Garden - Riverbank Park","101321","SOUTHERN BLVD/LONGWOOD AV","N","40.816536","-73.895833","B933AD"
"09/01/2024","12/01/2024","false","B35","Brownsville - Sunset Park","302700","CHURCH AV/OCEAN AV","E","40.650067","-73.960539","EE352E"
"09/01/2024","12/01/2024","false","B46","Kings Plaza - Williamsburg","303180","BROADWAY/WILLOUGHBY AV","S","40.695515","-73.932806","6CBE45"
"09/01/2024","12/01/2024","false","B35","Brownsville - Sunset Park","302680","39 ST/4 AV","E","40.652335","-74.005795","EE352E"
"09/01/2024","12/01/2024","false","B35","Brownsville - Sunset Park","302782","39 ST/4 AV","W","40.652898","-74.006512","EE352E"
"09/01/2024","12/01/2024","false","M101","East Village - Fort George","402647","AMSTERDAM AV/W 138 ST","S","40.820487","-73.95113","FAA61A"
"09/01/2024","12/01/2024","false","M101","East Village - Fort George","402673","3 AV/E 26 ST","N","40.741067","-73.981419","FAA61A"
"09/01/2024","12/01/2024","false","B35","Brownsville - Sunset Park","302777","39 ST/9 AV","W","40.645918","-73.994923","EE352E"
"09/01/2024","12/01/2024","false","M15","East Harlem - South Ferry","401689","1 AV/E 20 ST","N","40.735109","-73.979751","006CB7"
"09/01/2024","12/01/2024","false","M101","East Village - Fort George","402851","LEXINGTON AV/E 28 ST","S","40.742375","-73.982721","FAA61A"
"09/01/2024","12/01/2024","false","B46","Kings Plaza - Williamsburg","801094","UTICA AV/AVENUE H","N","40.63278","-73.928289","6CBE45"
"09/01/2024","12/01/2024","false","BX19","NY Botanical Garden - Riverbank Park","403689","W 145 ST/MALCOLM X BLVD","S","40.820557","-73.936347","B933AD"
"09/01/2024","12/01/2024","false","M101","East Village - Fort George","402691","3 AV/E 75 ST","N","40.771857","-73.959001","FAA61A"
"09/01/2024","12/01/2024","false","M101","East Village - Fort George","903148","3 AV/ASTOR PL","S","40.729113","-73.990259","FAA61A"
"09/01/2024","12/01/2024","false","BX12","Pelham Bay - Inwood","902209","pelham py/connector-w","W","40.857402","-73.821609","006CB7"
"09/01/2024","12/01/2024","false","M15","East Harlem - South Ferry","401709","1 AV/E 72 ST","N","40.768087","-73.955742","006CB7"
"09/01/2024","12/01/2024","false","B35","Brownsville - Sunset Park","302774","39 ST/12 AV","W","40.642204","-73.988772","EE352E"
"09/01/2024","12/01/2024","false","B46","Kings Plaza - Williamsburg","303162","BROADWAY/BOERUM ST","N","40.705142","-73.949556","6CBE45"
"09/01/2024","12/01/2024","false","B46","Kings Plaza - Williamsburg","303700","UTICA AV/AVENUE L","S","40.623182","-73.927453","6CBE45"
"09/01/2024","12/01/2024","false","M15","East Harlem - South Ferry","401742","2 AV/E 113 ST","S","40.794823","-73.939429","006CB7"
"09/01/2024","12/01/2024","false","M15","East Harlem - South Ferry","401721","1 AV/E 99 ST","N","40.785414","-73.943097","006CB7"
"09/01/2024","12/01/2024","false","B46","Kings Plaza - Williamsburg","307086","UTICA AV/CARROLL ST","N","40.666445","-73.931263","6CBE45"
"09/01/2024","12/01/2024","false","M15","East Harlem - South Ferry","401762","2 AV/E 66 ST","S","40.764664","-73.961439","006CB7"
"09/01/2024","12/01/2024","false","M101","East Village - Fort George","405406","LEXINGTON AV/E 64 St","S","40.765236","-73.966019","FAA61A"
"09/01/2024","12/01/2024","false","BX19","NY Botanical Garden - Riverbank Park","101354","SOUTHERN BLVD/E 172 ST","S","40.834168","-73.889764","B933AD"
"09/01/2024","12/01/2024","false","B46","Kings Plaza - Williamsburg","303676","UTICA AV/PROSPECT PL","S","40.672944","-73.93081","6CBE45"
"09/01/2024","12/01/2024","false","M15","East Harlem - South Ferry","404843","PIKE ST/MADISON ST","N","40.71288","-73.992288","006CB7"
"09/01/2024","12/01/2024","false","BX12","Pelham Bay - Inwood","100799","EAST FORDHAM RD/VALENTINE AV","E","40.862236","-73.89601","006CB7"
"09/01/2024","12/01/2024","false","M15","East Harlem - South Ferry","401681","ALLEN ST/STANTON ST","N","40.721896","-73.988839","006CB7"
"09/01/2024","12/01/2024","false","B35","Brownsville - Sunset Park","302684","39 ST/8 AV","E","40.647018","-73.996987","EE352E"
"09/01/2024","12/01/2024","false","B46","Kings Plaza - Williamsburg","303604","UTICA AV/CLARENDON RD","N","40.644815","-73.929523","6CBE45"
"09/01/2024","12/01/2024","false","BX12","Pelham Bay - Inwood","902212","WESTCHESTER AV/BRUCKNER BLVD","E","40.853265","-73.826752","006CB7"
"09/01/2024","12/01/2024","false","M15","East Harlem - South Ferry","401697","1 AV/E 39 ST","N","40.747191","-73.970988","006CB7"
"09/01/2024","12/01/2024","false","M101","East Village - Fort George","405480","3 AV/E 57 ST","N","40.76014","-73.967523","FAA61A"
"09/01/2024","12/01/2024","false","M101","East Village - Fort George","404106","3 AV/E 14 ST","S","40.732955","-73.987502","FAA61A"
"09/01/2024","12/01/2024","false","BX12","Pelham Bay - Inwood","100567","EASTFORDHAM RD/BATHGATE AV","W","40.859851","-73.887646","006CB7"
"09/01/2024","12/01/2024","false","BX19","NY Botanical Garden - Riverbank Park","101315","E 149 ST/JACKSON AV","N","40.813105","-73.908684","B933AD"
"09/01/2024","12/01/2024","false","B35","Brownsville - Sunset Park","302708","CHURCH AV/E 38 ST","E","40.651129","-73.941481","EE352E"
"09/01/2024","12/01/2024","false","M15","East Harlem - South Ferry","402112","MADISON ST/CATHERINE ST","S","40.712064","-73.997462","006CB7"
"09/01/2024","12/01/2024","false","M101","East Village - Fort George","402766","AMSTERDAM AV/W 184 ST","S","40.849558","-73.929899","FAA61A"
"09/01/2024","12/01/2024","false","B46","Kings Plaza - Williamsburg","303172","BROADWAY/HEYWARD ST","S","40.705477","-73.950443","6CBE45"
"09/01/2024","12/01/2024","false","BX19","NY Botanical Garden - Riverbank Park","101316","E 149 ST/WALES AV","N","40.812779","-73.907136","B933AD"
"09/01/2024","12/01/2024","false","BX19","NY Botanical Garden - Riverbank Park","403694","W 145 ST/CONVENT AV","S","40.824665","-73.946033","B933AD"
"09/01/2024","12/01/2024","false","M101","East Village - Fort George","405155","3 AV/E 9 ST","N","40.730389","-73.989235","FAA61A"
"09/01/2024","12/01/2024","false","M15","East Harlem - South Ferry","401694","1 AV/E 31 ST","N","40.741957","-73.974808","006CB7"
"09/01/2024","12/01/2024","false","BX12","Pelham Bay - Inwood","103947","WEST FORDHAM RD/CEDAR AV","E","40.861666","-73.911486","006CB7"
"09/01/2024","12/01/2024","false","BX12","Pelham Bay - Inwood","104067","BAYCHESTER AV/IFO PC RICHARDS","E","40.868096","-73.831301","006CB7"
"09/01/2024","12/01/2024","false","B46","Kings Plaza - Williamsburg","303667","MALCOLM X BLVD/MADISON ST","S","40.686785","-73.929908","6CBE45"
"09/01/2024","12/01/2024","false","B46","Kings Plaza - Williamsburg","307919","WILLIAMSBURG BRIDGE PLAZA/LANE 4","S","40.709327","-73.959348","6CBE45"
"09/01/2024","12/01/2024","false","M101","East Village - Fort George","403433","3 AV/E 79 ST","N","40.774605","-73.95697","FAA61A"
"09/01/2024","12/01/2024","false","M101","East Village - Fort George","403416","LEXINGTON AV/E 116 ST","S","40.798149","-73.942022","FAA61A"
"09/01/2024","12/01/2024","false","B35","Brownsville - Sunset Park","302686","39 ST/10 AV","E","40.644356","-73.992613","EE352E"
"09/01/2024","12/01/2024","false","M101","East Village - Fort George","402692","3 AV/E 77 ST","N","40.773208","-73.95799","FAA61A"
"09/01/2024","12/01/2024","false","B35","Brownsville - Sunset Park","301056","E 98 ST/HEGEMAN AV","W","40.655953","-73.912738","EE352E"
"09/01/2024","12/01/2024","false","M101","East Village - Fort George","402682","3 AV/E 50 ST","N","40.755505","-73.970922","FAA61A"
"09/01/2024","12/01/2024","false","M101","East Village - Fort George","405070","AMSTERDAM AV/W 165 ST","S","40.837603","-73.938646","FAA61A"
"09/01/2024","12/01/2024","false","M15","East Harlem - South Ferry","405320","ALLEN ST/GRAND ST","N","40.717171","-73.991222","006CB7"
"09/01/2024","12/01/2024","false","M15","East Harlem - South Ferry","401712","1 AV/E 79 ST","N","40.772633","-73.952403","006CB7"
"09/01/2024","12/01/2024","false","B46","Kings Plaza - Williamsburg","303602","UTICA AV/FOSTER AV","N","40.639704","-73.928978","6CBE45"
"09/01/2024","12/01/2024","false","B35","Brownsville - Sunset Park","302780","39 ST/6 AV","W","40.650183","-74.002014","EE352E"
"09/01/2024","12/01/2024","false","BX12","Pelham Bay - Inwood","902109","charles crimi pl/overpass4","W","40.856082","-73.832275","006CB7"
"09/01/2024","12/01/2024","false","M15","East Harlem - South Ferry","401665","WATER ST/OLD SLIP","N","40.704274","-74.00849","006CB7"
"09/01/2024","12/01/2024","false","M15","East Harlem - South Ferry","401769","2 AV/E 46 ST","S","40.752481","-73.970371","006CB7"
"09/01/2024","12/01/2024","false","M15","East Harlem - South Ferry","903266","2 AV/E 33 ST","S","40.743851","-73.976632","006CB7"
"09/01/2024","12/01/2024","false","B35","Brownsville - Sunset Park","302695","CHURCH AV / OCEAN PKWY","E","40.645256","-73.97336","EE352E"
"09/01/2024","12/01/2024","false","B46","Kings Plaza - Williamsburg","303590","UTICA AV/FILLMORE AV","N","40.614365","-73.926274","6CBE45"
"09/01/2024","12/01/2024","false","BX12","Pelham Bay - Inwood","100319","PELHAM PKWY/ST PAUL AV","E","40.855472","-73.830704","006CB7"
"09/01/2024","12/01/2024","false","M101","East Village - Fort George","402774","AMSTERDAM AV/W 168 ST","S","40.839549","-73.937226","FAA61A"
"09/01/2024","12/01/2024","false","BX19","NY Botanical Garden - Riverbank Park","403686","W 145 ST/FREDERICK DOUGLASS BLVD","N","40.822558","-73.941493","B933AD"
"09/01/2024","12/01/2024","false","B46","Kings Plaza - Williamsburg","303595","UTICA AV/AVENUE K","N","40.625699","-73.927479","6CBE45"
"09/01/2024","12/01/2024","false","BX19","NY Botanical Garden - Riverbank Park","100562","SOUTHERN BLVD/E 183 ST","N","40.851175","-73.88217","B933AD"
"09/01/2024","12/01/2024","false","M15","East Harlem - South Ferry","401731","1 AV/E 125 ST","N","40.801611","-73.931268","006CB7"
"09/01/2024","12/01/2024","false","BX19","NY Botanical Garden - Riverbank Park","101356","SOUTHERN BLVD/FREEMAN ST","S","40.830102","-73.891908","B933AD"
"09/01/2024","12/01/2024","false","B35","Brownsville - Sunset Park","302743","CHURCH AV/E 55 ST","W","40.65252","-73.925501","EE352E"
"09/01/2024","12/01/2024","false","M101","East Village - Fort George","402826","LEXINGTON AV/E 79 ST","S","40.774914","-73.959031","FAA61A"
"09/01/2024","12/01/2024","false","B46","Kings Plaza - Williamsburg","308777","UTICA AV/TILDEN AV","S","40.648249","-73.930095","6CBE45"
"09/01/2024","12/01/2024","false","B46","Kings Plaza - Williamsburg","303160","BROADWAY/LEONARD ST","N","40.702982","-73.945695","6CBE45"
"09/01/2024","12/01/2024","false","M15","East Harlem - South Ferry","401755","2 AV/E 82 ST","S","40.775053","-73.95387","006CB7"
"09/01/2024","12/01/2024","false","M101","East Village - Fort George","402641","AMSTERDAM AV/W 152 ST","S","40.829745","-73.944372","FAA61A"
"09/01/2024","12/01/2024","false","BX19","NY Botanical Garden - Riverbank Park","101309","E 149 ST/MORRIS AV","N","40.817178","-73.922383","B933AD"
"09/01/2024","12/01/2024","false","M15","East Harlem - South Ferry","403831","WATER ST/JOHN ST","S","40.706813","-74.00523","006CB7"
"09/01/2024","12/01/2024","false","B35","Brownsville - Sunset Park","302765","CHURCH AV/CONEY ISLAND AV","W","40.64651","-73.97071","EE352E"
"09/01/2024","12/01/2024","false","M101","East Village - Fort George","402519","AMSTERDAM AV/W 140 ST","N","40.822402","-73.949594","FAA61A"
"09/01/2024","12/01/2024","false","BX12","Pelham Bay - Inwood","100808","PELHAM PKWY/WHITE PLAINS RD","E","40.856715","-73.867834","006CB7"
"09/01/2024","12/01/2024","false","B46","Kings Plaza - Williamsburg","301092","BROADWAY/PARK ST","N","40.699257","-73.939185","6CBE45"
"09/01/2024","12/01/2024","false","M101","East Village - Fort George","403421","LEXINGTON AV/E 72 ST","S","40.770316","-73.962352","FAA61A"
"09/01/2024","12/01/2024","false","B46","Kings Plaza - Williamsburg","303692","UTICA AV/AVENUE D","S","40.641719","-73.929433","6CBE45"
"09/01/2024","12/01/2024","false","M101","East Village - Fort George","404949","AMSTERDAM AV/W 161 ST","S","40.835536","-73.940181","FAA61A"
"09/01/2024","12/01/2024","false","B46","Kings Plaza - Williamsburg","303672","MALCOLM X BLVD/FULTON ST","S","40.679421","-73.929","6CBE45"
"09/01/2024","12/01/2024","false","B46","Kings Plaza - Williamsburg","307920","KINGS PLAZA/AVENUE U","N","40.609564","-73.921817","6CBE45"
"09/01/2024","12/01/2024","false","B35","Brownsville - Sunset Park","306532","39 ST/13 AV","E","40.640389","-73.986038","EE352E"
"09/01/2024","12/01/2024","false","M15","East Harlem - South Ferry","401726","1 AV/E 113 ST","N","40.79433","-73.936584","006CB7"
"09/01/2024","12/01/2024","false","BX12","Pelham Bay - Inwood","103255","EDSON AV/BARTOW AV","E","40.868062","-73.833072","006CB7"
"09/01/2024","12/01/2024","false","B46","Kings Plaza - Williamsburg","307093","UTICA AV/PROSPECT PL","N","40.67355","-73.930593","6CBE45"
"09/01/2024","12/01/2024","false","M101","East Village - Fort George","402520","AMSTERDAM AV/W 143 ST","N","40.824241","-73.94826","FAA61A"
"09/01/2024","12/01/2024","false","BX19","NY Botanical Garden - Riverbank Park","100643","SOUTHERN BLVD/E 182 ST","S","40.847976","-73.883339","B933AD"
"09/01/2024","12/01/2024","false","M101","East Village - Fort George","405519","3 AV/E 63 ST","N","40.764195","-73.964536","FAA61A"
"09/01/2024","12/01/2024","false","M15","East Harlem - South Ferry","401670","SAINT JAMES PL/ROBERT F WAGNER SR PL","N","40.710594","-74.000752","006CB7"
"09/01/2024","12/01/2024","false","BX19","NY Botanical Garden - Riverbank Park","101375","E 149 ST/MORRIS AV","S","40.817533","-73.923013","B933AD"
"09/01/2024","12/01/2024","false","M15","East Harlem - South Ferry","803054","E 126 ST/2 AV","N","40.80315","-73.932264","006CB7"
"09/01/2024","12/01/2024","false","BX12","Pelham Bay - Inwood","103999","EAST FORDHAM RD/WEBSTER AV","W","40.861596","-73.891066","006CB7"
"09/01/2024","12/01/2024","false","BX19","NY Botanical Garden - Riverbank Park","902030","SOUTHERN BLVD/BOTANICAL GARDENS","N","40.861203","-73.880674","B933AD"
"09/01/2024","12/01/2024","false","B46","Kings Plaza - Williamsburg","302293","BROADWAY/MARCY AV","S","40.708202","-73.957591","6CBE45"
"09/01/2024","12/01/2024","false","BX19","NY Botanical Garden - Riverbank Park","101324","SOUTHERN BLVD/ALDUS ST","N","40.823173","-73.891755","B933AD"
"09/01/2024","12/01/2024","false","M15","East Harlem - South Ferry","401687","1 AV/E 14 ST","N","40.732122","-73.981946","006CB7"
"09/01/2024","12/01/2024","false","B35","Brownsville - Sunset Park","302763","CHURCH AV/RUGBY RD","W","40.647941","-73.967066","EE352E"
"09/01/2024","12/01/2024","false","B46","Kings Plaza - Williamsburg","307027","UTICA AV/CARROLL ST","S","40.665808","-73.931523","6CBE45"
"09/01/2024","12/01/2024","false","M15","East Harlem - South Ferry","401748","2 AV/E 97 ST","S","40.785065","-73.946555","006CB7"
"09/01/2024","12/01/2024","false","B46","Kings Plaza - Williamsburg","303703","UTICA AV/AVENUE O","S","40.616723","-73.926762","6CBE45"
"09/01/2024","12/01/2024","false","M101","East Village - Fort George","402657","W 125 ST/FREDERICK DOUGLASS BLVD","S","40.809908","-73.950705","FAA61A"
"09/01/2024","12/01/2024","false","B35","Brownsville - Sunset Park","306711","14 AV/CHURCH AV","E","40.64189","-73.981284","EE352E"
"09/01/2024","12/01/2024","false","B46","Kings Plaza - Williamsburg","303614","UTICA AV/MAPLE ST","N","40.662404","-73.931397","6CBE45"
"09/01/2024","12/01/2024","false","M15","East Harlem - South Ferry","405373","ALLEN ST/HESTER ST","S","40.716371","-73.992021","006CB7"
"09/01/2024","12/01/2024","false","M15","East Harlem - South Ferry","401778","2 AV/E 25 ST","S","40.738933","-73.980226","006CB7"
"09/01/2024","12/01/2024","false","M15","East Harlem - South Ferry","401707","1 AV/E 67 ST","N","40.76487","-73.958109","006CB7"
"09/01/2024","12/01/2024","false","B46","Kings Plaza - Williamsburg","303698","UTICA AV/AVENUE J","S","40.627782","-73.927946","6CBE45"
"09/01/2024","12/01/2024","false","B46","Kings Plaza - Williamsburg","303662","BROADWAY/MALCOLM X BLVD","S","40.694796","-73.931519","6CBE45"
"09/01/2024","12/01/2024","false","M101","East Village - Fort George","405075","AMSTERDAM AV/W 164 ST","N","40.837468","-73.938575","FAA61A"
"09/01/2024","12/01/2024","false","B46","Kings Plaza - Williamsburg","303630","MALCOLM X BLVD/DE KALB AV","N","40.693612","-73.931092","6CBE45"
"09/01/2024","12/01/2024","false","M101","East Village - Fort George","401946","3 AV/E 99 ST","N","40.787906","-73.947273","FAA61A"
"09/01/2024","12/01/2024","false","B46","Kings Plaza - Williamsburg","303628","MALCOLM X BLVD/GREENE AV","N","40.691046","-73.930589","6CBE45"
"09/01/2024","12/01/2024","false","M101","East Village - Fort George","402856","3 AV/E 17 ST","S","40.73487","-73.986103","FAA61A"
"09/01/2024","12/01/2024","false","M15","East Harlem - South Ferry","404327","PEARL ST / PEARL ST","S","40.710832","-74.000822","006CB7"
"09/01/2024","12/01/2024","false","BX19","NY Botanical Garden - Riverbank Park","104099","SOUTHERN BLVD/AV SAINT JOHN","N","40.812932","-73.900976","B933AD"
"09/01/2024","12/01/2024","false","B35","Brownsville - Sunset Park","307177","39 ST/1 AV","W","40.656031","-74.011701","EE352E"
"09/01/2024","12/01/2024","false","BX12","Pelham Bay - Inwood","103028","PELHAM PKWY/STILLWELL AV","W","40.856696","-73.836552","006CB7"
"09/01/2024","12/01/2024","false","B35","Brownsville - Sunset Park","302771","CHURCH AV/CHESTER AV","W","40.641445","-73.982859","EE352E"
"09/01/2024","12/01/2024","false","B35","Brownsville - Sunset Park","302758","CHURCH AV/BEDFORD AV","W","40.650576","-73.956268","EE352E"
"09/01/2024","12/01/2024","false","M15","East Harlem - South Ferry","803019","SOUTH ST/WHITEHALL ST","N","40.701536","-74.012485","006CB7"
"09/01/2024","12/01/2024","false","M101","East Village - Fort George","402509","W 125 ST/FREDERICK DOUGLASS BLVD","N","40.810402","-73.951598","FAA61A"
"09/01/2024","12/01/2024","false","B46","Kings Plaza - Williamsburg","307083","UTICA AV/EMPIRE BLVD","N","40.663942","-73.931453","6CBE45"
"09/01/2024","12/01/2024","false","M15","East Harlem - South Ferry","401722","1 AV/E 102 ST","N","40.787357","-73.941682","006CB7"
"09/01/2024","12/01/2024","false","B35","Brownsville - Sunset Park","302714","CHURCH AV/E 48 ST","E","40.651571","-73.932439","EE352E"
"09/01/2024","12/01/2024","false","M101","East Village - Fort George","405078","AMSTERDAM AV/W 135 ST","S","40.818605","-73.952522","FAA61A"
"09/01/2024","12/01/2024","false","B35","Brownsville - Sunset Park","302781","39 ST/5 AV","W","40.651232","-74.003752","EE352E"
"09/01/2024","12/01/2024","false","BX19","NY Botanical Garden - Riverbank Park","100273","SOUTHERN BLVD/WESTCHESTER AV","S","40.82437","-73.891944","B933AD"
"09/01/2024","12/01/2024","false","M101","East Village - Fort George","402653","W 125 ST/AMSTERDAM AV","S","40.812602","-73.955693","FAA61A"
"09/01/2024","12/01/2024","false","B46","Kings Plaza - Williamsburg","303156","BROADWAY/ARION PL","N","40.69807","-73.937041","6CBE45"
"09/01/2024","12/01/2024","false","M101","East Village - Fort George","402674","3 AV/E 29 ST","N","40.742894","-73.980105","FAA61A"
"09/01/2024","12/01/2024","false","B46","Kings Plaza - Williamsburg","303601","UTICA AV/FARRAGUT RD","N","40.637785","-73.928767","6CBE45"
"09/01/2024","12/01/2024","false","B46","Kings Plaza - Williamsburg","303613","UTICA AV/RUTLAND RD","N","40.660919","-73.93124","6CBE45"
"09/01/2024","12/01/2024","false","M15","East Harlem - South Ferry","401682","1 AV/E 2 ST","N","40.723561","-73.988177","006CB7"
"09/01/2024","12/01/2024","false","BX19","NY Botanical Garden - Riverbank Park","101369","E 149 ST/CONCORD AV","S","40.813155","-73.90855","B933AD"
"09/01/2024","12/01/2024","false","BX12","Pelham Bay - Inwood","100807","EAST FORDHAM RD/SOUTHERN BLVD","E","40.856465","-73.880146","006CB7"
"09/01/2024","12/01/2024","false","B46","Kings Plaza - Williamsburg","303685","UTICA AV/LENOX RD","S","40.655001","-73.930853","6CBE45"
"09/01/2024","12/01/2024","false","M101","East Village - Fort George","403855","3 AV/E 23 ST","N","40.739218","-73.982771","FAA61A"
"09/01/2024","12/01/2024","false","B35","Brownsville - Sunset Park","302722","CHURCH AV/E 94 ST","E","40.654816","-73.916683","EE352E"
"09/01/2024","12/01/2024","false","M15","East Harlem - South Ferry","401738","2 AV/E 125 ST","S","40.802473","-73.933855","006CB7"
"09/01/2024","12/01/2024","false","B46","Kings Plaza - Williamsburg","300163","FLATBUSH AV/AVENUE T","N","40.611476","-73.92407","6CBE45"
"09/01/2024","12/01/2024","false","BX19","NY Botanical Garden - Riverbank Park","103723","E 149 ST/SAINT ANN'S AV","S","40.814424","-73.913289","B933AD"
"09/01/2024","12/01/2024","false","BX12","Pelham Bay - Inwood","103151","PELHAM PKWY/JACOBI HOSP","E","40.85741","-73.847392","006CB7"
"09/01/2024","12/01/2024","false","M15","East Harlem - South Ferry","401703","1 AV/E 55 ST","N","40.75726","-73.963631","006CB7"
"09/01/2024","12/01/2024","false","M15","East Harlem - South Ferry","401744","2 AV/E 108 ST","S","40.791673","-73.941736","006CB7"
"09/01/2024","12/01/2024","false","BX19","NY Botanical Garden - Riverbank Park","101335","SOUTHERN BLVD/EAST TREMONT AV","N","40.843057","-73.885462","B933AD"
"09/01/2024","12/01/2024","false","M15","East Harlem - South Ferry","401785","2 AV/E 6 ST","S","40.727161","-73.988785","006CB7"
"09/01/2024","12/01/2024","false","M15","East Harlem - South Ferry","401782","2 AV/E 14 ST","S","40.732494","-73.984903","006CB7"
"09/01/2024","12/01/2024","false","B46","Kings Plaza - Williamsburg","303627","MALCOLM X BLVD/GATES AV","N","40.688899","-73.930162","6CBE45"
"09/01/2024","12/01/2024","false","BX19","NY Botanical Garden - Riverbank Park","101330","SOUTHERN BLVD/E 172 ST","N","40.833943","-73.889728","B933AD"
"09/01/2024","12/01/2024","false","BX12","Pelham Bay - Inwood","100565","EAST FORDHAM RD/CAMBERLENG AV","W","40.858134","-73.882985","006CB7"
"09/01/2024","12/01/2024","false","M101","East Village - Fort George","402858","3 AV/E 11 ST","S","40.730973","-73.988946","FAA61A"
"09/01/2024","12/01/2024","false","B46","Kings Plaza - Williamsburg","307026","UTICA AV/EASTERN PKWY","S","40.667945","-73.931297","6CBE45"
"09/01/2024","12/01/2024","false","M101","East Village - Fort George","404171","LEXINGTON AV/E 59 ST","S","40.762106","-73.968336","FAA61A"
"09/01/2024","12/01/2024","false","M15","East Harlem - South Ferry","405233","2 AV/E 92 ST","S","40.78151","-73.949159","006CB7"
"09/01/2024","12/01/2024","false","M101","East Village - Fort George","401459","AMSTERDAM AV/W 129 ST","S","40.814859","-73.95525","FAA61A"
"09/01/2024","12/01/2024","false","B46","Kings Plaza - Williamsburg","303178","BROADWAY/PARK AV","S","40.698656","-73.93836","6CBE45"
"09/01/2024","12/01/2024","false","B35","Brownsville - Sunset Park","307791","CHURCH AV/NEW YORK AV","E","40.650909","-73.946217","EE352E"
"09/01/2024","12/01/2024","false","M101","East Village - Fort George","402503","E 125 ST/LEXINGTON AV","N","40.804584","-73.937761","FAA61A"
"09/01/2024","12/01/2024","false","M15","East Harlem - South Ferry","401749","2 AV/E 96 ST","S","40.784201","-73.947265","006CB7"
"09/01/2024","12/01/2024","false","M101","East Village - Fort George","404853","AMSTERDAM AV/W 161 ST","N","40.835239","-73.940199","FAA61A"
"09/01/2024","12/01/2024","false","B35","Brownsville - Sunset Park","302747","CHURCH AV/E 48 ST","W","40.651652","-73.932431","EE352E"
"09/01/2024","12/01/2024","false","M101","East Village - Fort George","403772","3 AV/E 20 ST","S","40.736709","-73.984763","FAA61A"
"09/01/2024","12/01/2024","false","M101","East Village - Fort George","402661","E 125 ST/MADISON AV","S","40.805533","-73.940296","FAA61A"
"09/01/2024","12/01/2024","false","BX12","Pelham Bay - Inwood","150118","SEDGWICK AV/WEBB AV","E","40.863402","-73.909119","006CB7"
"09/01/2024","12/01/2024","false","M15","East Harlem - South Ferry","401793","ALLEN ST/CANAL ST","S","40.714855","-73.992805","006CB7"
"09/01/2024","12/01/2024","false","BX19","NY Botanical Garden - Riverbank Park","101359","SOUTHERN BLVD/WESTCHESTER AV","N","40.824545","-73.891857","B933AD"
"09/01/2024","12/01/2024","false","BX12","Pelham Bay - Inwood","100850","E FORDHAM RD/E 190 ST","W","40.862426","-73.897854","006CB7"
"09/01/2024","12/01/2024","false","M101","East Village - Fort George","405488","3 AV/E 53 ST","N","40.757751","-73.969235","FAA61A"
"09/01/2024","12/01/2024","false","BX19","NY Botanical Garden - Riverbank Park","101310","E 149 ST/COURTLANDT AV","N","40.816543","-73.919779","B933AD"
"09/01/2024","12/01/2024","false","M101","East Village - Fort George","403434","3 AV/E 86 ST","N","40.778466","-73.954179","FAA61A"
"09/01/2024","12/01/2024","false","M15","East Harlem - South Ferry","404995","1 AV/E 28 ST","N","40.74057","-73.975823","006CB7"
"09/01/2024","12/01/2024","false","B35","Brownsville - Sunset Park","302710","CHURCH AV/E 42 ST","E","40.651325","-73.937686","EE352E"
"09/01/2024","12/01/2024","false","M15","East Harlem - South Ferry","401688","1 AV/E 17 ST","N","40.733155","-73.981188","006CB7"
"09/01/2024","12/01/2024","false","M15","East Harlem - South Ferry","403342","2 AV/E 94 ST","S","40.782675","-73.948302","006CB7"
"09/01/2024","12/01/2024","false","B46","Kings Plaza - Williamsburg","308568","UTICA AV/DEAN ST","S","40.676011","-73.930581","6CBE45"
"09/01/2024","12/01/2024","false","M101","East Village - Fort George","402745","AMSTERDAM AV/W 181 ST","N","40.848358","-73.930616","FAA61A"
"09/01/2024","12/01/2024","false","M15","East Harlem - South Ferry","404253","1 AV/E 62 ST","N","40.761632","-73.960457","006CB7"
"09/01/2024","12/01/2024","false","B46","Kings Plaza - Williamsburg","303673","UTICA AV/ATLANTIC AV","S","40.677591","-73.930372","6CBE45"
"09/01/2024","12/01/2024","false","B46","Kings Plaza - Williamsburg","303607","UTICA AV/SNYDER AV","N","40.650447","-73.930119","6CBE45"
"09/01/2024","12/01/2024","false","M15","East Harlem - South Ferry","401740","2 AV/E 119 ST","S","40.798669","-73.93661","006CB7"
"09/01/2024","12/01/2024","false","M101","East Village - Fort George","402704","3 AV/E 109 ST","N","40.793765","-73.943005","FAA61A"
"09/01/2024","12/01/2024","false","BX19","NY Botanical Garden - Riverbank Park","104242","SOUTHERN BLVD/AVENUE SAINT JOHN","S","40.812995","-73.901337","B933AD"
"09/01/2024","12/01/2024","false","B35","Brownsville - Sunset Park","302776","39 ST/10 AV","W","40.644894","-73.993225","EE352E"
"09/01/2024","12/01/2024","false","M15","East Harlem - South Ferry","401698","1 AV/E 42 ST","N","40.749251","-73.969332","006CB7"
"09/01/2024","12/01/2024","false","M15","East Harlem - South Ferry","401716","1 AV/E 89 ST","N","40.779039","-73.947728","006CB7"
"09/01/2024","12/01/2024","false","B35","Brownsville - Sunset Park","901728","CHURCH AV/LLOYD ST","E","40.650688","-73.951423","EE352E"
"09/01/2024","12/01/2024","false","B46","Kings Plaza - Williamsburg","303161","BROADWAY/LORIMER ST","N","40.704482","-73.948374","6CBE45"
"09/01/2024","12/01/2024","false","M15","East Harlem - South Ferry","401760","2 AV/E 70 ST","S","40.76733","-73.959501","006CB7"
"09/01/2024","12/01/2024","false","M101","East Village - Fort George","903341","FT GEORGE AV/FORT GEORGE HILL","S","40.857095","-73.927934","FAA61A"
"09/01/2024","12/01/2024","false","B35","Brownsville - Sunset Park","302699","CHURCH AV/E 18 ST","E","40.649313","-73.963199","EE352E"
"09/01/2024","12/01/2024","false","M101","East Village - Fort George","402767","AMSTERDAM AV/W 181 ST","S","40.848228","-73.930845","FAA61A"
"09/01/2024","12/01/2024","false","BX19","NY Botanical Garden - Riverbank Park","101363","SOUTHERN BLVD/LONGWOOD AV","S","40.816076","-73.896607","B933AD"
"09/01/2024","12/01/2024","false","M15","East Harlem - South Ferry","401763","2 AV/E 64 ST","S","40.763471","-73.962314","006CB7"
"09/01/2024","12/01/2024","false","BX19","NY Botanical Garden - Riverbank Park","101307","E 149 ST/GRAND CONCOURSE","N","40.818377","-73.926861","B933AD"
"09/01/2024","12/01/2024","false","B46","Kings Plaza - Williamsburg","303660","BROADWAY/MYRTLE AV","S","40.696666","-73.934859","6CBE45"
"09/01/2024","12/01/2024","false","M101","East Village - Fort George","402639","AMSTERDAM AV/W 156 ST","S","40.831932","-73.942813","FAA61A"
"09/01/2024","12/01/2024","false","B35","Brownsville - Sunset Park","302679","39 ST/3 AV","E","40.65396","-74.008495","EE352E"
"09/01/2024","12/01/2024","false","M101","East Village - Fort George","402839","LEXINGTON AV/E 53 ST","S","40.758062","-73.971336","FAA61A"
"09/01/2024","12/01/2024","false","B35","Brownsville - Sunset Park","307793","CHURCH AV/NOSTRAND AV","W","40.650853","-73.950008","EE352E"
"09/01/2024","12/01/2024","false","M101","East Village - Fort George","402838","LEXINGTON AV/E 56 ST","S","40.760207","-73.96977","FAA61A"
"09/01/2024","12/01/2024","false","B46","Kings Plaza - Williamsburg","303629","MALCOLM X BLVD/LAFAYETTE AV","N","40.692133","-73.930811","6CBE45"
"09/01/2024","12/01/2024","false","BX19","NY Botanical Garden - Riverbank Park","101355","SOUTHERN BLVD/JENNINGS ST","S","40.832528","-73.890724","B933AD"
"09/01/2024","12/01/2024","false","M101","East Village - Fort George","402764","AMSTERDAM AV/W 188 ST","S","40.852241","-73.927959","FAA61A"
"09/01/2024","12/01/2024","false","M101","East Village - Fort George","402819","LEXINGTON AV/E 94 ST","S","40.784406","-73.952025","FAA61A"
"09/01/2024","12/01/2024","false","BX12","Pelham Bay - Inwood","103255","EDSON AV/BARTOW AV","W","40.868062","-73.833072","006CB7"
"09/01/2024","12/01/2024","false","BX19","NY Botanical Garden - Riverbank Park","403681","W 145 ST/BROADWAY","N","40.826198","-73.950148","B933AD"
"09/01/2024","12/01/2024","false","B35","Brownsville - Sunset Park","901518","HEGEMAN AV/WATKINS ST","E","40.656994","-73.904007","EE352E"
"09/01/2024","12/01/2024","false","M101","East Village - Fort George","402642","AMSTERDAM AV/W 150 ST","S","40.82806","-73.945613","FAA61A"
"09/01/2024","12/01/2024","false","M101","East Village - Fort George","403425","LEXINGTON AV/E 42 ST","S","40.751393","-73.976286","FAA61A"
"09/01/2024","12/01/2024","false","M101","East Village - Fort George","403436","3 AV/E 106 ST","N","40.79189","-73.944367","FAA61A"
"09/01/2024","12/01/2024","false","B46","Kings Plaza - Williamsburg","308066","UTICA AV/ATLANTIC AV","N","40.677732","-73.930213","6CBE45"
"09/01/2024","12/01/2024","false","M101","East Village - Fort George","405181","3 AV/E 116 ST","N","40.797798","-73.94004","FAA61A"
"09/01/2024","12/01/2024","false","B35","Brownsville - Sunset Park","302693","CHURCH AV / E 3 ST","E","40.643612","-73.97723","EE352E"
"09/01/2024","12/01/2024","false","BX19","NY Botanical Garden - Riverbank Park","101318","SOUTHERN BLVD/E 149 ST","N","40.812179","-73.903625","B933AD"
"09/01/2024","12/01/2024","false","M15","East Harlem - South Ferry","401691","1 AV/E 25 ST","N","40.738358","-73.977404","006CB7"
"09/01/2024","12/01/2024","false","BX12","Pelham Bay - Inwood","104015","EAST FORDHAM RD/3 AV","E","40.861137","-73.890431","006CB7"
"09/01/2024","12/01/2024","false","B35","Brownsville - Sunset Park","302687","39 ST/FORT HAMILTON PKWY","E","40.642895","-73.990195","EE352E"
"09/01/2024","12/01/2024","false","M15","East Harlem - South Ferry","803002","SOUTH ST/WHITEHALL ST","S","40.701609","-74.012226","006CB7"
"09/01/2024","12/01/2024","false","B46","Kings Plaza - Williamsburg","303699","UTICA AV/FLATLANDS AV","S","40.626322","-73.927785","6CBE45"
"09/01/2024","12/01/2024","false","M101","East Village - Fort George","401947","3 AV/E 102 ST","N","40.789273","-73.946287","FAA61A"
"09/01/2024","12/01/2024","false","M101","East Village - Fort George","402638","AMSTERDAM AV/W 158 ST","S","40.833351","-73.941776","FAA61A"
"09/01/2024","12/01/2024","false","B46","Kings Plaza - Williamsburg","303159","BROADWAY/COOK ST","N","40.70234","-73.944549","6CBE45"
"09/01/2024","12/01/2024","false","M101","East Village - Fort George","405069","AMSTERDAM AV/W 175 ST","S","40.84381","-73.934076","FAA61A"
"09/01/2024","12/01/2024","false","M15","East Harlem - South Ferry","401711","1 AV/E 77 ST","N","40.771254","-73.953421","006CB7"
"09/01/2024","12/01/2024","false","B46","Kings Plaza - Williamsburg","303603","UTICA AV/AVENUE D","N","40.641743","-73.929131","6CBE45"
"09/01/2024","12/01/2024","false","BX19","NY Botanical Garden - Riverbank Park","403696","W 145 ST/BROADWAY","S","40.826407","-73.950176","B933AD"
"09/01/2024","12/01/2024","false","B35","Brownsville - Sunset Park","302779","39 ST/7 AV","W","40.64886","-73.999823","EE352E"
"09/01/2024","12/01/2024","false","M15","East Harlem - South Ferry","401730","1 AV/PALADINO AV","N","40.80036","-73.932182","006CB7"
"09/01/2024","12/01/2024","false","BX12","Pelham Bay - Inwood","802025","BAY PLAZA BLVD/J C PENNY","W","40.865989","-73.827298","006CB7"
"09/01/2024","12/01/2024","false","B35","Brownsville - Sunset Park","302761","CHURCH AV/E 18 ST","W","40.649346","-73.963494","EE352E"
"09/01/2024","12/01/2024","false","M15","East Harlem - South Ferry","403647","ALLEN ST/DELANCEY ST","S","40.719411","-73.990466","006CB7"
"09/01/2024","12/01/2024","false","B46","Kings Plaza - Williamsburg","303693","UTICA AV/FOSTER AV","S","40.63989","-73.92924","6CBE45"
"09/01/2024","12/01/2024","false","M101","East Village - Fort George","402689","3 AV/E 69 ST","N","40.76789","-73.961845","FAA61A"
"09/01/2024","12/01/2024","false","M15","East Harlem - South Ferry","903054","MADISON ST/SAINT JAMES PL","S","40.711883","-73.99943","006CB7"
"09/01/2024","12/01/2024","false","BX12","Pelham Bay - Inwood","100318","PELHAM PKWY/STILLWELL AV","E","40.856475","-73.838814","006CB7"
"09/01/2024","12/01/2024","false","B35","Brownsville - Sunset Park","306524","14 AV/39 ST","E","40.639486","-73.983782","EE352E"
"09/01/2024","12/01/2024","false","BX19","NY Botanical Garden - Riverbank Park","403684","W 145 ST/SAINT NICHOLAS AV","N","40.82402","-73.944964","B933AD"
"09/01/2024","12/01/2024","false","B46","Kings Plaza - Williamsburg","303624","MALCOLM X BLVD/BAINBRIDGE ST","N","40.681561","-73.928702","6CBE45"
"09/01/2024","12/01/2024","false","BX19","NY Botanical Garden - Riverbank Park","403690","W 145 ST/ADAM C POWELL BLVD","S","40.821618","-73.938795","B933AD"
"09/01/2024","12/01/2024","false","M101","East Village - Fort George","403432","3 AV/E 72 ST","N","40.770075","-73.960281","FAA61A"
"09/01/2024","12/01/2024","false","B46","Kings Plaza - Williamsburg","303596","UTICA AV/AVENUE J","N","40.628507","-73.927779","6CBE45"
"09/01/2024","12/01/2024","false","B46","Kings Plaza - Williamsburg","303663","MALCOLM X BLVD/DE KALB AV","S","40.693112","-73.931178","6CBE45"
"09/01/2024","12/01/2024","false","M101","East Village - Fort George","402660","E 125 ST/5 AV","S","40.806201","-73.941853","FAA61A"
"09/01/2024","12/01/2024","false","M15","East Harlem - South Ferry","401675","PIKE ST/DIVISION ST","N","40.714303","-73.992468","006CB7"
"09/01/2024","12/01/2024","false","BX12","Pelham Bay - Inwood","103945","AMENDOLA PL/WILKINSON AV","W","40.851782","-73.827201","006CB7"
"09/01/2024","12/01/2024","false","BX19","NY Botanical Garden - Riverbank Park","101322","SOUTHERN BLVD/TIFFANY ST","N","40.818544","-73.893764","B933AD"
"09/01/2024","12/01/2024","false","B35","Brownsville - Sunset Park","301054","HEGEMAN AV/CHESTER ST","W","40.656215","-73.908149","EE352E"
"09/01/2024","12/01/2024","false","M15","East Harlem - South Ferry","401699","1 AV/E 45 ST","N","40.750684","-73.96846","006CB7"
"09/01/2024","12/01/2024","false","B46","Kings Plaza - Williamsburg","307089","UTICA AV/FLATBUSH AV","S","40.61344","-73.926412","6CBE45"
"09/01/2024","12/01/2024","false","M101","East Village - Fort George","402518","AMSTERDAM AV/W 138 ST","N","40.821041","-73.950578","FAA61A"
"09/01/2024","12/01/2024","false","M101","East Village - Fort George","403419","LEXINGTON AV/E 86 ST","S","40.779426","-73.955739","FAA61A"
"09/01/2024","12/01/2024","false","M101","East Village - Fort George","401447","AMSTERDAM AV/W 131 ST","N","40.816685","-73.953761","FAA61A"
"09/01/2024","12/01/2024","false","M101","East Village - Fort George","404947","LEXINGTON AV/E 92 ST","S","40.78294","-73.953141","FAA61A"
"09/01/2024","12/01/2024","false","BX12","Pelham Bay - Inwood","100306","PELHAM PKWY/THROOP AV","W","40.858026","-73.851524","006CB7"
"09/01/2024","12/01/2024","false","M15","East Harlem - South Ferry","401754","2 AV/E 84 ST","S","40.776302","-73.952953","006CB7"
"09/01/2024","12/01/2024","false","B46","Kings Plaza - Williamsburg","303670","MALCOLM X BLVD/DECATUR ST","S","40.681627","-73.928886","6CBE45"
"09/01/2024","12/01/2024","false","M101","East Village - Fort George","402805","LEXINGTON AV/E 122 ST","S","40.802094","-73.939144","FAA61A"
"09/01/2024","12/01/2024","false","B35","Brownsville - Sunset Park","302711","CHURCH AV/TROY AV","E","40.65142","-73.935751","EE352E"
"09/01/2024","12/01/2024","false","BX19","NY Botanical Garden - Riverbank Park","100561","SOUTHERN BLVD/BRONX PARK SOUTH","N","40.847688","-73.883127","B933AD"
"09/01/2024","12/01/2024","false","M15","East Harlem - South Ferry","401775","2 AV/E 31 ST","S","40.742638","-73.977523","006CB7"
"09/01/2024","12/01/2024","false","M101","East Village - Fort George","450228","3 AV/E 33 ST","N","40.744963","-73.978601","FAA61A"
"09/01/2024","12/01/2024","false","BX19","NY Botanical Garden - Riverbank Park","803195","RIVERBANK STATE PARK RDWY/RIVERBANK STATE PARK","N","40.826647","-73.955503","B933AD"
"09/01/2024","12/01/2024","false","B35","Brownsville - Sunset Park","307795","CHURCH AV/ROGERS AV","W","40.650717","-73.952873","EE352E"
"09/01/2024","12/01/2024","false","B35","Brownsville - Sunset Park","302783","39 ST/3 AV","W","40.653699","-74.007835","EE352E"
"09/01/2024","12/01/2024","false","M15","East Harlem - South Ferry","401686","1 AV/E 11 ST","N","40.729636","-73.983733","006CB7"
"09/01/2024","12/01/2024","false","M101","East Village - Fort George","402694","3 AV/E 82 ST","N","40.776582","-73.955559","FAA61A"
"09/01/2024","12/01/2024","false","M15","East Harlem - South Ferry","405359","PIKE ST/SOUTH  ST","N","40.710615","-73.991893","006CB7"
"09/01/2024","12/01/2024","false","M101","East Village - Fort George","402741","AMSTERDAM AV/W 173 ST","N","40.84312","-73.934443","FAA61A"
"09/01/2024","12/01/2024","false","B35","Brownsville - Sunset Park","302681","39 ST/5 AV","E","40.651303","-74.004083","EE352E"
"09/01/2024","12/01/2024","false","B46","Kings Plaza - Williamsburg","302310","BROADWAY/MARCY AV","N","40.708638","-73.958417","6CBE45"
"09/01/2024","12/01/2024","false","B35","Brownsville - Sunset Park","302766","CHURCH AV / E 7 ST","W","40.645523","-73.973344","EE352E"
"09/01/2024","12/01/2024","false","M15","East Harlem - South Ferry","401771","2 AV/E 42 ST","S","40.749502","-73.972517","006CB7"
"09/01/2024","12/01/2024","false","BX19","NY Botanical Garden - Riverbank Park","101366","SOUTHERN BLVD/E 149 ST","S","40.812224","-73.903953","B933AD"
"09/01/2024","12/01/2024","false","B46","Kings Plaza - Williamsburg","303170","BROADWAY/HOOPER ST","S","40.707047","-73.954114","6CBE45"
"09/01/2024","12/01/2024","false","BX19","NY Botanical Garden - Riverbank Park","101347","SOUTHERN BLVD/E 180 ST","S","40.846138","-73.884499","B933AD"
"09/01/2024","12/01/2024","false","B35","Brownsville - Sunset Park","306838","CHURCH AV/REMSEN AV","E","40.652955","-73.919557","EE352E"
"09/01/2024","12/01/2024","false","B46","Kings Plaza - Williamsburg","308036","UTICA AV/FARRAGUT RD","S","40.637187","-73.928955","6CBE45"
"09/01/2024","12/01/2024","false","M101","East Village - Fort George","402521","AMSTERDAM AV/W 145 ST","N","40.825615","-73.947231","FAA61A"
"09/01/2024","12/01/2024","false","M15","East Harlem - South Ferry","401727","1 AV/E 116 ST","N","40.796323","-73.935122","006CB7"
"09/01/2024","12/01/2024","false","B46","Kings Plaza - Williamsburg","303612","UTICA AV/WINTHROP ST","N","40.65814","-73.930984","6CBE45"
"09/01/2024","12/01/2024","false","BX19","NY Botanical Garden - Riverbank Park","101370","E 149 ST/TRINITY AV","S","40.813559","-73.910473","B933AD"
"09/01/2024","12/01/2024","false","M15","East Harlem - South Ferry","401685","1 AV/SAINT MARKS PL","N","40.727823","-73.985061","006CB7"
"09/01/2024","12/01/2024","false","B46","Kings Plaza - Williamsburg","303683","UTICA AV/WINTHROP ST","S","40.658046","-73.931185","6CBE45"
"09/01/2024","12/01/2024","false","B35","Brownsville - Sunset Park","302678","39 ST/2 AV","E","40.654972","-74.010181","EE352E"
"09/01/2024","12/01/2024","false","M15","East Harlem - South Ferry","401797","PEARL ST/FRANKFORT ST","S","40.709399","-74.001915","006CB7"
"09/01/2024","12/01/2024","false","BX12","Pelham Bay - Inwood","402611","BROADWAY/ISHAM ST","E","40.868072","-73.919801","006CB7"
"09/01/2024","12/01/2024","false","M101","East Village - Fort George","402809","LEXINGTON AV/E 114 ST","S","40.797178","-73.942746","FAA61A"
"09/01/2024","12/01/2024","false","BX12","Pelham Bay - Inwood","100809","PELHAM PKWY/MULINER AV","E","40.856878","-73.861761","006CB7"
"09/01/2024","12/01/2024","false","M15","East Harlem - South Ferry","401704","1 AV/E 57 ST","N","40.758829","-73.962462","006CB7"
"09/01/2024","12/01/2024","false","BX19","NY Botanical Garden - Riverbank Park","101306","E 149 ST/EXTERIOR ST","N","40.819235","-73.930052","B933AD"
"09/01/2024","12/01/2024","false","BX19","NY Botanical Garden - Riverbank Park","101332","SOUTHERN BLVD/BOSTON RD","N","40.8372","-73.88775","B933AD"
"09/01/2024","12/01/2024","false","M15","East Harlem - South Ferry","401784","2 AV/E 9 ST","S","40.728891","-73.987523","006CB7"
"09/01/2024","12/01/2024","false","M15","East Harlem - South Ferry","401729","1 AV/E 120 ST","N","40.798936","-73.933223","006CB7"
"09/01/2024","12/01/2024","false","M15","East Harlem - South Ferry","401781","2 AV/E 17 ST","S","40.733996","-73.983769","006CB7"
"09/01/2024","12/01/2024","false","BX19","NY Botanical Garden - Riverbank Park","101329","SOUTHERN BLVD/JENNINGS ST","N","40.832286","-73.890706","B933AD"
"09/01/2024","12/01/2024","false","M15","East Harlem - South Ferry","401759","2 AV/E 72 ST","S","40.768727","-73.958485","006CB7"
"09/01/2024","12/01/2024","false","M101","East Village - Fort George","404255","LEXINGTON AV/E 124 ST","S","40.803886","-73.937851","FAA61A"
"09/01/2024","12/01/2024","false","M101","East Village - Fort George","402508","W 125 ST/ADAM C POWELL BLVD","N","40.809228","-73.948781","FAA61A"
"09/01/2024","12/01/2024","false","M101","East Village - Fort George","402769","AMSTERDAM AV/W 178 ST","S","40.845883","-73.932601","FAA61A"
"09/01/2024","12/01/2024","false","M101","East Village - Fort George","401458","AMSTERDAM AV/W 131 ST","S","40.816009","-73.954424","FAA61A"
"09/01/2024","12/01/2024","false","BX12","Pelham Bay - Inwood","100842","PELHAM PKWY/WHITE PLAINS RD","W","40.857292","-73.867321","006CB7"
"09/01/2024","12/01/2024","false","B46","Kings Plaza - Williamsburg","303175","BROADWAY/GERRY ST","S","40.702496","-73.945111","6CBE45"
"09/01/2024","12/01/2024","false","M15","East Harlem - South Ferry","403480","1 AV/E 34 ST","N","40.744172","-73.973187","006CB7"
"09/01/2024","12/01/2024","false","B35","Brownsville - Sunset Park","302702","CHURCH AV/BEDFORD AV","E","40.650455","-73.955969","EE352E"
"09/01/2024","12/01/2024","false","B35","Brownsville - Sunset Park","307790","CHURCH AV/NEW YORK AV","W","40.650992","-73.947114","EE352E"
"09/01/2024","12/01/2024","false","BX19","NY Botanical Garden - Riverbank Park","104233","E 149 ST/MELROSE AV","S","40.81628","-73.918103","B933AD"
"09/01/2024","12/01/2024","false","M101","East Village - Fort George","403913","3 AV/E 14 ST","N","40.733689","-73.986787","FAA61A"
"09/01/2024","12/01/2024","false","M101","East Village - Fort George","402705","3 AV/E 112 ST","N","40.795775","-73.941518","FAA61A"
"09/01/2024","12/01/2024","false","M101","East Village - Fort George","405416","W 125 ST/SAINT NICHOLAS AV","S","40.810371","-73.951805","FAA61A"
"09/01/2024","12/01/2024","false","M101","East Village - Fort George","405074","AMSTERDAM AV/W 152 ST","N","40.829905","-73.944107","FAA61A"
"09/01/2024","12/01/2024","false","B46","Kings Plaza - Williamsburg","303593","UTICA AV/AVENUE M","N","40.621675","-73.927052","6CBE45"
"09/01/2024","12/01/2024","false","B46","Kings Plaza - Williamsburg","303702","UTICA AV/AVENUE N","S","40.618576","-73.926961","6CBE45"
"09/01/2024","12/01/2024","false","M15","East Harlem - South Ferry","405098","1 AV / 4 ST","N","40.725463","-73.986785","006CB7"
"09/01/2024","12/01/2024","false","B35","Brownsville - Sunset Park","302772","13 AV/37 ST","W","40.641846","-73.985129","EE352E"
"09/01/2024","12/01/2024","false","B35","Brownsville - Sunset Park","308483","CHURCH AV/UTICA AV","W","40.651797","-73.930558","EE352E"
"09/01/2024","12/01/2024","false","M101","East Village - Fort George","405186","AMSTERDAM AV/W 185 ST","S","40.850616","-73.929187","FAA61A"
"09/01/2024","12/01/2024","false","M15","East Harlem - South Ferry","401723","1 AV/E 106 ST","N","40.789858","-73.939854","006CB7"
"09/01/2024","12/01/2024","false","B46","Kings Plaza - Williamsburg","307092","UTICA AV/FULTON ST","N","40.679184","-73.929053","6CBE45"
"09/01/2024","12/01/2024","false","M15","East Harlem - South Ferry","401764","2 AV/E 61 ST","S","40.761701","-73.963644","006CB7"
"09/01/2024","12/01/2024","false","B46","Kings Plaza - Williamsburg","303158","BROADWAY/FLUSHING AV","N","40.700664","-73.941708","6CBE45"
"09/01/2024","12/01/2024","false","M101","East Village - Fort George","402677","3 AV/E 37 ST","N","40.747988","-73.97637","FAA61A"
"09/01/2024","12/01/2024","false","B35","Brownsville - Sunset Park","307792","CHURCH AV/NOSTRAND AV","E","40.650764","-73.949277","EE352E"
"09/01/2024","12/01/2024","false","BX19","NY Botanical Garden - Riverbank Park","100640","SOUTHERN BLVD/EAST FORDHAM RD","S","40.856252","-73.880972","B933AD"
"09/01/2024","12/01/2024","false","B46","Kings Plaza - Williamsburg","303690","UTICA AV/BEVERLY RD","S","40.646023","-73.929893","6CBE45"
"09/01/2024","12/01/2024","false","BX19","NY Botanical Garden - Riverbank Park","101377","E 149 ST/GRAND CONCOURSE","S","40.818589","-73.927078","B933AD"
"09/01/2024","12/01/2024","false","B35","Brownsville - Sunset Park","302748","CHURCH AV/E 46 ST","W","40.651606","-73.934681","EE352E"
"09/01/2024","12/01/2024","false","B46","Kings Plaza - Williamsburg","303606","UTICA AV/TILDEN AV","N","40.648531","-73.92992","6CBE45"
"09/01/2024","12/01/2024","false","B35","Brownsville - Sunset Park","302745","CHURCH AV/E 52 ST","W","40.652154","-73.928856","EE352E"
"09/01/2024","12/01/2024","false","M15","East Harlem - South Ferry","401739","2 AV/E 122 ST","S","40.800564","-73.935233","006CB7"
"09/01/2024","12/01/2024","false","B35","Brownsville - Sunset Park","302719","CHURCH AV/KINGS HWY","E","40.652394","-73.922293","EE352E"
"09/01/2024","12/01/2024","false","M15","East Harlem - South Ferry","401732","E 126 ST/2 AV","S","40.80323","-73.932451","006CB7"
"09/01/2024","12/01/2024","false","BX19","NY Botanical Garden - Riverbank Park","103507","SOUTHERN BLVD/HUNTS POINT AV","N","40.82082","-73.891607","B933AD"
"09/01/2024","12/01/2024","false","M101","East Village - Fort George","402835","LEXINGTON AV/E 62 ST","S","40.763812","-73.967079","FAA61A"
"09/01/2024","12/01/2024","false","BX12","Pelham Bay - Inwood","100851","E FORDHAM RD/JEROME AV","W","40.862689","-73.900802","006CB7"
"09/01/2024","12/01/2024","false","M15","East Harlem - South Ferry","803228","2 AV/E 111 ST","S","40.793625","-73.940328","006CB7"
"09/01/2024","12/01/2024","false","B35","Brownsville - Sunset Park","302698","CHURCH AV/RUGBY RD","E","40.6481","-73.966292","EE352E"
"09/01/2024","12/01/2024","false","BX19","NY Botanical Garden - Riverbank Park","101313","E 149 ST/SAINT ANN'S AV","N","40.814223","-73.912863","B933AD"
"09/01/2024","12/01/2024","false","BX12","Pelham Bay - Inwood","103592","PELHAM PKWY/NARRAGANSETT AV","E","40.85742","-73.85163","006CB7"
"09/01/2024","12/01/2024","false","M15","East Harlem - South Ferry","405307","2 AV/E 89 ST","S","40.779657","-73.950523","006CB7"
"09/01/2024","12/01/2024","false","B35","Brownsville - Sunset Park","302715","CHURCH AV/UTICA AV","E","40.651655","-73.930572","EE352E"
"09/01/2024","12/01/2024","false","B46","Kings Plaza - Williamsburg","303658","BROADWAY/FLUSHING AV","S","40.700269","-73.941297","6CBE45"
"09/01/2024","12/01/2024","false","M101","East Village - Fort George","403821","LEXINGTON AV / E 34 ST","S","40.746315","-73.97997","FAA61A"
"09/01/2024","12/01/2024","false","B46","Kings Plaza - Williamsburg","303695","UTICA AV/GLENWOOD RD","S","40.634834","-73.928705","6CBE45"
"09/01/2024","12/01/2024","false","M101","East Village - Fort George","402842","LEXINGTON AV/E 46 ST","S","40.754142","-73.974132","FAA61A"
"09/01/2024","12/01/2024","false","M101","East Village - Fort George","402681","3 AV/E 47 ST","N","40.754234","-73.97185","FAA61A"
"09/01/2024","12/01/2024","false","BX19","NY Botanical Garden - Riverbank Park","103640","SOUTHERN BLVD/BOTANICAL GARDENS","S","40.861247","-73.880732","B933AD"
"09/01/2024","12/01/2024","false","B35","Brownsville - Sunset Park","302775","39 ST/FORT HAMILTON PKWY","W","40.643422","-73.990793","EE352E"
"09/01/2024","12/01/2024","false","M15","East Harlem - South Ferry","401715","1 AV/E 86 ST","N","40.777168","-73.94911","006CB7"
"09/01/2024","12/01/2024","false","M101","East Village - Fort George","402504","E 125 ST/PARK AV","N","40.805301","-73.939475","FAA61A"
"09/01/2024","12/01/2024","false","M15","East Harlem - South Ferry","404105","2 AV/E 12 ST","S","40.730796","-73.986156","006CB7"
"09/01/2024","12/01/2024","false","M101","East Village - Fort George","405103","AMSTERDAM AV/W 149 ST","N","40.827662","-73.945755","FAA61A"
"09/01/2024","12/01/2024","false","M15","East Harlem - South Ferry","401745","2 AV/E 106 ST","S","40.790331","-73.942715","006CB7"
"09/01/2024","12/01/2024","false","B46","Kings Plaza - Williamsburg","303164","BROADWAY/HOOPER ST","N","40.707109","-73.95389","6CBE45"
"09/01/2024","12/01/2024","false","B35","Brownsville - Sunset Park","302753","CHURCH AV/BROOKLYN AV","W","40.651161","-73.944238","EE352E"
"09/01/2024","12/01/2024","false","BX19","NY Botanical Garden - Riverbank Park","404022","W 145 ST/RIVERSIDE DR","N","40.826817","-73.95165","B933AD"
"09/01/2024","12/01/2024","false","BX12","Pelham Bay - Inwood","104081","BAYCHESTER AV/NEW ENGLAND THRUWAY EXIT","E","40.866449","-73.830818","006CB7"
"09/01/2024","12/01/2024","false","B46","Kings Plaza - Williamsburg","306479","UTICA AV/EAST NEW YORK AV","S","40.662841","-73.931689","6CBE45"
"09/01/2024","12/01/2024","false","BX19","NY Botanical Garden - Riverbank Park","101362","SOUTHERN BLVD/TIFFANY ST","S","40.818478","-73.894129","B933AD"
"09/01/2024","12/01/2024","false","B46","Kings Plaza - Williamsburg","307668","UTICA AV/EASTERN PKWY","N","40.668476","-73.931074","6CBE45"
"09/01/2024","12/01/2024","false","M101","East Village - Fort George","402744","AMSTERDAM AV/W 179 ST","N","40.847008","-73.931612","FAA61A"
"09/01/2024","12/01/2024","false","BX19","NY Botanical Garden - Riverbank Park","403695","W 145 ST/AMSTERDAM AV","S","40.825231","-73.947373","B933AD"
"09/01/2024","12/01/2024","false","M15","East Harlem - South Ferry","401746","2 AV/E 103 ST","S","40.788563","-73.944015","006CB7"
"09/01/2024","12/01/2024","false","BX12","Pelham Bay - Inwood","100796","WEST FORDHAM RD/UNIVERSITY AV","E","40.862703","-73.904256","006CB7"
"09/01/2024","12/01/2024","false","M15","East Harlem - South Ferry","904920","PIKE ST/SOUTH ST","S","40.710336","-73.991857","006CB7"
"09/01/2024","12/01/2024","false","M101","East Village - Fort George","402659","W 125 ST/MALCOLM X  BLVD","S","40.807514","-73.945026","FAA61A"
"09/01/2024","12/01/2024","false","B35","Brownsville - Sunset Park","307115","HEGEMAN AV/THOMAS S BOYLAND ST","E","40.655881","-73.90948","EE352E"
"09/01/2024","12/01/2024","false","M15","East Harlem - South Ferry","401780","2 AV/E 20 ST","S","40.735746","-73.982489","006CB7"
"09/01/2024","12/01/2024","false","B46","Kings Plaza - Williamsburg","303696","UTICA AV/AVENUE H","S","40.632523","-73.928456","6CBE45"
"09/01/2024","12/01/2024","false","M101","East Village - Fort George","401948","3 AV/E 104 ST","N","40.79054","-73.945358","FAA61A"
"09/01/2024","12/01/2024","false","BX19","NY Botanical Garden - Riverbank Park","403683","W 145 ST/CONVENT AV","N","40.824621","-73.946395","B933AD"
"09/01/2024","12/01/2024","false","M101","East Village - Fort George","402852","LEXINGTON AV/E 26 ST","S","40.741117","-73.983648","FAA61A"
"09/01/2024","12/01/2024","false","B46","Kings Plaza - Williamsburg","303664","MALCOLM X BLVD/LAFAYETTE AV","S","40.691897","-73.930931","6CBE45"
"09/01/2024","12/01/2024","false","BX19","NY Botanical Garden - Riverbank Park","101360","SOUTHERN BLVD/ALDUS ST","S","40.822869","-73.891817","B933AD"
"09/01/2024","12/01/2024","false","M101","East Village - Fort George","402643","AMSTERDAM AV/W 148 ST","S","40.826908","-73.946446","FAA61A"
"09/01/2024","12/01/2024","false","M101","East Village - Fort George","402645","AMSTERDAM AV/W 143 ST","S","40.823629","-73.948866","FAA61A"
"09/01/2024","12/01/2024","false","BX12","Pelham Bay - Inwood","103589","PELHAM PKWY/BRONXWOOD AV","W","40.857426","-73.861416","006CB7"
"09/01/2024","12/01/2024","false","M15","East Harlem - South Ferry","403590","PEARL ST/FULTON ST","S","40.707631","-74.004","006CB7"
"09/01/2024","12/01/2024","false","M101","East Village - Fort George","403424","LEXINGTON AV/E 50 ST","S","40.756659","-73.972382","FAA61A"
"09/01/2024","12/01/2024","false","B35","Brownsville - Sunset Park","302767","CHURCH AV/E 5 ST","W","40.644332","-73.975965","EE352E"
"09/01/2024","12/01/2024","false","B35","Brownsville - Sunset Park","302750","CHURCH AV/E 42 ST","W","40.651424","-73.93845","EE352E"
"09/01/2024","12/01/2024","false","M101","East Village - Fort George","405185","AMSTERDAM AV/W 183 ST","N","40.849806","-73.929603","FAA61A"
"09/01/2024","12/01/2024","false","B35","Brownsville - Sunset Park","302724","CHURCH AV/ROCKAWAY PKWY","E","40.656401","-73.914223","EE352E"
"09/01/2024","12/01/2024","false","M101","East Village - Fort George","402517","AMSTERDAM AV/W 135 ST","N","40.819316","-73.95184","FAA61A"
"09/01/2024","12/01/2024","false","M15","East Harlem - South Ferry","401690","1 AV/E 23 ST","N","40.737053","-73.978368","006CB7"
"09/01/2024","12/01/2024","false","B46","Kings Plaza - Williamsburg","308804","UTICA AV/CHURCH AV","N","40.652508","-73.930416","6CBE45"
"09/01/2024","12/01/2024","false","M101","East Village - Fort George","402749","AMSTERDAM AV/W 190 ST","N","40.853927","-73.926552","FAA61A"
"09/01/2024","12/01/2024","false","M101","East Village - Fort George","402526","AMSTERDAM AV/W 155 ST","N","40.831683","-73.942827","FAA61A"
"09/01/2024","12/01/2024","false","M15","East Harlem - South Ferry","401724","1 AV/E 108 ST","N","40.791692","-73.938512","006CB7"
"09/01/2024","12/01/2024","false","M15","East Harlem - South Ferry","903296","WATER ST/BROAD ST","N","40.702869","-74.011619","006CB7"
"09/01/2024","12/01/2024","false","M101","East Village - Fort George","402506","W 125 ST/5 AV","N","40.806542","-73.94244","FAA61A"
"09/01/2024","12/01/2024","false","BX12","Pelham Bay - Inwood","103795","BAY PLAZA BLVD/CO-OP CITY BLVD","W","40.866795","-73.827849","006CB7"
"09/01/2024","12/01/2024","false","M101","East Village - Fort George","402688","3 AV/E 67 ST","N","40.767113","-73.962513","FAA61A"
"09/01/2024","12/01/2024","false","M101","East Village - Fort George","404854","LEXINGTON AV/E 77 ST","S","40.773296","-73.960162","FAA61A"
"09/01/2024","12/01/2024","false","B46","Kings Plaza - Williamsburg","307373","UTICA AV/SAINT JOHNS PL","S","40.670219","-73.931072","6CBE45"
"09/01/2024","12/01/2024","false","B35","Brownsville - Sunset Park","302682","39 ST/6 AV","E","40.649686","-74.001423","EE352E"
"09/01/2024","12/01/2024","false","BX12","Pelham Bay - Inwood","100305","PELHAM PKWY/SEYMOUR AV","W","40.85806","-73.846615","006CB7"
"09/01/2024","12/01/2024","false","BX19","NY Botanical Garden - Riverbank Park","101364","SOUTHERN BLVD/E 156 ST","S","40.81471","-73.898025","B933AD"
"09/01/2024","12/01/2024","false","M15","East Harlem - South Ferry","401772","2 AV/E 39 ST","S","40.747638","-73.97388","006CB7"
"09/01/2024","12/01/2024","false","B46","Kings Plaza - Williamsburg","303625","MALCOLM X BLVD/HALSEY ST","N","40.684479","-73.92929","6CBE45"
"09/01/2024","12/01/2024","false","B35","Brownsville - Sunset Park","302697","CHURCH AV/WESTMINSTER RD","E","40.647415","-73.968043","EE352E"
"09/01/2024","12/01/2024","false","B46","Kings Plaza - Williamsburg","303597","UTICA AV/AVENUE I","N","40.630868","-73.928032","6CBE45"
"09/01/2024","12/01/2024","false","M101","East Village - Fort George","401974","LEXINGTON AV/E 102 ST","S","40.789366","-73.948437","FAA61A"
"09/01/2024","12/01/2024","false","B35","Brownsville - Sunset Park","302741","CHURCH AV/RALPH AV","W","40.652583","-73.92128","EE352E"
"09/01/2024","12/01/2024","false","BX12","Pelham Bay - Inwood","104328","WEST FORDHAM RD/JEROME AV","E","40.862736","-73.901377","006CB7"
"09/01/2024","12/01/2024","false","BX19","NY Botanical Garden - Riverbank Park","403950","W 145 ST/RIVERSIDE DR","S","40.827014","-73.951571","B933AD"
"09/01/2024","12/01/2024","false","B35","Brownsville - Sunset Park","307947","CHURCH AV/MCDONALD AV","W","40.642696","-73.979883","EE352E"
"09/01/2024","12/01/2024","false","B35","Brownsville - Sunset Park","306454","CHURCH AV/E 93 ST","W","40.653939","-73.918309","EE352E"
"09/01/2024","12/01/2024","false","M15","East Harlem - South Ferry","401802","WATER ST/HANOVER SQ","S","40.703882","-74.009427","006CB7"
"09/01/2024","12/01/2024","false","M15","East Harlem - South Ferry","401753","2 AV/E 87 ST","S","40.77851","-73.95143","006CB7"
"09/01/2024","12/01/2024","false","B46","Kings Plaza - Williamsburg","901093","KINGS PLAZA","S","40.60914","-73.921443","6CBE45"
"09/01/2024","12/01/2024","false","M101","East Village - Fort George","402740","AMSTERDAM AV/W 171 ST","N","40.841978","-73.935267","FAA61A"
"09/01/2024","12/01/2024","false","M101","East Village - Fort George","402816","LEXINGTON AV/E 100 ST","S","40.78827","-73.949209","FAA61A"
"09/01/2024","12/01/2024","false","BX12","Pelham Bay - Inwood","104332","WEST FORDHAM RD/CEDAR AV","W","40.861762","-73.911586","006CB7"
"09/01/2024","12/01/2024","false","BX19","NY Botanical Garden - Riverbank Park","101320","SOUTHERN BLVD/E 156 ST","N","40.815124","-73.897299","B933AD"
"09/01/2024","12/01/2024","false","M101","East Village - Fort George","403526","3 AV/E 11 ST","N","40.73168","-73.988278","FAA61A"
"09/01/2024","12/01/2024","false","M101","East Village - Fort George","401446","AMSTERDAM AV/W 129 ST","N","40.815135","-73.954899","FAA61A"
"09/01/2024","12/01/2024","false","B46","Kings Plaza - Williamsburg","303153","BROADWAY/LAWTON ST","N","40.694911","-73.931411","6CBE45"
"09/01/2024","12/01/2024","false","B35","Brownsville - Sunset Park","302688","39 ST/12 AV","E","40.641698","-73.98821","EE352E"
"09/01/2024","12/01/2024","false","BX19","NY Botanical Garden - Riverbank Park","403691","W 145 ST/FREDERICK DOUGLASS BLVD","S","40.822843","-73.941703","B933AD"
"09/01/2024","12/01/2024","false","M15","East Harlem - South Ferry","401758","2 AV/E 75 ST","S","40.770821","-73.95695","006CB7"
"09/01/2024","12/01/2024","false","M101","East Village - Fort George","403418","LEXINGTON AV/E 96 ST","S","40.78548","-73.95133","FAA61A"
"09/01/2024","12/01/2024","false","M101","East Village - Fort George","402696","3 AV/E 88 ST","N","40.780478","-73.952701","FAA61A"
"09/01/2024","12/01/2024","false","BX19","NY Botanical Garden - Riverbank Park","104221","SOUTHERN BLVD/E 163 ST","S","40.820842","-73.891773","B933AD"
"09/01/2024","12/01/2024","false","B35","Brownsville - Sunset Park","302737","CHURCH AV/E 96 ST","W","40.655549","-73.915813","EE352E"
"09/01/2024","12/01/2024","false","M15","East Harlem - South Ferry","405396","1 AV/E 27 ST","N","40.739627","-73.976496","006CB7"
"09/01/2024","12/01/2024","false","BX19","NY Botanical Garden - Riverbank Park","101328","SOUTHERN BLVD/FREEMAN ST","N","40.830046","-73.891826","B933AD"
"09/01/2024","12/01/2024","false","M15","East Harlem - South Ferry","401701","1 AV/MITCHELL PL","N","40.753591","-73.966311","006CB7"
"09/01/2024","12/01/2024","false","M101","East Village - Fort George","405066","LEXINGTON AV/E 89 ST","S","40.78113","-73.954451","FAA61A"
"09/01/2024","12/01/2024","false","B35","Brownsville - Sunset Park","302760","CHURCH AV/OCEAN AV","W","40.650056","-73.961454","EE352E"
"09/01/2024","12/01/2024","false","B35","Brownsville - Sunset Park","302701","CHURCH AV/FLATBUSH AV","E","40.650362","-73.958218","EE352E"
"09/01/2024","12/01/2024","false","M15","East Harlem - South Ferry","401765","2 AV/E 57 ST","S","40.758987","-73.965601","006CB7"
"09/01/2024","12/01/2024","false","B35","Brownsville - Sunset Park","302740","CHURCH AV/REMSEN AV","W","40.652947","-73.919846","EE352E"
"09/01/2024","12/01/2024","false","B46","Kings Plaza - Williamsburg","303592","UTICA AV/AVENUE N","N","40.619894","-73.926824","6CBE45"
"09/01/2024","12/01/2024","false","B46","Kings Plaza - Williamsburg","306304","UTICA AV/EMPIRE BLVD","S","40.663714","-73.93172","6CBE45"
"09/01/2024","12/01/2024","false","B46","Kings Plaza - Williamsburg","303657","BROADWAY/THORNTON ST","S","40.701436","-73.943215","6CBE45"
"09/01/2024","12/01/2024","false","BX12","Pelham Bay - Inwood","100840","PELHAM PKWY/WILLIAMSBRIDGE RD","W","40.857548","-73.856642","006CB7"
"09/01/2024","12/01/2024","false","M15","East Harlem - South Ferry","405336","2 AV/E 28 ST","S","40.741114","-73.978641","006CB7"
"09/01/2024","12/01/2024","false","BX19","NY Botanical Garden - Riverbank Park","100564","SOUTHERN BLVD/E 189 ST","N","40.856408","-73.880682","B933AD"
"09/01/2024","12/01/2024","false","M101","East Village - Fort George","402670","3 AV/E 17 ST","N","40.735511","-73.985465","FAA61A"
"09/01/2024","12/01/2024","false","M101","East Village - Fort George","903340","FORT GEORGE AV/66 FORT GEORGE AV","N","40.858017","-73.926518","FAA61A"
"09/01/2024","12/01/2024","false","B35","Brownsville - Sunset Park","301133","HEGEMAN AV/OSBORN ST","E","40.656548","-73.905046","EE352E"
"09/01/2024","12/01/2024","false","M101","East Village - Fort George","402845","LEXINGTON AV/E 40 ST","S","40.749766","-73.977317","FAA61A"
"09/01/2024","12/01/2024","false","B35","Brownsville - Sunset Park","308083","CHURCH AV/E 39 ST","W","40.651272","-73.941344","EE352E"
"09/01/2024","12/01/2024","false","M101","East Village - Fort George","405530","LEXINGTON AV/E 37 ST","S","40.748126","-73.978535","FAA61A"
"09/01/2024","12/01/2024","false","BX12","Pelham Bay - Inwood","404165","W 207 ST/10 AV","E","40.864244","-73.918515","006CB7"
"09/01/2024","12/01/2024","false","BX19","NY Botanical Garden - Riverbank Park","103611","SOUTHERN BLVD/E 176 ST","N","40.84079","-73.885907","B933AD"
"09/01/2024","12/01/2024","false","M101","East Village - Fort George","402831","LEXINGTON AV/E 70 ST","S","40.769067","-73.96332","FAA61A"
"09/01/2024","12/01/2024","false","M15","East Harlem - South Ferry","401786","2 AV/E 3 ST","S","40.725343","-73.990108","006CB7"
"09/01/2024","12/01/2024","false","M101","East Village - Fort George","405073","AMSTERDAM AV/W 158 ST","N","40.833638","-73.941374","FAA61A"
"09/01/2024","12/01/2024","false","BX19","NY Botanical Garden - Riverbank Park","101314","E 149 ST/TRINITY AV","N","40.81342","-73.910157","B933AD"
"09/01/2024","12/01/2024","false","M15","East Harlem - South Ferry","405100","1 AV/E 82 ST","N","40.774585","-73.950985","006CB7"
"09/01/2024","12/01/2024","false","B46","Kings Plaza - Williamsburg","307090","UTICA AV/BERGEN ST","N","40.675351","-73.930421","6CBE45"
"09/01/2024","12/01/2024","false","M15","East Harlem - South Ferry","402090","MADISON ST/MARKET ST","N","40.712207","-73.994092","006CB7"
"09/01/2024","12/01/2024","false","BX19","NY Botanical Garden - Riverbank Park","100641","SOUTHERN BLVD/E 187 ST","S","40.853173","-73.881852","B933AD"
"09/01/2024","12/01/2024","false","B35","Brownsville - Sunset Park","302707","CHURCH AV/E 37 ST","E","40.651042","-73.942939","EE352E"
"09/01/2024","12/01/2024","false","B46","Kings Plaza - Williamsburg","303682","UTICA AV/MIDWOOD ST","S","40.661062","-73.9315","6CBE45"
"09/01/2024","12/01/2024","false","BX19","NY Botanical Garden - Riverbank Park","101372","E 149 ST/BROOK AV","S","40.815166","-73.915301","B933AD"
"09/01/2024","12/01/2024","false","M15","East Harlem - South Ferry","401706","1 AV/E 64 ST","N","40.762984","-73.959485","006CB7"
"09/01/2024","12/01/2024","false","M15","East Harlem - South Ferry","401679","ALLEN ST/DELANCEY ST","N","40.719558","-73.989999","006CB7"
"09/01/2024","12/01/2024","false","B46","Kings Plaza - Williamsburg","303605","UTICA AV/BEVERLY RD","N","40.646701","-73.929723","6CBE45"
"09/01/2024","12/01/2024","false","M101","East Village - Fort George","402707","3 AV/E 118 ST","N","40.799578","-73.938718","FAA61A"
"09/01/2024","12/01/2024","false","BX19","NY Botanical Garden - Riverbank Park","103612","SOUTHERN BLVD/E 176 St","S","40.840198","-73.886237","B933AD"
"09/01/2024","12/01/2024","false","M101","East Village - Fort George","403765","3 AV/E 93 ST","N","40.783505","-73.950493","FAA61A"
"09/01/2024","12/01/2024","false","BX12","Pelham Bay - Inwood","100811","PELHAM PKWY/WILLIAMSBRIDGE RD","E","40.857026","-73.85623","006CB7"
"09/01/2024","12/01/2024","false","BX12","Pelham Bay - Inwood","404170","W 207 ST/10 AV","W","40.864421","-73.918721","006CB7"
"09/01/2024","12/01/2024","false","B35","Brownsville - Sunset Park","301053","HEGEMAN AV/THATFORD AV","W","40.65648","-73.906268","EE352E"
"09/01/2024","12/01/2024","false","M15","East Harlem - South Ferry","401741","2 AV/E 116 ST","S","40.796723","-73.93804","006CB7"
"09/01/2024","12/01/2024","false","BX12","Pelham Bay - Inwood","100317","PELHAM PKWY/EASTCHESTER RD","E","40.857271","-73.843935","006CB7"
"09/01/2024","12/01/2024","false","B46","Kings Plaza - Williamsburg","303701","UTICA AV/AVENUE M","S","40.621044","-73.927222","6CBE45"
"09/01/2024","12/01/2024","false","M101","East Village - Fort George","404008","AMSTERDAM AV/W 190 ST","S","40.853438","-73.927069","FAA61A"
"09/01/2024","12/01/2024","false","B46","Kings Plaza - Williamsburg","303163","BROADWAY/MONTROSE AV","N","40.706254","-73.951586","6CBE45"
"09/01/2024","12/01/2024","false","BX12","Pelham Bay - Inwood","104240","EAST FORDHAM RD/ELM PL","E","40.861917","-73.893921","006CB7"
"09/01/2024","12/01/2024","false","BX19","NY Botanical Garden - Riverbank Park","403688","W 145 ST/MALCOLM X BLVD","N","40.820444","-73.93639","B933AD"
"09/01/2024","12/01/2024","false","M101","East Village - Fort George","402772","AMSTERDAM AV/W 172 ST","S","40.842043","-73.935378","FAA61A"
"09/01/2024","12/01/2024","false","B46","Kings Plaza - Williamsburg","303173","BROADWAY/LORIMER ST","S","40.704136","-73.948057","6CBE45"
"09/01/2024","12/01/2024","false","B35","Brownsville - Sunset Park","308194","39 ST/1 AV","E","40.656155","-74.012027","EE352E"
"09/01/2024","12/01/2024","false","B35","Brownsville - Sunset Park","302683","39 ST/7 AV","E","40.648374","-73.999232","EE352E"
"09/01/2024","12/01/2024","false","M101","East Village - Fort George","402505","E 125 ST/MADISON AV","N","40.805979","-73.940999","FAA61A"
"09/01/2024","12/01/2024","false","B35","Brownsville - Sunset Park","302749","CHURCH AV/TROY AV","W","40.651511","-73.936602","EE352E"
"09/01/2024","12/01/2024","false","M101","East Village - Fort George","403822","LEXINGTON AV/E 31 ST","S","40.744101","-73.981463","FAA61A"
"09/01/2024","12/01/2024","false","M101","East Village - Fort George","402723","W 125 ST/MORNINGSIDE AV","S","40.811402","-73.954184","FAA61A"
"09/01/2024","12/01/2024","false","M15","East Harlem - South Ferry","403887","2 AV/E 54 ST","S","40.757149","-73.966937","006CB7"
"09/01/2024","12/01/2024","false","BX19","NY Botanical Garden - Riverbank Park","403682","W 145 ST/AMSTERDAM AV","N","40.825272","-73.947941","B933AD"
"09/01/2024","12/01/2024","false","M101","East Village - Fort George","405077","AMSTERDAM AV/W 176 ST","N","40.84515","-73.932962","FAA61A"
"09/01/2024","12/01/2024","false","BX12","Pelham Bay - Inwood","100854","W FORDHAM RD/SEDGWICK AV","W","40.862782","-73.908655","006CB7"
"09/01/2024","12/01/2024","false","B35","Brownsville - Sunset Park","302773","39 ST/13 AV","W","40.640916","-73.986646","EE352E"
"09/01/2024","12/01/2024","false","M101","East Village - Fort George","402507","W 125 ST/MALCOLM X BLVD","N","40.808026","-73.945964","FAA61A"
"09/01/2024","12/01/2024","false","BX12","Pelham Bay - Inwood","104235","EAST FORDHAM RD/VALENTINE AV","W","40.862237","-73.895647","006CB7"
"09/01/2024","12/01/2024","false","M15","East Harlem - South Ferry","401718","1 AV/E 93 ST","N","40.781562","-73.945891","006CB7"
"09/01/2024","12/01/2024","false","B46","Kings Plaza - Williamsburg","307637","BROADWAY/JEFFERSON ST","N","40.697354","-73.935803","6CBE45"
"09/01/2024","12/01/2024","false","BX12","Pelham Bay - Inwood","103588","AMENDOLA PL/WESTCHESTER AV","E","40.852227","-73.827258","006CB7"
"09/01/2024","12/01/2024","false","BX12","Pelham Bay - Inwood","103697","EAST FORDHAM RD/HOFFMAN ST","W","40.85887","-73.88576","006CB7"
"09/01/2024","12/01/2024","false","B35","Brownsville - Sunset Park","302716","CHURCH AV/E 52 ST","E","40.652173","-73.928071","EE352E"
"09/01/2024","12/01/2024","false","M101","East Village - Fort George","405272","E 24 ST/LEXINGTON AV","S","40.739992","-73.984009","FAA61A"
"09/01/2024","12/01/2024","false","BX19","NY Botanical Garden - Riverbank Park","101352","SOUTHERN BLVD/E 174 ST","S","40.837467","-73.887719","B933AD"
"09/01/2024","12/01/2024","false","B46","Kings Plaza - Williamsburg","307636","FLATBUSH AV/AVENUE T","S","40.611273","-73.924426","6CBE45"
"09/01/2024","12/01/2024","false","M15","East Harlem - South Ferry","401666","WATER ST/WALL ST","N","40.705287","-74.007109","006CB7"
"09/01/2024","12/01/2024","false","B46","Kings Plaza - Williamsburg","303610","UTICA AV/LENOX RD","N","40.655688","-73.930683","6CBE45"
"09/01/2024","12/01/2024","false","BX12","Pelham Bay - Inwood","100798","EAST FORDHAM RD/GRAND CONCOURSE","E","40.862394","-73.897565","006CB7"
"09/01/2024","12/01/2024","false","B35","Brownsville - Sunset Park","302778","39 ST/8 AV","W","40.647523","-73.997614","EE352E"
"09/01/2024","12/01/2024","false","B46","Kings Plaza - Williamsburg","303688","UTICA AV/SNYDER AV","S","40.649786","-73.930293","6CBE45"
"09/01/2024","12/01/2024","false","M101","East Village - Fort George","402680","3 AV/E 45 ST","N","40.752407","-73.973161","FAA61A"
"09/01/2024","12/01/2024","false","B35","Brownsville - Sunset Park","302718","CHURCH AV/E 56 ST","E","40.652456","-73.924192","EE352E"
"09/01/2024","12/01/2024","false","BX19","NY Botanical Garden - Riverbank Park","101378","E 149 ST/GERARD AV","S","40.819092","-73.929075","B933AD"
"09/01/2024","12/01/2024","false","M15","East Harlem - South Ferry","401710","1 AV/E 75 ST","N","40.769986","-73.95435","006CB7"
"09/01/2024","12/01/2024","false","Q58","Ridgewood - Flushing","504155","CYPRESS AV/PALMETTO ST","E","40.701455","-73.908578","6CBE45"
"09/01/2024","12/01/2024","false","S53","Port Richmond - Bay Ridge","203044","BROADWAY/DELAFIELD AV","W","40.630688","-74.116432","EE352E"
"09/01/2024","12/01/2024","false","Q58","Ridgewood - Flushing","503529","GRAND AV/73 ST","W","40.729251","-73.890277","6CBE45"
"09/01/2024","12/01/2024","false","S79+","Staten Island Mall - Bay Ridge","203344","NARROWS RD SOUTH/FINGERBOARD RD","N","40.603427","-74.068996","006CB7"
"09/01/2024","12/01/2024","false","S53","Port Richmond - Bay Ridge","306959","92 ST/FORT HAMILTON PKWY","W","40.616714","-74.027208","EE352E"
"09/01/2024","12/01/2024","false","Q65","Jamaica - Flushing - College Point","551712","164 ST/HIGHLAND AV","S","40.710293","-73.799975","00AEEF"
"09/01/2024","12/01/2024","false","S79+","Staten Island Mall - Bay Ridge","201109","HYLAN BLVD/SEAVIEW AV","S","40.586369","-74.092337","006CB7"
"09/01/2024","12/01/2024","false","Q58","Ridgewood - Flushing","503539","FRESH POND RD/59 DR","W","40.718083","-73.902217","6CBE45"
"09/01/2024","12/01/2024","false","S53","Port Richmond - Bay Ridge","200315","CASTLETON AV/JEWETT AV","W","40.63385","-74.129761","EE352E"
"09/01/2024","12/01/2024","false","S53","Port Richmond - Bay Ridge","200716","CLOVE RD/BEMENT AV","W","40.620945","-74.110313","EE352E"
"09/01/2024","12/01/2024","false","Q65","Jamaica - Flushing - College Point","551734","164 ST/67 AV","S","40.734833","-73.805062","00AEEF"
"09/01/2024","12/01/2024","false","Q65","Jamaica - Flushing - College Point","551784","110 ST/14 AV","S","40.785318","-73.856959","00AEEF"
"09/01/2024","12/01/2024","false","S79+","Staten Island Mall - Bay Ridge","805190","MARSH AV/RING RD","S","40.583765","-74.161347","006CB7"
"09/01/2024","12/01/2024","false","S53","Port Richmond - Bay Ridge","203504","CLOVE RD/GRASMERE STATION","E","40.603626","-74.083527","EE352E"
"09/01/2024","12/01/2024","false","S79+","Staten Island Mall - Bay Ridge","200455","STATEN ISLAND MALL AT RING RD/PLATINUM AV","N","40.580016","-74.16853","006CB7"
"09/01/2024","12/01/2024","false","S53","Port Richmond - Bay Ridge","200261","CASTLETON AV/JEWETT AV","E","40.633639","-74.129649","EE352E"
"09/01/2024","12/01/2024","false","Q58","Ridgewood - Flushing","503527","GRAND AV/79 ST","W","40.730814","-73.885954","6CBE45"
"09/01/2024","12/01/2024","false","Q65","Jamaica - Flushing - College Point","553126","PARSONS BLVD/JAMAICA AV","N","40.703616","-73.800218","00AEEF"
"09/01/2024","12/01/2024","false","S53","Port Richmond - Bay Ridge","200128","McCLEAN AV/SAND LN","E","40.596787","-74.070098","EE352E"
"09/01/2024","12/01/2024","false","S79+","Staten Island Mall - Bay Ridge","201128","HYLAN BLVD/GUYON AV","S","40.560209","-74.120441","006CB7"
"09/01/2024","12/01/2024","false","S53","Port Richmond - Bay Ridge","202787","CLOVE RD/FOOTE AV","E","40.613358","-74.100531","EE352E"
"09/01/2024","12/01/2024","false","S53","Port Richmond - Bay Ridge","200700","HYLAN BLVD/CLOVE RD","W","40.598662","-74.081064","EE352E"
"09/01/2024","12/01/2024","false","S79+","Staten Island Mall - Bay Ridge","203902","ELTINGVILLE/TRANSIT CENTER","N","40.560781","-74.170729","006CB7"
"09/01/2024","12/01/2024","false","Q65","Jamaica - Flushing - College Point","551713","164 ST/85 AV","N","40.712699","-73.80126","00AEEF"
"09/01/2024","12/01/2024","false","S53","Port Richmond - Bay Ridge","200201","McCLEAN AV/LILY POND AV","W","40.598841","-74.06422","EE352E"
"09/01/2024","12/01/2024","false","Q65","Jamaica - Flushing - College Point","551740","164 ST/METCALF AV","N","40.747382","-73.802813","00AEEF"
"09/01/2024","12/01/2024","false","Q58","Ridgewood - Flushing","503499","41 RD/COLLEGE POINT BLVD","E","40.755659","-73.833009","6CBE45"
"09/01/2024","12/01/2024","false","Q65","Jamaica - Flushing - College Point","551741","164 ST/METCALF AV","S","40.747108","-73.803258","00AEEF"
"09/01/2024","12/01/2024","false","Q58","Ridgewood - Flushing","503465","FRESH POND RD/FLUSHING AV","E","40.721506","-73.903054","6CBE45"
"09/01/2024","12/01/2024","false","S53","Port Richmond - Bay Ridge","200417","PORT RICHMOND AV/BENNETT ST","W","40.638381","-74.132905","EE352E"
"09/01/2024","12/01/2024","false","Q65","Jamaica - Flushing - College Point","551714","164 ST/84 AV","N","40.715004","-73.802659","00AEEF"
"09/01/2024","12/01/2024","false","S53","Port Richmond - Bay Ridge","200426","PORT RICHMOND AV/ANN ST","E","40.638743","-74.132956","EE352E"
"09/01/2024","12/01/2024","false","Q58","Ridgewood - Flushing","503478","BROADWAY/JUSTICE AV","E","40.737801","-73.877105","6CBE45"
"09/01/2024","12/01/2024","false","S79+","Staten Island Mall - Bay Ridge","201003","HYLAN BLVD/NELSON AV","N","40.542586","-74.145566","006CB7"
"09/01/2024","12/01/2024","false","Q58","Ridgewood - Flushing","503514","CORONA AV/102 ST","W","40.744346","-73.86218","6CBE45"
"09/01/2024","12/01/2024","false","S79+","Staten Island Mall - Bay Ridge","202845","RICHMOND AV/YUKON AV","S","40.576422","-74.16954","006CB7"
"09/01/2024","12/01/2024","false","Q65","Jamaica - Flushing - College Point","551750","45 AV/156 ST","N","40.756917","-73.810034","00AEEF"
"09/01/2024","12/01/2024","false","S53","Port Richmond - Bay Ridge","203035","BROADWAY/DELAFIELD AV","E","40.630823","-74.11658","EE352E"
"09/01/2024","12/01/2024","false","Q65","Jamaica - Flushing - College Point","551806","164 ST/77 RD","S","40.723506","-73.804918","00AEEF"
"09/01/2024","12/01/2024","false","Q65","Jamaica - Flushing - College Point","551797","45 AV/PARSONS BLVD","S","40.755561","-73.815658","00AEEF"
"09/01/2024","12/01/2024","false","Q58","Ridgewood - Flushing","503491","108 ST/WALDRON ST","E","40.739159","-73.852687","6CBE45"
"09/01/2024","12/01/2024","false","Q58","Ridgewood - Flushing","503444","COLLEGE POINT BLVD/HORACE HARDING EXPWY","E","40.743221","-73.837083","6CBE45"
"09/01/2024","12/01/2024","false","S53","Port Richmond - Bay Ridge","203506","CLOVE RD/WEST FINGERBOARD RD","W","40.601717","-74.0818","EE352E"
"09/01/2024","12/01/2024","false","Q65","Jamaica - Flushing - College Point","551733","164 ST/67 AV","N","40.73513","-73.80469","00AEEF"
"09/01/2024","12/01/2024","false","Q65","Jamaica - Flushing - College Point","550972","PARSONS BLVD/89 AV","N","40.705744","-73.801503","00AEEF"
"09/01/2024","12/01/2024","false","S79+","Staten Island Mall - Bay Ridge","201016","HYLAN BLVD/GUYON AV","N","40.560575","-74.119668","006CB7"
"09/01/2024","12/01/2024","false","S53","Port Richmond - Bay Ridge","905059","4 AV/86 ST","W","40.622312","-74.028688","EE352E"
"09/01/2024","12/01/2024","false","Q58","Ridgewood - Flushing","503018","BROADWAY/QUEENS BLVD","W","40.737121","-73.877551","6CBE45"
"09/01/2024","12/01/2024","false","Q58","Ridgewood - Flushing","503459","FRESH POND RD/GROVE ST","E","40.710175","-73.899216","6CBE45"
"09/01/2024","12/01/2024","false","Q65","Jamaica - Flushing - College Point","551766","COLLEGE POINT BLVD/123 ST","N","40.773561","-73.845946","00AEEF"
"09/01/2024","12/01/2024","false","S53","Port Richmond - Bay Ridge","200202","CLOVE RD/CLOVE LAKE PARK","W","40.61928","-74.10651","EE352E"
"09/01/2024","12/01/2024","false","Q65","Jamaica - Flushing - College Point","551722","164 ST/78 AV","N","40.723098","-73.804496","00AEEF"
"09/01/2024","12/01/2024","false","S53","Port Richmond - Bay Ridge","200695","SAND LN/HYLAN BLVD","W","40.598571","-74.071822","EE352E"
"09/01/2024","12/01/2024","false","Q58","Ridgewood - Flushing","504474","MADISON ST/CYPRESS AV","E","40.701012","-73.907068","6CBE45"
"09/01/2024","12/01/2024","false","Q58","Ridgewood - Flushing","503454","67 AV/60 ST","E","40.704678","-73.900551","6CBE45"
"09/01/2024","12/01/2024","false","S79+","Staten Island Mall - Bay Ridge","201141","HYLAN BLVD/NELSON AV","S","40.542228","-74.146245","006CB7"
"09/01/2024","12/01/2024","false","Q58","Ridgewood - Flushing","503466","FLUSHING AV/64 ST","E","40.722773","-73.901124","6CBE45"
"09/01/2024","12/01/2024","false","S53","Port Richmond - Bay Ridge","200652","CLOVE RD/MILFORD DR","E","40.610378","-74.097613","EE352E"
"09/01/2024","12/01/2024","false","S53","Port Richmond - Bay Ridge","307501","86 ST/FORT HAMILTON PKWY","E","40.620732","-74.024776","EE352E"
"09/01/2024","12/01/2024","false","Q58","Ridgewood - Flushing","503518","CORONA AV/94 ST","W","40.74238","-73.870005","6CBE45"
"09/01/2024","12/01/2024","false","Q65","Jamaica - Flushing - College Point","982095","SUTPHIN BLVD/94 AV","S","40.699177","-73.807097","00AEEF"
"09/01/2024","12/01/2024","false","Q58","Ridgewood - Flushing","503485","CORONA AV/98 PL","E","40.744949","-73.864488","6CBE45"
"09/01/2024","12/01/2024","false","S79+","Staten Island Mall - Bay Ridge","203695","HYLAN BLVD/OLD TOWN RD","S","40.595557","-74.086167","006CB7"
"09/01/2024","12/01/2024","false","Q65","Jamaica - Flushing - College Point","551765","COLLEGE POINT BLVD/31 AV","S","40.76924","-73.841821","00AEEF"
"09/01/2024","12/01/2024","false","S53","Port Richmond - Bay Ridge","203039","BROADWAY/CLOVE RD","E","40.623324","-74.113501","EE352E"
"09/01/2024","12/01/2024","false","S79+","Staten Island Mall - Bay Ridge","200371","RICHMOND AV/HYLAN BLVD","S","40.53454","-74.154361","006CB7"
"09/01/2024","12/01/2024","false","Q58","Ridgewood - Flushing","503862","108 ST/HORACE HARDING EXPWY","W","40.737858","-73.851901","6CBE45"
"09/01/2024","12/01/2024","false","Q65","Jamaica - Flushing - College Point","551801","164 ST/BOOTH MEMORIAL AV","S","40.742277","-73.804574","00AEEF"
"09/01/2024","12/01/2024","false","Q58","Ridgewood - Flushing","503533","GRAND AV/QUEENS MIDTOWN EXPWY","W","40.724911","-73.897316","6CBE45"
"09/01/2024","12/01/2024","false","Q65","Jamaica - Flushing - College Point","501367","MAIN ST/ROOSEVELT AV","S","40.759259","-73.830112","00AEEF"
"09/01/2024","12/01/2024","false","S53","Port Richmond - Bay Ridge","200708","NARROWS RD NORTH/RICHMOND RD","W","40.609731","-74.090733","EE352E"
"09/01/2024","12/01/2024","false","S53","Port Richmond - Bay Ridge","203100","BROADWAY/EAST RALEIGH AV","W","40.627464","-74.115461","EE352E"
"09/01/2024","12/01/2024","false","Q58","Ridgewood - Flushing","503528","GRAND AV/74 ST","W","40.7301","-73.888385","6CBE45"
"09/01/2024","12/01/2024","false","Q65","Jamaica - Flushing - College Point","553042","164 ST/PIDGEON MEADOW ROAD","N","40.750758","-73.803001","00AEEF"
"09/01/2024","12/01/2024","false","Q65","Jamaica - Flushing - College Point","551788","15 AV/118 ST","S","40.784015","-73.849646","00AEEF"
"09/01/2024","12/01/2024","false","S53","Port Richmond - Bay Ridge","203500","CLOVE RD/TARGEE ST","E","40.607706","-74.089568","EE352E"
"09/01/2024","12/01/2024","false","Q58","Ridgewood - Flushing","503523","GRAND AV/GOLDSMITH ST","W","40.735702","-73.880889","6CBE45"
"09/01/2024","12/01/2024","false","S53","Port Richmond - Bay Ridge","203891","McCLEAN AV/CONGER ST","E","40.598013","-74.066383","EE352E"
"09/01/2024","12/01/2024","false","Q65","Jamaica - Flushing - College Point","982078","14 AV/COLLEGE POINT BLVD","N","40.786083","-73.846036","00AEEF"
"09/01/2024","12/01/2024","false","Q58","Ridgewood - Flushing","504109","PUTNAM AV/FOREST AV","W","40.705216","-73.901966","6CBE45"
"09/01/2024","12/01/2024","false","Q58","Ridgewood - Flushing","804059","41 RD/MAIN ST","E","40.757363","-73.829369","6CBE45"
"09/01/2024","12/01/2024","false","Q58","Ridgewood - Flushing","801052","ridgewood pl/palmetto st","W","40.698558","-73.911285","6CBE45"
"09/01/2024","12/01/2024","false","Q65","Jamaica - Flushing - College Point","553048","164 ST/84 AV","S","40.715137","-73.802912","00AEEF"
"09/01/2024","12/01/2024","false","S79+","Staten Island Mall - Bay Ridge","203075","RICHMOND AV/AUGUSTA AV","N","40.552063","-74.168009","006CB7"
"09/01/2024","12/01/2024","false","Q58","Ridgewood - Flushing","503472","GRAND AV/74 ST","E","40.730283","-73.887154","6CBE45"
"09/01/2024","12/01/2024","false","Q65","Jamaica - Flushing - College Point","551776","COLLEGE POINT BLVD/20 AV","S","40.781563","-73.846043","00AEEF"
"09/01/2024","12/01/2024","false","S53","Port Richmond - Bay Ridge","200663","HYLAN BLVD/LINWOOD AV","E","40.597517","-74.073941","EE352E"
"09/01/2024","12/01/2024","false","Q58","Ridgewood - Flushing","503513","CORONA AV/104 ST","W","40.744099","-73.859166","6CBE45"
"09/01/2024","12/01/2024","false","S79+","Staten Island Mall - Bay Ridge","203199","STATEN ISLAND MALL AT RING RD/PLATINUM AV","S","40.580095","-74.168403","006CB7"
"09/01/2024","12/01/2024","false","Q65","Jamaica - Flushing - College Point","551771","COLLEGE POINT BLVD/23 AV","N","40.778783","-73.846001","00AEEF"
"09/01/2024","12/01/2024","false","S53","Port Richmond - Bay Ridge","203043","BROADWAY/FOREST AV","W","40.628784","-74.116101","EE352E"
"09/01/2024","12/01/2024","false","S53","Port Richmond - Bay Ridge","203034","BROADWAY/CARY AV","E","40.632768","-74.116922","EE352E"
"09/01/2024","12/01/2024","false","Q65","Jamaica - Flushing - College Point","551721","164 ST/UNION TPKE","S","40.721234","-73.804645","00AEEF"
"09/01/2024","12/01/2024","false","Q65","Jamaica - Flushing - College Point","551785","110 ST/15 AV","S","40.78389","-73.856879","00AEEF"
"09/01/2024","12/01/2024","false","Q58","Ridgewood - Flushing","503493","COLLEGE POINT BLVD/58 RD","E","40.745711","-73.83517","6CBE45"
"09/01/2024","12/01/2024","false","Q58","Ridgewood - Flushing","503542","FRESH POND RD/METROPOLITAN AV","W","40.712523","-73.900714","6CBE45"
"09/01/2024","12/01/2024","false","Q58","Ridgewood - Flushing","503524","GRAND AV/HASPEL ST","W","40.734958","-73.882084","6CBE45"
"09/01/2024","12/01/2024","false","S53","Port Richmond - Bay Ridge","200263","CASTLETON AV/TAYLOR ST","E","40.634047","-74.122725","EE352E"
"09/01/2024","12/01/2024","false","S79+","Staten Island Mall - Bay Ridge","200700","HYLAN BLVD/CLOVE RD","S","40.598662","-74.081064","006CB7"
"09/01/2024","12/01/2024","false","Q58","Ridgewood - Flushing","503456","FRESH POND RD/PUTNAM AV","E","40.706356","-73.896715","6CBE45"
"09/01/2024","12/01/2024","false","Q58","Ridgewood - Flushing","503488","CORONA AV/51 AV","E","40.743487","-73.855716","6CBE45"
"09/01/2024","12/01/2024","false","Q58","Ridgewood - Flushing","901025","PALMETTO ST/WYCKOFF AV","W","40.699335","-73.91121","6CBE45"
"09/01/2024","12/01/2024","false","S79+","Staten Island Mall - Bay Ridge","201022","HYLAN BLVD/JACQUES AV","N","40.570901","-74.109122","006CB7"
"09/01/2024","12/01/2024","false","S53","Port Richmond - Bay Ridge","203040","BROADWAY/COUGHLIN AV","W","40.624189","-74.113791","EE352E"
"09/01/2024","12/01/2024","false","Q65","Jamaica - Flushing - College Point","553139","SUTPHIN BLVD/94 AV","N","40.69914","-73.807077","00AEEF"
"09/01/2024","12/01/2024","false","S79+","Staten Island Mall - Bay Ridge","200454","STATEN ISLAND MALL AT RING RD/MACYS","N","40.584577","-74.166981","006CB7"
"09/01/2024","12/01/2024","false","Q65","Jamaica - Flushing - College Point","551739","164 ST/BOOTH MEMORIAL AV","N","40.742121","-73.804282","00AEEF"
"09/01/2024","12/01/2024","false","S53","Port Richmond - Bay Ridge","203505","CLOVE RD/WEST FINGERBOARD RD","E","40.60159","-74.081969","EE352E"
"09/01/2024","12/01/2024","false","S53","Port Richmond - Bay Ridge","200312","CASTLETON AV/BARKER ST","W","40.634238","-74.121612","EE352E"
"09/01/2024","12/01/2024","false","Q65","Jamaica - Flushing - College Point","551809","164 ST/86 AV","S","40.711612","-73.800789","00AEEF"
"09/01/2024","12/01/2024","false","Q65","Jamaica - Flushing - College Point","551710","164 ST/HILLSIDE AV","S","40.708923","-73.799134","00AEEF"
"09/01/2024","12/01/2024","false","Q65","Jamaica - Flushing - College Point","551793","NORTHERN BLVD/COLLEGE POINT BLVD","S","40.762551","-73.835194","00AEEF"
"09/01/2024","12/01/2024","false","Q58","Ridgewood - Flushing","503502","COLLEGE POINT BLVD/SANFORD AV","W","40.754336","-73.833082","6CBE45"
"09/01/2024","12/01/2024","false","S79+","Staten Island Mall - Bay Ridge","200660","HYLAN BLVD/NORWAY AV","N","40.598498","-74.08127","006CB7"
"09/01/2024","12/01/2024","false","Q65","Jamaica - Flushing - College Point","551800","164 ST/OAK AV","S","40.749659","-73.803045","00AEEF"
"09/01/2024","12/01/2024","false","Q65","Jamaica - Flushing - College Point","551743","PIDGEON MEADOW RD/46 AV","N","40.753447","-73.804241","00AEEF"
"09/01/2024","12/01/2024","false","Q65","Jamaica - Flushing - College Point","551758","BOWNE ST/CHERRY AV","N","40.755704","-73.820364","00AEEF"
"09/01/2024","12/01/2024","false","Q58","Ridgewood - Flushing","503689","CORONA AV/93 ST","E","40.742369","-73.87151","6CBE45"
"09/01/2024","12/01/2024","false","S79+","Staten Island Mall - Bay Ridge","805168","HYLAN BLVD/NEW DORP LN","N","40.570271","-74.109771","006CB7"
"09/01/2024","12/01/2024","false","Q58","Ridgewood - Flushing","503520","CORONA AV/90 ST","W","40.741585","-73.874947","6CBE45"
"09/01/2024","12/01/2024","false","Q65","Jamaica - Flushing - College Point","551717","164 ST/82 RD","N","40.71801","-73.803435","00AEEF"
"09/01/2024","12/01/2024","false","Q58","Ridgewood - Flushing","504455","GRAND AV/HAMILTON PL","W","40.724156","-73.898774","6CBE45"
"09/01/2024","12/01/2024","false","S53","Port Richmond - Bay Ridge","201289","SAND LN/HYLAN BLVD","E","40.598237","-74.072091","EE352E"
"09/01/2024","12/01/2024","false","S53","Port Richmond - Bay Ridge","200129","McCLEAN AV/MILLS AV","E","40.59721","-74.068752","EE352E"
"09/01/2024","12/01/2024","false","Q58","Ridgewood - Flushing","503461","FRESH POND RD/ELIOT AV","E","40.714986","-73.901197","6CBE45"
"09/01/2024","12/01/2024","false","Q58","Ridgewood - Flushing","308488","PALMETTO ST/WYCKOFF AV","E","40.699352","-73.911187","6CBE45"
"09/01/2024","12/01/2024","false","Q58","Ridgewood - Flushing","503481","CORONA AV/91 PL","E","40.742444","-73.87281","6CBE45"
"09/01/2024","12/01/2024","false","Q58","Ridgewood - Flushing","503479","CORONA AV/88 ST","E","40.740412","-73.876413","6CBE45"
"09/01/2024","12/01/2024","false","Q65","Jamaica - Flushing - College Point","551711","164 ST/HIGHLAND AV","N","40.710442","-73.79984","00AEEF"
"09/01/2024","12/01/2024","false","Q65","Jamaica - Flushing - College Point","551807","164 ST/QUEENS GENERAL HOSPITAL","S","40.717503","-73.803688","00AEEF"
"09/01/2024","12/01/2024","false","S79+","Staten Island Mall - Bay Ridge","201126","HYLAN BLVD/TYSENS LN","S","40.56374","-74.116769","006CB7"
"09/01/2024","12/01/2024","false","Q65","Jamaica - Flushing - College Point","551745","45 AV/162 ST","S","40.756378","-73.804642","00AEEF"
"09/01/2024","12/01/2024","false","Q58","Ridgewood - Flushing","504107","PUTNAM AV/FRESH POND RD","W","40.706427","-73.897352","6CBE45"
"09/01/2024","12/01/2024","false","Q65","Jamaica - Flushing - College Point","551752","45 AV/149 ST","N","40.756087","-73.81329","00AEEF"
"09/01/2024","12/01/2024","false","Q65","Jamaica - Flushing - College Point","551757","BOWNE ST/45 AV","N","40.754026","-73.818479","00AEEF"
"09/01/2024","12/01/2024","false","S53","Port Richmond - Bay Ridge","200694","SAND LN/McCLEAN AV","W","40.597025","-74.070476","EE352E"
"09/01/2024","12/01/2024","false","S79+","Staten Island Mall - Bay Ridge","805189","MARSH AV/RING RD","N","40.58333","-74.161716","006CB7"
"09/01/2024","12/01/2024","false","Q65","Jamaica - Flushing - College Point","551753","45 AV/149 ST","S","40.756075","-73.812813","00AEEF"
"09/01/2024","12/01/2024","false","Q65","Jamaica - Flushing - College Point","552979","COLLEGE POINT BLVD/WHITESTONE EXPWY","S","40.766918","-73.839365","00AEEF"
"09/01/2024","12/01/2024","false","Q65","Jamaica - Flushing - College Point","551796","45 AV/BOWNE ST","S","40.753916","-73.81818","00AEEF"
"09/01/2024","12/01/2024","false","S53","Port Richmond - Bay Ridge","307203","92 ST/GATLING PL","E","40.616926","-74.027344","EE352E"
"09/01/2024","12/01/2024","false","S53","Port Richmond - Bay Ridge","203507","CLOVE RD/GRASMERE STATION","W","40.603797","-74.083453","EE352E"
"09/01/2024","12/01/2024","false","S53","Port Richmond - Bay Ridge","203509","CLOVE RD/NECKAR AV","W","40.60627","-74.086838","EE352E"
"09/01/2024","12/01/2024","false","S79+","Staten Island Mall - Bay Ridge","203700","HYLAN BLVD/QUINTARD ST","N","40.596234","-74.085655","006CB7"
"09/01/2024","12/01/2024","false","Q58","Ridgewood - Flushing","503532","GRAND AV/BORDEN AV","W","40.725716","-73.89579","6CBE45"
"09/01/2024","12/01/2024","false","Q65","Jamaica - Flushing - College Point","551723","164 ST/77 AV","N","40.724556","-73.804629","00AEEF"
"09/01/2024","12/01/2024","false","S53","Port Richmond - Bay Ridge","200664","HYLAN BLVD/SAND LN","E","40.598439","-74.072503","EE352E"
"09/01/2024","12/01/2024","false","Q65","Jamaica - Flushing - College Point","505020","COLLEGE POINT BLVD/18 AV","N","40.78335","-73.845757","00AEEF"
"09/01/2024","12/01/2024","false","S53","Port Richmond - Bay Ridge","200266","CASTLETON AV/BROADWAY","E","40.6345","-74.117325","EE352E"
"09/01/2024","12/01/2024","false","Q58","Ridgewood - Flushing","503517","CORONA AV/JUNCTION BLVD","W","40.742172","-73.867254","6CBE45"
"09/01/2024","12/01/2024","false","Q58","Ridgewood - Flushing","503258","GRAND AV/73 ST","E","40.729453","-73.889932","6CBE45"
"09/01/2024","12/01/2024","false","S79+","Staten Island Mall - Bay Ridge","201020","HYLAN BLVD/EBBITTS ST","N","40.566683","-74.113387","006CB7"
"09/01/2024","12/01/2024","false","Q58","Ridgewood - Flushing","503240","COLLEGE POINT BLVD/59 AV","W","40.744715","-73.836207","6CBE45"
"09/01/2024","12/01/2024","false","Q65","Jamaica - Flushing - College Point","982221","COLLEGE POINT BLVD/33 AV","N","40.765833","-73.837404","00AEEF"
"09/01/2024","12/01/2024","false","Q65","Jamaica - Flushing - College Point","551803","164 ST/73 AV","S","40.727671","-73.805329","00AEEF"
"09/01/2024","12/01/2024","false","Q65","Jamaica - Flushing - College Point","553300","COLLEGE POINT BLVD/NYPD ACADEMY ENTRANCE","S","40.771099","-73.843733","00AEEF"
"09/01/2024","12/01/2024","false","Q65","Jamaica - Flushing - College Point","551764","COLLEGE POINT BLVD/31 AV","N","40.769499","-73.841671","00AEEF"
"09/01/2024","12/01/2024","false","S79+","Staten Island Mall - Bay Ridge","306959","92 ST/FORT HAMILTON PKWY","S","40.616714","-74.027208","006CB7"
"09/01/2024","12/01/2024","false","S53","Port Richmond - Bay Ridge","200416","PORT RICHMOND AV/HARRISON AV","W","40.636595","-74.134223","EE352E"
"09/01/2024","12/01/2024","false","Q58","Ridgewood - Flushing","505251","FRESH POND RD/BLEECKER ST","E","40.71216","-73.900241","6CBE45"
"09/01/2024","12/01/2024","false","Q58","Ridgewood - Flushing","503540","FRESH POND RD/60 AV","W","40.716841","-73.901821","6CBE45"
"09/01/2024","12/01/2024","false","S53","Port Richmond - Bay Ridge","203095","HYLAN BLVD/WEST FINGERBOARD RD","W","40.598531","-74.072639","EE352E"
"09/01/2024","12/01/2024","false","Q58","Ridgewood - Flushing","503453","FAIRVIEW AV/FOREST AV","E","40.704364","-73.901923","6CBE45"
"09/01/2024","12/01/2024","false","Q58","Ridgewood - Flushing","503511","CORONA AV/51 AV","W","40.74363","-73.855877","6CBE45"
"09/01/2024","12/01/2024","false","Q65","Jamaica - Flushing - College Point","551772","COLLEGE POINT BLVD/23 AV","S","40.778497","-73.84622","00AEEF"
"09/01/2024","12/01/2024","false","S53","Port Richmond - Bay Ridge","203038","BROADWAY/COLONIAL CT","E","40.625522","-74.114636","EE352E"
"09/01/2024","12/01/2024","false","Q65","Jamaica - Flushing - College Point","551736","164 ST/65 AV","S","40.736648","-73.804927","00AEEF"
"09/01/2024","12/01/2024","false","Q58","Ridgewood - Flushing","505108","FRESH POND RD / 61ST ST","E","40.718253","-73.902122","6CBE45"
"09/01/2024","12/01/2024","false","Q58","Ridgewood - Flushing","503545","FRESH POND RD/PALMETTO ST","W","40.708253","-73.898006","6CBE45"
"09/01/2024","12/01/2024","false","Q65","Jamaica - Flushing - College Point","551789","15 AV/119 ST","S","40.784055","-73.848316","00AEEF"
"09/01/2024","12/01/2024","false","S53","Port Richmond - Bay Ridge","203554","CLOVE RD/NIAGARA ST","E","40.615625","-74.103042","EE352E"
"09/01/2024","12/01/2024","false","S53","Port Richmond - Bay Ridge","200710","CLOVE RD/HOWARD AV","W","40.612715","-74.099516","EE352E"
"09/01/2024","12/01/2024","false","Q58","Ridgewood - Flushing","503484","CORONA AV/ALSTYNE AV","E","40.743382","-73.865956","6CBE45"
"09/01/2024","12/01/2024","false","Q65","Jamaica - Flushing - College Point","551729","164 ST/JEWEL AV","N","40.732032","-73.804914","00AEEF"
"09/01/2024","12/01/2024","false","S53","Port Richmond - Bay Ridge","200203","McCLEAN AV/MILLS AV","W","40.597254","-74.069033","EE352E"
"09/01/2024","12/01/2024","false","S79+","Staten Island Mall - Bay Ridge","203078","RICHMOND AV/YUKON AV","N","40.576378","-74.169982","006CB7"
"09/01/2024","12/01/2024","false","Q58","Ridgewood - Flushing","503471","GRAND AV/71 ST","E","40.72776","-73.892151","6CBE45"
"09/01/2024","12/01/2024","false","S79+","Staten Island Mall - Bay Ridge","200377","RICHMOND AV/ELTINGVILLE BLVD","S","40.544188","-74.165039","006CB7"
"09/01/2024","12/01/2024","false","S79+","Staten Island Mall - Bay Ridge","200391","STATEN ISLAND MALL AT RING RD/MACYS","S","40.585067","-74.166625","006CB7"
"09/01/2024","12/01/2024","false","S53","Port Richmond - Bay Ridge","200646","CLOVE RD/BEMENT AV","E","40.620484","-74.10979","EE352E"
"09/01/2024","12/01/2024","false","Q58","Ridgewood - Flushing","503490","108 ST/MARTENSE AV","E","40.741925","-73.854336","6CBE45"
"09/01/2024","12/01/2024","false","S53","Port Richmond - Bay Ridge","905016","MILFORD DR/OCEAN TERR","W","40.609851","-74.103826","EE352E"
"09/01/2024","12/01/2024","false","Q65","Jamaica - Flushing - College Point","500932","SANFORD AV/BOWNE ST","N","40.758229","-73.823399","00AEEF"
"09/01/2024","12/01/2024","false","S53","Port Richmond - Bay Ridge","203501","CLOVE RD/BRITTON AV","E","40.606645","-74.087777","EE352E"
"09/01/2024","12/01/2024","false","Q65","Jamaica - Flushing - College Point","982079","14 AV/119 ST","N","40.785992","-73.848809","00AEEF"
"09/01/2024","12/01/2024","false","Q65","Jamaica - Flushing - College Point","551786","15 AV/112 ST","S","40.783809","-73.854737","00AEEF"
"09/01/2024","12/01/2024","false","Q58","Ridgewood - Flushing","503482","CORONA AV/94 ST","E","40.742305","-73.870047","6CBE45"
"09/01/2024","12/01/2024","false","S53","Port Richmond - Bay Ridge","200612","CLOVE RD/SCHOHARIE ST","E","40.614308","-74.101888","EE352E"
"09/01/2024","12/01/2024","false","S53","Port Richmond - Bay Ridge","203502","CLOVE RD/NECKAR AV","E","40.605776","-74.086303","EE352E"
"09/01/2024","12/01/2024","false","S53","Port Richmond - Bay Ridge","200313","CASTLETON AV/TAYLOR ST","W","40.634104","-74.123446","EE352E"
"09/01/2024","12/01/2024","false","Q58","Ridgewood - Flushing","503543","FRESH POND RD/MENAHAN ST","W","40.710953","-73.899793","6CBE45"
"09/01/2024","12/01/2024","false","Q58","Ridgewood - Flushing","503541","FRESH POND RD/ELIOT AV","W","40.714767","-73.901289","6CBE45"
"09/01/2024","12/01/2024","false","S79+","Staten Island Mall - Bay Ridge","203345","NARROWS RD NORTH/FINGERBOARD RD","S","40.604596","-74.069364","006CB7"
"09/01/2024","12/01/2024","false","Q58","Ridgewood - Flushing","503470","GRAND AV/69 PL","E","40.726466","-73.894339","6CBE45"
"09/01/2024","12/01/2024","false","S79+","Staten Island Mall - Bay Ridge","201028","HYLAN BLVD/MIDLAND AV","N","40.578249","-74.101942","006CB7"
"09/01/2024","12/01/2024","false","Q58","Ridgewood - Flushing","502992","GRAND AV/QUEENS BLVD","E","40.736494","-73.877838","6CBE45"
"09/01/2024","12/01/2024","false","Q65","Jamaica - Flushing - College Point","553127","PARSONS BLVD/JAMAICA AV","S","40.703425","-73.800343","00AEEF"
"09/01/2024","12/01/2024","false","S79+","Staten Island Mall - Bay Ridge","905065","LINDBERGH AV/CLAWSON ST","N","40.5681","-74.115438","006CB7"
"09/01/2024","12/01/2024","false","Q65","Jamaica - Flushing - College Point","551709","164 ST/HILLSIDE AV","N","40.709071","-73.799011","00AEEF"
"09/01/2024","12/01/2024","false","S53","Port Richmond - Bay Ridge","203046","BROADWAY/CASTLETON AV","W","40.63439","-74.117087","EE352E"
"09/01/2024","12/01/2024","false","Q58","Ridgewood - Flushing","503494","COLLEGE POINT BLVD/57 RD","E","40.74679","-73.834629","6CBE45"
"09/01/2024","12/01/2024","false","Q65","Jamaica - Flushing - College Point","552365","PARSONS BLVD/88 AV","S","40.706429","-73.802242","00AEEF"
"09/01/2024","12/01/2024","false","Q65","Jamaica - Flushing - College Point","551718","164 ST/GOETHALS AV","N","40.719728","-73.803936","00AEEF"
"09/01/2024","12/01/2024","false","Q58","Ridgewood - Flushing","503505","COLLEGE POINT BLVD/VAN WYCK EXPWY EXIT","W","40.746654","-73.834973","6CBE45"
"09/01/2024","12/01/2024","false","Q58","Ridgewood - Flushing","502982","HORACE HARDING EXPWY/WALDRON ST","W","40.738218","-73.850434","6CBE45"
"09/01/2024","12/01/2024","false","Q58","Ridgewood - Flushing","503457","FRESH POND RD/WOODBINE ST","E","40.708023","-73.897694","6CBE45"
"09/01/2024","12/01/2024","false","Q65","Jamaica - Flushing - College Point","551728","164 ST/71 AV","S","40.730327","-73.805355","00AEEF"
"09/01/2024","12/01/2024","false","S53","Port Richmond - Bay Ridge","200713","CLOVE RD/VICTORY BLVD","W","40.616595","-74.103516","EE352E"
"09/01/2024","12/01/2024","false","S53","Port Richmond - Bay Ridge","202603","CLOVE RD/CHESHIRE PL","E","40.618066","-74.105139","EE352E"
"09/01/2024","12/01/2024","false","Q58","Ridgewood - Flushing","503476","GRAND AV/HASPEL ST","E","40.735058","-73.881807","6CBE45"
"09/01/2024","12/01/2024","false","S79+","Staten Island Mall - Bay Ridge","201012","HYLAN BLVD/BUFFALO ST","N","40.556809","-74.127636","006CB7"
"09/01/2024","12/01/2024","false","Q65","Jamaica - Flushing - College Point","553236","PARSONS BLVD/88 AV","N","40.707284","-73.802415","00AEEF"
"09/01/2024","12/01/2024","false","S53","Port Richmond - Bay Ridge","200132","LILY POND AV/McCLEAN AV","E","40.599189","-74.063759","EE352E"
"09/01/2024","12/01/2024","false","Q58","Ridgewood - Flushing","503525","GRAND AV/CALAMUS AV","W","40.733361","-73.884007","6CBE45"
"09/01/2024","12/01/2024","false","S53","Port Richmond - Bay Ridge","301707","86 ST/5 AV","E","40.621637","-74.026347","EE352E"
"09/01/2024","12/01/2024","false","S79+","Staten Island Mall - Bay Ridge","201134","HYLAN BLVD/BAY TERR","S","40.55218","-74.133575","006CB7"
"09/01/2024","12/01/2024","false","Q65","Jamaica - Flushing - College Point","551799","PIDGEON MEADOW RD/LABURNUM AV","S","40.751408","-73.803818","00AEEF"
"09/01/2024","12/01/2024","false","Q58","Ridgewood - Flushing","505082","PUTNAM AV/WOODWARD AV","W","40.703316","-73.903669","6CBE45"
"09/01/2024","12/01/2024","false","Q65","Jamaica - Flushing - College Point","551744","45 AV/162 ST","N","40.756513","-73.804723","00AEEF"
"09/01/2024","12/01/2024","false","Q65","Jamaica - Flushing - College Point","551770","COLLEGE POINT BLVD/25 RD","S","40.775827","-73.846479","00AEEF"
"09/01/2024","12/01/2024","false","S53","Port Richmond - Bay Ridge","200131","McCLEAN AV/OCEAN AV","E","40.598525","-74.06481","EE352E"
"09/01/2024","12/01/2024","false","Q65","Jamaica - Flushing - College Point","982081","14 AV/111 ST","N","40.785723","-73.856248","00AEEF"
"09/01/2024","12/01/2024","false","Q58","Ridgewood - Flushing","503956","COLLEGE POINT BLVD/BOOTH MEMORIAL AV","E","40.748293","-73.832893","6CBE45"
"09/01/2024","12/01/2024","false","Q65","Jamaica - Flushing - College Point","551737","164 ST/HORACE HARDING EXPWY","N","40.73888","-73.804509","00AEEF"
"09/01/2024","12/01/2024","false","S79+","Staten Island Mall - Bay Ridge","805033","Verrazano Bridge/Lee Av (N.B.)","N","40.610786","-74.031356","006CB7"
"09/01/2024","12/01/2024","false","Q58","Ridgewood - Flushing","503531","GRAND AV/69 PL","W","40.72635","-73.894688","6CBE45"
"09/01/2024","12/01/2024","false","Q58","Ridgewood - Flushing","503501","41 RD/MAIN ST","W","40.757391","-73.82929","6CBE45"
"09/01/2024","12/01/2024","false","Q65","Jamaica - Flushing - College Point","505022","COLLEGE POINT BLVD/15 AV","S","40.784029","-73.845901","00AEEF"
"09/01/2024","12/01/2024","false","Q65","Jamaica - Flushing - College Point","551794","BOWNE ST/SANFORD AV","S","40.758047","-73.823229","00AEEF"
"09/01/2024","12/01/2024","false","Q58","Ridgewood - Flushing","503537","FRESH POND RD/FLUSHING AV","W","40.721244","-73.903057","6CBE45"
"09/01/2024","12/01/2024","false","Q65","Jamaica - Flushing - College Point","551769","COLLEGE POINT BLVD/25 RD","N","40.775874","-73.846165","00AEEF"
"09/01/2024","12/01/2024","false","Q58","Ridgewood - Flushing","503462","FRESH POND RD/60 RD","E","40.716346","-73.901546","6CBE45"
"09/01/2024","12/01/2024","false","Q58","Ridgewood - Flushing","503521","CORONA AV/88 ST","W","40.740585","-73.876296","6CBE45"
"09/01/2024","12/01/2024","false","Q58","Ridgewood - Flushing","503480","CORONA AV/90 ST","E","40.741382","-73.875087","6CBE45"
"09/01/2024","12/01/2024","false","Q58","Ridgewood - Flushing","503516","CORONA AV/46 AV","W","40.743481","-73.866029","6CBE45"
"09/01/2024","12/01/2024","false","S79+","Staten Island Mall - Bay Ridge","200479","HYLAN BLVD/WINCHESTER AV","N","40.5356","-74.152275","006CB7"
"09/01/2024","12/01/2024","false","Q65","Jamaica - Flushing - College Point","982080","14 AV/115 ST","N","40.785858","-73.852572","00AEEF"
"09/01/2024","12/01/2024","false","S53","Port Richmond - Bay Ridge","200200","LILY POND AV/MAJOR AV","W","40.600265","-74.064787","EE352E"
"09/01/2024","12/01/2024","false","Q58","Ridgewood - Flushing","503982","COLLEGE POINT BLVD/FOWLER AV","W","40.752011","-73.832316","6CBE45"
"09/01/2024","12/01/2024","false","Q58","Ridgewood - Flushing","304842","PUTNAM AV/WYCKOFF AV","W","40.698366","-73.908719","6CBE45"
"09/01/2024","12/01/2024","false","Q65","Jamaica - Flushing - College Point","551754","45 AV/PARSONS BLVD","N","40.755599","-73.815863","00AEEF"
"09/01/2024","12/01/2024","false","Q65","Jamaica - Flushing - College Point","551751","45 AV/156 ST","S","40.756781","-73.809933","00AEEF"
"09/01/2024","12/01/2024","false","S53","Port Richmond - Bay Ridge","203037","BROADWAY/WEST RALEIGH AV","E","40.626957","-74.115377","EE352E"
"09/01/2024","12/01/2024","false","S53","Port Richmond - Bay Ridge","200715","CLOVE RD/CLOVE LAKE PARK","E","40.619515","-74.107501","EE352E"
"09/01/2024","12/01/2024","false","Q65","Jamaica - Flushing - College Point","551795","BOWNE ST/BEECH AV","S","40.755886","-73.820807","00AEEF"
"09/01/2024","12/01/2024","false","S53","Port Richmond - Bay Ridge","203508","CLOVE RD/MOSEL AV","W","40.60502","-74.084668","EE352E"
"09/01/2024","12/01/2024","false","S53","Port Richmond - Bay Ridge","203510","CLOVE RD/BRITTON AV","W","40.607114","-74.088294","EE352E"
"09/01/2024","12/01/2024","false","Q58","Ridgewood - Flushing","503536","FLUSHING AV/64 ST","W","40.722442","-73.90188","6CBE45"
"09/01/2024","12/01/2024","false","Q65","Jamaica - Flushing - College Point","551808","164 ST/84 DR","S","40.713793","-73.802146","00AEEF"
"09/01/2024","12/01/2024","false","Q65","Jamaica - Flushing - College Point","982183","ARCHER AV/151 ST","N","40.701625","-73.80338","00AEEF"
"09/01/2024","12/01/2024","false","S79+","Staten Island Mall - Bay Ridge","203698","HYLAN BLVD/LIBERTY AV","N","40.586116","-74.092279","006CB7"
"09/01/2024","12/01/2024","false","S79+","Staten Island Mall - Bay Ridge","201124","HYLAN BLVD/LINDBERGH AV","S","40.566858","-74.113582","006CB7"
"09/01/2024","12/01/2024","false","Q65","Jamaica - Flushing - College Point","551763","COLLEGE POINT BLVD/WHITESTONE EXPWY","N","40.767115","-73.839153","00AEEF"
"09/01/2024","12/01/2024","false","S53","Port Richmond - Bay Ridge","200627","CLOVE RD/VAN CORTLANDT AV","W","40.614859","-74.102188","EE352E"
"09/01/2024","12/01/2024","false","S79+","Staten Island Mall - Bay Ridge","901225","4 AV/86 ST","N","40.622521","-74.028343","006CB7"
"09/01/2024","12/01/2024","false","Q58","Ridgewood - Flushing","503469","GRAND AV/QUEENS MIDTOWN EXPWY","E","40.725094","-73.896739","6CBE45"
"09/01/2024","12/01/2024","false","S53","Port Richmond - Bay Ridge","200661","HYLAN BLVD/LAMPORT BLVD","E","40.598406","-74.07912","EE352E"
"09/01/2024","12/01/2024","false","Q65","Jamaica - Flushing - College Point","500994","MAIN ST/NORTHERN BLVD","N","40.762739","-73.831742","00AEEF"
"09/01/2024","12/01/2024","false","Q65","Jamaica - Flushing - College Point","553295","JAMAICA AV/153 ST","S","40.702763","-73.802608","00AEEF"
"09/01/2024","12/01/2024","false","Q58","Ridgewood - Flushing","503487","CORONA AV/104 ST","E","40.743955","-73.858281","6CBE45"
"09/01/2024","12/01/2024","false","Q65","Jamaica - Flushing - College Point","551726","164 ST/72 AV","N","40.728689","-73.805052","00AEEF"
"09/01/2024","12/01/2024","false","S79+","Staten Island Mall - Bay Ridge","805165","ELTINGVILLE/TRANSIT CENTER","S","40.560734","-74.171061","006CB7"
"09/01/2024","12/01/2024","false","S79+","Staten Island Mall - Bay Ridge","203082","HYLAN BLVD/RENO AV","N","40.564591","-74.11549","006CB7"
"09/01/2024","12/01/2024","false","Q65","Jamaica - Flushing - College Point","552965","COLLEGE POINT BLVD/123 ST","S","40.772813","-73.845531","00AEEF"
"09/01/2024","12/01/2024","false","Q58","Ridgewood - Flushing","503475","GRAND AV/84 ST","E","40.733451","-73.883824","6CBE45"
"09/01/2024","12/01/2024","false","S53","Port Richmond - Bay Ridge","203032","CASTLETON AV/CLOVE RD","E","40.633841","-74.125398","EE352E"
"09/01/2024","12/01/2024","false","Q58","Ridgewood - Flushing","504503","71 ST/GRAND AV","E","40.727845","-73.892403","6CBE45"
"09/01/2024","12/01/2024","false","S79+","Staten Island Mall - Bay Ridge","200382","RICHMOND AV/GENESEE AV","S","40.552799","-74.167964","006CB7"
"09/01/2024","12/01/2024","false","Q65","Jamaica - Flushing - College Point","505019","COLLEGE POINT BLVD/20 AV","N","40.781829","-73.845853","00AEEF"
"09/01/2024","12/01/2024","false","S53","Port Richmond - Bay Ridge","308032","4 AV/90 ST","W","40.619537","-74.029807","EE352E"
"09/01/2024","12/01/2024","false","Q58","Ridgewood - Flushing","503451","MADISON ST/WOODWARD AV","E","40.70402","-73.904052","6CBE45"
"09/01/2024","12/01/2024","false","Q65","Jamaica - Flushing - College Point","551804","164 ST/75 RD","S","40.726307","-73.805203","00AEEF"
"09/01/2024","12/01/2024","false","S53","Port Richmond - Bay Ridge","200316","CASTLETON AV/HEBERTON AV","W","40.635011","-74.132408","EE352E"
"09/01/2024","12/01/2024","false","S53","Port Richmond - Bay Ridge","200311","CASTLETON AV/CAROLINE ST","W","40.634487","-74.119274","EE352E"
"09/01/2024","12/01/2024","false","Q65","Jamaica - Flushing - College Point","551724","164 ST/76 AV","N","40.72593","-73.804777","00AEEF"
"09/01/2024","12/01/2024","false","Q58","Ridgewood - Flushing","503452","MADISON ST/FAIRVIEW AV","E","40.704989","-73.903055","6CBE45"
"09/01/2024","12/01/2024","false","Q65","Jamaica - Flushing - College Point","551738","164 ST/HORACE HARDING EXPWY","S","40.73798","-73.804828","00AEEF"
"09/01/2024","12/01/2024","false","Q65","Jamaica - Flushing - College Point","551720","164 ST/UNION TPKE","N","40.721771","-73.804362","00AEEF"
"09/01/2024","12/01/2024","false","S53","Port Richmond - Bay Ridge","200714","CLOVE RD/BEVERLY AV","W","40.617898","-74.104703","EE352E"
"09/01/2024","12/01/2024","false","S53","Port Richmond - Bay Ridge","202740","RICHMOND TERR/PARK AV","E","40.640034","-74.130501","EE352E"
"09/01/2024","12/01/2024","false","Q58","Ridgewood - Flushing","503464","FRESH POND RD/59 AV","E","40.719707","-73.902537","6CBE45"
"09/01/2024","12/01/2024","false","Q65","Jamaica - Flushing - College Point","551051","MAIN ST/ROOSEVELT AV","N","40.759377","-73.829892","00AEEF"
"09/01/2024","12/01/2024","false","S79+","Staten Island Mall - Bay Ridge","200237","HYLAN BLVD/MIDLAND AV","S","40.577699","-74.102611","006CB7"
"09/01/2024","12/01/2024","false","Q58","Ridgewood - Flushing","503477","GRAND AV/VAN HORN ST","E","40.735806","-73.880197","6CBE45"
"09/01/2024","12/01/2024","false","Q58","Ridgewood - Flushing","503483","CORONA AV/JUNCTION BLVD","E","40.742062","-73.867676","6CBE45"
"09/01/2024","12/01/2024","false","S53","Port Richmond - Bay Ridge","200427","PORT RICHMOND AV/HARRISON AV","E","40.63646","-74.134663","EE352E"
"09/01/2024","12/01/2024","false","S79+","Staten Island Mall - Bay Ridge","201010","HYLAN BLVD/BAY TERR","N","40.552493","-74.132806","006CB7"
"09/01/2024","12/01/2024","false","S53","Port Richmond - Bay Ridge","200314","CASTLETON AV/CLOVE RD","W","40.633917","-74.125845","EE352E"
"09/01/2024","12/01/2024","false","Q65","Jamaica - Flushing - College Point","553301","COLLEGE POINT BLVD/NYPD ACADEMY ENTRANCE","N","40.771498","-73.843757","00AEEF"
"09/01/2024","12/01/2024","false","S53","Port Richmond - Bay Ridge","203045","BROADWAY/CARY AV","W","40.632566","-74.116756","EE352E"
"09/01/2024","12/01/2024","false","Q65","Jamaica - Flushing - College Point","551719","164 ST/GOETHALS AV","S","40.718954","-73.804017","00AEEF"
"09/01/2024","12/01/2024","false","Q58","Ridgewood - Flushing","503506","COLLEGE POINT BLVD/58 AV","W","40.746005","-73.835312","6CBE45"
"09/01/2024","12/01/2024","false","Q65","Jamaica - Flushing - College Point","551748","45 AV/158 ST","N","40.756805","-73.808446","00AEEF"
"09/01/2024","12/01/2024","false","Q58","Ridgewood - Flushing","502994","BROADWAY/CORONA AV","E","40.739332","-73.877793","6CBE45"
"09/01/2024","12/01/2024","false","Q65","Jamaica - Flushing - College Point","551730","164 ST/JEWEL AV","S","40.731862","-73.805282","00AEEF"
"09/01/2024","12/01/2024","false","Q65","Jamaica - Flushing - College Point","551787","15 AV/114 ST","S","40.783874","-73.852956","00AEEF"
"09/01/2024","12/01/2024","false","Q58","Ridgewood - Flushing","504020","COLLEGE POINT BLVD/AVERY AV","E","40.752274","-73.832366","6CBE45"
"09/01/2024","12/01/2024","false","S53","Port Richmond - Bay Ridge","203511","CLOVE RD/TARGEE ST","W","40.6077","-74.089219","EE352E"
"09/01/2024","12/01/2024","false","S79+","Staten Island Mall - Bay Ridge","203446","NEW DORP LN/MILL RD","N","40.56885","-74.106663","006CB7"
"09/01/2024","12/01/2024","false","Q58","Ridgewood - Flushing","503526","GRAND AV/82 ST","W","40.732141","-73.88473","6CBE45"
"09/01/2024","12/01/2024","false","Q58","Ridgewood - Flushing","503544","FRESH POND RD/LINDEN ST","W","40.709385","-73.898796","6CBE45"
"09/01/2024","12/01/2024","false","Q58","Ridgewood - Flushing","503458","FRESH POND RD/GATES AV","E","40.709326","-73.898583","6CBE45"
"09/01/2024","12/01/2024","false","S53","Port Richmond - Bay Ridge","203456","CLOVE RD/SAINT PETERS CEMETERY","E","40.622282","-74.112577","EE352E"
"09/01/2024","12/01/2024","false","S53","Port Richmond - Bay Ridge","203503","CLOVE RD/ELBE AV","E","40.605003","-74.084955","EE352E"
"09/01/2024","12/01/2024","false","Q58","Ridgewood - Flushing","503515","CORONA AV/NATIONAL ST","W","40.744821","-73.864781","6CBE45"
"09/01/2024","12/01/2024","false","Q65","Jamaica - Flushing - College Point","551742","164 ST/LITHONIA AV","N","40.749259","-73.802671","00AEEF"
"09/01/2024","12/01/2024","false","S79+","Staten Island Mall - Bay Ridge","200470","RICHMOND AV/ELTINGVILLE BLVD","N","40.544066","-74.1652","006CB7"
"09/01/2024","12/01/2024","false","S79+","Staten Island Mall - Bay Ridge","201132","HYLAN BLVD/BUFFALO ST","S","40.556396","-74.12847","006CB7"
"09/01/2024","12/01/2024","false","S53","Port Richmond - Bay Ridge","200626","CLOVE RD/FOOTE AV","W","40.613422","-74.100349","EE352E"
"09/01/2024","12/01/2024","false","Q65","Jamaica - Flushing - College Point","551768","COLLEGE POINT BLVD/26 AV","S","40.774573","-73.846864","00AEEF"
"09/01/2024","12/01/2024","false","Q58","Ridgewood - Flushing","503538","FRESH POND RD/59 AV","W","40.719077","-73.902497","6CBE45"
"09/01/2024","12/01/2024","false","Q58","Ridgewood - Flushing","503864","108 ST/VAN CLEEF ST","W","40.74094","-73.853603","6CBE45"
"09/01/2024","12/01/2024","false","S53","Port Richmond - Bay Ridge","203036","BROADWAY/FOREST AV","E","40.629042","-74.116271","EE352E"
"09/01/2024","12/01/2024","false","Q65","Jamaica - Flushing - College Point","551767","COLLEGE POINT BLVD/26 AV","N","40.774645","-73.846502","00AEEF"
"09/01/2024","12/01/2024","false","S53","Port Richmond - Bay Ridge","200698","HYLAN BLVD/STEUBEN ST","W","40.598576","-74.078051","EE352E"
"09/01/2024","12/01/2024","false","S79+","Staten Island Mall - Bay Ridge","307203","92 ST/GATLING PL","N","40.616926","-74.027344","006CB7"
"09/01/2024","12/01/2024","false","S53","Port Richmond - Bay Ridge","203464","McCLEAN AV/RAILROAD AV","W","40.598178","-74.06625","EE352E"
"09/01/2024","12/01/2024","false","Q58","Ridgewood - Flushing","503497","COLLEGE POINT BLVD/MAPLE AV","E","40.754027","-73.832887","6CBE45"
"09/01/2024","12/01/2024","false","S53","Port Richmond - Bay Ridge","200259","CASTLETON AV/HEBERTON AV","E","40.634994","-74.132822","EE352E"
"09/01/2024","12/01/2024","false","S53","Port Richmond - Bay Ridge","204019","CASTLETON AV/ALASKA ST","E","40.634264","-74.119979","EE352E"
"09/01/2024","12/01/2024","false","Q58","Ridgewood - Flushing","503530","GRAND AV/72 ST","W","40.728025","-73.891827","6CBE45"
"09/01/2024","12/01/2024","false","S79+","Staten Island Mall - Bay Ridge","201121","HYLAN BLVD/NEW DORP LN","S","40.57029","-74.110121","006CB7"
"09/01/2024","12/01/2024","false","Q58","Ridgewood - Flushing","503473","GRAND AV/79 ST","E","40.731137","-73.885277","6CBE45"
"09/01/2024","12/01/2024","false","Q58","Ridgewood - Flushing","503492","108 ST/HORACE HARDING EXPWY","E","40.737814","-73.852341","6CBE45"
"09/01/2024","12/01/2024","false","Q65","Jamaica - Flushing - College Point","551735","164 ST/65 AV","N","40.73694","-73.804535","00AEEF"
"09/01/2024","12/01/2024","false","S53","Port Richmond - Bay Ridge","203499","CLOVE RD/RHINE AV","E","40.608183","-74.09048","EE352E"
"09/01/2024","12/01/2024","false","Q58","Ridgewood - Flushing","503519","CORONA AV/91 PL","W","40.742375","-73.873904","6CBE45"
"09/01/2024","12/01/2024","false","Q65","Jamaica - Flushing - College Point","551805","164 ST/76 RD","S","40.724429","-73.805018","00AEEF"
"09/01/2024","12/01/2024","false","Q65","Jamaica - Flushing - College Point","502254","MAIN ST/NORTHERN BLVD","S","40.762644","-73.831887","00AEEF"
"09/01/2024","12/01/2024","false","Q65","Jamaica - Flushing - College Point","551762","NORTHERN BLVD/COLLINS PL","N","40.763043","-73.835097","00AEEF"
"09/01/2024","12/01/2024","false","S53","Port Richmond - Bay Ridge","203457","CLOVE RD/SAINT PETERS CEMETERY","W","40.622376","-74.11239","EE352E"
"09/01/2024","12/01/2024","false","Q58","Ridgewood - Flushing","304841","PUTNAM AV/MYRTLE AV","W","40.699716","-73.907354","6CBE45"
"09/01/2024","12/01/2024","false","Q58","Ridgewood - Flushing","504238","SENECA AV/CORNELIA ST","W","40.701057","-73.90486","6CBE45"
"09/01/2024","12/01/2024","false","S53","Port Richmond - Bay Ridge","200697","HYLAN BLVD/BIONIA AV","W","40.598046","-74.075832","EE352E"
"09/01/2024","12/01/2024","false","Q65","Jamaica - Flushing - College Point","551749","45 AV/158 ST","S","40.756643","-73.808044","00AEEF"
"09/01/2024","12/01/2024","false","S53","Port Richmond - Bay Ridge","203052","CLOVE RD/TIOGA ST","E","40.612259","-74.09927","EE352E"
"09/01/2024","12/01/2024","false","Q58","Ridgewood - Flushing","504475","MADISON ST/SENECA AV","E","40.70215","-73.905912","6CBE45"
"09/01/2024","12/01/2024","false","Q58","Ridgewood - Flushing","503455","67 AV/FRESH POND RD","E","40.705683","-73.896695","6CBE45"
"09/01/2024","12/01/2024","false","Q58","Ridgewood - Flushing","503468","GRAND AV/66 ST","E","40.724268","-73.898362","6CBE45"
"09/01/2024","12/01/2024","false","Q65","Jamaica - Flushing - College Point","551798","46 AV/162 ST","S","40.753385","-73.804487","00AEEF"
"09/01/2024","12/01/2024","false","Q58","Ridgewood - Flushing","503863","108 ST/WALDRON ST","W","40.739531","-73.853114","6CBE45"
"09/01/2024","12/01/2024","false","S53","Port Richmond - Bay Ridge","203480","BROADWAY/COLONIAL CT","W","40.626178","-74.114843","EE352E"
"09/01/2024","12/01/2024","false","Q58","Ridgewood - Flushing","503535","GRAND AV/REMSEN PL","W","40.723649","-73.8998","6CBE45"
"09/01/2024","12/01/2024","false","S53","Port Richmond - Bay Ridge","801069","4 AV/86 ST","E","40.622647","-74.028537","EE352E"
"09/01/2024","12/01/2024","false","Q58","Ridgewood - Flushing","503486","CORONA AV/102 ST","E","40.744224","-73.861633","6CBE45"
"09/01/2024","12/01/2024","false","Q65","Jamaica - Flushing - College Point","551725","164 ST/75 AV","N","40.727273","-73.804918","00AEEF"
"09/01/2024","12/01/2024","false","Q58","Ridgewood - Flushing","505083","PUTNAM AV/ONDERDONK AV","W","40.702171","-73.904813","6CBE45"
"09/01/2024","12/01/2024","false","S79+","Staten Island Mall - Bay Ridge","201052","HYLAN BLVD/NARROWS RD SOUTH","N","40.605294","-74.076561","006CB7"
"09/01/2024","12/01/2024","false","S53","Port Richmond - Bay Ridge","200662","HYLAN BLVD/KRAMER ST","E","40.598016","-74.076208","EE352E"
"09/01/2024","12/01/2024","false","S53","Port Richmond - Bay Ridge","200660","HYLAN BLVD/NORWAY AV","E","40.598498","-74.08127","EE352E"
"09/01/2024","12/01/2024","false","Q65","Jamaica - Flushing - College Point","501365","KISSENA BLVD/SANFORD AV","N","40.757362","-73.827269","00AEEF"
"09/01/2024","12/01/2024","false","Q58","Ridgewood - Flushing","503450","MADISON ST/ONDERDONK AV","E","40.703052","-73.904991","6CBE45"
"09/01/2024","12/01/2024","false","S53","Port Richmond - Bay Ridge","905105","PORT RICHMOND AV/RICHMOND TERR","W","40.639876","-74.131826","EE352E"
"09/01/2024","12/01/2024","false","Q58","Ridgewood - Flushing","503017","BROADWAY/CORONA AV","W","40.739049","-73.877764","6CBE45"
"09/01/2024","12/01/2024","false","S79+","Staten Island Mall - Bay Ridge","203694","NARROWS RD NORTH/SAINT JOHNS AV","S","40.606709","-74.075617","006CB7"
"09/01/2024","12/01/2024","false","Q65","Jamaica - Flushing - College Point","553117","SANFORD AV/KISSENA BLVD","S","40.75715","-73.826771","00AEEF"
"09/01/2024","12/01/2024","false","S79+","Staten Island Mall - Bay Ridge","901226","4 AV/86 ST","S","40.622658","-74.028343","006CB7"
"09/01/2024","12/01/2024","false","Q65","Jamaica - Flushing - College Point","551802","164 ST/59 AV","S","40.740267","-73.804691","00AEEF"
"09/01/2024","12/01/2024","false","Q58","Ridgewood - Flushing","503522","GRAND AV/QUEENS BLVD","W","40.736357","-73.878318","6CBE45"
