RouteId;Adress Id;Time profile;Oms
B35-E-Day;301132;2024-10-15-Day;0.3625
B35-E-Day;301133;2024-10-15-Day;0.0
B35-E-Day;302678;2024-10-15-Day;8.7
B35-E-Day;302679;2024-10-15-Day;0.0
B35-E-Day;302680;2024-10-15-Day;33.90769230769231
B35-E-Day;302681;2024-10-15-Day;27.34285714285714
B35-E-Day;302682;2024-10-15-Day;4.833333333333333
B35-E-Day;302683;2024-10-15-Day;5.22
B35-E-Day;302684;2024-10-15-Day;11.841666666666665
B35-E-Day;302686;2024-10-15-Day;6.09
B35-E-Day;302687;2024-10-15-Day;6.915384615384615
B35-E-Day;302688;2024-10-15-Day;4.511111111111111
B35-E-Day;302692;2024-10-15-Day;25.4
B35-E-Day;302693;2024-10-15-Day;5.8
B35-E-Day;302695;2024-10-15-Day;12.734782608695651
B35-E-Day;302696;2024-10-15-Day;22.34074074074074
B35-E-Day;302697;2024-10-15-Day;4.833333333333333
B35-E-Day;302698;2024-10-15-Day;5.8
B35-E-Day;302699;2024-10-15-Day;34.346875
B35-E-Day;302700;2024-10-15-Day;8.3375
B35-E-Day;302701;2024-10-15-Day;48.24545454545454
B35-E-Day;302702;2024-10-15-Day;18.594117647058823
B35-E-Day;302707;2024-10-15-Day;2.7066666666666666
B35-E-Day;302708;2024-10-15-Day;3.2411764705882353
B35-E-Day;302710;2024-10-15-Day;9.1
B35-E-Day;302711;2024-10-15-Day;1.45
B35-E-Day;302714;2024-10-15-Day;8.7
B35-E-Day;302715;2024-10-15-Day;21.542857142857144
B35-E-Day;302716;2024-10-15-Day;5.189473684210526
B35-E-Day;302718;2024-10-15-Day;0.8055555555555556
B35-E-Day;302719;2024-10-15-Day;6.283333333333332
B35-E-Day;302722;2024-10-15-Day;2.3562499999999997
B35-E-Day;302723;2024-10-15-Day;1.3533333333333333
B35-E-Day;302724;2024-10-15-Day;2.4999999999999996
B35-E-Day;306524;2024-10-15-Day;8.253846153846155
B35-E-Day;306532;2024-10-15-Day;7.008333333333333
B35-E-Day;306636;2024-10-15-Day;14.693333333333332
B35-E-Day;306711;2024-10-15-Day;1.8125
B35-E-Day;306838;2024-10-15-Day;5.048148148148148
B35-E-Day;307115;2024-10-15-Day;0.9666666666666666
B35-E-Day;307581;2024-10-15-Day;5.8
B35-E-Day;307791;2024-10-15-Day;15.203030303030301
B35-E-Day;307792;2024-10-15-Day;37.444117647058825
B35-E-Day;308194;2024-10-15-Day;8.7
B35-E-Day;308230;2024-10-15-Day;1.99375
B35-E-Day;901518;2024-10-15-Day;0.58
B35-E-Day;901728;2024-10-15-Day;5.893548387096774
B35-E-Evening;301132;2024-10-15-Evening;0.38666666666666666
B35-E-Evening;301133;2024-10-15-Evening;0.0
B35-E-Evening;302678;2024-10-15-Evening;2.9
B35-E-Evening;302679;2024-10-15-Evening;20.3
B35-E-Evening;302680;2024-10-15-Evening;27.55
B35-E-Evening;302681;2024-10-15-Evening;19.139999999999997
B35-E-Evening;302682;2024-10-15-Evening;0.0
B35-E-Evening;302683;2024-10-15-Evening;3.8666666666666663
B35-E-Evening;302684;2024-10-15-Evening;3.8666666666666663
B35-E-Evening;302686;2024-10-15-Evening;4.833333333333333
B35-E-Evening;302687;2024-10-15-Evening;4.35
B35-E-Evening;302688;2024-10-15-Evening;1.9333333333333331
B35-E-Evening;302692;2024-10-15-Evening;18.66875
B35-E-Evening;302693;2024-10-15-Evening;6.766666666666667
B35-E-Evening;302695;2024-10-15-Evening;4.745454545454546
B35-E-Evening;302696;2024-10-15-Evening;6.766666666666667
B35-E-Evening;302697;2024-10-15-Evening;1.16
B35-E-Evening;302698;2024-10-15-Evening;2.9
B35-E-Evening;302699;2024-10-15-Evening;19.105882352941176
B35-E-Evening;302700;2024-10-15-Evening;5.8
B35-E-Evening;302701;2024-10-15-Evening;27.635294117647057
B35-E-Evening;302702;2024-10-15-Evening;8.358823529411765
B35-E-Evening;302707;2024-10-15-Evening;2.175
B35-E-Evening;302708;2024-10-15-Evening;2.109090909090909
B35-E-Evening;302710;2024-10-15-Evening;4.731578947368421
B35-E-Evening;302711;2024-10-15-Evening;1.45
B35-E-Evening;302714;2024-10-15-Evening;1.16
B35-E-Evening;302715;2024-10-15-Evening;16.385
B35-E-Evening;302716;2024-10-15-Evening;1.6111111111111112
B35-E-Evening;302718;2024-10-15-Evening;0.0
B35-E-Evening;302719;2024-10-15-Evening;2.513333333333333
B35-E-Evening;302722;2024-10-15-Evening;0.7909090909090908
B35-E-Evening;302723;2024-10-15-Evening;0.29
B35-E-Evening;302724;2024-10-15-Evening;1.1277777777777778
B35-E-Evening;306524;2024-10-15-Evening;4.64
B35-E-Evening;306532;2024-10-15-Evening;5.8
B35-E-Evening;306636;2024-10-15-Evening;4.35
B35-E-Evening;306711;2024-10-15-Evening;11.6
B35-E-Evening;306838;2024-10-15-Evening;3.2222222222222223
B35-E-Evening;307115;2024-10-15-Evening;0.725
B35-E-Evening;307581;2024-10-15-Evening;5.8
B35-E-Evening;307791;2024-10-15-Evening;7.975
B35-E-Evening;307792;2024-10-15-Evening;46.72222222222222
B35-E-Evening;308194;2024-10-15-Evening;14.5
B35-E-Evening;308230;2024-10-15-Evening;0.3222222222222222
B35-E-Evening;901518;2024-10-15-Evening;1.0357142857142858
B35-E-Evening;901728;2024-10-15-Evening;5.385714285714286
B35-E-Morning;301132;2024-10-15-Morning;0.6823529411764706
B35-E-Morning;301133;2024-10-15-Morning;0.0
B35-E-Morning;302679;2024-10-15-Morning;11.6
B35-E-Morning;302680;2024-10-15-Morning;11.807142857142855
B35-E-Morning;302681;2024-10-15-Morning;12.938461538461539
B35-E-Morning;302682;2024-10-15-Morning;2.9
B35-E-Morning;302683;2024-10-15-Morning;9.592307692307692
B35-E-Morning;302684;2024-10-15-Morning;9.908333333333333
B35-E-Morning;302686;2024-10-15-Morning;8.7
B35-E-Morning;302687;2024-10-15-Morning;8.078571428571427
B35-E-Morning;302688;2024-10-15-Morning;8.377777777777778
B35-E-Morning;302692;2024-10-15-Morning;20.735
B35-E-Morning;302693;2024-10-15-Morning;11.6
B35-E-Morning;302695;2024-10-15-Morning;11.43888888888889
B35-E-Morning;302696;2024-10-15-Morning;14.776190476190475
B35-E-Morning;302697;2024-10-15-Morning;7.7333333333333325
B35-E-Morning;302698;2024-10-15-Morning;2.9
B35-E-Morning;302699;2024-10-15-Morning;19.865
B35-E-Morning;302700;2024-10-15-Morning;6.766666666666667
B35-E-Morning;302701;2024-10-15-Morning;26.89090909090909
B35-E-Morning;302702;2024-10-15-Morning;10.219047619047618
B35-E-Morning;302707;2024-10-15-Morning;6.38
B35-E-Morning;302708;2024-10-15-Morning;4.833333333333333
B35-E-Morning;302710;2024-10-15-Morning;12.014285714285714
B35-E-Morning;302711;2024-10-15-Morning;3.3833333333333333
B35-E-Morning;302714;2024-10-15-Morning;2.0714285714285716
B35-E-Morning;302715;2024-10-15-Morning;16.53
B35-E-Morning;302716;2024-10-15-Morning;4.06
B35-E-Morning;302718;2024-10-15-Morning;0.4833333333333333
B35-E-Morning;302719;2024-10-15-Morning;4.35
B35-E-Morning;302722;2024-10-15-Morning;2.175
B35-E-Morning;302723;2024-10-15-Morning;0.0
B35-E-Morning;302724;2024-10-15-Morning;1.068421052631579
B35-E-Morning;306524;2024-10-15-Morning;6.692307692307692
B35-E-Morning;306532;2024-10-15-Morning;7.361538461538461
B35-E-Morning;306636;2024-10-15-Morning;16.626666666666665
B35-E-Morning;306711;2024-10-15-Morning;5.8
B35-E-Morning;306838;2024-10-15-Morning;4.273684210526316
B35-E-Morning;307115;2024-10-15-Morning;1.16
B35-E-Morning;307581;2024-10-15-Morning;1.45
B35-E-Morning;307791;2024-10-15-Morning;14.638095238095238
B35-E-Morning;307792;2024-10-15-Morning;29.41428571428571
B35-E-Morning;308194;2024-10-15-Morning;4.511111111111111
B35-E-Morning;308230;2024-10-15-Morning;1.8125
B35-E-Morning;901518;2024-10-15-Morning;0.4833333333333333
B35-E-Morning;901728;2024-10-15-Morning;5.9526315789473685
B35-E-Night;301132;2024-10-15-Night;1.45
B35-E-Night;302680;2024-10-15-Night;6.766666666666667
B35-E-Night;302681;2024-10-15-Night;5.8
B35-E-Night;302683;2024-10-15-Night;0.0
B35-E-Night;302686;2024-10-15-Night;4.35
B35-E-Night;302687;2024-10-15-Night;3.625
B35-E-Night;302692;2024-10-15-Night;5.8
B35-E-Night;302693;2024-10-15-Night;4.35
B35-E-Night;302695;2024-10-15-Night;5.8
B35-E-Night;302696;2024-10-15-Night;2.9
B35-E-Night;302697;2024-10-15-Night;1.16
B35-E-Night;302698;2024-10-15-Night;0.0
B35-E-Night;302699;2024-10-15-Night;9.28
B35-E-Night;302701;2024-10-15-Night;8.7
B35-E-Night;302702;2024-10-15-Night;3.8666666666666663
B35-E-Night;302707;2024-10-15-Night;2.9
B35-E-Night;302708;2024-10-15-Night;2.32
B35-E-Night;302710;2024-10-15-Night;1.45
B35-E-Night;302711;2024-10-15-Night;0.0
B35-E-Night;302714;2024-10-15-Night;2.9
B35-E-Night;302715;2024-10-15-Night;4.06
B35-E-Night;302716;2024-10-15-Night;1.45
B35-E-Night;302718;2024-10-15-Night;2.9
B35-E-Night;302719;2024-10-15-Night;0.0
B35-E-Night;302722;2024-10-15-Night;2.175
B35-E-Night;302723;2024-10-15-Night;0.0
B35-E-Night;302724;2024-10-15-Night;0.0
B35-E-Night;306524;2024-10-15-Night;2.9
B35-E-Night;306532;2024-10-15-Night;1.45
B35-E-Night;306636;2024-10-15-Night;2.9
B35-E-Night;306711;2024-10-15-Night;2.9
B35-E-Night;306838;2024-10-15-Night;1.45
B35-E-Night;307115;2024-10-15-Night;0.0
B35-E-Night;307791;2024-10-15-Night;5.8
B35-E-Night;307792;2024-10-15-Night;12.014285714285714
B35-E-Night;308194;2024-10-15-Night;0.0
B35-E-Night;308230;2024-10-15-Night;0.0
B35-E-Night;901518;2024-10-15-Night;0.0
B35-E-Night;901728;2024-10-15-Night;14.5
B35-E-RushHour;301132;2024-10-15-RushHour;0.9157894736842105
B35-E-RushHour;301133;2024-10-15-RushHour;0.0
B35-E-RushHour;302680;2024-10-15-RushHour;42.775
B35-E-RushHour;302681;2024-10-15-RushHour;31.175
B35-E-RushHour;302682;2024-10-15-RushHour;3.5444444444444447
B35-E-RushHour;302683;2024-10-15-RushHour;4.557142857142857
B35-E-RushHour;302684;2024-10-15-RushHour;11.6
B35-E-RushHour;302686;2024-10-15-RushHour;6.38
B35-E-RushHour;302687;2024-10-15-RushHour;10.875
B35-E-RushHour;302688;2024-10-15-RushHour;7.54
B35-E-RushHour;302692;2024-10-15-RushHour;24.573684210526313
B35-E-RushHour;302693;2024-10-15-RushHour;3.8666666666666663
B35-E-RushHour;302695;2024-10-15-RushHour;8.285714285714286
B35-E-RushHour;302696;2024-10-15-RushHour;10.531578947368422
B35-E-RushHour;302697;2024-10-15-RushHour;1.74
B35-E-RushHour;302698;2024-10-15-RushHour;1.9333333333333331
B35-E-RushHour;302699;2024-10-15-RushHour;25.81
B35-E-RushHour;302700;2024-10-15-RushHour;21.266666666666666
B35-E-RushHour;302701;2024-10-15-RushHour;51.62
B35-E-RushHour;302702;2024-10-15-RushHour;17.4
B35-E-RushHour;302707;2024-10-15-RushHour;5.8
B35-E-RushHour;302708;2024-10-15-RushHour;4.142857142857143
B35-E-RushHour;302710;2024-10-15-RushHour;8.15625
B35-E-RushHour;302711;2024-10-15-RushHour;4.557142857142857
B35-E-RushHour;302714;2024-10-15-RushHour;7.457142857142857
B35-E-RushHour;302715;2024-10-15-RushHour;27.38888888888889
B35-E-RushHour;302716;2024-10-15-RushHour;1.8125
B35-E-RushHour;302718;2024-10-15-RushHour;1.6111111111111112
B35-E-RushHour;302719;2024-10-15-RushHour;6.311764705882352
B35-E-RushHour;302722;2024-10-15-RushHour;2.9
B35-E-RushHour;302723;2024-10-15-RushHour;1.9333333333333331
B35-E-RushHour;302724;2024-10-15-RushHour;2.136842105263158
B35-E-RushHour;306524;2024-10-15-RushHour;12.244444444444444
B35-E-RushHour;306532;2024-10-15-RushHour;14.5
B35-E-RushHour;306636;2024-10-15-RushHour;16.157142857142855
B35-E-RushHour;306711;2024-10-15-RushHour;2.9
B35-E-RushHour;306838;2024-10-15-RushHour;5.477777777777778
B35-E-RushHour;307115;2024-10-15-RushHour;1.6111111111111112
B35-E-RushHour;307581;2024-10-15-RushHour;3.8666666666666663
B35-E-RushHour;307791;2024-10-15-RushHour;12.210526315789473
B35-E-RushHour;307792;2024-10-15-RushHour;61.205263157894734
B35-E-RushHour;308194;2024-10-15-RushHour;21.91111111111111
B35-E-RushHour;308230;2024-10-15-RushHour;2.7066666666666666
B35-E-RushHour;901518;2024-10-15-RushHour;0.3625
B35-E-RushHour;901728;2024-10-15-RushHour;7.894444444444445
B35-W-Day;301052;2024-10-15-Day;17.176923076923078
B35-W-Day;301053;2024-10-15-Day;14.983333333333334
B35-W-Day;301054;2024-10-15-Day;15.95
B35-W-Day;301056;2024-10-15-Day;9.754545454545454
B35-W-Day;302736;2024-10-15-Day;20.076923076923077
B35-W-Day;302737;2024-10-15-Day;7.83
B35-W-Day;302740;2024-10-15-Day;21.145833333333332
B35-W-Day;302741;2024-10-15-Day;4.64
B35-W-Day;302742;2024-10-15-Day;17.9
B35-W-Day;302743;2024-10-15-Day;1.45
B35-W-Day;302745;2024-10-15-Day;3.1230769230769226
B35-W-Day;302747;2024-10-15-Day;4.93
B35-W-Day;302748;2024-10-15-Day;10.15
B35-W-Day;302749;2024-10-15-Day;4.218181818181818
B35-W-Day;302750;2024-10-15-Day;16.96060606060606
B35-W-Day;302753;2024-10-15-Day;6.141176470588235
B35-W-Day;302758;2024-10-15-Day;6.927777777777777
B35-W-Day;302759;2024-10-15-Day;18.31142857142857
B35-W-Day;302760;2024-10-15-Day;2.9
B35-W-Day;302761;2024-10-15-Day;15.95
B35-W-Day;302763;2024-10-15-Day;3.625
B35-W-Day;302764;2024-10-15-Day;0.0
B35-W-Day;302765;2024-10-15-Day;8.948571428571428
B35-W-Day;302766;2024-10-15-Day;6.38
B35-W-Day;302767;2024-10-15-Day;0.4833333333333333
B35-W-Day;302768;2024-10-15-Day;0.4833333333333333
B35-W-Day;302771;2024-10-15-Day;1.3181818181818181
B35-W-Day;302772;2024-10-15-Day;4.188888888888889
B35-W-Day;302773;2024-10-15-Day;9.114285714285714
B35-W-Day;302774;2024-10-15-Day;3.1071428571428568
B35-W-Day;302775;2024-10-15-Day;5.413333333333333
B35-W-Day;302776;2024-10-15-Day;1.26875
B35-W-Day;302777;2024-10-15-Day;5.4947368421052625
B35-W-Day;302778;2024-10-15-Day;1.3533333333333333
B35-W-Day;302779;2024-10-15-Day;1.2083333333333333
B35-W-Day;302780;2024-10-15-Day;0.4833333333333333
B35-W-Day;302781;2024-10-15-Day;3.7055555555555553
B35-W-Day;302782;2024-10-15-Day;0.4461538461538462
B35-W-Day;302783;2024-10-15-Day;0.87
B35-W-Day;306454;2024-10-15-Day;12.76
B35-W-Day;306874;2024-10-15-Day;0.725
B35-W-Day;307177;2024-10-15-Day;2.9
B35-W-Day;307790;2024-10-15-Day;9.638235294117647
B35-W-Day;307793;2024-10-15-Day;22.79722222222222
B35-W-Day;307795;2024-10-15-Day;7.06875
B35-W-Day;307947;2024-10-15-Day;15.38611111111111
B35-W-Day;308083;2024-10-15-Day;6.823529411764706
B35-W-Day;308483;2024-10-15-Day;46.94375
B35-W-Evening;301052;2024-10-15-Evening;7.6125
B35-W-Evening;301053;2024-10-15-Evening;2.9
B35-W-Evening;301054;2024-10-15-Evening;12.325
B35-W-Evening;301056;2024-10-15-Evening;2.32
B35-W-Evening;302736;2024-10-15-Evening;16.433333333333334
B35-W-Evening;302737;2024-10-15-Evening;1.45
B35-W-Evening;302740;2024-10-15-Evening;9.022222222222222
B35-W-Evening;302741;2024-10-15-Evening;7.54
B35-W-Evening;302742;2024-10-15-Evening;4.35
B35-W-Evening;302743;2024-10-15-Evening;1.16
B35-W-Evening;302745;2024-10-15-Evening;0.725
B35-W-Evening;302747;2024-10-15-Evening;4.35
B35-W-Evening;302749;2024-10-15-Evening;0.9666666666666666
B35-W-Evening;302750;2024-10-15-Evening;8.436363636363636
B35-W-Evening;302753;2024-10-15-Evening;1.74
B35-W-Evening;302758;2024-10-15-Evening;2.0076923076923077
B35-W-Evening;302759;2024-10-15-Evening;7.173684210526316
B35-W-Evening;302760;2024-10-15-Evening;0.29
B35-W-Evening;302761;2024-10-15-Evening;8.377777777777778
B35-W-Evening;302763;2024-10-15-Evening;0.0
B35-W-Evening;302764;2024-10-15-Evening;1.2428571428571427
B35-W-Evening;302765;2024-10-15-Evening;1.1153846153846154
B35-W-Evening;302766;2024-10-15-Evening;2.03
B35-W-Evening;302768;2024-10-15-Evening;0.0
B35-W-Evening;302771;2024-10-15-Evening;2.9
B35-W-Evening;302772;2024-10-15-Evening;6.5249999999999995
B35-W-Evening;302773;2024-10-15-Evening;6.2142857142857135
B35-W-Evening;302774;2024-10-15-Evening;0.725
B35-W-Evening;302775;2024-10-15-Evening;2.4166666666666665
B35-W-Evening;302776;2024-10-15-Evening;0.0
B35-W-Evening;302777;2024-10-15-Evening;2.9
B35-W-Evening;302778;2024-10-15-Evening;0.725
B35-W-Evening;302779;2024-10-15-Evening;0.0
B35-W-Evening;302780;2024-10-15-Evening;0.725
B35-W-Evening;302781;2024-10-15-Evening;2.175
B35-W-Evening;302782;2024-10-15-Evening;0.0
B35-W-Evening;302783;2024-10-15-Evening;0.58
B35-W-Evening;306454;2024-10-15-Evening;1.45
B35-W-Evening;306874;2024-10-15-Evening;1.74
B35-W-Evening;307177;2024-10-15-Evening;1.45
B35-W-Evening;307790;2024-10-15-Evening;3.0933333333333333
B35-W-Evening;307793;2024-10-15-Evening;12.083333333333334
B35-W-Evening;307795;2024-10-15-Evening;2.9
B35-W-Evening;307947;2024-10-15-Evening;7.25
B35-W-Evening;308083;2024-10-15-Evening;1.8125
B35-W-Evening;308483;2024-10-15-Evening;25.064285714285713
B35-W-Morning;301052;2024-10-15-Morning;28.677777777777777
B35-W-Morning;301053;2024-10-15-Morning;5.8
B35-W-Morning;301054;2024-10-15-Morning;20.147368421052633
B35-W-Morning;301056;2024-10-15-Morning;12.76
B35-W-Morning;302736;2024-10-15-Morning;25.685714285714287
B35-W-Morning;302737;2024-10-15-Morning;5.22
B35-W-Morning;302740;2024-10-15-Morning;31.623809523809523
B35-W-Morning;302741;2024-10-15-Morning;5.4375
B35-W-Morning;302742;2024-10-15-Morning;20.023809523809526
B35-W-Morning;302743;2024-10-15-Morning;10.875
B35-W-Morning;302745;2024-10-15-Morning;5.8
B35-W-Morning;302747;2024-10-15-Morning;10.31111111111111
B35-W-Morning;302749;2024-10-15-Morning;8.216666666666667
B35-W-Morning;302750;2024-10-15-Morning;28.868181818181817
B35-W-Morning;302753;2024-10-15-Morning;5.316666666666666
B35-W-Morning;302758;2024-10-15-Morning;9.0625
B35-W-Morning;302759;2024-10-15-Morning;13.533333333333333
B35-W-Morning;302760;2024-10-15-Morning;3.141666666666666
B35-W-Morning;302761;2024-10-15-Morning;28.75833333333333
B35-W-Morning;302763;2024-10-15-Morning;5.316666666666666
B35-W-Morning;302764;2024-10-15-Morning;1.16
B35-W-Morning;302765;2024-10-15-Morning;7.18695652173913
B35-W-Morning;302766;2024-10-15-Morning;7.4111111111111105
B35-W-Morning;302767;2024-10-15-Morning;0.41428571428571426
B35-W-Morning;302768;2024-10-15-Morning;0.0
B35-W-Morning;302771;2024-10-15-Morning;1.16
B35-W-Morning;302772;2024-10-15-Morning;2.9
B35-W-Morning;302773;2024-10-15-Morning;6.96
B35-W-Morning;302774;2024-10-15-Morning;2.9
B35-W-Morning;302775;2024-10-15-Morning;10.31111111111111
B35-W-Morning;302776;2024-10-15-Morning;0.3222222222222222
B35-W-Morning;302777;2024-10-15-Morning;4.188888888888889
B35-W-Morning;302778;2024-10-15-Morning;2.32
B35-W-Morning;302779;2024-10-15-Morning;3.3833333333333333
B35-W-Morning;302780;2024-10-15-Morning;0.0
B35-W-Morning;302781;2024-10-15-Morning;1.16
B35-W-Morning;302782;2024-10-15-Morning;0.58
B35-W-Morning;302783;2024-10-15-Morning;0.41428571428571426
B35-W-Morning;306454;2024-10-15-Morning;3.8666666666666663
B35-W-Morning;306874;2024-10-15-Morning;2.9
B35-W-Morning;307177;2024-10-15-Morning;0.0
B35-W-Morning;307790;2024-10-15-Morning;13.84090909090909
B35-W-Morning;307793;2024-10-15-Morning;35.1625
B35-W-Morning;307795;2024-10-15-Morning;8.831818181818182
B35-W-Morning;307947;2024-10-15-Morning;8.57391304347826
B35-W-Morning;308083;2024-10-15-Morning;12.808333333333334
B35-W-Morning;308483;2024-10-15-Morning;56.99130434782608
B35-W-Night;301052;2024-10-15-Night;4.06
B35-W-Night;301053;2024-10-15-Night;5.8
B35-W-Night;301054;2024-10-15-Night;5.075
B35-W-Night;301056;2024-10-15-Night;5.075
B35-W-Night;302736;2024-10-15-Night;10.15
B35-W-Night;302737;2024-10-15-Night;8.7
B35-W-Night;302740;2024-10-15-Night;6.628571428571428
B35-W-Night;302741;2024-10-15-Night;7.25
B35-W-Night;302742;2024-10-15-Night;3.8666666666666663
B35-W-Night;302743;2024-10-15-Night;1.45
B35-W-Night;302745;2024-10-15-Night;0.9666666666666666
B35-W-Night;302747;2024-10-15-Night;1.9333333333333331
B35-W-Night;302749;2024-10-15-Night;8.7
B35-W-Night;302750;2024-10-15-Night;8.7
B35-W-Night;302753;2024-10-15-Night;0.9666666666666666
B35-W-Night;302758;2024-10-15-Night;1.9333333333333331
B35-W-Night;302759;2024-10-15-Night;2.9
B35-W-Night;302760;2024-10-15-Night;1.9333333333333331
B35-W-Night;302761;2024-10-15-Night;4.833333333333333
B35-W-Night;302763;2024-10-15-Night;0.0
B35-W-Night;302764;2024-10-15-Night;1.45
B35-W-Night;302765;2024-10-15-Night;4.833333333333333
B35-W-Night;302766;2024-10-15-Night;5.8
B35-W-Night;302767;2024-10-15-Night;0.0
B35-W-Night;302768;2024-10-15-Night;1.45
B35-W-Night;302771;2024-10-15-Night;0.0
B35-W-Night;302773;2024-10-15-Night;2.9
B35-W-Night;302774;2024-10-15-Night;8.7
B35-W-Night;302775;2024-10-15-Night;1.9333333333333331
B35-W-Night;302776;2024-10-15-Night;0.0
B35-W-Night;302777;2024-10-15-Night;1.16
B35-W-Night;302778;2024-10-15-Night;0.0
B35-W-Night;302779;2024-10-15-Night;0.0
B35-W-Night;302780;2024-10-15-Night;0.0
B35-W-Night;302781;2024-10-15-Night;0.0
B35-W-Night;302782;2024-10-15-Night;0.0
B35-W-Night;302783;2024-10-15-Night;0.0
B35-W-Night;306454;2024-10-15-Night;5.8
B35-W-Night;306874;2024-10-15-Night;4.35
B35-W-Night;307177;2024-10-15-Night;0.0
B35-W-Night;307790;2024-10-15-Night;2.9
B35-W-Night;307793;2024-10-15-Night;5.8
B35-W-Night;307795;2024-10-15-Night;1.9333333333333331
B35-W-Night;307947;2024-10-15-Night;3.48
B35-W-Night;308083;2024-10-15-Night;2.9
B35-W-Night;308483;2024-10-15-Night;5.22
B35-W-RushHour;301052;2024-10-15-RushHour;14.5
B35-W-RushHour;301054;2024-10-15-RushHour;12.014285714285714
B35-W-RushHour;301056;2024-10-15-RushHour;19.2125
B35-W-RushHour;302736;2024-10-15-RushHour;15.864705882352942
B35-W-RushHour;302737;2024-10-15-RushHour;9.666666666666666
B35-W-RushHour;302740;2024-10-15-RushHour;15.523529411764704
B35-W-RushHour;302741;2024-10-15-RushHour;10.357142857142858
B35-W-RushHour;302742;2024-10-15-RushHour;17.158333333333335
B35-W-RushHour;302743;2024-10-15-RushHour;1.9333333333333331
B35-W-RushHour;302745;2024-10-15-RushHour;5.8
B35-W-RushHour;302747;2024-10-15-RushHour;17.4
B35-W-RushHour;302748;2024-10-15-RushHour;2.9
B35-W-RushHour;302749;2024-10-15-RushHour;4.557142857142857
B35-W-RushHour;302750;2024-10-15-RushHour;14.085714285714284
B35-W-RushHour;302753;2024-10-15-RushHour;5.8
B35-W-RushHour;302758;2024-10-15-RushHour;12.244444444444444
B35-W-RushHour;302759;2024-10-15-RushHour;19.958823529411767
B35-W-RushHour;302760;2024-10-15-RushHour;8.216666666666667
B35-W-RushHour;302761;2024-10-15-RushHour;18.16315789473684
B35-W-RushHour;302763;2024-10-15-RushHour;1.0875
B35-W-RushHour;302764;2024-10-15-RushHour;1.45
B35-W-RushHour;302765;2024-10-15-RushHour;10.5125
B35-W-RushHour;302766;2024-10-15-RushHour;7.909090909090908
B35-W-RushHour;302767;2024-10-15-RushHour;0.0
B35-W-RushHour;302768;2024-10-15-RushHour;0.0
B35-W-RushHour;302771;2024-10-15-RushHour;2.9
B35-W-RushHour;302772;2024-10-15-RushHour;2.4857142857142853
B35-W-RushHour;302773;2024-10-15-RushHour;7.975
B35-W-RushHour;302774;2024-10-15-RushHour;3.7285714285714286
B35-W-RushHour;302775;2024-10-15-RushHour;4.7124999999999995
B35-W-RushHour;302776;2024-10-15-RushHour;2.4166666666666665
B35-W-RushHour;302777;2024-10-15-RushHour;12.428571428571427
B35-W-RushHour;302778;2024-10-15-RushHour;1.45
B35-W-RushHour;302779;2024-10-15-RushHour;2.0714285714285716
B35-W-RushHour;302780;2024-10-15-RushHour;0.0
B35-W-RushHour;302781;2024-10-15-RushHour;0.3625
B35-W-RushHour;302782;2024-10-15-RushHour;0.3625
B35-W-RushHour;302783;2024-10-15-RushHour;0.8285714285714285
B35-W-RushHour;306454;2024-10-15-RushHour;12.76
B35-W-RushHour;307177;2024-10-15-RushHour;0.725
B35-W-RushHour;307790;2024-10-15-RushHour;15.694117647058825
B35-W-RushHour;307793;2024-10-15-RushHour;29.644444444444442
B35-W-RushHour;307795;2024-10-15-RushHour;6.421428571428572
B35-W-RushHour;307947;2024-10-15-RushHour;18.935294117647057
B35-W-RushHour;308083;2024-10-15-RushHour;4.188888888888889
B35-W-RushHour;308483;2024-10-15-RushHour;49.91052631578947
B46-N-Day;300163;2024-10-15-Day;5.51
B46-N-Day;301092;2024-10-15-Day;1.3736842105263156
B46-N-Day;302310;2024-10-15-Day;0.2636363636363636
B46-N-Day;303153;2024-10-15-Day;3.663157894736842
B46-N-Day;303154;2024-10-15-Day;2.513333333333333
B46-N-Day;303156;2024-10-15-Day;0.9666666666666666
B46-N-Day;303158;2024-10-15-Day;12.0
B46-N-Day;303159;2024-10-15-Day;3.19
B46-N-Day;303160;2024-10-15-Day;6.5249999999999995
B46-N-Day;303161;2024-10-15-Day;0.725
B46-N-Day;303162;2024-10-15-Day;2.32
B46-N-Day;303163;2024-10-15-Day;0.7733333333333333
B46-N-Day;303164;2024-10-15-Day;0.6823529411764706
B46-N-Day;303590;2024-10-15-Day;8.844999999999999
B46-N-Day;303591;2024-10-15-Day;2.9
B46-N-Day;303592;2024-10-15-Day;8.12
B46-N-Day;303593;2024-10-15-Day;5.13076923076923
B46-N-Day;303594;2024-10-15-Day;4.557142857142857
B46-N-Day;303595;2024-10-15-Day;9.456521739130434
B46-N-Day;303596;2024-10-15-Day;1.9333333333333331
B46-N-Day;303597;2024-10-15-Day;6.4105263157894745
B46-N-Day;303599;2024-10-15-Day;7.0888888888888895
B46-N-Day;303601;2024-10-15-Day;3.3833333333333333
B46-N-Day;303602;2024-10-15-Day;5.316666666666666
B46-N-Day;303603;2024-10-15-Day;18.792
B46-N-Day;303604;2024-10-15-Day;5.009090909090909
B46-N-Day;303605;2024-10-15-Day;3.1071428571428568
B46-N-Day;303606;2024-10-15-Day;8.00952380952381
B46-N-Day;303607;2024-10-15-Day;4.273684210526316
B46-N-Day;303609;2024-10-15-Day;4.833333333333333
B46-N-Day;303610;2024-10-15-Day;5.155555555555555
B46-N-Day;303612;2024-10-15-Day;12.137037037037036
B46-N-Day;303613;2024-10-15-Day;3.045
B46-N-Day;303614;2024-10-15-Day;1.45
B46-N-Day;303624;2024-10-15-Day;2.513333333333333
B46-N-Day;303625;2024-10-15-Day;4.06
B46-N-Day;303626;2024-10-15-Day;3.915
B46-N-Day;303627;2024-10-15-Day;3.364
B46-N-Day;303628;2024-10-15-Day;2.175
B46-N-Day;303629;2024-10-15-Day;2.175
B46-N-Day;303630;2024-10-15-Day;6.148
B46-N-Day;307083;2024-10-15-Day;19.9
B46-N-Day;307086;2024-10-15-Day;2.4421052631578943
B46-N-Day;307090;2024-10-15-Day;3.8227272727272723
B46-N-Day;307092;2024-10-15-Day;9.8
B46-N-Day;307093;2024-10-15-Day;4.539130434782609
B46-N-Day;307094;2024-10-15-Day;10.096296296296297
B46-N-Day;307637;2024-10-15-Day;3.2346153846153847
B46-N-Day;307668;2024-10-15-Day;14.5
B46-N-Day;307775;2024-10-15-Day;78.3
B46-N-Day;307920;2024-10-15-Day;24.421052631578945
B46-N-Day;308066;2024-10-15-Day;4.557142857142857
B46-N-Day;308804;2024-10-15-Day;27.55
B46-N-Day;801094;2024-10-15-Day;20.192592592592593
B46-N-Day;901086;2024-10-15-Day;1.891304347826087
B46-N-Evening;300163;2024-10-15-Evening;3.3833333333333333
B46-N-Evening;301092;2024-10-15-Evening;1.2428571428571427
B46-N-Evening;302310;2024-10-15-Evening;0.24166666666666664
B46-N-Evening;303153;2024-10-15-Evening;3.954545454545454
B46-N-Evening;303154;2024-10-15-Evening;1.9333333333333331
B46-N-Evening;303156;2024-10-15-Evening;0.0
B46-N-Evening;303158;2024-10-15-Evening;5.8
B46-N-Evening;303159;2024-10-15-Evening;1.0875
B46-N-Evening;303160;2024-10-15-Evening;4.35
B46-N-Evening;303161;2024-10-15-Evening;0.0
B46-N-Evening;303162;2024-10-15-Evening;0.0
B46-N-Evening;303163;2024-10-15-Evening;0.0
B46-N-Evening;303164;2024-10-15-Evening;0.0
B46-N-Evening;303590;2024-10-15-Evening;5.075
B46-N-Evening;303591;2024-10-15-Evening;4.35
B46-N-Evening;303592;2024-10-15-Evening;6.835714285714285
B46-N-Evening;303593;2024-10-15-Evening;1.9333333333333331
B46-N-Evening;303594;2024-10-15-Evening;3.9875
B46-N-Evening;303595;2024-10-15-Evening;7.7333333333333325
B46-N-Evening;303596;2024-10-15-Evening;1.9333333333333331
B46-N-Evening;303597;2024-10-15-Evening;5.385714285714286
B46-N-Evening;303599;2024-10-15-Evening;6.327272727272726
B46-N-Evening;303601;2024-10-15-Evening;1.16
B46-N-Evening;303602;2024-10-15-Evening;1.9333333333333331
B46-N-Evening;303603;2024-10-15-Evening;8.147619047619047
B46-N-Evening;303604;2024-10-15-Evening;3.48
B46-N-Evening;303605;2024-10-15-Evening;0.87
B46-N-Evening;303606;2024-10-15-Evening;2.0714285714285716
B46-N-Evening;303607;2024-10-15-Evening;1.657142857142857
B46-N-Evening;303609;2024-10-15-Evening;3.19
B46-N-Evening;303610;2024-10-15-Evening;3.5692307692307694
B46-N-Evening;303612;2024-10-15-Evening;8.00952380952381
B46-N-Evening;303613;2024-10-15-Evening;1.6916666666666667
B46-N-Evening;303614;2024-10-15-Evening;1.45
B46-N-Evening;303624;2024-10-15-Evening;1.657142857142857
B46-N-Evening;303625;2024-10-15-Evening;1.26875
B46-N-Evening;303626;2024-10-15-Evening;0.7909090909090908
B46-N-Evening;303627;2024-10-15-Evening;1.9333333333333331
B46-N-Evening;303628;2024-10-15-Evening;2.175
B46-N-Evening;303629;2024-10-15-Evening;0.8923076923076924
B46-N-Evening;303630;2024-10-15-Evening;5.189473684210526
B46-N-Evening;307083;2024-10-15-Evening;8.57391304347826
B46-N-Evening;307086;2024-10-15-Evening;2.5588235294117645
B46-N-Evening;307090;2024-10-15-Evening;2.513333333333333
B46-N-Evening;307092;2024-10-15-Evening;6.352380952380953
B46-N-Evening;307093;2024-10-15-Evening;2.513333333333333
B46-N-Evening;307094;2024-10-15-Evening;6.715789473684211
B46-N-Evening;307637;2024-10-15-Evening;1.0357142857142858
B46-N-Evening;307668;2024-10-15-Evening;6.38
B46-N-Evening;307920;2024-10-15-Evening;22.426666666666666
B46-N-Evening;308066;2024-10-15-Evening;2.9
B46-N-Evening;308804;2024-10-15-Evening;15.66
B46-N-Evening;801094;2024-10-15-Evening;10.875
B46-N-Evening;901086;2024-10-15-Evening;1.26875
B46-N-Morning;300163;2024-10-15-Morning;4.64
B46-N-Morning;301092;2024-10-15-Morning;1.9842105263157894
B46-N-Morning;302310;2024-10-15-Morning;0.0
B46-N-Morning;303153;2024-10-15-Morning;6.70625
B46-N-Morning;303154;2024-10-15-Morning;0.3222222222222222
B46-N-Morning;303156;2024-10-15-Morning;4.218181818181818
B46-N-Morning;303158;2024-10-15-Morning;7.584615384615384
B46-N-Morning;303159;2024-10-15-Morning;1.3647058823529412
B46-N-Morning;303160;2024-10-15-Morning;3.19
B46-N-Morning;303161;2024-10-15-Morning;0.58
B46-N-Morning;303162;2024-10-15-Morning;1.276
B46-N-Morning;303163;2024-10-15-Morning;0.0
B46-N-Morning;303164;2024-10-15-Morning;0.24166666666666664
B46-N-Morning;303590;2024-10-15-Morning;6.669999999999999
B46-N-Morning;303591;2024-10-15-Morning;4.35
B46-N-Morning;303592;2024-10-15-Morning;6.835714285714285
B46-N-Morning;303593;2024-10-15-Morning;4.776470588235294
B46-N-Morning;303594;2024-10-15-Morning;5.316666666666666
B46-N-Morning;303595;2024-10-15-Morning;10.68421052631579
B46-N-Morning;303596;2024-10-15-Morning;4.108333333333333
B46-N-Morning;303597;2024-10-15-Morning;4.142857142857143
B46-N-Morning;303599;2024-10-15-Morning;6.09
B46-N-Morning;303601;2024-10-15-Morning;3.2866666666666666
B46-N-Morning;303602;2024-10-15-Morning;2.0714285714285716
B46-N-Morning;303603;2024-10-15-Morning;13.533333333333333
B46-N-Morning;303604;2024-10-15-Morning;3.9875
B46-N-Morning;303605;2024-10-15-Morning;7.008333333333333
B46-N-Morning;303606;2024-10-15-Morning;6.09
B46-N-Morning;303607;2024-10-15-Morning;8.588461538461539
B46-N-Morning;303609;2024-10-15-Morning;6.934782608695651
B46-N-Morning;303610;2024-10-15-Morning;9.424999999999999
B46-N-Morning;303612;2024-10-15-Morning;16.345454545454547
B46-N-Morning;303613;2024-10-15-Morning;7.772
B46-N-Morning;303614;2024-10-15-Morning;1.896153846153846
B46-N-Morning;303624;2024-10-15-Morning;4.511111111111111
B46-N-Morning;303625;2024-10-15-Morning;3.5105263157894737
B46-N-Morning;303626;2024-10-15-Morning;2.9
B46-N-Morning;303627;2024-10-15-Morning;4.731578947368421
B46-N-Morning;303628;2024-10-15-Morning;3.3833333333333333
B46-N-Morning;303629;2024-10-15-Morning;2.388235294117647
B46-N-Morning;303630;2024-10-15-Morning;9.39047619047619
B46-N-Morning;307083;2024-10-15-Morning;21.93125
B46-N-Morning;307086;2024-10-15-Morning;4.16875
B46-N-Morning;307090;2024-10-15-Morning;4.784999999999999
B46-N-Morning;307092;2024-10-15-Morning;9.666666666666666
B46-N-Morning;307093;2024-10-15-Morning;8.265
B46-N-Morning;307094;2024-10-15-Morning;12.603846153846153
B46-N-Morning;307637;2024-10-15-Morning;4.004761904761905
B46-N-Morning;307668;2024-10-15-Morning;12.566666666666665
B46-N-Morning;307920;2024-10-15-Morning;8.7
B46-N-Morning;308066;2024-10-15-Morning;2.175
B46-N-Morning;308804;2024-10-15-Morning;23.28787878787879
B46-N-Morning;801094;2024-10-15-Morning;18.004166666666666
B46-N-Morning;901086;2024-10-15-Morning;1.1863636363636365
B46-N-Night;301092;2024-10-15-Night;4.833333333333333
B46-N-Night;302310;2024-10-15-Night;0.0
B46-N-Night;303153;2024-10-15-Night;2.4166666666666665
B46-N-Night;303156;2024-10-15-Night;0.9666666666666666
B46-N-Night;303158;2024-10-15-Night;1.8125
B46-N-Night;303161;2024-10-15-Night;0.0
B46-N-Night;303162;2024-10-15-Night;0.0
B46-N-Night;303163;2024-10-15-Night;0.0
B46-N-Night;303164;2024-10-15-Night;0.0
B46-N-Night;303590;2024-10-15-Night;5.22
B46-N-Night;303592;2024-10-15-Night;3.2624999999999997
B46-N-Night;303593;2024-10-15-Night;4.06
B46-N-Night;303594;2024-10-15-Night;5.316666666666666
B46-N-Night;303595;2024-10-15-Night;6.122222222222222
B46-N-Night;303596;2024-10-15-Night;4.35
B46-N-Night;303597;2024-10-15-Night;6.283333333333332
B46-N-Night;303599;2024-10-15-Night;5.075
B46-N-Night;303601;2024-10-15-Night;4.833333333333333
B46-N-Night;303602;2024-10-15-Night;4.64
B46-N-Night;303603;2024-10-15-Night;11.153846153846153
B46-N-Night;303604;2024-10-15-Night;4.142857142857143
B46-N-Night;303605;2024-10-15-Night;6.5249999999999995
B46-N-Night;303606;2024-10-15-Night;5.8
B46-N-Night;303607;2024-10-15-Night;4.833333333333333
B46-N-Night;303609;2024-10-15-Night;5.8
B46-N-Night;303610;2024-10-15-Night;9.28
B46-N-Night;303612;2024-10-15-Night;6.590909090909092
B46-N-Night;303613;2024-10-15-Night;4.557142857142857
B46-N-Night;303614;2024-10-15-Night;2.9
B46-N-Night;303624;2024-10-15-Night;1.9333333333333331
B46-N-Night;303625;2024-10-15-Night;2.9
B46-N-Night;303626;2024-10-15-Night;2.175
B46-N-Night;303627;2024-10-15-Night;1.657142857142857
B46-N-Night;303628;2024-10-15-Night;2.9
B46-N-Night;303629;2024-10-15-Night;1.2428571428571427
B46-N-Night;303630;2024-10-15-Night;0.3625
B46-N-Night;307083;2024-10-15-Night;8.458333333333332
B46-N-Night;307086;2024-10-15-Night;1.45
B46-N-Night;307090;2024-10-15-Night;1.9333333333333331
B46-N-Night;307092;2024-10-15-Night;2.4857142857142853
B46-N-Night;307093;2024-10-15-Night;1.9333333333333331
B46-N-Night;307094;2024-10-15-Night;5.009090909090909
B46-N-Night;307637;2024-10-15-Night;0.725
B46-N-Night;307668;2024-10-15-Night;8.12
B46-N-Night;307920;2024-10-15-Night;8.3375
B46-N-Night;308066;2024-10-15-Night;0.0
B46-N-Night;308804;2024-10-15-Night;14.723076923076922
B46-N-Night;801094;2024-10-15-Night;7.975
B46-N-Night;901086;2024-10-15-Night;0.725
B46-N-RushHour;300163;2024-10-15-RushHour;4.64
B46-N-RushHour;301092;2024-10-15-RushHour;2.4166666666666665
B46-N-RushHour;302310;2024-10-15-RushHour;0.29
B46-N-RushHour;303153;2024-10-15-RushHour;2.9
B46-N-RushHour;303154;2024-10-15-RushHour;1.45
B46-N-RushHour;303156;2024-10-15-RushHour;5.8
B46-N-RushHour;303158;2024-10-15-RushHour;10.955555555555556
B46-N-RushHour;303159;2024-10-15-RushHour;2.32
B46-N-RushHour;303160;2024-10-15-RushHour;6.1625
B46-N-RushHour;303161;2024-10-15-RushHour;0.0
B46-N-RushHour;303162;2024-10-15-RushHour;1.45
B46-N-RushHour;303163;2024-10-15-RushHour;2.175
B46-N-RushHour;303164;2024-10-15-RushHour;0.3625
B46-N-RushHour;303590;2024-10-15-RushHour;7.25
B46-N-RushHour;303591;2024-10-15-RushHour;4.833333333333333
B46-N-RushHour;303592;2024-10-15-RushHour;4.557142857142857
B46-N-RushHour;303593;2024-10-15-RushHour;4.142857142857143
B46-N-RushHour;303594;2024-10-15-RushHour;4.142857142857143
B46-N-RushHour;303595;2024-10-15-RushHour;7.118181818181818
B46-N-RushHour;303596;2024-10-15-RushHour;3.2222222222222223
B46-N-RushHour;303597;2024-10-15-RushHour;3.954545454545454
B46-N-RushHour;303599;2024-10-15-RushHour;5.22
B46-N-RushHour;303601;2024-10-15-RushHour;4.4818181818181815
B46-N-RushHour;303602;2024-10-15-RushHour;2.109090909090909
B46-N-RushHour;303603;2024-10-15-RushHour;12.635714285714284
B46-N-RushHour;303604;2024-10-15-RushHour;4.108333333333333
B46-N-RushHour;303605;2024-10-15-RushHour;3.314285714285714
B46-N-RushHour;303606;2024-10-15-RushHour;6.327272727272726
B46-N-RushHour;303607;2024-10-15-RushHour;2.4538461538461536
B46-N-RushHour;303609;2024-10-15-RushHour;2.5375
B46-N-RushHour;303610;2024-10-15-RushHour;7.25
B46-N-RushHour;303612;2024-10-15-RushHour;10.15
B46-N-RushHour;303613;2024-10-15-RushHour;5.8
B46-N-RushHour;303614;2024-10-15-RushHour;3.314285714285714
B46-N-RushHour;303624;2024-10-15-RushHour;4.971428571428571
B46-N-RushHour;303625;2024-10-15-RushHour;3.2222222222222223
B46-N-RushHour;303626;2024-10-15-RushHour;5.477777777777778
B46-N-RushHour;303627;2024-10-15-RushHour;1.8125
B46-N-RushHour;303628;2024-10-15-RushHour;4.06
B46-N-RushHour;303629;2024-10-15-RushHour;0.4833333333333333
B46-N-RushHour;303630;2024-10-15-RushHour;6.1625
B46-N-RushHour;307083;2024-10-15-RushHour;17.607142857142854
B46-N-RushHour;307086;2024-10-15-RushHour;2.0714285714285716
B46-N-RushHour;307090;2024-10-15-RushHour;5.385714285714286
B46-N-RushHour;307092;2024-10-15-RushHour;18.27
B46-N-RushHour;307093;2024-10-15-RushHour;5.22
B46-N-RushHour;307094;2024-10-15-RushHour;17.11
B46-N-RushHour;307637;2024-10-15-RushHour;2.9
B46-N-RushHour;307668;2024-10-15-RushHour;14.5
B46-N-RushHour;307920;2024-10-15-RushHour;39.15
B46-N-RushHour;308066;2024-10-15-RushHour;3.3833333333333333
B46-N-RushHour;308804;2024-10-15-RushHour;24.65
B46-N-RushHour;801094;2024-10-15-RushHour;12.325
B46-N-RushHour;901086;2024-10-15-RushHour;1.16
B46-S-Day;302293;2024-10-15-Day;8.82608695652174
B46-S-Day;303170;2024-10-15-Day;5.22
B46-S-Day;303172;2024-10-15-Day;8.3375
B46-S-Day;303173;2024-10-15-Day;9.041176470588235
B46-S-Day;303175;2024-10-15-Day;3.314285714285714
B46-S-Day;303178;2024-10-15-Day;6.444444444444445
B46-S-Day;303180;2024-10-15-Day;2.0714285714285716
B46-S-Day;303657;2024-10-15-Day;9.183333333333332
B46-S-Day;303658;2024-10-15-Day;27.860714285714288
B46-S-Day;303660;2024-10-15-Day;12.104347826086956
B46-S-Day;303662;2024-10-15-Day;2.0076923076923077
B46-S-Day;303663;2024-10-15-Day;9.095454545454546
B46-S-Day;303664;2024-10-15-Day;5.576923076923077
B46-S-Day;303665;2024-10-15-Day;2.5375
B46-S-Day;303666;2024-10-15-Day;12.88888888888889
B46-S-Day;303667;2024-10-15-Day;3.915
B46-S-Day;303670;2024-10-15-Day;2.03
B46-S-Day;303672;2024-10-15-Day;26.307142857142857
B46-S-Day;303673;2024-10-15-Day;3.4272727272727272
B46-S-Day;303676;2024-10-15-Day;5.547826086956522
B46-S-Day;303682;2024-10-15-Day;4.41304347826087
B46-S-Day;303683;2024-10-15-Day;6.032
B46-S-Day;303685;2024-10-15-Day;3.210714285714286
B46-S-Day;303686;2024-10-15-Day;1.3384615384615386
B46-S-Day;303688;2024-10-15-Day;2.1266666666666665
B46-S-Day;303690;2024-10-15-Day;3.08125
B46-S-Day;303691;2024-10-15-Day;2.4421052631578943
B46-S-Day;303692;2024-10-15-Day;6.5807692307692305
B46-S-Day;303693;2024-10-15-Day;2.9
B46-S-Day;303695;2024-10-15-Day;0.6590909090909091
B46-S-Day;303696;2024-10-15-Day;7.196296296296296
B46-S-Day;303697;2024-10-15-Day;1.9333333333333331
B46-S-Day;303698;2024-10-15-Day;1.2428571428571427
B46-S-Day;303699;2024-10-15-Day;3.364
B46-S-Day;303700;2024-10-15-Day;0.4461538461538462
B46-S-Day;303701;2024-10-15-Day;0.5272727272727272
B46-S-Day;303702;2024-10-15-Day;1.45
B46-S-Day;303703;2024-10-15-Day;9.183333333333332
B46-S-Day;303704;2024-10-15-Day;9.005263157894737
B46-S-Day;306304;2024-10-15-Day;11.9
B46-S-Day;306479;2024-10-15-Day;4.9944444444444445
B46-S-Day;307026;2024-10-15-Day;25.78928571428571
B46-S-Day;307027;2024-10-15-Day;3.278260869565217
B46-S-Day;307089;2024-10-15-Day;0.9666666666666666
B46-S-Day;307373;2024-10-15-Day;11.062962962962963
B46-S-Day;307636;2024-10-15-Day;0.0
B46-S-Day;307728;2024-10-15-Day;10.073684210526316
B46-S-Day;307919;2024-10-15-Day;19.372
B46-S-Day;308036;2024-10-15-Day;2.3562499999999997
B46-S-Day;308568;2024-10-15-Day;7.854166666666667
B46-S-Day;308777;2024-10-15-Day;3.045
B46-S-Day;308800;2024-10-15-Day;19.5
B46-S-Day;901093;2024-10-15-Day;6.496
B46-S-Evening;302293;2024-10-15-Evening;6.590909090909092
B46-S-Evening;303170;2024-10-15-Evening;3.8666666666666663
B46-S-Evening;303172;2024-10-15-Evening;6.2142857142857135
B46-S-Evening;303173;2024-10-15-Evening;5.316666666666666
B46-S-Evening;303175;2024-10-15-Evening;2.0714285714285716
B46-S-Evening;303178;2024-10-15-Evening;3.792307692307692
B46-S-Evening;303180;2024-10-15-Evening;2.9
B46-S-Evening;303657;2024-10-15-Evening;5.8
B46-S-Evening;303658;2024-10-15-Evening;10.875
B46-S-Evening;303660;2024-10-15-Evening;12.76
B46-S-Evening;303662;2024-10-15-Evening;3.48
B46-S-Evening;303663;2024-10-15-Evening;7.54
B46-S-Evening;303664;2024-10-15-Evening;4.4818181818181815
B46-S-Evening;303665;2024-10-15-Evening;2.175
B46-S-Evening;303666;2024-10-15-Evening;6.766666666666667
B46-S-Evening;303667;2024-10-15-Evening;2.0714285714285716
B46-S-Evening;303670;2024-10-15-Evening;0.9666666666666666
B46-S-Evening;303672;2024-10-15-Evening;28.209090909090907
B46-S-Evening;303673;2024-10-15-Evening;1.45
B46-S-Evening;303676;2024-10-15-Evening;5.6187499999999995
B46-S-Evening;303682;2024-10-15-Evening;2.136842105263158
B46-S-Evening;303683;2024-10-15-Evening;2.668
B46-S-Evening;303685;2024-10-15-Evening;1.885
B46-S-Evening;303686;2024-10-15-Evening;0.45789473684210524
B46-S-Evening;303688;2024-10-15-Evening;2.692857142857143
B46-S-Evening;303690;2024-10-15-Evening;0.45789473684210524
B46-S-Evening;303691;2024-10-15-Evening;0.6823529411764706
B46-S-Evening;303692;2024-10-15-Evening;1.891304347826087
B46-S-Evening;303693;2024-10-15-Evening;1.2428571428571427
B46-S-Evening;303695;2024-10-15-Evening;0.38666666666666666
B46-S-Evening;303696;2024-10-15-Evening;3.651851851851852
B46-S-Evening;303697;2024-10-15-Evening;0.19333333333333333
B46-S-Evening;303698;2024-10-15-Evening;0.24166666666666664
B46-S-Evening;303699;2024-10-15-Evening;0.725
B46-S-Evening;303700;2024-10-15-Evening;0.0
B46-S-Evening;303701;2024-10-15-Evening;0.2636363636363636
B46-S-Evening;303702;2024-10-15-Evening;0.41428571428571426
B46-S-Evening;303703;2024-10-15-Evening;0.9666666666666666
B46-S-Evening;303704;2024-10-15-Evening;5.353846153846154
B46-S-Evening;306304;2024-10-15-Evening;5.673913043478261
B46-S-Evening;306479;2024-10-15-Evening;2.9
B46-S-Evening;307026;2024-10-15-Evening;40.6
B46-S-Evening;307027;2024-10-15-Evening;3.625
B46-S-Evening;307089;2024-10-15-Evening;2.9
B46-S-Evening;307373;2024-10-15-Evening;3.954545454545454
B46-S-Evening;307636;2024-10-15-Evening;0.4833333333333333
B46-S-Evening;307728;2024-10-15-Evening;4.884210526315789
B46-S-Evening;307919;2024-10-15-Evening;11.6
B46-S-Evening;308036;2024-10-15-Evening;0.0
B46-S-Evening;308568;2024-10-15-Evening;3.411764705882353
B46-S-Evening;308777;2024-10-15-Evening;0.0
B46-S-Evening;308800;2024-10-15-Evening;7.473076923076923
B46-S-Evening;901093;2024-10-15-Evening;6.007142857142857
B46-S-Morning;302293;2024-10-15-Morning;8.458333333333332
B46-S-Morning;303170;2024-10-15-Morning;5.155555555555555
B46-S-Morning;303172;2024-10-15-Morning;8.285714285714286
B46-S-Morning;303173;2024-10-15-Morning;5.155555555555555
B46-S-Morning;303175;2024-10-15-Morning;1.9333333333333331
B46-S-Morning;303178;2024-10-15-Morning;5.8
B46-S-Morning;303180;2024-10-15-Morning;4.06
B46-S-Morning;303657;2024-10-15-Morning;2.692857142857143
B46-S-Morning;303658;2024-10-15-Morning;18.423529411764704
B46-S-Morning;303660;2024-10-15-Morning;14.5
B46-S-Morning;303662;2024-10-15-Morning;2.9
B46-S-Morning;303663;2024-10-15-Morning;10.391666666666667
B46-S-Morning;303664;2024-10-15-Morning;3.625
B46-S-Morning;303665;2024-10-15-Morning;3.163636363636363
B46-S-Morning;303666;2024-10-15-Morning;8.01764705882353
B46-S-Morning;303667;2024-10-15-Morning;6.652941176470588
B46-S-Morning;303670;2024-10-15-Morning;2.32
B46-S-Morning;303672;2024-10-15-Morning;23.779999999999998
B46-S-Morning;303673;2024-10-15-Morning;1.45
B46-S-Morning;303676;2024-10-15-Morning;5.96111111111111
B46-S-Morning;303682;2024-10-15-Morning;1.305
B46-S-Morning;303683;2024-10-15-Morning;5.679166666666666
B46-S-Morning;303685;2024-10-15-Morning;1.7722222222222224
B46-S-Morning;303686;2024-10-15-Morning;2.372727272727273
B46-S-Morning;303688;2024-10-15-Morning;2.9
B46-S-Morning;303690;2024-10-15-Morning;2.9
B46-S-Morning;303691;2024-10-15-Morning;2.32
B46-S-Morning;303692;2024-10-15-Morning;6.304347826086956
B46-S-Morning;303693;2024-10-15-Morning;1.3533333333333333
B46-S-Morning;303695;2024-10-15-Morning;0.54375
B46-S-Morning;303696;2024-10-15-Morning;6.264
B46-S-Morning;303697;2024-10-15-Morning;3.8666666666666663
B46-S-Morning;303698;2024-10-15-Morning;4.06
B46-S-Morning;303699;2024-10-15-Morning;4.731578947368421
B46-S-Morning;303700;2024-10-15-Morning;1.0357142857142858
B46-S-Morning;303701;2024-10-15-Morning;1.99375
B46-S-Morning;303702;2024-10-15-Morning;1.6789473684210527
B46-S-Morning;303703;2024-10-15-Morning;1.45
B46-S-Morning;303704;2024-10-15-Morning;1.7058823529411764
B46-S-Morning;306304;2024-10-15-Morning;5.684
B46-S-Morning;306479;2024-10-15-Morning;2.9
B46-S-Morning;307026;2024-10-15-Morning;18.626923076923077
B46-S-Morning;307027;2024-10-15-Morning;1.45
B46-S-Morning;307089;2024-10-15-Morning;0.3222222222222222
B46-S-Morning;307373;2024-10-15-Morning;4.121052631578947
B46-S-Morning;307636;2024-10-15-Morning;0.29
B46-S-Morning;307728;2024-10-15-Morning;11.116666666666667
B46-S-Morning;307919;2024-10-15-Morning;13.878571428571428
B46-S-Morning;308036;2024-10-15-Morning;1.1941176470588235
B46-S-Morning;308568;2024-10-15-Morning;8.907142857142857
B46-S-Morning;308777;2024-10-15-Morning;3.19
B46-S-Morning;308800;2024-10-15-Morning;10.391666666666667
B46-S-Morning;901093;2024-10-15-Morning;0.511764705882353
B46-S-Night;302293;2024-10-15-Night;7.25
B46-S-Night;303170;2024-10-15-Night;4.35
B46-S-Night;303172;2024-10-15-Night;2.9
B46-S-Night;303173;2024-10-15-Night;3.8666666666666663
B46-S-Night;303178;2024-10-15-Night;0.0
B46-S-Night;303180;2024-10-15-Night;3.8666666666666663
B46-S-Night;303657;2024-10-15-Night;2.32
B46-S-Night;303658;2024-10-15-Night;8.7
B46-S-Night;303660;2024-10-15-Night;3.8666666666666663
B46-S-Night;303662;2024-10-15-Night;2.9
B46-S-Night;303663;2024-10-15-Night;6.766666666666667
B46-S-Night;303665;2024-10-15-Night;2.175
B46-S-Night;303666;2024-10-15-Night;6.2142857142857135
B46-S-Night;303667;2024-10-15-Night;2.9
B46-S-Night;303670;2024-10-15-Night;4.35
B46-S-Night;303672;2024-10-15-Night;22.97692307692308
B46-S-Night;303673;2024-10-15-Night;1.45
B46-S-Night;303676;2024-10-15-Night;5.316666666666666
B46-S-Night;303682;2024-10-15-Night;1.16
B46-S-Night;303683;2024-10-15-Night;1.74
B46-S-Night;303685;2024-10-15-Night;1.0875
B46-S-Night;303686;2024-10-15-Night;0.58
B46-S-Night;303688;2024-10-15-Night;1.45
B46-S-Night;303690;2024-10-15-Night;0.3625
B46-S-Night;303691;2024-10-15-Night;0.9666666666666666
B46-S-Night;303692;2024-10-15-Night;2.4857142857142853
B46-S-Night;303693;2024-10-15-Night;1.45
B46-S-Night;303695;2024-10-15-Night;0.41428571428571426
B46-S-Night;303696;2024-10-15-Night;2.9
B46-S-Night;303697;2024-10-15-Night;0.0
B46-S-Night;303698;2024-10-15-Night;0.0
B46-S-Night;303699;2024-10-15-Night;0.6444444444444444
B46-S-Night;303700;2024-10-15-Night;0.0
B46-S-Night;303701;2024-10-15-Night;0.9666666666666666
B46-S-Night;303702;2024-10-15-Night;0.0
B46-S-Night;303704;2024-10-15-Night;3.2624999999999997
B46-S-Night;306304;2024-10-15-Night;3.625
B46-S-Night;306479;2024-10-15-Night;2.175
B46-S-Night;307026;2024-10-15-Night;16.06153846153846
B46-S-Night;307027;2024-10-15-Night;0.0
B46-S-Night;307089;2024-10-15-Night;0.0
B46-S-Night;307373;2024-10-15-Night;1.2083333333333333
B46-S-Night;307636;2024-10-15-Night;0.0
B46-S-Night;307728;2024-10-15-Night;8.216666666666667
B46-S-Night;307919;2024-10-15-Night;5.8
B46-S-Night;308036;2024-10-15-Night;0.0
B46-S-Night;308568;2024-10-15-Night;4.7124999999999995
B46-S-Night;308777;2024-10-15-Night;0.58
B46-S-Night;308800;2024-10-15-Night;5.316666666666666
B46-S-Night;901093;2024-10-15-Night;2.0714285714285716
B46-S-RushHour;302293;2024-10-15-RushHour;23.68333333333333
B46-S-RushHour;303170;2024-10-15-RushHour;4.35
B46-S-RushHour;303172;2024-10-15-RushHour;11.9625
B46-S-RushHour;303173;2024-10-15-RushHour;6.5249999999999995
B46-S-RushHour;303175;2024-10-15-RushHour;2.9
B46-S-RushHour;303178;2024-10-15-RushHour;4.188888888888889
B46-S-RushHour;303180;2024-10-15-RushHour;3.48
B46-S-RushHour;303657;2024-10-15-RushHour;9.424999999999999
B46-S-RushHour;303658;2024-10-15-RushHour;34.53636363636363
B46-S-RushHour;303660;2024-10-15-RushHour;17.98
B46-S-RushHour;303662;2024-10-15-RushHour;1.0875
B46-S-RushHour;303663;2024-10-15-RushHour;9.666666666666666
B46-S-RushHour;303664;2024-10-15-RushHour;7.381818181818182
B46-S-RushHour;303665;2024-10-15-RushHour;1.74
B46-S-RushHour;303666;2024-10-15-RushHour;7.361538461538461
B46-S-RushHour;303667;2024-10-15-RushHour;3.77
B46-S-RushHour;303670;2024-10-15-RushHour;1.8125
B46-S-RushHour;303672;2024-10-15-RushHour;32.093333333333334
B46-S-RushHour;303673;2024-10-15-RushHour;7.54
B46-S-RushHour;303676;2024-10-15-RushHour;5.5928571428571425
B46-S-RushHour;303682;2024-10-15-RushHour;4.015384615384615
B46-S-RushHour;303683;2024-10-15-RushHour;8.01764705882353
B46-S-RushHour;303685;2024-10-15-RushHour;2.289473684210526
B46-S-RushHour;303686;2024-10-15-RushHour;2.594736842105263
B46-S-RushHour;303688;2024-10-15-RushHour;1.74
B46-S-RushHour;303690;2024-10-15-RushHour;1.45
B46-S-RushHour;303691;2024-10-15-RushHour;2.4857142857142853
B46-S-RushHour;303692;2024-10-15-RushHour;4.833333333333333
B46-S-RushHour;303693;2024-10-15-RushHour;0.41428571428571426
B46-S-RushHour;303695;2024-10-15-RushHour;1.7846153846153847
B46-S-RushHour;303696;2024-10-15-RushHour;6.563157894736841
B46-S-RushHour;303697;2024-10-15-RushHour;2.388235294117647
B46-S-RushHour;303698;2024-10-15-RushHour;0.7909090909090908
B46-S-RushHour;303699;2024-10-15-RushHour;2.7294117647058824
B46-S-RushHour;303700;2024-10-15-RushHour;0.24166666666666664
B46-S-RushHour;303701;2024-10-15-RushHour;0.18125
B46-S-RushHour;303702;2024-10-15-RushHour;0.4833333333333333
B46-S-RushHour;303703;2024-10-15-RushHour;5.4375
B46-S-RushHour;303704;2024-10-15-RushHour;5.5928571428571425
B46-S-RushHour;306304;2024-10-15-RushHour;14.223809523809525
B46-S-RushHour;306479;2024-10-15-RushHour;5.385714285714286
B46-S-RushHour;307026;2024-10-15-RushHour;46.98
B46-S-RushHour;307027;2024-10-15-RushHour;4.684615384615385
B46-S-RushHour;307089;2024-10-15-RushHour;1.9333333333333331
B46-S-RushHour;307373;2024-10-15-RushHour;9.942857142857141
B46-S-RushHour;307636;2024-10-15-RushHour;9.666666666666666
B46-S-RushHour;307728;2024-10-15-RushHour;7.118181818181818
B46-S-RushHour;307919;2024-10-15-RushHour;22.87777777777778
B46-S-RushHour;308036;2024-10-15-RushHour;3.3833333333333333
B46-S-RushHour;308568;2024-10-15-RushHour;7.25
B46-S-RushHour;308777;2024-10-15-RushHour;2.5375
B46-S-RushHour;308800;2024-10-15-RushHour;16.965
B46-S-RushHour;901093;2024-10-15-RushHour;15.29090909090909
BX12-E-Night;100317;2024-10-15-Night;0.0
BX12-E-Night;100318;2024-10-15-Night;2.9
BX12-E-Night;100319;2024-10-15-Night;2.9
BX12-E-Night;100636;2024-10-15-Night;0.0
BX12-E-Night;100796;2024-10-15-Night;18.849999999999998
BX12-E-Night;100798;2024-10-15-Night;11.6
BX12-E-Night;100799;2024-10-15-Night;23.2
BX12-E-Night;100807;2024-10-15-Night;7.25
BX12-E-Night;100808;2024-10-15-Night;2.9
BX12-E-Night;100809;2024-10-15-Night;0.0
BX12-E-Night;100811;2024-10-15-Night;0.0
BX12-E-Night;103051;2024-10-15-Night;23.2
BX12-E-Night;103151;2024-10-15-Night;0.0
BX12-E-Night;103540;2024-10-15-Night;2.9
BX12-E-Night;103947;2024-10-15-Night;5.8
BX12-E-Night;104015;2024-10-15-Night;10.15
BX12-E-Night;104080;2024-10-15-Night;1.45
BX12-E-Night;104081;2024-10-15-Night;0.0
BX12-E-Night;104240;2024-10-15-Night;5.8
BX12-E-Night;104328;2024-10-15-Night;13.049999999999999
BX12-E-Night;402611;2024-10-15-Night;20.3
BX12-E-Night;404165;2024-10-15-Night;33.35
BX12-E-Night;902058;2024-10-15-Night;2.9
BX12-E-Night;902212;2024-10-15-Night;10.15
BX12-W-Night;100304;2024-10-15-Night;2.9
BX12-W-Night;100306;2024-10-15-Night;2.9
BX12-W-Night;100840;2024-10-15-Night;0.0
BX12-W-Night;100842;2024-10-15-Night;14.5
BX12-W-Night;100843;2024-10-15-Night;0.0
BX12-W-Night;100850;2024-10-15-Night;2.9
BX12-W-Night;100851;2024-10-15-Night;0.0
BX12-W-Night;101739;2024-10-15-Night;2.9
BX12-W-Night;103028;2024-10-15-Night;2.9
BX12-W-Night;103255;2024-10-15-Night;11.6
BX12-W-Night;103697;2024-10-15-Night;2.9
BX12-W-Night;103795;2024-10-15-Night;2.9
BX12-W-Night;103945;2024-10-15-Night;5.8
BX12-W-Night;104226;2024-10-15-Night;2.9
BX12-W-Night;104235;2024-10-15-Night;5.8
BX12-W-Night;404144;2024-10-15-Night;0.0
BX12-W-Night;404170;2024-10-15-Night;0.0
BX12-W-Night;802025;2024-10-15-Night;2.9
BX19-N-Day;100561;2024-10-15-Day;1.5466666666666666
BX19-N-Day;100562;2024-10-15-Day;1.2210526315789472
BX19-N-Day;100563;2024-10-15-Day;1.831578947368421
BX19-N-Day;100564;2024-10-15-Day;0.145
BX19-N-Day;101306;2024-10-15-Day;23.595454545454544
BX19-N-Day;101307;2024-10-15-Day;44.15909090909091
BX19-N-Day;101309;2024-10-15-Day;38.88636363636363
BX19-N-Day;101310;2024-10-15-Day;17.544999999999998
BX19-N-Day;101313;2024-10-15-Day;15.29090909090909
BX19-N-Day;101314;2024-10-15-Day;4.884210526315789
BX19-N-Day;101315;2024-10-15-Day;9.960869565217392
BX19-N-Day;101316;2024-10-15-Day;6.868421052631578
BX19-N-Day;101318;2024-10-15-Day;10.843478260869565
BX19-N-Day;101320;2024-10-15-Day;4.731578947368421
BX19-N-Day;101321;2024-10-15-Day;15.66
BX19-N-Day;101322;2024-10-15-Day;10.357142857142858
BX19-N-Day;101324;2024-10-15-Day;17.11
BX19-N-Day;101327;2024-10-15-Day;9.715
BX19-N-Day;101328;2024-10-15-Day;15.027272727272726
BX19-N-Day;101329;2024-10-15-Day;10.794444444444444
BX19-N-Day;101330;2024-10-15-Day;9.768421052631577
BX19-N-Day;101332;2024-10-15-Day;37.989999999999995
BX19-N-Day;101335;2024-10-15-Day;9.942857142857141
BX19-N-Day;101337;2024-10-15-Day;3.3833333333333333
BX19-N-Day;101359;2024-10-15-Day;29.58
BX19-N-Day;103507;2024-10-15-Day;26.970000000000002
BX19-N-Day;103611;2024-10-15-Day;8.7
BX19-N-Day;103748;2024-10-15-Day;60.1090909090909
BX19-N-Day;104099;2024-10-15-Day;6.430434782608696
BX19-N-Day;403681;2024-10-15-Day;41.01428571428571
BX19-N-Day;403682;2024-10-15-Day;27.778947368421054
BX19-N-Day;403683;2024-10-15-Day;15.853333333333333
BX19-N-Day;403684;2024-10-15-Day;26.92857142857143
BX19-N-Day;403686;2024-10-15-Day;28.723809523809525
BX19-N-Day;403687;2024-10-15-Day;23.505263157894735
BX19-N-Day;403688;2024-10-15-Day;30.74
BX19-N-Day;404022;2024-10-15-Day;7.847058823529412
BX19-N-Day;803195;2024-10-15-Day;14.5
BX19-N-Day;902030;2024-10-15-Day;2.372727272727273
BX19-N-Evening;100561;2024-10-15-Evening;1.0545454545454545
BX19-N-Evening;100562;2024-10-15-Evening;0.29
BX19-N-Evening;100563;2024-10-15-Evening;0.9666666666666666
BX19-N-Evening;100564;2024-10-15-Evening;0.2636363636363636
BX19-N-Evening;101306;2024-10-15-Evening;15.225
BX19-N-Evening;101307;2024-10-15-Evening;25.0125
BX19-N-Evening;101309;2024-10-15-Evening;12.566666666666665
BX19-N-Evening;101310;2024-10-15-Evening;3.2222222222222223
BX19-N-Evening;101313;2024-10-15-Evening;11.277777777777777
BX19-N-Evening;101314;2024-10-15-Evening;3.954545454545454
BX19-N-Evening;101315;2024-10-15-Evening;3.2222222222222223
BX19-N-Evening;101316;2024-10-15-Evening;7.7333333333333325
BX19-N-Evening;101318;2024-10-15-Evening;8.7
BX19-N-Evening;101320;2024-10-15-Evening;3.8666666666666663
BX19-N-Evening;101321;2024-10-15-Evening;8.7
BX19-N-Evening;101322;2024-10-15-Evening;3.77
BX19-N-Evening;101324;2024-10-15-Evening;5.8
BX19-N-Evening;101327;2024-10-15-Evening;2.5777777777777775
BX19-N-Evening;101328;2024-10-15-Evening;6.327272727272726
BX19-N-Evening;101329;2024-10-15-Evening;2.175
BX19-N-Evening;101330;2024-10-15-Evening;4.35
BX19-N-Evening;101332;2024-10-15-Evening;23.727272727272727
BX19-N-Evening;101335;2024-10-15-Evening;3.954545454545454
BX19-N-Evening;101337;2024-10-15-Evening;0.7909090909090908
BX19-N-Evening;101359;2024-10-15-Evening;19.772727272727273
BX19-N-Evening;103507;2024-10-15-Evening;29.0
BX19-N-Evening;103611;2024-10-15-Evening;0.9666666666666666
BX19-N-Evening;103748;2024-10-15-Evening;39.15
BX19-N-Evening;104099;2024-10-15-Evening;3.19
BX19-N-Evening;403681;2024-10-15-Evening;46.88333333333333
BX19-N-Evening;403682;2024-10-15-Evening;20.783333333333335
BX19-N-Evening;403683;2024-10-15-Evening;7.7333333333333325
BX19-N-Evening;403684;2024-10-15-Evening;24.02857142857143
BX19-N-Evening;403686;2024-10-15-Evening;30.657142857142855
BX19-N-Evening;403687;2024-10-15-Evening;13.049999999999999
BX19-N-Evening;403688;2024-10-15-Evening;19.9375
BX19-N-Evening;404022;2024-10-15-Evening;14.5
BX19-N-Evening;803195;2024-10-15-Evening;10.875
BX19-N-Evening;902030;2024-10-15-Evening;5.8
BX19-N-Morning;100561;2024-10-15-Morning;3.3833333333333333
BX19-N-Morning;100562;2024-10-15-Morning;2.372727272727273
BX19-N-Morning;100563;2024-10-15-Morning;1.74
BX19-N-Morning;100564;2024-10-15-Morning;1.2083333333333333
BX19-N-Morning;101306;2024-10-15-Morning;16.157142857142855
BX19-N-Morning;101307;2024-10-15-Morning;30.45
BX19-N-Morning;101309;2024-10-15-Morning;22.97692307692308
BX19-N-Morning;101310;2024-10-15-Morning;7.361538461538461
BX19-N-Morning;101313;2024-10-15-Morning;10.018181818181818
BX19-N-Morning;101314;2024-10-15-Morning;2.9
BX19-N-Morning;101315;2024-10-15-Morning;7.975
BX19-N-Morning;101316;2024-10-15-Morning;8.12
BX19-N-Morning;101318;2024-10-15-Morning;6.5249999999999995
BX19-N-Morning;101320;2024-10-15-Morning;11.116666666666667
BX19-N-Morning;101321;2024-10-15-Morning;7.83
BX19-N-Morning;101322;2024-10-15-Morning;11.309999999999999
BX19-N-Morning;101324;2024-10-15-Morning;10.15
BX19-N-Morning;101327;2024-10-15-Morning;7.4111111111111105
BX19-N-Morning;101328;2024-10-15-Morning;14.5
BX19-N-Morning;101329;2024-10-15-Morning;7.7333333333333325
BX19-N-Morning;101330;2024-10-15-Morning;10.73
BX19-N-Morning;101332;2024-10-15-Morning;32.19
BX19-N-Morning;101335;2024-10-15-Morning;12.39090909090909
BX19-N-Morning;101337;2024-10-15-Morning;3.48
BX19-N-Morning;101359;2024-10-15-Morning;22.04
BX19-N-Morning;103507;2024-10-15-Morning;24.65
BX19-N-Morning;103611;2024-10-15-Morning;8.7
BX19-N-Morning;103748;2024-10-15-Morning;36.66428571428571
BX19-N-Morning;104099;2024-10-15-Morning;10.15
BX19-N-Morning;403681;2024-10-15-Morning;41.49230769230769
BX19-N-Morning;403682;2024-10-15-Morning;28.33076923076923
BX19-N-Morning;403683;2024-10-15-Morning;8.7
BX19-N-Morning;403684;2024-10-15-Morning;27.791666666666668
BX19-N-Morning;403686;2024-10-15-Morning;37.699999999999996
BX19-N-Morning;403687;2024-10-15-Morning;18.73846153846154
BX19-N-Morning;403688;2024-10-15-Morning;25.27142857142857
BX19-N-Morning;404022;2024-10-15-Morning;14.5
BX19-N-Morning;803195;2024-10-15-Morning;7.7333333333333325
BX19-N-Morning;902030;2024-10-15-Morning;0.9666666666666666
BX19-N-Night;101306;2024-10-15-Night;0.0
BX19-N-Night;101307;2024-10-15-Night;20.3
BX19-N-Night;101309;2024-10-15-Night;11.6
BX19-N-Night;101310;2024-10-15-Night;0.0
BX19-N-Night;101313;2024-10-15-Night;8.7
BX19-N-Night;101314;2024-10-15-Night;8.7
BX19-N-Night;101315;2024-10-15-Night;0.0
BX19-N-Night;101318;2024-10-15-Night;5.8
BX19-N-Night;101324;2024-10-15-Night;5.8
BX19-N-Night;101327;2024-10-15-Night;0.0
BX19-N-Night;101328;2024-10-15-Night;0.9666666666666666
BX19-N-Night;101329;2024-10-15-Night;2.9
BX19-N-Night;101330;2024-10-15-Night;2.9
BX19-N-Night;101332;2024-10-15-Night;8.7
BX19-N-Night;101335;2024-10-15-Night;2.9
BX19-N-Night;101337;2024-10-15-Night;0.0
BX19-N-Night;101359;2024-10-15-Night;0.0
BX19-N-Night;103507;2024-10-15-Night;5.8
BX19-N-Night;103748;2024-10-15-Night;2.9
BX19-N-Night;104099;2024-10-15-Night;0.0
BX19-N-Night;403686;2024-10-15-Night;8.7
BX19-N-Night;403687;2024-10-15-Night;11.6
BX19-N-Night;403688;2024-10-15-Night;8.7
BX19-N-Night;902030;2024-10-15-Night;0.0
BX19-N-RushHour;100561;2024-10-15-RushHour;1.0875
BX19-N-RushHour;100562;2024-10-15-RushHour;1.45
BX19-N-RushHour;100563;2024-10-15-RushHour;1.2888888888888888
BX19-N-RushHour;100564;2024-10-15-RushHour;0.58
BX19-N-RushHour;101306;2024-10-15-RushHour;31.255555555555556
BX19-N-RushHour;101307;2024-10-15-RushHour;34.51
BX19-N-RushHour;101309;2024-10-15-RushHour;33.06
BX19-N-RushHour;101310;2024-10-15-RushHour;12.88888888888889
BX19-N-RushHour;101313;2024-10-15-RushHour;20.62222222222222
BX19-N-RushHour;101314;2024-10-15-RushHour;5.8
BX19-N-RushHour;101315;2024-10-15-RushHour;16.87272727272727
BX19-N-RushHour;101316;2024-10-15-RushHour;12.244444444444444
BX19-N-RushHour;101318;2024-10-15-RushHour;17.136363636363637
BX19-N-RushHour;101320;2024-10-15-RushHour;9.7875
BX19-N-RushHour;101321;2024-10-15-RushHour;18.27
BX19-N-RushHour;101322;2024-10-15-RushHour;17.07777777777778
BX19-N-RushHour;101324;2024-10-15-RushHour;13.972727272727273
BX19-N-RushHour;101327;2024-10-15-RushHour;7.909090909090908
BX19-N-RushHour;101328;2024-10-15-RushHour;14.5
BX19-N-RushHour;101329;2024-10-15-RushHour;2.9
BX19-N-RushHour;101330;2024-10-15-RushHour;3.690909090909091
BX19-N-RushHour;101332;2024-10-15-RushHour;39.63333333333333
BX19-N-RushHour;101335;2024-10-15-RushHour;10.545454545454545
BX19-N-RushHour;101337;2024-10-15-RushHour;4.591666666666666
BX19-N-RushHour;101359;2024-10-15-RushHour;37.12
BX19-N-RushHour;103507;2024-10-15-RushHour;44.027272727272724
BX19-N-RushHour;103611;2024-10-15-RushHour;6.444444444444445
BX19-N-RushHour;103748;2024-10-15-RushHour;65.25
BX19-N-RushHour;104099;2024-10-15-RushHour;6.09
BX19-N-RushHour;403681;2024-10-15-RushHour;50.91111111111111
BX19-N-RushHour;403682;2024-10-15-RushHour;32.262499999999996
BX19-N-RushHour;403683;2024-10-15-RushHour;14.5
BX19-N-RushHour;403684;2024-10-15-RushHour;49.59
BX19-N-RushHour;403686;2024-10-15-RushHour;34.47777777777778
BX19-N-RushHour;403687;2024-10-15-RushHour;31.9
BX19-N-RushHour;403688;2024-10-15-RushHour;39.44
BX19-N-RushHour;404022;2024-10-15-RushHour;9.183333333333332
BX19-N-RushHour;803195;2024-10-15-RushHour;27.34285714285714
BX19-N-RushHour;902030;2024-10-15-RushHour;5.8
BX19-S-Day;100273;2024-10-15-Day;30.014999999999997
BX19-S-Day;100640;2024-10-15-Day;33.578947368421055
BX19-S-Day;100641;2024-10-15-Day;17.23888888888889
BX19-S-Day;100642;2024-10-15-Day;18.252941176470586
BX19-S-Day;100643;2024-10-15-Day;12.373333333333333
BX19-S-Day;101347;2024-10-15-Day;25.616666666666667
BX19-S-Day;101352;2024-10-15-Day;17.814285714285713
BX19-S-Day;101354;2024-10-15-Day;10.531578947368422
BX19-S-Day;101355;2024-10-15-Day;8.555
BX19-S-Day;101356;2024-10-15-Day;15.422727272727272
BX19-S-Day;101358;2024-10-15-Day;17.07777777777778
BX19-S-Day;101360;2024-10-15-Day;5.155555555555555
BX19-S-Day;101362;2024-10-15-Day;11.185714285714285
BX19-S-Day;101363;2024-10-15-Day;15.19047619047619
BX19-S-Day;101364;2024-10-15-Day;10.064705882352941
BX19-S-Day;101366;2024-10-15-Day;20.3
BX19-S-Day;101368;2024-10-15-Day;24.878947368421052
BX19-S-Day;101369;2024-10-15-Day;26.92857142857143
BX19-S-Day;101370;2024-10-15-Day;17.705263157894738
BX19-S-Day;101372;2024-10-15-Day;14.5
BX19-S-Day;101374;2024-10-15-Day;17.23888888888889
BX19-S-Day;101375;2024-10-15-Day;30.242857142857144
BX19-S-Day;101377;2024-10-15-Day;27.68181818181818
BX19-S-Day;101378;2024-10-15-Day;15.08
BX19-S-Day;103612;2024-10-15-Day;6.5249999999999995
BX19-S-Day;103640;2024-10-15-Day;3.8666666666666663
BX19-S-Day;103723;2024-10-15-Day;15.66
BX19-S-Day;103917;2024-10-15-Day;32.42727272727272
BX19-S-Day;104221;2024-10-15-Day;30.104761904761904
BX19-S-Day;104233;2024-10-15-Day;50.26666666666666
BX19-S-Day;104242;2024-10-15-Day;8.7
BX19-S-Day;403689;2024-10-15-Day;18.586363636363636
BX19-S-Day;403690;2024-10-15-Day;14.347368421052632
BX19-S-Day;403691;2024-10-15-Day;15.76086956521739
BX19-S-Day;403693;2024-10-15-Day;9.834782608695651
BX19-S-Day;403694;2024-10-15-Day;0.8055555555555556
BX19-S-Day;403695;2024-10-15-Day;1.657142857142857
BX19-S-Day;403696;2024-10-15-Day;1.1047619047619046
BX19-S-Day;403950;2024-10-15-Day;0.0
BX19-S-Day;803194;2024-10-15-Day;1.5352941176470587
BX19-S-Evening;100273;2024-10-15-Evening;16.985714285714284
BX19-S-Evening;100640;2024-10-15-Evening;34.8
BX19-S-Evening;100641;2024-10-15-Evening;7.975
BX19-S-Evening;100642;2024-10-15-Evening;4.64
BX19-S-Evening;100643;2024-10-15-Evening;8.12
BX19-S-Evening;101347;2024-10-15-Evening;12.083333333333334
BX19-S-Evening;101352;2024-10-15-Evening;9.666666666666666
BX19-S-Evening;101354;2024-10-15-Evening;1.9333333333333331
BX19-S-Evening;101355;2024-10-15-Evening;3.8666666666666663
BX19-S-Evening;101356;2024-10-15-Evening;10.15
BX19-S-Evening;101358;2024-10-15-Evening;2.9
BX19-S-Evening;101360;2024-10-15-Evening;0.9666666666666666
BX19-S-Evening;101362;2024-10-15-Evening;2.4857142857142853
BX19-S-Evening;101363;2024-10-15-Evening;9.114285714285714
BX19-S-Evening;101364;2024-10-15-Evening;3.625
BX19-S-Evening;101366;2024-10-15-Evening;9.666666666666666
BX19-S-Evening;101368;2024-10-15-Evening;11.6
BX19-S-Evening;101369;2024-10-15-Evening;9.183333333333332
BX19-S-Evening;101370;2024-10-15-Evening;13.92
BX19-S-Evening;101372;2024-10-15-Evening;10.15
BX19-S-Evening;101374;2024-10-15-Evening;9.28
BX19-S-Evening;101375;2024-10-15-Evening;18.849999999999998
BX19-S-Evening;101377;2024-10-15-Evening;25.685714285714287
BX19-S-Evening;101378;2024-10-15-Evening;19.885714285714283
BX19-S-Evening;103612;2024-10-15-Evening;9.666666666666666
BX19-S-Evening;103640;2024-10-15-Evening;11.6
BX19-S-Evening;103723;2024-10-15-Evening;0.9666666666666666
BX19-S-Evening;103917;2024-10-15-Evening;18.366666666666664
BX19-S-Evening;104221;2024-10-15-Evening;21.957142857142856
BX19-S-Evening;104233;2024-10-15-Evening;34.8
BX19-S-Evening;104242;2024-10-15-Evening;1.9333333333333331
BX19-S-Evening;403689;2024-10-15-Evening;18.642857142857142
BX19-S-Evening;403690;2024-10-15-Evening;8.285714285714286
BX19-S-Evening;403691;2024-10-15-Evening;16.985714285714284
BX19-S-Evening;403693;2024-10-15-Evening;9.942857142857141
BX19-S-Evening;403694;2024-10-15-Evening;2.32
BX19-S-Evening;403695;2024-10-15-Evening;0.0
BX19-S-Evening;403696;2024-10-15-Evening;0.8285714285714285
BX19-S-Evening;403950;2024-10-15-Evening;1.9333333333333331
BX19-S-Evening;803194;2024-10-15-Evening;0.0
BX19-S-Morning;100273;2024-10-15-Morning;18.753333333333334
BX19-S-Morning;100640;2024-10-15-Morning;33.48181818181818
BX19-S-Morning;100641;2024-10-15-Morning;25.27142857142857
BX19-S-Morning;100642;2024-10-15-Morning;20.686666666666667
BX19-S-Morning;100643;2024-10-15-Morning;24.538461538461537
BX19-S-Morning;101347;2024-10-15-Morning;38.473333333333336
BX19-S-Morning;101352;2024-10-15-Morning;25.91875
BX19-S-Morning;101354;2024-10-15-Morning;10.707692307692309
BX19-S-Morning;101355;2024-10-15-Morning;12.39090909090909
BX19-S-Morning;101356;2024-10-15-Morning;24.166666666666668
BX19-S-Morning;101358;2024-10-15-Morning;8.285714285714286
BX19-S-Morning;101360;2024-10-15-Morning;11.823076923076922
BX19-S-Morning;101362;2024-10-15-Morning;6.590909090909092
BX19-S-Morning;101363;2024-10-15-Morning;7.361538461538461
BX19-S-Morning;101364;2024-10-15-Morning;5.51
BX19-S-Morning;101366;2024-10-15-Morning;19.407692307692308
BX19-S-Morning;101368;2024-10-15-Morning;23.869230769230764
BX19-S-Morning;101369;2024-10-15-Morning;10.15
BX19-S-Morning;101370;2024-10-15-Morning;13.607692307692307
BX19-S-Morning;101372;2024-10-15-Morning;12.046153846153846
BX19-S-Morning;101374;2024-10-15-Morning;13.161538461538461
BX19-S-Morning;101375;2024-10-15-Morning;21.20625
BX19-S-Morning;101377;2024-10-15-Morning;17.98
BX19-S-Morning;101378;2024-10-15-Morning;18.366666666666664
BX19-S-Morning;103612;2024-10-15-Morning;8.492857142857142
BX19-S-Morning;103640;2024-10-15-Morning;34.8
BX19-S-Morning;103723;2024-10-15-Morning;8.172727272727274
BX19-S-Morning;103917;2024-10-15-Morning;42.05
BX19-S-Morning;104221;2024-10-15-Morning;31.692857142857143
BX19-S-Morning;104233;2024-10-15-Morning;29.669230769230765
BX19-S-Morning;104242;2024-10-15-Morning;13.83076923076923
BX19-S-Morning;403689;2024-10-15-Morning;11.78125
BX19-S-Morning;403690;2024-10-15-Morning;10.15
BX19-S-Morning;403691;2024-10-15-Morning;14.113333333333332
BX19-S-Morning;403693;2024-10-15-Morning;9.735714285714286
BX19-S-Morning;403694;2024-10-15-Morning;0.0
BX19-S-Morning;403695;2024-10-15-Morning;0.6214285714285713
BX19-S-Morning;403696;2024-10-15-Morning;0.38666666666666666
BX19-S-Morning;403950;2024-10-15-Morning;0.0
BX19-S-Morning;803194;2024-10-15-Morning;1.74
BX19-S-Night;100640;2024-10-15-Night;10.15
BX19-S-Night;100641;2024-10-15-Night;5.8
BX19-S-Night;100642;2024-10-15-Night;2.9
BX19-S-Night;101347;2024-10-15-Night;5.8
BX19-S-Night;101352;2024-10-15-Night;2.9
BX19-S-Night;101354;2024-10-15-Night;5.8
BX19-S-Night;101363;2024-10-15-Night;0.0
BX19-S-Night;101364;2024-10-15-Night;0.0
BX19-S-Night;101366;2024-10-15-Night;8.7
BX19-S-Night;101368;2024-10-15-Night;5.8
BX19-S-Night;101369;2024-10-15-Night;5.8
BX19-S-Night;101372;2024-10-15-Night;2.9
BX19-S-Night;101374;2024-10-15-Night;0.0
BX19-S-Night;101377;2024-10-15-Night;2.9
BX19-S-Night;101378;2024-10-15-Night;0.0
BX19-S-Night;103612;2024-10-15-Night;8.7
BX19-S-Night;103723;2024-10-15-Night;2.9
BX19-S-Night;103917;2024-10-15-Night;0.0
BX19-S-Night;104221;2024-10-15-Night;11.6
BX19-S-Night;104233;2024-10-15-Night;14.5
BX19-S-Night;104242;2024-10-15-Night;2.9
BX19-S-Night;403689;2024-10-15-Night;0.0
BX19-S-Night;403690;2024-10-15-Night;14.5
BX19-S-Night;403691;2024-10-15-Night;2.9
BX19-S-Night;403693;2024-10-15-Night;0.0
BX19-S-Night;403695;2024-10-15-Night;2.9
BX19-S-Night;403696;2024-10-15-Night;31.9
BX19-S-RushHour;100273;2024-10-15-RushHour;21.266666666666666
BX19-S-RushHour;100640;2024-10-15-RushHour;56.1875
BX19-S-RushHour;100641;2024-10-15-RushHour;21.025
BX19-S-RushHour;100642;2024-10-15-RushHour;14.5
BX19-S-RushHour;100643;2024-10-15-RushHour;12.428571428571427
BX19-S-RushHour;101347;2024-10-15-RushHour;29.96666666666667
BX19-S-RushHour;101352;2024-10-15-RushHour;18.27
BX19-S-RushHour;101354;2024-10-15-RushHour;9.569999999999999
BX19-S-RushHour;101355;2024-10-15-RushHour;6.96
BX19-S-RushHour;101356;2024-10-15-RushHour;16.82
BX19-S-RushHour;101358;2024-10-15-RushHour;7.7333333333333325
BX19-S-RushHour;101360;2024-10-15-RushHour;7.25
BX19-S-RushHour;101362;2024-10-15-RushHour;5.4375
BX19-S-RushHour;101363;2024-10-15-RushHour;10.73
BX19-S-RushHour;101364;2024-10-15-RushHour;5.8
BX19-S-RushHour;101366;2024-10-15-RushHour;12.654545454545453
BX19-S-RushHour;101368;2024-10-15-RushHour;26.825
BX19-S-RushHour;101369;2024-10-15-RushHour;21.025
BX19-S-RushHour;101370;2024-10-15-RushHour;13.533333333333333
BX19-S-RushHour;101372;2024-10-15-RushHour;11.889999999999999
BX19-S-RushHour;101374;2024-10-15-RushHour;21.91111111111111
BX19-S-RushHour;101375;2024-10-15-RushHour;37.17272727272727
BX19-S-RushHour;101377;2024-10-15-RushHour;39.73
BX19-S-RushHour;101378;2024-10-15-RushHour;28.03333333333333
BX19-S-RushHour;103612;2024-10-15-RushHour;5.316666666666666
BX19-S-RushHour;103640;2024-10-15-RushHour;5.075
BX19-S-RushHour;103723;2024-10-15-RushHour;10.633333333333333
BX19-S-RushHour;103917;2024-10-15-RushHour;27.71111111111111
BX19-S-RushHour;104221;2024-10-15-RushHour;45.11111111111111
BX19-S-RushHour;104233;2024-10-15-RushHour;62.059999999999995
BX19-S-RushHour;104242;2024-10-15-RushHour;11.309999999999999
BX19-S-RushHour;403689;2024-10-15-RushHour;28.71
BX19-S-RushHour;403690;2024-10-15-RushHour;8.3375
BX19-S-RushHour;403691;2024-10-15-RushHour;24.07
BX19-S-RushHour;403693;2024-10-15-RushHour;14.177777777777779
BX19-S-RushHour;403694;2024-10-15-RushHour;3.48
BX19-S-RushHour;403695;2024-10-15-RushHour;3.2222222222222223
BX19-S-RushHour;403696;2024-10-15-RushHour;0.7909090909090908
BX19-S-RushHour;403950;2024-10-15-RushHour;0.0
BX19-S-RushHour;803194;2024-10-15-RushHour;2.175
M101-N-Day;401444;2024-10-15-Day;15.95
M101-N-Day;401446;2024-10-15-Day;0.9666666666666666
M101-N-Day;401447;2024-10-15-Day;3.8666666666666663
M101-N-Day;401448;2024-10-15-Day;4.833333333333333
M101-N-Day;401946;2024-10-15-Day;9.86
M101-N-Day;402502;2024-10-15-Day;29.724999999999998
M101-N-Day;402503;2024-10-15-Day;34.8
M101-N-Day;402504;2024-10-15-Day;6.96
M101-N-Day;402505;2024-10-15-Day;2.9
M101-N-Day;402506;2024-10-15-Day;23.2
M101-N-Day;402507;2024-10-15-Day;44.949999999999996
M101-N-Day;402508;2024-10-15-Day;22.474999999999998
M101-N-Day;402509;2024-10-15-Day;18.849999999999998
M101-N-Day;402510;2024-10-15-Day;21.75
M101-N-Day;402517;2024-10-15-Day;15.225
M101-N-Day;402518;2024-10-15-Day;6.5249999999999995
M101-N-Day;402519;2024-10-15-Day;4.833333333333333
M101-N-Day;402520;2024-10-15-Day;4.833333333333333
M101-N-Day;402521;2024-10-15-Day;13.049999999999999
M101-N-Day;402526;2024-10-15-Day;12.325
M101-N-Day;402679;2024-10-15-Day;26.099999999999998
M101-N-Day;402682;2024-10-15-Day;5.8
M101-N-Day;402688;2024-10-15-Day;0.725
M101-N-Day;402740;2024-10-15-Day;0.725
M101-N-Day;402741;2024-10-15-Day;4.35
M101-N-Day;402744;2024-10-15-Day;0.0
M101-N-Day;402745;2024-10-15-Day;7.54
M101-N-Day;402748;2024-10-15-Day;0.0
M101-N-Day;402749;2024-10-15-Day;0.0
M101-N-Day;403432;2024-10-15-Day;7.975
M101-N-Day;403433;2024-10-15-Day;22.619999999999997
M101-N-Day;403434;2024-10-15-Day;11.6
M101-N-Day;403436;2024-10-15-Day;10.44
M101-N-Day;403545;2024-10-15-Day;9.86
M101-N-Day;403777;2024-10-15-Day;6.5249999999999995
M101-N-Day;403855;2024-10-15-Day;16.433333333333334
M101-N-Day;403913;2024-10-15-Day;20.3
M101-N-Day;404853;2024-10-15-Day;7.975
M101-N-Day;405073;2024-10-15-Day;4.35
M101-N-Day;405074;2024-10-15-Day;2.175
M101-N-Day;405075;2024-10-15-Day;5.075
M101-N-Day;405076;2024-10-15-Day;6.5249999999999995
M101-N-Day;405077;2024-10-15-Day;1.45
M101-N-Day;405103;2024-10-15-Day;4.35
M101-N-Day;405154;2024-10-15-Day;9.666666666666666
M101-N-Day;405155;2024-10-15-Day;7.25
M101-N-Day;405181;2024-10-15-Day;42.92
M101-N-Day;405185;2024-10-15-Day;0.0
M101-N-Day;450228;2024-10-15-Day;12.566666666666665
M101-N-Day;903340;2024-10-15-Day;1.9333333333333331
M101-N-Evening;401444;2024-10-15-Evening;9.424999999999999
M101-N-Evening;401446;2024-10-15-Evening;8.7
M101-N-Evening;401447;2024-10-15-Evening;4.35
M101-N-Evening;401448;2024-10-15-Evening;0.9666666666666666
M101-N-Evening;401946;2024-10-15-Evening;0.0
M101-N-Evening;402502;2024-10-15-Evening;3.625
M101-N-Evening;402503;2024-10-15-Evening;34.8
M101-N-Evening;402504;2024-10-15-Evening;10.633333333333333
M101-N-Evening;402505;2024-10-15-Evening;4.35
M101-N-Evening;402506;2024-10-15-Evening;13.533333333333333
M101-N-Evening;402507;2024-10-15-Evening;28.275
M101-N-Evening;402508;2024-10-15-Evening;17.4
M101-N-Evening;402509;2024-10-15-Evening;10.633333333333333
M101-N-Evening;402510;2024-10-15-Evening;19.333333333333332
M101-N-Evening;402517;2024-10-15-Evening;4.35
M101-N-Evening;402518;2024-10-15-Evening;2.9
M101-N-Evening;402519;2024-10-15-Evening;1.45
M101-N-Evening;402520;2024-10-15-Evening;0.0
M101-N-Evening;402521;2024-10-15-Evening;4.64
M101-N-Evening;402526;2024-10-15-Evening;8.12
M101-N-Evening;402674;2024-10-15-Evening;2.9
M101-N-Evening;402679;2024-10-15-Evening;6.766666666666667
M101-N-Evening;402680;2024-10-15-Evening;11.6
M101-N-Evening;402681;2024-10-15-Evening;5.8
M101-N-Evening;402682;2024-10-15-Evening;2.9
M101-N-Evening;402688;2024-10-15-Evening;6.5249999999999995
M101-N-Evening;402692;2024-10-15-Evening;8.7
M101-N-Evening;402696;2024-10-15-Evening;0.0
M101-N-Evening;402740;2024-10-15-Evening;0.0
M101-N-Evening;402741;2024-10-15-Evening;0.0
M101-N-Evening;402744;2024-10-15-Evening;0.0
M101-N-Evening;402745;2024-10-15-Evening;0.4833333333333333
M101-N-Evening;402748;2024-10-15-Evening;0.0
M101-N-Evening;402749;2024-10-15-Evening;0.58
M101-N-Evening;403432;2024-10-15-Evening;1.45
M101-N-Evening;403433;2024-10-15-Evening;8.7
M101-N-Evening;403434;2024-10-15-Evening;22.474999999999998
M101-N-Evening;403436;2024-10-15-Evening;9.666666666666666
M101-N-Evening;403545;2024-10-15-Evening;33.35
M101-N-Evening;403765;2024-10-15-Evening;0.0
M101-N-Evening;403777;2024-10-15-Evening;4.06
M101-N-Evening;403855;2024-10-15-Evening;0.0
M101-N-Evening;403913;2024-10-15-Evening;5.8
M101-N-Evening;404853;2024-10-15-Evening;7.25
M101-N-Evening;405073;2024-10-15-Evening;2.175
M101-N-Evening;405074;2024-10-15-Evening;0.725
M101-N-Evening;405075;2024-10-15-Evening;5.8
M101-N-Evening;405076;2024-10-15-Evening;3.625
M101-N-Evening;405077;2024-10-15-Evening;2.9
M101-N-Evening;405103;2024-10-15-Evening;4.35
M101-N-Evening;405154;2024-10-15-Evening;4.35
M101-N-Evening;405155;2024-10-15-Evening;5.8
M101-N-Evening;405181;2024-10-15-Evening;19.575
M101-N-Evening;405480;2024-10-15-Evening;2.9
M101-N-Evening;405488;2024-10-15-Evening;11.6
M101-N-Evening;450228;2024-10-15-Evening;7.25
M101-N-Evening;903340;2024-10-15-Evening;0.0
M101-N-Morning;401444;2024-10-15-Morning;7.54
M101-N-Morning;401446;2024-10-15-Morning;1.9333333333333331
M101-N-Morning;401447;2024-10-15-Morning;4.35
M101-N-Morning;401448;2024-10-15-Morning;2.175
M101-N-Morning;401946;2024-10-15-Morning;18.849999999999998
M101-N-Morning;402502;2024-10-15-Morning;8.12
M101-N-Morning;402503;2024-10-15-Morning;78.88
M101-N-Morning;402504;2024-10-15-Morning;17.98
M101-N-Morning;402505;2024-10-15-Morning;4.64
M101-N-Morning;402506;2024-10-15-Morning;3.625
M101-N-Morning;402507;2024-10-15-Morning;23.2
M101-N-Morning;402508;2024-10-15-Morning;5.8
M101-N-Morning;402509;2024-10-15-Morning;0.0
M101-N-Morning;402510;2024-10-15-Morning;11.02
M101-N-Morning;402517;2024-10-15-Morning;1.74
M101-N-Morning;402518;2024-10-15-Morning;0.0
M101-N-Morning;402519;2024-10-15-Morning;0.0
M101-N-Morning;402520;2024-10-15-Morning;1.45
M101-N-Morning;402521;2024-10-15-Morning;2.9
M101-N-Morning;402526;2024-10-15-Morning;14.5
M101-N-Morning;402679;2024-10-15-Morning;17.98
M101-N-Morning;402682;2024-10-15-Morning;7.54
M101-N-Morning;402688;2024-10-15-Morning;19.333333333333332
M101-N-Morning;402740;2024-10-15-Morning;4.35
M101-N-Morning;402741;2024-10-15-Morning;0.0
M101-N-Morning;402744;2024-10-15-Morning;0.0
M101-N-Morning;402745;2024-10-15-Morning;3.625
M101-N-Morning;402748;2024-10-15-Morning;0.0
M101-N-Morning;402749;2024-10-15-Morning;0.0
M101-N-Morning;403432;2024-10-15-Morning;13.339999999999998
M101-N-Morning;403433;2024-10-15-Morning;7.54
M101-N-Morning;403434;2024-10-15-Morning;5.8
M101-N-Morning;403436;2024-10-15-Morning;22.619999999999997
M101-N-Morning;403545;2024-10-15-Morning;22.474999999999998
M101-N-Morning;403777;2024-10-15-Morning;23.925
M101-N-Morning;403855;2024-10-15-Morning;20.88
M101-N-Morning;403913;2024-10-15-Morning;19.72
M101-N-Morning;404853;2024-10-15-Morning;1.16
M101-N-Morning;405073;2024-10-15-Morning;3.625
M101-N-Morning;405074;2024-10-15-Morning;4.833333333333333
M101-N-Morning;405075;2024-10-15-Morning;3.8666666666666663
M101-N-Morning;405076;2024-10-15-Morning;1.74
M101-N-Morning;405077;2024-10-15-Morning;0.0
M101-N-Morning;405103;2024-10-15-Morning;1.9333333333333331
M101-N-Morning;405154;2024-10-15-Morning;2.9
M101-N-Morning;405155;2024-10-15-Morning;10.633333333333333
M101-N-Morning;405181;2024-10-15-Morning;23.779999999999998
M101-N-Morning;405185;2024-10-15-Morning;0.0
M101-N-Morning;450228;2024-10-15-Morning;23.925
M101-N-Morning;903340;2024-10-15-Morning;0.0
M101-N-Night;401444;2024-10-15-Night;5.8
M101-N-Night;401446;2024-10-15-Night;2.9
M101-N-Night;401447;2024-10-15-Night;2.9
M101-N-Night;401448;2024-10-15-Night;1.9333333333333331
M101-N-Night;401947;2024-10-15-Night;0.0
M101-N-Night;402503;2024-10-15-Night;7.25
M101-N-Night;402506;2024-10-15-Night;4.35
M101-N-Night;402507;2024-10-15-Night;8.7
M101-N-Night;402508;2024-10-15-Night;2.9
M101-N-Night;402509;2024-10-15-Night;0.0
M101-N-Night;402510;2024-10-15-Night;0.9666666666666666
M101-N-Night;402517;2024-10-15-Night;2.9
M101-N-Night;402518;2024-10-15-Night;0.0
M101-N-Night;402521;2024-10-15-Night;2.9
M101-N-Night;402526;2024-10-15-Night;2.9
M101-N-Night;402678;2024-10-15-Night;2.9
M101-N-Night;402679;2024-10-15-Night;8.7
M101-N-Night;402697;2024-10-15-Night;0.0
M101-N-Night;402707;2024-10-15-Night;4.35
M101-N-Night;402741;2024-10-15-Night;0.0
M101-N-Night;402744;2024-10-15-Night;0.0
M101-N-Night;402745;2024-10-15-Night;0.0
M101-N-Night;402749;2024-10-15-Night;0.0
M101-N-Night;403436;2024-10-15-Night;5.8
M101-N-Night;404853;2024-10-15-Night;8.7
M101-N-Night;405073;2024-10-15-Night;0.0
M101-N-Night;405074;2024-10-15-Night;2.9
M101-N-Night;405075;2024-10-15-Night;2.9
M101-N-Night;405076;2024-10-15-Night;0.0
M101-N-Night;405077;2024-10-15-Night;0.0
M101-N-Night;405155;2024-10-15-Night;2.9
M101-N-Night;405181;2024-10-15-Night;0.0
M101-N-Night;405185;2024-10-15-Night;0.0
M101-N-Night;405480;2024-10-15-Night;5.8
M101-N-Night;450228;2024-10-15-Night;11.6
M101-N-Night;450492;2024-10-15-Night;2.9
M101-N-Night;903340;2024-10-15-Night;2.9
M101-N-RushHour;401444;2024-10-15-RushHour;16.675
M101-N-RushHour;401446;2024-10-15-RushHour;7.25
M101-N-RushHour;401447;2024-10-15-RushHour;3.625
M101-N-RushHour;401448;2024-10-15-RushHour;13.049999999999999
M101-N-RushHour;401946;2024-10-15-RushHour;17.4
M101-N-RushHour;402502;2024-10-15-RushHour;12.566666666666665
M101-N-RushHour;402503;2024-10-15-RushHour;47.36666666666666
M101-N-RushHour;402504;2024-10-15-RushHour;7.7333333333333325
M101-N-RushHour;402505;2024-10-15-RushHour;6.766666666666667
M101-N-RushHour;402506;2024-10-15-RushHour;2.175
M101-N-RushHour;402507;2024-10-15-RushHour;32.625
M101-N-RushHour;402508;2024-10-15-RushHour;32.625
M101-N-RushHour;402509;2024-10-15-RushHour;18.125
M101-N-RushHour;402510;2024-10-15-RushHour;11.6
M101-N-RushHour;402517;2024-10-15-RushHour;15.225
M101-N-RushHour;402518;2024-10-15-RushHour;0.0
M101-N-RushHour;402519;2024-10-15-RushHour;15.466666666666665
M101-N-RushHour;402520;2024-10-15-RushHour;5.8
M101-N-RushHour;402521;2024-10-15-RushHour;1.9333333333333331
M101-N-RushHour;402526;2024-10-15-RushHour;4.35
M101-N-RushHour;402679;2024-10-15-RushHour;23.2
M101-N-RushHour;402682;2024-10-15-RushHour;11.6
M101-N-RushHour;402688;2024-10-15-RushHour;28.03333333333333
M101-N-RushHour;402696;2024-10-15-RushHour;0.0
M101-N-RushHour;402704;2024-10-15-RushHour;0.0
M101-N-RushHour;402707;2024-10-15-RushHour;0.0
M101-N-RushHour;402740;2024-10-15-RushHour;0.0
M101-N-RushHour;402741;2024-10-15-RushHour;1.45
M101-N-RushHour;402744;2024-10-15-RushHour;0.9666666666666666
M101-N-RushHour;402745;2024-10-15-RushHour;1.45
M101-N-RushHour;402748;2024-10-15-RushHour;0.0
M101-N-RushHour;402749;2024-10-15-RushHour;0.0
M101-N-RushHour;403432;2024-10-15-RushHour;10.633333333333333
M101-N-RushHour;403433;2024-10-15-RushHour;2.9
M101-N-RushHour;403434;2024-10-15-RushHour;31.9
M101-N-RushHour;403436;2024-10-15-RushHour;46.4
M101-N-RushHour;403545;2024-10-15-RushHour;23.2
M101-N-RushHour;403765;2024-10-15-RushHour;0.0
M101-N-RushHour;403777;2024-10-15-RushHour;22.233333333333334
M101-N-RushHour;403855;2024-10-15-RushHour;21.266666666666666
M101-N-RushHour;403913;2024-10-15-RushHour;18.849999999999998
M101-N-RushHour;404853;2024-10-15-RushHour;2.9
M101-N-RushHour;405073;2024-10-15-RushHour;5.8
M101-N-RushHour;405074;2024-10-15-RushHour;2.9
M101-N-RushHour;405075;2024-10-15-RushHour;11.6
M101-N-RushHour;405076;2024-10-15-RushHour;7.25
M101-N-RushHour;405077;2024-10-15-RushHour;0.0
M101-N-RushHour;405103;2024-10-15-RushHour;8.7
M101-N-RushHour;405154;2024-10-15-RushHour;5.8
M101-N-RushHour;405155;2024-10-15-RushHour;8.7
M101-N-RushHour;405181;2024-10-15-RushHour;48.333333333333336
M101-N-RushHour;450228;2024-10-15-RushHour;29.0
M101-N-RushHour;903340;2024-10-15-RushHour;5.8
M101-S-Day;401458;2024-10-15-Day;16.916666666666664
M101-S-Day;401459;2024-10-15-Day;12.18
M101-S-Day;402638;2024-10-15-Day;13.67142857142857
M101-S-Day;402639;2024-10-15-Day;11.116666666666667
M101-S-Day;402641;2024-10-15-Day;11.6
M101-S-Day;402642;2024-10-15-Day;7.25
M101-S-Day;402643;2024-10-15-Day;5.316666666666666
M101-S-Day;402644;2024-10-15-Day;10.15
M101-S-Day;402645;2024-10-15-Day;5.8
M101-S-Day;402646;2024-10-15-Day;4.35
M101-S-Day;402647;2024-10-15-Day;16.571428571428573
M101-S-Day;402653;2024-10-15-Day;16.985714285714284
M101-S-Day;402657;2024-10-15-Day;10.15
M101-S-Day;402658;2024-10-15-Day;19.2125
M101-S-Day;402659;2024-10-15-Day;22.474999999999998
M101-S-Day;402660;2024-10-15-Day;11.185714285714285
M101-S-Day;402661;2024-10-15-Day;3.9875
M101-S-Day;402662;2024-10-15-Day;3.8666666666666663
M101-S-Day;402723;2024-10-15-Day;7.54
M101-S-Day;402764;2024-10-15-Day;10.15
M101-S-Day;402766;2024-10-15-Day;1.45
M101-S-Day;402767;2024-10-15-Day;27.55
M101-S-Day;402769;2024-10-15-Day;33.35
M101-S-Day;402772;2024-10-15-Day;5.316666666666666
M101-S-Day;402773;2024-10-15-Day;3.8666666666666663
M101-S-Day;402774;2024-10-15-Day;5.8
M101-S-Day;402816;2024-10-15-Day;5.155555555555555
M101-S-Day;402826;2024-10-15-Day;21.025
M101-S-Day;402854;2024-10-15-Day;3.8666666666666663
M101-S-Day;403416;2024-10-15-Day;10.15
M101-S-Day;403417;2024-10-15-Day;6.8875
M101-S-Day;403418;2024-10-15-Day;9.0625
M101-S-Day;403419;2024-10-15-Day;9.424999999999999
M101-S-Day;403421;2024-10-15-Day;8.285714285714286
M101-S-Day;403422;2024-10-15-Day;4.833333333333333
M101-S-Day;403424;2024-10-15-Day;5.8
M101-S-Day;403425;2024-10-15-Day;8.12
M101-S-Day;403821;2024-10-15-Day;3.3833333333333333
M101-S-Day;404008;2024-10-15-Day;11.02
M101-S-Day;404106;2024-10-15-Day;0.58
M101-S-Day;404171;2024-10-15-Day;2.4166666666666665
M101-S-Day;404255;2024-10-15-Day;21.025
M101-S-Day;404949;2024-10-15-Day;11.116666666666667
M101-S-Day;405069;2024-10-15-Day;6.38
M101-S-Day;405070;2024-10-15-Day;10.44
M101-S-Day;405078;2024-10-15-Day;18.4875
M101-S-Day;405186;2024-10-15-Day;2.9
M101-S-Day;405416;2024-10-15-Day;21.025
M101-S-Day;903148;2024-10-15-Day;0.0
M101-S-Day;903341;2024-10-15-Day;5.075
M101-S-Evening;401458;2024-10-15-Evening;9.666666666666666
M101-S-Evening;401459;2024-10-15-Evening;8.7
M101-S-Evening;401974;2024-10-15-Evening;0.0
M101-S-Evening;402638;2024-10-15-Evening;9.424999999999999
M101-S-Evening;402639;2024-10-15-Evening;5.22
M101-S-Evening;402641;2024-10-15-Evening;4.35
M101-S-Evening;402642;2024-10-15-Evening;1.45
M101-S-Evening;402643;2024-10-15-Evening;1.9333333333333331
M101-S-Evening;402644;2024-10-15-Evening;5.22
M101-S-Evening;402645;2024-10-15-Evening;1.9333333333333331
M101-S-Evening;402646;2024-10-15-Evening;4.35
M101-S-Evening;402647;2024-10-15-Evening;8.7
M101-S-Evening;402653;2024-10-15-Evening;11.6
M101-S-Evening;402657;2024-10-15-Evening;10.15
M101-S-Evening;402658;2024-10-15-Evening;12.083333333333334
M101-S-Evening;402659;2024-10-15-Evening;16.916666666666664
M101-S-Evening;402660;2024-10-15-Evening;6.766666666666667
M101-S-Evening;402661;2024-10-15-Evening;1.16
M101-S-Evening;402662;2024-10-15-Evening;1.16
M101-S-Evening;402723;2024-10-15-Evening;3.8666666666666663
M101-S-Evening;402764;2024-10-15-Evening;2.9
M101-S-Evening;402766;2024-10-15-Evening;6.766666666666667
M101-S-Evening;402767;2024-10-15-Evening;28.03333333333333
M101-S-Evening;402769;2024-10-15-Evening;2.9
M101-S-Evening;402772;2024-10-15-Evening;2.9
M101-S-Evening;402773;2024-10-15-Evening;2.9
M101-S-Evening;402774;2024-10-15-Evening;1.9333333333333331
M101-S-Evening;402805;2024-10-15-Evening;31.9
M101-S-Evening;402809;2024-10-15-Evening;0.0
M101-S-Evening;402811;2024-10-15-Evening;6.766666666666667
M101-S-Evening;402816;2024-10-15-Evening;4.35
M101-S-Evening;402826;2024-10-15-Evening;2.9
M101-S-Evening;402838;2024-10-15-Evening;0.0
M101-S-Evening;402839;2024-10-15-Evening;0.0
M101-S-Evening;402851;2024-10-15-Evening;2.9
M101-S-Evening;402854;2024-10-15-Evening;7.25
M101-S-Evening;402856;2024-10-15-Evening;2.9
M101-S-Evening;403416;2024-10-15-Evening;3.3833333333333333
M101-S-Evening;403417;2024-10-15-Evening;0.41428571428571426
M101-S-Evening;403418;2024-10-15-Evening;0.9666666666666666
M101-S-Evening;403419;2024-10-15-Evening;0.9666666666666666
M101-S-Evening;403421;2024-10-15-Evening;2.9
M101-S-Evening;403422;2024-10-15-Evening;7.7333333333333325
M101-S-Evening;403424;2024-10-15-Evening;1.9333333333333331
M101-S-Evening;403425;2024-10-15-Evening;5.8
M101-S-Evening;403821;2024-10-15-Evening;1.45
M101-S-Evening;404106;2024-10-15-Evening;0.9666666666666666
M101-S-Evening;404171;2024-10-15-Evening;6.5249999999999995
M101-S-Evening;404255;2024-10-15-Evening;10.357142857142858
M101-S-Evening;404949;2024-10-15-Evening;5.8
M101-S-Evening;405057;2024-10-15-Evening;1.45
M101-S-Evening;405069;2024-10-15-Evening;2.9
M101-S-Evening;405070;2024-10-15-Evening;0.9666666666666666
M101-S-Evening;405078;2024-10-15-Evening;7.25
M101-S-Evening;405186;2024-10-15-Evening;2.9
M101-S-Evening;405272;2024-10-15-Evening;0.0
M101-S-Evening;405406;2024-10-15-Evening;0.0
M101-S-Evening;405416;2024-10-15-Evening;21.957142857142856
M101-S-Evening;903148;2024-10-15-Evening;2.175
M101-S-Morning;401458;2024-10-15-Morning;14.5
M101-S-Morning;401459;2024-10-15-Morning;0.0
M101-S-Morning;402638;2024-10-15-Morning;15.95
M101-S-Morning;402639;2024-10-15-Morning;8.7
M101-S-Morning;402641;2024-10-15-Morning;3.8666666666666663
M101-S-Morning;402642;2024-10-15-Morning;1.45
M101-S-Morning;402643;2024-10-15-Morning;3.625
M101-S-Morning;402644;2024-10-15-Morning;9.666666666666666
M101-S-Morning;402645;2024-10-15-Morning;5.8
M101-S-Morning;402646;2024-10-15-Morning;1.45
M101-S-Morning;402647;2024-10-15-Morning;11.6
M101-S-Morning;402653;2024-10-15-Morning;20.3
M101-S-Morning;402657;2024-10-15-Morning;5.8
M101-S-Morning;402658;2024-10-15-Morning;8.7
M101-S-Morning;402659;2024-10-15-Morning;5.8
M101-S-Morning;402660;2024-10-15-Morning;2.9
M101-S-Morning;402661;2024-10-15-Morning;2.9
M101-S-Morning;402662;2024-10-15-Morning;10.15
M101-S-Morning;402723;2024-10-15-Morning;3.8666666666666663
M101-S-Morning;402764;2024-10-15-Morning;7.975
M101-S-Morning;402766;2024-10-15-Morning;2.9
M101-S-Morning;402767;2024-10-15-Morning;29.0
M101-S-Morning;402769;2024-10-15-Morning;6.766666666666667
M101-S-Morning;402772;2024-10-15-Morning;5.8
M101-S-Morning;402773;2024-10-15-Morning;1.45
M101-S-Morning;402774;2024-10-15-Morning;11.6
M101-S-Morning;402816;2024-10-15-Morning;0.0
M101-S-Morning;402826;2024-10-15-Morning;11.6
M101-S-Morning;402835;2024-10-15-Morning;5.8
M101-S-Morning;402838;2024-10-15-Morning;2.9
M101-S-Morning;402839;2024-10-15-Morning;2.9
M101-S-Morning;402842;2024-10-15-Morning;0.0
M101-S-Morning;402854;2024-10-15-Morning;0.0
M101-S-Morning;403416;2024-10-15-Morning;1.45
M101-S-Morning;403417;2024-10-15-Morning;2.9
M101-S-Morning;403418;2024-10-15-Morning;2.9
M101-S-Morning;403419;2024-10-15-Morning;13.049999999999999
M101-S-Morning;403421;2024-10-15-Morning;1.45
M101-S-Morning;403422;2024-10-15-Morning;2.9
M101-S-Morning;403424;2024-10-15-Morning;0.0
M101-S-Morning;403425;2024-10-15-Morning;6.766666666666667
M101-S-Morning;403821;2024-10-15-Morning;5.8
M101-S-Morning;404008;2024-10-15-Morning;2.9
M101-S-Morning;404106;2024-10-15-Morning;0.0
M101-S-Morning;404171;2024-10-15-Morning;1.45
M101-S-Morning;404255;2024-10-15-Morning;10.15
M101-S-Morning;404949;2024-10-15-Morning;7.7333333333333325
M101-S-Morning;405069;2024-10-15-Morning;2.9
M101-S-Morning;405070;2024-10-15-Morning;10.633333333333333
M101-S-Morning;405078;2024-10-15-Morning;15.466666666666665
M101-S-Morning;405186;2024-10-15-Morning;8.7
M101-S-Morning;405416;2024-10-15-Morning;22.233333333333334
M101-S-Morning;903148;2024-10-15-Morning;0.0
M101-S-Morning;903341;2024-10-15-Morning;4.35
M101-S-Night;401458;2024-10-15-Night;2.9
M101-S-Night;401459;2024-10-15-Night;0.0
M101-S-Night;401973;2024-10-15-Night;1.45
M101-S-Night;402638;2024-10-15-Night;1.45
M101-S-Night;402639;2024-10-15-Night;2.9
M101-S-Night;402643;2024-10-15-Night;5.8
M101-S-Night;402644;2024-10-15-Night;5.8
M101-S-Night;402645;2024-10-15-Night;0.0
M101-S-Night;402646;2024-10-15-Night;0.0
M101-S-Night;402653;2024-10-15-Night;7.25
M101-S-Night;402657;2024-10-15-Night;4.35
M101-S-Night;402659;2024-10-15-Night;3.8666666666666663
M101-S-Night;402661;2024-10-15-Night;0.0
M101-S-Night;402662;2024-10-15-Night;2.9
M101-S-Night;402723;2024-10-15-Night;0.0
M101-S-Night;402764;2024-10-15-Night;5.8
M101-S-Night;402767;2024-10-15-Night;3.8666666666666663
M101-S-Night;402772;2024-10-15-Night;2.9
M101-S-Night;402773;2024-10-15-Night;8.7
M101-S-Night;402774;2024-10-15-Night;0.0
M101-S-Night;402805;2024-10-15-Night;0.9666666666666666
M101-S-Night;402811;2024-10-15-Night;1.9333333333333331
M101-S-Night;402826;2024-10-15-Night;14.5
M101-S-Night;402831;2024-10-15-Night;0.0
M101-S-Night;402839;2024-10-15-Night;0.0
M101-S-Night;402851;2024-10-15-Night;0.0
M101-S-Night;403416;2024-10-15-Night;5.8
M101-S-Night;403417;2024-10-15-Night;2.9
M101-S-Night;403418;2024-10-15-Night;1.45
M101-S-Night;403419;2024-10-15-Night;0.0
M101-S-Night;403421;2024-10-15-Night;0.0
M101-S-Night;403425;2024-10-15-Night;0.0
M101-S-Night;403749;2024-10-15-Night;2.9
M101-S-Night;404008;2024-10-15-Night;8.7
M101-S-Night;404171;2024-10-15-Night;2.9
M101-S-Night;404255;2024-10-15-Night;4.833333333333333
M101-S-Night;404949;2024-10-15-Night;2.9
M101-S-Night;405069;2024-10-15-Night;8.7
M101-S-Night;405070;2024-10-15-Night;5.8
M101-S-Night;405078;2024-10-15-Night;1.45
M101-S-Night;405406;2024-10-15-Night;2.9
M101-S-Night;405416;2024-10-15-Night;9.666666666666666
M101-S-Night;405530;2024-10-15-Night;0.0
M101-S-Night;903341;2024-10-15-Night;1.45
M101-S-RushHour;401459;2024-10-15-RushHour;2.9
M101-S-RushHour;402644;2024-10-15-RushHour;8.7
M101-S-RushHour;402646;2024-10-15-RushHour;0.0
M101-S-RushHour;402653;2024-10-15-RushHour;14.5
M101-S-RushHour;402657;2024-10-15-RushHour;8.7
M101-S-RushHour;402658;2024-10-15-RushHour;34.8
M101-S-RushHour;402659;2024-10-15-RushHour;11.6
M101-S-RushHour;402660;2024-10-15-RushHour;8.7
M101-S-RushHour;402661;2024-10-15-RushHour;5.8
M101-S-RushHour;402662;2024-10-15-RushHour;24.65
M101-S-RushHour;402723;2024-10-15-RushHour;5.8
M101-S-RushHour;402816;2024-10-15-RushHour;5.8
M101-S-RushHour;402826;2024-10-15-RushHour;6.766666666666667
M101-S-RushHour;402854;2024-10-15-RushHour;2.175
M101-S-RushHour;403416;2024-10-15-RushHour;2.9
M101-S-RushHour;403417;2024-10-15-RushHour;5.8
M101-S-RushHour;403418;2024-10-15-RushHour;6.766666666666667
M101-S-RushHour;403419;2024-10-15-RushHour;23.2
M101-S-RushHour;403421;2024-10-15-RushHour;4.35
M101-S-RushHour;403422;2024-10-15-RushHour;9.424999999999999
M101-S-RushHour;403424;2024-10-15-RushHour;7.25
M101-S-RushHour;403425;2024-10-15-RushHour;0.9666666666666666
M101-S-RushHour;403821;2024-10-15-RushHour;1.9333333333333331
M101-S-RushHour;404106;2024-10-15-RushHour;0.0
M101-S-RushHour;404171;2024-10-15-RushHour;9.424999999999999
M101-S-RushHour;404255;2024-10-15-RushHour;26.099999999999998
M101-S-RushHour;405069;2024-10-15-RushHour;0.0
M101-S-RushHour;405070;2024-10-15-RushHour;11.6
M101-S-RushHour;903148;2024-10-15-RushHour;1.45
M15-N-Day;401665;2024-10-15-Day;4.35
M15-N-Day;401666;2024-10-15-Day;2.9
M15-N-Day;401669;2024-10-15-Day;2.9
M15-N-Day;401670;2024-10-15-Day;1.9333333333333331
M15-N-Day;401675;2024-10-15-Day;4.833333333333333
M15-N-Day;401679;2024-10-15-Day;9.28
M15-N-Day;401681;2024-10-15-Day;21.266666666666666
M15-N-Day;401682;2024-10-15-Day;4.35
M15-N-Day;401685;2024-10-15-Day;6.5249999999999995
M15-N-Day;401686;2024-10-15-Day;6.38
M15-N-Day;401687;2024-10-15-Day;25.13333333333333
M15-N-Day;401688;2024-10-15-Day;12.083333333333334
M15-N-Day;401689;2024-10-15-Day;9.344444444444445
M15-N-Day;401690;2024-10-15-Day;9.666666666666666
M15-N-Day;401691;2024-10-15-Day;0.0
M15-N-Day;401694;2024-10-15-Day;6.1625
M15-N-Day;401696;2024-10-15-Day;6.444444444444445
M15-N-Day;401697;2024-10-15-Day;4.833333333333333
M15-N-Day;401698;2024-10-15-Day;6.628571428571428
M15-N-Day;401699;2024-10-15-Day;2.9
M15-N-Day;401701;2024-10-15-Day;8.7
M15-N-Day;401702;2024-10-15-Day;7.457142857142857
M15-N-Day;401703;2024-10-15-Day;4.511111111111111
M15-N-Day;401704;2024-10-15-Day;5.8
M15-N-Day;401706;2024-10-15-Day;4.06
M15-N-Day;401707;2024-10-15-Day;7.6125
M15-N-Day;401708;2024-10-15-Day;8.7
M15-N-Day;401709;2024-10-15-Day;8.377777777777778
M15-N-Day;401710;2024-10-15-Day;9.424999999999999
M15-N-Day;401711;2024-10-15-Day;2.4857142857142853
M15-N-Day;401712;2024-10-15-Day;7.54
M15-N-Day;401715;2024-10-15-Day;9.0625
M15-N-Day;401716;2024-10-15-Day;1.8125
M15-N-Day;401718;2024-10-15-Day;9.022222222222222
M15-N-Day;401721;2024-10-15-Day;6.38
M15-N-Day;401722;2024-10-15-Day;8.285714285714286
M15-N-Day;401723;2024-10-15-Day;13.533333333333333
M15-N-Day;401724;2024-10-15-Day;1.16
M15-N-Day;401725;2024-10-15-Day;0.4833333333333333
M15-N-Day;401726;2024-10-15-Day;1.0875
M15-N-Day;401727;2024-10-15-Day;2.0714285714285716
M15-N-Day;401729;2024-10-15-Day;0.0
M15-N-Day;401730;2024-10-15-Day;0.0
M15-N-Day;401731;2024-10-15-Day;1.9333333333333331
M15-N-Day;402088;2024-10-15-Day;10.44
M15-N-Day;402090;2024-10-15-Day;1.45
M15-N-Day;403480;2024-10-15-Day;15.5875
M15-N-Day;404253;2024-10-15-Day;7.975
M15-N-Day;404843;2024-10-15-Day;12.842857142857143
M15-N-Day;404850;2024-10-15-Day;13.339999999999998
M15-N-Day;404995;2024-10-15-Day;16.11111111111111
M15-N-Day;405098;2024-10-15-Day;8.7
M15-N-Day;405100;2024-10-15-Day;2.0714285714285716
M15-N-Day;405138;2024-10-15-Day;7.25
M15-N-Day;405320;2024-10-15-Day;13.257142857142856
M15-N-Day;405396;2024-10-15-Day;4.557142857142857
M15-N-Day;803019;2024-10-15-Day;17.4
M15-N-Day;803054;2024-10-15-Day;0.4833333333333333
M15-N-Day;903275;2024-10-15-Day;14.085714285714284
M15-N-Day;903296;2024-10-15-Day;8.7
M15-N-Evening;401665;2024-10-15-Evening;2.9
M15-N-Evening;401666;2024-10-15-Evening;11.6
M15-N-Evening;401679;2024-10-15-Evening;10.15
M15-N-Evening;401681;2024-10-15-Evening;2.9
M15-N-Evening;401682;2024-10-15-Evening;0.0
M15-N-Evening;401685;2024-10-15-Evening;16.433333333333334
M15-N-Evening;401686;2024-10-15-Evening;8.7
M15-N-Evening;401687;2024-10-15-Evening;14.5
M15-N-Evening;401688;2024-10-15-Evening;0.0
M15-N-Evening;401689;2024-10-15-Evening;0.0
M15-N-Evening;401690;2024-10-15-Evening;4.35
M15-N-Evening;401691;2024-10-15-Evening;8.7
M15-N-Evening;401694;2024-10-15-Evening;4.35
M15-N-Evening;401696;2024-10-15-Evening;0.0
M15-N-Evening;401697;2024-10-15-Evening;2.9
M15-N-Evening;401698;2024-10-15-Evening;4.35
M15-N-Evening;401699;2024-10-15-Evening;8.7
M15-N-Evening;401701;2024-10-15-Evening;4.35
M15-N-Evening;401702;2024-10-15-Evening;4.833333333333333
M15-N-Evening;401703;2024-10-15-Evening;5.8
M15-N-Evening;401704;2024-10-15-Evening;2.9
M15-N-Evening;401706;2024-10-15-Evening;0.9666666666666666
M15-N-Evening;401708;2024-10-15-Evening;7.25
M15-N-Evening;401709;2024-10-15-Evening;4.833333333333333
M15-N-Evening;401710;2024-10-15-Evening;2.9
M15-N-Evening;401711;2024-10-15-Evening;1.9333333333333331
M15-N-Evening;401712;2024-10-15-Evening;5.8
M15-N-Evening;401715;2024-10-15-Evening;8.7
M15-N-Evening;401716;2024-10-15-Evening;1.45
M15-N-Evening;401718;2024-10-15-Evening;7.975
M15-N-Evening;401721;2024-10-15-Evening;0.0
M15-N-Evening;401722;2024-10-15-Evening;0.725
M15-N-Evening;401723;2024-10-15-Evening;0.725
M15-N-Evening;401724;2024-10-15-Evening;1.16
M15-N-Evening;401725;2024-10-15-Evening;1.45
M15-N-Evening;401726;2024-10-15-Evening;0.0
M15-N-Evening;401727;2024-10-15-Evening;0.9666666666666666
M15-N-Evening;401729;2024-10-15-Evening;0.0
M15-N-Evening;401730;2024-10-15-Evening;0.0
M15-N-Evening;401731;2024-10-15-Evening;0.0
M15-N-Evening;403480;2024-10-15-Evening;8.7
M15-N-Evening;404253;2024-10-15-Evening;2.9
M15-N-Evening;404843;2024-10-15-Evening;0.0
M15-N-Evening;404850;2024-10-15-Evening;8.7
M15-N-Evening;404995;2024-10-15-Evening;7.7333333333333325
M15-N-Evening;405098;2024-10-15-Evening;10.633333333333333
M15-N-Evening;405100;2024-10-15-Evening;4.35
M15-N-Evening;405138;2024-10-15-Evening;5.8
M15-N-Evening;405396;2024-10-15-Evening;0.0
M15-N-Evening;803019;2024-10-15-Evening;5.8
M15-N-Evening;803054;2024-10-15-Evening;1.9333333333333331
M15-N-Evening;903275;2024-10-15-Evening;5.8
M15-N-Morning;401670;2024-10-15-Morning;8.7
M15-N-Morning;401675;2024-10-15-Morning;2.9
M15-N-Morning;401679;2024-10-15-Morning;21.266666666666666
M15-N-Morning;401682;2024-10-15-Morning;0.0
M15-N-Morning;401685;2024-10-15-Morning;9.666666666666666
M15-N-Morning;401687;2024-10-15-Morning;44.46666666666667
M15-N-Morning;401688;2024-10-15-Morning;5.8
M15-N-Morning;401689;2024-10-15-Morning;8.7
M15-N-Morning;401690;2024-10-15-Morning;9.666666666666666
M15-N-Morning;401694;2024-10-15-Morning;2.9
M15-N-Morning;401696;2024-10-15-Morning;7.7333333333333325
M15-N-Morning;401697;2024-10-15-Morning;1.9333333333333331
M15-N-Morning;401698;2024-10-15-Morning;1.9333333333333331
M15-N-Morning;401699;2024-10-15-Morning;7.25
M15-N-Morning;401701;2024-10-15-Morning;6.766666666666667
M15-N-Morning;401702;2024-10-15-Morning;7.25
M15-N-Morning;401703;2024-10-15-Morning;2.9
M15-N-Morning;401704;2024-10-15-Morning;6.766666666666667
M15-N-Morning;401706;2024-10-15-Morning;13.533333333333333
M15-N-Morning;401707;2024-10-15-Morning;2.9
M15-N-Morning;401708;2024-10-15-Morning;8.7
M15-N-Morning;401709;2024-10-15-Morning;14.5
M15-N-Morning;401710;2024-10-15-Morning;10.633333333333333
M15-N-Morning;401711;2024-10-15-Morning;10.15
M15-N-Morning;401712;2024-10-15-Morning;1.45
M15-N-Morning;401715;2024-10-15-Morning;3.8666666666666663
M15-N-Morning;401716;2024-10-15-Morning;4.35
M15-N-Morning;401718;2024-10-15-Morning;6.766666666666667
M15-N-Morning;401721;2024-10-15-Morning;2.9
M15-N-Morning;401722;2024-10-15-Morning;1.45
M15-N-Morning;401723;2024-10-15-Morning;21.75
M15-N-Morning;401724;2024-10-15-Morning;2.9
M15-N-Morning;401725;2024-10-15-Morning;2.9
M15-N-Morning;401726;2024-10-15-Morning;1.45
M15-N-Morning;401727;2024-10-15-Morning;2.9
M15-N-Morning;401729;2024-10-15-Morning;0.0
M15-N-Morning;401730;2024-10-15-Morning;2.9
M15-N-Morning;401731;2024-10-15-Morning;0.0
M15-N-Morning;402088;2024-10-15-Morning;0.0
M15-N-Morning;403480;2024-10-15-Morning;10.15
M15-N-Morning;404253;2024-10-15-Morning;18.849999999999998
M15-N-Morning;404843;2024-10-15-Morning;10.633333333333333
M15-N-Morning;404850;2024-10-15-Morning;0.0
M15-N-Morning;404995;2024-10-15-Morning;6.766666666666667
M15-N-Morning;405098;2024-10-15-Morning;13.049999999999999
M15-N-Morning;405100;2024-10-15-Morning;1.9333333333333331
M15-N-Morning;405138;2024-10-15-Morning;11.6
M15-N-Morning;405320;2024-10-15-Morning;8.7
M15-N-Morning;405359;2024-10-15-Morning;5.8
M15-N-Morning;405396;2024-10-15-Morning;0.0
M15-N-Morning;803019;2024-10-15-Morning;5.8
M15-N-Morning;803054;2024-10-15-Morning;0.0
M15-N-Morning;903275;2024-10-15-Morning;9.666666666666666
M15-N-Night;401681;2024-10-15-Night;8.7
M15-N-Night;401687;2024-10-15-Night;40.6
M15-N-Night;401690;2024-10-15-Night;2.9
M15-N-Night;401696;2024-10-15-Night;2.9
M15-N-Night;401702;2024-10-15-Night;0.0
M15-N-Night;401703;2024-10-15-Night;0.0
M15-N-Night;401707;2024-10-15-Night;0.0
M15-N-Night;401708;2024-10-15-Night;0.0
M15-N-Night;401709;2024-10-15-Night;0.0
M15-N-Night;401710;2024-10-15-Night;0.0
M15-N-Night;401711;2024-10-15-Night;0.0
M15-N-Night;401722;2024-10-15-Night;0.0
M15-N-Night;401723;2024-10-15-Night;2.9
M15-N-Night;401727;2024-10-15-Night;0.0
M15-N-Night;401731;2024-10-15-Night;0.0
M15-N-Night;402088;2024-10-15-Night;5.8
M15-N-Night;402090;2024-10-15-Night;2.9
M15-N-Night;403480;2024-10-15-Night;0.0
M15-N-Night;404253;2024-10-15-Night;2.9
M15-N-Night;404843;2024-10-15-Night;8.7
M15-N-Night;404995;2024-10-15-Night;2.9
M15-N-Night;405098;2024-10-15-Night;5.8
M15-N-Night;405100;2024-10-15-Night;2.9
M15-N-Night;405138;2024-10-15-Night;11.6
M15-N-Night;405320;2024-10-15-Night;2.9
M15-N-Night;405396;2024-10-15-Night;0.0
M15-N-Night;803054;2024-10-15-Night;2.9
M15-N-RushHour;401665;2024-10-15-RushHour;15.95
M15-N-RushHour;401666;2024-10-15-RushHour;7.25
M15-N-RushHour;401670;2024-10-15-RushHour;4.35
M15-N-RushHour;401675;2024-10-15-RushHour;5.8
M15-N-RushHour;401679;2024-10-15-RushHour;14.5
M15-N-RushHour;401681;2024-10-15-RushHour;2.9
M15-N-RushHour;401682;2024-10-15-RushHour;11.6
M15-N-RushHour;401685;2024-10-15-RushHour;3.8666666666666663
M15-N-RushHour;401686;2024-10-15-RushHour;2.9
M15-N-RushHour;401687;2024-10-15-RushHour;24.939999999999998
M15-N-RushHour;401688;2024-10-15-RushHour;3.8666666666666663
M15-N-RushHour;401689;2024-10-15-RushHour;11.6
M15-N-RushHour;401690;2024-10-15-RushHour;6.96
M15-N-RushHour;401694;2024-10-15-RushHour;3.48
M15-N-RushHour;401696;2024-10-15-RushHour;0.9666666666666666
M15-N-RushHour;401697;2024-10-15-RushHour;2.9
M15-N-RushHour;401698;2024-10-15-RushHour;8.7
M15-N-RushHour;401699;2024-10-15-RushHour;16.433333333333334
M15-N-RushHour;401701;2024-10-15-RushHour;6.96
M15-N-RushHour;401702;2024-10-15-RushHour;14.5
M15-N-RushHour;401703;2024-10-15-RushHour;10.15
M15-N-RushHour;401704;2024-10-15-RushHour;5.8
M15-N-RushHour;401706;2024-10-15-RushHour;6.766666666666667
M15-N-RushHour;401707;2024-10-15-RushHour;4.06
M15-N-RushHour;401708;2024-10-15-RushHour;9.666666666666666
M15-N-RushHour;401709;2024-10-15-RushHour;11.6
M15-N-RushHour;401710;2024-10-15-RushHour;3.625
M15-N-RushHour;401711;2024-10-15-RushHour;5.075
M15-N-RushHour;401712;2024-10-15-RushHour;5.8
M15-N-RushHour;401715;2024-10-15-RushHour;11.6
M15-N-RushHour;401716;2024-10-15-RushHour;0.0
M15-N-RushHour;401718;2024-10-15-RushHour;5.8
M15-N-RushHour;401721;2024-10-15-RushHour;4.833333333333333
M15-N-RushHour;401722;2024-10-15-RushHour;0.0
M15-N-RushHour;401723;2024-10-15-RushHour;26.099999999999998
M15-N-RushHour;401724;2024-10-15-RushHour;0.0
M15-N-RushHour;401725;2024-10-15-RushHour;0.0
M15-N-RushHour;401726;2024-10-15-RushHour;1.45
M15-N-RushHour;401727;2024-10-15-RushHour;2.9
M15-N-RushHour;401729;2024-10-15-RushHour;0.0
M15-N-RushHour;401730;2024-10-15-RushHour;0.0
M15-N-RushHour;401731;2024-10-15-RushHour;0.0
M15-N-RushHour;402088;2024-10-15-RushHour;7.25
M15-N-RushHour;402090;2024-10-15-RushHour;4.35
M15-N-RushHour;403480;2024-10-15-RushHour;5.8
M15-N-RushHour;404253;2024-10-15-RushHour;6.5249999999999995
M15-N-RushHour;404843;2024-10-15-RushHour;9.666666666666666
M15-N-RushHour;404850;2024-10-15-RushHour;5.8
M15-N-RushHour;404995;2024-10-15-RushHour;5.8
M15-N-RushHour;405098;2024-10-15-RushHour;3.625
M15-N-RushHour;405100;2024-10-15-RushHour;2.175
M15-N-RushHour;405138;2024-10-15-RushHour;27.26
M15-N-RushHour;405320;2024-10-15-RushHour;4.833333333333333
M15-N-RushHour;405396;2024-10-15-RushHour;2.9
M15-N-RushHour;803019;2024-10-15-RushHour;17.4
M15-N-RushHour;803054;2024-10-15-RushHour;1.45
M15-N-RushHour;903275;2024-10-15-RushHour;10.875
M15-N-RushHour;903296;2024-10-15-RushHour;5.8
M15-S-Day;401732;2024-10-15-Day;2.9
M15-S-Day;401738;2024-10-15-Day;17.4
M15-S-Day;401739;2024-10-15-Day;9.28
M15-S-Day;401740;2024-10-15-Day;12.76
M15-S-Day;401741;2024-10-15-Day;19.816666666666666
M15-S-Day;401742;2024-10-15-Day;16.433333333333334
M15-S-Day;401744;2024-10-15-Day;13.775
M15-S-Day;401745;2024-10-15-Day;0.0
M15-S-Day;401746;2024-10-15-Day;5.8
M15-S-Day;401747;2024-10-15-Day;3.625
M15-S-Day;401748;2024-10-15-Day;5.8
M15-S-Day;401749;2024-10-15-Day;14.016666666666666
M15-S-Day;401753;2024-10-15-Day;12.566666666666665
M15-S-Day;401754;2024-10-15-Day;3.48
M15-S-Day;401755;2024-10-15-Day;5.075
M15-S-Day;401756;2024-10-15-Day;12.76
M15-S-Day;401758;2024-10-15-Day;11.116666666666667
M15-S-Day;401759;2024-10-15-Day;15.466666666666665
M15-S-Day;401760;2024-10-15-Day;5.075
M15-S-Day;401761;2024-10-15-Day;11.6
M15-S-Day;401762;2024-10-15-Day;2.9
M15-S-Day;401763;2024-10-15-Day;7.25
M15-S-Day;401764;2024-10-15-Day;8.7
M15-S-Day;401765;2024-10-15-Day;14.5
M15-S-Day;401768;2024-10-15-Day;6.283333333333332
M15-S-Day;401769;2024-10-15-Day;9.86
M15-S-Day;401771;2024-10-15-Day;15.95
M15-S-Day;401772;2024-10-15-Day;18.366666666666664
M15-S-Day;401775;2024-10-15-Day;4.35
M15-S-Day;401778;2024-10-15-Day;1.45
M15-S-Day;401779;2024-10-15-Day;12.083333333333334
M15-S-Day;401780;2024-10-15-Day;0.9666666666666666
M15-S-Day;401781;2024-10-15-Day;2.175
M15-S-Day;401782;2024-10-15-Day;6.2142857142857135
M15-S-Day;401784;2024-10-15-Day;5.075
M15-S-Day;401785;2024-10-15-Day;2.175
M15-S-Day;401786;2024-10-15-Day;1.45
M15-S-Day;401787;2024-10-15-Day;2.4166666666666665
M15-S-Day;401793;2024-10-15-Day;0.725
M15-S-Day;401797;2024-10-15-Day;1.45
M15-S-Day;401802;2024-10-15-Day;0.9666666666666666
M15-S-Day;402111;2024-10-15-Day;1.45
M15-S-Day;402112;2024-10-15-Day;11.02
M15-S-Day;403342;2024-10-15-Day;10.633333333333333
M15-S-Day;403590;2024-10-15-Day;2.32
M15-S-Day;403647;2024-10-15-Day;2.9
M15-S-Day;403831;2024-10-15-Day;0.0
M15-S-Day;403849;2024-10-15-Day;9.183333333333332
M15-S-Day;403887;2024-10-15-Day;13.339999999999998
M15-S-Day;404105;2024-10-15-Day;0.725
M15-S-Day;404327;2024-10-15-Day;0.0
M15-S-Day;404844;2024-10-15-Day;8.216666666666667
M15-S-Day;404909;2024-10-15-Day;1.16
M15-S-Day;405233;2024-10-15-Day;9.86
M15-S-Day;405307;2024-10-15-Day;3.8666666666666663
M15-S-Day;405336;2024-10-15-Day;8.7
M15-S-Day;405337;2024-10-15-Day;0.9666666666666666
M15-S-Day;405373;2024-10-15-Day;2.0714285714285716
M15-S-Day;803002;2024-10-15-Day;1.657142857142857
M15-S-Day;803228;2024-10-15-Day;3.625
M15-S-Day;903054;2024-10-15-Day;0.0
M15-S-Day;903266;2024-10-15-Day;14.016666666666666
M15-S-Day;903297;2024-10-15-Day;1.45
M15-S-Evening;401732;2024-10-15-Evening;34.8
M15-S-Evening;401738;2024-10-15-Evening;27.066666666666666
M15-S-Evening;401739;2024-10-15-Evening;2.9
M15-S-Evening;401740;2024-10-15-Evening;5.8
M15-S-Evening;401741;2024-10-15-Evening;20.3
M15-S-Evening;401742;2024-10-15-Evening;2.9
M15-S-Evening;401744;2024-10-15-Evening;0.0
M15-S-Evening;401745;2024-10-15-Evening;0.0
M15-S-Evening;401746;2024-10-15-Evening;3.625
M15-S-Evening;401747;2024-10-15-Evening;2.9
M15-S-Evening;401748;2024-10-15-Evening;0.725
M15-S-Evening;401749;2024-10-15-Evening;15.95
M15-S-Evening;401753;2024-10-15-Evening;8.7
M15-S-Evening;401754;2024-10-15-Evening;2.9
M15-S-Evening;401755;2024-10-15-Evening;1.45
M15-S-Evening;401756;2024-10-15-Evening;9.86
M15-S-Evening;401758;2024-10-15-Evening;5.075
M15-S-Evening;401759;2024-10-15-Evening;8.12
M15-S-Evening;401760;2024-10-15-Evening;11.6
M15-S-Evening;401761;2024-10-15-Evening;16.433333333333334
M15-S-Evening;401762;2024-10-15-Evening;0.0
M15-S-Evening;401763;2024-10-15-Evening;18.366666666666664
M15-S-Evening;401764;2024-10-15-Evening;5.316666666666666
M15-S-Evening;401765;2024-10-15-Evening;8.7
M15-S-Evening;401768;2024-10-15-Evening;8.12
M15-S-Evening;401769;2024-10-15-Evening;1.74
M15-S-Evening;401771;2024-10-15-Evening;16.82
M15-S-Evening;401772;2024-10-15-Evening;2.175
M15-S-Evening;401775;2024-10-15-Evening;5.075
M15-S-Evening;401778;2024-10-15-Evening;5.8
M15-S-Evening;401779;2024-10-15-Evening;14.5
M15-S-Evening;401780;2024-10-15-Evening;5.22
M15-S-Evening;401781;2024-10-15-Evening;2.9
M15-S-Evening;401782;2024-10-15-Evening;10.633333333333333
M15-S-Evening;401785;2024-10-15-Evening;1.45
M15-S-Evening;401786;2024-10-15-Evening;0.0
M15-S-Evening;401787;2024-10-15-Evening;0.0
M15-S-Evening;401793;2024-10-15-Evening;0.0
M15-S-Evening;402111;2024-10-15-Evening;0.0
M15-S-Evening;402112;2024-10-15-Evening;14.5
M15-S-Evening;403342;2024-10-15-Evening;1.45
M15-S-Evening;403590;2024-10-15-Evening;0.0
M15-S-Evening;403647;2024-10-15-Evening;1.74
M15-S-Evening;403831;2024-10-15-Evening;0.0
M15-S-Evening;403849;2024-10-15-Evening;7.25
M15-S-Evening;403887;2024-10-15-Evening;6.38
M15-S-Evening;404327;2024-10-15-Evening;2.9
M15-S-Evening;404844;2024-10-15-Evening;0.0
M15-S-Evening;404909;2024-10-15-Evening;3.8666666666666663
M15-S-Evening;405233;2024-10-15-Evening;10.15
M15-S-Evening;405307;2024-10-15-Evening;1.45
M15-S-Evening;405336;2024-10-15-Evening;10.633333333333333
M15-S-Evening;405337;2024-10-15-Evening;0.0
M15-S-Evening;405373;2024-10-15-Evening;1.45
M15-S-Evening;803002;2024-10-15-Evening;2.9
M15-S-Evening;803228;2024-10-15-Evening;7.25
M15-S-Evening;903266;2024-10-15-Evening;12.76
M15-S-Evening;904920;2024-10-15-Evening;0.0
M15-S-Morning;401738;2024-10-15-Morning;26.099999999999998
M15-S-Morning;401739;2024-10-15-Morning;25.13333333333333
M15-S-Morning;401740;2024-10-15-Morning;13.775
M15-S-Morning;401741;2024-10-15-Morning;7.7333333333333325
M15-S-Morning;401742;2024-10-15-Morning;1.45
M15-S-Morning;401744;2024-10-15-Morning;12.325
M15-S-Morning;401746;2024-10-15-Morning;34.8
M15-S-Morning;401747;2024-10-15-Morning;3.625
M15-S-Morning;401748;2024-10-15-Morning;2.9
M15-S-Morning;401749;2024-10-15-Morning;5.8
M15-S-Morning;401753;2024-10-15-Morning;10.44
M15-S-Morning;401754;2024-10-15-Morning;5.8
M15-S-Morning;401755;2024-10-15-Morning;3.8666666666666663
M15-S-Morning;401756;2024-10-15-Morning;2.9
M15-S-Morning;401758;2024-10-15-Morning;6.766666666666667
M15-S-Morning;401759;2024-10-15-Morning;8.216666666666667
M15-S-Morning;401760;2024-10-15-Morning;2.9
M15-S-Morning;401761;2024-10-15-Morning;10.15
M15-S-Morning;401762;2024-10-15-Morning;5.8
M15-S-Morning;401763;2024-10-15-Morning;6.283333333333332
M15-S-Morning;401764;2024-10-15-Morning;12.566666666666665
M15-S-Morning;401765;2024-10-15-Morning;22.233333333333334
M15-S-Morning;401768;2024-10-15-Morning;10.44
M15-S-Morning;401769;2024-10-15-Morning;4.64
M15-S-Morning;401771;2024-10-15-Morning;11.6
M15-S-Morning;401772;2024-10-15-Morning;14.5
M15-S-Morning;401775;2024-10-15-Morning;0.9666666666666666
M15-S-Morning;401778;2024-10-15-Morning;5.22
M15-S-Morning;401779;2024-10-15-Morning;1.9333333333333331
M15-S-Morning;401780;2024-10-15-Morning;5.22
M15-S-Morning;401781;2024-10-15-Morning;1.16
M15-S-Morning;401782;2024-10-15-Morning;2.9
M15-S-Morning;401785;2024-10-15-Morning;0.0
M15-S-Morning;401786;2024-10-15-Morning;0.725
M15-S-Morning;401787;2024-10-15-Morning;1.45
M15-S-Morning;401793;2024-10-15-Morning;0.0
M15-S-Morning;403342;2024-10-15-Morning;4.833333333333333
M15-S-Morning;403647;2024-10-15-Morning;2.9
M15-S-Morning;403849;2024-10-15-Morning;9.424999999999999
M15-S-Morning;403887;2024-10-15-Morning;13.533333333333333
M15-S-Morning;404105;2024-10-15-Morning;1.9333333333333331
M15-S-Morning;404844;2024-10-15-Morning;7.7333333333333325
M15-S-Morning;404909;2024-10-15-Morning;8.7
M15-S-Morning;405233;2024-10-15-Morning;12.083333333333334
M15-S-Morning;405307;2024-10-15-Morning;6.38
M15-S-Morning;405336;2024-10-15-Morning;9.666666666666666
M15-S-Morning;405373;2024-10-15-Morning;1.9333333333333331
M15-S-Morning;803002;2024-10-15-Morning;0.0
M15-S-Morning;803228;2024-10-15-Morning;4.833333333333333
M15-S-Morning;903266;2024-10-15-Morning;15.95
M15-S-Morning;904920;2024-10-15-Morning;0.0
M15-S-Night;401732;2024-10-15-Night;5.8
M15-S-Night;401739;2024-10-15-Night;11.6
M15-S-Night;401740;2024-10-15-Night;2.9
M15-S-Night;401744;2024-10-15-Night;7.25
M15-S-Night;401745;2024-10-15-Night;2.9
M15-S-Night;401746;2024-10-15-Night;2.9
M15-S-Night;401747;2024-10-15-Night;2.9
M15-S-Night;401749;2024-10-15-Night;0.0
M15-S-Night;401753;2024-10-15-Night;2.9
M15-S-Night;401756;2024-10-15-Night;2.9
M15-S-Night;401759;2024-10-15-Night;0.0
M15-S-Night;401760;2024-10-15-Night;0.0
M15-S-Night;401763;2024-10-15-Night;1.45
M15-S-Night;401764;2024-10-15-Night;2.9
M15-S-Night;401765;2024-10-15-Night;0.0
M15-S-Night;401771;2024-10-15-Night;0.0
M15-S-Night;401772;2024-10-15-Night;0.0
M15-S-Night;401775;2024-10-15-Night;0.0
M15-S-Night;401782;2024-10-15-Night;2.9
M15-S-Night;401793;2024-10-15-Night;0.0
M15-S-Night;402112;2024-10-15-Night;2.9
M15-S-Night;403590;2024-10-15-Night;0.0
M15-S-Night;403647;2024-10-15-Night;0.0
M15-S-Night;803002;2024-10-15-Night;5.8
M15-S-Night;803228;2024-10-15-Night;0.0
M15-S-Night;903266;2024-10-15-Night;0.0
M15-S-RushHour;401732;2024-10-15-RushHour;2.9
M15-S-RushHour;401738;2024-10-15-RushHour;11.6
M15-S-RushHour;401739;2024-10-15-RushHour;8.7
M15-S-RushHour;401740;2024-10-15-RushHour;2.9
M15-S-RushHour;401741;2024-10-15-RushHour;14.5
M15-S-RushHour;401744;2024-10-15-RushHour;10.633333333333333
M15-S-RushHour;401746;2024-10-15-RushHour;11.6
M15-S-RushHour;401747;2024-10-15-RushHour;2.9
M15-S-RushHour;401748;2024-10-15-RushHour;0.0
M15-S-RushHour;401749;2024-10-15-RushHour;18.366666666666664
M15-S-RushHour;401753;2024-10-15-RushHour;7.7333333333333325
M15-S-RushHour;401754;2024-10-15-RushHour;3.8666666666666663
M15-S-RushHour;401755;2024-10-15-RushHour;2.9
M15-S-RushHour;401756;2024-10-15-RushHour;2.9
M15-S-RushHour;401758;2024-10-15-RushHour;8.7
M15-S-RushHour;401759;2024-10-15-RushHour;0.0
M15-S-RushHour;401760;2024-10-15-RushHour;23.2
M15-S-RushHour;401761;2024-10-15-RushHour;14.5
M15-S-RushHour;401762;2024-10-15-RushHour;0.9666666666666666
M15-S-RushHour;401763;2024-10-15-RushHour;8.7
M15-S-RushHour;401764;2024-10-15-RushHour;10.633333333333333
M15-S-RushHour;401765;2024-10-15-RushHour;10.633333333333333
M15-S-RushHour;401768;2024-10-15-RushHour;13.533333333333333
M15-S-RushHour;401769;2024-10-15-RushHour;3.8666666666666663
M15-S-RushHour;401771;2024-10-15-RushHour;14.5
M15-S-RushHour;401772;2024-10-15-RushHour;3.8666666666666663
M15-S-RushHour;401775;2024-10-15-RushHour;5.8
M15-S-RushHour;401778;2024-10-15-RushHour;3.625
M15-S-RushHour;401779;2024-10-15-RushHour;13.775
M15-S-RushHour;401780;2024-10-15-RushHour;1.9333333333333331
M15-S-RushHour;401781;2024-10-15-RushHour;5.8
M15-S-RushHour;401782;2024-10-15-RushHour;10.633333333333333
M15-S-RushHour;401784;2024-10-15-RushHour;7.25
M15-S-RushHour;401785;2024-10-15-RushHour;1.9333333333333331
M15-S-RushHour;401786;2024-10-15-RushHour;0.0
M15-S-RushHour;401787;2024-10-15-RushHour;0.0
M15-S-RushHour;401793;2024-10-15-RushHour;2.9
M15-S-RushHour;402111;2024-10-15-RushHour;5.8
M15-S-RushHour;402112;2024-10-15-RushHour;0.0
M15-S-RushHour;403342;2024-10-15-RushHour;6.766666666666667
M15-S-RushHour;403590;2024-10-15-RushHour;0.0
M15-S-RushHour;403647;2024-10-15-RushHour;7.25
M15-S-RushHour;403849;2024-10-15-RushHour;4.833333333333333
M15-S-RushHour;403887;2024-10-15-RushHour;5.8
M15-S-RushHour;404105;2024-10-15-RushHour;1.9333333333333331
M15-S-RushHour;404327;2024-10-15-RushHour;0.0
M15-S-RushHour;404844;2024-10-15-RushHour;2.9
M15-S-RushHour;404909;2024-10-15-RushHour;13.533333333333333
M15-S-RushHour;405233;2024-10-15-RushHour;3.8666666666666663
M15-S-RushHour;405307;2024-10-15-RushHour;2.9
M15-S-RushHour;405336;2024-10-15-RushHour;15.95
M15-S-RushHour;405337;2024-10-15-RushHour;0.0
M15-S-RushHour;405373;2024-10-15-RushHour;11.6
M15-S-RushHour;803002;2024-10-15-RushHour;2.9
M15-S-RushHour;803228;2024-10-15-RushHour;0.0
M15-S-RushHour;903054;2024-10-15-RushHour;2.9
M15-S-RushHour;903266;2024-10-15-RushHour;7.25
M15-S-RushHour;903297;2024-10-15-RushHour;0.0
Q58-E-Day;308488;2024-10-15-Day;30.373684210526314
Q58-E-Day;502992;2024-10-15-Day;7.824528301886793
Q58-E-Day;502994;2024-10-15-Day;7.008333333333333
Q58-E-Day;503258;2024-10-15-Day;2.594736842105263
Q58-E-Day;503444;2024-10-15-Day;2.9
Q58-E-Day;503450;2024-10-15-Day;2.4166666666666665
Q58-E-Day;503451;2024-10-15-Day;2.9
Q58-E-Day;503452;2024-10-15-Day;5.385714285714286
Q58-E-Day;503453;2024-10-15-Day;8.1
Q58-E-Day;503454;2024-10-15-Day;11.6
Q58-E-Day;503455;2024-10-15-Day;3.5041666666666664
Q58-E-Day;503456;2024-10-15-Day;15.832432432432432
Q58-E-Day;503457;2024-10-15-Day;4.06
Q58-E-Day;503459;2024-10-15-Day;3.2052631578947373
Q58-E-Day;503461;2024-10-15-Day;6.22962962962963
Q58-E-Day;503462;2024-10-15-Day;4.64
Q58-E-Day;503464;2024-10-15-Day;2.9
Q58-E-Day;503465;2024-10-15-Day;11.005128205128205
Q58-E-Day;503466;2024-10-15-Day;7.4111111111111105
Q58-E-Day;503468;2024-10-15-Day;4.907692307692307
Q58-E-Day;503469;2024-10-15-Day;4.776470588235294
Q58-E-Day;503470;2024-10-15-Day;12.014285714285714
Q58-E-Day;503471;2024-10-15-Day;9.0625
Q58-E-Day;503472;2024-10-15-Day;20.706
Q58-E-Day;503473;2024-10-15-Day;9.615789473684211
Q58-E-Day;503475;2024-10-15-Day;10.397560975609755
Q58-E-Day;503476;2024-10-15-Day;4.833333333333333
Q58-E-Day;503477;2024-10-15-Day;2.9
Q58-E-Day;503478;2024-10-15-Day;24.502040816326527
Q58-E-Day;503479;2024-10-15-Day;3.5692307692307694
Q58-E-Day;503480;2024-10-15-Day;6.041666666666667
Q58-E-Day;503481;2024-10-15-Day;12.29047619047619
Q58-E-Day;503482;2024-10-15-Day;9.010714285714286
Q58-E-Day;503483;2024-10-15-Day;9.666666666666666
Q58-E-Day;503484;2024-10-15-Day;1.831578947368421
Q58-E-Day;503485;2024-10-15-Day;1.45
Q58-E-Day;503486;2024-10-15-Day;6.363888888888889
Q58-E-Day;503487;2024-10-15-Day;3.210714285714286
Q58-E-Day;503488;2024-10-15-Day;1.9333333333333331
Q58-E-Day;503490;2024-10-15-Day;7.315909090909091
Q58-E-Day;503491;2024-10-15-Day;1.657142857142857
Q58-E-Day;503492;2024-10-15-Day;16.735416666666666
Q58-E-Day;503493;2024-10-15-Day;7.21081081081081
Q58-E-Day;503494;2024-10-15-Day;2.2555555555555555
Q58-E-Day;503497;2024-10-15-Day;1.392
Q58-E-Day;503499;2024-10-15-Day;0.09999999999999999
Q58-E-Day;503689;2024-10-15-Day;0.0
Q58-E-Day;503956;2024-10-15-Day;1.5615384615384613
Q58-E-Day;504020;2024-10-15-Day;1.044
Q58-E-Day;504155;2024-10-15-Day;4.833333333333333
Q58-E-Day;504474;2024-10-15-Day;3.5444444444444447
Q58-E-Day;504475;2024-10-15-Day;9.405405405405405
Q58-E-Day;504503;2024-10-15-Day;82.64999999999999
Q58-E-Day;505108;2024-10-15-Day;2.9
Q58-E-Day;505251;2024-10-15-Day;13.8475
Q58-E-Day;804059;2024-10-15-Day;16.12682926829268
Q58-E-Evening;308488;2024-10-15-Evening;26.583333333333332
Q58-E-Evening;502992;2024-10-15-Evening;8.23225806451613
Q58-E-Evening;502994;2024-10-15-Evening;3.141666666666666
Q58-E-Evening;503258;2024-10-15-Evening;0.8285714285714285
Q58-E-Evening;503450;2024-10-15-Evening;3.8666666666666663
Q58-E-Evening;503451;2024-10-15-Evening;1.16
Q58-E-Evening;503452;2024-10-15-Evening;1.45
Q58-E-Evening;503453;2024-10-15-Evening;6.444444444444445
Q58-E-Evening;503454;2024-10-15-Evening;0.0
Q58-E-Evening;503455;2024-10-15-Evening;3.7285714285714286
Q58-E-Evening;503456;2024-10-15-Evening;14.7
Q58-E-Evening;503457;2024-10-15-Evening;2.9
Q58-E-Evening;503459;2024-10-15-Evening;1.9333333333333331
Q58-E-Evening;503461;2024-10-15-Evening;4.7124999999999995
Q58-E-Evening;503462;2024-10-15-Evening;2.32
Q58-E-Evening;503464;2024-10-15-Evening;0.58
Q58-E-Evening;503465;2024-10-15-Evening;9.0625
Q58-E-Evening;503466;2024-10-15-Evening;3.2222222222222223
Q58-E-Evening;503468;2024-10-15-Evening;3.5823529411764707
Q58-E-Evening;503469;2024-10-15-Evening;4.188888888888889
Q58-E-Evening;503470;2024-10-15-Evening;6.38
Q58-E-Evening;503471;2024-10-15-Evening;4.64
Q58-E-Evening;503472;2024-10-15-Evening;8.838095238095237
Q58-E-Evening;503473;2024-10-15-Evening;1.0875
Q58-E-Evening;503475;2024-10-15-Evening;1.7722222222222224
Q58-E-Evening;503476;2024-10-15-Evening;1.45
Q58-E-Evening;503477;2024-10-15-Evening;0.0
Q58-E-Evening;503478;2024-10-15-Evening;26.89090909090909
Q58-E-Evening;503479;2024-10-15-Evening;0.0
Q58-E-Evening;503480;2024-10-15-Evening;1.0545454545454545
Q58-E-Evening;503481;2024-10-15-Evening;4.621875
Q58-E-Evening;503482;2024-10-15-Evening;1.45
Q58-E-Evening;503483;2024-10-15-Evening;5.373529411764706
Q58-E-Evening;503484;2024-10-15-Evening;1.3181818181818181
Q58-E-Evening;503485;2024-10-15-Evening;0.6823529411764706
Q58-E-Evening;503486;2024-10-15-Evening;0.58
Q58-E-Evening;503487;2024-10-15-Evening;2.217647058823529
Q58-E-Evening;503488;2024-10-15-Evening;0.9227272727272727
Q58-E-Evening;503490;2024-10-15-Evening;4.1
Q58-E-Evening;503491;2024-10-15-Evening;0.9666666666666666
Q58-E-Evening;503492;2024-10-15-Evening;6.915384615384615
Q58-E-Evening;503493;2024-10-15-Evening;1.7722222222222224
Q58-E-Evening;503494;2024-10-15-Evening;0.0
Q58-E-Evening;503497;2024-10-15-Evening;1.0357142857142858
Q58-E-Evening;503499;2024-10-15-Evening;0.0
Q58-E-Evening;503689;2024-10-15-Evening;0.41428571428571426
Q58-E-Evening;503956;2024-10-15-Evening;0.725
Q58-E-Evening;504020;2024-10-15-Evening;0.58
Q58-E-Evening;504155;2024-10-15-Evening;2.9
Q58-E-Evening;504474;2024-10-15-Evening;3.8666666666666663
Q58-E-Evening;504475;2024-10-15-Evening;6.09
Q58-E-Evening;505108;2024-10-15-Evening;1.45
Q58-E-Evening;505251;2024-10-15-Evening;5.421739130434783
Q58-E-Evening;804059;2024-10-15-Evening;10.193939393939393
Q58-E-Morning;308488;2024-10-15-Morning;18.044444444444444
Q58-E-Morning;502992;2024-10-15-Morning;8.225454545454545
Q58-E-Morning;502994;2024-10-15-Morning;4.35
Q58-E-Morning;503258;2024-10-15-Morning;6.8545454545454545
Q58-E-Morning;503444;2024-10-15-Morning;0.0
Q58-E-Morning;503450;2024-10-15-Morning;4.833333333333333
Q58-E-Morning;503451;2024-10-15-Morning;1.45
Q58-E-Morning;503452;2024-10-15-Morning;1.45
Q58-E-Morning;503453;2024-10-15-Morning;9.195121951219512
Q58-E-Morning;503454;2024-10-15-Morning;3.48
Q58-E-Morning;503455;2024-10-15-Morning;2.692857142857143
Q58-E-Morning;503456;2024-10-15-Morning;19.26888888888889
Q58-E-Morning;503457;2024-10-15-Morning;5.2727272727272725
Q58-E-Morning;503459;2024-10-15-Morning;4.188888888888889
Q58-E-Morning;503461;2024-10-15-Morning;7.1647058823529415
Q58-E-Morning;503462;2024-10-15-Morning;12.821052631578949
Q58-E-Morning;503464;2024-10-15-Morning;2.175
Q58-E-Morning;503465;2024-10-15-Morning;14.746808510638296
Q58-E-Morning;503466;2024-10-15-Morning;9.157894736842104
Q58-E-Morning;503468;2024-10-15-Morning;6.007142857142857
Q58-E-Morning;503469;2024-10-15-Morning;5.2727272727272725
Q58-E-Morning;503470;2024-10-15-Morning;18.4875
Q58-E-Morning;503471;2024-10-15-Morning;12.469999999999999
Q58-E-Morning;503472;2024-10-15-Morning;16.895652173913042
Q58-E-Morning;503473;2024-10-15-Morning;4.108333333333333
Q58-E-Morning;503475;2024-10-15-Morning;16.33157894736842
Q58-E-Morning;503476;2024-10-15-Morning;5.155555555555555
Q58-E-Morning;503477;2024-10-15-Morning;1.45
Q58-E-Morning;503478;2024-10-15-Morning;10.317307692307692
Q58-E-Morning;503479;2024-10-15-Morning;1.8125
Q58-E-Morning;503480;2024-10-15-Morning;2.3562499999999997
Q58-E-Morning;503481;2024-10-15-Morning;10.31860465116279
Q58-E-Morning;503482;2024-10-15-Morning;3.163636363636363
Q58-E-Morning;503483;2024-10-15-Morning;11.846808510638297
Q58-E-Morning;503484;2024-10-15-Morning;1.9333333333333331
Q58-E-Morning;503485;2024-10-15-Morning;4.16875
Q58-E-Morning;503486;2024-10-15-Morning;9.005263157894737
Q58-E-Morning;503487;2024-10-15-Morning;3.141666666666666
Q58-E-Morning;503488;2024-10-15-Morning;4.446666666666667
Q58-E-Morning;503490;2024-10-15-Morning;13.020408163265305
Q58-E-Morning;503491;2024-10-15-Morning;2.32
Q58-E-Morning;503492;2024-10-15-Morning;16.675
Q58-E-Morning;503493;2024-10-15-Morning;11.529268292682927
Q58-E-Morning;503494;2024-10-15-Morning;3.3833333333333333
Q58-E-Morning;503497;2024-10-15-Morning;1.493939393939394
Q58-E-Morning;503499;2024-10-15-Morning;0.6444444444444444
Q58-E-Morning;503689;2024-10-15-Morning;0.0
Q58-E-Morning;503956;2024-10-15-Morning;3.5444444444444447
Q58-E-Morning;504020;2024-10-15-Morning;1.45
Q58-E-Morning;504155;2024-10-15-Morning;6.628571428571428
Q58-E-Morning;504474;2024-10-15-Morning;4.35
Q58-E-Morning;504475;2024-10-15-Morning;12.014285714285714
Q58-E-Morning;505108;2024-10-15-Morning;5.026666666666666
Q58-E-Morning;505251;2024-10-15-Morning;6.895555555555555
Q58-E-Morning;804059;2024-10-15-Morning;5.308474576271187
Q58-E-Night;308488;2024-10-15-Night;12.405555555555555
Q58-E-Night;502992;2024-10-15-Night;0.763157894736842
Q58-E-Night;502994;2024-10-15-Night;0.0
Q58-E-Night;503258;2024-10-15-Night;7.25
Q58-E-Night;503444;2024-10-15-Night;0.0
Q58-E-Night;503451;2024-10-15-Night;5.8
Q58-E-Night;503453;2024-10-15-Night;6.5249999999999995
Q58-E-Night;503454;2024-10-15-Night;2.9
Q58-E-Night;503455;2024-10-15-Night;2.9
Q58-E-Night;503456;2024-10-15-Night;5.8
Q58-E-Night;503457;2024-10-15-Night;4.35
Q58-E-Night;503459;2024-10-15-Night;2.9
Q58-E-Night;503461;2024-10-15-Night;3.7285714285714286
Q58-E-Night;503462;2024-10-15-Night;5.8
Q58-E-Night;503464;2024-10-15-Night;3.625
Q58-E-Night;503465;2024-10-15-Night;3.3833333333333333
Q58-E-Night;503466;2024-10-15-Night;7.871428571428572
Q58-E-Night;503468;2024-10-15-Night;5.316666666666666
Q58-E-Night;503469;2024-10-15-Night;3.3833333333333333
Q58-E-Night;503470;2024-10-15-Night;6.141176470588235
Q58-E-Night;503471;2024-10-15-Night;4.971428571428571
Q58-E-Night;503472;2024-10-15-Night;5.558333333333334
Q58-E-Night;503473;2024-10-15-Night;1.9333333333333331
Q58-E-Night;503475;2024-10-15-Night;6.8875
Q58-E-Night;503476;2024-10-15-Night;5.075
Q58-E-Night;503478;2024-10-15-Night;3.2052631578947373
Q58-E-Night;503479;2024-10-15-Night;2.175
Q58-E-Night;503480;2024-10-15-Night;2.9
Q58-E-Night;503481;2024-10-15-Night;3.48
Q58-E-Night;503482;2024-10-15-Night;2.9
Q58-E-Night;503483;2024-10-15-Night;4.591666666666666
Q58-E-Night;503485;2024-10-15-Night;0.6444444444444444
Q58-E-Night;503486;2024-10-15-Night;2.4166666666666665
Q58-E-Night;503487;2024-10-15-Night;5.8
Q58-E-Night;503488;2024-10-15-Night;3.3833333333333333
Q58-E-Night;503490;2024-10-15-Night;6.421428571428572
Q58-E-Night;503491;2024-10-15-Night;5.8
Q58-E-Night;503492;2024-10-15-Night;8.41
Q58-E-Night;503493;2024-10-15-Night;5.8
Q58-E-Night;503497;2024-10-15-Night;0.58
Q58-E-Night;503956;2024-10-15-Night;5.8
Q58-E-Night;504155;2024-10-15-Night;5.8
Q58-E-Night;504474;2024-10-15-Night;5.8
Q58-E-Night;504475;2024-10-15-Night;5.8
Q58-E-Night;505108;2024-10-15-Night;4.06
Q58-E-Night;505251;2024-10-15-Night;2.9
Q58-E-Night;804059;2024-10-15-Night;1.9333333333333331
Q58-E-RushHour;308488;2024-10-15-RushHour;31.9
Q58-E-RushHour;502992;2024-10-15-RushHour;15.154838709677419
Q58-E-RushHour;502994;2024-10-15-RushHour;6.327272727272726
Q58-E-RushHour;503258;2024-10-15-RushHour;2.4857142857142853
Q58-E-RushHour;503444;2024-10-15-RushHour;0.58
Q58-E-RushHour;503450;2024-10-15-RushHour;1.45
Q58-E-RushHour;503451;2024-10-15-RushHour;1.9333333333333331
Q58-E-RushHour;503452;2024-10-15-RushHour;0.0
Q58-E-RushHour;503453;2024-10-15-RushHour;7.2
Q58-E-RushHour;503454;2024-10-15-RushHour;2.175
Q58-E-RushHour;503455;2024-10-15-RushHour;4.64
Q58-E-RushHour;503456;2024-10-15-RushHour;18.981818181818184
Q58-E-RushHour;503457;2024-10-15-RushHour;3.2222222222222223
Q58-E-RushHour;503459;2024-10-15-RushHour;2.9
Q58-E-RushHour;503461;2024-10-15-RushHour;8.7
Q58-E-RushHour;503462;2024-10-15-RushHour;4.015384615384615
Q58-E-RushHour;503464;2024-10-15-RushHour;0.725
Q58-E-RushHour;503465;2024-10-15-RushHour;18.125
Q58-E-RushHour;503466;2024-10-15-RushHour;4.64
Q58-E-RushHour;503468;2024-10-15-RushHour;7.008333333333333
Q58-E-RushHour;503469;2024-10-15-RushHour;6.766666666666667
Q58-E-RushHour;503470;2024-10-15-RushHour;10.04642857142857
Q58-E-RushHour;503471;2024-10-15-RushHour;8.7
Q58-E-RushHour;503472;2024-10-15-RushHour;10.930769230769231
Q58-E-RushHour;503473;2024-10-15-RushHour;2.9
Q58-E-RushHour;503475;2024-10-15-RushHour;8.963636363636363
Q58-E-RushHour;503476;2024-10-15-RushHour;1.2428571428571427
Q58-E-RushHour;503477;2024-10-15-RushHour;1.45
Q58-E-RushHour;503478;2024-10-15-RushHour;36.10967741935484
Q58-E-RushHour;503479;2024-10-15-RushHour;1.45
Q58-E-RushHour;503480;2024-10-15-RushHour;3.7285714285714286
Q58-E-RushHour;503481;2024-10-15-RushHour;6.1625
Q58-E-RushHour;503482;2024-10-15-RushHour;6.469230769230769
Q58-E-RushHour;503483;2024-10-15-RushHour;10.896969696969697
Q58-E-RushHour;503484;2024-10-15-RushHour;2.2555555555555555
Q58-E-RushHour;503485;2024-10-15-RushHour;1.7846153846153847
Q58-E-RushHour;503486;2024-10-15-RushHour;3.411764705882353
Q58-E-RushHour;503487;2024-10-15-RushHour;2.71875
Q58-E-RushHour;503488;2024-10-15-RushHour;3.2866666666666666
Q58-E-RushHour;503490;2024-10-15-RushHour;6.678787878787879
Q58-E-RushHour;503491;2024-10-15-RushHour;3.2624999999999997
Q58-E-RushHour;503492;2024-10-15-RushHour;10.246666666666666
Q58-E-RushHour;503493;2024-10-15-RushHour;4.4037037037037035
Q58-E-RushHour;503494;2024-10-15-RushHour;0.9666666666666666
Q58-E-RushHour;503497;2024-10-15-RushHour;2.9
Q58-E-RushHour;503499;2024-10-15-RushHour;0.0
Q58-E-RushHour;503689;2024-10-15-RushHour;0.58
Q58-E-RushHour;503956;2024-10-15-RushHour;2.9
Q58-E-RushHour;504020;2024-10-15-RushHour;1.8454545454545455
Q58-E-RushHour;504155;2024-10-15-RushHour;4.35
Q58-E-RushHour;504474;2024-10-15-RushHour;4.142857142857143
Q58-E-RushHour;504475;2024-10-15-RushHour;6.994117647058823
Q58-E-RushHour;505108;2024-10-15-RushHour;1.5818181818181816
Q58-E-RushHour;505251;2024-10-15-RushHour;11.05625
Q58-E-RushHour;804059;2024-10-15-RushHour;11.102857142857143
Q58-W-Day;304841;2024-10-15-Day;0.511764705882353
Q58-W-Day;304842;2024-10-15-Day;0.3625
Q58-W-Day;502982;2024-10-15-Day;4.35
Q58-W-Day;503017;2024-10-15-Day;3.515151515151515
Q58-W-Day;503018;2024-10-15-Day;31.017391304347825
Q58-W-Day;503240;2024-10-15-Day;2.32
Q58-W-Day;503501;2024-10-15-Day;59.852777777777774
Q58-W-Day;503502;2024-10-15-Day;7.6961538461538455
Q58-W-Day;503505;2024-10-15-Day;2.4166666666666665
Q58-W-Day;503506;2024-10-15-Day;4.6
Q58-W-Day;503511;2024-10-15-Day;12.720454545454546
Q58-W-Day;503513;2024-10-15-Day;3.9
Q58-W-Day;503514;2024-10-15-Day;7.296774193548387
Q58-W-Day;503515;2024-10-15-Day;6.766666666666667
Q58-W-Day;503516;2024-10-15-Day;2.2785714285714285
Q58-W-Day;503517;2024-10-15-Day;12.566666666666665
Q58-W-Day;503518;2024-10-15-Day;7.25
Q58-W-Day;503519;2024-10-15-Day;11.047619047619047
Q58-W-Day;503520;2024-10-15-Day;4.833333333333333
Q58-W-Day;503521;2024-10-15-Day;2.9
Q58-W-Day;503522;2024-10-15-Day;15.66
Q58-W-Day;503523;2024-10-15-Day;2.658333333333333
Q58-W-Day;503524;2024-10-15-Day;1.7136363636363636
Q58-W-Day;503525;2024-10-15-Day;3.314285714285714
Q58-W-Day;503526;2024-10-15-Day;1.2083333333333333
Q58-W-Day;503527;2024-10-15-Day;2.9
Q58-W-Day;503528;2024-10-15-Day;11.6
Q58-W-Day;503529;2024-10-15-Day;1.305
Q58-W-Day;503530;2024-10-15-Day;5.907407407407407
Q58-W-Day;503531;2024-10-15-Day;4.314634146341463
Q58-W-Day;503532;2024-10-15-Day;4.461538461538462
Q58-W-Day;503533;2024-10-15-Day;3.045
Q58-W-Day;503535;2024-10-15-Day;2.4538461538461536
Q58-W-Day;503536;2024-10-15-Day;2.0714285714285716
Q58-W-Day;503537;2024-10-15-Day;2.702272727272727
Q58-W-Day;503538;2024-10-15-Day;0.8923076923076924
Q58-W-Day;503539;2024-10-15-Day;2.513333333333333
Q58-W-Day;503540;2024-10-15-Day;2.3476190476190477
Q58-W-Day;503541;2024-10-15-Day;1.7607142857142855
Q58-W-Day;503542;2024-10-15-Day;6.191891891891892
Q58-W-Day;503543;2024-10-15-Day;0.0
Q58-W-Day;503544;2024-10-15-Day;1.6312499999999999
Q58-W-Day;503545;2024-10-15-Day;1.1277777777777778
Q58-W-Day;503862;2024-10-15-Day;11.530952380952382
Q58-W-Day;503863;2024-10-15-Day;2.4538461538461536
Q58-W-Day;503864;2024-10-15-Day;9.424999999999999
Q58-W-Day;503982;2024-10-15-Day;6.0636363636363635
Q58-W-Day;504107;2024-10-15-Day;4.627659574468085
Q58-W-Day;504109;2024-10-15-Day;1.493939393939394
Q58-W-Day;504238;2024-10-15-Day;0.6548387096774193
Q58-W-Day;504455;2024-10-15-Day;5.8
Q58-W-Day;505082;2024-10-15-Day;0.54375
Q58-W-Day;505083;2024-10-15-Day;0.24166666666666664
Q58-W-Day;801052;2024-10-15-Day;2.9
Q58-W-Day;901025;2024-10-15-Day;1.1317073170731706
Q58-W-Evening;304841;2024-10-15-Evening;0.0
Q58-W-Evening;304842;2024-10-15-Evening;0.0
Q58-W-Evening;502982;2024-10-15-Evening;1.8125
Q58-W-Evening;503017;2024-10-15-Evening;4.511111111111111
Q58-W-Evening;503018;2024-10-15-Evening;27.757142857142856
Q58-W-Evening;503240;2024-10-15-Evening;1.74
Q58-W-Evening;503501;2024-10-15-Evening;41.888888888888886
Q58-W-Evening;503502;2024-10-15-Evening;8.923076923076923
Q58-W-Evening;503505;2024-10-15-Evening;1.0545454545454545
Q58-W-Evening;503506;2024-10-15-Evening;2.3
Q58-W-Evening;503511;2024-10-15-Evening;4.731578947368421
Q58-W-Evening;503513;2024-10-15-Evening;3.625
Q58-W-Evening;503514;2024-10-15-Evening;5.8
Q58-W-Evening;503515;2024-10-15-Evening;4.7124999999999995
Q58-W-Evening;503516;2024-10-15-Evening;0.0
Q58-W-Evening;503517;2024-10-15-Evening;4.807894736842106
Q58-W-Evening;503518;2024-10-15-Evening;3.48
Q58-W-Evening;503519;2024-10-15-Evening;5.123333333333333
Q58-W-Evening;503520;2024-10-15-Evening;1.16
Q58-W-Evening;503521;2024-10-15-Evening;0.3222222222222222
Q58-W-Evening;503522;2024-10-15-Evening;23.5625
Q58-W-Evening;503523;2024-10-15-Evening;0.58
Q58-W-Evening;503524;2024-10-15-Evening;1.7952380952380953
Q58-W-Evening;503525;2024-10-15-Evening;0.7733333333333333
Q58-W-Evening;503526;2024-10-15-Evening;0.41428571428571426
Q58-W-Evening;503527;2024-10-15-Evening;1.3647058823529412
Q58-W-Evening;503528;2024-10-15-Evening;1.2540540540540541
Q58-W-Evening;503529;2024-10-15-Evening;0.6214285714285713
Q58-W-Evening;503530;2024-10-15-Evening;0.2636363636363636
Q58-W-Evening;503531;2024-10-15-Evening;3.3027777777777776
Q58-W-Evening;503532;2024-10-15-Evening;1.16
Q58-W-Evening;503533;2024-10-15-Evening;1.45
Q58-W-Evening;503535;2024-10-15-Evening;0.0
Q58-W-Evening;503536;2024-10-15-Evening;0.3954545454545454
Q58-W-Evening;503537;2024-10-15-Evening;1.7243243243243245
Q58-W-Evening;503538;2024-10-15-Evening;0.0
Q58-W-Evening;503539;2024-10-15-Evening;2.4857142857142853
Q58-W-Evening;503540;2024-10-15-Evening;0.58
Q58-W-Evening;503541;2024-10-15-Evening;0.8055555555555556
Q58-W-Evening;503542;2024-10-15-Evening;3.2918918918918916
Q58-W-Evening;503544;2024-10-15-Evening;0.0
Q58-W-Evening;503545;2024-10-15-Evening;0.24166666666666664
Q58-W-Evening;503862;2024-10-15-Evening;7.25
Q58-W-Evening;503863;2024-10-15-Evening;1.45
Q58-W-Evening;503864;2024-10-15-Evening;2.779166666666667
Q58-W-Evening;503982;2024-10-15-Evening;4.64
Q58-W-Evening;504107;2024-10-15-Evening;1.3775
Q58-W-Evening;504109;2024-10-15-Evening;0.41428571428571426
Q58-W-Evening;504238;2024-10-15-Evening;0.39999999999999997
Q58-W-Evening;504455;2024-10-15-Evening;6.311764705882352
Q58-W-Evening;505082;2024-10-15-Evening;0.0
Q58-W-Evening;505083;2024-10-15-Evening;0.0
Q58-W-Evening;801052;2024-10-15-Evening;0.0
Q58-W-Evening;901025;2024-10-15-Evening;0.45789473684210524
Q58-W-Morning;304841;2024-10-15-Morning;0.0
Q58-W-Morning;304842;2024-10-15-Morning;0.0
Q58-W-Morning;502982;2024-10-15-Morning;0.4833333333333333
Q58-W-Morning;503017;2024-10-15-Morning;2.217647058823529
Q58-W-Morning;503018;2024-10-15-Morning;21.95
Q58-W-Morning;503240;2024-10-15-Morning;5.22
Q58-W-Morning;503501;2024-10-15-Morning;22.94782608695652
Q58-W-Morning;503502;2024-10-15-Morning;4.3999999999999995
Q58-W-Morning;503505;2024-10-15-Morning;4.971428571428571
Q58-W-Morning;503506;2024-10-15-Morning;5.4653846153846155
Q58-W-Morning;503511;2024-10-15-Morning;42.56785714285714
Q58-W-Morning;503513;2024-10-15-Morning;7.326315789473684
Q58-W-Morning;503514;2024-10-15-Morning;15.422727272727272
Q58-W-Morning;503515;2024-10-15-Morning;12.566666666666665
Q58-W-Morning;503516;2024-10-15-Morning;2.9
Q58-W-Morning;503517;2024-10-15-Morning;20.783333333333335
Q58-W-Morning;503518;2024-10-15-Morning;6.430434782608696
Q58-W-Morning;503519;2024-10-15-Morning;16.340384615384615
Q58-W-Morning;503520;2024-10-15-Morning;2.692857142857143
Q58-W-Morning;503521;2024-10-15-Morning;1.45
Q58-W-Morning;503522;2024-10-15-Morning;8.069565217391304
Q58-W-Morning;503523;2024-10-15-Morning;2.32
Q58-W-Morning;503524;2024-10-15-Morning;2.5375
Q58-W-Morning;503525;2024-10-15-Morning;3.7787878787878784
Q58-W-Morning;503526;2024-10-15-Morning;1.45
Q58-W-Morning;503527;2024-10-15-Morning;4.188888888888889
Q58-W-Morning;503528;2024-10-15-Morning;3.3319148936170215
Q58-W-Morning;503529;2024-10-15-Morning;2.4166666666666665
Q58-W-Morning;503530;2024-10-15-Morning;5.22
Q58-W-Morning;503531;2024-10-15-Morning;5.967307692307691
Q58-W-Morning;503532;2024-10-15-Morning;3.954545454545454
Q58-W-Morning;503533;2024-10-15-Morning;2.4166666666666665
Q58-W-Morning;503535;2024-10-15-Morning;0.9666666666666666
Q58-W-Morning;503536;2024-10-15-Morning;2.9
Q58-W-Morning;503537;2024-10-15-Morning;4.698
Q58-W-Morning;503538;2024-10-15-Morning;2.175
Q58-W-Morning;503539;2024-10-15-Morning;2.4857142857142853
Q58-W-Morning;503540;2024-10-15-Morning;4.4190476190476184
Q58-W-Morning;503541;2024-10-15-Morning;3.8227272727272723
Q58-W-Morning;503542;2024-10-15-Morning;4.652083333333334
Q58-W-Morning;503544;2024-10-15-Morning;0.4833333333333333
Q58-W-Morning;503545;2024-10-15-Morning;1.1153846153846154
Q58-W-Morning;503862;2024-10-15-Morning;10.029166666666667
Q58-W-Morning;503863;2024-10-15-Morning;5.8
Q58-W-Morning;503864;2024-10-15-Morning;20.662499999999998
Q58-W-Morning;503982;2024-10-15-Morning;2.03
Q58-W-Morning;504107;2024-10-15-Morning;3.4272727272727272
Q58-W-Morning;504109;2024-10-15-Morning;1.2794117647058822
Q58-W-Morning;504238;2024-10-15-Morning;1.1738095238095239
Q58-W-Morning;504455;2024-10-15-Morning;4.833333333333333
Q58-W-Morning;505082;2024-10-15-Morning;1.2428571428571427
Q58-W-Morning;505083;2024-10-15-Morning;1.45
Q58-W-Morning;801052;2024-10-15-Morning;0.0
Q58-W-Morning;901025;2024-10-15-Morning;1.1863636363636365
Q58-W-Night;304841;2024-10-15-Night;0.0
Q58-W-Night;304842;2024-10-15-Night;0.0
Q58-W-Night;502982;2024-10-15-Night;2.9
Q58-W-Night;503017;2024-10-15-Night;3.7285714285714286
Q58-W-Night;503018;2024-10-15-Night;10.281818181818181
Q58-W-Night;503501;2024-10-15-Night;24.40833333333333
Q58-W-Night;503502;2024-10-15-Night;3.8666666666666663
Q58-W-Night;503505;2024-10-15-Night;2.9
Q58-W-Night;503506;2024-10-15-Night;1.657142857142857
Q58-W-Night;503511;2024-10-15-Night;17.4
Q58-W-Night;503513;2024-10-15-Night;8.216666666666667
Q58-W-Night;503514;2024-10-15-Night;10.15
Q58-W-Night;503515;2024-10-15-Night;6.96
Q58-W-Night;503516;2024-10-15-Night;3.8666666666666663
Q58-W-Night;503517;2024-10-15-Night;13.4125
Q58-W-Night;503518;2024-10-15-Night;4.833333333333333
Q58-W-Night;503519;2024-10-15-Night;4.833333333333333
Q58-W-Night;503520;2024-10-15-Night;1.45
Q58-W-Night;503522;2024-10-15-Night;4.833333333333333
Q58-W-Night;503523;2024-10-15-Night;3.8666666666666663
Q58-W-Night;503524;2024-10-15-Night;3.625
Q58-W-Night;503525;2024-10-15-Night;2.9
Q58-W-Night;503526;2024-10-15-Night;0.0
Q58-W-Night;503527;2024-10-15-Night;5.8
Q58-W-Night;503528;2024-10-15-Night;0.0
Q58-W-Night;503529;2024-10-15-Night;1.45
Q58-W-Night;503530;2024-10-15-Night;0.725
Q58-W-Night;503531;2024-10-15-Night;2.175
Q58-W-Night;503532;2024-10-15-Night;5.8
Q58-W-Night;503533;2024-10-15-Night;0.725
Q58-W-Night;503535;2024-10-15-Night;0.0
Q58-W-Night;503536;2024-10-15-Night;0.0
Q58-W-Night;503537;2024-10-15-Night;0.4833333333333333
Q58-W-Night;503538;2024-10-15-Night;0.0
Q58-W-Night;503539;2024-10-15-Night;0.0
Q58-W-Night;503540;2024-10-15-Night;1.9333333333333331
Q58-W-Night;503541;2024-10-15-Night;2.9
Q58-W-Night;503542;2024-10-15-Night;2.32
Q58-W-Night;503544;2024-10-15-Night;0.0
Q58-W-Night;503862;2024-10-15-Night;7.6125
Q58-W-Night;503863;2024-10-15-Night;2.9
Q58-W-Night;503864;2024-10-15-Night;17.814285714285713
Q58-W-Night;503982;2024-10-15-Night;0.0
Q58-W-Night;504107;2024-10-15-Night;1.16
Q58-W-Night;504109;2024-10-15-Night;0.0
Q58-W-Night;504238;2024-10-15-Night;0.0
Q58-W-Night;504455;2024-10-15-Night;2.175
Q58-W-Night;505083;2024-10-15-Night;0.0
Q58-W-Night;901025;2024-10-15-Night;0.725
Q58-W-RushHour;304841;2024-10-15-RushHour;0.0
Q58-W-RushHour;304842;2024-10-15-RushHour;0.0
Q58-W-RushHour;502982;2024-10-15-RushHour;1.74
Q58-W-RushHour;503017;2024-10-15-RushHour;9.359090909090908
Q58-W-RushHour;503018;2024-10-15-RushHour;48.28108108108108
Q58-W-RushHour;503240;2024-10-15-RushHour;2.32
Q58-W-RushHour;503501;2024-10-15-RushHour;77.40769230769232
Q58-W-RushHour;503502;2024-10-15-RushHour;12.014285714285714
Q58-W-RushHour;503505;2024-10-15-RushHour;1.5466666666666666
Q58-W-RushHour;503506;2024-10-15-RushHour;2.7066666666666666
Q58-W-RushHour;503511;2024-10-15-RushHour;7.761764705882352
Q58-W-RushHour;503513;2024-10-15-RushHour;3.2624999999999997
Q58-W-RushHour;503514;2024-10-15-RushHour;5.075
Q58-W-RushHour;503515;2024-10-15-RushHour;5.993333333333334
Q58-W-RushHour;503516;2024-10-15-RushHour;2.9
Q58-W-RushHour;503517;2024-10-15-RushHour;8.53888888888889
Q58-W-RushHour;503518;2024-10-15-RushHour;3.2222222222222223
Q58-W-RushHour;503519;2024-10-15-RushHour;8.617142857142857
Q58-W-RushHour;503520;2024-10-15-RushHour;3.954545454545454
Q58-W-RushHour;503521;2024-10-15-RushHour;1.8125
Q58-W-RushHour;503522;2024-10-15-RushHour;22.5
Q58-W-RushHour;503523;2024-10-15-RushHour;5.316666666666666
Q58-W-RushHour;503524;2024-10-15-RushHour;1.99375
Q58-W-RushHour;503525;2024-10-15-RushHour;1.3533333333333333
Q58-W-RushHour;503526;2024-10-15-RushHour;1.3647058823529412
Q58-W-RushHour;503527;2024-10-15-RushHour;2.9
Q58-W-RushHour;503528;2024-10-15-RushHour;4.859459459459459
Q58-W-RushHour;503529;2024-10-15-RushHour;1.023529411764706
Q58-W-RushHour;503530;2024-10-15-RushHour;2.2095238095238092
Q58-W-RushHour;503531;2024-10-15-RushHour;4.511111111111111
Q58-W-RushHour;503532;2024-10-15-RushHour;0.58
Q58-W-RushHour;503533;2024-10-15-RushHour;2.9
Q58-W-RushHour;503535;2024-10-15-RushHour;1.7846153846153847
Q58-W-RushHour;503536;2024-10-15-RushHour;1.5466666666666666
Q58-W-RushHour;503537;2024-10-15-RushHour;5.1656249999999995
Q58-W-RushHour;503538;2024-10-15-RushHour;1.6916666666666667
Q58-W-RushHour;503539;2024-10-15-RushHour;0.8285714285714285
Q58-W-RushHour;503540;2024-10-15-RushHour;1.519047619047619
Q58-W-RushHour;503541;2024-10-15-RushHour;2.9
Q58-W-RushHour;503542;2024-10-15-RushHour;3.9875
Q58-W-RushHour;503544;2024-10-15-RushHour;1.3384615384615386
Q58-W-RushHour;503545;2024-10-15-RushHour;0.7909090909090908
Q58-W-RushHour;503862;2024-10-15-RushHour;10.854285714285714
Q58-W-RushHour;503863;2024-10-15-RushHour;2.4857142857142853
Q58-W-RushHour;503864;2024-10-15-RushHour;6.311764705882352
Q58-W-RushHour;503982;2024-10-15-RushHour;8.941666666666666
Q58-W-RushHour;504107;2024-10-15-RushHour;2.734285714285714
Q58-W-RushHour;504109;2024-10-15-RushHour;0.7999999999999999
Q58-W-RushHour;504238;2024-10-15-RushHour;0.46399999999999997
Q58-W-RushHour;504455;2024-10-15-RushHour;7.1647058823529415
Q58-W-RushHour;505082;2024-10-15-RushHour;0.0
Q58-W-RushHour;505083;2024-10-15-RushHour;0.0
Q58-W-RushHour;801052;2024-10-15-RushHour;0.58
Q58-W-RushHour;901025;2024-10-15-RushHour;3.8354838709677415
S53-E-Day;200128;2024-10-15-Day;8.7
S53-E-Day;200129;2024-10-15-Day;1.9333333333333331
S53-E-Day;200131;2024-10-15-Day;4.06
S53-E-Day;200132;2024-10-15-Day;13.257142857142856
S53-E-Day;200259;2024-10-15-Day;5.22
S53-E-Day;200261;2024-10-15-Day;8.216666666666667
S53-E-Day;200263;2024-10-15-Day;7.6125
S53-E-Day;200266;2024-10-15-Day;13.709090909090909
S53-E-Day;200426;2024-10-15-Day;2.9
S53-E-Day;200427;2024-10-15-Day;13.63
S53-E-Day;200612;2024-10-15-Day;1.45
S53-E-Day;200646;2024-10-15-Day;2.2555555555555555
S53-E-Day;200652;2024-10-15-Day;2.175
S53-E-Day;200660;2024-10-15-Day;7.0888888888888895
S53-E-Day;200661;2024-10-15-Day;2.175
S53-E-Day;200662;2024-10-15-Day;4.64
S53-E-Day;200663;2024-10-15-Day;11.6
S53-E-Day;200664;2024-10-15-Day;4.35
S53-E-Day;200715;2024-10-15-Day;2.9
S53-E-Day;201289;2024-10-15-Day;3.625
S53-E-Day;202603;2024-10-15-Day;1.2428571428571427
S53-E-Day;202740;2024-10-15-Day;4.64
S53-E-Day;202787;2024-10-15-Day;2.32
S53-E-Day;203032;2024-10-15-Day;5.8
S53-E-Day;203034;2024-10-15-Day;7.0888888888888895
S53-E-Day;203035;2024-10-15-Day;4.64
S53-E-Day;203036;2024-10-15-Day;10.545454545454545
S53-E-Day;203037;2024-10-15-Day;3.8666666666666663
S53-E-Day;203038;2024-10-15-Day;2.9
S53-E-Day;203039;2024-10-15-Day;7.25
S53-E-Day;203052;2024-10-15-Day;2.9
S53-E-Day;203500;2024-10-15-Day;6.669999999999999
S53-E-Day;203501;2024-10-15-Day;5.8
S53-E-Day;203502;2024-10-15-Day;2.32
S53-E-Day;203503;2024-10-15-Day;1.9333333333333331
S53-E-Day;203504;2024-10-15-Day;5.8
S53-E-Day;203505;2024-10-15-Day;1.9333333333333331
S53-E-Day;203554;2024-10-15-Day;7.4111111111111105
S53-E-Day;203891;2024-10-15-Day;4.06
S53-E-Day;204019;2024-10-15-Day;7.6125
S53-E-Day;301707;2024-10-15-Day;0.0
S53-E-Day;307203;2024-10-15-Day;2.5777777777777775
S53-E-Day;307501;2024-10-15-Day;0.0
S53-E-Day;801069;2024-10-15-Day;4.833333333333333
S53-E-Evening;200128;2024-10-15-Evening;5.8
S53-E-Evening;200129;2024-10-15-Evening;1.9333333333333331
S53-E-Evening;200131;2024-10-15-Evening;1.45
S53-E-Evening;200132;2024-10-15-Evening;4.142857142857143
S53-E-Evening;200259;2024-10-15-Evening;2.9
S53-E-Evening;200261;2024-10-15-Evening;7.54
S53-E-Evening;200263;2024-10-15-Evening;6.38
S53-E-Evening;200266;2024-10-15-Evening;13.339999999999998
S53-E-Evening;200426;2024-10-15-Evening;4.35
S53-E-Evening;200427;2024-10-15-Evening;11.6
S53-E-Evening;200612;2024-10-15-Evening;0.0
S53-E-Evening;200646;2024-10-15-Evening;0.0
S53-E-Evening;200660;2024-10-15-Evening;11.116666666666667
S53-E-Evening;200661;2024-10-15-Evening;2.9
S53-E-Evening;200662;2024-10-15-Evening;2.9
S53-E-Evening;200663;2024-10-15-Evening;2.9
S53-E-Evening;201289;2024-10-15-Evening;10.15
S53-E-Evening;202603;2024-10-15-Evening;2.9
S53-E-Evening;202740;2024-10-15-Evening;12.325
S53-E-Evening;203032;2024-10-15-Evening;3.8666666666666663
S53-E-Evening;203034;2024-10-15-Evening;13.049999999999999
S53-E-Evening;203035;2024-10-15-Evening;8.12
S53-E-Evening;203036;2024-10-15-Evening;17.814285714285713
S53-E-Evening;203037;2024-10-15-Evening;2.9
S53-E-Evening;203038;2024-10-15-Evening;4.35
S53-E-Evening;203039;2024-10-15-Evening;0.0
S53-E-Evening;203052;2024-10-15-Evening;0.0
S53-E-Evening;203456;2024-10-15-Evening;3.8666666666666663
S53-E-Evening;203500;2024-10-15-Evening;2.9
S53-E-Evening;203501;2024-10-15-Evening;2.9
S53-E-Evening;203502;2024-10-15-Evening;4.35
S53-E-Evening;203503;2024-10-15-Evening;1.9333333333333331
S53-E-Evening;203504;2024-10-15-Evening;5.075
S53-E-Evening;203505;2024-10-15-Evening;0.0
S53-E-Evening;203554;2024-10-15-Evening;10.44
S53-E-Evening;203891;2024-10-15-Evening;1.45
S53-E-Evening;204019;2024-10-15-Evening;5.8
S53-E-Evening;301707;2024-10-15-Evening;0.0
S53-E-Evening;307203;2024-10-15-Evening;0.0
S53-E-Evening;307501;2024-10-15-Evening;0.9666666666666666
S53-E-Evening;801069;2024-10-15-Evening;0.0
S53-E-Morning;200128;2024-10-15-Morning;20.076923076923077
S53-E-Morning;200129;2024-10-15-Morning;7.4111111111111105
S53-E-Morning;200131;2024-10-15-Morning;9.666666666666666
S53-E-Morning;200132;2024-10-15-Morning;9.490909090909092
S53-E-Morning;200259;2024-10-15-Morning;5.4375
S53-E-Morning;200261;2024-10-15-Morning;9.424999999999999
S53-E-Morning;200263;2024-10-15-Morning;9.28
S53-E-Morning;200266;2024-10-15-Morning;22.1125
S53-E-Morning;200426;2024-10-15-Morning;13.049999999999999
S53-E-Morning;200427;2024-10-15-Morning;24.02857142857143
S53-E-Morning;200612;2024-10-15-Morning;4.35
S53-E-Morning;200646;2024-10-15-Morning;2.4857142857142853
S53-E-Morning;200652;2024-10-15-Morning;2.03
S53-E-Morning;200660;2024-10-15-Morning;10.564285714285713
S53-E-Morning;200661;2024-10-15-Morning;4.64
S53-E-Morning;200662;2024-10-15-Morning;4.833333333333333
S53-E-Morning;200663;2024-10-15-Morning;3.625
S53-E-Morning;200664;2024-10-15-Morning;5.8
S53-E-Morning;201289;2024-10-15-Morning;2.32
S53-E-Morning;202603;2024-10-15-Morning;3.8666666666666663
S53-E-Morning;202740;2024-10-15-Morning;5.8
S53-E-Morning;202787;2024-10-15-Morning;2.9
S53-E-Morning;203032;2024-10-15-Morning;5.385714285714286
S53-E-Morning;203034;2024-10-15-Morning;17.72222222222222
S53-E-Morning;203035;2024-10-15-Morning;7.54
S53-E-Morning;203036;2024-10-15-Morning;12.76
S53-E-Morning;203037;2024-10-15-Morning;2.9
S53-E-Morning;203038;2024-10-15-Morning;1.9333333333333331
S53-E-Morning;203039;2024-10-15-Morning;2.9
S53-E-Morning;203052;2024-10-15-Morning;6.1625
S53-E-Morning;203456;2024-10-15-Morning;2.9
S53-E-Morning;203500;2024-10-15-Morning;7.7333333333333325
S53-E-Morning;203501;2024-10-15-Morning;2.5375
S53-E-Morning;203502;2024-10-15-Morning;7.457142857142857
S53-E-Morning;203503;2024-10-15-Morning;7.381818181818182
S53-E-Morning;203504;2024-10-15-Morning;10.707692307692309
S53-E-Morning;203505;2024-10-15-Morning;3.48
S53-E-Morning;203554;2024-10-15-Morning;9.490909090909092
S53-E-Morning;203891;2024-10-15-Morning;12.469999999999999
S53-E-Morning;204019;2024-10-15-Morning;5.8
S53-E-Morning;301707;2024-10-15-Morning;0.0
S53-E-Morning;307203;2024-10-15-Morning;2.230769230769231
S53-E-Morning;307501;2024-10-15-Morning;0.5272727272727272
S53-E-Morning;801069;2024-10-15-Morning;0.2636363636363636
S53-E-Night;200128;2024-10-15-Night;5.8
S53-E-Night;200129;2024-10-15-Night;5.8
S53-E-Night;200131;2024-10-15-Night;2.9
S53-E-Night;200132;2024-10-15-Night;3.625
S53-E-Night;200259;2024-10-15-Night;2.9
S53-E-Night;200261;2024-10-15-Night;8.12
S53-E-Night;200263;2024-10-15-Night;3.625
S53-E-Night;200266;2024-10-15-Night;4.35
S53-E-Night;200427;2024-10-15-Night;8.12
S53-E-Night;200612;2024-10-15-Night;5.8
S53-E-Night;200646;2024-10-15-Night;2.9
S53-E-Night;200660;2024-10-15-Night;4.06
S53-E-Night;200662;2024-10-15-Night;2.9
S53-E-Night;200663;2024-10-15-Night;2.9
S53-E-Night;201289;2024-10-15-Night;2.9
S53-E-Night;202740;2024-10-15-Night;13.92
S53-E-Night;202787;2024-10-15-Night;2.9
S53-E-Night;203032;2024-10-15-Night;2.9
S53-E-Night;203034;2024-10-15-Night;2.9
S53-E-Night;203035;2024-10-15-Night;2.9
S53-E-Night;203036;2024-10-15-Night;6.5249999999999995
S53-E-Night;203037;2024-10-15-Night;5.8
S53-E-Night;203052;2024-10-15-Night;2.9
S53-E-Night;203500;2024-10-15-Night;4.64
S53-E-Night;203501;2024-10-15-Night;8.7
S53-E-Night;203502;2024-10-15-Night;2.9
S53-E-Night;203503;2024-10-15-Night;0.0
S53-E-Night;203504;2024-10-15-Night;2.9
S53-E-Night;203554;2024-10-15-Night;7.25
S53-E-Night;203891;2024-10-15-Night;5.8
S53-E-Night;301707;2024-10-15-Night;0.0
S53-E-Night;307203;2024-10-15-Night;0.0
S53-E-Night;307501;2024-10-15-Night;0.0
S53-E-Night;801069;2024-10-15-Night;0.4833333333333333
S53-E-RushHour;200128;2024-10-15-RushHour;3.8666666666666663
S53-E-RushHour;200129;2024-10-15-RushHour;0.0
S53-E-RushHour;200131;2024-10-15-RushHour;1.45
S53-E-RushHour;200132;2024-10-15-RushHour;10.15
S53-E-RushHour;200259;2024-10-15-RushHour;8.7
S53-E-RushHour;200261;2024-10-15-RushHour;6.38
S53-E-RushHour;200263;2024-10-15-RushHour;4.833333333333333
S53-E-RushHour;200266;2024-10-15-RushHour;6.766666666666667
S53-E-RushHour;200426;2024-10-15-RushHour;5.8
S53-E-RushHour;200427;2024-10-15-RushHour;13.049999999999999
S53-E-RushHour;200612;2024-10-15-RushHour;2.9
S53-E-RushHour;200652;2024-10-15-RushHour;7.25
S53-E-RushHour;200660;2024-10-15-RushHour;6.5249999999999995
S53-E-RushHour;200661;2024-10-15-RushHour;1.45
S53-E-RushHour;200662;2024-10-15-RushHour;2.9
S53-E-RushHour;200663;2024-10-15-RushHour;0.9666666666666666
S53-E-RushHour;201289;2024-10-15-RushHour;2.9
S53-E-RushHour;202603;2024-10-15-RushHour;5.8
S53-E-RushHour;202740;2024-10-15-RushHour;8.7
S53-E-RushHour;202787;2024-10-15-RushHour;1.45
S53-E-RushHour;203032;2024-10-15-RushHour;3.625
S53-E-RushHour;203034;2024-10-15-RushHour;13.049999999999999
S53-E-RushHour;203035;2024-10-15-RushHour;5.8
S53-E-RushHour;203036;2024-10-15-RushHour;16.433333333333334
S53-E-RushHour;203038;2024-10-15-RushHour;2.9
S53-E-RushHour;203039;2024-10-15-RushHour;2.9
S53-E-RushHour;203052;2024-10-15-RushHour;5.075
S53-E-RushHour;203500;2024-10-15-RushHour;2.175
S53-E-RushHour;203501;2024-10-15-RushHour;1.9333333333333331
S53-E-RushHour;203502;2024-10-15-RushHour;2.9
S53-E-RushHour;203503;2024-10-15-RushHour;0.0
S53-E-RushHour;203504;2024-10-15-RushHour;5.8
S53-E-RushHour;203554;2024-10-15-RushHour;10.633333333333333
S53-E-RushHour;203891;2024-10-15-RushHour;5.22
S53-E-RushHour;204019;2024-10-15-RushHour;4.35
S53-E-RushHour;301707;2024-10-15-RushHour;0.0
S53-E-RushHour;307203;2024-10-15-RushHour;0.0
S53-E-RushHour;307501;2024-10-15-RushHour;0.4833333333333333
S53-E-RushHour;801069;2024-10-15-RushHour;0.725
S53-W-Day;200200;2024-10-15-Day;0.0
S53-W-Day;200201;2024-10-15-Day;3.2624999999999997
S53-W-Day;200202;2024-10-15-Day;0.0
S53-W-Day;200203;2024-10-15-Day;1.45
S53-W-Day;200311;2024-10-15-Day;2.0714285714285716
S53-W-Day;200312;2024-10-15-Day;0.0
S53-W-Day;200313;2024-10-15-Day;2.5375
S53-W-Day;200314;2024-10-15-Day;3.3833333333333333
S53-W-Day;200315;2024-10-15-Day;2.2785714285714285
S53-W-Day;200316;2024-10-15-Day;0.58
S53-W-Day;200416;2024-10-15-Day;0.0
S53-W-Day;200417;2024-10-15-Day;0.4833333333333333
S53-W-Day;200626;2024-10-15-Day;2.9
S53-W-Day;200627;2024-10-15-Day;1.16
S53-W-Day;200694;2024-10-15-Day;3.5444444444444447
S53-W-Day;200695;2024-10-15-Day;7.25
S53-W-Day;200697;2024-10-15-Day;1.45
S53-W-Day;200698;2024-10-15-Day;1.657142857142857
S53-W-Day;200700;2024-10-15-Day;24.166666666666668
S53-W-Day;200708;2024-10-15-Day;8.172727272727274
S53-W-Day;200710;2024-10-15-Day;3.4272727272727272
S53-W-Day;200713;2024-10-15-Day;6.573333333333333
S53-W-Day;200714;2024-10-15-Day;2.9
S53-W-Day;200716;2024-10-15-Day;2.9
S53-W-Day;203040;2024-10-15-Day;1.16
S53-W-Day;203043;2024-10-15-Day;14.329411764705883
S53-W-Day;203044;2024-10-15-Day;2.9
S53-W-Day;203045;2024-10-15-Day;0.8923076923076924
S53-W-Day;203046;2024-10-15-Day;0.4461538461538462
S53-W-Day;203095;2024-10-15-Day;2.9
S53-W-Day;203464;2024-10-15-Day;3.2624999999999997
S53-W-Day;203480;2024-10-15-Day;2.9
S53-W-Day;203506;2024-10-15-Day;2.175
S53-W-Day;203507;2024-10-15-Day;7.54
S53-W-Day;203508;2024-10-15-Day;1.657142857142857
S53-W-Day;203509;2024-10-15-Day;2.32
S53-W-Day;203510;2024-10-15-Day;0.0
S53-W-Day;203511;2024-10-15-Day;6.444444444444445
S53-W-Day;306959;2024-10-15-Day;13.775
S53-W-Day;308032;2024-10-15-Day;2.9
S53-W-Day;905016;2024-10-15-Day;63.8
S53-W-Day;905059;2024-10-15-Day;59.24285714285713
S53-W-Day;905105;2024-10-15-Day;2.109090909090909
S53-W-Evening;200200;2024-10-15-Evening;0.0
S53-W-Evening;200201;2024-10-15-Evening;1.9333333333333331
S53-W-Evening;200202;2024-10-15-Evening;2.9
S53-W-Evening;200203;2024-10-15-Evening;0.4833333333333333
S53-W-Evening;200311;2024-10-15-Evening;0.9666666666666666
S53-W-Evening;200312;2024-10-15-Evening;0.725
S53-W-Evening;200313;2024-10-15-Evening;1.16
S53-W-Evening;200314;2024-10-15-Evening;0.3222222222222222
S53-W-Evening;200315;2024-10-15-Evening;1.6111111111111112
S53-W-Evening;200316;2024-10-15-Evening;0.0
S53-W-Evening;200416;2024-10-15-Evening;0.58
S53-W-Evening;200417;2024-10-15-Evening;0.0
S53-W-Evening;200626;2024-10-15-Evening;0.725
S53-W-Evening;200627;2024-10-15-Evening;1.16
S53-W-Evening;200694;2024-10-15-Evening;1.3181818181818181
S53-W-Evening;200695;2024-10-15-Evening;0.0
S53-W-Evening;200697;2024-10-15-Evening;0.9666666666666666
S53-W-Evening;200698;2024-10-15-Evening;0.0
S53-W-Evening;200700;2024-10-15-Evening;11.072727272727272
S53-W-Evening;200708;2024-10-15-Evening;5.8
S53-W-Evening;200710;2024-10-15-Evening;1.0875
S53-W-Evening;200713;2024-10-15-Evening;4.06
S53-W-Evening;200714;2024-10-15-Evening;0.0
S53-W-Evening;200716;2024-10-15-Evening;0.9666666666666666
S53-W-Evening;203040;2024-10-15-Evening;0.0
S53-W-Evening;203043;2024-10-15-Evening;3.5692307692307694
S53-W-Evening;203044;2024-10-15-Evening;0.0
S53-W-Evening;203045;2024-10-15-Evening;0.29
S53-W-Evening;203046;2024-10-15-Evening;0.87
S53-W-Evening;203095;2024-10-15-Evening;1.9333333333333331
S53-W-Evening;203100;2024-10-15-Evening;0.0
S53-W-Evening;203457;2024-10-15-Evening;0.0
S53-W-Evening;203464;2024-10-15-Evening;2.5777777777777775
S53-W-Evening;203480;2024-10-15-Evening;0.0
S53-W-Evening;203506;2024-10-15-Evening;0.0
S53-W-Evening;203507;2024-10-15-Evening;5.075
S53-W-Evening;203508;2024-10-15-Evening;0.41428571428571426
S53-W-Evening;203509;2024-10-15-Evening;0.58
S53-W-Evening;203510;2024-10-15-Evening;0.9666666666666666
S53-W-Evening;203511;2024-10-15-Evening;2.9
S53-W-Evening;306959;2024-10-15-Evening;9.569999999999999
S53-W-Evening;308032;2024-10-15-Evening;37.699999999999996
S53-W-Evening;905059;2024-10-15-Evening;68.54545454545455
S53-W-Evening;905105;2024-10-15-Evening;1.0875
S53-W-Morning;200200;2024-10-15-Morning;0.0
S53-W-Morning;200201;2024-10-15-Morning;3.3833333333333333
S53-W-Morning;200202;2024-10-15-Morning;1.45
S53-W-Morning;200203;2024-10-15-Morning;4.833333333333333
S53-W-Morning;200311;2024-10-15-Morning;2.9
S53-W-Morning;200312;2024-10-15-Morning;2.9
S53-W-Morning;200313;2024-10-15-Morning;2.9
S53-W-Morning;200314;2024-10-15-Morning;3.8666666666666663
S53-W-Morning;200315;2024-10-15-Morning;0.725
S53-W-Morning;200316;2024-10-15-Morning;0.0
S53-W-Morning;200416;2024-10-15-Morning;0.0
S53-W-Morning;200417;2024-10-15-Morning;2.9
S53-W-Morning;200626;2024-10-15-Morning;2.9
S53-W-Morning;200627;2024-10-15-Morning;2.9
S53-W-Morning;200694;2024-10-15-Morning;9.114285714285714
S53-W-Morning;200695;2024-10-15-Morning;1.45
S53-W-Morning;200697;2024-10-15-Morning;4.06
S53-W-Morning;200698;2024-10-15-Morning;8.7
S53-W-Morning;200700;2024-10-15-Morning;17.4
S53-W-Morning;200708;2024-10-15-Morning;10.633333333333333
S53-W-Morning;200710;2024-10-15-Morning;1.16
S53-W-Morning;200713;2024-10-15-Morning;4.971428571428571
S53-W-Morning;200716;2024-10-15-Morning;1.74
S53-W-Morning;203040;2024-10-15-Morning;0.9666666666666666
S53-W-Morning;203043;2024-10-15-Morning;4.35
S53-W-Morning;203044;2024-10-15-Morning;0.0
S53-W-Morning;203045;2024-10-15-Morning;1.16
S53-W-Morning;203046;2024-10-15-Morning;3.48
S53-W-Morning;203095;2024-10-15-Morning;5.075
S53-W-Morning;203464;2024-10-15-Morning;5.8
S53-W-Morning;203480;2024-10-15-Morning;0.0
S53-W-Morning;203506;2024-10-15-Morning;0.0
S53-W-Morning;203507;2024-10-15-Morning;0.725
S53-W-Morning;203508;2024-10-15-Morning;3.625
S53-W-Morning;203509;2024-10-15-Morning;4.35
S53-W-Morning;203510;2024-10-15-Morning;0.0
S53-W-Morning;203511;2024-10-15-Morning;7.7333333333333325
S53-W-Morning;306959;2024-10-15-Morning;12.428571428571427
S53-W-Morning;308032;2024-10-15-Morning;2.9
S53-W-Morning;905059;2024-10-15-Morning;41.24444444444444
S53-W-Morning;905105;2024-10-15-Morning;0.9666666666666666
S53-W-Night;200200;2024-10-15-Night;0.0
S53-W-Night;200201;2024-10-15-Night;1.45
S53-W-Night;200203;2024-10-15-Night;0.0
S53-W-Night;200311;2024-10-15-Night;5.8
S53-W-Night;200314;2024-10-15-Night;0.0
S53-W-Night;200315;2024-10-15-Night;0.0
S53-W-Night;200316;2024-10-15-Night;0.0
S53-W-Night;200416;2024-10-15-Night;0.0
S53-W-Night;200626;2024-10-15-Night;0.0
S53-W-Night;200627;2024-10-15-Night;0.0
S53-W-Night;200694;2024-10-15-Night;11.6
S53-W-Night;200698;2024-10-15-Night;0.0
S53-W-Night;200700;2024-10-15-Night;4.35
S53-W-Night;200708;2024-10-15-Night;2.175
S53-W-Night;200710;2024-10-15-Night;0.0
S53-W-Night;200713;2024-10-15-Night;0.725
S53-W-Night;200714;2024-10-15-Night;0.0
S53-W-Night;200716;2024-10-15-Night;0.0
S53-W-Night;203043;2024-10-15-Night;0.58
S53-W-Night;203044;2024-10-15-Night;5.8
S53-W-Night;203045;2024-10-15-Night;1.45
S53-W-Night;203046;2024-10-15-Night;1.45
S53-W-Night;203095;2024-10-15-Night;5.8
S53-W-Night;203457;2024-10-15-Night;0.0
S53-W-Night;203464;2024-10-15-Night;4.833333333333333
S53-W-Night;203507;2024-10-15-Night;4.35
S53-W-Night;203509;2024-10-15-Night;2.9
S53-W-Night;203511;2024-10-15-Night;1.45
S53-W-Night;306959;2024-10-15-Night;6.5249999999999995
S53-W-Night;905059;2024-10-15-Night;20.783333333333335
S53-W-Night;905105;2024-10-15-Night;0.0
S53-W-RushHour;200200;2024-10-15-RushHour;5.385714285714286
S53-W-RushHour;200201;2024-10-15-RushHour;0.3625
S53-W-RushHour;200202;2024-10-15-RushHour;0.0
S53-W-RushHour;200203;2024-10-15-RushHour;1.45
S53-W-RushHour;200311;2024-10-15-RushHour;5.8
S53-W-RushHour;200312;2024-10-15-RushHour;0.0
S53-W-RushHour;200313;2024-10-15-RushHour;0.9666666666666666
S53-W-RushHour;200314;2024-10-15-RushHour;3.314285714285714
S53-W-RushHour;200315;2024-10-15-RushHour;0.4833333333333333
S53-W-RushHour;200316;2024-10-15-RushHour;0.0
S53-W-RushHour;200416;2024-10-15-RushHour;1.0875
S53-W-RushHour;200417;2024-10-15-RushHour;0.0
S53-W-RushHour;200626;2024-10-15-RushHour;2.175
S53-W-RushHour;200627;2024-10-15-RushHour;1.45
S53-W-RushHour;200694;2024-10-15-RushHour;6.96
S53-W-RushHour;200695;2024-10-15-RushHour;0.0
S53-W-RushHour;200697;2024-10-15-RushHour;0.0
S53-W-RushHour;200698;2024-10-15-RushHour;1.16
S53-W-RushHour;200700;2024-10-15-RushHour;21.91111111111111
S53-W-RushHour;200708;2024-10-15-RushHour;11.6
S53-W-RushHour;200710;2024-10-15-RushHour;4.833333333333333
S53-W-RushHour;200713;2024-10-15-RushHour;15.95
S53-W-RushHour;200714;2024-10-15-RushHour;2.175
S53-W-RushHour;200716;2024-10-15-RushHour;0.58
S53-W-RushHour;203040;2024-10-15-RushHour;0.0
S53-W-RushHour;203043;2024-10-15-RushHour;8.7
S53-W-RushHour;203044;2024-10-15-RushHour;1.74
S53-W-RushHour;203045;2024-10-15-RushHour;2.175
S53-W-RushHour;203046;2024-10-15-RushHour;1.2428571428571427
S53-W-RushHour;203095;2024-10-15-RushHour;2.9
S53-W-RushHour;203100;2024-10-15-RushHour;0.0
S53-W-RushHour;203457;2024-10-15-RushHour;2.9
S53-W-RushHour;203464;2024-10-15-RushHour;2.9
S53-W-RushHour;203506;2024-10-15-RushHour;1.45
S53-W-RushHour;203507;2024-10-15-RushHour;9.666666666666666
S53-W-RushHour;203508;2024-10-15-RushHour;2.4166666666666665
S53-W-RushHour;203509;2024-10-15-RushHour;0.8285714285714285
S53-W-RushHour;203510;2024-10-15-RushHour;0.725
S53-W-RushHour;203511;2024-10-15-RushHour;7.25
S53-W-RushHour;306959;2024-10-15-RushHour;18.56
S53-W-RushHour;308032;2024-10-15-RushHour;2.9
S53-W-RushHour;905059;2024-10-15-RushHour;115.6375
S53-W-RushHour;905105;2024-10-15-RushHour;1.9333333333333331
