RouteId;Adress Id;Adress;lon;lat;linjenummer;L_u;route_group;type;problem_type
B35-E-Day;302692;CHURCH AV/McDONALD AV;-73.979587;40.64265;1;30.0;Day Busses;Car;HPP
B35-E-Day;308194;39 ST/1 AV;-74.012027;40.656155;1;30.0;Day Busses;Car;HPP
B35-E-Day;302678;39 ST/2 AV;-74.010181;40.654972;2;30.0;Day Busses;Car;HPP
B35-E-Day;302693;CHURCH AV / E 3 ST;-73.97723;40.643612;2;30.0;Day Busses;Car;HPP
B35-E-Day;302679;39 ST/3 AV;-74.008495;40.65396;3;30.0;Day Busses;Car;HPP
B35-E-Day;307581;CHURCH AV/E 5 ST;-73.975219;40.644458;3;30.0;Day Busses;Car;HPP
B35-E-Day;302680;39 ST/4 AV;-74.005795;40.652335;4;30.0;Day Busses;Car;HPP
B35-E-Day;302695;CHURCH AV / OCEAN PKWY;-73.97336;40.645256;4;30.0;Day Busses;Car;HPP
B35-E-Day;302681;39 ST/5 AV;-74.004083;40.651303;5;30.0;Day Busses;Car;HPP
B35-E-Day;302696;CHURCH AV/CONEY ISLAND AV;-73.971013;40.646222;5;30.0;Day Busses;Car;HPP
B35-E-Day;302682;39 ST/6 AV;-74.001423;40.649686;6;30.0;Day Busses;Car;HPP
B35-E-Day;302697;CHURCH AV/WESTMINSTER RD;-73.968043;40.647415;6;30.0;Day Busses;Car;HPP
B35-E-Day;302683;39 ST/7 AV;-73.999232;40.648374;7;30.0;Day Busses;Car;HPP
B35-E-Day;302698;CHURCH AV/RUGBY RD;-73.966292;40.6481;7;30.0;Day Busses;Car;HPP
B35-E-Day;302684;39 ST/8 AV;-73.996987;40.647018;8;30.0;Day Busses;Car;HPP
B35-E-Day;302699;CHURCH AV/E 18 ST;-73.963199;40.649313;8;30.0;Day Busses;Car;HPP
B35-E-Day;302700;CHURCH AV/OCEAN AV;-73.960539;40.650067;9;30.0;Day Busses;Car;HPP
B35-E-Day;306636;39 ST/9 AV;-73.994843;40.645704;9;30.0;Day Busses;Car;HPP
B35-E-Day;302686;39 ST/10 AV;-73.992613;40.644356;10;30.0;Day Busses;Car;HPP
B35-E-Day;302701;CHURCH AV/FLATBUSH AV;-73.958218;40.650362;10;30.0;Day Busses;Car;HPP
B35-E-Day;302687;39 ST/FORT HAMILTON PKWY;-73.990195;40.642895;11;30.0;Day Busses;Car;HPP
B35-E-Day;302702;CHURCH AV/BEDFORD AV;-73.955969;40.650455;11;30.0;Day Busses;Car;HPP
B35-E-Day;302688;39 ST/12 AV;-73.98821;40.641698;12;30.0;Day Busses;Car;HPP
B35-E-Day;901728;CHURCH AV/LLOYD ST;-73.951423;40.650688;12;30.0;Day Busses;Car;HPP
B35-E-Day;306532;39 ST/13 AV;-73.986038;40.640389;13;30.0;Day Busses;Car;HPP
B35-E-Day;307792;CHURCH AV/NOSTRAND AV;-73.949277;40.650764;13;30.0;Day Busses;Car;HPP
B35-E-Day;306524;14 AV/39 ST;-73.983782;40.639486;14;30.0;Day Busses;Car;HPP
B35-E-Day;307791;CHURCH AV/NEW YORK AV;-73.946217;40.650909;14;30.0;Day Busses;Car;HPP
B35-E-Day;302707;CHURCH AV/E 37 ST;-73.942939;40.651042;15;30.0;Day Busses;Car;HPP
B35-E-Day;306711;14 AV/CHURCH AV;-73.981284;40.64189;15;30.0;Day Busses;Car;HPP
B35-E-Day;302708;CHURCH AV/E 38 ST;-73.941481;40.651129;16;30.0;Day Busses;Car;HPP
B35-E-Day;302710;CHURCH AV/E 42 ST;-73.937686;40.651325;17;30.0;Day Busses;Car;HPP
B35-E-Day;302711;CHURCH AV/TROY AV;-73.935751;40.65142;18;30.0;Day Busses;Car;HPP
B35-E-Day;302714;CHURCH AV/E 48 ST;-73.932439;40.651571;19;30.0;Day Busses;Car;HPP
B35-E-Day;302715;CHURCH AV/UTICA AV;-73.930572;40.651655;20;30.0;Day Busses;Car;HPP
B35-E-Day;302716;CHURCH AV/E 52 ST;-73.928071;40.652173;21;30.0;Day Busses;Car;HPP
B35-E-Day;302718;CHURCH AV/E 56 ST;-73.924192;40.652456;22;30.0;Day Busses;Car;HPP
B35-E-Day;302719;CHURCH AV/KINGS HWY;-73.922293;40.652394;23;30.0;Day Busses;Car;HPP
B35-E-Day;306838;CHURCH AV/REMSEN AV;-73.919557;40.652955;24;30.0;Day Busses;Car;HPP
B35-E-Day;302722;CHURCH AV/E 94 ST;-73.916683;40.654816;25;30.0;Day Busses;Car;HPP
B35-E-Day;302723;CHURCH AV/E 96 ST;-73.915074;40.655855;26;30.0;Day Busses;Car;HPP
B35-E-Day;302724;CHURCH AV/ROCKAWAY PKWY;-73.914223;40.656401;27;30.0;Day Busses;Car;HPP
B35-E-Day;308230;E 98 ST/HEGEMAN AV;-73.912518;40.655642;28;30.0;Day Busses;Car;HPP
B35-E-Day;307115;HEGEMAN AV/THOMAS S BOYLAND ST;-73.90948;40.655881;29;30.0;Day Busses;Car;HPP
B35-E-Day;301132;HEGEMAN AV/ROCKAWAY AV;-73.906863;40.65628;30;30.0;Day Busses;Car;HPP
B35-E-Day;301133;HEGEMAN AV/OSBORN ST;-73.905046;40.656548;31;30.0;Day Busses;Car;HPP
B35-E-Day;901518;HEGEMAN AV/WATKINS ST;-73.904007;40.656994;32;30.0;Day Busses;Car;HPP
B35-E-Evening;302692;CHURCH AV/McDONALD AV;-73.979587;40.64265;1;30.0;Evening Busses;Car;HPP
B35-E-Evening;308194;39 ST/1 AV;-74.012027;40.656155;1;30.0;Evening Busses;Car;HPP
B35-E-Evening;302678;39 ST/2 AV;-74.010181;40.654972;2;30.0;Evening Busses;Car;HPP
B35-E-Evening;302693;CHURCH AV / E 3 ST;-73.97723;40.643612;2;30.0;Evening Busses;Car;HPP
B35-E-Evening;302679;39 ST/3 AV;-74.008495;40.65396;3;30.0;Evening Busses;Car;HPP
B35-E-Evening;307581;CHURCH AV/E 5 ST;-73.975219;40.644458;3;30.0;Evening Busses;Car;HPP
B35-E-Evening;302680;39 ST/4 AV;-74.005795;40.652335;4;30.0;Evening Busses;Car;HPP
B35-E-Evening;302695;CHURCH AV / OCEAN PKWY;-73.97336;40.645256;4;30.0;Evening Busses;Car;HPP
B35-E-Evening;302681;39 ST/5 AV;-74.004083;40.651303;5;30.0;Evening Busses;Car;HPP
B35-E-Evening;302696;CHURCH AV/CONEY ISLAND AV;-73.971013;40.646222;5;30.0;Evening Busses;Car;HPP
B35-E-Evening;302682;39 ST/6 AV;-74.001423;40.649686;6;30.0;Evening Busses;Car;HPP
B35-E-Evening;302697;CHURCH AV/WESTMINSTER RD;-73.968043;40.647415;6;30.0;Evening Busses;Car;HPP
B35-E-Evening;302683;39 ST/7 AV;-73.999232;40.648374;7;30.0;Evening Busses;Car;HPP
B35-E-Evening;302698;CHURCH AV/RUGBY RD;-73.966292;40.6481;7;30.0;Evening Busses;Car;HPP
B35-E-Evening;302684;39 ST/8 AV;-73.996987;40.647018;8;30.0;Evening Busses;Car;HPP
B35-E-Evening;302699;CHURCH AV/E 18 ST;-73.963199;40.649313;8;30.0;Evening Busses;Car;HPP
B35-E-Evening;302700;CHURCH AV/OCEAN AV;-73.960539;40.650067;9;30.0;Evening Busses;Car;HPP
B35-E-Evening;306636;39 ST/9 AV;-73.994843;40.645704;9;30.0;Evening Busses;Car;HPP
B35-E-Evening;302686;39 ST/10 AV;-73.992613;40.644356;10;30.0;Evening Busses;Car;HPP
B35-E-Evening;302701;CHURCH AV/FLATBUSH AV;-73.958218;40.650362;10;30.0;Evening Busses;Car;HPP
B35-E-Evening;302687;39 ST/FORT HAMILTON PKWY;-73.990195;40.642895;11;30.0;Evening Busses;Car;HPP
B35-E-Evening;302702;CHURCH AV/BEDFORD AV;-73.955969;40.650455;11;30.0;Evening Busses;Car;HPP
B35-E-Evening;302688;39 ST/12 AV;-73.98821;40.641698;12;30.0;Evening Busses;Car;HPP
B35-E-Evening;306532;39 ST/13 AV;-73.986038;40.640389;13;30.0;Evening Busses;Car;HPP
B35-E-Evening;307792;CHURCH AV/NOSTRAND AV;-73.949277;40.650764;13;30.0;Evening Busses;Car;HPP
B35-E-Evening;306524;14 AV/39 ST;-73.983782;40.639486;14;30.0;Evening Busses;Car;HPP
B35-E-Evening;307791;CHURCH AV/NEW YORK AV;-73.946217;40.650909;14;30.0;Evening Busses;Car;HPP
B35-E-Evening;302707;CHURCH AV/E 37 ST;-73.942939;40.651042;15;30.0;Evening Busses;Car;HPP
B35-E-Evening;306711;14 AV/CHURCH AV;-73.981284;40.64189;15;30.0;Evening Busses;Car;HPP
B35-E-Evening;302708;CHURCH AV/E 38 ST;-73.941481;40.651129;16;30.0;Evening Busses;Car;HPP
B35-E-Evening;302710;CHURCH AV/E 42 ST;-73.937686;40.651325;17;30.0;Evening Busses;Car;HPP
B35-E-Evening;302711;CHURCH AV/TROY AV;-73.935751;40.65142;18;30.0;Evening Busses;Car;HPP
B35-E-Evening;302714;CHURCH AV/E 48 ST;-73.932439;40.651571;19;30.0;Evening Busses;Car;HPP
B35-E-Evening;302715;CHURCH AV/UTICA AV;-73.930572;40.651655;20;30.0;Evening Busses;Car;HPP
B35-E-Evening;302716;CHURCH AV/E 52 ST;-73.928071;40.652173;21;30.0;Evening Busses;Car;HPP
B35-E-Evening;302718;CHURCH AV/E 56 ST;-73.924192;40.652456;22;30.0;Evening Busses;Car;HPP
B35-E-Evening;901728;CHURCH AV/LLOYD ST;-73.951423;40.650688;22;30.0;Evening Busses;Car;HPP
B35-E-Evening;302719;CHURCH AV/KINGS HWY;-73.922293;40.652394;23;30.0;Evening Busses;Car;HPP
B35-E-Evening;306838;CHURCH AV/REMSEN AV;-73.919557;40.652955;24;30.0;Evening Busses;Car;HPP
B35-E-Evening;302722;CHURCH AV/E 94 ST;-73.916683;40.654816;25;30.0;Evening Busses;Car;HPP
B35-E-Evening;302723;CHURCH AV/E 96 ST;-73.915074;40.655855;26;30.0;Evening Busses;Car;HPP
B35-E-Evening;302724;CHURCH AV/ROCKAWAY PKWY;-73.914223;40.656401;27;30.0;Evening Busses;Car;HPP
B35-E-Evening;308230;E 98 ST/HEGEMAN AV;-73.912518;40.655642;28;30.0;Evening Busses;Car;HPP
B35-E-Evening;307115;HEGEMAN AV/THOMAS S BOYLAND ST;-73.90948;40.655881;29;30.0;Evening Busses;Car;HPP
B35-E-Evening;301132;HEGEMAN AV/ROCKAWAY AV;-73.906863;40.65628;30;30.0;Evening Busses;Car;HPP
B35-E-Evening;301133;HEGEMAN AV/OSBORN ST;-73.905046;40.656548;31;30.0;Evening Busses;Car;HPP
B35-E-Evening;901518;HEGEMAN AV/WATKINS ST;-73.904007;40.656994;32;30.0;Evening Busses;Car;HPP
B35-E-Morning;308194;39 ST/1 AV;-74.012027;40.656155;1;30.0;Morning;Car;HPP
B35-E-Morning;302693;CHURCH AV / E 3 ST;-73.97723;40.643612;2;30.0;Morning;Car;HPP
B35-E-Morning;302679;39 ST/3 AV;-74.008495;40.65396;3;30.0;Morning;Car;HPP
B35-E-Morning;307581;CHURCH AV/E 5 ST;-73.975219;40.644458;3;30.0;Morning;Car;HPP
B35-E-Morning;302680;39 ST/4 AV;-74.005795;40.652335;4;30.0;Morning;Car;HPP
B35-E-Morning;302681;39 ST/5 AV;-74.004083;40.651303;5;30.0;Morning;Car;HPP
B35-E-Morning;302682;39 ST/6 AV;-74.001423;40.649686;6;30.0;Morning;Car;HPP
B35-E-Morning;302697;CHURCH AV/WESTMINSTER RD;-73.968043;40.647415;6;30.0;Morning;Car;HPP
B35-E-Morning;302683;39 ST/7 AV;-73.999232;40.648374;7;30.0;Morning;Car;HPP
B35-E-Morning;302698;CHURCH AV/RUGBY RD;-73.966292;40.6481;7;30.0;Morning;Car;HPP
B35-E-Morning;302684;39 ST/8 AV;-73.996987;40.647018;8;30.0;Morning;Car;HPP
B35-E-Morning;302700;CHURCH AV/OCEAN AV;-73.960539;40.650067;9;30.0;Morning;Car;HPP
B35-E-Morning;306636;39 ST/9 AV;-73.994843;40.645704;9;30.0;Morning;Car;HPP
B35-E-Morning;302686;39 ST/10 AV;-73.992613;40.644356;10;30.0;Morning;Car;HPP
B35-E-Morning;302687;39 ST/FORT HAMILTON PKWY;-73.990195;40.642895;11;30.0;Morning;Car;HPP
B35-E-Morning;302688;39 ST/12 AV;-73.98821;40.641698;12;30.0;Morning;Car;HPP
B35-E-Morning;306532;39 ST/13 AV;-73.986038;40.640389;13;30.0;Morning;Car;HPP
B35-E-Morning;306524;14 AV/39 ST;-73.983782;40.639486;14;30.0;Morning;Car;HPP
B35-E-Morning;302707;CHURCH AV/E 37 ST;-73.942939;40.651042;15;30.0;Morning;Car;HPP
B35-E-Morning;306711;14 AV/CHURCH AV;-73.981284;40.64189;15;30.0;Morning;Car;HPP
B35-E-Morning;302692;CHURCH AV/McDONALD AV;-73.979587;40.64265;16;30.0;Morning;Car;HPP
B35-E-Morning;302708;CHURCH AV/E 38 ST;-73.941481;40.651129;16;30.0;Morning;Car;HPP
B35-E-Morning;302695;CHURCH AV / OCEAN PKWY;-73.97336;40.645256;17;30.0;Morning;Car;HPP
B35-E-Morning;302696;CHURCH AV/CONEY ISLAND AV;-73.971013;40.646222;18;30.0;Morning;Car;HPP
B35-E-Morning;302711;CHURCH AV/TROY AV;-73.935751;40.65142;18;30.0;Morning;Car;HPP
B35-E-Morning;302699;CHURCH AV/E 18 ST;-73.963199;40.649313;19;30.0;Morning;Car;HPP
B35-E-Morning;302714;CHURCH AV/E 48 ST;-73.932439;40.651571;19;30.0;Morning;Car;HPP
B35-E-Morning;302701;CHURCH AV/FLATBUSH AV;-73.958218;40.650362;20;30.0;Morning;Car;HPP
B35-E-Morning;302702;CHURCH AV/BEDFORD AV;-73.955969;40.650455;21;30.0;Morning;Car;HPP
B35-E-Morning;302716;CHURCH AV/E 52 ST;-73.928071;40.652173;21;30.0;Morning;Car;HPP
B35-E-Morning;302718;CHURCH AV/E 56 ST;-73.924192;40.652456;22;30.0;Morning;Car;HPP
B35-E-Morning;901728;CHURCH AV/LLOYD ST;-73.951423;40.650688;22;30.0;Morning;Car;HPP
B35-E-Morning;307792;CHURCH AV/NOSTRAND AV;-73.949277;40.650764;23;30.0;Morning;Car;HPP
B35-E-Morning;307791;CHURCH AV/NEW YORK AV;-73.946217;40.650909;24;30.0;Morning;Car;HPP
B35-E-Morning;302710;CHURCH AV/E 42 ST;-73.937686;40.651325;25;30.0;Morning;Car;HPP
B35-E-Morning;302722;CHURCH AV/E 94 ST;-73.916683;40.654816;25;30.0;Morning;Car;HPP
B35-E-Morning;302715;CHURCH AV/UTICA AV;-73.930572;40.651655;26;30.0;Morning;Car;HPP
B35-E-Morning;302723;CHURCH AV/E 96 ST;-73.915074;40.655855;26;30.0;Morning;Car;HPP
B35-E-Morning;302719;CHURCH AV/KINGS HWY;-73.922293;40.652394;27;30.0;Morning;Car;HPP
B35-E-Morning;306838;CHURCH AV/REMSEN AV;-73.919557;40.652955;28;30.0;Morning;Car;HPP
B35-E-Morning;302724;CHURCH AV/ROCKAWAY PKWY;-73.914223;40.656401;29;30.0;Morning;Car;HPP
B35-E-Morning;307115;HEGEMAN AV/THOMAS S BOYLAND ST;-73.90948;40.655881;29;30.0;Morning;Car;HPP
B35-E-Morning;308230;E 98 ST/HEGEMAN AV;-73.912518;40.655642;30;30.0;Morning;Car;HPP
B35-E-Morning;301132;HEGEMAN AV/ROCKAWAY AV;-73.906863;40.65628;31;30.0;Morning;Car;HPP
B35-E-Morning;301133;HEGEMAN AV/OSBORN ST;-73.905046;40.656548;31;30.0;Morning;Car;HPP
B35-E-Morning;901518;HEGEMAN AV/WATKINS ST;-73.904007;40.656994;32;30.0;Morning;Car;HPP
B35-E-Night;308194;39 ST/1 AV;-74.012027;40.656155;1;30.0;Night;Car;HPP
B35-E-Night;302680;39 ST/4 AV;-74.005795;40.652335;4;30.0;Night;Car;HPP
B35-E-Night;302681;39 ST/5 AV;-74.004083;40.651303;5;30.0;Night;Car;HPP
B35-E-Night;302683;39 ST/7 AV;-73.999232;40.648374;7;30.0;Night;Car;HPP
B35-E-Night;306636;39 ST/9 AV;-73.994843;40.645704;9;30.0;Night;Car;HPP
B35-E-Night;302686;39 ST/10 AV;-73.992613;40.644356;10;30.0;Night;Car;HPP
B35-E-Night;302687;39 ST/FORT HAMILTON PKWY;-73.990195;40.642895;11;30.0;Night;Car;HPP
B35-E-Night;306532;39 ST/13 AV;-73.986038;40.640389;13;30.0;Night;Car;HPP
B35-E-Night;306524;14 AV/39 ST;-73.983782;40.639486;14;30.0;Night;Car;HPP
B35-E-Night;306711;14 AV/CHURCH AV;-73.981284;40.64189;15;30.0;Night;Car;HPP
B35-E-Night;302692;CHURCH AV/McDONALD AV;-73.979587;40.64265;16;30.0;Night;Car;HPP
B35-E-Night;302693;CHURCH AV / E 3 ST;-73.97723;40.643612;17;30.0;Night;Car;HPP
B35-E-Night;302695;CHURCH AV / OCEAN PKWY;-73.97336;40.645256;19;30.0;Night;Car;HPP
B35-E-Night;302696;CHURCH AV/CONEY ISLAND AV;-73.971013;40.646222;20;30.0;Night;Car;HPP
B35-E-Night;302697;CHURCH AV/WESTMINSTER RD;-73.968043;40.647415;21;30.0;Night;Car;HPP
B35-E-Night;302698;CHURCH AV/RUGBY RD;-73.966292;40.6481;22;30.0;Night;Car;HPP
B35-E-Night;302699;CHURCH AV/E 18 ST;-73.963199;40.649313;23;30.0;Night;Car;HPP
B35-E-Night;302701;CHURCH AV/FLATBUSH AV;-73.958218;40.650362;25;30.0;Night;Car;HPP
B35-E-Night;302702;CHURCH AV/BEDFORD AV;-73.955969;40.650455;26;30.0;Night;Car;HPP
B35-E-Night;901728;CHURCH AV/LLOYD ST;-73.951423;40.650688;27;30.0;Night;Car;HPP
B35-E-Night;307792;CHURCH AV/NOSTRAND AV;-73.949277;40.650764;28;30.0;Night;Car;HPP
B35-E-Night;307791;CHURCH AV/NEW YORK AV;-73.946217;40.650909;29;30.0;Night;Car;HPP
B35-E-Night;302707;CHURCH AV/E 37 ST;-73.942939;40.651042;30;30.0;Night;Car;HPP
B35-E-Night;302708;CHURCH AV/E 38 ST;-73.941481;40.651129;31;30.0;Night;Car;HPP
B35-E-Night;302710;CHURCH AV/E 42 ST;-73.937686;40.651325;32;30.0;Night;Car;HPP
B35-E-Night;302711;CHURCH AV/TROY AV;-73.935751;40.65142;33;30.0;Night;Car;HPP
B35-E-Night;302714;CHURCH AV/E 48 ST;-73.932439;40.651571;34;30.0;Night;Car;HPP
B35-E-Night;302715;CHURCH AV/UTICA AV;-73.930572;40.651655;35;30.0;Night;Car;HPP
B35-E-Night;302716;CHURCH AV/E 52 ST;-73.928071;40.652173;36;30.0;Night;Car;HPP
B35-E-Night;302718;CHURCH AV/E 56 ST;-73.924192;40.652456;37;30.0;Night;Car;HPP
B35-E-Night;302719;CHURCH AV/KINGS HWY;-73.922293;40.652394;38;30.0;Night;Car;HPP
B35-E-Night;306838;CHURCH AV/REMSEN AV;-73.919557;40.652955;39;30.0;Night;Car;HPP
B35-E-Night;302722;CHURCH AV/E 94 ST;-73.916683;40.654816;40;30.0;Night;Car;HPP
B35-E-Night;302723;CHURCH AV/E 96 ST;-73.915074;40.655855;41;30.0;Night;Car;HPP
B35-E-Night;302724;CHURCH AV/ROCKAWAY PKWY;-73.914223;40.656401;42;30.0;Night;Car;HPP
B35-E-Night;308230;E 98 ST/HEGEMAN AV;-73.912518;40.655642;43;30.0;Night;Car;HPP
B35-E-Night;307115;HEGEMAN AV/THOMAS S BOYLAND ST;-73.90948;40.655881;44;30.0;Night;Car;HPP
B35-E-Night;301132;HEGEMAN AV/ROCKAWAY AV;-73.906863;40.65628;45;30.0;Night;Car;HPP
B35-E-Night;901518;HEGEMAN AV/WATKINS ST;-73.904007;40.656994;47;30.0;Night;Car;HPP
B35-E-RushHour;308194;39 ST/1 AV;-74.012027;40.656155;1;30.0;Rush Hour;Car;HPP
B35-E-RushHour;302693;CHURCH AV / E 3 ST;-73.97723;40.643612;2;30.0;Rush Hour;Car;HPP
B35-E-RushHour;307581;CHURCH AV/E 5 ST;-73.975219;40.644458;3;30.0;Rush Hour;Car;HPP
B35-E-RushHour;302680;39 ST/4 AV;-74.005795;40.652335;4;30.0;Rush Hour;Car;HPP
B35-E-RushHour;302681;39 ST/5 AV;-74.004083;40.651303;5;30.0;Rush Hour;Car;HPP
B35-E-RushHour;302682;39 ST/6 AV;-74.001423;40.649686;6;30.0;Rush Hour;Car;HPP
B35-E-RushHour;302697;CHURCH AV/WESTMINSTER RD;-73.968043;40.647415;6;30.0;Rush Hour;Car;HPP
B35-E-RushHour;302683;39 ST/7 AV;-73.999232;40.648374;7;30.0;Rush Hour;Car;HPP
B35-E-RushHour;302698;CHURCH AV/RUGBY RD;-73.966292;40.6481;7;30.0;Rush Hour;Car;HPP
B35-E-RushHour;302684;39 ST/8 AV;-73.996987;40.647018;8;30.0;Rush Hour;Car;HPP
B35-E-RushHour;302700;CHURCH AV/OCEAN AV;-73.960539;40.650067;9;30.0;Rush Hour;Car;HPP
B35-E-RushHour;306636;39 ST/9 AV;-73.994843;40.645704;9;30.0;Rush Hour;Car;HPP
B35-E-RushHour;302686;39 ST/10 AV;-73.992613;40.644356;10;30.0;Rush Hour;Car;HPP
B35-E-RushHour;302687;39 ST/FORT HAMILTON PKWY;-73.990195;40.642895;11;30.0;Rush Hour;Car;HPP
B35-E-RushHour;302688;39 ST/12 AV;-73.98821;40.641698;12;30.0;Rush Hour;Car;HPP
B35-E-RushHour;306532;39 ST/13 AV;-73.986038;40.640389;13;30.0;Rush Hour;Car;HPP
B35-E-RushHour;306524;14 AV/39 ST;-73.983782;40.639486;14;30.0;Rush Hour;Car;HPP
B35-E-RushHour;302707;CHURCH AV/E 37 ST;-73.942939;40.651042;15;30.0;Rush Hour;Car;HPP
B35-E-RushHour;306711;14 AV/CHURCH AV;-73.981284;40.64189;15;30.0;Rush Hour;Car;HPP
B35-E-RushHour;302692;CHURCH AV/McDONALD AV;-73.979587;40.64265;16;30.0;Rush Hour;Car;HPP
B35-E-RushHour;302708;CHURCH AV/E 38 ST;-73.941481;40.651129;16;30.0;Rush Hour;Car;HPP
B35-E-RushHour;302695;CHURCH AV / OCEAN PKWY;-73.97336;40.645256;17;30.0;Rush Hour;Car;HPP
B35-E-RushHour;302696;CHURCH AV/CONEY ISLAND AV;-73.971013;40.646222;18;30.0;Rush Hour;Car;HPP
B35-E-RushHour;302711;CHURCH AV/TROY AV;-73.935751;40.65142;18;30.0;Rush Hour;Car;HPP
B35-E-RushHour;302699;CHURCH AV/E 18 ST;-73.963199;40.649313;19;30.0;Rush Hour;Car;HPP
B35-E-RushHour;302714;CHURCH AV/E 48 ST;-73.932439;40.651571;19;30.0;Rush Hour;Car;HPP
B35-E-RushHour;302701;CHURCH AV/FLATBUSH AV;-73.958218;40.650362;20;30.0;Rush Hour;Car;HPP
B35-E-RushHour;302702;CHURCH AV/BEDFORD AV;-73.955969;40.650455;21;30.0;Rush Hour;Car;HPP
B35-E-RushHour;302716;CHURCH AV/E 52 ST;-73.928071;40.652173;21;30.0;Rush Hour;Car;HPP
B35-E-RushHour;302718;CHURCH AV/E 56 ST;-73.924192;40.652456;22;30.0;Rush Hour;Car;HPP
B35-E-RushHour;901728;CHURCH AV/LLOYD ST;-73.951423;40.650688;22;30.0;Rush Hour;Car;HPP
B35-E-RushHour;307792;CHURCH AV/NOSTRAND AV;-73.949277;40.650764;23;30.0;Rush Hour;Car;HPP
B35-E-RushHour;306838;CHURCH AV/REMSEN AV;-73.919557;40.652955;24;30.0;Rush Hour;Car;HPP
B35-E-RushHour;307791;CHURCH AV/NEW YORK AV;-73.946217;40.650909;24;30.0;Rush Hour;Car;HPP
B35-E-RushHour;302710;CHURCH AV/E 42 ST;-73.937686;40.651325;25;30.0;Rush Hour;Car;HPP
B35-E-RushHour;302722;CHURCH AV/E 94 ST;-73.916683;40.654816;25;30.0;Rush Hour;Car;HPP
B35-E-RushHour;302715;CHURCH AV/UTICA AV;-73.930572;40.651655;26;30.0;Rush Hour;Car;HPP
B35-E-RushHour;302723;CHURCH AV/E 96 ST;-73.915074;40.655855;26;30.0;Rush Hour;Car;HPP
B35-E-RushHour;302719;CHURCH AV/KINGS HWY;-73.922293;40.652394;27;30.0;Rush Hour;Car;HPP
B35-E-RushHour;302724;CHURCH AV/ROCKAWAY PKWY;-73.914223;40.656401;27;30.0;Rush Hour;Car;HPP
B35-E-RushHour;307115;HEGEMAN AV/THOMAS S BOYLAND ST;-73.90948;40.655881;29;30.0;Rush Hour;Car;HPP
B35-E-RushHour;308230;E 98 ST/HEGEMAN AV;-73.912518;40.655642;30;30.0;Rush Hour;Car;HPP
B35-E-RushHour;301132;HEGEMAN AV/ROCKAWAY AV;-73.906863;40.65628;31;30.0;Rush Hour;Car;HPP
B35-E-RushHour;301133;HEGEMAN AV/OSBORN ST;-73.905046;40.656548;31;30.0;Rush Hour;Car;HPP
B35-E-RushHour;901518;HEGEMAN AV/WATKINS ST;-73.904007;40.656994;32;30.0;Rush Hour;Car;HPP
B35-W-Day;301052;HEGEMAN AV/WATKINS ST;-73.904999;40.656666;1;30.0;Day Busses;Car;HPP
B35-W-Day;301053;HEGEMAN AV/THATFORD AV;-73.906268;40.65648;2;30.0;Day Busses;Car;HPP
B35-W-Day;301054;HEGEMAN AV/CHESTER ST;-73.908149;40.656215;3;30.0;Day Busses;Car;HPP
B35-W-Day;301056;E 98 ST/HEGEMAN AV;-73.912738;40.655953;4;30.0;Day Busses;Car;HPP
B35-W-Day;302736;CHURCH AV/E 98 ST;-73.914132;40.65664;5;30.0;Day Busses;Car;HPP
B35-W-Day;302740;CHURCH AV/REMSEN AV;-73.919846;40.652947;5;30.0;Day Busses;Car;HPP
B35-W-Day;302737;CHURCH AV/E 96 ST;-73.915813;40.655549;6;30.0;Day Busses;Car;HPP
B35-W-Day;302742;CHURCH AV/KINGS HWY;-73.923403;40.652581;6;30.0;Day Busses;Car;HPP
B35-W-Day;306454;CHURCH AV/E 93 ST;-73.918309;40.653939;7;30.0;Day Busses;Car;HPP
B35-W-Day;302750;CHURCH AV/E 42 ST;-73.93845;40.651424;8;30.0;Day Busses;Car;HPP
B35-W-Day;302741;CHURCH AV/RALPH AV;-73.92128;40.652583;9;30.0;Day Busses;Car;HPP
B35-W-Day;307790;CHURCH AV/NEW YORK AV;-73.947114;40.650992;9;30.0;Day Busses;Car;HPP
B35-W-Day;307793;CHURCH AV/NOSTRAND AV;-73.950008;40.650853;10;30.0;Day Busses;Car;HPP
B35-W-Day;302743;CHURCH AV/E 55 ST;-73.925501;40.65252;11;30.0;Day Busses;Car;HPP
B35-W-Day;307795;CHURCH AV/ROGERS AV;-73.952873;40.650717;11;30.0;Day Busses;Car;HPP
B35-W-Day;302745;CHURCH AV/E 52 ST;-73.928856;40.652154;12;30.0;Day Busses;Car;HPP
B35-W-Day;302758;CHURCH AV/BEDFORD AV;-73.956268;40.650576;12;30.0;Day Busses;Car;HPP
B35-W-Day;302759;CHURCH AV/FLATBUSH AV;-73.959407;40.650341;13;30.0;Day Busses;Car;HPP
B35-W-Day;308483;CHURCH AV/UTICA AV;-73.930558;40.651797;13;30.0;Day Busses;Car;HPP
B35-W-Day;302747;CHURCH AV/E 48 ST;-73.932431;40.651652;14;30.0;Day Busses;Car;HPP
B35-W-Day;302761;CHURCH AV/E 18 ST;-73.963494;40.649346;14;30.0;Day Busses;Car;HPP
B35-W-Day;302748;CHURCH AV/E 46 ST;-73.934681;40.651606;15;30.0;Day Busses;Car;HPP
B35-W-Day;302765;CHURCH AV/CONEY ISLAND AV;-73.97071;40.64651;15;30.0;Day Busses;Car;HPP
B35-W-Day;302749;CHURCH AV/TROY AV;-73.936602;40.651511;16;30.0;Day Busses;Car;HPP
B35-W-Day;302766;CHURCH AV / E 7 ST;-73.973344;40.645523;16;30.0;Day Busses;Car;HPP
B35-W-Day;307947;CHURCH AV/MCDONALD AV;-73.979883;40.642696;17;30.0;Day Busses;Car;HPP
B35-W-Day;306874;CHURCH AV/STORY ST;-73.981612;40.641969;18;30.0;Day Busses;Car;HPP
B35-W-Day;308083;CHURCH AV/E 39 ST;-73.941344;40.651272;18;30.0;Day Busses;Car;HPP
B35-W-Day;302753;CHURCH AV/BROOKLYN AV;-73.944238;40.651161;19;30.0;Day Busses;Car;HPP
B35-W-Day;302771;CHURCH AV/CHESTER AV;-73.982859;40.641445;19;30.0;Day Busses;Car;HPP
B35-W-Day;302772;13 AV/37 ST;-73.985129;40.641846;20;30.0;Day Busses;Car;HPP
B35-W-Day;302773;39 ST/13 AV;-73.986646;40.640916;21;30.0;Day Busses;Car;HPP
B35-W-Day;302774;39 ST/12 AV;-73.988772;40.642204;22;30.0;Day Busses;Car;HPP
B35-W-Day;302775;39 ST/FORT HAMILTON PKWY;-73.990793;40.643422;23;30.0;Day Busses;Car;HPP
B35-W-Day;302776;39 ST/10 AV;-73.993225;40.644894;24;30.0;Day Busses;Car;HPP
B35-W-Day;302760;CHURCH AV/OCEAN AV;-73.961454;40.650056;25;30.0;Day Busses;Car;HPP
B35-W-Day;302777;39 ST/9 AV;-73.994923;40.645918;25;30.0;Day Busses;Car;HPP
B35-W-Day;302778;39 ST/8 AV;-73.997614;40.647523;26;30.0;Day Busses;Car;HPP
B35-W-Day;302763;CHURCH AV/RUGBY RD;-73.967066;40.647941;27;30.0;Day Busses;Car;HPP
B35-W-Day;302779;39 ST/7 AV;-73.999823;40.64886;27;30.0;Day Busses;Car;HPP
B35-W-Day;302764;CHURCH AV/WESTMINSTER RD;-73.968782;40.647267;28;30.0;Day Busses;Car;HPP
B35-W-Day;302780;39 ST/6 AV;-74.002014;40.650183;28;30.0;Day Busses;Car;HPP
B35-W-Day;302781;39 ST/5 AV;-74.003752;40.651232;29;30.0;Day Busses;Car;HPP
B35-W-Day;302782;39 ST/4 AV;-74.006512;40.652898;30;30.0;Day Busses;Car;HPP
B35-W-Day;302767;CHURCH AV/E 5 ST;-73.975965;40.644332;31;30.0;Day Busses;Car;HPP
B35-W-Day;302783;39 ST/3 AV;-74.007835;40.653699;31;30.0;Day Busses;Car;HPP
B35-W-Day;302768;CHURCH AV/E 3 ST;-73.977836;40.643558;32;30.0;Day Busses;Car;HPP
B35-W-Day;307177;39 ST/1 AV;-74.011701;40.656031;32;30.0;Day Busses;Car;HPP
B35-W-Evening;301052;HEGEMAN AV/WATKINS ST;-73.904999;40.656666;1;30.0;Evening Busses;Car;HPP
B35-W-Evening;301053;HEGEMAN AV/THATFORD AV;-73.906268;40.65648;2;30.0;Evening Busses;Car;HPP
B35-W-Evening;301054;HEGEMAN AV/CHESTER ST;-73.908149;40.656215;3;30.0;Evening Busses;Car;HPP
B35-W-Evening;301056;E 98 ST/HEGEMAN AV;-73.912738;40.655953;4;30.0;Evening Busses;Car;HPP
B35-W-Evening;302736;CHURCH AV/E 98 ST;-73.914132;40.65664;5;30.0;Evening Busses;Car;HPP
B35-W-Evening;302737;CHURCH AV/E 96 ST;-73.915813;40.655549;6;30.0;Evening Busses;Car;HPP
B35-W-Evening;306454;CHURCH AV/E 93 ST;-73.918309;40.653939;7;30.0;Evening Busses;Car;HPP
B35-W-Evening;302740;CHURCH AV/REMSEN AV;-73.919846;40.652947;8;30.0;Evening Busses;Car;HPP
B35-W-Evening;302741;CHURCH AV/RALPH AV;-73.92128;40.652583;9;30.0;Evening Busses;Car;HPP
B35-W-Evening;302742;CHURCH AV/KINGS HWY;-73.923403;40.652581;10;30.0;Evening Busses;Car;HPP
B35-W-Evening;302743;CHURCH AV/E 55 ST;-73.925501;40.65252;11;30.0;Evening Busses;Car;HPP
B35-W-Evening;302745;CHURCH AV/E 52 ST;-73.928856;40.652154;12;30.0;Evening Busses;Car;HPP
B35-W-Evening;308483;CHURCH AV/UTICA AV;-73.930558;40.651797;13;30.0;Evening Busses;Car;HPP
B35-W-Evening;302747;CHURCH AV/E 48 ST;-73.932431;40.651652;14;30.0;Evening Busses;Car;HPP
B35-W-Evening;302749;CHURCH AV/TROY AV;-73.936602;40.651511;16;30.0;Evening Busses;Car;HPP
B35-W-Evening;302766;CHURCH AV / E 7 ST;-73.973344;40.645523;16;30.0;Evening Busses;Car;HPP
B35-W-Evening;302750;CHURCH AV/E 42 ST;-73.93845;40.651424;17;30.0;Evening Busses;Car;HPP
B35-W-Evening;306874;CHURCH AV/STORY ST;-73.981612;40.641969;18;30.0;Evening Busses;Car;HPP
B35-W-Evening;308083;CHURCH AV/E 39 ST;-73.941344;40.651272;18;30.0;Evening Busses;Car;HPP
B35-W-Evening;302753;CHURCH AV/BROOKLYN AV;-73.944238;40.651161;19;30.0;Evening Busses;Car;HPP
B35-W-Evening;302771;CHURCH AV/CHESTER AV;-73.982859;40.641445;19;30.0;Evening Busses;Car;HPP
B35-W-Evening;302772;13 AV/37 ST;-73.985129;40.641846;20;30.0;Evening Busses;Car;HPP
B35-W-Evening;307790;CHURCH AV/NEW YORK AV;-73.947114;40.650992;20;30.0;Evening Busses;Car;HPP
B35-W-Evening;302773;39 ST/13 AV;-73.986646;40.640916;21;30.0;Evening Busses;Car;HPP
B35-W-Evening;307793;CHURCH AV/NOSTRAND AV;-73.950008;40.650853;21;30.0;Evening Busses;Car;HPP
B35-W-Evening;302774;39 ST/12 AV;-73.988772;40.642204;22;30.0;Evening Busses;Car;HPP
B35-W-Evening;307795;CHURCH AV/ROGERS AV;-73.952873;40.650717;22;30.0;Evening Busses;Car;HPP
B35-W-Evening;302758;CHURCH AV/BEDFORD AV;-73.956268;40.650576;23;30.0;Evening Busses;Car;HPP
B35-W-Evening;302775;39 ST/FORT HAMILTON PKWY;-73.990793;40.643422;23;30.0;Evening Busses;Car;HPP
B35-W-Evening;302759;CHURCH AV/FLATBUSH AV;-73.959407;40.650341;24;30.0;Evening Busses;Car;HPP
B35-W-Evening;302776;39 ST/10 AV;-73.993225;40.644894;24;30.0;Evening Busses;Car;HPP
B35-W-Evening;302760;CHURCH AV/OCEAN AV;-73.961454;40.650056;25;30.0;Evening Busses;Car;HPP
B35-W-Evening;302777;39 ST/9 AV;-73.994923;40.645918;25;30.0;Evening Busses;Car;HPP
B35-W-Evening;302761;CHURCH AV/E 18 ST;-73.963494;40.649346;26;30.0;Evening Busses;Car;HPP
B35-W-Evening;302778;39 ST/8 AV;-73.997614;40.647523;26;30.0;Evening Busses;Car;HPP
B35-W-Evening;302763;CHURCH AV/RUGBY RD;-73.967066;40.647941;27;30.0;Evening Busses;Car;HPP
B35-W-Evening;302779;39 ST/7 AV;-73.999823;40.64886;27;30.0;Evening Busses;Car;HPP
B35-W-Evening;302764;CHURCH AV/WESTMINSTER RD;-73.968782;40.647267;28;30.0;Evening Busses;Car;HPP
B35-W-Evening;302780;39 ST/6 AV;-74.002014;40.650183;28;30.0;Evening Busses;Car;HPP
B35-W-Evening;302765;CHURCH AV/CONEY ISLAND AV;-73.97071;40.64651;29;30.0;Evening Busses;Car;HPP
B35-W-Evening;302781;39 ST/5 AV;-74.003752;40.651232;29;30.0;Evening Busses;Car;HPP
B35-W-Evening;302782;39 ST/4 AV;-74.006512;40.652898;30;30.0;Evening Busses;Car;HPP
B35-W-Evening;302783;39 ST/3 AV;-74.007835;40.653699;31;30.0;Evening Busses;Car;HPP
B35-W-Evening;302768;CHURCH AV/E 3 ST;-73.977836;40.643558;32;30.0;Evening Busses;Car;HPP
B35-W-Evening;307177;39 ST/1 AV;-74.011701;40.656031;32;30.0;Evening Busses;Car;HPP
B35-W-Evening;307947;CHURCH AV/MCDONALD AV;-73.979883;40.642696;33;30.0;Evening Busses;Car;HPP
B35-W-Morning;301052;HEGEMAN AV/WATKINS ST;-73.904999;40.656666;1;30.0;Morning;Car;HPP
B35-W-Morning;301053;HEGEMAN AV/THATFORD AV;-73.906268;40.65648;2;30.0;Morning;Car;HPP
B35-W-Morning;301054;HEGEMAN AV/CHESTER ST;-73.908149;40.656215;2;30.0;Morning;Car;HPP
B35-W-Morning;301056;E 98 ST/HEGEMAN AV;-73.912738;40.655953;3;30.0;Morning;Car;HPP
B35-W-Morning;302736;CHURCH AV/E 98 ST;-73.914132;40.65664;4;30.0;Morning;Car;HPP
B35-W-Morning;302740;CHURCH AV/REMSEN AV;-73.919846;40.652947;5;30.0;Morning;Car;HPP
B35-W-Morning;302737;CHURCH AV/E 96 ST;-73.915813;40.655549;6;30.0;Morning;Car;HPP
B35-W-Morning;302742;CHURCH AV/KINGS HWY;-73.923403;40.652581;6;30.0;Morning;Car;HPP
B35-W-Morning;306454;CHURCH AV/E 93 ST;-73.918309;40.653939;7;30.0;Morning;Car;HPP
B35-W-Morning;302750;CHURCH AV/E 42 ST;-73.93845;40.651424;8;30.0;Morning;Car;HPP
B35-W-Morning;302741;CHURCH AV/RALPH AV;-73.92128;40.652583;9;30.0;Morning;Car;HPP
B35-W-Morning;307790;CHURCH AV/NEW YORK AV;-73.947114;40.650992;9;30.0;Morning;Car;HPP
B35-W-Morning;302743;CHURCH AV/E 55 ST;-73.925501;40.65252;11;30.0;Morning;Car;HPP
B35-W-Morning;302745;CHURCH AV/E 52 ST;-73.928856;40.652154;12;30.0;Morning;Car;HPP
B35-W-Morning;308483;CHURCH AV/UTICA AV;-73.930558;40.651797;13;30.0;Morning;Car;HPP
B35-W-Morning;302747;CHURCH AV/E 48 ST;-73.932431;40.651652;14;30.0;Morning;Car;HPP
B35-W-Morning;302765;CHURCH AV/CONEY ISLAND AV;-73.97071;40.64651;15;30.0;Morning;Car;HPP
B35-W-Morning;302749;CHURCH AV/TROY AV;-73.936602;40.651511;16;30.0;Morning;Car;HPP
B35-W-Morning;306874;CHURCH AV/STORY ST;-73.981612;40.641969;18;30.0;Morning;Car;HPP
B35-W-Morning;308083;CHURCH AV/E 39 ST;-73.941344;40.651272;18;30.0;Morning;Car;HPP
B35-W-Morning;302753;CHURCH AV/BROOKLYN AV;-73.944238;40.651161;19;30.0;Morning;Car;HPP
B35-W-Morning;302771;CHURCH AV/CHESTER AV;-73.982859;40.641445;19;30.0;Morning;Car;HPP
B35-W-Morning;302772;13 AV/37 ST;-73.985129;40.641846;20;30.0;Morning;Car;HPP
B35-W-Morning;302773;39 ST/13 AV;-73.986646;40.640916;21;30.0;Morning;Car;HPP
B35-W-Morning;307793;CHURCH AV/NOSTRAND AV;-73.950008;40.650853;21;30.0;Morning;Car;HPP
B35-W-Morning;302774;39 ST/12 AV;-73.988772;40.642204;22;30.0;Morning;Car;HPP
B35-W-Morning;307795;CHURCH AV/ROGERS AV;-73.952873;40.650717;22;30.0;Morning;Car;HPP
B35-W-Morning;302758;CHURCH AV/BEDFORD AV;-73.956268;40.650576;23;30.0;Morning;Car;HPP
B35-W-Morning;302775;39 ST/FORT HAMILTON PKWY;-73.990793;40.643422;23;30.0;Morning;Car;HPP
B35-W-Morning;302759;CHURCH AV/FLATBUSH AV;-73.959407;40.650341;24;30.0;Morning;Car;HPP
B35-W-Morning;302776;39 ST/10 AV;-73.993225;40.644894;24;30.0;Morning;Car;HPP
B35-W-Morning;302760;CHURCH AV/OCEAN AV;-73.961454;40.650056;25;30.0;Morning;Car;HPP
B35-W-Morning;302777;39 ST/9 AV;-73.994923;40.645918;25;30.0;Morning;Car;HPP
B35-W-Morning;302761;CHURCH AV/E 18 ST;-73.963494;40.649346;26;30.0;Morning;Car;HPP
B35-W-Morning;302778;39 ST/8 AV;-73.997614;40.647523;26;30.0;Morning;Car;HPP
B35-W-Morning;302763;CHURCH AV/RUGBY RD;-73.967066;40.647941;27;30.0;Morning;Car;HPP
B35-W-Morning;302779;39 ST/7 AV;-73.999823;40.64886;27;30.0;Morning;Car;HPP
B35-W-Morning;302764;CHURCH AV/WESTMINSTER RD;-73.968782;40.647267;28;30.0;Morning;Car;HPP
B35-W-Morning;302780;39 ST/6 AV;-74.002014;40.650183;28;30.0;Morning;Car;HPP
B35-W-Morning;302781;39 ST/5 AV;-74.003752;40.651232;29;30.0;Morning;Car;HPP
B35-W-Morning;302766;CHURCH AV / E 7 ST;-73.973344;40.645523;30;30.0;Morning;Car;HPP
B35-W-Morning;302782;39 ST/4 AV;-74.006512;40.652898;30;30.0;Morning;Car;HPP
B35-W-Morning;302767;CHURCH AV/E 5 ST;-73.975965;40.644332;31;30.0;Morning;Car;HPP
B35-W-Morning;302783;39 ST/3 AV;-74.007835;40.653699;31;30.0;Morning;Car;HPP
B35-W-Morning;302768;CHURCH AV/E 3 ST;-73.977836;40.643558;32;30.0;Morning;Car;HPP
B35-W-Morning;307177;39 ST/1 AV;-74.011701;40.656031;32;30.0;Morning;Car;HPP
B35-W-Morning;307947;CHURCH AV/MCDONALD AV;-73.979883;40.642696;33;30.0;Morning;Car;HPP
B35-W-Night;301052;HEGEMAN AV/WATKINS ST;-73.904999;40.656666;1;30.0;Night;Car;HPP
B35-W-Night;301053;HEGEMAN AV/THATFORD AV;-73.906268;40.65648;2;30.0;Night;Car;HPP
B35-W-Night;301054;HEGEMAN AV/CHESTER ST;-73.908149;40.656215;3;30.0;Night;Car;HPP
B35-W-Night;301056;E 98 ST/HEGEMAN AV;-73.912738;40.655953;4;30.0;Night;Car;HPP
B35-W-Night;302736;CHURCH AV/E 98 ST;-73.914132;40.65664;5;30.0;Night;Car;HPP
B35-W-Night;302737;CHURCH AV/E 96 ST;-73.915813;40.655549;6;30.0;Night;Car;HPP
B35-W-Night;306454;CHURCH AV/E 93 ST;-73.918309;40.653939;7;30.0;Night;Car;HPP
B35-W-Night;302740;CHURCH AV/REMSEN AV;-73.919846;40.652947;8;30.0;Night;Car;HPP
B35-W-Night;302741;CHURCH AV/RALPH AV;-73.92128;40.652583;9;30.0;Night;Car;HPP
B35-W-Night;302742;CHURCH AV/KINGS HWY;-73.923403;40.652581;10;30.0;Night;Car;HPP
B35-W-Night;302743;CHURCH AV/E 55 ST;-73.925501;40.65252;11;30.0;Night;Car;HPP
B35-W-Night;302745;CHURCH AV/E 52 ST;-73.928856;40.652154;12;30.0;Night;Car;HPP
B35-W-Night;308483;CHURCH AV/UTICA AV;-73.930558;40.651797;13;30.0;Night;Car;HPP
B35-W-Night;302747;CHURCH AV/E 48 ST;-73.932431;40.651652;14;30.0;Night;Car;HPP
B35-W-Night;302749;CHURCH AV/TROY AV;-73.936602;40.651511;16;30.0;Night;Car;HPP
B35-W-Night;302750;CHURCH AV/E 42 ST;-73.93845;40.651424;17;30.0;Night;Car;HPP
B35-W-Night;308083;CHURCH AV/E 39 ST;-73.941344;40.651272;18;30.0;Night;Car;HPP
B35-W-Night;302753;CHURCH AV/BROOKLYN AV;-73.944238;40.651161;19;30.0;Night;Car;HPP
B35-W-Night;307790;CHURCH AV/NEW YORK AV;-73.947114;40.650992;20;30.0;Night;Car;HPP
B35-W-Night;307793;CHURCH AV/NOSTRAND AV;-73.950008;40.650853;21;30.0;Night;Car;HPP
B35-W-Night;307795;CHURCH AV/ROGERS AV;-73.952873;40.650717;22;30.0;Night;Car;HPP
B35-W-Night;302758;CHURCH AV/BEDFORD AV;-73.956268;40.650576;23;30.0;Night;Car;HPP
B35-W-Night;302759;CHURCH AV/FLATBUSH AV;-73.959407;40.650341;24;30.0;Night;Car;HPP
B35-W-Night;302760;CHURCH AV/OCEAN AV;-73.961454;40.650056;25;30.0;Night;Car;HPP
B35-W-Night;302761;CHURCH AV/E 18 ST;-73.963494;40.649346;26;30.0;Night;Car;HPP
B35-W-Night;302763;CHURCH AV/RUGBY RD;-73.967066;40.647941;27;30.0;Night;Car;HPP
B35-W-Night;302764;CHURCH AV/WESTMINSTER RD;-73.968782;40.647267;28;30.0;Night;Car;HPP
B35-W-Night;302765;CHURCH AV/CONEY ISLAND AV;-73.97071;40.64651;29;30.0;Night;Car;HPP
B35-W-Night;302766;CHURCH AV / E 7 ST;-73.973344;40.645523;30;30.0;Night;Car;HPP
B35-W-Night;302767;CHURCH AV/E 5 ST;-73.975965;40.644332;31;30.0;Night;Car;HPP
B35-W-Night;302768;CHURCH AV/E 3 ST;-73.977836;40.643558;32;30.0;Night;Car;HPP
B35-W-Night;307947;CHURCH AV/MCDONALD AV;-73.979883;40.642696;33;30.0;Night;Car;HPP
B35-W-Night;306874;CHURCH AV/STORY ST;-73.981612;40.641969;34;30.0;Night;Car;HPP
B35-W-Night;302771;CHURCH AV/CHESTER AV;-73.982859;40.641445;35;30.0;Night;Car;HPP
B35-W-Night;302773;39 ST/13 AV;-73.986646;40.640916;37;30.0;Night;Car;HPP
B35-W-Night;302774;39 ST/12 AV;-73.988772;40.642204;38;30.0;Night;Car;HPP
B35-W-Night;302775;39 ST/FORT HAMILTON PKWY;-73.990793;40.643422;39;30.0;Night;Car;HPP
B35-W-Night;302776;39 ST/10 AV;-73.993225;40.644894;40;30.0;Night;Car;HPP
B35-W-Night;302777;39 ST/9 AV;-73.994923;40.645918;41;30.0;Night;Car;HPP
B35-W-Night;302778;39 ST/8 AV;-73.997614;40.647523;42;30.0;Night;Car;HPP
B35-W-Night;302779;39 ST/7 AV;-73.999823;40.64886;43;30.0;Night;Car;HPP
B35-W-Night;302780;39 ST/6 AV;-74.002014;40.650183;44;30.0;Night;Car;HPP
B35-W-Night;302781;39 ST/5 AV;-74.003752;40.651232;45;30.0;Night;Car;HPP
B35-W-Night;302782;39 ST/4 AV;-74.006512;40.652898;46;30.0;Night;Car;HPP
B35-W-Night;302783;39 ST/3 AV;-74.007835;40.653699;47;30.0;Night;Car;HPP
B35-W-Night;307177;39 ST/1 AV;-74.011701;40.656031;48;30.0;Night;Car;HPP
B35-W-RushHour;301052;HEGEMAN AV/WATKINS ST;-73.904999;40.656666;1;30.0;Rush Hour;Car;HPP
B35-W-RushHour;301054;HEGEMAN AV/CHESTER ST;-73.908149;40.656215;3;30.0;Rush Hour;Car;HPP
B35-W-RushHour;301056;E 98 ST/HEGEMAN AV;-73.912738;40.655953;4;30.0;Rush Hour;Car;HPP
B35-W-RushHour;302736;CHURCH AV/E 98 ST;-73.914132;40.65664;5;30.0;Rush Hour;Car;HPP
B35-W-RushHour;302737;CHURCH AV/E 96 ST;-73.915813;40.655549;6;30.0;Rush Hour;Car;HPP
B35-W-RushHour;306454;CHURCH AV/E 93 ST;-73.918309;40.653939;7;30.0;Rush Hour;Car;HPP
B35-W-RushHour;302740;CHURCH AV/REMSEN AV;-73.919846;40.652947;8;30.0;Rush Hour;Car;HPP
B35-W-RushHour;302741;CHURCH AV/RALPH AV;-73.92128;40.652583;9;30.0;Rush Hour;Car;HPP
B35-W-RushHour;302742;CHURCH AV/KINGS HWY;-73.923403;40.652581;10;30.0;Rush Hour;Car;HPP
B35-W-RushHour;307793;CHURCH AV/NOSTRAND AV;-73.950008;40.650853;10;30.0;Rush Hour;Car;HPP
B35-W-RushHour;302743;CHURCH AV/E 55 ST;-73.925501;40.65252;11;30.0;Rush Hour;Car;HPP
B35-W-RushHour;307795;CHURCH AV/ROGERS AV;-73.952873;40.650717;11;30.0;Rush Hour;Car;HPP
B35-W-RushHour;302745;CHURCH AV/E 52 ST;-73.928856;40.652154;12;30.0;Rush Hour;Car;HPP
B35-W-RushHour;302758;CHURCH AV/BEDFORD AV;-73.956268;40.650576;12;30.0;Rush Hour;Car;HPP
B35-W-RushHour;302759;CHURCH AV/FLATBUSH AV;-73.959407;40.650341;13;30.0;Rush Hour;Car;HPP
B35-W-RushHour;308483;CHURCH AV/UTICA AV;-73.930558;40.651797;13;30.0;Rush Hour;Car;HPP
B35-W-RushHour;302747;CHURCH AV/E 48 ST;-73.932431;40.651652;14;30.0;Rush Hour;Car;HPP
B35-W-RushHour;302761;CHURCH AV/E 18 ST;-73.963494;40.649346;14;30.0;Rush Hour;Car;HPP
B35-W-RushHour;302748;CHURCH AV/E 46 ST;-73.934681;40.651606;15;30.0;Rush Hour;Car;HPP
B35-W-RushHour;302765;CHURCH AV/CONEY ISLAND AV;-73.97071;40.64651;15;30.0;Rush Hour;Car;HPP
B35-W-RushHour;302749;CHURCH AV/TROY AV;-73.936602;40.651511;16;30.0;Rush Hour;Car;HPP
B35-W-RushHour;302766;CHURCH AV / E 7 ST;-73.973344;40.645523;16;30.0;Rush Hour;Car;HPP
B35-W-RushHour;302750;CHURCH AV/E 42 ST;-73.93845;40.651424;17;30.0;Rush Hour;Car;HPP
B35-W-RushHour;308083;CHURCH AV/E 39 ST;-73.941344;40.651272;18;30.0;Rush Hour;Car;HPP
B35-W-RushHour;302753;CHURCH AV/BROOKLYN AV;-73.944238;40.651161;19;30.0;Rush Hour;Car;HPP
B35-W-RushHour;302771;CHURCH AV/CHESTER AV;-73.982859;40.641445;19;30.0;Rush Hour;Car;HPP
B35-W-RushHour;302772;13 AV/37 ST;-73.985129;40.641846;20;30.0;Rush Hour;Car;HPP
B35-W-RushHour;307790;CHURCH AV/NEW YORK AV;-73.947114;40.650992;20;30.0;Rush Hour;Car;HPP
B35-W-RushHour;302773;39 ST/13 AV;-73.986646;40.640916;21;30.0;Rush Hour;Car;HPP
B35-W-RushHour;302774;39 ST/12 AV;-73.988772;40.642204;22;30.0;Rush Hour;Car;HPP
B35-W-RushHour;302775;39 ST/FORT HAMILTON PKWY;-73.990793;40.643422;23;30.0;Rush Hour;Car;HPP
B35-W-RushHour;302776;39 ST/10 AV;-73.993225;40.644894;24;30.0;Rush Hour;Car;HPP
B35-W-RushHour;302760;CHURCH AV/OCEAN AV;-73.961454;40.650056;25;30.0;Rush Hour;Car;HPP
B35-W-RushHour;302777;39 ST/9 AV;-73.994923;40.645918;25;30.0;Rush Hour;Car;HPP
B35-W-RushHour;302778;39 ST/8 AV;-73.997614;40.647523;26;30.0;Rush Hour;Car;HPP
B35-W-RushHour;302763;CHURCH AV/RUGBY RD;-73.967066;40.647941;27;30.0;Rush Hour;Car;HPP
B35-W-RushHour;302779;39 ST/7 AV;-73.999823;40.64886;27;30.0;Rush Hour;Car;HPP
B35-W-RushHour;302764;CHURCH AV/WESTMINSTER RD;-73.968782;40.647267;28;30.0;Rush Hour;Car;HPP
B35-W-RushHour;302780;39 ST/6 AV;-74.002014;40.650183;28;30.0;Rush Hour;Car;HPP
B35-W-RushHour;302781;39 ST/5 AV;-74.003752;40.651232;29;30.0;Rush Hour;Car;HPP
B35-W-RushHour;302782;39 ST/4 AV;-74.006512;40.652898;30;30.0;Rush Hour;Car;HPP
B35-W-RushHour;302767;CHURCH AV/E 5 ST;-73.975965;40.644332;31;30.0;Rush Hour;Car;HPP
B35-W-RushHour;302783;39 ST/3 AV;-74.007835;40.653699;31;30.0;Rush Hour;Car;HPP
B35-W-RushHour;302768;CHURCH AV/E 3 ST;-73.977836;40.643558;32;30.0;Rush Hour;Car;HPP
B35-W-RushHour;307177;39 ST/1 AV;-74.011701;40.656031;32;30.0;Rush Hour;Car;HPP
B35-W-RushHour;307947;CHURCH AV/MCDONALD AV;-73.979883;40.642696;33;30.0;Rush Hour;Car;HPP
B46-N-Day;307775;E 68 ST/AVENUE N;-73.912788;40.621066;1;30.0;Day Busses;Car;HPP
B46-N-Day;307920;KINGS PLAZA/AVENUE U;-73.921817;40.609564;1;30.0;Day Busses;Car;HPP
B46-N-Day;300163;FLATBUSH AV/AVENUE T;-73.92407;40.611476;2;30.0;Day Busses;Car;HPP
B46-N-Day;303590;UTICA AV/FILLMORE AV;-73.926274;40.614365;3;30.0;Day Busses;Car;HPP
B46-N-Day;303591;UTICA AV/AVENUE O;-73.926509;40.616498;4;30.0;Day Busses;Car;HPP
B46-N-Day;303592;UTICA AV/AVENUE N;-73.926824;40.619894;5;30.0;Day Busses;Car;HPP
B46-N-Day;303593;UTICA AV/AVENUE M;-73.927052;40.621675;6;30.0;Day Busses;Car;HPP
B46-N-Day;303594;UTICA AV/AVENUE L;-73.92729;40.623923;7;30.0;Day Busses;Car;HPP
B46-N-Day;303595;UTICA AV/AVENUE K;-73.927479;40.625699;8;30.0;Day Busses;Car;HPP
B46-N-Day;303596;UTICA AV/AVENUE J;-73.927779;40.628507;9;30.0;Day Busses;Car;HPP
B46-N-Day;303597;UTICA AV/AVENUE I;-73.928032;40.630868;10;30.0;Day Busses;Car;HPP
B46-N-Day;801094;UTICA AV/AVENUE H;-73.928289;40.63278;11;30.0;Day Busses;Car;HPP
B46-N-Day;303599;UTICA AV/KINGS HWY;-73.928456;40.634043;12;30.0;Day Busses;Car;HPP
B46-N-Day;303601;UTICA AV/FARRAGUT RD;-73.928767;40.637785;13;30.0;Day Busses;Car;HPP
B46-N-Day;303602;UTICA AV/FOSTER AV;-73.928978;40.639704;14;30.0;Day Busses;Car;HPP
B46-N-Day;303603;UTICA AV/AVENUE D;-73.929131;40.641743;15;30.0;Day Busses;Car;HPP
B46-N-Day;303604;UTICA AV/CLARENDON RD;-73.929523;40.644815;16;30.0;Day Busses;Car;HPP
B46-N-Day;303605;UTICA AV/BEVERLY RD;-73.929723;40.646701;17;30.0;Day Busses;Car;HPP
B46-N-Day;303606;UTICA AV/TILDEN AV;-73.92992;40.648531;18;30.0;Day Busses;Car;HPP
B46-N-Day;303607;UTICA AV/SNYDER AV;-73.930119;40.650447;19;30.0;Day Busses;Car;HPP
B46-N-Day;308804;UTICA AV/CHURCH AV;-73.930416;40.652508;20;30.0;Day Busses;Car;HPP
B46-N-Day;303609;UTICA AV/LINDEN BLVD;-73.930519;40.65417;21;30.0;Day Busses;Car;HPP
B46-N-Day;303610;UTICA AV/LENOX RD;-73.930683;40.655688;22;30.0;Day Busses;Car;HPP
B46-N-Day;303612;UTICA AV/WINTHROP ST;-73.930984;40.65814;23;30.0;Day Busses;Car;HPP
B46-N-Day;303613;UTICA AV/RUTLAND RD;-73.93124;40.660919;24;30.0;Day Busses;Car;HPP
B46-N-Day;303614;UTICA AV/MAPLE ST;-73.931397;40.662404;25;30.0;Day Busses;Car;HPP
B46-N-Day;307083;UTICA AV/EMPIRE BLVD;-73.931453;40.663942;26;30.0;Day Busses;Car;HPP
B46-N-Day;307086;UTICA AV/CARROLL ST;-73.931263;40.666445;27;30.0;Day Busses;Car;HPP
B46-N-Day;307668;UTICA AV/EASTERN PKWY;-73.931074;40.668476;28;30.0;Day Busses;Car;HPP
B46-N-Day;307094;UTICA AV/SAINT JOHNS PL;-73.930844;40.670935;29;30.0;Day Busses;Car;HPP
B46-N-Day;307093;UTICA AV/PROSPECT PL;-73.930593;40.67355;30;30.0;Day Busses;Car;HPP
B46-N-Day;307090;UTICA AV/BERGEN ST;-73.930421;40.675351;31;30.0;Day Busses;Car;HPP
B46-N-Day;308066;UTICA AV/ATLANTIC AV;-73.930213;40.677732;32;30.0;Day Busses;Car;HPP
B46-N-Day;307092;UTICA AV/FULTON ST;-73.929053;40.679184;33;30.0;Day Busses;Car;HPP
B46-N-Day;303624;MALCOLM X BLVD/BAINBRIDGE ST;-73.928702;40.681561;34;30.0;Day Busses;Car;HPP
B46-N-Day;303625;MALCOLM X BLVD/HALSEY ST;-73.92929;40.684479;35;30.0;Day Busses;Car;HPP
B46-N-Day;303626;MALCOLM X BLVD/PUTNAM AV;-73.929724;40.686684;36;30.0;Day Busses;Car;HPP
B46-N-Day;303627;MALCOLM X BLVD/GATES AV;-73.930162;40.688899;37;30.0;Day Busses;Car;HPP
B46-N-Day;303628;MALCOLM X BLVD/GREENE AV;-73.930589;40.691046;38;30.0;Day Busses;Car;HPP
B46-N-Day;303629;MALCOLM X BLVD/LAFAYETTE AV;-73.930811;40.692133;39;30.0;Day Busses;Car;HPP
B46-N-Day;303630;MALCOLM X BLVD/DE KALB AV;-73.931092;40.693612;40;30.0;Day Busses;Car;HPP
B46-N-Day;303153;BROADWAY/LAWTON ST;-73.931411;40.694911;41;30.0;Day Busses;Car;HPP
B46-N-Day;303154;BROADWAY/WILLOUGHBY AV;-73.933414;40.696002;42;30.0;Day Busses;Car;HPP
B46-N-Day;307637;BROADWAY/JEFFERSON ST;-73.935803;40.697354;43;30.0;Day Busses;Car;HPP
B46-N-Day;303156;BROADWAY/ARION PL;-73.937041;40.69807;44;30.0;Day Busses;Car;HPP
B46-N-Day;301092;BROADWAY/PARK ST;-73.939185;40.699257;45;30.0;Day Busses;Car;HPP
B46-N-Day;303158;BROADWAY/FLUSHING AV;-73.941708;40.700664;46;30.0;Day Busses;Car;HPP
B46-N-Day;303159;BROADWAY/COOK ST;-73.944549;40.70234;47;30.0;Day Busses;Car;HPP
B46-N-Day;303160;BROADWAY/LEONARD ST;-73.945695;40.702982;48;30.0;Day Busses;Car;HPP
B46-N-Day;303161;BROADWAY/LORIMER ST;-73.948374;40.704482;49;30.0;Day Busses;Car;HPP
B46-N-Day;303162;BROADWAY/BOERUM ST;-73.949556;40.705142;50;30.0;Day Busses;Car;HPP
B46-N-Day;303163;BROADWAY/MONTROSE AV;-73.951586;40.706254;51;30.0;Day Busses;Car;HPP
B46-N-Day;303164;BROADWAY/HOOPER ST;-73.95389;40.707109;52;30.0;Day Busses;Car;HPP
B46-N-Day;302310;BROADWAY/MARCY AV;-73.958417;40.708638;53;30.0;Day Busses;Car;HPP
B46-N-Day;901086;WILLIAMSBURG BRIDGE PLAZA/LANE 4;-73.959608;40.709424;54;30.0;Day Busses;Car;HPP
B46-N-Evening;307920;KINGS PLAZA/AVENUE U;-73.921817;40.609564;1;30.0;Evening Busses;Car;HPP
B46-N-Evening;300163;FLATBUSH AV/AVENUE T;-73.92407;40.611476;2;30.0;Evening Busses;Car;HPP
B46-N-Evening;303590;UTICA AV/FILLMORE AV;-73.926274;40.614365;3;30.0;Evening Busses;Car;HPP
B46-N-Evening;303591;UTICA AV/AVENUE O;-73.926509;40.616498;4;30.0;Evening Busses;Car;HPP
B46-N-Evening;303592;UTICA AV/AVENUE N;-73.926824;40.619894;5;30.0;Evening Busses;Car;HPP
B46-N-Evening;303593;UTICA AV/AVENUE M;-73.927052;40.621675;6;30.0;Evening Busses;Car;HPP
B46-N-Evening;303594;UTICA AV/AVENUE L;-73.92729;40.623923;7;30.0;Evening Busses;Car;HPP
B46-N-Evening;303595;UTICA AV/AVENUE K;-73.927479;40.625699;8;30.0;Evening Busses;Car;HPP
B46-N-Evening;303596;UTICA AV/AVENUE J;-73.927779;40.628507;9;30.0;Evening Busses;Car;HPP
B46-N-Evening;303597;UTICA AV/AVENUE I;-73.928032;40.630868;10;30.0;Evening Busses;Car;HPP
B46-N-Evening;801094;UTICA AV/AVENUE H;-73.928289;40.63278;11;30.0;Evening Busses;Car;HPP
B46-N-Evening;303599;UTICA AV/KINGS HWY;-73.928456;40.634043;12;30.0;Evening Busses;Car;HPP
B46-N-Evening;303601;UTICA AV/FARRAGUT RD;-73.928767;40.637785;13;30.0;Evening Busses;Car;HPP
B46-N-Evening;303602;UTICA AV/FOSTER AV;-73.928978;40.639704;14;30.0;Evening Busses;Car;HPP
B46-N-Evening;303603;UTICA AV/AVENUE D;-73.929131;40.641743;15;30.0;Evening Busses;Car;HPP
B46-N-Evening;303604;UTICA AV/CLARENDON RD;-73.929523;40.644815;16;30.0;Evening Busses;Car;HPP
B46-N-Evening;303605;UTICA AV/BEVERLY RD;-73.929723;40.646701;17;30.0;Evening Busses;Car;HPP
B46-N-Evening;303606;UTICA AV/TILDEN AV;-73.92992;40.648531;18;30.0;Evening Busses;Car;HPP
B46-N-Evening;303607;UTICA AV/SNYDER AV;-73.930119;40.650447;19;30.0;Evening Busses;Car;HPP
B46-N-Evening;308804;UTICA AV/CHURCH AV;-73.930416;40.652508;20;30.0;Evening Busses;Car;HPP
B46-N-Evening;303609;UTICA AV/LINDEN BLVD;-73.930519;40.65417;21;30.0;Evening Busses;Car;HPP
B46-N-Evening;303610;UTICA AV/LENOX RD;-73.930683;40.655688;22;30.0;Evening Busses;Car;HPP
B46-N-Evening;303612;UTICA AV/WINTHROP ST;-73.930984;40.65814;23;30.0;Evening Busses;Car;HPP
B46-N-Evening;303613;UTICA AV/RUTLAND RD;-73.93124;40.660919;24;30.0;Evening Busses;Car;HPP
B46-N-Evening;303614;UTICA AV/MAPLE ST;-73.931397;40.662404;25;30.0;Evening Busses;Car;HPP
B46-N-Evening;307083;UTICA AV/EMPIRE BLVD;-73.931453;40.663942;26;30.0;Evening Busses;Car;HPP
B46-N-Evening;307086;UTICA AV/CARROLL ST;-73.931263;40.666445;27;30.0;Evening Busses;Car;HPP
B46-N-Evening;307668;UTICA AV/EASTERN PKWY;-73.931074;40.668476;28;30.0;Evening Busses;Car;HPP
B46-N-Evening;307094;UTICA AV/SAINT JOHNS PL;-73.930844;40.670935;29;30.0;Evening Busses;Car;HPP
B46-N-Evening;307093;UTICA AV/PROSPECT PL;-73.930593;40.67355;30;30.0;Evening Busses;Car;HPP
B46-N-Evening;307090;UTICA AV/BERGEN ST;-73.930421;40.675351;31;30.0;Evening Busses;Car;HPP
B46-N-Evening;308066;UTICA AV/ATLANTIC AV;-73.930213;40.677732;32;30.0;Evening Busses;Car;HPP
B46-N-Evening;307092;UTICA AV/FULTON ST;-73.929053;40.679184;33;30.0;Evening Busses;Car;HPP
B46-N-Evening;303624;MALCOLM X BLVD/BAINBRIDGE ST;-73.928702;40.681561;34;30.0;Evening Busses;Car;HPP
B46-N-Evening;303625;MALCOLM X BLVD/HALSEY ST;-73.92929;40.684479;35;30.0;Evening Busses;Car;HPP
B46-N-Evening;303626;MALCOLM X BLVD/PUTNAM AV;-73.929724;40.686684;36;30.0;Evening Busses;Car;HPP
B46-N-Evening;303627;MALCOLM X BLVD/GATES AV;-73.930162;40.688899;37;30.0;Evening Busses;Car;HPP
B46-N-Evening;303628;MALCOLM X BLVD/GREENE AV;-73.930589;40.691046;38;30.0;Evening Busses;Car;HPP
B46-N-Evening;303629;MALCOLM X BLVD/LAFAYETTE AV;-73.930811;40.692133;39;30.0;Evening Busses;Car;HPP
B46-N-Evening;303630;MALCOLM X BLVD/DE KALB AV;-73.931092;40.693612;40;30.0;Evening Busses;Car;HPP
B46-N-Evening;303153;BROADWAY/LAWTON ST;-73.931411;40.694911;41;30.0;Evening Busses;Car;HPP
B46-N-Evening;303154;BROADWAY/WILLOUGHBY AV;-73.933414;40.696002;42;30.0;Evening Busses;Car;HPP
B46-N-Evening;307637;BROADWAY/JEFFERSON ST;-73.935803;40.697354;43;30.0;Evening Busses;Car;HPP
B46-N-Evening;303156;BROADWAY/ARION PL;-73.937041;40.69807;44;30.0;Evening Busses;Car;HPP
B46-N-Evening;301092;BROADWAY/PARK ST;-73.939185;40.699257;45;30.0;Evening Busses;Car;HPP
B46-N-Evening;303158;BROADWAY/FLUSHING AV;-73.941708;40.700664;46;30.0;Evening Busses;Car;HPP
B46-N-Evening;303159;BROADWAY/COOK ST;-73.944549;40.70234;47;30.0;Evening Busses;Car;HPP
B46-N-Evening;303160;BROADWAY/LEONARD ST;-73.945695;40.702982;48;30.0;Evening Busses;Car;HPP
B46-N-Evening;303161;BROADWAY/LORIMER ST;-73.948374;40.704482;49;30.0;Evening Busses;Car;HPP
B46-N-Evening;303162;BROADWAY/BOERUM ST;-73.949556;40.705142;50;30.0;Evening Busses;Car;HPP
B46-N-Evening;303163;BROADWAY/MONTROSE AV;-73.951586;40.706254;51;30.0;Evening Busses;Car;HPP
B46-N-Evening;303164;BROADWAY/HOOPER ST;-73.95389;40.707109;52;30.0;Evening Busses;Car;HPP
B46-N-Evening;302310;BROADWAY/MARCY AV;-73.958417;40.708638;53;30.0;Evening Busses;Car;HPP
B46-N-Evening;901086;WILLIAMSBURG BRIDGE PLAZA/LANE 4;-73.959608;40.709424;54;30.0;Evening Busses;Car;HPP
B46-N-Morning;307920;KINGS PLAZA/AVENUE U;-73.921817;40.609564;1;30.0;Morning;Car;HPP
B46-N-Morning;300163;FLATBUSH AV/AVENUE T;-73.92407;40.611476;2;30.0;Morning;Car;HPP
B46-N-Morning;303590;UTICA AV/FILLMORE AV;-73.926274;40.614365;3;30.0;Morning;Car;HPP
B46-N-Morning;303591;UTICA AV/AVENUE O;-73.926509;40.616498;4;30.0;Morning;Car;HPP
B46-N-Morning;303592;UTICA AV/AVENUE N;-73.926824;40.619894;5;30.0;Morning;Car;HPP
B46-N-Morning;303593;UTICA AV/AVENUE M;-73.927052;40.621675;6;30.0;Morning;Car;HPP
B46-N-Morning;303594;UTICA AV/AVENUE L;-73.92729;40.623923;7;30.0;Morning;Car;HPP
B46-N-Morning;303595;UTICA AV/AVENUE K;-73.927479;40.625699;8;30.0;Morning;Car;HPP
B46-N-Morning;303596;UTICA AV/AVENUE J;-73.927779;40.628507;9;30.0;Morning;Car;HPP
B46-N-Morning;303597;UTICA AV/AVENUE I;-73.928032;40.630868;10;30.0;Morning;Car;HPP
B46-N-Morning;801094;UTICA AV/AVENUE H;-73.928289;40.63278;11;30.0;Morning;Car;HPP
B46-N-Morning;303599;UTICA AV/KINGS HWY;-73.928456;40.634043;12;30.0;Morning;Car;HPP
B46-N-Morning;303601;UTICA AV/FARRAGUT RD;-73.928767;40.637785;13;30.0;Morning;Car;HPP
B46-N-Morning;303602;UTICA AV/FOSTER AV;-73.928978;40.639704;14;30.0;Morning;Car;HPP
B46-N-Morning;303603;UTICA AV/AVENUE D;-73.929131;40.641743;15;30.0;Morning;Car;HPP
B46-N-Morning;303604;UTICA AV/CLARENDON RD;-73.929523;40.644815;16;30.0;Morning;Car;HPP
B46-N-Morning;303605;UTICA AV/BEVERLY RD;-73.929723;40.646701;17;30.0;Morning;Car;HPP
B46-N-Morning;303606;UTICA AV/TILDEN AV;-73.92992;40.648531;18;30.0;Morning;Car;HPP
B46-N-Morning;303607;UTICA AV/SNYDER AV;-73.930119;40.650447;19;30.0;Morning;Car;HPP
B46-N-Morning;308804;UTICA AV/CHURCH AV;-73.930416;40.652508;20;30.0;Morning;Car;HPP
B46-N-Morning;303609;UTICA AV/LINDEN BLVD;-73.930519;40.65417;21;30.0;Morning;Car;HPP
B46-N-Morning;303610;UTICA AV/LENOX RD;-73.930683;40.655688;22;30.0;Morning;Car;HPP
B46-N-Morning;303612;UTICA AV/WINTHROP ST;-73.930984;40.65814;23;30.0;Morning;Car;HPP
B46-N-Morning;303613;UTICA AV/RUTLAND RD;-73.93124;40.660919;24;30.0;Morning;Car;HPP
B46-N-Morning;303614;UTICA AV/MAPLE ST;-73.931397;40.662404;25;30.0;Morning;Car;HPP
B46-N-Morning;307083;UTICA AV/EMPIRE BLVD;-73.931453;40.663942;26;30.0;Morning;Car;HPP
B46-N-Morning;307086;UTICA AV/CARROLL ST;-73.931263;40.666445;27;30.0;Morning;Car;HPP
B46-N-Morning;307668;UTICA AV/EASTERN PKWY;-73.931074;40.668476;28;30.0;Morning;Car;HPP
B46-N-Morning;307094;UTICA AV/SAINT JOHNS PL;-73.930844;40.670935;29;30.0;Morning;Car;HPP
B46-N-Morning;307093;UTICA AV/PROSPECT PL;-73.930593;40.67355;30;30.0;Morning;Car;HPP
B46-N-Morning;307090;UTICA AV/BERGEN ST;-73.930421;40.675351;31;30.0;Morning;Car;HPP
B46-N-Morning;308066;UTICA AV/ATLANTIC AV;-73.930213;40.677732;32;30.0;Morning;Car;HPP
B46-N-Morning;307092;UTICA AV/FULTON ST;-73.929053;40.679184;33;30.0;Morning;Car;HPP
B46-N-Morning;303624;MALCOLM X BLVD/BAINBRIDGE ST;-73.928702;40.681561;34;30.0;Morning;Car;HPP
B46-N-Morning;303625;MALCOLM X BLVD/HALSEY ST;-73.92929;40.684479;35;30.0;Morning;Car;HPP
B46-N-Morning;303626;MALCOLM X BLVD/PUTNAM AV;-73.929724;40.686684;36;30.0;Morning;Car;HPP
B46-N-Morning;303627;MALCOLM X BLVD/GATES AV;-73.930162;40.688899;37;30.0;Morning;Car;HPP
B46-N-Morning;303628;MALCOLM X BLVD/GREENE AV;-73.930589;40.691046;38;30.0;Morning;Car;HPP
B46-N-Morning;303629;MALCOLM X BLVD/LAFAYETTE AV;-73.930811;40.692133;39;30.0;Morning;Car;HPP
B46-N-Morning;303630;MALCOLM X BLVD/DE KALB AV;-73.931092;40.693612;40;30.0;Morning;Car;HPP
B46-N-Morning;303153;BROADWAY/LAWTON ST;-73.931411;40.694911;41;30.0;Morning;Car;HPP
B46-N-Morning;303154;BROADWAY/WILLOUGHBY AV;-73.933414;40.696002;42;30.0;Morning;Car;HPP
B46-N-Morning;307637;BROADWAY/JEFFERSON ST;-73.935803;40.697354;43;30.0;Morning;Car;HPP
B46-N-Morning;303156;BROADWAY/ARION PL;-73.937041;40.69807;44;30.0;Morning;Car;HPP
B46-N-Morning;301092;BROADWAY/PARK ST;-73.939185;40.699257;45;30.0;Morning;Car;HPP
B46-N-Morning;303158;BROADWAY/FLUSHING AV;-73.941708;40.700664;46;30.0;Morning;Car;HPP
B46-N-Morning;303159;BROADWAY/COOK ST;-73.944549;40.70234;47;30.0;Morning;Car;HPP
B46-N-Morning;303160;BROADWAY/LEONARD ST;-73.945695;40.702982;48;30.0;Morning;Car;HPP
B46-N-Morning;303161;BROADWAY/LORIMER ST;-73.948374;40.704482;49;30.0;Morning;Car;HPP
B46-N-Morning;303162;BROADWAY/BOERUM ST;-73.949556;40.705142;50;30.0;Morning;Car;HPP
B46-N-Morning;303163;BROADWAY/MONTROSE AV;-73.951586;40.706254;51;30.0;Morning;Car;HPP
B46-N-Morning;303164;BROADWAY/HOOPER ST;-73.95389;40.707109;52;30.0;Morning;Car;HPP
B46-N-Morning;302310;BROADWAY/MARCY AV;-73.958417;40.708638;53;30.0;Morning;Car;HPP
B46-N-Morning;901086;WILLIAMSBURG BRIDGE PLAZA/LANE 4;-73.959608;40.709424;54;30.0;Morning;Car;HPP
B46-N-Night;307920;KINGS PLAZA/AVENUE U;-73.921817;40.609564;1;30.0;Night;Car;HPP
B46-N-Night;303590;UTICA AV/FILLMORE AV;-73.926274;40.614365;3;30.0;Night;Car;HPP
B46-N-Night;303592;UTICA AV/AVENUE N;-73.926824;40.619894;5;30.0;Night;Car;HPP
B46-N-Night;303593;UTICA AV/AVENUE M;-73.927052;40.621675;6;30.0;Night;Car;HPP
B46-N-Night;303594;UTICA AV/AVENUE L;-73.92729;40.623923;7;30.0;Night;Car;HPP
B46-N-Night;303595;UTICA AV/AVENUE K;-73.927479;40.625699;8;30.0;Night;Car;HPP
B46-N-Night;303596;UTICA AV/AVENUE J;-73.927779;40.628507;9;30.0;Night;Car;HPP
B46-N-Night;303597;UTICA AV/AVENUE I;-73.928032;40.630868;10;30.0;Night;Car;HPP
B46-N-Night;801094;UTICA AV/AVENUE H;-73.928289;40.63278;11;30.0;Night;Car;HPP
B46-N-Night;303599;UTICA AV/KINGS HWY;-73.928456;40.634043;12;30.0;Night;Car;HPP
B46-N-Night;303601;UTICA AV/FARRAGUT RD;-73.928767;40.637785;13;30.0;Night;Car;HPP
B46-N-Night;303602;UTICA AV/FOSTER AV;-73.928978;40.639704;14;30.0;Night;Car;HPP
B46-N-Night;303603;UTICA AV/AVENUE D;-73.929131;40.641743;15;30.0;Night;Car;HPP
B46-N-Night;303604;UTICA AV/CLARENDON RD;-73.929523;40.644815;16;30.0;Night;Car;HPP
B46-N-Night;303605;UTICA AV/BEVERLY RD;-73.929723;40.646701;17;30.0;Night;Car;HPP
B46-N-Night;303606;UTICA AV/TILDEN AV;-73.92992;40.648531;18;30.0;Night;Car;HPP
B46-N-Night;303607;UTICA AV/SNYDER AV;-73.930119;40.650447;19;30.0;Night;Car;HPP
B46-N-Night;308804;UTICA AV/CHURCH AV;-73.930416;40.652508;20;30.0;Night;Car;HPP
B46-N-Night;303609;UTICA AV/LINDEN BLVD;-73.930519;40.65417;21;30.0;Night;Car;HPP
B46-N-Night;303610;UTICA AV/LENOX RD;-73.930683;40.655688;22;30.0;Night;Car;HPP
B46-N-Night;303612;UTICA AV/WINTHROP ST;-73.930984;40.65814;23;30.0;Night;Car;HPP
B46-N-Night;303613;UTICA AV/RUTLAND RD;-73.93124;40.660919;24;30.0;Night;Car;HPP
B46-N-Night;303614;UTICA AV/MAPLE ST;-73.931397;40.662404;25;30.0;Night;Car;HPP
B46-N-Night;307083;UTICA AV/EMPIRE BLVD;-73.931453;40.663942;26;30.0;Night;Car;HPP
B46-N-Night;307086;UTICA AV/CARROLL ST;-73.931263;40.666445;27;30.0;Night;Car;HPP
B46-N-Night;307668;UTICA AV/EASTERN PKWY;-73.931074;40.668476;28;30.0;Night;Car;HPP
B46-N-Night;307094;UTICA AV/SAINT JOHNS PL;-73.930844;40.670935;29;30.0;Night;Car;HPP
B46-N-Night;307093;UTICA AV/PROSPECT PL;-73.930593;40.67355;30;30.0;Night;Car;HPP
B46-N-Night;307090;UTICA AV/BERGEN ST;-73.930421;40.675351;31;30.0;Night;Car;HPP
B46-N-Night;308066;UTICA AV/ATLANTIC AV;-73.930213;40.677732;32;30.0;Night;Car;HPP
B46-N-Night;307092;UTICA AV/FULTON ST;-73.929053;40.679184;33;30.0;Night;Car;HPP
B46-N-Night;303624;MALCOLM X BLVD/BAINBRIDGE ST;-73.928702;40.681561;34;30.0;Night;Car;HPP
B46-N-Night;303625;MALCOLM X BLVD/HALSEY ST;-73.92929;40.684479;35;30.0;Night;Car;HPP
B46-N-Night;303626;MALCOLM X BLVD/PUTNAM AV;-73.929724;40.686684;36;30.0;Night;Car;HPP
B46-N-Night;303627;MALCOLM X BLVD/GATES AV;-73.930162;40.688899;37;30.0;Night;Car;HPP
B46-N-Night;303628;MALCOLM X BLVD/GREENE AV;-73.930589;40.691046;38;30.0;Night;Car;HPP
B46-N-Night;303629;MALCOLM X BLVD/LAFAYETTE AV;-73.930811;40.692133;39;30.0;Night;Car;HPP
B46-N-Night;303630;MALCOLM X BLVD/DE KALB AV;-73.931092;40.693612;40;30.0;Night;Car;HPP
B46-N-Night;303153;BROADWAY/LAWTON ST;-73.931411;40.694911;41;30.0;Night;Car;HPP
B46-N-Night;307637;BROADWAY/JEFFERSON ST;-73.935803;40.697354;43;30.0;Night;Car;HPP
B46-N-Night;303156;BROADWAY/ARION PL;-73.937041;40.69807;44;30.0;Night;Car;HPP
B46-N-Night;301092;BROADWAY/PARK ST;-73.939185;40.699257;45;30.0;Night;Car;HPP
B46-N-Night;303158;BROADWAY/FLUSHING AV;-73.941708;40.700664;46;30.0;Night;Car;HPP
B46-N-Night;303161;BROADWAY/LORIMER ST;-73.948374;40.704482;49;30.0;Night;Car;HPP
B46-N-Night;303162;BROADWAY/BOERUM ST;-73.949556;40.705142;50;30.0;Night;Car;HPP
B46-N-Night;303163;BROADWAY/MONTROSE AV;-73.951586;40.706254;51;30.0;Night;Car;HPP
B46-N-Night;303164;BROADWAY/HOOPER ST;-73.95389;40.707109;52;30.0;Night;Car;HPP
B46-N-Night;302310;BROADWAY/MARCY AV;-73.958417;40.708638;53;30.0;Night;Car;HPP
B46-N-Night;901086;WILLIAMSBURG BRIDGE PLAZA/LANE 4;-73.959608;40.709424;54;30.0;Night;Car;HPP
B46-N-RushHour;307920;KINGS PLAZA/AVENUE U;-73.921817;40.609564;1;30.0;Rush Hour;Car;HPP
B46-N-RushHour;300163;FLATBUSH AV/AVENUE T;-73.92407;40.611476;2;30.0;Rush Hour;Car;HPP
B46-N-RushHour;303590;UTICA AV/FILLMORE AV;-73.926274;40.614365;3;30.0;Rush Hour;Car;HPP
B46-N-RushHour;303591;UTICA AV/AVENUE O;-73.926509;40.616498;4;30.0;Rush Hour;Car;HPP
B46-N-RushHour;303592;UTICA AV/AVENUE N;-73.926824;40.619894;5;30.0;Rush Hour;Car;HPP
B46-N-RushHour;303593;UTICA AV/AVENUE M;-73.927052;40.621675;6;30.0;Rush Hour;Car;HPP
B46-N-RushHour;303594;UTICA AV/AVENUE L;-73.92729;40.623923;7;30.0;Rush Hour;Car;HPP
B46-N-RushHour;303595;UTICA AV/AVENUE K;-73.927479;40.625699;8;30.0;Rush Hour;Car;HPP
B46-N-RushHour;303596;UTICA AV/AVENUE J;-73.927779;40.628507;9;30.0;Rush Hour;Car;HPP
B46-N-RushHour;303597;UTICA AV/AVENUE I;-73.928032;40.630868;10;30.0;Rush Hour;Car;HPP
B46-N-RushHour;801094;UTICA AV/AVENUE H;-73.928289;40.63278;11;30.0;Rush Hour;Car;HPP
B46-N-RushHour;303599;UTICA AV/KINGS HWY;-73.928456;40.634043;12;30.0;Rush Hour;Car;HPP
B46-N-RushHour;303601;UTICA AV/FARRAGUT RD;-73.928767;40.637785;13;30.0;Rush Hour;Car;HPP
B46-N-RushHour;303602;UTICA AV/FOSTER AV;-73.928978;40.639704;14;30.0;Rush Hour;Car;HPP
B46-N-RushHour;303603;UTICA AV/AVENUE D;-73.929131;40.641743;15;30.0;Rush Hour;Car;HPP
B46-N-RushHour;303604;UTICA AV/CLARENDON RD;-73.929523;40.644815;16;30.0;Rush Hour;Car;HPP
B46-N-RushHour;303605;UTICA AV/BEVERLY RD;-73.929723;40.646701;17;30.0;Rush Hour;Car;HPP
B46-N-RushHour;303606;UTICA AV/TILDEN AV;-73.92992;40.648531;18;30.0;Rush Hour;Car;HPP
B46-N-RushHour;303607;UTICA AV/SNYDER AV;-73.930119;40.650447;19;30.0;Rush Hour;Car;HPP
B46-N-RushHour;308804;UTICA AV/CHURCH AV;-73.930416;40.652508;20;30.0;Rush Hour;Car;HPP
B46-N-RushHour;303609;UTICA AV/LINDEN BLVD;-73.930519;40.65417;21;30.0;Rush Hour;Car;HPP
B46-N-RushHour;303610;UTICA AV/LENOX RD;-73.930683;40.655688;22;30.0;Rush Hour;Car;HPP
B46-N-RushHour;303612;UTICA AV/WINTHROP ST;-73.930984;40.65814;23;30.0;Rush Hour;Car;HPP
B46-N-RushHour;303613;UTICA AV/RUTLAND RD;-73.93124;40.660919;24;30.0;Rush Hour;Car;HPP
B46-N-RushHour;303614;UTICA AV/MAPLE ST;-73.931397;40.662404;25;30.0;Rush Hour;Car;HPP
B46-N-RushHour;307083;UTICA AV/EMPIRE BLVD;-73.931453;40.663942;26;30.0;Rush Hour;Car;HPP
B46-N-RushHour;307086;UTICA AV/CARROLL ST;-73.931263;40.666445;27;30.0;Rush Hour;Car;HPP
B46-N-RushHour;307668;UTICA AV/EASTERN PKWY;-73.931074;40.668476;28;30.0;Rush Hour;Car;HPP
B46-N-RushHour;307094;UTICA AV/SAINT JOHNS PL;-73.930844;40.670935;29;30.0;Rush Hour;Car;HPP
B46-N-RushHour;307093;UTICA AV/PROSPECT PL;-73.930593;40.67355;30;30.0;Rush Hour;Car;HPP
B46-N-RushHour;307090;UTICA AV/BERGEN ST;-73.930421;40.675351;31;30.0;Rush Hour;Car;HPP
B46-N-RushHour;308066;UTICA AV/ATLANTIC AV;-73.930213;40.677732;32;30.0;Rush Hour;Car;HPP
B46-N-RushHour;307092;UTICA AV/FULTON ST;-73.929053;40.679184;33;30.0;Rush Hour;Car;HPP
B46-N-RushHour;303624;MALCOLM X BLVD/BAINBRIDGE ST;-73.928702;40.681561;34;30.0;Rush Hour;Car;HPP
B46-N-RushHour;303625;MALCOLM X BLVD/HALSEY ST;-73.92929;40.684479;35;30.0;Rush Hour;Car;HPP
B46-N-RushHour;303626;MALCOLM X BLVD/PUTNAM AV;-73.929724;40.686684;36;30.0;Rush Hour;Car;HPP
B46-N-RushHour;303627;MALCOLM X BLVD/GATES AV;-73.930162;40.688899;37;30.0;Rush Hour;Car;HPP
B46-N-RushHour;303628;MALCOLM X BLVD/GREENE AV;-73.930589;40.691046;38;30.0;Rush Hour;Car;HPP
B46-N-RushHour;303629;MALCOLM X BLVD/LAFAYETTE AV;-73.930811;40.692133;39;30.0;Rush Hour;Car;HPP
B46-N-RushHour;303630;MALCOLM X BLVD/DE KALB AV;-73.931092;40.693612;40;30.0;Rush Hour;Car;HPP
B46-N-RushHour;303153;BROADWAY/LAWTON ST;-73.931411;40.694911;41;30.0;Rush Hour;Car;HPP
B46-N-RushHour;303154;BROADWAY/WILLOUGHBY AV;-73.933414;40.696002;42;30.0;Rush Hour;Car;HPP
B46-N-RushHour;307637;BROADWAY/JEFFERSON ST;-73.935803;40.697354;43;30.0;Rush Hour;Car;HPP
B46-N-RushHour;303156;BROADWAY/ARION PL;-73.937041;40.69807;44;30.0;Rush Hour;Car;HPP
B46-N-RushHour;301092;BROADWAY/PARK ST;-73.939185;40.699257;45;30.0;Rush Hour;Car;HPP
B46-N-RushHour;303158;BROADWAY/FLUSHING AV;-73.941708;40.700664;46;30.0;Rush Hour;Car;HPP
B46-N-RushHour;303159;BROADWAY/COOK ST;-73.944549;40.70234;47;30.0;Rush Hour;Car;HPP
B46-N-RushHour;303160;BROADWAY/LEONARD ST;-73.945695;40.702982;48;30.0;Rush Hour;Car;HPP
B46-N-RushHour;303161;BROADWAY/LORIMER ST;-73.948374;40.704482;49;30.0;Rush Hour;Car;HPP
B46-N-RushHour;303162;BROADWAY/BOERUM ST;-73.949556;40.705142;50;30.0;Rush Hour;Car;HPP
B46-N-RushHour;303163;BROADWAY/MONTROSE AV;-73.951586;40.706254;51;30.0;Rush Hour;Car;HPP
B46-N-RushHour;303164;BROADWAY/HOOPER ST;-73.95389;40.707109;52;30.0;Rush Hour;Car;HPP
B46-N-RushHour;302310;BROADWAY/MARCY AV;-73.958417;40.708638;53;30.0;Rush Hour;Car;HPP
B46-N-RushHour;901086;WILLIAMSBURG BRIDGE PLAZA/LANE 4;-73.959608;40.709424;54;30.0;Rush Hour;Car;HPP
B46-S-Day;307919;WILLIAMSBURG BRIDGE PLAZA/LANE 4;-73.959348;40.709327;1;30.0;Day Busses;Car;HPP
B46-S-Day;302293;BROADWAY/MARCY AV;-73.957591;40.708202;2;30.0;Day Busses;Car;HPP
B46-S-Day;303170;BROADWAY/HOOPER ST;-73.954114;40.707047;3;30.0;Day Busses;Car;HPP
B46-S-Day;303172;BROADWAY/HEYWARD ST;-73.950443;40.705477;4;30.0;Day Busses;Car;HPP
B46-S-Day;303173;BROADWAY/LORIMER ST;-73.948057;40.704136;5;30.0;Day Busses;Car;HPP
B46-S-Day;303175;BROADWAY/GERRY ST;-73.945111;40.702496;6;30.0;Day Busses;Car;HPP
B46-S-Day;303657;BROADWAY/THORNTON ST;-73.943215;40.701436;7;30.0;Day Busses;Car;HPP
B46-S-Day;303658;BROADWAY/FLUSHING AV;-73.941297;40.700269;8;30.0;Day Busses;Car;HPP
B46-S-Day;303178;BROADWAY/PARK AV;-73.93836;40.698656;9;30.0;Day Busses;Car;HPP
B46-S-Day;303660;BROADWAY/MYRTLE AV;-73.934859;40.696666;10;30.0;Day Busses;Car;HPP
B46-S-Day;303180;BROADWAY/WILLOUGHBY AV;-73.932806;40.695515;11;30.0;Day Busses;Car;HPP
B46-S-Day;303662;BROADWAY/MALCOLM X BLVD;-73.931519;40.694796;12;30.0;Day Busses;Car;HPP
B46-S-Day;303663;MALCOLM X BLVD/DE KALB AV;-73.931178;40.693112;13;30.0;Day Busses;Car;HPP
B46-S-Day;303664;MALCOLM X BLVD/LAFAYETTE AV;-73.930931;40.691897;14;30.0;Day Busses;Car;HPP
B46-S-Day;303665;MALCOLM X BLVD/GREENE AV;-73.930636;40.690434;15;30.0;Day Busses;Car;HPP
B46-S-Day;303666;MALCOLM X BLVD/QUINCY ST;-73.930342;40.688948;16;30.0;Day Busses;Car;HPP
B46-S-Day;303667;MALCOLM X BLVD/MADISON ST;-73.929908;40.686785;17;30.0;Day Busses;Car;HPP
B46-S-Day;307728;MALCOLM X BLVD/HALSEY ST;-73.929334;40.683867;18;30.0;Day Busses;Car;HPP
B46-S-Day;303670;MALCOLM X BLVD/DECATUR ST;-73.928886;40.681627;19;30.0;Day Busses;Car;HPP
B46-S-Day;303672;MALCOLM X BLVD/FULTON ST;-73.929;40.679421;20;30.0;Day Busses;Car;HPP
B46-S-Day;303673;UTICA AV/ATLANTIC AV;-73.930372;40.677591;21;30.0;Day Busses;Car;HPP
B46-S-Day;308568;UTICA AV/DEAN ST;-73.930581;40.676011;22;30.0;Day Busses;Car;HPP
B46-S-Day;303676;UTICA AV/PROSPECT PL;-73.93081;40.672944;23;30.0;Day Busses;Car;HPP
B46-S-Day;307373;UTICA AV/SAINT JOHNS PL;-73.931072;40.670219;24;30.0;Day Busses;Car;HPP
B46-S-Day;307026;UTICA AV/EASTERN PKWY;-73.931297;40.667945;25;30.0;Day Busses;Car;HPP
B46-S-Day;307027;UTICA AV/CARROLL ST;-73.931523;40.665808;26;30.0;Day Busses;Car;HPP
B46-S-Day;306304;UTICA AV/EMPIRE BLVD;-73.93172;40.663714;27;30.0;Day Busses;Car;HPP
B46-S-Day;306479;UTICA AV/EAST NEW YORK AV;-73.931689;40.662841;28;30.0;Day Busses;Car;HPP
B46-S-Day;303682;UTICA AV/MIDWOOD ST;-73.9315;40.661062;29;30.0;Day Busses;Car;HPP
B46-S-Day;303683;UTICA AV/WINTHROP ST;-73.931185;40.658046;30;30.0;Day Busses;Car;HPP
B46-S-Day;303685;UTICA AV/LENOX RD;-73.930853;40.655001;31;30.0;Day Busses;Car;HPP
B46-S-Day;303686;UTICA AV/LINDEN BLVD;-73.930689;40.653456;32;30.0;Day Busses;Car;HPP
B46-S-Day;308800;UTICA AV/CHURCH AV;-73.930412;40.650968;33;30.0;Day Busses;Car;HPP
B46-S-Day;303688;UTICA AV/SNYDER AV;-73.930293;40.649786;34;30.0;Day Busses;Car;HPP
B46-S-Day;308777;UTICA AV/TILDEN AV;-73.930095;40.648249;35;30.0;Day Busses;Car;HPP
B46-S-Day;303690;UTICA AV/BEVERLY RD;-73.929893;40.646023;36;30.0;Day Busses;Car;HPP
B46-S-Day;303691;UTICA AV/CLARENDON RD;-73.929686;40.644096;37;30.0;Day Busses;Car;HPP
B46-S-Day;303692;UTICA AV/AVENUE D;-73.929433;40.641719;38;30.0;Day Busses;Car;HPP
B46-S-Day;303693;UTICA AV/FOSTER AV;-73.92924;40.63989;39;30.0;Day Busses;Car;HPP
B46-S-Day;308036;UTICA AV/FARRAGUT RD;-73.928955;40.637187;40;30.0;Day Busses;Car;HPP
B46-S-Day;303695;UTICA AV/GLENWOOD RD;-73.928705;40.634834;41;30.0;Day Busses;Car;HPP
B46-S-Day;303696;UTICA AV/AVENUE H;-73.928456;40.632523;42;30.0;Day Busses;Car;HPP
B46-S-Day;303697;UTICA AV/AVENUE I;-73.928188;40.630083;43;30.0;Day Busses;Car;HPP
B46-S-Day;303698;UTICA AV/AVENUE J;-73.927946;40.627782;44;30.0;Day Busses;Car;HPP
B46-S-Day;303699;UTICA AV/FLATLANDS AV;-73.927785;40.626322;45;30.0;Day Busses;Car;HPP
B46-S-Day;303700;UTICA AV/AVENUE L;-73.927453;40.623182;46;30.0;Day Busses;Car;HPP
B46-S-Day;303701;UTICA AV/AVENUE M;-73.927222;40.621044;47;30.0;Day Busses;Car;HPP
B46-S-Day;303702;UTICA AV/AVENUE N;-73.926961;40.618576;48;30.0;Day Busses;Car;HPP
B46-S-Day;303703;UTICA AV/AVENUE O;-73.926762;40.616723;49;30.0;Day Busses;Car;HPP
B46-S-Day;303704;UTICA AV/FILLMORE AV;-73.926533;40.614579;50;30.0;Day Busses;Car;HPP
B46-S-Day;307089;UTICA AV/FLATBUSH AV;-73.926412;40.61344;51;30.0;Day Busses;Car;HPP
B46-S-Day;307636;FLATBUSH AV/AVENUE T;-73.924426;40.611273;52;30.0;Day Busses;Car;HPP
B46-S-Day;901093;KINGS PLAZA;-73.921443;40.60914;53;30.0;Day Busses;Car;HPP
B46-S-Evening;307919;WILLIAMSBURG BRIDGE PLAZA/LANE 4;-73.959348;40.709327;1;30.0;Evening Busses;Car;HPP
B46-S-Evening;302293;BROADWAY/MARCY AV;-73.957591;40.708202;2;30.0;Evening Busses;Car;HPP
B46-S-Evening;303170;BROADWAY/HOOPER ST;-73.954114;40.707047;3;30.0;Evening Busses;Car;HPP
B46-S-Evening;303172;BROADWAY/HEYWARD ST;-73.950443;40.705477;4;30.0;Evening Busses;Car;HPP
B46-S-Evening;303173;BROADWAY/LORIMER ST;-73.948057;40.704136;5;30.0;Evening Busses;Car;HPP
B46-S-Evening;303175;BROADWAY/GERRY ST;-73.945111;40.702496;6;30.0;Evening Busses;Car;HPP
B46-S-Evening;303657;BROADWAY/THORNTON ST;-73.943215;40.701436;7;30.0;Evening Busses;Car;HPP
B46-S-Evening;303658;BROADWAY/FLUSHING AV;-73.941297;40.700269;8;30.0;Evening Busses;Car;HPP
B46-S-Evening;303178;BROADWAY/PARK AV;-73.93836;40.698656;9;30.0;Evening Busses;Car;HPP
B46-S-Evening;303660;BROADWAY/MYRTLE AV;-73.934859;40.696666;10;30.0;Evening Busses;Car;HPP
B46-S-Evening;303180;BROADWAY/WILLOUGHBY AV;-73.932806;40.695515;11;30.0;Evening Busses;Car;HPP
B46-S-Evening;303662;BROADWAY/MALCOLM X BLVD;-73.931519;40.694796;12;30.0;Evening Busses;Car;HPP
B46-S-Evening;303663;MALCOLM X BLVD/DE KALB AV;-73.931178;40.693112;13;30.0;Evening Busses;Car;HPP
B46-S-Evening;303664;MALCOLM X BLVD/LAFAYETTE AV;-73.930931;40.691897;14;30.0;Evening Busses;Car;HPP
B46-S-Evening;303665;MALCOLM X BLVD/GREENE AV;-73.930636;40.690434;15;30.0;Evening Busses;Car;HPP
B46-S-Evening;303666;MALCOLM X BLVD/QUINCY ST;-73.930342;40.688948;16;30.0;Evening Busses;Car;HPP
B46-S-Evening;303667;MALCOLM X BLVD/MADISON ST;-73.929908;40.686785;17;30.0;Evening Busses;Car;HPP
B46-S-Evening;307728;MALCOLM X BLVD/HALSEY ST;-73.929334;40.683867;18;30.0;Evening Busses;Car;HPP
B46-S-Evening;303670;MALCOLM X BLVD/DECATUR ST;-73.928886;40.681627;19;30.0;Evening Busses;Car;HPP
B46-S-Evening;303672;MALCOLM X BLVD/FULTON ST;-73.929;40.679421;20;30.0;Evening Busses;Car;HPP
B46-S-Evening;303673;UTICA AV/ATLANTIC AV;-73.930372;40.677591;21;30.0;Evening Busses;Car;HPP
B46-S-Evening;308568;UTICA AV/DEAN ST;-73.930581;40.676011;22;30.0;Evening Busses;Car;HPP
B46-S-Evening;303676;UTICA AV/PROSPECT PL;-73.93081;40.672944;23;30.0;Evening Busses;Car;HPP
B46-S-Evening;307373;UTICA AV/SAINT JOHNS PL;-73.931072;40.670219;24;30.0;Evening Busses;Car;HPP
B46-S-Evening;307026;UTICA AV/EASTERN PKWY;-73.931297;40.667945;25;30.0;Evening Busses;Car;HPP
B46-S-Evening;307027;UTICA AV/CARROLL ST;-73.931523;40.665808;26;30.0;Evening Busses;Car;HPP
B46-S-Evening;306304;UTICA AV/EMPIRE BLVD;-73.93172;40.663714;27;30.0;Evening Busses;Car;HPP
B46-S-Evening;306479;UTICA AV/EAST NEW YORK AV;-73.931689;40.662841;28;30.0;Evening Busses;Car;HPP
B46-S-Evening;303682;UTICA AV/MIDWOOD ST;-73.9315;40.661062;29;30.0;Evening Busses;Car;HPP
B46-S-Evening;303683;UTICA AV/WINTHROP ST;-73.931185;40.658046;30;30.0;Evening Busses;Car;HPP
B46-S-Evening;303685;UTICA AV/LENOX RD;-73.930853;40.655001;31;30.0;Evening Busses;Car;HPP
B46-S-Evening;303686;UTICA AV/LINDEN BLVD;-73.930689;40.653456;32;30.0;Evening Busses;Car;HPP
B46-S-Evening;308800;UTICA AV/CHURCH AV;-73.930412;40.650968;33;30.0;Evening Busses;Car;HPP
B46-S-Evening;303688;UTICA AV/SNYDER AV;-73.930293;40.649786;34;30.0;Evening Busses;Car;HPP
B46-S-Evening;308777;UTICA AV/TILDEN AV;-73.930095;40.648249;35;30.0;Evening Busses;Car;HPP
B46-S-Evening;303690;UTICA AV/BEVERLY RD;-73.929893;40.646023;36;30.0;Evening Busses;Car;HPP
B46-S-Evening;303691;UTICA AV/CLARENDON RD;-73.929686;40.644096;37;30.0;Evening Busses;Car;HPP
B46-S-Evening;303692;UTICA AV/AVENUE D;-73.929433;40.641719;38;30.0;Evening Busses;Car;HPP
B46-S-Evening;303693;UTICA AV/FOSTER AV;-73.92924;40.63989;39;30.0;Evening Busses;Car;HPP
B46-S-Evening;308036;UTICA AV/FARRAGUT RD;-73.928955;40.637187;40;30.0;Evening Busses;Car;HPP
B46-S-Evening;303695;UTICA AV/GLENWOOD RD;-73.928705;40.634834;41;30.0;Evening Busses;Car;HPP
B46-S-Evening;303696;UTICA AV/AVENUE H;-73.928456;40.632523;42;30.0;Evening Busses;Car;HPP
B46-S-Evening;303697;UTICA AV/AVENUE I;-73.928188;40.630083;43;30.0;Evening Busses;Car;HPP
B46-S-Evening;303698;UTICA AV/AVENUE J;-73.927946;40.627782;44;30.0;Evening Busses;Car;HPP
B46-S-Evening;303699;UTICA AV/FLATLANDS AV;-73.927785;40.626322;45;30.0;Evening Busses;Car;HPP
B46-S-Evening;303700;UTICA AV/AVENUE L;-73.927453;40.623182;46;30.0;Evening Busses;Car;HPP
B46-S-Evening;303701;UTICA AV/AVENUE M;-73.927222;40.621044;47;30.0;Evening Busses;Car;HPP
B46-S-Evening;303702;UTICA AV/AVENUE N;-73.926961;40.618576;48;30.0;Evening Busses;Car;HPP
B46-S-Evening;303703;UTICA AV/AVENUE O;-73.926762;40.616723;49;30.0;Evening Busses;Car;HPP
B46-S-Evening;303704;UTICA AV/FILLMORE AV;-73.926533;40.614579;50;30.0;Evening Busses;Car;HPP
B46-S-Evening;307089;UTICA AV/FLATBUSH AV;-73.926412;40.61344;51;30.0;Evening Busses;Car;HPP
B46-S-Evening;307636;FLATBUSH AV/AVENUE T;-73.924426;40.611273;52;30.0;Evening Busses;Car;HPP
B46-S-Evening;901093;KINGS PLAZA;-73.921443;40.60914;53;30.0;Evening Busses;Car;HPP
B46-S-Morning;307919;WILLIAMSBURG BRIDGE PLAZA/LANE 4;-73.959348;40.709327;1;30.0;Morning;Car;HPP
B46-S-Morning;302293;BROADWAY/MARCY AV;-73.957591;40.708202;2;30.0;Morning;Car;HPP
B46-S-Morning;303170;BROADWAY/HOOPER ST;-73.954114;40.707047;3;30.0;Morning;Car;HPP
B46-S-Morning;303172;BROADWAY/HEYWARD ST;-73.950443;40.705477;4;30.0;Morning;Car;HPP
B46-S-Morning;303173;BROADWAY/LORIMER ST;-73.948057;40.704136;5;30.0;Morning;Car;HPP
B46-S-Morning;303175;BROADWAY/GERRY ST;-73.945111;40.702496;6;30.0;Morning;Car;HPP
B46-S-Morning;303657;BROADWAY/THORNTON ST;-73.943215;40.701436;7;30.0;Morning;Car;HPP
B46-S-Morning;303658;BROADWAY/FLUSHING AV;-73.941297;40.700269;8;30.0;Morning;Car;HPP
B46-S-Morning;303178;BROADWAY/PARK AV;-73.93836;40.698656;9;30.0;Morning;Car;HPP
B46-S-Morning;303660;BROADWAY/MYRTLE AV;-73.934859;40.696666;10;30.0;Morning;Car;HPP
B46-S-Morning;303180;BROADWAY/WILLOUGHBY AV;-73.932806;40.695515;11;30.0;Morning;Car;HPP
B46-S-Morning;303662;BROADWAY/MALCOLM X BLVD;-73.931519;40.694796;12;30.0;Morning;Car;HPP
B46-S-Morning;303663;MALCOLM X BLVD/DE KALB AV;-73.931178;40.693112;13;30.0;Morning;Car;HPP
B46-S-Morning;303664;MALCOLM X BLVD/LAFAYETTE AV;-73.930931;40.691897;14;30.0;Morning;Car;HPP
B46-S-Morning;303665;MALCOLM X BLVD/GREENE AV;-73.930636;40.690434;15;30.0;Morning;Car;HPP
B46-S-Morning;303666;MALCOLM X BLVD/QUINCY ST;-73.930342;40.688948;16;30.0;Morning;Car;HPP
B46-S-Morning;303667;MALCOLM X BLVD/MADISON ST;-73.929908;40.686785;17;30.0;Morning;Car;HPP
B46-S-Morning;307728;MALCOLM X BLVD/HALSEY ST;-73.929334;40.683867;18;30.0;Morning;Car;HPP
B46-S-Morning;303670;MALCOLM X BLVD/DECATUR ST;-73.928886;40.681627;19;30.0;Morning;Car;HPP
B46-S-Morning;303672;MALCOLM X BLVD/FULTON ST;-73.929;40.679421;20;30.0;Morning;Car;HPP
B46-S-Morning;303673;UTICA AV/ATLANTIC AV;-73.930372;40.677591;21;30.0;Morning;Car;HPP
B46-S-Morning;308568;UTICA AV/DEAN ST;-73.930581;40.676011;22;30.0;Morning;Car;HPP
B46-S-Morning;303676;UTICA AV/PROSPECT PL;-73.93081;40.672944;23;30.0;Morning;Car;HPP
B46-S-Morning;307373;UTICA AV/SAINT JOHNS PL;-73.931072;40.670219;24;30.0;Morning;Car;HPP
B46-S-Morning;307026;UTICA AV/EASTERN PKWY;-73.931297;40.667945;25;30.0;Morning;Car;HPP
B46-S-Morning;307027;UTICA AV/CARROLL ST;-73.931523;40.665808;26;30.0;Morning;Car;HPP
B46-S-Morning;306304;UTICA AV/EMPIRE BLVD;-73.93172;40.663714;27;30.0;Morning;Car;HPP
B46-S-Morning;306479;UTICA AV/EAST NEW YORK AV;-73.931689;40.662841;28;30.0;Morning;Car;HPP
B46-S-Morning;303682;UTICA AV/MIDWOOD ST;-73.9315;40.661062;29;30.0;Morning;Car;HPP
B46-S-Morning;303683;UTICA AV/WINTHROP ST;-73.931185;40.658046;30;30.0;Morning;Car;HPP
B46-S-Morning;303685;UTICA AV/LENOX RD;-73.930853;40.655001;31;30.0;Morning;Car;HPP
B46-S-Morning;303686;UTICA AV/LINDEN BLVD;-73.930689;40.653456;32;30.0;Morning;Car;HPP
B46-S-Morning;308800;UTICA AV/CHURCH AV;-73.930412;40.650968;33;30.0;Morning;Car;HPP
B46-S-Morning;303688;UTICA AV/SNYDER AV;-73.930293;40.649786;34;30.0;Morning;Car;HPP
B46-S-Morning;308777;UTICA AV/TILDEN AV;-73.930095;40.648249;35;30.0;Morning;Car;HPP
B46-S-Morning;303690;UTICA AV/BEVERLY RD;-73.929893;40.646023;36;30.0;Morning;Car;HPP
B46-S-Morning;303691;UTICA AV/CLARENDON RD;-73.929686;40.644096;37;30.0;Morning;Car;HPP
B46-S-Morning;303692;UTICA AV/AVENUE D;-73.929433;40.641719;38;30.0;Morning;Car;HPP
B46-S-Morning;303693;UTICA AV/FOSTER AV;-73.92924;40.63989;39;30.0;Morning;Car;HPP
B46-S-Morning;308036;UTICA AV/FARRAGUT RD;-73.928955;40.637187;40;30.0;Morning;Car;HPP
B46-S-Morning;303695;UTICA AV/GLENWOOD RD;-73.928705;40.634834;41;30.0;Morning;Car;HPP
B46-S-Morning;303696;UTICA AV/AVENUE H;-73.928456;40.632523;42;30.0;Morning;Car;HPP
B46-S-Morning;303697;UTICA AV/AVENUE I;-73.928188;40.630083;43;30.0;Morning;Car;HPP
B46-S-Morning;303698;UTICA AV/AVENUE J;-73.927946;40.627782;44;30.0;Morning;Car;HPP
B46-S-Morning;303699;UTICA AV/FLATLANDS AV;-73.927785;40.626322;45;30.0;Morning;Car;HPP
B46-S-Morning;303700;UTICA AV/AVENUE L;-73.927453;40.623182;46;30.0;Morning;Car;HPP
B46-S-Morning;303701;UTICA AV/AVENUE M;-73.927222;40.621044;47;30.0;Morning;Car;HPP
B46-S-Morning;303702;UTICA AV/AVENUE N;-73.926961;40.618576;48;30.0;Morning;Car;HPP
B46-S-Morning;303703;UTICA AV/AVENUE O;-73.926762;40.616723;49;30.0;Morning;Car;HPP
B46-S-Morning;303704;UTICA AV/FILLMORE AV;-73.926533;40.614579;50;30.0;Morning;Car;HPP
B46-S-Morning;307089;UTICA AV/FLATBUSH AV;-73.926412;40.61344;51;30.0;Morning;Car;HPP
B46-S-Morning;307636;FLATBUSH AV/AVENUE T;-73.924426;40.611273;52;30.0;Morning;Car;HPP
B46-S-Morning;901093;KINGS PLAZA;-73.921443;40.60914;53;30.0;Morning;Car;HPP
B46-S-Night;307919;WILLIAMSBURG BRIDGE PLAZA/LANE 4;-73.959348;40.709327;1;30.0;Night;Car;HPP
B46-S-Night;302293;BROADWAY/MARCY AV;-73.957591;40.708202;2;30.0;Night;Car;HPP
B46-S-Night;303170;BROADWAY/HOOPER ST;-73.954114;40.707047;3;30.0;Night;Car;HPP
B46-S-Night;303172;BROADWAY/HEYWARD ST;-73.950443;40.705477;4;30.0;Night;Car;HPP
B46-S-Night;303173;BROADWAY/LORIMER ST;-73.948057;40.704136;5;30.0;Night;Car;HPP
B46-S-Night;303657;BROADWAY/THORNTON ST;-73.943215;40.701436;7;30.0;Night;Car;HPP
B46-S-Night;303658;BROADWAY/FLUSHING AV;-73.941297;40.700269;8;30.0;Night;Car;HPP
B46-S-Night;303178;BROADWAY/PARK AV;-73.93836;40.698656;9;30.0;Night;Car;HPP
B46-S-Night;303660;BROADWAY/MYRTLE AV;-73.934859;40.696666;10;30.0;Night;Car;HPP
B46-S-Night;303180;BROADWAY/WILLOUGHBY AV;-73.932806;40.695515;11;30.0;Night;Car;HPP
B46-S-Night;303662;BROADWAY/MALCOLM X BLVD;-73.931519;40.694796;12;30.0;Night;Car;HPP
B46-S-Night;303663;MALCOLM X BLVD/DE KALB AV;-73.931178;40.693112;13;30.0;Night;Car;HPP
B46-S-Night;303665;MALCOLM X BLVD/GREENE AV;-73.930636;40.690434;15;30.0;Night;Car;HPP
B46-S-Night;303666;MALCOLM X BLVD/QUINCY ST;-73.930342;40.688948;16;30.0;Night;Car;HPP
B46-S-Night;303667;MALCOLM X BLVD/MADISON ST;-73.929908;40.686785;17;30.0;Night;Car;HPP
B46-S-Night;307728;MALCOLM X BLVD/HALSEY ST;-73.929334;40.683867;18;30.0;Night;Car;HPP
B46-S-Night;303670;MALCOLM X BLVD/DECATUR ST;-73.928886;40.681627;19;30.0;Night;Car;HPP
B46-S-Night;303672;MALCOLM X BLVD/FULTON ST;-73.929;40.679421;20;30.0;Night;Car;HPP
B46-S-Night;303673;UTICA AV/ATLANTIC AV;-73.930372;40.677591;21;30.0;Night;Car;HPP
B46-S-Night;308568;UTICA AV/DEAN ST;-73.930581;40.676011;22;30.0;Night;Car;HPP
B46-S-Night;303676;UTICA AV/PROSPECT PL;-73.93081;40.672944;23;30.0;Night;Car;HPP
B46-S-Night;307373;UTICA AV/SAINT JOHNS PL;-73.931072;40.670219;24;30.0;Night;Car;HPP
B46-S-Night;307026;UTICA AV/EASTERN PKWY;-73.931297;40.667945;25;30.0;Night;Car;HPP
B46-S-Night;307027;UTICA AV/CARROLL ST;-73.931523;40.665808;26;30.0;Night;Car;HPP
B46-S-Night;306304;UTICA AV/EMPIRE BLVD;-73.93172;40.663714;27;30.0;Night;Car;HPP
B46-S-Night;306479;UTICA AV/EAST NEW YORK AV;-73.931689;40.662841;28;30.0;Night;Car;HPP
B46-S-Night;303682;UTICA AV/MIDWOOD ST;-73.9315;40.661062;29;30.0;Night;Car;HPP
B46-S-Night;303683;UTICA AV/WINTHROP ST;-73.931185;40.658046;30;30.0;Night;Car;HPP
B46-S-Night;303685;UTICA AV/LENOX RD;-73.930853;40.655001;31;30.0;Night;Car;HPP
B46-S-Night;303686;UTICA AV/LINDEN BLVD;-73.930689;40.653456;32;30.0;Night;Car;HPP
B46-S-Night;308800;UTICA AV/CHURCH AV;-73.930412;40.650968;33;30.0;Night;Car;HPP
B46-S-Night;303688;UTICA AV/SNYDER AV;-73.930293;40.649786;34;30.0;Night;Car;HPP
B46-S-Night;308777;UTICA AV/TILDEN AV;-73.930095;40.648249;35;30.0;Night;Car;HPP
B46-S-Night;303690;UTICA AV/BEVERLY RD;-73.929893;40.646023;36;30.0;Night;Car;HPP
B46-S-Night;303691;UTICA AV/CLARENDON RD;-73.929686;40.644096;37;30.0;Night;Car;HPP
B46-S-Night;303692;UTICA AV/AVENUE D;-73.929433;40.641719;38;30.0;Night;Car;HPP
B46-S-Night;303693;UTICA AV/FOSTER AV;-73.92924;40.63989;39;30.0;Night;Car;HPP
B46-S-Night;308036;UTICA AV/FARRAGUT RD;-73.928955;40.637187;40;30.0;Night;Car;HPP
B46-S-Night;303695;UTICA AV/GLENWOOD RD;-73.928705;40.634834;41;30.0;Night;Car;HPP
B46-S-Night;303696;UTICA AV/AVENUE H;-73.928456;40.632523;42;30.0;Night;Car;HPP
B46-S-Night;303697;UTICA AV/AVENUE I;-73.928188;40.630083;43;30.0;Night;Car;HPP
B46-S-Night;303698;UTICA AV/AVENUE J;-73.927946;40.627782;44;30.0;Night;Car;HPP
B46-S-Night;303699;UTICA AV/FLATLANDS AV;-73.927785;40.626322;45;30.0;Night;Car;HPP
B46-S-Night;303700;UTICA AV/AVENUE L;-73.927453;40.623182;46;30.0;Night;Car;HPP
B46-S-Night;303701;UTICA AV/AVENUE M;-73.927222;40.621044;47;30.0;Night;Car;HPP
B46-S-Night;303702;UTICA AV/AVENUE N;-73.926961;40.618576;48;30.0;Night;Car;HPP
B46-S-Night;303704;UTICA AV/FILLMORE AV;-73.926533;40.614579;50;30.0;Night;Car;HPP
B46-S-Night;307089;UTICA AV/FLATBUSH AV;-73.926412;40.61344;51;30.0;Night;Car;HPP
B46-S-Night;307636;FLATBUSH AV/AVENUE T;-73.924426;40.611273;52;30.0;Night;Car;HPP
B46-S-Night;901093;KINGS PLAZA;-73.921443;40.60914;53;30.0;Night;Car;HPP
B46-S-RushHour;307919;WILLIAMSBURG BRIDGE PLAZA/LANE 4;-73.959348;40.709327;1;30.0;Rush Hour;Car;HPP
B46-S-RushHour;302293;BROADWAY/MARCY AV;-73.957591;40.708202;2;30.0;Rush Hour;Car;HPP
B46-S-RushHour;303170;BROADWAY/HOOPER ST;-73.954114;40.707047;3;30.0;Rush Hour;Car;HPP
B46-S-RushHour;303172;BROADWAY/HEYWARD ST;-73.950443;40.705477;4;30.0;Rush Hour;Car;HPP
B46-S-RushHour;303173;BROADWAY/LORIMER ST;-73.948057;40.704136;5;30.0;Rush Hour;Car;HPP
B46-S-RushHour;303175;BROADWAY/GERRY ST;-73.945111;40.702496;6;30.0;Rush Hour;Car;HPP
B46-S-RushHour;303657;BROADWAY/THORNTON ST;-73.943215;40.701436;7;30.0;Rush Hour;Car;HPP
B46-S-RushHour;303658;BROADWAY/FLUSHING AV;-73.941297;40.700269;8;30.0;Rush Hour;Car;HPP
B46-S-RushHour;303178;BROADWAY/PARK AV;-73.93836;40.698656;9;30.0;Rush Hour;Car;HPP
B46-S-RushHour;303660;BROADWAY/MYRTLE AV;-73.934859;40.696666;10;30.0;Rush Hour;Car;HPP
B46-S-RushHour;303180;BROADWAY/WILLOUGHBY AV;-73.932806;40.695515;11;30.0;Rush Hour;Car;HPP
B46-S-RushHour;303662;BROADWAY/MALCOLM X BLVD;-73.931519;40.694796;12;30.0;Rush Hour;Car;HPP
B46-S-RushHour;303663;MALCOLM X BLVD/DE KALB AV;-73.931178;40.693112;13;30.0;Rush Hour;Car;HPP
B46-S-RushHour;303664;MALCOLM X BLVD/LAFAYETTE AV;-73.930931;40.691897;14;30.0;Rush Hour;Car;HPP
B46-S-RushHour;303665;MALCOLM X BLVD/GREENE AV;-73.930636;40.690434;15;30.0;Rush Hour;Car;HPP
B46-S-RushHour;303666;MALCOLM X BLVD/QUINCY ST;-73.930342;40.688948;16;30.0;Rush Hour;Car;HPP
B46-S-RushHour;303667;MALCOLM X BLVD/MADISON ST;-73.929908;40.686785;17;30.0;Rush Hour;Car;HPP
B46-S-RushHour;307728;MALCOLM X BLVD/HALSEY ST;-73.929334;40.683867;18;30.0;Rush Hour;Car;HPP
B46-S-RushHour;303670;MALCOLM X BLVD/DECATUR ST;-73.928886;40.681627;19;30.0;Rush Hour;Car;HPP
B46-S-RushHour;303672;MALCOLM X BLVD/FULTON ST;-73.929;40.679421;20;30.0;Rush Hour;Car;HPP
B46-S-RushHour;303673;UTICA AV/ATLANTIC AV;-73.930372;40.677591;21;30.0;Rush Hour;Car;HPP
B46-S-RushHour;308568;UTICA AV/DEAN ST;-73.930581;40.676011;22;30.0;Rush Hour;Car;HPP
B46-S-RushHour;303676;UTICA AV/PROSPECT PL;-73.93081;40.672944;23;30.0;Rush Hour;Car;HPP
B46-S-RushHour;307373;UTICA AV/SAINT JOHNS PL;-73.931072;40.670219;24;30.0;Rush Hour;Car;HPP
B46-S-RushHour;307026;UTICA AV/EASTERN PKWY;-73.931297;40.667945;25;30.0;Rush Hour;Car;HPP
B46-S-RushHour;307027;UTICA AV/CARROLL ST;-73.931523;40.665808;26;30.0;Rush Hour;Car;HPP
B46-S-RushHour;306304;UTICA AV/EMPIRE BLVD;-73.93172;40.663714;27;30.0;Rush Hour;Car;HPP
B46-S-RushHour;306479;UTICA AV/EAST NEW YORK AV;-73.931689;40.662841;28;30.0;Rush Hour;Car;HPP
B46-S-RushHour;303682;UTICA AV/MIDWOOD ST;-73.9315;40.661062;29;30.0;Rush Hour;Car;HPP
B46-S-RushHour;303683;UTICA AV/WINTHROP ST;-73.931185;40.658046;30;30.0;Rush Hour;Car;HPP
B46-S-RushHour;303685;UTICA AV/LENOX RD;-73.930853;40.655001;31;30.0;Rush Hour;Car;HPP
B46-S-RushHour;303686;UTICA AV/LINDEN BLVD;-73.930689;40.653456;32;30.0;Rush Hour;Car;HPP
B46-S-RushHour;308800;UTICA AV/CHURCH AV;-73.930412;40.650968;33;30.0;Rush Hour;Car;HPP
B46-S-RushHour;303688;UTICA AV/SNYDER AV;-73.930293;40.649786;34;30.0;Rush Hour;Car;HPP
B46-S-RushHour;308777;UTICA AV/TILDEN AV;-73.930095;40.648249;35;30.0;Rush Hour;Car;HPP
B46-S-RushHour;303690;UTICA AV/BEVERLY RD;-73.929893;40.646023;36;30.0;Rush Hour;Car;HPP
B46-S-RushHour;303691;UTICA AV/CLARENDON RD;-73.929686;40.644096;37;30.0;Rush Hour;Car;HPP
B46-S-RushHour;303692;UTICA AV/AVENUE D;-73.929433;40.641719;38;30.0;Rush Hour;Car;HPP
B46-S-RushHour;303693;UTICA AV/FOSTER AV;-73.92924;40.63989;39;30.0;Rush Hour;Car;HPP
B46-S-RushHour;308036;UTICA AV/FARRAGUT RD;-73.928955;40.637187;40;30.0;Rush Hour;Car;HPP
B46-S-RushHour;303695;UTICA AV/GLENWOOD RD;-73.928705;40.634834;41;30.0;Rush Hour;Car;HPP
B46-S-RushHour;303696;UTICA AV/AVENUE H;-73.928456;40.632523;42;30.0;Rush Hour;Car;HPP
B46-S-RushHour;303697;UTICA AV/AVENUE I;-73.928188;40.630083;43;30.0;Rush Hour;Car;HPP
B46-S-RushHour;303698;UTICA AV/AVENUE J;-73.927946;40.627782;44;30.0;Rush Hour;Car;HPP
B46-S-RushHour;303699;UTICA AV/FLATLANDS AV;-73.927785;40.626322;45;30.0;Rush Hour;Car;HPP
B46-S-RushHour;303700;UTICA AV/AVENUE L;-73.927453;40.623182;46;30.0;Rush Hour;Car;HPP
B46-S-RushHour;303701;UTICA AV/AVENUE M;-73.927222;40.621044;47;30.0;Rush Hour;Car;HPP
B46-S-RushHour;303702;UTICA AV/AVENUE N;-73.926961;40.618576;48;30.0;Rush Hour;Car;HPP
B46-S-RushHour;303703;UTICA AV/AVENUE O;-73.926762;40.616723;49;30.0;Rush Hour;Car;HPP
B46-S-RushHour;303704;UTICA AV/FILLMORE AV;-73.926533;40.614579;50;30.0;Rush Hour;Car;HPP
B46-S-RushHour;307089;UTICA AV/FLATBUSH AV;-73.926412;40.61344;51;30.0;Rush Hour;Car;HPP
B46-S-RushHour;307636;FLATBUSH AV/AVENUE T;-73.924426;40.611273;52;30.0;Rush Hour;Car;HPP
B46-S-RushHour;901093;KINGS PLAZA;-73.921443;40.60914;53;30.0;Rush Hour;Car;HPP
BX12-E-Night;402611;BROADWAY/ISHAM ST;-73.919801;40.868072;1;30.0;Night;Car;HPP
BX12-E-Night;404165;W 207 ST/10 AV;-73.918515;40.864244;2;30.0;Night;Car;HPP
BX12-E-Night;103947;WEST FORDHAM RD/CEDAR AV;-73.911486;40.861666;3;30.0;Night;Car;HPP
BX12-E-Night;103051;WEST FORDHAM RD/SEDGWICK AV;-73.908471;40.86274;4;30.0;Night;Car;HPP
BX12-E-Night;100796;WEST FORDHAM RD/UNIVERSITY AV;-73.904256;40.862703;5;30.0;Night;Car;HPP
BX12-E-Night;104328;WEST FORDHAM RD/JEROME AV;-73.901377;40.862736;6;30.0;Night;Car;HPP
BX12-E-Night;100798;EAST FORDHAM RD/GRAND CONCOURSE;-73.897565;40.862394;7;30.0;Night;Car;HPP
BX12-E-Night;100799;EAST FORDHAM RD/VALENTINE AV;-73.89601;40.862236;8;30.0;Night;Car;HPP
BX12-E-Night;104240;EAST FORDHAM RD/ELM PL;-73.893921;40.861917;9;30.0;Night;Car;HPP
BX12-E-Night;104015;EAST FORDHAM RD/3 AV;-73.890431;40.861137;10;30.0;Night;Car;HPP
BX12-E-Night;100636;EAST FORDHAM RD/BATHGATE AV;-73.887654;40.859601;11;30.0;Night;Car;HPP
BX12-E-Night;103540;EAST FORDHAM RD/HOFFMAN ST;-73.885659;40.858624;12;30.0;Night;Car;HPP
BX12-E-Night;104080;EAST FORDHAM RD/CAMBRELENG AV;-73.882903;40.857651;13;30.0;Night;Car;HPP
BX12-E-Night;100807;EAST FORDHAM RD/SOUTHERN BLVD;-73.880146;40.856465;14;30.0;Night;Car;HPP
BX12-E-Night;100808;PELHAM PKWY/WHITE PLAINS RD;-73.867834;40.856715;15;30.0;Night;Car;HPP
BX12-E-Night;100809;PELHAM PKWY/MULINER AV;-73.861761;40.856878;16;30.0;Night;Car;HPP
BX12-E-Night;100811;PELHAM PKWY/WILLIAMSBRIDGE RD;-73.85623;40.857026;18;30.0;Night;Car;HPP
BX12-E-Night;103151;PELHAM PKWY/JACOBI HOSP;-73.847392;40.85741;20;30.0;Night;Car;HPP
BX12-E-Night;100317;PELHAM PKWY/EASTCHESTER RD;-73.843935;40.857271;21;30.0;Night;Car;HPP
BX12-E-Night;100318;PELHAM PKWY/STILLWELL AV;-73.838814;40.856475;22;30.0;Night;Car;HPP
BX12-E-Night;100319;PELHAM PKWY/ST PAUL AV;-73.830704;40.855472;23;30.0;Night;Car;HPP
BX12-E-Night;902212;WESTCHESTER AV/BRUCKNER BLVD;-73.826752;40.853265;24;30.0;Night;Car;HPP
BX12-E-Night;104081;BAYCHESTER AV/NEW ENGLAND THRUWAY EXIT;-73.830818;40.866449;25;30.0;Night;Car;HPP
BX12-E-Night;902058;MALL/BAY PLAZA;-73.827623;40.865666;26;30.0;Night;Car;HPP
BX12-W-Night;802025;BAY PLAZA BLVD/J C PENNY;-73.827298;40.865989;1;30.0;Night;Car;HPP
BX12-W-Night;103795;BAY PLAZA BLVD/CO-OP CITY BLVD;-73.827849;40.866795;2;30.0;Night;Car;HPP
BX12-W-Night;101739;BARTOW AV/CO-OP CITY BLVD;-73.828714;40.869598;3;30.0;Night;Car;HPP
BX12-W-Night;103255;EDSON AV/BARTOW AV;-73.833072;40.868062;4;30.0;Night;Car;HPP
BX12-W-Night;103945;AMENDOLA PL/WILKINSON AV;-73.827201;40.851782;5;30.0;Night;Car;HPP
BX12-W-Night;103028;PELHAM PKWY/STILLWELL AV;-73.836552;40.856696;8;30.0;Night;Car;HPP
BX12-W-Night;100304;PELHAM PKWY/EASTCHESTER RD;-73.844305;40.857836;9;30.0;Night;Car;HPP
BX12-W-Night;100306;PELHAM PKWY/THROOP AV;-73.851524;40.858026;11;30.0;Night;Car;HPP
BX12-W-Night;100840;PELHAM PKWY/WILLIAMSBRIDGE RD;-73.856642;40.857548;12;30.0;Night;Car;HPP
BX12-W-Night;100842;PELHAM PKWY/WHITE PLAINS RD;-73.867321;40.857292;14;30.0;Night;Car;HPP
BX12-W-Night;100843;EAST FORDHAM RD/SOUTHERN BLVD;-73.880492;40.85731;15;30.0;Night;Car;HPP
BX12-W-Night;103697;EAST FORDHAM RD/HOFFMAN ST;-73.88576;40.85887;17;30.0;Night;Car;HPP
BX12-W-Night;104235;EAST FORDHAM RD/VALENTINE AV;-73.895647;40.862237;20;30.0;Night;Car;HPP
BX12-W-Night;100850;E FORDHAM RD/E 190 ST;-73.897854;40.862426;21;30.0;Night;Car;HPP
BX12-W-Night;100851;E FORDHAM RD/JEROME AV;-73.900802;40.862689;22;30.0;Night;Car;HPP
BX12-W-Night;104226;WEST FORDHAM RD/UNIVERSITY AV;-73.905143;40.862773;23;30.0;Night;Car;HPP
BX12-W-Night;404170;W 207 ST/10 AV;-73.918721;40.864421;26;30.0;Night;Car;HPP
BX12-W-Night;404144;BROADWAY/W 207 ST;-73.920569;40.867837;27;30.0;Night;Car;HPP
BX19-N-Day;803195;RIVERBANK STATE PARK RDWY/RIVERBANK STATE PARK;-73.955503;40.826647;1;30.0;Day Busses;Car;HPP
BX19-N-Day;404022;W 145 ST/RIVERSIDE DR;-73.95165;40.826817;2;30.0;Day Busses;Car;HPP
BX19-N-Day;403681;W 145 ST/BROADWAY;-73.950148;40.826198;3;30.0;Day Busses;Car;HPP
BX19-N-Day;403682;W 145 ST/AMSTERDAM AV;-73.947941;40.825272;4;30.0;Day Busses;Car;HPP
BX19-N-Day;403683;W 145 ST/CONVENT AV;-73.946395;40.824621;5;30.0;Day Busses;Car;HPP
BX19-N-Day;403684;W 145 ST/SAINT NICHOLAS AV;-73.944964;40.82402;6;30.0;Day Busses;Car;HPP
BX19-N-Day;403686;W 145 ST/FREDERICK DOUGLASS BLVD;-73.941493;40.822558;7;30.0;Day Busses;Car;HPP
BX19-N-Day;403687;W 145 ST/ADAM C POWELL BLVD;-73.939352;40.821648;8;30.0;Day Busses;Car;HPP
BX19-N-Day;403688;W 145 ST/MALCOLM X BLVD;-73.93639;40.820444;9;30.0;Day Busses;Car;HPP
BX19-N-Day;101306;E 149 ST/EXTERIOR ST;-73.930052;40.819235;10;30.0;Day Busses;Car;HPP
BX19-N-Day;101307;E 149 ST/GRAND CONCOURSE;-73.926861;40.818377;11;30.0;Day Busses;Car;HPP
BX19-N-Day;101309;E 149 ST/MORRIS AV;-73.922383;40.817178;12;30.0;Day Busses;Car;HPP
BX19-N-Day;101310;E 149 ST/COURTLANDT AV;-73.919779;40.816543;13;30.0;Day Busses;Car;HPP
BX19-N-Day;103748;E 149 ST/BERGEN AV;-73.916991;40.815686;14;30.0;Day Busses;Car;HPP
BX19-N-Day;101313;E 149 ST/SAINT ANN'S AV;-73.912863;40.814223;15;30.0;Day Busses;Car;HPP
BX19-N-Day;101314;E 149 ST/TRINITY AV;-73.910157;40.81342;16;30.0;Day Busses;Car;HPP
BX19-N-Day;101315;E 149 ST/JACKSON AV;-73.908684;40.813105;17;30.0;Day Busses;Car;HPP
BX19-N-Day;101316;E 149 ST/WALES AV;-73.907136;40.812779;18;30.0;Day Busses;Car;HPP
BX19-N-Day;101318;SOUTHERN BLVD/E 149 ST;-73.903625;40.812179;19;30.0;Day Busses;Car;HPP
BX19-N-Day;104099;SOUTHERN BLVD/AV SAINT JOHN;-73.900976;40.812932;20;30.0;Day Busses;Car;HPP
BX19-N-Day;101320;SOUTHERN BLVD/E 156 ST;-73.897299;40.815124;21;30.0;Day Busses;Car;HPP
BX19-N-Day;101321;SOUTHERN BLVD/LONGWOOD AV;-73.895833;40.816536;22;30.0;Day Busses;Car;HPP
BX19-N-Day;101322;SOUTHERN BLVD/TIFFANY ST;-73.893764;40.818544;23;30.0;Day Busses;Car;HPP
BX19-N-Day;103507;SOUTHERN BLVD/HUNTS POINT AV;-73.891607;40.82082;24;30.0;Day Busses;Car;HPP
BX19-N-Day;101324;SOUTHERN BLVD/ALDUS ST;-73.891755;40.823173;25;30.0;Day Busses;Car;HPP
BX19-N-Day;101359;SOUTHERN BLVD/WESTCHESTER AV;-73.891857;40.824545;26;30.0;Day Busses;Car;HPP
BX19-N-Day;101327;SOUTHERN BLVD/E 167 ST;-73.891876;40.827187;27;30.0;Day Busses;Car;HPP
BX19-N-Day;101328;SOUTHERN BLVD/FREEMAN ST;-73.891826;40.830046;28;30.0;Day Busses;Car;HPP
BX19-N-Day;101329;SOUTHERN BLVD/JENNINGS ST;-73.890706;40.832286;29;30.0;Day Busses;Car;HPP
BX19-N-Day;101330;SOUTHERN BLVD/E 172 ST;-73.889728;40.833943;30;30.0;Day Busses;Car;HPP
BX19-N-Day;101332;SOUTHERN BLVD/BOSTON RD;-73.88775;40.8372;31;30.0;Day Busses;Car;HPP
BX19-N-Day;103611;SOUTHERN BLVD/E 176 ST;-73.885907;40.84079;32;30.0;Day Busses;Car;HPP
BX19-N-Day;101335;SOUTHERN BLVD/EAST TREMONT AV;-73.885462;40.843057;33;30.0;Day Busses;Car;HPP
BX19-N-Day;101337;SOUTHERN BLVD/E 180 ST;-73.884446;40.845823;34;30.0;Day Busses;Car;HPP
BX19-N-Day;100561;SOUTHERN BLVD/BRONX PARK SOUTH;-73.883127;40.847688;35;30.0;Day Busses;Car;HPP
BX19-N-Day;100562;SOUTHERN BLVD/E 183 ST;-73.88217;40.851175;36;30.0;Day Busses;Car;HPP
BX19-N-Day;100563;SOUTHERN BLVD/E 187 ST;-73.881577;40.853214;37;30.0;Day Busses;Car;HPP
BX19-N-Day;100564;SOUTHERN BLVD/E 189 ST;-73.880682;40.856408;38;30.0;Day Busses;Car;HPP
BX19-N-Day;902030;SOUTHERN BLVD/BOTANICAL GARDENS;-73.880674;40.861203;39;30.0;Day Busses;Car;HPP
BX19-N-Evening;803195;RIVERBANK STATE PARK RDWY/RIVERBANK STATE PARK;-73.955503;40.826647;1;30.0;Evening Busses;Car;HPP
BX19-N-Evening;404022;W 145 ST/RIVERSIDE DR;-73.95165;40.826817;2;30.0;Evening Busses;Car;HPP
BX19-N-Evening;403681;W 145 ST/BROADWAY;-73.950148;40.826198;3;30.0;Evening Busses;Car;HPP
BX19-N-Evening;403682;W 145 ST/AMSTERDAM AV;-73.947941;40.825272;4;30.0;Evening Busses;Car;HPP
BX19-N-Evening;403683;W 145 ST/CONVENT AV;-73.946395;40.824621;5;30.0;Evening Busses;Car;HPP
BX19-N-Evening;403684;W 145 ST/SAINT NICHOLAS AV;-73.944964;40.82402;6;30.0;Evening Busses;Car;HPP
BX19-N-Evening;403686;W 145 ST/FREDERICK DOUGLASS BLVD;-73.941493;40.822558;7;30.0;Evening Busses;Car;HPP
BX19-N-Evening;403687;W 145 ST/ADAM C POWELL BLVD;-73.939352;40.821648;8;30.0;Evening Busses;Car;HPP
BX19-N-Evening;403688;W 145 ST/MALCOLM X BLVD;-73.93639;40.820444;9;30.0;Evening Busses;Car;HPP
BX19-N-Evening;101306;E 149 ST/EXTERIOR ST;-73.930052;40.819235;10;30.0;Evening Busses;Car;HPP
BX19-N-Evening;101307;E 149 ST/GRAND CONCOURSE;-73.926861;40.818377;11;30.0;Evening Busses;Car;HPP
BX19-N-Evening;101309;E 149 ST/MORRIS AV;-73.922383;40.817178;12;30.0;Evening Busses;Car;HPP
BX19-N-Evening;101310;E 149 ST/COURTLANDT AV;-73.919779;40.816543;13;30.0;Evening Busses;Car;HPP
BX19-N-Evening;103748;E 149 ST/BERGEN AV;-73.916991;40.815686;14;30.0;Evening Busses;Car;HPP
BX19-N-Evening;101313;E 149 ST/SAINT ANN'S AV;-73.912863;40.814223;15;30.0;Evening Busses;Car;HPP
BX19-N-Evening;101314;E 149 ST/TRINITY AV;-73.910157;40.81342;16;30.0;Evening Busses;Car;HPP
BX19-N-Evening;101315;E 149 ST/JACKSON AV;-73.908684;40.813105;17;30.0;Evening Busses;Car;HPP
BX19-N-Evening;101316;E 149 ST/WALES AV;-73.907136;40.812779;18;30.0;Evening Busses;Car;HPP
BX19-N-Evening;101318;SOUTHERN BLVD/E 149 ST;-73.903625;40.812179;19;30.0;Evening Busses;Car;HPP
BX19-N-Evening;104099;SOUTHERN BLVD/AV SAINT JOHN;-73.900976;40.812932;20;30.0;Evening Busses;Car;HPP
BX19-N-Evening;101320;SOUTHERN BLVD/E 156 ST;-73.897299;40.815124;21;30.0;Evening Busses;Car;HPP
BX19-N-Evening;101321;SOUTHERN BLVD/LONGWOOD AV;-73.895833;40.816536;22;30.0;Evening Busses;Car;HPP
BX19-N-Evening;101322;SOUTHERN BLVD/TIFFANY ST;-73.893764;40.818544;23;30.0;Evening Busses;Car;HPP
BX19-N-Evening;103507;SOUTHERN BLVD/HUNTS POINT AV;-73.891607;40.82082;24;30.0;Evening Busses;Car;HPP
BX19-N-Evening;101324;SOUTHERN BLVD/ALDUS ST;-73.891755;40.823173;25;30.0;Evening Busses;Car;HPP
BX19-N-Evening;101359;SOUTHERN BLVD/WESTCHESTER AV;-73.891857;40.824545;26;30.0;Evening Busses;Car;HPP
BX19-N-Evening;101327;SOUTHERN BLVD/E 167 ST;-73.891876;40.827187;27;30.0;Evening Busses;Car;HPP
BX19-N-Evening;101328;SOUTHERN BLVD/FREEMAN ST;-73.891826;40.830046;28;30.0;Evening Busses;Car;HPP
BX19-N-Evening;101329;SOUTHERN BLVD/JENNINGS ST;-73.890706;40.832286;29;30.0;Evening Busses;Car;HPP
BX19-N-Evening;101330;SOUTHERN BLVD/E 172 ST;-73.889728;40.833943;30;30.0;Evening Busses;Car;HPP
BX19-N-Evening;101332;SOUTHERN BLVD/BOSTON RD;-73.88775;40.8372;31;30.0;Evening Busses;Car;HPP
BX19-N-Evening;103611;SOUTHERN BLVD/E 176 ST;-73.885907;40.84079;32;30.0;Evening Busses;Car;HPP
BX19-N-Evening;101335;SOUTHERN BLVD/EAST TREMONT AV;-73.885462;40.843057;33;30.0;Evening Busses;Car;HPP
BX19-N-Evening;101337;SOUTHERN BLVD/E 180 ST;-73.884446;40.845823;34;30.0;Evening Busses;Car;HPP
BX19-N-Evening;100561;SOUTHERN BLVD/BRONX PARK SOUTH;-73.883127;40.847688;35;30.0;Evening Busses;Car;HPP
BX19-N-Evening;100562;SOUTHERN BLVD/E 183 ST;-73.88217;40.851175;36;30.0;Evening Busses;Car;HPP
BX19-N-Evening;100563;SOUTHERN BLVD/E 187 ST;-73.881577;40.853214;37;30.0;Evening Busses;Car;HPP
BX19-N-Evening;100564;SOUTHERN BLVD/E 189 ST;-73.880682;40.856408;38;30.0;Evening Busses;Car;HPP
BX19-N-Evening;902030;SOUTHERN BLVD/BOTANICAL GARDENS;-73.880674;40.861203;39;30.0;Evening Busses;Car;HPP
BX19-N-Morning;803195;RIVERBANK STATE PARK RDWY/RIVERBANK STATE PARK;-73.955503;40.826647;1;30.0;Morning;Car;HPP
BX19-N-Morning;404022;W 145 ST/RIVERSIDE DR;-73.95165;40.826817;2;30.0;Morning;Car;HPP
BX19-N-Morning;403681;W 145 ST/BROADWAY;-73.950148;40.826198;3;30.0;Morning;Car;HPP
BX19-N-Morning;403682;W 145 ST/AMSTERDAM AV;-73.947941;40.825272;4;30.0;Morning;Car;HPP
BX19-N-Morning;403683;W 145 ST/CONVENT AV;-73.946395;40.824621;5;30.0;Morning;Car;HPP
BX19-N-Morning;403684;W 145 ST/SAINT NICHOLAS AV;-73.944964;40.82402;6;30.0;Morning;Car;HPP
BX19-N-Morning;403686;W 145 ST/FREDERICK DOUGLASS BLVD;-73.941493;40.822558;7;30.0;Morning;Car;HPP
BX19-N-Morning;403687;W 145 ST/ADAM C POWELL BLVD;-73.939352;40.821648;8;30.0;Morning;Car;HPP
BX19-N-Morning;403688;W 145 ST/MALCOLM X BLVD;-73.93639;40.820444;9;30.0;Morning;Car;HPP
BX19-N-Morning;101306;E 149 ST/EXTERIOR ST;-73.930052;40.819235;10;30.0;Morning;Car;HPP
BX19-N-Morning;101307;E 149 ST/GRAND CONCOURSE;-73.926861;40.818377;11;30.0;Morning;Car;HPP
BX19-N-Morning;101309;E 149 ST/MORRIS AV;-73.922383;40.817178;12;30.0;Morning;Car;HPP
BX19-N-Morning;101310;E 149 ST/COURTLANDT AV;-73.919779;40.816543;13;30.0;Morning;Car;HPP
BX19-N-Morning;103748;E 149 ST/BERGEN AV;-73.916991;40.815686;14;30.0;Morning;Car;HPP
BX19-N-Morning;101313;E 149 ST/SAINT ANN'S AV;-73.912863;40.814223;15;30.0;Morning;Car;HPP
BX19-N-Morning;101314;E 149 ST/TRINITY AV;-73.910157;40.81342;16;30.0;Morning;Car;HPP
BX19-N-Morning;101315;E 149 ST/JACKSON AV;-73.908684;40.813105;17;30.0;Morning;Car;HPP
BX19-N-Morning;101316;E 149 ST/WALES AV;-73.907136;40.812779;18;30.0;Morning;Car;HPP
BX19-N-Morning;101318;SOUTHERN BLVD/E 149 ST;-73.903625;40.812179;19;30.0;Morning;Car;HPP
BX19-N-Morning;104099;SOUTHERN BLVD/AV SAINT JOHN;-73.900976;40.812932;20;30.0;Morning;Car;HPP
BX19-N-Morning;101320;SOUTHERN BLVD/E 156 ST;-73.897299;40.815124;21;30.0;Morning;Car;HPP
BX19-N-Morning;101321;SOUTHERN BLVD/LONGWOOD AV;-73.895833;40.816536;22;30.0;Morning;Car;HPP
BX19-N-Morning;101322;SOUTHERN BLVD/TIFFANY ST;-73.893764;40.818544;23;30.0;Morning;Car;HPP
BX19-N-Morning;103507;SOUTHERN BLVD/HUNTS POINT AV;-73.891607;40.82082;24;30.0;Morning;Car;HPP
BX19-N-Morning;101324;SOUTHERN BLVD/ALDUS ST;-73.891755;40.823173;25;30.0;Morning;Car;HPP
BX19-N-Morning;101359;SOUTHERN BLVD/WESTCHESTER AV;-73.891857;40.824545;26;30.0;Morning;Car;HPP
BX19-N-Morning;101327;SOUTHERN BLVD/E 167 ST;-73.891876;40.827187;27;30.0;Morning;Car;HPP
BX19-N-Morning;101328;SOUTHERN BLVD/FREEMAN ST;-73.891826;40.830046;28;30.0;Morning;Car;HPP
BX19-N-Morning;101329;SOUTHERN BLVD/JENNINGS ST;-73.890706;40.832286;29;30.0;Morning;Car;HPP
BX19-N-Morning;101330;SOUTHERN BLVD/E 172 ST;-73.889728;40.833943;30;30.0;Morning;Car;HPP
BX19-N-Morning;101332;SOUTHERN BLVD/BOSTON RD;-73.88775;40.8372;31;30.0;Morning;Car;HPP
BX19-N-Morning;103611;SOUTHERN BLVD/E 176 ST;-73.885907;40.84079;32;30.0;Morning;Car;HPP
BX19-N-Morning;101335;SOUTHERN BLVD/EAST TREMONT AV;-73.885462;40.843057;33;30.0;Morning;Car;HPP
BX19-N-Morning;101337;SOUTHERN BLVD/E 180 ST;-73.884446;40.845823;34;30.0;Morning;Car;HPP
BX19-N-Morning;100561;SOUTHERN BLVD/BRONX PARK SOUTH;-73.883127;40.847688;35;30.0;Morning;Car;HPP
BX19-N-Morning;100562;SOUTHERN BLVD/E 183 ST;-73.88217;40.851175;36;30.0;Morning;Car;HPP
BX19-N-Morning;100563;SOUTHERN BLVD/E 187 ST;-73.881577;40.853214;37;30.0;Morning;Car;HPP
BX19-N-Morning;100564;SOUTHERN BLVD/E 189 ST;-73.880682;40.856408;38;30.0;Morning;Car;HPP
BX19-N-Morning;902030;SOUTHERN BLVD/BOTANICAL GARDENS;-73.880674;40.861203;39;30.0;Morning;Car;HPP
BX19-N-Night;403686;W 145 ST/FREDERICK DOUGLASS BLVD;-73.941493;40.822558;5;30.0;Night;Car;HPP
BX19-N-Night;403687;W 145 ST/ADAM C POWELL BLVD;-73.939352;40.821648;6;30.0;Night;Car;HPP
BX19-N-Night;403688;W 145 ST/MALCOLM X BLVD;-73.93639;40.820444;7;30.0;Night;Car;HPP
BX19-N-Night;101306;E 149 ST/EXTERIOR ST;-73.930052;40.819235;8;30.0;Night;Car;HPP
BX19-N-Night;101307;E 149 ST/GRAND CONCOURSE;-73.926861;40.818377;9;30.0;Night;Car;HPP
BX19-N-Night;902030;SOUTHERN BLVD/BOTANICAL GARDENS;-73.880674;40.861203;9;30.0;Night;Car;HPP
BX19-N-Night;101309;E 149 ST/MORRIS AV;-73.922383;40.817178;10;30.0;Night;Car;HPP
BX19-N-Night;101310;E 149 ST/COURTLANDT AV;-73.919779;40.816543;11;30.0;Night;Car;HPP
BX19-N-Night;103748;E 149 ST/BERGEN AV;-73.916991;40.815686;12;30.0;Night;Car;HPP
BX19-N-Night;101313;E 149 ST/SAINT ANN'S AV;-73.912863;40.814223;13;30.0;Night;Car;HPP
BX19-N-Night;101314;E 149 ST/TRINITY AV;-73.910157;40.81342;14;30.0;Night;Car;HPP
BX19-N-Night;101315;E 149 ST/JACKSON AV;-73.908684;40.813105;15;30.0;Night;Car;HPP
BX19-N-Night;101318;SOUTHERN BLVD/E 149 ST;-73.903625;40.812179;17;30.0;Night;Car;HPP
BX19-N-Night;104099;SOUTHERN BLVD/AV SAINT JOHN;-73.900976;40.812932;18;30.0;Night;Car;HPP
BX19-N-Night;103507;SOUTHERN BLVD/HUNTS POINT AV;-73.891607;40.82082;22;30.0;Night;Car;HPP
BX19-N-Night;101324;SOUTHERN BLVD/ALDUS ST;-73.891755;40.823173;23;30.0;Night;Car;HPP
BX19-N-Night;101359;SOUTHERN BLVD/WESTCHESTER AV;-73.891857;40.824545;24;30.0;Night;Car;HPP
BX19-N-Night;101327;SOUTHERN BLVD/E 167 ST;-73.891876;40.827187;25;30.0;Night;Car;HPP
BX19-N-Night;101328;SOUTHERN BLVD/FREEMAN ST;-73.891826;40.830046;26;30.0;Night;Car;HPP
BX19-N-Night;101329;SOUTHERN BLVD/JENNINGS ST;-73.890706;40.832286;27;30.0;Night;Car;HPP
BX19-N-Night;101330;SOUTHERN BLVD/E 172 ST;-73.889728;40.833943;28;30.0;Night;Car;HPP
BX19-N-Night;101332;SOUTHERN BLVD/BOSTON RD;-73.88775;40.8372;29;30.0;Night;Car;HPP
BX19-N-Night;101335;SOUTHERN BLVD/EAST TREMONT AV;-73.885462;40.843057;31;30.0;Night;Car;HPP
BX19-N-Night;101337;SOUTHERN BLVD/E 180 ST;-73.884446;40.845823;32;30.0;Night;Car;HPP
BX19-N-RushHour;803195;RIVERBANK STATE PARK RDWY/RIVERBANK STATE PARK;-73.955503;40.826647;1;30.0;Rush Hour;Car;HPP
BX19-N-RushHour;404022;W 145 ST/RIVERSIDE DR;-73.95165;40.826817;2;30.0;Rush Hour;Car;HPP
BX19-N-RushHour;403681;W 145 ST/BROADWAY;-73.950148;40.826198;3;30.0;Rush Hour;Car;HPP
BX19-N-RushHour;403682;W 145 ST/AMSTERDAM AV;-73.947941;40.825272;4;30.0;Rush Hour;Car;HPP
BX19-N-RushHour;403683;W 145 ST/CONVENT AV;-73.946395;40.824621;5;30.0;Rush Hour;Car;HPP
BX19-N-RushHour;403684;W 145 ST/SAINT NICHOLAS AV;-73.944964;40.82402;6;30.0;Rush Hour;Car;HPP
BX19-N-RushHour;403686;W 145 ST/FREDERICK DOUGLASS BLVD;-73.941493;40.822558;7;30.0;Rush Hour;Car;HPP
BX19-N-RushHour;403687;W 145 ST/ADAM C POWELL BLVD;-73.939352;40.821648;8;30.0;Rush Hour;Car;HPP
BX19-N-RushHour;403688;W 145 ST/MALCOLM X BLVD;-73.93639;40.820444;9;30.0;Rush Hour;Car;HPP
BX19-N-RushHour;101306;E 149 ST/EXTERIOR ST;-73.930052;40.819235;10;30.0;Rush Hour;Car;HPP
BX19-N-RushHour;101307;E 149 ST/GRAND CONCOURSE;-73.926861;40.818377;11;30.0;Rush Hour;Car;HPP
BX19-N-RushHour;101309;E 149 ST/MORRIS AV;-73.922383;40.817178;12;30.0;Rush Hour;Car;HPP
BX19-N-RushHour;101310;E 149 ST/COURTLANDT AV;-73.919779;40.816543;13;30.0;Rush Hour;Car;HPP
BX19-N-RushHour;103748;E 149 ST/BERGEN AV;-73.916991;40.815686;14;30.0;Rush Hour;Car;HPP
BX19-N-RushHour;101313;E 149 ST/SAINT ANN'S AV;-73.912863;40.814223;15;30.0;Rush Hour;Car;HPP
BX19-N-RushHour;101314;E 149 ST/TRINITY AV;-73.910157;40.81342;16;30.0;Rush Hour;Car;HPP
BX19-N-RushHour;101315;E 149 ST/JACKSON AV;-73.908684;40.813105;17;30.0;Rush Hour;Car;HPP
BX19-N-RushHour;101316;E 149 ST/WALES AV;-73.907136;40.812779;18;30.0;Rush Hour;Car;HPP
BX19-N-RushHour;101318;SOUTHERN BLVD/E 149 ST;-73.903625;40.812179;19;30.0;Rush Hour;Car;HPP
BX19-N-RushHour;104099;SOUTHERN BLVD/AV SAINT JOHN;-73.900976;40.812932;20;30.0;Rush Hour;Car;HPP
BX19-N-RushHour;101320;SOUTHERN BLVD/E 156 ST;-73.897299;40.815124;21;30.0;Rush Hour;Car;HPP
BX19-N-RushHour;101321;SOUTHERN BLVD/LONGWOOD AV;-73.895833;40.816536;22;30.0;Rush Hour;Car;HPP
BX19-N-RushHour;101322;SOUTHERN BLVD/TIFFANY ST;-73.893764;40.818544;23;30.0;Rush Hour;Car;HPP
BX19-N-RushHour;103507;SOUTHERN BLVD/HUNTS POINT AV;-73.891607;40.82082;24;30.0;Rush Hour;Car;HPP
BX19-N-RushHour;101324;SOUTHERN BLVD/ALDUS ST;-73.891755;40.823173;25;30.0;Rush Hour;Car;HPP
BX19-N-RushHour;101359;SOUTHERN BLVD/WESTCHESTER AV;-73.891857;40.824545;26;30.0;Rush Hour;Car;HPP
BX19-N-RushHour;101327;SOUTHERN BLVD/E 167 ST;-73.891876;40.827187;27;30.0;Rush Hour;Car;HPP
BX19-N-RushHour;101328;SOUTHERN BLVD/FREEMAN ST;-73.891826;40.830046;28;30.0;Rush Hour;Car;HPP
BX19-N-RushHour;101329;SOUTHERN BLVD/JENNINGS ST;-73.890706;40.832286;29;30.0;Rush Hour;Car;HPP
BX19-N-RushHour;101330;SOUTHERN BLVD/E 172 ST;-73.889728;40.833943;30;30.0;Rush Hour;Car;HPP
BX19-N-RushHour;101332;SOUTHERN BLVD/BOSTON RD;-73.88775;40.8372;31;30.0;Rush Hour;Car;HPP
BX19-N-RushHour;103611;SOUTHERN BLVD/E 176 ST;-73.885907;40.84079;32;30.0;Rush Hour;Car;HPP
BX19-N-RushHour;101335;SOUTHERN BLVD/EAST TREMONT AV;-73.885462;40.843057;33;30.0;Rush Hour;Car;HPP
BX19-N-RushHour;101337;SOUTHERN BLVD/E 180 ST;-73.884446;40.845823;34;30.0;Rush Hour;Car;HPP
BX19-N-RushHour;100561;SOUTHERN BLVD/BRONX PARK SOUTH;-73.883127;40.847688;35;30.0;Rush Hour;Car;HPP
BX19-N-RushHour;100562;SOUTHERN BLVD/E 183 ST;-73.88217;40.851175;36;30.0;Rush Hour;Car;HPP
BX19-N-RushHour;100563;SOUTHERN BLVD/E 187 ST;-73.881577;40.853214;37;30.0;Rush Hour;Car;HPP
BX19-N-RushHour;100564;SOUTHERN BLVD/E 189 ST;-73.880682;40.856408;38;30.0;Rush Hour;Car;HPP
BX19-N-RushHour;902030;SOUTHERN BLVD/BOTANICAL GARDENS;-73.880674;40.861203;39;30.0;Rush Hour;Car;HPP
BX19-S-Day;103640;SOUTHERN BLVD/BOTANICAL GARDENS;-73.880732;40.861247;1;30.0;Day Busses;Car;HPP
BX19-S-Day;100640;SOUTHERN BLVD/EAST FORDHAM RD;-73.880972;40.856252;2;30.0;Day Busses;Car;HPP
BX19-S-Day;100641;SOUTHERN BLVD/E 187 ST;-73.881852;40.853173;3;30.0;Day Busses;Car;HPP
BX19-S-Day;100642;SOUTHERN BLVD/E 183 ST;-73.882488;40.850918;4;30.0;Day Busses;Car;HPP
BX19-S-Day;100643;SOUTHERN BLVD/E 182 ST;-73.883339;40.847976;5;30.0;Day Busses;Car;HPP
BX19-S-Day;101347;SOUTHERN BLVD/E 180 ST;-73.884499;40.846138;6;30.0;Day Busses;Car;HPP
BX19-S-Day;103917;SOUTHERN BLVD/EAST TREMONT AV;-73.885763;40.842926;7;30.0;Day Busses;Car;HPP
BX19-S-Day;103612;SOUTHERN BLVD/E 176 St;-73.886237;40.840198;8;30.0;Day Busses;Car;HPP
BX19-S-Day;101352;SOUTHERN BLVD/E 174 ST;-73.887719;40.837467;9;30.0;Day Busses;Car;HPP
BX19-S-Day;101354;SOUTHERN BLVD/E 172 ST;-73.889764;40.834168;10;30.0;Day Busses;Car;HPP
BX19-S-Day;101355;SOUTHERN BLVD/JENNINGS ST;-73.890724;40.832528;11;30.0;Day Busses;Car;HPP
BX19-S-Day;101356;SOUTHERN BLVD/FREEMAN ST;-73.891908;40.830102;12;30.0;Day Busses;Car;HPP
BX19-S-Day;101358;SOUTHERN BLVD/E 167 ST;-73.891991;40.826905;13;30.0;Day Busses;Car;HPP
BX19-S-Day;100273;SOUTHERN BLVD/WESTCHESTER AV;-73.891944;40.82437;14;30.0;Day Busses;Car;HPP
BX19-S-Day;101360;SOUTHERN BLVD/ALDUS ST;-73.891817;40.822869;15;30.0;Day Busses;Car;HPP
BX19-S-Day;104221;SOUTHERN BLVD/E 163 ST;-73.891773;40.820842;16;30.0;Day Busses;Car;HPP
BX19-S-Day;101362;SOUTHERN BLVD/TIFFANY ST;-73.894129;40.818478;17;30.0;Day Busses;Car;HPP
BX19-S-Day;101363;SOUTHERN BLVD/LONGWOOD AV;-73.896607;40.816076;18;30.0;Day Busses;Car;HPP
BX19-S-Day;101364;SOUTHERN BLVD/E 156 ST;-73.898025;40.81471;19;30.0;Day Busses;Car;HPP
BX19-S-Day;104242;SOUTHERN BLVD/AVENUE SAINT JOHN;-73.901337;40.812995;20;30.0;Day Busses;Car;HPP
BX19-S-Day;101366;SOUTHERN BLVD/E 149 ST;-73.903953;40.812224;21;30.0;Day Busses;Car;HPP
BX19-S-Day;101368;E 149 ST/TINTON AV;-73.906146;40.812659;22;30.0;Day Busses;Car;HPP
BX19-S-Day;101369;E 149 ST/CONCORD AV;-73.90855;40.813155;23;30.0;Day Busses;Car;HPP
BX19-S-Day;101370;E 149 ST/TRINITY AV;-73.910473;40.813559;24;30.0;Day Busses;Car;HPP
BX19-S-Day;103723;E 149 ST/SAINT ANN'S AV;-73.913289;40.814424;25;30.0;Day Busses;Car;HPP
BX19-S-Day;101372;E 149 ST/BROOK AV;-73.915301;40.815166;26;30.0;Day Busses;Car;HPP
BX19-S-Day;104233;E 149 ST/MELROSE AV;-73.918103;40.81628;27;30.0;Day Busses;Car;HPP
BX19-S-Day;101374;E 149 ST/COURTLANDT AV;-73.919846;40.816745;28;30.0;Day Busses;Car;HPP
BX19-S-Day;101375;E 149 ST/MORRIS AV;-73.923013;40.817533;29;30.0;Day Busses;Car;HPP
BX19-S-Day;101377;E 149 ST/GRAND CONCOURSE;-73.927078;40.818589;30;30.0;Day Busses;Car;HPP
BX19-S-Day;101378;E 149 ST/GERARD AV;-73.929075;40.819092;31;30.0;Day Busses;Car;HPP
BX19-S-Day;403689;W 145 ST/MALCOLM X BLVD;-73.936347;40.820557;32;30.0;Day Busses;Car;HPP
BX19-S-Day;403690;W 145 ST/ADAM C POWELL BLVD;-73.938795;40.821618;33;30.0;Day Busses;Car;HPP
BX19-S-Day;403691;W 145 ST/FREDERICK DOUGLASS BLVD;-73.941703;40.822843;34;30.0;Day Busses;Car;HPP
BX19-S-Day;403693;W 145 ST/SAINT NICHOLAS AV;-73.944516;40.82403;35;30.0;Day Busses;Car;HPP
BX19-S-Day;403694;W 145 ST/CONVENT AV;-73.946033;40.824665;36;30.0;Day Busses;Car;HPP
BX19-S-Day;403695;W 145 ST/AMSTERDAM AV;-73.947373;40.825231;37;30.0;Day Busses;Car;HPP
BX19-S-Day;403696;W 145 ST/BROADWAY;-73.950176;40.826407;38;30.0;Day Busses;Car;HPP
BX19-S-Day;403950;W 145 ST/RIVERSIDE DR;-73.951571;40.827014;39;30.0;Day Busses;Car;HPP
BX19-S-Day;803194;RIVERBANK STATE PARK RDWY/RIVERBANK STATE PARK;-73.955386;40.826815;40;30.0;Day Busses;Car;HPP
BX19-S-Evening;103640;SOUTHERN BLVD/BOTANICAL GARDENS;-73.880732;40.861247;1;30.0;Evening Busses;Car;HPP
BX19-S-Evening;100640;SOUTHERN BLVD/EAST FORDHAM RD;-73.880972;40.856252;2;30.0;Evening Busses;Car;HPP
BX19-S-Evening;100641;SOUTHERN BLVD/E 187 ST;-73.881852;40.853173;3;30.0;Evening Busses;Car;HPP
BX19-S-Evening;100642;SOUTHERN BLVD/E 183 ST;-73.882488;40.850918;4;30.0;Evening Busses;Car;HPP
BX19-S-Evening;100643;SOUTHERN BLVD/E 182 ST;-73.883339;40.847976;5;30.0;Evening Busses;Car;HPP
BX19-S-Evening;101347;SOUTHERN BLVD/E 180 ST;-73.884499;40.846138;6;30.0;Evening Busses;Car;HPP
BX19-S-Evening;103917;SOUTHERN BLVD/EAST TREMONT AV;-73.885763;40.842926;7;30.0;Evening Busses;Car;HPP
BX19-S-Evening;103612;SOUTHERN BLVD/E 176 St;-73.886237;40.840198;8;30.0;Evening Busses;Car;HPP
BX19-S-Evening;101352;SOUTHERN BLVD/E 174 ST;-73.887719;40.837467;9;30.0;Evening Busses;Car;HPP
BX19-S-Evening;101354;SOUTHERN BLVD/E 172 ST;-73.889764;40.834168;10;30.0;Evening Busses;Car;HPP
BX19-S-Evening;101355;SOUTHERN BLVD/JENNINGS ST;-73.890724;40.832528;11;30.0;Evening Busses;Car;HPP
BX19-S-Evening;101356;SOUTHERN BLVD/FREEMAN ST;-73.891908;40.830102;12;30.0;Evening Busses;Car;HPP
BX19-S-Evening;101358;SOUTHERN BLVD/E 167 ST;-73.891991;40.826905;13;30.0;Evening Busses;Car;HPP
BX19-S-Evening;100273;SOUTHERN BLVD/WESTCHESTER AV;-73.891944;40.82437;14;30.0;Evening Busses;Car;HPP
BX19-S-Evening;101360;SOUTHERN BLVD/ALDUS ST;-73.891817;40.822869;15;30.0;Evening Busses;Car;HPP
BX19-S-Evening;104221;SOUTHERN BLVD/E 163 ST;-73.891773;40.820842;16;30.0;Evening Busses;Car;HPP
BX19-S-Evening;101362;SOUTHERN BLVD/TIFFANY ST;-73.894129;40.818478;17;30.0;Evening Busses;Car;HPP
BX19-S-Evening;101363;SOUTHERN BLVD/LONGWOOD AV;-73.896607;40.816076;18;30.0;Evening Busses;Car;HPP
BX19-S-Evening;101364;SOUTHERN BLVD/E 156 ST;-73.898025;40.81471;19;30.0;Evening Busses;Car;HPP
BX19-S-Evening;104242;SOUTHERN BLVD/AVENUE SAINT JOHN;-73.901337;40.812995;20;30.0;Evening Busses;Car;HPP
BX19-S-Evening;101366;SOUTHERN BLVD/E 149 ST;-73.903953;40.812224;21;30.0;Evening Busses;Car;HPP
BX19-S-Evening;101368;E 149 ST/TINTON AV;-73.906146;40.812659;22;30.0;Evening Busses;Car;HPP
BX19-S-Evening;101369;E 149 ST/CONCORD AV;-73.90855;40.813155;23;30.0;Evening Busses;Car;HPP
BX19-S-Evening;101370;E 149 ST/TRINITY AV;-73.910473;40.813559;24;30.0;Evening Busses;Car;HPP
BX19-S-Evening;103723;E 149 ST/SAINT ANN'S AV;-73.913289;40.814424;25;30.0;Evening Busses;Car;HPP
BX19-S-Evening;101372;E 149 ST/BROOK AV;-73.915301;40.815166;26;30.0;Evening Busses;Car;HPP
BX19-S-Evening;104233;E 149 ST/MELROSE AV;-73.918103;40.81628;27;30.0;Evening Busses;Car;HPP
BX19-S-Evening;101374;E 149 ST/COURTLANDT AV;-73.919846;40.816745;28;30.0;Evening Busses;Car;HPP
BX19-S-Evening;101375;E 149 ST/MORRIS AV;-73.923013;40.817533;29;30.0;Evening Busses;Car;HPP
BX19-S-Evening;101377;E 149 ST/GRAND CONCOURSE;-73.927078;40.818589;30;30.0;Evening Busses;Car;HPP
BX19-S-Evening;101378;E 149 ST/GERARD AV;-73.929075;40.819092;31;30.0;Evening Busses;Car;HPP
BX19-S-Evening;403689;W 145 ST/MALCOLM X BLVD;-73.936347;40.820557;32;30.0;Evening Busses;Car;HPP
BX19-S-Evening;403690;W 145 ST/ADAM C POWELL BLVD;-73.938795;40.821618;33;30.0;Evening Busses;Car;HPP
BX19-S-Evening;403691;W 145 ST/FREDERICK DOUGLASS BLVD;-73.941703;40.822843;34;30.0;Evening Busses;Car;HPP
BX19-S-Evening;403693;W 145 ST/SAINT NICHOLAS AV;-73.944516;40.82403;35;30.0;Evening Busses;Car;HPP
BX19-S-Evening;403694;W 145 ST/CONVENT AV;-73.946033;40.824665;36;30.0;Evening Busses;Car;HPP
BX19-S-Evening;403695;W 145 ST/AMSTERDAM AV;-73.947373;40.825231;37;30.0;Evening Busses;Car;HPP
BX19-S-Evening;403696;W 145 ST/BROADWAY;-73.950176;40.826407;38;30.0;Evening Busses;Car;HPP
BX19-S-Evening;403950;W 145 ST/RIVERSIDE DR;-73.951571;40.827014;39;30.0;Evening Busses;Car;HPP
BX19-S-Evening;803194;RIVERBANK STATE PARK RDWY/RIVERBANK STATE PARK;-73.955386;40.826815;40;30.0;Evening Busses;Car;HPP
BX19-S-Morning;103640;SOUTHERN BLVD/BOTANICAL GARDENS;-73.880732;40.861247;1;30.0;Morning;Car;HPP
BX19-S-Morning;100640;SOUTHERN BLVD/EAST FORDHAM RD;-73.880972;40.856252;2;30.0;Morning;Car;HPP
BX19-S-Morning;100641;SOUTHERN BLVD/E 187 ST;-73.881852;40.853173;3;30.0;Morning;Car;HPP
BX19-S-Morning;100642;SOUTHERN BLVD/E 183 ST;-73.882488;40.850918;4;30.0;Morning;Car;HPP
BX19-S-Morning;100643;SOUTHERN BLVD/E 182 ST;-73.883339;40.847976;5;30.0;Morning;Car;HPP
BX19-S-Morning;101347;SOUTHERN BLVD/E 180 ST;-73.884499;40.846138;6;30.0;Morning;Car;HPP
BX19-S-Morning;103917;SOUTHERN BLVD/EAST TREMONT AV;-73.885763;40.842926;7;30.0;Morning;Car;HPP
BX19-S-Morning;103612;SOUTHERN BLVD/E 176 St;-73.886237;40.840198;8;30.0;Morning;Car;HPP
BX19-S-Morning;101352;SOUTHERN BLVD/E 174 ST;-73.887719;40.837467;9;30.0;Morning;Car;HPP
BX19-S-Morning;101354;SOUTHERN BLVD/E 172 ST;-73.889764;40.834168;10;30.0;Morning;Car;HPP
BX19-S-Morning;101355;SOUTHERN BLVD/JENNINGS ST;-73.890724;40.832528;11;30.0;Morning;Car;HPP
BX19-S-Morning;101356;SOUTHERN BLVD/FREEMAN ST;-73.891908;40.830102;12;30.0;Morning;Car;HPP
BX19-S-Morning;101358;SOUTHERN BLVD/E 167 ST;-73.891991;40.826905;13;30.0;Morning;Car;HPP
BX19-S-Morning;100273;SOUTHERN BLVD/WESTCHESTER AV;-73.891944;40.82437;14;30.0;Morning;Car;HPP
BX19-S-Morning;101360;SOUTHERN BLVD/ALDUS ST;-73.891817;40.822869;15;30.0;Morning;Car;HPP
BX19-S-Morning;104221;SOUTHERN BLVD/E 163 ST;-73.891773;40.820842;16;30.0;Morning;Car;HPP
BX19-S-Morning;101362;SOUTHERN BLVD/TIFFANY ST;-73.894129;40.818478;17;30.0;Morning;Car;HPP
BX19-S-Morning;101363;SOUTHERN BLVD/LONGWOOD AV;-73.896607;40.816076;18;30.0;Morning;Car;HPP
BX19-S-Morning;101364;SOUTHERN BLVD/E 156 ST;-73.898025;40.81471;19;30.0;Morning;Car;HPP
BX19-S-Morning;104242;SOUTHERN BLVD/AVENUE SAINT JOHN;-73.901337;40.812995;20;30.0;Morning;Car;HPP
BX19-S-Morning;101366;SOUTHERN BLVD/E 149 ST;-73.903953;40.812224;21;30.0;Morning;Car;HPP
BX19-S-Morning;101368;E 149 ST/TINTON AV;-73.906146;40.812659;22;30.0;Morning;Car;HPP
BX19-S-Morning;101369;E 149 ST/CONCORD AV;-73.90855;40.813155;23;30.0;Morning;Car;HPP
BX19-S-Morning;101370;E 149 ST/TRINITY AV;-73.910473;40.813559;24;30.0;Morning;Car;HPP
BX19-S-Morning;103723;E 149 ST/SAINT ANN'S AV;-73.913289;40.814424;25;30.0;Morning;Car;HPP
BX19-S-Morning;101372;E 149 ST/BROOK AV;-73.915301;40.815166;26;30.0;Morning;Car;HPP
BX19-S-Morning;104233;E 149 ST/MELROSE AV;-73.918103;40.81628;27;30.0;Morning;Car;HPP
BX19-S-Morning;101374;E 149 ST/COURTLANDT AV;-73.919846;40.816745;28;30.0;Morning;Car;HPP
BX19-S-Morning;101375;E 149 ST/MORRIS AV;-73.923013;40.817533;29;30.0;Morning;Car;HPP
BX19-S-Morning;101377;E 149 ST/GRAND CONCOURSE;-73.927078;40.818589;30;30.0;Morning;Car;HPP
BX19-S-Morning;101378;E 149 ST/GERARD AV;-73.929075;40.819092;31;30.0;Morning;Car;HPP
BX19-S-Morning;403689;W 145 ST/MALCOLM X BLVD;-73.936347;40.820557;32;30.0;Morning;Car;HPP
BX19-S-Morning;403690;W 145 ST/ADAM C POWELL BLVD;-73.938795;40.821618;33;30.0;Morning;Car;HPP
BX19-S-Morning;403691;W 145 ST/FREDERICK DOUGLASS BLVD;-73.941703;40.822843;34;30.0;Morning;Car;HPP
BX19-S-Morning;403693;W 145 ST/SAINT NICHOLAS AV;-73.944516;40.82403;35;30.0;Morning;Car;HPP
BX19-S-Morning;403694;W 145 ST/CONVENT AV;-73.946033;40.824665;36;30.0;Morning;Car;HPP
BX19-S-Morning;403695;W 145 ST/AMSTERDAM AV;-73.947373;40.825231;37;30.0;Morning;Car;HPP
BX19-S-Morning;403696;W 145 ST/BROADWAY;-73.950176;40.826407;38;30.0;Morning;Car;HPP
BX19-S-Morning;403950;W 145 ST/RIVERSIDE DR;-73.951571;40.827014;39;30.0;Morning;Car;HPP
BX19-S-Morning;803194;RIVERBANK STATE PARK RDWY/RIVERBANK STATE PARK;-73.955386;40.826815;40;30.0;Morning;Car;HPP
BX19-S-Night;100640;SOUTHERN BLVD/EAST FORDHAM RD;-73.880972;40.856252;2;30.0;Night;Car;HPP
BX19-S-Night;100641;SOUTHERN BLVD/E 187 ST;-73.881852;40.853173;3;30.0;Night;Car;HPP
BX19-S-Night;100642;SOUTHERN BLVD/E 183 ST;-73.882488;40.850918;4;30.0;Night;Car;HPP
BX19-S-Night;101347;SOUTHERN BLVD/E 180 ST;-73.884499;40.846138;6;30.0;Night;Car;HPP
BX19-S-Night;103917;SOUTHERN BLVD/EAST TREMONT AV;-73.885763;40.842926;7;30.0;Night;Car;HPP
BX19-S-Night;103612;SOUTHERN BLVD/E 176 St;-73.886237;40.840198;8;30.0;Night;Car;HPP
BX19-S-Night;101352;SOUTHERN BLVD/E 174 ST;-73.887719;40.837467;9;30.0;Night;Car;HPP
BX19-S-Night;101354;SOUTHERN BLVD/E 172 ST;-73.889764;40.834168;10;30.0;Night;Car;HPP
BX19-S-Night;104221;SOUTHERN BLVD/E 163 ST;-73.891773;40.820842;16;30.0;Night;Car;HPP
BX19-S-Night;101363;SOUTHERN BLVD/LONGWOOD AV;-73.896607;40.816076;18;30.0;Night;Car;HPP
BX19-S-Night;101364;SOUTHERN BLVD/E 156 ST;-73.898025;40.81471;19;30.0;Night;Car;HPP
BX19-S-Night;104242;SOUTHERN BLVD/AVENUE SAINT JOHN;-73.901337;40.812995;20;30.0;Night;Car;HPP
BX19-S-Night;101366;SOUTHERN BLVD/E 149 ST;-73.903953;40.812224;21;30.0;Night;Car;HPP
BX19-S-Night;101368;E 149 ST/TINTON AV;-73.906146;40.812659;22;30.0;Night;Car;HPP
BX19-S-Night;101369;E 149 ST/CONCORD AV;-73.90855;40.813155;23;30.0;Night;Car;HPP
BX19-S-Night;103723;E 149 ST/SAINT ANN'S AV;-73.913289;40.814424;25;30.0;Night;Car;HPP
BX19-S-Night;101372;E 149 ST/BROOK AV;-73.915301;40.815166;26;30.0;Night;Car;HPP
BX19-S-Night;104233;E 149 ST/MELROSE AV;-73.918103;40.81628;27;30.0;Night;Car;HPP
BX19-S-Night;101374;E 149 ST/COURTLANDT AV;-73.919846;40.816745;28;30.0;Night;Car;HPP
BX19-S-Night;101377;E 149 ST/GRAND CONCOURSE;-73.927078;40.818589;30;30.0;Night;Car;HPP
BX19-S-Night;101378;E 149 ST/GERARD AV;-73.929075;40.819092;31;30.0;Night;Car;HPP
BX19-S-Night;403689;W 145 ST/MALCOLM X BLVD;-73.936347;40.820557;32;30.0;Night;Car;HPP
BX19-S-Night;403690;W 145 ST/ADAM C POWELL BLVD;-73.938795;40.821618;33;30.0;Night;Car;HPP
BX19-S-Night;403691;W 145 ST/FREDERICK DOUGLASS BLVD;-73.941703;40.822843;34;30.0;Night;Car;HPP
BX19-S-Night;403693;W 145 ST/SAINT NICHOLAS AV;-73.944516;40.82403;35;30.0;Night;Car;HPP
BX19-S-Night;403695;W 145 ST/AMSTERDAM AV;-73.947373;40.825231;37;30.0;Night;Car;HPP
BX19-S-Night;403696;W 145 ST/BROADWAY;-73.950176;40.826407;38;30.0;Night;Car;HPP
BX19-S-RushHour;103640;SOUTHERN BLVD/BOTANICAL GARDENS;-73.880732;40.861247;1;30.0;Rush Hour;Car;HPP
BX19-S-RushHour;100640;SOUTHERN BLVD/EAST FORDHAM RD;-73.880972;40.856252;2;30.0;Rush Hour;Car;HPP
BX19-S-RushHour;100641;SOUTHERN BLVD/E 187 ST;-73.881852;40.853173;3;30.0;Rush Hour;Car;HPP
BX19-S-RushHour;100642;SOUTHERN BLVD/E 183 ST;-73.882488;40.850918;4;30.0;Rush Hour;Car;HPP
BX19-S-RushHour;100643;SOUTHERN BLVD/E 182 ST;-73.883339;40.847976;5;30.0;Rush Hour;Car;HPP
BX19-S-RushHour;101347;SOUTHERN BLVD/E 180 ST;-73.884499;40.846138;6;30.0;Rush Hour;Car;HPP
BX19-S-RushHour;103917;SOUTHERN BLVD/EAST TREMONT AV;-73.885763;40.842926;7;30.0;Rush Hour;Car;HPP
BX19-S-RushHour;103612;SOUTHERN BLVD/E 176 St;-73.886237;40.840198;8;30.0;Rush Hour;Car;HPP
BX19-S-RushHour;101352;SOUTHERN BLVD/E 174 ST;-73.887719;40.837467;9;30.0;Rush Hour;Car;HPP
BX19-S-RushHour;101354;SOUTHERN BLVD/E 172 ST;-73.889764;40.834168;10;30.0;Rush Hour;Car;HPP
BX19-S-RushHour;101355;SOUTHERN BLVD/JENNINGS ST;-73.890724;40.832528;11;30.0;Rush Hour;Car;HPP
BX19-S-RushHour;101356;SOUTHERN BLVD/FREEMAN ST;-73.891908;40.830102;12;30.0;Rush Hour;Car;HPP
BX19-S-RushHour;101358;SOUTHERN BLVD/E 167 ST;-73.891991;40.826905;13;30.0;Rush Hour;Car;HPP
BX19-S-RushHour;100273;SOUTHERN BLVD/WESTCHESTER AV;-73.891944;40.82437;14;30.0;Rush Hour;Car;HPP
BX19-S-RushHour;101360;SOUTHERN BLVD/ALDUS ST;-73.891817;40.822869;15;30.0;Rush Hour;Car;HPP
BX19-S-RushHour;104221;SOUTHERN BLVD/E 163 ST;-73.891773;40.820842;16;30.0;Rush Hour;Car;HPP
BX19-S-RushHour;101362;SOUTHERN BLVD/TIFFANY ST;-73.894129;40.818478;17;30.0;Rush Hour;Car;HPP
BX19-S-RushHour;101363;SOUTHERN BLVD/LONGWOOD AV;-73.896607;40.816076;18;30.0;Rush Hour;Car;HPP
BX19-S-RushHour;101364;SOUTHERN BLVD/E 156 ST;-73.898025;40.81471;19;30.0;Rush Hour;Car;HPP
BX19-S-RushHour;104242;SOUTHERN BLVD/AVENUE SAINT JOHN;-73.901337;40.812995;20;30.0;Rush Hour;Car;HPP
BX19-S-RushHour;101366;SOUTHERN BLVD/E 149 ST;-73.903953;40.812224;21;30.0;Rush Hour;Car;HPP
BX19-S-RushHour;101368;E 149 ST/TINTON AV;-73.906146;40.812659;22;30.0;Rush Hour;Car;HPP
BX19-S-RushHour;101369;E 149 ST/CONCORD AV;-73.90855;40.813155;23;30.0;Rush Hour;Car;HPP
BX19-S-RushHour;101370;E 149 ST/TRINITY AV;-73.910473;40.813559;24;30.0;Rush Hour;Car;HPP
BX19-S-RushHour;103723;E 149 ST/SAINT ANN'S AV;-73.913289;40.814424;25;30.0;Rush Hour;Car;HPP
BX19-S-RushHour;101372;E 149 ST/BROOK AV;-73.915301;40.815166;26;30.0;Rush Hour;Car;HPP
BX19-S-RushHour;104233;E 149 ST/MELROSE AV;-73.918103;40.81628;27;30.0;Rush Hour;Car;HPP
BX19-S-RushHour;101374;E 149 ST/COURTLANDT AV;-73.919846;40.816745;28;30.0;Rush Hour;Car;HPP
BX19-S-RushHour;101375;E 149 ST/MORRIS AV;-73.923013;40.817533;29;30.0;Rush Hour;Car;HPP
BX19-S-RushHour;101377;E 149 ST/GRAND CONCOURSE;-73.927078;40.818589;30;30.0;Rush Hour;Car;HPP
BX19-S-RushHour;101378;E 149 ST/GERARD AV;-73.929075;40.819092;31;30.0;Rush Hour;Car;HPP
BX19-S-RushHour;403689;W 145 ST/MALCOLM X BLVD;-73.936347;40.820557;32;30.0;Rush Hour;Car;HPP
BX19-S-RushHour;403690;W 145 ST/ADAM C POWELL BLVD;-73.938795;40.821618;33;30.0;Rush Hour;Car;HPP
BX19-S-RushHour;403691;W 145 ST/FREDERICK DOUGLASS BLVD;-73.941703;40.822843;34;30.0;Rush Hour;Car;HPP
BX19-S-RushHour;403693;W 145 ST/SAINT NICHOLAS AV;-73.944516;40.82403;35;30.0;Rush Hour;Car;HPP
BX19-S-RushHour;403694;W 145 ST/CONVENT AV;-73.946033;40.824665;36;30.0;Rush Hour;Car;HPP
BX19-S-RushHour;403695;W 145 ST/AMSTERDAM AV;-73.947373;40.825231;37;30.0;Rush Hour;Car;HPP
BX19-S-RushHour;403696;W 145 ST/BROADWAY;-73.950176;40.826407;38;30.0;Rush Hour;Car;HPP
BX19-S-RushHour;403950;W 145 ST/RIVERSIDE DR;-73.951571;40.827014;39;30.0;Rush Hour;Car;HPP
BX19-S-RushHour;803194;RIVERBANK STATE PARK RDWY/RIVERBANK STATE PARK;-73.955386;40.826815;40;30.0;Rush Hour;Car;HPP
M101-N-Day;405154;ASTOR PL/COOPER SQ EAST;-73.99004;40.729574;1;30.0;Day Busses;Car;HPP
M101-N-Day;405155;3 AV/E 9 ST;-73.989235;40.730389;2;30.0;Day Busses;Car;HPP
M101-N-Day;403913;3 AV/E 14 ST;-73.986787;40.733689;3;30.0;Day Busses;Car;HPP
M101-N-Day;403855;3 AV/E 23 ST;-73.982771;40.739218;4;30.0;Day Busses;Car;HPP
M101-N-Day;450228;3 AV/E 33 ST;-73.978601;40.744963;5;30.0;Day Busses;Car;HPP
M101-N-Day;402679;3 AV/E 42 ST;-73.974122;40.751085;6;30.0;Day Busses;Car;HPP
M101-N-Day;402682;3 AV/E 50 ST;-73.970922;40.755505;7;30.0;Day Busses;Car;HPP
M101-N-Day;403545;3 AV/E 60 ST;-73.965738;40.762558;8;30.0;Day Busses;Car;HPP
M101-N-Day;402688;3 AV/E 67 ST;-73.962513;40.767113;9;30.0;Day Busses;Car;HPP
M101-N-Day;403432;3 AV/E 72 ST;-73.960281;40.770075;10;30.0;Day Busses;Car;HPP
M101-N-Day;403433;3 AV/E 79 ST;-73.95697;40.774605;11;30.0;Day Busses;Car;HPP
M101-N-Day;403434;3 AV/E 86 ST;-73.954179;40.778466;12;30.0;Day Busses;Car;HPP
M101-N-Day;403777;3 AV/E 97 ST;-73.948748;40.78573;13;30.0;Day Busses;Car;HPP
M101-N-Day;401946;3 AV/E 99 ST;-73.947273;40.787906;14;30.0;Day Busses;Car;HPP
M101-N-Day;403436;3 AV/E 106 ST;-73.944367;40.79189;15;30.0;Day Busses;Car;HPP
M101-N-Day;405181;3 AV/E 116 ST;-73.94004;40.797798;16;30.0;Day Busses;Car;HPP
M101-N-Day;402502;E 125 ST/3 AV;-73.936221;40.803935;17;30.0;Day Busses;Car;HPP
M101-N-Day;402503;E 125 ST/LEXINGTON AV;-73.937761;40.804584;18;30.0;Day Busses;Car;HPP
M101-N-Day;402504;E 125 ST/PARK AV;-73.939475;40.805301;19;30.0;Day Busses;Car;HPP
M101-N-Day;402505;E 125 ST/MADISON AV;-73.940999;40.805979;20;30.0;Day Busses;Car;HPP
M101-N-Day;402506;W 125 ST/5 AV;-73.94244;40.806542;21;30.0;Day Busses;Car;HPP
M101-N-Day;402507;W 125 ST/MALCOLM X BLVD;-73.945964;40.808026;22;30.0;Day Busses;Car;HPP
M101-N-Day;402508;W 125 ST/ADAM C POWELL BLVD;-73.948781;40.809228;23;30.0;Day Busses;Car;HPP
M101-N-Day;402509;W 125 ST/FREDERICK DOUGLASS BLVD;-73.951598;40.810402;24;30.0;Day Busses;Car;HPP
M101-N-Day;402510;W 125 ST/SAINT NICHOLAS AV;-73.953007;40.811005;25;30.0;Day Busses;Car;HPP
M101-N-Day;401444;AMSTERDAM AV/W 125 ST;-73.955868;40.813745;26;30.0;Day Busses;Car;HPP
M101-N-Day;401446;AMSTERDAM AV/W 129 ST;-73.954899;40.815135;27;30.0;Day Busses;Car;HPP
M101-N-Day;401447;AMSTERDAM AV/W 131 ST;-73.953761;40.816685;28;30.0;Day Busses;Car;HPP
M101-N-Day;401448;AMSTERDAM AV/W 133 ST;-73.952922;40.81785;29;30.0;Day Busses;Car;HPP
M101-N-Day;402517;AMSTERDAM AV/W 135 ST;-73.95184;40.819316;30;30.0;Day Busses;Car;HPP
M101-N-Day;402518;AMSTERDAM AV/W 138 ST;-73.950578;40.821041;31;30.0;Day Busses;Car;HPP
M101-N-Day;402519;AMSTERDAM AV/W 140 ST;-73.949594;40.822402;32;30.0;Day Busses;Car;HPP
M101-N-Day;402520;AMSTERDAM AV/W 143 ST;-73.94826;40.824241;33;30.0;Day Busses;Car;HPP
M101-N-Day;402521;AMSTERDAM AV/W 145 ST;-73.947231;40.825615;34;30.0;Day Busses;Car;HPP
M101-N-Day;405103;AMSTERDAM AV/W 149 ST;-73.945755;40.827662;35;30.0;Day Busses;Car;HPP
M101-N-Day;405074;AMSTERDAM AV/W 152 ST;-73.944107;40.829905;36;30.0;Day Busses;Car;HPP
M101-N-Day;402526;AMSTERDAM AV/W 155 ST;-73.942827;40.831683;37;30.0;Day Busses;Car;HPP
M101-N-Day;405073;AMSTERDAM AV/W 158 ST;-73.941374;40.833638;38;30.0;Day Busses;Car;HPP
M101-N-Day;404853;AMSTERDAM AV/W 161 ST;-73.940199;40.835239;39;30.0;Day Busses;Car;HPP
M101-N-Day;405075;AMSTERDAM AV/W 164 ST;-73.938575;40.837468;40;30.0;Day Busses;Car;HPP
M101-N-Day;405076;AMSTERDAM AV/W 167 ST;-73.93697;40.839672;41;30.0;Day Busses;Car;HPP
M101-N-Day;402740;AMSTERDAM AV/W 171 ST;-73.935267;40.841978;42;30.0;Day Busses;Car;HPP
M101-N-Day;402741;AMSTERDAM AV/W 173 ST;-73.934443;40.84312;43;30.0;Day Busses;Car;HPP
M101-N-Day;405077;AMSTERDAM AV/W 176 ST;-73.932962;40.84515;44;30.0;Day Busses;Car;HPP
M101-N-Day;402744;AMSTERDAM AV/W 179 ST;-73.931612;40.847008;45;30.0;Day Busses;Car;HPP
M101-N-Day;402745;AMSTERDAM AV/W 181 ST;-73.930616;40.848358;46;30.0;Day Busses;Car;HPP
M101-N-Day;405185;AMSTERDAM AV/W 183 ST;-73.929603;40.849806;47;30.0;Day Busses;Car;HPP
M101-N-Day;402748;AMSTERDAM AV/W 187 ST;-73.927829;40.852204;48;30.0;Day Busses;Car;HPP
M101-N-Day;402749;AMSTERDAM AV/W 190 ST;-73.926552;40.853927;49;30.0;Day Busses;Car;HPP
M101-N-Day;903340;FORT GEORGE AV/66 FORT GEORGE AV;-73.926518;40.858017;50;30.0;Day Busses;Car;HPP
M101-N-Evening;405154;ASTOR PL/COOPER SQ EAST;-73.99004;40.729574;1;30.0;Evening Busses;Car;HPP
M101-N-Evening;405155;3 AV/E 9 ST;-73.989235;40.730389;2;30.0;Evening Busses;Car;HPP
M101-N-Evening;403913;3 AV/E 14 ST;-73.986787;40.733689;3;30.0;Evening Busses;Car;HPP
M101-N-Evening;403855;3 AV/E 23 ST;-73.982771;40.739218;4;30.0;Evening Busses;Car;HPP
M101-N-Evening;450228;3 AV/E 33 ST;-73.978601;40.744963;5;30.0;Evening Busses;Car;HPP
M101-N-Evening;402679;3 AV/E 42 ST;-73.974122;40.751085;6;30.0;Evening Busses;Car;HPP
M101-N-Evening;402682;3 AV/E 50 ST;-73.970922;40.755505;7;30.0;Evening Busses;Car;HPP
M101-N-Evening;403545;3 AV/E 60 ST;-73.965738;40.762558;8;30.0;Evening Busses;Car;HPP
M101-N-Evening;402674;3 AV/E 29 ST;-73.980105;40.742894;9;30.0;Evening Busses;Car;HPP
M101-N-Evening;402688;3 AV/E 67 ST;-73.962513;40.767113;9;30.0;Evening Busses;Car;HPP
M101-N-Evening;403432;3 AV/E 72 ST;-73.960281;40.770075;10;30.0;Evening Busses;Car;HPP
M101-N-Evening;403433;3 AV/E 79 ST;-73.95697;40.774605;11;30.0;Evening Busses;Car;HPP
M101-N-Evening;403434;3 AV/E 86 ST;-73.954179;40.778466;12;30.0;Evening Busses;Car;HPP
M101-N-Evening;403777;3 AV/E 97 ST;-73.948748;40.78573;13;30.0;Evening Busses;Car;HPP
M101-N-Evening;401946;3 AV/E 99 ST;-73.947273;40.787906;14;30.0;Evening Busses;Car;HPP
M101-N-Evening;402680;3 AV/E 45 ST;-73.973161;40.752407;15;30.0;Evening Busses;Car;HPP
M101-N-Evening;403436;3 AV/E 106 ST;-73.944367;40.79189;15;30.0;Evening Busses;Car;HPP
M101-N-Evening;402681;3 AV/E 47 ST;-73.97185;40.754234;16;30.0;Evening Busses;Car;HPP
M101-N-Evening;405181;3 AV/E 116 ST;-73.94004;40.797798;16;30.0;Evening Busses;Car;HPP
M101-N-Evening;402502;E 125 ST/3 AV;-73.936221;40.803935;17;30.0;Evening Busses;Car;HPP
M101-N-Evening;402503;E 125 ST/LEXINGTON AV;-73.937761;40.804584;18;30.0;Evening Busses;Car;HPP
M101-N-Evening;405488;3 AV/E 53 ST;-73.969235;40.757751;18;30.0;Evening Busses;Car;HPP
M101-N-Evening;402504;E 125 ST/PARK AV;-73.939475;40.805301;19;30.0;Evening Busses;Car;HPP
M101-N-Evening;405480;3 AV/E 57 ST;-73.967523;40.76014;19;30.0;Evening Busses;Car;HPP
M101-N-Evening;402505;E 125 ST/MADISON AV;-73.940999;40.805979;20;30.0;Evening Busses;Car;HPP
M101-N-Evening;402506;W 125 ST/5 AV;-73.94244;40.806542;21;30.0;Evening Busses;Car;HPP
M101-N-Evening;402507;W 125 ST/MALCOLM X BLVD;-73.945964;40.808026;22;30.0;Evening Busses;Car;HPP
M101-N-Evening;402508;W 125 ST/ADAM C POWELL BLVD;-73.948781;40.809228;23;30.0;Evening Busses;Car;HPP
M101-N-Evening;402509;W 125 ST/FREDERICK DOUGLASS BLVD;-73.951598;40.810402;24;30.0;Evening Busses;Car;HPP
M101-N-Evening;402510;W 125 ST/SAINT NICHOLAS AV;-73.953007;40.811005;25;30.0;Evening Busses;Car;HPP
M101-N-Evening;401444;AMSTERDAM AV/W 125 ST;-73.955868;40.813745;26;30.0;Evening Busses;Car;HPP
M101-N-Evening;401446;AMSTERDAM AV/W 129 ST;-73.954899;40.815135;27;30.0;Evening Busses;Car;HPP
M101-N-Evening;402692;3 AV/E 77 ST;-73.95799;40.773208;27;30.0;Evening Busses;Car;HPP
M101-N-Evening;401447;AMSTERDAM AV/W 131 ST;-73.953761;40.816685;28;30.0;Evening Busses;Car;HPP
M101-N-Evening;401448;AMSTERDAM AV/W 133 ST;-73.952922;40.81785;29;30.0;Evening Busses;Car;HPP
M101-N-Evening;402517;AMSTERDAM AV/W 135 ST;-73.95184;40.819316;30;30.0;Evening Busses;Car;HPP
M101-N-Evening;402518;AMSTERDAM AV/W 138 ST;-73.950578;40.821041;31;30.0;Evening Busses;Car;HPP
M101-N-Evening;402696;3 AV/E 88 ST;-73.952701;40.780478;31;30.0;Evening Busses;Car;HPP
M101-N-Evening;402519;AMSTERDAM AV/W 140 ST;-73.949594;40.822402;32;30.0;Evening Busses;Car;HPP
M101-N-Evening;402520;AMSTERDAM AV/W 143 ST;-73.94826;40.824241;33;30.0;Evening Busses;Car;HPP
M101-N-Evening;403765;3 AV/E 93 ST;-73.950493;40.783505;33;30.0;Evening Busses;Car;HPP
M101-N-Evening;402521;AMSTERDAM AV/W 145 ST;-73.947231;40.825615;34;30.0;Evening Busses;Car;HPP
M101-N-Evening;405103;AMSTERDAM AV/W 149 ST;-73.945755;40.827662;35;30.0;Evening Busses;Car;HPP
M101-N-Evening;405074;AMSTERDAM AV/W 152 ST;-73.944107;40.829905;36;30.0;Evening Busses;Car;HPP
M101-N-Evening;402526;AMSTERDAM AV/W 155 ST;-73.942827;40.831683;37;30.0;Evening Busses;Car;HPP
M101-N-Evening;405073;AMSTERDAM AV/W 158 ST;-73.941374;40.833638;38;30.0;Evening Busses;Car;HPP
M101-N-Evening;404853;AMSTERDAM AV/W 161 ST;-73.940199;40.835239;39;30.0;Evening Busses;Car;HPP
M101-N-Evening;405075;AMSTERDAM AV/W 164 ST;-73.938575;40.837468;40;30.0;Evening Busses;Car;HPP
M101-N-Evening;405076;AMSTERDAM AV/W 167 ST;-73.93697;40.839672;41;30.0;Evening Busses;Car;HPP
M101-N-Evening;402740;AMSTERDAM AV/W 171 ST;-73.935267;40.841978;42;30.0;Evening Busses;Car;HPP
M101-N-Evening;402741;AMSTERDAM AV/W 173 ST;-73.934443;40.84312;43;30.0;Evening Busses;Car;HPP
M101-N-Evening;405077;AMSTERDAM AV/W 176 ST;-73.932962;40.84515;44;30.0;Evening Busses;Car;HPP
M101-N-Evening;402744;AMSTERDAM AV/W 179 ST;-73.931612;40.847008;45;30.0;Evening Busses;Car;HPP
M101-N-Evening;402745;AMSTERDAM AV/W 181 ST;-73.930616;40.848358;46;30.0;Evening Busses;Car;HPP
M101-N-Evening;402748;AMSTERDAM AV/W 187 ST;-73.927829;40.852204;48;30.0;Evening Busses;Car;HPP
M101-N-Evening;402749;AMSTERDAM AV/W 190 ST;-73.926552;40.853927;49;30.0;Evening Busses;Car;HPP
M101-N-Evening;903340;FORT GEORGE AV/66 FORT GEORGE AV;-73.926518;40.858017;50;30.0;Evening Busses;Car;HPP
M101-N-Morning;405154;ASTOR PL/COOPER SQ EAST;-73.99004;40.729574;1;30.0;Morning;Car;HPP
M101-N-Morning;405155;3 AV/E 9 ST;-73.989235;40.730389;2;30.0;Morning;Car;HPP
M101-N-Morning;403913;3 AV/E 14 ST;-73.986787;40.733689;3;30.0;Morning;Car;HPP
M101-N-Morning;403855;3 AV/E 23 ST;-73.982771;40.739218;4;30.0;Morning;Car;HPP
M101-N-Morning;450228;3 AV/E 33 ST;-73.978601;40.744963;5;30.0;Morning;Car;HPP
M101-N-Morning;402679;3 AV/E 42 ST;-73.974122;40.751085;6;30.0;Morning;Car;HPP
M101-N-Morning;402682;3 AV/E 50 ST;-73.970922;40.755505;7;30.0;Morning;Car;HPP
M101-N-Morning;403545;3 AV/E 60 ST;-73.965738;40.762558;8;30.0;Morning;Car;HPP
M101-N-Morning;402688;3 AV/E 67 ST;-73.962513;40.767113;9;30.0;Morning;Car;HPP
M101-N-Morning;403432;3 AV/E 72 ST;-73.960281;40.770075;10;30.0;Morning;Car;HPP
M101-N-Morning;403433;3 AV/E 79 ST;-73.95697;40.774605;11;30.0;Morning;Car;HPP
M101-N-Morning;403434;3 AV/E 86 ST;-73.954179;40.778466;12;30.0;Morning;Car;HPP
M101-N-Morning;403777;3 AV/E 97 ST;-73.948748;40.78573;13;30.0;Morning;Car;HPP
M101-N-Morning;401946;3 AV/E 99 ST;-73.947273;40.787906;14;30.0;Morning;Car;HPP
M101-N-Morning;403436;3 AV/E 106 ST;-73.944367;40.79189;15;30.0;Morning;Car;HPP
M101-N-Morning;405181;3 AV/E 116 ST;-73.94004;40.797798;16;30.0;Morning;Car;HPP
M101-N-Morning;402502;E 125 ST/3 AV;-73.936221;40.803935;17;30.0;Morning;Car;HPP
M101-N-Morning;402503;E 125 ST/LEXINGTON AV;-73.937761;40.804584;18;30.0;Morning;Car;HPP
M101-N-Morning;402504;E 125 ST/PARK AV;-73.939475;40.805301;19;30.0;Morning;Car;HPP
M101-N-Morning;402505;E 125 ST/MADISON AV;-73.940999;40.805979;20;30.0;Morning;Car;HPP
M101-N-Morning;402506;W 125 ST/5 AV;-73.94244;40.806542;21;30.0;Morning;Car;HPP
M101-N-Morning;402507;W 125 ST/MALCOLM X BLVD;-73.945964;40.808026;22;30.0;Morning;Car;HPP
M101-N-Morning;402508;W 125 ST/ADAM C POWELL BLVD;-73.948781;40.809228;23;30.0;Morning;Car;HPP
M101-N-Morning;402509;W 125 ST/FREDERICK DOUGLASS BLVD;-73.951598;40.810402;24;30.0;Morning;Car;HPP
M101-N-Morning;402510;W 125 ST/SAINT NICHOLAS AV;-73.953007;40.811005;25;30.0;Morning;Car;HPP
M101-N-Morning;401444;AMSTERDAM AV/W 125 ST;-73.955868;40.813745;26;30.0;Morning;Car;HPP
M101-N-Morning;401446;AMSTERDAM AV/W 129 ST;-73.954899;40.815135;27;30.0;Morning;Car;HPP
M101-N-Morning;401447;AMSTERDAM AV/W 131 ST;-73.953761;40.816685;28;30.0;Morning;Car;HPP
M101-N-Morning;401448;AMSTERDAM AV/W 133 ST;-73.952922;40.81785;29;30.0;Morning;Car;HPP
M101-N-Morning;402517;AMSTERDAM AV/W 135 ST;-73.95184;40.819316;30;30.0;Morning;Car;HPP
M101-N-Morning;402518;AMSTERDAM AV/W 138 ST;-73.950578;40.821041;31;30.0;Morning;Car;HPP
M101-N-Morning;402519;AMSTERDAM AV/W 140 ST;-73.949594;40.822402;32;30.0;Morning;Car;HPP
M101-N-Morning;402520;AMSTERDAM AV/W 143 ST;-73.94826;40.824241;33;30.0;Morning;Car;HPP
M101-N-Morning;402521;AMSTERDAM AV/W 145 ST;-73.947231;40.825615;34;30.0;Morning;Car;HPP
M101-N-Morning;405103;AMSTERDAM AV/W 149 ST;-73.945755;40.827662;35;30.0;Morning;Car;HPP
M101-N-Morning;405074;AMSTERDAM AV/W 152 ST;-73.944107;40.829905;36;30.0;Morning;Car;HPP
M101-N-Morning;402526;AMSTERDAM AV/W 155 ST;-73.942827;40.831683;37;30.0;Morning;Car;HPP
M101-N-Morning;405073;AMSTERDAM AV/W 158 ST;-73.941374;40.833638;38;30.0;Morning;Car;HPP
M101-N-Morning;404853;AMSTERDAM AV/W 161 ST;-73.940199;40.835239;39;30.0;Morning;Car;HPP
M101-N-Morning;405075;AMSTERDAM AV/W 164 ST;-73.938575;40.837468;40;30.0;Morning;Car;HPP
M101-N-Morning;405076;AMSTERDAM AV/W 167 ST;-73.93697;40.839672;41;30.0;Morning;Car;HPP
M101-N-Morning;402740;AMSTERDAM AV/W 171 ST;-73.935267;40.841978;42;30.0;Morning;Car;HPP
M101-N-Morning;402741;AMSTERDAM AV/W 173 ST;-73.934443;40.84312;43;30.0;Morning;Car;HPP
M101-N-Morning;405077;AMSTERDAM AV/W 176 ST;-73.932962;40.84515;44;30.0;Morning;Car;HPP
M101-N-Morning;402744;AMSTERDAM AV/W 179 ST;-73.931612;40.847008;45;30.0;Morning;Car;HPP
M101-N-Morning;402745;AMSTERDAM AV/W 181 ST;-73.930616;40.848358;46;30.0;Morning;Car;HPP
M101-N-Morning;405185;AMSTERDAM AV/W 183 ST;-73.929603;40.849806;47;30.0;Morning;Car;HPP
M101-N-Morning;402748;AMSTERDAM AV/W 187 ST;-73.927829;40.852204;48;30.0;Morning;Car;HPP
M101-N-Morning;402749;AMSTERDAM AV/W 190 ST;-73.926552;40.853927;49;30.0;Morning;Car;HPP
M101-N-Morning;903340;FORT GEORGE AV/66 FORT GEORGE AV;-73.926518;40.858017;50;30.0;Morning;Car;HPP
M101-N-Night;405155;3 AV/E 9 ST;-73.989235;40.730389;2;30.0;Night;Car;HPP
M101-N-Night;402707;3 AV/E 118 ST;-73.938718;40.799578;9;30.0;Night;Car;HPP
M101-N-Night;450492;3 AV/E 121 ST;-73.937686;40.801025;10;30.0;Night;Car;HPP
M101-N-Night;450228;3 AV/E 33 ST;-73.978601;40.744963;11;30.0;Night;Car;HPP
M101-N-Night;402503;E 125 ST/LEXINGTON AV;-73.937761;40.804584;12;30.0;Night;Car;HPP
M101-N-Night;402678;3 AV/E 39 ST;-73.975585;40.749101;13;30.0;Night;Car;HPP
M101-N-Night;402679;3 AV/E 42 ST;-73.974122;40.751085;14;30.0;Night;Car;HPP
M101-N-Night;402506;W 125 ST/5 AV;-73.94244;40.806542;15;30.0;Night;Car;HPP
M101-N-Night;402507;W 125 ST/MALCOLM X BLVD;-73.945964;40.808026;16;30.0;Night;Car;HPP
M101-N-Night;405480;3 AV/E 57 ST;-73.967523;40.76014;19;30.0;Night;Car;HPP
M101-N-Night;401446;AMSTERDAM AV/W 129 ST;-73.954899;40.815135;21;30.0;Night;Car;HPP
M101-N-Night;402517;AMSTERDAM AV/W 135 ST;-73.95184;40.819316;24;30.0;Night;Car;HPP
M101-N-Night;402521;AMSTERDAM AV/W 145 ST;-73.947231;40.825615;28;30.0;Night;Car;HPP
M101-N-Night;402697;3 AV/E 91 ST;-73.951458;40.782086;32;30.0;Night;Car;HPP
M101-N-Night;404853;AMSTERDAM AV/W 161 ST;-73.940199;40.835239;33;30.0;Night;Car;HPP
M101-N-Night;405076;AMSTERDAM AV/W 167 ST;-73.93697;40.839672;35;30.0;Night;Car;HPP
M101-N-Night;401947;3 AV/E 102 ST;-73.946287;40.789273;36;30.0;Night;Car;HPP
M101-N-Night;402741;AMSTERDAM AV/W 173 ST;-73.934443;40.84312;37;30.0;Night;Car;HPP
M101-N-Night;403436;3 AV/E 106 ST;-73.944367;40.79189;38;30.0;Night;Car;HPP
M101-N-Night;405077;AMSTERDAM AV/W 176 ST;-73.932962;40.84515;38;30.0;Night;Car;HPP
M101-N-Night;402744;AMSTERDAM AV/W 179 ST;-73.931612;40.847008;39;30.0;Night;Car;HPP
M101-N-Night;402745;AMSTERDAM AV/W 181 ST;-73.930616;40.848358;40;30.0;Night;Car;HPP
M101-N-Night;405181;3 AV/E 116 ST;-73.94004;40.797798;41;30.0;Night;Car;HPP
M101-N-Night;402508;W 125 ST/ADAM C POWELL BLVD;-73.948781;40.809228;50;30.0;Night;Car;HPP
M101-N-Night;402509;W 125 ST/FREDERICK DOUGLASS BLVD;-73.951598;40.810402;51;30.0;Night;Car;HPP
M101-N-Night;402510;W 125 ST/SAINT NICHOLAS AV;-73.953007;40.811005;52;30.0;Night;Car;HPP
M101-N-Night;401444;AMSTERDAM AV/W 125 ST;-73.955868;40.813745;53;30.0;Night;Car;HPP
M101-N-Night;401447;AMSTERDAM AV/W 131 ST;-73.953761;40.816685;55;30.0;Night;Car;HPP
M101-N-Night;401448;AMSTERDAM AV/W 133 ST;-73.952922;40.81785;56;30.0;Night;Car;HPP
M101-N-Night;402518;AMSTERDAM AV/W 138 ST;-73.950578;40.821041;58;30.0;Night;Car;HPP
M101-N-Night;405074;AMSTERDAM AV/W 152 ST;-73.944107;40.829905;63;30.0;Night;Car;HPP
M101-N-Night;402526;AMSTERDAM AV/W 155 ST;-73.942827;40.831683;64;30.0;Night;Car;HPP
M101-N-Night;405073;AMSTERDAM AV/W 158 ST;-73.941374;40.833638;65;30.0;Night;Car;HPP
M101-N-Night;405075;AMSTERDAM AV/W 164 ST;-73.938575;40.837468;67;30.0;Night;Car;HPP
M101-N-Night;405185;AMSTERDAM AV/W 183 ST;-73.929603;40.849806;74;30.0;Night;Car;HPP
M101-N-Night;402749;AMSTERDAM AV/W 190 ST;-73.926552;40.853927;76;30.0;Night;Car;HPP
M101-N-Night;903340;FORT GEORGE AV/66 FORT GEORGE AV;-73.926518;40.858017;77;30.0;Night;Car;HPP
M101-N-RushHour;405154;ASTOR PL/COOPER SQ EAST;-73.99004;40.729574;1;30.0;Rush Hour;Car;HPP
M101-N-RushHour;405155;3 AV/E 9 ST;-73.989235;40.730389;2;30.0;Rush Hour;Car;HPP
M101-N-RushHour;403913;3 AV/E 14 ST;-73.986787;40.733689;3;30.0;Rush Hour;Car;HPP
M101-N-RushHour;403855;3 AV/E 23 ST;-73.982771;40.739218;4;30.0;Rush Hour;Car;HPP
M101-N-RushHour;450228;3 AV/E 33 ST;-73.978601;40.744963;5;30.0;Rush Hour;Car;HPP
M101-N-RushHour;402679;3 AV/E 42 ST;-73.974122;40.751085;6;30.0;Rush Hour;Car;HPP
M101-N-RushHour;402682;3 AV/E 50 ST;-73.970922;40.755505;7;30.0;Rush Hour;Car;HPP
M101-N-RushHour;403545;3 AV/E 60 ST;-73.965738;40.762558;8;30.0;Rush Hour;Car;HPP
M101-N-RushHour;402688;3 AV/E 67 ST;-73.962513;40.767113;9;30.0;Rush Hour;Car;HPP
M101-N-RushHour;403432;3 AV/E 72 ST;-73.960281;40.770075;10;30.0;Rush Hour;Car;HPP
M101-N-RushHour;403433;3 AV/E 79 ST;-73.95697;40.774605;11;30.0;Rush Hour;Car;HPP
M101-N-RushHour;403434;3 AV/E 86 ST;-73.954179;40.778466;12;30.0;Rush Hour;Car;HPP
M101-N-RushHour;403777;3 AV/E 97 ST;-73.948748;40.78573;13;30.0;Rush Hour;Car;HPP
M101-N-RushHour;401946;3 AV/E 99 ST;-73.947273;40.787906;14;30.0;Rush Hour;Car;HPP
M101-N-RushHour;403436;3 AV/E 106 ST;-73.944367;40.79189;15;30.0;Rush Hour;Car;HPP
M101-N-RushHour;405181;3 AV/E 116 ST;-73.94004;40.797798;16;30.0;Rush Hour;Car;HPP
M101-N-RushHour;402502;E 125 ST/3 AV;-73.936221;40.803935;17;30.0;Rush Hour;Car;HPP
M101-N-RushHour;402503;E 125 ST/LEXINGTON AV;-73.937761;40.804584;18;30.0;Rush Hour;Car;HPP
M101-N-RushHour;402504;E 125 ST/PARK AV;-73.939475;40.805301;19;30.0;Rush Hour;Car;HPP
M101-N-RushHour;402505;E 125 ST/MADISON AV;-73.940999;40.805979;20;30.0;Rush Hour;Car;HPP
M101-N-RushHour;402506;W 125 ST/5 AV;-73.94244;40.806542;21;30.0;Rush Hour;Car;HPP
M101-N-RushHour;402507;W 125 ST/MALCOLM X BLVD;-73.945964;40.808026;22;30.0;Rush Hour;Car;HPP
M101-N-RushHour;402508;W 125 ST/ADAM C POWELL BLVD;-73.948781;40.809228;23;30.0;Rush Hour;Car;HPP
M101-N-RushHour;402509;W 125 ST/FREDERICK DOUGLASS BLVD;-73.951598;40.810402;24;30.0;Rush Hour;Car;HPP
M101-N-RushHour;402510;W 125 ST/SAINT NICHOLAS AV;-73.953007;40.811005;25;30.0;Rush Hour;Car;HPP
M101-N-RushHour;401444;AMSTERDAM AV/W 125 ST;-73.955868;40.813745;26;30.0;Rush Hour;Car;HPP
M101-N-RushHour;401446;AMSTERDAM AV/W 129 ST;-73.954899;40.815135;27;30.0;Rush Hour;Car;HPP
M101-N-RushHour;401447;AMSTERDAM AV/W 131 ST;-73.953761;40.816685;28;30.0;Rush Hour;Car;HPP
M101-N-RushHour;401448;AMSTERDAM AV/W 133 ST;-73.952922;40.81785;29;30.0;Rush Hour;Car;HPP
M101-N-RushHour;402517;AMSTERDAM AV/W 135 ST;-73.95184;40.819316;30;30.0;Rush Hour;Car;HPP
M101-N-RushHour;402518;AMSTERDAM AV/W 138 ST;-73.950578;40.821041;31;30.0;Rush Hour;Car;HPP
M101-N-RushHour;402696;3 AV/E 88 ST;-73.952701;40.780478;31;30.0;Rush Hour;Car;HPP
M101-N-RushHour;402519;AMSTERDAM AV/W 140 ST;-73.949594;40.822402;32;30.0;Rush Hour;Car;HPP
M101-N-RushHour;402520;AMSTERDAM AV/W 143 ST;-73.94826;40.824241;33;30.0;Rush Hour;Car;HPP
M101-N-RushHour;403765;3 AV/E 93 ST;-73.950493;40.783505;33;30.0;Rush Hour;Car;HPP
M101-N-RushHour;402521;AMSTERDAM AV/W 145 ST;-73.947231;40.825615;34;30.0;Rush Hour;Car;HPP
M101-N-RushHour;405103;AMSTERDAM AV/W 149 ST;-73.945755;40.827662;35;30.0;Rush Hour;Car;HPP
M101-N-RushHour;405074;AMSTERDAM AV/W 152 ST;-73.944107;40.829905;36;30.0;Rush Hour;Car;HPP
M101-N-RushHour;402526;AMSTERDAM AV/W 155 ST;-73.942827;40.831683;37;30.0;Rush Hour;Car;HPP
M101-N-RushHour;405073;AMSTERDAM AV/W 158 ST;-73.941374;40.833638;38;30.0;Rush Hour;Car;HPP
M101-N-RushHour;402704;3 AV/E 109 ST;-73.943005;40.793765;39;30.0;Rush Hour;Car;HPP
M101-N-RushHour;404853;AMSTERDAM AV/W 161 ST;-73.940199;40.835239;39;30.0;Rush Hour;Car;HPP
M101-N-RushHour;405075;AMSTERDAM AV/W 164 ST;-73.938575;40.837468;40;30.0;Rush Hour;Car;HPP
M101-N-RushHour;405076;AMSTERDAM AV/W 167 ST;-73.93697;40.839672;41;30.0;Rush Hour;Car;HPP
M101-N-RushHour;402707;3 AV/E 118 ST;-73.938718;40.799578;42;30.0;Rush Hour;Car;HPP
M101-N-RushHour;402740;AMSTERDAM AV/W 171 ST;-73.935267;40.841978;42;30.0;Rush Hour;Car;HPP
M101-N-RushHour;402741;AMSTERDAM AV/W 173 ST;-73.934443;40.84312;43;30.0;Rush Hour;Car;HPP
M101-N-RushHour;405077;AMSTERDAM AV/W 176 ST;-73.932962;40.84515;44;30.0;Rush Hour;Car;HPP
M101-N-RushHour;402744;AMSTERDAM AV/W 179 ST;-73.931612;40.847008;45;30.0;Rush Hour;Car;HPP
M101-N-RushHour;402745;AMSTERDAM AV/W 181 ST;-73.930616;40.848358;46;30.0;Rush Hour;Car;HPP
M101-N-RushHour;402748;AMSTERDAM AV/W 187 ST;-73.927829;40.852204;48;30.0;Rush Hour;Car;HPP
M101-N-RushHour;402749;AMSTERDAM AV/W 190 ST;-73.926552;40.853927;49;30.0;Rush Hour;Car;HPP
M101-N-RushHour;903340;FORT GEORGE AV/66 FORT GEORGE AV;-73.926518;40.858017;50;30.0;Rush Hour;Car;HPP
M101-S-Day;903341;FT GEORGE AV/FORT GEORGE HILL;-73.927934;40.857095;1;30.0;Day Busses;Car;HPP
M101-S-Day;404008;AMSTERDAM AV/W 190 ST;-73.927069;40.853438;2;30.0;Day Busses;Car;HPP
M101-S-Day;402764;AMSTERDAM AV/W 188 ST;-73.927959;40.852241;3;30.0;Day Busses;Car;HPP
M101-S-Day;405186;AMSTERDAM AV/W 185 ST;-73.929187;40.850616;4;30.0;Day Busses;Car;HPP
M101-S-Day;402766;AMSTERDAM AV/W 184 ST;-73.929899;40.849558;5;30.0;Day Busses;Car;HPP
M101-S-Day;402767;AMSTERDAM AV/W 181 ST;-73.930845;40.848228;6;30.0;Day Busses;Car;HPP
M101-S-Day;402769;AMSTERDAM AV/W 178 ST;-73.932601;40.845883;7;30.0;Day Busses;Car;HPP
M101-S-Day;405069;AMSTERDAM AV/W 175 ST;-73.934076;40.84381;8;30.0;Day Busses;Car;HPP
M101-S-Day;402772;AMSTERDAM AV/W 172 ST;-73.935378;40.842043;9;30.0;Day Busses;Car;HPP
M101-S-Day;402773;AMSTERDAM AV/W 170 ST;-73.936399;40.840658;10;30.0;Day Busses;Car;HPP
M101-S-Day;402774;AMSTERDAM AV/W 168 ST;-73.937226;40.839549;11;30.0;Day Busses;Car;HPP
M101-S-Day;405070;AMSTERDAM AV/W 165 ST;-73.938646;40.837603;12;30.0;Day Busses;Car;HPP
M101-S-Day;404949;AMSTERDAM AV/W 161 ST;-73.940181;40.835536;13;30.0;Day Busses;Car;HPP
M101-S-Day;402638;AMSTERDAM AV/W 158 ST;-73.941776;40.833351;14;30.0;Day Busses;Car;HPP
M101-S-Day;402639;AMSTERDAM AV/W 156 ST;-73.942813;40.831932;15;30.0;Day Busses;Car;HPP
M101-S-Day;402641;AMSTERDAM AV/W 152 ST;-73.944372;40.829745;16;30.0;Day Busses;Car;HPP
M101-S-Day;402642;AMSTERDAM AV/W 150 ST;-73.945613;40.82806;17;30.0;Day Busses;Car;HPP
M101-S-Day;402643;AMSTERDAM AV/W 148 ST;-73.946446;40.826908;18;30.0;Day Busses;Car;HPP
M101-S-Day;402644;AMSTERDAM AV/W 145 ST;-73.947888;40.824949;19;30.0;Day Busses;Car;HPP
M101-S-Day;402645;AMSTERDAM AV/W 143 ST;-73.948866;40.823629;20;30.0;Day Busses;Car;HPP
M101-S-Day;402646;AMSTERDAM AV/W 140 ST;-73.950244;40.821716;21;30.0;Day Busses;Car;HPP
M101-S-Day;402647;AMSTERDAM AV/W 138 ST;-73.95113;40.820487;22;30.0;Day Busses;Car;HPP
M101-S-Day;405078;AMSTERDAM AV/W 135 ST;-73.952522;40.818605;23;30.0;Day Busses;Car;HPP
M101-S-Day;401458;AMSTERDAM AV/W 131 ST;-73.954424;40.816009;24;30.0;Day Busses;Car;HPP
M101-S-Day;401459;AMSTERDAM AV/W 129 ST;-73.95525;40.814859;25;30.0;Day Busses;Car;HPP
M101-S-Day;402653;W 125 ST/AMSTERDAM AV;-73.955693;40.812602;26;30.0;Day Busses;Car;HPP
M101-S-Day;402723;W 125 ST/MORNINGSIDE AV;-73.954184;40.811402;27;30.0;Day Busses;Car;HPP
M101-S-Day;405416;W 125 ST/SAINT NICHOLAS AV;-73.951805;40.810371;28;30.0;Day Busses;Car;HPP
M101-S-Day;402657;W 125 ST/FREDERICK DOUGLASS BLVD;-73.950705;40.809908;29;30.0;Day Busses;Car;HPP
M101-S-Day;402658;W 125 ST/ADAM C POWELL BLVD;-73.947836;40.8087;30;30.0;Day Busses;Car;HPP
M101-S-Day;402659;W 125 ST/MALCOLM X  BLVD;-73.945026;40.807514;31;30.0;Day Busses;Car;HPP
M101-S-Day;402660;E 125 ST/5 AV;-73.941853;40.806201;32;30.0;Day Busses;Car;HPP
M101-S-Day;402661;E 125 ST/MADISON AV;-73.940296;40.805533;33;30.0;Day Busses;Car;HPP
M101-S-Day;402662;E 125 ST/PARK AV;-73.938583;40.804799;34;30.0;Day Busses;Car;HPP
M101-S-Day;404255;LEXINGTON AV/E 124 ST;-73.937851;40.803886;35;30.0;Day Busses;Car;HPP
M101-S-Day;403416;LEXINGTON AV/E 116 ST;-73.942022;40.798149;36;30.0;Day Busses;Car;HPP
M101-S-Day;403417;LEXINGTON AV/E 106 ST;-73.946585;40.791892;37;30.0;Day Busses;Car;HPP
M101-S-Day;402816;LEXINGTON AV/E 100 ST;-73.949209;40.78827;38;30.0;Day Busses;Car;HPP
M101-S-Day;403418;LEXINGTON AV/E 96 ST;-73.95133;40.78548;39;30.0;Day Busses;Car;HPP
M101-S-Day;403419;LEXINGTON AV/E 86 ST;-73.955739;40.779426;40;30.0;Day Busses;Car;HPP
M101-S-Day;402826;LEXINGTON AV/E 79 ST;-73.959031;40.774914;41;30.0;Day Busses;Car;HPP
M101-S-Day;403421;LEXINGTON AV/E 72 ST;-73.962352;40.770316;42;30.0;Day Busses;Car;HPP
M101-S-Day;403422;LEXINGTON AV/E 68 ST;-73.964248;40.767713;43;30.0;Day Busses;Car;HPP
M101-S-Day;404171;LEXINGTON AV/E 59 ST;-73.968336;40.762106;44;30.0;Day Busses;Car;HPP
M101-S-Day;403424;LEXINGTON AV/E 50 ST;-73.972382;40.756659;45;30.0;Day Busses;Car;HPP
M101-S-Day;403425;LEXINGTON AV/E 42 ST;-73.976286;40.751393;46;30.0;Day Busses;Car;HPP
M101-S-Day;403821;LEXINGTON AV / E 34 ST;-73.97997;40.746315;47;30.0;Day Busses;Car;HPP
M101-S-Day;402854;3 AV/E 23 ST;-73.983129;40.738982;48;30.0;Day Busses;Car;HPP
M101-S-Day;404106;3 AV/E 14 ST;-73.987502;40.732955;49;30.0;Day Busses;Car;HPP
M101-S-Day;903148;3 AV/ASTOR PL;-73.990259;40.729113;50;30.0;Day Busses;Car;HPP
M101-S-Evening;402764;AMSTERDAM AV/W 188 ST;-73.927959;40.852241;3;30.0;Evening Busses;Car;HPP
M101-S-Evening;405186;AMSTERDAM AV/W 185 ST;-73.929187;40.850616;4;30.0;Evening Busses;Car;HPP
M101-S-Evening;402766;AMSTERDAM AV/W 184 ST;-73.929899;40.849558;5;30.0;Evening Busses;Car;HPP
M101-S-Evening;402767;AMSTERDAM AV/W 181 ST;-73.930845;40.848228;6;30.0;Evening Busses;Car;HPP
M101-S-Evening;402769;AMSTERDAM AV/W 178 ST;-73.932601;40.845883;7;30.0;Evening Busses;Car;HPP
M101-S-Evening;405069;AMSTERDAM AV/W 175 ST;-73.934076;40.84381;8;30.0;Evening Busses;Car;HPP
M101-S-Evening;402772;AMSTERDAM AV/W 172 ST;-73.935378;40.842043;9;30.0;Evening Busses;Car;HPP
M101-S-Evening;402773;AMSTERDAM AV/W 170 ST;-73.936399;40.840658;10;30.0;Evening Busses;Car;HPP
M101-S-Evening;402774;AMSTERDAM AV/W 168 ST;-73.937226;40.839549;11;30.0;Evening Busses;Car;HPP
M101-S-Evening;405070;AMSTERDAM AV/W 165 ST;-73.938646;40.837603;12;30.0;Evening Busses;Car;HPP
M101-S-Evening;404949;AMSTERDAM AV/W 161 ST;-73.940181;40.835536;13;30.0;Evening Busses;Car;HPP
M101-S-Evening;402638;AMSTERDAM AV/W 158 ST;-73.941776;40.833351;14;30.0;Evening Busses;Car;HPP
M101-S-Evening;402639;AMSTERDAM AV/W 156 ST;-73.942813;40.831932;15;30.0;Evening Busses;Car;HPP
M101-S-Evening;402641;AMSTERDAM AV/W 152 ST;-73.944372;40.829745;16;30.0;Evening Busses;Car;HPP
M101-S-Evening;402642;AMSTERDAM AV/W 150 ST;-73.945613;40.82806;17;30.0;Evening Busses;Car;HPP
M101-S-Evening;402643;AMSTERDAM AV/W 148 ST;-73.946446;40.826908;18;30.0;Evening Busses;Car;HPP
M101-S-Evening;402644;AMSTERDAM AV/W 145 ST;-73.947888;40.824949;19;30.0;Evening Busses;Car;HPP
M101-S-Evening;402645;AMSTERDAM AV/W 143 ST;-73.948866;40.823629;20;30.0;Evening Busses;Car;HPP
M101-S-Evening;402646;AMSTERDAM AV/W 140 ST;-73.950244;40.821716;21;30.0;Evening Busses;Car;HPP
M101-S-Evening;402647;AMSTERDAM AV/W 138 ST;-73.95113;40.820487;22;30.0;Evening Busses;Car;HPP
M101-S-Evening;405078;AMSTERDAM AV/W 135 ST;-73.952522;40.818605;23;30.0;Evening Busses;Car;HPP
M101-S-Evening;401458;AMSTERDAM AV/W 131 ST;-73.954424;40.816009;24;30.0;Evening Busses;Car;HPP
M101-S-Evening;401459;AMSTERDAM AV/W 129 ST;-73.95525;40.814859;25;30.0;Evening Busses;Car;HPP
M101-S-Evening;402653;W 125 ST/AMSTERDAM AV;-73.955693;40.812602;26;30.0;Evening Busses;Car;HPP
M101-S-Evening;402723;W 125 ST/MORNINGSIDE AV;-73.954184;40.811402;27;30.0;Evening Busses;Car;HPP
M101-S-Evening;405416;W 125 ST/SAINT NICHOLAS AV;-73.951805;40.810371;28;30.0;Evening Busses;Car;HPP
M101-S-Evening;402657;W 125 ST/FREDERICK DOUGLASS BLVD;-73.950705;40.809908;29;30.0;Evening Busses;Car;HPP
M101-S-Evening;402658;W 125 ST/ADAM C POWELL BLVD;-73.947836;40.8087;30;30.0;Evening Busses;Car;HPP
M101-S-Evening;402659;W 125 ST/MALCOLM X  BLVD;-73.945026;40.807514;31;30.0;Evening Busses;Car;HPP
M101-S-Evening;402660;E 125 ST/5 AV;-73.941853;40.806201;32;30.0;Evening Busses;Car;HPP
M101-S-Evening;402661;E 125 ST/MADISON AV;-73.940296;40.805533;33;30.0;Evening Busses;Car;HPP
M101-S-Evening;402662;E 125 ST/PARK AV;-73.938583;40.804799;34;30.0;Evening Busses;Car;HPP
M101-S-Evening;404255;LEXINGTON AV/E 124 ST;-73.937851;40.803886;35;30.0;Evening Busses;Car;HPP
M101-S-Evening;402805;LEXINGTON AV/E 122 ST;-73.939144;40.802094;36;30.0;Evening Busses;Car;HPP
M101-S-Evening;403416;LEXINGTON AV/E 116 ST;-73.942022;40.798149;36;30.0;Evening Busses;Car;HPP
M101-S-Evening;403417;LEXINGTON AV/E 106 ST;-73.946585;40.791892;37;30.0;Evening Busses;Car;HPP
M101-S-Evening;405057;LEXINGTON AV/E 119 ST;-73.94052;40.800189;37;30.0;Evening Busses;Car;HPP
M101-S-Evening;402816;LEXINGTON AV/E 100 ST;-73.949209;40.78827;38;30.0;Evening Busses;Car;HPP
M101-S-Evening;405272;E 24 ST/LEXINGTON AV;-73.984009;40.739992;38;30.0;Evening Busses;Car;HPP
M101-S-Evening;402809;LEXINGTON AV/E 114 ST;-73.942746;40.797178;39;30.0;Evening Busses;Car;HPP
M101-S-Evening;403418;LEXINGTON AV/E 96 ST;-73.95133;40.78548;39;30.0;Evening Busses;Car;HPP
M101-S-Evening;402811;LEXINGTON AV/E 110 ST;-73.944667;40.794544;40;30.0;Evening Busses;Car;HPP
M101-S-Evening;403419;LEXINGTON AV/E 86 ST;-73.955739;40.779426;40;30.0;Evening Busses;Car;HPP
M101-S-Evening;402826;LEXINGTON AV/E 79 ST;-73.959031;40.774914;41;30.0;Evening Busses;Car;HPP
M101-S-Evening;403421;LEXINGTON AV/E 72 ST;-73.962352;40.770316;42;30.0;Evening Busses;Car;HPP
M101-S-Evening;401974;LEXINGTON AV/E 102 ST;-73.948437;40.789366;43;30.0;Evening Busses;Car;HPP
M101-S-Evening;403422;LEXINGTON AV/E 68 ST;-73.964248;40.767713;43;30.0;Evening Busses;Car;HPP
M101-S-Evening;404171;LEXINGTON AV/E 59 ST;-73.968336;40.762106;44;30.0;Evening Busses;Car;HPP
M101-S-Evening;403424;LEXINGTON AV/E 50 ST;-73.972382;40.756659;45;30.0;Evening Busses;Car;HPP
M101-S-Evening;403425;LEXINGTON AV/E 42 ST;-73.976286;40.751393;46;30.0;Evening Busses;Car;HPP
M101-S-Evening;403821;LEXINGTON AV / E 34 ST;-73.97997;40.746315;47;30.0;Evening Busses;Car;HPP
M101-S-Evening;402854;3 AV/E 23 ST;-73.983129;40.738982;48;30.0;Evening Busses;Car;HPP
M101-S-Evening;404106;3 AV/E 14 ST;-73.987502;40.732955;49;30.0;Evening Busses;Car;HPP
M101-S-Evening;903148;3 AV/ASTOR PL;-73.990259;40.729113;50;30.0;Evening Busses;Car;HPP
M101-S-Evening;405406;LEXINGTON AV/E 64 St;-73.966019;40.765236;58;30.0;Evening Busses;Car;HPP
M101-S-Evening;402838;LEXINGTON AV/E 56 ST;-73.96977;40.760207;61;30.0;Evening Busses;Car;HPP
M101-S-Evening;402839;LEXINGTON AV/E 53 ST;-73.971336;40.758062;62;30.0;Evening Busses;Car;HPP
M101-S-Evening;402851;LEXINGTON AV/E 28 ST;-73.982721;40.742375;70;30.0;Evening Busses;Car;HPP
M101-S-Evening;402856;3 AV/E 17 ST;-73.986103;40.73487;75;30.0;Evening Busses;Car;HPP
M101-S-Morning;903341;FT GEORGE AV/FORT GEORGE HILL;-73.927934;40.857095;1;30.0;Morning;Car;HPP
M101-S-Morning;404008;AMSTERDAM AV/W 190 ST;-73.927069;40.853438;2;30.0;Morning;Car;HPP
M101-S-Morning;402764;AMSTERDAM AV/W 188 ST;-73.927959;40.852241;3;30.0;Morning;Car;HPP
M101-S-Morning;405186;AMSTERDAM AV/W 185 ST;-73.929187;40.850616;4;30.0;Morning;Car;HPP
M101-S-Morning;402766;AMSTERDAM AV/W 184 ST;-73.929899;40.849558;5;30.0;Morning;Car;HPP
M101-S-Morning;402767;AMSTERDAM AV/W 181 ST;-73.930845;40.848228;6;30.0;Morning;Car;HPP
M101-S-Morning;402769;AMSTERDAM AV/W 178 ST;-73.932601;40.845883;7;30.0;Morning;Car;HPP
M101-S-Morning;405069;AMSTERDAM AV/W 175 ST;-73.934076;40.84381;8;30.0;Morning;Car;HPP
M101-S-Morning;402772;AMSTERDAM AV/W 172 ST;-73.935378;40.842043;9;30.0;Morning;Car;HPP
M101-S-Morning;402773;AMSTERDAM AV/W 170 ST;-73.936399;40.840658;10;30.0;Morning;Car;HPP
M101-S-Morning;402774;AMSTERDAM AV/W 168 ST;-73.937226;40.839549;11;30.0;Morning;Car;HPP
M101-S-Morning;405070;AMSTERDAM AV/W 165 ST;-73.938646;40.837603;12;30.0;Morning;Car;HPP
M101-S-Morning;404949;AMSTERDAM AV/W 161 ST;-73.940181;40.835536;13;30.0;Morning;Car;HPP
M101-S-Morning;402638;AMSTERDAM AV/W 158 ST;-73.941776;40.833351;14;30.0;Morning;Car;HPP
M101-S-Morning;402639;AMSTERDAM AV/W 156 ST;-73.942813;40.831932;15;30.0;Morning;Car;HPP
M101-S-Morning;402641;AMSTERDAM AV/W 152 ST;-73.944372;40.829745;16;30.0;Morning;Car;HPP
M101-S-Morning;402835;LEXINGTON AV/E 62 ST;-73.967079;40.763812;16;30.0;Morning;Car;HPP
M101-S-Morning;402642;AMSTERDAM AV/W 150 ST;-73.945613;40.82806;17;30.0;Morning;Car;HPP
M101-S-Morning;402643;AMSTERDAM AV/W 148 ST;-73.946446;40.826908;18;30.0;Morning;Car;HPP
M101-S-Morning;402838;LEXINGTON AV/E 56 ST;-73.96977;40.760207;18;30.0;Morning;Car;HPP
M101-S-Morning;402644;AMSTERDAM AV/W 145 ST;-73.947888;40.824949;19;30.0;Morning;Car;HPP
M101-S-Morning;402839;LEXINGTON AV/E 53 ST;-73.971336;40.758062;19;30.0;Morning;Car;HPP
M101-S-Morning;402645;AMSTERDAM AV/W 143 ST;-73.948866;40.823629;20;30.0;Morning;Car;HPP
M101-S-Morning;402646;AMSTERDAM AV/W 140 ST;-73.950244;40.821716;21;30.0;Morning;Car;HPP
M101-S-Morning;402842;LEXINGTON AV/E 46 ST;-73.974132;40.754142;21;30.0;Morning;Car;HPP
M101-S-Morning;402647;AMSTERDAM AV/W 138 ST;-73.95113;40.820487;22;30.0;Morning;Car;HPP
M101-S-Morning;405078;AMSTERDAM AV/W 135 ST;-73.952522;40.818605;23;30.0;Morning;Car;HPP
M101-S-Morning;401458;AMSTERDAM AV/W 131 ST;-73.954424;40.816009;24;30.0;Morning;Car;HPP
M101-S-Morning;401459;AMSTERDAM AV/W 129 ST;-73.95525;40.814859;25;30.0;Morning;Car;HPP
M101-S-Morning;402653;W 125 ST/AMSTERDAM AV;-73.955693;40.812602;26;30.0;Morning;Car;HPP
M101-S-Morning;402723;W 125 ST/MORNINGSIDE AV;-73.954184;40.811402;27;30.0;Morning;Car;HPP
M101-S-Morning;405416;W 125 ST/SAINT NICHOLAS AV;-73.951805;40.810371;28;30.0;Morning;Car;HPP
M101-S-Morning;402657;W 125 ST/FREDERICK DOUGLASS BLVD;-73.950705;40.809908;29;30.0;Morning;Car;HPP
M101-S-Morning;402658;W 125 ST/ADAM C POWELL BLVD;-73.947836;40.8087;30;30.0;Morning;Car;HPP
M101-S-Morning;402659;W 125 ST/MALCOLM X  BLVD;-73.945026;40.807514;31;30.0;Morning;Car;HPP
M101-S-Morning;402660;E 125 ST/5 AV;-73.941853;40.806201;32;30.0;Morning;Car;HPP
M101-S-Morning;402661;E 125 ST/MADISON AV;-73.940296;40.805533;33;30.0;Morning;Car;HPP
M101-S-Morning;402662;E 125 ST/PARK AV;-73.938583;40.804799;34;30.0;Morning;Car;HPP
M101-S-Morning;404255;LEXINGTON AV/E 124 ST;-73.937851;40.803886;35;30.0;Morning;Car;HPP
M101-S-Morning;403416;LEXINGTON AV/E 116 ST;-73.942022;40.798149;36;30.0;Morning;Car;HPP
M101-S-Morning;403417;LEXINGTON AV/E 106 ST;-73.946585;40.791892;37;30.0;Morning;Car;HPP
M101-S-Morning;402816;LEXINGTON AV/E 100 ST;-73.949209;40.78827;38;30.0;Morning;Car;HPP
M101-S-Morning;403418;LEXINGTON AV/E 96 ST;-73.95133;40.78548;39;30.0;Morning;Car;HPP
M101-S-Morning;403419;LEXINGTON AV/E 86 ST;-73.955739;40.779426;40;30.0;Morning;Car;HPP
M101-S-Morning;402826;LEXINGTON AV/E 79 ST;-73.959031;40.774914;41;30.0;Morning;Car;HPP
M101-S-Morning;403421;LEXINGTON AV/E 72 ST;-73.962352;40.770316;42;30.0;Morning;Car;HPP
M101-S-Morning;403422;LEXINGTON AV/E 68 ST;-73.964248;40.767713;43;30.0;Morning;Car;HPP
M101-S-Morning;404171;LEXINGTON AV/E 59 ST;-73.968336;40.762106;44;30.0;Morning;Car;HPP
M101-S-Morning;403424;LEXINGTON AV/E 50 ST;-73.972382;40.756659;45;30.0;Morning;Car;HPP
M101-S-Morning;403425;LEXINGTON AV/E 42 ST;-73.976286;40.751393;46;30.0;Morning;Car;HPP
M101-S-Morning;403821;LEXINGTON AV / E 34 ST;-73.97997;40.746315;47;30.0;Morning;Car;HPP
M101-S-Morning;402854;3 AV/E 23 ST;-73.983129;40.738982;48;30.0;Morning;Car;HPP
M101-S-Morning;404106;3 AV/E 14 ST;-73.987502;40.732955;49;30.0;Morning;Car;HPP
M101-S-Morning;903148;3 AV/ASTOR PL;-73.990259;40.729113;50;30.0;Morning;Car;HPP
M101-S-Night;903341;FT GEORGE AV/FORT GEORGE HILL;-73.927934;40.857095;1;30.0;Night;Car;HPP
M101-S-Night;404008;AMSTERDAM AV/W 190 ST;-73.927069;40.853438;2;30.0;Night;Car;HPP
M101-S-Night;402764;AMSTERDAM AV/W 188 ST;-73.927959;40.852241;3;30.0;Night;Car;HPP
M101-S-Night;402767;AMSTERDAM AV/W 181 ST;-73.930845;40.848228;6;30.0;Night;Car;HPP
M101-S-Night;405069;AMSTERDAM AV/W 175 ST;-73.934076;40.84381;8;30.0;Night;Car;HPP
M101-S-Night;402772;AMSTERDAM AV/W 172 ST;-73.935378;40.842043;9;30.0;Night;Car;HPP
M101-S-Night;402773;AMSTERDAM AV/W 170 ST;-73.936399;40.840658;10;30.0;Night;Car;HPP
M101-S-Night;402774;AMSTERDAM AV/W 168 ST;-73.937226;40.839549;11;30.0;Night;Car;HPP
M101-S-Night;405070;AMSTERDAM AV/W 165 ST;-73.938646;40.837603;12;30.0;Night;Car;HPP
M101-S-Night;404949;AMSTERDAM AV/W 161 ST;-73.940181;40.835536;13;30.0;Night;Car;HPP
M101-S-Night;402638;AMSTERDAM AV/W 158 ST;-73.941776;40.833351;14;30.0;Night;Car;HPP
M101-S-Night;402639;AMSTERDAM AV/W 156 ST;-73.942813;40.831932;15;30.0;Night;Car;HPP
M101-S-Night;402643;AMSTERDAM AV/W 148 ST;-73.946446;40.826908;18;30.0;Night;Car;HPP
M101-S-Night;402644;AMSTERDAM AV/W 145 ST;-73.947888;40.824949;19;30.0;Night;Car;HPP
M101-S-Night;402645;AMSTERDAM AV/W 143 ST;-73.948866;40.823629;20;30.0;Night;Car;HPP
M101-S-Night;402646;AMSTERDAM AV/W 140 ST;-73.950244;40.821716;21;30.0;Night;Car;HPP
M101-S-Night;405078;AMSTERDAM AV/W 135 ST;-73.952522;40.818605;23;30.0;Night;Car;HPP
M101-S-Night;401458;AMSTERDAM AV/W 131 ST;-73.954424;40.816009;24;30.0;Night;Car;HPP
M101-S-Night;401459;AMSTERDAM AV/W 129 ST;-73.95525;40.814859;25;30.0;Night;Car;HPP
M101-S-Night;402653;W 125 ST/AMSTERDAM AV;-73.955693;40.812602;26;30.0;Night;Car;HPP
M101-S-Night;402723;W 125 ST/MORNINGSIDE AV;-73.954184;40.811402;27;30.0;Night;Car;HPP
M101-S-Night;405416;W 125 ST/SAINT NICHOLAS AV;-73.951805;40.810371;28;30.0;Night;Car;HPP
M101-S-Night;402657;W 125 ST/FREDERICK DOUGLASS BLVD;-73.950705;40.809908;29;30.0;Night;Car;HPP
M101-S-Night;402659;W 125 ST/MALCOLM X  BLVD;-73.945026;40.807514;31;30.0;Night;Car;HPP
M101-S-Night;402661;E 125 ST/MADISON AV;-73.940296;40.805533;33;30.0;Night;Car;HPP
M101-S-Night;402662;E 125 ST/PARK AV;-73.938583;40.804799;34;30.0;Night;Car;HPP
M101-S-Night;404255;LEXINGTON AV/E 124 ST;-73.937851;40.803886;35;30.0;Night;Car;HPP
M101-S-Night;402805;LEXINGTON AV/E 122 ST;-73.939144;40.802094;36;30.0;Night;Car;HPP
M101-S-Night;403416;LEXINGTON AV/E 116 ST;-73.942022;40.798149;38;30.0;Night;Car;HPP
M101-S-Night;402811;LEXINGTON AV/E 110 ST;-73.944667;40.794544;40;30.0;Night;Car;HPP
M101-S-Night;403417;LEXINGTON AV/E 106 ST;-73.946585;40.791892;41;30.0;Night;Car;HPP
M101-S-Night;401973;LEXINGTON AV/E 104 ST;-73.947556;40.79057;42;30.0;Night;Car;HPP
M101-S-Night;403749;LEXINGTON AV/E 98 ST;-73.949971;40.787269;45;30.0;Night;Car;HPP
M101-S-Night;403418;LEXINGTON AV/E 96 ST;-73.95133;40.78548;46;30.0;Night;Car;HPP
M101-S-Night;403419;LEXINGTON AV/E 86 ST;-73.955739;40.779426;50;30.0;Night;Car;HPP
M101-S-Night;402826;LEXINGTON AV/E 79 ST;-73.959031;40.774914;52;30.0;Night;Car;HPP
M101-S-Night;403421;LEXINGTON AV/E 72 ST;-73.962352;40.770316;55;30.0;Night;Car;HPP
M101-S-Night;402831;LEXINGTON AV/E 70 ST;-73.96332;40.769067;56;30.0;Night;Car;HPP
M101-S-Night;405406;LEXINGTON AV/E 64 St;-73.966019;40.765236;58;30.0;Night;Car;HPP
M101-S-Night;404171;LEXINGTON AV/E 59 ST;-73.968336;40.762106;60;30.0;Night;Car;HPP
M101-S-Night;402839;LEXINGTON AV/E 53 ST;-73.971336;40.758062;62;30.0;Night;Car;HPP
M101-S-Night;403425;LEXINGTON AV/E 42 ST;-73.976286;40.751393;65;30.0;Night;Car;HPP
M101-S-Night;405530;LEXINGTON AV/E 37 ST;-73.978535;40.748126;67;30.0;Night;Car;HPP
M101-S-Night;402851;LEXINGTON AV/E 28 ST;-73.982721;40.742375;70;30.0;Night;Car;HPP
M101-S-RushHour;405069;AMSTERDAM AV/W 175 ST;-73.934076;40.84381;8;30.0;Rush Hour;Car;HPP
M101-S-RushHour;405070;AMSTERDAM AV/W 165 ST;-73.938646;40.837603;12;30.0;Rush Hour;Car;HPP
M101-S-RushHour;402644;AMSTERDAM AV/W 145 ST;-73.947888;40.824949;19;30.0;Rush Hour;Car;HPP
M101-S-RushHour;402646;AMSTERDAM AV/W 140 ST;-73.950244;40.821716;21;30.0;Rush Hour;Car;HPP
M101-S-RushHour;401459;AMSTERDAM AV/W 129 ST;-73.95525;40.814859;25;30.0;Rush Hour;Car;HPP
M101-S-RushHour;402653;W 125 ST/AMSTERDAM AV;-73.955693;40.812602;26;30.0;Rush Hour;Car;HPP
M101-S-RushHour;402723;W 125 ST/MORNINGSIDE AV;-73.954184;40.811402;27;30.0;Rush Hour;Car;HPP
M101-S-RushHour;402657;W 125 ST/FREDERICK DOUGLASS BLVD;-73.950705;40.809908;29;30.0;Rush Hour;Car;HPP
M101-S-RushHour;402658;W 125 ST/ADAM C POWELL BLVD;-73.947836;40.8087;30;30.0;Rush Hour;Car;HPP
M101-S-RushHour;402659;W 125 ST/MALCOLM X  BLVD;-73.945026;40.807514;31;30.0;Rush Hour;Car;HPP
M101-S-RushHour;402660;E 125 ST/5 AV;-73.941853;40.806201;32;30.0;Rush Hour;Car;HPP
M101-S-RushHour;402661;E 125 ST/MADISON AV;-73.940296;40.805533;33;30.0;Rush Hour;Car;HPP
M101-S-RushHour;402662;E 125 ST/PARK AV;-73.938583;40.804799;34;30.0;Rush Hour;Car;HPP
M101-S-RushHour;404255;LEXINGTON AV/E 124 ST;-73.937851;40.803886;35;30.0;Rush Hour;Car;HPP
M101-S-RushHour;403416;LEXINGTON AV/E 116 ST;-73.942022;40.798149;36;30.0;Rush Hour;Car;HPP
M101-S-RushHour;403417;LEXINGTON AV/E 106 ST;-73.946585;40.791892;37;30.0;Rush Hour;Car;HPP
M101-S-RushHour;402816;LEXINGTON AV/E 100 ST;-73.949209;40.78827;38;30.0;Rush Hour;Car;HPP
M101-S-RushHour;403418;LEXINGTON AV/E 96 ST;-73.95133;40.78548;39;30.0;Rush Hour;Car;HPP
M101-S-RushHour;403419;LEXINGTON AV/E 86 ST;-73.955739;40.779426;40;30.0;Rush Hour;Car;HPP
M101-S-RushHour;402826;LEXINGTON AV/E 79 ST;-73.959031;40.774914;41;30.0;Rush Hour;Car;HPP
M101-S-RushHour;403421;LEXINGTON AV/E 72 ST;-73.962352;40.770316;42;30.0;Rush Hour;Car;HPP
M101-S-RushHour;403422;LEXINGTON AV/E 68 ST;-73.964248;40.767713;43;30.0;Rush Hour;Car;HPP
M101-S-RushHour;404171;LEXINGTON AV/E 59 ST;-73.968336;40.762106;44;30.0;Rush Hour;Car;HPP
M101-S-RushHour;403424;LEXINGTON AV/E 50 ST;-73.972382;40.756659;45;30.0;Rush Hour;Car;HPP
M101-S-RushHour;403425;LEXINGTON AV/E 42 ST;-73.976286;40.751393;46;30.0;Rush Hour;Car;HPP
M101-S-RushHour;403821;LEXINGTON AV / E 34 ST;-73.97997;40.746315;47;30.0;Rush Hour;Car;HPP
M101-S-RushHour;402854;3 AV/E 23 ST;-73.983129;40.738982;48;30.0;Rush Hour;Car;HPP
M101-S-RushHour;404106;3 AV/E 14 ST;-73.987502;40.732955;49;30.0;Rush Hour;Car;HPP
M101-S-RushHour;903148;3 AV/ASTOR PL;-73.990259;40.729113;50;30.0;Rush Hour;Car;HPP
M15-N-Day;803019;SOUTH ST/WHITEHALL ST;-74.012485;40.701536;1;30.0;Day Busses;Car;HPP
M15-N-Day;903296;WATER ST/BROAD ST;-74.011619;40.702869;2;30.0;Day Busses;Car;HPP
M15-N-Day;401665;WATER ST/OLD SLIP;-74.00849;40.704274;3;30.0;Day Busses;Car;HPP
M15-N-Day;401666;WATER ST/WALL ST;-74.007109;40.705287;4;30.0;Day Busses;Car;HPP
M15-N-Day;404850;PEARL ST/FULTON ST;-74.003857;40.70755;5;30.0;Day Busses;Car;HPP
M15-N-Day;401669;PEARL ST/PECK SLIP;-74.002171;40.708968;6;30.0;Day Busses;Car;HPP
M15-N-Day;401670;SAINT JAMES PL/ROBERT F WAGNER SR PL;-74.000752;40.710594;7;30.0;Day Busses;Car;HPP
M15-N-Day;402088;MADISON ST/OLIVER ST;-73.997922;40.711877;8;30.0;Day Busses;Car;HPP
M15-N-Day;402090;MADISON ST/MARKET ST;-73.994092;40.712207;9;30.0;Day Busses;Car;HPP
M15-N-Day;404843;PIKE ST/MADISON ST;-73.992288;40.71288;10;30.0;Day Busses;Car;HPP
M15-N-Day;401675;PIKE ST/DIVISION ST;-73.992468;40.714303;11;30.0;Day Busses;Car;HPP
M15-N-Day;401688;1 AV/E 17 ST;-73.981188;40.733155;12;30.0;Day Busses;Car;HPP
M15-N-Day;405320;ALLEN ST/GRAND ST;-73.991222;40.717171;12;30.0;Day Busses;Car;HPP
M15-N-Day;401679;ALLEN ST/DELANCEY ST;-73.989999;40.719558;13;30.0;Day Busses;Car;HPP
M15-N-Day;401681;ALLEN ST/STANTON ST;-73.988839;40.721896;14;30.0;Day Busses;Car;HPP
M15-N-Day;401682;1 AV/E 2 ST;-73.988177;40.723561;15;30.0;Day Busses;Car;HPP
M15-N-Day;405098;1 AV / 4 ST;-73.986785;40.725463;16;30.0;Day Busses;Car;HPP
M15-N-Day;401685;1 AV/SAINT MARKS PL;-73.985061;40.727823;17;30.0;Day Busses;Car;HPP
M15-N-Day;401686;1 AV/E 11 ST;-73.983733;40.729636;18;30.0;Day Busses;Car;HPP
M15-N-Day;401687;1 AV/E 14 ST;-73.981946;40.732122;19;30.0;Day Busses;Car;HPP
M15-N-Day;401689;1 AV/E 20 ST;-73.979751;40.735109;21;30.0;Day Busses;Car;HPP
M15-N-Day;401690;1 AV/E 23 ST;-73.978368;40.737053;22;30.0;Day Busses;Car;HPP
M15-N-Day;401691;1 AV/E 25 ST;-73.977404;40.738358;23;30.0;Day Busses;Car;HPP
M15-N-Day;405396;1 AV/E 27 ST;-73.976496;40.739627;24;30.0;Day Busses;Car;HPP
M15-N-Day;404995;1 AV/E 28 ST;-73.975823;40.74057;25;30.0;Day Busses;Car;HPP
M15-N-Day;401694;1 AV/E 31 ST;-73.974808;40.741957;26;30.0;Day Busses;Car;HPP
M15-N-Day;403480;1 AV/E 34 ST;-73.973187;40.744172;27;30.0;Day Busses;Car;HPP
M15-N-Day;401696;1 AV/E 36 ST;-73.972349;40.745324;28;30.0;Day Busses;Car;HPP
M15-N-Day;401697;1 AV/E 39 ST;-73.970988;40.747191;29;30.0;Day Busses;Car;HPP
M15-N-Day;401698;1 AV/E 42 ST;-73.969332;40.749251;30;30.0;Day Busses;Car;HPP
M15-N-Day;401706;1 AV/E 64 ST;-73.959485;40.762984;30;30.0;Day Busses;Car;HPP
M15-N-Day;401699;1 AV/E 45 ST;-73.96846;40.750684;31;30.0;Day Busses;Car;HPP
M15-N-Day;401701;1 AV/MITCHELL PL;-73.966311;40.753591;32;30.0;Day Busses;Car;HPP
M15-N-Day;401702;1 AV/E 52 ST;-73.964983;40.755395;33;30.0;Day Busses;Car;HPP
M15-N-Day;401703;1 AV/E 55 ST;-73.963631;40.75726;34;30.0;Day Busses;Car;HPP
M15-N-Day;401704;1 AV/E 57 ST;-73.962462;40.758829;35;30.0;Day Busses;Car;HPP
M15-N-Day;405138;1 AV/E 60 ST;-73.961795;40.759751;36;30.0;Day Busses;Car;HPP
M15-N-Day;404253;1 AV/E 62 ST;-73.960457;40.761632;37;30.0;Day Busses;Car;HPP
M15-N-Day;401707;1 AV/E 67 ST;-73.958109;40.76487;39;30.0;Day Busses;Car;HPP
M15-N-Day;401708;1 AV/E 70 ST;-73.956738;40.766741;40;30.0;Day Busses;Car;HPP
M15-N-Day;401709;1 AV/E 72 ST;-73.955742;40.768087;41;30.0;Day Busses;Car;HPP
M15-N-Day;401710;1 AV/E 75 ST;-73.95435;40.769986;42;30.0;Day Busses;Car;HPP
M15-N-Day;401711;1 AV/E 77 ST;-73.953421;40.771254;43;30.0;Day Busses;Car;HPP
M15-N-Day;401712;1 AV/E 79 ST;-73.952403;40.772633;44;30.0;Day Busses;Car;HPP
M15-N-Day;405100;1 AV/E 82 ST;-73.950985;40.774585;45;30.0;Day Busses;Car;HPP
M15-N-Day;401715;1 AV/E 86 ST;-73.94911;40.777168;46;30.0;Day Busses;Car;HPP
M15-N-Day;401716;1 AV/E 89 ST;-73.947728;40.779039;47;30.0;Day Busses;Car;HPP
M15-N-Day;401726;1 AV/E 113 ST;-73.936584;40.79433;47;30.0;Day Busses;Car;HPP
M15-N-Day;401718;1 AV/E 93 ST;-73.945891;40.781562;48;30.0;Day Busses;Car;HPP
M15-N-Day;401727;1 AV/E 116 ST;-73.935122;40.796323;48;30.0;Day Busses;Car;HPP
M15-N-Day;401729;1 AV/E 120 ST;-73.933223;40.798936;49;30.0;Day Busses;Car;HPP
M15-N-Day;903275;1 AV/E 97 ST;-73.944277;40.783781;49;30.0;Day Busses;Car;HPP
M15-N-Day;401721;1 AV/E 99 ST;-73.943097;40.785414;50;30.0;Day Busses;Car;HPP
M15-N-Day;401722;1 AV/E 102 ST;-73.941682;40.787357;51;30.0;Day Busses;Car;HPP
M15-N-Day;401731;1 AV/E 125 ST;-73.931268;40.801611;51;30.0;Day Busses;Car;HPP
M15-N-Day;401723;1 AV/E 106 ST;-73.939854;40.789858;52;30.0;Day Busses;Car;HPP
M15-N-Day;803054;E 126 ST/2 AV;-73.932264;40.80315;52;30.0;Day Busses;Car;HPP
M15-N-Day;401724;1 AV/E 108 ST;-73.938512;40.791692;53;30.0;Day Busses;Car;HPP
M15-N-Day;401725;1 AV/E 111 ST;-73.937481;40.793101;54;30.0;Day Busses;Car;HPP
M15-N-Day;401730;1 AV/PALADINO AV;-73.932182;40.80036;58;30.0;Day Busses;Car;HPP
M15-N-Evening;803019;SOUTH ST/WHITEHALL ST;-74.012485;40.701536;1;30.0;Evening Busses;Car;HPP
M15-N-Evening;401665;WATER ST/OLD SLIP;-74.00849;40.704274;3;30.0;Evening Busses;Car;HPP
M15-N-Evening;401666;WATER ST/WALL ST;-74.007109;40.705287;4;30.0;Evening Busses;Car;HPP
M15-N-Evening;401679;ALLEN ST/DELANCEY ST;-73.989999;40.719558;5;30.0;Evening Busses;Car;HPP
M15-N-Evening;404850;PEARL ST/FULTON ST;-74.003857;40.70755;5;30.0;Evening Busses;Car;HPP
M15-N-Evening;404843;PIKE ST/MADISON ST;-73.992288;40.71288;10;30.0;Evening Busses;Car;HPP
M15-N-Evening;401681;ALLEN ST/STANTON ST;-73.988839;40.721896;14;30.0;Evening Busses;Car;HPP
M15-N-Evening;401682;1 AV/E 2 ST;-73.988177;40.723561;15;30.0;Evening Busses;Car;HPP
M15-N-Evening;401691;1 AV/E 25 ST;-73.977404;40.738358;15;30.0;Evening Busses;Car;HPP
M15-N-Evening;405098;1 AV / 4 ST;-73.986785;40.725463;16;30.0;Evening Busses;Car;HPP
M15-N-Evening;401685;1 AV/SAINT MARKS PL;-73.985061;40.727823;17;30.0;Evening Busses;Car;HPP
M15-N-Evening;401686;1 AV/E 11 ST;-73.983733;40.729636;18;30.0;Evening Busses;Car;HPP
M15-N-Evening;401694;1 AV/E 31 ST;-73.974808;40.741957;18;30.0;Evening Busses;Car;HPP
M15-N-Evening;401687;1 AV/E 14 ST;-73.981946;40.732122;19;30.0;Evening Busses;Car;HPP
M15-N-Evening;401688;1 AV/E 17 ST;-73.981188;40.733155;20;30.0;Evening Busses;Car;HPP
M15-N-Evening;401696;1 AV/E 36 ST;-73.972349;40.745324;20;30.0;Evening Busses;Car;HPP
M15-N-Evening;401689;1 AV/E 20 ST;-73.979751;40.735109;21;30.0;Evening Busses;Car;HPP
M15-N-Evening;401697;1 AV/E 39 ST;-73.970988;40.747191;21;30.0;Evening Busses;Car;HPP
M15-N-Evening;401690;1 AV/E 23 ST;-73.978368;40.737053;22;30.0;Evening Busses;Car;HPP
M15-N-Evening;401698;1 AV/E 42 ST;-73.969332;40.749251;22;30.0;Evening Busses;Car;HPP
M15-N-Evening;405396;1 AV/E 27 ST;-73.976496;40.739627;24;30.0;Evening Busses;Car;HPP
M15-N-Evening;404995;1 AV/E 28 ST;-73.975823;40.74057;25;30.0;Evening Busses;Car;HPP
M15-N-Evening;401703;1 AV/E 55 ST;-73.963631;40.75726;26;30.0;Evening Busses;Car;HPP
M15-N-Evening;401704;1 AV/E 57 ST;-73.962462;40.758829;27;30.0;Evening Busses;Car;HPP
M15-N-Evening;403480;1 AV/E 34 ST;-73.973187;40.744172;27;30.0;Evening Busses;Car;HPP
M15-N-Evening;405138;1 AV/E 60 ST;-73.961795;40.759751;28;30.0;Evening Busses;Car;HPP
M15-N-Evening;404253;1 AV/E 62 ST;-73.960457;40.761632;29;30.0;Evening Busses;Car;HPP
M15-N-Evening;401699;1 AV/E 45 ST;-73.96846;40.750684;31;30.0;Evening Busses;Car;HPP
M15-N-Evening;401701;1 AV/MITCHELL PL;-73.966311;40.753591;32;30.0;Evening Busses;Car;HPP
M15-N-Evening;401702;1 AV/E 52 ST;-73.964983;40.755395;33;30.0;Evening Busses;Car;HPP
M15-N-Evening;401710;1 AV/E 75 ST;-73.95435;40.769986;34;30.0;Evening Busses;Car;HPP
M15-N-Evening;405100;1 AV/E 82 ST;-73.950985;40.774585;37;30.0;Evening Busses;Car;HPP
M15-N-Evening;401706;1 AV/E 64 ST;-73.959485;40.762984;38;30.0;Evening Busses;Car;HPP
M15-N-Evening;401715;1 AV/E 86 ST;-73.94911;40.777168;38;30.0;Evening Busses;Car;HPP
M15-N-Evening;401716;1 AV/E 89 ST;-73.947728;40.779039;39;30.0;Evening Busses;Car;HPP
M15-N-Evening;401708;1 AV/E 70 ST;-73.956738;40.766741;40;30.0;Evening Busses;Car;HPP
M15-N-Evening;401709;1 AV/E 72 ST;-73.955742;40.768087;41;30.0;Evening Busses;Car;HPP
M15-N-Evening;401711;1 AV/E 77 ST;-73.953421;40.771254;43;30.0;Evening Busses;Car;HPP
M15-N-Evening;401722;1 AV/E 102 ST;-73.941682;40.787357;43;30.0;Evening Busses;Car;HPP
M15-N-Evening;401712;1 AV/E 79 ST;-73.952403;40.772633;44;30.0;Evening Busses;Car;HPP
M15-N-Evening;401725;1 AV/E 111 ST;-73.937481;40.793101;46;30.0;Evening Busses;Car;HPP
M15-N-Evening;401726;1 AV/E 113 ST;-73.936584;40.79433;47;30.0;Evening Busses;Car;HPP
M15-N-Evening;401718;1 AV/E 93 ST;-73.945891;40.781562;48;30.0;Evening Busses;Car;HPP
M15-N-Evening;401729;1 AV/E 120 ST;-73.933223;40.798936;49;30.0;Evening Busses;Car;HPP
M15-N-Evening;903275;1 AV/E 97 ST;-73.944277;40.783781;49;30.0;Evening Busses;Car;HPP
M15-N-Evening;401721;1 AV/E 99 ST;-73.943097;40.785414;50;30.0;Evening Busses;Car;HPP
M15-N-Evening;401730;1 AV/PALADINO AV;-73.932182;40.80036;50;30.0;Evening Busses;Car;HPP
M15-N-Evening;401731;1 AV/E 125 ST;-73.931268;40.801611;51;30.0;Evening Busses;Car;HPP
M15-N-Evening;401723;1 AV/E 106 ST;-73.939854;40.789858;52;30.0;Evening Busses;Car;HPP
M15-N-Evening;401724;1 AV/E 108 ST;-73.938512;40.791692;53;30.0;Evening Busses;Car;HPP
M15-N-Evening;401727;1 AV/E 116 ST;-73.935122;40.796323;56;30.0;Evening Busses;Car;HPP
M15-N-Evening;803054;E 126 ST/2 AV;-73.932264;40.80315;60;30.0;Evening Busses;Car;HPP
M15-N-Morning;405359;PIKE ST/SOUTH  ST;-73.991893;40.710615;1;30.0;Morning;Car;HPP
M15-N-Morning;803019;SOUTH ST/WHITEHALL ST;-74.012485;40.701536;1;30.0;Morning;Car;HPP
M15-N-Morning;404843;PIKE ST/MADISON ST;-73.992288;40.71288;2;30.0;Morning;Car;HPP
M15-N-Morning;405320;ALLEN ST/GRAND ST;-73.991222;40.717171;4;30.0;Morning;Car;HPP
M15-N-Morning;401679;ALLEN ST/DELANCEY ST;-73.989999;40.719558;5;30.0;Morning;Car;HPP
M15-N-Morning;404850;PEARL ST/FULTON ST;-74.003857;40.70755;5;30.0;Morning;Car;HPP
M15-N-Morning;401670;SAINT JAMES PL/ROBERT F WAGNER SR PL;-74.000752;40.710594;7;30.0;Morning;Car;HPP
M15-N-Morning;401682;1 AV/E 2 ST;-73.988177;40.723561;7;30.0;Morning;Car;HPP
M15-N-Morning;402088;MADISON ST/OLIVER ST;-73.997922;40.711877;8;30.0;Morning;Car;HPP
M15-N-Morning;405098;1 AV / 4 ST;-73.986785;40.725463;8;30.0;Morning;Car;HPP
M15-N-Morning;401685;1 AV/SAINT MARKS PL;-73.985061;40.727823;9;30.0;Morning;Car;HPP
M15-N-Morning;401675;PIKE ST/DIVISION ST;-73.992468;40.714303;11;30.0;Morning;Car;HPP
M15-N-Morning;401687;1 AV/E 14 ST;-73.981946;40.732122;11;30.0;Morning;Car;HPP
M15-N-Morning;401688;1 AV/E 17 ST;-73.981188;40.733155;12;30.0;Morning;Car;HPP
M15-N-Morning;401689;1 AV/E 20 ST;-73.979751;40.735109;13;30.0;Morning;Car;HPP
M15-N-Morning;401690;1 AV/E 23 ST;-73.978368;40.737053;14;30.0;Morning;Car;HPP
M15-N-Morning;405396;1 AV/E 27 ST;-73.976496;40.739627;16;30.0;Morning;Car;HPP
M15-N-Morning;404995;1 AV/E 28 ST;-73.975823;40.74057;17;30.0;Morning;Car;HPP
M15-N-Morning;401694;1 AV/E 31 ST;-73.974808;40.741957;18;30.0;Morning;Car;HPP
M15-N-Morning;403480;1 AV/E 34 ST;-73.973187;40.744172;19;30.0;Morning;Car;HPP
M15-N-Morning;401696;1 AV/E 36 ST;-73.972349;40.745324;20;30.0;Morning;Car;HPP
M15-N-Morning;401697;1 AV/E 39 ST;-73.970988;40.747191;21;30.0;Morning;Car;HPP
M15-N-Morning;401698;1 AV/E 42 ST;-73.969332;40.749251;22;30.0;Morning;Car;HPP
M15-N-Morning;401699;1 AV/E 45 ST;-73.96846;40.750684;23;30.0;Morning;Car;HPP
M15-N-Morning;401701;1 AV/MITCHELL PL;-73.966311;40.753591;24;30.0;Morning;Car;HPP
M15-N-Morning;401702;1 AV/E 52 ST;-73.964983;40.755395;25;30.0;Morning;Car;HPP
M15-N-Morning;401703;1 AV/E 55 ST;-73.963631;40.75726;26;30.0;Morning;Car;HPP
M15-N-Morning;401704;1 AV/E 57 ST;-73.962462;40.758829;27;30.0;Morning;Car;HPP
M15-N-Morning;405138;1 AV/E 60 ST;-73.961795;40.759751;28;30.0;Morning;Car;HPP
M15-N-Morning;404253;1 AV/E 62 ST;-73.960457;40.761632;29;30.0;Morning;Car;HPP
M15-N-Morning;401706;1 AV/E 64 ST;-73.959485;40.762984;30;30.0;Morning;Car;HPP
M15-N-Morning;401707;1 AV/E 67 ST;-73.958109;40.76487;31;30.0;Morning;Car;HPP
M15-N-Morning;401708;1 AV/E 70 ST;-73.956738;40.766741;32;30.0;Morning;Car;HPP
M15-N-Morning;401709;1 AV/E 72 ST;-73.955742;40.768087;33;30.0;Morning;Car;HPP
M15-N-Morning;401710;1 AV/E 75 ST;-73.95435;40.769986;34;30.0;Morning;Car;HPP
M15-N-Morning;401711;1 AV/E 77 ST;-73.953421;40.771254;35;30.0;Morning;Car;HPP
M15-N-Morning;401712;1 AV/E 79 ST;-73.952403;40.772633;36;30.0;Morning;Car;HPP
M15-N-Morning;405100;1 AV/E 82 ST;-73.950985;40.774585;37;30.0;Morning;Car;HPP
M15-N-Morning;401715;1 AV/E 86 ST;-73.94911;40.777168;38;30.0;Morning;Car;HPP
M15-N-Morning;401716;1 AV/E 89 ST;-73.947728;40.779039;39;30.0;Morning;Car;HPP
M15-N-Morning;401718;1 AV/E 93 ST;-73.945891;40.781562;40;30.0;Morning;Car;HPP
M15-N-Morning;903275;1 AV/E 97 ST;-73.944277;40.783781;41;30.0;Morning;Car;HPP
M15-N-Morning;401721;1 AV/E 99 ST;-73.943097;40.785414;42;30.0;Morning;Car;HPP
M15-N-Morning;401722;1 AV/E 102 ST;-73.941682;40.787357;43;30.0;Morning;Car;HPP
M15-N-Morning;401723;1 AV/E 106 ST;-73.939854;40.789858;44;30.0;Morning;Car;HPP
M15-N-Morning;401724;1 AV/E 108 ST;-73.938512;40.791692;45;30.0;Morning;Car;HPP
M15-N-Morning;401725;1 AV/E 111 ST;-73.937481;40.793101;46;30.0;Morning;Car;HPP
M15-N-Morning;401726;1 AV/E 113 ST;-73.936584;40.79433;47;30.0;Morning;Car;HPP
M15-N-Morning;401727;1 AV/E 116 ST;-73.935122;40.796323;48;30.0;Morning;Car;HPP
M15-N-Morning;401729;1 AV/E 120 ST;-73.933223;40.798936;49;30.0;Morning;Car;HPP
M15-N-Morning;401730;1 AV/PALADINO AV;-73.932182;40.80036;50;30.0;Morning;Car;HPP
M15-N-Morning;803054;E 126 ST/2 AV;-73.932264;40.80315;52;30.0;Morning;Car;HPP
M15-N-Morning;401731;1 AV/E 125 ST;-73.931268;40.801611;59;30.0;Morning;Car;HPP
M15-N-Night;402088;MADISON ST/OLIVER ST;-73.997922;40.711877;8;30.0;Night;Car;HPP
M15-N-Night;402090;MADISON ST/MARKET ST;-73.994092;40.712207;9;30.0;Night;Car;HPP
M15-N-Night;404843;PIKE ST/MADISON ST;-73.992288;40.71288;10;30.0;Night;Car;HPP
M15-N-Night;405320;ALLEN ST/GRAND ST;-73.991222;40.717171;12;30.0;Night;Car;HPP
M15-N-Night;401681;ALLEN ST/STANTON ST;-73.988839;40.721896;14;30.0;Night;Car;HPP
M15-N-Night;405098;1 AV / 4 ST;-73.986785;40.725463;16;30.0;Night;Car;HPP
M15-N-Night;401687;1 AV/E 14 ST;-73.981946;40.732122;19;30.0;Night;Car;HPP
M15-N-Night;401690;1 AV/E 23 ST;-73.978368;40.737053;22;30.0;Night;Car;HPP
M15-N-Night;405396;1 AV/E 27 ST;-73.976496;40.739627;24;30.0;Night;Car;HPP
M15-N-Night;404995;1 AV/E 28 ST;-73.975823;40.74057;25;30.0;Night;Car;HPP
M15-N-Night;403480;1 AV/E 34 ST;-73.973187;40.744172;27;30.0;Night;Car;HPP
M15-N-Night;401696;1 AV/E 36 ST;-73.972349;40.745324;28;30.0;Night;Car;HPP
M15-N-Night;401702;1 AV/E 52 ST;-73.964983;40.755395;33;30.0;Night;Car;HPP
M15-N-Night;401703;1 AV/E 55 ST;-73.963631;40.75726;34;30.0;Night;Car;HPP
M15-N-Night;405138;1 AV/E 60 ST;-73.961795;40.759751;36;30.0;Night;Car;HPP
M15-N-Night;404253;1 AV/E 62 ST;-73.960457;40.761632;37;30.0;Night;Car;HPP
M15-N-Night;401707;1 AV/E 67 ST;-73.958109;40.76487;39;30.0;Night;Car;HPP
M15-N-Night;401708;1 AV/E 70 ST;-73.956738;40.766741;40;30.0;Night;Car;HPP
M15-N-Night;401709;1 AV/E 72 ST;-73.955742;40.768087;41;30.0;Night;Car;HPP
M15-N-Night;401710;1 AV/E 75 ST;-73.95435;40.769986;42;30.0;Night;Car;HPP
M15-N-Night;401711;1 AV/E 77 ST;-73.953421;40.771254;43;30.0;Night;Car;HPP
M15-N-Night;405100;1 AV/E 82 ST;-73.950985;40.774585;45;30.0;Night;Car;HPP
M15-N-Night;401722;1 AV/E 102 ST;-73.941682;40.787357;51;30.0;Night;Car;HPP
M15-N-Night;401723;1 AV/E 106 ST;-73.939854;40.789858;52;30.0;Night;Car;HPP
M15-N-Night;401727;1 AV/E 116 ST;-73.935122;40.796323;56;30.0;Night;Car;HPP
M15-N-Night;401731;1 AV/E 125 ST;-73.931268;40.801611;59;30.0;Night;Car;HPP
M15-N-Night;803054;E 126 ST/2 AV;-73.932264;40.80315;60;30.0;Night;Car;HPP
M15-N-RushHour;803019;SOUTH ST/WHITEHALL ST;-74.012485;40.701536;1;30.0;Rush Hour;Car;HPP
M15-N-RushHour;903296;WATER ST/BROAD ST;-74.011619;40.702869;2;30.0;Rush Hour;Car;HPP
M15-N-RushHour;401665;WATER ST/OLD SLIP;-74.00849;40.704274;3;30.0;Rush Hour;Car;HPP
M15-N-RushHour;401675;PIKE ST/DIVISION ST;-73.992468;40.714303;3;30.0;Rush Hour;Car;HPP
M15-N-RushHour;401666;WATER ST/WALL ST;-74.007109;40.705287;4;30.0;Rush Hour;Car;HPP
M15-N-RushHour;404850;PEARL ST/FULTON ST;-74.003857;40.70755;5;30.0;Rush Hour;Car;HPP
M15-N-RushHour;401681;ALLEN ST/STANTON ST;-73.988839;40.721896;6;30.0;Rush Hour;Car;HPP
M15-N-RushHour;401670;SAINT JAMES PL/ROBERT F WAGNER SR PL;-74.000752;40.710594;7;30.0;Rush Hour;Car;HPP
M15-N-RushHour;401682;1 AV/E 2 ST;-73.988177;40.723561;7;30.0;Rush Hour;Car;HPP
M15-N-RushHour;402088;MADISON ST/OLIVER ST;-73.997922;40.711877;8;30.0;Rush Hour;Car;HPP
M15-N-RushHour;405098;1 AV / 4 ST;-73.986785;40.725463;8;30.0;Rush Hour;Car;HPP
M15-N-RushHour;402090;MADISON ST/MARKET ST;-73.994092;40.712207;9;30.0;Rush Hour;Car;HPP
M15-N-RushHour;401686;1 AV/E 11 ST;-73.983733;40.729636;10;30.0;Rush Hour;Car;HPP
M15-N-RushHour;404843;PIKE ST/MADISON ST;-73.992288;40.71288;10;30.0;Rush Hour;Car;HPP
M15-N-RushHour;401687;1 AV/E 14 ST;-73.981946;40.732122;11;30.0;Rush Hour;Car;HPP
M15-N-RushHour;401688;1 AV/E 17 ST;-73.981188;40.733155;12;30.0;Rush Hour;Car;HPP
M15-N-RushHour;405320;ALLEN ST/GRAND ST;-73.991222;40.717171;12;30.0;Rush Hour;Car;HPP
M15-N-RushHour;401679;ALLEN ST/DELANCEY ST;-73.989999;40.719558;13;30.0;Rush Hour;Car;HPP
M15-N-RushHour;401689;1 AV/E 20 ST;-73.979751;40.735109;13;30.0;Rush Hour;Car;HPP
M15-N-RushHour;401690;1 AV/E 23 ST;-73.978368;40.737053;14;30.0;Rush Hour;Car;HPP
M15-N-RushHour;405396;1 AV/E 27 ST;-73.976496;40.739627;16;30.0;Rush Hour;Car;HPP
M15-N-RushHour;401685;1 AV/SAINT MARKS PL;-73.985061;40.727823;17;30.0;Rush Hour;Car;HPP
M15-N-RushHour;404995;1 AV/E 28 ST;-73.975823;40.74057;17;30.0;Rush Hour;Car;HPP
M15-N-RushHour;401694;1 AV/E 31 ST;-73.974808;40.741957;18;30.0;Rush Hour;Car;HPP
M15-N-RushHour;403480;1 AV/E 34 ST;-73.973187;40.744172;19;30.0;Rush Hour;Car;HPP
M15-N-RushHour;401697;1 AV/E 39 ST;-73.970988;40.747191;21;30.0;Rush Hour;Car;HPP
M15-N-RushHour;401698;1 AV/E 42 ST;-73.969332;40.749251;22;30.0;Rush Hour;Car;HPP
M15-N-RushHour;401699;1 AV/E 45 ST;-73.96846;40.750684;23;30.0;Rush Hour;Car;HPP
M15-N-RushHour;401701;1 AV/MITCHELL PL;-73.966311;40.753591;24;30.0;Rush Hour;Car;HPP
M15-N-RushHour;401702;1 AV/E 52 ST;-73.964983;40.755395;25;30.0;Rush Hour;Car;HPP
M15-N-RushHour;401703;1 AV/E 55 ST;-73.963631;40.75726;26;30.0;Rush Hour;Car;HPP
M15-N-RushHour;401704;1 AV/E 57 ST;-73.962462;40.758829;27;30.0;Rush Hour;Car;HPP
M15-N-RushHour;401696;1 AV/E 36 ST;-73.972349;40.745324;28;30.0;Rush Hour;Car;HPP
M15-N-RushHour;405138;1 AV/E 60 ST;-73.961795;40.759751;28;30.0;Rush Hour;Car;HPP
M15-N-RushHour;404253;1 AV/E 62 ST;-73.960457;40.761632;29;30.0;Rush Hour;Car;HPP
M15-N-RushHour;401706;1 AV/E 64 ST;-73.959485;40.762984;30;30.0;Rush Hour;Car;HPP
M15-N-RushHour;401707;1 AV/E 67 ST;-73.958109;40.76487;31;30.0;Rush Hour;Car;HPP
M15-N-RushHour;401708;1 AV/E 70 ST;-73.956738;40.766741;32;30.0;Rush Hour;Car;HPP
M15-N-RushHour;401709;1 AV/E 72 ST;-73.955742;40.768087;33;30.0;Rush Hour;Car;HPP
M15-N-RushHour;401710;1 AV/E 75 ST;-73.95435;40.769986;34;30.0;Rush Hour;Car;HPP
M15-N-RushHour;401711;1 AV/E 77 ST;-73.953421;40.771254;35;30.0;Rush Hour;Car;HPP
M15-N-RushHour;401712;1 AV/E 79 ST;-73.952403;40.772633;36;30.0;Rush Hour;Car;HPP
M15-N-RushHour;405100;1 AV/E 82 ST;-73.950985;40.774585;37;30.0;Rush Hour;Car;HPP
M15-N-RushHour;401715;1 AV/E 86 ST;-73.94911;40.777168;38;30.0;Rush Hour;Car;HPP
M15-N-RushHour;401716;1 AV/E 89 ST;-73.947728;40.779039;39;30.0;Rush Hour;Car;HPP
M15-N-RushHour;401718;1 AV/E 93 ST;-73.945891;40.781562;40;30.0;Rush Hour;Car;HPP
M15-N-RushHour;903275;1 AV/E 97 ST;-73.944277;40.783781;41;30.0;Rush Hour;Car;HPP
M15-N-RushHour;401722;1 AV/E 102 ST;-73.941682;40.787357;43;30.0;Rush Hour;Car;HPP
M15-N-RushHour;401725;1 AV/E 111 ST;-73.937481;40.793101;46;30.0;Rush Hour;Car;HPP
M15-N-RushHour;401726;1 AV/E 113 ST;-73.936584;40.79433;47;30.0;Rush Hour;Car;HPP
M15-N-RushHour;401721;1 AV/E 99 ST;-73.943097;40.785414;50;30.0;Rush Hour;Car;HPP
M15-N-RushHour;401730;1 AV/PALADINO AV;-73.932182;40.80036;50;30.0;Rush Hour;Car;HPP
M15-N-RushHour;401723;1 AV/E 106 ST;-73.939854;40.789858;52;30.0;Rush Hour;Car;HPP
M15-N-RushHour;803054;E 126 ST/2 AV;-73.932264;40.80315;52;30.0;Rush Hour;Car;HPP
M15-N-RushHour;401724;1 AV/E 108 ST;-73.938512;40.791692;53;30.0;Rush Hour;Car;HPP
M15-N-RushHour;401727;1 AV/E 116 ST;-73.935122;40.796323;56;30.0;Rush Hour;Car;HPP
M15-N-RushHour;401729;1 AV/E 120 ST;-73.933223;40.798936;57;30.0;Rush Hour;Car;HPP
M15-N-RushHour;401731;1 AV/E 125 ST;-73.931268;40.801611;59;30.0;Rush Hour;Car;HPP
M15-S-Day;401732;E 126 ST/2 AV;-73.932451;40.80323;1;30.0;Day Busses;Car;HPP
M15-S-Day;401738;2 AV/E 125 ST;-73.933855;40.802473;2;30.0;Day Busses;Car;HPP
M15-S-Day;401739;2 AV/E 122 ST;-73.935233;40.800564;3;30.0;Day Busses;Car;HPP
M15-S-Day;401740;2 AV/E 119 ST;-73.93661;40.798669;4;30.0;Day Busses;Car;HPP
M15-S-Day;401741;2 AV/E 116 ST;-73.93804;40.796723;5;30.0;Day Busses;Car;HPP
M15-S-Day;401742;2 AV/E 113 ST;-73.939429;40.794823;6;30.0;Day Busses;Car;HPP
M15-S-Day;803228;2 AV/E 111 ST;-73.940328;40.793625;7;30.0;Day Busses;Car;HPP
M15-S-Day;401744;2 AV/E 108 ST;-73.941736;40.791673;8;30.0;Day Busses;Car;HPP
M15-S-Day;401745;2 AV/E 106 ST;-73.942715;40.790331;9;30.0;Day Busses;Car;HPP
M15-S-Day;401746;2 AV/E 103 ST;-73.944015;40.788563;10;30.0;Day Busses;Car;HPP
M15-S-Day;401747;2 AV/E 101 ST;-73.944893;40.787352;11;30.0;Day Busses;Car;HPP
M15-S-Day;401748;2 AV/E 97 ST;-73.946555;40.785065;12;30.0;Day Busses;Car;HPP
M15-S-Day;401749;2 AV/E 96 ST;-73.947265;40.784201;13;30.0;Day Busses;Car;HPP
M15-S-Day;403342;2 AV/E 94 ST;-73.948302;40.782675;14;30.0;Day Busses;Car;HPP
M15-S-Day;405233;2 AV/E 92 ST;-73.949159;40.78151;15;30.0;Day Busses;Car;HPP
M15-S-Day;405307;2 AV/E 89 ST;-73.950523;40.779657;16;30.0;Day Busses;Car;HPP
M15-S-Day;401753;2 AV/E 87 ST;-73.95143;40.77851;17;30.0;Day Busses;Car;HPP
M15-S-Day;401754;2 AV/E 84 ST;-73.952953;40.776302;18;30.0;Day Busses;Car;HPP
M15-S-Day;401755;2 AV/E 82 ST;-73.95387;40.775053;19;30.0;Day Busses;Car;HPP
M15-S-Day;401756;2 AV/E 78 ST;-73.955434;40.772922;20;30.0;Day Busses;Car;HPP
M15-S-Day;401758;2 AV/E 75 ST;-73.95695;40.770821;21;30.0;Day Busses;Car;HPP
M15-S-Day;401759;2 AV/E 72 ST;-73.958485;40.768727;22;30.0;Day Busses;Car;HPP
M15-S-Day;401760;2 AV/E 70 ST;-73.959501;40.76733;23;30.0;Day Busses;Car;HPP
M15-S-Day;401761;2 AV/E 68 ST;-73.960476;40.76599;24;30.0;Day Busses;Car;HPP
M15-S-Day;401762;2 AV/E 66 ST;-73.961439;40.764664;25;30.0;Day Busses;Car;HPP
M15-S-Day;401763;2 AV/E 64 ST;-73.962314;40.763471;26;30.0;Day Busses;Car;HPP
M15-S-Day;401764;2 AV/E 61 ST;-73.963644;40.761701;27;30.0;Day Busses;Car;HPP
M15-S-Day;401765;2 AV/E 57 ST;-73.965601;40.758987;28;30.0;Day Busses;Car;HPP
M15-S-Day;403887;2 AV/E 54 ST;-73.966937;40.757149;29;30.0;Day Busses;Car;HPP
M15-S-Day;401768;2 AV/E 50 ST;-73.968787;40.754623;30;30.0;Day Busses;Car;HPP
M15-S-Day;401769;2 AV/E 46 ST;-73.970371;40.752481;31;30.0;Day Busses;Car;HPP
M15-S-Day;401771;2 AV/E 42 ST;-73.972517;40.749502;32;30.0;Day Busses;Car;HPP
M15-S-Day;401772;2 AV/E 39 ST;-73.97388;40.747638;33;30.0;Day Busses;Car;HPP
M15-S-Day;404909;2 AV/E 36 ST;-73.974949;40.746181;34;30.0;Day Busses;Car;HPP
M15-S-Day;903266;2 AV/E 33 ST;-73.976632;40.743851;35;30.0;Day Busses;Car;HPP
M15-S-Day;401775;2 AV/E 31 ST;-73.977523;40.742638;36;30.0;Day Busses;Car;HPP
M15-S-Day;405336;2 AV/E 28 ST;-73.978641;40.741114;37;30.0;Day Busses;Car;HPP
M15-S-Day;401778;2 AV/E 25 ST;-73.980226;40.738933;38;30.0;Day Busses;Car;HPP
M15-S-Day;401779;2 AV/E 23 ST;-73.981202;40.737516;39;30.0;Day Busses;Car;HPP
M15-S-Day;401780;2 AV/E 20 ST;-73.982489;40.735746;40;30.0;Day Busses;Car;HPP
M15-S-Day;401781;2 AV/E 17 ST;-73.983769;40.733996;41;30.0;Day Busses;Car;HPP
M15-S-Day;401782;2 AV/E 14 ST;-73.984903;40.732494;42;30.0;Day Busses;Car;HPP
M15-S-Day;404105;2 AV/E 12 ST;-73.986156;40.730796;43;30.0;Day Busses;Car;HPP
M15-S-Day;401784;2 AV/E 9 ST;-73.987523;40.728891;44;30.0;Day Busses;Car;HPP
M15-S-Day;401785;2 AV/E 6 ST;-73.988785;40.727161;45;30.0;Day Busses;Car;HPP
M15-S-Day;401786;2 AV/E 3 ST;-73.990108;40.725343;46;30.0;Day Busses;Car;HPP
M15-S-Day;401787;EAST HOUSTON ST/FORSYTH ST;-73.990427;40.723329;47;30.0;Day Busses;Car;HPP
M15-S-Day;403849;ALLEN ST/EAST HOUSTON ST;-73.98899;40.722516;48;30.0;Day Busses;Car;HPP
M15-S-Day;403647;ALLEN ST/DELANCEY ST;-73.990466;40.719411;49;30.0;Day Busses;Car;HPP
M15-S-Day;405373;ALLEN ST/HESTER ST;-73.992021;40.716371;50;30.0;Day Busses;Car;HPP
M15-S-Day;401793;ALLEN ST/CANAL ST;-73.992805;40.714855;51;30.0;Day Busses;Car;HPP
M15-S-Day;404844;PIKE ST/MADISON ST;-73.992622;40.712625;52;30.0;Day Busses;Car;HPP
M15-S-Day;402111;MADISON ST/MARKET ST;-73.994744;40.712325;53;30.0;Day Busses;Car;HPP
M15-S-Day;402112;MADISON ST/CATHERINE ST;-73.997462;40.712064;54;30.0;Day Busses;Car;HPP
M15-S-Day;903054;MADISON ST/SAINT JAMES PL;-73.99943;40.711883;55;30.0;Day Busses;Car;HPP
M15-S-Day;404327;PEARL ST / PEARL ST;-74.000822;40.710832;56;30.0;Day Busses;Car;HPP
M15-S-Day;401797;PEARL ST/FRANKFORT ST;-74.001915;40.709399;57;30.0;Day Busses;Car;HPP
M15-S-Day;403590;PEARL ST/FULTON ST;-74.004;40.707631;58;30.0;Day Busses;Car;HPP
M15-S-Day;403831;WATER ST/JOHN ST;-74.00523;40.706813;59;30.0;Day Busses;Car;HPP
M15-S-Day;405337;WATER ST/GOUVERNEUR LN;-74.00826;40.704669;60;30.0;Day Busses;Car;HPP
M15-S-Day;401802;WATER ST/HANOVER SQ;-74.009427;40.703882;61;30.0;Day Busses;Car;HPP
M15-S-Day;903297;BROAD ST/SOUTH ST;-74.011222;40.701875;62;30.0;Day Busses;Car;HPP
M15-S-Day;803002;SOUTH ST/WHITEHALL ST;-74.012226;40.701609;63;30.0;Day Busses;Car;HPP
M15-S-Evening;401732;E 126 ST/2 AV;-73.932451;40.80323;1;30.0;Evening Busses;Car;HPP
M15-S-Evening;401738;2 AV/E 125 ST;-73.933855;40.802473;2;30.0;Evening Busses;Car;HPP
M15-S-Evening;401739;2 AV/E 122 ST;-73.935233;40.800564;3;30.0;Evening Busses;Car;HPP
M15-S-Evening;401740;2 AV/E 119 ST;-73.93661;40.798669;4;30.0;Evening Busses;Car;HPP
M15-S-Evening;401741;2 AV/E 116 ST;-73.93804;40.796723;5;30.0;Evening Busses;Car;HPP
M15-S-Evening;401742;2 AV/E 113 ST;-73.939429;40.794823;6;30.0;Evening Busses;Car;HPP
M15-S-Evening;803228;2 AV/E 111 ST;-73.940328;40.793625;7;30.0;Evening Busses;Car;HPP
M15-S-Evening;401744;2 AV/E 108 ST;-73.941736;40.791673;8;30.0;Evening Busses;Car;HPP
M15-S-Evening;401745;2 AV/E 106 ST;-73.942715;40.790331;9;30.0;Evening Busses;Car;HPP
M15-S-Evening;401746;2 AV/E 103 ST;-73.944015;40.788563;10;30.0;Evening Busses;Car;HPP
M15-S-Evening;401747;2 AV/E 101 ST;-73.944893;40.787352;11;30.0;Evening Busses;Car;HPP
M15-S-Evening;401748;2 AV/E 97 ST;-73.946555;40.785065;12;30.0;Evening Busses;Car;HPP
M15-S-Evening;401749;2 AV/E 96 ST;-73.947265;40.784201;13;30.0;Evening Busses;Car;HPP
M15-S-Evening;403342;2 AV/E 94 ST;-73.948302;40.782675;14;30.0;Evening Busses;Car;HPP
M15-S-Evening;405233;2 AV/E 92 ST;-73.949159;40.78151;15;30.0;Evening Busses;Car;HPP
M15-S-Evening;405307;2 AV/E 89 ST;-73.950523;40.779657;16;30.0;Evening Busses;Car;HPP
M15-S-Evening;401753;2 AV/E 87 ST;-73.95143;40.77851;17;30.0;Evening Busses;Car;HPP
M15-S-Evening;401754;2 AV/E 84 ST;-73.952953;40.776302;18;30.0;Evening Busses;Car;HPP
M15-S-Evening;401755;2 AV/E 82 ST;-73.95387;40.775053;19;30.0;Evening Busses;Car;HPP
M15-S-Evening;401756;2 AV/E 78 ST;-73.955434;40.772922;20;30.0;Evening Busses;Car;HPP
M15-S-Evening;401758;2 AV/E 75 ST;-73.95695;40.770821;21;30.0;Evening Busses;Car;HPP
M15-S-Evening;401759;2 AV/E 72 ST;-73.958485;40.768727;22;30.0;Evening Busses;Car;HPP
M15-S-Evening;401760;2 AV/E 70 ST;-73.959501;40.76733;23;30.0;Evening Busses;Car;HPP
M15-S-Evening;401761;2 AV/E 68 ST;-73.960476;40.76599;24;30.0;Evening Busses;Car;HPP
M15-S-Evening;401762;2 AV/E 66 ST;-73.961439;40.764664;25;30.0;Evening Busses;Car;HPP
M15-S-Evening;401763;2 AV/E 64 ST;-73.962314;40.763471;26;30.0;Evening Busses;Car;HPP
M15-S-Evening;401764;2 AV/E 61 ST;-73.963644;40.761701;27;30.0;Evening Busses;Car;HPP
M15-S-Evening;401765;2 AV/E 57 ST;-73.965601;40.758987;28;30.0;Evening Busses;Car;HPP
M15-S-Evening;403887;2 AV/E 54 ST;-73.966937;40.757149;29;30.0;Evening Busses;Car;HPP
M15-S-Evening;401768;2 AV/E 50 ST;-73.968787;40.754623;30;30.0;Evening Busses;Car;HPP
M15-S-Evening;401769;2 AV/E 46 ST;-73.970371;40.752481;31;30.0;Evening Busses;Car;HPP
M15-S-Evening;401771;2 AV/E 42 ST;-73.972517;40.749502;32;30.0;Evening Busses;Car;HPP
M15-S-Evening;401772;2 AV/E 39 ST;-73.97388;40.747638;33;30.0;Evening Busses;Car;HPP
M15-S-Evening;404909;2 AV/E 36 ST;-73.974949;40.746181;34;30.0;Evening Busses;Car;HPP
M15-S-Evening;903266;2 AV/E 33 ST;-73.976632;40.743851;35;30.0;Evening Busses;Car;HPP
M15-S-Evening;401775;2 AV/E 31 ST;-73.977523;40.742638;36;30.0;Evening Busses;Car;HPP
M15-S-Evening;405336;2 AV/E 28 ST;-73.978641;40.741114;37;30.0;Evening Busses;Car;HPP
M15-S-Evening;401778;2 AV/E 25 ST;-73.980226;40.738933;38;30.0;Evening Busses;Car;HPP
M15-S-Evening;401779;2 AV/E 23 ST;-73.981202;40.737516;39;30.0;Evening Busses;Car;HPP
M15-S-Evening;401780;2 AV/E 20 ST;-73.982489;40.735746;40;30.0;Evening Busses;Car;HPP
M15-S-Evening;401781;2 AV/E 17 ST;-73.983769;40.733996;41;30.0;Evening Busses;Car;HPP
M15-S-Evening;401782;2 AV/E 14 ST;-73.984903;40.732494;42;30.0;Evening Busses;Car;HPP
M15-S-Evening;401785;2 AV/E 6 ST;-73.988785;40.727161;45;30.0;Evening Busses;Car;HPP
M15-S-Evening;401786;2 AV/E 3 ST;-73.990108;40.725343;46;30.0;Evening Busses;Car;HPP
M15-S-Evening;401787;EAST HOUSTON ST/FORSYTH ST;-73.990427;40.723329;47;30.0;Evening Busses;Car;HPP
M15-S-Evening;403849;ALLEN ST/EAST HOUSTON ST;-73.98899;40.722516;48;30.0;Evening Busses;Car;HPP
M15-S-Evening;403647;ALLEN ST/DELANCEY ST;-73.990466;40.719411;49;30.0;Evening Busses;Car;HPP
M15-S-Evening;405373;ALLEN ST/HESTER ST;-73.992021;40.716371;50;30.0;Evening Busses;Car;HPP
M15-S-Evening;401793;ALLEN ST/CANAL ST;-73.992805;40.714855;51;30.0;Evening Busses;Car;HPP
M15-S-Evening;404844;PIKE ST/MADISON ST;-73.992622;40.712625;52;30.0;Evening Busses;Car;HPP
M15-S-Evening;402111;MADISON ST/MARKET ST;-73.994744;40.712325;53;30.0;Evening Busses;Car;HPP
M15-S-Evening;904920;PIKE ST/SOUTH ST;-73.991857;40.710336;53;30.0;Evening Busses;Car;HPP
M15-S-Evening;402112;MADISON ST/CATHERINE ST;-73.997462;40.712064;54;30.0;Evening Busses;Car;HPP
M15-S-Evening;404327;PEARL ST / PEARL ST;-74.000822;40.710832;56;30.0;Evening Busses;Car;HPP
M15-S-Evening;403590;PEARL ST/FULTON ST;-74.004;40.707631;58;30.0;Evening Busses;Car;HPP
M15-S-Evening;403831;WATER ST/JOHN ST;-74.00523;40.706813;59;30.0;Evening Busses;Car;HPP
M15-S-Evening;405337;WATER ST/GOUVERNEUR LN;-74.00826;40.704669;60;30.0;Evening Busses;Car;HPP
M15-S-Evening;803002;SOUTH ST/WHITEHALL ST;-74.012226;40.701609;63;30.0;Evening Busses;Car;HPP
M15-S-Morning;401738;2 AV/E 125 ST;-73.933855;40.802473;2;30.0;Morning;Car;HPP
M15-S-Morning;401739;2 AV/E 122 ST;-73.935233;40.800564;3;30.0;Morning;Car;HPP
M15-S-Morning;401740;2 AV/E 119 ST;-73.93661;40.798669;4;30.0;Morning;Car;HPP
M15-S-Morning;401741;2 AV/E 116 ST;-73.93804;40.796723;5;30.0;Morning;Car;HPP
M15-S-Morning;401742;2 AV/E 113 ST;-73.939429;40.794823;6;30.0;Morning;Car;HPP
M15-S-Morning;803228;2 AV/E 111 ST;-73.940328;40.793625;7;30.0;Morning;Car;HPP
M15-S-Morning;401744;2 AV/E 108 ST;-73.941736;40.791673;8;30.0;Morning;Car;HPP
M15-S-Morning;401746;2 AV/E 103 ST;-73.944015;40.788563;10;30.0;Morning;Car;HPP
M15-S-Morning;401747;2 AV/E 101 ST;-73.944893;40.787352;11;30.0;Morning;Car;HPP
M15-S-Morning;401748;2 AV/E 97 ST;-73.946555;40.785065;12;30.0;Morning;Car;HPP
M15-S-Morning;401749;2 AV/E 96 ST;-73.947265;40.784201;13;30.0;Morning;Car;HPP
M15-S-Morning;403342;2 AV/E 94 ST;-73.948302;40.782675;14;30.0;Morning;Car;HPP
M15-S-Morning;405233;2 AV/E 92 ST;-73.949159;40.78151;15;30.0;Morning;Car;HPP
M15-S-Morning;405307;2 AV/E 89 ST;-73.950523;40.779657;16;30.0;Morning;Car;HPP
M15-S-Morning;401753;2 AV/E 87 ST;-73.95143;40.77851;17;30.0;Morning;Car;HPP
M15-S-Morning;401754;2 AV/E 84 ST;-73.952953;40.776302;18;30.0;Morning;Car;HPP
M15-S-Morning;401755;2 AV/E 82 ST;-73.95387;40.775053;19;30.0;Morning;Car;HPP
M15-S-Morning;401756;2 AV/E 78 ST;-73.955434;40.772922;20;30.0;Morning;Car;HPP
M15-S-Morning;401758;2 AV/E 75 ST;-73.95695;40.770821;21;30.0;Morning;Car;HPP
M15-S-Morning;401759;2 AV/E 72 ST;-73.958485;40.768727;22;30.0;Morning;Car;HPP
M15-S-Morning;401760;2 AV/E 70 ST;-73.959501;40.76733;23;30.0;Morning;Car;HPP
M15-S-Morning;401761;2 AV/E 68 ST;-73.960476;40.76599;24;30.0;Morning;Car;HPP
M15-S-Morning;401762;2 AV/E 66 ST;-73.961439;40.764664;25;30.0;Morning;Car;HPP
M15-S-Morning;401763;2 AV/E 64 ST;-73.962314;40.763471;26;30.0;Morning;Car;HPP
M15-S-Morning;401764;2 AV/E 61 ST;-73.963644;40.761701;27;30.0;Morning;Car;HPP
M15-S-Morning;401765;2 AV/E 57 ST;-73.965601;40.758987;28;30.0;Morning;Car;HPP
M15-S-Morning;403887;2 AV/E 54 ST;-73.966937;40.757149;29;30.0;Morning;Car;HPP
M15-S-Morning;401768;2 AV/E 50 ST;-73.968787;40.754623;30;30.0;Morning;Car;HPP
M15-S-Morning;401769;2 AV/E 46 ST;-73.970371;40.752481;31;30.0;Morning;Car;HPP
M15-S-Morning;401771;2 AV/E 42 ST;-73.972517;40.749502;32;30.0;Morning;Car;HPP
M15-S-Morning;401772;2 AV/E 39 ST;-73.97388;40.747638;33;30.0;Morning;Car;HPP
M15-S-Morning;404909;2 AV/E 36 ST;-73.974949;40.746181;34;30.0;Morning;Car;HPP
M15-S-Morning;903266;2 AV/E 33 ST;-73.976632;40.743851;35;30.0;Morning;Car;HPP
M15-S-Morning;401775;2 AV/E 31 ST;-73.977523;40.742638;36;30.0;Morning;Car;HPP
M15-S-Morning;405336;2 AV/E 28 ST;-73.978641;40.741114;37;30.0;Morning;Car;HPP
M15-S-Morning;401778;2 AV/E 25 ST;-73.980226;40.738933;38;30.0;Morning;Car;HPP
M15-S-Morning;401779;2 AV/E 23 ST;-73.981202;40.737516;39;30.0;Morning;Car;HPP
M15-S-Morning;401780;2 AV/E 20 ST;-73.982489;40.735746;40;30.0;Morning;Car;HPP
M15-S-Morning;401781;2 AV/E 17 ST;-73.983769;40.733996;41;30.0;Morning;Car;HPP
M15-S-Morning;401782;2 AV/E 14 ST;-73.984903;40.732494;42;30.0;Morning;Car;HPP
M15-S-Morning;404105;2 AV/E 12 ST;-73.986156;40.730796;43;30.0;Morning;Car;HPP
M15-S-Morning;401785;2 AV/E 6 ST;-73.988785;40.727161;45;30.0;Morning;Car;HPP
M15-S-Morning;401786;2 AV/E 3 ST;-73.990108;40.725343;46;30.0;Morning;Car;HPP
M15-S-Morning;401787;EAST HOUSTON ST/FORSYTH ST;-73.990427;40.723329;47;30.0;Morning;Car;HPP
M15-S-Morning;403849;ALLEN ST/EAST HOUSTON ST;-73.98899;40.722516;48;30.0;Morning;Car;HPP
M15-S-Morning;403647;ALLEN ST/DELANCEY ST;-73.990466;40.719411;49;30.0;Morning;Car;HPP
M15-S-Morning;405373;ALLEN ST/HESTER ST;-73.992021;40.716371;50;30.0;Morning;Car;HPP
M15-S-Morning;401793;ALLEN ST/CANAL ST;-73.992805;40.714855;51;30.0;Morning;Car;HPP
M15-S-Morning;404844;PIKE ST/MADISON ST;-73.992622;40.712625;52;30.0;Morning;Car;HPP
M15-S-Morning;904920;PIKE ST/SOUTH ST;-73.991857;40.710336;53;30.0;Morning;Car;HPP
M15-S-Morning;803002;SOUTH ST/WHITEHALL ST;-74.012226;40.701609;63;30.0;Morning;Car;HPP
M15-S-Night;401732;E 126 ST/2 AV;-73.932451;40.80323;1;30.0;Night;Car;HPP
M15-S-Night;401739;2 AV/E 122 ST;-73.935233;40.800564;3;30.0;Night;Car;HPP
M15-S-Night;401740;2 AV/E 119 ST;-73.93661;40.798669;4;30.0;Night;Car;HPP
M15-S-Night;803228;2 AV/E 111 ST;-73.940328;40.793625;7;30.0;Night;Car;HPP
M15-S-Night;401744;2 AV/E 108 ST;-73.941736;40.791673;8;30.0;Night;Car;HPP
M15-S-Night;401745;2 AV/E 106 ST;-73.942715;40.790331;9;30.0;Night;Car;HPP
M15-S-Night;401746;2 AV/E 103 ST;-73.944015;40.788563;10;30.0;Night;Car;HPP
M15-S-Night;401747;2 AV/E 101 ST;-73.944893;40.787352;11;30.0;Night;Car;HPP
M15-S-Night;401749;2 AV/E 96 ST;-73.947265;40.784201;13;30.0;Night;Car;HPP
M15-S-Night;401753;2 AV/E 87 ST;-73.95143;40.77851;17;30.0;Night;Car;HPP
M15-S-Night;401756;2 AV/E 78 ST;-73.955434;40.772922;20;30.0;Night;Car;HPP
M15-S-Night;401759;2 AV/E 72 ST;-73.958485;40.768727;22;30.0;Night;Car;HPP
M15-S-Night;401760;2 AV/E 70 ST;-73.959501;40.76733;23;30.0;Night;Car;HPP
M15-S-Night;401763;2 AV/E 64 ST;-73.962314;40.763471;26;30.0;Night;Car;HPP
M15-S-Night;401764;2 AV/E 61 ST;-73.963644;40.761701;27;30.0;Night;Car;HPP
M15-S-Night;401765;2 AV/E 57 ST;-73.965601;40.758987;28;30.0;Night;Car;HPP
M15-S-Night;401771;2 AV/E 42 ST;-73.972517;40.749502;32;30.0;Night;Car;HPP
M15-S-Night;401772;2 AV/E 39 ST;-73.97388;40.747638;33;30.0;Night;Car;HPP
M15-S-Night;903266;2 AV/E 33 ST;-73.976632;40.743851;35;30.0;Night;Car;HPP
M15-S-Night;401775;2 AV/E 31 ST;-73.977523;40.742638;36;30.0;Night;Car;HPP
M15-S-Night;401782;2 AV/E 14 ST;-73.984903;40.732494;42;30.0;Night;Car;HPP
M15-S-Night;403647;ALLEN ST/DELANCEY ST;-73.990466;40.719411;49;30.0;Night;Car;HPP
M15-S-Night;401793;ALLEN ST/CANAL ST;-73.992805;40.714855;51;30.0;Night;Car;HPP
M15-S-Night;402112;MADISON ST/CATHERINE ST;-73.997462;40.712064;54;30.0;Night;Car;HPP
M15-S-Night;403590;PEARL ST/FULTON ST;-74.004;40.707631;58;30.0;Night;Car;HPP
M15-S-Night;803002;SOUTH ST/WHITEHALL ST;-74.012226;40.701609;63;30.0;Night;Car;HPP
M15-S-RushHour;401732;E 126 ST/2 AV;-73.932451;40.80323;1;30.0;Rush Hour;Car;HPP
M15-S-RushHour;401738;2 AV/E 125 ST;-73.933855;40.802473;2;30.0;Rush Hour;Car;HPP
M15-S-RushHour;401739;2 AV/E 122 ST;-73.935233;40.800564;3;30.0;Rush Hour;Car;HPP
M15-S-RushHour;401740;2 AV/E 119 ST;-73.93661;40.798669;4;30.0;Rush Hour;Car;HPP
M15-S-RushHour;401741;2 AV/E 116 ST;-73.93804;40.796723;5;30.0;Rush Hour;Car;HPP
M15-S-RushHour;803228;2 AV/E 111 ST;-73.940328;40.793625;7;30.0;Rush Hour;Car;HPP
M15-S-RushHour;401744;2 AV/E 108 ST;-73.941736;40.791673;8;30.0;Rush Hour;Car;HPP
M15-S-RushHour;401746;2 AV/E 103 ST;-73.944015;40.788563;10;30.0;Rush Hour;Car;HPP
M15-S-RushHour;401747;2 AV/E 101 ST;-73.944893;40.787352;11;30.0;Rush Hour;Car;HPP
M15-S-RushHour;401748;2 AV/E 97 ST;-73.946555;40.785065;12;30.0;Rush Hour;Car;HPP
M15-S-RushHour;401749;2 AV/E 96 ST;-73.947265;40.784201;13;30.0;Rush Hour;Car;HPP
M15-S-RushHour;403342;2 AV/E 94 ST;-73.948302;40.782675;14;30.0;Rush Hour;Car;HPP
M15-S-RushHour;405233;2 AV/E 92 ST;-73.949159;40.78151;15;30.0;Rush Hour;Car;HPP
M15-S-RushHour;405307;2 AV/E 89 ST;-73.950523;40.779657;16;30.0;Rush Hour;Car;HPP
M15-S-RushHour;401753;2 AV/E 87 ST;-73.95143;40.77851;17;30.0;Rush Hour;Car;HPP
M15-S-RushHour;401754;2 AV/E 84 ST;-73.952953;40.776302;18;30.0;Rush Hour;Car;HPP
M15-S-RushHour;401755;2 AV/E 82 ST;-73.95387;40.775053;19;30.0;Rush Hour;Car;HPP
M15-S-RushHour;401756;2 AV/E 78 ST;-73.955434;40.772922;20;30.0;Rush Hour;Car;HPP
M15-S-RushHour;401758;2 AV/E 75 ST;-73.95695;40.770821;21;30.0;Rush Hour;Car;HPP
M15-S-RushHour;401759;2 AV/E 72 ST;-73.958485;40.768727;22;30.0;Rush Hour;Car;HPP
M15-S-RushHour;401760;2 AV/E 70 ST;-73.959501;40.76733;23;30.0;Rush Hour;Car;HPP
M15-S-RushHour;401761;2 AV/E 68 ST;-73.960476;40.76599;24;30.0;Rush Hour;Car;HPP
M15-S-RushHour;401762;2 AV/E 66 ST;-73.961439;40.764664;25;30.0;Rush Hour;Car;HPP
M15-S-RushHour;401763;2 AV/E 64 ST;-73.962314;40.763471;26;30.0;Rush Hour;Car;HPP
M15-S-RushHour;401764;2 AV/E 61 ST;-73.963644;40.761701;27;30.0;Rush Hour;Car;HPP
M15-S-RushHour;401765;2 AV/E 57 ST;-73.965601;40.758987;28;30.0;Rush Hour;Car;HPP
M15-S-RushHour;403887;2 AV/E 54 ST;-73.966937;40.757149;29;30.0;Rush Hour;Car;HPP
M15-S-RushHour;401768;2 AV/E 50 ST;-73.968787;40.754623;30;30.0;Rush Hour;Car;HPP
M15-S-RushHour;401769;2 AV/E 46 ST;-73.970371;40.752481;31;30.0;Rush Hour;Car;HPP
M15-S-RushHour;401771;2 AV/E 42 ST;-73.972517;40.749502;32;30.0;Rush Hour;Car;HPP
M15-S-RushHour;401772;2 AV/E 39 ST;-73.97388;40.747638;33;30.0;Rush Hour;Car;HPP
M15-S-RushHour;404909;2 AV/E 36 ST;-73.974949;40.746181;34;30.0;Rush Hour;Car;HPP
M15-S-RushHour;903266;2 AV/E 33 ST;-73.976632;40.743851;35;30.0;Rush Hour;Car;HPP
M15-S-RushHour;401775;2 AV/E 31 ST;-73.977523;40.742638;36;30.0;Rush Hour;Car;HPP
M15-S-RushHour;405336;2 AV/E 28 ST;-73.978641;40.741114;37;30.0;Rush Hour;Car;HPP
M15-S-RushHour;401778;2 AV/E 25 ST;-73.980226;40.738933;38;30.0;Rush Hour;Car;HPP
M15-S-RushHour;401779;2 AV/E 23 ST;-73.981202;40.737516;39;30.0;Rush Hour;Car;HPP
M15-S-RushHour;401780;2 AV/E 20 ST;-73.982489;40.735746;40;30.0;Rush Hour;Car;HPP
M15-S-RushHour;401781;2 AV/E 17 ST;-73.983769;40.733996;41;30.0;Rush Hour;Car;HPP
M15-S-RushHour;401782;2 AV/E 14 ST;-73.984903;40.732494;42;30.0;Rush Hour;Car;HPP
M15-S-RushHour;404105;2 AV/E 12 ST;-73.986156;40.730796;43;30.0;Rush Hour;Car;HPP
M15-S-RushHour;401784;2 AV/E 9 ST;-73.987523;40.728891;44;30.0;Rush Hour;Car;HPP
M15-S-RushHour;401785;2 AV/E 6 ST;-73.988785;40.727161;45;30.0;Rush Hour;Car;HPP
M15-S-RushHour;401786;2 AV/E 3 ST;-73.990108;40.725343;46;30.0;Rush Hour;Car;HPP
M15-S-RushHour;401787;EAST HOUSTON ST/FORSYTH ST;-73.990427;40.723329;47;30.0;Rush Hour;Car;HPP
M15-S-RushHour;403849;ALLEN ST/EAST HOUSTON ST;-73.98899;40.722516;48;30.0;Rush Hour;Car;HPP
M15-S-RushHour;403647;ALLEN ST/DELANCEY ST;-73.990466;40.719411;49;30.0;Rush Hour;Car;HPP
M15-S-RushHour;405373;ALLEN ST/HESTER ST;-73.992021;40.716371;50;30.0;Rush Hour;Car;HPP
M15-S-RushHour;401793;ALLEN ST/CANAL ST;-73.992805;40.714855;51;30.0;Rush Hour;Car;HPP
M15-S-RushHour;404844;PIKE ST/MADISON ST;-73.992622;40.712625;52;30.0;Rush Hour;Car;HPP
M15-S-RushHour;402111;MADISON ST/MARKET ST;-73.994744;40.712325;53;30.0;Rush Hour;Car;HPP
M15-S-RushHour;402112;MADISON ST/CATHERINE ST;-73.997462;40.712064;54;30.0;Rush Hour;Car;HPP
M15-S-RushHour;903054;MADISON ST/SAINT JAMES PL;-73.99943;40.711883;55;30.0;Rush Hour;Car;HPP
M15-S-RushHour;404327;PEARL ST / PEARL ST;-74.000822;40.710832;56;30.0;Rush Hour;Car;HPP
M15-S-RushHour;403590;PEARL ST/FULTON ST;-74.004;40.707631;58;30.0;Rush Hour;Car;HPP
M15-S-RushHour;405337;WATER ST/GOUVERNEUR LN;-74.00826;40.704669;60;30.0;Rush Hour;Car;HPP
M15-S-RushHour;903297;BROAD ST/SOUTH ST;-74.011222;40.701875;62;30.0;Rush Hour;Car;HPP
M15-S-RushHour;803002;SOUTH ST/WHITEHALL ST;-74.012226;40.701609;63;30.0;Rush Hour;Car;HPP
Q58-E-Day;308488;PALMETTO ST/WYCKOFF AV;-73.911187;40.699352;1;30.0;Day Busses;Car;HPP
Q58-E-Day;504503;71 ST/GRAND AV;-73.892403;40.727845;1;30.0;Day Busses;Car;HPP
Q58-E-Day;504155;CYPRESS AV/PALMETTO ST;-73.908578;40.701455;2;30.0;Day Busses;Car;HPP
Q58-E-Day;504474;MADISON ST/CYPRESS AV;-73.907068;40.701012;3;30.0;Day Busses;Car;HPP
Q58-E-Day;504475;MADISON ST/SENECA AV;-73.905912;40.70215;4;30.0;Day Busses;Car;HPP
Q58-E-Day;503450;MADISON ST/ONDERDONK AV;-73.904991;40.703052;5;30.0;Day Busses;Car;HPP
Q58-E-Day;503451;MADISON ST/WOODWARD AV;-73.904052;40.70402;6;30.0;Day Busses;Car;HPP
Q58-E-Day;503452;MADISON ST/FAIRVIEW AV;-73.903055;40.704989;7;30.0;Day Busses;Car;HPP
Q58-E-Day;503453;FAIRVIEW AV/FOREST AV;-73.901923;40.704364;8;30.0;Day Busses;Car;HPP
Q58-E-Day;503454;67 AV/60 ST;-73.900551;40.704678;9;30.0;Day Busses;Car;HPP
Q58-E-Day;503455;67 AV/FRESH POND RD;-73.896695;40.705683;10;30.0;Day Busses;Car;HPP
Q58-E-Day;503456;FRESH POND RD/PUTNAM AV;-73.896715;40.706356;11;30.0;Day Busses;Car;HPP
Q58-E-Day;503457;FRESH POND RD/WOODBINE ST;-73.897694;40.708023;12;30.0;Day Busses;Car;HPP
Q58-E-Day;503459;FRESH POND RD/GROVE ST;-73.899216;40.710175;14;30.0;Day Busses;Car;HPP
Q58-E-Day;505251;FRESH POND RD/BLEECKER ST;-73.900241;40.71216;15;30.0;Day Busses;Car;HPP
Q58-E-Day;503461;FRESH POND RD/ELIOT AV;-73.901197;40.714986;16;30.0;Day Busses;Car;HPP
Q58-E-Day;503462;FRESH POND RD/60 RD;-73.901546;40.716346;17;30.0;Day Busses;Car;HPP
Q58-E-Day;505108;FRESH POND RD / 61ST ST;-73.902122;40.718253;18;30.0;Day Busses;Car;HPP
Q58-E-Day;503464;FRESH POND RD/59 AV;-73.902537;40.719707;19;30.0;Day Busses;Car;HPP
Q58-E-Day;503465;FRESH POND RD/FLUSHING AV;-73.903054;40.721506;20;30.0;Day Busses;Car;HPP
Q58-E-Day;503466;FLUSHING AV/64 ST;-73.901124;40.722773;21;30.0;Day Busses;Car;HPP
Q58-E-Day;503468;GRAND AV/66 ST;-73.898362;40.724268;22;30.0;Day Busses;Car;HPP
Q58-E-Day;503469;GRAND AV/QUEENS MIDTOWN EXPWY;-73.896739;40.725094;23;30.0;Day Busses;Car;HPP
Q58-E-Day;503470;GRAND AV/69 PL;-73.894339;40.726466;24;30.0;Day Busses;Car;HPP
Q58-E-Day;503471;GRAND AV/71 ST;-73.892151;40.72776;25;30.0;Day Busses;Car;HPP
Q58-E-Day;503258;GRAND AV/73 ST;-73.889932;40.729453;26;30.0;Day Busses;Car;HPP
Q58-E-Day;503472;GRAND AV/74 ST;-73.887154;40.730283;27;30.0;Day Busses;Car;HPP
Q58-E-Day;503473;GRAND AV/79 ST;-73.885277;40.731137;28;30.0;Day Busses;Car;HPP
Q58-E-Day;503475;GRAND AV/84 ST;-73.883824;40.733451;29;30.0;Day Busses;Car;HPP
Q58-E-Day;503476;GRAND AV/HASPEL ST;-73.881807;40.735058;30;30.0;Day Busses;Car;HPP
Q58-E-Day;503477;GRAND AV/VAN HORN ST;-73.880197;40.735806;31;30.0;Day Busses;Car;HPP
Q58-E-Day;502992;GRAND AV/QUEENS BLVD;-73.877838;40.736494;32;30.0;Day Busses;Car;HPP
Q58-E-Day;503478;BROADWAY/JUSTICE AV;-73.877105;40.737801;33;30.0;Day Busses;Car;HPP
Q58-E-Day;502994;BROADWAY/CORONA AV;-73.877793;40.739332;34;30.0;Day Busses;Car;HPP
Q58-E-Day;503479;CORONA AV/88 ST;-73.876413;40.740412;35;30.0;Day Busses;Car;HPP
Q58-E-Day;503480;CORONA AV/90 ST;-73.875087;40.741382;36;30.0;Day Busses;Car;HPP
Q58-E-Day;503481;CORONA AV/91 PL;-73.87281;40.742444;37;30.0;Day Busses;Car;HPP
Q58-E-Day;503689;CORONA AV/93 ST;-73.87151;40.742369;38;30.0;Day Busses;Car;HPP
Q58-E-Day;503482;CORONA AV/94 ST;-73.870047;40.742305;39;30.0;Day Busses;Car;HPP
Q58-E-Day;503483;CORONA AV/JUNCTION BLVD;-73.867676;40.742062;40;30.0;Day Busses;Car;HPP
Q58-E-Day;503484;CORONA AV/ALSTYNE AV;-73.865956;40.743382;41;30.0;Day Busses;Car;HPP
Q58-E-Day;503485;CORONA AV/98 PL;-73.864488;40.744949;42;30.0;Day Busses;Car;HPP
Q58-E-Day;503486;CORONA AV/102 ST;-73.861633;40.744224;43;30.0;Day Busses;Car;HPP
Q58-E-Day;503487;CORONA AV/104 ST;-73.858281;40.743955;44;30.0;Day Busses;Car;HPP
Q58-E-Day;503488;CORONA AV/51 AV;-73.855716;40.743487;45;30.0;Day Busses;Car;HPP
Q58-E-Day;503490;108 ST/MARTENSE AV;-73.854336;40.741925;46;30.0;Day Busses;Car;HPP
Q58-E-Day;503491;108 ST/WALDRON ST;-73.852687;40.739159;47;30.0;Day Busses;Car;HPP
Q58-E-Day;503492;108 ST/HORACE HARDING EXPWY;-73.852341;40.737814;48;30.0;Day Busses;Car;HPP
Q58-E-Day;503444;COLLEGE POINT BLVD/HORACE HARDING EXPWY;-73.837083;40.743221;49;30.0;Day Busses;Car;HPP
Q58-E-Day;503493;COLLEGE POINT BLVD/58 RD;-73.83517;40.745711;50;30.0;Day Busses;Car;HPP
Q58-E-Day;503494;COLLEGE POINT BLVD/57 RD;-73.834629;40.74679;51;30.0;Day Busses;Car;HPP
Q58-E-Day;503956;COLLEGE POINT BLVD/BOOTH MEMORIAL AV;-73.832893;40.748293;52;30.0;Day Busses;Car;HPP
Q58-E-Day;504020;COLLEGE POINT BLVD/AVERY AV;-73.832366;40.752274;53;30.0;Day Busses;Car;HPP
Q58-E-Day;503497;COLLEGE POINT BLVD/MAPLE AV;-73.832887;40.754027;54;30.0;Day Busses;Car;HPP
Q58-E-Day;503499;41 RD/COLLEGE POINT BLVD;-73.833009;40.755659;55;30.0;Day Busses;Car;HPP
Q58-E-Day;804059;41 RD/MAIN ST;-73.829369;40.757363;56;30.0;Day Busses;Car;HPP
Q58-E-Evening;308488;PALMETTO ST/WYCKOFF AV;-73.911187;40.699352;1;30.0;Evening Busses;Car;HPP
Q58-E-Evening;504155;CYPRESS AV/PALMETTO ST;-73.908578;40.701455;2;30.0;Evening Busses;Car;HPP
Q58-E-Evening;504474;MADISON ST/CYPRESS AV;-73.907068;40.701012;3;30.0;Evening Busses;Car;HPP
Q58-E-Evening;504475;MADISON ST/SENECA AV;-73.905912;40.70215;4;30.0;Evening Busses;Car;HPP
Q58-E-Evening;503450;MADISON ST/ONDERDONK AV;-73.904991;40.703052;5;30.0;Evening Busses;Car;HPP
Q58-E-Evening;503451;MADISON ST/WOODWARD AV;-73.904052;40.70402;6;30.0;Evening Busses;Car;HPP
Q58-E-Evening;503452;MADISON ST/FAIRVIEW AV;-73.903055;40.704989;7;30.0;Evening Busses;Car;HPP
Q58-E-Evening;503453;FAIRVIEW AV/FOREST AV;-73.901923;40.704364;8;30.0;Evening Busses;Car;HPP
Q58-E-Evening;503454;67 AV/60 ST;-73.900551;40.704678;9;30.0;Evening Busses;Car;HPP
Q58-E-Evening;503455;67 AV/FRESH POND RD;-73.896695;40.705683;10;30.0;Evening Busses;Car;HPP
Q58-E-Evening;503456;FRESH POND RD/PUTNAM AV;-73.896715;40.706356;11;30.0;Evening Busses;Car;HPP
Q58-E-Evening;503457;FRESH POND RD/WOODBINE ST;-73.897694;40.708023;12;30.0;Evening Busses;Car;HPP
Q58-E-Evening;503459;FRESH POND RD/GROVE ST;-73.899216;40.710175;14;30.0;Evening Busses;Car;HPP
Q58-E-Evening;505251;FRESH POND RD/BLEECKER ST;-73.900241;40.71216;15;30.0;Evening Busses;Car;HPP
Q58-E-Evening;503461;FRESH POND RD/ELIOT AV;-73.901197;40.714986;16;30.0;Evening Busses;Car;HPP
Q58-E-Evening;503462;FRESH POND RD/60 RD;-73.901546;40.716346;17;30.0;Evening Busses;Car;HPP
Q58-E-Evening;503497;COLLEGE POINT BLVD/MAPLE AV;-73.832887;40.754027;17;30.0;Evening Busses;Car;HPP
Q58-E-Evening;505108;FRESH POND RD / 61ST ST;-73.902122;40.718253;18;30.0;Evening Busses;Car;HPP
Q58-E-Evening;503464;FRESH POND RD/59 AV;-73.902537;40.719707;19;30.0;Evening Busses;Car;HPP
Q58-E-Evening;503465;FRESH POND RD/FLUSHING AV;-73.903054;40.721506;20;30.0;Evening Busses;Car;HPP
Q58-E-Evening;503466;FLUSHING AV/64 ST;-73.901124;40.722773;21;30.0;Evening Busses;Car;HPP
Q58-E-Evening;503468;GRAND AV/66 ST;-73.898362;40.724268;22;30.0;Evening Busses;Car;HPP
Q58-E-Evening;503469;GRAND AV/QUEENS MIDTOWN EXPWY;-73.896739;40.725094;23;30.0;Evening Busses;Car;HPP
Q58-E-Evening;503470;GRAND AV/69 PL;-73.894339;40.726466;24;30.0;Evening Busses;Car;HPP
Q58-E-Evening;503471;GRAND AV/71 ST;-73.892151;40.72776;25;30.0;Evening Busses;Car;HPP
Q58-E-Evening;503258;GRAND AV/73 ST;-73.889932;40.729453;26;30.0;Evening Busses;Car;HPP
Q58-E-Evening;503472;GRAND AV/74 ST;-73.887154;40.730283;27;30.0;Evening Busses;Car;HPP
Q58-E-Evening;503473;GRAND AV/79 ST;-73.885277;40.731137;28;30.0;Evening Busses;Car;HPP
Q58-E-Evening;503475;GRAND AV/84 ST;-73.883824;40.733451;29;30.0;Evening Busses;Car;HPP
Q58-E-Evening;503476;GRAND AV/HASPEL ST;-73.881807;40.735058;30;30.0;Evening Busses;Car;HPP
Q58-E-Evening;503477;GRAND AV/VAN HORN ST;-73.880197;40.735806;31;30.0;Evening Busses;Car;HPP
Q58-E-Evening;502992;GRAND AV/QUEENS BLVD;-73.877838;40.736494;32;30.0;Evening Busses;Car;HPP
Q58-E-Evening;503478;BROADWAY/JUSTICE AV;-73.877105;40.737801;33;30.0;Evening Busses;Car;HPP
Q58-E-Evening;502994;BROADWAY/CORONA AV;-73.877793;40.739332;34;30.0;Evening Busses;Car;HPP
Q58-E-Evening;503479;CORONA AV/88 ST;-73.876413;40.740412;35;30.0;Evening Busses;Car;HPP
Q58-E-Evening;503480;CORONA AV/90 ST;-73.875087;40.741382;36;30.0;Evening Busses;Car;HPP
Q58-E-Evening;503481;CORONA AV/91 PL;-73.87281;40.742444;37;30.0;Evening Busses;Car;HPP
Q58-E-Evening;503689;CORONA AV/93 ST;-73.87151;40.742369;38;30.0;Evening Busses;Car;HPP
Q58-E-Evening;503482;CORONA AV/94 ST;-73.870047;40.742305;39;30.0;Evening Busses;Car;HPP
Q58-E-Evening;503483;CORONA AV/JUNCTION BLVD;-73.867676;40.742062;40;30.0;Evening Busses;Car;HPP
Q58-E-Evening;503484;CORONA AV/ALSTYNE AV;-73.865956;40.743382;41;30.0;Evening Busses;Car;HPP
Q58-E-Evening;503485;CORONA AV/98 PL;-73.864488;40.744949;42;30.0;Evening Busses;Car;HPP
Q58-E-Evening;503486;CORONA AV/102 ST;-73.861633;40.744224;43;30.0;Evening Busses;Car;HPP
Q58-E-Evening;503487;CORONA AV/104 ST;-73.858281;40.743955;44;30.0;Evening Busses;Car;HPP
Q58-E-Evening;503488;CORONA AV/51 AV;-73.855716;40.743487;45;30.0;Evening Busses;Car;HPP
Q58-E-Evening;503490;108 ST/MARTENSE AV;-73.854336;40.741925;46;30.0;Evening Busses;Car;HPP
Q58-E-Evening;503491;108 ST/WALDRON ST;-73.852687;40.739159;47;30.0;Evening Busses;Car;HPP
Q58-E-Evening;503492;108 ST/HORACE HARDING EXPWY;-73.852341;40.737814;48;30.0;Evening Busses;Car;HPP
Q58-E-Evening;503493;COLLEGE POINT BLVD/58 RD;-73.83517;40.745711;50;30.0;Evening Busses;Car;HPP
Q58-E-Evening;503494;COLLEGE POINT BLVD/57 RD;-73.834629;40.74679;51;30.0;Evening Busses;Car;HPP
Q58-E-Evening;503956;COLLEGE POINT BLVD/BOOTH MEMORIAL AV;-73.832893;40.748293;52;30.0;Evening Busses;Car;HPP
Q58-E-Evening;504020;COLLEGE POINT BLVD/AVERY AV;-73.832366;40.752274;53;30.0;Evening Busses;Car;HPP
Q58-E-Evening;503499;41 RD/COLLEGE POINT BLVD;-73.833009;40.755659;55;30.0;Evening Busses;Car;HPP
Q58-E-Evening;804059;41 RD/MAIN ST;-73.829369;40.757363;56;30.0;Evening Busses;Car;HPP
Q58-E-Morning;308488;PALMETTO ST/WYCKOFF AV;-73.911187;40.699352;1;30.0;Morning;Car;HPP
Q58-E-Morning;504155;CYPRESS AV/PALMETTO ST;-73.908578;40.701455;2;30.0;Morning;Car;HPP
Q58-E-Morning;504475;MADISON ST/SENECA AV;-73.905912;40.70215;2;30.0;Morning;Car;HPP
Q58-E-Morning;503453;FAIRVIEW AV/FOREST AV;-73.901923;40.704364;3;30.0;Morning;Car;HPP
Q58-E-Morning;504474;MADISON ST/CYPRESS AV;-73.907068;40.701012;3;30.0;Morning;Car;HPP
Q58-E-Morning;503456;FRESH POND RD/PUTNAM AV;-73.896715;40.706356;4;30.0;Morning;Car;HPP
Q58-E-Morning;503450;MADISON ST/ONDERDONK AV;-73.904991;40.703052;5;30.0;Morning;Car;HPP
Q58-E-Morning;505251;FRESH POND RD/BLEECKER ST;-73.900241;40.71216;5;30.0;Morning;Car;HPP
Q58-E-Morning;503451;MADISON ST/WOODWARD AV;-73.904052;40.70402;6;30.0;Morning;Car;HPP
Q58-E-Morning;503465;FRESH POND RD/FLUSHING AV;-73.903054;40.721506;6;30.0;Morning;Car;HPP
Q58-E-Morning;503452;MADISON ST/FAIRVIEW AV;-73.903055;40.704989;7;30.0;Morning;Car;HPP
Q58-E-Morning;503470;GRAND AV/69 PL;-73.894339;40.726466;7;30.0;Morning;Car;HPP
Q58-E-Morning;503472;GRAND AV/74 ST;-73.887154;40.730283;8;30.0;Morning;Car;HPP
Q58-E-Morning;503454;67 AV/60 ST;-73.900551;40.704678;9;30.0;Morning;Car;HPP
Q58-E-Morning;503475;GRAND AV/84 ST;-73.883824;40.733451;9;30.0;Morning;Car;HPP
Q58-E-Morning;502992;GRAND AV/QUEENS BLVD;-73.877838;40.736494;10;30.0;Morning;Car;HPP
Q58-E-Morning;503455;67 AV/FRESH POND RD;-73.896695;40.705683;10;30.0;Morning;Car;HPP
Q58-E-Morning;503478;BROADWAY/JUSTICE AV;-73.877105;40.737801;11;30.0;Morning;Car;HPP
Q58-E-Morning;503457;FRESH POND RD/WOODBINE ST;-73.897694;40.708023;12;30.0;Morning;Car;HPP
Q58-E-Morning;503481;CORONA AV/91 PL;-73.87281;40.742444;12;30.0;Morning;Car;HPP
Q58-E-Morning;503483;CORONA AV/JUNCTION BLVD;-73.867676;40.742062;13;30.0;Morning;Car;HPP
Q58-E-Morning;503459;FRESH POND RD/GROVE ST;-73.899216;40.710175;14;30.0;Morning;Car;HPP
Q58-E-Morning;503490;108 ST/MARTENSE AV;-73.854336;40.741925;14;30.0;Morning;Car;HPP
Q58-E-Morning;503492;108 ST/HORACE HARDING EXPWY;-73.852341;40.737814;15;30.0;Morning;Car;HPP
Q58-E-Morning;503461;FRESH POND RD/ELIOT AV;-73.901197;40.714986;16;30.0;Morning;Car;HPP
Q58-E-Morning;503493;COLLEGE POINT BLVD/58 RD;-73.83517;40.745711;16;30.0;Morning;Car;HPP
Q58-E-Morning;503462;FRESH POND RD/60 RD;-73.901546;40.716346;17;30.0;Morning;Car;HPP
Q58-E-Morning;503497;COLLEGE POINT BLVD/MAPLE AV;-73.832887;40.754027;17;30.0;Morning;Car;HPP
Q58-E-Morning;505108;FRESH POND RD / 61ST ST;-73.902122;40.718253;18;30.0;Morning;Car;HPP
Q58-E-Morning;804059;41 RD/MAIN ST;-73.829369;40.757363;18;30.0;Morning;Car;HPP
Q58-E-Morning;503464;FRESH POND RD/59 AV;-73.902537;40.719707;19;30.0;Morning;Car;HPP
Q58-E-Morning;503466;FLUSHING AV/64 ST;-73.901124;40.722773;21;30.0;Morning;Car;HPP
Q58-E-Morning;503468;GRAND AV/66 ST;-73.898362;40.724268;22;30.0;Morning;Car;HPP
Q58-E-Morning;503469;GRAND AV/QUEENS MIDTOWN EXPWY;-73.896739;40.725094;23;30.0;Morning;Car;HPP
Q58-E-Morning;503471;GRAND AV/71 ST;-73.892151;40.72776;25;30.0;Morning;Car;HPP
Q58-E-Morning;503258;GRAND AV/73 ST;-73.889932;40.729453;26;30.0;Morning;Car;HPP
Q58-E-Morning;503473;GRAND AV/79 ST;-73.885277;40.731137;28;30.0;Morning;Car;HPP
Q58-E-Morning;503476;GRAND AV/HASPEL ST;-73.881807;40.735058;30;30.0;Morning;Car;HPP
Q58-E-Morning;503477;GRAND AV/VAN HORN ST;-73.880197;40.735806;31;30.0;Morning;Car;HPP
Q58-E-Morning;502994;BROADWAY/CORONA AV;-73.877793;40.739332;34;30.0;Morning;Car;HPP
Q58-E-Morning;503479;CORONA AV/88 ST;-73.876413;40.740412;35;30.0;Morning;Car;HPP
Q58-E-Morning;503480;CORONA AV/90 ST;-73.875087;40.741382;36;30.0;Morning;Car;HPP
Q58-E-Morning;503689;CORONA AV/93 ST;-73.87151;40.742369;38;30.0;Morning;Car;HPP
Q58-E-Morning;503482;CORONA AV/94 ST;-73.870047;40.742305;39;30.0;Morning;Car;HPP
Q58-E-Morning;503484;CORONA AV/ALSTYNE AV;-73.865956;40.743382;41;30.0;Morning;Car;HPP
Q58-E-Morning;503485;CORONA AV/98 PL;-73.864488;40.744949;42;30.0;Morning;Car;HPP
Q58-E-Morning;503486;CORONA AV/102 ST;-73.861633;40.744224;43;30.0;Morning;Car;HPP
Q58-E-Morning;503487;CORONA AV/104 ST;-73.858281;40.743955;44;30.0;Morning;Car;HPP
Q58-E-Morning;503488;CORONA AV/51 AV;-73.855716;40.743487;45;30.0;Morning;Car;HPP
Q58-E-Morning;503491;108 ST/WALDRON ST;-73.852687;40.739159;47;30.0;Morning;Car;HPP
Q58-E-Morning;503444;COLLEGE POINT BLVD/HORACE HARDING EXPWY;-73.837083;40.743221;49;30.0;Morning;Car;HPP
Q58-E-Morning;503494;COLLEGE POINT BLVD/57 RD;-73.834629;40.74679;51;30.0;Morning;Car;HPP
Q58-E-Morning;503956;COLLEGE POINT BLVD/BOOTH MEMORIAL AV;-73.832893;40.748293;52;30.0;Morning;Car;HPP
Q58-E-Morning;504020;COLLEGE POINT BLVD/AVERY AV;-73.832366;40.752274;53;30.0;Morning;Car;HPP
Q58-E-Morning;503499;41 RD/COLLEGE POINT BLVD;-73.833009;40.755659;55;30.0;Morning;Car;HPP
Q58-E-Night;308488;PALMETTO ST/WYCKOFF AV;-73.911187;40.699352;1;30.0;Night;Car;HPP
Q58-E-Night;503457;FRESH POND RD/WOODBINE ST;-73.897694;40.708023;2;30.0;Night;Car;HPP
Q58-E-Night;504155;CYPRESS AV/PALMETTO ST;-73.908578;40.701455;2;30.0;Night;Car;HPP
Q58-E-Night;504474;MADISON ST/CYPRESS AV;-73.907068;40.701012;3;30.0;Night;Car;HPP
Q58-E-Night;504475;MADISON ST/SENECA AV;-73.905912;40.70215;4;30.0;Night;Car;HPP
Q58-E-Night;503451;MADISON ST/WOODWARD AV;-73.904052;40.70402;6;30.0;Night;Car;HPP
Q58-E-Night;503453;FAIRVIEW AV/FOREST AV;-73.901923;40.704364;8;30.0;Night;Car;HPP
Q58-E-Night;503454;67 AV/60 ST;-73.900551;40.704678;9;30.0;Night;Car;HPP
Q58-E-Night;503455;67 AV/FRESH POND RD;-73.896695;40.705683;10;30.0;Night;Car;HPP
Q58-E-Night;503456;FRESH POND RD/PUTNAM AV;-73.896715;40.706356;11;30.0;Night;Car;HPP
Q58-E-Night;503459;FRESH POND RD/GROVE ST;-73.899216;40.710175;14;30.0;Night;Car;HPP
Q58-E-Night;505251;FRESH POND RD/BLEECKER ST;-73.900241;40.71216;15;30.0;Night;Car;HPP
Q58-E-Night;503461;FRESH POND RD/ELIOT AV;-73.901197;40.714986;16;30.0;Night;Car;HPP
Q58-E-Night;503462;FRESH POND RD/60 RD;-73.901546;40.716346;17;30.0;Night;Car;HPP
Q58-E-Night;505108;FRESH POND RD / 61ST ST;-73.902122;40.718253;18;30.0;Night;Car;HPP
Q58-E-Night;503464;FRESH POND RD/59 AV;-73.902537;40.719707;19;30.0;Night;Car;HPP
Q58-E-Night;503465;FRESH POND RD/FLUSHING AV;-73.903054;40.721506;20;30.0;Night;Car;HPP
Q58-E-Night;503466;FLUSHING AV/64 ST;-73.901124;40.722773;21;30.0;Night;Car;HPP
Q58-E-Night;503468;GRAND AV/66 ST;-73.898362;40.724268;22;30.0;Night;Car;HPP
Q58-E-Night;503469;GRAND AV/QUEENS MIDTOWN EXPWY;-73.896739;40.725094;23;30.0;Night;Car;HPP
Q58-E-Night;503470;GRAND AV/69 PL;-73.894339;40.726466;24;30.0;Night;Car;HPP
Q58-E-Night;503471;GRAND AV/71 ST;-73.892151;40.72776;25;30.0;Night;Car;HPP
Q58-E-Night;503258;GRAND AV/73 ST;-73.889932;40.729453;26;30.0;Night;Car;HPP
Q58-E-Night;503472;GRAND AV/74 ST;-73.887154;40.730283;27;30.0;Night;Car;HPP
Q58-E-Night;503473;GRAND AV/79 ST;-73.885277;40.731137;28;30.0;Night;Car;HPP
Q58-E-Night;503475;GRAND AV/84 ST;-73.883824;40.733451;29;30.0;Night;Car;HPP
Q58-E-Night;503476;GRAND AV/HASPEL ST;-73.881807;40.735058;30;30.0;Night;Car;HPP
Q58-E-Night;502992;GRAND AV/QUEENS BLVD;-73.877838;40.736494;32;30.0;Night;Car;HPP
Q58-E-Night;503478;BROADWAY/JUSTICE AV;-73.877105;40.737801;33;30.0;Night;Car;HPP
Q58-E-Night;502994;BROADWAY/CORONA AV;-73.877793;40.739332;34;30.0;Night;Car;HPP
Q58-E-Night;503479;CORONA AV/88 ST;-73.876413;40.740412;35;30.0;Night;Car;HPP
Q58-E-Night;503480;CORONA AV/90 ST;-73.875087;40.741382;36;30.0;Night;Car;HPP
Q58-E-Night;503481;CORONA AV/91 PL;-73.87281;40.742444;37;30.0;Night;Car;HPP
Q58-E-Night;503482;CORONA AV/94 ST;-73.870047;40.742305;39;30.0;Night;Car;HPP
Q58-E-Night;503483;CORONA AV/JUNCTION BLVD;-73.867676;40.742062;40;30.0;Night;Car;HPP
Q58-E-Night;503485;CORONA AV/98 PL;-73.864488;40.744949;42;30.0;Night;Car;HPP
Q58-E-Night;503486;CORONA AV/102 ST;-73.861633;40.744224;43;30.0;Night;Car;HPP
Q58-E-Night;503487;CORONA AV/104 ST;-73.858281;40.743955;44;30.0;Night;Car;HPP
Q58-E-Night;503488;CORONA AV/51 AV;-73.855716;40.743487;45;30.0;Night;Car;HPP
Q58-E-Night;503490;108 ST/MARTENSE AV;-73.854336;40.741925;46;30.0;Night;Car;HPP
Q58-E-Night;503491;108 ST/WALDRON ST;-73.852687;40.739159;47;30.0;Night;Car;HPP
Q58-E-Night;503492;108 ST/HORACE HARDING EXPWY;-73.852341;40.737814;48;30.0;Night;Car;HPP
Q58-E-Night;503444;COLLEGE POINT BLVD/HORACE HARDING EXPWY;-73.837083;40.743221;49;30.0;Night;Car;HPP
Q58-E-Night;503493;COLLEGE POINT BLVD/58 RD;-73.83517;40.745711;50;30.0;Night;Car;HPP
Q58-E-Night;503956;COLLEGE POINT BLVD/BOOTH MEMORIAL AV;-73.832893;40.748293;52;30.0;Night;Car;HPP
Q58-E-Night;503497;COLLEGE POINT BLVD/MAPLE AV;-73.832887;40.754027;54;30.0;Night;Car;HPP
Q58-E-Night;804059;41 RD/MAIN ST;-73.829369;40.757363;56;30.0;Night;Car;HPP
Q58-E-RushHour;308488;PALMETTO ST/WYCKOFF AV;-73.911187;40.699352;1;30.0;Rush Hour;Car;HPP
Q58-E-RushHour;504155;CYPRESS AV/PALMETTO ST;-73.908578;40.701455;2;30.0;Rush Hour;Car;HPP
Q58-E-RushHour;504475;MADISON ST/SENECA AV;-73.905912;40.70215;2;30.0;Rush Hour;Car;HPP
Q58-E-RushHour;503453;FAIRVIEW AV/FOREST AV;-73.901923;40.704364;3;30.0;Rush Hour;Car;HPP
Q58-E-RushHour;504474;MADISON ST/CYPRESS AV;-73.907068;40.701012;3;30.0;Rush Hour;Car;HPP
Q58-E-RushHour;503456;FRESH POND RD/PUTNAM AV;-73.896715;40.706356;4;30.0;Rush Hour;Car;HPP
Q58-E-RushHour;503450;MADISON ST/ONDERDONK AV;-73.904991;40.703052;5;30.0;Rush Hour;Car;HPP
Q58-E-RushHour;505251;FRESH POND RD/BLEECKER ST;-73.900241;40.71216;5;30.0;Rush Hour;Car;HPP
Q58-E-RushHour;503451;MADISON ST/WOODWARD AV;-73.904052;40.70402;6;30.0;Rush Hour;Car;HPP
Q58-E-RushHour;503465;FRESH POND RD/FLUSHING AV;-73.903054;40.721506;6;30.0;Rush Hour;Car;HPP
Q58-E-RushHour;503452;MADISON ST/FAIRVIEW AV;-73.903055;40.704989;7;30.0;Rush Hour;Car;HPP
Q58-E-RushHour;503470;GRAND AV/69 PL;-73.894339;40.726466;7;30.0;Rush Hour;Car;HPP
Q58-E-RushHour;503472;GRAND AV/74 ST;-73.887154;40.730283;8;30.0;Rush Hour;Car;HPP
Q58-E-RushHour;503454;67 AV/60 ST;-73.900551;40.704678;9;30.0;Rush Hour;Car;HPP
Q58-E-RushHour;503475;GRAND AV/84 ST;-73.883824;40.733451;9;30.0;Rush Hour;Car;HPP
Q58-E-RushHour;503455;67 AV/FRESH POND RD;-73.896695;40.705683;10;30.0;Rush Hour;Car;HPP
Q58-E-RushHour;503478;BROADWAY/JUSTICE AV;-73.877105;40.737801;11;30.0;Rush Hour;Car;HPP
Q58-E-RushHour;503457;FRESH POND RD/WOODBINE ST;-73.897694;40.708023;12;30.0;Rush Hour;Car;HPP
Q58-E-RushHour;503459;FRESH POND RD/GROVE ST;-73.899216;40.710175;14;30.0;Rush Hour;Car;HPP
Q58-E-RushHour;503492;108 ST/HORACE HARDING EXPWY;-73.852341;40.737814;15;30.0;Rush Hour;Car;HPP
Q58-E-RushHour;503461;FRESH POND RD/ELIOT AV;-73.901197;40.714986;16;30.0;Rush Hour;Car;HPP
Q58-E-RushHour;503493;COLLEGE POINT BLVD/58 RD;-73.83517;40.745711;16;30.0;Rush Hour;Car;HPP
Q58-E-RushHour;503462;FRESH POND RD/60 RD;-73.901546;40.716346;17;30.0;Rush Hour;Car;HPP
Q58-E-RushHour;503497;COLLEGE POINT BLVD/MAPLE AV;-73.832887;40.754027;17;30.0;Rush Hour;Car;HPP
Q58-E-RushHour;505108;FRESH POND RD / 61ST ST;-73.902122;40.718253;18;30.0;Rush Hour;Car;HPP
Q58-E-RushHour;503464;FRESH POND RD/59 AV;-73.902537;40.719707;19;30.0;Rush Hour;Car;HPP
Q58-E-RushHour;503466;FLUSHING AV/64 ST;-73.901124;40.722773;21;30.0;Rush Hour;Car;HPP
Q58-E-RushHour;503468;GRAND AV/66 ST;-73.898362;40.724268;22;30.0;Rush Hour;Car;HPP
Q58-E-RushHour;503469;GRAND AV/QUEENS MIDTOWN EXPWY;-73.896739;40.725094;23;30.0;Rush Hour;Car;HPP
Q58-E-RushHour;503471;GRAND AV/71 ST;-73.892151;40.72776;25;30.0;Rush Hour;Car;HPP
Q58-E-RushHour;503258;GRAND AV/73 ST;-73.889932;40.729453;26;30.0;Rush Hour;Car;HPP
Q58-E-RushHour;503473;GRAND AV/79 ST;-73.885277;40.731137;28;30.0;Rush Hour;Car;HPP
Q58-E-RushHour;503476;GRAND AV/HASPEL ST;-73.881807;40.735058;30;30.0;Rush Hour;Car;HPP
Q58-E-RushHour;503477;GRAND AV/VAN HORN ST;-73.880197;40.735806;31;30.0;Rush Hour;Car;HPP
Q58-E-RushHour;502992;GRAND AV/QUEENS BLVD;-73.877838;40.736494;32;30.0;Rush Hour;Car;HPP
Q58-E-RushHour;502994;BROADWAY/CORONA AV;-73.877793;40.739332;34;30.0;Rush Hour;Car;HPP
Q58-E-RushHour;503479;CORONA AV/88 ST;-73.876413;40.740412;35;30.0;Rush Hour;Car;HPP
Q58-E-RushHour;503480;CORONA AV/90 ST;-73.875087;40.741382;36;30.0;Rush Hour;Car;HPP
Q58-E-RushHour;503481;CORONA AV/91 PL;-73.87281;40.742444;37;30.0;Rush Hour;Car;HPP
Q58-E-RushHour;503689;CORONA AV/93 ST;-73.87151;40.742369;38;30.0;Rush Hour;Car;HPP
Q58-E-RushHour;503482;CORONA AV/94 ST;-73.870047;40.742305;39;30.0;Rush Hour;Car;HPP
Q58-E-RushHour;503483;CORONA AV/JUNCTION BLVD;-73.867676;40.742062;40;30.0;Rush Hour;Car;HPP
Q58-E-RushHour;503484;CORONA AV/ALSTYNE AV;-73.865956;40.743382;41;30.0;Rush Hour;Car;HPP
Q58-E-RushHour;503485;CORONA AV/98 PL;-73.864488;40.744949;42;30.0;Rush Hour;Car;HPP
Q58-E-RushHour;503486;CORONA AV/102 ST;-73.861633;40.744224;43;30.0;Rush Hour;Car;HPP
Q58-E-RushHour;503487;CORONA AV/104 ST;-73.858281;40.743955;44;30.0;Rush Hour;Car;HPP
Q58-E-RushHour;503488;CORONA AV/51 AV;-73.855716;40.743487;45;30.0;Rush Hour;Car;HPP
Q58-E-RushHour;503490;108 ST/MARTENSE AV;-73.854336;40.741925;46;30.0;Rush Hour;Car;HPP
Q58-E-RushHour;503491;108 ST/WALDRON ST;-73.852687;40.739159;47;30.0;Rush Hour;Car;HPP
Q58-E-RushHour;503444;COLLEGE POINT BLVD/HORACE HARDING EXPWY;-73.837083;40.743221;49;30.0;Rush Hour;Car;HPP
Q58-E-RushHour;503494;COLLEGE POINT BLVD/57 RD;-73.834629;40.74679;51;30.0;Rush Hour;Car;HPP
Q58-E-RushHour;503956;COLLEGE POINT BLVD/BOOTH MEMORIAL AV;-73.832893;40.748293;52;30.0;Rush Hour;Car;HPP
Q58-E-RushHour;504020;COLLEGE POINT BLVD/AVERY AV;-73.832366;40.752274;53;30.0;Rush Hour;Car;HPP
Q58-E-RushHour;503499;41 RD/COLLEGE POINT BLVD;-73.833009;40.755659;55;30.0;Rush Hour;Car;HPP
Q58-E-RushHour;804059;41 RD/MAIN ST;-73.829369;40.757363;56;30.0;Rush Hour;Car;HPP
Q58-W-Day;503501;41 RD/MAIN ST;-73.82929;40.757391;1;30.0;Day Busses;Car;HPP
Q58-W-Day;503502;COLLEGE POINT BLVD/SANFORD AV;-73.833082;40.754336;2;30.0;Day Busses;Car;HPP
Q58-W-Day;503982;COLLEGE POINT BLVD/FOWLER AV;-73.832316;40.752011;3;30.0;Day Busses;Car;HPP
Q58-W-Day;503505;COLLEGE POINT BLVD/VAN WYCK EXPWY EXIT;-73.834973;40.746654;4;30.0;Day Busses;Car;HPP
Q58-W-Day;503506;COLLEGE POINT BLVD/58 AV;-73.835312;40.746005;5;30.0;Day Busses;Car;HPP
Q58-W-Day;503240;COLLEGE POINT BLVD/59 AV;-73.836207;40.744715;6;30.0;Day Busses;Car;HPP
Q58-W-Day;502982;HORACE HARDING EXPWY/WALDRON ST;-73.850434;40.738218;7;30.0;Day Busses;Car;HPP
Q58-W-Day;503862;108 ST/HORACE HARDING EXPWY;-73.851901;40.737858;8;30.0;Day Busses;Car;HPP
Q58-W-Day;503863;108 ST/WALDRON ST;-73.853114;40.739531;9;30.0;Day Busses;Car;HPP
Q58-W-Day;503864;108 ST/VAN CLEEF ST;-73.853603;40.74094;10;30.0;Day Busses;Car;HPP
Q58-W-Day;503511;CORONA AV/51 AV;-73.855877;40.74363;11;30.0;Day Busses;Car;HPP
Q58-W-Day;503513;CORONA AV/104 ST;-73.859166;40.744099;12;30.0;Day Busses;Car;HPP
Q58-W-Day;503514;CORONA AV/102 ST;-73.86218;40.744346;13;30.0;Day Busses;Car;HPP
Q58-W-Day;503515;CORONA AV/NATIONAL ST;-73.864781;40.744821;14;30.0;Day Busses;Car;HPP
Q58-W-Day;503516;CORONA AV/46 AV;-73.866029;40.743481;15;30.0;Day Busses;Car;HPP
Q58-W-Day;503517;CORONA AV/JUNCTION BLVD;-73.867254;40.742172;16;30.0;Day Busses;Car;HPP
Q58-W-Day;503543;FRESH POND RD/MENAHAN ST;-73.899793;40.710953;16;30.0;Day Busses;Car;HPP
Q58-W-Day;503518;CORONA AV/94 ST;-73.870005;40.74238;17;30.0;Day Busses;Car;HPP
Q58-W-Day;503519;CORONA AV/91 PL;-73.873904;40.742375;18;30.0;Day Busses;Car;HPP
Q58-W-Day;503520;CORONA AV/90 ST;-73.874947;40.741585;19;30.0;Day Busses;Car;HPP
Q58-W-Day;503521;CORONA AV/88 ST;-73.876296;40.740585;20;30.0;Day Busses;Car;HPP
Q58-W-Day;503017;BROADWAY/CORONA AV;-73.877764;40.739049;21;30.0;Day Busses;Car;HPP
Q58-W-Day;503018;BROADWAY/QUEENS BLVD;-73.877551;40.737121;22;30.0;Day Busses;Car;HPP
Q58-W-Day;503522;GRAND AV/QUEENS BLVD;-73.878318;40.736357;23;30.0;Day Busses;Car;HPP
Q58-W-Day;503523;GRAND AV/GOLDSMITH ST;-73.880889;40.735702;24;30.0;Day Busses;Car;HPP
Q58-W-Day;503524;GRAND AV/HASPEL ST;-73.882084;40.734958;25;30.0;Day Busses;Car;HPP
Q58-W-Day;503525;GRAND AV/CALAMUS AV;-73.884007;40.733361;26;30.0;Day Busses;Car;HPP
Q58-W-Day;503526;GRAND AV/82 ST;-73.88473;40.732141;27;30.0;Day Busses;Car;HPP
Q58-W-Day;503527;GRAND AV/79 ST;-73.885954;40.730814;28;30.0;Day Busses;Car;HPP
Q58-W-Day;503528;GRAND AV/74 ST;-73.888385;40.7301;29;30.0;Day Busses;Car;HPP
Q58-W-Day;503529;GRAND AV/73 ST;-73.890277;40.729251;30;30.0;Day Busses;Car;HPP
Q58-W-Day;503530;GRAND AV/72 ST;-73.891827;40.728025;31;30.0;Day Busses;Car;HPP
Q58-W-Day;503531;GRAND AV/69 PL;-73.894688;40.72635;32;30.0;Day Busses;Car;HPP
Q58-W-Day;503532;GRAND AV/BORDEN AV;-73.89579;40.725716;33;30.0;Day Busses;Car;HPP
Q58-W-Day;503533;GRAND AV/QUEENS MIDTOWN EXPWY;-73.897316;40.724911;34;30.0;Day Busses;Car;HPP
Q58-W-Day;504455;GRAND AV/HAMILTON PL;-73.898774;40.724156;35;30.0;Day Busses;Car;HPP
Q58-W-Day;503535;GRAND AV/REMSEN PL;-73.8998;40.723649;36;30.0;Day Busses;Car;HPP
Q58-W-Day;503536;FLUSHING AV/64 ST;-73.90188;40.722442;37;30.0;Day Busses;Car;HPP
Q58-W-Day;503537;FRESH POND RD/FLUSHING AV;-73.903057;40.721244;38;30.0;Day Busses;Car;HPP
Q58-W-Day;503538;FRESH POND RD/59 AV;-73.902497;40.719077;39;30.0;Day Busses;Car;HPP
Q58-W-Day;503539;FRESH POND RD/59 DR;-73.902217;40.718083;40;30.0;Day Busses;Car;HPP
Q58-W-Day;503540;FRESH POND RD/60 AV;-73.901821;40.716841;41;30.0;Day Busses;Car;HPP
Q58-W-Day;503541;FRESH POND RD/ELIOT AV;-73.901289;40.714767;42;30.0;Day Busses;Car;HPP
Q58-W-Day;503542;FRESH POND RD/METROPOLITAN AV;-73.900714;40.712523;43;30.0;Day Busses;Car;HPP
Q58-W-Day;503544;FRESH POND RD/LINDEN ST;-73.898796;40.709385;45;30.0;Day Busses;Car;HPP
Q58-W-Day;503545;FRESH POND RD/PALMETTO ST;-73.898006;40.708253;46;30.0;Day Busses;Car;HPP
Q58-W-Day;504107;PUTNAM AV/FRESH POND RD;-73.897352;40.706427;47;30.0;Day Busses;Car;HPP
Q58-W-Day;504109;PUTNAM AV/FOREST AV;-73.901966;40.705216;48;30.0;Day Busses;Car;HPP
Q58-W-Day;505082;PUTNAM AV/WOODWARD AV;-73.903669;40.703316;49;30.0;Day Busses;Car;HPP
Q58-W-Day;505083;PUTNAM AV/ONDERDONK AV;-73.904813;40.702171;50;30.0;Day Busses;Car;HPP
Q58-W-Day;504238;SENECA AV/CORNELIA ST;-73.90486;40.701057;51;30.0;Day Busses;Car;HPP
Q58-W-Day;304841;PUTNAM AV/MYRTLE AV;-73.907354;40.699716;52;30.0;Day Busses;Car;HPP
Q58-W-Day;304842;PUTNAM AV/WYCKOFF AV;-73.908719;40.698366;53;30.0;Day Busses;Car;HPP
Q58-W-Day;801052;ridgewood pl/palmetto st;-73.911285;40.698558;54;30.0;Day Busses;Car;HPP
Q58-W-Day;901025;PALMETTO ST/WYCKOFF AV;-73.91121;40.699335;55;30.0;Day Busses;Car;HPP
Q58-W-Evening;503501;41 RD/MAIN ST;-73.82929;40.757391;1;30.0;Evening Busses;Car;HPP
Q58-W-Evening;503502;COLLEGE POINT BLVD/SANFORD AV;-73.833082;40.754336;2;30.0;Evening Busses;Car;HPP
Q58-W-Evening;503982;COLLEGE POINT BLVD/FOWLER AV;-73.832316;40.752011;3;30.0;Evening Busses;Car;HPP
Q58-W-Evening;503505;COLLEGE POINT BLVD/VAN WYCK EXPWY EXIT;-73.834973;40.746654;4;30.0;Evening Busses;Car;HPP
Q58-W-Evening;503506;COLLEGE POINT BLVD/58 AV;-73.835312;40.746005;5;30.0;Evening Busses;Car;HPP
Q58-W-Evening;503240;COLLEGE POINT BLVD/59 AV;-73.836207;40.744715;6;30.0;Evening Busses;Car;HPP
Q58-W-Evening;502982;HORACE HARDING EXPWY/WALDRON ST;-73.850434;40.738218;7;30.0;Evening Busses;Car;HPP
Q58-W-Evening;503862;108 ST/HORACE HARDING EXPWY;-73.851901;40.737858;8;30.0;Evening Busses;Car;HPP
Q58-W-Evening;503863;108 ST/WALDRON ST;-73.853114;40.739531;9;30.0;Evening Busses;Car;HPP
Q58-W-Evening;503864;108 ST/VAN CLEEF ST;-73.853603;40.74094;10;30.0;Evening Busses;Car;HPP
Q58-W-Evening;503511;CORONA AV/51 AV;-73.855877;40.74363;11;30.0;Evening Busses;Car;HPP
Q58-W-Evening;503513;CORONA AV/104 ST;-73.859166;40.744099;12;30.0;Evening Busses;Car;HPP
Q58-W-Evening;503514;CORONA AV/102 ST;-73.86218;40.744346;13;30.0;Evening Busses;Car;HPP
Q58-W-Evening;503515;CORONA AV/NATIONAL ST;-73.864781;40.744821;14;30.0;Evening Busses;Car;HPP
Q58-W-Evening;503516;CORONA AV/46 AV;-73.866029;40.743481;15;30.0;Evening Busses;Car;HPP
Q58-W-Evening;503517;CORONA AV/JUNCTION BLVD;-73.867254;40.742172;16;30.0;Evening Busses;Car;HPP
Q58-W-Evening;504109;PUTNAM AV/FOREST AV;-73.901966;40.705216;16;30.0;Evening Busses;Car;HPP
Q58-W-Evening;503518;CORONA AV/94 ST;-73.870005;40.74238;17;30.0;Evening Busses;Car;HPP
Q58-W-Evening;503519;CORONA AV/91 PL;-73.873904;40.742375;18;30.0;Evening Busses;Car;HPP
Q58-W-Evening;503520;CORONA AV/90 ST;-73.874947;40.741585;19;30.0;Evening Busses;Car;HPP
Q58-W-Evening;503521;CORONA AV/88 ST;-73.876296;40.740585;20;30.0;Evening Busses;Car;HPP
Q58-W-Evening;503017;BROADWAY/CORONA AV;-73.877764;40.739049;21;30.0;Evening Busses;Car;HPP
Q58-W-Evening;503018;BROADWAY/QUEENS BLVD;-73.877551;40.737121;22;30.0;Evening Busses;Car;HPP
Q58-W-Evening;503522;GRAND AV/QUEENS BLVD;-73.878318;40.736357;23;30.0;Evening Busses;Car;HPP
Q58-W-Evening;503523;GRAND AV/GOLDSMITH ST;-73.880889;40.735702;24;30.0;Evening Busses;Car;HPP
Q58-W-Evening;503524;GRAND AV/HASPEL ST;-73.882084;40.734958;25;30.0;Evening Busses;Car;HPP
Q58-W-Evening;503525;GRAND AV/CALAMUS AV;-73.884007;40.733361;26;30.0;Evening Busses;Car;HPP
Q58-W-Evening;503526;GRAND AV/82 ST;-73.88473;40.732141;27;30.0;Evening Busses;Car;HPP
Q58-W-Evening;503527;GRAND AV/79 ST;-73.885954;40.730814;28;30.0;Evening Busses;Car;HPP
Q58-W-Evening;503528;GRAND AV/74 ST;-73.888385;40.7301;29;30.0;Evening Busses;Car;HPP
Q58-W-Evening;503529;GRAND AV/73 ST;-73.890277;40.729251;30;30.0;Evening Busses;Car;HPP
Q58-W-Evening;503530;GRAND AV/72 ST;-73.891827;40.728025;31;30.0;Evening Busses;Car;HPP
Q58-W-Evening;503531;GRAND AV/69 PL;-73.894688;40.72635;32;30.0;Evening Busses;Car;HPP
Q58-W-Evening;503532;GRAND AV/BORDEN AV;-73.89579;40.725716;33;30.0;Evening Busses;Car;HPP
Q58-W-Evening;503533;GRAND AV/QUEENS MIDTOWN EXPWY;-73.897316;40.724911;34;30.0;Evening Busses;Car;HPP
Q58-W-Evening;504455;GRAND AV/HAMILTON PL;-73.898774;40.724156;35;30.0;Evening Busses;Car;HPP
Q58-W-Evening;503535;GRAND AV/REMSEN PL;-73.8998;40.723649;36;30.0;Evening Busses;Car;HPP
Q58-W-Evening;503536;FLUSHING AV/64 ST;-73.90188;40.722442;37;30.0;Evening Busses;Car;HPP
Q58-W-Evening;503537;FRESH POND RD/FLUSHING AV;-73.903057;40.721244;38;30.0;Evening Busses;Car;HPP
Q58-W-Evening;503538;FRESH POND RD/59 AV;-73.902497;40.719077;39;30.0;Evening Busses;Car;HPP
Q58-W-Evening;503539;FRESH POND RD/59 DR;-73.902217;40.718083;40;30.0;Evening Busses;Car;HPP
Q58-W-Evening;503540;FRESH POND RD/60 AV;-73.901821;40.716841;41;30.0;Evening Busses;Car;HPP
Q58-W-Evening;503541;FRESH POND RD/ELIOT AV;-73.901289;40.714767;42;30.0;Evening Busses;Car;HPP
Q58-W-Evening;503542;FRESH POND RD/METROPOLITAN AV;-73.900714;40.712523;43;30.0;Evening Busses;Car;HPP
Q58-W-Evening;503544;FRESH POND RD/LINDEN ST;-73.898796;40.709385;45;30.0;Evening Busses;Car;HPP
Q58-W-Evening;503545;FRESH POND RD/PALMETTO ST;-73.898006;40.708253;46;30.0;Evening Busses;Car;HPP
Q58-W-Evening;504107;PUTNAM AV/FRESH POND RD;-73.897352;40.706427;47;30.0;Evening Busses;Car;HPP
Q58-W-Evening;505082;PUTNAM AV/WOODWARD AV;-73.903669;40.703316;49;30.0;Evening Busses;Car;HPP
Q58-W-Evening;505083;PUTNAM AV/ONDERDONK AV;-73.904813;40.702171;50;30.0;Evening Busses;Car;HPP
Q58-W-Evening;504238;SENECA AV/CORNELIA ST;-73.90486;40.701057;51;30.0;Evening Busses;Car;HPP
Q58-W-Evening;304841;PUTNAM AV/MYRTLE AV;-73.907354;40.699716;52;30.0;Evening Busses;Car;HPP
Q58-W-Evening;304842;PUTNAM AV/WYCKOFF AV;-73.908719;40.698366;53;30.0;Evening Busses;Car;HPP
Q58-W-Evening;801052;ridgewood pl/palmetto st;-73.911285;40.698558;54;30.0;Evening Busses;Car;HPP
Q58-W-Evening;901025;PALMETTO ST/WYCKOFF AV;-73.91121;40.699335;55;30.0;Evening Busses;Car;HPP
Q58-W-Morning;503501;41 RD/MAIN ST;-73.82929;40.757391;1;30.0;Morning;Car;HPP
Q58-W-Morning;503502;COLLEGE POINT BLVD/SANFORD AV;-73.833082;40.754336;2;30.0;Morning;Car;HPP
Q58-W-Morning;503506;COLLEGE POINT BLVD/58 AV;-73.835312;40.746005;3;30.0;Morning;Car;HPP
Q58-W-Morning;503982;COLLEGE POINT BLVD/FOWLER AV;-73.832316;40.752011;3;30.0;Morning;Car;HPP
Q58-W-Morning;503505;COLLEGE POINT BLVD/VAN WYCK EXPWY EXIT;-73.834973;40.746654;4;30.0;Morning;Car;HPP
Q58-W-Morning;503862;108 ST/HORACE HARDING EXPWY;-73.851901;40.737858;4;30.0;Morning;Car;HPP
Q58-W-Morning;503511;CORONA AV/51 AV;-73.855877;40.74363;5;30.0;Morning;Car;HPP
Q58-W-Morning;503240;COLLEGE POINT BLVD/59 AV;-73.836207;40.744715;6;30.0;Morning;Car;HPP
Q58-W-Morning;503517;CORONA AV/JUNCTION BLVD;-73.867254;40.742172;6;30.0;Morning;Car;HPP
Q58-W-Morning;502982;HORACE HARDING EXPWY/WALDRON ST;-73.850434;40.738218;7;30.0;Morning;Car;HPP
Q58-W-Morning;503519;CORONA AV/91 PL;-73.873904;40.742375;7;30.0;Morning;Car;HPP
Q58-W-Morning;503018;BROADWAY/QUEENS BLVD;-73.877551;40.737121;8;30.0;Morning;Car;HPP
Q58-W-Morning;503522;GRAND AV/QUEENS BLVD;-73.878318;40.736357;9;30.0;Morning;Car;HPP
Q58-W-Morning;503863;108 ST/WALDRON ST;-73.853114;40.739531;9;30.0;Morning;Car;HPP
Q58-W-Morning;503525;GRAND AV/CALAMUS AV;-73.884007;40.733361;10;30.0;Morning;Car;HPP
Q58-W-Morning;503864;108 ST/VAN CLEEF ST;-73.853603;40.74094;10;30.0;Morning;Car;HPP
Q58-W-Morning;503528;GRAND AV/74 ST;-73.888385;40.7301;11;30.0;Morning;Car;HPP
Q58-W-Morning;503513;CORONA AV/104 ST;-73.859166;40.744099;12;30.0;Morning;Car;HPP
Q58-W-Morning;503531;GRAND AV/69 PL;-73.894688;40.72635;12;30.0;Morning;Car;HPP
Q58-W-Morning;503514;CORONA AV/102 ST;-73.86218;40.744346;13;30.0;Morning;Car;HPP
Q58-W-Morning;503537;FRESH POND RD/FLUSHING AV;-73.903057;40.721244;13;30.0;Morning;Car;HPP
Q58-W-Morning;503515;CORONA AV/NATIONAL ST;-73.864781;40.744821;14;30.0;Morning;Car;HPP
Q58-W-Morning;503516;CORONA AV/46 AV;-73.866029;40.743481;15;30.0;Morning;Car;HPP
Q58-W-Morning;504109;PUTNAM AV/FOREST AV;-73.901966;40.705216;16;30.0;Morning;Car;HPP
Q58-W-Morning;503518;CORONA AV/94 ST;-73.870005;40.74238;17;30.0;Morning;Car;HPP
Q58-W-Morning;504238;SENECA AV/CORNELIA ST;-73.90486;40.701057;17;30.0;Morning;Car;HPP
Q58-W-Morning;503520;CORONA AV/90 ST;-73.874947;40.741585;19;30.0;Morning;Car;HPP
Q58-W-Morning;901025;PALMETTO ST/WYCKOFF AV;-73.91121;40.699335;19;30.0;Morning;Car;HPP
Q58-W-Morning;503521;CORONA AV/88 ST;-73.876296;40.740585;20;30.0;Morning;Car;HPP
Q58-W-Morning;503017;BROADWAY/CORONA AV;-73.877764;40.739049;21;30.0;Morning;Car;HPP
Q58-W-Morning;503523;GRAND AV/GOLDSMITH ST;-73.880889;40.735702;24;30.0;Morning;Car;HPP
Q58-W-Morning;503524;GRAND AV/HASPEL ST;-73.882084;40.734958;25;30.0;Morning;Car;HPP
Q58-W-Morning;503526;GRAND AV/82 ST;-73.88473;40.732141;27;30.0;Morning;Car;HPP
Q58-W-Morning;503527;GRAND AV/79 ST;-73.885954;40.730814;28;30.0;Morning;Car;HPP
Q58-W-Morning;503529;GRAND AV/73 ST;-73.890277;40.729251;30;30.0;Morning;Car;HPP
Q58-W-Morning;503530;GRAND AV/72 ST;-73.891827;40.728025;31;30.0;Morning;Car;HPP
Q58-W-Morning;503532;GRAND AV/BORDEN AV;-73.89579;40.725716;33;30.0;Morning;Car;HPP
Q58-W-Morning;503533;GRAND AV/QUEENS MIDTOWN EXPWY;-73.897316;40.724911;34;30.0;Morning;Car;HPP
Q58-W-Morning;504455;GRAND AV/HAMILTON PL;-73.898774;40.724156;35;30.0;Morning;Car;HPP
Q58-W-Morning;503535;GRAND AV/REMSEN PL;-73.8998;40.723649;36;30.0;Morning;Car;HPP
Q58-W-Morning;503536;FLUSHING AV/64 ST;-73.90188;40.722442;37;30.0;Morning;Car;HPP
Q58-W-Morning;503538;FRESH POND RD/59 AV;-73.902497;40.719077;39;30.0;Morning;Car;HPP
Q58-W-Morning;503539;FRESH POND RD/59 DR;-73.902217;40.718083;40;30.0;Morning;Car;HPP
Q58-W-Morning;503540;FRESH POND RD/60 AV;-73.901821;40.716841;41;30.0;Morning;Car;HPP
Q58-W-Morning;503541;FRESH POND RD/ELIOT AV;-73.901289;40.714767;42;30.0;Morning;Car;HPP
Q58-W-Morning;503542;FRESH POND RD/METROPOLITAN AV;-73.900714;40.712523;43;30.0;Morning;Car;HPP
Q58-W-Morning;503544;FRESH POND RD/LINDEN ST;-73.898796;40.709385;45;30.0;Morning;Car;HPP
Q58-W-Morning;503545;FRESH POND RD/PALMETTO ST;-73.898006;40.708253;46;30.0;Morning;Car;HPP
Q58-W-Morning;504107;PUTNAM AV/FRESH POND RD;-73.897352;40.706427;47;30.0;Morning;Car;HPP
Q58-W-Morning;505082;PUTNAM AV/WOODWARD AV;-73.903669;40.703316;49;30.0;Morning;Car;HPP
Q58-W-Morning;505083;PUTNAM AV/ONDERDONK AV;-73.904813;40.702171;50;30.0;Morning;Car;HPP
Q58-W-Morning;304841;PUTNAM AV/MYRTLE AV;-73.907354;40.699716;52;30.0;Morning;Car;HPP
Q58-W-Morning;304842;PUTNAM AV/WYCKOFF AV;-73.908719;40.698366;53;30.0;Morning;Car;HPP
Q58-W-Morning;801052;ridgewood pl/palmetto st;-73.911285;40.698558;54;30.0;Morning;Car;HPP
Q58-W-Night;503501;41 RD/MAIN ST;-73.82929;40.757391;1;30.0;Night;Car;HPP
Q58-W-Night;503502;COLLEGE POINT BLVD/SANFORD AV;-73.833082;40.754336;2;30.0;Night;Car;HPP
Q58-W-Night;503982;COLLEGE POINT BLVD/FOWLER AV;-73.832316;40.752011;3;30.0;Night;Car;HPP
Q58-W-Night;503505;COLLEGE POINT BLVD/VAN WYCK EXPWY EXIT;-73.834973;40.746654;4;30.0;Night;Car;HPP
Q58-W-Night;503506;COLLEGE POINT BLVD/58 AV;-73.835312;40.746005;5;30.0;Night;Car;HPP
Q58-W-Night;502982;HORACE HARDING EXPWY/WALDRON ST;-73.850434;40.738218;7;30.0;Night;Car;HPP
Q58-W-Night;503862;108 ST/HORACE HARDING EXPWY;-73.851901;40.737858;8;30.0;Night;Car;HPP
Q58-W-Night;503863;108 ST/WALDRON ST;-73.853114;40.739531;9;30.0;Night;Car;HPP
Q58-W-Night;503864;108 ST/VAN CLEEF ST;-73.853603;40.74094;10;30.0;Night;Car;HPP
Q58-W-Night;503511;CORONA AV/51 AV;-73.855877;40.74363;11;30.0;Night;Car;HPP
Q58-W-Night;503513;CORONA AV/104 ST;-73.859166;40.744099;12;30.0;Night;Car;HPP
Q58-W-Night;503514;CORONA AV/102 ST;-73.86218;40.744346;13;30.0;Night;Car;HPP
Q58-W-Night;503515;CORONA AV/NATIONAL ST;-73.864781;40.744821;14;30.0;Night;Car;HPP
Q58-W-Night;503516;CORONA AV/46 AV;-73.866029;40.743481;15;30.0;Night;Car;HPP
Q58-W-Night;503517;CORONA AV/JUNCTION BLVD;-73.867254;40.742172;16;30.0;Night;Car;HPP
Q58-W-Night;503518;CORONA AV/94 ST;-73.870005;40.74238;17;30.0;Night;Car;HPP
Q58-W-Night;503519;CORONA AV/91 PL;-73.873904;40.742375;18;30.0;Night;Car;HPP
Q58-W-Night;503520;CORONA AV/90 ST;-73.874947;40.741585;19;30.0;Night;Car;HPP
Q58-W-Night;503017;BROADWAY/CORONA AV;-73.877764;40.739049;21;30.0;Night;Car;HPP
Q58-W-Night;503018;BROADWAY/QUEENS BLVD;-73.877551;40.737121;22;30.0;Night;Car;HPP
Q58-W-Night;503522;GRAND AV/QUEENS BLVD;-73.878318;40.736357;23;30.0;Night;Car;HPP
Q58-W-Night;503523;GRAND AV/GOLDSMITH ST;-73.880889;40.735702;24;30.0;Night;Car;HPP
Q58-W-Night;503524;GRAND AV/HASPEL ST;-73.882084;40.734958;25;30.0;Night;Car;HPP
Q58-W-Night;503525;GRAND AV/CALAMUS AV;-73.884007;40.733361;26;30.0;Night;Car;HPP
Q58-W-Night;503526;GRAND AV/82 ST;-73.88473;40.732141;27;30.0;Night;Car;HPP
Q58-W-Night;503527;GRAND AV/79 ST;-73.885954;40.730814;28;30.0;Night;Car;HPP
Q58-W-Night;503528;GRAND AV/74 ST;-73.888385;40.7301;29;30.0;Night;Car;HPP
Q58-W-Night;503529;GRAND AV/73 ST;-73.890277;40.729251;30;30.0;Night;Car;HPP
Q58-W-Night;503530;GRAND AV/72 ST;-73.891827;40.728025;31;30.0;Night;Car;HPP
Q58-W-Night;503531;GRAND AV/69 PL;-73.894688;40.72635;32;30.0;Night;Car;HPP
Q58-W-Night;503532;GRAND AV/BORDEN AV;-73.89579;40.725716;33;30.0;Night;Car;HPP
Q58-W-Night;503533;GRAND AV/QUEENS MIDTOWN EXPWY;-73.897316;40.724911;34;30.0;Night;Car;HPP
Q58-W-Night;504455;GRAND AV/HAMILTON PL;-73.898774;40.724156;35;30.0;Night;Car;HPP
Q58-W-Night;503535;GRAND AV/REMSEN PL;-73.8998;40.723649;36;30.0;Night;Car;HPP
Q58-W-Night;503536;FLUSHING AV/64 ST;-73.90188;40.722442;37;30.0;Night;Car;HPP
Q58-W-Night;503537;FRESH POND RD/FLUSHING AV;-73.903057;40.721244;38;30.0;Night;Car;HPP
Q58-W-Night;503538;FRESH POND RD/59 AV;-73.902497;40.719077;39;30.0;Night;Car;HPP
Q58-W-Night;503539;FRESH POND RD/59 DR;-73.902217;40.718083;40;30.0;Night;Car;HPP
Q58-W-Night;503540;FRESH POND RD/60 AV;-73.901821;40.716841;41;30.0;Night;Car;HPP
Q58-W-Night;503541;FRESH POND RD/ELIOT AV;-73.901289;40.714767;42;30.0;Night;Car;HPP
Q58-W-Night;503542;FRESH POND RD/METROPOLITAN AV;-73.900714;40.712523;43;30.0;Night;Car;HPP
Q58-W-Night;503544;FRESH POND RD/LINDEN ST;-73.898796;40.709385;45;30.0;Night;Car;HPP
Q58-W-Night;504107;PUTNAM AV/FRESH POND RD;-73.897352;40.706427;47;30.0;Night;Car;HPP
Q58-W-Night;504109;PUTNAM AV/FOREST AV;-73.901966;40.705216;48;30.0;Night;Car;HPP
Q58-W-Night;505083;PUTNAM AV/ONDERDONK AV;-73.904813;40.702171;50;30.0;Night;Car;HPP
Q58-W-Night;504238;SENECA AV/CORNELIA ST;-73.90486;40.701057;51;30.0;Night;Car;HPP
Q58-W-Night;304841;PUTNAM AV/MYRTLE AV;-73.907354;40.699716;52;30.0;Night;Car;HPP
Q58-W-Night;304842;PUTNAM AV/WYCKOFF AV;-73.908719;40.698366;53;30.0;Night;Car;HPP
Q58-W-Night;901025;PALMETTO ST/WYCKOFF AV;-73.91121;40.699335;55;30.0;Night;Car;HPP
Q58-W-RushHour;503501;41 RD/MAIN ST;-73.82929;40.757391;1;30.0;Rush Hour;Car;HPP
Q58-W-RushHour;503502;COLLEGE POINT BLVD/SANFORD AV;-73.833082;40.754336;2;30.0;Rush Hour;Car;HPP
Q58-W-RushHour;503506;COLLEGE POINT BLVD/58 AV;-73.835312;40.746005;3;30.0;Rush Hour;Car;HPP
Q58-W-RushHour;503982;COLLEGE POINT BLVD/FOWLER AV;-73.832316;40.752011;3;30.0;Rush Hour;Car;HPP
Q58-W-RushHour;503505;COLLEGE POINT BLVD/VAN WYCK EXPWY EXIT;-73.834973;40.746654;4;30.0;Rush Hour;Car;HPP
Q58-W-RushHour;503240;COLLEGE POINT BLVD/59 AV;-73.836207;40.744715;6;30.0;Rush Hour;Car;HPP
Q58-W-RushHour;502982;HORACE HARDING EXPWY/WALDRON ST;-73.850434;40.738218;7;30.0;Rush Hour;Car;HPP
Q58-W-RushHour;503862;108 ST/HORACE HARDING EXPWY;-73.851901;40.737858;8;30.0;Rush Hour;Car;HPP
Q58-W-RushHour;503863;108 ST/WALDRON ST;-73.853114;40.739531;9;30.0;Rush Hour;Car;HPP
Q58-W-RushHour;503864;108 ST/VAN CLEEF ST;-73.853603;40.74094;10;30.0;Rush Hour;Car;HPP
Q58-W-RushHour;503511;CORONA AV/51 AV;-73.855877;40.74363;11;30.0;Rush Hour;Car;HPP
Q58-W-RushHour;503513;CORONA AV/104 ST;-73.859166;40.744099;12;30.0;Rush Hour;Car;HPP
Q58-W-RushHour;503514;CORONA AV/102 ST;-73.86218;40.744346;13;30.0;Rush Hour;Car;HPP
Q58-W-RushHour;503515;CORONA AV/NATIONAL ST;-73.864781;40.744821;14;30.0;Rush Hour;Car;HPP
Q58-W-RushHour;503516;CORONA AV/46 AV;-73.866029;40.743481;15;30.0;Rush Hour;Car;HPP
Q58-W-RushHour;503517;CORONA AV/JUNCTION BLVD;-73.867254;40.742172;16;30.0;Rush Hour;Car;HPP
Q58-W-RushHour;503518;CORONA AV/94 ST;-73.870005;40.74238;17;30.0;Rush Hour;Car;HPP
Q58-W-RushHour;503519;CORONA AV/91 PL;-73.873904;40.742375;18;30.0;Rush Hour;Car;HPP
Q58-W-RushHour;503520;CORONA AV/90 ST;-73.874947;40.741585;19;30.0;Rush Hour;Car;HPP
Q58-W-RushHour;503521;CORONA AV/88 ST;-73.876296;40.740585;20;30.0;Rush Hour;Car;HPP
Q58-W-RushHour;503017;BROADWAY/CORONA AV;-73.877764;40.739049;21;30.0;Rush Hour;Car;HPP
Q58-W-RushHour;503018;BROADWAY/QUEENS BLVD;-73.877551;40.737121;22;30.0;Rush Hour;Car;HPP
Q58-W-RushHour;503522;GRAND AV/QUEENS BLVD;-73.878318;40.736357;23;30.0;Rush Hour;Car;HPP
Q58-W-RushHour;503523;GRAND AV/GOLDSMITH ST;-73.880889;40.735702;24;30.0;Rush Hour;Car;HPP
Q58-W-RushHour;503524;GRAND AV/HASPEL ST;-73.882084;40.734958;25;30.0;Rush Hour;Car;HPP
Q58-W-RushHour;503525;GRAND AV/CALAMUS AV;-73.884007;40.733361;26;30.0;Rush Hour;Car;HPP
Q58-W-RushHour;503526;GRAND AV/82 ST;-73.88473;40.732141;27;30.0;Rush Hour;Car;HPP
Q58-W-RushHour;503527;GRAND AV/79 ST;-73.885954;40.730814;28;30.0;Rush Hour;Car;HPP
Q58-W-RushHour;503528;GRAND AV/74 ST;-73.888385;40.7301;29;30.0;Rush Hour;Car;HPP
Q58-W-RushHour;503529;GRAND AV/73 ST;-73.890277;40.729251;30;30.0;Rush Hour;Car;HPP
Q58-W-RushHour;503530;GRAND AV/72 ST;-73.891827;40.728025;31;30.0;Rush Hour;Car;HPP
Q58-W-RushHour;503531;GRAND AV/69 PL;-73.894688;40.72635;32;30.0;Rush Hour;Car;HPP
Q58-W-RushHour;503532;GRAND AV/BORDEN AV;-73.89579;40.725716;33;30.0;Rush Hour;Car;HPP
Q58-W-RushHour;503533;GRAND AV/QUEENS MIDTOWN EXPWY;-73.897316;40.724911;34;30.0;Rush Hour;Car;HPP
Q58-W-RushHour;504455;GRAND AV/HAMILTON PL;-73.898774;40.724156;35;30.0;Rush Hour;Car;HPP
Q58-W-RushHour;503535;GRAND AV/REMSEN PL;-73.8998;40.723649;36;30.0;Rush Hour;Car;HPP
Q58-W-RushHour;503536;FLUSHING AV/64 ST;-73.90188;40.722442;37;30.0;Rush Hour;Car;HPP
Q58-W-RushHour;503537;FRESH POND RD/FLUSHING AV;-73.903057;40.721244;38;30.0;Rush Hour;Car;HPP
Q58-W-RushHour;503538;FRESH POND RD/59 AV;-73.902497;40.719077;39;30.0;Rush Hour;Car;HPP
Q58-W-RushHour;503539;FRESH POND RD/59 DR;-73.902217;40.718083;40;30.0;Rush Hour;Car;HPP
Q58-W-RushHour;503540;FRESH POND RD/60 AV;-73.901821;40.716841;41;30.0;Rush Hour;Car;HPP
Q58-W-RushHour;503541;FRESH POND RD/ELIOT AV;-73.901289;40.714767;42;30.0;Rush Hour;Car;HPP
Q58-W-RushHour;503542;FRESH POND RD/METROPOLITAN AV;-73.900714;40.712523;43;30.0;Rush Hour;Car;HPP
Q58-W-RushHour;503544;FRESH POND RD/LINDEN ST;-73.898796;40.709385;45;30.0;Rush Hour;Car;HPP
Q58-W-RushHour;503545;FRESH POND RD/PALMETTO ST;-73.898006;40.708253;46;30.0;Rush Hour;Car;HPP
Q58-W-RushHour;504107;PUTNAM AV/FRESH POND RD;-73.897352;40.706427;47;30.0;Rush Hour;Car;HPP
Q58-W-RushHour;504109;PUTNAM AV/FOREST AV;-73.901966;40.705216;48;30.0;Rush Hour;Car;HPP
Q58-W-RushHour;505082;PUTNAM AV/WOODWARD AV;-73.903669;40.703316;49;30.0;Rush Hour;Car;HPP
Q58-W-RushHour;505083;PUTNAM AV/ONDERDONK AV;-73.904813;40.702171;50;30.0;Rush Hour;Car;HPP
Q58-W-RushHour;504238;SENECA AV/CORNELIA ST;-73.90486;40.701057;51;30.0;Rush Hour;Car;HPP
Q58-W-RushHour;304841;PUTNAM AV/MYRTLE AV;-73.907354;40.699716;52;30.0;Rush Hour;Car;HPP
Q58-W-RushHour;304842;PUTNAM AV/WYCKOFF AV;-73.908719;40.698366;53;30.0;Rush Hour;Car;HPP
Q58-W-RushHour;801052;ridgewood pl/palmetto st;-73.911285;40.698558;54;30.0;Rush Hour;Car;HPP
Q58-W-RushHour;901025;PALMETTO ST/WYCKOFF AV;-73.91121;40.699335;55;30.0;Rush Hour;Car;HPP
S53-E-Day;202740;RICHMOND TERR/PARK AV;-74.130501;40.640034;1;30.0;Day Busses;Car;HPP
S53-E-Day;200426;PORT RICHMOND AV/ANN ST;-74.132956;40.638743;2;30.0;Day Busses;Car;HPP
S53-E-Day;200427;PORT RICHMOND AV/HARRISON AV;-74.134663;40.63646;3;30.0;Day Busses;Car;HPP
S53-E-Day;200259;CASTLETON AV/HEBERTON AV;-74.132822;40.634994;4;30.0;Day Busses;Car;HPP
S53-E-Day;200261;CASTLETON AV/JEWETT AV;-74.129649;40.633639;5;30.0;Day Busses;Car;HPP
S53-E-Day;203032;CASTLETON AV/CLOVE RD;-74.125398;40.633841;6;30.0;Day Busses;Car;HPP
S53-E-Day;200263;CASTLETON AV/TAYLOR ST;-74.122725;40.634047;7;30.0;Day Busses;Car;HPP
S53-E-Day;204019;CASTLETON AV/ALASKA ST;-74.119979;40.634264;8;30.0;Day Busses;Car;HPP
S53-E-Day;200266;CASTLETON AV/BROADWAY;-74.117325;40.6345;9;30.0;Day Busses;Car;HPP
S53-E-Day;203034;BROADWAY/CARY AV;-74.116922;40.632768;10;30.0;Day Busses;Car;HPP
S53-E-Day;203035;BROADWAY/DELAFIELD AV;-74.11658;40.630823;11;30.0;Day Busses;Car;HPP
S53-E-Day;203036;BROADWAY/FOREST AV;-74.116271;40.629042;12;30.0;Day Busses;Car;HPP
S53-E-Day;203037;BROADWAY/WEST RALEIGH AV;-74.115377;40.626957;13;30.0;Day Busses;Car;HPP
S53-E-Day;203038;BROADWAY/COLONIAL CT;-74.114636;40.625522;14;30.0;Day Busses;Car;HPP
S53-E-Day;203039;BROADWAY/CLOVE RD;-74.113501;40.623324;15;30.0;Day Busses;Car;HPP
S53-E-Day;200646;CLOVE RD/BEMENT AV;-74.10979;40.620484;17;30.0;Day Busses;Car;HPP
S53-E-Day;200715;CLOVE RD/CLOVE LAKE PARK;-74.107501;40.619515;18;30.0;Day Busses;Car;HPP
S53-E-Day;202603;CLOVE RD/CHESHIRE PL;-74.105139;40.618066;19;30.0;Day Busses;Car;HPP
S53-E-Day;203554;CLOVE RD/NIAGARA ST;-74.103042;40.615625;20;30.0;Day Busses;Car;HPP
S53-E-Day;200612;CLOVE RD/SCHOHARIE ST;-74.101888;40.614308;21;30.0;Day Busses;Car;HPP
S53-E-Day;202787;CLOVE RD/FOOTE AV;-74.100531;40.613358;22;30.0;Day Busses;Car;HPP
S53-E-Day;203052;CLOVE RD/TIOGA ST;-74.09927;40.612259;23;30.0;Day Busses;Car;HPP
S53-E-Day;200652;CLOVE RD/MILFORD DR;-74.097613;40.610378;24;30.0;Day Busses;Car;HPP
S53-E-Day;203500;CLOVE RD/TARGEE ST;-74.089568;40.607706;26;30.0;Day Busses;Car;HPP
S53-E-Day;203501;CLOVE RD/BRITTON AV;-74.087777;40.606645;27;30.0;Day Busses;Car;HPP
S53-E-Day;203502;CLOVE RD/NECKAR AV;-74.086303;40.605776;28;30.0;Day Busses;Car;HPP
S53-E-Day;203503;CLOVE RD/ELBE AV;-74.084955;40.605003;29;30.0;Day Busses;Car;HPP
S53-E-Day;203504;CLOVE RD/GRASMERE STATION;-74.083527;40.603626;30;30.0;Day Busses;Car;HPP
S53-E-Day;203505;CLOVE RD/WEST FINGERBOARD RD;-74.081969;40.60159;31;30.0;Day Busses;Car;HPP
S53-E-Day;200660;HYLAN BLVD/NORWAY AV;-74.08127;40.598498;32;30.0;Day Busses;Car;HPP
S53-E-Day;200661;HYLAN BLVD/LAMPORT BLVD;-74.07912;40.598406;33;30.0;Day Busses;Car;HPP
S53-E-Day;200662;HYLAN BLVD/KRAMER ST;-74.076208;40.598016;34;30.0;Day Busses;Car;HPP
S53-E-Day;200663;HYLAN BLVD/LINWOOD AV;-74.073941;40.597517;35;30.0;Day Busses;Car;HPP
S53-E-Day;200664;HYLAN BLVD/SAND LN;-74.072503;40.598439;36;30.0;Day Busses;Car;HPP
S53-E-Day;201289;SAND LN/HYLAN BLVD;-74.072091;40.598237;37;30.0;Day Busses;Car;HPP
S53-E-Day;200128;McCLEAN AV/SAND LN;-74.070098;40.596787;38;30.0;Day Busses;Car;HPP
S53-E-Day;200129;McCLEAN AV/MILLS AV;-74.068752;40.59721;39;30.0;Day Busses;Car;HPP
S53-E-Day;203891;McCLEAN AV/CONGER ST;-74.066383;40.598013;40;30.0;Day Busses;Car;HPP
S53-E-Day;200131;McCLEAN AV/OCEAN AV;-74.06481;40.598525;41;30.0;Day Busses;Car;HPP
S53-E-Day;200132;LILY POND AV/McCLEAN AV;-74.063759;40.599189;42;30.0;Day Busses;Car;HPP
S53-E-Day;307203;92 ST/GATLING PL;-74.027344;40.616926;43;30.0;Day Busses;Car;HPP
S53-E-Day;307501;86 ST/FORT HAMILTON PKWY;-74.024776;40.620732;44;30.0;Day Busses;Car;HPP
S53-E-Day;301707;86 ST/5 AV;-74.026347;40.621637;45;30.0;Day Busses;Car;HPP
S53-E-Day;801069;4 AV/86 ST;-74.028537;40.622647;46;30.0;Day Busses;Car;HPP
S53-E-Evening;202740;RICHMOND TERR/PARK AV;-74.130501;40.640034;1;30.0;Evening Busses;Car;HPP
S53-E-Evening;200426;PORT RICHMOND AV/ANN ST;-74.132956;40.638743;2;30.0;Evening Busses;Car;HPP
S53-E-Evening;200427;PORT RICHMOND AV/HARRISON AV;-74.134663;40.63646;3;30.0;Evening Busses;Car;HPP
S53-E-Evening;200259;CASTLETON AV/HEBERTON AV;-74.132822;40.634994;4;30.0;Evening Busses;Car;HPP
S53-E-Evening;200261;CASTLETON AV/JEWETT AV;-74.129649;40.633639;5;30.0;Evening Busses;Car;HPP
S53-E-Evening;203032;CASTLETON AV/CLOVE RD;-74.125398;40.633841;6;30.0;Evening Busses;Car;HPP
S53-E-Evening;200263;CASTLETON AV/TAYLOR ST;-74.122725;40.634047;7;30.0;Evening Busses;Car;HPP
S53-E-Evening;204019;CASTLETON AV/ALASKA ST;-74.119979;40.634264;8;30.0;Evening Busses;Car;HPP
S53-E-Evening;200266;CASTLETON AV/BROADWAY;-74.117325;40.6345;9;30.0;Evening Busses;Car;HPP
S53-E-Evening;203034;BROADWAY/CARY AV;-74.116922;40.632768;10;30.0;Evening Busses;Car;HPP
S53-E-Evening;203035;BROADWAY/DELAFIELD AV;-74.11658;40.630823;11;30.0;Evening Busses;Car;HPP
S53-E-Evening;203036;BROADWAY/FOREST AV;-74.116271;40.629042;12;30.0;Evening Busses;Car;HPP
S53-E-Evening;203037;BROADWAY/WEST RALEIGH AV;-74.115377;40.626957;13;30.0;Evening Busses;Car;HPP
S53-E-Evening;203038;BROADWAY/COLONIAL CT;-74.114636;40.625522;14;30.0;Evening Busses;Car;HPP
S53-E-Evening;203039;BROADWAY/CLOVE RD;-74.113501;40.623324;15;30.0;Evening Busses;Car;HPP
S53-E-Evening;203456;CLOVE RD/SAINT PETERS CEMETERY;-74.112577;40.622282;16;30.0;Evening Busses;Car;HPP
S53-E-Evening;200646;CLOVE RD/BEMENT AV;-74.10979;40.620484;17;30.0;Evening Busses;Car;HPP
S53-E-Evening;202603;CLOVE RD/CHESHIRE PL;-74.105139;40.618066;19;30.0;Evening Busses;Car;HPP
S53-E-Evening;203554;CLOVE RD/NIAGARA ST;-74.103042;40.615625;20;30.0;Evening Busses;Car;HPP
S53-E-Evening;200612;CLOVE RD/SCHOHARIE ST;-74.101888;40.614308;21;30.0;Evening Busses;Car;HPP
S53-E-Evening;203052;CLOVE RD/TIOGA ST;-74.09927;40.612259;23;30.0;Evening Busses;Car;HPP
S53-E-Evening;203500;CLOVE RD/TARGEE ST;-74.089568;40.607706;26;30.0;Evening Busses;Car;HPP
S53-E-Evening;203501;CLOVE RD/BRITTON AV;-74.087777;40.606645;27;30.0;Evening Busses;Car;HPP
S53-E-Evening;203502;CLOVE RD/NECKAR AV;-74.086303;40.605776;28;30.0;Evening Busses;Car;HPP
S53-E-Evening;203503;CLOVE RD/ELBE AV;-74.084955;40.605003;29;30.0;Evening Busses;Car;HPP
S53-E-Evening;203504;CLOVE RD/GRASMERE STATION;-74.083527;40.603626;30;30.0;Evening Busses;Car;HPP
S53-E-Evening;203505;CLOVE RD/WEST FINGERBOARD RD;-74.081969;40.60159;31;30.0;Evening Busses;Car;HPP
S53-E-Evening;200660;HYLAN BLVD/NORWAY AV;-74.08127;40.598498;32;30.0;Evening Busses;Car;HPP
S53-E-Evening;200661;HYLAN BLVD/LAMPORT BLVD;-74.07912;40.598406;33;30.0;Evening Busses;Car;HPP
S53-E-Evening;200662;HYLAN BLVD/KRAMER ST;-74.076208;40.598016;34;30.0;Evening Busses;Car;HPP
S53-E-Evening;200663;HYLAN BLVD/LINWOOD AV;-74.073941;40.597517;35;30.0;Evening Busses;Car;HPP
S53-E-Evening;201289;SAND LN/HYLAN BLVD;-74.072091;40.598237;37;30.0;Evening Busses;Car;HPP
S53-E-Evening;200128;McCLEAN AV/SAND LN;-74.070098;40.596787;38;30.0;Evening Busses;Car;HPP
S53-E-Evening;200129;McCLEAN AV/MILLS AV;-74.068752;40.59721;39;30.0;Evening Busses;Car;HPP
S53-E-Evening;203891;McCLEAN AV/CONGER ST;-74.066383;40.598013;40;30.0;Evening Busses;Car;HPP
S53-E-Evening;200131;McCLEAN AV/OCEAN AV;-74.06481;40.598525;41;30.0;Evening Busses;Car;HPP
S53-E-Evening;200132;LILY POND AV/McCLEAN AV;-74.063759;40.599189;42;30.0;Evening Busses;Car;HPP
S53-E-Evening;307203;92 ST/GATLING PL;-74.027344;40.616926;43;30.0;Evening Busses;Car;HPP
S53-E-Evening;307501;86 ST/FORT HAMILTON PKWY;-74.024776;40.620732;44;30.0;Evening Busses;Car;HPP
S53-E-Evening;301707;86 ST/5 AV;-74.026347;40.621637;45;30.0;Evening Busses;Car;HPP
S53-E-Evening;801069;4 AV/86 ST;-74.028537;40.622647;46;30.0;Evening Busses;Car;HPP
S53-E-Morning;202740;RICHMOND TERR/PARK AV;-74.130501;40.640034;1;30.0;Morning;Car;HPP
S53-E-Morning;200426;PORT RICHMOND AV/ANN ST;-74.132956;40.638743;2;30.0;Morning;Car;HPP
S53-E-Morning;200427;PORT RICHMOND AV/HARRISON AV;-74.134663;40.63646;3;30.0;Morning;Car;HPP
S53-E-Morning;200259;CASTLETON AV/HEBERTON AV;-74.132822;40.634994;4;30.0;Morning;Car;HPP
S53-E-Morning;200261;CASTLETON AV/JEWETT AV;-74.129649;40.633639;5;30.0;Morning;Car;HPP
S53-E-Morning;203032;CASTLETON AV/CLOVE RD;-74.125398;40.633841;6;30.0;Morning;Car;HPP
S53-E-Morning;200263;CASTLETON AV/TAYLOR ST;-74.122725;40.634047;7;30.0;Morning;Car;HPP
S53-E-Morning;204019;CASTLETON AV/ALASKA ST;-74.119979;40.634264;8;30.0;Morning;Car;HPP
S53-E-Morning;200266;CASTLETON AV/BROADWAY;-74.117325;40.6345;9;30.0;Morning;Car;HPP
S53-E-Morning;203034;BROADWAY/CARY AV;-74.116922;40.632768;10;30.0;Morning;Car;HPP
S53-E-Morning;203035;BROADWAY/DELAFIELD AV;-74.11658;40.630823;11;30.0;Morning;Car;HPP
S53-E-Morning;203036;BROADWAY/FOREST AV;-74.116271;40.629042;12;30.0;Morning;Car;HPP
S53-E-Morning;203037;BROADWAY/WEST RALEIGH AV;-74.115377;40.626957;13;30.0;Morning;Car;HPP
S53-E-Morning;203038;BROADWAY/COLONIAL CT;-74.114636;40.625522;14;30.0;Morning;Car;HPP
S53-E-Morning;203039;BROADWAY/CLOVE RD;-74.113501;40.623324;15;30.0;Morning;Car;HPP
S53-E-Morning;203456;CLOVE RD/SAINT PETERS CEMETERY;-74.112577;40.622282;16;30.0;Morning;Car;HPP
S53-E-Morning;200646;CLOVE RD/BEMENT AV;-74.10979;40.620484;17;30.0;Morning;Car;HPP
S53-E-Morning;202603;CLOVE RD/CHESHIRE PL;-74.105139;40.618066;19;30.0;Morning;Car;HPP
S53-E-Morning;203554;CLOVE RD/NIAGARA ST;-74.103042;40.615625;20;30.0;Morning;Car;HPP
S53-E-Morning;200612;CLOVE RD/SCHOHARIE ST;-74.101888;40.614308;21;30.0;Morning;Car;HPP
S53-E-Morning;202787;CLOVE RD/FOOTE AV;-74.100531;40.613358;22;30.0;Morning;Car;HPP
S53-E-Morning;203052;CLOVE RD/TIOGA ST;-74.09927;40.612259;23;30.0;Morning;Car;HPP
S53-E-Morning;200652;CLOVE RD/MILFORD DR;-74.097613;40.610378;24;30.0;Morning;Car;HPP
S53-E-Morning;203500;CLOVE RD/TARGEE ST;-74.089568;40.607706;26;30.0;Morning;Car;HPP
S53-E-Morning;203501;CLOVE RD/BRITTON AV;-74.087777;40.606645;27;30.0;Morning;Car;HPP
S53-E-Morning;203502;CLOVE RD/NECKAR AV;-74.086303;40.605776;28;30.0;Morning;Car;HPP
S53-E-Morning;203503;CLOVE RD/ELBE AV;-74.084955;40.605003;29;30.0;Morning;Car;HPP
S53-E-Morning;203504;CLOVE RD/GRASMERE STATION;-74.083527;40.603626;30;30.0;Morning;Car;HPP
S53-E-Morning;203505;CLOVE RD/WEST FINGERBOARD RD;-74.081969;40.60159;31;30.0;Morning;Car;HPP
S53-E-Morning;200660;HYLAN BLVD/NORWAY AV;-74.08127;40.598498;32;30.0;Morning;Car;HPP
S53-E-Morning;200661;HYLAN BLVD/LAMPORT BLVD;-74.07912;40.598406;33;30.0;Morning;Car;HPP
S53-E-Morning;200662;HYLAN BLVD/KRAMER ST;-74.076208;40.598016;34;30.0;Morning;Car;HPP
S53-E-Morning;200663;HYLAN BLVD/LINWOOD AV;-74.073941;40.597517;35;30.0;Morning;Car;HPP
S53-E-Morning;200664;HYLAN BLVD/SAND LN;-74.072503;40.598439;36;30.0;Morning;Car;HPP
S53-E-Morning;201289;SAND LN/HYLAN BLVD;-74.072091;40.598237;37;30.0;Morning;Car;HPP
S53-E-Morning;200128;McCLEAN AV/SAND LN;-74.070098;40.596787;38;30.0;Morning;Car;HPP
S53-E-Morning;200129;McCLEAN AV/MILLS AV;-74.068752;40.59721;39;30.0;Morning;Car;HPP
S53-E-Morning;203891;McCLEAN AV/CONGER ST;-74.066383;40.598013;40;30.0;Morning;Car;HPP
S53-E-Morning;200131;McCLEAN AV/OCEAN AV;-74.06481;40.598525;41;30.0;Morning;Car;HPP
S53-E-Morning;200132;LILY POND AV/McCLEAN AV;-74.063759;40.599189;42;30.0;Morning;Car;HPP
S53-E-Morning;307203;92 ST/GATLING PL;-74.027344;40.616926;43;30.0;Morning;Car;HPP
S53-E-Morning;307501;86 ST/FORT HAMILTON PKWY;-74.024776;40.620732;44;30.0;Morning;Car;HPP
S53-E-Morning;301707;86 ST/5 AV;-74.026347;40.621637;45;30.0;Morning;Car;HPP
S53-E-Morning;801069;4 AV/86 ST;-74.028537;40.622647;46;30.0;Morning;Car;HPP
S53-E-Night;202740;RICHMOND TERR/PARK AV;-74.130501;40.640034;1;30.0;Night;Car;HPP
S53-E-Night;200427;PORT RICHMOND AV/HARRISON AV;-74.134663;40.63646;3;30.0;Night;Car;HPP
S53-E-Night;200259;CASTLETON AV/HEBERTON AV;-74.132822;40.634994;4;30.0;Night;Car;HPP
S53-E-Night;200261;CASTLETON AV/JEWETT AV;-74.129649;40.633639;5;30.0;Night;Car;HPP
S53-E-Night;203032;CASTLETON AV/CLOVE RD;-74.125398;40.633841;6;30.0;Night;Car;HPP
S53-E-Night;200263;CASTLETON AV/TAYLOR ST;-74.122725;40.634047;7;30.0;Night;Car;HPP
S53-E-Night;200266;CASTLETON AV/BROADWAY;-74.117325;40.6345;9;30.0;Night;Car;HPP
S53-E-Night;203034;BROADWAY/CARY AV;-74.116922;40.632768;10;30.0;Night;Car;HPP
S53-E-Night;203035;BROADWAY/DELAFIELD AV;-74.11658;40.630823;11;30.0;Night;Car;HPP
S53-E-Night;203036;BROADWAY/FOREST AV;-74.116271;40.629042;12;30.0;Night;Car;HPP
S53-E-Night;203037;BROADWAY/WEST RALEIGH AV;-74.115377;40.626957;13;30.0;Night;Car;HPP
S53-E-Night;200646;CLOVE RD/BEMENT AV;-74.10979;40.620484;17;30.0;Night;Car;HPP
S53-E-Night;203554;CLOVE RD/NIAGARA ST;-74.103042;40.615625;20;30.0;Night;Car;HPP
S53-E-Night;200612;CLOVE RD/SCHOHARIE ST;-74.101888;40.614308;21;30.0;Night;Car;HPP
S53-E-Night;202787;CLOVE RD/FOOTE AV;-74.100531;40.613358;22;30.0;Night;Car;HPP
S53-E-Night;203052;CLOVE RD/TIOGA ST;-74.09927;40.612259;23;30.0;Night;Car;HPP
S53-E-Night;203500;CLOVE RD/TARGEE ST;-74.089568;40.607706;26;30.0;Night;Car;HPP
S53-E-Night;203501;CLOVE RD/BRITTON AV;-74.087777;40.606645;27;30.0;Night;Car;HPP
S53-E-Night;203502;CLOVE RD/NECKAR AV;-74.086303;40.605776;28;30.0;Night;Car;HPP
S53-E-Night;203503;CLOVE RD/ELBE AV;-74.084955;40.605003;29;30.0;Night;Car;HPP
S53-E-Night;203504;CLOVE RD/GRASMERE STATION;-74.083527;40.603626;30;30.0;Night;Car;HPP
S53-E-Night;200660;HYLAN BLVD/NORWAY AV;-74.08127;40.598498;32;30.0;Night;Car;HPP
S53-E-Night;200662;HYLAN BLVD/KRAMER ST;-74.076208;40.598016;34;30.0;Night;Car;HPP
S53-E-Night;200663;HYLAN BLVD/LINWOOD AV;-74.073941;40.597517;35;30.0;Night;Car;HPP
S53-E-Night;201289;SAND LN/HYLAN BLVD;-74.072091;40.598237;37;30.0;Night;Car;HPP
S53-E-Night;200128;McCLEAN AV/SAND LN;-74.070098;40.596787;38;30.0;Night;Car;HPP
S53-E-Night;200129;McCLEAN AV/MILLS AV;-74.068752;40.59721;39;30.0;Night;Car;HPP
S53-E-Night;203891;McCLEAN AV/CONGER ST;-74.066383;40.598013;40;30.0;Night;Car;HPP
S53-E-Night;200131;McCLEAN AV/OCEAN AV;-74.06481;40.598525;41;30.0;Night;Car;HPP
S53-E-Night;200132;LILY POND AV/McCLEAN AV;-74.063759;40.599189;42;30.0;Night;Car;HPP
S53-E-Night;307203;92 ST/GATLING PL;-74.027344;40.616926;43;30.0;Night;Car;HPP
S53-E-Night;307501;86 ST/FORT HAMILTON PKWY;-74.024776;40.620732;44;30.0;Night;Car;HPP
S53-E-Night;301707;86 ST/5 AV;-74.026347;40.621637;45;30.0;Night;Car;HPP
S53-E-Night;801069;4 AV/86 ST;-74.028537;40.622647;46;30.0;Night;Car;HPP
S53-E-RushHour;202740;RICHMOND TERR/PARK AV;-74.130501;40.640034;1;30.0;Rush Hour;Car;HPP
S53-E-RushHour;200426;PORT RICHMOND AV/ANN ST;-74.132956;40.638743;2;30.0;Rush Hour;Car;HPP
S53-E-RushHour;200427;PORT RICHMOND AV/HARRISON AV;-74.134663;40.63646;3;30.0;Rush Hour;Car;HPP
S53-E-RushHour;200259;CASTLETON AV/HEBERTON AV;-74.132822;40.634994;4;30.0;Rush Hour;Car;HPP
S53-E-RushHour;200261;CASTLETON AV/JEWETT AV;-74.129649;40.633639;5;30.0;Rush Hour;Car;HPP
S53-E-RushHour;203032;CASTLETON AV/CLOVE RD;-74.125398;40.633841;6;30.0;Rush Hour;Car;HPP
S53-E-RushHour;200263;CASTLETON AV/TAYLOR ST;-74.122725;40.634047;7;30.0;Rush Hour;Car;HPP
S53-E-RushHour;204019;CASTLETON AV/ALASKA ST;-74.119979;40.634264;8;30.0;Rush Hour;Car;HPP
S53-E-RushHour;200266;CASTLETON AV/BROADWAY;-74.117325;40.6345;9;30.0;Rush Hour;Car;HPP
S53-E-RushHour;203034;BROADWAY/CARY AV;-74.116922;40.632768;10;30.0;Rush Hour;Car;HPP
S53-E-RushHour;203035;BROADWAY/DELAFIELD AV;-74.11658;40.630823;11;30.0;Rush Hour;Car;HPP
S53-E-RushHour;203036;BROADWAY/FOREST AV;-74.116271;40.629042;12;30.0;Rush Hour;Car;HPP
S53-E-RushHour;203038;BROADWAY/COLONIAL CT;-74.114636;40.625522;14;30.0;Rush Hour;Car;HPP
S53-E-RushHour;203039;BROADWAY/CLOVE RD;-74.113501;40.623324;15;30.0;Rush Hour;Car;HPP
S53-E-RushHour;202603;CLOVE RD/CHESHIRE PL;-74.105139;40.618066;19;30.0;Rush Hour;Car;HPP
S53-E-RushHour;203554;CLOVE RD/NIAGARA ST;-74.103042;40.615625;20;30.0;Rush Hour;Car;HPP
S53-E-RushHour;200612;CLOVE RD/SCHOHARIE ST;-74.101888;40.614308;21;30.0;Rush Hour;Car;HPP
S53-E-RushHour;202787;CLOVE RD/FOOTE AV;-74.100531;40.613358;22;30.0;Rush Hour;Car;HPP
S53-E-RushHour;203052;CLOVE RD/TIOGA ST;-74.09927;40.612259;23;30.0;Rush Hour;Car;HPP
S53-E-RushHour;200652;CLOVE RD/MILFORD DR;-74.097613;40.610378;24;30.0;Rush Hour;Car;HPP
S53-E-RushHour;203500;CLOVE RD/TARGEE ST;-74.089568;40.607706;26;30.0;Rush Hour;Car;HPP
S53-E-RushHour;203501;CLOVE RD/BRITTON AV;-74.087777;40.606645;27;30.0;Rush Hour;Car;HPP
S53-E-RushHour;203502;CLOVE RD/NECKAR AV;-74.086303;40.605776;28;30.0;Rush Hour;Car;HPP
S53-E-RushHour;203503;CLOVE RD/ELBE AV;-74.084955;40.605003;29;30.0;Rush Hour;Car;HPP
S53-E-RushHour;203504;CLOVE RD/GRASMERE STATION;-74.083527;40.603626;30;30.0;Rush Hour;Car;HPP
S53-E-RushHour;200660;HYLAN BLVD/NORWAY AV;-74.08127;40.598498;32;30.0;Rush Hour;Car;HPP
S53-E-RushHour;200661;HYLAN BLVD/LAMPORT BLVD;-74.07912;40.598406;33;30.0;Rush Hour;Car;HPP
S53-E-RushHour;200662;HYLAN BLVD/KRAMER ST;-74.076208;40.598016;34;30.0;Rush Hour;Car;HPP
S53-E-RushHour;200663;HYLAN BLVD/LINWOOD AV;-74.073941;40.597517;35;30.0;Rush Hour;Car;HPP
S53-E-RushHour;201289;SAND LN/HYLAN BLVD;-74.072091;40.598237;37;30.0;Rush Hour;Car;HPP
S53-E-RushHour;200128;McCLEAN AV/SAND LN;-74.070098;40.596787;38;30.0;Rush Hour;Car;HPP
S53-E-RushHour;200129;McCLEAN AV/MILLS AV;-74.068752;40.59721;39;30.0;Rush Hour;Car;HPP
S53-E-RushHour;203891;McCLEAN AV/CONGER ST;-74.066383;40.598013;40;30.0;Rush Hour;Car;HPP
S53-E-RushHour;200131;McCLEAN AV/OCEAN AV;-74.06481;40.598525;41;30.0;Rush Hour;Car;HPP
S53-E-RushHour;200132;LILY POND AV/McCLEAN AV;-74.063759;40.599189;42;30.0;Rush Hour;Car;HPP
S53-E-RushHour;307203;92 ST/GATLING PL;-74.027344;40.616926;43;30.0;Rush Hour;Car;HPP
S53-E-RushHour;307501;86 ST/FORT HAMILTON PKWY;-74.024776;40.620732;44;30.0;Rush Hour;Car;HPP
S53-E-RushHour;301707;86 ST/5 AV;-74.026347;40.621637;45;30.0;Rush Hour;Car;HPP
S53-E-RushHour;801069;4 AV/86 ST;-74.028537;40.622647;46;30.0;Rush Hour;Car;HPP
S53-W-Day;905016;MILFORD DR/OCEAN TERR;-74.103826;40.609851;1;30.0;Day Busses;Car;HPP
S53-W-Day;905059;4 AV/86 ST;-74.028688;40.622312;1;30.0;Day Busses;Car;HPP
S53-W-Day;308032;4 AV/90 ST;-74.029807;40.619537;2;30.0;Day Busses;Car;HPP
S53-W-Day;306959;92 ST/FORT HAMILTON PKWY;-74.027208;40.616714;3;30.0;Day Busses;Car;HPP
S53-W-Day;200200;LILY POND AV/MAJOR AV;-74.064787;40.600265;4;30.0;Day Busses;Car;HPP
S53-W-Day;200201;McCLEAN AV/LILY POND AV;-74.06422;40.598841;5;30.0;Day Busses;Car;HPP
S53-W-Day;203464;McCLEAN AV/RAILROAD AV;-74.06625;40.598178;6;30.0;Day Busses;Car;HPP
S53-W-Day;200203;McCLEAN AV/MILLS AV;-74.069033;40.597254;7;30.0;Day Busses;Car;HPP
S53-W-Day;200694;SAND LN/McCLEAN AV;-74.070476;40.597025;8;30.0;Day Busses;Car;HPP
S53-W-Day;200695;SAND LN/HYLAN BLVD;-74.071822;40.598571;9;30.0;Day Busses;Car;HPP
S53-W-Day;203095;HYLAN BLVD/WEST FINGERBOARD RD;-74.072639;40.598531;10;30.0;Day Busses;Car;HPP
S53-W-Day;200697;HYLAN BLVD/BIONIA AV;-74.075832;40.598046;11;30.0;Day Busses;Car;HPP
S53-W-Day;203480;BROADWAY/COLONIAL CT;-74.114843;40.626178;11;30.0;Day Busses;Car;HPP
S53-W-Day;200698;HYLAN BLVD/STEUBEN ST;-74.078051;40.598576;12;30.0;Day Busses;Car;HPP
S53-W-Day;200700;HYLAN BLVD/CLOVE RD;-74.081064;40.598662;13;30.0;Day Busses;Car;HPP
S53-W-Day;203506;CLOVE RD/WEST FINGERBOARD RD;-74.0818;40.601717;14;30.0;Day Busses;Car;HPP
S53-W-Day;203507;CLOVE RD/GRASMERE STATION;-74.083453;40.603797;15;30.0;Day Busses;Car;HPP
S53-W-Day;203508;CLOVE RD/MOSEL AV;-74.084668;40.60502;16;30.0;Day Busses;Car;HPP
S53-W-Day;203509;CLOVE RD/NECKAR AV;-74.086838;40.60627;17;30.0;Day Busses;Car;HPP
S53-W-Day;203510;CLOVE RD/BRITTON AV;-74.088294;40.607114;18;30.0;Day Busses;Car;HPP
S53-W-Day;203511;CLOVE RD/TARGEE ST;-74.089219;40.6077;19;30.0;Day Busses;Car;HPP
S53-W-Day;200708;NARROWS RD NORTH/RICHMOND RD;-74.090733;40.609731;20;30.0;Day Busses;Car;HPP
S53-W-Day;200710;CLOVE RD/HOWARD AV;-74.099516;40.612715;21;30.0;Day Busses;Car;HPP
S53-W-Day;200626;CLOVE RD/FOOTE AV;-74.100349;40.613422;22;30.0;Day Busses;Car;HPP
S53-W-Day;200627;CLOVE RD/VAN CORTLANDT AV;-74.102188;40.614859;23;30.0;Day Busses;Car;HPP
S53-W-Day;200713;CLOVE RD/VICTORY BLVD;-74.103516;40.616595;24;30.0;Day Busses;Car;HPP
S53-W-Day;200714;CLOVE RD/BEVERLY AV;-74.104703;40.617898;25;30.0;Day Busses;Car;HPP
S53-W-Day;200202;CLOVE RD/CLOVE LAKE PARK;-74.10651;40.61928;26;30.0;Day Busses;Car;HPP
S53-W-Day;200716;CLOVE RD/BEMENT AV;-74.110313;40.620945;27;30.0;Day Busses;Car;HPP
S53-W-Day;203040;BROADWAY/COUGHLIN AV;-74.113791;40.624189;29;30.0;Day Busses;Car;HPP
S53-W-Day;203043;BROADWAY/FOREST AV;-74.116101;40.628784;32;30.0;Day Busses;Car;HPP
S53-W-Day;203044;BROADWAY/DELAFIELD AV;-74.116432;40.630688;33;30.0;Day Busses;Car;HPP
S53-W-Day;203045;BROADWAY/CARY AV;-74.116756;40.632566;34;30.0;Day Busses;Car;HPP
S53-W-Day;203046;BROADWAY/CASTLETON AV;-74.117087;40.63439;35;30.0;Day Busses;Car;HPP
S53-W-Day;200311;CASTLETON AV/CAROLINE ST;-74.119274;40.634487;36;30.0;Day Busses;Car;HPP
S53-W-Day;200312;CASTLETON AV/BARKER ST;-74.121612;40.634238;37;30.0;Day Busses;Car;HPP
S53-W-Day;200313;CASTLETON AV/TAYLOR ST;-74.123446;40.634104;38;30.0;Day Busses;Car;HPP
S53-W-Day;200314;CASTLETON AV/CLOVE RD;-74.125845;40.633917;39;30.0;Day Busses;Car;HPP
S53-W-Day;200315;CASTLETON AV/JEWETT AV;-74.129761;40.63385;40;30.0;Day Busses;Car;HPP
S53-W-Day;200316;CASTLETON AV/HEBERTON AV;-74.132408;40.635011;41;30.0;Day Busses;Car;HPP
S53-W-Day;200416;PORT RICHMOND AV/HARRISON AV;-74.134223;40.636595;42;30.0;Day Busses;Car;HPP
S53-W-Day;200417;PORT RICHMOND AV/BENNETT ST;-74.132905;40.638381;43;30.0;Day Busses;Car;HPP
S53-W-Day;905105;PORT RICHMOND AV/RICHMOND TERR;-74.131826;40.639876;44;30.0;Day Busses;Car;HPP
S53-W-Evening;905059;4 AV/86 ST;-74.028688;40.622312;1;30.0;Evening Busses;Car;HPP
S53-W-Evening;308032;4 AV/90 ST;-74.029807;40.619537;2;30.0;Evening Busses;Car;HPP
S53-W-Evening;306959;92 ST/FORT HAMILTON PKWY;-74.027208;40.616714;3;30.0;Evening Busses;Car;HPP
S53-W-Evening;200200;LILY POND AV/MAJOR AV;-74.064787;40.600265;4;30.0;Evening Busses;Car;HPP
S53-W-Evening;200201;McCLEAN AV/LILY POND AV;-74.06422;40.598841;5;30.0;Evening Busses;Car;HPP
S53-W-Evening;203464;McCLEAN AV/RAILROAD AV;-74.06625;40.598178;6;30.0;Evening Busses;Car;HPP
S53-W-Evening;200203;McCLEAN AV/MILLS AV;-74.069033;40.597254;7;30.0;Evening Busses;Car;HPP
S53-W-Evening;200694;SAND LN/McCLEAN AV;-74.070476;40.597025;8;30.0;Evening Busses;Car;HPP
S53-W-Evening;200695;SAND LN/HYLAN BLVD;-74.071822;40.598571;9;30.0;Evening Busses;Car;HPP
S53-W-Evening;203095;HYLAN BLVD/WEST FINGERBOARD RD;-74.072639;40.598531;10;30.0;Evening Busses;Car;HPP
S53-W-Evening;200697;HYLAN BLVD/BIONIA AV;-74.075832;40.598046;11;30.0;Evening Busses;Car;HPP
S53-W-Evening;200698;HYLAN BLVD/STEUBEN ST;-74.078051;40.598576;12;30.0;Evening Busses;Car;HPP
S53-W-Evening;200700;HYLAN BLVD/CLOVE RD;-74.081064;40.598662;13;30.0;Evening Busses;Car;HPP
S53-W-Evening;203506;CLOVE RD/WEST FINGERBOARD RD;-74.0818;40.601717;14;30.0;Evening Busses;Car;HPP
S53-W-Evening;203507;CLOVE RD/GRASMERE STATION;-74.083453;40.603797;15;30.0;Evening Busses;Car;HPP
S53-W-Evening;203508;CLOVE RD/MOSEL AV;-74.084668;40.60502;16;30.0;Evening Busses;Car;HPP
S53-W-Evening;203509;CLOVE RD/NECKAR AV;-74.086838;40.60627;17;30.0;Evening Busses;Car;HPP
S53-W-Evening;203510;CLOVE RD/BRITTON AV;-74.088294;40.607114;18;30.0;Evening Busses;Car;HPP
S53-W-Evening;203511;CLOVE RD/TARGEE ST;-74.089219;40.6077;19;30.0;Evening Busses;Car;HPP
S53-W-Evening;200708;NARROWS RD NORTH/RICHMOND RD;-74.090733;40.609731;20;30.0;Evening Busses;Car;HPP
S53-W-Evening;200710;CLOVE RD/HOWARD AV;-74.099516;40.612715;21;30.0;Evening Busses;Car;HPP
S53-W-Evening;200626;CLOVE RD/FOOTE AV;-74.100349;40.613422;22;30.0;Evening Busses;Car;HPP
S53-W-Evening;200627;CLOVE RD/VAN CORTLANDT AV;-74.102188;40.614859;23;30.0;Evening Busses;Car;HPP
S53-W-Evening;200713;CLOVE RD/VICTORY BLVD;-74.103516;40.616595;24;30.0;Evening Busses;Car;HPP
S53-W-Evening;200714;CLOVE RD/BEVERLY AV;-74.104703;40.617898;25;30.0;Evening Busses;Car;HPP
S53-W-Evening;200202;CLOVE RD/CLOVE LAKE PARK;-74.10651;40.61928;26;30.0;Evening Busses;Car;HPP
S53-W-Evening;200716;CLOVE RD/BEMENT AV;-74.110313;40.620945;27;30.0;Evening Busses;Car;HPP
S53-W-Evening;203457;CLOVE RD/SAINT PETERS CEMETERY;-74.11239;40.622376;28;30.0;Evening Busses;Car;HPP
S53-W-Evening;203040;BROADWAY/COUGHLIN AV;-74.113791;40.624189;29;30.0;Evening Busses;Car;HPP
S53-W-Evening;203480;BROADWAY/COLONIAL CT;-74.114843;40.626178;30;30.0;Evening Busses;Car;HPP
S53-W-Evening;203100;BROADWAY/EAST RALEIGH AV;-74.115461;40.627464;31;30.0;Evening Busses;Car;HPP
S53-W-Evening;203043;BROADWAY/FOREST AV;-74.116101;40.628784;32;30.0;Evening Busses;Car;HPP
S53-W-Evening;203044;BROADWAY/DELAFIELD AV;-74.116432;40.630688;33;30.0;Evening Busses;Car;HPP
S53-W-Evening;203045;BROADWAY/CARY AV;-74.116756;40.632566;34;30.0;Evening Busses;Car;HPP
S53-W-Evening;203046;BROADWAY/CASTLETON AV;-74.117087;40.63439;35;30.0;Evening Busses;Car;HPP
S53-W-Evening;200311;CASTLETON AV/CAROLINE ST;-74.119274;40.634487;36;30.0;Evening Busses;Car;HPP
S53-W-Evening;200312;CASTLETON AV/BARKER ST;-74.121612;40.634238;37;30.0;Evening Busses;Car;HPP
S53-W-Evening;200313;CASTLETON AV/TAYLOR ST;-74.123446;40.634104;38;30.0;Evening Busses;Car;HPP
S53-W-Evening;200314;CASTLETON AV/CLOVE RD;-74.125845;40.633917;39;30.0;Evening Busses;Car;HPP
S53-W-Evening;200315;CASTLETON AV/JEWETT AV;-74.129761;40.63385;40;30.0;Evening Busses;Car;HPP
S53-W-Evening;200316;CASTLETON AV/HEBERTON AV;-74.132408;40.635011;41;30.0;Evening Busses;Car;HPP
S53-W-Evening;200416;PORT RICHMOND AV/HARRISON AV;-74.134223;40.636595;42;30.0;Evening Busses;Car;HPP
S53-W-Evening;200417;PORT RICHMOND AV/BENNETT ST;-74.132905;40.638381;43;30.0;Evening Busses;Car;HPP
S53-W-Evening;905105;PORT RICHMOND AV/RICHMOND TERR;-74.131826;40.639876;44;30.0;Evening Busses;Car;HPP
S53-W-Morning;905059;4 AV/86 ST;-74.028688;40.622312;1;30.0;Morning;Car;HPP
S53-W-Morning;308032;4 AV/90 ST;-74.029807;40.619537;2;30.0;Morning;Car;HPP
S53-W-Morning;306959;92 ST/FORT HAMILTON PKWY;-74.027208;40.616714;3;30.0;Morning;Car;HPP
S53-W-Morning;200200;LILY POND AV/MAJOR AV;-74.064787;40.600265;4;30.0;Morning;Car;HPP
S53-W-Morning;200201;McCLEAN AV/LILY POND AV;-74.06422;40.598841;5;30.0;Morning;Car;HPP
S53-W-Morning;203464;McCLEAN AV/RAILROAD AV;-74.06625;40.598178;6;30.0;Morning;Car;HPP
S53-W-Morning;200203;McCLEAN AV/MILLS AV;-74.069033;40.597254;7;30.0;Morning;Car;HPP
S53-W-Morning;200694;SAND LN/McCLEAN AV;-74.070476;40.597025;8;30.0;Morning;Car;HPP
S53-W-Morning;200695;SAND LN/HYLAN BLVD;-74.071822;40.598571;9;30.0;Morning;Car;HPP
S53-W-Morning;203095;HYLAN BLVD/WEST FINGERBOARD RD;-74.072639;40.598531;10;30.0;Morning;Car;HPP
S53-W-Morning;200697;HYLAN BLVD/BIONIA AV;-74.075832;40.598046;11;30.0;Morning;Car;HPP
S53-W-Morning;200698;HYLAN BLVD/STEUBEN ST;-74.078051;40.598576;12;30.0;Morning;Car;HPP
S53-W-Morning;200700;HYLAN BLVD/CLOVE RD;-74.081064;40.598662;13;30.0;Morning;Car;HPP
S53-W-Morning;203506;CLOVE RD/WEST FINGERBOARD RD;-74.0818;40.601717;14;30.0;Morning;Car;HPP
S53-W-Morning;203507;CLOVE RD/GRASMERE STATION;-74.083453;40.603797;15;30.0;Morning;Car;HPP
S53-W-Morning;203508;CLOVE RD/MOSEL AV;-74.084668;40.60502;16;30.0;Morning;Car;HPP
S53-W-Morning;203509;CLOVE RD/NECKAR AV;-74.086838;40.60627;17;30.0;Morning;Car;HPP
S53-W-Morning;203510;CLOVE RD/BRITTON AV;-74.088294;40.607114;18;30.0;Morning;Car;HPP
S53-W-Morning;203511;CLOVE RD/TARGEE ST;-74.089219;40.6077;19;30.0;Morning;Car;HPP
S53-W-Morning;200708;NARROWS RD NORTH/RICHMOND RD;-74.090733;40.609731;20;30.0;Morning;Car;HPP
S53-W-Morning;200710;CLOVE RD/HOWARD AV;-74.099516;40.612715;21;30.0;Morning;Car;HPP
S53-W-Morning;200626;CLOVE RD/FOOTE AV;-74.100349;40.613422;22;30.0;Morning;Car;HPP
S53-W-Morning;200627;CLOVE RD/VAN CORTLANDT AV;-74.102188;40.614859;23;30.0;Morning;Car;HPP
S53-W-Morning;200713;CLOVE RD/VICTORY BLVD;-74.103516;40.616595;24;30.0;Morning;Car;HPP
S53-W-Morning;200202;CLOVE RD/CLOVE LAKE PARK;-74.10651;40.61928;26;30.0;Morning;Car;HPP
S53-W-Morning;200716;CLOVE RD/BEMENT AV;-74.110313;40.620945;27;30.0;Morning;Car;HPP
S53-W-Morning;203040;BROADWAY/COUGHLIN AV;-74.113791;40.624189;29;30.0;Morning;Car;HPP
S53-W-Morning;203480;BROADWAY/COLONIAL CT;-74.114843;40.626178;30;30.0;Morning;Car;HPP
S53-W-Morning;203043;BROADWAY/FOREST AV;-74.116101;40.628784;32;30.0;Morning;Car;HPP
S53-W-Morning;203044;BROADWAY/DELAFIELD AV;-74.116432;40.630688;33;30.0;Morning;Car;HPP
S53-W-Morning;203045;BROADWAY/CARY AV;-74.116756;40.632566;34;30.0;Morning;Car;HPP
S53-W-Morning;203046;BROADWAY/CASTLETON AV;-74.117087;40.63439;35;30.0;Morning;Car;HPP
S53-W-Morning;200311;CASTLETON AV/CAROLINE ST;-74.119274;40.634487;36;30.0;Morning;Car;HPP
S53-W-Morning;200312;CASTLETON AV/BARKER ST;-74.121612;40.634238;37;30.0;Morning;Car;HPP
S53-W-Morning;200313;CASTLETON AV/TAYLOR ST;-74.123446;40.634104;38;30.0;Morning;Car;HPP
S53-W-Morning;200314;CASTLETON AV/CLOVE RD;-74.125845;40.633917;39;30.0;Morning;Car;HPP
S53-W-Morning;200315;CASTLETON AV/JEWETT AV;-74.129761;40.63385;40;30.0;Morning;Car;HPP
S53-W-Morning;200316;CASTLETON AV/HEBERTON AV;-74.132408;40.635011;41;30.0;Morning;Car;HPP
S53-W-Morning;200416;PORT RICHMOND AV/HARRISON AV;-74.134223;40.636595;42;30.0;Morning;Car;HPP
S53-W-Morning;200417;PORT RICHMOND AV/BENNETT ST;-74.132905;40.638381;43;30.0;Morning;Car;HPP
S53-W-Morning;905105;PORT RICHMOND AV/RICHMOND TERR;-74.131826;40.639876;44;30.0;Morning;Car;HPP
S53-W-Night;905059;4 AV/86 ST;-74.028688;40.622312;1;30.0;Night;Car;HPP
S53-W-Night;306959;92 ST/FORT HAMILTON PKWY;-74.027208;40.616714;3;30.0;Night;Car;HPP
S53-W-Night;200200;LILY POND AV/MAJOR AV;-74.064787;40.600265;4;30.0;Night;Car;HPP
S53-W-Night;200201;McCLEAN AV/LILY POND AV;-74.06422;40.598841;5;30.0;Night;Car;HPP
S53-W-Night;203464;McCLEAN AV/RAILROAD AV;-74.06625;40.598178;6;30.0;Night;Car;HPP
S53-W-Night;200203;McCLEAN AV/MILLS AV;-74.069033;40.597254;7;30.0;Night;Car;HPP
S53-W-Night;200694;SAND LN/McCLEAN AV;-74.070476;40.597025;8;30.0;Night;Car;HPP
S53-W-Night;203095;HYLAN BLVD/WEST FINGERBOARD RD;-74.072639;40.598531;10;30.0;Night;Car;HPP
S53-W-Night;200698;HYLAN BLVD/STEUBEN ST;-74.078051;40.598576;12;30.0;Night;Car;HPP
S53-W-Night;200700;HYLAN BLVD/CLOVE RD;-74.081064;40.598662;13;30.0;Night;Car;HPP
S53-W-Night;203507;CLOVE RD/GRASMERE STATION;-74.083453;40.603797;15;30.0;Night;Car;HPP
S53-W-Night;203509;CLOVE RD/NECKAR AV;-74.086838;40.60627;17;30.0;Night;Car;HPP
S53-W-Night;203511;CLOVE RD/TARGEE ST;-74.089219;40.6077;19;30.0;Night;Car;HPP
S53-W-Night;200708;NARROWS RD NORTH/RICHMOND RD;-74.090733;40.609731;20;30.0;Night;Car;HPP
S53-W-Night;200710;CLOVE RD/HOWARD AV;-74.099516;40.612715;21;30.0;Night;Car;HPP
S53-W-Night;200626;CLOVE RD/FOOTE AV;-74.100349;40.613422;22;30.0;Night;Car;HPP
S53-W-Night;200627;CLOVE RD/VAN CORTLANDT AV;-74.102188;40.614859;23;30.0;Night;Car;HPP
S53-W-Night;200713;CLOVE RD/VICTORY BLVD;-74.103516;40.616595;24;30.0;Night;Car;HPP
S53-W-Night;200714;CLOVE RD/BEVERLY AV;-74.104703;40.617898;25;30.0;Night;Car;HPP
S53-W-Night;200716;CLOVE RD/BEMENT AV;-74.110313;40.620945;27;30.0;Night;Car;HPP
S53-W-Night;203457;CLOVE RD/SAINT PETERS CEMETERY;-74.11239;40.622376;28;30.0;Night;Car;HPP
S53-W-Night;203043;BROADWAY/FOREST AV;-74.116101;40.628784;32;30.0;Night;Car;HPP
S53-W-Night;203044;BROADWAY/DELAFIELD AV;-74.116432;40.630688;33;30.0;Night;Car;HPP
S53-W-Night;203045;BROADWAY/CARY AV;-74.116756;40.632566;34;30.0;Night;Car;HPP
S53-W-Night;203046;BROADWAY/CASTLETON AV;-74.117087;40.63439;35;30.0;Night;Car;HPP
S53-W-Night;200311;CASTLETON AV/CAROLINE ST;-74.119274;40.634487;36;30.0;Night;Car;HPP
S53-W-Night;200314;CASTLETON AV/CLOVE RD;-74.125845;40.633917;39;30.0;Night;Car;HPP
S53-W-Night;200315;CASTLETON AV/JEWETT AV;-74.129761;40.63385;40;30.0;Night;Car;HPP
S53-W-Night;200316;CASTLETON AV/HEBERTON AV;-74.132408;40.635011;41;30.0;Night;Car;HPP
S53-W-Night;200416;PORT RICHMOND AV/HARRISON AV;-74.134223;40.636595;42;30.0;Night;Car;HPP
S53-W-Night;905105;PORT RICHMOND AV/RICHMOND TERR;-74.131826;40.639876;44;30.0;Night;Car;HPP
S53-W-RushHour;905059;4 AV/86 ST;-74.028688;40.622312;1;30.0;Rush Hour;Car;HPP
S53-W-RushHour;308032;4 AV/90 ST;-74.029807;40.619537;2;30.0;Rush Hour;Car;HPP
S53-W-RushHour;306959;92 ST/FORT HAMILTON PKWY;-74.027208;40.616714;3;30.0;Rush Hour;Car;HPP
S53-W-RushHour;200200;LILY POND AV/MAJOR AV;-74.064787;40.600265;4;30.0;Rush Hour;Car;HPP
S53-W-RushHour;200201;McCLEAN AV/LILY POND AV;-74.06422;40.598841;5;30.0;Rush Hour;Car;HPP
S53-W-RushHour;203464;McCLEAN AV/RAILROAD AV;-74.06625;40.598178;6;30.0;Rush Hour;Car;HPP
S53-W-RushHour;200202;CLOVE RD/CLOVE LAKE PARK;-74.10651;40.61928;7;30.0;Rush Hour;Car;HPP
S53-W-RushHour;200203;McCLEAN AV/MILLS AV;-74.069033;40.597254;7;30.0;Rush Hour;Car;HPP
S53-W-RushHour;200694;SAND LN/McCLEAN AV;-74.070476;40.597025;8;30.0;Rush Hour;Car;HPP
S53-W-RushHour;200695;SAND LN/HYLAN BLVD;-74.071822;40.598571;9;30.0;Rush Hour;Car;HPP
S53-W-RushHour;203095;HYLAN BLVD/WEST FINGERBOARD RD;-74.072639;40.598531;10;30.0;Rush Hour;Car;HPP
S53-W-RushHour;200697;HYLAN BLVD/BIONIA AV;-74.075832;40.598046;11;30.0;Rush Hour;Car;HPP
S53-W-RushHour;200698;HYLAN BLVD/STEUBEN ST;-74.078051;40.598576;12;30.0;Rush Hour;Car;HPP
S53-W-RushHour;200700;HYLAN BLVD/CLOVE RD;-74.081064;40.598662;13;30.0;Rush Hour;Car;HPP
S53-W-RushHour;203506;CLOVE RD/WEST FINGERBOARD RD;-74.0818;40.601717;14;30.0;Rush Hour;Car;HPP
S53-W-RushHour;203507;CLOVE RD/GRASMERE STATION;-74.083453;40.603797;15;30.0;Rush Hour;Car;HPP
S53-W-RushHour;203508;CLOVE RD/MOSEL AV;-74.084668;40.60502;16;30.0;Rush Hour;Car;HPP
S53-W-RushHour;203509;CLOVE RD/NECKAR AV;-74.086838;40.60627;17;30.0;Rush Hour;Car;HPP
S53-W-RushHour;203510;CLOVE RD/BRITTON AV;-74.088294;40.607114;18;30.0;Rush Hour;Car;HPP
S53-W-RushHour;203511;CLOVE RD/TARGEE ST;-74.089219;40.6077;19;30.0;Rush Hour;Car;HPP
S53-W-RushHour;200708;NARROWS RD NORTH/RICHMOND RD;-74.090733;40.609731;20;30.0;Rush Hour;Car;HPP
S53-W-RushHour;200710;CLOVE RD/HOWARD AV;-74.099516;40.612715;21;30.0;Rush Hour;Car;HPP
S53-W-RushHour;200626;CLOVE RD/FOOTE AV;-74.100349;40.613422;22;30.0;Rush Hour;Car;HPP
S53-W-RushHour;200627;CLOVE RD/VAN CORTLANDT AV;-74.102188;40.614859;23;30.0;Rush Hour;Car;HPP
S53-W-RushHour;200713;CLOVE RD/VICTORY BLVD;-74.103516;40.616595;24;30.0;Rush Hour;Car;HPP
S53-W-RushHour;200714;CLOVE RD/BEVERLY AV;-74.104703;40.617898;25;30.0;Rush Hour;Car;HPP
S53-W-RushHour;200716;CLOVE RD/BEMENT AV;-74.110313;40.620945;27;30.0;Rush Hour;Car;HPP
S53-W-RushHour;203457;CLOVE RD/SAINT PETERS CEMETERY;-74.11239;40.622376;28;30.0;Rush Hour;Car;HPP
S53-W-RushHour;203040;BROADWAY/COUGHLIN AV;-74.113791;40.624189;29;30.0;Rush Hour;Car;HPP
S53-W-RushHour;203100;BROADWAY/EAST RALEIGH AV;-74.115461;40.627464;31;30.0;Rush Hour;Car;HPP
S53-W-RushHour;203043;BROADWAY/FOREST AV;-74.116101;40.628784;32;30.0;Rush Hour;Car;HPP
S53-W-RushHour;203044;BROADWAY/DELAFIELD AV;-74.116432;40.630688;33;30.0;Rush Hour;Car;HPP
S53-W-RushHour;203045;BROADWAY/CARY AV;-74.116756;40.632566;34;30.0;Rush Hour;Car;HPP
S53-W-RushHour;203046;BROADWAY/CASTLETON AV;-74.117087;40.63439;35;30.0;Rush Hour;Car;HPP
S53-W-RushHour;200311;CASTLETON AV/CAROLINE ST;-74.119274;40.634487;36;30.0;Rush Hour;Car;HPP
S53-W-RushHour;200312;CASTLETON AV/BARKER ST;-74.121612;40.634238;37;30.0;Rush Hour;Car;HPP
S53-W-RushHour;200313;CASTLETON AV/TAYLOR ST;-74.123446;40.634104;38;30.0;Rush Hour;Car;HPP
S53-W-RushHour;200314;CASTLETON AV/CLOVE RD;-74.125845;40.633917;39;30.0;Rush Hour;Car;HPP
S53-W-RushHour;200315;CASTLETON AV/JEWETT AV;-74.129761;40.63385;40;30.0;Rush Hour;Car;HPP
S53-W-RushHour;200316;CASTLETON AV/HEBERTON AV;-74.132408;40.635011;41;30.0;Rush Hour;Car;HPP
S53-W-RushHour;200416;PORT RICHMOND AV/HARRISON AV;-74.134223;40.636595;42;30.0;Rush Hour;Car;HPP
S53-W-RushHour;200417;PORT RICHMOND AV/BENNETT ST;-74.132905;40.638381;43;30.0;Rush Hour;Car;HPP
S53-W-RushHour;905105;PORT RICHMOND AV/RICHMOND TERR;-74.131826;40.639876;44;30.0;Rush Hour;Car;HPP
