{
  "type": "FeatureCollection",
  "features": [
    {
      "type": "Feature",
      "properties": {
        "route_id": "M101-N-Morning",
        "layer": "T1 Original"
      },
      "geometry": {
        "type": "LineString",
        "coordinates": [
          [
            -73.99,
            40.72962
          ],
          [
            -73.98991,
            40.72957
          ],
          [
            -73.98991,
            40.72957
          ],
          [
            -73.98985,
            40.72964
          ],
          [
            -73.98982,
            40.72968
          ],
          [
            -73.98969,
            40.72986
          ],
          [
            -73.98956,
            40.73004
          ],
          [
            -73.98953,
            40.73009
          ],
          [
            -73.98948,
            40.73015
          ],
          [
            -73.98945,
            40.7302
          ],
          [
            -73.98941,
            40.73025
          ],
          [
            -73.98929,
            40.73041
          ],
          [
            -73.98929,
            40.73041
          ],
          [
            -73.98929,
            40.73041
          ],
          [
            -73.98916,
            40.73059
          ],
          [
            -73.98913,
            40.73063
          ],
          [
            -73.9891,
            40.73067
          ],
          [
            -73.98906,
            40.73073
          ],
          [
            -73.98902,
            40.73078
          ],
          [
            -73.98899,
            40.73083
          ],
          [
            -73.9887,
            40.73123
          ],
          [
            -73.98866,
            40.73127
          ],
          [
            -73.98862,
            40.73133
          ],
          [
            -73.98858,
            40.73139
          ],
          [
            -73.98854,
            40.73143
          ],
          [
            -73.98823,
            40.73187
          ],
          [
            -73.9882,
            40.73191
          ],
          [
            -73.98816,
            40.73197
          ],
          [
            -73.98812,
            40.73202
          ],
          [
            -73.98808,
            40.73207
          ],
          [
            -73.98776,
            40.73251
          ],
          [
            -73.98773,
            40.73255
          ],
          [
            -73.98768,
            40.73262
          ],
          [
            -73.98765,
            40.73267
          ],
          [
            -73.98761,
            40.73271
          ],
          [
            -73.98745,
            40.73294
          ],
          [
            -73.98729,
            40.73315
          ],
          [
            -73.98725,
            40.7332
          ],
          [
            -73.98719,
            40.7333
          ],
          [
            -73.98712,
            40.73339
          ],
          [
            -73.98708,
            40.73344
          ],
          [
            -73.98697,
            40.7336
          ],
          [
            -73.98688,
            40.73373
          ],
          [
            -73.98688,
            40.73373
          ],
          [
            -73.98688,
            40.73373
          ],
          [
            -73.98686,
            40.73375
          ],
          [
            -73.98676,
            40.73388
          ],
          [
            -73.98673,
            40.73393
          ],
          [
            -73.98669,
            40.73398
          ],
          [
            -73.98664,
            40.73404
          ],
          [
            -73.98662,
            40.73409
          ],
          [
            -73.98629,
            40.73453
          ],
          [
            -73.98626,
            40.73457
          ],
          [
            -73.98622,
            40.73462
          ],
          [
            -73.98618,
            40.73468
          ],
          [
            -73.98615,
            40.73472
          ],
          [
            -73.98586,
            40.73512
          ],
          [
            -73.98584,
            40.73516
          ],
          [
            -73.98579,
            40.73521
          ],
          [
            -73.98575,
            40.73527
          ],
          [
            -73.98573,
            40.73531
          ],
          [
            -73.98544,
            40.7357
          ],
          [
            -73.98541,
            40.73574
          ],
          [
            -73.98537,
            40.7358
          ],
          [
            -73.98533,
            40.73586
          ],
          [
            -73.98529,
            40.7359
          ],
          [
            -73.98502,
            40.73628
          ],
          [
            -73.98499,
            40.73632
          ],
          [
            -73.98494,
            40.73638
          ],
          [
            -73.9849,
            40.73644
          ],
          [
            -73.98487,
            40.73648
          ],
          [
            -73.98459,
            40.73687
          ],
          [
            -73.98455,
            40.73691
          ],
          [
            -73.98451,
            40.73697
          ],
          [
            -73.98447,
            40.73703
          ],
          [
            -73.98444,
            40.73707
          ],
          [
            -73.98416,
            40.73745
          ],
          [
            -73.98413,
            40.7375
          ],
          [
            -73.98408,
            40.73756
          ],
          [
            -73.98405,
            40.73761
          ],
          [
            -73.98401,
            40.73766
          ],
          [
            -73.98371,
            40.73808
          ],
          [
            -73.98368,
            40.73811
          ],
          [
            -73.98364,
            40.73817
          ],
          [
            -73.9836,
            40.73822
          ],
          [
            -73.98357,
            40.73827
          ],
          [
            -73.98326,
            40.73869
          ],
          [
            -73.98323,
            40.73874
          ],
          [
            -73.98315,
            40.73884
          ],
          [
            -73.98308,
            40.73894
          ],
          [
            -73.98304,
            40.73899
          ],
          [
            -73.98285,
            40.73925
          ],
          [
            -73.98285,
            40.73925
          ],
          [
            -73.98285,
            40.73925
          ],
          [
            -73.98274,
            40.7394
          ],
          [
            -73.98271,
            40.73945
          ],
          [
            -73.98267,
            40.7395
          ],
          [
            -73.98262,
            40.73956
          ],
          [
            -73.98229,
            40.74003
          ],
          [
            -73.98226,
            40.74007
          ],
          [
            -73.98222,
            40.74013
          ],
          [
            -73.98218,
            40.74017
          ],
          [
            -73.98184,
            40.74065
          ],
          [
            -73.98181,
            40.74069
          ],
          [
            -73.98177,
            40.74075
          ],
          [
            -73.98173,
            40.7408
          ],
          [
            -73.98139,
            40.74126
          ],
          [
            -73.98136,
            40.74131
          ],
          [
            -73.98132,
            40.74136
          ],
          [
            -73.98128,
            40.74142
          ],
          [
            -73.98095,
            40.74188
          ],
          [
            -73.98091,
            40.74192
          ],
          [
            -73.98087,
            40.74198
          ],
          [
            -73.98083,
            40.74204
          ],
          [
            -73.9805,
            40.74249
          ],
          [
            -73.98046,
            40.74254
          ],
          [
            -73.98042,
            40.7426
          ],
          [
            -73.98038,
            40.74266
          ],
          [
            -73.98005,
            40.74311
          ],
          [
            -73.98001,
            40.74315
          ],
          [
            -73.97997,
            40.74322
          ],
          [
            -73.97993,
            40.74327
          ],
          [
            -73.97959,
            40.74373
          ],
          [
            -73.97956,
            40.74377
          ],
          [
            -73.97952,
            40.74383
          ],
          [
            -73.97948,
            40.74389
          ],
          [
            -73.97914,
            40.74436
          ],
          [
            -73.97911,
            40.74439
          ],
          [
            -73.97907,
            40.74445
          ],
          [
            -73.97902,
            40.74451
          ],
          [
            -73.97869,
            40.74497
          ],
          [
            -73.97867,
            40.74499
          ],
          [
            -73.97867,
            40.74499
          ],
          [
            -73.97867,
            40.74499
          ],
          [
            -73.97866,
            40.74501
          ],
          [
            -73.97862,
            40.74507
          ],
          [
            -73.97858,
            40.74512
          ],
          [
            -73.97841,
            40.74535
          ],
          [
            -73.97823,
            40.74561
          ],
          [
            -73.9782,
            40.74565
          ],
          [
            -73.97813,
            40.74574
          ],
          [
            -73.97806,
            40.74583
          ],
          [
            -73.97772,
            40.7463
          ],
          [
            -73.97769,
            40.74634
          ],
          [
            -73.97765,
            40.7464
          ],
          [
            -73.97761,
            40.74646
          ],
          [
            -73.97726,
            40.74692
          ],
          [
            -73.97723,
            40.74696
          ],
          [
            -73.97719,
            40.74701
          ],
          [
            -73.97715,
            40.74707
          ],
          [
            -73.97683,
            40.74754
          ],
          [
            -73.9768,
            40.74758
          ],
          [
            -73.97676,
            40.74764
          ],
          [
            -73.97672,
            40.7477
          ],
          [
            -73.97648,
            40.74803
          ],
          [
            -73.97638,
            40.74817
          ],
          [
            -73.97635,
            40.7482
          ],
          [
            -73.97632,
            40.74825
          ],
          [
            -73.97627,
            40.74831
          ],
          [
            -73.97626,
            40.74833
          ],
          [
            -73.97592,
            40.74879
          ],
          [
            -73.9759,
            40.74882
          ],
          [
            -73.97585,
            40.74889
          ],
          [
            -73.97581,
            40.74894
          ],
          [
            -73.9758,
            40.74896
          ],
          [
            -73.97548,
            40.74939
          ],
          [
            -73.97545,
            40.74944
          ],
          [
            -73.9754,
            40.7495
          ],
          [
            -73.97537,
            40.74955
          ],
          [
            -73.97534,
            40.74958
          ],
          [
            -73.97524,
            40.74972
          ],
          [
            -73.97503,
            40.75001
          ],
          [
            -73.975,
            40.75005
          ],
          [
            -73.97495,
            40.75012
          ],
          [
            -73.97491,
            40.75017
          ],
          [
            -73.9749,
            40.7502
          ],
          [
            -73.97478,
            40.75035
          ],
          [
            -73.97457,
            40.75063
          ],
          [
            -73.97454,
            40.75068
          ],
          [
            -73.97447,
            40.75077
          ],
          [
            -73.9744,
            40.75088
          ],
          [
            -73.97422,
            40.75113
          ],
          [
            -73.97422,
            40.75113
          ],
          [
            -73.97422,
            40.75113
          ],
          [
            -73.97417,
            40.75118
          ],
          [
            -73.97402,
            40.75139
          ],
          [
            -73.97397,
            40.75146
          ],
          [
            -73.97393,
            40.75151
          ],
          [
            -73.97357,
            40.75202
          ],
          [
            -73.97352,
            40.75208
          ],
          [
            -73.97348,
            40.75213
          ],
          [
            -73.97337,
            40.75229
          ],
          [
            -73.97311,
            40.75264
          ],
          [
            -73.97306,
            40.7527
          ],
          [
            -73.97302,
            40.75276
          ],
          [
            -73.97265,
            40.75327
          ],
          [
            -73.9726,
            40.75333
          ],
          [
            -73.97256,
            40.75339
          ],
          [
            -73.97219,
            40.7539
          ],
          [
            -73.97215,
            40.75395
          ],
          [
            -73.97211,
            40.75402
          ],
          [
            -73.97191,
            40.75429
          ],
          [
            -73.97174,
            40.75452
          ],
          [
            -73.97169,
            40.75458
          ],
          [
            -73.97164,
            40.75465
          ],
          [
            -73.97146,
            40.7549
          ],
          [
            -73.97128,
            40.75515
          ],
          [
            -73.97124,
            40.75521
          ],
          [
            -73.97119,
            40.75526
          ],
          [
            -73.97099,
            40.75554
          ],
          [
            -73.97099,
            40.75554
          ],
          [
            -73.97099,
            40.75554
          ],
          [
            -73.97082,
            40.75578
          ],
          [
            -73.97078,
            40.75583
          ],
          [
            -73.97073,
            40.7559
          ],
          [
            -73.97058,
            40.7561
          ],
          [
            -73.97037,
            40.75639
          ],
          [
            -73.97032,
            40.75646
          ],
          [
            -73.97019,
            40.75664
          ],
          [
            -73.9699,
            40.75703
          ],
          [
            -73.96985,
            40.7571
          ],
          [
            -73.96982,
            40.75714
          ],
          [
            -73.96945,
            40.75765
          ],
          [
            -73.96941,
            40.75771
          ],
          [
            -73.96936,
            40.75777
          ],
          [
            -73.969,
            40.75827
          ],
          [
            -73.96895,
            40.75834
          ],
          [
            -73.96891,
            40.7584
          ],
          [
            -73.96854,
            40.75889
          ],
          [
            -73.96849,
            40.75896
          ],
          [
            -73.96849,
            40.75896
          ],
          [
            -73.96846,
            40.75903
          ],
          [
            -73.96833,
            40.75924
          ],
          [
            -73.96811,
            40.75954
          ],
          [
            -73.96806,
            40.7596
          ],
          [
            -73.96802,
            40.75966
          ],
          [
            -73.96774,
            40.76005
          ],
          [
            -73.96765,
            40.76018
          ],
          [
            -73.96758,
            40.76028
          ],
          [
            -73.9675,
            40.76037
          ],
          [
            -73.96746,
            40.76043
          ],
          [
            -73.9672,
            40.76076
          ],
          [
            -73.96709,
            40.76088
          ],
          [
            -73.96704,
            40.76094
          ],
          [
            -73.967,
            40.76099
          ],
          [
            -73.96677,
            40.7613
          ],
          [
            -73.96663,
            40.7615
          ],
          [
            -73.96659,
            40.76156
          ],
          [
            -73.96655,
            40.76162
          ],
          [
            -73.96617,
            40.76213
          ],
          [
            -73.96613,
            40.7622
          ],
          [
            -73.96609,
            40.76224
          ],
          [
            -73.96599,
            40.76239
          ],
          [
            -73.96584,
            40.76258
          ],
          [
            -73.96583,
            40.7626
          ],
          [
            -73.96583,
            40.7626
          ],
          [
            -73.96583,
            40.7626
          ],
          [
            -73.96575,
            40.7627
          ],
          [
            -73.96571,
            40.76275
          ],
          [
            -73.96567,
            40.76281
          ],
          [
            -73.96563,
            40.76287
          ],
          [
            -73.96526,
            40.76337
          ],
          [
            -73.96521,
            40.76343
          ],
          [
            -73.96517,
            40.76349
          ],
          [
            -73.9648,
            40.764
          ],
          [
            -73.96476,
            40.76406
          ],
          [
            -73.96471,
            40.76412
          ],
          [
            -73.96434,
            40.76463
          ],
          [
            -73.9643,
            40.76468
          ],
          [
            -73.96426,
            40.76474
          ],
          [
            -73.96388,
            40.76525
          ],
          [
            -73.96384,
            40.76531
          ],
          [
            -73.9638,
            40.76537
          ],
          [
            -73.96377,
            40.76541
          ],
          [
            -73.96348,
            40.76581
          ],
          [
            -73.96345,
            40.76585
          ],
          [
            -73.96343,
            40.76588
          ],
          [
            -73.96339,
            40.76594
          ],
          [
            -73.96335,
            40.76599
          ],
          [
            -73.96297,
            40.76651
          ],
          [
            -73.96293,
            40.76656
          ],
          [
            -73.96289,
            40.76661
          ],
          [
            -73.96252,
            40.76712
          ],
          [
            -73.96252,
            40.76712
          ],
          [
            -73.96252,
            40.76712
          ],
          [
            -73.96251,
            40.76713
          ],
          [
            -73.96247,
            40.76719
          ],
          [
            -73.96243,
            40.76725
          ],
          [
            -73.96235,
            40.76735
          ],
          [
            -73.96206,
            40.76776
          ],
          [
            -73.96202,
            40.76781
          ],
          [
            -73.96197,
            40.76788
          ],
          [
            -73.96161,
            40.76839
          ],
          [
            -73.96158,
            40.76844
          ],
          [
            -73.96153,
            40.7685
          ],
          [
            -73.96116,
            40.76901
          ],
          [
            -73.96111,
            40.76908
          ],
          [
            -73.96108,
            40.76912
          ],
          [
            -73.96098,
            40.76925
          ],
          [
            -73.96067,
            40.76966
          ],
          [
            -73.9606,
            40.76975
          ],
          [
            -73.96053,
            40.76985
          ],
          [
            -73.96035,
            40.7701
          ],
          [
            -73.96035,
            40.7701
          ],
          [
            -73.96035,
            40.7701
          ],
          [
            -73.96015,
            40.77038
          ],
          [
            -73.9601,
            40.77043
          ],
          [
            -73.96006,
            40.77049
          ],
          [
            -73.95969,
            40.77102
          ],
          [
            -73.95965,
            40.77107
          ],
          [
            -73.95961,
            40.77113
          ],
          [
            -73.95951,
            40.77126
          ],
          [
            -73.95922,
            40.77164
          ],
          [
            -73.9592,
            40.77167
          ],
          [
            -73.95918,
            40.7717
          ],
          [
            -73.95914,
            40.77175
          ],
          [
            -73.95903,
            40.7719
          ],
          [
            -73.95876,
            40.77228
          ],
          [
            -73.95871,
            40.77234
          ],
          [
            -73.95868,
            40.77239
          ],
          [
            -73.9583,
            40.77292
          ],
          [
            -73.95826,
            40.77298
          ],
          [
            -73.95822,
            40.77303
          ],
          [
            -73.95784,
            40.77356
          ],
          [
            -73.9578,
            40.7736
          ],
          [
            -73.95776,
            40.77366
          ],
          [
            -73.95765,
            40.77381
          ],
          [
            -73.95736,
            40.7742
          ],
          [
            -73.95729,
            40.77429
          ],
          [
            -73.95722,
            40.77438
          ],
          [
            -73.95704,
            40.77463
          ],
          [
            -73.95704,
            40.77463
          ],
          [
            -73.95704,
            40.77463
          ],
          [
            -73.95684,
            40.77491
          ],
          [
            -73.9568,
            40.77497
          ],
          [
            -73.95675,
            40.77503
          ],
          [
            -73.95637,
            40.77555
          ],
          [
            -73.95634,
            40.77559
          ],
          [
            -73.95629,
            40.77566
          ],
          [
            -73.95591,
            40.77618
          ],
          [
            -73.95587,
            40.77624
          ],
          [
            -73.95582,
            40.7763
          ],
          [
            -73.95545,
            40.77682
          ],
          [
            -73.95541,
            40.77687
          ],
          [
            -73.95537,
            40.77693
          ],
          [
            -73.95498,
            40.77745
          ],
          [
            -73.95494,
            40.77751
          ],
          [
            -73.95489,
            40.77757
          ],
          [
            -73.95452,
            40.77809
          ],
          [
            -73.95448,
            40.77814
          ],
          [
            -73.95443,
            40.7782
          ],
          [
            -73.95427,
            40.77842
          ],
          [
            -73.95423,
            40.77849
          ],
          [
            -73.95423,
            40.77849
          ],
          [
            -73.95423,
            40.77849
          ],
          [
            -73.95405,
            40.77873
          ],
          [
            -73.95398,
            40.77883
          ],
          [
            -73.95391,
            40.77892
          ],
          [
            -73.95381,
            40.77906
          ],
          [
            -73.95353,
            40.77944
          ],
          [
            -73.95349,
            40.7795
          ],
          [
            -73.95344,
            40.77956
          ],
          [
            -73.95307,
            40.78007
          ],
          [
            -73.95303,
            40.78013
          ],
          [
            -73.95299,
            40.78018
          ],
          [
            -73.95261,
            40.7807
          ],
          [
            -73.95257,
            40.78075
          ],
          [
            -73.95253,
            40.78081
          ],
          [
            -73.95215,
            40.78133
          ],
          [
            -73.95212,
            40.78138
          ],
          [
            -73.95207,
            40.78144
          ],
          [
            -73.95169,
            40.78196
          ],
          [
            -73.95165,
            40.78201
          ],
          [
            -73.95161,
            40.78207
          ],
          [
            -73.95145,
            40.78229
          ],
          [
            -73.95123,
            40.78258
          ],
          [
            -73.9512,
            40.78263
          ],
          [
            -73.95115,
            40.78269
          ],
          [
            -73.95079,
            40.78321
          ],
          [
            -73.95075,
            40.78327
          ],
          [
            -73.95071,
            40.78333
          ],
          [
            -73.95034,
            40.78385
          ],
          [
            -73.9503,
            40.78391
          ],
          [
            -73.95026,
            40.78396
          ],
          [
            -73.94987,
            40.78448
          ],
          [
            -73.94984,
            40.78453
          ],
          [
            -73.94979,
            40.78458
          ],
          [
            -73.9494,
            40.78511
          ],
          [
            -73.94933,
            40.7852
          ],
          [
            -73.94925,
            40.7853
          ],
          [
            -73.94888,
            40.78582
          ],
          [
            -73.94883,
            40.78589
          ],
          [
            -73.94883,
            40.78589
          ],
          [
            -73.94869,
            40.78584
          ],
          [
            -73.94867,
            40.78583
          ],
          [
            -73.94867,
            40.78583
          ],
          [
            -73.94867,
            40.78583
          ],
          [
            -73.94869,
            40.78584
          ],
          [
            -73.94883,
            40.78589
          ],
          [
            -73.94883,
            40.78589
          ],
          [
            -73.94878,
            40.78596
          ],
          [
            -73.94844,
            40.78644
          ],
          [
            -73.94839,
            40.7865
          ],
          [
            -73.94834,
            40.78656
          ],
          [
            -73.94802,
            40.787
          ],
          [
            -73.94797,
            40.78706
          ],
          [
            -73.94792,
            40.78712
          ],
          [
            -73.94787,
            40.78719
          ],
          [
            -73.94772,
            40.7874
          ],
          [
            -73.9475,
            40.7877
          ],
          [
            -73.94746,
            40.78775
          ],
          [
            -73.94742,
            40.78781
          ],
          [
            -73.94733,
            40.78793
          ],
          [
            -73.94733,
            40.78793
          ],
          [
            -73.94733,
            40.78793
          ],
          [
            -73.94709,
            40.78826
          ],
          [
            -73.94704,
            40.78833
          ],
          [
            -73.947,
            40.78839
          ],
          [
            -73.94696,
            40.78845
          ],
          [
            -73.9466,
            40.78893
          ],
          [
            -73.94655,
            40.789
          ],
          [
            -73.9465,
            40.78907
          ],
          [
            -73.94612,
            40.78959
          ],
          [
            -73.94609,
            40.78964
          ],
          [
            -73.94604,
            40.78971
          ],
          [
            -73.94568,
            40.79019
          ],
          [
            -73.94564,
            40.79025
          ],
          [
            -73.94558,
            40.79033
          ],
          [
            -73.94521,
            40.79085
          ],
          [
            -73.94517,
            40.79089
          ],
          [
            -73.94513,
            40.79095
          ],
          [
            -73.94475,
            40.79147
          ],
          [
            -73.94468,
            40.79157
          ],
          [
            -73.94461,
            40.79167
          ],
          [
            -73.94443,
            40.79192
          ],
          [
            -73.94443,
            40.79192
          ],
          [
            -73.94443,
            40.79192
          ],
          [
            -73.94422,
            40.7922
          ],
          [
            -73.94418,
            40.79225
          ],
          [
            -73.94414,
            40.79231
          ],
          [
            -73.94383,
            40.79272
          ],
          [
            -73.94376,
            40.79282
          ],
          [
            -73.94372,
            40.79288
          ],
          [
            -73.94369,
            40.79292
          ],
          [
            -73.94332,
            40.79343
          ],
          [
            -73.94327,
            40.7935
          ],
          [
            -73.94322,
            40.79356
          ],
          [
            -73.94306,
            40.79378
          ],
          [
            -73.94284,
            40.79409
          ],
          [
            -73.94281,
            40.79413
          ],
          [
            -73.94276,
            40.79419
          ],
          [
            -73.94239,
            40.79471
          ],
          [
            -73.94235,
            40.79476
          ],
          [
            -73.9423,
            40.79482
          ],
          [
            -73.94193,
            40.79534
          ],
          [
            -73.94188,
            40.79541
          ],
          [
            -73.94182,
            40.79548
          ],
          [
            -73.94145,
            40.79598
          ],
          [
            -73.94137,
            40.7961
          ],
          [
            -73.9412,
            40.79634
          ],
          [
            -73.94098,
            40.79663
          ],
          [
            -73.94057,
            40.7972
          ],
          [
            -73.94052,
            40.79727
          ],
          [
            -73.94047,
            40.79733
          ],
          [
            -73.94011,
            40.79783
          ],
          [
            -73.94011,
            40.79783
          ],
          [
            -73.94011,
            40.79783
          ],
          [
            -73.94009,
            40.79786
          ],
          [
            -73.94003,
            40.79794
          ],
          [
            -73.93995,
            40.79804
          ],
          [
            -73.93956,
            40.79857
          ],
          [
            -73.93952,
            40.79863
          ],
          [
            -73.93948,
            40.79868
          ],
          [
            -73.9391,
            40.7992
          ],
          [
            -73.93906,
            40.79925
          ],
          [
            -73.93902,
            40.79931
          ],
          [
            -73.93865,
            40.79983
          ],
          [
            -73.93864,
            40.79983
          ],
          [
            -73.9386,
            40.79989
          ],
          [
            -73.93857,
            40.79994
          ],
          [
            -73.93856,
            40.79994
          ],
          [
            -73.93819,
            40.80046
          ],
          [
            -73.93816,
            40.8005
          ],
          [
            -73.93811,
            40.80056
          ],
          [
            -73.9381,
            40.80058
          ],
          [
            -73.93773,
            40.80109
          ],
          [
            -73.93769,
            40.80114
          ],
          [
            -73.93765,
            40.8012
          ],
          [
            -73.93727,
            40.80172
          ],
          [
            -73.93724,
            40.80177
          ],
          [
            -73.93719,
            40.80183
          ],
          [
            -73.93681,
            40.80234
          ],
          [
            -73.93677,
            40.8024
          ],
          [
            -73.93673,
            40.80246
          ],
          [
            -73.93635,
            40.80298
          ],
          [
            -73.93631,
            40.80303
          ],
          [
            -73.93627,
            40.80309
          ],
          [
            -73.93616,
            40.80324
          ],
          [
            -73.9359,
            40.80361
          ],
          [
            -73.93583,
            40.80371
          ],
          [
            -73.93583,
            40.80371
          ],
          [
            -73.93596,
            40.80376
          ],
          [
            -73.93626,
            40.80389
          ],
          [
            -73.93626,
            40.80389
          ],
          [
            -73.93626,
            40.80389
          ],
          [
            -73.9363,
            40.80391
          ],
          [
            -73.93652,
            40.804
          ],
          [
            -73.93673,
            40.80409
          ],
          [
            -73.93685,
            40.80414
          ],
          [
            -73.93735,
            40.80435
          ],
          [
            -73.93743,
            40.80438
          ],
          [
            -73.93753,
            40.80442
          ],
          [
            -73.9378,
            40.80454
          ],
          [
            -73.9378,
            40.80454
          ],
          [
            -73.9378,
            40.80454
          ],
          [
            -73.93788,
            40.80457
          ],
          [
            -73.93858,
            40.80487
          ],
          [
            -73.93885,
            40.80498
          ],
          [
            -73.93889,
            40.805
          ],
          [
            -73.93904,
            40.80506
          ],
          [
            -73.93918,
            40.80512
          ],
          [
            -73.93924,
            40.80515
          ],
          [
            -73.93951,
            40.80526
          ],
          [
            -73.93951,
            40.80526
          ],
          [
            -73.93951,
            40.80526
          ],
          [
            -73.9397,
            40.80534
          ],
          [
            -73.94013,
            40.80552
          ],
          [
            -73.94027,
            40.80558
          ],
          [
            -73.94055,
            40.8057
          ],
          [
            -73.94064,
            40.80574
          ],
          [
            -73.94076,
            40.80579
          ],
          [
            -73.941,
            40.80589
          ],
          [
            -73.94105,
            40.80591
          ],
          [
            -73.94105,
            40.80591
          ],
          [
            -73.94105,
            40.80591
          ],
          [
            -73.94183,
            40.80624
          ],
          [
            -73.94191,
            40.80627
          ],
          [
            -73.94217,
            40.80638
          ],
          [
            -73.94227,
            40.80642
          ],
          [
            -73.94237,
            40.80646
          ],
          [
            -73.94247,
            40.8065
          ],
          [
            -73.94247,
            40.8065
          ],
          [
            -73.94247,
            40.8065
          ],
          [
            -73.9426,
            40.80656
          ],
          [
            -73.94269,
            40.8066
          ],
          [
            -73.94378,
            40.80706
          ],
          [
            -73.94383,
            40.80708
          ],
          [
            -73.94389,
            40.8071
          ],
          [
            -73.94425,
            40.80726
          ],
          [
            -73.94481,
            40.80749
          ],
          [
            -73.94533,
            40.80771
          ],
          [
            -73.94541,
            40.80775
          ],
          [
            -73.94557,
            40.80781
          ],
          [
            -73.94567,
            40.80785
          ],
          [
            -73.94599,
            40.80799
          ],
          [
            -73.94599,
            40.80799
          ],
          [
            -73.94599,
            40.80799
          ],
          [
            -73.94686,
            40.80836
          ],
          [
            -73.94691,
            40.80838
          ],
          [
            -73.94696,
            40.8084
          ],
          [
            -73.94769,
            40.80871
          ],
          [
            -73.94801,
            40.80884
          ],
          [
            -73.94813,
            40.80889
          ],
          [
            -73.94825,
            40.80894
          ],
          [
            -73.9484,
            40.80901
          ],
          [
            -73.94853,
            40.80906
          ],
          [
            -73.94882,
            40.80918
          ],
          [
            -73.94882,
            40.80918
          ],
          [
            -73.94882,
            40.80918
          ],
          [
            -73.94973,
            40.80957
          ],
          [
            -73.94979,
            40.80959
          ],
          [
            -73.94987,
            40.80962
          ],
          [
            -73.95105,
            40.81012
          ],
          [
            -73.95118,
            40.81018
          ],
          [
            -73.95131,
            40.81023
          ],
          [
            -73.95163,
            40.81036
          ],
          [
            -73.95163,
            40.81036
          ],
          [
            -73.95163,
            40.81036
          ],
          [
            -73.95176,
            40.81042
          ],
          [
            -73.95188,
            40.81047
          ],
          [
            -73.95219,
            40.8106
          ],
          [
            -73.95246,
            40.81071
          ],
          [
            -73.95259,
            40.81077
          ],
          [
            -73.95273,
            40.81083
          ],
          [
            -73.95304,
            40.81096
          ],
          [
            -73.95304,
            40.81096
          ],
          [
            -73.95304,
            40.81096
          ],
          [
            -73.95317,
            40.81101
          ],
          [
            -73.95358,
            40.81118
          ],
          [
            -73.95389,
            40.81132
          ],
          [
            -73.95401,
            40.81137
          ],
          [
            -73.95414,
            40.81142
          ],
          [
            -73.95469,
            40.81166
          ],
          [
            -73.95475,
            40.81168
          ],
          [
            -73.9548,
            40.81171
          ],
          [
            -73.95483,
            40.81173
          ],
          [
            -73.95489,
            40.8118
          ],
          [
            -73.95497,
            40.81188
          ],
          [
            -73.955,
            40.81191
          ],
          [
            -73.955,
            40.81192
          ],
          [
            -73.95509,
            40.81201
          ],
          [
            -73.95522,
            40.81216
          ],
          [
            -73.95528,
            40.81223
          ],
          [
            -73.95574,
            40.81276
          ],
          [
            -73.95618,
            40.81328
          ],
          [
            -73.95627,
            40.81338
          ],
          [
            -73.95627,
            40.81338
          ],
          [
            -73.95618,
            40.8135
          ],
          [
            -73.9561,
            40.81362
          ],
          [
            -73.95597,
            40.81379
          ],
          [
            -73.95597,
            40.81379
          ],
          [
            -73.95597,
            40.81379
          ],
          [
            -73.95579,
            40.81402
          ],
          [
            -73.95576,
            40.81406
          ],
          [
            -73.9557,
            40.81414
          ],
          [
            -73.95565,
            40.81421
          ],
          [
            -73.95549,
            40.81442
          ],
          [
            -73.95544,
            40.81448
          ],
          [
            -73.9554,
            40.81454
          ],
          [
            -73.95524,
            40.81477
          ],
          [
            -73.95504,
            40.81506
          ],
          [
            -73.955,
            40.81511
          ],
          [
            -73.95496,
            40.81516
          ],
          [
            -73.95496,
            40.81516
          ],
          [
            -73.95496,
            40.81516
          ],
          [
            -73.95495,
            40.81517
          ],
          [
            -73.95466,
            40.81558
          ],
          [
            -73.95458,
            40.81569
          ],
          [
            -73.95454,
            40.81574
          ],
          [
            -73.9545,
            40.81579
          ],
          [
            -73.95411,
            40.81631
          ],
          [
            -73.95408,
            40.81636
          ],
          [
            -73.95402,
            40.81643
          ],
          [
            -73.95382,
            40.81671
          ],
          [
            -73.95382,
            40.81671
          ],
          [
            -73.95382,
            40.81671
          ],
          [
            -73.95379,
            40.81676
          ],
          [
            -73.95322,
            40.81753
          ],
          [
            -73.95318,
            40.81759
          ],
          [
            -73.95312,
            40.81767
          ],
          [
            -73.95298,
            40.81787
          ],
          [
            -73.95298,
            40.81787
          ],
          [
            -73.95298,
            40.81787
          ],
          [
            -73.95295,
            40.81792
          ],
          [
            -73.95277,
            40.81817
          ],
          [
            -73.95272,
            40.81823
          ],
          [
            -73.95269,
            40.81827
          ],
          [
            -73.95244,
            40.81861
          ],
          [
            -73.95227,
            40.81886
          ],
          [
            -73.95226,
            40.81887
          ],
          [
            -73.95221,
            40.81893
          ],
          [
            -73.95217,
            40.81899
          ],
          [
            -73.95216,
            40.81901
          ],
          [
            -73.9519,
            40.81934
          ],
          [
            -73.9519,
            40.81934
          ],
          [
            -73.9519,
            40.81934
          ],
          [
            -73.95178,
            40.81951
          ],
          [
            -73.95173,
            40.81957
          ],
          [
            -73.95168,
            40.81964
          ],
          [
            -73.9513,
            40.82016
          ],
          [
            -73.95087,
            40.82075
          ],
          [
            -73.95081,
            40.82082
          ],
          [
            -73.95078,
            40.82087
          ],
          [
            -73.95064,
            40.82107
          ],
          [
            -73.95064,
            40.82107
          ],
          [
            -73.95064,
            40.82107
          ],
          [
            -73.9504,
            40.82139
          ],
          [
            -73.95036,
            40.82144
          ],
          [
            -73.95032,
            40.82151
          ],
          [
            -73.94995,
            40.82201
          ],
          [
            -73.94991,
            40.82206
          ],
          [
            -73.94986,
            40.82213
          ],
          [
            -73.94965,
            40.82242
          ],
          [
            -73.94965,
            40.82242
          ],
          [
            -73.94965,
            40.82242
          ],
          [
            -73.9495,
            40.82263
          ],
          [
            -73.94946,
            40.82268
          ],
          [
            -73.94941,
            40.82275
          ],
          [
            -73.94904,
            40.82326
          ],
          [
            -73.94899,
            40.82332
          ],
          [
            -73.94895,
            40.82337
          ],
          [
            -73.94858,
            40.82389
          ],
          [
            -73.94854,
            40.82394
          ],
          [
            -73.9485,
            40.82399
          ],
          [
            -73.94831,
            40.82426
          ],
          [
            -73.94831,
            40.82426
          ],
          [
            -73.94831,
            40.82426
          ],
          [
            -73.94812,
            40.82451
          ],
          [
            -73.94809,
            40.82455
          ],
          [
            -73.94804,
            40.82462
          ],
          [
            -73.94767,
            40.82514
          ],
          [
            -73.9476,
            40.82524
          ],
          [
            -73.94752,
            40.82534
          ],
          [
            -73.9473,
            40.82564
          ],
          [
            -73.9473,
            40.82564
          ],
          [
            -73.9473,
            40.82564
          ],
          [
            -73.94714,
            40.82585
          ],
          [
            -73.94711,
            40.8259
          ],
          [
            -73.94706,
            40.82596
          ],
          [
            -73.94669,
            40.82648
          ],
          [
            -73.94665,
            40.82653
          ],
          [
            -73.94661,
            40.82659
          ],
          [
            -73.94623,
            40.8271
          ],
          [
            -73.94619,
            40.82715
          ],
          [
            -73.94615,
            40.82721
          ],
          [
            -73.9458,
            40.82768
          ],
          [
            -73.9458,
            40.82768
          ],
          [
            -73.9458,
            40.82768
          ],
          [
            -73.94577,
            40.82773
          ],
          [
            -73.94573,
            40.82778
          ],
          [
            -73.94569,
            40.82784
          ],
          [
            -73.94532,
            40.82835
          ],
          [
            -73.94528,
            40.8284
          ],
          [
            -73.94524,
            40.82846
          ],
          [
            -73.94511,
            40.82863
          ],
          [
            -73.94509,
            40.82866
          ],
          [
            -73.945,
            40.82878
          ],
          [
            -73.94487,
            40.82897
          ],
          [
            -73.94483,
            40.82902
          ],
          [
            -73.9448,
            40.82906
          ],
          [
            -73.94441,
            40.82959
          ],
          [
            -73.94437,
            40.82964
          ],
          [
            -73.94433,
            40.8297
          ],
          [
            -73.94416,
            40.82993
          ],
          [
            -73.94416,
            40.82993
          ],
          [
            -73.94416,
            40.82993
          ],
          [
            -73.94409,
            40.83003
          ],
          [
            -73.94396,
            40.83021
          ],
          [
            -73.94391,
            40.83027
          ],
          [
            -73.94388,
            40.83032
          ],
          [
            -73.9435,
            40.83084
          ],
          [
            -73.94346,
            40.83089
          ],
          [
            -73.94342,
            40.83095
          ],
          [
            -73.94305,
            40.83146
          ],
          [
            -73.94297,
            40.83157
          ],
          [
            -73.9429,
            40.83166
          ],
          [
            -73.94287,
            40.8317
          ],
          [
            -73.94287,
            40.8317
          ],
          [
            -73.94287,
            40.8317
          ],
          [
            -73.94252,
            40.83218
          ],
          [
            -73.94248,
            40.83223
          ],
          [
            -73.94244,
            40.83229
          ],
          [
            -73.94206,
            40.83281
          ],
          [
            -73.94201,
            40.83288
          ],
          [
            -73.94198,
            40.83292
          ],
          [
            -73.94161,
            40.83343
          ],
          [
            -73.94157,
            40.83348
          ],
          [
            -73.94152,
            40.83355
          ],
          [
            -73.94144,
            40.83366
          ],
          [
            -73.94144,
            40.83366
          ],
          [
            -73.94144,
            40.83366
          ],
          [
            -73.94115,
            40.83406
          ],
          [
            -73.94111,
            40.83411
          ],
          [
            -73.94106,
            40.83417
          ],
          [
            -73.94069,
            40.83467
          ],
          [
            -73.94065,
            40.83473
          ],
          [
            -73.94061,
            40.83479
          ],
          [
            -73.94026,
            40.83527
          ],
          [
            -73.94026,
            40.83527
          ],
          [
            -73.94026,
            40.83527
          ],
          [
            -73.94024,
            40.8353
          ],
          [
            -73.9402,
            40.83536
          ],
          [
            -73.94016,
            40.83542
          ],
          [
            -73.94006,
            40.83556
          ],
          [
            -73.93993,
            40.83576
          ],
          [
            -73.93988,
            40.83582
          ],
          [
            -73.93984,
            40.83589
          ],
          [
            -73.93981,
            40.83593
          ],
          [
            -73.93971,
            40.83607
          ],
          [
            -73.93956,
            40.83628
          ],
          [
            -73.93939,
            40.83651
          ],
          [
            -73.93934,
            40.83658
          ],
          [
            -73.93929,
            40.83664
          ],
          [
            -73.93889,
            40.83719
          ],
          [
            -73.93886,
            40.83724
          ],
          [
            -73.93881,
            40.8373
          ],
          [
            -73.93866,
            40.8375
          ],
          [
            -73.93866,
            40.8375
          ],
          [
            -73.93866,
            40.8375
          ],
          [
            -73.93862,
            40.83755
          ],
          [
            -73.9384,
            40.83782
          ],
          [
            -73.93835,
            40.83788
          ],
          [
            -73.93827,
            40.838
          ],
          [
            -73.93818,
            40.83812
          ],
          [
            -73.93805,
            40.8383
          ],
          [
            -73.93791,
            40.83849
          ],
          [
            -73.93783,
            40.83861
          ],
          [
            -73.93777,
            40.83868
          ],
          [
            -73.93775,
            40.83871
          ],
          [
            -73.93773,
            40.83874
          ],
          [
            -73.93756,
            40.83899
          ],
          [
            -73.93753,
            40.83902
          ],
          [
            -73.93739,
            40.83922
          ],
          [
            -73.93736,
            40.83927
          ],
          [
            -73.93735,
            40.83928
          ],
          [
            -73.93734,
            40.8393
          ],
          [
            -73.93721,
            40.83946
          ],
          [
            -73.93717,
            40.83951
          ],
          [
            -73.93703,
            40.8397
          ],
          [
            -73.93703,
            40.8397
          ],
          [
            -73.93703,
            40.8397
          ],
          [
            -73.93696,
            40.8398
          ],
          [
            -73.93691,
            40.83986
          ],
          [
            -73.93685,
            40.83994
          ],
          [
            -73.93678,
            40.84003
          ],
          [
            -73.93667,
            40.84019
          ],
          [
            -73.9365,
            40.84042
          ],
          [
            -73.93646,
            40.84048
          ],
          [
            -73.93642,
            40.84053
          ],
          [
            -73.93631,
            40.84068
          ],
          [
            -73.93608,
            40.84099
          ],
          [
            -73.93604,
            40.84106
          ],
          [
            -73.93601,
            40.84109
          ],
          [
            -73.93598,
            40.84114
          ],
          [
            -73.9358,
            40.84138
          ],
          [
            -73.93565,
            40.84158
          ],
          [
            -73.9356,
            40.84165
          ],
          [
            -73.93557,
            40.8417
          ],
          [
            -73.93553,
            40.84175
          ],
          [
            -73.93538,
            40.84195
          ],
          [
            -73.93534,
            40.84201
          ],
          [
            -73.93534,
            40.84201
          ],
          [
            -73.93534,
            40.84201
          ],
          [
            -73.93516,
            40.84225
          ],
          [
            -73.93512,
            40.8423
          ],
          [
            -73.93509,
            40.84235
          ],
          [
            -73.93503,
            40.84244
          ],
          [
            -73.93488,
            40.84265
          ],
          [
            -73.93473,
            40.84288
          ],
          [
            -73.93468,
            40.84294
          ],
          [
            -73.93462,
            40.84302
          ],
          [
            -73.93452,
            40.84315
          ],
          [
            -73.93452,
            40.84315
          ],
          [
            -73.93452,
            40.84315
          ],
          [
            -73.93442,
            40.8433
          ],
          [
            -73.93425,
            40.84352
          ],
          [
            -73.93421,
            40.84358
          ],
          [
            -73.93416,
            40.84365
          ],
          [
            -73.93398,
            40.84389
          ],
          [
            -73.9338,
            40.84414
          ],
          [
            -73.93372,
            40.84425
          ],
          [
            -73.93365,
            40.84435
          ],
          [
            -73.93328,
            40.84486
          ],
          [
            -73.93324,
            40.84491
          ],
          [
            -73.9332,
            40.84496
          ],
          [
            -73.93304,
            40.84518
          ],
          [
            -73.93304,
            40.84518
          ],
          [
            -73.93304,
            40.84518
          ],
          [
            -73.93284,
            40.84546
          ],
          [
            -73.93283,
            40.84548
          ],
          [
            -73.93278,
            40.84554
          ],
          [
            -73.93275,
            40.84559
          ],
          [
            -73.93238,
            40.84609
          ],
          [
            -73.93233,
            40.84616
          ],
          [
            -73.93228,
            40.84623
          ],
          [
            -73.93208,
            40.8465
          ],
          [
            -73.93189,
            40.84675
          ],
          [
            -73.93185,
            40.84681
          ],
          [
            -73.93181,
            40.84687
          ],
          [
            -73.93168,
            40.84704
          ],
          [
            -73.93168,
            40.84704
          ],
          [
            -73.93168,
            40.84704
          ],
          [
            -73.93162,
            40.84713
          ],
          [
            -73.93144,
            40.84738
          ],
          [
            -73.9314,
            40.84743
          ],
          [
            -73.93135,
            40.84749
          ],
          [
            -73.93117,
            40.84774
          ],
          [
            -73.93117,
            40.84775
          ],
          [
            -73.93111,
            40.84782
          ],
          [
            -73.93096,
            40.84803
          ],
          [
            -73.93088,
            40.84814
          ],
          [
            -73.93082,
            40.84822
          ],
          [
            -73.93079,
            40.84825
          ],
          [
            -73.9307,
            40.84839
          ],
          [
            -73.9307,
            40.84839
          ],
          [
            -73.93069,
            40.84839
          ],
          [
            -73.93062,
            40.8485
          ],
          [
            -73.93051,
            40.84864
          ],
          [
            -73.93047,
            40.8487
          ],
          [
            -73.93043,
            40.84876
          ],
          [
            -73.9304,
            40.8488
          ],
          [
            -73.93031,
            40.84892
          ],
          [
            -73.93008,
            40.84923
          ],
          [
            -73.93004,
            40.84929
          ],
          [
            -73.93002,
            40.84932
          ],
          [
            -73.92996,
            40.84939
          ],
          [
            -73.92976,
            40.84966
          ],
          [
            -73.92974,
            40.84971
          ],
          [
            -73.92971,
            40.84975
          ],
          [
            -73.92968,
            40.84983
          ],
          [
            -73.92968,
            40.84983
          ],
          [
            -73.92968,
            40.84983
          ],
          [
            -73.92964,
            40.84992
          ],
          [
            -73.92962,
            40.84995
          ],
          [
            -73.9296,
            40.84998
          ],
          [
            -73.92925,
            40.85045
          ],
          [
            -73.9292,
            40.85053
          ],
          [
            -73.92916,
            40.85057
          ],
          [
            -73.9289,
            40.85093
          ],
          [
            -73.92871,
            40.85113
          ],
          [
            -73.92865,
            40.85119
          ],
          [
            -73.92862,
            40.85124
          ],
          [
            -73.92841,
            40.85152
          ],
          [
            -73.92825,
            40.85174
          ],
          [
            -73.92821,
            40.8518
          ],
          [
            -73.92816,
            40.85187
          ],
          [
            -73.92811,
            40.85193
          ],
          [
            -73.92789,
            40.85223
          ],
          [
            -73.92789,
            40.85223
          ],
          [
            -73.92789,
            40.85223
          ],
          [
            -73.92774,
            40.85243
          ],
          [
            -73.9277,
            40.8525
          ],
          [
            -73.92766,
            40.85255
          ],
          [
            -73.92749,
            40.85278
          ],
          [
            -73.92739,
            40.85292
          ],
          [
            -73.92728,
            40.85306
          ],
          [
            -73.92724,
            40.85312
          ],
          [
            -73.9272,
            40.85317
          ],
          [
            -73.92686,
            40.85364
          ],
          [
            -73.92681,
            40.85372
          ],
          [
            -73.92675,
            40.8538
          ],
          [
            -73.92663,
            40.85396
          ],
          [
            -73.92663,
            40.85396
          ],
          [
            -73.92663,
            40.85396
          ],
          [
            -73.92591,
            40.85494
          ],
          [
            -73.92514,
            40.85597
          ],
          [
            -73.92486,
            40.85637
          ],
          [
            -73.92486,
            40.85637
          ],
          [
            -73.92474,
            40.85657
          ],
          [
            -73.92465,
            40.85678
          ],
          [
            -73.92463,
            40.85697
          ],
          [
            -73.92465,
            40.85716
          ],
          [
            -73.9247,
            40.85731
          ],
          [
            -73.92477,
            40.85745
          ],
          [
            -73.92484,
            40.8576
          ],
          [
            -73.92493,
            40.85776
          ],
          [
            -73.92497,
            40.85782
          ],
          [
            -73.92503,
            40.8579
          ],
          [
            -73.92508,
            40.85796
          ],
          [
            -73.9252,
            40.85807
          ],
          [
            -73.92531,
            40.85812
          ],
          [
            -73.9254,
            40.85816
          ],
          [
            -73.92546,
            40.85818
          ],
          [
            -73.92552,
            40.8582
          ],
          [
            -73.92561,
            40.85822
          ],
          [
            -73.92571,
            40.85823
          ],
          [
            -73.92587,
            40.85824
          ],
          [
            -73.92602,
            40.85822
          ],
          [
            -73.92609,
            40.8582
          ],
          [
            -73.92616,
            40.85819
          ],
          [
            -73.92619,
            40.85818
          ],
          [
            -73.92625,
            40.85816
          ],
          [
            -73.92636,
            40.8581
          ],
          [
            -73.92647,
            40.85803
          ],
          [
            -73.9265,
            40.858
          ],
          [
            -73.9265,
            40.858
          ]
        ]
      }
    },
    {
      "type": "Feature",
      "properties": {
        "route_id": "M101-N-Morning",
        "layer": "T1 Optimal"
      },
      "geometry": {
        "type": "LineString",
        "coordinates": [
          [
            -73.99,
            40.72962
          ],
          [
            -73.98991,
            40.72957
          ],
          [
            -73.98991,
            40.72957
          ],
          [
            -73.98985,
            40.72964
          ],
          [
            -73.98982,
            40.72968
          ],
          [
            -73.98969,
            40.72986
          ],
          [
            -73.98956,
            40.73004
          ],
          [
            -73.98953,
            40.73009
          ],
          [
            -73.98948,
            40.73015
          ],
          [
            -73.98945,
            40.7302
          ],
          [
            -73.98941,
            40.73025
          ],
          [
            -73.98929,
            40.73041
          ],
          [
            -73.98929,
            40.73041
          ],
          [
            -73.98929,
            40.73041
          ],
          [
            -73.98916,
            40.73059
          ],
          [
            -73.98913,
            40.73063
          ],
          [
            -73.9891,
            40.73067
          ],
          [
            -73.98906,
            40.73073
          ],
          [
            -73.98902,
            40.73078
          ],
          [
            -73.98899,
            40.73083
          ],
          [
            -73.9887,
            40.73123
          ],
          [
            -73.98866,
            40.73127
          ],
          [
            -73.98862,
            40.73133
          ],
          [
            -73.98858,
            40.73139
          ],
          [
            -73.98854,
            40.73143
          ],
          [
            -73.98823,
            40.73187
          ],
          [
            -73.9882,
            40.73191
          ],
          [
            -73.98816,
            40.73197
          ],
          [
            -73.98812,
            40.73202
          ],
          [
            -73.98808,
            40.73207
          ],
          [
            -73.98776,
            40.73251
          ],
          [
            -73.98773,
            40.73255
          ],
          [
            -73.98768,
            40.73262
          ],
          [
            -73.98765,
            40.73267
          ],
          [
            -73.98761,
            40.73271
          ],
          [
            -73.98745,
            40.73294
          ],
          [
            -73.98729,
            40.73315
          ],
          [
            -73.98725,
            40.7332
          ],
          [
            -73.98719,
            40.7333
          ],
          [
            -73.98712,
            40.73339
          ],
          [
            -73.98708,
            40.73344
          ],
          [
            -73.98697,
            40.7336
          ],
          [
            -73.98688,
            40.73373
          ],
          [
            -73.98688,
            40.73373
          ],
          [
            -73.98688,
            40.73373
          ],
          [
            -73.98686,
            40.73375
          ],
          [
            -73.98676,
            40.73388
          ],
          [
            -73.98673,
            40.73393
          ],
          [
            -73.98669,
            40.73398
          ],
          [
            -73.98664,
            40.73404
          ],
          [
            -73.98662,
            40.73409
          ],
          [
            -73.98629,
            40.73453
          ],
          [
            -73.98626,
            40.73457
          ],
          [
            -73.98622,
            40.73462
          ],
          [
            -73.98618,
            40.73468
          ],
          [
            -73.98615,
            40.73472
          ],
          [
            -73.98586,
            40.73512
          ],
          [
            -73.98584,
            40.73516
          ],
          [
            -73.98579,
            40.73521
          ],
          [
            -73.98575,
            40.73527
          ],
          [
            -73.98573,
            40.73531
          ],
          [
            -73.98544,
            40.7357
          ],
          [
            -73.98541,
            40.73574
          ],
          [
            -73.98537,
            40.7358
          ],
          [
            -73.98533,
            40.73586
          ],
          [
            -73.98529,
            40.7359
          ],
          [
            -73.98502,
            40.73628
          ],
          [
            -73.98499,
            40.73632
          ],
          [
            -73.98494,
            40.73638
          ],
          [
            -73.9849,
            40.73644
          ],
          [
            -73.98487,
            40.73648
          ],
          [
            -73.98459,
            40.73687
          ],
          [
            -73.98455,
            40.73691
          ],
          [
            -73.98451,
            40.73697
          ],
          [
            -73.98447,
            40.73703
          ],
          [
            -73.98444,
            40.73707
          ],
          [
            -73.98416,
            40.73745
          ],
          [
            -73.98413,
            40.7375
          ],
          [
            -73.98408,
            40.73756
          ],
          [
            -73.98405,
            40.73761
          ],
          [
            -73.98401,
            40.73766
          ],
          [
            -73.98371,
            40.73808
          ],
          [
            -73.98368,
            40.73811
          ],
          [
            -73.98364,
            40.73817
          ],
          [
            -73.9836,
            40.73822
          ],
          [
            -73.98357,
            40.73827
          ],
          [
            -73.98326,
            40.73869
          ],
          [
            -73.98323,
            40.73874
          ],
          [
            -73.98315,
            40.73884
          ],
          [
            -73.98308,
            40.73894
          ],
          [
            -73.98304,
            40.73899
          ],
          [
            -73.98285,
            40.73925
          ],
          [
            -73.98285,
            40.73925
          ],
          [
            -73.98285,
            40.73925
          ],
          [
            -73.98274,
            40.7394
          ],
          [
            -73.98271,
            40.73945
          ],
          [
            -73.98267,
            40.7395
          ],
          [
            -73.98262,
            40.73956
          ],
          [
            -73.98229,
            40.74003
          ],
          [
            -73.98226,
            40.74007
          ],
          [
            -73.98222,
            40.74013
          ],
          [
            -73.98218,
            40.74017
          ],
          [
            -73.98184,
            40.74065
          ],
          [
            -73.98181,
            40.74069
          ],
          [
            -73.98177,
            40.74075
          ],
          [
            -73.98173,
            40.7408
          ],
          [
            -73.98139,
            40.74126
          ],
          [
            -73.98136,
            40.74131
          ],
          [
            -73.98132,
            40.74136
          ],
          [
            -73.98128,
            40.74142
          ],
          [
            -73.98095,
            40.74188
          ],
          [
            -73.98091,
            40.74192
          ],
          [
            -73.98087,
            40.74198
          ],
          [
            -73.98083,
            40.74204
          ],
          [
            -73.9805,
            40.74249
          ],
          [
            -73.98046,
            40.74254
          ],
          [
            -73.98042,
            40.7426
          ],
          [
            -73.98038,
            40.74266
          ],
          [
            -73.98005,
            40.74311
          ],
          [
            -73.98001,
            40.74315
          ],
          [
            -73.97997,
            40.74322
          ],
          [
            -73.97993,
            40.74327
          ],
          [
            -73.97959,
            40.74373
          ],
          [
            -73.97956,
            40.74377
          ],
          [
            -73.97952,
            40.74383
          ],
          [
            -73.97948,
            40.74389
          ],
          [
            -73.97914,
            40.74436
          ],
          [
            -73.97911,
            40.74439
          ],
          [
            -73.97907,
            40.74445
          ],
          [
            -73.97902,
            40.74451
          ],
          [
            -73.97869,
            40.74497
          ],
          [
            -73.97867,
            40.74499
          ],
          [
            -73.97867,
            40.74499
          ],
          [
            -73.97867,
            40.74499
          ],
          [
            -73.97866,
            40.74501
          ],
          [
            -73.97862,
            40.74507
          ],
          [
            -73.97858,
            40.74512
          ],
          [
            -73.97841,
            40.74535
          ],
          [
            -73.97823,
            40.74561
          ],
          [
            -73.9782,
            40.74565
          ],
          [
            -73.97813,
            40.74574
          ],
          [
            -73.97806,
            40.74583
          ],
          [
            -73.97772,
            40.7463
          ],
          [
            -73.97769,
            40.74634
          ],
          [
            -73.97765,
            40.7464
          ],
          [
            -73.97761,
            40.74646
          ],
          [
            -73.97726,
            40.74692
          ],
          [
            -73.97723,
            40.74696
          ],
          [
            -73.97719,
            40.74701
          ],
          [
            -73.97715,
            40.74707
          ],
          [
            -73.97683,
            40.74754
          ],
          [
            -73.9768,
            40.74758
          ],
          [
            -73.97676,
            40.74764
          ],
          [
            -73.97672,
            40.7477
          ],
          [
            -73.97648,
            40.74803
          ],
          [
            -73.97638,
            40.74817
          ],
          [
            -73.97635,
            40.7482
          ],
          [
            -73.97632,
            40.74825
          ],
          [
            -73.97627,
            40.74831
          ],
          [
            -73.97626,
            40.74833
          ],
          [
            -73.97592,
            40.74879
          ],
          [
            -73.9759,
            40.74882
          ],
          [
            -73.97585,
            40.74889
          ],
          [
            -73.97581,
            40.74894
          ],
          [
            -73.9758,
            40.74896
          ],
          [
            -73.97548,
            40.74939
          ],
          [
            -73.97545,
            40.74944
          ],
          [
            -73.9754,
            40.7495
          ],
          [
            -73.97537,
            40.74955
          ],
          [
            -73.97534,
            40.74958
          ],
          [
            -73.97524,
            40.74972
          ],
          [
            -73.97503,
            40.75001
          ],
          [
            -73.975,
            40.75005
          ],
          [
            -73.97495,
            40.75012
          ],
          [
            -73.97491,
            40.75017
          ],
          [
            -73.9749,
            40.7502
          ],
          [
            -73.97478,
            40.75035
          ],
          [
            -73.97457,
            40.75063
          ],
          [
            -73.97454,
            40.75068
          ],
          [
            -73.97447,
            40.75077
          ],
          [
            -73.9744,
            40.75088
          ],
          [
            -73.97422,
            40.75113
          ],
          [
            -73.97422,
            40.75113
          ],
          [
            -73.97422,
            40.75113
          ],
          [
            -73.97417,
            40.75118
          ],
          [
            -73.97402,
            40.75139
          ],
          [
            -73.97397,
            40.75146
          ],
          [
            -73.97393,
            40.75151
          ],
          [
            -73.97357,
            40.75202
          ],
          [
            -73.97352,
            40.75208
          ],
          [
            -73.97348,
            40.75213
          ],
          [
            -73.97337,
            40.75229
          ],
          [
            -73.97311,
            40.75264
          ],
          [
            -73.97306,
            40.7527
          ],
          [
            -73.97302,
            40.75276
          ],
          [
            -73.97265,
            40.75327
          ],
          [
            -73.9726,
            40.75333
          ],
          [
            -73.97256,
            40.75339
          ],
          [
            -73.97219,
            40.7539
          ],
          [
            -73.97215,
            40.75395
          ],
          [
            -73.97211,
            40.75402
          ],
          [
            -73.97191,
            40.75429
          ],
          [
            -73.97174,
            40.75452
          ],
          [
            -73.97169,
            40.75458
          ],
          [
            -73.97164,
            40.75465
          ],
          [
            -73.97146,
            40.7549
          ],
          [
            -73.97128,
            40.75515
          ],
          [
            -73.97124,
            40.75521
          ],
          [
            -73.97119,
            40.75526
          ],
          [
            -73.97099,
            40.75554
          ],
          [
            -73.97099,
            40.75554
          ],
          [
            -73.97099,
            40.75554
          ],
          [
            -73.97082,
            40.75578
          ],
          [
            -73.97078,
            40.75583
          ],
          [
            -73.97073,
            40.7559
          ],
          [
            -73.97058,
            40.7561
          ],
          [
            -73.97037,
            40.75639
          ],
          [
            -73.97032,
            40.75646
          ],
          [
            -73.97019,
            40.75664
          ],
          [
            -73.9699,
            40.75703
          ],
          [
            -73.96985,
            40.7571
          ],
          [
            -73.96982,
            40.75714
          ],
          [
            -73.96945,
            40.75765
          ],
          [
            -73.96941,
            40.75771
          ],
          [
            -73.96936,
            40.75777
          ],
          [
            -73.969,
            40.75827
          ],
          [
            -73.96895,
            40.75834
          ],
          [
            -73.96891,
            40.7584
          ],
          [
            -73.96854,
            40.75889
          ],
          [
            -73.96849,
            40.75896
          ],
          [
            -73.96849,
            40.75896
          ],
          [
            -73.96846,
            40.75903
          ],
          [
            -73.96833,
            40.75924
          ],
          [
            -73.96811,
            40.75954
          ],
          [
            -73.96806,
            40.7596
          ],
          [
            -73.96802,
            40.75966
          ],
          [
            -73.96774,
            40.76005
          ],
          [
            -73.96765,
            40.76018
          ],
          [
            -73.96758,
            40.76028
          ],
          [
            -73.9675,
            40.76037
          ],
          [
            -73.96746,
            40.76043
          ],
          [
            -73.9672,
            40.76076
          ],
          [
            -73.96709,
            40.76088
          ],
          [
            -73.96704,
            40.76094
          ],
          [
            -73.967,
            40.76099
          ],
          [
            -73.96677,
            40.7613
          ],
          [
            -73.96663,
            40.7615
          ],
          [
            -73.96659,
            40.76156
          ],
          [
            -73.96655,
            40.76162
          ],
          [
            -73.96617,
            40.76213
          ],
          [
            -73.96613,
            40.7622
          ],
          [
            -73.96609,
            40.76224
          ],
          [
            -73.96599,
            40.76239
          ],
          [
            -73.96584,
            40.76258
          ],
          [
            -73.96583,
            40.7626
          ],
          [
            -73.96583,
            40.7626
          ],
          [
            -73.96583,
            40.7626
          ],
          [
            -73.96575,
            40.7627
          ],
          [
            -73.96571,
            40.76275
          ],
          [
            -73.96567,
            40.76281
          ],
          [
            -73.96563,
            40.76287
          ],
          [
            -73.96526,
            40.76337
          ],
          [
            -73.96521,
            40.76343
          ],
          [
            -73.96517,
            40.76349
          ],
          [
            -73.9648,
            40.764
          ],
          [
            -73.96476,
            40.76406
          ],
          [
            -73.96471,
            40.76412
          ],
          [
            -73.96434,
            40.76463
          ],
          [
            -73.9643,
            40.76468
          ],
          [
            -73.96426,
            40.76474
          ],
          [
            -73.96388,
            40.76525
          ],
          [
            -73.96384,
            40.76531
          ],
          [
            -73.9638,
            40.76537
          ],
          [
            -73.96377,
            40.76541
          ],
          [
            -73.96348,
            40.76581
          ],
          [
            -73.96345,
            40.76585
          ],
          [
            -73.96343,
            40.76588
          ],
          [
            -73.96339,
            40.76594
          ],
          [
            -73.96335,
            40.76599
          ],
          [
            -73.96297,
            40.76651
          ],
          [
            -73.96293,
            40.76656
          ],
          [
            -73.96289,
            40.76661
          ],
          [
            -73.96252,
            40.76712
          ],
          [
            -73.96252,
            40.76712
          ],
          [
            -73.96252,
            40.76712
          ],
          [
            -73.96251,
            40.76713
          ],
          [
            -73.96247,
            40.76719
          ],
          [
            -73.96243,
            40.76725
          ],
          [
            -73.96235,
            40.76735
          ],
          [
            -73.96206,
            40.76776
          ],
          [
            -73.96202,
            40.76781
          ],
          [
            -73.96197,
            40.76788
          ],
          [
            -73.96161,
            40.76839
          ],
          [
            -73.96158,
            40.76844
          ],
          [
            -73.96153,
            40.7685
          ],
          [
            -73.96116,
            40.76901
          ],
          [
            -73.96111,
            40.76908
          ],
          [
            -73.96108,
            40.76912
          ],
          [
            -73.96098,
            40.76925
          ],
          [
            -73.96067,
            40.76966
          ],
          [
            -73.9606,
            40.76975
          ],
          [
            -73.96053,
            40.76985
          ],
          [
            -73.96035,
            40.7701
          ],
          [
            -73.96035,
            40.7701
          ],
          [
            -73.96035,
            40.7701
          ],
          [
            -73.96015,
            40.77038
          ],
          [
            -73.9601,
            40.77043
          ],
          [
            -73.96006,
            40.77049
          ],
          [
            -73.95969,
            40.77102
          ],
          [
            -73.95965,
            40.77107
          ],
          [
            -73.95961,
            40.77113
          ],
          [
            -73.95951,
            40.77126
          ],
          [
            -73.95922,
            40.77164
          ],
          [
            -73.9592,
            40.77167
          ],
          [
            -73.95918,
            40.7717
          ],
          [
            -73.95914,
            40.77175
          ],
          [
            -73.95903,
            40.7719
          ],
          [
            -73.95876,
            40.77228
          ],
          [
            -73.95871,
            40.77234
          ],
          [
            -73.95868,
            40.77239
          ],
          [
            -73.9583,
            40.77292
          ],
          [
            -73.95826,
            40.77298
          ],
          [
            -73.95822,
            40.77303
          ],
          [
            -73.95784,
            40.77356
          ],
          [
            -73.9578,
            40.7736
          ],
          [
            -73.95776,
            40.77366
          ],
          [
            -73.95765,
            40.77381
          ],
          [
            -73.95736,
            40.7742
          ],
          [
            -73.95729,
            40.77429
          ],
          [
            -73.95722,
            40.77438
          ],
          [
            -73.95704,
            40.77463
          ],
          [
            -73.95704,
            40.77463
          ],
          [
            -73.95704,
            40.77463
          ],
          [
            -73.95684,
            40.77491
          ],
          [
            -73.9568,
            40.77497
          ],
          [
            -73.95675,
            40.77503
          ],
          [
            -73.95637,
            40.77555
          ],
          [
            -73.95634,
            40.77559
          ],
          [
            -73.95629,
            40.77566
          ],
          [
            -73.95591,
            40.77618
          ],
          [
            -73.95587,
            40.77624
          ],
          [
            -73.95582,
            40.7763
          ],
          [
            -73.95545,
            40.77682
          ],
          [
            -73.95541,
            40.77687
          ],
          [
            -73.95537,
            40.77693
          ],
          [
            -73.95498,
            40.77745
          ],
          [
            -73.95494,
            40.77751
          ],
          [
            -73.95489,
            40.77757
          ],
          [
            -73.95452,
            40.77809
          ],
          [
            -73.95448,
            40.77814
          ],
          [
            -73.95443,
            40.7782
          ],
          [
            -73.95427,
            40.77842
          ],
          [
            -73.95423,
            40.77849
          ],
          [
            -73.95423,
            40.77849
          ],
          [
            -73.95423,
            40.77849
          ],
          [
            -73.95405,
            40.77873
          ],
          [
            -73.95398,
            40.77883
          ],
          [
            -73.95391,
            40.77892
          ],
          [
            -73.95381,
            40.77906
          ],
          [
            -73.95353,
            40.77944
          ],
          [
            -73.95349,
            40.7795
          ],
          [
            -73.95344,
            40.77956
          ],
          [
            -73.95307,
            40.78007
          ],
          [
            -73.95303,
            40.78013
          ],
          [
            -73.95299,
            40.78018
          ],
          [
            -73.95261,
            40.7807
          ],
          [
            -73.95257,
            40.78075
          ],
          [
            -73.95253,
            40.78081
          ],
          [
            -73.95215,
            40.78133
          ],
          [
            -73.95212,
            40.78138
          ],
          [
            -73.95207,
            40.78144
          ],
          [
            -73.95169,
            40.78196
          ],
          [
            -73.95165,
            40.78201
          ],
          [
            -73.95161,
            40.78207
          ],
          [
            -73.95145,
            40.78229
          ],
          [
            -73.95123,
            40.78258
          ],
          [
            -73.9512,
            40.78263
          ],
          [
            -73.95115,
            40.78269
          ],
          [
            -73.95079,
            40.78321
          ],
          [
            -73.95075,
            40.78327
          ],
          [
            -73.95071,
            40.78333
          ],
          [
            -73.95034,
            40.78385
          ],
          [
            -73.9503,
            40.78391
          ],
          [
            -73.95026,
            40.78396
          ],
          [
            -73.94987,
            40.78448
          ],
          [
            -73.94984,
            40.78453
          ],
          [
            -73.94979,
            40.78458
          ],
          [
            -73.9494,
            40.78511
          ],
          [
            -73.94933,
            40.7852
          ],
          [
            -73.94925,
            40.7853
          ],
          [
            -73.94888,
            40.78582
          ],
          [
            -73.94883,
            40.78589
          ],
          [
            -73.94883,
            40.78589
          ],
          [
            -73.94869,
            40.78584
          ],
          [
            -73.94867,
            40.78583
          ],
          [
            -73.94867,
            40.78583
          ],
          [
            -73.94867,
            40.78583
          ],
          [
            -73.94869,
            40.78584
          ],
          [
            -73.94883,
            40.78589
          ],
          [
            -73.94883,
            40.78589
          ],
          [
            -73.94878,
            40.78596
          ],
          [
            -73.94844,
            40.78644
          ],
          [
            -73.94839,
            40.7865
          ],
          [
            -73.94834,
            40.78656
          ],
          [
            -73.94802,
            40.787
          ],
          [
            -73.94797,
            40.78706
          ],
          [
            -73.94792,
            40.78712
          ],
          [
            -73.94787,
            40.78719
          ],
          [
            -73.94772,
            40.7874
          ],
          [
            -73.9475,
            40.7877
          ],
          [
            -73.94746,
            40.78775
          ],
          [
            -73.94742,
            40.78781
          ],
          [
            -73.94733,
            40.78793
          ],
          [
            -73.94733,
            40.78793
          ],
          [
            -73.94733,
            40.78793
          ],
          [
            -73.94709,
            40.78826
          ],
          [
            -73.94704,
            40.78833
          ],
          [
            -73.947,
            40.78839
          ],
          [
            -73.94696,
            40.78845
          ],
          [
            -73.9466,
            40.78893
          ],
          [
            -73.94655,
            40.789
          ],
          [
            -73.9465,
            40.78907
          ],
          [
            -73.94612,
            40.78959
          ],
          [
            -73.94609,
            40.78964
          ],
          [
            -73.94604,
            40.78971
          ],
          [
            -73.94568,
            40.79019
          ],
          [
            -73.94564,
            40.79025
          ],
          [
            -73.94558,
            40.79033
          ],
          [
            -73.94521,
            40.79085
          ],
          [
            -73.94517,
            40.79089
          ],
          [
            -73.94513,
            40.79095
          ],
          [
            -73.94475,
            40.79147
          ],
          [
            -73.94468,
            40.79157
          ],
          [
            -73.94461,
            40.79167
          ],
          [
            -73.94443,
            40.79192
          ],
          [
            -73.94443,
            40.79192
          ],
          [
            -73.94443,
            40.79192
          ],
          [
            -73.94422,
            40.7922
          ],
          [
            -73.94418,
            40.79225
          ],
          [
            -73.94414,
            40.79231
          ],
          [
            -73.94383,
            40.79272
          ],
          [
            -73.94376,
            40.79282
          ],
          [
            -73.94372,
            40.79288
          ],
          [
            -73.94369,
            40.79292
          ],
          [
            -73.94332,
            40.79343
          ],
          [
            -73.94327,
            40.7935
          ],
          [
            -73.94322,
            40.79356
          ],
          [
            -73.94306,
            40.79378
          ],
          [
            -73.94284,
            40.79409
          ],
          [
            -73.94281,
            40.79413
          ],
          [
            -73.94276,
            40.79419
          ],
          [
            -73.94239,
            40.79471
          ],
          [
            -73.94235,
            40.79476
          ],
          [
            -73.9423,
            40.79482
          ],
          [
            -73.94193,
            40.79534
          ],
          [
            -73.94188,
            40.79541
          ],
          [
            -73.94182,
            40.79548
          ],
          [
            -73.94145,
            40.79598
          ],
          [
            -73.94137,
            40.7961
          ],
          [
            -73.9412,
            40.79634
          ],
          [
            -73.94098,
            40.79663
          ],
          [
            -73.94057,
            40.7972
          ],
          [
            -73.94052,
            40.79727
          ],
          [
            -73.94047,
            40.79733
          ],
          [
            -73.94011,
            40.79783
          ],
          [
            -73.94011,
            40.79783
          ],
          [
            -73.94011,
            40.79783
          ],
          [
            -73.94009,
            40.79786
          ],
          [
            -73.94003,
            40.79794
          ],
          [
            -73.93995,
            40.79804
          ],
          [
            -73.93956,
            40.79857
          ],
          [
            -73.93952,
            40.79863
          ],
          [
            -73.93948,
            40.79868
          ],
          [
            -73.9391,
            40.7992
          ],
          [
            -73.93906,
            40.79925
          ],
          [
            -73.93902,
            40.79931
          ],
          [
            -73.93865,
            40.79983
          ],
          [
            -73.93864,
            40.79983
          ],
          [
            -73.9386,
            40.79989
          ],
          [
            -73.93857,
            40.79994
          ],
          [
            -73.93856,
            40.79994
          ],
          [
            -73.93819,
            40.80046
          ],
          [
            -73.93816,
            40.8005
          ],
          [
            -73.93811,
            40.80056
          ],
          [
            -73.9381,
            40.80058
          ],
          [
            -73.93773,
            40.80109
          ],
          [
            -73.93769,
            40.80114
          ],
          [
            -73.93765,
            40.8012
          ],
          [
            -73.93727,
            40.80172
          ],
          [
            -73.93724,
            40.80177
          ],
          [
            -73.93719,
            40.80183
          ],
          [
            -73.93681,
            40.80234
          ],
          [
            -73.93677,
            40.8024
          ],
          [
            -73.93673,
            40.80246
          ],
          [
            -73.93635,
            40.80298
          ],
          [
            -73.93631,
            40.80303
          ],
          [
            -73.93627,
            40.80309
          ],
          [
            -73.93616,
            40.80324
          ],
          [
            -73.9359,
            40.80361
          ],
          [
            -73.93583,
            40.80371
          ],
          [
            -73.93583,
            40.80371
          ],
          [
            -73.93596,
            40.80376
          ],
          [
            -73.93626,
            40.80389
          ],
          [
            -73.93626,
            40.80389
          ],
          [
            -73.93626,
            40.80389
          ],
          [
            -73.9363,
            40.80391
          ],
          [
            -73.93652,
            40.804
          ],
          [
            -73.93673,
            40.80409
          ],
          [
            -73.93685,
            40.80414
          ],
          [
            -73.93735,
            40.80435
          ],
          [
            -73.93743,
            40.80438
          ],
          [
            -73.93753,
            40.80442
          ],
          [
            -73.9378,
            40.80454
          ],
          [
            -73.9378,
            40.80454
          ],
          [
            -73.9378,
            40.80454
          ],
          [
            -73.93788,
            40.80457
          ],
          [
            -73.93858,
            40.80487
          ],
          [
            -73.93885,
            40.80498
          ],
          [
            -73.93889,
            40.805
          ],
          [
            -73.93904,
            40.80506
          ],
          [
            -73.93918,
            40.80512
          ],
          [
            -73.93924,
            40.80515
          ],
          [
            -73.93951,
            40.80526
          ],
          [
            -73.93951,
            40.80526
          ],
          [
            -73.93951,
            40.80526
          ],
          [
            -73.9397,
            40.80534
          ],
          [
            -73.94013,
            40.80552
          ],
          [
            -73.94027,
            40.80558
          ],
          [
            -73.94055,
            40.8057
          ],
          [
            -73.94064,
            40.80574
          ],
          [
            -73.94076,
            40.80579
          ],
          [
            -73.941,
            40.80589
          ],
          [
            -73.94105,
            40.80591
          ],
          [
            -73.94105,
            40.80591
          ],
          [
            -73.94105,
            40.80591
          ],
          [
            -73.94183,
            40.80624
          ],
          [
            -73.94191,
            40.80627
          ],
          [
            -73.94217,
            40.80638
          ],
          [
            -73.94227,
            40.80642
          ],
          [
            -73.94237,
            40.80646
          ],
          [
            -73.94247,
            40.8065
          ],
          [
            -73.94247,
            40.8065
          ],
          [
            -73.94247,
            40.8065
          ],
          [
            -73.9426,
            40.80656
          ],
          [
            -73.94269,
            40.8066
          ],
          [
            -73.94378,
            40.80706
          ],
          [
            -73.94383,
            40.80708
          ],
          [
            -73.94389,
            40.8071
          ],
          [
            -73.94425,
            40.80726
          ],
          [
            -73.94481,
            40.80749
          ],
          [
            -73.94533,
            40.80771
          ],
          [
            -73.94541,
            40.80775
          ],
          [
            -73.94557,
            40.80781
          ],
          [
            -73.94567,
            40.80785
          ],
          [
            -73.94599,
            40.80799
          ],
          [
            -73.94599,
            40.80799
          ],
          [
            -73.94599,
            40.80799
          ],
          [
            -73.94686,
            40.80836
          ],
          [
            -73.94691,
            40.80838
          ],
          [
            -73.94696,
            40.8084
          ],
          [
            -73.94769,
            40.80871
          ],
          [
            -73.94801,
            40.80884
          ],
          [
            -73.94813,
            40.80889
          ],
          [
            -73.94825,
            40.80894
          ],
          [
            -73.9484,
            40.80901
          ],
          [
            -73.94853,
            40.80906
          ],
          [
            -73.94882,
            40.80918
          ],
          [
            -73.94882,
            40.80918
          ],
          [
            -73.94882,
            40.80918
          ],
          [
            -73.94973,
            40.80957
          ],
          [
            -73.94979,
            40.80959
          ],
          [
            -73.94987,
            40.80962
          ],
          [
            -73.95105,
            40.81012
          ],
          [
            -73.95118,
            40.81018
          ],
          [
            -73.95131,
            40.81023
          ],
          [
            -73.95163,
            40.81036
          ],
          [
            -73.95163,
            40.81036
          ],
          [
            -73.95163,
            40.81036
          ],
          [
            -73.95176,
            40.81042
          ],
          [
            -73.95188,
            40.81047
          ],
          [
            -73.95219,
            40.8106
          ],
          [
            -73.95246,
            40.81071
          ],
          [
            -73.95259,
            40.81077
          ],
          [
            -73.95273,
            40.81083
          ],
          [
            -73.95304,
            40.81096
          ],
          [
            -73.95304,
            40.81096
          ],
          [
            -73.95304,
            40.81096
          ],
          [
            -73.95317,
            40.81101
          ],
          [
            -73.95358,
            40.81118
          ],
          [
            -73.95389,
            40.81132
          ],
          [
            -73.95401,
            40.81137
          ],
          [
            -73.95414,
            40.81142
          ],
          [
            -73.95469,
            40.81166
          ],
          [
            -73.95475,
            40.81168
          ],
          [
            -73.9548,
            40.81171
          ],
          [
            -73.95483,
            40.81173
          ],
          [
            -73.95489,
            40.8118
          ],
          [
            -73.95497,
            40.81188
          ],
          [
            -73.955,
            40.81191
          ],
          [
            -73.955,
            40.81192
          ],
          [
            -73.95509,
            40.81201
          ],
          [
            -73.95522,
            40.81216
          ],
          [
            -73.95528,
            40.81223
          ],
          [
            -73.95574,
            40.81276
          ],
          [
            -73.95618,
            40.81328
          ],
          [
            -73.95627,
            40.81338
          ],
          [
            -73.95627,
            40.81338
          ],
          [
            -73.95618,
            40.8135
          ],
          [
            -73.9561,
            40.81362
          ],
          [
            -73.95597,
            40.81379
          ],
          [
            -73.95597,
            40.81379
          ],
          [
            -73.95597,
            40.81379
          ],
          [
            -73.95579,
            40.81402
          ],
          [
            -73.95576,
            40.81406
          ],
          [
            -73.9557,
            40.81414
          ],
          [
            -73.95565,
            40.81421
          ],
          [
            -73.95549,
            40.81442
          ],
          [
            -73.95544,
            40.81448
          ],
          [
            -73.9554,
            40.81454
          ],
          [
            -73.95524,
            40.81477
          ],
          [
            -73.95504,
            40.81506
          ],
          [
            -73.955,
            40.81511
          ],
          [
            -73.95496,
            40.81516
          ],
          [
            -73.95496,
            40.81516
          ],
          [
            -73.95496,
            40.81516
          ],
          [
            -73.95495,
            40.81517
          ],
          [
            -73.95466,
            40.81558
          ],
          [
            -73.95458,
            40.81569
          ],
          [
            -73.95454,
            40.81574
          ],
          [
            -73.9545,
            40.81579
          ],
          [
            -73.95411,
            40.81631
          ],
          [
            -73.95408,
            40.81636
          ],
          [
            -73.95402,
            40.81643
          ],
          [
            -73.95382,
            40.81671
          ],
          [
            -73.95382,
            40.81671
          ],
          [
            -73.95382,
            40.81671
          ],
          [
            -73.95379,
            40.81676
          ],
          [
            -73.95322,
            40.81753
          ],
          [
            -73.95318,
            40.81759
          ],
          [
            -73.95312,
            40.81767
          ],
          [
            -73.95298,
            40.81787
          ],
          [
            -73.95298,
            40.81787
          ],
          [
            -73.95298,
            40.81787
          ],
          [
            -73.95295,
            40.81792
          ],
          [
            -73.95277,
            40.81817
          ],
          [
            -73.95272,
            40.81823
          ],
          [
            -73.95269,
            40.81827
          ],
          [
            -73.95244,
            40.81861
          ],
          [
            -73.95227,
            40.81886
          ],
          [
            -73.95226,
            40.81887
          ],
          [
            -73.95221,
            40.81893
          ],
          [
            -73.95217,
            40.81899
          ],
          [
            -73.95216,
            40.81901
          ],
          [
            -73.9519,
            40.81934
          ],
          [
            -73.9519,
            40.81934
          ],
          [
            -73.9519,
            40.81934
          ],
          [
            -73.95178,
            40.81951
          ],
          [
            -73.95173,
            40.81957
          ],
          [
            -73.95168,
            40.81964
          ],
          [
            -73.9513,
            40.82016
          ],
          [
            -73.95087,
            40.82075
          ],
          [
            -73.95081,
            40.82082
          ],
          [
            -73.95078,
            40.82087
          ],
          [
            -73.9504,
            40.82139
          ],
          [
            -73.95036,
            40.82144
          ],
          [
            -73.95032,
            40.82151
          ],
          [
            -73.94995,
            40.82201
          ],
          [
            -73.94991,
            40.82206
          ],
          [
            -73.94986,
            40.82213
          ],
          [
            -73.9495,
            40.82263
          ],
          [
            -73.94946,
            40.82268
          ],
          [
            -73.94941,
            40.82275
          ],
          [
            -73.94904,
            40.82326
          ],
          [
            -73.94899,
            40.82332
          ],
          [
            -73.94895,
            40.82337
          ],
          [
            -73.94858,
            40.82389
          ],
          [
            -73.94854,
            40.82394
          ],
          [
            -73.9485,
            40.82399
          ],
          [
            -73.94831,
            40.82426
          ],
          [
            -73.94831,
            40.82426
          ],
          [
            -73.94831,
            40.82426
          ],
          [
            -73.94812,
            40.82451
          ],
          [
            -73.94809,
            40.82455
          ],
          [
            -73.94804,
            40.82462
          ],
          [
            -73.94767,
            40.82514
          ],
          [
            -73.9476,
            40.82524
          ],
          [
            -73.94752,
            40.82534
          ],
          [
            -73.9473,
            40.82564
          ],
          [
            -73.9473,
            40.82564
          ],
          [
            -73.9473,
            40.82564
          ],
          [
            -73.94714,
            40.82585
          ],
          [
            -73.94711,
            40.8259
          ],
          [
            -73.94706,
            40.82596
          ],
          [
            -73.94669,
            40.82648
          ],
          [
            -73.94665,
            40.82653
          ],
          [
            -73.94661,
            40.82659
          ],
          [
            -73.94623,
            40.8271
          ],
          [
            -73.94619,
            40.82715
          ],
          [
            -73.94615,
            40.82721
          ],
          [
            -73.9458,
            40.82768
          ],
          [
            -73.9458,
            40.82768
          ],
          [
            -73.9458,
            40.82768
          ],
          [
            -73.94577,
            40.82773
          ],
          [
            -73.94573,
            40.82778
          ],
          [
            -73.94569,
            40.82784
          ],
          [
            -73.94532,
            40.82835
          ],
          [
            -73.94528,
            40.8284
          ],
          [
            -73.94524,
            40.82846
          ],
          [
            -73.94511,
            40.82863
          ],
          [
            -73.94509,
            40.82866
          ],
          [
            -73.945,
            40.82878
          ],
          [
            -73.94487,
            40.82897
          ],
          [
            -73.94483,
            40.82902
          ],
          [
            -73.9448,
            40.82906
          ],
          [
            -73.94441,
            40.82959
          ],
          [
            -73.94437,
            40.82964
          ],
          [
            -73.94433,
            40.8297
          ],
          [
            -73.94416,
            40.82993
          ],
          [
            -73.94416,
            40.82993
          ],
          [
            -73.94416,
            40.82993
          ],
          [
            -73.94409,
            40.83003
          ],
          [
            -73.94396,
            40.83021
          ],
          [
            -73.94391,
            40.83027
          ],
          [
            -73.94388,
            40.83032
          ],
          [
            -73.9435,
            40.83084
          ],
          [
            -73.94346,
            40.83089
          ],
          [
            -73.94342,
            40.83095
          ],
          [
            -73.94305,
            40.83146
          ],
          [
            -73.94297,
            40.83157
          ],
          [
            -73.9429,
            40.83166
          ],
          [
            -73.94287,
            40.8317
          ],
          [
            -73.94287,
            40.8317
          ],
          [
            -73.94287,
            40.8317
          ],
          [
            -73.94252,
            40.83218
          ],
          [
            -73.94248,
            40.83223
          ],
          [
            -73.94244,
            40.83229
          ],
          [
            -73.94206,
            40.83281
          ],
          [
            -73.94201,
            40.83288
          ],
          [
            -73.94198,
            40.83292
          ],
          [
            -73.94161,
            40.83343
          ],
          [
            -73.94157,
            40.83348
          ],
          [
            -73.94152,
            40.83355
          ],
          [
            -73.94144,
            40.83366
          ],
          [
            -73.94144,
            40.83366
          ],
          [
            -73.94144,
            40.83366
          ],
          [
            -73.94115,
            40.83406
          ],
          [
            -73.94111,
            40.83411
          ],
          [
            -73.94106,
            40.83417
          ],
          [
            -73.94069,
            40.83467
          ],
          [
            -73.94065,
            40.83473
          ],
          [
            -73.94061,
            40.83479
          ],
          [
            -73.94026,
            40.83527
          ],
          [
            -73.94026,
            40.83527
          ],
          [
            -73.94026,
            40.83527
          ],
          [
            -73.94024,
            40.8353
          ],
          [
            -73.9402,
            40.83536
          ],
          [
            -73.94016,
            40.83542
          ],
          [
            -73.94006,
            40.83556
          ],
          [
            -73.93993,
            40.83576
          ],
          [
            -73.93988,
            40.83582
          ],
          [
            -73.93984,
            40.83589
          ],
          [
            -73.93981,
            40.83593
          ],
          [
            -73.93971,
            40.83607
          ],
          [
            -73.93956,
            40.83628
          ],
          [
            -73.93939,
            40.83651
          ],
          [
            -73.93934,
            40.83658
          ],
          [
            -73.93929,
            40.83664
          ],
          [
            -73.93889,
            40.83719
          ],
          [
            -73.93886,
            40.83724
          ],
          [
            -73.93881,
            40.8373
          ],
          [
            -73.93866,
            40.8375
          ],
          [
            -73.93866,
            40.8375
          ],
          [
            -73.93866,
            40.8375
          ],
          [
            -73.93862,
            40.83755
          ],
          [
            -73.9384,
            40.83782
          ],
          [
            -73.93835,
            40.83788
          ],
          [
            -73.93827,
            40.838
          ],
          [
            -73.93818,
            40.83812
          ],
          [
            -73.93805,
            40.8383
          ],
          [
            -73.93791,
            40.83849
          ],
          [
            -73.93783,
            40.83861
          ],
          [
            -73.93777,
            40.83868
          ],
          [
            -73.93775,
            40.83871
          ],
          [
            -73.93773,
            40.83874
          ],
          [
            -73.93756,
            40.83899
          ],
          [
            -73.93753,
            40.83902
          ],
          [
            -73.93739,
            40.83922
          ],
          [
            -73.93736,
            40.83927
          ],
          [
            -73.93735,
            40.83928
          ],
          [
            -73.93734,
            40.8393
          ],
          [
            -73.93721,
            40.83946
          ],
          [
            -73.93717,
            40.83951
          ],
          [
            -73.93703,
            40.8397
          ],
          [
            -73.93703,
            40.8397
          ],
          [
            -73.93703,
            40.8397
          ],
          [
            -73.93696,
            40.8398
          ],
          [
            -73.93691,
            40.83986
          ],
          [
            -73.93685,
            40.83994
          ],
          [
            -73.93678,
            40.84003
          ],
          [
            -73.93667,
            40.84019
          ],
          [
            -73.9365,
            40.84042
          ],
          [
            -73.93646,
            40.84048
          ],
          [
            -73.93642,
            40.84053
          ],
          [
            -73.93631,
            40.84068
          ],
          [
            -73.93608,
            40.84099
          ],
          [
            -73.93604,
            40.84106
          ],
          [
            -73.93601,
            40.84109
          ],
          [
            -73.93598,
            40.84114
          ],
          [
            -73.9358,
            40.84138
          ],
          [
            -73.93565,
            40.84158
          ],
          [
            -73.9356,
            40.84165
          ],
          [
            -73.93557,
            40.8417
          ],
          [
            -73.93553,
            40.84175
          ],
          [
            -73.93538,
            40.84195
          ],
          [
            -73.93534,
            40.84201
          ],
          [
            -73.93534,
            40.84201
          ]
        ]
      }
    },
    {
      "type": "Feature",
      "properties": {
        "route_id": "M101-N-Morning",
        "layer": "T2 Original"
      },
      "geometry": {
        "type": "LineString",
        "coordinates": [
          [
            -73.99,
            40.72962
          ],
          [
            -73.98991,
            40.72957
          ],
          [
            -73.98991,
            40.72957
          ],
          [
            -73.98985,
            40.72964
          ],
          [
            -73.98982,
            40.72968
          ],
          [
            -73.98969,
            40.72986
          ],
          [
            -73.98956,
            40.73004
          ],
          [
            -73.98953,
            40.73009
          ],
          [
            -73.98948,
            40.73015
          ],
          [
            -73.98945,
            40.7302
          ],
          [
            -73.98941,
            40.73025
          ],
          [
            -73.98929,
            40.73041
          ],
          [
            -73.98929,
            40.73041
          ],
          [
            -73.98929,
            40.73041
          ],
          [
            -73.98916,
            40.73059
          ],
          [
            -73.98913,
            40.73063
          ],
          [
            -73.9891,
            40.73067
          ],
          [
            -73.98906,
            40.73073
          ],
          [
            -73.98902,
            40.73078
          ],
          [
            -73.98899,
            40.73083
          ],
          [
            -73.9887,
            40.73123
          ],
          [
            -73.98866,
            40.73127
          ],
          [
            -73.98862,
            40.73133
          ],
          [
            -73.98858,
            40.73139
          ],
          [
            -73.98854,
            40.73143
          ],
          [
            -73.98823,
            40.73187
          ],
          [
            -73.9882,
            40.73191
          ],
          [
            -73.98816,
            40.73197
          ],
          [
            -73.98812,
            40.73202
          ],
          [
            -73.98808,
            40.73207
          ],
          [
            -73.98776,
            40.73251
          ],
          [
            -73.98773,
            40.73255
          ],
          [
            -73.98768,
            40.73262
          ],
          [
            -73.98765,
            40.73267
          ],
          [
            -73.98761,
            40.73271
          ],
          [
            -73.98745,
            40.73294
          ],
          [
            -73.98729,
            40.73315
          ],
          [
            -73.98725,
            40.7332
          ],
          [
            -73.98719,
            40.7333
          ],
          [
            -73.98712,
            40.73339
          ],
          [
            -73.98708,
            40.73344
          ],
          [
            -73.98697,
            40.7336
          ],
          [
            -73.98688,
            40.73373
          ],
          [
            -73.98688,
            40.73373
          ],
          [
            -73.98688,
            40.73373
          ],
          [
            -73.98686,
            40.73375
          ],
          [
            -73.98676,
            40.73388
          ],
          [
            -73.98673,
            40.73393
          ],
          [
            -73.98669,
            40.73398
          ],
          [
            -73.98664,
            40.73404
          ],
          [
            -73.98662,
            40.73409
          ],
          [
            -73.98629,
            40.73453
          ],
          [
            -73.98626,
            40.73457
          ],
          [
            -73.98622,
            40.73462
          ],
          [
            -73.98618,
            40.73468
          ],
          [
            -73.98615,
            40.73472
          ],
          [
            -73.98586,
            40.73512
          ],
          [
            -73.98584,
            40.73516
          ],
          [
            -73.98579,
            40.73521
          ],
          [
            -73.98575,
            40.73527
          ],
          [
            -73.98573,
            40.73531
          ],
          [
            -73.98544,
            40.7357
          ],
          [
            -73.98541,
            40.73574
          ],
          [
            -73.98537,
            40.7358
          ],
          [
            -73.98533,
            40.73586
          ],
          [
            -73.98529,
            40.7359
          ],
          [
            -73.98502,
            40.73628
          ],
          [
            -73.98499,
            40.73632
          ],
          [
            -73.98494,
            40.73638
          ],
          [
            -73.9849,
            40.73644
          ],
          [
            -73.98487,
            40.73648
          ],
          [
            -73.98459,
            40.73687
          ],
          [
            -73.98455,
            40.73691
          ],
          [
            -73.98451,
            40.73697
          ],
          [
            -73.98447,
            40.73703
          ],
          [
            -73.98444,
            40.73707
          ],
          [
            -73.98416,
            40.73745
          ],
          [
            -73.98413,
            40.7375
          ],
          [
            -73.98408,
            40.73756
          ],
          [
            -73.98405,
            40.73761
          ],
          [
            -73.98401,
            40.73766
          ],
          [
            -73.98371,
            40.73808
          ],
          [
            -73.98368,
            40.73811
          ],
          [
            -73.98364,
            40.73817
          ],
          [
            -73.9836,
            40.73822
          ],
          [
            -73.98357,
            40.73827
          ],
          [
            -73.98326,
            40.73869
          ],
          [
            -73.98323,
            40.73874
          ],
          [
            -73.98315,
            40.73884
          ],
          [
            -73.98308,
            40.73894
          ],
          [
            -73.98304,
            40.73899
          ],
          [
            -73.98285,
            40.73925
          ],
          [
            -73.98285,
            40.73925
          ],
          [
            -73.98285,
            40.73925
          ],
          [
            -73.98274,
            40.7394
          ],
          [
            -73.98271,
            40.73945
          ],
          [
            -73.98267,
            40.7395
          ],
          [
            -73.98262,
            40.73956
          ],
          [
            -73.98229,
            40.74003
          ],
          [
            -73.98226,
            40.74007
          ],
          [
            -73.98222,
            40.74013
          ],
          [
            -73.98218,
            40.74017
          ],
          [
            -73.98184,
            40.74065
          ],
          [
            -73.98181,
            40.74069
          ],
          [
            -73.98177,
            40.74075
          ],
          [
            -73.98173,
            40.7408
          ],
          [
            -73.98139,
            40.74126
          ],
          [
            -73.98136,
            40.74131
          ],
          [
            -73.98132,
            40.74136
          ],
          [
            -73.98128,
            40.74142
          ],
          [
            -73.98095,
            40.74188
          ],
          [
            -73.98091,
            40.74192
          ],
          [
            -73.98087,
            40.74198
          ],
          [
            -73.98083,
            40.74204
          ],
          [
            -73.9805,
            40.74249
          ],
          [
            -73.98046,
            40.74254
          ],
          [
            -73.98042,
            40.7426
          ],
          [
            -73.98038,
            40.74266
          ],
          [
            -73.98005,
            40.74311
          ],
          [
            -73.98001,
            40.74315
          ],
          [
            -73.97997,
            40.74322
          ],
          [
            -73.97993,
            40.74327
          ],
          [
            -73.97959,
            40.74373
          ],
          [
            -73.97956,
            40.74377
          ],
          [
            -73.97952,
            40.74383
          ],
          [
            -73.97948,
            40.74389
          ],
          [
            -73.97914,
            40.74436
          ],
          [
            -73.97911,
            40.74439
          ],
          [
            -73.97907,
            40.74445
          ],
          [
            -73.97902,
            40.74451
          ],
          [
            -73.97869,
            40.74497
          ],
          [
            -73.97867,
            40.74499
          ],
          [
            -73.97867,
            40.74499
          ],
          [
            -73.97867,
            40.74499
          ],
          [
            -73.97866,
            40.74501
          ],
          [
            -73.97862,
            40.74507
          ],
          [
            -73.97858,
            40.74512
          ],
          [
            -73.97841,
            40.74535
          ],
          [
            -73.97823,
            40.74561
          ],
          [
            -73.9782,
            40.74565
          ],
          [
            -73.97813,
            40.74574
          ],
          [
            -73.97806,
            40.74583
          ],
          [
            -73.97772,
            40.7463
          ],
          [
            -73.97769,
            40.74634
          ],
          [
            -73.97765,
            40.7464
          ],
          [
            -73.97761,
            40.74646
          ],
          [
            -73.97726,
            40.74692
          ],
          [
            -73.97723,
            40.74696
          ],
          [
            -73.97719,
            40.74701
          ],
          [
            -73.97715,
            40.74707
          ],
          [
            -73.97683,
            40.74754
          ],
          [
            -73.9768,
            40.74758
          ],
          [
            -73.97676,
            40.74764
          ],
          [
            -73.97672,
            40.7477
          ],
          [
            -73.97648,
            40.74803
          ],
          [
            -73.97638,
            40.74817
          ],
          [
            -73.97635,
            40.7482
          ],
          [
            -73.97632,
            40.74825
          ],
          [
            -73.97627,
            40.74831
          ],
          [
            -73.97626,
            40.74833
          ],
          [
            -73.97592,
            40.74879
          ],
          [
            -73.9759,
            40.74882
          ],
          [
            -73.97585,
            40.74889
          ],
          [
            -73.97581,
            40.74894
          ],
          [
            -73.9758,
            40.74896
          ],
          [
            -73.97548,
            40.74939
          ],
          [
            -73.97545,
            40.74944
          ],
          [
            -73.9754,
            40.7495
          ],
          [
            -73.97537,
            40.74955
          ],
          [
            -73.97534,
            40.74958
          ],
          [
            -73.97524,
            40.74972
          ],
          [
            -73.97503,
            40.75001
          ],
          [
            -73.975,
            40.75005
          ],
          [
            -73.97495,
            40.75012
          ],
          [
            -73.97491,
            40.75017
          ],
          [
            -73.9749,
            40.7502
          ],
          [
            -73.97478,
            40.75035
          ],
          [
            -73.97457,
            40.75063
          ],
          [
            -73.97454,
            40.75068
          ],
          [
            -73.97447,
            40.75077
          ],
          [
            -73.9744,
            40.75088
          ],
          [
            -73.97422,
            40.75113
          ],
          [
            -73.97422,
            40.75113
          ],
          [
            -73.97422,
            40.75113
          ],
          [
            -73.97417,
            40.75118
          ],
          [
            -73.97402,
            40.75139
          ],
          [
            -73.97397,
            40.75146
          ],
          [
            -73.97393,
            40.75151
          ],
          [
            -73.97357,
            40.75202
          ],
          [
            -73.97352,
            40.75208
          ],
          [
            -73.97348,
            40.75213
          ],
          [
            -73.97337,
            40.75229
          ],
          [
            -73.97311,
            40.75264
          ],
          [
            -73.97306,
            40.7527
          ],
          [
            -73.97302,
            40.75276
          ],
          [
            -73.97265,
            40.75327
          ],
          [
            -73.9726,
            40.75333
          ],
          [
            -73.97256,
            40.75339
          ],
          [
            -73.97219,
            40.7539
          ],
          [
            -73.97215,
            40.75395
          ],
          [
            -73.97211,
            40.75402
          ],
          [
            -73.97191,
            40.75429
          ],
          [
            -73.97174,
            40.75452
          ],
          [
            -73.97169,
            40.75458
          ],
          [
            -73.97164,
            40.75465
          ],
          [
            -73.97146,
            40.7549
          ],
          [
            -73.97128,
            40.75515
          ],
          [
            -73.97124,
            40.75521
          ],
          [
            -73.97119,
            40.75526
          ],
          [
            -73.97099,
            40.75554
          ],
          [
            -73.97099,
            40.75554
          ],
          [
            -73.97099,
            40.75554
          ],
          [
            -73.97082,
            40.75578
          ],
          [
            -73.97078,
            40.75583
          ],
          [
            -73.97073,
            40.7559
          ],
          [
            -73.97058,
            40.7561
          ],
          [
            -73.97037,
            40.75639
          ],
          [
            -73.97032,
            40.75646
          ],
          [
            -73.97019,
            40.75664
          ],
          [
            -73.9699,
            40.75703
          ],
          [
            -73.96985,
            40.7571
          ],
          [
            -73.96982,
            40.75714
          ],
          [
            -73.96945,
            40.75765
          ],
          [
            -73.96941,
            40.75771
          ],
          [
            -73.96936,
            40.75777
          ],
          [
            -73.969,
            40.75827
          ],
          [
            -73.96895,
            40.75834
          ],
          [
            -73.96891,
            40.7584
          ],
          [
            -73.96854,
            40.75889
          ],
          [
            -73.96849,
            40.75896
          ],
          [
            -73.96849,
            40.75896
          ],
          [
            -73.96846,
            40.75903
          ],
          [
            -73.96833,
            40.75924
          ],
          [
            -73.96811,
            40.75954
          ],
          [
            -73.96806,
            40.7596
          ],
          [
            -73.96802,
            40.75966
          ],
          [
            -73.96774,
            40.76005
          ],
          [
            -73.96765,
            40.76018
          ],
          [
            -73.96758,
            40.76028
          ],
          [
            -73.9675,
            40.76037
          ],
          [
            -73.96746,
            40.76043
          ],
          [
            -73.9672,
            40.76076
          ],
          [
            -73.96709,
            40.76088
          ],
          [
            -73.96704,
            40.76094
          ],
          [
            -73.967,
            40.76099
          ],
          [
            -73.96677,
            40.7613
          ],
          [
            -73.96663,
            40.7615
          ],
          [
            -73.96659,
            40.76156
          ],
          [
            -73.96655,
            40.76162
          ],
          [
            -73.96617,
            40.76213
          ],
          [
            -73.96613,
            40.7622
          ],
          [
            -73.96609,
            40.76224
          ],
          [
            -73.96599,
            40.76239
          ],
          [
            -73.96584,
            40.76258
          ],
          [
            -73.96583,
            40.7626
          ],
          [
            -73.96583,
            40.7626
          ],
          [
            -73.96583,
            40.7626
          ],
          [
            -73.96575,
            40.7627
          ],
          [
            -73.96571,
            40.76275
          ],
          [
            -73.96567,
            40.76281
          ],
          [
            -73.96563,
            40.76287
          ],
          [
            -73.96526,
            40.76337
          ],
          [
            -73.96521,
            40.76343
          ],
          [
            -73.96517,
            40.76349
          ],
          [
            -73.9648,
            40.764
          ],
          [
            -73.96476,
            40.76406
          ],
          [
            -73.96471,
            40.76412
          ],
          [
            -73.96434,
            40.76463
          ],
          [
            -73.9643,
            40.76468
          ],
          [
            -73.96426,
            40.76474
          ],
          [
            -73.96388,
            40.76525
          ],
          [
            -73.96384,
            40.76531
          ],
          [
            -73.9638,
            40.76537
          ],
          [
            -73.96377,
            40.76541
          ],
          [
            -73.96348,
            40.76581
          ],
          [
            -73.96345,
            40.76585
          ],
          [
            -73.96343,
            40.76588
          ],
          [
            -73.96339,
            40.76594
          ],
          [
            -73.96335,
            40.76599
          ],
          [
            -73.96297,
            40.76651
          ],
          [
            -73.96293,
            40.76656
          ],
          [
            -73.96289,
            40.76661
          ],
          [
            -73.96252,
            40.76712
          ],
          [
            -73.96252,
            40.76712
          ],
          [
            -73.96252,
            40.76712
          ],
          [
            -73.96251,
            40.76713
          ],
          [
            -73.96247,
            40.76719
          ],
          [
            -73.96243,
            40.76725
          ],
          [
            -73.96235,
            40.76735
          ],
          [
            -73.96206,
            40.76776
          ],
          [
            -73.96202,
            40.76781
          ],
          [
            -73.96197,
            40.76788
          ],
          [
            -73.96161,
            40.76839
          ],
          [
            -73.96158,
            40.76844
          ],
          [
            -73.96153,
            40.7685
          ],
          [
            -73.96116,
            40.76901
          ],
          [
            -73.96111,
            40.76908
          ],
          [
            -73.96108,
            40.76912
          ],
          [
            -73.96098,
            40.76925
          ],
          [
            -73.96067,
            40.76966
          ],
          [
            -73.9606,
            40.76975
          ],
          [
            -73.96053,
            40.76985
          ],
          [
            -73.96035,
            40.7701
          ],
          [
            -73.96035,
            40.7701
          ],
          [
            -73.96035,
            40.7701
          ],
          [
            -73.96015,
            40.77038
          ],
          [
            -73.9601,
            40.77043
          ],
          [
            -73.96006,
            40.77049
          ],
          [
            -73.95969,
            40.77102
          ],
          [
            -73.95965,
            40.77107
          ],
          [
            -73.95961,
            40.77113
          ],
          [
            -73.95951,
            40.77126
          ],
          [
            -73.95922,
            40.77164
          ],
          [
            -73.9592,
            40.77167
          ],
          [
            -73.95918,
            40.7717
          ],
          [
            -73.95914,
            40.77175
          ],
          [
            -73.95903,
            40.7719
          ],
          [
            -73.95876,
            40.77228
          ],
          [
            -73.95871,
            40.77234
          ],
          [
            -73.95868,
            40.77239
          ],
          [
            -73.9583,
            40.77292
          ],
          [
            -73.95826,
            40.77298
          ],
          [
            -73.95822,
            40.77303
          ],
          [
            -73.95784,
            40.77356
          ],
          [
            -73.9578,
            40.7736
          ],
          [
            -73.95776,
            40.77366
          ],
          [
            -73.95765,
            40.77381
          ],
          [
            -73.95736,
            40.7742
          ],
          [
            -73.95729,
            40.77429
          ],
          [
            -73.95722,
            40.77438
          ],
          [
            -73.95704,
            40.77463
          ],
          [
            -73.95704,
            40.77463
          ],
          [
            -73.95704,
            40.77463
          ],
          [
            -73.95684,
            40.77491
          ],
          [
            -73.9568,
            40.77497
          ],
          [
            -73.95675,
            40.77503
          ],
          [
            -73.95637,
            40.77555
          ],
          [
            -73.95634,
            40.77559
          ],
          [
            -73.95629,
            40.77566
          ],
          [
            -73.95591,
            40.77618
          ],
          [
            -73.95587,
            40.77624
          ],
          [
            -73.95582,
            40.7763
          ],
          [
            -73.95545,
            40.77682
          ],
          [
            -73.95541,
            40.77687
          ],
          [
            -73.95537,
            40.77693
          ],
          [
            -73.95498,
            40.77745
          ],
          [
            -73.95494,
            40.77751
          ],
          [
            -73.95489,
            40.77757
          ],
          [
            -73.95452,
            40.77809
          ],
          [
            -73.95448,
            40.77814
          ],
          [
            -73.95443,
            40.7782
          ],
          [
            -73.95427,
            40.77842
          ],
          [
            -73.95423,
            40.77849
          ],
          [
            -73.95423,
            40.77849
          ],
          [
            -73.95423,
            40.77849
          ],
          [
            -73.95405,
            40.77873
          ],
          [
            -73.95398,
            40.77883
          ],
          [
            -73.95391,
            40.77892
          ],
          [
            -73.95381,
            40.77906
          ],
          [
            -73.95353,
            40.77944
          ],
          [
            -73.95349,
            40.7795
          ],
          [
            -73.95344,
            40.77956
          ],
          [
            -73.95307,
            40.78007
          ],
          [
            -73.95303,
            40.78013
          ],
          [
            -73.95299,
            40.78018
          ],
          [
            -73.95261,
            40.7807
          ],
          [
            -73.95257,
            40.78075
          ],
          [
            -73.95253,
            40.78081
          ],
          [
            -73.95215,
            40.78133
          ],
          [
            -73.95212,
            40.78138
          ],
          [
            -73.95207,
            40.78144
          ],
          [
            -73.95169,
            40.78196
          ],
          [
            -73.95165,
            40.78201
          ],
          [
            -73.95161,
            40.78207
          ],
          [
            -73.95145,
            40.78229
          ],
          [
            -73.95123,
            40.78258
          ],
          [
            -73.9512,
            40.78263
          ],
          [
            -73.95115,
            40.78269
          ],
          [
            -73.95079,
            40.78321
          ],
          [
            -73.95075,
            40.78327
          ],
          [
            -73.95071,
            40.78333
          ],
          [
            -73.95034,
            40.78385
          ],
          [
            -73.9503,
            40.78391
          ],
          [
            -73.95026,
            40.78396
          ],
          [
            -73.94987,
            40.78448
          ],
          [
            -73.94984,
            40.78453
          ],
          [
            -73.94979,
            40.78458
          ],
          [
            -73.9494,
            40.78511
          ],
          [
            -73.94933,
            40.7852
          ],
          [
            -73.94925,
            40.7853
          ],
          [
            -73.94888,
            40.78582
          ],
          [
            -73.94883,
            40.78589
          ],
          [
            -73.94883,
            40.78589
          ],
          [
            -73.94869,
            40.78584
          ],
          [
            -73.94867,
            40.78583
          ],
          [
            -73.94867,
            40.78583
          ],
          [
            -73.94867,
            40.78583
          ],
          [
            -73.94869,
            40.78584
          ],
          [
            -73.94883,
            40.78589
          ],
          [
            -73.94883,
            40.78589
          ],
          [
            -73.94878,
            40.78596
          ],
          [
            -73.94844,
            40.78644
          ],
          [
            -73.94839,
            40.7865
          ],
          [
            -73.94834,
            40.78656
          ],
          [
            -73.94802,
            40.787
          ],
          [
            -73.94797,
            40.78706
          ],
          [
            -73.94792,
            40.78712
          ],
          [
            -73.94787,
            40.78719
          ],
          [
            -73.94772,
            40.7874
          ],
          [
            -73.9475,
            40.7877
          ],
          [
            -73.94746,
            40.78775
          ],
          [
            -73.94742,
            40.78781
          ],
          [
            -73.94733,
            40.78793
          ],
          [
            -73.94733,
            40.78793
          ],
          [
            -73.94733,
            40.78793
          ],
          [
            -73.94709,
            40.78826
          ],
          [
            -73.94704,
            40.78833
          ],
          [
            -73.947,
            40.78839
          ],
          [
            -73.94696,
            40.78845
          ],
          [
            -73.9466,
            40.78893
          ],
          [
            -73.94655,
            40.789
          ],
          [
            -73.9465,
            40.78907
          ],
          [
            -73.94612,
            40.78959
          ],
          [
            -73.94609,
            40.78964
          ],
          [
            -73.94604,
            40.78971
          ],
          [
            -73.94568,
            40.79019
          ],
          [
            -73.94564,
            40.79025
          ],
          [
            -73.94558,
            40.79033
          ],
          [
            -73.94521,
            40.79085
          ],
          [
            -73.94517,
            40.79089
          ],
          [
            -73.94513,
            40.79095
          ],
          [
            -73.94475,
            40.79147
          ],
          [
            -73.94468,
            40.79157
          ],
          [
            -73.94461,
            40.79167
          ],
          [
            -73.94443,
            40.79192
          ],
          [
            -73.94443,
            40.79192
          ],
          [
            -73.94443,
            40.79192
          ],
          [
            -73.94422,
            40.7922
          ],
          [
            -73.94418,
            40.79225
          ],
          [
            -73.94414,
            40.79231
          ],
          [
            -73.94383,
            40.79272
          ],
          [
            -73.94376,
            40.79282
          ],
          [
            -73.94372,
            40.79288
          ],
          [
            -73.94369,
            40.79292
          ],
          [
            -73.94332,
            40.79343
          ],
          [
            -73.94327,
            40.7935
          ],
          [
            -73.94322,
            40.79356
          ],
          [
            -73.94306,
            40.79378
          ],
          [
            -73.94284,
            40.79409
          ],
          [
            -73.94281,
            40.79413
          ],
          [
            -73.94276,
            40.79419
          ],
          [
            -73.94239,
            40.79471
          ],
          [
            -73.94235,
            40.79476
          ],
          [
            -73.9423,
            40.79482
          ],
          [
            -73.94193,
            40.79534
          ],
          [
            -73.94188,
            40.79541
          ],
          [
            -73.94182,
            40.79548
          ],
          [
            -73.94145,
            40.79598
          ],
          [
            -73.94137,
            40.7961
          ],
          [
            -73.9412,
            40.79634
          ],
          [
            -73.94098,
            40.79663
          ],
          [
            -73.94057,
            40.7972
          ],
          [
            -73.94052,
            40.79727
          ],
          [
            -73.94047,
            40.79733
          ],
          [
            -73.94011,
            40.79783
          ],
          [
            -73.94011,
            40.79783
          ],
          [
            -73.94011,
            40.79783
          ],
          [
            -73.94009,
            40.79786
          ],
          [
            -73.94003,
            40.79794
          ],
          [
            -73.93995,
            40.79804
          ],
          [
            -73.93956,
            40.79857
          ],
          [
            -73.93952,
            40.79863
          ],
          [
            -73.93948,
            40.79868
          ],
          [
            -73.9391,
            40.7992
          ],
          [
            -73.93906,
            40.79925
          ],
          [
            -73.93902,
            40.79931
          ],
          [
            -73.93865,
            40.79983
          ],
          [
            -73.93864,
            40.79983
          ],
          [
            -73.9386,
            40.79989
          ],
          [
            -73.93857,
            40.79994
          ],
          [
            -73.93856,
            40.79994
          ],
          [
            -73.93819,
            40.80046
          ],
          [
            -73.93816,
            40.8005
          ],
          [
            -73.93811,
            40.80056
          ],
          [
            -73.9381,
            40.80058
          ],
          [
            -73.93773,
            40.80109
          ],
          [
            -73.93769,
            40.80114
          ],
          [
            -73.93765,
            40.8012
          ],
          [
            -73.93727,
            40.80172
          ],
          [
            -73.93724,
            40.80177
          ],
          [
            -73.93719,
            40.80183
          ],
          [
            -73.93681,
            40.80234
          ],
          [
            -73.93677,
            40.8024
          ],
          [
            -73.93673,
            40.80246
          ],
          [
            -73.93635,
            40.80298
          ],
          [
            -73.93631,
            40.80303
          ],
          [
            -73.93627,
            40.80309
          ],
          [
            -73.93616,
            40.80324
          ],
          [
            -73.9359,
            40.80361
          ],
          [
            -73.93583,
            40.80371
          ],
          [
            -73.93583,
            40.80371
          ],
          [
            -73.93596,
            40.80376
          ],
          [
            -73.93626,
            40.80389
          ],
          [
            -73.93626,
            40.80389
          ],
          [
            -73.93626,
            40.80389
          ],
          [
            -73.9363,
            40.80391
          ],
          [
            -73.93652,
            40.804
          ],
          [
            -73.93673,
            40.80409
          ],
          [
            -73.93685,
            40.80414
          ],
          [
            -73.93735,
            40.80435
          ],
          [
            -73.93743,
            40.80438
          ],
          [
            -73.93753,
            40.80442
          ],
          [
            -73.9378,
            40.80454
          ],
          [
            -73.9378,
            40.80454
          ],
          [
            -73.9378,
            40.80454
          ],
          [
            -73.93788,
            40.80457
          ],
          [
            -73.93858,
            40.80487
          ],
          [
            -73.93885,
            40.80498
          ],
          [
            -73.93889,
            40.805
          ],
          [
            -73.93904,
            40.80506
          ],
          [
            -73.93918,
            40.80512
          ],
          [
            -73.93924,
            40.80515
          ],
          [
            -73.93951,
            40.80526
          ],
          [
            -73.93951,
            40.80526
          ],
          [
            -73.93951,
            40.80526
          ],
          [
            -73.9397,
            40.80534
          ],
          [
            -73.94013,
            40.80552
          ],
          [
            -73.94027,
            40.80558
          ],
          [
            -73.94055,
            40.8057
          ],
          [
            -73.94064,
            40.80574
          ],
          [
            -73.94076,
            40.80579
          ],
          [
            -73.941,
            40.80589
          ],
          [
            -73.94105,
            40.80591
          ],
          [
            -73.94105,
            40.80591
          ],
          [
            -73.94105,
            40.80591
          ],
          [
            -73.94183,
            40.80624
          ],
          [
            -73.94191,
            40.80627
          ],
          [
            -73.94217,
            40.80638
          ],
          [
            -73.94227,
            40.80642
          ],
          [
            -73.94237,
            40.80646
          ],
          [
            -73.94247,
            40.8065
          ],
          [
            -73.94247,
            40.8065
          ],
          [
            -73.94247,
            40.8065
          ],
          [
            -73.9426,
            40.80656
          ],
          [
            -73.94269,
            40.8066
          ],
          [
            -73.94378,
            40.80706
          ],
          [
            -73.94383,
            40.80708
          ],
          [
            -73.94389,
            40.8071
          ],
          [
            -73.94425,
            40.80726
          ],
          [
            -73.94481,
            40.80749
          ],
          [
            -73.94533,
            40.80771
          ],
          [
            -73.94541,
            40.80775
          ],
          [
            -73.94557,
            40.80781
          ],
          [
            -73.94567,
            40.80785
          ],
          [
            -73.94599,
            40.80799
          ],
          [
            -73.94599,
            40.80799
          ],
          [
            -73.94599,
            40.80799
          ],
          [
            -73.94686,
            40.80836
          ],
          [
            -73.94691,
            40.80838
          ],
          [
            -73.94696,
            40.8084
          ],
          [
            -73.94769,
            40.80871
          ],
          [
            -73.94801,
            40.80884
          ],
          [
            -73.94813,
            40.80889
          ],
          [
            -73.94825,
            40.80894
          ],
          [
            -73.9484,
            40.80901
          ],
          [
            -73.94853,
            40.80906
          ],
          [
            -73.94882,
            40.80918
          ],
          [
            -73.94882,
            40.80918
          ],
          [
            -73.94882,
            40.80918
          ],
          [
            -73.94973,
            40.80957
          ],
          [
            -73.94979,
            40.80959
          ],
          [
            -73.94987,
            40.80962
          ],
          [
            -73.95105,
            40.81012
          ],
          [
            -73.95118,
            40.81018
          ],
          [
            -73.95131,
            40.81023
          ],
          [
            -73.95163,
            40.81036
          ],
          [
            -73.95163,
            40.81036
          ],
          [
            -73.95163,
            40.81036
          ],
          [
            -73.95176,
            40.81042
          ],
          [
            -73.95188,
            40.81047
          ],
          [
            -73.95219,
            40.8106
          ],
          [
            -73.95246,
            40.81071
          ],
          [
            -73.95259,
            40.81077
          ],
          [
            -73.95273,
            40.81083
          ],
          [
            -73.95304,
            40.81096
          ],
          [
            -73.95304,
            40.81096
          ],
          [
            -73.95304,
            40.81096
          ],
          [
            -73.95317,
            40.81101
          ],
          [
            -73.95358,
            40.81118
          ],
          [
            -73.95389,
            40.81132
          ],
          [
            -73.95401,
            40.81137
          ],
          [
            -73.95414,
            40.81142
          ],
          [
            -73.95469,
            40.81166
          ],
          [
            -73.95475,
            40.81168
          ],
          [
            -73.9548,
            40.81171
          ],
          [
            -73.95483,
            40.81173
          ],
          [
            -73.95489,
            40.8118
          ],
          [
            -73.95497,
            40.81188
          ],
          [
            -73.955,
            40.81191
          ],
          [
            -73.955,
            40.81192
          ],
          [
            -73.95509,
            40.81201
          ],
          [
            -73.95522,
            40.81216
          ],
          [
            -73.95528,
            40.81223
          ],
          [
            -73.95574,
            40.81276
          ],
          [
            -73.95618,
            40.81328
          ],
          [
            -73.95627,
            40.81338
          ],
          [
            -73.95627,
            40.81338
          ],
          [
            -73.95618,
            40.8135
          ],
          [
            -73.9561,
            40.81362
          ],
          [
            -73.95597,
            40.81379
          ],
          [
            -73.95597,
            40.81379
          ],
          [
            -73.95597,
            40.81379
          ],
          [
            -73.95579,
            40.81402
          ],
          [
            -73.95576,
            40.81406
          ],
          [
            -73.9557,
            40.81414
          ],
          [
            -73.95565,
            40.81421
          ],
          [
            -73.95549,
            40.81442
          ],
          [
            -73.95544,
            40.81448
          ],
          [
            -73.9554,
            40.81454
          ],
          [
            -73.95524,
            40.81477
          ],
          [
            -73.95504,
            40.81506
          ],
          [
            -73.955,
            40.81511
          ],
          [
            -73.95496,
            40.81516
          ],
          [
            -73.95496,
            40.81516
          ],
          [
            -73.95496,
            40.81516
          ],
          [
            -73.95495,
            40.81517
          ],
          [
            -73.95466,
            40.81558
          ],
          [
            -73.95458,
            40.81569
          ],
          [
            -73.95454,
            40.81574
          ],
          [
            -73.9545,
            40.81579
          ],
          [
            -73.95411,
            40.81631
          ],
          [
            -73.95408,
            40.81636
          ],
          [
            -73.95402,
            40.81643
          ],
          [
            -73.95382,
            40.81671
          ],
          [
            -73.95382,
            40.81671
          ],
          [
            -73.95382,
            40.81671
          ],
          [
            -73.95379,
            40.81676
          ],
          [
            -73.95322,
            40.81753
          ],
          [
            -73.95318,
            40.81759
          ],
          [
            -73.95312,
            40.81767
          ],
          [
            -73.95298,
            40.81787
          ],
          [
            -73.95298,
            40.81787
          ],
          [
            -73.95298,
            40.81787
          ],
          [
            -73.95295,
            40.81792
          ],
          [
            -73.95277,
            40.81817
          ],
          [
            -73.95272,
            40.81823
          ],
          [
            -73.95269,
            40.81827
          ],
          [
            -73.95244,
            40.81861
          ],
          [
            -73.95227,
            40.81886
          ],
          [
            -73.95226,
            40.81887
          ],
          [
            -73.95221,
            40.81893
          ],
          [
            -73.95217,
            40.81899
          ],
          [
            -73.95216,
            40.81901
          ],
          [
            -73.9519,
            40.81934
          ],
          [
            -73.9519,
            40.81934
          ],
          [
            -73.9519,
            40.81934
          ],
          [
            -73.95178,
            40.81951
          ],
          [
            -73.95173,
            40.81957
          ],
          [
            -73.95168,
            40.81964
          ],
          [
            -73.9513,
            40.82016
          ],
          [
            -73.95087,
            40.82075
          ],
          [
            -73.95081,
            40.82082
          ],
          [
            -73.95078,
            40.82087
          ],
          [
            -73.95064,
            40.82107
          ],
          [
            -73.95064,
            40.82107
          ],
          [
            -73.95064,
            40.82107
          ],
          [
            -73.9504,
            40.82139
          ],
          [
            -73.95036,
            40.82144
          ],
          [
            -73.95032,
            40.82151
          ],
          [
            -73.94995,
            40.82201
          ],
          [
            -73.94991,
            40.82206
          ],
          [
            -73.94986,
            40.82213
          ],
          [
            -73.94965,
            40.82242
          ],
          [
            -73.94965,
            40.82242
          ],
          [
            -73.94965,
            40.82242
          ],
          [
            -73.9495,
            40.82263
          ],
          [
            -73.94946,
            40.82268
          ],
          [
            -73.94941,
            40.82275
          ],
          [
            -73.94904,
            40.82326
          ],
          [
            -73.94899,
            40.82332
          ],
          [
            -73.94895,
            40.82337
          ],
          [
            -73.94858,
            40.82389
          ],
          [
            -73.94854,
            40.82394
          ],
          [
            -73.9485,
            40.82399
          ],
          [
            -73.94831,
            40.82426
          ],
          [
            -73.94831,
            40.82426
          ],
          [
            -73.94831,
            40.82426
          ],
          [
            -73.94812,
            40.82451
          ],
          [
            -73.94809,
            40.82455
          ],
          [
            -73.94804,
            40.82462
          ],
          [
            -73.94767,
            40.82514
          ],
          [
            -73.9476,
            40.82524
          ],
          [
            -73.94752,
            40.82534
          ],
          [
            -73.9473,
            40.82564
          ],
          [
            -73.9473,
            40.82564
          ],
          [
            -73.9473,
            40.82564
          ],
          [
            -73.94714,
            40.82585
          ],
          [
            -73.94711,
            40.8259
          ],
          [
            -73.94706,
            40.82596
          ],
          [
            -73.94669,
            40.82648
          ],
          [
            -73.94665,
            40.82653
          ],
          [
            -73.94661,
            40.82659
          ],
          [
            -73.94623,
            40.8271
          ],
          [
            -73.94619,
            40.82715
          ],
          [
            -73.94615,
            40.82721
          ],
          [
            -73.9458,
            40.82768
          ],
          [
            -73.9458,
            40.82768
          ],
          [
            -73.9458,
            40.82768
          ],
          [
            -73.94577,
            40.82773
          ],
          [
            -73.94573,
            40.82778
          ],
          [
            -73.94569,
            40.82784
          ],
          [
            -73.94532,
            40.82835
          ],
          [
            -73.94528,
            40.8284
          ],
          [
            -73.94524,
            40.82846
          ],
          [
            -73.94511,
            40.82863
          ],
          [
            -73.94509,
            40.82866
          ],
          [
            -73.945,
            40.82878
          ],
          [
            -73.94487,
            40.82897
          ],
          [
            -73.94483,
            40.82902
          ],
          [
            -73.9448,
            40.82906
          ],
          [
            -73.94441,
            40.82959
          ],
          [
            -73.94437,
            40.82964
          ],
          [
            -73.94433,
            40.8297
          ],
          [
            -73.94416,
            40.82993
          ],
          [
            -73.94416,
            40.82993
          ],
          [
            -73.94416,
            40.82993
          ],
          [
            -73.94409,
            40.83003
          ],
          [
            -73.94396,
            40.83021
          ],
          [
            -73.94391,
            40.83027
          ],
          [
            -73.94388,
            40.83032
          ],
          [
            -73.9435,
            40.83084
          ],
          [
            -73.94346,
            40.83089
          ],
          [
            -73.94342,
            40.83095
          ],
          [
            -73.94305,
            40.83146
          ],
          [
            -73.94297,
            40.83157
          ],
          [
            -73.9429,
            40.83166
          ],
          [
            -73.94287,
            40.8317
          ],
          [
            -73.94287,
            40.8317
          ],
          [
            -73.94287,
            40.8317
          ],
          [
            -73.94252,
            40.83218
          ],
          [
            -73.94248,
            40.83223
          ],
          [
            -73.94244,
            40.83229
          ],
          [
            -73.94206,
            40.83281
          ],
          [
            -73.94201,
            40.83288
          ],
          [
            -73.94198,
            40.83292
          ],
          [
            -73.94161,
            40.83343
          ],
          [
            -73.94157,
            40.83348
          ],
          [
            -73.94152,
            40.83355
          ],
          [
            -73.94144,
            40.83366
          ],
          [
            -73.94144,
            40.83366
          ],
          [
            -73.94144,
            40.83366
          ],
          [
            -73.94115,
            40.83406
          ],
          [
            -73.94111,
            40.83411
          ],
          [
            -73.94106,
            40.83417
          ],
          [
            -73.94069,
            40.83467
          ],
          [
            -73.94065,
            40.83473
          ],
          [
            -73.94061,
            40.83479
          ],
          [
            -73.94026,
            40.83527
          ],
          [
            -73.94026,
            40.83527
          ],
          [
            -73.94026,
            40.83527
          ],
          [
            -73.94024,
            40.8353
          ],
          [
            -73.9402,
            40.83536
          ],
          [
            -73.94016,
            40.83542
          ],
          [
            -73.94006,
            40.83556
          ],
          [
            -73.93993,
            40.83576
          ],
          [
            -73.93988,
            40.83582
          ],
          [
            -73.93984,
            40.83589
          ],
          [
            -73.93981,
            40.83593
          ],
          [
            -73.93971,
            40.83607
          ],
          [
            -73.93956,
            40.83628
          ],
          [
            -73.93939,
            40.83651
          ],
          [
            -73.93934,
            40.83658
          ],
          [
            -73.93929,
            40.83664
          ],
          [
            -73.93889,
            40.83719
          ],
          [
            -73.93886,
            40.83724
          ],
          [
            -73.93881,
            40.8373
          ],
          [
            -73.93866,
            40.8375
          ],
          [
            -73.93866,
            40.8375
          ],
          [
            -73.93866,
            40.8375
          ],
          [
            -73.93862,
            40.83755
          ],
          [
            -73.9384,
            40.83782
          ],
          [
            -73.93835,
            40.83788
          ],
          [
            -73.93827,
            40.838
          ],
          [
            -73.93818,
            40.83812
          ],
          [
            -73.93805,
            40.8383
          ],
          [
            -73.93791,
            40.83849
          ],
          [
            -73.93783,
            40.83861
          ],
          [
            -73.93777,
            40.83868
          ],
          [
            -73.93775,
            40.83871
          ],
          [
            -73.93773,
            40.83874
          ],
          [
            -73.93756,
            40.83899
          ],
          [
            -73.93753,
            40.83902
          ],
          [
            -73.93739,
            40.83922
          ],
          [
            -73.93736,
            40.83927
          ],
          [
            -73.93735,
            40.83928
          ],
          [
            -73.93734,
            40.8393
          ],
          [
            -73.93721,
            40.83946
          ],
          [
            -73.93717,
            40.83951
          ],
          [
            -73.93703,
            40.8397
          ],
          [
            -73.93703,
            40.8397
          ],
          [
            -73.93703,
            40.8397
          ],
          [
            -73.93696,
            40.8398
          ],
          [
            -73.93691,
            40.83986
          ],
          [
            -73.93685,
            40.83994
          ],
          [
            -73.93678,
            40.84003
          ],
          [
            -73.93667,
            40.84019
          ],
          [
            -73.9365,
            40.84042
          ],
          [
            -73.93646,
            40.84048
          ],
          [
            -73.93642,
            40.84053
          ],
          [
            -73.93631,
            40.84068
          ],
          [
            -73.93608,
            40.84099
          ],
          [
            -73.93604,
            40.84106
          ],
          [
            -73.93601,
            40.84109
          ],
          [
            -73.93598,
            40.84114
          ],
          [
            -73.9358,
            40.84138
          ],
          [
            -73.93565,
            40.84158
          ],
          [
            -73.9356,
            40.84165
          ],
          [
            -73.93557,
            40.8417
          ],
          [
            -73.93553,
            40.84175
          ],
          [
            -73.93538,
            40.84195
          ],
          [
            -73.93534,
            40.84201
          ],
          [
            -73.93534,
            40.84201
          ],
          [
            -73.93534,
            40.84201
          ],
          [
            -73.93516,
            40.84225
          ],
          [
            -73.93512,
            40.8423
          ],
          [
            -73.93509,
            40.84235
          ],
          [
            -73.93503,
            40.84244
          ],
          [
            -73.93488,
            40.84265
          ],
          [
            -73.93473,
            40.84288
          ],
          [
            -73.93468,
            40.84294
          ],
          [
            -73.93462,
            40.84302
          ],
          [
            -73.93452,
            40.84315
          ],
          [
            -73.93452,
            40.84315
          ],
          [
            -73.93452,
            40.84315
          ],
          [
            -73.93442,
            40.8433
          ],
          [
            -73.93425,
            40.84352
          ],
          [
            -73.93421,
            40.84358
          ],
          [
            -73.93416,
            40.84365
          ],
          [
            -73.93398,
            40.84389
          ],
          [
            -73.9338,
            40.84414
          ],
          [
            -73.93372,
            40.84425
          ],
          [
            -73.93365,
            40.84435
          ],
          [
            -73.93328,
            40.84486
          ],
          [
            -73.93324,
            40.84491
          ],
          [
            -73.9332,
            40.84496
          ],
          [
            -73.93304,
            40.84518
          ],
          [
            -73.93304,
            40.84518
          ],
          [
            -73.93304,
            40.84518
          ],
          [
            -73.93284,
            40.84546
          ],
          [
            -73.93283,
            40.84548
          ],
          [
            -73.93278,
            40.84554
          ],
          [
            -73.93275,
            40.84559
          ],
          [
            -73.93238,
            40.84609
          ],
          [
            -73.93233,
            40.84616
          ],
          [
            -73.93228,
            40.84623
          ],
          [
            -73.93208,
            40.8465
          ],
          [
            -73.93189,
            40.84675
          ],
          [
            -73.93185,
            40.84681
          ],
          [
            -73.93181,
            40.84687
          ],
          [
            -73.93168,
            40.84704
          ],
          [
            -73.93168,
            40.84704
          ],
          [
            -73.93168,
            40.84704
          ],
          [
            -73.93162,
            40.84713
          ],
          [
            -73.93144,
            40.84738
          ],
          [
            -73.9314,
            40.84743
          ],
          [
            -73.93135,
            40.84749
          ],
          [
            -73.93117,
            40.84774
          ],
          [
            -73.93117,
            40.84775
          ],
          [
            -73.93111,
            40.84782
          ],
          [
            -73.93096,
            40.84803
          ],
          [
            -73.93088,
            40.84814
          ],
          [
            -73.93082,
            40.84822
          ],
          [
            -73.93079,
            40.84825
          ],
          [
            -73.9307,
            40.84839
          ],
          [
            -73.9307,
            40.84839
          ],
          [
            -73.93069,
            40.84839
          ],
          [
            -73.93062,
            40.8485
          ],
          [
            -73.93051,
            40.84864
          ],
          [
            -73.93047,
            40.8487
          ],
          [
            -73.93043,
            40.84876
          ],
          [
            -73.9304,
            40.8488
          ],
          [
            -73.93031,
            40.84892
          ],
          [
            -73.93008,
            40.84923
          ],
          [
            -73.93004,
            40.84929
          ],
          [
            -73.93002,
            40.84932
          ],
          [
            -73.92996,
            40.84939
          ],
          [
            -73.92976,
            40.84966
          ],
          [
            -73.92974,
            40.84971
          ],
          [
            -73.92971,
            40.84975
          ],
          [
            -73.92968,
            40.84983
          ],
          [
            -73.92968,
            40.84983
          ],
          [
            -73.92968,
            40.84983
          ],
          [
            -73.92964,
            40.84992
          ],
          [
            -73.92962,
            40.84995
          ],
          [
            -73.9296,
            40.84998
          ],
          [
            -73.92925,
            40.85045
          ],
          [
            -73.9292,
            40.85053
          ],
          [
            -73.92916,
            40.85057
          ],
          [
            -73.9289,
            40.85093
          ],
          [
            -73.92871,
            40.85113
          ],
          [
            -73.92865,
            40.85119
          ],
          [
            -73.92862,
            40.85124
          ],
          [
            -73.92841,
            40.85152
          ],
          [
            -73.92825,
            40.85174
          ],
          [
            -73.92821,
            40.8518
          ],
          [
            -73.92816,
            40.85187
          ],
          [
            -73.92811,
            40.85193
          ],
          [
            -73.92789,
            40.85223
          ],
          [
            -73.92789,
            40.85223
          ],
          [
            -73.92789,
            40.85223
          ],
          [
            -73.92774,
            40.85243
          ],
          [
            -73.9277,
            40.8525
          ],
          [
            -73.92766,
            40.85255
          ],
          [
            -73.92749,
            40.85278
          ],
          [
            -73.92739,
            40.85292
          ],
          [
            -73.92728,
            40.85306
          ],
          [
            -73.92724,
            40.85312
          ],
          [
            -73.9272,
            40.85317
          ],
          [
            -73.92686,
            40.85364
          ],
          [
            -73.92681,
            40.85372
          ],
          [
            -73.92675,
            40.8538
          ],
          [
            -73.92663,
            40.85396
          ],
          [
            -73.92663,
            40.85396
          ],
          [
            -73.92663,
            40.85396
          ],
          [
            -73.92591,
            40.85494
          ],
          [
            -73.92514,
            40.85597
          ],
          [
            -73.92486,
            40.85637
          ],
          [
            -73.92486,
            40.85637
          ],
          [
            -73.92474,
            40.85657
          ],
          [
            -73.92465,
            40.85678
          ],
          [
            -73.92463,
            40.85697
          ],
          [
            -73.92465,
            40.85716
          ],
          [
            -73.9247,
            40.85731
          ],
          [
            -73.92477,
            40.85745
          ],
          [
            -73.92484,
            40.8576
          ],
          [
            -73.92493,
            40.85776
          ],
          [
            -73.92497,
            40.85782
          ],
          [
            -73.92503,
            40.8579
          ],
          [
            -73.92508,
            40.85796
          ],
          [
            -73.9252,
            40.85807
          ],
          [
            -73.92531,
            40.85812
          ],
          [
            -73.9254,
            40.85816
          ],
          [
            -73.92546,
            40.85818
          ],
          [
            -73.92552,
            40.8582
          ],
          [
            -73.92561,
            40.85822
          ],
          [
            -73.92571,
            40.85823
          ],
          [
            -73.92587,
            40.85824
          ],
          [
            -73.92602,
            40.85822
          ],
          [
            -73.92609,
            40.8582
          ],
          [
            -73.92616,
            40.85819
          ],
          [
            -73.92619,
            40.85818
          ],
          [
            -73.92625,
            40.85816
          ],
          [
            -73.92636,
            40.8581
          ],
          [
            -73.92647,
            40.85803
          ],
          [
            -73.9265,
            40.858
          ],
          [
            -73.9265,
            40.858
          ]
        ]
      }
    },
    {
      "type": "Feature",
      "properties": {
        "route_id": "M101-N-Morning",
        "layer": "T2 Optimal"
      },
      "geometry": {
        "type": "LineString",
        "coordinates": [
          [
            -73.99,
            40.72962
          ],
          [
            -73.98991,
            40.72957
          ],
          [
            -73.98991,
            40.72957
          ],
          [
            -73.98985,
            40.72964
          ],
          [
            -73.98982,
            40.72968
          ],
          [
            -73.98969,
            40.72986
          ],
          [
            -73.98956,
            40.73004
          ],
          [
            -73.98953,
            40.73009
          ],
          [
            -73.98948,
            40.73015
          ],
          [
            -73.98945,
            40.7302
          ],
          [
            -73.98941,
            40.73025
          ],
          [
            -73.98929,
            40.73041
          ],
          [
            -73.98929,
            40.73041
          ],
          [
            -73.98929,
            40.73041
          ],
          [
            -73.98916,
            40.73059
          ],
          [
            -73.98913,
            40.73063
          ],
          [
            -73.9891,
            40.73067
          ],
          [
            -73.98906,
            40.73073
          ],
          [
            -73.98902,
            40.73078
          ],
          [
            -73.98899,
            40.73083
          ],
          [
            -73.9887,
            40.73123
          ],
          [
            -73.98866,
            40.73127
          ],
          [
            -73.98862,
            40.73133
          ],
          [
            -73.98858,
            40.73139
          ],
          [
            -73.98854,
            40.73143
          ],
          [
            -73.98823,
            40.73187
          ],
          [
            -73.9882,
            40.73191
          ],
          [
            -73.98816,
            40.73197
          ],
          [
            -73.98812,
            40.73202
          ],
          [
            -73.98808,
            40.73207
          ],
          [
            -73.98776,
            40.73251
          ],
          [
            -73.98773,
            40.73255
          ],
          [
            -73.98768,
            40.73262
          ],
          [
            -73.98765,
            40.73267
          ],
          [
            -73.98761,
            40.73271
          ],
          [
            -73.98745,
            40.73294
          ],
          [
            -73.98729,
            40.73315
          ],
          [
            -73.98725,
            40.7332
          ],
          [
            -73.98719,
            40.7333
          ],
          [
            -73.98712,
            40.73339
          ],
          [
            -73.98708,
            40.73344
          ],
          [
            -73.98697,
            40.7336
          ],
          [
            -73.98688,
            40.73373
          ],
          [
            -73.98688,
            40.73373
          ],
          [
            -73.98688,
            40.73373
          ],
          [
            -73.98686,
            40.73375
          ],
          [
            -73.98676,
            40.73388
          ],
          [
            -73.98673,
            40.73393
          ],
          [
            -73.98669,
            40.73398
          ],
          [
            -73.98664,
            40.73404
          ],
          [
            -73.98662,
            40.73409
          ],
          [
            -73.98629,
            40.73453
          ],
          [
            -73.98626,
            40.73457
          ],
          [
            -73.98622,
            40.73462
          ],
          [
            -73.98618,
            40.73468
          ],
          [
            -73.98615,
            40.73472
          ],
          [
            -73.98586,
            40.73512
          ],
          [
            -73.98584,
            40.73516
          ],
          [
            -73.98579,
            40.73521
          ],
          [
            -73.98575,
            40.73527
          ],
          [
            -73.98573,
            40.73531
          ],
          [
            -73.98544,
            40.7357
          ],
          [
            -73.98541,
            40.73574
          ],
          [
            -73.98537,
            40.7358
          ],
          [
            -73.98533,
            40.73586
          ],
          [
            -73.98529,
            40.7359
          ],
          [
            -73.98502,
            40.73628
          ],
          [
            -73.98499,
            40.73632
          ],
          [
            -73.98494,
            40.73638
          ],
          [
            -73.9849,
            40.73644
          ],
          [
            -73.98487,
            40.73648
          ],
          [
            -73.98459,
            40.73687
          ],
          [
            -73.98455,
            40.73691
          ],
          [
            -73.98451,
            40.73697
          ],
          [
            -73.98447,
            40.73703
          ],
          [
            -73.98444,
            40.73707
          ],
          [
            -73.98416,
            40.73745
          ],
          [
            -73.98413,
            40.7375
          ],
          [
            -73.98408,
            40.73756
          ],
          [
            -73.98405,
            40.73761
          ],
          [
            -73.98401,
            40.73766
          ],
          [
            -73.98371,
            40.73808
          ],
          [
            -73.98368,
            40.73811
          ],
          [
            -73.98364,
            40.73817
          ],
          [
            -73.9836,
            40.73822
          ],
          [
            -73.98357,
            40.73827
          ],
          [
            -73.98326,
            40.73869
          ],
          [
            -73.98323,
            40.73874
          ],
          [
            -73.98315,
            40.73884
          ],
          [
            -73.98308,
            40.73894
          ],
          [
            -73.98304,
            40.73899
          ],
          [
            -73.98285,
            40.73925
          ],
          [
            -73.98285,
            40.73925
          ],
          [
            -73.98285,
            40.73925
          ],
          [
            -73.98274,
            40.7394
          ],
          [
            -73.98271,
            40.73945
          ],
          [
            -73.98267,
            40.7395
          ],
          [
            -73.98262,
            40.73956
          ],
          [
            -73.98229,
            40.74003
          ],
          [
            -73.98226,
            40.74007
          ],
          [
            -73.98222,
            40.74013
          ],
          [
            -73.98218,
            40.74017
          ],
          [
            -73.98184,
            40.74065
          ],
          [
            -73.98181,
            40.74069
          ],
          [
            -73.98177,
            40.74075
          ],
          [
            -73.98173,
            40.7408
          ],
          [
            -73.98139,
            40.74126
          ],
          [
            -73.98136,
            40.74131
          ],
          [
            -73.98132,
            40.74136
          ],
          [
            -73.98128,
            40.74142
          ],
          [
            -73.98095,
            40.74188
          ],
          [
            -73.98091,
            40.74192
          ],
          [
            -73.98087,
            40.74198
          ],
          [
            -73.98083,
            40.74204
          ],
          [
            -73.9805,
            40.74249
          ],
          [
            -73.98046,
            40.74254
          ],
          [
            -73.98042,
            40.7426
          ],
          [
            -73.98038,
            40.74266
          ],
          [
            -73.98005,
            40.74311
          ],
          [
            -73.98001,
            40.74315
          ],
          [
            -73.97997,
            40.74322
          ],
          [
            -73.97993,
            40.74327
          ],
          [
            -73.97959,
            40.74373
          ],
          [
            -73.97956,
            40.74377
          ],
          [
            -73.97952,
            40.74383
          ],
          [
            -73.97948,
            40.74389
          ],
          [
            -73.97914,
            40.74436
          ],
          [
            -73.97911,
            40.74439
          ],
          [
            -73.97907,
            40.74445
          ],
          [
            -73.97902,
            40.74451
          ],
          [
            -73.97869,
            40.74497
          ],
          [
            -73.97867,
            40.74499
          ],
          [
            -73.97867,
            40.74499
          ],
          [
            -73.97867,
            40.74499
          ],
          [
            -73.97866,
            40.74501
          ],
          [
            -73.97862,
            40.74507
          ],
          [
            -73.97858,
            40.74512
          ],
          [
            -73.97841,
            40.74535
          ],
          [
            -73.97823,
            40.74561
          ],
          [
            -73.9782,
            40.74565
          ],
          [
            -73.97813,
            40.74574
          ],
          [
            -73.97806,
            40.74583
          ],
          [
            -73.97772,
            40.7463
          ],
          [
            -73.97769,
            40.74634
          ],
          [
            -73.97765,
            40.7464
          ],
          [
            -73.97761,
            40.74646
          ],
          [
            -73.97726,
            40.74692
          ],
          [
            -73.97723,
            40.74696
          ],
          [
            -73.97719,
            40.74701
          ],
          [
            -73.97715,
            40.74707
          ],
          [
            -73.97683,
            40.74754
          ],
          [
            -73.9768,
            40.74758
          ],
          [
            -73.97676,
            40.74764
          ],
          [
            -73.97672,
            40.7477
          ],
          [
            -73.97648,
            40.74803
          ],
          [
            -73.97638,
            40.74817
          ],
          [
            -73.97635,
            40.7482
          ],
          [
            -73.97632,
            40.74825
          ],
          [
            -73.97627,
            40.74831
          ],
          [
            -73.97626,
            40.74833
          ],
          [
            -73.97592,
            40.74879
          ],
          [
            -73.9759,
            40.74882
          ],
          [
            -73.97585,
            40.74889
          ],
          [
            -73.97581,
            40.74894
          ],
          [
            -73.9758,
            40.74896
          ],
          [
            -73.97548,
            40.74939
          ],
          [
            -73.97545,
            40.74944
          ],
          [
            -73.9754,
            40.7495
          ],
          [
            -73.97537,
            40.74955
          ],
          [
            -73.97534,
            40.74958
          ],
          [
            -73.97524,
            40.74972
          ],
          [
            -73.97503,
            40.75001
          ],
          [
            -73.975,
            40.75005
          ],
          [
            -73.97495,
            40.75012
          ],
          [
            -73.97491,
            40.75017
          ],
          [
            -73.9749,
            40.7502
          ],
          [
            -73.97478,
            40.75035
          ],
          [
            -73.97457,
            40.75063
          ],
          [
            -73.97454,
            40.75068
          ],
          [
            -73.97447,
            40.75077
          ],
          [
            -73.9744,
            40.75088
          ],
          [
            -73.97422,
            40.75113
          ],
          [
            -73.97422,
            40.75113
          ],
          [
            -73.97422,
            40.75113
          ],
          [
            -73.97417,
            40.75118
          ],
          [
            -73.97402,
            40.75139
          ],
          [
            -73.97397,
            40.75146
          ],
          [
            -73.97393,
            40.75151
          ],
          [
            -73.97357,
            40.75202
          ],
          [
            -73.97352,
            40.75208
          ],
          [
            -73.97348,
            40.75213
          ],
          [
            -73.97337,
            40.75229
          ],
          [
            -73.97311,
            40.75264
          ],
          [
            -73.97306,
            40.7527
          ],
          [
            -73.97302,
            40.75276
          ],
          [
            -73.97265,
            40.75327
          ],
          [
            -73.9726,
            40.75333
          ],
          [
            -73.97256,
            40.75339
          ],
          [
            -73.97219,
            40.7539
          ],
          [
            -73.97215,
            40.75395
          ],
          [
            -73.97211,
            40.75402
          ],
          [
            -73.97191,
            40.75429
          ],
          [
            -73.97174,
            40.75452
          ],
          [
            -73.97169,
            40.75458
          ],
          [
            -73.97164,
            40.75465
          ],
          [
            -73.97146,
            40.7549
          ],
          [
            -73.97128,
            40.75515
          ],
          [
            -73.97124,
            40.75521
          ],
          [
            -73.97119,
            40.75526
          ],
          [
            -73.97099,
            40.75554
          ],
          [
            -73.97099,
            40.75554
          ],
          [
            -73.97099,
            40.75554
          ],
          [
            -73.97082,
            40.75578
          ],
          [
            -73.97078,
            40.75583
          ],
          [
            -73.97073,
            40.7559
          ],
          [
            -73.97058,
            40.7561
          ],
          [
            -73.97037,
            40.75639
          ],
          [
            -73.97032,
            40.75646
          ],
          [
            -73.97019,
            40.75664
          ],
          [
            -73.9699,
            40.75703
          ],
          [
            -73.96985,
            40.7571
          ],
          [
            -73.96982,
            40.75714
          ],
          [
            -73.96945,
            40.75765
          ],
          [
            -73.96941,
            40.75771
          ],
          [
            -73.96936,
            40.75777
          ],
          [
            -73.969,
            40.75827
          ],
          [
            -73.96895,
            40.75834
          ],
          [
            -73.96891,
            40.7584
          ],
          [
            -73.96854,
            40.75889
          ],
          [
            -73.96849,
            40.75896
          ],
          [
            -73.96849,
            40.75896
          ],
          [
            -73.96846,
            40.75903
          ],
          [
            -73.96833,
            40.75924
          ],
          [
            -73.96811,
            40.75954
          ],
          [
            -73.96806,
            40.7596
          ],
          [
            -73.96802,
            40.75966
          ],
          [
            -73.96774,
            40.76005
          ],
          [
            -73.96765,
            40.76018
          ],
          [
            -73.96758,
            40.76028
          ],
          [
            -73.9675,
            40.76037
          ],
          [
            -73.96746,
            40.76043
          ],
          [
            -73.9672,
            40.76076
          ],
          [
            -73.96709,
            40.76088
          ],
          [
            -73.96704,
            40.76094
          ],
          [
            -73.967,
            40.76099
          ],
          [
            -73.96677,
            40.7613
          ],
          [
            -73.96663,
            40.7615
          ],
          [
            -73.96659,
            40.76156
          ],
          [
            -73.96655,
            40.76162
          ],
          [
            -73.96617,
            40.76213
          ],
          [
            -73.96613,
            40.7622
          ],
          [
            -73.96609,
            40.76224
          ],
          [
            -73.96599,
            40.76239
          ],
          [
            -73.96584,
            40.76258
          ],
          [
            -73.96583,
            40.7626
          ],
          [
            -73.96583,
            40.7626
          ],
          [
            -73.96583,
            40.7626
          ],
          [
            -73.96575,
            40.7627
          ],
          [
            -73.96571,
            40.76275
          ],
          [
            -73.96567,
            40.76281
          ],
          [
            -73.96563,
            40.76287
          ],
          [
            -73.96526,
            40.76337
          ],
          [
            -73.96521,
            40.76343
          ],
          [
            -73.96517,
            40.76349
          ],
          [
            -73.9648,
            40.764
          ],
          [
            -73.96476,
            40.76406
          ],
          [
            -73.96471,
            40.76412
          ],
          [
            -73.96434,
            40.76463
          ],
          [
            -73.9643,
            40.76468
          ],
          [
            -73.96426,
            40.76474
          ],
          [
            -73.96388,
            40.76525
          ],
          [
            -73.96384,
            40.76531
          ],
          [
            -73.9638,
            40.76537
          ],
          [
            -73.96377,
            40.76541
          ],
          [
            -73.96348,
            40.76581
          ],
          [
            -73.96345,
            40.76585
          ],
          [
            -73.96343,
            40.76588
          ],
          [
            -73.96339,
            40.76594
          ],
          [
            -73.96335,
            40.76599
          ],
          [
            -73.96297,
            40.76651
          ],
          [
            -73.96293,
            40.76656
          ],
          [
            -73.96289,
            40.76661
          ],
          [
            -73.96252,
            40.76712
          ],
          [
            -73.96252,
            40.76712
          ],
          [
            -73.96252,
            40.76712
          ],
          [
            -73.96251,
            40.76713
          ],
          [
            -73.96247,
            40.76719
          ],
          [
            -73.96243,
            40.76725
          ],
          [
            -73.96235,
            40.76735
          ],
          [
            -73.96206,
            40.76776
          ],
          [
            -73.96202,
            40.76781
          ],
          [
            -73.96197,
            40.76788
          ],
          [
            -73.96161,
            40.76839
          ],
          [
            -73.96158,
            40.76844
          ],
          [
            -73.96153,
            40.7685
          ],
          [
            -73.96116,
            40.76901
          ],
          [
            -73.96111,
            40.76908
          ],
          [
            -73.96108,
            40.76912
          ],
          [
            -73.96098,
            40.76925
          ],
          [
            -73.96067,
            40.76966
          ],
          [
            -73.9606,
            40.76975
          ],
          [
            -73.96053,
            40.76985
          ],
          [
            -73.96035,
            40.7701
          ],
          [
            -73.96035,
            40.7701
          ],
          [
            -73.96035,
            40.7701
          ],
          [
            -73.96015,
            40.77038
          ],
          [
            -73.9601,
            40.77043
          ],
          [
            -73.96006,
            40.77049
          ],
          [
            -73.95969,
            40.77102
          ],
          [
            -73.95965,
            40.77107
          ],
          [
            -73.95961,
            40.77113
          ],
          [
            -73.95951,
            40.77126
          ],
          [
            -73.95922,
            40.77164
          ],
          [
            -73.9592,
            40.77167
          ],
          [
            -73.95918,
            40.7717
          ],
          [
            -73.95914,
            40.77175
          ],
          [
            -73.95903,
            40.7719
          ],
          [
            -73.95876,
            40.77228
          ],
          [
            -73.95871,
            40.77234
          ],
          [
            -73.95868,
            40.77239
          ],
          [
            -73.9583,
            40.77292
          ],
          [
            -73.95826,
            40.77298
          ],
          [
            -73.95822,
            40.77303
          ],
          [
            -73.95784,
            40.77356
          ],
          [
            -73.9578,
            40.7736
          ],
          [
            -73.95776,
            40.77366
          ],
          [
            -73.95765,
            40.77381
          ],
          [
            -73.95736,
            40.7742
          ],
          [
            -73.95729,
            40.77429
          ],
          [
            -73.95722,
            40.77438
          ],
          [
            -73.95704,
            40.77463
          ],
          [
            -73.95704,
            40.77463
          ],
          [
            -73.95704,
            40.77463
          ],
          [
            -73.95684,
            40.77491
          ],
          [
            -73.9568,
            40.77497
          ],
          [
            -73.95675,
            40.77503
          ],
          [
            -73.95637,
            40.77555
          ],
          [
            -73.95634,
            40.77559
          ],
          [
            -73.95629,
            40.77566
          ],
          [
            -73.95591,
            40.77618
          ],
          [
            -73.95587,
            40.77624
          ],
          [
            -73.95582,
            40.7763
          ],
          [
            -73.95545,
            40.77682
          ],
          [
            -73.95541,
            40.77687
          ],
          [
            -73.95537,
            40.77693
          ],
          [
            -73.95498,
            40.77745
          ],
          [
            -73.95494,
            40.77751
          ],
          [
            -73.95489,
            40.77757
          ],
          [
            -73.95452,
            40.77809
          ],
          [
            -73.95448,
            40.77814
          ],
          [
            -73.95443,
            40.7782
          ],
          [
            -73.95427,
            40.77842
          ],
          [
            -73.95423,
            40.77849
          ],
          [
            -73.95423,
            40.77849
          ],
          [
            -73.95423,
            40.77849
          ],
          [
            -73.95405,
            40.77873
          ],
          [
            -73.95398,
            40.77883
          ],
          [
            -73.95391,
            40.77892
          ],
          [
            -73.95381,
            40.77906
          ],
          [
            -73.95353,
            40.77944
          ],
          [
            -73.95349,
            40.7795
          ],
          [
            -73.95344,
            40.77956
          ],
          [
            -73.95307,
            40.78007
          ],
          [
            -73.95303,
            40.78013
          ],
          [
            -73.95299,
            40.78018
          ],
          [
            -73.95261,
            40.7807
          ],
          [
            -73.95257,
            40.78075
          ],
          [
            -73.95253,
            40.78081
          ],
          [
            -73.95215,
            40.78133
          ],
          [
            -73.95212,
            40.78138
          ],
          [
            -73.95207,
            40.78144
          ],
          [
            -73.95169,
            40.78196
          ],
          [
            -73.95165,
            40.78201
          ],
          [
            -73.95161,
            40.78207
          ],
          [
            -73.95145,
            40.78229
          ],
          [
            -73.95123,
            40.78258
          ],
          [
            -73.9512,
            40.78263
          ],
          [
            -73.95115,
            40.78269
          ],
          [
            -73.95079,
            40.78321
          ],
          [
            -73.95075,
            40.78327
          ],
          [
            -73.95071,
            40.78333
          ],
          [
            -73.95034,
            40.78385
          ],
          [
            -73.9503,
            40.78391
          ],
          [
            -73.95026,
            40.78396
          ],
          [
            -73.94987,
            40.78448
          ],
          [
            -73.94984,
            40.78453
          ],
          [
            -73.94979,
            40.78458
          ],
          [
            -73.9494,
            40.78511
          ],
          [
            -73.94933,
            40.7852
          ],
          [
            -73.94925,
            40.7853
          ],
          [
            -73.94888,
            40.78582
          ],
          [
            -73.94883,
            40.78589
          ],
          [
            -73.94883,
            40.78589
          ],
          [
            -73.94869,
            40.78584
          ],
          [
            -73.94867,
            40.78583
          ],
          [
            -73.94867,
            40.78583
          ],
          [
            -73.94867,
            40.78583
          ],
          [
            -73.94869,
            40.78584
          ],
          [
            -73.94883,
            40.78589
          ],
          [
            -73.94883,
            40.78589
          ],
          [
            -73.94878,
            40.78596
          ],
          [
            -73.94844,
            40.78644
          ],
          [
            -73.94839,
            40.7865
          ],
          [
            -73.94834,
            40.78656
          ],
          [
            -73.94802,
            40.787
          ],
          [
            -73.94797,
            40.78706
          ],
          [
            -73.94792,
            40.78712
          ],
          [
            -73.94787,
            40.78719
          ],
          [
            -73.94772,
            40.7874
          ],
          [
            -73.9475,
            40.7877
          ],
          [
            -73.94746,
            40.78775
          ],
          [
            -73.94742,
            40.78781
          ],
          [
            -73.94733,
            40.78793
          ],
          [
            -73.94733,
            40.78793
          ],
          [
            -73.94733,
            40.78793
          ],
          [
            -73.94709,
            40.78826
          ],
          [
            -73.94704,
            40.78833
          ],
          [
            -73.947,
            40.78839
          ],
          [
            -73.94696,
            40.78845
          ],
          [
            -73.9466,
            40.78893
          ],
          [
            -73.94655,
            40.789
          ],
          [
            -73.9465,
            40.78907
          ],
          [
            -73.94612,
            40.78959
          ],
          [
            -73.94609,
            40.78964
          ],
          [
            -73.94604,
            40.78971
          ],
          [
            -73.94568,
            40.79019
          ],
          [
            -73.94564,
            40.79025
          ],
          [
            -73.94558,
            40.79033
          ],
          [
            -73.94521,
            40.79085
          ],
          [
            -73.94517,
            40.79089
          ],
          [
            -73.94513,
            40.79095
          ],
          [
            -73.94475,
            40.79147
          ],
          [
            -73.94468,
            40.79157
          ],
          [
            -73.94461,
            40.79167
          ],
          [
            -73.94443,
            40.79192
          ],
          [
            -73.94443,
            40.79192
          ],
          [
            -73.94443,
            40.79192
          ],
          [
            -73.94422,
            40.7922
          ],
          [
            -73.94418,
            40.79225
          ],
          [
            -73.94414,
            40.79231
          ],
          [
            -73.94383,
            40.79272
          ],
          [
            -73.94376,
            40.79282
          ],
          [
            -73.94372,
            40.79288
          ],
          [
            -73.94369,
            40.79292
          ],
          [
            -73.94332,
            40.79343
          ],
          [
            -73.94327,
            40.7935
          ],
          [
            -73.94322,
            40.79356
          ],
          [
            -73.94306,
            40.79378
          ],
          [
            -73.94284,
            40.79409
          ],
          [
            -73.94281,
            40.79413
          ],
          [
            -73.94276,
            40.79419
          ],
          [
            -73.94239,
            40.79471
          ],
          [
            -73.94235,
            40.79476
          ],
          [
            -73.9423,
            40.79482
          ],
          [
            -73.94193,
            40.79534
          ],
          [
            -73.94188,
            40.79541
          ],
          [
            -73.94182,
            40.79548
          ],
          [
            -73.94145,
            40.79598
          ],
          [
            -73.94137,
            40.7961
          ],
          [
            -73.9412,
            40.79634
          ],
          [
            -73.94098,
            40.79663
          ],
          [
            -73.94057,
            40.7972
          ],
          [
            -73.94052,
            40.79727
          ],
          [
            -73.94047,
            40.79733
          ],
          [
            -73.94011,
            40.79783
          ],
          [
            -73.94011,
            40.79783
          ],
          [
            -73.94011,
            40.79783
          ],
          [
            -73.94009,
            40.79786
          ],
          [
            -73.94003,
            40.79794
          ],
          [
            -73.93995,
            40.79804
          ],
          [
            -73.93956,
            40.79857
          ],
          [
            -73.93952,
            40.79863
          ],
          [
            -73.93948,
            40.79868
          ],
          [
            -73.9391,
            40.7992
          ],
          [
            -73.93906,
            40.79925
          ],
          [
            -73.93902,
            40.79931
          ],
          [
            -73.93865,
            40.79983
          ],
          [
            -73.93864,
            40.79983
          ],
          [
            -73.9386,
            40.79989
          ],
          [
            -73.93857,
            40.79994
          ],
          [
            -73.93856,
            40.79994
          ],
          [
            -73.93819,
            40.80046
          ],
          [
            -73.93816,
            40.8005
          ],
          [
            -73.93811,
            40.80056
          ],
          [
            -73.9381,
            40.80058
          ],
          [
            -73.93773,
            40.80109
          ],
          [
            -73.93769,
            40.80114
          ],
          [
            -73.93765,
            40.8012
          ],
          [
            -73.93727,
            40.80172
          ],
          [
            -73.93724,
            40.80177
          ],
          [
            -73.93719,
            40.80183
          ],
          [
            -73.93681,
            40.80234
          ],
          [
            -73.93677,
            40.8024
          ],
          [
            -73.93673,
            40.80246
          ],
          [
            -73.93635,
            40.80298
          ],
          [
            -73.93631,
            40.80303
          ],
          [
            -73.93627,
            40.80309
          ],
          [
            -73.93616,
            40.80324
          ],
          [
            -73.9359,
            40.80361
          ],
          [
            -73.93583,
            40.80371
          ],
          [
            -73.93583,
            40.80371
          ],
          [
            -73.93596,
            40.80376
          ],
          [
            -73.93626,
            40.80389
          ],
          [
            -73.93626,
            40.80389
          ],
          [
            -73.93626,
            40.80389
          ],
          [
            -73.9363,
            40.80391
          ],
          [
            -73.93652,
            40.804
          ],
          [
            -73.93673,
            40.80409
          ],
          [
            -73.93685,
            40.80414
          ],
          [
            -73.93735,
            40.80435
          ],
          [
            -73.93743,
            40.80438
          ],
          [
            -73.93753,
            40.80442
          ],
          [
            -73.9378,
            40.80454
          ],
          [
            -73.9378,
            40.80454
          ],
          [
            -73.9378,
            40.80454
          ],
          [
            -73.93788,
            40.80457
          ],
          [
            -73.93858,
            40.80487
          ],
          [
            -73.93885,
            40.80498
          ],
          [
            -73.93889,
            40.805
          ],
          [
            -73.93904,
            40.80506
          ],
          [
            -73.93918,
            40.80512
          ],
          [
            -73.93924,
            40.80515
          ],
          [
            -73.93951,
            40.80526
          ],
          [
            -73.93951,
            40.80526
          ],
          [
            -73.93951,
            40.80526
          ],
          [
            -73.9397,
            40.80534
          ],
          [
            -73.94013,
            40.80552
          ],
          [
            -73.94027,
            40.80558
          ],
          [
            -73.94055,
            40.8057
          ],
          [
            -73.94064,
            40.80574
          ],
          [
            -73.94076,
            40.80579
          ],
          [
            -73.941,
            40.80589
          ],
          [
            -73.94105,
            40.80591
          ],
          [
            -73.94105,
            40.80591
          ],
          [
            -73.94105,
            40.80591
          ],
          [
            -73.94183,
            40.80624
          ],
          [
            -73.94191,
            40.80627
          ],
          [
            -73.94217,
            40.80638
          ],
          [
            -73.94227,
            40.80642
          ],
          [
            -73.94237,
            40.80646
          ],
          [
            -73.94247,
            40.8065
          ],
          [
            -73.94247,
            40.8065
          ],
          [
            -73.94247,
            40.8065
          ],
          [
            -73.9426,
            40.80656
          ],
          [
            -73.94269,
            40.8066
          ],
          [
            -73.94378,
            40.80706
          ],
          [
            -73.94383,
            40.80708
          ],
          [
            -73.94389,
            40.8071
          ],
          [
            -73.94425,
            40.80726
          ],
          [
            -73.94481,
            40.80749
          ],
          [
            -73.94533,
            40.80771
          ],
          [
            -73.94541,
            40.80775
          ],
          [
            -73.94557,
            40.80781
          ],
          [
            -73.94567,
            40.80785
          ],
          [
            -73.94599,
            40.80799
          ],
          [
            -73.94599,
            40.80799
          ],
          [
            -73.94599,
            40.80799
          ],
          [
            -73.94686,
            40.80836
          ],
          [
            -73.94691,
            40.80838
          ],
          [
            -73.94696,
            40.8084
          ],
          [
            -73.94769,
            40.80871
          ],
          [
            -73.94801,
            40.80884
          ],
          [
            -73.94813,
            40.80889
          ],
          [
            -73.94825,
            40.80894
          ],
          [
            -73.9484,
            40.80901
          ],
          [
            -73.94853,
            40.80906
          ],
          [
            -73.94882,
            40.80918
          ],
          [
            -73.94882,
            40.80918
          ],
          [
            -73.94882,
            40.80918
          ],
          [
            -73.94973,
            40.80957
          ],
          [
            -73.94979,
            40.80959
          ],
          [
            -73.94987,
            40.80962
          ],
          [
            -73.95105,
            40.81012
          ],
          [
            -73.95118,
            40.81018
          ],
          [
            -73.95131,
            40.81023
          ],
          [
            -73.95163,
            40.81036
          ],
          [
            -73.95163,
            40.81036
          ],
          [
            -73.95163,
            40.81036
          ],
          [
            -73.95176,
            40.81042
          ],
          [
            -73.95188,
            40.81047
          ],
          [
            -73.95219,
            40.8106
          ],
          [
            -73.95246,
            40.81071
          ],
          [
            -73.95259,
            40.81077
          ],
          [
            -73.95273,
            40.81083
          ],
          [
            -73.95304,
            40.81096
          ],
          [
            -73.95304,
            40.81096
          ],
          [
            -73.95304,
            40.81096
          ],
          [
            -73.95317,
            40.81101
          ],
          [
            -73.95358,
            40.81118
          ],
          [
            -73.95389,
            40.81132
          ],
          [
            -73.95401,
            40.81137
          ],
          [
            -73.95414,
            40.81142
          ],
          [
            -73.95469,
            40.81166
          ],
          [
            -73.95475,
            40.81168
          ],
          [
            -73.9548,
            40.81171
          ],
          [
            -73.95483,
            40.81173
          ],
          [
            -73.95489,
            40.8118
          ],
          [
            -73.95497,
            40.81188
          ],
          [
            -73.955,
            40.81191
          ],
          [
            -73.955,
            40.81192
          ],
          [
            -73.95509,
            40.81201
          ],
          [
            -73.95522,
            40.81216
          ],
          [
            -73.95528,
            40.81223
          ],
          [
            -73.95574,
            40.81276
          ],
          [
            -73.95618,
            40.81328
          ],
          [
            -73.95627,
            40.81338
          ],
          [
            -73.95627,
            40.81338
          ],
          [
            -73.95618,
            40.8135
          ],
          [
            -73.9561,
            40.81362
          ],
          [
            -73.95597,
            40.81379
          ],
          [
            -73.95597,
            40.81379
          ],
          [
            -73.95597,
            40.81379
          ],
          [
            -73.95579,
            40.81402
          ],
          [
            -73.95576,
            40.81406
          ],
          [
            -73.9557,
            40.81414
          ],
          [
            -73.95565,
            40.81421
          ],
          [
            -73.95549,
            40.81442
          ],
          [
            -73.95544,
            40.81448
          ],
          [
            -73.9554,
            40.81454
          ],
          [
            -73.95524,
            40.81477
          ],
          [
            -73.95504,
            40.81506
          ],
          [
            -73.955,
            40.81511
          ],
          [
            -73.95496,
            40.81516
          ],
          [
            -73.95496,
            40.81516
          ],
          [
            -73.95496,
            40.81516
          ],
          [
            -73.95495,
            40.81517
          ],
          [
            -73.95466,
            40.81558
          ],
          [
            -73.95458,
            40.81569
          ],
          [
            -73.95454,
            40.81574
          ],
          [
            -73.9545,
            40.81579
          ],
          [
            -73.95411,
            40.81631
          ],
          [
            -73.95408,
            40.81636
          ],
          [
            -73.95402,
            40.81643
          ],
          [
            -73.95382,
            40.81671
          ],
          [
            -73.95382,
            40.81671
          ],
          [
            -73.95382,
            40.81671
          ],
          [
            -73.95379,
            40.81676
          ],
          [
            -73.95322,
            40.81753
          ],
          [
            -73.95318,
            40.81759
          ],
          [
            -73.95312,
            40.81767
          ],
          [
            -73.95298,
            40.81787
          ],
          [
            -73.95298,
            40.81787
          ],
          [
            -73.95298,
            40.81787
          ],
          [
            -73.95295,
            40.81792
          ],
          [
            -73.95277,
            40.81817
          ],
          [
            -73.95272,
            40.81823
          ],
          [
            -73.95269,
            40.81827
          ],
          [
            -73.95244,
            40.81861
          ],
          [
            -73.95227,
            40.81886
          ],
          [
            -73.95226,
            40.81887
          ],
          [
            -73.95221,
            40.81893
          ],
          [
            -73.95217,
            40.81899
          ],
          [
            -73.95216,
            40.81901
          ],
          [
            -73.9519,
            40.81934
          ],
          [
            -73.9519,
            40.81934
          ],
          [
            -73.9519,
            40.81934
          ],
          [
            -73.95178,
            40.81951
          ],
          [
            -73.95173,
            40.81957
          ],
          [
            -73.95168,
            40.81964
          ],
          [
            -73.9513,
            40.82016
          ],
          [
            -73.95087,
            40.82075
          ],
          [
            -73.95081,
            40.82082
          ],
          [
            -73.95078,
            40.82087
          ],
          [
            -73.95064,
            40.82107
          ],
          [
            -73.95064,
            40.82107
          ],
          [
            -73.95064,
            40.82107
          ],
          [
            -73.9504,
            40.82139
          ],
          [
            -73.95036,
            40.82144
          ],
          [
            -73.95032,
            40.82151
          ],
          [
            -73.94995,
            40.82201
          ],
          [
            -73.94991,
            40.82206
          ],
          [
            -73.94986,
            40.82213
          ],
          [
            -73.94965,
            40.82242
          ],
          [
            -73.94965,
            40.82242
          ],
          [
            -73.94965,
            40.82242
          ],
          [
            -73.9495,
            40.82263
          ],
          [
            -73.94946,
            40.82268
          ],
          [
            -73.94941,
            40.82275
          ],
          [
            -73.94904,
            40.82326
          ],
          [
            -73.94899,
            40.82332
          ],
          [
            -73.94895,
            40.82337
          ],
          [
            -73.94858,
            40.82389
          ],
          [
            -73.94854,
            40.82394
          ],
          [
            -73.9485,
            40.82399
          ],
          [
            -73.94831,
            40.82426
          ],
          [
            -73.94831,
            40.82426
          ],
          [
            -73.94831,
            40.82426
          ],
          [
            -73.94812,
            40.82451
          ],
          [
            -73.94809,
            40.82455
          ],
          [
            -73.94804,
            40.82462
          ],
          [
            -73.94767,
            40.82514
          ],
          [
            -73.9476,
            40.82524
          ],
          [
            -73.94752,
            40.82534
          ],
          [
            -73.9473,
            40.82564
          ],
          [
            -73.9473,
            40.82564
          ],
          [
            -73.9473,
            40.82564
          ],
          [
            -73.94714,
            40.82585
          ],
          [
            -73.94711,
            40.8259
          ],
          [
            -73.94706,
            40.82596
          ],
          [
            -73.94669,
            40.82648
          ],
          [
            -73.94665,
            40.82653
          ],
          [
            -73.94661,
            40.82659
          ],
          [
            -73.94623,
            40.8271
          ],
          [
            -73.94619,
            40.82715
          ],
          [
            -73.94615,
            40.82721
          ],
          [
            -73.9458,
            40.82768
          ],
          [
            -73.9458,
            40.82768
          ],
          [
            -73.9458,
            40.82768
          ],
          [
            -73.94577,
            40.82773
          ],
          [
            -73.94573,
            40.82778
          ],
          [
            -73.94569,
            40.82784
          ],
          [
            -73.94532,
            40.82835
          ],
          [
            -73.94528,
            40.8284
          ],
          [
            -73.94524,
            40.82846
          ],
          [
            -73.94511,
            40.82863
          ],
          [
            -73.94509,
            40.82866
          ],
          [
            -73.945,
            40.82878
          ],
          [
            -73.94487,
            40.82897
          ],
          [
            -73.94483,
            40.82902
          ],
          [
            -73.9448,
            40.82906
          ],
          [
            -73.94441,
            40.82959
          ],
          [
            -73.94437,
            40.82964
          ],
          [
            -73.94433,
            40.8297
          ],
          [
            -73.94416,
            40.82993
          ],
          [
            -73.94416,
            40.82993
          ],
          [
            -73.94416,
            40.82993
          ],
          [
            -73.94409,
            40.83003
          ],
          [
            -73.94396,
            40.83021
          ],
          [
            -73.94391,
            40.83027
          ],
          [
            -73.94388,
            40.83032
          ],
          [
            -73.9435,
            40.83084
          ],
          [
            -73.94346,
            40.83089
          ],
          [
            -73.94342,
            40.83095
          ],
          [
            -73.94305,
            40.83146
          ],
          [
            -73.94297,
            40.83157
          ],
          [
            -73.9429,
            40.83166
          ],
          [
            -73.94287,
            40.8317
          ],
          [
            -73.94287,
            40.8317
          ],
          [
            -73.94287,
            40.8317
          ],
          [
            -73.94252,
            40.83218
          ],
          [
            -73.94248,
            40.83223
          ],
          [
            -73.94244,
            40.83229
          ],
          [
            -73.94206,
            40.83281
          ],
          [
            -73.94201,
            40.83288
          ],
          [
            -73.94198,
            40.83292
          ],
          [
            -73.94161,
            40.83343
          ],
          [
            -73.94157,
            40.83348
          ],
          [
            -73.94152,
            40.83355
          ],
          [
            -73.94144,
            40.83366
          ],
          [
            -73.94144,
            40.83366
          ],
          [
            -73.94144,
            40.83366
          ],
          [
            -73.94115,
            40.83406
          ],
          [
            -73.94111,
            40.83411
          ],
          [
            -73.94106,
            40.83417
          ],
          [
            -73.94069,
            40.83467
          ],
          [
            -73.94065,
            40.83473
          ],
          [
            -73.94061,
            40.83479
          ],
          [
            -73.94026,
            40.83527
          ],
          [
            -73.94026,
            40.83527
          ],
          [
            -73.94026,
            40.83527
          ],
          [
            -73.94024,
            40.8353
          ],
          [
            -73.9402,
            40.83536
          ],
          [
            -73.94016,
            40.83542
          ],
          [
            -73.94006,
            40.83556
          ],
          [
            -73.93993,
            40.83576
          ],
          [
            -73.93988,
            40.83582
          ],
          [
            -73.93984,
            40.83589
          ],
          [
            -73.93981,
            40.83593
          ],
          [
            -73.93971,
            40.83607
          ],
          [
            -73.93956,
            40.83628
          ],
          [
            -73.93939,
            40.83651
          ],
          [
            -73.93934,
            40.83658
          ],
          [
            -73.93929,
            40.83664
          ],
          [
            -73.93889,
            40.83719
          ],
          [
            -73.93886,
            40.83724
          ],
          [
            -73.93881,
            40.8373
          ],
          [
            -73.93866,
            40.8375
          ],
          [
            -73.93866,
            40.8375
          ],
          [
            -73.93866,
            40.8375
          ],
          [
            -73.93862,
            40.83755
          ],
          [
            -73.9384,
            40.83782
          ],
          [
            -73.93835,
            40.83788
          ],
          [
            -73.93827,
            40.838
          ],
          [
            -73.93818,
            40.83812
          ],
          [
            -73.93805,
            40.8383
          ],
          [
            -73.93791,
            40.83849
          ],
          [
            -73.93783,
            40.83861
          ],
          [
            -73.93777,
            40.83868
          ],
          [
            -73.93775,
            40.83871
          ],
          [
            -73.93773,
            40.83874
          ],
          [
            -73.93756,
            40.83899
          ],
          [
            -73.93753,
            40.83902
          ],
          [
            -73.93739,
            40.83922
          ],
          [
            -73.93736,
            40.83927
          ],
          [
            -73.93735,
            40.83928
          ],
          [
            -73.93734,
            40.8393
          ],
          [
            -73.93721,
            40.83946
          ],
          [
            -73.93717,
            40.83951
          ],
          [
            -73.93703,
            40.8397
          ],
          [
            -73.93703,
            40.8397
          ],
          [
            -73.93703,
            40.8397
          ],
          [
            -73.93696,
            40.8398
          ],
          [
            -73.93691,
            40.83986
          ],
          [
            -73.93685,
            40.83994
          ],
          [
            -73.93678,
            40.84003
          ],
          [
            -73.93667,
            40.84019
          ],
          [
            -73.9365,
            40.84042
          ],
          [
            -73.93646,
            40.84048
          ],
          [
            -73.93642,
            40.84053
          ],
          [
            -73.93631,
            40.84068
          ],
          [
            -73.93608,
            40.84099
          ],
          [
            -73.93604,
            40.84106
          ],
          [
            -73.93601,
            40.84109
          ],
          [
            -73.93598,
            40.84114
          ],
          [
            -73.9358,
            40.84138
          ],
          [
            -73.93565,
            40.84158
          ],
          [
            -73.9356,
            40.84165
          ],
          [
            -73.93557,
            40.8417
          ],
          [
            -73.93553,
            40.84175
          ],
          [
            -73.93538,
            40.84195
          ],
          [
            -73.93534,
            40.84201
          ],
          [
            -73.93534,
            40.84201
          ]
        ]
      }
    }
  ]
}