{
  "type": "FeatureCollection",
  "features": [
    {
      "type": "Feature",
      "properties": {
        "route_id": "BX12-E-Night",
        "layer": "T1 Original"
      },
      "geometry": {
        "type": "LineString",
        "coordinates": [
          [
            -73.91982,
            40.8681
          ],
          [
            -73.91987,
            40.86809
          ],
          [
            -73.92052,
            40.86792
          ],
          [
            -73.92054,
            40.86791
          ],
          [
            -73.92058,
            40.8679
          ],
          [
            -73.9207,
            40.86787
          ],
          [
            -73.92102,
            40.86777
          ],
          [
            -73.92112,
            40.86774
          ],
          [
            -73.92122,
            40.86771
          ],
          [
            -73.92122,
            40.86771
          ],
          [
            -73.92115,
            40.8676
          ],
          [
            -73.92099,
            40.86735
          ],
          [
            -73.92083,
            40.86709
          ],
          [
            -73.92067,
            40.86684
          ],
          [
            -73.92061,
            40.86676
          ],
          [
            -73.92057,
            40.86669
          ],
          [
            -73.92049,
            40.86657
          ],
          [
            -73.92041,
            40.86645
          ],
          [
            -73.92021,
            40.86613
          ],
          [
            -73.92006,
            40.8659
          ],
          [
            -73.92,
            40.8658
          ],
          [
            -73.91994,
            40.8657
          ],
          [
            -73.9198,
            40.86549
          ],
          [
            -73.91942,
            40.86489
          ],
          [
            -73.91937,
            40.86482
          ],
          [
            -73.91932,
            40.86474
          ],
          [
            -73.91928,
            40.86468
          ],
          [
            -73.91922,
            40.86462
          ],
          [
            -73.9192,
            40.86461
          ],
          [
            -73.9191,
            40.86455
          ],
          [
            -73.91907,
            40.86454
          ],
          [
            -73.91894,
            40.86448
          ],
          [
            -73.91879,
            40.86442
          ],
          [
            -73.91869,
            40.86438
          ],
          [
            -73.91848,
            40.86429
          ],
          [
            -73.91848,
            40.86429
          ],
          [
            -73.91848,
            40.86429
          ],
          [
            -73.91841,
            40.86426
          ],
          [
            -73.9181,
            40.86413
          ],
          [
            -73.91782,
            40.86401
          ],
          [
            -73.91778,
            40.86399
          ],
          [
            -73.91716,
            40.86374
          ],
          [
            -73.91706,
            40.86369
          ],
          [
            -73.91632,
            40.86338
          ],
          [
            -73.91586,
            40.86319
          ],
          [
            -73.91586,
            40.86319
          ],
          [
            -73.91583,
            40.86318
          ],
          [
            -73.91528,
            40.86295
          ],
          [
            -73.91444,
            40.86259
          ],
          [
            -73.91411,
            40.86245
          ],
          [
            -73.91411,
            40.86245
          ],
          [
            -73.91409,
            40.86244
          ],
          [
            -73.91348,
            40.86219
          ],
          [
            -73.91348,
            40.86219
          ],
          [
            -73.91309,
            40.86191
          ],
          [
            -73.91308,
            40.8619
          ],
          [
            -73.91306,
            40.86189
          ],
          [
            -73.91304,
            40.86188
          ],
          [
            -73.91302,
            40.86187
          ],
          [
            -73.913,
            40.86187
          ],
          [
            -73.91298,
            40.86186
          ],
          [
            -73.91295,
            40.86185
          ],
          [
            -73.91292,
            40.86184
          ],
          [
            -73.91288,
            40.86183
          ],
          [
            -73.91284,
            40.86182
          ],
          [
            -73.9128,
            40.86182
          ],
          [
            -73.91262,
            40.86179
          ],
          [
            -73.91259,
            40.86179
          ],
          [
            -73.91251,
            40.86178
          ],
          [
            -73.91244,
            40.86177
          ],
          [
            -73.9124,
            40.86177
          ],
          [
            -73.91236,
            40.86176
          ],
          [
            -73.91225,
            40.86175
          ],
          [
            -73.9121,
            40.86174
          ],
          [
            -73.91203,
            40.86174
          ],
          [
            -73.91194,
            40.86174
          ],
          [
            -73.91181,
            40.86174
          ],
          [
            -73.9117,
            40.86173
          ],
          [
            -73.91161,
            40.86172
          ],
          [
            -73.91157,
            40.86171
          ],
          [
            -73.91148,
            40.8617
          ],
          [
            -73.91148,
            40.8617
          ],
          [
            -73.91148,
            40.8617
          ],
          [
            -73.91145,
            40.8617
          ],
          [
            -73.91117,
            40.86166
          ],
          [
            -73.91112,
            40.86165
          ],
          [
            -73.91106,
            40.86165
          ],
          [
            -73.911,
            40.86165
          ],
          [
            -73.91095,
            40.86165
          ],
          [
            -73.91089,
            40.86166
          ],
          [
            -73.91083,
            40.86168
          ],
          [
            -73.91078,
            40.86169
          ],
          [
            -73.91072,
            40.86172
          ],
          [
            -73.91068,
            40.86174
          ],
          [
            -73.91064,
            40.86176
          ],
          [
            -73.90994,
            40.86225
          ],
          [
            -73.9099,
            40.86228
          ],
          [
            -73.90964,
            40.86245
          ],
          [
            -73.90957,
            40.86249
          ],
          [
            -73.9095,
            40.86252
          ],
          [
            -73.90941,
            40.86256
          ],
          [
            -73.90934,
            40.86258
          ],
          [
            -73.90924,
            40.86262
          ],
          [
            -73.90916,
            40.86265
          ],
          [
            -73.90902,
            40.86269
          ],
          [
            -73.90894,
            40.86271
          ],
          [
            -73.90886,
            40.86273
          ],
          [
            -73.90879,
            40.86275
          ],
          [
            -73.90862,
            40.86277
          ],
          [
            -73.90849,
            40.8628
          ],
          [
            -73.90849,
            40.8628
          ],
          [
            -73.90849,
            40.8628
          ],
          [
            -73.90835,
            40.86282
          ],
          [
            -73.9083,
            40.86282
          ],
          [
            -73.90823,
            40.86283
          ],
          [
            -73.90817,
            40.86284
          ],
          [
            -73.9081,
            40.86284
          ],
          [
            -73.90769,
            40.86283
          ],
          [
            -73.9076,
            40.86283
          ],
          [
            -73.90749,
            40.86282
          ],
          [
            -73.90636,
            40.8628
          ],
          [
            -73.90624,
            40.86279
          ],
          [
            -73.9061,
            40.86279
          ],
          [
            -73.90538,
            40.86277
          ],
          [
            -73.90524,
            40.86277
          ],
          [
            -73.90513,
            40.86276
          ],
          [
            -73.90494,
            40.86276
          ],
          [
            -73.90477,
            40.86276
          ],
          [
            -73.90443,
            40.86276
          ],
          [
            -73.90426,
            40.86276
          ],
          [
            -73.90426,
            40.86276
          ],
          [
            -73.90426,
            40.86276
          ],
          [
            -73.90409,
            40.86277
          ],
          [
            -73.90406,
            40.86277
          ],
          [
            -73.904,
            40.86277
          ],
          [
            -73.90388,
            40.86277
          ],
          [
            -73.90374,
            40.86276
          ],
          [
            -73.90365,
            40.86276
          ],
          [
            -73.90341,
            40.86275
          ],
          [
            -73.90332,
            40.86274
          ],
          [
            -73.90323,
            40.86274
          ],
          [
            -73.90308,
            40.86273
          ],
          [
            -73.90292,
            40.86272
          ],
          [
            -73.90277,
            40.86271
          ],
          [
            -73.90264,
            40.86271
          ],
          [
            -73.9025,
            40.86271
          ],
          [
            -73.90241,
            40.86272
          ],
          [
            -73.9023,
            40.86272
          ],
          [
            -73.90218,
            40.86274
          ],
          [
            -73.90209,
            40.86275
          ],
          [
            -73.90174,
            40.86279
          ],
          [
            -73.90165,
            40.8628
          ],
          [
            -73.90154,
            40.86281
          ],
          [
            -73.90145,
            40.86281
          ],
          [
            -73.90145,
            40.86281
          ],
          [
            -73.90138,
            40.86273
          ],
          [
            -73.90138,
            40.86273
          ],
          [
            -73.90138,
            40.86273
          ],
          [
            -73.90134,
            40.86268
          ],
          [
            -73.90132,
            40.86265
          ],
          [
            -73.90124,
            40.86255
          ],
          [
            -73.90124,
            40.86255
          ],
          [
            -73.90115,
            40.86266
          ],
          [
            -73.90106,
            40.86278
          ],
          [
            -73.90106,
            40.86278
          ],
          [
            -73.90096,
            40.86274
          ],
          [
            -73.90094,
            40.86273
          ],
          [
            -73.90037,
            40.86251
          ],
          [
            -73.90029,
            40.86248
          ],
          [
            -73.90022,
            40.86245
          ],
          [
            -73.89996,
            40.86236
          ],
          [
            -73.89971,
            40.86226
          ],
          [
            -73.89964,
            40.86224
          ],
          [
            -73.89964,
            40.86224
          ],
          [
            -73.89956,
            40.8622
          ],
          [
            -73.89952,
            40.8622
          ],
          [
            -73.89948,
            40.86218
          ],
          [
            -73.89944,
            40.86217
          ],
          [
            -73.8994,
            40.86217
          ],
          [
            -73.8993,
            40.86216
          ],
          [
            -73.89926,
            40.86217
          ],
          [
            -73.8992,
            40.86217
          ],
          [
            -73.89913,
            40.86218
          ],
          [
            -73.89874,
            40.86225
          ],
          [
            -73.89848,
            40.8623
          ],
          [
            -73.89838,
            40.86232
          ],
          [
            -73.89827,
            40.86234
          ],
          [
            -73.89815,
            40.86236
          ],
          [
            -73.898,
            40.86239
          ],
          [
            -73.89798,
            40.86239
          ],
          [
            -73.89785,
            40.86241
          ],
          [
            -73.89769,
            40.86243
          ],
          [
            -73.89757,
            40.86243
          ],
          [
            -73.89757,
            40.86243
          ],
          [
            -73.89757,
            40.86243
          ],
          [
            -73.89748,
            40.86244
          ],
          [
            -73.89733,
            40.86245
          ],
          [
            -73.89707,
            40.86246
          ],
          [
            -73.89699,
            40.86246
          ],
          [
            -73.89693,
            40.86246
          ],
          [
            -73.89687,
            40.86245
          ],
          [
            -73.89682,
            40.86245
          ],
          [
            -73.89602,
            40.86229
          ],
          [
            -73.89599,
            40.86229
          ],
          [
            -73.89599,
            40.86229
          ],
          [
            -73.89599,
            40.86229
          ],
          [
            -73.89589,
            40.86227
          ],
          [
            -73.89578,
            40.86225
          ],
          [
            -73.89562,
            40.86222
          ],
          [
            -73.89498,
            40.86209
          ],
          [
            -73.89491,
            40.86208
          ],
          [
            -73.89481,
            40.86207
          ],
          [
            -73.8947,
            40.86206
          ],
          [
            -73.89428,
            40.86201
          ],
          [
            -73.89399,
            40.86197
          ],
          [
            -73.89391,
            40.86196
          ],
          [
            -73.89391,
            40.86196
          ],
          [
            -73.89391,
            40.86196
          ],
          [
            -73.89389,
            40.86196
          ],
          [
            -73.89374,
            40.86194
          ],
          [
            -73.89355,
            40.86192
          ],
          [
            -73.89343,
            40.86191
          ],
          [
            -73.89309,
            40.86187
          ],
          [
            -73.89295,
            40.86186
          ],
          [
            -73.89285,
            40.86185
          ],
          [
            -73.89277,
            40.86184
          ],
          [
            -73.89269,
            40.86184
          ],
          [
            -73.89256,
            40.86184
          ],
          [
            -73.89244,
            40.86185
          ],
          [
            -73.8923,
            40.86186
          ],
          [
            -73.89201,
            40.86184
          ],
          [
            -73.89193,
            40.86183
          ],
          [
            -73.89186,
            40.86182
          ],
          [
            -73.89179,
            40.8618
          ],
          [
            -73.89173,
            40.86178
          ],
          [
            -73.89166,
            40.86175
          ],
          [
            -73.89157,
            40.86171
          ],
          [
            -73.89144,
            40.86165
          ],
          [
            -73.8913,
            40.86158
          ],
          [
            -73.89088,
            40.86136
          ],
          [
            -73.89086,
            40.86135
          ],
          [
            -73.89071,
            40.86127
          ],
          [
            -73.89046,
            40.86114
          ],
          [
            -73.89044,
            40.86113
          ],
          [
            -73.89044,
            40.86113
          ],
          [
            -73.89044,
            40.86113
          ],
          [
            -73.89041,
            40.86112
          ],
          [
            -73.89036,
            40.86109
          ],
          [
            -73.89027,
            40.86104
          ],
          [
            -73.89019,
            40.861
          ],
          [
            -73.88989,
            40.86091
          ],
          [
            -73.88974,
            40.86083
          ],
          [
            -73.88897,
            40.86043
          ],
          [
            -73.88888,
            40.86039
          ],
          [
            -73.8888,
            40.86034
          ],
          [
            -73.88832,
            40.86009
          ],
          [
            -73.88804,
            40.85994
          ],
          [
            -73.88773,
            40.85978
          ],
          [
            -73.88763,
            40.85973
          ],
          [
            -73.88745,
            40.85963
          ],
          [
            -73.88736,
            40.85959
          ],
          [
            -73.88727,
            40.85955
          ],
          [
            -73.88698,
            40.85939
          ],
          [
            -73.8868,
            40.8593
          ],
          [
            -73.88673,
            40.85926
          ],
          [
            -73.88673,
            40.85926
          ],
          [
            -73.88682,
            40.85916
          ],
          [
            -73.88697,
            40.85899
          ],
          [
            -73.88715,
            40.85878
          ],
          [
            -73.88758,
            40.85829
          ],
          [
            -73.88763,
            40.85823
          ],
          [
            -73.88763,
            40.85823
          ],
          [
            -73.88771,
            40.85827
          ],
          [
            -73.88828,
            40.85857
          ],
          [
            -73.88835,
            40.8586
          ],
          [
            -73.88835,
            40.8586
          ],
          [
            -73.88829,
            40.85867
          ],
          [
            -73.88754,
            40.85954
          ],
          [
            -73.88754,
            40.85954
          ],
          [
            -73.88754,
            40.85954
          ],
          [
            -73.88736,
            40.85959
          ],
          [
            -73.88736,
            40.85959
          ],
          [
            -73.88727,
            40.85955
          ],
          [
            -73.88698,
            40.85939
          ],
          [
            -73.8868,
            40.8593
          ],
          [
            -73.88673,
            40.85926
          ],
          [
            -73.88666,
            40.85922
          ],
          [
            -73.88653,
            40.85916
          ],
          [
            -73.88634,
            40.85906
          ],
          [
            -73.88602,
            40.85889
          ],
          [
            -73.88595,
            40.85885
          ],
          [
            -73.88589,
            40.85882
          ],
          [
            -73.88582,
            40.85879
          ],
          [
            -73.88566,
            40.8587
          ],
          [
            -73.88561,
            40.85868
          ],
          [
            -73.88561,
            40.85868
          ],
          [
            -73.88561,
            40.85868
          ],
          [
            -73.8855,
            40.85862
          ],
          [
            -73.88531,
            40.85852
          ],
          [
            -73.88527,
            40.8585
          ],
          [
            -73.88521,
            40.85847
          ],
          [
            -73.88518,
            40.85846
          ],
          [
            -73.88517,
            40.85846
          ],
          [
            -73.88511,
            40.85844
          ],
          [
            -73.88503,
            40.85842
          ],
          [
            -73.88501,
            40.85841
          ],
          [
            -73.8849,
            40.85838
          ],
          [
            -73.88442,
            40.85823
          ],
          [
            -73.88434,
            40.85821
          ],
          [
            -73.88428,
            40.85815
          ],
          [
            -73.88388,
            40.85807
          ],
          [
            -73.88388,
            40.85807
          ],
          [
            -73.88383,
            40.85803
          ],
          [
            -73.88361,
            40.85793
          ],
          [
            -73.88335,
            40.85785
          ],
          [
            -73.88298,
            40.85774
          ],
          [
            -73.88288,
            40.8577
          ],
          [
            -73.88288,
            40.8577
          ],
          [
            -73.88288,
            40.8577
          ],
          [
            -73.88277,
            40.85767
          ],
          [
            -73.88252,
            40.8576
          ],
          [
            -73.88235,
            40.85755
          ],
          [
            -73.88222,
            40.8575
          ],
          [
            -73.88208,
            40.85743
          ],
          [
            -73.882,
            40.8574
          ],
          [
            -73.8819,
            40.85735
          ],
          [
            -73.8818,
            40.85731
          ],
          [
            -73.88132,
            40.85709
          ],
          [
            -73.88124,
            40.85705
          ],
          [
            -73.881,
            40.85693
          ],
          [
            -73.88092,
            40.8569
          ],
          [
            -73.88074,
            40.85681
          ],
          [
            -73.88056,
            40.85673
          ],
          [
            -73.88016,
            40.85653
          ],
          [
            -73.88012,
            40.85651
          ],
          [
            -73.88012,
            40.85651
          ],
          [
            -73.88012,
            40.8565
          ],
          [
            -73.87973,
            40.85632
          ],
          [
            -73.87959,
            40.85625
          ],
          [
            -73.87897,
            40.85596
          ],
          [
            -73.87881,
            40.8559
          ],
          [
            -73.87881,
            40.8559
          ],
          [
            -73.8782,
            40.85561
          ],
          [
            -73.87806,
            40.85555
          ],
          [
            -73.87793,
            40.85551
          ],
          [
            -73.87781,
            40.85547
          ],
          [
            -73.87766,
            40.85544
          ],
          [
            -73.87753,
            40.85541
          ],
          [
            -73.87741,
            40.8554
          ],
          [
            -73.87725,
            40.85538
          ],
          [
            -73.87713,
            40.85538
          ],
          [
            -73.87702,
            40.85539
          ],
          [
            -73.8769,
            40.8554
          ],
          [
            -73.87674,
            40.85541
          ],
          [
            -73.87659,
            40.85543
          ],
          [
            -73.87639,
            40.85546
          ],
          [
            -73.87617,
            40.8555
          ],
          [
            -73.87589,
            40.85554
          ],
          [
            -73.87559,
            40.8556
          ],
          [
            -73.87477,
            40.85576
          ],
          [
            -73.8744,
            40.85584
          ],
          [
            -73.87411,
            40.8559
          ],
          [
            -73.87383,
            40.85595
          ],
          [
            -73.87355,
            40.85601
          ],
          [
            -73.87328,
            40.85607
          ],
          [
            -73.87305,
            40.85612
          ],
          [
            -73.87237,
            40.85629
          ],
          [
            -73.87136,
            40.85655
          ],
          [
            -73.87122,
            40.85659
          ],
          [
            -73.87109,
            40.85662
          ],
          [
            -73.87095,
            40.85665
          ],
          [
            -73.87088,
            40.85667
          ],
          [
            -73.87081,
            40.85668
          ],
          [
            -73.87074,
            40.85669
          ],
          [
            -73.87067,
            40.8567
          ],
          [
            -73.8706,
            40.85671
          ],
          [
            -73.87053,
            40.85672
          ],
          [
            -73.87046,
            40.85673
          ],
          [
            -73.87039,
            40.85673
          ],
          [
            -73.87032,
            40.85674
          ],
          [
            -73.87025,
            40.85674
          ],
          [
            -73.87017,
            40.85674
          ],
          [
            -73.8701,
            40.85674
          ],
          [
            -73.87002,
            40.85674
          ],
          [
            -73.86995,
            40.85674
          ],
          [
            -73.86991,
            40.85674
          ],
          [
            -73.86929,
            40.85671
          ],
          [
            -73.86929,
            40.85671
          ],
          [
            -73.86909,
            40.85673
          ],
          [
            -73.869,
            40.85674
          ],
          [
            -73.86874,
            40.85675
          ],
          [
            -73.86834,
            40.85677
          ],
          [
            -73.86784,
            40.85678
          ],
          [
            -73.86784,
            40.85678
          ],
          [
            -73.86784,
            40.85678
          ],
          [
            -73.86779,
            40.85678
          ],
          [
            -73.86763,
            40.85678
          ],
          [
            -73.86749,
            40.85679
          ],
          [
            -73.86702,
            40.8568
          ],
          [
            -73.86472,
            40.85685
          ],
          [
            -73.86184,
            40.85693
          ],
          [
            -73.86176,
            40.85694
          ],
          [
            -73.86176,
            40.85694
          ],
          [
            -73.86176,
            40.85694
          ],
          [
            -73.86171,
            40.85694
          ],
          [
            -73.86,
            40.85698
          ],
          [
            -73.85652,
            40.85708
          ],
          [
            -73.85632,
            40.85708
          ],
          [
            -73.85617,
            40.85709
          ],
          [
            -73.85617,
            40.85709
          ],
          [
            -73.85627,
            40.85732
          ],
          [
            -73.85637,
            40.85755
          ],
          [
            -73.85637,
            40.85755
          ],
          [
            -73.85628,
            40.85768
          ],
          [
            -73.85624,
            40.85773
          ],
          [
            -73.85596,
            40.85806
          ],
          [
            -73.85596,
            40.85806
          ],
          [
            -73.85598,
            40.85809
          ],
          [
            -73.856,
            40.85816
          ],
          [
            -73.85613,
            40.85815
          ],
          [
            -73.85651,
            40.85813
          ],
          [
            -73.85664,
            40.85812
          ],
          [
            -73.85664,
            40.85812
          ],
          [
            -73.85661,
            40.85805
          ],
          [
            -73.85658,
            40.85798
          ],
          [
            -73.85649,
            40.85779
          ],
          [
            -73.85646,
            40.85773
          ],
          [
            -73.85643,
            40.85767
          ],
          [
            -73.85637,
            40.85755
          ],
          [
            -73.85627,
            40.85732
          ],
          [
            -73.85617,
            40.85709
          ],
          [
            -73.85615,
            40.85705
          ],
          [
            -73.85615,
            40.85705
          ],
          [
            -73.85615,
            40.85705
          ],
          [
            -73.85611,
            40.85695
          ],
          [
            -73.85611,
            40.85695
          ],
          [
            -73.85595,
            40.85696
          ],
          [
            -73.8547,
            40.85707
          ],
          [
            -73.85378,
            40.85715
          ],
          [
            -73.85274,
            40.85724
          ],
          [
            -73.85172,
            40.85733
          ],
          [
            -73.85164,
            40.85734
          ],
          [
            -73.8507,
            40.85742
          ],
          [
            -73.84974,
            40.8575
          ],
          [
            -73.84967,
            40.85751
          ],
          [
            -73.8496,
            40.85751
          ],
          [
            -73.84946,
            40.8575
          ],
          [
            -73.84935,
            40.8575
          ],
          [
            -73.84869,
            40.85746
          ],
          [
            -73.84857,
            40.85746
          ],
          [
            -73.8482,
            40.85745
          ],
          [
            -73.84795,
            40.85747
          ],
          [
            -73.84739,
            40.85746
          ],
          [
            -73.84739,
            40.85746
          ],
          [
            -73.84739,
            40.85746
          ],
          [
            -73.84712,
            40.85746
          ],
          [
            -73.84703,
            40.85746
          ],
          [
            -73.84695,
            40.85746
          ],
          [
            -73.84678,
            40.85745
          ],
          [
            -73.84658,
            40.85744
          ],
          [
            -73.84637,
            40.85743
          ],
          [
            -73.84592,
            40.85738
          ],
          [
            -73.84567,
            40.85741
          ],
          [
            -73.84534,
            40.8574
          ],
          [
            -73.84494,
            40.85741
          ],
          [
            -73.84445,
            40.85737
          ],
          [
            -73.84421,
            40.85734
          ],
          [
            -73.84402,
            40.85732
          ],
          [
            -73.84393,
            40.85731
          ],
          [
            -73.84393,
            40.85731
          ],
          [
            -73.84393,
            40.85731
          ],
          [
            -73.84388,
            40.8573
          ],
          [
            -73.84374,
            40.85729
          ],
          [
            -73.84361,
            40.85726
          ],
          [
            -73.84341,
            40.85723
          ],
          [
            -73.83898,
            40.85656
          ],
          [
            -73.83884,
            40.85654
          ],
          [
            -73.8388,
            40.85653
          ],
          [
            -73.8388,
            40.85653
          ],
          [
            -73.8388,
            40.85653
          ],
          [
            -73.83872,
            40.85652
          ],
          [
            -73.83856,
            40.8565
          ],
          [
            -73.83841,
            40.85649
          ],
          [
            -73.83827,
            40.85649
          ],
          [
            -73.83812,
            40.85649
          ],
          [
            -73.83798,
            40.85649
          ],
          [
            -73.83783,
            40.8565
          ],
          [
            -73.83778,
            40.8565
          ],
          [
            -73.8377,
            40.85651
          ],
          [
            -73.83698,
            40.85659
          ],
          [
            -73.83686,
            40.8566
          ],
          [
            -73.83673,
            40.8566
          ],
          [
            -73.83664,
            40.8566
          ],
          [
            -73.83655,
            40.85659
          ],
          [
            -73.83648,
            40.85658
          ],
          [
            -73.83633,
            40.85656
          ],
          [
            -73.83609,
            40.85653
          ],
          [
            -73.83504,
            40.85636
          ],
          [
            -73.83483,
            40.85633
          ],
          [
            -73.83339,
            40.85608
          ],
          [
            -73.83295,
            40.85601
          ],
          [
            -73.83295,
            40.85601
          ],
          [
            -73.83254,
            40.85588
          ],
          [
            -73.83248,
            40.85586
          ],
          [
            -73.83243,
            40.85584
          ],
          [
            -73.83238,
            40.85582
          ],
          [
            -73.83228,
            40.85577
          ],
          [
            -73.83198,
            40.85562
          ],
          [
            -73.83191,
            40.85559
          ],
          [
            -73.83185,
            40.85556
          ],
          [
            -73.83179,
            40.85554
          ],
          [
            -73.83173,
            40.85552
          ],
          [
            -73.83167,
            40.8555
          ],
          [
            -73.83161,
            40.85549
          ],
          [
            -73.83155,
            40.85548
          ],
          [
            -73.83149,
            40.85547
          ],
          [
            -73.83144,
            40.85546
          ],
          [
            -73.83127,
            40.85544
          ],
          [
            -73.83071,
            40.8555
          ],
          [
            -73.83071,
            40.8555
          ],
          [
            -73.83071,
            40.8555
          ],
          [
            -73.83069,
            40.85551
          ],
          [
            -73.83056,
            40.85552
          ],
          [
            -73.83056,
            40.85552
          ],
          [
            -73.83048,
            40.85558
          ],
          [
            -73.83027,
            40.85566
          ],
          [
            -73.82954,
            40.856
          ],
          [
            -73.82943,
            40.85605
          ],
          [
            -73.82933,
            40.85609
          ],
          [
            -73.82923,
            40.85612
          ],
          [
            -73.82912,
            40.85615
          ],
          [
            -73.82901,
            40.85617
          ],
          [
            -73.82835,
            40.8563
          ],
          [
            -73.82804,
            40.85634
          ],
          [
            -73.82804,
            40.85634
          ],
          [
            -73.82798,
            40.85636
          ],
          [
            -73.82793,
            40.85637
          ],
          [
            -73.8279,
            40.85639
          ],
          [
            -73.82787,
            40.85641
          ],
          [
            -73.82786,
            40.85643
          ],
          [
            -73.82785,
            40.85646
          ],
          [
            -73.82785,
            40.85649
          ],
          [
            -73.8279,
            40.85695
          ],
          [
            -73.8279,
            40.85702
          ],
          [
            -73.8279,
            40.85708
          ],
          [
            -73.82789,
            40.85714
          ],
          [
            -73.82788,
            40.8572
          ],
          [
            -73.82786,
            40.85726
          ],
          [
            -73.82783,
            40.85731
          ],
          [
            -73.82779,
            40.85736
          ],
          [
            -73.82774,
            40.85741
          ],
          [
            -73.82767,
            40.85745
          ],
          [
            -73.82761,
            40.85748
          ],
          [
            -73.82754,
            40.85751
          ],
          [
            -73.82747,
            40.85753
          ],
          [
            -73.82739,
            40.85755
          ],
          [
            -73.82731,
            40.85755
          ],
          [
            -73.82724,
            40.85754
          ],
          [
            -73.82718,
            40.85753
          ],
          [
            -73.82711,
            40.85752
          ],
          [
            -73.82706,
            40.8575
          ],
          [
            -73.82701,
            40.85747
          ],
          [
            -73.82696,
            40.85745
          ],
          [
            -73.82692,
            40.85741
          ],
          [
            -73.82688,
            40.85738
          ],
          [
            -73.82684,
            40.85734
          ],
          [
            -73.82681,
            40.8573
          ],
          [
            -73.82678,
            40.85725
          ],
          [
            -73.82676,
            40.85719
          ],
          [
            -73.82663,
            40.85685
          ],
          [
            -73.82653,
            40.85659
          ],
          [
            -73.82649,
            40.85629
          ],
          [
            -73.82647,
            40.85618
          ],
          [
            -73.82646,
            40.85607
          ],
          [
            -73.82643,
            40.85567
          ],
          [
            -73.82643,
            40.85567
          ],
          [
            -73.8265,
            40.85499
          ],
          [
            -73.82651,
            40.85486
          ],
          [
            -73.82652,
            40.85473
          ],
          [
            -73.82652,
            40.85459
          ],
          [
            -73.82652,
            40.85437
          ],
          [
            -73.82652,
            40.85421
          ],
          [
            -73.82653,
            40.85406
          ],
          [
            -73.82654,
            40.85391
          ],
          [
            -73.82655,
            40.85383
          ],
          [
            -73.82657,
            40.85375
          ],
          [
            -73.82658,
            40.85365
          ],
          [
            -73.8266,
            40.85357
          ],
          [
            -73.82662,
            40.85347
          ],
          [
            -73.82663,
            40.85341
          ],
          [
            -73.82665,
            40.85336
          ],
          [
            -73.82665,
            40.85336
          ],
          [
            -73.82666,
            40.85329
          ],
          [
            -73.82667,
            40.85325
          ],
          [
            -73.82667,
            40.85325
          ],
          [
            -73.82667,
            40.85325
          ],
          [
            -73.82668,
            40.85322
          ],
          [
            -73.82669,
            40.85318
          ],
          [
            -73.8267,
            40.85314
          ],
          [
            -73.82673,
            40.85305
          ],
          [
            -73.82676,
            40.85296
          ],
          [
            -73.82685,
            40.85268
          ],
          [
            -73.82695,
            40.85239
          ],
          [
            -73.82715,
            40.8518
          ],
          [
            -73.82717,
            40.85173
          ],
          [
            -73.82717,
            40.85173
          ],
          [
            -73.82715,
            40.85174
          ],
          [
            -73.82714,
            40.85174
          ],
          [
            -73.82712,
            40.85175
          ],
          [
            -73.8271,
            40.85175
          ],
          [
            -73.8271,
            40.85175
          ],
          [
            -73.82708,
            40.85175
          ],
          [
            -73.82705,
            40.85174
          ],
          [
            -73.82703,
            40.85174
          ],
          [
            -73.82671,
            40.85168
          ],
          [
            -73.82664,
            40.85166
          ],
          [
            -73.82664,
            40.85166
          ],
          [
            -73.82656,
            40.85165
          ],
          [
            -73.82654,
            40.8517
          ],
          [
            -73.82609,
            40.85305
          ],
          [
            -73.82607,
            40.8531
          ],
          [
            -73.82605,
            40.85315
          ],
          [
            -73.82603,
            40.85322
          ],
          [
            -73.82602,
            40.85325
          ],
          [
            -73.826,
            40.85327
          ],
          [
            -73.82598,
            40.8533
          ],
          [
            -73.82596,
            40.85332
          ],
          [
            -73.82574,
            40.85352
          ],
          [
            -73.82574,
            40.85352
          ],
          [
            -73.82566,
            40.85375
          ],
          [
            -73.82564,
            40.85383
          ],
          [
            -73.82563,
            40.85391
          ],
          [
            -73.82561,
            40.85399
          ],
          [
            -73.82559,
            40.85408
          ],
          [
            -73.82559,
            40.85419
          ],
          [
            -73.82559,
            40.85428
          ],
          [
            -73.8256,
            40.85437
          ],
          [
            -73.82561,
            40.85445
          ],
          [
            -73.82593,
            40.85537
          ],
          [
            -73.8263,
            40.8563
          ],
          [
            -73.8263,
            40.8563
          ],
          [
            -73.82635,
            40.85661
          ],
          [
            -73.82639,
            40.85687
          ],
          [
            -73.82641,
            40.85699
          ],
          [
            -73.82643,
            40.85711
          ],
          [
            -73.82645,
            40.85723
          ],
          [
            -73.82648,
            40.85733
          ],
          [
            -73.82659,
            40.85776
          ],
          [
            -73.82669,
            40.8581
          ],
          [
            -73.82693,
            40.85885
          ],
          [
            -73.82716,
            40.85949
          ],
          [
            -73.82727,
            40.85979
          ],
          [
            -73.82734,
            40.85997
          ],
          [
            -73.82739,
            40.86007
          ],
          [
            -73.82744,
            40.86018
          ],
          [
            -73.82749,
            40.86028
          ],
          [
            -73.82754,
            40.86038
          ],
          [
            -73.8276,
            40.86049
          ],
          [
            -73.82766,
            40.86059
          ],
          [
            -73.82772,
            40.86068
          ],
          [
            -73.82779,
            40.86078
          ],
          [
            -73.82785,
            40.86087
          ],
          [
            -73.82792,
            40.86096
          ],
          [
            -73.82827,
            40.8614
          ],
          [
            -73.82883,
            40.8621
          ],
          [
            -73.82896,
            40.86228
          ],
          [
            -73.82912,
            40.86249
          ],
          [
            -73.82926,
            40.86267
          ],
          [
            -73.82939,
            40.86286
          ],
          [
            -73.82953,
            40.86307
          ],
          [
            -73.82966,
            40.86326
          ],
          [
            -73.82978,
            40.86346
          ],
          [
            -73.8299,
            40.86364
          ],
          [
            -73.83003,
            40.86386
          ],
          [
            -73.83015,
            40.86406
          ],
          [
            -73.83028,
            40.86427
          ],
          [
            -73.8304,
            40.86447
          ],
          [
            -73.83052,
            40.86467
          ],
          [
            -73.83063,
            40.86487
          ],
          [
            -73.83116,
            40.86579
          ],
          [
            -73.83116,
            40.86579
          ],
          [
            -73.83128,
            40.86622
          ],
          [
            -73.83135,
            40.86635
          ],
          [
            -73.83137,
            40.86639
          ],
          [
            -73.83138,
            40.86644
          ],
          [
            -73.83139,
            40.86648
          ],
          [
            -73.83138,
            40.86652
          ],
          [
            -73.83138,
            40.86656
          ],
          [
            -73.83136,
            40.86661
          ],
          [
            -73.83133,
            40.86666
          ],
          [
            -73.8313,
            40.8667
          ],
          [
            -73.83129,
            40.86671
          ],
          [
            -73.83125,
            40.86675
          ],
          [
            -73.83121,
            40.86677
          ],
          [
            -73.83117,
            40.8668
          ],
          [
            -73.83117,
            40.8668
          ],
          [
            -73.83101,
            40.86679
          ],
          [
            -73.83097,
            40.86678
          ],
          [
            -73.83092,
            40.86677
          ],
          [
            -73.83089,
            40.86675
          ],
          [
            -73.83087,
            40.86674
          ],
          [
            -73.83085,
            40.86672
          ],
          [
            -73.83084,
            40.86669
          ],
          [
            -73.83077,
            40.86654
          ],
          [
            -73.83074,
            40.86647
          ],
          [
            -73.83074,
            40.86647
          ],
          [
            -73.83074,
            40.86647
          ],
          [
            -73.83068,
            40.86631
          ],
          [
            -73.83068,
            40.86631
          ],
          [
            -73.8306,
            40.8661
          ],
          [
            -73.83036,
            40.86555
          ],
          [
            -73.83013,
            40.865
          ],
          [
            -73.83012,
            40.86497
          ],
          [
            -73.8301,
            40.86485
          ],
          [
            -73.82992,
            40.86447
          ],
          [
            -73.82969,
            40.86395
          ],
          [
            -73.82965,
            40.86386
          ],
          [
            -73.82962,
            40.86383
          ],
          [
            -73.82959,
            40.86381
          ],
          [
            -73.82955,
            40.8638
          ],
          [
            -73.82951,
            40.8638
          ],
          [
            -73.82944,
            40.86381
          ],
          [
            -73.82944,
            40.86381
          ],
          [
            -73.82939,
            40.86382
          ],
          [
            -73.82936,
            40.86382
          ],
          [
            -73.82934,
            40.86383
          ],
          [
            -73.82924,
            40.86387
          ],
          [
            -73.8292,
            40.8639
          ],
          [
            -73.82917,
            40.86393
          ],
          [
            -73.82905,
            40.86405
          ],
          [
            -73.82892,
            40.86421
          ],
          [
            -73.82886,
            40.86428
          ],
          [
            -73.82878,
            40.86443
          ],
          [
            -73.82871,
            40.86449
          ],
          [
            -73.82868,
            40.86453
          ],
          [
            -73.82862,
            40.86459
          ],
          [
            -73.82859,
            40.86463
          ],
          [
            -73.82855,
            40.86467
          ],
          [
            -73.82848,
            40.86475
          ],
          [
            -73.82845,
            40.86478
          ],
          [
            -73.82823,
            40.86504
          ],
          [
            -73.82818,
            40.86509
          ],
          [
            -73.82814,
            40.86513
          ],
          [
            -73.82811,
            40.86517
          ],
          [
            -73.82809,
            40.86518
          ],
          [
            -73.82797,
            40.86533
          ],
          [
            -73.82789,
            40.86541
          ],
          [
            -73.82779,
            40.86553
          ],
          [
            -73.82765,
            40.86568
          ],
          [
            -73.82765,
            40.86568
          ]
        ]
      }
    },
    {
      "type": "Feature",
      "properties": {
        "route_id": "BX12-E-Night",
        "layer": "T1 Optimal"
      },
      "geometry": {
        "type": "LineString",
        "coordinates": [
          [
            -73.91982,
            40.8681
          ],
          [
            -73.91987,
            40.86809
          ],
          [
            -73.92052,
            40.86792
          ],
          [
            -73.92054,
            40.86791
          ],
          [
            -73.92058,
            40.8679
          ],
          [
            -73.9207,
            40.86787
          ],
          [
            -73.92102,
            40.86777
          ],
          [
            -73.92112,
            40.86774
          ],
          [
            -73.92122,
            40.86771
          ],
          [
            -73.92122,
            40.86771
          ],
          [
            -73.92115,
            40.8676
          ],
          [
            -73.92099,
            40.86735
          ],
          [
            -73.92083,
            40.86709
          ],
          [
            -73.92067,
            40.86684
          ],
          [
            -73.92061,
            40.86676
          ],
          [
            -73.92057,
            40.86669
          ],
          [
            -73.92049,
            40.86657
          ],
          [
            -73.92041,
            40.86645
          ],
          [
            -73.92021,
            40.86613
          ],
          [
            -73.92006,
            40.8659
          ],
          [
            -73.92,
            40.8658
          ],
          [
            -73.91994,
            40.8657
          ],
          [
            -73.9198,
            40.86549
          ],
          [
            -73.91942,
            40.86489
          ],
          [
            -73.91937,
            40.86482
          ],
          [
            -73.91932,
            40.86474
          ],
          [
            -73.91928,
            40.86468
          ],
          [
            -73.91922,
            40.86462
          ],
          [
            -73.9192,
            40.86461
          ],
          [
            -73.9191,
            40.86455
          ],
          [
            -73.91907,
            40.86454
          ],
          [
            -73.91894,
            40.86448
          ],
          [
            -73.91879,
            40.86442
          ],
          [
            -73.91869,
            40.86438
          ],
          [
            -73.91848,
            40.86429
          ],
          [
            -73.91848,
            40.86429
          ],
          [
            -73.91848,
            40.86429
          ],
          [
            -73.91841,
            40.86426
          ],
          [
            -73.9181,
            40.86413
          ],
          [
            -73.91782,
            40.86401
          ],
          [
            -73.91778,
            40.86399
          ],
          [
            -73.91716,
            40.86374
          ],
          [
            -73.91706,
            40.86369
          ],
          [
            -73.91632,
            40.86338
          ],
          [
            -73.91586,
            40.86319
          ],
          [
            -73.91586,
            40.86319
          ],
          [
            -73.91583,
            40.86318
          ],
          [
            -73.91528,
            40.86295
          ],
          [
            -73.91444,
            40.86259
          ],
          [
            -73.91411,
            40.86245
          ],
          [
            -73.91411,
            40.86245
          ],
          [
            -73.91409,
            40.86244
          ],
          [
            -73.91348,
            40.86219
          ],
          [
            -73.91348,
            40.86219
          ],
          [
            -73.91309,
            40.86191
          ],
          [
            -73.91308,
            40.8619
          ],
          [
            -73.91306,
            40.86189
          ],
          [
            -73.91304,
            40.86188
          ],
          [
            -73.91302,
            40.86187
          ],
          [
            -73.913,
            40.86187
          ],
          [
            -73.91298,
            40.86186
          ],
          [
            -73.91295,
            40.86185
          ],
          [
            -73.91292,
            40.86184
          ],
          [
            -73.91288,
            40.86183
          ],
          [
            -73.91284,
            40.86182
          ],
          [
            -73.9128,
            40.86182
          ],
          [
            -73.91262,
            40.86179
          ],
          [
            -73.91259,
            40.86179
          ],
          [
            -73.91251,
            40.86178
          ],
          [
            -73.91244,
            40.86177
          ],
          [
            -73.9124,
            40.86177
          ],
          [
            -73.91236,
            40.86176
          ],
          [
            -73.91225,
            40.86175
          ],
          [
            -73.9121,
            40.86174
          ],
          [
            -73.91203,
            40.86174
          ],
          [
            -73.91194,
            40.86174
          ],
          [
            -73.91181,
            40.86174
          ],
          [
            -73.9117,
            40.86173
          ],
          [
            -73.91161,
            40.86172
          ],
          [
            -73.91157,
            40.86171
          ],
          [
            -73.91148,
            40.8617
          ],
          [
            -73.91148,
            40.8617
          ],
          [
            -73.91148,
            40.8617
          ],
          [
            -73.91145,
            40.8617
          ],
          [
            -73.91117,
            40.86166
          ],
          [
            -73.91112,
            40.86165
          ],
          [
            -73.91106,
            40.86165
          ],
          [
            -73.911,
            40.86165
          ],
          [
            -73.91095,
            40.86165
          ],
          [
            -73.91089,
            40.86166
          ],
          [
            -73.91083,
            40.86168
          ],
          [
            -73.91078,
            40.86169
          ],
          [
            -73.91072,
            40.86172
          ],
          [
            -73.91068,
            40.86174
          ],
          [
            -73.91064,
            40.86176
          ],
          [
            -73.90994,
            40.86225
          ],
          [
            -73.9099,
            40.86228
          ],
          [
            -73.90964,
            40.86245
          ],
          [
            -73.90957,
            40.86249
          ],
          [
            -73.9095,
            40.86252
          ],
          [
            -73.90941,
            40.86256
          ],
          [
            -73.90934,
            40.86258
          ],
          [
            -73.90924,
            40.86262
          ],
          [
            -73.90916,
            40.86265
          ],
          [
            -73.90902,
            40.86269
          ],
          [
            -73.90894,
            40.86271
          ],
          [
            -73.90886,
            40.86273
          ],
          [
            -73.90879,
            40.86275
          ],
          [
            -73.90862,
            40.86277
          ],
          [
            -73.90849,
            40.8628
          ],
          [
            -73.90849,
            40.8628
          ],
          [
            -73.90849,
            40.8628
          ],
          [
            -73.90835,
            40.86282
          ],
          [
            -73.9083,
            40.86282
          ],
          [
            -73.90823,
            40.86283
          ],
          [
            -73.90817,
            40.86284
          ],
          [
            -73.9081,
            40.86284
          ],
          [
            -73.90769,
            40.86283
          ],
          [
            -73.9076,
            40.86283
          ],
          [
            -73.90749,
            40.86282
          ],
          [
            -73.90636,
            40.8628
          ],
          [
            -73.90624,
            40.86279
          ],
          [
            -73.9061,
            40.86279
          ],
          [
            -73.90538,
            40.86277
          ],
          [
            -73.90524,
            40.86277
          ],
          [
            -73.90513,
            40.86276
          ],
          [
            -73.90494,
            40.86276
          ],
          [
            -73.90477,
            40.86276
          ],
          [
            -73.90443,
            40.86276
          ],
          [
            -73.90426,
            40.86276
          ],
          [
            -73.90426,
            40.86276
          ],
          [
            -73.90426,
            40.86276
          ],
          [
            -73.90409,
            40.86277
          ],
          [
            -73.90406,
            40.86277
          ],
          [
            -73.904,
            40.86277
          ],
          [
            -73.90388,
            40.86277
          ],
          [
            -73.90374,
            40.86276
          ],
          [
            -73.90365,
            40.86276
          ],
          [
            -73.90341,
            40.86275
          ],
          [
            -73.90332,
            40.86274
          ],
          [
            -73.90323,
            40.86274
          ],
          [
            -73.90308,
            40.86273
          ],
          [
            -73.90292,
            40.86272
          ],
          [
            -73.90277,
            40.86271
          ],
          [
            -73.90264,
            40.86271
          ],
          [
            -73.9025,
            40.86271
          ],
          [
            -73.90241,
            40.86272
          ],
          [
            -73.9023,
            40.86272
          ],
          [
            -73.90218,
            40.86274
          ],
          [
            -73.90209,
            40.86275
          ],
          [
            -73.90174,
            40.86279
          ],
          [
            -73.90165,
            40.8628
          ],
          [
            -73.90154,
            40.86281
          ],
          [
            -73.90145,
            40.86281
          ],
          [
            -73.90145,
            40.86281
          ],
          [
            -73.90138,
            40.86273
          ],
          [
            -73.90138,
            40.86273
          ],
          [
            -73.90138,
            40.86273
          ],
          [
            -73.90134,
            40.86268
          ],
          [
            -73.90132,
            40.86265
          ],
          [
            -73.90124,
            40.86255
          ],
          [
            -73.90124,
            40.86255
          ],
          [
            -73.90115,
            40.86266
          ],
          [
            -73.90106,
            40.86278
          ],
          [
            -73.90106,
            40.86278
          ],
          [
            -73.90096,
            40.86274
          ],
          [
            -73.90094,
            40.86273
          ],
          [
            -73.90037,
            40.86251
          ],
          [
            -73.90029,
            40.86248
          ],
          [
            -73.90022,
            40.86245
          ],
          [
            -73.89996,
            40.86236
          ],
          [
            -73.89971,
            40.86226
          ],
          [
            -73.89964,
            40.86224
          ],
          [
            -73.89964,
            40.86224
          ],
          [
            -73.89956,
            40.8622
          ],
          [
            -73.89952,
            40.8622
          ],
          [
            -73.89948,
            40.86218
          ],
          [
            -73.89944,
            40.86217
          ],
          [
            -73.8994,
            40.86217
          ],
          [
            -73.8993,
            40.86216
          ],
          [
            -73.89926,
            40.86217
          ],
          [
            -73.8992,
            40.86217
          ],
          [
            -73.89913,
            40.86218
          ],
          [
            -73.89874,
            40.86225
          ],
          [
            -73.89848,
            40.8623
          ],
          [
            -73.89838,
            40.86232
          ],
          [
            -73.89827,
            40.86234
          ],
          [
            -73.89815,
            40.86236
          ],
          [
            -73.898,
            40.86239
          ],
          [
            -73.89798,
            40.86239
          ],
          [
            -73.89785,
            40.86241
          ],
          [
            -73.89769,
            40.86243
          ],
          [
            -73.89757,
            40.86243
          ],
          [
            -73.89757,
            40.86243
          ],
          [
            -73.89757,
            40.86243
          ],
          [
            -73.89748,
            40.86244
          ],
          [
            -73.89733,
            40.86245
          ],
          [
            -73.89707,
            40.86246
          ],
          [
            -73.89699,
            40.86246
          ],
          [
            -73.89693,
            40.86246
          ],
          [
            -73.89687,
            40.86245
          ],
          [
            -73.89682,
            40.86245
          ],
          [
            -73.89602,
            40.86229
          ],
          [
            -73.89599,
            40.86229
          ],
          [
            -73.89599,
            40.86229
          ],
          [
            -73.89599,
            40.86229
          ],
          [
            -73.89589,
            40.86227
          ],
          [
            -73.89578,
            40.86225
          ],
          [
            -73.89562,
            40.86222
          ],
          [
            -73.89498,
            40.86209
          ],
          [
            -73.89491,
            40.86208
          ],
          [
            -73.89481,
            40.86207
          ],
          [
            -73.8947,
            40.86206
          ],
          [
            -73.89428,
            40.86201
          ],
          [
            -73.89399,
            40.86197
          ],
          [
            -73.89391,
            40.86196
          ],
          [
            -73.89391,
            40.86196
          ],
          [
            -73.89391,
            40.86196
          ],
          [
            -73.89389,
            40.86196
          ],
          [
            -73.89374,
            40.86194
          ],
          [
            -73.89355,
            40.86192
          ],
          [
            -73.89343,
            40.86191
          ],
          [
            -73.89309,
            40.86187
          ],
          [
            -73.89295,
            40.86186
          ],
          [
            -73.89285,
            40.86185
          ],
          [
            -73.89277,
            40.86184
          ],
          [
            -73.89269,
            40.86184
          ],
          [
            -73.89256,
            40.86184
          ],
          [
            -73.89244,
            40.86185
          ],
          [
            -73.8923,
            40.86186
          ],
          [
            -73.89201,
            40.86184
          ],
          [
            -73.89193,
            40.86183
          ],
          [
            -73.89186,
            40.86182
          ],
          [
            -73.89179,
            40.8618
          ],
          [
            -73.89173,
            40.86178
          ],
          [
            -73.89166,
            40.86175
          ],
          [
            -73.89157,
            40.86171
          ],
          [
            -73.89144,
            40.86165
          ],
          [
            -73.8913,
            40.86158
          ],
          [
            -73.89088,
            40.86136
          ],
          [
            -73.89086,
            40.86135
          ],
          [
            -73.89071,
            40.86127
          ],
          [
            -73.89046,
            40.86114
          ],
          [
            -73.89044,
            40.86113
          ],
          [
            -73.89044,
            40.86113
          ],
          [
            -73.89044,
            40.86113
          ],
          [
            -73.89041,
            40.86112
          ],
          [
            -73.89036,
            40.86109
          ],
          [
            -73.89027,
            40.86104
          ],
          [
            -73.89019,
            40.861
          ],
          [
            -73.88989,
            40.86091
          ],
          [
            -73.88974,
            40.86083
          ],
          [
            -73.88897,
            40.86043
          ],
          [
            -73.88888,
            40.86039
          ],
          [
            -73.8888,
            40.86034
          ],
          [
            -73.88832,
            40.86009
          ],
          [
            -73.88804,
            40.85994
          ],
          [
            -73.88773,
            40.85978
          ],
          [
            -73.88763,
            40.85973
          ],
          [
            -73.88745,
            40.85963
          ],
          [
            -73.88736,
            40.85959
          ],
          [
            -73.88727,
            40.85955
          ],
          [
            -73.88698,
            40.85939
          ],
          [
            -73.8868,
            40.8593
          ],
          [
            -73.88673,
            40.85926
          ],
          [
            -73.88666,
            40.85922
          ],
          [
            -73.88653,
            40.85916
          ],
          [
            -73.88634,
            40.85906
          ],
          [
            -73.88602,
            40.85889
          ],
          [
            -73.88595,
            40.85885
          ],
          [
            -73.88589,
            40.85882
          ],
          [
            -73.88582,
            40.85879
          ],
          [
            -73.88566,
            40.8587
          ],
          [
            -73.88561,
            40.85868
          ],
          [
            -73.88561,
            40.85868
          ],
          [
            -73.88561,
            40.85868
          ],
          [
            -73.8855,
            40.85862
          ],
          [
            -73.88531,
            40.85852
          ],
          [
            -73.88527,
            40.8585
          ],
          [
            -73.88521,
            40.85847
          ],
          [
            -73.88518,
            40.85846
          ],
          [
            -73.88517,
            40.85846
          ],
          [
            -73.88511,
            40.85844
          ],
          [
            -73.88503,
            40.85842
          ],
          [
            -73.88501,
            40.85841
          ],
          [
            -73.8849,
            40.85838
          ],
          [
            -73.88442,
            40.85823
          ],
          [
            -73.88434,
            40.85821
          ],
          [
            -73.88428,
            40.85815
          ],
          [
            -73.88388,
            40.85807
          ],
          [
            -73.88388,
            40.85807
          ],
          [
            -73.88383,
            40.85803
          ],
          [
            -73.88361,
            40.85793
          ],
          [
            -73.88335,
            40.85785
          ],
          [
            -73.88298,
            40.85774
          ],
          [
            -73.88288,
            40.8577
          ],
          [
            -73.88288,
            40.8577
          ],
          [
            -73.88288,
            40.8577
          ],
          [
            -73.88277,
            40.85767
          ],
          [
            -73.88252,
            40.8576
          ],
          [
            -73.88235,
            40.85755
          ],
          [
            -73.88222,
            40.8575
          ],
          [
            -73.88208,
            40.85743
          ],
          [
            -73.882,
            40.8574
          ],
          [
            -73.8819,
            40.85735
          ],
          [
            -73.8818,
            40.85731
          ],
          [
            -73.88132,
            40.85709
          ],
          [
            -73.88124,
            40.85705
          ],
          [
            -73.881,
            40.85693
          ],
          [
            -73.88092,
            40.8569
          ],
          [
            -73.88074,
            40.85681
          ],
          [
            -73.88056,
            40.85673
          ],
          [
            -73.88016,
            40.85653
          ],
          [
            -73.88012,
            40.85651
          ],
          [
            -73.88012,
            40.85651
          ],
          [
            -73.88012,
            40.8565
          ],
          [
            -73.87973,
            40.85632
          ],
          [
            -73.87959,
            40.85625
          ],
          [
            -73.87897,
            40.85596
          ],
          [
            -73.87881,
            40.8559
          ],
          [
            -73.87881,
            40.8559
          ],
          [
            -73.8782,
            40.85561
          ],
          [
            -73.87806,
            40.85555
          ],
          [
            -73.87793,
            40.85551
          ],
          [
            -73.87781,
            40.85547
          ],
          [
            -73.87766,
            40.85544
          ],
          [
            -73.87753,
            40.85541
          ],
          [
            -73.87741,
            40.8554
          ],
          [
            -73.87725,
            40.85538
          ],
          [
            -73.87713,
            40.85538
          ],
          [
            -73.87702,
            40.85539
          ],
          [
            -73.8769,
            40.8554
          ],
          [
            -73.87674,
            40.85541
          ],
          [
            -73.87659,
            40.85543
          ],
          [
            -73.87639,
            40.85546
          ],
          [
            -73.87617,
            40.8555
          ],
          [
            -73.87589,
            40.85554
          ],
          [
            -73.87559,
            40.8556
          ],
          [
            -73.87477,
            40.85576
          ],
          [
            -73.8744,
            40.85584
          ],
          [
            -73.87411,
            40.8559
          ],
          [
            -73.87383,
            40.85595
          ],
          [
            -73.87355,
            40.85601
          ],
          [
            -73.87328,
            40.85607
          ],
          [
            -73.87305,
            40.85612
          ],
          [
            -73.87237,
            40.85629
          ],
          [
            -73.87136,
            40.85655
          ],
          [
            -73.87122,
            40.85659
          ],
          [
            -73.87109,
            40.85662
          ],
          [
            -73.87095,
            40.85665
          ],
          [
            -73.87088,
            40.85667
          ],
          [
            -73.87081,
            40.85668
          ],
          [
            -73.87074,
            40.85669
          ],
          [
            -73.87067,
            40.8567
          ],
          [
            -73.8706,
            40.85671
          ],
          [
            -73.87053,
            40.85672
          ],
          [
            -73.87046,
            40.85673
          ],
          [
            -73.87039,
            40.85673
          ],
          [
            -73.87032,
            40.85674
          ],
          [
            -73.87025,
            40.85674
          ],
          [
            -73.87017,
            40.85674
          ],
          [
            -73.8701,
            40.85674
          ],
          [
            -73.87002,
            40.85674
          ],
          [
            -73.86995,
            40.85674
          ],
          [
            -73.86991,
            40.85674
          ],
          [
            -73.86929,
            40.85671
          ],
          [
            -73.86929,
            40.85671
          ],
          [
            -73.86909,
            40.85673
          ],
          [
            -73.869,
            40.85674
          ],
          [
            -73.86874,
            40.85675
          ],
          [
            -73.86834,
            40.85677
          ],
          [
            -73.86784,
            40.85678
          ],
          [
            -73.86784,
            40.85678
          ]
        ]
      }
    },
    {
      "type": "Feature",
      "properties": {
        "route_id": "BX12-E-Night",
        "layer": "T2 Original"
      },
      "geometry": {
        "type": "LineString",
        "coordinates": [
          [
            -73.91982,
            40.8681
          ],
          [
            -73.91987,
            40.86809
          ],
          [
            -73.92052,
            40.86792
          ],
          [
            -73.92054,
            40.86791
          ],
          [
            -73.92058,
            40.8679
          ],
          [
            -73.9207,
            40.86787
          ],
          [
            -73.92102,
            40.86777
          ],
          [
            -73.92112,
            40.86774
          ],
          [
            -73.92122,
            40.86771
          ],
          [
            -73.92122,
            40.86771
          ],
          [
            -73.92115,
            40.8676
          ],
          [
            -73.92099,
            40.86735
          ],
          [
            -73.92083,
            40.86709
          ],
          [
            -73.92067,
            40.86684
          ],
          [
            -73.92061,
            40.86676
          ],
          [
            -73.92057,
            40.86669
          ],
          [
            -73.92049,
            40.86657
          ],
          [
            -73.92041,
            40.86645
          ],
          [
            -73.92021,
            40.86613
          ],
          [
            -73.92006,
            40.8659
          ],
          [
            -73.92,
            40.8658
          ],
          [
            -73.91994,
            40.8657
          ],
          [
            -73.9198,
            40.86549
          ],
          [
            -73.91942,
            40.86489
          ],
          [
            -73.91937,
            40.86482
          ],
          [
            -73.91932,
            40.86474
          ],
          [
            -73.91928,
            40.86468
          ],
          [
            -73.91922,
            40.86462
          ],
          [
            -73.9192,
            40.86461
          ],
          [
            -73.9191,
            40.86455
          ],
          [
            -73.91907,
            40.86454
          ],
          [
            -73.91894,
            40.86448
          ],
          [
            -73.91879,
            40.86442
          ],
          [
            -73.91869,
            40.86438
          ],
          [
            -73.91848,
            40.86429
          ],
          [
            -73.91848,
            40.86429
          ],
          [
            -73.91848,
            40.86429
          ],
          [
            -73.91841,
            40.86426
          ],
          [
            -73.9181,
            40.86413
          ],
          [
            -73.91782,
            40.86401
          ],
          [
            -73.91778,
            40.86399
          ],
          [
            -73.91716,
            40.86374
          ],
          [
            -73.91706,
            40.86369
          ],
          [
            -73.91632,
            40.86338
          ],
          [
            -73.91586,
            40.86319
          ],
          [
            -73.91586,
            40.86319
          ],
          [
            -73.91583,
            40.86318
          ],
          [
            -73.91528,
            40.86295
          ],
          [
            -73.91444,
            40.86259
          ],
          [
            -73.91411,
            40.86245
          ],
          [
            -73.91411,
            40.86245
          ],
          [
            -73.91409,
            40.86244
          ],
          [
            -73.91348,
            40.86219
          ],
          [
            -73.91348,
            40.86219
          ],
          [
            -73.91309,
            40.86191
          ],
          [
            -73.91308,
            40.8619
          ],
          [
            -73.91306,
            40.86189
          ],
          [
            -73.91304,
            40.86188
          ],
          [
            -73.91302,
            40.86187
          ],
          [
            -73.913,
            40.86187
          ],
          [
            -73.91298,
            40.86186
          ],
          [
            -73.91295,
            40.86185
          ],
          [
            -73.91292,
            40.86184
          ],
          [
            -73.91288,
            40.86183
          ],
          [
            -73.91284,
            40.86182
          ],
          [
            -73.9128,
            40.86182
          ],
          [
            -73.91262,
            40.86179
          ],
          [
            -73.91259,
            40.86179
          ],
          [
            -73.91251,
            40.86178
          ],
          [
            -73.91244,
            40.86177
          ],
          [
            -73.9124,
            40.86177
          ],
          [
            -73.91236,
            40.86176
          ],
          [
            -73.91225,
            40.86175
          ],
          [
            -73.9121,
            40.86174
          ],
          [
            -73.91203,
            40.86174
          ],
          [
            -73.91194,
            40.86174
          ],
          [
            -73.91181,
            40.86174
          ],
          [
            -73.9117,
            40.86173
          ],
          [
            -73.91161,
            40.86172
          ],
          [
            -73.91157,
            40.86171
          ],
          [
            -73.91148,
            40.8617
          ],
          [
            -73.91148,
            40.8617
          ],
          [
            -73.91148,
            40.8617
          ],
          [
            -73.91145,
            40.8617
          ],
          [
            -73.91117,
            40.86166
          ],
          [
            -73.91112,
            40.86165
          ],
          [
            -73.91106,
            40.86165
          ],
          [
            -73.911,
            40.86165
          ],
          [
            -73.91095,
            40.86165
          ],
          [
            -73.91089,
            40.86166
          ],
          [
            -73.91083,
            40.86168
          ],
          [
            -73.91078,
            40.86169
          ],
          [
            -73.91072,
            40.86172
          ],
          [
            -73.91068,
            40.86174
          ],
          [
            -73.91064,
            40.86176
          ],
          [
            -73.90994,
            40.86225
          ],
          [
            -73.9099,
            40.86228
          ],
          [
            -73.90964,
            40.86245
          ],
          [
            -73.90957,
            40.86249
          ],
          [
            -73.9095,
            40.86252
          ],
          [
            -73.90941,
            40.86256
          ],
          [
            -73.90934,
            40.86258
          ],
          [
            -73.90924,
            40.86262
          ],
          [
            -73.90916,
            40.86265
          ],
          [
            -73.90902,
            40.86269
          ],
          [
            -73.90894,
            40.86271
          ],
          [
            -73.90886,
            40.86273
          ],
          [
            -73.90879,
            40.86275
          ],
          [
            -73.90862,
            40.86277
          ],
          [
            -73.90849,
            40.8628
          ],
          [
            -73.90849,
            40.8628
          ],
          [
            -73.90849,
            40.8628
          ],
          [
            -73.90835,
            40.86282
          ],
          [
            -73.9083,
            40.86282
          ],
          [
            -73.90823,
            40.86283
          ],
          [
            -73.90817,
            40.86284
          ],
          [
            -73.9081,
            40.86284
          ],
          [
            -73.90769,
            40.86283
          ],
          [
            -73.9076,
            40.86283
          ],
          [
            -73.90749,
            40.86282
          ],
          [
            -73.90636,
            40.8628
          ],
          [
            -73.90624,
            40.86279
          ],
          [
            -73.9061,
            40.86279
          ],
          [
            -73.90538,
            40.86277
          ],
          [
            -73.90524,
            40.86277
          ],
          [
            -73.90513,
            40.86276
          ],
          [
            -73.90494,
            40.86276
          ],
          [
            -73.90477,
            40.86276
          ],
          [
            -73.90443,
            40.86276
          ],
          [
            -73.90426,
            40.86276
          ],
          [
            -73.90426,
            40.86276
          ],
          [
            -73.90426,
            40.86276
          ],
          [
            -73.90409,
            40.86277
          ],
          [
            -73.90406,
            40.86277
          ],
          [
            -73.904,
            40.86277
          ],
          [
            -73.90388,
            40.86277
          ],
          [
            -73.90374,
            40.86276
          ],
          [
            -73.90365,
            40.86276
          ],
          [
            -73.90341,
            40.86275
          ],
          [
            -73.90332,
            40.86274
          ],
          [
            -73.90323,
            40.86274
          ],
          [
            -73.90308,
            40.86273
          ],
          [
            -73.90292,
            40.86272
          ],
          [
            -73.90277,
            40.86271
          ],
          [
            -73.90264,
            40.86271
          ],
          [
            -73.9025,
            40.86271
          ],
          [
            -73.90241,
            40.86272
          ],
          [
            -73.9023,
            40.86272
          ],
          [
            -73.90218,
            40.86274
          ],
          [
            -73.90209,
            40.86275
          ],
          [
            -73.90174,
            40.86279
          ],
          [
            -73.90165,
            40.8628
          ],
          [
            -73.90154,
            40.86281
          ],
          [
            -73.90145,
            40.86281
          ],
          [
            -73.90145,
            40.86281
          ],
          [
            -73.90138,
            40.86273
          ],
          [
            -73.90138,
            40.86273
          ],
          [
            -73.90138,
            40.86273
          ],
          [
            -73.90134,
            40.86268
          ],
          [
            -73.90132,
            40.86265
          ],
          [
            -73.90124,
            40.86255
          ],
          [
            -73.90124,
            40.86255
          ],
          [
            -73.90115,
            40.86266
          ],
          [
            -73.90106,
            40.86278
          ],
          [
            -73.90106,
            40.86278
          ],
          [
            -73.90096,
            40.86274
          ],
          [
            -73.90094,
            40.86273
          ],
          [
            -73.90037,
            40.86251
          ],
          [
            -73.90029,
            40.86248
          ],
          [
            -73.90022,
            40.86245
          ],
          [
            -73.89996,
            40.86236
          ],
          [
            -73.89971,
            40.86226
          ],
          [
            -73.89964,
            40.86224
          ],
          [
            -73.89964,
            40.86224
          ],
          [
            -73.89956,
            40.8622
          ],
          [
            -73.89952,
            40.8622
          ],
          [
            -73.89948,
            40.86218
          ],
          [
            -73.89944,
            40.86217
          ],
          [
            -73.8994,
            40.86217
          ],
          [
            -73.8993,
            40.86216
          ],
          [
            -73.89926,
            40.86217
          ],
          [
            -73.8992,
            40.86217
          ],
          [
            -73.89913,
            40.86218
          ],
          [
            -73.89874,
            40.86225
          ],
          [
            -73.89848,
            40.8623
          ],
          [
            -73.89838,
            40.86232
          ],
          [
            -73.89827,
            40.86234
          ],
          [
            -73.89815,
            40.86236
          ],
          [
            -73.898,
            40.86239
          ],
          [
            -73.89798,
            40.86239
          ],
          [
            -73.89785,
            40.86241
          ],
          [
            -73.89769,
            40.86243
          ],
          [
            -73.89757,
            40.86243
          ],
          [
            -73.89757,
            40.86243
          ],
          [
            -73.89757,
            40.86243
          ],
          [
            -73.89748,
            40.86244
          ],
          [
            -73.89733,
            40.86245
          ],
          [
            -73.89707,
            40.86246
          ],
          [
            -73.89699,
            40.86246
          ],
          [
            -73.89693,
            40.86246
          ],
          [
            -73.89687,
            40.86245
          ],
          [
            -73.89682,
            40.86245
          ],
          [
            -73.89602,
            40.86229
          ],
          [
            -73.89599,
            40.86229
          ],
          [
            -73.89599,
            40.86229
          ],
          [
            -73.89599,
            40.86229
          ],
          [
            -73.89589,
            40.86227
          ],
          [
            -73.89578,
            40.86225
          ],
          [
            -73.89562,
            40.86222
          ],
          [
            -73.89498,
            40.86209
          ],
          [
            -73.89491,
            40.86208
          ],
          [
            -73.89481,
            40.86207
          ],
          [
            -73.8947,
            40.86206
          ],
          [
            -73.89428,
            40.86201
          ],
          [
            -73.89399,
            40.86197
          ],
          [
            -73.89391,
            40.86196
          ],
          [
            -73.89391,
            40.86196
          ],
          [
            -73.89391,
            40.86196
          ],
          [
            -73.89389,
            40.86196
          ],
          [
            -73.89374,
            40.86194
          ],
          [
            -73.89355,
            40.86192
          ],
          [
            -73.89343,
            40.86191
          ],
          [
            -73.89309,
            40.86187
          ],
          [
            -73.89295,
            40.86186
          ],
          [
            -73.89285,
            40.86185
          ],
          [
            -73.89277,
            40.86184
          ],
          [
            -73.89269,
            40.86184
          ],
          [
            -73.89256,
            40.86184
          ],
          [
            -73.89244,
            40.86185
          ],
          [
            -73.8923,
            40.86186
          ],
          [
            -73.89201,
            40.86184
          ],
          [
            -73.89193,
            40.86183
          ],
          [
            -73.89186,
            40.86182
          ],
          [
            -73.89179,
            40.8618
          ],
          [
            -73.89173,
            40.86178
          ],
          [
            -73.89166,
            40.86175
          ],
          [
            -73.89157,
            40.86171
          ],
          [
            -73.89144,
            40.86165
          ],
          [
            -73.8913,
            40.86158
          ],
          [
            -73.89088,
            40.86136
          ],
          [
            -73.89086,
            40.86135
          ],
          [
            -73.89071,
            40.86127
          ],
          [
            -73.89046,
            40.86114
          ],
          [
            -73.89044,
            40.86113
          ],
          [
            -73.89044,
            40.86113
          ],
          [
            -73.89044,
            40.86113
          ],
          [
            -73.89041,
            40.86112
          ],
          [
            -73.89036,
            40.86109
          ],
          [
            -73.89027,
            40.86104
          ],
          [
            -73.89019,
            40.861
          ],
          [
            -73.88989,
            40.86091
          ],
          [
            -73.88974,
            40.86083
          ],
          [
            -73.88897,
            40.86043
          ],
          [
            -73.88888,
            40.86039
          ],
          [
            -73.8888,
            40.86034
          ],
          [
            -73.88832,
            40.86009
          ],
          [
            -73.88804,
            40.85994
          ],
          [
            -73.88773,
            40.85978
          ],
          [
            -73.88763,
            40.85973
          ],
          [
            -73.88745,
            40.85963
          ],
          [
            -73.88736,
            40.85959
          ],
          [
            -73.88727,
            40.85955
          ],
          [
            -73.88698,
            40.85939
          ],
          [
            -73.8868,
            40.8593
          ],
          [
            -73.88673,
            40.85926
          ],
          [
            -73.88673,
            40.85926
          ],
          [
            -73.88682,
            40.85916
          ],
          [
            -73.88697,
            40.85899
          ],
          [
            -73.88715,
            40.85878
          ],
          [
            -73.88758,
            40.85829
          ],
          [
            -73.88763,
            40.85823
          ],
          [
            -73.88763,
            40.85823
          ],
          [
            -73.88771,
            40.85827
          ],
          [
            -73.88828,
            40.85857
          ],
          [
            -73.88835,
            40.8586
          ],
          [
            -73.88835,
            40.8586
          ],
          [
            -73.88829,
            40.85867
          ],
          [
            -73.88754,
            40.85954
          ],
          [
            -73.88754,
            40.85954
          ],
          [
            -73.88754,
            40.85954
          ],
          [
            -73.88736,
            40.85959
          ],
          [
            -73.88736,
            40.85959
          ],
          [
            -73.88727,
            40.85955
          ],
          [
            -73.88698,
            40.85939
          ],
          [
            -73.8868,
            40.8593
          ],
          [
            -73.88673,
            40.85926
          ],
          [
            -73.88666,
            40.85922
          ],
          [
            -73.88653,
            40.85916
          ],
          [
            -73.88634,
            40.85906
          ],
          [
            -73.88602,
            40.85889
          ],
          [
            -73.88595,
            40.85885
          ],
          [
            -73.88589,
            40.85882
          ],
          [
            -73.88582,
            40.85879
          ],
          [
            -73.88566,
            40.8587
          ],
          [
            -73.88561,
            40.85868
          ],
          [
            -73.88561,
            40.85868
          ],
          [
            -73.88561,
            40.85868
          ],
          [
            -73.8855,
            40.85862
          ],
          [
            -73.88531,
            40.85852
          ],
          [
            -73.88527,
            40.8585
          ],
          [
            -73.88521,
            40.85847
          ],
          [
            -73.88518,
            40.85846
          ],
          [
            -73.88517,
            40.85846
          ],
          [
            -73.88511,
            40.85844
          ],
          [
            -73.88503,
            40.85842
          ],
          [
            -73.88501,
            40.85841
          ],
          [
            -73.8849,
            40.85838
          ],
          [
            -73.88442,
            40.85823
          ],
          [
            -73.88434,
            40.85821
          ],
          [
            -73.88428,
            40.85815
          ],
          [
            -73.88388,
            40.85807
          ],
          [
            -73.88388,
            40.85807
          ],
          [
            -73.88383,
            40.85803
          ],
          [
            -73.88361,
            40.85793
          ],
          [
            -73.88335,
            40.85785
          ],
          [
            -73.88298,
            40.85774
          ],
          [
            -73.88288,
            40.8577
          ],
          [
            -73.88288,
            40.8577
          ],
          [
            -73.88288,
            40.8577
          ],
          [
            -73.88277,
            40.85767
          ],
          [
            -73.88252,
            40.8576
          ],
          [
            -73.88235,
            40.85755
          ],
          [
            -73.88222,
            40.8575
          ],
          [
            -73.88208,
            40.85743
          ],
          [
            -73.882,
            40.8574
          ],
          [
            -73.8819,
            40.85735
          ],
          [
            -73.8818,
            40.85731
          ],
          [
            -73.88132,
            40.85709
          ],
          [
            -73.88124,
            40.85705
          ],
          [
            -73.881,
            40.85693
          ],
          [
            -73.88092,
            40.8569
          ],
          [
            -73.88074,
            40.85681
          ],
          [
            -73.88056,
            40.85673
          ],
          [
            -73.88016,
            40.85653
          ],
          [
            -73.88012,
            40.85651
          ],
          [
            -73.88012,
            40.85651
          ],
          [
            -73.88012,
            40.8565
          ],
          [
            -73.87973,
            40.85632
          ],
          [
            -73.87959,
            40.85625
          ],
          [
            -73.87897,
            40.85596
          ],
          [
            -73.87881,
            40.8559
          ],
          [
            -73.87881,
            40.8559
          ],
          [
            -73.8782,
            40.85561
          ],
          [
            -73.87806,
            40.85555
          ],
          [
            -73.87793,
            40.85551
          ],
          [
            -73.87781,
            40.85547
          ],
          [
            -73.87766,
            40.85544
          ],
          [
            -73.87753,
            40.85541
          ],
          [
            -73.87741,
            40.8554
          ],
          [
            -73.87725,
            40.85538
          ],
          [
            -73.87713,
            40.85538
          ],
          [
            -73.87702,
            40.85539
          ],
          [
            -73.8769,
            40.8554
          ],
          [
            -73.87674,
            40.85541
          ],
          [
            -73.87659,
            40.85543
          ],
          [
            -73.87639,
            40.85546
          ],
          [
            -73.87617,
            40.8555
          ],
          [
            -73.87589,
            40.85554
          ],
          [
            -73.87559,
            40.8556
          ],
          [
            -73.87477,
            40.85576
          ],
          [
            -73.8744,
            40.85584
          ],
          [
            -73.87411,
            40.8559
          ],
          [
            -73.87383,
            40.85595
          ],
          [
            -73.87355,
            40.85601
          ],
          [
            -73.87328,
            40.85607
          ],
          [
            -73.87305,
            40.85612
          ],
          [
            -73.87237,
            40.85629
          ],
          [
            -73.87136,
            40.85655
          ],
          [
            -73.87122,
            40.85659
          ],
          [
            -73.87109,
            40.85662
          ],
          [
            -73.87095,
            40.85665
          ],
          [
            -73.87088,
            40.85667
          ],
          [
            -73.87081,
            40.85668
          ],
          [
            -73.87074,
            40.85669
          ],
          [
            -73.87067,
            40.8567
          ],
          [
            -73.8706,
            40.85671
          ],
          [
            -73.87053,
            40.85672
          ],
          [
            -73.87046,
            40.85673
          ],
          [
            -73.87039,
            40.85673
          ],
          [
            -73.87032,
            40.85674
          ],
          [
            -73.87025,
            40.85674
          ],
          [
            -73.87017,
            40.85674
          ],
          [
            -73.8701,
            40.85674
          ],
          [
            -73.87002,
            40.85674
          ],
          [
            -73.86995,
            40.85674
          ],
          [
            -73.86991,
            40.85674
          ],
          [
            -73.86929,
            40.85671
          ],
          [
            -73.86929,
            40.85671
          ],
          [
            -73.86909,
            40.85673
          ],
          [
            -73.869,
            40.85674
          ],
          [
            -73.86874,
            40.85675
          ],
          [
            -73.86834,
            40.85677
          ],
          [
            -73.86784,
            40.85678
          ],
          [
            -73.86784,
            40.85678
          ],
          [
            -73.86784,
            40.85678
          ],
          [
            -73.86779,
            40.85678
          ],
          [
            -73.86763,
            40.85678
          ],
          [
            -73.86749,
            40.85679
          ],
          [
            -73.86702,
            40.8568
          ],
          [
            -73.86472,
            40.85685
          ],
          [
            -73.86184,
            40.85693
          ],
          [
            -73.86176,
            40.85694
          ],
          [
            -73.86176,
            40.85694
          ],
          [
            -73.86176,
            40.85694
          ],
          [
            -73.86171,
            40.85694
          ],
          [
            -73.86,
            40.85698
          ],
          [
            -73.85652,
            40.85708
          ],
          [
            -73.85632,
            40.85708
          ],
          [
            -73.85617,
            40.85709
          ],
          [
            -73.85617,
            40.85709
          ],
          [
            -73.85627,
            40.85732
          ],
          [
            -73.85637,
            40.85755
          ],
          [
            -73.85637,
            40.85755
          ],
          [
            -73.85628,
            40.85768
          ],
          [
            -73.85624,
            40.85773
          ],
          [
            -73.85596,
            40.85806
          ],
          [
            -73.85596,
            40.85806
          ],
          [
            -73.85598,
            40.85809
          ],
          [
            -73.856,
            40.85816
          ],
          [
            -73.85613,
            40.85815
          ],
          [
            -73.85651,
            40.85813
          ],
          [
            -73.85664,
            40.85812
          ],
          [
            -73.85664,
            40.85812
          ],
          [
            -73.85661,
            40.85805
          ],
          [
            -73.85658,
            40.85798
          ],
          [
            -73.85649,
            40.85779
          ],
          [
            -73.85646,
            40.85773
          ],
          [
            -73.85643,
            40.85767
          ],
          [
            -73.85637,
            40.85755
          ],
          [
            -73.85627,
            40.85732
          ],
          [
            -73.85617,
            40.85709
          ],
          [
            -73.85615,
            40.85705
          ],
          [
            -73.85615,
            40.85705
          ],
          [
            -73.85615,
            40.85705
          ],
          [
            -73.85611,
            40.85695
          ],
          [
            -73.85611,
            40.85695
          ],
          [
            -73.85595,
            40.85696
          ],
          [
            -73.8547,
            40.85707
          ],
          [
            -73.85378,
            40.85715
          ],
          [
            -73.85274,
            40.85724
          ],
          [
            -73.85172,
            40.85733
          ],
          [
            -73.85164,
            40.85734
          ],
          [
            -73.8507,
            40.85742
          ],
          [
            -73.84974,
            40.8575
          ],
          [
            -73.84967,
            40.85751
          ],
          [
            -73.8496,
            40.85751
          ],
          [
            -73.84946,
            40.8575
          ],
          [
            -73.84935,
            40.8575
          ],
          [
            -73.84869,
            40.85746
          ],
          [
            -73.84857,
            40.85746
          ],
          [
            -73.8482,
            40.85745
          ],
          [
            -73.84795,
            40.85747
          ],
          [
            -73.84739,
            40.85746
          ],
          [
            -73.84739,
            40.85746
          ],
          [
            -73.84739,
            40.85746
          ],
          [
            -73.84712,
            40.85746
          ],
          [
            -73.84703,
            40.85746
          ],
          [
            -73.84695,
            40.85746
          ],
          [
            -73.84678,
            40.85745
          ],
          [
            -73.84658,
            40.85744
          ],
          [
            -73.84637,
            40.85743
          ],
          [
            -73.84592,
            40.85738
          ],
          [
            -73.84567,
            40.85741
          ],
          [
            -73.84534,
            40.8574
          ],
          [
            -73.84494,
            40.85741
          ],
          [
            -73.84445,
            40.85737
          ],
          [
            -73.84421,
            40.85734
          ],
          [
            -73.84402,
            40.85732
          ],
          [
            -73.84393,
            40.85731
          ],
          [
            -73.84393,
            40.85731
          ],
          [
            -73.84393,
            40.85731
          ],
          [
            -73.84388,
            40.8573
          ],
          [
            -73.84374,
            40.85729
          ],
          [
            -73.84361,
            40.85726
          ],
          [
            -73.84341,
            40.85723
          ],
          [
            -73.83898,
            40.85656
          ],
          [
            -73.83884,
            40.85654
          ],
          [
            -73.8388,
            40.85653
          ],
          [
            -73.8388,
            40.85653
          ],
          [
            -73.8388,
            40.85653
          ],
          [
            -73.83872,
            40.85652
          ],
          [
            -73.83856,
            40.8565
          ],
          [
            -73.83841,
            40.85649
          ],
          [
            -73.83827,
            40.85649
          ],
          [
            -73.83812,
            40.85649
          ],
          [
            -73.83798,
            40.85649
          ],
          [
            -73.83783,
            40.8565
          ],
          [
            -73.83778,
            40.8565
          ],
          [
            -73.8377,
            40.85651
          ],
          [
            -73.83698,
            40.85659
          ],
          [
            -73.83686,
            40.8566
          ],
          [
            -73.83673,
            40.8566
          ],
          [
            -73.83664,
            40.8566
          ],
          [
            -73.83655,
            40.85659
          ],
          [
            -73.83648,
            40.85658
          ],
          [
            -73.83633,
            40.85656
          ],
          [
            -73.83609,
            40.85653
          ],
          [
            -73.83504,
            40.85636
          ],
          [
            -73.83483,
            40.85633
          ],
          [
            -73.83339,
            40.85608
          ],
          [
            -73.83295,
            40.85601
          ],
          [
            -73.83295,
            40.85601
          ],
          [
            -73.83254,
            40.85588
          ],
          [
            -73.83248,
            40.85586
          ],
          [
            -73.83243,
            40.85584
          ],
          [
            -73.83238,
            40.85582
          ],
          [
            -73.83228,
            40.85577
          ],
          [
            -73.83198,
            40.85562
          ],
          [
            -73.83191,
            40.85559
          ],
          [
            -73.83185,
            40.85556
          ],
          [
            -73.83179,
            40.85554
          ],
          [
            -73.83173,
            40.85552
          ],
          [
            -73.83167,
            40.8555
          ],
          [
            -73.83161,
            40.85549
          ],
          [
            -73.83155,
            40.85548
          ],
          [
            -73.83149,
            40.85547
          ],
          [
            -73.83144,
            40.85546
          ],
          [
            -73.83127,
            40.85544
          ],
          [
            -73.83071,
            40.8555
          ],
          [
            -73.83071,
            40.8555
          ],
          [
            -73.83071,
            40.8555
          ],
          [
            -73.83069,
            40.85551
          ],
          [
            -73.83056,
            40.85552
          ],
          [
            -73.83056,
            40.85552
          ],
          [
            -73.83048,
            40.85558
          ],
          [
            -73.83027,
            40.85566
          ],
          [
            -73.82954,
            40.856
          ],
          [
            -73.82943,
            40.85605
          ],
          [
            -73.82933,
            40.85609
          ],
          [
            -73.82923,
            40.85612
          ],
          [
            -73.82912,
            40.85615
          ],
          [
            -73.82901,
            40.85617
          ],
          [
            -73.82835,
            40.8563
          ],
          [
            -73.82804,
            40.85634
          ],
          [
            -73.82804,
            40.85634
          ],
          [
            -73.82798,
            40.85636
          ],
          [
            -73.82793,
            40.85637
          ],
          [
            -73.8279,
            40.85639
          ],
          [
            -73.82787,
            40.85641
          ],
          [
            -73.82786,
            40.85643
          ],
          [
            -73.82785,
            40.85646
          ],
          [
            -73.82785,
            40.85649
          ],
          [
            -73.8279,
            40.85695
          ],
          [
            -73.8279,
            40.85702
          ],
          [
            -73.8279,
            40.85708
          ],
          [
            -73.82789,
            40.85714
          ],
          [
            -73.82788,
            40.8572
          ],
          [
            -73.82786,
            40.85726
          ],
          [
            -73.82783,
            40.85731
          ],
          [
            -73.82779,
            40.85736
          ],
          [
            -73.82774,
            40.85741
          ],
          [
            -73.82767,
            40.85745
          ],
          [
            -73.82761,
            40.85748
          ],
          [
            -73.82754,
            40.85751
          ],
          [
            -73.82747,
            40.85753
          ],
          [
            -73.82739,
            40.85755
          ],
          [
            -73.82731,
            40.85755
          ],
          [
            -73.82724,
            40.85754
          ],
          [
            -73.82718,
            40.85753
          ],
          [
            -73.82711,
            40.85752
          ],
          [
            -73.82706,
            40.8575
          ],
          [
            -73.82701,
            40.85747
          ],
          [
            -73.82696,
            40.85745
          ],
          [
            -73.82692,
            40.85741
          ],
          [
            -73.82688,
            40.85738
          ],
          [
            -73.82684,
            40.85734
          ],
          [
            -73.82681,
            40.8573
          ],
          [
            -73.82678,
            40.85725
          ],
          [
            -73.82676,
            40.85719
          ],
          [
            -73.82663,
            40.85685
          ],
          [
            -73.82653,
            40.85659
          ],
          [
            -73.82649,
            40.85629
          ],
          [
            -73.82647,
            40.85618
          ],
          [
            -73.82646,
            40.85607
          ],
          [
            -73.82643,
            40.85567
          ],
          [
            -73.82643,
            40.85567
          ],
          [
            -73.8265,
            40.85499
          ],
          [
            -73.82651,
            40.85486
          ],
          [
            -73.82652,
            40.85473
          ],
          [
            -73.82652,
            40.85459
          ],
          [
            -73.82652,
            40.85437
          ],
          [
            -73.82652,
            40.85421
          ],
          [
            -73.82653,
            40.85406
          ],
          [
            -73.82654,
            40.85391
          ],
          [
            -73.82655,
            40.85383
          ],
          [
            -73.82657,
            40.85375
          ],
          [
            -73.82658,
            40.85365
          ],
          [
            -73.8266,
            40.85357
          ],
          [
            -73.82662,
            40.85347
          ],
          [
            -73.82663,
            40.85341
          ],
          [
            -73.82665,
            40.85336
          ],
          [
            -73.82665,
            40.85336
          ],
          [
            -73.82666,
            40.85329
          ],
          [
            -73.82667,
            40.85325
          ],
          [
            -73.82667,
            40.85325
          ],
          [
            -73.82667,
            40.85325
          ],
          [
            -73.82668,
            40.85322
          ],
          [
            -73.82669,
            40.85318
          ],
          [
            -73.8267,
            40.85314
          ],
          [
            -73.82673,
            40.85305
          ],
          [
            -73.82676,
            40.85296
          ],
          [
            -73.82685,
            40.85268
          ],
          [
            -73.82695,
            40.85239
          ],
          [
            -73.82715,
            40.8518
          ],
          [
            -73.82717,
            40.85173
          ],
          [
            -73.82717,
            40.85173
          ],
          [
            -73.82715,
            40.85174
          ],
          [
            -73.82714,
            40.85174
          ],
          [
            -73.82712,
            40.85175
          ],
          [
            -73.8271,
            40.85175
          ],
          [
            -73.8271,
            40.85175
          ],
          [
            -73.82708,
            40.85175
          ],
          [
            -73.82705,
            40.85174
          ],
          [
            -73.82703,
            40.85174
          ],
          [
            -73.82671,
            40.85168
          ],
          [
            -73.82664,
            40.85166
          ],
          [
            -73.82664,
            40.85166
          ],
          [
            -73.82656,
            40.85165
          ],
          [
            -73.82654,
            40.8517
          ],
          [
            -73.82609,
            40.85305
          ],
          [
            -73.82607,
            40.8531
          ],
          [
            -73.82605,
            40.85315
          ],
          [
            -73.82603,
            40.85322
          ],
          [
            -73.82602,
            40.85325
          ],
          [
            -73.826,
            40.85327
          ],
          [
            -73.82598,
            40.8533
          ],
          [
            -73.82596,
            40.85332
          ],
          [
            -73.82574,
            40.85352
          ],
          [
            -73.82574,
            40.85352
          ],
          [
            -73.82566,
            40.85375
          ],
          [
            -73.82564,
            40.85383
          ],
          [
            -73.82563,
            40.85391
          ],
          [
            -73.82561,
            40.85399
          ],
          [
            -73.82559,
            40.85408
          ],
          [
            -73.82559,
            40.85419
          ],
          [
            -73.82559,
            40.85428
          ],
          [
            -73.8256,
            40.85437
          ],
          [
            -73.82561,
            40.85445
          ],
          [
            -73.82593,
            40.85537
          ],
          [
            -73.8263,
            40.8563
          ],
          [
            -73.8263,
            40.8563
          ],
          [
            -73.82635,
            40.85661
          ],
          [
            -73.82639,
            40.85687
          ],
          [
            -73.82641,
            40.85699
          ],
          [
            -73.82643,
            40.85711
          ],
          [
            -73.82645,
            40.85723
          ],
          [
            -73.82648,
            40.85733
          ],
          [
            -73.82659,
            40.85776
          ],
          [
            -73.82669,
            40.8581
          ],
          [
            -73.82693,
            40.85885
          ],
          [
            -73.82716,
            40.85949
          ],
          [
            -73.82727,
            40.85979
          ],
          [
            -73.82734,
            40.85997
          ],
          [
            -73.82739,
            40.86007
          ],
          [
            -73.82744,
            40.86018
          ],
          [
            -73.82749,
            40.86028
          ],
          [
            -73.82754,
            40.86038
          ],
          [
            -73.8276,
            40.86049
          ],
          [
            -73.82766,
            40.86059
          ],
          [
            -73.82772,
            40.86068
          ],
          [
            -73.82779,
            40.86078
          ],
          [
            -73.82785,
            40.86087
          ],
          [
            -73.82792,
            40.86096
          ],
          [
            -73.82827,
            40.8614
          ],
          [
            -73.82883,
            40.8621
          ],
          [
            -73.82896,
            40.86228
          ],
          [
            -73.82912,
            40.86249
          ],
          [
            -73.82926,
            40.86267
          ],
          [
            -73.82939,
            40.86286
          ],
          [
            -73.82953,
            40.86307
          ],
          [
            -73.82966,
            40.86326
          ],
          [
            -73.82978,
            40.86346
          ],
          [
            -73.8299,
            40.86364
          ],
          [
            -73.83003,
            40.86386
          ],
          [
            -73.83015,
            40.86406
          ],
          [
            -73.83028,
            40.86427
          ],
          [
            -73.8304,
            40.86447
          ],
          [
            -73.83052,
            40.86467
          ],
          [
            -73.83063,
            40.86487
          ],
          [
            -73.83116,
            40.86579
          ],
          [
            -73.83116,
            40.86579
          ],
          [
            -73.83128,
            40.86622
          ],
          [
            -73.83135,
            40.86635
          ],
          [
            -73.83137,
            40.86639
          ],
          [
            -73.83138,
            40.86644
          ],
          [
            -73.83139,
            40.86648
          ],
          [
            -73.83138,
            40.86652
          ],
          [
            -73.83138,
            40.86656
          ],
          [
            -73.83136,
            40.86661
          ],
          [
            -73.83133,
            40.86666
          ],
          [
            -73.8313,
            40.8667
          ],
          [
            -73.83129,
            40.86671
          ],
          [
            -73.83125,
            40.86675
          ],
          [
            -73.83121,
            40.86677
          ],
          [
            -73.83117,
            40.8668
          ],
          [
            -73.83117,
            40.8668
          ],
          [
            -73.83101,
            40.86679
          ],
          [
            -73.83097,
            40.86678
          ],
          [
            -73.83092,
            40.86677
          ],
          [
            -73.83089,
            40.86675
          ],
          [
            -73.83087,
            40.86674
          ],
          [
            -73.83085,
            40.86672
          ],
          [
            -73.83084,
            40.86669
          ],
          [
            -73.83077,
            40.86654
          ],
          [
            -73.83074,
            40.86647
          ],
          [
            -73.83074,
            40.86647
          ],
          [
            -73.83074,
            40.86647
          ],
          [
            -73.83068,
            40.86631
          ],
          [
            -73.83068,
            40.86631
          ],
          [
            -73.8306,
            40.8661
          ],
          [
            -73.83036,
            40.86555
          ],
          [
            -73.83013,
            40.865
          ],
          [
            -73.83012,
            40.86497
          ],
          [
            -73.8301,
            40.86485
          ],
          [
            -73.82992,
            40.86447
          ],
          [
            -73.82969,
            40.86395
          ],
          [
            -73.82965,
            40.86386
          ],
          [
            -73.82962,
            40.86383
          ],
          [
            -73.82959,
            40.86381
          ],
          [
            -73.82955,
            40.8638
          ],
          [
            -73.82951,
            40.8638
          ],
          [
            -73.82944,
            40.86381
          ],
          [
            -73.82944,
            40.86381
          ],
          [
            -73.82939,
            40.86382
          ],
          [
            -73.82936,
            40.86382
          ],
          [
            -73.82934,
            40.86383
          ],
          [
            -73.82924,
            40.86387
          ],
          [
            -73.8292,
            40.8639
          ],
          [
            -73.82917,
            40.86393
          ],
          [
            -73.82905,
            40.86405
          ],
          [
            -73.82892,
            40.86421
          ],
          [
            -73.82886,
            40.86428
          ],
          [
            -73.82878,
            40.86443
          ],
          [
            -73.82871,
            40.86449
          ],
          [
            -73.82868,
            40.86453
          ],
          [
            -73.82862,
            40.86459
          ],
          [
            -73.82859,
            40.86463
          ],
          [
            -73.82855,
            40.86467
          ],
          [
            -73.82848,
            40.86475
          ],
          [
            -73.82845,
            40.86478
          ],
          [
            -73.82823,
            40.86504
          ],
          [
            -73.82818,
            40.86509
          ],
          [
            -73.82814,
            40.86513
          ],
          [
            -73.82811,
            40.86517
          ],
          [
            -73.82809,
            40.86518
          ],
          [
            -73.82797,
            40.86533
          ],
          [
            -73.82789,
            40.86541
          ],
          [
            -73.82779,
            40.86553
          ],
          [
            -73.82765,
            40.86568
          ],
          [
            -73.82765,
            40.86568
          ]
        ]
      }
    },
    {
      "type": "Feature",
      "properties": {
        "route_id": "BX12-E-Night",
        "layer": "T2 Optimal"
      },
      "geometry": {
        "type": "LineString",
        "coordinates": [
          [
            -73.91982,
            40.8681
          ],
          [
            -73.91987,
            40.86809
          ],
          [
            -73.92052,
            40.86792
          ],
          [
            -73.92054,
            40.86791
          ],
          [
            -73.92058,
            40.8679
          ],
          [
            -73.9207,
            40.86787
          ],
          [
            -73.92102,
            40.86777
          ],
          [
            -73.92112,
            40.86774
          ],
          [
            -73.92122,
            40.86771
          ],
          [
            -73.92122,
            40.86771
          ],
          [
            -73.92115,
            40.8676
          ],
          [
            -73.92099,
            40.86735
          ],
          [
            -73.92083,
            40.86709
          ],
          [
            -73.92067,
            40.86684
          ],
          [
            -73.92061,
            40.86676
          ],
          [
            -73.92057,
            40.86669
          ],
          [
            -73.92049,
            40.86657
          ],
          [
            -73.92041,
            40.86645
          ],
          [
            -73.92021,
            40.86613
          ],
          [
            -73.92006,
            40.8659
          ],
          [
            -73.92,
            40.8658
          ],
          [
            -73.91994,
            40.8657
          ],
          [
            -73.9198,
            40.86549
          ],
          [
            -73.91942,
            40.86489
          ],
          [
            -73.91937,
            40.86482
          ],
          [
            -73.91932,
            40.86474
          ],
          [
            -73.91928,
            40.86468
          ],
          [
            -73.91922,
            40.86462
          ],
          [
            -73.9192,
            40.86461
          ],
          [
            -73.9191,
            40.86455
          ],
          [
            -73.91907,
            40.86454
          ],
          [
            -73.91894,
            40.86448
          ],
          [
            -73.91879,
            40.86442
          ],
          [
            -73.91869,
            40.86438
          ],
          [
            -73.91848,
            40.86429
          ],
          [
            -73.91848,
            40.86429
          ],
          [
            -73.91848,
            40.86429
          ],
          [
            -73.91841,
            40.86426
          ],
          [
            -73.9181,
            40.86413
          ],
          [
            -73.91782,
            40.86401
          ],
          [
            -73.91778,
            40.86399
          ],
          [
            -73.91716,
            40.86374
          ],
          [
            -73.91706,
            40.86369
          ],
          [
            -73.91632,
            40.86338
          ],
          [
            -73.91586,
            40.86319
          ],
          [
            -73.91586,
            40.86319
          ],
          [
            -73.91583,
            40.86318
          ],
          [
            -73.91528,
            40.86295
          ],
          [
            -73.91444,
            40.86259
          ],
          [
            -73.91411,
            40.86245
          ],
          [
            -73.91411,
            40.86245
          ],
          [
            -73.91409,
            40.86244
          ],
          [
            -73.91348,
            40.86219
          ],
          [
            -73.91348,
            40.86219
          ],
          [
            -73.91309,
            40.86191
          ],
          [
            -73.91308,
            40.8619
          ],
          [
            -73.91306,
            40.86189
          ],
          [
            -73.91304,
            40.86188
          ],
          [
            -73.91302,
            40.86187
          ],
          [
            -73.913,
            40.86187
          ],
          [
            -73.91298,
            40.86186
          ],
          [
            -73.91295,
            40.86185
          ],
          [
            -73.91292,
            40.86184
          ],
          [
            -73.91288,
            40.86183
          ],
          [
            -73.91284,
            40.86182
          ],
          [
            -73.9128,
            40.86182
          ],
          [
            -73.91262,
            40.86179
          ],
          [
            -73.91259,
            40.86179
          ],
          [
            -73.91251,
            40.86178
          ],
          [
            -73.91244,
            40.86177
          ],
          [
            -73.9124,
            40.86177
          ],
          [
            -73.91236,
            40.86176
          ],
          [
            -73.91225,
            40.86175
          ],
          [
            -73.9121,
            40.86174
          ],
          [
            -73.91203,
            40.86174
          ],
          [
            -73.91194,
            40.86174
          ],
          [
            -73.91181,
            40.86174
          ],
          [
            -73.9117,
            40.86173
          ],
          [
            -73.91161,
            40.86172
          ],
          [
            -73.91157,
            40.86171
          ],
          [
            -73.91148,
            40.8617
          ],
          [
            -73.91148,
            40.8617
          ],
          [
            -73.91148,
            40.8617
          ],
          [
            -73.91145,
            40.8617
          ],
          [
            -73.91117,
            40.86166
          ],
          [
            -73.91112,
            40.86165
          ],
          [
            -73.91106,
            40.86165
          ],
          [
            -73.911,
            40.86165
          ],
          [
            -73.91095,
            40.86165
          ],
          [
            -73.91089,
            40.86166
          ],
          [
            -73.91083,
            40.86168
          ],
          [
            -73.91078,
            40.86169
          ],
          [
            -73.91072,
            40.86172
          ],
          [
            -73.91068,
            40.86174
          ],
          [
            -73.91064,
            40.86176
          ],
          [
            -73.90994,
            40.86225
          ],
          [
            -73.9099,
            40.86228
          ],
          [
            -73.90964,
            40.86245
          ],
          [
            -73.90957,
            40.86249
          ],
          [
            -73.9095,
            40.86252
          ],
          [
            -73.90941,
            40.86256
          ],
          [
            -73.90934,
            40.86258
          ],
          [
            -73.90924,
            40.86262
          ],
          [
            -73.90916,
            40.86265
          ],
          [
            -73.90902,
            40.86269
          ],
          [
            -73.90894,
            40.86271
          ],
          [
            -73.90886,
            40.86273
          ],
          [
            -73.90879,
            40.86275
          ],
          [
            -73.90862,
            40.86277
          ],
          [
            -73.90849,
            40.8628
          ],
          [
            -73.90849,
            40.8628
          ],
          [
            -73.90849,
            40.8628
          ],
          [
            -73.90835,
            40.86282
          ],
          [
            -73.9083,
            40.86282
          ],
          [
            -73.90823,
            40.86283
          ],
          [
            -73.90817,
            40.86284
          ],
          [
            -73.9081,
            40.86284
          ],
          [
            -73.90769,
            40.86283
          ],
          [
            -73.9076,
            40.86283
          ],
          [
            -73.90749,
            40.86282
          ],
          [
            -73.90636,
            40.8628
          ],
          [
            -73.90624,
            40.86279
          ],
          [
            -73.9061,
            40.86279
          ],
          [
            -73.90538,
            40.86277
          ],
          [
            -73.90524,
            40.86277
          ],
          [
            -73.90513,
            40.86276
          ],
          [
            -73.90494,
            40.86276
          ],
          [
            -73.90477,
            40.86276
          ],
          [
            -73.90443,
            40.86276
          ],
          [
            -73.90426,
            40.86276
          ],
          [
            -73.90426,
            40.86276
          ],
          [
            -73.90426,
            40.86276
          ],
          [
            -73.90409,
            40.86277
          ],
          [
            -73.90406,
            40.86277
          ],
          [
            -73.904,
            40.86277
          ],
          [
            -73.90388,
            40.86277
          ],
          [
            -73.90374,
            40.86276
          ],
          [
            -73.90365,
            40.86276
          ],
          [
            -73.90341,
            40.86275
          ],
          [
            -73.90332,
            40.86274
          ],
          [
            -73.90323,
            40.86274
          ],
          [
            -73.90308,
            40.86273
          ],
          [
            -73.90292,
            40.86272
          ],
          [
            -73.90277,
            40.86271
          ],
          [
            -73.90264,
            40.86271
          ],
          [
            -73.9025,
            40.86271
          ],
          [
            -73.90241,
            40.86272
          ],
          [
            -73.9023,
            40.86272
          ],
          [
            -73.90218,
            40.86274
          ],
          [
            -73.90209,
            40.86275
          ],
          [
            -73.90174,
            40.86279
          ],
          [
            -73.90165,
            40.8628
          ],
          [
            -73.90154,
            40.86281
          ],
          [
            -73.90145,
            40.86281
          ],
          [
            -73.90145,
            40.86281
          ],
          [
            -73.90138,
            40.86273
          ],
          [
            -73.90138,
            40.86273
          ],
          [
            -73.90138,
            40.86273
          ],
          [
            -73.90134,
            40.86268
          ],
          [
            -73.90132,
            40.86265
          ],
          [
            -73.90124,
            40.86255
          ],
          [
            -73.90124,
            40.86255
          ],
          [
            -73.90115,
            40.86266
          ],
          [
            -73.90106,
            40.86278
          ],
          [
            -73.90106,
            40.86278
          ],
          [
            -73.90096,
            40.86274
          ],
          [
            -73.90094,
            40.86273
          ],
          [
            -73.90037,
            40.86251
          ],
          [
            -73.90029,
            40.86248
          ],
          [
            -73.90022,
            40.86245
          ],
          [
            -73.89996,
            40.86236
          ],
          [
            -73.89971,
            40.86226
          ],
          [
            -73.89964,
            40.86224
          ],
          [
            -73.89964,
            40.86224
          ],
          [
            -73.89956,
            40.8622
          ],
          [
            -73.89952,
            40.8622
          ],
          [
            -73.89948,
            40.86218
          ],
          [
            -73.89944,
            40.86217
          ],
          [
            -73.8994,
            40.86217
          ],
          [
            -73.8993,
            40.86216
          ],
          [
            -73.89926,
            40.86217
          ],
          [
            -73.8992,
            40.86217
          ],
          [
            -73.89913,
            40.86218
          ],
          [
            -73.89874,
            40.86225
          ],
          [
            -73.89848,
            40.8623
          ],
          [
            -73.89838,
            40.86232
          ],
          [
            -73.89827,
            40.86234
          ],
          [
            -73.89815,
            40.86236
          ],
          [
            -73.898,
            40.86239
          ],
          [
            -73.89798,
            40.86239
          ],
          [
            -73.89785,
            40.86241
          ],
          [
            -73.89769,
            40.86243
          ],
          [
            -73.89757,
            40.86243
          ],
          [
            -73.89757,
            40.86243
          ],
          [
            -73.89757,
            40.86243
          ],
          [
            -73.89748,
            40.86244
          ],
          [
            -73.89733,
            40.86245
          ],
          [
            -73.89707,
            40.86246
          ],
          [
            -73.89699,
            40.86246
          ],
          [
            -73.89693,
            40.86246
          ],
          [
            -73.89687,
            40.86245
          ],
          [
            -73.89682,
            40.86245
          ],
          [
            -73.89602,
            40.86229
          ],
          [
            -73.89599,
            40.86229
          ],
          [
            -73.89599,
            40.86229
          ],
          [
            -73.89599,
            40.86229
          ],
          [
            -73.89589,
            40.86227
          ],
          [
            -73.89578,
            40.86225
          ],
          [
            -73.89562,
            40.86222
          ],
          [
            -73.89498,
            40.86209
          ],
          [
            -73.89491,
            40.86208
          ],
          [
            -73.89481,
            40.86207
          ],
          [
            -73.8947,
            40.86206
          ],
          [
            -73.89428,
            40.86201
          ],
          [
            -73.89399,
            40.86197
          ],
          [
            -73.89391,
            40.86196
          ],
          [
            -73.89391,
            40.86196
          ],
          [
            -73.89391,
            40.86196
          ],
          [
            -73.89389,
            40.86196
          ],
          [
            -73.89374,
            40.86194
          ],
          [
            -73.89355,
            40.86192
          ],
          [
            -73.89343,
            40.86191
          ],
          [
            -73.89309,
            40.86187
          ],
          [
            -73.89295,
            40.86186
          ],
          [
            -73.89285,
            40.86185
          ],
          [
            -73.89277,
            40.86184
          ],
          [
            -73.89269,
            40.86184
          ],
          [
            -73.89256,
            40.86184
          ],
          [
            -73.89244,
            40.86185
          ],
          [
            -73.8923,
            40.86186
          ],
          [
            -73.89201,
            40.86184
          ],
          [
            -73.89193,
            40.86183
          ],
          [
            -73.89186,
            40.86182
          ],
          [
            -73.89179,
            40.8618
          ],
          [
            -73.89173,
            40.86178
          ],
          [
            -73.89166,
            40.86175
          ],
          [
            -73.89157,
            40.86171
          ],
          [
            -73.89144,
            40.86165
          ],
          [
            -73.8913,
            40.86158
          ],
          [
            -73.89088,
            40.86136
          ],
          [
            -73.89086,
            40.86135
          ],
          [
            -73.89071,
            40.86127
          ],
          [
            -73.89046,
            40.86114
          ],
          [
            -73.89044,
            40.86113
          ],
          [
            -73.89044,
            40.86113
          ],
          [
            -73.89044,
            40.86113
          ],
          [
            -73.89041,
            40.86112
          ],
          [
            -73.89036,
            40.86109
          ],
          [
            -73.89027,
            40.86104
          ],
          [
            -73.89019,
            40.861
          ],
          [
            -73.88989,
            40.86091
          ],
          [
            -73.88974,
            40.86083
          ],
          [
            -73.88897,
            40.86043
          ],
          [
            -73.88888,
            40.86039
          ],
          [
            -73.8888,
            40.86034
          ],
          [
            -73.88832,
            40.86009
          ],
          [
            -73.88804,
            40.85994
          ],
          [
            -73.88773,
            40.85978
          ],
          [
            -73.88763,
            40.85973
          ],
          [
            -73.88745,
            40.85963
          ],
          [
            -73.88736,
            40.85959
          ],
          [
            -73.88727,
            40.85955
          ],
          [
            -73.88698,
            40.85939
          ],
          [
            -73.8868,
            40.8593
          ],
          [
            -73.88673,
            40.85926
          ],
          [
            -73.88673,
            40.85926
          ],
          [
            -73.88682,
            40.85916
          ],
          [
            -73.88697,
            40.85899
          ],
          [
            -73.88715,
            40.85878
          ],
          [
            -73.88758,
            40.85829
          ],
          [
            -73.88763,
            40.85823
          ],
          [
            -73.88763,
            40.85823
          ],
          [
            -73.88771,
            40.85827
          ],
          [
            -73.88828,
            40.85857
          ],
          [
            -73.88835,
            40.8586
          ],
          [
            -73.88835,
            40.8586
          ],
          [
            -73.88829,
            40.85867
          ],
          [
            -73.88754,
            40.85954
          ],
          [
            -73.88754,
            40.85954
          ],
          [
            -73.88754,
            40.85954
          ],
          [
            -73.88736,
            40.85959
          ],
          [
            -73.88736,
            40.85959
          ],
          [
            -73.88727,
            40.85955
          ],
          [
            -73.88698,
            40.85939
          ],
          [
            -73.8868,
            40.8593
          ],
          [
            -73.88673,
            40.85926
          ],
          [
            -73.88666,
            40.85922
          ],
          [
            -73.88653,
            40.85916
          ],
          [
            -73.88634,
            40.85906
          ],
          [
            -73.88602,
            40.85889
          ],
          [
            -73.88595,
            40.85885
          ],
          [
            -73.88589,
            40.85882
          ],
          [
            -73.88582,
            40.85879
          ],
          [
            -73.88566,
            40.8587
          ],
          [
            -73.88561,
            40.85868
          ],
          [
            -73.88561,
            40.85868
          ],
          [
            -73.88561,
            40.85868
          ],
          [
            -73.8855,
            40.85862
          ],
          [
            -73.88531,
            40.85852
          ],
          [
            -73.88527,
            40.8585
          ],
          [
            -73.88521,
            40.85847
          ],
          [
            -73.88518,
            40.85846
          ],
          [
            -73.88517,
            40.85846
          ],
          [
            -73.88511,
            40.85844
          ],
          [
            -73.88503,
            40.85842
          ],
          [
            -73.88501,
            40.85841
          ],
          [
            -73.8849,
            40.85838
          ],
          [
            -73.88442,
            40.85823
          ],
          [
            -73.88434,
            40.85821
          ],
          [
            -73.88428,
            40.85815
          ],
          [
            -73.88388,
            40.85807
          ],
          [
            -73.88388,
            40.85807
          ],
          [
            -73.88383,
            40.85803
          ],
          [
            -73.88361,
            40.85793
          ],
          [
            -73.88335,
            40.85785
          ],
          [
            -73.88298,
            40.85774
          ],
          [
            -73.88288,
            40.8577
          ],
          [
            -73.88288,
            40.8577
          ],
          [
            -73.88288,
            40.8577
          ],
          [
            -73.88277,
            40.85767
          ],
          [
            -73.88252,
            40.8576
          ],
          [
            -73.88235,
            40.85755
          ],
          [
            -73.88222,
            40.8575
          ],
          [
            -73.88208,
            40.85743
          ],
          [
            -73.882,
            40.8574
          ],
          [
            -73.8819,
            40.85735
          ],
          [
            -73.8818,
            40.85731
          ],
          [
            -73.88132,
            40.85709
          ],
          [
            -73.88124,
            40.85705
          ],
          [
            -73.881,
            40.85693
          ],
          [
            -73.88092,
            40.8569
          ],
          [
            -73.88074,
            40.85681
          ],
          [
            -73.88056,
            40.85673
          ],
          [
            -73.88016,
            40.85653
          ],
          [
            -73.88012,
            40.85651
          ],
          [
            -73.88012,
            40.85651
          ]
        ]
      }
    }
  ]
}