{
  "type": "FeatureCollection",
  "features": [
    {
      "type": "Feature",
      "properties": {
        "route_id": "S53-E-Day",
        "layer": "T1 Original"
      },
      "geometry": {
        "type": "LineString",
        "coordinates": [
          [
            -74.13047,
            40.64007
          ],
          [
            -74.13048,
            40.64008
          ],
          [
            -74.13051,
            40.64009
          ],
          [
            -74.13055,
            40.64011
          ],
          [
            -74.13093,
            40.64031
          ],
          [
            -74.13099,
            40.64034
          ],
          [
            -74.13104,
            40.64036
          ],
          [
            -74.13111,
            40.64038
          ],
          [
            -74.13116,
            40.64039
          ],
          [
            -74.13122,
            40.64041
          ],
          [
            -74.13128,
            40.64041
          ],
          [
            -74.13132,
            40.64042
          ],
          [
            -74.13137,
            40.64042
          ],
          [
            -74.1314,
            40.64041
          ],
          [
            -74.13144,
            40.64041
          ],
          [
            -74.13149,
            40.64039
          ],
          [
            -74.13154,
            40.64039
          ],
          [
            -74.13154,
            40.64039
          ],
          [
            -74.1316,
            40.64031
          ],
          [
            -74.13169,
            40.64018
          ],
          [
            -74.13213,
            40.6396
          ],
          [
            -74.13217,
            40.63954
          ],
          [
            -74.13222,
            40.63949
          ],
          [
            -74.13253,
            40.63908
          ],
          [
            -74.13261,
            40.63899
          ],
          [
            -74.13265,
            40.63893
          ],
          [
            -74.13269,
            40.63888
          ],
          [
            -74.13273,
            40.63883
          ],
          [
            -74.13284,
            40.63869
          ],
          [
            -74.13284,
            40.63869
          ],
          [
            -74.13284,
            40.63869
          ],
          [
            -74.1332,
            40.63821
          ],
          [
            -74.1335,
            40.6378
          ],
          [
            -74.13365,
            40.6376
          ],
          [
            -74.1337,
            40.63754
          ],
          [
            -74.13409,
            40.63698
          ],
          [
            -74.13428,
            40.63674
          ],
          [
            -74.13435,
            40.63663
          ],
          [
            -74.13451,
            40.6364
          ],
          [
            -74.13451,
            40.6364
          ],
          [
            -74.13451,
            40.6364
          ],
          [
            -74.13472,
            40.63611
          ],
          [
            -74.13477,
            40.63603
          ],
          [
            -74.13477,
            40.63603
          ],
          [
            -74.13467,
            40.63601
          ],
          [
            -74.13372,
            40.63554
          ],
          [
            -74.13275,
            40.63508
          ],
          [
            -74.13275,
            40.63508
          ],
          [
            -74.13275,
            40.63508
          ],
          [
            -74.1327,
            40.63505
          ],
          [
            -74.13262,
            40.63501
          ],
          [
            -74.13254,
            40.63498
          ],
          [
            -74.13106,
            40.63426
          ],
          [
            -74.13083,
            40.63415
          ],
          [
            -74.13052,
            40.63404
          ],
          [
            -74.13044,
            40.63402
          ],
          [
            -74.13038,
            40.634
          ],
          [
            -74.1296,
            40.63373
          ],
          [
            -74.1296,
            40.63373
          ],
          [
            -74.1296,
            40.63373
          ],
          [
            -74.12952,
            40.63371
          ],
          [
            -74.12945,
            40.63368
          ],
          [
            -74.12936,
            40.63366
          ],
          [
            -74.12924,
            40.63363
          ],
          [
            -74.12922,
            40.63363
          ],
          [
            -74.12921,
            40.63363
          ],
          [
            -74.12919,
            40.63363
          ],
          [
            -74.12854,
            40.63367
          ],
          [
            -74.12844,
            40.63367
          ],
          [
            -74.12835,
            40.63368
          ],
          [
            -74.12789,
            40.63371
          ],
          [
            -74.12702,
            40.63378
          ],
          [
            -74.12674,
            40.6338
          ],
          [
            -74.1263,
            40.63384
          ],
          [
            -74.12604,
            40.63386
          ],
          [
            -74.12595,
            40.63386
          ],
          [
            -74.12595,
            40.63386
          ],
          [
            -74.12593,
            40.63379
          ],
          [
            -74.12587,
            40.63355
          ],
          [
            -74.12587,
            40.63355
          ],
          [
            -74.1258,
            40.63356
          ],
          [
            -74.12568,
            40.63357
          ],
          [
            -74.12539,
            40.63359
          ],
          [
            -74.12541,
            40.63375
          ],
          [
            -74.12542,
            40.63383
          ],
          [
            -74.12542,
            40.63383
          ],
          [
            -74.12543,
            40.63384
          ],
          [
            -74.12543,
            40.6339
          ],
          [
            -74.12543,
            40.6339
          ],
          [
            -74.12513,
            40.63392
          ],
          [
            -74.12493,
            40.63394
          ],
          [
            -74.1247,
            40.63395
          ],
          [
            -74.12423,
            40.63399
          ],
          [
            -74.12415,
            40.63399
          ],
          [
            -74.12408,
            40.634
          ],
          [
            -74.12369,
            40.63403
          ],
          [
            -74.12314,
            40.63407
          ],
          [
            -74.12307,
            40.63408
          ],
          [
            -74.12299,
            40.63408
          ],
          [
            -74.12273,
            40.6341
          ],
          [
            -74.12273,
            40.6341
          ],
          [
            -74.12273,
            40.6341
          ],
          [
            -74.12194,
            40.63416
          ],
          [
            -74.12178,
            40.63417
          ],
          [
            -74.12153,
            40.6342
          ],
          [
            -74.12123,
            40.63422
          ],
          [
            -74.121,
            40.63424
          ],
          [
            -74.12064,
            40.63426
          ],
          [
            -74.12032,
            40.63429
          ],
          [
            -74.12024,
            40.6343
          ],
          [
            -74.12015,
            40.63431
          ],
          [
            -74.12011,
            40.63431
          ],
          [
            -74.11999,
            40.63432
          ],
          [
            -74.11999,
            40.63432
          ],
          [
            -74.11999,
            40.63432
          ],
          [
            -74.11943,
            40.63436
          ],
          [
            -74.11856,
            40.63444
          ],
          [
            -74.11849,
            40.63445
          ],
          [
            -74.11789,
            40.63451
          ],
          [
            -74.11781,
            40.63452
          ],
          [
            -74.11774,
            40.63453
          ],
          [
            -74.11733,
            40.63457
          ],
          [
            -74.11733,
            40.63457
          ],
          [
            -74.11732,
            40.63457
          ],
          [
            -74.11721,
            40.63457
          ],
          [
            -74.11721,
            40.63457
          ],
          [
            -74.11716,
            40.6345
          ],
          [
            -74.11708,
            40.63401
          ],
          [
            -74.11705,
            40.63382
          ],
          [
            -74.11697,
            40.63336
          ],
          [
            -74.1169,
            40.63303
          ],
          [
            -74.11689,
            40.63297
          ],
          [
            -74.11685,
            40.63278
          ],
          [
            -74.11685,
            40.63278
          ],
          [
            -74.11685,
            40.63278
          ],
          [
            -74.11685,
            40.63276
          ],
          [
            -74.11684,
            40.63268
          ],
          [
            -74.11682,
            40.63261
          ],
          [
            -74.11668,
            40.63177
          ],
          [
            -74.11667,
            40.63171
          ],
          [
            -74.11666,
            40.63165
          ],
          [
            -74.11652,
            40.63083
          ],
          [
            -74.11652,
            40.63083
          ],
          [
            -74.11652,
            40.63083
          ],
          [
            -74.11652,
            40.63082
          ],
          [
            -74.11651,
            40.63076
          ],
          [
            -74.1165,
            40.63069
          ],
          [
            -74.11635,
            40.62984
          ],
          [
            -74.11626,
            40.62934
          ],
          [
            -74.11624,
            40.62921
          ],
          [
            -74.11621,
            40.62905
          ],
          [
            -74.11621,
            40.62905
          ],
          [
            -74.11621,
            40.62905
          ],
          [
            -74.11621,
            40.62902
          ],
          [
            -74.1162,
            40.62894
          ],
          [
            -74.11618,
            40.62886
          ],
          [
            -74.11617,
            40.6288
          ],
          [
            -74.11616,
            40.62873
          ],
          [
            -74.11611,
            40.62857
          ],
          [
            -74.11595,
            40.62823
          ],
          [
            -74.11589,
            40.62809
          ],
          [
            -74.11561,
            40.62755
          ],
          [
            -74.11545,
            40.62722
          ],
          [
            -74.11532,
            40.62697
          ],
          [
            -74.11532,
            40.62697
          ],
          [
            -74.11532,
            40.62697
          ],
          [
            -74.11527,
            40.62689
          ],
          [
            -74.11525,
            40.62683
          ],
          [
            -74.11501,
            40.62638
          ],
          [
            -74.11475,
            40.62588
          ],
          [
            -74.11472,
            40.62582
          ],
          [
            -74.11457,
            40.62554
          ],
          [
            -74.11457,
            40.62554
          ],
          [
            -74.11457,
            40.62554
          ],
          [
            -74.11452,
            40.62543
          ],
          [
            -74.11432,
            40.62506
          ],
          [
            -74.11414,
            40.6247
          ],
          [
            -74.11407,
            40.62458
          ],
          [
            -74.11393,
            40.62433
          ],
          [
            -74.11359,
            40.6237
          ],
          [
            -74.11341,
            40.62335
          ],
          [
            -74.11341,
            40.62335
          ],
          [
            -74.11341,
            40.62335
          ],
          [
            -74.11334,
            40.62321
          ],
          [
            -74.11331,
            40.62304
          ],
          [
            -74.11331,
            40.62304
          ],
          [
            -74.11325,
            40.623
          ],
          [
            -74.11294,
            40.62278
          ],
          [
            -74.11293,
            40.62277
          ],
          [
            -74.11265,
            40.62249
          ],
          [
            -74.1126,
            40.62245
          ],
          [
            -74.11239,
            40.62228
          ],
          [
            -74.11207,
            40.62202
          ],
          [
            -74.11153,
            40.6216
          ],
          [
            -74.11094,
            40.6212
          ],
          [
            -74.11081,
            40.62112
          ],
          [
            -74.11023,
            40.62081
          ],
          [
            -74.1102,
            40.62079
          ],
          [
            -74.11002,
            40.62069
          ],
          [
            -74.10992,
            40.62064
          ],
          [
            -74.10984,
            40.62061
          ],
          [
            -74.10984,
            40.62061
          ],
          [
            -74.1099,
            40.62054
          ],
          [
            -74.10991,
            40.62051
          ],
          [
            -74.10989,
            40.62048
          ],
          [
            -74.10982,
            40.62044
          ],
          [
            -74.10982,
            40.62044
          ],
          [
            -74.10982,
            40.62044
          ],
          [
            -74.10973,
            40.6204
          ],
          [
            -74.10966,
            40.62039
          ],
          [
            -74.10961,
            40.62041
          ],
          [
            -74.10956,
            40.62049
          ],
          [
            -74.10956,
            40.62049
          ],
          [
            -74.10929,
            40.62037
          ],
          [
            -74.10915,
            40.62031
          ],
          [
            -74.10887,
            40.6202
          ],
          [
            -74.10863,
            40.62009
          ],
          [
            -74.10782,
            40.61973
          ],
          [
            -74.10775,
            40.6197
          ],
          [
            -74.10767,
            40.61967
          ],
          [
            -74.10746,
            40.61958
          ],
          [
            -74.10746,
            40.61958
          ],
          [
            -74.10746,
            40.61958
          ],
          [
            -74.1073,
            40.61951
          ],
          [
            -74.10723,
            40.61948
          ],
          [
            -74.10664,
            40.61923
          ],
          [
            -74.10631,
            40.61909
          ],
          [
            -74.10611,
            40.619
          ],
          [
            -74.10601,
            40.61895
          ],
          [
            -74.10585,
            40.61885
          ],
          [
            -74.10573,
            40.61876
          ],
          [
            -74.10556,
            40.61863
          ],
          [
            -74.10549,
            40.61856
          ],
          [
            -74.10524,
            40.61834
          ],
          [
            -74.10519,
            40.61829
          ],
          [
            -74.10512,
            40.61822
          ],
          [
            -74.10503,
            40.61812
          ],
          [
            -74.10503,
            40.61812
          ],
          [
            -74.10503,
            40.61812
          ],
          [
            -74.10495,
            40.61802
          ],
          [
            -74.10458,
            40.61761
          ],
          [
            -74.10416,
            40.61715
          ],
          [
            -74.10414,
            40.61707
          ],
          [
            -74.10375,
            40.61663
          ],
          [
            -74.10368,
            40.61655
          ],
          [
            -74.10366,
            40.61652
          ],
          [
            -74.10363,
            40.6165
          ],
          [
            -74.10352,
            40.61642
          ],
          [
            -74.10344,
            40.61632
          ],
          [
            -74.10342,
            40.6163
          ],
          [
            -74.1033,
            40.61613
          ],
          [
            -74.10321,
            40.61603
          ],
          [
            -74.10319,
            40.616
          ],
          [
            -74.10312,
            40.61592
          ],
          [
            -74.10302,
            40.61579
          ],
          [
            -74.10285,
            40.61557
          ],
          [
            -74.10285,
            40.61557
          ],
          [
            -74.10296,
            40.61553
          ],
          [
            -74.10302,
            40.6155
          ],
          [
            -74.10303,
            40.6155
          ],
          [
            -74.10305,
            40.61551
          ],
          [
            -74.10306,
            40.61552
          ],
          [
            -74.10312,
            40.6156
          ],
          [
            -74.10312,
            40.6156
          ],
          [
            -74.10312,
            40.6156
          ],
          [
            -74.10306,
            40.61552
          ],
          [
            -74.10305,
            40.61551
          ],
          [
            -74.10303,
            40.6155
          ],
          [
            -74.10302,
            40.6155
          ],
          [
            -74.10296,
            40.61553
          ],
          [
            -74.10285,
            40.61557
          ],
          [
            -74.10285,
            40.61557
          ],
          [
            -74.10273,
            40.61542
          ],
          [
            -74.10265,
            40.61532
          ],
          [
            -74.10256,
            40.6152
          ],
          [
            -74.1021,
            40.61461
          ],
          [
            -74.10179,
            40.61438
          ],
          [
            -74.10179,
            40.61438
          ],
          [
            -74.10179,
            40.61438
          ],
          [
            -74.10126,
            40.61399
          ],
          [
            -74.10077,
            40.61363
          ],
          [
            -74.10067,
            40.61356
          ],
          [
            -74.10061,
            40.61352
          ],
          [
            -74.10054,
            40.61347
          ],
          [
            -74.10047,
            40.61341
          ],
          [
            -74.10047,
            40.61341
          ],
          [
            -74.10047,
            40.61341
          ],
          [
            -74.10043,
            40.61338
          ],
          [
            -74.10035,
            40.61332
          ],
          [
            -74.10008,
            40.61312
          ],
          [
            -74.09988,
            40.61292
          ],
          [
            -74.09961,
            40.61267
          ],
          [
            -74.09941,
            40.6125
          ],
          [
            -74.09935,
            40.61243
          ],
          [
            -74.09929,
            40.61236
          ],
          [
            -74.09923,
            40.61228
          ],
          [
            -74.09923,
            40.61228
          ],
          [
            -74.09923,
            40.61228
          ],
          [
            -74.09911,
            40.61212
          ],
          [
            -74.09891,
            40.61186
          ],
          [
            -74.09885,
            40.61179
          ],
          [
            -74.09864,
            40.61152
          ],
          [
            -74.09858,
            40.61145
          ],
          [
            -74.0985,
            40.61136
          ],
          [
            -74.09841,
            40.61126
          ],
          [
            -74.09834,
            40.61119
          ],
          [
            -74.09819,
            40.61103
          ],
          [
            -74.0981,
            40.61096
          ],
          [
            -74.09803,
            40.61089
          ],
          [
            -74.09787,
            40.61073
          ],
          [
            -74.09768,
            40.61054
          ],
          [
            -74.09756,
            40.61041
          ],
          [
            -74.09756,
            40.61041
          ],
          [
            -74.09756,
            40.61041
          ],
          [
            -74.0975,
            40.61035
          ],
          [
            -74.09741,
            40.61027
          ],
          [
            -74.09729,
            40.61027
          ],
          [
            -74.09707,
            40.61027
          ],
          [
            -74.09693,
            40.61028
          ],
          [
            -74.09682,
            40.61029
          ],
          [
            -74.09672,
            40.61029
          ],
          [
            -74.0966,
            40.6103
          ],
          [
            -74.0965,
            40.6103
          ],
          [
            -74.09639,
            40.6103
          ],
          [
            -74.09625,
            40.6103
          ],
          [
            -74.09609,
            40.61029
          ],
          [
            -74.09594,
            40.61029
          ],
          [
            -74.09579,
            40.61028
          ],
          [
            -74.09562,
            40.61027
          ],
          [
            -74.09543,
            40.61025
          ],
          [
            -74.09523,
            40.61023
          ],
          [
            -74.09508,
            40.61021
          ],
          [
            -74.09493,
            40.61019
          ],
          [
            -74.09479,
            40.61017
          ],
          [
            -74.09464,
            40.61014
          ],
          [
            -74.0945,
            40.61012
          ],
          [
            -74.09437,
            40.61009
          ],
          [
            -74.09422,
            40.61006
          ],
          [
            -74.09409,
            40.61003
          ],
          [
            -74.09369,
            40.60994
          ],
          [
            -74.09354,
            40.60989
          ],
          [
            -74.0934,
            40.60985
          ],
          [
            -74.09327,
            40.60981
          ],
          [
            -74.09314,
            40.60977
          ],
          [
            -74.093,
            40.60973
          ],
          [
            -74.09287,
            40.60968
          ],
          [
            -74.09274,
            40.60963
          ],
          [
            -74.09261,
            40.60958
          ],
          [
            -74.09248,
            40.60953
          ],
          [
            -74.09236,
            40.60948
          ],
          [
            -74.09223,
            40.60943
          ],
          [
            -74.09161,
            40.60916
          ],
          [
            -74.09161,
            40.60916
          ],
          [
            -74.09136,
            40.60897
          ],
          [
            -74.09118,
            40.60881
          ],
          [
            -74.09118,
            40.60881
          ],
          [
            -74.09108,
            40.60872
          ],
          [
            -74.09107,
            40.60872
          ],
          [
            -74.09104,
            40.60869
          ],
          [
            -74.09096,
            40.60863
          ],
          [
            -74.09089,
            40.60858
          ],
          [
            -74.09084,
            40.60855
          ],
          [
            -74.09074,
            40.60848
          ],
          [
            -74.0906,
            40.60839
          ],
          [
            -74.09056,
            40.60837
          ],
          [
            -74.09018,
            40.60814
          ],
          [
            -74.08974,
            40.60788
          ],
          [
            -74.08952,
            40.60775
          ],
          [
            -74.08952,
            40.60775
          ],
          [
            -74.08952,
            40.60775
          ],
          [
            -74.08944,
            40.6077
          ],
          [
            -74.08936,
            40.60765
          ],
          [
            -74.08918,
            40.60755
          ],
          [
            -74.08906,
            40.60748
          ],
          [
            -74.08895,
            40.60741
          ],
          [
            -74.08876,
            40.6073
          ],
          [
            -74.08856,
            40.60719
          ],
          [
            -74.08839,
            40.60709
          ],
          [
            -74.08804,
            40.60688
          ],
          [
            -74.08773,
            40.6067
          ],
          [
            -74.08773,
            40.6067
          ],
          [
            -74.08773,
            40.6067
          ],
          [
            -74.08733,
            40.60646
          ],
          [
            -74.08662,
            40.60605
          ],
          [
            -74.08625,
            40.60583
          ],
          [
            -74.08625,
            40.60583
          ],
          [
            -74.08625,
            40.60583
          ],
          [
            -74.0859,
            40.60563
          ],
          [
            -74.08518,
            40.60522
          ],
          [
            -74.0849,
            40.60506
          ],
          [
            -74.0849,
            40.60506
          ],
          [
            -74.0849,
            40.60506
          ],
          [
            -74.08452,
            40.60484
          ],
          [
            -74.08447,
            40.6048
          ],
          [
            -74.08439,
            40.60475
          ],
          [
            -74.08418,
            40.60463
          ],
          [
            -74.08415,
            40.60461
          ],
          [
            -74.08412,
            40.60459
          ],
          [
            -74.0841,
            40.60457
          ],
          [
            -74.08408,
            40.60455
          ],
          [
            -74.08406,
            40.60452
          ],
          [
            -74.08387,
            40.60425
          ],
          [
            -74.08381,
            40.60417
          ],
          [
            -74.08366,
            40.60395
          ],
          [
            -74.08362,
            40.6039
          ],
          [
            -74.08353,
            40.60377
          ],
          [
            -74.08345,
            40.60366
          ],
          [
            -74.08345,
            40.60366
          ],
          [
            -74.08345,
            40.60366
          ],
          [
            -74.08342,
            40.60362
          ],
          [
            -74.08327,
            40.6034
          ],
          [
            -74.08304,
            40.60308
          ],
          [
            -74.08292,
            40.60291
          ],
          [
            -74.08273,
            40.60265
          ],
          [
            -74.08239,
            40.60218
          ],
          [
            -74.08234,
            40.6021
          ],
          [
            -74.08218,
            40.60194
          ],
          [
            -74.08206,
            40.60182
          ],
          [
            -74.08204,
            40.60179
          ],
          [
            -74.0819,
            40.60162
          ],
          [
            -74.0819,
            40.60162
          ],
          [
            -74.0819,
            40.60162
          ],
          [
            -74.08185,
            40.60155
          ],
          [
            -74.08144,
            40.601
          ],
          [
            -74.08141,
            40.60096
          ],
          [
            -74.08139,
            40.60093
          ],
          [
            -74.08137,
            40.60089
          ],
          [
            -74.08134,
            40.60085
          ],
          [
            -74.08132,
            40.6008
          ],
          [
            -74.0813,
            40.60075
          ],
          [
            -74.08124,
            40.6006
          ],
          [
            -74.08121,
            40.60053
          ],
          [
            -74.0812,
            40.60046
          ],
          [
            -74.08118,
            40.60039
          ],
          [
            -74.08117,
            40.6003
          ],
          [
            -74.08115,
            40.60021
          ],
          [
            -74.08115,
            40.60015
          ],
          [
            -74.08115,
            40.60008
          ],
          [
            -74.08115,
            40.6
          ],
          [
            -74.08116,
            40.59992
          ],
          [
            -74.08116,
            40.59984
          ],
          [
            -74.08118,
            40.59976
          ],
          [
            -74.0812,
            40.59968
          ],
          [
            -74.08122,
            40.5996
          ],
          [
            -74.08124,
            40.59954
          ],
          [
            -74.08127,
            40.59947
          ],
          [
            -74.0813,
            40.59941
          ],
          [
            -74.08134,
            40.59934
          ],
          [
            -74.08142,
            40.59922
          ],
          [
            -74.08156,
            40.59909
          ],
          [
            -74.08161,
            40.59904
          ],
          [
            -74.08164,
            40.59898
          ],
          [
            -74.08167,
            40.59892
          ],
          [
            -74.0817,
            40.59887
          ],
          [
            -74.08172,
            40.59881
          ],
          [
            -74.08174,
            40.59876
          ],
          [
            -74.08175,
            40.59873
          ],
          [
            -74.08175,
            40.59869
          ],
          [
            -74.08174,
            40.59863
          ],
          [
            -74.08174,
            40.59863
          ],
          [
            -74.0817,
            40.59851
          ],
          [
            -74.08158,
            40.59853
          ],
          [
            -74.08148,
            40.59854
          ],
          [
            -74.08137,
            40.59855
          ],
          [
            -74.08137,
            40.59855
          ],
          [
            -74.08134,
            40.59848
          ],
          [
            -74.08134,
            40.59848
          ],
          [
            -74.08134,
            40.59848
          ],
          [
            -74.08133,
            40.59846
          ],
          [
            -74.08133,
            40.59846
          ],
          [
            -74.08123,
            40.59831
          ],
          [
            -74.08128,
            40.59829
          ],
          [
            -74.08141,
            40.59825
          ],
          [
            -74.08146,
            40.59823
          ],
          [
            -74.08153,
            40.5982
          ],
          [
            -74.08153,
            40.5982
          ],
          [
            -74.08165,
            40.5984
          ],
          [
            -74.08168,
            40.59843
          ],
          [
            -74.0817,
            40.59851
          ],
          [
            -74.0817,
            40.59851
          ],
          [
            -74.08158,
            40.59853
          ],
          [
            -74.08148,
            40.59854
          ],
          [
            -74.08137,
            40.59855
          ],
          [
            -74.08126,
            40.59856
          ],
          [
            -74.08112,
            40.59857
          ],
          [
            -74.08097,
            40.59857
          ],
          [
            -74.0807,
            40.59856
          ],
          [
            -74.08052,
            40.59855
          ],
          [
            -74.08038,
            40.59855
          ],
          [
            -74.08025,
            40.59854
          ],
          [
            -74.08013,
            40.59854
          ],
          [
            -74.07999,
            40.59853
          ],
          [
            -74.07985,
            40.59852
          ],
          [
            -74.07972,
            40.5985
          ],
          [
            -74.0796,
            40.59849
          ],
          [
            -74.07932,
            40.59848
          ],
          [
            -74.07911,
            40.59847
          ],
          [
            -74.07911,
            40.59847
          ],
          [
            -74.07911,
            40.59847
          ],
          [
            -74.07867,
            40.59844
          ],
          [
            -74.07861,
            40.59844
          ],
          [
            -74.07849,
            40.59843
          ],
          [
            -74.07832,
            40.59842
          ],
          [
            -74.07772,
            40.59841
          ],
          [
            -74.07757,
            40.59841
          ],
          [
            -74.07742,
            40.5984
          ],
          [
            -74.07705,
            40.59838
          ],
          [
            -74.07694,
            40.59836
          ],
          [
            -74.0768,
            40.59832
          ],
          [
            -74.07667,
            40.59828
          ],
          [
            -74.07656,
            40.59824
          ],
          [
            -74.07646,
            40.5982
          ],
          [
            -74.07616,
            40.59808
          ],
          [
            -74.07616,
            40.59808
          ],
          [
            -74.07616,
            40.59808
          ],
          [
            -74.07604,
            40.59803
          ],
          [
            -74.07555,
            40.59783
          ],
          [
            -74.07543,
            40.59778
          ],
          [
            -74.07532,
            40.59774
          ],
          [
            -74.07524,
            40.59771
          ],
          [
            -74.07515,
            40.59768
          ],
          [
            -74.07507,
            40.59766
          ],
          [
            -74.07498,
            40.59764
          ],
          [
            -74.0749,
            40.59763
          ],
          [
            -74.07482,
            40.59761
          ],
          [
            -74.07473,
            40.5976
          ],
          [
            -74.07464,
            40.5976
          ],
          [
            -74.07456,
            40.59759
          ],
          [
            -74.07448,
            40.59759
          ],
          [
            -74.0744,
            40.59759
          ],
          [
            -74.07431,
            40.59759
          ],
          [
            -74.07422,
            40.5976
          ],
          [
            -74.07415,
            40.59761
          ],
          [
            -74.07406,
            40.59762
          ],
          [
            -74.07397,
            40.59763
          ],
          [
            -74.07388,
            40.59765
          ],
          [
            -74.07388,
            40.59765
          ],
          [
            -74.07383,
            40.59756
          ],
          [
            -74.07383,
            40.59756
          ],
          [
            -74.07383,
            40.59756
          ],
          [
            -74.07388,
            40.59765
          ],
          [
            -74.07388,
            40.59765
          ],
          [
            -74.07382,
            40.59766
          ],
          [
            -74.07373,
            40.59769
          ],
          [
            -74.07366,
            40.59771
          ],
          [
            -74.07358,
            40.59773
          ],
          [
            -74.07351,
            40.59776
          ],
          [
            -74.07344,
            40.59779
          ],
          [
            -74.07338,
            40.59782
          ],
          [
            -74.07331,
            40.59785
          ],
          [
            -74.07325,
            40.59788
          ],
          [
            -74.07318,
            40.59792
          ],
          [
            -74.07312,
            40.59795
          ],
          [
            -74.07307,
            40.59799
          ],
          [
            -74.07301,
            40.59804
          ],
          [
            -74.07295,
            40.59808
          ],
          [
            -74.0729,
            40.59812
          ],
          [
            -74.07285,
            40.59817
          ],
          [
            -74.0728,
            40.59821
          ],
          [
            -74.07274,
            40.59826
          ],
          [
            -74.07267,
            40.59833
          ],
          [
            -74.07262,
            40.59838
          ],
          [
            -74.07258,
            40.59843
          ],
          [
            -74.07255,
            40.59846
          ],
          [
            -74.07255,
            40.59846
          ],
          [
            -74.07255,
            40.59846
          ],
          [
            -74.07253,
            40.59848
          ],
          [
            -74.07245,
            40.59859
          ],
          [
            -74.0724,
            40.59866
          ],
          [
            -74.0724,
            40.59866
          ],
          [
            -74.07224,
            40.59867
          ],
          [
            -74.07219,
            40.59867
          ],
          [
            -74.07216,
            40.59867
          ],
          [
            -74.07212,
            40.59867
          ],
          [
            -74.07208,
            40.59866
          ],
          [
            -74.07204,
            40.59865
          ],
          [
            -74.07202,
            40.59863
          ],
          [
            -74.07194,
            40.59858
          ],
          [
            -74.07194,
            40.59858
          ],
          [
            -74.07197,
            40.59838
          ],
          [
            -74.07199,
            40.59827
          ],
          [
            -74.07199,
            40.59823
          ],
          [
            -74.07199,
            40.59823
          ],
          [
            -74.07199,
            40.59823
          ],
          [
            -74.072,
            40.59819
          ],
          [
            -74.072,
            40.59815
          ],
          [
            -74.07199,
            40.59811
          ],
          [
            -74.07198,
            40.59807
          ],
          [
            -74.07197,
            40.59803
          ],
          [
            -74.07195,
            40.59799
          ],
          [
            -74.07193,
            40.59796
          ],
          [
            -74.0719,
            40.59792
          ],
          [
            -74.07187,
            40.59789
          ],
          [
            -74.07185,
            40.59787
          ],
          [
            -74.07177,
            40.59781
          ],
          [
            -74.07169,
            40.59776
          ],
          [
            -74.07104,
            40.59739
          ],
          [
            -74.07096,
            40.59734
          ],
          [
            -74.07091,
            40.59729
          ],
          [
            -74.07077,
            40.59712
          ],
          [
            -74.07051,
            40.59681
          ],
          [
            -74.07044,
            40.59674
          ],
          [
            -74.07044,
            40.59674
          ],
          [
            -74.07033,
            40.59677
          ],
          [
            -74.07013,
            40.59684
          ],
          [
            -74.07013,
            40.59684
          ],
          [
            -74.07013,
            40.59684
          ],
          [
            -74.07008,
            40.59685
          ],
          [
            -74.06996,
            40.59689
          ],
          [
            -74.06957,
            40.59702
          ],
          [
            -74.06893,
            40.59723
          ],
          [
            -74.06879,
            40.59728
          ],
          [
            -74.06879,
            40.59728
          ],
          [
            -74.06879,
            40.59728
          ],
          [
            -74.06835,
            40.59742
          ],
          [
            -74.0674,
            40.59773
          ],
          [
            -74.06732,
            40.59776
          ],
          [
            -74.06662,
            40.598
          ],
          [
            -74.06641,
            40.59806
          ],
          [
            -74.06641,
            40.59806
          ],
          [
            -74.06641,
            40.59806
          ],
          [
            -74.06627,
            40.59811
          ],
          [
            -74.06604,
            40.59819
          ],
          [
            -74.06591,
            40.59823
          ],
          [
            -74.06581,
            40.59826
          ],
          [
            -74.06556,
            40.59835
          ],
          [
            -74.06546,
            40.59838
          ],
          [
            -74.06518,
            40.59847
          ],
          [
            -74.06484,
            40.59858
          ],
          [
            -74.06484,
            40.59858
          ],
          [
            -74.06484,
            40.59858
          ],
          [
            -74.06407,
            40.59885
          ],
          [
            -74.06392,
            40.59889
          ],
          [
            -74.06381,
            40.59893
          ],
          [
            -74.06381,
            40.59893
          ],
          [
            -74.06371,
            40.59896
          ],
          [
            -74.06376,
            40.59903
          ],
          [
            -74.06385,
            40.59915
          ],
          [
            -74.06385,
            40.59915
          ],
          [
            -74.06385,
            40.59915
          ],
          [
            -74.06394,
            40.59928
          ],
          [
            -74.06441,
            40.59996
          ],
          [
            -74.06453,
            40.60013
          ],
          [
            -74.06459,
            40.60021
          ],
          [
            -74.06468,
            40.60035
          ],
          [
            -74.06468,
            40.60035
          ],
          [
            -74.0647,
            40.60058
          ],
          [
            -74.06478,
            40.60082
          ],
          [
            -74.06489,
            40.6012
          ],
          [
            -74.06491,
            40.60128
          ],
          [
            -74.06492,
            40.60134
          ],
          [
            -74.06493,
            40.60139
          ],
          [
            -74.06492,
            40.60144
          ],
          [
            -74.06491,
            40.60148
          ],
          [
            -74.0649,
            40.60152
          ],
          [
            -74.06487,
            40.60156
          ],
          [
            -74.06485,
            40.6016
          ],
          [
            -74.06481,
            40.60165
          ],
          [
            -74.06476,
            40.60169
          ],
          [
            -74.06471,
            40.60172
          ],
          [
            -74.06466,
            40.60175
          ],
          [
            -74.06461,
            40.60177
          ],
          [
            -74.06455,
            40.60179
          ],
          [
            -74.06449,
            40.6018
          ],
          [
            -74.06443,
            40.60181
          ],
          [
            -74.06437,
            40.60182
          ],
          [
            -74.06432,
            40.60182
          ],
          [
            -74.06427,
            40.60182
          ],
          [
            -74.06427,
            40.60182
          ],
          [
            -74.0642,
            40.60182
          ],
          [
            -74.06414,
            40.60182
          ],
          [
            -74.06407,
            40.60181
          ],
          [
            -74.06401,
            40.6018
          ],
          [
            -74.06396,
            40.60179
          ],
          [
            -74.0637,
            40.60173
          ],
          [
            -74.06347,
            40.60168
          ],
          [
            -74.06333,
            40.60166
          ],
          [
            -74.06303,
            40.60163
          ],
          [
            -74.06287,
            40.60162
          ],
          [
            -74.0628,
            40.60161
          ],
          [
            -74.06273,
            40.60161
          ],
          [
            -74.06273,
            40.60161
          ],
          [
            -74.06261,
            40.60159
          ],
          [
            -74.06246,
            40.60157
          ],
          [
            -74.06233,
            40.60155
          ],
          [
            -74.0622,
            40.60154
          ],
          [
            -74.06206,
            40.60153
          ],
          [
            -74.06191,
            40.60152
          ],
          [
            -74.06177,
            40.60151
          ],
          [
            -74.06163,
            40.6015
          ],
          [
            -74.06148,
            40.6015
          ],
          [
            -74.06134,
            40.6015
          ],
          [
            -74.06117,
            40.60149
          ],
          [
            -74.0609,
            40.6015
          ],
          [
            -74.06068,
            40.60152
          ],
          [
            -74.06031,
            40.60154
          ],
          [
            -74.05978,
            40.6016
          ],
          [
            -74.05915,
            40.60171
          ],
          [
            -74.05888,
            40.60178
          ],
          [
            -74.05871,
            40.60184
          ],
          [
            -74.05857,
            40.60189
          ],
          [
            -74.05845,
            40.60194
          ],
          [
            -74.05817,
            40.60208
          ],
          [
            -74.05786,
            40.6022
          ],
          [
            -74.05757,
            40.60231
          ],
          [
            -74.0574,
            40.60237
          ],
          [
            -74.05725,
            40.60242
          ],
          [
            -74.05725,
            40.60242
          ],
          [
            -74.05372,
            40.60357
          ],
          [
            -74.05166,
            40.60423
          ],
          [
            -74.04167,
            40.60746
          ],
          [
            -74.03681,
            40.60902
          ],
          [
            -74.03592,
            40.60931
          ],
          [
            -74.03466,
            40.60971
          ],
          [
            -74.03335,
            40.61014
          ],
          [
            -74.03206,
            40.61058
          ],
          [
            -74.03206,
            40.61058
          ],
          [
            -74.03162,
            40.61072
          ],
          [
            -74.03137,
            40.6108
          ],
          [
            -74.03116,
            40.61088
          ],
          [
            -74.03093,
            40.61098
          ],
          [
            -74.03072,
            40.61108
          ],
          [
            -74.03053,
            40.61118
          ],
          [
            -74.03036,
            40.61129
          ],
          [
            -74.03024,
            40.61136
          ],
          [
            -74.03013,
            40.61144
          ],
          [
            -74.03002,
            40.61152
          ],
          [
            -74.02991,
            40.61159
          ],
          [
            -74.02979,
            40.61168
          ],
          [
            -74.02968,
            40.61177
          ],
          [
            -74.02954,
            40.6119
          ],
          [
            -74.02941,
            40.61203
          ],
          [
            -74.02934,
            40.61211
          ],
          [
            -74.02927,
            40.61219
          ],
          [
            -74.0292,
            40.61227
          ],
          [
            -74.02913,
            40.61236
          ],
          [
            -74.02901,
            40.61251
          ],
          [
            -74.0289,
            40.61267
          ],
          [
            -74.02854,
            40.61316
          ],
          [
            -74.02848,
            40.61325
          ],
          [
            -74.0284,
            40.61337
          ],
          [
            -74.02831,
            40.61347
          ],
          [
            -74.02816,
            40.61366
          ],
          [
            -74.02796,
            40.61389
          ],
          [
            -74.02764,
            40.61425
          ],
          [
            -74.02733,
            40.61458
          ],
          [
            -74.02733,
            40.61458
          ],
          [
            -74.02702,
            40.61486
          ],
          [
            -74.02676,
            40.61506
          ],
          [
            -74.02658,
            40.61517
          ],
          [
            -74.02643,
            40.61524
          ],
          [
            -74.02631,
            40.61528
          ],
          [
            -74.02622,
            40.61533
          ],
          [
            -74.02611,
            40.61542
          ],
          [
            -74.02611,
            40.61542
          ],
          [
            -74.0258,
            40.61595
          ],
          [
            -74.02574,
            40.61606
          ],
          [
            -74.02574,
            40.61606
          ],
          [
            -74.02583,
            40.61611
          ],
          [
            -74.02634,
            40.61637
          ],
          [
            -74.02656,
            40.61649
          ],
          [
            -74.02669,
            40.61655
          ],
          [
            -74.02678,
            40.61659
          ],
          [
            -74.02681,
            40.61661
          ],
          [
            -74.02692,
            40.61666
          ],
          [
            -74.02695,
            40.61668
          ],
          [
            -74.0271,
            40.61675
          ],
          [
            -74.02727,
            40.61684
          ],
          [
            -74.02738,
            40.61689
          ],
          [
            -74.02738,
            40.61689
          ],
          [
            -74.02738,
            40.61689
          ],
          [
            -74.02741,
            40.61691
          ],
          [
            -74.02749,
            40.61695
          ],
          [
            -74.02749,
            40.61695
          ],
          [
            -74.02741,
            40.61703
          ],
          [
            -74.02636,
            40.61825
          ],
          [
            -74.02537,
            40.6194
          ],
          [
            -74.02512,
            40.6197
          ],
          [
            -74.02503,
            40.61981
          ],
          [
            -74.02493,
            40.61992
          ],
          [
            -74.02483,
            40.62003
          ],
          [
            -74.02476,
            40.62011
          ],
          [
            -74.02468,
            40.6202
          ],
          [
            -74.02455,
            40.62035
          ],
          [
            -74.02445,
            40.62043
          ],
          [
            -74.02445,
            40.62043
          ],
          [
            -74.02458,
            40.6205
          ],
          [
            -74.02485,
            40.62067
          ],
          [
            -74.02485,
            40.62067
          ],
          [
            -74.02485,
            40.62067
          ],
          [
            -74.02489,
            40.6207
          ],
          [
            -74.02536,
            40.62098
          ],
          [
            -74.02589,
            40.6213
          ],
          [
            -74.02614,
            40.62145
          ],
          [
            -74.02621,
            40.62149
          ],
          [
            -74.02631,
            40.62155
          ],
          [
            -74.02639,
            40.6216
          ],
          [
            -74.02639,
            40.6216
          ],
          [
            -74.02639,
            40.6216
          ],
          [
            -74.02631,
            40.62155
          ],
          [
            -74.02621,
            40.62149
          ],
          [
            -74.02621,
            40.62149
          ],
          [
            -74.02629,
            40.6214
          ],
          [
            -74.02641,
            40.62127
          ],
          [
            -74.02677,
            40.62085
          ],
          [
            -74.02677,
            40.62085
          ],
          [
            -74.02687,
            40.6209
          ],
          [
            -74.02759,
            40.62134
          ],
          [
            -74.02766,
            40.62138
          ],
          [
            -74.02853,
            40.62191
          ],
          [
            -74.02856,
            40.62192
          ],
          [
            -74.02867,
            40.62203
          ],
          [
            -74.02867,
            40.62203
          ],
          [
            -74.02864,
            40.6221
          ],
          [
            -74.02852,
            40.62239
          ],
          [
            -74.02842,
            40.62262
          ],
          [
            -74.02842,
            40.62262
          ]
        ]
      }
    },
    {
      "type": "Feature",
      "properties": {
        "route_id": "S53-E-Day",
        "layer": "T1 Optimal"
      },
      "geometry": {
        "type": "LineString",
        "coordinates": [
          [
            -74.13047,
            40.64007
          ],
          [
            -74.13048,
            40.64008
          ],
          [
            -74.13051,
            40.64009
          ],
          [
            -74.13055,
            40.64011
          ],
          [
            -74.13093,
            40.64031
          ],
          [
            -74.13099,
            40.64034
          ],
          [
            -74.13104,
            40.64036
          ],
          [
            -74.13111,
            40.64038
          ],
          [
            -74.13116,
            40.64039
          ],
          [
            -74.13122,
            40.64041
          ],
          [
            -74.13128,
            40.64041
          ],
          [
            -74.13132,
            40.64042
          ],
          [
            -74.13137,
            40.64042
          ],
          [
            -74.1314,
            40.64041
          ],
          [
            -74.13144,
            40.64041
          ],
          [
            -74.13149,
            40.64039
          ],
          [
            -74.13154,
            40.64039
          ],
          [
            -74.13154,
            40.64039
          ],
          [
            -74.1316,
            40.64031
          ],
          [
            -74.13169,
            40.64018
          ],
          [
            -74.13213,
            40.6396
          ],
          [
            -74.13217,
            40.63954
          ],
          [
            -74.13222,
            40.63949
          ],
          [
            -74.13253,
            40.63908
          ],
          [
            -74.13261,
            40.63899
          ],
          [
            -74.13265,
            40.63893
          ],
          [
            -74.13269,
            40.63888
          ],
          [
            -74.13273,
            40.63883
          ],
          [
            -74.13284,
            40.63869
          ],
          [
            -74.13284,
            40.63869
          ],
          [
            -74.13284,
            40.63869
          ],
          [
            -74.1332,
            40.63821
          ],
          [
            -74.1335,
            40.6378
          ],
          [
            -74.13365,
            40.6376
          ],
          [
            -74.1337,
            40.63754
          ],
          [
            -74.13409,
            40.63698
          ],
          [
            -74.13428,
            40.63674
          ],
          [
            -74.13435,
            40.63663
          ],
          [
            -74.13451,
            40.6364
          ],
          [
            -74.13451,
            40.6364
          ],
          [
            -74.13451,
            40.6364
          ],
          [
            -74.13472,
            40.63611
          ],
          [
            -74.13477,
            40.63603
          ],
          [
            -74.13477,
            40.63603
          ],
          [
            -74.13467,
            40.63601
          ],
          [
            -74.13372,
            40.63554
          ],
          [
            -74.13275,
            40.63508
          ],
          [
            -74.13275,
            40.63508
          ],
          [
            -74.13275,
            40.63508
          ],
          [
            -74.1327,
            40.63505
          ],
          [
            -74.13262,
            40.63501
          ],
          [
            -74.13254,
            40.63498
          ],
          [
            -74.13106,
            40.63426
          ],
          [
            -74.13083,
            40.63415
          ],
          [
            -74.13052,
            40.63404
          ],
          [
            -74.13044,
            40.63402
          ],
          [
            -74.13038,
            40.634
          ],
          [
            -74.1296,
            40.63373
          ],
          [
            -74.1296,
            40.63373
          ],
          [
            -74.1296,
            40.63373
          ],
          [
            -74.12952,
            40.63371
          ],
          [
            -74.12945,
            40.63368
          ],
          [
            -74.12936,
            40.63366
          ],
          [
            -74.12924,
            40.63363
          ],
          [
            -74.12922,
            40.63363
          ],
          [
            -74.12921,
            40.63363
          ],
          [
            -74.12919,
            40.63363
          ],
          [
            -74.12854,
            40.63367
          ],
          [
            -74.12844,
            40.63367
          ],
          [
            -74.12835,
            40.63368
          ],
          [
            -74.12789,
            40.63371
          ],
          [
            -74.12702,
            40.63378
          ],
          [
            -74.12674,
            40.6338
          ],
          [
            -74.1263,
            40.63384
          ],
          [
            -74.12604,
            40.63386
          ],
          [
            -74.12595,
            40.63386
          ],
          [
            -74.12595,
            40.63386
          ],
          [
            -74.12593,
            40.63379
          ],
          [
            -74.12587,
            40.63355
          ],
          [
            -74.12587,
            40.63355
          ],
          [
            -74.1258,
            40.63356
          ],
          [
            -74.12568,
            40.63357
          ],
          [
            -74.12539,
            40.63359
          ],
          [
            -74.12541,
            40.63375
          ],
          [
            -74.12542,
            40.63383
          ],
          [
            -74.12542,
            40.63383
          ],
          [
            -74.12543,
            40.63384
          ],
          [
            -74.12543,
            40.6339
          ],
          [
            -74.12543,
            40.6339
          ],
          [
            -74.12513,
            40.63392
          ],
          [
            -74.12493,
            40.63394
          ],
          [
            -74.1247,
            40.63395
          ],
          [
            -74.12423,
            40.63399
          ],
          [
            -74.12415,
            40.63399
          ],
          [
            -74.12408,
            40.634
          ],
          [
            -74.12369,
            40.63403
          ],
          [
            -74.12314,
            40.63407
          ],
          [
            -74.12307,
            40.63408
          ],
          [
            -74.12299,
            40.63408
          ],
          [
            -74.12273,
            40.6341
          ],
          [
            -74.12273,
            40.6341
          ],
          [
            -74.12273,
            40.6341
          ],
          [
            -74.12194,
            40.63416
          ],
          [
            -74.12178,
            40.63417
          ],
          [
            -74.12153,
            40.6342
          ],
          [
            -74.12123,
            40.63422
          ],
          [
            -74.121,
            40.63424
          ],
          [
            -74.12064,
            40.63426
          ],
          [
            -74.12032,
            40.63429
          ],
          [
            -74.12024,
            40.6343
          ],
          [
            -74.12015,
            40.63431
          ],
          [
            -74.12011,
            40.63431
          ],
          [
            -74.11999,
            40.63432
          ],
          [
            -74.11999,
            40.63432
          ],
          [
            -74.11999,
            40.63432
          ],
          [
            -74.11943,
            40.63436
          ],
          [
            -74.11856,
            40.63444
          ],
          [
            -74.11849,
            40.63445
          ],
          [
            -74.11789,
            40.63451
          ],
          [
            -74.11781,
            40.63452
          ],
          [
            -74.11774,
            40.63453
          ],
          [
            -74.11733,
            40.63457
          ],
          [
            -74.11733,
            40.63457
          ],
          [
            -74.11732,
            40.63457
          ],
          [
            -74.11721,
            40.63457
          ],
          [
            -74.11721,
            40.63457
          ],
          [
            -74.11716,
            40.6345
          ],
          [
            -74.11708,
            40.63401
          ],
          [
            -74.11705,
            40.63382
          ],
          [
            -74.11697,
            40.63336
          ],
          [
            -74.1169,
            40.63303
          ],
          [
            -74.11689,
            40.63297
          ],
          [
            -74.11685,
            40.63278
          ],
          [
            -74.11685,
            40.63278
          ],
          [
            -74.11685,
            40.63278
          ],
          [
            -74.11685,
            40.63276
          ],
          [
            -74.11684,
            40.63268
          ],
          [
            -74.11682,
            40.63261
          ],
          [
            -74.11668,
            40.63177
          ],
          [
            -74.11667,
            40.63171
          ],
          [
            -74.11666,
            40.63165
          ],
          [
            -74.11652,
            40.63083
          ],
          [
            -74.11652,
            40.63083
          ],
          [
            -74.11652,
            40.63083
          ],
          [
            -74.11652,
            40.63082
          ],
          [
            -74.11651,
            40.63076
          ],
          [
            -74.1165,
            40.63069
          ],
          [
            -74.11635,
            40.62984
          ],
          [
            -74.11626,
            40.62934
          ],
          [
            -74.11624,
            40.62921
          ],
          [
            -74.11621,
            40.62905
          ],
          [
            -74.11621,
            40.62905
          ],
          [
            -74.11621,
            40.62905
          ],
          [
            -74.11621,
            40.62902
          ],
          [
            -74.1162,
            40.62894
          ],
          [
            -74.11618,
            40.62886
          ],
          [
            -74.11617,
            40.6288
          ],
          [
            -74.11616,
            40.62873
          ],
          [
            -74.11611,
            40.62857
          ],
          [
            -74.11595,
            40.62823
          ],
          [
            -74.11589,
            40.62809
          ],
          [
            -74.11561,
            40.62755
          ],
          [
            -74.11545,
            40.62722
          ],
          [
            -74.11532,
            40.62697
          ],
          [
            -74.11532,
            40.62697
          ],
          [
            -74.11532,
            40.62697
          ],
          [
            -74.11527,
            40.62689
          ],
          [
            -74.11525,
            40.62683
          ],
          [
            -74.11501,
            40.62638
          ],
          [
            -74.11475,
            40.62588
          ],
          [
            -74.11472,
            40.62582
          ],
          [
            -74.11457,
            40.62554
          ],
          [
            -74.11457,
            40.62554
          ],
          [
            -74.11457,
            40.62554
          ],
          [
            -74.11452,
            40.62543
          ],
          [
            -74.11432,
            40.62506
          ],
          [
            -74.11414,
            40.6247
          ],
          [
            -74.11407,
            40.62458
          ],
          [
            -74.11393,
            40.62433
          ],
          [
            -74.11359,
            40.6237
          ],
          [
            -74.11341,
            40.62335
          ],
          [
            -74.11341,
            40.62335
          ],
          [
            -74.11341,
            40.62335
          ],
          [
            -74.11334,
            40.62321
          ],
          [
            -74.11331,
            40.62304
          ],
          [
            -74.11331,
            40.62304
          ],
          [
            -74.11325,
            40.623
          ],
          [
            -74.11294,
            40.62278
          ],
          [
            -74.11293,
            40.62277
          ],
          [
            -74.11265,
            40.62249
          ],
          [
            -74.1126,
            40.62245
          ],
          [
            -74.11239,
            40.62228
          ],
          [
            -74.11207,
            40.62202
          ],
          [
            -74.11153,
            40.6216
          ],
          [
            -74.11094,
            40.6212
          ],
          [
            -74.11081,
            40.62112
          ],
          [
            -74.11023,
            40.62081
          ],
          [
            -74.1102,
            40.62079
          ],
          [
            -74.11002,
            40.62069
          ],
          [
            -74.10992,
            40.62064
          ],
          [
            -74.10984,
            40.62061
          ],
          [
            -74.10984,
            40.62061
          ],
          [
            -74.1099,
            40.62054
          ],
          [
            -74.10991,
            40.62051
          ],
          [
            -74.10989,
            40.62048
          ],
          [
            -74.10982,
            40.62044
          ],
          [
            -74.10982,
            40.62044
          ],
          [
            -74.10982,
            40.62044
          ],
          [
            -74.10973,
            40.6204
          ],
          [
            -74.10966,
            40.62039
          ],
          [
            -74.10961,
            40.62041
          ],
          [
            -74.10956,
            40.62049
          ],
          [
            -74.10956,
            40.62049
          ],
          [
            -74.10929,
            40.62037
          ],
          [
            -74.10915,
            40.62031
          ],
          [
            -74.10887,
            40.6202
          ],
          [
            -74.10863,
            40.62009
          ],
          [
            -74.10782,
            40.61973
          ],
          [
            -74.10775,
            40.6197
          ],
          [
            -74.10767,
            40.61967
          ],
          [
            -74.10746,
            40.61958
          ],
          [
            -74.10746,
            40.61958
          ],
          [
            -74.10746,
            40.61958
          ],
          [
            -74.1073,
            40.61951
          ],
          [
            -74.10723,
            40.61948
          ],
          [
            -74.10664,
            40.61923
          ],
          [
            -74.10631,
            40.61909
          ],
          [
            -74.10611,
            40.619
          ],
          [
            -74.10601,
            40.61895
          ],
          [
            -74.10585,
            40.61885
          ],
          [
            -74.10573,
            40.61876
          ],
          [
            -74.10556,
            40.61863
          ],
          [
            -74.10549,
            40.61856
          ],
          [
            -74.10524,
            40.61834
          ],
          [
            -74.10519,
            40.61829
          ],
          [
            -74.10512,
            40.61822
          ],
          [
            -74.10503,
            40.61812
          ],
          [
            -74.10503,
            40.61812
          ],
          [
            -74.10503,
            40.61812
          ],
          [
            -74.10495,
            40.61802
          ],
          [
            -74.10458,
            40.61761
          ],
          [
            -74.10416,
            40.61715
          ],
          [
            -74.10414,
            40.61707
          ],
          [
            -74.10375,
            40.61663
          ],
          [
            -74.10368,
            40.61655
          ],
          [
            -74.10366,
            40.61652
          ],
          [
            -74.10363,
            40.6165
          ],
          [
            -74.10352,
            40.61642
          ],
          [
            -74.10344,
            40.61632
          ],
          [
            -74.10342,
            40.6163
          ],
          [
            -74.1033,
            40.61613
          ],
          [
            -74.10321,
            40.61603
          ],
          [
            -74.10319,
            40.616
          ],
          [
            -74.10312,
            40.61592
          ],
          [
            -74.10302,
            40.61579
          ],
          [
            -74.10285,
            40.61557
          ],
          [
            -74.10285,
            40.61557
          ],
          [
            -74.10296,
            40.61553
          ],
          [
            -74.10302,
            40.6155
          ],
          [
            -74.10303,
            40.6155
          ],
          [
            -74.10305,
            40.61551
          ],
          [
            -74.10306,
            40.61552
          ],
          [
            -74.10312,
            40.6156
          ],
          [
            -74.10312,
            40.6156
          ],
          [
            -74.10312,
            40.6156
          ],
          [
            -74.10306,
            40.61552
          ],
          [
            -74.10305,
            40.61551
          ],
          [
            -74.10303,
            40.6155
          ],
          [
            -74.10302,
            40.6155
          ],
          [
            -74.10296,
            40.61553
          ],
          [
            -74.10285,
            40.61557
          ],
          [
            -74.10285,
            40.61557
          ],
          [
            -74.10273,
            40.61542
          ],
          [
            -74.10265,
            40.61532
          ],
          [
            -74.10256,
            40.6152
          ],
          [
            -74.1021,
            40.61461
          ],
          [
            -74.10179,
            40.61438
          ],
          [
            -74.10179,
            40.61438
          ],
          [
            -74.10179,
            40.61438
          ],
          [
            -74.10126,
            40.61399
          ],
          [
            -74.10077,
            40.61363
          ],
          [
            -74.10067,
            40.61356
          ],
          [
            -74.10061,
            40.61352
          ],
          [
            -74.10054,
            40.61347
          ],
          [
            -74.10047,
            40.61341
          ],
          [
            -74.10047,
            40.61341
          ],
          [
            -74.10047,
            40.61341
          ],
          [
            -74.10043,
            40.61338
          ],
          [
            -74.10035,
            40.61332
          ],
          [
            -74.10008,
            40.61312
          ],
          [
            -74.09988,
            40.61292
          ],
          [
            -74.09961,
            40.61267
          ],
          [
            -74.09941,
            40.6125
          ],
          [
            -74.09935,
            40.61243
          ],
          [
            -74.09929,
            40.61236
          ],
          [
            -74.09923,
            40.61228
          ],
          [
            -74.09923,
            40.61228
          ],
          [
            -74.09923,
            40.61228
          ],
          [
            -74.09911,
            40.61212
          ],
          [
            -74.09891,
            40.61186
          ],
          [
            -74.09885,
            40.61179
          ],
          [
            -74.09864,
            40.61152
          ],
          [
            -74.09858,
            40.61145
          ],
          [
            -74.0985,
            40.61136
          ],
          [
            -74.09841,
            40.61126
          ],
          [
            -74.09834,
            40.61119
          ],
          [
            -74.09819,
            40.61103
          ],
          [
            -74.0981,
            40.61096
          ],
          [
            -74.09803,
            40.61089
          ],
          [
            -74.09787,
            40.61073
          ],
          [
            -74.09768,
            40.61054
          ],
          [
            -74.09756,
            40.61041
          ],
          [
            -74.09756,
            40.61041
          ],
          [
            -74.09756,
            40.61041
          ],
          [
            -74.0975,
            40.61035
          ],
          [
            -74.09741,
            40.61027
          ],
          [
            -74.09729,
            40.61027
          ],
          [
            -74.09707,
            40.61027
          ],
          [
            -74.09693,
            40.61028
          ],
          [
            -74.09682,
            40.61029
          ],
          [
            -74.09672,
            40.61029
          ],
          [
            -74.0966,
            40.6103
          ],
          [
            -74.0965,
            40.6103
          ],
          [
            -74.09639,
            40.6103
          ],
          [
            -74.09625,
            40.6103
          ],
          [
            -74.09609,
            40.61029
          ],
          [
            -74.09594,
            40.61029
          ],
          [
            -74.09579,
            40.61028
          ],
          [
            -74.09562,
            40.61027
          ],
          [
            -74.09543,
            40.61025
          ],
          [
            -74.09523,
            40.61023
          ],
          [
            -74.09508,
            40.61021
          ],
          [
            -74.09493,
            40.61019
          ],
          [
            -74.09479,
            40.61017
          ],
          [
            -74.09464,
            40.61014
          ],
          [
            -74.0945,
            40.61012
          ],
          [
            -74.09437,
            40.61009
          ],
          [
            -74.09422,
            40.61006
          ],
          [
            -74.09409,
            40.61003
          ],
          [
            -74.09369,
            40.60994
          ],
          [
            -74.09354,
            40.60989
          ],
          [
            -74.0934,
            40.60985
          ],
          [
            -74.09327,
            40.60981
          ],
          [
            -74.09314,
            40.60977
          ],
          [
            -74.093,
            40.60973
          ],
          [
            -74.09287,
            40.60968
          ],
          [
            -74.09274,
            40.60963
          ],
          [
            -74.09261,
            40.60958
          ],
          [
            -74.09248,
            40.60953
          ],
          [
            -74.09236,
            40.60948
          ],
          [
            -74.09223,
            40.60943
          ],
          [
            -74.09161,
            40.60916
          ],
          [
            -74.09161,
            40.60916
          ],
          [
            -74.09136,
            40.60897
          ],
          [
            -74.09118,
            40.60881
          ],
          [
            -74.09118,
            40.60881
          ],
          [
            -74.09108,
            40.60872
          ],
          [
            -74.09107,
            40.60872
          ],
          [
            -74.09104,
            40.60869
          ],
          [
            -74.09096,
            40.60863
          ],
          [
            -74.09089,
            40.60858
          ],
          [
            -74.09084,
            40.60855
          ],
          [
            -74.09074,
            40.60848
          ],
          [
            -74.0906,
            40.60839
          ],
          [
            -74.09056,
            40.60837
          ],
          [
            -74.09018,
            40.60814
          ],
          [
            -74.08974,
            40.60788
          ],
          [
            -74.08952,
            40.60775
          ],
          [
            -74.08952,
            40.60775
          ],
          [
            -74.08952,
            40.60775
          ],
          [
            -74.08944,
            40.6077
          ],
          [
            -74.08936,
            40.60765
          ],
          [
            -74.08918,
            40.60755
          ],
          [
            -74.08906,
            40.60748
          ],
          [
            -74.08895,
            40.60741
          ],
          [
            -74.08876,
            40.6073
          ],
          [
            -74.08856,
            40.60719
          ],
          [
            -74.08839,
            40.60709
          ],
          [
            -74.08804,
            40.60688
          ],
          [
            -74.08773,
            40.6067
          ],
          [
            -74.08773,
            40.6067
          ],
          [
            -74.08773,
            40.6067
          ],
          [
            -74.08733,
            40.60646
          ],
          [
            -74.08662,
            40.60605
          ],
          [
            -74.08625,
            40.60583
          ],
          [
            -74.08625,
            40.60583
          ],
          [
            -74.08625,
            40.60583
          ],
          [
            -74.0859,
            40.60563
          ],
          [
            -74.08518,
            40.60522
          ],
          [
            -74.0849,
            40.60506
          ],
          [
            -74.0849,
            40.60506
          ],
          [
            -74.0849,
            40.60506
          ],
          [
            -74.08452,
            40.60484
          ],
          [
            -74.08447,
            40.6048
          ],
          [
            -74.08439,
            40.60475
          ],
          [
            -74.08418,
            40.60463
          ],
          [
            -74.08415,
            40.60461
          ],
          [
            -74.08412,
            40.60459
          ],
          [
            -74.0841,
            40.60457
          ],
          [
            -74.08408,
            40.60455
          ],
          [
            -74.08406,
            40.60452
          ],
          [
            -74.08387,
            40.60425
          ],
          [
            -74.08381,
            40.60417
          ],
          [
            -74.08366,
            40.60395
          ],
          [
            -74.08362,
            40.6039
          ],
          [
            -74.08353,
            40.60377
          ],
          [
            -74.08345,
            40.60366
          ],
          [
            -74.08345,
            40.60366
          ],
          [
            -74.08345,
            40.60366
          ],
          [
            -74.08342,
            40.60362
          ],
          [
            -74.08327,
            40.6034
          ],
          [
            -74.08304,
            40.60308
          ],
          [
            -74.08292,
            40.60291
          ],
          [
            -74.08273,
            40.60265
          ],
          [
            -74.08239,
            40.60218
          ],
          [
            -74.08234,
            40.6021
          ],
          [
            -74.08218,
            40.60194
          ],
          [
            -74.08206,
            40.60182
          ],
          [
            -74.08204,
            40.60179
          ],
          [
            -74.0819,
            40.60162
          ],
          [
            -74.0819,
            40.60162
          ],
          [
            -74.0819,
            40.60162
          ],
          [
            -74.08185,
            40.60155
          ],
          [
            -74.08144,
            40.601
          ],
          [
            -74.08141,
            40.60096
          ],
          [
            -74.08139,
            40.60093
          ],
          [
            -74.08137,
            40.60089
          ],
          [
            -74.08134,
            40.60085
          ],
          [
            -74.08132,
            40.6008
          ],
          [
            -74.0813,
            40.60075
          ],
          [
            -74.08124,
            40.6006
          ],
          [
            -74.08121,
            40.60053
          ],
          [
            -74.0812,
            40.60046
          ],
          [
            -74.08118,
            40.60039
          ],
          [
            -74.08117,
            40.6003
          ],
          [
            -74.08115,
            40.60021
          ],
          [
            -74.08115,
            40.60015
          ],
          [
            -74.08115,
            40.60008
          ],
          [
            -74.08115,
            40.6
          ],
          [
            -74.08116,
            40.59992
          ],
          [
            -74.08116,
            40.59984
          ],
          [
            -74.08118,
            40.59976
          ],
          [
            -74.0812,
            40.59968
          ],
          [
            -74.08122,
            40.5996
          ],
          [
            -74.08124,
            40.59954
          ],
          [
            -74.08127,
            40.59947
          ],
          [
            -74.0813,
            40.59941
          ],
          [
            -74.08134,
            40.59934
          ],
          [
            -74.08142,
            40.59922
          ],
          [
            -74.08156,
            40.59909
          ],
          [
            -74.08161,
            40.59904
          ],
          [
            -74.08164,
            40.59898
          ],
          [
            -74.08167,
            40.59892
          ],
          [
            -74.0817,
            40.59887
          ],
          [
            -74.08172,
            40.59881
          ],
          [
            -74.08174,
            40.59876
          ],
          [
            -74.08175,
            40.59873
          ],
          [
            -74.08175,
            40.59869
          ],
          [
            -74.08174,
            40.59863
          ],
          [
            -74.08174,
            40.59863
          ],
          [
            -74.0817,
            40.59851
          ],
          [
            -74.08158,
            40.59853
          ],
          [
            -74.08148,
            40.59854
          ],
          [
            -74.08137,
            40.59855
          ],
          [
            -74.08137,
            40.59855
          ],
          [
            -74.08134,
            40.59848
          ],
          [
            -74.08134,
            40.59848
          ],
          [
            -74.08134,
            40.59848
          ],
          [
            -74.08133,
            40.59846
          ],
          [
            -74.08133,
            40.59846
          ],
          [
            -74.08123,
            40.59831
          ],
          [
            -74.08128,
            40.59829
          ],
          [
            -74.08141,
            40.59825
          ],
          [
            -74.08146,
            40.59823
          ],
          [
            -74.08153,
            40.5982
          ],
          [
            -74.08153,
            40.5982
          ],
          [
            -74.08165,
            40.5984
          ],
          [
            -74.08168,
            40.59843
          ],
          [
            -74.0817,
            40.59851
          ],
          [
            -74.0817,
            40.59851
          ],
          [
            -74.08158,
            40.59853
          ],
          [
            -74.08148,
            40.59854
          ],
          [
            -74.08137,
            40.59855
          ],
          [
            -74.08126,
            40.59856
          ],
          [
            -74.08112,
            40.59857
          ],
          [
            -74.08097,
            40.59857
          ],
          [
            -74.0807,
            40.59856
          ],
          [
            -74.08052,
            40.59855
          ],
          [
            -74.08038,
            40.59855
          ],
          [
            -74.08025,
            40.59854
          ],
          [
            -74.08013,
            40.59854
          ],
          [
            -74.07999,
            40.59853
          ],
          [
            -74.07985,
            40.59852
          ],
          [
            -74.07972,
            40.5985
          ],
          [
            -74.0796,
            40.59849
          ],
          [
            -74.07932,
            40.59848
          ],
          [
            -74.07911,
            40.59847
          ],
          [
            -74.07911,
            40.59847
          ],
          [
            -74.07911,
            40.59847
          ],
          [
            -74.07867,
            40.59844
          ],
          [
            -74.07861,
            40.59844
          ],
          [
            -74.07849,
            40.59843
          ],
          [
            -74.07832,
            40.59842
          ],
          [
            -74.07772,
            40.59841
          ],
          [
            -74.07757,
            40.59841
          ],
          [
            -74.07742,
            40.5984
          ],
          [
            -74.07705,
            40.59838
          ],
          [
            -74.07694,
            40.59836
          ],
          [
            -74.0768,
            40.59832
          ],
          [
            -74.07667,
            40.59828
          ],
          [
            -74.07656,
            40.59824
          ],
          [
            -74.07646,
            40.5982
          ],
          [
            -74.07616,
            40.59808
          ],
          [
            -74.07616,
            40.59808
          ],
          [
            -74.07616,
            40.59808
          ],
          [
            -74.07604,
            40.59803
          ],
          [
            -74.07555,
            40.59783
          ],
          [
            -74.07543,
            40.59778
          ],
          [
            -74.07532,
            40.59774
          ],
          [
            -74.07524,
            40.59771
          ],
          [
            -74.07515,
            40.59768
          ],
          [
            -74.07507,
            40.59766
          ],
          [
            -74.07498,
            40.59764
          ],
          [
            -74.0749,
            40.59763
          ],
          [
            -74.07482,
            40.59761
          ],
          [
            -74.07473,
            40.5976
          ],
          [
            -74.07464,
            40.5976
          ],
          [
            -74.07456,
            40.59759
          ],
          [
            -74.07448,
            40.59759
          ],
          [
            -74.0744,
            40.59759
          ],
          [
            -74.07431,
            40.59759
          ],
          [
            -74.07422,
            40.5976
          ],
          [
            -74.07415,
            40.59761
          ],
          [
            -74.07406,
            40.59762
          ],
          [
            -74.07397,
            40.59763
          ],
          [
            -74.07388,
            40.59765
          ],
          [
            -74.07388,
            40.59765
          ],
          [
            -74.07383,
            40.59756
          ],
          [
            -74.07383,
            40.59756
          ],
          [
            -74.07383,
            40.59756
          ],
          [
            -74.07388,
            40.59765
          ],
          [
            -74.07388,
            40.59765
          ],
          [
            -74.07382,
            40.59766
          ],
          [
            -74.07373,
            40.59769
          ],
          [
            -74.07366,
            40.59771
          ],
          [
            -74.07358,
            40.59773
          ],
          [
            -74.07351,
            40.59776
          ],
          [
            -74.07344,
            40.59779
          ],
          [
            -74.07338,
            40.59782
          ],
          [
            -74.07331,
            40.59785
          ],
          [
            -74.07325,
            40.59788
          ],
          [
            -74.07318,
            40.59792
          ],
          [
            -74.07312,
            40.59795
          ],
          [
            -74.07307,
            40.59799
          ],
          [
            -74.07301,
            40.59804
          ],
          [
            -74.07295,
            40.59808
          ],
          [
            -74.0729,
            40.59812
          ],
          [
            -74.07285,
            40.59817
          ],
          [
            -74.0728,
            40.59821
          ],
          [
            -74.07274,
            40.59826
          ],
          [
            -74.07267,
            40.59833
          ],
          [
            -74.07262,
            40.59838
          ],
          [
            -74.07258,
            40.59843
          ],
          [
            -74.07255,
            40.59846
          ],
          [
            -74.07255,
            40.59846
          ],
          [
            -74.07255,
            40.59846
          ],
          [
            -74.07253,
            40.59848
          ],
          [
            -74.07245,
            40.59859
          ],
          [
            -74.0724,
            40.59866
          ],
          [
            -74.0724,
            40.59866
          ],
          [
            -74.07224,
            40.59867
          ],
          [
            -74.07219,
            40.59867
          ],
          [
            -74.07216,
            40.59867
          ],
          [
            -74.07212,
            40.59867
          ],
          [
            -74.07208,
            40.59866
          ],
          [
            -74.07204,
            40.59865
          ],
          [
            -74.07202,
            40.59863
          ],
          [
            -74.07194,
            40.59858
          ],
          [
            -74.07194,
            40.59858
          ],
          [
            -74.07197,
            40.59838
          ],
          [
            -74.07199,
            40.59827
          ],
          [
            -74.07199,
            40.59823
          ],
          [
            -74.07199,
            40.59823
          ],
          [
            -74.07199,
            40.59823
          ],
          [
            -74.072,
            40.59819
          ],
          [
            -74.072,
            40.59815
          ],
          [
            -74.07199,
            40.59811
          ],
          [
            -74.07198,
            40.59807
          ],
          [
            -74.07197,
            40.59803
          ],
          [
            -74.07195,
            40.59799
          ],
          [
            -74.07193,
            40.59796
          ],
          [
            -74.0719,
            40.59792
          ],
          [
            -74.07187,
            40.59789
          ],
          [
            -74.07185,
            40.59787
          ],
          [
            -74.07177,
            40.59781
          ],
          [
            -74.07169,
            40.59776
          ],
          [
            -74.07104,
            40.59739
          ],
          [
            -74.07096,
            40.59734
          ],
          [
            -74.07091,
            40.59729
          ],
          [
            -74.07077,
            40.59712
          ],
          [
            -74.07051,
            40.59681
          ],
          [
            -74.07044,
            40.59674
          ],
          [
            -74.07044,
            40.59674
          ],
          [
            -74.07033,
            40.59677
          ],
          [
            -74.07013,
            40.59684
          ],
          [
            -74.07013,
            40.59684
          ],
          [
            -74.07013,
            40.59684
          ],
          [
            -74.07008,
            40.59685
          ],
          [
            -74.06996,
            40.59689
          ],
          [
            -74.06957,
            40.59702
          ],
          [
            -74.06893,
            40.59723
          ],
          [
            -74.06879,
            40.59728
          ],
          [
            -74.06879,
            40.59728
          ],
          [
            -74.06879,
            40.59728
          ],
          [
            -74.06835,
            40.59742
          ],
          [
            -74.0674,
            40.59773
          ],
          [
            -74.06732,
            40.59776
          ],
          [
            -74.06662,
            40.598
          ],
          [
            -74.06641,
            40.59806
          ],
          [
            -74.06641,
            40.59806
          ],
          [
            -74.06641,
            40.59806
          ],
          [
            -74.06627,
            40.59811
          ],
          [
            -74.06604,
            40.59819
          ],
          [
            -74.06591,
            40.59823
          ],
          [
            -74.06581,
            40.59826
          ],
          [
            -74.06556,
            40.59835
          ],
          [
            -74.06546,
            40.59838
          ],
          [
            -74.06518,
            40.59847
          ],
          [
            -74.06484,
            40.59858
          ],
          [
            -74.06484,
            40.59858
          ],
          [
            -74.06484,
            40.59858
          ],
          [
            -74.06407,
            40.59885
          ],
          [
            -74.06392,
            40.59889
          ],
          [
            -74.06381,
            40.59893
          ],
          [
            -74.06381,
            40.59893
          ],
          [
            -74.06371,
            40.59896
          ],
          [
            -74.06376,
            40.59903
          ],
          [
            -74.06385,
            40.59915
          ],
          [
            -74.06385,
            40.59915
          ]
        ]
      }
    },
    {
      "type": "Feature",
      "properties": {
        "route_id": "S53-E-Day",
        "layer": "T2 Original"
      },
      "geometry": {
        "type": "LineString",
        "coordinates": [
          [
            -74.13047,
            40.64007
          ],
          [
            -74.13048,
            40.64008
          ],
          [
            -74.13051,
            40.64009
          ],
          [
            -74.13055,
            40.64011
          ],
          [
            -74.13093,
            40.64031
          ],
          [
            -74.13099,
            40.64034
          ],
          [
            -74.13104,
            40.64036
          ],
          [
            -74.13111,
            40.64038
          ],
          [
            -74.13116,
            40.64039
          ],
          [
            -74.13122,
            40.64041
          ],
          [
            -74.13128,
            40.64041
          ],
          [
            -74.13132,
            40.64042
          ],
          [
            -74.13137,
            40.64042
          ],
          [
            -74.1314,
            40.64041
          ],
          [
            -74.13144,
            40.64041
          ],
          [
            -74.13149,
            40.64039
          ],
          [
            -74.13154,
            40.64039
          ],
          [
            -74.13154,
            40.64039
          ],
          [
            -74.1316,
            40.64031
          ],
          [
            -74.13169,
            40.64018
          ],
          [
            -74.13213,
            40.6396
          ],
          [
            -74.13217,
            40.63954
          ],
          [
            -74.13222,
            40.63949
          ],
          [
            -74.13253,
            40.63908
          ],
          [
            -74.13261,
            40.63899
          ],
          [
            -74.13265,
            40.63893
          ],
          [
            -74.13269,
            40.63888
          ],
          [
            -74.13273,
            40.63883
          ],
          [
            -74.13284,
            40.63869
          ],
          [
            -74.13284,
            40.63869
          ],
          [
            -74.13284,
            40.63869
          ],
          [
            -74.1332,
            40.63821
          ],
          [
            -74.1335,
            40.6378
          ],
          [
            -74.13365,
            40.6376
          ],
          [
            -74.1337,
            40.63754
          ],
          [
            -74.13409,
            40.63698
          ],
          [
            -74.13428,
            40.63674
          ],
          [
            -74.13435,
            40.63663
          ],
          [
            -74.13451,
            40.6364
          ],
          [
            -74.13451,
            40.6364
          ],
          [
            -74.13451,
            40.6364
          ],
          [
            -74.13472,
            40.63611
          ],
          [
            -74.13477,
            40.63603
          ],
          [
            -74.13477,
            40.63603
          ],
          [
            -74.13467,
            40.63601
          ],
          [
            -74.13372,
            40.63554
          ],
          [
            -74.13275,
            40.63508
          ],
          [
            -74.13275,
            40.63508
          ],
          [
            -74.13275,
            40.63508
          ],
          [
            -74.1327,
            40.63505
          ],
          [
            -74.13262,
            40.63501
          ],
          [
            -74.13254,
            40.63498
          ],
          [
            -74.13106,
            40.63426
          ],
          [
            -74.13083,
            40.63415
          ],
          [
            -74.13052,
            40.63404
          ],
          [
            -74.13044,
            40.63402
          ],
          [
            -74.13038,
            40.634
          ],
          [
            -74.1296,
            40.63373
          ],
          [
            -74.1296,
            40.63373
          ],
          [
            -74.1296,
            40.63373
          ],
          [
            -74.12952,
            40.63371
          ],
          [
            -74.12945,
            40.63368
          ],
          [
            -74.12936,
            40.63366
          ],
          [
            -74.12924,
            40.63363
          ],
          [
            -74.12922,
            40.63363
          ],
          [
            -74.12921,
            40.63363
          ],
          [
            -74.12919,
            40.63363
          ],
          [
            -74.12854,
            40.63367
          ],
          [
            -74.12844,
            40.63367
          ],
          [
            -74.12835,
            40.63368
          ],
          [
            -74.12789,
            40.63371
          ],
          [
            -74.12702,
            40.63378
          ],
          [
            -74.12674,
            40.6338
          ],
          [
            -74.1263,
            40.63384
          ],
          [
            -74.12604,
            40.63386
          ],
          [
            -74.12595,
            40.63386
          ],
          [
            -74.12595,
            40.63386
          ],
          [
            -74.12593,
            40.63379
          ],
          [
            -74.12587,
            40.63355
          ],
          [
            -74.12587,
            40.63355
          ],
          [
            -74.1258,
            40.63356
          ],
          [
            -74.12568,
            40.63357
          ],
          [
            -74.12539,
            40.63359
          ],
          [
            -74.12541,
            40.63375
          ],
          [
            -74.12542,
            40.63383
          ],
          [
            -74.12542,
            40.63383
          ],
          [
            -74.12543,
            40.63384
          ],
          [
            -74.12543,
            40.6339
          ],
          [
            -74.12543,
            40.6339
          ],
          [
            -74.12513,
            40.63392
          ],
          [
            -74.12493,
            40.63394
          ],
          [
            -74.1247,
            40.63395
          ],
          [
            -74.12423,
            40.63399
          ],
          [
            -74.12415,
            40.63399
          ],
          [
            -74.12408,
            40.634
          ],
          [
            -74.12369,
            40.63403
          ],
          [
            -74.12314,
            40.63407
          ],
          [
            -74.12307,
            40.63408
          ],
          [
            -74.12299,
            40.63408
          ],
          [
            -74.12273,
            40.6341
          ],
          [
            -74.12273,
            40.6341
          ],
          [
            -74.12273,
            40.6341
          ],
          [
            -74.12194,
            40.63416
          ],
          [
            -74.12178,
            40.63417
          ],
          [
            -74.12153,
            40.6342
          ],
          [
            -74.12123,
            40.63422
          ],
          [
            -74.121,
            40.63424
          ],
          [
            -74.12064,
            40.63426
          ],
          [
            -74.12032,
            40.63429
          ],
          [
            -74.12024,
            40.6343
          ],
          [
            -74.12015,
            40.63431
          ],
          [
            -74.12011,
            40.63431
          ],
          [
            -74.11999,
            40.63432
          ],
          [
            -74.11999,
            40.63432
          ],
          [
            -74.11999,
            40.63432
          ],
          [
            -74.11943,
            40.63436
          ],
          [
            -74.11856,
            40.63444
          ],
          [
            -74.11849,
            40.63445
          ],
          [
            -74.11789,
            40.63451
          ],
          [
            -74.11781,
            40.63452
          ],
          [
            -74.11774,
            40.63453
          ],
          [
            -74.11733,
            40.63457
          ],
          [
            -74.11733,
            40.63457
          ],
          [
            -74.11732,
            40.63457
          ],
          [
            -74.11721,
            40.63457
          ],
          [
            -74.11721,
            40.63457
          ],
          [
            -74.11716,
            40.6345
          ],
          [
            -74.11708,
            40.63401
          ],
          [
            -74.11705,
            40.63382
          ],
          [
            -74.11697,
            40.63336
          ],
          [
            -74.1169,
            40.63303
          ],
          [
            -74.11689,
            40.63297
          ],
          [
            -74.11685,
            40.63278
          ],
          [
            -74.11685,
            40.63278
          ],
          [
            -74.11685,
            40.63278
          ],
          [
            -74.11685,
            40.63276
          ],
          [
            -74.11684,
            40.63268
          ],
          [
            -74.11682,
            40.63261
          ],
          [
            -74.11668,
            40.63177
          ],
          [
            -74.11667,
            40.63171
          ],
          [
            -74.11666,
            40.63165
          ],
          [
            -74.11652,
            40.63083
          ],
          [
            -74.11652,
            40.63083
          ],
          [
            -74.11652,
            40.63083
          ],
          [
            -74.11652,
            40.63082
          ],
          [
            -74.11651,
            40.63076
          ],
          [
            -74.1165,
            40.63069
          ],
          [
            -74.11635,
            40.62984
          ],
          [
            -74.11626,
            40.62934
          ],
          [
            -74.11624,
            40.62921
          ],
          [
            -74.11621,
            40.62905
          ],
          [
            -74.11621,
            40.62905
          ],
          [
            -74.11621,
            40.62905
          ],
          [
            -74.11621,
            40.62902
          ],
          [
            -74.1162,
            40.62894
          ],
          [
            -74.11618,
            40.62886
          ],
          [
            -74.11617,
            40.6288
          ],
          [
            -74.11616,
            40.62873
          ],
          [
            -74.11611,
            40.62857
          ],
          [
            -74.11595,
            40.62823
          ],
          [
            -74.11589,
            40.62809
          ],
          [
            -74.11561,
            40.62755
          ],
          [
            -74.11545,
            40.62722
          ],
          [
            -74.11532,
            40.62697
          ],
          [
            -74.11532,
            40.62697
          ],
          [
            -74.11532,
            40.62697
          ],
          [
            -74.11527,
            40.62689
          ],
          [
            -74.11525,
            40.62683
          ],
          [
            -74.11501,
            40.62638
          ],
          [
            -74.11475,
            40.62588
          ],
          [
            -74.11472,
            40.62582
          ],
          [
            -74.11457,
            40.62554
          ],
          [
            -74.11457,
            40.62554
          ],
          [
            -74.11457,
            40.62554
          ],
          [
            -74.11452,
            40.62543
          ],
          [
            -74.11432,
            40.62506
          ],
          [
            -74.11414,
            40.6247
          ],
          [
            -74.11407,
            40.62458
          ],
          [
            -74.11393,
            40.62433
          ],
          [
            -74.11359,
            40.6237
          ],
          [
            -74.11341,
            40.62335
          ],
          [
            -74.11341,
            40.62335
          ],
          [
            -74.11341,
            40.62335
          ],
          [
            -74.11334,
            40.62321
          ],
          [
            -74.11331,
            40.62304
          ],
          [
            -74.11331,
            40.62304
          ],
          [
            -74.11325,
            40.623
          ],
          [
            -74.11294,
            40.62278
          ],
          [
            -74.11293,
            40.62277
          ],
          [
            -74.11265,
            40.62249
          ],
          [
            -74.1126,
            40.62245
          ],
          [
            -74.11239,
            40.62228
          ],
          [
            -74.11207,
            40.62202
          ],
          [
            -74.11153,
            40.6216
          ],
          [
            -74.11094,
            40.6212
          ],
          [
            -74.11081,
            40.62112
          ],
          [
            -74.11023,
            40.62081
          ],
          [
            -74.1102,
            40.62079
          ],
          [
            -74.11002,
            40.62069
          ],
          [
            -74.10992,
            40.62064
          ],
          [
            -74.10984,
            40.62061
          ],
          [
            -74.10984,
            40.62061
          ],
          [
            -74.1099,
            40.62054
          ],
          [
            -74.10991,
            40.62051
          ],
          [
            -74.10989,
            40.62048
          ],
          [
            -74.10982,
            40.62044
          ],
          [
            -74.10982,
            40.62044
          ],
          [
            -74.10982,
            40.62044
          ],
          [
            -74.10973,
            40.6204
          ],
          [
            -74.10966,
            40.62039
          ],
          [
            -74.10961,
            40.62041
          ],
          [
            -74.10956,
            40.62049
          ],
          [
            -74.10956,
            40.62049
          ],
          [
            -74.10929,
            40.62037
          ],
          [
            -74.10915,
            40.62031
          ],
          [
            -74.10887,
            40.6202
          ],
          [
            -74.10863,
            40.62009
          ],
          [
            -74.10782,
            40.61973
          ],
          [
            -74.10775,
            40.6197
          ],
          [
            -74.10767,
            40.61967
          ],
          [
            -74.10746,
            40.61958
          ],
          [
            -74.10746,
            40.61958
          ],
          [
            -74.10746,
            40.61958
          ],
          [
            -74.1073,
            40.61951
          ],
          [
            -74.10723,
            40.61948
          ],
          [
            -74.10664,
            40.61923
          ],
          [
            -74.10631,
            40.61909
          ],
          [
            -74.10611,
            40.619
          ],
          [
            -74.10601,
            40.61895
          ],
          [
            -74.10585,
            40.61885
          ],
          [
            -74.10573,
            40.61876
          ],
          [
            -74.10556,
            40.61863
          ],
          [
            -74.10549,
            40.61856
          ],
          [
            -74.10524,
            40.61834
          ],
          [
            -74.10519,
            40.61829
          ],
          [
            -74.10512,
            40.61822
          ],
          [
            -74.10503,
            40.61812
          ],
          [
            -74.10503,
            40.61812
          ],
          [
            -74.10503,
            40.61812
          ],
          [
            -74.10495,
            40.61802
          ],
          [
            -74.10458,
            40.61761
          ],
          [
            -74.10416,
            40.61715
          ],
          [
            -74.10414,
            40.61707
          ],
          [
            -74.10375,
            40.61663
          ],
          [
            -74.10368,
            40.61655
          ],
          [
            -74.10366,
            40.61652
          ],
          [
            -74.10363,
            40.6165
          ],
          [
            -74.10352,
            40.61642
          ],
          [
            -74.10344,
            40.61632
          ],
          [
            -74.10342,
            40.6163
          ],
          [
            -74.1033,
            40.61613
          ],
          [
            -74.10321,
            40.61603
          ],
          [
            -74.10319,
            40.616
          ],
          [
            -74.10312,
            40.61592
          ],
          [
            -74.10302,
            40.61579
          ],
          [
            -74.10285,
            40.61557
          ],
          [
            -74.10285,
            40.61557
          ],
          [
            -74.10296,
            40.61553
          ],
          [
            -74.10302,
            40.6155
          ],
          [
            -74.10303,
            40.6155
          ],
          [
            -74.10305,
            40.61551
          ],
          [
            -74.10306,
            40.61552
          ],
          [
            -74.10312,
            40.6156
          ],
          [
            -74.10312,
            40.6156
          ],
          [
            -74.10312,
            40.6156
          ],
          [
            -74.10306,
            40.61552
          ],
          [
            -74.10305,
            40.61551
          ],
          [
            -74.10303,
            40.6155
          ],
          [
            -74.10302,
            40.6155
          ],
          [
            -74.10296,
            40.61553
          ],
          [
            -74.10285,
            40.61557
          ],
          [
            -74.10285,
            40.61557
          ],
          [
            -74.10273,
            40.61542
          ],
          [
            -74.10265,
            40.61532
          ],
          [
            -74.10256,
            40.6152
          ],
          [
            -74.1021,
            40.61461
          ],
          [
            -74.10179,
            40.61438
          ],
          [
            -74.10179,
            40.61438
          ],
          [
            -74.10179,
            40.61438
          ],
          [
            -74.10126,
            40.61399
          ],
          [
            -74.10077,
            40.61363
          ],
          [
            -74.10067,
            40.61356
          ],
          [
            -74.10061,
            40.61352
          ],
          [
            -74.10054,
            40.61347
          ],
          [
            -74.10047,
            40.61341
          ],
          [
            -74.10047,
            40.61341
          ],
          [
            -74.10047,
            40.61341
          ],
          [
            -74.10043,
            40.61338
          ],
          [
            -74.10035,
            40.61332
          ],
          [
            -74.10008,
            40.61312
          ],
          [
            -74.09988,
            40.61292
          ],
          [
            -74.09961,
            40.61267
          ],
          [
            -74.09941,
            40.6125
          ],
          [
            -74.09935,
            40.61243
          ],
          [
            -74.09929,
            40.61236
          ],
          [
            -74.09923,
            40.61228
          ],
          [
            -74.09923,
            40.61228
          ],
          [
            -74.09923,
            40.61228
          ],
          [
            -74.09911,
            40.61212
          ],
          [
            -74.09891,
            40.61186
          ],
          [
            -74.09885,
            40.61179
          ],
          [
            -74.09864,
            40.61152
          ],
          [
            -74.09858,
            40.61145
          ],
          [
            -74.0985,
            40.61136
          ],
          [
            -74.09841,
            40.61126
          ],
          [
            -74.09834,
            40.61119
          ],
          [
            -74.09819,
            40.61103
          ],
          [
            -74.0981,
            40.61096
          ],
          [
            -74.09803,
            40.61089
          ],
          [
            -74.09787,
            40.61073
          ],
          [
            -74.09768,
            40.61054
          ],
          [
            -74.09756,
            40.61041
          ],
          [
            -74.09756,
            40.61041
          ],
          [
            -74.09756,
            40.61041
          ],
          [
            -74.0975,
            40.61035
          ],
          [
            -74.09741,
            40.61027
          ],
          [
            -74.09729,
            40.61027
          ],
          [
            -74.09707,
            40.61027
          ],
          [
            -74.09693,
            40.61028
          ],
          [
            -74.09682,
            40.61029
          ],
          [
            -74.09672,
            40.61029
          ],
          [
            -74.0966,
            40.6103
          ],
          [
            -74.0965,
            40.6103
          ],
          [
            -74.09639,
            40.6103
          ],
          [
            -74.09625,
            40.6103
          ],
          [
            -74.09609,
            40.61029
          ],
          [
            -74.09594,
            40.61029
          ],
          [
            -74.09579,
            40.61028
          ],
          [
            -74.09562,
            40.61027
          ],
          [
            -74.09543,
            40.61025
          ],
          [
            -74.09523,
            40.61023
          ],
          [
            -74.09508,
            40.61021
          ],
          [
            -74.09493,
            40.61019
          ],
          [
            -74.09479,
            40.61017
          ],
          [
            -74.09464,
            40.61014
          ],
          [
            -74.0945,
            40.61012
          ],
          [
            -74.09437,
            40.61009
          ],
          [
            -74.09422,
            40.61006
          ],
          [
            -74.09409,
            40.61003
          ],
          [
            -74.09369,
            40.60994
          ],
          [
            -74.09354,
            40.60989
          ],
          [
            -74.0934,
            40.60985
          ],
          [
            -74.09327,
            40.60981
          ],
          [
            -74.09314,
            40.60977
          ],
          [
            -74.093,
            40.60973
          ],
          [
            -74.09287,
            40.60968
          ],
          [
            -74.09274,
            40.60963
          ],
          [
            -74.09261,
            40.60958
          ],
          [
            -74.09248,
            40.60953
          ],
          [
            -74.09236,
            40.60948
          ],
          [
            -74.09223,
            40.60943
          ],
          [
            -74.09161,
            40.60916
          ],
          [
            -74.09161,
            40.60916
          ],
          [
            -74.09136,
            40.60897
          ],
          [
            -74.09118,
            40.60881
          ],
          [
            -74.09118,
            40.60881
          ],
          [
            -74.09108,
            40.60872
          ],
          [
            -74.09107,
            40.60872
          ],
          [
            -74.09104,
            40.60869
          ],
          [
            -74.09096,
            40.60863
          ],
          [
            -74.09089,
            40.60858
          ],
          [
            -74.09084,
            40.60855
          ],
          [
            -74.09074,
            40.60848
          ],
          [
            -74.0906,
            40.60839
          ],
          [
            -74.09056,
            40.60837
          ],
          [
            -74.09018,
            40.60814
          ],
          [
            -74.08974,
            40.60788
          ],
          [
            -74.08952,
            40.60775
          ],
          [
            -74.08952,
            40.60775
          ],
          [
            -74.08952,
            40.60775
          ],
          [
            -74.08944,
            40.6077
          ],
          [
            -74.08936,
            40.60765
          ],
          [
            -74.08918,
            40.60755
          ],
          [
            -74.08906,
            40.60748
          ],
          [
            -74.08895,
            40.60741
          ],
          [
            -74.08876,
            40.6073
          ],
          [
            -74.08856,
            40.60719
          ],
          [
            -74.08839,
            40.60709
          ],
          [
            -74.08804,
            40.60688
          ],
          [
            -74.08773,
            40.6067
          ],
          [
            -74.08773,
            40.6067
          ],
          [
            -74.08773,
            40.6067
          ],
          [
            -74.08733,
            40.60646
          ],
          [
            -74.08662,
            40.60605
          ],
          [
            -74.08625,
            40.60583
          ],
          [
            -74.08625,
            40.60583
          ],
          [
            -74.08625,
            40.60583
          ],
          [
            -74.0859,
            40.60563
          ],
          [
            -74.08518,
            40.60522
          ],
          [
            -74.0849,
            40.60506
          ],
          [
            -74.0849,
            40.60506
          ],
          [
            -74.0849,
            40.60506
          ],
          [
            -74.08452,
            40.60484
          ],
          [
            -74.08447,
            40.6048
          ],
          [
            -74.08439,
            40.60475
          ],
          [
            -74.08418,
            40.60463
          ],
          [
            -74.08415,
            40.60461
          ],
          [
            -74.08412,
            40.60459
          ],
          [
            -74.0841,
            40.60457
          ],
          [
            -74.08408,
            40.60455
          ],
          [
            -74.08406,
            40.60452
          ],
          [
            -74.08387,
            40.60425
          ],
          [
            -74.08381,
            40.60417
          ],
          [
            -74.08366,
            40.60395
          ],
          [
            -74.08362,
            40.6039
          ],
          [
            -74.08353,
            40.60377
          ],
          [
            -74.08345,
            40.60366
          ],
          [
            -74.08345,
            40.60366
          ],
          [
            -74.08345,
            40.60366
          ],
          [
            -74.08342,
            40.60362
          ],
          [
            -74.08327,
            40.6034
          ],
          [
            -74.08304,
            40.60308
          ],
          [
            -74.08292,
            40.60291
          ],
          [
            -74.08273,
            40.60265
          ],
          [
            -74.08239,
            40.60218
          ],
          [
            -74.08234,
            40.6021
          ],
          [
            -74.08218,
            40.60194
          ],
          [
            -74.08206,
            40.60182
          ],
          [
            -74.08204,
            40.60179
          ],
          [
            -74.0819,
            40.60162
          ],
          [
            -74.0819,
            40.60162
          ],
          [
            -74.0819,
            40.60162
          ],
          [
            -74.08185,
            40.60155
          ],
          [
            -74.08144,
            40.601
          ],
          [
            -74.08141,
            40.60096
          ],
          [
            -74.08139,
            40.60093
          ],
          [
            -74.08137,
            40.60089
          ],
          [
            -74.08134,
            40.60085
          ],
          [
            -74.08132,
            40.6008
          ],
          [
            -74.0813,
            40.60075
          ],
          [
            -74.08124,
            40.6006
          ],
          [
            -74.08121,
            40.60053
          ],
          [
            -74.0812,
            40.60046
          ],
          [
            -74.08118,
            40.60039
          ],
          [
            -74.08117,
            40.6003
          ],
          [
            -74.08115,
            40.60021
          ],
          [
            -74.08115,
            40.60015
          ],
          [
            -74.08115,
            40.60008
          ],
          [
            -74.08115,
            40.6
          ],
          [
            -74.08116,
            40.59992
          ],
          [
            -74.08116,
            40.59984
          ],
          [
            -74.08118,
            40.59976
          ],
          [
            -74.0812,
            40.59968
          ],
          [
            -74.08122,
            40.5996
          ],
          [
            -74.08124,
            40.59954
          ],
          [
            -74.08127,
            40.59947
          ],
          [
            -74.0813,
            40.59941
          ],
          [
            -74.08134,
            40.59934
          ],
          [
            -74.08142,
            40.59922
          ],
          [
            -74.08156,
            40.59909
          ],
          [
            -74.08161,
            40.59904
          ],
          [
            -74.08164,
            40.59898
          ],
          [
            -74.08167,
            40.59892
          ],
          [
            -74.0817,
            40.59887
          ],
          [
            -74.08172,
            40.59881
          ],
          [
            -74.08174,
            40.59876
          ],
          [
            -74.08175,
            40.59873
          ],
          [
            -74.08175,
            40.59869
          ],
          [
            -74.08174,
            40.59863
          ],
          [
            -74.08174,
            40.59863
          ],
          [
            -74.0817,
            40.59851
          ],
          [
            -74.08158,
            40.59853
          ],
          [
            -74.08148,
            40.59854
          ],
          [
            -74.08137,
            40.59855
          ],
          [
            -74.08137,
            40.59855
          ],
          [
            -74.08134,
            40.59848
          ],
          [
            -74.08134,
            40.59848
          ],
          [
            -74.08134,
            40.59848
          ],
          [
            -74.08133,
            40.59846
          ],
          [
            -74.08133,
            40.59846
          ],
          [
            -74.08123,
            40.59831
          ],
          [
            -74.08128,
            40.59829
          ],
          [
            -74.08141,
            40.59825
          ],
          [
            -74.08146,
            40.59823
          ],
          [
            -74.08153,
            40.5982
          ],
          [
            -74.08153,
            40.5982
          ],
          [
            -74.08165,
            40.5984
          ],
          [
            -74.08168,
            40.59843
          ],
          [
            -74.0817,
            40.59851
          ],
          [
            -74.0817,
            40.59851
          ],
          [
            -74.08158,
            40.59853
          ],
          [
            -74.08148,
            40.59854
          ],
          [
            -74.08137,
            40.59855
          ],
          [
            -74.08126,
            40.59856
          ],
          [
            -74.08112,
            40.59857
          ],
          [
            -74.08097,
            40.59857
          ],
          [
            -74.0807,
            40.59856
          ],
          [
            -74.08052,
            40.59855
          ],
          [
            -74.08038,
            40.59855
          ],
          [
            -74.08025,
            40.59854
          ],
          [
            -74.08013,
            40.59854
          ],
          [
            -74.07999,
            40.59853
          ],
          [
            -74.07985,
            40.59852
          ],
          [
            -74.07972,
            40.5985
          ],
          [
            -74.0796,
            40.59849
          ],
          [
            -74.07932,
            40.59848
          ],
          [
            -74.07911,
            40.59847
          ],
          [
            -74.07911,
            40.59847
          ],
          [
            -74.07911,
            40.59847
          ],
          [
            -74.07867,
            40.59844
          ],
          [
            -74.07861,
            40.59844
          ],
          [
            -74.07849,
            40.59843
          ],
          [
            -74.07832,
            40.59842
          ],
          [
            -74.07772,
            40.59841
          ],
          [
            -74.07757,
            40.59841
          ],
          [
            -74.07742,
            40.5984
          ],
          [
            -74.07705,
            40.59838
          ],
          [
            -74.07694,
            40.59836
          ],
          [
            -74.0768,
            40.59832
          ],
          [
            -74.07667,
            40.59828
          ],
          [
            -74.07656,
            40.59824
          ],
          [
            -74.07646,
            40.5982
          ],
          [
            -74.07616,
            40.59808
          ],
          [
            -74.07616,
            40.59808
          ],
          [
            -74.07616,
            40.59808
          ],
          [
            -74.07604,
            40.59803
          ],
          [
            -74.07555,
            40.59783
          ],
          [
            -74.07543,
            40.59778
          ],
          [
            -74.07532,
            40.59774
          ],
          [
            -74.07524,
            40.59771
          ],
          [
            -74.07515,
            40.59768
          ],
          [
            -74.07507,
            40.59766
          ],
          [
            -74.07498,
            40.59764
          ],
          [
            -74.0749,
            40.59763
          ],
          [
            -74.07482,
            40.59761
          ],
          [
            -74.07473,
            40.5976
          ],
          [
            -74.07464,
            40.5976
          ],
          [
            -74.07456,
            40.59759
          ],
          [
            -74.07448,
            40.59759
          ],
          [
            -74.0744,
            40.59759
          ],
          [
            -74.07431,
            40.59759
          ],
          [
            -74.07422,
            40.5976
          ],
          [
            -74.07415,
            40.59761
          ],
          [
            -74.07406,
            40.59762
          ],
          [
            -74.07397,
            40.59763
          ],
          [
            -74.07388,
            40.59765
          ],
          [
            -74.07388,
            40.59765
          ],
          [
            -74.07383,
            40.59756
          ],
          [
            -74.07383,
            40.59756
          ],
          [
            -74.07383,
            40.59756
          ],
          [
            -74.07388,
            40.59765
          ],
          [
            -74.07388,
            40.59765
          ],
          [
            -74.07382,
            40.59766
          ],
          [
            -74.07373,
            40.59769
          ],
          [
            -74.07366,
            40.59771
          ],
          [
            -74.07358,
            40.59773
          ],
          [
            -74.07351,
            40.59776
          ],
          [
            -74.07344,
            40.59779
          ],
          [
            -74.07338,
            40.59782
          ],
          [
            -74.07331,
            40.59785
          ],
          [
            -74.07325,
            40.59788
          ],
          [
            -74.07318,
            40.59792
          ],
          [
            -74.07312,
            40.59795
          ],
          [
            -74.07307,
            40.59799
          ],
          [
            -74.07301,
            40.59804
          ],
          [
            -74.07295,
            40.59808
          ],
          [
            -74.0729,
            40.59812
          ],
          [
            -74.07285,
            40.59817
          ],
          [
            -74.0728,
            40.59821
          ],
          [
            -74.07274,
            40.59826
          ],
          [
            -74.07267,
            40.59833
          ],
          [
            -74.07262,
            40.59838
          ],
          [
            -74.07258,
            40.59843
          ],
          [
            -74.07255,
            40.59846
          ],
          [
            -74.07255,
            40.59846
          ],
          [
            -74.07255,
            40.59846
          ],
          [
            -74.07253,
            40.59848
          ],
          [
            -74.07245,
            40.59859
          ],
          [
            -74.0724,
            40.59866
          ],
          [
            -74.0724,
            40.59866
          ],
          [
            -74.07224,
            40.59867
          ],
          [
            -74.07219,
            40.59867
          ],
          [
            -74.07216,
            40.59867
          ],
          [
            -74.07212,
            40.59867
          ],
          [
            -74.07208,
            40.59866
          ],
          [
            -74.07204,
            40.59865
          ],
          [
            -74.07202,
            40.59863
          ],
          [
            -74.07194,
            40.59858
          ],
          [
            -74.07194,
            40.59858
          ],
          [
            -74.07197,
            40.59838
          ],
          [
            -74.07199,
            40.59827
          ],
          [
            -74.07199,
            40.59823
          ],
          [
            -74.07199,
            40.59823
          ],
          [
            -74.07199,
            40.59823
          ],
          [
            -74.072,
            40.59819
          ],
          [
            -74.072,
            40.59815
          ],
          [
            -74.07199,
            40.59811
          ],
          [
            -74.07198,
            40.59807
          ],
          [
            -74.07197,
            40.59803
          ],
          [
            -74.07195,
            40.59799
          ],
          [
            -74.07193,
            40.59796
          ],
          [
            -74.0719,
            40.59792
          ],
          [
            -74.07187,
            40.59789
          ],
          [
            -74.07185,
            40.59787
          ],
          [
            -74.07177,
            40.59781
          ],
          [
            -74.07169,
            40.59776
          ],
          [
            -74.07104,
            40.59739
          ],
          [
            -74.07096,
            40.59734
          ],
          [
            -74.07091,
            40.59729
          ],
          [
            -74.07077,
            40.59712
          ],
          [
            -74.07051,
            40.59681
          ],
          [
            -74.07044,
            40.59674
          ],
          [
            -74.07044,
            40.59674
          ],
          [
            -74.07033,
            40.59677
          ],
          [
            -74.07013,
            40.59684
          ],
          [
            -74.07013,
            40.59684
          ],
          [
            -74.07013,
            40.59684
          ],
          [
            -74.07008,
            40.59685
          ],
          [
            -74.06996,
            40.59689
          ],
          [
            -74.06957,
            40.59702
          ],
          [
            -74.06893,
            40.59723
          ],
          [
            -74.06879,
            40.59728
          ],
          [
            -74.06879,
            40.59728
          ],
          [
            -74.06879,
            40.59728
          ],
          [
            -74.06835,
            40.59742
          ],
          [
            -74.0674,
            40.59773
          ],
          [
            -74.06732,
            40.59776
          ],
          [
            -74.06662,
            40.598
          ],
          [
            -74.06641,
            40.59806
          ],
          [
            -74.06641,
            40.59806
          ],
          [
            -74.06641,
            40.59806
          ],
          [
            -74.06627,
            40.59811
          ],
          [
            -74.06604,
            40.59819
          ],
          [
            -74.06591,
            40.59823
          ],
          [
            -74.06581,
            40.59826
          ],
          [
            -74.06556,
            40.59835
          ],
          [
            -74.06546,
            40.59838
          ],
          [
            -74.06518,
            40.59847
          ],
          [
            -74.06484,
            40.59858
          ],
          [
            -74.06484,
            40.59858
          ],
          [
            -74.06484,
            40.59858
          ],
          [
            -74.06407,
            40.59885
          ],
          [
            -74.06392,
            40.59889
          ],
          [
            -74.06381,
            40.59893
          ],
          [
            -74.06381,
            40.59893
          ],
          [
            -74.06371,
            40.59896
          ],
          [
            -74.06376,
            40.59903
          ],
          [
            -74.06385,
            40.59915
          ],
          [
            -74.06385,
            40.59915
          ],
          [
            -74.06385,
            40.59915
          ],
          [
            -74.06394,
            40.59928
          ],
          [
            -74.06441,
            40.59996
          ],
          [
            -74.06453,
            40.60013
          ],
          [
            -74.06459,
            40.60021
          ],
          [
            -74.06468,
            40.60035
          ],
          [
            -74.06468,
            40.60035
          ],
          [
            -74.0647,
            40.60058
          ],
          [
            -74.06478,
            40.60082
          ],
          [
            -74.06489,
            40.6012
          ],
          [
            -74.06491,
            40.60128
          ],
          [
            -74.06492,
            40.60134
          ],
          [
            -74.06493,
            40.60139
          ],
          [
            -74.06492,
            40.60144
          ],
          [
            -74.06491,
            40.60148
          ],
          [
            -74.0649,
            40.60152
          ],
          [
            -74.06487,
            40.60156
          ],
          [
            -74.06485,
            40.6016
          ],
          [
            -74.06481,
            40.60165
          ],
          [
            -74.06476,
            40.60169
          ],
          [
            -74.06471,
            40.60172
          ],
          [
            -74.06466,
            40.60175
          ],
          [
            -74.06461,
            40.60177
          ],
          [
            -74.06455,
            40.60179
          ],
          [
            -74.06449,
            40.6018
          ],
          [
            -74.06443,
            40.60181
          ],
          [
            -74.06437,
            40.60182
          ],
          [
            -74.06432,
            40.60182
          ],
          [
            -74.06427,
            40.60182
          ],
          [
            -74.06427,
            40.60182
          ],
          [
            -74.0642,
            40.60182
          ],
          [
            -74.06414,
            40.60182
          ],
          [
            -74.06407,
            40.60181
          ],
          [
            -74.06401,
            40.6018
          ],
          [
            -74.06396,
            40.60179
          ],
          [
            -74.0637,
            40.60173
          ],
          [
            -74.06347,
            40.60168
          ],
          [
            -74.06333,
            40.60166
          ],
          [
            -74.06303,
            40.60163
          ],
          [
            -74.06287,
            40.60162
          ],
          [
            -74.0628,
            40.60161
          ],
          [
            -74.06273,
            40.60161
          ],
          [
            -74.06273,
            40.60161
          ],
          [
            -74.06261,
            40.60159
          ],
          [
            -74.06246,
            40.60157
          ],
          [
            -74.06233,
            40.60155
          ],
          [
            -74.0622,
            40.60154
          ],
          [
            -74.06206,
            40.60153
          ],
          [
            -74.06191,
            40.60152
          ],
          [
            -74.06177,
            40.60151
          ],
          [
            -74.06163,
            40.6015
          ],
          [
            -74.06148,
            40.6015
          ],
          [
            -74.06134,
            40.6015
          ],
          [
            -74.06117,
            40.60149
          ],
          [
            -74.0609,
            40.6015
          ],
          [
            -74.06068,
            40.60152
          ],
          [
            -74.06031,
            40.60154
          ],
          [
            -74.05978,
            40.6016
          ],
          [
            -74.05915,
            40.60171
          ],
          [
            -74.05888,
            40.60178
          ],
          [
            -74.05871,
            40.60184
          ],
          [
            -74.05857,
            40.60189
          ],
          [
            -74.05845,
            40.60194
          ],
          [
            -74.05817,
            40.60208
          ],
          [
            -74.05786,
            40.6022
          ],
          [
            -74.05757,
            40.60231
          ],
          [
            -74.0574,
            40.60237
          ],
          [
            -74.05725,
            40.60242
          ],
          [
            -74.05725,
            40.60242
          ],
          [
            -74.05372,
            40.60357
          ],
          [
            -74.05166,
            40.60423
          ],
          [
            -74.04167,
            40.60746
          ],
          [
            -74.03681,
            40.60902
          ],
          [
            -74.03592,
            40.60931
          ],
          [
            -74.03466,
            40.60971
          ],
          [
            -74.03335,
            40.61014
          ],
          [
            -74.03206,
            40.61058
          ],
          [
            -74.03206,
            40.61058
          ],
          [
            -74.03162,
            40.61072
          ],
          [
            -74.03137,
            40.6108
          ],
          [
            -74.03116,
            40.61088
          ],
          [
            -74.03093,
            40.61098
          ],
          [
            -74.03072,
            40.61108
          ],
          [
            -74.03053,
            40.61118
          ],
          [
            -74.03036,
            40.61129
          ],
          [
            -74.03024,
            40.61136
          ],
          [
            -74.03013,
            40.61144
          ],
          [
            -74.03002,
            40.61152
          ],
          [
            -74.02991,
            40.61159
          ],
          [
            -74.02979,
            40.61168
          ],
          [
            -74.02968,
            40.61177
          ],
          [
            -74.02954,
            40.6119
          ],
          [
            -74.02941,
            40.61203
          ],
          [
            -74.02934,
            40.61211
          ],
          [
            -74.02927,
            40.61219
          ],
          [
            -74.0292,
            40.61227
          ],
          [
            -74.02913,
            40.61236
          ],
          [
            -74.02901,
            40.61251
          ],
          [
            -74.0289,
            40.61267
          ],
          [
            -74.02854,
            40.61316
          ],
          [
            -74.02848,
            40.61325
          ],
          [
            -74.0284,
            40.61337
          ],
          [
            -74.02831,
            40.61347
          ],
          [
            -74.02816,
            40.61366
          ],
          [
            -74.02796,
            40.61389
          ],
          [
            -74.02764,
            40.61425
          ],
          [
            -74.02733,
            40.61458
          ],
          [
            -74.02733,
            40.61458
          ],
          [
            -74.02702,
            40.61486
          ],
          [
            -74.02676,
            40.61506
          ],
          [
            -74.02658,
            40.61517
          ],
          [
            -74.02643,
            40.61524
          ],
          [
            -74.02631,
            40.61528
          ],
          [
            -74.02622,
            40.61533
          ],
          [
            -74.02611,
            40.61542
          ],
          [
            -74.02611,
            40.61542
          ],
          [
            -74.0258,
            40.61595
          ],
          [
            -74.02574,
            40.61606
          ],
          [
            -74.02574,
            40.61606
          ],
          [
            -74.02583,
            40.61611
          ],
          [
            -74.02634,
            40.61637
          ],
          [
            -74.02656,
            40.61649
          ],
          [
            -74.02669,
            40.61655
          ],
          [
            -74.02678,
            40.61659
          ],
          [
            -74.02681,
            40.61661
          ],
          [
            -74.02692,
            40.61666
          ],
          [
            -74.02695,
            40.61668
          ],
          [
            -74.0271,
            40.61675
          ],
          [
            -74.02727,
            40.61684
          ],
          [
            -74.02738,
            40.61689
          ],
          [
            -74.02738,
            40.61689
          ],
          [
            -74.02738,
            40.61689
          ],
          [
            -74.02741,
            40.61691
          ],
          [
            -74.02749,
            40.61695
          ],
          [
            -74.02749,
            40.61695
          ],
          [
            -74.02741,
            40.61703
          ],
          [
            -74.02636,
            40.61825
          ],
          [
            -74.02537,
            40.6194
          ],
          [
            -74.02512,
            40.6197
          ],
          [
            -74.02503,
            40.61981
          ],
          [
            -74.02493,
            40.61992
          ],
          [
            -74.02483,
            40.62003
          ],
          [
            -74.02476,
            40.62011
          ],
          [
            -74.02468,
            40.6202
          ],
          [
            -74.02455,
            40.62035
          ],
          [
            -74.02445,
            40.62043
          ],
          [
            -74.02445,
            40.62043
          ],
          [
            -74.02458,
            40.6205
          ],
          [
            -74.02485,
            40.62067
          ],
          [
            -74.02485,
            40.62067
          ],
          [
            -74.02485,
            40.62067
          ],
          [
            -74.02489,
            40.6207
          ],
          [
            -74.02536,
            40.62098
          ],
          [
            -74.02589,
            40.6213
          ],
          [
            -74.02614,
            40.62145
          ],
          [
            -74.02621,
            40.62149
          ],
          [
            -74.02631,
            40.62155
          ],
          [
            -74.02639,
            40.6216
          ],
          [
            -74.02639,
            40.6216
          ],
          [
            -74.02639,
            40.6216
          ],
          [
            -74.02631,
            40.62155
          ],
          [
            -74.02621,
            40.62149
          ],
          [
            -74.02621,
            40.62149
          ],
          [
            -74.02629,
            40.6214
          ],
          [
            -74.02641,
            40.62127
          ],
          [
            -74.02677,
            40.62085
          ],
          [
            -74.02677,
            40.62085
          ],
          [
            -74.02687,
            40.6209
          ],
          [
            -74.02759,
            40.62134
          ],
          [
            -74.02766,
            40.62138
          ],
          [
            -74.02853,
            40.62191
          ],
          [
            -74.02856,
            40.62192
          ],
          [
            -74.02867,
            40.62203
          ],
          [
            -74.02867,
            40.62203
          ],
          [
            -74.02864,
            40.6221
          ],
          [
            -74.02852,
            40.62239
          ],
          [
            -74.02842,
            40.62262
          ],
          [
            -74.02842,
            40.62262
          ]
        ]
      }
    },
    {
      "type": "Feature",
      "properties": {
        "route_id": "S53-E-Day",
        "layer": "T2 Optimal"
      },
      "geometry": {
        "type": "LineString",
        "coordinates": [
          [
            -74.13047,
            40.64007
          ],
          [
            -74.13048,
            40.64008
          ],
          [
            -74.13051,
            40.64009
          ],
          [
            -74.13055,
            40.64011
          ],
          [
            -74.13093,
            40.64031
          ],
          [
            -74.13099,
            40.64034
          ],
          [
            -74.13104,
            40.64036
          ],
          [
            -74.13111,
            40.64038
          ],
          [
            -74.13116,
            40.64039
          ],
          [
            -74.13122,
            40.64041
          ],
          [
            -74.13128,
            40.64041
          ],
          [
            -74.13132,
            40.64042
          ],
          [
            -74.13137,
            40.64042
          ],
          [
            -74.1314,
            40.64041
          ],
          [
            -74.13144,
            40.64041
          ],
          [
            -74.13149,
            40.64039
          ],
          [
            -74.13154,
            40.64039
          ],
          [
            -74.13154,
            40.64039
          ],
          [
            -74.1316,
            40.64031
          ],
          [
            -74.13169,
            40.64018
          ],
          [
            -74.13213,
            40.6396
          ],
          [
            -74.13217,
            40.63954
          ],
          [
            -74.13222,
            40.63949
          ],
          [
            -74.13253,
            40.63908
          ],
          [
            -74.13261,
            40.63899
          ],
          [
            -74.13265,
            40.63893
          ],
          [
            -74.13269,
            40.63888
          ],
          [
            -74.13273,
            40.63883
          ],
          [
            -74.13284,
            40.63869
          ],
          [
            -74.13284,
            40.63869
          ],
          [
            -74.13284,
            40.63869
          ],
          [
            -74.1332,
            40.63821
          ],
          [
            -74.1335,
            40.6378
          ],
          [
            -74.13365,
            40.6376
          ],
          [
            -74.1337,
            40.63754
          ],
          [
            -74.13409,
            40.63698
          ],
          [
            -74.13428,
            40.63674
          ],
          [
            -74.13435,
            40.63663
          ],
          [
            -74.13451,
            40.6364
          ],
          [
            -74.13451,
            40.6364
          ],
          [
            -74.13451,
            40.6364
          ],
          [
            -74.13472,
            40.63611
          ],
          [
            -74.13477,
            40.63603
          ],
          [
            -74.13477,
            40.63603
          ],
          [
            -74.13467,
            40.63601
          ],
          [
            -74.13372,
            40.63554
          ],
          [
            -74.13275,
            40.63508
          ],
          [
            -74.13275,
            40.63508
          ],
          [
            -74.13275,
            40.63508
          ],
          [
            -74.1327,
            40.63505
          ],
          [
            -74.13262,
            40.63501
          ],
          [
            -74.13254,
            40.63498
          ],
          [
            -74.13106,
            40.63426
          ],
          [
            -74.13083,
            40.63415
          ],
          [
            -74.13052,
            40.63404
          ],
          [
            -74.13044,
            40.63402
          ],
          [
            -74.13038,
            40.634
          ],
          [
            -74.1296,
            40.63373
          ],
          [
            -74.1296,
            40.63373
          ],
          [
            -74.1296,
            40.63373
          ],
          [
            -74.12952,
            40.63371
          ],
          [
            -74.12945,
            40.63368
          ],
          [
            -74.12936,
            40.63366
          ],
          [
            -74.12924,
            40.63363
          ],
          [
            -74.12922,
            40.63363
          ],
          [
            -74.12921,
            40.63363
          ],
          [
            -74.12919,
            40.63363
          ],
          [
            -74.12854,
            40.63367
          ],
          [
            -74.12844,
            40.63367
          ],
          [
            -74.12835,
            40.63368
          ],
          [
            -74.12789,
            40.63371
          ],
          [
            -74.12702,
            40.63378
          ],
          [
            -74.12674,
            40.6338
          ],
          [
            -74.1263,
            40.63384
          ],
          [
            -74.12604,
            40.63386
          ],
          [
            -74.12595,
            40.63386
          ],
          [
            -74.12595,
            40.63386
          ],
          [
            -74.12593,
            40.63379
          ],
          [
            -74.12587,
            40.63355
          ],
          [
            -74.12587,
            40.63355
          ],
          [
            -74.1258,
            40.63356
          ],
          [
            -74.12568,
            40.63357
          ],
          [
            -74.12539,
            40.63359
          ],
          [
            -74.12541,
            40.63375
          ],
          [
            -74.12542,
            40.63383
          ],
          [
            -74.12542,
            40.63383
          ],
          [
            -74.12543,
            40.63384
          ],
          [
            -74.12543,
            40.6339
          ],
          [
            -74.12543,
            40.6339
          ],
          [
            -74.12513,
            40.63392
          ],
          [
            -74.12493,
            40.63394
          ],
          [
            -74.1247,
            40.63395
          ],
          [
            -74.12423,
            40.63399
          ],
          [
            -74.12415,
            40.63399
          ],
          [
            -74.12408,
            40.634
          ],
          [
            -74.12369,
            40.63403
          ],
          [
            -74.12314,
            40.63407
          ],
          [
            -74.12307,
            40.63408
          ],
          [
            -74.12299,
            40.63408
          ],
          [
            -74.12273,
            40.6341
          ],
          [
            -74.12273,
            40.6341
          ],
          [
            -74.12273,
            40.6341
          ],
          [
            -74.12194,
            40.63416
          ],
          [
            -74.12178,
            40.63417
          ],
          [
            -74.12153,
            40.6342
          ],
          [
            -74.12123,
            40.63422
          ],
          [
            -74.121,
            40.63424
          ],
          [
            -74.12064,
            40.63426
          ],
          [
            -74.12032,
            40.63429
          ],
          [
            -74.12024,
            40.6343
          ],
          [
            -74.12015,
            40.63431
          ],
          [
            -74.12011,
            40.63431
          ],
          [
            -74.11999,
            40.63432
          ],
          [
            -74.11999,
            40.63432
          ],
          [
            -74.11999,
            40.63432
          ],
          [
            -74.11943,
            40.63436
          ],
          [
            -74.11856,
            40.63444
          ],
          [
            -74.11849,
            40.63445
          ],
          [
            -74.11789,
            40.63451
          ],
          [
            -74.11781,
            40.63452
          ],
          [
            -74.11774,
            40.63453
          ],
          [
            -74.11733,
            40.63457
          ],
          [
            -74.11733,
            40.63457
          ],
          [
            -74.11732,
            40.63457
          ],
          [
            -74.11721,
            40.63457
          ],
          [
            -74.11721,
            40.63457
          ],
          [
            -74.11716,
            40.6345
          ],
          [
            -74.11708,
            40.63401
          ],
          [
            -74.11705,
            40.63382
          ],
          [
            -74.11697,
            40.63336
          ],
          [
            -74.1169,
            40.63303
          ],
          [
            -74.11689,
            40.63297
          ],
          [
            -74.11685,
            40.63278
          ],
          [
            -74.11685,
            40.63278
          ],
          [
            -74.11685,
            40.63278
          ],
          [
            -74.11685,
            40.63276
          ],
          [
            -74.11684,
            40.63268
          ],
          [
            -74.11682,
            40.63261
          ],
          [
            -74.11668,
            40.63177
          ],
          [
            -74.11667,
            40.63171
          ],
          [
            -74.11666,
            40.63165
          ],
          [
            -74.11652,
            40.63083
          ],
          [
            -74.11652,
            40.63083
          ],
          [
            -74.11652,
            40.63083
          ],
          [
            -74.11652,
            40.63082
          ],
          [
            -74.11651,
            40.63076
          ],
          [
            -74.1165,
            40.63069
          ],
          [
            -74.11635,
            40.62984
          ],
          [
            -74.11626,
            40.62934
          ],
          [
            -74.11624,
            40.62921
          ],
          [
            -74.11621,
            40.62905
          ],
          [
            -74.11621,
            40.62905
          ],
          [
            -74.11621,
            40.62905
          ],
          [
            -74.11621,
            40.62902
          ],
          [
            -74.1162,
            40.62894
          ],
          [
            -74.11618,
            40.62886
          ],
          [
            -74.11617,
            40.6288
          ],
          [
            -74.11616,
            40.62873
          ],
          [
            -74.11611,
            40.62857
          ],
          [
            -74.11595,
            40.62823
          ],
          [
            -74.11589,
            40.62809
          ],
          [
            -74.11561,
            40.62755
          ],
          [
            -74.11545,
            40.62722
          ],
          [
            -74.11532,
            40.62697
          ],
          [
            -74.11532,
            40.62697
          ],
          [
            -74.11532,
            40.62697
          ],
          [
            -74.11527,
            40.62689
          ],
          [
            -74.11525,
            40.62683
          ],
          [
            -74.11501,
            40.62638
          ],
          [
            -74.11475,
            40.62588
          ],
          [
            -74.11472,
            40.62582
          ],
          [
            -74.11457,
            40.62554
          ],
          [
            -74.11457,
            40.62554
          ],
          [
            -74.11457,
            40.62554
          ],
          [
            -74.11452,
            40.62543
          ],
          [
            -74.11432,
            40.62506
          ],
          [
            -74.11414,
            40.6247
          ],
          [
            -74.11407,
            40.62458
          ],
          [
            -74.11393,
            40.62433
          ],
          [
            -74.11359,
            40.6237
          ],
          [
            -74.11341,
            40.62335
          ],
          [
            -74.11341,
            40.62335
          ],
          [
            -74.11341,
            40.62335
          ],
          [
            -74.11334,
            40.62321
          ],
          [
            -74.11331,
            40.62304
          ],
          [
            -74.11331,
            40.62304
          ],
          [
            -74.11325,
            40.623
          ],
          [
            -74.11294,
            40.62278
          ],
          [
            -74.11293,
            40.62277
          ],
          [
            -74.11265,
            40.62249
          ],
          [
            -74.1126,
            40.62245
          ],
          [
            -74.11239,
            40.62228
          ],
          [
            -74.11207,
            40.62202
          ],
          [
            -74.11153,
            40.6216
          ],
          [
            -74.11094,
            40.6212
          ],
          [
            -74.11081,
            40.62112
          ],
          [
            -74.11023,
            40.62081
          ],
          [
            -74.1102,
            40.62079
          ],
          [
            -74.11002,
            40.62069
          ],
          [
            -74.10992,
            40.62064
          ],
          [
            -74.10984,
            40.62061
          ],
          [
            -74.10984,
            40.62061
          ],
          [
            -74.1099,
            40.62054
          ],
          [
            -74.10991,
            40.62051
          ],
          [
            -74.10989,
            40.62048
          ],
          [
            -74.10982,
            40.62044
          ],
          [
            -74.10982,
            40.62044
          ],
          [
            -74.10982,
            40.62044
          ],
          [
            -74.10973,
            40.6204
          ],
          [
            -74.10966,
            40.62039
          ],
          [
            -74.10961,
            40.62041
          ],
          [
            -74.10956,
            40.62049
          ],
          [
            -74.10956,
            40.62049
          ],
          [
            -74.10929,
            40.62037
          ],
          [
            -74.10915,
            40.62031
          ],
          [
            -74.10887,
            40.6202
          ],
          [
            -74.10863,
            40.62009
          ],
          [
            -74.10782,
            40.61973
          ],
          [
            -74.10775,
            40.6197
          ],
          [
            -74.10767,
            40.61967
          ],
          [
            -74.10746,
            40.61958
          ],
          [
            -74.10746,
            40.61958
          ],
          [
            -74.10746,
            40.61958
          ],
          [
            -74.1073,
            40.61951
          ],
          [
            -74.10723,
            40.61948
          ],
          [
            -74.10664,
            40.61923
          ],
          [
            -74.10631,
            40.61909
          ],
          [
            -74.10611,
            40.619
          ],
          [
            -74.10601,
            40.61895
          ],
          [
            -74.10585,
            40.61885
          ],
          [
            -74.10573,
            40.61876
          ],
          [
            -74.10556,
            40.61863
          ],
          [
            -74.10549,
            40.61856
          ],
          [
            -74.10524,
            40.61834
          ],
          [
            -74.10519,
            40.61829
          ],
          [
            -74.10512,
            40.61822
          ],
          [
            -74.10503,
            40.61812
          ],
          [
            -74.10503,
            40.61812
          ],
          [
            -74.10503,
            40.61812
          ],
          [
            -74.10495,
            40.61802
          ],
          [
            -74.10458,
            40.61761
          ],
          [
            -74.10416,
            40.61715
          ],
          [
            -74.10414,
            40.61707
          ],
          [
            -74.10375,
            40.61663
          ],
          [
            -74.10368,
            40.61655
          ],
          [
            -74.10366,
            40.61652
          ],
          [
            -74.10363,
            40.6165
          ],
          [
            -74.10352,
            40.61642
          ],
          [
            -74.10344,
            40.61632
          ],
          [
            -74.10342,
            40.6163
          ],
          [
            -74.1033,
            40.61613
          ],
          [
            -74.10321,
            40.61603
          ],
          [
            -74.10319,
            40.616
          ],
          [
            -74.10312,
            40.61592
          ],
          [
            -74.10302,
            40.61579
          ],
          [
            -74.10285,
            40.61557
          ],
          [
            -74.10285,
            40.61557
          ],
          [
            -74.10296,
            40.61553
          ],
          [
            -74.10302,
            40.6155
          ],
          [
            -74.10303,
            40.6155
          ],
          [
            -74.10305,
            40.61551
          ],
          [
            -74.10306,
            40.61552
          ],
          [
            -74.10312,
            40.6156
          ],
          [
            -74.10312,
            40.6156
          ],
          [
            -74.10312,
            40.6156
          ],
          [
            -74.10306,
            40.61552
          ],
          [
            -74.10305,
            40.61551
          ],
          [
            -74.10303,
            40.6155
          ],
          [
            -74.10302,
            40.6155
          ],
          [
            -74.10296,
            40.61553
          ],
          [
            -74.10285,
            40.61557
          ],
          [
            -74.10285,
            40.61557
          ],
          [
            -74.10273,
            40.61542
          ],
          [
            -74.10265,
            40.61532
          ],
          [
            -74.10256,
            40.6152
          ],
          [
            -74.1021,
            40.61461
          ],
          [
            -74.10179,
            40.61438
          ],
          [
            -74.10179,
            40.61438
          ],
          [
            -74.10179,
            40.61438
          ],
          [
            -74.10126,
            40.61399
          ],
          [
            -74.10077,
            40.61363
          ],
          [
            -74.10067,
            40.61356
          ],
          [
            -74.10061,
            40.61352
          ],
          [
            -74.10054,
            40.61347
          ],
          [
            -74.10047,
            40.61341
          ],
          [
            -74.10047,
            40.61341
          ],
          [
            -74.10047,
            40.61341
          ],
          [
            -74.10043,
            40.61338
          ],
          [
            -74.10035,
            40.61332
          ],
          [
            -74.10008,
            40.61312
          ],
          [
            -74.09988,
            40.61292
          ],
          [
            -74.09961,
            40.61267
          ],
          [
            -74.09941,
            40.6125
          ],
          [
            -74.09935,
            40.61243
          ],
          [
            -74.09929,
            40.61236
          ],
          [
            -74.09923,
            40.61228
          ],
          [
            -74.09923,
            40.61228
          ],
          [
            -74.09923,
            40.61228
          ],
          [
            -74.09911,
            40.61212
          ],
          [
            -74.09891,
            40.61186
          ],
          [
            -74.09885,
            40.61179
          ],
          [
            -74.09864,
            40.61152
          ],
          [
            -74.09858,
            40.61145
          ],
          [
            -74.0985,
            40.61136
          ],
          [
            -74.09841,
            40.61126
          ],
          [
            -74.09834,
            40.61119
          ],
          [
            -74.09819,
            40.61103
          ],
          [
            -74.0981,
            40.61096
          ],
          [
            -74.09803,
            40.61089
          ],
          [
            -74.09787,
            40.61073
          ],
          [
            -74.09768,
            40.61054
          ],
          [
            -74.09756,
            40.61041
          ],
          [
            -74.09756,
            40.61041
          ],
          [
            -74.09756,
            40.61041
          ],
          [
            -74.0975,
            40.61035
          ],
          [
            -74.09741,
            40.61027
          ],
          [
            -74.09729,
            40.61027
          ],
          [
            -74.09707,
            40.61027
          ],
          [
            -74.09693,
            40.61028
          ],
          [
            -74.09682,
            40.61029
          ],
          [
            -74.09672,
            40.61029
          ],
          [
            -74.0966,
            40.6103
          ],
          [
            -74.0965,
            40.6103
          ],
          [
            -74.09639,
            40.6103
          ],
          [
            -74.09625,
            40.6103
          ],
          [
            -74.09609,
            40.61029
          ],
          [
            -74.09594,
            40.61029
          ],
          [
            -74.09579,
            40.61028
          ],
          [
            -74.09562,
            40.61027
          ],
          [
            -74.09543,
            40.61025
          ],
          [
            -74.09523,
            40.61023
          ],
          [
            -74.09508,
            40.61021
          ],
          [
            -74.09493,
            40.61019
          ],
          [
            -74.09479,
            40.61017
          ],
          [
            -74.09464,
            40.61014
          ],
          [
            -74.0945,
            40.61012
          ],
          [
            -74.09437,
            40.61009
          ],
          [
            -74.09422,
            40.61006
          ],
          [
            -74.09409,
            40.61003
          ],
          [
            -74.09369,
            40.60994
          ],
          [
            -74.09354,
            40.60989
          ],
          [
            -74.0934,
            40.60985
          ],
          [
            -74.09327,
            40.60981
          ],
          [
            -74.09314,
            40.60977
          ],
          [
            -74.093,
            40.60973
          ],
          [
            -74.09287,
            40.60968
          ],
          [
            -74.09274,
            40.60963
          ],
          [
            -74.09261,
            40.60958
          ],
          [
            -74.09248,
            40.60953
          ],
          [
            -74.09236,
            40.60948
          ],
          [
            -74.09223,
            40.60943
          ],
          [
            -74.09161,
            40.60916
          ],
          [
            -74.09161,
            40.60916
          ],
          [
            -74.09136,
            40.60897
          ],
          [
            -74.09118,
            40.60881
          ],
          [
            -74.09118,
            40.60881
          ],
          [
            -74.09108,
            40.60872
          ],
          [
            -74.09107,
            40.60872
          ],
          [
            -74.09104,
            40.60869
          ],
          [
            -74.09096,
            40.60863
          ],
          [
            -74.09089,
            40.60858
          ],
          [
            -74.09084,
            40.60855
          ],
          [
            -74.09074,
            40.60848
          ],
          [
            -74.0906,
            40.60839
          ],
          [
            -74.09056,
            40.60837
          ],
          [
            -74.09018,
            40.60814
          ],
          [
            -74.08974,
            40.60788
          ],
          [
            -74.08952,
            40.60775
          ],
          [
            -74.08952,
            40.60775
          ],
          [
            -74.08952,
            40.60775
          ],
          [
            -74.08944,
            40.6077
          ],
          [
            -74.08936,
            40.60765
          ],
          [
            -74.08918,
            40.60755
          ],
          [
            -74.08906,
            40.60748
          ],
          [
            -74.08895,
            40.60741
          ],
          [
            -74.08876,
            40.6073
          ],
          [
            -74.08856,
            40.60719
          ],
          [
            -74.08839,
            40.60709
          ],
          [
            -74.08804,
            40.60688
          ],
          [
            -74.08773,
            40.6067
          ],
          [
            -74.08773,
            40.6067
          ],
          [
            -74.08773,
            40.6067
          ],
          [
            -74.08733,
            40.60646
          ],
          [
            -74.08662,
            40.60605
          ],
          [
            -74.08625,
            40.60583
          ],
          [
            -74.08625,
            40.60583
          ],
          [
            -74.08625,
            40.60583
          ],
          [
            -74.0859,
            40.60563
          ],
          [
            -74.08518,
            40.60522
          ],
          [
            -74.0849,
            40.60506
          ],
          [
            -74.0849,
            40.60506
          ],
          [
            -74.0849,
            40.60506
          ],
          [
            -74.08452,
            40.60484
          ],
          [
            -74.08447,
            40.6048
          ],
          [
            -74.08439,
            40.60475
          ],
          [
            -74.08418,
            40.60463
          ],
          [
            -74.08415,
            40.60461
          ],
          [
            -74.08412,
            40.60459
          ],
          [
            -74.0841,
            40.60457
          ],
          [
            -74.08408,
            40.60455
          ],
          [
            -74.08406,
            40.60452
          ],
          [
            -74.08387,
            40.60425
          ],
          [
            -74.08381,
            40.60417
          ],
          [
            -74.08366,
            40.60395
          ],
          [
            -74.08362,
            40.6039
          ],
          [
            -74.08353,
            40.60377
          ],
          [
            -74.08345,
            40.60366
          ],
          [
            -74.08345,
            40.60366
          ],
          [
            -74.08345,
            40.60366
          ],
          [
            -74.08342,
            40.60362
          ],
          [
            -74.08327,
            40.6034
          ],
          [
            -74.08304,
            40.60308
          ],
          [
            -74.08292,
            40.60291
          ],
          [
            -74.08273,
            40.60265
          ],
          [
            -74.08239,
            40.60218
          ],
          [
            -74.08234,
            40.6021
          ],
          [
            -74.08218,
            40.60194
          ],
          [
            -74.08206,
            40.60182
          ],
          [
            -74.08204,
            40.60179
          ],
          [
            -74.0819,
            40.60162
          ],
          [
            -74.0819,
            40.60162
          ],
          [
            -74.0819,
            40.60162
          ],
          [
            -74.08185,
            40.60155
          ],
          [
            -74.08144,
            40.601
          ],
          [
            -74.08141,
            40.60096
          ],
          [
            -74.08139,
            40.60093
          ],
          [
            -74.08137,
            40.60089
          ],
          [
            -74.08134,
            40.60085
          ],
          [
            -74.08132,
            40.6008
          ],
          [
            -74.0813,
            40.60075
          ],
          [
            -74.08124,
            40.6006
          ],
          [
            -74.08121,
            40.60053
          ],
          [
            -74.0812,
            40.60046
          ],
          [
            -74.08118,
            40.60039
          ],
          [
            -74.08117,
            40.6003
          ],
          [
            -74.08115,
            40.60021
          ],
          [
            -74.08115,
            40.60015
          ],
          [
            -74.08115,
            40.60008
          ],
          [
            -74.08115,
            40.6
          ],
          [
            -74.08116,
            40.59992
          ],
          [
            -74.08116,
            40.59984
          ],
          [
            -74.08118,
            40.59976
          ],
          [
            -74.0812,
            40.59968
          ],
          [
            -74.08122,
            40.5996
          ],
          [
            -74.08124,
            40.59954
          ],
          [
            -74.08127,
            40.59947
          ],
          [
            -74.0813,
            40.59941
          ],
          [
            -74.08134,
            40.59934
          ],
          [
            -74.08142,
            40.59922
          ],
          [
            -74.08156,
            40.59909
          ],
          [
            -74.08161,
            40.59904
          ],
          [
            -74.08164,
            40.59898
          ],
          [
            -74.08167,
            40.59892
          ],
          [
            -74.0817,
            40.59887
          ],
          [
            -74.08172,
            40.59881
          ],
          [
            -74.08174,
            40.59876
          ],
          [
            -74.08175,
            40.59873
          ],
          [
            -74.08175,
            40.59869
          ],
          [
            -74.08174,
            40.59863
          ],
          [
            -74.08174,
            40.59863
          ],
          [
            -74.0817,
            40.59851
          ],
          [
            -74.08158,
            40.59853
          ],
          [
            -74.08148,
            40.59854
          ],
          [
            -74.08137,
            40.59855
          ],
          [
            -74.08137,
            40.59855
          ],
          [
            -74.08134,
            40.59848
          ],
          [
            -74.08134,
            40.59848
          ],
          [
            -74.08134,
            40.59848
          ],
          [
            -74.08133,
            40.59846
          ],
          [
            -74.08133,
            40.59846
          ],
          [
            -74.08123,
            40.59831
          ],
          [
            -74.08128,
            40.59829
          ],
          [
            -74.08141,
            40.59825
          ],
          [
            -74.08146,
            40.59823
          ],
          [
            -74.08153,
            40.5982
          ],
          [
            -74.08153,
            40.5982
          ],
          [
            -74.08165,
            40.5984
          ],
          [
            -74.08168,
            40.59843
          ],
          [
            -74.0817,
            40.59851
          ],
          [
            -74.0817,
            40.59851
          ],
          [
            -74.08158,
            40.59853
          ],
          [
            -74.08148,
            40.59854
          ],
          [
            -74.08137,
            40.59855
          ],
          [
            -74.08126,
            40.59856
          ],
          [
            -74.08112,
            40.59857
          ],
          [
            -74.08097,
            40.59857
          ],
          [
            -74.0807,
            40.59856
          ],
          [
            -74.08052,
            40.59855
          ],
          [
            -74.08038,
            40.59855
          ],
          [
            -74.08025,
            40.59854
          ],
          [
            -74.08013,
            40.59854
          ],
          [
            -74.07999,
            40.59853
          ],
          [
            -74.07985,
            40.59852
          ],
          [
            -74.07972,
            40.5985
          ],
          [
            -74.0796,
            40.59849
          ],
          [
            -74.07932,
            40.59848
          ],
          [
            -74.07911,
            40.59847
          ],
          [
            -74.07911,
            40.59847
          ],
          [
            -74.07911,
            40.59847
          ],
          [
            -74.07867,
            40.59844
          ],
          [
            -74.07861,
            40.59844
          ],
          [
            -74.07849,
            40.59843
          ],
          [
            -74.07832,
            40.59842
          ],
          [
            -74.07772,
            40.59841
          ],
          [
            -74.07757,
            40.59841
          ],
          [
            -74.07742,
            40.5984
          ],
          [
            -74.07705,
            40.59838
          ],
          [
            -74.07694,
            40.59836
          ],
          [
            -74.0768,
            40.59832
          ],
          [
            -74.07667,
            40.59828
          ],
          [
            -74.07656,
            40.59824
          ],
          [
            -74.07646,
            40.5982
          ],
          [
            -74.07616,
            40.59808
          ],
          [
            -74.07616,
            40.59808
          ],
          [
            -74.07616,
            40.59808
          ],
          [
            -74.07604,
            40.59803
          ],
          [
            -74.07555,
            40.59783
          ],
          [
            -74.07543,
            40.59778
          ],
          [
            -74.07532,
            40.59774
          ],
          [
            -74.07524,
            40.59771
          ],
          [
            -74.07515,
            40.59768
          ],
          [
            -74.07507,
            40.59766
          ],
          [
            -74.07498,
            40.59764
          ],
          [
            -74.0749,
            40.59763
          ],
          [
            -74.07482,
            40.59761
          ],
          [
            -74.07473,
            40.5976
          ],
          [
            -74.07464,
            40.5976
          ],
          [
            -74.07456,
            40.59759
          ],
          [
            -74.07448,
            40.59759
          ],
          [
            -74.0744,
            40.59759
          ],
          [
            -74.07431,
            40.59759
          ],
          [
            -74.07422,
            40.5976
          ],
          [
            -74.07415,
            40.59761
          ],
          [
            -74.07406,
            40.59762
          ],
          [
            -74.07397,
            40.59763
          ],
          [
            -74.07388,
            40.59765
          ],
          [
            -74.07388,
            40.59765
          ],
          [
            -74.07383,
            40.59756
          ],
          [
            -74.07383,
            40.59756
          ],
          [
            -74.07383,
            40.59756
          ],
          [
            -74.07388,
            40.59765
          ],
          [
            -74.07388,
            40.59765
          ],
          [
            -74.07382,
            40.59766
          ],
          [
            -74.07373,
            40.59769
          ],
          [
            -74.07366,
            40.59771
          ],
          [
            -74.07358,
            40.59773
          ],
          [
            -74.07351,
            40.59776
          ],
          [
            -74.07344,
            40.59779
          ],
          [
            -74.07338,
            40.59782
          ],
          [
            -74.07331,
            40.59785
          ],
          [
            -74.07325,
            40.59788
          ],
          [
            -74.07318,
            40.59792
          ],
          [
            -74.07312,
            40.59795
          ],
          [
            -74.07307,
            40.59799
          ],
          [
            -74.07301,
            40.59804
          ],
          [
            -74.07295,
            40.59808
          ],
          [
            -74.0729,
            40.59812
          ],
          [
            -74.07285,
            40.59817
          ],
          [
            -74.0728,
            40.59821
          ],
          [
            -74.07274,
            40.59826
          ],
          [
            -74.07267,
            40.59833
          ],
          [
            -74.07262,
            40.59838
          ],
          [
            -74.07258,
            40.59843
          ],
          [
            -74.07255,
            40.59846
          ],
          [
            -74.07255,
            40.59846
          ],
          [
            -74.07255,
            40.59846
          ],
          [
            -74.07253,
            40.59848
          ],
          [
            -74.07245,
            40.59859
          ],
          [
            -74.0724,
            40.59866
          ],
          [
            -74.0724,
            40.59866
          ],
          [
            -74.07224,
            40.59867
          ],
          [
            -74.07219,
            40.59867
          ],
          [
            -74.07216,
            40.59867
          ],
          [
            -74.07212,
            40.59867
          ],
          [
            -74.07208,
            40.59866
          ],
          [
            -74.07204,
            40.59865
          ],
          [
            -74.07202,
            40.59863
          ],
          [
            -74.07194,
            40.59858
          ],
          [
            -74.07194,
            40.59858
          ],
          [
            -74.07197,
            40.59838
          ],
          [
            -74.07199,
            40.59827
          ],
          [
            -74.07199,
            40.59823
          ],
          [
            -74.07199,
            40.59823
          ],
          [
            -74.07199,
            40.59823
          ],
          [
            -74.072,
            40.59819
          ],
          [
            -74.072,
            40.59815
          ],
          [
            -74.07199,
            40.59811
          ],
          [
            -74.07198,
            40.59807
          ],
          [
            -74.07197,
            40.59803
          ],
          [
            -74.07195,
            40.59799
          ],
          [
            -74.07193,
            40.59796
          ],
          [
            -74.0719,
            40.59792
          ],
          [
            -74.07187,
            40.59789
          ],
          [
            -74.07185,
            40.59787
          ],
          [
            -74.07177,
            40.59781
          ],
          [
            -74.07169,
            40.59776
          ],
          [
            -74.07104,
            40.59739
          ],
          [
            -74.07096,
            40.59734
          ],
          [
            -74.07091,
            40.59729
          ],
          [
            -74.07077,
            40.59712
          ],
          [
            -74.07051,
            40.59681
          ],
          [
            -74.07044,
            40.59674
          ],
          [
            -74.07044,
            40.59674
          ],
          [
            -74.07033,
            40.59677
          ],
          [
            -74.07013,
            40.59684
          ],
          [
            -74.07013,
            40.59684
          ],
          [
            -74.07013,
            40.59684
          ],
          [
            -74.07008,
            40.59685
          ],
          [
            -74.06996,
            40.59689
          ],
          [
            -74.06957,
            40.59702
          ],
          [
            -74.06893,
            40.59723
          ],
          [
            -74.06879,
            40.59728
          ],
          [
            -74.06879,
            40.59728
          ],
          [
            -74.06879,
            40.59728
          ],
          [
            -74.06835,
            40.59742
          ],
          [
            -74.0674,
            40.59773
          ],
          [
            -74.06732,
            40.59776
          ],
          [
            -74.06662,
            40.598
          ],
          [
            -74.06641,
            40.59806
          ],
          [
            -74.06641,
            40.59806
          ],
          [
            -74.06641,
            40.59806
          ],
          [
            -74.06627,
            40.59811
          ],
          [
            -74.06604,
            40.59819
          ],
          [
            -74.06591,
            40.59823
          ],
          [
            -74.06581,
            40.59826
          ],
          [
            -74.06556,
            40.59835
          ],
          [
            -74.06546,
            40.59838
          ],
          [
            -74.06518,
            40.59847
          ],
          [
            -74.06484,
            40.59858
          ],
          [
            -74.06484,
            40.59858
          ],
          [
            -74.06484,
            40.59858
          ],
          [
            -74.06407,
            40.59885
          ],
          [
            -74.06392,
            40.59889
          ],
          [
            -74.06381,
            40.59893
          ],
          [
            -74.06381,
            40.59893
          ],
          [
            -74.06371,
            40.59896
          ],
          [
            -74.06376,
            40.59903
          ],
          [
            -74.06385,
            40.59915
          ],
          [
            -74.06385,
            40.59915
          ]
        ]
      }
    }
  ]
}