{
  "type": "FeatureCollection",
  "features": [
    {
      "type": "Feature",
      "properties": {
        "route_id": "Q58-W-RushHour",
        "layer": "T1 Original"
      },
      "geometry": {
        "type": "LineString",
        "coordinates": [
          [
            -73.82933,
            40.75743
          ],
          [
            -73.82927,
            40.75746
          ],
          [
            -73.82913,
            40.75752
          ],
          [
            -73.82913,
            40.75752
          ],
          [
            -73.8291,
            40.75744
          ],
          [
            -73.8289,
            40.75696
          ],
          [
            -73.82881,
            40.75674
          ],
          [
            -73.82879,
            40.75667
          ],
          [
            -73.82879,
            40.75667
          ],
          [
            -73.82892,
            40.75661
          ],
          [
            -73.82932,
            40.75642
          ],
          [
            -73.82972,
            40.75624
          ],
          [
            -73.83068,
            40.75579
          ],
          [
            -73.83076,
            40.75575
          ],
          [
            -73.83083,
            40.75572
          ],
          [
            -73.83144,
            40.75543
          ],
          [
            -73.83157,
            40.75538
          ],
          [
            -73.83278,
            40.75479
          ],
          [
            -73.83293,
            40.75473
          ],
          [
            -73.83296,
            40.75471
          ],
          [
            -73.83306,
            40.75469
          ],
          [
            -73.83306,
            40.75469
          ],
          [
            -73.83318,
            40.75467
          ],
          [
            -73.83316,
            40.7546
          ],
          [
            -73.83308,
            40.75434
          ],
          [
            -73.83308,
            40.75434
          ],
          [
            -73.83308,
            40.75434
          ],
          [
            -73.83304,
            40.75421
          ],
          [
            -73.83292,
            40.75382
          ],
          [
            -73.8329,
            40.75378
          ],
          [
            -73.83288,
            40.75371
          ],
          [
            -73.83287,
            40.75367
          ],
          [
            -73.83279,
            40.75342
          ],
          [
            -73.83276,
            40.75328
          ],
          [
            -73.83271,
            40.75315
          ],
          [
            -73.83268,
            40.75302
          ],
          [
            -73.83266,
            40.75297
          ],
          [
            -73.83251,
            40.75247
          ],
          [
            -73.83249,
            40.75239
          ],
          [
            -73.83247,
            40.75232
          ],
          [
            -73.83245,
            40.75227
          ],
          [
            -73.83238,
            40.752
          ],
          [
            -73.83235,
            40.75193
          ],
          [
            -73.83232,
            40.75173
          ],
          [
            -73.83233,
            40.75158
          ],
          [
            -73.83235,
            40.75148
          ],
          [
            -73.83243,
            40.75113
          ],
          [
            -73.83272,
            40.74993
          ],
          [
            -73.83307,
            40.74842
          ],
          [
            -73.83309,
            40.74835
          ],
          [
            -73.83311,
            40.74828
          ],
          [
            -73.83314,
            40.74822
          ],
          [
            -73.83317,
            40.74817
          ],
          [
            -73.83319,
            40.74813
          ],
          [
            -73.83324,
            40.74807
          ],
          [
            -73.8333,
            40.74802
          ],
          [
            -73.83338,
            40.74796
          ],
          [
            -73.83346,
            40.74791
          ],
          [
            -73.83406,
            40.74754
          ],
          [
            -73.8342,
            40.74746
          ],
          [
            -73.83424,
            40.74743
          ],
          [
            -73.83432,
            40.74738
          ],
          [
            -73.83439,
            40.74733
          ],
          [
            -73.83446,
            40.74727
          ],
          [
            -73.83452,
            40.74721
          ],
          [
            -73.83458,
            40.74715
          ],
          [
            -73.83464,
            40.74709
          ],
          [
            -73.83469,
            40.74702
          ],
          [
            -73.83472,
            40.74698
          ],
          [
            -73.83476,
            40.74691
          ],
          [
            -73.83479,
            40.74686
          ],
          [
            -73.83481,
            40.74682
          ],
          [
            -73.83526,
            40.74599
          ],
          [
            -73.83526,
            40.74599
          ],
          [
            -73.83526,
            40.74599
          ],
          [
            -73.83546,
            40.74563
          ],
          [
            -73.8355,
            40.74556
          ],
          [
            -73.8355,
            40.74556
          ],
          [
            -73.83537,
            40.74552
          ],
          [
            -73.835,
            40.7462
          ],
          [
            -73.83467,
            40.7468
          ],
          [
            -73.83465,
            40.74684
          ],
          [
            -73.83462,
            40.74688
          ],
          [
            -73.83458,
            40.74695
          ],
          [
            -73.83456,
            40.74697
          ],
          [
            -73.8345,
            40.74706
          ],
          [
            -73.83444,
            40.74712
          ],
          [
            -73.83437,
            40.74718
          ],
          [
            -73.83429,
            40.74725
          ],
          [
            -73.8342,
            40.74731
          ],
          [
            -73.8341,
            40.74738
          ],
          [
            -73.83398,
            40.74745
          ],
          [
            -73.83358,
            40.74769
          ],
          [
            -73.83337,
            40.74783
          ],
          [
            -73.83326,
            40.7479
          ],
          [
            -73.83322,
            40.74793
          ],
          [
            -73.83317,
            40.74797
          ],
          [
            -73.83312,
            40.74801
          ],
          [
            -73.83309,
            40.74804
          ],
          [
            -73.83306,
            40.74808
          ],
          [
            -73.83303,
            40.74813
          ],
          [
            -73.833,
            40.74819
          ],
          [
            -73.83298,
            40.74824
          ],
          [
            -73.83296,
            40.74831
          ],
          [
            -73.83294,
            40.74841
          ],
          [
            -73.83273,
            40.74925
          ],
          [
            -73.8327,
            40.74938
          ],
          [
            -73.83258,
            40.74991
          ],
          [
            -73.8322,
            40.75145
          ],
          [
            -73.83218,
            40.75155
          ],
          [
            -73.83217,
            40.75163
          ],
          [
            -73.83217,
            40.75172
          ],
          [
            -73.8322,
            40.75187
          ],
          [
            -73.83221,
            40.75195
          ],
          [
            -73.83224,
            40.75203
          ],
          [
            -73.83226,
            40.75211
          ],
          [
            -73.83229,
            40.75222
          ],
          [
            -73.83232,
            40.75232
          ],
          [
            -73.83234,
            40.75238
          ],
          [
            -73.83234,
            40.75238
          ],
          [
            -73.83249,
            40.75239
          ],
          [
            -73.83247,
            40.75232
          ],
          [
            -73.83245,
            40.75227
          ],
          [
            -73.83238,
            40.752
          ],
          [
            -73.83238,
            40.752
          ],
          [
            -73.83238,
            40.752
          ],
          [
            -73.83235,
            40.75193
          ],
          [
            -73.83232,
            40.75173
          ],
          [
            -73.83233,
            40.75158
          ],
          [
            -73.83235,
            40.75148
          ],
          [
            -73.83243,
            40.75113
          ],
          [
            -73.83272,
            40.74993
          ],
          [
            -73.83307,
            40.74842
          ],
          [
            -73.83309,
            40.74835
          ],
          [
            -73.83311,
            40.74828
          ],
          [
            -73.83314,
            40.74822
          ],
          [
            -73.83317,
            40.74817
          ],
          [
            -73.83319,
            40.74813
          ],
          [
            -73.83324,
            40.74807
          ],
          [
            -73.8333,
            40.74802
          ],
          [
            -73.83338,
            40.74796
          ],
          [
            -73.83346,
            40.74791
          ],
          [
            -73.83406,
            40.74754
          ],
          [
            -73.8342,
            40.74746
          ],
          [
            -73.83424,
            40.74743
          ],
          [
            -73.83432,
            40.74738
          ],
          [
            -73.83439,
            40.74733
          ],
          [
            -73.83446,
            40.74727
          ],
          [
            -73.83452,
            40.74721
          ],
          [
            -73.83458,
            40.74715
          ],
          [
            -73.83464,
            40.74709
          ],
          [
            -73.83469,
            40.74702
          ],
          [
            -73.83472,
            40.74698
          ],
          [
            -73.83476,
            40.74691
          ],
          [
            -73.83479,
            40.74686
          ],
          [
            -73.83481,
            40.74682
          ],
          [
            -73.83491,
            40.74664
          ],
          [
            -73.83491,
            40.74664
          ],
          [
            -73.83491,
            40.74664
          ],
          [
            -73.83546,
            40.74563
          ],
          [
            -73.8355,
            40.74556
          ],
          [
            -73.83559,
            40.7454
          ],
          [
            -73.83564,
            40.74531
          ],
          [
            -73.83569,
            40.74523
          ],
          [
            -73.83574,
            40.74516
          ],
          [
            -73.83579,
            40.74509
          ],
          [
            -73.83584,
            40.74503
          ],
          [
            -73.83591,
            40.74496
          ],
          [
            -73.83592,
            40.74495
          ],
          [
            -73.83598,
            40.74489
          ],
          [
            -73.83602,
            40.74486
          ],
          [
            -73.83604,
            40.74483
          ],
          [
            -73.83607,
            40.74482
          ],
          [
            -73.83616,
            40.74475
          ],
          [
            -73.83621,
            40.74472
          ],
          [
            -73.83621,
            40.74472
          ],
          [
            -73.83621,
            40.74472
          ],
          [
            -73.83626,
            40.74469
          ],
          [
            -73.83636,
            40.74463
          ],
          [
            -73.83664,
            40.74447
          ],
          [
            -73.83675,
            40.7444
          ],
          [
            -73.83685,
            40.74433
          ],
          [
            -73.83694,
            40.74427
          ],
          [
            -73.83705,
            40.74418
          ],
          [
            -73.83709,
            40.74415
          ],
          [
            -73.83715,
            40.74409
          ],
          [
            -73.8372,
            40.74402
          ],
          [
            -73.8372,
            40.74402
          ],
          [
            -73.83729,
            40.74403
          ],
          [
            -73.83745,
            40.74404
          ],
          [
            -73.83761,
            40.74404
          ],
          [
            -73.83849,
            40.74407
          ],
          [
            -73.83858,
            40.74407
          ],
          [
            -73.83867,
            40.74407
          ],
          [
            -73.83875,
            40.74406
          ],
          [
            -73.83882,
            40.74405
          ],
          [
            -73.8389,
            40.74403
          ],
          [
            -73.83901,
            40.744
          ],
          [
            -73.83909,
            40.74397
          ],
          [
            -73.83916,
            40.74393
          ],
          [
            -73.83924,
            40.74389
          ],
          [
            -73.8393,
            40.74385
          ],
          [
            -73.84117,
            40.74249
          ],
          [
            -73.84139,
            40.74233
          ],
          [
            -73.84159,
            40.7422
          ],
          [
            -73.84183,
            40.74206
          ],
          [
            -73.84206,
            40.74193
          ],
          [
            -73.84231,
            40.7418
          ],
          [
            -73.84255,
            40.74166
          ],
          [
            -73.84276,
            40.74156
          ],
          [
            -73.84296,
            40.74146
          ],
          [
            -73.84386,
            40.74103
          ],
          [
            -73.84422,
            40.74085
          ],
          [
            -73.84458,
            40.74066
          ],
          [
            -73.84494,
            40.74048
          ],
          [
            -73.84502,
            40.74045
          ],
          [
            -73.84532,
            40.74032
          ],
          [
            -73.84582,
            40.74009
          ],
          [
            -73.8461,
            40.73993
          ],
          [
            -73.84668,
            40.73968
          ],
          [
            -73.84668,
            40.73968
          ],
          [
            -73.84715,
            40.7395
          ],
          [
            -73.84722,
            40.73947
          ],
          [
            -73.84731,
            40.73944
          ],
          [
            -73.8474,
            40.73941
          ],
          [
            -73.84781,
            40.73928
          ],
          [
            -73.84793,
            40.73924
          ],
          [
            -73.84804,
            40.73919
          ],
          [
            -73.84813,
            40.73915
          ],
          [
            -73.84821,
            40.7391
          ],
          [
            -73.8483,
            40.73905
          ],
          [
            -73.84869,
            40.73877
          ],
          [
            -73.84892,
            40.73865
          ],
          [
            -73.84902,
            40.73861
          ],
          [
            -73.84917,
            40.73855
          ],
          [
            -73.84931,
            40.73851
          ],
          [
            -73.84991,
            40.73833
          ],
          [
            -73.85041,
            40.73818
          ],
          [
            -73.85041,
            40.73818
          ],
          [
            -73.85041,
            40.73818
          ],
          [
            -73.85085,
            40.73805
          ],
          [
            -73.85096,
            40.73802
          ],
          [
            -73.85115,
            40.73796
          ],
          [
            -73.85183,
            40.73774
          ],
          [
            -73.85183,
            40.73774
          ],
          [
            -73.85183,
            40.73774
          ],
          [
            -73.85186,
            40.73773
          ],
          [
            -73.85193,
            40.73771
          ],
          [
            -73.85204,
            40.73769
          ],
          [
            -73.85204,
            40.73769
          ],
          [
            -73.85208,
            40.73776
          ],
          [
            -73.85209,
            40.73778
          ],
          [
            -73.85212,
            40.73784
          ],
          [
            -73.85218,
            40.73795
          ],
          [
            -73.8522,
            40.73799
          ],
          [
            -73.85224,
            40.73808
          ],
          [
            -73.85225,
            40.7381
          ],
          [
            -73.85242,
            40.73841
          ],
          [
            -73.85276,
            40.73908
          ],
          [
            -73.85282,
            40.73921
          ],
          [
            -73.85287,
            40.73929
          ],
          [
            -73.85291,
            40.73938
          ],
          [
            -73.85297,
            40.73951
          ],
          [
            -73.853,
            40.73956
          ],
          [
            -73.853,
            40.73956
          ],
          [
            -73.853,
            40.73956
          ],
          [
            -73.85306,
            40.73969
          ],
          [
            -73.85329,
            40.7401
          ],
          [
            -73.85334,
            40.74019
          ],
          [
            -73.85339,
            40.74027
          ],
          [
            -73.85369,
            40.74089
          ],
          [
            -73.85371,
            40.74093
          ],
          [
            -73.85379,
            40.74109
          ],
          [
            -73.85379,
            40.74109
          ],
          [
            -73.85365,
            40.74104
          ],
          [
            -73.8536,
            40.74102
          ],
          [
            -73.85357,
            40.74101
          ],
          [
            -73.85357,
            40.74101
          ],
          [
            -73.85357,
            40.74101
          ],
          [
            -73.85264,
            40.74071
          ],
          [
            -73.85264,
            40.74071
          ],
          [
            -73.85262,
            40.74077
          ],
          [
            -73.85244,
            40.74126
          ],
          [
            -73.85242,
            40.74131
          ],
          [
            -73.85239,
            40.74139
          ],
          [
            -73.85239,
            40.74139
          ],
          [
            -73.85287,
            40.74159
          ],
          [
            -73.85334,
            40.74181
          ],
          [
            -73.8534,
            40.74185
          ],
          [
            -73.85348,
            40.74192
          ],
          [
            -73.85368,
            40.74211
          ],
          [
            -73.8539,
            40.74233
          ],
          [
            -73.85421,
            40.7426
          ],
          [
            -73.85433,
            40.7427
          ],
          [
            -73.85433,
            40.7427
          ],
          [
            -73.8545,
            40.74269
          ],
          [
            -73.85463,
            40.74268
          ],
          [
            -73.85463,
            40.74268
          ],
          [
            -73.85467,
            40.74275
          ],
          [
            -73.85468,
            40.74278
          ],
          [
            -73.85471,
            40.74283
          ],
          [
            -73.85491,
            40.74321
          ],
          [
            -73.85492,
            40.74325
          ],
          [
            -73.85496,
            40.74331
          ],
          [
            -73.85496,
            40.74331
          ],
          [
            -73.85522,
            40.74338
          ],
          [
            -73.85575,
            40.74356
          ],
          [
            -73.85587,
            40.7436
          ],
          [
            -73.85589,
            40.74361
          ],
          [
            -73.85589,
            40.74361
          ],
          [
            -73.85589,
            40.74361
          ],
          [
            -73.85599,
            40.74364
          ],
          [
            -73.85607,
            40.74367
          ],
          [
            -73.85614,
            40.74369
          ],
          [
            -73.8563,
            40.74375
          ],
          [
            -73.85653,
            40.74381
          ],
          [
            -73.85674,
            40.74386
          ],
          [
            -73.85691,
            40.74389
          ],
          [
            -73.85717,
            40.74391
          ],
          [
            -73.85723,
            40.74392
          ],
          [
            -73.85735,
            40.74393
          ],
          [
            -73.85747,
            40.74394
          ],
          [
            -73.85757,
            40.74395
          ],
          [
            -73.85763,
            40.74396
          ],
          [
            -73.85833,
            40.74401
          ],
          [
            -73.85863,
            40.74404
          ],
          [
            -73.85871,
            40.74404
          ],
          [
            -73.8588,
            40.74405
          ],
          [
            -73.85911,
            40.74407
          ],
          [
            -73.85917,
            40.74408
          ],
          [
            -73.85917,
            40.74408
          ],
          [
            -73.85917,
            40.74408
          ],
          [
            -73.85986,
            40.74414
          ],
          [
            -73.86142,
            40.74426
          ],
          [
            -73.8617,
            40.74428
          ],
          [
            -73.86178,
            40.74429
          ],
          [
            -73.86186,
            40.74429
          ],
          [
            -73.86214,
            40.74432
          ],
          [
            -73.86218,
            40.74432
          ],
          [
            -73.86218,
            40.74432
          ],
          [
            -73.86218,
            40.74432
          ],
          [
            -73.86238,
            40.74433
          ],
          [
            -73.86239,
            40.74434
          ],
          [
            -73.86255,
            40.74438
          ],
          [
            -73.86291,
            40.74455
          ],
          [
            -73.86301,
            40.74459
          ],
          [
            -73.86309,
            40.74463
          ],
          [
            -73.8634,
            40.74478
          ],
          [
            -73.8641,
            40.74512
          ],
          [
            -73.86417,
            40.74514
          ],
          [
            -73.86423,
            40.74514
          ],
          [
            -73.86429,
            40.74514
          ],
          [
            -73.86438,
            40.74509
          ],
          [
            -73.86446,
            40.74503
          ],
          [
            -73.86449,
            40.74501
          ],
          [
            -73.86467,
            40.74489
          ],
          [
            -73.86474,
            40.74485
          ],
          [
            -73.86478,
            40.74482
          ],
          [
            -73.86478,
            40.74482
          ],
          [
            -73.86478,
            40.74482
          ],
          [
            -73.86482,
            40.7448
          ],
          [
            -73.86488,
            40.74476
          ],
          [
            -73.86512,
            40.74461
          ],
          [
            -73.86521,
            40.74454
          ],
          [
            -73.8656,
            40.74428
          ],
          [
            -73.86577,
            40.74417
          ],
          [
            -73.86582,
            40.74413
          ],
          [
            -73.86585,
            40.74408
          ],
          [
            -73.86586,
            40.74404
          ],
          [
            -73.86592,
            40.74381
          ],
          [
            -73.86599,
            40.74348
          ],
          [
            -73.86599,
            40.74348
          ],
          [
            -73.86599,
            40.74348
          ],
          [
            -73.86607,
            40.74315
          ],
          [
            -73.86608,
            40.7431
          ],
          [
            -73.8661,
            40.74305
          ],
          [
            -73.86611,
            40.74304
          ],
          [
            -73.86613,
            40.743
          ],
          [
            -73.86621,
            40.74293
          ],
          [
            -73.86635,
            40.74282
          ],
          [
            -73.86699,
            40.74233
          ],
          [
            -73.86717,
            40.74219
          ],
          [
            -73.86724,
            40.74215
          ],
          [
            -73.86724,
            40.74215
          ],
          [
            -73.86724,
            40.74215
          ],
          [
            -73.86726,
            40.74214
          ],
          [
            -73.86736,
            40.7421
          ],
          [
            -73.86748,
            40.7421
          ],
          [
            -73.86758,
            40.74211
          ],
          [
            -73.86768,
            40.74212
          ],
          [
            -73.86801,
            40.74215
          ],
          [
            -73.86802,
            40.74215
          ],
          [
            -73.8684,
            40.74219
          ],
          [
            -73.86841,
            40.74219
          ],
          [
            -73.86988,
            40.74235
          ],
          [
            -73.86994,
            40.74236
          ],
          [
            -73.87001,
            40.74236
          ],
          [
            -73.87001,
            40.74236
          ],
          [
            -73.87001,
            40.74236
          ],
          [
            -73.87007,
            40.74237
          ],
          [
            -73.87014,
            40.74237
          ],
          [
            -73.8702,
            40.74237
          ],
          [
            -73.87026,
            40.74237
          ],
          [
            -73.87033,
            40.74238
          ],
          [
            -73.87044,
            40.74238
          ],
          [
            -73.87057,
            40.74239
          ],
          [
            -73.87076,
            40.74239
          ],
          [
            -73.87142,
            40.74242
          ],
          [
            -73.87211,
            40.74245
          ],
          [
            -73.87225,
            40.74246
          ],
          [
            -73.87235,
            40.74246
          ],
          [
            -73.87244,
            40.74247
          ],
          [
            -73.87337,
            40.74251
          ],
          [
            -73.87345,
            40.74252
          ],
          [
            -73.87355,
            40.74251
          ],
          [
            -73.87364,
            40.74249
          ],
          [
            -73.87368,
            40.74247
          ],
          [
            -73.87386,
            40.74234
          ],
          [
            -73.87386,
            40.74234
          ],
          [
            -73.87386,
            40.74234
          ],
          [
            -73.87485,
            40.74162
          ],
          [
            -73.87493,
            40.74157
          ],
          [
            -73.87493,
            40.74157
          ],
          [
            -73.87493,
            40.74157
          ],
          [
            -73.87495,
            40.74155
          ],
          [
            -73.87502,
            40.7415
          ],
          [
            -73.87509,
            40.74146
          ],
          [
            -73.87511,
            40.74144
          ],
          [
            -73.87553,
            40.74115
          ],
          [
            -73.87566,
            40.74106
          ],
          [
            -73.87589,
            40.74088
          ],
          [
            -73.87625,
            40.74062
          ],
          [
            -73.87628,
            40.7406
          ],
          [
            -73.8763,
            40.74059
          ],
          [
            -73.8763,
            40.74059
          ],
          [
            -73.8763,
            40.74059
          ],
          [
            -73.87636,
            40.74054
          ],
          [
            -73.87641,
            40.7405
          ],
          [
            -73.87646,
            40.74047
          ],
          [
            -73.87712,
            40.73999
          ],
          [
            -73.87753,
            40.73969
          ],
          [
            -73.87783,
            40.73947
          ],
          [
            -73.87792,
            40.73941
          ],
          [
            -73.87792,
            40.73941
          ],
          [
            -73.87786,
            40.73934
          ],
          [
            -73.87782,
            40.73928
          ],
          [
            -73.87772,
            40.73911
          ],
          [
            -73.8777,
            40.73907
          ],
          [
            -73.8777,
            40.73907
          ],
          [
            -73.8777,
            40.73907
          ],
          [
            -73.87747,
            40.73867
          ],
          [
            -73.87743,
            40.73861
          ],
          [
            -73.87741,
            40.73855
          ],
          [
            -73.87724,
            40.73819
          ],
          [
            -73.8772,
            40.73807
          ],
          [
            -73.87719,
            40.73802
          ],
          [
            -73.87718,
            40.73796
          ],
          [
            -73.87718,
            40.73786
          ],
          [
            -73.87718,
            40.73781
          ],
          [
            -73.87719,
            40.73774
          ],
          [
            -73.87721,
            40.73769
          ],
          [
            -73.87724,
            40.7376
          ],
          [
            -73.87725,
            40.73755
          ],
          [
            -73.87732,
            40.73739
          ],
          [
            -73.87736,
            40.73729
          ],
          [
            -73.87743,
            40.7371
          ],
          [
            -73.87743,
            40.7371
          ],
          [
            -73.87743,
            40.7371
          ],
          [
            -73.87744,
            40.73707
          ],
          [
            -73.87746,
            40.73704
          ],
          [
            -73.87747,
            40.73701
          ],
          [
            -73.87754,
            40.73692
          ],
          [
            -73.87758,
            40.73687
          ],
          [
            -73.87764,
            40.73681
          ],
          [
            -73.87773,
            40.7367
          ],
          [
            -73.87778,
            40.73664
          ],
          [
            -73.87783,
            40.73659
          ],
          [
            -73.87786,
            40.73655
          ],
          [
            -73.8779,
            40.73651
          ],
          [
            -73.87792,
            40.73649
          ],
          [
            -73.87796,
            40.73646
          ],
          [
            -73.87801,
            40.73643
          ],
          [
            -73.87807,
            40.7364
          ],
          [
            -73.87814,
            40.73638
          ],
          [
            -73.87825,
            40.73635
          ],
          [
            -73.87831,
            40.73633
          ],
          [
            -73.87831,
            40.73633
          ],
          [
            -73.87831,
            40.73633
          ],
          [
            -73.87851,
            40.73628
          ],
          [
            -73.87863,
            40.73625
          ],
          [
            -73.87867,
            40.73623
          ],
          [
            -73.87876,
            40.73621
          ],
          [
            -73.87905,
            40.73614
          ],
          [
            -73.87917,
            40.73611
          ],
          [
            -73.87954,
            40.73601
          ],
          [
            -73.88026,
            40.73582
          ],
          [
            -73.88044,
            40.73577
          ],
          [
            -73.88052,
            40.73575
          ],
          [
            -73.88063,
            40.73572
          ],
          [
            -73.88082,
            40.73567
          ],
          [
            -73.88087,
            40.73566
          ],
          [
            -73.88087,
            40.73566
          ],
          [
            -73.88087,
            40.73566
          ],
          [
            -73.88099,
            40.73562
          ],
          [
            -73.88103,
            40.73561
          ],
          [
            -73.88108,
            40.73559
          ],
          [
            -73.88111,
            40.73557
          ],
          [
            -73.88117,
            40.73553
          ],
          [
            -73.88139,
            40.73538
          ],
          [
            -73.8817,
            40.73516
          ],
          [
            -73.88181,
            40.73509
          ],
          [
            -73.88183,
            40.73508
          ],
          [
            -73.88201,
            40.73495
          ],
          [
            -73.88204,
            40.73493
          ],
          [
            -73.88204,
            40.73493
          ],
          [
            -73.88204,
            40.73493
          ],
          [
            -73.88211,
            40.73488
          ],
          [
            -73.88217,
            40.73483
          ],
          [
            -73.88297,
            40.73428
          ],
          [
            -73.88348,
            40.73392
          ],
          [
            -73.88373,
            40.73365
          ],
          [
            -73.88376,
            40.73362
          ],
          [
            -73.88377,
            40.73361
          ],
          [
            -73.88381,
            40.73356
          ],
          [
            -73.88384,
            40.73351
          ],
          [
            -73.88395,
            40.73334
          ],
          [
            -73.88395,
            40.73334
          ],
          [
            -73.88395,
            40.73334
          ],
          [
            -73.88411,
            40.7331
          ],
          [
            -73.8845,
            40.73245
          ],
          [
            -73.88453,
            40.73239
          ],
          [
            -73.88456,
            40.73234
          ],
          [
            -73.88468,
            40.73214
          ],
          [
            -73.88469,
            40.73213
          ],
          [
            -73.88469,
            40.73213
          ],
          [
            -73.88469,
            40.73213
          ],
          [
            -73.8847,
            40.7321
          ],
          [
            -73.88472,
            40.73207
          ],
          [
            -73.88478,
            40.73197
          ],
          [
            -73.88484,
            40.73187
          ],
          [
            -73.8852,
            40.73131
          ],
          [
            -73.88532,
            40.73115
          ],
          [
            -73.88538,
            40.73108
          ],
          [
            -73.88545,
            40.73102
          ],
          [
            -73.88552,
            40.73098
          ],
          [
            -73.88558,
            40.73095
          ],
          [
            -73.88564,
            40.73092
          ],
          [
            -73.88593,
            40.73078
          ],
          [
            -73.88593,
            40.73078
          ],
          [
            -73.88593,
            40.73078
          ],
          [
            -73.88617,
            40.73067
          ],
          [
            -73.88637,
            40.73057
          ],
          [
            -73.88659,
            40.73047
          ],
          [
            -73.8867,
            40.73042
          ],
          [
            -73.88685,
            40.73037
          ],
          [
            -73.88695,
            40.73034
          ],
          [
            -73.88706,
            40.73032
          ],
          [
            -73.88741,
            40.73024
          ],
          [
            -73.88752,
            40.73021
          ],
          [
            -73.88763,
            40.73019
          ],
          [
            -73.88805,
            40.7301
          ],
          [
            -73.88812,
            40.73008
          ],
          [
            -73.88836,
            40.73003
          ],
          [
            -73.88836,
            40.73003
          ],
          [
            -73.88836,
            40.73003
          ],
          [
            -73.88849,
            40.73
          ],
          [
            -73.88857,
            40.72999
          ],
          [
            -73.88924,
            40.72983
          ],
          [
            -73.88937,
            40.72979
          ],
          [
            -73.88975,
            40.72969
          ],
          [
            -73.88981,
            40.72965
          ],
          [
            -73.88987,
            40.7296
          ],
          [
            -73.88996,
            40.72952
          ],
          [
            -73.89002,
            40.72946
          ],
          [
            -73.89007,
            40.7294
          ],
          [
            -73.89021,
            40.72926
          ],
          [
            -73.89024,
            40.72923
          ],
          [
            -73.89024,
            40.72923
          ],
          [
            -73.89024,
            40.72923
          ],
          [
            -73.8908,
            40.72868
          ],
          [
            -73.89086,
            40.72861
          ],
          [
            -73.89091,
            40.72856
          ],
          [
            -73.89095,
            40.72851
          ],
          [
            -73.89105,
            40.72842
          ],
          [
            -73.89118,
            40.72835
          ],
          [
            -73.8913,
            40.72829
          ],
          [
            -73.89142,
            40.72823
          ],
          [
            -73.89153,
            40.72817
          ],
          [
            -73.89161,
            40.72813
          ],
          [
            -73.89182,
            40.72801
          ],
          [
            -73.89182,
            40.72801
          ],
          [
            -73.89182,
            40.72801
          ],
          [
            -73.89221,
            40.7278
          ],
          [
            -73.89229,
            40.72776
          ],
          [
            -73.89235,
            40.72773
          ],
          [
            -73.89295,
            40.72743
          ],
          [
            -73.89312,
            40.7273
          ],
          [
            -73.8932,
            40.72725
          ],
          [
            -73.89327,
            40.72719
          ],
          [
            -73.89333,
            40.72716
          ],
          [
            -73.89386,
            40.72682
          ],
          [
            -73.89432,
            40.72655
          ],
          [
            -73.89436,
            40.72652
          ],
          [
            -73.8944,
            40.7265
          ],
          [
            -73.89444,
            40.72649
          ],
          [
            -73.89465,
            40.72637
          ],
          [
            -73.89468,
            40.72635
          ],
          [
            -73.89468,
            40.72635
          ],
          [
            -73.89468,
            40.72635
          ],
          [
            -73.89471,
            40.72633
          ],
          [
            -73.89482,
            40.72626
          ],
          [
            -73.89482,
            40.72623
          ],
          [
            -73.89517,
            40.72601
          ],
          [
            -73.89522,
            40.72599
          ],
          [
            -73.89532,
            40.72592
          ],
          [
            -73.89546,
            40.72584
          ],
          [
            -73.89548,
            40.72583
          ],
          [
            -73.89575,
            40.72568
          ],
          [
            -73.89575,
            40.72568
          ],
          [
            -73.89575,
            40.72568
          ],
          [
            -73.89585,
            40.72562
          ],
          [
            -73.89599,
            40.72556
          ],
          [
            -73.89651,
            40.72527
          ],
          [
            -73.89671,
            40.72517
          ],
          [
            -73.89682,
            40.72512
          ],
          [
            -73.89696,
            40.72505
          ],
          [
            -73.8972,
            40.72492
          ],
          [
            -73.89729,
            40.72488
          ],
          [
            -73.89729,
            40.72488
          ],
          [
            -73.89729,
            40.72488
          ],
          [
            -73.89806,
            40.72449
          ],
          [
            -73.89836,
            40.72433
          ],
          [
            -73.89844,
            40.72429
          ],
          [
            -73.89852,
            40.72426
          ],
          [
            -73.89867,
            40.72417
          ],
          [
            -73.89869,
            40.72416
          ],
          [
            -73.89875,
            40.72413
          ],
          [
            -73.89875,
            40.72413
          ],
          [
            -73.89875,
            40.72413
          ],
          [
            -73.89883,
            40.72409
          ],
          [
            -73.89954,
            40.72372
          ],
          [
            -73.89961,
            40.72368
          ],
          [
            -73.89968,
            40.72365
          ],
          [
            -73.89976,
            40.72361
          ],
          [
            -73.89976,
            40.72361
          ],
          [
            -73.89976,
            40.72361
          ],
          [
            -73.89992,
            40.72353
          ],
          [
            -73.90062,
            40.72317
          ],
          [
            -73.90062,
            40.72317
          ],
          [
            -73.90125,
            40.72278
          ],
          [
            -73.90143,
            40.72266
          ],
          [
            -73.9015,
            40.72262
          ],
          [
            -73.90158,
            40.72257
          ],
          [
            -73.90182,
            40.72242
          ],
          [
            -73.90184,
            40.72241
          ],
          [
            -73.90184,
            40.72241
          ],
          [
            -73.90184,
            40.72241
          ],
          [
            -73.90227,
            40.72215
          ],
          [
            -73.90312,
            40.72163
          ],
          [
            -73.90312,
            40.72163
          ],
          [
            -73.90309,
            40.72154
          ],
          [
            -73.90309,
            40.72152
          ],
          [
            -73.90301,
            40.72125
          ],
          [
            -73.90301,
            40.72125
          ],
          [
            -73.90301,
            40.72125
          ],
          [
            -73.90257,
            40.71965
          ],
          [
            -73.90252,
            40.71947
          ],
          [
            -73.9025,
            40.71941
          ],
          [
            -73.90249,
            40.71937
          ],
          [
            -73.90243,
            40.71916
          ],
          [
            -73.9024,
            40.71904
          ],
          [
            -73.9024,
            40.71904
          ],
          [
            -73.90248,
            40.71903
          ],
          [
            -73.90248,
            40.71903
          ],
          [
            -73.90248,
            40.71903
          ],
          [
            -73.9024,
            40.71904
          ],
          [
            -73.9024,
            40.71904
          ],
          [
            -73.90233,
            40.71882
          ],
          [
            -73.90229,
            40.71868
          ],
          [
            -73.90218,
            40.71828
          ],
          [
            -73.90214,
            40.71811
          ],
          [
            -73.90213,
            40.7181
          ],
          [
            -73.90213,
            40.7181
          ],
          [
            -73.90213,
            40.7181
          ],
          [
            -73.90213,
            40.71808
          ],
          [
            -73.9021,
            40.718
          ],
          [
            -73.90209,
            40.71795
          ],
          [
            -73.90184,
            40.71703
          ],
          [
            -73.90182,
            40.71697
          ],
          [
            -73.9018,
            40.71689
          ],
          [
            -73.90178,
            40.71685
          ],
          [
            -73.90178,
            40.71685
          ],
          [
            -73.90178,
            40.71685
          ],
          [
            -73.90175,
            40.71673
          ],
          [
            -73.90167,
            40.71646
          ],
          [
            -73.90163,
            40.71632
          ],
          [
            -73.90162,
            40.71626
          ],
          [
            -73.90159,
            40.71617
          ],
          [
            -73.90155,
            40.71603
          ],
          [
            -73.90146,
            40.71572
          ],
          [
            -73.90144,
            40.71565
          ],
          [
            -73.90143,
            40.71559
          ],
          [
            -73.90138,
            40.71541
          ],
          [
            -73.90126,
            40.71498
          ],
          [
            -73.9012,
            40.71478
          ],
          [
            -73.9012,
            40.71478
          ],
          [
            -73.9012,
            40.71478
          ],
          [
            -73.9012,
            40.71477
          ],
          [
            -73.90119,
            40.71473
          ],
          [
            -73.90116,
            40.71462
          ],
          [
            -73.90114,
            40.71454
          ],
          [
            -73.90105,
            40.71425
          ],
          [
            -73.90103,
            40.71417
          ],
          [
            -73.90095,
            40.71388
          ],
          [
            -73.90094,
            40.71384
          ],
          [
            -73.90089,
            40.71368
          ],
          [
            -73.90075,
            40.71317
          ],
          [
            -73.90075,
            40.71316
          ],
          [
            -73.90063,
            40.71278
          ],
          [
            -73.90059,
            40.7127
          ],
          [
            -73.90056,
            40.71263
          ],
          [
            -73.90051,
            40.71254
          ],
          [
            -73.90051,
            40.71253
          ],
          [
            -73.90051,
            40.71253
          ],
          [
            -73.90062,
            40.71251
          ],
          [
            -73.9007,
            40.71248
          ],
          [
            -73.9007,
            40.71248
          ],
          [
            -73.9007,
            40.71248
          ],
          [
            -73.90062,
            40.71251
          ],
          [
            -73.90051,
            40.71253
          ],
          [
            -73.90051,
            40.71253
          ],
          [
            -73.90049,
            40.7125
          ],
          [
            -73.90046,
            40.71244
          ],
          [
            -73.90039,
            40.7123
          ],
          [
            -73.90034,
            40.71221
          ],
          [
            -73.90031,
            40.71214
          ],
          [
            -73.90022,
            40.71198
          ],
          [
            -73.90019,
            40.7119
          ],
          [
            -73.90017,
            40.71187
          ],
          [
            -73.90009,
            40.71171
          ],
          [
            -73.89986,
            40.71127
          ],
          [
            -73.89983,
            40.71122
          ],
          [
            -73.89975,
            40.71106
          ],
          [
            -73.89971,
            40.71098
          ],
          [
            -73.89968,
            40.71093
          ],
          [
            -73.89948,
            40.71056
          ],
          [
            -73.89944,
            40.71048
          ],
          [
            -73.89939,
            40.71039
          ],
          [
            -73.89936,
            40.71032
          ],
          [
            -73.89932,
            40.71027
          ],
          [
            -73.89895,
            40.70974
          ],
          [
            -73.89891,
            40.70968
          ],
          [
            -73.89887,
            40.70963
          ],
          [
            -73.89876,
            40.70948
          ],
          [
            -73.89872,
            40.70942
          ],
          [
            -73.89872,
            40.70942
          ],
          [
            -73.89872,
            40.70942
          ],
          [
            -73.8985,
            40.7091
          ],
          [
            -73.89845,
            40.70904
          ],
          [
            -73.89842,
            40.70899
          ],
          [
            -73.89805,
            40.70847
          ],
          [
            -73.898,
            40.7084
          ],
          [
            -73.89797,
            40.70835
          ],
          [
            -73.89792,
            40.70829
          ],
          [
            -73.89792,
            40.70829
          ],
          [
            -73.89792,
            40.70829
          ],
          [
            -73.89784,
            40.70816
          ],
          [
            -73.89774,
            40.70802
          ],
          [
            -73.8976,
            40.70782
          ],
          [
            -73.89756,
            40.70776
          ],
          [
            -73.89754,
            40.70771
          ],
          [
            -73.89726,
            40.70715
          ],
          [
            -73.89723,
            40.7071
          ],
          [
            -73.89721,
            40.70704
          ],
          [
            -73.89697,
            40.70657
          ],
          [
            -73.89694,
            40.7065
          ],
          [
            -73.89694,
            40.7065
          ],
          [
            -73.89705,
            40.70647
          ],
          [
            -73.89734,
            40.7064
          ],
          [
            -73.89734,
            40.7064
          ],
          [
            -73.89734,
            40.7064
          ],
          [
            -73.89737,
            40.7064
          ],
          [
            -73.898,
            40.70624
          ],
          [
            -73.89895,
            40.70602
          ],
          [
            -73.8999,
            40.70578
          ],
          [
            -73.89996,
            40.70577
          ],
          [
            -73.90005,
            40.70574
          ],
          [
            -73.90084,
            40.70552
          ],
          [
            -73.90196,
            40.7052
          ],
          [
            -73.90196,
            40.7052
          ],
          [
            -73.90196,
            40.7052
          ],
          [
            -73.90197,
            40.70519
          ],
          [
            -73.90204,
            40.70517
          ],
          [
            -73.90212,
            40.70515
          ],
          [
            -73.90212,
            40.70515
          ],
          [
            -73.9021,
            40.7051
          ],
          [
            -73.90206,
            40.70499
          ],
          [
            -73.90201,
            40.70486
          ],
          [
            -73.90201,
            40.70486
          ],
          [
            -73.90207,
            40.70481
          ],
          [
            -73.90213,
            40.70475
          ],
          [
            -73.90224,
            40.70466
          ],
          [
            -73.90229,
            40.70461
          ],
          [
            -73.90234,
            40.70456
          ],
          [
            -73.90329,
            40.70363
          ],
          [
            -73.90334,
            40.70358
          ],
          [
            -73.90338,
            40.70354
          ],
          [
            -73.90343,
            40.70349
          ],
          [
            -73.90363,
            40.70329
          ],
          [
            -73.90363,
            40.70329
          ],
          [
            -73.90363,
            40.70329
          ],
          [
            -73.90449,
            40.70245
          ],
          [
            -73.90454,
            40.7024
          ],
          [
            -73.90459,
            40.70236
          ],
          [
            -73.90479,
            40.70216
          ],
          [
            -73.90479,
            40.70216
          ],
          [
            -73.90479,
            40.70216
          ],
          [
            -73.9054,
            40.70156
          ],
          [
            -73.90547,
            40.70149
          ],
          [
            -73.90547,
            40.70149
          ],
          [
            -73.90541,
            40.70146
          ],
          [
            -73.90501,
            40.70122
          ],
          [
            -73.90486,
            40.70114
          ],
          [
            -73.90481,
            40.7011
          ],
          [
            -73.90481,
            40.7011
          ],
          [
            -73.9048,
            40.7011
          ],
          [
            -73.90473,
            40.70106
          ],
          [
            -73.90467,
            40.70102
          ],
          [
            -73.90463,
            40.701
          ],
          [
            -73.90427,
            40.70078
          ],
          [
            -73.90419,
            40.70074
          ],
          [
            -73.90419,
            40.70074
          ],
          [
            -73.90427,
            40.70069
          ],
          [
            -73.90476,
            40.70041
          ],
          [
            -73.90483,
            40.70037
          ],
          [
            -73.90488,
            40.70029
          ],
          [
            -73.90488,
            40.70029
          ],
          [
            -73.9055,
            40.70022
          ],
          [
            -73.90559,
            40.7002
          ],
          [
            -73.90573,
            40.70019
          ],
          [
            -73.90608,
            40.70015
          ],
          [
            -73.90622,
            40.70013
          ],
          [
            -73.90636,
            40.70012
          ],
          [
            -73.90712,
            40.70003
          ],
          [
            -73.90712,
            40.70003
          ],
          [
            -73.90709,
            40.69995
          ],
          [
            -73.90712,
            40.69989
          ],
          [
            -73.90732,
            40.6997
          ],
          [
            -73.90732,
            40.6997
          ],
          [
            -73.90732,
            40.6997
          ],
          [
            -73.90868,
            40.69836
          ],
          [
            -73.90869,
            40.69835
          ],
          [
            -73.90869,
            40.69835
          ],
          [
            -73.90869,
            40.69835
          ],
          [
            -73.90872,
            40.69832
          ],
          [
            -73.90878,
            40.69825
          ],
          [
            -73.90883,
            40.6982
          ],
          [
            -73.90925,
            40.69777
          ],
          [
            -73.90947,
            40.69755
          ],
          [
            -73.90951,
            40.6975
          ],
          [
            -73.90951,
            40.6975
          ],
          [
            -73.90959,
            40.69754
          ],
          [
            -73.90963,
            40.69757
          ],
          [
            -73.91021,
            40.69789
          ],
          [
            -73.91027,
            40.69793
          ],
          [
            -73.91033,
            40.69796
          ],
          [
            -73.91065,
            40.69814
          ],
          [
            -73.91071,
            40.69817
          ],
          [
            -73.91102,
            40.69835
          ],
          [
            -73.91132,
            40.69852
          ],
          [
            -73.91132,
            40.69852
          ],
          [
            -73.91132,
            40.69852
          ],
          [
            -73.91168,
            40.69873
          ],
          [
            -73.91171,
            40.69875
          ],
          [
            -73.91178,
            40.69878
          ],
          [
            -73.91178,
            40.69878
          ],
          [
            -73.91173,
            40.69883
          ],
          [
            -73.9115,
            40.69905
          ],
          [
            -73.91122,
            40.69934
          ],
          [
            -73.91122,
            40.69934
          ]
        ]
      }
    },
    {
      "type": "Feature",
      "properties": {
        "route_id": "Q58-W-RushHour",
        "layer": "T1 Optimal"
      },
      "geometry": {
        "type": "LineString",
        "coordinates": [
          [
            -73.82933,
            40.75743
          ],
          [
            -73.82927,
            40.75746
          ],
          [
            -73.82913,
            40.75752
          ],
          [
            -73.82913,
            40.75752
          ],
          [
            -73.8291,
            40.75744
          ],
          [
            -73.8289,
            40.75696
          ],
          [
            -73.82881,
            40.75674
          ],
          [
            -73.82879,
            40.75667
          ],
          [
            -73.82879,
            40.75667
          ],
          [
            -73.82892,
            40.75661
          ],
          [
            -73.82932,
            40.75642
          ],
          [
            -73.82972,
            40.75624
          ],
          [
            -73.83068,
            40.75579
          ],
          [
            -73.83076,
            40.75575
          ],
          [
            -73.83083,
            40.75572
          ],
          [
            -73.83144,
            40.75543
          ],
          [
            -73.83157,
            40.75538
          ],
          [
            -73.83278,
            40.75479
          ],
          [
            -73.83293,
            40.75473
          ],
          [
            -73.83296,
            40.75471
          ],
          [
            -73.83306,
            40.75469
          ],
          [
            -73.83306,
            40.75469
          ],
          [
            -73.83318,
            40.75467
          ],
          [
            -73.83316,
            40.7546
          ],
          [
            -73.83308,
            40.75434
          ],
          [
            -73.83308,
            40.75434
          ],
          [
            -73.83308,
            40.75434
          ],
          [
            -73.83304,
            40.75421
          ],
          [
            -73.83292,
            40.75382
          ],
          [
            -73.8329,
            40.75378
          ],
          [
            -73.83288,
            40.75371
          ],
          [
            -73.83287,
            40.75367
          ],
          [
            -73.83279,
            40.75342
          ],
          [
            -73.83276,
            40.75328
          ],
          [
            -73.83271,
            40.75315
          ],
          [
            -73.83268,
            40.75302
          ],
          [
            -73.83266,
            40.75297
          ],
          [
            -73.83251,
            40.75247
          ],
          [
            -73.83249,
            40.75239
          ],
          [
            -73.83247,
            40.75232
          ],
          [
            -73.83245,
            40.75227
          ],
          [
            -73.83238,
            40.752
          ],
          [
            -73.83238,
            40.752
          ],
          [
            -73.83238,
            40.752
          ],
          [
            -73.83235,
            40.75193
          ],
          [
            -73.83232,
            40.75173
          ],
          [
            -73.83233,
            40.75158
          ],
          [
            -73.83235,
            40.75148
          ],
          [
            -73.83243,
            40.75113
          ],
          [
            -73.83272,
            40.74993
          ],
          [
            -73.83307,
            40.74842
          ],
          [
            -73.83309,
            40.74835
          ],
          [
            -73.83311,
            40.74828
          ],
          [
            -73.83314,
            40.74822
          ],
          [
            -73.83317,
            40.74817
          ],
          [
            -73.83319,
            40.74813
          ],
          [
            -73.83324,
            40.74807
          ],
          [
            -73.8333,
            40.74802
          ],
          [
            -73.83338,
            40.74796
          ],
          [
            -73.83346,
            40.74791
          ],
          [
            -73.83406,
            40.74754
          ],
          [
            -73.8342,
            40.74746
          ],
          [
            -73.83424,
            40.74743
          ],
          [
            -73.83432,
            40.74738
          ],
          [
            -73.83439,
            40.74733
          ],
          [
            -73.83446,
            40.74727
          ],
          [
            -73.83452,
            40.74721
          ],
          [
            -73.83458,
            40.74715
          ],
          [
            -73.83464,
            40.74709
          ],
          [
            -73.83469,
            40.74702
          ],
          [
            -73.83472,
            40.74698
          ],
          [
            -73.83476,
            40.74691
          ],
          [
            -73.83479,
            40.74686
          ],
          [
            -73.83481,
            40.74682
          ],
          [
            -73.83491,
            40.74664
          ],
          [
            -73.83491,
            40.74664
          ],
          [
            -73.83491,
            40.74664
          ],
          [
            -73.83546,
            40.74563
          ],
          [
            -73.8355,
            40.74556
          ],
          [
            -73.83559,
            40.7454
          ],
          [
            -73.83564,
            40.74531
          ],
          [
            -73.83569,
            40.74523
          ],
          [
            -73.83574,
            40.74516
          ],
          [
            -73.83579,
            40.74509
          ],
          [
            -73.83584,
            40.74503
          ],
          [
            -73.83591,
            40.74496
          ],
          [
            -73.83592,
            40.74495
          ],
          [
            -73.83598,
            40.74489
          ],
          [
            -73.83602,
            40.74486
          ],
          [
            -73.83604,
            40.74483
          ],
          [
            -73.83607,
            40.74482
          ],
          [
            -73.83616,
            40.74475
          ],
          [
            -73.83621,
            40.74472
          ],
          [
            -73.83621,
            40.74472
          ],
          [
            -73.83621,
            40.74472
          ],
          [
            -73.83626,
            40.74469
          ],
          [
            -73.83636,
            40.74463
          ],
          [
            -73.83664,
            40.74447
          ],
          [
            -73.83675,
            40.7444
          ],
          [
            -73.83685,
            40.74433
          ],
          [
            -73.83694,
            40.74427
          ],
          [
            -73.83705,
            40.74418
          ],
          [
            -73.83709,
            40.74415
          ],
          [
            -73.83715,
            40.74409
          ],
          [
            -73.8372,
            40.74402
          ],
          [
            -73.8372,
            40.74402
          ],
          [
            -73.83729,
            40.74403
          ],
          [
            -73.83745,
            40.74404
          ],
          [
            -73.83761,
            40.74404
          ],
          [
            -73.83849,
            40.74407
          ],
          [
            -73.83858,
            40.74407
          ],
          [
            -73.83867,
            40.74407
          ],
          [
            -73.83875,
            40.74406
          ],
          [
            -73.83882,
            40.74405
          ],
          [
            -73.8389,
            40.74403
          ],
          [
            -73.83901,
            40.744
          ],
          [
            -73.83909,
            40.74397
          ],
          [
            -73.83916,
            40.74393
          ],
          [
            -73.83924,
            40.74389
          ],
          [
            -73.8393,
            40.74385
          ],
          [
            -73.84117,
            40.74249
          ],
          [
            -73.84139,
            40.74233
          ],
          [
            -73.84159,
            40.7422
          ],
          [
            -73.84183,
            40.74206
          ],
          [
            -73.84206,
            40.74193
          ],
          [
            -73.84231,
            40.7418
          ],
          [
            -73.84255,
            40.74166
          ],
          [
            -73.84276,
            40.74156
          ],
          [
            -73.84296,
            40.74146
          ],
          [
            -73.84386,
            40.74103
          ],
          [
            -73.84422,
            40.74085
          ],
          [
            -73.84458,
            40.74066
          ],
          [
            -73.84494,
            40.74048
          ],
          [
            -73.84502,
            40.74045
          ],
          [
            -73.84532,
            40.74032
          ],
          [
            -73.84582,
            40.74009
          ],
          [
            -73.8461,
            40.73993
          ],
          [
            -73.84668,
            40.73968
          ],
          [
            -73.84668,
            40.73968
          ],
          [
            -73.84715,
            40.7395
          ],
          [
            -73.84722,
            40.73947
          ],
          [
            -73.84731,
            40.73944
          ],
          [
            -73.8474,
            40.73941
          ],
          [
            -73.84781,
            40.73928
          ],
          [
            -73.84793,
            40.73924
          ],
          [
            -73.84804,
            40.73919
          ],
          [
            -73.84813,
            40.73915
          ],
          [
            -73.84821,
            40.7391
          ],
          [
            -73.8483,
            40.73905
          ],
          [
            -73.84869,
            40.73877
          ],
          [
            -73.84892,
            40.73865
          ],
          [
            -73.84902,
            40.73861
          ],
          [
            -73.84917,
            40.73855
          ],
          [
            -73.84931,
            40.73851
          ],
          [
            -73.84991,
            40.73833
          ],
          [
            -73.85041,
            40.73818
          ],
          [
            -73.85041,
            40.73818
          ],
          [
            -73.85041,
            40.73818
          ],
          [
            -73.85085,
            40.73805
          ],
          [
            -73.85096,
            40.73802
          ],
          [
            -73.85115,
            40.73796
          ],
          [
            -73.85183,
            40.73774
          ],
          [
            -73.85183,
            40.73774
          ],
          [
            -73.85183,
            40.73774
          ],
          [
            -73.85186,
            40.73773
          ],
          [
            -73.85193,
            40.73771
          ],
          [
            -73.85204,
            40.73769
          ],
          [
            -73.85204,
            40.73769
          ],
          [
            -73.85208,
            40.73776
          ],
          [
            -73.85209,
            40.73778
          ],
          [
            -73.85212,
            40.73784
          ],
          [
            -73.85218,
            40.73795
          ],
          [
            -73.8522,
            40.73799
          ],
          [
            -73.85224,
            40.73808
          ],
          [
            -73.85225,
            40.7381
          ],
          [
            -73.85242,
            40.73841
          ],
          [
            -73.85276,
            40.73908
          ],
          [
            -73.85282,
            40.73921
          ],
          [
            -73.85287,
            40.73929
          ],
          [
            -73.85291,
            40.73938
          ],
          [
            -73.85297,
            40.73951
          ],
          [
            -73.853,
            40.73956
          ],
          [
            -73.853,
            40.73956
          ],
          [
            -73.853,
            40.73956
          ],
          [
            -73.85306,
            40.73969
          ],
          [
            -73.85329,
            40.7401
          ],
          [
            -73.85334,
            40.74019
          ],
          [
            -73.85339,
            40.74027
          ],
          [
            -73.85369,
            40.74089
          ],
          [
            -73.85371,
            40.74093
          ],
          [
            -73.85379,
            40.74109
          ],
          [
            -73.85379,
            40.74109
          ],
          [
            -73.85365,
            40.74104
          ],
          [
            -73.8536,
            40.74102
          ],
          [
            -73.85357,
            40.74101
          ],
          [
            -73.85357,
            40.74101
          ],
          [
            -73.85357,
            40.74101
          ],
          [
            -73.85264,
            40.74071
          ],
          [
            -73.85264,
            40.74071
          ],
          [
            -73.85262,
            40.74077
          ],
          [
            -73.85244,
            40.74126
          ],
          [
            -73.85242,
            40.74131
          ],
          [
            -73.85239,
            40.74139
          ],
          [
            -73.85239,
            40.74139
          ],
          [
            -73.85287,
            40.74159
          ],
          [
            -73.85334,
            40.74181
          ],
          [
            -73.8534,
            40.74185
          ],
          [
            -73.85348,
            40.74192
          ],
          [
            -73.85368,
            40.74211
          ],
          [
            -73.8539,
            40.74233
          ],
          [
            -73.85421,
            40.7426
          ],
          [
            -73.85433,
            40.7427
          ],
          [
            -73.85433,
            40.7427
          ],
          [
            -73.8545,
            40.74269
          ],
          [
            -73.85463,
            40.74268
          ],
          [
            -73.85463,
            40.74268
          ],
          [
            -73.85467,
            40.74275
          ],
          [
            -73.85468,
            40.74278
          ],
          [
            -73.85471,
            40.74283
          ],
          [
            -73.85491,
            40.74321
          ],
          [
            -73.85492,
            40.74325
          ],
          [
            -73.85496,
            40.74331
          ],
          [
            -73.85496,
            40.74331
          ],
          [
            -73.85522,
            40.74338
          ],
          [
            -73.85575,
            40.74356
          ],
          [
            -73.85587,
            40.7436
          ],
          [
            -73.85589,
            40.74361
          ],
          [
            -73.85589,
            40.74361
          ],
          [
            -73.85589,
            40.74361
          ],
          [
            -73.85599,
            40.74364
          ],
          [
            -73.85607,
            40.74367
          ],
          [
            -73.85614,
            40.74369
          ],
          [
            -73.8563,
            40.74375
          ],
          [
            -73.85653,
            40.74381
          ],
          [
            -73.85674,
            40.74386
          ],
          [
            -73.85691,
            40.74389
          ],
          [
            -73.85717,
            40.74391
          ],
          [
            -73.85723,
            40.74392
          ],
          [
            -73.85735,
            40.74393
          ],
          [
            -73.85747,
            40.74394
          ],
          [
            -73.85757,
            40.74395
          ],
          [
            -73.85763,
            40.74396
          ],
          [
            -73.85833,
            40.74401
          ],
          [
            -73.85863,
            40.74404
          ],
          [
            -73.85871,
            40.74404
          ],
          [
            -73.8588,
            40.74405
          ],
          [
            -73.85911,
            40.74407
          ],
          [
            -73.85917,
            40.74408
          ],
          [
            -73.85917,
            40.74408
          ],
          [
            -73.85917,
            40.74408
          ],
          [
            -73.85986,
            40.74414
          ],
          [
            -73.86142,
            40.74426
          ],
          [
            -73.8617,
            40.74428
          ],
          [
            -73.86178,
            40.74429
          ],
          [
            -73.86186,
            40.74429
          ],
          [
            -73.86214,
            40.74432
          ],
          [
            -73.86218,
            40.74432
          ],
          [
            -73.86218,
            40.74432
          ],
          [
            -73.86218,
            40.74432
          ],
          [
            -73.86238,
            40.74433
          ],
          [
            -73.86239,
            40.74434
          ],
          [
            -73.86255,
            40.74438
          ],
          [
            -73.86291,
            40.74455
          ],
          [
            -73.86301,
            40.74459
          ],
          [
            -73.86309,
            40.74463
          ],
          [
            -73.8634,
            40.74478
          ],
          [
            -73.8641,
            40.74512
          ],
          [
            -73.86417,
            40.74514
          ],
          [
            -73.86423,
            40.74514
          ],
          [
            -73.86429,
            40.74514
          ],
          [
            -73.86438,
            40.74509
          ],
          [
            -73.86446,
            40.74503
          ],
          [
            -73.86449,
            40.74501
          ],
          [
            -73.86467,
            40.74489
          ],
          [
            -73.86474,
            40.74485
          ],
          [
            -73.86478,
            40.74482
          ],
          [
            -73.86478,
            40.74482
          ],
          [
            -73.86478,
            40.74482
          ],
          [
            -73.86482,
            40.7448
          ],
          [
            -73.86488,
            40.74476
          ],
          [
            -73.86512,
            40.74461
          ],
          [
            -73.86521,
            40.74454
          ],
          [
            -73.8656,
            40.74428
          ],
          [
            -73.86577,
            40.74417
          ],
          [
            -73.86582,
            40.74413
          ],
          [
            -73.86585,
            40.74408
          ],
          [
            -73.86586,
            40.74404
          ],
          [
            -73.86592,
            40.74381
          ],
          [
            -73.86599,
            40.74348
          ],
          [
            -73.86599,
            40.74348
          ],
          [
            -73.86599,
            40.74348
          ],
          [
            -73.86607,
            40.74315
          ],
          [
            -73.86608,
            40.7431
          ],
          [
            -73.8661,
            40.74305
          ],
          [
            -73.86611,
            40.74304
          ],
          [
            -73.86613,
            40.743
          ],
          [
            -73.86621,
            40.74293
          ],
          [
            -73.86635,
            40.74282
          ],
          [
            -73.86699,
            40.74233
          ],
          [
            -73.86717,
            40.74219
          ],
          [
            -73.86724,
            40.74215
          ],
          [
            -73.86724,
            40.74215
          ],
          [
            -73.86724,
            40.74215
          ],
          [
            -73.86726,
            40.74214
          ],
          [
            -73.86736,
            40.7421
          ],
          [
            -73.86748,
            40.7421
          ],
          [
            -73.86758,
            40.74211
          ],
          [
            -73.86768,
            40.74212
          ],
          [
            -73.86801,
            40.74215
          ],
          [
            -73.86802,
            40.74215
          ],
          [
            -73.8684,
            40.74219
          ],
          [
            -73.86841,
            40.74219
          ],
          [
            -73.86988,
            40.74235
          ],
          [
            -73.86994,
            40.74236
          ],
          [
            -73.87001,
            40.74236
          ],
          [
            -73.87001,
            40.74236
          ],
          [
            -73.87001,
            40.74236
          ],
          [
            -73.87007,
            40.74237
          ],
          [
            -73.87014,
            40.74237
          ],
          [
            -73.8702,
            40.74237
          ],
          [
            -73.87026,
            40.74237
          ],
          [
            -73.87033,
            40.74238
          ],
          [
            -73.87044,
            40.74238
          ],
          [
            -73.87057,
            40.74239
          ],
          [
            -73.87076,
            40.74239
          ],
          [
            -73.87142,
            40.74242
          ],
          [
            -73.87211,
            40.74245
          ],
          [
            -73.87225,
            40.74246
          ],
          [
            -73.87235,
            40.74246
          ],
          [
            -73.87244,
            40.74247
          ],
          [
            -73.87337,
            40.74251
          ],
          [
            -73.87345,
            40.74252
          ],
          [
            -73.87355,
            40.74251
          ],
          [
            -73.87364,
            40.74249
          ],
          [
            -73.87368,
            40.74247
          ],
          [
            -73.87386,
            40.74234
          ],
          [
            -73.87386,
            40.74234
          ],
          [
            -73.87386,
            40.74234
          ],
          [
            -73.87485,
            40.74162
          ],
          [
            -73.87493,
            40.74157
          ],
          [
            -73.87493,
            40.74157
          ],
          [
            -73.87493,
            40.74157
          ],
          [
            -73.87495,
            40.74155
          ],
          [
            -73.87502,
            40.7415
          ],
          [
            -73.87509,
            40.74146
          ],
          [
            -73.87511,
            40.74144
          ],
          [
            -73.87553,
            40.74115
          ],
          [
            -73.87566,
            40.74106
          ],
          [
            -73.87589,
            40.74088
          ],
          [
            -73.87625,
            40.74062
          ],
          [
            -73.87628,
            40.7406
          ],
          [
            -73.8763,
            40.74059
          ],
          [
            -73.8763,
            40.74059
          ],
          [
            -73.8763,
            40.74059
          ],
          [
            -73.87636,
            40.74054
          ],
          [
            -73.87641,
            40.7405
          ],
          [
            -73.87646,
            40.74047
          ],
          [
            -73.87712,
            40.73999
          ],
          [
            -73.87753,
            40.73969
          ],
          [
            -73.87783,
            40.73947
          ],
          [
            -73.87792,
            40.73941
          ],
          [
            -73.87792,
            40.73941
          ],
          [
            -73.87786,
            40.73934
          ],
          [
            -73.87782,
            40.73928
          ],
          [
            -73.87772,
            40.73911
          ],
          [
            -73.8777,
            40.73907
          ],
          [
            -73.8777,
            40.73907
          ],
          [
            -73.8777,
            40.73907
          ],
          [
            -73.87747,
            40.73867
          ],
          [
            -73.87743,
            40.73861
          ],
          [
            -73.87741,
            40.73855
          ],
          [
            -73.87724,
            40.73819
          ],
          [
            -73.8772,
            40.73807
          ],
          [
            -73.87719,
            40.73802
          ],
          [
            -73.87718,
            40.73796
          ],
          [
            -73.87718,
            40.73786
          ],
          [
            -73.87718,
            40.73781
          ],
          [
            -73.87719,
            40.73774
          ],
          [
            -73.87721,
            40.73769
          ],
          [
            -73.87724,
            40.7376
          ],
          [
            -73.87725,
            40.73755
          ],
          [
            -73.87732,
            40.73739
          ],
          [
            -73.87736,
            40.73729
          ],
          [
            -73.87743,
            40.7371
          ],
          [
            -73.87743,
            40.7371
          ],
          [
            -73.87743,
            40.7371
          ],
          [
            -73.87744,
            40.73707
          ],
          [
            -73.87746,
            40.73704
          ],
          [
            -73.87747,
            40.73701
          ],
          [
            -73.87754,
            40.73692
          ],
          [
            -73.87758,
            40.73687
          ],
          [
            -73.87764,
            40.73681
          ],
          [
            -73.87773,
            40.7367
          ],
          [
            -73.87778,
            40.73664
          ],
          [
            -73.87783,
            40.73659
          ],
          [
            -73.87786,
            40.73655
          ],
          [
            -73.8779,
            40.73651
          ],
          [
            -73.87792,
            40.73649
          ],
          [
            -73.87796,
            40.73646
          ],
          [
            -73.87801,
            40.73643
          ],
          [
            -73.87807,
            40.7364
          ],
          [
            -73.87814,
            40.73638
          ],
          [
            -73.87825,
            40.73635
          ],
          [
            -73.87831,
            40.73633
          ],
          [
            -73.87831,
            40.73633
          ],
          [
            -73.87831,
            40.73633
          ],
          [
            -73.87851,
            40.73628
          ],
          [
            -73.87863,
            40.73625
          ],
          [
            -73.87867,
            40.73623
          ],
          [
            -73.87876,
            40.73621
          ],
          [
            -73.87905,
            40.73614
          ],
          [
            -73.87917,
            40.73611
          ],
          [
            -73.87954,
            40.73601
          ],
          [
            -73.88026,
            40.73582
          ],
          [
            -73.88044,
            40.73577
          ],
          [
            -73.88052,
            40.73575
          ],
          [
            -73.88063,
            40.73572
          ],
          [
            -73.88082,
            40.73567
          ],
          [
            -73.88087,
            40.73566
          ],
          [
            -73.88087,
            40.73566
          ],
          [
            -73.88087,
            40.73566
          ],
          [
            -73.88099,
            40.73562
          ],
          [
            -73.88103,
            40.73561
          ],
          [
            -73.88108,
            40.73559
          ],
          [
            -73.88111,
            40.73557
          ],
          [
            -73.88117,
            40.73553
          ],
          [
            -73.88139,
            40.73538
          ],
          [
            -73.8817,
            40.73516
          ],
          [
            -73.88181,
            40.73509
          ],
          [
            -73.88183,
            40.73508
          ],
          [
            -73.88201,
            40.73495
          ],
          [
            -73.88204,
            40.73493
          ],
          [
            -73.88204,
            40.73493
          ],
          [
            -73.88204,
            40.73493
          ],
          [
            -73.88211,
            40.73488
          ],
          [
            -73.88217,
            40.73483
          ],
          [
            -73.88297,
            40.73428
          ],
          [
            -73.88348,
            40.73392
          ],
          [
            -73.88373,
            40.73365
          ],
          [
            -73.88376,
            40.73362
          ],
          [
            -73.88377,
            40.73361
          ],
          [
            -73.88381,
            40.73356
          ],
          [
            -73.88384,
            40.73351
          ],
          [
            -73.88395,
            40.73334
          ],
          [
            -73.88395,
            40.73334
          ],
          [
            -73.88395,
            40.73334
          ],
          [
            -73.88411,
            40.7331
          ],
          [
            -73.8845,
            40.73245
          ],
          [
            -73.88453,
            40.73239
          ],
          [
            -73.88456,
            40.73234
          ],
          [
            -73.88468,
            40.73214
          ],
          [
            -73.88469,
            40.73213
          ],
          [
            -73.88469,
            40.73213
          ],
          [
            -73.88469,
            40.73213
          ],
          [
            -73.8847,
            40.7321
          ],
          [
            -73.88472,
            40.73207
          ],
          [
            -73.88478,
            40.73197
          ],
          [
            -73.88484,
            40.73187
          ],
          [
            -73.8852,
            40.73131
          ],
          [
            -73.88532,
            40.73115
          ],
          [
            -73.88538,
            40.73108
          ],
          [
            -73.88545,
            40.73102
          ],
          [
            -73.88552,
            40.73098
          ],
          [
            -73.88558,
            40.73095
          ],
          [
            -73.88564,
            40.73092
          ],
          [
            -73.88593,
            40.73078
          ],
          [
            -73.88593,
            40.73078
          ],
          [
            -73.88593,
            40.73078
          ],
          [
            -73.88617,
            40.73067
          ],
          [
            -73.88637,
            40.73057
          ],
          [
            -73.88659,
            40.73047
          ],
          [
            -73.8867,
            40.73042
          ],
          [
            -73.88685,
            40.73037
          ],
          [
            -73.88695,
            40.73034
          ],
          [
            -73.88706,
            40.73032
          ],
          [
            -73.88741,
            40.73024
          ],
          [
            -73.88752,
            40.73021
          ],
          [
            -73.88763,
            40.73019
          ],
          [
            -73.88805,
            40.7301
          ],
          [
            -73.88812,
            40.73008
          ],
          [
            -73.88836,
            40.73003
          ],
          [
            -73.88836,
            40.73003
          ],
          [
            -73.88836,
            40.73003
          ],
          [
            -73.88849,
            40.73
          ],
          [
            -73.88857,
            40.72999
          ],
          [
            -73.88924,
            40.72983
          ],
          [
            -73.88937,
            40.72979
          ],
          [
            -73.88975,
            40.72969
          ],
          [
            -73.88981,
            40.72965
          ],
          [
            -73.88987,
            40.7296
          ],
          [
            -73.88996,
            40.72952
          ],
          [
            -73.89002,
            40.72946
          ],
          [
            -73.89007,
            40.7294
          ],
          [
            -73.89021,
            40.72926
          ],
          [
            -73.89024,
            40.72923
          ],
          [
            -73.89024,
            40.72923
          ],
          [
            -73.89024,
            40.72923
          ],
          [
            -73.8908,
            40.72868
          ],
          [
            -73.89086,
            40.72861
          ],
          [
            -73.89091,
            40.72856
          ],
          [
            -73.89095,
            40.72851
          ],
          [
            -73.89105,
            40.72842
          ],
          [
            -73.89118,
            40.72835
          ],
          [
            -73.8913,
            40.72829
          ],
          [
            -73.89142,
            40.72823
          ],
          [
            -73.89153,
            40.72817
          ],
          [
            -73.89161,
            40.72813
          ],
          [
            -73.89182,
            40.72801
          ],
          [
            -73.89182,
            40.72801
          ],
          [
            -73.89182,
            40.72801
          ],
          [
            -73.89221,
            40.7278
          ],
          [
            -73.89229,
            40.72776
          ],
          [
            -73.89235,
            40.72773
          ],
          [
            -73.89295,
            40.72743
          ],
          [
            -73.89312,
            40.7273
          ],
          [
            -73.8932,
            40.72725
          ],
          [
            -73.89327,
            40.72719
          ],
          [
            -73.89333,
            40.72716
          ],
          [
            -73.89386,
            40.72682
          ],
          [
            -73.89432,
            40.72655
          ],
          [
            -73.89436,
            40.72652
          ],
          [
            -73.8944,
            40.7265
          ],
          [
            -73.89444,
            40.72649
          ],
          [
            -73.89465,
            40.72637
          ],
          [
            -73.89468,
            40.72635
          ],
          [
            -73.89468,
            40.72635
          ],
          [
            -73.89468,
            40.72635
          ],
          [
            -73.89471,
            40.72633
          ],
          [
            -73.89482,
            40.72626
          ],
          [
            -73.89482,
            40.72623
          ],
          [
            -73.89517,
            40.72601
          ],
          [
            -73.89522,
            40.72599
          ],
          [
            -73.89532,
            40.72592
          ],
          [
            -73.89546,
            40.72584
          ],
          [
            -73.89548,
            40.72583
          ],
          [
            -73.89575,
            40.72568
          ],
          [
            -73.89575,
            40.72568
          ],
          [
            -73.89575,
            40.72568
          ],
          [
            -73.89585,
            40.72562
          ],
          [
            -73.89599,
            40.72556
          ],
          [
            -73.89651,
            40.72527
          ],
          [
            -73.89671,
            40.72517
          ],
          [
            -73.89682,
            40.72512
          ],
          [
            -73.89696,
            40.72505
          ],
          [
            -73.8972,
            40.72492
          ],
          [
            -73.89729,
            40.72488
          ],
          [
            -73.89729,
            40.72488
          ],
          [
            -73.89729,
            40.72488
          ],
          [
            -73.89806,
            40.72449
          ],
          [
            -73.89836,
            40.72433
          ],
          [
            -73.89844,
            40.72429
          ],
          [
            -73.89852,
            40.72426
          ],
          [
            -73.89867,
            40.72417
          ],
          [
            -73.89869,
            40.72416
          ],
          [
            -73.89875,
            40.72413
          ],
          [
            -73.89875,
            40.72413
          ],
          [
            -73.89875,
            40.72413
          ],
          [
            -73.89883,
            40.72409
          ],
          [
            -73.89954,
            40.72372
          ],
          [
            -73.89961,
            40.72368
          ],
          [
            -73.89968,
            40.72365
          ],
          [
            -73.89976,
            40.72361
          ],
          [
            -73.89976,
            40.72361
          ],
          [
            -73.89976,
            40.72361
          ],
          [
            -73.89992,
            40.72353
          ],
          [
            -73.90062,
            40.72317
          ],
          [
            -73.90062,
            40.72317
          ],
          [
            -73.90125,
            40.72278
          ],
          [
            -73.90143,
            40.72266
          ],
          [
            -73.9015,
            40.72262
          ],
          [
            -73.90158,
            40.72257
          ],
          [
            -73.90182,
            40.72242
          ],
          [
            -73.90184,
            40.72241
          ],
          [
            -73.90184,
            40.72241
          ],
          [
            -73.90184,
            40.72241
          ],
          [
            -73.90227,
            40.72215
          ],
          [
            -73.90312,
            40.72163
          ],
          [
            -73.90312,
            40.72163
          ],
          [
            -73.90309,
            40.72154
          ],
          [
            -73.90309,
            40.72152
          ],
          [
            -73.90301,
            40.72125
          ],
          [
            -73.90301,
            40.72125
          ],
          [
            -73.90301,
            40.72125
          ],
          [
            -73.90257,
            40.71965
          ],
          [
            -73.90252,
            40.71947
          ],
          [
            -73.9025,
            40.71941
          ],
          [
            -73.90249,
            40.71937
          ],
          [
            -73.90243,
            40.71916
          ],
          [
            -73.9024,
            40.71904
          ],
          [
            -73.9024,
            40.71904
          ],
          [
            -73.90248,
            40.71903
          ],
          [
            -73.90248,
            40.71903
          ],
          [
            -73.90248,
            40.71903
          ],
          [
            -73.9024,
            40.71904
          ],
          [
            -73.9024,
            40.71904
          ],
          [
            -73.90233,
            40.71882
          ],
          [
            -73.90229,
            40.71868
          ],
          [
            -73.90218,
            40.71828
          ],
          [
            -73.90214,
            40.71811
          ],
          [
            -73.90213,
            40.7181
          ],
          [
            -73.90213,
            40.7181
          ],
          [
            -73.90213,
            40.7181
          ],
          [
            -73.90213,
            40.71808
          ],
          [
            -73.9021,
            40.718
          ],
          [
            -73.90209,
            40.71795
          ],
          [
            -73.90184,
            40.71703
          ],
          [
            -73.90182,
            40.71697
          ],
          [
            -73.9018,
            40.71689
          ],
          [
            -73.90178,
            40.71685
          ],
          [
            -73.90178,
            40.71685
          ],
          [
            -73.90178,
            40.71685
          ],
          [
            -73.90175,
            40.71673
          ],
          [
            -73.90167,
            40.71646
          ],
          [
            -73.90163,
            40.71632
          ],
          [
            -73.90162,
            40.71626
          ],
          [
            -73.90159,
            40.71617
          ],
          [
            -73.90155,
            40.71603
          ],
          [
            -73.90146,
            40.71572
          ],
          [
            -73.90144,
            40.71565
          ],
          [
            -73.90143,
            40.71559
          ],
          [
            -73.90138,
            40.71541
          ],
          [
            -73.90126,
            40.71498
          ],
          [
            -73.9012,
            40.71478
          ],
          [
            -73.9012,
            40.71478
          ],
          [
            -73.9012,
            40.71478
          ],
          [
            -73.9012,
            40.71477
          ],
          [
            -73.90119,
            40.71473
          ],
          [
            -73.90116,
            40.71462
          ],
          [
            -73.90114,
            40.71454
          ],
          [
            -73.90105,
            40.71425
          ],
          [
            -73.90103,
            40.71417
          ],
          [
            -73.90095,
            40.71388
          ],
          [
            -73.90094,
            40.71384
          ],
          [
            -73.90089,
            40.71368
          ],
          [
            -73.90075,
            40.71317
          ],
          [
            -73.90075,
            40.71316
          ],
          [
            -73.90063,
            40.71278
          ],
          [
            -73.90059,
            40.7127
          ],
          [
            -73.90056,
            40.71263
          ],
          [
            -73.90051,
            40.71254
          ],
          [
            -73.90051,
            40.71253
          ],
          [
            -73.90051,
            40.71253
          ],
          [
            -73.90062,
            40.71251
          ],
          [
            -73.9007,
            40.71248
          ],
          [
            -73.9007,
            40.71248
          ],
          [
            -73.9007,
            40.71248
          ],
          [
            -73.90062,
            40.71251
          ],
          [
            -73.90051,
            40.71253
          ],
          [
            -73.90051,
            40.71253
          ],
          [
            -73.90049,
            40.7125
          ],
          [
            -73.90046,
            40.71244
          ],
          [
            -73.90039,
            40.7123
          ],
          [
            -73.90034,
            40.71221
          ],
          [
            -73.90031,
            40.71214
          ],
          [
            -73.90022,
            40.71198
          ],
          [
            -73.90019,
            40.7119
          ],
          [
            -73.90017,
            40.71187
          ],
          [
            -73.90009,
            40.71171
          ],
          [
            -73.89986,
            40.71127
          ],
          [
            -73.89983,
            40.71122
          ],
          [
            -73.89975,
            40.71106
          ],
          [
            -73.89971,
            40.71098
          ],
          [
            -73.89968,
            40.71093
          ],
          [
            -73.89948,
            40.71056
          ],
          [
            -73.89944,
            40.71048
          ],
          [
            -73.89939,
            40.71039
          ],
          [
            -73.89936,
            40.71032
          ],
          [
            -73.89932,
            40.71027
          ],
          [
            -73.89895,
            40.70974
          ],
          [
            -73.89891,
            40.70968
          ],
          [
            -73.89887,
            40.70963
          ],
          [
            -73.89876,
            40.70948
          ],
          [
            -73.89872,
            40.70942
          ],
          [
            -73.89872,
            40.70942
          ],
          [
            -73.89872,
            40.70942
          ],
          [
            -73.8985,
            40.7091
          ],
          [
            -73.89845,
            40.70904
          ],
          [
            -73.89842,
            40.70899
          ],
          [
            -73.89805,
            40.70847
          ],
          [
            -73.898,
            40.7084
          ],
          [
            -73.89797,
            40.70835
          ],
          [
            -73.89792,
            40.70829
          ],
          [
            -73.89792,
            40.70829
          ],
          [
            -73.89792,
            40.70829
          ],
          [
            -73.89784,
            40.70816
          ],
          [
            -73.89774,
            40.70802
          ],
          [
            -73.8976,
            40.70782
          ],
          [
            -73.89756,
            40.70776
          ],
          [
            -73.89754,
            40.70771
          ],
          [
            -73.89726,
            40.70715
          ],
          [
            -73.89723,
            40.7071
          ],
          [
            -73.89721,
            40.70704
          ],
          [
            -73.89697,
            40.70657
          ],
          [
            -73.89694,
            40.7065
          ],
          [
            -73.89694,
            40.7065
          ],
          [
            -73.89705,
            40.70647
          ],
          [
            -73.89734,
            40.7064
          ],
          [
            -73.89734,
            40.7064
          ]
        ]
      }
    },
    {
      "type": "Feature",
      "properties": {
        "route_id": "Q58-W-RushHour",
        "layer": "T2 Original"
      },
      "geometry": {
        "type": "LineString",
        "coordinates": [
          [
            -73.82933,
            40.75743
          ],
          [
            -73.82927,
            40.75746
          ],
          [
            -73.82913,
            40.75752
          ],
          [
            -73.82913,
            40.75752
          ],
          [
            -73.8291,
            40.75744
          ],
          [
            -73.8289,
            40.75696
          ],
          [
            -73.82881,
            40.75674
          ],
          [
            -73.82879,
            40.75667
          ],
          [
            -73.82879,
            40.75667
          ],
          [
            -73.82892,
            40.75661
          ],
          [
            -73.82932,
            40.75642
          ],
          [
            -73.82972,
            40.75624
          ],
          [
            -73.83068,
            40.75579
          ],
          [
            -73.83076,
            40.75575
          ],
          [
            -73.83083,
            40.75572
          ],
          [
            -73.83144,
            40.75543
          ],
          [
            -73.83157,
            40.75538
          ],
          [
            -73.83278,
            40.75479
          ],
          [
            -73.83293,
            40.75473
          ],
          [
            -73.83296,
            40.75471
          ],
          [
            -73.83306,
            40.75469
          ],
          [
            -73.83306,
            40.75469
          ],
          [
            -73.83318,
            40.75467
          ],
          [
            -73.83316,
            40.7546
          ],
          [
            -73.83308,
            40.75434
          ],
          [
            -73.83308,
            40.75434
          ],
          [
            -73.83308,
            40.75434
          ],
          [
            -73.83304,
            40.75421
          ],
          [
            -73.83292,
            40.75382
          ],
          [
            -73.8329,
            40.75378
          ],
          [
            -73.83288,
            40.75371
          ],
          [
            -73.83287,
            40.75367
          ],
          [
            -73.83279,
            40.75342
          ],
          [
            -73.83276,
            40.75328
          ],
          [
            -73.83271,
            40.75315
          ],
          [
            -73.83268,
            40.75302
          ],
          [
            -73.83266,
            40.75297
          ],
          [
            -73.83251,
            40.75247
          ],
          [
            -73.83249,
            40.75239
          ],
          [
            -73.83247,
            40.75232
          ],
          [
            -73.83245,
            40.75227
          ],
          [
            -73.83238,
            40.752
          ],
          [
            -73.83238,
            40.752
          ],
          [
            -73.83238,
            40.752
          ],
          [
            -73.83235,
            40.75193
          ],
          [
            -73.83232,
            40.75173
          ],
          [
            -73.83233,
            40.75158
          ],
          [
            -73.83235,
            40.75148
          ],
          [
            -73.83243,
            40.75113
          ],
          [
            -73.83272,
            40.74993
          ],
          [
            -73.83307,
            40.74842
          ],
          [
            -73.83309,
            40.74835
          ],
          [
            -73.83311,
            40.74828
          ],
          [
            -73.83314,
            40.74822
          ],
          [
            -73.83317,
            40.74817
          ],
          [
            -73.83319,
            40.74813
          ],
          [
            -73.83324,
            40.74807
          ],
          [
            -73.8333,
            40.74802
          ],
          [
            -73.83338,
            40.74796
          ],
          [
            -73.83346,
            40.74791
          ],
          [
            -73.83406,
            40.74754
          ],
          [
            -73.8342,
            40.74746
          ],
          [
            -73.83424,
            40.74743
          ],
          [
            -73.83432,
            40.74738
          ],
          [
            -73.83439,
            40.74733
          ],
          [
            -73.83446,
            40.74727
          ],
          [
            -73.83452,
            40.74721
          ],
          [
            -73.83458,
            40.74715
          ],
          [
            -73.83464,
            40.74709
          ],
          [
            -73.83469,
            40.74702
          ],
          [
            -73.83472,
            40.74698
          ],
          [
            -73.83476,
            40.74691
          ],
          [
            -73.83479,
            40.74686
          ],
          [
            -73.83481,
            40.74682
          ],
          [
            -73.83491,
            40.74664
          ],
          [
            -73.83491,
            40.74664
          ],
          [
            -73.83491,
            40.74664
          ],
          [
            -73.83526,
            40.74599
          ],
          [
            -73.83526,
            40.74599
          ],
          [
            -73.83526,
            40.74599
          ],
          [
            -73.83546,
            40.74563
          ],
          [
            -73.8355,
            40.74556
          ],
          [
            -73.83559,
            40.7454
          ],
          [
            -73.83564,
            40.74531
          ],
          [
            -73.83569,
            40.74523
          ],
          [
            -73.83574,
            40.74516
          ],
          [
            -73.83579,
            40.74509
          ],
          [
            -73.83584,
            40.74503
          ],
          [
            -73.83591,
            40.74496
          ],
          [
            -73.83592,
            40.74495
          ],
          [
            -73.83598,
            40.74489
          ],
          [
            -73.83602,
            40.74486
          ],
          [
            -73.83604,
            40.74483
          ],
          [
            -73.83607,
            40.74482
          ],
          [
            -73.83616,
            40.74475
          ],
          [
            -73.83621,
            40.74472
          ],
          [
            -73.83621,
            40.74472
          ],
          [
            -73.83621,
            40.74472
          ],
          [
            -73.83626,
            40.74469
          ],
          [
            -73.83636,
            40.74463
          ],
          [
            -73.83664,
            40.74447
          ],
          [
            -73.83675,
            40.7444
          ],
          [
            -73.83685,
            40.74433
          ],
          [
            -73.83694,
            40.74427
          ],
          [
            -73.83705,
            40.74418
          ],
          [
            -73.83709,
            40.74415
          ],
          [
            -73.83715,
            40.74409
          ],
          [
            -73.8372,
            40.74402
          ],
          [
            -73.8372,
            40.74402
          ],
          [
            -73.83729,
            40.74403
          ],
          [
            -73.83745,
            40.74404
          ],
          [
            -73.83761,
            40.74404
          ],
          [
            -73.83849,
            40.74407
          ],
          [
            -73.83858,
            40.74407
          ],
          [
            -73.83867,
            40.74407
          ],
          [
            -73.83875,
            40.74406
          ],
          [
            -73.83882,
            40.74405
          ],
          [
            -73.8389,
            40.74403
          ],
          [
            -73.83901,
            40.744
          ],
          [
            -73.83909,
            40.74397
          ],
          [
            -73.83916,
            40.74393
          ],
          [
            -73.83924,
            40.74389
          ],
          [
            -73.8393,
            40.74385
          ],
          [
            -73.84117,
            40.74249
          ],
          [
            -73.84139,
            40.74233
          ],
          [
            -73.84159,
            40.7422
          ],
          [
            -73.84183,
            40.74206
          ],
          [
            -73.84206,
            40.74193
          ],
          [
            -73.84231,
            40.7418
          ],
          [
            -73.84255,
            40.74166
          ],
          [
            -73.84276,
            40.74156
          ],
          [
            -73.84296,
            40.74146
          ],
          [
            -73.84386,
            40.74103
          ],
          [
            -73.84422,
            40.74085
          ],
          [
            -73.84458,
            40.74066
          ],
          [
            -73.84494,
            40.74048
          ],
          [
            -73.84502,
            40.74045
          ],
          [
            -73.84532,
            40.74032
          ],
          [
            -73.84582,
            40.74009
          ],
          [
            -73.8461,
            40.73993
          ],
          [
            -73.84668,
            40.73968
          ],
          [
            -73.84668,
            40.73968
          ],
          [
            -73.84715,
            40.7395
          ],
          [
            -73.84722,
            40.73947
          ],
          [
            -73.84731,
            40.73944
          ],
          [
            -73.8474,
            40.73941
          ],
          [
            -73.84781,
            40.73928
          ],
          [
            -73.84793,
            40.73924
          ],
          [
            -73.84804,
            40.73919
          ],
          [
            -73.84813,
            40.73915
          ],
          [
            -73.84821,
            40.7391
          ],
          [
            -73.8483,
            40.73905
          ],
          [
            -73.84869,
            40.73877
          ],
          [
            -73.84892,
            40.73865
          ],
          [
            -73.84902,
            40.73861
          ],
          [
            -73.84917,
            40.73855
          ],
          [
            -73.84931,
            40.73851
          ],
          [
            -73.84991,
            40.73833
          ],
          [
            -73.85041,
            40.73818
          ],
          [
            -73.85041,
            40.73818
          ],
          [
            -73.85041,
            40.73818
          ],
          [
            -73.85085,
            40.73805
          ],
          [
            -73.85096,
            40.73802
          ],
          [
            -73.85115,
            40.73796
          ],
          [
            -73.85183,
            40.73774
          ],
          [
            -73.85183,
            40.73774
          ],
          [
            -73.85183,
            40.73774
          ],
          [
            -73.85186,
            40.73773
          ],
          [
            -73.85193,
            40.73771
          ],
          [
            -73.85204,
            40.73769
          ],
          [
            -73.85204,
            40.73769
          ],
          [
            -73.85208,
            40.73776
          ],
          [
            -73.85209,
            40.73778
          ],
          [
            -73.85212,
            40.73784
          ],
          [
            -73.85218,
            40.73795
          ],
          [
            -73.8522,
            40.73799
          ],
          [
            -73.85224,
            40.73808
          ],
          [
            -73.85225,
            40.7381
          ],
          [
            -73.85242,
            40.73841
          ],
          [
            -73.85276,
            40.73908
          ],
          [
            -73.85282,
            40.73921
          ],
          [
            -73.85287,
            40.73929
          ],
          [
            -73.85291,
            40.73938
          ],
          [
            -73.85297,
            40.73951
          ],
          [
            -73.853,
            40.73956
          ],
          [
            -73.853,
            40.73956
          ],
          [
            -73.853,
            40.73956
          ],
          [
            -73.85306,
            40.73969
          ],
          [
            -73.85329,
            40.7401
          ],
          [
            -73.85334,
            40.74019
          ],
          [
            -73.85339,
            40.74027
          ],
          [
            -73.85369,
            40.74089
          ],
          [
            -73.85371,
            40.74093
          ],
          [
            -73.85379,
            40.74109
          ],
          [
            -73.85379,
            40.74109
          ],
          [
            -73.85365,
            40.74104
          ],
          [
            -73.8536,
            40.74102
          ],
          [
            -73.85357,
            40.74101
          ],
          [
            -73.85357,
            40.74101
          ],
          [
            -73.85357,
            40.74101
          ],
          [
            -73.85264,
            40.74071
          ],
          [
            -73.85264,
            40.74071
          ],
          [
            -73.85262,
            40.74077
          ],
          [
            -73.85244,
            40.74126
          ],
          [
            -73.85242,
            40.74131
          ],
          [
            -73.85239,
            40.74139
          ],
          [
            -73.85239,
            40.74139
          ],
          [
            -73.85287,
            40.74159
          ],
          [
            -73.85334,
            40.74181
          ],
          [
            -73.8534,
            40.74185
          ],
          [
            -73.85348,
            40.74192
          ],
          [
            -73.85368,
            40.74211
          ],
          [
            -73.8539,
            40.74233
          ],
          [
            -73.85421,
            40.7426
          ],
          [
            -73.85433,
            40.7427
          ],
          [
            -73.85433,
            40.7427
          ],
          [
            -73.8545,
            40.74269
          ],
          [
            -73.85463,
            40.74268
          ],
          [
            -73.85463,
            40.74268
          ],
          [
            -73.85467,
            40.74275
          ],
          [
            -73.85468,
            40.74278
          ],
          [
            -73.85471,
            40.74283
          ],
          [
            -73.85491,
            40.74321
          ],
          [
            -73.85492,
            40.74325
          ],
          [
            -73.85496,
            40.74331
          ],
          [
            -73.85496,
            40.74331
          ],
          [
            -73.85522,
            40.74338
          ],
          [
            -73.85575,
            40.74356
          ],
          [
            -73.85587,
            40.7436
          ],
          [
            -73.85589,
            40.74361
          ],
          [
            -73.85589,
            40.74361
          ],
          [
            -73.85589,
            40.74361
          ],
          [
            -73.85599,
            40.74364
          ],
          [
            -73.85607,
            40.74367
          ],
          [
            -73.85614,
            40.74369
          ],
          [
            -73.8563,
            40.74375
          ],
          [
            -73.85653,
            40.74381
          ],
          [
            -73.85674,
            40.74386
          ],
          [
            -73.85691,
            40.74389
          ],
          [
            -73.85717,
            40.74391
          ],
          [
            -73.85723,
            40.74392
          ],
          [
            -73.85735,
            40.74393
          ],
          [
            -73.85747,
            40.74394
          ],
          [
            -73.85757,
            40.74395
          ],
          [
            -73.85763,
            40.74396
          ],
          [
            -73.85833,
            40.74401
          ],
          [
            -73.85863,
            40.74404
          ],
          [
            -73.85871,
            40.74404
          ],
          [
            -73.8588,
            40.74405
          ],
          [
            -73.85911,
            40.74407
          ],
          [
            -73.85917,
            40.74408
          ],
          [
            -73.85917,
            40.74408
          ],
          [
            -73.85917,
            40.74408
          ],
          [
            -73.85986,
            40.74414
          ],
          [
            -73.86142,
            40.74426
          ],
          [
            -73.8617,
            40.74428
          ],
          [
            -73.86178,
            40.74429
          ],
          [
            -73.86186,
            40.74429
          ],
          [
            -73.86214,
            40.74432
          ],
          [
            -73.86218,
            40.74432
          ],
          [
            -73.86218,
            40.74432
          ],
          [
            -73.86218,
            40.74432
          ],
          [
            -73.86238,
            40.74433
          ],
          [
            -73.86239,
            40.74434
          ],
          [
            -73.86255,
            40.74438
          ],
          [
            -73.86291,
            40.74455
          ],
          [
            -73.86301,
            40.74459
          ],
          [
            -73.86309,
            40.74463
          ],
          [
            -73.8634,
            40.74478
          ],
          [
            -73.8641,
            40.74512
          ],
          [
            -73.86417,
            40.74514
          ],
          [
            -73.86423,
            40.74514
          ],
          [
            -73.86429,
            40.74514
          ],
          [
            -73.86438,
            40.74509
          ],
          [
            -73.86446,
            40.74503
          ],
          [
            -73.86449,
            40.74501
          ],
          [
            -73.86467,
            40.74489
          ],
          [
            -73.86474,
            40.74485
          ],
          [
            -73.86478,
            40.74482
          ],
          [
            -73.86478,
            40.74482
          ],
          [
            -73.86478,
            40.74482
          ],
          [
            -73.86482,
            40.7448
          ],
          [
            -73.86488,
            40.74476
          ],
          [
            -73.86512,
            40.74461
          ],
          [
            -73.86521,
            40.74454
          ],
          [
            -73.8656,
            40.74428
          ],
          [
            -73.86577,
            40.74417
          ],
          [
            -73.86582,
            40.74413
          ],
          [
            -73.86585,
            40.74408
          ],
          [
            -73.86586,
            40.74404
          ],
          [
            -73.86592,
            40.74381
          ],
          [
            -73.86599,
            40.74348
          ],
          [
            -73.86599,
            40.74348
          ],
          [
            -73.86599,
            40.74348
          ],
          [
            -73.86607,
            40.74315
          ],
          [
            -73.86608,
            40.7431
          ],
          [
            -73.8661,
            40.74305
          ],
          [
            -73.86611,
            40.74304
          ],
          [
            -73.86613,
            40.743
          ],
          [
            -73.86621,
            40.74293
          ],
          [
            -73.86635,
            40.74282
          ],
          [
            -73.86699,
            40.74233
          ],
          [
            -73.86717,
            40.74219
          ],
          [
            -73.86724,
            40.74215
          ],
          [
            -73.86724,
            40.74215
          ],
          [
            -73.86724,
            40.74215
          ],
          [
            -73.86726,
            40.74214
          ],
          [
            -73.86736,
            40.7421
          ],
          [
            -73.86748,
            40.7421
          ],
          [
            -73.86758,
            40.74211
          ],
          [
            -73.86768,
            40.74212
          ],
          [
            -73.86801,
            40.74215
          ],
          [
            -73.86802,
            40.74215
          ],
          [
            -73.8684,
            40.74219
          ],
          [
            -73.86841,
            40.74219
          ],
          [
            -73.86988,
            40.74235
          ],
          [
            -73.86994,
            40.74236
          ],
          [
            -73.87001,
            40.74236
          ],
          [
            -73.87001,
            40.74236
          ],
          [
            -73.87001,
            40.74236
          ],
          [
            -73.87007,
            40.74237
          ],
          [
            -73.87014,
            40.74237
          ],
          [
            -73.8702,
            40.74237
          ],
          [
            -73.87026,
            40.74237
          ],
          [
            -73.87033,
            40.74238
          ],
          [
            -73.87044,
            40.74238
          ],
          [
            -73.87057,
            40.74239
          ],
          [
            -73.87076,
            40.74239
          ],
          [
            -73.87142,
            40.74242
          ],
          [
            -73.87211,
            40.74245
          ],
          [
            -73.87225,
            40.74246
          ],
          [
            -73.87235,
            40.74246
          ],
          [
            -73.87244,
            40.74247
          ],
          [
            -73.87337,
            40.74251
          ],
          [
            -73.87345,
            40.74252
          ],
          [
            -73.87355,
            40.74251
          ],
          [
            -73.87364,
            40.74249
          ],
          [
            -73.87368,
            40.74247
          ],
          [
            -73.87386,
            40.74234
          ],
          [
            -73.87386,
            40.74234
          ],
          [
            -73.87386,
            40.74234
          ],
          [
            -73.87485,
            40.74162
          ],
          [
            -73.87493,
            40.74157
          ],
          [
            -73.87493,
            40.74157
          ],
          [
            -73.87493,
            40.74157
          ],
          [
            -73.87495,
            40.74155
          ],
          [
            -73.87502,
            40.7415
          ],
          [
            -73.87509,
            40.74146
          ],
          [
            -73.87511,
            40.74144
          ],
          [
            -73.87553,
            40.74115
          ],
          [
            -73.87566,
            40.74106
          ],
          [
            -73.87589,
            40.74088
          ],
          [
            -73.87625,
            40.74062
          ],
          [
            -73.87628,
            40.7406
          ],
          [
            -73.8763,
            40.74059
          ],
          [
            -73.8763,
            40.74059
          ],
          [
            -73.8763,
            40.74059
          ],
          [
            -73.87636,
            40.74054
          ],
          [
            -73.87641,
            40.7405
          ],
          [
            -73.87646,
            40.74047
          ],
          [
            -73.87712,
            40.73999
          ],
          [
            -73.87753,
            40.73969
          ],
          [
            -73.87783,
            40.73947
          ],
          [
            -73.87792,
            40.73941
          ],
          [
            -73.87792,
            40.73941
          ],
          [
            -73.87786,
            40.73934
          ],
          [
            -73.87782,
            40.73928
          ],
          [
            -73.87772,
            40.73911
          ],
          [
            -73.8777,
            40.73907
          ],
          [
            -73.8777,
            40.73907
          ],
          [
            -73.8777,
            40.73907
          ],
          [
            -73.87747,
            40.73867
          ],
          [
            -73.87743,
            40.73861
          ],
          [
            -73.87741,
            40.73855
          ],
          [
            -73.87724,
            40.73819
          ],
          [
            -73.8772,
            40.73807
          ],
          [
            -73.87719,
            40.73802
          ],
          [
            -73.87718,
            40.73796
          ],
          [
            -73.87718,
            40.73786
          ],
          [
            -73.87718,
            40.73781
          ],
          [
            -73.87719,
            40.73774
          ],
          [
            -73.87721,
            40.73769
          ],
          [
            -73.87724,
            40.7376
          ],
          [
            -73.87725,
            40.73755
          ],
          [
            -73.87732,
            40.73739
          ],
          [
            -73.87736,
            40.73729
          ],
          [
            -73.87743,
            40.7371
          ],
          [
            -73.87743,
            40.7371
          ],
          [
            -73.87743,
            40.7371
          ],
          [
            -73.87744,
            40.73707
          ],
          [
            -73.87746,
            40.73704
          ],
          [
            -73.87747,
            40.73701
          ],
          [
            -73.87754,
            40.73692
          ],
          [
            -73.87758,
            40.73687
          ],
          [
            -73.87764,
            40.73681
          ],
          [
            -73.87773,
            40.7367
          ],
          [
            -73.87778,
            40.73664
          ],
          [
            -73.87783,
            40.73659
          ],
          [
            -73.87786,
            40.73655
          ],
          [
            -73.8779,
            40.73651
          ],
          [
            -73.87792,
            40.73649
          ],
          [
            -73.87796,
            40.73646
          ],
          [
            -73.87801,
            40.73643
          ],
          [
            -73.87807,
            40.7364
          ],
          [
            -73.87814,
            40.73638
          ],
          [
            -73.87825,
            40.73635
          ],
          [
            -73.87831,
            40.73633
          ],
          [
            -73.87831,
            40.73633
          ],
          [
            -73.87831,
            40.73633
          ],
          [
            -73.87851,
            40.73628
          ],
          [
            -73.87863,
            40.73625
          ],
          [
            -73.87867,
            40.73623
          ],
          [
            -73.87876,
            40.73621
          ],
          [
            -73.87905,
            40.73614
          ],
          [
            -73.87917,
            40.73611
          ],
          [
            -73.87954,
            40.73601
          ],
          [
            -73.88026,
            40.73582
          ],
          [
            -73.88044,
            40.73577
          ],
          [
            -73.88052,
            40.73575
          ],
          [
            -73.88063,
            40.73572
          ],
          [
            -73.88082,
            40.73567
          ],
          [
            -73.88087,
            40.73566
          ],
          [
            -73.88087,
            40.73566
          ],
          [
            -73.88087,
            40.73566
          ],
          [
            -73.88099,
            40.73562
          ],
          [
            -73.88103,
            40.73561
          ],
          [
            -73.88108,
            40.73559
          ],
          [
            -73.88111,
            40.73557
          ],
          [
            -73.88117,
            40.73553
          ],
          [
            -73.88139,
            40.73538
          ],
          [
            -73.8817,
            40.73516
          ],
          [
            -73.88181,
            40.73509
          ],
          [
            -73.88183,
            40.73508
          ],
          [
            -73.88201,
            40.73495
          ],
          [
            -73.88204,
            40.73493
          ],
          [
            -73.88204,
            40.73493
          ],
          [
            -73.88204,
            40.73493
          ],
          [
            -73.88211,
            40.73488
          ],
          [
            -73.88217,
            40.73483
          ],
          [
            -73.88297,
            40.73428
          ],
          [
            -73.88348,
            40.73392
          ],
          [
            -73.88373,
            40.73365
          ],
          [
            -73.88376,
            40.73362
          ],
          [
            -73.88377,
            40.73361
          ],
          [
            -73.88381,
            40.73356
          ],
          [
            -73.88384,
            40.73351
          ],
          [
            -73.88395,
            40.73334
          ],
          [
            -73.88395,
            40.73334
          ],
          [
            -73.88395,
            40.73334
          ],
          [
            -73.88411,
            40.7331
          ],
          [
            -73.8845,
            40.73245
          ],
          [
            -73.88453,
            40.73239
          ],
          [
            -73.88456,
            40.73234
          ],
          [
            -73.88468,
            40.73214
          ],
          [
            -73.88469,
            40.73213
          ],
          [
            -73.88469,
            40.73213
          ],
          [
            -73.88469,
            40.73213
          ],
          [
            -73.8847,
            40.7321
          ],
          [
            -73.88472,
            40.73207
          ],
          [
            -73.88478,
            40.73197
          ],
          [
            -73.88484,
            40.73187
          ],
          [
            -73.8852,
            40.73131
          ],
          [
            -73.88532,
            40.73115
          ],
          [
            -73.88538,
            40.73108
          ],
          [
            -73.88545,
            40.73102
          ],
          [
            -73.88552,
            40.73098
          ],
          [
            -73.88558,
            40.73095
          ],
          [
            -73.88564,
            40.73092
          ],
          [
            -73.88593,
            40.73078
          ],
          [
            -73.88593,
            40.73078
          ],
          [
            -73.88593,
            40.73078
          ],
          [
            -73.88617,
            40.73067
          ],
          [
            -73.88637,
            40.73057
          ],
          [
            -73.88659,
            40.73047
          ],
          [
            -73.8867,
            40.73042
          ],
          [
            -73.88685,
            40.73037
          ],
          [
            -73.88695,
            40.73034
          ],
          [
            -73.88706,
            40.73032
          ],
          [
            -73.88741,
            40.73024
          ],
          [
            -73.88752,
            40.73021
          ],
          [
            -73.88763,
            40.73019
          ],
          [
            -73.88805,
            40.7301
          ],
          [
            -73.88812,
            40.73008
          ],
          [
            -73.88836,
            40.73003
          ],
          [
            -73.88836,
            40.73003
          ],
          [
            -73.88836,
            40.73003
          ],
          [
            -73.88849,
            40.73
          ],
          [
            -73.88857,
            40.72999
          ],
          [
            -73.88924,
            40.72983
          ],
          [
            -73.88937,
            40.72979
          ],
          [
            -73.88975,
            40.72969
          ],
          [
            -73.88981,
            40.72965
          ],
          [
            -73.88987,
            40.7296
          ],
          [
            -73.88996,
            40.72952
          ],
          [
            -73.89002,
            40.72946
          ],
          [
            -73.89007,
            40.7294
          ],
          [
            -73.89021,
            40.72926
          ],
          [
            -73.89024,
            40.72923
          ],
          [
            -73.89024,
            40.72923
          ],
          [
            -73.89024,
            40.72923
          ],
          [
            -73.8908,
            40.72868
          ],
          [
            -73.89086,
            40.72861
          ],
          [
            -73.89091,
            40.72856
          ],
          [
            -73.89095,
            40.72851
          ],
          [
            -73.89105,
            40.72842
          ],
          [
            -73.89118,
            40.72835
          ],
          [
            -73.8913,
            40.72829
          ],
          [
            -73.89142,
            40.72823
          ],
          [
            -73.89153,
            40.72817
          ],
          [
            -73.89161,
            40.72813
          ],
          [
            -73.89182,
            40.72801
          ],
          [
            -73.89182,
            40.72801
          ],
          [
            -73.89182,
            40.72801
          ],
          [
            -73.89221,
            40.7278
          ],
          [
            -73.89229,
            40.72776
          ],
          [
            -73.89235,
            40.72773
          ],
          [
            -73.89295,
            40.72743
          ],
          [
            -73.89312,
            40.7273
          ],
          [
            -73.8932,
            40.72725
          ],
          [
            -73.89327,
            40.72719
          ],
          [
            -73.89333,
            40.72716
          ],
          [
            -73.89386,
            40.72682
          ],
          [
            -73.89432,
            40.72655
          ],
          [
            -73.89436,
            40.72652
          ],
          [
            -73.8944,
            40.7265
          ],
          [
            -73.89444,
            40.72649
          ],
          [
            -73.89465,
            40.72637
          ],
          [
            -73.89468,
            40.72635
          ],
          [
            -73.89468,
            40.72635
          ],
          [
            -73.89468,
            40.72635
          ],
          [
            -73.89471,
            40.72633
          ],
          [
            -73.89482,
            40.72626
          ],
          [
            -73.89482,
            40.72623
          ],
          [
            -73.89517,
            40.72601
          ],
          [
            -73.89522,
            40.72599
          ],
          [
            -73.89532,
            40.72592
          ],
          [
            -73.89546,
            40.72584
          ],
          [
            -73.89548,
            40.72583
          ],
          [
            -73.89575,
            40.72568
          ],
          [
            -73.89575,
            40.72568
          ],
          [
            -73.89575,
            40.72568
          ],
          [
            -73.89585,
            40.72562
          ],
          [
            -73.89599,
            40.72556
          ],
          [
            -73.89651,
            40.72527
          ],
          [
            -73.89671,
            40.72517
          ],
          [
            -73.89682,
            40.72512
          ],
          [
            -73.89696,
            40.72505
          ],
          [
            -73.8972,
            40.72492
          ],
          [
            -73.89729,
            40.72488
          ],
          [
            -73.89729,
            40.72488
          ],
          [
            -73.89729,
            40.72488
          ],
          [
            -73.89806,
            40.72449
          ],
          [
            -73.89836,
            40.72433
          ],
          [
            -73.89844,
            40.72429
          ],
          [
            -73.89852,
            40.72426
          ],
          [
            -73.89867,
            40.72417
          ],
          [
            -73.89869,
            40.72416
          ],
          [
            -73.89875,
            40.72413
          ],
          [
            -73.89875,
            40.72413
          ],
          [
            -73.89875,
            40.72413
          ],
          [
            -73.89883,
            40.72409
          ],
          [
            -73.89954,
            40.72372
          ],
          [
            -73.89961,
            40.72368
          ],
          [
            -73.89968,
            40.72365
          ],
          [
            -73.89976,
            40.72361
          ],
          [
            -73.89976,
            40.72361
          ],
          [
            -73.89976,
            40.72361
          ],
          [
            -73.89992,
            40.72353
          ],
          [
            -73.90062,
            40.72317
          ],
          [
            -73.90062,
            40.72317
          ],
          [
            -73.90125,
            40.72278
          ],
          [
            -73.90143,
            40.72266
          ],
          [
            -73.9015,
            40.72262
          ],
          [
            -73.90158,
            40.72257
          ],
          [
            -73.90182,
            40.72242
          ],
          [
            -73.90184,
            40.72241
          ],
          [
            -73.90184,
            40.72241
          ],
          [
            -73.90184,
            40.72241
          ],
          [
            -73.90227,
            40.72215
          ],
          [
            -73.90312,
            40.72163
          ],
          [
            -73.90312,
            40.72163
          ],
          [
            -73.90309,
            40.72154
          ],
          [
            -73.90309,
            40.72152
          ],
          [
            -73.90301,
            40.72125
          ],
          [
            -73.90301,
            40.72125
          ],
          [
            -73.90301,
            40.72125
          ],
          [
            -73.90257,
            40.71965
          ],
          [
            -73.90252,
            40.71947
          ],
          [
            -73.9025,
            40.71941
          ],
          [
            -73.90249,
            40.71937
          ],
          [
            -73.90243,
            40.71916
          ],
          [
            -73.9024,
            40.71904
          ],
          [
            -73.9024,
            40.71904
          ],
          [
            -73.90248,
            40.71903
          ],
          [
            -73.90248,
            40.71903
          ],
          [
            -73.90248,
            40.71903
          ],
          [
            -73.9024,
            40.71904
          ],
          [
            -73.9024,
            40.71904
          ],
          [
            -73.90233,
            40.71882
          ],
          [
            -73.90229,
            40.71868
          ],
          [
            -73.90218,
            40.71828
          ],
          [
            -73.90214,
            40.71811
          ],
          [
            -73.90213,
            40.7181
          ],
          [
            -73.90213,
            40.7181
          ],
          [
            -73.90213,
            40.7181
          ],
          [
            -73.90213,
            40.71808
          ],
          [
            -73.9021,
            40.718
          ],
          [
            -73.90209,
            40.71795
          ],
          [
            -73.90184,
            40.71703
          ],
          [
            -73.90182,
            40.71697
          ],
          [
            -73.9018,
            40.71689
          ],
          [
            -73.90178,
            40.71685
          ],
          [
            -73.90178,
            40.71685
          ],
          [
            -73.90178,
            40.71685
          ],
          [
            -73.90175,
            40.71673
          ],
          [
            -73.90167,
            40.71646
          ],
          [
            -73.90163,
            40.71632
          ],
          [
            -73.90162,
            40.71626
          ],
          [
            -73.90159,
            40.71617
          ],
          [
            -73.90155,
            40.71603
          ],
          [
            -73.90146,
            40.71572
          ],
          [
            -73.90144,
            40.71565
          ],
          [
            -73.90143,
            40.71559
          ],
          [
            -73.90138,
            40.71541
          ],
          [
            -73.90126,
            40.71498
          ],
          [
            -73.9012,
            40.71478
          ],
          [
            -73.9012,
            40.71478
          ],
          [
            -73.9012,
            40.71478
          ],
          [
            -73.9012,
            40.71477
          ],
          [
            -73.90119,
            40.71473
          ],
          [
            -73.90116,
            40.71462
          ],
          [
            -73.90114,
            40.71454
          ],
          [
            -73.90105,
            40.71425
          ],
          [
            -73.90103,
            40.71417
          ],
          [
            -73.90095,
            40.71388
          ],
          [
            -73.90094,
            40.71384
          ],
          [
            -73.90089,
            40.71368
          ],
          [
            -73.90075,
            40.71317
          ],
          [
            -73.90075,
            40.71316
          ],
          [
            -73.90063,
            40.71278
          ],
          [
            -73.90059,
            40.7127
          ],
          [
            -73.90056,
            40.71263
          ],
          [
            -73.90051,
            40.71254
          ],
          [
            -73.90051,
            40.71253
          ],
          [
            -73.90051,
            40.71253
          ],
          [
            -73.90062,
            40.71251
          ],
          [
            -73.9007,
            40.71248
          ],
          [
            -73.9007,
            40.71248
          ],
          [
            -73.9007,
            40.71248
          ],
          [
            -73.90062,
            40.71251
          ],
          [
            -73.90051,
            40.71253
          ],
          [
            -73.90051,
            40.71253
          ],
          [
            -73.90049,
            40.7125
          ],
          [
            -73.90046,
            40.71244
          ],
          [
            -73.90039,
            40.7123
          ],
          [
            -73.90034,
            40.71221
          ],
          [
            -73.90031,
            40.71214
          ],
          [
            -73.90022,
            40.71198
          ],
          [
            -73.90019,
            40.7119
          ],
          [
            -73.90017,
            40.71187
          ],
          [
            -73.90009,
            40.71171
          ],
          [
            -73.89986,
            40.71127
          ],
          [
            -73.89983,
            40.71122
          ],
          [
            -73.89975,
            40.71106
          ],
          [
            -73.89971,
            40.71098
          ],
          [
            -73.89968,
            40.71093
          ],
          [
            -73.89948,
            40.71056
          ],
          [
            -73.89944,
            40.71048
          ],
          [
            -73.89939,
            40.71039
          ],
          [
            -73.89936,
            40.71032
          ],
          [
            -73.89932,
            40.71027
          ],
          [
            -73.89895,
            40.70974
          ],
          [
            -73.89891,
            40.70968
          ],
          [
            -73.89887,
            40.70963
          ],
          [
            -73.89876,
            40.70948
          ],
          [
            -73.89872,
            40.70942
          ],
          [
            -73.89872,
            40.70942
          ],
          [
            -73.89872,
            40.70942
          ],
          [
            -73.8985,
            40.7091
          ],
          [
            -73.89845,
            40.70904
          ],
          [
            -73.89842,
            40.70899
          ],
          [
            -73.89805,
            40.70847
          ],
          [
            -73.898,
            40.7084
          ],
          [
            -73.89797,
            40.70835
          ],
          [
            -73.89792,
            40.70829
          ],
          [
            -73.89792,
            40.70829
          ],
          [
            -73.89792,
            40.70829
          ],
          [
            -73.89784,
            40.70816
          ],
          [
            -73.89774,
            40.70802
          ],
          [
            -73.8976,
            40.70782
          ],
          [
            -73.89756,
            40.70776
          ],
          [
            -73.89754,
            40.70771
          ],
          [
            -73.89726,
            40.70715
          ],
          [
            -73.89723,
            40.7071
          ],
          [
            -73.89721,
            40.70704
          ],
          [
            -73.89697,
            40.70657
          ],
          [
            -73.89694,
            40.7065
          ],
          [
            -73.89694,
            40.7065
          ],
          [
            -73.89705,
            40.70647
          ],
          [
            -73.89734,
            40.7064
          ],
          [
            -73.89734,
            40.7064
          ],
          [
            -73.89734,
            40.7064
          ],
          [
            -73.89737,
            40.7064
          ],
          [
            -73.898,
            40.70624
          ],
          [
            -73.89895,
            40.70602
          ],
          [
            -73.8999,
            40.70578
          ],
          [
            -73.89996,
            40.70577
          ],
          [
            -73.90005,
            40.70574
          ],
          [
            -73.90084,
            40.70552
          ],
          [
            -73.90196,
            40.7052
          ],
          [
            -73.90196,
            40.7052
          ],
          [
            -73.90196,
            40.7052
          ],
          [
            -73.90197,
            40.70519
          ],
          [
            -73.90204,
            40.70517
          ],
          [
            -73.90212,
            40.70515
          ],
          [
            -73.90212,
            40.70515
          ],
          [
            -73.9021,
            40.7051
          ],
          [
            -73.90206,
            40.70499
          ],
          [
            -73.90201,
            40.70486
          ],
          [
            -73.90201,
            40.70486
          ],
          [
            -73.90207,
            40.70481
          ],
          [
            -73.90213,
            40.70475
          ],
          [
            -73.90224,
            40.70466
          ],
          [
            -73.90229,
            40.70461
          ],
          [
            -73.90234,
            40.70456
          ],
          [
            -73.90329,
            40.70363
          ],
          [
            -73.90334,
            40.70358
          ],
          [
            -73.90338,
            40.70354
          ],
          [
            -73.90343,
            40.70349
          ],
          [
            -73.90363,
            40.70329
          ],
          [
            -73.90363,
            40.70329
          ],
          [
            -73.90363,
            40.70329
          ],
          [
            -73.90449,
            40.70245
          ],
          [
            -73.90454,
            40.7024
          ],
          [
            -73.90459,
            40.70236
          ],
          [
            -73.90479,
            40.70216
          ],
          [
            -73.90479,
            40.70216
          ],
          [
            -73.90479,
            40.70216
          ],
          [
            -73.9054,
            40.70156
          ],
          [
            -73.90547,
            40.70149
          ],
          [
            -73.90547,
            40.70149
          ],
          [
            -73.90541,
            40.70146
          ],
          [
            -73.90501,
            40.70122
          ],
          [
            -73.90486,
            40.70114
          ],
          [
            -73.90481,
            40.7011
          ],
          [
            -73.90481,
            40.7011
          ],
          [
            -73.9048,
            40.7011
          ],
          [
            -73.90473,
            40.70106
          ],
          [
            -73.90467,
            40.70102
          ],
          [
            -73.90463,
            40.701
          ],
          [
            -73.90427,
            40.70078
          ],
          [
            -73.90419,
            40.70074
          ],
          [
            -73.90419,
            40.70074
          ],
          [
            -73.90427,
            40.70069
          ],
          [
            -73.90476,
            40.70041
          ],
          [
            -73.90483,
            40.70037
          ],
          [
            -73.90488,
            40.70029
          ],
          [
            -73.90488,
            40.70029
          ],
          [
            -73.9055,
            40.70022
          ],
          [
            -73.90559,
            40.7002
          ],
          [
            -73.90573,
            40.70019
          ],
          [
            -73.90608,
            40.70015
          ],
          [
            -73.90622,
            40.70013
          ],
          [
            -73.90636,
            40.70012
          ],
          [
            -73.90712,
            40.70003
          ],
          [
            -73.90712,
            40.70003
          ],
          [
            -73.90709,
            40.69995
          ],
          [
            -73.90712,
            40.69989
          ],
          [
            -73.90732,
            40.6997
          ],
          [
            -73.90732,
            40.6997
          ],
          [
            -73.90732,
            40.6997
          ],
          [
            -73.90868,
            40.69836
          ],
          [
            -73.90869,
            40.69835
          ],
          [
            -73.90869,
            40.69835
          ],
          [
            -73.90869,
            40.69835
          ],
          [
            -73.90872,
            40.69832
          ],
          [
            -73.90878,
            40.69825
          ],
          [
            -73.90883,
            40.6982
          ],
          [
            -73.90925,
            40.69777
          ],
          [
            -73.90947,
            40.69755
          ],
          [
            -73.90951,
            40.6975
          ],
          [
            -73.90951,
            40.6975
          ],
          [
            -73.90959,
            40.69754
          ],
          [
            -73.90963,
            40.69757
          ],
          [
            -73.91021,
            40.69789
          ],
          [
            -73.91027,
            40.69793
          ],
          [
            -73.91033,
            40.69796
          ],
          [
            -73.91065,
            40.69814
          ],
          [
            -73.91071,
            40.69817
          ],
          [
            -73.91102,
            40.69835
          ],
          [
            -73.91132,
            40.69852
          ],
          [
            -73.91132,
            40.69852
          ],
          [
            -73.91132,
            40.69852
          ],
          [
            -73.91168,
            40.69873
          ],
          [
            -73.91171,
            40.69875
          ],
          [
            -73.91178,
            40.69878
          ],
          [
            -73.91178,
            40.69878
          ],
          [
            -73.91173,
            40.69883
          ],
          [
            -73.9115,
            40.69905
          ],
          [
            -73.91122,
            40.69934
          ],
          [
            -73.91122,
            40.69934
          ]
        ]
      }
    },
    {
      "type": "Feature",
      "properties": {
        "route_id": "Q58-W-RushHour",
        "layer": "T2 Optimal"
      },
      "geometry": {
        "type": "LineString",
        "coordinates": [
          [
            -73.82933,
            40.75743
          ],
          [
            -73.82927,
            40.75746
          ],
          [
            -73.82913,
            40.75752
          ],
          [
            -73.82913,
            40.75752
          ],
          [
            -73.8291,
            40.75744
          ],
          [
            -73.8289,
            40.75696
          ],
          [
            -73.82881,
            40.75674
          ],
          [
            -73.82879,
            40.75667
          ],
          [
            -73.82879,
            40.75667
          ],
          [
            -73.82892,
            40.75661
          ],
          [
            -73.82932,
            40.75642
          ],
          [
            -73.82972,
            40.75624
          ],
          [
            -73.83068,
            40.75579
          ],
          [
            -73.83076,
            40.75575
          ],
          [
            -73.83083,
            40.75572
          ],
          [
            -73.83144,
            40.75543
          ],
          [
            -73.83157,
            40.75538
          ],
          [
            -73.83278,
            40.75479
          ],
          [
            -73.83293,
            40.75473
          ],
          [
            -73.83296,
            40.75471
          ],
          [
            -73.83306,
            40.75469
          ],
          [
            -73.83306,
            40.75469
          ],
          [
            -73.83318,
            40.75467
          ],
          [
            -73.83316,
            40.7546
          ],
          [
            -73.83308,
            40.75434
          ],
          [
            -73.83308,
            40.75434
          ],
          [
            -73.83308,
            40.75434
          ],
          [
            -73.83304,
            40.75421
          ],
          [
            -73.83292,
            40.75382
          ],
          [
            -73.8329,
            40.75378
          ],
          [
            -73.83288,
            40.75371
          ],
          [
            -73.83287,
            40.75367
          ],
          [
            -73.83279,
            40.75342
          ],
          [
            -73.83276,
            40.75328
          ],
          [
            -73.83271,
            40.75315
          ],
          [
            -73.83268,
            40.75302
          ],
          [
            -73.83266,
            40.75297
          ],
          [
            -73.83251,
            40.75247
          ],
          [
            -73.83249,
            40.75239
          ],
          [
            -73.83247,
            40.75232
          ],
          [
            -73.83245,
            40.75227
          ],
          [
            -73.83238,
            40.752
          ],
          [
            -73.83238,
            40.752
          ],
          [
            -73.83238,
            40.752
          ],
          [
            -73.83235,
            40.75193
          ],
          [
            -73.83232,
            40.75173
          ],
          [
            -73.83233,
            40.75158
          ],
          [
            -73.83235,
            40.75148
          ],
          [
            -73.83243,
            40.75113
          ],
          [
            -73.83272,
            40.74993
          ],
          [
            -73.83307,
            40.74842
          ],
          [
            -73.83309,
            40.74835
          ],
          [
            -73.83311,
            40.74828
          ],
          [
            -73.83314,
            40.74822
          ],
          [
            -73.83317,
            40.74817
          ],
          [
            -73.83319,
            40.74813
          ],
          [
            -73.83324,
            40.74807
          ],
          [
            -73.8333,
            40.74802
          ],
          [
            -73.83338,
            40.74796
          ],
          [
            -73.83346,
            40.74791
          ],
          [
            -73.83406,
            40.74754
          ],
          [
            -73.8342,
            40.74746
          ],
          [
            -73.83424,
            40.74743
          ],
          [
            -73.83432,
            40.74738
          ],
          [
            -73.83439,
            40.74733
          ],
          [
            -73.83446,
            40.74727
          ],
          [
            -73.83452,
            40.74721
          ],
          [
            -73.83458,
            40.74715
          ],
          [
            -73.83464,
            40.74709
          ],
          [
            -73.83469,
            40.74702
          ],
          [
            -73.83472,
            40.74698
          ],
          [
            -73.83476,
            40.74691
          ],
          [
            -73.83479,
            40.74686
          ],
          [
            -73.83481,
            40.74682
          ],
          [
            -73.83491,
            40.74664
          ],
          [
            -73.83491,
            40.74664
          ],
          [
            -73.83491,
            40.74664
          ],
          [
            -73.83526,
            40.74599
          ],
          [
            -73.83526,
            40.74599
          ],
          [
            -73.83526,
            40.74599
          ],
          [
            -73.83546,
            40.74563
          ],
          [
            -73.8355,
            40.74556
          ],
          [
            -73.83559,
            40.7454
          ],
          [
            -73.83564,
            40.74531
          ],
          [
            -73.83569,
            40.74523
          ],
          [
            -73.83574,
            40.74516
          ],
          [
            -73.83579,
            40.74509
          ],
          [
            -73.83584,
            40.74503
          ],
          [
            -73.83591,
            40.74496
          ],
          [
            -73.83592,
            40.74495
          ],
          [
            -73.83598,
            40.74489
          ],
          [
            -73.83602,
            40.74486
          ],
          [
            -73.83604,
            40.74483
          ],
          [
            -73.83607,
            40.74482
          ],
          [
            -73.83616,
            40.74475
          ],
          [
            -73.83621,
            40.74472
          ],
          [
            -73.83621,
            40.74472
          ],
          [
            -73.83621,
            40.74472
          ],
          [
            -73.83626,
            40.74469
          ],
          [
            -73.83636,
            40.74463
          ],
          [
            -73.83664,
            40.74447
          ],
          [
            -73.83675,
            40.7444
          ],
          [
            -73.83685,
            40.74433
          ],
          [
            -73.83694,
            40.74427
          ],
          [
            -73.83705,
            40.74418
          ],
          [
            -73.83709,
            40.74415
          ],
          [
            -73.83715,
            40.74409
          ],
          [
            -73.8372,
            40.74402
          ],
          [
            -73.8372,
            40.74402
          ],
          [
            -73.83729,
            40.74403
          ],
          [
            -73.83745,
            40.74404
          ],
          [
            -73.83761,
            40.74404
          ],
          [
            -73.83849,
            40.74407
          ],
          [
            -73.83858,
            40.74407
          ],
          [
            -73.83867,
            40.74407
          ],
          [
            -73.83875,
            40.74406
          ],
          [
            -73.83882,
            40.74405
          ],
          [
            -73.8389,
            40.74403
          ],
          [
            -73.83901,
            40.744
          ],
          [
            -73.83909,
            40.74397
          ],
          [
            -73.83916,
            40.74393
          ],
          [
            -73.83924,
            40.74389
          ],
          [
            -73.8393,
            40.74385
          ],
          [
            -73.84117,
            40.74249
          ],
          [
            -73.84139,
            40.74233
          ],
          [
            -73.84159,
            40.7422
          ],
          [
            -73.84183,
            40.74206
          ],
          [
            -73.84206,
            40.74193
          ],
          [
            -73.84231,
            40.7418
          ],
          [
            -73.84255,
            40.74166
          ],
          [
            -73.84276,
            40.74156
          ],
          [
            -73.84296,
            40.74146
          ],
          [
            -73.84386,
            40.74103
          ],
          [
            -73.84422,
            40.74085
          ],
          [
            -73.84458,
            40.74066
          ],
          [
            -73.84494,
            40.74048
          ],
          [
            -73.84502,
            40.74045
          ],
          [
            -73.84532,
            40.74032
          ],
          [
            -73.84582,
            40.74009
          ],
          [
            -73.8461,
            40.73993
          ],
          [
            -73.84668,
            40.73968
          ],
          [
            -73.84668,
            40.73968
          ],
          [
            -73.84715,
            40.7395
          ],
          [
            -73.84722,
            40.73947
          ],
          [
            -73.84731,
            40.73944
          ],
          [
            -73.8474,
            40.73941
          ],
          [
            -73.84781,
            40.73928
          ],
          [
            -73.84793,
            40.73924
          ],
          [
            -73.84804,
            40.73919
          ],
          [
            -73.84813,
            40.73915
          ],
          [
            -73.84821,
            40.7391
          ],
          [
            -73.8483,
            40.73905
          ],
          [
            -73.84869,
            40.73877
          ],
          [
            -73.84892,
            40.73865
          ],
          [
            -73.84902,
            40.73861
          ],
          [
            -73.84917,
            40.73855
          ],
          [
            -73.84931,
            40.73851
          ],
          [
            -73.84991,
            40.73833
          ],
          [
            -73.85041,
            40.73818
          ],
          [
            -73.85041,
            40.73818
          ],
          [
            -73.85041,
            40.73818
          ],
          [
            -73.85085,
            40.73805
          ],
          [
            -73.85096,
            40.73802
          ],
          [
            -73.85115,
            40.73796
          ],
          [
            -73.85183,
            40.73774
          ],
          [
            -73.85183,
            40.73774
          ],
          [
            -73.85183,
            40.73774
          ],
          [
            -73.85186,
            40.73773
          ],
          [
            -73.85193,
            40.73771
          ],
          [
            -73.85204,
            40.73769
          ],
          [
            -73.85204,
            40.73769
          ],
          [
            -73.85208,
            40.73776
          ],
          [
            -73.85209,
            40.73778
          ],
          [
            -73.85212,
            40.73784
          ],
          [
            -73.85218,
            40.73795
          ],
          [
            -73.8522,
            40.73799
          ],
          [
            -73.85224,
            40.73808
          ],
          [
            -73.85225,
            40.7381
          ],
          [
            -73.85242,
            40.73841
          ],
          [
            -73.85276,
            40.73908
          ],
          [
            -73.85282,
            40.73921
          ],
          [
            -73.85287,
            40.73929
          ],
          [
            -73.85291,
            40.73938
          ],
          [
            -73.85297,
            40.73951
          ],
          [
            -73.853,
            40.73956
          ],
          [
            -73.853,
            40.73956
          ],
          [
            -73.853,
            40.73956
          ],
          [
            -73.85306,
            40.73969
          ],
          [
            -73.85329,
            40.7401
          ],
          [
            -73.85334,
            40.74019
          ],
          [
            -73.85339,
            40.74027
          ],
          [
            -73.85369,
            40.74089
          ],
          [
            -73.85371,
            40.74093
          ],
          [
            -73.85379,
            40.74109
          ],
          [
            -73.85379,
            40.74109
          ],
          [
            -73.85365,
            40.74104
          ],
          [
            -73.8536,
            40.74102
          ],
          [
            -73.85357,
            40.74101
          ],
          [
            -73.85357,
            40.74101
          ],
          [
            -73.85357,
            40.74101
          ],
          [
            -73.85264,
            40.74071
          ],
          [
            -73.85264,
            40.74071
          ],
          [
            -73.85262,
            40.74077
          ],
          [
            -73.85244,
            40.74126
          ],
          [
            -73.85242,
            40.74131
          ],
          [
            -73.85239,
            40.74139
          ],
          [
            -73.85239,
            40.74139
          ],
          [
            -73.85287,
            40.74159
          ],
          [
            -73.85334,
            40.74181
          ],
          [
            -73.8534,
            40.74185
          ],
          [
            -73.85348,
            40.74192
          ],
          [
            -73.85368,
            40.74211
          ],
          [
            -73.8539,
            40.74233
          ],
          [
            -73.85421,
            40.7426
          ],
          [
            -73.85433,
            40.7427
          ],
          [
            -73.85433,
            40.7427
          ],
          [
            -73.8545,
            40.74269
          ],
          [
            -73.85463,
            40.74268
          ],
          [
            -73.85463,
            40.74268
          ],
          [
            -73.85467,
            40.74275
          ],
          [
            -73.85468,
            40.74278
          ],
          [
            -73.85471,
            40.74283
          ],
          [
            -73.85491,
            40.74321
          ],
          [
            -73.85492,
            40.74325
          ],
          [
            -73.85496,
            40.74331
          ],
          [
            -73.85496,
            40.74331
          ],
          [
            -73.85522,
            40.74338
          ],
          [
            -73.85575,
            40.74356
          ],
          [
            -73.85587,
            40.7436
          ],
          [
            -73.85589,
            40.74361
          ],
          [
            -73.85589,
            40.74361
          ],
          [
            -73.85589,
            40.74361
          ],
          [
            -73.85599,
            40.74364
          ],
          [
            -73.85607,
            40.74367
          ],
          [
            -73.85614,
            40.74369
          ],
          [
            -73.8563,
            40.74375
          ],
          [
            -73.85653,
            40.74381
          ],
          [
            -73.85674,
            40.74386
          ],
          [
            -73.85691,
            40.74389
          ],
          [
            -73.85717,
            40.74391
          ],
          [
            -73.85723,
            40.74392
          ],
          [
            -73.85735,
            40.74393
          ],
          [
            -73.85747,
            40.74394
          ],
          [
            -73.85757,
            40.74395
          ],
          [
            -73.85763,
            40.74396
          ],
          [
            -73.85833,
            40.74401
          ],
          [
            -73.85863,
            40.74404
          ],
          [
            -73.85871,
            40.74404
          ],
          [
            -73.8588,
            40.74405
          ],
          [
            -73.85911,
            40.74407
          ],
          [
            -73.85917,
            40.74408
          ],
          [
            -73.85917,
            40.74408
          ],
          [
            -73.85917,
            40.74408
          ],
          [
            -73.85986,
            40.74414
          ],
          [
            -73.86142,
            40.74426
          ],
          [
            -73.8617,
            40.74428
          ],
          [
            -73.86178,
            40.74429
          ],
          [
            -73.86186,
            40.74429
          ],
          [
            -73.86214,
            40.74432
          ],
          [
            -73.86218,
            40.74432
          ],
          [
            -73.86218,
            40.74432
          ],
          [
            -73.86218,
            40.74432
          ],
          [
            -73.86238,
            40.74433
          ],
          [
            -73.86239,
            40.74434
          ],
          [
            -73.86255,
            40.74438
          ],
          [
            -73.86291,
            40.74455
          ],
          [
            -73.86301,
            40.74459
          ],
          [
            -73.86309,
            40.74463
          ],
          [
            -73.8634,
            40.74478
          ],
          [
            -73.8641,
            40.74512
          ],
          [
            -73.86417,
            40.74514
          ],
          [
            -73.86423,
            40.74514
          ],
          [
            -73.86429,
            40.74514
          ],
          [
            -73.86438,
            40.74509
          ],
          [
            -73.86446,
            40.74503
          ],
          [
            -73.86449,
            40.74501
          ],
          [
            -73.86467,
            40.74489
          ],
          [
            -73.86474,
            40.74485
          ],
          [
            -73.86478,
            40.74482
          ],
          [
            -73.86478,
            40.74482
          ],
          [
            -73.86478,
            40.74482
          ],
          [
            -73.86482,
            40.7448
          ],
          [
            -73.86488,
            40.74476
          ],
          [
            -73.86512,
            40.74461
          ],
          [
            -73.86521,
            40.74454
          ],
          [
            -73.8656,
            40.74428
          ],
          [
            -73.86577,
            40.74417
          ],
          [
            -73.86582,
            40.74413
          ],
          [
            -73.86585,
            40.74408
          ],
          [
            -73.86586,
            40.74404
          ],
          [
            -73.86592,
            40.74381
          ],
          [
            -73.86599,
            40.74348
          ],
          [
            -73.86599,
            40.74348
          ],
          [
            -73.86599,
            40.74348
          ],
          [
            -73.86607,
            40.74315
          ],
          [
            -73.86608,
            40.7431
          ],
          [
            -73.8661,
            40.74305
          ],
          [
            -73.86611,
            40.74304
          ],
          [
            -73.86613,
            40.743
          ],
          [
            -73.86621,
            40.74293
          ],
          [
            -73.86635,
            40.74282
          ],
          [
            -73.86699,
            40.74233
          ],
          [
            -73.86717,
            40.74219
          ],
          [
            -73.86724,
            40.74215
          ],
          [
            -73.86724,
            40.74215
          ],
          [
            -73.86724,
            40.74215
          ],
          [
            -73.86726,
            40.74214
          ],
          [
            -73.86736,
            40.7421
          ],
          [
            -73.86748,
            40.7421
          ],
          [
            -73.86758,
            40.74211
          ],
          [
            -73.86768,
            40.74212
          ],
          [
            -73.86801,
            40.74215
          ],
          [
            -73.86802,
            40.74215
          ],
          [
            -73.8684,
            40.74219
          ],
          [
            -73.86841,
            40.74219
          ],
          [
            -73.86988,
            40.74235
          ],
          [
            -73.86994,
            40.74236
          ],
          [
            -73.87001,
            40.74236
          ],
          [
            -73.87001,
            40.74236
          ],
          [
            -73.87001,
            40.74236
          ],
          [
            -73.87007,
            40.74237
          ],
          [
            -73.87014,
            40.74237
          ],
          [
            -73.8702,
            40.74237
          ],
          [
            -73.87026,
            40.74237
          ],
          [
            -73.87033,
            40.74238
          ],
          [
            -73.87044,
            40.74238
          ],
          [
            -73.87057,
            40.74239
          ],
          [
            -73.87076,
            40.74239
          ],
          [
            -73.87142,
            40.74242
          ],
          [
            -73.87211,
            40.74245
          ],
          [
            -73.87225,
            40.74246
          ],
          [
            -73.87235,
            40.74246
          ],
          [
            -73.87244,
            40.74247
          ],
          [
            -73.87337,
            40.74251
          ],
          [
            -73.87345,
            40.74252
          ],
          [
            -73.87355,
            40.74251
          ],
          [
            -73.87364,
            40.74249
          ],
          [
            -73.87368,
            40.74247
          ],
          [
            -73.87386,
            40.74234
          ],
          [
            -73.87386,
            40.74234
          ],
          [
            -73.87386,
            40.74234
          ],
          [
            -73.87485,
            40.74162
          ],
          [
            -73.87493,
            40.74157
          ],
          [
            -73.87493,
            40.74157
          ],
          [
            -73.87493,
            40.74157
          ],
          [
            -73.87495,
            40.74155
          ],
          [
            -73.87502,
            40.7415
          ],
          [
            -73.87509,
            40.74146
          ],
          [
            -73.87511,
            40.74144
          ],
          [
            -73.87553,
            40.74115
          ],
          [
            -73.87566,
            40.74106
          ],
          [
            -73.87589,
            40.74088
          ],
          [
            -73.87625,
            40.74062
          ],
          [
            -73.87628,
            40.7406
          ],
          [
            -73.8763,
            40.74059
          ],
          [
            -73.8763,
            40.74059
          ],
          [
            -73.8763,
            40.74059
          ],
          [
            -73.87636,
            40.74054
          ],
          [
            -73.87641,
            40.7405
          ],
          [
            -73.87646,
            40.74047
          ],
          [
            -73.87712,
            40.73999
          ],
          [
            -73.87753,
            40.73969
          ],
          [
            -73.87783,
            40.73947
          ],
          [
            -73.87792,
            40.73941
          ],
          [
            -73.87792,
            40.73941
          ],
          [
            -73.87786,
            40.73934
          ],
          [
            -73.87782,
            40.73928
          ],
          [
            -73.87772,
            40.73911
          ],
          [
            -73.8777,
            40.73907
          ],
          [
            -73.8777,
            40.73907
          ],
          [
            -73.8777,
            40.73907
          ],
          [
            -73.87747,
            40.73867
          ],
          [
            -73.87743,
            40.73861
          ],
          [
            -73.87741,
            40.73855
          ],
          [
            -73.87724,
            40.73819
          ],
          [
            -73.8772,
            40.73807
          ],
          [
            -73.87719,
            40.73802
          ],
          [
            -73.87718,
            40.73796
          ],
          [
            -73.87718,
            40.73786
          ],
          [
            -73.87718,
            40.73781
          ],
          [
            -73.87719,
            40.73774
          ],
          [
            -73.87721,
            40.73769
          ],
          [
            -73.87724,
            40.7376
          ],
          [
            -73.87725,
            40.73755
          ],
          [
            -73.87732,
            40.73739
          ],
          [
            -73.87736,
            40.73729
          ],
          [
            -73.87743,
            40.7371
          ],
          [
            -73.87743,
            40.7371
          ],
          [
            -73.87743,
            40.7371
          ],
          [
            -73.87744,
            40.73707
          ],
          [
            -73.87746,
            40.73704
          ],
          [
            -73.87747,
            40.73701
          ],
          [
            -73.87754,
            40.73692
          ],
          [
            -73.87758,
            40.73687
          ],
          [
            -73.87764,
            40.73681
          ],
          [
            -73.87773,
            40.7367
          ],
          [
            -73.87778,
            40.73664
          ],
          [
            -73.87783,
            40.73659
          ],
          [
            -73.87786,
            40.73655
          ],
          [
            -73.8779,
            40.73651
          ],
          [
            -73.87792,
            40.73649
          ],
          [
            -73.87796,
            40.73646
          ],
          [
            -73.87801,
            40.73643
          ],
          [
            -73.87807,
            40.7364
          ],
          [
            -73.87814,
            40.73638
          ],
          [
            -73.87825,
            40.73635
          ],
          [
            -73.87831,
            40.73633
          ],
          [
            -73.87831,
            40.73633
          ],
          [
            -73.87831,
            40.73633
          ],
          [
            -73.87851,
            40.73628
          ],
          [
            -73.87863,
            40.73625
          ],
          [
            -73.87867,
            40.73623
          ],
          [
            -73.87876,
            40.73621
          ],
          [
            -73.87905,
            40.73614
          ],
          [
            -73.87917,
            40.73611
          ],
          [
            -73.87954,
            40.73601
          ],
          [
            -73.88026,
            40.73582
          ],
          [
            -73.88044,
            40.73577
          ],
          [
            -73.88052,
            40.73575
          ],
          [
            -73.88063,
            40.73572
          ],
          [
            -73.88082,
            40.73567
          ],
          [
            -73.88087,
            40.73566
          ],
          [
            -73.88087,
            40.73566
          ],
          [
            -73.88087,
            40.73566
          ],
          [
            -73.88099,
            40.73562
          ],
          [
            -73.88103,
            40.73561
          ],
          [
            -73.88108,
            40.73559
          ],
          [
            -73.88111,
            40.73557
          ],
          [
            -73.88117,
            40.73553
          ],
          [
            -73.88139,
            40.73538
          ],
          [
            -73.8817,
            40.73516
          ],
          [
            -73.88181,
            40.73509
          ],
          [
            -73.88183,
            40.73508
          ],
          [
            -73.88201,
            40.73495
          ],
          [
            -73.88204,
            40.73493
          ],
          [
            -73.88204,
            40.73493
          ],
          [
            -73.88204,
            40.73493
          ],
          [
            -73.88211,
            40.73488
          ],
          [
            -73.88217,
            40.73483
          ],
          [
            -73.88297,
            40.73428
          ],
          [
            -73.88348,
            40.73392
          ],
          [
            -73.88373,
            40.73365
          ],
          [
            -73.88376,
            40.73362
          ],
          [
            -73.88377,
            40.73361
          ],
          [
            -73.88381,
            40.73356
          ],
          [
            -73.88384,
            40.73351
          ],
          [
            -73.88395,
            40.73334
          ],
          [
            -73.88395,
            40.73334
          ],
          [
            -73.88395,
            40.73334
          ],
          [
            -73.88411,
            40.7331
          ],
          [
            -73.8845,
            40.73245
          ],
          [
            -73.88453,
            40.73239
          ],
          [
            -73.88456,
            40.73234
          ],
          [
            -73.88468,
            40.73214
          ],
          [
            -73.88469,
            40.73213
          ],
          [
            -73.88469,
            40.73213
          ],
          [
            -73.88469,
            40.73213
          ],
          [
            -73.8847,
            40.7321
          ],
          [
            -73.88472,
            40.73207
          ],
          [
            -73.88478,
            40.73197
          ],
          [
            -73.88484,
            40.73187
          ],
          [
            -73.8852,
            40.73131
          ],
          [
            -73.88532,
            40.73115
          ],
          [
            -73.88538,
            40.73108
          ],
          [
            -73.88545,
            40.73102
          ],
          [
            -73.88552,
            40.73098
          ],
          [
            -73.88558,
            40.73095
          ],
          [
            -73.88564,
            40.73092
          ],
          [
            -73.88593,
            40.73078
          ],
          [
            -73.88593,
            40.73078
          ],
          [
            -73.88593,
            40.73078
          ],
          [
            -73.88617,
            40.73067
          ],
          [
            -73.88637,
            40.73057
          ],
          [
            -73.88659,
            40.73047
          ],
          [
            -73.8867,
            40.73042
          ],
          [
            -73.88685,
            40.73037
          ],
          [
            -73.88695,
            40.73034
          ],
          [
            -73.88706,
            40.73032
          ],
          [
            -73.88741,
            40.73024
          ],
          [
            -73.88752,
            40.73021
          ],
          [
            -73.88763,
            40.73019
          ],
          [
            -73.88805,
            40.7301
          ],
          [
            -73.88812,
            40.73008
          ],
          [
            -73.88836,
            40.73003
          ],
          [
            -73.88836,
            40.73003
          ],
          [
            -73.88836,
            40.73003
          ],
          [
            -73.88849,
            40.73
          ],
          [
            -73.88857,
            40.72999
          ],
          [
            -73.88924,
            40.72983
          ],
          [
            -73.88937,
            40.72979
          ],
          [
            -73.88975,
            40.72969
          ],
          [
            -73.88981,
            40.72965
          ],
          [
            -73.88987,
            40.7296
          ],
          [
            -73.88996,
            40.72952
          ],
          [
            -73.89002,
            40.72946
          ],
          [
            -73.89007,
            40.7294
          ],
          [
            -73.89021,
            40.72926
          ],
          [
            -73.89024,
            40.72923
          ],
          [
            -73.89024,
            40.72923
          ],
          [
            -73.89024,
            40.72923
          ],
          [
            -73.8908,
            40.72868
          ],
          [
            -73.89086,
            40.72861
          ],
          [
            -73.89091,
            40.72856
          ],
          [
            -73.89095,
            40.72851
          ],
          [
            -73.89105,
            40.72842
          ],
          [
            -73.89118,
            40.72835
          ],
          [
            -73.8913,
            40.72829
          ],
          [
            -73.89142,
            40.72823
          ],
          [
            -73.89153,
            40.72817
          ],
          [
            -73.89161,
            40.72813
          ],
          [
            -73.89182,
            40.72801
          ],
          [
            -73.89182,
            40.72801
          ],
          [
            -73.89182,
            40.72801
          ],
          [
            -73.89221,
            40.7278
          ],
          [
            -73.89229,
            40.72776
          ],
          [
            -73.89235,
            40.72773
          ],
          [
            -73.89295,
            40.72743
          ],
          [
            -73.89312,
            40.7273
          ],
          [
            -73.8932,
            40.72725
          ],
          [
            -73.89327,
            40.72719
          ],
          [
            -73.89333,
            40.72716
          ],
          [
            -73.89386,
            40.72682
          ],
          [
            -73.89432,
            40.72655
          ],
          [
            -73.89436,
            40.72652
          ],
          [
            -73.8944,
            40.7265
          ],
          [
            -73.89444,
            40.72649
          ],
          [
            -73.89465,
            40.72637
          ],
          [
            -73.89468,
            40.72635
          ],
          [
            -73.89468,
            40.72635
          ],
          [
            -73.89468,
            40.72635
          ],
          [
            -73.89471,
            40.72633
          ],
          [
            -73.89482,
            40.72626
          ],
          [
            -73.89482,
            40.72623
          ],
          [
            -73.89517,
            40.72601
          ],
          [
            -73.89522,
            40.72599
          ],
          [
            -73.89532,
            40.72592
          ],
          [
            -73.89546,
            40.72584
          ],
          [
            -73.89548,
            40.72583
          ],
          [
            -73.89575,
            40.72568
          ],
          [
            -73.89575,
            40.72568
          ],
          [
            -73.89575,
            40.72568
          ],
          [
            -73.89585,
            40.72562
          ],
          [
            -73.89599,
            40.72556
          ],
          [
            -73.89651,
            40.72527
          ],
          [
            -73.89671,
            40.72517
          ],
          [
            -73.89682,
            40.72512
          ],
          [
            -73.89696,
            40.72505
          ],
          [
            -73.8972,
            40.72492
          ],
          [
            -73.89729,
            40.72488
          ],
          [
            -73.89729,
            40.72488
          ],
          [
            -73.89729,
            40.72488
          ],
          [
            -73.89806,
            40.72449
          ],
          [
            -73.89836,
            40.72433
          ],
          [
            -73.89844,
            40.72429
          ],
          [
            -73.89852,
            40.72426
          ],
          [
            -73.89867,
            40.72417
          ],
          [
            -73.89869,
            40.72416
          ],
          [
            -73.89875,
            40.72413
          ],
          [
            -73.89875,
            40.72413
          ],
          [
            -73.89875,
            40.72413
          ],
          [
            -73.89883,
            40.72409
          ],
          [
            -73.89954,
            40.72372
          ],
          [
            -73.89961,
            40.72368
          ],
          [
            -73.89968,
            40.72365
          ],
          [
            -73.89976,
            40.72361
          ],
          [
            -73.89976,
            40.72361
          ],
          [
            -73.89976,
            40.72361
          ],
          [
            -73.89992,
            40.72353
          ],
          [
            -73.90062,
            40.72317
          ],
          [
            -73.90062,
            40.72317
          ],
          [
            -73.90125,
            40.72278
          ],
          [
            -73.90143,
            40.72266
          ],
          [
            -73.9015,
            40.72262
          ],
          [
            -73.90158,
            40.72257
          ],
          [
            -73.90182,
            40.72242
          ],
          [
            -73.90184,
            40.72241
          ],
          [
            -73.90184,
            40.72241
          ],
          [
            -73.90184,
            40.72241
          ],
          [
            -73.90227,
            40.72215
          ],
          [
            -73.90312,
            40.72163
          ],
          [
            -73.90312,
            40.72163
          ],
          [
            -73.90309,
            40.72154
          ],
          [
            -73.90309,
            40.72152
          ],
          [
            -73.90301,
            40.72125
          ],
          [
            -73.90301,
            40.72125
          ],
          [
            -73.90301,
            40.72125
          ],
          [
            -73.90257,
            40.71965
          ],
          [
            -73.90252,
            40.71947
          ],
          [
            -73.9025,
            40.71941
          ],
          [
            -73.90249,
            40.71937
          ],
          [
            -73.90243,
            40.71916
          ],
          [
            -73.9024,
            40.71904
          ],
          [
            -73.9024,
            40.71904
          ],
          [
            -73.90248,
            40.71903
          ],
          [
            -73.90248,
            40.71903
          ],
          [
            -73.90248,
            40.71903
          ],
          [
            -73.9024,
            40.71904
          ],
          [
            -73.9024,
            40.71904
          ],
          [
            -73.90233,
            40.71882
          ],
          [
            -73.90229,
            40.71868
          ],
          [
            -73.90218,
            40.71828
          ],
          [
            -73.90214,
            40.71811
          ],
          [
            -73.90213,
            40.7181
          ],
          [
            -73.90213,
            40.7181
          ],
          [
            -73.90213,
            40.7181
          ],
          [
            -73.90213,
            40.71808
          ],
          [
            -73.9021,
            40.718
          ],
          [
            -73.90209,
            40.71795
          ],
          [
            -73.90184,
            40.71703
          ],
          [
            -73.90182,
            40.71697
          ],
          [
            -73.9018,
            40.71689
          ],
          [
            -73.90178,
            40.71685
          ],
          [
            -73.90178,
            40.71685
          ],
          [
            -73.90178,
            40.71685
          ],
          [
            -73.90175,
            40.71673
          ],
          [
            -73.90167,
            40.71646
          ],
          [
            -73.90163,
            40.71632
          ],
          [
            -73.90162,
            40.71626
          ],
          [
            -73.90159,
            40.71617
          ],
          [
            -73.90155,
            40.71603
          ],
          [
            -73.90146,
            40.71572
          ],
          [
            -73.90144,
            40.71565
          ],
          [
            -73.90143,
            40.71559
          ],
          [
            -73.90138,
            40.71541
          ],
          [
            -73.90126,
            40.71498
          ],
          [
            -73.9012,
            40.71478
          ],
          [
            -73.9012,
            40.71478
          ],
          [
            -73.9012,
            40.71478
          ],
          [
            -73.9012,
            40.71477
          ],
          [
            -73.90119,
            40.71473
          ],
          [
            -73.90116,
            40.71462
          ],
          [
            -73.90114,
            40.71454
          ],
          [
            -73.90105,
            40.71425
          ],
          [
            -73.90103,
            40.71417
          ],
          [
            -73.90095,
            40.71388
          ],
          [
            -73.90094,
            40.71384
          ],
          [
            -73.90089,
            40.71368
          ],
          [
            -73.90075,
            40.71317
          ],
          [
            -73.90075,
            40.71316
          ],
          [
            -73.90063,
            40.71278
          ],
          [
            -73.90059,
            40.7127
          ],
          [
            -73.90056,
            40.71263
          ],
          [
            -73.90051,
            40.71254
          ],
          [
            -73.90051,
            40.71253
          ],
          [
            -73.90051,
            40.71253
          ],
          [
            -73.90062,
            40.71251
          ],
          [
            -73.9007,
            40.71248
          ],
          [
            -73.9007,
            40.71248
          ],
          [
            -73.9007,
            40.71248
          ],
          [
            -73.90062,
            40.71251
          ],
          [
            -73.90051,
            40.71253
          ],
          [
            -73.90051,
            40.71253
          ],
          [
            -73.90049,
            40.7125
          ],
          [
            -73.90046,
            40.71244
          ],
          [
            -73.90039,
            40.7123
          ],
          [
            -73.90034,
            40.71221
          ],
          [
            -73.90031,
            40.71214
          ],
          [
            -73.90022,
            40.71198
          ],
          [
            -73.90019,
            40.7119
          ],
          [
            -73.90017,
            40.71187
          ],
          [
            -73.90009,
            40.71171
          ],
          [
            -73.89986,
            40.71127
          ],
          [
            -73.89983,
            40.71122
          ],
          [
            -73.89975,
            40.71106
          ],
          [
            -73.89971,
            40.71098
          ],
          [
            -73.89968,
            40.71093
          ],
          [
            -73.89948,
            40.71056
          ],
          [
            -73.89944,
            40.71048
          ],
          [
            -73.89939,
            40.71039
          ],
          [
            -73.89936,
            40.71032
          ],
          [
            -73.89932,
            40.71027
          ],
          [
            -73.89895,
            40.70974
          ],
          [
            -73.89891,
            40.70968
          ],
          [
            -73.89887,
            40.70963
          ],
          [
            -73.89876,
            40.70948
          ],
          [
            -73.89872,
            40.70942
          ],
          [
            -73.89872,
            40.70942
          ]
        ]
      }
    }
  ]
}