id;kommune;vejnr;husnr;husbog;husx;husy;vejx;vejy;husGx;husGy;adresse;kf;linienr;beregning;laengde_med_kf;laengde_uden_kf
37000500;400;6;1; ;864759;6124974;864796;6124966;14,7249;55,1367;Aabyvej 1;0;0;1;54965;53334
37000500;400;2955;42; ;864630;6125146;864652;6125155;14,7232;55,1383;Nyker Strandvej 42;0;1;1;54965;53334
37000500;400;6;2; ;864806;6124864;864777;6124905;14,7255;55,1357;Aabyvej 2;0;2;1;54965;53334
37000500;400;1428;107; ;864677;6124692;864695;6124680;14,7233;55,1342;Haslevej 107;0;3;1;54965;53334
37000500;400;1428;148; ;864834;6124314;864807;6124338;14,7253;55,1307;Haslevej 148;0;4;1;54965;53334
37000500;400;1428;146; ;864304;6123893;864218;6123939;14,7165;55,1274;Haslevej 146;0;5;1;54965;53334
37000500;400;3219;26; ;865380;6125066;865374;6125047;14,7348;55,137;PluggegÂrdsvej 26;0;6;1;54965;53334
37000500;400;1344;2; ;865054;6124573;865455;6124801;14,729;55,1329;G¯ngeherred 2;0;7;1;54965;53334
37000500;400;1344;4; ;865697;6124745;865715;6124747;14,7393;55,1339;G¯ngeherred 4;0;8;1;54965;53334
37000500;400;1344;1; ;865738;6124744;865715;6124743;14,7399;55,1339;G¯ngeherred 1;0;9;1;54965;53334
37000500;400;1344;6; ;865912;6124092;865908;6124045;14,7418;55,1279;G¯ngeherred 6;0;10;1;54965;53334
37000500;400;1344;9; ;865833;6124668;865834;6124645;14,7413;55,1332;G¯ngeherred 9;0;11;1;54965;53334
37000500;400;1344;11; ;865858;6124732;865846;6124718;14,7418;55,1337;G¯ngeherred 11;0;12;1;54965;53334
37000500;400;1344;13; ;865933;6124665;865933;6124648;14,7429;55,1331;G¯ngeherred 13;0;13;1;54965;53334
37000500;400;1344;15; ;866041;6124673;866041;6124653;14,7446;55,133;G¯ngeherred 15;0;14;1;54965;53334
37000500;400;1344;17; ;866147;6124677;866147;6124658;14,7462;55,133;G¯ngeherred 17;0;15;1;54965;53334
37000500;400;1344;8; ;866692;6124623;866688;6124685;14,7547;55,1321;G¯ngeherred 8;0;16;1;54965;53334
37000500;400;1344;31; ;866734;6124703;866734;6124687;14,7554;55,1328;G¯ngeherred 31;0;17;1;54965;53334
37000500;400;3219;27; ;866245;6125042;866233;6125057;14,7482;55,1362;PluggegÂrdsvej 27;0;18;1;54965;53334
37000500;400;3219;25; ;866212;6125307;866194;6125302;14,7481;55,1386;PluggegÂrdsvej 25;0;19;1;54965;53334
37000500;400;3219;20; ;866065;6125364;866073;6125343;14,7458;55,1392;PluggegÂrdsvej 20;0;20;1;54965;53334
37000500;400;3219;22; ;866000;6125476;866017;6125447;14,745;55,1403;PluggegÂrdsvej 22;0;21;1;54965;53334
37000500;400;3219;29; ;865776;6124937;865767;6124961;14,7408;55,1356;PluggegÂrdsvej 29;0;22;1;54965;53334
37000500;400;3219;24; ;865757;6125187;865772;6125164;14,7408;55,1379;PluggegÂrdsvej 24;0;23;1;54965;53334
37000500;400;3219;30; ;864907;6125176;864916;6125076;14,7275;55,1384;PluggegÂrdsvej 30;0;24;1;54965;53334
37000500;400;6;3; ;864708;6125814;864720;6125767;14,7252;55,1442;Aabyvej 3;0;25;1;54965;53334
37000500;400;6;5; ;865134;6125891;865171;6125882;14,732;55,1446;Aabyvej 5;0;26;1;54965;53334
37000500;400;6;4; ;865561;6125860;865495;6125852;14,7386;55,144;Aabyvej 4;0;27;1;54965;53334
37000500;400;6;8; ;865285;6126285;865261;6126291;14,7348;55,148;Aabyvej 8;0;28;1;54965;53334
37000500;400;6;7; ;865362;6126684;865382;6126678;14,7366;55,1515;Aabyvej 7;0;29;1;54965;53334
37000500;400;1956;33; ;865399;6126615;865405;6126637;14,737;55,1509;Kirkebyvej 33;0;30;1;54965;53334
37000500;400;1956;25; ;865726;6126455;865739;6126481;14,7419;55,1492;Kirkebyvej 25;0;31;1;54965;53334
37000500;400;1956;30; ;865803;6126580;865751;6126475;14,7433;55,1503;Kirkebyvej 30;0;32;1;54965;53334
37000500;400;1956;28; ;865967;6126450;865934;6126384;14,7457;55,149;Kirkebyvej 28;0;33;1;54965;53334
37000500;400;1956;24; ;866558;6126177;866512;6126108;14,7546;55,1461;Kirkebyvej 24;0;34;1;54965;53334
37000500;400;1956;22; ;866892;6126187;866739;6125958;14,7598;55,146;Kirkebyvej 22;0;35;1;54965;53334
37000500;400;1956;20; ;867090;6126035;866942;6125821;14,7627;55,1444;Kirkebyvej 20;0;36;1;54965;53334
37000500;400;2256;1; ;866365;6126233;866388;6126222;14,7516;55,1468;KyndegÂrdsvej 1;0;37;1;54965;53334
37000500;400;2256;3; ;866526;6126520;866538;6126495;14,7545;55,1492;KyndegÂrdsvej 3;0;38;1;54965;53334
37000500;400;2256;5; ;866458;6126551;866497;6126474;14,7535;55,1495;KyndegÂrdsvej 5;0;39;1;54965;53334
37000500;400;2256;7; ;866628;6126573;866642;6126566;14,7562;55,1496;KyndegÂrdsvej 7;0;40;1;54965;53334
37000500;400;2256;9; ;866823;6126806;866853;6126805;14,7595;55,1515;KyndegÂrdsvej 9;0;41;1;54965;53334
37000500;400;2256;6; ;867088;6126637;866964;6126879;14,7634;55,1498;KyndegÂrdsvej 6;0;42;1;54965;53334
37000500;400;2256;8; ;867075;6126839;867048;6126911;14,7635;55,1517;KyndegÂrdsvej 8;0;43;1;54965;53334
37000500;400;2256;11; ;867070;6127099;867128;6126940;14,7638;55,154;KyndegÂrdsvej 11;0;44;1;54965;53334
37000500;400;960;9; ;866596;6126788;866601;6126764;14,756;55,1515;Eskesvej 9;0;45;1;54965;53334
37000500;400;960;12; ;866465;6126736;866481;6126741;14,7538;55,1512;Eskesvej 12;0;46;1;54965;53334
37000500;400;960;8; ;866347;6126847;866449;6126876;14,7521;55,1523;Eskesvej 8;0;47;1;54965;53334
37000500;400;960;6; ;866418;6127017;866437;6127012;14,7535;55,1537;Eskesvej 6;0;48;1;54965;53334
37000500;400;960;7; ;866459;6127088;866441;6127068;14,7542;55,1543;Eskesvej 7;0;49;1;54965;53334
37000500;400;960;1; ;866526;6127300;866430;6127074;14,7555;55,1562;Eskesvej 1;0;50;1;54965;53334
37000500;400;960;2; ;866278;6127000;866262;6127087;14,7513;55,1537;Eskesvej 2;0;51;1;54965;53334
37000500;400;6;10; ;865524;6126862;865449;6126888;14,7393;55,153;Aabyvej 10;0;52;1;54965;53334
37000500;400;6;14; ;865669;6127361;865632;6127374;14,7422;55,1574;Aabyvej 14;0;53;1;54965;53334
37000500;400;711;9; ;864957;6127592;864975;6127529;14,7314;55,1599;Dalslundevej 9;0;54;1;54965;53334
37000500;400;6;9; ;865666;6127721;865690;6127721;14,7426;55,1606;Aabyvej 9;0;55;1;54965;53334
37000500;400;6;23; ;865551;6127940;865655;6127959;14,7411;55,1626;Aabyvej 23;0;56;1;54965;53334
37000500;400;4548;9; ;866345;6128200;866343;6128241;14,7539;55,1644;Tornbyvej 9;0;57;1;54965;53334
37000500;400;429;15; ;867335;6128298;867219;6128327;14,7694;55,1645;Bregneshavevej 15;0;58;1;54965;53334
37000500;400;4548;7; ;867471;6127946;867489;6128003;14,7711;55,1613;Tornbyvej 7;0;59;1;54965;53334
37000500;400;4548;6; ;867592;6128047;867567;6127977;14,7731;55,1621;Tornbyvej 6;0;60;1;54965;53334
37000500;400;4548;3; ;867700;6127707;867661;6127712;14,7744;55,1589;Tornbyvej 3;0;61;1;54965;53334
37000500;400;4548;1; ;868166;6127267;868172;6127269;14,7811;55,1547;Tornbyvej 1;0;62;1;54965;53334
37000500;400;2256;10; ;867901;6127176;867857;6127350;14,7768;55,1541;KyndegÂrdsvej 10;0;63;1;54965;53334
37000500;400;2256;13; ;867301;6127314;867426;6127106;14,7676;55,1557;KyndegÂrdsvej 13;0;64;1;54965;53334
37000500;400;2256;15; ;867383;6127462;867547;6127181;14,7691;55,157;KyndegÂrdsvej 15;0;65;1;54965;53334
37000500;400;4659;9; ;867565;6127103;867592;6127114;14,7715;55,1536;Vallevadsvej 9;0;66;1;54965;53334
37000500;400;4659;2; ;867754;6126586;867699;6126571;14,7738;55,1489;Vallevadsvej 2;0;67;1;54965;53334
37000500;400;4659;5; ;867671;6126386;867694;6126378;14,7722;55,1472;Vallevadsvej 5;0;68;1;54965;53334
37000500;400;4659;3; ;867654;6126335;867677;6126327;14,7719;55,1467;Vallevadsvej 3;0;69;1;54965;53334
37000500;400;4659;1; ;867366;6126420;867675;6126321;14,7675;55,1477;Vallevadsvej 1;0;70;1;54965;53334
37000500;400;453;1; ;867735;6126306;867757;6126283;14,7731;55,1464;BrogÂrdsvej 1;1;71;1;54965;53334
37000500;400;2952;60; ;867760;6126255;867743;6126268;14,7734;55,1459;Nyker Hovedgade 60;0;72;1;54965;53334
37000500;400;453;3; ;867824;6126500;867887;6126379;14,7748;55,1481;BrogÂrdsvej 3;0;73;1;54965;53334
37000500;400;453;2; ;867958;6126365;867933;6126403;14,7767;55,1468;BrogÂrdsvej 2;0;74;1;54965;53334
37000500;400;453;5; ;867964;6126661;868085;6126496;14,7772;55,1494;BrogÂrdsvej 5;0;75;1;54965;53334
37000500;400;453;7; ;868056;6126496;868065;6126482;14,7784;55,1478;BrogÂrdsvej 7;0;76;1;54965;53334
37000500;400;453;4; ;868114;6126495;868103;6126510;14,7793;55,1478;BrogÂrdsvej 4;0;77;1;54965;53334
37000500;400;453;9; ;868197;6126776;868295;6126734;14,7809;55,1503;BrogÂrdsvej 9;0;78;1;54965;53334
37000500;400;453;13; ;867989;6126955;868322;6126795;14,7779;55,152;BrogÂrdsvej 13;0;79;1;54965;53334
37000500;400;453;11; ;868097;6127029;868374;6126914;14,7797;55,1526;BrogÂrdsvej 11;0;80;1;54965;53334
37000500;400;453;6; ;868419;6126955;868396;6126964;14,7846;55,1517;BrogÂrdsvej 6;0;81;1;54965;53334
37000500;400;453;12; ;868546;6127229;868523;6127238;14,787;55,154;BrogÂrdsvej 12;0;82;1;54965;53334
37000500;400;453;12;A;868561;6127236;868529;6127250;14,7872;55,1541;BrogÂrdsvej 12A;0;83;1;54965;53334
37000500;400;2292;1; ;868680;6127661;868697;6127674;14,7896;55,1578;LadegÂrdsvej 1;0;84;1;54965;53334
37000500;400;2292;2; ;868699;6127693;868688;6127685;14,79;55,1581;LadegÂrdsvej 2;0;85;1;54965;53334
37000500;400;453;33; ;868662;6127890;868754;6127904;14,7896;55,1599;BrogÂrdsvej 33;0;86;1;54965;53334
37000500;400;453;33;A;868638;6127885;868754;6127904;14,7893;55,1598;BrogÂrdsvej 33A;0;87;1;54965;53334
37000500;400;2292;4; ;868461;6128134;868435;6128119;14,7868;55,1622;LadegÂrdsvej 4;0;88;1;54965;53334
37000500;400;2292;6; ;868220;6128511;868187;6128486;14,7836;55,1657;LadegÂrdsvej 6;0;89;1;54965;53334
37000500;400;453;27; ;868725;6127732;868742;6127727;14,7904;55,1584;BrogÂrdsvej 27;0;90;1;54965;53334
37000500;400;453;29; ;868729;6127747;868745;6127741;14,7905;55,1585;BrogÂrdsvej 29;0;91;1;54965;53334
37000500;400;453;31; ;868707;6127769;868750;6127758;14,7902;55,1588;BrogÂrdsvej 31;0;92;1;54965;53334
37000500;400;453;35; ;868775;6128063;868794;6128055;14,7916;55,1613;BrogÂrdsvej 35;0;93;1;54965;53334
37000500;400;453;37; ;868779;6128075;868798;6128067;14,7917;55,1614;BrogÂrdsvej 37;0;94;1;54965;53334
37000500;400;453;39; ;868783;6128088;868802;6128081;14,7918;55,1615;BrogÂrdsvej 39;0;95;1;54965;53334
37000500;400;453;41; ;868794;6128115;868811;6128109;14,792;55,1618;BrogÂrdsvej 41;0;96;1;54965;53334
37000500;400;453;16; ;868873;6128195;868857;6128206;14,7933;55,1624;BrogÂrdsvej 16;0;97;1;54965;53334
37000500;400;453;14; ;869061;6127701;868751;6127765;14,7956;55,1579;BrogÂrdsvej 14;0;98;1;54965;53334
37000500;400;453;15; ;868499;6127480;868612;6127426;14,7866;55,1563;BrogÂrdsvej 15;0;99;1;54965;53334
37000500;400;453;17; ;868461;6127453;868593;6127388;14,7859;55,1561;BrogÂrdsvej 17;0;100;1;54965;53334
37000500;400;4257;2; ;868559;6127035;868454;6126998;14,7869;55,1523;Stumpevejen 2;0;101;1;54965;53334
37000500;400;4257;4; ;868696;6126768;868552;6126718;14,7887;55,1498;Stumpevejen 4;0;102;1;54965;53334
37000500;400;1887;10; ;869699;6126900;869844;6126869;14,8046;55,1502;KarlsgÂrdsvej 10;0;103;1;54965;53334
37000500;400;9;37; ;869960;6126960;869908;6126963;14,8087;55,1506;Aagaardsvej 37;0;104;1;54965;53334
37000500;400;9;44; ;869884;6127296;869910;6127296;14,8079;55,1536;Aagaardsvej 44;0;105;1;54965;53334
37000500;400;9;40; ;869643;6127311;869909;6127309;14,8042;55,154;Aagaardsvej 40;0;106;1;54965;53334
37000500;400;9;38; ;869857;6127553;869913;6127550;14,8079;55,156;Aagaardsvej 38;0;107;1;54965;53334
37000500;400;9;35; ;870195;6127971;869928;6127952;14,8137;55,1594;Aagaardsvej 35;0;108;1;54965;53334
37000500;400;9;36; ;869778;6127996;869897;6128030;14,8072;55,16;Aagaardsvej 36;0;109;1;54965;53334
37000500;400;2742;3; ;869464;6128265;869584;6128010;14,8027;55,1626;MÊbyvej 3;0;110;1;54965;53334
37000500;400;2742;6; ;869390;6127840;869379;6127849;14,8009;55,1589;MÊbyvej 6;0;111;1;54965;53334
37000500;400;2742;4; ;869016;6127418;868985;6127459;14,7946;55,1554;MÊbyvej 4;0;112;1;54965;53334
37000500;400;2742;1; ;868929;6127512;868972;6127450;14,7933;55,1563;MÊbyvej 1;0;113;1;54965;53334
37000500;400;2742;2; ;869417;6127183;869067;6127534;14,8005;55,153;MÊbyvej 2;0;114;1;54965;53334
37000501;400;15;1; ;870018;6129192;870001;6129178;14,8125;55,1705;Aarsballevej 1;0;0;1;51681;51707
37000501;400;15;3; ;870412;6128954;870350;6128878;14,8184;55,1681;Aarsballevej 3;0;1;1;51681;51707
37000501;400;15;2; ;870744;6128461;870810;6128563;14,8229;55,1634;Aarsballevej 2;0;2;1;51681;51707
37000501;400;15;4; ;871064;6128329;871094;6128375;14,8277;55,162;Aarsballevej 4;0;3;1;51681;51707
37000501;400;813;16; ;872804;6129202;872789;6129186;14,856;55,1685;DyndegÂrdsvej 16;0;4;1;51681;51707
37000501;400;813;18; ;872809;6129127;872827;6129141;14,856;55,1678;DyndegÂrdsvej 18;0;5;1;51681;51707
37000501;400;813;20; ;872966;6128966;872942;6128968;14,8583;55,1663;DyndegÂrdsvej 20;0;6;1;51681;51707
37000501;400;813;17; ;872662;6129515;872694;6129480;14,8542;55,1714;DyndegÂrdsvej 17;0;7;1;51681;51707
37000501;400;813;22; ;872816;6129547;872824;6129554;14,8567;55,1716;DyndegÂrdsvej 22;0;8;1;51681;51707
37000501;400;813;21; ;872955;6129835;873009;6129776;14,8592;55,174;DyndegÂrdsvej 21;0;9;1;51681;51707
37000501;400;813;24; ;873126;6129702;873034;6129799;14,8617;55,1727;DyndegÂrdsvej 24;0;10;1;51681;51707
37000501;400;813;23; ;873181;6129897;873199;6129885;14,8628;55,1744;DyndegÂrdsvej 23;0;11;1;51681;51707
37000501;400;813;26; ;873279;6129975;873267;6129990;14,8645;55,175;DyndegÂrdsvej 26;0;12;1;51681;51707
37000501;400;4407;21; ;873389;6130365;873373;6130357;14,8667;55,1784;S¯ndre Lyngvej 21;0;13;1;51681;51707
37000501;400;4407;25; ;873535;6130126;873485;6130104;14,8687;55,1762;S¯ndre Lyngvej 25;0;14;1;51681;51707
37000501;400;4407;23; ;873691;6130306;873444;6130197;14,8714;55,1777;S¯ndre Lyngvej 23;0;15;1;51681;51707
37000501;400;4407;29; ;873907;6129729;873691;6129635;14,874;55,1724;S¯ndre Lyngvej 29;0;16;1;51681;51707
37000501;400;4407;31; ;873851;6129447;873786;6129417;14,8727;55,1699;S¯ndre Lyngvej 31;0;17;1;51681;51707
37000501;400;4407;33; ;874252;6129508;873832;6129316;14,8791;55,1701;S¯ndre Lyngvej 33;0;18;1;51681;51707
37000501;400;4407;28; ;873313;6128699;873300;6128714;14,8633;55,1636;S¯ndre Lyngvej 28;0;19;1;51681;51707
37000501;400;4407;30; ;873083;6128704;873158;6128603;14,8597;55,1638;S¯ndre Lyngvej 30;0;20;1;51681;51707
37000501;400;15;27; ;872089;6127718;872075;6127695;14,8429;55,1558;Aarsballevej 27;0;21;1;51681;51707
37000501;400;15;25; ;872023;6127762;872008;6127739;14,842;55,1562;Aarsballevej 25;0;22;1;51681;51707
37000501;400;15;24; ;871863;6127800;871882;6127827;14,8395;55,1567;Aarsballevej 24;0;23;1;51681;51707
37000501;400;15;23; ;871862;6127862;871852;6127848;14,8396;55,1572;Aarsballevej 23;0;24;1;51681;51707
37000501;400;15;22; ;871404;6127722;871611;6128017;14,8322;55,1563;Aarsballevej 22;0;25;1;51681;51707
37000501;400;15;20; ;871683;6127938;871697;6127957;14,8369;55,158;Aarsballevej 20;0;26;1;51681;51707
37000501;400;15;21; ;871624;6128034;871612;6128016;14,8361;55,1589;Aarsballevej 21;0;27;1;51681;51707
37000501;400;15;5; ;871543;6128088;871529;6128074;14,8349;55,1595;Aarsballevej 5;0;28;1;51681;51707
37000501;400;15;7; ;872210;6128499;872205;6128512;14,8458;55,1627;Aarsballevej 7;0;29;1;51681;51707
37000501;400;15;28; ;871603;6127342;871603;6127349;14,8348;55,1528;Aarsballevej 28;0;30;1;51681;51707
37000501;400;3642;4; ;871397;6127085;871412;6127077;14,8313;55,1506;Skarpeskadevej 4;0;31;1;51681;51707
37000501;400;3642;6; ;871433;6126563;871439;6126538;14,8312;55,1459;Skarpeskadevej 6;0;32;1;51681;51707
37000501;400;3642;10;A;870650;6126429;870651;6126368;14,8188;55,1453;Skarpeskadevej 10A;0;33;1;51681;51707
37000501;400;3642;10;B;870641;6126429;870643;6126368;14,8186;55,1453;Skarpeskadevej 10B;0;34;1;51681;51707
37000501;400;3642;11; ;870632;6126345;870631;6126367;14,8184;55,1446;Skarpeskadevej 11;0;35;1;51681;51707
37000501;400;3642;14; ;870586;6126487;870589;6126366;14,8178;55,1459;Skarpeskadevej 14;0;36;1;51681;51707
37000501;400;3642;9; ;872152;6126663;872149;6126676;14,8425;55,1463;Skarpeskadevej 9;0;37;1;51681;51707
37000501;400;3642;2; ;872300;6127025;872391;6127001;14,8453;55,1494;Skarpeskadevej 2;0;38;1;51681;51707
37000501;400;3642;3; ;872593;6127133;872436;6127174;14,85;55,1502;Skarpeskadevej 3;0;39;1;51681;51707
37000501;400;15;31; ;872610;6127457;872593;6127425;14,8507;55,153;Aarsballevej 31;0;40;1;51681;51707
37000501;400;15;33; ;872750;6127373;872740;6127353;14,8528;55,1522;Aarsballevej 33;0;41;1;51681;51707
37000501;400;15;30; ;872784;6127128;872880;6127278;14,853;55,15;Aarsballevej 30;0;42;1;51681;51707
37000501;400;15;35; ;872968;6127268;872943;6127236;14,8561;55,1511;Aarsballevej 35;0;43;1;51681;51707
37000501;400;15;39; ;873575;6127169;873324;6126859;14,8654;55,1497;Aarsballevej 39;0;44;1;51681;51707
37000501;400;15;41; ;873211;6126990;873201;6126981;14,8595;55,1484;Aarsballevej 41;0;45;1;51681;51707
37000501;400;15;43; ;873296;6126931;873270;6126907;14,8607;55,1478;Aarsballevej 43;0;46;1;51681;51707
37000501;400;15;34; ;872744;6126595;872751;6126602;14,8517;55,1452;Aarsballevej 34;0;47;1;51681;51707
37000501;400;18;52; ;873649;6125760;873343;6126093;14,8647;55,1371;R¯meregÂrdsvej 52;0;48;1;51681;51707
37000501;400;18;39; ;873120;6125979;873131;6125954;14,8567;55,1394;R¯meregÂrdsvej 39;0;49;1;51681;51707
37000501;400;18;50; ;873117;6125918;873108;6125945;14,8566;55,1389;R¯meregÂrdsvej 50;0;50;1;51681;51707
37000501;400;18;48; ;872898;6125855;872890;6125878;14,8531;55,1385;R¯meregÂrdsvej 48;0;51;1;51681;51707
37000501;400;18;35; ;872643;6126296;872643;6126256;14,8497;55,1426;R¯meregÂrdsvej 35;0;52;1;51681;51707
37000501;400;18;33; ;872746;6125861;872761;6125829;14,8508;55,1387;R¯meregÂrdsvej 33;0;53;1;51681;51707
37000501;400;18;31; ;872434;6125619;872444;6125604;14,8456;55,1367;R¯meregÂrdsvej 31;0;54;1;51681;51707
37000501;400;18;46;A;872487;6125492;872472;6125479;14,8462;55,1356;R¯meregÂrdsvej 46A;0;55;1;51681;51707
37000501;400;18;29; ;872262;6125505;872278;6125482;14,8427;55,1359;R¯meregÂrdsvej 29;0;56;1;51681;51707
37000501;400;18;44; ;872182;6125309;872131;6125375;14,8412;55,1342;R¯meregÂrdsvej 44;0;57;1;51681;51707
37000501;400;18;27; ;872145;6125409;872156;6125394;14,8408;55,1351;R¯meregÂrdsvej 27;0;58;1;51681;51707
37000501;400;18;42; ;872066;6125313;872059;6125322;14,8394;55,1343;R¯meregÂrdsvej 42;0;59;1;51681;51707
37000501;400;18;40; ;872129;6125146;872023;6125298;14,8402;55,1327;R¯meregÂrdsvej 40;0;60;1;51681;51707
37000501;400;18;38; ;872211;6124960;872010;6125290;14,8412;55,131;R¯meregÂrdsvej 38;0;61;1;51681;51707
37000501;400;18;36; ;872234;6124934;872010;6125290;14,8415;55,1308;R¯meregÂrdsvej 36;0;62;1;51681;51707
37000501;400;1881;1; ;871903;6125366;871961;6125392;14,8369;55,1349;Kantedamsvejen 1;0;63;1;51681;51707
37000501;400;1881;4; ;872063;6125866;871804;6125833;14,8401;55,1392;Kantedamsvejen 4;0;64;1;51681;51707
37000501;400;1881;5; ;871598;6126066;871598;6126016;14,8331;55,1414;Kantedamsvejen 5;0;65;1;51681;51707
37000501;400;1881;7; ;871886;6126294;871907;6126286;14,8379;55,1432;Kantedamsvejen 7;0;66;1;51681;51707
37000501;400;1881;6; ;872144;6126428;872120;6126459;14,8421;55,1442;Kantedamsvejen 6;0;67;1;51681;51707
37000501;400;2283;2; ;872717;6127396;872710;6127408;14,8523;55,1524;K¯llergÂrdsvej 2;0;68;1;51681;51707
37000501;400;2283;1; ;873150;6127781;873163;6127771;14,8596;55,1555;K¯llergÂrdsvej 1;0;69;1;51681;51707
37000501;400;2283;3; ;873228;6128039;873339;6127842;14,8611;55,1578;K¯llergÂrdsvej 3;0;70;1;51681;51707
37000501;400;2283;7; ;873717;6128270;873775;6127927;14,8691;55,1595;K¯llergÂrdsvej 7;0;71;1;51681;51707
37000501;400;2283;9; ;873949;6127976;873952;6127962;14,8723;55,1567;K¯llergÂrdsvej 9;0;72;1;51681;51707
37000501;400;2283;4; ;874108;6127966;874084;6128019;14,8748;55,1565;K¯llergÂrdsvej 4;0;73;1;51681;51707
37000501;400;2283;11; ;874138;6128124;874168;6128056;14,8754;55,1579;K¯llergÂrdsvej 11;0;74;1;51681;51707
37000501;400;2157;4; ;874398;6128140;874387;6128154;14,8795;55,1578;Kongensmark 4;0;75;1;51681;51707
37000501;400;2157;6; ;874545;6128600;874528;6128603;14,8824;55,1618;Kongensmark 6;0;76;1;51681;51707
37000501;400;2157;1; ;874566;6128868;874590;6128848;14,8831;55,1642;Kongensmark 1;0;77;1;51681;51707
37000501;400;2157;10; ;874785;6129089;874772;6129098;14,8868;55,166;Kongensmark 10;0;78;1;51681;51707
37000501;400;2157;12; ;875033;6129383;875001;6129407;14,8911;55,1684;Kongensmark 12;0;79;1;51681;51707
37000501;400;2157;3; ;874694;6129272;874829;6129175;14,8856;55,1677;Kongensmark 3;0;80;1;51681;51707
37000501;400;2157;8; ;874907;6128981;874765;6129088;14,8886;55,1649;Kongensmark 8;0;81;1;51681;51707
37000501;400;4407;36; ;874155;6128546;874170;6128553;14,8763;55,1616;S¯ndre Lyngvej 36;0;82;1;51681;51707
37000501;400;4407;34; ;874042;6128674;874105;6128701;14,8747;55,1628;S¯ndre Lyngvej 34;0;83;1;51681;51707
37000501;400;4407;32; ;873707;6128641;873600;6128866;14,8694;55,1628;S¯ndre Lyngvej 32;0;84;1;51681;51707
37000501;400;2283;6; ;874321;6128062;874297;6128114;14,8782;55,1572;K¯llergÂrdsvej 6;0;85;1;51681;51707
37000501;400;4407;35; ;874487;6128040;874408;6128006;14,8808;55,1568;S¯ndre Lyngvej 35;0;86;1;51681;51707
37000501;400;4407;37; ;874624;6127738;874539;6127701;14,8825;55,154;S¯ndre Lyngvej 37;0;87;1;51681;51707
37000501;400;4407;38; ;874536;6127671;874550;6127677;14,8811;55,1535;S¯ndre Lyngvej 38;0;88;1;51681;51707
37000501;400;4407;40; ;874506;6127568;874584;6127603;14,8805;55,1526;S¯ndre Lyngvej 40;0;89;1;51681;51707
37000501;400;4407;39; ;874640;6127541;874617;6127530;14,8825;55,1523;S¯ndre Lyngvej 39;0;90;1;51681;51707
37000501;400;4407;41; ;874648;6127521;874626;6127511;14,8826;55,1521;S¯ndre Lyngvej 41;0;91;1;51681;51707
37000501;400;4407;42; ;874612;6127457;874644;6127472;14,882;55,1515;S¯ndre Lyngvej 42;0;92;1;51681;51707
37000501;400;4407;45; ;874662;6127472;874648;6127465;14,8828;55,1516;S¯ndre Lyngvej 45;0;93;1;51681;51707
37000501;400;4407;47; ;874760;6127287;874737;6127272;14,8841;55,1499;S¯ndre Lyngvej 47;0;94;1;51681;51707
37000501;400;4110;76; ;875170;6127580;875181;6127562;14,8908;55,1522;Stavsdalvej 76;0;95;1;51681;51707
37000501;400;852;30; ;875244;6127977;875285;6127962;14,8925;55,1557;Egeskovvej 30;0;96;1;51681;51707
37000501;400;852;11; ;875335;6128045;875317;6128051;14,894;55,1562;Egeskovvej 11;0;97;1;51681;51707
37000501;400;852;9; ;875561;6128051;875524;6128038;14,8976;55,1561;Egeskovvej 9;0;98;1;51681;51707
37000501;400;852;24; ;875358;6128839;875352;6128876;14,8954;55,1633;Egeskovvej 24;0;99;1;51681;51707
37000502;400;45;1; ;873258;6124359;873258;6124338;14,8568;55,1249;AhlegÂrdsvejen 1;0;0;1;41598;42702
37000502;400;45;2; ;873847;6124360;873632;6124352;14,866;55,1244;AhlegÂrdsvejen 2;0;1;1;41598;42702
37000502;400;45;7; ;873350;6124534;873629;6124518;14,8584;55,1264;AhlegÂrdsvejen 7;0;2;1;41598;42702
37000502;400;3573;28; ;873593;6124006;873591;6124029;14,8615;55,1215;Segenvej 28;0;3;1;41598;42702
37000502;400;3573;30; ;873618;6124010;873616;6124030;14,8619;55,1215;Segenvej 30;0;4;1;41598;42702
37000502;400;3573;21; ;873631;6124060;873634;6124031;14,8622;55,1219;Segenvej 21;0;5;1;41598;42702
37000502;400;3573;32; ;873644;6124013;873644;6124032;14,8623;55,1215;Segenvej 32;0;6;1;41598;42702
37000502;400;3573;23; ;873683;6124055;873684;6124034;14,863;55,1218;Segenvej 23;0;7;1;41598;42702
37000502;400;3573;34; ;873632;6123623;873610;6124030;14,8616;55,118;Segenvej 34;0;8;1;41598;42702
37000502;400;3573;36; ;873811;6124022;873809;6124040;14,865;55,1214;Segenvej 36;0;9;1;41598;42702
37000502;400;3573;38; ;873932;6123644;873911;6124045;14,8663;55,118;Segenvej 38;0;10;1;41598;42702
37000502;400;3573;25; ;874035;6124080;874036;6124052;14,8685;55,1218;Segenvej 25;0;11;1;41598;42702
37000502;400;3573;27; ;874148;6124072;874148;6124058;14,8703;55,1216;Segenvej 27;0;12;1;41598;42702
37000502;400;3573;42; ;874353;6124024;874350;6124068;14,8734;55,121;Segenvej 42;0;13;1;41598;42702
37000502;400;3573;33; ;874530;6124108;874531;6124076;14,8763;55,1217;Segenvej 33;0;14;1;41598;42702
37000502;400;3573;19; ;873454;6124195;873484;6124019;14,8596;55,1232;Segenvej 19;0;15;1;41598;42702
37000502;400;3573;26; ;873355;6123938;873338;6123971;14,8577;55,121;Segenvej 26;0;16;1;41598;42702
37000502;400;3573;24; ;873232;6123894;873220;6123918;14,8557;55,1207;Segenvej 24;0;17;1;41598;42702
37000502;400;3573;22; ;873070;6123768;873041;6123839;14,8531;55,1197;Segenvej 22;1;18;1;41598;42702
37000502;400;3573;15; ;873018;6123971;873070;6123852;14,8525;55,1216;Segenvej 15;0;19;1;41598;42702
37000502;400;3573;13; ;872874;6123785;872880;6123770;14,85;55,12;Segenvej 13;0;20;1;41598;42702
37000502;400;3573;20; ;872890;6123690;872862;6123763;14,8501;55,1192;Segenvej 20;0;21;1;41598;42702
37000502;400;3573;11; ;872738;6123738;872743;6123721;14,8478;55,1197;Segenvej 11;0;22;1;41598;42702
37000502;400;3573;18; ;872699;6123677;872689;6123703;14,8472;55,1192;Segenvej 18;0;23;1;41598;42702
37000502;400;3573;16; ;872959;6123504;872861;6123763;14,851;55,1174;Segenvej 16;0;24;1;41598;42702
37000502;400;3573;14; ;872562;6123634;872553;6123658;14,8449;55,1189;Segenvej 14;0;25;1;41598;42702
37000502;400;3573;12; ;872520;6123534;872486;6123636;14,8442;55,118;Segenvej 12;0;26;1;41598;42702
37000502;400;3573;10; ;872464;6123601;872455;6123626;14,8434;55,1187;Segenvej 10;0;27;1;41598;42702
37000502;400;4940;5; ;873210;6123454;873260;6123452;14,8548;55,1168;ÿrningevej 5;0;28;1;41598;42702
37000502;400;4940;1; ;873123;6123245;873122;6123236;14,8532;55,115;ÿrningevej 1;0;29;1;41598;42702
37000502;400;108;2; ;872323;6121747;872312;6121748;14,8388;55,1022;Anh¯jvejen 2;0;30;1;41598;42702
37000502;400;108;4; ;872451;6121859;872435;6121864;14,8409;55,1031;Anh¯jvejen 4;0;31;1;41598;42702
37000502;400;108;6; ;872632;6121869;872610;6121885;14,8437;55,1031;Anh¯jvejen 6;0;32;1;41598;42702
37000502;400;108;8; ;872471;6121993;872417;6122002;14,8414;55,1043;Anh¯jvejen 8;0;33;1;41598;42702
37000502;400;108;1; ;872428;6122110;872445;6122105;14,8409;55,1054;Anh¯jvejen 1;0;34;1;41598;42702
37000502;400;108;10; ;872478;6122118;872451;6122125;14,8417;55,1054;Anh¯jvejen 10;0;35;1;41598;42702
37000502;400;108;12; ;872533;6122187;872472;6122203;14,8426;55,106;Anh¯jvejen 12;0;36;1;41598;42702
37000502;400;108;3; ;872458;6122232;872478;6122226;14,8415;55,1064;Anh¯jvejen 3;0;37;1;41598;42702
37000502;400;108;14; ;872689;6122358;872668;6122373;14,8453;55,1074;Anh¯jvejen 14;0;38;1;41598;42702
37000502;400;108;5; ;872432;6122761;872488;6122770;14,8418;55,1112;Anh¯jvejen 5;0;39;1;41598;42702
37000502;400;4761;52; ;872254;6121738;872263;6121749;14,8377;55,1022;Vestermarievej 52;0;40;1;41598;42702
37000502;400;4761;67; ;872226;6121811;872211;6121791;14,8373;55,1029;Vestermarievej 67;0;41;1;41598;42702
37000502;400;4761;65; ;872205;6122189;872072;6121874;14,8375;55,1063;Vestermarievej 65;0;42;1;41598;42702
37000502;400;4761;63; ;871899;6121961;871892;6121941;14,8324;55,1044;Vestermarievej 63;0;43;1;41598;42702
37000502;400;3915;21; ;871850;6121757;871869;6121760;14,8314;55,1027;Sm¯rengevejen 21;0;44;1;41598;42702
37000502;400;4761;25; ;871066;6122535;870934;6122300;14,8202;55,1102;Vestermarievej 25;0;45;1;41598;42702
37000502;400;4761;19; ;870645;6122670;870558;6122528;14,8138;55,1117;Vestermarievej 19;0;46;1;41598;42702
37000502;400;4761;12; ;870492;6122529;870510;6122558;14,8112;55,1106;Vestermarievej 12;0;47;1;41598;42702
37000502;400;4761;10; ;870415;6122586;870429;6122608;14,8101;55,1111;Vestermarievej 10;0;48;1;41598;42702
37000502;400;4761;21; ;870438;6122629;870426;6122610;14,8105;55,1115;Vestermarievej 21;0;49;1;41598;42702
37000502;400;4761;17; ;870361;6122676;870349;6122657;14,8094;55,112;Vestermarievej 17;0;50;1;41598;42702
37000502;400;4761;11; ;869738;6123074;869721;6123047;14,8002;55,116;Vestermarievej 11;0;51;1;41598;42702
37000502;400;4761;8; ;869464;6123140;869470;6123164;14,796;55,1168;Vestermarievej 8;0;52;1;41598;42702
37000502;400;4761;7; ;869298;6123233;869292;6123215;14,7935;55,1178;Vestermarievej 7;0;53;1;41598;42702
37000502;400;4761;3; ;868792;6123378;868789;6123344;14,7858;55,1194;Vestermarievej 3;0;54;1;41598;42702
37000502;400;4761;2; ;868517;6123283;868511;6123301;14,7814;55,1188;Vestermarievej 2;0;55;1;41598;42702
37000502;400;3573;2; ;870054;6123123;870048;6123162;14,8052;55,1162;Segenvej 2;0;56;1;41598;42702
37000502;400;3573;3; ;870590;6123271;870594;6123239;14,8137;55,1171;Segenvej 3;0;57;1;41598;42702
37000502;400;3573;4; ;870994;6123156;870974;6123292;14,8199;55,1158;Segenvej 4;0;58;1;41598;42702
37000502;400;3573;6; ;871077;6123265;871411;6123354;14,8213;55,1167;Segenvej 6;0;59;1;41598;42702
37000502;400;3723;20; ;871593;6123296;871572;6123288;14,8294;55,1166;SkovgÂrdsvejen 20;0;60;1;41598;42702
37000502;400;3573;5; ;872110;6123539;872118;6123514;14,8378;55,1184;Segenvej 5;0;61;1;41598;42702
37000502;400;3573;8; ;872165;6123456;872141;6123521;14,8385;55,1176;Segenvej 8;0;62;1;41598;42702
37000502;400;2160;1; ;871975;6123533;872020;6123543;14,8357;55,1184;Kongstubbevejen 1;0;63;1;41598;42702
37000502;400;4497;1; ;872026;6123649;872055;6123627;14,8366;55,1194;Tingstedvejen 1;0;64;1;41598;42702
37000502;400;4497;2; ;872086;6123639;872071;6123649;14,8375;55,1193;Tingstedvejen 2;0;65;1;41598;42702
37000502;400;4497;3; ;872230;6123943;872291;6123869;14,8402;55,1219;Tingstedvejen 3;0;66;1;41598;42702
37000502;400;4497;5; ;872379;6124149;872472;6124097;14,8428;55,1236;Tingstedvejen 5;0;67;1;41598;42702
37000502;400;4497;7; ;872540;6124290;872568;6124274;14,8455;55,1248;Tingstedvejen 7;0;68;1;41598;42702
37000502;400;4497;9; ;872467;6124486;872627;6124368;14,8446;55,1266;Tingstedvejen 9;0;69;1;41598;42702
37000502;400;4497;4; ;872803;6124571;872784;6124585;14,8499;55,1271;Tingstedvejen 4;0;70;1;41598;42702
37000502;400;4497;13; ;872681;6124924;872895;6124724;14,8485;55,1303;Tingstedvejen 13;0;71;1;41598;42702
37000502;400;4497;6; ;872841;6124636;872829;6124644;14,8506;55,1277;Tingstedvejen 6;0;72;1;41598;42702
37000502;400;4497;8; ;872951;6124670;872958;6124690;14,8524;55,1279;Tingstedvejen 8;0;73;1;41598;42702
37000502;400;4497;17; ;873019;6124961;873079;6124906;14,8538;55,1304;Tingstedvejen 17;0;74;1;41598;42702
37000502;400;4497;15; ;872932;6124924;873010;6124838;14,8524;55,1302;Tingstedvejen 15;0;75;1;41598;42702
37000502;400;4497;19; ;873198;6125234;873278;6125127;14,857;55,1327;Tingstedvejen 19;0;76;1;41598;42702
37000502;400;45;10; ;873728;6124893;873704;6124850;14,8648;55,1293;AhlegÂrdsvejen 10;0;77;1;41598;42702
37000502;400;45;6; ;873919;6124602;873654;6124655;14,8674;55,1265;AhlegÂrdsvejen 6;0;78;1;41598;42702
37000502;400;45;8; ;873994;6124732;873911;6124650;14,8687;55,1276;AhlegÂrdsvejen 8;0;79;1;41598;42702
37000502;400;3573;29; ;874233;6124483;874254;6124063;14,8721;55,1252;Segenvej 29;0;80;1;41598;42702
37000502;400;45;11; ;873254;6125401;873299;6125432;14,8581;55,1342;AhlegÂrdsvejen 11;0;81;1;41598;42702
37000502;400;4497;10; ;873793;6125311;873768;6125363;14,8664;55,133;Tingstedvejen 10;0;82;1;41598;42702
37000502;400;4497;21; ;873757;6125427;873746;6125420;14,866;55,134;Tingstedvejen 21;0;83;1;41598;42702
37000502;400;4497;12; ;874028;6125356;874000;6125394;14,8701;55,1332;Tingstedvejen 12;0;84;1;41598;42702
37000502;400;4497;14; ;874253;6125622;874259;6125637;14,8739;55,1354;Tingstedvejen 14;0;85;1;41598;42702
37000502;400;4497;16; ;874521;6125682;874514;6125708;14,8782;55,1357;Tingstedvejen 16;0;86;1;41598;42702
37000502;400;4497;18; ;874654;6125831;874637;6125834;14,8805;55,137;Tingstedvejen 18;0;87;1;41598;42702
37000502;400;4497;20; ;874662;6125881;874647;6125883;14,8807;55,1374;Tingstedvejen 20;0;88;1;41598;42702
37000502;400;381;14; ;874653;6126174;874667;6126194;14,8809;55,14;Bolsterbjergvej 14;0;89;1;41598;42702
37000502;400;381;12; ;874638;6126186;874651;6126205;14,8807;55,1402;Bolsterbjergvej 12;0;90;1;41598;42702
37000502;400;381;10; ;874622;6126200;874635;6126217;14,8805;55,1403;Bolsterbjergvej 10;0;91;1;41598;42702
37000502;400;381;8; ;874616;6126204;874628;6126221;14,8804;55,1403;Bolsterbjergvej 8;0;92;1;41598;42702
37000502;400;381;7; ;874775;6126240;874717;6126158;14,8829;55,1405;Bolsterbjergvej 7;0;93;1;41598;42702
37000502;400;381;6; ;874162;6126108;874374;6126403;14,8732;55,1398;Bolsterbjergvej 6;0;94;1;41598;42702
37000502;400;381;16; ;874893;6126013;874901;6126028;14,8844;55,1384;Bolsterbjergvej 16;0;95;1;41598;42702
37000502;400;381;18; ;874910;6126003;874918;6126019;14,8847;55,1383;Bolsterbjergvej 18;0;96;1;41598;42702
37000502;400;381;11; ;874934;6126029;874926;6126015;14,8851;55,1385;Bolsterbjergvej 11;0;97;1;41598;42702
37000502;400;381;13; ;874970;6126008;874965;6125997;14,8856;55,1383;Bolsterbjergvej 13;0;98;1;41598;42702
37000502;400;381;15; ;874992;6126001;874987;6125989;14,886;55,1382;Bolsterbjergvej 15;0;99;1;41598;42702
37000502;400;381;20; ;875030;6125953;875034;6125975;14,8865;55,1378;Bolsterbjergvej 20;0;100;1;41598;42702
37000502;400;381;26; ;875329;6125869;875341;6125882;14,8911;55,1368;Bolsterbjergvej 26;1;101;1;41598;42702
37000502;400;381;25; ;876008;6125827;876013;6125779;14,9016;55,1359;Bolsterbjergvej 25;0;102;1;41598;42702
37000503;400;321;10; ;868972;6119980;868940;6120079;14,7842;55,0889;Blemmelyngvejen 10;0;0;1;52778;49753
37000503;400;321;12; ;869333;6119947;869260;6120179;14,7898;55,0884;Blemmelyngvejen 12;0;1;1;52778;49753
37000503;400;4740;38; ;869452;6120331;869426;6120317;14,7922;55,0917;Vellensbyvejen 38;0;2;1;52778;49753
37000503;400;321;18; ;869828;6120346;869818;6120355;14,798;55,0916;Blemmelyngvejen 18;0;3;1;52778;49753
37000503;400;321;19; ;870214;6120481;870217;6120498;14,8042;55,0925;Blemmelyngvejen 19;0;4;1;52778;49753
37000503;400;321;15; ;870569;6120617;870518;6120610;14,8099;55,0934;Blemmelyngvejen 15;0;5;1;52778;49753
37000503;400;321;22; ;870246;6120214;870279;6120253;14,8044;55,0901;Blemmelyngvejen 22;0;6;1;52778;49753
37000503;400;321;24; ;870475;6120050;870494;6120072;14,8077;55,0884;Blemmelyngvejen 24;0;7;1;52778;49753
37000503;400;321;11; ;870168;6120851;870157;6120820;14,804;55,0958;Blemmelyngvejen 11;0;8;1;52778;49753
37000503;400;321;16; ;869459;6120222;869452;6120239;14,7921;55,0907;Blemmelyngvejen 16;0;9;1;52778;49753
37000503;400;4740;36; ;869669;6119907;869659;6119901;14,795;55,0878;Vellensbyvejen 36;0;10;1;52778;49753
37000503;400;4740;34; ;869775;6119581;869745;6119580;14,7962;55,0848;Vellensbyvejen 34;0;11;1;52778;49753
37000503;400;1932;2; ;870269;6119175;870270;6119197;14,8034;55,0808;KildesgÂrdsvejen 2;0;12;1;52778;49753
37000503;400;4740;9; ;869420;6119543;869745;6119546;14,7906;55,0847;Vellensbyvejen 9;0;13;1;52778;49753
37000503;400;4740;30; ;869686;6118968;869466;6119037;14,794;55,0793;Vellensbyvejen 30;0;14;1;52778;49753
37000503;400;4740;32; ;869794;6119035;869749;6119031;14,7958;55,0799;Vellensbyvejen 32;0;15;1;52778;49753
37000503;400;4740;7; ;869440;6119027;869461;6119020;14,7903;55,0801;Vellensbyvejen 7;0;16;1;52778;49753
37000503;400;4740;28; ;869442;6118931;869433;6118933;14,7902;55,0792;Vellensbyvejen 28;0;17;1;52778;49753
37000503;400;4740;24; ;869364;6118683;869355;6118685;14,7886;55,077;Vellensbyvejen 24;0;18;1;52778;49753
37000503;400;4740;20; ;869352;6118629;869339;6118633;14,7884;55,0766;Vellensbyvejen 20;0;19;1;52778;49753
37000503;400;4740;14; ;869378;6118563;869322;6118579;14,7887;55,0759;Vellensbyvejen 14;0;20;1;52778;49753
37000503;400;4740;16; ;869335;6118575;869322;6118578;14,7881;55,0761;Vellensbyvejen 16;0;21;1;52778;49753
37000503;400;3450;121; ;869458;6118369;869457;6118395;14,7897;55,0742;R¯nnevej 121;0;22;1;52778;49753
37000503;400;3450;119; ;869950;6118337;869955;6118358;14,7973;55,0735;R¯nnevej 119;0;23;1;52778;49753
37000503;400;3450;118; ;870071;6118414;870051;6118334;14,7993;55,0741;R¯nnevej 118;0;24;1;52778;49753
37000503;400;3450;120; ;870086;6118754;869985;6118350;14,8;55,0771;R¯nnevej 120;0;25;1;52778;49753
37000503;400;3450;113; ;870260;6118257;870266;6118279;14,8021;55,0726;R¯nnevej 113;0;26;1;52778;49753
37000503;400;3450;115; ;870102;6117536;870083;6117599;14,7987;55,0662;R¯nnevej 115;0;27;1;52778;49753
37000503;400;3450;109; ;870467;6117879;870488;6117882;14,8048;55,069;R¯nnevej 109;0;28;1;52778;49753
37000503;400;3978;6; ;870734;6117024;870765;6117079;14,8078;55,0612;Sorteengevejen 6;0;29;1;52778;49753
37000503;400;3978;3; ;869632;6116949;869638;6116958;14,7906;55,0613;Sorteengevejen 3;0;30;1;52778;49753
37000503;400;3978;1; ;869591;6116795;869617;6116776;14,7897;55,06;Sorteengevejen 1;0;31;1;52778;49753
37000503;400;3978;2; ;869542;6116652;869531;6116663;14,7888;55,0587;Sorteengevejen 2;0;32;1;52778;49753
37000503;400;4404;20; ;869802;6116345;869809;6116360;14,7924;55,0558;S¯ndre Landevej 20;0;33;1;52778;49753
37000503;400;4404;15; ;870099;6116564;870066;6116565;14,7973;55,0575;S¯ndre Landevej 15;0;34;1;52778;49753
37000503;400;4404;11; ;869114;6116729;869102;6116702;14,7822;55,0597;S¯ndre Landevej 11;0;35;1;52778;49753
37000503;400;4740;4; ;868920;6116876;868893;6116878;14,7794;55,0612;Vellensbyvejen 4;0;36;1;52778;49753
37000503;400;4740;6; ;869032;6117262;869026;6117264;14,7816;55,0646;Vellensbyvejen 6;0;37;1;52778;49753
37000503;400;4740;1; ;869184;6117835;869326;6117764;14,7847;55,0696;Vellensbyvejen 1;0;38;1;52778;49753
37000503;400;4740;10; ;869569;6118314;869554;6118314;14,7914;55,0736;Vellensbyvejen 10;0;39;1;52778;49753
37000503;400;3450;122; ;869211;6118407;869211;6118388;14,7859;55,0747;R¯nnevej 122;0;40;1;52778;49753
37000503;400;3450;125; ;869157;6118365;869156;6118386;14,785;55,0743;R¯nnevej 125;0;41;1;52778;49753
37000503;400;3450;124; ;869173;6118561;869140;6118386;14,7855;55,0761;R¯nnevej 124;0;42;1;52778;49753
37000503;400;3780;5; ;868780;6118089;868786;6118043;14,7788;55,0722;SkrÊdderbakkevejen 5;0;43;1;52778;49753
37000503;400;3780;8; ;868681;6117906;868644;6117982;14,777;55,0706;SkrÊdderbakkevejen 8;0;44;1;52778;49753
37000503;400;3780;6; ;868329;6117720;868322;6117724;14,7713;55,0692;SkrÊdderbakkevejen 6;0;45;1;52778;49753
37000503;400;3780;3; ;868242;6117742;868253;6117753;14,77;55,0694;SkrÊdderbakkevejen 3;0;46;1;52778;49753
37000503;400;3780;4; ;868329;6117522;868290;6117509;14,771;55,0674;SkrÊdderbakkevejen 4;0;47;1;52778;49753
37000503;400;4404;18; ;868299;6117043;868313;6117063;14,7699;55,0632;S¯ndre Landevej 18;0;48;1;52778;49753
37000503;400;4404;9; ;868478;6116979;868469;6116963;14,7726;55,0624;S¯ndre Landevej 9;0;49;1;52778;49753
37000503;400;4404;12; ;868045;6117218;868059;6117239;14,7662;55,0649;S¯ndre Landevej 12;0;50;1;52778;49753
37000503;400;4404;2; ;866946;6117617;866959;6117656;14,7496;55,0693;S¯ndre Landevej 2;1;51;1;52778;49753
37000503;400;4059;7; ;866426;6117623;866413;6117592;14,7415;55,0697;Stampen Vej 12 7;0;52;1;52778;49753
37000503;400;4059;2; ;866323;6117609;866328;6117625;14,7399;55,0697;Stampen Vej 12 2;0;53;1;52778;49753
37000503;400;4059;4; ;866345;6117599;866351;6117617;14,7402;55,0696;Stampen Vej 12 4;0;54;1;52778;49753
37000503;400;4059;9; ;866453;6117608;866442;6117581;14,7419;55,0696;Stampen Vej 12 9;0;55;1;52778;49753
37000503;400;4074;2; ;866201;6117716;866190;6117705;14,7381;55,0707;Stampen Vej 6 2;0;56;1;52778;49753
37000503;400;4050;10; ;866246;6118038;866275;6118046;14,7392;55,0736;Stampen Vej 1 10;0;57;1;52778;49753
37000503;400;4062;2;B;866176;6118258;866166;6118240;14,7384;55,0756;Stampen Vej 2 2B;0;58;1;52778;49753
37000503;400;4062;14; ;866001;6118276;866007;6118261;14,7357;55,0759;Stampen Vej 2 14;0;59;1;52778;49753
37000503;400;4065;9;A;866014;6117980;866019;6117992;14,7355;55,0732;Stampen Vej 3 9A;0;60;1;52778;49753
37000503;400;4071;2; ;866124;6118174;866134;6118177;14,7375;55,0749;Stampen Vej 5 2;0;61;1;52778;49753
37000503;400;4068;1; ;866070;6118132;866053;6118166;14,7366;55,0745;Stampen Vej 4 1;0;62;1;52778;49753
37000503;400;4068;7; ;865962;6118095;865951;6118116;14,7349;55,0743;Stampen Vej 4 7;0;63;1;52778;49753
37000503;400;4416;69; ;866244;6118426;866229;6118411;14,7397;55,077;S¯ndre Ringvej 69;0;64;1;52778;49753
37000503;400;4416;63; ;866168;6118513;866149;6118494;14,7386;55,0779;S¯ndre Ringvej 63;0;65;1;52778;49753
37000503;400;4416;51; ;866040;6118625;866029;6118614;14,7368;55,079;S¯ndre Ringvej 51;0;66;1;52778;49753
37000503;400;3369;2; ;866042;6118788;866036;6118793;14,737;55,0804;Robbedalevej 2;0;67;1;52778;49753
37000503;400;3369;4; ;866159;6118874;866137;6118849;14,7389;55,0811;Robbedalevej 4;0;68;1;52778;49753
37000503;400;4230;175; ;865328;6118808;865329;6118788;14,7259;55,0811;Strandvejen 175;0;69;1;52778;49753
37000503;400;4230;175;A;865318;6118823;865318;6118788;14,7258;55,0813;Strandvejen 175A;0;70;1;52778;49753
37000503;400;4230;173; ;865196;6118811;865194;6118795;14,7239;55,0813;Strandvejen 173;0;71;1;52778;49753
37000503;400;4230;164; ;865185;6118772;865187;6118796;14,7236;55,0809;Strandvejen 164;0;72;1;52778;49753
37000503;400;4230;182; ;865312;6118631;865378;6118647;14,7254;55,0796;Strandvejen 182;0;73;1;52778;49753
37000503;400;3885;71; ;865254;6119448;865239;6119453;14,7256;55,0869;SmedegÂrdsvej 71;0;74;1;52778;49753
37000503;400;3885;46; ;865307;6119246;865312;6119252;14,7261;55,0851;SmedegÂrdsvej 46;0;75;1;52778;49753
37000503;400;3885;44; ;865121;6119222;865228;6119333;14,7232;55,085;SmedegÂrdsvej 44;0;76;1;52778;49753
37000503;400;4785;14; ;865468;6119578;865513;6119574;14,7291;55,0879;VibegÂrdsvej 14;1;77;1;52778;49753
37000503;400;5013;141; ;865621;6120050;865612;6120026;14,7321;55,092;≈kirkebyvej 141;0;78;1;52778;49753
37000503;400;5013;145; ;865695;6120023;865685;6120000;14,7332;55,0917;≈kirkebyvej 145;0;79;1;52778;49753
37000503;400;5013;151; ;865729;6120005;865721;6119985;14,7337;55,0915;≈kirkebyvej 151;0;80;1;52778;49753
37000503;400;5013;153; ;865751;6120000;865741;6119977;14,734;55,0915;≈kirkebyvej 153;0;81;1;52778;49753
37000503;400;5013;157; ;865806;6119983;865795;6119955;14,7349;55,0913;≈kirkebyvej 157;0;82;1;52778;49753
37000503;400;5013;166; ;866077;6119783;866085;6119794;14,7388;55,0893;≈kirkebyvej 166;0;83;1;52778;49753
37000503;400;5013;170; ;866112;6119689;866129;6119701;14,7393;55,0884;≈kirkebyvej 170;0;84;1;52778;49753
37000503;400;5013;172; ;866117;6119686;866129;6119701;14,7393;55,0884;≈kirkebyvej 172;0;85;1;52778;49753
37000503;400;5013;174; ;866147;6119666;866156;6119678;14,7398;55,0882;≈kirkebyvej 174;0;86;1;52778;49753
37000503;400;5013;176; ;866152;6119663;866161;6119675;14,7398;55,0882;≈kirkebyvej 176;0;87;1;52778;49753
37000503;400;5013;178; ;866192;6119635;866200;6119646;14,7404;55,0879;≈kirkebyvej 178;0;88;1;52778;49753
37000503;400;5013;180; ;866197;6119632;866204;6119643;14,7405;55,0879;≈kirkebyvej 180;0;89;1;52778;49753
37000503;400;5013;182; ;866232;6119609;866239;6119619;14,741;55,0876;≈kirkebyvej 182;0;90;1;52778;49753
37000503;400;5013;184; ;866238;6119605;866245;6119615;14,7411;55,0876;≈kirkebyvej 184;0;91;1;52778;49753
37000503;400;5013;186; ;866283;6119574;866290;6119585;14,7418;55,0873;≈kirkebyvej 186;0;92;1;52778;49753
37000503;400;5013;188; ;866392;6119507;866388;6119526;14,7434;55,0866;≈kirkebyvej 188;0;93;1;52778;49753
37000503;400;5013;159; ;866650;6119415;866639;6119403;14,7473;55,0856;≈kirkebyvej 159;0;94;1;52778;49753
37000503;400;5013;194; ;867054;6118993;867068;6119009;14,753;55,0815;≈kirkebyvej 194;0;95;1;52778;49753
37000503;400;5013;161; ;867361;6118900;867345;6118851;14,7577;55,0804;≈kirkebyvej 161;0;96;1;52778;49753
37000503;400;5013;163; ;867637;6118790;867633;6118775;14,7619;55,0793;≈kirkebyvej 163;0;97;1;52778;49753
37000503;400;3450;131; ;867739;6118731;867742;6118747;14,7634;55,0787;R¯nnevej 131;0;98;1;52778;49753
37000503;400;3450;134;A;867809;6118873;867761;6118742;14,7647;55,0799;R¯nnevej 134A;0;99;1;52778;49753
37000503;400;3450;134;B;867796;6118889;867745;6118746;14,7645;55,08;R¯nnevej 134B;0;100;1;52778;49753
37000503;400;3450;129; ;867908;6118678;867914;6118703;14,766;55,0781;R¯nnevej 129;0;101;1;52778;49753
37000503;400;3450;132; ;868216;6118645;868203;6118610;14,7707;55,0775;R¯nnevej 132;0;102;1;52778;49753
37000503;400;3450;127; ;868237;6118532;868258;6118590;14,7709;55,0765;R¯nnevej 127;0;103;1;52778;49753
37000503;400;3087;2; ;868386;6118720;868375;6118727;14,7734;55,0781;Paradiset 2;0;104;1;52778;49753
37000503;400;3087;4; ;868488;6118906;868473;6118911;14,7753;55,0797;Paradiset 4;0;105;1;52778;49753
37000503;400;3087;8; ;868457;6119069;868451;6119050;14,775;55,0812;Paradiset 8;0;106;1;52778;49753
37000503;400;3087;3; ;868327;6119362;868343;6119362;14,7734;55,0839;Paradiset 3;0;107;1;52778;49753
37000503;400;3087;5; ;868305;6119629;868329;6119630;14,7734;55,0863;Paradiset 5;0;108;1;52778;49753
37000503;400;3087;10; ;868522;6119603;868331;6119593;14,7767;55,0859;Paradiset 10;0;109;1;52778;49753
37000503;400;321;8; ;868370;6119849;868355;6119896;14,7747;55,0882;Blemmelyngvejen 8;0;110;1;52778;49753
37000503;400;321;6; ;868154;6119805;868146;6119830;14,7712;55,088;Blemmelyngvejen 6;0;111;1;52778;49753
37000503;400;3450;130; ;868788;6118480;868768;6118410;14,7794;55,0756;R¯nnevej 130;0;112;1;52778;49753
37000504;400;957;3; ;867994;6122240;867987;6122217;14,7719;55,1098;ErlandsgÂrdsvej 3;0;0;1;41487;39224
37000504;400;957;4; ;868375;6121765;868233;6122142;14,7772;55,1053;ErlandsgÂrdsvej 4;0;1;1;41487;39224
37000504;400;3354;11; ;868465;6122069;868468;6122092;14,779;55,108;Ringebyvejen 11;0;2;1;41487;39224
37000504;400;3354;10; ;868648;6122149;868657;6122081;14,782;55,1085;Ringebyvejen 10;0;3;1;41487;39224
37000504;400;3354;8; ;868692;6122525;868747;6122091;14,7832;55,1119;Ringebyvejen 8;0;4;1;41487;39224
37000504;400;3354;6; ;869049;6122383;869050;6122123;14,7885;55,1103;Ringebyvejen 6;0;5;1;41487;39224
37000504;400;3354;4; ;869155;6122358;869131;6122117;14,7902;55,11;Ringebyvejen 4;0;6;1;41487;39224
37000504;400;3354;7; ;869379;6121748;869369;6122096;14,7928;55,1044;Ringebyvejen 7;0;7;1;41487;39224
37000504;400;3354;2; ;869803;6122329;869848;6122203;14,8002;55,1093;Ringebyvejen 2;0;8;1;41487;39224
37000504;400;3354;5; ;869977;6122303;869958;6122316;14,8029;55,1089;Ringebyvejen 5;0;9;1;41487;39224
37000504;400;4761;6; ;869355;6123177;869360;6123195;14,7943;55,1172;Vestermarievej 6;0;10;1;41487;39224
37000504;400;1362;12; ;868343;6122876;868158;6123108;14,7782;55,1153;Hallebakken 12;0;11;1;41487;39224
37000504;400;1362;10; ;868173;6123098;868162;6123111;14,7758;55,1174;Hallebakken 10;0;12;1;41487;39224
37000504;400;1362;11; ;868065;6123061;868077;6123045;14,7741;55,1171;Hallebakken 11;0;13;1;41487;39224
37000504;400;1362;6; ;867877;6122876;867871;6122881;14,7709;55,1156;Hallebakken 6;0;14;1;41487;39224
37000504;400;1362;4; ;867755;6122697;867735;6122711;14,7688;55,1141;Hallebakken 4;0;15;1;41487;39224
37000504;400;1362;5; ;867512;6122519;867522;6122502;14,7647;55,1127;Hallebakken 5;0;16;1;41487;39224
37000504;400;4101;26; ;866886;6121861;866875;6121849;14,7541;55,1073;Stavelund 26;0;17;1;41487;39224
37000504;400;4101;24; ;866796;6121792;866786;6121793;14,7526;55,1067;Stavelund 24;0;18;1;41487;39224
37000504;400;4101;17; ;866656;6121794;866699;6121772;14,7505;55,1069;Stavelund 17;0;19;1;41487;39224
37000504;400;2271;2; ;866813;6121418;866814;6121436;14,7524;55,1034;KÊrbyvej 2;0;20;1;41487;39224
37000504;400;2271;1; ;866837;6121446;866836;6121435;14,7528;55,1036;KÊrbyvej 1;0;21;1;41487;39224
37000504;400;2271;5; ;866874;6121452;866872;6121432;14,7534;55,1036;KÊrbyvej 5;0;22;1;41487;39224
37000504;400;2271;7; ;866889;6121444;866888;6121431;14,7536;55,1035;KÊrbyvej 7;0;23;1;41487;39224
37000504;400;2271;11; ;866920;6121441;866918;6121428;14,7541;55,1035;KÊrbyvej 11;0;24;1;41487;39224
37000504;400;2271;4; ;866918;6121412;866919;6121428;14,754;55,1032;KÊrbyvej 4;0;25;1;41487;39224
37000504;400;2271;13; ;866938;6121442;866936;6121426;14,7544;55,1035;KÊrbyvej 13;0;26;1;41487;39224
37000504;400;2271;6; ;866965;6121410;866966;6121424;14,7548;55,1032;KÊrbyvej 6;0;27;1;41487;39224
37000504;400;2271;8; ;867232;6121259;867236;6121273;14,7587;55,1016;KÊrbyvej 8;0;28;1;41487;39224
37000504;400;2271;10; ;867653;6120791;867651;6120823;14,7647;55,0971;KÊrbyvej 10;0;29;1;41487;39224
37000504;400;2271;23; ;867864;6121525;867854;6121482;14,7689;55,1035;KÊrbyvej 23;0;30;1;41487;39224
37000504;400;2271;21; ;867801;6121716;867773;6121719;14,7682;55,1053;KÊrbyvej 21;0;31;1;41487;39224
37000504;400;2271;16; ;868261;6121246;868260;6121280;14,7748;55,1008;KÊrbyvej 16;0;32;1;41487;39224
37000504;400;2271;18; ;868341;6121263;868335;6121286;14,776;55,1009;KÊrbyvej 18;0;33;1;41487;39224
37000504;400;2271;29; ;868358;6121476;868236;6121388;14,7766;55,1027;KÊrbyvej 29;0;34;1;41487;39224
37000504;400;2271;20; ;868476;6121318;868471;6121330;14,7782;55,1012;KÊrbyvej 20;0;35;1;41487;39224
37000504;400;2271;22; ;868664;6121382;868659;6121394;14,7812;55,1017;KÊrbyvej 22;0;36;1;41487;39224
37000504;400;4740;44; ;868791;6121515;868764;6121500;14,7834;55,1028;Vellensbyvejen 44;0;37;1;41487;39224
37000504;400;4740;46; ;868684;6121669;868673;6121663;14,7819;55,1042;Vellensbyvejen 46;0;38;1;41487;39224
37000504;400;4740;15; ;868596;6121731;868642;6121739;14,7806;55,1048;Vellensbyvejen 15;0;39;1;41487;39224
37000504;400;4740;48; ;868668;6121882;868618;6121872;14,7819;55,1061;Vellensbyvejen 48;0;40;1;41487;39224
37000504;400;4740;40; ;869077;6121041;869033;6121017;14,7872;55,0983;Vellensbyvejen 40;0;41;1;41487;39224
37000504;400;3270;15; ;869410;6121052;869379;6121111;14,7924;55,0982;PrÊstegÂrdsvejen 15;0;42;1;41487;39224
37000504;400;3270;8; ;869534;6121362;869603;6121227;14,7948;55,1009;PrÊstegÂrdsvejen 8;0;43;1;41487;39224
37000504;400;3270;13; ;869710;6121067;869622;6121236;14,7971;55,0981;PrÊstegÂrdsvejen 13;0;44;1;41487;39224
37000504;400;3270;6; ;869795;6121399;869824;6121340;14,7989;55,101;PrÊstegÂrdsvejen 6;0;45;1;41487;39224
37000504;400;3270;11; ;869887;6121323;869862;6121362;14,8002;55,1002;PrÊstegÂrdsvejen 11;0;46;1;41487;39224
37000504;400;3270;7; ;870222;6121504;870147;6121527;14,8057;55,1016;PrÊstegÂrdsvejen 7;0;47;1;41487;39224
37000504;400;3270;5; ;870373;6121699;870377;6121723;14,8083;55,1032;PrÊstegÂrdsvejen 5;0;48;1;41487;39224
37000504;400;3270;2; ;870514;6121778;870523;6121744;14,8106;55,1038;PrÊstegÂrdsvejen 2;0;49;1;41487;39224
37000504;400;3270;3; ;870649;6121703;870639;6121746;14,8126;55,1031;PrÊstegÂrdsvejen 3;0;50;1;41487;39224
37000504;400;3213;4; ;868702;6120990;868676;6120978;14,7813;55,0981;Plantagevej 4;0;51;1;41487;39224
37000504;400;3213;11; ;868592;6120897;868692;6120942;14,7795;55,0974;Plantagevej 11;0;52;1;41487;39224
37000504;400;3213;2; ;868664;6120770;868654;6120787;14,7804;55,0962;Plantagevej 2;0;53;1;41487;39224
37000504;400;3213;9; ;868470;6120859;868541;6120726;14,7775;55,0971;Plantagevej 9;0;54;1;41487;39224
37000504;400;3213;7; ;868368;6120847;868459;6120681;14,7759;55,0971;Plantagevej 7;0;55;1;41487;39224
37000504;400;3213;3;B;867187;6119706;867210;6119700;14,756;55,0878;Plantagevej 3B;1;56;1;41487;39224
37000504;400;4101;4; ;866623;6119732;866600;6119740;14,7473;55,0884;Stavelund 4;0;57;1;41487;39224
37000504;400;4101;6; ;866957;6119955;866911;6119964;14,7528;55,0902;Stavelund 6;0;58;1;41487;39224
37000504;400;4101;1; ;866471;6120238;866601;6120233;14,7456;55,0931;Stavelund 1;0;59;1;41487;39224
37000504;400;4101;3; ;866587;6120354;866622;6120346;14,7475;55,094;Stavelund 3;0;60;1;41487;39224
37000504;400;4101;5; ;866676;6120651;866702;6120646;14,7493;55,0966;Stavelund 5;0;61;1;41487;39224
37000504;400;4101;7; ;866690;6120681;866707;6120678;14,7495;55,0969;Stavelund 7;0;62;1;41487;39224
37000504;400;4101;9; ;866691;6120689;866709;6120686;14,7496;55,0969;Stavelund 9;0;63;1;41487;39224
37000504;400;4101;11; ;866698;6120730;866715;6120727;14,7497;55,0973;Stavelund 11;0;64;1;41487;39224
37000504;400;4101;13; ;866711;6120760;866720;6120758;14,75;55,0976;Stavelund 13;0;65;1;41487;39224
37000504;400;2037;2; ;866901;6120557;866982;6120629;14,7527;55,0956;KlampegÂrdsvej 2;0;66;1;41487;39224
37000504;400;2037;1; ;867326;6120430;867276;6120417;14,7591;55,0942;KlampegÂrdsvej 1;0;67;1;41487;39224
37000504;400;1866;33; ;866661;6120791;866675;6120767;14,7492;55,0979;KanegÂrdsvej 33;0;68;1;41487;39224
37000504;400;1866;31; ;866654;6120795;866670;6120764;14,7491;55,0979;KanegÂrdsvej 31;0;69;1;41487;39224
37000504;400;1866;29; ;866644;6120801;866665;6120762;14,749;55,098;KanegÂrdsvej 29;0;70;1;41487;39224
37000504;400;1866;25; ;866227;6120676;866193;6120673;14,7423;55,0972;KanegÂrdsvej 25;0;71;1;41487;39224
37000504;400;1866;21; ;866176;6120638;866196;6120626;14,7415;55,0969;KanegÂrdsvej 21;0;72;1;41487;39224
37000504;400;1866;23; ;866167;6120681;866192;6120683;14,7414;55,0973;KanegÂrdsvej 23;0;73;1;41487;39224
37000504;400;1866;23;A;866147;6120815;866185;6120775;14,7413;55,0985;KanegÂrdsvej 23A;0;74;1;41487;39224
37000504;400;1866;24; ;866204;6120613;866192;6120616;14,7419;55,0966;KanegÂrdsvej 24;0;75;1;41487;39224
37000504;400;1866;19; ;866170;6120614;866190;6120608;14,7414;55,0967;KanegÂrdsvej 19;0;76;1;41487;39224
37000504;400;1866;20; ;866199;6120593;866186;6120596;14,7418;55,0964;KanegÂrdsvej 20;0;77;1;41487;39224
37000504;400;1866;17; ;866168;6120599;866186;6120593;14,7413;55,0965;KanegÂrdsvej 17;0;78;1;41487;39224
37000504;400;1866;18; ;866195;6120575;866181;6120578;14,7417;55,0963;KanegÂrdsvej 18;0;79;1;41487;39224
37000504;400;1866;13; ;866162;6120576;866179;6120571;14,7412;55,0963;KanegÂrdsvej 13;0;80;1;41487;39224
37000504;400;1866;16; ;866189;6120556;866176;6120559;14,7416;55,0961;KanegÂrdsvej 16;0;81;1;41487;39224
37000504;400;1866;11; ;866158;6120561;866175;6120556;14,7411;55,0962;KanegÂrdsvej 11;0;82;1;41487;39224
37000504;400;1866;9; ;866154;6120547;866171;6120542;14,741;55,0961;KanegÂrdsvej 9;0;83;1;41487;39224
37000504;400;1866;14; ;866184;6120535;866170;6120538;14,7415;55,0959;KanegÂrdsvej 14;0;84;1;41487;39224
37000504;400;1866;12; ;866179;6120517;866165;6120520;14,7414;55,0958;KanegÂrdsvej 12;0;85;1;41487;39224
37000504;400;1866;5; ;866145;6120510;866161;6120505;14,7408;55,0957;KanegÂrdsvej 5;0;86;1;41487;39224
37000504;400;1866;10; ;866174;6120499;866160;6120502;14,7413;55,0956;KanegÂrdsvej 10;0;87;1;41487;39224
37000504;400;1866;6; ;866160;6120461;866150;6120464;14,741;55,0953;KanegÂrdsvej 6;0;88;1;41487;39224
37000504;400;1866;4; ;866156;6120430;866142;6120451;14,7409;55,095;KanegÂrdsvej 4;0;89;1;41487;39224
37000504;400;4101;8; ;866790;6121028;866778;6121031;14,7516;55,0999;Stavelund 8;0;90;1;41487;39224
37000504;400;4101;10; ;866768;6121129;866754;6121122;14,7513;55,1008;Stavelund 10;0;91;1;41487;39224
37000504;400;4101;12; ;866744;6121169;866734;6121164;14,751;55,1012;Stavelund 12;0;92;1;41487;39224
37000504;400;4101;14; ;866730;6121205;866717;6121201;14,7509;55,1015;Stavelund 14;0;93;1;41487;39224
37000504;400;4101;16; ;866731;6121238;866717;6121238;14,7509;55,1018;Stavelund 16;0;94;1;41487;39224
37000504;400;4101;18; ;866731;6121245;866717;6121245;14,7509;55,1019;Stavelund 18;0;95;1;41487;39224
37000504;400;4101;22; ;866732;6121280;866720;6121282;14,751;55,1022;Stavelund 22;0;96;1;41487;39224
37000504;400;3936;10; ;866194;6121037;866225;6121080;14,7423;55,1004;Snorrebakken 10;0;97;1;41487;39224
37000504;400;3936;8; ;865884;6121024;865774;6121143;14,7374;55,1005;Snorrebakken 8;0;98;1;41487;39224
37000504;400;3936;8;A;865647;6121225;865742;6121121;14,734;55,1025;Snorrebakken 8A;1;99;1;41487;39224
37000504;400;3936;16; ;865649;6121470;865637;6121454;14,7343;55,1047;Snorrebakken 16;0;100;1;41487;39224
37000504;400;3936;3; ;865395;6121448;865420;6121391;14,7303;55,1047;Snorrebakken 3;0;101;1;41487;39224
37000504;400;3935;5; ;865073;6121602;865093;6121539;14,7255;55,1063;Snorrebakke AllÈ 5;0;102;1;41487;39224
37000504;400;3935;1; ;865012;6121561;865026;6121517;14,7245;55,106;Snorrebakke AllÈ 1;0;103;1;41487;39224
37000504;400;3935;3; ;865005;6121647;865045;6121523;14,7245;55,1067;Snorrebakke AllÈ 3;0;104;1;41487;39224
37000504;400;3935;2; ;865143;6121449;865121;6121441;14,7264;55,1049;Snorrebakke AllÈ 2;0;105;1;41487;39224
37000504;400;3225;1; ;865151;6121632;865204;6121651;14,7268;55,1065;PorcelÊnsvej 1;0;106;1;41487;39224
37000505;400;69;12; ;865613;6122638;865718;6122689;14,7353;55,1152;AlmegÂrdsvej 12;0;0;1;51369;49740
37000505;400;69;14; ;865726;6122476;865779;6122486;14,7368;55,1136;AlmegÂrdsvej 14;0;1;1;51369;49740
37000505;400;69;16; ;865705;6122281;865815;6122302;14,7362;55,1119;AlmegÂrdsvej 16;1;2;1;51369;49740
37000505;400;69;8; ;865441;6122925;865517;6122980;14,733;55,1179;AlmegÂrdsvej 8;1;3;1;51369;49740
37000505;400;69;7; ;865498;6123218;865490;6123217;14,7342;55,1204;AlmegÂrdsvej 7;0;4;1;51369;49740
37000505;400;4611;7; ;865961;6123183;865966;6123153;14,7414;55,1198;TvÊrvej 7;0;5;1;51369;49740
37000505;400;4611;2; ;866000;6123139;865996;6123159;14,7419;55,1194;TvÊrvej 2;0;6;1;51369;49740
37000505;400;4611;6; ;866086;6123143;866086;6123162;14,7433;55,1193;TvÊrvej 6;0;7;1;51369;49740
37000505;400;4611;8; ;866291;6123114;866292;6123153;14,7465;55,1189;TvÊrvej 8;0;8;1;51369;49740
37000505;400;4611;10; ;866448;6123109;866449;6123147;14,7489;55,1188;TvÊrvej 10;0;9;1;51369;49740
37000505;400;4611;12; ;866634;6123118;866634;6123140;14,7518;55,1187;TvÊrvej 12;0;10;1;51369;49740
37000505;400;4275;4; ;866850;6122935;866777;6122932;14,755;55,1169;SursÊnkevej 4;0;11;1;51369;49740
37000505;400;4275;6; ;866782;6123188;866768;6123187;14,7542;55,1192;SursÊnkevej 6;0;12;1;51369;49740
37000505;400;4275;8; ;867041;6123462;866758;6123452;14,7586;55,1215;SursÊnkevej 8;0;13;1;51369;49740
37000505;400;4275;11; ;866745;6123530;866755;6123530;14,7541;55,1223;SursÊnkevej 11;0;14;1;51369;49740
37000505;400;4275;10; ;866851;6123869;866740;6123851;14,7562;55,1253;SursÊnkevej 10;0;15;1;51369;49740
37000505;400;543;2;A;866931;6124272;866995;6124251;14,7579;55,1288;BuldregÂrdsvej 2A;0;16;1;51369;49740
37000505;400;543;2;B;866941;6124225;866995;6124251;14,758;55,1284;BuldregÂrdsvej 2B;0;17;1;51369;49740
37000505;400;1971;62; ;866588;6124235;866723;6124356;14,7525;55,1287;Kirkemarksvej 62;0;18;1;51369;49740
37000505;400;1971;58; ;866697;6124415;866740;6124397;14,7545;55,1303;Kirkemarksvej 58;0;19;1;51369;49740
37000505;400;1971;37; ;866859;6124657;866841;6124658;14,7573;55,1323;Kirkemarksvej 37;0;20;1;51369;49740
37000505;400;1971;35; ;866858;6124701;866841;6124700;14,7574;55,1327;Kirkemarksvej 35;0;21;1;51369;49740
37000505;400;1971;29; ;866852;6124880;866836;6124879;14,7575;55,1343;Kirkemarksvej 29;0;22;1;51369;49740
37000505;400;543;1; ;866894;6124646;866884;6124623;14,7578;55,1322;BuldregÂrdsvej 1;0;23;1;51369;49740
37000505;400;543;3; ;866904;6124635;866898;6124617;14,758;55,1321;BuldregÂrdsvej 3;0;24;1;51369;49740
37000505;400;543;5; ;866923;6124624;866919;6124608;14,7583;55,132;BuldregÂrdsvej 5;0;25;1;51369;49740
37000505;400;543;2; ;866912;6124547;866935;6124602;14,758;55,1313;BuldregÂrdsvej 2;0;26;1;51369;49740
37000505;400;543;4; ;867121;6124527;867122;6124543;14,7612;55,1309;BuldregÂrdsvej 4;0;27;1;51369;49740
37000505;400;543;6; ;867266;6124507;867268;6124531;14,7635;55,1307;BuldregÂrdsvej 6;0;28;1;51369;49740
37000505;400;543;7; ;867365;6124654;867352;6124524;14,7652;55,1319;BuldregÂrdsvej 7;0;29;1;51369;49740
37000505;400;543;9; ;867422;6124538;867406;6124536;14,7659;55,1308;BuldregÂrdsvej 9;0;30;1;51369;49740
37000505;400;543;11; ;867445;6124538;867444;6124517;14,7663;55,1308;BuldregÂrdsvej 11;0;31;1;51369;49740
37000505;400;543;17;B;867573;6124546;867574;6124527;14,7683;55,1308;BuldregÂrdsvej 17B;0;32;1;51369;49740
37000505;400;543;13; ;867571;6124572;867574;6124527;14,7683;55,131;BuldregÂrdsvej 13;0;33;1;51369;49740
37000505;400;543;15; ;867580;6124574;867584;6124527;14,7685;55,131;BuldregÂrdsvej 15;0;34;1;51369;49740
37000505;400;543;17;A;867589;6124574;867593;6124528;14,7686;55,131;BuldregÂrdsvej 17A;0;35;1;51369;49740
37000505;400;543;19; ;867826;6124566;867827;6124549;14,7723;55,1308;BuldregÂrdsvej 19;0;36;1;51369;49740
37000505;400;3648;1; ;868050;6124658;868047;6124641;14,7759;55,1314;Skelh¯jvej 1;0;37;1;51369;49740
37000505;400;3648;2; ;868597;6124587;868597;6124596;14,7843;55,1304;Skelh¯jvej 2;0;38;1;51369;49740
37000505;400;3648;5; ;869116;6124844;869120;6124763;14,7928;55,1323;Skelh¯jvej 5;0;39;1;51369;49740
37000505;400;3648;4; ;869450;6124719;869456;6124731;14,7978;55,1309;Skelh¯jvej 4;0;40;1;51369;49740
37000505;400;4023;4; ;869610;6124832;869473;6124724;14,8005;55,1318;St, GadegÂrdsvejen 4;0;41;1;51369;49740
37000505;400;1371;7; ;869260;6125165;869226;6125147;14,7954;55,1351;Hallemarksvej 7;0;42;1;51369;49740
37000505;400;1371;9; ;869415;6125347;869184;6125232;14,7981;55,1366;Hallemarksvej 9;0;43;1;51369;49740
37000505;400;1371;11; ;869543;6125312;869223;6125152;14,8001;55,1362;Hallemarksvej 11;0;44;1;51369;49740
37000505;400;1371;4; ;869120;6125309;869140;6125320;14,7934;55,1365;Hallemarksvej 4;0;45;1;51369;49740
37000505;400;1371;2; ;868896;6125374;869073;6125459;14,79;55,1372;Hallemarksvej 2;0;46;1;51369;49740
37000505;400;1371;5; ;869294;6125511;869094;6125415;14,7964;55,1381;Hallemarksvej 5;0;47;1;51369;49740
37000505;400;1371;3; ;869548;6125614;869102;6125399;14,8005;55,1389;Hallemarksvej 3;0;48;1;51369;49740
37000505;400;1371;1; ;869137;6125723;869100;6125761;14,7942;55,1401;Hallemarksvej 1;0;49;1;51369;49740
37000505;400;4890;10; ;868643;6125719;868635;6125759;14,7865;55,1405;Yppernem¯llevej 10;0;50;1;51369;49740
37000505;400;4890;8; ;868044;6125586;868038;6125610;14,777;55,1397;Yppernem¯llevej 8;0;51;1;51369;49740
37000505;400;4890;3; ;867718;6125599;867725;6125555;14,7719;55,1401;Yppernem¯llevej 3;0;52;1;51369;49740
37000505;400;3693;1; ;868233;6125730;868261;6125730;14,7801;55,1409;Skolevej 1;0;53;1;51369;49740
37000505;400;3693;2; ;868344;6126036;868251;6126023;14,7823;55,1435;Skolevej 2;0;54;1;51369;49740
37000505;400;3693;4; ;868512;6126050;868253;6126012;14,7849;55,1435;Skolevej 4;0;55;1;51369;49740
37000505;400;3693;6; ;868483;6126250;868224;6126218;14,7847;55,1453;Skolevej 6;0;56;1;51369;49740
37000505;400;3693;3; ;868227;6126024;868251;6126028;14,7804;55,1435;Skolevej 3;0;57;1;51369;49740
37000505;400;3693;8; ;868361;6126419;868201;6126391;14,783;55,1469;Skolevej 8;0;58;1;51369;49740
37000505;400;1851;1; ;868459;6126715;868472;6126717;14,785;55,1495;Kall¯kkevej 1;0;59;1;51369;49740
37000505;400;4890;14; ;868992;6126281;869016;6125827;14,7927;55,1452;Yppernem¯llevej 14;0;60;1;51369;49740
37000505;400;1851;7; ;869309;6126765;869210;6126481;14,7983;55,1493;Kall¯kkevej 7;0;61;1;51369;49740
37000505;400;1851;14; ;869530;6126394;869533;6126451;14,8012;55,1458;Kall¯kkevej 14;0;62;1;51369;49740
37000505;400;1851;16; ;869518;6126443;869520;6126452;14,8011;55,1463;Kall¯kkevej 16;0;63;1;51369;49740
37000505;400;1851;11; ;869579;6126521;869574;6126448;14,8022;55,1469;Kall¯kkevej 11;0;64;1;51369;49740
37000505;400;1851;13; ;869848;6126449;869846;6126431;14,8063;55,1461;Kall¯kkevej 13;0;65;1;51369;49740
37000505;400;1851;18; ;869892;6126418;869892;6126428;14,8069;55,1458;Kall¯kkevej 18;0;66;1;51369;49740
37000505;400;2478;1; ;870110;6126114;870092;6126109;14,8099;55,1429;LundsgÂrdsvej 1;0;67;1;51369;49740
37000505;400;2478;3; ;870702;6126036;870697;6126028;14,8191;55,1418;LundsgÂrdsvej 3;0;68;1;51369;49740
37000505;400;2478;2; ;870071;6125878;870148;6125899;14,809;55,1408;LundsgÂrdsvej 2;0;69;1;51369;49740
37000505;400;2478;4; ;869841;6125407;869885;6125454;14,8048;55,1368;LundsgÂrdsvej 4;0;70;1;51369;49740
37000505;400;2436;2; ;870206;6125554;870193;6125551;14,8107;55,1378;Ll, GadegÂrdsvejen 2;0;71;1;51369;49740
37000505;400;2436;9; ;870098;6125323;870162;6125328;14,8087;55,1358;Ll, GadegÂrdsvejen 9;0;72;1;51369;49740
37000505;400;2436;5; ;870095;6124957;870110;6124947;14,8082;55,1326;Ll, GadegÂrdsvejen 5;0;73;1;51369;49740
37000505;400;2436;3; ;870022;6124829;870055;6124830;14,8069;55,1315;Ll, GadegÂrdsvejen 3;0;74;1;51369;49740
37000505;400;18;11; ;870163;6124542;870182;6124515;14,8087;55,1288;R¯meregÂrdsvej 11;0;75;1;51369;49740
37000505;400;18;13; ;870257;6124866;870390;6124649;14,8106;55,1316;R¯meregÂrdsvej 13;0;76;1;51369;49740
37000505;400;18;22;A;870338;6124600;870330;6124612;14,8115;55,1292;R¯meregÂrdsvej 22A;0;77;1;51369;49740
37000505;400;18;15; ;870453;6124720;870466;6124698;14,8135;55,1302;R¯meregÂrdsvej 15;0;78;1;51369;49740
37000505;400;18;17; ;870646;6124828;870653;6124818;14,8166;55,131;R¯meregÂrdsvej 17;0;79;1;51369;49740
37000505;400;18;19; ;870822;6125487;870982;6125019;14,8202;55,1368;R¯meregÂrdsvej 19;0;80;1;51369;49740
37000505;400;18;26; ;870869;6124940;870857;6124961;14,8202;55,1318;R¯meregÂrdsvej 26;0;81;1;51369;49740
37000505;400;18;28; ;870971;6124700;870810;6124930;14,8215;55,1296;R¯meregÂrdsvej 28;0;82;1;51369;49740
37000505;400;18;23; ;871725;6125209;871731;6125177;14,834;55,1336;R¯meregÂrdsvej 23;0;83;1;51369;49740
37000505;400;18;34; ;871883;6125194;871872;6125219;14,8364;55,1334;R¯meregÂrdsvej 34;0;84;1;51369;49740
37000505;400;18;25; ;871875;6125257;871888;6125226;14,8364;55,1339;R¯meregÂrdsvej 25;0;85;1;51369;49740
37000505;400;18;32; ;872020;6124983;871911;6125236;14,8383;55,1314;R¯meregÂrdsvej 32;0;86;1;51369;49740
37000505;400;2160;6; ;871735;6125028;871708;6125028;14,8339;55,132;Kongstubbevejen 6;0;87;1;51369;49740
37000505;400;2160;4; ;871729;6124922;871706;6124922;14,8336;55,131;Kongstubbevejen 4;0;88;1;51369;49740
37000505;400;2160;2; ;871747;6124839;871712;6124831;14,8338;55,1303;Kongstubbevejen 2;0;89;1;51369;49740
37000505;400;2160;7; ;871784;6124640;871807;6124655;14,8341;55,1285;Kongstubbevejen 7;0;90;1;51369;49740
37000505;400;255;1; ;871357;6124349;871386;6124312;14,8271;55,1262;Bialitevejen 1;0;91;1;51369;49740
37000505;400;2160;5; ;871788;6123805;871825;6123793;14,8331;55,121;Kongstubbevejen 5;0;92;1;51369;49740
37000505;400;294;2; ;871425;6123550;871442;6123435;14,8271;55,119;Bjergebakkevejen 2;0;93;1;51369;49740
37000505;400;294;1; ;870973;6123479;870973;6123502;14,82;55,1187;Bjergebakkevejen 1;0;94;1;51369;49740
37000505;400;294;6; ;870905;6123547;870899;6123514;14,819;55,1194;Bjergebakkevejen 6;0;95;1;51369;49740
37000505;400;294;10; ;870762;6123559;870758;6123538;14,8168;55,1196;Bjergebakkevejen 10;0;96;1;51369;49740
37000505;400;294;12; ;870565;6123577;870567;6123558;14,8137;55,1199;Bjergebakkevejen 12;0;97;1;51369;49740
37000505;400;294;14; ;870495;6124044;870513;6124024;14,8132;55,1241;Bjergebakkevejen 14;0;98;1;51369;49740
37000505;400;294;3; ;870432;6123517;870428;6123539;14,8116;55,1195;Bjergebakkevejen 3;0;99;1;51369;49740
37000505;400;1326;4; ;870293;6123433;870270;6123433;14,8093;55,1188;GyldengÂrdsvejen 4;0;100;1;51369;49740
37000505;400;1326;5; ;870257;6123424;870269;6123422;14,8087;55,1188;GyldengÂrdsvejen 5;0;101;1;51369;49740
37000505;400;1326;3; ;870098;6123234;870112;6123216;14,806;55,1172;GyldengÂrdsvejen 3;0;102;1;51369;49740
37000505;400;1326;1; ;869968;6123109;869985;6123104;14,8038;55,1161;GyldengÂrdsvejen 1;0;103;1;51369;49740
37000505;400;1326;7; ;870145;6123488;870145;6123503;14,8071;55,1194;GyldengÂrdsvejen 7;0;104;1;51369;49740
37000505;400;1326;6; ;870072;6123638;870053;6123626;14,8061;55,1208;GyldengÂrdsvejen 6;0;105;1;51369;49740
37000505;400;1326;11; ;869800;6123860;869935;6123912;14,8022;55,123;GyldengÂrdsvejen 11;0;106;1;51369;49740
37000505;400;18;7; ;869904;6124365;869923;6124336;14,8045;55,1274;R¯meregÂrdsvej 7;0;107;1;51369;49740
37000505;400;18;20; ;869963;6124343;869953;6124356;14,8053;55,1272;R¯meregÂrdsvej 20;0;108;1;51369;49740
37000505;400;18;18; ;869833;6124247;869819;6124267;14,8032;55,1264;R¯meregÂrdsvej 18;0;109;1;51369;49740
37000505;400;18;5; ;869798;6124273;869807;6124259;14,8027;55,1267;R¯meregÂrdsvej 5;0;110;1;51369;49740
37000505;400;4023;2; ;869656;6124413;869630;6124428;14,8006;55,128;St, GadegÂrdsvejen 2;0;111;1;51369;49740
37000505;400;18;3; ;868876;6123613;868933;6123561;14,7874;55,1215;R¯meregÂrdsvej 3;0;112;1;51369;49740
37000505;400;18;1; ;868782;6123627;868898;6123522;14,786;55,1217;R¯meregÂrdsvej 1;0;113;1;51369;49740
37000505;400;18;12; ;868966;6123543;868938;6123567;14,7887;55,1208;R¯meregÂrdsvej 12;0;114;1;51369;49740
37000505;400;18;10; ;868987;6123541;868947;6123576;14,7891;55,1207;R¯meregÂrdsvej 10;0;115;1;51369;49740
37000505;400;18;6; ;869032;6123538;868965;6123597;14,7898;55,1207;R¯meregÂrdsvej 6;0;116;1;51369;49740
37000505;400;18;4;A;869147;6123545;869150;6123528;14,7916;55,1207;R¯meregÂrdsvej 4A;0;117;1;51369;49740
37000505;400;18;2; ;869192;6123516;869026;6123665;14,7922;55,1204;R¯meregÂrdsvej 2;0;118;1;51369;49740
37000505;400;885;13; ;868124;6123736;868091;6123725;14,7759;55,1231;Ellebyvej 13;0;119;1;51369;49740
37000505;400;885;8; ;868042;6123851;868057;6123854;14,7747;55,1242;Ellebyvej 8;0;120;1;51369;49740
37000505;400;885;11; ;868127;6123885;868054;6123866;14,7761;55,1245;Ellebyvej 11;0;121;1;51369;49740
37000505;400;885;6; ;867878;6124234;867960;6124247;14,7727;55,1278;Ellebyvej 6;0;122;1;51369;49740
37000505;400;885;4; ;867874;6124799;867890;6124801;14,7733;55,1328;Ellebyvej 4;0;123;1;51369;49740
37000505;400;885;9; ;867815;6125105;867784;6125091;14,7728;55,1356;Ellebyvej 9;0;124;1;51369;49740
37000505;400;885;3; ;868101;6125253;868096;6125213;14,7775;55,1367;Ellebyvej 3;0;125;1;51369;49740
37000505;400;885;5; ;868217;6125278;868194;6125274;14,7793;55,1368;Ellebyvej 5;0;126;1;51369;49740
37000505;400;885;7; ;868660;6125143;868607;6125132;14,786;55,1353;Ellebyvej 7;0;127;1;51369;49740
37200500;400;4761;80; ;875205;6120232;875233;6120260;14,8817;55,0865;Vestermarievej 80;0;0;1;42321;42457
37200500;400;4761;78; ;875048;6120394;875056;6120404;14,8795;55,0881;Vestermarievej 78;0;1;1;42321;42457
37200500;400;4761;85; ;875007;6120469;874993;6120451;14,8789;55,0888;Vestermarievej 85;0;2;1;42321;42457
37200500;400;4761;76; ;874890;6120502;874903;6120519;14,8771;55,0891;Vestermarievej 76;0;3;1;42321;42457
37200500;400;4761;83; ;874908;6120543;874894;6120525;14,8775;55,0895;Vestermarievej 83;0;4;1;42321;42457
37200500;400;4761;74; ;874811;6120567;874821;6120581;14,876;55,0898;Vestermarievej 74;0;5;1;42321;42457
37200500;400;4761;81; ;874795;6120619;874786;6120605;14,8758;55,0903;Vestermarievej 81;0;6;1;42321;42457
37200500;400;4761;72; ;874705;6120498;874780;6120609;14,8743;55,0893;Vestermarievej 72;0;7;1;42321;42457
37200500;400;4761;79; ;874411;6120796;874402;6120779;14,8701;55,0921;Vestermarievej 79;0;8;1;42321;42457
37200500;400;4761;70; ;874331;6120798;874339;6120813;14,8688;55,0922;Vestermarievej 70;0;9;1;42321;42457
37200500;400;4761;68; ;874245;6120842;874254;6120859;14,8675;55,0927;Vestermarievej 68;0;10;1;42321;42457
37200500;400;4008;5; ;874179;6121181;874274;6121098;14,867;55,0958;Springbakkevejen 5;0;11;1;42321;42457
37200500;400;4008;4; ;874696;6121299;874561;6121344;14,8752;55,0964;Springbakkevejen 4;0;12;1;42321;42457
37200500;400;4008;6; ;874972;6121774;874939;6121766;14,8801;55,1005;Springbakkevejen 6;0;13;1;42321;42457
37200500;400;4008;11; ;874664;6121909;874716;6121800;14,8755;55,1019;Springbakkevejen 11;0;14;1;42321;42457
37200500;400;4008;8; ;874778;6121926;874748;6121904;14,8773;55,102;Springbakkevejen 8;0;15;1;42321;42457
37200500;400;4008;2; ;874081;6120869;874043;6120889;14,865;55,093;Springbakkevejen 2;0;16;1;42321;42457
37200500;400;4008;3; ;873987;6120812;873998;6120806;14,8635;55,0926;Springbakkevejen 3;0;17;1;42321;42457
37200500;400;4008;1; ;873882;6120623;873906;6120612;14,8616;55,091;Springbakkevejen 1;0;18;1;42321;42457
37200500;400;4761;66; ;873869;6121046;873867;6121068;14,8619;55,0948;Vestermarievej 66;0;19;1;42321;42457
37200500;400;1314;2; ;873975;6121240;873760;6121343;14,8638;55,0964;Gulbakkevejen 2;0;20;1;42321;42457
37200500;400;1314;1; ;873622;6121415;873636;6121421;14,8586;55,0983;Gulbakkevejen 1;0;21;1;42321;42457
37200500;400;1314;4; ;873830;6121460;873810;6121465;14,8619;55,0985;Gulbakkevejen 4;0;22;1;42321;42457
37200500;400;1314;3; ;873808;6121633;873836;6121628;14,8618;55,1001;Gulbakkevejen 3;0;23;1;42321;42457
37200500;400;1314;5; ;873523;6121771;873622;6121919;14,8575;55,1015;Gulbakkevejen 5;0;24;1;42321;42457
37200500;400;1314;7; ;873798;6121781;873808;6121823;14,8618;55,1014;Gulbakkevejen 7;0;25;1;42321;42457
37200500;400;1314;6; ;874018;6122032;873901;6122050;14,8656;55,1035;Gulbakkevejen 6;0;26;1;42321;42457
37200500;400;1314;9; ;873650;6122174;873622;6121919;14,86;55,105;Gulbakkevejen 9;0;27;1;42321;42457
37200500;400;4761;75; ;873636;6121202;873623;6121168;14,8585;55,0964;Vestermarievej 75;0;28;1;42321;42457
37200500;400;4761;64; ;873470;6121056;873527;6121203;14,8557;55,0952;Vestermarievej 64;0;29;1;42321;42457
37200500;400;4761;73; ;873241;6121648;873128;6121360;14,8529;55,1006;Vestermarievej 73;0;30;1;42321;42457
37200500;400;4761;60; ;873146;6121333;873153;6121350;14,8511;55,0979;Vestermarievej 60;0;31;1;42321;42457
37200500;400;4761;71; ;873011;6121472;872989;6121414;14,8491;55,0992;Vestermarievej 71;0;32;1;42321;42457
37200500;400;3216;1; ;872792;6121595;872807;6121587;14,8459;55,1005;Glasvejen 1;0;33;1;42321;42457
37200500;400;3216;3; ;872853;6121730;872877;6121714;14,847;55,1017;Glasvejen 3;0;34;1;42321;42457
37200500;400;3216;5; ;872913;6121810;872930;6121795;14,848;55,1023;Glasvejen 5;0;35;1;42321;42457
37200500;400;3216;7; ;872815;6122043;873001;6121874;14,8468;55,1045;Glasvejen 7;0;36;1;42321;42457
37200500;400;3216;9; ;872951;6121908;872995;6121867;14,8488;55,1032;Glasvejen 9;0;37;1;42321;42457
37200500;400;3216;11; ;873023;6121922;873033;6121910;14,8499;55,1033;Glasvejen 11;0;38;1;42321;42457
37200500;400;3216;13; ;873094;6122024;873106;6122017;14,8512;55,1041;Glasvejen 13;0;39;1;42321;42457
37200500;400;4761;54; ;872310;6121455;872385;6121656;14,8382;55,0996;Vestermarievej 54;0;40;1;42321;42457
37200500;400;4761;56; ;872482;6121405;872549;6121587;14,8408;55,099;Vestermarievej 56;0;41;1;42321;42457
37200500;400;4761;69; ;872376;6121686;872364;6121670;14,8395;55,1016;Vestermarievej 69;0;42;1;42321;42457
37200500;400;3915;30; ;872124;6121379;872114;6121370;14,8352;55,0991;Sm¯rengevejen 30;0;43;1;42321;42457
37200500;400;3915;19; ;872006;6121092;872269;6121205;14,833;55,0966;Sm¯rengevejen 19;0;44;1;42321;42457
37200500;400;3915;17; ;872246;6121073;872324;6121146;14,8367;55,0962;Sm¯rengevejen 17;0;45;1;42321;42457
37200500;400;3915;28; ;872422;6121167;872362;6121107;14,8395;55,097;Sm¯rengevejen 28;0;46;1;42321;42457
37200500;400;3915;26; ;872491;6121032;872475;6121010;14,8404;55,0957;Sm¯rengevejen 26;0;47;1;42321;42457
37200500;400;411;12; ;872902;6121134;872890;6121142;14,847;55,0963;Bossevejen 12;0;48;1;42321;42457
37200500;400;411;12;A;872917;6121124;872890;6121143;14,8472;55,0962;Bossevejen 12A;0;49;1;42321;42457
37200500;400;411;13; ;872817;6121244;872916;6121179;14,8458;55,0973;Bossevejen 13;0;50;1;42321;42457
37200500;400;411;11;C;872701;6121165;872692;6121152;14,8439;55,0967;Bossevejen 11C;0;51;1;42321;42457
37200500;400;411;11; ;872675;6121180;872686;6121156;14,8435;55,0969;Bossevejen 11;0;52;1;42321;42457
37200500;400;411;11;A;872687;6121173;872686;6121156;14,8437;55,0968;Bossevejen 11A;0;53;1;42321;42457
37200500;400;411;11;B;872694;6121169;872686;6121156;14,8438;55,0968;Bossevejen 11B;0;54;1;42321;42457
37200500;400;3915;15; ;872740;6120821;872752;6120845;14,844;55,0936;Sm¯rengevejen 15;0;55;1;42321;42457
37200500;400;3915;22; ;873149;6120638;873102;6120612;14,8502;55,0917;Sm¯rengevejen 22;0;56;1;42321;42457
37200500;400;3915;9; ;873168;6120042;873234;6120515;14,8497;55,0863;Sm¯rengevejen 9;0;57;1;42321;42457
37200500;400;3915;11; ;873065;6119967;873127;6120093;14,848;55,0857;Sm¯rengevejen 11;0;58;1;42321;42457
37200500;400;3915;20; ;873199;6120541;873196;6120521;14,8508;55,0908;Sm¯rengevejen 20;0;59;1;42321;42457
37200500;400;3915;18; ;873288;6120652;873270;6120511;14,8524;55,0917;Sm¯rengevejen 18;0;60;1;42321;42457
37200500;400;3915;16; ;873538;6120652;873518;6120481;14,8563;55,0915;Sm¯rengevejen 16;0;61;1;42321;42457
37200500;400;3915;7; ;873324;6119941;873383;6119994;14,852;55,0853;Sm¯rengevejen 7;0;62;1;42321;42457
37200500;400;3915;5; ;873420;6119905;873383;6119994;14,8534;55,0849;Sm¯rengevejen 5;0;63;1;42321;42457
37200500;400;3915;14; ;873607;6120465;873591;6120445;14,8571;55,0898;Sm¯rengevejen 14;0;64;1;42321;42457
37200500;400;3915;3; ;873671;6119917;873724;6119933;14,8574;55,0848;Sm¯rengevejen 3;0;65;1;42321;42457
37200500;400;3915;4; ;873927;6119431;873911;6119418;14,8607;55,0803;Sm¯rengevejen 4;0;66;1;42321;42457
37200500;400;3915;2; ;873800;6119402;873785;6119406;14,8587;55,0801;Sm¯rengevejen 2;0;67;1;42321;42457
37200500;400;3915;1; ;873727;6119284;873743;6119278;14,8574;55,0791;Sm¯rengevejen 1;0;68;1;42321;42457
37200500;400;3450;60; ;873537;6118947;873539;6118868;14,854;55,0763;R¯nnevej 60;0;69;1;42321;42457
37200500;400;3450;61; ;873298;6118654;873290;6118860;14,8499;55,0738;R¯nnevej 61;0;70;1;42321;42457
37200500;400;3450;64; ;873221;6118873;873222;6118855;14,849;55,0758;R¯nnevej 64;0;71;1;42321;42457
37200500;400;3450;66; ;873223;6119038;873243;6118857;14,8492;55,0773;R¯nnevej 66;0;72;1;42321;42457
37200500;400;3450;63; ;873185;6118814;873180;6118846;14,8484;55,0753;R¯nnevej 63;0;73;1;42321;42457
37200500;400;3450;71; ;873160;6118807;873151;6118839;14,848;55,0753;R¯nnevej 71;0;74;1;42321;42457
37200500;400;3450;68; ;873099;6119035;873151;6118839;14,8473;55,0774;R¯nnevej 68;0;75;1;42321;42457
37200500;400;3450;70; ;873033;6118803;873035;6118788;14,846;55,0754;R¯nnevej 70;0;76;1;42321;42457
37200500;400;3450;75; ;873162;6118479;872889;6118382;14,8476;55,0724;R¯nnevej 75;0;77;1;42321;42457
37200500;400;3450;72; ;872897;6118727;872906;6118711;14,8438;55,0748;R¯nnevej 72;0;78;1;42321;42457
37200500;400;3450;74; ;872821;6118749;872860;6118683;14,8426;55,075;R¯nnevej 74;1;79;1;42321;42457
37200500;400;3450;77; ;872854;6118663;872846;6118674;14,843;55,0742;R¯nnevej 77;0;80;1;42321;42457
37200500;400;3450;79; ;872812;6118635;872804;6118645;14,8423;55,074;R¯nnevej 79;0;81;1;42321;42457
37200500;400;3450;81; ;872764;6118594;872753;6118606;14,8415;55,0737;R¯nnevej 81;0;82;1;42321;42457
37200500;400;3450;80; ;872540;6118512;872572;6118460;14,8379;55,0731;R¯nnevej 80;0;83;1;42321;42457
37200500;400;3450;83; ;872735;6118510;872731;6118504;14,8409;55,073;R¯nnevej 83;0;84;1;42321;42457
37200500;400;3450;89; ;872719;6118449;872750;6118490;14,8406;55,0724;R¯nnevej 89;0;85;1;42321;42457
37200500;400;3450;87; ;872799;6118433;872809;6118446;14,8418;55,0722;R¯nnevej 87;0;86;1;42321;42457
37200500;400;3450;85; ;872898;6118386;872889;6118382;14,8433;55,0717;R¯nnevej 85;0;87;1;42321;42457
37200500;400;3450;78; ;872606;6118512;872620;6118492;14,8389;55,0731;R¯nnevej 78;0;88;1;42321;42457
37200500;400;3450;91; ;872550;6118412;872535;6118438;14,8379;55,0722;R¯nnevej 91;0;89;1;42321;42457
37200500;400;3450;82; ;872508;6118448;872518;6118429;14,8373;55,0726;R¯nnevej 82;0;90;1;42321;42457
37200500;400;3450;84; ;872481;6118427;872487;6118413;14,8369;55,0724;R¯nnevej 84;0;91;1;42321;42457
37200500;400;3450;93; ;872409;6118370;872405;6118381;14,8357;55,072;R¯nnevej 93;0;92;1;42321;42457
37200500;400;348;20; ;872528;6118344;872514;6118337;14,8375;55,0716;Bodelyngsvejen 20;0;93;1;42321;42457
37200500;400;348;18; ;873050;6118268;873015;6118126;14,8455;55,0706;Bodelyngsvejen 18;0;94;1;42321;42457
37200500;400;3450;59; ;873711;6118834;873707;6118876;14,8566;55,0751;R¯nnevej 59;0;95;1;42321;42457
37200500;400;3450;58; ;873791;6118900;873792;6118884;14,8579;55,0757;R¯nnevej 58;0;96;1;42321;42457
37200500;400;3450;57; ;873949;6118882;873944;6118909;14,8603;55,0754;R¯nnevej 57;0;97;1;42321;42457
37200500;400;3450;55; ;874105;6118821;874070;6118938;14,8627;55,0747;R¯nnevej 55;0;98;1;42321;42457
37200500;400;3450;53; ;874192;6118962;874187;6118974;14,8642;55,0759;R¯nnevej 53;0;99;1;42321;42457
37200500;400;3450;52; ;874280;6119617;874240;6119620;14,8665;55,0817;R¯nnevej 52;0;100;1;42321;42457
37200500;400;3450;54; ;874192;6119655;874242;6119648;14,8652;55,0821;R¯nnevej 54;0;101;1;42321;42457
37200500;400;3450;51; ;874091;6118570;874002;6118921;14,8621;55,0725;R¯nnevej 51;0;102;1;42321;42457
37200500;400;3450;49; ;874466;6118380;874417;6118367;14,8677;55,0705;R¯nnevej 49;0;103;1;42321;42457
37200500;400;3450;45; ;874245;6118839;874198;6118978;14,8649;55,0748;R¯nnevej 45;0;104;1;42321;42457
37200500;400;3450;50; ;874666;6119524;874718;6119140;14,8724;55,0806;R¯nnevej 50;0;105;1;42321;42457
37200500;400;3450;41; ;874842;6119083;874834;6119156;14,8745;55,0765;R¯nnevej 41;0;106;1;42321;42457
37200500;400;3450;39; ;874976;6119150;874972;6119174;14,8767;55,077;R¯nnevej 39;0;107;1;42321;42457
37200500;400;3450;37; ;875132;6119099;875120;6119193;14,8791;55,0764;R¯nnevej 37;0;108;1;42321;42457
37200500;400;3450;35; ;875197;6118524;875197;6118587;14,8793;55,0712;R¯nnevej 35;0;109;1;42321;42457
37200501;400;93;26; ;876892;6122174;876870;6122173;14,9105;55,1026;Almindingsvej 26;0;0;1;53340;48272
37200501;400;93;35;F;876779;6122319;876867;6122325;14,909;55,104;Almindingsvej 35F;0;1;1;53340;48272
37200501;400;93;35;D;876814;6122341;876864;6122348;14,9096;55,1041;Almindingsvej 35D;0;2;1;53340;48272
37200501;400;93;35;C;876809;6122353;876862;6122361;14,9095;55,1042;Almindingsvej 35C;0;3;1;53340;48272
37200501;400;93;35; ;876772;6122441;876842;6122456;14,909;55,1051;Almindingsvej 35;0;4;1;53340;48272
37200501;400;93;35;A;876787;6122374;876857;6122389;14,9092;55,1045;Almindingsvej 35A;0;5;1;53340;48272
37200501;400;93;35;M;876761;6122390;876852;6122410;14,9088;55,1046;Almindingsvej 35M;0;6;1;53340;48272
37200501;400;93;35;K;876749;6122350;876861;6122367;14,9086;55,1043;Almindingsvej 35K;0;7;1;53340;48272
37200501;400;93;35;N;876737;6122417;876845;6122440;14,9085;55,1049;Almindingsvej 35N;0;8;1;53340;48272
37200501;400;1119;4; ;877088;6122420;877067;6122426;14,9139;55,1046;FÊllesvej 4;0;9;1;53340;48272
37200501;400;1119;8; ;877330;6122483;877119;6122570;14,9178;55,105;FÊllesvej 8;0;10;1;53340;48272
37200501;400;1119;12; ;877236;6122762;877223;6122768;14,9167;55,1076;FÊllesvej 12;0;11;1;53340;48272
37200501;400;1119;14; ;877386;6122859;877355;6122871;14,9192;55,1083;FÊllesvej 14;0;12;1;53340;48272
37200501;400;1119;3; ;877160;6123071;877220;6123078;14,9159;55,1104;FÊllesvej 3;0;13;1;53340;48272
37200501;400;1119;16; ;877260;6123145;877212;6123139;14,9176;55,111;FÊllesvej 16;0;14;1;53340;48272
37200501;400;3591;35; ;877287;6123295;877237;6123337;14,9182;55,1123;Sigtem¯llevejen 35;0;15;1;53340;48272
37200501;400;3591;33; ;877670;6123461;877559;6123660;14,9244;55,1135;Sigtem¯llevejen 33;0;16;1;53340;48272
37200501;400;3591;16; ;877062;6123197;877066;6123180;14,9146;55,1116;Sigtem¯llevejen 16;0;17;1;53340;48272
37200501;400;3591;30; ;876927;6123159;876939;6123151;14,9124;55,1114;Sigtem¯llevejen 30;0;18;1;53340;48272
37200501;400;3591;28; ;876933;6123190;876940;6123151;14,9125;55,1116;Sigtem¯llevejen 28;0;19;1;53340;48272
37200501;400;3591;26; ;876937;6123264;876960;6123155;14,9127;55,1123;Sigtem¯llevejen 26;0;20;1;53340;48272
37200501;400;3591;18; ;876978;6123344;877016;6123168;14,9134;55,113;Sigtem¯llevejen 18;0;21;1;53340;48272
37200501;400;3591;32; ;876924;6123119;876935;6123117;14,9123;55,111;Sigtem¯llevejen 32;0;22;1;53340;48272
37200501;400;93;38; ;876942;6123057;876904;6123049;14,9125;55,1104;Almindingsvej 38;0;23;1;53340;48272
37200501;400;93;36; ;876939;6123039;876903;6123041;14,9124;55,1103;Almindingsvej 36;0;24;1;53340;48272
37200501;400;93;34; ;876975;6123015;876901;6123023;14,913;55,11;Almindingsvej 34;0;25;1;53340;48272
37200501;400;876;4; ;876562;6123092;876563;6123070;14,9066;55,111;Ekkodalsvejen 4;0;26;1;53340;48272
37200501;400;876;5; ;876529;6122984;876495;6123005;14,906;55,1101;Ekkodalsvejen 5;0;27;1;53340;48272
37200501;400;876;6; ;876397;6122929;876488;6122994;14,9038;55,1097;Ekkodalsvejen 6;0;28;1;53340;48272
37200501;400;93;32; ;876920;6122982;876896;6122986;14,9121;55,1098;Almindingsvej 32;0;29;1;53340;48272
37200501;400;93;30; ;876918;6122969;876893;6122973;14,912;55,1097;Almindingsvej 30;0;30;1;53340;48272
37200501;400;93;28; ;876840;6122694;876810;6122697;14,9104;55,1073;Almindingsvej 28;0;31;1;53340;48272
37200501;400;93;41; ;876798;6122568;876818;6122571;14,9096;55,1062;Almindingsvej 41;0;32;1;53340;48272
37200501;400;93;35;P;876730;6122444;876839;6122468;14,9084;55,1051;Almindingsvej 35P;0;33;1;53340;48272
37200501;400;93;37; ;876484;6122496;876820;6122558;14,9046;55,1058;Almindingsvej 37;0;34;1;53340;48272
37200501;400;93;31; ;877023;6121105;877185;6121180;14,9112;55,0929;Almindingsvej 31;0;35;1;53340;48272
37200501;400;93;33; ;876934;6121075;877182;6121187;14,9098;55,0927;Almindingsvej 33;0;36;1;53340;48272
37200501;400;3801;1; ;877057;6120710;877108;6120737;14,9112;55,0894;Sk¯rrebrovejen 1;0;37;1;53340;48272
37200501;400;3801;3; ;876431;6120843;876430;6120860;14,9016;55,091;Sk¯rrebrovejen 3;0;38;1;53340;48272
37200501;400;3801;11; ;876147;6120766;876204;6120756;14,8971;55,0906;Sk¯rrebrovejen 11;0;39;1;53340;48272
37200501;400;3801;5; ;876493;6120621;876488;6120598;14,9023;55,089;Sk¯rrebrovejen 5;0;40;1;53340;48272
37200501;400;3801;9; ;876328;6120332;876335;6120358;14,8993;55,0865;Sk¯rrebrovejen 9;0;41;1;53340;48272
37200501;400;2274;8; ;875705;6120950;875690;6120952;14,8904;55,0925;KÊrgÂrdsvej 8;0;42;1;53340;48272
37200501;400;2274;5; ;875637;6120876;875672;6120865;14,8893;55,0919;KÊrgÂrdsvej 5;0;43;1;53340;48272
37200501;400;2274;3; ;875575;6120867;875665;6120839;14,8883;55,0919;KÊrgÂrdsvej 3;0;44;1;53340;48272
37200501;400;2274;1; ;875608;6120718;875626;6120712;14,8886;55,0905;KÊrgÂrdsvej 1;0;45;1;53340;48272
37200501;400;2274;6; ;875657;6120480;875563;6120507;14,8891;55,0884;KÊrgÂrdsvej 6;0;46;1;53340;48272
37200501;400;2274;4; ;875552;6120394;875529;6120405;14,8873;55,0877;KÊrgÂrdsvej 4;0;47;1;53340;48272
37200501;400;3801;8; ;875539;6121047;875534;6121023;14,888;55,0935;Sk¯rrebrovejen 8;0;48;1;53340;48272
37200501;400;3801;13; ;875512;6120976;875521;6121025;14,8875;55,0929;Sk¯rrebrovejen 13;0;49;1;53340;48272
37200501;400;3801;10; ;875400;6121107;875329;6121108;14,8859;55,0942;Sk¯rrebrovejen 10;0;50;1;53340;48272
37200501;400;3801;14; ;875318;6121158;875330;6121157;14,8847;55,0947;Sk¯rrebrovejen 14;0;51;1;53340;48272
37200501;400;3801;17; ;875095;6121015;875080;6121017;14,881;55,0936;Sk¯rrebrovejen 17;0;52;1;53340;48272
37200501;400;3801;16; ;874899;6120966;874916;6120948;14,8779;55,0933;Sk¯rrebrovejen 16;0;53;1;53340;48272
37200501;400;3801;21; ;875210;6120919;875179;6120939;14,8827;55,0926;Sk¯rrebrovejen 21;0;54;1;53340;48272
37200501;400;3801;23; ;875078;6120850;875061;6120851;14,8805;55,0921;Sk¯rrebrovejen 23;0;55;1;53340;48272
37200501;400;3801;18; ;874940;6120774;874965;6120776;14,8783;55,0916;Sk¯rrebrovejen 18;0;56;1;53340;48272
37200501;400;3801;25; ;874995;6120518;874953;6120548;14,8788;55,0892;Sk¯rrebrovejen 25;0;57;1;53340;48272
37200501;400;2274;2; ;875471;6120170;875424;6120193;14,8858;55,0857;KÊrgÂrdsvej 2;0;58;1;53340;48272
37200501;400;4761;82; ;875343;6120072;875364;6120085;14,8836;55,085;Vestermarievej 82;0;59;1;53340;48272
37200501;400;4761;87; ;875455;6120019;875406;6119997;14,8853;55,0844;Vestermarievej 87;0;60;1;53340;48272
37200501;400;4761;89; ;875844;6119947;875812;6119960;14,8913;55,0835;Vestermarievej 89;0;61;1;53340;48272
37200501;400;4761;84; ;875414;6119893;875447;6119908;14,8845;55,0833;Vestermarievej 84;0;62;1;53340;48272
37200501;400;4761;91; ;875712;6119683;875569;6119631;14,8889;55,0812;Vestermarievej 91;0;63;1;53340;48272
37200501;400;3450;33; ;875280;6119180;875275;6119214;14,8815;55,077;R¯nnevej 33;0;64;1;53340;48272
37200501;400;3450;48; ;875259;6119578;875269;6119213;14,8817;55,0806;R¯nnevej 48;1;65;1;53340;48272
37200501;400;3450;29; ;875867;6119260;875863;6119292;14,8907;55,0773;R¯nnevej 29;0;66;1;53340;48272
37200501;400;3450;42; ;876004;6119538;876032;6119313;14,8932;55,0797;R¯nnevej 42;0;67;1;53340;48272
37200501;400;3450;44; ;876288;6119858;876284;6119863;14,8981;55,0823;R¯nnevej 44;0;68;1;53340;48272
37200501;400;3450;46; ;876368;6119985;876380;6119994;14,8995;55,0834;R¯nnevej 46;0;69;1;53340;48272
37200501;400;3450;40; ;875932;6119316;875933;6119301;14,8918;55,0778;R¯nnevej 40;0;70;1;53340;48272
37200501;400;3450;27; ;876194;6119283;876194;6119327;14,8959;55,0773;R¯nnevej 27;0;71;1;53340;48272
37200501;400;3450;38; ;876367;6119329;876346;6119286;14,8986;55,0776;R¯nnevej 38;0;72;1;53340;48272
37200501;400;3450;36; ;876398;6119620;876286;6119311;14,8995;55,0801;R¯nnevej 36;0;73;1;53340;48272
37200501;400;3450;23; ;876247;6119161;876300;6119305;14,8965;55,0761;R¯nnevej 23;0;74;1;53340;48272
37200501;400;3450;34; ;876525;6119221;876516;6119205;14,9009;55,0765;R¯nnevej 34;0;75;1;53340;48272
37200501;400;3450;30; ;876580;6119217;876564;6119182;14,9018;55,0764;R¯nnevej 30;0;76;1;53340;48272
37200501;400;93;2;B;877559;6119219;877493;6119226;14,917;55,0757;Almindingsvej 2B;1;77;1;53340;48272
37200501;400;93;2;A;877630;6119283;877497;6119285;14,9182;55,0762;Almindingsvej 2A;1;78;1;53340;48272
37200501;400;3621;19; ;877367;6119627;877380;6119616;14,9146;55,0795;Skagelfaldsvejen 19;0;79;1;53340;48272
37200501;400;3621;12; ;877391;6119596;877374;6119609;14,9149;55,0792;Skagelfaldsvejen 12;0;80;1;53340;48272
37200501;400;3621;10; ;877380;6119578;877362;6119582;14,9147;55,079;Skagelfaldsvejen 10;0;81;1;53340;48272
37200501;400;3621;17; ;877341;6119572;877359;6119568;14,9141;55,079;Skagelfaldsvejen 17;0;82;1;53340;48272
37200501;400;3621;8; ;877419;6119511;877349;6119528;14,9152;55,0784;Skagelfaldsvejen 8;0;83;1;53340;48272
37200501;400;3621;7; ;876978;6119334;877166;6119280;14,9081;55,0771;Skagelfaldsvejen 7;0;84;1;53340;48272
37200501;400;93;3; ;877355;6119674;877390;6119685;14,9145;55,0799;Almindingsvej 3;0;85;1;53340;48272
37200501;400;93;4; ;877406;6119687;877391;6119682;14,9153;55,08;Almindingsvej 4;0;86;1;53340;48272
37200501;400;93;7; ;877349;6119741;877370;6119747;14,9145;55,0805;Almindingsvej 7;0;87;1;53340;48272
37200501;400;93;9; ;877343;6119757;877364;6119764;14,9144;55,0806;Almindingsvej 9;0;88;1;53340;48272
37200501;400;93;11; ;877343;6119772;877360;6119777;14,9144;55,0808;Almindingsvej 11;0;89;1;53340;48272
37200501;400;93;6; ;877397;6119794;877359;6119781;14,9153;55,0809;Almindingsvej 6;0;90;1;53340;48272
37200501;400;93;13; ;877324;6119801;877350;6119809;14,9141;55,081;Almindingsvej 13;0;91;1;53340;48272
37200501;400;93;15; ;877327;6119824;877343;6119829;14,9142;55,0812;Almindingsvej 15;0;92;1;53340;48272
37200501;400;93;10; ;877325;6119939;877309;6119934;14,9143;55,0823;Almindingsvej 10;0;93;1;53340;48272
37200501;400;93;17; ;877064;6120016;877263;6120077;14,9104;55,0832;Almindingsvej 17;0;94;1;53340;48272
37200501;400;93;19; ;876990;6119999;877042;6120025;14,9092;55,0831;Almindingsvej 19;0;95;1;53340;48272
37200501;400;93;12; ;877330;6120263;877273;6120278;14,9149;55,0852;Almindingsvej 12;0;96;1;53340;48272
37200501;400;93;25; ;876937;6120461;877297;6120368;14,909;55,0872;Almindingsvej 25;0;97;1;53340;48272
37200501;400;93;21; ;876800;6120378;877266;6120251;14,9067;55,0866;Almindingsvej 21;0;98;1;53340;48272
37200501;400;93;23; ;876781;6120345;877259;6120226;14,9064;55,0863;Almindingsvej 23;0;99;1;53340;48272
37200501;400;93;16; ;877420;6120375;877305;6120398;14,9164;55,0861;Almindingsvej 16;0;100;1;53340;48272
37200501;400;93;27; ;877152;6120646;877332;6120648;14,9126;55,0887;Almindingsvej 27;0;101;1;53340;48272
37200501;400;93;18; ;877360;6120713;877329;6120711;14,9159;55,0892;Almindingsvej 18;0;102;1;53340;48272
37200501;400;3591;1; ;877287;6121112;877299;6121108;14,9153;55,0928;Sigtem¯llevejen 1;0;103;1;53340;48272
37200501;400;3591;4; ;877325;6121251;877310;6121250;14,9161;55,094;Sigtem¯llevejen 4;0;104;1;53340;48272
37200501;400;3591;5; ;877337;6121455;877373;6121439;14,9165;55,0958;Sigtem¯llevejen 5;0;105;1;53340;48272
37200501;400;3591;6; ;877400;6121450;877381;6121458;14,9175;55,0957;Sigtem¯llevejen 6;0;106;1;53340;48272
37200501;400;3591;8; ;877582;6121500;877419;6121557;14,9204;55,096;Sigtem¯llevejen 8;0;107;1;53340;48272
37200501;400;3591;10; ;877641;6121784;877499;6121824;14,9217;55,0985;Sigtem¯llevejen 10;0;108;1;53340;48272
37200501;400;3591;7; ;877521;6121939;877535;6121932;14,92;55,1;Sigtem¯llevejen 7;0;109;1;53340;48272
37200501;400;3591;9; ;877477;6122113;877595;6122059;14,9196;55,1016;Sigtem¯llevejen 9;0;110;1;53340;48272
37200501;400;3591;12; ;877839;6122140;877671;6122219;14,9253;55,1016;Sigtem¯llevejen 12;0;111;1;53340;48272
37200501;400;3591;11; ;877435;6122224;877630;6122132;14,9191;55,1026;Sigtem¯llevejen 11;0;112;1;53340;48272
37200501;400;3591;13; ;877656;6122470;877746;6122363;14,9229;55,1047;Sigtem¯llevejen 13;0;113;1;53340;48272
37200501;400;1131;21; ;878039;6122144;878062;6122134;14,9284;55,1014;FÂrebyvejen 21;0;114;1;53340;48272
37200501;400;1131;19; ;877992;6121908;878016;6121904;14,9273;55,0994;FÂrebyvejen 19;0;115;1;53340;48272
37200501;400;1131;17; ;877928;6121828;878022;6121834;14,9262;55,0987;FÂrebyvejen 17;0;116;1;53340;48272
37200501;400;3591;15; ;877832;6122558;877913;6122529;14,9257;55,1053;Sigtem¯llevejen 15;0;117;1;53340;48272
37200501;400;3591;19; ;878015;6123004;878040;6123002;14,9292;55,1091;Sigtem¯llevejen 19;0;118;1;53340;48272
37200501;400;3591;21; ;878032;6123159;878048;6123158;14,9296;55,1105;Sigtem¯llevejen 21;0;119;1;53340;48272
37200501;400;681;1; ;878157;6123159;878170;6123142;14,9316;55,1104;Chr, X Vej 1;0;120;1;53340;48272
37200501;400;3573;43; ;878131;6125039;878140;6125018;14,9337;55,1273;Segenvej 43;0;121;1;53340;48272
37200501;400;3573;39; ;876754;6124661;876794;6124584;14,9117;55,1249;Segenvej 39;0;122;1;53340;48272
37200501;400;2155;2; ;875455;6123093;875472;6123082;14,8894;55,1119;Kongemindevejen 2;1;123;1;53340;48272
37200502;400;930;10; ;873525;6117591;873496;6117609;14,8521;55,0642;EngegÂrdsvejen 10;0;0;1;55570;55070
37200502;400;930;6; ;873330;6117559;873259;6117582;14,849;55,064;EngegÂrdsvejen 6;0;1;1;55570;55070
37200502;400;930;4; ;873200;6117339;873180;6117345;14,8467;55,0621;EngegÂrdsvejen 4;0;2;1;55570;55070
37200502;400;930;2; ;873370;6117257;873345;6117247;14,8492;55,0613;EngegÂrdsvejen 2;0;3;1;55570;55070
37200502;400;930;1; ;873128;6117201;873143;6117198;14,8454;55,061;EngegÂrdsvejen 1;0;4;1;55570;55070
37200502;400;3993;9; ;872982;6116702;872938;6116701;14,8424;55,0566;Sosevejen 9;0;5;1;55570;55070
37200502;400;3993;11; ;873377;6116411;873291;6116410;14,8482;55,0537;Sosevejen 11;0;6;1;55570;55070
37200502;400;3993;14; ;872899;6116588;872901;6116571;14,841;55,0557;Sosevejen 14;0;7;1;55570;55070
37200502;400;3993;16; ;872663;6116527;872682;6116518;14,8372;55,0553;Sosevejen 16;0;8;1;55570;55070
37200502;400;3993;20; ;872631;6116407;872645;6116402;14,8366;55,0542;Sosevejen 20;0;9;1;55570;55070
37200502;400;3993;17; ;872658;6116372;872638;6116378;14,837;55,0539;Sosevejen 17;0;10;1;55570;55070
37200502;400;3993;22; ;872551;6116185;872576;6116177;14,8351;55,0523;Sosevejen 22;0;11;1;55570;55070
37200502;400;3993;23; ;872534;6115691;872518;6115690;14,8341;55,0479;Sosevejen 23;0;12;1;55570;55070
37200502;400;4404;76; ;872950;6115381;872968;6115391;14,8402;55,0448;S¯ndre Landevej 76;0;13;1;55570;55070
37200502;400;4404;74; ;872942;6115455;872930;6115530;14,8402;55,0455;S¯ndre Landevej 74;0;14;1;55570;55070
37200502;400;4404;78; ;873402;6115583;873399;6115603;14,8475;55,0463;S¯ndre Landevej 78;0;15;1;55570;55070
37200502;400;4404;78;A;873421;6115594;873420;6115606;14,8478;55,0464;S¯ndre Landevej 78A;0;16;1;55570;55070
37200502;400;4404;80; ;873341;6115356;873334;6115369;14,8463;55,0443;S¯ndre Landevej 80;0;17;1;55570;55070
37200502;400;4404;90; ;874046;6115552;874049;6115569;14,8575;55,0455;S¯ndre Landevej 90;0;18;1;55570;55070
37200502;400;4404;94; ;874270;6115147;874279;6115159;14,8605;55,0418;S¯ndre Landevej 94;0;19;1;55570;55070
37200502;400;4404;31; ;874599;6115460;874593;6115438;14,866;55,0443;S¯ndre Landevej 31;0;20;1;55570;55070
37200502;400;4404;100; ;874385;6114959;874361;6114986;14,862;55,04;S¯ndre Landevej 100;0;21;1;55570;55070
37200502;400;4404;33; ;874735;6115419;874731;6115405;14,868;55,0438;S¯ndre Landevej 33;0;22;1;55570;55070
37200502;400;1368;2; ;874519;6116374;874517;6116345;14,8659;55,0525;HallegÂrdsvejen 2;0;23;1;55570;55070
37200502;400;1368;1; ;874260;6116095;874332;6116368;14,8615;55,0502;HallegÂrdsvejen 1;0;24;1;55570;55070
37200502;400;1368;4; ;874159;6116540;874123;6116541;14,8605;55,0543;HallegÂrdsvejen 4;0;25;1;55570;55070
37200502;400;1368;5; ;873645;6116612;873733;6116592;14,8526;55,0553;HallegÂrdsvejen 5;0;26;1;55570;55070
37200502;400;3993;7; ;872853;6116950;872845;6116959;14,8408;55,0589;Sosevejen 7;0;27;1;55570;55070
37200502;400;3993;8; ;872622;6117030;872633;6117042;14,8372;55,0598;Sosevejen 8;0;28;1;55570;55070
37200502;400;3993;10; ;872310;6116697;872686;6116526;14,832;55,0571;Sosevejen 10;0;29;1;55570;55070
37200502;400;4404;64; ;871329;6115847;871336;6115871;14,8156;55,0502;S¯ndre Landevej 64;0;30;1;55570;55070
37200502;400;4404;17; ;870338;6116401;870371;6116395;14,8009;55,0559;S¯ndre Landevej 17;1;31;1;55570;55070
37200502;400;4404;21; ;870794;6116339;870836;6116280;14,8079;55,055;S¯ndre Landevej 21;0;32;1;55570;55070
37200502;400;1602;4; ;871379;6116380;871362;6116383;14,8171;55,0549;HovedgÂrdsvejen 4;0;33;1;55570;55070
37200502;400;1602;6; ;871435;6116605;871413;6116609;14,8182;55,0569;HovedgÂrdsvejen 6;0;34;1;55570;55070
37200502;400;1602;3; ;871266;6117457;871471;6117425;14,8167;55,0647;HovedgÂrdsvejen 3;0;35;1;55570;55070
37200502;400;1602;8; ;871561;6117731;871548;6117735;14,8216;55,0669;HovedgÂrdsvejen 8;0;36;1;55570;55070
37200502;400;2448;1; ;872004;6117377;871985;6117382;14,8281;55,0634;LoftsgÂrdsvejen 1;0;37;1;55570;55070
37200502;400;3993;5; ;872585;6117817;872381;6117737;14,8377;55,0669;Sosevejen 5;0;38;1;55570;55070
37200502;400;3993;3; ;872362;6117833;872347;6117828;14,8343;55,0672;Sosevejen 3;0;39;1;55570;55070
37200502;400;3993;1; ;872342;6117900;872330;6117897;14,834;55,0678;Sosevejen 1;0;40;1;55570;55070
37200502;400;3450;95; ;872172;6118277;872165;6118295;14,8319;55,0713;R¯nnevej 95;0;41;1;55570;55070
37200502;400;3450;99; ;872133;6118248;872122;6118279;14,8312;55,0711;R¯nnevej 99;0;42;1;55570;55070
37200502;400;3450;97; ;872103;6118056;872010;6118226;14,8305;55,0694;R¯nnevej 97;0;43;1;55570;55070
37200502;400;990;3; ;872125;6118317;872169;6118330;14,8312;55,0717;FejleregÂrdsvejen 3;0;44;1;55570;55070
37200502;400;3450;101; ;872117;6118249;872106;6118272;14,831;55,0711;R¯nnevej 101;0;45;1;55570;55070
37200502;400;3450;90; ;872011;6118263;872025;6118234;14,8293;55,0713;R¯nnevej 90;1;46;1;55570;55070
37200502;400;990;1; ;872150;6118326;872169;6118329;14,8316;55,0718;FejleregÂrdsvejen 1;0;47;1;55570;55070
37200502;400;990;2; ;872178;6118367;872160;6118360;14,8321;55,0721;FejleregÂrdsvejen 2;0;48;1;55570;55070
37200502;400;990;5; ;871984;6118350;871998;6118356;14,829;55,0721;FejleregÂrdsvejen 5;0;49;1;55570;55070
37200502;400;990;4; ;872197;6118526;872178;6118530;14,8326;55,0735;FejleregÂrdsvejen 4;0;50;1;55570;55070
37200502;400;2073;1; ;872319;6119217;872381;6119176;14,8354;55,0796;Klintevej 1;0;51;1;55570;55070
37200502;400;2073;5; ;872568;6119510;872581;6119510;14,8397;55,082;Klintevej 5;0;52;1;55570;55070
37200502;400;2073;3; ;872154;6119690;872182;6119673;14,8334;55,084;Klintevej 3;0;53;1;55570;55070
37200502;400;2073;8; ;872712;6119339;872711;6119366;14,8417;55,0804;Klintevej 8;0;54;1;55570;55070
37200502;400;2073;10; ;872705;6119412;872578;6119479;14,8417;55,081;Klintevej 10;0;55;1;55570;55070
37200502;400;2073;7; ;872502;6120017;872577;6120017;14,8393;55,0866;Klintevej 7;0;56;1;55570;55070
37200502;400;411;10; ;872421;6120613;872374;6120894;14,8388;55,092;Bossevejen 10;0;57;1;55570;55070
37200502;400;411;8; ;872159;6120716;872116;6120834;14,8349;55,0931;Bossevejen 8;0;58;1;55570;55070
37200502;400;411;4; ;871924;6120209;872005;6120226;14,8305;55,0888;Bossevejen 4;0;59;1;55570;55070
37200502;400;411;6; ;872104;6120174;872000;6120223;14,8333;55,0883;Bossevejen 6;0;60;1;55570;55070
37200502;400;411;9; ;872011;6120891;872019;6120818;14,8328;55,0948;Bossevejen 9;0;61;1;55570;55070
37200502;400;411;2; ;871775;6120657;871908;6120852;14,8288;55,0929;Bossevejen 2;0;62;1;55570;55070
37200502;400;411;7; ;871859;6121001;871844;6120969;14,8305;55,0959;Bossevejen 7;0;63;1;55570;55070
37200502;400;411;3; ;871689;6121230;871647;6121011;14,8282;55,0981;Bossevejen 3;0;64;1;55570;55070
37200502;400;411;1; ;871379;6121087;871374;6121063;14,8232;55,097;Bossevejen 1;0;65;1;55570;55070
37200502;400;2019;29; ;871228;6120637;871264;6120641;14,8202;55,0931;Kirkevej 29;0;66;1;55570;55070
37200502;400;2019;20; ;871562;6120016;871284;6120069;14,8246;55,0873;Kirkevej 20;0;67;1;55570;55070
37200502;400;2019;22; ;871630;6120277;871327;6120322;14,826;55,0896;Kirkevej 22;0;68;1;55570;55070
37200502;400;2019;24; ;871613;6120450;871379;6120632;14,826;55,0911;Kirkevej 24;0;69;1;55570;55070
37200502;400;2019;18; ;871315;6120105;871292;6120109;14,8209;55,0883;Kirkevej 18;0;70;1;55570;55070
37200502;400;2019;27; ;871112;6120088;871283;6120063;14,8177;55,0883;Kirkevej 27;0;71;1;55570;55070
37200502;400;2019;16; ;871274;6119935;871259;6119939;14,82;55,0868;Kirkevej 16;0;72;1;55570;55070
37200502;400;2019;14; ;871254;6119824;871238;6119827;14,8196;55,0858;Kirkevej 14;0;73;1;55570;55070
37200502;400;2019;25; ;871152;6119521;871177;6119512;14,8176;55,0832;Kirkevej 25;0;74;1;55570;55070
37200502;400;2019;23; ;871006;6119008;871036;6118990;14,8147;55,0787;Kirkevej 23;0;75;1;55570;55070
37200502;400;1932;3; ;870915;6119137;870885;6119137;14,8134;55,0799;KildesgÂrdsvejen 3;0;76;1;55570;55070
37200502;400;2019;21; ;871003;6118615;871056;6118624;14,8141;55,0752;Kirkevej 21;0;77;1;55570;55070
37200502;400;2019;19; ;870962;6118460;870986;6118444;14,8133;55,0739;Kirkevej 19;0;78;1;55570;55070
37200502;400;2019;10; ;871072;6118316;871052;6118323;14,8148;55,0725;Kirkevej 10;0;79;1;55570;55070
37200502;400;3450;111; ;870394;6118228;870398;6118247;14,8041;55,0722;R¯nnevej 111;0;80;1;55570;55070
37200502;400;3450;116;A;870560;6118634;870531;6118577;14,8072;55,0757;R¯nnevej 116A;0;81;1;55570;55070
37200502;400;3450;116;B;870545;6118635;870531;6118577;14,807;55,0757;R¯nnevej 116B;0;82;1;55570;55070
37200502;400;3450;105; ;871050;6117857;871027;6117859;14,8139;55,0684;R¯nnevej 105;0;83;1;55570;55070
37200502;400;3450;94; ;871854;6118178;871870;6118151;14,8268;55,0707;R¯nnevej 94;0;84;1;55570;55070
37200502;400;3450;96; ;871742;6118444;871893;6118163;14,8254;55,0731;R¯nnevej 96;0;85;1;55570;55070
37200502;400;990;7; ;871702;6118575;871759;6118577;14,8249;55,0743;FejleregÂrdsvejen 7;0;86;1;55570;55070
37200502;400;990;11; ;871705;6118842;871711;6118853;14,8253;55,0767;FejleregÂrdsvejen 11;0;87;1;55570;55070
37200502;400;990;13; ;871680;6118851;871687;6118866;14,825;55,0768;FejleregÂrdsvejen 13;0;88;1;55570;55070
37200502;400;990;8; ;871851;6118826;871834;6118791;14,8276;55,0765;FejleregÂrdsvejen 8;0;89;1;55570;55070
37200502;400;990;15; ;871824;6118996;871851;6118986;14,8274;55,078;FejleregÂrdsvejen 15;0;90;1;55570;55070
37200502;400;990;12; ;871907;6119185;871880;6119140;14,8289;55,0796;FejleregÂrdsvejen 12;0;91;1;55570;55070
37200502;400;990;14; ;871779;6119218;871768;6119197;14,827;55,08;FejleregÂrdsvejen 14;0;92;1;55570;55070
37200502;400;990;17; ;871656;6119135;871704;6119231;14,8249;55,0794;FejleregÂrdsvejen 17;0;93;1;55570;55070
37200502;400;990;19; ;871494;6119320;871501;6119336;14,8227;55,0811;FejleregÂrdsvejen 19;0;94;1;55570;55070
37200502;400;990;24; ;871429;6119389;871423;6119377;14,8218;55,0818;FejleregÂrdsvejen 24;0;95;1;55570;55070
37200502;400;990;18; ;871657;6119350;871618;6119275;14,8252;55,0813;FejleregÂrdsvejen 18;0;96;1;55570;55070
37200503;400;345;3; ;874712;6117694;874642;6117747;14,8707;55,0642;Bodelynghusevejen 3;0;0;1;53330;53330
37200503;400;345;5; ;874606;6117692;874601;6117695;14,869;55,0642;Bodelynghusevejen 5;0;1;1;53330;53330
37200503;400;345;7; ;874501;6117459;874449;6117498;14,8671;55,0622;Bodelynghusevejen 7;0;2;1;53330;53330
37200503;400;348;12; ;874715;6117962;874708;6117954;14,8711;55,0666;Bodelyngsvejen 12;0;3;1;53330;53330
37200503;400;348;5; ;874618;6117978;874621;6117990;14,8696;55,0668;Bodelyngsvejen 5;0;4;1;53330;53330
37200503;400;348;16; ;874273;6118149;874251;6118045;14,8644;55,0686;Bodelyngsvejen 16;0;5;1;53330;53330
37200503;400;348;13; ;873778;6117816;873797;6117866;14,8563;55,066;Bodelyngsvejen 13;0;6;1;53330;53330
37200503;400;348;15; ;873505;6118035;873484;6118093;14,8523;55,0681;Bodelyngsvejen 15;0;7;1;53330;53330
37200503;400;348;17; ;873164;6118079;873166;6118091;14,8471;55,0688;Bodelyngsvejen 17;0;8;1;53330;53330
37200503;400;930;3; ;873261;6118507;873484;6118532;14,8491;55,0725;EngegÂrdsvejen 3;0;9;1;53330;53330
37200503;400;930;5; ;873416;6118601;873489;6118582;14,8517;55,0733;EngegÂrdsvejen 5;0;10;1;53330;53330
37200503;400;348;10; ;874849;6118080;874815;6117917;14,8733;55,0675;Bodelyngsvejen 10;0;11;1;53330;53330
37200503;400;348;8; ;874912;6118117;874916;6117913;14,8744;55,0678;Bodelyngsvejen 8;0;12;1;53330;53330
37200503;400;348;6; ;874833;6117935;874830;6117914;14,8729;55,0663;Bodelyngsvejen 6;0;13;1;53330;53330
37200503;400;348;2; ;875364;6118202;875360;6118195;14,8815;55,0682;Bodelyngsvejen 2;0;14;1;53330;53330
37200503;400;348;1; ;875328;6117806;875335;6117882;14,8804;55,0647;Bodelyngsvejen 1;0;15;1;53330;53330
37200503;400;1836;20; ;876196;6117782;876217;6117779;14,8939;55,0639;Kalbyvejen 20;0;16;1;53330;53330
37200503;400;1836;18; ;876216;6118084;876301;6118061;14,8946;55,0665;Kalbyvejen 18;0;17;1;53330;53330
37200503;400;1836;16; ;876325;6118153;876333;6118150;14,8964;55,0671;Kalbyvejen 16;0;18;1;53330;53330
37200503;400;1836;11; ;876392;6118180;876349;6118195;14,8975;55,0673;Kalbyvejen 11;0;19;1;53330;53330
37200503;400;1836;7; ;876515;6118444;876500;6118424;14,8997;55,0695;Kalbyvejen 7;0;20;1;53330;53330
37200503;400;1836;6; ;876493;6118650;876510;6118643;14,8997;55,0714;Kalbyvejen 6;0;21;1;53330;53330
37200503;400;1836;8; ;876305;6118592;876300;6118576;14,8967;55,071;Kalbyvejen 8;0;22;1;53330;53330
37200503;400;1836;10; ;875551;6118695;875604;6118700;14,8851;55,0725;Kalbyvejen 10;0;23;1;53330;53330
37200503;400;4245;9; ;876295;6117772;876302;6117799;14,8954;55,0637;Str¯byvej 9;0;24;1;53330;53330
37200503;400;4245;7; ;876424;6117624;876431;6117658;14,8972;55,0623;Str¯byvej 7;0;25;1;53330;53330
37200503;400;4245;5; ;876520;6117695;876531;6117736;14,8988;55,0628;Str¯byvej 5;0;26;1;53330;53330
37200503;400;4245;8; ;876629;6117989;876598;6117963;14,9009;55,0654;Str¯byvej 8;0;27;1;53330;53330
37200503;400;1836;22; ;876165;6117471;876182;6117469;14,893;55,0611;Kalbyvejen 22;0;28;1;53330;53330
37200503;400;1836;24; ;875999;6117432;875998;6117414;14,8904;55,0609;Kalbyvejen 24;0;29;1;53330;53330
37200503;400;1836;28; ;875572;6117384;875583;6117423;14,8837;55,0608;Kalbyvejen 28;0;30;1;53330;53330
37200503;400;1836;26; ;875250;6117418;875281;6117436;14,8787;55,0613;Kalbyvejen 26;0;31;1;53330;53330
37200503;400;1836;34; ;876203;6117242;876215;6117250;14,8933;55,059;Kalbyvejen 34;0;32;1;53330;53330
37200503;400;1836;36; ;876112;6117145;876230;6117230;14,8918;55,0582;Kalbyvejen 36;0;33;1;53330;53330
37200503;400;4704;4; ;876468;6117347;876476;6117350;14,8976;55,0598;VasegÂrdsvej 4;0;34;1;53330;53330
37200503;400;4704;2; ;876617;6117479;876617;6117479;14,9001;55,0608;VasegÂrdsvej 2;0;35;1;53330;53330
37200503;400;4704;1; ;876782;6117503;876767;6117509;14,9027;55,0609;VasegÂrdsvej 1;0;36;1;53330;53330
37200503;400;4245;2; ;876845;6117663;876839;6117644;14,9039;55,0623;Str¯byvej 2;0;37;1;53330;53330
37200503;400;4245;6; ;876804;6117670;876799;6117656;14,9032;55,0624;Str¯byvej 6;0;38;1;53330;53330
37200503;400;2391;3; ;877080;6117674;877045;6117685;14,9075;55,0622;Limensgaden 3;0;39;1;53330;53330
37200503;400;2391;2; ;877049;6117778;877043;6117768;14,9072;55,0632;Limensgaden 2;0;40;1;53330;53330
37200503;400;2391;4; ;876871;6117852;876926;6117825;14,9045;55,064;Limensgaden 4;0;41;1;53330;53330
37200503;400;2391;1; ;877227;6117888;877177;6117923;14,9101;55,064;Limensgaden 1;0;42;1;53330;53330
37200503;400;2061;3; ;877328;6117540;877314;6117537;14,9112;55,0608;Klintebovej 3;0;43;1;53330;53330
37200503;400;2061;1; ;877241;6117682;877175;6117542;14,9101;55,0622;Klintebovej 1;0;44;1;53330;53330
37200503;400;2061;16; ;877212;6117484;877227;6117518;14,9093;55,0604;Klintebovej 16;0;45;1;53330;53330
37200503;400;2061;18; ;877421;6117380;877396;6117378;14,9124;55,0593;Klintebovej 18;0;46;1;53330;53330
37200503;400;2061;5; ;877304;6117421;877292;6117398;14,9107;55,0598;Klintebovej 5;0;47;1;53330;53330
37200503;400;2391;6; ;876979;6117525;876993;6117520;14,9058;55,061;Limensgaden 6;0;48;1;53330;53330
37200503;400;2391;5;C;877077;6117454;877082;6117482;14,9072;55,0603;Limensgaden 5C;0;49;1;53330;53330
37200503;400;2391;10; ;876947;6117227;876948;6117262;14,9049;55,0583;Limensgaden 10;0;50;1;53330;53330
37200503;400;2391;8; ;876819;6117258;876847;6117267;14,9029;55,0587;Limensgaden 8;0;51;1;53330;53330
37200503;400;2391;12; ;877018;6117034;877028;6117036;14,9057;55,0565;Limensgaden 12;0;52;1;53330;53330
37200503;400;2391;14; ;876977;6116956;877041;6116968;14,905;55,0559;Limensgaden 14;0;53;1;53330;53330
37200503;400;4635;7; ;877213;6116851;877217;6116867;14,9085;55,0548;Ugleengevejen 7;0;54;1;53330;53330
37200503;400;4635;5; ;877297;6116794;877309;6116845;14,9097;55,0542;Ugleengevejen 5;0;55;1;53330;53330
37200503;400;4635;4; ;877455;6116918;877429;6116815;14,9124;55,0552;Ugleengevejen 4;0;56;1;53330;53330
37200503;400;4635;3; ;877673;6116693;877687;6116753;14,9155;55,053;Ugleengevejen 3;0;57;1;53330;53330
37200503;400;4635;2; ;877774;6116745;877770;6116732;14,9171;55,0534;Ugleengevejen 2;0;58;1;53330;53330
37200503;400;2391;9; ;877056;6116783;877037;6116789;14,906;55,0543;Limensgaden 9;0;59;1;53330;53330
37200503;400;2391;20; ;876466;6116423;876511;6116445;14,8963;55,0515;Limensgaden 20;0;60;1;53330;53330
37200503;400;2391;18; ;876324;6116517;876511;6116445;14,8942;55,0524;Limensgaden 18;0;61;1;53330;53330
37200503;400;2391;17; ;876732;6115983;876737;6116009;14,8999;55,0474;Limensgaden 17;0;62;1;53330;53330
37200503;400;2391;15; ;876870;6115774;876926;6115787;14,9018;55,0454;Limensgaden 15;0;63;1;53330;53330
37200503;400;2391;19; ;876541;6115871;876509;6115906;14,8968;55,0465;Limensgaden 19;0;64;1;53330;53330
37200503;400;2391;21; ;876481;6115871;876475;6115876;14,8958;55,0466;Limensgaden 21;0;65;1;53330;53330
37200503;400;2391;25; ;876400;6115790;876397;6115790;14,8945;55,0459;Limensgaden 25;0;66;1;53330;53330
37200503;400;2391;24; ;876288;6115644;876285;6115642;14,8925;55,0447;Limensgaden 24;0;67;1;53330;53330
37200503;400;2391;26; ;876310;6115573;876317;6115570;14,8928;55,044;Limensgaden 26;0;68;1;53330;53330
37200503;400;2391;27; ;876572;6115676;876544;6115671;14,897;55,0447;Limensgaden 27;0;69;1;53330;53330
37200503;400;795;4; ;875704;6115857;875753;6115837;14,8837;55,047;DuegÂrdsvejen 4;0;70;1;53330;53330
37200503;400;795;3; ;875971;6116089;875959;6116088;14,8882;55,0489;DuegÂrdsvejen 3;0;71;1;53330;53330
37200503;400;795;2; ;875672;6116285;875778;6116245;14,8838;55,0509;DuegÂrdsvejen 2;0;72;1;53330;53330
37200503;400;795;1; ;876058;6116361;876017;6116366;14,8899;55,0513;DuegÂrdsvejen 1;0;73;1;53330;53330
37200503;400;4704;8; ;875486;6117168;875486;6117182;14,882;55,0589;VasegÂrdsvej 8;0;74;1;53330;53330
37200503;400;4704;3; ;875048;6116560;875046;6116579;14,8744;55,0538;VasegÂrdsvej 3;0;75;1;53330;53330
37200503;400;4704;12; ;874962;6116960;874977;6116928;14,8736;55,0574;VasegÂrdsvej 12;0;76;1;53330;53330
37200503;400;4704;12;A;874951;6116944;874977;6116928;14,8734;55,0573;VasegÂrdsvej 12A;0;77;1;53330;53330
37200503;400;4704;14; ;874926;6116604;874962;6116570;14,8726;55,0543;VasegÂrdsvej 14;0;78;1;53330;53330
37200503;400;4704;5; ;874903;6115532;874893;6115534;14,8708;55,0447;VasegÂrdsvej 5;0;79;1;53330;53330
37200503;400;4704;7; ;874864;6115395;874852;6115398;14,87;55,0435;VasegÂrdsvej 7;0;80;1;53330;53330
37200503;400;4404;35; ;874992;6115366;874986;6115344;14,872;55,0432;S¯ndre Landevej 35;0;81;1;53330;53330
37200503;400;4404;102; ;874953;6114723;874930;6114766;14,8705;55,0374;S¯ndre Landevej 102;0;82;1;53330;53330
37200503;400;4404;39; ;875149;6115326;875144;6115307;14,8744;55,0427;S¯ndre Landevej 39;0;83;1;53330;53330
37200503;400;4404;104; ;875133;6114681;875196;6114684;14,8733;55,0369;S¯ndre Landevej 104;0;84;1;53330;53330
37200503;400;4404;45; ;875282;6115325;875270;6115276;14,8764;55,0426;S¯ndre Landevej 45;0;85;1;53330;53330
37200503;400;4404;43; ;875287;6115292;875282;6115273;14,8765;55,0423;S¯ndre Landevej 43;0;86;1;53330;53330
37200503;400;4404;112; ;875557;6115184;875562;6115207;14,8805;55,0411;S¯ndre Landevej 112;0;87;1;53330;53330
37200503;400;4404;110; ;875542;6114738;875549;6114780;14,8797;55,0371;S¯ndre Landevej 110;0;88;1;53330;53330
37200503;400;4404;114; ;875788;6115131;875793;6115151;14,8841;55,0405;S¯ndre Landevej 114;0;89;1;53330;53330
37200503;400;4404;118; ;875847;6114950;875898;6115126;14,8848;55,0388;S¯ndre Landevej 118;0;90;1;53330;53330
37200503;400;4404;122; ;875838;6114364;875863;6114438;14,8838;55,0336;S¯ndre Landevej 122;0;91;1;53330;53330
37200503;400;2391;30; ;876104;6115132;876156;6115115;14,889;55,0402;Limensgaden 30;0;92;1;53330;53330
37200503;400;2391;28; ;876168;6115214;876186;6115207;14,8901;55,0409;Limensgaden 28;0;93;1;53330;53330
37200503;400;4404;47; ;876208;6115077;876197;6115041;14,8905;55,0397;S¯ndre Landevej 47;0;94;1;53330;53330
37200503;400;4404;124; ;876291;6114586;876304;6114606;14,8912;55,0352;S¯ndre Landevej 124;0;95;1;53330;53330
37200503;400;4404;130; ;876553;6114155;876574;6114152;14,8947;55,0312;S¯ndre Landevej 130;0;96;1;53330;53330
37200503;400;4404;142; ;876702;6114877;876705;6114888;14,898;55,0375;S¯ndre Landevej 142;0;97;1;53330;53330
37200503;400;4404;49; ;877374;6114916;877328;6114899;14,9085;55,0373;S¯ndre Landevej 49;0;98;1;53330;53330
37200503;400;4404;162; ;877398;6114758;877399;6114769;14,9086;55,0359;S¯ndre Landevej 162;0;99;1;53330;53330
37200503;400;4404;51; ;877491;6114775;877489;6114759;14,9101;55,036;S¯ndre Landevej 51;0;100;1;53330;53330
37200503;400;4404;164; ;877828;6114696;877831;6114712;14,9152;55,035;S¯ndre Landevej 164;0;101;1;53330;53330
37200503;400;4404;156; ;877035;6113468;877020;6113471;14,9013;55,0247;S¯ndre Landevej 156;0;102;1;53330;53330
37200504;400;3108;27; ;883645;6115371;883622;6115384;15,0067;55,0366;Pederskervejen 27;0;0;1;57288;57288
37200504;400;3108;74; ;883513;6115440;883615;6115373;15,0047;55,0373;Pederskervejen 74;0;1;1;57288;57288
37200504;400;3108;76; ;883471;6115194;883490;6115181;15,0037;55,0352;Pederskervejen 76;0;2;1;57288;57288
37200504;400;3108;78; ;883255;6115435;883276;6115442;15,0007;55,0375;Pederskervejen 78;0;3;1;57288;57288
37200504;400;3108;29; ;883546;6115040;883500;6115038;15,0047;55,0337;Pederskervejen 29;0;4;1;57288;57288
37200504;400;3108;80; ;883381;6115186;883372;6115167;15,0023;55,0352;Pederskervejen 80;0;5;1;57288;57288
37200504;400;3108;25; ;883929;6115596;883897;6115597;15,0114;55,0384;Pederskervejen 25;0;6;1;57288;57288
37200504;400;3108;72; ;883570;6116072;883895;6115735;15,0064;55,0429;Pederskervejen 72;0;7;1;57288;57288
37200504;400;3108;68; ;883956;6116250;884181;6116038;15,0127;55,0442;Pederskervejen 68;0;8;1;57288;57288
37200504;400;3108;64; ;884336;6116188;884364;6116146;15,0185;55,0434;Pederskervejen 64;0;9;1;57288;57288
37200504;400;3108;62; ;884368;6116400;884483;6116228;15,0193;55,0453;Pederskervejen 62;0;10;1;57288;57288
37200504;400;3108;23; ;884546;6116085;884458;6116211;15,0217;55,0423;Pederskervejen 23;0;11;1;57288;57288
37200504;400;3108;21; ;884661;6116713;884582;6116695;15,0243;55,0478;Pederskervejen 21;0;12;1;57288;57288
37200504;400;3108;58; ;884271;6116609;884542;6116590;15,0181;55,0472;Pederskervejen 58;0;13;1;57288;57288
37200504;400;3108;56; ;884605;6116855;884620;6116842;15,0236;55,0491;Pederskervejen 56;0;14;1;57288;57288
37200504;400;2265;11; ;884359;6117110;884377;6117114;15,0201;55,0516;KÊllingebyvejen 11;0;15;1;57288;57288
37200504;400;2265;9; ;883889;6116906;883895;6116890;15,0125;55,0501;KÊllingebyvejen 9;0;16;1;57288;57288
37200504;400;2265;7; ;883820;6116950;883811;6116906;15,0115;55,0506;KÊllingebyvejen 7;0;17;1;57288;57288
37200504;400;2265;2; ;883331;6116357;883326;6116413;15,0031;55,0457;KÊllingebyvejen 2;0;18;1;57288;57288
37200504;400;2265;3; ;882984;6116836;882982;6116775;14,9983;55,0502;KÊllingebyvejen 3;0;19;1;57288;57288
37200504;400;4938;45; ;882863;6116690;882688;6116674;14,9963;55,049;ÿlenevej 45;0;20;1;57288;57288
37200504;400;2265;1; ;882836;6116859;882823;6116859;14,9961;55,0505;KÊllingebyvejen 1;0;21;1;57288;57288
37200504;400;4938;56; ;882675;6116707;882685;6116707;14,9934;55,0493;ÿlenevej 56;0;22;1;57288;57288
37200504;400;4938;58; ;882690;6116389;882712;6116390;14,9932;55,0464;ÿlenevej 58;0;23;1;57288;57288
37200504;400;4938;57; ;882929;6116099;882912;6116126;14,9965;55,0437;ÿlenevej 57;0;24;1;57288;57288
37200504;400;4938;62; ;882422;6115876;882420;6115884;14,9883;55,0421;ÿlenevej 62;0;25;1;57288;57288
37200504;400;4938;59; ;882772;6115967;882747;6115969;14,9939;55,0426;ÿlenevej 59;0;26;1;57288;57288
37200504;400;4938;61; ;882788;6115838;882759;6115835;14,994;55,0414;ÿlenevej 61;0;27;1;57288;57288
37200504;400;4938;63; ;882784;6115813;882761;6115811;14,9939;55,0412;ÿlenevej 63;0;28;1;57288;57288
37200504;400;4938;64; ;882741;6115709;882756;6115707;14,9931;55,0403;ÿlenevej 64;0;29;1;57288;57288
37200504;400;4938;66; ;882585;6115665;882590;6115638;14,9906;55,0401;ÿlenevej 66;0;30;1;57288;57288
37200504;400;4938;68; ;882378;6115576;882377;6115586;14,9872;55,0394;ÿlenevej 68;0;31;1;57288;57288
37200504;400;4938;65; ;882928;6115581;882902;6115574;14,9958;55,039;ÿlenevej 65;0;32;1;57288;57288
37200504;400;4938;67; ;882809;6115558;882789;6115574;14,9939;55,0389;ÿlenevej 67;0;33;1;57288;57288
37200504;400;4938;72; ;882599;6115371;882598;6115349;14,9904;55,0374;ÿlenevej 72;0;34;1;57288;57288
37200504;400;4938;69; ;883070;6115435;883067;6115443;14,9978;55,0376;ÿlenevej 69;0;35;1;57288;57288
37200504;400;4938;71; ;882742;6115348;882721;6115346;14,9926;55,0371;ÿlenevej 71;0;36;1;57288;57288
37200504;400;4938;74; ;882549;6115326;882563;6115342;14,9895;55,0371;ÿlenevej 74;0;37;1;57288;57288
37200504;400;4938;75; ;883115;6115122;883110;6115123;14,9981;55,0348;ÿlenevej 75;0;38;1;57288;57288
37200504;400;4938;76; ;882672;6114902;882754;6114908;14,9909;55,0332;ÿlenevej 76;0;39;1;57288;57288
37200504;400;3108;69; ;882433;6114401;882422;6114498;14,9865;55,0289;Pederskervejen 69;0;40;1;57288;57288
37200504;400;3108;71; ;882342;6114471;882340;6114489;14,9852;55,0296;Pederskervejen 71;0;41;1;57288;57288
37200504;400;3108;126; ;882137;6115012;882140;6114999;14,9827;55,0346;Pederskervejen 126;0;42;1;57288;57288
37200504;400;3108;81; ;882113;6114438;882112;6114463;14,9816;55,0295;Pederskervejen 81;0;43;1;57288;57288
37200504;400;3108;79; ;882113;6114431;882104;6114461;14,9816;55,0294;Pederskervejen 79;0;44;1;57288;57288
37200504;400;3108;83; ;881766;6114141;881742;6114173;14,9758;55,0271;Pederskervejen 83;0;45;1;57288;57288
37200504;400;1518;31; ;881619;6114388;881585;6114375;14,9738;55,0294;Hegnedevejen 31;0;46;1;57288;57288
37200504;400;1518;29; ;881612;6114654;881509;6114645;14,9741;55,0318;Hegnedevejen 29;0;47;1;57288;57288
37200504;400;1518;28; ;881381;6114653;881508;6114662;14,9705;55,0319;Hegnedevejen 28;0;48;1;57288;57288
37200504;400;1518;26; ;881104;6114790;881499;6114789;14,9663;55,0334;Hegnedevejen 26;0;49;1;57288;57288
37200504;400;1518;24; ;881493;6115081;881508;6115080;14,9728;55,0357;Hegnedevejen 24;0;50;1;57288;57288
37200504;400;1518;23; ;881419;6115404;881543;6115412;14,9721;55,0386;Hegnedevejen 23;0;51;1;57288;57288
37200504;400;1518;25; ;881839;6115451;881542;6115431;14,9787;55,0387;Hegnedevejen 25;0;52;1;57288;57288
37200504;400;1518;21; ;881500;6115827;881472;6115821;14,9739;55,0423;Hegnedevejen 21;0;53;1;57288;57288
37200504;400;1518;17; ;881529;6116012;881437;6115993;14,9746;55,044;Hegnedevejen 17;0;54;1;57288;57288
37200504;400;1518;15; ;881454;6116001;881436;6115997;14,9734;55,0439;Hegnedevejen 15;0;55;1;57288;57288
37200504;400;1518;13; ;881609;6116444;881370;6116425;14,9764;55,0478;Hegnedevejen 13;0;56;1;57288;57288
37200504;400;1518;18; ;881164;6116551;881361;6116536;14,9696;55,0491;Hegnedevejen 18;0;57;1;57288;57288
37200504;400;3924;1; ;881588;6116812;881610;6116765;14,9766;55,0511;SmÂlyngsvejen 1;0;58;1;57288;57288
37200504;400;1518;11; ;881473;6117034;881454;6117037;14,9751;55,0531;Hegnedevejen 11;0;59;1;57288;57288
37200504;400;1518;14; ;881135;6117275;881468;6117262;14,9701;55,0556;Hegnedevejen 14;0;60;1;57288;57288
37200504;400;1518;9; ;881625;6117346;881471;6117351;14,9779;55,0558;Hegnedevejen 9;0;61;1;57288;57288
37200504;400;1518;12; ;881328;6117779;881345;6117787;14,9738;55,0599;Hegnedevejen 12;0;62;1;57288;57288
37200504;400;1518;10; ;881239;6117768;881333;6117811;14,9724;55,0599;Hegnedevejen 10;0;63;1;57288;57288
37200504;400;1518;8; ;881134;6117846;881314;6117866;14,9709;55,0607;Hegnedevejen 8;0;64;1;57288;57288
37200504;400;1518;6; ;881297;6117913;881314;6117913;14,9735;55,0611;Hegnedevejen 6;0;65;1;57288;57288
37200504;400;1518;7; ;881709;6117939;881352;6117771;14,98;55,0611;Hegnedevejen 7;0;66;1;57288;57288
37200504;400;1518;4; ;881165;6118407;881257;6118412;14,9721;55,0657;Hegnedevejen 4;0;67;1;57288;57288
37200504;400;1518;3; ;881271;6118462;881256;6118461;14,9739;55,0661;Hegnedevejen 3;0;68;1;57288;57288
37200504;400;1518;1; ;881320;6118676;881256;6118677;14,9749;55,0679;Hegnedevejen 1;0;69;1;57288;57288
37200504;400;2862;23; ;881151;6118825;881151;6118784;14,9725;55,0694;Nex¯vej 23;0;70;1;57288;57288
37200504;400;2862;42; ;881038;6118746;881037;6118783;14,9706;55,0688;Nex¯vej 42;0;71;1;57288;57288
37200504;400;2862;19; ;880847;6118823;880847;6118782;14,9677;55,0696;Nex¯vej 19;0;72;1;57288;57288
37200504;400;2862;40; ;880830;6118706;880827;6118782;14,9673;55,0686;Nex¯vej 40;0;73;1;57288;57288
37200504;400;2862;26; ;880725;6118700;880749;6118695;14,9657;55,0686;Nex¯vej 26;0;74;1;57288;57288
37200504;400;2862;28; ;880660;6118491;880673;6118474;14,9644;55,0668;Nex¯vej 28;0;75;1;57288;57288
37200504;400;2862;30; ;880603;6118179;880607;6118194;14,9631;55,064;Nex¯vej 30;0;76;1;57288;57288
37200504;400;2862;32; ;880848;6117959;880790;6118034;14,9666;55,0619;Nex¯vej 32;0;77;1;57288;57288
37200504;400;2862;36; ;880747;6118570;880748;6118582;14,9658;55,0674;Nex¯vej 36;0;78;1;57288;57288
37200504;400;2862;38; ;880880;6118555;880729;6118580;14,9679;55,0672;Nex¯vej 38;0;79;1;57288;57288
37200504;400;2862;44; ;881717;6118837;881714;6118854;14,9813;55,0691;Nex¯vej 44;0;80;1;57288;57288
37200504;400;2862;48; ;881922;6118337;881876;6118374;14,9838;55,0645;Nex¯vej 48;0;81;1;57288;57288
37200504;400;2862;25; ;882033;6119303;882067;6119298;14,9868;55,073;Nex¯vej 25;0;82;1;57288;57288
37200504;400;2862;50; ;882302;6118736;882280;6118744;14,9903;55,0677;Nex¯vej 50;0;83;1;57288;57288
37200504;400;2862;29; ;882557;6119237;882550;6119261;14,9949;55,072;Nex¯vej 29;0;84;1;57288;57288
37200504;400;2862;54; ;882379;6118464;882355;6118478;14,9911;55,0652;Nex¯vej 54;0;85;1;57288;57288
37200504;400;2862;52; ;882163;6118491;882188;6118477;14,9878;55,0656;Nex¯vej 52;0;86;1;57288;57288
37200504;400;2862;31; ;882499;6118830;882496;6118809;14,9935;55,0684;Nex¯vej 31;0;87;1;57288;57288
37200504;400;2862;33; ;882518;6118830;882515;6118807;14,9938;55,0684;Nex¯vej 33;0;88;1;57288;57288
37200504;400;2862;35; ;882693;6119299;882706;6119262;14,9971;55,0725;Nex¯vej 35;0;89;1;57288;57288
37200504;400;2862;58; ;882558;6118705;882571;6118800;14,9942;55,0672;Nex¯vej 58;0;90;1;57288;57288
37200504;400;2862;60; ;882670;6118723;882681;6118779;14,996;55,0673;Nex¯vej 60;0;91;1;57288;57288
37200504;400;2862;62; ;882689;6118764;882691;6118777;14,9963;55,0677;Nex¯vej 62;0;92;1;57288;57288
37200504;400;2862;66; ;882735;6118740;882740;6118767;14,997;55,0674;Nex¯vej 66;0;93;1;57288;57288
37200504;400;2862;68; ;882759;6118751;882761;6118763;14,9974;55,0675;Nex¯vej 68;0;94;1;57288;57288
37200504;400;2862;39; ;882777;6118779;882773;6118760;14,9977;55,0677;Nex¯vej 39;0;95;1;57288;57288
37200504;400;2862;41; ;882981;6118825;882993;6118815;15,001;55,068;Nex¯vej 41;0;96;1;57288;57288
37200504;400;2862;45; ;883206;6118841;883215;6118834;15,0045;55,068;Nex¯vej 45;0;97;1;57288;57288
37200504;400;2862;55; ;883383;6118870;883345;6118892;15,0073;55,0681;Nex¯vej 55;0;98;1;57288;57288
37200504;400;2862;51; ;883645;6119167;883632;6119168;15,0118;55,0705;Nex¯vej 51;0;99;1;57288;57288
37200504;400;2862;76; ;883206;6118652;883209;6118668;15,0042;55,0663;Nex¯vej 76;0;100;1;57288;57288
37200504;400;2862;78; ;883512;6117952;883486;6118011;15,0081;55,0598;Nex¯vej 78;0;101;1;57288;57288
37200504;400;2862;59; ;883610;6118641;883604;6118602;15,0105;55,0659;Nex¯vej 59;0;102;1;57288;57288
37200504;400;2862;61; ;883730;6118593;883728;6118583;15,0123;55,0653;Nex¯vej 61;0;103;1;57288;57288
37200504;400;2862;74; ;883130;6118453;883057;6118445;15,0028;55,0646;Nex¯vej 74;0;104;1;57288;57288
37200504;400;2862;72; ;883064;6118225;883040;6118236;15,0015;55,0626;Nex¯vej 72;0;105;1;57288;57288
37200504;400;4938;37;B;883062;6117940;882633;6118163;15,001;55,06;ÿlenevej 37B;0;106;1;57288;57288
37200504;400;4938;35; ;882646;6118135;882624;6118146;14,9948;55,0621;ÿlenevej 35;0;107;1;57288;57288
37200504;400;4938;50; ;882306;6117913;882482;6117861;14,9892;55,0604;ÿlenevej 50;0;108;1;57288;57288
37200504;400;4938;52; ;882415;6117714;882440;6117705;14,9907;55,0585;ÿlenevej 52;0;109;1;57288;57288
37200504;400;4938;39; ;882518;6117664;882435;6117691;14,9922;55,058;ÿlenevej 39;0;110;1;57288;57288
37200504;400;4938;54; ;882189;6117431;882208;6117442;14,9868;55,0561;ÿlenevej 54;0;111;1;57288;57288
37200504;400;3924;15; ;882497;6116471;882483;6116414;14,9903;55,0473;SmÂlyngsvejen 15;0;112;1;57288;57288
37200504;400;3924;13; ;882360;6116522;882342;6116447;14,9882;55,0479;SmÂlyngsvejen 13;0;113;1;57288;57288
37200504;400;3924;12; ;882174;6116198;882263;6116207;14,9849;55,0451;SmÂlyngsvejen 12;0;114;1;57288;57288
37200504;400;3924;14; ;882218;6116153;882265;6116188;14,9855;55,0447;SmÂlyngsvejen 14;0;115;1;57288;57288
37200504;400;3924;11; ;882257;6116483;882253;6116468;14,9865;55,0476;SmÂlyngsvejen 11;0;116;1;57288;57288
37200504;400;3924;10; ;882164;6116478;882166;6116489;14,9851;55,0476;SmÂlyngsvejen 10;0;117;1;57288;57288
37200504;400;3924;7; ;882093;6116525;882076;6116518;14,9841;55,0481;SmÂlyngsvejen 7;0;118;1;57288;57288
37200504;400;3924;8; ;882028;6116244;881968;6116400;14,9827;55,0457;SmÂlyngsvejen 8;0;119;1;57288;57288
37200504;400;3924;4; ;881692;6116338;881844;6116372;14,9776;55,0468;SmÂlyngsvejen 4;0;120;1;57288;57288
37200505;400;135;1; ;879683;6117238;879634;6117144;14,9475;55,0563;Askel¯kkevejen 1;0;0;1;49411;49411
37200505;400;2190;9; ;879618;6117252;879581;6117257;14,9465;55,0565;KratgÂrdsvejen 9;0;1;1;49411;49411
37200505;400;135;2; ;879781;6117039;879792;6117061;14,9488;55,0545;Askel¯kkevejen 2;0;2;1;49411;49411
37200505;400;135;4; ;880106;6116851;880090;6116914;14,9536;55,0526;Askel¯kkevejen 4;0;3;1;49411;49411
37200505;400;135;5; ;880187;6116970;880191;6116942;14,955;55,0536;Askel¯kkevejen 5;0;4;1;49411;49411
37200505;400;135;7; ;880571;6116926;880562;6116896;14,9609;55,0529;Askel¯kkevejen 7;0;5;1;49411;49411
37200505;400;135;6; ;880578;6116720;880591;6116891;14,9607;55,051;Askel¯kkevejen 6;0;6;1;49411;49411
37200505;400;135;9; ;880784;6116990;880785;6116893;14,9643;55,0533;Askel¯kkevejen 9;0;7;1;49411;49411
37200505;400;135;8; ;880959;6116810;880956;6116817;14,9668;55,0515;Askel¯kkevejen 8;0;8;1;49411;49411
37200505;400;135;11; ;881041;6116985;881031;6116893;14,9683;55,053;Askel¯kkevejen 11;0;9;1;49411;49411
37200505;400;135;13; ;881197;6116935;881129;6116833;14,9706;55,0525;Askel¯kkevejen 13;0;10;1;49411;49411
37200505;400;2190;7; ;879613;6117443;879604;6117445;14,9467;55,0582;KratgÂrdsvejen 7;0;11;1;49411;49411
37200505;400;2190;8; ;879598;6117588;879659;6117557;14,9466;55,0595;KratgÂrdsvejen 8;0;12;1;49411;49411
37200505;400;540;6; ;879806;6117765;879809;6117780;14,9501;55,061;Bukkevejen 6;0;13;1;49411;49411
37200505;400;540;10; ;880255;6117308;880207;6117315;14,9565;55,0565;Bukkevejen 10;0;14;1;49411;49411
37200505;400;2190;5; ;879660;6117838;879653;6117841;14,9479;55,0617;KratgÂrdsvejen 5;0;15;1;49411;49411
37200505;400;2190;6; ;879792;6118191;879822;6118175;14,9505;55,0648;KratgÂrdsvejen 6;0;16;1;49411;49411
37200505;400;2190;3; ;880052;6118164;880013;6118178;14,9545;55,0643;KratgÂrdsvejen 3;0;17;1;49411;49411
37200505;400;2190;4; ;879986;6118532;879994;6118529;14,9539;55,0677;KratgÂrdsvejen 4;0;18;1;49411;49411
37200505;400;2190;2; ;880002;6118600;880012;6118597;14,9543;55,0683;KratgÂrdsvejen 2;0;19;1;49411;49411
37200505;400;540;4; ;879616;6117803;879621;6117825;14,9472;55,0614;Bukkevejen 4;0;20;1;49411;49411
37200505;400;540;7; ;879617;6117848;879612;6117827;14,9473;55,0618;Bukkevejen 7;0;21;1;49411;49411
37200505;400;540;2; ;879376;6117696;879398;6117725;14,9433;55,0607;Bukkevejen 2;0;22;1;49411;49411
37200505;400;540;5; ;879336;6118119;879363;6118068;14,9432;55,0645;Bukkevejen 5;0;23;1;49411;49411
37200505;400;540;3; ;879109;6117964;879103;6117945;14,9395;55,0633;Bukkevejen 3;0;24;1;49411;49411
37200505;400;540;1; ;879136;6118237;879108;6118224;14,9403;55,0657;Bukkevejen 1;0;25;1;49411;49411
37200505;400;2886;9; ;878998;6117796;878943;6117796;14,9376;55,0619;Nordre SmÂlyngsvej 9;0;26;1;49411;49411
37200505;400;2886;2; ;879123;6117762;878801;6117801;14,9395;55,0615;Nordre SmÂlyngsvej 2;0;27;1;49411;49411
37200505;400;2886;4; ;879173;6117731;878943;6117796;14,9402;55,0611;Nordre SmÂlyngsvej 4;0;28;1;49411;49411
37200505;400;2886;5; ;878819;6117879;878815;6117801;14,9349;55,0627;Nordre SmÂlyngsvej 5;0;29;1;49411;49411
37200505;400;2886;3; ;878683;6117816;878685;6117801;14,9327;55,0623;Nordre SmÂlyngsvej 3;0;30;1;49411;49411
37200505;400;2886;1; ;878586;6117797;878588;6117785;14,9311;55,0622;Nordre SmÂlyngsvej 1;0;31;1;49411;49411
37200505;400;300;4; ;878321;6117715;878295;6117748;14,9269;55,0616;BjÊlkestensvejen 4;0;32;1;49411;49411
37200505;400;300;2; ;878213;6117857;878221;6117876;14,9254;55,063;BjÊlkestensvejen 2;0;33;1;49411;49411
37200505;400;1407;15; ;878114;6117828;878104;6117832;14,9238;55,0628;Haregade 15;0;34;1;49411;49411
37200505;400;1407;25; ;877908;6117399;877886;6117422;14,9201;55,0591;Haregade 25;0;35;1;49411;49411
37200505;400;1407;16; ;877756;6117631;877799;6117624;14,918;55,0613;Haregade 16;0;36;1;49411;49411
37200505;400;1407;23; ;878125;6117758;878080;6117791;14,9239;55,0622;Haregade 23;0;37;1;49411;49411
37200505;400;1407;17; ;878143;6117789;878135;6117778;14,9242;55,0624;Haregade 17;0;38;1;49411;49411
37200505;400;3567;4; ;878282;6117626;878285;6117645;14,9262;55,0609;Sdr, Byskovvej 4;0;39;1;49411;49411
37200505;400;3567;2; ;878129;6117644;878138;6117659;14,9238;55,0612;Sdr, Byskovvej 2;0;40;1;49411;49411
37200505;400;1239;2; ;878588;6117560;878611;6117565;14,9309;55,0601;GrammegÂrdsvej 2;0;41;1;49411;49411
37200505;400;4419;2; ;878774;6117458;878777;6117479;14,9336;55,059;S¯ndre SmÂlyngsvej 2;0;42;1;49411;49411
37200505;400;4419;4; ;878851;6117447;878850;6117472;14,9348;55,0588;S¯ndre SmÂlyngsvej 4;0;43;1;49411;49411
37200505;400;4419;3; ;879040;6117487;879040;6117475;14,9378;55,0591;S¯ndre SmÂlyngsvej 3;0;44;1;49411;49411
37200505;400;4419;5; ;879108;6117490;879091;6117472;14,9389;55,059;S¯ndre SmÂlyngsvej 5;0;45;1;49411;49411
37200505;400;4419;6; ;879094;6117326;879082;6117344;14,9384;55,0576;S¯ndre SmÂlyngsvej 6;0;46;1;49411;49411
37200505;400;1239;1; ;878709;6117367;878660;6117355;14,9325;55,0582;GrammegÂrdsvej 1;0;47;1;49411;49411
37200505;400;1239;4; ;878340;6117114;878372;6117105;14,9264;55,0563;GrammegÂrdsvej 4;0;48;1;49411;49411
37200505;400;1239;6; ;878686;6116713;878694;6116738;14,9313;55,0524;GrammegÂrdsvej 6;0;49;1;49411;49411
37200505;400;1239;8; ;878713;6116568;878719;6116550;14,9315;55,0511;GrammegÂrdsvej 8;0;50;1;49411;49411
37200505;400;1239;3; ;879085;6116546;879002;6116465;14,9373;55,0506;GrammegÂrdsvej 3;0;51;1;49411;49411
37200505;400;693;2; ;878670;6116317;878696;6116326;14,9305;55,0489;DalegÂrdsvej 2;0;52;1;49411;49411
37200505;400;693;1; ;878912;6116339;878901;6116336;14,9343;55,0489;DalegÂrdsvej 1;0;53;1;49411;49411
37200505;400;693;3; ;878983;6116296;878975;6116274;14,9353;55,0485;DalegÂrdsvej 3;0;54;1;49411;49411
37200505;400;693;5; ;879014;6116248;878907;6116269;14,9358;55,048;DalegÂrdsvej 5;0;55;1;49411;49411
37200505;400;693;6; ;878615;6115231;878668;6115252;14,9282;55,0392;DalegÂrdsvej 6;0;56;1;49411;49411
37200505;400;693;8; ;878480;6115194;878492;6115201;14,9261;55,039;DalegÂrdsvej 8;0;57;1;49411;49411
37200505;400;693;10; ;878602;6115160;878671;6115249;14,9279;55,0386;DalegÂrdsvej 10;0;58;1;49411;49411
37200505;400;693;12; ;878518;6114942;878700;6114866;14,9263;55,0367;DalegÂrdsvej 12;0;59;1;49411;49411
37200505;400;693;14; ;878717;6115223;878720;6115229;14,9298;55,0391;DalegÂrdsvej 14;0;60;1;49411;49411
37200505;400;693;16; ;878734;6114964;878741;6114960;14,9297;55,0367;DalegÂrdsvej 16;0;61;1;49411;49411
37200505;400;693;18; ;878685;6114848;878691;6114845;14,9288;55,0357;DalegÂrdsvej 18;0;62;1;49411;49411
37200505;400;693;15; ;878618;6114624;878603;6114629;14,9274;55,0338;DalegÂrdsvej 15;0;63;1;49411;49411
37200505;400;693;11; ;879195;6114953;879156;6114961;14,9369;55,0363;DalegÂrdsvej 11;0;64;1;49411;49411
37200505;400;1239;5; ;879156;6116430;879094;6116370;14,9382;55,0495;GrammegÂrdsvej 5;0;65;1;49411;49411
37200505;400;1239;7; ;879359;6116200;879308;6116150;14,9411;55,0473;GrammegÂrdsvej 7;0;66;1;49411;49411
37200505;400;1239;10; ;879296;6115936;879260;6115963;14,9397;55,045;GrammegÂrdsvej 10;0;67;1;49411;49411
37200505;400;1239;12; ;879481;6115683;879500;6115688;14,9423;55,0426;GrammegÂrdsvej 12;0;68;1;49411;49411
37200505;400;1239;16; ;879699;6115549;879799;6115646;14,9455;55,0412;GrammegÂrdsvej 16;0;69;1;49411;49411
37200505;400;1239;14; ;879676;6115557;879784;6115662;14,9451;55,0413;GrammegÂrdsvej 14;0;70;1;49411;49411
37200505;400;1239;18; ;880056;6115306;880095;6115345;14,9507;55,0388;GrammegÂrdsvej 18;0;71;1;49411;49411
37200505;400;1239;9; ;880215;6115337;880159;6115281;14,9532;55,0389;GrammegÂrdsvej 9;0;72;1;49411;49411
37200505;400;4587;4; ;880602;6114877;880614;6114876;14,9587;55,0345;Trassevejen 4;0;73;1;49411;49411
37200505;400;4587;1; ;880876;6115777;880837;6115774;14,9641;55,0424;Trassevejen 1;0;74;1;49411;49411
37200505;400;3417;13; ;880933;6116452;880890;6116360;14,9659;55,0484;Rundl¯kkevejen 13;0;75;1;49411;49411
37200505;400;3417;11; ;880751;6116418;880755;6116383;14,963;55,0482;Rundl¯kkevejen 11;0;76;1;49411;49411
37200505;400;3417;20; ;880552;6116339;880549;6116360;14,9598;55,0476;Rundl¯kkevejen 20;0;77;1;49411;49411
37200505;400;3417;18; ;880379;6116323;880392;6116348;14,9571;55,0476;Rundl¯kkevejen 18;0;78;1;49411;49411
37200505;400;3417;16; ;880130;6116479;880131;6116488;14,9534;55,0492;Rundl¯kkevejen 16;0;79;1;49411;49411
37200505;400;3417;7; ;880015;6116617;880007;6116614;14,9518;55,0505;Rundl¯kkevejen 7;0;80;1;49411;49411
37200505;400;3417;14; ;879913;6116485;879913;6116517;14,9501;55,0494;Rundl¯kkevejen 14;0;81;1;49411;49411
37200505;400;3417;5; ;879815;6116718;879808;6116520;14,9488;55,0516;Rundl¯kkevejen 5;0;82;1;49411;49411
37200505;400;3417;12; ;879846;6116249;879850;6116518;14,9487;55,0474;Rundl¯kkevejen 12;0;83;1;49411;49411
37200505;400;3417;10; ;879498;6116624;879553;6116666;14,9438;55,051;Rundl¯kkevejen 10;0;84;1;49411;49411
37200505;400;3417;8; ;879450;6116760;879456;6116769;14,9432;55,0522;Rundl¯kkevejen 8;0;85;1;49411;49411
37200505;400;3417;3; ;879438;6116807;879426;6116791;14,9431;55,0527;Rundl¯kkevejen 3;0;86;1;49411;49411
37200505;400;3417;4; ;879268;6116859;879291;6116890;14,9405;55,0533;Rundl¯kkevejen 4;0;87;1;49411;49411
37200505;400;2190;11; ;879488;6117046;879466;6117077;14,9442;55,0548;KratgÂrdsvejen 11;0;88;1;49411;49411
37200505;400;2190;10; ;879289;6117301;879292;6117255;14,9414;55,0572;KratgÂrdsvejen 10;0;89;1;49411;49411
37200505;400;3417;1; ;878895;6117236;878892;6116996;14,9352;55,0569;Rundl¯kkevejen 1;0;90;1;49411;49411
37200505;400;354;3; ;878334;6116826;878328;6116837;14,9259;55,0537;Bodernevej 3;0;91;1;49411;49411
37200505;400;354;5; ;878104;6116666;878079;6116717;14,9221;55,0524;Bodernevej 5;0;92;1;49411;49411
37200505;400;354;2; ;877982;6116670;877991;6116663;14,9202;55,0526;Bodernevej 2;0;93;1;49411;49411
37200505;400;354;4; ;877821;6116272;877834;6116272;14,9172;55,0491;Bodernevej 4;0;94;1;49411;49411
37200505;400;354;14; ;877798;6116146;877835;6116128;14,9167;55,048;Bodernevej 14;0;95;1;49411;49411
37200505;400;354;16; ;877826;6115984;877836;6115984;14,9169;55,0465;Bodernevej 16;0;96;1;49411;49411
37200505;400;942;2; ;877902;6115853;877910;6115885;14,9179;55,0453;Engtoftvej 2;0;97;1;49411;49411
37200505;400;942;1; ;878141;6115896;878122;6115826;14,9217;55,0455;Engtoftvej 1;0;98;1;49411;49411
37200505;400;942;3; ;878223;6115729;878203;6115713;14,9228;55,044;Engtoftvej 3;0;99;1;49411;49411
37200505;400;942;4; ;878167;6115568;878169;6115581;14,9217;55,0426;Engtoftvej 4;0;100;1;49411;49411
37200505;400;354;7; ;877949;6115704;877838;6115703;14,9184;55,0439;Bodernevej 7;0;101;1;49411;49411
37200505;400;354;11; ;878101;6115615;877840;6115610;14,9207;55,043;Bodernevej 11;0;102;1;49411;49411
37200505;400;354;22; ;877820;6115593;877840;6115593;14,9163;55,0431;Bodernevej 22;0;103;1;49411;49411
37200505;400;354;24; ;877824;6115056;877841;6115056;14,9157;55,0383;Bodernevej 24;0;104;1;49411;49411
37200505;400;354;26; ;877830;6114732;877843;6114732;14,9153;55,0354;Bodernevej 26;0;105;1;49411;49411
37200505;400;354;30; ;877182;6114061;877207;6114065;14,9043;55,0298;Bodernevej 30;0;106;1;49411;49411
37200505;400;354;32; ;877374;6113803;877408;6113815;14,907;55,0274;Bodernevej 32;0;107;1;49411;49411
37200505;400;351;2; ;877377;6113400;877387;6113401;14,9065;55,0238;Boderne 2;0;108;1;49411;49411
37200505;400;351;8; ;877459;6113412;877461;6113403;14,9078;55,0238;Boderne 8;0;109;1;49411;49411
37200505;400;351;13; ;877459;6113497;877473;6113466;14,9079;55,0246;Boderne 13;0;110;1;49411;49411
37200505;400;351;47; ;877683;6113370;877723;6113394;14,9112;55,0233;Boderne 47;0;111;1;49411;49411
37200505;400;351;94; ;877939;6113499;877919;6113512;14,9154;55,0242;Boderne 94;0;112;1;49411;49411
37200505;400;351;101; ;878105;6113570;878101;6113588;14,9181;55,0248;Boderne 101;0;113;1;49411;49411
37200505;400;351;83; ;878029;6113401;878018;6113408;14,9167;55,0233;Boderne 83;0;114;1;49411;49411
37200506;400;558;10; ;878943;6120096;878932;6120103;14,9398;55,0824;Bygaden 10;0;0;1;52222;52446
37200506;400;558;12; ;879192;6120168;879173;6120183;14,9437;55,0829;Bygaden 12;0;1;1;52222;52446
37200506;400;558;14; ;879231;6120373;879132;6120427;14,9446;55,0847;Bygaden 14;0;2;1;52222;52446
37200506;400;3588;6; ;878989;6120454;879027;6120487;14,941;55,0856;Sigtebrovejen 6;0;3;1;52222;52446
37200506;400;3588;7; ;878662;6120920;878584;6120672;14,9365;55,09;Sigtebrovejen 7;0;4;1;52222;52446
37200506;400;3588;5; ;878573;6121029;878466;6120712;14,9352;55,0911;Sigtebrovejen 5;0;5;1;52222;52446
37200506;400;3588;3; ;878494;6120995;878402;6120733;14,934;55,0908;Sigtebrovejen 3;0;6;1;52222;52446
37200506;400;3588;4;A;878622;6120580;878617;6120661;14,9354;55,087;Sigtebrovejen 4A;0;7;1;52222;52446
37200506;400;3588;4;B;878540;6120463;878607;6120664;14,934;55,086;Sigtebrovejen 4B;0;8;1;52222;52446
37200506;400;558;20; ;879710;6120479;879656;6120508;14,9522;55,0853;Bygaden 20;0;9;1;52222;52446
37200506;400;558;8; ;878902;6120027;878888;6120034;14,939;55,0819;Bygaden 8;0;10;1;52222;52446
37200506;400;558;9; ;878653;6119607;878662;6119601;14,9346;55,0783;Bygaden 9;0;11;1;52222;52446
37200506;400;558;7; ;878521;6119461;878537;6119446;14,9323;55,0771;Bygaden 7;0;12;1;52222;52446
37200506;400;1212;2; ;878408;6119339;878417;6119329;14,9304;55,0761;Gl, Bygadevej 2;0;13;1;52222;52446
37200506;400;558;5; ;878354;6119130;878398;6119115;14,9293;55,0743;Bygaden 5;0;14;1;52222;52446
37200506;400;1212;4; ;878240;6119159;878267;6119137;14,9276;55,0746;Gl, Bygadevej 4;0;15;1;52222;52446
37200506;400;558;3; ;878308;6118872;878321;6118868;14,9282;55,072;Bygaden 3;0;16;1;52222;52446
37200506;400;2862;1; ;878668;6118891;878682;6118885;14,9339;55,0719;Nex¯vej 1;0;17;1;52222;52446
37200506;400;3843;2; ;878681;6118983;878675;6118989;14,9342;55,0727;Slumpevejen 2;0;18;1;52222;52446
37200506;400;3843;4; ;878725;6119134;878694;6119103;14,9351;55,074;Slumpevejen 4;0;19;1;52222;52446
37200506;400;2862;4; ;878563;6118792;878565;6118806;14,9321;55,0711;Nex¯vej 4;0;20;1;52222;52446
37200506;400;2862;8; ;878727;6118752;878731;6118774;14,9346;55,0706;Nex¯vej 8;0;21;1;52222;52446
37200506;400;2862;3; ;878739;6118801;878733;6118774;14,9349;55,071;Nex¯vej 3;0;22;1;52222;52446
37200506;400;2862;5; ;879015;6119038;878982;6119020;14,9395;55,0729;Nex¯vej 5;0;23;1;52222;52446
37200506;400;2862;12; ;879029;6118711;879028;6118759;14,9393;55,07;Nex¯vej 12;0;24;1;52222;52446
37200506;400;2862;7; ;879124;6118826;879124;6118760;14,9409;55,071;Nex¯vej 7;0;25;1;52222;52446
37200506;400;2862;14; ;879321;6118731;879322;6118760;14,9438;55,07;Nex¯vej 14;0;26;1;52222;52446
37200506;400;2361;2; ;879375;6118847;879363;6118846;14,9448;55,071;Lille MyregÂrdsvejen 2;0;27;1;52222;52446
37200506;400;2361;1; ;879341;6119098;879364;6119097;14,9446;55,0732;Lille MyregÂrdsvejen 1;0;28;1;52222;52446
37200506;400;2361;3; ;879315;6119336;879327;6119334;14,9445;55,0754;Lille MyregÂrdsvejen 3;0;29;1;52222;52446
37200506;400;2361;5; ;879163;6119419;879234;6119400;14,9423;55,0762;Lille MyregÂrdsvejen 5;0;30;1;52222;52446
37200506;400;2361;7; ;879546;6119838;879854;6119631;14,9488;55,0797;Lille MyregÂrdsvejen 7;0;31;1;52222;52446
37200506;400;2361;9; ;879965;6119743;879932;6119747;14,9552;55,0785;Lille MyregÂrdsvejen 9;0;32;1;52222;52446
37200506;400;2361;6; ;880237;6119806;880218;6119807;14,9595;55,0789;Lille MyregÂrdsvejen 6;0;33;1;52222;52446
37200506;400;2361;11; ;880222;6120106;880253;6120101;14,9597;55,0816;Lille MyregÂrdsvejen 11;0;34;1;52222;52446
37200506;400;2361;15; ;880308;6120329;880321;6120322;14,9613;55,0835;Lille MyregÂrdsvejen 15;0;35;1;52222;52446
37200506;400;2361;8; ;880760;6121538;880752;6121540;14,97;55,0939;Lille MyregÂrdsvejen 8;0;36;1;52222;52446
37200506;400;2361;21; ;880778;6121686;880804;6121676;14,9705;55,0953;Lille MyregÂrdsvejen 21;0;37;1;52222;52446
37200506;400;2361;23; ;880871;6122040;880929;6122018;14,9724;55,0984;Lille MyregÂrdsvejen 23;0;38;1;52222;52446
37200506;400;2361;25; ;881020;6122921;881231;6122843;14,9759;55,1061;Lille MyregÂrdsvejen 25;0;39;1;52222;52446
37200506;400;2361;29; ;881146;6123087;881242;6122872;14,9781;55,1075;Lille MyregÂrdsvejen 29;0;40;1;52222;52446
37200506;400;4632;1; ;880464;6120194;880458;6120153;14,9636;55,0822;Udmarksvejen 1;0;41;1;52222;52446
37200506;400;4632;5; ;880698;6120136;880657;6120151;14,9672;55,0815;Udmarksvejen 5;0;42;1;52222;52446
37200506;400;4632;3; ;880645;6120274;880656;6120273;14,9665;55,0827;Udmarksvejen 3;0;43;1;52222;52446
37200506;400;4632;4; ;880608;6119997;880636;6120003;14,9656;55,0803;Udmarksvejen 4;0;44;1;52222;52446
37200506;400;4632;6; ;880711;6119911;880704;6120003;14,9671;55,0794;Udmarksvejen 6;0;45;1;52222;52446
37200506;400;4632;7; ;880799;6120029;880800;6120010;14,9686;55,0804;Udmarksvejen 7;0;46;1;52222;52446
37200506;400;4632;9; ;880841;6120089;880855;6120084;14,9693;55,0809;Udmarksvejen 9;0;47;1;52222;52446
37200506;400;3324;2; ;881088;6119990;881014;6120017;14,973;55,0799;RavnsgÂrdsvejen 2;0;48;1;52222;52446
37200506;400;1662;4; ;881925;6119991;881966;6120253;14,9861;55,0792;H¯jlyngsvejen 4;0;49;1;52222;52446
37200506;400;1662;12; ;882328;6119849;882425;6120065;14,9922;55,0777;H¯jlyngsvejen 12;0;50;1;52222;52446
37200506;400;1662;6; ;881982;6119806;882008;6119790;14,9867;55,0775;H¯jlyngsvejen 6;0;51;1;52222;52446
37200506;400;1662;1; ;882621;6120085;882582;6119995;14,997;55,0795;H¯jlyngsvejen 1;0;52;1;52222;52446
37200506;400;4938;31; ;883600;6120270;883161;6120180;15,0125;55,0804;ÿlenevej 31;0;53;1;52222;52446
37200506;400;4938;33; ;883097;6119320;883012;6119333;15,0034;55,0723;ÿlenevej 33;0;54;1;52222;52446
37200506;400;4938;42; ;882781;6119217;882989;6119185;14,9984;55,0717;ÿlenevej 42;0;55;1;52222;52446
37200506;400;3585;3; ;881379;6119907;881417;6119905;14,9775;55,0789;SiegÂrdsvejen 3;0;56;1;52222;52446
37200506;400;3585;6; ;881442;6119891;881417;6119891;14,9784;55,0787;SiegÂrdsvejen 6;0;57;1;52222;52446
37200506;400;3585;4; ;881451;6119594;881407;6119594;14,9782;55,076;SiegÂrdsvejen 4;0;58;1;52222;52446
37200506;400;3585;2; ;881466;6118845;881453;6118844;14,9774;55,0693;SiegÂrdsvejen 2;0;59;1;52222;52446
37200506;400;3324;3; ;880950;6119355;880968;6119353;14,97;55,0743;RavnsgÂrdsvejen 3;0;60;1;52222;52446
37200506;400;2862;17; ;880450;6119105;880446;6119033;14,9619;55,0724;Nex¯vej 17;0;61;1;52222;52446
37200506;400;2862;15; ;879935;6118760;879934;6118745;14,9534;55,0697;Nex¯vej 15;0;62;1;52222;52446
37200506;400;2862;24; ;879857;6118700;879846;6118747;14,9521;55,0693;Nex¯vej 24;0;63;1;52222;52446
37200506;400;2862;20; ;879774;6118711;879774;6118748;14,9509;55,0694;Nex¯vej 20;0;64;1;52222;52446
37200506;400;2862;22; ;879769;6118553;879773;6118748;14,9506;55,068;Nex¯vej 22;0;65;1;52222;52446
37200506;400;2862;13; ;879728;6118767;879727;6118749;14,9502;55,07;Nex¯vej 13;0;66;1;52222;52446
37200506;400;2862;11; ;879679;6118773;879678;6118750;14,9495;55,0701;Nex¯vej 11;0;67;1;52222;52446
37200506;400;2862;18; ;879649;6118624;879627;6118630;14,9488;55,0688;Nex¯vej 18;0;68;1;52222;52446
37200506;400;2862;9; ;879568;6118772;879567;6118753;14,9477;55,0701;Nex¯vej 9;0;69;1;52222;52446
37200506;400;2862;16; ;879480;6118732;879480;6118754;14,9463;55,0698;Nex¯vej 16;0;70;1;52222;52446
37200506;400;2490;4; ;877907;6119138;877884;6119138;14,9224;55,0747;Lykkesvej 4;0;71;1;52222;52446
37200506;400;2490;3; ;877874;6119145;877883;6119147;14,9218;55,0748;Lykkesvej 3;0;72;1;52222;52446
37200506;400;2490;5; ;877872;6119156;877882;6119157;14,9218;55,0749;Lykkesvej 5;0;73;1;52222;52446
37200506;400;2490;8; ;877893;6119170;877880;6119168;14,9222;55,075;Lykkesvej 8;0;74;1;52222;52446
37200506;400;2490;10; ;877895;6119194;877879;6119194;14,9222;55,0752;Lykkesvej 10;0;75;1;52222;52446
37200506;400;2490;9; ;877858;6119232;877880;6119230;14,9217;55,0756;Lykkesvej 9;0;76;1;52222;52446
37200506;400;2490;20; ;877898;6119258;877880;6119254;14,9224;55,0758;Lykkesvej 20;0;77;1;52222;52446
37200506;400;2490;11;A;877867;6119264;877878;6119266;14,9219;55,0758;Lykkesvej 11A;0;78;1;52222;52446
37200506;400;2490;11;B;877842;6119337;877863;6119338;14,9216;55,0765;Lykkesvej 11B;1;79;1;52222;52446
37200506;400;2490;15; ;877752;6119458;877860;6119427;14,9204;55,0777;Lykkesvej 15;0;80;1;52222;52446
37200506;400;2490;17; ;877849;6119448;877865;6119442;14,9219;55,0775;Lykkesvej 17;0;81;1;52222;52446
37200506;400;2490;19; ;877875;6119733;877900;6119711;14,9226;55,08;Lykkesvej 19;0;82;1;52222;52446
37200506;400;2490;21; ;878005;6119844;878061;6119832;14,9248;55,0809;Lykkesvej 21;0;83;1;52222;52446
37200506;400;3588;2; ;878258;6120381;878257;6120429;14,9295;55,0855;Sigtebrovejen 2;0;84;1;52222;52446
37200506;400;2490;7; ;877704;6119155;877879;6119187;14,9192;55,075;Lykkesvej 7;1;85;1;52222;52446
37200506;400;1131;1; ;877522;6119919;877529;6119915;14,9174;55,0819;FÂrebyvejen 1;0;86;1;52222;52446
37200506;400;1131;3; ;877692;6120220;877700;6120213;14,9204;55,0845;FÂrebyvejen 3;0;87;1;52222;52446
37200506;400;1131;5; ;877739;6120290;877745;6120286;14,9213;55,0851;FÂrebyvejen 5;0;88;1;52222;52446
37200506;400;1131;2; ;877880;6120395;877864;6120410;14,9236;55,0859;FÂrebyvejen 2;0;89;1;52222;52446
37200506;400;1131;6; ;877864;6120698;877864;6120691;14,9237;55,0886;FÂrebyvejen 6;0;90;1;52222;52446
37200506;400;1131;4; ;878006;6120670;877980;6120672;14,9259;55,0883;FÂrebyvejen 4;0;91;1;52222;52446
37200506;400;1131;9; ;877877;6120875;877908;6120864;14,9242;55,0902;FÂrebyvejen 9;0;92;1;52222;52446
37200506;400;3588;1; ;877500;6121014;877493;6120990;14,9185;55,0918;Sigtebrovejen 1;0;93;1;52222;52446
37200506;400;1131;11; ;877881;6121124;877889;6121133;14,9246;55,0924;FÂrebyvejen 11;0;94;1;52222;52446
37200506;400;1131;10; ;878338;6121041;878285;6121092;14,9316;55,0914;FÂrebyvejen 10;0;95;1;52222;52446
37200506;400;1131;12; ;878326;6121207;878105;6121467;14,9316;55,0929;FÂrebyvejen 12;0;96;1;52222;52446
37200506;400;1131;16; ;878119;6121482;878102;6121471;14,9288;55,0955;FÂrebyvejen 16;0;97;1;52222;52446
37200506;400;558;29;B;878938;6121798;878910;6121654;14,9419;55,0977;Bygaden 29B;0;98;1;52222;52446
37200506;400;558;29;A;879022;6121611;879025;6121623;14,943;55,0959;Bygaden 29A;0;99;1;52222;52446
37200506;400;558;27; ;879055;6121602;879058;6121614;14,9435;55,0958;Bygaden 27;0;100;1;52222;52446
37200506;400;558;23; ;879131;6121564;879138;6121592;14,9447;55,0954;Bygaden 23;0;101;1;52222;52446
37200506;400;558;25; ;879143;6121530;879158;6121586;14,9448;55,0951;Bygaden 25;1;102;1;52222;52446
37200506;400;558;21; ;879162;6121643;879204;6121629;14,9452;55,0961;Bygaden 21;0;103;1;52222;52446
37200506;400;558;31; ;879458;6121719;879431;6121659;14,9499;55,0966;Bygaden 31;0;104;1;52222;52446
37200507;400;144;27;A;884489;6111296;884494;6111257;15,0143;54,9995;AspesgÂrdsskoven 27A;0;0;1;49541;47176
37200507;400;4224;14; ;883893;6111469;883885;6111509;15,0053;55,0016;Strandvejen 14;0;1;1;49541;47176
37200507;400;3525;10; ;883856;6111707;884196;6111710;15,005;55,0037;Sandvejen 10;0;2;1;49541;47176
37200507;400;4224;12; ;883844;6111459;883836;6111500;15,0045;55,0015;Strandvejen 12;0;3;1;49541;47176
37200507;400;3525;7; ;884421;6111930;884193;6111935;15,0141;55,0053;Sandvejen 7;0;4;1;49541;47176
37200507;400;3525;8; ;884153;6112209;884189;6112210;15,0103;55,008;Sandvejen 8;0;5;1;49541;47176
37200507;400;3525;6; ;884158;6112402;884185;6112402;15,0107;55,0097;Sandvejen 6;0;6;1;49541;47176
37200507;400;3525;4; ;884085;6112692;884104;6112696;15,0099;55,0123;Sandvejen 4;0;7;1;49541;47176
37200507;400;3525;3; ;884105;6112779;884085;6112774;15,0103;55,0131;Sandvejen 3;0;8;1;49541;47176
37200507;400;3525;1; ;884259;6113121;884020;6113063;15,0132;55,016;Sandvejen 1;0;9;1;49541;47176
37200507;400;4404;77; ;884074;6113587;884085;6113549;15,011;55,0203;S¯ndre Landevej 77;0;10;1;49541;47176
37200507;400;4404;75; ;883646;6113596;883628;6113551;15,0043;55,0208;S¯ndre Landevej 75;0;11;1;49541;47176
37200507;400;4404;222; ;883194;6113807;883225;6113834;14,9976;55,023;S¯ndre Landevej 222;0;12;1;49541;47176
37200507;400;4404;73; ;883797;6113906;883803;6113975;15,0071;55,0234;S¯ndre Landevej 73;0;13;1;49541;47176
37200507;400;4404;71; ;883034;6114218;882974;6114059;14,9956;55,0268;S¯ndre Landevej 71;0;14;1;49541;47176
37200507;400;4404;220; ;882474;6114061;882470;6114091;14,9867;55,0258;S¯ndre Landevej 220;0;15;1;49541;47176
37200507;400;4404;218; ;882404;6114063;882401;6114084;14,9856;55,0259;S¯ndre Landevej 218;0;16;1;49541;47176
37200507;400;4404;65; ;882375;6114100;882376;6114081;14,9852;55,0262;S¯ndre Landevej 65;0;17;1;49541;47176
37200507;400;4995;5; ;883030;6113529;882951;6113528;14,9946;55,0206;ÿstre S¯marksvej 5;0;18;1;49541;47176
37200507;400;4995;7; ;883066;6113217;883059;6113157;14,9948;55,0178;ÿstre S¯marksvej 7;0;19;1;49541;47176
37200507;400;4995;9; ;883217;6113012;883190;6113017;14,9968;55,0159;ÿstre S¯marksvej 9;0;20;1;49541;47176
37200507;400;4995;11; ;882918;6112817;882892;6112819;14,9919;55,0144;ÿstre S¯marksvej 11;0;21;1;49541;47176
37200507;400;4995;13; ;882984;6112342;882961;6112337;14,9923;55,0101;ÿstre S¯marksvej 13;0;22;1;49541;47176
37200507;400;4224;1; ;882544;6112520;882531;6112427;14,9857;55,012;Strandvejen 1;0;23;1;49541;47176
37200507;400;4224;8; ;882843;6112136;882852;6112165;14,9899;55,0083;Strandvejen 8;0;24;1;49541;47176
37200507;400;4224;3; ;883046;6112279;883037;6112247;14,9932;55,0094;Strandvejen 3;0;25;1;49541;47176
37200507;400;4224;5; ;883174;6112220;883162;6112194;14,9951;55,0088;Strandvejen 5;0;26;1;49541;47176
37200507;400;4224;7; ;883305;6112178;883310;6112158;14,9971;55,0083;Strandvejen 7;0;27;1;49541;47176
37200507;400;4224;9; ;883386;6112195;883354;6112170;14,9984;55,0084;Strandvejen 9;0;28;1;49541;47176
37200507;400;4995;15; ;883103;6111808;883057;6111808;14,9935;55,0052;ÿstre S¯marksvej 15;0;29;1;49541;47176
37200507;400;363;12; ;882972;6111693;882994;6111698;14,9913;55,0043;Boesvej 12;0;30;1;49541;47176
37200507;400;4995;12; ;883025;6111685;883047;6111682;14,9921;55,0041;ÿstre S¯marksvej 12;0;31;1;49541;47176
37200507;400;4995;23; ;883024;6111409;883010;6111412;14,9917;55,0017;ÿstre S¯marksvej 23;0;32;1;49541;47176
37200507;400;4995;24; ;882988;6111409;883008;6111403;14,9911;55,0017;ÿstre S¯marksvej 24;0;33;1;49541;47176
37200507;400;4431;6; ;883005;6111318;883008;6111340;14,9913;55,0009;S¯vangsvej 6;0;34;1;49541;47176
37200507;400;4431;3; ;883031;6111355;883031;6111342;14,9917;55,0012;S¯vangsvej 3;0;35;1;49541;47176
37200507;400;4431;10; ;883063;6111332;883062;6111343;14,9922;55,001;S¯vangsvej 10;0;36;1;49541;47176
37200507;400;4431;12; ;883094;6111338;883093;6111345;14,9927;55,001;S¯vangsvej 12;0;37;1;49541;47176
37200507;400;4995;25; ;882987;6111359;882979;6111365;14,9911;55,0013;ÿstre S¯marksvej 25;0;38;1;49541;47176
37200507;400;4431;4; ;882972;6111320;883002;6111344;14,9908;55,0009;S¯vangsvej 4;0;39;1;49541;47176
37200507;400;4995;29; ;882938;6111298;882929;6111305;14,9902;55,0008;ÿstre S¯marksvej 29;0;40;1;49541;47176
37200507;400;4593;4; ;882965;6111397;882961;6111379;14,9908;55,0016;Trommerebakken 4;0;41;1;49541;47176
37200507;400;4995;26; ;882934;6111365;882959;6111342;14,9902;55,0014;ÿstre S¯marksvej 26;0;42;1;49541;47176
37200507;400;4593;6; ;882921;6111391;882921;6111379;14,9901;55,0016;Trommerebakken 6;0;43;1;49541;47176
37200507;400;4593;3; ;882897;6111337;882893;6111377;14,9896;55,0011;Trommerebakken 3;0;44;1;49541;47176
37200507;400;4920;3; ;882674;6111637;882643;6111638;14,9866;55,004;∆djavejen 3;0;45;1;49541;47176
37200507;400;828;3; ;882703;6111732;882703;6111652;14,9871;55,0048;EdvardsgÊnge 3;0;46;1;49541;47176
37200507;400;4920;2; ;882607;6111881;882657;6111877;14,9858;55,0062;∆djavejen 2;0;47;1;49541;47176
37200507;400;4224;6; ;882530;6112301;882553;6112424;14,9852;55,01;Strandvejen 6;0;48;1;49541;47176
37200507;400;3237;8; ;882251;6111654;882254;6111678;14,98;55,0045;PoserevÊnget 8;0;49;1;49541;47176
37200507;400;387;2; ;882050;6112124;882046;6112102;14,9775;55,0088;Bonaveddevejen 2;0;50;1;49541;47176
37200507;400;387;9; ;881961;6112087;881966;6112117;14,9761;55,0086;Bonaveddevejen 9;0;51;1;49541;47176
37200507;400;2502;43; ;881735;6112033;881769;6112031;14,9725;55,0082;Lyngvejen 43;0;52;1;49541;47176
37200507;400;219;18; ;881549;6111605;881562;6111611;14,969;55,0046;Baunevej 18;1;53;1;49541;47176
37200507;400;4779;8; ;881178;6112592;881205;6112597;14,9646;55,0137;Vestre S¯marksvej 8;0;54;1;49541;47176
37200507;400;4779;4; ;881342;6112723;881357;6112710;14,9673;55,0147;Vestre S¯marksvej 4;0;55;1;49541;47176
37200507;400;4779;6; ;881200;6112909;881230;6112900;14,9653;55,0165;Vestre S¯marksvej 6;0;56;1;49541;47176
37200507;400;4779;5; ;880926;6112575;880929;6112588;14,9606;55,0137;Vestre S¯marksvej 5;0;57;1;49541;47176
37200507;400;3618;13; ;880923;6111946;880899;6111951;14,9597;55,0081;Sj¯stauan 13;0;58;1;49541;47176
37200507;400;4221;36; ;881012;6112420;880977;6112388;14,9618;55,0123;Strandvangen 36;0;59;1;49541;47176
37200507;400;4221;1; ;881113;6112174;881130;6112271;14,963;55,01;Strandvangen 1;0;60;1;49541;47176
37200507;400;1188;6; ;881231;6112357;881238;6112359;14,9651;55,0115;Gedebakkevej 6;0;61;1;49541;47176
37200507;400;1188;3; ;881342;6112394;881290;6112403;14,9669;55,0118;Gedebakkevej 3;0;62;1;49541;47176
37200507;400;1188;2; ;881240;6112467;881254;6112470;14,9654;55,0125;Gedebakkevej 2;0;63;1;49541;47176
37200507;400;1188;4; ;881122;6112438;881291;6112406;14,9635;55,0123;Gedebakkevej 4;0;64;1;49541;47176
37200507;400;219;9; ;881774;6112634;881739;6112646;14,9739;55,0136;Baunevej 9;0;65;1;49541;47176
37200507;400;4224;2; ;881917;6112734;881917;6112749;14,9763;55,0144;Strandvejen 2;0;66;1;49541;47176
37200507;400;219;8; ;881674;6112881;881706;6112889;14,9727;55,0159;Baunevej 8;0;67;1;49541;47176
37200507;400;219;5; ;881839;6113442;881668;6113444;14,976;55,0208;Baunevej 5;0;68;1;49541;47176
37200507;400;219;3; ;881815;6113591;881671;6113582;14,9758;55,0221;Baunevej 3;0;69;1;49541;47176
37200507;400;219;1; ;881684;6113771;881673;6113771;14,974;55,0238;Baunevej 1;0;70;1;49541;47176
37200507;400;4404;204; ;881474;6113880;881459;6113881;14,9709;55,025;S¯ndre Landevej 204;0;71;1;49541;47176
37200507;400;4404;212; ;881861;6113922;881843;6113935;14,977;55,025;S¯ndre Landevej 212;0;72;1;49541;47176
37200507;400;4404;216; ;882057;6113771;882046;6113791;14,9798;55,0235;S¯ndre Landevej 216;0;73;1;49541;47176
37200507;400;4404;210; ;881591;6114095;881605;6114123;14,973;55,0268;S¯ndre Landevej 210;0;74;1;49541;47176
37200507;400;4404;208; ;881512;6114141;881516;6114156;14,9718;55,0273;S¯ndre Landevej 208;0;75;1;49541;47176
37200507;400;4404;202; ;881290;6113849;881322;6113861;14,968;55,0248;S¯ndre Landevej 202;0;76;1;49541;47176
37200507;400;4404;63; ;881280;6114342;881247;6114309;14,9685;55,0292;S¯ndre Landevej 63;0;77;1;49541;47176
37200507;400;4404;198; ;881115;6114191;881140;6114191;14,9657;55,028;S¯ndre Landevej 198;0;78;1;49541;47176
37200507;400;4404;188; ;880455;6114213;880467;6114212;14,9555;55,0287;S¯ndre Landevej 188;0;79;1;49541;47176
37200507;400;4404;190; ;880460;6113359;880406;6113361;14,9544;55,0211;S¯ndre Landevej 190;0;80;1;49541;47176
37200507;400;4404;61; ;880374;6114269;880376;6114248;14,9543;55,0293;S¯ndre Landevej 61;0;81;1;49541;47176
37200507;400;4404;59; ;880169;6114327;880183;6114222;14,9512;55,03;S¯ndre Landevej 59;0;82;1;49541;47176
37200507;400;4404;57; ;880017;6114221;880019;6114200;14,9487;55,0291;S¯ndre Landevej 57;0;83;1;49541;47176
37200507;400;1269;5; ;879734;6114346;879717;6114354;14,9444;55,0305;Gr¯dbyvejen 5;0;84;1;49541;47176
37200507;400;1269;3; ;880000;6114592;879998;6114674;14,9489;55,0324;Gr¯dbyvejen 3;0;85;1;49541;47176
37200507;400;1269;4; ;879485;6114742;879548;6114731;14,9411;55,0342;Gr¯dbyvejen 4;0;86;1;49541;47176
37200507;400;1269;1; ;879621;6114764;879554;6114768;14,9432;55,0343;Gr¯dbyvejen 1;0;87;1;49541;47176
37200507;400;1269;2; ;879416;6115352;879458;6115350;14,9408;55,0397;Gr¯dbyvejen 2;0;88;1;49541;47176
37200507;400;4404;182; ;879164;6113711;879127;6113711;14,9347;55,0252;S¯ndre Landevej 182;0;89;1;49541;47176
37200507;400;4404;180; ;878957;6113632;879126;6113621;14,9314;55,0247;S¯ndre Landevej 180;0;90;1;49541;47176
37200507;400;4404;168; ;878410;6114522;878416;6114534;14,9241;55,033;S¯ndre Landevej 168;0;91;1;49541;47176
37200507;400;4404;55; ;878330;6114604;878318;6114578;14,9229;55,0338;S¯ndre Landevej 55;0;92;1;49541;47176
37200507;400;4404;172; ;878495;6114248;878603;6114434;14,925;55,0305;S¯ndre Landevej 172;0;93;1;49541;47176
37300500;400;27;11; ;892173;6120614;892185;6120606;15,1465;55,0768;Aarsdalevej 11;0;0;1;52215;50560
37300500;400;27;9; ;892159;6120603;892176;6120590;15,1463;55,0767;Aarsdalevej 9;0;1;1;52215;50560
37300500;400;27;5; ;892099;6120580;892150;6120547;15,1453;55,0766;Aarsdalevej 5;0;2;1;52215;50560
37300500;400;27;2;B;892215;6120597;892189;6120612;15,1472;55,0766;Aarsdalevej 2B;0;3;1;52215;50560
37300500;400;27;13; ;892191;6120652;892207;6120642;15,1469;55,0771;Aarsdalevej 13;0;4;1;52215;50560
37300500;400;27;15; ;892231;6120726;892250;6120714;15,1476;55,0778;Aarsdalevej 15;0;5;1;52215;50560
37300500;400;27;19; ;892259;6120780;892282;6120766;15,1481;55,0782;Aarsdalevej 19;0;6;1;52215;50560
37300500;400;27;21; ;892278;6120809;892300;6120795;15,1484;55,0785;Aarsdalevej 21;0;7;1;52215;50560
37300500;400;27;23;A;892279;6120839;892313;6120818;15,1485;55,0787;Aarsdalevej 23A;0;8;1;52215;50560
37300500;400;27;23;B;892306;6120861;892330;6120846;15,1489;55,0789;Aarsdalevej 23B;0;9;1;52215;50560
37300500;400;27;23;C;892333;6120889;892350;6120879;15,1494;55,0791;Aarsdalevej 23C;0;10;1;52215;50560
37300500;400;3018;3; ;892189;6120964;892225;6121005;15,1473;55,0799;N¯rremarksvej 3;0;11;1;52215;50560
37300500;400;27;4; ;892431;6120979;892406;6120998;15,1511;55,0799;Aarsdalevej 4;0;12;1;52215;50560
37300500;400;27;27; ;892327;6121125;892328;6121098;15,1496;55,0813;Aarsdalevej 27;0;13;1;52215;50560
37300500;400;27;6; ;892495;6121204;892453;6121206;15,1524;55,0818;Aarsdalevej 6;0;14;1;52215;50560
37300500;400;27;29; ;892409;6121452;892438;6121456;15,1514;55,0841;Aarsdalevej 29;0;15;1;52215;50560
37300500;400;27;31; ;892397;6121580;892419;6121583;15,1514;55,0853;Aarsdalevej 31;0;16;1;52215;50560
37300500;400;27;16; ;892407;6121842;892382;6121837;15,1519;55,0876;Aarsdalevej 16;0;17;1;52215;50560
37300500;400;27;33; ;892320;6122033;892343;6122038;15,1508;55,0894;Aarsdalevej 33;0;18;1;52215;50560
37300500;400;27;37; ;891983;6122642;891996;6122640;15,1464;55,0951;Aarsdalevej 37;0;19;1;52215;50560
37300500;400;2895;2; ;892189;6122124;892189;6122096;15,1489;55,0903;Nordvangen 2;0;20;1;52215;50560
37300500;400;3552;6; ;891733;6122517;891674;6122478;15,1423;55,0942;Sdr Aarsdalevej 6;0;21;1;52215;50560
37300500;400;3018;4; ;892287;6121864;892287;6121851;15,15;55,0879;N¯rremarksvej 4;0;22;1;52215;50560
37300500;400;3018;21; ;892222;6121781;892248;6121776;15,1489;55,0872;N¯rremarksvej 21;0;23;1;52215;50560
37300500;400;3018;17; ;892148;6121686;892163;6121688;15,1476;55,0864;N¯rremarksvej 17;0;24;1;52215;50560
37300500;400;3018;15; ;892166;6121624;892218;6121614;15,1478;55,0858;N¯rremarksvej 15;0;25;1;52215;50560
37300500;400;3018;5; ;892160;6121234;892171;6121234;15,1472;55,0824;N¯rremarksvej 5;0;26;1;52215;50560
37300500;400;3888;1; ;891905;6121093;891904;6121113;15,143;55,0813;SmedegÂrdsvejen 1;0;27;1;52215;50560
37300500;400;3552;3; ;891837;6121279;891845;6121279;15,1422;55,083;Sdr Aarsdalevej 3;0;28;1;52215;50560
37300500;400;3552;5; ;891815;6121646;891837;6121644;15,1424;55,0863;Sdr Aarsdalevej 5;0;29;1;52215;50560
37300500;400;3888;3; ;891595;6120878;891635;6120887;15,1379;55,0796;SmedegÂrdsvejen 3;0;30;1;52215;50560
37300500;400;3888;7; ;891295;6120970;891291;6120980;15,1334;55,0807;SmedegÂrdsvejen 7;0;31;1;52215;50560
37300500;400;1695;24; ;891250;6120790;891219;6120791;15,1324;55,0791;Ibskervej 24;0;32;1;52215;50560
37300500;400;1695;25; ;890934;6120858;890961;6120887;15,1276;55,08;Ibskervej 25;0;33;1;52215;50560
37300500;400;1695;29; ;891079;6121127;891088;6121112;15,1302;55,0823;Ibskervej 29;0;34;1;52215;50560
37300500;400;1695;26; ;891238;6121161;891197;6121153;15,1327;55,0824;Ibskervej 26;0;35;1;52215;50560
37300500;400;1695;28; ;891134;6121798;890995;6121738;15,132;55,0882;Ibskervej 28;0;36;1;52215;50560
37300500;400;1695;30; ;891138;6122106;891100;6122099;15,1325;55,091;Ibskervej 30;0;37;1;52215;50560
37300500;400;1695;34; ;891184;6122472;891125;6122447;15,1337;55,0942;Ibskervej 34;0;38;1;52215;50560
37300500;400;1695;33; ;890900;6121759;890974;6121789;15,1283;55,088;Ibskervej 33;0;39;1;52215;50560
37300500;400;2064;1; ;890823;6121560;890796;6121596;15,1268;55,0863;Klinteby Kirkevej 1;0;40;1;52215;50560
37300500;400;2064;2; ;890231;6121802;890249;6121767;15,1179;55,089;Klinteby Kirkevej 2;0;41;1;52215;50560
37300500;400;2064;3; ;890630;6121215;890644;6121249;15,1233;55,0834;Klinteby Kirkevej 3;0;42;1;52215;50560
37300500;400;2064;4; ;890097;6121408;890094;6121358;15,1153;55,0855;Klinteby Kirkevej 4;0;43;1;52215;50560
37300500;400;2067;1; ;889242;6120550;889243;6120570;15,1008;55,0785;Klintebyvejen 1;0;44;1;52215;50560
37300500;400;2067;3; ;889215;6120555;889215;6120571;15,1004;55,0786;Klintebyvejen 3;0;45;1;52215;50560
37300500;400;2067;4; ;889023;6120607;889044;6120537;15,0975;55,0792;Klintebyvejen 4;0;46;1;52215;50560
37300500;400;2067;6; ;888959;6120563;888976;6120513;15,0964;55,0789;Klintebyvejen 6;0;47;1;52215;50560
37300500;400;2067;8; ;888248;6120686;887920;6120607;15,0855;55,0805;Klintebyvejen 8;0;48;1;52215;50560
37300500;400;2067;10; ;887941;6120839;887931;6120824;15,0809;55,0821;Klintebyvejen 10;0;49;1;52215;50560
37300500;400;3816;8; ;888141;6119942;888026;6119907;15,0828;55,074;Slamrebjergvej 8;0;50;1;52215;50560
37300500;400;3816;9; ;887996;6119729;888072;6119751;15,0803;55,0722;Slamrebjergvej 9;0;51;1;52215;50560
37300500;400;3816;6;A;888269;6119658;888248;6119651;15,0844;55,0713;Slamrebjergvej 6A;0;52;1;52215;50560
37300500;400;3816;4; ;888261;6119459;888167;6119431;15,084;55,0696;Slamrebjergvej 4;0;53;1;52215;50560
37300500;400;3816;3; ;888211;6119220;888229;6119225;15,0829;55,0675;Slamrebjergvej 3;0;54;1;52215;50560
37300500;400;3816;1; ;887895;6118847;887921;6118815;15,0775;55,0644;Slamrebjergvej 1;0;55;1;52215;50560
37300500;400;297;1; ;887554;6118714;887661;6118759;15,072;55,0635;BjergegÂrdsvejen 1;0;56;1;52215;50560
37300500;400;297;8; ;887785;6119572;887788;6119558;15,0768;55,071;BjergegÂrdsvejen 8;0;57;1;52215;50560
37300500;400;297;6; ;887909;6119406;887463;6119208;15,0785;55,0694;BjergegÂrdsvejen 6;0;58;1;52215;50560
37300500;400;4932;5; ;889182;6119270;889152;6119240;15,0981;55,0672;ÿ Slamravej 5;0;59;1;52215;50560
37300500;400;4647;1; ;888802;6119276;888817;6119278;15,0922;55,0675;V Slamravej 1;0;60;1;52215;50560
37300500;400;4647;3; ;888683;6119563;888686;6119489;15,0908;55,0702;V Slamravej 3;0;61;1;52215;50560
37300500;400;4932;3; ;889332;6119078;889350;6119077;15,1002;55,0653;ÿ Slamravej 3;0;62;1;52215;50560
37300500;400;4932;7; ;889358;6119539;889526;6119449;15,1012;55,0694;ÿ Slamravej 7;0;63;1;52215;50560
37300500;400;4932;4; ;889602;6119534;889576;6119547;15,105;55,0692;ÿ Slamravej 4;0;64;1;52215;50560
37300500;400;3096;76; ;890163;6120172;890148;6120146;15,1146;55,0744;Paradisvej 76;0;65;1;52215;50560
37300500;400;2067;2; ;889903;6120343;889884;6120288;15,1108;55,0762;Klintebyvejen 2;0;66;1;52215;50560
37300500;400;2430;2; ;889271;6120744;889232;6120741;15,1015;55,0803;LisegÂrdsvejen 2;0;67;1;52215;50560
37300500;400;3816;11; ;887878;6120368;887889;6120371;15,0793;55,078;Slamrebjergvej 11;0;68;1;52215;50560
37300500;400;3816;10; ;887874;6120443;887866;6120440;15,0793;55,0787;Slamrebjergvej 10;0;69;1;52215;50560
37300500;400;3816;13; ;887669;6120714;887770;6120746;15,0765;55,0812;Slamrebjergvej 13;0;70;1;52215;50560
37300500;400;3816;14; ;887600;6120987;887592;6120973;15,0758;55,0837;Slamrebjergvej 14;0;71;1;52215;50560
37300500;400;3816;12; ;887689;6121175;887582;6120979;15,0775;55,0853;Slamrebjergvej 12;0;72;1;52215;50560
37300500;400;3210;14; ;886958;6120827;886909;6120791;15,0656;55,0828;Plantagevej 14;0;73;1;52215;50560
37300500;400;705;1; ;886837;6120881;886840;6120896;15,0638;55,0834;Dalevejen 1;0;74;1;52215;50560
37300500;400;705;2; ;886724;6121028;886697;6120932;15,0622;55,0848;Dalevejen 2;0;75;1;52215;50560
37300500;400;705;3; ;886584;6120850;886609;6120954;15,0598;55,0833;Dalevejen 3;0;76;1;52215;50560
37300500;400;705;5; ;886401;6120833;886386;6120845;15,0569;55,0833;Dalevejen 5;0;77;1;52215;50560
37300500;400;3210;10; ;887309;6119938;887274;6119969;15,0699;55,0746;Plantagevej 10;0;78;1;52215;50560
37300500;400;3210;19; ;887096;6119801;887122;6119799;15,0664;55,0735;Plantagevej 19;0;79;1;52215;50560
37300500;400;3210;21; ;886516;6120101;886576;6120077;15,0577;55,0767;Plantagevej 21;0;80;1;52215;50560
37300500;400;3210;23; ;886671;6120349;887041;6120607;15,0605;55,0788;Plantagevej 23;0;81;1;52215;50560
37300501;400;288;1; ;889076;6116074;889075;6116093;15,0921;55,0387;Birkevej 1;0;0;1;45249;45165
37300501;400;1872;38; ;889078;6116044;889093;6116044;15,0921;55,0384;KannikegÂrdsvej 38;0;1;1;45249;45165
37300501;400;1872;40; ;889074;6116026;889093;6116026;15,092;55,0383;KannikegÂrdsvej 40;0;2;1;45249;45165
37300501;400;1872;13;A;889119;6116017;889093;6116016;15,0927;55,0381;KannikegÂrdsvej 13A;0;3;1;45249;45165
37300501;400;1872;19; ;889115;6115850;889094;6115849;15,0924;55,0366;KannikegÂrdsvej 19;0;4;1;45249;45165
37300501;400;1872;46; ;889079;6115812;889094;6115812;15,0918;55,0363;KannikegÂrdsvej 46;0;5;1;45249;45165
37300501;400;1872;44; ;888919;6115761;888960;6115785;15,0893;55,036;KannikegÂrdsvej 44;0;6;1;45249;45165
37300501;400;1872;48; ;888737;6115401;888755;6115400;15,0859;55,0329;KannikegÂrdsvej 48;0;7;1;45249;45165
37300501;400;1872;21; ;889123;6115809;889094;6115808;15,0925;55,0363;KannikegÂrdsvej 21;0;8;1;45249;45165
37300501;400;1872;23; ;889400;6115742;889094;6115741;15,0967;55,0355;KannikegÂrdsvej 23;0;9;1;45249;45165
37300501;400;1872;31; ;889111;6115492;889097;6115490;15,0919;55,0335;KannikegÂrdsvej 31;0;10;1;45249;45165
37300501;400;1872;33; ;889121;6115423;889108;6115420;15,0919;55,0328;KannikegÂrdsvej 33;0;11;1;45249;45165
37300501;400;1872;50; ;889119;6115175;889161;6115200;15,0916;55,0306;KannikegÂrdsvej 50;0;12;1;45249;45165
37300501;400;1872;17; ;889117;6115948;889093;6115947;15,0926;55,0375;KannikegÂrdsvej 17;0;13;1;45249;45165
37300501;400;1872;13;B;889113;6115969;889093;6115968;15,0926;55,0377;KannikegÂrdsvej 13B;0;14;1;45249;45165
37300501;400;1872;15; ;889275;6115987;889262;6116022;15,0951;55,0377;KannikegÂrdsvej 15;0;15;1;45249;45165
37300501;400;1872;9; ;889346;6116129;889341;6116145;15,0964;55,039;KannikegÂrdsvej 9;0;16;1;45249;45165
37300501;400;1872;18; ;889528;6116323;889531;6116311;15,0995;55,0406;KannikegÂrdsvej 18;0;17;1;45249;45165
37300501;400;1872;16; ;889599;6116389;889612;6116354;15,1007;55,0411;KannikegÂrdsvej 16;0;18;1;45249;45165
37300501;400;1872;3; ;889624;6116341;889618;6116356;15,101;55,0406;KannikegÂrdsvej 3;0;19;1;45249;45165
37300501;400;3561;56; ;889705;6116535;889758;6116515;15,1025;55,0423;Sdr Landevej 56;0;20;1;45249;45165
37300501;400;3561;48; ;889797;6116659;889759;6116653;15,1041;55,0433;Sdr Landevej 48;0;21;1;45249;45165
37300501;400;3561;50; ;889656;6116697;889749;6116712;15,102;55,0438;Sdr Landevej 50;0;22;1;45249;45165
37300501;400;3561;46; ;889832;6116793;889844;6116798;15,1049;55,0445;Sdr Landevej 46;0;23;1;45249;45165
37300501;400;3561;52; ;889728;6116773;889739;6116775;15,1032;55,0444;Sdr Landevej 52;0;24;1;45249;45165
37300501;400;3561;54; ;889657;6116920;889649;6116896;15,1023;55,0458;Sdr Landevej 54;0;25;1;45249;45165
37300501;400;3561;55; ;889865;6116584;889822;6116619;15,1051;55,0426;Sdr Landevej 55;0;26;1;45249;45165
37300501;400;3561;42; ;889952;6116783;889966;6116771;15,1067;55,0443;Sdr Landevej 42;0;27;1;45249;45165
37300501;400;3561;51; ;890012;6116759;889985;6116740;15,1076;55,0441;Sdr Landevej 51;0;28;1;45249;45165
37300501;400;3561;36; ;889905;6117042;889892;6117037;15,1063;55,0467;Sdr Landevej 36;0;29;1;45249;45165
37300501;400;3561;49; ;890094;6116864;890069;6116887;15,109;55,0449;Sdr Landevej 49;0;30;1;45249;45165
37300501;400;3561;34; ;889958;6117105;889969;6117112;15,1073;55,0472;Sdr Landevej 34;0;31;1;45249;45165
37300501;400;3561;30; ;890181;6117064;890209;6117038;15,1107;55,0467;Sdr Landevej 30;0;32;1;45249;45165
37300501;400;3561;32; ;890087;6117132;890102;6117128;15,1093;55,0473;Sdr Landevej 32;0;33;1;45249;45165
37300501;400;3561;26; ;890229;6117118;890224;6117133;15,1115;55,0471;Sdr Landevej 26;0;34;1;45249;45165
37300501;400;3561;24; ;890234;6117124;890229;6117135;15,1116;55,0472;Sdr Landevej 24;0;35;1;45249;45165
37300501;400;3561;45; ;890367;6117141;890332;6117174;15,1137;55,0472;Sdr Landevej 45;0;36;1;45249;45165
37300501;400;3561;12; ;890359;6117247;890347;6117239;15,1137;55,0482;Sdr Landevej 12;0;37;1;45249;45165
37300501;400;3561;20; ;890283;6117238;890326;6117268;15,1125;55,0481;Sdr Landevej 20;0;38;1;45249;45165
37300501;400;3561;14; ;890326;6117296;890314;6117285;15,1132;55,0486;Sdr Landevej 14;0;39;1;45249;45165
37300501;400;3561;16; ;890321;6117372;890284;6117328;15,1133;55,0493;Sdr Landevej 16;0;40;1;45249;45165
37300501;400;3561;43; ;890425;6117233;890435;6117243;15,1147;55,048;Sdr Landevej 43;0;41;1;45249;45165
37300501;400;3561;41; ;890465;6117191;890453;6117224;15,1153;55,0476;Sdr Landevej 41;0;42;1;45249;45165
37300501;400;3561;37; ;890518;6117315;890508;6117303;15,1163;55,0486;Sdr Landevej 37;0;43;1;45249;45165
37300501;400;3561;33; ;890644;6117176;890627;6117176;15,118;55,0473;Sdr Landevej 33;0;44;1;45249;45165
37300501;400;2319;2;B;890572;6118381;890581;6118375;15,1186;55,0581;Langedebyvejen 2B;1;45;1;45249;45165
37300501;400;2319;4; ;890509;6118414;890507;6118364;15,1176;55,0585;Langedebyvejen 4;1;46;1;45249;45165
37300501;400;2319;10;A;890322;6118381;890324;6118354;15,1147;55,0583;Langedebyvejen 10A;0;47;1;45249;45165
37300501;400;2319;3; ;890315;6118342;890314;6118353;15,1145;55,058;Langedebyvejen 3;0;48;1;45249;45165
37300501;400;2319;10;B;890299;6118369;890300;6118352;15,1143;55,0582;Langedebyvejen 10B;0;49;1;45249;45165
37300501;400;2319;5; ;890242;6118328;890240;6118345;15,1133;55,0579;Langedebyvejen 5;0;50;1;45249;45165
37300501;400;2319;7;B;890158;6118058;890118;6118114;15,1117;55,0556;Langedebyvejen 7B;0;51;1;45249;45165
37300501;400;2319;7; ;890142;6118112;890118;6118114;15,1115;55,0561;Langedebyvejen 7;0;52;1;45249;45165
37300501;400;2319;12; ;890081;6118460;890069;6118428;15,111;55,0592;Langedebyvejen 12;0;53;1;45249;45165
37300501;400;2319;9; ;889871;6117889;889792;6117918;15,107;55,0543;Langedebyvejen 9;0;54;1;45249;45165
37300501;400;2319;11; ;889538;6118043;889524;6118056;15,102;55,0559;Langedebyvejen 11;0;55;1;45249;45165
37300501;400;2319;13; ;889453;6117953;889437;6117966;15,1005;55,0552;Langedebyvejen 13;0;56;1;45249;45165
37300501;400;2319;15; ;889264;6117685;889235;6117659;15,0972;55,0529;Langedebyvejen 15;0;57;1;45249;45165
37300501;400;2319;19; ;889111;6117408;889106;6117467;15,0945;55,0506;Langedebyvejen 19;0;58;1;45249;45165
37300501;400;3654;5; ;888944;6118320;888874;6118294;15,0931;55,0589;Skimlevejen 5;0;59;1;45249;45165
37300501;400;3654;3; ;888839;6118442;888823;6118436;15,0917;55,06;Skimlevejen 3;0;60;1;45249;45165
37300501;400;3654;1; ;888792;6118714;888774;6118712;15,0913;55,0625;Skimlevejen 1;0;61;1;45249;45165
37300501;400;3444;35; ;889074;6118861;889072;6118873;15,0959;55,0636;R¯nnevej 35;0;62;1;45249;45165
37300501;400;3444;33; ;889168;6118700;889146;6118882;15,0971;55,0621;R¯nnevej 33;0;63;1;45249;45165
37300501;400;3444;31; ;889162;6118827;889157;6118883;15,0972;55,0632;R¯nnevej 31;0;64;1;45249;45165
37300501;400;3444;30; ;889264;6118914;889265;6118892;15,0989;55,0639;R¯nnevej 30;0;65;1;45249;45165
37300501;400;3444;29; ;889321;6118762;889313;6118895;15,0996;55,0625;R¯nnevej 29;0;66;1;45249;45165
37300501;400;3444;26; ;889586;6118938;889584;6118898;15,104;55,0639;R¯nnevej 26;0;67;1;45249;45165
37300501;400;3444;28; ;889597;6119122;889579;6119123;15,1044;55,0655;R¯nnevej 28;0;68;1;45249;45165
37300501;400;1209;23; ;890115;6118946;890114;6118992;15,1122;55,0635;Gl R¯nnevej 23;0;69;1;45249;45165
37300501;400;4932;1; ;889331;6118926;889346;6118925;15,1;55,064;ÿ Slamravej 1;0;70;1;45249;45165
37300501;400;4932;2; ;889359;6118930;889346;6118930;15,1004;55,064;ÿ Slamravej 2;0;71;1;45249;45165
37300501;400;3444;34; ;888627;6118839;888631;6118809;15,0889;55,0637;R¯nnevej 34;0;72;1;45249;45165
37300501;400;3444;40; ;887983;6118681;887997;6118647;15,0787;55,0628;R¯nnevej 40;0;73;1;45249;45165
37300501;400;3444;42; ;887959;6118671;887972;6118637;15,0783;55,0628;R¯nnevej 42;0;74;1;45249;45165
37300501;400;3444;39; ;887898;6118565;887883;6118602;15,0772;55,0619;R¯nnevej 39;0;75;1;45249;45165
37300501;400;1671;1; ;887776;6118545;887762;6118528;15,0752;55,0618;H¯nselundsvejen 1;0;76;1;45249;45165
37300501;400;1671;2; ;887804;6118480;887811;6118488;15,0756;55,0612;H¯nselundsvejen 2;0;77;1;45249;45165
37300501;400;1671;6; ;887875;6118411;887887;6118425;15,0766;55,0605;H¯nselundsvejen 6;0;78;1;45249;45165
37300501;400;1671;8; ;887995;6118040;888054;6118033;15,078;55,0571;H¯nselundsvejen 8;0;79;1;45249;45165
37300501;400;3108;2; ;887588;6118465;887597;6118461;15,0722;55,0612;Pederskervejen 2;0;80;1;45249;45165
37300501;400;3108;6; ;887572;6118427;887583;6118422;15,0719;55,0609;Pederskervejen 6;0;81;1;45249;45165
37300501;400;3108;1; ;887591;6118382;887571;6118388;15,0721;55,0605;Pederskervejen 1;0;82;1;45249;45165
37300501;400;3108;8; ;887548;6118374;887563;6118367;15,0715;55,0604;Pederskervejen 8;0;83;1;45249;45165
37300501;400;3108;3; ;887558;6118307;887544;6118311;15,0715;55,0598;Pederskervejen 3;0;84;1;45249;45165
37300501;400;3108;10; ;887437;6118135;887470;6118120;15,0694;55,0584;Pederskervejen 10;0;85;1;45249;45165
37300501;400;3108;12; ;887290;6117944;887353;6117897;15,0669;55,0568;Pederskervejen 12;0;86;1;45249;45165
37300501;400;3108;7; ;887225;6117691;887209;6117705;15,0655;55,0546;Pederskervejen 7;0;87;1;45249;45165
37300501;400;3108;9; ;887364;6117346;887102;6117585;15,0672;55,0514;Pederskervejen 9;0;88;1;45249;45165
37300501;400;3108;9;B;887379;6117246;887084;6117565;15,0673;55,0505;Pederskervejen 9B;1;89;1;45249;45165
37300501;400;3108;20; ;887073;6117643;887118;6117602;15,0631;55,0543;Pederskervejen 20;0;90;1;45249;45165
37300501;400;3108;22; ;887031;6117638;887096;6117578;15,0624;55,0543;Pederskervejen 22;0;91;1;45249;45165
37300501;400;3108;26; ;887058;6117576;887074;6117555;15,0628;55,0537;Pederskervejen 26;0;92;1;45249;45165
37300501;400;2634;10; ;887046;6117460;887026;6117460;15,0624;55,0527;Mejeribakken 10;0;93;1;45249;45165
37300501;400;2634;8; ;887071;6117448;887026;6117448;15,0628;55,0525;Mejeribakken 8;0;94;1;45249;45165
37300501;400;2634;4; ;887133;6116548;887101;6116559;15,0625;55,0444;Mejeribakken 4;0;95;1;45249;45165
37300501;400;4698;1; ;887195;6116338;887183;6116337;15,0632;55,0425;Vangsbovej 1;0;96;1;45249;45165
37300501;400;4698;3; ;887196;6116318;887183;6116317;15,0632;55,0423;Vangsbovej 3;0;97;1;45249;45165
37300501;400;4698;5; ;887197;6116300;887183;6116299;15,0632;55,0422;Vangsbovej 5;0;98;1;45249;45165
37300501;400;4698;7; ;887241;6116184;887184;6116182;15,0637;55,0411;Vangsbovej 7;0;99;1;45249;45165
37300501;400;4137;26; ;887336;6115877;887340;6115857;15,0648;55,0383;Stensebyvejen 26;0;100;1;45249;45165
37300501;400;4137;21; ;887393;6115829;887384;6115867;15,0656;55,0378;Stensebyvejen 21;0;101;1;45249;45165
37300501;400;4137;19; ;887587;6115823;887599;6115825;15,0686;55,0376;Stensebyvejen 19;0;102;1;45249;45165
37300501;400;4137;24; ;887595;6115917;887596;6115901;15,0689;55,0384;Stensebyvejen 24;0;103;1;45249;45165
37300501;400;4137;17; ;887683;6115887;887681;6115907;15,0702;55,0381;Stensebyvejen 17;0;104;1;45249;45165
37300501;400;1149;12; ;887747;6115934;887771;6115934;15,0712;55,0385;GadegÂrdsvejen 12;0;105;1;45249;45165
37300501;400;4137;11; ;887776;6115834;887754;6115918;15,0716;55,0375;Stensebyvejen 11;0;106;1;45249;45165
37300501;400;4137;13;A;887789;6115686;887753;6115688;15,0716;55,0362;Stensebyvejen 13A;0;107;1;45249;45165
37300501;400;4137;13; ;887777;6115677;887752;6115678;15,0714;55,0361;Stensebyvejen 13;0;108;1;45249;45165
37300501;400;4137;15; ;887993;6115458;887952;6115471;15,0744;55,034;Stensebyvejen 15;0;109;1;45249;45165
37300501;400;4137;22; ;887866;6115992;887874;6115971;15,0732;55,0389;Stensebyvejen 22;0;110;1;45249;45165
37300501;400;4137;20; ;887913;6116017;887916;6115980;15,0739;55,0391;Stensebyvejen 20;0;111;1;45249;45165
37300501;400;4137;9; ;887933;6115952;887930;6115981;15,0742;55,0385;Stensebyvejen 9;0;112;1;45249;45165
37300501;400;4137;5; ;888251;6115864;888239;6116012;15,079;55,0375;Stensebyvejen 5;0;113;1;45249;45165
37300501;400;4137;6; ;888191;6116211;888192;6116157;15,0785;55,0406;Stensebyvejen 6;0;114;1;45249;45165
37300501;400;1149;10; ;887726;6116026;887775;6116022;15,071;55,0393;GadegÂrdsvejen 10;0;115;1;45249;45165
37300501;400;1149;7; ;887808;6116140;887784;6116141;15,0725;55,0403;GadegÂrdsvejen 7;0;116;1;45249;45165
37300501;400;1149;5; ;887850;6116316;887798;6116320;15,0734;55,0418;GadegÂrdsvejen 5;0;117;1;45249;45165
37300501;400;2637;1; ;887587;6116194;887565;6116431;15,0691;55,0409;Mejerigaden 1;0;118;1;45249;45165
37300501;400;1149;6; ;887886;6117425;887864;6117388;15,0754;55,0517;GadegÂrdsvejen 6;0;119;1;45249;45165
37300501;400;1149;4; ;888117;6117456;888124;6117433;15,0791;55,0518;GadegÂrdsvejen 4;0;120;1;45249;45165
37300501;400;1671;14; ;888446;6117747;888456;6117756;15,0846;55,0541;H¯nselundsvejen 14;0;121;1;45249;45165
37300501;400;1236;1; ;888750;6116795;888708;6116794;15,088;55,0454;Graanakkevej 1;0;122;1;45249;45165
37300501;400;1236;2; ;888588;6116748;888709;6116750;15,0855;55,0451;Graanakkevej 2;0;123;1;45249;45165
37300501;400;4137;2; ;888610;6116067;888612;6116047;15,0849;55,039;Stensebyvejen 2;0;124;1;45249;45165
37300501;400;4137;4; ;888476;6116068;888479;6116034;15,0828;55,0391;Stensebyvejen 4;0;125;1;45249;45165
37300501;400;4137;1; ;888595;6115983;888588;6116045;15,0845;55,0382;Stensebyvejen 1;0;126;1;45249;45165
37300501;400;4137;3; ;888681;6115677;888650;6115692;15,0854;55,0354;Stensebyvejen 3;0;127;1;45249;45165
37300501;400;288;16; ;888815;6116082;888816;6116068;15,0881;55,039;Birkevej 16;0;128;1;45249;45165
37300501;400;288;14; ;888845;6116093;888847;6116071;15,0886;55,039;Birkevej 14;0;129;1;45249;45165
37300501;400;288;15; ;888852;6116058;888850;6116072;15,0886;55,0387;Birkevej 15;0;130;1;45249;45165
37300501;400;288;12; ;888873;6116094;888874;6116074;15,089;55,039;Birkevej 12;0;131;1;45249;45165
37300501;400;288;13; ;888885;6116061;888883;6116075;15,0891;55,0387;Birkevej 13;0;132;1;45249;45165
37300501;400;288;10; ;888898;6116097;888899;6116077;15,0894;55,039;Birkevej 10;0;133;1;45249;45165
37300501;400;288;9; ;888935;6116065;888933;6116080;15,0899;55,0387;Birkevej 9;0;134;1;45249;45165
37300501;400;288;7; ;888959;6116069;888957;6116082;15,0903;55,0387;Birkevej 7;0;135;1;45249;45165
37300501;400;288;5; ;888979;6116067;888977;6116084;15,0906;55,0387;Birkevej 5;0;136;1;45249;45165
37300501;400;288;3; ;889008;6116072;889006;6116087;15,0911;55,0387;Birkevej 3;0;137;1;45249;45165
37300501;400;1872;32; ;889102;6116169;889103;6116136;15,0927;55,0395;KannikegÂrdsvej 32;0;138;1;45249;45165
37300501;400;1872;26; ;889227;6116174;889235;6116156;15,0946;55,0395;KannikegÂrdsvej 26;0;139;1;45249;45165
37300501;400;1872;24; ;889368;6116318;889394;6116289;15,097;55,0406;KannikegÂrdsvej 24;0;140;1;45249;45165
37300501;400;1872;14; ;889650;6116398;889668;6116385;15,1015;55,0411;KannikegÂrdsvej 14;0;141;1;45249;45165
37300501;400;1872;12; ;889675;6116420;889686;6116412;15,1019;55,0413;KannikegÂrdsvej 12;0;142;1;45249;45165
37300501;400;1872;10; ;889681;6116448;889701;6116433;15,102;55,0416;KannikegÂrdsvej 10;1;143;1;45249;45165
37300501;400;1872;6; ;889607;6116510;889632;6116532;15,101;55,0422;KannikegÂrdsvej 6;0;144;1;45249;45165
37300501;400;3561;60; ;889851;6115687;889867;6115697;15,1037;55,0346;Sdr Landevej 60;0;145;1;45249;45165
37300501;400;1245;8; ;890313;6115225;890319;6115206;15,1102;55,0301;Granvej 8;0;146;1;45249;45165
37300501;400;1245;11; ;890347;6115194;890340;6115213;15,1107;55,0298;Granvej 11;0;147;1;45249;45165
37300501;400;924;5; ;890270;6115263;890264;6115279;15,1096;55,0305;EnebÊrvej 5;0;148;1;45249;45165
37300501;400;1617;16; ;889915;6115678;889900;6115669;15,1046;55,0345;Hundsemyrevej 16;0;149;1;45249;45165
37300501;400;1056;50; ;890172;6115664;890150;6115650;15,1086;55,0342;Frederiksvej 50;0;150;1;45249;45165
37300501;400;3519;1; ;890120;6115760;890127;6115743;15,1079;55,0351;Sandstien 1;0;151;1;45249;45165
37300501;400;3519;5; ;890176;6115775;890183;6115772;15,1088;55,0351;Sandstien 5;0;152;1;45249;45165
37300501;400;2076;5; ;890019;6115751;890014;6115768;15,1064;55,0351;Klintstien 5;0;153;1;45249;45165
37300501;400;1056;41; ;890024;6115847;890033;6115852;15,1066;55,0359;Frederiksvej 41;0;154;1;45249;45165
37300501;400;4776;29; ;890077;6115927;890061;6115905;15,1075;55,0366;Vestre Strandvej 29;0;155;1;45249;45165
37300501;400;4776;31; ;890093;6115916;890076;6115894;15,1077;55,0365;Vestre Strandvej 31;0;156;1;45249;45165
37300502;400;4623;6; ;885827;6113369;885851;6113383;15,0379;55,017;UdegÂrdsvejen 6;0;0;1;58135;56389
37300502;400;4623;8; ;885949;6113251;885975;6113252;15,0397;55,0159;UdegÂrdsvejen 8;0;1;1;58135;56389
37300502;400;4623;9; ;886015;6112596;886002;6112595;15,0398;55,01;UdegÂrdsvejen 9;0;2;1;58135;56389
37300502;400;2718;12; ;886105;6112526;886106;6112498;15,0411;55,0093;MunkegÂrdsvejen 12;0;3;1;58135;56389
37300502;400;2718;10; ;886444;6112530;886444;6112516;15,0464;55,0091;MunkegÂrdsvejen 10;0;4;1;58135;56389
37300502;400;2718;8; ;886507;6112749;886519;6112520;15,0477;55,011;MunkegÂrdsvejen 8;0;5;1;58135;56389
37300502;400;2718;6; ;886596;6112533;886596;6112524;15,0487;55,009;MunkegÂrdsvejen 6;0;6;1;58135;56389
37300502;400;2718;4; ;886757;6112544;886757;6112533;15,0513;55,0089;MunkegÂrdsvejen 4;0;7;1;58135;56389
37300502;400;2718;2; ;887047;6112612;887054;6112550;15,0559;55,0093;MunkegÂrdsvejen 2;0;8;1;58135;56389
37300502;400;3699;17; ;887227;6112433;887158;6112423;15,0584;55,0076;Skolevejen 17;0;9;1;58135;56389
37300502;400;3699;19; ;887393;6112377;887168;6112352;15,0609;55,007;Skolevejen 19;0;10;1;58135;56389
37300502;400;3699;16; ;886745;6112950;887058;6113009;15,0516;55,0126;Skolevejen 16;0;11;1;58135;56389
37300502;400;3699;9; ;887443;6113091;887056;6113017;15,0627;55,0133;Skolevejen 9;0;12;1;58135;56389
37300502;400;4500;5; ;887470;6113201;887463;6113374;15,0632;55,0143;Tj¯rnebyvejen 5;0;13;1;58135;56389
37300502;400;4500;6; ;887442;6113463;887446;6113373;15,0632;55,0166;Tj¯rnebyvejen 6;0;14;1;58135;56389
37300502;400;3699;14; ;886637;6113234;887001;6113302;15,0503;55,0152;Skolevejen 14;0;15;1;58135;56389
37300502;400;3699;5; ;887015;6113852;886994;6113853;15,057;55,0204;Skolevejen 5;0;16;1;58135;56389
37300502;400;3699;10; ;886977;6113920;886996;6113918;15,0565;55,0211;Skolevejen 10;0;17;1;58135;56389
37300502;400;3699;3; ;887020;6113933;886996;6113933;15,0572;55,0212;Skolevejen 3;0;18;1;58135;56389
37300502;400;3699;6; ;886978;6113968;886997;6113967;15,0566;55,0215;Skolevejen 6;0;19;1;58135;56389
37300502;400;3699;1; ;887017;6114005;886997;6114005;15,0573;55,0218;Skolevejen 1;0;20;1;58135;56389
37300502;400;3699;2;B;886983;6114065;886999;6114065;15,0568;55,0224;Skolevejen 2B;0;21;1;58135;56389
37300502;400;3249;7; ;887386;6113687;887394;6113734;15,0626;55,0187;Poulskervej 7;0;22;1;58135;56389
37300502;400;3249;5; ;887814;6114018;887821;6114075;15,0697;55,0213;Poulskervej 5;0;23;1;58135;56389
37300502;400;3249;20; ;887879;6114137;887874;6114069;15,0709;55,0223;Poulskervej 20;0;24;1;58135;56389
37300502;400;3249;18; ;887912;6114136;887907;6114066;15,0714;55,0223;Poulskervej 18;0;25;1;58135;56389
37300502;400;3249;16; ;887942;6114136;887943;6114066;15,0718;55,0222;Poulskervej 16;0;26;1;58135;56389
37300502;400;3249;3; ;888035;6114041;888032;6114072;15,0732;55,0213;Poulskervej 3;0;27;1;58135;56389
37300502;400;3249;12; ;888038;6114128;888043;6114073;15,0733;55,0221;Poulskervej 12;0;28;1;58135;56389
37300502;400;3768;1; ;888202;6114066;888175;6114059;15,0758;55,0214;SkrokkegÂrdsvejen 1;0;29;1;58135;56389
37300502;400;3249;10; ;888176;6114122;888182;6114097;15,0755;55,0219;Poulskervej 10;0;30;1;58135;56389
37300502;400;3249;8; ;888230;6114203;888248;6114111;15,0764;55,0226;Poulskervej 8;0;31;1;58135;56389
37300502;400;2181;1; ;888788;6114022;888769;6114036;15,0849;55,0206;Krakvej 1;0;32;1;58135;56389
37300502;400;2181;2; ;888545;6113978;888713;6113990;15,081;55,0204;Krakvej 2;0;33;1;58135;56389
37300502;400;2181;6; ;888564;6113784;888586;6113779;15,081;55,0186;Krakvej 6;0;34;1;58135;56389
37300502;400;2181;10; ;889160;6113927;889153;6113962;15,0905;55,0194;Krakvej 10;0;35;1;58135;56389
37300502;400;2277;1; ;889015;6113684;889012;6113695;15,0879;55,0174;KÊrvej 1;0;36;1;58135;56389
37300502;400;2277;4; ;888901;6113592;888905;6113607;15,086;55,0166;KÊrvej 4;0;37;1;58135;56389
37300502;400;2277;5; ;888980;6113487;888953;6113488;15,0871;55,0156;KÊrvej 5;0;38;1;58135;56389
37300502;400;4500;1; ;888879;6113338;888875;6113397;15,0853;55,0144;Tj¯rnebyvejen 1;0;39;1;58135;56389
37300502;400;4500;2; ;888704;6113555;888687;6113510;15,0829;55,0165;Tj¯rnebyvejen 2;0;40;1;58135;56389
37300502;400;3768;3; ;888343;6113561;888296;6113577;15,0773;55,0168;SkrokkegÂrdsvejen 3;0;41;1;58135;56389
37300502;400;4500;4; ;888102;6113370;888102;6113356;15,0733;55,0153;Tj¯rnebyvejen 4;0;42;1;58135;56389
37300502;400;3768;5; ;888335;6113337;888317;6113331;15,0769;55,0148;SkrokkegÂrdsvejen 5;0;43;1;58135;56389
37300502;400;3768;7; ;888567;6113149;888391;6113100;15,0802;55,0129;SkrokkegÂrdsvejen 7;0;44;1;58135;56389
37300502;400;3768;2; ;888395;6112954;888432;6112965;15,0773;55,0113;SkrokkegÂrdsvejen 2;0;45;1;58135;56389
37300502;400;3768;9; ;888474;6112967;888435;6112954;15,0785;55,0114;SkrokkegÂrdsvejen 9;0;46;1;58135;56389
37300502;400;3768;11; ;888510;6112795;888488;6112788;15,0789;55,0098;SkrokkegÂrdsvejen 11;0;47;1;58135;56389
37300502;400;3768;4; ;888254;6112699;888492;6112775;15,0747;55,0092;SkrokkegÂrdsvejen 4;0;48;1;58135;56389
37300502;400;3768;6; ;888151;6112733;888473;6112836;15,0732;55,0096;SkrokkegÂrdsvejen 6;0;49;1;58135;56389
37300502;400;3768;13; ;888714;6112403;888634;6112374;15,0815;55,0062;SkrokkegÂrdsvejen 13;0;50;1;58135;56389
37300502;400;801;8; ;888313;6111963;888336;6111865;15,0747;55,0025;Dueoddevej 8;0;51;1;58135;56389
37300502;400;4203;2; ;888228;6111887;888231;6111851;15,0732;55,0019;Strandmarksvejen 2;1;52;1;58135;56389
37300502;400;4203;6; ;887992;6111859;887993;6111837;15,0695;55,0019;Strandmarksvejen 6;0;53;1;58135;56389
37300502;400;537;1; ;887992;6111826;887967;6111822;15,0695;55,0016;Bukkevej 1;0;54;1;58135;56389
37300502;400;4203;8; ;887881;6111850;887885;6111821;15,0678;55,0019;Strandmarksvejen 8;0;55;1;58135;56389
37300502;400;4203;1; ;887784;6111757;887776;6111803;15,0662;55,0011;Strandmarksvejen 1;0;56;1;58135;56389
37300502;400;1410;8; ;887304;6111388;887336;6111393;15,0582;54,9982;Harevej 8;0;57;1;58135;56389
37300502;400;4203;5; ;886624;6111715;886632;6111793;15,0481;55,0016;Strandmarksvejen 5;0;58;1;58135;56389
37300502;400;4203;7; ;886094;6111834;886100;6111876;15,04;55,0031;Strandmarksvejen 7;0;59;1;58135;56389
37300502;400;2034;15; ;885568;6111257;885565;6111293;15,031;54,9984;Kj¯ddtynjan 15;0;60;1;58135;56389
37300502;400;4203;9; ;885855;6111802;885846;6111867;15,0362;55,003;Strandmarksvejen 9;0;61;1;58135;56389
37300502;400;4206;5;A;884932;6111488;884922;6111522;15,0215;55,0009;Strandm¯lleskoven 5A;0;62;1;58135;56389
37300502;400;810;7;A;884785;6112286;884759;6112295;15,0202;55,0082;Dyndebyvejen 7A;0;63;1;58135;56389
37300502;400;810;4; ;884854;6112560;884884;6112557;15,0217;55,0106;Dyndebyvejen 4;0;64;1;58135;56389
37300502;400;810;5; ;885009;6112713;884988;6112742;15,0243;55,0118;Dyndebyvejen 5;0;65;1;58135;56389
37300502;400;810;3; ;885126;6112893;885136;6112929;15,0264;55,0133;Dyndebyvejen 3;0;66;1;58135;56389
37300502;400;810;2; ;885291;6113063;885334;6113048;15,0292;55,0147;Dyndebyvejen 2;0;67;1;58135;56389
37300502;400;810;1; ;885434;6113255;885417;6113266;15,0316;55,0163;Dyndebyvejen 1;0;68;1;58135;56389
37300502;400;600;9; ;886611;6114066;886612;6114096;15,051;55,0227;BÊkkedalsvej 9;0;69;1;58135;56389
37300502;400;600;7; ;886853;6114069;886853;6114090;15,0548;55,0225;BÊkkedalsvej 7;0;70;1;58135;56389
37300502;400;600;8; ;886868;6114110;886867;6114090;15,0551;55,0228;BÊkkedalsvej 8;0;71;1;58135;56389
37300502;400;600;5; ;886873;6114069;886873;6114090;15,0551;55,0225;BÊkkedalsvej 5;0;72;1;58135;56389
37300502;400;600;4; ;886944;6114108;886943;6114088;15,0563;55,0228;BÊkkedalsvej 4;0;73;1;58135;56389
37300502;400;1590;2; ;887023;6114199;887002;6114201;15,0576;55,0235;Holsmyrevejen 2;0;74;1;58135;56389
37300502;400;1590;4; ;886920;6114472;886915;6114470;15,0564;55,026;Holsmyrevejen 4;0;75;1;58135;56389
37300502;400;927;10; ;887325;6114745;887352;6114760;15,0631;55,0282;EngegÂrdsvejen 10;0;76;1;58135;56389
37300502;400;927;3; ;887268;6114981;887241;6114968;15,0625;55,0303;EngegÂrdsvejen 3;0;77;1;58135;56389
37300502;400;927;2; ;887320;6115552;887335;6115556;15,0641;55,0354;EngegÂrdsvejen 2;0;78;1;58135;56389
37300502;400;927;8; ;887069;6115067;887098;6115075;15,0595;55,0312;EngegÂrdsvejen 8;0;79;1;58135;56389
37300502;400;4011;2; ;888469;6115019;888487;6114890;15,0812;55,0297;Spr¯jtevejen 2;0;80;1;58135;56389
37300502;400;2673;4; ;888697;6114850;888677;6114849;15,0846;55,028;Mindebovej 4;0;81;1;58135;56389
37300502;400;2673;1; ;888662;6114797;888679;6114797;15,084;55,0276;Mindebovej 1;0;82;1;58135;56389
37300502;400;1872;52;B;889183;6115026;889243;6115060;15,0924;55,0292;KannikegÂrdsvej 52B;0;83;1;58135;56389
37300502;400;1872;54; ;889398;6114692;889429;6114702;15,0952;55,0261;KannikegÂrdsvej 54;0;84;1;58135;56389
37300502;400;3249;2; ;889941;6114818;889991;6114678;15,1039;55,0268;Poulskervej 2;0;85;1;58135;56389
37300502;400;2181;12; ;889518;6113972;889510;6114022;15,0961;55,0196;Krakvej 12;0;86;1;58135;56389
37300502;400;801;1; ;889620;6113729;889557;6113727;15,0974;55,0173;Dueoddevej 1;0;87;1;58135;56389
37300502;400;801;5; ;889599;6113090;889575;6113089;15,0962;55,0116;Dueoddevej 5;0;88;1;58135;56389
37300502;400;4437;18; ;889993;6112983;889994;6112966;15,1022;55,0103;Tangvej 18;0;89;1;58135;56389
37300502;400;4437;9; ;890626;6113294;890619;6113316;15,1124;55,0126;Tangvej 9;0;90;1;58135;56389
37300502;400;4437;6; ;890608;6113367;890622;6113317;15,1123;55,0133;Tangvej 6;0;91;1;58135;56389
37300502;400;2700;6; ;890596;6113842;890599;6113824;15,1127;55,0175;Mosestien 6;0;92;1;58135;56389
37300502;400;531;7; ;890882;6113870;890883;6113851;15,1172;55,0176;Bugten 7;0;93;1;58135;56389
37300502;400;531;12; ;890888;6113836;890886;6113851;15,1172;55,0173;Bugten 12;0;94;1;58135;56389
37300502;400;4602;64; ;890575;6113872;890595;6113888;15,1124;55,0178;Turistvej 64;0;95;1;58135;56389
37300502;400;4602;60; ;890577;6113903;890595;6113888;15,1125;55,0181;Turistvej 60;0;96;1;58135;56389
37300502;400;4602;50; ;890701;6114019;890715;6114020;15,1146;55,019;Turistvej 50;0;97;1;58135;56389
37300502;400;4602;29; ;890726;6114063;890711;6114061;15,115;55,0194;Turistvej 29;0;98;1;58135;56389
37300502;400;4602;25; ;890714;6114107;890707;6114106;15,1149;55,0198;Turistvej 25;0;99;1;58135;56389
37300502;400;4602;32; ;890562;6114178;890584;6114194;15,1127;55,0206;Turistvej 32;0;100;1;58135;56389
37300502;400;4413;29;A;890449;6113732;890422;6113723;15,1103;55,0167;S¯ndre Mosevej 29A;0;101;1;58135;56389
37300502;400;4413;29;D;890599;6113494;890488;6113520;15,1123;55,0144;S¯ndre Mosevej 29D;0;102;1;58135;56389
37300502;400;3906;15; ;890167;6113741;890143;6113759;15,1059;55,017;Smedevej 15;0;103;1;58135;56389
37300502;400;3906;17; ;890173;6113601;890065;6113590;15,1058;55,0157;Smedevej 17;0;104;1;58135;56389
37300502;400;4614;1; ;890432;6113343;890418;6113330;15,1095;55,0132;TvÊrvej 1;0;105;1;58135;56389
37300502;400;4437;16; ;890377;6113292;890391;6113249;15,1086;55,0128;Tangvej 16;0;106;1;58135;56389
37300502;400;801;7; ;889600;6112846;889529;6112884;15,0959;55,0094;Dueoddevej 7;0;107;1;58135;56389
37300502;400;801;6; ;888992;6112548;888981;6112530;15,086;55,0072;Dueoddevej 6;0;108;1;58135;56389
37300502;400;3768;17; ;889120;6111379;889106;6111372;15,0864;54,9967;SkrokkegÂrdsvejen 17;1;109;1;58135;56389
37300502;400;1110;5; ;888639;6110961;888617;6110966;15,0784;54,9933;Fyrvejen 5;1;110;1;58135;56389
37300502;400;1110;2;B;888595;6110976;888611;6110982;15,0777;54,9935;Fyrvejen 2B;1;111;1;58135;56389
37300502;400;3714;19; ;888391;6111199;888369;6111190;15,0749;54,9957;Skovduevej 19;0;112;1;58135;56389
37300502;400;1110;6; ;888482;6111002;888517;6110921;15,076;54,9938;Fyrvejen 6;0;113;1;58135;56389
37300503;400;417;23; ;885203;6116122;885219;6116124;15,0319;55,0421;BrandsgÂrdsvejen 23;0;0;1;56893;55906
37300503;400;417;19; ;885309;6115775;885323;6115780;15,0331;55,0389;BrandsgÂrdsvejen 19;0;1;1;56893;55906
37300503;400;417;9; ;885250;6115729;885247;6115750;15,0321;55,0386;BrandsgÂrdsvejen 9;0;2;1;56893;55906
37300503;400;417;13; ;884682;6115650;884704;6115650;15,0232;55,0383;BrandsgÂrdsvejen 13;0;3;1;56893;55906
37300503;400;417;11; ;884765;6115574;884832;6115654;15,0244;55,0376;BrandsgÂrdsvejen 11;0;4;1;56893;55906
37300503;400;4137;33; ;885441;6115512;885437;6115578;15,0348;55,0365;Stensebyvejen 33;0;5;1;56893;55906
37300503;400;3822;8; ;885699;6115107;885701;6115096;15,0383;55,0327;SlettegÂrdsvejen 8;0;6;1;56893;55906
37300503;400;3822;6; ;885974;6115182;885976;6115151;15,0427;55,0331;SlettegÂrdsvejen 6;0;7;1;56893;55906
37300503;400;3822;4; ;886297;6115207;886299;6115190;15,0477;55,0331;SlettegÂrdsvejen 4;0;8;1;56893;55906
37300503;400;4011;5; ;886759;6114468;886758;6114527;15,0539;55,0261;Spr¯jtevejen 5;0;9;1;56893;55906
37300503;400;4011;10; ;886327;6114584;886329;6114550;15,0473;55,0275;Spr¯jtevejen 10;0;10;1;56893;55906
37300503;400;4011;14; ;886177;6114552;886178;6114536;15,045;55,0273;Spr¯jtevejen 14;0;11;1;56893;55906
37300503;400;4011;16; ;885971;6114569;885968;6114523;15,0418;55,0276;Spr¯jtevejen 16;0;12;1;56893;55906
37300503;400;4011;18; ;885937;6114679;885919;6114681;15,0414;55,0287;Spr¯jtevejen 18;0;13;1;56893;55906
37300503;400;417;4; ;885837;6114544;885836;6114532;15,0397;55,0275;BrandsgÂrdsvejen 4;0;14;1;56893;55906
37300503;400;417;2; ;885920;6114187;885893;6114173;15,0405;55,0243;BrandsgÂrdsvejen 2;0;15;1;56893;55906
37300503;400;3249;28; ;885780;6114034;885784;6114015;15,0381;55,023;Poulskervej 28;0;16;1;56893;55906
37300503;400;3249;15; ;885643;6113942;885633;6113979;15,0358;55,0223;Poulskervej 15;0;17;1;56893;55906
37300503;400;3249;30; ;885436;6113947;885441;6113931;15,0326;55,0225;Poulskervej 30;0;18;1;56893;55906
37300503;400;3249;19; ;885026;6113534;884955;6113807;15,0257;55,0191;Poulskervej 19;0;19;1;56893;55906
37300503;400;3249;21; ;885012;6113475;884928;6113800;15,0254;55,0186;Poulskervej 21;0;20;1;56893;55906
37300503;400;3366;1; ;885246;6113649;885259;6113577;15,0293;55,02;Rispebjergvejen 1;0;21;1;56893;55906
37300503;400;3366;10; ;885014;6113371;885192;6113567;15,0253;55,0177;Rispebjergvejen 10;0;22;1;56893;55906
37300503;400;3366;12; ;885018;6113336;885192;6113567;15,0253;55,0174;Rispebjergvejen 12;0;23;1;56893;55906
37300503;400;3366;14; ;885289;6113547;885284;6113582;15,0298;55,019;Rispebjergvejen 14;0;24;1;56893;55906
37300503;400;3366;3; ;885398;6113608;885399;6113595;15,0316;55,0195;Rispebjergvejen 3;0;25;1;56893;55906
37300503;400;3366;16; ;885622;6113550;885614;6113618;15,035;55,0188;Rispebjergvejen 16;0;26;1;56893;55906
37300503;400;3366;18; ;885704;6113604;885701;6113628;15,0363;55,0192;Rispebjergvejen 18;0;27;1;56893;55906
37300503;400;4623;2; ;885921;6113811;885940;6113837;15,04;55,0209;UdegÂrdsvejen 2;0;28;1;56893;55906
37300503;400;3249;11; ;886186;6114058;886172;6114112;15,0444;55,0229;Poulskervej 11;0;29;1;56893;55906
37300503;400;3249;26; ;886368;6114365;886408;6114168;15,0477;55,0255;Poulskervej 26;0;30;1;56893;55906
37300503;400;3249;24; ;886498;6114426;886523;6114186;15,0498;55,026;Poulskervej 24;0;31;1;56893;55906
37300503;400;3837;2; ;885577;6114298;885577;6114261;15,0353;55,0255;Slotsvejen 2;0;32;1;56893;55906
37300503;400;3837;3; ;884816;6114396;884830;6114455;15,0236;55,027;Slotsvejen 3;0;33;1;56893;55906
37300503;400;534;4; ;884741;6115167;884800;6115152;15,0234;55,0339;Bukkevadsvejen 4;0;34;1;56893;55906
37300503;400;417;5; ;885503;6114931;885523;6114936;15,035;55,0313;BrandsgÂrdsvejen 5;0;35;1;56893;55906
37300503;400;417;3; ;885560;6114669;885605;6114681;15,0355;55,0289;BrandsgÂrdsvejen 3;0;36;1;56893;55906
37300503;400;4137;36; ;885492;6115621;885495;6115583;15,0357;55,0374;Stensebyvejen 36;0;37;1;56893;55906
37300503;400;4137;31; ;885633;6115591;885631;6115616;15,0379;55,037;Stensebyvejen 31;0;38;1;56893;55906
37300503;400;4137;27; ;886009;6115594;886014;6115615;15,0437;55,0368;Stensebyvejen 27;0;39;1;56893;55906
37300503;400;4137;25; ;886175;6115553;886176;6115577;15,0463;55,0363;Stensebyvejen 25;0;40;1;56893;55906
37300503;400;4137;30; ;886661;6115883;886656;6115879;15,0543;55,0389;Stensebyvejen 30;0;41;1;56893;55906
37300503;400;4698;8; ;887135;6116312;887133;6116337;15,0622;55,0423;Vangsbovej 8;0;42;1;56893;55906
37300503;400;2637;8; ;887070;6116403;887070;6116388;15,0614;55,0432;Mejerigaden 8;0;43;1;56893;55906
37300503;400;2637;6; ;887084;6116408;887085;6116389;15,0616;55,0432;Mejerigaden 6;0;44;1;56893;55906
37300503;400;2637;5; ;887154;6116379;887152;6116395;15,0626;55,0429;Mejerigaden 5;0;45;1;56893;55906
37300503;400;2637;10; ;887033;6116400;887033;6116386;15,0608;55,0432;Mejerigaden 10;0;46;1;56893;55906
37300503;400;2637;7; ;887024;6116364;887047;6116387;15,0606;55,0429;Mejerigaden 7;0;47;1;56893;55906
37300503;400;2634;3; ;887004;6116446;887017;6116445;15,0604;55,0436;Mejeribakken 3;0;48;1;56893;55906
37300503;400;2634;1; ;886996;6116400;887015;6116398;15,0602;55,0432;Mejeribakken 1;0;49;1;56893;55906
37300503;400;2637;9; ;886988;6116370;886987;6116384;15,06;55,043;Mejerigaden 9;0;50;1;56893;55906
37300503;400;2637;11; ;886976;6116370;886975;6116384;15,0598;55,043;Mejerigaden 11;0;51;1;56893;55906
37300503;400;2637;15; ;886947;6116370;886946;6116384;15,0594;55,043;Mejerigaden 15;0;52;1;56893;55906
37300503;400;2637;12; ;886941;6116404;886941;6116384;15,0593;55,0433;Mejerigaden 12;0;53;1;56893;55906
37300503;400;2637;14; ;886892;6116404;886891;6116384;15,0586;55,0433;Mejerigaden 14;0;54;1;56893;55906
37300503;400;2637;18; ;886703;6116402;886702;6116385;15,0556;55,0435;Mejerigaden 18;0;55;1;56893;55906
37300503;400;2637;22; ;886476;6116410;886475;6116386;15,0521;55,0437;Mejerigaden 22;0;56;1;56893;55906
37300503;400;2637;24; ;886382;6116403;886381;6116387;15,0507;55,0437;Mejerigaden 24;0;57;1;56893;55906
37300503;400;1050;1; ;886168;6116736;886184;6116734;15,0478;55,0469;Fredenlundsvej 1;0;58;1;56893;55906
37300503;400;2637;19; ;886082;6116381;886082;6116394;15,0459;55,0438;Mejerigaden 19;0;59;1;56893;55906
37300503;400;2637;26; ;885989;6116448;886008;6116449;15,0446;55,0444;Mejerigaden 26;0;60;1;56893;55906
37300503;400;2637;21; ;885638;6115988;885659;6116403;15,0385;55,0406;Mejerigaden 21;0;61;1;56893;55906
37300503;400;417;14; ;885498;6116837;885471;6116842;15,0375;55,0483;BrandsgÂrdsvejen 14;0;62;1;56893;55906
37300503;400;417;25; ;885087;6116966;885091;6116974;15,0312;55,0498;BrandsgÂrdsvejen 25;0;63;1;56893;55906
37300503;400;3108;19; ;885076;6117161;885072;6117176;15,0313;55,0515;Pederskervejen 19;0;64;1;56893;55906
37300503;400;2499;2; ;885024;6117225;885013;6117220;15,0306;55,0521;Lyngvejen 2;0;65;1;56893;55906
37300503;400;2499;1; ;884943;6117251;884991;6117270;15,0294;55,0524;Lyngvejen 1;0;66;1;56893;55906
37300503;400;2499;3; ;884885;6117425;884923;6117440;15,0287;55,054;Lyngvejen 3;0;67;1;56893;55906
37300503;400;2499;5; ;884656;6117640;884659;6117651;15,0255;55,0561;Lyngvejen 5;0;68;1;56893;55906
37300503;400;2499;4; ;884544;6117744;884525;6117742;15,0239;55,0571;Lyngvejen 4;0;69;1;56893;55906
37300503;400;2499;7; ;884488;6117501;884551;6117688;15,0227;55,055;Lyngvejen 7;0;70;1;56893;55906
37300503;400;3108;52; ;885463;6117481;885489;6117259;15,0378;55,0541;Pederskervejen 52;0;71;1;56893;55906
37300503;400;3108;50; ;885480;6117275;885482;6117258;15,0378;55,0522;Pederskervejen 50;0;72;1;56893;55906
37300503;400;3108;48; ;885559;6117544;885545;6117501;15,0394;55,0546;Pederskervejen 48;0;73;1;56893;55906
37300503;400;3108;46; ;886187;6117241;886195;6117217;15,0488;55,0514;Pederskervejen 46;0;74;1;56893;55906
37300503;400;3108;15; ;886276;6117202;886263;6117240;15,0501;55,0509;Pederskervejen 15;0;75;1;56893;55906
37300503;400;3108;44; ;886353;6117297;886361;6117274;15,0514;55,0517;Pederskervejen 44;0;76;1;56893;55906
37300503;400;3108;42; ;886387;6117344;886405;6117289;15,052;55,0521;Pederskervejen 42;0;77;1;56893;55906
37300503;400;3108;34; ;886919;6117497;886914;6117510;15,0605;55,0531;Pederskervejen 34;0;78;1;56893;55906
37300503;400;3108;32; ;886942;6117506;886938;6117518;15,0609;55,0531;Pederskervejen 32;0;79;1;56893;55906
37300503;400;3108;28; ;886998;6117533;886978;6117526;15,0618;55,0533;Pederskervejen 28;0;80;1;56893;55906
37300503;400;1143;4; ;886809;6117563;886819;6117566;15,0589;55,0538;Gadebyvejen 4;0;81;1;56893;55906
37300503;400;1143;2; ;886465;6118018;886500;6118043;15,0541;55,0581;Gadebyvejen 2;0;82;1;56893;55906
37300503;400;3444;54; ;886458;6118339;886461;6118315;15,0545;55,061;R¯nnevej 54;0;83;1;56893;55906
37300503;400;3444;56; ;886415;6118332;886418;6118309;15,0538;55,0609;R¯nnevej 56;0;84;1;56893;55906
37300503;400;1128;2; ;886262;6118316;886250;6118312;15,0514;55,0609;FÂrebrovejen 2;0;85;1;56893;55906
37300503;400;1128;1; ;886236;6118314;886248;6118318;15,051;55,0609;FÂrebrovejen 1;0;86;1;56893;55906
37300503;400;1128;4; ;886250;6118353;886237;6118348;15,0512;55,0612;FÂrebrovejen 4;0;87;1;56893;55906
37300503;400;1128;3; ;886217;6118365;886230;6118369;15,0507;55,0614;FÂrebrovejen 3;0;88;1;56893;55906
37300503;400;1128;5; ;886116;6118709;886126;6118712;15,0496;55,0645;FÂrebrovejen 5;0;89;1;56893;55906
37300503;400;1128;7; ;886055;6118827;886083;6118836;15,0488;55,0656;FÂrebrovejen 7;0;90;1;56893;55906
37300503;400;1128;9; ;886051;6118873;886068;6118879;15,0488;55,066;FÂrebrovejen 9;0;91;1;56893;55906
37300503;400;1128;11; ;885893;6118810;885902;6118820;15,0463;55,0656;FÂrebrovejen 11;0;92;1;56893;55906
37300503;400;1128;12; ;886196;6118962;886175;6118967;15,0512;55,0667;FÂrebrovejen 12;0;93;1;56893;55906
37300503;400;1128;14; ;886060;6118966;886039;6118963;15,0491;55,0669;FÂrebrovejen 14;0;94;1;56893;55906
37300503;400;1128;15; ;885957;6119123;886028;6119124;15,0477;55,0684;FÂrebrovejen 15;0;95;1;56893;55906
37300503;400;1128;17; ;886066;6119279;886088;6119284;15,0496;55,0697;FÂrebrovejen 17;0;96;1;56893;55906
37300503;400;1128;19; ;885997;6119783;886034;6119822;15,0492;55,0742;FÂrebrovejen 19;0;97;1;56893;55906
37300503;400;1914;7; ;885178;6119510;885318;6119580;15,0361;55,0724;Kattesletsvejen 7;0;98;1;56893;55906
37300503;400;1914;10; ;885474;6119244;885457;6119168;15,0403;55,0698;Kattesletsvejen 10;0;99;1;56893;55906
37300503;400;1914;5; ;885296;6119178;885332;6119200;15,0375;55,0694;Kattesletsvejen 5;0;100;1;56893;55906
37300503;400;1914;6; ;885723;6119285;885401;6119294;15,0443;55,07;Kattesletsvejen 6;0;101;1;56893;55906
37300503;400;825;1; ;885414;6119427;885419;6119414;15,0397;55,0715;D¯vredalsvejen 1;0;102;1;56893;55906
37300503;400;825;2; ;885553;6119453;885544;6119471;15,0419;55,0716;D¯vredalsvejen 2;0;103;1;56893;55906
37300503;400;825;3; ;885573;6119544;885596;6119495;15,0423;55,0724;D¯vredalsvejen 3;0;104;1;56893;55906
37300503;400;825;4; ;885772;6119463;885685;6119539;15,0453;55,0715;D¯vredalsvejen 4;0;105;1;56893;55906
37300503;400;825;7; ;885697;6119773;885696;6119755;15,0445;55,0744;D¯vredalsvejen 7;0;106;1;56893;55906
37300503;400;705;11; ;885023;6119371;884994;6119411;15,0335;55,0713;Dalevejen 11;0;107;1;56893;55906
37300503;400;705;13; ;884935;6119284;884909;6119307;15,032;55,0706;Dalevejen 13;0;108;1;56893;55906
37300503;400;2499;15; ;884397;6119139;884411;6119146;15,0234;55,0697;Lyngvejen 15;0;109;1;56893;55906
37300503;400;2499;13; ;884517;6119045;884548;6119042;15,0252;55,0688;Lyngvejen 13;0;110;1;56893;55906
37300503;400;2499;11; ;884338;6118966;884347;6118939;15,0223;55,0682;Lyngvejen 11;0;111;1;56893;55906
37300503;400;2499;9; ;884500;6118619;884513;6118617;15,0243;55,065;Lyngvejen 9;0;112;1;56893;55906
37300503;400;3444;57; ;884205;6118495;884218;6118554;15,0196;55,0641;R¯nnevej 57;0;113;1;56893;55906
37300503;400;3444;72; ;884880;6118419;884898;6118378;15,03;55,0629;R¯nnevej 72;0;114;1;56893;55906
37300503;400;1914;1; ;885298;6118728;885309;6118726;15,0369;55,0653;Kattesletsvejen 1;0;115;1;56893;55906
37300503;400;3444;68; ;885915;6118370;885904;6118272;15,046;55,0617;R¯nnevej 68;0;116;1;56893;55906
37300503;400;3444;51; ;886042;6117991;886041;6118260;15,0475;55,0582;R¯nnevej 51;0;117;1;56893;55906
37300503;400;3444;62; ;886094;6118286;886096;6118262;15,0487;55,0608;R¯nnevej 62;0;118;1;56893;55906
37300503;400;3444;49; ;886243;6118023;886203;6118276;15,0507;55,0583;R¯nnevej 49;0;119;1;56893;55906
37300503;400;3444;47; ;886255;6118242;886248;6118283;15,0512;55,0603;R¯nnevej 47;0;120;1;56893;55906
37300503;400;3444;52; ;886574;6118355;886577;6118333;15,0563;55,061;R¯nnevej 52;0;121;1;56893;55906
37300503;400;3444;50; ;886705;6118380;886709;6118353;15,0583;55,0611;R¯nnevej 50;0;122;1;56893;55906
37300503;400;3444;45; ;886963;6118029;886910;6118383;15,0619;55,0578;R¯nnevej 45;0;123;1;56893;55906
37300503;400;3444;48; ;886962;6118422;886966;6118392;15,0624;55,0613;R¯nnevej 48;0;124;1;56893;55906
37300503;400;3444;43; ;887358;6118425;887354;6118450;15,0686;55,061;R¯nnevej 43;0;125;1;56893;55906
37300503;400;3444;41; ;887553;6118461;887547;6118480;15,0717;55,0612;R¯nnevej 41;0;126;1;56893;55906
37300503;400;3210;2; ;887282;6118718;887203;6118705;15,0678;55,0637;Plantagevej 2;0;127;1;56893;55906
37300503;400;3210;7; ;887148;6118944;887166;6118946;15,066;55,0658;Plantagevej 7;0;128;1;56893;55906
37300503;400;3210;4; ;887171;6119001;887158;6118999;15,0664;55,0663;Plantagevej 4;0;129;1;56893;55906
37300503;400;3210;6; ;887160;6119059;887149;6119058;15,0664;55,0668;Plantagevej 6;0;130;1;56893;55906
37300503;400;3210;15; ;887088;6119306;887110;6119309;15,0656;55,0691;Plantagevej 15;0;131;1;56893;55906
37400500;400;1659;9; ;889550;6125634;889464;6125716;15,1126;55,1237;H¯jevejen 9;0;0;1;34817;35888
37400500;400;1659;8; ;888932;6126061;888966;6126108;15,1035;55,128;H¯jevejen 8;0;1;1;34817;35888
37400500;400;1659;6; ;888979;6126218;889003;6126158;15,1045;55,1294;H¯jevejen 6;0;2;1;34817;35888
37400500;400;1659;5; ;889761;6126089;889573;6126079;15,1165;55,1276;H¯jevejen 5;0;3;1;34817;35888
37400500;400;1659;7; ;889861;6126073;889839;6126083;15,118;55,1274;H¯jevejen 7;0;4;1;34817;35888
37400500;400;1659;1; ;889695;6126784;889628;6126791;15,1164;55,1339;H¯jevejen 1;0;5;1;34817;35888
37400500;400;1659;2; ;889368;6126812;889419;6126799;15,1113;55,1344;H¯jevejen 2;0;6;1;34817;35888
37400500;400;4965;8; ;889684;6127261;889679;6127258;15,1169;55,1382;ÿstermarievej 8;0;7;1;34817;35888
37400500;400;4965;6; ;889835;6127197;889833;6127167;15,1191;55,1375;ÿstermarievej 6;0;8;1;34817;35888
37400500;400;4965;5; ;890081;6127018;890073;6127049;15,1227;55,1357;ÿstermarievej 5;0;9;1;34817;35888
37400500;400;4965;4;A;890190;6127456;890213;6127426;15,125;55,1395;ÿstermarievej 4A;0;10;1;34817;35888
37400500;400;4965;10; ;889559;6127225;889564;6127173;15,1149;55,1379;ÿstermarievej 10;0;11;1;34817;35888
37400500;400;4965;12; ;889098;6127166;889120;6127149;15,1076;55,1378;ÿstermarievej 12;0;12;1;34817;35888
37400500;400;4965;7; ;888933;6127014;888931;6127039;15,1048;55,1366;ÿstermarievej 7;0;13;1;34817;35888
37400500;400;4965;11; ;888696;6126885;888699;6126923;15,101;55,1356;ÿstermarievej 11;0;14;1;34817;35888
37400500;400;4965;14; ;888545;6127062;888546;6127018;15,0988;55,1373;ÿstermarievej 14;0;15;1;34817;35888
37400500;400;4965;13; ;888477;6126981;888474;6127014;15,0977;55,1366;ÿstermarievej 13;0;16;1;34817;35888
37400500;400;4305;42; ;888230;6126973;888231;6127005;15,0938;55,1367;Svanekevej 42;0;17;1;34817;35888
37400500;400;4305;67; ;888207;6127068;888203;6127006;15,0936;55,1376;Svanekevej 67;0;18;1;34817;35888
37400500;400;4305;40; ;888179;6126927;888187;6126929;15,0929;55,1364;Svanekevej 40;0;19;1;34817;35888
37400500;400;4305;38; ;888088;6126998;888094;6127024;15,0916;55,1371;Svanekevej 38;0;20;1;34817;35888
37400500;400;4305;65; ;888074;6127060;888066;6127031;15,0915;55,1376;Svanekevej 65;0;21;1;34817;35888
37400500;400;4305;34; ;887796;6126965;887829;6127093;15,087;55,137;Svanekevej 34;0;22;1;34817;35888
37400500;400;4305;59; ;887095;6127283;887112;6127167;15,0765;55,1404;Svanekevej 59;0;23;1;34817;35888
37400500;400;4305;32; ;887044;6127083;887032;6127155;15,0755;55,1386;Svanekevej 32;0;24;1;34817;35888
37400500;400;4305;61; ;887263;6127599;887273;6127191;15,0796;55,1431;Svanekevej 61;0;25;1;34817;35888
37400500;400;651;4; ;886722;6127724;886677;6127742;15,0713;55,1446;B¯lshavnvej 4;0;26;1;34817;35888
37400500;400;651;5; ;886845;6128340;886915;6128309;15,0741;55,15;B¯lshavnvej 5;0;27;1;34817;35888
37400500;400;651;6; ;887135;6128436;886950;6128391;15,0787;55,1507;B¯lshavnvej 6;0;28;1;34817;35888
37400500;400;4633;2; ;886945;6128604;886933;6128588;15,076;55,1523;Udsigten 2;0;29;1;34817;35888
37400500;400;651;7; ;887027;6128628;887046;6128620;15,0773;55,1525;B¯lshavnvej 7;0;30;1;34817;35888
37400500;400;648;26; ;887101;6128700;887112;6128743;15,0785;55,153;B¯lshavn 26;0;31;1;34817;35888
37400500;400;648;29;C;887024;6128823;887005;6128776;15,0775;55,1542;B¯lshavn 29C;0;32;1;34817;35888
37400500;400;648;14;A;886896;6128812;886899;6128820;15,0755;55,1542;B¯lshavn 14A;0;33;1;34817;35888
37400500;400;648;14;B;886880;6128789;886894;6128822;15,0752;55,154;B¯lshavn 14B;0;34;1;34817;35888
37400500;400;648;10; ;886830;6128809;886841;6128839;15,0745;55,1542;B¯lshavn 10;0;35;1;34817;35888
37400500;400;648;13;B;886786;6128880;886779;6128858;15,0739;55,1549;B¯lshavn 13B;0;36;1;34817;35888
37400500;400;3972;4; ;886723;6128768;886740;6128762;15,0727;55,1539;Sommervej 4;0;37;1;34817;35888
37400500;400;648;13;A;886759;6128886;886753;6128867;15,0735;55,155;B¯lshavn 13A;0;38;1;34817;35888
37400500;400;648;25; ;886987;6128802;886979;6128786;15,0769;55,1541;B¯lshavn 25;0;39;1;34817;35888
37400500;400;648;20; ;886999;6128762;887006;6128775;15,077;55,1537;B¯lshavn 20;0;40;1;34817;35888
37400500;400;648;29;A;887024;6128796;887014;6128772;15,0775;55,154;B¯lshavn 29A;0;41;1;34817;35888
37400500;400;648;22; ;887039;6128751;887042;6128763;15,0776;55,1536;B¯lshavn 22;1;42;1;34817;35888
37400500;400;648;24; ;887085;6128739;887088;6128750;15,0784;55,1534;B¯lshavn 24;0;43;1;34817;35888
37400500;400;648;39; ;887125;6128757;887120;6128741;15,079;55,1535;B¯lshavn 39;0;44;1;34817;35888
37400500;400;648;30; ;887144;6128726;887146;6128734;15,0792;55,1532;B¯lshavn 30;0;45;1;34817;35888
37400500;400;648;41; ;887173;6128745;887168;6128728;15,0797;55,1534;B¯lshavn 41;0;46;1;34817;35888
37400500;400;648;43; ;887225;6128729;887220;6128712;15,0805;55,1532;B¯lshavn 43;0;47;1;34817;35888
37400500;400;648;42; ;887286;6128668;887292;6128690;15,0814;55,1526;B¯lshavn 42;0;48;1;34817;35888
37400500;400;648;48; ;887479;6128591;887481;6128603;15,0843;55,1518;B¯lshavn 48;0;49;1;34817;35888
37400500;400;648;52; ;887534;6128534;887550;6128559;15,0851;55,1512;B¯lshavn 52;0;50;1;34817;35888
37400500;400;648;56; ;887680;6128424;887701;6128463;15,0872;55,1501;B¯lshavn 56;0;51;1;34817;35888
37400500;400;648;64; ;887992;6128360;887996;6128379;15,092;55,1493;B¯lshavn 64;0;52;1;34817;35888
37400500;400;648;68; ;888051;6128339;888057;6128364;15,0929;55,1491;B¯lshavn 68;0;53;1;34817;35888
37400500;400;4596;7; ;888291;6127965;888308;6127974;15,0961;55,1455;Tuevej 7;0;54;1;34817;35888
37400500;400;4596;5; ;888066;6128095;888055;6128085;15,0928;55,1469;Tuevej 5;0;55;1;34817;35888
37400500;400;4596;1; ;887829;6128058;887844;6128059;15,089;55,1467;Tuevej 1;1;56;1;34817;35888
37400500;400;459;1; ;888136;6127554;888344;6127564;15,0931;55,142;Brol¯kke 1;0;57;1;34817;35888
37400500;400;2382;6; ;888630;6127663;888652;6127652;15,101;55,1426;Lilleh¯jsvej 6;0;58;1;34817;35888
37400500;400;4707;1; ;888791;6127567;888764;6127535;15,1034;55,1416;VasegÂrdsvejen 1;0;59;1;34817;35888
37400500;400;501;2;A;888590;6127308;888498;6127307;15,0999;55,1394;BrÊndesmarksvejen 2A;0;60;1;34817;35888
37400500;400;555;3; ;888321;6126907;888321;6126904;15,0951;55,1361;Byfogedvej 3;0;61;1;34817;35888
37400500;400;555;1; ;888275;6126324;888344;6126307;15,0936;55,1309;Byfogedvej 1;0;62;1;34817;35888
37400500;400;555;2; ;888124;6126028;888101;6126028;15,0909;55,1284;Byfogedvej 2;0;63;1;34817;35888
37400500;400;1695;47; ;888187;6125359;888235;6125492;15,0909;55,1223;Ibskervej 47;0;64;1;34817;35888
37400500;400;1695;56; ;888365;6125595;888385;6125580;15,094;55,1243;Ibskervej 56;0;65;1;34817;35888
37400500;400;2457;8; ;887817;6125577;887855;6125648;15,0855;55,1246;Louisenlundvej 8;0;66;1;34817;35888
37400500;400;2508;44; ;887459;6125363;887447;6125514;15,0796;55,1229;Lyrsbyvej 44;0;67;1;34817;35888
37400500;400;2508;42; ;887231;6125465;887228;6125497;15,0762;55,124;Lyrsbyvej 42;0;68;1;34817;35888
37400500;400;2508;40; ;887228;6125143;887202;6125495;15,0757;55,1212;Lyrsbyvej 40;0;69;1;34817;35888
37400500;400;2508;38; ;887014;6125141;886986;6125478;15,0723;55,1213;Lyrsbyvej 38;0;70;1;34817;35888
37400500;400;2427;1; ;887612;6125410;887530;6125379;15,082;55,1233;Lindholmsvej 1;0;71;1;34817;35888
37400500;400;2427;3; ;887712;6124958;887693;6124950;15,083;55,1191;Lindholmsvej 3;0;72;1;34817;35888
37400500;400;2427;2; ;887466;6124659;887570;6124605;15,0787;55,1166;Lindholmsvej 2;0;73;1;34817;35888
37400500;400;2427;5; ;887576;6124563;887555;6124576;15,0803;55,1157;Lindholmsvej 5;0;74;1;34817;35888
37400500;400;2427;4; ;887463;6124454;887485;6124442;15,0784;55,1148;Lindholmsvej 4;0;75;1;34817;35888
37400501;400;24;1; ;891414;6124235;891420;6124247;15,1397;55,1098;Aarsdale Kirkevej 1;0;0;1;38144;38581
37400501;400;24;3; ;891307;6124240;891299;6124276;15,138;55,1099;Aarsdale Kirkevej 3;0;1;1;38144;38581
37400501;400;24;5; ;890911;6124161;890877;6124164;15,1318;55,1095;Aarsdale Kirkevej 5;0;2;1;38144;38581
37400501;400;24;4; ;890779;6124623;890804;6124592;15,1303;55,1137;Aarsdale Kirkevej 4;0;3;1;38144;38581
37400501;400;24;11; ;889928;6124091;889913;6124152;15,1163;55,1096;Aarsdale Kirkevej 11;0;4;1;38144;38581
37400501;400;24;8; ;889775;6124185;889790;6124122;15,1141;55,1106;Aarsdale Kirkevej 8;0;5;1;38144;38581
37400501;400;1695;48; ;889645;6124044;889611;6124031;15,1119;55,1095;Ibskervej 48;0;6;1;38144;38581
37400501;400;1695;46; ;889679;6123957;889645;6123943;15,1123;55,1086;Ibskervej 46;0;7;1;38144;38581
37400501;400;1695;39; ;889765;6123690;889792;6123713;15,1132;55,1062;Ibskervej 39;0;8;1;38144;38581
37400501;400;2130;2; ;889501;6123792;889530;6123731;15,1093;55,1073;Kodalsvejen 2;0;9;1;38144;38581
37400501;400;1695;42; ;889720;6123867;889691;6123851;15,1128;55,1078;Ibskervej 42;0;10;1;38144;38581
37400501;400;1695;44;A;889718;6123885;889675;6123881;15,1128;55,108;Ibskervej 44A;1;11;1;38144;38581
37400501;400;1695;44;C;889693;6123929;889659;6123911;15,1124;55,1084;Ibskervej 44C;0;12;1;38144;38581
37400501;400;1695;44;B;889731;6123926;889669;6123893;15,113;55,1083;Ibskervej 44B;1;13;1;38144;38581
37400501;400;1695;41; ;889488;6124221;889532;6124237;15,1097;55,1112;Ibskervej 41;0;14;1;38144;38581
37400501;400;3981;2; ;889163;6124310;889168;6124297;15,1047;55,1122;Sorteh¯lsvejen 2;0;15;1;38144;38581
37400501;400;3981;1; ;889235;6123981;889258;6124006;15,1054;55,1092;Sorteh¯lsvejen 1;0;16;1;38144;38581
37400501;400;1695;52; ;889460;6124590;889450;6124615;15,1097;55,1145;Ibskervej 52;0;17;1;38144;38581
37400501;400;1695;45; ;889110;6124790;889132;6124764;15,1045;55,1165;Ibskervej 45;0;18;1;38144;38581
37400501;400;2175;22; ;889209;6124897;889225;6124877;15,1062;55,1174;Korsh¯je 22;0;19;1;38144;38581
37400501;400;744;1; ;888738;6124610;888691;6124608;15,0985;55,1152;Degnebrovejen 1;0;20;1;38144;38581
37400501;400;744;6; ;888328;6124749;888350;6124758;15,0923;55,1168;Degnebrovejen 6;0;21;1;38144;38581
37400501;400;744;8; ;888073;6124827;888105;6124825;15,0884;55,1177;Degnebrovejen 8;0;22;1;38144;38581
37400501;400;744;3; ;888518;6124086;888539;6124159;15,0943;55,1107;Degnebrovejen 3;0;23;1;38144;38581
37400501;400;744;10; ;888143;6124334;888161;6124315;15,0888;55,1132;Degnebrovejen 10;0;24;1;38144;38581
37400501;400;744;12; ;887774;6124396;887830;6124139;15,0832;55,1141;Degnebrovejen 12;0;25;1;38144;38581
37400501;400;744;14; ;887952;6124276;887975;6124171;15,0858;55,1129;Degnebrovejen 14;0;26;1;38144;38581
37400501;400;744;5; ;887701;6124098;887698;6124110;15,0816;55,1115;Degnebrovejen 5;0;27;1;38144;38581
37400501;400;744;18; ;887572;6124115;887578;6124083;15,0796;55,1117;Degnebrovejen 18;0;28;1;38144;38581
37400501;400;744;15; ;887379;6123949;887357;6124034;15,0764;55,1104;Degnebrovejen 15;0;29;1;38144;38581
37400501;400;3084;8; ;887397;6123841;887379;6123788;15,0765;55,1094;Paradisbakkevejen 8;0;30;1;38144;38581
37400501;400;3084;25; ;887816;6123616;887823;6123641;15,0828;55,1071;Paradisbakkevejen 25;0;31;1;38144;38581
37400501;400;3084;17; ;887999;6123566;888005;6123590;15,0855;55,1065;Paradisbakkevejen 17;0;32;1;38144;38581
37400501;400;3084;6; ;888187;6123820;888194;6123797;15,0888;55,1086;Paradisbakkevejen 6;0;33;1;38144;38581
37400501;400;3084;15; ;888243;6123477;888255;6123517;15,0892;55,1055;Paradisbakkevejen 15;0;34;1;38144;38581
37400501;400;3084;13; ;888379;6123444;888388;6123464;15,0913;55,1051;Paradisbakkevejen 13;0;35;1;38144;38581
37400501;400;3084;11; ;888533;6123315;888564;6123382;15,0935;55,1038;Paradisbakkevejen 11;0;36;1;38144;38581
37400501;400;3084;7; ;888943;6123147;888964;6123192;15,0997;55,102;Paradisbakkevejen 7;0;37;1;38144;38581
37400501;400;3084;5; ;888984;6123131;889004;6123172;15,1003;55,1018;Paradisbakkevejen 5;0;38;1;38144;38581
37400501;400;3084;4; ;889302;6123187;889312;6123122;15,1053;55,1021;Paradisbakkevejen 4;0;39;1;38144;38581
37400501;400;3084;2; ;889708;6123404;889722;6123395;15,112;55,1037;Paradisbakkevejen 2;0;40;1;38144;38581
37400501;400;3084;1; ;889908;6123221;889930;6123231;15,1148;55,1019;Paradisbakkevejen 1;0;41;1;38144;38581
37400501;400;1695;40; ;890300;6123412;890250;6123387;15,1212;55,1033;Ibskervej 40;0;42;1;38144;38581
37400501;400;2130;1; ;889682;6122854;889690;6122865;15,1108;55,0988;Kodalsvejen 1;0;43;1;38144;38581
37400501;400;2130;3; ;889697;6122792;889716;6122795;15,111;55,0982;Kodalsvejen 3;0;44;1;38144;38581
37400501;400;3045;9;A;890209;6122604;890109;6122698;15,1187;55,0961;Oksemyrevejen 9A;0;45;1;38144;38581
37400501;400;3045;5; ;890149;6122731;890144;6122737;15,1179;55,0973;Oksemyrevejen 5;0;46;1;38144;38581
37400501;400;3045;8; ;890228;6122836;890249;6122791;15,1193;55,0982;Oksemyrevejen 8;0;47;1;38144;38581
37400501;400;3045;3; ;890267;6122788;890262;6122797;15,1198;55,0977;Oksemyrevejen 3;0;48;1;38144;38581
37400501;400;1695;36; ;890641;6122634;890598;6122606;15,1254;55,0961;Ibskervej 36;0;49;1;38144;38581
37400501;400;1695;35; ;890484;6122354;890502;6122348;15,1226;55,0937;Ibskervej 35;0;50;1;38144;38581
37400501;400;3045;6; ;890560;6122947;890567;6122929;15,1246;55,0989;Oksemyrevejen 6;0;51;1;38144;38581
37400501;400;3045;4; ;890767;6123040;890774;6123024;15,128;55,0996;Oksemyrevejen 4;0;52;1;38144;38581
37400501;400;3045;2; ;891033;6123116;891037;6123078;15,1322;55,1001;Oksemyrevejen 2;0;53;1;38144;38581
37400501;400;3045;1; ;891412;6123032;891400;6123046;15,138;55,099;Oksemyrevejen 1;0;54;1;38144;38581
37400501;400;3552;7; ;891667;6123394;891683;6123383;15,1425;55,1021;Sdr Aarsdalevej 7;0;55;1;38144;38581
37400501;400;27;47; ;891845;6123154;891867;6123163;15,1449;55,0998;Aarsdalevej 47;0;56;1;38144;38581
37400501;400;27;39; ;891970;6122900;891994;6122912;15,1465;55,0974;Aarsdalevej 39;0;57;1;38144;38581
37400501;400;24;7; ;890985;6123765;890923;6123825;15,1324;55,1059;Aarsdale Kirkevej 7;0;58;1;38144;38581
37400501;400;27;53; ;891435;6124646;891552;6124603;15,1406;55,1134;Aarsdalevej 53;0;59;1;38144;38581
37400501;400;27;57; ;891567;6124746;891594;6124741;15,1428;55,1142;Aarsdalevej 57;0;60;1;38144;38581
37400501;400;27;59; ;891581;6124809;891603;6124806;15,1431;55,1148;Aarsdalevej 59;0;61;1;38144;38581
37400501;400;3003;1; ;890885;6125245;890843;6125244;15,1328;55,1192;N¯rregÂrdsvejen 1;0;62;1;38144;38581
37400501;400;27;61; ;891581;6125227;891611;6125226;15,1437;55,1185;Aarsdalevej 61;0;63;1;38144;38581
37400501;400;27;63; ;891571;6125291;891612;6125290;15,1436;55,1191;Aarsdalevej 63;0;64;1;38144;38581
37400501;400;27;67; ;891593;6125295;891612;6125294;15,1439;55,1191;Aarsdalevej 67;0;65;1;38144;38581
37400501;400;27;38; ;891650;6125318;891612;6125318;15,1449;55,1193;Aarsdalevej 38;0;66;1;38144;38581
37400501;400;27;69; ;891593;6125345;891612;6125344;15,144;55,1195;Aarsdalevej 69;0;67;1;38144;38581
37400501;400;27;40;A;891648;6125381;891614;6125382;15,1449;55,1198;Aarsdalevej 40A;0;68;1;38144;38581
37400501;400;27;73; ;891237;6125635;891252;6125645;15,1389;55,1224;Aarsdalevej 73;0;69;1;38144;38581
37400501;400;2829;1; ;891797;6125607;891788;6125581;15,1476;55,1217;Ndr Grisbyvej 1;0;70;1;38144;38581
37400501;400;27;42; ;891723;6125707;891668;6125716;15,1465;55,1227;Aarsdalevej 42;0;71;1;38144;38581
37400501;400;27;77; ;891657;6125785;891679;6125780;15,1456;55,1234;Aarsdalevej 77;0;72;1;38144;38581
37400501;400;27;79; ;891670;6125819;891686;6125816;15,1459;55,1237;Aarsdalevej 79;0;73;1;38144;38581
37400501;400;27;81; ;891389;6126010;891388;6126041;15,1417;55,1256;Aarsdalevej 81;1;74;1;38144;38581
37400501;400;27;81;A;891365;6125982;891364;6126041;15,1413;55,1254;Aarsdalevej 81A;0;75;1;38144;38581
37400501;400;27;81;D;891340;6126005;891339;6126041;15,141;55,1256;Aarsdalevej 81D;0;76;1;38144;38581
37400501;400;2175;3;B;890817;6125877;890533;6126136;15,1326;55,1249;Korsh¯je 3B;0;77;1;38144;38581
37400501;400;2175;6; ;890684;6126434;890698;6126427;15,1313;55,13;Korsh¯je 6;0;78;1;38144;38581
37400501;400;2175;8; ;890251;6126115;890260;6126123;15,1241;55,1275;Korsh¯je 8;0;79;1;38144;38581
37400501;400;2175;10; ;890328;6125964;890356;6125938;15,1251;55,1261;Korsh¯je 10;0;80;1;38144;38581
37400501;400;2175;12; ;890169;6125758;890182;6125745;15,1224;55,1244;Korsh¯je 12;0;81;1;38144;38581
37400501;400;2175;5; ;890154;6125696;890145;6125703;15,1221;55,1238;Korsh¯je 5;0;82;1;38144;38581
37400501;400;2175;14; ;890059;6125636;890072;6125623;15,1205;55,1233;Korsh¯je 14;0;83;1;38144;38581
37400501;400;2175;7; ;890025;6125548;890013;6125558;15,1199;55,1226;Korsh¯je 7;0;84;1;38144;38581
37400501;400;2175;16; ;889858;6125556;889880;6125576;15,1173;55,1228;Korsh¯je 16;0;85;1;38144;38581
37400501;400;2175;9; ;889716;6125204;889703;6125215;15,1146;55,1198;Korsh¯je 9;0;86;1;38144;38581
37400501;400;2175;11; ;889627;6125085;889605;6125109;15,113;55,1188;Korsh¯je 11;0;87;1;38144;38581
37400501;400;2175;20;A;889225;6124914;889245;6124898;15,1065;55,1176;Korsh¯je 20A;0;88;1;38144;38581
37400501;400;2175;20; ;889225;6124912;889244;6124897;15,1065;55,1175;Korsh¯je 20;0;89;1;38144;38581
37400501;400;3675;2; ;889341;6124840;889344;6124858;15,1082;55,1168;Skolekrogen 2;0;90;1;38144;38581
37400501;400;3675;4; ;889336;6124816;889346;6124857;15,1081;55,1166;Skolekrogen 4;0;91;1;38144;38581
37400501;400;3675;3; ;889539;6124835;889528;6124797;15,1113;55,1166;Skolekrogen 3;0;92;1;38144;38581
37400501;400;3675;5; ;889624;6124787;889622;6124776;15,1126;55,1161;Skolekrogen 5;0;93;1;38144;38581
37400501;400;3675;6; ;889764;6124747;889765;6124759;15,1147;55,1156;Skolekrogen 6;0;94;1;38144;38581
37510500;400;648;1; ;886187;6129275;886265;6129097;15,0651;55,1589;B¯lshavn 1;0;0;1;51817;51556
37510500;400;648;2; ;886096;6128985;886095;6129016;15,0633;55,1564;B¯lshavn 2;0;1;1;51817;51556
37510500;400;3312;4; ;885176;6129526;884955;6129240;15,0496;55,1619;Randkl¯vevej 4;0;2;1;51817;51556
37510500;400;3312;6; ;885023;6129978;885022;6129952;15,0479;55,1661;Randkl¯vevej 6;0;3;1;51817;51556
37510500;400;3312;14; ;884867;6129425;884809;6129363;15,0447;55,1613;Randkl¯vevej 14;0;4;1;51817;51556
37510500;400;3312;16; ;884711;6129493;884685;6129461;15,0423;55,162;Randkl¯vevej 16;0;5;1;51817;51556
37510500;400;3312;5; ;884580;6129388;884652;6129487;15,0401;55,1612;Randkl¯vevej 5;0;6;1;51817;51556
37510500;400;3312;26; ;884335;6129910;884316;6129744;15,037;55,166;Randkl¯vevej 26;1;7;1;51817;51556
37510500;400;3312;28; ;884076;6130598;884048;6130591;15,0339;55,1724;Randkl¯vevej 28;0;8;1;51817;51556
37510500;400;3312;13; ;883383;6130514;883404;6130521;15,023;55,1721;Randkl¯vevej 13;0;9;1;51817;51556
37510500;400;3312;32; ;883870;6130496;883847;6130513;15,0306;55,1716;Randkl¯vevej 32;0;10;1;51817;51556
37510500;400;3312;38; ;883775;6130673;883761;6130675;15,0293;55,1733;Randkl¯vevej 38;0;11;1;51817;51556
37510500;400;3312;46; ;883646;6130725;883641;6130708;15,0274;55,1738;Randkl¯vevej 46;0;12;1;51817;51556
37510500;400;3312;44; ;883551;6130803;883542;6130747;15,026;55,1746;Randkl¯vevej 44;0;13;1;51817;51556
37510500;400;3312;42; ;883476;6130822;883464;6130764;15,0249;55,1748;Randkl¯vevej 42;0;14;1;51817;51556
37510500;400;3312;15; ;883320;6130788;883344;6130815;15,0224;55,1746;Randkl¯vevej 15;0;15;1;51817;51556
37510500;400;3483;36; ;883130;6130422;883085;6130419;15,0189;55,1715;Saltunavej 36;0;16;1;51817;51556
37510500;400;3483;24; ;883224;6130243;883082;6130356;15,0201;55,1698;Saltunavej 24;0;17;1;51817;51556
37510500;400;3483;13; ;883011;6130409;883017;6130345;15,017;55,1715;Saltunavej 13;0;18;1;51817;51556
37510500;400;3483;11; ;882826;6130355;882891;6130287;15,0141;55,1712;Saltunavej 11;0;19;1;51817;51556
37510500;400;3483;9; ;882681;6130352;882841;6130233;15,0118;55,1712;Saltunavej 9;0;20;1;51817;51556
37510500;400;3483;5; ;882591;6130036;882691;6130000;15,01;55,1685;Saltunavej 5;0;21;1;51817;51556
37510500;400;3483;12; ;882885;6129755;882634;6129911;15,0142;55,1657;Saltunavej 12;0;22;1;51817;51556
37510500;400;3483;1; ;881973;6129338;882436;6129362;14,9994;55,1627;Saltunavej 1;0;23;1;51817;51556
37510500;400;3483;8; ;882562;6129383;882435;6129377;15,0086;55,1627;Saltunavej 8;0;24;1;51817;51556
37510500;400;3363;11; ;883042;6129387;883501;6129278;15,0161;55,1623;Risevej 11;0;25;1;51817;51556
37510500;400;3363;9; ;883467;6129429;883533;6129412;15,0228;55,1624;Risevej 9;0;26;1;51817;51556
37510500;400;3363;6; ;883631;6129542;883563;6129557;15,0255;55,1633;Risevej 6;0;27;1;51817;51556
37510500;400;3363;13; ;883482;6129646;883580;6129622;15,0234;55,1643;Risevej 13;0;28;1;51817;51556
37510500;400;1959;54; ;884150;6129674;884041;6129647;15,0338;55,164;Kirkebyvej 54;0;29;1;51817;51556
37510500;400;1959;52; ;884128;6129251;884085;6129256;15,0329;55,1603;Kirkebyvej 52;0;30;1;51817;51556
37510500;400;1959;39; ;883923;6128974;884023;6128949;15,0293;55,158;Kirkebyvej 39;0;31;1;51817;51556
37510500;400;1959;46; ;883998;6128841;883987;6128847;15,0303;55,1567;Kirkebyvej 46;0;32;1;51817;51556
37510500;400;1959;44; ;883972;6128808;883964;6128813;15,0299;55,1564;Kirkebyvej 44;0;33;1;51817;51556
37510500;400;1959;33; ;883768;6128649;883775;6128617;15,0265;55,1552;Kirkebyvej 33;0;34;1;51817;51556
37510500;400;1959;40; ;883646;6128497;883629;6128502;15,0244;55,1539;Kirkebyvej 40;0;35;1;51817;51556
37510500;400;1959;31; ;883570;6128360;883586;6128356;15,023;55,1528;Kirkebyvej 31;0;36;1;51817;51556
37510500;400;1959;29; ;883552;6128263;883573;6128259;15,0226;55,1519;Kirkebyvej 29;0;37;1;51817;51556
37510500;400;1959;28; ;883799;6128005;883548;6128034;15,0261;55,1494;Kirkebyvej 28;0;38;1;51817;51556
37510500;400;1959;30; ;884032;6128163;883557;6128113;15,0299;55,1506;Kirkebyvej 30;0;39;1;51817;51556
37510500;400;1959;34; ;884128;6128046;884104;6128060;15,0313;55,1495;Kirkebyvej 34;0;40;1;51817;51556
37510500;400;1959;25; ;883177;6128133;883554;6128087;15,0165;55,151;Kirkebyvej 25;0;41;1;51817;51556
37510500;400;1959;27; ;883023;6128059;883018;6128058;15,014;55,1505;Kirkebyvej 27;0;42;1;51817;51556
37510500;400;1959;36; ;883579;6128101;883556;6128102;15,0228;55,1504;Kirkebyvej 36;0;43;1;51817;51556
37510500;400;1959;38; ;883878;6128264;883577;6128296;15,0277;55,1517;Kirkebyvej 38;0;44;1;51817;51556
37510500;400;1215;12; ;883331;6128410;883506;6128636;15,0193;55,1534;Glappevej 12;0;45;1;51817;51556
37510500;400;1215;10; ;883241;6128321;883494;6128645;15,0178;55,1527;Glappevej 10;0;46;1;51817;51556
37510500;400;3363;2; ;883388;6128768;883370;6128773;15,0207;55,1565;Risevej 2;0;47;1;51817;51556
37510500;400;3363;4; ;883428;6128789;883379;6128803;15,0213;55,1567;Risevej 4;0;48;1;51817;51556
37510500;400;3363;1; ;883364;6128807;883379;6128803;15,0204;55,1569;Risevej 1;0;49;1;51817;51556
37510500;400;3363;5; ;883388;6128892;883405;6128886;15,0209;55,1577;Risevej 5;0;50;1;51817;51556
37510500;400;3363;7; ;883399;6128926;883415;6128920;15,0211;55,1579;Risevej 7;0;51;1;51817;51556
37510500;400;1215;8; ;883300;6128733;883302;6128766;15,0193;55,1563;Glappevej 8;0;52;1;51817;51556
37510500;400;1215;6; ;883148;6128729;883151;6128777;15,0169;55,1564;Glappevej 6;0;53;1;51817;51556
37510500;400;1215;7; ;883035;6128814;883032;6128786;15,0153;55,1572;Glappevej 7;0;54;1;51817;51556
37510500;400;1215;4; ;882763;6128279;882762;6128290;15,0103;55,1527;Glappevej 4;0;55;1;51817;51556
37510500;400;1215;2; ;882655;6128749;882658;6128812;15,0092;55,1569;Glappevej 2;0;56;1;51817;51556
37510500;400;3483;6; ;882360;6128543;882292;6128570;15,0044;55,1553;Saltunavej 6;0;57;1;51817;51556
37510500;400;1230;76; ;882316;6128038;882300;6128028;15,003;55,1508;GodthÂbsvej 76;0;58;1;51817;51556
37510500;400;1230;63; ;882309;6127956;882328;6127970;15,0028;55,1501;GodthÂbsvej 63;0;59;1;51817;51556
37510500;400;1230;65; ;882072;6127870;882325;6127976;14,999;55,1495;GodthÂbsvej 65;0;60;1;51817;51556
37510500;400;1230;74; ;882473;6127736;882426;6127715;15,005;55,148;GodthÂbsvej 74;0;61;1;51817;51556
37510500;400;1242;1; ;882515;6127444;882511;6127458;15,0053;55,1454;GrammegÂrdsvej 1;0;62;1;51817;51556
37510500;400;1242;3; ;882460;6127430;882455;6127442;15,0044;55,1453;GrammegÂrdsvej 3;0;63;1;51817;51556
37510500;400;1242;2; ;882290;6127434;882313;6127402;15,0018;55,1455;GrammegÂrdsvej 2;0;64;1;51817;51556
37510500;400;1242;4; ;882022;6127288;882069;6127276;14,9974;55,1444;GrammegÂrdsvej 4;0;65;1;51817;51556
37510500;400;3537;17; ;881070;6126817;881205;6126912;14,9819;55,1409;Savm¯llevej 17;0;66;1;51817;51556
37510500;400;3537;4; ;880996;6126396;880971;6126439;14,9802;55,1372;Savm¯llevej 4;0;67;1;51817;51556
37510500;400;3537;11; ;880802;6126350;880983;6126446;14,9771;55,1369;Savm¯llevej 11;0;68;1;51817;51556
37510500;400;3537;9; ;880828;6126204;880838;6126198;14,9773;55,1356;Savm¯llevej 9;0;69;1;51817;51556
37510500;400;3537;7; ;880810;6126144;880822;6126139;14,9769;55,1351;Savm¯llevej 7;0;70;1;51817;51556
37510500;400;3537;5; ;880778;6126086;880806;6126078;14,9764;55,1346;Savm¯llevej 5;0;71;1;51817;51556
37510500;400;3537;3; ;880613;6126056;880788;6126010;14,9737;55,1344;Savm¯llevej 3;0;72;1;51817;51556
37510500;400;3537;1; ;880738;6125868;880753;6125865;14,9755;55,1327;Savm¯llevej 1;0;73;1;51817;51556
37510500;400;3573;45; ;880203;6125613;880112;6125558;14,9668;55,1308;Segenvej 45;0;74;1;51817;51556
37510500;400;5025;40; ;880352;6125737;880372;6125754;14,9692;55,1318;≈l¯sevej 40;0;75;1;51817;51556
37510500;400;5025;38; ;880319;6125790;880331;6125801;14,9688;55,1323;≈l¯sevej 38;0;76;1;51817;51556
37510500;400;5025;41; ;880426;6125874;880335;6125796;14,9706;55,133;≈l¯sevej 41;0;77;1;51817;51556
37510500;400;5025;36; ;880024;6125847;880192;6125980;14,9643;55,133;≈l¯sevej 36;0;78;1;51817;51556
37510500;400;5025;39; ;880258;6126032;880192;6125980;14,9682;55,1345;≈l¯sevej 39;0;79;1;51817;51556
37510500;400;5025;37; ;880181;6126117;880116;6126103;14,9671;55,1353;≈l¯sevej 37;0;80;1;51817;51556
37510500;400;5025;35; ;880326;6126308;880320;6126292;14,9696;55,1369;≈l¯sevej 35;0;81;1;51817;51556
37510500;400;1044;6; ;879984;6126095;879961;6126133;14,964;55,1353;FlÊskedalsvej 6;0;82;1;51817;51556
37510500;400;1044;7; ;879546;6126146;879535;6126121;14,9572;55,1361;FlÊskedalsvej 7;0;83;1;51817;51556
37510500;400;5025;34; ;879814;6126657;880012;6126692;14,9621;55,1404;≈l¯sevej 34;0;84;1;51817;51556
37510500;400;5025;31; ;880135;6126794;879999;6126769;14,9673;55,1414;≈l¯sevej 31;0;85;1;51817;51556
37510500;400;5025;32; ;879924;6127192;879949;6127192;14,9645;55,1451;≈l¯sevej 32;0;86;1;51817;51556
37510500;400;3774;5; ;880793;6127124;880791;6127142;14,978;55,1438;Skrullevej 5;0;87;1;51817;51556
37510500;400;3774;6; ;880815;6127392;880839;6127376;14,9787;55,1462;Skrullevej 6;0;88;1;51817;51556
37510500;400;3537;10; ;881091;6127167;881058;6127149;14,9827;55,144;Savm¯llevej 10;0;89;1;51817;51556
37510500;400;3537;8; ;881153;6127035;881131;6127021;14,9835;55,1428;Savm¯llevej 8;0;90;1;51817;51556
37510500;400;3774;3; ;881351;6127909;881294;6127927;14,9878;55,1504;Skrullevej 3;0;91;1;51817;51556
37510500;400;3774;4; ;881060;6128045;881321;6128006;14,9834;55,1519;Skrullevej 4;0;92;1;51817;51556
37510500;400;3774;2; ;881410;6128474;881460;6128196;14,9894;55,1554;Skrullevej 2;0;93;1;51817;51556
37510500;400;3774;1; ;881761;6128159;881762;6128180;14,9945;55,1523;Skrullevej 1;0;94;1;51817;51556
37510500;400;2922;62; ;882125;6128204;882179;6128233;15,0002;55,1525;Nybrovej 62;0;95;1;51817;51556
37510500;400;1230;67; ;882160;6128079;882216;6128169;15,0006;55,1513;GodthÂbsvej 67;0;96;1;51817;51556
37510500;400;2922;60; ;881613;6128896;881688;6128991;14,9932;55,1591;Nybrovej 60;0;97;1;51817;51556
37510500;400;2922;47; ;881787;6129060;881705;6128976;14,9961;55,1604;Nybrovej 47;0;98;1;51817;51556
37510500;400;2922;56; ;881265;6128785;881403;6129149;14,9876;55,1583;Nybrovej 56;0;99;1;51817;51556
37510501;400;84;29; ;882320;6126059;882133;6126474;15,0004;55,1332;Almindingensvej 29;0;0;1;60439;60439
37510501;400;84;31; ;882108;6126426;882086;6126453;14,9976;55,1366;Almindingensvej 31;0;1;1;60439;60439
37510501;400;84;33; ;882038;6126201;881956;6126395;14,9962;55,1346;Almindingensvej 33;0;2;1;60439;60439
37510501;400;84;58; ;881957;6126427;881968;6126401;14,9952;55,1367;Almindingensvej 58;0;3;1;60439;60439
37510501;400;84;35; ;881954;6126308;881921;6126380;14,995;55,1357;Almindingensvej 35;0;4;1;60439;60439
37510501;400;84;56; ;882197;6126528;882206;6126507;14,9991;55,1374;Almindingensvej 56;0;5;1;60439;60439
37510501;400;3264;2; ;882305;6126770;882290;6126742;15,0011;55,1395;PrÊstegaden 2;0;6;1;60439;60439
37510501;400;3264;6; ;882127;6126789;882124;6126765;14,9984;55,1398;PrÊstegaden 6;0;7;1;60439;60439
37510501;400;3264;5; ;881916;6126649;881926;6126783;14,9949;55,1387;PrÊstegaden 5;0;8;1;60439;60439
37510501;400;3264;8; ;881929;6126816;881925;6126783;14,9953;55,1402;PrÊstegaden 8;0;9;1;60439;60439
37510501;400;3264;12; ;881586;6127302;881564;6126811;14,9906;55,1448;PrÊstegaden 12;0;10;1;60439;60439
37510501;400;3264;9; ;881442;6126782;881441;6126813;14,9877;55,1403;PrÊstegaden 9;0;11;1;60439;60439
37510501;400;84;59; ;880745;6125790;880723;6125834;14,9754;55,132;Almindingensvej 59;0;12;1;60439;60439
37510501;400;84;80; ;880654;6125828;880663;6125807;14,9741;55,1324;Almindingensvej 80;0;13;1;60439;60439
37510501;400;816;2; ;880638;6125663;880673;6125667;14,9736;55,1309;Dyndevej 2;0;14;1;60439;60439
37510501;400;816;1; ;880717;6125607;880681;6125604;14,9748;55,1304;Dyndevej 1;0;15;1;60439;60439
37510501;400;816;3; ;880854;6125503;880840;6125454;14,9768;55,1293;Dyndevej 3;0;16;1;60439;60439
37510501;400;816;5; ;880998;6125568;881006;6125451;14,9791;55,1298;Dyndevej 5;0;17;1;60439;60439
37510501;400;816;4; ;881187;6125437;881185;6125465;14,9819;55,1285;Dyndevej 4;0;18;1;60439;60439
37510501;400;816;7; ;881291;6125490;881292;6125472;14,9836;55,1289;Dyndevej 7;0;19;1;60439;60439
37510501;400;2928;1; ;880981;6125379;880948;6125354;14,9786;55,1281;Nydamsvej 1;0;20;1;60439;60439
37510501;400;2928;3; ;881295;6125101;881173;6125021;14,9831;55,1254;Nydamsvej 3;0;21;1;60439;60439
37510501;400;2928;5; ;881316;6124840;881300;6124829;14,9831;55,123;Nydamsvej 5;0;22;1;60439;60439
37510501;400;84;82; ;880559;6125792;880571;6125765;14,9726;55,1321;Almindingensvej 82;0;23;1;60439;60439
37510501;400;84;63; ;880542;6125731;880534;6125748;14,9722;55,1316;Almindingensvej 63;0;24;1;60439;60439
37510501;400;84;65; ;880441;6125679;880429;6125701;14,9706;55,1312;Almindingensvej 65;0;25;1;60439;60439
37510501;400;84;86; ;880334;6125677;880341;6125660;14,9689;55,1313;Almindingensvej 86;0;26;1;60439;60439
37510501;400;84;88; ;880274;6125657;880284;6125634;14,9679;55,1311;Almindingensvej 88;0;27;1;60439;60439
37510501;400;84;78; ;880827;6125906;880835;6125885;14,9769;55,1329;Almindingensvej 78;0;28;1;60439;60439
37510501;400;84;57; ;880947;6125898;880932;6125929;14,9788;55,1328;Almindingensvej 57;0;29;1;60439;60439
37510501;400;84;76; ;881065;6126033;881080;6125997;14,9808;55,1339;Almindingensvej 76;0;30;1;60439;60439
37510501;400;84;74; ;881182;6126103;881204;6126053;14,9827;55,1344;Almindingensvej 74;0;31;1;60439;60439
37510501;400;84;53; ;881260;6126052;881249;6126074;14,9838;55,1339;Almindingensvej 53;0;32;1;60439;60439
37510501;400;84;72; ;881253;6126095;881261;6126079;14,9838;55,1343;Almindingensvej 72;0;33;1;60439;60439
37510501;400;84;70; ;881269;6126102;881276;6126086;14,984;55,1343;Almindingensvej 70;0;34;1;60439;60439
37510501;400;84;68; ;881300;6126124;881313;6126102;14,9846;55,1345;Almindingensvej 68;0;35;1;60439;60439
37510501;400;84;64; ;881364;6126440;881481;6126179;14,986;55,1373;Almindingensvej 64;0;36;1;60439;60439
37510501;400;84;45; ;881375;6126112;881370;6126129;14,9857;55,1344;Almindingensvej 45;0;37;1;60439;60439
37510501;400;84;51; ;881350;6126080;881336;6126113;14,9853;55,1341;Almindingensvej 51;0;38;1;60439;60439
37510501;400;84;47; ;881314;6125737;881182;6126043;14,9842;55,1311;Almindingensvej 47;0;39;1;60439;60439
37510501;400;84;43; ;881395;6126118;881386;6126136;14,986;55,1344;Almindingensvej 43;0;40;1;60439;60439
37510501;400;84;41; ;881437;6126139;881429;6126155;14,9867;55,1345;Almindingensvej 41;0;41;1;60439;60439
37510501;400;84;39; ;881491;6126131;881471;6126174;14,9875;55,1344;Almindingensvej 39;0;42;1;60439;60439
37510501;400;84;37; ;881565;6126196;881555;6126212;14,9888;55,135;Almindingensvej 37;0;43;1;60439;60439
37510501;400;84;60; ;881550;6126316;881589;6126228;14,9887;55,136;Almindingensvej 60;0;44;1;60439;60439
37510501;400;1503;2; ;881580;6125974;881608;6125973;14,9887;55,133;Hedebovej 2;0;45;1;60439;60439
37510501;400;1503;4; ;881578;6125734;881607;6125734;14,9884;55,1308;Hedebovej 4;0;46;1;60439;60439
37510501;400;816;8; ;881529;6125220;881503;6125492;14,9869;55,1263;Dyndevej 8;0;47;1;60439;60439
37510501;400;816;9; ;881860;6125388;881841;6125387;14,9923;55,1275;Dyndevej 9;0;48;1;60439;60439
37510501;400;1989;18; ;882117;6125491;882154;6125372;14,9964;55,1282;Kirkeskolevej 18;0;49;1;60439;60439
37510501;400;1989;20; ;882144;6125727;882276;6125421;14,9972;55,1303;Kirkeskolevej 20;0;50;1;60439;60439
37510501;400;1989;15; ;882199;6125333;882180;6125381;14,9975;55,1268;Kirkeskolevej 15;0;51;1;60439;60439
37510501;400;1989;16; ;882379;6125514;882396;6125473;15,0006;55,1282;Kirkeskolevej 16;0;52;1;60439;60439
37510501;400;1989;13; ;882672;6125472;882596;6125593;15,0051;55,1276;Kirkeskolevej 13;0;53;1;60439;60439
37510501;400;1989;12; ;882741;6125709;882750;6125694;15,0065;55,1297;Kirkeskolevej 12;0;54;1;60439;60439
37510501;400;1989;9; ;882908;6125449;882858;6125710;15,0087;55,1273;Kirkeskolevej 9;0;55;1;60439;60439
37510501;400;1989;11; ;882826;6125145;882821;6125156;15,007;55,1246;Kirkeskolevej 11;0;56;1;60439;60439
37510501;400;1989;7; ;883114;6125876;882937;6125912;15,0125;55,1309;Kirkeskolevej 7;0;57;1;60439;60439
37510501;400;1989;5; ;883129;6126088;883119;6126101;15,013;55,1328;Kirkeskolevej 5;0;58;1;60439;60439
37510501;400;1989;6; ;883163;6126216;883173;6126215;15,0137;55,1339;Kirkeskolevej 6;0;59;1;60439;60439
37510501;400;1989;3; ;883318;6126325;883303;6126341;15,0163;55,1348;Kirkeskolevej 3;0;60;1;60439;60439
37510501;400;1989;1; ;883457;6126371;883452;6126396;15,0185;55,1351;Kirkeskolevej 1;0;61;1;60439;60439
37510501;400;4938;2; ;883608;6126220;883621;6126231;15,0207;55,1336;ÿlenevej 2;0;62;1;60439;60439
37510501;400;4938;4; ;883721;6126010;883756;6126029;15,0222;55,1316;ÿlenevej 4;0;63;1;60439;60439
37510501;400;4938;3; ;883774;6126037;883757;6126027;15,023;55,1318;ÿlenevej 3;0;64;1;60439;60439
37510501;400;4938;7; ;883949;6125930;883849;6125885;15,0256;55,1307;ÿlenevej 7;0;65;1;60439;60439
37510501;400;4938;6; ;883834;6125832;883863;6125840;15,0237;55,13;ÿlenevej 6;0;66;1;60439;60439
37510501;400;4938;11; ;883970;6125646;883945;6125635;15,0256;55,1282;ÿlenevej 11;0;67;1;60439;60439
37510501;400;4938;8; ;883433;6125632;883876;6125799;15,0172;55,1285;ÿlenevej 8;0;68;1;60439;60439
37510501;400;4938;10; ;883398;6125449;883419;6125504;15,0164;55,1269;ÿlenevej 10;0;69;1;60439;60439
37510501;400;1959;18; ;883236;6127205;883140;6127273;15,0162;55,1427;Kirkebyvej 18;0;70;1;60439;60439
37510501;400;1959;19; ;883237;6127479;883259;6127481;15,0166;55,1451;Kirkebyvej 19;0;71;1;60439;60439
37510501;400;1959;20; ;883442;6127303;883418;6127394;15,0196;55,1434;Kirkebyvej 20;0;72;1;60439;60439
37510501;400;1959;22; ;883566;6127583;883519;6127586;15,0219;55,1458;Kirkebyvej 22;0;73;1;60439;60439
37510501;400;4113;1; ;883638;6127464;883641;6127449;15,0228;55,1447;Stenbakkevej 1;0;74;1;60439;60439
37510501;400;4113;3; ;883664;6127470;883666;6127453;15,0232;55,1447;Stenbakkevej 3;0;75;1;60439;60439
37510501;400;4113;5; ;883691;6127465;883689;6127453;15,0237;55,1447;Stenbakkevej 5;0;76;1;60439;60439
37510501;400;4113;11; ;883857;6127464;883851;6127430;15,0263;55,1445;Stenbakkevej 11;0;77;1;60439;60439
37510501;400;4113;2; ;883823;6127316;883840;6127431;15,0255;55,1432;Stenbakkevej 2;0;78;1;60439;60439
37510501;400;4113;13; ;884004;6127517;883987;6127409;15,0286;55,1449;Stenbakkevej 13;0;79;1;60439;60439
37510501;400;4035;2; ;884253;6127288;884116;6127300;15,0322;55,1426;Staggevej 2;0;80;1;60439;60439
37510501;400;4035;4; ;884271;6127916;884253;6127922;15,0333;55,1482;Staggevej 4;0;81;1;60439;60439
37510501;400;4035;1; ;884268;6128118;884275;6128117;15,0336;55,15;Staggevej 1;0;82;1;60439;60439
37510501;400;4035;3; ;884218;6128169;884279;6128162;15,0328;55,1505;Staggevej 3;0;83;1;60439;60439
37510501;400;4035;5; ;884275;6128234;884287;6128232;15,0338;55,1511;Staggevej 5;0;84;1;60439;60439
37510501;400;1554;1; ;884217;6128724;884181;6128685;15,0336;55,1555;Heroldsvej 1;0;85;1;60439;60439
37510501;400;1554;2; ;884342;6128529;884339;6128543;15,0353;55,1537;Heroldsvej 2;0;86;1;60439;60439
37510501;400;1554;5; ;885141;6128412;885122;6128367;15,0476;55,152;Heroldsvej 5;0;87;1;60439;60439
37510501;400;1554;4; ;885538;6128170;885536;6128187;15,0534;55,1495;Heroldsvej 4;0;88;1;60439;60439
37510501;400;546;8; ;885718;6128337;885620;6128354;15,0565;55,1509;Buskevej 8;0;89;1;60439;60439
37510501;400;546;10; ;885558;6128627;885536;6128620;15,0544;55,1536;Buskevej 10;0;90;1;60439;60439
37510501;400;546;14; ;885444;6128824;885420;6128809;15,0529;55,1554;Buskevej 14;0;91;1;60439;60439
37510501;400;1812;2; ;885824;6127908;885823;6127937;15,0576;55,147;JÊttebrovej 2;0;92;1;60439;60439
37510501;400;2580;1; ;886152;6128446;886201;6128450;15,0634;55,1515;MaglegÂrdsvej 1;0;93;1;60439;60439
37510501;400;2580;3; ;886162;6128559;886222;6128524;15,0637;55,1525;MaglegÂrdsvej 3;0;94;1;60439;60439
37510501;400;2580;5; ;886331;6128737;886348;6128726;15,0666;55,154;MaglegÂrdsvej 5;0;95;1;60439;60439
37510501;400;2580;2; ;886376;6128743;886363;6128750;15,0673;55,154;MaglegÂrdsvej 2;0;96;1;60439;60439
37510501;400;1812;4; ;886130;6127902;886129;6127944;15,0623;55,1467;JÊttebrovej 4;0;97;1;60439;60439
37510501;400;1812;1; ;886442;6127844;886403;6127815;15,0671;55,1459;JÊttebrovej 1;0;98;1;60439;60439
37510501;400;651;3; ;886207;6127487;886518;6127360;15,0629;55,1429;B¯lshavnvej 3;0;99;1;60439;60439
37510501;400;4305;57; ;886475;6127096;886478;6127067;15,0666;55,1392;Svanekevej 57;0;100;1;60439;60439
37510501;400;4305;55; ;886378;6127071;886380;6127054;15,0651;55,1391;Svanekevej 55;0;101;1;60439;60439
37510501;400;4305;30; ;886077;6126866;886083;6126876;15,0601;55,1375;Svanekevej 30;0;102;1;60439;60439
37510501;400;4305;49; ;886149;6127049;886152;6127022;15,0614;55,139;Svanekevej 49;0;103;1;60439;60439
37510501;400;4305;47; ;886063;6127197;886087;6127014;15,0603;55,1404;Svanekevej 47;0;104;1;60439;60439
37510501;400;4305;53; ;886337;6127063;886339;6127048;15,0644;55,139;Svanekevej 53;0;105;1;60439;60439
37510501;400;4305;51; ;886272;6127173;886290;6127041;15,0635;55,14;Svanekevej 51;0;106;1;60439;60439
37510501;400;2457;1; ;886749;6126755;886690;6126724;15,0704;55,1359;Louisenlundvej 1;0;107;1;60439;60439
37510501;400;2457;5; ;887096;6126628;886919;6126431;15,0756;55,1345;Louisenlundvej 5;0;108;1;60439;60439
37510501;400;2457;4; ;886794;6126232;886800;6126278;15,0704;55,1312;Louisenlundvej 4;0;109;1;60439;60439
37510501;400;2505;6; ;886524;6126106;886544;6126151;15,066;55,1303;Lyrsbyskov 6;0;110;1;60439;60439
37510501;400;2505;5; ;886171;6126510;886169;6126332;15,0611;55,1342;Lyrsbyskov 5;0;111;1;60439;60439
37510501;400;2505;3; ;886072;6126344;886079;6126323;15,0593;55,1328;Lyrsbyskov 3;0;112;1;60439;60439
37510501;400;2505;1; ;885965;6126321;885962;6126302;15,0576;55,1327;Lyrsbyskov 1;0;113;1;60439;60439
37510501;400;2505;4; ;885887;6126130;885893;6126305;15,0561;55,131;Lyrsbyskov 4;0;114;1;60439;60439
37510501;400;2505;2; ;885704;6126216;885733;6126322;15,0534;55,1319;Lyrsbyskov 2;0;115;1;60439;60439
37510501;400;2412;2; ;885453;6126248;885438;6126319;15,0495;55,1324;Lindetsvej 2;0;116;1;60439;60439
37510501;400;2412;4; ;885693;6126404;885622;6126407;15,0535;55,1336;Lindetsvej 4;0;117;1;60439;60439
37510501;400;2412;3; ;885610;6126474;885625;6126473;15,0523;55,1343;Lindetsvej 3;0;118;1;60439;60439
37510501;400;2412;8; ;885706;6126697;885690;6126702;15,0541;55,1362;Lindetsvej 8;0;119;1;60439;60439
37510501;400;4305;45; ;885863;6127022;885861;6126992;15,057;55,139;Svanekevej 45;0;120;1;60439;60439
37510501;400;4305;43; ;885788;6127111;885770;6126998;15,0559;55,1399;Svanekevej 43;0;121;1;60439;60439
37510501;400;4305;41; ;885703;6127041;885697;6127009;15,0545;55,1393;Svanekevej 41;0;122;1;60439;60439
37510501;400;4305;22; ;885459;6127017;885463;6127072;15,0506;55,1393;Svanekevej 22;0;123;1;60439;60439
37510501;400;4305;24; ;885410;6126944;885419;6127075;15,0498;55,1387;Svanekevej 24;0;124;1;60439;60439
37510501;400;546;2; ;885638;6127298;885507;6127316;15,0538;55,1417;Buskevej 2;0;125;1;60439;60439
37510501;400;546;4; ;885553;6127405;885527;6127411;15,0526;55,1427;Buskevej 4;0;126;1;60439;60439
37510501;400;546;1; ;885575;6127662;885594;6127653;15,0533;55,145;Buskevej 1;0;127;1;60439;60439
37510501;400;4305;39; ;885435;6127103;885432;6127074;15,0504;55,1401;Svanekevej 39;0;128;1;60439;60439
37510501;400;4305;37; ;885042;6127274;885086;6127045;15,0445;55,1419;Svanekevej 37;0;129;1;60439;60439
37510501;400;4305;35; ;884616;6127221;884668;6126960;15,0378;55,1418;Svanekevej 35;0;130;1;60439;60439
37510501;400;4305;16; ;884348;6126857;884339;6126894;15,0331;55,1387;Svanekevej 16;0;131;1;60439;60439
37510501;400;4305;31; ;884090;6126883;884097;6126843;15,0291;55,1391;Svanekevej 31;0;132;1;60439;60439
37510501;400;4305;10; ;884007;6126640;883968;6126818;15,0275;55,137;Svanekevej 10;0;133;1;60439;60439
37510501;400;4305;8; ;883932;6126785;883927;6126809;15,0265;55,1384;Svanekevej 8;0;134;1;60439;60439
37510501;400;4305;29;A;883973;6126852;883979;6126820;15,0272;55,139;Svanekevej 29A;0;135;1;60439;60439
37510501;400;4305;29;B;883980;6126865;883988;6126822;15,0274;55,1391;Svanekevej 29B;0;136;1;60439;60439
37510501;400;4305;27; ;883905;6126911;883924;6126809;15,0263;55,1395;Svanekevej 27;0;137;1;60439;60439
37510501;400;2508;2; ;884150;6126782;884214;6126796;15,0299;55,1382;Lyrsbyvej 2;0;138;1;60439;60439
37510501;400;2508;1; ;884252;6126771;884222;6126765;15,0315;55,138;Lyrsbyvej 1;0;139;1;60439;60439
37510501;400;2508;5; ;884247;6126733;884231;6126728;15,0313;55,1377;Lyrsbyvej 5;0;140;1;60439;60439
37510501;400;2508;3; ;884274;6126734;884232;6126725;15,0318;55,1377;Lyrsbyvej 3;0;141;1;60439;60439
37510501;400;2508;7; ;884249;6126698;884240;6126693;15,0313;55,1374;Lyrsbyvej 7;0;142;1;60439;60439
37510501;400;2508;9; ;884268;6126646;884252;6126642;15,0316;55,1369;Lyrsbyvej 9;0;143;1;60439;60439
37510501;400;2508;4; ;884239;6126601;884261;6126606;15,031;55,1365;Lyrsbyvej 4;0;144;1;60439;60439
37510501;400;2508;6; ;884266;6126527;884283;6126535;15,0314;55,1358;Lyrsbyvej 6;0;145;1;60439;60439
37510501;400;2508;8; ;884416;6126294;884476;6126470;15,0334;55,1336;Lyrsbyvej 8;0;146;1;60439;60439
37510501;400;2508;11; ;884322;6126531;884318;6126516;15,0323;55,1358;Lyrsbyvej 11;0;147;1;60439;60439
37510501;400;2508;13; ;884429;6126505;884423;6126486;15,0339;55,1355;Lyrsbyvej 13;0;148;1;60439;60439
37510501;400;2508;17; ;884484;6126495;884476;6126470;15,0347;55,1354;Lyrsbyvej 17;0;149;1;60439;60439
37510501;400;2508;15; ;884700;6126586;884652;6126418;15,0382;55,136;Lyrsbyvej 15;0;150;1;60439;60439
37510501;400;2508;12; ;884564;6126433;884566;6126443;15,0359;55,1348;Lyrsbyvej 12;0;151;1;60439;60439
37510501;400;2508;14; ;884594;6126241;884649;6126419;15,0361;55,133;Lyrsbyvej 14;0;152;1;60439;60439
37510501;400;2508;20; ;884922;6126206;884957;6126330;15,0412;55,1325;Lyrsbyvej 20;0;153;1;60439;60439
37510501;400;2508;21; ;884938;6126408;884918;6126341;15,0417;55,1342;Lyrsbyvej 21;0;154;1;60439;60439
37510501;400;2508;22; ;885150;6126251;885158;6126270;15,0448;55,1327;Lyrsbyvej 22;0;155;1;60439;60439
37510501;400;2508;23; ;885226;6126124;885208;6126119;15,0458;55,1315;Lyrsbyvej 23;0;156;1;60439;60439
37510501;400;2508;25; ;885281;6126079;885211;6126079;15,0466;55,131;Lyrsbyvej 25;0;157;1;60439;60439
37510501;400;2508;24; ;885197;6125967;885231;6125995;15,0451;55,1301;Lyrsbyvej 24;0;158;1;60439;60439
37510501;400;2508;27; ;885295;6125953;885284;6125942;15,0466;55,1299;Lyrsbyvej 27;0;159;1;60439;60439
37510501;400;2508;29; ;885313;6125940;885299;6125927;15,0469;55,1298;Lyrsbyvej 29;0;160;1;60439;60439
37510501;400;2508;31; ;885397;6126030;885301;6125926;15,0483;55,1305;Lyrsbyvej 31;0;161;1;60439;60439
37510501;400;2508;33; ;885456;6125849;885426;6125815;15,049;55,1288;Lyrsbyvej 33;0;162;1;60439;60439
37510501;400;2508;37; ;885640;6125884;885532;6125734;15,0519;55,129;Lyrsbyvej 37;0;163;1;60439;60439
37510501;400;2508;26; ;885607;6125655;885619;6125671;15,0511;55,127;Lyrsbyvej 26;0;164;1;60439;60439
37510501;400;2508;30;A;885836;6125553;885841;6125583;15,0545;55,1259;Lyrsbyvej 30A;0;165;1;60439;60439
37510501;400;2508;28; ;885654;6125365;885725;6125606;15,0514;55,1244;Lyrsbyvej 28;0;166;1;60439;60439
37510501;400;2508;39; ;885922;6125881;885861;6125579;15,0563;55,1288;Lyrsbyvej 39;0;167;1;60439;60439
37510501;400;2508;41; ;886166;6125976;886080;6125536;15,0603;55,1294;Lyrsbyvej 41;0;168;1;60439;60439
37510502;400;147;1; ;885966;6124944;885910;6124975;15,0557;55,1204;Aspevej 1;0;0;1;58456;58455
37510502;400;147;3; ;886291;6124636;886268;6124648;15,0604;55,1174;Aspevej 3;0;1;1;58456;58455
37510502;400;147;5; ;886503;6124737;886488;6124737;15,0638;55,1181;Aspevej 5;0;2;1;58456;58455
37510502;400;147;7; ;885772;6124884;885772;6124957;15,0526;55,12;Aspevej 7;0;3;1;58456;58455
37510502;400;147;9; ;885812;6124704;885813;6124957;15,053;55,1183;Aspevej 9;0;4;1;58456;58455
37510502;400;147;11; ;885729;6124322;885301;6124537;15,0512;55,115;Aspevej 11;0;5;1;58456;58455
37510502;400;708;4; ;885461;6124124;885499;6124226;15,0467;55,1134;Dalslundevej 4;0;6;1;58456;58455
37510502;400;708;8; ;885859;6123708;885987;6124039;15,0524;55,1094;Dalslundevej 8;0;7;1;58456;58455
37510502;400;708;10; ;886301;6123839;886298;6123975;15,0595;55,1102;Dalslundevej 10;0;8;1;58456;58455
37510502;400;708;3; ;886494;6124113;886455;6123975;15,0628;55,1125;Dalslundevej 3;0;9;1;58456;58455
37510502;400;3210;24; ;886860;6123840;886862;6123821;15,0682;55,1098;Plantagevej 24;0;10;1;58456;58455
37510502;400;3210;45; ;887186;6123750;887202;6123744;15,0731;55,1088;Plantagevej 45;0;11;1;58456;58455
37510502;400;3210;20; ;887168;6123156;887013;6123168;15,0721;55,1035;Plantagevej 20;0;12;1;58456;58455
37510502;400;3210;39; ;886746;6122875;886769;6122884;15,0651;55,1013;Plantagevej 39;0;13;1;58456;58455
37510502;400;3210;37; ;886772;6122354;886952;6122341;15,0648;55,0966;Plantagevej 37;0;14;1;58456;58455
37510502;400;3210;35; ;886885;6122023;886926;6122019;15,0661;55,0935;Plantagevej 35;0;15;1;58456;58455
37510502;400;3210;29; ;886836;6121984;886923;6121976;15,0653;55,0932;Plantagevej 29;0;16;1;58456;58455
37510502;400;3816;22; ;886285;6121666;886240;6121584;15,0563;55,0908;Slamrebjergvej 22;0;17;1;58456;58455
37510502;400;3210;53; ;886872;6123705;886857;6123821;15,0682;55,1086;Plantagevej 53;0;18;1;58456;58455
37510502;400;3210;55; ;886885;6123595;887078;6123481;15,0682;55,1076;Plantagevej 55;0;19;1;58456;58455
37510502;400;3210;57; ;886971;6123576;887092;6123505;15,0695;55,1074;Plantagevej 57;0;20;1;58456;58455
37510502;400;3210;28; ;885893;6123282;886068;6123177;15,0523;55,1056;Plantagevej 28;0;21;1;58456;58455
37510502;400;3210;65; ;886168;6122685;885961;6123015;15,0558;55,1;Plantagevej 65;0;22;1;58456;58455
37510502;400;3210;32; ;885325;6122980;885382;6122865;15,0431;55,1033;Plantagevej 32;0;23;1;58456;58455
37510502;400;3210;34; ;885110;6122922;885124;6122785;15,0397;55,103;Plantagevej 34;0;24;1;58456;58455
37510502;400;147;26; ;884168;6122745;884179;6122739;15,0247;55,1021;Aspevej 26;0;25;1;58456;58455
37510502;400;147;31; ;884458;6123161;884415;6123195;15,0298;55,1056;Aspevej 31;0;26;1;58456;58455
37510502;400;147;24; ;884255;6123251;884404;6123173;15,0268;55,1066;Aspevej 24;0;27;1;58456;58455
37510502;400;147;20; ;884559;6123527;884585;6123478;15,0319;55,1088;Aspevej 20;0;28;1;58456;58455
37510502;400;147;22; ;884409;6123646;884562;6123465;15,0297;55,11;Aspevej 22;0;29;1;58456;58455
37510502;400;147;29; ;884734;6123351;884647;6123511;15,0344;55,1071;Aspevej 29;0;30;1;58456;58455
37510502;400;147;18; ;884864;6123703;884891;6123690;15,0369;55,1101;Aspevej 18;0;31;1;58456;58455
37510502;400;147;23; ;885051;6123651;885046;6123632;15,0397;55,1095;Aspevej 23;0;32;1;58456;58455
37510502;400;147;25; ;885108;6123362;885157;6123613;15,0402;55,1069;Aspevej 25;0;33;1;58456;58455
37510502;400;147;27; ;885446;6123575;885438;6123557;15,0458;55,1085;Aspevej 27;0;34;1;58456;58455
37510502;400;147;14; ;884858;6123965;884991;6123901;15,0371;55,1125;Aspevej 14;0;35;1;58456;58455
37510502;400;147;12; ;884753;6124006;884986;6123892;15,0355;55,1129;Aspevej 12;0;36;1;58456;58455
37510502;400;147;10; ;884757;6124116;885029;6123982;15,0358;55,1139;Aspevej 10;0;37;1;58456;58455
37510502;400;147;6; ;885064;6124217;885127;6124186;15,0407;55,1146;Aspevej 6;0;38;1;58456;58455
37510502;400;708;2; ;885289;6124262;885303;6124300;15,0443;55,1148;Dalslundevej 2;0;39;1;58456;58455
37510502;400;147;21; ;885255;6124415;885242;6124420;15,0439;55,1162;Aspevej 21;0;40;1;58456;58455
37510502;400;147;19; ;885317;6124532;885302;6124538;15,0451;55,1172;Aspevej 19;0;41;1;58456;58455
37510502;400;147;17; ;885555;6124942;885568;6124958;15,0493;55,1207;Aspevej 17;0;42;1;58456;58455
37510502;400;147;4; ;885769;6125330;885958;6125303;15,0532;55,124;Aspevej 4;0;43;1;58456;58455
37510502;400;2508;32; ;886577;6125281;886598;6125440;15,0657;55,1229;Lyrsbyvej 32;0;44;1;58456;58455
37510502;400;2508;34; ;886545;6125155;886586;6125441;15,065;55,1218;Lyrsbyvej 34;0;45;1;58456;58455
37510502;400;1140;1; ;885061;6125492;884911;6125667;15,0424;55,126;Gadebyvej 1;0;46;1;58456;58455
37510502;400;1140;4; ;884176;6125738;884419;6125592;15,0289;55,1289;Gadebyvej 4;0;47;1;58456;58455
37510502;400;1140;6; ;884300;6125483;884348;6125458;15,0305;55,1265;Gadebyvej 6;0;48;1;58456;58455
37510502;400;2736;2; ;884198;6125167;884197;6125205;15,0285;55,1237;MyregÂrdsvej 2;0;49;1;58456;58455
37510502;400;4938;15; ;884167;6125281;884109;6125255;15,0281;55,1248;ÿlenevej 15;0;50;1;58456;58455
37510502;400;2736;4; ;884370;6125086;884381;6125090;15,031;55,1229;MyregÂrdsvej 4;0;51;1;58456;58455
37510502;400;2736;10; ;884492;6124747;884525;6124761;15,0325;55,1198;MyregÂrdsvej 10;0;52;1;58456;58455
37510502;400;2736;3; ;884550;6124760;884548;6124746;15,0334;55,1198;MyregÂrdsvej 3;0;53;1;58456;58455
37510502;400;2736;7; ;884726;6124834;884669;6124726;15,0362;55,1204;MyregÂrdsvej 7;0;54;1;58456;58455
37510502;400;2736;9; ;885034;6124853;884903;6124603;15,0411;55,1203;MyregÂrdsvej 9;0;55;1;58456;58455
37510502;400;2736;20; ;884596;6124514;884699;6124710;15,0338;55,1176;MyregÂrdsvej 20;0;56;1;58456;58455
37510502;400;2736;12; ;884442;6124662;884541;6124723;15,0316;55,119;MyregÂrdsvej 12;0;57;1;58456;58455
37510502;400;2736;16; ;884293;6124012;884274;6124058;15,0284;55,1133;MyregÂrdsvej 16;0;58;1;58456;58455
37510502;400;2736;14; ;884078;6124193;884093;6124191;15,0253;55,1151;MyregÂrdsvej 14;0;59;1;58456;58455
37510502;400;4938;21; ;883756;6124296;883492;6124413;15,0204;55,1163;ÿlenevej 21;0;60;1;58456;58455
37510502;400;4938;30; ;883031;6124263;883443;6124281;15,009;55,1166;ÿlenevej 30;0;61;1;58456;58455
37510502;400;4938;19; ;883574;6124544;883554;6124552;15,0179;55,1187;ÿlenevej 19;0;62;1;58456;58455
37510502;400;4938;17; ;883648;6124716;883629;6124724;15,0193;55,1201;ÿlenevej 17;0;63;1;58456;58455
37510502;400;4938;24; ;883230;6124700;883555;6124555;15,0127;55,1203;ÿlenevej 24;0;64;1;58456;58455
37510502;400;4938;22; ;883687;6124972;883747;6124929;15,0202;55,1224;ÿlenevej 22;0;65;1;58456;58455
37510502;400;4938;20; ;883154;6125033;883185;6125011;15,012;55,1233;ÿlenevej 20;0;66;1;58456;58455
37510502;400;4938;23; ;883533;6123897;883481;6123891;15,0164;55,1129;ÿlenevej 23;0;67;1;58456;58455
37510502;400;4938;27; ;883602;6123255;883550;6123249;15,0166;55,1071;ÿlenevej 27;0;68;1;58456;58455
37510502;400;4938;25; ;883862;6123379;883540;6123344;15,0208;55,108;ÿlenevej 25;0;69;1;58456;58455
37510502;400;1941;1; ;883255;6123250;883259;6123274;15,0112;55,1073;Kildevangsvej 1;0;70;1;58456;58455
37510502;400;1941;3; ;883014;6123196;883135;6123305;15,0074;55,107;Kildevangsvej 3;0;71;1;58456;58455
37510502;400;1941;5; ;883015;6122964;883140;6123301;15,0071;55,105;Kildevangsvej 5;0;72;1;58456;58455
37510502;400;1482;1; ;883096;6123642;882964;6123811;15,0092;55,111;Havreh¯jvej 1;0;73;1;58456;58455
37510502;400;1482;2; ;882973;6124038;883080;6123903;15,0078;55,1146;Havreh¯jvej 2;0;74;1;58456;58455
37510502;400;1482;4; ;882536;6123511;882549;6123491;15,0003;55,1102;Havreh¯jvej 4;0;75;1;58456;58455
37510502;400;1482;6; ;882386;6123649;882508;6123463;14,9982;55,1116;Havreh¯jvej 6;0;76;1;58456;58455
37510502;400;1482;8; ;882217;6123644;882394;6123388;14,9955;55,1117;Havreh¯jvej 8;0;77;1;58456;58455
37510502;400;1482;7; ;882431;6123172;882401;6123183;14,9982;55,1073;Havreh¯jvej 7;0;78;1;58456;58455
37510502;400;1482;10; ;882185;6123318;882209;6123269;14,9946;55,1088;Havreh¯jvej 10;0;79;1;58456;58455
37510502;400;1482;12; ;881910;6123277;881899;6123161;14,9902;55,1086;Havreh¯jvej 12;0;80;1;58456;58455
37510502;400;816;22; ;881469;6123564;881493;6123554;14,9838;55,1115;Dyndevej 22;0;81;1;58456;58455
37510502;400;816;20; ;881420;6123741;881545;6123696;14,9832;55,1131;Dyndevej 20;0;82;1;58456;58455
37510502;400;816;21; ;881654;6123612;881530;6123656;14,9867;55,1118;Dyndevej 21;0;83;1;58456;58455
37510502;400;816;18; ;881560;6123827;881588;6123816;14,9855;55,1138;Dyndevej 18;0;84;1;58456;58455
37510502;400;816;19; ;881701;6123865;881617;6123894;14,9878;55,114;Dyndevej 19;0;85;1;58456;58455
37510502;400;816;16; ;881543;6124070;881664;6124026;14,9856;55,116;Dyndevej 16;0;86;1;58456;58455
37510502;400;2928;4; ;881516;6124344;881591;6124393;14,9855;55,1184;Nydamsvej 4;0;87;1;58456;58455
37510502;400;816;11; ;881921;6124963;881862;6124954;14,9927;55,1237;Dyndevej 11;0;88;1;58456;58455
37510502;400;816;14; ;881734;6124947;881860;6124967;14,9898;55,1237;Dyndevej 14;0;89;1;58456;58455
37510502;400;816;12; ;881821;6125061;881846;6125064;14,9913;55,1246;Dyndevej 12;0;90;1;58456;58455
37510502;400;816;10; ;881730;6125210;881842;6125210;14,99;55,126;Dyndevej 10;0;91;1;58456;58455
37600500;400;468;10; ;875806;6132562;875819;6132739;14,9074;55,1963;Brommevej 10;0;0;1;56248;55212
37600500;400;468;13; ;876200;6132611;876115;6132558;14,9136;55,1964;Brommevej 13;0;1;1;56248;55212
37600500;400;468;19; ;876215;6132192;876197;6132192;14,9133;55,1926;Brommevej 19;0;2;1;56248;55212
37600500;400;468;14; ;876148;6131927;876157;6131933;14,9119;55,1903;Brommevej 14;0;3;1;56248;55212
37600500;400;468;15; ;876303;6132567;876164;6132480;14,9151;55,1959;Brommevej 15;0;4;1;56248;55212
37600500;400;468;17; ;876581;6132582;876349;6132536;14,9195;55,1959;Brommevej 17;0;5;1;56248;55212
37600500;400;468;8; ;875601;6132537;875800;6132745;14,9041;55,1962;Brommevej 8;0;6;1;56248;55212
37600500;400;468;11; ;875769;6132873;875761;6132865;14,9072;55,1991;Brommevej 11;0;7;1;56248;55212
37600500;400;468;6; ;875641;6132899;875694;6132943;14,9052;55,1994;Brommevej 6;0;8;1;56248;55212
37600500;400;468;9; ;875653;6133017;875641;6133007;14,9056;55,2004;Brommevej 9;0;9;1;56248;55212
37600500;400;468;4; ;875347;6133114;875464;6133216;14,9009;55,2015;Brommevej 4;0;10;1;56248;55212
37600500;400;468;7; ;875376;6133347;875361;6133333;14,9017;55,2036;Brommevej 7;0;11;1;56248;55212
37600500;400;2049;33;B;875020;6133768;874973;6133791;14,8967;55,2076;Klemenskervej 33B;0;12;1;56248;55212
37600500;400;2049;35; ;874992;6133744;874963;6133762;14,8962;55,2074;Klemenskervej 35;0;13;1;56248;55212
37600500;400;2049;26; ;874871;6133676;874884;6133662;14,8942;55,2069;Klemenskervej 26;0;14;1;56248;55212
37600500;400;2049;43; ;874848;6133605;874837;6133616;14,8938;55,2063;Klemenskervej 43;0;15;1;56248;55212
37600500;400;2049;30; ;874681;6133784;874840;6133619;14,8914;55,208;Klemenskervej 30;0;16;1;56248;55212
37600500;400;2049;47; ;874692;6133450;874679;6133463;14,8911;55,205;Klemenskervej 47;0;17;1;56248;55212
37600500;400;2049;45; ;874850;6133286;874677;6133461;14,8934;55,2035;Klemenskervej 45;0;18;1;56248;55212
37600500;400;2049;32; ;874578;6133386;874588;6133373;14,8893;55,2046;Klemenskervej 32;0;19;1;56248;55212
37600500;400;2049;34; ;874529;6133425;874584;6133369;14,8886;55,2049;Klemenskervej 34;0;20;1;56248;55212
37600500;400;2049;49; ;874593;6133351;874579;6133364;14,8895;55,2042;Klemenskervej 49;0;21;1;56248;55212
37600500;400;2049;53; ;874544;6133307;874532;6133319;14,8886;55,2039;Klemenskervej 53;0;22;1;56248;55212
37600500;400;2049;36; ;874451;6133296;874478;6133267;14,8872;55,2038;Klemenskervej 36;0;23;1;56248;55212
37600500;400;2049;55; ;874404;6133176;874395;6133184;14,8863;55,2028;Klemenskervej 55;0;24;1;56248;55212
37600500;400;2049;57; ;874383;6133149;874371;6133161;14,8859;55,2026;Klemenskervej 57;0;25;1;56248;55212
37600500;400;2049;40; ;874343;6133164;874357;6133148;14,8853;55,2027;Klemenskervej 40;0;26;1;56248;55212
37600500;400;2049;59; ;874442;6132634;874456;6132653;14,8862;55,1979;Klemenskervej 59;0;27;1;56248;55212
37600500;400;2049;44; ;873958;6132920;874036;6132838;14,879;55,2009;Klemenskervej 44;0;28;1;56248;55212
37600500;400;2049;46; ;873779;6133082;874024;6132829;14,8764;55,2024;Klemenskervej 46;0;29;1;56248;55212
37600500;400;2049;61;B;873994;6132657;873939;6132737;14,8792;55,1985;Klemenskervej 61B;0;30;1;56248;55212
37600500;400;2049;48; ;873553;6133039;873924;6132720;14,8728;55,2022;Klemenskervej 48;0;31;1;56248;55212
37600500;400;2049;50; ;873794;6132600;873812;6132584;14,876;55,1981;Klemenskervej 50;0;32;1;56248;55212
37600500;400;2049;52; ;873747;6132536;873763;6132521;14,8752;55,1976;Klemenskervej 52;0;33;1;56248;55212
37600500;400;2049;54; ;873584;6132641;873746;6132501;14,8727;55,1987;Klemenskervej 54;0;34;1;56248;55212
37600500;400;2049;56; ;873683;6132458;873697;6132444;14,8741;55,1969;Klemenskervej 56;0;35;1;56248;55212
37600500;400;2049;58; ;873447;6132263;873463;6132244;14,8701;55,1954;Klemenskervej 58;0;36;1;56248;55212
37600500;400;2691;20; ;873679;6132206;873652;6132203;14,8737;55,1947;Mortingevej 20;0;37;1;56248;55212
37600500;400;2691;18; ;873762;6132245;873649;6132233;14,875;55,195;Mortingevej 18;0;38;1;56248;55212
37600500;400;2691;14; ;873776;6132123;873662;6132111;14,8751;55,1939;Mortingevej 14;0;39;1;56248;55212
37600500;400;2691;12; ;873798;6131962;873790;6131891;14,8752;55,1924;Mortingevej 12;0;40;1;56248;55212
37600500;400;2691;10; ;874037;6131877;874035;6131866;14,8788;55,1915;Mortingevej 10;0;41;1;56248;55212
37600500;400;2691;8; ;874212;6132053;874191;6131851;14,8818;55,1929;Mortingevej 8;0;42;1;56248;55212
37600500;400;2691;6; ;874394;6131852;874391;6131830;14,8844;55,191;Mortingevej 6;0;43;1;56248;55212
37600500;400;2691;4; ;874824;6132812;874959;6132709;14,8924;55,1992;Mortingevej 4;0;44;1;56248;55212
37600500;400;3279;2; ;875006;6132181;875205;6132214;14,8944;55,1935;Puggevej 2;0;45;1;56248;55212
37600500;400;3279;1; ;875293;6132475;875136;6132461;14,8992;55,1959;Puggevej 1;0;46;1;56248;55212
37600500;400;3279;4; ;875169;6132097;875222;6132106;14,8968;55,1926;Puggevej 4;0;47;1;56248;55212
37600500;400;3279;3; ;875301;6132043;875232;6132035;14,8988;55,192;Puggevej 3;0;48;1;56248;55212
37600500;400;2691;1; ;875210;6133069;875092;6133062;14,8987;55,2012;Mortingevej 1;0;49;1;56248;55212
37600500;400;2049;4; ;874807;6134856;874829;6134857;14,8948;55,2175;Klemenskervej 4;0;50;1;56248;55212
37600500;400;3068;1; ;874681;6135486;874664;6135468;14,8937;55,2233;Otto Bruuns Plads 1;1;51;1;56248;55212
37600500;400;3570;148; ;874638;6135337;874676;6135398;14,8928;55,222;Sdr, Strandvej 148;0;52;1;56248;55212
37600500;400;2049;2; ;874653;6135026;874786;6135058;14,8926;55,2192;Klemenskervej 2;0;53;1;56248;55212
37600500;400;3570;93; ;873680;6136155;873667;6136141;14,8789;55,23;Sdr, Strandvej 93;0;54;1;56248;55212
37600500;400;3570;91; ;873626;6136213;873609;6136207;14,8781;55,2305;Sdr, Strandvej 91;0;55;1;56248;55212
37600500;400;663;20; ;873573;6136523;873491;6136599;14,8777;55,2334;BÂdstadvej 20;0;56;1;56248;55212
37600500;400;3570;142; ;873319;6136576;873396;6136621;14,8738;55,234;Sdr, Strandvej 142;0;57;1;56248;55212
37600500;400;3570;87; ;873412;6136630;873395;6136622;14,8753;55,2344;Sdr, Strandvej 87;0;58;1;56248;55212
37600500;400;3570;136; ;873017;6137035;873027;6137054;14,8697;55,2384;Sdr, Strandvej 136;0;59;1;56248;55212
37600500;400;3570;134; ;872897;6137103;872907;6137121;14,8679;55,2391;Sdr, Strandvej 134;0;60;1;56248;55212
37600500;400;3570;128; ;872777;6137120;872779;6137142;14,8661;55,2393;Sdr, Strandvej 128;1;61;1;56248;55212
37600500;400;3570;126; ;872655;6137057;872658;6137145;14,8641;55,2388;Sdr, Strandvej 126;0;62;1;56248;55212
37600500;400;2289;8; ;871758;6136391;871815;6136325;14,8492;55,2335;KÂsevej 8;0;63;1;56248;55212
37600500;400;3459;16;A;871528;6135982;871570;6136022;14,845;55,2301;R¯vej 16A;0;64;1;56248;55212
37600500;400;3459;23; ;871637;6135995;871623;6135970;14,8467;55,2301;R¯vej 23;0;65;1;56248;55212
37600500;400;3459;25; ;871649;6135975;871640;6135960;14,8469;55,2299;R¯vej 25;0;66;1;56248;55212
37600500;400;2493;3; ;871639;6135891;871617;6135900;14,8466;55,2292;LynggÂrdsvej 3;0;67;1;56248;55212
37600500;400;2493;5; ;871521;6135599;871445;6135658;14,8444;55,2266;LynggÂrdsvej 5;0;68;1;56248;55212
37600500;400;2493;8; ;871265;6135483;871309;6135461;14,8402;55,2258;LynggÂrdsvej 8;0;69;1;56248;55212
37600500;400;2493;1; ;871714;6135837;871611;6135887;14,8477;55,2286;LynggÂrdsvej 1;0;70;1;56248;55212
37600500;400;3459;27; ;872180;6136349;872145;6136331;14,8557;55,2329;R¯vej 27;0;71;1;56248;55212
37600500;400;3459;20; ;871841;6135856;871846;6135866;14,8497;55,2287;R¯vej 20;0;72;1;56248;55212
37600500;400;3459;29; ;872529;6136332;872503;6136331;14,8611;55,2324;R¯vej 29;0;73;1;56248;55212
37600500;400;3459;22; ;872020;6135738;872029;6135767;14,8524;55,2275;R¯vej 22;0;74;1;56248;55212
37600500;400;3459;31; ;872763;6135889;872829;6135519;14,8642;55,2283;R¯vej 31;0;75;1;56248;55212
37600500;400;3828;2; ;872188;6135621;872202;6135602;14,8549;55,2263;Slettevej 2;0;76;1;56248;55212
37600500;400;3828;6; ;871805;6134925;871993;6134988;14,848;55,2204;Slettevej 6;0;77;1;56248;55212
37600500;400;3828;8; ;871916;6134824;872064;6134675;14,8496;55,2194;Slettevej 8;0;78;1;56248;55212
37600500;400;2187;32; ;872023;6133418;872010;6133434;14,8494;55,2068;Krashavevej 32;0;79;1;56248;55212
37600500;400;2187;31; ;871470;6133564;871731;6133240;14,8409;55,2085;Krashavevej 31;0;80;1;56248;55212
37600500;400;2187;36; ;872925;6133065;872966;6133145;14,863;55,2029;Krashavevej 36;0;81;1;56248;55212
37600500;400;2187;33; ;872454;6133688;872496;6133481;14,8565;55,2089;Krashavevej 33;0;82;1;56248;55212
37600500;400;2187;37; ;872635;6133566;872649;6133551;14,8591;55,2076;Krashavevej 37;0;83;1;56248;55212
37600500;400;3000;6; ;872687;6133768;872762;6133725;14,8602;55,2094;N¯rregÂrdsvej 6;0;84;1;56248;55212
37600500;400;2187;35; ;872310;6133850;872330;6133469;14,8544;55,2104;Krashavevej 35;0;85;1;56248;55212
37600500;400;3000;4; ;872800;6133807;872808;6133800;14,862;55,2097;N¯rregÂrdsvej 4;0;86;1;56248;55212
37600500;400;3000;1; ;873366;6134844;873333;6134869;14,8723;55,2185;N¯rregÂrdsvej 1;0;87;1;56248;55212
37600500;400;3000;2; ;873337;6134934;873367;6134906;14,8719;55,2193;N¯rregÂrdsvej 2;0;88;1;56248;55212
37600500;400;807;1; ;873469;6135232;873432;6135242;14,8744;55,2219;Dyndalevej 1;0;89;1;56248;55212
37600500;400;3459;33; ;872864;6135534;872829;6135519;14,8653;55,225;R¯vej 33;0;90;1;56248;55212
37600500;400;3459;28; ;873605;6134616;873675;6134712;14,8757;55,2163;R¯vej 28;0;91;1;56248;55212
37600500;400;3459;37; ;874038;6134915;873951;6134662;14,8829;55,2186;R¯vej 37;0;92;1;56248;55212
37600500;400;3459;30; ;874241;6134527;874249;6134541;14,8855;55,215;R¯vej 30;0;93;1;56248;55212
37600500;400;3459;45; ;874398;6134715;874276;6134524;14,8882;55,2166;R¯vej 45;0;94;1;56248;55212
37600500;400;3459;32; ;874372;6134393;874402;6134462;14,8874;55,2137;R¯vej 32;0;95;1;56248;55212
37600500;400;3459;41; ;874146;6134616;874138;6134597;14,8841;55,2159;R¯vej 41;0;96;1;56248;55212
37600500;400;3459;43; ;874183;6134956;874169;6134586;14,8852;55,2189;R¯vej 43;0;97;1;56248;55212
37600500;400;3996;1; ;873904;6134286;873893;6134292;14,8799;55,2131;Spellingevej 1;0;98;1;56248;55212
37600500;400;3996;3; ;873625;6133885;873604;6133903;14,875;55,2097;Spellingevej 3;0;99;1;56248;55212
37600500;400;3996;2; ;873356;6133420;873385;6133426;14,8702;55,2058;Spellingevej 2;0;100;1;56248;55212
37600501;400;3594;14; ;875985;6131207;875996;6131200;14,9084;55,184;Sigtevej 14;0;0;1;46288;44304
37600501;400;3594;5; ;876750;6131857;876625;6131960;14,9212;55,1892;Sigtevej 5;0;1;1;46288;44304
37600501;400;3594;3; ;876877;6132226;876866;6132236;14,9237;55,1924;Sigtevej 3;0;2;1;46288;44304
37600501;400;3594;12; ;876807;6132332;876882;6132252;14,9227;55,1934;Sigtevej 12;0;3;1;46288;44304
37600501;400;3594;10; ;876847;6132453;876969;6132336;14,9235;55,1945;Sigtevej 10;0;4;1;46288;44304
37600501;400;3594;8; ;877025;6132432;877044;6132413;14,9263;55,1942;Sigtevej 8;0;5;1;46288;44304
37600501;400;468;18; ;876939;6130600;877123;6130793;14,9225;55,1779;Brommevej 18;0;6;1;46288;44304
37600501;400;468;29; ;877393;6130637;877341;6130584;14,9296;55,1778;Brommevej 29;0;7;1;46288;44304
37600501;400;468;31; ;877583;6130943;877284;6130640;14,933;55,1804;Brommevej 31;0;8;1;46288;44304
37600501;400;468;33; ;877709;6131103;877687;6131115;14,9352;55,1818;Brommevej 33;0;9;1;46288;44304
37600501;400;468;30; ;877520;6130391;877533;6130407;14,9313;55,1756;Brommevej 30;0;10;1;46288;44304
37600501;400;468;32; ;877766;6130175;877780;6130190;14,9348;55,1734;Brommevej 32;0;11;1;46288;44304
37600501;400;468;34; ;877666;6129626;877676;6129662;14,9325;55,1686;Brommevej 34;0;12;1;46288;44304
37600501;400;468;35; ;878149;6129975;878113;6129928;14,9405;55,1714;Brommevej 35;0;13;1;46288;44304
37600501;400;468;37; ;878383;6129928;878280;6129795;14,9441;55,1708;Brommevej 37;0;14;1;46288;44304
37600501;400;4803;11; ;877981;6129100;878012;6129076;14,9367;55,1637;Vietsvej 11;0;15;1;46288;44304
37600501;400;4803;7;A;877933;6129021;878066;6129147;14,9359;55,163;Vietsvej 7A;0;16;1;46288;44304
37600501;400;4803;5; ;877953;6128958;877966;6128967;14,9361;55,1624;Vietsvej 5;0;17;1;46288;44304
37600501;400;4803;2; ;878101;6128801;878090;6128793;14,9382;55,1609;Vietsvej 2;0;18;1;46288;44304
37600501;400;4803;3; ;877958;6128737;878072;6128818;14,9359;55,1604;Vietsvej 3;0;19;1;46288;44304
37600501;400;4110;62; ;877774;6128376;877782;6128379;14,9326;55,1574;Stavsdalvej 62;0;20;1;46288;44304
37600501;400;4110;64; ;877648;6128243;877657;6128223;14,9304;55,1563;Stavsdalvej 64;0;21;1;46288;44304
37600501;400;4110;35; ;877144;6127817;877079;6127956;14,922;55,1528;Stavsdalvej 35;0;22;1;46288;44304
37600501;400;4110;66; ;877114;6127999;877124;6127977;14,9217;55,1545;Stavsdalvej 66;0;23;1;46288;44304
37600501;400;4110;68; ;876907;6127905;876915;6127882;14,9184;55,1538;Stavsdalvej 68;0;24;1;46288;44304
37600501;400;2529;1; ;876698;6128082;876716;6128106;14,9154;55,1555;LÊrkes¯vej 1;0;25;1;46288;44304
37600501;400;2529;2; ;876546;6128540;876525;6128538;14,9136;55,1597;LÊrkes¯vej 2;0;26;1;46288;44304
37600501;400;2529;3; ;876366;6128689;876372;6128704;14,911;55,1612;LÊrkes¯vej 3;0;27;1;46288;44304
37600501;400;2529;5; ;876040;6128567;876043;6128611;14,9057;55,1604;LÊrkes¯vej 5;0;28;1;46288;44304
37600501;400;4110;39; ;876680;6127755;876695;6127759;14,9146;55,1526;Stavsdalvej 39;0;29;1;46288;44304
37600501;400;4110;41; ;876255;6127536;876216;6127672;14,9077;55,151;Stavsdalvej 41;0;30;1;46288;44304
37600501;400;4110;72; ;875976;6127657;875979;6127624;14,9035;55,1523;Stavsdalvej 72;0;31;1;46288;44304
37600501;400;4110;74; ;875710;6127849;875698;6127632;14,8996;55,1542;Stavsdalvej 74;0;32;1;46288;44304
37600501;400;4110;70; ;875969;6127996;876007;6127627;14,9039;55,1553;Stavsdalvej 70;0;33;1;46288;44304
37600501;400;1566;2; ;877351;6128261;877322;6128249;14,9258;55,1566;Hjortevej 2;0;34;1;46288;44304
37600501;400;1566;1; ;877187;6128480;877200;6128487;14,9235;55,1587;Hjortevej 1;0;35;1;46288;44304
37600501;400;1566;5; ;877097;6128760;877117;6128763;14,9225;55,1613;Hjortevej 5;0;36;1;46288;44304
37600501;400;1566;7; ;876840;6128793;877094;6128855;14,9185;55,1618;Hjortevej 7;0;37;1;46288;44304
37600501;400;1566;9; ;877051;6128937;877071;6128943;14,922;55,1629;Hjortevej 9;0;38;1;46288;44304
37600501;400;1566;4; ;877301;6129045;877122;6129133;14,9261;55,1637;Hjortevej 4;0;39;1;46288;44304
37600501;400;1566;11; ;877049;6129031;877067;6129024;14,9221;55,1638;Hjortevej 11;0;40;1;46288;44304
37600501;400;1566;13; ;877124;6129380;877219;6129332;14,9237;55,1668;Hjortevej 13;0;41;1;46288;44304
37600501;400;852;2; ;876968;6129609;876991;6129569;14,9216;55,169;Egeskovvej 2;0;42;1;46288;44304
37600501;400;852;1; ;876695;6129413;876696;6129451;14,9171;55,1674;Egeskovvej 1;0;43;1;46288;44304
37600501;400;852;4; ;876559;6129708;876555;6129717;14,9153;55,1702;Egeskovvej 4;0;44;1;46288;44304
37600501;400;852;20; ;875735;6129287;875764;6129276;14,9019;55,167;Egeskovvej 20;0;45;1;46288;44304
37600501;400;852;22; ;875645;6129005;875663;6128998;14,9001;55,1646;Egeskovvej 22;0;46;1;46288;44304
37600501;400;852;5; ;875875;6129033;875697;6129095;14,9038;55,1647;Egeskovvej 5;0;47;1;46288;44304
37600501;400;3759;2; ;876109;6129584;876079;6129594;14,9082;55,1694;Skovvej 2;0;48;1;46288;44304
37600501;400;3759;1; ;875971;6129623;876075;6129585;14,9061;55,1699;Skovvej 1;0;49;1;46288;44304
37600501;400;3759;4; ;876408;6129861;876221;6129929;14,9132;55,1717;Skovvej 4;0;50;1;46288;44304
37600501;400;3759;8; ;876598;6130531;876387;6130609;14,917;55,1775;Skovvej 8;0;51;1;46288;44304
37600501;400;468;28; ;876714;6130222;876706;6130270;14,9184;55,1747;Brommevej 28;0;52;1;46288;44304
37600501;400;468;26; ;876738;6130296;876742;6130272;14,9189;55,1753;Brommevej 26;0;53;1;46288;44304
37600501;400;468;22; ;877178;6130350;877169;6130382;14,9259;55,1754;Brommevej 22;0;54;1;46288;44304
37600501;400;468;20; ;877293;6130453;877304;6130414;14,9278;55,1763;Brommevej 20;0;55;1;46288;44304
37600501;400;2229;14; ;877905;6130253;877926;6130219;14,9371;55,174;KrÊkketsvej 14;0;56;1;46288;44304
37600501;400;2229;7; ;877992;6130241;877985;6130251;14,9384;55,1738;KrÊkketsvej 7;0;57;1;46288;44304
37600501;400;2229;12; ;878076;6130421;878126;6130325;14,94;55,1754;KrÊkketsvej 12;0;58;1;46288;44304
37600501;400;2229;10; ;878358;6130816;878596;6130593;14,9449;55,1787;KrÊkketsvej 10;0;59;1;46288;44304
37600501;400;2229;3; ;878321;6130242;878302;6130391;14,9436;55,1736;KrÊkketsvej 3;0;60;1;46288;44304
37600501;400;2229;2; ;878811;6130856;878827;6130840;14,9521;55,1787;KrÊkketsvej 2;0;61;1;46288;44304
37600501;400;1311;32; ;879459;6130679;879163;6130667;14,9619;55,1766;Gudhjemvej 32;0;62;1;46288;44304
37600501;400;1311;27; ;879228;6130231;879251;6130238;14,9577;55,1728;Gudhjemvej 27;0;63;1;46288;44304
37600501;400;4098;1; ;879786;6130607;879797;6130598;14,9669;55,1757;Staveh¯l 1;0;64;1;46288;44304
37600501;400;4098;3; ;880046;6131072;880048;6131044;14,9716;55,1797;Staveh¯l 3;0;65;1;46288;44304
37600501;400;4803;21; ;879467;6130159;879470;6130148;14,9614;55,172;Vietsvej 21;0;66;1;46288;44304
37600501;400;4803;19; ;879371;6130101;879383;6130067;14,9598;55,1715;Vietsvej 19;0;67;1;46288;44304
37600501;400;4803;10; ;879188;6129892;879156;6129983;14,9566;55,1698;Vietsvej 10;0;68;1;46288;44304
37600501;400;4803;8; ;878849;6129840;878839;6129861;14,9513;55,1696;Vietsvej 8;0;69;1;46288;44304
37600501;400;1311;28; ;879405;6129915;879359;6129897;14,9601;55,1699;Gudhjemvej 28;0;70;1;46288;44304
37600501;400;1311;30; ;879387;6129906;879359;6129897;14,9598;55,1698;Gudhjemvej 30;0;71;1;46288;44304
37600501;400;4803;12; ;879519;6130044;879540;6130061;14,962;55,1709;Vietsvej 12;0;72;1;46288;44304
37600502;400;1044;1; ;878660;6126610;878623;6126572;14,944;55,1409;FlÊskedalsvej 1;0;0;1;53152;53152
37600502;400;1044;2; ;878651;6126492;878676;6126515;14,9437;55,1398;FlÊskedalsvej 2;0;1;1;53152;53152
37600502;400;1044;3; ;878970;6126485;878933;6126395;14,9487;55,1395;FlÊskedalsvej 3;0;2;1;53152;53152
37600502;400;1044;5; ;879230;6126457;879161;6126310;14,9527;55,1391;FlÊskedalsvej 5;0;3;1;53152;53152
37600502;400;4248;4; ;878229;6126782;878285;6126725;14,9375;55,1428;Studebyvej 4;0;4;1;53152;53152
37600502;400;4248;8; ;878001;6126841;877941;6126623;14,934;55,1435;Studebyvej 8;0;5;1;53152;53152
37600502;400;4248;10; ;877603;6126750;877594;6126720;14,9277;55,1429;Studebyvej 10;0;6;1;53152;53152
37600502;400;5031;13; ;877488;6126631;877467;6126636;14,9258;55,142;≈sedamsvej 13;0;7;1;53152;53152
37600502;400;5031;10; ;877407;6126469;877425;6126464;14,9243;55,1406;≈sedamsvej 10;0;8;1;53152;53152
37600502;400;5031;14; ;877389;6126422;877413;6126415;14,9239;55,1402;≈sedamsvej 14;0;9;1;53152;53152
37600502;400;5031;16; ;877384;6126371;877399;6126366;14,9238;55,1397;≈sedamsvej 16;0;10;1;53152;53152
37600502;400;5031;6; ;877469;6126775;877500;6126766;14,9257;55,1433;≈sedamsvej 6;0;11;1;53152;53152
37600502;400;3072;4; ;877429;6126715;877441;6126764;14,925;55,1428;Oxholmvej 4;0;12;1;53152;53152
37600502;400;3072;5; ;876705;6127120;876682;6127110;14,9142;55,1469;Oxholmvej 5;0;13;1;53152;53152
37600502;400;3072;3; ;876661;6127239;876633;6127226;14,9137;55,148;Oxholmvej 3;0;14;1;53152;53152
37600502;400;3072;1; ;876714;6127466;876679;6127480;14,9148;55,15;Oxholmvej 1;0;15;1;53152;53152
37600502;400;3072;13; ;876967;6127263;876670;6127139;14,9185;55,148;Oxholmvej 13;0;16;1;53152;53152
37600502;400;5031;4; ;877489;6126960;877546;6126945;14,9262;55,1449;≈sedamsvej 4;0;17;1;53152;53152
37600502;400;5031;11; ;877598;6127020;877563;6127026;14,928;55,1454;≈sedamsvej 11;0;18;1;53152;53152
37600502;400;5031;7; ;877658;6127243;877623;6127253;14,9292;55,1473;≈sedamsvej 7;0;19;1;53152;53152
37600502;400;5031;2; ;877760;6127793;877837;6127757;14,9316;55,1521;≈sedamsvej 2;0;20;1;53152;53152
37600502;400;5031;1; ;878066;6128151;878039;6128165;14,9368;55,1551;≈sedamsvej 1;0;21;1;53152;53152
37600502;400;4110;31; ;877955;6128348;877950;6128358;14,9353;55,157;Stavsdalvej 31;0;22;1;53152;53152
37600502;400;4110;56; ;878199;6128508;878207;6128494;14,9394;55,1582;Stavsdalvej 56;0;23;1;53152;53152
37600502;400;4110;29; ;878291;6128524;878280;6128541;14,9408;55,1583;Stavsdalvej 29;0;24;1;53152;53152
37600502;400;4110;27; ;878321;6128537;878308;6128558;14,9413;55,1584;Stavsdalvej 27;0;25;1;53152;53152
37600502;400;4110;25; ;878369;6128576;878361;6128589;14,9421;55,1587;Stavsdalvej 25;0;26;1;53152;53152
37600502;400;4110;54; ;878350;6128607;878360;6128588;14,9418;55,159;Stavsdalvej 54;0;27;1;53152;53152
37600502;400;4110;23; ;878416;6128597;878405;6128615;14,9429;55,1588;Stavsdalvej 23;0;28;1;53152;53152
37600502;400;4110;52; ;878403;6128642;878415;6128621;14,9427;55,1592;Stavsdalvej 52;0;29;1;53152;53152
37600502;400;4110;44; ;878502;6128697;878512;6128679;14,9443;55,1597;Stavsdalvej 44;0;30;1;53152;53152
37600502;400;4110;21; ;878600;6128691;878581;6128721;14,9459;55,1595;Stavsdalvej 21;0;31;1;53152;53152
37600502;400;4110;40; ;878571;6128742;878582;6128722;14,9455;55,16;Stavsdalvej 40;0;32;1;53152;53152
37600502;400;4110;19; ;878630;6128713;878612;6128741;14,9464;55,1597;Stavsdalvej 19;0;33;1;53152;53152
37600502;400;4110;38; ;878607;6128940;878697;6128793;14,9463;55,1618;Stavsdalvej 38;0;34;1;53152;53152
37600502;400;4110;17; ;878976;6128945;878967;6128957;14,9521;55,1615;Stavsdalvej 17;0;35;1;53152;53152
37600502;400;4110;34; ;879015;6129031;879035;6129000;14,9528;55,1623;Stavsdalvej 34;0;36;1;53152;53152
37600502;400;1938;3; ;879509;6128405;879055;6128601;14,9597;55,1563;Kildevad 3;0;37;1;53152;53152
37600502;400;1938;2; ;878910;6128713;878922;6128726;14,9507;55,1595;Kildevad 2;0;38;1;53152;53152
37600502;400;4110;50; ;878462;6128673;878472;6128655;14,9437;55,1595;Stavsdalvej 50;0;39;1;53152;53152
37600502;400;4110;48; ;878378;6128776;878394;6128791;14,9425;55,1605;Stavsdalvej 48;0;40;1;53152;53152
37600502;400;3360;4; ;878614;6128298;878631;6128307;14,9456;55,156;Risenholmsvej 4;0;41;1;53152;53152
37600502;400;3360;6; ;878819;6128041;878848;6128047;14,9484;55,1536;Risenholmsvej 6;0;42;1;53152;53152
37600502;400;4248;2; ;878416;6127619;878514;6127547;14,9416;55,1501;Studebyvej 2;0;43;1;53152;53152
37600502;400;5031;3; ;878264;6127816;877937;6127976;14,9395;55,152;≈sedamsvej 3;0;44;1;53152;53152
37600502;400;4248;1; ;878511;6127502;878492;6127503;14,9429;55,149;Studebyvej 1;0;45;1;53152;53152
37600502;400;3360;8; ;878824;6127842;878862;6127851;14,9482;55,1518;Risenholmsvej 8;0;46;1;53152;53152
37600502;400;3360;12; ;878936;6126978;878930;6126994;14,9488;55,144;Risenholmsvej 12;0;47;1;53152;53152
37600502;400;3360;14; ;879284;6127439;879328;6127516;14,9549;55,1478;Risenholmsvej 14;0;48;1;53152;53152
37600502;400;3360;5; ;879483;6127394;879483;6127369;14,9579;55,1473;Risenholmsvej 5;0;49;1;53152;53152
37600502;400;3360;16; ;879515;6127351;879514;6127369;14,9583;55,1469;Risenholmsvej 16;0;50;1;53152;53152
37600502;400;5025;30; ;879927;6127444;879969;6127424;14,9649;55,1474;≈l¯sevej 30;0;51;1;53152;53152
37600502;400;5025;28; ;880034;6127627;880089;6127606;14,9668;55,1489;≈l¯sevej 28;0;52;1;53152;53152
37600502;400;5025;29; ;880295;6127685;880092;6127680;14,971;55,1492;≈l¯sevej 29;0;53;1;53152;53152
37600502;400;5025;25; ;880178;6128132;880031;6128060;14,9697;55,1533;≈l¯sevej 25;0;54;1;53152;53152
37600502;400;5025;23; ;880232;6128238;879993;6128220;14,9707;55,1542;≈l¯sevej 23;0;55;1;53152;53152
37600502;400;5025;26; ;879998;6128312;880016;6128307;14,9672;55,1551;≈l¯sevej 26;0;56;1;53152;53152
37600502;400;5025;21; ;880045;6128361;880031;6128364;14,968;55,1555;≈l¯sevej 21;0;57;1;53152;53152
37600502;400;5025;17; ;880083;6128483;880060;6128485;14,9687;55,1565;≈l¯sevej 17;0;58;1;53152;53152
37600502;400;5025;20; ;879934;6128831;879940;6128818;14,9669;55,1598;≈l¯sevej 20;0;59;1;53152;53152
37600502;400;5025;15; ;880154;6128832;880062;6128538;14,9703;55,1596;≈l¯sevej 15;0;60;1;53152;53152
37600502;400;2922;44;A;880633;6128847;880596;6128861;14,9778;55,1594;Nybrovej 44A;0;61;1;53152;53152
37600502;400;2922;39; ;880433;6129409;880433;6129382;14,9754;55,1645;Nybrovej 39;0;62;1;53152;53152
37600502;400;2922;46; ;880450;6129200;880448;6129382;14,9754;55,1627;Nybrovej 46;0;63;1;53152;53152
37600502;400;2922;41; ;880469;6129408;880469;6129382;14,976;55,1645;Nybrovej 41;0;64;1;53152;53152
37600502;400;2922;43; ;880529;6129404;880530;6129383;14,9769;55,1644;Nybrovej 43;0;65;1;53152;53152
37600502;400;2922;52; ;880740;6129233;880763;6129372;14,98;55,1627;Nybrovej 52;0;66;1;53152;53152
37600502;400;2922;50; ;880647;6129044;880662;6129383;14,9783;55,1611;Nybrovej 50;0;67;1;53152;53152
37600502;400;2922;45; ;880724;6129416;880719;6129378;14,98;55,1644;Nybrovej 45;0;68;1;53152;53152
37600502;400;2922;54; ;880859;6129301;880873;6129345;14,9819;55,1632;Nybrovej 54;0;69;1;53152;53152
37600502;400;3750;1; ;880875;6130031;880892;6130010;14,9832;55,1698;Skovsmindevej 1;0;70;1;53152;53152
37600502;400;1650;1; ;880451;6130034;880458;6130043;14,9766;55,1701;H¯jagrevej 1;0;71;1;53152;53152
37600502;400;1164;21; ;880102;6130634;880127;6130591;14,9719;55,1757;GamlevÊldevej 21;0;72;1;53152;53152
37600502;400;1164;23; ;880439;6130209;880453;6130196;14,9766;55,1717;GamlevÊldevej 23;0;73;1;53152;53152
37600502;400;1164;25; ;880454;6130238;880472;6130220;14,9769;55,1719;GamlevÊldevej 25;0;74;1;53152;53152
37600502;400;1164;32; ;880575;6130188;880499;6130252;14,9787;55,1714;GamlevÊldevej 32;0;75;1;53152;53152
37600502;400;1164;29; ;880885;6130976;881066;6131144;14,9846;55,1782;GamlevÊldevej 29;0;76;1;53152;53152
37600502;400;3909;2; ;881009;6130340;881014;6130343;14,9857;55,1724;Smedevej 2;0;77;1;53152;53152
37600502;400;3909;1; ;881231;6130331;881219;6130314;14,9891;55,1722;Smedevej 1;0;78;1;53152;53152
37600502;400;3750;3; ;881098;6130225;881161;6130181;14,9869;55,1713;Skovsmindevej 3;0;79;1;53152;53152
37600502;400;3909;4; ;881246;6130284;881251;6130293;14,9893;55,1717;Smedevej 4;0;80;1;53152;53152
37600502;400;3909;3; ;881321;6130266;881312;6130253;14,9905;55,1715;Smedevej 3;0;81;1;53152;53152
37600502;400;2031;2; ;881455;6129758;881473;6129786;14,9919;55,1669;Kjeldsebyvej 2;0;82;1;53152;53152
37600502;400;2031;1; ;881729;6130238;881738;6130221;14,9968;55,171;Kjeldsebyvej 1;0;83;1;53152;53152
37600502;400;2031;10; ;881946;6130312;881939;6130325;15,0003;55,1715;Kjeldsebyvej 10;0;84;1;53152;53152
37600502;400;2031;12; ;882085;6130244;882017;6130366;15,0023;55,1707;Kjeldsebyvej 12;0;85;1;53152;53152
37600502;400;2031;14; ;882341;6130538;882326;6130556;15,0067;55,1732;Kjeldsebyvej 14;0;86;1;53152;53152
37600502;400;2031;3; ;882576;6131038;882700;6130949;15,0111;55,1775;Kjeldsebyvej 3;0;87;1;53152;53152
37600502;400;2031;5; ;882745;6131116;882775;6131100;15,0138;55,178;Kjeldsebyvej 5;0;88;1;53152;53152
37600502;400;2031;16; ;882902;6131202;882869;6131226;15,0164;55,1787;Kjeldsebyvej 16;0;89;1;53152;53152
37600502;400;3312;23; ;883044;6131104;883052;6131111;15,0185;55,1777;Randkl¯vevej 23;0;90;1;53152;53152
37600502;400;3312;17; ;883155;6130944;883177;6130965;15,02;55,1762;Randkl¯vevej 17;0;91;1;53152;53152
37600502;400;3312;21; ;883088;6130967;883138;6131008;15,019;55,1764;Randkl¯vevej 21;0;92;1;53152;53152
37600502;400;3312;19; ;883098;6130912;883167;6130976;15,0191;55,1759;Randkl¯vevej 19;0;93;1;53152;53152
37600502;400;2655;56; ;882851;6131264;882859;6131282;15,0157;55,1793;Melstedvej 56;0;94;1;53152;53152
37600502;400;2655;54; ;882799;6131287;882809;6131308;15,0149;55,1795;Melstedvej 54;0;95;1;53152;53152
37600502;400;2655;52; ;882726;6131298;882741;6131333;15,0138;55,1797;Melstedvej 52;0;96;1;53152;53152
37600502;400;2655;44; ;882625;6131346;882659;6131381;15,0123;55,1802;Melstedvej 44;0;97;1;53152;53152
37600502;400;2655;34; ;882184;6131822;882195;6131835;15,006;55,1848;Melstedvej 34;0;98;1;53152;53152
37600502;400;2655;30; ;881960;6132003;881979;6132044;15,0028;55,1866;Melstedvej 30;0;99;1;53152;53152
37600502;400;2655;47; ;881627;6132282;881604;6132251;14,9979;55,1893;Melstedvej 47;1;100;1;53152;53152
37600502;400;2655;43; ;881386;6132433;881375;6132419;14,9944;55,1908;Melstedvej 43;0;101;1;53152;53152
37600502;400;2655;26; ;881018;6132638;881044;6132668;14,9889;55,193;Melstedvej 26;0;102;1;53152;53152
37600502;400;2655;39; ;880861;6132959;880804;6132921;14,9869;55,1959;Melstedvej 39;0;103;1;53152;53152
37600502;400;1164;46; ;881163;6131847;881128;6131850;14,9901;55,1858;GamlevÊldevej 46;0;104;1;53152;53152
37600502;400;1164;33; ;881112;6132021;881178;6131959;14,9896;55,1874;GamlevÊldevej 33;0;105;1;53152;53152
37600502;400;1164;31; ;881022;6131074;881082;6131127;14,9869;55,179;GamlevÊldevej 31;0;106;1;53152;53152
37600502;400;1164;44; ;881196;6131144;881126;6131080;14,9897;55,1795;GamlevÊldevej 44;0;107;1;53152;53152
37600502;400;1164;36; ;881291;6130835;881238;6130902;14,9907;55,1766;GamlevÊldevej 36;0;108;1;53152;53152
37600502;400;1164;42; ;881857;6131310;881846;6131255;15,0002;55,1804;GamlevÊldevej 42;0;109;1;53152;53152
37600502;400;1164;38; ;882201;6131101;882181;6131130;15,0053;55,1783;GamlevÊldevej 38;0;110;1;53152;53152
37600503;400;342;1; ;877923;6133719;878027;6133758;14,942;55,205;Bobbevej 1;0;0;1;48051;47802
37600503;400;1533;9; ;877258;6134290;877320;6134351;14,9324;55,2106;Helligdomsvej 9;0;1;1;48051;47802
37600503;400;3456;10; ;876702;6135014;876696;6135003;14,9246;55,2175;R¯stadvej 10;0;2;1;48051;47802
37600503;400;1533;10; ;876122;6135145;876113;6135110;14,9158;55,2191;Helligdomsvej 10;0;3;1;48051;47802
37600503;400;1533;15; ;875992;6135082;876010;6135140;14,9136;55,2186;Helligdomsvej 15;0;4;1;48051;47802
37600503;400;3456;8; ;876709;6134773;876659;6134753;14,9244;55,2153;R¯stadvej 8;0;5;1;48051;47802
37600503;400;3456;6; ;876738;6134497;876557;6134510;14,9245;55,2128;R¯stadvej 6;0;6;1;48051;47802
37600503;400;3456;4; ;876769;6134063;876483;6134415;14,9244;55,2089;R¯stadvej 4;0;7;1;48051;47802
37600503;400;2406;25; ;876324;6134804;876260;6134705;14,9184;55,2159;Lindeskovvej 25;0;8;1;48051;47802
37600503;400;2406;21; ;876121;6134825;876105;6134802;14,9153;55,2163;Lindeskovvej 21;0;9;1;48051;47802
37600503;400;2406;16; ;875916;6134814;875959;6134891;14,9121;55,2163;Lindeskovvej 16;0;10;1;48051;47802
37600503;400;2406;14; ;875875;6134895;875894;6134928;14,9116;55,2171;Lindeskovvej 14;0;11;1;48051;47802
37600503;400;2406;17; ;875777;6135042;875759;6135014;14,9102;55,2184;Lindeskovvej 17;0;12;1;48051;47802
37600503;400;2406;15; ;875761;6135115;875715;6135042;14,9101;55,2191;Lindeskovvej 15;0;13;1;48051;47802
37600503;400;3429;16; ;876148;6133760;876167;6133784;14,9143;55,2067;R¯brovej 16;0;14;1;48051;47802
37600503;400;3429;22; ;876803;6133137;876848;6133188;14,9237;55,2006;R¯brovej 22;0;15;1;48051;47802
37600503;400;3477;2; ;877099;6133129;876987;6133231;14,9283;55,2003;Salenevej 2;0;16;1;48051;47802
37600503;400;3477;4; ;877311;6133297;877162;6133423;14,9319;55,2017;Salenevej 4;0;17;1;48051;47802
37600503;400;3477;6; ;877579;6133526;877551;6133542;14,9364;55,2035;Salenevej 6;0;18;1;48051;47802
37600503;400;3477;7; ;877429;6133746;877441;6133734;14,9343;55,2056;Salenevej 7;0;19;1;48051;47802
37600503;400;342;3; ;878071;6134081;878087;6134070;14,9448;55,2081;Bobbevej 3;0;20;1;48051;47802
37600503;400;3024;12; ;879254;6134755;879255;6134734;14,9642;55,2132;N¯rresand 12;0;21;1;48051;47802
37600503;400;3024;16; ;879165;6134734;879171;6134707;14,9628;55,2131;N¯rresand 16;0;22;1;48051;47802
37600503;400;1533;7; ;878495;6134089;878454;6134149;14,9514;55,2079;Helligdomsvej 7;0;23;1;48051;47802
37600503;400;1311;51; ;878720;6133744;878739;6133727;14,9545;55,2046;Gudhjemvej 51;0;24;1;48051;47802
37600503;400;1311;49; ;878837;6133723;878856;6133735;14,9563;55,2043;Gudhjemvej 49;0;25;1;48051;47802
37600503;400;1311;55; ;879063;6133590;879077;6133572;14,9596;55,203;Gudhjemvej 55;0;26;1;48051;47802
37600503;400;1311;62; ;879290;6133476;879316;6133494;14,963;55,2018;Gudhjemvej 62;0;27;1;48051;47802
37600503;400;1311;59; ;879233;6133735;879247;6133710;14,9625;55,2041;Gudhjemvej 59;0;28;1;48051;47802
37600503;400;1311;57; ;879138;6133874;879133;6133849;14,9612;55,2054;Gudhjemvej 57;0;29;1;48051;47802
37600503;400;1311;63; ;879252;6133768;879278;6133735;14,9628;55,2044;Gudhjemvej 63;0;30;1;48051;47802
37600503;400;1311;65; ;879265;6133793;879298;6133751;14,9631;55,2046;Gudhjemvej 65;0;31;1;48051;47802
37600503;400;1311;67; ;879280;6133805;879313;6133763;14,9633;55,2047;Gudhjemvej 67;0;32;1;48051;47802
37600503;400;1311;69; ;879309;6133812;879335;6133781;14,9638;55,2048;Gudhjemvej 69;0;33;1;48051;47802
37600503;400;1311;71; ;879348;6133834;879369;6133810;14,9644;55,2049;Gudhjemvej 71;0;34;1;48051;47802
37600503;400;1311;73; ;879365;6133903;879410;6133843;14,9648;55,2055;Gudhjemvej 73;0;35;1;48051;47802
37600503;400;1311;64; ;879413;6133743;879409;6133782;14,9653;55,2041;Gudhjemvej 64;0;36;1;48051;47802
37600503;400;1311;58; ;878784;6133003;878766;6132999;14,9545;55,1979;Gudhjemvej 58;0;37;1;48051;47802
37600503;400;1311;45; ;878774;6132906;878796;6132913;14,9542;55,1971;Gudhjemvej 45;0;38;1;48051;47802
37600503;400;1311;43; ;878789;6132872;878807;6132879;14,9544;55,1968;Gudhjemvej 43;0;39;1;48051;47802
37600503;400;1311;56; ;878875;6132735;878860;6132724;14,9555;55,1955;Gudhjemvej 56;0;40;1;48051;47802
37600503;400;3594;2; ;878713;6133194;878693;6133155;14,9536;55,1997;Sigtevej 2;0;41;1;48051;47802
37600503;400;3594;6; ;877710;6133327;877933;6133046;14,9381;55,2016;Sigtevej 6;0;42;1;48051;47802
37600503;400;4089;16; ;877765;6132616;877715;6132582;14,938;55,1953;Stangevej 16;0;43;1;48051;47802
37600503;400;4089;14; ;878119;6131992;878032;6131946;14,9427;55,1894;Stangevej 14;0;44;1;48051;47802
37600503;400;4089;6; ;878512;6131921;878107;6132001;14,9488;55,1885;Stangevej 6;0;45;1;48051;47802
37600503;400;4089;12; ;878664;6132303;878638;6132268;14,9517;55,1918;Stangevej 12;0;46;1;48051;47802
37600503;400;4089;11; ;878018;6131724;878094;6131744;14,9408;55,1871;Stangevej 11;0;47;1;48051;47802
37600503;400;4089;9; ;878089;6131546;878163;6131486;14,9417;55,1854;Stangevej 9;0;48;1;48051;47802
37600503;400;4089;7; ;878019;6131029;878054;6131040;14,9399;55,1809;Stangevej 7;0;49;1;48051;47802
37600503;400;4089;2; ;878433;6131197;878426;6131169;14,9466;55,1821;Stangevej 2;0;50;1;48051;47802
37600503;400;4089;5; ;878600;6131058;878624;6131088;14,949;55,1807;Stangevej 5;0;51;1;48051;47802
37600503;400;2127;2; ;879025;6130829;879012;6130837;14,9554;55,1783;Kobbevej 2;0;52;1;48051;47802
37600503;400;4089;1; ;879135;6130506;879118;6130510;14,9566;55,1753;Stangevej 1;1;53;1;48051;47802
37600503;400;1311;34; ;879198;6130714;879161;6130711;14,9579;55,1772;Gudhjemvej 34;0;54;1;48051;47802
37600503;400;1311;29; ;879135;6130778;879159;6130777;14,957;55,1778;Gudhjemvej 29;0;55;1;48051;47802
37600503;400;1311;31; ;879129;6130898;879156;6130897;14,9571;55,1789;Gudhjemvej 31;0;56;1;48051;47802
37600503;400;1311;36; ;879192;6130963;879154;6130961;14,9581;55,1794;Gudhjemvej 36;0;57;1;48051;47802
37600503;400;1311;33; ;879066;6131174;879147;6131175;14,9565;55,1814;Gudhjemvej 33;0;58;1;48051;47802
37600503;400;1311;38; ;879158;6131215;879146;6131222;14,9579;55,1817;Gudhjemvej 38;0;59;1;48051;47802
37600503;400;1311;35; ;878820;6131556;879132;6131586;14,9531;55,185;Gudhjemvej 35;0;60;1;48051;47802
37600503;400;1311;37; ;879056;6131936;879082;6131938;14,9573;55,1882;Gudhjemvej 37;0;61;1;48051;47802
37600503;400;1311;44; ;879253;6132045;879070;6132016;14,9605;55,189;Gudhjemvej 44;0;62;1;48051;47802
37600503;400;1311;50; ;879375;6132512;878983;6132374;14,9631;55,1931;Gudhjemvej 50;0;63;1;48051;47802
37600503;400;2127;4; ;879275;6131023;879246;6131077;14,9595;55,1799;Kobbevej 4;0;64;1;48051;47802
37600503;400;2127;1; ;879390;6131259;879433;6131174;14,9616;55,1819;Kobbevej 1;0;65;1;48051;47802
37600503;400;2127;10; ;879664;6131092;879579;6131250;14,9657;55,1802;Kobbevej 10;0;66;1;48051;47802
37600503;400;2127;3; ;879628;6131357;879667;6131306;14,9655;55,1826;Kobbevej 3;0;67;1;48051;47802
37600503;400;2127;5; ;879856;6131487;879873;6131463;14,9692;55,1836;Kobbevej 5;0;68;1;48051;47802
37600503;400;2127;14; ;880252;6131893;880201;6131917;14,9759;55,1869;Kobbevej 14;0;69;1;48051;47802
37600503;400;2127;7; ;880331;6132604;880353;6132569;14,9781;55,1932;Kobbevej 7;0;70;1;48051;47802
37600503;400;2127;16; ;880457;6132627;880438;6132645;14,9801;55,1933;Kobbevej 16;0;71;1;48051;47802
37600503;400;2127;18; ;880767;6132448;880608;6132748;14,9847;55,1915;Kobbevej 18;0;72;1;48051;47802
37600503;400;2655;20; ;879595;6132994;879802;6133061;14,9671;55,1972;Melstedvej 20;0;73;1;48051;47802
37600540;400;468;1; ;875110;6133759;875088;6133749;14,8981;55,2075;Brommevej 1;0;0;1;13643;13643
37600540;400;468;3; ;875176;6133594;875156;6133584;14,8989;55,206;Brommevej 3;0;1;1;13643;13643
37600540;400;468;2;C;875031;6133780;875068;6133795;14,8969;55,2077;Brommevej 2C;0;2;1;13643;13643
37600540;400;468;2;A;875060;6133792;875068;6133795;14,8973;55,2078;Brommevej 2A;0;3;1;13643;13643
37600540;400;468;2;B;875056;6133794;875066;6133799;14,8973;55,2078;Brommevej 2B;0;4;1;13643;13643
37600540;400;3429;2; ;875210;6133861;875226;6133873;14,8998;55,2083;R¯brovej 2;0;5;1;13643;13643
37600540;400;3429;6; ;875710;6133468;875671;6133450;14,9071;55,2044;R¯brovej 6;0;6;1;13643;13643
37600540;400;3429;3; ;875380;6133985;875366;6133984;14,9026;55,2093;R¯brovej 3;0;7;1;13643;13643
37600540;400;3429;5; ;875415;6133954;875419;6133938;14,9031;55,209;R¯brovej 5;0;8;1;13643;13643
37600540;400;3429;7; ;875466;6133967;875469;6133952;14,9039;55,2091;R¯brovej 7;0;9;1;13643;13643
37600540;400;3429;10; ;875616;6133942;875615;6133960;14,9062;55,2087;R¯brovej 10;0;10;1;13643;13643
37600540;400;4713;1; ;875532;6134076;875529;6134065;14,9051;55,21;VassebÊkvej 1;0;11;1;13643;13643
37600540;400;2406;11; ;875254;6135040;875376;6134808;14,902;55,2188;Lindeskovvej 11;0;12;1;13643;13643
37600540;400;2406;10; ;874953;6134597;874934;6134608;14,8967;55,2151;Lindeskovvej 10;0;13;1;13643;13643
37600540;400;2406;9; ;874854;6134505;874844;6134489;14,8951;55,2143;Lindeskovvej 9;0;14;1;13643;13643
37600540;400;3765;1; ;874910;6134474;874900;6134458;14,8959;55,214;Skramman 1;0;15;1;13643;13643
37600540;400;3765;5; ;874964;6134325;874953;6134329;14,8966;55,2127;Skramman 5;0;16;1;13643;13643
37600540;400;3765;7; ;875015;6134310;875010;6134294;14,8973;55,2125;Skramman 7;0;17;1;13643;13643
37600540;400;3765;11; ;875034;6134271;875038;6134285;14,8976;55,2121;Skramman 11;0;18;1;13643;13643
37600540;400;3765;13; ;875010;6134279;875014;6134292;14,8972;55,2122;Skramman 13;0;19;1;13643;13643
37600540;400;3765;15; ;874970;6134290;874974;6134305;14,8966;55,2123;Skramman 15;0;20;1;13643;13643
37600540;400;3765;17; ;874949;6134297;874953;6134311;14,8963;55,2124;Skramman 17;0;21;1;13643;13643
37600540;400;3765;19; ;874917;6134305;874921;6134320;14,8958;55,2125;Skramman 19;0;22;1;13643;13643
37600540;400;3765;24; ;874927;6134264;874914;6134276;14,8959;55,2121;Skramman 24;0;23;1;13643;13643
37600540;400;3765;22; ;874911;6134242;874906;6134268;14,8956;55,212;Skramman 22;0;24;1;13643;13643
37600540;400;3765;20; ;874891;6134261;874897;6134273;14,8953;55,2121;Skramman 20;0;25;1;13643;13643
37600540;400;3765;18; ;874862;6134273;874870;6134288;14,8949;55,2123;Skramman 18;0;26;1;13643;13643
37600540;400;3765;16; ;874840;6134294;874865;6134297;14,8946;55,2125;Skramman 16;0;27;1;13643;13643
37600540;400;3765;14; ;874856;6134332;874870;6134324;14,8949;55,2128;Skramman 14;0;28;1;13643;13643
37600540;400;3765;10; ;874931;6134334;874927;6134318;14,896;55,2128;Skramman 10;0;29;1;13643;13643
37600540;400;3765;8; ;874945;6134356;874961;6134348;14,8963;55,213;Skramman 8;0;30;1;13643;13643
37600540;400;3765;6; ;874958;6134374;874970;6134371;14,8965;55,2131;Skramman 6;0;31;1;13643;13643
37600540;400;3765;4; ;874935;6134408;874949;6134417;14,8962;55,2134;Skramman 4;0;32;1;13643;13643
37600540;400;3765;2; ;874851;6134446;874868;6134476;14,895;55,2138;Skramman 2;0;33;1;13643;13643
37600540;400;2406;6; ;874843;6134471;874849;6134486;14,8949;55,2141;Lindeskovvej 6;0;34;1;13643;13643
37600540;400;4878;3; ;874847;6134418;874820;6134396;14,8948;55,2136;VÂrbÊkvej 3;0;35;1;13643;13643
37600540;400;4878;8; ;874792;6134396;874799;6134409;14,894;55,2134;VÂrbÊkvej 8;0;36;1;13643;13643
37600540;400;4878;6; ;874767;6134416;874787;6134416;14,8936;55,2136;VÂrbÊkvej 6;0;37;1;13643;13643
37600540;400;4878;4; ;874780;6134442;874796;6134432;14,8938;55,2138;VÂrbÊkvej 4;0;38;1;13643;13643
37600540;400;4878;2; ;874793;6134464;874809;6134454;14,8941;55,214;VÂrbÊkvej 2;0;39;1;13643;13643
37600540;400;2406;4; ;874812;6134488;874818;6134503;14,8944;55,2142;Lindeskovvej 4;0;40;1;13643;13643
37600540;400;2406;3; ;874797;6134531;874791;6134518;14,8942;55,2146;Lindeskovvej 3;0;41;1;13643;13643
37600540;400;2406;1; ;874773;6134546;874766;6134530;14,8939;55,2148;Lindeskovvej 1;0;42;1;13643;13643
37600540;400;2049;12; ;874747;6134548;874760;6134543;14,8935;55,2148;Klemenskervej 12;0;43;1;13643;13643
37600540;400;2049;10; ;874749;6134578;874770;6134569;14,8935;55,2151;Klemenskervej 10;0;44;1;13643;13643
37600540;400;3480;1; ;874715;6134507;874705;6134509;14,8929;55,2145;Saltpladsen 1;0;45;1;13643;13643
37600540;400;3480;5; ;874708;6134482;874697;6134485;14,8928;55,2143;Saltpladsen 5;0;46;1;13643;13643
37600540;400;3480;12; ;874679;6134479;874695;6134481;14,8923;55,2142;Saltpladsen 12;0;47;1;13643;13643
37600540;400;3480;8; ;874690;6134502;874701;6134498;14,8925;55,2145;Saltpladsen 8;0;48;1;13643;13643
37600540;400;3480;4; ;874701;6134534;874709;6134521;14,8927;55,2147;Saltpladsen 4;0;49;1;13643;13643
37600540;400;3480;2; ;874719;6134530;874714;6134520;14,893;55,2147;Saltpladsen 2;0;50;1;13643;13643
37600540;400;2049;3; ;874760;6134485;874738;6134492;14,8936;55,2142;Klemenskervej 3;0;51;1;13643;13643
37600540;400;2049;5; ;874743;6134467;874731;6134472;14,8933;55,2141;Klemenskervej 5;0;52;1;13643;13643
37600540;400;2049;7; ;874747;6134440;874726;6134439;14,8933;55,2139;Klemenskervej 7;0;53;1;13643;13643
37600540;400;2049;9; ;874743;6134415;874728;6134413;14,8932;55,2136;Klemenskervej 9;0;54;1;13643;13643
37600540;400;3426;8; ;874714;6134395;874704;6134400;14,8927;55,2135;R¯ Stationsvej 8;0;55;1;13643;13643
37600540;400;3459;49; ;874607;6134343;874593;6134329;14,891;55,2131;R¯vej 49;0;56;1;13643;13643
37600540;400;3459;47; ;874566;6134367;874554;6134353;14,8904;55,2133;R¯vej 47;0;57;1;13643;13643
37600540;400;3459;34; ;874535;6134344;874547;6134359;14,8899;55,2132;R¯vej 34;0;58;1;13643;13643
37600540;400;3459;36; ;874555;6134311;874573;6134341;14,8901;55,2128;R¯vej 36;0;59;1;13643;13643
37600540;400;3459;38; ;874585;6134311;874594;6134328;14,8906;55,2128;R¯vej 38;0;60;1;13643;13643
37600540;400;3459;46; ;874619;6134289;874630;6134309;14,8911;55,2126;R¯vej 46;0;61;1;13643;13643
37600540;400;3423;12; ;873876;6133790;873849;6133768;14,8788;55,2087;R¯ Skolevej 12;0;62;1;13643;13643
37600540;400;3423;14; ;873776;6133698;873858;6133756;14,8771;55,208;R¯ Skolevej 14;0;63;1;13643;13643
37600540;400;3423;6; ;874598;6134155;874607;6134141;14,8906;55,2114;R¯ Skolevej 6;0;64;1;13643;13643
37600540;400;3423;8; ;874585;6134179;874614;6134148;14,8904;55,2116;R¯ Skolevej 8;1;65;1;13643;13643
37600540;400;3423;4; ;874667;6134206;874674;6134190;14,8918;55,2118;R¯ Skolevej 4;0;66;1;13643;13643
37600540;400;3423;2; ;874710;6134233;874718;6134212;14,8925;55,212;R¯ Skolevej 2;0;67;1;13643;13643
37600540;400;3459;54; ;874678;6134261;874686;6134273;14,892;55,2123;R¯vej 54;0;68;1;13643;13643
37600540;400;3459;52; ;874645;6134225;874680;6134277;14,8914;55,212;R¯vej 52;0;69;1;13643;13643
37600540;400;3459;50; ;874621;6134230;874664;6134288;14,8911;55,2121;R¯vej 50;0;70;1;13643;13643
37600540;400;3459;48; ;874657;6134276;874665;6134288;14,8917;55,2125;R¯vej 48;0;71;1;13643;13643
37600540;400;3426;1; ;874663;6134325;874678;6134318;14,8918;55,2129;R¯ Stationsvej 1;0;72;1;13643;13643
37600540;400;3426;3; ;874677;6134380;874696;6134374;14,8921;55,2134;R¯ Stationsvej 3;0;73;1;13643;13643
37600540;400;3426;5; ;874699;6134424;874708;6134406;14,8925;55,2137;R¯ Stationsvej 5;0;74;1;13643;13643
37600540;400;2049;20; ;874728;6134286;874772;6134316;14,8928;55,2125;Klemenskervej 20;1;75;1;13643;13643
37600540;400;2049;11; ;874758;6134375;874743;6134369;14,8934;55,2133;Klemenskervej 11;0;76;1;13643;13643
37600540;400;2049;13; ;874780;6134356;874757;6134343;14,8937;55,2131;Klemenskervej 13;0;77;1;13643;13643
37600540;400;2049;17; ;874790;6134320;874776;6134310;14,8938;55,2127;Klemenskervej 17;0;78;1;13643;13643
37600540;400;2049;19; ;874809;6134297;874792;6134286;14,8941;55,2125;Klemenskervej 19;0;79;1;13643;13643
37600540;400;2049;21; ;874832;6134259;874817;6134248;14,8944;55,2122;Klemenskervej 21;0;80;1;13643;13643
37600540;400;2049;23; ;874850;6134227;874836;6134218;14,8946;55,2119;Klemenskervej 23;0;81;1;13643;13643
37600540;400;3267;1; ;874904;6134174;874904;6134148;14,8954;55,2114;PrÊstegÂrdsvej 1;0;82;1;13643;13643
37600540;400;3267;5; ;875247;6134497;875264;6134485;14,9012;55,214;PrÊstegÂrdsvej 5;0;83;1;13643;13643
37600540;400;3267;6; ;875300;6134522;875264;6134485;14,9021;55,2142;PrÊstegÂrdsvej 6;0;84;1;13643;13643
37600540;400;3267;4; ;875080;6134278;875072;6134291;14,8983;55,2121;PrÊstegÂrdsvej 4;0;85;1;13643;13643
37600540;400;2049;33; ;874991;6134065;874949;6134042;14,8966;55,2103;Klemenskervej 33;0;86;1;13643;13643
37600540;400;3429;1; ;875066;6133848;875070;6133836;14,8975;55,2083;R¯brovej 1;0;87;1;13643;13643
37700500;400;186;1; ;869597;6138427;869530;6138441;14,818;55,2534;BakkegÂrdsvej 1;0;0;1;61413;60255
37700500;400;4158;37; ;869204;6138390;869154;6138464;14,8118;55,2533;Storedalen 37;0;1;1;61413;60255
37700500;400;4458;55; ;869677;6138688;869660;6138675;14,8196;55,2556;Tejnvej 55;0;2;1;61413;60255
37700500;400;4458;51; ;869639;6138744;869619;6138729;14,8191;55,2562;Tejnvej 51;0;3;1;61413;60255
37700500;400;4458;76; ;869582;6138728;869606;6138746;14,8182;55,2561;Tejnvej 76;0;4;1;61413;60255
37700500;400;480;4; ;869488;6138656;869505;6138641;14,8166;55,2555;Brunekulvej 4;0;5;1;61413;60255
37700500;400;480;13; ;869549;6138617;869515;6138591;14,8175;55,2551;Brunekulvej 13;0;6;1;61413;60255
37700500;400;480;3; ;869559;6138691;869550;6138697;14,8178;55,2558;Brunekulvej 3;0;7;1;61413;60255
37700500;400;4458;80; ;869581;6138683;869628;6138718;14,8181;55,2557;Tejnvej 80;1;8;1;61413;60255
37700500;400;480;7; ;869575;6138646;869583;6138655;14,818;55,2553;Brunekulvej 7;0;9;1;61413;60255
37700500;400;435;7; ;869375;6138640;869388;6138720;14,8148;55,2554;Brinkevej 7;0;10;1;61413;60255
37700500;400;4458;43; ;869531;6138899;869517;6138890;14,8176;55,2576;Tejnvej 43;0;11;1;61413;60255
37700500;400;4458;52; ;869468;6138920;869490;6138933;14,8166;55,2579;Tejnvej 52;1;12;1;61413;60255
37700500;400;1200;10; ;869370;6139125;869377;6139129;14,8154;55,2598;GilbertstrÊde 10;1;13;1;61413;60255
37700500;400;4458;42; ;869201;6139140;869215;6139155;14,8128;55,26;Tejnvej 42;0;14;1;61413;60255
37700500;400;2070;5; ;869169;6139027;869152;6139039;14,8121;55,2591;Klintel¯kken 5;0;15;1;61413;60255
37700500;400;2070;10; ;869022;6138963;869075;6138977;14,8097;55,2586;Klintel¯kken 10;0;16;1;61413;60255
37700500;400;4158;21; ;869380;6138885;869335;6138891;14,8152;55,2576;Storedalen 21;0;17;1;61413;60255
37700500;400;4158;14;D;869260;6138667;869278;6138654;14,813;55,2558;Storedalen 14D;0;18;1;61413;60255
37700500;400;2466;3; ;869223;6138993;869208;6139013;14,8129;55,2587;LundegÂrdsvej 3;0;19;1;61413;60255
37700500;400;1335;6; ;869188;6138777;869193;6138790;14,8121;55,2568;Gyvelvej 6;0;20;1;61413;60255
37700500;400;2466;9;A;869237;6138904;869184;6138918;14,813;55,2579;LundegÂrdsvej 9A;0;21;1;61413;60255
37700500;400;4458;33; ;869153;6139253;869136;6139238;14,8121;55,2611;Tejnvej 33;0;22;1;61413;60255
37700500;400;3960;1;A;869052;6139397;869061;6139366;14,8107;55,2625;Solvej 1A;0;23;1;61413;60255
37700500;400;4458;38; ;868993;6139408;869011;6139417;14,8098;55,2626;Tejnvej 38;0;24;1;61413;60255
37700500;400;3222;2; ;869104;6139539;869101;6139545;14,8117;55,2637;Poppelvej 2;0;25;1;61413;60255
37700500;400;4458;23; ;868867;6139694;868854;6139685;14,8082;55,2652;Tejnvej 23;0;26;1;61413;60255
37700500;400;4911;6; ;868819;6139819;868858;6139820;14,8077;55,2664;∆bleplantagen 6;0;27;1;61413;60255
37700500;400;4458;26; ;868672;6139724;868655;6139721;14,8052;55,2657;Tejnvej 26;0;28;1;61413;60255
37700500;400;4458;20; ;868583;6139940;868619;6139989;14,8041;55,2677;Tejnvej 20;0;29;1;61413;60255
37700500;400;4458;22; ;868628;6139927;868654;6139962;14,8048;55,2675;Tejnvej 22;0;30;1;61413;60255
37700500;400;3168;35; ;867805;6140833;867804;6140847;14,7931;55,2762;Pilegade 35;0;31;1;61413;60255
37700500;400;3168;33; ;867803;6140722;867719;6140804;14,7929;55,2752;Pilegade 33;1;32;1;61413;60255
37700500;400;3168;37;A;867710;6140769;867701;6140786;14,7915;55,2757;Pilegade 37A;1;33;1;61413;60255
37700500;400;3168;37;B;867649;6140721;867641;6140731;14,7905;55,2753;Pilegade 37B;1;34;1;61413;60255
37700500;400;2697;7; ;866989;6140203;866987;6140255;14,7795;55,2712;Mosel¯kkevej 7;0;35;1;61413;60255
37700500;400;2697;5; ;866940;6140281;866959;6140286;14,7788;55,2719;Mosel¯kkevej 5;0;36;1;61413;60255
37700500;400;2697;3; ;867187;6140726;867248;6140413;14,7833;55,2757;Mosel¯kkevej 3;0;37;1;61413;60255
37700500;400;2697;4;C;867190;6140758;867403;6140792;14,7834;55,276;Mosel¯kkevej 4C;0;38;1;61413;60255
37700500;400;2871;24; ;868031;6140126;868041;6140108;14,7957;55,2697;Nordre Borrelyngvej 24;0;39;1;61413;60255
37700500;400;2871;26; ;867846;6140034;867867;6140000;14,7927;55,269;Nordre Borrelyngvej 26;0;40;1;61413;60255
37700500;400;2871;32; ;867563;6139859;867584;6139822;14,788;55,2677;Nordre Borrelyngvej 32;0;41;1;61413;60255
37700500;400;2871;15; ;867848;6139969;867839;6139982;14,7927;55,2685;Nordre Borrelyngvej 15;0;42;1;61413;60255
37700500;400;2871;17; ;868001;6139692;867996;6139719;14,7947;55,2659;Nordre Borrelyngvej 17;0;43;1;61413;60255
37700500;400;2871;18; ;868066;6140151;868078;6140131;14,7963;55,2699;Nordre Borrelyngvej 18;0;44;1;61413;60255
37700500;400;2871;20; ;867972;6140225;867963;6140210;14,7949;55,2707;Nordre Borrelyngvej 20;0;45;1;61413;60255
37700500;400;2871;22; ;867917;6140166;867939;6140165;14,794;55,2702;Nordre Borrelyngvej 22;0;46;1;61413;60255
37700500;400;3447;18; ;868337;6139871;868352;6139875;14,8002;55,2672;R¯nnevej 18;0;47;1;61413;60255
37700500;400;3447;22; ;868167;6138959;868189;6138955;14,7963;55,2592;R¯nnevej 22;0;48;1;61413;60255
37700500;400;3447;7; ;868566;6138906;868538;6138884;14,8025;55,2584;R¯nnevej 7;0;49;1;61413;60255
37700500;400;3447;11;A;868658;6138549;868634;6138533;14,8035;55,2552;R¯nnevej 11A;0;50;1;61413;60255
37700500;400;4134;1; ;868094;6137913;868081;6137922;14,7938;55,2499;Stenl¯sevej 1;0;51;1;61413;60255
37700500;400;3447;24; ;868210;6138018;868236;6138024;14,7958;55,2507;R¯nnevej 24;0;52;1;61413;60255
37700500;400;3447;13; ;868695;6138104;868658;6138098;14,8035;55,2512;R¯nnevej 13;0;53;1;61413;60255
37700500;400;3447;9; ;868267;6138449;868204;6138446;14,7972;55,2546;R¯nnevej 9;0;54;1;61413;60255
37700500;400;339;7; ;868124;6138684;868111;6138672;14,7953;55,2568;BlÂholtvej 7;0;55;1;61413;60255
37700500;400;339;5; ;867737;6139127;867749;6139115;14,7898;55,261;BlÂholtvej 5;0;56;1;61413;60255
37700500;400;339;3; ;867854;6138886;867868;6138872;14,7913;55,2588;BlÂholtvej 3;0;57;1;61413;60255
37700500;400;339;1;B;867674;6138847;867681;6138768;14,7885;55,2586;BlÂholtvej 1B;0;58;1;61413;60255
37700500;400;339;20; ;867505;6138538;867502;6138544;14,7854;55,2559;BlÂholtvej 20;0;59;1;61413;60255
37700500;400;339;16; ;867321;6138403;867419;6138519;14,7824;55,2549;BlÂholtvej 16;0;60;1;61413;60255
37700500;400;339;14; ;867326;6138634;867348;6138646;14,7827;55,2569;BlÂholtvej 14;0;61;1;61413;60255
37700500;400;339;12; ;867254;6138771;867272;6138781;14,7818;55,2582;BlÂholtvej 12;0;62;1;61413;60255
37700500;400;339;4; ;866864;6138875;867149;6139010;14,7758;55,2594;BlÂholtvej 4;0;63;1;61413;60255
37700500;400;339;2; ;867110;6139425;867138;6139428;14,7804;55,2641;BlÂholtvej 2;0;64;1;61413;60255
37700500;400;2871;42; ;866566;6139404;866587;6139345;14,7718;55,2644;Nordre Borrelyngvej 42;0;65;1;61413;60255
37700500;400;2871;36; ;866694;6139483;866725;6139396;14,7739;55,265;Nordre Borrelyngvej 36;0;66;1;61413;60255
37700500;400;2871;40; ;866423;6139752;866576;6139341;14,7701;55,2676;Nordre Borrelyngvej 40;0;67;1;61413;60255
37700500;400;339;8; ;866664;6138406;866681;6138408;14,7721;55,2554;BlÂholtvej 8;0;68;1;61413;60255
37700500;400;4134;10; ;867205;6138083;867434;6137646;14,7801;55,2521;Stenl¯sevej 10;0;69;1;61413;60255
37700500;400;4134;8; ;867325;6138046;867434;6137646;14,782;55,2517;Stenl¯sevej 8;0;70;1;61413;60255
37700500;400;4134;6; ;867466;6138071;867638;6137718;14,7842;55,2518;Stenl¯sevej 6;0;71;1;61413;60255
37700500;400;4134;4; ;867383;6137854;867437;6137647;14,7826;55,2499;Stenl¯sevej 4;0;72;1;61413;60255
37700500;400;4134;3; ;867775;6137705;867743;6137769;14,7885;55,2483;Stenl¯sevej 3;0;73;1;61413;60255
37700500;400;4134;9; ;867539;6137599;867520;6137669;14,7847;55,2475;Stenl¯sevej 9;0;74;1;61413;60255
37700500;400;4134;7; ;867885;6137302;867880;6137340;14,7898;55,2446;Stenl¯sevej 7;0;75;1;61413;60255
37700500;400;4134;13; ;867250;6137001;867230;6137005;14,7794;55,2424;Stenl¯sevej 13;0;76;1;61413;60255
37700500;400;4134;18; ;867198;6136991;867225;6136983;14,7786;55,2423;Stenl¯sevej 18;0;77;1;61413;60255
37700500;400;696;12; ;867546;6136628;867525;6136504;14,7836;55,2388;DalegÂrdsvej 12;0;78;1;61413;60255
37700500;400;696;10; ;867749;6136522;867754;6136494;14,7866;55,2377;DalegÂrdsvej 10;0;79;1;61413;60255
37700500;400;696;3; ;868239;6136534;868216;6136558;14,7943;55,2375;DalegÂrdsvej 3;0;80;1;61413;60255
37700500;400;2577;2; ;867204;6136380;867224;6136374;14,7779;55,2368;MaegÂrdsvej 2;0;81;1;61413;60255
37700500;400;2577;4; ;866913;6136030;866976;6136006;14,7729;55,2339;MaegÂrdsvej 4;0;82;1;61413;60255
37700500;400;2577;9; ;866966;6135902;866941;6135911;14,7736;55,2328;MaegÂrdsvej 9;0;83;1;61413;60255
37700500;400;2214;18; ;867141;6135422;866810;6135468;14,7757;55,2283;Krogholmsvej 18;0;84;1;61413;60255
37700500;400;696;16; ;866287;6136750;866433;6136499;14,764;55,2408;DalegÂrdsvej 16;0;85;1;61413;60255
37700500;400;2979;6; ;866032;6137024;865801;6136976;14,7604;55,2435;N¯rre Krak 6;0;86;1;61413;60255
37700500;400;408;46; ;866111;6137470;866074;6137485;14,7622;55,2474;Borrelyngvej 46;0;87;1;61413;60255
37700500;400;408;43; ;866042;6138365;866073;6138361;14,7623;55,2555;Borrelyngvej 43;0;88;1;61413;60255
37700500;400;3834;1; ;866111;6139022;866122;6139023;14,7642;55,2613;Slotslyngvej 1;0;89;1;61413;60255
37700500;400;3834;3; ;866067;6139167;866072;6139176;14,7637;55,2626;Slotslyngvej 3;0;90;1;61413;60255
37700500;400;4350;3; ;865660;6140942;865689;6140955;14,7596;55,2788;SÊnevej 3;0;91;1;61413;60255
37700500;400;4350;2; ;865691;6140971;865683;6140967;14,7602;55,279;SÊnevej 2;0;92;1;61413;60255
37700500;400;4350;6; ;865503;6141011;865494;6140974;14,7573;55,2795;SÊnevej 6;0;93;1;61413;60255
37700500;400;4350;15; ;865391;6140986;865392;6140973;14,7555;55,2794;SÊnevej 15;1;94;1;61413;60255
37700500;400;1386;2; ;865624;6141052;865654;6141046;14,7592;55,2798;Hammers¯vej 2;0;95;1;61413;60255
37700500;400;2316;15; ;866123;6140785;866147;6140800;14,7667;55,277;Langebjergvej 15;0;96;1;61413;60255
37700500;400;1383;89;A;866246;6141455;866228;6141461;14,7695;55,2829;Hammershusvej 89A;0;97;1;61413;60255
37700500;400;1383;89;C;866252;6141464;866232;6141471;14,7696;55,283;Hammershusvej 89C;0;98;1;61413;60255
37700500;400;1383;86; ;866259;6141591;866277;6141583;14,7699;55,2841;Hammershusvej 86;1;99;1;61413;60255
37700500;400;1383;81; ;866319;6141580;866282;6141594;14,7708;55,284;Hammershusvej 81;0;100;1;61413;60255
37700500;400;1389;6; ;866417;6141680;866412;6141669;14,7725;55,2848;HammervÊnget 6;0;101;1;61413;60255
37700500;400;1380;3; ;866319;6143147;866332;6143153;14,7728;55,298;Hammer Odde Fyr 3;0;102;1;61413;60255
37700500;400;1380;2; ;866387;6143126;866362;6143120;14,7739;55,2978;Hammer Odde Fyr 2;0;103;1;61413;60255
37700500;400;1107;3; ;866021;6141721;866027;6141730;14,7663;55,2855;Fyrvej 3;0;104;1;61413;60255
37700500;400;1107;15; ;865576;6141829;865572;6141823;14,7595;55,2868;Fyrvej 15;0;105;1;61413;60255
37700501;400;2724;10; ;869037;6135020;869095;6135005;14,8048;55,2233;Muradamsvej 10;0;0;1;59023;58426
37700501;400;3447;90; ;867576;6134634;867628;6134650;14,7814;55,221;R¯nnevej 90;0;1;1;59023;58426
37700501;400;3447;88; ;867435;6134867;867407;6134858;14,7795;55,2232;R¯nnevej 88;0;2;1;59023;58426
37700501;400;3447;69; ;867659;6134833;867608;6134841;14,783;55,2227;R¯nnevej 69;0;3;1;59023;58426
37700501;400;3447;67; ;867759;6134947;867677;6134995;14,7847;55,2236;R¯nnevej 67;0;4;1;59023;58426
37700501;400;3447;65; ;867749;6135092;867740;6135099;14,7847;55,2249;R¯nnevej 65;0;5;1;59023;58426
37700501;400;3447;63; ;868074;6135207;867888;6135336;14,79;55,2257;R¯nnevej 63;0;6;1;59023;58426
37700501;400;3447;59;B;868278;6135137;868326;6135269;14,7931;55,2249;R¯nnevej 59B;0;7;1;59023;58426
37700501;400;3447;80; ;867669;6135420;867863;6135298;14,7839;55,2279;R¯nnevej 80;0;8;1;59023;58426
37700501;400;3447;84; ;867487;6135839;867492;6135848;14,7816;55,2318;R¯nnevej 84;0;9;1;59023;58426
37700501;400;3447;78; ;867952;6135612;868040;6135548;14,7886;55,2294;R¯nnevej 78;0;10;1;59023;58426
37700501;400;3447;55; ;868084;6135548;868055;6135569;14,7906;55,2288;R¯nnevej 55;0;11;1;59023;58426
37700501;400;3447;74; ;868110;6135752;868160;6135715;14,7912;55,2306;R¯nnevej 74;0;12;1;59023;58426
37700501;400;3447;76; ;868010;6135799;868148;6135698;14,7897;55,2311;R¯nnevej 76;0;13;1;59023;58426
37700501;400;2403;8; ;868799;6135743;868785;6135719;14,802;55,23;LindesgÂrdsvej 8;0;14;1;59023;58426
37700501;400;3447;51; ;868542;6136417;868510;6136418;14,7989;55,2362;R¯nnevej 51;0;15;1;59023;58426
37700501;400;696;4; ;868396;6136745;868407;6136727;14,797;55,2392;DalegÂrdsvej 4;0;16;1;59023;58426
37700501;400;696;6; ;868362;6136728;868379;6136707;14,7965;55,2391;DalegÂrdsvej 6;0;17;1;59023;58426
37700501;400;696;1; ;868366;6136684;868360;6136689;14,7965;55,2387;DalegÂrdsvej 1;0;18;1;59023;58426
37700501;400;696;8; ;868340;6136707;868357;6136687;14,7961;55,2389;DalegÂrdsvej 8;0;19;1;59023;58426
37700501;400;3447;47; ;868485;6136763;868452;6136757;14,7984;55,2393;R¯nnevej 47;0;20;1;59023;58426
37700501;400;3447;64; ;868432;6136790;868445;6136792;14,7976;55,2396;R¯nnevej 64;0;21;1;59023;58426
37700501;400;3447;45; ;868457;6136823;868440;6136816;14,7981;55,2399;R¯nnevej 45;0;22;1;59023;58426
37700501;400;3459;4; ;868525;6136819;868524;6136842;14,7991;55,2398;R¯vej 4;0;23;1;59023;58426
37700501;400;3459;1; ;868746;6137028;868735;6137021;14,8029;55,2415;R¯vej 1;0;24;1;59023;58426
37700501;400;3459;5; ;869241;6137515;869221;6137505;14,8112;55,2455;R¯vej 5;0;25;1;59023;58426
37700501;400;2514;2; ;869413;6138026;869376;6138008;14,8146;55,2499;LÊrkegÂrdsvej 2;1;26;1;59023;58426
37700501;400;2670;5; ;870867;6137733;870856;6137731;14,837;55,2462;Mikkelegade 5;0;27;1;59023;58426
37700501;400;2670;6; ;870846;6137718;870857;6137720;14,8366;55,2461;Mikkelegade 6;0;28;1;59023;58426
37700501;400;2670;7; ;870872;6137712;870863;6137705;14,837;55,246;Mikkelegade 7;0;29;1;59023;58426
37700501;400;2670;14; ;870916;6137655;870927;6137670;14,8376;55,2455;Mikkelegade 14;0;30;1;59023;58426
37700501;400;2670;18;A;870969;6137624;870978;6137636;14,8384;55,2452;Mikkelegade 18A;0;31;1;59023;58426
37700501;400;2670;11; ;870956;6137733;870923;6137672;14,8384;55,2461;Mikkelegade 11;0;32;1;59023;58426
37700501;400;3741;12; ;871315;6137574;871302;6137561;14,8438;55,2445;Skovl¯kken 12;0;33;1;59023;58426
37700501;400;3741;21; ;871320;6137525;871330;6137535;14,8438;55,244;Skovl¯kken 21;0;34;1;59023;58426
37700501;400;3741;19; ;871331;6137505;871346;6137520;14,8439;55,2438;Skovl¯kken 19;0;35;1;59023;58426
37700501;400;3741;8; ;871398;6137505;871380;6137486;14,845;55,2438;Skovl¯kken 8;0;36;1;59023;58426
37700501;400;3741;4; ;871543;6137521;871541;6137512;14,8473;55,2438;Skovl¯kken 4;1;37;1;59023;58426
37700501;400;3741;3; ;871613;6137498;871600;6137508;14,8483;55,2436;Skovl¯kken 3;0;38;1;59023;58426
37700501;400;3570;96; ;871717;6137452;871735;6137466;14,8499;55,2431;Sdr, Strandvej 96;0;39;1;59023;58426
37700501;400;3570;108; ;872184;6137196;872200;6137232;14,8569;55,2404;Sdr, Strandvej 108;0;40;1;59023;58426
37700501;400;3570;112; ;872300;6137186;872301;6137204;14,8587;55,2402;Sdr, Strandvej 112;0;41;1;59023;58426
37700501;400;3570;106; ;872143;6137232;872149;6137249;14,8563;55,2408;Sdr, Strandvej 106;0;42;1;59023;58426
37700501;400;2289;2; ;872001;6137121;872143;6137140;14,8539;55,2399;KÂsevej 2;0;43;1;59023;58426
37700501;400;3459;19; ;871750;6136641;871719;6136634;14,8494;55,2358;R¯vej 19;0;44;1;59023;58426
37700501;400;3459;15; ;871243;6136380;871218;6136337;14,8411;55,2338;R¯vej 15;0;45;1;59023;58426
37700501;400;3459;17; ;871583;6136777;871547;6136771;14,8469;55,2371;R¯vej 17;0;46;1;59023;58426
37700501;400;3459;14; ;871131;6136368;871140;6136384;14,8393;55,2338;R¯vej 14;0;47;1;59023;58426
37700501;400;3459;11; ;870400;6136524;870404;6136510;14,8281;55,2358;R¯vej 11;0;48;1;59023;58426
37700501;400;369;25; ;870670;6136723;870638;6136719;14,8326;55,2373;Bohnebakken 25;0;49;1;59023;58426
37700501;400;369;23; ;870661;6136967;870625;6136960;14,8327;55,2395;Bohnebakken 23;0;50;1;59023;58426
37700501;400;369;21; ;870895;6137207;870884;6137214;14,8367;55,2415;Bohnebakken 21;0;51;1;59023;58426
37700501;400;369;20; ;870711;6137351;870720;6137349;14,834;55,2429;Bohnebakken 20;1;52;1;59023;58426
37700501;400;1929;16; ;870443;6137451;870449;6137440;14,83;55,244;KildesgÂrdsvej 16;0;53;1;59023;58426
37700501;400;1929;7; ;870390;6137372;870377;6137392;14,829;55,2433;KildesgÂrdsvej 7;0;54;1;59023;58426
37700501;400;1929;9; ;870350;6137352;870339;6137367;14,8284;55,2432;KildesgÂrdsvej 9;0;55;1;59023;58426
37700501;400;1929;18; ;870319;6137376;870331;6137362;14,8279;55,2434;KildesgÂrdsvej 18;0;56;1;59023;58426
37700501;400;3708;1; ;870389;6137259;870368;6137250;14,8289;55,2423;Skovbrynet 1;1;57;1;59023;58426
37700501;400;1929;13; ;870145;6137220;870135;6137236;14,825;55,2422;KildesgÂrdsvej 13;0;58;1;59023;58426
37700501;400;1929;15; ;870129;6137211;870118;6137228;14,8247;55,2421;KildesgÂrdsvej 15;0;59;1;59023;58426
37700501;400;1929;22; ;870090;6137221;870095;6137211;14,8241;55,2422;KildesgÂrdsvej 22;0;60;1;59023;58426
37700501;400;1929;24; ;870043;6137189;870052;6137178;14,8234;55,242;KildesgÂrdsvej 24;0;61;1;59023;58426
37700501;400;4674;2; ;870109;6137184;870113;6137196;14,8244;55,2419;Valn¯ddestien 2;0;62;1;59023;58426
37700501;400;1929;19; ;870120;6137118;870125;6137152;14,8245;55,2413;KildesgÂrdsvej 19;1;63;1;59023;58426
37700501;400;4674;4; ;870139;6137174;870143;6137185;14,8248;55,2418;Valn¯ddestien 4;0;64;1;59023;58426
37700501;400;4674;6; ;870165;6137165;870169;6137176;14,8252;55,2417;Valn¯ddestien 6;0;65;1;59023;58426
37700501;400;1929;17; ;870186;6137136;870189;6137131;14,8255;55,2414;KildesgÂrdsvej 17;0;66;1;59023;58426
37700501;400;1929;26; ;870003;6137205;869998;6137198;14,8228;55,2421;KildesgÂrdsvej 26;0;67;1;59023;58426
37700501;400;1929;28; ;869986;6137222;869980;6137214;14,8225;55,2423;KildesgÂrdsvej 28;0;68;1;59023;58426
37700501;400;1929;30; ;869874;6137087;869918;6137043;14,8206;55,2412;KildesgÂrdsvej 30;0;69;1;59023;58426
37700501;400;1929;21; ;869959;6136908;869958;6136884;14,8217;55,2395;KildesgÂrdsvej 21;0;70;1;59023;58426
37700501;400;1929;32; ;869556;6137110;869583;6137124;14,8156;55,2416;KildesgÂrdsvej 32;0;71;1;59023;58426
37700501;400;3459;6; ;869694;6136548;869702;6136569;14,8171;55,2365;R¯vej 6;0;72;1;59023;58426
37700501;400;1134;10; ;869471;6136359;869476;6136369;14,8133;55,235;FÂregÂrdsvej 10;0;73;1;59023;58426
37700501;400;1134;12; ;869734;6136176;869743;6136193;14,8172;55,2331;FÂregÂrdsvej 12;0;74;1;59023;58426
37700501;400;1134;14; ;869902;6136120;869906;6136135;14,8198;55,2325;FÂregÂrdsvej 14;0;75;1;59023;58426
37700501;400;2724;4; ;869440;6135716;869666;6135718;14,812;55,2292;Muradamsvej 4;0;76;1;59023;58426
37700501;400;2724;6; ;869341;6135376;869337;6135395;14,81;55,2263;Muradamsvej 6;0;77;1;59023;58426
37700501;400;2724;8; ;869023;6135288;869208;6135344;14,8049;55,2257;Muradamsvej 8;0;78;1;59023;58426
37700501;400;2724;12; ;869610;6134757;869640;6134749;14,8134;55,2205;Muradamsvej 12;0;79;1;59023;58426
37700501;400;2724;1; ;869892;6134834;869676;6134867;14,8179;55,221;Muradamsvej 1;0;80;1;59023;58426
37700501;400;2724;36; ;869695;6134595;869706;6134608;14,8145;55,219;Muradamsvej 36;0;81;1;59023;58426
37700501;400;2493;19; ;870346;6134376;870303;6134412;14,8244;55,2166;LynggÂrdsvej 19;0;82;1;59023;58426
37700501;400;2493;17; ;870493;6134569;870414;6134596;14,827;55,2182;LynggÂrdsvej 17;0;83;1;59023;58426
37700501;400;2493;16; ;870282;6134942;870488;6134763;14,8242;55,2217;LynggÂrdsvej 16;0;84;1;59023;58426
37700501;400;2493;11; ;871282;6134595;871286;6134558;14,8393;55,2179;LynggÂrdsvej 11;0;85;1;59023;58426
37700501;400;2493;15; ;870912;6134347;870908;6134355;14,8332;55,2159;LynggÂrdsvej 15;0;86;1;59023;58426
37700501;400;2493;7; ;870747;6134888;870717;6134903;14,8314;55,2209;LynggÂrdsvej 7;0;87;1;59023;58426
37700501;400;1134;13; ;870746;6135253;870701;6135238;14,8318;55,2241;FÂregÂrdsvej 13;0;88;1;59023;58426
37700501;400;1134;20; ;870404;6135225;870591;6135385;14,8264;55,2241;FÂregÂrdsvej 20;0;89;1;59023;58426
37700501;400;1134;18; ;870309;6135253;870536;6135450;14,825;55,2245;FÂregÂrdsvej 18;0;90;1;59023;58426
37700501;400;1134;11; ;870438;6135660;870391;6135620;14,8275;55,228;FÂregÂrdsvej 11;0;91;1;59023;58426
37700501;400;1134;9; ;870418;6135840;870291;6135740;14,8275;55,2296;FÂregÂrdsvej 9;0;92;1;59023;58426
37700501;400;1134;16; ;870186;6135520;870356;6135660;14,8234;55,2269;FÂregÂrdsvej 16;0;93;1;59023;58426
37700501;400;1134;7; ;870069;6136067;870051;6136049;14,8223;55,2319;FÂregÂrdsvej 7;0;94;1;59023;58426
37700501;400;1134;2;C;869228;6135862;869223;6135854;14,8089;55,2307;FÂregÂrdsvej 2C;0;95;1;59023;58426
37700501;400;1134;8; ;868833;6135620;868874;6135629;14,8024;55,2288;FÂregÂrdsvej 8;0;96;1;59023;58426
37700501;400;1134;6; ;868857;6135541;868874;6135629;14,8027;55,2281;FÂregÂrdsvej 6;0;97;1;59023;58426
37700501;400;1134;2;A;869258;6136510;869289;6136503;14,8102;55,2365;FÂregÂrdsvej 2A;0;98;1;59023;58426
37700501;400;3459;7; ;869397;6137063;869369;6137063;14,8131;55,2413;R¯vej 7;0;99;1;59023;58426
37700501;400;3447;43; ;868449;6136876;868428;6136873;14,798;55,2404;R¯nnevej 43;0;100;1;59023;58426
37700501;400;3447;58; ;868405;6136905;868422;6136908;14,7974;55,2407;R¯nnevej 58;0;101;1;59023;58426
37700501;400;3447;41; ;868443;6136927;868419;6136923;14,798;55,2408;R¯nnevej 41;0;102;1;59023;58426
37700501;400;3447;39;C;868429;6136953;868413;6136953;14,7978;55,2411;R¯nnevej 39C;0;103;1;59023;58426
37700501;400;3447;56; ;868385;6136957;868411;6136962;14,7971;55,2411;R¯nnevej 56;0;104;1;59023;58426
37700501;400;3447;54; ;868387;6137004;868404;6137002;14,7972;55,2416;R¯nnevej 54;0;105;1;59023;58426
37700501;400;3447;39;A;868424;6137019;868401;6137016;14,7978;55,2417;R¯nnevej 39A;0;106;1;59023;58426
37700501;400;3447;37; ;868443;6137044;868397;6137037;14,7981;55,2419;R¯nnevej 37;0;107;1;59023;58426
37700501;400;3447;52; ;868378;6137043;868395;6137046;14,7971;55,2419;R¯nnevej 52;0;108;1;59023;58426
37700501;400;3447;35; ;868405;6137068;868392;6137065;14,7976;55,2421;R¯nnevej 35;0;109;1;59023;58426
37700501;400;3447;50; ;868372;6137064;868391;6137067;14,7971;55,2421;R¯nnevej 50;0;110;1;59023;58426
37700501;400;3447;33; ;868401;6137083;868389;6137080;14,7975;55,2422;R¯nnevej 33;0;111;1;59023;58426
37700501;400;3447;48; ;868366;6137087;868387;6137089;14,797;55,2423;R¯nnevej 48;0;112;1;59023;58426
37700501;400;3447;29; ;868398;6137133;868382;6137132;14,7976;55,2427;R¯nnevej 29;0;113;1;59023;58426
37700501;400;3447;27; ;868394;6137219;868381;6137219;14,7976;55,2435;R¯nnevej 27;0;114;1;59023;58426
37700501;400;3447;44; ;868367;6137224;868381;6137224;14,7972;55,2435;R¯nnevej 44;0;115;1;59023;58426
37700501;400;3447;23; ;868394;6137275;868380;6137274;14,7977;55,244;R¯nnevej 23;0;116;1;59023;58426
37700501;400;3447;19; ;868607;6137253;868560;6137255;14,801;55,2436;R¯nnevej 19;0;117;1;59023;58426
37700501;400;3447;21; ;868628;6137457;868618;6137467;14,8016;55,2454;R¯nnevej 21;0;118;1;59023;58426
37700501;400;3447;21;A;868642;6137467;868630;6137479;14,8018;55,2455;R¯nnevej 21A;0;119;1;59023;58426
37700501;400;3447;36; ;868349;6137413;868372;6137414;14,7972;55,2452;R¯nnevej 36;0;120;1;59023;58426
37700501;400;3447;30; ;868342;6137503;868360;6137504;14,7972;55,246;R¯nnevej 30;0;121;1;59023;58426
37700501;400;3447;28; ;868341;6137521;868356;6137523;14,7972;55,2462;R¯nnevej 28;0;122;1;59023;58426
37700501;400;3447;15; ;868830;6137914;868773;6137893;14,8053;55,2494;R¯nnevej 15;0;123;1;59023;58426
37820500;400;9;25; ;869771;6128705;869615;6128671;14,808;55,1663;Aagaardsvej 25;0;0;1;52432;52432
37820500;400;4425;4; ;868303;6129158;868312;6129166;14,7857;55,1715;S¯sende 4;0;1;1;52432;52432
37820500;400;4425;2; ;868839;6129158;868836;6129133;14,7941;55,1711;S¯sende 2;0;2;1;52432;52432
37820500;400;1887;8; ;870285;6127462;870493;6127244;14,8144;55,1548;KarlsgÂrdsvej 8;0;3;1;52432;52432
37820500;400;1887;9; ;870529;6127239;870510;6127260;14,8179;55,1527;KarlsgÂrdsvej 9;0;4;1;52432;52432
37820500;400;1887;7; ;871021;6126873;871003;6126887;14,8251;55,149;KarlsgÂrdsvej 7;0;5;1;52432;52432
37820500;400;1887;5; ;870795;6126995;870526;6127275;14,8218;55,1503;KarlsgÂrdsvej 5;0;6;1;52432;52432
37820500;400;1887;6; ;870762;6127528;870773;6127517;14,822;55,1551;KarlsgÂrdsvej 6;0;7;1;52432;52432
37820500;400;1887;4; ;870660;6127706;870825;6127586;14,8206;55,1567;KarlsgÂrdsvej 4;0;8;1;52432;52432
37820500;400;1887;1; ;870928;6127595;870868;6127644;14,8246;55,1555;KarlsgÂrdsvej 1;0;9;1;52432;52432
37820500;400;669;2; ;871522;6128450;871501;6128459;14,835;55,1627;Centralvej 2;0;10;1;52432;52432
37820500;400;669;4; ;871545;6128501;871525;6128510;14,8355;55,1632;Centralvej 4;0;11;1;52432;52432
37820500;400;669;6; ;871586;6128679;871550;6128670;14,8363;55,1647;Centralvej 6;0;12;1;52432;52432
37820500;400;813;1; ;871716;6129010;871722;6128965;14,8388;55,1676;DyndegÂrdsvej 1;0;13;1;52432;52432
37820500;400;813;3; ;871832;6129078;871857;6129031;14,8407;55,1681;DyndegÂrdsvej 3;0;14;1;52432;52432
37820500;400;813;5; ;872022;6129149;872034;6129124;14,8438;55,1686;DyndegÂrdsvej 5;0;15;1;52432;52432
37820500;400;813;7; ;872135;6129218;872153;6129187;14,8456;55,1691;DyndegÂrdsvej 7;0;16;1;52432;52432
37820500;400;813;6; ;872392;6129187;872372;6129240;14,8496;55,1687;DyndegÂrdsvej 6;0;17;1;52432;52432
37820500;400;813;2; ;871693;6128941;871689;6128956;14,8383;55,167;DyndegÂrdsvej 2;0;18;1;52432;52432
37820500;400;669;1; ;871226;6128841;871497;6128874;14,8309;55,1665;Centralvej 1;0;19;1;52432;52432
37820500;400;669;8; ;871851;6130133;871507;6130136;14,8424;55,1775;Centralvej 8;0;20;1;52432;52432
37820500;400;2250;5; ;871916;6129893;871957;6129804;14,8431;55,1753;KuregÂrdsvej 5;0;21;1;52432;52432
37820500;400;2250;10; ;872026;6129806;872013;6129832;14,8447;55,1745;KuregÂrdsvej 10;0;22;1;52432;52432
37820500;400;2250;13; ;872732;6130556;872740;6130541;14,8567;55,1807;KuregÂrdsvej 13;0;23;1;52432;52432
37820500;400;2469;3; ;873826;6130929;873836;6130900;14,8743;55,1832;Lundehusvej 3;0;24;1;52432;52432
37820500;400;4407;9; ;873381;6130703;873241;6130628;14,867;55,1815;S¯ndre Lyngvej 9;0;25;1;52432;52432
37820500;400;4407;7; ;873234;6130666;873222;6130660;14,8647;55,1813;S¯ndre Lyngvej 7;0;26;1;52432;52432
37820500;400;4407;5; ;873140;6130873;873116;6130859;14,8635;55,1832;S¯ndre Lyngvej 5;0;27;1;52432;52432
37820500;400;4407;8; ;873052;6130947;873064;6130953;14,8622;55,1839;S¯ndre Lyngvej 8;0;28;1;52432;52432
37820500;400;4407;3; ;873073;6131005;873045;6130990;14,8626;55,1844;S¯ndre Lyngvej 3;0;29;1;52432;52432
37820500;400;4407;6; ;872959;6131046;873004;6131070;14,8609;55,1849;S¯ndre Lyngvej 6;0;30;1;52432;52432
37820500;400;4407;1; ;873022;6131191;872956;6131161;14,8621;55,1861;S¯ndre Lyngvej 1;0;31;1;52432;52432
37820500;400;4407;2; ;872736;6131518;872759;6131530;14,858;55,1893;S¯ndre Lyngvej 2;0;32;1;52432;52432
37820500;400;4002;20; ;873111;6131896;873120;6131888;14,8644;55,1923;SplitsgÂrdsvej 20;0;33;1;52432;52432
37820500;400;2049;63; ;873259;6131988;873215;6132045;14,8668;55,1931;Klemenskervej 63;0;34;1;52432;52432
37820500;400;4002;51; ;873057;6131974;873084;6131939;14,8636;55,1931;SplitsgÂrdsvej 51;0;35;1;52432;52432
37820500;400;4002;49; ;872894;6131825;872912;6131801;14,8609;55,1919;SplitsgÂrdsvej 49;0;36;1;52432;52432
37820500;400;2052;2; ;872575;6131906;872485;6131817;14,856;55,1928;Kleven 2;0;37;1;52432;52432
37820500;400;2052;4; ;872365;6132009;872331;6131970;14,8529;55,1939;Kleven 4;0;38;1;52432;52432
37820500;400;2052;5; ;872347;6131840;872404;6131898;14,8524;55,1924;Kleven 5;0;39;1;52432;52432
37820500;400;2052;1; ;872404;6131775;872465;6131837;14,8532;55,1918;Kleven 1;0;40;1;52432;52432
37820500;400;4002;47; ;872402;6131452;872433;6131412;14,8527;55,1889;SplitsgÂrdsvej 47;0;41;1;52432;52432
37820500;400;4002;45; ;872232;6131272;872243;6131258;14,8498;55,1874;SplitsgÂrdsvej 45;0;42;1;52432;52432
37820500;400;4002;41; ;871785;6131625;871796;6131628;14,8433;55,1909;SplitsgÂrdsvej 41;0;43;1;52432;52432
37820500;400;4002;37; ;871731;6131243;871796;6131054;14,842;55,1875;SplitsgÂrdsvej 37;0;44;1;52432;52432
37820500;400;4002;39; ;871788;6131273;871855;6131075;14,8429;55,1878;SplitsgÂrdsvej 39;0;45;1;52432;52432
37820500;400;4002;14; ;872256;6130693;872067;6131150;14,8494;55,1822;SplitsgÂrdsvej 14;0;46;1;52432;52432
37820500;400;732;1; ;871445;6131142;871455;6131149;14,8374;55,1869;DammegÂrdsvej 1;0;47;1;52432;52432
37820500;400;732;5; ;871183;6131388;871218;6131415;14,8336;55,1893;DammegÂrdsvej 5;0;48;1;52432;52432
37820500;400;732;7; ;870882;6131266;871210;6131428;14,8287;55,1884;DammegÂrdsvej 7;0;49;1;52432;52432
37820500;400;732;9; ;870888;6131405;871209;6131442;14,829;55,1896;DammegÂrdsvej 9;0;50;1;52432;52432
37820500;400;732;20; ;871062;6132204;870887;6132000;14,8328;55,1966;DammegÂrdsvej 20;0;51;1;52432;52432
37820500;400;732;16; ;871308;6132085;871022;6131852;14,8364;55,1954;DammegÂrdsvej 16;0;52;1;52432;52432
37820500;400;732;14; ;871314;6131775;871296;6131764;14,8361;55,1926;DammegÂrdsvej 14;0;53;1;52432;52432
37820500;400;4002;35; ;871171;6130993;871141;6130975;14,8329;55,1857;SplitsgÂrdsvej 35;0;54;1;52432;52432
37820500;400;4002;31; ;870976;6130459;870984;6130436;14,8291;55,1811;SplitsgÂrdsvej 31;0;55;1;52432;52432
37820500;400;4002;29; ;870951;6130450;870959;6130427;14,8287;55,181;SplitsgÂrdsvej 29;0;56;1;52432;52432
37820500;400;4002;27; ;870923;6130438;870931;6130416;14,8283;55,181;SplitsgÂrdsvej 27;0;57;1;52432;52432
37820500;400;4002;25; ;870907;6130431;870914;6130410;14,828;55,1809;SplitsgÂrdsvej 25;0;58;1;52432;52432
37820500;400;4002;21; ;870736;6130422;870762;6130352;14,8253;55,181;SplitsgÂrdsvej 21;0;59;1;52432;52432
37820500;400;4002;10; ;870751;6129972;870626;6130301;14,825;55,1769;SplitsgÂrdsvej 10;0;60;1;52432;52432
37820500;400;4002;8; ;870653;6130109;870578;6130282;14,8236;55,1782;SplitsgÂrdsvej 8;0;61;1;52432;52432
37820500;400;4002;19; ;870445;6130452;870528;6130261;14,8208;55,1814;SplitsgÂrdsvej 19;0;62;1;52432;52432
37820500;400;4002;6; ;870611;6129997;870479;6130236;14,8228;55,1772;SplitsgÂrdsvej 6;0;63;1;52432;52432
37820500;400;4002;17; ;870408;6130244;870429;6130208;14,82;55,1796;SplitsgÂrdsvej 17;0;64;1;52432;52432
37820500;400;4002;15; ;870362;6130196;870377;6130174;14,8192;55,1792;SplitsgÂrdsvej 15;0;65;1;52432;52432
37820500;400;4002;13; ;870341;6130179;870356;6130158;14,8188;55,1791;SplitsgÂrdsvej 13;0;66;1;52432;52432
37820500;400;4002;11; ;870317;6130161;870332;6130140;14,8185;55,1789;SplitsgÂrdsvej 11;0;67;1;52432;52432
37820500;400;4002;9; ;870298;6130145;870313;6130125;14,8181;55,1788;SplitsgÂrdsvej 9;0;68;1;52432;52432
37820500;400;4002;7; ;870166;6130170;870231;6130060;14,8161;55,1791;SplitsgÂrdsvej 7;0;69;1;52432;52432
37820500;400;1788;2; ;869629;6130362;869644;6130378;14,808;55,1812;Juelsmindevej 2;0;70;1;52432;52432
37820500;400;378;1; ;869830;6130704;869843;6130676;14,8115;55,1842;Bollerisvej 1;0;71;1;52432;52432
37820500;400;378;3; ;869993;6130913;870083;6130814;14,8144;55,1859;Bollerisvej 3;0;72;1;52432;52432
37820500;400;378;8; ;870498;6131106;870459;6131113;14,8225;55,1872;Bollerisvej 8;0;73;1;52432;52432
37820500;400;378;6; ;870167;6130842;870148;6130867;14,817;55,1851;Bollerisvej 6;0;74;1;52432;52432
37820500;400;378;4; ;870023;6130668;869982;6130746;14,8145;55,1837;Bollerisvej 4;0;75;1;52432;52432
37820500;400;378;2; ;869788;6130523;869770;6130534;14,8107;55,1826;Bollerisvej 2;0;76;1;52432;52432
37820500;400;1788;3; ;869920;6130346;869880;6130308;14,8125;55,1809;Juelsmindevej 3;0;77;1;52432;52432
37820500;400;4923;1; ;870322;6129944;870304;6129863;14,8182;55,177;∆ggebjergvej 1;0;78;1;52432;52432
37820500;400;4923;6; ;870967;6129554;870959;6129578;14,8278;55,173;∆ggebjergvej 6;0;79;1;52432;52432
37820500;400;2250;6; ;871185;6129442;871170;6129458;14,8311;55,1719;KuregÂrdsvej 6;0;80;1;52432;52432
37820500;400;2250;4; ;870949;6129235;870937;6129252;14,8271;55,1702;KuregÂrdsvej 4;0;81;1;52432;52432
37820500;400;2250;1; ;870873;6129209;870884;6129201;14,8259;55,17;KuregÂrdsvej 1;0;82;1;52432;52432
37820500;400;3495;2; ;870226;6128381;870268;6128366;14,8147;55,1631;Sandersh¯jvej 2;0;83;1;52432;52432
37820500;400;3495;1; ;870266;6128265;870229;6128312;14,8152;55,162;Sandersh¯jvej 1;0;84;1;52432;52432
37820500;400;3495;3; ;869868;6128134;869863;6128145;14,8088;55,1611;Sandersh¯jvej 3;0;85;1;52432;52432
37820501;400;243;10; ;869543;6130950;869524;6130946;14,8074;55,1866;Bedegadevej 10;0;0;1;55705;55445
37820501;400;243;14;A;869509;6131366;869396;6131320;14,8074;55,1903;Bedegadevej 14A;0;1;1;55705;55445
37820501;400;243;14; ;869504;6131442;869369;6131385;14,8074;55,191;Bedegadevej 14;0;2;1;55705;55445
37820501;400;243;25; ;869299;6131469;869331;6131478;14,8043;55,1914;Bedegadevej 25;0;3;1;55705;55445
37820501;400;375;2; ;869152;6131475;869168;6131450;14,802;55,1916;Bolbyvej 2;0;4;1;55705;55445
37820501;400;375;1; ;869051;6131341;869041;6131361;14,8002;55,1904;Bolbyvej 1;0;5;1;55705;55445
37820501;400;375;4; ;868824;6131700;869053;6131370;14,7971;55,1938;Bolbyvej 4;0;6;1;55705;55445
37820501;400;375;8; ;868558;6131823;868555;6131833;14,7931;55,1951;Bolbyvej 8;0;7;1;55705;55445
37820501;400;243;18; ;869326;6131585;869303;6131579;14,8048;55,1924;Bedegadevej 18;0;8;1;55705;55445
37820501;400;243;29; ;869046;6131879;869278;6131890;14,8008;55,1952;Bedegadevej 29;0;9;1;55705;55445
37820501;400;243;27; ;869024;6131672;869289;6131689;14,8002;55,1934;Bedegadevej 27;0;10;1;55705;55445
37820501;400;243;24; ;869252;6132394;869193;6132372;14,8047;55,1997;Bedegadevej 24;0;11;1;55705;55445
37820501;400;243;31; ;869124;6132388;869178;6132410;14,8027;55,1997;Bedegadevej 31;0;12;1;55705;55445
37820501;400;1257;2; ;869864;6132340;869850;6132440;14,8142;55,1988;Grusvejen 2;0;13;1;55705;55445
37820501;400;1257;3; ;869951;6132508;869963;6132471;14,8158;55,2002;Grusvejen 3;0;14;1;55705;55445
37820501;400;2880;3; ;870737;6132804;870746;6132812;14,8285;55,2022;Nordre Lyngvej 3;0;15;1;55705;55445
37820501;400;2880;1; ;870631;6132616;870801;6132731;14,8266;55,2006;Nordre Lyngvej 1;0;16;1;55705;55445
37820501;400;2187;17; ;871019;6132662;871033;6132645;14,8327;55,2008;Krashavevej 17;0;17;1;55705;55445
37820501;400;2187;19; ;871338;6132927;871349;6132914;14,838;55,2029;Krashavevej 19;0;18;1;55705;55445
37820501;400;2187;15; ;870839;6132482;870867;6132462;14,8296;55,1993;Krashavevej 15;0;19;1;55705;55445
37820501;400;2187;13; ;870722;6132505;870842;6132424;14,8279;55,1996;Krashavevej 13;0;20;1;55705;55445
37820501;400;2187;16; ;870557;6131854;870543;6131860;14,8244;55,1939;Krashavevej 16;0;21;1;55705;55445
37820501;400;2187;11; ;870503;6131869;870535;6131848;14,8236;55,1941;Krashavevej 11;0;22;1;55705;55445
37820501;400;2187;9; ;870093;6131965;870307;6131672;14,8173;55,1952;Krashavevej 9;0;23;1;55705;55445
37820501;400;2187;3; ;870017;6131466;870054;6131428;14,8155;55,1908;Krashavevej 3;0;24;1;55705;55445
37820501;400;2187;1; ;869792;6131203;869808;6131186;14,8116;55,1886;Krashavevej 1;0;25;1;55705;55445
37820501;400;2187;8; ;869866;6131111;869799;6131178;14,8127;55,1878;Krashavevej 8;0;26;1;55705;55445
37820501;400;2187;2; ;869606;6130960;869590;6130971;14,8084;55,1866;Krashavevej 2;0;27;1;55705;55445
37820501;400;2187;4; ;869614;6130965;869598;6130979;14,8085;55,1866;Krashavevej 4;0;28;1;55705;55445
37820501;400;2187;6; ;869701;6130884;869604;6130985;14,8098;55,1859;Krashavevej 6;0;29;1;55705;55445
37820501;400;243;8; ;869554;6130843;869537;6130840;14,8074;55,1856;Bedegadevej 8;0;30;1;55705;55445
37820501;400;243;23; ;869445;6130782;869542;6130794;14,8056;55,1851;Bedegadevej 23;0;31;1;55705;55445
37820501;400;243;21; ;869536;6130688;869557;6130692;14,8069;55,1842;Bedegadevej 21;0;32;1;55705;55445
37820501;400;243;19; ;869542;6130670;869561;6130672;14,807;55,1841;Bedegadevej 19;0;33;1;55705;55445
37820501;400;243;17; ;869554;6130628;869570;6130629;14,8071;55,1837;Bedegadevej 17;0;34;1;55705;55445
37820501;400;243;15; ;869581;6130486;869602;6130486;14,8074;55,1824;Bedegadevej 15;0;35;1;55705;55445
37820501;400;243;13; ;869582;6130432;869605;6130432;14,8073;55,1819;Bedegadevej 13;0;36;1;55705;55445
37820501;400;243;7; ;869163;6130152;869516;6130054;14,8004;55,1797;Bedegadevej 7;0;37;1;55705;55445
37820501;400;243;6; ;869513;6129955;869489;6129962;14,8056;55,1777;Bedegadevej 6;0;38;1;55705;55445
37820501;400;243;2; ;869566;6129938;869489;6129961;14,8064;55,1775;Bedegadevej 2;0;39;1;55705;55445
37820501;400;243;4; ;869498;6129939;869484;6129943;14,8054;55,1776;Bedegadevej 4;0;40;1;55705;55445
37820501;400;3609;2; ;868744;6129857;868743;6129794;14,7935;55,1774;SimblegÂrdsvej 2;0;41;1;55705;55445
37820501;400;3609;5; ;868375;6129428;868416;6129806;14,7872;55,1738;SimblegÂrdsvej 5;0;42;1;55705;55445
37820501;400;3609;3; ;868276;6129489;868309;6129823;14,7857;55,1744;SimblegÂrdsvej 3;0;43;1;55705;55445
37820501;400;3609;6; ;867629;6129980;867631;6129926;14,7762;55,1793;SimblegÂrdsvej 6;0;44;1;55705;55445
37820501;400;429;3; ;867832;6129617;867816;6129636;14,7789;55,1759;Bregneshavevej 3;0;45;1;55705;55445
37820501;400;429;5; ;867641;6129452;867617;6129481;14,7757;55,1746;Bregneshavevej 5;0;46;1;55705;55445
37820501;400;429;7; ;867634;6129245;867494;6129296;14,7753;55,1727;Bregneshavevej 7;0;47;1;55705;55445
37820501;400;993;4; ;868079;6130059;868057;6130047;14,7834;55,1797;Fejlerevej 4;0;48;1;55705;55445
37820501;400;993;6; ;868134;6130244;868000;6130224;14,7845;55,1813;Fejlerevej 6;0;49;1;55705;55445
37820501;400;993;8; ;868253;6130372;867983;6130333;14,7865;55,1824;Fejlerevej 8;0;50;1;55705;55445
37820501;400;993;3; ;867956;6130386;867974;6130388;14,7819;55,1827;Fejlerevej 3;0;51;1;55705;55445
37820501;400;993;14; ;867968;6130521;867953;6130519;14,7822;55,1839;Fejlerevej 14;0;52;1;55705;55445
37820501;400;375;20; ;868059;6130711;868072;6130691;14,7839;55,1855;Bolbyvej 20;0;53;1;55705;55445
37820501;400;375;16; ;868101;6130875;868177;6130764;14,7848;55,187;Bolbyvej 16;0;54;1;55705;55445
37820501;400;375;18; ;868036;6131058;868215;6130790;14,784;55,1887;Bolbyvej 18;0;55;1;55705;55445
37820501;400;993;5; ;867340;6130483;867332;6130521;14,7724;55,184;Fejlerevej 5;0;56;1;55705;55445
37820501;400;993;16; ;867959;6130836;867880;6130809;14,7825;55,1867;Fejlerevej 16;0;57;1;55705;55445
37820501;400;993;7; ;867827;6130926;867841;6130930;14,7805;55,1876;Fejlerevej 7;0;58;1;55705;55445
37820501;400;993;18; ;867847;6130961;867832;6130956;14,7809;55,1879;Fejlerevej 18;0;59;1;55705;55445
37820501;400;4557;6; ;867560;6132492;867603;6132371;14,7784;55,2018;Torpevej 6;0;60;1;55705;55445
37820501;400;243;28; ;868777;6133023;868758;6133009;14,7981;55,2057;Bedegadevej 28;0;61;1;55705;55445
37820501;400;243;32; ;869135;6133798;869137;6133792;14,8047;55,2123;Bedegadevej 32;0;62;1;55705;55445
37820501;400;3771;1; ;868289;6133389;868275;6133417;14,791;55,2093;Skrubbekrak 1;0;63;1;55705;55445
37820501;400;3771;3; ;868205;6133358;868195;6133376;14,7896;55,2091;Skrubbekrak 3;0;64;1;55705;55445
37820501;400;3771;5; ;868062;6133274;868045;6133315;14,7873;55,2084;Skrubbekrak 5;0;65;1;55705;55445
37820501;400;3771;7; ;867756;6133294;867799;6133308;14,7825;55,2089;Skrubbekrak 7;0;66;1;55705;55445
37820501;400;243;36; ;868975;6134034;868954;6134019;14,8025;55,2146;Bedegadevej 36;0;67;1;55705;55445
37820501;400;243;40; ;869024;6134388;868953;6134380;14,8038;55,2177;Bedegadevej 40;0;68;1;55705;55445
37820501;400;243;42;A;869081;6134492;869037;6134509;14,8048;55,2186;Bedegadevej 42A;0;69;1;55705;55445
37820501;400;243;42;B;869051;6134760;869076;6134757;14,8047;55,221;Bedegadevej 42B;0;70;1;55705;55445
37820501;400;243;41; ;868415;6133626;868427;6133626;14,7932;55,2113;Bedegadevej 41;0;71;1;55705;55445
37820501;400;243;44; ;868453;6134128;868242;6133925;14,7945;55,2158;Bedegadevej 44;0;72;1;55705;55445
37820501;400;243;46;A;868077;6134277;868094;6134253;14,7888;55,2174;Bedegadevej 46A;0;73;1;55705;55445
37820501;400;243;47; ;867752;6133588;867753;6133617;14,7828;55,2115;Bedegadevej 47;0;74;1;55705;55445
37820501;400;243;50; ;867736;6134519;867720;6134506;14,7838;55,2198;Bedegadevej 50;0;75;1;55705;55445
37820501;400;243;48; ;867939;6134427;867842;6134354;14,7868;55,2188;Bedegadevej 48;0;76;1;55705;55445
37820501;400;243;26; ;868927;6132842;868912;6132827;14,8002;55,2039;Bedegadevej 26;0;77;1;55705;55445
37820501;400;3144;4; ;869485;6132859;869323;6133112;14,809;55,2037;Petersborgvej 4;0;78;1;55705;55445
37820501;400;3144;8; ;869678;6133323;869438;6133366;14,8126;55,2077;Petersborgvej 8;0;79;1;55705;55445
37820501;400;3144;10; ;869558;6133659;869551;6133664;14,8112;55,2108;Petersborgvej 10;0;80;1;55705;55445
37820501;400;3144;3; ;869432;6133795;869565;6133680;14,8094;55,2121;Petersborgvej 3;0;81;1;55705;55445
37820501;400;3144;14; ;869627;6133720;869612;6133734;14,8123;55,2113;Petersborgvej 14;0;82;1;55705;55445
37820501;400;3144;5; ;869909;6134007;869941;6133976;14,8171;55,2136;Petersborgvej 5;0;83;1;55705;55445
37820501;400;3144;7; ;869943;6134133;870021;6134071;14,8178;55,2147;Petersborgvej 7;0;84;1;55705;55445
37820501;400;2880;16; ;870113;6133929;870020;6133862;14,8202;55,2128;Nordre Lyngvej 16;0;85;1;55705;55445
37820501;400;2880;14; ;870211;6133827;870099;6133749;14,8216;55,2118;Nordre Lyngvej 14;0;86;1;55705;55445
37820501;400;2880;11; ;870074;6133584;870169;6133647;14,8191;55,2097;Nordre Lyngvej 11;0;87;1;55705;55445
37820501;400;2880;12; ;870453;6133521;870320;6133429;14,825;55,2089;Nordre Lyngvej 12;0;88;1;55705;55445
37820501;400;2880;10; ;870453;6133320;870415;6133292;14,8247;55,2071;Nordre Lyngvej 10;0;89;1;55705;55445
37820501;400;2880;7; ;870294;6133090;870338;6133065;14,8219;55,2051;Nordre Lyngvej 7;0;90;1;55705;55445
37820501;400;2880;8; ;870800;6133345;870514;6133148;14,8302;55,207;Nordre Lyngvej 8;0;91;1;55705;55445
37820501;400;2880;4; ;871097;6133486;871076;6133484;14,835;55,2081;Nordre Lyngvej 4;0;92;1;55705;55445
37820501;400;2880;6; ;870810;6133677;870815;6133670;14,8308;55,21;Nordre Lyngvej 6;0;93;1;55705;55445
37900501;400;408;1; ;863336;6132096;863355;6132087;14,7119;55,2014;Borrelyngvej 1;0;0;1;42611;42611
37900501;400;408;12; ;863449;6132206;863413;6132216;14,7138;55,2023;Borrelyngvej 12;0;1;1;42611;42611
37900501;400;408;3; ;863403;6132252;863419;6132246;14,7131;55,2028;Borrelyngvej 3;0;2;1;42611;42611
37900501;400;408;8; ;863350;6132008;863328;6132017;14,712;55,2006;Borrelyngvej 8;0;3;1;42611;42611
37900501;400;408;6; ;863410;6131967;863323;6132005;14,7129;55,2002;Borrelyngvej 6;0;4;1;42611;42611
37900501;400;615;2; ;863252;6131902;863250;6131886;14,7103;55,1997;BÊla 2;0;5;1;42611;42611
37900501;400;615;1; ;863209;6131874;863209;6131884;14,7096;55,1995;BÊla 1;0;6;1;42611;42611
37900501;400;615;4; ;863161;6131924;863158;6131892;14,7089;55,2;BÊla 4;0;7;1;42611;42611
37900501;400;615;3; ;863107;6131878;863107;6131891;14,708;55,1996;BÊla 3;0;8;1;42611;42611
37900501;400;615;8; ;863081;6132363;863080;6132357;14,7082;55,204;BÊla 8;0;9;1;42611;42611
37900501;400;4233;20; ;863227;6131730;863202;6131741;14,7097;55,1982;Strandvejen 20;0;10;1;42611;42611
37900501;400;4455;6; ;862956;6132675;862940;6132671;14,7067;55,2069;TeglkÂsvej 6;0;11;1;42611;42611
37900501;400;4455;14; ;862918;6132955;862910;6132955;14,7064;55,2094;TeglkÂsvej 14;0;12;1;42611;42611
37900501;400;4455;1; ;862939;6133176;862941;6133174;14,707;55,2114;TeglkÂsvej 1;0;13;1;42611;42611
37900501;400;4455;18; ;862992;6133285;862987;6133286;14,708;55,2123;TeglkÂsvej 18;0;14;1;42611;42611
37900501;400;4455;26; ;863035;6133491;863031;6133490;14,709;55,2141;TeglkÂsvej 26;0;15;1;42611;42611
37900501;400;4455;38; ;863075;6133724;863074;6133724;14,7099;55,2162;TeglkÂsvej 38;0;16;1;42611;42611
37900501;400;4455;62; ;863170;6134446;863162;6134447;14,7123;55,2225;TeglkÂsvej 62;0;17;1;42611;42611
37900501;400;4455;64; ;863175;6134465;863170;6134466;14,7124;55,2227;TeglkÂsvej 64;0;18;1;42611;42611
37900501;400;4455;68; ;863193;6134548;863188;6134549;14,7128;55,2234;TeglkÂsvej 68;0;19;1;42611;42611
37900501;400;4455;70; ;863202;6134569;863198;6134570;14,713;55,2236;TeglkÂsvej 70;0;20;1;42611;42611
37900501;400;4455;76; ;863232;6134628;863227;6134630;14,7135;55,2241;TeglkÂsvej 76;0;21;1;42611;42611
37900501;400;4629;3; ;863288;6134407;863287;6134426;14,7141;55,2221;Udmarksvej 3;0;22;1;42611;42611
37900501;400;4629;18; ;863392;6134578;863367;6134534;14,7159;55,2236;Udmarksvej 18;0;23;1;42611;42611
37900501;400;4629;14; ;863524;6134439;863486;6134441;14,7178;55,2222;Udmarksvej 14;0;24;1;42611;42611
37900501;400;4629;10; ;863281;6134026;863261;6134026;14,7135;55,2187;Udmarksvej 10;0;25;1;42611;42611
37900501;400;4629;8; ;863393;6133974;863260;6133977;14,7152;55,2182;Udmarksvej 8;0;26;1;42611;42611
37900501;400;1536;2; ;863352;6133316;863353;6133302;14,7137;55,2123;Helligpedervej 2;0;27;1;42611;42611
37900501;400;1536;3; ;863225;6133170;863223;6133179;14,7115;55,2111;Helligpedervej 3;0;28;1;42611;42611
37900501;400;1536;5; ;863189;6133127;863196;6133174;14,7109;55,2107;Helligpedervej 5;0;29;1;42611;42611
37900501;400;1536;6; ;863073;6133162;863081;6133154;14,7091;55,2111;Helligpedervej 6;0;30;1;42611;42611
37900501;400;408;7;B;863117;6132944;863117;6132957;14,7095;55,2091;Borrelyngvej 7B;0;31;1;42611;42611
37900501;400;408;7;C;863183;6132980;863182;6132960;14,7106;55,2094;Borrelyngvej 7C;0;32;1;42611;42611
37900501;400;408;14; ;863486;6132631;863448;6132629;14,7149;55,2061;Borrelyngvej 14;0;33;1;42611;42611
37900501;400;4860;1; ;864732;6132501;864739;6132511;14,7342;55,204;Vystebyvej 1;0;34;1;42611;42611
37900501;400;4860;2; ;863825;6133183;863828;6133159;14,7209;55,2108;Vystebyvej 2;0;35;1;42611;42611
37900501;400;4860;3; ;863958;6132669;863985;6132680;14,7223;55,2061;Vystebyvej 3;0;36;1;42611;42611
37900501;400;4860;5; ;864027;6132540;864046;6132551;14,7232;55,2049;Vystebyvej 5;0;37;1;42611;42611
37900501;400;4860;7; ;864065;6132475;864077;6132497;14,7237;55,2043;Vystebyvej 7;0;38;1;42611;42611
37900501;400;408;9; ;863424;6132988;863475;6132973;14,7144;55,2093;Borrelyngvej 9;0;39;1;42611;42611
37900501;400;1536;1; ;863548;6133186;863547;6133205;14,7166;55,211;Helligpedervej 1;0;40;1;42611;42611
37900501;400;408;11; ;863616;6133766;863618;6133761;14,7184;55,2161;Borrelyngvej 11;0;41;1;42611;42611
37900501;400;408;15; ;863943;6134161;863985;6134144;14,724;55,2194;Borrelyngvej 15;0;42;1;42611;42611
37900501;400;1083;18; ;864462;6134266;864414;6134198;14,7323;55,22;Fuglesangsvej 18;0;43;1;42611;42611
37900501;400;1083;15; ;864459;6134141;864468;6134156;14,7321;55,2189;Fuglesangsvej 15;0;44;1;42611;42611
37900501;400;1083;16; ;864597;6134155;864581;6134132;14,7342;55,2189;Fuglesangsvej 16;0;45;1;42611;42611
37900501;400;1083;9; ;864572;6134107;864587;6134119;14,7338;55,2185;Fuglesangsvej 9;0;46;1;42611;42611
37900501;400;408;18; ;864349;6134441;864291;6134455;14,7307;55,2216;Borrelyngvej 18;0;47;1;42611;42611
37900501;400;408;17; ;864028;6134771;864031;6134785;14,7261;55,2248;Borrelyngvej 17;0;48;1;42611;42611
37900501;400;408;19; ;863849;6134832;863849;6134823;14,7234;55,2255;Borrelyngvej 19;0;49;1;42611;42611
37900501;400;408;20; ;864585;6134925;864509;6134960;14,735;55,2258;Borrelyngvej 20;0;50;1;42611;42611
37900501;400;408;22; ;864639;6135173;864613;6135184;14,7362;55,228;Borrelyngvej 22;0;51;1;42611;42611
37900501;400;1776;1; ;864308;6135278;864308;6135319;14,7312;55,2291;Jons Kapelvej 1;0;52;1;42611;42611
37900501;400;1776;2; ;864063;6135373;864049;6135351;14,7274;55,2302;Jons Kapelvej 2;0;53;1;42611;42611
37900501;400;1776;3; ;863691;6135299;863695;6135288;14,7215;55,2298;Jons Kapelvej 3;0;54;1;42611;42611
37900501;400;408;24; ;864897;6135730;864873;6135741;14,741;55,2327;Borrelyngvej 24;0;55;1;42611;42611
37900501;400;408;23; ;864844;6135881;864874;6135891;14,7403;55,2341;Borrelyngvej 23;0;56;1;42611;42611
37900501;400;408;25; ;864973;6136009;864990;6136000;14,7425;55,2352;Borrelyngvej 25;0;57;1;42611;42611
37900501;400;408;29; ;865001;6136120;865016;6136115;14,7431;55,2362;Borrelyngvej 29;0;58;1;42611;42611
37900501;400;408;33; ;865022;6136190;865039;6136182;14,7435;55,2368;Borrelyngvej 33;0;59;1;42611;42611
37900501;400;2016;18; ;865077;6135798;865074;6135803;14,7439;55,2332;Kirkevej 18;0;60;1;42611;42611
37900501;400;2016;19; ;864946;6135712;864963;6135717;14,7417;55,2325;Kirkevej 19;0;61;1;42611;42611
37900501;400;2016;9; ;865164;6135025;865241;6135052;14,7442;55,2263;Kirkevej 9;0;62;1;42611;42611
37900501;400;3111;4; ;865700;6135007;865632;6135003;14,7526;55,2257;PellegÂrdsvej 4;0;63;1;42611;42611
37900501;400;3111;16; ;865909;6135285;865889;6135287;14,7562;55,228;PellegÂrdsvej 16;0;64;1;42611;42611
37900501;400;3111;24; ;866363;6135650;866353;6135675;14,7638;55,231;PellegÂrdsvej 24;0;65;1;42611;42611
37900501;400;3111;22; ;866040;6135531;866017;6135495;14,7586;55,2301;PellegÂrdsvej 22;0;66;1;42611;42611
37900501;400;1632;2; ;865817;6135713;865799;6135689;14,7553;55,2319;HyldegÂrdsvej 2;0;67;1;42611;42611
37900501;400;1632;1; ;865486;6135667;865498;6135680;14,7501;55,2318;HyldegÂrdsvej 1;0;68;1;42611;42611
37900501;400;2184;6; ;865410;6135972;865384;6136046;14,7493;55,2345;Krakvej 6;0;69;1;42611;42611
37900501;400;1632;7; ;865392;6136064;865491;6136085;14,7491;55,2354;HyldegÂrdsvej 7;0;70;1;42611;42611
37900501;400;2184;5; ;865333;6136253;865341;6136229;14,7485;55,2371;Krakvej 5;0;71;1;42611;42611
37900501;400;2184;11; ;865987;6136351;865993;6136283;14,7588;55,2375;Krakvej 11;0;72;1;42611;42611
37900501;400;2184;12; ;866022;6136222;866016;6136281;14,7592;55,2363;Krakvej 12;0;73;1;42611;42611
37900501;400;2184;13; ;866144;6136373;866180;6136336;14,7613;55,2376;Krakvej 13;0;74;1;42611;42611
37900501;400;2979;1; ;865719;6136531;865736;6136528;14,7549;55,2393;N¯rre Krak 1;0;75;1;42611;42611
37900501;400;2979;2; ;865857;6136761;865773;6136772;14,7573;55,2413;N¯rre Krak 2;0;76;1;42611;42611
37900501;400;408;39; ;865044;6137486;865055;6137493;14,7455;55,2483;Borrelyngvej 39;0;77;1;42611;42611
37900501;400;408;37; ;865215;6136930;865214;6136936;14,7475;55,2432;Borrelyngvej 37;0;78;1;42611;42611
37900501;400;4716;6; ;864900;6137198;864855;6137196;14,7429;55,2459;Ved Br¯nden 6;0;79;1;42611;42611
37900501;400;408;35; ;864917;6136614;864915;6136602;14,7424;55,2406;Borrelyngvej 35;0;80;1;42611;42611
37900501;400;3357;14; ;864201;6136442;864205;6136407;14,731;55,2396;Ringedalsvej 14;0;81;1;42611;42611
37900502;400;177;3; ;864456;6127784;864438;6127807;14,7238;55,162;BaggÂrdsvej 3;0;0;1;38545;38377
37900502;400;177;5; ;864424;6127762;864407;6127783;14,7233;55,1619;BaggÂrdsvej 5;0;1;1;38545;38377
37900502;400;177;10; ;864370;6127780;864379;6127767;14,7225;55,1621;BaggÂrdsvej 10;0;2;1;38545;38377
37900502;400;177;9; ;864364;6127721;864349;6127740;14,7223;55,1615;BaggÂrdsvej 9;0;3;1;38545;38377
37900502;400;4515;14; ;864187;6127967;864174;6127959;14,7199;55,1639;ToftegÂrdsvej 14;0;4;1;38545;38377
37900502;400;4515;20; ;864156;6128021;864144;6128014;14,7194;55,1644;ToftegÂrdsvej 20;0;5;1;38545;38377
37900502;400;4515;15; ;864113;6128053;864117;6128055;14,7188;55,1647;ToftegÂrdsvej 15;0;6;1;38545;38377
37900502;400;4515;40; ;864095;6128103;864096;6128088;14,7186;55,1651;ToftegÂrdsvej 40;0;7;1;38545;38377
37900502;400;4515;36; ;864109;6128104;864118;6128088;14,7188;55,1651;ToftegÂrdsvej 36;0;8;1;38545;38377
37900502;400;4509;3; ;864106;6128141;864109;6128140;14,7188;55,1655;Tofte 3;0;9;1;38545;38377
37900502;400;4509;7; ;864109;6128190;864108;6128194;14,7189;55,1659;Tofte 7;0;10;1;38545;38377
37900502;400;4515;42; ;864039;6128102;864034;6128087;14,7177;55,1652;ToftegÂrdsvej 42;0;11;1;38545;38377
37900502;400;1113;102; ;863729;6127928;863753;6127959;14,7127;55,1639;FÊlledvej 102;0;12;1;38545;38377
37900502;400;1113;100; ;863727;6127926;863753;6127959;14,7126;55,1638;FÊlledvej 100;0;13;1;38545;38377
37900502;400;3725;25; ;864300;6128242;864301;6128250;14,722;55,1662;Skovkanten 25;0;14;1;38545;38377
37900502;400;3725;4; ;864206;6128596;864227;6128587;14,721;55,1695;Skovkanten 4;0;15;1;38545;38377
37900502;400;1803;13; ;864298;6128606;864317;6128618;14,7224;55,1695;JydegÂrdsvej 13;0;16;1;38545;38377
37900502;400;1803;6; ;864421;6129110;864443;6129121;14,725;55,1739;JydegÂrdsvej 6;0;17;1;38545;38377
37900502;400;3582;20; ;864235;6129331;864248;6129346;14,7224;55,176;SiegÂrdsvej 20;0;18;1;38545;38377
37900502;400;1803;2; ;864555;6129375;864605;6129313;14,7274;55,1762;JydegÂrdsvej 2;0;19;1;38545;38377
37900502;400;1803;3; ;864767;6129410;864749;6129426;14,7308;55,1763;JydegÂrdsvej 3;0;20;1;38545;38377
37900502;400;4440;3; ;864717;6130228;864731;6130227;14,731;55,1837;Tassevej 3;0;21;1;38545;38377
37900502;400;4440;5; ;864724;6130861;864737;6130861;14,732;55,1893;Tassevej 5;0;22;1;38545;38377
37900502;400;4440;7; ;864442;6130718;864455;6130745;14,7274;55,1883;Tassevej 7;0;23;1;38545;38377
37900502;400;4440;9; ;864604;6131205;864629;6131219;14,7305;55,1925;Tassevej 9;0;24;1;38545;38377
37900502;400;4440;4; ;864687;6131263;864677;6131287;14,7319;55,193;Tassevej 4;0;25;1;38545;38377
37900502;400;4440;6; ;864765;6131373;864766;6131369;14,7333;55,1939;Tassevej 6;0;26;1;38545;38377
37900502;400;4440;8; ;864590;6131323;864578;6131315;14,7305;55,1936;Tassevej 8;0;27;1;38545;38377
37900502;400;2247;13; ;864199;6131545;864252;6131576;14,7246;55,1958;Kumleh¯jvej 13;0;28;1;38545;38377
37900502;400;2247;15; ;864147;6131858;864165;6131862;14,7242;55,1987;Kumleh¯jvej 15;0;29;1;38545;38377
37900502;400;2247;11; ;864233;6131374;864246;6131352;14,725;55,1943;Kumleh¯jvej 11;0;30;1;38545;38377
37900502;400;2247;2; ;864303;6131181;864304;6131184;14,7258;55,1925;Kumleh¯jvej 2;0;31;1;38545;38377
37900502;400;2247;9; ;864156;6131316;864170;6131299;14,7237;55,1938;Kumleh¯jvej 9;0;32;1;38545;38377
37900502;400;2247;7; ;864099;6131260;864111;6131246;14,7227;55,1934;Kumleh¯jvej 7;0;33;1;38545;38377
37900502;400;2247;5; ;863842;6131294;863796;6131192;14,7187;55,1939;Kumleh¯jvej 5;0;34;1;38545;38377
37900502;400;2247;1; ;863384;6130718;863447;6130705;14,7109;55,1891;Kumleh¯jvej 1;0;35;1;38545;38377
37900502;400;4281;25; ;864053;6129866;864049;6129844;14,7202;55,1809;Svalh¯jvej 25;0;36;1;38545;38377
37900502;400;4281;36; ;864436;6129682;864442;6129697;14,726;55,179;Svalh¯jvej 36;0;37;1;38545;38377
37900502;400;4281;45; ;864842;6129775;864859;6129766;14,7324;55,1796;Svalh¯jvej 45;0;38;1;38545;38377
37900502;400;3609;28; ;864871;6129531;864906;6129502;14,7326;55,1773;SimblegÂrdsvej 28;0;39;1;38545;38377
37900502;400;4281;50; ;864897;6129433;864895;6129441;14,7328;55,1765;Svalh¯jvej 50;0;40;1;38545;38377
37900502;400;4281;54; ;864856;6129390;864860;6129399;14,7321;55,1761;Svalh¯jvej 54;0;41;1;38545;38377
37900502;400;3609;27; ;865120;6129555;865064;6129628;14,7365;55,1774;SimblegÂrdsvej 27;0;42;1;38545;38377
37900502;400;3609;22; ;865539;6130045;865568;6130004;14,7437;55,1814;SimblegÂrdsvej 22;0;43;1;38545;38377
37900502;400;3609;23; ;865676;6129725;865709;6129733;14,7454;55,1785;SimblegÂrdsvej 23;0;44;1;38545;38377
37900502;400;3378;2; ;866436;6131241;866373;6131297;14,7592;55,1915;Rosendalevej 2;0;45;1;38545;38377
37900502;400;3378;3; ;866393;6131472;866461;6131424;14,7588;55,1936;Rosendalevej 3;0;46;1;38545;38377
37900502;400;4557;20; ;866927;6131904;866931;6131892;14,7677;55,197;Torpevej 20;0;47;1;38545;38377
37900502;400;3378;4; ;866737;6131467;866733;6131473;14,7642;55,1933;Rosendalevej 4;0;48;1;38545;38377
37900502;400;2217;16; ;866551;6130729;866535;6130748;14,7603;55,1868;Krummeledvej 16;0;49;1;38545;38377
37900502;400;2217;18; ;866664;6130718;866660;6130729;14,7621;55,1866;Krummeledvej 18;0;50;1;38545;38377
37900502;400;2217;2; ;866888;6130135;866849;6130197;14,7648;55,1813;Krummeledvej 2;0;51;1;38545;38377
37900502;400;2217;4; ;866916;6130358;866907;6130357;14,7656;55,1832;Krummeledvej 4;0;52;1;38545;38377
37900502;400;3609;20; ;866329;6130194;866333;6130123;14,7562;55,1822;SimblegÂrdsvej 20;0;53;1;38545;38377
37900502;400;3609;21; ;866306;6129836;866325;6129839;14,7554;55,179;SimblegÂrdsvej 21;0;54;1;38545;38377
37900502;400;789;2; ;866429;6129949;866511;6129947;14,7574;55,1799;Duebjergvej 2;0;55;1;38545;38377
37900502;400;789;1;A;866620;6129521;866613;6129520;14,7599;55,176;Duebjergvej 1A;0;56;1;38545;38377
37900502;400;789;3; ;866615;6129471;866611;6129483;14,7597;55,1755;Duebjergvej 3;0;57;1;38545;38377
37900502;400;789;4; ;866064;6129196;866065;6129150;14,7508;55,1735;Duebjergvej 4;0;58;1;38545;38377
37900502;400;789;6; ;865557;6129255;865543;6129238;14,7429;55,1744;Duebjergvej 6;0;59;1;38545;38377
37900502;400;4281;64; ;865343;6128649;865423;6128697;14,7388;55,1691;Svalh¯jvej 64;0;60;1;38545;38377
37900502;400;4281;70; ;865516;6128484;865536;6128492;14,7413;55,1675;Svalh¯jvej 70;0;61;1;38545;38377
37900502;400;1575;1; ;866098;6128593;866080;6128649;14,7505;55,1681;Hoglebjergvej 1;0;62;1;38545;38377
37900502;400;1575;8; ;866379;6128722;866381;6128686;14,7551;55,169;Hoglebjergvej 8;0;63;1;38545;38377
37900502;400;1575;6; ;866949;6128796;866970;6128738;14,7641;55,1692;Hoglebjergvej 6;0;64;1;38545;38377
37900502;400;1575;4; ;867150;6128815;867154;6128799;14,7672;55,1693;Hoglebjergvej 4;0;65;1;38545;38377
37900502;400;177;2; ;865531;6128445;865547;6128397;14,7415;55,1671;BaggÂrdsvej 2;0;66;1;38545;38377
37900502;400;6;26; ;865598;6128378;865580;6128373;14,7424;55,1665;Aabyvej 26;0;67;1;38545;38377
37900502;400;6;24; ;865609;6128303;865595;6128300;14,7425;55,1658;Aabyvej 24;0;68;1;38545;38377
37900502;400;177;4; ;865383;6128338;865393;6128318;14,739;55,1663;BaggÂrdsvej 4;0;69;1;38545;38377
37900502;400;177;24; ;864110;6127662;864112;6127654;14,7183;55,1612;BaggÂrdsvej 24;0;70;1;38545;38377
37900502;400;183;12; ;864214;6127294;864209;6127299;14,7194;55,1578;BagÂ 12;0;71;1;38545;38377
37900502;400;183;5; ;864139;6127255;864145;6127247;14,7182;55,1575;BagÂ 5;0;72;1;38545;38377
37900502;400;183;3; ;864126;6127243;864132;6127235;14,718;55,1574;BagÂ 3;0;73;1;38545;38377
37900502;400;183;2;C;864104;6127192;864097;6127199;14,7176;55,157;BagÂ 2C;0;74;1;38545;38377
37900502;400;2340;2; ;863749;6127570;863754;6127555;14,7125;55,1606;Levkavej 2;0;75;1;38545;38377
37900502;400;2340;4; ;863668;6127572;863668;6127535;14,7112;55,1607;Levkavej 4;0;76;1;38545;38377
37900502;400;2340;14; ;863272;6127568;863301;6127574;14,705;55,161;Levkavej 14;0;77;1;38545;38377
37900503;400;3378;13; ;866714;6132539;866716;6132551;14,7652;55,2029;Rosendalevej 13;0;0;1;39400;39567
37900503;400;3378;10; ;867087;6132799;867085;6132791;14,7714;55,2049;Rosendalevej 10;0;1;1;39400;39567
37900503;400;3378;12; ;866989;6133477;866973;6133483;14,7707;55,2111;Rosendalevej 12;0;2;1;39400;39567
37900503;400;3378;14; ;867148;6133521;867139;6133516;14,7733;55,2113;Rosendalevej 14;0;3;1;39400;39567
37900503;400;3378;16; ;867361;6133494;867372;6133502;14,7766;55,2109;Rosendalevej 16;0;4;1;39400;39567
37900503;400;3378;17; ;867062;6133734;867077;6133726;14,7722;55,2133;Rosendalevej 17;0;5;1;39400;39567
37900503;400;3378;20; ;867417;6133886;867416;6133878;14,778;55,2144;Rosendalevej 20;0;6;1;39400;39567
37900503;400;3378;22; ;867237;6134033;867222;6134039;14,7754;55,2158;Rosendalevej 22;0;7;1;39400;39567
37900503;400;3378;24; ;867412;6134120;867406;6134121;14,7782;55,2165;Rosendalevej 24;0;8;1;39400;39567
37900503;400;2118;19; ;867114;6134312;867106;6134299;14,7738;55,2184;KnarregÂrdsvej 19;0;9;1;39400;39567
37900503;400;2118;17; ;866779;6134785;866785;6134785;14,7692;55,2229;KnarregÂrdsvej 17;0;10;1;39400;39567
37900503;400;3786;2; ;866838;6134081;866845;6134095;14,7692;55,2166;SkrÂvej 2;0;11;1;39400;39567
37900503;400;2118;15; ;866624;6134388;866661;6134399;14,7662;55,2195;KnarregÂrdsvej 15;0;12;1;39400;39567
37900503;400;2118;13; ;866423;6134084;866424;6134075;14,7627;55,2169;KnarregÂrdsvej 13;0;13;1;39400;39567
37900503;400;2118;4; ;866299;6133875;866296;6133880;14,7605;55,2151;KnarregÂrdsvej 4;0;14;1;39400;39567
37900503;400;2118;11; ;866106;6134041;866133;6133986;14,7577;55,2168;KnarregÂrdsvej 11;0;15;1;39400;39567
37900503;400;2118;9; ;865997;6134037;865997;6134043;14,756;55,2168;KnarregÂrdsvej 9;0;16;1;39400;39567
37900503;400;2118;2; ;865922;6133835;865905;6133868;14,7545;55,2151;KnarregÂrdsvej 2;0;17;1;39400;39567
37900503;400;2118;5; ;865789;6134166;865878;6134148;14,7529;55,2181;KnarregÂrdsvej 5;0;18;1;39400;39567
37900503;400;2214;2; ;866146;6134811;866130;6134809;14,7593;55,2236;Krogholmsvej 2;0;19;1;39400;39567
37900503;400;2214;3; ;866176;6134952;866185;6134939;14,76;55,2249;Krogholmsvej 3;0;20;1;39400;39567
37900503;400;2214;5; ;866176;6135096;866173;6135102;14,7601;55,2261;Krogholmsvej 5;0;21;1;39400;39567
37900503;400;2214;4; ;866284;6134979;866270;6134997;14,7617;55,225;Krogholmsvej 4;0;22;1;39400;39567
37900503;400;2214;7; ;866408;6135273;866399;6135267;14,764;55,2275;Krogholmsvej 7;0;23;1;39400;39567
37900503;400;2214;9; ;866563;6135348;866577;6135353;14,7665;55,2281;Krogholmsvej 9;0;24;1;39400;39567
37900503;400;2931;6; ;865888;6134705;865907;6134719;14,7551;55,2229;Nydamsvej 6;0;25;1;39400;39567
37900503;400;2016;7; ;865229;6134546;865336;6134583;14,7446;55,2219;Kirkevej 7;0;26;1;39400;39567
37900503;400;2016;7;B;865214;6134522;865338;6134577;14,7444;55,2217;Kirkevej 7B;0;27;1;39400;39567
37900503;400;2016;5; ;865338;6134344;865427;6134385;14,7461;55,22;Kirkevej 5;0;28;1;39400;39567
37900503;400;2016;3; ;865458;6134179;865511;6134203;14,7477;55,2185;Kirkevej 3;0;29;1;39400;39567
37900503;400;2016;4; ;865655;6134206;865654;6134213;14,7508;55,2186;Kirkevej 4;0;30;1;39400;39567
37900503;400;2016;1; ;865641;6133834;865675;6133866;14,7501;55,2152;Kirkevej 1;1;31;1;39400;39567
37900503;400;510;2; ;865443;6133930;865472;6133867;14,7472;55,2163;Br¯dl¯sevej 2;0;32;1;39400;39567
37900503;400;510;4; ;865211;6133755;865215;6133745;14,7433;55,2149;Br¯dl¯sevej 4;0;33;1;39400;39567
37900503;400;1083;8; ;864764;6133664;864744;6133660;14,7362;55,2144;Fuglesangsvej 8;0;34;1;39400;39567
37900503;400;1083;10; ;864746;6133808;864721;6133804;14,7361;55,2157;Fuglesangsvej 10;0;35;1;39400;39567
37900503;400;1083;7; ;864574;6133762;864575;6133768;14,7334;55,2154;Fuglesangsvej 7;0;36;1;39400;39567
37900503;400;1083;6; ;864793;6133430;864778;6133427;14,7364;55,2123;Fuglesangsvej 6;0;37;1;39400;39567
37900503;400;1083;5; ;864252;6133615;864260;6133622;14,7281;55,2143;Fuglesangsvej 5;0;38;1;39400;39567
37900503;400;1083;1; ;865029;6132910;865038;6132943;14,7394;55,2074;Fuglesangsvej 1;0;39;1;39400;39567
37900503;400;1083;2; ;865103;6132951;865091;6132929;14,7406;55,2078;Fuglesangsvej 2;0;40;1;39400;39567
37900503;400;1953;4; ;865169;6132953;865157;6132963;14,7416;55,2077;Kirkebyen 4;0;41;1;39400;39567
37900503;400;1953;9; ;865177;6133026;865190;6133015;14,7418;55,2084;Kirkebyen 9;0;42;1;39400;39567
37900503;400;1953;8; ;865254;6133014;865254;6133004;14,743;55,2082;Kirkebyen 8;0;43;1;39400;39567
37900503;400;1953;11; ;865187;6133039;865200;6133028;14,742;55,2085;Kirkebyen 11;0;44;1;39400;39567
37900503;400;1953;14; ;865227;6133034;865216;6133042;14,7426;55,2084;Kirkebyen 14;0;45;1;39400;39567
37900503;400;1953;16; ;865239;6133049;865227;6133057;14,7428;55,2085;Kirkebyen 16;0;46;1;39400;39567
37900503;400;1953;21; ;865245;6133118;865259;6133107;14,743;55,2091;Kirkebyen 21;0;47;1;39400;39567
37900503;400;1953;22; ;865285;6133102;865269;6133113;14,7436;55,209;Kirkebyen 22;0;48;1;39400;39567
37900503;400;1953;23; ;865255;6133130;865268;6133119;14,7432;55,2092;Kirkebyen 23;0;49;1;39400;39567
37900503;400;1953;25; ;865263;6133141;865276;6133130;14,7433;55,2093;Kirkebyen 25;0;50;1;39400;39567
37900503;400;1953;26; ;865305;6133146;865297;6133151;14,744;55,2093;Kirkebyen 26;0;51;1;39400;39567
37900503;400;1953;27; ;865300;6133195;865315;6133183;14,744;55,2098;Kirkebyen 27;0;52;1;39400;39567
37900503;400;1953;31; ;865325;6133224;865338;6133213;14,7444;55,21;Kirkebyen 31;0;53;1;39400;39567
37900503;400;1953;39; ;865367;6133289;865385;6133275;14,7452;55,2106;Kirkebyen 39;0;54;1;39400;39567
37900503;400;1953;41; ;865382;6133305;865398;6133293;14,7454;55,2107;Kirkebyen 41;0;55;1;39400;39567
37900503;400;1953;47; ;865281;6133598;865287;6133601;14,7442;55,2134;Kirkebyen 47;0;56;1;39400;39567
37900503;400;1953;49; ;865492;6133450;865500;6133444;14,7473;55,2119;Kirkebyen 49;1;57;1;39400;39567
37900503;400;1953;42; ;865534;6133456;865517;6133465;14,748;55,2119;Kirkebyen 42;0;58;1;39400;39567
37900503;400;1953;51; ;865512;6133488;865522;6133481;14,7477;55,2123;Kirkebyen 51;0;59;1;39400;39567
37900503;400;1953;44; ;865556;6133504;865545;6133510;14,7484;55,2124;Kirkebyen 44;0;60;1;39400;39567
37900503;400;1953;55; ;865516;6133529;865541;6133513;14,7478;55,2126;Kirkebyen 55;0;61;1;39400;39567
37900503;400;1953;46; ;865572;6133527;865559;6133534;14,7487;55,2126;Kirkebyen 46;0;62;1;39400;39567
37900503;400;1953;40; ;865495;6133387;865476;6133398;14,7473;55,2114;Kirkebyen 40;0;63;1;39400;39567
37900503;400;1962;4; ;865550;6133249;865578;6133339;14,748;55,2101;Kirkedalsvej 4;0;64;1;39400;39567
37900503;400;1962;11; ;865713;6133322;865715;6133304;14,7506;55,2106;Kirkedalsvej 11;0;65;1;39400;39567
37900503;400;1962;15; ;866007;6133243;866005;6133257;14,7551;55,2097;Kirkedalsvej 15;0;66;1;39400;39567
37900503;400;1953;19; ;865230;6133100;865216;6133089;14,7428;55,209;Kirkebyen 19;0;67;1;39400;39567
37900503;400;1953;17; ;865093;6133299;865090;6133303;14,7409;55,2109;Kirkebyen 17;0;68;1;39400;39567
37900503;400;1953;5; ;865150;6133001;865154;6133007;14,7414;55,2082;Kirkebyen 5;0;69;1;39400;39567
37900503;400;1953;1; ;865131;6132966;865135;6132971;14,741;55,2079;Kirkebyen 1;0;70;1;39400;39567
37900503;400;1953;3; ;865132;6132992;865126;6132983;14,7411;55,2081;Kirkebyen 3;0;71;1;39400;39567
37900503;400;2247;23; ;864933;6132677;864948;6132666;14,7376;55,2054;Kumleh¯jvej 23;0;72;1;39400;39567
37900503;400;2247;14; ;864865;6132502;864850;6132510;14,7363;55,2039;Kumleh¯jvej 14;0;73;1;39400;39567
37900503;400;2247;21; ;864380;6132162;864379;6132167;14,7283;55,2012;Kumleh¯jvej 21;0;74;1;39400;39567
37900503;400;2247;12; ;864745;6132051;864721;6132058;14,7338;55,2;Kumleh¯jvej 12;0;75;1;39400;39567
37900503;400;2247;19; ;864578;6131805;864616;6131789;14,7309;55,1979;Kumleh¯jvej 19;0;76;1;39400;39567
37900503;400;1365;1; ;864942;6131709;864954;6131647;14,7365;55,1968;Halledalsvej 1;0;77;1;39400;39567
37900503;400;1365;2; ;864991;6131502;864996;6131504;14,737;55,1949;Halledalsvej 2;0;78;1;39400;39567
37900503;400;1365;3; ;865031;6131719;865042;6131667;14,7379;55,1968;Halledalsvej 3;0;79;1;39400;39567
37900503;400;1365;5; ;865277;6131887;865276;6131891;14,7419;55,1981;Halledalsvej 5;0;80;1;39400;39567
37900503;400;1962;27; ;865797;6131341;865757;6131349;14,7494;55,1928;Kirkedalsvej 27;0;81;1;39400;39567
37900503;400;1962;30; ;865269;6131098;865311;6131025;14,7408;55,1911;Kirkedalsvej 30;0;82;1;39400;39567
37900503;400;1962;32; ;865099;6130918;865106;6130904;14,7379;55,1896;Kirkedalsvej 32;0;83;1;39400;39567
37900503;400;1962;28; ;865392;6131538;865433;6131540;14,7433;55,1949;Kirkedalsvej 28;0;84;1;39400;39567
37900503;400;1962;25; ;865784;6131999;865730;6131987;14,75;55,1987;Kirkedalsvej 25;0;85;1;39400;39567
37900503;400;1962;22; ;865019;6132140;865025;6132141;14,7382;55,2006;Kirkedalsvej 22;0;86;1;39400;39567
37900503;400;1962;23; ;865709;6132285;865704;6132296;14,7492;55,2013;Kirkedalsvej 23;0;87;1;39400;39567
37900503;400;1962;20; ;865577;6132516;865591;6132515;14,7474;55,2035;Kirkedalsvej 20;0;88;1;39400;39567
37900503;400;1962;18; ;865488;6132723;865495;6132726;14,7463;55,2054;Kirkedalsvej 18;0;89;1;39400;39567
37900503;400;1962;16; ;865597;6132818;865609;6132817;14,7481;55,2062;Kirkedalsvej 16;0;90;1;39400;39567
37900503;400;1962;17; ;865898;6132981;865870;6132968;14,7531;55,2074;Kirkedalsvej 17;0;91;1;39400;39567
37900503;400;3612;1; ;866177;6132794;866187;6132782;14,7572;55,2056;SimonsgÂrdsvej 1;0;92;1;39400;39567
37900503;400;3612;10; ;866510;6132967;866512;6132958;14,7626;55,2069;SimonsgÂrdsvej 10;0;93;1;39400;39567
37900503;400;3612;4; ;866140;6132408;866157;6132406;14,7561;55,2021;SimonsgÂrdsvej 4;0;94;1;39400;39567
37900503;400;3612;8; ;866283;6132207;866277;6132208;14,7581;55,2002;SimonsgÂrdsvej 8;0;95;1;39400;39567
