id;kommune;vejnr;husnr;husbog;husx;husy;vejx;vejy;husGx;husGy;adresse;kf;linienr;beregning;laengde_med_kf;laengde_uden_kf
0;400;2889;3; ;863999;6123323;863994;6123307;14,711;55,1225;Nordskovvej 3;0;0;0;6087;6050
0;400;2889;1; ;863978;6123328;863973;6123314;14,7107;55,1225;Nordskovvej 1;0;1;0;6087;6050
0;400;2889;2;A;863965;6123298;863970;6123315;14,7104;55,1223;Nordskovvej 2A;0;2;0;6087;6050
0;400;2889;2;B;863987;6123294;863991;6123308;14,7108;55,1222;Nordskovvej 2B;0;3;0;6087;6050
0;400;2889;4;A;864018;6123287;864023;6123296;14,7112;55,1221;Nordskovvej 4A;0;4;0;6087;6050
0;400;57;6; ;863980;6123184;863967;6123188;14,7105;55,1212;Allevej 6;0;5;0;6087;6050
0;400;57;8; ;863985;6123199;863972;6123203;14,7106;55,1214;Allevej 8;0;6;0;6087;6050
0;400;57;10; ;863989;6123216;863978;6123219;14,7107;55,1215;Allevej 10;0;7;0;6087;6050
0;400;57;12; ;863994;6123230;863982;6123233;14,7108;55,1216;Allevej 12;0;8;0;6087;6050
0;400;57;14; ;863997;6123244;863987;6123247;14,7108;55,1218;Allevej 14;0;9;0;6087;6050
0;400;57;16; ;864003;6123258;863991;6123261;14,7109;55,1219;Allevej 16;0;10;0;6087;6050
0;400;57;18; ;864010;6123273;863996;6123277;14,7111;55,122;Allevej 18;0;11;0;6087;6050
0;400;57;11; ;863986;6123281;863997;6123277;14,7107;55,1221;Allevej 11;0;12;0;6087;6050
0;400;57;9; ;863980;6123264;863991;6123260;14,7106;55,122;Allevej 9;0;13;0;6087;6050
0;400;57;7; ;863973;6123246;863985;6123241;14,7105;55,1218;Allevej 7;0;14;0;6087;6050
0;400;57;5; ;863966;6123229;863979;6123224;14,7103;55,1217;Allevej 5;0;15;0;6087;6050
0;400;57;3; ;863957;6123209;863972;6123203;14,7102;55,1215;Allevej 3;0;16;0;6087;6050
0;400;57;2;B;863986;6123123;863954;6123152;14,7105;55,1207;Allevej 2B;0;17;0;6087;6050
0;400;57;4;A;863995;6123146;863956;6123159;14,7107;55,1209;Allevej 4A;0;18;0;6087;6050
0;400;57;4; ;863978;6123165;863960;6123171;14,7104;55,1211;Allevej 4;0;19;0;6087;6050
0;400;1782;2; ;863925;6123144;863936;6123140;14,7096;55,1209;JordbÊrdalen 2;0;20;0;6087;6050
0;400;1782;4; ;863912;6123116;863926;6123111;14,7094;55,1207;JordbÊrdalen 4;0;21;0;6087;6050
0;400;1782;11; ;863932;6123071;863936;6123082;14,7096;55,1203;JordbÊrdalen 11;0;22;0;6087;6050
0;400;1782;9; ;863959;6123061;863963;6123073;14,71;55,1202;JordbÊrdalen 9;0;23;0;6087;6050
0;400;1782;7; ;863982;6123057;863974;6123069;14,7104;55,1201;JordbÊrdalen 7;0;24;0;6087;6050
0;400;1782;5; ;863992;6123078;863974;6123069;14,7106;55,1203;JordbÊrdalen 5;0;25;0;6087;6050
0;400;1782;3; ;863964;6123097;863956;6123075;14,7101;55,1205;JordbÊrdalen 3;0;26;0;6087;6050
0;400;1782;8; ;863893;6123052;863905;6123046;14,709;55,1201;JordbÊrdalen 8;0;27;0;6087;6050
0;400;1782;13; ;863918;6123044;863906;6123048;14,7093;55,12;JordbÊrdalen 13;0;28;0;6087;6050
0;400;1782;12; ;863878;6123009;863891;6123012;14,7087;55,1198;JordbÊrdalen 12;0;29;0;6087;6050
0;400;1782;29; ;863907;6123001;863913;6123020;14,7091;55,1197;JordbÊrdalen 29;0;30;0;6087;6050
0;400;1782;27; ;863925;6123001;863929;6123014;14,7094;55,1197;JordbÊrdalen 27;0;31;0;6087;6050
0;400;1782;15; ;863949;6123023;863944;6123009;14,7098;55,1198;JordbÊrdalen 15;0;32;0;6087;6050
0;400;1782;25; ;863944;6122994;863948;6123008;14,7097;55,1196;JordbÊrdalen 25;0;33;0;6087;6050
0;400;1782;23; ;863962;6122984;863968;6123001;14,71;55,1195;JordbÊrdalen 23;0;34;0;6087;6050
0;400;1782;19; ;863997;6123005;863979;6122997;14,7105;55,1196;JordbÊrdalen 19;0;35;0;6087;6050
0;400;1782;17; ;863969;6123014;863965;6123002;14,7101;55,1197;JordbÊrdalen 17;0;36;0;6087;6050
0;400;1782;21; ;863990;6122978;863979;6122997;14,7104;55,1194;JordbÊrdalen 21;0;37;0;6087;6050
0;400;1428;106; ;863848;6123055;863827;6123062;14,7083;55,1202;Haslevej 106;0;38;0;6087;6050
0;400;1428;103; ;863586;6123129;863818;6123041;14,7043;55,121;Haslevej 103;1;39;0;6087;6050
0;400;1428;103;C;863576;6123177;863833;6123079;14,7042;55,1215;Haslevej 103C;0;40;0;6087;6050
0;400;1428;103;D;863590;6123181;863629;6123134;14,7044;55,1215;Haslevej 103D;0;41;0;6087;6050
0;400;1428;110; ;863865;6123087;863839;6123096;14,7086;55,1205;Haslevej 110;0;42;0;6087;6050
0;400;1428;112; ;863871;6123102;863845;6123111;14,7087;55,1206;Haslevej 112;0;43;0;6087;6050
0;400;1428;114; ;863880;6123130;863855;6123139;14,7089;55,1208;Haslevej 114;0;44;0;6087;6050
0;400;1428;126; ;863936;6123278;863904;6123273;14,7099;55,1221;Haslevej 126;0;45;0;6087;6050
0;400;1428;128; ;863939;6123294;863915;6123302;14,71;55,1223;Haslevej 128;0;46;0;6087;6050
0;400;1428;130; ;863939;6123309;863919;6123315;14,71;55,1224;Haslevej 130;0;47;0;6087;6050
0;400;1428;134; ;863961;6123353;863937;6123362;14,7104;55,1228;Haslevej 134;0;48;0;6087;6050
0;400;1428;136; ;863960;6123374;863943;6123380;14,7104;55,123;Haslevej 136;0;49;0;6087;6050
0;400;1428;138;A;863977;6123386;863949;6123396;14,7107;55,1231;Haslevej 138A;0;50;0;6087;6050
0;400;1428;140; ;864000;6123430;863967;6123442;14,7111;55,1234;Haslevej 140;0;51;0;6087;6050
0;400;1428;142; ;864017;6123468;863982;6123482;14,7114;55,1238;Haslevej 142;0;52;0;6087;6050
0;400;69;2; ;864022;6123496;864023;6123519;14,7115;55,124;AlmegÂrdsvej 2;0;53;0;6087;6050
0;400;69;4; ;864045;6123504;864045;6123518;14,7119;55,1241;AlmegÂrdsvej 4;0;54;0;6087;6050
0;400;69;1; ;864042;6123543;864041;6123518;14,7119;55,1244;AlmegÂrdsvej 1;0;55;0;6087;6050
0;400;69;3;A;864413;6123558;864413;6123526;14,7177;55,1243;AlmegÂrdsvej 3A;1;56;0;6087;6050
0;400;69;3;B;864450;6123556;864450;6123527;14,7183;55,1242;AlmegÂrdsvej 3B;0;57;0;6087;6050
0;400;66;1; ;864408;6123501;864420;6123500;14,7176;55,1238;AlmegÂrds Kaserne 1;0;58;0;6087;6050
0;400;69;6; ;864346;6123495;864345;6123525;14,7166;55,1238;AlmegÂrdsvej 6;0;59;0;6087;6050
0;400;2889;10; ;864254;6123116;864261;6123128;14,7147;55,1204;Nordskovvej 10;0;60;0;6087;6050
0;400;2889;16; ;864344;6123059;864352;6123072;14,716;55,1199;Nordskovvej 16;0;61;0;6087;6050
0;400;2889;18; ;864373;6123046;864379;6123056;14,7165;55,1197;Nordskovvej 18;0;62;0;6087;6050
0;400;2889;27; ;864219;6123219;864196;6123186;14,7143;55,1214;Nordskovvej 27;0;63;0;6087;6050
0;400;2889;23; ;864177;6123215;864170;6123204;14,7136;55,1214;Nordskovvej 23;0;64;0;6087;6050
0;400;333;2; ;864141;6123207;864162;6123202;14,713;55,1213;Blykobbevej 2;0;65;0;6087;6050
0;400;333;4; ;864145;6123184;864158;6123181;14,7131;55,1211;Blykobbevej 4;0;66;0;6087;6050
0;400;333;6; ;864144;6123178;864156;6123175;14,713;55,1211;Blykobbevej 6;0;67;0;6087;6050
0;400;333;10; ;864138;6123152;864150;6123149;14,7129;55,1208;Blykobbevej 10;0;68;0;6087;6050
0;400;333;12; ;864134;6123133;864147;6123130;14,7128;55,1207;Blykobbevej 12;0;69;0;6087;6050
0;400;333;14; ;864133;6123126;864145;6123123;14,7128;55,1206;Blykobbevej 14;0;70;0;6087;6050
0;400;333;16; ;864130;6123107;864142;6123104;14,7127;55,1204;Blykobbevej 16;0;71;0;6087;6050
0;400;333;18; ;864129;6123101;864141;6123098;14,7127;55,1204;Blykobbevej 18;0;72;0;6087;6050
0;400;333;20; ;864125;6123079;864137;6123077;14,7126;55,1202;Blykobbevej 20;0;73;0;6087;6050
0;400;333;24; ;864121;6123055;864134;6123053;14,7125;55,12;Blykobbevej 24;0;74;0;6087;6050
0;400;333;26; ;864114;6123036;864132;6123033;14,7124;55,1198;Blykobbevej 26;0;75;0;6087;6050
0;400;333;28; ;864115;6123018;864130;6123016;14,7124;55,1197;Blykobbevej 28;0;76;0;6087;6050
0;400;333;30; ;864115;6122997;864129;6122996;14,7124;55,1195;Blykobbevej 30;0;77;0;6087;6050
0;400;333;34; ;864111;6122951;864126;6122949;14,7122;55,1191;Blykobbevej 34;0;78;0;6087;6050
0;400;333;38; ;864111;6122900;864122;6122899;14,7122;55,1186;Blykobbevej 38;0;79;0;6087;6050
0;400;333;40; ;864105;6122868;864120;6122866;14,712;55,1183;Blykobbevej 40;0;80;0;6087;6050
0;400;333;42; ;864101;6122830;864117;6122828;14,7119;55,118;Blykobbevej 42;0;81;0;6087;6050
0;400;333;44; ;864099;6122810;864116;6122808;14,7119;55,1178;Blykobbevej 44;0;82;0;6087;6050
0;400;333;46; ;864098;6122789;864114;6122787;14,7118;55,1176;Blykobbevej 46;0;83;0;6087;6050
0;400;333;45; ;864121;6122755;864111;6122755;14,7121;55,1173;Blykobbevej 45;0;84;0;6087;6050
0;400;333;43; ;864124;6122778;864113;6122778;14,7122;55,1175;Blykobbevej 43;0;85;0;6087;6050
0;400;333;41;B;864138;6122798;864115;6122799;14,7125;55,1177;Blykobbevej 41B;0;86;0;6087;6050
0;400;333;41;A;864144;6122819;864117;6122821;14,7126;55,1179;Blykobbevej 41A;0;87;0;6087;6050
0;400;333;39; ;864134;6122877;864121;6122877;14,7125;55,1184;Blykobbevej 39;0;88;0;6087;6050
0;400;333;37; ;864137;6122915;864123;6122915;14,7126;55,1187;Blykobbevej 37;0;89;0;6087;6050
0;400;333;35; ;864141;6122933;864124;6122934;14,7127;55,1189;Blykobbevej 35;0;90;0;6087;6050
0;400;333;33; ;864145;6122954;864126;6122955;14,7128;55,1191;Blykobbevej 33;0;91;0;6087;6050
0;400;333;29; ;864142;6122994;864129;6122994;14,7128;55,1194;Blykobbevej 29;0;92;0;6087;6050
0;400;333;23;B;864146;6123047;864133;6123048;14,7129;55,1199;Blykobbevej 23B;0;93;0;6087;6050
0;400;333;23;A;864148;6123060;864135;6123061;14,713;55,12;Blykobbevej 23A;0;94;0;6087;6050
0;400;333;21; ;864151;6123076;864137;6123078;14,713;55,1202;Blykobbevej 21;0;95;0;6087;6050
0;400;333;19; ;864153;6123087;864139;6123089;14,7131;55,1203;Blykobbevej 19;0;96;0;6087;6050
0;400;333;17; ;864155;6123098;864141;6123100;14,7131;55,1203;Blykobbevej 17;0;97;0;6087;6050
0;400;333;13; ;864159;6123118;864145;6123120;14,7132;55,1205;Blykobbevej 13;0;98;0;6087;6050
0;400;333;11; ;864161;6123130;864147;6123132;14,7133;55,1206;Blykobbevej 11;0;99;0;6087;6050
0;400;333;9; ;864164;6123141;864149;6123143;14,7133;55,1207;Blykobbevej 9;0;100;0;6087;6050
0;400;333;7; ;864166;6123152;864152;6123155;14,7134;55,1208;Blykobbevej 7;0;101;0;6087;6050
0;400;333;5; ;864168;6123162;864154;6123165;14,7134;55,1209;Blykobbevej 5;0;102;0;6087;6050
0;400;333;3; ;864171;6123174;864157;6123177;14,7135;55,121;Blykobbevej 3;0;103;0;6087;6050
0;400;2889;21; ;864162;6123225;864155;6123213;14,7134;55,1215;Nordskovvej 21;0;104;0;6087;6050
0;400;2889;19; ;864149;6123233;864141;6123221;14,7132;55,1216;Nordskovvej 19;0;105;0;6087;6050
0;400;2889;17; ;864140;6123251;864126;6123231;14,7131;55,1217;Nordskovvej 17;0;106;0;6087;6050
0;400;2889;13; ;864112;6123281;864093;6123253;14,7127;55,122;Nordskovvej 13;0;107;0;6087;6050
0;400;3498;2; ;864065;6123230;864083;6123227;14,7119;55,1216;Sandflugtsvej 2;0;108;0;6087;6050
0;400;3498;4; ;864062;6123210;864080;6123207;14,7118;55,1214;Sandflugtsvej 4;0;109;0;6087;6050
0;400;3498;6; ;864059;6123192;864078;6123189;14,7117;55,1213;Sandflugtsvej 6;0;110;0;6087;6050
0;400;3498;8; ;864056;6123176;864076;6123173;14,7117;55,1211;Sandflugtsvej 8;0;111;0;6087;6050
0;400;3498;10; ;864053;6123159;864072;6123155;14,7116;55,121;Sandflugtsvej 10;0;112;0;6087;6050
0;400;3498;12; ;864050;6123143;864069;6123139;14,7115;55,1208;Sandflugtsvej 12;0;113;0;6087;6050
0;400;3498;14; ;864048;6123123;864066;6123119;14,7115;55,1207;Sandflugtsvej 14;0;114;0;6087;6050
0;400;3498;16; ;864045;6123089;864061;6123092;14,7114;55,1204;Sandflugtsvej 16;0;115;0;6087;6050
0;400;3498;18; ;864036;6123066;864057;6123062;14,7112;55,1202;Sandflugtsvej 18;0;116;0;6087;6050
0;400;3498;20; ;864038;6123048;864055;6123046;14,7112;55,12;Sandflugtsvej 20;0;117;0;6087;6050
0;400;3498;22; ;864038;6123028;864054;6123026;14,7112;55,1198;Sandflugtsvej 22;0;118;0;6087;6050
0;400;3498;24; ;864033;6122997;864051;6122995;14,7111;55,1195;Sandflugtsvej 24;0;119;0;6087;6050
0;400;3498;26; ;864034;6122970;864049;6122968;14,7111;55,1193;Sandflugtsvej 26;0;120;0;6087;6050
0;400;3498;30; ;864030;6122925;864045;6122923;14,7109;55,1189;Sandflugtsvej 30;0;121;0;6087;6050
0;400;3498;34;A;864025;6122882;864041;6122880;14,7108;55,1185;Sandflugtsvej 34A;0;122;0;6087;6050
0;400;3498;34;B;864024;6122863;864040;6122861;14,7108;55,1183;Sandflugtsvej 34B;0;123;0;6087;6050
0;400;3498;36; ;864021;6122838;864038;6122836;14,7107;55,1181;Sandflugtsvej 36;0;124;0;6087;6050
0;400;3498;38; ;864019;6122819;864036;6122817;14,7106;55,118;Sandflugtsvej 38;0;125;0;6087;6050
0;400;3498;40; ;864018;6122798;864034;6122796;14,7106;55,1178;Sandflugtsvej 40;0;126;0;6087;6050
0;400;3498;42; ;864016;6122777;864033;6122775;14,7105;55,1176;Sandflugtsvej 42;0;127;0;6087;6050
0;400;3498;44; ;864015;6122759;864031;6122757;14,7105;55,1174;Sandflugtsvej 44;0;128;0;6087;6050
0;400;3498;46; ;864011;6122733;864029;6122731;14,7104;55,1172;Sandflugtsvej 46;0;129;0;6087;6050
0;400;3498;45; ;864041;6122751;864031;6122751;14,7109;55,1173;Sandflugtsvej 45;0;130;0;6087;6050
0;400;3498;43; ;864043;6122775;864033;6122775;14,711;55,1175;Sandflugtsvej 43;0;131;0;6087;6050
0;400;3498;41; ;864045;6122798;864035;6122798;14,711;55,1177;Sandflugtsvej 41;0;132;0;6087;6050
0;400;3498;39; ;864047;6122820;864036;6122820;14,7111;55,1179;Sandflugtsvej 39;0;133;0;6087;6050
0;400;3498;35; ;864078;6122869;864041;6122872;14,7116;55,1184;Sandflugtsvej 35;0;134;0;6087;6050
0;400;3498;33; ;864051;6122872;864041;6122872;14,7112;55,1184;Sandflugtsvej 33;0;135;0;6087;6050
0;400;3498;31; ;864057;6122929;864046;6122929;14,7114;55,1189;Sandflugtsvej 31;0;136;0;6087;6050
0;400;3498;27; ;864060;6122981;864050;6122981;14,7115;55,1194;Sandflugtsvej 27;0;137;0;6087;6050
0;400;3498;21; ;864069;6123042;864055;6123043;14,7117;55,1199;Sandflugtsvej 21;0;138;0;6087;6050
0;400;3498;19; ;864071;6123062;864057;6123063;14,7118;55,1201;Sandflugtsvej 19;0;139;0;6087;6050
0;400;3498;17; ;864079;6123088;864061;6123090;14,7119;55,1203;Sandflugtsvej 17;0;140;0;6087;6050
0;400;3498;15; ;864074;6123113;864065;6123114;14,7119;55,1205;Sandflugtsvej 15;0;141;0;6087;6050
0;400;3498;13; ;864075;6123120;864066;6123121;14,7119;55,1206;Sandflugtsvej 13;0;142;0;6087;6050
0;400;3498;9; ;864080;6123146;864071;6123147;14,712;55,1208;Sandflugtsvej 9;0;143;0;6087;6050
0;400;3498;7; ;864094;6123159;864074;6123162;14,7122;55,1209;Sandflugtsvej 7;0;144;0;6087;6050
0;400;3498;5; ;864088;6123174;864076;6123175;14,7122;55,1211;Sandflugtsvej 5;0;145;0;6087;6050
0;400;3498;3; ;864095;6123191;864078;6123193;14,7123;55,1212;Sandflugtsvej 3;0;146;0;6087;6050
0;400;2889;4;B;864064;6123257;864070;6123269;14,7119;55,1218;Nordskovvej 4B;0;147;0;6087;6050
0;400;2889;11; ;864089;6123278;864079;6123263;14,7123;55,122;Nordskovvej 11;0;148;0;6087;6050
0;400;2889;9;B;864076;6123298;864061;6123276;14,7121;55,1222;Nordskovvej 9B;0;149;0;6087;6050
0;400;2889;7; ;864037;6123305;864031;6123293;14,7115;55,1223;Nordskovvej 7;0;150;0;6087;6050
0;400;2889;5; ;864016;6123311;864011;6123301;14,7112;55,1224;Nordskovvej 5;0;151;0;6087;6050
1;400;3579;2; ;864167;6122659;864173;6122671;14,7127;55,1164;Sejersvej 2;0;0;0;5975;5975
1;400;3579;4; ;864191;6122657;864192;6122668;14,7131;55,1164;Sejersvej 4;0;1;0;5975;5975
1;400;3579;8; ;864232;6122648;864233;6122663;14,7137;55,1163;Sejersvej 8;0;2;0;5975;5975
1;400;3579;12; ;864292;6122640;864293;6122657;14,7147;55,1162;Sejersvej 12;0;3;0;5975;5975
1;400;3579;14; ;864324;6122640;864325;6122654;14,7152;55,1161;Sejersvej 14;0;4;0;5975;5975
1;400;3579;16; ;864347;6122638;864348;6122651;14,7155;55,1161;Sejersvej 16;0;5;0;5975;5975
1;400;3579;18; ;864370;6122634;864371;6122648;14,7159;55,116;Sejersvej 18;0;6;0;5975;5975
1;400;3579;20; ;864392;6122632;864393;6122645;14,7162;55,116;Sejersvej 20;0;7;0;5975;5975
1;400;3579;22; ;864416;6122628;864417;6122642;14,7166;55,116;Sejersvej 22;0;8;0;5975;5975
1;400;3579;26; ;864462;6122622;864463;6122637;14,7173;55,1159;Sejersvej 26;0;9;0;5975;5975
1;400;3579;28; ;864482;6122621;864483;6122634;14,7176;55,1158;Sejersvej 28;0;10;0;5975;5975
1;400;3579;30; ;864503;6122619;864504;6122632;14,7179;55,1158;Sejersvej 30;0;11;0;5975;5975
1;400;3579;34; ;864558;6122609;864559;6122625;14,7188;55,1157;Sejersvej 34;0;12;0;5975;5975
1;400;3579;36; ;864579;6122608;864580;6122622;14,7191;55,1157;Sejersvej 36;0;13;0;5975;5975
1;400;3579;38; ;864605;6122606;864606;6122619;14,7195;55,1156;Sejersvej 38;0;14;0;5975;5975
1;400;3579;40; ;864628;6122603;864629;6122616;14,7199;55,1156;Sejersvej 40;0;15;0;5975;5975
1;400;879;6; ;864661;6122596;864676;6122594;14,7204;55,1155;Elisabetsvej 6;0;16;0;5975;5975
1;400;879;8; ;864661;6122576;864673;6122574;14,7203;55,1153;Elisabetsvej 8;0;17;0;5975;5975
1;400;879;10; ;864657;6122542;864669;6122540;14,7202;55,115;Elisabetsvej 10;0;18;0;5975;5975
1;400;954;27; ;864627;6122531;864625;6122518;14,7198;55,1149;Eriksvej 27;0;19;0;5975;5975
1;400;954;23; ;864581;6122536;864579;6122524;14,719;55,115;Eriksvej 23;0;20;0;5975;5975
1;400;954;21; ;864558;6122541;864556;6122527;14,7187;55,1151;Eriksvej 21;0;21;0;5975;5975
1;400;954;19; ;864533;6122542;864531;6122530;14,7183;55,1151;Eriksvej 19;0;22;0;5975;5975
1;400;954;17; ;864497;6122547;864495;6122534;14,7177;55,1152;Eriksvej 17;0;23;0;5975;5975
1;400;954;15; ;864471;6122552;864469;6122538;14,7174;55,1152;Eriksvej 15;0;24;0;5975;5975
1;400;954;13; ;864446;6122553;864444;6122541;14,717;55,1153;Eriksvej 13;0;25;0;5975;5975
1;400;954;11; ;864421;6122556;864419;6122544;14,7166;55,1153;Eriksvej 11;0;26;0;5975;5975
1;400;954;9; ;864398;6122560;864396;6122547;14,7162;55,1154;Eriksvej 9;0;27;0;5975;5975
1;400;954;7; ;864367;6122573;864364;6122551;14,7157;55,1155;Eriksvej 7;0;28;0;5975;5975
1;400;954;5; ;864349;6122566;864347;6122553;14,7155;55,1155;Eriksvej 5;0;29;0;5975;5975
1;400;954;3; ;864315;6122587;864300;6122588;14,715;55,1157;Eriksvej 3;0;30;0;5975;5975
1;400;954;4; ;864288;6122594;864300;6122592;14,7145;55,1157;Eriksvej 4;0;31;0;5975;5975
1;400;954;2; ;864245;6122595;864300;6122589;14,7139;55,1158;Eriksvej 2;0;32;0;5975;5975
1;400;954;6; ;864283;6122566;864298;6122571;14,7144;55,1155;Eriksvej 6;0;33;0;5975;5975
1;400;954;8; ;864321;6122543;864322;6122556;14,715;55,1153;Eriksvej 8;0;34;0;5975;5975
1;400;954;10; ;864347;6122540;864348;6122553;14,7154;55,1152;Eriksvej 10;0;35;0;5975;5975
1;400;954;14; ;864395;6122534;864396;6122547;14,7161;55,1151;Eriksvej 14;0;36;0;5975;5975
1;400;954;16; ;864418;6122531;864419;6122544;14,7165;55,1151;Eriksvej 16;0;37;0;5975;5975
1;400;954;18; ;864441;6122528;864442;6122541;14,7169;55,115;Eriksvej 18;0;38;0;5975;5975
1;400;954;20; ;864466;6122525;864467;6122538;14,7172;55,115;Eriksvej 20;0;39;0;5975;5975
1;400;954;22; ;864495;6122517;864497;6122534;14,7177;55,1149;Eriksvej 22;0;40;0;5975;5975
1;400;954;24; ;864526;6122517;864527;6122530;14,7182;55,1149;Eriksvej 24;0;41;0;5975;5975
1;400;954;26; ;864546;6122515;864547;6122528;14,7185;55,1148;Eriksvej 26;0;42;0;5975;5975
1;400;954;28; ;864571;6122513;864572;6122525;14,7189;55,1148;Eriksvej 28;0;43;0;5975;5975
1;400;954;30; ;864597;6122509;864598;6122521;14,7193;55,1148;Eriksvej 30;0;44;0;5975;5975
1;400;3421;10; ;864573;6122466;864544;6122456;14,7188;55,1144;RÊveh¯jen 10;0;45;0;5975;5975
1;400;3421;15; ;864537;6122430;864553;6122438;14,7182;55,1141;RÊveh¯jen 15;0;46;0;5975;5975
1;400;3421;8; ;864572;6122434;864558;6122427;14,7188;55,1141;RÊveh¯jen 8;0;47;0;5975;5975
1;400;3421;6; ;864589;6122410;864571;6122401;14,719;55,1139;RÊveh¯jen 6;0;48;0;5975;5975
1;400;3421;11; ;864565;6122376;864584;6122375;14,7186;55,1136;RÊveh¯jen 11;0;49;0;5975;5975
1;400;3421;9; ;864584;6122339;864596;6122352;14,7188;55,1132;RÊveh¯jen 9;0;50;0;5975;5975
1;400;3421;7; ;864618;6122334;864612;6122352;14,7194;55,1132;RÊveh¯jen 7;0;51;0;5975;5975
1;400;3421;3; ;864649;6122378;864627;6122373;14,7199;55,1136;RÊveh¯jen 3;0;52;0;5975;5975
1;400;3421;1; ;864641;6122409;864620;6122404;14,7198;55,1138;RÊveh¯jen 1;0;53;0;5975;5975
1;400;3421;2; ;864638;6122442;864638;6122430;14,7198;55,1141;RÊveh¯jen 2;0;54;0;5975;5975
1;400;1893;8; ;864749;6122476;864725;6122479;14,7216;55,1144;Karolinevej 8;0;55;0;5975;5975
1;400;1893;10; ;864743;6122510;864729;6122511;14,7215;55,1147;Karolinevej 10;0;56;0;5975;5975
1;400;1893;7; ;864720;6122541;864731;6122521;14,7212;55,115;Karolinevej 7;0;57;0;5975;5975
1;400;1893;5; ;864717;6122517;864730;6122515;14,7211;55,1147;Karolinevej 5;0;58;0;5975;5975
1;400;1893;3; ;864707;6122480;864705;6122465;14,7209;55,1144;Karolinevej 3;0;59;0;5975;5975
1;400;1893;1; ;864686;6122484;864684;6122468;14,7206;55,1145;Karolinevej 1;0;60;0;5975;5975
1;400;879;13; ;864686;6122546;864670;6122547;14,7207;55,115;Elisabetsvej 13;0;61;0;5975;5975
1;400;879;11; ;864688;6122580;864674;6122581;14,7208;55,1153;Elisabetsvej 11;0;62;0;5975;5975
1;400;879;9; ;864724;6122581;864675;6122587;14,7213;55,1153;Elisabetsvej 9;0;63;0;5975;5975
1;400;879;7; ;864690;6122606;864678;6122607;14,7208;55,1156;Elisabetsvej 7;0;64;0;5975;5975
1;400;879;3; ;864699;6122669;864685;6122670;14,721;55,1161;Elisabetsvej 3;0;65;0;5975;5975
1;400;2982;47; ;864700;6122741;864691;6122716;14,7212;55,1168;N¯rre L¯kke 47;0;66;0;5975;5975
1;400;2982;45; ;864675;6122732;864673;6122718;14,7208;55,1167;N¯rre L¯kke 45;0;67;0;5975;5975
1;400;2982;43; ;864655;6122741;864652;6122720;14,7205;55,1168;N¯rre L¯kke 43;0;68;0;5975;5975
1;400;2982;41; ;864632;6122738;864630;6122723;14,7201;55,1168;N¯rre L¯kke 41;0;69;0;5975;5975
1;400;2982;39; ;864612;6122744;864609;6122726;14,7198;55,1168;N¯rre L¯kke 39;0;70;0;5975;5975
1;400;2982;35; ;864568;6122750;864565;6122731;14,7191;55,1169;N¯rre L¯kke 35;0;71;0;5975;5975
1;400;2982;33; ;864544;6122749;864542;6122734;14,7187;55,1169;N¯rre L¯kke 33;0;72;0;5975;5975
1;400;2982;31; ;864517;6122751;864515;6122737;14,7183;55,117;N¯rre L¯kke 31;0;73;0;5975;5975
1;400;2982;27; ;864479;6122760;864476;6122742;14,7177;55,1171;N¯rre L¯kke 27;0;74;0;5975;5975
1;400;2982;25; ;864456;6122762;864453;6122745;14,7174;55,1171;N¯rre L¯kke 25;0;75;0;5975;5975
1;400;2982;21; ;864407;6122767;864405;6122751;14,7166;55,1172;N¯rre L¯kke 21;0;76;0;5975;5975
1;400;2982;19; ;864389;6122770;864386;6122753;14,7163;55,1172;N¯rre L¯kke 19;0;77;0;5975;5975
1;400;2982;17; ;864369;6122799;864363;6122756;14,7161;55,1175;N¯rre L¯kke 17;0;78;0;5975;5975
1;400;2982;15; ;864343;6122788;864339;6122759;14,7156;55,1174;N¯rre L¯kke 15;0;79;0;5975;5975
1;400;2982;13; ;864319;6122799;864314;6122762;14,7153;55,1176;N¯rre L¯kke 13;0;80;0;5975;5975
1;400;2982;11; ;864290;6122801;864285;6122766;14,7148;55,1176;N¯rre L¯kke 11;0;81;0;5975;5975
1;400;2982;9; ;864268;6122781;864266;6122768;14,7145;55,1174;N¯rre L¯kke 9;0;82;0;5975;5975
1;400;684;1;B;864212;6122758;864168;6122773;14,7136;55,1173;Christians Plads 1B;0;83;0;5975;5975
1;400;684;1;C;864222;6122757;864168;6122773;14,7137;55,1173;Christians Plads 1C;0;84;0;5975;5975
1;400;684;1;A;864203;6122759;864168;6122773;14,7134;55,1173;Christians Plads 1A;0;85;0;5975;5975
1;400;684;3;D;864229;6122734;864160;6122742;14,7138;55,117;Christians Plads 3D;0;86;0;5975;5975
1;400;684;3;C;864221;6122735;864160;6122742;14,7137;55,1171;Christians Plads 3C;0;87;0;5975;5975
1;400;684;3;B;864215;6122736;864160;6122743;14,7136;55,1171;Christians Plads 3B;0;88;0;5975;5975
1;400;684;5;D;864227;6122719;864158;6122727;14,7138;55,1169;Christians Plads 5D;0;89;0;5975;5975
1;400;684;3;A;864209;6122737;864160;6122741;14,7135;55,1171;Christians Plads 3A;0;90;0;5975;5975
1;400;684;5;C;864220;6122720;864158;6122727;14,7136;55,1169;Christians Plads 5C;0;91;0;5975;5975
1;400;684;5;B;864214;6122720;864158;6122726;14,7136;55,1169;Christians Plads 5B;0;92;0;5975;5975
1;400;684;5;A;864208;6122720;864158;6122725;14,7135;55,1169;Christians Plads 5A;0;93;0;5975;5975
1;400;333;50; ;864094;6122749;864111;6122747;14,7117;55,1173;Blykobbevej 50;0;94;0;5975;5975
1;400;333;52; ;864092;6122728;864109;6122726;14,7117;55,1171;Blykobbevej 52;0;95;0;5975;5975
1;400;4503;2; ;864086;6122705;864081;6122682;14,7115;55,1169;Tj¯rnevej 2;0;96;0;5975;5975
1;400;4503;4; ;864061;6122701;864058;6122686;14,7111;55,1169;Tj¯rnevej 4;0;97;0;5975;5975
1;400;4503;8; ;864006;6122705;864005;6122692;14,7103;55,1169;Tj¯rnevej 8;0;98;0;5975;5975
1;400;1557;2; ;863943;6122712;863926;6122714;14,7093;55,1171;Hestel¯kken 2;0;99;0;5975;5975
1;400;1557;4; ;863945;6122733;863931;6122736;14,7094;55,1172;Hestel¯kken 4;0;100;0;5975;5975
1;400;1557;6; ;863951;6122754;863935;6122757;14,7095;55,1174;Hestel¯kken 6;0;101;0;5975;5975
1;400;1557;8; ;863953;6122774;863938;6122767;14,7095;55,1176;Hestel¯kken 8;0;102;0;5975;5975
1;400;1557;10; ;863956;6122790;863938;6122767;14,7096;55,1177;Hestel¯kken 10;0;103;0;5975;5975
1;400;1557;9; ;863930;6122799;863938;6122767;14,7092;55,1178;Hestel¯kken 9;0;104;0;5975;5975
1;400;1557;7; ;863927;6122780;863938;6122767;14,7092;55,1177;Hestel¯kken 7;0;105;0;5975;5975
1;400;1557;5; ;863924;6122758;863935;6122755;14,7091;55,1175;Hestel¯kken 5;0;106;0;5975;5975
1;400;1557;3; ;863919;6122735;863930;6122732;14,709;55,1173;Hestel¯kken 3;0;107;0;5975;5975
1;400;1557;1; ;863915;6122714;863926;6122712;14,7089;55,1171;Hestel¯kken 1;0;108;0;5975;5975
1;400;4503;10; ;863857;6122711;863856;6122699;14,708;55,1171;Tj¯rnevej 10;0;109;0;5975;5975
1;400;4503;12; ;863831;6122713;863830;6122700;14,7076;55,1171;Tj¯rnevej 12;0;110;0;5975;5975
1;400;4503;14; ;863806;6122713;863805;6122701;14,7072;55,1172;Tj¯rnevej 14;0;111;0;5975;5975
1;400;4503;16; ;863781;6122715;863780;6122702;14,7068;55,1172;Tj¯rnevej 16;0;112;0;5975;5975
1;400;1428;76; ;863744;6122761;863723;6122762;14,7063;55,1176;Haslevej 76;0;113;0;5975;5975
1;400;1428;78; ;863776;6122761;863723;6122764;14,7068;55,1176;Haslevej 78;0;114;0;5975;5975
1;400;1428;74; ;863741;6122732;863722;6122731;14,7062;55,1174;Haslevej 74;0;115;0;5975;5975
1;400;4503;27; ;863782;6122687;863782;6122702;14,7068;55,1169;Tj¯rnevej 27;0;116;0;5975;5975
1;400;4503;25; ;863807;6122689;863807;6122701;14,7072;55,1169;Tj¯rnevej 25;0;117;0;5975;5975
1;400;4503;23; ;863831;6122687;863831;6122700;14,7075;55,1169;Tj¯rnevej 23;0;118;0;5975;5975
1;400;4503;19; ;863877;6122679;863877;6122698;14,7082;55,1168;Tj¯rnevej 19;0;119;0;5975;5975
1;400;4503;17; ;863899;6122684;863899;6122697;14,7086;55,1168;Tj¯rnevej 17;0;120;0;5975;5975
1;400;4503;15; ;863925;6122683;863925;6122695;14,709;55,1168;Tj¯rnevej 15;0;121;0;5975;5975
1;400;4503;13; ;863947;6122682;863947;6122694;14,7093;55,1168;Tj¯rnevej 13;0;122;0;5975;5975
1;400;4503;11; ;863972;6122681;863972;6122693;14,7097;55,1168;Tj¯rnevej 11;0;123;0;5975;5975
1;400;4503;9; ;863992;6122679;863992;6122692;14,71;55,1167;Tj¯rnevej 9;0;124;0;5975;5975
1;400;4503;7; ;864015;6122677;864015;6122691;14,7104;55,1167;Tj¯rnevej 7;0;125;0;5975;5975
1;400;4503;5; ;864037;6122676;864038;6122689;14,7107;55,1167;Tj¯rnevej 5;0;126;0;5975;5975
1;400;4503;3; ;864058;6122673;864060;6122686;14,7111;55,1166;Tj¯rnevej 3;0;127;0;5975;5975
1;400;4503;1; ;864081;6122669;864083;6122681;14,7114;55,1166;Tj¯rnevej 1;0;128;0;5975;5975
1;400;333;55; ;864114;6122649;864103;6122649;14,7119;55,1164;Blykobbevej 55;0;129;0;5975;5975
1;400;333;51; ;864116;6122676;864105;6122676;14,712;55,1166;Blykobbevej 51;0;130;0;5975;5975
1;400;333;47; ;864117;6122725;864109;6122725;14,712;55,117;Blykobbevej 47;0;131;0;5975;5975
1;400;2622;4; ;864181;6122821;864182;6122832;14,7132;55,1179;Markvejen 4;0;132;0;5975;5975
1;400;2622;6; ;864186;6122820;864187;6122831;14,7132;55,1178;Markvejen 6;0;133;0;5975;5975
1;400;2622;10; ;864196;6122819;864197;6122830;14,7134;55,1178;Markvejen 10;0;134;0;5975;5975
1;400;2622;12; ;864202;6122818;864203;6122829;14,7135;55,1178;Markvejen 12;0;135;0;5975;5975
1;400;2622;16; ;864213;6122817;864214;6122828;14,7137;55,1178;Markvejen 16;0;136;0;5975;5975
1;400;2622;18; ;864218;6122816;864219;6122827;14,7137;55,1178;Markvejen 18;0;137;0;5975;5975
1;400;2622;20; ;864223;6122815;864224;6122827;14,7138;55,1178;Markvejen 20;0;138;0;5975;5975
1;400;2622;22; ;864231;6122814;864232;6122826;14,7139;55,1178;Markvejen 22;0;139;0;5975;5975
1;400;4200;3; ;864230;6122795;864241;6122794;14,7139;55,1176;Strandl¯kken 3;0;140;0;5975;5975
1;400;4200;1; ;864229;6122784;864240;6122783;14,7139;55,1175;Strandl¯kken 1;0;141;0;5975;5975
1;400;4200;2; ;864261;6122814;864242;6122815;14,7144;55,1177;Strandl¯kken 2;0;142;0;5975;5975
1;400;2982;2;B;864253;6122757;864254;6122770;14,7142;55,1172;N¯rre L¯kke 2B;0;143;0;5975;5975
1;400;2982;4; ;864276;6122754;864277;6122767;14,7146;55,1172;N¯rre L¯kke 4;0;144;0;5975;5975
1;400;2982;6; ;864297;6122751;864298;6122764;14,7149;55,1171;N¯rre L¯kke 6;0;145;0;5975;5975
1;400;2982;8; ;864326;6122740;864328;6122760;14,7153;55,117;N¯rre L¯kke 8;0;146;0;5975;5975
1;400;2982;10; ;864345;6122744;864346;6122758;14,7156;55,117;N¯rre L¯kke 10;0;147;0;5975;5975
1;400;2982;12; ;864371;6122741;864372;6122755;14,716;55,117;N¯rre L¯kke 12;0;148;0;5975;5975
1;400;2982;14; ;864392;6122740;864393;6122752;14,7163;55,117;N¯rre L¯kke 14;0;149;0;5975;5975
1;400;2982;16; ;864419;6122735;864420;6122749;14,7168;55,1169;N¯rre L¯kke 16;0;150;0;5975;5975
1;400;2982;18; ;864444;6122734;864445;6122746;14,7172;55,1169;N¯rre L¯kke 18;0;151;0;5975;5975
1;400;2982;20; ;864467;6122731;864468;6122743;14,7175;55,1168;N¯rre L¯kke 20;0;152;0;5975;5975
1;400;2982;26; ;864542;6122722;864543;6122734;14,7187;55,1167;N¯rre L¯kke 26;0;153;0;5975;5975
1;400;2982;28; ;864565;6122716;864566;6122731;14,719;55,1166;N¯rre L¯kke 28;0;154;0;5975;5975
1;400;2982;30; ;864587;6122716;864588;6122728;14,7194;55,1166;N¯rre L¯kke 30;0;155;0;5975;5975
1;400;2982;32; ;864611;6122713;864612;6122725;14,7197;55,1166;N¯rre L¯kke 32;0;156;0;5975;5975
1;400;2982;34; ;864630;6122709;864631;6122723;14,72;55,1165;N¯rre L¯kke 34;0;157;0;5975;5975
1;400;2982;36; ;864656;6122701;864658;6122720;14,7204;55,1164;N¯rre L¯kke 36;0;158;0;5975;5975
1;400;2982;40; ;864711;6122706;864691;6122716;14,7213;55,1164;N¯rre L¯kke 40;0;159;0;5975;5975
1;400;3579;35; ;864646;6122627;864644;6122614;14,7202;55,1158;Sejersvej 35;0;160;0;5975;5975
1;400;3579;33; ;864623;6122630;864621;6122617;14,7198;55,1158;Sejersvej 33;0;161;0;5975;5975
1;400;3579;31; ;864602;6122633;864600;6122620;14,7195;55,1159;Sejersvej 31;0;162;0;5975;5975
1;400;3579;29; ;864579;6122636;864577;6122623;14,7191;55,1159;Sejersvej 29;0;163;0;5975;5975
1;400;3579;27; ;864555;6122638;864553;6122626;14,7188;55,1159;Sejersvej 27;0;164;0;5975;5975
1;400;3579;25; ;864535;6122641;864533;6122628;14,7185;55,116;Sejersvej 25;0;165;0;5975;5975
1;400;3579;23; ;864508;6122645;864506;6122631;14,718;55,116;Sejersvej 23;0;166;0;5975;5975
1;400;3579;21; ;864483;6122660;864479;6122635;14,7177;55,1162;Sejersvej 21;0;167;0;5975;5975
1;400;3579;19; ;864455;6122658;864452;6122638;14,7172;55,1162;Sejersvej 19;0;168;0;5975;5975
1;400;3579;15; ;864410;6122670;864406;6122644;14,7165;55,1163;Sejersvej 15;0;169;0;5975;5975
1;400;3579;11; ;864368;6122675;864364;6122649;14,7159;55,1164;Sejersvej 11;0;170;0;5975;5975
1;400;3579;9; ;864344;6122684;864340;6122652;14,7155;55,1165;Sejersvej 9;0;171;0;5975;5975
1;400;3579;7; ;864317;6122675;864314;6122655;14,7151;55,1164;Sejersvej 7;0;172;0;5975;5975
1;400;3579;5; ;864292;6122686;864290;6122657;14,7147;55,1166;Sejersvej 5;0;173;0;5975;5975
1;400;3579;3; ;864273;6122691;864270;6122659;14,7144;55,1166;Sejersvej 3;0;174;0;5975;5975
1;400;3579;1; ;864247;6122703;864241;6122662;14,7141;55,1168;Sejersvej 1;0;175;0;5975;5975
1;400;684;7; ;864191;6122691;864173;6122671;14,7132;55,1167;Christians Plads 7;1;176;0;5975;5975
2;400;1428;51; ;863680;6122366;863703;6122362;14,7048;55,1141;Haslevej 51;0;0;0;5395;5375
2;400;1428;47; ;863673;6122340;863699;6122336;14,7046;55,1139;Haslevej 47;0;1;0;5395;5375
2;400;1428;43; ;863672;6122317;863694;6122305;14,7046;55,1137;Haslevej 43;0;2;0;5395;5375
2;400;1491;2; ;863636;6122320;863633;6122307;14,704;55,1138;Havstien 2;0;3;0;5395;5375
2;400;1491;4; ;863582;6122326;863588;6122313;14,7032;55,1139;Havstien 4;0;4;0;5395;5375
2;400;1491;9; ;863549;6122289;863560;6122286;14,7026;55,1136;Havstien 9;0;5;0;5395;5375
2;400;1491;1; ;863640;6122296;863641;6122305;14,7041;55,1136;Havstien 1;0;6;0;5395;5375
2;400;1428;39; ;863674;6122290;863691;6122287;14,7046;55,1135;Haslevej 39;0;7;0;5395;5375
2;400;1428;35; ;863671;6122273;863689;6122270;14,7045;55,1133;Haslevej 35;0;8;0;5395;5375
2;400;1428;33; ;863669;6122263;863687;6122260;14,7045;55,1132;Haslevej 33;0;9;0;5395;5375
2;400;1428;29; ;863665;6122244;863685;6122241;14,7044;55,1131;Haslevej 29;0;10;0;5395;5375
2;400;1428;27; ;863664;6122238;863684;6122235;14,7044;55,113;Haslevej 27;0;11;0;5395;5375
2;400;1428;25; ;863663;6122228;863682;6122225;14,7043;55,1129;Haslevej 25;0;12;0;5395;5375
2;400;1428;7; ;863648;6122078;863662;6122076;14,7039;55,1116;Haslevej 7;0;13;0;5395;5375
2;400;1428;5; ;863638;6122063;863660;6122059;14,7037;55,1115;Haslevej 5;0;14;0;5395;5375
2;400;1428;3; ;863638;6122048;863658;6122045;14,7037;55,1113;Haslevej 3;0;15;0;5395;5375
2;400;1428;2;C;863682;6122093;863661;6122069;14,7044;55,1117;Haslevej 2C;0;16;0;5395;5375
2;400;1428;4; ;863685;6122116;863668;6122118;14,7045;55,1119;Haslevej 4;0;17;0;5395;5375
2;400;1428;6; ;863686;6122126;863669;6122128;14,7046;55,112;Haslevej 6;0;18;0;5395;5375
2;400;1428;8; ;863688;6122141;863671;6122143;14,7046;55,1121;Haslevej 8;0;19;0;5395;5375
2;400;1428;12; ;863696;6122170;863675;6122172;14,7048;55,1124;Haslevej 12;0;20;0;5395;5375
2;400;1428;12;A;863696;6122191;863678;6122193;14,7048;55,1126;Haslevej 12A;0;21;0;5395;5375
2;400;1428;14; ;863699;6122203;863680;6122205;14,7048;55,1127;Haslevej 14;0;22;0;5395;5375
2;400;1428;18; ;863705;6122252;863687;6122254;14,705;55,1131;Haslevej 18;0;23;0;5395;5375
2;400;1428;20; ;863706;6122259;863688;6122261;14,705;55,1132;Haslevej 20;0;24;0;5395;5375
2;400;1428;22; ;863708;6122271;863689;6122273;14,7051;55,1133;Haslevej 22;0;25;0;5395;5375
2;400;1428;28;A;863765;6122317;863762;6122296;14,706;55,1137;Haslevej 28A;0;26;0;5395;5375
2;400;1428;28; ;863714;6122309;863713;6122303;14,7052;55,1136;Haslevej 28;0;27;0;5395;5375
2;400;1428;30; ;863719;6122329;863698;6122332;14,7053;55,1138;Haslevej 30;0;28;0;5395;5375
2;400;1428;36; ;863725;6122374;863705;6122376;14,7055;55,1142;Haslevej 36;0;29;0;5395;5375
2;400;1428;38; ;863725;6122388;863707;6122390;14,7055;55,1143;Haslevej 38;0;30;0;5395;5375
2;400;1428;42; ;863730;6122419;863711;6122421;14,7056;55,1146;Haslevej 42;0;31;0;5395;5375
2;400;1428;44; ;863731;6122427;863712;6122429;14,7056;55,1147;Haslevej 44;0;32;0;5395;5375
2;400;1428;48; ;863741;6122476;863719;6122479;14,7059;55,1151;Haslevej 48;0;33;0;5395;5375
2;400;1428;50;B;863804;6122509;863724;6122517;14,7069;55,1153;Haslevej 50B;0;34;0;5395;5375
2;400;1428;52;A;863771;6122502;863723;6122509;14,7064;55,1153;Haslevej 52A;0;35;0;5395;5375
2;400;1428;52;B;863745;6122511;863723;6122513;14,706;55,1154;Haslevej 52B;0;36;0;5395;5375
2;400;1428;54; ;863746;6122531;863724;6122531;14,706;55,1156;Haslevej 54;0;37;0;5395;5375
2;400;1428;58; ;863747;6122556;863725;6122555;14,7061;55,1158;Haslevej 58;0;38;0;5395;5375
2;400;1428;60; ;863745;6122567;863725;6122566;14,706;55,1159;Haslevej 60;0;39;0;5395;5375
2;400;1428;62; ;863743;6122589;863724;6122588;14,706;55,1161;Haslevej 62;0;40;0;5395;5375
2;400;1428;64; ;863746;6122612;863724;6122611;14,7061;55,1163;Haslevej 64;0;41;0;5395;5375
2;400;1428;66; ;863744;6122640;863723;6122639;14,7061;55,1166;Haslevej 66;0;42;0;5395;5375
2;400;1428;101; ;863730;6122839;863741;6122834;14,7062;55,1183;Haslevej 101;0;43;0;5395;5375
2;400;111;9; ;863458;6122813;863466;6122845;14,7019;55,1183;Antoinettevej 9;0;44;0;5395;5375
2;400;111;3; ;863500;6122817;863504;6122836;14,7025;55,1183;Antoinettevej 3;0;45;0;5395;5375
2;400;1428;87; ;863695;6122767;863723;6122764;14,7055;55,1177;Haslevej 87;0;46;0;5395;5375
2;400;1428;85;A;863693;6122754;863722;6122751;14,7055;55,1176;Haslevej 85A;0;47;0;5395;5375
2;400;1428;83; ;863672;6122748;863722;6122745;14,7051;55,1176;Haslevej 83;0;48;0;5395;5375
2;400;1428;81; ;863708;6122716;863722;6122716;14,7057;55,1173;Haslevej 81;0;49;0;5395;5375
2;400;2538;6; ;863659;6122712;863656;6122703;14,7049;55,1173;LÊrkevej 6;0;50;0;5395;5375
2;400;2538;8; ;863642;6122715;863640;6122707;14,7046;55,1173;LÊrkevej 8;0;51;0;5395;5375
2;400;279;2; ;863629;6122753;863618;6122754;14,7045;55,1176;Birkevej 2;0;52;0;5395;5375
2;400;279;4; ;863632;6122768;863621;6122769;14,7045;55,1178;Birkevej 4;0;53;0;5395;5375
2;400;279;6; ;863638;6122781;863623;6122778;14,7046;55,1179;Birkevej 6;0;54;0;5395;5375
2;400;279;7; ;863613;6122787;863623;6122778;14,7043;55,118;Birkevej 7;0;55;0;5395;5375
2;400;279;5; ;863613;6122772;863621;6122770;14,7042;55,1178;Birkevej 5;0;56;0;5395;5375
2;400;279;3; ;863610;6122757;863618;6122755;14,7042;55,1177;Birkevej 3;0;57;0;5395;5375
2;400;279;1; ;863602;6122726;863613;6122723;14,704;55,1174;Birkevej 1;0;58;0;5395;5375
2;400;2538;16; ;863550;6122736;863548;6122728;14,7032;55,1176;LÊrkevej 16;0;59;0;5395;5375
2;400;1101;4; ;863552;6122784;863544;6122785;14,7033;55,118;Fyrrevej 4;0;60;0;5395;5375
2;400;1101;6; ;863558;6122798;863546;6122794;14,7034;55,1181;Fyrrevej 6;0;61;0;5395;5375
2;400;1101;3; ;863534;6122788;863545;6122786;14,703;55,118;Fyrrevej 3;0;62;0;5395;5375
2;400;2538;18; ;863523;6122741;863521;6122735;14,7028;55,1176;LÊrkevej 18;0;63;0;5395;5375
2;400;2538;31; ;863464;6122763;863511;6122762;14,7019;55,1179;LÊrkevej 31;0;64;0;5395;5375
2;400;2538;29; ;863480;6122745;863512;6122747;14,7021;55,1177;LÊrkevej 29;0;65;0;5395;5375
2;400;2538;27; ;863485;6122730;863512;6122737;14,7022;55,1176;LÊrkevej 27;0;66;0;5395;5375
2;400;2538;25; ;863489;6122712;863512;6122737;14,7022;55,1174;LÊrkevej 25;0;67;0;5395;5375
2;400;2538;21; ;863528;6122719;863531;6122733;14,7029;55,1174;LÊrkevej 21;0;68;0;5395;5375
2;400;2538;19; ;863544;6122716;863547;6122729;14,7031;55,1174;LÊrkevej 19;0;69;0;5395;5375
2;400;2538;13; ;863591;6122706;863593;6122718;14,7038;55,1173;LÊrkevej 13;0;70;0;5395;5375
2;400;2538;7; ;863638;6122696;863640;6122707;14,7045;55,1171;LÊrkevej 7;0;71;0;5395;5375
2;400;2538;5; ;863653;6122693;863655;6122703;14,7048;55,1171;LÊrkevej 5;0;72;0;5395;5375
2;400;2538;3; ;863668;6122689;863670;6122700;14,705;55,1171;LÊrkevej 3;0;73;0;5395;5375
2;400;2538;1; ;863684;6122688;863685;6122698;14,7052;55,117;LÊrkevej 1;0;74;0;5395;5375
2;400;1428;79; ;863706;6122678;863723;6122678;14,7056;55,1169;Haslevej 79;0;75;0;5395;5375
2;400;1428;77; ;863706;6122662;863723;6122662;14,7055;55,1168;Haslevej 77;0;76;0;5395;5375
2;400;1428;73; ;863705;6122618;863724;6122618;14,7055;55,1164;Haslevej 73;0;77;0;5395;5375
2;400;1071;13; ;863655;6122622;863648;6122604;14,7047;55,1165;Frydenlundsvej 13;0;78;0;5395;5375
2;400;1071;11; ;863629;6122629;863624;6122610;14,7043;55,1165;Frydenlundsvej 11;0;79;0;5395;5375
2;400;1071;9; ;863604;6122634;863599;6122615;14,7039;55,1166;Frydenlundsvej 9;0;80;0;5395;5375
2;400;1071;7; ;863584;6122641;863579;6122621;14,7036;55,1167;Frydenlundsvej 7;0;81;0;5395;5375
2;400;1071;3;C;863489;6122692;863534;6122632;14,7022;55,1172;Frydenlundsvej 3C;0;82;0;5395;5375
2;400;1071;2; ;863540;6122611;863544;6122629;14,7029;55,1164;Frydenlundsvej 2;0;83;0;5395;5375
2;400;1071;4; ;863577;6122608;863580;6122620;14,7035;55,1164;Frydenlundsvej 4;0;84;0;5395;5375
2;400;1071;6; ;863595;6122604;863598;6122616;14,7037;55,1163;Frydenlundsvej 6;0;85;0;5395;5375
2;400;1071;10; ;863636;6122597;863638;6122606;14,7044;55,1162;Frydenlundsvej 10;0;86;0;5395;5375
2;400;1071;14; ;863696;6122584;863698;6122592;14,7053;55,1161;Frydenlundsvej 14;0;87;0;5395;5375
2;400;759;2; ;863659;6122546;863656;6122531;14,7047;55,1158;DovreÂsvej 2;0;88;0;5395;5375
2;400;759;4; ;863624;6122555;863620;6122538;14,7041;55,1159;DovreÂsvej 4;0;89;0;5395;5375
2;400;759;6; ;863585;6122558;863582;6122545;14,7035;55,1159;DovreÂsvej 6;0;90;0;5395;5375
2;400;759;5; ;863583;6122542;863583;6122545;14,7035;55,1158;DovreÂsvej 5;0;91;0;5395;5375
2;400;759;1; ;863662;6122525;863663;6122530;14,7047;55,1156;DovreÂsvej 1;0;92;0;5395;5375
2;400;1428;67; ;863697;6122519;863723;6122516;14,7052;55,1155;Haslevej 67;0;93;0;5395;5375
2;400;1626;2; ;863635;6122507;863633;6122497;14,7042;55,1154;Hvide Odde Vej 2;0;94;0;5395;5375
2;400;1626;4; ;863547;6122522;863595;6122505;14,7029;55,1157;Hvide Odde Vej 4;0;95;0;5395;5375
2;400;1428;63; ;863689;6122476;863718;6122471;14,7051;55,1151;Haslevej 63;0;96;0;5395;5375
2;400;4368;2; ;863642;6122482;863640;6122472;14,7043;55,1152;S¯lunden 2;0;97;0;5395;5375
2;400;4368;4; ;863601;6122497;863597;6122481;14,7037;55,1154;S¯lunden 4;0;98;0;5395;5375
2;400;4368;6; ;863554;6122506;863572;6122486;14,703;55,1155;S¯lunden 6;0;99;0;5395;5375
2;400;4368;5; ;863565;6122483;863572;6122486;14,7031;55,1153;S¯lunden 5;0;100;0;5395;5375
2;400;4368;1; ;863622;6122459;863625;6122475;14,704;55,115;S¯lunden 1;0;101;0;5395;5375
2;400;1428;61; ;863690;6122454;863715;6122450;14,705;55,1149;Haslevej 61;0;102;0;5395;5375
2;400;1428;59; ;863687;6122440;863713;6122436;14,705;55,1148;Haslevej 59;0;103;0;5395;5375
2;400;4428;2; ;863647;6122430;863652;6122421;14,7043;55,1148;S¯stien 2;0;104;0;5395;5375
2;400;4428;4; ;863574;6122445;863652;6122421;14,7032;55,1149;S¯stien 4;0;105;0;5395;5375
2;400;4428;1; ;863564;6122435;863652;6122421;14,703;55,1149;S¯stien 1;0;106;0;5395;5375
2;400;1428;55; ;863683;6122409;863709;6122405;14,7049;55,1145;Haslevej 55;0;107;0;5395;5375
2;400;48;2; ;863655;6122396;863652;6122373;14,7044;55,1144;Ahlstrandsvej 2;0;108;0;5395;5375
2;400;48;4; ;863631;6122392;863629;6122375;14,704;55,1144;Ahlstrandsvej 4;0;109;0;5395;5375
2;400;48;6; ;863609;6122399;863607;6122377;14,7037;55,1145;Ahlstrandsvej 6;0;110;0;5395;5375
2;400;48;8; ;863579;6122407;863596;6122378;14,7032;55,1146;Ahlstrandsvej 8;0;111;0;5395;5375
3;400;1176;49; ;863848;6122402;863861;6122395;14,7074;55,1144;Gartnervangen 49;0;0;0;1900;1886
3;400;1176;41; ;863855;6122436;863876;6122425;14,7076;55,1147;Gartnervangen 41;0;1;0;1900;1886
3;400;1176;43; ;863854;6122429;863873;6122419;14,7076;55,1146;Gartnervangen 43;0;2;0;1900;1886
3;400;1176;47; ;863852;6122412;863866;6122405;14,7075;55,1144;Gartnervangen 47;0;3;0;1900;1886
3;400;1176;51; ;863840;6122409;863862;6122398;14,7073;55,1144;Gartnervangen 51;0;4;0;1900;1886
3;400;1176;53; ;863834;6122410;863862;6122396;14,7072;55,1144;Gartnervangen 53;0;5;0;1900;1886
3;400;1176;59; ;863814;6122413;863859;6122391;14,7069;55,1145;Gartnervangen 59;0;6;0;1900;1886
3;400;1176;63; ;863798;6122409;863855;6122381;14,7067;55,1145;Gartnervangen 63;0;7;0;1900;1886
3;400;1176;65; ;863797;6122418;863858;6122388;14,7067;55,1145;Gartnervangen 65;0;8;0;1900;1886
3;400;1176;67; ;863798;6122427;863862;6122396;14,7067;55,1146;Gartnervangen 67;0;9;0;1900;1886
3;400;1176;69; ;863799;6122435;863865;6122403;14,7067;55,1147;Gartnervangen 69;0;10;0;1900;1886
3;400;1176;71; ;863800;6122443;863868;6122410;14,7067;55,1148;Gartnervangen 71;0;11;0;1900;1886
3;400;1176;73; ;863871;6122454;863885;6122448;14,7079;55,1148;Gartnervangen 73;0;12;0;1900;1886
3;400;1176;79; ;863880;6122510;863901;6122506;14,7081;55,1153;Gartnervangen 79;0;13;0;1900;1886
3;400;1176;83; ;863892;6122539;863904;6122538;14,7083;55,1155;Gartnervangen 83;0;14;0;1900;1886
3;400;4344;3; ;863870;6122577;863870;6122587;14,708;55,1159;Syrenvej 3;0;15;0;1900;1886
3;400;4344;9; ;863845;6122578;863845;6122588;14,7076;55,1159;Syrenvej 9;0;16;0;1900;1886
3;400;4344;11; ;863824;6122573;863808;6122573;14,7073;55,1159;Syrenvej 11;0;17;0;1900;1886
3;400;4344;13; ;863823;6122543;863807;6122543;14,7072;55,1156;Syrenvej 13;0;18;0;1900;1886
3;400;4344;15; ;863804;6122541;863807;6122540;14,7069;55,1156;Syrenvej 15;0;19;0;1900;1886
3;400;4344;16; ;863801;6122567;863808;6122566;14,7069;55,1159;Syrenvej 16;0;20;0;1900;1886
3;400;4344;14; ;863802;6122589;863809;6122588;14,707;55,1161;Syrenvej 14;0;21;0;1900;1886
3;400;4344;10; ;863813;6122611;863812;6122589;14,7072;55,1163;Syrenvej 10;0;22;0;1900;1886
3;400;4344;8; ;863833;6122606;863832;6122588;14,7075;55,1162;Syrenvej 8;0;23;0;1900;1886
3;400;4344;6; ;863853;6122608;863852;6122588;14,7078;55,1162;Syrenvej 6;0;24;0;1900;1886
3;400;4344;4; ;863873;6122607;863872;6122587;14,7081;55,1162;Syrenvej 4;0;25;0;1900;1886
3;400;4344;2; ;863892;6122605;863891;6122586;14,7084;55,1161;Syrenvej 2;0;26;0;1900;1886
3;400;3852;9; ;863944;6122623;863940;6122583;14,7092;55,1163;SlÂenvej 9;0;27;0;1900;1886
3;400;3852;7; ;863943;6122617;863939;6122583;14,7092;55,1162;SlÂenvej 7;0;28;0;1900;1886
3;400;3852;3; ;863940;6122604;863938;6122583;14,7091;55,1161;SlÂenvej 3;0;29;0;1900;1886
3;400;3852;1; ;863939;6122598;863937;6122583;14,7091;55,116;SlÂenvej 1;0;30;0;1900;1886
3;400;3852;11; ;863974;6122599;863973;6122581;14,7097;55,116;SlÂenvej 11;0;31;0;1900;1886
3;400;3852;13; ;863975;6122604;863974;6122581;14,7097;55,1161;SlÂenvej 13;0;32;0;1900;1886
3;400;3852;15; ;863976;6122610;863975;6122581;14,7097;55,1161;SlÂenvej 15;0;33;0;1900;1886
3;400;3852;17; ;863977;6122615;863975;6122581;14,7097;55,1162;SlÂenvej 17;0;34;0;1900;1886
3;400;3852;19; ;863978;6122621;863976;6122581;14,7097;55,1162;SlÂenvej 19;0;35;0;1900;1886
3;400;3852;21; ;864007;6122597;864005;6122580;14,7102;55,116;SlÂenvej 21;0;36;0;1900;1886
3;400;3852;23; ;864009;6122603;864007;6122579;14,7102;55,116;SlÂenvej 23;0;37;0;1900;1886
3;400;3852;25; ;864010;6122608;864007;6122579;14,7102;55,1161;SlÂenvej 25;0;38;0;1900;1886
3;400;3852;27; ;864011;6122614;864008;6122579;14,7103;55,1161;SlÂenvej 27;0;39;0;1900;1886
3;400;3852;29; ;864013;6122619;864010;6122579;14,7103;55,1162;SlÂenvej 29;0;40;0;1900;1886
3;400;3852;31; ;864041;6122592;864039;6122577;14,7107;55,1159;SlÂenvej 31;0;41;0;1900;1886
3;400;3852;37; ;864045;6122610;864040;6122577;14,7108;55,1161;SlÂenvej 37;0;42;0;1900;1886
3;400;3852;33; ;864043;6122598;864039;6122577;14,7107;55,116;SlÂenvej 33;0;43;0;1900;1886
3;400;3852;35; ;864044;6122603;864040;6122577;14,7107;55,116;SlÂenvej 35;0;44;0;1900;1886
3;400;3852;39; ;864047;6122616;864041;6122577;14,7108;55,1161;SlÂenvej 39;0;45;0;1900;1886
3;400;3852;45; ;864076;6122598;864070;6122572;14,7112;55,1159;SlÂenvej 45;0;46;0;1900;1886
3;400;3852;43; ;864075;6122592;864070;6122572;14,7112;55,1159;SlÂenvej 43;0;47;0;1900;1886
3;400;3852;47; ;864077;6122603;864070;6122572;14,7113;55,116;SlÂenvej 47;0;48;0;1900;1886
3;400;3852;41; ;864074;6122586;864071;6122571;14,7112;55,1158;SlÂenvej 41;0;49;0;1900;1886
3;400;3852;49; ;864079;6122609;864071;6122571;14,7113;55,116;SlÂenvej 49;0;50;0;1900;1886
3;400;4482;61; ;864060;6122462;864086;6122459;14,7108;55,1147;Thorkildsvej 61;0;51;0;1900;1886
3;400;4482;63; ;864063;6122477;864088;6122474;14,7109;55,1149;Thorkildsvej 63;0;52;0;1900;1886
3;400;4482;65; ;864067;6122491;864089;6122489;14,711;55,115;Thorkildsvej 65;0;53;0;1900;1886
3;400;3852;26; ;864055;6122531;864063;6122573;14,7108;55,1154;SlÂenvej 26;0;54;0;1900;1886
3;400;3852;24; ;864046;6122533;864052;6122575;14,7107;55,1154;SlÂenvej 24;0;55;0;1900;1886
3;400;3852;22; ;864037;6122535;864043;6122576;14,7106;55,1154;SlÂenvej 22;0;56;0;1900;1886
3;400;3852;20; ;864027;6122537;864030;6122578;14,7104;55,1154;SlÂenvej 20;0;57;0;1900;1886
3;400;3852;18; ;864015;6122536;864018;6122579;14,7102;55,1154;SlÂenvej 18;0;58;0;1900;1886
3;400;3852;16; ;864007;6122538;864010;6122579;14,7101;55,1155;SlÂenvej 16;0;59;0;1900;1886
3;400;3852;14; ;863997;6122540;863999;6122580;14,7099;55,1155;SlÂenvej 14;0;60;0;1900;1886
3;400;3852;12; ;863988;6122542;863989;6122581;14,7098;55,1155;SlÂenvej 12;0;61;0;1900;1886
3;400;3852;10; ;863979;6122544;863980;6122581;14,7097;55,1155;SlÂenvej 10;0;62;0;1900;1886
3;400;3852;8; ;863970;6122561;863970;6122581;14,7095;55,1157;SlÂenvej 8;0;63;0;1900;1886
3;400;3852;6; ;863961;6122563;863961;6122581;14,7094;55,1157;SlÂenvej 6;0;64;0;1900;1886
3;400;3852;4; ;863952;6122565;863952;6122582;14,7093;55,1157;SlÂenvej 4;0;65;0;1900;1886
3;400;3852;2; ;863944;6122567;863945;6122582;14,7091;55,1158;SlÂenvej 2;0;66;0;1900;1886
3;400;1176;88; ;863933;6122555;863905;6122556;14,709;55,1157;Gartnervangen 88;0;67;0;1900;1886
3;400;1176;86; ;863932;6122547;863904;6122548;14,7089;55,1156;Gartnervangen 86;0;68;0;1900;1886
3;400;1176;84; ;863931;6122540;863904;6122541;14,7089;55,1155;Gartnervangen 84;0;69;0;1900;1886
3;400;1176;82; ;863929;6122533;863903;6122534;14,7089;55,1155;Gartnervangen 82;0;70;0;1900;1886
3;400;1176;80; ;863927;6122526;863903;6122527;14,7088;55,1154;Gartnervangen 80;0;71;0;1900;1886
3;400;1176;78; ;863925;6122518;863903;6122519;14,7088;55,1153;Gartnervangen 78;0;72;0;1900;1886
3;400;1176;76; ;863924;6122510;863902;6122511;14,7088;55,1153;Gartnervangen 76;0;73;0;1900;1886
3;400;1176;74; ;863926;6122498;863901;6122501;14,7088;55,1152;Gartnervangen 74;0;74;0;1900;1886
3;400;1176;72; ;863924;6122489;863900;6122494;14,7087;55,1151;Gartnervangen 72;0;75;0;1900;1886
3;400;1176;70; ;863922;6122480;863897;6122486;14,7087;55,115;Gartnervangen 70;0;76;0;1900;1886
3;400;1176;68; ;863920;6122472;863895;6122478;14,7086;55,1149;Gartnervangen 68;0;77;0;1900;1886
3;400;1176;66; ;863918;6122462;863893;6122470;14,7086;55,1148;Gartnervangen 66;0;78;0;1900;1886
3;400;4482;57; ;864003;6122434;864084;6122427;14,7099;55,1145;Thorkildsvej 57;1;79;0;1900;1886
3;400;4482;59; ;864057;6122448;864085;6122445;14,7108;55,1146;Thorkildsvej 59;0;80;0;1900;1886
3;400;4482;51; ;864058;6122411;864082;6122408;14,7107;55,1143;Thorkildsvej 51;0;81;0;1900;1886
3;400;4482;49; ;864050;6122379;864079;6122376;14,7106;55,114;Thorkildsvej 49;0;82;0;1900;1886
3;400;1176;64; ;864015;6122366;863878;6122431;14,71;55,1139;Gartnervangen 64;0;83;0;1900;1886
3;400;1176;62; ;864012;6122368;863878;6122430;14,71;55,1139;Gartnervangen 62;0;84;0;1900;1886
3;400;1176;60; ;864007;6122369;863878;6122429;14,7099;55,1139;Gartnervangen 60;0;85;0;1900;1886
3;400;1176;58; ;864002;6122370;863877;6122428;14,7098;55,114;Gartnervangen 58;0;86;0;1900;1886
3;400;1176;56; ;863997;6122371;863876;6122426;14,7097;55,114;Gartnervangen 56;0;87;0;1900;1886
3;400;1176;54; ;863992;6122372;863876;6122426;14,7096;55,114;Gartnervangen 54;0;88;0;1900;1886
3;400;1176;52; ;863986;6122374;863875;6122425;14,7096;55,114;Gartnervangen 52;0;89;0;1900;1886
3;400;1176;50; ;863981;6122375;863875;6122424;14,7095;55,114;Gartnervangen 50;0;90;0;1900;1886
3;400;1176;48; ;863977;6122376;863872;6122417;14,7094;55,114;Gartnervangen 48;0;91;0;1900;1886
3;400;1176;46; ;863974;6122377;863871;6122416;14,7094;55,114;Gartnervangen 46;0;92;0;1900;1886
3;400;1176;34; ;863968;6122373;863868;6122409;14,7093;55,114;Gartnervangen 34;0;93;0;1900;1886
3;400;1176;36; ;863959;6122375;863868;6122409;14,7091;55,114;Gartnervangen 36;0;94;0;1900;1886
3;400;1176;38; ;863950;6122377;863869;6122410;14,709;55,1141;Gartnervangen 38;0;95;0;1900;1886
3;400;1176;40; ;863941;6122379;863869;6122411;14,7089;55,1141;Gartnervangen 40;0;96;0;1900;1886
3;400;1176;42; ;863933;6122381;863870;6122413;14,7087;55,1141;Gartnervangen 42;0;97;0;1900;1886
3;400;1176;44; ;863923;6122382;863870;6122414;14,7086;55,1141;Gartnervangen 44;0;98;0;1900;1886
3;400;1176;24; ;863921;6122398;863873;6122420;14,7086;55,1143;Gartnervangen 24;0;99;0;1900;1886
3;400;1176;26; ;863913;6122399;863872;6122418;14,7084;55,1143;Gartnervangen 26;0;100;0;1900;1886
3;400;1176;28; ;863904;6122401;863871;6122416;14,7083;55,1143;Gartnervangen 28;0;101;0;1900;1886
3;400;1176;30; ;863896;6122403;863870;6122414;14,7082;55,1143;Gartnervangen 30;0;102;0;1900;1886
3;400;1176;32; ;863888;6122405;863870;6122413;14,7081;55,1144;Gartnervangen 32;0;103;0;1900;1886
4;400;4482;47; ;864051;6122352;864076;6122347;14,7105;55,1138;Thorkildsvej 47;0;0;0;2614;2396
4;400;4482;100; ;864106;6122602;864099;6122602;14,7117;55,1159;Thorkildsvej 100;0;1;0;2614;2396
4;400;4482;98; ;864125;6122592;864098;6122594;14,712;55,1159;Thorkildsvej 98;0;2;0;2614;2396
4;400;4482;96; ;864119;6122567;864096;6122569;14,7119;55,1156;Thorkildsvej 96;0;3;0;2614;2396
4;400;4482;94; ;864104;6122548;864094;6122548;14,7116;55,1155;Thorkildsvej 94;0;4;0;2614;2396
4;400;4482;92; ;864102;6122529;864092;6122529;14,7116;55,1153;Thorkildsvej 92;0;5;0;2614;2396
4;400;4482;90; ;864100;6122509;864091;6122509;14,7115;55,1151;Thorkildsvej 90;0;6;0;2614;2396
4;400;4482;88; ;864108;6122487;864089;6122488;14,7116;55,1149;Thorkildsvej 88;0;7;0;2614;2396
4;400;4482;86; ;864099;6122467;864087;6122467;14,7114;55,1147;Thorkildsvej 86;0;8;0;2614;2396
4;400;4482;84; ;864095;6122449;864086;6122449;14,7113;55,1146;Thorkildsvej 84;0;9;0;2614;2396
4;400;4482;82; ;864098;6122427;864084;6122428;14,7114;55,1144;Thorkildsvej 82;0;10;0;2614;2396
4;400;4482;80; ;864096;6122407;864082;6122408;14,7113;55,1142;Thorkildsvej 80;0;11;0;2614;2396
4;400;4482;76; ;864093;6122366;864079;6122367;14,7112;55,1139;Thorkildsvej 76;0;12;0;2614;2396
4;400;4482;74; ;864086;6122348;864076;6122349;14,7111;55,1137;Thorkildsvej 74;0;13;0;2614;2396
4;400;4482;70; ;864082;6122325;864072;6122327;14,711;55,1135;Thorkildsvej 70;0;14;0;2614;2396
4;400;4482;68; ;864098;6122301;864066;6122312;14,7112;55,1133;Thorkildsvej 68;0;15;0;2614;2396
4;400;4482;66; ;864074;6122301;864063;6122304;14,7108;55,1133;Thorkildsvej 66;0;16;0;2614;2396
4;400;4482;64; ;864091;6122275;864058;6122293;14,7111;55,113;Thorkildsvej 64;0;17;0;2614;2396
4;400;4482;62; ;864065;6122281;864054;6122286;14,7107;55,1131;Thorkildsvej 62;0;18;0;2614;2396
4;400;4482;60; ;864081;6122253;864046;6122272;14,7109;55,1129;Thorkildsvej 60;0;19;0;2614;2396
4;400;4482;58; ;864054;6122261;864043;6122266;14,7105;55,1129;Thorkildsvej 58;0;20;0;2614;2396
4;400;4482;56; ;864047;6122246;864035;6122252;14,7103;55,1128;Thorkildsvej 56;0;21;0;2614;2396
4;400;4482;54; ;864041;6122234;864028;6122240;14,7102;55,1127;Thorkildsvej 54;0;22;0;2614;2396
4;400;4482;50; ;864028;6122212;864016;6122218;14,71;55,1125;Thorkildsvej 50;0;23;0;2614;2396
4;400;4482;46; ;864016;6122190;864004;6122196;14,7098;55,1123;Thorkildsvej 46;0;24;0;2614;2396
4;400;4482;40; ;864000;6122163;863988;6122170;14,7095;55,1121;Thorkildsvej 40;0;25;0;2614;2396
4;400;4482;38; ;863999;6122144;863981;6122161;14,7095;55,1119;Thorkildsvej 38;0;26;0;2614;2396
4;400;4482;36; ;863979;6122140;863970;6122149;14,7091;55,1119;Thorkildsvej 36;0;27;0;2614;2396
4;400;4482;34; ;863964;6122128;863956;6122138;14,7089;55,1118;Thorkildsvej 34;0;28;0;2614;2396
4;400;4482;31; ;863956;6122158;863966;6122146;14,7088;55,1121;Thorkildsvej 31;0;29;0;2614;2396
4;400;3438;23; ;863935;6122173;863926;6122161;14,7085;55,1122;R¯mersgade 23;0;30;0;2614;2396
4;400;3438;21; ;863928;6122177;863919;6122165;14,7084;55,1123;R¯mersgade 21;0;31;0;2614;2396
4;400;3438;19; ;863910;6122186;863903;6122174;14,7081;55,1124;R¯mersgade 19;0;32;0;2614;2396
4;400;3438;17; ;863890;6122193;863885;6122184;14,7078;55,1125;R¯mersgade 17;0;33;0;2614;2396
4;400;3438;15; ;863873;6122202;863869;6122192;14,7076;55,1125;R¯mersgade 15;0;34;0;2614;2396
4;400;3438;13; ;863862;6122212;863857;6122196;14,7074;55,1126;R¯mersgade 13;0;35;0;2614;2396
4;400;3438;9; ;863830;6122219;863827;6122203;14,7069;55,1127;R¯mersgade 9;0;36;0;2614;2396
4;400;1176;19; ;863770;6122229;863781;6122223;14,706;55,1129;Gartnervangen 19;0;37;0;2614;2396
4;400;1176;21; ;863779;6122246;863789;6122241;14,7062;55,113;Gartnervangen 21;0;38;0;2614;2396
4;400;1176;18; ;863803;6122232;863788;6122238;14,7065;55,1129;Gartnervangen 18;1;39;0;2614;2396
4;400;1176;23; ;863786;6122260;863795;6122255;14,7063;55,1131;Gartnervangen 23;0;40;0;2614;2396
4;400;1176;25; ;863792;6122273;863801;6122268;14,7064;55,1132;Gartnervangen 25;0;41;0;2614;2396
4;400;1176;29; ;863808;6122305;863816;6122300;14,7067;55,1135;Gartnervangen 29;0;42;0;2614;2396
4;400;1176;31; ;863814;6122319;863823;6122314;14,7068;55,1136;Gartnervangen 31;0;43;0;2614;2396
4;400;3390;6; ;863854;6122265;863865;6122311;14,7074;55,1131;Rosenvej 6;0;44;0;2614;2396
4;400;3390;4; ;863851;6122287;863857;6122312;14,7073;55,1133;Rosenvej 4;0;45;0;2614;2396
4;400;3390;2; ;863840;6122301;863843;6122316;14,7072;55,1135;Rosenvej 2;0;46;0;2614;2396
4;400;3390;12; ;863891;6122253;863908;6122298;14,7079;55,113;Rosenvej 12;0;47;0;2614;2396
4;400;3390;10; ;863890;6122276;863897;6122302;14,7079;55,1132;Rosenvej 10;0;48;0;2614;2396
4;400;3390;8; ;863881;6122289;863885;6122305;14,7078;55,1133;Rosenvej 8;0;49;0;2614;2396
4;400;1176;33; ;863822;6122338;863832;6122333;14,7069;55,1138;Gartnervangen 33;0;50;0;2614;2396
4;400;1176;37; ;863837;6122372;863847;6122366;14,7072;55,1141;Gartnervangen 37;0;51;0;2614;2396
4;400;3390;1; ;863881;6122342;863873;6122309;14,7079;55,1138;Rosenvej 1;0;52;0;2614;2396
4;400;3390;3; ;863868;6122363;863856;6122313;14,7077;55,114;Rosenvej 3;0;53;0;2614;2396
4;400;3390;5; ;863919;6122328;863907;6122298;14,7084;55,1136;Rosenvej 5;0;54;0;2614;2396
4;400;3390;7; ;863907;6122350;863893;6122303;14,7083;55,1138;Rosenvej 7;0;55;0;2614;2396
4;400;3390;11; ;863947;6122334;863930;6122290;14,7089;55,1137;Rosenvej 11;0;56;0;2614;2396
4;400;3390;9; ;863957;6122313;863944;6122284;14,709;55,1135;Rosenvej 9;0;57;0;2614;2396
4;400;3390;18; ;863927;6122238;863947;6122283;14,7085;55,1128;Rosenvej 18;0;58;0;2614;2396
4;400;3390;16; ;863927;6122261;863938;6122286;14,7085;55,113;Rosenvej 16;0;59;0;2614;2396
4;400;3390;14; ;863919;6122276;863925;6122291;14,7084;55,1132;Rosenvej 14;0;60;0;2614;2396
4;400;3390;24; ;863961;6122220;863982;6122268;14,709;55,1126;Rosenvej 24;0;61;0;2614;2396
4;400;3390;22; ;863964;6122242;863976;6122269;14,709;55,1128;Rosenvej 22;0;62;0;2614;2396
4;400;3390;20; ;863957;6122259;863964;6122274;14,709;55,113;Rosenvej 20;0;63;0;2614;2396
4;400;3390;13; ;863993;6122296;863980;6122268;14,7096;55,1133;Rosenvej 13;0;64;0;2614;2396
4;400;3390;15; ;863983;6122319;863964;6122275;14,7094;55,1135;Rosenvej 15;0;65;0;2614;2396
4;400;4482;45; ;864044;6122323;864067;6122314;14,7104;55,1135;Thorkildsvej 45;0;66;0;2614;2396
5;400;1578;3; ;864460;6122406;864444;6122399;14,717;55,1139;Holger Lundgrens Vej 3;0;0;0;3206;3181
5;400;1578;5; ;864468;6122409;864476;6122412;14,7171;55,114;Holger Lundgrens Vej 5;0;1;0;3206;3181
5;400;1578;7; ;864473;6122411;864476;6122412;14,7172;55,114;Holger Lundgrens Vej 7;0;2;0;3206;3181
5;400;1578;29; ;864468;6122424;864470;6122425;14,7171;55,1141;Holger Lundgrens Vej 29;0;3;0;3206;3181
5;400;1578;33; ;864464;6122435;864465;6122436;14,7171;55,1142;Holger Lundgrens Vej 33;0;4;0;3206;3181
5;400;1578;35; ;864453;6122457;864457;6122440;14,7169;55,1144;Holger Lundgrens Vej 35;0;5;0;3206;3181
5;400;1578;37; ;864449;6122455;864454;6122439;14,7169;55,1144;Holger Lundgrens Vej 37;0;6;0;3206;3181
5;400;1578;39; ;864442;6122452;864447;6122437;14,7168;55,1144;Holger Lundgrens Vej 39;0;7;0;3206;3181
5;400;1578;41; ;864435;6122449;864440;6122434;14,7167;55,1143;Holger Lundgrens Vej 41;0;8;0;3206;3181
5;400;1578;43; ;864429;6122448;864437;6122433;14,7166;55,1143;Holger Lundgrens Vej 43;0;9;0;3206;3181
5;400;1578;55; ;864422;6122462;864438;6122433;14,7165;55,1145;Holger Lundgrens Vej 55;0;10;0;3206;3181
5;400;1578;61; ;864406;6122461;864437;6122433;14,7162;55,1145;Holger Lundgrens Vej 61;0;11;0;3206;3181
5;400;1578;63; ;864401;6122461;864436;6122431;14,7161;55,1145;Holger Lundgrens Vej 63;0;12;0;3206;3181
5;400;1578;65; ;864397;6122462;864435;6122431;14,7161;55,1145;Holger Lundgrens Vej 65;0;13;0;3206;3181
5;400;1578;85; ;864396;6122475;864437;6122433;14,7161;55,1146;Holger Lundgrens Vej 85;0;14;0;3206;3181
5;400;1578;81; ;864404;6122474;864437;6122433;14,7162;55,1146;Holger Lundgrens Vej 81;0;15;0;3206;3181
5;400;1578;79; ;864409;6122473;864437;6122433;14,7163;55,1146;Holger Lundgrens Vej 79;0;16;0;3206;3181
5;400;1578;75; ;864430;6122471;864445;6122436;14,7166;55,1145;Holger Lundgrens Vej 75;0;17;0;3206;3181
5;400;1578;73; ;864435;6122470;864448;6122437;14,7167;55,1145;Holger Lundgrens Vej 73;0;18;0;3206;3181
5;400;1578;71; ;864439;6122470;864453;6122439;14,7167;55,1145;Holger Lundgrens Vej 71;0;19;0;3206;3181
5;400;1578;67; ;864449;6122468;864457;6122440;14,7169;55,1145;Holger Lundgrens Vej 67;0;20;0;3206;3181
5;400;1578;77; ;864426;6122471;864440;6122434;14,7165;55,1145;Holger Lundgrens Vej 77;0;21;0;3206;3181
5;400;1578;87; ;864392;6122476;864437;6122433;14,716;55,1146;Holger Lundgrens Vej 87;0;22;0;3206;3181
5;400;1578;111; ;864397;6122488;864437;6122433;14,7161;55,1147;Holger Lundgrens Vej 111;0;23;0;3206;3181
5;400;1578;107; ;864406;6122487;864437;6122433;14,7163;55,1147;Holger Lundgrens Vej 107;0;24;0;3206;3181
5;400;1578;103; ;864416;6122486;864439;6122434;14,7164;55,1147;Holger Lundgrens Vej 103;0;25;0;3206;3181
5;400;1578;99; ;864435;6122483;864452;6122438;14,7167;55,1146;Holger Lundgrens Vej 99;0;26;0;3206;3181
5;400;1578;97; ;864440;6122483;864456;6122440;14,7168;55,1146;Holger Lundgrens Vej 97;0;27;0;3206;3181
5;400;1578;95; ;864445;6122482;864457;6122440;14,7168;55,1146;Holger Lundgrens Vej 95;0;28;0;3206;3181
5;400;1578;91; ;864454;6122481;864457;6122440;14,717;55,1146;Holger Lundgrens Vej 91;0;29;0;3206;3181
5;400;1578;93; ;864449;6122482;864457;6122440;14,7169;55,1146;Holger Lundgrens Vej 93;0;30;0;3206;3181
5;400;1578;23; ;864483;6122463;864463;6122438;14,7174;55,1144;Holger Lundgrens Vej 23;0;31;0;3206;3181
5;400;1578;21; ;864490;6122460;864463;6122438;14,7175;55,1144;Holger Lundgrens Vej 21;0;32;0;3206;3181
5;400;1578;19; ;864495;6122458;864465;6122436;14,7176;55,1144;Holger Lundgrens Vej 19;0;33;0;3206;3181
5;400;1578;17; ;864499;6122438;864470;6122426;14,7176;55,1142;Holger Lundgrens Vej 17;0;34;0;3206;3181
5;400;1578;15; ;864497;6122432;864472;6122421;14,7176;55,1141;Holger Lundgrens Vej 15;0;35;0;3206;3181
5;400;1578;13; ;864494;6122426;864473;6122417;14,7175;55,1141;Holger Lundgrens Vej 13;0;36;0;3206;3181
5;400;1578;11; ;864492;6122420;864475;6122413;14,7175;55,114;Holger Lundgrens Vej 11;0;37;0;3206;3181
5;400;1578;9; ;864489;6122414;864477;6122409;14,7175;55,114;Holger Lundgrens Vej 9;0;38;0;3206;3181
5;400;1578;30; ;864505;6122356;864508;6122357;14,7176;55,1135;Holger Lundgrens Vej 30;0;39;0;3206;3181
5;400;1578;8; ;864497;6122376;864500;6122377;14,7175;55,1136;Holger Lundgrens Vej 8;0;40;0;3206;3181
5;400;1578;6; ;864491;6122374;864500;6122377;14,7174;55,1136;Holger Lundgrens Vej 6;0;41;0;3206;3181
5;400;1578;10; ;864515;6122376;864503;6122371;14,7178;55,1136;Holger Lundgrens Vej 10;0;42;0;3206;3181
5;400;1578;12; ;864520;6122373;864505;6122366;14,7179;55,1136;Holger Lundgrens Vej 12;0;43;0;3206;3181
5;400;1578;14; ;864527;6122370;864507;6122361;14,718;55,1136;Holger Lundgrens Vej 14;0;44;0;3206;3181
5;400;1578;16; ;864532;6122368;864508;6122358;14,7181;55,1135;Holger Lundgrens Vej 16;0;45;0;3206;3181
5;400;1578;18; ;864538;6122366;864510;6122354;14,7182;55,1135;Holger Lundgrens Vej 18;0;46;0;3206;3181
5;400;1578;20; ;864543;6122345;864514;6122344;14,7182;55,1133;Holger Lundgrens Vej 20;0;47;0;3206;3181
5;400;1578;22; ;864541;6122340;864514;6122340;14,7182;55,1133;Holger Lundgrens Vej 22;0;48;0;3206;3181
5;400;1578;24; ;864538;6122333;864514;6122340;14,7181;55,1132;Holger Lundgrens Vej 24;0;49;0;3206;3181
5;400;1668;42; ;864552;6122297;864573;6122239;14,7183;55,1129;H¯jvangsparken 42;0;50;0;3206;3181
5;400;1668;40; ;864544;6122296;864498;6122275;14,7182;55,1129;H¯jvangsparken 40;0;51;0;3206;3181
5;400;1668;38; ;864536;6122293;864498;6122275;14,718;55,1129;H¯jvangsparken 38;0;52;0;3206;3181
5;400;1668;34; ;864520;6122287;864498;6122275;14,7178;55,1128;H¯jvangsparken 34;0;53;0;3206;3181
5;400;1668;18; ;864532;6122236;864536;6122224;14,7179;55,1124;H¯jvangsparken 18;0;54;0;3206;3181
5;400;1668;20; ;864530;6122242;864536;6122225;14,7179;55,1124;H¯jvangsparken 20;0;55;0;3206;3181
5;400;1668;22; ;864528;6122247;864512;6122240;14,7178;55,1125;H¯jvangsparken 22;0;56;0;3206;3181
5;400;1668;24; ;864526;6122250;864511;6122244;14,7178;55,1125;H¯jvangsparken 24;0;57;0;3206;3181
5;400;1668;28; ;864523;6122259;864507;6122252;14,7178;55,1126;H¯jvangsparken 28;0;58;0;3206;3181
5;400;1668;30; ;864521;6122264;864505;6122257;14,7178;55,1126;H¯jvangsparken 30;0;59;0;3206;3181
5;400;1668;44; ;864560;6122278;864574;6122239;14,7184;55,1127;H¯jvangsparken 44;0;60;0;3206;3181
5;400;1668;46; ;864562;6122272;864574;6122239;14,7184;55,1127;H¯jvangsparken 46;0;61;0;3206;3181
5;400;1668;48; ;864565;6122264;864574;6122239;14,7184;55,1126;H¯jvangsparken 48;0;62;0;3206;3181
5;400;1668;50; ;864567;6122259;864574;6122239;14,7185;55,1125;H¯jvangsparken 50;0;63;0;3206;3181
5;400;1668;52; ;864570;6122253;864575;6122239;14,7185;55,1125;H¯jvangsparken 52;0;64;0;3206;3181
5;400;4554;51; ;864600;6122210;864633;6122199;14,7189;55,1121;TornevÊrksvej 51;0;65;0;3206;3181
5;400;4554;49; ;864607;6122194;864633;6122199;14,719;55,1119;TornevÊrksvej 49;0;66;0;3206;3181
5;400;4554;47; ;864614;6122175;864639;6122185;14,7191;55,1118;TornevÊrksvej 47;0;67;0;3206;3181
5;400;4554;71; ;864656;6122218;864633;6122199;14,7198;55,1121;TornevÊrksvej 71;0;68;0;3206;3181
5;400;4554;69; ;864662;6122203;864636;6122192;14,7199;55,112;TornevÊrksvej 69;0;69;0;3206;3181
5;400;4554;67; ;864671;6122181;864645;6122170;14,72;55,1118;TornevÊrksvej 67;0;70;0;3206;3181
5;400;4554;65; ;864676;6122167;864650;6122158;14,7201;55,1116;TornevÊrksvej 65;0;71;0;3206;3181
5;400;2148;1; ;864716;6122178;864727;6122182;14,7207;55,1117;Kommandanth¯jen 1;0;72;0;3206;3181
5;400;2148;3; ;864708;6122197;864719;6122201;14,7206;55,1119;Kommandanth¯jen 3;0;73;0;3206;3181
5;400;2148;5; ;864701;6122215;864712;6122219;14,7205;55,1121;Kommandanth¯jen 5;0;74;0;3206;3181
5;400;2148;7; ;864694;6122234;864705;6122238;14,7204;55,1122;Kommandanth¯jen 7;0;75;0;3206;3181
5;400;2148;13; ;864664;6122245;864658;6122258;14,72;55,1123;Kommandanth¯jen 13;0;76;0;3206;3181
5;400;2148;11; ;864670;6122247;864664;6122260;14,7201;55,1124;Kommandanth¯jen 11;0;77;0;3206;3181
5;400;2148;17; ;864678;6122273;864680;6122266;14,7202;55,1126;Kommandanth¯jen 17;0;78;0;3206;3181
5;400;2148;21; ;864673;6122286;864684;6122290;14,7202;55,1127;Kommandanth¯jen 21;0;79;0;3206;3181
5;400;2148;32; ;864771;6122195;864745;6122184;14,7216;55,1118;Kommandanth¯jen 32;0;80;0;3206;3181
5;400;2148;38; ;864783;6122184;864749;6122172;14,7217;55,1117;Kommandanth¯jen 38;0;81;0;3206;3181
5;400;2148;16; ;864776;6122268;864720;6122246;14,7217;55,1125;Kommandanth¯jen 16;0;82;0;3206;3181
5;400;2148;10; ;864750;6122274;864715;6122260;14,7213;55,1125;Kommandanth¯jen 10;0;83;0;3206;3181
5;400;2148;2; ;864763;6122244;864727;6122229;14,7215;55,1123;Kommandanth¯jen 2;0;84;0;3206;3181
5;400;4554;61; ;864705;6122160;864715;6122133;14,7205;55,1116;TornevÊrksvej 61;0;85;0;3206;3181
5;400;4554;63; ;864691;6122154;864701;6122128;14,7203;55,1115;TornevÊrksvej 63;0;86;0;3206;3181
5;400;4554;45; ;864620;6122159;864646;6122169;14,7192;55,1116;TornevÊrksvej 45;0;87;0;3206;3181
5;400;4554;43; ;864612;6122136;864626;6122098;14,719;55,1114;TornevÊrksvej 43;0;88;0;3206;3181
5;400;4554;41; ;864597;6122130;864611;6122092;14,7188;55,1114;TornevÊrksvej 41;0;89;0;3206;3181
5;400;1668;2; ;864577;6122141;864580;6122132;14,7185;55,1115;H¯jvangsparken 2;0;90;0;3206;3181
5;400;1668;4; ;864577;6122158;864586;6122134;14,7185;55,1116;H¯jvangsparken 4;0;91;0;3206;3181
5;400;1668;6; ;864569;6122179;864543;6122165;14,7184;55,1118;H¯jvangsparken 6;0;92;0;3206;3181
5;400;1668;8; ;864563;6122193;864548;6122208;14,7183;55,112;H¯jvangsparken 8;0;93;0;3206;3181
5;400;1668;10; ;864560;6122217;864548;6122208;14,7183;55,1122;H¯jvangsparken 10;0;94;0;3206;3181
5;400;1668;12; ;864567;6122219;864561;6122234;14,7184;55,1122;H¯jvangsparken 12;0;95;0;3206;3181
5;400;1668;14; ;864574;6122222;864568;6122237;14,7185;55,1122;H¯jvangsparken 14;0;96;0;3206;3181
5;400;1668;16; ;864581;6122225;864575;6122239;14,7186;55,1122;H¯jvangsparken 16;0;97;0;3206;3181
5;400;2148;49; ;864638;6122265;864642;6122252;14,7196;55,1125;Kommandanth¯jen 49;0;98;0;3206;3181
5;400;2148;51; ;864641;6122259;864643;6122252;14,7196;55,1125;Kommandanth¯jen 51;0;99;0;3206;3181
5;400;2148;47; ;864636;6122270;864642;6122252;14,7196;55,1126;Kommandanth¯jen 47;0;100;0;3206;3181
5;400;2148;43; ;864633;6122277;864642;6122252;14,7195;55,1127;Kommandanth¯jen 43;0;101;0;3206;3181
5;400;2148;23; ;864670;6122293;864681;6122297;14,7201;55,1128;Kommandanth¯jen 23;0;102;0;3206;3181
5;400;2148;25; ;864667;6122301;864678;6122305;14,7201;55,1128;Kommandanth¯jen 25;0;103;0;3206;3181
5;400;2148;27; ;864654;6122316;864675;6122313;14,7199;55,113;Kommandanth¯jen 27;0;104;0;3206;3181
5;400;2148;29; ;864647;6122317;864675;6122313;14,7198;55,113;Kommandanth¯jen 29;0;105;0;3206;3181
5;400;2148;31; ;864639;6122313;864675;6122313;14,7197;55,113;Kommandanth¯jen 31;0;106;0;3206;3181
5;400;2148;33; ;864631;6122310;864675;6122313;14,7195;55,113;Kommandanth¯jen 33;0;107;0;3206;3181
5;400;2148;35; ;864623;6122307;864643;6122252;14,7194;55,1129;Kommandanth¯jen 35;0;108;0;3206;3181
5;400;2148;37; ;864618;6122301;864636;6122250;14,7193;55,1129;Kommandanth¯jen 37;0;109;0;3206;3181
5;400;2148;41; ;864630;6122282;864641;6122251;14,7195;55,1127;Kommandanth¯jen 41;0;110;0;3206;3181
5;400;1668;60; ;864608;6122282;864590;6122245;14,7191;55,1127;H¯jvangsparken 60;0;111;0;3206;3181
5;400;1668;58; ;864599;6122278;864590;6122245;14,719;55,1127;H¯jvangsparken 58;0;112;0;3206;3181
5;400;1668;56; ;864590;6122275;864590;6122245;14,7188;55,1127;H¯jvangsparken 56;0;113;0;3206;3181
5;400;1668;54; ;864583;6122272;864590;6122245;14,7187;55,1127;H¯jvangsparken 54;0;114;0;3206;3181
5;400;1578;36; ;864514;6122327;864510;6122335;14,7177;55,1132;Holger Lundgrens Vej 36;0;115;0;3206;3181
5;400;1578;38; ;864509;6122324;864505;6122333;14,7176;55,1132;Holger Lundgrens Vej 38;0;116;0;3206;3181
5;400;1578;40; ;864502;6122322;864498;6122331;14,7175;55,1132;Holger Lundgrens Vej 40;0;117;0;3206;3181
5;400;1578;42; ;864496;6122319;864492;6122328;14,7174;55,1131;Holger Lundgrens Vej 42;0;118;0;3206;3181
5;400;1578;44; ;864490;6122318;864491;6122328;14,7173;55,1131;Holger Lundgrens Vej 44;0;119;0;3206;3181
5;400;1578;46; ;864480;6122331;864483;6122332;14,7172;55,1133;Holger Lundgrens Vej 46;0;120;0;3206;3181
5;400;1578;48; ;864477;6122336;864480;6122337;14,7172;55,1133;Holger Lundgrens Vej 48;0;121;0;3206;3181
5;400;1578;52; ;864471;6122349;864475;6122350;14,7171;55,1134;Holger Lundgrens Vej 52;0;122;0;3206;3181
5;400;1578;54; ;864470;6122355;864472;6122356;14,7171;55,1135;Holger Lundgrens Vej 54;0;123;0;3206;3181
5;400;1578;4; ;864481;6122370;864469;6122364;14,7173;55,1136;Holger Lundgrens Vej 4;0;124;0;3206;3181
5;400;1578;51; ;864440;6122405;864442;6122405;14,7167;55,1139;Holger Lundgrens Vej 51;0;125;0;3206;3181
5;400;1578;49; ;864437;6122411;864439;6122412;14,7166;55,114;Holger Lundgrens Vej 49;0;126;0;3206;3181
5;400;1578;47; ;864435;6122417;864437;6122418;14,7166;55,1141;Holger Lundgrens Vej 47;0;127;0;3206;3181
6;400;4155;139; ;863631;6122003;863653;6122000;14,7035;55,1109;Store Torvegade 139;0;0;0;2728;2728
6;400;2844;1; ;863496;6121968;863519;6121967;14,7014;55,1107;Nebbe Odde Vej 1;0;1;0;2728;2728
6;400;2844;5; ;863502;6122012;863517;6122012;14,7015;55,1111;Nebbe Odde Vej 5;0;2;0;2728;2728
6;400;2844;13; ;863468;6122070;863478;6122073;14,7011;55,1117;Nebbe Odde Vej 13;0;3;0;2728;2728
6;400;2844;15; ;863466;6122094;863476;6122080;14,7011;55,1119;Nebbe Odde Vej 15;0;4;0;2728;2728
6;400;2844;17; ;863493;6122068;863484;6122063;14,7015;55,1116;Nebbe Odde Vej 17;0;5;0;2728;2728
6;400;2844;19; ;863504;6122084;863515;6122077;14,7017;55,1118;Nebbe Odde Vej 19;0;6;0;2728;2728
6;400;2844;25; ;863531;6122050;863530;6122043;14,702;55,1114;Nebbe Odde Vej 25;0;7;0;2728;2728
6;400;2844;27; ;863533;6122060;863531;6122043;14,7021;55,1115;Nebbe Odde Vej 27;0;8;0;2728;2728
6;400;2844;29; ;863534;6122071;863515;6122074;14,7021;55,1116;Nebbe Odde Vej 29;0;9;0;2728;2728
6;400;2844;31; ;863536;6122080;863515;6122077;14,7022;55,1117;Nebbe Odde Vej 31;0;10;0;2728;2728
6;400;2844;33; ;863549;6122080;863515;6122077;14,7024;55,1117;Nebbe Odde Vej 33;0;11;0;2728;2728
6;400;2844;35; ;863557;6122079;863553;6122041;14,7025;55,1117;Nebbe Odde Vej 35;0;12;0;2728;2728
6;400;2844;37; ;863574;6122076;863598;6122072;14,7027;55,1116;Nebbe Odde Vej 37;0;13;0;2728;2728
6;400;2844;39; ;863582;6122075;863598;6122072;14,7029;55,1116;Nebbe Odde Vej 39;0;14;0;2728;2728
6;400;2844;41; ;863583;6122053;863595;6122051;14,7029;55,1114;Nebbe Odde Vej 41;0;15;0;2728;2728
6;400;2844;43; ;863581;6122043;863580;6122038;14,7028;55,1113;Nebbe Odde Vej 43;0;16;0;2728;2728
6;400;2844;6; ;863601;6122033;863592;6122039;14,7031;55,1112;Nebbe Odde Vej 6;0;17;0;2728;2728
6;400;2844;4; ;863573;6122023;863572;6122039;14,7027;55,1112;Nebbe Odde Vej 4;1;18;0;2728;2728
6;400;2844;2; ;863565;6122028;863566;6122040;14,7025;55,1112;Nebbe Odde Vej 2;0;19;0;2728;2728
6;400;2844;2;A;863532;6122028;863533;6122044;14,702;55,1112;Nebbe Odde Vej 2A;0;20;0;2728;2728
6;400;2844;2;B;863552;6122001;863519;6121999;14,7023;55,111;Nebbe Odde Vej 2B;0;21;0;2728;2728
6;400;2259;1; ;863512;6121691;863514;6121700;14,7013;55,1082;Kystparken 1;0;22;0;2728;2728
6;400;2259;3; ;863509;6121685;863512;6121700;14,7012;55,1082;Kystparken 3;0;23;0;2728;2728
6;400;2259;5; ;863501;6121686;863507;6121702;14,7011;55,1082;Kystparken 5;0;24;0;2728;2728
6;400;2259;7; ;863490;6121689;863507;6121702;14,7009;55,1082;Kystparken 7;0;25;0;2728;2728
6;400;2259;9; ;863487;6121695;863507;6121702;14,7009;55,1083;Kystparken 9;0;26;0;2728;2728
6;400;2259;11; ;863487;6121702;863507;6121702;14,7009;55,1084;Kystparken 11;0;27;0;2728;2728
6;400;2259;13; ;863490;6121716;863509;6121710;14,701;55,1085;Kystparken 13;0;28;0;2728;2728
6;400;2259;15; ;863493;6121722;863511;6121717;14,701;55,1085;Kystparken 15;0;29;0;2728;2728
6;400;2259;17; ;863501;6121723;863512;6121720;14,7012;55,1085;Kystparken 17;0;30;0;2728;2728
6;400;2259;19; ;863495;6121738;863515;6121732;14,7011;55,1087;Kystparken 19;0;31;0;2728;2728
6;400;2259;21; ;863489;6121743;863516;6121736;14,701;55,1087;Kystparken 21;0;32;0;2728;2728
6;400;2259;23; ;863492;6121755;863518;6121745;14,7011;55,1088;Kystparken 23;0;33;0;2728;2728
6;400;2259;25; ;863495;6121765;863518;6121745;14,7011;55,1089;Kystparken 25;0;34;0;2728;2728
6;400;2259;27; ;863503;6121765;863518;6121745;14,7012;55,1089;Kystparken 27;0;35;0;2728;2728
6;400;2259;29; ;863512;6121762;863518;6121745;14,7014;55,1089;Kystparken 29;0;36;0;2728;2728
6;400;2259;48; ;863524;6121761;863518;6121745;14,7016;55,1089;Kystparken 48;0;37;0;2728;2728
6;400;2259;44; ;863533;6121758;863518;6121745;14,7017;55,1088;Kystparken 44;0;38;0;2728;2728
6;400;2259;42; ;863537;6121757;863518;6121745;14,7018;55,1088;Kystparken 42;0;39;0;2728;2728
6;400;2259;38; ;863545;6121755;863518;6121745;14,7019;55,1088;Kystparken 38;0;40;0;2728;2728
6;400;2259;36; ;863549;6121754;863518;6121745;14,7019;55,1088;Kystparken 36;0;41;0;2728;2728
6;400;2259;34; ;863553;6121753;863518;6121745;14,702;55,1088;Kystparken 34;0;42;0;2728;2728
6;400;2259;32; ;863557;6121752;863518;6121745;14,7021;55,1088;Kystparken 32;0;43;0;2728;2728
6;400;2259;30; ;863561;6121751;863518;6121745;14,7021;55,1087;Kystparken 30;0;44;0;2728;2728
6;400;2259;28; ;863581;6121752;863518;6121745;14,7024;55,1087;Kystparken 28;0;45;0;2728;2728
6;400;2259;26; ;863579;6121748;863518;6121745;14,7024;55,1087;Kystparken 26;0;46;0;2728;2728
6;400;2259;24; ;863578;6121744;863565;6121687;14,7024;55,1087;Kystparken 24;0;47;0;2728;2728
6;400;2259;22; ;863577;6121739;863565;6121687;14,7024;55,1086;Kystparken 22;0;48;0;2728;2728
6;400;2259;20; ;863576;6121736;863565;6121687;14,7023;55,1086;Kystparken 20;0;49;0;2728;2728
6;400;2259;18; ;863574;6121731;863564;6121688;14,7023;55,1086;Kystparken 18;0;50;0;2728;2728
6;400;2259;10; ;863570;6121714;863564;6121687;14,7022;55,1084;Kystparken 10;0;51;0;2728;2728
6;400;2259;8; ;863569;6121710;863564;6121687;14,7022;55,1084;Kystparken 8;0;52;0;2728;2728
6;400;2259;6; ;863568;6121706;863564;6121687;14,7022;55,1083;Kystparken 6;0;53;0;2728;2728
6;400;2259;4; ;863567;6121702;863564;6121687;14,7022;55,1083;Kystparken 4;0;54;0;2728;2728
6;400;2259;2; ;863566;6121698;863563;6121688;14,7021;55,1083;Kystparken 2;0;55;0;2728;2728
6;400;4155;97; ;863555;6121629;863567;6121625;14,7019;55,1077;Store Torvegade 97;0;56;0;2728;2728
6;400;4155;99;A;863558;6121639;863569;6121635;14,7019;55,1077;Store Torvegade 99A;0;57;0;2728;2728
6;400;4155;99;B;863560;6121650;863572;6121646;14,702;55,1078;Store Torvegade 99B;0;58;0;2728;2728
6;400;4155;101; ;863563;6121663;863576;6121659;14,702;55,1079;Store Torvegade 101;0;59;0;2728;2728
6;400;4155;103; ;863567;6121677;863579;6121673;14,7021;55,1081;Store Torvegade 103;0;60;0;2728;2728
6;400;4155;107; ;863587;6121763;863603;6121759;14,7025;55,1088;Store Torvegade 107;0;61;0;2728;2728
6;400;4155;76; ;863605;6121716;863591;6121719;14,7028;55,1084;Store Torvegade 76;0;62;0;2728;2728
6;400;4155;78; ;863624;6121737;863599;6121745;14,7031;55,1086;Store Torvegade 78;0;63;0;2728;2728
6;400;4155;80; ;863628;6121753;863603;6121759;14,7032;55,1087;Store Torvegade 80;0;64;0;2728;2728
6;400;4155;82; ;863631;6121767;863606;6121773;14,7032;55,1088;Store Torvegade 82;0;65;0;2728;2728
6;400;4155;86; ;863626;6121797;863613;6121800;14,7032;55,1091;Store Torvegade 86;0;66;0;2728;2728
6;400;2496;13; ;863592;6121804;863593;6121810;14,7027;55,1092;Lyngh¯jen 13;0;67;0;2728;2728
6;400;2496;17; ;863588;6121805;863589;6121811;14,7026;55,1092;Lyngh¯jen 17;0;68;0;2728;2728
6;400;2496;19; ;863585;6121806;863586;6121811;14,7026;55,1092;Lyngh¯jen 19;0;69;0;2728;2728
6;400;2496;1; ;863590;6121786;863597;6121809;14,7026;55,109;Lyngh¯jen 1;0;70;0;2728;2728
6;400;2496;3; ;863587;6121787;863592;6121810;14,7026;55,109;Lyngh¯jen 3;0;71;0;2728;2728
6;400;2496;5; ;863584;6121788;863589;6121811;14,7025;55,1091;Lyngh¯jen 5;0;72;0;2728;2728
6;400;2496;7; ;863580;6121789;863562;6121802;14,7025;55,1091;Lyngh¯jen 7;0;73;0;2728;2728
6;400;2496;9; ;863576;6121790;863561;6121800;14,7024;55,1091;Lyngh¯jen 9;0;74;0;2728;2728
6;400;2496;11; ;863572;6121791;863560;6121800;14,7023;55,1091;Lyngh¯jen 11;0;75;0;2728;2728
6;400;2496;21; ;863567;6121791;863557;6121794;14,7023;55,1091;Lyngh¯jen 21;0;76;0;2728;2728
6;400;2496;25; ;863562;6121792;863556;6121792;14,7022;55,1091;Lyngh¯jen 25;0;77;0;2728;2728
6;400;2496;27; ;863558;6121793;863557;6121793;14,7021;55,1091;Lyngh¯jen 27;0;78;0;2728;2728
6;400;2496;29; ;863548;6121779;863554;6121786;14,702;55,109;Lyngh¯jen 29;0;79;0;2728;2728
6;400;2496;31; ;863538;6121781;863554;6121786;14,7018;55,109;Lyngh¯jen 31;0;80;0;2728;2728
6;400;2496;33; ;863532;6121785;863554;6121786;14,7017;55,1091;Lyngh¯jen 33;0;81;0;2728;2728
6;400;2496;35; ;863525;6121790;863554;6121786;14,7016;55,1091;Lyngh¯jen 35;0;82;0;2728;2728
6;400;2496;37; ;863518;6121794;863554;6121786;14,7015;55,1092;Lyngh¯jen 37;0;83;0;2728;2728
6;400;2496;41; ;863501;6121799;863554;6121786;14,7013;55,1092;Lyngh¯jen 41;0;84;0;2728;2728
6;400;2496;43; ;863495;6121805;863554;6121786;14,7012;55,1093;Lyngh¯jen 43;0;85;0;2728;2728
6;400;4155;111; ;863599;6121828;863601;6121836;14,7028;55,1094;Store Torvegade 111;0;86;0;2728;2728
6;400;4155;111;B;863561;6121861;863561;6121842;14,7023;55,1097;Store Torvegade 111B;0;87;0;2728;2728
6;400;4155;90; ;863636;6121832;863622;6121835;14,7034;55,1094;Store Torvegade 90;0;88;0;2728;2728
6;400;4155;92; ;863640;6121850;863624;6121854;14,7035;55,1096;Store Torvegade 92;0;89;0;2728;2728
6;400;4155;113; ;863604;6121858;863626;6121852;14,7029;55,1097;Store Torvegade 113;0;90;0;2728;2728
6;400;4155;117; ;863621;6121909;863637;6121906;14,7033;55,1101;Store Torvegade 117;0;91;0;2728;2728
6;400;2868;18; ;863543;6121899;863565;6121904;14,702;55,1101;Nordlyst 18;0;92;0;2728;2728
6;400;2868;16; ;863550;6121909;863565;6121904;14,7022;55,1102;Nordlyst 16;0;93;0;2728;2728
6;400;2868;14; ;863557;6121925;863566;6121905;14,7023;55,1103;Nordlyst 14;0;94;0;2728;2728
6;400;2868;12; ;863564;6121935;863576;6121910;14,7024;55,1104;Nordlyst 12;0;95;0;2728;2728
6;400;2868;10; ;863583;6121926;863587;6121916;14,7027;55,1103;Nordlyst 10;0;96;0;2728;2728
6;400;2868;8; ;863586;6121941;863596;6121920;14,7028;55,1104;Nordlyst 8;0;97;0;2728;2728
6;400;2868;6; ;863590;6121951;863601;6121923;14,7028;55,1105;Nordlyst 6;0;98;0;2728;2728
6;400;2868;4; ;863591;6121967;863605;6121924;14,7029;55,1106;Nordlyst 4;0;99;0;2728;2728
6;400;4155;131; ;863618;6121945;863643;6121940;14,7033;55,1104;Store Torvegade 131;0;100;0;2728;2728
6;400;4155;137; ;863601;6121983;863649;6121974;14,703;55,1108;Store Torvegade 137;0;101;0;2728;2728
6;400;4155;133; ;863627;6121981;863649;6121977;14,7034;55,1107;Store Torvegade 133;0;102;0;2728;2728
6;400;4155;135; ;863628;6121988;863650;6121984;14,7035;55,1108;Store Torvegade 135;0;103;0;2728;2728
7;400;318;3; ;864011;6121886;864021;6121878;14,7093;55,1096;Blekingevej 3;0;0;0;4403;4381
7;400;4872;22; ;864027;6121916;864032;6121923;14,7096;55,1099;VÊrmlandsvej 22;0;1;0;4403;4381
7;400;4872;20; ;864015;6121925;864020;6121932;14,7094;55,11;VÊrmlandsvej 20;0;2;0;4403;4381
7;400;4872;18; ;864002;6121933;864007;6121941;14,7092;55,11;VÊrmlandsvej 18;0;3;0;4403;4381
7;400;4872;16; ;863990;6121942;863994;6121949;14,7091;55,1101;VÊrmlandsvej 16;0;4;0;4403;4381
7;400;4872;14; ;863977;6121950;863981;6121957;14,7089;55,1102;VÊrmlandsvej 14;0;5;0;4403;4381
7;400;4872;12; ;863965;6121959;863969;6121965;14,7087;55,1103;VÊrmlandsvej 12;0;6;0;4403;4381
7;400;1359;2; ;863941;6121916;863931;6121919;14,7083;55,1099;Hallandsvej 2;0;7;0;4403;4381
7;400;1359;1; ;863922;6121922;863930;6121918;14,708;55,11;Hallandsvej 1;0;8;0;4403;4381
7;400;1359;3; ;863928;6121937;863937;6121933;14,7081;55,1101;Hallandsvej 3;0;9;0;4403;4381
7;400;4872;8; ;863923;6121974;863924;6121983;14,708;55,1105;VÊrmlandsvej 8;0;10;0;4403;4381
7;400;4872;6; ;863908;6121977;863909;6121986;14,7078;55,1105;VÊrmlandsvej 6;0;11;0;4403;4381
7;400;4872;2; ;863877;6121983;863879;6121992;14,7074;55,1106;VÊrmlandsvej 2;0;12;0;4403;4381
7;400;3804;4; ;863864;6121950;863852;6121952;14,7071;55,1103;SkÂnesvej 4;0;13;0;4403;4381
7;400;3804;1; ;863843;6121943;863850;6121941;14,7068;55,1103;SkÂnesvej 1;0;14;0;4403;4381
7;400;3804;3; ;863847;6121961;863853;6121959;14,7068;55,1104;SkÂnesvej 3;0;15;0;4403;4381
7;400;4872;1; ;863865;6122006;863865;6121994;14,7072;55,1108;VÊrmlandsvej 1;0;16;0;4403;4381
7;400;4872;3; ;863880;6122002;863878;6121993;14,7074;55,1108;VÊrmlandsvej 3;0;17;0;4403;4381
7;400;4872;7; ;863910;6121996;863908;6121986;14,7079;55,1107;VÊrmlandsvej 7;0;18;0;4403;4381
7;400;4872;9; ;863926;6121993;863923;6121983;14,7081;55,1106;VÊrmlandsvej 9;0;19;0;4403;4381
7;400;4872;17; ;863987;6121968;863980;6121958;14,709;55,1104;VÊrmlandsvej 17;0;20;0;4403;4381
7;400;4872;23; ;864027;6121941;864020;6121932;14,7096;55,1101;VÊrmlandsvej 23;0;21;0;4403;4381
7;400;318;12; ;864053;6121909;864044;6121910;14,71;55,1098;Blekingevej 12;0;22;0;4403;4381
7;400;318;10; ;864043;6121895;864037;6121899;14,7098;55,1097;Blekingevej 10;0;23;0;4403;4381
7;400;318;8; ;864033;6121882;864027;6121886;14,7097;55,1096;Blekingevej 8;0;24;0;4403;4381
7;400;318;6; ;864023;6121869;864017;6121872;14,7095;55,1095;Blekingevej 6;0;25;0;4403;4381
7;400;318;4; ;864014;6121855;864008;6121859;14,7093;55,1093;Blekingevej 4;0;26;0;4403;4381
7;400;318;2; ;864004;6121842;863998;6121845;14,7092;55,1092;Blekingevej 2;0;27;0;4403;4381
7;400;582;85; ;864043;6121815;864058;6121804;14,7097;55,109;Byledsgade 85;0;28;0;4403;4381
7;400;582;87; ;864053;6121829;864067;6121817;14,7099;55,1091;Byledsgade 87;0;29;0;4403;4381
7;400;582;89; ;864063;6121842;864077;6121830;14,7101;55,1092;Byledsgade 89;0;30;0;4403;4381
7;400;582;91; ;864073;6121856;864087;6121844;14,7102;55,1093;Byledsgade 91;0;31;0;4403;4381
7;400;582;93; ;864083;6121869;864097;6121857;14,7104;55,1094;Byledsgade 93;0;32;0;4403;4381
7;400;582;83; ;864018;6121778;864032;6121767;14,7093;55,1086;Byledsgade 83;0;33;0;4403;4381
7;400;4314;42; ;864026;6121795;864030;6121802;14,7094;55,1088;Sveasvej 42;0;34;0;4403;4381
7;400;4314;40; ;864001;6121811;864005;6121818;14,7091;55,109;Sveasvej 40;0;35;0;4403;4381
7;400;4314;38; ;863989;6121820;863992;6121826;14,7089;55,109;Sveasvej 38;0;36;0;4403;4381
7;400;4314;30; ;863935;6121855;863938;6121860;14,7081;55,1094;Sveasvej 30;0;37;0;4403;4381
7;400;4314;28; ;863921;6121863;863924;6121868;14,7079;55,1095;Sveasvej 28;0;38;0;4403;4381
7;400;4314;26; ;863906;6121871;863907;6121877;14,7077;55,1096;Sveasvej 26;0;39;0;4403;4381
7;400;4314;24; ;863891;6121874;863892;6121880;14,7074;55,1096;Sveasvej 24;0;40;0;4403;4381
7;400;4314;22; ;863876;6121878;863877;6121883;14,7072;55,1096;Sveasvej 22;0;41;0;4403;4381
7;400;4314;18; ;863845;6121884;863846;6121891;14,7067;55,1097;Sveasvej 18;0;42;0;4403;4381
7;400;4314;16; ;863830;6121888;863831;6121894;14,7065;55,1098;Sveasvej 16;0;43;0;4403;4381
7;400;4314;14; ;863815;6121891;863816;6121897;14,7063;55,1098;Sveasvej 14;0;44;0;4403;4381
7;400;4314;10; ;863785;6121898;863786;6121904;14,7058;55,1099;Sveasvej 10;0;45;0;4403;4381
7;400;3177;1; ;863788;6121862;863774;6121856;14,7058;55,1096;Pileh¯j 1;0;46;0;4403;4381
7;400;3177;3; ;863805;6121857;863800;6121835;14,7061;55,1095;Pileh¯j 3;0;47;0;4403;4381
7;400;3177;5; ;863827;6121854;863821;6121830;14,7064;55,1095;Pileh¯j 5;0;48;0;4403;4381
7;400;3177;7; ;863846;6121849;863840;6121826;14,7067;55,1094;Pileh¯j 7;0;49;0;4403;4381
7;400;3177;9; ;863863;6121844;863858;6121822;14,707;55,1094;Pileh¯j 9;0;50;0;4403;4381
7;400;3177;11; ;863882;6121840;863898;6121832;14,7073;55,1093;Pileh¯j 11;0;51;0;4403;4381
7;400;3177;15; ;863920;6121817;863910;6121801;14,7078;55,1091;Pileh¯j 15;0;52;0;4403;4381
7;400;3177;17; ;863927;6121813;863917;6121796;14,7079;55,109;Pileh¯j 17;0;53;0;4403;4381
7;400;3177;20; ;863924;6121794;863919;6121795;14,7078;55,1089;Pileh¯j 20;0;54;0;4403;4381
7;400;3177;18; ;863914;6121796;863915;6121798;14,7077;55,1089;Pileh¯j 18;0;55;0;4403;4381
7;400;3177;16; ;863903;6121803;863904;6121804;14,7075;55,109;Pileh¯j 16;0;56;0;4403;4381
7;400;3177;14; ;863896;6121807;863897;6121808;14,7074;55,109;Pileh¯j 14;0;57;0;4403;4381
7;400;3177;12; ;863889;6121812;863889;6121813;14,7073;55,109;Pileh¯j 12;0;58;0;4403;4381
7;400;3177;10; ;863867;6121813;863868;6121820;14,707;55,1091;Pileh¯j 10;0;59;0;4403;4381
7;400;3177;8; ;863847;6121817;863848;6121824;14,7067;55,1091;Pileh¯j 8;0;60;0;4403;4381
7;400;3177;6; ;863829;6121826;863829;6121828;14,7064;55,1092;Pileh¯j 6;0;61;0;4403;4381
7;400;3177;4; ;863812;6121830;863812;6121832;14,7061;55,1093;Pileh¯j 4;0;62;0;4403;4381
7;400;3177;2; ;863795;6121834;863795;6121836;14,7059;55,1093;Pileh¯j 2;0;63;0;4403;4381
7;400;4314;8; ;863748;6121895;863752;6121912;14,7052;55,1099;Sveasvej 8;0;64;0;4403;4381
7;400;4155;96; ;863666;6121898;863637;6121902;14,704;55,11;Store Torvegade 96;1;65;0;4403;4381
7;400;4155;98; ;863673;6121988;863652;6121991;14,7042;55,1108;Store Torvegade 98;1;66;0;4403;4381
7;400;1176;7; ;863723;6122116;863735;6122110;14,7051;55,1119;Gartnervangen 7;0;67;0;4403;4381
7;400;1176;11; ;863737;6122146;863748;6122141;14,7054;55,1121;Gartnervangen 11;0;68;0;4403;4381
7;400;1176;15; ;863748;6122175;863760;6122170;14,7056;55,1124;Gartnervangen 15;0;69;0;4403;4381
7;400;1176;17; ;863756;6122188;863765;6122184;14,7057;55,1125;Gartnervangen 17;0;70;0;4403;4381
7;400;1176;10; ;863776;6122172;863758;6122166;14,706;55,1123;Gartnervangen 10;1;71;0;4403;4381
7;400;3438;10; ;863739;6122205;863740;6122215;14,7055;55,1127;R¯mersgade 10;0;72;0;4403;4381
7;400;3438;8; ;863734;6122205;863735;6122216;14,7054;55,1127;R¯mersgade 8;0;73;0;4403;4381
7;400;3438;6; ;863722;6122207;863723;6122218;14,7052;55,1127;R¯mersgade 6;0;74;0;4403;4381
7;400;3438;4; ;863716;6122208;863717;6122219;14,7051;55,1127;R¯mersgade 4;0;75;0;4403;4381
7;400;3438;2; ;863700;6122210;863701;6122221;14,7049;55,1127;R¯mersgade 2;0;76;0;4403;4381
7;400;3438;1; ;863703;6122228;863702;6122221;14,7049;55,1129;R¯mersgade 1;0;77;0;4403;4381
7;400;3438;3; ;863734;6122221;863733;6122216;14,7054;55,1128;R¯mersgade 3;0;78;0;4403;4381
7;400;3438;5; ;863741;6122220;863740;6122215;14,7055;55,1128;R¯mersgade 5;0;79;0;4403;4381
7;400;3438;7; ;863747;6122219;863746;6122214;14,7056;55,1128;R¯mersgade 7;0;80;0;4403;4381
7;400;3438;14; ;863829;6122190;863830;6122203;14,7069;55,1125;R¯mersgade 14;0;81;0;4403;4381
7;400;3438;18; ;863856;6122180;863861;6122195;14,7073;55,1124;R¯mersgade 18;0;82;0;4403;4381
7;400;3438;20; ;863871;6122174;863878;6122187;14,7075;55,1123;R¯mersgade 20;0;83;0;4403;4381
7;400;3438;24; ;863905;6122158;863911;6122170;14,708;55,1121;R¯mersgade 24;0;84;0;4403;4381
7;400;4482;32; ;863951;6122118;863943;6122130;14,7087;55,1117;Thorkildsvej 32;0;85;0;4403;4381
7;400;4482;26; ;863931;6122114;863928;6122122;14,7084;55,1117;Thorkildsvej 26;0;86;0;4403;4381
7;400;4482;24; ;863920;6122110;863917;6122118;14,7082;55,1117;Thorkildsvej 24;0;87;0;4403;4381
7;400;4482;22; ;863916;6122108;863912;6122116;14,7081;55,1117;Thorkildsvej 22;0;88;0;4403;4381
7;400;4482;18; ;863903;6122104;863900;6122112;14,7079;55,1116;Thorkildsvej 18;0;89;0;4403;4381
7;400;4482;16; ;863891;6122101;863888;6122108;14,7077;55,1116;Thorkildsvej 16;0;90;0;4403;4381
7;400;4482;11; ;863886;6122121;863889;6122109;14,7077;55,1118;Thorkildsvej 11;0;91;0;4403;4381
7;400;4482;13; ;863891;6122122;863894;6122110;14,7077;55,1118;Thorkildsvej 13;0;92;0;4403;4381
7;400;4482;15; ;863901;6122124;863904;6122113;14,7079;55,1118;Thorkildsvej 15;0;93;0;4403;4381
7;400;4482;17; ;863906;6122126;863909;6122115;14,708;55,1118;Thorkildsvej 17;0;94;0;4403;4381
7;400;4482;19; ;863918;6122126;863920;6122119;14,7082;55,1118;Thorkildsvej 19;0;95;0;4403;4381
7;400;4482;21; ;863923;6122129;863925;6122121;14,7083;55,1119;Thorkildsvej 21;0;96;0;4403;4381
7;400;4482;9; ;863874;6122115;863873;6122108;14,7075;55,1118;Thorkildsvej 9;0;97;0;4403;4381
7;400;4482;7; ;863867;6122115;863866;6122109;14,7074;55,1118;Thorkildsvej 7;0;98;0;4403;4381
7;400;4482;12; ;863871;6122092;863871;6122108;14,7074;55,1116;Thorkildsvej 12;0;99;0;4403;4381
7;400;4482;8; ;863855;6122097;863855;6122109;14,7071;55,1116;Thorkildsvej 8;0;100;0;4403;4381
7;400;4482;6; ;863847;6122097;863847;6122110;14,707;55,1116;Thorkildsvej 6;0;101;0;4403;4381
7;400;4482;2; ;863811;6122098;863811;6122112;14,7065;55,1117;Thorkildsvej 2;0;102;0;4403;4381
7;400;1176;6; ;863745;6122100;863732;6122105;14,7054;55,1117;Gartnervangen 6;0;103;0;4403;4381
7;400;1176;4; ;863755;6122055;863718;6122074;14,7055;55,1113;Gartnervangen 4;1;104;0;4403;4381
7;400;492;8; ;863688;6121965;863681;6121967;14,7044;55,1106;Bryggervej 8;0;105;0;4403;4381
7;400;492;6; ;863686;6121958;863678;6121960;14,7043;55,1105;Bryggervej 6;0;106;0;4403;4381
7;400;492;4; ;863682;6121949;863674;6121951;14,7043;55,1104;Bryggervej 4;0;107;0;4403;4381
7;400;492;2; ;863680;6121942;863672;6121944;14,7042;55,1104;Bryggervej 2;0;108;0;4403;4381
7;400;4314;5;B;863749;6121929;863745;6121914;14,7053;55,1102;Sveasvej 5B;0;109;0;4403;4381
7;400;3921;1; ;863748;6121947;863772;6121953;14,7053;55,1104;SmÂlandsvej 1;0;110;0;4403;4381
7;400;3921;3; ;863743;6121991;863759;6121992;14,7053;55,1108;SmÂlandsvej 3;0;111;0;4403;4381
7;400;3921;7; ;863745;6121973;863761;6121977;14,7053;55,1106;SmÂlandsvej 7;0;112;0;4403;4381
7;400;3921;9; ;863727;6121976;863760;6121982;14,705;55,1106;SmÂlandsvej 9;0;113;0;4403;4381
7;400;3921;11; ;863718;6121976;863759;6121983;14,7049;55,1106;SmÂlandsvej 11;0;114;0;4403;4381
7;400;3921;13; ;863695;6121974;863759;6121983;14,7045;55,1106;SmÂlandsvej 13;0;115;0;4403;4381
7;400;3921;15; ;863699;6121985;863759;6121989;14,7046;55,1107;SmÂlandsvej 15;0;116;0;4403;4381
7;400;3921;17; ;863702;6121994;863758;6121998;14,7046;55,1108;SmÂlandsvej 17;0;117;0;4403;4381
7;400;3921;19; ;863708;6122001;863758;6122000;14,7047;55,1109;SmÂlandsvej 19;0;118;0;4403;4381
7;400;3921;21; ;863711;6122010;863758;6122000;14,7048;55,1109;SmÂlandsvej 21;0;119;0;4403;4381
7;400;3921;23; ;863736;6122016;863758;6122000;14,7052;55,111;SmÂlandsvej 23;0;120;0;4403;4381
7;400;3921;25; ;863737;6122003;863758;6122000;14,7052;55,1109;SmÂlandsvej 25;0;121;0;4403;4381
7;400;3921;26; ;863779;6122005;863758;6122000;14,7059;55,1109;SmÂlandsvej 26;0;122;0;4403;4381
7;400;3921;24; ;863778;6122017;863758;6122000;14,7059;55,111;SmÂlandsvej 24;0;123;0;4403;4381
7;400;3921;22; ;863802;6122018;863758;6122000;14,7062;55,111;SmÂlandsvej 22;0;124;0;4403;4381
7;400;3921;20; ;863803;6122007;863758;6122000;14,7062;55,1109;SmÂlandsvej 20;0;125;0;4403;4381
7;400;3921;18; ;863830;6122005;863758;6121999;14,7067;55,1108;SmÂlandsvej 18;0;126;0;4403;4381
7;400;3921;16; ;863823;6121995;863768;6121962;14,7065;55,1107;SmÂlandsvej 16;0;127;0;4403;4381
7;400;3921;14; ;863821;6121988;863771;6121958;14,7065;55,1107;SmÂlandsvej 14;0;128;0;4403;4381
7;400;3921;12; ;863815;6121980;863771;6121957;14,7064;55,1106;SmÂlandsvej 12;0;129;0;4403;4381
7;400;3921;10; ;863808;6121971;863771;6121957;14,7063;55,1105;SmÂlandsvej 10;0;130;0;4403;4381
7;400;3921;2; ;863796;6121959;863772;6121952;14,7061;55,1104;SmÂlandsvej 2;0;131;0;4403;4381
7;400;3921;8; ;863782;6121974;863767;6121965;14,7059;55,1106;SmÂlandsvej 8;0;132;0;4403;4381
7;400;3921;6; ;863777;6121983;863760;6121979;14,7058;55,1107;SmÂlandsvej 6;0;133;0;4403;4381
7;400;3921;4; ;863776;6121995;863759;6121993;14,7058;55,1108;SmÂlandsvej 4;0;134;0;4403;4381
7;400;4314;9; ;863800;6121914;863796;6121901;14,7061;55,11;Sveasvej 9;0;135;0;4403;4381
7;400;4314;13; ;863831;6121907;863828;6121895;14,7065;55,1099;Sveasvej 13;0;136;0;4403;4381
7;400;4314;15; ;863861;6121900;863857;6121888;14,707;55,1099;Sveasvej 15;0;137;0;4403;4381
7;400;4314;19; ;863890;6121894;863887;6121881;14,7074;55,1098;Sveasvej 19;0;138;0;4403;4381
7;400;4314;21; ;863905;6121891;863902;6121878;14,7077;55,1097;Sveasvej 21;0;139;0;4403;4381
7;400;4314;27; ;863956;6121865;863948;6121853;14,7084;55,1095;Sveasvej 27;0;140;0;4403;4381
7;400;4314;31; ;863981;6121849;863974;6121837;14,7088;55,1093;Sveasvej 31;0;141;0;4403;4381
8;400;4554;2; ;864130;6121865;864142;6121870;14,7111;55,1093;TornevÊrksvej 2;0;0;0;5187;4696
8;400;4554;6; ;864150;6121836;864156;6121839;14,7114;55,1091;TornevÊrksvej 6;0;1;0;5187;4696
8;400;4554;8; ;864154;6121812;864166;6121817;14,7114;55,1089;TornevÊrksvej 8;0;2;0;5187;4696
8;400;4554;12; ;864165;6121776;864181;6121782;14,7116;55,1085;TornevÊrksvej 12;0;3;0;5187;4696
8;400;5037;2; ;864156;6121903;864171;6121910;14,7116;55,1097;≈vej 2;0;4;0;5187;4696
8;400;5037;4; ;864172;6121874;864185;6121880;14,7118;55,1094;≈vej 4;0;5;0;5187;4696
8;400;5037;6; ;864180;6121857;864194;6121863;14,7119;55,1092;≈vej 6;0;6;0;5187;4696
8;400;5037;8; ;864188;6121841;864201;6121847;14,712;55,1091;≈vej 8;0;7;0;5187;4696
8;400;5037;10; ;864198;6121823;864210;6121829;14,7122;55,1089;≈vej 10;0;8;0;5187;4696
8;400;5037;16; ;864254;6121799;864254;6121808;14,713;55,1087;≈vej 16;0;9;0;5187;4696
8;400;5037;20; ;864292;6121799;864293;6121807;14,7136;55,1086;≈vej 20;0;10;0;5187;4696
8;400;5037;22; ;864312;6121795;864314;6121803;14,7139;55,1086;≈vej 22;0;11;0;5187;4696
8;400;5037;24; ;864330;6121789;864333;6121797;14,7142;55,1085;≈vej 24;0;12;0;5187;4696
8;400;2454;2; ;864328;6121823;864323;6121825;14,7142;55,1088;Louisenh¯j 2;0;13;0;5187;4696
8;400;2454;4; ;864338;6121837;864333;6121840;14,7143;55,1089;Louisenh¯j 4;0;14;0;5187;4696
8;400;2454;6; ;864349;6121851;864344;6121855;14,7145;55,1091;Louisenh¯j 6;0;15;0;5187;4696
8;400;2454;8; ;864362;6121864;864357;6121868;14,7148;55,1092;Louisenh¯j 8;0;16;0;5187;4696
8;400;2454;10; ;864374;6121876;864369;6121880;14,715;55,1093;Louisenh¯j 10;0;17;0;5187;4696
8;400;2454;12; ;864388;6121887;864384;6121891;14,7152;55,1094;Louisenh¯j 12;0;18;0;5187;4696
8;400;2454;14; ;864403;6121897;864399;6121902;14,7154;55,1094;Louisenh¯j 14;0;19;0;5187;4696
8;400;2454;16; ;864418;6121907;864414;6121912;14,7157;55,1095;Louisenh¯j 16;0;20;0;5187;4696
8;400;2454;18; ;864432;6121916;864427;6121922;14,7159;55,1096;Louisenh¯j 18;0;21;0;5187;4696
8;400;2454;22; ;864464;6121929;864473;6121933;14,7164;55,1097;Louisenh¯j 22;0;22;0;5187;4696
8;400;2454;34; ;864481;6121887;864488;6121875;14,7166;55,1093;Louisenh¯j 34;0;23;0;5187;4696
8;400;2454;36; ;864470;6121880;864477;6121868;14,7165;55,1092;Louisenh¯j 36;0;24;0;5187;4696
8;400;2454;38; ;864449;6121866;864457;6121854;14,7161;55,1091;Louisenh¯j 38;0;25;0;5187;4696
8;400;2454;42; ;864419;6121844;864427;6121832;14,7156;55,1089;Louisenh¯j 42;0;26;0;5187;4696
8;400;2454;44; ;864407;6121834;864417;6121823;14,7154;55,1089;Louisenh¯j 44;0;27;0;5187;4696
8;400;2454;46; ;864396;6121823;864405;6121812;14,7152;55,1088;Louisenh¯j 46;0;28;0;5187;4696
8;400;2454;48; ;864386;6121812;864396;6121803;14,7151;55,1087;Louisenh¯j 48;0;29;0;5187;4696
8;400;2454;50; ;864378;6121796;864385;6121790;14,7149;55,1085;Louisenh¯j 50;0;30;0;5187;4696
8;400;5037;26; ;864349;6121781;864352;6121787;14,7145;55,1084;≈vej 26;0;31;0;5187;4696
8;400;5037;28; ;864365;6121771;864369;6121778;14,7147;55,1083;≈vej 28;0;32;0;5187;4696
8;400;5037;30; ;864382;6121760;864386;6121767;14,7149;55,1082;≈vej 30;0;33;0;5187;4696
8;400;5037;32; ;864401;6121749;864405;6121756;14,7152;55,1081;≈vej 32;0;34;0;5187;4696
8;400;5037;34; ;864421;6121737;864425;6121744;14,7155;55,108;≈vej 34;0;35;0;5187;4696
8;400;5037;36; ;864438;6121727;864442;6121734;14,7158;55,1079;≈vej 36;0;36;0;5187;4696
8;400;5037;38; ;864457;6121716;864461;6121723;14,7161;55,1078;≈vej 38;0;37;0;5187;4696
8;400;525;2; ;864463;6121745;864451;6121758;14,7162;55,108;Buen 2;0;38;0;5187;4696
8;400;525;4; ;864476;6121762;864467;6121772;14,7164;55,1082;Buen 4;0;39;0;5187;4696
8;400;525;8; ;864506;6121785;864499;6121795;14,7169;55,1084;Buen 8;0;40;0;5187;4696
8;400;525;24; ;864559;6121773;864566;6121777;14,7177;55,1082;Buen 24;0;41;0;5187;4696
8;400;525;26; ;864543;6121762;864550;6121750;14,7175;55,1081;Buen 26;0;42;0;5187;4696
8;400;525;28; ;864527;6121751;864534;6121739;14,7172;55,108;Buen 28;0;43;0;5187;4696
8;400;525;30; ;864512;6121738;864519;6121729;14,7169;55,1079;Buen 30;0;44;0;5187;4696
8;400;525;32; ;864498;6121725;864506;6121716;14,7167;55,1078;Buen 32;0;45;0;5187;4696
8;400;5037;40; ;864477;6121703;864482;6121712;14,7164;55,1076;≈vej 40;0;46;0;5187;4696
8;400;3861;101; ;864532;6121665;864539;6121654;14,7172;55,1073;Smallesund 101;0;47;0;5187;4696
8;400;3861;109; ;864603;6121710;864609;6121697;14,7183;55,1076;Smallesund 109;0;48;0;5187;4696
8;400;3861;107; ;864589;6121702;864594;6121690;14,7181;55,1076;Smallesund 107;0;49;0;5187;4696
8;400;3861;105; ;864574;6121693;864580;6121682;14,7179;55,1075;Smallesund 105;0;50;0;5187;4696
8;400;3861;103; ;864558;6121686;864565;6121673;14,7176;55,1074;Smallesund 103;0;51;0;5187;4696
8;400;525;35; ;864520;6121716;864513;6121723;14,717;55,1077;Buen 35;0;52;0;5187;4696
8;400;525;33; ;864533;6121727;864527;6121735;14,7173;55,1078;Buen 33;0;53;0;5187;4696
8;400;525;31; ;864547;6121738;864542;6121744;14,7175;55,1079;Buen 31;0;54;0;5187;4696
8;400;525;29; ;864561;6121747;864556;6121754;14,7177;55,108;Buen 29;0;55;0;5187;4696
8;400;525;27; ;864575;6121756;864579;6121758;14,7179;55,108;Buen 27;0;56;0;5187;4696
8;400;525;25; ;864599;6121757;864586;6121748;14,7183;55,108;Buen 25;0;57;0;5187;4696
8;400;525;23; ;864589;6121774;864575;6121764;14,7182;55,1082;Buen 23;0;58;0;5187;4696
8;400;525;21; ;864578;6121791;864563;6121781;14,718;55,1084;Buen 21;0;59;0;5187;4696
8;400;525;19; ;864566;6121811;864551;6121801;14,7179;55,1085;Buen 19;0;60;0;5187;4696
8;400;525;17; ;864555;6121827;864540;6121816;14,7177;55,1087;Buen 17;0;61;0;5187;4696
8;400;525;15; ;864527;6121833;864535;6121818;14,7173;55,1088;Buen 15;0;62;0;5187;4696
8;400;525;13; ;864513;6121824;864521;6121810;14,7171;55,1087;Buen 13;0;63;0;5187;4696
8;400;525;11; ;864499;6121814;864507;6121801;14,7168;55,1086;Buen 11;0;64;0;5187;4696
8;400;525;9; ;864485;6121805;864493;6121791;14,7166;55,1085;Buen 9;0;65;0;5187;4696
8;400;525;7; ;864471;6121795;864479;6121782;14,7164;55,1085;Buen 7;0;66;0;5187;4696
8;400;525;3; ;864446;6121772;864454;6121761;14,716;55,1083;Buen 3;0;67;0;5187;4696
8;400;525;1; ;864434;6121761;864444;6121752;14,7158;55,1082;Buen 1;0;68;0;5187;4696
8;400;2454;51; ;864395;6121788;864388;6121793;14,7152;55,1085;Louisenh¯j 51;0;69;0;5187;4696
8;400;2454;49; ;864405;6121801;864399;6121806;14,7154;55,1086;Louisenh¯j 49;0;70;0;5187;4696
8;400;2454;47; ;864425;6121820;864419;6121825;14,7157;55,1087;Louisenh¯j 47;0;71;0;5187;4696
8;400;2454;45; ;864435;6121829;864430;6121834;14,7159;55,1088;Louisenh¯j 45;0;72;0;5187;4696
8;400;2454;41; ;864468;6121852;864463;6121858;14,7164;55,109;Louisenh¯j 41;0;73;0;5187;4696
8;400;2454;37; ;864498;6121872;864493;6121878;14,7169;55,1091;Louisenh¯j 37;0;74;0;5187;4696
8;400;2454;35; ;864510;6121900;864494;6121892;14,7171;55,1094;Louisenh¯j 35;0;75;0;5187;4696
8;400;2454;33; ;864500;6121918;864485;6121910;14,717;55,1095;Louisenh¯j 33;0;76;0;5187;4696
8;400;2454;31; ;864490;6121936;864476;6121928;14,7169;55,1097;Louisenh¯j 31;0;77;0;5187;4696
8;400;2454;29; ;864482;6121954;864467;6121946;14,7167;55,1099;Louisenh¯j 29;0;78;0;5187;4696
8;400;2454;27; ;864474;6121971;864459;6121964;14,7167;55,11;Louisenh¯j 27;0;79;0;5187;4696
8;400;2454;25; ;864460;6121955;864462;6121956;14,7164;55,1099;Louisenh¯j 25;0;80;0;5187;4696
8;400;2454;23; ;864440;6121946;864447;6121935;14,7161;55,1098;Louisenh¯j 23;0;81;0;5187;4696
8;400;2454;19; ;864413;6121929;864420;6121917;14,7156;55,1097;Louisenh¯j 19;0;82;0;5187;4696
8;400;2454;17; ;864401;6121921;864409;6121909;14,7154;55,1096;Louisenh¯j 17;0;83;0;5187;4696
8;400;2454;15; ;864385;6121911;864393;6121898;14,7152;55,1096;Louisenh¯j 15;0;84;0;5187;4696
8;400;2454;13; ;864374;6121902;864382;6121890;14,715;55,1095;Louisenh¯j 13;0;85;0;5187;4696
8;400;2454;9; ;864352;6121877;864359;6121870;14,7146;55,1093;Louisenh¯j 9;0;86;0;5187;4696
8;400;2454;7; ;864340;6121865;864347;6121857;14,7144;55,1092;Louisenh¯j 7;0;87;0;5187;4696
8;400;2454;5; ;864330;6121853;864338;6121846;14,7142;55,1091;Louisenh¯j 5;0;88;0;5187;4696
8;400;2454;3; ;864320;6121839;864327;6121833;14,7141;55,109;Louisenh¯j 3;0;89;0;5187;4696
8;400;2454;1; ;864311;6121826;864320;6121820;14,7139;55,1089;Louisenh¯j 1;0;90;0;5187;4696
8;400;5037;15; ;864276;6121826;864275;6121808;14,7134;55,1089;≈vej 15;0;91;0;5187;4696
8;400;5037;13; ;864260;6121826;864259;6121808;14,7131;55,1089;≈vej 13;0;92;0;5187;4696
8;400;5037;11; ;864243;6121827;864238;6121809;14,7129;55,1089;≈vej 11;0;93;0;5187;4696
8;400;5037;9; ;864219;6121839;864208;6121833;14,7125;55,109;≈vej 9;0;94;0;5187;4696
8;400;5037;7; ;864210;6121856;864200;6121851;14,7124;55,1092;≈vej 7;0;95;0;5187;4696
8;400;5037;3; ;864193;6121891;864183;6121886;14,7122;55,1095;≈vej 3;0;96;0;5187;4696
8;400;4554;20; ;864264;6121914;864250;6121965;14,7133;55,1097;TornevÊrksvej 20;1;97;0;5187;4696
8;400;4554;22; ;864296;6121966;864293;6121976;14,7139;55,1101;TornevÊrksvej 22;0;98;0;5187;4696
8;400;4554;24; ;864320;6121971;864316;6121982;14,7142;55,1102;TornevÊrksvej 24;0;99;0;5187;4696
8;400;4554;26; ;864336;6121976;864332;6121987;14,7145;55,1102;TornevÊrksvej 26;0;100;0;5187;4696
8;400;4554;28; ;864352;6121980;864348;6121991;14,7148;55,1102;TornevÊrksvej 28;0;101;0;5187;4696
8;400;4554;30; ;864369;6121986;864364;6121996;14,715;55,1102;TornevÊrksvej 30;0;102;0;5187;4696
8;400;4554;32; ;864383;6121990;864378;6122002;14,7153;55,1103;TornevÊrksvej 32;0;103;0;5187;4696
8;400;4554;34; ;864401;6121997;864396;6122009;14,7155;55,1103;TornevÊrksvej 34;0;104;0;5187;4696
8;400;4554;36; ;864417;6122003;864412;6122015;14,7158;55,1104;TornevÊrksvej 36;0;105;0;5187;4696
8;400;4554;38; ;864433;6122009;864427;6122021;14,7161;55,1104;TornevÊrksvej 38;0;106;0;5187;4696
8;400;4554;40; ;864452;6122016;864446;6122029;14,7164;55,1105;TornevÊrksvej 40;0;107;0;5187;4696
8;400;4554;42; ;864468;6122022;864462;6122035;14,7166;55,1105;TornevÊrksvej 42;0;108;0;5187;4696
8;400;4554;44; ;864486;6122027;864479;6122042;14,7169;55,1105;TornevÊrksvej 44;0;109;0;5187;4696
8;400;4554;46; ;864505;6122032;864497;6122050;14,7172;55,1106;TornevÊrksvej 46;0;110;0;5187;4696
8;400;4962;4; ;864520;6122008;864530;6122012;14,7174;55,1103;ÿsterled 4;0;111;0;5187;4696
8;400;4962;6; ;864528;6121991;864537;6121995;14,7175;55,1102;ÿsterled 6;0;112;0;5187;4696
8;400;4962;8; ;864535;6121975;864545;6121979;14,7176;55,11;ÿsterled 8;0;113;0;5187;4696
8;400;4962;10; ;864542;6121961;864551;6121965;14,7177;55,1099;ÿsterled 10;0;114;0;5187;4696
8;400;4962;12; ;864552;6121941;864561;6121945;14,7178;55,1097;ÿsterled 12;0;115;0;5187;4696
8;400;4962;14; ;864560;6121925;864569;6121929;14,7179;55,1096;ÿsterled 14;0;116;0;5187;4696
8;400;4962;16; ;864567;6121912;864576;6121916;14,718;55,1094;ÿsterled 16;0;117;0;5187;4696
8;400;4962;20; ;864583;6121879;864593;6121884;14,7182;55,1091;ÿsterled 20;0;118;0;5187;4696
8;400;4962;22; ;864592;6121864;864602;6121869;14,7183;55,109;ÿsterled 22;0;119;0;5187;4696
8;400;4962;26; ;864608;6121834;864619;6121840;14,7186;55,1087;ÿsterled 26;0;120;0;5187;4696
8;400;4962;28; ;864619;6121816;864630;6121822;14,7187;55,1085;ÿsterled 28;0;121;0;5187;4696
8;400;4962;32; ;864639;6121782;864651;6121790;14,719;55,1082;ÿsterled 32;0;122;0;5187;4696
8;400;4962;34; ;864653;6121764;864663;6121771;14,7192;55,1081;ÿsterled 34;0;123;0;5187;4696
8;400;4962;36; ;864665;6121745;864676;6121753;14,7193;55,1079;ÿsterled 36;0;124;0;5187;4696
8;400;4962;37; ;864682;6121774;864668;6121764;14,7196;55,1081;ÿsterled 37;0;125;0;5187;4696
8;400;4962;35; ;864673;6121787;864659;6121778;14,7195;55,1083;ÿsterled 35;0;126;0;5187;4696
8;400;4962;33; ;864666;6121804;864649;6121793;14,7194;55,1084;ÿsterled 33;0;127;0;5187;4696
8;400;4962;31; ;864653;6121815;864640;6121806;14,7192;55,1085;ÿsterled 31;0;128;0;5187;4696
8;400;4962;29; ;864644;6121829;864631;6121821;14,7191;55,1086;ÿsterled 29;0;129;0;5187;4696
8;400;4962;27; ;864639;6121846;864622;6121835;14,7191;55,1088;ÿsterled 27;0;130;0;5187;4696
8;400;4962;25; ;864625;6121859;864612;6121851;14,7189;55,1089;ÿsterled 25;0;131;0;5187;4696
8;400;4962;23; ;864617;6121874;864603;6121866;14,7188;55,1091;ÿsterled 23;0;132;0;5187;4696
8;400;4962;21; ;864610;6121889;864595;6121881;14,7187;55,1092;ÿsterled 21;0;133;0;5187;4696
8;400;4962;19; ;864599;6121905;864586;6121898;14,7185;55,1094;ÿsterled 19;0;134;0;5187;4696
8;400;4962;17; ;864592;6121919;864578;6121912;14,7184;55,1095;ÿsterled 17;0;135;0;5187;4696
8;400;4962;15; ;864589;6121937;864570;6121927;14,7184;55,1096;ÿsterled 15;0;136;0;5187;4696
8;400;4962;13; ;864581;6121952;864563;6121943;14,7183;55,1098;ÿsterled 13;0;137;0;5187;4696
8;400;4962;11; ;864574;6121967;864555;6121957;14,7182;55,1099;ÿsterled 11;0;138;0;5187;4696
8;400;4962;9; ;864566;6121983;864547;6121973;14,7181;55,1101;ÿsterled 9;0;139;0;5187;4696
8;400;4962;7; ;864555;6121996;864540;6121989;14,7179;55,1102;ÿsterled 7;0;140;0;5187;4696
8;400;4962;5; ;864552;6122014;864533;6122005;14,7179;55,1104;ÿsterled 5;0;141;0;5187;4696
8;400;4962;3; ;864545;6122029;864526;6122020;14,7178;55,1105;ÿsterled 3;0;142;0;5187;4696
8;400;4962;1; ;864533;6122045;864518;6122038;14,7177;55,1107;ÿsterled 1;0;143;0;5187;4696
8;400;4554;5; ;864528;6122079;864533;6122063;14,7176;55,111;TornevÊrksvej 5;0;144;0;5187;4696
8;400;1665;2; ;864486;6122074;864471;6122069;14,717;55,111;H¯jvangen 2;0;145;0;5187;4696
8;400;1665;4; ;864478;6122103;864462;6122098;14,7169;55,1112;H¯jvangen 4;0;146;0;5187;4696
8;400;1665;6; ;864469;6122135;864454;6122131;14,7168;55,1115;H¯jvangen 6;1;147;0;5187;4696
8;400;4554;1;D;864338;6122097;864375;6122001;14,7147;55,1113;TornevÊrksvej 1D;1;148;0;5187;4696
8;400;4554;1; ;864107;6121953;864142;6121907;14,7109;55,1102;TornevÊrksvej 1;1;149;0;5187;4696
9;400;399;1; ;863263;6121214;863262;6121205;14,6968;55,1042;Borgergade 1;0;0;0;3421;2992
9;400;4164;60; ;863264;6121221;863255;6121225;14,6968;55,1042;Storegade 60;0;1;0;3421;2992
9;400;4164;62; ;863271;6121232;863264;6121237;14,6969;55,1043;Storegade 62;0;2;0;3421;2992
9;400;4164;64; ;863280;6121241;863273;6121247;14,6971;55,1044;Storegade 64;0;3;0;3421;2992
9;400;4164;66; ;863290;6121250;863283;6121256;14,6973;55,1045;Storegade 66;0;4;0;3421;2992
9;400;4164;70; ;863306;6121263;863299;6121270;14,6975;55,1046;Storegade 70;0;5;0;3421;2992
9;400;4164;72; ;863324;6121275;863319;6121284;14,6978;55,1047;Storegade 72;0;6;0;3421;2992
9;400;4164;74; ;863338;6121283;863333;6121291;14,698;55,1047;Storegade 74;0;7;0;3421;2992
9;400;4164;76; ;863348;6121287;863343;6121296;14,6982;55,1048;Storegade 76;0;8;0;3421;2992
9;400;4164;78; ;863357;6121291;863351;6121301;14,6984;55,1048;Storegade 78;0;9;0;3421;2992
9;400;4164;80; ;863372;6121294;863366;6121307;14,6986;55,1048;Storegade 80;0;10;0;3421;2992
9;400;4164;81; ;863393;6121323;863394;6121319;14,699;55,105;Storegade 81;0;11;0;3421;2992
9;400;4164;79; ;863386;6121320;863387;6121316;14,6988;55,105;Storegade 79;0;12;0;3421;2992
9;400;4164;87; ;863412;6121331;863413;6121327;14,6993;55,1051;Storegade 87;0;13;0;3421;2992
9;400;4164;85; ;863405;6121328;863406;6121324;14,6991;55,1051;Storegade 85;0;14;0;3421;2992
9;400;1833;2; ;863438;6121360;863429;6121364;14,6997;55,1053;KajstrÊde 2;0;15;0;3421;2992
9;400;1833;4; ;863440;6121368;863432;6121371;14,6998;55,1054;KajstrÊde 4;0;16;0;3421;2992
9;400;1833;7; ;863432;6121393;863440;6121389;14,6997;55,1056;KajstrÊde 7;0;17;0;3421;2992
9;400;1833;5; ;863438;6121391;863440;6121389;14,6997;55,1056;KajstrÊde 5;0;18;0;3421;2992
9;400;1833;8; ;863458;6121410;863450;6121412;14,7001;55,1058;KajstrÊde 8;0;19;0;3421;2992
9;400;1833;10; ;863460;6121415;863452;6121417;14,7001;55,1058;KajstrÊde 10;0;20;0;3421;2992
9;400;1833;9; ;863454;6121442;863459;6121440;14,7001;55,1061;KajstrÊde 9;0;21;0;3421;2992
9;400;1833;12; ;863472;6121452;863462;6121452;14,7004;55,1061;KajstrÊde 12;0;22;0;3421;2992
9;400;2193;2; ;863478;6121474;863470;6121478;14,7005;55,1063;Kredsen 2;0;23;0;3421;2992
9;400;2193;4; ;863480;6121479;863473;6121483;14,7005;55,1064;Kredsen 4;0;24;0;3421;2992
9;400;2193;6; ;863481;6121484;863474;6121486;14,7005;55,1064;Kredsen 6;0;25;0;3421;2992
9;400;2193;10; ;863491;6121509;863483;6121511;14,7007;55,1066;Kredsen 10;0;26;0;3421;2992
9;400;2193;12; ;863493;6121521;863487;6121522;14,7008;55,1067;Kredsen 12;0;27;0;3421;2992
9;400;2193;14; ;863496;6121528;863489;6121529;14,7008;55,1068;Kredsen 14;0;28;0;3421;2992
9;400;2193;18; ;863504;6121553;863498;6121555;14,701;55,107;Kredsen 18;0;29;0;3421;2992
9;400;2193;22; ;863511;6121580;863507;6121582;14,7011;55,1072;Kredsen 22;0;30;0;3421;2992
9;400;2193;24; ;863514;6121585;863508;6121586;14,7012;55,1073;Kredsen 24;0;31;0;3421;2992
9;400;2877;34; ;863462;6121590;863442;6121594;14,7004;55,1074;Nordre Kystvej 34;1;32;0;3421;2992
9;400;2193;32; ;863518;6121601;863513;6121602;14,7013;55,1074;Kredsen 32;0;33;0;3421;2992
9;400;2193;38; ;863547;6121606;863549;6121614;14,7017;55,1075;Kredsen 38;0;34;0;3421;2992
9;400;4155;95; ;863547;6121597;863557;6121593;14,7017;55,1074;Store Torvegade 95;0;35;0;3421;2992
9;400;4155;93; ;863545;6121589;863555;6121585;14,7017;55,1073;Store Torvegade 93;0;36;0;3421;2992
9;400;4155;91; ;863543;6121582;863553;6121578;14,7016;55,1072;Store Torvegade 91;0;37;0;3421;2992
9;400;4155;89; ;863541;6121574;863550;6121571;14,7016;55,1072;Store Torvegade 89;0;38;0;3421;2992
9;400;4155;87; ;863538;6121567;863548;6121563;14,7015;55,1071;Store Torvegade 87;0;39;0;3421;2992
9;400;4155;85; ;863535;6121557;863545;6121553;14,7015;55,107;Store Torvegade 85;0;40;0;3421;2992
9;400;4155;83; ;863530;6121542;863540;6121538;14,7014;55,1069;Store Torvegade 83;0;41;0;3421;2992
9;400;4155;79; ;863524;6121515;863533;6121512;14,7012;55,1067;Store Torvegade 79;0;42;0;3421;2992
9;400;4155;77; ;863522;6121506;863530;6121503;14,7012;55,1066;Store Torvegade 77;0;43;0;3421;2992
9;400;4155;75; ;863520;6121500;863528;6121497;14,7012;55,1065;Store Torvegade 75;0;44;0;3421;2992
9;400;4155;71; ;863517;6121491;863526;6121488;14,7011;55,1064;Store Torvegade 71;0;45;0;3421;2992
9;400;4155;69; ;863515;6121487;863525;6121484;14,7011;55,1064;Store Torvegade 69;0;46;0;3421;2992
9;400;4155;65; ;863512;6121478;863522;6121475;14,701;55,1063;Store Torvegade 65;0;47;0;3421;2992
9;400;4155;59; ;863506;6121456;863516;6121453;14,7009;55,1061;Store Torvegade 59;1;48;0;3421;2992
9;400;4155;57; ;863503;6121446;863513;6121443;14,7008;55,1061;Store Torvegade 57;1;49;0;3421;2992
9;400;4155;55; ;863498;6121428;863508;6121424;14,7007;55,1059;Store Torvegade 55;0;50;0;3421;2992
9;400;4155;53; ;863495;6121415;863505;6121412;14,7007;55,1058;Store Torvegade 53;0;51;0;3421;2992
9;400;4155;47; ;863485;6121378;863495;6121375;14,7005;55,1055;Store Torvegade 47;0;52;0;3421;2992
9;400;4155;45; ;863482;6121367;863491;6121363;14,7004;55,1054;Store Torvegade 45;0;53;0;3421;2992
9;400;4155;43; ;863479;6121349;863485;6121346;14,7003;55,1052;Store Torvegade 43;0;54;0;3421;2992
9;400;4155;41; ;863476;6121343;863483;6121340;14,7003;55,1052;Store Torvegade 41;1;55;0;3421;2992
9;400;4155;35; ;863460;6121291;863478;6121320;14,7;55,1047;Store Torvegade 35;1;56;0;3421;2992
9;400;4155;35;A;863456;6121291;863478;6121320;14,6999;55,1047;Store Torvegade 35A;0;57;0;3421;2992
9;400;4155;33;A;863453;6121286;863478;6121320;14,6998;55,1047;Store Torvegade 33A;0;58;0;3421;2992
9;400;4155;31; ;863453;6121275;863478;6121320;14,6998;55,1046;Store Torvegade 31;0;59;0;3421;2992
9;400;4155;27; ;863443;6121262;863478;6121320;14,6997;55,1045;Store Torvegade 27;0;60;0;3421;2992
9;400;4155;23; ;863438;6121254;863478;6121320;14,6996;55,1044;Store Torvegade 23;0;61;0;3421;2992
9;400;4155;13; ;863429;6121205;863478;6121320;14,6994;55,104;Store Torvegade 13;1;62;0;3421;2992
9;400;4155;11; ;863425;6121190;863478;6121320;14,6993;55,1038;Store Torvegade 11;1;63;0;3421;2992
9;400;4155;3; ;863420;6121134;863411;6121132;14,6991;55,1033;Store Torvegade 3;0;64;0;3421;2992
9;400;3855;6; ;863414;6121161;863383;6121156;14,6991;55,1036;Smallegade 6;0;65;0;3421;2992
9;400;2298;18; ;863384;6121174;863378;6121179;14,6986;55,1037;Laksegade 18;0;66;0;3421;2992
9;400;2298;20; ;863392;6121181;863386;6121186;14,6988;55,1038;Laksegade 20;0;67;0;3421;2992
9;400;2298;24; ;863422;6121200;863408;6121207;14,6993;55,1039;Laksegade 24;0;68;0;3421;2992
9;400;4155;21; ;863433;6121247;863478;6121320;14,6995;55,1043;Store Torvegade 21;1;69;0;3421;2992
9;400;4155;17; ;863415;6121222;863478;6121320;14,6992;55,1041;Store Torvegade 17;1;70;0;3421;2992
9;400;2298;21; ;863408;6121213;863408;6121207;14,6991;55,104;Laksegade 21;0;71;0;3421;2992
9;400;2298;15; ;863390;6121197;863393;6121193;14,6988;55,1039;Laksegade 15;0;72;0;3421;2992
9;400;2298;13; ;863380;6121188;863383;6121184;14,6986;55,1038;Laksegade 13;0;73;0;3421;2992
9;400;2298;11; ;863365;6121185;863370;6121172;14,6983;55,1038;Laksegade 11;0;74;0;3421;2992
9;400;2298;16; ;863370;6121164;863365;6121169;14,6984;55,1036;Laksegade 16;0;75;0;3421;2992
9;400;2298;9; ;863350;6121169;863353;6121162;14,6981;55,1037;Laksegade 9;0;76;0;3421;2992
9;400;2298;3; ;863292;6121150;863292;6121143;14,6972;55,1036;Laksegade 3;0;77;0;3421;2992
9;400;2298;1; ;863278;6121150;863277;6121142;14,6969;55,1036;Laksegade 1;0;78;0;3421;2992
9;400;2298;2;A;863267;6121131;863267;6121143;14,6968;55,1034;Laksegade 2A;0;79;0;3421;2992
9;400;2298;2; ;863285;6121139;863284;6121142;14,697;55,1035;Laksegade 2;0;80;0;3421;2992
9;400;2298;4; ;863293;6121139;863292;6121143;14,6972;55,1035;Laksegade 4;0;81;0;3421;2992
9;400;2298;10; ;863323;6121145;863321;6121150;14,6976;55,1035;Laksegade 10;0;82;0;3421;2992
9;400;2298;14; ;863358;6121158;863355;6121163;14,6982;55,1036;Laksegade 14;0;83;0;3421;2992
9;400;3657;1; ;863352;6121183;863355;6121183;14,6981;55,1038;Skindergade 1;1;84;0;3421;2992
9;400;3657;2; ;863359;6121202;863350;6121199;14,6983;55,104;Skindergade 2;0;85;0;3421;2992
9;400;3657;3; ;863342;6121213;863345;6121214;14,698;55,1041;Skindergade 3;0;86;0;3421;2992
9;400;399;26; ;863365;6121220;863362;6121227;14,6984;55,1041;Borgergade 26;0;87;0;3421;2992
9;400;399;30; ;863378;6121223;863373;6121231;14,6986;55,1042;Borgergade 30;0;88;0;3421;2992
9;400;399;25; ;863373;6121239;863376;6121233;14,6985;55,1043;Borgergade 25;0;89;0;3421;2992
9;400;399;29; ;863369;6121241;863375;6121232;14,6985;55,1043;Borgergade 29;0;90;0;3421;2992
9;400;399;23; ;863366;6121237;863368;6121229;14,6984;55,1043;Borgergade 23;0;91;0;3421;2992
9;400;399;21; ;863350;6121232;863352;6121224;14,6982;55,1043;Borgergade 21;0;92;0;3421;2992
9;400;399;31; ;863343;6121236;863347;6121222;14,6981;55,1043;Borgergade 31;0;93;0;3421;2992
9;400;399;19; ;863344;6121229;863345;6121222;14,6981;55,1042;Borgergade 19;0;94;0;3421;2992
9;400;399;24; ;863355;6121216;863352;6121224;14,6982;55,1041;Borgergade 24;0;95;0;3421;2992
9;400;399;27; ;863380;6121250;863385;6121248;14,6987;55,1044;Borgergade 27;0;96;0;3421;2992
9;400;3825;3; ;863389;6121291;863393;6121290;14,6989;55,1048;Sletten 3;0;97;0;3421;2992
9;400;3825;4; ;863401;6121272;863390;6121274;14,699;55,1046;Sletten 4;0;98;0;3421;2992
9;400;3825;6; ;863403;6121286;863393;6121287;14,6991;55,1047;Sletten 6;0;99;0;3421;2992
9;400;3825;8; ;863405;6121294;863394;6121295;14,6991;55,1048;Sletten 8;0;100;0;3421;2992
9;400;4164;84; ;863429;6121320;863424;6121331;14,6995;55,105;Storegade 84;0;101;0;3421;2992
9;400;4164;86; ;863445;6121324;863442;6121337;14,6998;55,105;Storegade 86;0;102;0;3421;2992
9;400;4164;90; ;863455;6121320;863456;6121338;14,6999;55,105;Storegade 90;0;103;0;3421;2992
9;400;4164;93; ;863463;6121343;863462;6121338;14,7001;55,1052;Storegade 93;0;104;0;3421;2992
9;400;4164;91; ;863451;6121345;863451;6121339;14,6999;55,1052;Storegade 91;0;105;0;3421;2992
9;400;4164;89; ;863431;6121342;863433;6121334;14,6996;55,1052;Storegade 89;0;106;0;3421;2992
9;400;1833;1; ;863419;6121349;863422;6121348;14,6994;55,1053;KajstrÊde 1;0;107;0;3421;2992
9;400;2976;2; ;863409;6121350;863408;6121347;14,6992;55,1053;N¯rre Bakke 2;0;108;0;3421;2992
9;400;2976;4; ;863402;6121352;863401;6121350;14,6991;55,1053;N¯rre Bakke 4;0;109;0;3421;2992
9;400;2976;6; ;863410;6121374;863401;6121378;14,6993;55,1055;N¯rre Bakke 6;0;110;0;3421;2992
9;400;2976;8; ;863417;6121385;863406;6121389;14,6994;55,1056;N¯rre Bakke 8;0;111;0;3421;2992
9;400;2976;10; ;863423;6121398;863412;6121402;14,6995;55,1057;N¯rre Bakke 10;0;112;0;3421;2992
9;400;2976;12; ;863425;6121403;863414;6121407;14,6996;55,1057;N¯rre Bakke 12;0;113;0;3421;2992
9;400;2976;14; ;863430;6121413;863419;6121417;14,6996;55,1058;N¯rre Bakke 14;0;114;0;3421;2992
9;400;2976;16; ;863434;6121420;863423;6121425;14,6997;55,1059;N¯rre Bakke 16;0;115;0;3421;2992
9;400;2976;18; ;863436;6121425;863426;6121430;14,6998;55,1059;N¯rre Bakke 18;0;116;0;3421;2992
9;400;2976;20; ;863441;6121433;863431;6121438;14,6998;55,106;N¯rre Bakke 20;0;117;0;3421;2992
9;400;2976;29; ;863432;6121465;863442;6121458;14,6998;55,1063;N¯rre Bakke 29;0;118;0;3421;2992
9;400;2976;27; ;863427;6121454;863436;6121448;14,6997;55,1062;N¯rre Bakke 27;0;119;0;3421;2992
9;400;2976;25; ;863421;6121441;863429;6121436;14,6995;55,1061;N¯rre Bakke 25;0;120;0;3421;2992
9;400;2976;19; ;863409;6121404;863412;6121402;14,6993;55,1057;N¯rre Bakke 19;0;121;0;3421;2992
9;400;2976;17; ;863406;6121397;863409;6121395;14,6993;55,1057;N¯rre Bakke 17;0;122;0;3421;2992
9;400;2976;15; ;863402;6121387;863404;6121385;14,6992;55,1056;N¯rre Bakke 15;0;123;0;3421;2992
9;400;2976;15;A;863383;6121391;863402;6121381;14,6989;55,1057;N¯rre Bakke 15A;0;124;0;3421;2992
9;400;2976;13; ;863397;6121374;863398;6121373;14,6991;55,1055;N¯rre Bakke 13;0;125;0;3421;2992
9;400;2976;11; ;863392;6121365;863394;6121363;14,699;55,1054;N¯rre Bakke 11;0;126;0;3421;2992
9;400;2976;7; ;863366;6121369;863388;6121354;14,6986;55,1055;N¯rre Bakke 7;0;127;0;3421;2992
9;400;2976;5; ;863384;6121352;863386;6121350;14,6989;55,1053;N¯rre Bakke 5;0;128;0;3421;2992
9;400;2976;3; ;863379;6121344;863381;6121342;14,6988;55,1052;N¯rre Bakke 3;0;129;0;3421;2992
9;400;2976;1; ;863368;6121326;863371;6121325;14,6986;55,1051;N¯rre Bakke 1;0;130;0;3421;2992
9;400;1017;11; ;863365;6121322;863360;6121318;14,6985;55,105;Fiskerbakken 11;0;131;0;3421;2992
9;400;1017;9; ;863347;6121334;863344;6121329;14,6983;55,1052;Fiskerbakken 9;0;132;0;3421;2992
9;400;1017;7; ;863342;6121337;863339;6121332;14,6982;55,1052;Fiskerbakken 7;0;133;0;3421;2992
9;400;1017;5; ;863335;6121342;863331;6121337;14,6981;55,1053;Fiskerbakken 5;0;134;0;3421;2992
9;400;1017;4;B;863341;6121322;863345;6121328;14,6981;55,1051;Fiskerbakken 4B;0;135;0;3421;2992
9;400;1017;6; ;863347;6121319;863350;6121324;14,6982;55,105;Fiskerbakken 6;0;136;0;3421;2992
9;400;4164;77; ;863359;6121311;863361;6121305;14,6984;55,105;Storegade 77;0;137;0;3421;2992
9;400;4164;73;B;863338;6121298;863339;6121294;14,6981;55,1049;Storegade 73B;0;138;0;3421;2992
9;400;1017;3; ;863313;6121304;863313;6121303;14,6977;55,1049;Fiskerbakken 3;0;139;0;3421;2992
9;400;4164;69;A;863303;6121276;863304;6121274;14,6975;55,1047;Storegade 69A;0;140;0;3421;2992
9;400;4164;63; ;863267;6121245;863269;6121243;14,6969;55,1044;Storegade 63;0;141;0;3421;2992
9;400;4164;61; ;863258;6121235;863260;6121232;14,6967;55,1043;Storegade 61;0;142;0;3421;2992
9;400;4164;59; ;863248;6121205;863251;6121204;14,6965;55,1041;Storegade 59;0;143;0;3421;2992
9;400;4164;53; ;863242;6121167;863245;6121166;14,6964;55,1038;Storegade 53;0;144;0;3421;2992
9;400;4164;50; ;863252;6121155;863243;6121156;14,6965;55,1036;Storegade 50;0;145;0;3421;2992
9;400;4164;52; ;863253;6121163;863244;6121164;14,6966;55,1037;Storegade 52;0;146;0;3421;2992
9;400;4164;54; ;863255;6121172;863246;6121173;14,6966;55,1038;Storegade 54;0;147;0;3421;2992
9;400;4164;56; ;863257;6121183;863248;6121184;14,6967;55,1039;Storegade 56;0;148;0;3421;2992
9;400;399;2; ;863266;6121198;863266;6121205;14,6968;55,104;Borgergade 2;0;149;0;3421;2992
9;400;399;8; ;863289;6121200;863287;6121205;14,6972;55,104;Borgergade 8;0;150;0;3421;2992
9;400;399;10; ;863296;6121201;863294;6121207;14,6973;55,104;Borgergade 10;0;151;0;3421;2992
9;400;399;12; ;863303;6121203;863301;6121209;14,6974;55,104;Borgergade 12;0;152;0;3421;2992
9;400;399;14; ;863311;6121205;863309;6121211;14,6975;55,104;Borgergade 14;0;153;0;3421;2992
9;400;399;18; ;863325;6121209;863323;6121215;14,6977;55,1041;Borgergade 18;0;154;0;3421;2992
9;400;399;20; ;863329;6121211;863327;6121216;14,6978;55,1041;Borgergade 20;0;155;0;3421;2992
9;400;399;22; ;863335;6121212;863333;6121218;14,6979;55,1041;Borgergade 22;0;156;0;3421;2992
9;400;399;13; ;863322;6121219;863323;6121215;14,6977;55,1042;Borgergade 13;0;157;0;3421;2992
9;400;399;11; ;863315;6121217;863316;6121213;14,6976;55,1041;Borgergade 11;0;158;0;3421;2992
9;400;399;9; ;863308;6121215;863309;6121211;14,6975;55,1041;Borgergade 9;0;159;0;3421;2992
9;400;399;7; ;863297;6121212;863298;6121208;14,6973;55,1041;Borgergade 7;0;160;0;3421;2992
9;400;399;5; ;863286;6121210;863287;6121205;14,6971;55,1041;Borgergade 5;0;161;0;3421;2992
9;400;399;3; ;863277;6121210;863277;6121204;14,697;55,1041;Borgergade 3;0;162;0;3421;2992
10;400;582;1; ;863567;6121397;863567;6121393;14,7018;55,1056;Byledsgade 1;0;0;0;2707;2642
10;400;582;14; ;863592;6121377;863591;6121393;14,7021;55,1054;Byledsgade 14;0;1;0;2707;2642
10;400;582;16; ;863609;6121377;863608;6121393;14,7024;55,1054;Byledsgade 16;0;2;0;2707;2642
10;400;2610;5; ;863630;6121378;863627;6121347;14,7027;55,1054;Marie Kofoeds Vej 5;0;3;0;2707;2642
10;400;2610;2; ;863633;6121322;863635;6121346;14,7027;55,1049;Marie Kofoeds Vej 2;1;4;0;2707;2642
10;400;2610;6; ;863661;6121333;863660;6121344;14,7031;55,1049;Marie Kofoeds Vej 6;0;5;0;2707;2642
10;400;2610;11; ;863659;6121351;863659;6121344;14,7031;55,1051;Marie Kofoeds Vej 11;0;6;0;2707;2642
10;400;2610;9; ;863651;6121351;863650;6121345;14,703;55,1051;Marie Kofoeds Vej 9;0;7;0;2707;2642
10;400;2610;7; ;863643;6121352;863642;6121346;14,7029;55,1051;Marie Kofoeds Vej 7;0;8;0;2707;2642
10;400;2610;1; ;863617;6121352;863616;6121349;14,7025;55,1051;Marie Kofoeds Vej 1;0;9;0;2707;2642
10;400;2772;25; ;863606;6121366;863614;6121362;14,7023;55,1053;M¯llegade 25;0;10;0;2707;2642
10;400;2772;21; ;863598;6121348;863605;6121344;14,7022;55,1051;M¯llegade 21;0;11;0;2707;2642
10;400;2772;19; ;863595;6121341;863602;6121337;14,7021;55,105;M¯llegade 19;0;12;0;2707;2642
10;400;2772;17; ;863587;6121329;863596;6121324;14,702;55,1049;M¯llegade 17;0;13;0;2707;2642
10;400;2772;38; ;863604;6121325;863598;6121327;14,7022;55,1049;M¯llegade 38;0;14;0;2707;2642
10;400;2772;34; ;863609;6121312;863594;6121318;14,7023;55,1048;M¯llegade 34;0;15;0;2707;2642
10;400;2772;36; ;863602;6121311;863592;6121315;14,7022;55,1048;M¯llegade 36;0;16;0;2707;2642
10;400;2772;30; ;863594;6121304;863588;6121306;14,7021;55,1047;M¯llegade 30;0;17;0;2707;2642
10;400;2772;9; ;863564;6121274;863572;6121270;14,7016;55,1045;M¯llegade 9;0;18;0;2707;2642
10;400;2772;7; ;863561;6121268;863569;6121264;14,7015;55,1044;M¯llegade 7;0;19;0;2707;2642
10;400;2772;24; ;863575;6121260;863569;6121262;14,7017;55,1043;M¯llegade 24;0;20;0;2707;2642
10;400;2772;22;A;863581;6121245;863564;6121252;14,7018;55,1042;M¯llegade 22A;0;21;0;2707;2642
10;400;2772;22;B;863587;6121243;863564;6121252;14,7019;55,1042;M¯llegade 22B;0;22;0;2707;2642
10;400;2772;24;A;863585;6121254;863568;6121261;14,7019;55,1043;M¯llegade 24A;0;23;0;2707;2642
10;400;2772;24;B;863593;6121251;863568;6121261;14,702;55,1042;M¯llegade 24B;0;24;0;2707;2642
10;400;2772;24;D;863610;6121246;863569;6121263;14,7022;55,1042;M¯llegade 24D;0;25;0;2707;2642
10;400;2772;24;C;863601;6121248;863569;6121261;14,7021;55,1042;M¯llegade 24C;0;26;0;2707;2642
10;400;2772;3; ;863548;6121237;863556;6121233;14,7013;55,1042;M¯llegade 3;0;27;0;2707;2642
10;400;2772;16; ;863561;6121229;863555;6121231;14,7015;55,1041;M¯llegade 16;0;28;0;2707;2642
10;400;2772;18; ;863565;6121238;863559;6121240;14,7015;55,1042;M¯llegade 18;0;29;0;2707;2642
10;400;2772;10; ;863548;6121200;863542;6121202;14,7012;55,1038;M¯llegade 10;0;30;0;2707;2642
10;400;2772;12; ;863550;6121206;863545;6121208;14,7013;55,1039;M¯llegade 12;0;31;0;2707;2642
10;400;2772;14; ;863554;6121214;863548;6121216;14,7013;55,1039;M¯llegade 14;0;32;0;2707;2642
10;400;2772;8; ;863535;6121181;863531;6121184;14,701;55,1037;M¯llegade 8;0;33;0;2707;2642
10;400;2772;6; ;863530;6121177;863527;6121182;14,7009;55,1036;M¯llegade 6;0;34;0;2707;2642
10;400;2991;14; ;863521;6121197;863514;6121199;14,7008;55,1038;N¯rregade 14;0;35;0;2707;2642
10;400;2991;16; ;863527;6121214;863520;6121216;14,7009;55,104;N¯rregade 16;0;36;0;2707;2642
10;400;2991;20; ;863531;6121229;863525;6121230;14,701;55,1041;N¯rregade 20;0;37;0;2707;2642
10;400;2991;22; ;863534;6121236;863526;6121237;14,701;55,1042;N¯rregade 22;0;38;0;2707;2642
10;400;2991;24; ;863536;6121246;863529;6121247;14,7011;55,1042;N¯rregade 24;0;39;0;2707;2642
10;400;2991;26; ;863537;6121256;863531;6121257;14,7011;55,1043;N¯rregade 26;0;40;0;2707;2642
10;400;2991;28; ;863540;6121269;863533;6121270;14,7012;55,1044;N¯rregade 28;0;41;0;2707;2642
10;400;2991;30; ;863541;6121274;863534;6121275;14,7012;55,1045;N¯rregade 30;0;42;0;2707;2642
10;400;2373;2; ;863550;6121309;863551;6121318;14,7014;55,1048;Lille TvÊrstrÊde 2;0;43;0;2707;2642
10;400;2373;4; ;863575;6121303;863577;6121313;14,7018;55,1047;Lille TvÊrstrÊde 4;0;44;0;2707;2642
10;400;2373;1; ;863567;6121317;863566;6121315;14,7017;55,1049;Lille TvÊrstrÊde 1;0;45;0;2707;2642
10;400;2991;38; ;863551;6121322;863543;6121323;14,7014;55,1049;N¯rregade 38;0;46;0;2707;2642
10;400;2991;40; ;863552;6121334;863545;6121335;14,7015;55,105;N¯rregade 40;0;47;0;2707;2642
10;400;2991;42;A;863557;6121346;863547;6121347;14,7015;55,1051;N¯rregade 42A;0;48;0;2707;2642
10;400;2991;42;B;863557;6121350;863548;6121351;14,7016;55,1052;N¯rregade 42B;0;49;0;2707;2642
10;400;2991;35; ;863531;6121331;863544;6121328;14,7011;55,105;N¯rregade 35;0;50;0;2707;2642
10;400;4608;4; ;863508;6121306;863509;6121315;14,7007;55,1048;TvÊrstrÊde 4;0;51;0;2707;2642
10;400;4608;6; ;863519;6121304;863520;6121314;14,7009;55,1048;TvÊrstrÊde 6;1;52;0;2707;2642
10;400;2991;29; ;863516;6121278;863534;6121274;14,7008;55,1045;N¯rregade 29;0;53;0;2707;2642
10;400;2991;27; ;863524;6121276;863534;6121273;14,7009;55,1045;N¯rregade 27;0;54;0;2707;2642
10;400;2991;23; ;863522;6121259;863531;6121257;14,7009;55,1044;N¯rregade 23;0;55;0;2707;2642
10;400;2991;21; ;863521;6121248;863528;6121246;14,7009;55,1043;N¯rregade 21;0;56;0;2707;2642
10;400;2583;3; ;863505;6121240;863505;6121232;14,7006;55,1042;MagstrÊde 3;0;57;0;2707;2642
10;400;2583;8; ;863492;6121225;863491;6121232;14,7004;55,1041;MagstrÊde 8;0;58;0;2707;2642
10;400;2583;10; ;863499;6121225;863498;6121232;14,7005;55,1041;MagstrÊde 10;0;59;0;2707;2642
10;400;2583;4; ;863474;6121225;863473;6121231;14,7001;55,1041;MagstrÊde 4;0;60;0;2707;2642
10;400;2583;6; ;863485;6121225;863482;6121231;14,7003;55,1041;MagstrÊde 6;0;61;0;2707;2642
10;400;2583;2; ;863460;6121223;863459;6121230;14,6999;55,1041;MagstrÊde 2;0;62;0;2707;2642
10;400;4155;20; ;863459;6121244;863535;6121521;14,6999;55,1043;Store Torvegade 20;1;63;0;2707;2642
10;400;4155;22;A;863464;6121268;863535;6121521;14,7;55,1045;Store Torvegade 22A;1;64;0;2707;2642
10;400;4155;22;C;863471;6121284;863535;6121521;14,7001;55,1046;Store Torvegade 22C;0;65;0;2707;2642
10;400;4155;24; ;863479;6121306;863535;6121521;14,7003;55,1048;Store Torvegade 24;0;66;0;2707;2642
10;400;4608;2; ;863491;6121307;863492;6121318;14,7005;55,1048;TvÊrstrÊde 2;0;67;0;2707;2642
10;400;4608;1; ;863489;6121321;863488;6121318;14,7005;55,105;TvÊrstrÊde 1;0;68;0;2707;2642
10;400;4155;26; ;863490;6121336;863482;6121338;14,7005;55,1051;Store Torvegade 26;1;69;0;2707;2642
10;400;4155;26;A;863493;6121346;863485;6121348;14,7005;55,1052;Store Torvegade 26A;0;70;0;2707;2642
10;400;4155;34; ;863501;6121370;863494;6121372;14,7007;55,1054;Store Torvegade 34;0;71;0;2707;2642
10;400;4155;34;B;863509;6121378;863496;6121381;14,7008;55,1054;Store Torvegade 34B;0;72;0;2707;2642
10;400;582;6; ;863528;6121380;863527;6121393;14,7011;55,1054;Byledsgade 6;0;73;0;2707;2642
10;400;582;8; ;863537;6121380;863536;6121393;14,7013;55,1054;Byledsgade 8;0;74;0;2707;2642
10;400;4155;36;A;863513;6121408;863504;6121410;14,7009;55,1057;Store Torvegade 36A;0;75;0;2707;2642
10;400;4155;36;B;863518;6121428;863510;6121430;14,701;55,1059;Store Torvegade 36B;0;76;0;2707;2642
10;400;4155;38; ;863521;6121445;863514;6121446;14,7011;55,106;Store Torvegade 38;0;77;0;2707;2642
10;400;4155;40; ;863523;6121452;863516;6121453;14,7011;55,1061;Store Torvegade 40;1;78;0;2707;2642
10;400;4155;42; ;863528;6121471;863522;6121472;14,7013;55,1063;Store Torvegade 42;0;79;0;2707;2642
10;400;4155;46; ;863532;6121487;863526;6121488;14,7013;55,1064;Store Torvegade 46;0;80;0;2707;2642
10;400;4155;48; ;863536;6121497;863529;6121498;14,7014;55,1065;Store Torvegade 48;0;81;0;2707;2642
10;400;426;1; ;863546;6121522;863545;6121518;14,7016;55,1067;Bredgade 1;0;82;0;2707;2642
10;400;4155;50; ;863546;6121531;863539;6121533;14,7016;55,1068;Store Torvegade 50;0;83;0;2707;2642
10;400;4155;56; ;863556;6121569;863550;6121570;14,7018;55,1071;Store Torvegade 56;0;84;0;2707;2642
10;400;4155;58; ;863559;6121578;863553;6121579;14,7019;55,1072;Store Torvegade 58;0;85;0;2707;2642
10;400;4155;60; ;863562;6121589;863556;6121590;14,7019;55,1073;Store Torvegade 60;0;86;0;2707;2642
10;400;4155;66; ;863570;6121622;863566;6121623;14,7021;55,1076;Store Torvegade 66;0;87;0;2707;2642
10;400;4155;68; ;863574;6121634;863569;6121635;14,7022;55,1077;Store Torvegade 68;0;88;0;2707;2642
10;400;4155;70; ;863577;6121648;863573;6121648;14,7022;55,1078;Store Torvegade 70;0;89;0;2707;2642
10;400;4155;72; ;863580;6121658;863576;6121658;14,7023;55,1079;Store Torvegade 72;0;90;0;2707;2642
10;400;2772;47; ;863600;6121588;863611;6121589;14,7025;55,1073;M¯llegade 47;0;91;0;2707;2642
10;400;2772;45; ;863600;6121580;863612;6121581;14,7025;55,1072;M¯llegade 45;0;92;0;2707;2642
10;400;2772;43; ;863601;6121570;863613;6121571;14,7025;55,1071;M¯llegade 43;0;93;0;2707;2642
10;400;2772;41; ;863601;6121563;863613;6121564;14,7025;55,107;M¯llegade 41;0;94;0;2707;2642
10;400;2772;39; ;863602;6121557;863614;6121558;14,7025;55,107;M¯llegade 39;0;95;0;2707;2642
10;400;2772;37; ;863603;6121549;863615;6121550;14,7025;55,1069;M¯llegade 37;0;96;0;2707;2642
10;400;2772;35; ;863604;6121542;863616;6121543;14,7025;55,1068;M¯llegade 35;0;97;0;2707;2642
10;400;2772;31; ;863605;6121529;863617;6121530;14,7025;55,1067;M¯llegade 31;0;98;0;2707;2642
10;400;426;13; ;863606;6121506;863605;6121503;14,7025;55,1065;Bredgade 13;0;99;0;2707;2642
10;400;426;9; ;863588;6121511;863587;6121508;14,7022;55,1066;Bredgade 9;0;100;0;2707;2642
10;400;426;7; ;863577;6121513;863576;6121510;14,7021;55,1066;Bredgade 7;0;101;0;2707;2642
10;400;426;5; ;863571;6121515;863570;6121512;14,702;55,1066;Bredgade 5;0;102;0;2707;2642
10;400;426;4; ;863564;6121501;863567;6121513;14,7019;55,1065;Bredgade 4;0;103;0;2707;2642
10;400;426;8; ;863583;6121497;863585;6121508;14,7021;55,1065;Bredgade 8;0;104;0;2707;2642
10;400;426;10; ;863590;6121495;863593;6121506;14,7023;55,1064;Bredgade 10;0;105;0;2707;2642
10;400;426;12; ;863600;6121492;863603;6121503;14,7024;55,1064;Bredgade 12;0;106;0;2707;2642
10;400;2772;29; ;863608;6121488;863621;6121488;14,7025;55,1064;M¯llegade 29;0;107;0;2707;2642
10;400;3501;11; ;863562;6121468;863587;6121444;14,7018;55,1062;Sandgade 11;1;108;0;2707;2642
10;400;3501;9; ;863577;6121459;863589;6121446;14,702;55,1061;Sandgade 9;0;109;0;2707;2642
10;400;3501;7; ;863579;6121445;863583;6121440;14,702;55,106;Sandgade 7;0;110;0;2707;2642
10;400;3501;5; ;863568;6121435;863573;6121429;14,7018;55,1059;Sandgade 5;0;111;0;2707;2642
10;400;3501;3; ;863557;6121423;863562;6121417;14,7016;55,1058;Sandgade 3;0;112;0;2707;2642
10;400;3501;1; ;863547;6121408;863555;6121405;14,7015;55,1057;Sandgade 1;0;113;0;2707;2642
10;400;3501;2; ;863578;6121422;863572;6121427;14,702;55,1058;Sandgade 2;0;114;0;2707;2642
10;400;3501;4; ;863582;6121425;863575;6121431;14,702;55,1058;Sandgade 4;0;115;0;2707;2642
10;400;3501;6; ;863588;6121432;863581;6121437;14,7021;55,1059;Sandgade 6;0;116;0;2707;2642
10;400;3501;8; ;863602;6121446;863595;6121452;14,7024;55,106;Sandgade 8;0;117;0;2707;2642
10;400;2772;27;B;863615;6121447;863624;6121447;14,7026;55,106;M¯llegade 27B;0;118;0;2707;2642
10;400;2772;27;A;863615;6121432;863626;6121433;14,7026;55,1059;M¯llegade 27A;0;119;0;2707;2642
10;400;582;7; ;863611;6121398;863611;6121393;14,7025;55,1055;Byledsgade 7;0;120;0;2707;2642
10;400;582;5; ;863601;6121398;863601;6121393;14,7023;55,1056;Byledsgade 5;0;121;0;2707;2642
11;400;36;1; ;863707;6121634;863706;6121626;14,7042;55,1076;Absalonsgade 1;0;0;0;3739;3720
11;400;2352;108; ;863709;6121651;863698;6121653;14,7043;55,1077;Lille Madsegade 108;0;1;0;3739;3720
11;400;2352;110; ;863711;6121658;863700;6121660;14,7043;55,1078;Lille Madsegade 110;0;2;0;3739;3720
11;400;2352;112; ;863712;6121664;863701;6121666;14,7044;55,1079;Lille Madsegade 112;0;3;0;3739;3720
11;400;2352;116; ;863732;6121724;863712;6121725;14,7048;55,1084;Lille Madsegade 116;0;4;0;3739;3720
11;400;2352;125; ;863698;6121735;863698;6121749;14,7042;55,1085;Lille Madsegade 125;0;5;0;3739;3720
11;400;2352;121; ;863689;6121662;863699;6121659;14,704;55,1079;Lille Madsegade 121;0;6;0;3739;3720
11;400;1839;25; ;863683;6121662;863681;6121653;14,7039;55,1079;KalkbrÊnderivej 25;0;7;0;3739;3720
11;400;1839;23; ;863676;6121663;863674;6121654;14,7038;55,1079;KalkbrÊnderivej 23;0;8;0;3739;3720
11;400;1839;19; ;863660;6121666;863658;6121658;14,7036;55,1079;KalkbrÊnderivej 19;0;9;0;3739;3720
11;400;1839;17; ;863651;6121668;863649;6121660;14,7034;55,1079;KalkbrÊnderivej 17;0;10;0;3739;3720
11;400;1839;15; ;863643;6121670;863641;6121661;14,7033;55,108;KalkbrÊnderivej 15;0;11;0;3739;3720
11;400;1839;9; ;863614;6121675;863614;6121664;14,7029;55,108;KalkbrÊnderivej 9;0;12;0;3739;3720
11;400;2772;76; ;863616;6121584;863611;6121583;14,7028;55,1072;M¯llegade 76;0;13;0;3739;3720
11;400;2772;46; ;863648;6121448;863625;6121445;14,7031;55,106;M¯llegade 46;1;14;0;3739;3720
11;400;2772;48; ;863628;6121456;863624;6121455;14,7028;55,1061;M¯llegade 48;0;15;0;3739;3720
11;400;2772;54; ;863626;6121480;863622;6121479;14,7028;55,1063;M¯llegade 54;0;16;0;3739;3720
11;400;2772;56; ;863625;6121492;863621;6121491;14,7028;55,1064;M¯llegade 56;0;17;0;3739;3720
11;400;2772;58; ;863624;6121500;863620;6121500;14,7028;55,1065;M¯llegade 58;0;18;0;3739;3720
11;400;2772;60; ;863623;6121512;863619;6121511;14,7028;55,1066;M¯llegade 60;0;19;0;3739;3720
11;400;2772;62; ;863622;6121519;863618;6121518;14,7028;55,1066;M¯llegade 62;0;20;0;3739;3720
11;400;2772;64;A;863620;6121534;863617;6121533;14,7028;55,1068;M¯llegade 64A;0;21;0;3739;3720
11;400;2772;66; ;863619;6121548;863615;6121547;14,7028;55,1069;M¯llegade 66;0;22;0;3739;3720
11;400;2772;68; ;863618;6121554;863615;6121553;14,7028;55,1069;M¯llegade 68;0;23;0;3739;3720
11;400;2772;72; ;863617;6121570;863613;6121569;14,7028;55,1071;M¯llegade 72;0;24;0;3739;3720
11;400;2772;78; ;863615;6121593;863610;6121592;14,7028;55,1073;M¯llegade 78;0;25;0;3739;3720
11;400;2772;80; ;863614;6121598;863610;6121597;14,7028;55,1073;M¯llegade 80;0;26;0;3739;3720
11;400;2772;82; ;863613;6121607;863609;6121606;14,7028;55,1074;M¯llegade 82;0;27;0;3739;3720
11;400;2772;84; ;863612;6121615;863608;6121614;14,7028;55,1075;M¯llegade 84;0;28;0;3739;3720
11;400;2772;86;A;863621;6121626;863607;6121625;14,7029;55,1076;M¯llegade 86A;0;29;0;3739;3720
11;400;2772;86;B;863611;6121636;863607;6121635;14,7028;55,1077;M¯llegade 86B;0;30;0;3739;3720
11;400;2772;88; ;863612;6121651;863605;6121650;14,7028;55,1078;M¯llegade 88;0;31;0;3739;3720
11;400;1839;2; ;863614;6121659;863613;6121664;14,7028;55,1079;KalkbrÊnderivej 2;0;32;0;3739;3720
11;400;1839;4; ;863644;6121654;863645;6121660;14,7033;55,1078;KalkbrÊnderivej 4;0;33;0;3739;3720
11;400;1839;12; ;863671;6121649;863672;6121655;14,7037;55,1077;KalkbrÊnderivej 12;0;34;0;3739;3720
11;400;1839;14; ;863680;6121647;863681;6121653;14,7038;55,1077;KalkbrÊnderivej 14;0;35;0;3739;3720
11;400;2352;119; ;863685;6121645;863695;6121642;14,7039;55,1077;Lille Madsegade 119;0;36;0;3739;3720
11;400;2352;117; ;863681;6121625;863690;6121622;14,7038;55,1075;Lille Madsegade 117;0;37;0;3739;3720
11;400;2352;115; ;863679;6121619;863688;6121616;14,7038;55,1075;Lille Madsegade 115;0;38;0;3739;3720
11;400;2352;113; ;863678;6121612;863687;6121609;14,7038;55,1074;Lille Madsegade 113;0;39;0;3739;3720
11;400;2352;111; ;863676;6121597;863684;6121596;14,7037;55,1073;Lille Madsegade 111;0;40;0;3739;3720
11;400;2352;107; ;863674;6121579;863683;6121578;14,7037;55,1071;Lille Madsegade 107;0;41;0;3739;3720
11;400;2352;105; ;863674;6121573;863682;6121572;14,7037;55,1071;Lille Madsegade 105;0;42;0;3739;3720
11;400;2352;103; ;863674;6121564;863681;6121563;14,7036;55,107;Lille Madsegade 103;0;43;0;3739;3720
11;400;2352;99; ;863672;6121546;863680;6121545;14,7036;55,1068;Lille Madsegade 99;0;44;0;3739;3720
11;400;2352;97; ;863672;6121540;863679;6121539;14,7036;55,1068;Lille Madsegade 97;0;45;0;3739;3720
11;400;2352;95; ;863671;6121531;863678;6121530;14,7036;55,1067;Lille Madsegade 95;0;46;0;3739;3720
11;400;2352;93; ;863671;6121525;863678;6121524;14,7035;55,1066;Lille Madsegade 93;0;47;0;3739;3720
11;400;2352;91; ;863670;6121516;863677;6121515;14,7035;55,1066;Lille Madsegade 91;0;48;0;3739;3720
11;400;2352;89; ;863669;6121510;863676;6121509;14,7035;55,1065;Lille Madsegade 89;0;49;0;3739;3720
11;400;2352;87; ;863669;6121501;863677;6121501;14,7035;55,1064;Lille Madsegade 87;0;50;0;3739;3720
11;400;2352;85; ;863670;6121496;863677;6121496;14,7035;55,1064;Lille Madsegade 85;0;51;0;3739;3720
11;400;2352;83; ;863669;6121486;863678;6121487;14,7035;55,1063;Lille Madsegade 83;0;52;0;3739;3720
11;400;2352;81; ;863670;6121479;863679;6121479;14,7035;55,1062;Lille Madsegade 81;0;53;0;3739;3720
11;400;2352;79; ;863671;6121470;863680;6121470;14,7035;55,1061;Lille Madsegade 79;0;54;0;3739;3720
11;400;2352;77; ;863672;6121463;863681;6121463;14,7035;55,1061;Lille Madsegade 77;0;55;0;3739;3720
11;400;2352;75;A;863673;6121451;863682;6121451;14,7035;55,106;Lille Madsegade 75A;0;56;0;3739;3720
11;400;582;11; ;863671;6121434;863673;6121431;14,7034;55,1058;Byledsgade 11;0;57;0;3739;3720
11;400;582;9; ;863653;6121422;863655;6121418;14,7031;55,1057;Byledsgade 9;0;58;0;3739;3720
11;400;582;18; ;863633;6121386;863627;6121393;14,7028;55,1054;Byledsgade 18;0;59;0;3739;3720
11;400;582;20; ;863636;6121384;863627;6121393;14,7028;55,1054;Byledsgade 20;0;60;0;3739;3720
11;400;582;22; ;863641;6121395;863631;6121400;14,7029;55,1055;Byledsgade 22;0;61;0;3739;3720
11;400;582;26; ;863653;6121400;863645;6121411;14,7031;55,1055;Byledsgade 26;0;62;0;3739;3720
11;400;582;28; ;863665;6121412;863658;6121420;14,7033;55,1056;Byledsgade 28;0;63;0;3739;3720
11;400;582;32; ;863710;6121448;863703;6121455;14,7041;55,1059;Byledsgade 32;0;64;0;3739;3720
11;400;582;40; ;863733;6121466;863726;6121473;14,7044;55,1061;Byledsgade 40;0;65;0;3739;3720
11;400;582;48; ;863767;6121493;863759;6121501;14,705;55,1063;Byledsgade 48;0;66;0;3739;3720
11;400;582;50; ;863790;6121511;863782;6121520;14,7054;55,1064;Byledsgade 50;0;67;0;3739;3720
11;400;582;52; ;863794;6121515;863786;6121523;14,7055;55,1065;Byledsgade 52;0;68;0;3739;3720
11;400;582;54; ;863805;6121524;863797;6121532;14,7056;55,1065;Byledsgade 54;0;69;0;3739;3720
11;400;582;56; ;863811;6121529;863803;6121537;14,7057;55,1066;Byledsgade 56;0;70;0;3739;3720
11;400;582;58; ;863820;6121536;863812;6121545;14,7059;55,1066;Byledsgade 58;0;71;0;3739;3720
11;400;582;60; ;863831;6121547;863824;6121555;14,7061;55,1067;Byledsgade 60;0;72;0;3739;3720
11;400;582;64; ;863845;6121559;863838;6121566;14,7063;55,1068;Byledsgade 64;0;73;0;3739;3720
11;400;582;68; ;863860;6121571;863853;6121579;14,7066;55,1069;Byledsgade 68;0;74;0;3739;3720
11;400;582;72; ;863874;6121582;863867;6121590;14,7068;55,107;Byledsgade 72;0;75;0;3739;3720
11;400;582;75; ;863952;6121679;863962;6121669;14,7081;55,1078;Byledsgade 75;0;76;0;3739;3720
11;400;582;71; ;863939;6121661;863946;6121653;14,7079;55,1077;Byledsgade 71;0;77;0;3739;3720
11;400;582;69; ;863931;6121653;863938;6121645;14,7078;55,1076;Byledsgade 69;0;78;0;3739;3720
11;400;582;67; ;863928;6121649;863934;6121642;14,7077;55,1076;Byledsgade 67;0;79;0;3739;3720
11;400;582;65; ;863919;6121641;863924;6121633;14,7076;55,1075;Byledsgade 65;0;80;0;3739;3720
11;400;582;63; ;863914;6121637;863919;6121629;14,7075;55,1075;Byledsgade 63;0;81;0;3739;3720
11;400;582;61; ;863903;6121630;863908;6121621;14,7073;55,1074;Byledsgade 61;0;82;0;3739;3720
11;400;867;8; ;863875;6121656;863864;6121661;14,7069;55,1077;Eginsgade 8;0;83;0;3739;3720
11;400;867;10; ;863875;6121663;863864;6121663;14,7069;55,1077;Eginsgade 10;0;84;0;3739;3720
11;400;867;14; ;863875;6121678;863865;6121678;14,7069;55,1079;Eginsgade 14;0;85;0;3739;3720
11;400;867;16; ;863875;6121685;863865;6121685;14,7069;55,1079;Eginsgade 16;0;86;0;3739;3720
11;400;867;20; ;863876;6121698;863865;6121698;14,707;55,108;Eginsgade 20;0;87;0;3739;3720
11;400;867;22; ;863876;6121704;863866;6121704;14,707;55,1081;Eginsgade 22;0;88;0;3739;3720
11;400;513;13; ;863887;6121731;863886;6121734;14,7072;55,1083;Br¯ndsh¯j 13;0;89;0;3739;3720
11;400;513;11; ;863909;6121732;863908;6121737;14,7075;55,1083;Br¯ndsh¯j 11;0;90;0;3739;3720
11;400;513;7; ;863936;6121732;863936;6121741;14,708;55,1083;Br¯ndsh¯j 7;0;91;0;3739;3720
11;400;513;5; ;863951;6121731;863952;6121740;14,7082;55,1083;Br¯ndsh¯j 5;0;92;0;3739;3720
11;400;513;3; ;863966;6121732;863967;6121736;14,7084;55,1083;Br¯ndsh¯j 3;0;93;0;3739;3720
11;400;513;1; ;863981;6121724;863983;6121728;14,7086;55,1082;Br¯ndsh¯j 1;0;94;0;3739;3720
11;400;513;2; ;863991;6121740;863984;6121728;14,7088;55,1083;Br¯ndsh¯j 2;0;95;0;3739;3720
11;400;513;4; ;863980;6121746;863973;6121733;14,7087;55,1084;Br¯ndsh¯j 4;0;96;0;3739;3720
11;400;513;6; ;863968;6121752;863962;6121738;14,7085;55,1084;Br¯ndsh¯j 6;0;97;0;3739;3720
11;400;513;10; ;863941;6121756;863940;6121741;14,7081;55,1085;Br¯ndsh¯j 10;0;98;0;3739;3720
11;400;513;12; ;863928;6121755;863930;6121740;14,7079;55,1085;Br¯ndsh¯j 12;0;99;0;3739;3720
11;400;513;14; ;863915;6121753;863917;6121738;14,7076;55,1085;Br¯ndsh¯j 14;0;100;0;3739;3720
11;400;513;16; ;863881;6121750;863879;6121735;14,7071;55,1085;Br¯ndsh¯j 16;0;101;0;3739;3720
11;400;513;18; ;863868;6121753;863855;6121751;14,7069;55,1085;Br¯ndsh¯j 18;0;102;0;3739;3720
11;400;513;20; ;863856;6121767;863855;6121751;14,7067;55,1087;Br¯ndsh¯j 20;0;103;0;3739;3720
11;400;513;22; ;863843;6121756;863851;6121747;14,7065;55,1086;Br¯ndsh¯j 22;0;104;0;3739;3720
11;400;513;24; ;863833;6121747;863846;6121741;14,7064;55,1085;Br¯ndsh¯j 24;0;105;0;3739;3720
11;400;867;17; ;863854;6121729;863866;6121707;14,7067;55,1083;Eginsgade 17;0;106;0;3739;3720
11;400;867;15; ;863861;6121703;863865;6121702;14,7067;55,1081;Eginsgade 15;0;107;0;3739;3720
11;400;867;11; ;863860;6121689;863865;6121688;14,7067;55,108;Eginsgade 11;0;108;0;3739;3720
11;400;867;9; ;863860;6121682;863865;6121681;14,7067;55,1079;Eginsgade 9;0;109;0;3739;3720
11;400;867;7; ;863860;6121674;863865;6121673;14,7067;55,1078;Eginsgade 7;0;110;0;3739;3720
11;400;432;130; ;863834;6121704;863817;6121690;14,7063;55,1081;Borgmester Nielsens Vej 130;0;111;0;3739;3720
11;400;432;132; ;863823;6121718;863806;6121703;14,7062;55,1083;Borgmester Nielsens Vej 132;0;112;0;3739;3720
11;400;432;138; ;863797;6121762;863773;6121741;14,7058;55,1087;Borgmester Nielsens Vej 138;0;113;0;3739;3720
11;400;432;140; ;863778;6121771;863760;6121756;14,7055;55,1088;Borgmester Nielsens Vej 140;0;114;0;3739;3720
11;400;432;142; ;863690;6121866;863677;6121853;14,7043;55,1097;Borgmester Nielsens Vej 142;0;115;0;3739;3720
11;400;432;153; ;863679;6121829;863690;6121838;14,7041;55,1094;Borgmester Nielsens Vej 153;0;116;0;3739;3720
11;400;432;145; ;863730;6121769;863741;6121778;14,7048;55,1088;Borgmester Nielsens Vej 145;0;117;0;3739;3720
11;400;432;141; ;863772;6121723;863782;6121731;14,7054;55,1083;Borgmester Nielsens Vej 141;0;118;0;3739;3720
11;400;432;139; ;863785;6121706;863796;6121715;14,7056;55,1082;Borgmester Nielsens Vej 139;0;119;0;3739;3720
11;400;432;137; ;863796;6121691;863808;6121701;14,7057;55,108;Borgmester Nielsens Vej 137;0;120;0;3739;3720
11;400;432;135; ;863811;6121676;863821;6121685;14,7059;55,1079;Borgmester Nielsens Vej 135;0;121;0;3739;3720
11;400;432;131;B;863835;6121649;863845;6121657;14,7063;55,1076;Borgmester Nielsens Vej 131B;0;122;0;3739;3720
11;400;582;59; ;863856;6121593;863861;6121586;14,7065;55,1071;Byledsgade 59;0;123;0;3739;3720
11;400;582;57; ;863842;6121575;863844;6121571;14,7063;55,107;Byledsgade 57;0;124;0;3739;3720
11;400;582;53; ;863829;6121564;863831;6121561;14,7061;55,1069;Byledsgade 53;0;125;0;3739;3720
11;400;582;51; ;863820;6121557;863822;6121553;14,7059;55,1068;Byledsgade 51;0;126;0;3739;3720
11;400;582;49; ;863816;6121553;863818;6121550;14,7058;55,1068;Byledsgade 49;0;127;0;3739;3720
11;400;582;45; ;863803;6121542;863805;6121539;14,7056;55,1067;Byledsgade 45;0;128;0;3739;3720
11;400;582;43; ;863795;6121535;863797;6121532;14,7055;55,1066;Byledsgade 43;0;129;0;3739;3720
11;400;582;41; ;863790;6121530;863791;6121528;14,7054;55,1066;Byledsgade 41;0;130;0;3739;3720
11;400;582;39; ;863778;6121521;863780;6121518;14,7052;55,1065;Byledsgade 39;0;131;0;3739;3720
11;400;582;35; ;863766;6121511;863768;6121508;14,705;55,1064;Byledsgade 35;0;132;0;3739;3720
11;400;582;33; ;863760;6121506;863762;6121503;14,7049;55,1064;Byledsgade 33;0;133;0;3739;3720
11;400;582;31; ;863754;6121501;863756;6121498;14,7048;55,1064;Byledsgade 31;0;134;0;3739;3720
11;400;582;29; ;863744;6121493;863746;6121490;14,7047;55,1063;Byledsgade 29;0;135;0;3739;3720
11;400;582;27; ;863740;6121489;863741;6121486;14,7046;55,1063;Byledsgade 27;0;136;0;3739;3720
11;400;582;25; ;863733;6121483;863734;6121480;14,7045;55,1062;Byledsgade 25;0;137;0;3739;3720
11;400;582;23; ;863728;6121479;863729;6121476;14,7044;55,1062;Byledsgade 23;0;138;0;3739;3720
11;400;582;21; ;863721;6121473;863722;6121470;14,7043;55,1061;Byledsgade 21;0;139;0;3739;3720
11;400;582;19; ;863716;6121470;863718;6121467;14,7042;55,1061;Byledsgade 19;0;140;0;3739;3720
11;400;582;17; ;863710;6121464;863711;6121461;14,7041;55,1061;Byledsgade 17;0;141;0;3739;3720
11;400;582;13; ;863694;6121452;863696;6121449;14,7038;55,106;Byledsgade 13;0;142;0;3739;3720
11;400;2352;72; ;863686;6121451;863682;6121450;14,7037;55,106;Lille Madsegade 72;0;143;0;3739;3720
11;400;2352;74; ;863684;6121470;863680;6121469;14,7037;55,1061;Lille Madsegade 74;0;144;0;3739;3720
11;400;2352;78; ;863683;6121487;863678;6121486;14,7037;55,1063;Lille Madsegade 78;0;145;0;3739;3720
11;400;2352;80; ;863682;6121493;863678;6121492;14,7037;55,1063;Lille Madsegade 80;0;146;0;3739;3720
11;400;2352;82; ;863682;6121506;863677;6121505;14,7037;55,1065;Lille Madsegade 82;0;147;0;3739;3720
11;400;2352;84; ;863683;6121513;863677;6121513;14,7037;55,1065;Lille Madsegade 84;0;148;0;3739;3720
11;400;2352;86; ;863683;6121524;863678;6121524;14,7037;55,1066;Lille Madsegade 86;0;149;0;3739;3720
11;400;2352;88; ;863684;6121529;863678;6121529;14,7038;55,1067;Lille Madsegade 88;0;150;0;3739;3720
11;400;2352;90; ;863685;6121539;863679;6121539;14,7038;55,1068;Lille Madsegade 90;0;151;0;3739;3720
11;400;2352;94;A;863686;6121554;863680;6121554;14,7038;55,1069;Lille Madsegade 94A;0;152;0;3739;3720
11;400;2352;94;B;863690;6121559;863681;6121559;14,7039;55,1069;Lille Madsegade 94B;0;153;0;3739;3720
11;400;2352;96;A;863687;6121569;863682;6121569;14,7039;55,107;Lille Madsegade 96A;0;154;0;3739;3720
11;400;2352;96;B;863691;6121575;863682;6121575;14,7039;55,1071;Lille Madsegade 96B;0;155;0;3739;3720
11;400;2352;98; ;863691;6121586;863683;6121586;14,7039;55,1072;Lille Madsegade 98;0;156;0;3739;3720
11;400;2352;100; ;863693;6121593;863684;6121593;14,704;55,1072;Lille Madsegade 100;0;157;0;3739;3720
11;400;2352;104; ;863700;6121611;863688;6121614;14,7041;55,1074;Lille Madsegade 104;0;158;0;3739;3720
11;400;36;2; ;863722;6121617;863722;6121624;14,7045;55,1074;Absalonsgade 2;0;159;0;3739;3720
11;400;36;4; ;863737;6121616;863737;6121622;14,7047;55,1074;Absalonsgade 4;0;160;0;3739;3720
11;400;36;8; ;863752;6121614;863752;6121621;14,7049;55,1074;Absalonsgade 8;0;161;0;3739;3720
11;400;36;10; ;863759;6121614;863759;6121620;14,705;55,1074;Absalonsgade 10;0;162;0;3739;3720
11;400;36;12; ;863770;6121613;863770;6121619;14,7052;55,1074;Absalonsgade 12;0;163;0;3739;3720
11;400;36;14; ;863777;6121612;863777;6121618;14,7053;55,1073;Absalonsgade 14;0;164;0;3739;3720
11;400;36;16; ;863790;6121610;863790;6121616;14,7055;55,1073;Absalonsgade 16;0;165;0;3739;3720
11;400;36;18; ;863796;6121609;863796;6121616;14,7056;55,1073;Absalonsgade 18;0;166;0;3739;3720
11;400;36;20; ;863810;6121608;863810;6121614;14,7058;55,1073;Absalonsgade 20;0;167;0;3739;3720
11;400;36;22; ;863816;6121607;863816;6121614;14,7059;55,1073;Absalonsgade 22;0;168;0;3739;3720
11;400;36;24; ;863830;6121606;863830;6121612;14,7061;55,1072;Absalonsgade 24;0;169;0;3739;3720
11;400;36;26; ;863836;6121605;863836;6121612;14,7062;55,1072;Absalonsgade 26;0;170;0;3739;3720
11;400;36;28; ;863856;6121602;863839;6121611;14,7065;55,1072;Absalonsgade 28;0;171;0;3739;3720
11;400;36;29; ;863853;6121619;863839;6121611;14,7065;55,1073;Absalonsgade 29;0;172;0;3739;3720
11;400;36;27; ;863846;6121619;863839;6121611;14,7064;55,1074;Absalonsgade 27;0;173;0;3739;3720
11;400;36;25; ;863831;6121621;863830;6121612;14,7062;55,1074;Absalonsgade 25;0;174;0;3739;3720
11;400;36;23; ;863824;6121622;863823;6121613;14,7061;55,1074;Absalonsgade 23;0;175;0;3739;3720
11;400;36;21; ;863811;6121623;863810;6121614;14,7059;55,1074;Absalonsgade 21;0;176;0;3739;3720
11;400;36;19; ;863803;6121624;863802;6121615;14,7057;55,1074;Absalonsgade 19;0;177;0;3739;3720
11;400;36;17; ;863791;6121625;863790;6121617;14,7056;55,1074;Absalonsgade 17;0;178;0;3739;3720
11;400;36;15; ;863785;6121626;863784;6121617;14,7055;55,1075;Absalonsgade 15;0;179;0;3739;3720
11;400;36;13; ;863774;6121627;863773;6121618;14,7053;55,1075;Absalonsgade 13;0;180;0;3739;3720
11;400;36;11; ;863766;6121628;863765;6121619;14,7052;55,1075;Absalonsgade 11;0;181;0;3739;3720
11;400;36;9; ;863754;6121629;863753;6121621;14,705;55,1075;Absalonsgade 9;0;182;0;3739;3720
11;400;36;7; ;863746;6121630;863745;6121622;14,7049;55,1075;Absalonsgade 7;0;183;0;3739;3720
11;400;36;5; ;863734;6121631;863733;6121623;14,7047;55,1075;Absalonsgade 5;0;184;0;3739;3720
11;400;36;3; ;863727;6121632;863726;6121624;14,7046;55,1076;Absalonsgade 3;0;185;0;3739;3720
12;400;591;1; ;863933;6121258;863949;6121266;14,7073;55,1041;Byvangen 1;0;0;0;3863;3862
12;400;591;3; ;863936;6121275;863943;6121278;14,7074;55,1042;Byvangen 3;0;1;0;3863;3862
12;400;591;5; ;863933;6121282;863939;6121285;14,7073;55,1043;Byvangen 5;0;2;0;3863;3862
12;400;591;7; ;863927;6121292;863933;6121295;14,7072;55,1044;Byvangen 7;0;3;0;3863;3862
12;400;591;9; ;863924;6121298;863930;6121301;14,7072;55,1044;Byvangen 9;0;4;0;3863;3862
12;400;591;11; ;863918;6121309;863924;6121312;14,7071;55,1045;Byvangen 11;0;5;0;3863;3862
12;400;591;13; ;863915;6121314;863922;6121317;14,7071;55,1046;Byvangen 13;0;6;0;3863;3862
12;400;591;15; ;863909;6121325;863916;6121328;14,707;55,1047;Byvangen 15;0;7;0;3863;3862
12;400;591;17; ;863906;6121330;863913;6121333;14,707;55,1047;Byvangen 17;0;8;0;3863;3862
12;400;591;19; ;863900;6121341;863907;6121344;14,7069;55,1048;Byvangen 19;0;9;0;3863;3862
12;400;591;21; ;863896;6121347;863903;6121351;14,7068;55,1049;Byvangen 21;0;10;0;3863;3862
12;400;591;23; ;863891;6121357;863898;6121361;14,7068;55,105;Byvangen 23;0;11;0;3863;3862
12;400;591;25; ;863888;6121364;863895;6121367;14,7067;55,105;Byvangen 25;0;12;0;3863;3862
12;400;591;27; ;863882;6121374;863889;6121378;14,7067;55,1051;Byvangen 27;0;13;0;3863;3862
12;400;591;31; ;863873;6121390;863880;6121394;14,7065;55,1053;Byvangen 31;0;14;0;3863;3862
12;400;591;33; ;863869;6121398;863876;6121402;14,7065;55,1054;Byvangen 33;0;15;0;3863;3862
12;400;591;35; ;863864;6121407;863871;6121411;14,7064;55,1054;Byvangen 35;0;16;0;3863;3862
12;400;591;40; ;863880;6121418;863870;6121413;14,7067;55,1055;Byvangen 40;0;17;0;3863;3862
12;400;591;36; ;863889;6121402;863879;6121396;14,7068;55,1054;Byvangen 36;0;18;0;3863;3862
12;400;591;34; ;863892;6121395;863883;6121390;14,7068;55,1053;Byvangen 34;0;19;0;3863;3862
12;400;591;32; ;863898;6121385;863888;6121379;14,7069;55,1052;Byvangen 32;0;20;0;3863;3862
12;400;591;28; ;863907;6121369;863897;6121363;14,707;55,1051;Byvangen 28;0;21;0;3863;3862
12;400;591;26; ;863910;6121362;863900;6121357;14,7071;55,105;Byvangen 26;0;22;0;3863;3862
12;400;591;22; ;863920;6121345;863910;6121339;14,7072;55,1049;Byvangen 22;0;23;0;3863;3862
12;400;591;20; ;863925;6121336;863915;6121330;14,7073;55,1048;Byvangen 20;0;24;0;3863;3862
12;400;591;18; ;863929;6121329;863918;6121323;14,7073;55,1047;Byvangen 18;0;25;0;3863;3862
12;400;591;16; ;863934;6121319;863924;6121313;14,7074;55,1046;Byvangen 16;0;26;0;3863;3862
12;400;591;14; ;863938;6121313;863927;6121307;14,7074;55,1045;Byvangen 14;0;27;0;3863;3862
12;400;591;12; ;863943;6121303;863932;6121297;14,7075;55,1045;Byvangen 12;0;28;0;3863;3862
12;400;591;10; ;863946;6121297;863936;6121291;14,7076;55,1044;Byvangen 10;0;29;0;3863;3862
12;400;591;8; ;863952;6121287;863941;6121281;14,7076;55,1043;Byvangen 8;0;30;0;3863;3862
12;400;591;6; ;863955;6121281;863944;6121275;14,7077;55,1042;Byvangen 6;0;31;0;3863;3862
12;400;591;4; ;863962;6121270;863950;6121264;14,7078;55,1042;Byvangen 4;0;32;0;3863;3862
12;400;591;2; ;863965;6121265;863952;6121261;14,7078;55,1041;Byvangen 2;0;33;0;3863;3862
12;400;3297;3; ;864063;6121193;864072;6121198;14,7092;55,1034;PÊretrÊsdalen 3;0;34;0;3863;3862
12;400;3297;5; ;864054;6121209;864063;6121214;14,7091;55,1035;PÊretrÊsdalen 5;0;35;0;3863;3862
12;400;3297;7; ;864046;6121224;864055;6121229;14,709;55,1037;PÊretrÊsdalen 7;0;36;0;3863;3862
12;400;3297;9; ;864037;6121240;864046;6121245;14,7089;55,1038;PÊretrÊsdalen 9;0;37;0;3863;3862
12;400;3297;11; ;864029;6121256;864037;6121260;14,7088;55,104;PÊretrÊsdalen 11;0;38;0;3863;3862
12;400;3297;13; ;864019;6121275;864027;6121279;14,7087;55,1041;PÊretrÊsdalen 13;0;39;0;3863;3862
12;400;3297;15; ;864009;6121290;864018;6121295;14,7085;55,1043;PÊretrÊsdalen 15;0;40;0;3863;3862
12;400;3297;17; ;864001;6121305;864010;6121310;14,7084;55,1044;PÊretrÊsdalen 17;0;41;0;3863;3862
12;400;3297;19; ;863992;6121321;864001;6121326;14,7083;55,1046;PÊretrÊsdalen 19;0;42;0;3863;3862
12;400;3297;21; ;863984;6121336;863993;6121341;14,7082;55,1047;PÊretrÊsdalen 21;0;43;0;3863;3862
12;400;3297;23; ;863975;6121351;863985;6121356;14,7081;55,1049;PÊretrÊsdalen 23;0;44;0;3863;3862
12;400;3297;27; ;863965;6121373;863973;6121377;14,7079;55,1051;PÊretrÊsdalen 27;0;45;0;3863;3862
12;400;3297;29; ;863959;6121383;863967;6121387;14,7079;55,1052;PÊretrÊsdalen 29;0;46;0;3863;3862
12;400;3297;31; ;863956;6121389;863964;6121393;14,7078;55,1052;PÊretrÊsdalen 31;0;47;0;3863;3862
12;400;3297;33; ;863949;6121400;863958;6121405;14,7077;55,1053;PÊretrÊsdalen 33;0;48;0;3863;3862
12;400;3297;37; ;863940;6121417;863949;6121422;14,7076;55,1055;PÊretrÊsdalen 37;0;49;0;3863;3862
12;400;3297;39; ;863938;6121422;863946;6121426;14,7076;55,1055;PÊretrÊsdalen 39;0;50;0;3863;3862
12;400;3297;40; ;863959;6121423;863950;6121418;14,7079;55,1055;PÊretrÊsdalen 40;0;51;0;3863;3862
12;400;3297;38; ;863963;6121419;863953;6121413;14,708;55,1055;PÊretrÊsdalen 38;0;52;0;3863;3862
12;400;3297;36; ;863969;6121407;863960;6121402;14,708;55,1054;PÊretrÊsdalen 36;0;53;0;3863;3862
12;400;3297;34; ;863971;6121402;863962;6121397;14,7081;55,1053;PÊretrÊsdalen 34;0;54;0;3863;3862
12;400;3297;32; ;863977;6121392;863968;6121387;14,7082;55,1052;PÊretrÊsdalen 32;0;55;0;3863;3862
12;400;3297;30; ;863980;6121386;863971;6121381;14,7082;55,1052;PÊretrÊsdalen 30;0;56;0;3863;3862
12;400;3297;28; ;863986;6121376;863977;6121371;14,7083;55,1051;PÊretrÊsdalen 28;0;57;0;3863;3862
12;400;3297;26; ;863989;6121369;863980;6121364;14,7083;55,105;PÊretrÊsdalen 26;0;58;0;3863;3862
12;400;3297;24; ;863998;6121358;863987;6121352;14,7084;55,1049;PÊretrÊsdalen 24;0;59;0;3863;3862
12;400;3297;16; ;864030;6121299;864020;6121293;14,7089;55,1044;PÊretrÊsdalen 16;0;60;0;3863;3862
12;400;3297;12; ;864051;6121265;864039;6121258;14,7092;55,104;PÊretrÊsdalen 12;0;61;0;3863;3862
12;400;3297;10; ;864057;6121248;864047;6121242;14,7092;55,1039;PÊretrÊsdalen 10;0;62;0;3863;3862
12;400;3297;6; ;864075;6121217;864064;6121211;14,7095;55,1036;PÊretrÊsdalen 6;0;63;0;3863;3862
12;400;3297;4; ;864083;6121202;864073;6121196;14,7096;55,1034;PÊretrÊsdalen 4;0;64;0;3863;3862
12;400;3297;2; ;864092;6121186;864081;6121180;14,7097;55,1033;PÊretrÊsdalen 2;0;65;0;3863;3862
12;400;432;67;B;864132;6121194;864165;6121211;14,7103;55,1033;Borgmester Nielsens Vej 67B;0;66;0;3863;3862
12;400;432;67;C;864136;6121197;864164;6121212;14,7104;55,1034;Borgmester Nielsens Vej 67C;0;67;0;3863;3862
12;400;432;67;G;864137;6121198;864164;6121212;14,7104;55,1034;Borgmester Nielsens Vej 67G;0;68;0;3863;3862
12;400;432;67;D;864140;6121207;864161;6121218;14,7105;55,1035;Borgmester Nielsens Vej 67D;0;69;0;3863;3862
12;400;432;69; ;864131;6121234;864147;6121243;14,7104;55,1037;Borgmester Nielsens Vej 69;0;70;0;3863;3862
12;400;432;71; ;864121;6121247;864140;6121257;14,7102;55,1038;Borgmester Nielsens Vej 71;0;71;0;3863;3862
12;400;432;73; ;864117;6121262;864132;6121270;14,7102;55,104;Borgmester Nielsens Vej 73;0;72;0;3863;3862
12;400;432;75; ;864111;6121275;864126;6121283;14,7101;55,1041;Borgmester Nielsens Vej 75;0;73;0;3863;3862
12;400;432;77; ;864107;6121280;864123;6121288;14,71;55,1041;Borgmester Nielsens Vej 77;0;74;0;3863;3862
12;400;432;79; ;864101;6121292;864116;6121300;14,71;55,1042;Borgmester Nielsens Vej 79;0;75;0;3863;3862
12;400;432;83; ;864093;6121307;864108;6121315;14,7099;55,1044;Borgmester Nielsens Vej 83;0;76;0;3863;3862
12;400;432;85; ;864085;6121321;864100;6121329;14,7098;55,1045;Borgmester Nielsens Vej 85;0;77;0;3863;3862
12;400;432;87; ;864078;6121335;864093;6121343;14,7097;55,1046;Borgmester Nielsens Vej 87;0;78;0;3863;3862
12;400;432;89; ;864066;6121347;864085;6121357;14,7095;55,1048;Borgmester Nielsens Vej 89;0;79;0;3863;3862
12;400;432;91; ;864060;6121359;864078;6121369;14,7094;55,1049;Borgmester Nielsens Vej 91;0;80;0;3863;3862
12;400;432;93; ;864054;6121371;864072;6121381;14,7093;55,105;Borgmester Nielsens Vej 93;0;81;0;3863;3862
12;400;432;95; ;864048;6121387;864064;6121395;14,7093;55,1051;Borgmester Nielsens Vej 95;0;82;0;3863;3862
12;400;432;97; ;864022;6121395;864058;6121406;14,7089;55,1052;Borgmester Nielsens Vej 97;0;83;0;3863;3862
12;400;432;99; ;864032;6121417;864047;6121425;14,709;55,1054;Borgmester Nielsens Vej 99;0;84;0;3863;3862
12;400;432;111; ;864001;6121460;864014;6121472;14,7086;55,1058;Borgmester Nielsens Vej 111;0;85;0;3863;3862
12;400;432;113; ;863972;6121493;863984;6121504;14,7082;55,1061;Borgmester Nielsens Vej 113;0;86;0;3863;3862
12;400;432;115; ;863962;6121505;863974;6121516;14,7081;55,1062;Borgmester Nielsens Vej 115;0;87;0;3863;3862
12;400;432;117; ;863957;6121511;863968;6121521;14,708;55,1063;Borgmester Nielsens Vej 117;0;88;0;3863;3862
12;400;432;119; ;863949;6121519;863961;6121530;14,7079;55,1064;Borgmester Nielsens Vej 119;0;89;0;3863;3862
12;400;432;121; ;863941;6121529;863952;6121539;14,7078;55,1065;Borgmester Nielsens Vej 121;0;90;0;3863;3862
12;400;432;125; ;863925;6121547;863936;6121557;14,7075;55,1067;Borgmester Nielsens Vej 125;0;91;0;3863;3862
12;400;432;127; ;863917;6121556;863928;6121566;14,7074;55,1067;Borgmester Nielsens Vej 127;0;92;0;3863;3862
12;400;432;129; ;863905;6121570;863915;6121579;14,7073;55,1069;Borgmester Nielsens Vej 129;0;93;0;3863;3862
12;400;3861;18; ;864000;6121429;863999;6121446;14,7086;55,1055;Smallesund 18;0;94;0;3863;3862
12;400;3861;51; ;863994;6121459;863994;6121446;14,7085;55,1058;Smallesund 51;0;95;0;3863;3862
12;400;3861;49; ;863986;6121458;863986;6121445;14,7084;55,1058;Smallesund 49;0;96;0;3863;3862
12;400;3861;47; ;863979;6121458;863979;6121445;14,7083;55,1058;Smallesund 47;0;97;0;3863;3862
12;400;3861;43; ;863962;6121457;863962;6121444;14,708;55,1058;Smallesund 43;0;98;0;3863;3862
12;400;3861;41; ;863955;6121457;863955;6121443;14,7079;55,1058;Smallesund 41;0;99;0;3863;3862
12;400;3861;39; ;863946;6121456;863946;6121443;14,7078;55,1058;Smallesund 39;0;100;0;3863;3862
12;400;3861;37; ;863939;6121456;863939;6121442;14,7076;55,1058;Smallesund 37;0;101;0;3863;3862
12;400;3861;33; ;863922;6121454;863922;6121442;14,7074;55,1058;Smallesund 33;0;102;0;3863;3862
12;400;3861;29; ;863906;6121454;863906;6121441;14,7071;55,1058;Smallesund 29;0;103;0;3863;3862
12;400;3861;27; ;863894;6121452;863894;6121440;14,7069;55,1058;Smallesund 27;0;104;0;3863;3862
12;400;3861;25; ;863886;6121452;863886;6121440;14,7068;55,1058;Smallesund 25;0;105;0;3863;3862
12;400;3861;23; ;863878;6121451;863878;6121439;14,7067;55,1058;Smallesund 23;0;106;0;3863;3862
12;400;762;19; ;863849;6121469;863855;6121467;14,7063;55,106;Dr Kabells Vej 19;0;107;0;3863;3862
12;400;762;21; ;863859;6121493;863863;6121496;14,7064;55,1062;Dr Kabells Vej 21;0;108;0;3863;3862
12;400;762;26; ;863875;6121474;863858;6121478;14,7067;55,106;Dr Kabells Vej 26;0;109;0;3863;3862
12;400;762;24; ;863866;6121454;863852;6121457;14,7065;55,1059;Dr Kabells Vej 24;0;110;0;3863;3862
12;400;3861;16; ;863824;6121425;863823;6121438;14,7058;55,1056;Smallesund 16;0;111;0;3863;3862
12;400;3861;10; ;863763;6121424;863762;6121437;14,7049;55,1057;Smallesund 10;0;112;0;3863;3862
12;400;3861;8; ;863750;6121424;863749;6121437;14,7047;55,1057;Smallesund 8;0;113;0;3863;3862
12;400;3861;6; ;863745;6121424;863744;6121437;14,7046;55,1057;Smallesund 6;0;114;0;3863;3862
12;400;3861;4; ;863736;6121424;863735;6121437;14,7044;55,1057;Smallesund 4;0;115;0;3863;3862
12;400;3861;2; ;863730;6121424;863729;6121437;14,7043;55,1057;Smallesund 2;0;116;0;3863;3862
12;400;3861;1;A;863716;6121448;863711;6121438;14,7042;55,1059;Smallesund 1A;0;117;0;3863;3862
12;400;3861;1;B;863733;6121438;863733;6121437;14,7044;55,1058;Smallesund 1B;0;118;0;3863;3862
12;400;3861;3; ;863739;6121439;863739;6121437;14,7045;55,1058;Smallesund 3;0;119;0;3863;3862
12;400;3861;9; ;863758;6121439;863758;6121437;14,7048;55,1058;Smallesund 9;0;120;0;3863;3862
12;400;3861;13; ;863796;6121441;863796;6121437;14,7054;55,1058;Smallesund 13;0;121;0;3863;3862
12;400;2604;30; ;863825;6121390;863822;6121402;14,7058;55,1053;Margrethevej 30;0;122;0;3863;3862
12;400;2604;26; ;863810;6121387;863807;6121398;14,7055;55,1053;Margrethevej 26;0;123;0;3863;3862
12;400;2604;24; ;863802;6121385;863799;6121397;14,7054;55,1053;Margrethevej 24;0;124;0;3863;3862
12;400;2604;18; ;863780;6121380;863777;6121392;14,7051;55,1053;Margrethevej 18;0;125;0;3863;3862
12;400;2604;16; ;863771;6121378;863768;6121390;14,7049;55,1053;Margrethevej 16;0;126;0;3863;3862
12;400;2604;14; ;863764;6121377;863761;6121388;14,7048;55,1052;Margrethevej 14;0;127;0;3863;3862
12;400;2604;10; ;863746;6121373;863743;6121384;14,7045;55,1052;Margrethevej 10;0;128;0;3863;3862
12;400;2604;8; ;863735;6121371;863732;6121382;14,7044;55,1052;Margrethevej 8;0;129;0;3863;3862
12;400;2604;2; ;863695;6121362;863692;6121374;14,7037;55,1052;Margrethevej 2;0;130;0;3863;3862
12;400;2604;1; ;863694;6121379;863694;6121375;14,7037;55,1053;Margrethevej 1;0;131;0;3863;3862
12;400;2604;3; ;863717;6121382;863717;6121379;14,7041;55,1053;Margrethevej 3;0;132;0;3863;3862
12;400;2604;7; ;863736;6121386;863736;6121383;14,7044;55,1053;Margrethevej 7;0;133;0;3863;3862
12;400;2604;9; ;863742;6121387;863742;6121384;14,7045;55,1054;Margrethevej 9;0;134;0;3863;3862
12;400;2604;13; ;863759;6121391;863759;6121388;14,7048;55,1054;Margrethevej 13;0;135;0;3863;3862
12;400;2604;17; ;863777;6121395;863777;6121392;14,705;55,1054;Margrethevej 17;0;136;0;3863;3862
12;400;2604;19; ;863784;6121397;863784;6121393;14,7052;55,1054;Margrethevej 19;0;137;0;3863;3862
12;400;2604;21; ;863802;6121401;863802;6121397;14,7054;55,1054;Margrethevej 21;0;138;0;3863;3862
12;400;2604;23; ;863809;6121402;863809;6121399;14,7055;55,1054;Margrethevej 23;0;139;0;3863;3862
12;400;2604;25; ;863822;6121405;863822;6121402;14,7058;55,1055;Margrethevej 25;0;140;0;3863;3862
12;400;762;22; ;863843;6121367;863830;6121370;14,706;55,1051;Dr Kabells Vej 22;0;141;0;3863;3862
12;400;762;20; ;863841;6121360;863828;6121363;14,706;55,105;Dr Kabells Vej 20;0;142;0;3863;3862
12;400;762;14; ;863829;6121315;863813;6121324;14,7057;55,1047;Dr Kabells Vej 14;0;143;0;3863;3862
12;400;3597;26; ;863802;6121321;863800;6121331;14,7053;55,1047;Sigurdsgade 26;0;144;0;3863;3862
12;400;3597;20; ;863777;6121318;863775;6121328;14,7049;55,1047;Sigurdsgade 20;0;145;0;3863;3862
12;400;3597;18; ;863767;6121317;863765;6121327;14,7048;55,1047;Sigurdsgade 18;0;146;0;3863;3862
12;400;3597;16; ;863761;6121316;863759;6121326;14,7047;55,1047;Sigurdsgade 16;0;147;0;3863;3862
12;400;3597;14; ;863753;6121316;863751;6121325;14,7046;55,1047;Sigurdsgade 14;0;148;0;3863;3862
12;400;3597;6; ;863722;6121313;863721;6121322;14,7041;55,1047;Sigurdsgade 6;0;149;0;3863;3862
12;400;3597;4; ;863716;6121312;863715;6121322;14,704;55,1047;Sigurdsgade 4;0;150;0;3863;3862
12;400;3597;2; ;863699;6121310;863698;6121320;14,7037;55,1047;Sigurdsgade 2;0;151;0;3863;3862
12;400;3597;1; ;863697;6121326;863697;6121320;14,7037;55,1048;Sigurdsgade 1;0;152;0;3863;3862
12;400;3597;3; ;863715;6121327;863715;6121322;14,704;55,1048;Sigurdsgade 3;0;153;0;3863;3862
12;400;3597;5; ;863721;6121328;863721;6121322;14,7041;55,1048;Sigurdsgade 5;0;154;0;3863;3862
12;400;3597;7; ;863731;6121329;863731;6121323;14,7042;55,1048;Sigurdsgade 7;0;155;0;3863;3862
12;400;3597;11; ;863745;6121331;863745;6121325;14,7045;55,1049;Sigurdsgade 11;0;156;0;3863;3862
12;400;3597;13; ;863752;6121331;863752;6121325;14,7046;55,1049;Sigurdsgade 13;0;157;0;3863;3862
12;400;3597;23; ;863791;6121336;863791;6121330;14,7052;55,1049;Sigurdsgade 23;0;158;0;3863;3862
12;400;3597;27; ;863805;6121337;863804;6121331;14,7054;55,1049;Sigurdsgade 27;0;159;0;3863;3862
12;400;762;9; ;863780;6121290;863785;6121285;14,705;55,1045;Dr Kabells Vej 9;0;160;0;3863;3862
12;400;762;12; ;863788;6121265;863776;6121273;14,705;55,1042;Dr Kabells Vej 12;0;161;0;3863;3862
12;400;762;6; ;863758;6121238;863752;6121242;14,7045;55,104;Dr Kabells Vej 6;0;162;0;3863;3862
12;400;762;4; ;863750;6121229;863744;6121232;14,7044;55,1039;Dr Kabells Vej 4;0;163;0;3863;3862
12;400;762;3; ;863742;6121243;863748;6121237;14,7043;55,1041;Dr Kabells Vej 3;0;164;0;3863;3862
12;400;762;5; ;863751;6121254;863757;6121249;14,7045;55,1042;Dr Kabells Vej 5;0;165;0;3863;3862
12;400;762;7; ;863761;6121267;863767;6121262;14,7046;55,1043;Dr Kabells Vej 7;0;166;0;3863;3862
12;400;762;1;B;863728;6121233;863738;6121224;14,7041;55,104;Dr Kabells Vej 1B;0;167;0;3863;3862
12;400;762;1;A;863728;6121227;863736;6121221;14,7041;55,1039;Dr Kabells Vej 1A;0;168;0;3863;3862
12;400;762;1; ;863699;6121210;863735;6121220;14,7036;55,1038;Dr Kabells Vej 1;0;169;0;3863;3862
12;400;2322;3; ;863778;6121221;863779;6121212;14,7048;55,1038;Langelinie 3;0;170;0;3863;3862
12;400;2322;5; ;863784;6121222;863785;6121214;14,7049;55,1039;Langelinie 5;0;171;0;3863;3862
12;400;2322;7; ;863791;6121224;863792;6121215;14,705;55,1039;Langelinie 7;0;172;0;3863;3862
12;400;2322;9; ;863797;6121225;863798;6121216;14,7051;55,1039;Langelinie 9;0;173;0;3863;3862
12;400;2322;11; ;863807;6121251;863813;6121220;14,7053;55,1041;Langelinie 11;0;174;0;3863;3862
12;400;2322;17; ;863831;6121235;863833;6121224;14,7057;55,1039;Langelinie 17;0;175;0;3863;3862
12;400;2322;19; ;863844;6121238;863846;6121227;14,7059;55,1039;Langelinie 19;0;176;0;3863;3862
12;400;2322;21; ;863850;6121239;863852;6121228;14,706;55,104;Langelinie 21;0;177;0;3863;3862
12;400;2322;23; ;863863;6121242;863865;6121231;14,7062;55,104;Langelinie 23;0;178;0;3863;3862
12;400;2322;27; ;863882;6121246;863884;6121235;14,7065;55,104;Langelinie 27;0;179;0;3863;3862
12;400;2322;29; ;863889;6121247;863891;6121236;14,7066;55,104;Langelinie 29;0;180;0;3863;3862
12;400;2322;31; ;863903;6121250;863905;6121239;14,7068;55,104;Langelinie 31;0;181;0;3863;3862
12;400;2322;33; ;863909;6121252;863911;6121241;14,7069;55,104;Langelinie 33;0;182;0;3863;3862
12;400;2322;35; ;863927;6121255;863929;6121245;14,7072;55,104;Langelinie 35;0;183;0;3863;3862
13;400;774;1; ;864718;6121658;864712;6121667;14,72;55,1071;Drosselvangen 1;0;0;0;4859;4858
13;400;774;3; ;864697;6121645;864691;6121654;14,7197;55,107;Drosselvangen 3;0;1;0;4859;4858
13;400;774;5; ;864679;6121631;864671;6121643;14,7194;55,1068;Drosselvangen 5;0;2;0;4859;4858
13;400;774;7; ;864662;6121620;864654;6121633;14,7191;55,1068;Drosselvangen 7;0;3;0;4859;4858
13;400;774;9; ;864642;6121609;864634;6121621;14,7188;55,1067;Drosselvangen 9;0;4;0;4859;4858
13;400;774;11; ;864624;6121597;864615;6121610;14,7185;55,1066;Drosselvangen 11;0;5;0;4859;4858
13;400;774;14; ;864591;6121595;864604;6121603;14,718;55,1066;Drosselvangen 14;0;6;0;4859;4858
13;400;774;12; ;864612;6121618;864616;6121610;14,7183;55,1068;Drosselvangen 12;0;7;0;4859;4858
13;400;774;10; ;864632;6121631;864636;6121622;14,7187;55,1069;Drosselvangen 10;0;8;0;4859;4858
13;400;774;8; ;864650;6121642;864654;6121633;14,719;55,107;Drosselvangen 8;0;9;0;4859;4858
13;400;774;6; ;864665;6121662;864674;6121645;14,7192;55,1071;Drosselvangen 6;0;10;0;4859;4858
13;400;774;4; ;864686;6121665;864691;6121655;14,7196;55,1072;Drosselvangen 4;0;11;0;4859;4858
13;400;774;2; ;864695;6121695;864711;6121667;14,7197;55,1074;Drosselvangen 2;0;12;0;4859;4858
13;400;4962;38; ;864682;6121716;864696;6121725;14,7196;55,1076;ÿsterled 38;0;13;0;4859;4858
13;400;3861;112; ;864649;6121702;864643;6121713;14,719;55,1075;Smallesund 112;0;14;0;4859;4858
13;400;3861;108; ;864610;6121683;864604;6121695;14,7184;55,1074;Smallesund 108;0;15;0;4859;4858
13;400;3861;106; ;864591;6121672;864583;6121684;14,7181;55,1073;Smallesund 106;0;16;0;4859;4858
13;400;3861;104; ;864575;6121653;864562;6121671;14,7178;55,1071;Smallesund 104;0;17;0;4859;4858
13;400;4962;41; ;864713;6121725;864702;6121717;14,7201;55,1077;ÿsterled 41;0;18;0;4859;4858
13;400;4962;45; ;864731;6121693;864722;6121687;14,7203;55,1074;ÿsterled 45;0;19;0;4859;4858
13;400;4962;47; ;864741;6121677;864733;6121671;14,7204;55,1072;ÿsterled 47;0;20;0;4859;4858
13;400;4962;49; ;864753;6121659;864746;6121654;14,7206;55,107;ÿsterled 49;0;21;0;4859;4858
13;400;4962;51; ;864765;6121643;864757;6121638;14,7208;55,1069;ÿsterled 51;0;22;0;4859;4858
13;400;4962;53; ;864777;6121629;864767;6121622;14,7209;55,1068;ÿsterled 53;0;23;0;4859;4858
13;400;4962;55; ;864785;6121610;864778;6121605;14,721;55,1066;ÿsterled 55;0;24;0;4859;4858
13;400;4962;57; ;864796;6121590;864791;6121586;14,7212;55,1064;ÿsterled 57;0;25;0;4859;4858
13;400;4962;59; ;864805;6121576;864800;6121572;14,7213;55,1063;ÿsterled 59;0;26;0;4859;4858
13;400;4962;61; ;864821;6121558;864812;6121552;14,7215;55,1061;ÿsterled 61;0;27;0;4859;4858
13;400;4962;63; ;864826;6121542;864821;6121539;14,7216;55,1059;ÿsterled 63;0;28;0;4859;4858
13;400;4962;65; ;864838;6121525;864832;6121521;14,7218;55,1058;ÿsterled 65;0;29;0;4859;4858
13;400;4962;67; ;864848;6121509;864842;6121505;14,7219;55,1056;ÿsterled 67;0;30;0;4859;4858
13;400;4962;69; ;864863;6121492;864854;6121486;14,7221;55,1055;ÿsterled 69;0;31;0;4859;4858
13;400;4962;73; ;864883;6121457;864876;6121452;14,7224;55,1051;ÿsterled 73;0;32;0;4859;4858
13;400;4962;75; ;864900;6121446;864885;6121437;14,7226;55,105;ÿsterled 75;0;33;0;4859;4858
13;400;4962;77; ;864903;6121422;864896;6121418;14,7226;55,1048;ÿsterled 77;0;34;0;4859;4858
13;400;4962;79; ;864913;6121407;864905;6121402;14,7228;55,1047;ÿsterled 79;0;35;0;4859;4858
13;400;4962;81; ;864925;6121390;864916;6121384;14,7229;55,1045;ÿsterled 81;0;36;0;4859;4858
13;400;4962;83; ;864940;6121379;864924;6121370;14,7232;55,1044;ÿsterled 83;0;37;0;4859;4858
13;400;4851;19; ;864857;6121316;864869;6121303;14,7218;55,1039;Virkelyst 19;0;38;0;4859;4858
13;400;5001;1; ;864893;6121295;864880;6121281;14,7223;55,1037;≈bakken 1;0;39;0;4859;4858
13;400;5001;3; ;864909;6121273;864899;6121263;14,7225;55,1035;≈bakken 3;0;40;0;4859;4858
13;400;5001;5; ;864932;6121248;864912;6121250;14,7229;55,1032;≈bakken 5;0;41;0;4859;4858
13;400;5001;9; ;864899;6121218;864889;6121226;14,7223;55,103;≈bakken 9;0;42;0;4859;4858
13;400;5001;11; ;864877;6121195;864867;6121203;14,7219;55,1028;≈bakken 11;0;43;0;4859;4858
13;400;5001;13; ;864864;6121175;864851;6121186;14,7217;55,1026;≈bakken 13;0;44;0;4859;4858
13;400;5001;15; ;864838;6121161;864842;6121176;14,7213;55,1025;≈bakken 15;0;45;0;4859;4858
13;400;5001;12; ;864821;6121176;864842;6121176;14,721;55,1027;≈bakken 12;0;46;0;4859;4858
13;400;5001;10; ;864841;6121193;864849;6121184;14,7214;55,1028;≈bakken 10;0;47;0;4859;4858
13;400;5001;8; ;864855;6121207;864863;6121198;14,7216;55,1029;≈bakken 8;0;48;0;4859;4858
13;400;5001;6; ;864876;6121230;864884;6121221;14,722;55,1031;≈bakken 6;0;49;0;4859;4858
13;400;5001;4; ;864890;6121254;864899;6121263;14,7222;55,1033;≈bakken 4;0;50;0;4859;4858
13;400;5001;2; ;864869;6121275;864877;6121284;14,7219;55,1035;≈bakken 2;0;51;0;4859;4858
13;400;4851;17; ;864847;6121298;864855;6121289;14,7216;55,1038;Virkelyst 17;0;52;0;4859;4858
13;400;4851;15; ;864831;6121284;864839;6121274;14,7213;55,1036;Virkelyst 15;0;53;0;4859;4858
13;400;4851;13; ;864814;6121271;864824;6121260;14,7211;55,1035;Virkelyst 13;0;54;0;4859;4858
13;400;4851;14; ;864842;6121259;864832;6121268;14,7215;55,1034;Virkelyst 14;0;55;0;4859;4858
13;400;4851;12; ;864824;6121242;864815;6121251;14,7212;55,1033;Virkelyst 12;0;56;0;4859;4858
13;400;4851;10; ;864809;6121228;864800;6121237;14,7209;55,1031;Virkelyst 10;0;57;0;4859;4858
13;400;4851;8; ;864790;6121209;864780;6121218;14,7206;55,103;Virkelyst 8;0;58;0;4859;4858
13;400;4851;9; ;864784;6121238;864792;6121229;14,7205;55,1033;Virkelyst 9;0;59;0;4859;4858
13;400;4851;11; ;864797;6121252;864806;6121242;14,7208;55,1034;Virkelyst 11;0;60;0;4859;4858
13;400;4851;5; ;864751;6121207;864759;6121198;14,72;55,103;Virkelyst 5;0;61;0;4859;4858
13;400;4851;6; ;864771;6121191;864761;6121200;14,7203;55,1028;Virkelyst 6;0;62;0;4859;4858
13;400;3949;1; ;864797;6121167;864786;6121157;14,7206;55,1026;Solparken 1;0;63;0;4859;4858
13;400;3949;3; ;864803;6121157;864794;6121148;14,7207;55,1025;Solparken 3;0;64;0;4859;4858
13;400;3949;5; ;864816;6121146;864806;6121136;14,7209;55,1024;Solparken 5;0;65;0;4859;4858
13;400;3949;7; ;864822;6121137;864814;6121129;14,721;55,1023;Solparken 7;0;66;0;4859;4858
13;400;3949;9; ;864836;6121126;864826;6121116;14,7212;55,1022;Solparken 9;0;67;0;4859;4858
13;400;3949;11; ;864843;6121115;864831;6121111;14,7213;55,1021;Solparken 11;0;68;0;4859;4858
13;400;3949;13; ;864854;6121100;864831;6121111;14,7215;55,102;Solparken 13;0;69;0;4859;4858
13;400;3949;22; ;864837;6121092;864831;6121111;14,7212;55,1019;Solparken 22;0;70;0;4859;4858
13;400;3949;18; ;864815;6121073;864831;6121111;14,7208;55,1018;Solparken 18;0;71;0;4859;4858
13;400;3949;16; ;864808;6121085;864831;6121111;14,7207;55,1019;Solparken 16;0;72;0;4859;4858
13;400;3949;14; ;864796;6121094;864822;6121120;14,7205;55,102;Solparken 14;0;73;0;4859;4858
13;400;3949;12; ;864786;6121106;864811;6121131;14,7204;55,1021;Solparken 12;0;74;0;4859;4858
13;400;3949;10; ;864776;6121118;864801;6121142;14,7203;55,1022;Solparken 10;0;75;0;4859;4858
13;400;3949;8; ;864817;6121109;864825;6121117;14,7209;55,1021;Solparken 8;0;76;0;4859;4858
13;400;3949;6; ;864809;6121120;864816;6121127;14,7208;55,1022;Solparken 6;0;77;0;4859;4858
13;400;3949;4; ;864788;6121139;864796;6121147;14,7205;55,1024;Solparken 4;0;78;0;4859;4858
13;400;3949;2; ;864780;6121150;864787;6121156;14,7204;55,1025;Solparken 2;0;79;0;4859;4858
13;400;4851;4; ;864754;6121174;864744;6121183;14,72;55,1027;Virkelyst 4;0;80;0;4859;4858
13;400;4851;1; ;864719;6121192;864735;6121174;14,7195;55,1029;Virkelyst 1;0;81;0;4859;4858
13;400;4851;2; ;864743;6121157;864730;6121169;14,7198;55,1026;Virkelyst 2;0;82;0;4859;4858
13;400;3408;1; ;864670;6121234;864680;6121222;14,7188;55,1033;Rugmarken 1;0;83;0;4859;4858
13;400;3408;5; ;864704;6121267;864715;6121255;14,7193;55,1036;Rugmarken 5;0;84;0;4859;4858
13;400;3408;7; ;864724;6121285;864734;6121273;14,7197;55,1037;Rugmarken 7;0;85;0;4859;4858
13;400;3408;9; ;864741;6121302;864751;6121290;14,72;55,1039;Rugmarken 9;0;86;0;4859;4858
13;400;3408;11; ;864759;6121320;864770;6121307;14,7203;55,104;Rugmarken 11;0;87;0;4859;4858
13;400;3408;13; ;864774;6121334;864786;6121322;14,7205;55,1041;Rugmarken 13;0;88;0;4859;4858
13;400;3408;15; ;864795;6121349;864802;6121339;14,7209;55,1042;Rugmarken 15;0;89;0;4859;4858
13;400;3408;18; ;864817;6121336;864802;6121339;14,7212;55,1041;Rugmarken 18;0;90;0;4859;4858
13;400;3408;16; ;864800;6121318;864790;6121326;14,7209;55,104;Rugmarken 16;0;91;0;4859;4858
13;400;3408;14; ;864780;6121303;864773;6121310;14,7206;55,1038;Rugmarken 14;0;92;0;4859;4858
13;400;3408;12; ;864765;6121291;864759;6121297;14,7203;55,1037;Rugmarken 12;0;93;0;4859;4858
13;400;3408;10; ;864749;6121275;864742;6121281;14,72;55,1036;Rugmarken 10;0;94;0;4859;4858
13;400;3408;8; ;864734;6121259;864726;6121266;14,7198;55,1035;Rugmarken 8;0;95;0;4859;4858
13;400;3408;6; ;864718;6121244;864710;6121251;14,7195;55,1034;Rugmarken 6;0;96;0;4859;4858
13;400;3408;4; ;864701;6121228;864694;6121235;14,7192;55,1032;Rugmarken 4;0;97;0;4859;4858
13;400;3408;2; ;864684;6121211;864676;6121218;14,7189;55,1031;Rugmarken 2;0;98;0;4859;4858
13;400;3957;3; ;864713;6121137;864726;6121141;14,7193;55,1024;Solvangen 3;0;99;0;4859;4858
13;400;3957;2; ;864763;6121130;864750;6121117;14,7201;55,1023;Solvangen 2;0;100;0;4859;4858
13;400;90;59; ;864892;6121134;864905;6121115;14,7221;55,1022;Almindingsvej 59;0;101;0;4859;4858
13;400;90;61; ;864910;6121142;864920;6121127;14,7224;55,1023;Almindingsvej 61;0;102;0;4859;4858
13;400;90;63; ;864921;6121153;864933;6121136;14,7226;55,1024;Almindingsvej 63;0;103;0;4859;4858
13;400;90;67; ;864948;6121179;864963;6121158;14,723;55,1026;Almindingsvej 67;0;104;0;4859;4858
13;400;90;69; ;864963;6121187;864976;6121168;14,7233;55,1027;Almindingsvej 69;0;105;0;4859;4858
13;400;90;71; ;864960;6121224;864991;6121178;14,7233;55,103;Almindingsvej 71;0;106;0;4859;4858
13;400;90;73; ;864992;6121203;865003;6121186;14,7237;55,1028;Almindingsvej 73;0;107;0;4859;4858
13;400;90;75; ;865007;6121209;865019;6121197;14,724;55,1028;Almindingsvej 75;0;108;0;4859;4858
13;400;4962;93; ;864993;6121286;864979;6121280;14,7239;55,1035;ÿsterled 93;0;109;0;4859;4858
13;400;4962;95; ;865008;6121272;864979;6121280;14,7241;55,1034;ÿsterled 95;0;110;0;4859;4858
13;400;4962;89; ;864969;6121320;864959;6121314;14,7235;55,1039;ÿsterled 89;0;111;0;4859;4858
13;400;4962;87; ;864959;6121336;864949;6121329;14,7234;55,104;ÿsterled 87;0;112;0;4859;4858
13;400;4962;85; ;864951;6121357;864937;6121348;14,7233;55,1042;ÿsterled 85;0;113;0;4859;4858
13;400;4791;1; ;864895;6121365;864889;6121373;14,7224;55,1043;Vibevangen 1;0;114;0;4859;4858
13;400;4791;6; ;864859;6121364;864889;6121373;14,7219;55,1043;Vibevangen 6;0;115;0;4859;4858
13;400;4791;4; ;864869;6121382;864889;6121373;14,722;55,1045;Vibevangen 4;0;116;0;4859;4858
13;400;4791;2; ;864888;6121396;864899;6121380;14,7224;55,1046;Vibevangen 2;0;117;0;4859;4858
13;400;4470;1; ;864868;6121426;864859;6121439;14,7221;55,1049;Ternevangen 1;0;118;0;4859;4858
13;400;4470;3; ;864846;6121416;864839;6121425;14,7217;55,1048;Ternevangen 3;0;119;0;4859;4858
13;400;4470;5; ;864828;6121405;864821;6121414;14,7214;55,1047;Ternevangen 5;0;120;0;4859;4858
13;400;4470;7; ;864805;6121395;864816;6121410;14,7211;55,1046;Ternevangen 7;0;121;0;4859;4858
13;400;4470;8; ;864796;6121409;864816;6121410;14,721;55,1048;Ternevangen 8;0;122;0;4859;4858
13;400;4470;6; ;864817;6121426;864824;6121415;14,7213;55,1049;Ternevangen 6;0;123;0;4859;4858
13;400;4470;4; ;864835;6121437;864841;6121427;14,7216;55,105;Ternevangen 4;0;124;0;4859;4858
13;400;4470;2; ;864843;6121457;864856;6121437;14,7217;55,1052;Ternevangen 2;0;125;0;4859;4858
13;400;2640;1; ;864827;6121480;864817;6121494;14,7215;55,1054;Mejsevangen 1;0;126;0;4859;4858
13;400;2640;3; ;864809;6121472;864801;6121484;14,7212;55,1053;Mejsevangen 3;0;127;0;4859;4858
13;400;2640;5; ;864791;6121462;864784;6121473;14,7209;55,1053;Mejsevangen 5;0;128;0;4859;4858
13;400;2640;7; ;864776;6121450;864767;6121463;14,7207;55,1052;Mejsevangen 7;0;129;0;4859;4858
13;400;2640;9; ;864755;6121438;864747;6121450;14,7203;55,1051;Mejsevangen 9;0;130;0;4859;4858
13;400;2640;10; ;864742;6121458;864746;6121450;14,7202;55,1053;Mejsevangen 10;0;131;0;4859;4858
13;400;2640;8; ;864760;6121469;864764;6121461;14,7205;55,1053;Mejsevangen 8;0;132;0;4859;4858
13;400;2640;6; ;864779;6121481;864783;6121473;14,7208;55,1054;Mejsevangen 6;0;133;0;4859;4858
13;400;2640;4; ;864798;6121494;864803;6121485;14,7211;55,1055;Mejsevangen 4;0;134;0;4859;4858
13;400;2640;2; ;864816;6121509;864823;6121498;14,7214;55,1057;Mejsevangen 2;0;135;0;4859;4858
13;400;1224;1; ;864795;6121540;864785;6121555;14,7211;55,106;Glentevangen 1;0;136;0;4859;4858
13;400;1224;3; ;864772;6121529;864764;6121541;14,7207;55,1059;Glentevangen 3;0;137;0;4859;4858
13;400;1224;5; ;864756;6121520;864748;6121531;14,7205;55,1058;Glentevangen 5;0;138;0;4859;4858
13;400;1224;7; ;864736;6121507;864728;6121519;14,7201;55,1057;Glentevangen 7;0;139;0;4859;4858
13;400;1224;11; ;864698;6121483;864694;6121498;14,7195;55,1055;Glentevangen 11;0;140;0;4859;4858
13;400;1224;12; ;864685;6121505;864694;6121498;14,7193;55,1057;Glentevangen 12;0;141;0;4859;4858
13;400;1224;10; ;864706;6121516;864710;6121508;14,7197;55,1058;Glentevangen 10;0;142;0;4859;4858
13;400;1224;8; ;864725;6121528;864729;6121520;14,72;55,1059;Glentevangen 8;0;143;0;4859;4858
13;400;1224;6; ;864740;6121538;864745;6121529;14,7202;55,106;Glentevangen 6;0;144;0;4859;4858
13;400;1224;4; ;864760;6121550;864765;6121542;14,7206;55,1061;Glentevangen 4;0;145;0;4859;4858
13;400;1224;2; ;864771;6121567;864780;6121552;14,7208;55,1062;Glentevangen 2;0;146;0;4859;4858
13;400;981;1; ;864755;6121598;864747;6121611;14,7206;55,1065;Fasanvangen 1;0;147;0;4859;4858
13;400;981;3; ;864736;6121589;864729;6121599;14,7202;55,1064;Fasanvangen 3;0;148;0;4859;4858
13;400;981;7; ;864697;6121563;864689;6121575;14,7196;55,1062;Fasanvangen 7;0;149;0;4859;4858
13;400;981;9; ;864675;6121549;864667;6121561;14,7192;55,1061;Fasanvangen 9;0;150;0;4859;4858
13;400;981;11; ;864653;6121535;864646;6121549;14,7189;55,106;Fasanvangen 11;0;151;0;4859;4858
13;400;981;14; ;864633;6121549;864646;6121549;14,7186;55,1062;Fasanvangen 14;0;152;0;4859;4858
13;400;981;12; ;864655;6121566;864660;6121557;14,7189;55,1063;Fasanvangen 12;0;153;0;4859;4858
13;400;981;10; ;864670;6121573;864674;6121566;14,7192;55,1063;Fasanvangen 10;0;154;0;4859;4858
13;400;981;8; ;864680;6121593;864690;6121576;14,7194;55,1065;Fasanvangen 8;0;155;0;4859;4858
13;400;981;4; ;864725;6121609;864730;6121600;14,7201;55,1066;Fasanvangen 4;0;156;0;4859;4858
13;400;981;2; ;864740;6121621;864746;6121610;14,7203;55,1067;Fasanvangen 2;0;157;0;4859;4858
14;400;1227;5; ;863590;6121229;863580;6121210;14,7019;55,104;GodthÂbsvej 5;0;0;0;3546;3483
14;400;1227;4; ;863578;6121201;863582;6121209;14,7017;55,1038;GodthÂbsvej 4;0;1;0;3546;3483
14;400;1227;6; ;863587;6121198;863590;6121205;14,7018;55,1038;GodthÂbsvej 6;0;2;0;3546;3483
14;400;1227;8; ;863590;6121196;863594;6121203;14,7019;55,1038;GodthÂbsvej 8;0;3;0;3546;3483
14;400;1227;10; ;863594;6121194;863598;6121201;14,7019;55,1037;GodthÂbsvej 10;0;4;0;3546;3483
14;400;1227;12; ;863598;6121192;863601;6121199;14,702;55,1037;GodthÂbsvej 12;0;5;0;3546;3483
14;400;1227;14; ;863616;6121183;863619;6121189;14,7023;55,1036;GodthÂbsvej 14;0;6;0;3546;3483
14;400;2124;3; ;863614;6121174;863631;6121170;14,7022;55,1035;Knudsvej 3;0;7;0;3546;3483
14;400;2124;1; ;863612;6121155;863621;6121148;14,7022;55,1034;Knudsvej 1;0;8;0;3546;3483
14;400;3870;17; ;863605;6121158;863601;6121152;14,7021;55,1034;Smedegade 17;0;9;0;3546;3483
14;400;3870;13; ;863587;6121170;863583;6121164;14,7018;55,1035;Smedegade 13;0;10;0;3546;3483
14;400;3870;11; ;863581;6121174;863577;6121168;14,7017;55,1036;Smedegade 11;0;11;0;3546;3483
14;400;3870;7; ;863572;6121180;863568;6121174;14,7016;55,1036;Smedegade 7;0;12;0;3546;3483
14;400;3870;4; ;863557;6121172;863561;6121178;14,7013;55,1036;Smedegade 4;0;13;0;3546;3483
14;400;3870;8; ;863569;6121165;863573;6121171;14,7015;55,1035;Smedegade 8;0;14;0;3546;3483
14;400;3870;10; ;863575;6121161;863579;6121167;14,7016;55,1035;Smedegade 10;0;15;0;3546;3483
14;400;3870;12; ;863580;6121158;863583;6121163;14,7017;55,1034;Smedegade 12;0;16;0;3546;3483
14;400;3870;16; ;863591;6121148;863596;6121155;14,7018;55,1033;Smedegade 16;0;17;0;3546;3483
14;400;3870;18; ;863597;6121145;863601;6121151;14,7019;55,1033;Smedegade 18;0;18;0;3546;3483
14;400;3870;22; ;863612;6121135;863616;6121141;14,7021;55,1032;Smedegade 22;0;19;0;3546;3483
14;400;3870;24; ;863618;6121131;863622;6121137;14,7022;55,1032;Smedegade 24;0;20;0;3546;3483
14;400;3870;28; ;863634;6121123;863636;6121129;14,7025;55,1031;Smedegade 28;0;21;0;3546;3483
14;400;3870;27; ;863664;6121136;863662;6121125;14,7029;55,1032;Smedegade 27;0;22;0;3546;3483
14;400;3870;25; ;863658;6121137;863656;6121126;14,7028;55,1032;Smedegade 25;0;23;0;3546;3483
14;400;3870;21; ;863643;6121138;863641;6121128;14,7026;55,1032;Smedegade 21;0;24;0;3546;3483
14;400;3870;19; ;863633;6121141;863628;6121133;14,7025;55,1032;Smedegade 19;0;25;0;3546;3483
14;400;2124;2; ;863626;6121148;863622;6121149;14,7024;55,1033;Knudsvej 2;0;26;0;3546;3483
14;400;2124;6; ;863640;6121168;863631;6121169;14,7026;55,1035;Knudsvej 6;0;27;0;3546;3483
14;400;2124;12; ;863651;6121163;863630;6121166;14,7028;55,1034;Knudsvej 12;0;28;0;3546;3483
14;400;2124;14; ;863655;6121163;863631;6121167;14,7028;55,1034;Knudsvej 14;0;29;0;3546;3483
14;400;2124;16; ;863658;6121161;863630;6121166;14,7029;55,1034;Knudsvej 16;0;30;0;3546;3483
14;400;2124;18; ;863638;6121185;863634;6121185;14,7026;55,1036;Knudsvej 18;0;31;0;3546;3483
14;400;2124;20; ;863641;6121197;863636;6121197;14,7027;55,1037;Knudsvej 20;0;32;0;3546;3483
14;400;2124;24; ;863651;6121200;863637;6121202;14,7028;55,1037;Knudsvej 24;0;33;0;3546;3483
14;400;2124;22; ;863642;6121202;863637;6121202;14,7027;55,1038;Knudsvej 22;0;34;0;3546;3483
14;400;2124;26; ;863644;6121214;863639;6121214;14,7027;55,1039;Knudsvej 26;0;35;0;3546;3483
14;400;2124;28; ;863645;6121222;863641;6121222;14,7028;55,1039;Knudsvej 28;0;36;0;3546;3483
14;400;2124;32; ;863648;6121236;863643;6121236;14,7028;55,1041;Knudsvej 32;0;37;0;3546;3483
14;400;2124;34; ;863650;6121242;863645;6121242;14,7029;55,1041;Knudsvej 34;0;38;0;3546;3483
14;400;2124;36; ;863653;6121261;863648;6121261;14,7029;55,1043;Knudsvej 36;0;39;0;3546;3483
14;400;4743;12; ;863662;6121260;863664;6121270;14,7031;55,1043;Vesetsgade 12;0;40;0;3546;3483
14;400;4743;14; ;863670;6121258;863672;6121267;14,7032;55,1043;Vesetsgade 14;0;41;0;3546;3483
14;400;2352;47; ;863685;6121253;863693;6121253;14,7034;55,1042;Lille Madsegade 47;0;42;0;3546;3483
14;400;2352;45; ;863686;6121239;863694;6121239;14,7034;55,1041;Lille Madsegade 45;0;43;0;3546;3483
14;400;2352;43; ;863686;6121233;863694;6121233;14,7034;55,104;Lille Madsegade 43;0;44;0;3546;3483
14;400;2352;41; ;863681;6121212;863695;6121212;14,7033;55,1038;Lille Madsegade 41;0;45;0;3546;3483
14;400;2322;2; ;863723;6121195;863733;6121208;14,7039;55,1037;Langelinie 2;0;46;0;3546;3483
14;400;2322;4; ;863729;6121196;863737;6121206;14,704;55,1037;Langelinie 4;0;47;0;3546;3483
14;400;2322;6; ;863734;6121197;863738;6121205;14,7041;55,1037;Langelinie 6;0;48;0;3546;3483
14;400;2322;8; ;863740;6121199;863739;6121205;14,7042;55,1037;Langelinie 8;0;49;0;3546;3483
14;400;2322;14; ;863757;6121202;863755;6121207;14,7045;55,1037;Langelinie 14;0;50;0;3546;3483
14;400;2322;16; ;863764;6121204;863762;6121209;14,7046;55,1037;Langelinie 16;0;51;0;3546;3483
14;400;2322;18; ;863768;6121204;863766;6121210;14,7047;55,1037;Langelinie 18;0;52;0;3546;3483
14;400;2322;22; ;863781;6121207;863779;6121212;14,7049;55,1037;Langelinie 22;0;53;0;3546;3483
14;400;2322;24; ;863786;6121208;863784;6121213;14,7049;55,1037;Langelinie 24;0;54;0;3546;3483
14;400;2322;26; ;863791;6121209;863789;6121215;14,705;55,1037;Langelinie 26;0;55;0;3546;3483
14;400;2322;28; ;863801;6121212;863799;6121217;14,7052;55,1037;Langelinie 28;0;56;0;3546;3483
14;400;2322;30; ;863806;6121213;863804;6121218;14,7053;55,1037;Langelinie 30;0;57;0;3546;3483
14;400;2322;32; ;863811;6121214;863809;6121219;14,7053;55,1038;Langelinie 32;0;58;0;3546;3483
14;400;2322;34; ;863818;6121215;863816;6121220;14,7055;55,1038;Langelinie 34;0;59;0;3546;3483
14;400;4968;49; ;863920;6121228;863983;6121207;14,7071;55,1038;ÿstervang 49;0;60;0;3546;3483
14;400;4968;51; ;863917;6121227;863983;6121207;14,707;55,1038;ÿstervang 51;0;61;0;3546;3483
14;400;4968;55; ;863910;6121226;863983;6121207;14,7069;55,1038;ÿstervang 55;0;62;0;3546;3483
14;400;4968;57; ;863906;6121226;863983;6121207;14,7068;55,1038;ÿstervang 57;0;63;0;3546;3483
14;400;4968;59; ;863903;6121226;863983;6121207;14,7068;55,1038;ÿstervang 59;0;64;0;3546;3483
14;400;4968;61; ;863898;6121225;863983;6121207;14,7067;55,1038;ÿstervang 61;0;65;0;3546;3483
14;400;4968;63; ;863903;6121213;863983;6121207;14,7068;55,1037;ÿstervang 63;0;66;0;3546;3483
14;400;4968;65; ;863904;6121209;863983;6121207;14,7068;55,1036;ÿstervang 65;0;67;0;3546;3483
14;400;4968;69; ;863905;6121201;863983;6121207;14,7068;55,1036;ÿstervang 69;0;68;0;3546;3483
14;400;4968;71; ;863906;6121198;863983;6121207;14,7068;55,1035;ÿstervang 71;0;69;0;3546;3483
14;400;4968;73; ;863907;6121194;863983;6121207;14,7068;55,1035;ÿstervang 73;0;70;0;3546;3483
14;400;4968;75; ;863908;6121190;863983;6121207;14,7068;55,1035;ÿstervang 75;0;71;0;3546;3483
14;400;4968;77; ;863908;6121187;863983;6121207;14,7068;55,1034;ÿstervang 77;0;72;0;3546;3483
14;400;4968;81; ;863910;6121179;863984;6121203;14,7068;55,1034;ÿstervang 81;0;73;0;3546;3483
14;400;4968;83; ;863911;6121176;863985;6121200;14,7068;55,1033;ÿstervang 83;0;74;0;3546;3483
14;400;4968;85; ;863911;6121172;863987;6121197;14,7068;55,1033;ÿstervang 85;0;75;0;3546;3483
14;400;4968;87; ;863910;6121162;863990;6121188;14,7068;55,1032;ÿstervang 87;0;76;0;3546;3483
14;400;4968;95; ;863928;6121165;863990;6121185;14,7071;55,1032;ÿstervang 95;0;77;0;3546;3483
14;400;4968;97; ;863931;6121169;863989;6121188;14,7071;55,1033;ÿstervang 97;0;78;0;3546;3483
14;400;4968;113; ;863925;6121178;863986;6121198;14,7071;55,1034;ÿstervang 113;0;79;0;3546;3483
14;400;4968;115; ;863924;6121182;863985;6121202;14,7071;55,1034;ÿstervang 115;0;80;0;3546;3483
14;400;4968;117; ;863923;6121186;863984;6121206;14,707;55,1034;ÿstervang 117;0;81;0;3546;3483
14;400;4968;131; ;863917;6121214;863983;6121207;14,707;55,1037;ÿstervang 131;0;82;0;3546;3483
14;400;4968;127; ;863919;6121207;863983;6121207;14,707;55,1036;ÿstervang 127;0;83;0;3546;3483
14;400;4968;125; ;863923;6121202;863983;6121207;14,7071;55,1036;ÿstervang 125;0;84;0;3546;3483
14;400;4968;123; ;863923;6121199;863983;6121207;14,7071;55,1035;ÿstervang 123;0;85;0;3546;3483
14;400;4968;121; ;863924;6121195;863983;6121207;14,7071;55,1035;ÿstervang 121;0;86;0;3546;3483
14;400;4968;119; ;863924;6121191;863983;6121207;14,7071;55,1035;ÿstervang 119;0;87;0;3546;3483
14;400;4968;7; ;863954;6121184;863987;6121195;14,7075;55,1034;ÿstervang 7;0;88;0;3546;3483
14;400;4968;3; ;863958;6121168;863992;6121179;14,7076;55,1032;ÿstervang 3;0;89;0;3546;3483
14;400;4968;1; ;863973;6121174;863992;6121180;14,7078;55,1033;ÿstervang 1;0;90;0;3546;3483
14;400;4968;2; ;864004;6121187;863991;6121182;14,7083;55,1034;ÿstervang 2;0;91;0;3546;3483
14;400;4968;4; ;864018;6121193;863991;6121184;14,7085;55,1034;ÿstervang 4;0;92;0;3546;3483
14;400;4968;6; ;864011;6121206;863986;6121197;14,7085;55,1035;ÿstervang 6;0;93;0;3546;3483
14;400;4968;10; ;863987;6121223;863983;6121207;14,7081;55,1037;ÿstervang 10;0;94;0;3546;3483
14;400;4968;16; ;863977;6121234;863983;6121207;14,708;55,1038;ÿstervang 16;0;95;0;3546;3483
14;400;4968;14; ;863992;6121238;863983;6121207;14,7082;55,1038;ÿstervang 14;0;96;0;3546;3483
14;400;4968;12; ;864001;6121228;863983;6121207;14,7083;55,1037;ÿstervang 12;0;97;0;3546;3483
14;400;4968;13; ;863970;6121221;863983;6121207;14,7078;55,1037;ÿstervang 13;0;98;0;3546;3483
14;400;4968;15; ;863969;6121224;863983;6121207;14,7078;55,1037;ÿstervang 15;0;99;0;3546;3483
14;400;4968;11; ;863971;6121217;863983;6121207;14,7078;55,1037;ÿstervang 11;0;100;0;3546;3483
14;400;4968;17; ;863969;6121228;863983;6121207;14,7078;55,1038;ÿstervang 17;0;101;0;3546;3483
14;400;4968;19; ;863967;6121232;863983;6121207;14,7078;55,1038;ÿstervang 19;0;102;0;3546;3483
14;400;4968;21; ;863956;6121237;863983;6121207;14,7076;55,1039;ÿstervang 21;0;103;0;3546;3483
14;400;4968;25; ;863949;6121235;863983;6121207;14,7075;55,1038;ÿstervang 25;0;104;0;3546;3483
14;400;4968;27; ;863946;6121234;863983;6121207;14,7075;55,1038;ÿstervang 27;0;105;0;3546;3483
14;400;4968;29; ;863942;6121233;863983;6121207;14,7074;55,1038;ÿstervang 29;0;106;0;3546;3483
14;400;4968;31; ;863938;6121232;863983;6121207;14,7073;55,1038;ÿstervang 31;0;107;0;3546;3483
14;400;4968;35; ;863935;6121220;863983;6121207;14,7073;55,1037;ÿstervang 35;0;108;0;3546;3483
14;400;4968;37; ;863936;6121217;863983;6121207;14,7073;55,1037;ÿstervang 37;0;109;0;3546;3483
14;400;4968;39; ;863937;6121213;863983;6121207;14,7073;55,1037;ÿstervang 39;0;110;0;3546;3483
14;400;4968;41; ;863937;6121208;863983;6121207;14,7073;55,1036;ÿstervang 41;0;111;0;3546;3483
14;400;4968;43; ;863938;6121204;863983;6121207;14,7073;55,1036;ÿstervang 43;0;112;0;3546;3483
14;400;4968;45; ;863939;6121201;863983;6121207;14,7073;55,1035;ÿstervang 45;0;113;0;3546;3483
14;400;4968;103; ;863953;6121195;863984;6121205;14,7075;55,1035;ÿstervang 103;0;114;0;3546;3483
14;400;4968;105; ;863956;6121197;863984;6121206;14,7076;55,1035;ÿstervang 105;0;115;0;3546;3483
14;400;4968;107; ;863960;6121198;863984;6121206;14,7076;55,1035;ÿstervang 107;0;116;0;3546;3483
14;400;4968;109; ;863963;6121199;863984;6121206;14,7077;55,1035;ÿstervang 109;0;117;0;3546;3483
14;400;4968;5; ;863970;6121191;863987;6121196;14,7078;55,1034;ÿstervang 5;0;118;0;3546;3483
14;400;4968;111; ;863966;6121202;863983;6121207;14,7077;55,1035;ÿstervang 111;0;119;0;3546;3483
14;400;2307;31; ;863975;6121137;863980;6121122;14,7078;55,1029;LandemÊrket 31;0;120;0;3546;3483
14;400;2307;27; ;863869;6121108;863878;6121108;14,7061;55,1028;LandemÊrket 27;0;121;0;3546;3483
14;400;2307;25; ;863860;6121107;864092;6121160;14,706;55,1028;LandemÊrket 25;0;122;0;3546;3483
14;400;4114;60; ;863842;6121123;863845;6121123;14,7057;55,1029;Stenbanen 60;0;123;0;3546;3483
14;400;4114;64; ;863841;6121133;863843;6121133;14,7057;55,103;Stenbanen 64;0;124;0;3546;3483
14;400;4114;50; ;863837;6121151;863842;6121135;14,7057;55,1032;Stenbanen 50;0;125;0;3546;3483
14;400;4114;48; ;863851;6121152;863842;6121135;14,7059;55,1032;Stenbanen 48;0;126;0;3546;3483
14;400;4114;46; ;863859;6121154;863842;6121135;14,706;55,1032;Stenbanen 46;0;127;0;3546;3483
14;400;4114;44; ;863867;6121155;863842;6121135;14,7061;55,1032;Stenbanen 44;0;128;0;3546;3483
14;400;4114;36; ;863874;6121162;863842;6121135;14,7062;55,1032;Stenbanen 36;0;129;0;3546;3483
14;400;4114;42; ;863878;6121157;863842;6121135;14,7063;55,1032;Stenbanen 42;0;130;0;3546;3483
14;400;4114;40; ;863886;6121159;863842;6121135;14,7064;55,1032;Stenbanen 40;0;131;0;3546;3483
14;400;4114;38; ;863894;6121159;863842;6121135;14,7066;55,1032;Stenbanen 38;0;132;0;3546;3483
14;400;4114;24; ;863887;6121195;863842;6121135;14,7065;55,1035;Stenbanen 24;0;133;0;3546;3483
14;400;4114;12; ;863849;6121219;863842;6121135;14,7059;55,1038;Stenbanen 12;0;134;0;3546;3483
14;400;4114;4; ;863845;6121192;863842;6121135;14,7058;55,1035;Stenbanen 4;0;135;0;3546;3483
14;400;4114;6; ;863843;6121200;863842;6121135;14,7058;55,1036;Stenbanen 6;0;136;0;3546;3483
14;400;4114;52; ;863835;6121161;863842;6121135;14,7057;55,1033;Stenbanen 52;0;137;0;3546;3483
14;400;4114;3; ;863805;6121135;863843;6121135;14,7052;55,1031;Stenbanen 3;0;138;0;3546;3483
14;400;2307;21; ;863804;6121097;863804;6121093;14,7051;55,1027;LandemÊrket 21;0;139;0;3546;3483
14;400;2307;19; ;863798;6121097;863798;6121092;14,705;55,1027;LandemÊrket 19;0;140;0;3546;3483
14;400;2307;15; ;863782;6121096;863782;6121092;14,7047;55,1027;LandemÊrket 15;0;141;0;3546;3483
14;400;2307;11; ;863769;6121095;863769;6121091;14,7045;55,1027;LandemÊrket 11;0;142;0;3546;3483
14;400;2307;7; ;863754;6121094;863754;6121090;14,7043;55,1027;LandemÊrket 7;0;143;0;3546;3483
14;400;2307;5; ;863745;6121094;863745;6121090;14,7042;55,1027;LandemÊrket 5;0;144;0;3546;3483
14;400;2307;3; ;863734;6121093;863734;6121089;14,704;55,1027;LandemÊrket 3;0;145;0;3546;3483
14;400;2352;22; ;863706;6121093;863700;6121092;14,7036;55,1027;Lille Madsegade 22;0;146;0;3546;3483
14;400;2352;26;A;863742;6121120;863700;6121119;14,7041;55,103;Lille Madsegade 26A;0;147;0;3546;3483
14;400;2352;26;D;863756;6121135;863760;6121179;14,7044;55,1031;Lille Madsegade 26D;0;148;0;3546;3483
14;400;2352;26;C;863765;6121134;863755;6121179;14,7045;55,1031;Lille Madsegade 26C;0;149;0;3546;3483
14;400;2352;26;E;863735;6121136;863699;6121133;14,7041;55,1031;Lille Madsegade 26E;0;150;0;3546;3483
14;400;2352;26;F;863726;6121136;863699;6121134;14,7039;55,1031;Lille Madsegade 26F;0;151;0;3546;3483
14;400;2352;28; ;863704;6121131;863699;6121130;14,7036;55,1031;Lille Madsegade 28;0;152;0;3546;3483
14;400;2352;30; ;863703;6121136;863699;6121135;14,7036;55,1031;Lille Madsegade 30;0;153;0;3546;3483
14;400;2352;29; ;863689;6121159;863698;6121159;14,7034;55,1034;Lille Madsegade 29;0;154;0;3546;3483
14;400;2352;25; ;863690;6121139;863699;6121139;14,7034;55,1032;Lille Madsegade 25;0;155;0;3546;3483
14;400;2352;37; ;863688;6121186;863696;6121186;14,7034;55,1036;Lille Madsegade 37;0;156;0;3546;3483
14;400;2352;35; ;863688;6121181;863696;6121181;14,7034;55,1035;Lille Madsegade 35;0;157;0;3546;3483
14;400;2352;46; ;863699;6121224;863694;6121223;14,7036;55,1039;Lille Madsegade 46;0;158;0;3546;3483
14;400;2352;48; ;863697;6121250;863693;6121249;14,7036;55,1042;Lille Madsegade 48;0;159;0;3546;3483
14;400;2352;50; ;863698;6121268;863693;6121267;14,7036;55,1043;Lille Madsegade 50;0;160;0;3546;3483
14;400;2352;54; ;863697;6121294;863692;6121293;14,7037;55,1046;Lille Madsegade 54;0;161;0;3546;3483
14;400;2352;56; ;863697;6121304;863692;6121303;14,7037;55,1046;Lille Madsegade 56;0;162;0;3546;3483
14;400;2352;62; ;863694;6121352;863689;6121351;14,7037;55,1051;Lille Madsegade 62;0;163;0;3546;3483
14;400;2352;66; ;863692;6121397;863687;6121396;14,7037;55,1055;Lille Madsegade 66;0;164;0;3546;3483
14;400;2352;68; ;863692;6121404;863686;6121403;14,7037;55,1055;Lille Madsegade 68;0;165;0;3546;3483
14;400;2352;70;A;863718;6121421;863685;6121419;14,7041;55,1057;Lille Madsegade 70A;0;166;0;3546;3483
14;400;2352;70; ;863691;6121422;863685;6121421;14,7037;55,1057;Lille Madsegade 70;1;167;0;3546;3483
14;400;2352;75; ;863675;6121417;863685;6121417;14,7035;55,1057;Lille Madsegade 75;0;168;0;3546;3483
14;400;2352;71; ;863678;6121399;863686;6121399;14,7035;55,1055;Lille Madsegade 71;0;169;0;3546;3483
14;400;2352;65; ;863680;6121375;863688;6121375;14,7035;55,1053;Lille Madsegade 65;0;170;0;3546;3483
14;400;2352;63; ;863680;6121366;863688;6121366;14,7035;55,1052;Lille Madsegade 63;0;171;0;3546;3483
14;400;2352;61; ;863680;6121358;863689;6121358;14,7035;55,1051;Lille Madsegade 61;0;172;0;3546;3483
14;400;2352;53; ;863682;6121295;863692;6121295;14,7034;55,1046;Lille Madsegade 53;0;173;0;3546;3483
14;400;2352;51; ;863683;6121289;863692;6121289;14,7034;55,1045;Lille Madsegade 51;0;174;0;3546;3483
14;400;2352;49; ;863683;6121279;863692;6121279;14,7034;55,1044;Lille Madsegade 49;0;175;0;3546;3483
14;400;4743;17; ;863683;6121271;863681;6121265;14,7034;55,1044;Vesetsgade 17;0;176;0;3546;3483
14;400;4743;13; ;863654;6121277;863652;6121273;14,703;55,1044;Vesetsgade 13;0;177;0;3546;3483
14;400;4743;11; ;863645;6121280;863643;6121275;14,7028;55,1045;Vesetsgade 11;0;178;0;3546;3483
14;400;4743;9; ;863638;6121281;863637;6121277;14,7027;55,1045;Vesetsgade 9;0;179;0;3546;3483
14;400;4743;7; ;863629;6121284;863627;6121279;14,7026;55,1045;Vesetsgade 7;0;180;0;3546;3483
14;400;4743;5; ;863620;6121285;863619;6121281;14,7025;55,1045;Vesetsgade 5;0;181;0;3546;3483
14;400;4743;3; ;863615;6121286;863614;6121282;14,7024;55,1045;Vesetsgade 3;0;182;0;3546;3483
14;400;4743;4; ;863604;6121274;863606;6121284;14,7022;55,1044;Vesetsgade 4;0;183;0;3546;3483
14;400;4743;6; ;863613;6121271;863615;6121282;14,7023;55,1044;Vesetsgade 6;0;184;0;3546;3483
14;400;4743;10; ;863631;6121268;863633;6121278;14,7026;55,1044;Vesetsgade 10;0;185;0;3546;3483
14;400;2124;19; ;863638;6121265;863648;6121263;14,7027;55,1043;Knudsvej 19;0;186;0;3546;3483
14;400;2124;17; ;863634;6121244;863644;6121242;14,7026;55,1042;Knudsvej 17;0;187;0;3546;3483
14;400;2124;15; ;863633;6121238;863643;6121236;14,7026;55,1041;Knudsvej 15;0;188;0;3546;3483
14;400;2124;13; ;863632;6121232;863642;6121230;14,7026;55,1041;Knudsvej 13;0;189;0;3546;3483
14;400;2124;11; ;863630;6121223;863640;6121220;14,7025;55,104;Knudsvej 11;0;190;0;3546;3483
14;400;2124;9; ;863629;6121217;863639;6121214;14,7025;55,1039;Knudsvej 9;0;191;0;3546;3483
14;400;2124;7; ;863628;6121211;863638;6121209;14,7025;55,1039;Knudsvej 7;0;192;0;3546;3483
14;400;2124;5; ;863626;6121201;863636;6121198;14,7024;55,1038;Knudsvej 5;0;193;0;3546;3483
14;400;1227;17; ;863623;6121194;863620;6121189;14,7024;55,1037;GodthÂbsvej 17;0;194;0;3546;3483
14;400;1227;15; ;863605;6121207;863600;6121199;14,7021;55,1038;GodthÂbsvej 15;0;195;0;3546;3483
14;400;1227;13; ;863607;6121214;863599;6121200;14,7022;55,1039;GodthÂbsvej 13;0;196;0;3546;3483
14;400;1227;11; ;863609;6121221;863598;6121201;14,7022;55,104;GodthÂbsvej 11;0;197;0;3546;3483
14;400;1227;9; ;863610;6121227;863596;6121202;14,7022;55,104;GodthÂbsvej 9;0;198;0;3546;3483
14;400;1227;7; ;863593;6121234;863580;6121210;14,702;55,1041;GodthÂbsvej 7;0;199;0;3546;3483
14;400;1227;3; ;863587;6121223;863580;6121210;14,7019;55,104;GodthÂbsvej 3;0;200;0;3546;3483
15;400;4152;2; ;863450;6121080;863444;6121057;14,6995;55,1028;Store Torv 2;1;0;0;2527;2414
15;400;4155;2; ;863436;6121094;863478;6121320;14,6993;55,103;Store Torvegade 2;1;1;0;2527;2414
15;400;4155;4; ;863436;6121111;863478;6121320;14,6994;55,1031;Store Torvegade 4;1;2;0;2527;2414
15;400;4155;8; ;863437;6121143;863478;6121320;14,6994;55,1034;Store Torvegade 8;0;3;0;2527;2414
15;400;4155;10; ;863438;6121154;863478;6121320;14,6994;55,1035;Store Torvegade 10;0;4;0;2527;2414
15;400;4155;12; ;863440;6121168;863478;6121320;14,6995;55,1036;Store Torvegade 12;1;5;0;2527;2414
15;400;4155;14; ;863444;6121188;863478;6121320;14,6996;55,1038;Store Torvegade 14;1;6;0;2527;2414
15;400;4155;16; ;863445;6121204;863535;6121521;14,6996;55,1039;Store Torvegade 16;1;7;0;2527;2414
15;400;4155;16;A;863473;6121196;863535;6121521;14,7;55,1038;Store Torvegade 16A;0;8;0;2527;2414
15;400;4155;16;B;863474;6121205;863535;6121521;14,7001;55,1039;Store Torvegade 16B;0;9;0;2527;2414
15;400;4155;18; ;863446;6121211;863535;6121521;14,6996;55,104;Store Torvegade 18;1;10;0;2527;2414
15;400;4152;11; ;863451;6120933;863440;6120933;14,6994;55,1015;Store Torv 11;1;11;0;2527;2414
15;400;4152;9; ;863452;6120958;863441;6120958;14,6994;55,1017;Store Torv 9;0;12;0;2527;2414
15;400;4152;7; ;863453;6120974;863441;6120974;14,6994;55,1019;Store Torv 7;1;13;0;2527;2414
15;400;4152;5; ;863455;6120991;863443;6120992;14,6995;55,102;Store Torv 5;1;14;0;2527;2414
15;400;4152;3; ;863458;6121013;863447;6121015;14,6996;55,1022;Store Torv 3;1;15;0;2527;2414
15;400;2991;2;B;863474;6121070;863468;6121072;14,6999;55,1027;N¯rregade 2B;0;16;0;2527;2414
15;400;2991;4;A;863492;6121082;863474;6121087;14,7002;55,1028;N¯rregade 4A;0;17;0;2527;2414
15;400;2991;4; ;863481;6121087;863474;6121088;14,7;55,1029;N¯rregade 4;1;18;0;2527;2414
15;400;2991;6; ;863484;6121095;863477;6121097;14,7001;55,1029;N¯rregade 6;1;19;0;2527;2414
15;400;2991;6;A;863489;6121100;863479;6121103;14,7002;55,103;N¯rregade 6A;0;20;0;2527;2414
15;400;2991;8; ;863493;6121119;863486;6121121;14,7003;55,1031;N¯rregade 8;0;21;0;2527;2414
15;400;2991;10; ;863499;6121134;863491;6121136;14,7004;55,1033;N¯rregade 10;0;22;0;2527;2414
15;400;2991;12; ;863502;6121144;863494;6121146;14,7004;55,1034;N¯rregade 12;0;23;0;2527;2414
15;400;3372;4; ;863528;6121137;863532;6121143;14,7008;55,1033;Rolighedsgade 4;0;24;0;2527;2414
15;400;3372;8; ;863540;6121129;863544;6121134;14,701;55,1032;Rolighedsgade 8;0;25;0;2527;2414
15;400;3372;10; ;863546;6121125;863549;6121130;14,7011;55,1032;Rolighedsgade 10;0;26;0;2527;2414
15;400;3372;12;A;863554;6121120;863557;6121124;14,7012;55,1031;Rolighedsgade 12A;0;27;0;2527;2414
15;400;3372;12;B;863559;6121117;863561;6121121;14,7013;55,1031;Rolighedsgade 12B;0;28;0;2527;2414
15;400;3372;14;B;863572;6121111;863573;6121115;14,7015;55,103;Rolighedsgade 14B;0;29;0;2527;2414
15;400;3372;16;C;863579;6121104;863582;6121111;14,7016;55,1029;Rolighedsgade 16C;0;30;0;2527;2414
15;400;3372;16;B;863582;6121106;863583;6121111;14,7016;55,103;Rolighedsgade 16B;0;31;0;2527;2414
15;400;3372;18; ;863586;6121103;863588;6121108;14,7017;55,1029;Rolighedsgade 18;0;32;0;2527;2414
15;400;3372;20; ;863594;6121099;863596;6121105;14,7018;55,1029;Rolighedsgade 20;0;33;0;2527;2414
15;400;3372;24; ;863612;6121091;863615;6121097;14,7021;55,1028;Rolighedsgade 24;0;34;0;2527;2414
15;400;3372;26; ;863620;6121087;863623;6121093;14,7022;55,1028;Rolighedsgade 26;0;35;0;2527;2414
15;400;3372;28; ;863628;6121083;863631;6121089;14,7023;55,1027;Rolighedsgade 28;0;36;0;2527;2414
15;400;3372;30; ;863634;6121080;863637;6121085;14,7024;55,1027;Rolighedsgade 30;0;37;0;2527;2414
15;400;3372;32; ;863642;6121076;863645;6121081;14,7025;55,1026;Rolighedsgade 32;0;38;0;2527;2414
15;400;3372;34; ;863649;6121072;863652;6121077;14,7026;55,1026;Rolighedsgade 34;0;39;0;2527;2414
15;400;3531;27; ;863646;6121057;863646;6121050;14,7026;55,1025;Sankt Mortens Gade 27;0;40;0;2527;2414
15;400;3531;25; ;863638;6121056;863638;6121049;14,7024;55,1025;Sankt Mortens Gade 25;0;41;0;2527;2414
15;400;3531;23; ;863625;6121054;863625;6121048;14,7022;55,1025;Sankt Mortens Gade 23;0;42;0;2527;2414
15;400;3531;21; ;863613;6121053;863613;6121046;14,702;55,1025;Sankt Mortens Gade 21;1;43;0;2527;2414
15;400;3531;17; ;863591;6121051;863591;6121044;14,7017;55,1025;Sankt Mortens Gade 17;1;44;0;2527;2414
15;400;3531;15;B;863576;6121055;863577;6121042;14,7015;55,1025;Sankt Mortens Gade 15B;0;45;0;2527;2414
15;400;3531;15;A;863572;6121052;863573;6121041;14,7014;55,1025;Sankt Mortens Gade 15A;0;46;0;2527;2414
15;400;3531;13;B;863560;6121057;863562;6121040;14,7012;55,1025;Sankt Mortens Gade 13B;0;47;0;2527;2414
15;400;3531;13;D;863558;6121069;863561;6121040;14,7012;55,1026;Sankt Mortens Gade 13D;0;48;0;2527;2414
15;400;3531;13;E;863561;6121073;863565;6121040;14,7013;55,1027;Sankt Mortens Gade 13E;0;49;0;2527;2414
15;400;3531;13;C;863557;6121064;863560;6121040;14,7012;55,1026;Sankt Mortens Gade 13C;0;50;0;2527;2414
15;400;3531;13;A;863558;6121055;863560;6121040;14,7012;55,1025;Sankt Mortens Gade 13A;0;51;0;2527;2414
15;400;3531;11; ;863555;6121047;863556;6121039;14,7011;55,1025;Sankt Mortens Gade 11;0;52;0;2527;2414
15;400;3531;9; ;863549;6121046;863549;6121038;14,701;55,1024;Sankt Mortens Gade 9;0;53;0;2527;2414
15;400;3531;7; ;863538;6121046;863539;6121037;14,7009;55,1025;Sankt Mortens Gade 7;0;54;0;2527;2414
15;400;3531;1; ;863504;6121042;863504;6121034;14,7003;55,1024;Sankt Mortens Gade 1;0;55;0;2527;2414
15;400;3531;10; ;863540;6121031;863539;6121037;14,7009;55,1023;Sankt Mortens Gade 10;0;56;0;2527;2414
15;400;3531;14; ;863565;6121033;863563;6121040;14,7013;55,1023;Sankt Mortens Gade 14;0;57;0;2527;2414
15;400;3531;16; ;863573;6121034;863571;6121041;14,7014;55,1023;Sankt Mortens Gade 16;0;58;0;2527;2414
15;400;3531;22; ;863618;6121039;863617;6121047;14,7021;55,1023;Sankt Mortens Gade 22;0;59;0;2527;2414
15;400;3531;24; ;863627;6121040;863626;6121048;14,7022;55,1023;Sankt Mortens Gade 24;0;60;0;2527;2414
15;400;3531;26; ;863637;6121041;863636;6121049;14,7024;55,1023;Sankt Mortens Gade 26;0;61;0;2527;2414
15;400;4140;15; ;863642;6121014;863649;6121012;14,7024;55,1021;StettestrÊde 15;0;62;0;2527;2414
15;400;4140;13; ;863640;6121004;863647;6121002;14,7024;55,102;StettestrÊde 13;0;63;0;2527;2414
15;400;4272;13; ;863616;6120947;863621;6120941;14,702;55,1015;StÂlegade 13;0;64;0;2527;2414
15;400;4272;11; ;863606;6120936;863611;6120930;14,7018;55,1014;StÂlegade 11;0;65;0;2527;2414
15;400;4272;7; ;863588;6120918;863593;6120912;14,7015;55,1013;StÂlegade 7;0;66;0;2527;2414
15;400;4272;5; ;863577;6120907;863582;6120901;14,7013;55,1012;StÂlegade 5;0;67;0;2527;2414
15;400;4272;3; ;863567;6120896;863571;6120891;14,7011;55,1011;StÂlegade 3;0;68;0;2527;2414
15;400;2370;5; ;863553;6120884;863533;6120875;14,7009;55,101;Lille Torv 5;1;69;0;2527;2414
15;400;2370;3; ;863538;6120899;863525;6120891;14,7007;55,1011;Lille Torv 3;1;70;0;2527;2414
15;400;2370;1; ;863525;6120915;863516;6120910;14,7005;55,1013;Lille Torv 1;1;71;0;2527;2414
15;400;894;4;B;863527;6120952;863518;6120952;14,7006;55,1016;EllekongstrÊde 4B;0;72;0;2527;2414
15;400;894;4;A;863537;6120951;863518;6120952;14,7007;55,1016;EllekongstrÊde 4A;0;73;0;2527;2414
15;400;894;10; ;863531;6120974;863521;6120976;14,7007;55,1018;EllekongstrÊde 10;0;74;0;2527;2414
15;400;2346;9; ;863570;6120994;863567;6120986;14,7013;55,102;Lille EllekongstrÊde 9;0;75;0;2527;2414
15;400;2346;7; ;863565;6120996;863562;6120988;14,7012;55,102;Lille EllekongstrÊde 7;0;76;0;2527;2414
15;400;2346;3; ;863554;6121001;863551;6120992;14,7011;55,102;Lille EllekongstrÊde 3;0;77;0;2527;2414
15;400;2346;2; ;863543;6120992;863544;6120995;14,7009;55,102;Lille EllekongstrÊde 2;0;78;0;2527;2414
15;400;2346;4; ;863551;6120989;863552;6120992;14,701;55,1019;Lille EllekongstrÊde 4;0;79;0;2527;2414
15;400;2346;6; ;863559;6120985;863560;6120989;14,7011;55,1019;Lille EllekongstrÊde 6;0;80;0;2527;2414
15;400;2346;8; ;863570;6120981;863571;6120985;14,7013;55,1019;Lille EllekongstrÊde 8;0;81;0;2527;2414
15;400;2346;10; ;863578;6120978;863579;6120982;14,7014;55,1018;Lille EllekongstrÊde 10;0;82;0;2527;2414
15;400;2346;12; ;863587;6120975;863588;6120979;14,7015;55,1018;Lille EllekongstrÊde 12;0;83;0;2527;2414
15;400;2346;14; ;863602;6120968;863603;6120973;14,7018;55,1017;Lille EllekongstrÊde 14;0;84;0;2527;2414
15;400;2346;16; ;863607;6120966;863608;6120971;14,7018;55,1017;Lille EllekongstrÊde 16;0;85;0;2527;2414
15;400;2346;15; ;863625;6120978;863621;6120967;14,7021;55,1018;Lille EllekongstrÊde 15;0;86;0;2527;2414
15;400;4140;20; ;863648;6120964;863640;6120966;14,7025;55,1016;StettestrÊde 20;0;87;0;2527;2414
15;400;4140;24; ;863652;6120983;863644;6120984;14,7026;55,1018;StettestrÊde 24;0;88;0;2527;2414
15;400;4140;26;A;863653;6120992;863646;6120993;14,7026;55,1019;StettestrÊde 26A;0;89;0;2527;2414
15;400;4140;26;B;863655;6121002;863648;6121003;14,7026;55,102;StettestrÊde 26B;0;90;0;2527;2414
15;400;4140;28; ;863657;6121010;863649;6121011;14,7027;55,102;StettestrÊde 28;0;91;0;2527;2414
15;400;192;2; ;863669;6121008;863669;6121013;14,7029;55,102;BakkestrÊde 2;0;92;0;2527;2414
15;400;192;4; ;863680;6121006;863680;6121011;14,703;55,102;BakkestrÊde 4;0;93;0;2527;2414
15;400;192;3; ;863672;6121019;863671;6121013;14,7029;55,1021;BakkestrÊde 3;0;94;0;2527;2414
15;400;192;1; ;863660;6121021;863659;6121015;14,7027;55,1021;BakkestrÊde 1;0;95;0;2527;2414
15;400;4140;30; ;863662;6121032;863652;6121033;14,7028;55,1022;StettestrÊde 30;0;96;0;2527;2414
15;400;3531;28; ;863667;6121044;863665;6121052;14,7029;55,1023;Sankt Mortens Gade 28;0;97;0;2527;2414
15;400;3372;35; ;863637;6121093;863633;6121087;14,7025;55,1028;Rolighedsgade 35;1;98;0;2527;2414
15;400;3372;33; ;863628;6121098;863625;6121092;14,7023;55,1029;Rolighedsgade 33;0;99;0;2527;2414
15;400;3372;31; ;863622;6121100;863619;6121095;14,7023;55,1029;Rolighedsgade 31;0;100;0;2527;2414
15;400;3372;27; ;863609;6121107;863606;6121101;14,7021;55,103;Rolighedsgade 27;0;101;0;2527;2414
15;400;3372;25; ;863600;6121112;863597;6121105;14,7019;55,103;Rolighedsgade 25;0;102;0;2527;2414
15;400;3372;23; ;863593;6121115;863590;6121108;14,7018;55,103;Rolighedsgade 23;0;103;0;2527;2414
15;400;3372;19; ;863581;6121119;863578;6121113;14,7016;55,1031;Rolighedsgade 19;0;104;0;2527;2414
15;400;3372;15; ;863572;6121123;863568;6121117;14,7015;55,1031;Rolighedsgade 15;0;105;0;2527;2414
15;400;3372;11; ;863560;6121133;863555;6121126;14,7013;55,1032;Rolighedsgade 11;0;106;0;2527;2414
15;400;3372;9; ;863554;6121136;863549;6121130;14,7012;55,1032;Rolighedsgade 9;0;107;0;2527;2414
15;400;3372;7; ;863549;6121140;863544;6121134;14,7012;55,1033;Rolighedsgade 7;0;108;0;2527;2414
15;400;3372;5; ;863543;6121143;863539;6121138;14,7011;55,1033;Rolighedsgade 5;0;109;0;2527;2414
15;400;3372;3; ;863539;6121147;863534;6121141;14,701;55,1034;Rolighedsgade 3;0;110;0;2527;2414
15;400;3372;1; ;863533;6121151;863529;6121145;14,7009;55,1034;Rolighedsgade 1;0;111;0;2527;2414
15;400;2991;11; ;863499;6121189;863509;6121185;14,7004;55,1038;N¯rregade 11;1;112;0;2527;2414
15;400;2991;7;B;863480;6121133;863489;6121130;14,7001;55,1033;N¯rregade 7B;0;113;0;2527;2414
15;400;2991;5;B;863470;6121116;863482;6121111;14,6999;55,1031;N¯rregade 5B;0;114;0;2527;2414
15;400;2991;5;A;863469;6121110;863480;6121105;14,6999;55,1031;N¯rregade 5A;0;115;0;2527;2414
16;400;213;1; ;864739;6121058;864739;6121044;14,7196;55,1017;Banevangen 1;0;0;0;4990;4932
16;400;4308;86; ;864761;6121072;864757;6121081;14,72;55,1018;Svanekevej 86;0;1;0;4990;4932
16;400;4308;83; ;864726;6121096;864726;6121081;14,7195;55,102;Svanekevej 83;0;2;0;4990;4932
16;400;4308;81; ;864705;6121098;864706;6121080;14,7191;55,1021;Svanekevej 81;0;3;0;4990;4932
16;400;4308;79; ;864692;6121096;864692;6121079;14,7189;55,1021;Svanekevej 79;0;4;0;4990;4932
16;400;4308;77; ;864681;6121096;864682;6121079;14,7188;55,1021;Svanekevej 77;0;5;0;4990;4932
16;400;4308;73; ;864653;6121094;864654;6121077;14,7183;55,1021;Svanekevej 73;0;6;0;4990;4932
16;400;4308;71; ;864640;6121093;864640;6121076;14,7181;55,1021;Svanekevej 71;0;7;0;4990;4932
16;400;4308;69; ;864624;6121088;864624;6121075;14,7179;55,102;Svanekevej 69;0;8;0;4990;4932
16;400;1302;2; ;864624;6121057;864636;6121057;14,7178;55,1018;Gr¯nvangen 2;0;9;0;4990;4932
16;400;1302;5; ;864652;6121013;864638;6121012;14,7182;55,1013;Gr¯nvangen 5;0;10;0;4990;4932
16;400;1302;3; ;864651;6121031;864637;6121030;14,7182;55,1015;Gr¯nvangen 3;0;11;0;4990;4932
16;400;1302;11; ;864656;6120951;864641;6120950;14,7182;55,1008;Gr¯nvangen 11;0;12;0;4990;4932
16;400;1302;9; ;864655;6120972;864640;6120971;14,7182;55,101;Gr¯nvangen 9;0;13;0;4990;4932
16;400;1302;7; ;864653;6120993;864639;6120992;14,7182;55,1012;Gr¯nvangen 7;0;14;0;4990;4932
16;400;1302;8; ;864605;6120993;864605;6120978;14,7174;55,1012;Gr¯nvangen 8;0;15;0;4990;4932
16;400;1302;10; ;864585;6120989;864585;6120976;14,7171;55,1012;Gr¯nvangen 10;0;16;0;4990;4932
16;400;1302;12; ;864565;6120988;864565;6120975;14,7168;55,1012;Gr¯nvangen 12;0;17;0;4990;4932
16;400;1302;14; ;864543;6120985;864543;6120974;14,7165;55,1012;Gr¯nvangen 14;0;18;0;4990;4932
16;400;1302;16; ;864514;6120987;864537;6120974;14,716;55,1012;Gr¯nvangen 16;0;19;0;4990;4932
16;400;1302;23; ;864560;6120962;864559;6120975;14,7167;55,101;Gr¯nvangen 23;0;20;0;4990;4932
16;400;1302;21; ;864583;6120964;864582;6120976;14,7171;55,101;Gr¯nvangen 21;0;21;0;4990;4932
16;400;1302;19; ;864605;6120965;864604;6120977;14,7174;55,1009;Gr¯nvangen 19;0;22;0;4990;4932
16;400;1302;17; ;864625;6120964;864624;6120979;14,7177;55,1009;Gr¯nvangen 17;0;23;0;4990;4932
16;400;1302;15; ;864632;6120931;864642;6120938;14,7178;55,1006;Gr¯nvangen 15;0;24;0;4990;4932
16;400;90;15; ;864520;6120807;864541;6120783;14,7159;55,0996;Almindingsvej 15;1;25;0;4990;4932
16;400;972;31; ;864467;6120784;864469;6120771;14,715;55,0994;Fabriksvej 31;1;26;0;4990;4932
16;400;972;28; ;864412;6120741;864408;6120758;14,7141;55,0991;Fabriksvej 28;0;27;0;4990;4932
16;400;972;30; ;864418;6120742;864414;6120759;14,7142;55,0991;Fabriksvej 30;0;28;0;4990;4932
16;400;972;32; ;864434;6120746;864430;6120763;14,7145;55,0991;Fabriksvej 32;0;29;0;4990;4932
16;400;972;34; ;864440;6120748;864436;6120764;14,7146;55,0991;Fabriksvej 34;0;30;0;4990;4932
16;400;972;36; ;864456;6120751;864452;6120768;14,7148;55,0991;Fabriksvej 36;0;31;0;4990;4932
16;400;972;38; ;864461;6120752;864457;6120769;14,7149;55,0992;Fabriksvej 38;0;32;0;4990;4932
16;400;972;40; ;864477;6120755;864473;6120772;14,7151;55,0992;Fabriksvej 40;0;33;0;4990;4932
16;400;972;42; ;864483;6120757;864476;6120773;14,7152;55,0992;Fabriksvej 42;0;34;0;4990;4932
16;400;90;5; ;864423;6120714;864444;6120691;14,7142;55,0988;Almindingsvej 5;0;35;0;4990;4932
16;400;90;7; ;864429;6120715;864447;6120695;14,7143;55,0988;Almindingsvej 7;0;36;0;4990;4932
16;400;90;9; ;864444;6120718;864457;6120703;14,7146;55,0989;Almindingsvej 9;0;37;0;4990;4932
16;400;90;11; ;864451;6120720;864462;6120708;14,7147;55,0989;Almindingsvej 11;0;38;0;4990;4932
16;400;90;3; ;864424;6120691;864433;6120681;14,7142;55,0986;Almindingsvej 3;0;39;0;4990;4932
16;400;432;2; ;864361;6120649;864347;6120649;14,7132;55,0983;Borgmester Nielsens Vej 2;0;40;0;4990;4932
16;400;432;4; ;864362;6120665;864348;6120665;14,7132;55,0984;Borgmester Nielsens Vej 4;0;41;0;4990;4932
16;400;432;6; ;864363;6120680;864349;6120680;14,7133;55,0986;Borgmester Nielsens Vej 6;0;42;0;4990;4932
16;400;432;8; ;864366;6120693;864349;6120693;14,7133;55,0987;Borgmester Nielsens Vej 8;0;43;0;4990;4932
16;400;432;10; ;864372;6120709;864350;6120709;14,7134;55,0988;Borgmester Nielsens Vej 10;0;44;0;4990;4932
16;400;432;12; ;864372;6120727;864351;6120727;14,7135;55,099;Borgmester Nielsens Vej 12;0;45;0;4990;4932
16;400;432;14; ;864375;6120782;864348;6120777;14,7136;55,0995;Borgmester Nielsens Vej 14;0;46;0;4990;4932
16;400;432;22; ;864359;6120833;864336;6120826;14,7134;55,0999;Borgmester Nielsens Vej 22;1;47;0;4990;4932
16;400;1548;2; ;864332;6120907;864327;6120919;14,7131;55,1006;Herman Blems Vej 2;0;48;0;4990;4932
16;400;1548;6; ;864389;6120922;864384;6120935;14,714;55,1007;Herman Blems Vej 6;0;49;0;4990;4932
16;400;1548;10; ;864417;6120928;864411;6120944;14,7144;55,1008;Herman Blems Vej 10;0;50;0;4990;4932
16;400;1548;12; ;864431;6120932;864425;6120948;14,7147;55,1008;Herman Blems Vej 12;0;51;0;4990;4932
16;400;1548;18; ;864474;6120948;864469;6120962;14,7153;55,1009;Herman Blems Vej 18;0;52;0;4990;4932
16;400;1548;20; ;864494;6120954;864499;6120962;14,7157;55,1009;Herman Blems Vej 20;0;53;0;4990;4932
16;400;1548;22; ;864514;6120915;864514;6120934;14,7159;55,1006;Herman Blems Vej 22;0;54;0;4990;4932
16;400;1548;21; ;864455;6120973;864458;6120959;14,7151;55,1011;Herman Blems Vej 21;0;55;0;4990;4932
16;400;1548;19; ;864435;6120964;864438;6120952;14,7148;55,1011;Herman Blems Vej 19;0;56;0;4990;4932
16;400;1548;17; ;864415;6120958;864418;6120946;14,7144;55,101;Herman Blems Vej 17;0;57;0;4990;4932
16;400;1548;9; ;864356;6120942;864359;6120928;14,7135;55,1009;Herman Blems Vej 9;0;58;0;4990;4932
16;400;1548;7; ;864351;6120940;864354;6120927;14,7134;55,1009;Herman Blems Vej 7;0;59;0;4990;4932
16;400;1548;5; ;864343;6120938;864346;6120924;14,7133;55,1009;Herman Blems Vej 5;0;60;0;4990;4932
16;400;1548;3; ;864336;6120936;864339;6120923;14,7132;55,1009;Herman Blems Vej 3;0;61;0;4990;4932
16;400;432;28; ;864321;6120943;864303;6120937;14,7129;55,101;Borgmester Nielsens Vej 28;1;62;0;4990;4932
16;400;4308;26; ;864304;6120969;864298;6120980;14,7127;55,1012;Svanekevej 26;0;63;0;4990;4932
16;400;4308;28; ;864313;6120976;864308;6120985;14,7129;55,1013;Svanekevej 28;0;64;0;4990;4932
16;400;4308;30; ;864319;6120977;864313;6120988;14,713;55,1013;Svanekevej 30;0;65;0;4990;4932
16;400;4308;32; ;864324;6120979;864318;6120990;14,713;55,1013;Svanekevej 32;0;66;0;4990;4932
16;400;4308;34; ;864329;6120981;864322;6120993;14,7131;55,1013;Svanekevej 34;0;67;0;4990;4932
16;400;4308;38; ;864340;6120984;864332;6120998;14,7133;55,1013;Svanekevej 38;0;68;0;4990;4932
16;400;4308;40; ;864348;6120990;864341;6121002;14,7134;55,1014;Svanekevej 40;0;69;0;4990;4932
16;400;4308;42; ;864356;6120993;864349;6121006;14,7136;55,1014;Svanekevej 42;0;70;0;4990;4932
16;400;4308;46; ;864372;6121000;864364;6121014;14,7138;55,1014;Svanekevej 46;0;71;0;4990;4932
16;400;4308;48; ;864381;6121005;864374;6121019;14,714;55,1015;Svanekevej 48;0;72;0;4990;4932
16;400;4308;52; ;864394;6121011;864387;6121025;14,7142;55,1015;Svanekevej 52;0;73;0;4990;4932
16;400;4308;54; ;864398;6121013;864391;6121027;14,7142;55,1015;Svanekevej 54;0;74;0;4990;4932
16;400;4308;56; ;864415;6121023;864408;6121035;14,7145;55,1016;Svanekevej 56;0;75;0;4990;4932
16;400;4308;58; ;864434;6121031;864427;6121044;14,7148;55,1017;Svanekevej 58;0;76;0;4990;4932
16;400;4308;60; ;864449;6121035;864440;6121051;14,7151;55,1017;Svanekevej 60;0;77;0;4990;4932
16;400;4308;60;B;864467;6121040;864460;6121062;14,7154;55,1017;Svanekevej 60B;0;78;0;4990;4932
16;400;4308;53; ;864447;6121097;864458;6121061;14,7151;55,1022;Svanekevej 53;0;79;0;4990;4932
16;400;4308;51; ;864426;6121074;864437;6121050;14,7148;55,1021;Svanekevej 51;0;80;0;4990;4932
16;400;4308;49; ;864411;6121055;864418;6121040;14,7145;55,1019;Svanekevej 49;0;81;0;4990;4932
16;400;4308;47; ;864394;6121047;864401;6121032;14,7142;55,1018;Svanekevej 47;0;82;0;4990;4932
16;400;4308;45; ;864384;6121043;864391;6121027;14,7141;55,1018;Svanekevej 45;0;83;0;4990;4932
16;400;4308;41; ;864357;6121030;864364;6121014;14,7136;55,1017;Svanekevej 41;0;84;0;4990;4932
16;400;4308;33; ;864308;6121008;864316;6120990;14,7128;55,1016;Svanekevej 33;0;85;0;4990;4932
16;400;432;34; ;864267;6121061;864252;6121053;14,7123;55,1021;Borgmester Nielsens Vej 34;0;86;0;4990;4932
16;400;432;36; ;864261;6121074;864245;6121065;14,7122;55,1022;Borgmester Nielsens Vej 36;0;87;0;4990;4932
16;400;432;40; ;864250;6121092;864235;6121083;14,712;55,1023;Borgmester Nielsens Vej 40;0;88;0;4990;4932
16;400;432;42; ;864241;6121104;864228;6121096;14,7119;55,1025;Borgmester Nielsens Vej 42;0;89;0;4990;4932
16;400;432;46; ;864229;6121127;864215;6121119;14,7117;55,1027;Borgmester Nielsens Vej 46;0;90;0;4990;4932
16;400;432;48; ;864221;6121139;864208;6121132;14,7116;55,1028;Borgmester Nielsens Vej 48;0;91;0;4990;4932
16;400;432;50; ;864213;6121154;864200;6121147;14,7115;55,1029;Borgmester Nielsens Vej 50;0;92;0;4990;4932
16;400;432;52; ;864206;6121166;864193;6121159;14,7114;55,103;Borgmester Nielsens Vej 52;0;93;0;4990;4932
16;400;432;54; ;864198;6121181;864185;6121174;14,7113;55,1032;Borgmester Nielsens Vej 54;0;94;0;4990;4932
16;400;432;56; ;864190;6121194;864178;6121187;14,7112;55,1033;Borgmester Nielsens Vej 56;0;95;0;4990;4932
16;400;4788;27; ;864421;6121144;864484;6121149;14,7148;55,1027;Vibehaven 27;0;96;0;4990;4932
16;400;4788;25; ;864429;6121145;864484;6121150;14,7149;55,1027;Vibehaven 25;0;97;0;4990;4932
16;400;4788;23; ;864436;6121148;864484;6121152;14,715;55,1027;Vibehaven 23;0;98;0;4990;4932
16;400;4788;29; ;864466;6121170;864482;6121170;14,7155;55,1029;Vibehaven 29;0;99;0;4990;4932
16;400;4788;31; ;864465;6121183;864481;6121183;14,7155;55,103;Vibehaven 31;0;100;0;4990;4932
16;400;4788;34; ;864504;6121160;864484;6121158;14,7161;55,1028;Vibehaven 34;0;101;0;4990;4932
16;400;4788;36; ;864508;6121160;864484;6121158;14,7161;55,1028;Vibehaven 36;0;102;0;4990;4932
16;400;4788;38; ;864512;6121160;864484;6121158;14,7162;55,1028;Vibehaven 38;0;103;0;4990;4932
16;400;4788;40; ;864516;6121161;864484;6121158;14,7163;55,1028;Vibehaven 40;0;104;0;4990;4932
16;400;4788;42; ;864529;6121156;864484;6121152;14,7165;55,1027;Vibehaven 42;0;105;0;4990;4932
16;400;4788;44; ;864529;6121152;864484;6121148;14,7165;55,1027;Vibehaven 44;0;106;0;4990;4932
16;400;4788;60; ;864536;6121141;864485;6121137;14,7165;55,1026;Vibehaven 60;0;107;0;4990;4932
16;400;4788;64; ;864536;6121132;864487;6121125;14,7165;55,1025;Vibehaven 64;0;108;0;4990;4932
16;400;4788;66; ;864532;6121123;864488;6121117;14,7165;55,1024;Vibehaven 66;0;109;0;4990;4932
16;400;4788;68; ;864536;6121123;864488;6121116;14,7165;55,1024;Vibehaven 68;0;110;0;4990;4932
16;400;4788;70; ;864541;6121124;864488;6121116;14,7166;55,1024;Vibehaven 70;0;111;0;4990;4932
16;400;4788;72; ;864545;6121124;864488;6121116;14,7167;55,1024;Vibehaven 72;0;112;0;4990;4932
16;400;4788;76; ;864552;6121126;864488;6121117;14,7168;55,1024;Vibehaven 76;0;113;0;4990;4932
16;400;4788;78; ;864557;6121127;864488;6121117;14,7169;55,1024;Vibehaven 78;0;114;0;4990;4932
16;400;4788;80; ;864561;6121127;864488;6121116;14,7169;55,1024;Vibehaven 80;0;115;0;4990;4932
16;400;4788;52; ;864542;6121158;864484;6121153;14,7167;55,1027;Vibehaven 52;0;116;0;4990;4932
16;400;4788;54; ;864540;6121162;864484;6121157;14,7166;55,1028;Vibehaven 54;0;117;0;4990;4932
16;400;4788;28; ;864518;6121174;864483;6121172;14,7163;55,1029;Vibehaven 28;0;118;0;4990;4932
16;400;4788;22; ;864505;6121175;864483;6121174;14,7161;55,1029;Vibehaven 22;0;119;0;4990;4932
16;400;4788;24; ;864509;6121176;864483;6121174;14,7162;55,1029;Vibehaven 24;0;120;0;4990;4932
16;400;4788;30; ;864522;6121175;864483;6121173;14,7164;55,1029;Vibehaven 30;0;121;0;4990;4932
16;400;4788;32; ;864525;6121175;864483;6121173;14,7164;55,1029;Vibehaven 32;0;122;0;4990;4932
16;400;4788;18; ;864496;6121178;864482;6121177;14,716;55,1029;Vibehaven 18;0;123;0;4990;4932
16;400;4788;16; ;864496;6121174;864483;6121173;14,716;55,1029;Vibehaven 16;0;124;0;4990;4932
16;400;4788;14; ;864496;6121170;864483;6121169;14,716;55,1029;Vibehaven 14;0;125;0;4990;4932
16;400;4788;8; ;864496;6121157;864484;6121156;14,7159;55,1027;Vibehaven 8;0;126;0;4990;4932
16;400;4788;17; ;864471;6121154;864484;6121155;14,7155;55,1027;Vibehaven 17;0;127;0;4990;4932
16;400;4788;19; ;864457;6121149;864484;6121151;14,7153;55,1027;Vibehaven 19;0;128;0;4990;4932
16;400;4788;15; ;864432;6121126;864486;6121134;14,7149;55,1025;Vibehaven 15;0;129;0;4990;4932
16;400;4788;13; ;864445;6121126;864486;6121132;14,7151;55,1025;Vibehaven 13;0;130;0;4990;4932
16;400;4788;11; ;864457;6121130;864486;6121134;14,7153;55,1025;Vibehaven 11;0;131;0;4990;4932
16;400;4788;9; ;864471;6121127;864486;6121129;14,7155;55,1025;Vibehaven 9;0;132;0;4990;4932
16;400;4788;7; ;864477;6121114;864488;6121115;14,7156;55,1024;Vibehaven 7;0;133;0;4990;4932
16;400;4788;5; ;864476;6121104;864489;6121105;14,7156;55,1023;Vibehaven 5;0;134;0;4990;4932
16;400;4788;1; ;864474;6121081;864491;6121081;14,7155;55,1021;Vibehaven 1;0;135;0;4990;4932
16;400;4308;62; ;864498;6121055;864497;6121067;14,7158;55,1018;Svanekevej 62;0;136;0;4990;4932
16;400;4308;64; ;864523;6121056;864522;6121069;14,7162;55,1018;Svanekevej 64;0;137;0;4990;4932
16;400;4308;57;B;864512;6121099;864513;6121068;14,7161;55,1022;Svanekevej 57B;0;138;0;4990;4932
16;400;4308;57;A;864515;6121085;864516;6121068;14,7162;55,1021;Svanekevej 57A;0;139;0;4990;4932
16;400;4308;68; ;864558;6121029;864539;6121039;14,7168;55,1016;Svanekevej 68;0;140;0;4990;4932
16;400;4308;61; ;864557;6121088;864558;6121071;14,7168;55,1021;Svanekevej 61;0;141;0;4990;4932
16;400;4308;70; ;864560;6121057;864559;6121071;14,7168;55,1018;Svanekevej 70;0;142;0;4990;4932
16;400;4308;74; ;864591;6121032;864588;6121073;14,7173;55,1016;Svanekevej 74;0;143;0;4990;4932
16;400;4308;72; ;864592;6121050;864590;6121073;14,7173;55,1017;Svanekevej 72;0;144;0;4990;4932
16;400;4308;67; ;864608;6121089;864608;6121074;14,7176;55,1021;Svanekevej 67;0;145;0;4990;4932
16;400;4308;65; ;864593;6121089;864593;6121073;14,7174;55,1021;Svanekevej 65;0;146;0;4990;4932
16;400;4308;63; ;864577;6121085;864577;6121072;14,7171;55,102;Svanekevej 63;0;147;0;4990;4932
16;400;4308;78; ;864657;6121064;864656;6121077;14,7183;55,1018;Svanekevej 78;0;148;0;4990;4932
16;400;4308;80; ;864680;6121065;864679;6121079;14,7187;55,1018;Svanekevej 80;0;149;0;4990;4932
16;400;213;2; ;864704;6121059;864716;6121060;14,7191;55,1017;Banevangen 2;0;150;0;4990;4932
16;400;213;4; ;864705;6121035;864719;6121036;14,7191;55,1015;Banevangen 4;0;151;0;4990;4932
16;400;213;6; ;864705;6121016;864720;6121017;14,719;55,1013;Banevangen 6;0;152;0;4990;4932
16;400;213;8; ;864708;6120996;864722;6120997;14,719;55,1012;Banevangen 8;0;153;0;4990;4932
16;400;213;10; ;864701;6120970;864724;6120976;14,7189;55,1009;Banevangen 10;0;154;0;4990;4932
16;400;213;11; ;864730;6121010;864721;6121009;14,7194;55,1013;Banevangen 11;0;155;0;4990;4932
16;400;213;7; ;864765;6121036;864764;6121045;14,72;55,1015;Banevangen 7;0;156;0;4990;4932
16;400;213;5; ;864779;6121049;864770;6121046;14,7202;55,1016;Banevangen 5;0;157;0;4990;4932
17;400;90;58; ;864880;6121065;864864;6121084;14,7218;55,1016;Almindingsvej 58;0;0;0;4430;4429
17;400;90;60; ;864890;6121085;864880;6121097;14,722;55,1018;Almindingsvej 60;0;1;0;4430;4429
17;400;90;62; ;864903;6121096;864894;6121107;14,7222;55,1019;Almindingsvej 62;0;2;0;4430;4429
17;400;90;64; ;864927;6121092;864907;6121117;14,7226;55,1018;Almindingsvej 64;0;3;0;4430;4429
17;400;90;68; ;864943;6121124;864933;6121136;14,7229;55,1021;Almindingsvej 68;0;4;0;4430;4429
17;400;90;70; ;864961;6121124;864945;6121145;14,7232;55,1021;Almindingsvej 70;0;5;0;4430;4429
17;400;90;72; ;864969;6121137;864956;6121153;14,7233;55,1022;Almindingsvej 72;0;6;0;4430;4429
17;400;393;2; ;864990;6121132;864993;6121140;14,7236;55,1022;Bondebrosvej 2;0;7;0;4430;4429
17;400;393;6; ;865001;6121104;865011;6121133;14,7237;55,1019;Bondebrosvej 6;0;8;0;4430;4429
17;400;393;4; ;865007;6121125;865010;6121134;14,7239;55,1021;Bondebrosvej 4;0;9;0;4430;4429
17;400;393;1; ;865016;6121148;865010;6121134;14,724;55,1023;Bondebrosvej 1;0;10;0;4430;4429
17;400;393;8; ;865009;6121091;865017;6121131;14,7239;55,1018;Bondebrosvej 8;0;11;0;4430;4429
17;400;393;10; ;865016;6121110;865017;6121131;14,724;55,1019;Bondebrosvej 10;0;12;0;4430;4429
17;400;393;12; ;865026;6121097;865017;6121131;14,7241;55,1018;Bondebrosvej 12;0;13;0;4430;4429
17;400;393;14; ;865031;6121117;865025;6121134;14,7242;55,102;Bondebrosvej 14;0;14;0;4430;4429
17;400;393;16; ;865041;6121106;865031;6121135;14,7244;55,1019;Bondebrosvej 16;0;15;0;4430;4429
17;400;393;18; ;865041;6121130;865031;6121135;14,7244;55,1021;Bondebrosvej 18;0;16;0;4430;4429
17;400;393;22; ;865053;6121144;865031;6121135;14,7246;55,1022;Bondebrosvej 22;0;17;0;4430;4429
17;400;393;24; ;865066;6121130;865031;6121135;14,7248;55,1021;Bondebrosvej 24;0;18;0;4430;4429
17;400;90;82; ;865099;6121206;865082;6121235;14,7254;55,1027;Almindingsvej 82;0;19;0;4430;4429
17;400;90;84; ;865107;6121222;865094;6121242;14,7256;55,1029;Almindingsvej 84;0;20;0;4430;4429
17;400;5010;34; ;865069;6121111;865085;6121087;14,7248;55,1019;≈gÂrden 34;0;21;0;4430;4429
17;400;474;10; ;865031;6121069;865038;6121057;14,7242;55,1016;Brovangen 10;0;22;0;4430;4429
17;400;5010;2; ;865043;6121049;865045;6121050;14,7243;55,1014;≈gÂrden 2;0;23;0;4430;4429
17;400;5010;4; ;865052;6121034;865055;6121036;14,7245;55,1012;≈gÂrden 4;0;24;0;4430;4429
17;400;5010;6; ;865060;6121020;865064;6121022;14,7246;55,1011;≈gÂrden 6;0;25;0;4430;4429
17;400;5010;11; ;865073;6121022;865067;6121018;14,7248;55,1011;≈gÂrden 11;0;26;0;4430;4429
17;400;5010;15; ;865106;6121010;865111;6121001;14,7253;55,101;≈gÂrden 15;0;27;0;4430;4429
17;400;5010;13; ;865087;6121009;865083;6121002;14,725;55,101;≈gÂrden 13;0;28;0;4430;4429
17;400;5010;8; ;865085;6120995;865086;6121001;14,7249;55,1009;≈gÂrden 8;0;29;0;4430;4429
17;400;4881;4; ;865139;6120978;865128;6120983;14,7257;55,1007;Willumsvej 4;0;30;0;4430;4429
17;400;4881;6; ;865147;6120991;865136;6120996;14,7259;55,1008;Willumsvej 6;0;31;0;4430;4429
17;400;4881;12; ;865170;6121031;865160;6121036;14,7263;55,1011;Willumsvej 12;0;32;0;4430;4429
17;400;5010;22; ;865139;6121047;865125;6121046;14,7258;55,1013;≈gÂrden 22;0;33;0;4430;4429
17;400;5010;24; ;865128;6121055;865123;6121050;14,7257;55,1014;≈gÂrden 24;0;34;0;4430;4429
17;400;5010;26; ;865116;6121066;865111;6121061;14,7255;55,1015;≈gÂrden 26;0;35;0;4430;4429
17;400;5010;28; ;865107;6121075;865106;6121065;14,7254;55,1016;≈gÂrden 28;0;36;0;4430;4429
17;400;5010;30; ;865095;6121087;865090;6121082;14,7252;55,1017;≈gÂrden 30;0;37;0;4430;4429
17;400;5010;5; ;865087;6121069;865088;6121062;14,7251;55,1015;≈gÂrden 5;0;38;0;4430;4429
17;400;5010;3; ;865072;6121061;865075;6121056;14,7248;55,1015;≈gÂrden 3;0;39;0;4430;4429
17;400;5010;1; ;865061;6121048;865066;6121046;14,7246;55,1014;≈gÂrden 1;0;40;0;4430;4429
17;400;5010;9; ;865073;6121041;865065;6121043;14,7248;55,1013;≈gÂrden 9;0;41;0;4430;4429
17;400;5010;7; ;865085;6121054;865082;6121060;14,725;55,1014;≈gÂrden 7;0;42;0;4430;4429
17;400;5010;21; ;865104;6121054;865110;6121061;14,7253;55,1014;≈gÂrden 21;0;43;0;4430;4429
17;400;5010;19; ;865118;6121041;865126;6121041;14,7255;55,1013;≈gÂrden 19;0;44;0;4430;4429
17;400;5010;17; ;865118;6121022;865124;6121020;14,7255;55,1011;≈gÂrden 17;0;45;0;4430;4429
17;400;5010;14; ;865126;6121009;865120;6121012;14,7256;55,101;≈gÂrden 14;0;46;0;4430;4429
17;400;5010;16; ;865133;6121023;865126;6121024;14,7257;55,1011;≈gÂrden 16;0;47;0;4430;4429
17;400;4881;2; ;865134;6120963;865121;6120967;14,7256;55,1005;Willumsvej 2;0;48;0;4430;4429
17;400;2961;2; ;865133;6120925;865141;6120920;14,7256;55,1002;Nyvej 2;0;49;0;4430;4429
17;400;2961;4; ;865123;6120909;865133;6120903;14,7254;55,1001;Nyvej 4;0;50;0;4430;4429
17;400;2961;10; ;865106;6120870;865116;6120865;14,7251;55,0997;Nyvej 10;0;51;0;4430;4429
17;400;2961;12; ;865101;6120857;865110;6120852;14,725;55,0996;Nyvej 12;0;52;0;4430;4429
17;400;2961;14; ;865094;6120846;865108;6120847;14,7249;55,0995;Nyvej 14;0;53;0;4430;4429
17;400;2961;11; ;865117;6120846;865109;6120849;14,7252;55,0995;Nyvej 11;0;54;0;4430;4429
17;400;2961;9; ;865126;6120864;865117;6120867;14,7254;55,0997;Nyvej 9;0;55;0;4430;4429
17;400;2961;7; ;865135;6120884;865126;6120887;14,7256;55,0998;Nyvej 7;0;56;0;4430;4429
17;400;2961;3; ;865147;6120912;865139;6120915;14,7258;55,1001;Nyvej 3;0;57;0;4430;4429
17;400;2961;1; ;865151;6120921;865143;6120924;14,7259;55,1002;Nyvej 1;0;58;0;4430;4429
17;400;1404;126; ;865184;6120906;865192;6120920;14,7263;55,1;Harbovej 126;0;59;0;4430;4429
17;400;1404;128; ;865195;6120901;865202;6120914;14,7265;55,0999;Harbovej 128;0;60;0;4430;4429
17;400;1404;130; ;865213;6120891;865220;6120904;14,7268;55,0998;Harbovej 130;0;61;0;4430;4429
17;400;1404;132; ;865219;6120887;865226;6120900;14,7269;55,0998;Harbovej 132;0;62;0;4430;4429
17;400;1404;134; ;865238;6120876;865245;6120889;14,7272;55,0997;Harbovej 134;0;63;0;4430;4429
17;400;1404;136; ;865251;6120868;865259;6120881;14,7273;55,0996;Harbovej 136;0;64;0;4430;4429
17;400;1404;153; ;865253;6120901;865246;6120889;14,7274;55,0999;Harbovej 153;0;65;0;4430;4429
17;400;1404;149; ;865231;6120909;865226;6120900;14,7271;55,1;Harbovej 149;0;66;0;4430;4429
17;400;1404;147; ;865221;6120913;865217;6120906;14,7269;55,1;Harbovej 147;0;67;0;4430;4429
17;400;1404;145; ;865216;6120916;865212;6120909;14,7269;55,1001;Harbovej 145;0;68;0;4430;4429
17;400;1404;141; ;865202;6120926;865197;6120917;14,7267;55,1002;Harbovej 141;0;69;0;4430;4429
17;400;1404;139; ;865192;6120932;865187;6120923;14,7265;55,1002;Harbovej 139;0;70;0;4430;4429
17;400;1401;2; ;865187;6120936;865181;6120939;14,7264;55,1003;HarbostrÊde 2;0;71;0;4430;4429
17;400;1401;7; ;865207;6120999;865214;6120994;14,7268;55,1008;HarbostrÊde 7;0;72;0;4430;4429
17;400;1401;5; ;865199;6120984;865205;6120979;14,7267;55,1007;HarbostrÊde 5;0;73;0;4430;4429
17;400;1401;3; ;865186;6120964;865193;6120959;14,7265;55,1005;HarbostrÊde 3;0;74;0;4430;4429
17;400;1401;1; ;865177;6120949;865184;6120944;14,7263;55,1004;HarbostrÊde 1;0;75;0;4430;4429
17;400;1404;120; ;865100;6120929;865098;6120941;14,7251;55,1003;Harbovej 120;0;76;0;4430;4429
17;400;1404;137; ;865100;6120955;865101;6120942;14,7251;55,1005;Harbovej 137;0;77;0;4430;4429
17;400;1404;135; ;865069;6120957;865075;6120937;14,7246;55,1005;Harbovej 135;0;78;0;4430;4429
17;400;1404;118; ;865070;6120922;865066;6120934;14,7246;55,1002;Harbovej 118;0;79;0;4430;4429
17;400;1404;133; ;865057;6120945;865060;6120932;14,7244;55,1004;Harbovej 133;0;80;0;4430;4429
17;400;1404;129; ;865042;6120939;865045;6120927;14,7242;55,1004;Harbovej 129;0;81;0;4430;4429
17;400;1404;127; ;865027;6120932;865029;6120922;14,7239;55,1003;Harbovej 127;0;82;0;4430;4429
17;400;1404;125; ;865012;6120927;865014;6120917;14,7237;55,1003;Harbovej 125;0;83;0;4430;4429
17;400;1404;123; ;865000;6120923;865003;6120913;14,7235;55,1003;Harbovej 123;0;84;0;4430;4429
17;400;1404;121; ;864993;6120920;864996;6120911;14,7234;55,1003;Harbovej 121;0;85;0;4430;4429
17;400;1404;119; ;864982;6120916;864985;6120907;14,7232;55,1002;Harbovej 119;0;86;0;4430;4429
17;400;1404;117; ;864976;6120913;864978;6120904;14,7231;55,1002;Harbovej 117;0;87;0;4430;4429
17;400;1404;115; ;864964;6120909;864968;6120900;14,7229;55,1002;Harbovej 115;0;88;0;4430;4429
17;400;1404;113; ;864958;6120907;864962;6120897;14,7228;55,1002;Harbovej 113;0;89;0;4430;4429
17;400;1404;108; ;864955;6120878;864948;6120890;14,7227;55,0999;Harbovej 108;0;90;0;4430;4429
17;400;1404;110; ;864968;6120883;864961;6120896;14,723;55,0999;Harbovej 110;0;91;0;4430;4429
17;400;1404;112; ;864987;6120885;864979;6120905;14,7232;55,0999;Harbovej 112;0;92;0;4430;4429
17;400;1404;114; ;865003;6120896;864997;6120911;14,7235;55,1;Harbovej 114;0;93;0;4430;4429
17;400;1404;111; ;864937;6120928;864953;6120893;14,7225;55,1004;Harbovej 111;0;94;0;4430;4429
17;400;1404;109; ;864928;6120896;864932;6120884;14,7224;55,1001;Harbovej 109;0;95;0;4430;4429
17;400;1404;106; ;864922;6120866;864917;6120878;14,7222;55,0998;Harbovej 106;0;96;0;4430;4429
17;400;1404;105; ;864907;6120888;864911;6120876;14,722;55,1;Harbovej 105;0;97;0;4430;4429
17;400;1404;101; ;864875;6120877;864879;6120864;14,7215;55,1;Harbovej 101;0;98;0;4430;4429
17;400;1404;100; ;864873;6120837;864881;6120842;14,7214;55,0996;Harbovej 100;0;99;0;4430;4429
17;400;1404;104; ;864900;6120841;864887;6120833;14,7218;55,0996;Harbovej 104;0;100;0;4430;4429
17;400;1404;102; ;864878;6120787;864894;6120815;14,7214;55,0992;Harbovej 102;0;101;0;4430;4429
17;400;1404;44; ;864854;6120842;864849;6120854;14,7211;55,0997;Harbovej 44;0;102;0;4430;4429
17;400;1404;35; ;864850;6120867;864853;6120855;14,7211;55,0999;Harbovej 35;0;103;0;4430;4429
17;400;1404;33; ;864822;6120856;864824;6120846;14,7206;55,0998;Harbovej 33;0;104;0;4430;4429
17;400;1404;31; ;864816;6120854;864818;6120845;14,7206;55,0998;Harbovej 31;0;105;0;4430;4429
17;400;1404;42; ;864830;6120834;864826;6120847;14,7208;55,0996;Harbovej 42;0;106;0;4430;4429
17;400;1404;27; ;864787;6120850;864790;6120836;14,7201;55,0998;Harbovej 27;0;107;0;4430;4429
17;400;1404;25; ;864769;6120842;864771;6120831;14,7198;55,0997;Harbovej 25;0;108;0;4430;4429
17;400;1404;23; ;864750;6120842;864753;6120827;14,7195;55,0997;Harbovej 23;0;109;0;4430;4429
17;400;1404;21; ;864742;6120840;864734;6120838;14,7194;55,0997;Harbovej 21;0;110;0;4430;4429
17;400;1404;19; ;864719;6120864;864729;6120861;14,719;55,1;Harbovej 19;0;111;0;4430;4429
17;400;1404;17; ;864716;6120851;864731;6120854;14,719;55,0998;Harbovej 17;0;112;0;4430;4429
17;400;1404;15; ;864705;6120832;864708;6120816;14,7188;55,0997;Harbovej 15;0;113;0;4430;4429
17;400;1404;13; ;864690;6120827;864692;6120812;14,7186;55,0997;Harbovej 13;0;114;0;4430;4429
17;400;1404;11; ;864673;6120826;864676;6120809;14,7183;55,0997;Harbovej 11;0;115;0;4430;4429
17;400;1404;9; ;864652;6120833;864657;6120805;14,718;55,0997;Harbovej 9;0;116;0;4430;4429
17;400;1404;7; ;864643;6120820;864646;6120803;14,7178;55,0996;Harbovej 7;0;117;0;4430;4429
17;400;1404;5; ;864635;6120819;864638;6120801;14,7177;55,0996;Harbovej 5;0;118;0;4430;4429
17;400;1404;3; ;864623;6120813;864625;6120799;14,7175;55,0996;Harbovej 3;0;119;0;4430;4429
17;400;1404;2; ;864572;6120778;864580;6120797;14,7166;55,0993;Harbovej 2;0;120;0;4430;4429
17;400;1404;4; ;864586;6120779;864590;6120794;14,7169;55,0993;Harbovej 4;0;121;0;4430;4429
17;400;1404;6; ;864593;6120780;864591;6120794;14,717;55,0993;Harbovej 6;0;122;0;4430;4429
17;400;1404;8; ;864608;6120781;864605;6120796;14,7172;55,0993;Harbovej 8;0;123;0;4430;4429
17;400;1404;10; ;864616;6120783;864613;6120797;14,7173;55,0993;Harbovej 10;0;124;0;4430;4429
17;400;1404;12; ;864635;6120787;864632;6120800;14,7176;55,0993;Harbovej 12;0;125;0;4430;4429
17;400;1404;16; ;864651;6120790;864648;6120803;14,7179;55,0993;Harbovej 16;0;126;0;4430;4429
17;400;1404;18; ;864658;6120791;864655;6120804;14,718;55,0994;Harbovej 18;0;127;0;4430;4429
17;400;1404;20; ;864673;6120794;864670;6120808;14,7182;55,0994;Harbovej 20;0;128;0;4430;4429
17;400;1404;22; ;864679;6120795;864676;6120809;14,7183;55,0994;Harbovej 22;0;129;0;4430;4429
17;400;1404;24; ;864693;6120798;864690;6120812;14,7186;55,0994;Harbovej 24;0;130;0;4430;4429
17;400;1404;26; ;864702;6120800;864699;6120814;14,7187;55,0994;Harbovej 26;0;131;0;4430;4429
17;400;1404;28; ;864715;6120803;864711;6120816;14,7189;55,0994;Harbovej 28;0;132;0;4430;4429
17;400;1404;30; ;864724;6120805;864720;6120819;14,7191;55,0994;Harbovej 30;0;133;0;4430;4429
17;400;1404;34; ;864744;6120810;864738;6120823;14,7194;55,0995;Harbovej 34;0;134;0;4430;4429
17;400;1404;36; ;864756;6120813;864752;6120826;14,7196;55,0995;Harbovej 36;0;135;0;4430;4429
17;400;1404;40;A;864798;6120825;864786;6120835;14,7202;55,0996;Harbovej 40A;0;136;0;4430;4429
17;400;1404;40;B;864807;6120824;864802;6120840;14,7204;55,0995;Harbovej 40B;0;137;0;4430;4429
17;400;474;33; ;864799;6120902;864806;6120912;14,7203;55,1002;Brovangen 33;0;138;0;4430;4429
17;400;474;34; ;864774;6120921;864781;6120931;14,72;55,1004;Brovangen 34;0;139;0;4430;4429
17;400;474;36; ;864723;6120907;864751;6120919;14,7192;55,1003;Brovangen 36;0;140;0;4430;4429
17;400;474;35; ;864744;6120904;864751;6120919;14,7195;55,1003;Brovangen 35;0;141;0;4430;4429
17;400;474;37; ;864744;6120929;864753;6120922;14,7195;55,1005;Brovangen 37;0;142;0;4430;4429
17;400;474;38; ;864772;6120962;864762;6120950;14,72;55,1008;Brovangen 38;0;143;0;4430;4429
17;400;474;39; ;864784;6120946;864776;6120935;14,7202;55,1006;Brovangen 39;0;144;0;4430;4429
17;400;474;40; ;864819;6120932;864828;6120922;14,7207;55,1005;Brovangen 40;0;145;0;4430;4429
17;400;474;32; ;864830;6120901;864819;6120904;14,7208;55,1002;Brovangen 32;0;146;0;4430;4429
17;400;474;31; ;864843;6120918;864834;6120927;14,7211;55,1004;Brovangen 31;0;147;0;4430;4429
17;400;474;30; ;864858;6120936;864848;6120944;14,7213;55,1005;Brovangen 30;0;148;0;4430;4429
17;400;474;44; ;864816;6121009;864816;6120992;14,7208;55,1012;Brovangen 44;0;149;0;4430;4429
17;400;474;43; ;864805;6120988;864816;6120992;14,7205;55,101;Brovangen 43;0;150;0;4430;4429
17;400;474;42; ;864814;6120975;864823;6120984;14,7207;55,1009;Brovangen 42;0;151;0;4430;4429
17;400;474;46; ;864867;6120974;864872;6120961;14,7215;55,1008;Brovangen 46;0;152;0;4430;4429
17;400;474;29; ;864878;6120950;864872;6120961;14,7216;55,1006;Brovangen 29;0;153;0;4430;4429
17;400;474;28; ;864898;6120961;864891;6120972;14,722;55,1007;Brovangen 28;0;154;0;4430;4429
17;400;474;27; ;864921;6120973;864915;6120985;14,7223;55,1008;Brovangen 27;0;155;0;4430;4429
17;400;474;26; ;864937;6120983;864931;6120992;14,7226;55,1009;Brovangen 26;0;156;0;4430;4429
17;400;474;25; ;864958;6120991;864950;6121004;14,7229;55,1009;Brovangen 25;0;157;0;4430;4429
17;400;474;24; ;864976;6120977;864957;6121008;14,7232;55,1008;Brovangen 24;0;158;0;4430;4429
17;400;474;21; ;865005;6121023;864998;6121033;14,7237;55,1012;Brovangen 21;0;159;0;4430;4429
17;400;474;20; ;865022;6121029;865013;6121042;14,724;55,1012;Brovangen 20;0;160;0;4430;4429
17;400;474;9; ;865000;6121070;865016;6121044;14,7237;55,1016;Brovangen 9;0;161;0;4430;4429
17;400;474;8; ;864990;6121044;864997;6121032;14,7235;55,1014;Brovangen 8;0;162;0;4430;4429
17;400;474;7; ;864971;6121032;864978;6121020;14,7232;55,1013;Brovangen 7;0;163;0;4430;4429
17;400;474;6; ;864952;6121067;864948;6121043;14,7229;55,1016;Brovangen 6;0;164;0;4430;4429
17;400;474;5; ;864935;6121045;864948;6121043;14,7226;55,1014;Brovangen 5;0;165;0;4430;4429
17;400;474;4; ;864939;6121027;864953;6121035;14,7227;55,1013;Brovangen 4;0;166;0;4430;4429
17;400;474;3; ;864910;6121010;864898;6121004;14,7222;55,1011;Brovangen 3;0;167;0;4430;4429
17;400;474;47; ;864884;6121004;864895;6121011;14,7218;55,1011;Brovangen 47;0;168;0;4430;4429
17;400;474;2; ;864899;6121030;864888;6121023;14,7221;55,1013;Brovangen 2;0;169;0;4430;4429
17;400;474;49; ;864859;6121044;864869;6121051;14,7215;55,1015;Brovangen 49;0;170;0;4430;4429
17;400;474;48; ;864871;6121026;864882;6121032;14,7216;55,1013;Brovangen 48;0;171;0;4430;4429
18;400;2877;32; ;863046;6120987;863019;6121007;14,6931;55,1023;Nordre Kystvej 32;1;0;0;6268;2193
18;400;2877;32;A;863092;6120976;863035;6120941;14,6938;55,1022;Nordre Kystvej 32A;0;1;0;6268;2193
18;400;1749;6; ;863049;6121010;863040;6121017;14,6932;55,1025;Jernbanevej 6;0;2;0;6268;2193
18;400;2367;2; ;863066;6121009;863066;6121016;14,6935;55,1025;Lille S¯strÊde 2;0;3;0;6268;2193
18;400;2367;4; ;863075;6121008;863075;6121015;14,6936;55,1025;Lille S¯strÊde 4;0;4;0;6268;2193
18;400;2367;14; ;863116;6121002;863119;6121006;14,6942;55,1024;Lille S¯strÊde 14;0;5;0;6268;2193
18;400;4149;1; ;863114;6121020;863119;6121019;14,6942;55,1025;Store S¯strÊde 1;0;6;0;6268;2193
18;400;2367;7; ;863095;6121017;863093;6121012;14,6939;55,1025;Lille S¯strÊde 7;0;7;0;6268;2193
18;400;1029;1; ;863076;6121021;863082;6121017;14,6936;55,1026;FiskerstrÊde 1;0;8;0;6268;2193
18;400;2367;1; ;863056;6121024;863055;6121018;14,6933;55,1026;Lille S¯strÊde 1;0;9;0;6268;2193
18;400;1029;15; ;863085;6121064;863091;6121069;14,6938;55,103;FiskerstrÊde 15;0;10;0;6268;2193
18;400;1029;9; ;863084;6121053;863090;6121051;14,6938;55,1029;FiskerstrÊde 9;0;11;0;6268;2193
18;400;1029;7; ;863083;6121046;863088;6121044;14,6938;55,1028;FiskerstrÊde 7;0;12;0;6268;2193
18;400;1029;5; ;863081;6121040;863087;6121038;14,6937;55,1027;FiskerstrÊde 5;0;13;0;6268;2193
18;400;1029;3; ;863080;6121034;863086;6121033;14,6937;55,1027;FiskerstrÊde 3;0;14;0;6268;2193
18;400;1029;4; ;863090;6121033;863086;6121033;14,6939;55,1027;FiskerstrÊde 4;0;15;0;6268;2193
18;400;1029;6; ;863092;6121038;863087;6121039;14,6939;55,1027;FiskerstrÊde 6;0;16;0;6268;2193
18;400;1029;14; ;863096;6121058;863091;6121058;14,694;55,1029;FiskerstrÊde 14;0;17;0;6268;2193
18;400;1749;8; ;863094;6121075;863087;6121079;14,694;55,103;Jernbanevej 8;0;18;0;6268;2193
18;400;3606;4; ;863119;6121076;863120;6121079;14,6944;55,103;Silkegade 4;0;19;0;6268;2193
18;400;3606;6; ;863125;6121073;863126;6121076;14,6945;55,103;Silkegade 6;0;20;0;6268;2193
18;400;4149;11; ;863125;6121067;863129;6121065;14,6944;55,1029;Store S¯strÊde 11;0;21;0;6268;2193
18;400;4149;9; ;863122;6121060;863127;6121058;14,6944;55,1029;Store S¯strÊde 9;0;22;0;6268;2193
18;400;4149;5; ;863118;6121046;863123;6121045;14,6943;55,1028;Store S¯strÊde 5;0;23;0;6268;2193
18;400;4149;8; ;863132;6121052;863125;6121053;14,6945;55,1028;Store S¯strÊde 8;0;24;0;6268;2193
18;400;1287;27; ;863159;6121053;863165;6121048;14,695;55,1028;Gr¯nnegade 27;0;25;0;6268;2193
18;400;1287;30; ;863162;6121033;863156;6121035;14,695;55,1026;Gr¯nnegade 30;0;26;0;6268;2193
18;400;3606;12; ;863188;6121039;863190;6121045;14,6954;55,1026;Silkegade 12;0;27;0;6268;2193
18;400;3927;19; ;863159;6120905;863162;6120897;14,6948;55,1015;Snellemark 19;0;28;0;6268;2193
18;400;1287;12; ;863144;6120908;863136;6120907;14,6945;55,1015;Gr¯nnegade 12;0;29;0;6268;2193
18;400;1287;14;A;863142;6120922;863135;6120921;14,6945;55,1016;Gr¯nnegade 14A;0;30;0;6268;2193
18;400;1287;14;B;863142;6120931;863134;6120930;14,6945;55,1017;Gr¯nnegade 14B;0;31;0;6268;2193
18;400;1287;20; ;863140;6120958;863133;6120957;14,6945;55,102;Gr¯nnegade 20;0;32;0;6268;2193
18;400;1287;22; ;863150;6120960;863133;6120959;14,6947;55,102;Gr¯nnegade 22;0;33;0;6268;2193
18;400;1287;24; ;863140;6120969;863133;6120968;14,6946;55,1021;Gr¯nnegade 24;0;34;0;6268;2193
18;400;1287;19; ;863124;6120994;863136;6120989;14,6943;55,1023;Gr¯nnegade 19;0;35;0;6268;2193
18;400;1287;17; ;863125;6120980;863132;6120980;14,6943;55,1022;Gr¯nnegade 17;0;36;0;6268;2193
18;400;1287;15;C;863112;6120952;863133;6120952;14,6941;55,1019;Gr¯nnegade 15C;0;37;0;6268;2193
18;400;3927;17; ;863118;6120905;863124;6120885;14,6941;55,1015;Snellemark 17;1;38;0;6268;2193
18;400;3927;11; ;863087;6120878;863089;6120870;14,6936;55,1013;Snellemark 11;0;39;0;6268;2193
18;400;3927;9; ;863077;6120875;863080;6120866;14,6935;55,1013;Snellemark 9;0;40;0;6268;2193
18;400;3927;7; ;863067;6120871;863070;6120862;14,6933;55,1012;Snellemark 7;0;41;0;6268;2193
18;400;3927;3; ;863050;6120866;863053;6120856;14,693;55,1012;Snellemark 3;0;42;0;6268;2193
18;400;1458;1; ;863026;6120869;863034;6120871;14,6927;55,1012;Havnegade 1;1;43;0;6268;2193
18;400;3927;6; ;863066;6120852;863062;6120860;14,6933;55,1011;Snellemark 6;0;44;0;6268;2193
18;400;3927;8; ;863077;6120856;863073;6120864;14,6934;55,1011;Snellemark 8;0;45;0;6268;2193
18;400;3927;10; ;863084;6120859;863081;6120866;14,6936;55,1011;Snellemark 10;0;46;0;6268;2193
18;400;3927;12; ;863095;6120862;863091;6120870;14,6937;55,1011;Snellemark 12;0;47;0;6268;2193
18;400;3927;14; ;863108;6120866;863104;6120875;14,6939;55,1012;Snellemark 14;0;48;0;6268;2193
18;400;3927;16; ;863131;6120875;863128;6120883;14,6943;55,1012;Snellemark 16;1;49;0;6268;2193
18;400;1287;5; ;863152;6120849;863158;6120852;14,6946;55,101;Gr¯nnegade 5;0;50;0;6268;2193
18;400;4536;3; ;863152;6120789;863154;6120783;14,6945;55,1004;Toldbodgade 3;0;51;0;6268;2193
18;400;4536;1;C;863138;6120780;863139;6120776;14,6943;55,1004;Toldbodgade 1C;0;52;0;6268;2193
18;400;4536;1;D;863127;6120778;863130;6120771;14,6941;55,1004;Toldbodgade 1D;0;53;0;6268;2193
18;400;4536;1;A;863119;6120770;863122;6120766;14,694;55,1003;Toldbodgade 1A;0;54;0;6268;2193
18;400;2709;9; ;863148;6120740;863142;6120732;14,6944;55,1;Munch Petersens Vej 9;1;55;0;6268;2193
18;400;2877;10; ;862994;6120876;862948;6120888;14,6922;55,1013;Nordre Kystvej 10;0;56;0;6268;2193
18;400;2877;14; ;862999;6120874;862948;6120887;14,6922;55,1013;Nordre Kystvej 14;0;57;0;6268;2193
18;400;2877;16; ;862996;6120870;862947;6120883;14,6922;55,1013;Nordre Kystvej 16;0;58;0;6268;2193
18;400;2877;20; ;863001;6120868;862947;6120882;14,6923;55,1013;Nordre Kystvej 20;0;59;0;6268;2193
18;400;2877;28; ;863031;6120917;863028;6120941;14,6928;55,1017;Nordre Kystvej 28;1;60;0;6268;2193
18;400;2877;5; ;862955;6120956;862973;6120944;14,6917;55,1021;Nordre Kystvej 5;1;61;0;6268;2193
18;400;2877;3; ;862928;6120895;862949;6120889;14,6912;55,1015;Nordre Kystvej 3;1;62;0;6268;2193
18;400;2709;8; ;863007;6120787;863023;6120823;14,6923;55,1005;Munch Petersens Vej 8;1;63;0;6268;2193
18;400;738;5; ;862926;6120683;862944;6120605;14,6909;55,0997;Dampskibskajen 5;1;64;0;6268;2193
18;400;1008;3; ;862876;6120730;862859;6120728;14,6901;55,1001;Finlandsvej 3;1;65;0;6268;2193
18;400;4770;4; ;862801;6120825;862801;6120809;14,6891;55,101;Vesthavnsvej 4;1;66;0;6268;2193
18;400;4770;6; ;862754;6120945;862680;6120753;14,6885;55,1021;Vesthavnsvej 6;1;67;0;6268;2193
18;400;2901;2; ;862721;6120734;862734;6120701;14,6877;55,1003;Norgesvej 2;1;68;0;6268;2193
18;400;1281;1; ;862625;6120570;862626;6120585;14,686;55,0989;Gr¯nlandsvej 1;1;69;0;6268;2193
19;400;114;1;A;863361;6120933;863367;6120933;14,698;55,1016;AntoniestrÊde 1A;0;0;0;2909;2590
19;400;3927;47; ;863356;6120928;863356;6120914;14,6979;55,1015;Snellemark 47;0;1;0;2909;2590
19;400;3927;45; ;863347;6120928;863347;6120914;14,6977;55,1015;Snellemark 45;1;2;0;2909;2590
19;400;3927;43;C;863338;6120944;863338;6120914;14,6976;55,1017;Snellemark 43C;0;3;0;2909;2590
19;400;3927;43;A;863335;6120935;863335;6120914;14,6976;55,1016;Snellemark 43A;0;4;0;2909;2590
19;400;3927;43;B;863331;6120945;863331;6120914;14,6975;55,1017;Snellemark 43B;0;5;0;2909;2590
19;400;3927;41; ;863320;6120941;863317;6120914;14,6973;55,1017;Snellemark 41;1;6;0;2909;2590
19;400;3927;41;B;863318;6120930;863316;6120914;14,6973;55,1016;Snellemark 41B;0;7;0;2909;2590
19;400;3927;39; ;863298;6120932;863296;6120916;14,697;55,1016;Snellemark 39;1;8;0;2909;2590
19;400;3927;37;A;863289;6120933;863287;6120917;14,6968;55,1016;Snellemark 37A;1;9;0;2909;2590
19;400;3927;37; ;863283;6120933;863281;6120918;14,6967;55,1016;Snellemark 37;0;10;0;2909;2590
19;400;3927;35;B;863277;6120938;863275;6120919;14,6967;55,1017;Snellemark 35B;0;11;0;2909;2590
19;400;3927;33; ;863266;6120936;863264;6120920;14,6965;55,1017;Snellemark 33;1;12;0;2909;2590
19;400;3927;31; ;863258;6120934;863256;6120921;14,6964;55,1017;Snellemark 31;0;13;0;2909;2590
19;400;3927;29; ;863249;6120934;863248;6120921;14,6962;55,1017;Snellemark 29;1;14;0;2909;2590
19;400;3927;27; ;863234;6120935;863233;6120921;14,696;55,1017;Snellemark 27;1;15;0;2909;2590
19;400;3927;25; ;863224;6120936;863224;6120921;14,6958;55,1017;Snellemark 25;0;16;0;2909;2590
19;400;3927;28; ;863278;6120908;863279;6120918;14,6966;55,1014;Snellemark 28;0;17;0;2909;2590
19;400;3927;30; ;863325;6120903;863324;6120914;14,6974;55,1013;Snellemark 30;1;18;0;2909;2590
19;400;3927;34; ;863350;6120900;863349;6120914;14,6977;55,1013;Snellemark 34;1;19;0;2909;2590
19;400;4551;8; ;863392;6120854;863400;6120853;14,6983;55,1008;Tornegade 8;1;20;0;2909;2590
19;400;4551;7; ;863406;6120836;863399;6120836;14,6985;55,1007;Tornegade 7;0;21;0;2909;2590
19;400;3075;11; ;863477;6120880;863456;6120857;14,6997;55,101;P,A,Holms Plads 11;1;22;0;2909;2590
19;400;4551;1; ;863409;6120887;863402;6120887;14,6986;55,1011;Tornegade 1;1;23;0;2909;2590
19;400;4152;17; ;863414;6120902;863415;6120912;14,6988;55,1013;Store Torv 17;1;24;0;2909;2590
19;400;4152;15;B;863427;6120902;863427;6120911;14,6989;55,1013;Store Torv 15B;0;25;0;2909;2590
19;400;4152;8; ;863416;6121024;863419;6120997;14,6989;55,1024;Store Torv 8;1;26;0;2909;2590
19;400;4152;10; ;863413;6121012;863419;6120997;14,6989;55,1022;Store Torv 10;1;27;0;2909;2590
19;400;4152;4; ;863421;6121056;863431;6121060;14,6991;55,1026;Store Torv 4;0;28;0;2909;2590
19;400;4152;6;B;863361;6121042;863431;6121060;14,6981;55,1025;Store Torv 6B;1;29;0;2909;2590
19;400;4155;1; ;863418;6121105;863478;6121320;14,6991;55,1031;Store Torvegade 1;1;30;0;2909;2590
19;400;3855;11; ;863381;6121125;863398;6121139;14,6985;55,1033;Smallegade 11;0;31;0;2909;2590
19;400;3855;5; ;863394;6121127;863402;6121134;14,6987;55,1033;Smallegade 5;0;32;0;2909;2590
19;400;3855;3; ;863398;6121128;863403;6121132;14,6988;55,1033;Smallegade 3;0;33;0;2909;2590
19;400;3855;1; ;863403;6121129;863404;6121129;14,6989;55,1033;Smallegade 1;0;34;0;2909;2590
19;400;3387;23; ;863373;6121122;863374;6121112;14,6984;55,1033;Rosengade 23;0;35;0;2909;2590
19;400;3387;21; ;863360;6121120;863362;6121110;14,6982;55,1032;Rosengade 21;0;36;0;2909;2590
19;400;3387;4; ;863339;6121100;863338;6121104;14,6978;55,1031;Rosengade 4;0;37;0;2909;2590
19;400;3387;19; ;863346;6121116;863348;6121106;14,698;55,1032;Rosengade 19;0;38;0;2909;2590
19;400;3387;17; ;863335;6121113;863337;6121103;14,6978;55,1032;Rosengade 17;0;39;0;2909;2590
19;400;3387;15; ;863328;6121111;863329;6121102;14,6977;55,1032;Rosengade 15;0;40;0;2909;2590
19;400;3387;11; ;863305;6121105;863306;6121096;14,6973;55,1032;Rosengade 11;0;41;0;2909;2590
19;400;3387;9; ;863298;6121104;863299;6121095;14,6972;55,1031;Rosengade 9;0;42;0;2909;2590
19;400;3387;3; ;863261;6121103;863261;6121093;14,6966;55,1032;Rosengade 3;0;43;0;2909;2590
19;400;3387;2;B;863255;6121067;863254;6121093;14,6965;55,1029;Rosengade 2B;1;44;0;2909;2590
19;400;3387;1; ;863245;6121102;863245;6121093;14,6964;55,1032;Rosengade 1;0;45;0;2909;2590
19;400;4164;46; ;863244;6121119;863238;6121119;14,6964;55,1033;Storegade 46;0;46;0;2909;2590
19;400;4164;48; ;863248;6121134;863240;6121135;14,6964;55,1035;Storegade 48;0;47;0;2909;2590
19;400;2286;1; ;863206;6121132;863204;6121124;14,6958;55,1035;KÂsegade 1;0;48;0;2909;2590
19;400;2376;16; ;863207;6121140;863202;6121141;14,6958;55,1035;Lillegade 16;0;49;0;2909;2590
19;400;2376;18; ;863210;6121148;863205;6121149;14,6959;55,1036;Lillegade 18;0;50;0;2909;2590
19;400;2376;20; ;863218;6121165;863212;6121167;14,696;55,1038;Lillegade 20;0;51;0;2909;2590
19;400;2376;22; ;863220;6121171;863215;6121172;14,6961;55,1038;Lillegade 22;0;52;0;2909;2590
19;400;2376;24; ;863224;6121181;863219;6121182;14,6961;55,1039;Lillegade 24;0;53;0;2909;2590
19;400;2376;27; ;863242;6121220;863243;6121216;14,6965;55,1042;Lillegade 27;0;54;0;2909;2590
19;400;2376;23; ;863214;6121184;863218;6121182;14,696;55,1039;Lillegade 23;0;55;0;2909;2590
19;400;2376;19; ;863208;6121169;863212;6121167;14,6959;55,1038;Lillegade 19;0;56;0;2909;2590
19;400;2376;17; ;863204;6121161;863209;6121158;14,6958;55,1037;Lillegade 17;0;57;0;2909;2590
19;400;2376;15; ;863200;6121153;863206;6121150;14,6957;55,1037;Lillegade 15;0;58;0;2909;2590
19;400;2376;11; ;863191;6121131;863197;6121128;14,6956;55,1035;Lillegade 11;0;59;0;2909;2590
19;400;3012;5; ;863164;6121127;863162;6121119;14,6951;55,1035;N¯rrekÂsgade 5;0;60;0;2909;2590
19;400;3012;3; ;863146;6121146;863147;6121118;14,6949;55,1036;N¯rrekÂsgade 3;0;61;0;2909;2590
19;400;3012;1; ;863128;6121127;863128;6121117;14,6946;55,1035;N¯rrekÂsgade 1;0;62;0;2909;2590
19;400;3012;2; ;863123;6121114;863122;6121117;14,6945;55,1034;N¯rrekÂsgade 2;0;63;0;2909;2590
19;400;3012;6; ;863153;6121115;863152;6121118;14,6949;55,1034;N¯rrekÂsgade 6;0;64;0;2909;2590
19;400;3012;8; ;863182;6121113;863182;6121115;14,6954;55,1033;N¯rrekÂsgade 8;0;65;0;2909;2590
19;400;2376;7; ;863177;6121095;863184;6121092;14,6953;55,1032;Lillegade 7;0;66;0;2909;2590
19;400;2376;5; ;863174;6121087;863181;6121084;14,6952;55,1031;Lillegade 5;0;67;0;2909;2590
19;400;2376;3; ;863170;6121078;863177;6121074;14,6952;55,103;Lillegade 3;0;68;0;2909;2590
19;400;3606;3; ;863132;6121080;863129;6121075;14,6946;55,1031;Silkegade 3;0;69;0;2909;2590
19;400;2376;2; ;863176;6121061;863172;6121062;14,6952;55,1029;Lillegade 2;0;70;0;2909;2590
19;400;2376;6; ;863179;6121070;863176;6121071;14,6953;55,1029;Lillegade 6;0;71;0;2909;2590
19;400;2376;12; ;863190;6121096;863186;6121097;14,6955;55,1032;Lillegade 12;0;72;0;2909;2590
19;400;2376;14; ;863195;6121110;863191;6121111;14,6956;55,1033;Lillegade 14;0;73;0;2909;2590
19;400;2286;2; ;863201;6121122;863201;6121124;14,6957;55,1034;KÂsegade 2;0;74;0;2909;2590
19;400;2286;4; ;863222;6121118;863222;6121120;14,696;55,1033;KÂsegade 4;0;75;0;2909;2590
19;400;4164;47; ;863233;6121108;863236;6121107;14,6962;55,1032;Storegade 47;0;76;0;2909;2590
19;400;4164;45; ;863231;6121092;863235;6121091;14,6961;55,1031;Storegade 45;0;77;0;2909;2590
19;400;4164;43; ;863229;6121078;863234;6121077;14,6961;55,103;Storegade 43;0;78;0;2909;2590
19;400;4164;41; ;863228;6121064;863233;6121063;14,696;55,1028;Storegade 41;0;79;0;2909;2590
19;400;4164;39; ;863224;6121048;863230;6121046;14,696;55,1027;Storegade 39;0;80;0;2909;2590
19;400;3606;11; ;863202;6121048;863200;6121042;14,6956;55,1027;Silkegade 11;0;81;0;2909;2590
19;400;3606;9; ;863188;6121052;863186;6121047;14,6954;55,1028;Silkegade 9;0;82;0;2909;2590
19;400;4164;37; ;863217;6121020;863224;6121018;14,6958;55,1025;Storegade 37;0;83;0;2909;2590
19;400;4164;35; ;863212;6120998;863220;6120996;14,6957;55,1023;Storegade 35;0;84;0;2909;2590
19;400;4164;33; ;863211;6120984;863217;6120982;14,6957;55,1021;Storegade 33;0;85;0;2909;2590
19;400;4164;31;A;863208;6120974;863217;6120973;14,6956;55,1021;Storegade 31A;0;86;0;2909;2590
19;400;4164;31;C;863190;6120961;863216;6120959;14,6953;55,1019;Storegade 31C;0;87;0;2909;2590
19;400;4164;31;B;863200;6120960;863216;6120959;14,6955;55,1019;Storegade 31B;0;88;0;2909;2590
19;400;4164;34; ;863225;6120950;863216;6120950;14,6959;55,1018;Storegade 34;0;89;0;2909;2590
19;400;4164;36; ;863227;6120976;863217;6120976;14,6959;55,1021;Storegade 36;1;90;0;2909;2590
19;400;4164;40; ;863236;6121032;863227;6121034;14,6961;55,1025;Storegade 40;0;91;0;2909;2590
19;400;2226;1; ;863242;6121050;863240;6121045;14,6963;55,1027;Krystalgade 1;1;92;0;2909;2590
19;400;2226;2; ;863245;6121035;863249;6121041;14,6963;55,1026;Krystalgade 2;0;93;0;2909;2590
19;400;2226;6; ;863263;6121029;863265;6121036;14,6966;55,1025;Krystalgade 6;0;94;0;2909;2590
19;400;2226;8; ;863269;6121027;863271;6121033;14,6967;55,1025;Krystalgade 8;0;95;0;2909;2590
19;400;2226;10;D;863274;6121011;863282;6121030;14,6967;55,1023;Krystalgade 10D;0;96;0;2909;2590
19;400;2226;10; ;863279;6121024;863281;6121030;14,6968;55,1024;Krystalgade 10;0;97;0;2909;2590
19;400;2226;10;B;863285;6121023;863289;6121027;14,6969;55,1024;Krystalgade 10B;0;98;0;2909;2590
19;400;2226;14; ;863322;6121010;863323;6121016;14,6975;55,1023;Krystalgade 14;0;99;0;2909;2590
19;400;2226;18; ;863358;6121000;863359;6121007;14,698;55,1022;Krystalgade 18;0;100;0;2909;2590
19;400;2226;20; ;863368;6120999;863369;6121006;14,6982;55,1022;Krystalgade 20;1;101;0;2909;2590
19;400;2226;13; ;863384;6121013;863382;6121003;14,6984;55,1023;Krystalgade 13;1;102;0;2909;2590
19;400;4152;12; ;863406;6120985;863417;6120982;14,6987;55,102;Store Torv 12;1;103;0;2909;2590
19;400;4152;14; ;863403;6120968;863414;6120965;14,6987;55,1019;Store Torv 14;1;104;0;2909;2590
19;400;4152;18; ;863399;6120949;863412;6120953;14,6986;55,1017;Store Torv 18;1;105;0;2909;2590
19;400;114;5; ;863389;6120968;863386;6120960;14,6984;55,1019;AntoniestrÊde 5;0;106;0;2909;2590
19;400;114;3; ;863364;6120964;863370;6120959;14,6981;55,1019;AntoniestrÊde 3;1;107;0;2909;2590
20;400;4140;18; ;863650;6120953;863642;6120948;14,7025;55,1015;StettestrÊde 18;0;0;0;2880;2676
20;400;4140;11;A;863646;6120928;863650;6120930;14,7024;55,1013;StettestrÊde 11A;0;1;0;2880;2676
20;400;4140;9;D;863636;6120883;863667;6120900;14,7022;55,1009;StettestrÊde 9D;0;2;0;2880;2676
20;400;4140;9;E;863630;6120880;863667;6120901;14,7021;55,1009;StettestrÊde 9E;0;3;0;2880;2676
20;400;4140;9;F;863625;6120878;863667;6120901;14,702;55,1009;StettestrÊde 9F;0;4;0;2880;2676
20;400;4140;9;C;863634;6120871;863672;6120892;14,7021;55,1008;StettestrÊde 9C;0;5;0;2880;2676
20;400;4140;9;B;863634;6120866;863674;6120888;14,7021;55,1008;StettestrÊde 9B;0;6;0;2880;2676
20;400;4140;9;A;863637;6120863;863676;6120885;14,7022;55,1007;StettestrÊde 9A;0;7;0;2880;2676
20;400;4140;7;A;863649;6120911;863658;6120916;14,7024;55,1012;StettestrÊde 7A;0;8;0;2880;2676
20;400;4140;12; ;863668;6120902;863667;6120901;14,7027;55,1011;StettestrÊde 12;0;9;0;2880;2676
20;400;4140;14; ;863665;6120913;863661;6120911;14,7027;55,1012;StettestrÊde 14;0;10;0;2880;2676
20;400;4140;7;D;863656;6120898;863666;6120903;14,7025;55,101;StettestrÊde 7D;0;11;0;2880;2676
20;400;4140;3;B;863667;6120886;863673;6120889;14,7027;55,1009;StettestrÊde 3B;0;12;0;2880;2676
20;400;4140;3;A;863670;6120879;863677;6120883;14,7027;55,1009;StettestrÊde 3A;0;13;0;2880;2676
20;400;4140;6; ;863680;6120884;863677;6120882;14,7029;55,1009;StettestrÊde 6;0;14;0;2880;2676
20;400;4140;1; ;863677;6120866;863684;6120871;14,7028;55,1007;StettestrÊde 1;0;15;0;2880;2676
20;400;2091;9; ;863657;6120852;863659;6120847;14,7025;55,1006;Klokkegade 9;0;16;0;2880;2676
20;400;2091;7;B;863646;6120850;863651;6120841;14,7023;55,1006;Klokkegade 7B;0;17;0;2880;2676
20;400;2091;5; ;863632;6120836;863634;6120831;14,7021;55,1005;Klokkegade 5;0;18;0;2880;2676
20;400;2091;1; ;863616;6120824;863617;6120821;14,7018;55,1004;Klokkegade 1;0;19;0;2880;2676
20;400;2091;6; ;863627;6120818;863623;6120824;14,702;55,1004;Klokkegade 6;0;20;0;2880;2676
20;400;2091;8; ;863632;6120822;863628;6120827;14,702;55,1004;Klokkegade 8;0;21;0;2880;2676
20;400;2091;12; ;863646;6120830;863642;6120836;14,7023;55,1004;Klokkegade 12;0;22;0;2880;2676
20;400;2091;14; ;863654;6120835;863650;6120841;14,7024;55,1005;Klokkegade 14;0;23;0;2880;2676
20;400;2091;16; ;863665;6120842;863661;6120848;14,7026;55,1005;Klokkegade 16;0;24;0;2880;2676
20;400;2091;18; ;863672;6120847;863668;6120852;14,7027;55,1006;Klokkegade 18;0;25;0;2880;2676
20;400;1917;5; ;863685;6120844;863695;6120847;14,7029;55,1005;Kattesundet 5;0;26;0;2880;2676
20;400;1917;3; ;863691;6120833;863699;6120837;14,703;55,1004;Kattesundet 3;0;27;0;2880;2676
20;400;1917;1; ;863693;6120824;863703;6120828;14,703;55,1004;Kattesundet 1;0;28;0;2880;2676
20;400;1917;2; ;863707;6120828;863704;6120826;14,7032;55,1004;Kattesundet 2;0;29;0;2880;2676
20;400;4971;2;A;863717;6120847;863711;6120874;14,7034;55,1005;ÿstervoldgade 2A;0;30;0;2880;2676
20;400;4971;2;B;863726;6120850;863720;6120876;14,7036;55,1006;ÿstervoldgade 2B;0;31;0;2880;2676
20;400;4971;2;C;863736;6120852;863730;6120877;14,7037;55,1006;ÿstervoldgade 2C;0;32;0;2880;2676
20;400;4971;8;B;863760;6120852;863784;6120861;14,7041;55,1006;ÿstervoldgade 8B;0;33;0;2880;2676
20;400;4971;4; ;863751;6120874;863749;6120881;14,704;55,1008;ÿstervoldgade 4;1;34;0;2880;2676
20;400;4971;8; ;863774;6120866;863783;6120867;14,7043;55,1007;ÿstervoldgade 8;0;35;0;2880;2676
20;400;4971;10; ;863774;6120849;863786;6120858;14,7043;55,1005;ÿstervoldgade 10;0;36;0;2880;2676
20;400;4971;12; ;863786;6120846;863788;6120856;14,7045;55,1005;ÿstervoldgade 12;0;37;0;2880;2676
20;400;4971;14; ;863793;6120847;863791;6120856;14,7046;55,1005;ÿstervoldgade 14;0;38;0;2880;2676
20;400;4971;16; ;863804;6120849;863802;6120858;14,7048;55,1005;ÿstervoldgade 16;0;39;0;2880;2676
20;400;4971;18; ;863808;6120850;863806;6120859;14,7048;55,1005;ÿstervoldgade 18;0;40;0;2880;2676
20;400;4971;26; ;863850;6120854;863849;6120866;14,7055;55,1005;ÿstervoldgade 26;0;41;0;2880;2676
20;400;4971;28; ;863861;6120856;863858;6120868;14,7057;55,1005;ÿstervoldgade 28;0;42;0;2880;2676
20;400;4971;30; ;863872;6120858;863869;6120870;14,7058;55,1005;ÿstervoldgade 30;0;43;0;2880;2676
20;400;4971;34; ;863895;6120862;863893;6120874;14,7062;55,1005;ÿstervoldgade 34;0;44;0;2880;2676
20;400;4971;36; ;863902;6120863;863899;6120875;14,7063;55,1006;ÿstervoldgade 36;0;45;0;2880;2676
20;400;4971;42; ;863926;6120839;863919;6120878;14,7066;55,1003;ÿstervoldgade 42;0;46;0;2880;2676
20;400;4971;48; ;863935;6120867;863932;6120880;14,7068;55,1006;ÿstervoldgade 48;0;47;0;2880;2676
20;400;4971;52; ;863974;6120876;863970;6120888;14,7075;55,1006;ÿstervoldgade 52;0;48;0;2880;2676
20;400;3201;28; ;863976;6120843;863988;6120843;14,7074;55,1003;Pingels Alle 28;0;49;0;2880;2676
20;400;3201;30; ;863976;6120836;863989;6120836;14,7074;55,1003;Pingels Alle 30;0;50;0;2880;2676
20;400;3201;32; ;863977;6120821;863990;6120821;14,7074;55,1001;Pingels Alle 32;0;51;0;2880;2676
20;400;3201;34; ;863978;6120815;863990;6120815;14,7074;55,1001;Pingels Alle 34;0;52;0;2880;2676
20;400;3201;36; ;863986;6120800;863991;6120800;14,7075;55,0999;Pingels Alle 36;0;53;0;2880;2676
20;400;4950;85; ;863981;6120782;863980;6120777;14,7074;55,0998;ÿstergade 85;0;54;0;2880;2676
20;400;4950;83;C;863972;6120796;863973;6120776;14,7073;55,0999;ÿstergade 83C;0;55;0;2880;2676
20;400;4950;83;B;863971;6120788;863970;6120775;14,7073;55,0998;ÿstergade 83B;0;56;0;2880;2676
20;400;4950;83;A;863963;6120789;863963;6120776;14,7072;55,0998;ÿstergade 83A;0;57;0;2880;2676
20;400;4950;81; ;863952;6120783;863952;6120775;14,707;55,0998;ÿstergade 81;0;58;0;2880;2676
20;400;4950;72; ;863933;6120765;863934;6120777;14,7067;55,0997;ÿstergade 72;0;59;0;2880;2676
20;400;4950;79; ;863944;6120784;863942;6120776;14,7069;55,0998;ÿstergade 79;0;60;0;2880;2676
20;400;4950;77; ;863935;6120785;863933;6120778;14,7067;55,0998;ÿstergade 77;0;61;0;2880;2676
20;400;4950;75; ;863924;6120785;863923;6120779;14,7066;55,0998;ÿstergade 75;0;62;0;2880;2676
20;400;4950;73; ;863919;6120786;863918;6120780;14,7065;55,0999;ÿstergade 73;0;63;0;2880;2676
20;400;4950;71; ;863911;6120787;863910;6120781;14,7063;55,0999;ÿstergade 71;0;64;0;2880;2676
20;400;4950;69; ;863904;6120788;863903;6120782;14,7062;55,0999;ÿstergade 69;0;65;0;2880;2676
20;400;4950;63; ;863867;6120793;863866;6120787;14,7057;55,1;ÿstergade 63;0;66;0;2880;2676
20;400;4950;61; ;863856;6120795;863855;6120788;14,7055;55,1;ÿstergade 61;0;67;0;2880;2676
20;400;4950;57; ;863828;6120799;863827;6120791;14,7051;55,1;ÿstergade 57;0;68;0;2880;2676
20;400;4950;53; ;863804;6120804;863802;6120795;14,7047;55,1001;ÿstergade 53;0;69;0;2880;2676
20;400;4950;49;C;863794;6120812;863793;6120795;14,7046;55,1002;ÿstergade 49C;0;70;0;2880;2676
20;400;4950;49;D;863793;6120814;863792;6120795;14,7046;55,1002;ÿstergade 49D;0;71;0;2880;2676
20;400;4950;49;A;863787;6120809;863786;6120796;14,7044;55,1002;ÿstergade 49A;0;72;0;2880;2676
20;400;4950;49;B;863786;6120811;863785;6120796;14,7044;55,1002;ÿstergade 49B;0;73;0;2880;2676
20;400;4950;47; ;863775;6120804;863774;6120796;14,7043;55,1001;ÿstergade 47;0;74;0;2880;2676
20;400;4950;45; ;863762;6120805;863761;6120797;14,7041;55,1001;ÿstergade 45;0;75;0;2880;2676
20;400;4950;43; ;863745;6120806;863744;6120797;14,7038;55,1002;ÿstergade 43;1;76;0;2880;2676
20;400;4950;41; ;863729;6120805;863729;6120797;14,7035;55,1002;ÿstergade 41;0;77;0;2880;2676
20;400;4950;39; ;863718;6120805;863718;6120797;14,7034;55,1002;ÿstergade 39;0;78;0;2880;2676
20;400;4950;35; ;863697;6120801;863698;6120794;14,703;55,1001;ÿstergade 35;0;79;0;2880;2676
20;400;4950;31; ;863677;6120798;863678;6120791;14,7027;55,1001;ÿstergade 31;0;80;0;2880;2676
20;400;4950;44;A;863678;6120782;863676;6120790;14,7027;55,1;ÿstergade 44A;0;81;0;2880;2676
20;400;4950;44;B;863661;6120771;863658;6120787;14,7024;55,0999;ÿstergade 44B;0;82;0;2880;2676
20;400;4950;44;C;863663;6120743;863692;6120760;14,7024;55,0997;ÿstergade 44C;0;83;0;2880;2676
20;400;4950;44;D;863671;6120743;863692;6120760;14,7025;55,0996;ÿstergade 44D;0;84;0;2880;2676
20;400;4950;44;E;863678;6120742;863692;6120760;14,7027;55,0996;ÿstergade 44E;0;85;0;2880;2676
20;400;4950;44;G;863692;6120742;863692;6120760;14,7029;55,0996;ÿstergade 44G;0;86;0;2880;2676
20;400;4950;44;H;863699;6120741;863696;6120760;14,703;55,0996;ÿstergade 44H;0;87;0;2880;2676
20;400;4950;44;K;863699;6120779;863689;6120777;14,703;55,0999;ÿstergade 44K;0;88;0;2880;2676
20;400;4950;44;L;863695;6120778;863689;6120777;14,703;55,0999;ÿstergade 44L;0;89;0;2880;2676
20;400;4950;48;B;863719;6120786;863718;6120797;14,7034;55,1;ÿstergade 48B;0;90;0;2880;2676
20;400;4950;48;A;863726;6120782;863725;6120797;14,7035;55,1;ÿstergade 48A;0;91;0;2880;2676
20;400;4950;58; ;863802;6120786;863803;6120794;14,7046;55,0999;ÿstergade 58;0;92;0;2880;2676
20;400;4950;60; ;863814;6120785;863815;6120793;14,7048;55,0999;ÿstergade 60;0;93;0;2880;2676
20;400;4950;62; ;863831;6120783;863832;6120791;14,7051;55,0999;ÿstergade 62;0;94;0;2880;2676
20;400;4950;62;A;863832;6120780;863826;6120791;14,7051;55,0999;ÿstergade 62A;0;95;0;2880;2676
20;400;4950;62;B;863829;6120772;863842;6120770;14,705;55,0998;ÿstergade 62B;0;96;0;2880;2676
20;400;4950;62;D;863828;6120764;863842;6120763;14,705;55,0997;ÿstergade 62D;0;97;0;2880;2676
20;400;4950;62;F;863835;6120763;863842;6120762;14,7051;55,0997;ÿstergade 62F;0;98;0;2880;2676
20;400;4950;62;E;863833;6120760;863842;6120759;14,7051;55,0997;ÿstergade 62E;0;99;0;2880;2676
20;400;4950;66; ;863856;6120775;863843;6120776;14,7055;55,0998;ÿstergade 66;0;100;0;2880;2676
20;400;4950;68; ;863872;6120773;863873;6120786;14,7057;55,0998;ÿstergade 68;0;101;0;2880;2676
20;400;4950;70; ;863888;6120771;863889;6120784;14,706;55,0997;ÿstergade 70;0;102;0;2880;2676
20;400;4950;46;A;863704;6120785;863702;6120795;14,7031;55,1;ÿstergade 46A;0;103;0;2880;2676
20;400;4950;42; ;863661;6120779;863659;6120788;14,7024;55,1;ÿstergade 42;0;104;0;2880;2676
20;400;3807;1; ;863650;6120760;863643;6120761;14,7022;55,0998;Slagtergade 1;1;105;0;2880;2676
20;400;4377;7; ;863591;6120741;863584;6120738;14,7013;55,0997;S¯ndergade 7;1;106;0;2880;2676
20;400;4950;34; ;863594;6120761;863590;6120770;14,7014;55,0999;ÿstergade 34;0;107;0;2880;2676
20;400;4950;36; ;863604;6120765;863601;6120773;14,7015;55,0999;ÿstergade 36;1;108;0;2880;2676
20;400;4950;40; ;863630;6120773;863628;6120782;14,7019;55,0999;ÿstergade 40;1;109;0;2880;2676
20;400;4950;29; ;863660;6120796;863661;6120788;14,7024;55,1001;ÿstergade 29;0;110;0;2880;2676
20;400;4950;25;B;863641;6120799;863643;6120785;14,7022;55,1002;ÿstergade 25B;0;111;0;2880;2676
20;400;4950;23; ;863615;6120789;863618;6120779;14,7017;55,1001;ÿstergade 23;1;112;0;2880;2676
20;400;4950;21; ;863597;6120782;863599;6120773;14,7014;55,1;ÿstergade 21;0;113;0;2880;2676
20;400;4251;5; ;863625;6120803;863618;6120796;14,7019;55,1002;Stumpegade 5;0;114;0;2880;2676
20;400;4251;3; ;863621;6120806;863615;6120798;14,7019;55,1003;Stumpegade 3;0;115;0;2880;2676
20;400;2370;18; ;863568;6120811;863562;6120821;14,701;55,1003;Lille Torv 18;1;116;0;2880;2676
20;400;2370;13; ;863595;6120825;863580;6120830;14,7015;55,1004;Lille Torv 13;1;117;0;2880;2676
20;400;2370;24; ;863597;6120804;863580;6120830;14,7015;55,1002;Lille Torv 24;0;118;0;2880;2676
20;400;2370;22; ;863587;6120810;863577;6120829;14,7013;55,1003;Lille Torv 22;0;119;0;2880;2676
20;400;2370;11; ;863590;6120834;863580;6120830;14,7014;55,1005;Lille Torv 11;1;120;0;2880;2676
20;400;2370;9; ;863581;6120846;863580;6120830;14,7013;55,1006;Lille Torv 9;1;121;0;2880;2676
20;400;2370;5;B;863565;6120871;863539;6120861;14,7011;55,1009;Lille Torv 5B;1;122;0;2880;2676
20;400;4272;2;A;863574;6120883;863568;6120888;14,7012;55,101;StÂlegade 2A;0;123;0;2880;2676
20;400;4272;2;B;863584;6120893;863578;6120898;14,7014;55,1011;StÂlegade 2B;1;124;0;2880;2676
20;400;4272;6; ;863607;6120915;863601;6120920;14,7018;55,1012;StÂlegade 6;0;125;0;2880;2676
20;400;4272;8; ;863621;6120929;863614;6120934;14,702;55,1013;StÂlegade 8;0;126;0;2880;2676
20;400;4272;10; ;863631;6120938;863624;6120944;14,7022;55,1014;StÂlegade 10;0;127;0;2880;2676
